[
  {
    "res": [
      {
        "Brigade": "1",
        "Time": "2017-05-14 07:36:13",
        "Lines": "1",
        "Lon": 20.9486,
        "Lat": 52.2918
      },
      {
        "Brigade": "1",
        "Time": "2017-05-14 07:36:23",
        "Lines": "1",
        "Lon": 20.9496,
        "Lat": 52.2908
      },
      {
        "Brigade": "1",
        "Time": "2017-05-14 07:36:34",
        "Lines": "1",
        "Lon": 20.9503,
        "Lat": 52.2901
      },
      {
        "Brigade": "1",
        "Time": "2017-05-14 07:36:44",
        "Lines": "1",
        "Lon": 20.9503,
        "Lat": 52.29
      },
      {
        "Brigade": "1",
        "Time": "2017-05-14 07:36:55",
        "Lines": "1",
        "Lon": 20.9506,
        "Lat": 52.2897
      },
      {
        "Brigade": "1",
        "Time": "2017-05-14 07:37:05",
        "Lines": "1",
        "Lon": 20.9513,
        "Lat": 52.2891
      },
      {
        "Brigade": "1",
        "Time": "2017-05-14 07:37:15",
        "Lines": "1",
        "Lon": 20.952,
        "Lat": 52.2883
      },
      {
        "Brigade": "1",
        "Time": "2017-05-14 07:37:26",
        "Lines": "1",
        "Lon": 20.9527,
        "Lat": 52.2876
      },
      {
        "Brigade": "1",
        "Time": "2017-05-14 07:37:36",
        "Lines": "1",
        "Lon": 20.9529,
        "Lat": 52.2874
      },
      {
        "Brigade": "1",
        "Time": "2017-05-14 07:37:52",
        "Lines": "1",
        "Lon": 20.9531,
        "Lat": 52.2871
      },
      {
        "Brigade": "1",
        "Time": "2017-05-14 07:38:03",
        "Lines": "1",
        "Lon": 20.9538,
        "Lat": 52.2864
      },
      {
        "Brigade": "1",
        "Time": "2017-05-14 07:38:13",
        "Lines": "1",
        "Lon": 20.9544,
        "Lat": 52.2857
      },
      {
        "Brigade": "1",
        "Time": "2017-05-14 07:38:24",
        "Lines": "1",
        "Lon": 20.9547,
        "Lat": 52.2853
      },
      {
        "Brigade": "1",
        "Time": "2017-05-14 07:38:35",
        "Lines": "1",
        "Lon": 20.955,
        "Lat": 52.2849
      },
      {
        "Brigade": "1",
        "Time": "2017-05-14 07:38:45",
        "Lines": "1",
        "Lon": 20.9553,
        "Lat": 52.2845
      },
      {
        "Brigade": "1",
        "Time": "2017-05-14 07:38:55",
        "Lines": "1",
        "Lon": 20.9557,
        "Lat": 52.2841
      },
      {
        "Brigade": "1",
        "Time": "2017-05-14 07:39:06",
        "Lines": "1",
        "Lon": 20.9563,
        "Lat": 52.2836
      },
      {
        "Brigade": "1",
        "Time": "2017-05-14 07:39:21",
        "Lines": "1",
        "Lon": 20.9565,
        "Lat": 52.2833
      },
      {
        "Brigade": "1",
        "Time": "2017-05-14 07:40:35",
        "Lines": "1",
        "Lon": 20.9593,
        "Lat": 52.2803
      },
      {
        "Brigade": "1",
        "Time": "2017-05-14 07:40:46",
        "Lines": "1",
        "Lon": 20.9598,
        "Lat": 52.2798
      },
      {
        "Brigade": "1",
        "Time": "2017-05-14 07:40:56",
        "Lines": "1",
        "Lon": 20.9607,
        "Lat": 52.2788
      },
      {
        "Brigade": "1",
        "Time": "2017-05-14 07:41:06",
        "Lines": "1",
        "Lon": 20.9616,
        "Lat": 52.2779
      },
      {
        "Brigade": "1",
        "Time": "2017-05-14 07:41:17",
        "Lines": "1",
        "Lon": 20.9624,
        "Lat": 52.277
      },
      {
        "Brigade": "1",
        "Time": "2017-05-14 07:41:32",
        "Lines": "1",
        "Lon": 20.9638,
        "Lat": 52.2757
      },
      {
        "Brigade": "1",
        "Time": "2017-05-14 07:41:43",
        "Lines": "1",
        "Lon": 20.9639,
        "Lat": 52.2756
      },
      {
        "Brigade": "1",
        "Time": "2017-05-14 07:41:53",
        "Lines": "1",
        "Lon": 20.9639,
        "Lat": 52.2756
      },
      {
        "Brigade": "1",
        "Time": "2017-05-14 07:42:05",
        "Lines": "1",
        "Lon": 20.9639,
        "Lat": 52.2756
      },
      {
        "Brigade": "1",
        "Time": "2017-05-14 07:42:14",
        "Lines": "1",
        "Lon": 20.9643,
        "Lat": 52.2754
      },
      {
        "Brigade": "1",
        "Time": "2017-05-14 07:42:25",
        "Lines": "1",
        "Lon": 20.9653,
        "Lat": 52.2745
      },
      {
        "Brigade": "1",
        "Time": "2017-05-14 07:42:35",
        "Lines": "1",
        "Lon": 20.9661,
        "Lat": 52.2741
      },
      {
        "Brigade": "1",
        "Time": "2017-05-14 07:42:47",
        "Lines": "1",
        "Lon": 20.9669,
        "Lat": 52.2737
      },
      {
        "Brigade": "1",
        "Time": "2017-05-14 07:42:56",
        "Lines": "1",
        "Lon": 20.9673,
        "Lat": 52.2735
      },
      {
        "Brigade": "1",
        "Time": "2017-05-14 07:43:12",
        "Lines": "1",
        "Lon": 20.9675,
        "Lat": 52.2734
      },
      {
        "Brigade": "1",
        "Time": "2017-05-14 07:43:23",
        "Lines": "1",
        "Lon": 20.9683,
        "Lat": 52.2731
      },
      {
        "Brigade": "1",
        "Time": "2017-05-14 07:43:33",
        "Lines": "1",
        "Lon": 20.9692,
        "Lat": 52.2728
      },
      {
        "Brigade": "1",
        "Time": "2017-05-14 07:43:44",
        "Lines": "1",
        "Lon": 20.9704,
        "Lat": 52.2724
      },
      {
        "Brigade": "1",
        "Time": "2017-05-14 07:43:54",
        "Lines": "1",
        "Lon": 20.9714,
        "Lat": 52.2722
      },
      {
        "Brigade": "1",
        "Time": "2017-05-14 07:44:04",
        "Lines": "1",
        "Lon": 20.9721,
        "Lat": 52.2721
      },
      {
        "Brigade": "1",
        "Time": "2017-05-14 07:44:15",
        "Lines": "1",
        "Lon": 20.9729,
        "Lat": 52.2719
      },
      {
        "Brigade": "1",
        "Time": "2017-05-14 07:44:26",
        "Lines": "1",
        "Lon": 20.9733,
        "Lat": 52.2718
      },
      {
        "Brigade": "1",
        "Time": "2017-05-14 07:44:41",
        "Lines": "1",
        "Lon": 20.9733,
        "Lat": 52.2718
      },
      {
        "Brigade": "1",
        "Time": "2017-05-14 07:44:52",
        "Lines": "1",
        "Lon": 20.9733,
        "Lat": 52.2718
      },
      {
        "Brigade": "1",
        "Time": "2017-05-14 07:45:02",
        "Lines": "1",
        "Lon": 20.9735,
        "Lat": 52.2717
      },
      {
        "Brigade": "1",
        "Time": "2017-05-14 07:45:13",
        "Lines": "1",
        "Lon": 20.9739,
        "Lat": 52.2712
      },
      {
        "Brigade": "1",
        "Time": "2017-05-14 07:45:23",
        "Lines": "1",
        "Lon": 20.9745,
        "Lat": 52.2703
      },
      {
        "Brigade": "1",
        "Time": "2017-05-14 07:45:34",
        "Lines": "1",
        "Lon": 20.9754,
        "Lat": 52.269
      },
      {
        "Brigade": "1",
        "Time": "2017-05-14 07:45:45",
        "Lines": "1",
        "Lon": 20.9762,
        "Lat": 52.2677
      },
      {
        "Brigade": "1",
        "Time": "2017-05-14 07:45:55",
        "Lines": "1",
        "Lon": 20.9768,
        "Lat": 52.2668
      },
      {
        "Brigade": "1",
        "Time": "2017-05-14 07:46:05",
        "Lines": "1",
        "Lon": 20.9769,
        "Lat": 52.2667
      },
      {
        "Brigade": "1",
        "Time": "2017-05-14 07:46:16",
        "Lines": "1",
        "Lon": 20.9769,
        "Lat": 52.2667
      },
      {
        "Brigade": "1",
        "Time": "2017-05-14 07:46:31",
        "Lines": "1",
        "Lon": 20.9769,
        "Lat": 52.2667
      },
      {
        "Brigade": "1",
        "Time": "2017-05-14 07:46:42",
        "Lines": "1",
        "Lon": 20.9769,
        "Lat": 52.2667
      },
      {
        "Brigade": "1",
        "Time": "2017-05-14 07:46:52",
        "Lines": "1",
        "Lon": 20.9769,
        "Lat": 52.2667
      },
      {
        "Brigade": "1",
        "Time": "2017-05-14 07:47:03",
        "Lines": "1",
        "Lon": 20.9771,
        "Lat": 52.2664
      },
      {
        "Brigade": "1",
        "Time": "2017-05-14 07:47:15",
        "Lines": "1",
        "Lon": 20.9778,
        "Lat": 52.2654
      },
      {
        "Brigade": "1",
        "Time": "2017-05-14 07:47:24",
        "Lines": "1",
        "Lon": 20.9787,
        "Lat": 52.264
      },
      {
        "Brigade": "1",
        "Time": "2017-05-14 07:47:35",
        "Lines": "1",
        "Lon": 20.9793,
        "Lat": 52.263
      },
      {
        "Brigade": "1",
        "Time": "2017-05-14 07:47:45",
        "Lines": "1",
        "Lon": 20.9795,
        "Lat": 52.2628
      },
      {
        "Brigade": "1",
        "Time": "2017-05-14 07:47:56",
        "Lines": "1",
        "Lon": 20.9796,
        "Lat": 52.2626
      },
      {
        "Brigade": "1",
        "Time": "2017-05-14 07:48:11",
        "Lines": "1",
        "Lon": 20.9803,
        "Lat": 52.2616
      },
      {
        "Brigade": "1",
        "Time": "2017-05-14 07:48:22",
        "Lines": "1",
        "Lon": 20.9807,
        "Lat": 52.2608
      },
      {
        "Brigade": "1",
        "Time": "2017-05-14 07:48:32",
        "Lines": "1",
        "Lon": 20.9809,
        "Lat": 52.2597
      },
      {
        "Brigade": "1",
        "Time": "2017-05-14 07:48:42",
        "Lines": "1",
        "Lon": 20.9812,
        "Lat": 52.2582
      },
      {
        "Brigade": "1",
        "Time": "2017-05-14 07:48:54",
        "Lines": "1",
        "Lon": 20.9816,
        "Lat": 52.2568
      },
      {
        "Brigade": "1",
        "Time": "2017-05-14 07:49:05",
        "Lines": "1",
        "Lon": 20.982,
        "Lat": 52.2557
      },
      {
        "Brigade": "1",
        "Time": "2017-05-14 07:49:14",
        "Lines": "1",
        "Lon": 20.9821,
        "Lat": 52.2554
      },
      {
        "Brigade": "1",
        "Time": "2017-05-14 07:49:24",
        "Lines": "1",
        "Lon": 20.9821,
        "Lat": 52.2554
      },
      {
        "Brigade": "1",
        "Time": "2017-05-14 07:49:35",
        "Lines": "1",
        "Lon": 20.9821,
        "Lat": 52.2554
      },
      {
        "Brigade": "1",
        "Time": "2017-05-14 07:49:45",
        "Lines": "1",
        "Lon": 20.9821,
        "Lat": 52.2554
      },
      {
        "Brigade": "1",
        "Time": "2017-05-14 07:49:56",
        "Lines": "1",
        "Lon": 20.9823,
        "Lat": 52.255
      },
      {
        "Brigade": "1",
        "Time": "2017-05-14 07:50:12",
        "Lines": "1",
        "Lon": 20.9819,
        "Lat": 52.2545
      },
      {
        "Brigade": "1",
        "Time": "2017-05-14 07:50:22",
        "Lines": "1",
        "Lon": 20.9819,
        "Lat": 52.2544
      },
      {
        "Brigade": "1",
        "Time": "2017-05-14 07:50:33",
        "Lines": "1",
        "Lon": 20.9819,
        "Lat": 52.2544
      },
      {
        "Brigade": "1",
        "Time": "2017-05-14 07:50:43",
        "Lines": "1",
        "Lon": 20.9817,
        "Lat": 52.2542
      },
      {
        "Brigade": "1",
        "Time": "2017-05-14 07:50:54",
        "Lines": "1",
        "Lon": 20.9814,
        "Lat": 52.2535
      },
      {
        "Brigade": "1",
        "Time": "2017-05-14 07:51:04",
        "Lines": "1",
        "Lon": 20.9814,
        "Lat": 52.2535
      },
      {
        "Brigade": "1",
        "Time": "2017-05-14 07:51:14",
        "Lines": "1",
        "Lon": 20.9813,
        "Lat": 52.2535
      },
      {
        "Brigade": "1",
        "Time": "2017-05-14 07:51:26",
        "Lines": "1",
        "Lon": 20.9809,
        "Lat": 52.2526
      },
      {
        "Brigade": "1",
        "Time": "2017-05-14 07:51:41",
        "Lines": "1",
        "Lon": 20.98,
        "Lat": 52.2509
      },
      {
        "Brigade": "1",
        "Time": "2017-05-14 07:51:51",
        "Lines": "1",
        "Lon": 20.9799,
        "Lat": 52.2505
      },
      {
        "Brigade": "1",
        "Time": "2017-05-14 07:52:02",
        "Lines": "1",
        "Lon": 20.9798,
        "Lat": 52.2503
      },
      {
        "Brigade": "1",
        "Time": "2017-05-14 07:52:12",
        "Lines": "1",
        "Lon": 20.9794,
        "Lat": 52.2494
      },
      {
        "Brigade": "1",
        "Time": "2017-05-14 07:52:23",
        "Lines": "1",
        "Lon": 20.9792,
        "Lat": 52.2488
      },
      {
        "Brigade": "1",
        "Time": "2017-05-14 07:52:34",
        "Lines": "1",
        "Lon": 20.9791,
        "Lat": 52.2487
      },
      {
        "Brigade": "1",
        "Time": "2017-05-14 07:52:44",
        "Lines": "1",
        "Lon": 20.9791,
        "Lat": 52.2487
      },
      {
        "Brigade": "1",
        "Time": "2017-05-14 07:52:54",
        "Lines": "1",
        "Lon": 20.979,
        "Lat": 52.2482
      },
      {
        "Brigade": "1",
        "Time": "2017-05-14 07:53:05",
        "Lines": "1",
        "Lon": 20.978,
        "Lat": 52.247
      },
      {
        "Brigade": "1",
        "Time": "2017-05-14 07:53:20",
        "Lines": "1",
        "Lon": 20.977,
        "Lat": 52.2454
      },
      {
        "Brigade": "1",
        "Time": "2017-05-14 07:53:31",
        "Lines": "1",
        "Lon": 20.9772,
        "Lat": 52.2445
      },
      {
        "Brigade": "1",
        "Time": "2017-05-14 07:53:41",
        "Lines": "1",
        "Lon": 20.9772,
        "Lat": 52.2444
      },
      {
        "Brigade": "1",
        "Time": "2017-05-14 07:53:53",
        "Lines": "1",
        "Lon": 20.9772,
        "Lat": 52.2444
      },
      {
        "Brigade": "1",
        "Time": "2017-05-14 07:54:02",
        "Lines": "1",
        "Lon": 20.9772,
        "Lat": 52.2444
      },
      {
        "Brigade": "1",
        "Time": "2017-05-14 07:54:13",
        "Lines": "1",
        "Lon": 20.9772,
        "Lat": 52.2444
      },
      {
        "Brigade": "1",
        "Time": "2017-05-14 07:54:23",
        "Lines": "1",
        "Lon": 20.9772,
        "Lat": 52.2444
      },
      {
        "Brigade": "1",
        "Time": "2017-05-14 07:54:34",
        "Lines": "1",
        "Lon": 20.9773,
        "Lat": 52.244
      },
      {
        "Brigade": "1",
        "Time": "2017-05-14 07:54:44",
        "Lines": "1",
        "Lon": 20.9777,
        "Lat": 52.2429
      },
      {
        "Brigade": "1",
        "Time": "2017-05-14 07:54:55",
        "Lines": "1",
        "Lon": 20.9779,
        "Lat": 52.2418
      },
      {
        "Brigade": "1",
        "Time": "2017-05-14 07:55:11",
        "Lines": "1",
        "Lon": 20.9776,
        "Lat": 52.2403
      },
      {
        "Brigade": "1",
        "Time": "2017-05-14 07:55:21",
        "Lines": "1",
        "Lon": 20.9776,
        "Lat": 52.2398
      },
      {
        "Brigade": "1",
        "Time": "2017-05-14 07:55:33",
        "Lines": "1",
        "Lon": 20.9776,
        "Lat": 52.2398
      },
      {
        "Brigade": "1",
        "Time": "2017-05-14 07:55:42",
        "Lines": "1",
        "Lon": 20.9777,
        "Lat": 52.2394
      },
      {
        "Brigade": "1",
        "Time": "2017-05-14 07:55:53",
        "Lines": "1",
        "Lon": 20.9782,
        "Lat": 52.2387
      },
      {
        "Brigade": "1",
        "Time": "2017-05-14 07:56:03",
        "Lines": "1",
        "Lon": 20.9784,
        "Lat": 52.2384
      },
      {
        "Brigade": "1",
        "Time": "2017-05-14 07:56:13",
        "Lines": "1",
        "Lon": 20.9788,
        "Lat": 52.238
      },
      {
        "Brigade": "1",
        "Time": "2017-05-14 07:56:24",
        "Lines": "1",
        "Lon": 20.9793,
        "Lat": 52.2376
      },
      {
        "Brigade": "1",
        "Time": "2017-05-14 07:56:40",
        "Lines": "1",
        "Lon": 20.9798,
        "Lat": 52.2372
      },
      {
        "Brigade": "1",
        "Time": "2017-05-14 07:56:45",
        "Lines": "1",
        "Lon": 20.9798,
        "Lat": 52.2372
      },
      {
        "Brigade": "1",
        "Time": "2017-05-14 07:56:55",
        "Lines": "1",
        "Lon": 20.9798,
        "Lat": 52.2372
      },
      {
        "Brigade": "1",
        "Time": "2017-05-14 07:57:11",
        "Lines": "1",
        "Lon": 20.9798,
        "Lat": 52.2372
      },
      {
        "Brigade": "1",
        "Time": "2017-05-14 07:57:22",
        "Lines": "1",
        "Lon": 20.9798,
        "Lat": 52.2372
      },
      {
        "Brigade": "1",
        "Time": "2017-05-14 07:57:32",
        "Lines": "1",
        "Lon": 20.9799,
        "Lat": 52.2372
      },
      {
        "Brigade": "1",
        "Time": "2017-05-14 07:57:43",
        "Lines": "1",
        "Lon": 20.9802,
        "Lat": 52.2368
      },
      {
        "Brigade": "1",
        "Time": "2017-05-14 07:57:53",
        "Lines": "1",
        "Lon": 20.9804,
        "Lat": 52.2363
      },
      {
        "Brigade": "1",
        "Time": "2017-05-14 07:58:04",
        "Lines": "1",
        "Lon": 20.9805,
        "Lat": 52.236
      },
      {
        "Brigade": "1",
        "Time": "2017-05-14 07:58:14",
        "Lines": "1",
        "Lon": 20.9805,
        "Lat": 52.236
      },
      {
        "Brigade": "1",
        "Time": "2017-05-14 07:58:25",
        "Lines": "1",
        "Lon": 20.9805,
        "Lat": 52.2358
      },
      {
        "Brigade": "1",
        "Time": "2017-05-14 07:58:35",
        "Lines": "1",
        "Lon": 20.981,
        "Lat": 52.2349
      },
      {
        "Brigade": "1",
        "Time": "2017-05-14 07:58:51",
        "Lines": "1",
        "Lon": 20.9819,
        "Lat": 52.2337
      },
      {
        "Brigade": "1",
        "Time": "2017-05-14 07:59:02",
        "Lines": "1",
        "Lon": 20.982,
        "Lat": 52.2334
      },
      {
        "Brigade": "1",
        "Time": "2017-05-14 07:59:12",
        "Lines": "1",
        "Lon": 20.982,
        "Lat": 52.2334
      },
      {
        "Brigade": "1",
        "Time": "2017-05-14 07:59:22",
        "Lines": "1",
        "Lon": 20.982,
        "Lat": 52.2334
      },
      {
        "Brigade": "1",
        "Time": "2017-05-14 07:59:33",
        "Lines": "1",
        "Lon": 20.982,
        "Lat": 52.2334
      },
      {
        "Brigade": "1",
        "Time": "2017-05-14 07:59:43",
        "Lines": "1",
        "Lon": 20.982,
        "Lat": 52.2334
      },
      {
        "Brigade": "1",
        "Time": "2017-05-14 07:59:54",
        "Lines": "1",
        "Lon": 20.982,
        "Lat": 52.2334
      },
      {
        "Brigade": "1",
        "Time": "2017-05-14 08:00:04",
        "Lines": "1",
        "Lon": 20.9821,
        "Lat": 52.2333
      },
      {
        "Brigade": "1",
        "Time": "2017-05-14 08:00:15",
        "Lines": "1",
        "Lon": 20.9828,
        "Lat": 52.2321
      },
      {
        "Brigade": "1",
        "Time": "2017-05-14 08:00:25",
        "Lines": "1",
        "Lon": 20.9837,
        "Lat": 52.2311
      },
      {
        "Brigade": "1",
        "Time": "2017-05-14 08:00:36",
        "Lines": "1",
        "Lon": 20.984,
        "Lat": 52.2308
      },
      {
        "Brigade": "1",
        "Time": "2017-05-14 08:00:51",
        "Lines": "1",
        "Lon": 20.984,
        "Lat": 52.2308
      },
      {
        "Brigade": "1",
        "Time": "2017-05-14 08:01:02",
        "Lines": "1",
        "Lon": 20.984,
        "Lat": 52.2308
      },
      {
        "Brigade": "1",
        "Time": "2017-05-14 08:01:12",
        "Lines": "1",
        "Lon": 20.984,
        "Lat": 52.2308
      },
      {
        "Brigade": "1",
        "Time": "2017-05-14 08:01:23",
        "Lines": "1",
        "Lon": 20.984,
        "Lat": 52.2308
      },
      {
        "Brigade": "1",
        "Time": "2017-05-14 08:01:33",
        "Lines": "1",
        "Lon": 20.9841,
        "Lat": 52.2307
      },
      {
        "Brigade": "1",
        "Time": "2017-05-14 08:01:44",
        "Lines": "1",
        "Lon": 20.9845,
        "Lat": 52.2302
      },
      {
        "Brigade": "1",
        "Time": "2017-05-14 08:01:54",
        "Lines": "1",
        "Lon": 20.985,
        "Lat": 52.2297
      },
      {
        "Brigade": "1",
        "Time": "2017-05-14 08:02:05",
        "Lines": "1",
        "Lon": 20.986,
        "Lat": 52.2285
      },
      {
        "Brigade": "1",
        "Time": "2017-05-14 08:02:15",
        "Lines": "1",
        "Lon": 20.9871,
        "Lat": 52.2272
      },
      {
        "Brigade": "1",
        "Time": "2017-05-14 08:02:26",
        "Lines": "1",
        "Lon": 20.9881,
        "Lat": 52.226
      },
      {
        "Brigade": "1",
        "Time": "2017-05-14 08:02:42",
        "Lines": "1",
        "Lon": 20.9885,
        "Lat": 52.2255
      },
      {
        "Brigade": "1",
        "Time": "2017-05-14 08:02:52",
        "Lines": "1",
        "Lon": 20.9885,
        "Lat": 52.2255
      },
      {
        "Brigade": "1",
        "Time": "2017-05-14 08:03:02",
        "Lines": "1",
        "Lon": 20.9887,
        "Lat": 52.2252
      },
      {
        "Brigade": "1",
        "Time": "2017-05-14 08:03:14",
        "Lines": "1",
        "Lon": 20.9887,
        "Lat": 52.2252
      },
      {
        "Brigade": "1",
        "Time": "2017-05-14 08:03:24",
        "Lines": "1",
        "Lon": 20.9889,
        "Lat": 52.2249
      },
      {
        "Brigade": "1",
        "Time": "2017-05-14 08:03:34",
        "Lines": "1",
        "Lon": 20.9888,
        "Lat": 52.2247
      },
      {
        "Brigade": "1",
        "Time": "2017-05-14 08:03:44",
        "Lines": "1",
        "Lon": 20.9888,
        "Lat": 52.2247
      },
      {
        "Brigade": "1",
        "Time": "2017-05-14 08:03:55",
        "Lines": "1",
        "Lon": 20.9888,
        "Lat": 52.2247
      },
      {
        "Brigade": "1",
        "Time": "2017-05-14 08:04:05",
        "Lines": "1",
        "Lon": 20.9886,
        "Lat": 52.2245
      },
      {
        "Brigade": "1",
        "Time": "2017-05-14 08:04:21",
        "Lines": "1",
        "Lon": 20.9875,
        "Lat": 52.2236
      },
      {
        "Brigade": "1",
        "Time": "2017-05-14 08:04:32",
        "Lines": "1",
        "Lon": 20.9868,
        "Lat": 52.2228
      },
      {
        "Brigade": "1",
        "Time": "2017-05-14 08:04:42",
        "Lines": "1",
        "Lon": 20.9868,
        "Lat": 52.2227
      },
      {
        "Brigade": "1",
        "Time": "2017-05-14 08:04:53",
        "Lines": "1",
        "Lon": 20.9868,
        "Lat": 52.2227
      },
      {
        "Brigade": "1",
        "Time": "2017-05-14 08:05:03",
        "Lines": "1",
        "Lon": 20.9868,
        "Lat": 52.2227
      },
      {
        "Brigade": "1",
        "Time": "2017-05-14 08:05:14",
        "Lines": "1",
        "Lon": 20.9868,
        "Lat": 52.2227
      },
      {
        "Brigade": "1",
        "Time": "2017-05-14 08:05:24",
        "Lines": "1",
        "Lon": 20.9868,
        "Lat": 52.2227
      },
      {
        "Brigade": "1",
        "Time": "2017-05-14 08:05:35",
        "Lines": "1",
        "Lon": 20.9868,
        "Lat": 52.2227
      },
      {
        "Brigade": "1",
        "Time": "2017-05-14 08:05:45",
        "Lines": "1",
        "Lon": 20.9868,
        "Lat": 52.2227
      },
      {
        "Brigade": "1",
        "Time": "2017-05-14 08:05:56",
        "Lines": "1",
        "Lon": 20.9866,
        "Lat": 52.2226
      },
      {
        "Brigade": "1",
        "Time": "2017-05-14 08:06:06",
        "Lines": "1",
        "Lon": 20.9857,
        "Lat": 52.2216
      },
      {
        "Brigade": "1",
        "Time": "2017-05-14 08:06:17",
        "Lines": "1",
        "Lon": 20.9847,
        "Lat": 52.2204
      },
      {
        "Brigade": "1",
        "Time": "2017-05-14 08:06:27",
        "Lines": "1",
        "Lon": 20.9842,
        "Lat": 52.2199
      },
      {
        "Brigade": "1",
        "Time": "2017-05-14 08:06:38",
        "Lines": "1",
        "Lon": 20.9839,
        "Lat": 52.2195
      },
      {
        "Brigade": "1",
        "Time": "2017-05-14 08:06:53",
        "Lines": "1",
        "Lon": 20.9835,
        "Lat": 52.219
      },
      {
        "Brigade": "1",
        "Time": "2017-05-14 08:06:58",
        "Lines": "1",
        "Lon": 20.9834,
        "Lat": 52.2189
      },
      {
        "Brigade": "1",
        "Time": "2017-05-14 08:07:14",
        "Lines": "1",
        "Lon": 20.9834,
        "Lat": 52.2189
      },
      {
        "Brigade": "1",
        "Time": "2017-05-14 08:07:25",
        "Lines": "1",
        "Lon": 20.9834,
        "Lat": 52.2189
      },
      {
        "Brigade": "1",
        "Time": "2017-05-14 08:07:35",
        "Lines": "1",
        "Lon": 20.9834,
        "Lat": 52.2189
      },
      {
        "Brigade": "1",
        "Time": "2017-05-14 08:07:46",
        "Lines": "1",
        "Lon": 20.9834,
        "Lat": 52.2189
      },
      {
        "Brigade": "1",
        "Time": "2017-05-14 08:07:56",
        "Lines": "1",
        "Lon": 20.9834,
        "Lat": 52.2189
      },
      {
        "Brigade": "1",
        "Time": "2017-05-14 08:08:12",
        "Lines": "1",
        "Lon": 20.9823,
        "Lat": 52.2177
      },
      {
        "Brigade": "1",
        "Time": "2017-05-14 08:08:22",
        "Lines": "1",
        "Lon": 20.9814,
        "Lat": 52.2167
      },
      {
        "Brigade": "1",
        "Time": "2017-05-14 08:08:33",
        "Lines": "1",
        "Lon": 20.9813,
        "Lat": 52.2166
      },
      {
        "Brigade": "1",
        "Time": "2017-05-14 08:08:43",
        "Lines": "1",
        "Lon": 20.9812,
        "Lat": 52.2165
      },
      {
        "Brigade": "1",
        "Time": "2017-05-14 08:08:54",
        "Lines": "1",
        "Lon": 20.9804,
        "Lat": 52.2156
      },
      {
        "Brigade": "1",
        "Time": "2017-05-14 08:09:04",
        "Lines": "1",
        "Lon": 20.9797,
        "Lat": 52.2147
      },
      {
        "Brigade": "1",
        "Time": "2017-05-14 08:09:15",
        "Lines": "1",
        "Lon": 20.9796,
        "Lat": 52.2146
      },
      {
        "Brigade": "1",
        "Time": "2017-05-14 08:09:25",
        "Lines": "1",
        "Lon": 20.9796,
        "Lat": 52.2146
      },
      {
        "Brigade": "1",
        "Time": "2017-05-14 08:09:36",
        "Lines": "1",
        "Lon": 20.9796,
        "Lat": 52.2146
      },
      {
        "Brigade": "1",
        "Time": "2017-05-14 08:09:46",
        "Lines": "1",
        "Lon": 20.9796,
        "Lat": 52.2146
      },
      {
        "Brigade": "1",
        "Time": "2017-05-14 08:09:57",
        "Lines": "1",
        "Lon": 20.9796,
        "Lat": 52.2146
      },
      {
        "Brigade": "1",
        "Time": "2017-05-14 08:10:13",
        "Lines": "1",
        "Lon": 20.9787,
        "Lat": 52.2136
      },
      {
        "Brigade": "1",
        "Time": "2017-05-14 08:10:18",
        "Lines": "1",
        "Lon": 20.9784,
        "Lat": 52.2133
      },
      {
        "Brigade": "1",
        "Time": "2017-05-14 08:10:34",
        "Lines": "1",
        "Lon": 20.9776,
        "Lat": 52.2123
      },
      {
        "Brigade": "1",
        "Time": "2017-05-14 08:10:44",
        "Lines": "1",
        "Lon": 20.9773,
        "Lat": 52.2119
      },
      {
        "Brigade": "1",
        "Time": "2017-05-14 08:10:54",
        "Lines": "1",
        "Lon": 20.977,
        "Lat": 52.2116
      },
      {
        "Brigade": "1",
        "Time": "2017-05-14 08:11:05",
        "Lines": "1",
        "Lon": 20.9769,
        "Lat": 52.2115
      },
      {
        "Brigade": "1",
        "Time": "2017-05-14 08:11:15",
        "Lines": "1",
        "Lon": 20.9769,
        "Lat": 52.2115
      },
      {
        "Brigade": "1",
        "Time": "2017-05-14 08:11:26",
        "Lines": "1",
        "Lon": 20.9769,
        "Lat": 52.2115
      },
      {
        "Brigade": "1",
        "Time": "2017-05-14 08:11:42",
        "Lines": "1",
        "Lon": 20.9769,
        "Lat": 52.2115
      },
      {
        "Brigade": "1",
        "Time": "2017-05-14 08:11:52",
        "Lines": "1",
        "Lon": 20.9769,
        "Lat": 52.2115
      },
      {
        "Brigade": "1",
        "Time": "2017-05-14 08:12:03",
        "Lines": "1",
        "Lon": 20.9768,
        "Lat": 52.2114
      },
      {
        "Brigade": "1",
        "Time": "2017-05-14 08:12:13",
        "Lines": "1",
        "Lon": 20.9767,
        "Lat": 52.2112
      },
      {
        "Brigade": "1",
        "Time": "2017-05-14 08:12:24",
        "Lines": "1",
        "Lon": 20.9771,
        "Lat": 52.2109
      },
      {
        "Brigade": "1",
        "Time": "2017-05-14 08:12:35",
        "Lines": "1",
        "Lon": 20.9778,
        "Lat": 52.2107
      },
      {
        "Brigade": "1",
        "Time": "2017-05-14 08:12:45",
        "Lines": "1",
        "Lon": 20.9779,
        "Lat": 52.2106
      },
      {
        "Brigade": "1",
        "Time": "2017-05-14 08:12:55",
        "Lines": "1",
        "Lon": 20.9779,
        "Lat": 52.2106
      },
      {
        "Brigade": "1",
        "Time": "2017-05-14 08:13:06",
        "Lines": "1",
        "Lon": 20.9779,
        "Lat": 52.2106
      },
      {
        "Brigade": "1",
        "Time": "2017-05-14 08:13:16",
        "Lines": "1",
        "Lon": 20.9779,
        "Lat": 52.2106
      },
      {
        "Brigade": "1",
        "Time": "2017-05-14 08:13:27",
        "Lines": "1",
        "Lon": 20.9779,
        "Lat": 52.2106
      },
      {
        "Brigade": "1",
        "Time": "2017-05-14 08:13:42",
        "Lines": "1",
        "Lon": 20.978,
        "Lat": 52.2106
      },
      {
        "Brigade": "1",
        "Time": "2017-05-14 08:13:53",
        "Lines": "1",
        "Lon": 20.9794,
        "Lat": 52.2104
      },
      {
        "Brigade": "1",
        "Time": "2017-05-14 08:14:03",
        "Lines": "1",
        "Lon": 20.9805,
        "Lat": 52.2104
      },
      {
        "Brigade": "1",
        "Time": "2017-05-14 08:14:14",
        "Lines": "1",
        "Lon": 20.9809,
        "Lat": 52.21
      },
      {
        "Brigade": "1",
        "Time": "2017-05-14 08:14:25",
        "Lines": "1",
        "Lon": 20.9812,
        "Lat": 52.2098
      },
      {
        "Brigade": "1",
        "Time": "2017-05-14 08:14:35",
        "Lines": "1",
        "Lon": 20.9816,
        "Lat": 52.2098
      },
      {
        "Brigade": "1",
        "Time": "2017-05-14 08:14:45",
        "Lines": "1",
        "Lon": 20.9816,
        "Lat": 52.2098
      },
      {
        "Brigade": "1",
        "Time": "2017-05-14 08:14:56",
        "Lines": "1",
        "Lon": 20.9816,
        "Lat": 52.2098
      },
      {
        "Brigade": "1",
        "Time": "2017-05-14 08:15:11",
        "Lines": "1",
        "Lon": 20.9816,
        "Lat": 52.2098
      },
      {
        "Brigade": "1",
        "Time": "2017-05-14 08:15:22",
        "Lines": "1",
        "Lon": 20.9816,
        "Lat": 52.2098
      },
      {
        "Brigade": "1",
        "Time": "2017-05-14 08:15:32",
        "Lines": "1",
        "Lon": 20.9816,
        "Lat": 52.2098
      },
      {
        "Brigade": "1",
        "Time": "2017-05-14 08:15:43",
        "Lines": "1",
        "Lon": 20.9816,
        "Lat": 52.2098
      },
      {
        "Brigade": "1",
        "Time": "2017-05-14 08:15:53",
        "Lines": "1",
        "Lon": 20.9816,
        "Lat": 52.2098
      },
      {
        "Brigade": "1",
        "Time": "2017-05-14 08:16:05",
        "Lines": "1",
        "Lon": 20.9816,
        "Lat": 52.2098
      },
      {
        "Brigade": "1",
        "Time": "2017-05-14 08:16:14",
        "Lines": "1",
        "Lon": 20.9816,
        "Lat": 52.2098
      },
      {
        "Brigade": "1",
        "Time": "2017-05-14 08:16:25",
        "Lines": "1",
        "Lon": 20.9816,
        "Lat": 52.2098
      },
      {
        "Brigade": "1",
        "Time": "2017-05-14 08:16:35",
        "Lines": "1",
        "Lon": 20.9816,
        "Lat": 52.2098
      },
      {
        "Brigade": "1",
        "Time": "2017-05-14 08:16:47",
        "Lines": "1",
        "Lon": 20.9816,
        "Lat": 52.2098
      },
      {
        "Brigade": "1",
        "Time": "2017-05-14 08:16:56",
        "Lines": "1",
        "Lon": 20.9816,
        "Lat": 52.2098
      },
      {
        "Brigade": "1",
        "Time": "2017-05-14 08:17:12",
        "Lines": "1",
        "Lon": 20.9816,
        "Lat": 52.2098
      },
      {
        "Brigade": "1",
        "Time": "2017-05-14 08:17:23",
        "Lines": "1",
        "Lon": 20.9816,
        "Lat": 52.2098
      },
      {
        "Brigade": "1",
        "Time": "2017-05-14 08:17:33",
        "Lines": "1",
        "Lon": 20.9816,
        "Lat": 52.2098
      },
      {
        "Brigade": "1",
        "Time": "2017-05-14 08:17:44",
        "Lines": "1",
        "Lon": 20.9816,
        "Lat": 52.2098
      }
    ]
  }
]
