[
  {
    "res": [
      {
        "Brigade": "7",
        "Time": "2017-05-14 08:10:50",
        "Lines": "1",
        "Lon": 20.9365,
        "Lat": 52.3
      },
      {
        "Brigade": "7",
        "Time": "2017-05-14 08:11:11",
        "Lines": "1",
        "Lon": 20.939,
        "Lat": 52.3013
      },
      {
        "Brigade": "7",
        "Time": "2017-05-14 08:11:32",
        "Lines": "1",
        "Lon": 20.9404,
        "Lat": 52.3015
      },
      {
        "Brigade": "7",
        "Time": "2017-05-14 08:11:53",
        "Lines": "1",
        "Lon": 20.9409,
        "Lat": 52.3003
      },
      {
        "Brigade": "7",
        "Time": "2017-05-14 08:12:14",
        "Lines": "1",
        "Lon": 20.9426,
        "Lat": 52.2981
      },
      {
        "Brigade": "7",
        "Time": "2017-05-14 08:12:40",
        "Lines": "1",
        "Lon": 20.9429,
        "Lat": 52.2979
      },
      {
        "Brigade": "7",
        "Time": "2017-05-14 08:15:33",
        "Lines": "1",
        "Lon": 20.9498,
        "Lat": 52.2906
      },
      {
        "Brigade": "7",
        "Time": "2017-05-14 08:15:43",
        "Lines": "1",
        "Lon": 20.9529,
        "Lat": 52.2873
      },
      {
        "Brigade": "7",
        "Time": "2017-05-14 08:16:04",
        "Lines": "1",
        "Lon": 20.9542,
        "Lat": 52.286
      },
      {
        "Brigade": "7",
        "Time": "2017-05-14 08:16:25",
        "Lines": "1",
        "Lon": 20.9549,
        "Lat": 52.2851
      },
      {
        "Brigade": "7",
        "Time": "2017-05-14 08:16:46",
        "Lines": "1",
        "Lon": 20.9557,
        "Lat": 52.2841
      },
      {
        "Brigade": "7",
        "Time": "2017-05-14 08:17:07",
        "Lines": "1",
        "Lon": 20.9565,
        "Lat": 52.2832
      },
      {
        "Brigade": "7",
        "Time": "2017-05-14 08:17:28",
        "Lines": "1",
        "Lon": 20.957,
        "Lat": 52.2828
      }
    ]
  }
]
