[
  {
    "res": [
      {
        "Brigade": "12",
        "Time": "2017-05-14 05:18:44",
        "Lines": "17",
        "Lon": 21.0013,
        "Lat": 52.1988
      },
      {
        "Brigade": "12",
        "Time": "2017-05-14 05:18:55",
        "Lines": "17",
        "Lon": 21.0012,
        "Lat": 52.1992
      },
      {
        "Brigade": "12",
        "Time": "2017-05-14 05:19:05",
        "Lines": "17",
        "Lon": 21.0008,
        "Lat": 52.2006
      },
      {
        "Brigade": "12",
        "Time": "2017-05-14 05:19:15",
        "Lines": "17",
        "Lon": 21.0004,
        "Lat": 52.2021
      },
      {
        "Brigade": "12",
        "Time": "2017-05-14 05:19:31",
        "Lines": "17",
        "Lon": 21.0003,
        "Lat": 52.2025
      },
      {
        "Brigade": "12",
        "Time": "2017-05-14 05:19:42",
        "Lines": "17",
        "Lon": 20.9999,
        "Lat": 52.2037
      },
      {
        "Brigade": "12",
        "Time": "2017-05-14 05:19:52",
        "Lines": "17",
        "Lon": 20.9995,
        "Lat": 52.205
      },
      {
        "Brigade": "12",
        "Time": "2017-05-14 05:20:03",
        "Lines": "17",
        "Lon": 20.9993,
        "Lat": 52.2057
      },
      {
        "Brigade": "12",
        "Time": "2017-05-14 05:20:08",
        "Lines": "17",
        "Lon": 20.9993,
        "Lat": 52.2057
      },
      {
        "Brigade": "12",
        "Time": "2017-05-14 05:20:24",
        "Lines": "17",
        "Lon": 20.9993,
        "Lat": 52.2057
      },
      {
        "Brigade": "12",
        "Time": "2017-05-14 05:20:34",
        "Lines": "17",
        "Lon": 20.9997,
        "Lat": 52.2061
      },
      {
        "Brigade": "12",
        "Time": "2017-05-14 05:20:50",
        "Lines": "17",
        "Lon": 21.0023,
        "Lat": 52.2065
      },
      {
        "Brigade": "12",
        "Time": "2017-05-14 05:21:00",
        "Lines": "17",
        "Lon": 21.0034,
        "Lat": 52.2067
      },
      {
        "Brigade": "12",
        "Time": "2017-05-14 05:21:11",
        "Lines": "17",
        "Lon": 21.0042,
        "Lat": 52.2069
      },
      {
        "Brigade": "12",
        "Time": "2017-05-14 05:21:21",
        "Lines": "17",
        "Lon": 21.0051,
        "Lat": 52.207
      },
      {
        "Brigade": "12",
        "Time": "2017-05-14 05:21:32",
        "Lines": "17",
        "Lon": 21.0072,
        "Lat": 52.2074
      },
      {
        "Brigade": "12",
        "Time": "2017-05-14 05:21:42",
        "Lines": "17",
        "Lon": 21.0077,
        "Lat": 52.2074
      },
      {
        "Brigade": "12",
        "Time": "2017-05-14 05:21:53",
        "Lines": "17",
        "Lon": 21.0077,
        "Lat": 52.2074
      },
      {
        "Brigade": "12",
        "Time": "2017-05-14 05:22:03",
        "Lines": "17",
        "Lon": 21.0077,
        "Lat": 52.2074
      },
      {
        "Brigade": "12",
        "Time": "2017-05-14 05:22:19",
        "Lines": "17",
        "Lon": 21.0077,
        "Lat": 52.2074
      },
      {
        "Brigade": "12",
        "Time": "2017-05-14 05:22:30",
        "Lines": "17",
        "Lon": 21.0077,
        "Lat": 52.2074
      },
      {
        "Brigade": "12",
        "Time": "2017-05-14 05:22:40",
        "Lines": "17",
        "Lon": 21.0082,
        "Lat": 52.2078
      },
      {
        "Brigade": "12",
        "Time": "2017-05-14 05:22:50",
        "Lines": "17",
        "Lon": 21.0078,
        "Lat": 52.2086
      },
      {
        "Brigade": "12",
        "Time": "2017-05-14 05:23:01",
        "Lines": "17",
        "Lon": 21.0076,
        "Lat": 52.2093
      },
      {
        "Brigade": "12",
        "Time": "2017-05-14 05:23:11",
        "Lines": "17",
        "Lon": 21.0076,
        "Lat": 52.2093
      },
      {
        "Brigade": "12",
        "Time": "2017-05-14 05:23:22",
        "Lines": "17",
        "Lon": 21.0074,
        "Lat": 52.2099
      },
      {
        "Brigade": "12",
        "Time": "2017-05-14 05:23:32",
        "Lines": "17",
        "Lon": 21.0069,
        "Lat": 52.2113
      },
      {
        "Brigade": "12",
        "Time": "2017-05-14 05:23:43",
        "Lines": "17",
        "Lon": 21.0064,
        "Lat": 52.2127
      },
      {
        "Brigade": "12",
        "Time": "2017-05-14 05:23:59",
        "Lines": "17",
        "Lon": 21.0063,
        "Lat": 52.213
      },
      {
        "Brigade": "12",
        "Time": "2017-05-14 05:24:04",
        "Lines": "17",
        "Lon": 21.0063,
        "Lat": 52.2131
      },
      {
        "Brigade": "12",
        "Time": "2017-05-14 05:24:14",
        "Lines": "17",
        "Lon": 21.0059,
        "Lat": 52.2142
      },
      {
        "Brigade": "12",
        "Time": "2017-05-14 05:24:30",
        "Lines": "17",
        "Lon": 21.0054,
        "Lat": 52.2162
      },
      {
        "Brigade": "12",
        "Time": "2017-05-14 05:24:36",
        "Lines": "17",
        "Lon": 21.0052,
        "Lat": 52.2167
      },
      {
        "Brigade": "12",
        "Time": "2017-05-14 05:24:51",
        "Lines": "17",
        "Lon": 21.0052,
        "Lat": 52.2168
      },
      {
        "Brigade": "12",
        "Time": "2017-05-14 05:25:02",
        "Lines": "17",
        "Lon": 21.0051,
        "Lat": 52.217
      },
      {
        "Brigade": "12",
        "Time": "2017-05-14 05:25:15",
        "Lines": "17",
        "Lon": 21.0051,
        "Lat": 52.2174
      },
      {
        "Brigade": "12",
        "Time": "2017-05-14 05:25:23",
        "Lines": "17",
        "Lon": 21.005,
        "Lat": 52.2187
      },
      {
        "Brigade": "12",
        "Time": "2017-05-14 05:25:38",
        "Lines": "17",
        "Lon": 21.005,
        "Lat": 52.2199
      },
      {
        "Brigade": "12",
        "Time": "2017-05-14 05:25:49",
        "Lines": "17",
        "Lon": 21.005,
        "Lat": 52.2199
      },
      {
        "Brigade": "12",
        "Time": "2017-05-14 05:25:59",
        "Lines": "17",
        "Lon": 21.005,
        "Lat": 52.2199
      },
      {
        "Brigade": "12",
        "Time": "2017-05-14 05:26:10",
        "Lines": "17",
        "Lon": 21.005,
        "Lat": 52.2199
      },
      {
        "Brigade": "12",
        "Time": "2017-05-14 05:26:20",
        "Lines": "17",
        "Lon": 21.005,
        "Lat": 52.2199
      },
      {
        "Brigade": "12",
        "Time": "2017-05-14 05:26:31",
        "Lines": "17",
        "Lon": 21.0049,
        "Lat": 52.2203
      },
      {
        "Brigade": "12",
        "Time": "2017-05-14 05:26:41",
        "Lines": "17",
        "Lon": 21.0049,
        "Lat": 52.2211
      },
      {
        "Brigade": "12",
        "Time": "2017-05-14 05:26:52",
        "Lines": "17",
        "Lon": 21.0048,
        "Lat": 52.2224
      },
      {
        "Brigade": "12",
        "Time": "2017-05-14 05:27:02",
        "Lines": "17",
        "Lon": 21.0048,
        "Lat": 52.2228
      },
      {
        "Brigade": "12",
        "Time": "2017-05-14 05:27:13",
        "Lines": "17",
        "Lon": 21.0048,
        "Lat": 52.2228
      },
      {
        "Brigade": "12",
        "Time": "2017-05-14 05:27:28",
        "Lines": "17",
        "Lon": 21.0048,
        "Lat": 52.2228
      },
      {
        "Brigade": "12",
        "Time": "2017-05-14 05:27:34",
        "Lines": "17",
        "Lon": 21.0048,
        "Lat": 52.2228
      },
      {
        "Brigade": "12",
        "Time": "2017-05-14 05:27:49",
        "Lines": "17",
        "Lon": 21.0042,
        "Lat": 52.2241
      },
      {
        "Brigade": "12",
        "Time": "2017-05-14 05:28:00",
        "Lines": "17",
        "Lon": 21.0033,
        "Lat": 52.2256
      },
      {
        "Brigade": "12",
        "Time": "2017-05-14 05:28:10",
        "Lines": "17",
        "Lon": 21.0027,
        "Lat": 52.2266
      },
      {
        "Brigade": "12",
        "Time": "2017-05-14 05:28:16",
        "Lines": "17",
        "Lon": 21.0023,
        "Lat": 52.2272
      },
      {
        "Brigade": "12",
        "Time": "2017-05-14 05:28:32",
        "Lines": "17",
        "Lon": 21.0018,
        "Lat": 52.228
      },
      {
        "Brigade": "12",
        "Time": "2017-05-14 05:28:42",
        "Lines": "17",
        "Lon": 21.0013,
        "Lat": 52.2287
      },
      {
        "Brigade": "12",
        "Time": "2017-05-14 05:28:52",
        "Lines": "17",
        "Lon": 21.0013,
        "Lat": 52.2288
      },
      {
        "Brigade": "12",
        "Time": "2017-05-14 05:29:03",
        "Lines": "17",
        "Lon": 21.0012,
        "Lat": 52.2288
      },
      {
        "Brigade": "12",
        "Time": "2017-05-14 05:29:19",
        "Lines": "17",
        "Lon": 21.0001,
        "Lat": 52.2306
      },
      {
        "Brigade": "12",
        "Time": "2017-05-14 05:29:39",
        "Lines": "17",
        "Lon": 20.9988,
        "Lat": 52.2326
      },
      {
        "Brigade": "12",
        "Time": "2017-05-14 05:29:50",
        "Lines": "17",
        "Lon": 20.9986,
        "Lat": 52.2328
      },
      {
        "Brigade": "12",
        "Time": "2017-05-14 05:30:00",
        "Lines": "17",
        "Lon": 20.9982,
        "Lat": 52.2334
      },
      {
        "Brigade": "12",
        "Time": "2017-05-14 05:30:12",
        "Lines": "17",
        "Lon": 20.998,
        "Lat": 52.234
      },
      {
        "Brigade": "12",
        "Time": "2017-05-14 05:30:22",
        "Lines": "17",
        "Lon": 20.998,
        "Lat": 52.2341
      },
      {
        "Brigade": "12",
        "Time": "2017-05-14 05:30:37",
        "Lines": "17",
        "Lon": 20.9977,
        "Lat": 52.2347
      },
      {
        "Brigade": "12",
        "Time": "2017-05-14 05:30:48",
        "Lines": "17",
        "Lon": 20.9974,
        "Lat": 52.2355
      },
      {
        "Brigade": "12",
        "Time": "2017-05-14 05:30:58",
        "Lines": "17",
        "Lon": 20.997,
        "Lat": 52.2363
      },
      {
        "Brigade": "12",
        "Time": "2017-05-14 05:31:09",
        "Lines": "17",
        "Lon": 20.9967,
        "Lat": 52.237
      },
      {
        "Brigade": "12",
        "Time": "2017-05-14 05:31:19",
        "Lines": "17",
        "Lon": 20.9965,
        "Lat": 52.2376
      },
      {
        "Brigade": "12",
        "Time": "2017-05-14 05:31:30",
        "Lines": "17",
        "Lon": 20.9962,
        "Lat": 52.2382
      },
      {
        "Brigade": "12",
        "Time": "2017-05-14 05:31:40",
        "Lines": "17",
        "Lon": 20.9961,
        "Lat": 52.2386
      },
      {
        "Brigade": "12",
        "Time": "2017-05-14 05:31:51",
        "Lines": "17",
        "Lon": 20.996,
        "Lat": 52.2387
      },
      {
        "Brigade": "12",
        "Time": "2017-05-14 05:32:06",
        "Lines": "17",
        "Lon": 20.996,
        "Lat": 52.2387
      },
      {
        "Brigade": "12",
        "Time": "2017-05-14 05:32:17",
        "Lines": "17",
        "Lon": 20.9958,
        "Lat": 52.2393
      },
      {
        "Brigade": "12",
        "Time": "2017-05-14 05:32:27",
        "Lines": "17",
        "Lon": 20.9953,
        "Lat": 52.24
      },
      {
        "Brigade": "12",
        "Time": "2017-05-14 05:32:38",
        "Lines": "17",
        "Lon": 20.9949,
        "Lat": 52.2405
      },
      {
        "Brigade": "12",
        "Time": "2017-05-14 05:32:48",
        "Lines": "17",
        "Lon": 20.9948,
        "Lat": 52.2405
      },
      {
        "Brigade": "12",
        "Time": "2017-05-14 05:32:59",
        "Lines": "17",
        "Lon": 20.9948,
        "Lat": 52.2405
      },
      {
        "Brigade": "12",
        "Time": "2017-05-14 05:33:10",
        "Lines": "17",
        "Lon": 20.9946,
        "Lat": 52.2407
      },
      {
        "Brigade": "12",
        "Time": "2017-05-14 05:33:20",
        "Lines": "17",
        "Lon": 20.994,
        "Lat": 52.2415
      },
      {
        "Brigade": "12",
        "Time": "2017-05-14 05:33:30",
        "Lines": "17",
        "Lon": 20.9939,
        "Lat": 52.2415
      },
      {
        "Brigade": "12",
        "Time": "2017-05-14 05:33:41",
        "Lines": "17",
        "Lon": 20.9939,
        "Lat": 52.2415
      },
      {
        "Brigade": "12",
        "Time": "2017-05-14 05:33:51",
        "Lines": "17",
        "Lon": 20.9939,
        "Lat": 52.2415
      },
      {
        "Brigade": "12",
        "Time": "2017-05-14 05:34:07",
        "Lines": "17",
        "Lon": 20.9939,
        "Lat": 52.2415
      },
      {
        "Brigade": "12",
        "Time": "2017-05-14 05:34:18",
        "Lines": "17",
        "Lon": 20.9939,
        "Lat": 52.2415
      },
      {
        "Brigade": "12",
        "Time": "2017-05-14 05:34:28",
        "Lines": "17",
        "Lon": 20.9939,
        "Lat": 52.2415
      },
      {
        "Brigade": "12",
        "Time": "2017-05-14 05:34:39",
        "Lines": "17",
        "Lon": 20.9936,
        "Lat": 52.2419
      },
      {
        "Brigade": "12",
        "Time": "2017-05-14 05:34:49",
        "Lines": "17",
        "Lon": 20.9931,
        "Lat": 52.2425
      },
      {
        "Brigade": "12",
        "Time": "2017-05-14 05:35:00",
        "Lines": "17",
        "Lon": 20.9921,
        "Lat": 52.2437
      },
      {
        "Brigade": "12",
        "Time": "2017-05-14 05:35:10",
        "Lines": "17",
        "Lon": 20.9914,
        "Lat": 52.2445
      },
      {
        "Brigade": "12",
        "Time": "2017-05-14 05:35:20",
        "Lines": "17",
        "Lon": 20.9913,
        "Lat": 52.2445
      },
      {
        "Brigade": "12",
        "Time": "2017-05-14 05:35:31",
        "Lines": "17",
        "Lon": 20.9911,
        "Lat": 52.2448
      },
      {
        "Brigade": "12",
        "Time": "2017-05-14 05:35:41",
        "Lines": "17",
        "Lon": 20.9901,
        "Lat": 52.246
      },
      {
        "Brigade": "12",
        "Time": "2017-05-14 05:35:52",
        "Lines": "17",
        "Lon": 20.9892,
        "Lat": 52.247
      },
      {
        "Brigade": "12",
        "Time": "2017-05-14 05:36:08",
        "Lines": "17",
        "Lon": 20.989,
        "Lat": 52.2472
      },
      {
        "Brigade": "12",
        "Time": "2017-05-14 05:36:18",
        "Lines": "17",
        "Lon": 20.989,
        "Lat": 52.2472
      },
      {
        "Brigade": "12",
        "Time": "2017-05-14 05:36:29",
        "Lines": "17",
        "Lon": 20.989,
        "Lat": 52.2472
      },
      {
        "Brigade": "12",
        "Time": "2017-05-14 05:36:39",
        "Lines": "17",
        "Lon": 20.989,
        "Lat": 52.2472
      },
      {
        "Brigade": "12",
        "Time": "2017-05-14 05:36:50",
        "Lines": "17",
        "Lon": 20.9886,
        "Lat": 52.2478
      },
      {
        "Brigade": "12",
        "Time": "2017-05-14 05:37:00",
        "Lines": "17",
        "Lon": 20.9874,
        "Lat": 52.2491
      },
      {
        "Brigade": "12",
        "Time": "2017-05-14 05:37:05",
        "Lines": "17",
        "Lon": 20.9868,
        "Lat": 52.2498
      },
      {
        "Brigade": "12",
        "Time": "2017-05-14 05:37:21",
        "Lines": "17",
        "Lon": 20.9859,
        "Lat": 52.2508
      },
      {
        "Brigade": "12",
        "Time": "2017-05-14 05:37:37",
        "Lines": "17",
        "Lon": 20.9859,
        "Lat": 52.2508
      },
      {
        "Brigade": "12",
        "Time": "2017-05-14 05:37:47",
        "Lines": "17",
        "Lon": 20.9859,
        "Lat": 52.2508
      },
      {
        "Brigade": "12",
        "Time": "2017-05-14 05:37:58",
        "Lines": "17",
        "Lon": 20.9857,
        "Lat": 52.251
      },
      {
        "Brigade": "12",
        "Time": "2017-05-14 05:38:08",
        "Lines": "17",
        "Lon": 20.9854,
        "Lat": 52.2514
      },
      {
        "Brigade": "12",
        "Time": "2017-05-14 05:38:19",
        "Lines": "17",
        "Lon": 20.9846,
        "Lat": 52.2524
      },
      {
        "Brigade": "12",
        "Time": "2017-05-14 05:38:29",
        "Lines": "17",
        "Lon": 20.9838,
        "Lat": 52.2533
      },
      {
        "Brigade": "12",
        "Time": "2017-05-14 05:38:40",
        "Lines": "17",
        "Lon": 20.9837,
        "Lat": 52.2534
      },
      {
        "Brigade": "12",
        "Time": "2017-05-14 05:38:50",
        "Lines": "17",
        "Lon": 20.9832,
        "Lat": 52.2539
      },
      {
        "Brigade": "12",
        "Time": "2017-05-14 05:39:01",
        "Lines": "17",
        "Lon": 20.983,
        "Lat": 52.2541
      },
      {
        "Brigade": "12",
        "Time": "2017-05-14 05:39:11",
        "Lines": "17",
        "Lon": 20.983,
        "Lat": 52.2541
      },
      {
        "Brigade": "12",
        "Time": "2017-05-14 05:39:27",
        "Lines": "17",
        "Lon": 20.983,
        "Lat": 52.2541
      },
      {
        "Brigade": "12",
        "Time": "2017-05-14 05:39:37",
        "Lines": "17",
        "Lon": 20.983,
        "Lat": 52.2541
      },
      {
        "Brigade": "12",
        "Time": "2017-05-14 05:39:48",
        "Lines": "17",
        "Lon": 20.9828,
        "Lat": 52.2544
      },
      {
        "Brigade": "12",
        "Time": "2017-05-14 05:39:58",
        "Lines": "17",
        "Lon": 20.9824,
        "Lat": 52.2549
      },
      {
        "Brigade": "12",
        "Time": "2017-05-14 05:40:09",
        "Lines": "17",
        "Lon": 20.9823,
        "Lat": 52.2551
      },
      {
        "Brigade": "12",
        "Time": "2017-05-14 05:40:19",
        "Lines": "17",
        "Lon": 20.9823,
        "Lat": 52.2551
      },
      {
        "Brigade": "12",
        "Time": "2017-05-14 05:40:30",
        "Lines": "17",
        "Lon": 20.9821,
        "Lat": 52.2556
      },
      {
        "Brigade": "12",
        "Time": "2017-05-14 05:40:40",
        "Lines": "17",
        "Lon": 20.982,
        "Lat": 52.2559
      },
      {
        "Brigade": "12",
        "Time": "2017-05-14 05:40:51",
        "Lines": "17",
        "Lon": 20.982,
        "Lat": 52.2559
      },
      {
        "Brigade": "12",
        "Time": "2017-05-14 05:41:07",
        "Lines": "17",
        "Lon": 20.9815,
        "Lat": 52.2573
      },
      {
        "Brigade": "12",
        "Time": "2017-05-14 05:41:17",
        "Lines": "17",
        "Lon": 20.9812,
        "Lat": 52.2587
      },
      {
        "Brigade": "12",
        "Time": "2017-05-14 05:41:27",
        "Lines": "17",
        "Lon": 20.9809,
        "Lat": 52.2602
      },
      {
        "Brigade": "12",
        "Time": "2017-05-14 05:41:38",
        "Lines": "17",
        "Lon": 20.9805,
        "Lat": 52.2613
      },
      {
        "Brigade": "12",
        "Time": "2017-05-14 05:41:48",
        "Lines": "17",
        "Lon": 20.9801,
        "Lat": 52.262
      },
      {
        "Brigade": "12",
        "Time": "2017-05-14 05:41:59",
        "Lines": "17",
        "Lon": 20.9798,
        "Lat": 52.2624
      },
      {
        "Brigade": "12",
        "Time": "2017-05-14 05:42:09",
        "Lines": "17",
        "Lon": 20.9798,
        "Lat": 52.2625
      },
      {
        "Brigade": "12",
        "Time": "2017-05-14 05:42:20",
        "Lines": "17",
        "Lon": 20.9798,
        "Lat": 52.2625
      },
      {
        "Brigade": "12",
        "Time": "2017-05-14 05:42:30",
        "Lines": "17",
        "Lon": 20.9798,
        "Lat": 52.2625
      },
      {
        "Brigade": "12",
        "Time": "2017-05-14 05:42:46",
        "Lines": "17",
        "Lon": 20.9792,
        "Lat": 52.2634
      },
      {
        "Brigade": "12",
        "Time": "2017-05-14 05:42:57",
        "Lines": "17",
        "Lon": 20.9792,
        "Lat": 52.2634
      },
      {
        "Brigade": "12",
        "Time": "2017-05-14 05:43:07",
        "Lines": "17",
        "Lon": 20.979,
        "Lat": 52.2637
      },
      {
        "Brigade": "12",
        "Time": "2017-05-14 05:43:18",
        "Lines": "17",
        "Lon": 20.9781,
        "Lat": 52.2649
      },
      {
        "Brigade": "12",
        "Time": "2017-05-14 05:43:28",
        "Lines": "17",
        "Lon": 20.9774,
        "Lat": 52.266
      },
      {
        "Brigade": "12",
        "Time": "2017-05-14 05:43:39",
        "Lines": "17",
        "Lon": 20.9774,
        "Lat": 52.2661
      },
      {
        "Brigade": "12",
        "Time": "2017-05-14 05:43:49",
        "Lines": "17",
        "Lon": 20.9773,
        "Lat": 52.2662
      },
      {
        "Brigade": "12",
        "Time": "2017-05-14 05:44:00",
        "Lines": "17",
        "Lon": 20.9765,
        "Lat": 52.2674
      },
      {
        "Brigade": "12",
        "Time": "2017-05-14 05:44:10",
        "Lines": "17",
        "Lon": 20.9756,
        "Lat": 52.2688
      },
      {
        "Brigade": "12",
        "Time": "2017-05-14 05:44:21",
        "Lines": "17",
        "Lon": 20.9747,
        "Lat": 52.2701
      },
      {
        "Brigade": "12",
        "Time": "2017-05-14 05:44:32",
        "Lines": "17",
        "Lon": 20.9741,
        "Lat": 52.2711
      },
      {
        "Brigade": "12",
        "Time": "2017-05-14 05:44:47",
        "Lines": "17",
        "Lon": 20.9733,
        "Lat": 52.272
      },
      {
        "Brigade": "12",
        "Time": "2017-05-14 05:44:52",
        "Lines": "17",
        "Lon": 20.9729,
        "Lat": 52.2721
      },
      {
        "Brigade": "12",
        "Time": "2017-05-14 05:45:09",
        "Lines": "17",
        "Lon": 20.9724,
        "Lat": 52.2722
      },
      {
        "Brigade": "12",
        "Time": "2017-05-14 05:45:14",
        "Lines": "17",
        "Lon": 20.9721,
        "Lat": 52.2722
      },
      {
        "Brigade": "12",
        "Time": "2017-05-14 05:45:29",
        "Lines": "17",
        "Lon": 20.9708,
        "Lat": 52.2724
      },
      {
        "Brigade": "12",
        "Time": "2017-05-14 05:45:39",
        "Lines": "17",
        "Lon": 20.9693,
        "Lat": 52.2729
      },
      {
        "Brigade": "12",
        "Time": "2017-05-14 05:45:50",
        "Lines": "17",
        "Lon": 20.9678,
        "Lat": 52.2734
      },
      {
        "Brigade": "12",
        "Time": "2017-05-14 05:46:00",
        "Lines": "17",
        "Lon": 20.9669,
        "Lat": 52.2738
      },
      {
        "Brigade": "12",
        "Time": "2017-05-14 05:46:16",
        "Lines": "17",
        "Lon": 20.9668,
        "Lat": 52.2738
      },
      {
        "Brigade": "12",
        "Time": "2017-05-14 05:46:26",
        "Lines": "17",
        "Lon": 20.9655,
        "Lat": 52.2745
      },
      {
        "Brigade": "12",
        "Time": "2017-05-14 05:46:37",
        "Lines": "17",
        "Lon": 20.9645,
        "Lat": 52.2753
      },
      {
        "Brigade": "12",
        "Time": "2017-05-14 05:46:47",
        "Lines": "17",
        "Lon": 20.9641,
        "Lat": 52.2756
      },
      {
        "Brigade": "12",
        "Time": "2017-05-14 05:46:58",
        "Lines": "17",
        "Lon": 20.9641,
        "Lat": 52.2756
      },
      {
        "Brigade": "12",
        "Time": "2017-05-14 05:47:08",
        "Lines": "17",
        "Lon": 20.964,
        "Lat": 52.2757
      },
      {
        "Brigade": "12",
        "Time": "2017-05-14 05:47:19",
        "Lines": "17",
        "Lon": 20.9629,
        "Lat": 52.2767
      },
      {
        "Brigade": "12",
        "Time": "2017-05-14 05:47:29",
        "Lines": "17",
        "Lon": 20.962,
        "Lat": 52.2776
      },
      {
        "Brigade": "12",
        "Time": "2017-05-14 05:47:40",
        "Lines": "17",
        "Lon": 20.961,
        "Lat": 52.2786
      },
      {
        "Brigade": "12",
        "Time": "2017-05-14 05:47:56",
        "Lines": "17",
        "Lon": 20.9594,
        "Lat": 52.2804
      },
      {
        "Brigade": "12",
        "Time": "2017-05-14 05:48:01",
        "Lines": "17",
        "Lon": 20.959,
        "Lat": 52.2808
      },
      {
        "Brigade": "12",
        "Time": "2017-05-14 05:48:07",
        "Lines": "17",
        "Lon": 20.9589,
        "Lat": 52.2809
      },
      {
        "Brigade": "12",
        "Time": "2017-05-14 05:48:38",
        "Lines": "17",
        "Lon": 20.9582,
        "Lat": 52.2816
      },
      {
        "Brigade": "12",
        "Time": "2017-05-14 05:48:48",
        "Lines": "17",
        "Lon": 20.9571,
        "Lat": 52.2828
      },
      {
        "Brigade": "12",
        "Time": "2017-05-14 05:48:59",
        "Lines": "17",
        "Lon": 20.9562,
        "Lat": 52.2838
      },
      {
        "Brigade": "12",
        "Time": "2017-05-14 05:49:09",
        "Lines": "17",
        "Lon": 20.9561,
        "Lat": 52.2838
      },
      {
        "Brigade": "12",
        "Time": "2017-05-14 05:49:20",
        "Lines": "17",
        "Lon": 20.9561,
        "Lat": 52.2838
      },
      {
        "Brigade": "12",
        "Time": "2017-05-14 05:49:30",
        "Lines": "17",
        "Lon": 20.9556,
        "Lat": 52.2843
      },
      {
        "Brigade": "12",
        "Time": "2017-05-14 05:49:41",
        "Lines": "17",
        "Lon": 20.955,
        "Lat": 52.2851
      },
      {
        "Brigade": "12",
        "Time": "2017-05-14 05:49:56",
        "Lines": "17",
        "Lon": 20.9546,
        "Lat": 52.2857
      },
      {
        "Brigade": "12",
        "Time": "2017-05-14 05:50:07",
        "Lines": "17",
        "Lon": 20.9541,
        "Lat": 52.2861
      },
      {
        "Brigade": "12",
        "Time": "2017-05-14 05:50:17",
        "Lines": "17",
        "Lon": 20.9534,
        "Lat": 52.2869
      },
      {
        "Brigade": "12",
        "Time": "2017-05-14 05:50:22",
        "Lines": "17",
        "Lon": 20.9531,
        "Lat": 52.2872
      },
      {
        "Brigade": "12",
        "Time": "2017-05-14 05:50:33",
        "Lines": "17",
        "Lon": 20.9526,
        "Lat": 52.2878
      },
      {
        "Brigade": "12",
        "Time": "2017-05-14 05:50:49",
        "Lines": "17",
        "Lon": 20.9525,
        "Lat": 52.2879
      },
      {
        "Brigade": "12",
        "Time": "2017-05-14 05:50:59",
        "Lines": "17",
        "Lon": 20.9525,
        "Lat": 52.2879
      },
      {
        "Brigade": "12",
        "Time": "2017-05-14 05:51:10",
        "Lines": "17",
        "Lon": 20.9522,
        "Lat": 52.2881
      },
      {
        "Brigade": "12",
        "Time": "2017-05-14 05:51:20",
        "Lines": "17",
        "Lon": 20.9514,
        "Lat": 52.289
      },
      {
        "Brigade": "12",
        "Time": "2017-05-14 05:51:31",
        "Lines": "17",
        "Lon": 20.9507,
        "Lat": 52.2897
      },
      {
        "Brigade": "12",
        "Time": "2017-05-14 05:51:41",
        "Lines": "17",
        "Lon": 20.9502,
        "Lat": 52.2902
      },
      {
        "Brigade": "12",
        "Time": "2017-05-14 05:51:57",
        "Lines": "17",
        "Lon": 20.9499,
        "Lat": 52.2905
      },
      {
        "Brigade": "12",
        "Time": "2017-05-14 05:52:07",
        "Lines": "17",
        "Lon": 20.9499,
        "Lat": 52.2905
      },
      {
        "Brigade": "12",
        "Time": "2017-05-14 05:52:18",
        "Lines": "17",
        "Lon": 20.9492,
        "Lat": 52.2912
      },
      {
        "Brigade": "12",
        "Time": "2017-05-14 05:52:28",
        "Lines": "17",
        "Lon": 20.948,
        "Lat": 52.2925
      },
      {
        "Brigade": "12",
        "Time": "2017-05-14 05:52:39",
        "Lines": "17",
        "Lon": 20.9469,
        "Lat": 52.2937
      },
      {
        "Brigade": "12",
        "Time": "2017-05-14 05:52:50",
        "Lines": "17",
        "Lon": 20.9457,
        "Lat": 52.2949
      },
      {
        "Brigade": "12",
        "Time": "2017-05-14 05:53:02",
        "Lines": "17",
        "Lon": 20.945,
        "Lat": 52.2957
      },
      {
        "Brigade": "12",
        "Time": "2017-05-14 05:53:10",
        "Lines": "17",
        "Lon": 20.945,
        "Lat": 52.2958
      },
      {
        "Brigade": "12",
        "Time": "2017-05-14 05:53:21",
        "Lines": "17",
        "Lon": 20.9447,
        "Lat": 52.2961
      },
      {
        "Brigade": "12",
        "Time": "2017-05-14 05:53:42",
        "Lines": "17",
        "Lon": 20.9438,
        "Lat": 52.297
      },
      {
        "Brigade": "12",
        "Time": "2017-05-14 05:54:08",
        "Lines": "17",
        "Lon": 20.9429,
        "Lat": 52.2979
      },
      {
        "Brigade": "12",
        "Time": "2017-05-14 05:54:18",
        "Lines": "17",
        "Lon": 20.9426,
        "Lat": 52.2983
      },
      {
        "Brigade": "12",
        "Time": "2017-05-14 05:54:29",
        "Lines": "17",
        "Lon": 20.9421,
        "Lat": 52.2988
      },
      {
        "Brigade": "12",
        "Time": "2017-05-14 05:54:39",
        "Lines": "17",
        "Lon": 20.9417,
        "Lat": 52.2992
      },
      {
        "Brigade": "12",
        "Time": "2017-05-14 05:54:50",
        "Lines": "17",
        "Lon": 20.9413,
        "Lat": 52.2997
      },
      {
        "Brigade": "12",
        "Time": "2017-05-14 05:55:00",
        "Lines": "17",
        "Lon": 20.941,
        "Lat": 52.3003
      },
      {
        "Brigade": "12",
        "Time": "2017-05-14 05:55:11",
        "Lines": "17",
        "Lon": 20.9408,
        "Lat": 52.3009
      },
      {
        "Brigade": "12",
        "Time": "2017-05-14 05:55:21",
        "Lines": "17",
        "Lon": 20.9405,
        "Lat": 52.3015
      },
      {
        "Brigade": "12",
        "Time": "2017-05-14 05:55:32",
        "Lines": "17",
        "Lon": 20.9408,
        "Lat": 52.3022
      },
      {
        "Brigade": "12",
        "Time": "2017-05-14 05:55:48",
        "Lines": "17",
        "Lon": 20.9431,
        "Lat": 52.3033
      },
      {
        "Brigade": "12",
        "Time": "2017-05-14 05:55:58",
        "Lines": "17",
        "Lon": 20.9448,
        "Lat": 52.3039
      },
      {
        "Brigade": "12",
        "Time": "2017-05-14 05:56:09",
        "Lines": "17",
        "Lon": 20.9465,
        "Lat": 52.3046
      },
      {
        "Brigade": "12",
        "Time": "2017-05-14 05:56:19",
        "Lines": "17",
        "Lon": 20.9485,
        "Lat": 52.3055
      },
      {
        "Brigade": "12",
        "Time": "2017-05-14 05:56:29",
        "Lines": "17",
        "Lon": 20.9503,
        "Lat": 52.3064
      },
      {
        "Brigade": "12",
        "Time": "2017-05-14 05:56:40",
        "Lines": "17",
        "Lon": 20.9522,
        "Lat": 52.3073
      },
      {
        "Brigade": "12",
        "Time": "2017-05-14 05:56:51",
        "Lines": "17",
        "Lon": 20.9541,
        "Lat": 52.3082
      },
      {
        "Brigade": "12",
        "Time": "2017-05-14 05:57:06",
        "Lines": "17",
        "Lon": 20.9569,
        "Lat": 52.3096
      },
      {
        "Brigade": "12",
        "Time": "2017-05-14 05:57:17",
        "Lines": "17",
        "Lon": 20.9586,
        "Lat": 52.3104
      },
      {
        "Brigade": "12",
        "Time": "2017-05-14 05:57:27",
        "Lines": "17",
        "Lon": 20.9599,
        "Lat": 52.3109
      },
      {
        "Brigade": "12",
        "Time": "2017-05-14 05:57:38",
        "Lines": "17",
        "Lon": 20.9601,
        "Lat": 52.311
      },
      {
        "Brigade": "12",
        "Time": "2017-05-14 05:57:48",
        "Lines": "17",
        "Lon": 20.9617,
        "Lat": 52.3116
      },
      {
        "Brigade": "12",
        "Time": "2017-05-14 05:57:53",
        "Lines": "17",
        "Lon": 20.9627,
        "Lat": 52.312
      },
      {
        "Brigade": "12",
        "Time": "2017-05-14 05:58:20",
        "Lines": "17",
        "Lon": 20.9661,
        "Lat": 52.3133
      },
      {
        "Brigade": "12",
        "Time": "2017-05-14 05:58:30",
        "Lines": "17",
        "Lon": 20.9663,
        "Lat": 52.3134
      },
      {
        "Brigade": "12",
        "Time": "2017-05-14 05:58:41",
        "Lines": "17",
        "Lon": 20.9672,
        "Lat": 52.3138
      },
      {
        "Brigade": "12",
        "Time": "2017-05-14 05:58:51",
        "Lines": "17",
        "Lon": 20.9678,
        "Lat": 52.3145
      },
      {
        "Brigade": "12",
        "Time": "2017-05-14 05:59:03",
        "Lines": "17",
        "Lon": 20.9673,
        "Lat": 52.3153
      },
      {
        "Brigade": "12",
        "Time": "2017-05-14 05:59:17",
        "Lines": "17",
        "Lon": 20.9656,
        "Lat": 52.3164
      },
      {
        "Brigade": "12",
        "Time": "2017-05-14 05:59:28",
        "Lines": "17",
        "Lon": 20.9644,
        "Lat": 52.3173
      },
      {
        "Brigade": "12",
        "Time": "2017-05-14 05:59:38",
        "Lines": "17",
        "Lon": 20.9634,
        "Lat": 52.3178
      },
      {
        "Brigade": "12",
        "Time": "2017-05-14 05:59:49",
        "Lines": "17",
        "Lon": 20.9621,
        "Lat": 52.3175
      },
      {
        "Brigade": "12",
        "Time": "2017-05-14 05:59:59",
        "Lines": "17",
        "Lon": 20.961,
        "Lat": 52.3171
      },
      {
        "Brigade": "12",
        "Time": "2017-05-14 06:00:10",
        "Lines": "17",
        "Lon": 20.9608,
        "Lat": 52.317
      },
      {
        "Brigade": "12",
        "Time": "2017-05-14 06:00:20",
        "Lines": "17",
        "Lon": 20.9593,
        "Lat": 52.3166
      },
      {
        "Brigade": "12",
        "Time": "2017-05-14 06:00:31",
        "Lines": "17",
        "Lon": 20.9577,
        "Lat": 52.3166
      },
      {
        "Brigade": "12",
        "Time": "2017-05-14 06:00:41",
        "Lines": "17",
        "Lon": 20.9561,
        "Lat": 52.3169
      },
      {
        "Brigade": "12",
        "Time": "2017-05-14 06:00:52",
        "Lines": "17",
        "Lon": 20.9548,
        "Lat": 52.3176
      },
      {
        "Brigade": "12",
        "Time": "2017-05-14 06:01:08",
        "Lines": "17",
        "Lon": 20.953,
        "Lat": 52.3184
      },
      {
        "Brigade": "12",
        "Time": "2017-05-14 06:01:18",
        "Lines": "17",
        "Lon": 20.9527,
        "Lat": 52.3186
      },
      {
        "Brigade": "12",
        "Time": "2017-05-14 06:01:29",
        "Lines": "17",
        "Lon": 20.9526,
        "Lat": 52.3186
      },
      {
        "Brigade": "12",
        "Time": "2017-05-14 06:01:39",
        "Lines": "17",
        "Lon": 20.9513,
        "Lat": 52.3193
      },
      {
        "Brigade": "12",
        "Time": "2017-05-14 06:01:50",
        "Lines": "17",
        "Lon": 20.9497,
        "Lat": 52.32
      },
      {
        "Brigade": "12",
        "Time": "2017-05-14 06:02:00",
        "Lines": "17",
        "Lon": 20.9484,
        "Lat": 52.3207
      },
      {
        "Brigade": "12",
        "Time": "2017-05-14 06:02:10",
        "Lines": "17",
        "Lon": 20.9471,
        "Lat": 52.3213
      },
      {
        "Brigade": "12",
        "Time": "2017-05-14 06:02:16",
        "Lines": "17",
        "Lon": 20.9465,
        "Lat": 52.3216
      },
      {
        "Brigade": "12",
        "Time": "2017-05-14 06:02:32",
        "Lines": "17",
        "Lon": 20.9449,
        "Lat": 52.3224
      },
      {
        "Brigade": "12",
        "Time": "2017-05-14 06:02:42",
        "Lines": "17",
        "Lon": 20.9446,
        "Lat": 52.3225
      },
      {
        "Brigade": "12",
        "Time": "2017-05-14 06:02:58",
        "Lines": "17",
        "Lon": 20.9446,
        "Lat": 52.3225
      },
      {
        "Brigade": "12",
        "Time": "2017-05-14 06:03:03",
        "Lines": "17",
        "Lon": 20.9446,
        "Lat": 52.3225
      },
      {
        "Brigade": "12",
        "Time": "2017-05-14 06:03:19",
        "Lines": "17",
        "Lon": 20.9438,
        "Lat": 52.323
      },
      {
        "Brigade": "12",
        "Time": "2017-05-14 06:03:29",
        "Lines": "17",
        "Lon": 20.9431,
        "Lat": 52.3234
      },
      {
        "Brigade": "12",
        "Time": "2017-05-14 06:03:40",
        "Lines": "17",
        "Lon": 20.9433,
        "Lat": 52.3239
      },
      {
        "Brigade": "12",
        "Time": "2017-05-14 06:03:50",
        "Lines": "17",
        "Lon": 20.9433,
        "Lat": 52.3239
      },
      {
        "Brigade": "12",
        "Time": "2017-05-14 06:04:01",
        "Lines": "17",
        "Lon": 20.9433,
        "Lat": 52.3239
      },
      {
        "Brigade": "12",
        "Time": "2017-05-14 06:04:11",
        "Lines": "17",
        "Lon": 20.9433,
        "Lat": 52.3239
      },
      {
        "Brigade": "12",
        "Time": "2017-05-14 06:04:22",
        "Lines": "17",
        "Lon": 20.9434,
        "Lat": 52.3242
      },
      {
        "Brigade": "12",
        "Time": "2017-05-14 06:04:33",
        "Lines": "17",
        "Lon": 20.9431,
        "Lat": 52.3245
      },
      {
        "Brigade": "12",
        "Time": "2017-05-14 06:04:44",
        "Lines": "17",
        "Lon": 20.9426,
        "Lat": 52.3244
      },
      {
        "Brigade": "12",
        "Time": "2017-05-14 06:04:55",
        "Lines": "17",
        "Lon": 20.9426,
        "Lat": 52.3243
      },
      {
        "Brigade": "12",
        "Time": "2017-05-14 06:05:06",
        "Lines": "17",
        "Lon": 20.9426,
        "Lat": 52.3243
      },
      {
        "Brigade": "12",
        "Time": "2017-05-14 06:05:16",
        "Lines": "17",
        "Lon": 20.9426,
        "Lat": 52.3243
      },
      {
        "Brigade": "12",
        "Time": "2017-05-14 06:05:28",
        "Lines": "17",
        "Lon": 20.9426,
        "Lat": 52.3243
      },
      {
        "Brigade": "12",
        "Time": "2017-05-14 06:05:39",
        "Lines": "17",
        "Lon": 20.9426,
        "Lat": 52.3243
      },
      {
        "Brigade": "12",
        "Time": "2017-05-14 06:05:49",
        "Lines": "17",
        "Lon": 20.9426,
        "Lat": 52.3243
      },
      {
        "Brigade": "12",
        "Time": "2017-05-14 06:06:00",
        "Lines": "17",
        "Lon": 20.9426,
        "Lat": 52.3243
      },
      {
        "Brigade": "12",
        "Time": "2017-05-14 06:06:12",
        "Lines": "17",
        "Lon": 20.9426,
        "Lat": 52.3243
      },
      {
        "Brigade": "12",
        "Time": "2017-05-14 06:06:23",
        "Lines": "17",
        "Lon": 20.9426,
        "Lat": 52.3243
      },
      {
        "Brigade": "12",
        "Time": "2017-05-14 06:06:34",
        "Lines": "17",
        "Lon": 20.9426,
        "Lat": 52.3243
      },
      {
        "Brigade": "12",
        "Time": "2017-05-14 06:08:50",
        "Lines": "17",
        "Lon": 20.9426,
        "Lat": 52.3243
      },
      {
        "Brigade": "12",
        "Time": "2017-05-14 06:08:56",
        "Lines": "17",
        "Lon": 20.9426,
        "Lat": 52.3243
      },
      {
        "Brigade": "12",
        "Time": "2017-05-14 06:09:11",
        "Lines": "17",
        "Lon": 20.9426,
        "Lat": 52.3243
      },
      {
        "Brigade": "12",
        "Time": "2017-05-14 06:09:22",
        "Lines": "17",
        "Lon": 20.9426,
        "Lat": 52.3243
      },
      {
        "Brigade": "12",
        "Time": "2017-05-14 06:09:32",
        "Lines": "17",
        "Lon": 20.9426,
        "Lat": 52.3243
      },
      {
        "Brigade": "12",
        "Time": "2017-05-14 06:09:43",
        "Lines": "17",
        "Lon": 20.9426,
        "Lat": 52.3243
      },
      {
        "Brigade": "12",
        "Time": "2017-05-14 06:09:53",
        "Lines": "17",
        "Lon": 20.9426,
        "Lat": 52.3243
      },
      {
        "Brigade": "12",
        "Time": "2017-05-14 06:10:04",
        "Lines": "17",
        "Lon": 20.9426,
        "Lat": 52.3243
      },
      {
        "Brigade": "12",
        "Time": "2017-05-14 06:10:14",
        "Lines": "17",
        "Lon": 20.9426,
        "Lat": 52.3243
      },
      {
        "Brigade": "12",
        "Time": "2017-05-14 06:10:25",
        "Lines": "17",
        "Lon": 20.9426,
        "Lat": 52.3243
      },
      {
        "Brigade": "12",
        "Time": "2017-05-14 06:10:41",
        "Lines": "17",
        "Lon": 20.9426,
        "Lat": 52.3243
      },
      {
        "Brigade": "12",
        "Time": "2017-05-14 06:10:46",
        "Lines": "17",
        "Lon": 20.9426,
        "Lat": 52.3243
      },
      {
        "Brigade": "12",
        "Time": "2017-05-14 06:10:57",
        "Lines": "17",
        "Lon": 20.9426,
        "Lat": 52.3243
      },
      {
        "Brigade": "12",
        "Time": "2017-05-14 06:11:12",
        "Lines": "17",
        "Lon": 20.9426,
        "Lat": 52.3243
      },
      {
        "Brigade": "12",
        "Time": "2017-05-14 06:11:23",
        "Lines": "17",
        "Lon": 20.9426,
        "Lat": 52.3243
      },
      {
        "Brigade": "12",
        "Time": "2017-05-14 06:11:33",
        "Lines": "17",
        "Lon": 20.9426,
        "Lat": 52.3243
      },
      {
        "Brigade": "12",
        "Time": "2017-05-14 06:11:43",
        "Lines": "17",
        "Lon": 20.9426,
        "Lat": 52.3243
      },
      {
        "Brigade": "12",
        "Time": "2017-05-14 06:11:54",
        "Lines": "17",
        "Lon": 20.9426,
        "Lat": 52.3243
      },
      {
        "Brigade": "12",
        "Time": "2017-05-14 06:12:04",
        "Lines": "17",
        "Lon": 20.9426,
        "Lat": 52.3243
      },
      {
        "Brigade": "12",
        "Time": "2017-05-14 06:12:15",
        "Lines": "17",
        "Lon": 20.9426,
        "Lat": 52.3243
      },
      {
        "Brigade": "12",
        "Time": "2017-05-14 06:12:31",
        "Lines": "17",
        "Lon": 20.9426,
        "Lat": 52.3243
      },
      {
        "Brigade": "12",
        "Time": "2017-05-14 06:12:41",
        "Lines": "17",
        "Lon": 20.9426,
        "Lat": 52.3243
      },
      {
        "Brigade": "12",
        "Time": "2017-05-14 06:12:52",
        "Lines": "17",
        "Lon": 20.9426,
        "Lat": 52.3243
      },
      {
        "Brigade": "12",
        "Time": "2017-05-14 06:13:02",
        "Lines": "17",
        "Lon": 20.9426,
        "Lat": 52.3243
      },
      {
        "Brigade": "12",
        "Time": "2017-05-14 06:13:12",
        "Lines": "17",
        "Lon": 20.9426,
        "Lat": 52.3243
      },
      {
        "Brigade": "12",
        "Time": "2017-05-14 06:13:23",
        "Lines": "17",
        "Lon": 20.9426,
        "Lat": 52.3243
      },
      {
        "Brigade": "12",
        "Time": "2017-05-14 06:13:33",
        "Lines": "17",
        "Lon": 20.9426,
        "Lat": 52.3243
      },
      {
        "Brigade": "12",
        "Time": "2017-05-14 06:13:44",
        "Lines": "17",
        "Lon": 20.9426,
        "Lat": 52.3243
      },
      {
        "Brigade": "12",
        "Time": "2017-05-14 06:13:54",
        "Lines": "17",
        "Lon": 20.9426,
        "Lat": 52.3243
      },
      {
        "Brigade": "12",
        "Time": "2017-05-14 06:14:10",
        "Lines": "17",
        "Lon": 20.9426,
        "Lat": 52.3243
      },
      {
        "Brigade": "12",
        "Time": "2017-05-14 06:14:21",
        "Lines": "17",
        "Lon": 20.9426,
        "Lat": 52.3243
      },
      {
        "Brigade": "12",
        "Time": "2017-05-14 06:14:31",
        "Lines": "17",
        "Lon": 20.9426,
        "Lat": 52.3243
      },
      {
        "Brigade": "12",
        "Time": "2017-05-14 06:14:42",
        "Lines": "17",
        "Lon": 20.9426,
        "Lat": 52.3243
      },
      {
        "Brigade": "12",
        "Time": "2017-05-14 06:14:52",
        "Lines": "17",
        "Lon": 20.9426,
        "Lat": 52.3243
      },
      {
        "Brigade": "12",
        "Time": "2017-05-14 06:15:03",
        "Lines": "17",
        "Lon": 20.9426,
        "Lat": 52.3243
      },
      {
        "Brigade": "12",
        "Time": "2017-05-14 06:15:13",
        "Lines": "17",
        "Lon": 20.9426,
        "Lat": 52.3243
      },
      {
        "Brigade": "12",
        "Time": "2017-05-14 06:15:24",
        "Lines": "17",
        "Lon": 20.9426,
        "Lat": 52.3243
      },
      {
        "Brigade": "12",
        "Time": "2017-05-14 06:15:34",
        "Lines": "17",
        "Lon": 20.9426,
        "Lat": 52.3243
      },
      {
        "Brigade": "12",
        "Time": "2017-05-14 06:15:44",
        "Lines": "17",
        "Lon": 20.9426,
        "Lat": 52.3243
      },
      {
        "Brigade": "12",
        "Time": "2017-05-14 06:16:00",
        "Lines": "17",
        "Lon": 20.9426,
        "Lat": 52.3243
      },
      {
        "Brigade": "12",
        "Time": "2017-05-14 06:16:11",
        "Lines": "17",
        "Lon": 20.9426,
        "Lat": 52.3243
      },
      {
        "Brigade": "12",
        "Time": "2017-05-14 06:16:21",
        "Lines": "17",
        "Lon": 20.9426,
        "Lat": 52.3243
      },
      {
        "Brigade": "12",
        "Time": "2017-05-14 06:16:32",
        "Lines": "17",
        "Lon": 20.9426,
        "Lat": 52.3243
      },
      {
        "Brigade": "12",
        "Time": "2017-05-14 06:16:42",
        "Lines": "17",
        "Lon": 20.9426,
        "Lat": 52.3243
      },
      {
        "Brigade": "12",
        "Time": "2017-05-14 06:16:53",
        "Lines": "17",
        "Lon": 20.9426,
        "Lat": 52.3243
      },
      {
        "Brigade": "12",
        "Time": "2017-05-14 06:17:03",
        "Lines": "17",
        "Lon": 20.9426,
        "Lat": 52.3243
      },
      {
        "Brigade": "12",
        "Time": "2017-05-14 06:17:14",
        "Lines": "17",
        "Lon": 20.9426,
        "Lat": 52.3243
      },
      {
        "Brigade": "12",
        "Time": "2017-05-14 06:17:24",
        "Lines": "17",
        "Lon": 20.9426,
        "Lat": 52.3243
      },
      {
        "Brigade": "12",
        "Time": "2017-05-14 06:17:35",
        "Lines": "17",
        "Lon": 20.9426,
        "Lat": 52.3243
      },
      {
        "Brigade": "12",
        "Time": "2017-05-14 06:17:50",
        "Lines": "17",
        "Lon": 20.9426,
        "Lat": 52.3243
      },
      {
        "Brigade": "12",
        "Time": "2017-05-14 06:18:01",
        "Lines": "17",
        "Lon": 20.9426,
        "Lat": 52.3243
      },
      {
        "Brigade": "12",
        "Time": "2017-05-14 06:18:11",
        "Lines": "17",
        "Lon": 20.9426,
        "Lat": 52.3243
      },
      {
        "Brigade": "12",
        "Time": "2017-05-14 06:18:22",
        "Lines": "17",
        "Lon": 20.9426,
        "Lat": 52.3243
      },
      {
        "Brigade": "12",
        "Time": "2017-05-14 06:18:32",
        "Lines": "17",
        "Lon": 20.9426,
        "Lat": 52.3243
      },
      {
        "Brigade": "12",
        "Time": "2017-05-14 06:18:43",
        "Lines": "17",
        "Lon": 20.9426,
        "Lat": 52.3243
      },
      {
        "Brigade": "12",
        "Time": "2017-05-14 06:18:53",
        "Lines": "17",
        "Lon": 20.9426,
        "Lat": 52.3243
      },
      {
        "Brigade": "12",
        "Time": "2017-05-14 06:19:04",
        "Lines": "17",
        "Lon": 20.9426,
        "Lat": 52.3243
      },
      {
        "Brigade": "12",
        "Time": "2017-05-14 06:19:14",
        "Lines": "17",
        "Lon": 20.9426,
        "Lat": 52.3243
      },
      {
        "Brigade": "12",
        "Time": "2017-05-14 06:19:25",
        "Lines": "17",
        "Lon": 20.9426,
        "Lat": 52.3243
      },
      {
        "Brigade": "12",
        "Time": "2017-05-14 06:19:35",
        "Lines": "17",
        "Lon": 20.9426,
        "Lat": 52.3243
      },
      {
        "Brigade": "12",
        "Time": "2017-05-14 06:19:51",
        "Lines": "17",
        "Lon": 20.9427,
        "Lat": 52.324
      },
      {
        "Brigade": "12",
        "Time": "2017-05-14 06:20:01",
        "Lines": "17",
        "Lon": 20.9427,
        "Lat": 52.3238
      },
      {
        "Brigade": "12",
        "Time": "2017-05-14 06:20:12",
        "Lines": "17",
        "Lon": 20.9428,
        "Lat": 52.3235
      },
      {
        "Brigade": "12",
        "Time": "2017-05-14 06:20:22",
        "Lines": "17",
        "Lon": 20.9434,
        "Lat": 52.3231
      },
      {
        "Brigade": "12",
        "Time": "2017-05-14 06:20:33",
        "Lines": "17",
        "Lon": 20.944,
        "Lat": 52.3228
      },
      {
        "Brigade": "12",
        "Time": "2017-05-14 06:20:43",
        "Lines": "17",
        "Lon": 20.944,
        "Lat": 52.3228
      },
      {
        "Brigade": "12",
        "Time": "2017-05-14 06:20:54",
        "Lines": "17",
        "Lon": 20.9448,
        "Lat": 52.3224
      },
      {
        "Brigade": "12",
        "Time": "2017-05-14 06:21:04",
        "Lines": "17",
        "Lon": 20.9464,
        "Lat": 52.3216
      },
      {
        "Brigade": "12",
        "Time": "2017-05-14 06:21:15",
        "Lines": "17",
        "Lon": 20.9483,
        "Lat": 52.3207
      },
      {
        "Brigade": "12",
        "Time": "2017-05-14 06:21:25",
        "Lines": "17",
        "Lon": 20.95,
        "Lat": 52.3198
      },
      {
        "Brigade": "12",
        "Time": "2017-05-14 06:21:41",
        "Lines": "17",
        "Lon": 20.9521,
        "Lat": 52.3188
      },
      {
        "Brigade": "12",
        "Time": "2017-05-14 06:21:51",
        "Lines": "17",
        "Lon": 20.9521,
        "Lat": 52.3188
      },
      {
        "Brigade": "12",
        "Time": "2017-05-14 06:22:02",
        "Lines": "17",
        "Lon": 20.9526,
        "Lat": 52.3186
      },
      {
        "Brigade": "12",
        "Time": "2017-05-14 06:22:12",
        "Lines": "17",
        "Lon": 20.954,
        "Lat": 52.3179
      },
      {
        "Brigade": "12",
        "Time": "2017-05-14 06:22:23",
        "Lines": "17",
        "Lon": 20.9558,
        "Lat": 52.317
      },
      {
        "Brigade": "12",
        "Time": "2017-05-14 06:22:33",
        "Lines": "17",
        "Lon": 20.9579,
        "Lat": 52.3165
      },
      {
        "Brigade": "12",
        "Time": "2017-05-14 06:22:44",
        "Lines": "17",
        "Lon": 20.9598,
        "Lat": 52.3166
      },
      {
        "Brigade": "12",
        "Time": "2017-05-14 06:22:54",
        "Lines": "17",
        "Lon": 20.9603,
        "Lat": 52.3168
      },
      {
        "Brigade": "12",
        "Time": "2017-05-14 06:23:10",
        "Lines": "17",
        "Lon": 20.9603,
        "Lat": 52.3168
      },
      {
        "Brigade": "12",
        "Time": "2017-05-14 06:23:15",
        "Lines": "17",
        "Lon": 20.9603,
        "Lat": 52.3168
      },
      {
        "Brigade": "12",
        "Time": "2017-05-14 06:23:31",
        "Lines": "17",
        "Lon": 20.9623,
        "Lat": 52.3175
      },
      {
        "Brigade": "12",
        "Time": "2017-05-14 06:23:41",
        "Lines": "17",
        "Lon": 20.9635,
        "Lat": 52.3177
      },
      {
        "Brigade": "12",
        "Time": "2017-05-14 06:23:53",
        "Lines": "17",
        "Lon": 20.9646,
        "Lat": 52.3171
      },
      {
        "Brigade": "12",
        "Time": "2017-05-14 06:24:13",
        "Lines": "17",
        "Lon": 20.9669,
        "Lat": 52.3155
      },
      {
        "Brigade": "12",
        "Time": "2017-05-14 06:24:23",
        "Lines": "17",
        "Lon": 20.9676,
        "Lat": 52.315
      },
      {
        "Brigade": "12",
        "Time": "2017-05-14 06:24:34",
        "Lines": "17",
        "Lon": 20.9677,
        "Lat": 52.3144
      },
      {
        "Brigade": "12",
        "Time": "2017-05-14 06:24:44",
        "Lines": "17",
        "Lon": 20.9672,
        "Lat": 52.3139
      },
      {
        "Brigade": "12",
        "Time": "2017-05-14 06:24:55",
        "Lines": "17",
        "Lon": 20.9657,
        "Lat": 52.3132
      },
      {
        "Brigade": "12",
        "Time": "2017-05-14 06:25:11",
        "Lines": "17",
        "Lon": 20.9655,
        "Lat": 52.3131
      },
      {
        "Brigade": "12",
        "Time": "2017-05-14 06:25:22",
        "Lines": "17",
        "Lon": 20.9647,
        "Lat": 52.3128
      },
      {
        "Brigade": "12",
        "Time": "2017-05-14 06:25:32",
        "Lines": "17",
        "Lon": 20.9627,
        "Lat": 52.312
      },
      {
        "Brigade": "12",
        "Time": "2017-05-14 06:25:42",
        "Lines": "17",
        "Lon": 20.9608,
        "Lat": 52.3113
      },
      {
        "Brigade": "12",
        "Time": "2017-05-14 06:25:53",
        "Lines": "17",
        "Lon": 20.9593,
        "Lat": 52.3107
      },
      {
        "Brigade": "12",
        "Time": "2017-05-14 06:26:03",
        "Lines": "17",
        "Lon": 20.9591,
        "Lat": 52.3107
      },
      {
        "Brigade": "12",
        "Time": "2017-05-14 06:26:14",
        "Lines": "17",
        "Lon": 20.9588,
        "Lat": 52.3106
      },
      {
        "Brigade": "12",
        "Time": "2017-05-14 06:26:24",
        "Lines": "17",
        "Lon": 20.9574,
        "Lat": 52.3099
      },
      {
        "Brigade": "12",
        "Time": "2017-05-14 06:26:40",
        "Lines": "17",
        "Lon": 20.9555,
        "Lat": 52.309
      },
      {
        "Brigade": "12",
        "Time": "2017-05-14 06:26:50",
        "Lines": "17",
        "Lon": 20.9542,
        "Lat": 52.3083
      },
      {
        "Brigade": "12",
        "Time": "2017-05-14 06:27:01",
        "Lines": "17",
        "Lon": 20.9529,
        "Lat": 52.3077
      },
      {
        "Brigade": "12",
        "Time": "2017-05-14 06:27:11",
        "Lines": "17",
        "Lon": 20.9516,
        "Lat": 52.3071
      },
      {
        "Brigade": "12",
        "Time": "2017-05-14 06:27:22",
        "Lines": "17",
        "Lon": 20.9503,
        "Lat": 52.3065
      },
      {
        "Brigade": "12",
        "Time": "2017-05-14 06:27:32",
        "Lines": "17",
        "Lon": 20.9488,
        "Lat": 52.3057
      },
      {
        "Brigade": "12",
        "Time": "2017-05-14 06:27:43",
        "Lines": "17",
        "Lon": 20.9473,
        "Lat": 52.305
      },
      {
        "Brigade": "12",
        "Time": "2017-05-14 06:27:53",
        "Lines": "17",
        "Lon": 20.9458,
        "Lat": 52.3043
      },
      {
        "Brigade": "12",
        "Time": "2017-05-14 06:28:04",
        "Lines": "17",
        "Lon": 20.9439,
        "Lat": 52.3036
      },
      {
        "Brigade": "12",
        "Time": "2017-05-14 06:28:09",
        "Lines": "17",
        "Lon": 20.9428,
        "Lat": 52.3032
      },
      {
        "Brigade": "12",
        "Time": "2017-05-14 06:28:25",
        "Lines": "17",
        "Lon": 20.941,
        "Lat": 52.3024
      },
      {
        "Brigade": "12",
        "Time": "2017-05-14 06:28:35",
        "Lines": "17",
        "Lon": 20.9405,
        "Lat": 52.3018
      },
      {
        "Brigade": "12",
        "Time": "2017-05-14 06:28:51",
        "Lines": "17",
        "Lon": 20.9408,
        "Lat": 52.3006
      },
      {
        "Brigade": "12",
        "Time": "2017-05-14 06:29:01",
        "Lines": "17",
        "Lon": 20.9415,
        "Lat": 52.2994
      },
      {
        "Brigade": "12",
        "Time": "2017-05-14 06:29:12",
        "Lines": "17",
        "Lon": 20.9426,
        "Lat": 52.2982
      },
      {
        "Brigade": "12",
        "Time": "2017-05-14 06:29:22",
        "Lines": "17",
        "Lon": 20.9429,
        "Lat": 52.2979
      },
      {
        "Brigade": "12",
        "Time": "2017-05-14 06:29:33",
        "Lines": "17",
        "Lon": 20.9429,
        "Lat": 52.2979
      },
      {
        "Brigade": "12",
        "Time": "2017-05-14 06:29:39",
        "Lines": "17",
        "Lon": 20.9431,
        "Lat": 52.2976
      },
      {
        "Brigade": "12",
        "Time": "2017-05-14 06:31:23",
        "Lines": "17",
        "Lon": 20.9503,
        "Lat": 52.29
      },
      {
        "Brigade": "12",
        "Time": "2017-05-14 06:31:33",
        "Lines": "17",
        "Lon": 20.9507,
        "Lat": 52.2897
      },
      {
        "Brigade": "12",
        "Time": "2017-05-14 06:31:49",
        "Lines": "17",
        "Lon": 20.9522,
        "Lat": 52.2881
      },
      {
        "Brigade": "12",
        "Time": "2017-05-14 06:32:00",
        "Lines": "17",
        "Lon": 20.9529,
        "Lat": 52.2874
      },
      {
        "Brigade": "12",
        "Time": "2017-05-14 06:32:10",
        "Lines": "17",
        "Lon": 20.9529,
        "Lat": 52.2874
      },
      {
        "Brigade": "12",
        "Time": "2017-05-14 06:32:21",
        "Lines": "17",
        "Lon": 20.9533,
        "Lat": 52.2869
      },
      {
        "Brigade": "12",
        "Time": "2017-05-14 06:32:31",
        "Lines": "17",
        "Lon": 20.9543,
        "Lat": 52.2859
      },
      {
        "Brigade": "12",
        "Time": "2017-05-14 06:32:42",
        "Lines": "17",
        "Lon": 20.9547,
        "Lat": 52.2854
      },
      {
        "Brigade": "12",
        "Time": "2017-05-14 06:32:52",
        "Lines": "17",
        "Lon": 20.9551,
        "Lat": 52.2848
      },
      {
        "Brigade": "12",
        "Time": "2017-05-14 06:33:08",
        "Lines": "17",
        "Lon": 20.9561,
        "Lat": 52.2837
      },
      {
        "Brigade": "12",
        "Time": "2017-05-14 06:33:18",
        "Lines": "17",
        "Lon": 20.9565,
        "Lat": 52.2834
      },
      {
        "Brigade": "12",
        "Time": "2017-05-14 06:33:29",
        "Lines": "17",
        "Lon": 20.9565,
        "Lat": 52.2834
      },
      {
        "Brigade": "12",
        "Time": "2017-05-14 06:33:39",
        "Lines": "17",
        "Lon": 20.957,
        "Lat": 52.2828
      },
      {
        "Brigade": "12",
        "Time": "2017-05-14 06:33:50",
        "Lines": "17",
        "Lon": 20.9574,
        "Lat": 52.2823
      },
      {
        "Brigade": "12",
        "Time": "2017-05-14 06:34:00",
        "Lines": "17",
        "Lon": 20.9579,
        "Lat": 52.2819
      },
      {
        "Brigade": "12",
        "Time": "2017-05-14 06:34:11",
        "Lines": "17",
        "Lon": 20.9584,
        "Lat": 52.2813
      },
      {
        "Brigade": "12",
        "Time": "2017-05-14 06:34:22",
        "Lines": "17",
        "Lon": 20.9589,
        "Lat": 52.2808
      },
      {
        "Brigade": "12",
        "Time": "2017-05-14 06:34:32",
        "Lines": "17",
        "Lon": 20.9593,
        "Lat": 52.2804
      },
      {
        "Brigade": "12",
        "Time": "2017-05-14 06:34:47",
        "Lines": "17",
        "Lon": 20.9593,
        "Lat": 52.2804
      },
      {
        "Brigade": "12",
        "Time": "2017-05-14 06:34:58",
        "Lines": "17",
        "Lon": 20.9593,
        "Lat": 52.2804
      },
      {
        "Brigade": "12",
        "Time": "2017-05-14 06:35:08",
        "Lines": "17",
        "Lon": 20.9594,
        "Lat": 52.2803
      },
      {
        "Brigade": "12",
        "Time": "2017-05-14 06:35:19",
        "Lines": "17",
        "Lon": 20.9602,
        "Lat": 52.2795
      },
      {
        "Brigade": "12",
        "Time": "2017-05-14 06:35:29",
        "Lines": "17",
        "Lon": 20.9611,
        "Lat": 52.2785
      },
      {
        "Brigade": "12",
        "Time": "2017-05-14 06:35:40",
        "Lines": "17",
        "Lon": 20.9618,
        "Lat": 52.2777
      },
      {
        "Brigade": "12",
        "Time": "2017-05-14 06:35:50",
        "Lines": "17",
        "Lon": 20.9627,
        "Lat": 52.2768
      },
      {
        "Brigade": "12",
        "Time": "2017-05-14 06:36:01",
        "Lines": "17",
        "Lon": 20.9636,
        "Lat": 52.276
      },
      {
        "Brigade": "12",
        "Time": "2017-05-14 06:36:11",
        "Lines": "17",
        "Lon": 20.9639,
        "Lat": 52.2756
      },
      {
        "Brigade": "12",
        "Time": "2017-05-14 06:36:22",
        "Lines": "17",
        "Lon": 20.9642,
        "Lat": 52.2754
      },
      {
        "Brigade": "12",
        "Time": "2017-05-14 06:36:32",
        "Lines": "17",
        "Lon": 20.9651,
        "Lat": 52.2747
      },
      {
        "Brigade": "12",
        "Time": "2017-05-14 06:36:43",
        "Lines": "17",
        "Lon": 20.966,
        "Lat": 52.2742
      },
      {
        "Brigade": "12",
        "Time": "2017-05-14 06:36:59",
        "Lines": "17",
        "Lon": 20.967,
        "Lat": 52.2737
      },
      {
        "Brigade": "12",
        "Time": "2017-05-14 06:37:09",
        "Lines": "17",
        "Lon": 20.9674,
        "Lat": 52.2735
      },
      {
        "Brigade": "12",
        "Time": "2017-05-14 06:37:20",
        "Lines": "17",
        "Lon": 20.9674,
        "Lat": 52.2735
      },
      {
        "Brigade": "12",
        "Time": "2017-05-14 06:37:30",
        "Lines": "17",
        "Lon": 20.9678,
        "Lat": 52.2733
      },
      {
        "Brigade": "12",
        "Time": "2017-05-14 06:37:41",
        "Lines": "17",
        "Lon": 20.9684,
        "Lat": 52.2731
      },
      {
        "Brigade": "12",
        "Time": "2017-05-14 06:37:51",
        "Lines": "17",
        "Lon": 20.969,
        "Lat": 52.2729
      },
      {
        "Brigade": "12",
        "Time": "2017-05-14 06:38:01",
        "Lines": "17",
        "Lon": 20.9698,
        "Lat": 52.2727
      },
      {
        "Brigade": "12",
        "Time": "2017-05-14 06:38:12",
        "Lines": "17",
        "Lon": 20.9707,
        "Lat": 52.2724
      },
      {
        "Brigade": "12",
        "Time": "2017-05-14 06:38:22",
        "Lines": "17",
        "Lon": 20.9715,
        "Lat": 52.2723
      },
      {
        "Brigade": "12",
        "Time": "2017-05-14 06:38:33",
        "Lines": "17",
        "Lon": 20.9722,
        "Lat": 52.2721
      },
      {
        "Brigade": "12",
        "Time": "2017-05-14 06:38:49",
        "Lines": "17",
        "Lon": 20.9732,
        "Lat": 52.2719
      },
      {
        "Brigade": "12",
        "Time": "2017-05-14 06:38:59",
        "Lines": "17",
        "Lon": 20.9733,
        "Lat": 52.2718
      },
      {
        "Brigade": "12",
        "Time": "2017-05-14 06:39:09",
        "Lines": "17",
        "Lon": 20.9733,
        "Lat": 52.2718
      },
      {
        "Brigade": "12",
        "Time": "2017-05-14 06:39:20",
        "Lines": "17",
        "Lon": 20.9733,
        "Lat": 52.2718
      },
      {
        "Brigade": "12",
        "Time": "2017-05-14 06:39:31",
        "Lines": "17",
        "Lon": 20.9736,
        "Lat": 52.2716
      },
      {
        "Brigade": "12",
        "Time": "2017-05-14 06:39:41",
        "Lines": "17",
        "Lon": 20.974,
        "Lat": 52.271
      },
      {
        "Brigade": "12",
        "Time": "2017-05-14 06:39:51",
        "Lines": "17",
        "Lon": 20.9746,
        "Lat": 52.2702
      },
      {
        "Brigade": "12",
        "Time": "2017-05-14 06:40:02",
        "Lines": "17",
        "Lon": 20.9755,
        "Lat": 52.2689
      },
      {
        "Brigade": "12",
        "Time": "2017-05-14 06:40:12",
        "Lines": "17",
        "Lon": 20.9764,
        "Lat": 52.2675
      },
      {
        "Brigade": "12",
        "Time": "2017-05-14 06:40:28",
        "Lines": "17",
        "Lon": 20.9769,
        "Lat": 52.2668
      },
      {
        "Brigade": "12",
        "Time": "2017-05-14 06:40:39",
        "Lines": "17",
        "Lon": 20.9769,
        "Lat": 52.2668
      },
      {
        "Brigade": "12",
        "Time": "2017-05-14 06:40:49",
        "Lines": "17",
        "Lon": 20.9769,
        "Lat": 52.2668
      },
      {
        "Brigade": "12",
        "Time": "2017-05-14 06:41:00",
        "Lines": "17",
        "Lon": 20.9769,
        "Lat": 52.2668
      },
      {
        "Brigade": "12",
        "Time": "2017-05-14 06:41:10",
        "Lines": "17",
        "Lon": 20.9769,
        "Lat": 52.2668
      },
      {
        "Brigade": "12",
        "Time": "2017-05-14 06:41:21",
        "Lines": "17",
        "Lon": 20.977,
        "Lat": 52.2666
      },
      {
        "Brigade": "12",
        "Time": "2017-05-14 06:41:31",
        "Lines": "17",
        "Lon": 20.9776,
        "Lat": 52.2656
      },
      {
        "Brigade": "12",
        "Time": "2017-05-14 06:41:42",
        "Lines": "17",
        "Lon": 20.9785,
        "Lat": 52.2643
      },
      {
        "Brigade": "12",
        "Time": "2017-05-14 06:41:52",
        "Lines": "17",
        "Lon": 20.9793,
        "Lat": 52.2631
      },
      {
        "Brigade": "12",
        "Time": "2017-05-14 06:42:03",
        "Lines": "17",
        "Lon": 20.9795,
        "Lat": 52.2628
      },
      {
        "Brigade": "12",
        "Time": "2017-05-14 06:42:18",
        "Lines": "17",
        "Lon": 20.9795,
        "Lat": 52.2628
      },
      {
        "Brigade": "12",
        "Time": "2017-05-14 06:42:29",
        "Lines": "17",
        "Lon": 20.9795,
        "Lat": 52.2628
      },
      {
        "Brigade": "12",
        "Time": "2017-05-14 06:42:39",
        "Lines": "17",
        "Lon": 20.9795,
        "Lat": 52.2628
      },
      {
        "Brigade": "12",
        "Time": "2017-05-14 06:42:50",
        "Lines": "17",
        "Lon": 20.9795,
        "Lat": 52.2628
      },
      {
        "Brigade": "12",
        "Time": "2017-05-14 06:43:00",
        "Lines": "17",
        "Lon": 20.9795,
        "Lat": 52.2628
      },
      {
        "Brigade": "12",
        "Time": "2017-05-14 06:43:11",
        "Lines": "17",
        "Lon": 20.9795,
        "Lat": 52.2628
      },
      {
        "Brigade": "12",
        "Time": "2017-05-14 06:43:21",
        "Lines": "17",
        "Lon": 20.9795,
        "Lat": 52.2628
      },
      {
        "Brigade": "12",
        "Time": "2017-05-14 06:43:32",
        "Lines": "17",
        "Lon": 20.9799,
        "Lat": 52.2622
      },
      {
        "Brigade": "12",
        "Time": "2017-05-14 06:43:42",
        "Lines": "17",
        "Lon": 20.9803,
        "Lat": 52.2617
      },
      {
        "Brigade": "12",
        "Time": "2017-05-14 06:43:53",
        "Lines": "17",
        "Lon": 20.9807,
        "Lat": 52.2607
      },
      {
        "Brigade": "12",
        "Time": "2017-05-14 06:44:08",
        "Lines": "17",
        "Lon": 20.9811,
        "Lat": 52.2587
      },
      {
        "Brigade": "12",
        "Time": "2017-05-14 06:44:19",
        "Lines": "17",
        "Lon": 20.9815,
        "Lat": 52.2572
      },
      {
        "Brigade": "12",
        "Time": "2017-05-14 06:44:29",
        "Lines": "17",
        "Lon": 20.982,
        "Lat": 52.2559
      },
      {
        "Brigade": "12",
        "Time": "2017-05-14 06:44:35",
        "Lines": "17",
        "Lon": 20.9821,
        "Lat": 52.2555
      },
      {
        "Brigade": "12",
        "Time": "2017-05-14 06:44:50",
        "Lines": "17",
        "Lon": 20.9822,
        "Lat": 52.2554
      },
      {
        "Brigade": "12",
        "Time": "2017-05-14 06:45:01",
        "Lines": "17",
        "Lon": 20.9822,
        "Lat": 52.2554
      },
      {
        "Brigade": "12",
        "Time": "2017-05-14 06:45:11",
        "Lines": "17",
        "Lon": 20.9822,
        "Lat": 52.2554
      },
      {
        "Brigade": "12",
        "Time": "2017-05-14 06:45:22",
        "Lines": "17",
        "Lon": 20.9822,
        "Lat": 52.2554
      },
      {
        "Brigade": "12",
        "Time": "2017-05-14 06:45:32",
        "Lines": "17",
        "Lon": 20.9822,
        "Lat": 52.2554
      },
      {
        "Brigade": "12",
        "Time": "2017-05-14 06:45:43",
        "Lines": "17",
        "Lon": 20.9822,
        "Lat": 52.2554
      },
      {
        "Brigade": "12",
        "Time": "2017-05-14 06:45:53",
        "Lines": "17",
        "Lon": 20.9823,
        "Lat": 52.255
      },
      {
        "Brigade": "12",
        "Time": "2017-05-14 06:46:09",
        "Lines": "17",
        "Lon": 20.9827,
        "Lat": 52.2544
      },
      {
        "Brigade": "12",
        "Time": "2017-05-14 06:46:20",
        "Lines": "17",
        "Lon": 20.9827,
        "Lat": 52.2544
      },
      {
        "Brigade": "12",
        "Time": "2017-05-14 06:46:30",
        "Lines": "17",
        "Lon": 20.983,
        "Lat": 52.254
      },
      {
        "Brigade": "12",
        "Time": "2017-05-14 06:46:40",
        "Lines": "17",
        "Lon": 20.9833,
        "Lat": 52.2537
      },
      {
        "Brigade": "12",
        "Time": "2017-05-14 06:46:51",
        "Lines": "17",
        "Lon": 20.9833,
        "Lat": 52.2537
      },
      {
        "Brigade": "12",
        "Time": "2017-05-14 06:47:01",
        "Lines": "17",
        "Lon": 20.9836,
        "Lat": 52.2534
      },
      {
        "Brigade": "12",
        "Time": "2017-05-14 06:47:12",
        "Lines": "17",
        "Lon": 20.9839,
        "Lat": 52.2531
      },
      {
        "Brigade": "12",
        "Time": "2017-05-14 06:47:22",
        "Lines": "17",
        "Lon": 20.9849,
        "Lat": 52.2519
      },
      {
        "Brigade": "12",
        "Time": "2017-05-14 06:47:33",
        "Lines": "17",
        "Lon": 20.9854,
        "Lat": 52.2513
      },
      {
        "Brigade": "12",
        "Time": "2017-05-14 06:47:43",
        "Lines": "17",
        "Lon": 20.9854,
        "Lat": 52.2513
      },
      {
        "Brigade": "12",
        "Time": "2017-05-14 06:47:54",
        "Lines": "17",
        "Lon": 20.9856,
        "Lat": 52.2511
      },
      {
        "Brigade": "12",
        "Time": "2017-05-14 06:48:10",
        "Lines": "17",
        "Lon": 20.9867,
        "Lat": 52.2498
      },
      {
        "Brigade": "12",
        "Time": "2017-05-14 06:48:20",
        "Lines": "17",
        "Lon": 20.9878,
        "Lat": 52.2486
      },
      {
        "Brigade": "12",
        "Time": "2017-05-14 06:48:31",
        "Lines": "17",
        "Lon": 20.9886,
        "Lat": 52.2477
      },
      {
        "Brigade": "12",
        "Time": "2017-05-14 06:48:44",
        "Lines": "17",
        "Lon": 20.9886,
        "Lat": 52.2476
      },
      {
        "Brigade": "12",
        "Time": "2017-05-14 06:48:52",
        "Lines": "17",
        "Lon": 20.9886,
        "Lat": 52.2476
      },
      {
        "Brigade": "12",
        "Time": "2017-05-14 06:49:02",
        "Lines": "17",
        "Lon": 20.9892,
        "Lat": 52.2469
      },
      {
        "Brigade": "12",
        "Time": "2017-05-14 06:49:13",
        "Lines": "17",
        "Lon": 20.9903,
        "Lat": 52.2457
      },
      {
        "Brigade": "12",
        "Time": "2017-05-14 06:49:23",
        "Lines": "17",
        "Lon": 20.9913,
        "Lat": 52.2445
      },
      {
        "Brigade": "12",
        "Time": "2017-05-14 06:49:34",
        "Lines": "17",
        "Lon": 20.9918,
        "Lat": 52.244
      },
      {
        "Brigade": "12",
        "Time": "2017-05-14 06:49:44",
        "Lines": "17",
        "Lon": 20.9918,
        "Lat": 52.244
      },
      {
        "Brigade": "12",
        "Time": "2017-05-14 06:49:55",
        "Lines": "17",
        "Lon": 20.9918,
        "Lat": 52.2439
      },
      {
        "Brigade": "12",
        "Time": "2017-05-14 06:50:10",
        "Lines": "17",
        "Lon": 20.9925,
        "Lat": 52.2431
      },
      {
        "Brigade": "12",
        "Time": "2017-05-14 06:50:21",
        "Lines": "17",
        "Lon": 20.993,
        "Lat": 52.2426
      },
      {
        "Brigade": "12",
        "Time": "2017-05-14 06:50:31",
        "Lines": "17",
        "Lon": 20.9933,
        "Lat": 52.2422
      },
      {
        "Brigade": "12",
        "Time": "2017-05-14 06:50:42",
        "Lines": "17",
        "Lon": 20.9933,
        "Lat": 52.2422
      },
      {
        "Brigade": "12",
        "Time": "2017-05-14 06:50:52",
        "Lines": "17",
        "Lon": 20.9933,
        "Lat": 52.2422
      },
      {
        "Brigade": "12",
        "Time": "2017-05-14 06:51:03",
        "Lines": "17",
        "Lon": 20.9933,
        "Lat": 52.2422
      },
      {
        "Brigade": "12",
        "Time": "2017-05-14 06:51:13",
        "Lines": "17",
        "Lon": 20.9933,
        "Lat": 52.2422
      },
      {
        "Brigade": "12",
        "Time": "2017-05-14 06:51:29",
        "Lines": "17",
        "Lon": 20.9933,
        "Lat": 52.2422
      },
      {
        "Brigade": "12",
        "Time": "2017-05-14 06:51:39",
        "Lines": "17",
        "Lon": 20.9933,
        "Lat": 52.2422
      },
      {
        "Brigade": "12",
        "Time": "2017-05-14 06:51:50",
        "Lines": "17",
        "Lon": 20.9933,
        "Lat": 52.2422
      },
      {
        "Brigade": "12",
        "Time": "2017-05-14 06:52:00",
        "Lines": "17",
        "Lon": 20.9933,
        "Lat": 52.2422
      },
      {
        "Brigade": "12",
        "Time": "2017-05-14 06:52:11",
        "Lines": "17",
        "Lon": 20.9933,
        "Lat": 52.2422
      },
      {
        "Brigade": "12",
        "Time": "2017-05-14 06:52:21",
        "Lines": "17",
        "Lon": 20.9933,
        "Lat": 52.2422
      },
      {
        "Brigade": "12",
        "Time": "2017-05-14 06:52:32",
        "Lines": "17",
        "Lon": 20.9933,
        "Lat": 52.2422
      },
      {
        "Brigade": "12",
        "Time": "2017-05-14 06:52:42",
        "Lines": "17",
        "Lon": 20.9933,
        "Lat": 52.2422
      },
      {
        "Brigade": "12",
        "Time": "2017-05-14 06:52:53",
        "Lines": "17",
        "Lon": 20.9936,
        "Lat": 52.2419
      },
      {
        "Brigade": "12",
        "Time": "2017-05-14 06:53:03",
        "Lines": "17",
        "Lon": 20.9941,
        "Lat": 52.2413
      },
      {
        "Brigade": "12",
        "Time": "2017-05-14 06:53:19",
        "Lines": "17",
        "Lon": 20.9956,
        "Lat": 52.2395
      },
      {
        "Brigade": "12",
        "Time": "2017-05-14 06:53:29",
        "Lines": "17",
        "Lon": 20.996,
        "Lat": 52.2386
      },
      {
        "Brigade": "12",
        "Time": "2017-05-14 06:53:35",
        "Lines": "17",
        "Lon": 20.9962,
        "Lat": 52.2383
      },
      {
        "Brigade": "12",
        "Time": "2017-05-14 06:53:50",
        "Lines": "17",
        "Lon": 20.9962,
        "Lat": 52.2382
      },
      {
        "Brigade": "12",
        "Time": "2017-05-14 06:54:01",
        "Lines": "17",
        "Lon": 20.9965,
        "Lat": 52.2375
      },
      {
        "Brigade": "12",
        "Time": "2017-05-14 06:54:11",
        "Lines": "17",
        "Lon": 20.997,
        "Lat": 52.2363
      },
      {
        "Brigade": "12",
        "Time": "2017-05-14 06:54:27",
        "Lines": "17",
        "Lon": 20.9978,
        "Lat": 52.2343
      },
      {
        "Brigade": "12",
        "Time": "2017-05-14 06:54:38",
        "Lines": "17",
        "Lon": 20.9981,
        "Lat": 52.2336
      },
      {
        "Brigade": "12",
        "Time": "2017-05-14 06:54:48",
        "Lines": "17",
        "Lon": 20.9981,
        "Lat": 52.2336
      },
      {
        "Brigade": "12",
        "Time": "2017-05-14 06:54:59",
        "Lines": "17",
        "Lon": 20.9981,
        "Lat": 52.2336
      },
      {
        "Brigade": "12",
        "Time": "2017-05-14 06:55:09",
        "Lines": "17",
        "Lon": 20.9981,
        "Lat": 52.2335
      },
      {
        "Brigade": "12",
        "Time": "2017-05-14 06:55:20",
        "Lines": "17",
        "Lon": 20.9985,
        "Lat": 52.233
      },
      {
        "Brigade": "12",
        "Time": "2017-05-14 06:55:30",
        "Lines": "17",
        "Lon": 20.9988,
        "Lat": 52.2324
      },
      {
        "Brigade": "12",
        "Time": "2017-05-14 06:55:41",
        "Lines": "17",
        "Lon": 20.999,
        "Lat": 52.2322
      },
      {
        "Brigade": "12",
        "Time": "2017-05-14 06:55:56",
        "Lines": "17",
        "Lon": 20.9991,
        "Lat": 52.232
      },
      {
        "Brigade": "12",
        "Time": "2017-05-14 06:56:07",
        "Lines": "17",
        "Lon": 20.9996,
        "Lat": 52.2312
      },
      {
        "Brigade": "12",
        "Time": "2017-05-14 06:56:17",
        "Lines": "17",
        "Lon": 21.0001,
        "Lat": 52.2304
      },
      {
        "Brigade": "12",
        "Time": "2017-05-14 06:56:23",
        "Lines": "17",
        "Lon": 21.0004,
        "Lat": 52.23
      },
      {
        "Brigade": "12",
        "Time": "2017-05-14 06:56:39",
        "Lines": "17",
        "Lon": 21.0012,
        "Lat": 52.2289
      },
      {
        "Brigade": "12",
        "Time": "2017-05-14 06:56:49",
        "Lines": "17",
        "Lon": 21.0016,
        "Lat": 52.2282
      },
      {
        "Brigade": "12",
        "Time": "2017-05-14 06:57:10",
        "Lines": "17",
        "Lon": 21.0017,
        "Lat": 52.2281
      },
      {
        "Brigade": "12",
        "Time": "2017-05-14 06:57:20",
        "Lines": "17",
        "Lon": 21.0017,
        "Lat": 52.2281
      },
      {
        "Brigade": "12",
        "Time": "2017-05-14 06:57:36",
        "Lines": "17",
        "Lon": 21.0017,
        "Lat": 52.2281
      },
      {
        "Brigade": "12",
        "Time": "2017-05-14 06:57:46",
        "Lines": "17",
        "Lon": 21.0017,
        "Lat": 52.2281
      },
      {
        "Brigade": "12",
        "Time": "2017-05-14 06:57:57",
        "Lines": "17",
        "Lon": 21.0017,
        "Lat": 52.2281
      },
      {
        "Brigade": "12",
        "Time": "2017-05-14 06:58:08",
        "Lines": "17",
        "Lon": 21.0019,
        "Lat": 52.2277
      },
      {
        "Brigade": "12",
        "Time": "2017-05-14 06:58:18",
        "Lines": "17",
        "Lon": 21.0024,
        "Lat": 52.2271
      },
      {
        "Brigade": "12",
        "Time": "2017-05-14 06:58:28",
        "Lines": "17",
        "Lon": 21.0032,
        "Lat": 52.2258
      },
      {
        "Brigade": "12",
        "Time": "2017-05-14 06:58:41",
        "Lines": "17",
        "Lon": 21.0038,
        "Lat": 52.2246
      },
      {
        "Brigade": "12",
        "Time": "2017-05-14 06:58:55",
        "Lines": "17",
        "Lon": 21.0046,
        "Lat": 52.2233
      },
      {
        "Brigade": "12",
        "Time": "2017-05-14 06:59:00",
        "Lines": "17",
        "Lon": 21.0046,
        "Lat": 52.2233
      },
      {
        "Brigade": "12",
        "Time": "2017-05-14 06:59:16",
        "Lines": "17",
        "Lon": 21.0048,
        "Lat": 52.2226
      },
      {
        "Brigade": "12",
        "Time": "2017-05-14 06:59:27",
        "Lines": "17",
        "Lon": 21.0048,
        "Lat": 52.2212
      },
      {
        "Brigade": "12",
        "Time": "2017-05-14 06:59:37",
        "Lines": "17",
        "Lon": 21.0049,
        "Lat": 52.2206
      },
      {
        "Brigade": "12",
        "Time": "2017-05-14 06:59:42",
        "Lines": "17",
        "Lon": 21.0048,
        "Lat": 52.2206
      },
      {
        "Brigade": "12",
        "Time": "2017-05-14 06:59:58",
        "Lines": "17",
        "Lon": 21.0048,
        "Lat": 52.2206
      },
      {
        "Brigade": "12",
        "Time": "2017-05-14 07:00:08",
        "Lines": "17",
        "Lon": 21.0048,
        "Lat": 52.2206
      },
      {
        "Brigade": "12",
        "Time": "2017-05-14 07:00:19",
        "Lines": "17",
        "Lon": 21.0049,
        "Lat": 52.2204
      },
      {
        "Brigade": "12",
        "Time": "2017-05-14 07:00:34",
        "Lines": "17",
        "Lon": 21.0049,
        "Lat": 52.2197
      },
      {
        "Brigade": "12",
        "Time": "2017-05-14 07:00:46",
        "Lines": "17",
        "Lon": 21.0049,
        "Lat": 52.2186
      },
      {
        "Brigade": "12",
        "Time": "2017-05-14 07:00:55",
        "Lines": "17",
        "Lon": 21.005,
        "Lat": 52.2177
      },
      {
        "Brigade": "12",
        "Time": "2017-05-14 07:01:09",
        "Lines": "17",
        "Lon": 21.005,
        "Lat": 52.2176
      },
      {
        "Brigade": "12",
        "Time": "2017-05-14 07:01:16",
        "Lines": "17",
        "Lon": 21.005,
        "Lat": 52.2176
      },
      {
        "Brigade": "12",
        "Time": "2017-05-14 07:01:27",
        "Lines": "17",
        "Lon": 21.005,
        "Lat": 52.2176
      },
      {
        "Brigade": "12",
        "Time": "2017-05-14 07:01:37",
        "Lines": "17",
        "Lon": 21.005,
        "Lat": 52.2176
      },
      {
        "Brigade": "12",
        "Time": "2017-05-14 07:01:53",
        "Lines": "17",
        "Lon": 21.005,
        "Lat": 52.2176
      },
      {
        "Brigade": "12",
        "Time": "2017-05-14 07:01:58",
        "Lines": "17",
        "Lon": 21.005,
        "Lat": 52.2176
      },
      {
        "Brigade": "12",
        "Time": "2017-05-14 07:02:09",
        "Lines": "17",
        "Lon": 21.005,
        "Lat": 52.2175
      },
      {
        "Brigade": "12",
        "Time": "2017-05-14 07:02:24",
        "Lines": "17",
        "Lon": 21.0053,
        "Lat": 52.2162
      },
      {
        "Brigade": "12",
        "Time": "2017-05-14 07:02:35",
        "Lines": "17",
        "Lon": 21.0053,
        "Lat": 52.2162
      },
      {
        "Brigade": "12",
        "Time": "2017-05-14 07:02:45",
        "Lines": "17",
        "Lon": 21.0054,
        "Lat": 52.2158
      },
      {
        "Brigade": "12",
        "Time": "2017-05-14 07:02:56",
        "Lines": "17",
        "Lon": 21.0058,
        "Lat": 52.2145
      },
      {
        "Brigade": "12",
        "Time": "2017-05-14 07:03:17",
        "Lines": "17",
        "Lon": 21.0062,
        "Lat": 52.2132
      },
      {
        "Brigade": "12",
        "Time": "2017-05-14 07:03:27",
        "Lines": "17",
        "Lon": 21.0065,
        "Lat": 52.2122
      },
      {
        "Brigade": "12",
        "Time": "2017-05-14 07:03:43",
        "Lines": "17",
        "Lon": 21.0069,
        "Lat": 52.2109
      },
      {
        "Brigade": "12",
        "Time": "2017-05-14 07:03:53",
        "Lines": "17",
        "Lon": 21.0071,
        "Lat": 52.2103
      },
      {
        "Brigade": "12",
        "Time": "2017-05-14 07:04:04",
        "Lines": "17",
        "Lon": 21.0076,
        "Lat": 52.2089
      },
      {
        "Brigade": "12",
        "Time": "2017-05-14 07:04:14",
        "Lines": "17",
        "Lon": 21.0078,
        "Lat": 52.2083
      },
      {
        "Brigade": "12",
        "Time": "2017-05-14 07:04:25",
        "Lines": "17",
        "Lon": 21.0078,
        "Lat": 52.2083
      },
      {
        "Brigade": "12",
        "Time": "2017-05-14 07:04:35",
        "Lines": "17",
        "Lon": 21.0079,
        "Lat": 52.2081
      },
      {
        "Brigade": "12",
        "Time": "2017-05-14 07:04:46",
        "Lines": "17",
        "Lon": 21.0078,
        "Lat": 52.2076
      },
      {
        "Brigade": "12",
        "Time": "2017-05-14 07:04:56",
        "Lines": "17",
        "Lon": 21.0069,
        "Lat": 52.2074
      },
      {
        "Brigade": "12",
        "Time": "2017-05-14 07:05:07",
        "Lines": "17",
        "Lon": 21.0059,
        "Lat": 52.2073
      },
      {
        "Brigade": "12",
        "Time": "2017-05-14 07:05:17",
        "Lines": "17",
        "Lon": 21.0048,
        "Lat": 52.2071
      },
      {
        "Brigade": "12",
        "Time": "2017-05-14 07:05:28",
        "Lines": "17",
        "Lon": 21.0039,
        "Lat": 52.2069
      },
      {
        "Brigade": "12",
        "Time": "2017-05-14 07:05:44",
        "Lines": "17",
        "Lon": 21.0036,
        "Lat": 52.2069
      },
      {
        "Brigade": "12",
        "Time": "2017-05-14 07:05:54",
        "Lines": "17",
        "Lon": 21.0036,
        "Lat": 52.2069
      },
      {
        "Brigade": "12",
        "Time": "2017-05-14 07:06:05",
        "Lines": "17",
        "Lon": 21.0036,
        "Lat": 52.2069
      },
      {
        "Brigade": "12",
        "Time": "2017-05-14 07:06:15",
        "Lines": "17",
        "Lon": 21.0031,
        "Lat": 52.2068
      },
      {
        "Brigade": "12",
        "Time": "2017-05-14 07:06:25",
        "Lines": "17",
        "Lon": 21.0023,
        "Lat": 52.2066
      },
      {
        "Brigade": "12",
        "Time": "2017-05-14 07:06:36",
        "Lines": "17",
        "Lon": 21.0013,
        "Lat": 52.2064
      },
      {
        "Brigade": "12",
        "Time": "2017-05-14 07:06:46",
        "Lines": "17",
        "Lon": 21.0004,
        "Lat": 52.2063
      },
      {
        "Brigade": "12",
        "Time": "2017-05-14 07:06:57",
        "Lines": "17",
        "Lon": 20.9996,
        "Lat": 52.2061
      },
      {
        "Brigade": "12",
        "Time": "2017-05-14 07:07:13",
        "Lines": "17",
        "Lon": 20.9996,
        "Lat": 52.2061
      },
      {
        "Brigade": "12",
        "Time": "2017-05-14 07:07:23",
        "Lines": "17",
        "Lon": 20.9993,
        "Lat": 52.206
      },
      {
        "Brigade": "12",
        "Time": "2017-05-14 07:07:34",
        "Lines": "17",
        "Lon": 20.9993,
        "Lat": 52.2054
      },
      {
        "Brigade": "12",
        "Time": "2017-05-14 07:07:44",
        "Lines": "17",
        "Lon": 20.9994,
        "Lat": 52.2052
      },
      {
        "Brigade": "12",
        "Time": "2017-05-14 07:07:55",
        "Lines": "17",
        "Lon": 20.9994,
        "Lat": 52.2052
      },
      {
        "Brigade": "12",
        "Time": "2017-05-14 07:08:05",
        "Lines": "17",
        "Lon": 20.9994,
        "Lat": 52.2052
      },
      {
        "Brigade": "12",
        "Time": "2017-05-14 07:08:16",
        "Lines": "17",
        "Lon": 20.9996,
        "Lat": 52.2043
      },
      {
        "Brigade": "12",
        "Time": "2017-05-14 07:08:26",
        "Lines": "17",
        "Lon": 21,
        "Lat": 52.2032
      },
      {
        "Brigade": "12",
        "Time": "2017-05-14 07:08:37",
        "Lines": "17",
        "Lon": 21.0003,
        "Lat": 52.2021
      },
      {
        "Brigade": "12",
        "Time": "2017-05-14 07:08:47",
        "Lines": "17",
        "Lon": 21.0003,
        "Lat": 52.2019
      },
      {
        "Brigade": "12",
        "Time": "2017-05-14 07:09:03",
        "Lines": "17",
        "Lon": 21.0003,
        "Lat": 52.2019
      },
      {
        "Brigade": "12",
        "Time": "2017-05-14 07:09:13",
        "Lines": "17",
        "Lon": 21.0005,
        "Lat": 52.2015
      },
      {
        "Brigade": "12",
        "Time": "2017-05-14 07:09:24",
        "Lines": "17",
        "Lon": 21.0008,
        "Lat": 52.2003
      },
      {
        "Brigade": "12",
        "Time": "2017-05-14 07:09:36",
        "Lines": "17",
        "Lon": 21.0011,
        "Lat": 52.1992
      },
      {
        "Brigade": "12",
        "Time": "2017-05-14 07:09:47",
        "Lines": "17",
        "Lon": 21.0011,
        "Lat": 52.1991
      },
      {
        "Brigade": "12",
        "Time": "2017-05-14 07:09:55",
        "Lines": "17",
        "Lon": 21.0011,
        "Lat": 52.1991
      },
      {
        "Brigade": "12",
        "Time": "2017-05-14 07:10:06",
        "Lines": "17",
        "Lon": 21.0011,
        "Lat": 52.1991
      },
      {
        "Brigade": "12",
        "Time": "2017-05-14 07:10:16",
        "Lines": "17",
        "Lon": 21.0011,
        "Lat": 52.1991
      },
      {
        "Brigade": "12",
        "Time": "2017-05-14 07:10:27",
        "Lines": "17",
        "Lon": 21.0011,
        "Lat": 52.1991
      },
      {
        "Brigade": "12",
        "Time": "2017-05-14 07:10:37",
        "Lines": "17",
        "Lon": 21.0013,
        "Lat": 52.1984
      },
      {
        "Brigade": "12",
        "Time": "2017-05-14 07:10:43",
        "Lines": "17",
        "Lon": 21.0015,
        "Lat": 52.1976
      },
      {
        "Brigade": "12",
        "Time": "2017-05-14 07:11:03",
        "Lines": "17",
        "Lon": 21.0018,
        "Lat": 52.196
      },
      {
        "Brigade": "12",
        "Time": "2017-05-14 07:11:14",
        "Lines": "17",
        "Lon": 21.0018,
        "Lat": 52.196
      },
      {
        "Brigade": "12",
        "Time": "2017-05-14 07:11:25",
        "Lines": "17",
        "Lon": 21.0018,
        "Lat": 52.1953
      },
      {
        "Brigade": "12",
        "Time": "2017-05-14 07:11:35",
        "Lines": "17",
        "Lon": 21.0017,
        "Lat": 52.1946
      },
      {
        "Brigade": "12",
        "Time": "2017-05-14 07:11:45",
        "Lines": "17",
        "Lon": 21.0017,
        "Lat": 52.1938
      },
      {
        "Brigade": "12",
        "Time": "2017-05-14 07:11:56",
        "Lines": "17",
        "Lon": 21.0018,
        "Lat": 52.1929
      },
      {
        "Brigade": "12",
        "Time": "2017-05-14 07:12:06",
        "Lines": "17",
        "Lon": 21.0018,
        "Lat": 52.1922
      },
      {
        "Brigade": "12",
        "Time": "2017-05-14 07:12:17",
        "Lines": "17",
        "Lon": 21.0018,
        "Lat": 52.1915
      },
      {
        "Brigade": "12",
        "Time": "2017-05-14 07:12:27",
        "Lines": "17",
        "Lon": 21.0018,
        "Lat": 52.191
      },
      {
        "Brigade": "12",
        "Time": "2017-05-14 07:12:43",
        "Lines": "17",
        "Lon": 21.0019,
        "Lat": 52.1902
      },
      {
        "Brigade": "12",
        "Time": "2017-05-14 07:12:54",
        "Lines": "17",
        "Lon": 21.0019,
        "Lat": 52.1897
      },
      {
        "Brigade": "12",
        "Time": "2017-05-14 07:13:04",
        "Lines": "17",
        "Lon": 21.002,
        "Lat": 52.1893
      },
      {
        "Brigade": "12",
        "Time": "2017-05-14 07:13:15",
        "Lines": "17",
        "Lon": 21.002,
        "Lat": 52.1893
      },
      {
        "Brigade": "12",
        "Time": "2017-05-14 07:13:25",
        "Lines": "17",
        "Lon": 21.002,
        "Lat": 52.189
      },
      {
        "Brigade": "12",
        "Time": "2017-05-14 07:13:36",
        "Lines": "17",
        "Lon": 21.0025,
        "Lat": 52.1888
      },
      {
        "Brigade": "12",
        "Time": "2017-05-14 07:13:41",
        "Lines": "17",
        "Lon": 21.0029,
        "Lat": 52.1888
      }
    ]
  }
]
