[
  {
    "res": [
      {
        "Brigade": "17",
        "Time": "2017-05-14 06:14:42",
        "Lines": "17",
        "Lon": 21.0018,
        "Lat": 52.1919
      },
      {
        "Brigade": "17",
        "Time": "2017-05-14 06:14:54",
        "Lines": "17",
        "Lon": 21.0018,
        "Lat": 52.1921
      },
      {
        "Brigade": "17",
        "Time": "2017-05-14 06:15:03",
        "Lines": "17",
        "Lon": 21.0018,
        "Lat": 52.1921
      },
      {
        "Brigade": "17",
        "Time": "2017-05-14 06:15:14",
        "Lines": "17",
        "Lon": 21.0018,
        "Lat": 52.1927
      },
      {
        "Brigade": "17",
        "Time": "2017-05-14 06:15:24",
        "Lines": "17",
        "Lon": 21.0018,
        "Lat": 52.1938
      },
      {
        "Brigade": "17",
        "Time": "2017-05-14 06:15:29",
        "Lines": "17",
        "Lon": 21.0018,
        "Lat": 52.1943
      },
      {
        "Brigade": "17",
        "Time": "2017-05-14 06:15:47",
        "Lines": "17",
        "Lon": 21.0018,
        "Lat": 52.1952
      },
      {
        "Brigade": "17",
        "Time": "2017-05-14 06:15:56",
        "Lines": "17",
        "Lon": 21.0018,
        "Lat": 52.1952
      },
      {
        "Brigade": "17",
        "Time": "2017-05-14 06:16:11",
        "Lines": "17",
        "Lon": 21.0018,
        "Lat": 52.1952
      },
      {
        "Brigade": "17",
        "Time": "2017-05-14 06:16:22",
        "Lines": "17",
        "Lon": 21.0018,
        "Lat": 52.1952
      },
      {
        "Brigade": "17",
        "Time": "2017-05-14 06:16:32",
        "Lines": "17",
        "Lon": 21.0018,
        "Lat": 52.1952
      },
      {
        "Brigade": "17",
        "Time": "2017-05-14 06:16:43",
        "Lines": "17",
        "Lon": 21.0018,
        "Lat": 52.1952
      },
      {
        "Brigade": "17",
        "Time": "2017-05-14 06:16:53",
        "Lines": "17",
        "Lon": 21.0018,
        "Lat": 52.1952
      },
      {
        "Brigade": "17",
        "Time": "2017-05-14 06:17:04",
        "Lines": "17",
        "Lon": 21.0018,
        "Lat": 52.1952
      },
      {
        "Brigade": "17",
        "Time": "2017-05-14 06:17:25",
        "Lines": "17",
        "Lon": 21.0017,
        "Lat": 52.1972
      },
      {
        "Brigade": "17",
        "Time": "2017-05-14 06:17:36",
        "Lines": "17",
        "Lon": 21.0014,
        "Lat": 52.1985
      },
      {
        "Brigade": "17",
        "Time": "2017-05-14 06:17:46",
        "Lines": "17",
        "Lon": 21.0013,
        "Lat": 52.1988
      },
      {
        "Brigade": "17",
        "Time": "2017-05-14 06:18:01",
        "Lines": "17",
        "Lon": 21.0013,
        "Lat": 52.1988
      },
      {
        "Brigade": "17",
        "Time": "2017-05-14 06:18:12",
        "Lines": "17",
        "Lon": 21.0013,
        "Lat": 52.1988
      },
      {
        "Brigade": "17",
        "Time": "2017-05-14 06:18:22",
        "Lines": "17",
        "Lon": 21.0013,
        "Lat": 52.1988
      },
      {
        "Brigade": "17",
        "Time": "2017-05-14 06:18:33",
        "Lines": "17",
        "Lon": 21.0011,
        "Lat": 52.1994
      },
      {
        "Brigade": "17",
        "Time": "2017-05-14 06:18:43",
        "Lines": "17",
        "Lon": 21.0007,
        "Lat": 52.2007
      },
      {
        "Brigade": "17",
        "Time": "2017-05-14 06:18:54",
        "Lines": "17",
        "Lon": 21.0004,
        "Lat": 52.2016
      },
      {
        "Brigade": "17",
        "Time": "2017-05-14 06:19:04",
        "Lines": "17",
        "Lon": 21.0002,
        "Lat": 52.2024
      },
      {
        "Brigade": "17",
        "Time": "2017-05-14 06:19:15",
        "Lines": "17",
        "Lon": 21.0002,
        "Lat": 52.2025
      },
      {
        "Brigade": "17",
        "Time": "2017-05-14 06:19:25",
        "Lines": "17",
        "Lon": 21.0002,
        "Lat": 52.2026
      },
      {
        "Brigade": "17",
        "Time": "2017-05-14 06:19:38",
        "Lines": "17",
        "Lon": 20.9999,
        "Lat": 52.2037
      },
      {
        "Brigade": "17",
        "Time": "2017-05-14 06:19:52",
        "Lines": "17",
        "Lon": 20.9994,
        "Lat": 52.2054
      },
      {
        "Brigade": "17",
        "Time": "2017-05-14 06:19:57",
        "Lines": "17",
        "Lon": 20.9993,
        "Lat": 52.2057
      },
      {
        "Brigade": "17",
        "Time": "2017-05-14 06:20:13",
        "Lines": "17",
        "Lon": 20.9993,
        "Lat": 52.2057
      },
      {
        "Brigade": "17",
        "Time": "2017-05-14 06:20:23",
        "Lines": "17",
        "Lon": 20.9993,
        "Lat": 52.2057
      },
      {
        "Brigade": "17",
        "Time": "2017-05-14 06:20:34",
        "Lines": "17",
        "Lon": 20.9995,
        "Lat": 52.2061
      },
      {
        "Brigade": "17",
        "Time": "2017-05-14 06:20:44",
        "Lines": "17",
        "Lon": 21.0008,
        "Lat": 52.2063
      },
      {
        "Brigade": "17",
        "Time": "2017-05-14 06:20:55",
        "Lines": "17",
        "Lon": 21.0023,
        "Lat": 52.2066
      },
      {
        "Brigade": "17",
        "Time": "2017-05-14 06:21:05",
        "Lines": "17",
        "Lon": 21.0034,
        "Lat": 52.2068
      },
      {
        "Brigade": "17",
        "Time": "2017-05-14 06:21:16",
        "Lines": "17",
        "Lon": 21.0041,
        "Lat": 52.2069
      },
      {
        "Brigade": "17",
        "Time": "2017-05-14 06:21:26",
        "Lines": "17",
        "Lon": 21.0041,
        "Lat": 52.2069
      },
      {
        "Brigade": "17",
        "Time": "2017-05-14 06:21:37",
        "Lines": "17",
        "Lon": 21.0049,
        "Lat": 52.207
      },
      {
        "Brigade": "17",
        "Time": "2017-05-14 06:21:52",
        "Lines": "17",
        "Lon": 21.0066,
        "Lat": 52.2074
      },
      {
        "Brigade": "17",
        "Time": "2017-05-14 06:22:03",
        "Lines": "17",
        "Lon": 21.0075,
        "Lat": 52.2075
      },
      {
        "Brigade": "17",
        "Time": "2017-05-14 06:22:13",
        "Lines": "17",
        "Lon": 21.0076,
        "Lat": 52.2075
      },
      {
        "Brigade": "17",
        "Time": "2017-05-14 06:22:24",
        "Lines": "17",
        "Lon": 21.0076,
        "Lat": 52.2075
      },
      {
        "Brigade": "17",
        "Time": "2017-05-14 06:22:34",
        "Lines": "17",
        "Lon": 21.0076,
        "Lat": 52.2075
      },
      {
        "Brigade": "17",
        "Time": "2017-05-14 06:22:45",
        "Lines": "17",
        "Lon": 21.0077,
        "Lat": 52.2075
      },
      {
        "Brigade": "17",
        "Time": "2017-05-14 06:22:55",
        "Lines": "17",
        "Lon": 21.0081,
        "Lat": 52.2078
      },
      {
        "Brigade": "17",
        "Time": "2017-05-14 06:23:06",
        "Lines": "17",
        "Lon": 21.0079,
        "Lat": 52.2083
      },
      {
        "Brigade": "17",
        "Time": "2017-05-14 06:23:16",
        "Lines": "17",
        "Lon": 21.0076,
        "Lat": 52.209
      },
      {
        "Brigade": "17",
        "Time": "2017-05-14 06:23:27",
        "Lines": "17",
        "Lon": 21.0075,
        "Lat": 52.2094
      },
      {
        "Brigade": "17",
        "Time": "2017-05-14 06:23:42",
        "Lines": "17",
        "Lon": 21.0075,
        "Lat": 52.2094
      },
      {
        "Brigade": "17",
        "Time": "2017-05-14 06:23:53",
        "Lines": "17",
        "Lon": 21.0074,
        "Lat": 52.2095
      },
      {
        "Brigade": "17",
        "Time": "2017-05-14 06:24:04",
        "Lines": "17",
        "Lon": 21.0072,
        "Lat": 52.2101
      },
      {
        "Brigade": "17",
        "Time": "2017-05-14 06:24:14",
        "Lines": "17",
        "Lon": 21.0072,
        "Lat": 52.2103
      },
      {
        "Brigade": "17",
        "Time": "2017-05-14 06:24:24",
        "Lines": "17",
        "Lon": 21.0072,
        "Lat": 52.2103
      },
      {
        "Brigade": "17",
        "Time": "2017-05-14 06:24:35",
        "Lines": "17",
        "Lon": 21.0071,
        "Lat": 52.2104
      },
      {
        "Brigade": "17",
        "Time": "2017-05-14 06:24:40",
        "Lines": "17",
        "Lon": 21.007,
        "Lat": 52.2109
      },
      {
        "Brigade": "17",
        "Time": "2017-05-14 06:24:56",
        "Lines": "17",
        "Lon": 21.0064,
        "Lat": 52.2128
      },
      {
        "Brigade": "17",
        "Time": "2017-05-14 06:25:06",
        "Lines": "17",
        "Lon": 21.0063,
        "Lat": 52.213
      },
      {
        "Brigade": "17",
        "Time": "2017-05-14 06:25:17",
        "Lines": "17",
        "Lon": 21.0061,
        "Lat": 52.2137
      },
      {
        "Brigade": "17",
        "Time": "2017-05-14 06:25:32",
        "Lines": "17",
        "Lon": 21.0055,
        "Lat": 52.2157
      },
      {
        "Brigade": "17",
        "Time": "2017-05-14 06:25:43",
        "Lines": "17",
        "Lon": 21.0052,
        "Lat": 52.2166
      },
      {
        "Brigade": "17",
        "Time": "2017-05-14 06:25:51",
        "Lines": "17",
        "Lon": 21.0052,
        "Lat": 52.2168
      },
      {
        "Brigade": "17",
        "Time": "2017-05-14 06:26:05",
        "Lines": "17",
        "Lon": 21.0052,
        "Lat": 52.2168
      },
      {
        "Brigade": "17",
        "Time": "2017-05-14 06:26:14",
        "Lines": "17",
        "Lon": 21.0051,
        "Lat": 52.217
      },
      {
        "Brigade": "17",
        "Time": "2017-05-14 06:26:25",
        "Lines": "17",
        "Lon": 21.005,
        "Lat": 52.2177
      },
      {
        "Brigade": "17",
        "Time": "2017-05-14 06:26:41",
        "Lines": "17",
        "Lon": 21.0049,
        "Lat": 52.2195
      },
      {
        "Brigade": "17",
        "Time": "2017-05-14 06:26:51",
        "Lines": "17",
        "Lon": 21.0049,
        "Lat": 52.2199
      },
      {
        "Brigade": "17",
        "Time": "2017-05-14 06:27:02",
        "Lines": "17",
        "Lon": 21.0049,
        "Lat": 52.2199
      },
      {
        "Brigade": "17",
        "Time": "2017-05-14 06:27:12",
        "Lines": "17",
        "Lon": 21.0049,
        "Lat": 52.2199
      },
      {
        "Brigade": "17",
        "Time": "2017-05-14 06:27:23",
        "Lines": "17",
        "Lon": 21.0049,
        "Lat": 52.2199
      },
      {
        "Brigade": "17",
        "Time": "2017-05-14 06:27:33",
        "Lines": "17",
        "Lon": 21.0049,
        "Lat": 52.2199
      },
      {
        "Brigade": "17",
        "Time": "2017-05-14 06:27:44",
        "Lines": "17",
        "Lon": 21.0049,
        "Lat": 52.2204
      },
      {
        "Brigade": "17",
        "Time": "2017-05-14 06:27:54",
        "Lines": "17",
        "Lon": 21.0048,
        "Lat": 52.2213
      },
      {
        "Brigade": "17",
        "Time": "2017-05-14 06:28:06",
        "Lines": "17",
        "Lon": 21.0048,
        "Lat": 52.2225
      },
      {
        "Brigade": "17",
        "Time": "2017-05-14 06:28:16",
        "Lines": "17",
        "Lon": 21.0048,
        "Lat": 52.2228
      },
      {
        "Brigade": "17",
        "Time": "2017-05-14 06:28:26",
        "Lines": "17",
        "Lon": 21.0048,
        "Lat": 52.2228
      },
      {
        "Brigade": "17",
        "Time": "2017-05-14 06:28:36",
        "Lines": "17",
        "Lon": 21.0048,
        "Lat": 52.2228
      },
      {
        "Brigade": "17",
        "Time": "2017-05-14 06:28:50",
        "Lines": "17",
        "Lon": 21.0048,
        "Lat": 52.2228
      },
      {
        "Brigade": "17",
        "Time": "2017-05-14 06:28:58",
        "Lines": "17",
        "Lon": 21.0047,
        "Lat": 52.2232
      },
      {
        "Brigade": "17",
        "Time": "2017-05-14 06:29:03",
        "Lines": "17",
        "Lon": 21.0044,
        "Lat": 52.2236
      },
      {
        "Brigade": "17",
        "Time": "2017-05-14 06:29:23",
        "Lines": "17",
        "Lon": 21.0029,
        "Lat": 52.2262
      },
      {
        "Brigade": "17",
        "Time": "2017-05-14 06:29:44",
        "Lines": "17",
        "Lon": 21.0016,
        "Lat": 52.2281
      },
      {
        "Brigade": "17",
        "Time": "2017-05-14 06:29:55",
        "Lines": "17",
        "Lon": 21.0013,
        "Lat": 52.2288
      },
      {
        "Brigade": "17",
        "Time": "2017-05-14 06:30:00",
        "Lines": "17",
        "Lon": 21.0012,
        "Lat": 52.2288
      },
      {
        "Brigade": "17",
        "Time": "2017-05-14 06:31:24",
        "Lines": "17",
        "Lon": 20.998,
        "Lat": 52.2338
      },
      {
        "Brigade": "17",
        "Time": "2017-05-14 06:31:34",
        "Lines": "17",
        "Lon": 20.9979,
        "Lat": 52.2341
      },
      {
        "Brigade": "17",
        "Time": "2017-05-14 06:31:45",
        "Lines": "17",
        "Lon": 20.9979,
        "Lat": 52.2341
      },
      {
        "Brigade": "17",
        "Time": "2017-05-14 06:31:55",
        "Lines": "17",
        "Lon": 20.9976,
        "Lat": 52.2347
      },
      {
        "Brigade": "17",
        "Time": "2017-05-14 06:32:06",
        "Lines": "17",
        "Lon": 20.9973,
        "Lat": 52.2355
      },
      {
        "Brigade": "17",
        "Time": "2017-05-14 06:32:23",
        "Lines": "17",
        "Lon": 20.9964,
        "Lat": 52.2373
      },
      {
        "Brigade": "17",
        "Time": "2017-05-14 06:32:32",
        "Lines": "17",
        "Lon": 20.9961,
        "Lat": 52.2384
      },
      {
        "Brigade": "17",
        "Time": "2017-05-14 06:32:43",
        "Lines": "17",
        "Lon": 20.996,
        "Lat": 52.2387
      },
      {
        "Brigade": "17",
        "Time": "2017-05-14 06:32:53",
        "Lines": "17",
        "Lon": 20.996,
        "Lat": 52.2387
      },
      {
        "Brigade": "17",
        "Time": "2017-05-14 06:33:04",
        "Lines": "17",
        "Lon": 20.9957,
        "Lat": 52.2394
      },
      {
        "Brigade": "17",
        "Time": "2017-05-14 06:33:15",
        "Lines": "17",
        "Lon": 20.9948,
        "Lat": 52.2404
      },
      {
        "Brigade": "17",
        "Time": "2017-05-14 06:33:26",
        "Lines": "17",
        "Lon": 20.9941,
        "Lat": 52.2413
      },
      {
        "Brigade": "17",
        "Time": "2017-05-14 06:33:37",
        "Lines": "17",
        "Lon": 20.9939,
        "Lat": 52.2415
      },
      {
        "Brigade": "17",
        "Time": "2017-05-14 06:33:48",
        "Lines": "17",
        "Lon": 20.9939,
        "Lat": 52.2415
      },
      {
        "Brigade": "17",
        "Time": "2017-05-14 06:33:59",
        "Lines": "17",
        "Lon": 20.9939,
        "Lat": 52.2415
      },
      {
        "Brigade": "17",
        "Time": "2017-05-14 06:34:10",
        "Lines": "17",
        "Lon": 20.9939,
        "Lat": 52.2415
      },
      {
        "Brigade": "17",
        "Time": "2017-05-14 06:34:21",
        "Lines": "17",
        "Lon": 20.9939,
        "Lat": 52.2415
      },
      {
        "Brigade": "17",
        "Time": "2017-05-14 06:34:31",
        "Lines": "17",
        "Lon": 20.9939,
        "Lat": 52.2415
      },
      {
        "Brigade": "17",
        "Time": "2017-05-14 06:34:42",
        "Lines": "17",
        "Lon": 20.9939,
        "Lat": 52.2415
      },
      {
        "Brigade": "17",
        "Time": "2017-05-14 06:34:53",
        "Lines": "17",
        "Lon": 20.9936,
        "Lat": 52.2419
      },
      {
        "Brigade": "17",
        "Time": "2017-05-14 06:35:04",
        "Lines": "17",
        "Lon": 20.9931,
        "Lat": 52.2425
      },
      {
        "Brigade": "17",
        "Time": "2017-05-14 06:35:15",
        "Lines": "17",
        "Lon": 20.9921,
        "Lat": 52.2435
      },
      {
        "Brigade": "17",
        "Time": "2017-05-14 06:37:32",
        "Lines": "17",
        "Lon": 20.989,
        "Lat": 52.2472
      },
      {
        "Brigade": "17",
        "Time": "2017-05-14 06:37:43",
        "Lines": "17",
        "Lon": 20.989,
        "Lat": 52.2472
      },
      {
        "Brigade": "17",
        "Time": "2017-05-14 06:37:53",
        "Lines": "17",
        "Lon": 20.9889,
        "Lat": 52.2473
      },
      {
        "Brigade": "17",
        "Time": "2017-05-14 06:38:04",
        "Lines": "17",
        "Lon": 20.9881,
        "Lat": 52.2482
      },
      {
        "Brigade": "17",
        "Time": "2017-05-14 06:38:25",
        "Lines": "17",
        "Lon": 20.9861,
        "Lat": 52.2506
      },
      {
        "Brigade": "17",
        "Time": "2017-05-14 06:38:35",
        "Lines": "17",
        "Lon": 20.9859,
        "Lat": 52.2508
      },
      {
        "Brigade": "17",
        "Time": "2017-05-14 06:38:46",
        "Lines": "17",
        "Lon": 20.9859,
        "Lat": 52.2508
      },
      {
        "Brigade": "17",
        "Time": "2017-05-14 06:38:56",
        "Lines": "17",
        "Lon": 20.9855,
        "Lat": 52.2512
      },
      {
        "Brigade": "17",
        "Time": "2017-05-14 06:39:07",
        "Lines": "17",
        "Lon": 20.9848,
        "Lat": 52.252
      },
      {
        "Brigade": "17",
        "Time": "2017-05-14 06:39:17",
        "Lines": "17",
        "Lon": 20.9838,
        "Lat": 52.2531
      },
      {
        "Brigade": "17",
        "Time": "2017-05-14 06:39:28",
        "Lines": "17",
        "Lon": 20.9836,
        "Lat": 52.2534
      },
      {
        "Brigade": "17",
        "Time": "2017-05-14 06:39:43",
        "Lines": "17",
        "Lon": 20.9832,
        "Lat": 52.2538
      },
      {
        "Brigade": "17",
        "Time": "2017-05-14 06:39:54",
        "Lines": "17",
        "Lon": 20.9829,
        "Lat": 52.2541
      },
      {
        "Brigade": "17",
        "Time": "2017-05-14 06:40:04",
        "Lines": "17",
        "Lon": 20.9829,
        "Lat": 52.2541
      },
      {
        "Brigade": "17",
        "Time": "2017-05-14 06:40:15",
        "Lines": "17",
        "Lon": 20.9829,
        "Lat": 52.2541
      },
      {
        "Brigade": "17",
        "Time": "2017-05-14 06:40:26",
        "Lines": "17",
        "Lon": 20.9829,
        "Lat": 52.2541
      },
      {
        "Brigade": "17",
        "Time": "2017-05-14 06:40:36",
        "Lines": "17",
        "Lon": 20.9829,
        "Lat": 52.2541
      },
      {
        "Brigade": "17",
        "Time": "2017-05-14 06:40:46",
        "Lines": "17",
        "Lon": 20.9829,
        "Lat": 52.2541
      },
      {
        "Brigade": "17",
        "Time": "2017-05-14 06:40:57",
        "Lines": "17",
        "Lon": 20.9829,
        "Lat": 52.2541
      },
      {
        "Brigade": "17",
        "Time": "2017-05-14 06:41:12",
        "Lines": "17",
        "Lon": 20.9826,
        "Lat": 52.2546
      },
      {
        "Brigade": "17",
        "Time": "2017-05-14 06:41:23",
        "Lines": "17",
        "Lon": 20.9823,
        "Lat": 52.255
      },
      {
        "Brigade": "17",
        "Time": "2017-05-14 06:41:33",
        "Lines": "17",
        "Lon": 20.9823,
        "Lat": 52.2552
      },
      {
        "Brigade": "17",
        "Time": "2017-05-14 06:41:44",
        "Lines": "17",
        "Lon": 20.9823,
        "Lat": 52.2552
      },
      {
        "Brigade": "17",
        "Time": "2017-05-14 06:41:55",
        "Lines": "17",
        "Lon": 20.9821,
        "Lat": 52.2558
      },
      {
        "Brigade": "17",
        "Time": "2017-05-14 06:42:05",
        "Lines": "17",
        "Lon": 20.982,
        "Lat": 52.2559
      },
      {
        "Brigade": "17",
        "Time": "2017-05-14 06:42:16",
        "Lines": "17",
        "Lon": 20.982,
        "Lat": 52.2559
      },
      {
        "Brigade": "17",
        "Time": "2017-05-14 06:42:26",
        "Lines": "17",
        "Lon": 20.982,
        "Lat": 52.2559
      },
      {
        "Brigade": "17",
        "Time": "2017-05-14 06:42:36",
        "Lines": "17",
        "Lon": 20.982,
        "Lat": 52.2559
      },
      {
        "Brigade": "17",
        "Time": "2017-05-14 06:42:47",
        "Lines": "17",
        "Lon": 20.982,
        "Lat": 52.2559
      },
      {
        "Brigade": "17",
        "Time": "2017-05-14 06:42:57",
        "Lines": "17",
        "Lon": 20.982,
        "Lat": 52.2559
      },
      {
        "Brigade": "17",
        "Time": "2017-05-14 06:43:13",
        "Lines": "17",
        "Lon": 20.982,
        "Lat": 52.256
      },
      {
        "Brigade": "17",
        "Time": "2017-05-14 06:43:23",
        "Lines": "17",
        "Lon": 20.9817,
        "Lat": 52.2567
      },
      {
        "Brigade": "17",
        "Time": "2017-05-14 06:43:45",
        "Lines": "17",
        "Lon": 20.981,
        "Lat": 52.2595
      },
      {
        "Brigade": "17",
        "Time": "2017-05-14 06:43:55",
        "Lines": "17",
        "Lon": 20.9807,
        "Lat": 52.2609
      },
      {
        "Brigade": "17",
        "Time": "2017-05-14 06:44:05",
        "Lines": "17",
        "Lon": 20.9802,
        "Lat": 52.2617
      },
      {
        "Brigade": "17",
        "Time": "2017-05-14 06:44:16",
        "Lines": "17",
        "Lon": 20.9799,
        "Lat": 52.2622
      },
      {
        "Brigade": "17",
        "Time": "2017-05-14 06:44:27",
        "Lines": "17",
        "Lon": 20.9798,
        "Lat": 52.2625
      },
      {
        "Brigade": "17",
        "Time": "2017-05-14 06:44:37",
        "Lines": "17",
        "Lon": 20.9798,
        "Lat": 52.2625
      },
      {
        "Brigade": "17",
        "Time": "2017-05-14 06:44:48",
        "Lines": "17",
        "Lon": 20.9798,
        "Lat": 52.2625
      },
      {
        "Brigade": "17",
        "Time": "2017-05-14 06:45:03",
        "Lines": "17",
        "Lon": 20.9795,
        "Lat": 52.2629
      },
      {
        "Brigade": "17",
        "Time": "2017-05-14 06:45:14",
        "Lines": "17",
        "Lon": 20.9791,
        "Lat": 52.2634
      },
      {
        "Brigade": "17",
        "Time": "2017-05-14 06:45:24",
        "Lines": "17",
        "Lon": 20.9791,
        "Lat": 52.2634
      },
      {
        "Brigade": "17",
        "Time": "2017-05-14 06:45:35",
        "Lines": "17",
        "Lon": 20.9791,
        "Lat": 52.2635
      },
      {
        "Brigade": "17",
        "Time": "2017-05-14 06:45:45",
        "Lines": "17",
        "Lon": 20.9785,
        "Lat": 52.2643
      },
      {
        "Brigade": "17",
        "Time": "2017-05-14 06:45:56",
        "Lines": "17",
        "Lon": 20.9779,
        "Lat": 52.2653
      },
      {
        "Brigade": "17",
        "Time": "2017-05-14 06:46:06",
        "Lines": "17",
        "Lon": 20.9774,
        "Lat": 52.266
      },
      {
        "Brigade": "17",
        "Time": "2017-05-14 06:46:17",
        "Lines": "17",
        "Lon": 20.9773,
        "Lat": 52.2661
      },
      {
        "Brigade": "17",
        "Time": "2017-05-14 06:46:27",
        "Lines": "17",
        "Lon": 20.9773,
        "Lat": 52.2661
      },
      {
        "Brigade": "17",
        "Time": "2017-05-14 06:46:43",
        "Lines": "17",
        "Lon": 20.9764,
        "Lat": 52.2676
      },
      {
        "Brigade": "17",
        "Time": "2017-05-14 06:46:48",
        "Lines": "17",
        "Lon": 20.9761,
        "Lat": 52.268
      },
      {
        "Brigade": "17",
        "Time": "2017-05-14 06:47:04",
        "Lines": "17",
        "Lon": 20.9757,
        "Lat": 52.2686
      },
      {
        "Brigade": "17",
        "Time": "2017-05-14 06:47:15",
        "Lines": "17",
        "Lon": 20.9757,
        "Lat": 52.2686
      },
      {
        "Brigade": "17",
        "Time": "2017-05-14 06:47:25",
        "Lines": "17",
        "Lon": 20.9752,
        "Lat": 52.2694
      },
      {
        "Brigade": "17",
        "Time": "2017-05-14 06:47:35",
        "Lines": "17",
        "Lon": 20.9744,
        "Lat": 52.2705
      },
      {
        "Brigade": "17",
        "Time": "2017-05-14 06:47:46",
        "Lines": "17",
        "Lon": 20.974,
        "Lat": 52.2711
      },
      {
        "Brigade": "17",
        "Time": "2017-05-14 06:47:56",
        "Lines": "17",
        "Lon": 20.9736,
        "Lat": 52.2717
      },
      {
        "Brigade": "17",
        "Time": "2017-05-14 06:48:07",
        "Lines": "17",
        "Lon": 20.9732,
        "Lat": 52.272
      },
      {
        "Brigade": "17",
        "Time": "2017-05-14 06:48:17",
        "Lines": "17",
        "Lon": 20.9726,
        "Lat": 52.2721
      },
      {
        "Brigade": "17",
        "Time": "2017-05-14 06:48:28",
        "Lines": "17",
        "Lon": 20.9726,
        "Lat": 52.2721
      },
      {
        "Brigade": "17",
        "Time": "2017-05-14 06:48:43",
        "Lines": "17",
        "Lon": 20.9719,
        "Lat": 52.2722
      },
      {
        "Brigade": "17",
        "Time": "2017-05-14 06:48:54",
        "Lines": "17",
        "Lon": 20.9706,
        "Lat": 52.2724
      },
      {
        "Brigade": "17",
        "Time": "2017-05-14 06:49:04",
        "Lines": "17",
        "Lon": 20.9692,
        "Lat": 52.2728
      },
      {
        "Brigade": "17",
        "Time": "2017-05-14 06:49:15",
        "Lines": "17",
        "Lon": 20.9675,
        "Lat": 52.2734
      },
      {
        "Brigade": "17",
        "Time": "2017-05-14 06:49:25",
        "Lines": "17",
        "Lon": 20.9669,
        "Lat": 52.2737
      },
      {
        "Brigade": "17",
        "Time": "2017-05-14 06:49:36",
        "Lines": "17",
        "Lon": 20.9669,
        "Lat": 52.2737
      },
      {
        "Brigade": "17",
        "Time": "2017-05-14 06:49:46",
        "Lines": "17",
        "Lon": 20.966,
        "Lat": 52.2742
      },
      {
        "Brigade": "17",
        "Time": "2017-05-14 06:49:57",
        "Lines": "17",
        "Lon": 20.9647,
        "Lat": 52.275
      },
      {
        "Brigade": "17",
        "Time": "2017-05-14 06:50:07",
        "Lines": "17",
        "Lon": 20.9641,
        "Lat": 52.2756
      },
      {
        "Brigade": "17",
        "Time": "2017-05-14 06:50:18",
        "Lines": "17",
        "Lon": 20.9641,
        "Lat": 52.2756
      },
      {
        "Brigade": "17",
        "Time": "2017-05-14 06:50:28",
        "Lines": "17",
        "Lon": 20.9638,
        "Lat": 52.2758
      },
      {
        "Brigade": "17",
        "Time": "2017-05-14 06:50:44",
        "Lines": "17",
        "Lon": 20.9622,
        "Lat": 52.2774
      },
      {
        "Brigade": "17",
        "Time": "2017-05-14 06:50:54",
        "Lines": "17",
        "Lon": 20.9612,
        "Lat": 52.2784
      },
      {
        "Brigade": "17",
        "Time": "2017-05-14 06:51:05",
        "Lines": "17",
        "Lon": 20.9601,
        "Lat": 52.2795
      },
      {
        "Brigade": "17",
        "Time": "2017-05-14 06:51:15",
        "Lines": "17",
        "Lon": 20.9592,
        "Lat": 52.2805
      },
      {
        "Brigade": "17",
        "Time": "2017-05-14 06:51:21",
        "Lines": "17",
        "Lon": 20.9589,
        "Lat": 52.2808
      },
      {
        "Brigade": "17",
        "Time": "2017-05-14 06:51:39",
        "Lines": "17",
        "Lon": 20.9588,
        "Lat": 52.2809
      },
      {
        "Brigade": "17",
        "Time": "2017-05-14 06:51:47",
        "Lines": "17",
        "Lon": 20.9588,
        "Lat": 52.281
      },
      {
        "Brigade": "17",
        "Time": "2017-05-14 06:52:03",
        "Lines": "17",
        "Lon": 20.9572,
        "Lat": 52.2826
      },
      {
        "Brigade": "17",
        "Time": "2017-05-14 06:52:08",
        "Lines": "17",
        "Lon": 20.9567,
        "Lat": 52.2831
      },
      {
        "Brigade": "17",
        "Time": "2017-05-14 06:52:19",
        "Lines": "17",
        "Lon": 20.9561,
        "Lat": 52.2838
      },
      {
        "Brigade": "17",
        "Time": "2017-05-14 06:52:34",
        "Lines": "17",
        "Lon": 20.9561,
        "Lat": 52.2838
      },
      {
        "Brigade": "17",
        "Time": "2017-05-14 06:52:44",
        "Lines": "17",
        "Lon": 20.9561,
        "Lat": 52.2838
      },
      {
        "Brigade": "17",
        "Time": "2017-05-14 06:52:55",
        "Lines": "17",
        "Lon": 20.9561,
        "Lat": 52.2838
      },
      {
        "Brigade": "17",
        "Time": "2017-05-14 06:53:05",
        "Lines": "17",
        "Lon": 20.9555,
        "Lat": 52.2845
      },
      {
        "Brigade": "17",
        "Time": "2017-05-14 06:53:16",
        "Lines": "17",
        "Lon": 20.9549,
        "Lat": 52.2851
      },
      {
        "Brigade": "17",
        "Time": "2017-05-14 06:53:27",
        "Lines": "17",
        "Lon": 20.9545,
        "Lat": 52.2857
      },
      {
        "Brigade": "17",
        "Time": "2017-05-14 06:53:37",
        "Lines": "17",
        "Lon": 20.9539,
        "Lat": 52.2863
      },
      {
        "Brigade": "17",
        "Time": "2017-05-14 06:53:47",
        "Lines": "17",
        "Lon": 20.9529,
        "Lat": 52.2874
      },
      {
        "Brigade": "17",
        "Time": "2017-05-14 06:53:58",
        "Lines": "17",
        "Lon": 20.9525,
        "Lat": 52.2878
      },
      {
        "Brigade": "17",
        "Time": "2017-05-14 06:54:14",
        "Lines": "17",
        "Lon": 20.9524,
        "Lat": 52.2879
      },
      {
        "Brigade": "17",
        "Time": "2017-05-14 06:54:24",
        "Lines": "17",
        "Lon": 20.9515,
        "Lat": 52.2889
      },
      {
        "Brigade": "17",
        "Time": "2017-05-14 06:54:35",
        "Lines": "17",
        "Lon": 20.9504,
        "Lat": 52.29
      },
      {
        "Brigade": "17",
        "Time": "2017-05-14 06:54:45",
        "Lines": "17",
        "Lon": 20.9499,
        "Lat": 52.2905
      },
      {
        "Brigade": "17",
        "Time": "2017-05-14 06:54:56",
        "Lines": "17",
        "Lon": 20.9499,
        "Lat": 52.2905
      },
      {
        "Brigade": "17",
        "Time": "2017-05-14 06:55:06",
        "Lines": "17",
        "Lon": 20.9494,
        "Lat": 52.2911
      },
      {
        "Brigade": "17",
        "Time": "2017-05-14 06:55:22",
        "Lines": "17",
        "Lon": 20.9477,
        "Lat": 52.2929
      },
      {
        "Brigade": "17",
        "Time": "2017-05-14 06:55:32",
        "Lines": "17",
        "Lon": 20.9466,
        "Lat": 52.294
      },
      {
        "Brigade": "17",
        "Time": "2017-05-14 06:55:37",
        "Lines": "17",
        "Lon": 20.946,
        "Lat": 52.2946
      },
      {
        "Brigade": "17",
        "Time": "2017-05-14 06:55:55",
        "Lines": "17",
        "Lon": 20.945,
        "Lat": 52.2957
      },
      {
        "Brigade": "17",
        "Time": "2017-05-14 06:56:04",
        "Lines": "17",
        "Lon": 20.945,
        "Lat": 52.2957
      },
      {
        "Brigade": "17",
        "Time": "2017-05-14 06:56:15",
        "Lines": "17",
        "Lon": 20.9446,
        "Lat": 52.2961
      },
      {
        "Brigade": "17",
        "Time": "2017-05-14 06:56:26",
        "Lines": "17",
        "Lon": 20.9435,
        "Lat": 52.2973
      },
      {
        "Brigade": "17",
        "Time": "2017-05-14 06:56:41",
        "Lines": "17",
        "Lon": 20.9429,
        "Lat": 52.2979
      },
      {
        "Brigade": "17",
        "Time": "2017-05-14 06:56:46",
        "Lines": "17",
        "Lon": 20.9427,
        "Lat": 52.2981
      },
      {
        "Brigade": "17",
        "Time": "2017-05-14 06:56:56",
        "Lines": "17",
        "Lon": 20.9417,
        "Lat": 52.2991
      },
      {
        "Brigade": "17",
        "Time": "2017-05-14 06:57:22",
        "Lines": "17",
        "Lon": 20.9405,
        "Lat": 52.3015
      },
      {
        "Brigade": "17",
        "Time": "2017-05-14 06:57:33",
        "Lines": "17",
        "Lon": 20.9412,
        "Lat": 52.3024
      },
      {
        "Brigade": "17",
        "Time": "2017-05-14 06:57:43",
        "Lines": "17",
        "Lon": 20.9429,
        "Lat": 52.3032
      },
      {
        "Brigade": "17",
        "Time": "2017-05-14 06:57:59",
        "Lines": "17",
        "Lon": 20.9457,
        "Lat": 52.3042
      },
      {
        "Brigade": "17",
        "Time": "2017-05-14 06:58:10",
        "Lines": "17",
        "Lon": 20.9476,
        "Lat": 52.3051
      },
      {
        "Brigade": "17",
        "Time": "2017-05-14 06:58:20",
        "Lines": "17",
        "Lon": 20.9494,
        "Lat": 52.3059
      },
      {
        "Brigade": "17",
        "Time": "2017-05-14 06:58:31",
        "Lines": "17",
        "Lon": 20.951,
        "Lat": 52.3067
      },
      {
        "Brigade": "17",
        "Time": "2017-05-14 06:58:41",
        "Lines": "17",
        "Lon": 20.9529,
        "Lat": 52.3077
      },
      {
        "Brigade": "17",
        "Time": "2017-05-14 06:58:52",
        "Lines": "17",
        "Lon": 20.9547,
        "Lat": 52.3085
      },
      {
        "Brigade": "17",
        "Time": "2017-05-14 06:59:03",
        "Lines": "17",
        "Lon": 20.9565,
        "Lat": 52.3094
      },
      {
        "Brigade": "17",
        "Time": "2017-05-14 06:59:12",
        "Lines": "17",
        "Lon": 20.9581,
        "Lat": 52.3102
      },
      {
        "Brigade": "17",
        "Time": "2017-05-14 06:59:25",
        "Lines": "17",
        "Lon": 20.9595,
        "Lat": 52.3108
      },
      {
        "Brigade": "17",
        "Time": "2017-05-14 06:59:33",
        "Lines": "17",
        "Lon": 20.9599,
        "Lat": 52.3109
      },
      {
        "Brigade": "17",
        "Time": "2017-05-14 06:59:44",
        "Lines": "17",
        "Lon": 20.9605,
        "Lat": 52.3111
      },
      {
        "Brigade": "17",
        "Time": "2017-05-14 07:00:00",
        "Lines": "17",
        "Lon": 20.9634,
        "Lat": 52.3123
      },
      {
        "Brigade": "17",
        "Time": "2017-05-14 07:00:10",
        "Lines": "17",
        "Lon": 20.9643,
        "Lat": 52.3126
      },
      {
        "Brigade": "17",
        "Time": "2017-05-14 07:00:21",
        "Lines": "17",
        "Lon": 20.9655,
        "Lat": 52.3131
      },
      {
        "Brigade": "17",
        "Time": "2017-05-14 07:00:31",
        "Lines": "17",
        "Lon": 20.9663,
        "Lat": 52.3134
      },
      {
        "Brigade": "17",
        "Time": "2017-05-14 07:00:42",
        "Lines": "17",
        "Lon": 20.9663,
        "Lat": 52.3134
      },
      {
        "Brigade": "17",
        "Time": "2017-05-14 07:00:57",
        "Lines": "17",
        "Lon": 20.9673,
        "Lat": 52.3139
      },
      {
        "Brigade": "17",
        "Time": "2017-05-14 07:01:08",
        "Lines": "17",
        "Lon": 20.9678,
        "Lat": 52.3147
      },
      {
        "Brigade": "17",
        "Time": "2017-05-14 07:01:19",
        "Lines": "17",
        "Lon": 20.9669,
        "Lat": 52.3155
      },
      {
        "Brigade": "17",
        "Time": "2017-05-14 07:01:29",
        "Lines": "17",
        "Lon": 20.9655,
        "Lat": 52.3165
      },
      {
        "Brigade": "17",
        "Time": "2017-05-14 07:01:36",
        "Lines": "17",
        "Lon": 20.965,
        "Lat": 52.3169
      },
      {
        "Brigade": "17",
        "Time": "2017-05-14 07:02:00",
        "Lines": "17",
        "Lon": 20.9619,
        "Lat": 52.3174
      },
      {
        "Brigade": "17",
        "Time": "2017-05-14 07:02:11",
        "Lines": "17",
        "Lon": 20.961,
        "Lat": 52.317
      },
      {
        "Brigade": "17",
        "Time": "2017-05-14 07:02:21",
        "Lines": "17",
        "Lon": 20.961,
        "Lat": 52.317
      },
      {
        "Brigade": "17",
        "Time": "2017-05-14 07:02:37",
        "Lines": "17",
        "Lon": 20.961,
        "Lat": 52.317
      },
      {
        "Brigade": "17",
        "Time": "2017-05-14 07:02:48",
        "Lines": "17",
        "Lon": 20.961,
        "Lat": 52.317
      },
      {
        "Brigade": "17",
        "Time": "2017-05-14 07:02:58",
        "Lines": "17",
        "Lon": 20.961,
        "Lat": 52.317
      },
      {
        "Brigade": "17",
        "Time": "2017-05-14 07:03:08",
        "Lines": "17",
        "Lon": 20.96,
        "Lat": 52.3167
      },
      {
        "Brigade": "17",
        "Time": "2017-05-14 07:03:19",
        "Lines": "17",
        "Lon": 20.958,
        "Lat": 52.3165
      },
      {
        "Brigade": "17",
        "Time": "2017-05-14 07:03:29",
        "Lines": "17",
        "Lon": 20.9558,
        "Lat": 52.317
      },
      {
        "Brigade": "17",
        "Time": "2017-05-14 07:03:40",
        "Lines": "17",
        "Lon": 20.954,
        "Lat": 52.3179
      },
      {
        "Brigade": "17",
        "Time": "2017-05-14 07:03:51",
        "Lines": "17",
        "Lon": 20.9528,
        "Lat": 52.3185
      },
      {
        "Brigade": "17",
        "Time": "2017-05-14 07:04:01",
        "Lines": "17",
        "Lon": 20.9527,
        "Lat": 52.3185
      },
      {
        "Brigade": "17",
        "Time": "2017-05-14 07:04:17",
        "Lines": "17",
        "Lon": 20.952,
        "Lat": 52.3189
      },
      {
        "Brigade": "17",
        "Time": "2017-05-14 07:04:27",
        "Lines": "17",
        "Lon": 20.9501,
        "Lat": 52.3198
      },
      {
        "Brigade": "17",
        "Time": "2017-05-14 07:04:38",
        "Lines": "17",
        "Lon": 20.9484,
        "Lat": 52.3207
      },
      {
        "Brigade": "17",
        "Time": "2017-05-14 07:04:48",
        "Lines": "17",
        "Lon": 20.9465,
        "Lat": 52.3216
      },
      {
        "Brigade": "17",
        "Time": "2017-05-14 07:04:58",
        "Lines": "17",
        "Lon": 20.9451,
        "Lat": 52.3223
      },
      {
        "Brigade": "17",
        "Time": "2017-05-14 07:05:09",
        "Lines": "17",
        "Lon": 20.9446,
        "Lat": 52.3225
      },
      {
        "Brigade": "17",
        "Time": "2017-05-14 07:05:19",
        "Lines": "17",
        "Lon": 20.9443,
        "Lat": 52.3227
      },
      {
        "Brigade": "17",
        "Time": "2017-05-14 07:05:30",
        "Lines": "17",
        "Lon": 20.9437,
        "Lat": 52.323
      },
      {
        "Brigade": "17",
        "Time": "2017-05-14 07:05:41",
        "Lines": "17",
        "Lon": 20.9431,
        "Lat": 52.3233
      },
      {
        "Brigade": "17",
        "Time": "2017-05-14 07:05:51",
        "Lines": "17",
        "Lon": 20.9432,
        "Lat": 52.3238
      },
      {
        "Brigade": "17",
        "Time": "2017-05-14 07:06:01",
        "Lines": "17",
        "Lon": 20.9433,
        "Lat": 52.3238
      },
      {
        "Brigade": "17",
        "Time": "2017-05-14 07:06:12",
        "Lines": "17",
        "Lon": 20.9433,
        "Lat": 52.324
      },
      {
        "Brigade": "17",
        "Time": "2017-05-14 07:06:28",
        "Lines": "17",
        "Lon": 20.9429,
        "Lat": 52.3245
      },
      {
        "Brigade": "17",
        "Time": "2017-05-14 07:06:38",
        "Lines": "17",
        "Lon": 20.9428,
        "Lat": 52.3245
      },
      {
        "Brigade": "17",
        "Time": "2017-05-14 07:06:49",
        "Lines": "17",
        "Lon": 20.9428,
        "Lat": 52.3245
      },
      {
        "Brigade": "17",
        "Time": "2017-05-14 07:06:59",
        "Lines": "17",
        "Lon": 20.9428,
        "Lat": 52.3245
      },
      {
        "Brigade": "17",
        "Time": "2017-05-14 07:07:10",
        "Lines": "17",
        "Lon": 20.9428,
        "Lat": 52.3245
      },
      {
        "Brigade": "17",
        "Time": "2017-05-14 07:07:20",
        "Lines": "17",
        "Lon": 20.9428,
        "Lat": 52.3245
      },
      {
        "Brigade": "17",
        "Time": "2017-05-14 07:07:31",
        "Lines": "17",
        "Lon": 20.9428,
        "Lat": 52.3245
      },
      {
        "Brigade": "17",
        "Time": "2017-05-14 07:07:46",
        "Lines": "17",
        "Lon": 20.9428,
        "Lat": 52.3245
      },
      {
        "Brigade": "17",
        "Time": "2017-05-14 07:07:57",
        "Lines": "17",
        "Lon": 20.9428,
        "Lat": 52.3245
      },
      {
        "Brigade": "17",
        "Time": "2017-05-14 07:08:07",
        "Lines": "17",
        "Lon": 20.9428,
        "Lat": 52.3245
      },
      {
        "Brigade": "17",
        "Time": "2017-05-14 07:08:18",
        "Lines": "17",
        "Lon": 20.9428,
        "Lat": 52.3245
      },
      {
        "Brigade": "17",
        "Time": "2017-05-14 07:08:28",
        "Lines": "17",
        "Lon": 20.9428,
        "Lat": 52.3245
      },
      {
        "Brigade": "17",
        "Time": "2017-05-14 07:08:39",
        "Lines": "17",
        "Lon": 20.9428,
        "Lat": 52.3245
      },
      {
        "Brigade": "17",
        "Time": "2017-05-14 07:08:49",
        "Lines": "17",
        "Lon": 20.9428,
        "Lat": 52.3245
      },
      {
        "Brigade": "17",
        "Time": "2017-05-14 07:09:00",
        "Lines": "17",
        "Lon": 20.9428,
        "Lat": 52.3245
      },
      {
        "Brigade": "17",
        "Time": "2017-05-14 07:09:10",
        "Lines": "17",
        "Lon": 20.9428,
        "Lat": 52.3245
      },
      {
        "Brigade": "17",
        "Time": "2017-05-14 07:09:21",
        "Lines": "17",
        "Lon": 20.9428,
        "Lat": 52.3245
      },
      {
        "Brigade": "17",
        "Time": "2017-05-14 07:09:36",
        "Lines": "17",
        "Lon": 20.9428,
        "Lat": 52.3245
      },
      {
        "Brigade": "17",
        "Time": "2017-05-14 07:09:42",
        "Lines": "17",
        "Lon": 20.9428,
        "Lat": 52.3245
      },
      {
        "Brigade": "17",
        "Time": "2017-05-14 07:09:57",
        "Lines": "17",
        "Lon": 20.9428,
        "Lat": 52.3245
      },
      {
        "Brigade": "17",
        "Time": "2017-05-14 07:12:20",
        "Lines": "17",
        "Lon": 20.9428,
        "Lat": 52.3245
      },
      {
        "Brigade": "17",
        "Time": "2017-05-14 07:12:31",
        "Lines": "17",
        "Lon": 20.9428,
        "Lat": 52.3245
      },
      {
        "Brigade": "17",
        "Time": "2017-05-14 07:12:41",
        "Lines": "17",
        "Lon": 20.9428,
        "Lat": 52.3245
      },
      {
        "Brigade": "17",
        "Time": "2017-05-14 07:12:52",
        "Lines": "17",
        "Lon": 20.9428,
        "Lat": 52.3245
      },
      {
        "Brigade": "17",
        "Time": "2017-05-14 07:13:02",
        "Lines": "17",
        "Lon": 20.9428,
        "Lat": 52.3245
      },
      {
        "Brigade": "17",
        "Time": "2017-05-14 07:13:13",
        "Lines": "17",
        "Lon": 20.9428,
        "Lat": 52.3245
      },
      {
        "Brigade": "17",
        "Time": "2017-05-14 07:13:23",
        "Lines": "17",
        "Lon": 20.9428,
        "Lat": 52.3245
      },
      {
        "Brigade": "17",
        "Time": "2017-05-14 07:13:34",
        "Lines": "17",
        "Lon": 20.9428,
        "Lat": 52.3245
      },
      {
        "Brigade": "17",
        "Time": "2017-05-14 07:13:44",
        "Lines": "17",
        "Lon": 20.9428,
        "Lat": 52.3245
      },
      {
        "Brigade": "17",
        "Time": "2017-05-14 07:14:00",
        "Lines": "17",
        "Lon": 20.9428,
        "Lat": 52.3245
      },
      {
        "Brigade": "17",
        "Time": "2017-05-14 07:14:10",
        "Lines": "17",
        "Lon": 20.9428,
        "Lat": 52.3245
      },
      {
        "Brigade": "17",
        "Time": "2017-05-14 07:14:21",
        "Lines": "17",
        "Lon": 20.9428,
        "Lat": 52.3245
      },
      {
        "Brigade": "17",
        "Time": "2017-05-14 07:14:31",
        "Lines": "17",
        "Lon": 20.9428,
        "Lat": 52.3245
      },
      {
        "Brigade": "17",
        "Time": "2017-05-14 07:14:42",
        "Lines": "17",
        "Lon": 20.9428,
        "Lat": 52.3245
      },
      {
        "Brigade": "17",
        "Time": "2017-05-14 07:14:52",
        "Lines": "17",
        "Lon": 20.9428,
        "Lat": 52.3245
      },
      {
        "Brigade": "17",
        "Time": "2017-05-14 07:15:03",
        "Lines": "17",
        "Lon": 20.9428,
        "Lat": 52.3245
      },
      {
        "Brigade": "17",
        "Time": "2017-05-14 07:15:13",
        "Lines": "17",
        "Lon": 20.9428,
        "Lat": 52.3245
      },
      {
        "Brigade": "17",
        "Time": "2017-05-14 07:15:24",
        "Lines": "17",
        "Lon": 20.9428,
        "Lat": 52.3245
      },
      {
        "Brigade": "17",
        "Time": "2017-05-14 07:15:39",
        "Lines": "17",
        "Lon": 20.9428,
        "Lat": 52.3245
      },
      {
        "Brigade": "17",
        "Time": "2017-05-14 07:15:50",
        "Lines": "17",
        "Lon": 20.9428,
        "Lat": 52.3245
      },
      {
        "Brigade": "17",
        "Time": "2017-05-14 07:16:00",
        "Lines": "17",
        "Lon": 20.9428,
        "Lat": 52.3245
      },
      {
        "Brigade": "17",
        "Time": "2017-05-14 07:16:11",
        "Lines": "17",
        "Lon": 20.9428,
        "Lat": 52.3245
      },
      {
        "Brigade": "17",
        "Time": "2017-05-14 07:16:21",
        "Lines": "17",
        "Lon": 20.9428,
        "Lat": 52.3245
      },
      {
        "Brigade": "17",
        "Time": "2017-05-14 07:16:32",
        "Lines": "17",
        "Lon": 20.9428,
        "Lat": 52.3245
      },
      {
        "Brigade": "17",
        "Time": "2017-05-14 07:16:42",
        "Lines": "17",
        "Lon": 20.9428,
        "Lat": 52.3245
      },
      {
        "Brigade": "17",
        "Time": "2017-05-14 07:16:53",
        "Lines": "17",
        "Lon": 20.9428,
        "Lat": 52.3245
      },
      {
        "Brigade": "17",
        "Time": "2017-05-14 07:17:03",
        "Lines": "17",
        "Lon": 20.9428,
        "Lat": 52.3245
      },
      {
        "Brigade": "17",
        "Time": "2017-05-14 07:17:14",
        "Lines": "17",
        "Lon": 20.9428,
        "Lat": 52.3245
      },
      {
        "Brigade": "17",
        "Time": "2017-05-14 07:17:24",
        "Lines": "17",
        "Lon": 20.9428,
        "Lat": 52.3245
      },
      {
        "Brigade": "17",
        "Time": "2017-05-14 07:17:40",
        "Lines": "17",
        "Lon": 20.9428,
        "Lat": 52.3245
      },
      {
        "Brigade": "17",
        "Time": "2017-05-14 07:17:50",
        "Lines": "17",
        "Lon": 20.9428,
        "Lat": 52.3245
      },
      {
        "Brigade": "17",
        "Time": "2017-05-14 07:18:01",
        "Lines": "17",
        "Lon": 20.9428,
        "Lat": 52.3245
      },
      {
        "Brigade": "17",
        "Time": "2017-05-14 07:18:11",
        "Lines": "17",
        "Lon": 20.9428,
        "Lat": 52.3245
      },
      {
        "Brigade": "17",
        "Time": "2017-05-14 07:18:22",
        "Lines": "17",
        "Lon": 20.9428,
        "Lat": 52.3245
      },
      {
        "Brigade": "17",
        "Time": "2017-05-14 07:18:32",
        "Lines": "17",
        "Lon": 20.9428,
        "Lat": 52.3245
      },
      {
        "Brigade": "17",
        "Time": "2017-05-14 07:18:43",
        "Lines": "17",
        "Lon": 20.9428,
        "Lat": 52.3245
      },
      {
        "Brigade": "17",
        "Time": "2017-05-14 07:18:53",
        "Lines": "17",
        "Lon": 20.9428,
        "Lat": 52.3245
      },
      {
        "Brigade": "17",
        "Time": "2017-05-14 07:19:04",
        "Lines": "17",
        "Lon": 20.9428,
        "Lat": 52.3245
      },
      {
        "Brigade": "17",
        "Time": "2017-05-14 07:19:14",
        "Lines": "17",
        "Lon": 20.9428,
        "Lat": 52.3245
      },
      {
        "Brigade": "17",
        "Time": "2017-05-14 07:19:30",
        "Lines": "17",
        "Lon": 20.9428,
        "Lat": 52.3245
      },
      {
        "Brigade": "17",
        "Time": "2017-05-14 07:19:41",
        "Lines": "17",
        "Lon": 20.9427,
        "Lat": 52.3244
      },
      {
        "Brigade": "17",
        "Time": "2017-05-14 07:19:51",
        "Lines": "17",
        "Lon": 20.9426,
        "Lat": 52.3243
      },
      {
        "Brigade": "17",
        "Time": "2017-05-14 07:20:01",
        "Lines": "17",
        "Lon": 20.9426,
        "Lat": 52.3242
      },
      {
        "Brigade": "17",
        "Time": "2017-05-14 07:20:12",
        "Lines": "17",
        "Lon": 20.9426,
        "Lat": 52.3242
      },
      {
        "Brigade": "17",
        "Time": "2017-05-14 07:20:22",
        "Lines": "17",
        "Lon": 20.9426,
        "Lat": 52.3242
      },
      {
        "Brigade": "17",
        "Time": "2017-05-14 07:20:33",
        "Lines": "17",
        "Lon": 20.9426,
        "Lat": 52.3242
      },
      {
        "Brigade": "17",
        "Time": "2017-05-14 07:20:49",
        "Lines": "17",
        "Lon": 20.9426,
        "Lat": 52.3242
      },
      {
        "Brigade": "17",
        "Time": "2017-05-14 07:20:59",
        "Lines": "17",
        "Lon": 20.9426,
        "Lat": 52.3242
      },
      {
        "Brigade": "17",
        "Time": "2017-05-14 07:21:10",
        "Lines": "17",
        "Lon": 20.9426,
        "Lat": 52.3242
      },
      {
        "Brigade": "17",
        "Time": "2017-05-14 07:21:20",
        "Lines": "17",
        "Lon": 20.9426,
        "Lat": 52.3242
      },
      {
        "Brigade": "17",
        "Time": "2017-05-14 07:21:31",
        "Lines": "17",
        "Lon": 20.9426,
        "Lat": 52.3242
      },
      {
        "Brigade": "17",
        "Time": "2017-05-14 07:21:41",
        "Lines": "17",
        "Lon": 20.9426,
        "Lat": 52.3242
      },
      {
        "Brigade": "17",
        "Time": "2017-05-14 07:21:52",
        "Lines": "17",
        "Lon": 20.9426,
        "Lat": 52.3242
      },
      {
        "Brigade": "17",
        "Time": "2017-05-14 07:22:02",
        "Lines": "17",
        "Lon": 20.9426,
        "Lat": 52.3242
      },
      {
        "Brigade": "17",
        "Time": "2017-05-14 07:22:13",
        "Lines": "17",
        "Lon": 20.9426,
        "Lat": 52.3242
      },
      {
        "Brigade": "17",
        "Time": "2017-05-14 07:22:28",
        "Lines": "17",
        "Lon": 20.9426,
        "Lat": 52.3242
      },
      {
        "Brigade": "17",
        "Time": "2017-05-14 07:22:39",
        "Lines": "17",
        "Lon": 20.9426,
        "Lat": 52.3242
      },
      {
        "Brigade": "17",
        "Time": "2017-05-14 07:22:49",
        "Lines": "17",
        "Lon": 20.9426,
        "Lat": 52.3242
      },
      {
        "Brigade": "17",
        "Time": "2017-05-14 07:23:00",
        "Lines": "17",
        "Lon": 20.9426,
        "Lat": 52.3242
      },
      {
        "Brigade": "17",
        "Time": "2017-05-14 07:23:10",
        "Lines": "17",
        "Lon": 20.9426,
        "Lat": 52.3242
      },
      {
        "Brigade": "17",
        "Time": "2017-05-14 07:23:21",
        "Lines": "17",
        "Lon": 20.9426,
        "Lat": 52.3242
      },
      {
        "Brigade": "17",
        "Time": "2017-05-14 07:23:31",
        "Lines": "17",
        "Lon": 20.9426,
        "Lat": 52.3242
      },
      {
        "Brigade": "17",
        "Time": "2017-05-14 07:23:42",
        "Lines": "17",
        "Lon": 20.9426,
        "Lat": 52.3242
      },
      {
        "Brigade": "17",
        "Time": "2017-05-14 07:23:52",
        "Lines": "17",
        "Lon": 20.9426,
        "Lat": 52.3242
      },
      {
        "Brigade": "17",
        "Time": "2017-05-14 07:24:03",
        "Lines": "17",
        "Lon": 20.9426,
        "Lat": 52.3242
      },
      {
        "Brigade": "17",
        "Time": "2017-05-14 07:24:18",
        "Lines": "17",
        "Lon": 20.9426,
        "Lat": 52.3242
      },
      {
        "Brigade": "17",
        "Time": "2017-05-14 07:24:24",
        "Lines": "17",
        "Lon": 20.9426,
        "Lat": 52.3242
      },
      {
        "Brigade": "17",
        "Time": "2017-05-14 07:24:39",
        "Lines": "17",
        "Lon": 20.9426,
        "Lat": 52.3242
      },
      {
        "Brigade": "17",
        "Time": "2017-05-14 07:24:50",
        "Lines": "17",
        "Lon": 20.9426,
        "Lat": 52.3242
      },
      {
        "Brigade": "17",
        "Time": "2017-05-14 07:25:00",
        "Lines": "17",
        "Lon": 20.9426,
        "Lat": 52.3242
      },
      {
        "Brigade": "17",
        "Time": "2017-05-14 07:25:11",
        "Lines": "17",
        "Lon": 20.9426,
        "Lat": 52.3242
      },
      {
        "Brigade": "17",
        "Time": "2017-05-14 07:25:21",
        "Lines": "17",
        "Lon": 20.9426,
        "Lat": 52.3242
      },
      {
        "Brigade": "17",
        "Time": "2017-05-14 07:25:32",
        "Lines": "17",
        "Lon": 20.9426,
        "Lat": 52.3242
      },
      {
        "Brigade": "17",
        "Time": "2017-05-14 07:25:42",
        "Lines": "17",
        "Lon": 20.9426,
        "Lat": 52.3242
      },
      {
        "Brigade": "17",
        "Time": "2017-05-14 07:25:53",
        "Lines": "17",
        "Lon": 20.9426,
        "Lat": 52.3242
      },
      {
        "Brigade": "17",
        "Time": "2017-05-14 07:26:08",
        "Lines": "17",
        "Lon": 20.9426,
        "Lat": 52.3242
      },
      {
        "Brigade": "17",
        "Time": "2017-05-14 07:26:19",
        "Lines": "17",
        "Lon": 20.9426,
        "Lat": 52.3242
      },
      {
        "Brigade": "17",
        "Time": "2017-05-14 07:26:29",
        "Lines": "17",
        "Lon": 20.9426,
        "Lat": 52.3242
      },
      {
        "Brigade": "17",
        "Time": "2017-05-14 07:26:40",
        "Lines": "17",
        "Lon": 20.9426,
        "Lat": 52.3242
      },
      {
        "Brigade": "17",
        "Time": "2017-05-14 07:26:50",
        "Lines": "17",
        "Lon": 20.9426,
        "Lat": 52.3242
      },
      {
        "Brigade": "17",
        "Time": "2017-05-14 07:27:01",
        "Lines": "17",
        "Lon": 20.9426,
        "Lat": 52.3242
      },
      {
        "Brigade": "17",
        "Time": "2017-05-14 07:27:11",
        "Lines": "17",
        "Lon": 20.9426,
        "Lat": 52.3242
      },
      {
        "Brigade": "17",
        "Time": "2017-05-14 07:27:22",
        "Lines": "17",
        "Lon": 20.9426,
        "Lat": 52.3242
      },
      {
        "Brigade": "17",
        "Time": "2017-05-14 07:27:32",
        "Lines": "17",
        "Lon": 20.9426,
        "Lat": 52.3242
      },
      {
        "Brigade": "17",
        "Time": "2017-05-14 07:27:43",
        "Lines": "17",
        "Lon": 20.9426,
        "Lat": 52.3242
      },
      {
        "Brigade": "17",
        "Time": "2017-05-14 07:27:53",
        "Lines": "17",
        "Lon": 20.9426,
        "Lat": 52.3242
      },
      {
        "Brigade": "17",
        "Time": "2017-05-14 07:28:09",
        "Lines": "17",
        "Lon": 20.9426,
        "Lat": 52.3242
      },
      {
        "Brigade": "17",
        "Time": "2017-05-14 07:28:20",
        "Lines": "17",
        "Lon": 20.9426,
        "Lat": 52.3242
      },
      {
        "Brigade": "17",
        "Time": "2017-05-14 07:28:30",
        "Lines": "17",
        "Lon": 20.9426,
        "Lat": 52.3242
      },
      {
        "Brigade": "17",
        "Time": "2017-05-14 07:28:40",
        "Lines": "17",
        "Lon": 20.9426,
        "Lat": 52.3242
      },
      {
        "Brigade": "17",
        "Time": "2017-05-14 07:28:51",
        "Lines": "17",
        "Lon": 20.9426,
        "Lat": 52.3242
      },
      {
        "Brigade": "17",
        "Time": "2017-05-14 07:29:01",
        "Lines": "17",
        "Lon": 20.9426,
        "Lat": 52.3242
      },
      {
        "Brigade": "17",
        "Time": "2017-05-14 07:29:12",
        "Lines": "17",
        "Lon": 20.9426,
        "Lat": 52.3242
      },
      {
        "Brigade": "17",
        "Time": "2017-05-14 07:29:22",
        "Lines": "17",
        "Lon": 20.9426,
        "Lat": 52.3242
      },
      {
        "Brigade": "17",
        "Time": "2017-05-14 07:29:38",
        "Lines": "17",
        "Lon": 20.9426,
        "Lat": 52.3242
      },
      {
        "Brigade": "17",
        "Time": "2017-05-14 07:29:49",
        "Lines": "17",
        "Lon": 20.9426,
        "Lat": 52.3242
      },
      {
        "Brigade": "17",
        "Time": "2017-05-14 07:29:59",
        "Lines": "17",
        "Lon": 20.9426,
        "Lat": 52.3242
      },
      {
        "Brigade": "17",
        "Time": "2017-05-14 07:30:10",
        "Lines": "17",
        "Lon": 20.9426,
        "Lat": 52.3242
      },
      {
        "Brigade": "17",
        "Time": "2017-05-14 07:30:20",
        "Lines": "17",
        "Lon": 20.9426,
        "Lat": 52.3242
      },
      {
        "Brigade": "17",
        "Time": "2017-05-14 07:30:31",
        "Lines": "17",
        "Lon": 20.9426,
        "Lat": 52.3242
      },
      {
        "Brigade": "17",
        "Time": "2017-05-14 07:30:41",
        "Lines": "17",
        "Lon": 20.9426,
        "Lat": 52.3242
      },
      {
        "Brigade": "17",
        "Time": "2017-05-14 07:30:52",
        "Lines": "17",
        "Lon": 20.9426,
        "Lat": 52.3242
      },
      {
        "Brigade": "17",
        "Time": "2017-05-14 07:31:02",
        "Lines": "17",
        "Lon": 20.9426,
        "Lat": 52.3242
      },
      {
        "Brigade": "17",
        "Time": "2017-05-14 07:31:13",
        "Lines": "17",
        "Lon": 20.9426,
        "Lat": 52.3242
      },
      {
        "Brigade": "17",
        "Time": "2017-05-14 07:31:28",
        "Lines": "17",
        "Lon": 20.9426,
        "Lat": 52.3242
      },
      {
        "Brigade": "17",
        "Time": "2017-05-14 07:31:39",
        "Lines": "17",
        "Lon": 20.9426,
        "Lat": 52.3242
      },
      {
        "Brigade": "17",
        "Time": "2017-05-14 07:31:49",
        "Lines": "17",
        "Lon": 20.9426,
        "Lat": 52.3242
      },
      {
        "Brigade": "17",
        "Time": "2017-05-14 07:32:00",
        "Lines": "17",
        "Lon": 20.9426,
        "Lat": 52.3242
      },
      {
        "Brigade": "17",
        "Time": "2017-05-14 07:32:10",
        "Lines": "17",
        "Lon": 20.9426,
        "Lat": 52.3242
      },
      {
        "Brigade": "17",
        "Time": "2017-05-14 07:32:21",
        "Lines": "17",
        "Lon": 20.9426,
        "Lat": 52.3242
      },
      {
        "Brigade": "17",
        "Time": "2017-05-14 07:32:31",
        "Lines": "17",
        "Lon": 20.9426,
        "Lat": 52.3242
      },
      {
        "Brigade": "17",
        "Time": "2017-05-14 07:32:42",
        "Lines": "17",
        "Lon": 20.9426,
        "Lat": 52.3242
      },
      {
        "Brigade": "17",
        "Time": "2017-05-14 07:32:52",
        "Lines": "17",
        "Lon": 20.9426,
        "Lat": 52.3242
      },
      {
        "Brigade": "17",
        "Time": "2017-05-14 07:33:03",
        "Lines": "17",
        "Lon": 20.9426,
        "Lat": 52.3242
      },
      {
        "Brigade": "17",
        "Time": "2017-05-14 07:33:18",
        "Lines": "17",
        "Lon": 20.9426,
        "Lat": 52.3242
      },
      {
        "Brigade": "17",
        "Time": "2017-05-14 07:33:29",
        "Lines": "17",
        "Lon": 20.9426,
        "Lat": 52.3242
      },
      {
        "Brigade": "17",
        "Time": "2017-05-14 07:33:39",
        "Lines": "17",
        "Lon": 20.9426,
        "Lat": 52.3242
      },
      {
        "Brigade": "17",
        "Time": "2017-05-14 07:33:50",
        "Lines": "17",
        "Lon": 20.9426,
        "Lat": 52.3242
      },
      {
        "Brigade": "17",
        "Time": "2017-05-14 07:34:00",
        "Lines": "17",
        "Lon": 20.9426,
        "Lat": 52.3242
      },
      {
        "Brigade": "17",
        "Time": "2017-05-14 07:34:11",
        "Lines": "17",
        "Lon": 20.9426,
        "Lat": 52.3242
      },
      {
        "Brigade": "17",
        "Time": "2017-05-14 07:34:21",
        "Lines": "17",
        "Lon": 20.9426,
        "Lat": 52.3242
      },
      {
        "Brigade": "17",
        "Time": "2017-05-14 07:34:32",
        "Lines": "17",
        "Lon": 20.9426,
        "Lat": 52.3242
      },
      {
        "Brigade": "17",
        "Time": "2017-05-14 07:34:42",
        "Lines": "17",
        "Lon": 20.9426,
        "Lat": 52.3242
      },
      {
        "Brigade": "17",
        "Time": "2017-05-14 07:34:53",
        "Lines": "17",
        "Lon": 20.9426,
        "Lat": 52.3242
      },
      {
        "Brigade": "17",
        "Time": "2017-05-14 07:35:09",
        "Lines": "17",
        "Lon": 20.9426,
        "Lat": 52.3242
      },
      {
        "Brigade": "17",
        "Time": "2017-05-14 07:35:14",
        "Lines": "17",
        "Lon": 20.9426,
        "Lat": 52.3242
      },
      {
        "Brigade": "17",
        "Time": "2017-05-14 07:35:30",
        "Lines": "17",
        "Lon": 20.9426,
        "Lat": 52.3242
      },
      {
        "Brigade": "17",
        "Time": "2017-05-14 07:35:40",
        "Lines": "17",
        "Lon": 20.9426,
        "Lat": 52.3242
      },
      {
        "Brigade": "17",
        "Time": "2017-05-14 07:35:51",
        "Lines": "17",
        "Lon": 20.9426,
        "Lat": 52.3242
      },
      {
        "Brigade": "17",
        "Time": "2017-05-14 07:36:01",
        "Lines": "17",
        "Lon": 20.9426,
        "Lat": 52.3242
      },
      {
        "Brigade": "17",
        "Time": "2017-05-14 07:36:11",
        "Lines": "17",
        "Lon": 20.9426,
        "Lat": 52.3242
      },
      {
        "Brigade": "17",
        "Time": "2017-05-14 07:36:22",
        "Lines": "17",
        "Lon": 20.9426,
        "Lat": 52.3242
      },
      {
        "Brigade": "17",
        "Time": "2017-05-14 07:36:32",
        "Lines": "17",
        "Lon": 20.9426,
        "Lat": 52.3242
      },
      {
        "Brigade": "17",
        "Time": "2017-05-14 07:36:43",
        "Lines": "17",
        "Lon": 20.9426,
        "Lat": 52.3242
      },
      {
        "Brigade": "17",
        "Time": "2017-05-14 07:36:53",
        "Lines": "17",
        "Lon": 20.9426,
        "Lat": 52.3242
      },
      {
        "Brigade": "17",
        "Time": "2017-05-14 07:37:09",
        "Lines": "17",
        "Lon": 20.9426,
        "Lat": 52.3242
      },
      {
        "Brigade": "17",
        "Time": "2017-05-14 07:37:20",
        "Lines": "17",
        "Lon": 20.9426,
        "Lat": 52.3242
      },
      {
        "Brigade": "17",
        "Time": "2017-05-14 07:37:30",
        "Lines": "17",
        "Lon": 20.9426,
        "Lat": 52.3242
      },
      {
        "Brigade": "17",
        "Time": "2017-05-14 07:37:41",
        "Lines": "17",
        "Lon": 20.9426,
        "Lat": 52.3242
      },
      {
        "Brigade": "17",
        "Time": "2017-05-14 07:37:51",
        "Lines": "17",
        "Lon": 20.9426,
        "Lat": 52.3242
      },
      {
        "Brigade": "17",
        "Time": "2017-05-14 07:38:02",
        "Lines": "17",
        "Lon": 20.9426,
        "Lat": 52.3242
      },
      {
        "Brigade": "17",
        "Time": "2017-05-14 07:38:12",
        "Lines": "17",
        "Lon": 20.9426,
        "Lat": 52.3242
      },
      {
        "Brigade": "17",
        "Time": "2017-05-14 07:38:23",
        "Lines": "17",
        "Lon": 20.9426,
        "Lat": 52.3242
      },
      {
        "Brigade": "17",
        "Time": "2017-05-14 07:38:33",
        "Lines": "17",
        "Lon": 20.9426,
        "Lat": 52.3242
      },
      {
        "Brigade": "17",
        "Time": "2017-05-14 07:38:44",
        "Lines": "17",
        "Lon": 20.9426,
        "Lat": 52.3242
      },
      {
        "Brigade": "17",
        "Time": "2017-05-14 07:38:59",
        "Lines": "17",
        "Lon": 20.9426,
        "Lat": 52.3242
      },
      {
        "Brigade": "17",
        "Time": "2017-05-14 07:39:10",
        "Lines": "17",
        "Lon": 20.9426,
        "Lat": 52.3242
      },
      {
        "Brigade": "17",
        "Time": "2017-05-14 07:39:20",
        "Lines": "17",
        "Lon": 20.9426,
        "Lat": 52.3242
      },
      {
        "Brigade": "17",
        "Time": "2017-05-14 07:40:49",
        "Lines": "17",
        "Lon": 20.9447,
        "Lat": 52.3224
      },
      {
        "Brigade": "17",
        "Time": "2017-05-14 07:40:55",
        "Lines": "17",
        "Lon": 20.9456,
        "Lat": 52.322
      },
      {
        "Brigade": "17",
        "Time": "2017-05-14 07:41:05",
        "Lines": "17",
        "Lon": 20.9475,
        "Lat": 52.3211
      },
      {
        "Brigade": "17",
        "Time": "2017-05-14 07:41:21",
        "Lines": "17",
        "Lon": 20.9502,
        "Lat": 52.3197
      },
      {
        "Brigade": "17",
        "Time": "2017-05-14 07:41:31",
        "Lines": "17",
        "Lon": 20.9516,
        "Lat": 52.319
      },
      {
        "Brigade": "17",
        "Time": "2017-05-14 07:41:42",
        "Lines": "17",
        "Lon": 20.9521,
        "Lat": 52.3188
      },
      {
        "Brigade": "17",
        "Time": "2017-05-14 07:41:52",
        "Lines": "17",
        "Lon": 20.9521,
        "Lat": 52.3188
      },
      {
        "Brigade": "17",
        "Time": "2017-05-14 07:42:03",
        "Lines": "17",
        "Lon": 20.9522,
        "Lat": 52.3188
      },
      {
        "Brigade": "17",
        "Time": "2017-05-14 07:42:13",
        "Lines": "17",
        "Lon": 20.9536,
        "Lat": 52.3181
      },
      {
        "Brigade": "17",
        "Time": "2017-05-14 07:42:24",
        "Lines": "17",
        "Lon": 20.9554,
        "Lat": 52.3172
      },
      {
        "Brigade": "17",
        "Time": "2017-05-14 07:42:40",
        "Lines": "17",
        "Lon": 20.9585,
        "Lat": 52.3164
      },
      {
        "Brigade": "17",
        "Time": "2017-05-14 07:42:45",
        "Lines": "17",
        "Lon": 20.9595,
        "Lat": 52.3165
      },
      {
        "Brigade": "17",
        "Time": "2017-05-14 07:43:01",
        "Lines": "17",
        "Lon": 20.9603,
        "Lat": 52.3168
      },
      {
        "Brigade": "17",
        "Time": "2017-05-14 07:43:11",
        "Lines": "17",
        "Lon": 20.9603,
        "Lat": 52.3168
      },
      {
        "Brigade": "17",
        "Time": "2017-05-14 07:43:22",
        "Lines": "17",
        "Lon": 20.9615,
        "Lat": 52.3172
      },
      {
        "Brigade": "17",
        "Time": "2017-05-14 07:43:32",
        "Lines": "17",
        "Lon": 20.9628,
        "Lat": 52.3176
      },
      {
        "Brigade": "17",
        "Time": "2017-05-14 07:43:42",
        "Lines": "17",
        "Lon": 20.9639,
        "Lat": 52.3176
      },
      {
        "Brigade": "17",
        "Time": "2017-05-14 07:43:56",
        "Lines": "17",
        "Lon": 20.965,
        "Lat": 52.3168
      },
      {
        "Brigade": "17",
        "Time": "2017-05-14 07:44:09",
        "Lines": "17",
        "Lon": 20.9668,
        "Lat": 52.3155
      },
      {
        "Brigade": "17",
        "Time": "2017-05-14 07:44:19",
        "Lines": "17",
        "Lon": 20.9677,
        "Lat": 52.3148
      },
      {
        "Brigade": "17",
        "Time": "2017-05-14 07:44:30",
        "Lines": "17",
        "Lon": 20.9674,
        "Lat": 52.314
      },
      {
        "Brigade": "17",
        "Time": "2017-05-14 07:44:40",
        "Lines": "17",
        "Lon": 20.9661,
        "Lat": 52.3133
      },
      {
        "Brigade": "17",
        "Time": "2017-05-14 07:44:46",
        "Lines": "17",
        "Lon": 20.9657,
        "Lat": 52.3132
      },
      {
        "Brigade": "17",
        "Time": "2017-05-14 07:45:01",
        "Lines": "17",
        "Lon": 20.9655,
        "Lat": 52.3131
      },
      {
        "Brigade": "17",
        "Time": "2017-05-14 07:45:12",
        "Lines": "17",
        "Lon": 20.9653,
        "Lat": 52.313
      },
      {
        "Brigade": "17",
        "Time": "2017-05-14 07:45:22",
        "Lines": "17",
        "Lon": 20.9637,
        "Lat": 52.3124
      },
      {
        "Brigade": "17",
        "Time": "2017-05-14 07:45:33",
        "Lines": "17",
        "Lon": 20.9617,
        "Lat": 52.3116
      },
      {
        "Brigade": "17",
        "Time": "2017-05-14 07:45:48",
        "Lines": "17",
        "Lon": 20.9596,
        "Lat": 52.3108
      },
      {
        "Brigade": "17",
        "Time": "2017-05-14 07:45:53",
        "Lines": "17",
        "Lon": 20.9592,
        "Lat": 52.3107
      },
      {
        "Brigade": "17",
        "Time": "2017-05-14 07:46:09",
        "Lines": "17",
        "Lon": 20.9592,
        "Lat": 52.3107
      },
      {
        "Brigade": "17",
        "Time": "2017-05-14 07:46:20",
        "Lines": "17",
        "Lon": 20.9586,
        "Lat": 52.3104
      },
      {
        "Brigade": "17",
        "Time": "2017-05-14 07:46:30",
        "Lines": "17",
        "Lon": 20.957,
        "Lat": 52.3097
      },
      {
        "Brigade": "17",
        "Time": "2017-05-14 07:46:41",
        "Lines": "17",
        "Lon": 20.9556,
        "Lat": 52.309
      },
      {
        "Brigade": "17",
        "Time": "2017-05-14 07:46:52",
        "Lines": "17",
        "Lon": 20.954,
        "Lat": 52.3082
      },
      {
        "Brigade": "17",
        "Time": "2017-05-14 07:47:02",
        "Lines": "17",
        "Lon": 20.9524,
        "Lat": 52.3074
      },
      {
        "Brigade": "17",
        "Time": "2017-05-14 07:47:12",
        "Lines": "17",
        "Lon": 20.9509,
        "Lat": 52.3067
      },
      {
        "Brigade": "17",
        "Time": "2017-05-14 07:47:23",
        "Lines": "17",
        "Lon": 20.9494,
        "Lat": 52.306
      },
      {
        "Brigade": "17",
        "Time": "2017-05-14 07:47:33",
        "Lines": "17",
        "Lon": 20.9479,
        "Lat": 52.3053
      },
      {
        "Brigade": "17",
        "Time": "2017-05-14 07:47:49",
        "Lines": "17",
        "Lon": 20.9455,
        "Lat": 52.3041
      },
      {
        "Brigade": "17",
        "Time": "2017-05-14 07:47:59",
        "Lines": "17",
        "Lon": 20.9436,
        "Lat": 52.3035
      },
      {
        "Brigade": "17",
        "Time": "2017-05-14 07:48:10",
        "Lines": "17",
        "Lon": 20.9418,
        "Lat": 52.3027
      },
      {
        "Brigade": "17",
        "Time": "2017-05-14 07:48:20",
        "Lines": "17",
        "Lon": 20.941,
        "Lat": 52.3023
      },
      {
        "Brigade": "17",
        "Time": "2017-05-14 07:48:31",
        "Lines": "17",
        "Lon": 20.9405,
        "Lat": 52.3018
      },
      {
        "Brigade": "17",
        "Time": "2017-05-14 07:48:41",
        "Lines": "17",
        "Lon": 20.9404,
        "Lat": 52.3013
      },
      {
        "Brigade": "17",
        "Time": "2017-05-14 07:48:52",
        "Lines": "17",
        "Lon": 20.941,
        "Lat": 52.3002
      },
      {
        "Brigade": "17",
        "Time": "2017-05-14 07:49:02",
        "Lines": "17",
        "Lon": 20.9418,
        "Lat": 52.299
      },
      {
        "Brigade": "17",
        "Time": "2017-05-14 07:49:13",
        "Lines": "17",
        "Lon": 20.9427,
        "Lat": 52.298
      },
      {
        "Brigade": "17",
        "Time": "2017-05-14 07:49:23",
        "Lines": "17",
        "Lon": 20.9428,
        "Lat": 52.2979
      },
      {
        "Brigade": "17",
        "Time": "2017-05-14 07:49:39",
        "Lines": "17",
        "Lon": 20.9431,
        "Lat": 52.2976
      },
      {
        "Brigade": "17",
        "Time": "2017-05-14 07:49:49",
        "Lines": "17",
        "Lon": 20.9441,
        "Lat": 52.2965
      },
      {
        "Brigade": "17",
        "Time": "2017-05-14 07:50:00",
        "Lines": "17",
        "Lon": 20.9452,
        "Lat": 52.2954
      },
      {
        "Brigade": "17",
        "Time": "2017-05-14 07:52:58",
        "Lines": "17",
        "Lon": 20.9542,
        "Lat": 52.286
      },
      {
        "Brigade": "17",
        "Time": "2017-05-14 07:53:09",
        "Lines": "17",
        "Lon": 20.9547,
        "Lat": 52.2854
      },
      {
        "Brigade": "17",
        "Time": "2017-05-14 07:53:19",
        "Lines": "17",
        "Lon": 20.9552,
        "Lat": 52.2847
      },
      {
        "Brigade": "17",
        "Time": "2017-05-14 07:53:30",
        "Lines": "17",
        "Lon": 20.9557,
        "Lat": 52.2842
      },
      {
        "Brigade": "17",
        "Time": "2017-05-14 07:53:40",
        "Lines": "17",
        "Lon": 20.9564,
        "Lat": 52.2835
      },
      {
        "Brigade": "17",
        "Time": "2017-05-14 07:53:51",
        "Lines": "17",
        "Lon": 20.9565,
        "Lat": 52.2833
      },
      {
        "Brigade": "17",
        "Time": "2017-05-14 07:54:01",
        "Lines": "17",
        "Lon": 20.9565,
        "Lat": 52.2833
      },
      {
        "Brigade": "17",
        "Time": "2017-05-14 07:54:12",
        "Lines": "17",
        "Lon": 20.9566,
        "Lat": 52.2832
      },
      {
        "Brigade": "17",
        "Time": "2017-05-14 07:54:27",
        "Lines": "17",
        "Lon": 20.9578,
        "Lat": 52.2819
      },
      {
        "Brigade": "17",
        "Time": "2017-05-14 07:54:38",
        "Lines": "17",
        "Lon": 20.9588,
        "Lat": 52.2809
      },
      {
        "Brigade": "17",
        "Time": "2017-05-14 07:54:48",
        "Lines": "17",
        "Lon": 20.9593,
        "Lat": 52.2804
      },
      {
        "Brigade": "17",
        "Time": "2017-05-14 07:54:59",
        "Lines": "17",
        "Lon": 20.9593,
        "Lat": 52.2803
      },
      {
        "Brigade": "17",
        "Time": "2017-05-14 07:55:09",
        "Lines": "17",
        "Lon": 20.9593,
        "Lat": 52.2803
      },
      {
        "Brigade": "17",
        "Time": "2017-05-14 07:55:20",
        "Lines": "17",
        "Lon": 20.9601,
        "Lat": 52.2795
      },
      {
        "Brigade": "17",
        "Time": "2017-05-14 07:55:31",
        "Lines": "17",
        "Lon": 20.9611,
        "Lat": 52.2784
      },
      {
        "Brigade": "17",
        "Time": "2017-05-14 07:55:41",
        "Lines": "17",
        "Lon": 20.962,
        "Lat": 52.2775
      },
      {
        "Brigade": "17",
        "Time": "2017-05-14 07:55:49",
        "Lines": "17",
        "Lon": 20.9625,
        "Lat": 52.2769
      },
      {
        "Brigade": "17",
        "Time": "2017-05-14 07:56:07",
        "Lines": "17",
        "Lon": 20.9638,
        "Lat": 52.2757
      },
      {
        "Brigade": "17",
        "Time": "2017-05-14 07:56:12",
        "Lines": "17",
        "Lon": 20.9639,
        "Lat": 52.2756
      },
      {
        "Brigade": "17",
        "Time": "2017-05-14 07:56:28",
        "Lines": "17",
        "Lon": 20.9645,
        "Lat": 52.2752
      },
      {
        "Brigade": "17",
        "Time": "2017-05-14 07:56:39",
        "Lines": "17",
        "Lon": 20.9658,
        "Lat": 52.2743
      },
      {
        "Brigade": "17",
        "Time": "2017-05-14 07:56:49",
        "Lines": "17",
        "Lon": 20.967,
        "Lat": 52.2736
      },
      {
        "Brigade": "17",
        "Time": "2017-05-14 07:57:00",
        "Lines": "17",
        "Lon": 20.9673,
        "Lat": 52.2734
      },
      {
        "Brigade": "17",
        "Time": "2017-05-14 07:57:10",
        "Lines": "17",
        "Lon": 20.9673,
        "Lat": 52.2734
      },
      {
        "Brigade": "17",
        "Time": "2017-05-14 07:57:20",
        "Lines": "17",
        "Lon": 20.9683,
        "Lat": 52.2731
      },
      {
        "Brigade": "17",
        "Time": "2017-05-14 07:57:31",
        "Lines": "17",
        "Lon": 20.9701,
        "Lat": 52.2725
      },
      {
        "Brigade": "17",
        "Time": "2017-05-14 07:57:41",
        "Lines": "17",
        "Lon": 20.9713,
        "Lat": 52.2723
      },
      {
        "Brigade": "17",
        "Time": "2017-05-14 07:57:52",
        "Lines": "17",
        "Lon": 20.972,
        "Lat": 52.2721
      },
      {
        "Brigade": "17",
        "Time": "2017-05-14 07:58:02",
        "Lines": "17",
        "Lon": 20.9729,
        "Lat": 52.2719
      },
      {
        "Brigade": "17",
        "Time": "2017-05-14 07:58:13",
        "Lines": "17",
        "Lon": 20.9733,
        "Lat": 52.2718
      },
      {
        "Brigade": "17",
        "Time": "2017-05-14 07:58:29",
        "Lines": "17",
        "Lon": 20.9733,
        "Lat": 52.2718
      },
      {
        "Brigade": "17",
        "Time": "2017-05-14 07:58:39",
        "Lines": "17",
        "Lon": 20.9733,
        "Lat": 52.2718
      },
      {
        "Brigade": "17",
        "Time": "2017-05-14 07:58:50",
        "Lines": "17",
        "Lon": 20.9733,
        "Lat": 52.2718
      },
      {
        "Brigade": "17",
        "Time": "2017-05-14 07:59:00",
        "Lines": "17",
        "Lon": 20.9733,
        "Lat": 52.2718
      },
      {
        "Brigade": "17",
        "Time": "2017-05-14 07:59:11",
        "Lines": "17",
        "Lon": 20.9733,
        "Lat": 52.2718
      },
      {
        "Brigade": "17",
        "Time": "2017-05-14 07:59:21",
        "Lines": "17",
        "Lon": 20.9733,
        "Lat": 52.2718
      },
      {
        "Brigade": "17",
        "Time": "2017-05-14 07:59:32",
        "Lines": "17",
        "Lon": 20.9734,
        "Lat": 52.2718
      },
      {
        "Brigade": "17",
        "Time": "2017-05-14 07:59:42",
        "Lines": "17",
        "Lon": 20.9738,
        "Lat": 52.2714
      },
      {
        "Brigade": "17",
        "Time": "2017-05-14 07:59:52",
        "Lines": "17",
        "Lon": 20.9742,
        "Lat": 52.2707
      },
      {
        "Brigade": "17",
        "Time": "2017-05-14 08:00:03",
        "Lines": "17",
        "Lon": 20.9751,
        "Lat": 52.2694
      },
      {
        "Brigade": "17",
        "Time": "2017-05-14 08:00:13",
        "Lines": "17",
        "Lon": 20.9758,
        "Lat": 52.2683
      },
      {
        "Brigade": "17",
        "Time": "2017-05-14 08:00:29",
        "Lines": "17",
        "Lon": 20.9767,
        "Lat": 52.2669
      },
      {
        "Brigade": "17",
        "Time": "2017-05-14 08:00:40",
        "Lines": "17",
        "Lon": 20.9768,
        "Lat": 52.2668
      },
      {
        "Brigade": "17",
        "Time": "2017-05-14 08:00:52",
        "Lines": "17",
        "Lon": 20.9768,
        "Lat": 52.2668
      },
      {
        "Brigade": "17",
        "Time": "2017-05-14 08:01:01",
        "Lines": "17",
        "Lon": 20.9768,
        "Lat": 52.2668
      },
      {
        "Brigade": "17",
        "Time": "2017-05-14 08:01:11",
        "Lines": "17",
        "Lon": 20.9768,
        "Lat": 52.2668
      },
      {
        "Brigade": "17",
        "Time": "2017-05-14 08:01:22",
        "Lines": "17",
        "Lon": 20.9769,
        "Lat": 52.2667
      },
      {
        "Brigade": "17",
        "Time": "2017-05-14 08:01:32",
        "Lines": "17",
        "Lon": 20.9775,
        "Lat": 52.2659
      },
      {
        "Brigade": "17",
        "Time": "2017-05-14 08:01:43",
        "Lines": "17",
        "Lon": 20.9783,
        "Lat": 52.2647
      },
      {
        "Brigade": "17",
        "Time": "2017-05-14 08:01:53",
        "Lines": "17",
        "Lon": 20.979,
        "Lat": 52.2635
      },
      {
        "Brigade": "17",
        "Time": "2017-05-14 08:02:09",
        "Lines": "17",
        "Lon": 20.9795,
        "Lat": 52.2628
      },
      {
        "Brigade": "17",
        "Time": "2017-05-14 08:02:20",
        "Lines": "17",
        "Lon": 20.9795,
        "Lat": 52.2628
      },
      {
        "Brigade": "17",
        "Time": "2017-05-14 08:02:30",
        "Lines": "17",
        "Lon": 20.9795,
        "Lat": 52.2628
      },
      {
        "Brigade": "17",
        "Time": "2017-05-14 08:02:41",
        "Lines": "17",
        "Lon": 20.9795,
        "Lat": 52.2628
      },
      {
        "Brigade": "17",
        "Time": "2017-05-14 08:02:51",
        "Lines": "17",
        "Lon": 20.9795,
        "Lat": 52.2628
      },
      {
        "Brigade": "17",
        "Time": "2017-05-14 08:03:02",
        "Lines": "17",
        "Lon": 20.9795,
        "Lat": 52.2628
      },
      {
        "Brigade": "17",
        "Time": "2017-05-14 08:03:12",
        "Lines": "17",
        "Lon": 20.9795,
        "Lat": 52.2628
      },
      {
        "Brigade": "17",
        "Time": "2017-05-14 08:03:22",
        "Lines": "17",
        "Lon": 20.9795,
        "Lat": 52.2628
      },
      {
        "Brigade": "17",
        "Time": "2017-05-14 08:03:33",
        "Lines": "17",
        "Lon": 20.98,
        "Lat": 52.262
      },
      {
        "Brigade": "17",
        "Time": "2017-05-14 08:03:44",
        "Lines": "17",
        "Lon": 20.9805,
        "Lat": 52.2612
      },
      {
        "Brigade": "17",
        "Time": "2017-05-14 08:03:59",
        "Lines": "17",
        "Lon": 20.9809,
        "Lat": 52.2594
      },
      {
        "Brigade": "17",
        "Time": "2017-05-14 08:04:10",
        "Lines": "17",
        "Lon": 20.9812,
        "Lat": 52.2582
      },
      {
        "Brigade": "17",
        "Time": "2017-05-14 08:04:20",
        "Lines": "17",
        "Lon": 20.9815,
        "Lat": 52.257
      },
      {
        "Brigade": "17",
        "Time": "2017-05-14 08:04:31",
        "Lines": "17",
        "Lon": 20.9819,
        "Lat": 52.2559
      },
      {
        "Brigade": "17",
        "Time": "2017-05-14 08:04:41",
        "Lines": "17",
        "Lon": 20.9821,
        "Lat": 52.2554
      },
      {
        "Brigade": "17",
        "Time": "2017-05-14 08:04:51",
        "Lines": "17",
        "Lon": 20.9821,
        "Lat": 52.2554
      },
      {
        "Brigade": "17",
        "Time": "2017-05-14 08:05:02",
        "Lines": "17",
        "Lon": 20.9821,
        "Lat": 52.2554
      },
      {
        "Brigade": "17",
        "Time": "2017-05-14 08:05:13",
        "Lines": "17",
        "Lon": 20.9821,
        "Lat": 52.2554
      },
      {
        "Brigade": "17",
        "Time": "2017-05-14 08:05:23",
        "Lines": "17",
        "Lon": 20.9821,
        "Lat": 52.2554
      },
      {
        "Brigade": "17",
        "Time": "2017-05-14 08:05:33",
        "Lines": "17",
        "Lon": 20.9821,
        "Lat": 52.2554
      },
      {
        "Brigade": "17",
        "Time": "2017-05-14 08:05:44",
        "Lines": "17",
        "Lon": 20.9821,
        "Lat": 52.2554
      },
      {
        "Brigade": "17",
        "Time": "2017-05-14 08:05:55",
        "Lines": "17",
        "Lon": 20.9823,
        "Lat": 52.2549
      },
      {
        "Brigade": "17",
        "Time": "2017-05-14 08:06:10",
        "Lines": "17",
        "Lon": 20.9827,
        "Lat": 52.2544
      },
      {
        "Brigade": "17",
        "Time": "2017-05-14 08:06:22",
        "Lines": "17",
        "Lon": 20.9827,
        "Lat": 52.2544
      },
      {
        "Brigade": "17",
        "Time": "2017-05-14 08:06:31",
        "Lines": "17",
        "Lon": 20.983,
        "Lat": 52.2541
      },
      {
        "Brigade": "17",
        "Time": "2017-05-14 08:06:42",
        "Lines": "17",
        "Lon": 20.9833,
        "Lat": 52.2537
      },
      {
        "Brigade": "17",
        "Time": "2017-05-14 08:06:52",
        "Lines": "17",
        "Lon": 20.9833,
        "Lat": 52.2537
      },
      {
        "Brigade": "17",
        "Time": "2017-05-14 08:07:04",
        "Lines": "17",
        "Lon": 20.9834,
        "Lat": 52.2536
      },
      {
        "Brigade": "17",
        "Time": "2017-05-14 08:07:13",
        "Lines": "17",
        "Lon": 20.9837,
        "Lat": 52.2533
      },
      {
        "Brigade": "17",
        "Time": "2017-05-14 08:07:23",
        "Lines": "17",
        "Lon": 20.9843,
        "Lat": 52.2525
      },
      {
        "Brigade": "17",
        "Time": "2017-05-14 08:07:39",
        "Lines": "17",
        "Lon": 20.9854,
        "Lat": 52.2513
      },
      {
        "Brigade": "17",
        "Time": "2017-05-14 08:07:50",
        "Lines": "17",
        "Lon": 20.9854,
        "Lat": 52.2513
      },
      {
        "Brigade": "17",
        "Time": "2017-05-14 08:08:00",
        "Lines": "17",
        "Lon": 20.9854,
        "Lat": 52.2513
      },
      {
        "Brigade": "17",
        "Time": "2017-05-14 08:08:11",
        "Lines": "17",
        "Lon": 20.9854,
        "Lat": 52.2513
      },
      {
        "Brigade": "17",
        "Time": "2017-05-14 08:08:21",
        "Lines": "17",
        "Lon": 20.9854,
        "Lat": 52.2513
      },
      {
        "Brigade": "17",
        "Time": "2017-05-14 08:08:32",
        "Lines": "17",
        "Lon": 20.9854,
        "Lat": 52.2513
      },
      {
        "Brigade": "17",
        "Time": "2017-05-14 08:08:42",
        "Lines": "17",
        "Lon": 20.9854,
        "Lat": 52.2513
      },
      {
        "Brigade": "17",
        "Time": "2017-05-14 08:08:53",
        "Lines": "17",
        "Lon": 20.9854,
        "Lat": 52.2513
      },
      {
        "Brigade": "17",
        "Time": "2017-05-14 08:09:03",
        "Lines": "17",
        "Lon": 20.9859,
        "Lat": 52.2508
      },
      {
        "Brigade": "17",
        "Time": "2017-05-14 08:09:14",
        "Lines": "17",
        "Lon": 20.9866,
        "Lat": 52.2499
      },
      {
        "Brigade": "17",
        "Time": "2017-05-14 08:09:24",
        "Lines": "17",
        "Lon": 20.9878,
        "Lat": 52.2486
      },
      {
        "Brigade": "17",
        "Time": "2017-05-14 08:09:36",
        "Lines": "17",
        "Lon": 20.9885,
        "Lat": 52.2477
      },
      {
        "Brigade": "17",
        "Time": "2017-05-14 08:09:50",
        "Lines": "17",
        "Lon": 20.9886,
        "Lat": 52.2476
      },
      {
        "Brigade": "17",
        "Time": "2017-05-14 08:10:01",
        "Lines": "17",
        "Lon": 20.9887,
        "Lat": 52.2475
      },
      {
        "Brigade": "17",
        "Time": "2017-05-14 08:10:11",
        "Lines": "17",
        "Lon": 20.9895,
        "Lat": 52.2465
      },
      {
        "Brigade": "17",
        "Time": "2017-05-14 08:10:18",
        "Lines": "17",
        "Lon": 20.9901,
        "Lat": 52.2459
      },
      {
        "Brigade": "17",
        "Time": "2017-05-14 08:10:43",
        "Lines": "17",
        "Lon": 20.9918,
        "Lat": 52.244
      },
      {
        "Brigade": "17",
        "Time": "2017-05-14 08:10:53",
        "Lines": "17",
        "Lon": 20.9918,
        "Lat": 52.244
      },
      {
        "Brigade": "17",
        "Time": "2017-05-14 08:11:09",
        "Lines": "17",
        "Lon": 20.9925,
        "Lat": 52.2431
      },
      {
        "Brigade": "17",
        "Time": "2017-05-14 08:11:19",
        "Lines": "17",
        "Lon": 20.9932,
        "Lat": 52.2423
      },
      {
        "Brigade": "17",
        "Time": "2017-05-14 08:11:30",
        "Lines": "17",
        "Lon": 20.9933,
        "Lat": 52.2422
      },
      {
        "Brigade": "17",
        "Time": "2017-05-14 08:11:40",
        "Lines": "17",
        "Lon": 20.9933,
        "Lat": 52.2422
      },
      {
        "Brigade": "17",
        "Time": "2017-05-14 08:11:51",
        "Lines": "17",
        "Lon": 20.9933,
        "Lat": 52.2422
      },
      {
        "Brigade": "17",
        "Time": "2017-05-14 08:12:01",
        "Lines": "17",
        "Lon": 20.9933,
        "Lat": 52.2422
      },
      {
        "Brigade": "17",
        "Time": "2017-05-14 08:12:12",
        "Lines": "17",
        "Lon": 20.9933,
        "Lat": 52.2422
      },
      {
        "Brigade": "17",
        "Time": "2017-05-14 08:12:22",
        "Lines": "17",
        "Lon": 20.9933,
        "Lat": 52.2422
      },
      {
        "Brigade": "17",
        "Time": "2017-05-14 08:12:33",
        "Lines": "17",
        "Lon": 20.9933,
        "Lat": 52.2422
      },
      {
        "Brigade": "17",
        "Time": "2017-05-14 08:12:43",
        "Lines": "17",
        "Lon": 20.9933,
        "Lat": 52.2422
      },
      {
        "Brigade": "17",
        "Time": "2017-05-14 08:12:59",
        "Lines": "17",
        "Lon": 20.9939,
        "Lat": 52.2415
      },
      {
        "Brigade": "17",
        "Time": "2017-05-14 08:13:04",
        "Lines": "17",
        "Lon": 20.9943,
        "Lat": 52.241
      },
      {
        "Brigade": "17",
        "Time": "2017-05-14 08:13:15",
        "Lines": "17",
        "Lon": 20.9954,
        "Lat": 52.2398
      },
      {
        "Brigade": "17",
        "Time": "2017-05-14 08:13:30",
        "Lines": "17",
        "Lon": 20.9961,
        "Lat": 52.2383
      },
      {
        "Brigade": "17",
        "Time": "2017-05-14 08:13:41",
        "Lines": "17",
        "Lon": 20.9962,
        "Lat": 52.2381
      },
      {
        "Brigade": "17",
        "Time": "2017-05-14 08:13:51",
        "Lines": "17",
        "Lon": 20.9962,
        "Lat": 52.2381
      },
      {
        "Brigade": "17",
        "Time": "2017-05-14 08:14:02",
        "Lines": "17",
        "Lon": 20.9964,
        "Lat": 52.2377
      },
      {
        "Brigade": "17",
        "Time": "2017-05-14 08:14:12",
        "Lines": "17",
        "Lon": 20.9969,
        "Lat": 52.2365
      },
      {
        "Brigade": "17",
        "Time": "2017-05-14 08:14:23",
        "Lines": "17",
        "Lon": 20.9975,
        "Lat": 52.2351
      },
      {
        "Brigade": "17",
        "Time": "2017-05-14 08:14:34",
        "Lines": "17",
        "Lon": 20.9978,
        "Lat": 52.234
      },
      {
        "Brigade": "17",
        "Time": "2017-05-14 08:14:49",
        "Lines": "17",
        "Lon": 20.9981,
        "Lat": 52.2336
      },
      {
        "Brigade": "17",
        "Time": "2017-05-14 08:15:00",
        "Lines": "17",
        "Lon": 20.9981,
        "Lat": 52.2336
      },
      {
        "Brigade": "17",
        "Time": "2017-05-14 08:15:10",
        "Lines": "17",
        "Lon": 20.9981,
        "Lat": 52.2336
      },
      {
        "Brigade": "17",
        "Time": "2017-05-14 08:15:21",
        "Lines": "17",
        "Lon": 20.9982,
        "Lat": 52.2332
      },
      {
        "Brigade": "17",
        "Time": "2017-05-14 08:15:31",
        "Lines": "17",
        "Lon": 20.9987,
        "Lat": 52.2326
      },
      {
        "Brigade": "17",
        "Time": "2017-05-14 08:15:42",
        "Lines": "17",
        "Lon": 20.9989,
        "Lat": 52.2321
      },
      {
        "Brigade": "17",
        "Time": "2017-05-14 08:15:52",
        "Lines": "17",
        "Lon": 20.9989,
        "Lat": 52.2321
      },
      {
        "Brigade": "17",
        "Time": "2017-05-14 08:16:03",
        "Lines": "17",
        "Lon": 20.999,
        "Lat": 52.232
      },
      {
        "Brigade": "17",
        "Time": "2017-05-14 08:16:13",
        "Lines": "17",
        "Lon": 20.9999,
        "Lat": 52.2308
      },
      {
        "Brigade": "17",
        "Time": "2017-05-14 08:16:24",
        "Lines": "17",
        "Lon": 21.0008,
        "Lat": 52.2295
      },
      {
        "Brigade": "17",
        "Time": "2017-05-14 08:16:34",
        "Lines": "17",
        "Lon": 21.0014,
        "Lat": 52.2285
      },
      {
        "Brigade": "17",
        "Time": "2017-05-14 08:16:40",
        "Lines": "17",
        "Lon": 21.0016,
        "Lat": 52.2281
      },
      {
        "Brigade": "17",
        "Time": "2017-05-14 08:17:01",
        "Lines": "17",
        "Lon": 21.0017,
        "Lat": 52.228
      },
      {
        "Brigade": "17",
        "Time": "2017-05-14 08:17:11",
        "Lines": "17",
        "Lon": 21.0017,
        "Lat": 52.228
      },
      {
        "Brigade": "17",
        "Time": "2017-05-14 08:17:21",
        "Lines": "17",
        "Lon": 21.0019,
        "Lat": 52.2277
      },
      {
        "Brigade": "17",
        "Time": "2017-05-14 08:17:32",
        "Lines": "17",
        "Lon": 21.0023,
        "Lat": 52.2271
      },
      {
        "Brigade": "17",
        "Time": "2017-05-14 08:17:42",
        "Lines": "17",
        "Lon": 21.0031,
        "Lat": 52.2258
      }
    ]
  }
]
