[
  {
    "res": [
      {
        "Brigade": "3",
        "Time": "2017-05-14 06:57:38",
        "Lines": "17",
        "Lon": 21.0018,
        "Lat": 52.1948
      },
      {
        "Brigade": "3",
        "Time": "2017-05-14 06:57:59",
        "Lines": "17",
        "Lon": 21.0018,
        "Lat": 52.1952
      },
      {
        "Brigade": "3",
        "Time": "2017-05-14 06:58:20",
        "Lines": "17",
        "Lon": 21.0018,
        "Lat": 52.1952
      },
      {
        "Brigade": "3",
        "Time": "2017-05-14 06:58:41",
        "Lines": "17",
        "Lon": 21.0018,
        "Lat": 52.1952
      },
      {
        "Brigade": "3",
        "Time": "2017-05-14 06:59:02",
        "Lines": "17",
        "Lon": 21.0018,
        "Lat": 52.1952
      },
      {
        "Brigade": "3",
        "Time": "2017-05-14 06:59:23",
        "Lines": "17",
        "Lon": 21.0018,
        "Lat": 52.1969
      },
      {
        "Brigade": "3",
        "Time": "2017-05-14 06:59:44",
        "Lines": "17",
        "Lon": 21.0013,
        "Lat": 52.1987
      },
      {
        "Brigade": "3",
        "Time": "2017-05-14 07:00:05",
        "Lines": "17",
        "Lon": 21.0013,
        "Lat": 52.1988
      },
      {
        "Brigade": "3",
        "Time": "2017-05-14 07:00:26",
        "Lines": "17",
        "Lon": 21.0006,
        "Lat": 52.201
      },
      {
        "Brigade": "3",
        "Time": "2017-05-14 07:00:47",
        "Lines": "17",
        "Lon": 21.0002,
        "Lat": 52.2024
      },
      {
        "Brigade": "3",
        "Time": "2017-05-14 07:01:07",
        "Lines": "17",
        "Lon": 21.0002,
        "Lat": 52.2026
      },
      {
        "Brigade": "3",
        "Time": "2017-05-14 07:01:28",
        "Lines": "17",
        "Lon": 20.9995,
        "Lat": 52.2051
      },
      {
        "Brigade": "3",
        "Time": "2017-05-14 07:01:49",
        "Lines": "17",
        "Lon": 20.9993,
        "Lat": 52.2057
      },
      {
        "Brigade": "3",
        "Time": "2017-05-14 07:02:11",
        "Lines": "17",
        "Lon": 20.9993,
        "Lat": 52.2057
      },
      {
        "Brigade": "3",
        "Time": "2017-05-14 07:02:31",
        "Lines": "17",
        "Lon": 20.9993,
        "Lat": 52.2057
      },
      {
        "Brigade": "3",
        "Time": "2017-05-14 07:02:53",
        "Lines": "17",
        "Lon": 21.0005,
        "Lat": 52.2062
      },
      {
        "Brigade": "3",
        "Time": "2017-05-14 07:03:13",
        "Lines": "17",
        "Lon": 21.003,
        "Lat": 52.2067
      },
      {
        "Brigade": "3",
        "Time": "2017-05-14 07:03:34",
        "Lines": "17",
        "Lon": 21.0041,
        "Lat": 52.2069
      },
      {
        "Brigade": "3",
        "Time": "2017-05-14 07:03:55",
        "Lines": "17",
        "Lon": 21.0067,
        "Lat": 52.2074
      },
      {
        "Brigade": "3",
        "Time": "2017-05-14 07:04:16",
        "Lines": "17",
        "Lon": 21.0076,
        "Lat": 52.2075
      },
      {
        "Brigade": "3",
        "Time": "2017-05-14 07:04:38",
        "Lines": "17",
        "Lon": 21.0081,
        "Lat": 52.2079
      },
      {
        "Brigade": "3",
        "Time": "2017-05-14 07:04:58",
        "Lines": "17",
        "Lon": 21.0075,
        "Lat": 52.2093
      },
      {
        "Brigade": "3",
        "Time": "2017-05-14 07:05:19",
        "Lines": "17",
        "Lon": 21.0075,
        "Lat": 52.2094
      },
      {
        "Brigade": "3",
        "Time": "2017-05-14 07:05:39",
        "Lines": "17",
        "Lon": 21.0068,
        "Lat": 52.2113
      },
      {
        "Brigade": "3",
        "Time": "2017-05-14 07:06:00",
        "Lines": "17",
        "Lon": 21.0063,
        "Lat": 52.213
      },
      {
        "Brigade": "3",
        "Time": "2017-05-14 07:06:21",
        "Lines": "17",
        "Lon": 21.0057,
        "Lat": 52.2148
      },
      {
        "Brigade": "3",
        "Time": "2017-05-14 07:06:46",
        "Lines": "17",
        "Lon": 21.0052,
        "Lat": 52.2168
      },
      {
        "Brigade": "3",
        "Time": "2017-05-14 07:07:03",
        "Lines": "17",
        "Lon": 21.0052,
        "Lat": 52.2168
      },
      {
        "Brigade": "3",
        "Time": "2017-05-14 07:07:24",
        "Lines": "17",
        "Lon": 21.0052,
        "Lat": 52.2168
      },
      {
        "Brigade": "3",
        "Time": "2017-05-14 07:07:45",
        "Lines": "17",
        "Lon": 21.0052,
        "Lat": 52.2168
      },
      {
        "Brigade": "3",
        "Time": "2017-05-14 07:08:06",
        "Lines": "17",
        "Lon": 21.0051,
        "Lat": 52.217
      },
      {
        "Brigade": "3",
        "Time": "2017-05-14 07:08:27",
        "Lines": "17",
        "Lon": 21.005,
        "Lat": 52.2191
      },
      {
        "Brigade": "3",
        "Time": "2017-05-14 07:08:48",
        "Lines": "17",
        "Lon": 21.0049,
        "Lat": 52.2199
      },
      {
        "Brigade": "3",
        "Time": "2017-05-14 07:09:09",
        "Lines": "17",
        "Lon": 21.0049,
        "Lat": 52.2205
      },
      {
        "Brigade": "3",
        "Time": "2017-05-14 07:09:30",
        "Lines": "17",
        "Lon": 21.0048,
        "Lat": 52.2224
      },
      {
        "Brigade": "3",
        "Time": "2017-05-14 07:09:50",
        "Lines": "17",
        "Lon": 21.0048,
        "Lat": 52.2228
      },
      {
        "Brigade": "3",
        "Time": "2017-05-14 07:10:11",
        "Lines": "17",
        "Lon": 21.0042,
        "Lat": 52.2241
      },
      {
        "Brigade": "3",
        "Time": "2017-05-14 07:10:32",
        "Lines": "17",
        "Lon": 21.0027,
        "Lat": 52.2266
      },
      {
        "Brigade": "3",
        "Time": "2017-05-14 07:10:53",
        "Lines": "17",
        "Lon": 21.0022,
        "Lat": 52.2274
      },
      {
        "Brigade": "3",
        "Time": "2017-05-14 07:11:14",
        "Lines": "17",
        "Lon": 21.0017,
        "Lat": 52.2281
      },
      {
        "Brigade": "3",
        "Time": "2017-05-14 07:11:35",
        "Lines": "17",
        "Lon": 21.0013,
        "Lat": 52.2288
      },
      {
        "Brigade": "3",
        "Time": "2017-05-14 07:11:56",
        "Lines": "17",
        "Lon": 21.0011,
        "Lat": 52.2291
      },
      {
        "Brigade": "3",
        "Time": "2017-05-14 07:12:23",
        "Lines": "17",
        "Lon": 20.9994,
        "Lat": 52.2316
      },
      {
        "Brigade": "3",
        "Time": "2017-05-14 07:12:38",
        "Lines": "17",
        "Lon": 20.9987,
        "Lat": 52.2327
      },
      {
        "Brigade": "3",
        "Time": "2017-05-14 07:12:59",
        "Lines": "17",
        "Lon": 20.9987,
        "Lat": 52.2327
      },
      {
        "Brigade": "3",
        "Time": "2017-05-14 07:13:20",
        "Lines": "17",
        "Lon": 20.9983,
        "Lat": 52.2333
      },
      {
        "Brigade": "3",
        "Time": "2017-05-14 07:13:41",
        "Lines": "17",
        "Lon": 20.9979,
        "Lat": 52.2341
      },
      {
        "Brigade": "3",
        "Time": "2017-05-14 07:14:01",
        "Lines": "17",
        "Lon": 20.9978,
        "Lat": 52.2344
      },
      {
        "Brigade": "3",
        "Time": "2017-05-14 07:14:22",
        "Lines": "17",
        "Lon": 20.9968,
        "Lat": 52.2369
      },
      {
        "Brigade": "3",
        "Time": "2017-05-14 07:14:43",
        "Lines": "17",
        "Lon": 20.9961,
        "Lat": 52.2387
      },
      {
        "Brigade": "3",
        "Time": "2017-05-14 07:15:04",
        "Lines": "17",
        "Lon": 20.9959,
        "Lat": 52.2391
      },
      {
        "Brigade": "3",
        "Time": "2017-05-14 07:15:25",
        "Lines": "17",
        "Lon": 20.9943,
        "Lat": 52.2412
      },
      {
        "Brigade": "3",
        "Time": "2017-05-14 07:15:47",
        "Lines": "17",
        "Lon": 20.994,
        "Lat": 52.2415
      },
      {
        "Brigade": "3",
        "Time": "2017-05-14 07:16:07",
        "Lines": "17",
        "Lon": 20.994,
        "Lat": 52.2415
      },
      {
        "Brigade": "3",
        "Time": "2017-05-14 07:16:29",
        "Lines": "17",
        "Lon": 20.994,
        "Lat": 52.2415
      },
      {
        "Brigade": "3",
        "Time": "2017-05-14 07:16:49",
        "Lines": "17",
        "Lon": 20.9938,
        "Lat": 52.2417
      },
      {
        "Brigade": "3",
        "Time": "2017-05-14 07:17:10",
        "Lines": "17",
        "Lon": 20.9928,
        "Lat": 52.2429
      },
      {
        "Brigade": "3",
        "Time": "2017-05-14 07:17:31",
        "Lines": "17",
        "Lon": 20.9914,
        "Lat": 52.2445
      },
      {
        "Brigade": "3",
        "Time": "2017-05-14 07:17:52",
        "Lines": "17",
        "Lon": 20.9909,
        "Lat": 52.2451
      },
      {
        "Brigade": "3",
        "Time": "2017-05-14 07:18:13",
        "Lines": "17",
        "Lon": 20.9891,
        "Lat": 52.2471
      },
      {
        "Brigade": "3",
        "Time": "2017-05-14 07:18:33",
        "Lines": "17",
        "Lon": 20.989,
        "Lat": 52.2472
      },
      {
        "Brigade": "3",
        "Time": "2017-05-14 07:18:54",
        "Lines": "17",
        "Lon": 20.988,
        "Lat": 52.2483
      },
      {
        "Brigade": "3",
        "Time": "2017-05-14 07:19:15",
        "Lines": "17",
        "Lon": 20.9861,
        "Lat": 52.2506
      },
      {
        "Brigade": "3",
        "Time": "2017-05-14 07:19:36",
        "Lines": "17",
        "Lon": 20.9859,
        "Lat": 52.2507
      },
      {
        "Brigade": "3",
        "Time": "2017-05-14 07:19:57",
        "Lines": "17",
        "Lon": 20.9853,
        "Lat": 52.2515
      },
      {
        "Brigade": "3",
        "Time": "2017-05-14 07:20:18",
        "Lines": "17",
        "Lon": 20.9837,
        "Lat": 52.2533
      },
      {
        "Brigade": "3",
        "Time": "2017-05-14 07:20:39",
        "Lines": "17",
        "Lon": 20.9832,
        "Lat": 52.2538
      },
      {
        "Brigade": "3",
        "Time": "2017-05-14 07:21:00",
        "Lines": "17",
        "Lon": 20.983,
        "Lat": 52.2541
      },
      {
        "Brigade": "3",
        "Time": "2017-05-14 07:21:21",
        "Lines": "17",
        "Lon": 20.9825,
        "Lat": 52.2548
      },
      {
        "Brigade": "3",
        "Time": "2017-05-14 07:21:42",
        "Lines": "17",
        "Lon": 20.9823,
        "Lat": 52.2551
      },
      {
        "Brigade": "3",
        "Time": "2017-05-14 07:22:03",
        "Lines": "17",
        "Lon": 20.982,
        "Lat": 52.2559
      },
      {
        "Brigade": "3",
        "Time": "2017-05-14 07:22:24",
        "Lines": "17",
        "Lon": 20.9818,
        "Lat": 52.2563
      },
      {
        "Brigade": "3",
        "Time": "2017-05-14 07:22:45",
        "Lines": "17",
        "Lon": 20.9811,
        "Lat": 52.2588
      },
      {
        "Brigade": "3",
        "Time": "2017-05-14 07:23:05",
        "Lines": "17",
        "Lon": 20.9805,
        "Lat": 52.2613
      },
      {
        "Brigade": "3",
        "Time": "2017-05-14 07:23:27",
        "Lines": "17",
        "Lon": 20.9798,
        "Lat": 52.2624
      },
      {
        "Brigade": "3",
        "Time": "2017-05-14 07:23:47",
        "Lines": "17",
        "Lon": 20.9792,
        "Lat": 52.2634
      },
      {
        "Brigade": "3",
        "Time": "2017-05-14 07:24:08",
        "Lines": "17",
        "Lon": 20.9784,
        "Lat": 52.2646
      },
      {
        "Brigade": "3",
        "Time": "2017-05-14 07:24:29",
        "Lines": "17",
        "Lon": 20.9774,
        "Lat": 52.2661
      },
      {
        "Brigade": "3",
        "Time": "2017-05-14 07:24:50",
        "Lines": "17",
        "Lon": 20.9768,
        "Lat": 52.2669
      },
      {
        "Brigade": "3",
        "Time": "2017-05-14 07:25:11",
        "Lines": "17",
        "Lon": 20.9751,
        "Lat": 52.2695
      },
      {
        "Brigade": "3",
        "Time": "2017-05-14 07:25:32",
        "Lines": "17",
        "Lon": 20.9739,
        "Lat": 52.2714
      },
      {
        "Brigade": "3",
        "Time": "2017-05-14 07:25:53",
        "Lines": "17",
        "Lon": 20.9728,
        "Lat": 52.2721
      },
      {
        "Brigade": "3",
        "Time": "2017-05-14 07:26:14",
        "Lines": "17",
        "Lon": 20.9726,
        "Lat": 52.2721
      },
      {
        "Brigade": "3",
        "Time": "2017-05-14 07:26:35",
        "Lines": "17",
        "Lon": 20.9715,
        "Lat": 52.2723
      },
      {
        "Brigade": "3",
        "Time": "2017-05-14 07:26:56",
        "Lines": "17",
        "Lon": 20.9697,
        "Lat": 52.2727
      },
      {
        "Brigade": "3",
        "Time": "2017-05-14 07:27:16",
        "Lines": "17",
        "Lon": 20.9678,
        "Lat": 52.2733
      },
      {
        "Brigade": "3",
        "Time": "2017-05-14 07:27:37",
        "Lines": "17",
        "Lon": 20.9671,
        "Lat": 52.2736
      },
      {
        "Brigade": "3",
        "Time": "2017-05-14 07:27:58",
        "Lines": "17",
        "Lon": 20.966,
        "Lat": 52.2742
      },
      {
        "Brigade": "3",
        "Time": "2017-05-14 07:28:19",
        "Lines": "17",
        "Lon": 20.9641,
        "Lat": 52.2755
      },
      {
        "Brigade": "3",
        "Time": "2017-05-14 07:28:40",
        "Lines": "17",
        "Lon": 20.9637,
        "Lat": 52.2758
      },
      {
        "Brigade": "3",
        "Time": "2017-05-14 07:29:01",
        "Lines": "17",
        "Lon": 20.9617,
        "Lat": 52.2779
      },
      {
        "Brigade": "3",
        "Time": "2017-05-14 07:29:23",
        "Lines": "17",
        "Lon": 20.9597,
        "Lat": 52.28
      },
      {
        "Brigade": "3",
        "Time": "2017-05-14 07:29:43",
        "Lines": "17",
        "Lon": 20.9588,
        "Lat": 52.2809
      },
      {
        "Brigade": "3",
        "Time": "2017-05-14 07:30:05",
        "Lines": "17",
        "Lon": 20.9576,
        "Lat": 52.2821
      },
      {
        "Brigade": "3",
        "Time": "2017-05-14 07:30:25",
        "Lines": "17",
        "Lon": 20.9561,
        "Lat": 52.2838
      },
      {
        "Brigade": "3",
        "Time": "2017-05-14 07:30:46",
        "Lines": "17",
        "Lon": 20.9561,
        "Lat": 52.2838
      },
      {
        "Brigade": "3",
        "Time": "2017-05-14 07:31:07",
        "Lines": "17",
        "Lon": 20.9549,
        "Lat": 52.2851
      },
      {
        "Brigade": "3",
        "Time": "2017-05-14 07:31:28",
        "Lines": "17",
        "Lon": 20.9542,
        "Lat": 52.286
      },
      {
        "Brigade": "3",
        "Time": "2017-05-14 07:31:49",
        "Lines": "17",
        "Lon": 20.9526,
        "Lat": 52.2877
      },
      {
        "Brigade": "3",
        "Time": "2017-05-14 07:32:09",
        "Lines": "17",
        "Lon": 20.9524,
        "Lat": 52.2879
      },
      {
        "Brigade": "3",
        "Time": "2017-05-14 07:32:30",
        "Lines": "17",
        "Lon": 20.9506,
        "Lat": 52.2898
      },
      {
        "Brigade": "3",
        "Time": "2017-05-14 07:32:51",
        "Lines": "17",
        "Lon": 20.9499,
        "Lat": 52.2905
      },
      {
        "Brigade": "3",
        "Time": "2017-05-14 07:33:12",
        "Lines": "17",
        "Lon": 20.9492,
        "Lat": 52.2913
      },
      {
        "Brigade": "3",
        "Time": "2017-05-14 07:33:41",
        "Lines": "17",
        "Lon": 20.9468,
        "Lat": 52.2938
      },
      {
        "Brigade": "3",
        "Time": "2017-05-14 07:33:54",
        "Lines": "17",
        "Lon": 20.945,
        "Lat": 52.2957
      },
      {
        "Brigade": "3",
        "Time": "2017-05-14 07:34:15",
        "Lines": "17",
        "Lon": 20.9449,
        "Lat": 52.2958
      },
      {
        "Brigade": "3",
        "Time": "2017-05-14 07:37:03",
        "Lines": "17",
        "Lon": 20.952,
        "Lat": 52.3072
      },
      {
        "Brigade": "3",
        "Time": "2017-05-14 07:37:23",
        "Lines": "17",
        "Lon": 20.9556,
        "Lat": 52.3089
      },
      {
        "Brigade": "3",
        "Time": "2017-05-14 07:37:44",
        "Lines": "17",
        "Lon": 20.959,
        "Lat": 52.3106
      },
      {
        "Brigade": "3",
        "Time": "2017-05-14 07:38:05",
        "Lines": "17",
        "Lon": 20.9598,
        "Lat": 52.3109
      },
      {
        "Brigade": "3",
        "Time": "2017-05-14 07:38:26",
        "Lines": "17",
        "Lon": 20.9626,
        "Lat": 52.3119
      },
      {
        "Brigade": "3",
        "Time": "2017-05-14 07:38:47",
        "Lines": "17",
        "Lon": 20.9658,
        "Lat": 52.3132
      },
      {
        "Brigade": "3",
        "Time": "2017-05-14 07:39:08",
        "Lines": "17",
        "Lon": 20.9665,
        "Lat": 52.3135
      },
      {
        "Brigade": "3",
        "Time": "2017-05-14 07:40:52",
        "Lines": "17",
        "Lon": 20.961,
        "Lat": 52.3171
      },
      {
        "Brigade": "3",
        "Time": "2017-05-14 07:41:13",
        "Lines": "17",
        "Lon": 20.961,
        "Lat": 52.3171
      },
      {
        "Brigade": "3",
        "Time": "2017-05-14 07:41:34",
        "Lines": "17",
        "Lon": 20.9576,
        "Lat": 52.3165
      },
      {
        "Brigade": "3",
        "Time": "2017-05-14 07:41:55",
        "Lines": "17",
        "Lon": 20.9541,
        "Lat": 52.3178
      },
      {
        "Brigade": "3",
        "Time": "2017-05-14 07:42:16",
        "Lines": "17",
        "Lon": 20.9527,
        "Lat": 52.3185
      },
      {
        "Brigade": "3",
        "Time": "2017-05-14 07:42:37",
        "Lines": "17",
        "Lon": 20.9505,
        "Lat": 52.3196
      },
      {
        "Brigade": "3",
        "Time": "2017-05-14 07:42:59",
        "Lines": "17",
        "Lon": 20.9471,
        "Lat": 52.3213
      },
      {
        "Brigade": "3",
        "Time": "2017-05-14 07:43:20",
        "Lines": "17",
        "Lon": 20.9447,
        "Lat": 52.3225
      },
      {
        "Brigade": "3",
        "Time": "2017-05-14 07:43:41",
        "Lines": "17",
        "Lon": 20.9446,
        "Lat": 52.3225
      },
      {
        "Brigade": "3",
        "Time": "2017-05-14 07:44:01",
        "Lines": "17",
        "Lon": 20.9435,
        "Lat": 52.3231
      },
      {
        "Brigade": "3",
        "Time": "2017-05-14 07:44:21",
        "Lines": "17",
        "Lon": 20.9433,
        "Lat": 52.3238
      },
      {
        "Brigade": "3",
        "Time": "2017-05-14 07:44:42",
        "Lines": "17",
        "Lon": 20.9434,
        "Lat": 52.3243
      },
      {
        "Brigade": "3",
        "Time": "2017-05-14 07:45:03",
        "Lines": "17",
        "Lon": 20.9429,
        "Lat": 52.3245
      },
      {
        "Brigade": "3",
        "Time": "2017-05-14 07:45:24",
        "Lines": "17",
        "Lon": 20.9429,
        "Lat": 52.3245
      },
      {
        "Brigade": "3",
        "Time": "2017-05-14 07:45:45",
        "Lines": "17",
        "Lon": 20.9429,
        "Lat": 52.3245
      },
      {
        "Brigade": "3",
        "Time": "2017-05-14 07:46:06",
        "Lines": "17",
        "Lon": 20.9429,
        "Lat": 52.3245
      },
      {
        "Brigade": "3",
        "Time": "2017-05-14 07:46:27",
        "Lines": "17",
        "Lon": 20.9429,
        "Lat": 52.3245
      },
      {
        "Brigade": "3",
        "Time": "2017-05-14 07:46:48",
        "Lines": "17",
        "Lon": 20.9429,
        "Lat": 52.3245
      },
      {
        "Brigade": "3",
        "Time": "2017-05-14 07:47:09",
        "Lines": "17",
        "Lon": 20.9429,
        "Lat": 52.3245
      },
      {
        "Brigade": "3",
        "Time": "2017-05-14 07:47:30",
        "Lines": "17",
        "Lon": 20.9429,
        "Lat": 52.3245
      },
      {
        "Brigade": "3",
        "Time": "2017-05-14 07:47:51",
        "Lines": "17",
        "Lon": 20.9429,
        "Lat": 52.3245
      },
      {
        "Brigade": "3",
        "Time": "2017-05-14 07:48:12",
        "Lines": "17",
        "Lon": 20.9429,
        "Lat": 52.3245
      },
      {
        "Brigade": "3",
        "Time": "2017-05-14 07:48:32",
        "Lines": "17",
        "Lon": 20.9429,
        "Lat": 52.3245
      },
      {
        "Brigade": "3",
        "Time": "2017-05-14 07:48:53",
        "Lines": "17",
        "Lon": 20.9429,
        "Lat": 52.3245
      },
      {
        "Brigade": "3",
        "Time": "2017-05-14 07:49:14",
        "Lines": "17",
        "Lon": 20.9429,
        "Lat": 52.3245
      },
      {
        "Brigade": "3",
        "Time": "2017-05-14 07:49:35",
        "Lines": "17",
        "Lon": 20.9429,
        "Lat": 52.3245
      },
      {
        "Brigade": "3",
        "Time": "2017-05-14 07:49:56",
        "Lines": "17",
        "Lon": 20.9429,
        "Lat": 52.3245
      },
      {
        "Brigade": "3",
        "Time": "2017-05-14 07:50:17",
        "Lines": "17",
        "Lon": 20.9429,
        "Lat": 52.3245
      },
      {
        "Brigade": "3",
        "Time": "2017-05-14 07:50:38",
        "Lines": "17",
        "Lon": 20.9429,
        "Lat": 52.3245
      },
      {
        "Brigade": "3",
        "Time": "2017-05-14 07:50:59",
        "Lines": "17",
        "Lon": 20.9429,
        "Lat": 52.3245
      },
      {
        "Brigade": "3",
        "Time": "2017-05-14 07:51:20",
        "Lines": "17",
        "Lon": 20.9429,
        "Lat": 52.3245
      },
      {
        "Brigade": "3",
        "Time": "2017-05-14 07:51:41",
        "Lines": "17",
        "Lon": 20.9429,
        "Lat": 52.3245
      },
      {
        "Brigade": "3",
        "Time": "2017-05-14 07:52:02",
        "Lines": "17",
        "Lon": 20.9429,
        "Lat": 52.3245
      },
      {
        "Brigade": "3",
        "Time": "2017-05-14 07:52:23",
        "Lines": "17",
        "Lon": 20.9429,
        "Lat": 52.3245
      },
      {
        "Brigade": "3",
        "Time": "2017-05-14 07:52:43",
        "Lines": "17",
        "Lon": 20.9429,
        "Lat": 52.3245
      },
      {
        "Brigade": "3",
        "Time": "2017-05-14 07:53:05",
        "Lines": "17",
        "Lon": 20.9429,
        "Lat": 52.3245
      },
      {
        "Brigade": "3",
        "Time": "2017-05-14 07:53:25",
        "Lines": "17",
        "Lon": 20.9429,
        "Lat": 52.3245
      },
      {
        "Brigade": "3",
        "Time": "2017-05-14 07:53:46",
        "Lines": "17",
        "Lon": 20.9429,
        "Lat": 52.3245
      },
      {
        "Brigade": "3",
        "Time": "2017-05-14 07:54:07",
        "Lines": "17",
        "Lon": 20.9429,
        "Lat": 52.3245
      },
      {
        "Brigade": "3",
        "Time": "2017-05-14 07:54:28",
        "Lines": "17",
        "Lon": 20.9429,
        "Lat": 52.3245
      },
      {
        "Brigade": "3",
        "Time": "2017-05-14 07:54:49",
        "Lines": "17",
        "Lon": 20.9429,
        "Lat": 52.3245
      },
      {
        "Brigade": "3",
        "Time": "2017-05-14 07:55:10",
        "Lines": "17",
        "Lon": 20.9429,
        "Lat": 52.3245
      },
      {
        "Brigade": "3",
        "Time": "2017-05-14 07:55:31",
        "Lines": "17",
        "Lon": 20.9429,
        "Lat": 52.3245
      },
      {
        "Brigade": "3",
        "Time": "2017-05-14 07:55:52",
        "Lines": "17",
        "Lon": 20.9429,
        "Lat": 52.3245
      },
      {
        "Brigade": "3",
        "Time": "2017-05-14 07:56:13",
        "Lines": "17",
        "Lon": 20.9429,
        "Lat": 52.3245
      },
      {
        "Brigade": "3",
        "Time": "2017-05-14 07:56:35",
        "Lines": "17",
        "Lon": 20.9429,
        "Lat": 52.3245
      },
      {
        "Brigade": "3",
        "Time": "2017-05-14 07:56:55",
        "Lines": "17",
        "Lon": 20.9429,
        "Lat": 52.3245
      },
      {
        "Brigade": "3",
        "Time": "2017-05-14 07:57:17",
        "Lines": "17",
        "Lon": 20.9429,
        "Lat": 52.3245
      },
      {
        "Brigade": "3",
        "Time": "2017-05-14 07:57:36",
        "Lines": "17",
        "Lon": 20.9429,
        "Lat": 52.3245
      },
      {
        "Brigade": "3",
        "Time": "2017-05-14 07:57:57",
        "Lines": "17",
        "Lon": 20.9429,
        "Lat": 52.3245
      },
      {
        "Brigade": "3",
        "Time": "2017-05-14 07:58:18",
        "Lines": "17",
        "Lon": 20.9429,
        "Lat": 52.3245
      },
      {
        "Brigade": "3",
        "Time": "2017-05-14 07:58:39",
        "Lines": "17",
        "Lon": 20.9429,
        "Lat": 52.3245
      },
      {
        "Brigade": "3",
        "Time": "2017-05-14 07:59:00",
        "Lines": "17",
        "Lon": 20.9429,
        "Lat": 52.3245
      },
      {
        "Brigade": "3",
        "Time": "2017-05-14 07:59:21",
        "Lines": "17",
        "Lon": 20.9429,
        "Lat": 52.3245
      },
      {
        "Brigade": "3",
        "Time": "2017-05-14 07:59:42",
        "Lines": "17",
        "Lon": 20.9429,
        "Lat": 52.3245
      },
      {
        "Brigade": "3",
        "Time": "2017-05-14 08:00:03",
        "Lines": "17",
        "Lon": 20.9429,
        "Lat": 52.3245
      },
      {
        "Brigade": "3",
        "Time": "2017-05-14 08:00:24",
        "Lines": "17",
        "Lon": 20.9426,
        "Lat": 52.3243
      },
      {
        "Brigade": "3",
        "Time": "2017-05-14 08:00:45",
        "Lines": "17",
        "Lon": 20.9426,
        "Lat": 52.3242
      },
      {
        "Brigade": "3",
        "Time": "2017-05-14 08:01:06",
        "Lines": "17",
        "Lon": 20.9426,
        "Lat": 52.3242
      },
      {
        "Brigade": "3",
        "Time": "2017-05-14 08:01:27",
        "Lines": "17",
        "Lon": 20.9426,
        "Lat": 52.3242
      },
      {
        "Brigade": "3",
        "Time": "2017-05-14 08:01:48",
        "Lines": "17",
        "Lon": 20.9426,
        "Lat": 52.3242
      },
      {
        "Brigade": "3",
        "Time": "2017-05-14 08:02:09",
        "Lines": "17",
        "Lon": 20.9426,
        "Lat": 52.3242
      },
      {
        "Brigade": "3",
        "Time": "2017-05-14 08:02:29",
        "Lines": "17",
        "Lon": 20.9426,
        "Lat": 52.3242
      },
      {
        "Brigade": "3",
        "Time": "2017-05-14 08:02:50",
        "Lines": "17",
        "Lon": 20.9426,
        "Lat": 52.3242
      },
      {
        "Brigade": "3",
        "Time": "2017-05-14 08:03:11",
        "Lines": "17",
        "Lon": 20.9426,
        "Lat": 52.3242
      },
      {
        "Brigade": "3",
        "Time": "2017-05-14 08:03:32",
        "Lines": "17",
        "Lon": 20.9426,
        "Lat": 52.3242
      },
      {
        "Brigade": "3",
        "Time": "2017-05-14 08:03:53",
        "Lines": "17",
        "Lon": 20.9426,
        "Lat": 52.3242
      },
      {
        "Brigade": "3",
        "Time": "2017-05-14 08:04:14",
        "Lines": "17",
        "Lon": 20.9426,
        "Lat": 52.3242
      },
      {
        "Brigade": "3",
        "Time": "2017-05-14 08:04:35",
        "Lines": "17",
        "Lon": 20.9426,
        "Lat": 52.3242
      },
      {
        "Brigade": "3",
        "Time": "2017-05-14 08:04:56",
        "Lines": "17",
        "Lon": 20.9426,
        "Lat": 52.3242
      },
      {
        "Brigade": "3",
        "Time": "2017-05-14 08:05:17",
        "Lines": "17",
        "Lon": 20.9426,
        "Lat": 52.3242
      },
      {
        "Brigade": "3",
        "Time": "2017-05-14 08:05:38",
        "Lines": "17",
        "Lon": 20.9426,
        "Lat": 52.3242
      },
      {
        "Brigade": "3",
        "Time": "2017-05-14 08:05:59",
        "Lines": "17",
        "Lon": 20.9426,
        "Lat": 52.3242
      },
      {
        "Brigade": "3",
        "Time": "2017-05-14 08:06:20",
        "Lines": "17",
        "Lon": 20.9426,
        "Lat": 52.3242
      },
      {
        "Brigade": "3",
        "Time": "2017-05-14 08:06:41",
        "Lines": "17",
        "Lon": 20.9426,
        "Lat": 52.3242
      },
      {
        "Brigade": "3",
        "Time": "2017-05-14 08:07:01",
        "Lines": "17",
        "Lon": 20.9426,
        "Lat": 52.3242
      },
      {
        "Brigade": "3",
        "Time": "2017-05-14 08:07:23",
        "Lines": "17",
        "Lon": 20.9426,
        "Lat": 52.3242
      },
      {
        "Brigade": "3",
        "Time": "2017-05-14 08:07:43",
        "Lines": "17",
        "Lon": 20.9426,
        "Lat": 52.3242
      },
      {
        "Brigade": "3",
        "Time": "2017-05-14 08:08:04",
        "Lines": "17",
        "Lon": 20.9426,
        "Lat": 52.3242
      },
      {
        "Brigade": "3",
        "Time": "2017-05-14 08:08:25",
        "Lines": "17",
        "Lon": 20.9426,
        "Lat": 52.3242
      },
      {
        "Brigade": "3",
        "Time": "2017-05-14 08:08:46",
        "Lines": "17",
        "Lon": 20.9426,
        "Lat": 52.3242
      },
      {
        "Brigade": "3",
        "Time": "2017-05-14 08:09:07",
        "Lines": "17",
        "Lon": 20.9426,
        "Lat": 52.3242
      },
      {
        "Brigade": "3",
        "Time": "2017-05-14 08:09:28",
        "Lines": "17",
        "Lon": 20.9426,
        "Lat": 52.3242
      },
      {
        "Brigade": "3",
        "Time": "2017-05-14 08:09:49",
        "Lines": "17",
        "Lon": 20.9426,
        "Lat": 52.3242
      },
      {
        "Brigade": "3",
        "Time": "2017-05-14 08:10:10",
        "Lines": "17",
        "Lon": 20.9426,
        "Lat": 52.3242
      },
      {
        "Brigade": "3",
        "Time": "2017-05-14 08:10:31",
        "Lines": "17",
        "Lon": 20.9426,
        "Lat": 52.3242
      },
      {
        "Brigade": "3",
        "Time": "2017-05-14 08:10:52",
        "Lines": "17",
        "Lon": 20.9427,
        "Lat": 52.3238
      },
      {
        "Brigade": "3",
        "Time": "2017-05-14 08:11:12",
        "Lines": "17",
        "Lon": 20.9428,
        "Lat": 52.3235
      },
      {
        "Brigade": "3",
        "Time": "2017-05-14 08:11:33",
        "Lines": "17",
        "Lon": 20.9434,
        "Lat": 52.323
      },
      {
        "Brigade": "3",
        "Time": "2017-05-14 08:11:54",
        "Lines": "17",
        "Lon": 20.9439,
        "Lat": 52.3228
      },
      {
        "Brigade": "3",
        "Time": "2017-05-14 08:12:15",
        "Lines": "17",
        "Lon": 20.9457,
        "Lat": 52.3219
      },
      {
        "Brigade": "3",
        "Time": "2017-05-14 08:12:36",
        "Lines": "17",
        "Lon": 20.9492,
        "Lat": 52.3202
      },
      {
        "Brigade": "3",
        "Time": "2017-05-14 08:12:57",
        "Lines": "17",
        "Lon": 20.952,
        "Lat": 52.3188
      },
      {
        "Brigade": "3",
        "Time": "2017-05-14 08:13:18",
        "Lines": "17",
        "Lon": 20.9521,
        "Lat": 52.3188
      },
      {
        "Brigade": "3",
        "Time": "2017-05-14 08:13:39",
        "Lines": "17",
        "Lon": 20.9536,
        "Lat": 52.318
      },
      {
        "Brigade": "3",
        "Time": "2017-05-14 08:14:00",
        "Lines": "17",
        "Lon": 20.9571,
        "Lat": 52.3165
      },
      {
        "Brigade": "3",
        "Time": "2017-05-14 08:14:21",
        "Lines": "17",
        "Lon": 20.9603,
        "Lat": 52.3167
      },
      {
        "Brigade": "3",
        "Time": "2017-05-14 08:14:41",
        "Lines": "17",
        "Lon": 20.9606,
        "Lat": 52.3168
      },
      {
        "Brigade": "3",
        "Time": "2017-05-14 08:15:02",
        "Lines": "17",
        "Lon": 20.9634,
        "Lat": 52.3177
      },
      {
        "Brigade": "3",
        "Time": "2017-05-14 08:15:23",
        "Lines": "17",
        "Lon": 20.9652,
        "Lat": 52.3166
      },
      {
        "Brigade": "3",
        "Time": "2017-05-14 08:15:44",
        "Lines": "17",
        "Lon": 20.9661,
        "Lat": 52.316
      },
      {
        "Brigade": "3",
        "Time": "2017-05-14 08:16:05",
        "Lines": "17",
        "Lon": 20.9669,
        "Lat": 52.3154
      },
      {
        "Brigade": "3",
        "Time": "2017-05-14 08:16:26",
        "Lines": "17",
        "Lon": 20.9676,
        "Lat": 52.3142
      },
      {
        "Brigade": "3",
        "Time": "2017-05-14 08:16:47",
        "Lines": "17",
        "Lon": 20.9658,
        "Lat": 52.3132
      },
      {
        "Brigade": "3",
        "Time": "2017-05-14 08:17:08",
        "Lines": "17",
        "Lon": 20.9654,
        "Lat": 52.313
      },
      {
        "Brigade": "3",
        "Time": "2017-05-14 08:17:29",
        "Lines": "17",
        "Lon": 20.9629,
        "Lat": 52.3121
      }
    ]
  }
]
