[
  {
    "res": [
      {
        "Brigade": "35",
        "Time": "2017-05-14 08:05:55",
        "Lines": "17",
        "Lon": 21.0027,
        "Lat": 52.1888
      },
      {
        "Brigade": "35",
        "Time": "2017-05-14 08:06:11",
        "Lines": "17",
        "Lon": 21.0027,
        "Lat": 52.1888
      },
      {
        "Brigade": "35",
        "Time": "2017-05-14 08:06:21",
        "Lines": "17",
        "Lon": 21.0025,
        "Lat": 52.1888
      },
      {
        "Brigade": "35",
        "Time": "2017-05-14 08:06:32",
        "Lines": "17",
        "Lon": 21.0021,
        "Lat": 52.1891
      },
      {
        "Brigade": "35",
        "Time": "2017-05-14 08:06:42",
        "Lines": "17",
        "Lon": 21.002,
        "Lat": 52.1897
      },
      {
        "Brigade": "35",
        "Time": "2017-05-14 08:06:53",
        "Lines": "17",
        "Lon": 21.0019,
        "Lat": 52.1899
      },
      {
        "Brigade": "35",
        "Time": "2017-05-14 08:07:03",
        "Lines": "17",
        "Lon": 21.0019,
        "Lat": 52.1899
      },
      {
        "Brigade": "35",
        "Time": "2017-05-14 08:07:14",
        "Lines": "17",
        "Lon": 21.0019,
        "Lat": 52.1903
      },
      {
        "Brigade": "35",
        "Time": "2017-05-14 08:07:24",
        "Lines": "17",
        "Lon": 21.0018,
        "Lat": 52.1913
      },
      {
        "Brigade": "35",
        "Time": "2017-05-14 08:07:35",
        "Lines": "17",
        "Lon": 21.0018,
        "Lat": 52.1925
      },
      {
        "Brigade": "35",
        "Time": "2017-05-14 08:07:50",
        "Lines": "17",
        "Lon": 21.0018,
        "Lat": 52.1942
      },
      {
        "Brigade": "35",
        "Time": "2017-05-14 08:07:55",
        "Lines": "17",
        "Lon": 21.0018,
        "Lat": 52.1947
      },
      {
        "Brigade": "35",
        "Time": "2017-05-14 08:08:11",
        "Lines": "17",
        "Lon": 21.0018,
        "Lat": 52.1951
      },
      {
        "Brigade": "35",
        "Time": "2017-05-14 08:08:22",
        "Lines": "17",
        "Lon": 21.0018,
        "Lat": 52.1951
      },
      {
        "Brigade": "35",
        "Time": "2017-05-14 08:08:32",
        "Lines": "17",
        "Lon": 21.0018,
        "Lat": 52.1951
      },
      {
        "Brigade": "35",
        "Time": "2017-05-14 08:08:43",
        "Lines": "17",
        "Lon": 21.0018,
        "Lat": 52.1951
      },
      {
        "Brigade": "35",
        "Time": "2017-05-14 08:08:53",
        "Lines": "17",
        "Lon": 21.0018,
        "Lat": 52.1951
      },
      {
        "Brigade": "35",
        "Time": "2017-05-14 08:09:04",
        "Lines": "17",
        "Lon": 21.0018,
        "Lat": 52.1951
      },
      {
        "Brigade": "35",
        "Time": "2017-05-14 08:09:14",
        "Lines": "17",
        "Lon": 21.0018,
        "Lat": 52.1955
      },
      {
        "Brigade": "35",
        "Time": "2017-05-14 08:09:25",
        "Lines": "17",
        "Lon": 21.0018,
        "Lat": 52.1962
      },
      {
        "Brigade": "35",
        "Time": "2017-05-14 08:09:40",
        "Lines": "17",
        "Lon": 21.0016,
        "Lat": 52.1976
      },
      {
        "Brigade": "35",
        "Time": "2017-05-14 08:09:51",
        "Lines": "17",
        "Lon": 21.0014,
        "Lat": 52.1985
      },
      {
        "Brigade": "35",
        "Time": "2017-05-14 08:10:01",
        "Lines": "17",
        "Lon": 21.0013,
        "Lat": 52.1987
      },
      {
        "Brigade": "35",
        "Time": "2017-05-14 08:10:12",
        "Lines": "17",
        "Lon": 21.0013,
        "Lat": 52.1987
      },
      {
        "Brigade": "35",
        "Time": "2017-05-14 08:10:23",
        "Lines": "17",
        "Lon": 21.0012,
        "Lat": 52.1989
      },
      {
        "Brigade": "35",
        "Time": "2017-05-14 08:10:33",
        "Lines": "17",
        "Lon": 21.0009,
        "Lat": 52.2
      },
      {
        "Brigade": "35",
        "Time": "2017-05-14 08:11:09",
        "Lines": "17",
        "Lon": 21.0002,
        "Lat": 52.2024
      },
      {
        "Brigade": "35",
        "Time": "2017-05-14 08:11:30",
        "Lines": "17",
        "Lon": 20.9999,
        "Lat": 52.2038
      },
      {
        "Brigade": "35",
        "Time": "2017-05-14 08:11:52",
        "Lines": "17",
        "Lon": 20.9993,
        "Lat": 52.2057
      },
      {
        "Brigade": "35",
        "Time": "2017-05-14 08:12:02",
        "Lines": "17",
        "Lon": 20.9993,
        "Lat": 52.2057
      },
      {
        "Brigade": "35",
        "Time": "2017-05-14 08:12:13",
        "Lines": "17",
        "Lon": 20.9993,
        "Lat": 52.2057
      },
      {
        "Brigade": "35",
        "Time": "2017-05-14 08:12:23",
        "Lines": "17",
        "Lon": 20.9993,
        "Lat": 52.2059
      },
      {
        "Brigade": "35",
        "Time": "2017-05-14 08:12:33",
        "Lines": "17",
        "Lon": 21.0003,
        "Lat": 52.2062
      },
      {
        "Brigade": "35",
        "Time": "2017-05-14 08:12:44",
        "Lines": "17",
        "Lon": 21.0016,
        "Lat": 52.2064
      },
      {
        "Brigade": "35",
        "Time": "2017-05-14 08:12:54",
        "Lines": "17",
        "Lon": 21.003,
        "Lat": 52.2066
      },
      {
        "Brigade": "35",
        "Time": "2017-05-14 08:13:05",
        "Lines": "17",
        "Lon": 21.0041,
        "Lat": 52.2068
      },
      {
        "Brigade": "35",
        "Time": "2017-05-14 08:13:21",
        "Lines": "17",
        "Lon": 21.0041,
        "Lat": 52.2068
      },
      {
        "Brigade": "35",
        "Time": "2017-05-14 08:13:31",
        "Lines": "17",
        "Lon": 21.0051,
        "Lat": 52.207
      },
      {
        "Brigade": "35",
        "Time": "2017-05-14 08:13:42",
        "Lines": "17",
        "Lon": 21.0062,
        "Lat": 52.2072
      },
      {
        "Brigade": "35",
        "Time": "2017-05-14 08:13:52",
        "Lines": "17",
        "Lon": 21.0071,
        "Lat": 52.2074
      },
      {
        "Brigade": "35",
        "Time": "2017-05-14 08:14:03",
        "Lines": "17",
        "Lon": 21.0075,
        "Lat": 52.2074
      },
      {
        "Brigade": "35",
        "Time": "2017-05-14 08:14:13",
        "Lines": "17",
        "Lon": 21.0076,
        "Lat": 52.2074
      },
      {
        "Brigade": "35",
        "Time": "2017-05-14 08:14:24",
        "Lines": "17",
        "Lon": 21.0076,
        "Lat": 52.2074
      },
      {
        "Brigade": "35",
        "Time": "2017-05-14 08:14:34",
        "Lines": "17",
        "Lon": 21.0076,
        "Lat": 52.2074
      },
      {
        "Brigade": "35",
        "Time": "2017-05-14 08:14:45",
        "Lines": "17",
        "Lon": 21.0077,
        "Lat": 52.2075
      },
      {
        "Brigade": "35",
        "Time": "2017-05-14 08:15:00",
        "Lines": "17",
        "Lon": 21.008,
        "Lat": 52.208
      },
      {
        "Brigade": "35",
        "Time": "2017-05-14 08:15:11",
        "Lines": "17",
        "Lon": 21.0077,
        "Lat": 52.2089
      },
      {
        "Brigade": "35",
        "Time": "2017-05-14 08:15:21",
        "Lines": "17",
        "Lon": 21.0075,
        "Lat": 52.2093
      },
      {
        "Brigade": "35",
        "Time": "2017-05-14 08:15:32",
        "Lines": "17",
        "Lon": 21.0075,
        "Lat": 52.2093
      },
      {
        "Brigade": "35",
        "Time": "2017-05-14 08:15:42",
        "Lines": "17",
        "Lon": 21.0074,
        "Lat": 52.2096
      },
      {
        "Brigade": "35",
        "Time": "2017-05-14 08:15:53",
        "Lines": "17",
        "Lon": 21.0072,
        "Lat": 52.2101
      },
      {
        "Brigade": "35",
        "Time": "2017-05-14 08:16:03",
        "Lines": "17",
        "Lon": 21.007,
        "Lat": 52.2108
      },
      {
        "Brigade": "35",
        "Time": "2017-05-14 08:16:14",
        "Lines": "17",
        "Lon": 21.0067,
        "Lat": 52.2118
      },
      {
        "Brigade": "35",
        "Time": "2017-05-14 08:16:24",
        "Lines": "17",
        "Lon": 21.0064,
        "Lat": 52.2127
      },
      {
        "Brigade": "35",
        "Time": "2017-05-14 08:16:35",
        "Lines": "17",
        "Lon": 21.0063,
        "Lat": 52.213
      },
      {
        "Brigade": "35",
        "Time": "2017-05-14 08:16:45",
        "Lines": "17",
        "Lon": 21.0062,
        "Lat": 52.2134
      },
      {
        "Brigade": "35",
        "Time": "2017-05-14 08:17:01",
        "Lines": "17",
        "Lon": 21.0056,
        "Lat": 52.2151
      },
      {
        "Brigade": "35",
        "Time": "2017-05-14 08:17:11",
        "Lines": "17",
        "Lon": 21.0054,
        "Lat": 52.2161
      },
      {
        "Brigade": "35",
        "Time": "2017-05-14 08:17:22",
        "Lines": "17",
        "Lon": 21.0052,
        "Lat": 52.2167
      },
      {
        "Brigade": "35",
        "Time": "2017-05-14 08:17:32",
        "Lines": "17",
        "Lon": 21.0052,
        "Lat": 52.2168
      },
      {
        "Brigade": "35",
        "Time": "2017-05-14 08:17:43",
        "Lines": "17",
        "Lon": 21.0052,
        "Lat": 52.2168
      }
    ]
  }
]
