[
  {
    "res": [
      {
        "Brigade": "9",
        "Time": "2017-05-14 04:38:22",
        "Lines": "17",
        "Lon": 21.0018,
        "Lat": 52.1946
      },
      {
        "Brigade": "9",
        "Time": "2017-05-14 04:38:32",
        "Lines": "17",
        "Lon": 21.0018,
        "Lat": 52.1952
      },
      {
        "Brigade": "9",
        "Time": "2017-05-14 04:38:43",
        "Lines": "17",
        "Lon": 21.0018,
        "Lat": 52.1955
      },
      {
        "Brigade": "9",
        "Time": "2017-05-14 04:38:53",
        "Lines": "17",
        "Lon": 21.0018,
        "Lat": 52.1965
      },
      {
        "Brigade": "9",
        "Time": "2017-05-14 04:39:03",
        "Lines": "17",
        "Lon": 21.0016,
        "Lat": 52.1976
      },
      {
        "Brigade": "9",
        "Time": "2017-05-14 04:39:13",
        "Lines": "17",
        "Lon": 21.0013,
        "Lat": 52.1987
      },
      {
        "Brigade": "9",
        "Time": "2017-05-14 04:39:28",
        "Lines": "17",
        "Lon": 21.0013,
        "Lat": 52.1988
      },
      {
        "Brigade": "9",
        "Time": "2017-05-14 04:39:38",
        "Lines": "17",
        "Lon": 21.0013,
        "Lat": 52.1988
      },
      {
        "Brigade": "9",
        "Time": "2017-05-14 04:39:48",
        "Lines": "17",
        "Lon": 21.0012,
        "Lat": 52.1989
      },
      {
        "Brigade": "9",
        "Time": "2017-05-14 04:39:58",
        "Lines": "17",
        "Lon": 21.001,
        "Lat": 52.1999
      },
      {
        "Brigade": "9",
        "Time": "2017-05-14 04:40:03",
        "Lines": "17",
        "Lon": 21.0008,
        "Lat": 52.2005
      },
      {
        "Brigade": "9",
        "Time": "2017-05-14 04:40:23",
        "Lines": "17",
        "Lon": 21.0005,
        "Lat": 52.2015
      },
      {
        "Brigade": "9",
        "Time": "2017-05-14 04:40:32",
        "Lines": "17",
        "Lon": 21.0005,
        "Lat": 52.2015
      },
      {
        "Brigade": "9",
        "Time": "2017-05-14 04:40:44",
        "Lines": "17",
        "Lon": 21.0005,
        "Lat": 52.2017
      },
      {
        "Brigade": "9",
        "Time": "2017-05-14 04:40:52",
        "Lines": "17",
        "Lon": 21.0003,
        "Lat": 52.2023
      },
      {
        "Brigade": "9",
        "Time": "2017-05-14 04:41:02",
        "Lines": "17",
        "Lon": 21.0003,
        "Lat": 52.2024
      },
      {
        "Brigade": "9",
        "Time": "2017-05-14 04:41:17",
        "Lines": "17",
        "Lon": 20.9999,
        "Lat": 52.2037
      },
      {
        "Brigade": "9",
        "Time": "2017-05-14 04:41:27",
        "Lines": "17",
        "Lon": 20.9995,
        "Lat": 52.2051
      },
      {
        "Brigade": "9",
        "Time": "2017-05-14 04:41:39",
        "Lines": "17",
        "Lon": 20.9993,
        "Lat": 52.2057
      },
      {
        "Brigade": "9",
        "Time": "2017-05-14 04:41:48",
        "Lines": "17",
        "Lon": 20.9993,
        "Lat": 52.2057
      },
      {
        "Brigade": "9",
        "Time": "2017-05-14 04:41:58",
        "Lines": "17",
        "Lon": 20.9993,
        "Lat": 52.2057
      },
      {
        "Brigade": "9",
        "Time": "2017-05-14 04:42:11",
        "Lines": "17",
        "Lon": 20.9995,
        "Lat": 52.206
      },
      {
        "Brigade": "9",
        "Time": "2017-05-14 04:42:23",
        "Lines": "17",
        "Lon": 21.0009,
        "Lat": 52.2063
      },
      {
        "Brigade": "9",
        "Time": "2017-05-14 04:42:33",
        "Lines": "17",
        "Lon": 21.0024,
        "Lat": 52.2065
      },
      {
        "Brigade": "9",
        "Time": "2017-05-14 04:42:43",
        "Lines": "17",
        "Lon": 21.0031,
        "Lat": 52.2067
      },
      {
        "Brigade": "9",
        "Time": "2017-05-14 04:42:53",
        "Lines": "17",
        "Lon": 21.0039,
        "Lat": 52.2068
      },
      {
        "Brigade": "9",
        "Time": "2017-05-14 04:43:03",
        "Lines": "17",
        "Lon": 21.0041,
        "Lat": 52.2069
      },
      {
        "Brigade": "9",
        "Time": "2017-05-14 04:43:18",
        "Lines": "17",
        "Lon": 21.0058,
        "Lat": 52.2072
      },
      {
        "Brigade": "9",
        "Time": "2017-05-14 04:43:28",
        "Lines": "17",
        "Lon": 21.0073,
        "Lat": 52.2074
      },
      {
        "Brigade": "9",
        "Time": "2017-05-14 04:43:38",
        "Lines": "17",
        "Lon": 21.008,
        "Lat": 52.2076
      },
      {
        "Brigade": "9",
        "Time": "2017-05-14 04:43:48",
        "Lines": "17",
        "Lon": 21.0081,
        "Lat": 52.208
      },
      {
        "Brigade": "9",
        "Time": "2017-05-14 04:44:03",
        "Lines": "17",
        "Lon": 21.0077,
        "Lat": 52.209
      },
      {
        "Brigade": "9",
        "Time": "2017-05-14 04:44:12",
        "Lines": "17",
        "Lon": 21.0075,
        "Lat": 52.2093
      },
      {
        "Brigade": "9",
        "Time": "2017-05-14 04:44:23",
        "Lines": "17",
        "Lon": 21.0075,
        "Lat": 52.2093
      },
      {
        "Brigade": "9",
        "Time": "2017-05-14 04:44:32",
        "Lines": "17",
        "Lon": 21.0074,
        "Lat": 52.2097
      },
      {
        "Brigade": "9",
        "Time": "2017-05-14 04:44:43",
        "Lines": "17",
        "Lon": 21.007,
        "Lat": 52.2109
      },
      {
        "Brigade": "9",
        "Time": "2017-05-14 04:44:58",
        "Lines": "17",
        "Lon": 21.0064,
        "Lat": 52.2127
      },
      {
        "Brigade": "9",
        "Time": "2017-05-14 04:45:08",
        "Lines": "17",
        "Lon": 21.0063,
        "Lat": 52.213
      },
      {
        "Brigade": "9",
        "Time": "2017-05-14 04:45:20",
        "Lines": "17",
        "Lon": 21.0063,
        "Lat": 52.213
      },
      {
        "Brigade": "9",
        "Time": "2017-05-14 04:45:25",
        "Lines": "17",
        "Lon": 21.0063,
        "Lat": 52.2131
      },
      {
        "Brigade": "9",
        "Time": "2017-05-14 04:45:39",
        "Lines": "17",
        "Lon": 21.0057,
        "Lat": 52.2149
      },
      {
        "Brigade": "9",
        "Time": "2017-05-14 04:45:49",
        "Lines": "17",
        "Lon": 21.0053,
        "Lat": 52.2163
      },
      {
        "Brigade": "9",
        "Time": "2017-05-14 04:46:04",
        "Lines": "17",
        "Lon": 21.0052,
        "Lat": 52.2168
      },
      {
        "Brigade": "9",
        "Time": "2017-05-14 04:46:15",
        "Lines": "17",
        "Lon": 21.0052,
        "Lat": 52.2168
      },
      {
        "Brigade": "9",
        "Time": "2017-05-14 04:46:25",
        "Lines": "17",
        "Lon": 21.005,
        "Lat": 52.2173
      },
      {
        "Brigade": "9",
        "Time": "2017-05-14 04:46:35",
        "Lines": "17",
        "Lon": 21.005,
        "Lat": 52.2183
      },
      {
        "Brigade": "9",
        "Time": "2017-05-14 04:46:45",
        "Lines": "17",
        "Lon": 21.0049,
        "Lat": 52.2194
      },
      {
        "Brigade": "9",
        "Time": "2017-05-14 04:46:57",
        "Lines": "17",
        "Lon": 21.0049,
        "Lat": 52.2199
      },
      {
        "Brigade": "9",
        "Time": "2017-05-14 04:47:09",
        "Lines": "17",
        "Lon": 21.0049,
        "Lat": 52.2199
      },
      {
        "Brigade": "9",
        "Time": "2017-05-14 04:47:19",
        "Lines": "17",
        "Lon": 21.0049,
        "Lat": 52.2199
      },
      {
        "Brigade": "9",
        "Time": "2017-05-14 04:47:29",
        "Lines": "17",
        "Lon": 21.0049,
        "Lat": 52.2204
      },
      {
        "Brigade": "9",
        "Time": "2017-05-14 04:47:39",
        "Lines": "17",
        "Lon": 21.0049,
        "Lat": 52.2209
      },
      {
        "Brigade": "9",
        "Time": "2017-05-14 04:47:54",
        "Lines": "17",
        "Lon": 21.0048,
        "Lat": 52.2225
      },
      {
        "Brigade": "9",
        "Time": "2017-05-14 04:48:04",
        "Lines": "17",
        "Lon": 21.0048,
        "Lat": 52.2228
      },
      {
        "Brigade": "9",
        "Time": "2017-05-14 04:48:14",
        "Lines": "17",
        "Lon": 21.0048,
        "Lat": 52.2228
      },
      {
        "Brigade": "9",
        "Time": "2017-05-14 04:48:24",
        "Lines": "17",
        "Lon": 21.0048,
        "Lat": 52.2227
      },
      {
        "Brigade": "9",
        "Time": "2017-05-14 04:48:39",
        "Lines": "17",
        "Lon": 21.0047,
        "Lat": 52.2232
      },
      {
        "Brigade": "9",
        "Time": "2017-05-14 04:48:49",
        "Lines": "17",
        "Lon": 21.0043,
        "Lat": 52.2238
      },
      {
        "Brigade": "9",
        "Time": "2017-05-14 04:48:59",
        "Lines": "17",
        "Lon": 21.0036,
        "Lat": 52.2251
      },
      {
        "Brigade": "9",
        "Time": "2017-05-14 04:49:09",
        "Lines": "17",
        "Lon": 21.0029,
        "Lat": 52.2263
      },
      {
        "Brigade": "9",
        "Time": "2017-05-14 04:49:19",
        "Lines": "17",
        "Lon": 21.0023,
        "Lat": 52.2272
      },
      {
        "Brigade": "9",
        "Time": "2017-05-14 04:49:29",
        "Lines": "17",
        "Lon": 21.0019,
        "Lat": 52.2277
      },
      {
        "Brigade": "9",
        "Time": "2017-05-14 04:49:44",
        "Lines": "17",
        "Lon": 21.0014,
        "Lat": 52.2284
      },
      {
        "Brigade": "9",
        "Time": "2017-05-14 04:49:54",
        "Lines": "17",
        "Lon": 21.0012,
        "Lat": 52.2288
      },
      {
        "Brigade": "9",
        "Time": "2017-05-14 04:50:04",
        "Lines": "17",
        "Lon": 21.0012,
        "Lat": 52.2287
      },
      {
        "Brigade": "9",
        "Time": "2017-05-14 04:50:14",
        "Lines": "17",
        "Lon": 21.0012,
        "Lat": 52.2287
      },
      {
        "Brigade": "9",
        "Time": "2017-05-14 04:50:29",
        "Lines": "17",
        "Lon": 21.0008,
        "Lat": 52.2294
      },
      {
        "Brigade": "9",
        "Time": "2017-05-14 04:50:39",
        "Lines": "17",
        "Lon": 20.9999,
        "Lat": 52.2308
      },
      {
        "Brigade": "9",
        "Time": "2017-05-14 04:50:51",
        "Lines": "17",
        "Lon": 20.999,
        "Lat": 52.232
      },
      {
        "Brigade": "9",
        "Time": "2017-05-14 04:50:59",
        "Lines": "17",
        "Lon": 20.9987,
        "Lat": 52.2327
      },
      {
        "Brigade": "9",
        "Time": "2017-05-14 04:51:16",
        "Lines": "17",
        "Lon": 20.9984,
        "Lat": 52.2333
      },
      {
        "Brigade": "9",
        "Time": "2017-05-14 04:51:24",
        "Lines": "17",
        "Lon": 20.9982,
        "Lat": 52.2337
      },
      {
        "Brigade": "9",
        "Time": "2017-05-14 04:51:34",
        "Lines": "17",
        "Lon": 20.9981,
        "Lat": 52.234
      },
      {
        "Brigade": "9",
        "Time": "2017-05-14 04:51:49",
        "Lines": "17",
        "Lon": 20.9981,
        "Lat": 52.234
      },
      {
        "Brigade": "9",
        "Time": "2017-05-14 04:51:59",
        "Lines": "17",
        "Lon": 20.9981,
        "Lat": 52.234
      },
      {
        "Brigade": "9",
        "Time": "2017-05-14 04:52:12",
        "Lines": "17",
        "Lon": 20.998,
        "Lat": 52.2343
      },
      {
        "Brigade": "9",
        "Time": "2017-05-14 04:52:19",
        "Lines": "17",
        "Lon": 20.9978,
        "Lat": 52.2349
      },
      {
        "Brigade": "9",
        "Time": "2017-05-14 04:52:32",
        "Lines": "17",
        "Lon": 20.9975,
        "Lat": 52.2354
      },
      {
        "Brigade": "9",
        "Time": "2017-05-14 04:52:44",
        "Lines": "17",
        "Lon": 20.9976,
        "Lat": 52.2354
      },
      {
        "Brigade": "9",
        "Time": "2017-05-14 04:52:54",
        "Lines": "17",
        "Lon": 20.9976,
        "Lat": 52.2354
      },
      {
        "Brigade": "9",
        "Time": "2017-05-14 04:53:04",
        "Lines": "17",
        "Lon": 20.9976,
        "Lat": 52.2353
      },
      {
        "Brigade": "9",
        "Time": "2017-05-14 04:53:19",
        "Lines": "17",
        "Lon": 20.9975,
        "Lat": 52.2353
      },
      {
        "Brigade": "9",
        "Time": "2017-05-14 04:53:29",
        "Lines": "17",
        "Lon": 20.9974,
        "Lat": 52.2353
      },
      {
        "Brigade": "9",
        "Time": "2017-05-14 04:53:39",
        "Lines": "17",
        "Lon": 20.9974,
        "Lat": 52.2357
      },
      {
        "Brigade": "9",
        "Time": "2017-05-14 04:53:49",
        "Lines": "17",
        "Lon": 20.9969,
        "Lat": 52.2368
      },
      {
        "Brigade": "9",
        "Time": "2017-05-14 04:53:59",
        "Lines": "17",
        "Lon": 20.9964,
        "Lat": 52.238
      },
      {
        "Brigade": "9",
        "Time": "2017-05-14 04:54:14",
        "Lines": "17",
        "Lon": 20.9961,
        "Lat": 52.2386
      },
      {
        "Brigade": "9",
        "Time": "2017-05-14 04:54:24",
        "Lines": "17",
        "Lon": 20.9961,
        "Lat": 52.2387
      },
      {
        "Brigade": "9",
        "Time": "2017-05-14 04:54:34",
        "Lines": "17",
        "Lon": 20.9958,
        "Lat": 52.2393
      },
      {
        "Brigade": "9",
        "Time": "2017-05-14 04:54:44",
        "Lines": "17",
        "Lon": 20.9949,
        "Lat": 52.2404
      },
      {
        "Brigade": "9",
        "Time": "2017-05-14 04:54:59",
        "Lines": "17",
        "Lon": 20.9939,
        "Lat": 52.2415
      },
      {
        "Brigade": "9",
        "Time": "2017-05-14 04:55:10",
        "Lines": "17",
        "Lon": 20.9939,
        "Lat": 52.2416
      },
      {
        "Brigade": "9",
        "Time": "2017-05-14 04:55:19",
        "Lines": "17",
        "Lon": 20.9939,
        "Lat": 52.2416
      },
      {
        "Brigade": "9",
        "Time": "2017-05-14 04:55:34",
        "Lines": "17",
        "Lon": 20.994,
        "Lat": 52.2416
      },
      {
        "Brigade": "9",
        "Time": "2017-05-14 04:55:44",
        "Lines": "17",
        "Lon": 20.9937,
        "Lat": 52.2418
      },
      {
        "Brigade": "9",
        "Time": "2017-05-14 04:55:54",
        "Lines": "17",
        "Lon": 20.9933,
        "Lat": 52.2422
      },
      {
        "Brigade": "9",
        "Time": "2017-05-14 04:56:04",
        "Lines": "17",
        "Lon": 20.9927,
        "Lat": 52.2429
      },
      {
        "Brigade": "9",
        "Time": "2017-05-14 04:56:14",
        "Lines": "17",
        "Lon": 20.9918,
        "Lat": 52.244
      },
      {
        "Brigade": "9",
        "Time": "2017-05-14 04:56:29",
        "Lines": "17",
        "Lon": 20.9913,
        "Lat": 52.2445
      },
      {
        "Brigade": "9",
        "Time": "2017-05-14 04:56:39",
        "Lines": "17",
        "Lon": 20.9913,
        "Lat": 52.2446
      },
      {
        "Brigade": "9",
        "Time": "2017-05-14 04:56:49",
        "Lines": "17",
        "Lon": 20.9906,
        "Lat": 52.2454
      },
      {
        "Brigade": "9",
        "Time": "2017-05-14 04:56:59",
        "Lines": "17",
        "Lon": 20.9897,
        "Lat": 52.2465
      },
      {
        "Brigade": "9",
        "Time": "2017-05-14 04:57:09",
        "Lines": "17",
        "Lon": 20.9891,
        "Lat": 52.2472
      },
      {
        "Brigade": "9",
        "Time": "2017-05-14 04:57:19",
        "Lines": "17",
        "Lon": 20.989,
        "Lat": 52.2472
      },
      {
        "Brigade": "9",
        "Time": "2017-05-14 04:57:34",
        "Lines": "17",
        "Lon": 20.9888,
        "Lat": 52.2475
      },
      {
        "Brigade": "9",
        "Time": "2017-05-14 04:57:44",
        "Lines": "17",
        "Lon": 20.9879,
        "Lat": 52.2485
      },
      {
        "Brigade": "9",
        "Time": "2017-05-14 04:57:55",
        "Lines": "17",
        "Lon": 20.987,
        "Lat": 52.2496
      },
      {
        "Brigade": "9",
        "Time": "2017-05-14 04:58:04",
        "Lines": "17",
        "Lon": 20.9862,
        "Lat": 52.2505
      },
      {
        "Brigade": "9",
        "Time": "2017-05-14 04:58:19",
        "Lines": "17",
        "Lon": 20.986,
        "Lat": 52.2507
      },
      {
        "Brigade": "9",
        "Time": "2017-05-14 04:58:29",
        "Lines": "17",
        "Lon": 20.9859,
        "Lat": 52.2508
      },
      {
        "Brigade": "9",
        "Time": "2017-05-14 04:58:39",
        "Lines": "17",
        "Lon": 20.9856,
        "Lat": 52.2511
      },
      {
        "Brigade": "9",
        "Time": "2017-05-14 04:58:54",
        "Lines": "17",
        "Lon": 20.9849,
        "Lat": 52.2519
      },
      {
        "Brigade": "9",
        "Time": "2017-05-14 04:59:04",
        "Lines": "17",
        "Lon": 20.9844,
        "Lat": 52.2525
      },
      {
        "Brigade": "9",
        "Time": "2017-05-14 04:59:14",
        "Lines": "17",
        "Lon": 20.9838,
        "Lat": 52.2532
      },
      {
        "Brigade": "9",
        "Time": "2017-05-14 04:59:24",
        "Lines": "17",
        "Lon": 20.9837,
        "Lat": 52.2534
      },
      {
        "Brigade": "9",
        "Time": "2017-05-14 04:59:36",
        "Lines": "17",
        "Lon": 20.9834,
        "Lat": 52.2536
      },
      {
        "Brigade": "9",
        "Time": "2017-05-14 04:59:47",
        "Lines": "17",
        "Lon": 20.983,
        "Lat": 52.2541
      },
      {
        "Brigade": "9",
        "Time": "2017-05-14 04:59:59",
        "Lines": "17",
        "Lon": 20.983,
        "Lat": 52.2541
      },
      {
        "Brigade": "9",
        "Time": "2017-05-14 05:00:10",
        "Lines": "17",
        "Lon": 20.983,
        "Lat": 52.2541
      },
      {
        "Brigade": "9",
        "Time": "2017-05-14 05:00:20",
        "Lines": "17",
        "Lon": 20.983,
        "Lat": 52.2541
      },
      {
        "Brigade": "9",
        "Time": "2017-05-14 05:00:30",
        "Lines": "17",
        "Lon": 20.983,
        "Lat": 52.2541
      },
      {
        "Brigade": "9",
        "Time": "2017-05-14 05:00:45",
        "Lines": "17",
        "Lon": 20.9831,
        "Lat": 52.2541
      },
      {
        "Brigade": "9",
        "Time": "2017-05-14 05:00:55",
        "Lines": "17",
        "Lon": 20.9831,
        "Lat": 52.2541
      },
      {
        "Brigade": "9",
        "Time": "2017-05-14 05:01:05",
        "Lines": "17",
        "Lon": 20.983,
        "Lat": 52.2541
      },
      {
        "Brigade": "9",
        "Time": "2017-05-14 05:01:14",
        "Lines": "17",
        "Lon": 20.9828,
        "Lat": 52.2544
      },
      {
        "Brigade": "9",
        "Time": "2017-05-14 05:01:30",
        "Lines": "17",
        "Lon": 20.9824,
        "Lat": 52.255
      },
      {
        "Brigade": "9",
        "Time": "2017-05-14 05:01:40",
        "Lines": "17",
        "Lon": 20.9823,
        "Lat": 52.2552
      },
      {
        "Brigade": "9",
        "Time": "2017-05-14 05:01:51",
        "Lines": "17",
        "Lon": 20.9823,
        "Lat": 52.2554
      },
      {
        "Brigade": "9",
        "Time": "2017-05-14 05:02:02",
        "Lines": "17",
        "Lon": 20.982,
        "Lat": 52.2559
      },
      {
        "Brigade": "9",
        "Time": "2017-05-14 05:02:14",
        "Lines": "17",
        "Lon": 20.982,
        "Lat": 52.2559
      },
      {
        "Brigade": "9",
        "Time": "2017-05-14 05:02:23",
        "Lines": "17",
        "Lon": 20.982,
        "Lat": 52.2561
      },
      {
        "Brigade": "9",
        "Time": "2017-05-14 05:02:34",
        "Lines": "17",
        "Lon": 20.9816,
        "Lat": 52.2571
      },
      {
        "Brigade": "9",
        "Time": "2017-05-14 05:02:44",
        "Lines": "17",
        "Lon": 20.9812,
        "Lat": 52.2585
      },
      {
        "Brigade": "9",
        "Time": "2017-05-14 05:02:58",
        "Lines": "17",
        "Lon": 20.9808,
        "Lat": 52.2604
      },
      {
        "Brigade": "9",
        "Time": "2017-05-14 05:03:08",
        "Lines": "17",
        "Lon": 20.9806,
        "Lat": 52.2613
      },
      {
        "Brigade": "9",
        "Time": "2017-05-14 05:03:18",
        "Lines": "17",
        "Lon": 20.9801,
        "Lat": 52.262
      },
      {
        "Brigade": "9",
        "Time": "2017-05-14 05:03:28",
        "Lines": "17",
        "Lon": 20.9798,
        "Lat": 52.2625
      },
      {
        "Brigade": "9",
        "Time": "2017-05-14 05:03:38",
        "Lines": "17",
        "Lon": 20.9794,
        "Lat": 52.2631
      },
      {
        "Brigade": "9",
        "Time": "2017-05-14 05:03:54",
        "Lines": "17",
        "Lon": 20.9792,
        "Lat": 52.2634
      },
      {
        "Brigade": "9",
        "Time": "2017-05-14 05:04:04",
        "Lines": "17",
        "Lon": 20.9791,
        "Lat": 52.2635
      },
      {
        "Brigade": "9",
        "Time": "2017-05-14 05:04:14",
        "Lines": "17",
        "Lon": 20.9785,
        "Lat": 52.2643
      },
      {
        "Brigade": "9",
        "Time": "2017-05-14 05:04:24",
        "Lines": "17",
        "Lon": 20.9779,
        "Lat": 52.2652
      },
      {
        "Brigade": "9",
        "Time": "2017-05-14 05:04:38",
        "Lines": "17",
        "Lon": 20.9774,
        "Lat": 52.2661
      },
      {
        "Brigade": "9",
        "Time": "2017-05-14 05:04:48",
        "Lines": "17",
        "Lon": 20.9774,
        "Lat": 52.2661
      },
      {
        "Brigade": "9",
        "Time": "2017-05-14 05:04:58",
        "Lines": "17",
        "Lon": 20.9774,
        "Lat": 52.2661
      },
      {
        "Brigade": "9",
        "Time": "2017-05-14 05:05:11",
        "Lines": "17",
        "Lon": 20.9771,
        "Lat": 52.2664
      },
      {
        "Brigade": "9",
        "Time": "2017-05-14 05:05:19",
        "Lines": "17",
        "Lon": 20.9765,
        "Lat": 52.2673
      },
      {
        "Brigade": "9",
        "Time": "2017-05-14 05:05:29",
        "Lines": "17",
        "Lon": 20.9758,
        "Lat": 52.2684
      },
      {
        "Brigade": "9",
        "Time": "2017-05-14 05:05:44",
        "Lines": "17",
        "Lon": 20.9748,
        "Lat": 52.2699
      },
      {
        "Brigade": "9",
        "Time": "2017-05-14 05:05:54",
        "Lines": "17",
        "Lon": 20.9742,
        "Lat": 52.2709
      },
      {
        "Brigade": "9",
        "Time": "2017-05-14 05:06:03",
        "Lines": "17",
        "Lon": 20.974,
        "Lat": 52.2712
      },
      {
        "Brigade": "9",
        "Time": "2017-05-14 05:06:14",
        "Lines": "17",
        "Lon": 20.974,
        "Lat": 52.2711
      },
      {
        "Brigade": "9",
        "Time": "2017-05-14 05:06:24",
        "Lines": "17",
        "Lon": 20.9738,
        "Lat": 52.2715
      },
      {
        "Brigade": "9",
        "Time": "2017-05-14 05:06:38",
        "Lines": "17",
        "Lon": 20.9732,
        "Lat": 52.2719
      },
      {
        "Brigade": "9",
        "Time": "2017-05-14 05:06:48",
        "Lines": "17",
        "Lon": 20.9727,
        "Lat": 52.2721
      },
      {
        "Brigade": "9",
        "Time": "2017-05-14 05:06:58",
        "Lines": "17",
        "Lon": 20.9726,
        "Lat": 52.2721
      },
      {
        "Brigade": "9",
        "Time": "2017-05-14 05:07:04",
        "Lines": "17",
        "Lon": 20.9726,
        "Lat": 52.2721
      },
      {
        "Brigade": "9",
        "Time": "2017-05-14 05:07:22",
        "Lines": "17",
        "Lon": 20.9715,
        "Lat": 52.2723
      },
      {
        "Brigade": "9",
        "Time": "2017-05-14 05:07:32",
        "Lines": "17",
        "Lon": 20.9708,
        "Lat": 52.2724
      },
      {
        "Brigade": "9",
        "Time": "2017-05-14 05:07:42",
        "Lines": "17",
        "Lon": 20.97,
        "Lat": 52.2726
      },
      {
        "Brigade": "9",
        "Time": "2017-05-14 05:07:52",
        "Lines": "17",
        "Lon": 20.9685,
        "Lat": 52.273
      },
      {
        "Brigade": "9",
        "Time": "2017-05-14 05:08:02",
        "Lines": "17",
        "Lon": 20.9674,
        "Lat": 52.2735
      },
      {
        "Brigade": "9",
        "Time": "2017-05-14 05:08:18",
        "Lines": "17",
        "Lon": 20.967,
        "Lat": 52.2737
      },
      {
        "Brigade": "9",
        "Time": "2017-05-14 05:08:27",
        "Lines": "17",
        "Lon": 20.9668,
        "Lat": 52.2738
      },
      {
        "Brigade": "9",
        "Time": "2017-05-14 05:08:38",
        "Lines": "17",
        "Lon": 20.9657,
        "Lat": 52.2744
      },
      {
        "Brigade": "9",
        "Time": "2017-05-14 05:08:48",
        "Lines": "17",
        "Lon": 20.9647,
        "Lat": 52.275
      },
      {
        "Brigade": "9",
        "Time": "2017-05-14 05:09:00",
        "Lines": "17",
        "Lon": 20.9641,
        "Lat": 52.2755
      },
      {
        "Brigade": "9",
        "Time": "2017-05-14 05:09:08",
        "Lines": "17",
        "Lon": 20.9641,
        "Lat": 52.2755
      },
      {
        "Brigade": "9",
        "Time": "2017-05-14 05:09:24",
        "Lines": "17",
        "Lon": 20.9634,
        "Lat": 52.2761
      },
      {
        "Brigade": "9",
        "Time": "2017-05-14 05:09:34",
        "Lines": "17",
        "Lon": 20.9625,
        "Lat": 52.277
      },
      {
        "Brigade": "9",
        "Time": "2017-05-14 05:09:39",
        "Lines": "17",
        "Lon": 20.962,
        "Lat": 52.2776
      },
      {
        "Brigade": "9",
        "Time": "2017-05-14 05:09:54",
        "Lines": "17",
        "Lon": 20.9604,
        "Lat": 52.2792
      },
      {
        "Brigade": "9",
        "Time": "2017-05-14 05:10:04",
        "Lines": "17",
        "Lon": 20.9594,
        "Lat": 52.2803
      },
      {
        "Brigade": "9",
        "Time": "2017-05-14 05:10:17",
        "Lines": "17",
        "Lon": 20.9588,
        "Lat": 52.2809
      },
      {
        "Brigade": "9",
        "Time": "2017-05-14 05:10:29",
        "Lines": "17",
        "Lon": 20.9588,
        "Lat": 52.2809
      },
      {
        "Brigade": "9",
        "Time": "2017-05-14 05:10:39",
        "Lines": "17",
        "Lon": 20.9584,
        "Lat": 52.2814
      },
      {
        "Brigade": "9",
        "Time": "2017-05-14 05:10:49",
        "Lines": "17",
        "Lon": 20.9572,
        "Lat": 52.2826
      },
      {
        "Brigade": "9",
        "Time": "2017-05-14 05:10:59",
        "Lines": "17",
        "Lon": 20.9563,
        "Lat": 52.2836
      },
      {
        "Brigade": "9",
        "Time": "2017-05-14 05:11:15",
        "Lines": "17",
        "Lon": 20.9561,
        "Lat": 52.2838
      },
      {
        "Brigade": "9",
        "Time": "2017-05-14 05:11:25",
        "Lines": "17",
        "Lon": 20.9556,
        "Lat": 52.2843
      },
      {
        "Brigade": "9",
        "Time": "2017-05-14 05:11:35",
        "Lines": "17",
        "Lon": 20.955,
        "Lat": 52.2849
      },
      {
        "Brigade": "9",
        "Time": "2017-05-14 05:11:45",
        "Lines": "17",
        "Lon": 20.9547,
        "Lat": 52.2854
      },
      {
        "Brigade": "9",
        "Time": "2017-05-14 05:11:55",
        "Lines": "17",
        "Lon": 20.9544,
        "Lat": 52.2858
      },
      {
        "Brigade": "9",
        "Time": "2017-05-14 05:12:06",
        "Lines": "17",
        "Lon": 20.9538,
        "Lat": 52.2864
      },
      {
        "Brigade": "9",
        "Time": "2017-05-14 05:12:20",
        "Lines": "17",
        "Lon": 20.9526,
        "Lat": 52.2877
      },
      {
        "Brigade": "9",
        "Time": "2017-05-14 05:12:30",
        "Lines": "17",
        "Lon": 20.9525,
        "Lat": 52.2878
      },
      {
        "Brigade": "9",
        "Time": "2017-05-14 05:12:39",
        "Lines": "17",
        "Lon": 20.9523,
        "Lat": 52.288
      },
      {
        "Brigade": "9",
        "Time": "2017-05-14 05:12:50",
        "Lines": "17",
        "Lon": 20.9512,
        "Lat": 52.2891
      },
      {
        "Brigade": "9",
        "Time": "2017-05-14 05:13:00",
        "Lines": "17",
        "Lon": 20.9505,
        "Lat": 52.2898
      },
      {
        "Brigade": "9",
        "Time": "2017-05-14 05:13:15",
        "Lines": "17",
        "Lon": 20.9499,
        "Lat": 52.2905
      },
      {
        "Brigade": "9",
        "Time": "2017-05-14 05:13:26",
        "Lines": "17",
        "Lon": 20.9499,
        "Lat": 52.2905
      },
      {
        "Brigade": "9",
        "Time": "2017-05-14 05:13:36",
        "Lines": "17",
        "Lon": 20.9498,
        "Lat": 52.2906
      },
      {
        "Brigade": "9",
        "Time": "2017-05-14 05:13:48",
        "Lines": "17",
        "Lon": 20.949,
        "Lat": 52.2914
      },
      {
        "Brigade": "9",
        "Time": "2017-05-14 05:13:56",
        "Lines": "17",
        "Lon": 20.9479,
        "Lat": 52.2926
      },
      {
        "Brigade": "9",
        "Time": "2017-05-14 05:14:08",
        "Lines": "17",
        "Lon": 20.9469,
        "Lat": 52.2936
      },
      {
        "Brigade": "9",
        "Time": "2017-05-14 05:14:18",
        "Lines": "17",
        "Lon": 20.9458,
        "Lat": 52.2948
      },
      {
        "Brigade": "9",
        "Time": "2017-05-14 05:14:28",
        "Lines": "17",
        "Lon": 20.945,
        "Lat": 52.2956
      },
      {
        "Brigade": "9",
        "Time": "2017-05-14 05:14:41",
        "Lines": "17",
        "Lon": 20.9449,
        "Lat": 52.2958
      },
      {
        "Brigade": "9",
        "Time": "2017-05-14 05:14:52",
        "Lines": "17",
        "Lon": 20.9447,
        "Lat": 52.2959
      },
      {
        "Brigade": "9",
        "Time": "2017-05-14 05:15:02",
        "Lines": "17",
        "Lon": 20.9439,
        "Lat": 52.2968
      },
      {
        "Brigade": "9",
        "Time": "2017-05-14 05:15:13",
        "Lines": "17",
        "Lon": 20.943,
        "Lat": 52.2977
      },
      {
        "Brigade": "9",
        "Time": "2017-05-14 05:15:24",
        "Lines": "17",
        "Lon": 20.9429,
        "Lat": 52.2978
      },
      {
        "Brigade": "9",
        "Time": "2017-05-14 05:15:31",
        "Lines": "17",
        "Lon": 20.9427,
        "Lat": 52.298
      },
      {
        "Brigade": "9",
        "Time": "2017-05-14 05:15:49",
        "Lines": "17",
        "Lon": 20.9415,
        "Lat": 52.2993
      },
      {
        "Brigade": "9",
        "Time": "2017-05-14 05:15:59",
        "Lines": "17",
        "Lon": 20.9411,
        "Lat": 52.3001
      },
      {
        "Brigade": "9",
        "Time": "2017-05-14 05:16:09",
        "Lines": "17",
        "Lon": 20.9407,
        "Lat": 52.3009
      },
      {
        "Brigade": "9",
        "Time": "2017-05-14 05:16:23",
        "Lines": "17",
        "Lon": 20.9405,
        "Lat": 52.3018
      },
      {
        "Brigade": "9",
        "Time": "2017-05-14 05:16:34",
        "Lines": "17",
        "Lon": 20.9412,
        "Lat": 52.3024
      },
      {
        "Brigade": "9",
        "Time": "2017-05-14 05:16:44",
        "Lines": "17",
        "Lon": 20.9417,
        "Lat": 52.3026
      },
      {
        "Brigade": "9",
        "Time": "2017-05-14 05:16:54",
        "Lines": "17",
        "Lon": 20.944,
        "Lat": 52.3037
      },
      {
        "Brigade": "9",
        "Time": "2017-05-14 05:17:04",
        "Lines": "17",
        "Lon": 20.9458,
        "Lat": 52.3042
      },
      {
        "Brigade": "9",
        "Time": "2017-05-14 05:17:14",
        "Lines": "17",
        "Lon": 20.9476,
        "Lat": 52.3051
      },
      {
        "Brigade": "9",
        "Time": "2017-05-14 05:17:29",
        "Lines": "17",
        "Lon": 20.9504,
        "Lat": 52.3064
      },
      {
        "Brigade": "9",
        "Time": "2017-05-14 05:17:39",
        "Lines": "17",
        "Lon": 20.9524,
        "Lat": 52.3074
      },
      {
        "Brigade": "9",
        "Time": "2017-05-14 05:17:49",
        "Lines": "17",
        "Lon": 20.9544,
        "Lat": 52.3083
      },
      {
        "Brigade": "9",
        "Time": "2017-05-14 05:18:04",
        "Lines": "17",
        "Lon": 20.9572,
        "Lat": 52.3097
      },
      {
        "Brigade": "9",
        "Time": "2017-05-14 05:18:14",
        "Lines": "17",
        "Lon": 20.9587,
        "Lat": 52.3104
      },
      {
        "Brigade": "9",
        "Time": "2017-05-14 05:18:24",
        "Lines": "17",
        "Lon": 20.9599,
        "Lat": 52.3109
      },
      {
        "Brigade": "9",
        "Time": "2017-05-14 05:18:34",
        "Lines": "17",
        "Lon": 20.96,
        "Lat": 52.3109
      },
      {
        "Brigade": "9",
        "Time": "2017-05-14 05:18:44",
        "Lines": "17",
        "Lon": 20.9608,
        "Lat": 52.3112
      },
      {
        "Brigade": "9",
        "Time": "2017-05-14 05:18:54",
        "Lines": "17",
        "Lon": 20.9627,
        "Lat": 52.3119
      },
      {
        "Brigade": "9",
        "Time": "2017-05-14 05:19:04",
        "Lines": "17",
        "Lon": 20.9643,
        "Lat": 52.3126
      },
      {
        "Brigade": "9",
        "Time": "2017-05-14 05:19:17",
        "Lines": "17",
        "Lon": 20.9645,
        "Lat": 52.3126
      },
      {
        "Brigade": "9",
        "Time": "2017-05-14 05:19:32",
        "Lines": "17",
        "Lon": 20.9652,
        "Lat": 52.3129
      },
      {
        "Brigade": "9",
        "Time": "2017-05-14 05:19:42",
        "Lines": "17",
        "Lon": 20.9662,
        "Lat": 52.3133
      },
      {
        "Brigade": "9",
        "Time": "2017-05-14 05:19:52",
        "Lines": "17",
        "Lon": 20.9663,
        "Lat": 52.3134
      },
      {
        "Brigade": "9",
        "Time": "2017-05-14 05:20:02",
        "Lines": "17",
        "Lon": 20.9668,
        "Lat": 52.3136
      },
      {
        "Brigade": "9",
        "Time": "2017-05-14 05:20:12",
        "Lines": "17",
        "Lon": 20.9671,
        "Lat": 52.3138
      },
      {
        "Brigade": "9",
        "Time": "2017-05-14 05:20:27",
        "Lines": "17",
        "Lon": 20.9677,
        "Lat": 52.3148
      },
      {
        "Brigade": "9",
        "Time": "2017-05-14 05:20:37",
        "Lines": "17",
        "Lon": 20.967,
        "Lat": 52.3154
      },
      {
        "Brigade": "9",
        "Time": "2017-05-14 05:20:47",
        "Lines": "17",
        "Lon": 20.9658,
        "Lat": 52.3163
      },
      {
        "Brigade": "9",
        "Time": "2017-05-14 05:20:57",
        "Lines": "17",
        "Lon": 20.9646,
        "Lat": 52.3171
      },
      {
        "Brigade": "9",
        "Time": "2017-05-14 05:21:12",
        "Lines": "17",
        "Lon": 20.9638,
        "Lat": 52.3177
      },
      {
        "Brigade": "9",
        "Time": "2017-05-14 05:21:22",
        "Lines": "17",
        "Lon": 20.9621,
        "Lat": 52.3174
      },
      {
        "Brigade": "9",
        "Time": "2017-05-14 05:21:32",
        "Lines": "17",
        "Lon": 20.9611,
        "Lat": 52.3171
      },
      {
        "Brigade": "9",
        "Time": "2017-05-14 05:21:42",
        "Lines": "17",
        "Lon": 20.961,
        "Lat": 52.3171
      },
      {
        "Brigade": "9",
        "Time": "2017-05-14 05:21:52",
        "Lines": "17",
        "Lon": 20.9607,
        "Lat": 52.3169
      },
      {
        "Brigade": "9",
        "Time": "2017-05-14 05:22:02",
        "Lines": "17",
        "Lon": 20.959,
        "Lat": 52.3165
      },
      {
        "Brigade": "9",
        "Time": "2017-05-14 05:22:17",
        "Lines": "17",
        "Lon": 20.9558,
        "Lat": 52.317
      },
      {
        "Brigade": "9",
        "Time": "2017-05-14 05:22:27",
        "Lines": "17",
        "Lon": 20.9541,
        "Lat": 52.3178
      },
      {
        "Brigade": "9",
        "Time": "2017-05-14 05:22:37",
        "Lines": "17",
        "Lon": 20.9529,
        "Lat": 52.3185
      },
      {
        "Brigade": "9",
        "Time": "2017-05-14 05:22:52",
        "Lines": "17",
        "Lon": 20.9527,
        "Lat": 52.3185
      },
      {
        "Brigade": "9",
        "Time": "2017-05-14 05:23:02",
        "Lines": "17",
        "Lon": 20.9522,
        "Lat": 52.3188
      },
      {
        "Brigade": "9",
        "Time": "2017-05-14 05:23:12",
        "Lines": "17",
        "Lon": 20.9516,
        "Lat": 52.3191
      },
      {
        "Brigade": "9",
        "Time": "2017-05-14 05:23:22",
        "Lines": "17",
        "Lon": 20.9498,
        "Lat": 52.32
      },
      {
        "Brigade": "9",
        "Time": "2017-05-14 05:23:32",
        "Lines": "17",
        "Lon": 20.9486,
        "Lat": 52.3205
      },
      {
        "Brigade": "9",
        "Time": "2017-05-14 05:23:42",
        "Lines": "17",
        "Lon": 20.9473,
        "Lat": 52.3212
      },
      {
        "Brigade": "9",
        "Time": "2017-05-14 05:23:57",
        "Lines": "17",
        "Lon": 20.9451,
        "Lat": 52.3223
      },
      {
        "Brigade": "9",
        "Time": "2017-05-14 05:24:02",
        "Lines": "17",
        "Lon": 20.9448,
        "Lat": 52.3224
      },
      {
        "Brigade": "9",
        "Time": "2017-05-14 05:24:17",
        "Lines": "17",
        "Lon": 20.9446,
        "Lat": 52.3225
      },
      {
        "Brigade": "9",
        "Time": "2017-05-14 05:24:32",
        "Lines": "17",
        "Lon": 20.9437,
        "Lat": 52.323
      },
      {
        "Brigade": "9",
        "Time": "2017-05-14 05:24:42",
        "Lines": "17",
        "Lon": 20.9432,
        "Lat": 52.3234
      },
      {
        "Brigade": "9",
        "Time": "2017-05-14 05:24:52",
        "Lines": "17",
        "Lon": 20.9433,
        "Lat": 52.3238
      },
      {
        "Brigade": "9",
        "Time": "2017-05-14 05:25:02",
        "Lines": "17",
        "Lon": 20.9433,
        "Lat": 52.3238
      },
      {
        "Brigade": "9",
        "Time": "2017-05-14 05:25:13",
        "Lines": "17",
        "Lon": 20.9433,
        "Lat": 52.3238
      },
      {
        "Brigade": "9",
        "Time": "2017-05-14 05:25:25",
        "Lines": "17",
        "Lon": 20.9434,
        "Lat": 52.3241
      },
      {
        "Brigade": "9",
        "Time": "2017-05-14 05:25:38",
        "Lines": "17",
        "Lon": 20.943,
        "Lat": 52.3245
      },
      {
        "Brigade": "9",
        "Time": "2017-05-14 05:25:48",
        "Lines": "17",
        "Lon": 20.9426,
        "Lat": 52.3243
      },
      {
        "Brigade": "9",
        "Time": "2017-05-14 05:25:58",
        "Lines": "17",
        "Lon": 20.9426,
        "Lat": 52.3243
      },
      {
        "Brigade": "9",
        "Time": "2017-05-14 05:26:08",
        "Lines": "17",
        "Lon": 20.9426,
        "Lat": 52.3243
      },
      {
        "Brigade": "9",
        "Time": "2017-05-14 05:26:18",
        "Lines": "17",
        "Lon": 20.9426,
        "Lat": 52.3243
      },
      {
        "Brigade": "9",
        "Time": "2017-05-14 05:26:33",
        "Lines": "17",
        "Lon": 20.9426,
        "Lat": 52.3243
      },
      {
        "Brigade": "9",
        "Time": "2017-05-14 05:26:42",
        "Lines": "17",
        "Lon": 20.9426,
        "Lat": 52.3243
      },
      {
        "Brigade": "9",
        "Time": "2017-05-14 05:26:52",
        "Lines": "17",
        "Lon": 20.9426,
        "Lat": 52.3243
      },
      {
        "Brigade": "9",
        "Time": "2017-05-14 05:27:03",
        "Lines": "17",
        "Lon": 20.9426,
        "Lat": 52.3243
      },
      {
        "Brigade": "9",
        "Time": "2017-05-14 05:27:13",
        "Lines": "17",
        "Lon": 20.9426,
        "Lat": 52.3243
      },
      {
        "Brigade": "9",
        "Time": "2017-05-14 05:27:27",
        "Lines": "17",
        "Lon": 20.9426,
        "Lat": 52.3243
      },
      {
        "Brigade": "9",
        "Time": "2017-05-14 05:27:38",
        "Lines": "17",
        "Lon": 20.9426,
        "Lat": 52.3243
      },
      {
        "Brigade": "9",
        "Time": "2017-05-14 05:27:47",
        "Lines": "17",
        "Lon": 20.9426,
        "Lat": 52.3243
      },
      {
        "Brigade": "9",
        "Time": "2017-05-14 05:27:58",
        "Lines": "17",
        "Lon": 20.9426,
        "Lat": 52.3243
      },
      {
        "Brigade": "9",
        "Time": "2017-05-14 05:28:13",
        "Lines": "17",
        "Lon": 20.9426,
        "Lat": 52.3243
      },
      {
        "Brigade": "9",
        "Time": "2017-05-14 05:28:23",
        "Lines": "17",
        "Lon": 20.9426,
        "Lat": 52.3243
      },
      {
        "Brigade": "9",
        "Time": "2017-05-14 05:28:33",
        "Lines": "17",
        "Lon": 20.9426,
        "Lat": 52.3243
      },
      {
        "Brigade": "9",
        "Time": "2017-05-14 05:28:42",
        "Lines": "17",
        "Lon": 20.9426,
        "Lat": 52.3243
      },
      {
        "Brigade": "9",
        "Time": "2017-05-14 05:28:52",
        "Lines": "17",
        "Lon": 20.9426,
        "Lat": 52.3243
      },
      {
        "Brigade": "9",
        "Time": "2017-05-14 05:29:02",
        "Lines": "17",
        "Lon": 20.9426,
        "Lat": 52.3243
      },
      {
        "Brigade": "9",
        "Time": "2017-05-14 05:29:17",
        "Lines": "17",
        "Lon": 20.9426,
        "Lat": 52.3243
      },
      {
        "Brigade": "9",
        "Time": "2017-05-14 05:29:27",
        "Lines": "17",
        "Lon": 20.9426,
        "Lat": 52.3243
      },
      {
        "Brigade": "9",
        "Time": "2017-05-14 05:29:37",
        "Lines": "17",
        "Lon": 20.9426,
        "Lat": 52.3243
      },
      {
        "Brigade": "9",
        "Time": "2017-05-14 05:29:47",
        "Lines": "17",
        "Lon": 20.9426,
        "Lat": 52.3243
      },
      {
        "Brigade": "9",
        "Time": "2017-05-14 05:30:02",
        "Lines": "17",
        "Lon": 20.9426,
        "Lat": 52.3243
      },
      {
        "Brigade": "9",
        "Time": "2017-05-14 05:30:12",
        "Lines": "17",
        "Lon": 20.9426,
        "Lat": 52.3243
      },
      {
        "Brigade": "9",
        "Time": "2017-05-14 05:30:22",
        "Lines": "17",
        "Lon": 20.9426,
        "Lat": 52.3243
      },
      {
        "Brigade": "9",
        "Time": "2017-05-14 05:30:37",
        "Lines": "17",
        "Lon": 20.9426,
        "Lat": 52.3243
      },
      {
        "Brigade": "9",
        "Time": "2017-05-14 05:30:47",
        "Lines": "17",
        "Lon": 20.9426,
        "Lat": 52.3243
      },
      {
        "Brigade": "9",
        "Time": "2017-05-14 05:30:57",
        "Lines": "17",
        "Lon": 20.9426,
        "Lat": 52.3243
      },
      {
        "Brigade": "9",
        "Time": "2017-05-14 05:31:07",
        "Lines": "17",
        "Lon": 20.9426,
        "Lat": 52.3243
      },
      {
        "Brigade": "9",
        "Time": "2017-05-14 05:31:17",
        "Lines": "17",
        "Lon": 20.9426,
        "Lat": 52.3243
      },
      {
        "Brigade": "9",
        "Time": "2017-05-14 05:31:32",
        "Lines": "17",
        "Lon": 20.9426,
        "Lat": 52.3243
      },
      {
        "Brigade": "9",
        "Time": "2017-05-14 05:31:42",
        "Lines": "17",
        "Lon": 20.9426,
        "Lat": 52.3243
      },
      {
        "Brigade": "9",
        "Time": "2017-05-14 05:31:52",
        "Lines": "17",
        "Lon": 20.9426,
        "Lat": 52.3243
      },
      {
        "Brigade": "9",
        "Time": "2017-05-14 05:32:02",
        "Lines": "17",
        "Lon": 20.9426,
        "Lat": 52.3243
      },
      {
        "Brigade": "9",
        "Time": "2017-05-14 05:32:12",
        "Lines": "17",
        "Lon": 20.9426,
        "Lat": 52.3243
      },
      {
        "Brigade": "9",
        "Time": "2017-05-14 05:32:27",
        "Lines": "17",
        "Lon": 20.9426,
        "Lat": 52.3243
      },
      {
        "Brigade": "9",
        "Time": "2017-05-14 05:32:37",
        "Lines": "17",
        "Lon": 20.9426,
        "Lat": 52.3243
      },
      {
        "Brigade": "9",
        "Time": "2017-05-14 05:32:47",
        "Lines": "17",
        "Lon": 20.9426,
        "Lat": 52.3243
      },
      {
        "Brigade": "9",
        "Time": "2017-05-14 05:32:57",
        "Lines": "17",
        "Lon": 20.9426,
        "Lat": 52.3243
      },
      {
        "Brigade": "9",
        "Time": "2017-05-14 05:33:07",
        "Lines": "17",
        "Lon": 20.9426,
        "Lat": 52.3243
      },
      {
        "Brigade": "9",
        "Time": "2017-05-14 05:33:22",
        "Lines": "17",
        "Lon": 20.9426,
        "Lat": 52.3243
      },
      {
        "Brigade": "9",
        "Time": "2017-05-14 05:33:32",
        "Lines": "17",
        "Lon": 20.9426,
        "Lat": 52.3243
      },
      {
        "Brigade": "9",
        "Time": "2017-05-14 05:33:42",
        "Lines": "17",
        "Lon": 20.9426,
        "Lat": 52.3243
      },
      {
        "Brigade": "9",
        "Time": "2017-05-14 05:33:52",
        "Lines": "17",
        "Lon": 20.9426,
        "Lat": 52.3243
      },
      {
        "Brigade": "9",
        "Time": "2017-05-14 05:34:02",
        "Lines": "17",
        "Lon": 20.9426,
        "Lat": 52.3243
      },
      {
        "Brigade": "9",
        "Time": "2017-05-14 05:34:17",
        "Lines": "17",
        "Lon": 20.9426,
        "Lat": 52.3243
      },
      {
        "Brigade": "9",
        "Time": "2017-05-14 05:34:27",
        "Lines": "17",
        "Lon": 20.9426,
        "Lat": 52.3243
      },
      {
        "Brigade": "9",
        "Time": "2017-05-14 05:34:37",
        "Lines": "17",
        "Lon": 20.9426,
        "Lat": 52.3243
      },
      {
        "Brigade": "9",
        "Time": "2017-05-14 05:34:47",
        "Lines": "17",
        "Lon": 20.9426,
        "Lat": 52.3243
      },
      {
        "Brigade": "9",
        "Time": "2017-05-14 05:35:02",
        "Lines": "17",
        "Lon": 20.9426,
        "Lat": 52.3243
      },
      {
        "Brigade": "9",
        "Time": "2017-05-14 05:35:12",
        "Lines": "17",
        "Lon": 20.9426,
        "Lat": 52.3243
      },
      {
        "Brigade": "9",
        "Time": "2017-05-14 05:35:22",
        "Lines": "17",
        "Lon": 20.9426,
        "Lat": 52.3243
      },
      {
        "Brigade": "9",
        "Time": "2017-05-14 05:35:32",
        "Lines": "17",
        "Lon": 20.9426,
        "Lat": 52.3243
      },
      {
        "Brigade": "9",
        "Time": "2017-05-14 05:35:42",
        "Lines": "17",
        "Lon": 20.9426,
        "Lat": 52.3243
      },
      {
        "Brigade": "9",
        "Time": "2017-05-14 05:35:57",
        "Lines": "17",
        "Lon": 20.9426,
        "Lat": 52.3243
      },
      {
        "Brigade": "9",
        "Time": "2017-05-14 05:36:08",
        "Lines": "17",
        "Lon": 20.9426,
        "Lat": 52.3243
      },
      {
        "Brigade": "9",
        "Time": "2017-05-14 05:36:18",
        "Lines": "17",
        "Lon": 20.9426,
        "Lat": 52.3243
      },
      {
        "Brigade": "9",
        "Time": "2017-05-14 05:36:28",
        "Lines": "17",
        "Lon": 20.9426,
        "Lat": 52.3243
      },
      {
        "Brigade": "9",
        "Time": "2017-05-14 05:36:38",
        "Lines": "17",
        "Lon": 20.9426,
        "Lat": 52.3243
      },
      {
        "Brigade": "9",
        "Time": "2017-05-14 05:36:53",
        "Lines": "17",
        "Lon": 20.9426,
        "Lat": 52.3243
      },
      {
        "Brigade": "9",
        "Time": "2017-05-14 05:37:03",
        "Lines": "17",
        "Lon": 20.9426,
        "Lat": 52.3243
      },
      {
        "Brigade": "9",
        "Time": "2017-05-14 05:37:13",
        "Lines": "17",
        "Lon": 20.9426,
        "Lat": 52.3243
      },
      {
        "Brigade": "9",
        "Time": "2017-05-14 05:37:23",
        "Lines": "17",
        "Lon": 20.9426,
        "Lat": 52.3243
      },
      {
        "Brigade": "9",
        "Time": "2017-05-14 05:37:33",
        "Lines": "17",
        "Lon": 20.9426,
        "Lat": 52.3243
      },
      {
        "Brigade": "9",
        "Time": "2017-05-14 05:37:43",
        "Lines": "17",
        "Lon": 20.9426,
        "Lat": 52.3243
      },
      {
        "Brigade": "9",
        "Time": "2017-05-14 05:37:58",
        "Lines": "17",
        "Lon": 20.9426,
        "Lat": 52.3243
      },
      {
        "Brigade": "9",
        "Time": "2017-05-14 05:38:08",
        "Lines": "17",
        "Lon": 20.9426,
        "Lat": 52.3243
      },
      {
        "Brigade": "9",
        "Time": "2017-05-14 05:38:18",
        "Lines": "17",
        "Lon": 20.9426,
        "Lat": 52.3243
      },
      {
        "Brigade": "9",
        "Time": "2017-05-14 05:38:28",
        "Lines": "17",
        "Lon": 20.9426,
        "Lat": 52.3243
      },
      {
        "Brigade": "9",
        "Time": "2017-05-14 05:38:38",
        "Lines": "17",
        "Lon": 20.9426,
        "Lat": 52.3243
      },
      {
        "Brigade": "9",
        "Time": "2017-05-14 05:38:53",
        "Lines": "17",
        "Lon": 20.9426,
        "Lat": 52.3243
      },
      {
        "Brigade": "9",
        "Time": "2017-05-14 05:39:03",
        "Lines": "17",
        "Lon": 20.9426,
        "Lat": 52.3243
      },
      {
        "Brigade": "9",
        "Time": "2017-05-14 05:39:13",
        "Lines": "17",
        "Lon": 20.9426,
        "Lat": 52.3243
      },
      {
        "Brigade": "9",
        "Time": "2017-05-14 05:39:23",
        "Lines": "17",
        "Lon": 20.9426,
        "Lat": 52.3243
      },
      {
        "Brigade": "9",
        "Time": "2017-05-14 05:39:33",
        "Lines": "17",
        "Lon": 20.9427,
        "Lat": 52.3242
      },
      {
        "Brigade": "9",
        "Time": "2017-05-14 05:39:49",
        "Lines": "17",
        "Lon": 20.9427,
        "Lat": 52.3238
      },
      {
        "Brigade": "9",
        "Time": "2017-05-14 05:39:58",
        "Lines": "17",
        "Lon": 20.9428,
        "Lat": 52.3236
      },
      {
        "Brigade": "9",
        "Time": "2017-05-14 05:40:08",
        "Lines": "17",
        "Lon": 20.943,
        "Lat": 52.3233
      },
      {
        "Brigade": "9",
        "Time": "2017-05-14 05:40:20",
        "Lines": "17",
        "Lon": 20.9436,
        "Lat": 52.323
      },
      {
        "Brigade": "9",
        "Time": "2017-05-14 05:40:33",
        "Lines": "17",
        "Lon": 20.944,
        "Lat": 52.3228
      },
      {
        "Brigade": "9",
        "Time": "2017-05-14 05:40:43",
        "Lines": "17",
        "Lon": 20.9441,
        "Lat": 52.3227
      },
      {
        "Brigade": "9",
        "Time": "2017-05-14 05:40:53",
        "Lines": "17",
        "Lon": 20.9452,
        "Lat": 52.3222
      },
      {
        "Brigade": "9",
        "Time": "2017-05-14 05:41:03",
        "Lines": "17",
        "Lon": 20.9471,
        "Lat": 52.3212
      },
      {
        "Brigade": "9",
        "Time": "2017-05-14 05:41:18",
        "Lines": "17",
        "Lon": 20.9499,
        "Lat": 52.3199
      },
      {
        "Brigade": "9",
        "Time": "2017-05-14 05:41:28",
        "Lines": "17",
        "Lon": 20.9516,
        "Lat": 52.3191
      },
      {
        "Brigade": "9",
        "Time": "2017-05-14 05:41:40",
        "Lines": "17",
        "Lon": 20.9521,
        "Lat": 52.3188
      },
      {
        "Brigade": "9",
        "Time": "2017-05-14 05:41:48",
        "Lines": "17",
        "Lon": 20.9521,
        "Lat": 52.3188
      },
      {
        "Brigade": "9",
        "Time": "2017-05-14 05:41:57",
        "Lines": "17",
        "Lon": 20.9525,
        "Lat": 52.3186
      },
      {
        "Brigade": "9",
        "Time": "2017-05-14 05:42:08",
        "Lines": "17",
        "Lon": 20.9539,
        "Lat": 52.3179
      },
      {
        "Brigade": "9",
        "Time": "2017-05-14 05:42:18",
        "Lines": "17",
        "Lon": 20.9554,
        "Lat": 52.3172
      },
      {
        "Brigade": "9",
        "Time": "2017-05-14 05:42:33",
        "Lines": "17",
        "Lon": 20.9579,
        "Lat": 52.3164
      },
      {
        "Brigade": "9",
        "Time": "2017-05-14 05:42:43",
        "Lines": "17",
        "Lon": 20.9596,
        "Lat": 52.3165
      },
      {
        "Brigade": "9",
        "Time": "2017-05-14 05:42:55",
        "Lines": "17",
        "Lon": 20.9604,
        "Lat": 52.3167
      },
      {
        "Brigade": "9",
        "Time": "2017-05-14 05:43:08",
        "Lines": "17",
        "Lon": 20.9605,
        "Lat": 52.3168
      },
      {
        "Brigade": "9",
        "Time": "2017-05-14 05:43:18",
        "Lines": "17",
        "Lon": 20.9616,
        "Lat": 52.3172
      },
      {
        "Brigade": "9",
        "Time": "2017-05-14 05:43:28",
        "Lines": "17",
        "Lon": 20.9629,
        "Lat": 52.3176
      },
      {
        "Brigade": "9",
        "Time": "2017-05-14 05:43:38",
        "Lines": "17",
        "Lon": 20.9639,
        "Lat": 52.3176
      },
      {
        "Brigade": "9",
        "Time": "2017-05-14 05:43:48",
        "Lines": "17",
        "Lon": 20.9648,
        "Lat": 52.3169
      },
      {
        "Brigade": "9",
        "Time": "2017-05-14 05:44:03",
        "Lines": "17",
        "Lon": 20.9658,
        "Lat": 52.3162
      },
      {
        "Brigade": "9",
        "Time": "2017-05-14 05:44:13",
        "Lines": "17",
        "Lon": 20.9663,
        "Lat": 52.3159
      },
      {
        "Brigade": "9",
        "Time": "2017-05-14 05:44:23",
        "Lines": "17",
        "Lon": 20.9668,
        "Lat": 52.3155
      },
      {
        "Brigade": "9",
        "Time": "2017-05-14 05:44:35",
        "Lines": "17",
        "Lon": 20.9676,
        "Lat": 52.3149
      },
      {
        "Brigade": "9",
        "Time": "2017-05-14 05:44:43",
        "Lines": "17",
        "Lon": 20.9677,
        "Lat": 52.3143
      },
      {
        "Brigade": "9",
        "Time": "2017-05-14 05:44:58",
        "Lines": "17",
        "Lon": 20.9664,
        "Lat": 52.3135
      },
      {
        "Brigade": "9",
        "Time": "2017-05-14 05:45:08",
        "Lines": "17",
        "Lon": 20.9656,
        "Lat": 52.3131
      },
      {
        "Brigade": "9",
        "Time": "2017-05-14 05:45:19",
        "Lines": "17",
        "Lon": 20.9655,
        "Lat": 52.3131
      },
      {
        "Brigade": "9",
        "Time": "2017-05-14 05:45:31",
        "Lines": "17",
        "Lon": 20.965,
        "Lat": 52.3129
      },
      {
        "Brigade": "9",
        "Time": "2017-05-14 05:45:39",
        "Lines": "17",
        "Lon": 20.9637,
        "Lat": 52.3124
      },
      {
        "Brigade": "9",
        "Time": "2017-05-14 05:45:49",
        "Lines": "17",
        "Lon": 20.9617,
        "Lat": 52.3116
      },
      {
        "Brigade": "9",
        "Time": "2017-05-14 05:46:04",
        "Lines": "17",
        "Lon": 20.9594,
        "Lat": 52.3107
      },
      {
        "Brigade": "9",
        "Time": "2017-05-14 05:46:14",
        "Lines": "17",
        "Lon": 20.9591,
        "Lat": 52.3106
      },
      {
        "Brigade": "9",
        "Time": "2017-05-14 05:46:24",
        "Lines": "17",
        "Lon": 20.9587,
        "Lat": 52.3105
      },
      {
        "Brigade": "9",
        "Time": "2017-05-14 05:46:35",
        "Lines": "17",
        "Lon": 20.9573,
        "Lat": 52.3098
      },
      {
        "Brigade": "9",
        "Time": "2017-05-14 05:46:46",
        "Lines": "17",
        "Lon": 20.9559,
        "Lat": 52.3092
      },
      {
        "Brigade": "9",
        "Time": "2017-05-14 05:46:55",
        "Lines": "17",
        "Lon": 20.9541,
        "Lat": 52.3082
      },
      {
        "Brigade": "9",
        "Time": "2017-05-14 05:47:07",
        "Lines": "17",
        "Lon": 20.9522,
        "Lat": 52.3073
      },
      {
        "Brigade": "9",
        "Time": "2017-05-14 05:47:17",
        "Lines": "17",
        "Lon": 20.95,
        "Lat": 52.3063
      },
      {
        "Brigade": "9",
        "Time": "2017-05-14 05:47:32",
        "Lines": "17",
        "Lon": 20.9474,
        "Lat": 52.305
      },
      {
        "Brigade": "9",
        "Time": "2017-05-14 05:47:42",
        "Lines": "17",
        "Lon": 20.9459,
        "Lat": 52.3043
      },
      {
        "Brigade": "9",
        "Time": "2017-05-14 05:47:52",
        "Lines": "17",
        "Lon": 20.9442,
        "Lat": 52.3037
      },
      {
        "Brigade": "9",
        "Time": "2017-05-14 05:48:01",
        "Lines": "17",
        "Lon": 20.9427,
        "Lat": 52.303
      },
      {
        "Brigade": "9",
        "Time": "2017-05-14 05:48:17",
        "Lines": "17",
        "Lon": 20.941,
        "Lat": 52.3023
      },
      {
        "Brigade": "9",
        "Time": "2017-05-14 05:48:27",
        "Lines": "17",
        "Lon": 20.9405,
        "Lat": 52.302
      },
      {
        "Brigade": "9",
        "Time": "2017-05-14 05:48:37",
        "Lines": "17",
        "Lon": 20.9403,
        "Lat": 52.3016
      },
      {
        "Brigade": "9",
        "Time": "2017-05-14 05:48:47",
        "Lines": "17",
        "Lon": 20.9403,
        "Lat": 52.3016
      },
      {
        "Brigade": "9",
        "Time": "2017-05-14 05:48:58",
        "Lines": "17",
        "Lon": 20.9411,
        "Lat": 52.2998
      },
      {
        "Brigade": "9",
        "Time": "2017-05-14 05:49:07",
        "Lines": "17",
        "Lon": 20.9419,
        "Lat": 52.2988
      },
      {
        "Brigade": "9",
        "Time": "2017-05-14 05:49:22",
        "Lines": "17",
        "Lon": 20.9429,
        "Lat": 52.2978
      },
      {
        "Brigade": "9",
        "Time": "2017-05-14 05:49:33",
        "Lines": "17",
        "Lon": 20.9429,
        "Lat": 52.2979
      },
      {
        "Brigade": "9",
        "Time": "2017-05-14 05:49:43",
        "Lines": "17",
        "Lon": 20.9434,
        "Lat": 52.2974
      },
      {
        "Brigade": "9",
        "Time": "2017-05-14 05:49:53",
        "Lines": "17",
        "Lon": 20.9441,
        "Lat": 52.2966
      },
      {
        "Brigade": "9",
        "Time": "2017-05-14 05:50:04",
        "Lines": "17",
        "Lon": 20.9449,
        "Lat": 52.2957
      },
      {
        "Brigade": "9",
        "Time": "2017-05-14 05:50:08",
        "Lines": "17",
        "Lon": 20.9453,
        "Lat": 52.2953
      },
      {
        "Brigade": "9",
        "Time": "2017-05-14 05:50:40",
        "Lines": "17",
        "Lon": 20.946,
        "Lat": 52.2946
      },
      {
        "Brigade": "9",
        "Time": "2017-05-14 05:50:48",
        "Lines": "17",
        "Lon": 20.9473,
        "Lat": 52.2932
      },
      {
        "Brigade": "9",
        "Time": "2017-05-14 05:50:58",
        "Lines": "17",
        "Lon": 20.9487,
        "Lat": 52.2917
      },
      {
        "Brigade": "9",
        "Time": "2017-05-14 05:51:11",
        "Lines": "17",
        "Lon": 20.9495,
        "Lat": 52.2909
      },
      {
        "Brigade": "9",
        "Time": "2017-05-14 05:51:22",
        "Lines": "17",
        "Lon": 20.9504,
        "Lat": 52.29
      },
      {
        "Brigade": "9",
        "Time": "2017-05-14 05:51:32",
        "Lines": "17",
        "Lon": 20.9506,
        "Lat": 52.2897
      },
      {
        "Brigade": "9",
        "Time": "2017-05-14 05:51:42",
        "Lines": "17",
        "Lon": 20.9514,
        "Lat": 52.2889
      },
      {
        "Brigade": "9",
        "Time": "2017-05-14 05:51:56",
        "Lines": "17",
        "Lon": 20.9529,
        "Lat": 52.2874
      },
      {
        "Brigade": "9",
        "Time": "2017-05-14 05:52:01",
        "Lines": "17",
        "Lon": 20.953,
        "Lat": 52.2873
      },
      {
        "Brigade": "9",
        "Time": "2017-05-14 05:52:17",
        "Lines": "17",
        "Lon": 20.9533,
        "Lat": 52.2869
      },
      {
        "Brigade": "9",
        "Time": "2017-05-14 05:52:26",
        "Lines": "17",
        "Lon": 20.9542,
        "Lat": 52.286
      },
      {
        "Brigade": "9",
        "Time": "2017-05-14 05:52:41",
        "Lines": "17",
        "Lon": 20.9547,
        "Lat": 52.2853
      },
      {
        "Brigade": "9",
        "Time": "2017-05-14 05:52:51",
        "Lines": "17",
        "Lon": 20.9551,
        "Lat": 52.2849
      },
      {
        "Brigade": "9",
        "Time": "2017-05-14 05:53:01",
        "Lines": "17",
        "Lon": 20.9554,
        "Lat": 52.2845
      },
      {
        "Brigade": "9",
        "Time": "2017-05-14 05:53:12",
        "Lines": "17",
        "Lon": 20.9561,
        "Lat": 52.2838
      },
      {
        "Brigade": "9",
        "Time": "2017-05-14 05:53:25",
        "Lines": "17",
        "Lon": 20.9565,
        "Lat": 52.2833
      },
      {
        "Brigade": "9",
        "Time": "2017-05-14 05:53:32",
        "Lines": "17",
        "Lon": 20.9565,
        "Lat": 52.2833
      },
      {
        "Brigade": "9",
        "Time": "2017-05-14 05:53:48",
        "Lines": "17",
        "Lon": 20.957,
        "Lat": 52.2828
      },
      {
        "Brigade": "9",
        "Time": "2017-05-14 05:53:57",
        "Lines": "17",
        "Lon": 20.9577,
        "Lat": 52.282
      },
      {
        "Brigade": "9",
        "Time": "2017-05-14 05:54:07",
        "Lines": "17",
        "Lon": 20.9582,
        "Lat": 52.2814
      },
      {
        "Brigade": "9",
        "Time": "2017-05-14 05:54:17",
        "Lines": "17",
        "Lon": 20.9591,
        "Lat": 52.2805
      },
      {
        "Brigade": "9",
        "Time": "2017-05-14 05:54:28",
        "Lines": "17",
        "Lon": 20.9593,
        "Lat": 52.2803
      },
      {
        "Brigade": "9",
        "Time": "2017-05-14 05:54:38",
        "Lines": "17",
        "Lon": 20.9593,
        "Lat": 52.2803
      },
      {
        "Brigade": "9",
        "Time": "2017-05-14 05:54:48",
        "Lines": "17",
        "Lon": 20.9593,
        "Lat": 52.2803
      },
      {
        "Brigade": "9",
        "Time": "2017-05-14 05:55:03",
        "Lines": "17",
        "Lon": 20.9593,
        "Lat": 52.2803
      },
      {
        "Brigade": "9",
        "Time": "2017-05-14 05:55:13",
        "Lines": "17",
        "Lon": 20.9596,
        "Lat": 52.28
      },
      {
        "Brigade": "9",
        "Time": "2017-05-14 05:55:24",
        "Lines": "17",
        "Lon": 20.9604,
        "Lat": 52.2791
      },
      {
        "Brigade": "9",
        "Time": "2017-05-14 05:55:34",
        "Lines": "17",
        "Lon": 20.9614,
        "Lat": 52.2781
      },
      {
        "Brigade": "9",
        "Time": "2017-05-14 05:55:44",
        "Lines": "17",
        "Lon": 20.9623,
        "Lat": 52.2772
      },
      {
        "Brigade": "9",
        "Time": "2017-05-14 05:55:59",
        "Lines": "17",
        "Lon": 20.9635,
        "Lat": 52.276
      },
      {
        "Brigade": "9",
        "Time": "2017-05-14 05:56:11",
        "Lines": "17",
        "Lon": 20.964,
        "Lat": 52.2756
      },
      {
        "Brigade": "9",
        "Time": "2017-05-14 05:56:19",
        "Lines": "17",
        "Lon": 20.964,
        "Lat": 52.2756
      },
      {
        "Brigade": "9",
        "Time": "2017-05-14 05:56:29",
        "Lines": "17",
        "Lon": 20.9641,
        "Lat": 52.2755
      },
      {
        "Brigade": "9",
        "Time": "2017-05-14 05:56:39",
        "Lines": "17",
        "Lon": 20.9647,
        "Lat": 52.275
      },
      {
        "Brigade": "9",
        "Time": "2017-05-14 05:56:54",
        "Lines": "17",
        "Lon": 20.9661,
        "Lat": 52.2741
      },
      {
        "Brigade": "9",
        "Time": "2017-05-14 05:57:04",
        "Lines": "17",
        "Lon": 20.967,
        "Lat": 52.2736
      },
      {
        "Brigade": "9",
        "Time": "2017-05-14 05:57:14",
        "Lines": "17",
        "Lon": 20.9674,
        "Lat": 52.2734
      },
      {
        "Brigade": "9",
        "Time": "2017-05-14 05:57:24",
        "Lines": "17",
        "Lon": 20.9674,
        "Lat": 52.2734
      },
      {
        "Brigade": "9",
        "Time": "2017-05-14 05:57:39",
        "Lines": "17",
        "Lon": 20.9684,
        "Lat": 52.273
      },
      {
        "Brigade": "9",
        "Time": "2017-05-14 05:57:49",
        "Lines": "17",
        "Lon": 20.9696,
        "Lat": 52.2727
      },
      {
        "Brigade": "9",
        "Time": "2017-05-14 05:57:59",
        "Lines": "17",
        "Lon": 20.9707,
        "Lat": 52.2724
      },
      {
        "Brigade": "9",
        "Time": "2017-05-14 05:58:09",
        "Lines": "17",
        "Lon": 20.9716,
        "Lat": 52.2722
      },
      {
        "Brigade": "9",
        "Time": "2017-05-14 05:58:19",
        "Lines": "17",
        "Lon": 20.972,
        "Lat": 52.2721
      },
      {
        "Brigade": "9",
        "Time": "2017-05-14 05:58:29",
        "Lines": "17",
        "Lon": 20.9725,
        "Lat": 52.272
      },
      {
        "Brigade": "9",
        "Time": "2017-05-14 05:58:44",
        "Lines": "17",
        "Lon": 20.9733,
        "Lat": 52.2718
      },
      {
        "Brigade": "9",
        "Time": "2017-05-14 05:58:54",
        "Lines": "17",
        "Lon": 20.9733,
        "Lat": 52.2718
      },
      {
        "Brigade": "9",
        "Time": "2017-05-14 05:59:04",
        "Lines": "17",
        "Lon": 20.9733,
        "Lat": 52.2718
      },
      {
        "Brigade": "9",
        "Time": "2017-05-14 05:59:14",
        "Lines": "17",
        "Lon": 20.9735,
        "Lat": 52.2717
      },
      {
        "Brigade": "9",
        "Time": "2017-05-14 05:59:24",
        "Lines": "17",
        "Lon": 20.9739,
        "Lat": 52.2712
      },
      {
        "Brigade": "9",
        "Time": "2017-05-14 05:59:39",
        "Lines": "17",
        "Lon": 20.975,
        "Lat": 52.2697
      },
      {
        "Brigade": "9",
        "Time": "2017-05-14 05:59:49",
        "Lines": "17",
        "Lon": 20.9758,
        "Lat": 52.2684
      },
      {
        "Brigade": "9",
        "Time": "2017-05-14 05:59:59",
        "Lines": "17",
        "Lon": 20.9765,
        "Lat": 52.2673
      },
      {
        "Brigade": "9",
        "Time": "2017-05-14 06:00:11",
        "Lines": "17",
        "Lon": 20.9769,
        "Lat": 52.2667
      },
      {
        "Brigade": "9",
        "Time": "2017-05-14 06:00:24",
        "Lines": "17",
        "Lon": 20.9769,
        "Lat": 52.2667
      },
      {
        "Brigade": "9",
        "Time": "2017-05-14 06:00:34",
        "Lines": "17",
        "Lon": 20.9769,
        "Lat": 52.2667
      },
      {
        "Brigade": "9",
        "Time": "2017-05-14 06:00:44",
        "Lines": "17",
        "Lon": 20.9769,
        "Lat": 52.2667
      },
      {
        "Brigade": "9",
        "Time": "2017-05-14 06:00:54",
        "Lines": "17",
        "Lon": 20.9769,
        "Lat": 52.2667
      },
      {
        "Brigade": "9",
        "Time": "2017-05-14 06:01:08",
        "Lines": "17",
        "Lon": 20.977,
        "Lat": 52.2666
      },
      {
        "Brigade": "9",
        "Time": "2017-05-14 06:01:19",
        "Lines": "17",
        "Lon": 20.978,
        "Lat": 52.2651
      },
      {
        "Brigade": "9",
        "Time": "2017-05-14 06:01:30",
        "Lines": "17",
        "Lon": 20.9788,
        "Lat": 52.2639
      },
      {
        "Brigade": "9",
        "Time": "2017-05-14 06:01:39",
        "Lines": "17",
        "Lon": 20.9794,
        "Lat": 52.263
      },
      {
        "Brigade": "9",
        "Time": "2017-05-14 06:01:49",
        "Lines": "17",
        "Lon": 20.9795,
        "Lat": 52.2628
      },
      {
        "Brigade": "9",
        "Time": "2017-05-14 06:01:59",
        "Lines": "17",
        "Lon": 20.9795,
        "Lat": 52.2628
      },
      {
        "Brigade": "9",
        "Time": "2017-05-14 06:02:13",
        "Lines": "17",
        "Lon": 20.9796,
        "Lat": 52.2626
      },
      {
        "Brigade": "9",
        "Time": "2017-05-14 06:02:24",
        "Lines": "17",
        "Lon": 20.98,
        "Lat": 52.2621
      },
      {
        "Brigade": "9",
        "Time": "2017-05-14 06:02:34",
        "Lines": "17",
        "Lon": 20.9802,
        "Lat": 52.2618
      },
      {
        "Brigade": "9",
        "Time": "2017-05-14 06:02:44",
        "Lines": "17",
        "Lon": 20.9806,
        "Lat": 52.261
      },
      {
        "Brigade": "9",
        "Time": "2017-05-14 06:02:54",
        "Lines": "17",
        "Lon": 20.9809,
        "Lat": 52.2597
      },
      {
        "Brigade": "9",
        "Time": "2017-05-14 06:03:04",
        "Lines": "17",
        "Lon": 20.9812,
        "Lat": 52.2586
      },
      {
        "Brigade": "9",
        "Time": "2017-05-14 06:03:19",
        "Lines": "17",
        "Lon": 20.9817,
        "Lat": 52.2567
      },
      {
        "Brigade": "9",
        "Time": "2017-05-14 06:03:29",
        "Lines": "17",
        "Lon": 20.9821,
        "Lat": 52.2557
      },
      {
        "Brigade": "9",
        "Time": "2017-05-14 06:03:39",
        "Lines": "17",
        "Lon": 20.9822,
        "Lat": 52.2554
      },
      {
        "Brigade": "9",
        "Time": "2017-05-14 06:03:49",
        "Lines": "17",
        "Lon": 20.9822,
        "Lat": 52.2554
      },
      {
        "Brigade": "9",
        "Time": "2017-05-14 06:04:04",
        "Lines": "17",
        "Lon": 20.9822,
        "Lat": 52.2554
      },
      {
        "Brigade": "9",
        "Time": "2017-05-14 06:04:14",
        "Lines": "17",
        "Lon": 20.9822,
        "Lat": 52.2554
      },
      {
        "Brigade": "9",
        "Time": "2017-05-14 06:04:24",
        "Lines": "17",
        "Lon": 20.9822,
        "Lat": 52.2554
      },
      {
        "Brigade": "9",
        "Time": "2017-05-14 06:04:34",
        "Lines": "17",
        "Lon": 20.9823,
        "Lat": 52.2551
      },
      {
        "Brigade": "9",
        "Time": "2017-05-14 06:04:45",
        "Lines": "17",
        "Lon": 20.9825,
        "Lat": 52.2546
      },
      {
        "Brigade": "9",
        "Time": "2017-05-14 06:04:55",
        "Lines": "17",
        "Lon": 20.9828,
        "Lat": 52.2544
      },
      {
        "Brigade": "9",
        "Time": "2017-05-14 06:05:00",
        "Lines": "17",
        "Lon": 20.9828,
        "Lat": 52.2544
      },
      {
        "Brigade": "9",
        "Time": "2017-05-14 06:05:17",
        "Lines": "17",
        "Lon": 20.9833,
        "Lat": 52.2538
      },
      {
        "Brigade": "9",
        "Time": "2017-05-14 06:05:31",
        "Lines": "17",
        "Lon": 20.9834,
        "Lat": 52.2537
      },
      {
        "Brigade": "9",
        "Time": "2017-05-14 06:05:41",
        "Lines": "17",
        "Lon": 20.9834,
        "Lat": 52.2537
      },
      {
        "Brigade": "9",
        "Time": "2017-05-14 06:05:51",
        "Lines": "17",
        "Lon": 20.9834,
        "Lat": 52.2537
      },
      {
        "Brigade": "9",
        "Time": "2017-05-14 06:06:01",
        "Lines": "17",
        "Lon": 20.9834,
        "Lat": 52.2537
      },
      {
        "Brigade": "9",
        "Time": "2017-05-14 06:06:11",
        "Lines": "17",
        "Lon": 20.9834,
        "Lat": 52.2537
      },
      {
        "Brigade": "9",
        "Time": "2017-05-14 06:06:26",
        "Lines": "17",
        "Lon": 20.9836,
        "Lat": 52.2534
      },
      {
        "Brigade": "9",
        "Time": "2017-05-14 06:06:37",
        "Lines": "17",
        "Lon": 20.984,
        "Lat": 52.253
      },
      {
        "Brigade": "9",
        "Time": "2017-05-14 06:06:46",
        "Lines": "17",
        "Lon": 20.9847,
        "Lat": 52.2521
      },
      {
        "Brigade": "9",
        "Time": "2017-05-14 06:06:57",
        "Lines": "17",
        "Lon": 20.9854,
        "Lat": 52.2514
      },
      {
        "Brigade": "9",
        "Time": "2017-05-14 06:07:07",
        "Lines": "17",
        "Lon": 20.9855,
        "Lat": 52.2512
      },
      {
        "Brigade": "9",
        "Time": "2017-05-14 06:07:22",
        "Lines": "17",
        "Lon": 20.9856,
        "Lat": 52.2511
      },
      {
        "Brigade": "9",
        "Time": "2017-05-14 06:07:32",
        "Lines": "17",
        "Lon": 20.9859,
        "Lat": 52.2507
      },
      {
        "Brigade": "9",
        "Time": "2017-05-14 06:07:42",
        "Lines": "17",
        "Lon": 20.9865,
        "Lat": 52.25
      },
      {
        "Brigade": "9",
        "Time": "2017-05-14 06:07:52",
        "Lines": "17",
        "Lon": 20.9874,
        "Lat": 52.249
      },
      {
        "Brigade": "9",
        "Time": "2017-05-14 06:08:03",
        "Lines": "17",
        "Lon": 20.9884,
        "Lat": 52.2479
      },
      {
        "Brigade": "9",
        "Time": "2017-05-14 06:08:11",
        "Lines": "17",
        "Lon": 20.9887,
        "Lat": 52.2476
      },
      {
        "Brigade": "9",
        "Time": "2017-05-14 06:08:27",
        "Lines": "17",
        "Lon": 20.9887,
        "Lat": 52.2476
      },
      {
        "Brigade": "9",
        "Time": "2017-05-14 06:08:37",
        "Lines": "17",
        "Lon": 20.9887,
        "Lat": 52.2476
      },
      {
        "Brigade": "9",
        "Time": "2017-05-14 06:08:47",
        "Lines": "17",
        "Lon": 20.9887,
        "Lat": 52.2476
      },
      {
        "Brigade": "9",
        "Time": "2017-05-14 06:08:57",
        "Lines": "17",
        "Lon": 20.9887,
        "Lat": 52.2476
      },
      {
        "Brigade": "9",
        "Time": "2017-05-14 06:09:09",
        "Lines": "17",
        "Lon": 20.9888,
        "Lat": 52.2475
      },
      {
        "Brigade": "9",
        "Time": "2017-05-14 06:09:22",
        "Lines": "17",
        "Lon": 20.9903,
        "Lat": 52.2457
      },
      {
        "Brigade": "9",
        "Time": "2017-05-14 06:09:32",
        "Lines": "17",
        "Lon": 20.9913,
        "Lat": 52.2446
      },
      {
        "Brigade": "9",
        "Time": "2017-05-14 06:09:45",
        "Lines": "17",
        "Lon": 20.9918,
        "Lat": 52.244
      },
      {
        "Brigade": "9",
        "Time": "2017-05-14 06:09:52",
        "Lines": "17",
        "Lon": 20.9918,
        "Lat": 52.244
      },
      {
        "Brigade": "9",
        "Time": "2017-05-14 06:10:07",
        "Lines": "17",
        "Lon": 20.9919,
        "Lat": 52.2438
      },
      {
        "Brigade": "9",
        "Time": "2017-05-14 06:10:17",
        "Lines": "17",
        "Lon": 20.9927,
        "Lat": 52.243
      },
      {
        "Brigade": "9",
        "Time": "2017-05-14 06:10:27",
        "Lines": "17",
        "Lon": 20.9932,
        "Lat": 52.2423
      },
      {
        "Brigade": "9",
        "Time": "2017-05-14 06:10:37",
        "Lines": "17",
        "Lon": 20.9933,
        "Lat": 52.2422
      },
      {
        "Brigade": "9",
        "Time": "2017-05-14 06:10:47",
        "Lines": "17",
        "Lon": 20.9933,
        "Lat": 52.2422
      },
      {
        "Brigade": "9",
        "Time": "2017-05-14 06:10:57",
        "Lines": "17",
        "Lon": 20.9933,
        "Lat": 52.2422
      },
      {
        "Brigade": "9",
        "Time": "2017-05-14 06:11:12",
        "Lines": "17",
        "Lon": 20.9933,
        "Lat": 52.2422
      },
      {
        "Brigade": "9",
        "Time": "2017-05-14 06:11:22",
        "Lines": "17",
        "Lon": 20.9933,
        "Lat": 52.2422
      },
      {
        "Brigade": "9",
        "Time": "2017-05-14 06:11:32",
        "Lines": "17",
        "Lon": 20.9933,
        "Lat": 52.2422
      },
      {
        "Brigade": "9",
        "Time": "2017-05-14 06:11:42",
        "Lines": "17",
        "Lon": 20.9934,
        "Lat": 52.2422
      },
      {
        "Brigade": "9",
        "Time": "2017-05-14 06:11:57",
        "Lines": "17",
        "Lon": 20.9934,
        "Lat": 52.2422
      },
      {
        "Brigade": "9",
        "Time": "2017-05-14 06:12:07",
        "Lines": "17",
        "Lon": 20.9934,
        "Lat": 52.2422
      },
      {
        "Brigade": "9",
        "Time": "2017-05-14 06:12:17",
        "Lines": "17",
        "Lon": 20.9934,
        "Lat": 52.2422
      },
      {
        "Brigade": "9",
        "Time": "2017-05-14 06:12:27",
        "Lines": "17",
        "Lon": 20.9934,
        "Lat": 52.2422
      },
      {
        "Brigade": "9",
        "Time": "2017-05-14 06:12:37",
        "Lines": "17",
        "Lon": 20.9933,
        "Lat": 52.2422
      },
      {
        "Brigade": "9",
        "Time": "2017-05-14 06:12:51",
        "Lines": "17",
        "Lon": 20.9935,
        "Lat": 52.242
      },
      {
        "Brigade": "9",
        "Time": "2017-05-14 06:13:02",
        "Lines": "17",
        "Lon": 20.9939,
        "Lat": 52.2416
      },
      {
        "Brigade": "9",
        "Time": "2017-05-14 06:13:11",
        "Lines": "17",
        "Lon": 20.994,
        "Lat": 52.2414
      },
      {
        "Brigade": "9",
        "Time": "2017-05-14 06:13:26",
        "Lines": "17",
        "Lon": 20.9958,
        "Lat": 52.2392
      },
      {
        "Brigade": "9",
        "Time": "2017-05-14 06:13:36",
        "Lines": "17",
        "Lon": 20.9961,
        "Lat": 52.2384
      },
      {
        "Brigade": "9",
        "Time": "2017-05-14 06:13:46",
        "Lines": "17",
        "Lon": 20.9962,
        "Lat": 52.2381
      },
      {
        "Brigade": "9",
        "Time": "2017-05-14 06:13:56",
        "Lines": "17",
        "Lon": 20.9962,
        "Lat": 52.2381
      },
      {
        "Brigade": "9",
        "Time": "2017-05-14 06:14:01",
        "Lines": "17",
        "Lon": 20.9962,
        "Lat": 52.2382
      },
      {
        "Brigade": "9",
        "Time": "2017-05-14 06:14:21",
        "Lines": "17",
        "Lon": 20.9969,
        "Lat": 52.2366
      },
      {
        "Brigade": "9",
        "Time": "2017-05-14 06:14:26",
        "Lines": "17",
        "Lon": 20.9972,
        "Lat": 52.2359
      },
      {
        "Brigade": "9",
        "Time": "2017-05-14 06:14:41",
        "Lines": "17",
        "Lon": 20.9979,
        "Lat": 52.234
      },
      {
        "Brigade": "9",
        "Time": "2017-05-14 06:14:53",
        "Lines": "17",
        "Lon": 20.9982,
        "Lat": 52.2335
      },
      {
        "Brigade": "9",
        "Time": "2017-05-14 06:15:01",
        "Lines": "17",
        "Lon": 20.9981,
        "Lat": 52.2335
      },
      {
        "Brigade": "9",
        "Time": "2017-05-14 06:15:17",
        "Lines": "17",
        "Lon": 20.998,
        "Lat": 52.2334
      },
      {
        "Brigade": "9",
        "Time": "2017-05-14 06:15:26",
        "Lines": "17",
        "Lon": 20.9982,
        "Lat": 52.233
      },
      {
        "Brigade": "9",
        "Time": "2017-05-14 06:15:37",
        "Lines": "17",
        "Lon": 20.9986,
        "Lat": 52.2325
      },
      {
        "Brigade": "9",
        "Time": "2017-05-14 06:15:47",
        "Lines": "17",
        "Lon": 20.9988,
        "Lat": 52.2321
      },
      {
        "Brigade": "9",
        "Time": "2017-05-14 06:15:57",
        "Lines": "17",
        "Lon": 20.9989,
        "Lat": 52.2322
      },
      {
        "Brigade": "9",
        "Time": "2017-05-14 06:16:07",
        "Lines": "17",
        "Lon": 20.9989,
        "Lat": 52.2322
      },
      {
        "Brigade": "9",
        "Time": "2017-05-14 06:16:22",
        "Lines": "17",
        "Lon": 20.9995,
        "Lat": 52.2314
      },
      {
        "Brigade": "9",
        "Time": "2017-05-14 06:16:32",
        "Lines": "17",
        "Lon": 21.0004,
        "Lat": 52.2301
      },
      {
        "Brigade": "9",
        "Time": "2017-05-14 06:16:42",
        "Lines": "17",
        "Lon": 21.0012,
        "Lat": 52.2289
      },
      {
        "Brigade": "9",
        "Time": "2017-05-14 06:16:52",
        "Lines": "17",
        "Lon": 21.0017,
        "Lat": 52.2282
      },
      {
        "Brigade": "9",
        "Time": "2017-05-14 06:17:02",
        "Lines": "17",
        "Lon": 21.0018,
        "Lat": 52.228
      },
      {
        "Brigade": "9",
        "Time": "2017-05-14 06:17:17",
        "Lines": "17",
        "Lon": 21.0019,
        "Lat": 52.228
      },
      {
        "Brigade": "9",
        "Time": "2017-05-14 06:17:27",
        "Lines": "17",
        "Lon": 21.0019,
        "Lat": 52.2279
      },
      {
        "Brigade": "9",
        "Time": "2017-05-14 06:17:37",
        "Lines": "17",
        "Lon": 21.0019,
        "Lat": 52.2279
      },
      {
        "Brigade": "9",
        "Time": "2017-05-14 06:17:47",
        "Lines": "17",
        "Lon": 21.0019,
        "Lat": 52.2278
      },
      {
        "Brigade": "9",
        "Time": "2017-05-14 06:17:57",
        "Lines": "17",
        "Lon": 21.0022,
        "Lat": 52.2274
      },
      {
        "Brigade": "9",
        "Time": "2017-05-14 06:18:07",
        "Lines": "17",
        "Lon": 21.0028,
        "Lat": 52.2265
      },
      {
        "Brigade": "9",
        "Time": "2017-05-14 06:18:22",
        "Lines": "17",
        "Lon": 21.0041,
        "Lat": 52.2242
      },
      {
        "Brigade": "9",
        "Time": "2017-05-14 06:18:32",
        "Lines": "17",
        "Lon": 21.0046,
        "Lat": 52.2233
      },
      {
        "Brigade": "9",
        "Time": "2017-05-14 06:18:43",
        "Lines": "17",
        "Lon": 21.0046,
        "Lat": 52.2233
      },
      {
        "Brigade": "9",
        "Time": "2017-05-14 06:18:52",
        "Lines": "17",
        "Lon": 21.0046,
        "Lat": 52.2233
      },
      {
        "Brigade": "9",
        "Time": "2017-05-14 06:19:02",
        "Lines": "17",
        "Lon": 21.0048,
        "Lat": 52.2226
      },
      {
        "Brigade": "9",
        "Time": "2017-05-14 06:19:17",
        "Lines": "17",
        "Lon": 21.0048,
        "Lat": 52.2211
      },
      {
        "Brigade": "9",
        "Time": "2017-05-14 06:19:29",
        "Lines": "17",
        "Lon": 21.0049,
        "Lat": 52.2206
      },
      {
        "Brigade": "9",
        "Time": "2017-05-14 06:19:37",
        "Lines": "17",
        "Lon": 21.0048,
        "Lat": 52.2206
      },
      {
        "Brigade": "9",
        "Time": "2017-05-14 06:19:47",
        "Lines": "17",
        "Lon": 21.0048,
        "Lat": 52.2206
      },
      {
        "Brigade": "9",
        "Time": "2017-05-14 06:20:02",
        "Lines": "17",
        "Lon": 21.0048,
        "Lat": 52.2206
      },
      {
        "Brigade": "9",
        "Time": "2017-05-14 06:20:12",
        "Lines": "17",
        "Lon": 21.0048,
        "Lat": 52.2206
      },
      {
        "Brigade": "9",
        "Time": "2017-05-14 06:20:22",
        "Lines": "17",
        "Lon": 21.0048,
        "Lat": 52.2206
      },
      {
        "Brigade": "9",
        "Time": "2017-05-14 06:20:32",
        "Lines": "17",
        "Lon": 21.0048,
        "Lat": 52.2206
      },
      {
        "Brigade": "9",
        "Time": "2017-05-14 06:20:42",
        "Lines": "17",
        "Lon": 21.0048,
        "Lat": 52.2206
      },
      {
        "Brigade": "9",
        "Time": "2017-05-14 06:20:56",
        "Lines": "17",
        "Lon": 21.0049,
        "Lat": 52.2203
      },
      {
        "Brigade": "9",
        "Time": "2017-05-14 06:21:02",
        "Lines": "17",
        "Lon": 21.0049,
        "Lat": 52.22
      },
      {
        "Brigade": "9",
        "Time": "2017-05-14 06:21:16",
        "Lines": "17",
        "Lon": 21.0049,
        "Lat": 52.2191
      },
      {
        "Brigade": "9",
        "Time": "2017-05-14 06:21:26",
        "Lines": "17",
        "Lon": 21.005,
        "Lat": 52.2178
      },
      {
        "Brigade": "9",
        "Time": "2017-05-14 06:21:41",
        "Lines": "17",
        "Lon": 21.0052,
        "Lat": 52.2165
      },
      {
        "Brigade": "9",
        "Time": "2017-05-14 06:21:51",
        "Lines": "17",
        "Lon": 21.0053,
        "Lat": 52.2161
      },
      {
        "Brigade": "9",
        "Time": "2017-05-14 06:21:56",
        "Lines": "17",
        "Lon": 21.0053,
        "Lat": 52.2161
      },
      {
        "Brigade": "9",
        "Time": "2017-05-14 06:22:11",
        "Lines": "17",
        "Lon": 21.0053,
        "Lat": 52.2161
      },
      {
        "Brigade": "9",
        "Time": "2017-05-14 06:22:21",
        "Lines": "17",
        "Lon": 21.0055,
        "Lat": 52.2155
      },
      {
        "Brigade": "9",
        "Time": "2017-05-14 06:22:26",
        "Lines": "17",
        "Lon": 21.0056,
        "Lat": 52.215
      },
      {
        "Brigade": "9",
        "Time": "2017-05-14 06:22:47",
        "Lines": "17",
        "Lon": 21.0062,
        "Lat": 52.2131
      },
      {
        "Brigade": "9",
        "Time": "2017-05-14 06:22:56",
        "Lines": "17",
        "Lon": 21.0062,
        "Lat": 52.2131
      },
      {
        "Brigade": "9",
        "Time": "2017-05-14 06:23:07",
        "Lines": "17",
        "Lon": 21.0062,
        "Lat": 52.2131
      },
      {
        "Brigade": "9",
        "Time": "2017-05-14 06:23:17",
        "Lines": "17",
        "Lon": 21.0064,
        "Lat": 52.2126
      },
      {
        "Brigade": "9",
        "Time": "2017-05-14 06:23:27",
        "Lines": "17",
        "Lon": 21.0067,
        "Lat": 52.2115
      },
      {
        "Brigade": "9",
        "Time": "2017-05-14 06:23:42",
        "Lines": "17",
        "Lon": 21.007,
        "Lat": 52.2108
      },
      {
        "Brigade": "9",
        "Time": "2017-05-14 06:23:52",
        "Lines": "17",
        "Lon": 21.007,
        "Lat": 52.2108
      },
      {
        "Brigade": "9",
        "Time": "2017-05-14 06:24:02",
        "Lines": "17",
        "Lon": 21.007,
        "Lat": 52.2108
      },
      {
        "Brigade": "9",
        "Time": "2017-05-14 06:24:12",
        "Lines": "17",
        "Lon": 21.007,
        "Lat": 52.2108
      },
      {
        "Brigade": "9",
        "Time": "2017-05-14 06:24:27",
        "Lines": "17",
        "Lon": 21.007,
        "Lat": 52.2108
      },
      {
        "Brigade": "9",
        "Time": "2017-05-14 06:24:37",
        "Lines": "17",
        "Lon": 21.007,
        "Lat": 52.2107
      },
      {
        "Brigade": "9",
        "Time": "2017-05-14 06:24:47",
        "Lines": "17",
        "Lon": 21.0073,
        "Lat": 52.2097
      },
      {
        "Brigade": "9",
        "Time": "2017-05-14 06:24:57",
        "Lines": "17",
        "Lon": 21.0077,
        "Lat": 52.2086
      },
      {
        "Brigade": "9",
        "Time": "2017-05-14 06:25:08",
        "Lines": "17",
        "Lon": 21.0079,
        "Lat": 52.2083
      },
      {
        "Brigade": "9",
        "Time": "2017-05-14 06:25:22",
        "Lines": "17",
        "Lon": 21.0079,
        "Lat": 52.2083
      },
      {
        "Brigade": "9",
        "Time": "2017-05-14 06:25:32",
        "Lines": "17",
        "Lon": 21.008,
        "Lat": 52.2079
      },
      {
        "Brigade": "9",
        "Time": "2017-05-14 06:25:42",
        "Lines": "17",
        "Lon": 21.008,
        "Lat": 52.2079
      },
      {
        "Brigade": "9",
        "Time": "2017-05-14 06:25:57",
        "Lines": "17",
        "Lon": 21.008,
        "Lat": 52.2079
      },
      {
        "Brigade": "9",
        "Time": "2017-05-14 06:26:07",
        "Lines": "17",
        "Lon": 21.008,
        "Lat": 52.2079
      },
      {
        "Brigade": "9",
        "Time": "2017-05-14 06:26:17",
        "Lines": "17",
        "Lon": 21.008,
        "Lat": 52.2079
      },
      {
        "Brigade": "9",
        "Time": "2017-05-14 06:26:27",
        "Lines": "17",
        "Lon": 21.008,
        "Lat": 52.208
      },
      {
        "Brigade": "9",
        "Time": "2017-05-14 06:26:37",
        "Lines": "17",
        "Lon": 21.008,
        "Lat": 52.2079
      },
      {
        "Brigade": "9",
        "Time": "2017-05-14 06:26:42",
        "Lines": "17",
        "Lon": 21.008,
        "Lat": 52.2077
      },
      {
        "Brigade": "9",
        "Time": "2017-05-14 06:26:57",
        "Lines": "17",
        "Lon": 21.0068,
        "Lat": 52.2074
      },
      {
        "Brigade": "9",
        "Time": "2017-05-14 06:27:12",
        "Lines": "17",
        "Lon": 21.0041,
        "Lat": 52.2069
      },
      {
        "Brigade": "9",
        "Time": "2017-05-14 06:27:22",
        "Lines": "17",
        "Lon": 21.0036,
        "Lat": 52.2068
      },
      {
        "Brigade": "9",
        "Time": "2017-05-14 06:27:32",
        "Lines": "17",
        "Lon": 21.0036,
        "Lat": 52.2068
      },
      {
        "Brigade": "9",
        "Time": "2017-05-14 06:27:42",
        "Lines": "17",
        "Lon": 21.0031,
        "Lat": 52.2067
      },
      {
        "Brigade": "9",
        "Time": "2017-05-14 06:27:57",
        "Lines": "17",
        "Lon": 21.0019,
        "Lat": 52.2065
      },
      {
        "Brigade": "9",
        "Time": "2017-05-14 06:28:02",
        "Lines": "17",
        "Lon": 21.0013,
        "Lat": 52.2064
      },
      {
        "Brigade": "9",
        "Time": "2017-05-14 06:28:16",
        "Lines": "17",
        "Lon": 20.9996,
        "Lat": 52.2061
      },
      {
        "Brigade": "9",
        "Time": "2017-05-14 06:28:26",
        "Lines": "17",
        "Lon": 20.9996,
        "Lat": 52.2061
      },
      {
        "Brigade": "9",
        "Time": "2017-05-14 06:28:36",
        "Lines": "17",
        "Lon": 20.9995,
        "Lat": 52.2061
      },
      {
        "Brigade": "9",
        "Time": "2017-05-14 06:28:51",
        "Lines": "17",
        "Lon": 20.9993,
        "Lat": 52.2053
      },
      {
        "Brigade": "9",
        "Time": "2017-05-14 06:29:01",
        "Lines": "17",
        "Lon": 20.9994,
        "Lat": 52.2051
      },
      {
        "Brigade": "9",
        "Time": "2017-05-14 06:29:11",
        "Lines": "17",
        "Lon": 20.9994,
        "Lat": 52.2051
      },
      {
        "Brigade": "9",
        "Time": "2017-05-14 06:29:21",
        "Lines": "17",
        "Lon": 20.9996,
        "Lat": 52.2046
      },
      {
        "Brigade": "9",
        "Time": "2017-05-14 06:29:36",
        "Lines": "17",
        "Lon": 21.0001,
        "Lat": 52.2028
      },
      {
        "Brigade": "9",
        "Time": "2017-05-14 06:29:46",
        "Lines": "17",
        "Lon": 21.0003,
        "Lat": 52.2019
      },
      {
        "Brigade": "9",
        "Time": "2017-05-14 06:29:56",
        "Lines": "17",
        "Lon": 21.0004,
        "Lat": 52.2018
      },
      {
        "Brigade": "9",
        "Time": "2017-05-14 06:30:01",
        "Lines": "17",
        "Lon": 21.0004,
        "Lat": 52.2018
      },
      {
        "Brigade": "9",
        "Time": "2017-05-14 06:31:27",
        "Lines": "17",
        "Lon": 21.0018,
        "Lat": 52.196
      },
      {
        "Brigade": "9",
        "Time": "2017-05-14 06:31:37",
        "Lines": "17",
        "Lon": 21.0018,
        "Lat": 52.196
      },
      {
        "Brigade": "9",
        "Time": "2017-05-14 06:31:47",
        "Lines": "17",
        "Lon": 21.0018,
        "Lat": 52.196
      },
      {
        "Brigade": "9",
        "Time": "2017-05-14 06:31:57",
        "Lines": "17",
        "Lon": 21.0018,
        "Lat": 52.196
      },
      {
        "Brigade": "9",
        "Time": "2017-05-14 06:32:12",
        "Lines": "17",
        "Lon": 21.0018,
        "Lat": 52.196
      },
      {
        "Brigade": "9",
        "Time": "2017-05-14 06:32:22",
        "Lines": "17",
        "Lon": 21.0018,
        "Lat": 52.196
      },
      {
        "Brigade": "9",
        "Time": "2017-05-14 06:32:32",
        "Lines": "17",
        "Lon": 21.0018,
        "Lat": 52.196
      },
      {
        "Brigade": "9",
        "Time": "2017-05-14 06:32:42",
        "Lines": "17",
        "Lon": 21.0018,
        "Lat": 52.196
      },
      {
        "Brigade": "9",
        "Time": "2017-05-14 06:32:52",
        "Lines": "17",
        "Lon": 21.0018,
        "Lat": 52.196
      },
      {
        "Brigade": "9",
        "Time": "2017-05-14 06:33:01",
        "Lines": "17",
        "Lon": 21.0018,
        "Lat": 52.1958
      },
      {
        "Brigade": "9",
        "Time": "2017-05-14 06:33:16",
        "Lines": "17",
        "Lon": 21.0018,
        "Lat": 52.1943
      },
      {
        "Brigade": "9",
        "Time": "2017-05-14 06:33:26",
        "Lines": "17",
        "Lon": 21.0018,
        "Lat": 52.1928
      },
      {
        "Brigade": "9",
        "Time": "2017-05-14 06:33:36",
        "Lines": "17",
        "Lon": 21.0018,
        "Lat": 52.1914
      },
      {
        "Brigade": "9",
        "Time": "2017-05-14 06:33:51",
        "Lines": "17",
        "Lon": 21.0019,
        "Lat": 52.1902
      },
      {
        "Brigade": "9",
        "Time": "2017-05-14 06:34:01",
        "Lines": "17",
        "Lon": 21.002,
        "Lat": 52.1897
      },
      {
        "Brigade": "9",
        "Time": "2017-05-14 06:34:13",
        "Lines": "17",
        "Lon": 21.002,
        "Lat": 52.1893
      },
      {
        "Brigade": "9",
        "Time": "2017-05-14 06:34:23",
        "Lines": "17",
        "Lon": 21.002,
        "Lat": 52.1893
      },
      {
        "Brigade": "9",
        "Time": "2017-05-14 06:34:33",
        "Lines": "17",
        "Lon": 21.002,
        "Lat": 52.1893
      },
      {
        "Brigade": "9",
        "Time": "2017-05-14 06:34:43",
        "Lines": "17",
        "Lon": 21.002,
        "Lat": 52.1893
      },
      {
        "Brigade": "9",
        "Time": "2017-05-14 06:34:53",
        "Lines": "17",
        "Lon": 21.002,
        "Lat": 52.1893
      },
      {
        "Brigade": "9",
        "Time": "2017-05-14 06:35:03",
        "Lines": "17",
        "Lon": 21.002,
        "Lat": 52.1893
      },
      {
        "Brigade": "9",
        "Time": "2017-05-14 06:35:16",
        "Lines": "17",
        "Lon": 21.002,
        "Lat": 52.1893
      },
      {
        "Brigade": "9",
        "Time": "2017-05-14 06:35:31",
        "Lines": "17",
        "Lon": 21.0021,
        "Lat": 52.1888
      },
      {
        "Brigade": "9",
        "Time": "2017-05-14 06:35:41",
        "Lines": "17",
        "Lon": 21.0029,
        "Lat": 52.1887
      },
      {
        "Brigade": "9",
        "Time": "2017-05-14 06:35:51",
        "Lines": "17",
        "Lon": 21.0035,
        "Lat": 52.1887
      },
      {
        "Brigade": "9",
        "Time": "2017-05-14 06:36:01",
        "Lines": "17",
        "Lon": 21.0035,
        "Lat": 52.1888
      },
      {
        "Brigade": "9",
        "Time": "2017-05-14 06:36:11",
        "Lines": "17",
        "Lon": 21.0035,
        "Lat": 52.1888
      },
      {
        "Brigade": "9",
        "Time": "2017-05-14 06:36:26",
        "Lines": "17",
        "Lon": 21.0035,
        "Lat": 52.1888
      },
      {
        "Brigade": "9",
        "Time": "2017-05-14 06:36:36",
        "Lines": "17",
        "Lon": 21.0035,
        "Lat": 52.1888
      }
    ]
  }
]
