[
  {
    "res": [
      {
        "Brigade": "11",
        "Time": "2017-05-14 06:54:58",
        "Lines": "18",
        "Lon": 21.0066,
        "Lat": 52.1888
      },
      {
        "Brigade": "11",
        "Time": "2017-05-14 06:55:08",
        "Lines": "18",
        "Lon": 21.0068,
        "Lat": 52.1888
      },
      {
        "Brigade": "11",
        "Time": "2017-05-14 06:55:19",
        "Lines": "18",
        "Lon": 21.0068,
        "Lat": 52.1888
      },
      {
        "Brigade": "11",
        "Time": "2017-05-14 06:55:29",
        "Lines": "18",
        "Lon": 21.0068,
        "Lat": 52.1888
      },
      {
        "Brigade": "11",
        "Time": "2017-05-14 06:55:34",
        "Lines": "18",
        "Lon": 21.0068,
        "Lat": 52.1888
      },
      {
        "Brigade": "11",
        "Time": "2017-05-14 06:55:45",
        "Lines": "18",
        "Lon": 21.0068,
        "Lat": 52.1888
      },
      {
        "Brigade": "11",
        "Time": "2017-05-14 06:55:55",
        "Lines": "18",
        "Lon": 21.0068,
        "Lat": 52.1888
      },
      {
        "Brigade": "11",
        "Time": "2017-05-14 06:56:06",
        "Lines": "18",
        "Lon": 21.0068,
        "Lat": 52.1888
      },
      {
        "Brigade": "11",
        "Time": "2017-05-14 06:56:16",
        "Lines": "18",
        "Lon": 21.0072,
        "Lat": 52.1888
      },
      {
        "Brigade": "11",
        "Time": "2017-05-14 06:56:27",
        "Lines": "18",
        "Lon": 21.0072,
        "Lat": 52.1888
      },
      {
        "Brigade": "11",
        "Time": "2017-05-14 06:56:37",
        "Lines": "18",
        "Lon": 21.0072,
        "Lat": 52.1888
      },
      {
        "Brigade": "11",
        "Time": "2017-05-14 06:56:48",
        "Lines": "18",
        "Lon": 21.0072,
        "Lat": 52.1888
      },
      {
        "Brigade": "11",
        "Time": "2017-05-14 06:56:59",
        "Lines": "18",
        "Lon": 21.0072,
        "Lat": 52.1888
      },
      {
        "Brigade": "11",
        "Time": "2017-05-14 06:57:12",
        "Lines": "18",
        "Lon": 21.0073,
        "Lat": 52.1888
      },
      {
        "Brigade": "11",
        "Time": "2017-05-14 06:57:23",
        "Lines": "18",
        "Lon": 21.0094,
        "Lat": 52.1889
      },
      {
        "Brigade": "11",
        "Time": "2017-05-14 06:57:33",
        "Lines": "18",
        "Lon": 21.0112,
        "Lat": 52.1889
      },
      {
        "Brigade": "11",
        "Time": "2017-05-14 06:57:44",
        "Lines": "18",
        "Lon": 21.0115,
        "Lat": 52.1889
      },
      {
        "Brigade": "11",
        "Time": "2017-05-14 06:57:55",
        "Lines": "18",
        "Lon": 21.0125,
        "Lat": 52.1889
      },
      {
        "Brigade": "11",
        "Time": "2017-05-14 06:58:06",
        "Lines": "18",
        "Lon": 21.0143,
        "Lat": 52.1889
      },
      {
        "Brigade": "11",
        "Time": "2017-05-14 06:58:17",
        "Lines": "18",
        "Lon": 21.0157,
        "Lat": 52.189
      },
      {
        "Brigade": "11",
        "Time": "2017-05-14 06:58:29",
        "Lines": "18",
        "Lon": 21.0161,
        "Lat": 52.189
      },
      {
        "Brigade": "11",
        "Time": "2017-05-14 06:58:40",
        "Lines": "18",
        "Lon": 21.0161,
        "Lat": 52.189
      },
      {
        "Brigade": "11",
        "Time": "2017-05-14 06:58:52",
        "Lines": "18",
        "Lon": 21.0161,
        "Lat": 52.189
      },
      {
        "Brigade": "11",
        "Time": "2017-05-14 06:58:57",
        "Lines": "18",
        "Lon": 21.0161,
        "Lat": 52.189
      },
      {
        "Brigade": "11",
        "Time": "2017-05-14 07:01:06",
        "Lines": "18",
        "Lon": 21.0234,
        "Lat": 52.1898
      },
      {
        "Brigade": "11",
        "Time": "2017-05-14 07:01:16",
        "Lines": "18",
        "Lon": 21.0235,
        "Lat": 52.1898
      },
      {
        "Brigade": "11",
        "Time": "2017-05-14 07:01:27",
        "Lines": "18",
        "Lon": 21.0235,
        "Lat": 52.1898
      },
      {
        "Brigade": "11",
        "Time": "2017-05-14 07:01:37",
        "Lines": "18",
        "Lon": 21.0235,
        "Lat": 52.1898
      },
      {
        "Brigade": "11",
        "Time": "2017-05-14 07:01:53",
        "Lines": "18",
        "Lon": 21.0235,
        "Lat": 52.1898
      },
      {
        "Brigade": "11",
        "Time": "2017-05-14 07:01:58",
        "Lines": "18",
        "Lon": 21.0235,
        "Lat": 52.1898
      },
      {
        "Brigade": "11",
        "Time": "2017-05-14 07:02:09",
        "Lines": "18",
        "Lon": 21.0235,
        "Lat": 52.1898
      },
      {
        "Brigade": "11",
        "Time": "2017-05-14 07:02:24",
        "Lines": "18",
        "Lon": 21.0235,
        "Lat": 52.1898
      },
      {
        "Brigade": "11",
        "Time": "2017-05-14 07:02:35",
        "Lines": "18",
        "Lon": 21.0235,
        "Lat": 52.1898
      },
      {
        "Brigade": "11",
        "Time": "2017-05-14 07:02:45",
        "Lines": "18",
        "Lon": 21.0235,
        "Lat": 52.1898
      },
      {
        "Brigade": "11",
        "Time": "2017-05-14 07:02:56",
        "Lines": "18",
        "Lon": 21.0238,
        "Lat": 52.1898
      },
      {
        "Brigade": "11",
        "Time": "2017-05-14 07:03:06",
        "Lines": "18",
        "Lon": 21.0239,
        "Lat": 52.1898
      },
      {
        "Brigade": "11",
        "Time": "2017-05-14 07:03:17",
        "Lines": "18",
        "Lon": 21.0239,
        "Lat": 52.1898
      },
      {
        "Brigade": "11",
        "Time": "2017-05-14 07:03:27",
        "Lines": "18",
        "Lon": 21.0239,
        "Lat": 52.1898
      },
      {
        "Brigade": "11",
        "Time": "2017-05-14 07:03:43",
        "Lines": "18",
        "Lon": 21.0239,
        "Lat": 52.1898
      },
      {
        "Brigade": "11",
        "Time": "2017-05-14 07:03:53",
        "Lines": "18",
        "Lon": 21.0239,
        "Lat": 52.1898
      },
      {
        "Brigade": "11",
        "Time": "2017-05-14 07:04:04",
        "Lines": "18",
        "Lon": 21.0239,
        "Lat": 52.1898
      },
      {
        "Brigade": "11",
        "Time": "2017-05-14 07:04:14",
        "Lines": "18",
        "Lon": 21.0245,
        "Lat": 52.19
      },
      {
        "Brigade": "11",
        "Time": "2017-05-14 07:04:25",
        "Lines": "18",
        "Lon": 21.0245,
        "Lat": 52.1907
      },
      {
        "Brigade": "11",
        "Time": "2017-05-14 07:04:35",
        "Lines": "18",
        "Lon": 21.0245,
        "Lat": 52.1908
      },
      {
        "Brigade": "11",
        "Time": "2017-05-14 07:04:46",
        "Lines": "18",
        "Lon": 21.0245,
        "Lat": 52.1909
      },
      {
        "Brigade": "11",
        "Time": "2017-05-14 07:04:56",
        "Lines": "18",
        "Lon": 21.0245,
        "Lat": 52.1918
      },
      {
        "Brigade": "11",
        "Time": "2017-05-14 07:05:07",
        "Lines": "18",
        "Lon": 21.0245,
        "Lat": 52.1921
      },
      {
        "Brigade": "11",
        "Time": "2017-05-14 07:05:17",
        "Lines": "18",
        "Lon": 21.0245,
        "Lat": 52.1921
      },
      {
        "Brigade": "11",
        "Time": "2017-05-14 07:05:33",
        "Lines": "18",
        "Lon": 21.0244,
        "Lat": 52.193
      },
      {
        "Brigade": "11",
        "Time": "2017-05-14 07:05:43",
        "Lines": "18",
        "Lon": 21.0243,
        "Lat": 52.1942
      },
      {
        "Brigade": "11",
        "Time": "2017-05-14 07:05:54",
        "Lines": "18",
        "Lon": 21.0243,
        "Lat": 52.1945
      },
      {
        "Brigade": "11",
        "Time": "2017-05-14 07:06:04",
        "Lines": "18",
        "Lon": 21.0243,
        "Lat": 52.1945
      },
      {
        "Brigade": "11",
        "Time": "2017-05-14 07:06:15",
        "Lines": "18",
        "Lon": 21.0243,
        "Lat": 52.1954
      },
      {
        "Brigade": "11",
        "Time": "2017-05-14 07:06:25",
        "Lines": "18",
        "Lon": 21.0242,
        "Lat": 52.1966
      },
      {
        "Brigade": "11",
        "Time": "2017-05-14 07:06:36",
        "Lines": "18",
        "Lon": 21.0242,
        "Lat": 52.1971
      },
      {
        "Brigade": "11",
        "Time": "2017-05-14 07:06:46",
        "Lines": "18",
        "Lon": 21.0242,
        "Lat": 52.1971
      },
      {
        "Brigade": "11",
        "Time": "2017-05-14 07:06:57",
        "Lines": "18",
        "Lon": 21.0242,
        "Lat": 52.1971
      },
      {
        "Brigade": "11",
        "Time": "2017-05-14 07:07:07",
        "Lines": "18",
        "Lon": 21.0242,
        "Lat": 52.1971
      },
      {
        "Brigade": "11",
        "Time": "2017-05-14 07:07:18",
        "Lines": "18",
        "Lon": 21.0241,
        "Lat": 52.1976
      },
      {
        "Brigade": "11",
        "Time": "2017-05-14 07:07:25",
        "Lines": "18",
        "Lon": 21.0241,
        "Lat": 52.1983
      },
      {
        "Brigade": "11",
        "Time": "2017-05-14 07:07:45",
        "Lines": "18",
        "Lon": 21.0239,
        "Lat": 52.1991
      },
      {
        "Brigade": "11",
        "Time": "2017-05-14 07:07:54",
        "Lines": "18",
        "Lon": 21.0239,
        "Lat": 52.1993
      },
      {
        "Brigade": "11",
        "Time": "2017-05-14 07:08:05",
        "Lines": "18",
        "Lon": 21.0237,
        "Lat": 52.2006
      },
      {
        "Brigade": "11",
        "Time": "2017-05-14 07:08:15",
        "Lines": "18",
        "Lon": 21.0235,
        "Lat": 52.2019
      },
      {
        "Brigade": "11",
        "Time": "2017-05-14 07:08:26",
        "Lines": "18",
        "Lon": 21.0234,
        "Lat": 52.2026
      },
      {
        "Brigade": "11",
        "Time": "2017-05-14 07:08:42",
        "Lines": "18",
        "Lon": 21.0234,
        "Lat": 52.2026
      },
      {
        "Brigade": "11",
        "Time": "2017-05-14 07:08:47",
        "Lines": "18",
        "Lon": 21.0234,
        "Lat": 52.2026
      },
      {
        "Brigade": "11",
        "Time": "2017-05-14 07:09:03",
        "Lines": "18",
        "Lon": 21.0233,
        "Lat": 52.2033
      },
      {
        "Brigade": "11",
        "Time": "2017-05-14 07:09:09",
        "Lines": "18",
        "Lon": 21.0232,
        "Lat": 52.2039
      },
      {
        "Brigade": "11",
        "Time": "2017-05-14 07:09:25",
        "Lines": "18",
        "Lon": 21.0229,
        "Lat": 52.2052
      },
      {
        "Brigade": "11",
        "Time": "2017-05-14 07:09:34",
        "Lines": "18",
        "Lon": 21.0229,
        "Lat": 52.2053
      },
      {
        "Brigade": "11",
        "Time": "2017-05-14 07:09:45",
        "Lines": "18",
        "Lon": 21.0229,
        "Lat": 52.2053
      },
      {
        "Brigade": "11",
        "Time": "2017-05-14 07:09:55",
        "Lines": "18",
        "Lon": 21.0229,
        "Lat": 52.2053
      },
      {
        "Brigade": "11",
        "Time": "2017-05-14 07:10:05",
        "Lines": "18",
        "Lon": 21.0229,
        "Lat": 52.2053
      },
      {
        "Brigade": "11",
        "Time": "2017-05-14 07:10:16",
        "Lines": "18",
        "Lon": 21.0228,
        "Lat": 52.2057
      },
      {
        "Brigade": "11",
        "Time": "2017-05-14 07:10:27",
        "Lines": "18",
        "Lon": 21.0223,
        "Lat": 52.207
      },
      {
        "Brigade": "11",
        "Time": "2017-05-14 07:10:39",
        "Lines": "18",
        "Lon": 21.0218,
        "Lat": 52.2083
      },
      {
        "Brigade": "11",
        "Time": "2017-05-14 07:10:52",
        "Lines": "18",
        "Lon": 21.0214,
        "Lat": 52.2094
      },
      {
        "Brigade": "11",
        "Time": "2017-05-14 07:11:03",
        "Lines": "18",
        "Lon": 21.0213,
        "Lat": 52.2095
      },
      {
        "Brigade": "11",
        "Time": "2017-05-14 07:11:14",
        "Lines": "18",
        "Lon": 21.0211,
        "Lat": 52.21
      },
      {
        "Brigade": "11",
        "Time": "2017-05-14 07:11:24",
        "Lines": "18",
        "Lon": 21.0208,
        "Lat": 52.2106
      },
      {
        "Brigade": "11",
        "Time": "2017-05-14 07:11:35",
        "Lines": "18",
        "Lon": 21.0208,
        "Lat": 52.2106
      },
      {
        "Brigade": "11",
        "Time": "2017-05-14 07:11:45",
        "Lines": "18",
        "Lon": 21.0208,
        "Lat": 52.2106
      },
      {
        "Brigade": "11",
        "Time": "2017-05-14 07:11:56",
        "Lines": "18",
        "Lon": 21.0208,
        "Lat": 52.2106
      },
      {
        "Brigade": "11",
        "Time": "2017-05-14 07:12:06",
        "Lines": "18",
        "Lon": 21.0208,
        "Lat": 52.2106
      },
      {
        "Brigade": "11",
        "Time": "2017-05-14 07:12:17",
        "Lines": "18",
        "Lon": 21.0208,
        "Lat": 52.2106
      },
      {
        "Brigade": "11",
        "Time": "2017-05-14 07:12:27",
        "Lines": "18",
        "Lon": 21.0208,
        "Lat": 52.2106
      },
      {
        "Brigade": "11",
        "Time": "2017-05-14 07:12:43",
        "Lines": "18",
        "Lon": 21.0206,
        "Lat": 52.212
      },
      {
        "Brigade": "11",
        "Time": "2017-05-14 07:12:53",
        "Lines": "18",
        "Lon": 21.0213,
        "Lat": 52.2131
      },
      {
        "Brigade": "11",
        "Time": "2017-05-14 07:13:04",
        "Lines": "18",
        "Lon": 21.0213,
        "Lat": 52.2132
      },
      {
        "Brigade": "11",
        "Time": "2017-05-14 07:13:14",
        "Lines": "18",
        "Lon": 21.0213,
        "Lat": 52.2132
      },
      {
        "Brigade": "11",
        "Time": "2017-05-14 07:13:25",
        "Lines": "18",
        "Lon": 21.0213,
        "Lat": 52.2132
      },
      {
        "Brigade": "11",
        "Time": "2017-05-14 07:13:35",
        "Lines": "18",
        "Lon": 21.0213,
        "Lat": 52.2132
      },
      {
        "Brigade": "11",
        "Time": "2017-05-14 07:13:46",
        "Lines": "18",
        "Lon": 21.0213,
        "Lat": 52.2132
      },
      {
        "Brigade": "11",
        "Time": "2017-05-14 07:13:56",
        "Lines": "18",
        "Lon": 21.0215,
        "Lat": 52.2136
      },
      {
        "Brigade": "11",
        "Time": "2017-05-14 07:14:07",
        "Lines": "18",
        "Lon": 21.0211,
        "Lat": 52.2144
      },
      {
        "Brigade": "11",
        "Time": "2017-05-14 07:14:22",
        "Lines": "18",
        "Lon": 21.0209,
        "Lat": 52.2148
      },
      {
        "Brigade": "11",
        "Time": "2017-05-14 07:14:33",
        "Lines": "18",
        "Lon": 21.0203,
        "Lat": 52.2158
      },
      {
        "Brigade": "11",
        "Time": "2017-05-14 07:14:43",
        "Lines": "18",
        "Lon": 21.0196,
        "Lat": 52.2171
      },
      {
        "Brigade": "11",
        "Time": "2017-05-14 07:15:04",
        "Lines": "18",
        "Lon": 21.0183,
        "Lat": 52.2193
      },
      {
        "Brigade": "11",
        "Time": "2017-05-14 07:15:15",
        "Lines": "18",
        "Lon": 21.0182,
        "Lat": 52.2195
      },
      {
        "Brigade": "11",
        "Time": "2017-05-14 07:15:25",
        "Lines": "18",
        "Lon": 21.0181,
        "Lat": 52.2195
      },
      {
        "Brigade": "11",
        "Time": "2017-05-14 07:15:36",
        "Lines": "18",
        "Lon": 21.0178,
        "Lat": 52.2201
      },
      {
        "Brigade": "11",
        "Time": "2017-05-14 07:15:46",
        "Lines": "18",
        "Lon": 21.0171,
        "Lat": 52.2212
      },
      {
        "Brigade": "11",
        "Time": "2017-05-14 07:15:57",
        "Lines": "18",
        "Lon": 21.0164,
        "Lat": 52.2223
      },
      {
        "Brigade": "11",
        "Time": "2017-05-14 07:16:02",
        "Lines": "18",
        "Lon": 21.0163,
        "Lat": 52.2226
      },
      {
        "Brigade": "11",
        "Time": "2017-05-14 07:16:23",
        "Lines": "18",
        "Lon": 21.0162,
        "Lat": 52.2227
      },
      {
        "Brigade": "11",
        "Time": "2017-05-14 07:16:33",
        "Lines": "18",
        "Lon": 21.016,
        "Lat": 52.2231
      },
      {
        "Brigade": "11",
        "Time": "2017-05-14 07:16:44",
        "Lines": "18",
        "Lon": 21.0155,
        "Lat": 52.2235
      },
      {
        "Brigade": "11",
        "Time": "2017-05-14 07:16:54",
        "Lines": "18",
        "Lon": 21.0149,
        "Lat": 52.2246
      },
      {
        "Brigade": "11",
        "Time": "2017-05-14 07:17:05",
        "Lines": "18",
        "Lon": 21.0144,
        "Lat": 52.2254
      },
      {
        "Brigade": "11",
        "Time": "2017-05-14 07:17:15",
        "Lines": "18",
        "Lon": 21.0143,
        "Lat": 52.2257
      },
      {
        "Brigade": "11",
        "Time": "2017-05-14 07:17:26",
        "Lines": "18",
        "Lon": 21.0143,
        "Lat": 52.2257
      },
      {
        "Brigade": "11",
        "Time": "2017-05-14 07:17:36",
        "Lines": "18",
        "Lon": 21.0141,
        "Lat": 52.2259
      },
      {
        "Brigade": "11",
        "Time": "2017-05-14 07:17:48",
        "Lines": "18",
        "Lon": 21.0137,
        "Lat": 52.2266
      },
      {
        "Brigade": "11",
        "Time": "2017-05-14 07:17:59",
        "Lines": "18",
        "Lon": 21.0137,
        "Lat": 52.2267
      },
      {
        "Brigade": "11",
        "Time": "2017-05-14 07:18:13",
        "Lines": "18",
        "Lon": 21.0134,
        "Lat": 52.2271
      },
      {
        "Brigade": "11",
        "Time": "2017-05-14 07:18:24",
        "Lines": "18",
        "Lon": 21.0128,
        "Lat": 52.2281
      },
      {
        "Brigade": "11",
        "Time": "2017-05-14 07:18:34",
        "Lines": "18",
        "Lon": 21.0123,
        "Lat": 52.229
      },
      {
        "Brigade": "11",
        "Time": "2017-05-14 07:18:45",
        "Lines": "18",
        "Lon": 21.0121,
        "Lat": 52.2292
      },
      {
        "Brigade": "11",
        "Time": "2017-05-14 07:18:55",
        "Lines": "18",
        "Lon": 21.0121,
        "Lat": 52.2292
      },
      {
        "Brigade": "11",
        "Time": "2017-05-14 07:19:06",
        "Lines": "18",
        "Lon": 21.0121,
        "Lat": 52.2292
      },
      {
        "Brigade": "11",
        "Time": "2017-05-14 07:19:16",
        "Lines": "18",
        "Lon": 21.0121,
        "Lat": 52.2292
      },
      {
        "Brigade": "11",
        "Time": "2017-05-14 07:19:27",
        "Lines": "18",
        "Lon": 21.0121,
        "Lat": 52.2292
      },
      {
        "Brigade": "11",
        "Time": "2017-05-14 07:19:37",
        "Lines": "18",
        "Lon": 21.0118,
        "Lat": 52.2297
      },
      {
        "Brigade": "11",
        "Time": "2017-05-14 07:19:47",
        "Lines": "18",
        "Lon": 21.0114,
        "Lat": 52.2304
      },
      {
        "Brigade": "11",
        "Time": "2017-05-14 07:19:58",
        "Lines": "18",
        "Lon": 21.0107,
        "Lat": 52.2317
      },
      {
        "Brigade": "11",
        "Time": "2017-05-14 07:20:14",
        "Lines": "18",
        "Lon": 21.0095,
        "Lat": 52.2336
      },
      {
        "Brigade": "11",
        "Time": "2017-05-14 07:20:24",
        "Lines": "18",
        "Lon": 21.009,
        "Lat": 52.2345
      },
      {
        "Brigade": "11",
        "Time": "2017-05-14 07:20:36",
        "Lines": "18",
        "Lon": 21.0089,
        "Lat": 52.2346
      },
      {
        "Brigade": "11",
        "Time": "2017-05-14 07:20:45",
        "Lines": "18",
        "Lon": 21.0089,
        "Lat": 52.2346
      },
      {
        "Brigade": "11",
        "Time": "2017-05-14 07:20:56",
        "Lines": "18",
        "Lon": 21.0089,
        "Lat": 52.2346
      },
      {
        "Brigade": "11",
        "Time": "2017-05-14 07:21:06",
        "Lines": "18",
        "Lon": 21.0089,
        "Lat": 52.2346
      },
      {
        "Brigade": "11",
        "Time": "2017-05-14 07:21:22",
        "Lines": "18",
        "Lon": 21.0089,
        "Lat": 52.2346
      },
      {
        "Brigade": "11",
        "Time": "2017-05-14 07:21:32",
        "Lines": "18",
        "Lon": 21.0089,
        "Lat": 52.2346
      },
      {
        "Brigade": "11",
        "Time": "2017-05-14 07:21:43",
        "Lines": "18",
        "Lon": 21.0087,
        "Lat": 52.2349
      },
      {
        "Brigade": "11",
        "Time": "2017-05-14 07:21:53",
        "Lines": "18",
        "Lon": 21.0081,
        "Lat": 52.2359
      },
      {
        "Brigade": "11",
        "Time": "2017-05-14 07:22:04",
        "Lines": "18",
        "Lon": 21.0074,
        "Lat": 52.2371
      },
      {
        "Brigade": "11",
        "Time": "2017-05-14 07:22:14",
        "Lines": "18",
        "Lon": 21.0071,
        "Lat": 52.2377
      },
      {
        "Brigade": "11",
        "Time": "2017-05-14 07:22:25",
        "Lines": "18",
        "Lon": 21.0068,
        "Lat": 52.2381
      },
      {
        "Brigade": "11",
        "Time": "2017-05-14 07:22:35",
        "Lines": "18",
        "Lon": 21.0065,
        "Lat": 52.2387
      },
      {
        "Brigade": "11",
        "Time": "2017-05-14 07:22:46",
        "Lines": "18",
        "Lon": 21.006,
        "Lat": 52.2389
      },
      {
        "Brigade": "11",
        "Time": "2017-05-14 07:22:56",
        "Lines": "18",
        "Lon": 21.006,
        "Lat": 52.2389
      },
      {
        "Brigade": "11",
        "Time": "2017-05-14 07:23:07",
        "Lines": "18",
        "Lon": 21.0057,
        "Lat": 52.2391
      },
      {
        "Brigade": "11",
        "Time": "2017-05-14 07:23:33",
        "Lines": "18",
        "Lon": 21.0049,
        "Lat": 52.2409
      },
      {
        "Brigade": "11",
        "Time": "2017-05-14 07:23:43",
        "Lines": "18",
        "Lon": 21.0044,
        "Lat": 52.2416
      },
      {
        "Brigade": "11",
        "Time": "2017-05-14 07:23:54",
        "Lines": "18",
        "Lon": 21.0039,
        "Lat": 52.2424
      },
      {
        "Brigade": "11",
        "Time": "2017-05-14 07:24:04",
        "Lines": "18",
        "Lon": 21.0032,
        "Lat": 52.2429
      },
      {
        "Brigade": "11",
        "Time": "2017-05-14 07:24:15",
        "Lines": "18",
        "Lon": 21.003,
        "Lat": 52.243
      },
      {
        "Brigade": "11",
        "Time": "2017-05-14 07:24:25",
        "Lines": "18",
        "Lon": 21.003,
        "Lat": 52.2431
      },
      {
        "Brigade": "11",
        "Time": "2017-05-14 07:24:36",
        "Lines": "18",
        "Lon": 21.0024,
        "Lat": 52.2435
      },
      {
        "Brigade": "11",
        "Time": "2017-05-14 07:24:46",
        "Lines": "18",
        "Lon": 21.0021,
        "Lat": 52.2438
      },
      {
        "Brigade": "11",
        "Time": "2017-05-14 07:25:02",
        "Lines": "18",
        "Lon": 21.002,
        "Lat": 52.2438
      },
      {
        "Brigade": "11",
        "Time": "2017-05-14 07:25:12",
        "Lines": "18",
        "Lon": 21.0018,
        "Lat": 52.244
      },
      {
        "Brigade": "11",
        "Time": "2017-05-14 07:25:23",
        "Lines": "18",
        "Lon": 21.0012,
        "Lat": 52.2445
      },
      {
        "Brigade": "11",
        "Time": "2017-05-14 07:25:34",
        "Lines": "18",
        "Lon": 21.0009,
        "Lat": 52.2449
      },
      {
        "Brigade": "11",
        "Time": "2017-05-14 07:25:44",
        "Lines": "18",
        "Lon": 21.0009,
        "Lat": 52.2449
      },
      {
        "Brigade": "11",
        "Time": "2017-05-14 07:25:54",
        "Lines": "18",
        "Lon": 21.0004,
        "Lat": 52.2455
      },
      {
        "Brigade": "11",
        "Time": "2017-05-14 07:26:05",
        "Lines": "18",
        "Lon": 20.9997,
        "Lat": 52.2463
      },
      {
        "Brigade": "11",
        "Time": "2017-05-14 07:26:15",
        "Lines": "18",
        "Lon": 20.9993,
        "Lat": 52.2474
      },
      {
        "Brigade": "11",
        "Time": "2017-05-14 07:26:21",
        "Lines": "18",
        "Lon": 20.9992,
        "Lat": 52.2479
      },
      {
        "Brigade": "11",
        "Time": "2017-05-14 07:26:47",
        "Lines": "18",
        "Lon": 20.999,
        "Lat": 52.2488
      },
      {
        "Brigade": "11",
        "Time": "2017-05-14 07:27:03",
        "Lines": "18",
        "Lon": 20.999,
        "Lat": 52.2488
      },
      {
        "Brigade": "11",
        "Time": "2017-05-14 07:27:13",
        "Lines": "18",
        "Lon": 20.999,
        "Lat": 52.2489
      },
      {
        "Brigade": "11",
        "Time": "2017-05-14 07:27:24",
        "Lines": "18",
        "Lon": 20.9988,
        "Lat": 52.2498
      },
      {
        "Brigade": "11",
        "Time": "2017-05-14 07:27:34",
        "Lines": "18",
        "Lon": 20.9985,
        "Lat": 52.2511
      },
      {
        "Brigade": "11",
        "Time": "2017-05-14 07:27:45",
        "Lines": "18",
        "Lon": 20.9982,
        "Lat": 52.2522
      },
      {
        "Brigade": "11",
        "Time": "2017-05-14 07:27:55",
        "Lines": "18",
        "Lon": 20.9981,
        "Lat": 52.2527
      },
      {
        "Brigade": "11",
        "Time": "2017-05-14 07:28:03",
        "Lines": "18",
        "Lon": 20.9981,
        "Lat": 52.2529
      },
      {
        "Brigade": "11",
        "Time": "2017-05-14 07:28:18",
        "Lines": "18",
        "Lon": 20.9981,
        "Lat": 52.253
      },
      {
        "Brigade": "11",
        "Time": "2017-05-14 07:28:27",
        "Lines": "18",
        "Lon": 20.9981,
        "Lat": 52.253
      },
      {
        "Brigade": "11",
        "Time": "2017-05-14 07:28:42",
        "Lines": "18",
        "Lon": 20.9981,
        "Lat": 52.253
      },
      {
        "Brigade": "11",
        "Time": "2017-05-14 07:28:53",
        "Lines": "18",
        "Lon": 20.9981,
        "Lat": 52.253
      },
      {
        "Brigade": "11",
        "Time": "2017-05-14 07:29:03",
        "Lines": "18",
        "Lon": 20.9981,
        "Lat": 52.253
      },
      {
        "Brigade": "11",
        "Time": "2017-05-14 07:29:14",
        "Lines": "18",
        "Lon": 20.9981,
        "Lat": 52.253
      },
      {
        "Brigade": "11",
        "Time": "2017-05-14 07:29:24",
        "Lines": "18",
        "Lon": 20.9981,
        "Lat": 52.253
      },
      {
        "Brigade": "11",
        "Time": "2017-05-14 07:29:35",
        "Lines": "18",
        "Lon": 20.9981,
        "Lat": 52.253
      },
      {
        "Brigade": "11",
        "Time": "2017-05-14 07:29:45",
        "Lines": "18",
        "Lon": 20.998,
        "Lat": 52.2531
      },
      {
        "Brigade": "11",
        "Time": "2017-05-14 07:29:56",
        "Lines": "18",
        "Lon": 20.998,
        "Lat": 52.2533
      },
      {
        "Brigade": "11",
        "Time": "2017-05-14 07:30:06",
        "Lines": "18",
        "Lon": 20.998,
        "Lat": 52.2533
      },
      {
        "Brigade": "11",
        "Time": "2017-05-14 07:30:22",
        "Lines": "18",
        "Lon": 20.9977,
        "Lat": 52.2545
      },
      {
        "Brigade": "11",
        "Time": "2017-05-14 07:30:32",
        "Lines": "18",
        "Lon": 20.9976,
        "Lat": 52.2551
      },
      {
        "Brigade": "11",
        "Time": "2017-05-14 07:30:43",
        "Lines": "18",
        "Lon": 20.9983,
        "Lat": 52.2556
      },
      {
        "Brigade": "11",
        "Time": "2017-05-14 07:30:53",
        "Lines": "18",
        "Lon": 20.9988,
        "Lat": 52.2558
      },
      {
        "Brigade": "11",
        "Time": "2017-05-14 07:31:04",
        "Lines": "18",
        "Lon": 20.9988,
        "Lat": 52.2558
      },
      {
        "Brigade": "11",
        "Time": "2017-05-14 07:31:14",
        "Lines": "18",
        "Lon": 20.9994,
        "Lat": 52.256
      },
      {
        "Brigade": "11",
        "Time": "2017-05-14 07:31:25",
        "Lines": "18",
        "Lon": 21.0004,
        "Lat": 52.2568
      },
      {
        "Brigade": "11",
        "Time": "2017-05-14 07:31:30",
        "Lines": "18",
        "Lon": 21.001,
        "Lat": 52.2574
      },
      {
        "Brigade": "11",
        "Time": "2017-05-14 07:31:46",
        "Lines": "18",
        "Lon": 21.0017,
        "Lat": 52.2583
      },
      {
        "Brigade": "11",
        "Time": "2017-05-14 07:32:02",
        "Lines": "18",
        "Lon": 21.0023,
        "Lat": 52.2587
      },
      {
        "Brigade": "11",
        "Time": "2017-05-14 07:32:12",
        "Lines": "18",
        "Lon": 21.0029,
        "Lat": 52.2588
      },
      {
        "Brigade": "11",
        "Time": "2017-05-14 07:32:23",
        "Lines": "18",
        "Lon": 21.0029,
        "Lat": 52.2588
      },
      {
        "Brigade": "11",
        "Time": "2017-05-14 07:32:33",
        "Lines": "18",
        "Lon": 21.0037,
        "Lat": 52.259
      },
      {
        "Brigade": "11",
        "Time": "2017-05-14 07:32:43",
        "Lines": "18",
        "Lon": 21.0055,
        "Lat": 52.2595
      },
      {
        "Brigade": "11",
        "Time": "2017-05-14 07:32:54",
        "Lines": "18",
        "Lon": 21.007,
        "Lat": 52.2599
      },
      {
        "Brigade": "11",
        "Time": "2017-05-14 07:33:04",
        "Lines": "18",
        "Lon": 21.0075,
        "Lat": 52.2603
      },
      {
        "Brigade": "11",
        "Time": "2017-05-14 07:33:15",
        "Lines": "18",
        "Lon": 21.0075,
        "Lat": 52.2602
      },
      {
        "Brigade": "11",
        "Time": "2017-05-14 07:33:20",
        "Lines": "18",
        "Lon": 21.0076,
        "Lat": 52.2601
      },
      {
        "Brigade": "11",
        "Time": "2017-05-14 07:33:36",
        "Lines": "18",
        "Lon": 21.0089,
        "Lat": 52.2606
      },
      {
        "Brigade": "11",
        "Time": "2017-05-14 07:33:46",
        "Lines": "18",
        "Lon": 21.0102,
        "Lat": 52.2609
      },
      {
        "Brigade": "11",
        "Time": "2017-05-14 07:34:02",
        "Lines": "18",
        "Lon": 21.0123,
        "Lat": 52.2615
      },
      {
        "Brigade": "11",
        "Time": "2017-05-14 07:34:13",
        "Lines": "18",
        "Lon": 21.0131,
        "Lat": 52.2617
      },
      {
        "Brigade": "11",
        "Time": "2017-05-14 07:34:23",
        "Lines": "18",
        "Lon": 21.0136,
        "Lat": 52.2619
      },
      {
        "Brigade": "11",
        "Time": "2017-05-14 07:34:34",
        "Lines": "18",
        "Lon": 21.0151,
        "Lat": 52.2624
      },
      {
        "Brigade": "11",
        "Time": "2017-05-14 07:34:55",
        "Lines": "18",
        "Lon": 21.0191,
        "Lat": 52.2633
      },
      {
        "Brigade": "11",
        "Time": "2017-05-14 07:35:05",
        "Lines": "18",
        "Lon": 21.0202,
        "Lat": 52.2635
      },
      {
        "Brigade": "11",
        "Time": "2017-05-14 07:35:16",
        "Lines": "18",
        "Lon": 21.0202,
        "Lat": 52.2635
      },
      {
        "Brigade": "11",
        "Time": "2017-05-14 07:35:26",
        "Lines": "18",
        "Lon": 21.0203,
        "Lat": 52.2635
      },
      {
        "Brigade": "11",
        "Time": "2017-05-14 07:35:36",
        "Lines": "18",
        "Lon": 21.0207,
        "Lat": 52.2638
      },
      {
        "Brigade": "11",
        "Time": "2017-05-14 07:35:52",
        "Lines": "18",
        "Lon": 21.0208,
        "Lat": 52.2648
      },
      {
        "Brigade": "11",
        "Time": "2017-05-14 07:36:03",
        "Lines": "18",
        "Lon": 21.0203,
        "Lat": 52.2659
      },
      {
        "Brigade": "11",
        "Time": "2017-05-14 07:36:13",
        "Lines": "18",
        "Lon": 21.02,
        "Lat": 52.267
      },
      {
        "Brigade": "11",
        "Time": "2017-05-14 07:36:24",
        "Lines": "18",
        "Lon": 21.0199,
        "Lat": 52.2672
      },
      {
        "Brigade": "11",
        "Time": "2017-05-14 07:36:35",
        "Lines": "18",
        "Lon": 21.0199,
        "Lat": 52.2672
      },
      {
        "Brigade": "11",
        "Time": "2017-05-14 07:36:45",
        "Lines": "18",
        "Lon": 21.0196,
        "Lat": 52.2678
      },
      {
        "Brigade": "11",
        "Time": "2017-05-14 07:36:55",
        "Lines": "18",
        "Lon": 21.0186,
        "Lat": 52.269
      },
      {
        "Brigade": "11",
        "Time": "2017-05-14 07:37:07",
        "Lines": "18",
        "Lon": 21.0175,
        "Lat": 52.27
      },
      {
        "Brigade": "11",
        "Time": "2017-05-14 07:37:16",
        "Lines": "18",
        "Lon": 21.0172,
        "Lat": 52.2701
      },
      {
        "Brigade": "11",
        "Time": "2017-05-14 07:37:27",
        "Lines": "18",
        "Lon": 21.0171,
        "Lat": 52.2702
      },
      {
        "Brigade": "11",
        "Time": "2017-05-14 07:37:37",
        "Lines": "18",
        "Lon": 21.0161,
        "Lat": 52.2712
      },
      {
        "Brigade": "11",
        "Time": "2017-05-14 07:37:48",
        "Lines": "18",
        "Lon": 21.0153,
        "Lat": 52.2724
      },
      {
        "Brigade": "11",
        "Time": "2017-05-14 07:37:58",
        "Lines": "18",
        "Lon": 21.0145,
        "Lat": 52.2736
      },
      {
        "Brigade": "11",
        "Time": "2017-05-14 07:38:14",
        "Lines": "18",
        "Lon": 21.0144,
        "Lat": 52.2739
      },
      {
        "Brigade": "11",
        "Time": "2017-05-14 07:38:24",
        "Lines": "18",
        "Lon": 21.0144,
        "Lat": 52.2739
      },
      {
        "Brigade": "11",
        "Time": "2017-05-14 07:38:35",
        "Lines": "18",
        "Lon": 21.0144,
        "Lat": 52.2739
      },
      {
        "Brigade": "11",
        "Time": "2017-05-14 07:38:45",
        "Lines": "18",
        "Lon": 21.0144,
        "Lat": 52.2739
      },
      {
        "Brigade": "11",
        "Time": "2017-05-14 07:38:56",
        "Lines": "18",
        "Lon": 21.0144,
        "Lat": 52.2739
      },
      {
        "Brigade": "11",
        "Time": "2017-05-14 07:39:06",
        "Lines": "18",
        "Lon": 21.0144,
        "Lat": 52.2739
      },
      {
        "Brigade": "11",
        "Time": "2017-05-14 07:39:17",
        "Lines": "18",
        "Lon": 21.0144,
        "Lat": 52.2739
      },
      {
        "Brigade": "11",
        "Time": "2017-05-14 07:40:35",
        "Lines": "18",
        "Lon": 21.0105,
        "Lat": 52.2802
      },
      {
        "Brigade": "11",
        "Time": "2017-05-14 07:40:46",
        "Lines": "18",
        "Lon": 21.0098,
        "Lat": 52.2814
      },
      {
        "Brigade": "11",
        "Time": "2017-05-14 07:40:56",
        "Lines": "18",
        "Lon": 21.0094,
        "Lat": 52.2821
      },
      {
        "Brigade": "11",
        "Time": "2017-05-14 07:41:07",
        "Lines": "18",
        "Lon": 21.0093,
        "Lat": 52.2823
      },
      {
        "Brigade": "11",
        "Time": "2017-05-14 07:41:17",
        "Lines": "18",
        "Lon": 21.0086,
        "Lat": 52.2834
      },
      {
        "Brigade": "11",
        "Time": "2017-05-14 07:41:28",
        "Lines": "18",
        "Lon": 21.0078,
        "Lat": 52.2847
      },
      {
        "Brigade": "11",
        "Time": "2017-05-14 07:41:43",
        "Lines": "18",
        "Lon": 21.0065,
        "Lat": 52.2865
      },
      {
        "Brigade": "11",
        "Time": "2017-05-14 07:41:54",
        "Lines": "18",
        "Lon": 21.0061,
        "Lat": 52.2869
      },
      {
        "Brigade": "11",
        "Time": "2017-05-14 07:42:04",
        "Lines": "18",
        "Lon": 21.0061,
        "Lat": 52.2869
      },
      {
        "Brigade": "11",
        "Time": "2017-05-14 07:42:15",
        "Lines": "18",
        "Lon": 21.0053,
        "Lat": 52.2876
      },
      {
        "Brigade": "11",
        "Time": "2017-05-14 07:42:25",
        "Lines": "18",
        "Lon": 21.0041,
        "Lat": 52.2888
      },
      {
        "Brigade": "11",
        "Time": "2017-05-14 07:42:36",
        "Lines": "18",
        "Lon": 21.0033,
        "Lat": 52.2895
      },
      {
        "Brigade": "11",
        "Time": "2017-05-14 07:42:46",
        "Lines": "18",
        "Lon": 21.0027,
        "Lat": 52.29
      },
      {
        "Brigade": "11",
        "Time": "2017-05-14 07:42:57",
        "Lines": "18",
        "Lon": 21.0026,
        "Lat": 52.2903
      },
      {
        "Brigade": "11",
        "Time": "2017-05-14 07:43:07",
        "Lines": "18",
        "Lon": 21.0026,
        "Lat": 52.2904
      },
      {
        "Brigade": "11",
        "Time": "2017-05-14 07:43:13",
        "Lines": "18",
        "Lon": 21.0026,
        "Lat": 52.2904
      },
      {
        "Brigade": "11",
        "Time": "2017-05-14 07:43:19",
        "Lines": "18",
        "Lon": 21.0026,
        "Lat": 52.2904
      },
      {
        "Brigade": "11",
        "Time": "2017-05-14 07:43:44",
        "Lines": "18",
        "Lon": 21.0026,
        "Lat": 52.2904
      },
      {
        "Brigade": "11",
        "Time": "2017-05-14 07:43:55",
        "Lines": "18",
        "Lon": 21.0026,
        "Lat": 52.2904
      },
      {
        "Brigade": "11",
        "Time": "2017-05-14 07:44:05",
        "Lines": "18",
        "Lon": 21.0026,
        "Lat": 52.2904
      },
      {
        "Brigade": "11",
        "Time": "2017-05-14 07:44:16",
        "Lines": "18",
        "Lon": 21.0026,
        "Lat": 52.2904
      },
      {
        "Brigade": "11",
        "Time": "2017-05-14 07:44:26",
        "Lines": "18",
        "Lon": 21.0026,
        "Lat": 52.2904
      },
      {
        "Brigade": "11",
        "Time": "2017-05-14 07:44:37",
        "Lines": "18",
        "Lon": 21.0026,
        "Lat": 52.2904
      },
      {
        "Brigade": "11",
        "Time": "2017-05-14 07:44:52",
        "Lines": "18",
        "Lon": 21.0026,
        "Lat": 52.2904
      },
      {
        "Brigade": "11",
        "Time": "2017-05-14 07:45:03",
        "Lines": "18",
        "Lon": 21.0026,
        "Lat": 52.2904
      },
      {
        "Brigade": "11",
        "Time": "2017-05-14 07:45:13",
        "Lines": "18",
        "Lon": 21.0026,
        "Lat": 52.2904
      },
      {
        "Brigade": "11",
        "Time": "2017-05-14 07:45:24",
        "Lines": "18",
        "Lon": 21.0026,
        "Lat": 52.2904
      },
      {
        "Brigade": "11",
        "Time": "2017-05-14 07:45:34",
        "Lines": "18",
        "Lon": 21.0026,
        "Lat": 52.2904
      },
      {
        "Brigade": "11",
        "Time": "2017-05-14 07:45:45",
        "Lines": "18",
        "Lon": 21.0026,
        "Lat": 52.2904
      },
      {
        "Brigade": "11",
        "Time": "2017-05-14 07:45:55",
        "Lines": "18",
        "Lon": 21.0026,
        "Lat": 52.2904
      },
      {
        "Brigade": "11",
        "Time": "2017-05-14 07:46:06",
        "Lines": "18",
        "Lon": 21.0026,
        "Lat": 52.2904
      },
      {
        "Brigade": "11",
        "Time": "2017-05-14 07:46:16",
        "Lines": "18",
        "Lon": 21.0026,
        "Lat": 52.2904
      },
      {
        "Brigade": "11",
        "Time": "2017-05-14 07:46:32",
        "Lines": "18",
        "Lon": 21.0026,
        "Lat": 52.2902
      },
      {
        "Brigade": "11",
        "Time": "2017-05-14 07:46:42",
        "Lines": "18",
        "Lon": 21.0026,
        "Lat": 52.2902
      },
      {
        "Brigade": "11",
        "Time": "2017-05-14 07:46:53",
        "Lines": "18",
        "Lon": 21.0026,
        "Lat": 52.2902
      },
      {
        "Brigade": "11",
        "Time": "2017-05-14 07:47:03",
        "Lines": "18",
        "Lon": 21.0026,
        "Lat": 52.2902
      },
      {
        "Brigade": "11",
        "Time": "2017-05-14 07:47:14",
        "Lines": "18",
        "Lon": 21.0026,
        "Lat": 52.2902
      },
      {
        "Brigade": "11",
        "Time": "2017-05-14 07:47:25",
        "Lines": "18",
        "Lon": 21.0026,
        "Lat": 52.2902
      },
      {
        "Brigade": "11",
        "Time": "2017-05-14 07:47:35",
        "Lines": "18",
        "Lon": 21.0026,
        "Lat": 52.2902
      },
      {
        "Brigade": "11",
        "Time": "2017-05-14 07:47:45",
        "Lines": "18",
        "Lon": 21.0026,
        "Lat": 52.2902
      },
      {
        "Brigade": "11",
        "Time": "2017-05-14 07:47:56",
        "Lines": "18",
        "Lon": 21.0026,
        "Lat": 52.2902
      },
      {
        "Brigade": "11",
        "Time": "2017-05-14 07:48:06",
        "Lines": "18",
        "Lon": 21.0026,
        "Lat": 52.2902
      },
      {
        "Brigade": "11",
        "Time": "2017-05-14 07:48:22",
        "Lines": "18",
        "Lon": 21.0026,
        "Lat": 52.2902
      },
      {
        "Brigade": "11",
        "Time": "2017-05-14 07:48:32",
        "Lines": "18",
        "Lon": 21.0026,
        "Lat": 52.2902
      },
      {
        "Brigade": "11",
        "Time": "2017-05-14 07:48:43",
        "Lines": "18",
        "Lon": 21.0026,
        "Lat": 52.2902
      },
      {
        "Brigade": "11",
        "Time": "2017-05-14 07:48:53",
        "Lines": "18",
        "Lon": 21.0026,
        "Lat": 52.2902
      },
      {
        "Brigade": "11",
        "Time": "2017-05-14 07:49:04",
        "Lines": "18",
        "Lon": 21.0026,
        "Lat": 52.2902
      },
      {
        "Brigade": "11",
        "Time": "2017-05-14 07:49:14",
        "Lines": "18",
        "Lon": 21.0026,
        "Lat": 52.2902
      },
      {
        "Brigade": "11",
        "Time": "2017-05-14 07:49:25",
        "Lines": "18",
        "Lon": 21.0026,
        "Lat": 52.2902
      },
      {
        "Brigade": "11",
        "Time": "2017-05-14 07:49:35",
        "Lines": "18",
        "Lon": 21.0026,
        "Lat": 52.2902
      },
      {
        "Brigade": "11",
        "Time": "2017-05-14 07:49:46",
        "Lines": "18",
        "Lon": 21.0026,
        "Lat": 52.2902
      },
      {
        "Brigade": "11",
        "Time": "2017-05-14 07:49:56",
        "Lines": "18",
        "Lon": 21.0026,
        "Lat": 52.2902
      },
      {
        "Brigade": "11",
        "Time": "2017-05-14 07:50:12",
        "Lines": "18",
        "Lon": 21.0026,
        "Lat": 52.2902
      },
      {
        "Brigade": "11",
        "Time": "2017-05-14 07:50:23",
        "Lines": "18",
        "Lon": 21.0022,
        "Lat": 52.2907
      },
      {
        "Brigade": "11",
        "Time": "2017-05-14 07:50:33",
        "Lines": "18",
        "Lon": 21.0022,
        "Lat": 52.2907
      },
      {
        "Brigade": "11",
        "Time": "2017-05-14 07:50:43",
        "Lines": "18",
        "Lon": 21.0022,
        "Lat": 52.2907
      },
      {
        "Brigade": "11",
        "Time": "2017-05-14 07:50:54",
        "Lines": "18",
        "Lon": 21.0022,
        "Lat": 52.2907
      },
      {
        "Brigade": "11",
        "Time": "2017-05-14 07:51:04",
        "Lines": "18",
        "Lon": 21.0022,
        "Lat": 52.2907
      },
      {
        "Brigade": "11",
        "Time": "2017-05-14 07:51:15",
        "Lines": "18",
        "Lon": 21.0022,
        "Lat": 52.2907
      },
      {
        "Brigade": "11",
        "Time": "2017-05-14 07:51:25",
        "Lines": "18",
        "Lon": 21.065,
        "Lat": 52.2609
      },
      {
        "Brigade": "11",
        "Time": "2017-05-14 07:51:36",
        "Lines": "18",
        "Lon": 21.0029,
        "Lat": 52.2903
      },
      {
        "Brigade": "11",
        "Time": "2017-05-14 07:51:52",
        "Lines": "18",
        "Lon": 21.0028,
        "Lat": 52.2903
      },
      {
        "Brigade": "11",
        "Time": "2017-05-14 07:52:02",
        "Lines": "18",
        "Lon": 21.0028,
        "Lat": 52.2904
      },
      {
        "Brigade": "11",
        "Time": "2017-05-14 07:52:13",
        "Lines": "18",
        "Lon": 21.0028,
        "Lat": 52.2904
      },
      {
        "Brigade": "11",
        "Time": "2017-05-14 07:52:23",
        "Lines": "18",
        "Lon": 21.0028,
        "Lat": 52.2904
      },
      {
        "Brigade": "11",
        "Time": "2017-05-14 07:52:34",
        "Lines": "18",
        "Lon": 21.0028,
        "Lat": 52.2904
      },
      {
        "Brigade": "11",
        "Time": "2017-05-14 07:52:44",
        "Lines": "18",
        "Lon": 21.0028,
        "Lat": 52.2904
      },
      {
        "Brigade": "11",
        "Time": "2017-05-14 07:52:55",
        "Lines": "18",
        "Lon": 21.0028,
        "Lat": 52.2904
      },
      {
        "Brigade": "11",
        "Time": "2017-05-14 07:53:05",
        "Lines": "18",
        "Lon": 21.0028,
        "Lat": 52.2904
      },
      {
        "Brigade": "11",
        "Time": "2017-05-14 07:53:21",
        "Lines": "18",
        "Lon": 21.0022,
        "Lat": 52.2905
      },
      {
        "Brigade": "11",
        "Time": "2017-05-14 07:53:31",
        "Lines": "18",
        "Lon": 21.0022,
        "Lat": 52.2905
      },
      {
        "Brigade": "11",
        "Time": "2017-05-14 07:53:42",
        "Lines": "18",
        "Lon": 21.0022,
        "Lat": 52.2905
      },
      {
        "Brigade": "11",
        "Time": "2017-05-14 07:53:52",
        "Lines": "18",
        "Lon": 21.0022,
        "Lat": 52.2905
      },
      {
        "Brigade": "11",
        "Time": "2017-05-14 07:54:03",
        "Lines": "18",
        "Lon": 21.0022,
        "Lat": 52.2905
      },
      {
        "Brigade": "11",
        "Time": "2017-05-14 07:54:13",
        "Lines": "18",
        "Lon": 21.0022,
        "Lat": 52.2905
      },
      {
        "Brigade": "11",
        "Time": "2017-05-14 07:54:24",
        "Lines": "18",
        "Lon": 21.0022,
        "Lat": 52.2905
      },
      {
        "Brigade": "11",
        "Time": "2017-05-14 07:54:34",
        "Lines": "18",
        "Lon": 21.0022,
        "Lat": 52.2905
      },
      {
        "Brigade": "11",
        "Time": "2017-05-14 07:54:45",
        "Lines": "18",
        "Lon": 21.0022,
        "Lat": 52.2905
      },
      {
        "Brigade": "11",
        "Time": "2017-05-14 07:54:55",
        "Lines": "18",
        "Lon": 21.0022,
        "Lat": 52.2905
      },
      {
        "Brigade": "11",
        "Time": "2017-05-14 07:55:11",
        "Lines": "18",
        "Lon": 21.0022,
        "Lat": 52.2905
      },
      {
        "Brigade": "11",
        "Time": "2017-05-14 07:55:21",
        "Lines": "18",
        "Lon": 21.0022,
        "Lat": 52.2905
      },
      {
        "Brigade": "11",
        "Time": "2017-05-14 07:55:32",
        "Lines": "18",
        "Lon": 21.0022,
        "Lat": 52.2905
      },
      {
        "Brigade": "11",
        "Time": "2017-05-14 07:55:42",
        "Lines": "18",
        "Lon": 21.0022,
        "Lat": 52.2905
      },
      {
        "Brigade": "11",
        "Time": "2017-05-14 07:55:53",
        "Lines": "18",
        "Lon": 21.0022,
        "Lat": 52.2905
      },
      {
        "Brigade": "11",
        "Time": "2017-05-14 07:56:03",
        "Lines": "18",
        "Lon": 21.0022,
        "Lat": 52.2905
      },
      {
        "Brigade": "11",
        "Time": "2017-05-14 07:56:14",
        "Lines": "18",
        "Lon": 21.0022,
        "Lat": 52.2905
      },
      {
        "Brigade": "11",
        "Time": "2017-05-14 07:56:24",
        "Lines": "18",
        "Lon": 21.0022,
        "Lat": 52.2905
      },
      {
        "Brigade": "11",
        "Time": "2017-05-14 07:56:35",
        "Lines": "18",
        "Lon": 21.0022,
        "Lat": 52.2905
      },
      {
        "Brigade": "11",
        "Time": "2017-05-14 07:56:45",
        "Lines": "18",
        "Lon": 21.0023,
        "Lat": 52.2905
      },
      {
        "Brigade": "11",
        "Time": "2017-05-14 07:57:01",
        "Lines": "18",
        "Lon": 21.0023,
        "Lat": 52.2905
      },
      {
        "Brigade": "11",
        "Time": "2017-05-14 07:57:12",
        "Lines": "18",
        "Lon": 21.0023,
        "Lat": 52.2905
      },
      {
        "Brigade": "11",
        "Time": "2017-05-14 07:57:22",
        "Lines": "18",
        "Lon": 21.0022,
        "Lat": 52.2905
      },
      {
        "Brigade": "11",
        "Time": "2017-05-14 07:57:32",
        "Lines": "18",
        "Lon": 21.0022,
        "Lat": 52.2905
      },
      {
        "Brigade": "11",
        "Time": "2017-05-14 07:57:43",
        "Lines": "18",
        "Lon": 21.0022,
        "Lat": 52.2905
      },
      {
        "Brigade": "11",
        "Time": "2017-05-14 07:57:53",
        "Lines": "18",
        "Lon": 21.0022,
        "Lat": 52.2905
      },
      {
        "Brigade": "11",
        "Time": "2017-05-14 07:58:04",
        "Lines": "18",
        "Lon": 21.0022,
        "Lat": 52.2905
      },
      {
        "Brigade": "11",
        "Time": "2017-05-14 07:58:14",
        "Lines": "18",
        "Lon": 21.0023,
        "Lat": 52.2905
      },
      {
        "Brigade": "11",
        "Time": "2017-05-14 07:58:25",
        "Lines": "18",
        "Lon": 21.0022,
        "Lat": 52.2905
      },
      {
        "Brigade": "11",
        "Time": "2017-05-14 07:58:35",
        "Lines": "18",
        "Lon": 21.0022,
        "Lat": 52.2905
      },
      {
        "Brigade": "11",
        "Time": "2017-05-14 07:58:51",
        "Lines": "18",
        "Lon": 21.0022,
        "Lat": 52.2906
      },
      {
        "Brigade": "11",
        "Time": "2017-05-14 07:59:02",
        "Lines": "18",
        "Lon": 21.0022,
        "Lat": 52.2906
      },
      {
        "Brigade": "11",
        "Time": "2017-05-14 07:59:12",
        "Lines": "18",
        "Lon": 21.0022,
        "Lat": 52.2906
      },
      {
        "Brigade": "11",
        "Time": "2017-05-14 07:59:23",
        "Lines": "18",
        "Lon": 21.0022,
        "Lat": 52.2906
      },
      {
        "Brigade": "11",
        "Time": "2017-05-14 07:59:33",
        "Lines": "18",
        "Lon": 21.0022,
        "Lat": 52.2906
      },
      {
        "Brigade": "11",
        "Time": "2017-05-14 07:59:44",
        "Lines": "18",
        "Lon": 21.0022,
        "Lat": 52.2906
      },
      {
        "Brigade": "11",
        "Time": "2017-05-14 07:59:54",
        "Lines": "18",
        "Lon": 21.0022,
        "Lat": 52.2906
      },
      {
        "Brigade": "11",
        "Time": "2017-05-14 08:00:05",
        "Lines": "18",
        "Lon": 21.0022,
        "Lat": 52.2906
      },
      {
        "Brigade": "11",
        "Time": "2017-05-14 08:00:15",
        "Lines": "18",
        "Lon": 21.0022,
        "Lat": 52.2906
      },
      {
        "Brigade": "11",
        "Time": "2017-05-14 08:00:25",
        "Lines": "18",
        "Lon": 21.0022,
        "Lat": 52.2906
      },
      {
        "Brigade": "11",
        "Time": "2017-05-14 08:00:36",
        "Lines": "18",
        "Lon": 21.0022,
        "Lat": 52.2906
      },
      {
        "Brigade": "11",
        "Time": "2017-05-14 08:00:52",
        "Lines": "18",
        "Lon": 21.0022,
        "Lat": 52.2906
      },
      {
        "Brigade": "11",
        "Time": "2017-05-14 08:01:02",
        "Lines": "18",
        "Lon": 21.0022,
        "Lat": 52.2906
      },
      {
        "Brigade": "11",
        "Time": "2017-05-14 08:01:13",
        "Lines": "18",
        "Lon": 21.0022,
        "Lat": 52.2906
      },
      {
        "Brigade": "11",
        "Time": "2017-05-14 08:01:24",
        "Lines": "18",
        "Lon": 21.0022,
        "Lat": 52.2906
      },
      {
        "Brigade": "11",
        "Time": "2017-05-14 08:01:34",
        "Lines": "18",
        "Lon": 21.0022,
        "Lat": 52.2906
      },
      {
        "Brigade": "11",
        "Time": "2017-05-14 08:01:44",
        "Lines": "18",
        "Lon": 21.0022,
        "Lat": 52.2906
      },
      {
        "Brigade": "11",
        "Time": "2017-05-14 08:01:55",
        "Lines": "18",
        "Lon": 21.0022,
        "Lat": 52.2906
      },
      {
        "Brigade": "11",
        "Time": "2017-05-14 08:02:05",
        "Lines": "18",
        "Lon": 21.0022,
        "Lat": 52.2906
      },
      {
        "Brigade": "11",
        "Time": "2017-05-14 08:02:16",
        "Lines": "18",
        "Lon": 21.0022,
        "Lat": 52.2906
      },
      {
        "Brigade": "11",
        "Time": "2017-05-14 08:02:31",
        "Lines": "18",
        "Lon": 21.0022,
        "Lat": 52.2906
      },
      {
        "Brigade": "11",
        "Time": "2017-05-14 08:02:42",
        "Lines": "18",
        "Lon": 21.0023,
        "Lat": 52.2905
      },
      {
        "Brigade": "11",
        "Time": "2017-05-14 08:02:52",
        "Lines": "18",
        "Lon": 21.0023,
        "Lat": 52.2905
      },
      {
        "Brigade": "11",
        "Time": "2017-05-14 08:03:03",
        "Lines": "18",
        "Lon": 21.0023,
        "Lat": 52.2905
      },
      {
        "Brigade": "11",
        "Time": "2017-05-14 08:03:13",
        "Lines": "18",
        "Lon": 21.0023,
        "Lat": 52.2905
      },
      {
        "Brigade": "11",
        "Time": "2017-05-14 08:03:24",
        "Lines": "18",
        "Lon": 21.0023,
        "Lat": 52.2905
      },
      {
        "Brigade": "11",
        "Time": "2017-05-14 08:03:34",
        "Lines": "18",
        "Lon": 21.0023,
        "Lat": 52.2905
      },
      {
        "Brigade": "11",
        "Time": "2017-05-14 08:03:45",
        "Lines": "18",
        "Lon": 21.0023,
        "Lat": 52.2905
      },
      {
        "Brigade": "11",
        "Time": "2017-05-14 08:03:55",
        "Lines": "18",
        "Lon": 21.0023,
        "Lat": 52.2905
      },
      {
        "Brigade": "11",
        "Time": "2017-05-14 08:04:06",
        "Lines": "18",
        "Lon": 21.0023,
        "Lat": 52.2905
      },
      {
        "Brigade": "11",
        "Time": "2017-05-14 08:04:16",
        "Lines": "18",
        "Lon": 21.0023,
        "Lat": 52.2905
      },
      {
        "Brigade": "11",
        "Time": "2017-05-14 08:04:32",
        "Lines": "18",
        "Lon": 21.0023,
        "Lat": 52.2905
      },
      {
        "Brigade": "11",
        "Time": "2017-05-14 08:04:42",
        "Lines": "18",
        "Lon": 21.0023,
        "Lat": 52.2905
      },
      {
        "Brigade": "11",
        "Time": "2017-05-14 08:04:53",
        "Lines": "18",
        "Lon": 21.0023,
        "Lat": 52.2905
      },
      {
        "Brigade": "11",
        "Time": "2017-05-14 08:05:03",
        "Lines": "18",
        "Lon": 21.0023,
        "Lat": 52.2905
      },
      {
        "Brigade": "11",
        "Time": "2017-05-14 08:05:14",
        "Lines": "18",
        "Lon": 21.0024,
        "Lat": 52.2905
      },
      {
        "Brigade": "11",
        "Time": "2017-05-14 08:05:25",
        "Lines": "18",
        "Lon": 21.0024,
        "Lat": 52.2905
      },
      {
        "Brigade": "11",
        "Time": "2017-05-14 08:05:35",
        "Lines": "18",
        "Lon": 21.0024,
        "Lat": 52.2905
      },
      {
        "Brigade": "11",
        "Time": "2017-05-14 08:05:45",
        "Lines": "18",
        "Lon": 21.0024,
        "Lat": 52.2905
      },
      {
        "Brigade": "11",
        "Time": "2017-05-14 08:05:56",
        "Lines": "18",
        "Lon": 21.0024,
        "Lat": 52.2905
      },
      {
        "Brigade": "11",
        "Time": "2017-05-14 08:06:06",
        "Lines": "18",
        "Lon": 21.0024,
        "Lat": 52.2905
      },
      {
        "Brigade": "11",
        "Time": "2017-05-14 08:06:17",
        "Lines": "18",
        "Lon": 21.0024,
        "Lat": 52.2905
      },
      {
        "Brigade": "11",
        "Time": "2017-05-14 08:06:27",
        "Lines": "18",
        "Lon": 21.0024,
        "Lat": 52.2905
      },
      {
        "Brigade": "11",
        "Time": "2017-05-14 08:06:43",
        "Lines": "18",
        "Lon": 21.0024,
        "Lat": 52.2905
      },
      {
        "Brigade": "11",
        "Time": "2017-05-14 08:06:54",
        "Lines": "18",
        "Lon": 21.0024,
        "Lat": 52.2905
      },
      {
        "Brigade": "11",
        "Time": "2017-05-14 08:07:04",
        "Lines": "18",
        "Lon": 21.0024,
        "Lat": 52.2905
      },
      {
        "Brigade": "11",
        "Time": "2017-05-14 08:07:15",
        "Lines": "18",
        "Lon": 21.0024,
        "Lat": 52.2905
      },
      {
        "Brigade": "11",
        "Time": "2017-05-14 08:07:25",
        "Lines": "18",
        "Lon": 21.0024,
        "Lat": 52.2905
      },
      {
        "Brigade": "11",
        "Time": "2017-05-14 08:07:36",
        "Lines": "18",
        "Lon": 21.0024,
        "Lat": 52.2905
      },
      {
        "Brigade": "11",
        "Time": "2017-05-14 08:07:46",
        "Lines": "18",
        "Lon": 21.0024,
        "Lat": 52.2905
      },
      {
        "Brigade": "11",
        "Time": "2017-05-14 08:07:57",
        "Lines": "18",
        "Lon": 21.0024,
        "Lat": 52.2905
      },
      {
        "Brigade": "11",
        "Time": "2017-05-14 08:08:12",
        "Lines": "18",
        "Lon": 21.0024,
        "Lat": 52.2905
      },
      {
        "Brigade": "11",
        "Time": "2017-05-14 08:08:23",
        "Lines": "18",
        "Lon": 21.0024,
        "Lat": 52.2905
      },
      {
        "Brigade": "11",
        "Time": "2017-05-14 08:08:28",
        "Lines": "18",
        "Lon": 21.0024,
        "Lat": 52.2905
      },
      {
        "Brigade": "11",
        "Time": "2017-05-14 08:08:44",
        "Lines": "18",
        "Lon": 21.0024,
        "Lat": 52.2905
      },
      {
        "Brigade": "11",
        "Time": "2017-05-14 08:08:54",
        "Lines": "18",
        "Lon": 21.0024,
        "Lat": 52.2905
      },
      {
        "Brigade": "11",
        "Time": "2017-05-14 08:09:05",
        "Lines": "18",
        "Lon": 21.0024,
        "Lat": 52.2905
      },
      {
        "Brigade": "11",
        "Time": "2017-05-14 08:09:15",
        "Lines": "18",
        "Lon": 21.0024,
        "Lat": 52.2905
      },
      {
        "Brigade": "11",
        "Time": "2017-05-14 08:09:26",
        "Lines": "18",
        "Lon": 21.0024,
        "Lat": 52.2905
      },
      {
        "Brigade": "11",
        "Time": "2017-05-14 08:09:36",
        "Lines": "18",
        "Lon": 21.0024,
        "Lat": 52.2905
      },
      {
        "Brigade": "11",
        "Time": "2017-05-14 08:09:47",
        "Lines": "18",
        "Lon": 21.0024,
        "Lat": 52.2905
      },
      {
        "Brigade": "11",
        "Time": "2017-05-14 08:09:57",
        "Lines": "18",
        "Lon": 21.0024,
        "Lat": 52.2905
      },
      {
        "Brigade": "11",
        "Time": "2017-05-14 08:10:13",
        "Lines": "18",
        "Lon": 21.0021,
        "Lat": 52.2907
      },
      {
        "Brigade": "11",
        "Time": "2017-05-14 08:10:24",
        "Lines": "18",
        "Lon": 21.0013,
        "Lat": 52.2907
      },
      {
        "Brigade": "11",
        "Time": "2017-05-14 08:10:34",
        "Lines": "18",
        "Lon": 21.0019,
        "Lat": 52.2904
      },
      {
        "Brigade": "11",
        "Time": "2017-05-14 08:10:44",
        "Lines": "18",
        "Lon": 21.0026,
        "Lat": 52.2902
      },
      {
        "Brigade": "11",
        "Time": "2017-05-14 08:10:55",
        "Lines": "18",
        "Lon": 21.0026,
        "Lat": 52.2901
      },
      {
        "Brigade": "11",
        "Time": "2017-05-14 08:11:05",
        "Lines": "18",
        "Lon": 21.0026,
        "Lat": 52.2901
      },
      {
        "Brigade": "11",
        "Time": "2017-05-14 08:11:16",
        "Lines": "18",
        "Lon": 21.0034,
        "Lat": 52.2896
      },
      {
        "Brigade": "11",
        "Time": "2017-05-14 08:11:26",
        "Lines": "18",
        "Lon": 21.0043,
        "Lat": 52.2887
      },
      {
        "Brigade": "11",
        "Time": "2017-05-14 08:11:42",
        "Lines": "18",
        "Lon": 21.0058,
        "Lat": 52.2872
      },
      {
        "Brigade": "11",
        "Time": "2017-05-14 08:11:53",
        "Lines": "18",
        "Lon": 21.0059,
        "Lat": 52.287
      },
      {
        "Brigade": "11",
        "Time": "2017-05-14 08:12:03",
        "Lines": "18",
        "Lon": 21.0066,
        "Lat": 52.2863
      },
      {
        "Brigade": "11",
        "Time": "2017-05-14 08:12:13",
        "Lines": "18",
        "Lon": 21.0075,
        "Lat": 52.285
      },
      {
        "Brigade": "11",
        "Time": "2017-05-14 08:12:24",
        "Lines": "18",
        "Lon": 21.0083,
        "Lat": 52.2837
      },
      {
        "Brigade": "11",
        "Time": "2017-05-14 08:12:34",
        "Lines": "18",
        "Lon": 21.009,
        "Lat": 52.2825
      },
      {
        "Brigade": "11",
        "Time": "2017-05-14 08:12:40",
        "Lines": "18",
        "Lon": 21.0093,
        "Lat": 52.282
      },
      {
        "Brigade": "11",
        "Time": "2017-05-14 08:12:56",
        "Lines": "18",
        "Lon": 21.0095,
        "Lat": 52.2818
      },
      {
        "Brigade": "11",
        "Time": "2017-05-14 08:13:06",
        "Lines": "18",
        "Lon": 21.0101,
        "Lat": 52.2808
      },
      {
        "Brigade": "11",
        "Time": "2017-05-14 08:13:16",
        "Lines": "18",
        "Lon": 21.0108,
        "Lat": 52.2796
      },
      {
        "Brigade": "11",
        "Time": "2017-05-14 08:13:27",
        "Lines": "18",
        "Lon": 21.0115,
        "Lat": 52.2785
      },
      {
        "Brigade": "11",
        "Time": "2017-05-14 08:13:43",
        "Lines": "18",
        "Lon": 21.0119,
        "Lat": 52.2779
      },
      {
        "Brigade": "11",
        "Time": "2017-05-14 08:13:53",
        "Lines": "18",
        "Lon": 21.0119,
        "Lat": 52.2779
      },
      {
        "Brigade": "11",
        "Time": "2017-05-14 08:14:04",
        "Lines": "18",
        "Lon": 21.0124,
        "Lat": 52.277
      },
      {
        "Brigade": "11",
        "Time": "2017-05-14 08:14:14",
        "Lines": "18",
        "Lon": 21.0132,
        "Lat": 52.2758
      },
      {
        "Brigade": "11",
        "Time": "2017-05-14 08:14:26",
        "Lines": "18",
        "Lon": 21.0139,
        "Lat": 52.2746
      },
      {
        "Brigade": "11",
        "Time": "2017-05-14 08:14:38",
        "Lines": "18",
        "Lon": 21.0141,
        "Lat": 52.2743
      },
      {
        "Brigade": "11",
        "Time": "2017-05-14 08:14:45",
        "Lines": "18",
        "Lon": 21.0141,
        "Lat": 52.2743
      },
      {
        "Brigade": "11",
        "Time": "2017-05-14 08:14:56",
        "Lines": "18",
        "Lon": 21.0144,
        "Lat": 52.2738
      },
      {
        "Brigade": "11",
        "Time": "2017-05-14 08:15:07",
        "Lines": "18",
        "Lon": 21.0145,
        "Lat": 52.2736
      },
      {
        "Brigade": "11",
        "Time": "2017-05-14 08:15:22",
        "Lines": "18",
        "Lon": 21.0147,
        "Lat": 52.2732
      },
      {
        "Brigade": "11",
        "Time": "2017-05-14 08:15:33",
        "Lines": "18",
        "Lon": 21.0154,
        "Lat": 52.2722
      },
      {
        "Brigade": "11",
        "Time": "2017-05-14 08:15:43",
        "Lines": "18",
        "Lon": 21.0162,
        "Lat": 52.2711
      },
      {
        "Brigade": "11",
        "Time": "2017-05-14 08:15:54",
        "Lines": "18",
        "Lon": 21.0168,
        "Lat": 52.2704
      },
      {
        "Brigade": "11",
        "Time": "2017-05-14 08:16:04",
        "Lines": "18",
        "Lon": 21.0168,
        "Lat": 52.2704
      },
      {
        "Brigade": "11",
        "Time": "2017-05-14 08:16:15",
        "Lines": "18",
        "Lon": 21.0171,
        "Lat": 52.2701
      },
      {
        "Brigade": "11",
        "Time": "2017-05-14 08:16:25",
        "Lines": "18",
        "Lon": 21.0183,
        "Lat": 52.2692
      },
      {
        "Brigade": "11",
        "Time": "2017-05-14 08:16:36",
        "Lines": "18",
        "Lon": 21.0195,
        "Lat": 52.2679
      },
      {
        "Brigade": "11",
        "Time": "2017-05-14 08:16:41",
        "Lines": "18",
        "Lon": 21.0198,
        "Lat": 52.2673
      },
      {
        "Brigade": "11",
        "Time": "2017-05-14 08:16:57",
        "Lines": "18",
        "Lon": 21.02,
        "Lat": 52.2665
      },
      {
        "Brigade": "11",
        "Time": "2017-05-14 08:17:12",
        "Lines": "18",
        "Lon": 21.02,
        "Lat": 52.2665
      },
      {
        "Brigade": "11",
        "Time": "2017-05-14 08:17:23",
        "Lines": "18",
        "Lon": 21.02,
        "Lat": 52.2665
      },
      {
        "Brigade": "11",
        "Time": "2017-05-14 08:17:33",
        "Lines": "18",
        "Lon": 21.0203,
        "Lat": 52.2658
      },
      {
        "Brigade": "11",
        "Time": "2017-05-14 08:17:44",
        "Lines": "18",
        "Lon": 21.0208,
        "Lat": 52.2646
      }
    ]
  }
]
