[
  {
    "res": [
      {
        "Brigade": "16",
        "Time": "2017-05-14 05:02:03",
        "Lines": "18",
        "Lon": 20.9427,
        "Lat": 52.2981
      },
      {
        "Brigade": "16",
        "Time": "2017-05-14 05:02:14",
        "Lines": "18",
        "Lon": 20.9428,
        "Lat": 52.2979
      },
      {
        "Brigade": "16",
        "Time": "2017-05-14 05:02:24",
        "Lines": "18",
        "Lon": 20.9434,
        "Lat": 52.2974
      },
      {
        "Brigade": "16",
        "Time": "2017-05-14 05:02:35",
        "Lines": "18",
        "Lon": 20.9444,
        "Lat": 52.2963
      },
      {
        "Brigade": "16",
        "Time": "2017-05-14 05:02:46",
        "Lines": "18",
        "Lon": 20.9453,
        "Lat": 52.2953
      },
      {
        "Brigade": "16",
        "Time": "2017-05-14 05:02:52",
        "Lines": "18",
        "Lon": 20.9457,
        "Lat": 52.2949
      },
      {
        "Brigade": "16",
        "Time": "2017-05-14 05:03:30",
        "Lines": "18",
        "Lon": 20.9478,
        "Lat": 52.2928
      },
      {
        "Brigade": "16",
        "Time": "2017-05-14 05:03:43",
        "Lines": "18",
        "Lon": 20.9493,
        "Lat": 52.2912
      },
      {
        "Brigade": "16",
        "Time": "2017-05-14 05:03:53",
        "Lines": "18",
        "Lon": 20.9502,
        "Lat": 52.2902
      },
      {
        "Brigade": "16",
        "Time": "2017-05-14 05:04:04",
        "Lines": "18",
        "Lon": 20.9503,
        "Lat": 52.29
      },
      {
        "Brigade": "16",
        "Time": "2017-05-14 05:04:14",
        "Lines": "18",
        "Lon": 20.9505,
        "Lat": 52.2899
      },
      {
        "Brigade": "16",
        "Time": "2017-05-14 05:04:25",
        "Lines": "18",
        "Lon": 20.9514,
        "Lat": 52.2889
      },
      {
        "Brigade": "16",
        "Time": "2017-05-14 05:04:35",
        "Lines": "18",
        "Lon": 20.9525,
        "Lat": 52.2878
      },
      {
        "Brigade": "16",
        "Time": "2017-05-14 05:04:46",
        "Lines": "18",
        "Lon": 20.9529,
        "Lat": 52.2873
      },
      {
        "Brigade": "16",
        "Time": "2017-05-14 05:04:56",
        "Lines": "18",
        "Lon": 20.9532,
        "Lat": 52.2871
      },
      {
        "Brigade": "16",
        "Time": "2017-05-14 05:05:07",
        "Lines": "18",
        "Lon": 20.9541,
        "Lat": 52.286
      },
      {
        "Brigade": "16",
        "Time": "2017-05-14 05:05:17",
        "Lines": "18",
        "Lon": 20.9547,
        "Lat": 52.2854
      },
      {
        "Brigade": "16",
        "Time": "2017-05-14 05:05:32",
        "Lines": "18",
        "Lon": 20.9552,
        "Lat": 52.2848
      },
      {
        "Brigade": "16",
        "Time": "2017-05-14 05:05:44",
        "Lines": "18",
        "Lon": 20.9559,
        "Lat": 52.284
      },
      {
        "Brigade": "16",
        "Time": "2017-05-14 05:05:54",
        "Lines": "18",
        "Lon": 20.9564,
        "Lat": 52.2834
      },
      {
        "Brigade": "16",
        "Time": "2017-05-14 05:06:05",
        "Lines": "18",
        "Lon": 20.9565,
        "Lat": 52.2833
      },
      {
        "Brigade": "16",
        "Time": "2017-05-14 05:06:15",
        "Lines": "18",
        "Lon": 20.9569,
        "Lat": 52.2828
      },
      {
        "Brigade": "16",
        "Time": "2017-05-14 05:06:26",
        "Lines": "18",
        "Lon": 20.958,
        "Lat": 52.2817
      },
      {
        "Brigade": "16",
        "Time": "2017-05-14 05:06:36",
        "Lines": "18",
        "Lon": 20.959,
        "Lat": 52.2807
      },
      {
        "Brigade": "16",
        "Time": "2017-05-14 05:06:47",
        "Lines": "18",
        "Lon": 20.9593,
        "Lat": 52.2803
      },
      {
        "Brigade": "16",
        "Time": "2017-05-14 05:06:57",
        "Lines": "18",
        "Lon": 20.9596,
        "Lat": 52.28
      },
      {
        "Brigade": "16",
        "Time": "2017-05-14 05:07:08",
        "Lines": "18",
        "Lon": 20.9604,
        "Lat": 52.2792
      },
      {
        "Brigade": "16",
        "Time": "2017-05-14 05:07:18",
        "Lines": "18",
        "Lon": 20.9612,
        "Lat": 52.2784
      },
      {
        "Brigade": "16",
        "Time": "2017-05-14 05:07:34",
        "Lines": "18",
        "Lon": 20.9626,
        "Lat": 52.2768
      },
      {
        "Brigade": "16",
        "Time": "2017-05-14 05:07:39",
        "Lines": "18",
        "Lon": 20.963,
        "Lat": 52.2764
      },
      {
        "Brigade": "16",
        "Time": "2017-05-14 05:07:55",
        "Lines": "18",
        "Lon": 20.964,
        "Lat": 52.2756
      },
      {
        "Brigade": "16",
        "Time": "2017-05-14 05:08:05",
        "Lines": "18",
        "Lon": 20.964,
        "Lat": 52.2756
      },
      {
        "Brigade": "16",
        "Time": "2017-05-14 05:08:15",
        "Lines": "18",
        "Lon": 20.964,
        "Lat": 52.2756
      },
      {
        "Brigade": "16",
        "Time": "2017-05-14 05:08:26",
        "Lines": "18",
        "Lon": 20.964,
        "Lat": 52.2756
      },
      {
        "Brigade": "16",
        "Time": "2017-05-14 05:08:36",
        "Lines": "18",
        "Lon": 20.9641,
        "Lat": 52.2755
      },
      {
        "Brigade": "16",
        "Time": "2017-05-14 05:08:47",
        "Lines": "18",
        "Lon": 20.9648,
        "Lat": 52.2749
      },
      {
        "Brigade": "16",
        "Time": "2017-05-14 05:08:57",
        "Lines": "18",
        "Lon": 20.9657,
        "Lat": 52.2743
      },
      {
        "Brigade": "16",
        "Time": "2017-05-14 05:09:08",
        "Lines": "18",
        "Lon": 20.9668,
        "Lat": 52.2738
      },
      {
        "Brigade": "16",
        "Time": "2017-05-14 05:09:24",
        "Lines": "18",
        "Lon": 20.9673,
        "Lat": 52.2735
      },
      {
        "Brigade": "16",
        "Time": "2017-05-14 05:09:34",
        "Lines": "18",
        "Lon": 20.9674,
        "Lat": 52.2734
      },
      {
        "Brigade": "16",
        "Time": "2017-05-14 05:09:45",
        "Lines": "18",
        "Lon": 20.9683,
        "Lat": 52.2731
      },
      {
        "Brigade": "16",
        "Time": "2017-05-14 05:09:55",
        "Lines": "18",
        "Lon": 20.9696,
        "Lat": 52.2727
      },
      {
        "Brigade": "16",
        "Time": "2017-05-14 05:10:05",
        "Lines": "18",
        "Lon": 20.9707,
        "Lat": 52.2724
      },
      {
        "Brigade": "16",
        "Time": "2017-05-14 05:10:16",
        "Lines": "18",
        "Lon": 20.9714,
        "Lat": 52.2723
      },
      {
        "Brigade": "16",
        "Time": "2017-05-14 05:10:27",
        "Lines": "18",
        "Lon": 20.972,
        "Lat": 52.2721
      },
      {
        "Brigade": "16",
        "Time": "2017-05-14 05:10:37",
        "Lines": "18",
        "Lon": 20.9724,
        "Lat": 52.2721
      },
      {
        "Brigade": "16",
        "Time": "2017-05-14 05:10:48",
        "Lines": "18",
        "Lon": 20.9731,
        "Lat": 52.272
      },
      {
        "Brigade": "16",
        "Time": "2017-05-14 05:10:58",
        "Lines": "18",
        "Lon": 20.9733,
        "Lat": 52.2719
      },
      {
        "Brigade": "16",
        "Time": "2017-05-14 05:11:14",
        "Lines": "18",
        "Lon": 20.9733,
        "Lat": 52.2719
      },
      {
        "Brigade": "16",
        "Time": "2017-05-14 05:11:24",
        "Lines": "18",
        "Lon": 20.9733,
        "Lat": 52.2719
      },
      {
        "Brigade": "16",
        "Time": "2017-05-14 05:11:35",
        "Lines": "18",
        "Lon": 20.9733,
        "Lat": 52.2719
      },
      {
        "Brigade": "16",
        "Time": "2017-05-14 05:11:45",
        "Lines": "18",
        "Lon": 20.9733,
        "Lat": 52.2719
      },
      {
        "Brigade": "16",
        "Time": "2017-05-14 05:11:56",
        "Lines": "18",
        "Lon": 20.9733,
        "Lat": 52.2719
      },
      {
        "Brigade": "16",
        "Time": "2017-05-14 05:12:06",
        "Lines": "18",
        "Lon": 20.9733,
        "Lat": 52.2719
      },
      {
        "Brigade": "16",
        "Time": "2017-05-14 05:12:17",
        "Lines": "18",
        "Lon": 20.9734,
        "Lat": 52.2719
      },
      {
        "Brigade": "16",
        "Time": "2017-05-14 05:12:27",
        "Lines": "18",
        "Lon": 20.9742,
        "Lat": 52.2716
      },
      {
        "Brigade": "16",
        "Time": "2017-05-14 05:12:38",
        "Lines": "18",
        "Lon": 20.9754,
        "Lat": 52.2713
      },
      {
        "Brigade": "16",
        "Time": "2017-05-14 05:12:53",
        "Lines": "18",
        "Lon": 20.9782,
        "Lat": 52.2707
      },
      {
        "Brigade": "16",
        "Time": "2017-05-14 05:12:59",
        "Lines": "18",
        "Lon": 20.9792,
        "Lat": 52.2705
      },
      {
        "Brigade": "16",
        "Time": "2017-05-14 05:13:14",
        "Lines": "18",
        "Lon": 20.9808,
        "Lat": 52.2702
      },
      {
        "Brigade": "16",
        "Time": "2017-05-14 05:13:25",
        "Lines": "18",
        "Lon": 20.981,
        "Lat": 52.2701
      },
      {
        "Brigade": "16",
        "Time": "2017-05-14 05:13:35",
        "Lines": "18",
        "Lon": 20.9823,
        "Lat": 52.2699
      },
      {
        "Brigade": "16",
        "Time": "2017-05-14 05:13:46",
        "Lines": "18",
        "Lon": 20.9839,
        "Lat": 52.2695
      },
      {
        "Brigade": "16",
        "Time": "2017-05-14 05:13:51",
        "Lines": "18",
        "Lon": 20.9846,
        "Lat": 52.2694
      },
      {
        "Brigade": "16",
        "Time": "2017-05-14 05:14:07",
        "Lines": "18",
        "Lon": 20.985,
        "Lat": 52.2693
      },
      {
        "Brigade": "16",
        "Time": "2017-05-14 05:14:17",
        "Lines": "18",
        "Lon": 20.985,
        "Lat": 52.2693
      },
      {
        "Brigade": "16",
        "Time": "2017-05-14 05:14:28",
        "Lines": "18",
        "Lon": 20.9851,
        "Lat": 52.2692
      },
      {
        "Brigade": "16",
        "Time": "2017-05-14 05:14:38",
        "Lines": "18",
        "Lon": 20.9861,
        "Lat": 52.269
      },
      {
        "Brigade": "16",
        "Time": "2017-05-14 05:14:54",
        "Lines": "18",
        "Lon": 20.987,
        "Lat": 52.2684
      },
      {
        "Brigade": "16",
        "Time": "2017-05-14 05:15:04",
        "Lines": "18",
        "Lon": 20.9878,
        "Lat": 52.2675
      },
      {
        "Brigade": "16",
        "Time": "2017-05-14 05:15:15",
        "Lines": "18",
        "Lon": 20.9887,
        "Lat": 52.2665
      },
      {
        "Brigade": "16",
        "Time": "2017-05-14 05:15:26",
        "Lines": "18",
        "Lon": 20.9895,
        "Lat": 52.2656
      },
      {
        "Brigade": "16",
        "Time": "2017-05-14 05:15:36",
        "Lines": "18",
        "Lon": 20.9897,
        "Lat": 52.2654
      },
      {
        "Brigade": "16",
        "Time": "2017-05-14 05:15:46",
        "Lines": "18",
        "Lon": 20.9897,
        "Lat": 52.2654
      },
      {
        "Brigade": "16",
        "Time": "2017-05-14 05:15:57",
        "Lines": "18",
        "Lon": 20.9897,
        "Lat": 52.2654
      },
      {
        "Brigade": "16",
        "Time": "2017-05-14 05:16:07",
        "Lines": "18",
        "Lon": 20.9897,
        "Lat": 52.2654
      },
      {
        "Brigade": "16",
        "Time": "2017-05-14 05:16:19",
        "Lines": "18",
        "Lon": 20.9903,
        "Lat": 52.2648
      },
      {
        "Brigade": "16",
        "Time": "2017-05-14 05:16:34",
        "Lines": "18",
        "Lon": 20.9914,
        "Lat": 52.2635
      },
      {
        "Brigade": "16",
        "Time": "2017-05-14 05:16:44",
        "Lines": "18",
        "Lon": 20.9921,
        "Lat": 52.2628
      },
      {
        "Brigade": "16",
        "Time": "2017-05-14 05:16:55",
        "Lines": "18",
        "Lon": 20.9928,
        "Lat": 52.2622
      },
      {
        "Brigade": "16",
        "Time": "2017-05-14 05:17:05",
        "Lines": "18",
        "Lon": 20.993,
        "Lat": 52.262
      },
      {
        "Brigade": "16",
        "Time": "2017-05-14 05:17:18",
        "Lines": "18",
        "Lon": 20.993,
        "Lat": 52.262
      },
      {
        "Brigade": "16",
        "Time": "2017-05-14 05:17:27",
        "Lines": "18",
        "Lon": 20.9935,
        "Lat": 52.2616
      },
      {
        "Brigade": "16",
        "Time": "2017-05-14 05:17:39",
        "Lines": "18",
        "Lon": 20.9942,
        "Lat": 52.2608
      },
      {
        "Brigade": "16",
        "Time": "2017-05-14 05:17:47",
        "Lines": "18",
        "Lon": 20.9948,
        "Lat": 52.2601
      },
      {
        "Brigade": "16",
        "Time": "2017-05-14 05:17:58",
        "Lines": "18",
        "Lon": 20.9954,
        "Lat": 52.2591
      },
      {
        "Brigade": "16",
        "Time": "2017-05-14 05:18:24",
        "Lines": "18",
        "Lon": 20.9961,
        "Lat": 52.258
      },
      {
        "Brigade": "16",
        "Time": "2017-05-14 05:18:34",
        "Lines": "18",
        "Lon": 20.9964,
        "Lat": 52.2576
      },
      {
        "Brigade": "16",
        "Time": "2017-05-14 05:18:45",
        "Lines": "18",
        "Lon": 20.9969,
        "Lat": 52.2568
      },
      {
        "Brigade": "16",
        "Time": "2017-05-14 05:18:55",
        "Lines": "18",
        "Lon": 20.9973,
        "Lat": 52.256
      },
      {
        "Brigade": "16",
        "Time": "2017-05-14 05:19:06",
        "Lines": "18",
        "Lon": 20.9974,
        "Lat": 52.2557
      },
      {
        "Brigade": "16",
        "Time": "2017-05-14 05:19:16",
        "Lines": "18",
        "Lon": 20.9975,
        "Lat": 52.2551
      },
      {
        "Brigade": "16",
        "Time": "2017-05-14 05:19:27",
        "Lines": "18",
        "Lon": 20.9976,
        "Lat": 52.2546
      },
      {
        "Brigade": "16",
        "Time": "2017-05-14 05:19:43",
        "Lines": "18",
        "Lon": 20.9978,
        "Lat": 52.2541
      },
      {
        "Brigade": "16",
        "Time": "2017-05-14 05:19:53",
        "Lines": "18",
        "Lon": 20.9978,
        "Lat": 52.2541
      },
      {
        "Brigade": "16",
        "Time": "2017-05-14 05:20:03",
        "Lines": "18",
        "Lon": 20.9978,
        "Lat": 52.254
      },
      {
        "Brigade": "16",
        "Time": "2017-05-14 05:20:15",
        "Lines": "18",
        "Lon": 20.9979,
        "Lat": 52.2536
      },
      {
        "Brigade": "16",
        "Time": "2017-05-14 05:20:25",
        "Lines": "18",
        "Lon": 20.998,
        "Lat": 52.2532
      },
      {
        "Brigade": "16",
        "Time": "2017-05-14 05:20:35",
        "Lines": "18",
        "Lon": 20.9982,
        "Lat": 52.2521
      },
      {
        "Brigade": "16",
        "Time": "2017-05-14 05:20:45",
        "Lines": "18",
        "Lon": 20.9985,
        "Lat": 52.251
      },
      {
        "Brigade": "16",
        "Time": "2017-05-14 05:20:51",
        "Lines": "18",
        "Lon": 20.9986,
        "Lat": 52.2504
      },
      {
        "Brigade": "16",
        "Time": "2017-05-14 05:21:12",
        "Lines": "18",
        "Lon": 20.9988,
        "Lat": 52.2496
      },
      {
        "Brigade": "16",
        "Time": "2017-05-14 05:21:22",
        "Lines": "18",
        "Lon": 20.9989,
        "Lat": 52.249
      },
      {
        "Brigade": "16",
        "Time": "2017-05-14 05:21:33",
        "Lines": "18",
        "Lon": 20.9992,
        "Lat": 52.2477
      },
      {
        "Brigade": "16",
        "Time": "2017-05-14 05:21:43",
        "Lines": "18",
        "Lon": 20.9996,
        "Lat": 52.2466
      },
      {
        "Brigade": "16",
        "Time": "2017-05-14 05:21:54",
        "Lines": "18",
        "Lon": 21.0002,
        "Lat": 52.2457
      },
      {
        "Brigade": "16",
        "Time": "2017-05-14 05:22:04",
        "Lines": "18",
        "Lon": 21.0006,
        "Lat": 52.2452
      },
      {
        "Brigade": "16",
        "Time": "2017-05-14 05:22:15",
        "Lines": "18",
        "Lon": 21.0006,
        "Lat": 52.2452
      },
      {
        "Brigade": "16",
        "Time": "2017-05-14 05:22:30",
        "Lines": "18",
        "Lon": 21.001,
        "Lat": 52.2447
      },
      {
        "Brigade": "16",
        "Time": "2017-05-14 05:22:41",
        "Lines": "18",
        "Lon": 21.001,
        "Lat": 52.2447
      },
      {
        "Brigade": "16",
        "Time": "2017-05-14 05:22:51",
        "Lines": "18",
        "Lon": 21.001,
        "Lat": 52.2447
      },
      {
        "Brigade": "16",
        "Time": "2017-05-14 05:23:02",
        "Lines": "18",
        "Lon": 21.0014,
        "Lat": 52.2443
      },
      {
        "Brigade": "16",
        "Time": "2017-05-14 05:23:12",
        "Lines": "18",
        "Lon": 21.002,
        "Lat": 52.2438
      },
      {
        "Brigade": "16",
        "Time": "2017-05-14 05:23:23",
        "Lines": "18",
        "Lon": 21.0025,
        "Lat": 52.2434
      },
      {
        "Brigade": "16",
        "Time": "2017-05-14 05:23:33",
        "Lines": "18",
        "Lon": 21.0025,
        "Lat": 52.2434
      },
      {
        "Brigade": "16",
        "Time": "2017-05-14 05:23:44",
        "Lines": "18",
        "Lon": 21.0025,
        "Lat": 52.2434
      },
      {
        "Brigade": "16",
        "Time": "2017-05-14 05:23:54",
        "Lines": "18",
        "Lon": 21.0029,
        "Lat": 52.243
      },
      {
        "Brigade": "16",
        "Time": "2017-05-14 05:24:05",
        "Lines": "18",
        "Lon": 21.0037,
        "Lat": 52.2425
      },
      {
        "Brigade": "16",
        "Time": "2017-05-14 05:24:15",
        "Lines": "18",
        "Lon": 21.0041,
        "Lat": 52.242
      },
      {
        "Brigade": "16",
        "Time": "2017-05-14 05:24:31",
        "Lines": "18",
        "Lon": 21.0049,
        "Lat": 52.2409
      },
      {
        "Brigade": "16",
        "Time": "2017-05-14 05:24:52",
        "Lines": "18",
        "Lon": 21.0058,
        "Lat": 52.239
      },
      {
        "Brigade": "16",
        "Time": "2017-05-14 05:25:02",
        "Lines": "18",
        "Lon": 21.0064,
        "Lat": 52.2386
      },
      {
        "Brigade": "16",
        "Time": "2017-05-14 05:25:13",
        "Lines": "18",
        "Lon": 21.0064,
        "Lat": 52.2386
      },
      {
        "Brigade": "16",
        "Time": "2017-05-14 05:25:23",
        "Lines": "18",
        "Lon": 21.0064,
        "Lat": 52.2386
      },
      {
        "Brigade": "16",
        "Time": "2017-05-14 05:25:34",
        "Lines": "18",
        "Lon": 21.0064,
        "Lat": 52.2386
      },
      {
        "Brigade": "16",
        "Time": "2017-05-14 05:25:50",
        "Lines": "18",
        "Lon": 21.0064,
        "Lat": 52.2386
      },
      {
        "Brigade": "16",
        "Time": "2017-05-14 05:26:00",
        "Lines": "18",
        "Lon": 21.0064,
        "Lat": 52.2386
      },
      {
        "Brigade": "16",
        "Time": "2017-05-14 05:26:11",
        "Lines": "18",
        "Lon": 21.0064,
        "Lat": 52.2386
      },
      {
        "Brigade": "16",
        "Time": "2017-05-14 05:26:21",
        "Lines": "18",
        "Lon": 21.0066,
        "Lat": 52.2384
      },
      {
        "Brigade": "16",
        "Time": "2017-05-14 05:26:32",
        "Lines": "18",
        "Lon": 21.0072,
        "Lat": 52.2374
      },
      {
        "Brigade": "16",
        "Time": "2017-05-14 05:26:44",
        "Lines": "18",
        "Lon": 21.008,
        "Lat": 52.2362
      },
      {
        "Brigade": "16",
        "Time": "2017-05-14 05:26:47",
        "Lines": "18",
        "Lon": 21.0082,
        "Lat": 52.2357
      },
      {
        "Brigade": "16",
        "Time": "2017-05-14 05:27:03",
        "Lines": "18",
        "Lon": 21.0083,
        "Lat": 52.2356
      },
      {
        "Brigade": "16",
        "Time": "2017-05-14 05:27:13",
        "Lines": "18",
        "Lon": 21.0086,
        "Lat": 52.2351
      },
      {
        "Brigade": "16",
        "Time": "2017-05-14 05:27:24",
        "Lines": "18",
        "Lon": 21.0093,
        "Lat": 52.2339
      },
      {
        "Brigade": "16",
        "Time": "2017-05-14 05:27:34",
        "Lines": "18",
        "Lon": 21.0101,
        "Lat": 52.2325
      },
      {
        "Brigade": "16",
        "Time": "2017-05-14 05:27:50",
        "Lines": "18",
        "Lon": 21.0112,
        "Lat": 52.2307
      },
      {
        "Brigade": "16",
        "Time": "2017-05-14 05:28:01",
        "Lines": "18",
        "Lon": 21.0115,
        "Lat": 52.2302
      },
      {
        "Brigade": "16",
        "Time": "2017-05-14 05:28:11",
        "Lines": "18",
        "Lon": 21.0115,
        "Lat": 52.2302
      },
      {
        "Brigade": "16",
        "Time": "2017-05-14 05:28:22",
        "Lines": "18",
        "Lon": 21.0115,
        "Lat": 52.2302
      },
      {
        "Brigade": "16",
        "Time": "2017-05-14 05:28:32",
        "Lines": "18",
        "Lon": 21.0115,
        "Lat": 52.2302
      },
      {
        "Brigade": "16",
        "Time": "2017-05-14 05:28:43",
        "Lines": "18",
        "Lon": 21.0115,
        "Lat": 52.2302
      },
      {
        "Brigade": "16",
        "Time": "2017-05-14 05:28:53",
        "Lines": "18",
        "Lon": 21.0115,
        "Lat": 52.2302
      },
      {
        "Brigade": "16",
        "Time": "2017-05-14 05:29:04",
        "Lines": "18",
        "Lon": 21.0117,
        "Lat": 52.2298
      },
      {
        "Brigade": "16",
        "Time": "2017-05-14 05:29:14",
        "Lines": "18",
        "Lon": 21.0122,
        "Lat": 52.229
      },
      {
        "Brigade": "16",
        "Time": "2017-05-14 05:29:30",
        "Lines": "18",
        "Lon": 21.0132,
        "Lat": 52.2274
      },
      {
        "Brigade": "16",
        "Time": "2017-05-14 05:29:40",
        "Lines": "18",
        "Lon": 21.0133,
        "Lat": 52.2272
      },
      {
        "Brigade": "16",
        "Time": "2017-05-14 05:29:51",
        "Lines": "18",
        "Lon": 21.0133,
        "Lat": 52.2272
      },
      {
        "Brigade": "16",
        "Time": "2017-05-14 05:30:01",
        "Lines": "18",
        "Lon": 21.0133,
        "Lat": 52.2272
      },
      {
        "Brigade": "16",
        "Time": "2017-05-14 05:30:12",
        "Lines": "18",
        "Lon": 21.0133,
        "Lat": 52.2272
      },
      {
        "Brigade": "16",
        "Time": "2017-05-14 05:30:22",
        "Lines": "18",
        "Lon": 21.0135,
        "Lat": 52.2269
      },
      {
        "Brigade": "16",
        "Time": "2017-05-14 05:30:33",
        "Lines": "18",
        "Lon": 21.0142,
        "Lat": 52.2257
      },
      {
        "Brigade": "16",
        "Time": "2017-05-14 05:30:43",
        "Lines": "18",
        "Lon": 21.0151,
        "Lat": 52.2243
      },
      {
        "Brigade": "16",
        "Time": "2017-05-14 05:30:59",
        "Lines": "18",
        "Lon": 21.0156,
        "Lat": 52.2234
      },
      {
        "Brigade": "16",
        "Time": "2017-05-14 05:31:09",
        "Lines": "18",
        "Lon": 21.0156,
        "Lat": 52.2234
      },
      {
        "Brigade": "16",
        "Time": "2017-05-14 05:31:20",
        "Lines": "18",
        "Lon": 21.0156,
        "Lat": 52.2234
      },
      {
        "Brigade": "16",
        "Time": "2017-05-14 05:31:32",
        "Lines": "18",
        "Lon": 21.0156,
        "Lat": 52.2234
      },
      {
        "Brigade": "16",
        "Time": "2017-05-14 05:31:52",
        "Lines": "18",
        "Lon": 21.0166,
        "Lat": 52.2219
      },
      {
        "Brigade": "16",
        "Time": "2017-05-14 05:31:57",
        "Lines": "18",
        "Lon": 21.0168,
        "Lat": 52.2216
      },
      {
        "Brigade": "16",
        "Time": "2017-05-14 05:32:34",
        "Lines": "18",
        "Lon": 21.0177,
        "Lat": 52.22
      },
      {
        "Brigade": "16",
        "Time": "2017-05-14 05:32:49",
        "Lines": "18",
        "Lon": 21.0183,
        "Lat": 52.2192
      },
      {
        "Brigade": "16",
        "Time": "2017-05-14 05:33:00",
        "Lines": "18",
        "Lon": 21.0188,
        "Lat": 52.2183
      },
      {
        "Brigade": "16",
        "Time": "2017-05-14 05:33:10",
        "Lines": "18",
        "Lon": 21.019,
        "Lat": 52.2181
      },
      {
        "Brigade": "16",
        "Time": "2017-05-14 05:33:21",
        "Lines": "18",
        "Lon": 21.0192,
        "Lat": 52.2176
      },
      {
        "Brigade": "16",
        "Time": "2017-05-14 05:33:31",
        "Lines": "18",
        "Lon": 21.0193,
        "Lat": 52.2175
      },
      {
        "Brigade": "16",
        "Time": "2017-05-14 05:33:42",
        "Lines": "18",
        "Lon": 21.0195,
        "Lat": 52.2171
      },
      {
        "Brigade": "16",
        "Time": "2017-05-14 05:33:52",
        "Lines": "18",
        "Lon": 21.0197,
        "Lat": 52.2168
      },
      {
        "Brigade": "16",
        "Time": "2017-05-14 05:34:02",
        "Lines": "18",
        "Lon": 21.0202,
        "Lat": 52.2161
      },
      {
        "Brigade": "16",
        "Time": "2017-05-14 05:34:13",
        "Lines": "18",
        "Lon": 21.0209,
        "Lat": 52.2149
      },
      {
        "Brigade": "16",
        "Time": "2017-05-14 05:34:21",
        "Lines": "18",
        "Lon": 21.0212,
        "Lat": 52.2144
      },
      {
        "Brigade": "16",
        "Time": "2017-05-14 05:34:39",
        "Lines": "18",
        "Lon": 21.0213,
        "Lat": 52.2141
      },
      {
        "Brigade": "16",
        "Time": "2017-05-14 05:34:50",
        "Lines": "18",
        "Lon": 21.0213,
        "Lat": 52.2141
      },
      {
        "Brigade": "16",
        "Time": "2017-05-14 05:35:00",
        "Lines": "18",
        "Lon": 21.0213,
        "Lat": 52.2141
      },
      {
        "Brigade": "16",
        "Time": "2017-05-14 05:35:11",
        "Lines": "18",
        "Lon": 21.0214,
        "Lat": 52.214
      },
      {
        "Brigade": "16",
        "Time": "2017-05-14 05:35:21",
        "Lines": "18",
        "Lon": 21.0213,
        "Lat": 52.2132
      },
      {
        "Brigade": "16",
        "Time": "2017-05-14 05:35:32",
        "Lines": "18",
        "Lon": 21.0209,
        "Lat": 52.2124
      },
      {
        "Brigade": "16",
        "Time": "2017-05-14 05:35:43",
        "Lines": "18",
        "Lon": 21.0206,
        "Lat": 52.212
      },
      {
        "Brigade": "16",
        "Time": "2017-05-14 05:35:53",
        "Lines": "18",
        "Lon": 21.0206,
        "Lat": 52.212
      },
      {
        "Brigade": "16",
        "Time": "2017-05-14 05:36:08",
        "Lines": "18",
        "Lon": 21.0206,
        "Lat": 52.212
      },
      {
        "Brigade": "16",
        "Time": "2017-05-14 05:36:19",
        "Lines": "18",
        "Lon": 21.0206,
        "Lat": 52.212
      },
      {
        "Brigade": "16",
        "Time": "2017-05-14 05:36:29",
        "Lines": "18",
        "Lon": 21.0206,
        "Lat": 52.212
      },
      {
        "Brigade": "16",
        "Time": "2017-05-14 05:36:40",
        "Lines": "18",
        "Lon": 21.0206,
        "Lat": 52.2113
      },
      {
        "Brigade": "16",
        "Time": "2017-05-14 05:36:50",
        "Lines": "18",
        "Lon": 21.021,
        "Lat": 52.2102
      },
      {
        "Brigade": "16",
        "Time": "2017-05-14 05:37:01",
        "Lines": "18",
        "Lon": 21.0214,
        "Lat": 52.2092
      },
      {
        "Brigade": "16",
        "Time": "2017-05-14 05:37:11",
        "Lines": "18",
        "Lon": 21.0215,
        "Lat": 52.2091
      },
      {
        "Brigade": "16",
        "Time": "2017-05-14 05:37:22",
        "Lines": "18",
        "Lon": 21.0215,
        "Lat": 52.2091
      },
      {
        "Brigade": "16",
        "Time": "2017-05-14 05:37:32",
        "Lines": "18",
        "Lon": 21.0215,
        "Lat": 52.2091
      },
      {
        "Brigade": "16",
        "Time": "2017-05-14 05:37:48",
        "Lines": "18",
        "Lon": 21.0215,
        "Lat": 52.209
      },
      {
        "Brigade": "16",
        "Time": "2017-05-14 05:37:59",
        "Lines": "18",
        "Lon": 21.0218,
        "Lat": 52.2082
      },
      {
        "Brigade": "16",
        "Time": "2017-05-14 05:38:10",
        "Lines": "18",
        "Lon": 21.022,
        "Lat": 52.2076
      },
      {
        "Brigade": "16",
        "Time": "2017-05-14 05:38:20",
        "Lines": "18",
        "Lon": 21.0221,
        "Lat": 52.2075
      },
      {
        "Brigade": "16",
        "Time": "2017-05-14 05:38:32",
        "Lines": "18",
        "Lon": 21.0225,
        "Lat": 52.2066
      },
      {
        "Brigade": "16",
        "Time": "2017-05-14 05:38:36",
        "Lines": "18",
        "Lon": 21.0227,
        "Lat": 52.2061
      },
      {
        "Brigade": "16",
        "Time": "2017-05-14 05:38:51",
        "Lines": "18",
        "Lon": 21.0229,
        "Lat": 52.205
      },
      {
        "Brigade": "16",
        "Time": "2017-05-14 05:39:01",
        "Lines": "18",
        "Lon": 21.023,
        "Lat": 52.2048
      },
      {
        "Brigade": "16",
        "Time": "2017-05-14 05:39:12",
        "Lines": "18",
        "Lon": 21.023,
        "Lat": 52.2048
      },
      {
        "Brigade": "16",
        "Time": "2017-05-14 05:39:22",
        "Lines": "18",
        "Lon": 21.0231,
        "Lat": 52.2042
      },
      {
        "Brigade": "16",
        "Time": "2017-05-14 05:39:33",
        "Lines": "18",
        "Lon": 21.0233,
        "Lat": 52.2034
      },
      {
        "Brigade": "16",
        "Time": "2017-05-14 05:39:49",
        "Lines": "18",
        "Lon": 21.0234,
        "Lat": 52.2023
      },
      {
        "Brigade": "16",
        "Time": "2017-05-14 05:39:59",
        "Lines": "18",
        "Lon": 21.0235,
        "Lat": 52.2022
      },
      {
        "Brigade": "16",
        "Time": "2017-05-14 05:40:10",
        "Lines": "18",
        "Lon": 21.0235,
        "Lat": 52.2022
      },
      {
        "Brigade": "16",
        "Time": "2017-05-14 05:40:20",
        "Lines": "18",
        "Lon": 21.0235,
        "Lat": 52.2022
      },
      {
        "Brigade": "16",
        "Time": "2017-05-14 05:40:31",
        "Lines": "18",
        "Lon": 21.0235,
        "Lat": 52.2018
      },
      {
        "Brigade": "16",
        "Time": "2017-05-14 05:40:41",
        "Lines": "18",
        "Lon": 21.0237,
        "Lat": 52.201
      },
      {
        "Brigade": "16",
        "Time": "2017-05-14 05:40:52",
        "Lines": "18",
        "Lon": 21.0238,
        "Lat": 52.2004
      },
      {
        "Brigade": "16",
        "Time": "2017-05-14 05:41:07",
        "Lines": "18",
        "Lon": 21.0239,
        "Lat": 52.1989
      },
      {
        "Brigade": "16",
        "Time": "2017-05-14 05:41:18",
        "Lines": "18",
        "Lon": 21.024,
        "Lat": 52.1981
      },
      {
        "Brigade": "16",
        "Time": "2017-05-14 05:41:28",
        "Lines": "18",
        "Lon": 21.0241,
        "Lat": 52.1977
      },
      {
        "Brigade": "16",
        "Time": "2017-05-14 05:41:39",
        "Lines": "18",
        "Lon": 21.0241,
        "Lat": 52.1972
      },
      {
        "Brigade": "16",
        "Time": "2017-05-14 05:41:49",
        "Lines": "18",
        "Lon": 21.0241,
        "Lat": 52.1968
      },
      {
        "Brigade": "16",
        "Time": "2017-05-14 05:42:00",
        "Lines": "18",
        "Lon": 21.0241,
        "Lat": 52.1968
      },
      {
        "Brigade": "16",
        "Time": "2017-05-14 05:42:10",
        "Lines": "18",
        "Lon": 21.0241,
        "Lat": 52.1968
      },
      {
        "Brigade": "16",
        "Time": "2017-05-14 05:42:21",
        "Lines": "18",
        "Lon": 21.0241,
        "Lat": 52.1965
      },
      {
        "Brigade": "16",
        "Time": "2017-05-14 05:42:31",
        "Lines": "18",
        "Lon": 21.0242,
        "Lat": 52.1955
      },
      {
        "Brigade": "16",
        "Time": "2017-05-14 05:42:42",
        "Lines": "18",
        "Lon": 21.0243,
        "Lat": 52.1947
      },
      {
        "Brigade": "16",
        "Time": "2017-05-14 05:42:52",
        "Lines": "18",
        "Lon": 21.0243,
        "Lat": 52.1941
      },
      {
        "Brigade": "16",
        "Time": "2017-05-14 05:43:08",
        "Lines": "18",
        "Lon": 21.0243,
        "Lat": 52.1939
      },
      {
        "Brigade": "16",
        "Time": "2017-05-14 05:43:18",
        "Lines": "18",
        "Lon": 21.0243,
        "Lat": 52.1937
      },
      {
        "Brigade": "16",
        "Time": "2017-05-14 05:43:29",
        "Lines": "18",
        "Lon": 21.0244,
        "Lat": 52.193
      },
      {
        "Brigade": "16",
        "Time": "2017-05-14 05:43:39",
        "Lines": "18",
        "Lon": 21.0245,
        "Lat": 52.192
      },
      {
        "Brigade": "16",
        "Time": "2017-05-14 05:43:50",
        "Lines": "18",
        "Lon": 21.0245,
        "Lat": 52.1911
      },
      {
        "Brigade": "16",
        "Time": "2017-05-14 05:44:01",
        "Lines": "18",
        "Lon": 21.0246,
        "Lat": 52.1904
      },
      {
        "Brigade": "16",
        "Time": "2017-05-14 05:44:11",
        "Lines": "18",
        "Lon": 21.0246,
        "Lat": 52.1902
      },
      {
        "Brigade": "16",
        "Time": "2017-05-14 05:44:21",
        "Lines": "18",
        "Lon": 21.0246,
        "Lat": 52.1902
      },
      {
        "Brigade": "16",
        "Time": "2017-05-14 05:44:32",
        "Lines": "18",
        "Lon": 21.0246,
        "Lat": 52.1902
      },
      {
        "Brigade": "16",
        "Time": "2017-05-14 05:44:48",
        "Lines": "18",
        "Lon": 21.0246,
        "Lat": 52.1902
      },
      {
        "Brigade": "16",
        "Time": "2017-05-14 05:44:58",
        "Lines": "18",
        "Lon": 21.0246,
        "Lat": 52.1902
      },
      {
        "Brigade": "16",
        "Time": "2017-05-14 05:45:09",
        "Lines": "18",
        "Lon": 21.0246,
        "Lat": 52.1902
      },
      {
        "Brigade": "16",
        "Time": "2017-05-14 05:45:19",
        "Lines": "18",
        "Lon": 21.0246,
        "Lat": 52.1902
      },
      {
        "Brigade": "16",
        "Time": "2017-05-14 05:45:30",
        "Lines": "18",
        "Lon": 21.0246,
        "Lat": 52.1902
      },
      {
        "Brigade": "16",
        "Time": "2017-05-14 05:45:40",
        "Lines": "18",
        "Lon": 21.0246,
        "Lat": 52.1902
      },
      {
        "Brigade": "16",
        "Time": "2017-05-14 05:45:50",
        "Lines": "18",
        "Lon": 21.0246,
        "Lat": 52.1902
      },
      {
        "Brigade": "16",
        "Time": "2017-05-14 05:46:02",
        "Lines": "18",
        "Lon": 21.0243,
        "Lat": 52.1898
      },
      {
        "Brigade": "16",
        "Time": "2017-05-14 05:46:14",
        "Lines": "18",
        "Lon": 21.0234,
        "Lat": 52.1898
      },
      {
        "Brigade": "16",
        "Time": "2017-05-14 05:46:22",
        "Lines": "18",
        "Lon": 21.023,
        "Lat": 52.1898
      },
      {
        "Brigade": "16",
        "Time": "2017-05-14 05:46:32",
        "Lines": "18",
        "Lon": 21.0229,
        "Lat": 52.1898
      },
      {
        "Brigade": "16",
        "Time": "2017-05-14 05:46:48",
        "Lines": "18",
        "Lon": 21.0215,
        "Lat": 52.1896
      },
      {
        "Brigade": "16",
        "Time": "2017-05-14 05:46:59",
        "Lines": "18",
        "Lon": 21.0209,
        "Lat": 52.1896
      },
      {
        "Brigade": "16",
        "Time": "2017-05-14 05:47:09",
        "Lines": "18",
        "Lon": 21.0202,
        "Lat": 52.1895
      },
      {
        "Brigade": "16",
        "Time": "2017-05-14 05:47:20",
        "Lines": "18",
        "Lon": 21.0198,
        "Lat": 52.1894
      },
      {
        "Brigade": "16",
        "Time": "2017-05-14 05:47:30",
        "Lines": "18",
        "Lon": 21.0193,
        "Lat": 52.1893
      },
      {
        "Brigade": "16",
        "Time": "2017-05-14 05:47:41",
        "Lines": "18",
        "Lon": 21.0189,
        "Lat": 52.1893
      },
      {
        "Brigade": "16",
        "Time": "2017-05-14 05:47:51",
        "Lines": "18",
        "Lon": 21.0184,
        "Lat": 52.1892
      },
      {
        "Brigade": "16",
        "Time": "2017-05-14 05:48:02",
        "Lines": "18",
        "Lon": 21.0179,
        "Lat": 52.1891
      },
      {
        "Brigade": "16",
        "Time": "2017-05-14 05:48:17",
        "Lines": "18",
        "Lon": 21.0179,
        "Lat": 52.1891
      },
      {
        "Brigade": "16",
        "Time": "2017-05-14 05:48:23",
        "Lines": "18",
        "Lon": 21.0179,
        "Lat": 52.1891
      },
      {
        "Brigade": "16",
        "Time": "2017-05-14 05:48:38",
        "Lines": "18",
        "Lon": 21.0176,
        "Lat": 52.1891
      },
      {
        "Brigade": "16",
        "Time": "2017-05-14 05:48:49",
        "Lines": "18",
        "Lon": 21.0161,
        "Lat": 52.189
      },
      {
        "Brigade": "16",
        "Time": "2017-05-14 05:48:59",
        "Lines": "18",
        "Lon": 21.0144,
        "Lat": 52.189
      },
      {
        "Brigade": "16",
        "Time": "2017-05-14 05:49:05",
        "Lines": "18",
        "Lon": 21.0137,
        "Lat": 52.189
      },
      {
        "Brigade": "16",
        "Time": "2017-05-14 05:49:31",
        "Lines": "18",
        "Lon": 21.012,
        "Lat": 52.189
      },
      {
        "Brigade": "16",
        "Time": "2017-05-14 05:49:41",
        "Lines": "18",
        "Lon": 21.0109,
        "Lat": 52.1889
      },
      {
        "Brigade": "16",
        "Time": "2017-05-14 05:49:52",
        "Lines": "18",
        "Lon": 21.0092,
        "Lat": 52.1889
      },
      {
        "Brigade": "16",
        "Time": "2017-05-14 05:50:02",
        "Lines": "18",
        "Lon": 21.0078,
        "Lat": 52.1889
      },
      {
        "Brigade": "16",
        "Time": "2017-05-14 05:50:18",
        "Lines": "18",
        "Lon": 21.0077,
        "Lat": 52.1889
      },
      {
        "Brigade": "16",
        "Time": "2017-05-14 05:50:23",
        "Lines": "18",
        "Lon": 21.0077,
        "Lat": 52.1889
      },
      {
        "Brigade": "16",
        "Time": "2017-05-14 05:50:39",
        "Lines": "18",
        "Lon": 21.0066,
        "Lat": 52.1889
      },
      {
        "Brigade": "16",
        "Time": "2017-05-14 05:50:49",
        "Lines": "18",
        "Lon": 21.0054,
        "Lat": 52.1889
      },
      {
        "Brigade": "16",
        "Time": "2017-05-14 05:51:00",
        "Lines": "18",
        "Lon": 21.0045,
        "Lat": 52.1889
      },
      {
        "Brigade": "16",
        "Time": "2017-05-14 05:51:10",
        "Lines": "18",
        "Lon": 21.0041,
        "Lat": 52.1889
      },
      {
        "Brigade": "16",
        "Time": "2017-05-14 05:51:21",
        "Lines": "18",
        "Lon": 21.0041,
        "Lat": 52.1889
      },
      {
        "Brigade": "16",
        "Time": "2017-05-14 05:51:31",
        "Lines": "18",
        "Lon": 21.0041,
        "Lat": 52.1889
      },
      {
        "Brigade": "16",
        "Time": "2017-05-14 05:51:42",
        "Lines": "18",
        "Lon": 21.0041,
        "Lat": 52.1889
      },
      {
        "Brigade": "16",
        "Time": "2017-05-14 05:51:52",
        "Lines": "18",
        "Lon": 21.0041,
        "Lat": 52.1889
      },
      {
        "Brigade": "16",
        "Time": "2017-05-14 05:52:08",
        "Lines": "18",
        "Lon": 21.0041,
        "Lat": 52.1889
      },
      {
        "Brigade": "16",
        "Time": "2017-05-14 05:52:19",
        "Lines": "18",
        "Lon": 21.0041,
        "Lat": 52.1889
      },
      {
        "Brigade": "16",
        "Time": "2017-05-14 05:52:29",
        "Lines": "18",
        "Lon": 21.0039,
        "Lat": 52.1889
      },
      {
        "Brigade": "16",
        "Time": "2017-05-14 05:52:40",
        "Lines": "18",
        "Lon": 21.0031,
        "Lat": 52.1889
      },
      {
        "Brigade": "16",
        "Time": "2017-05-14 05:52:50",
        "Lines": "18",
        "Lon": 21.0027,
        "Lat": 52.1888
      },
      {
        "Brigade": "16",
        "Time": "2017-05-14 05:53:00",
        "Lines": "18",
        "Lon": 21.0027,
        "Lat": 52.1888
      },
      {
        "Brigade": "16",
        "Time": "2017-05-14 05:53:11",
        "Lines": "18",
        "Lon": 21.0027,
        "Lat": 52.1888
      },
      {
        "Brigade": "16",
        "Time": "2017-05-14 05:53:22",
        "Lines": "18",
        "Lon": 21.0027,
        "Lat": 52.1888
      },
      {
        "Brigade": "16",
        "Time": "2017-05-14 05:53:32",
        "Lines": "18",
        "Lon": 21.0027,
        "Lat": 52.1888
      },
      {
        "Brigade": "16",
        "Time": "2017-05-14 05:53:48",
        "Lines": "18",
        "Lon": 21.0027,
        "Lat": 52.1888
      },
      {
        "Brigade": "16",
        "Time": "2017-05-14 05:53:53",
        "Lines": "18",
        "Lon": 21.0027,
        "Lat": 52.1888
      },
      {
        "Brigade": "16",
        "Time": "2017-05-14 05:54:09",
        "Lines": "18",
        "Lon": 21.0027,
        "Lat": 52.1888
      },
      {
        "Brigade": "16",
        "Time": "2017-05-14 05:54:19",
        "Lines": "18",
        "Lon": 21.0027,
        "Lat": 52.1888
      },
      {
        "Brigade": "16",
        "Time": "2017-05-14 05:54:30",
        "Lines": "18",
        "Lon": 21.0027,
        "Lat": 52.1888
      },
      {
        "Brigade": "16",
        "Time": "2017-05-14 05:54:40",
        "Lines": "18",
        "Lon": 21.0027,
        "Lat": 52.1888
      },
      {
        "Brigade": "16",
        "Time": "2017-05-14 05:54:51",
        "Lines": "18",
        "Lon": 21.0027,
        "Lat": 52.1888
      },
      {
        "Brigade": "16",
        "Time": "2017-05-14 05:55:01",
        "Lines": "18",
        "Lon": 21.0027,
        "Lat": 52.1888
      },
      {
        "Brigade": "16",
        "Time": "2017-05-14 05:55:12",
        "Lines": "18",
        "Lon": 21.0027,
        "Lat": 52.1888
      },
      {
        "Brigade": "16",
        "Time": "2017-05-14 05:55:22",
        "Lines": "18",
        "Lon": 21.0027,
        "Lat": 52.1888
      },
      {
        "Brigade": "16",
        "Time": "2017-05-14 05:55:33",
        "Lines": "18",
        "Lon": 21.0027,
        "Lat": 52.1888
      },
      {
        "Brigade": "16",
        "Time": "2017-05-14 05:55:43",
        "Lines": "18",
        "Lon": 21.0024,
        "Lat": 52.1888
      },
      {
        "Brigade": "16",
        "Time": "2017-05-14 05:55:54",
        "Lines": "18",
        "Lon": 21.0021,
        "Lat": 52.1892
      },
      {
        "Brigade": "16",
        "Time": "2017-05-14 07:29:37",
        "Lines": "18",
        "Lon": 20.9421,
        "Lat": 52.2986
      },
      {
        "Brigade": "16",
        "Time": "2017-05-14 07:33:28",
        "Lines": "18",
        "Lon": 20.9547,
        "Lat": 52.2853
      },
      {
        "Brigade": "16",
        "Time": "2017-05-14 07:33:39",
        "Lines": "18",
        "Lon": 20.9552,
        "Lat": 52.2846
      },
      {
        "Brigade": "16",
        "Time": "2017-05-14 07:33:49",
        "Lines": "18",
        "Lon": 20.956,
        "Lat": 52.2838
      },
      {
        "Brigade": "16",
        "Time": "2017-05-14 07:36:00",
        "Lines": "18",
        "Lon": 20.9636,
        "Lat": 52.2758
      },
      {
        "Brigade": "16",
        "Time": "2017-05-14 07:36:10",
        "Lines": "18",
        "Lon": 20.9639,
        "Lat": 52.2756
      },
      {
        "Brigade": "16",
        "Time": "2017-05-14 08:14:11",
        "Lines": "18",
        "Lon": 21.0034,
        "Lat": 52.1888
      },
      {
        "Brigade": "16",
        "Time": "2017-05-14 08:14:27",
        "Lines": "18",
        "Lon": 21.0038,
        "Lat": 52.1888
      },
      {
        "Brigade": "16",
        "Time": "2017-05-14 08:14:38",
        "Lines": "18",
        "Lon": 21.0046,
        "Lat": 52.1888
      },
      {
        "Brigade": "16",
        "Time": "2017-05-14 08:14:44",
        "Lines": "18",
        "Lon": 21.0051,
        "Lat": 52.1888
      },
      {
        "Brigade": "16",
        "Time": "2017-05-14 08:15:00",
        "Lines": "18",
        "Lon": 21.0069,
        "Lat": 52.1888
      },
      {
        "Brigade": "16",
        "Time": "2017-05-14 08:15:09",
        "Lines": "18",
        "Lon": 21.0071,
        "Lat": 52.1888
      },
      {
        "Brigade": "16",
        "Time": "2017-05-14 08:15:20",
        "Lines": "18",
        "Lon": 21.0071,
        "Lat": 52.1888
      },
      {
        "Brigade": "16",
        "Time": "2017-05-14 08:15:30",
        "Lines": "18",
        "Lon": 21.0071,
        "Lat": 52.1888
      },
      {
        "Brigade": "16",
        "Time": "2017-05-14 08:15:41",
        "Lines": "18",
        "Lon": 21.0071,
        "Lat": 52.1888
      },
      {
        "Brigade": "16",
        "Time": "2017-05-14 08:15:51",
        "Lines": "18",
        "Lon": 21.0072,
        "Lat": 52.1888
      },
      {
        "Brigade": "16",
        "Time": "2017-05-14 08:16:07",
        "Lines": "18",
        "Lon": 21.0099,
        "Lat": 52.1889
      },
      {
        "Brigade": "16",
        "Time": "2017-05-14 08:16:12",
        "Lines": "18",
        "Lon": 21.0108,
        "Lat": 52.1889
      },
      {
        "Brigade": "16",
        "Time": "2017-05-14 08:16:28",
        "Lines": "18",
        "Lon": 21.0115,
        "Lat": 52.1889
      },
      {
        "Brigade": "16",
        "Time": "2017-05-14 08:16:38",
        "Lines": "18",
        "Lon": 21.0115,
        "Lat": 52.1889
      },
      {
        "Brigade": "16",
        "Time": "2017-05-14 08:16:49",
        "Lines": "18",
        "Lon": 21.0115,
        "Lat": 52.1889
      },
      {
        "Brigade": "16",
        "Time": "2017-05-14 08:16:59",
        "Lines": "18",
        "Lon": 21.0115,
        "Lat": 52.1889
      },
      {
        "Brigade": "16",
        "Time": "2017-05-14 08:17:10",
        "Lines": "18",
        "Lon": 21.0119,
        "Lat": 52.1889
      },
      {
        "Brigade": "16",
        "Time": "2017-05-14 08:17:20",
        "Lines": "18",
        "Lon": 21.0138,
        "Lat": 52.1889
      },
      {
        "Brigade": "16",
        "Time": "2017-05-14 08:17:41",
        "Lines": "18",
        "Lon": 21.0164,
        "Lat": 52.189
      }
    ]
  }
]
