[
  {
    "res": [
      {
        "Brigade": "3",
        "Time": "2017-05-14 05:08:10",
        "Lines": "18",
        "Lon": 21.0169,
        "Lat": 52.189
      },
      {
        "Brigade": "3",
        "Time": "2017-05-14 05:08:30",
        "Lines": "18",
        "Lon": 21.0184,
        "Lat": 52.1891
      },
      {
        "Brigade": "3",
        "Time": "2017-05-14 05:08:51",
        "Lines": "18",
        "Lon": 21.0191,
        "Lat": 52.1892
      },
      {
        "Brigade": "3",
        "Time": "2017-05-14 05:09:12",
        "Lines": "18",
        "Lon": 21.02,
        "Lat": 52.1893
      },
      {
        "Brigade": "3",
        "Time": "2017-05-14 05:09:33",
        "Lines": "18",
        "Lon": 21.0212,
        "Lat": 52.1895
      },
      {
        "Brigade": "3",
        "Time": "2017-05-14 05:09:59",
        "Lines": "18",
        "Lon": 21.0221,
        "Lat": 52.1896
      },
      {
        "Brigade": "3",
        "Time": "2017-05-14 05:10:15",
        "Lines": "18",
        "Lon": 21.0239,
        "Lat": 52.1898
      },
      {
        "Brigade": "3",
        "Time": "2017-05-14 05:10:36",
        "Lines": "18",
        "Lon": 21.0239,
        "Lat": 52.1898
      },
      {
        "Brigade": "3",
        "Time": "2017-05-14 05:10:57",
        "Lines": "18",
        "Lon": 21.0239,
        "Lat": 52.1898
      },
      {
        "Brigade": "3",
        "Time": "2017-05-14 05:11:18",
        "Lines": "18",
        "Lon": 21.0246,
        "Lat": 52.1902
      },
      {
        "Brigade": "3",
        "Time": "2017-05-14 05:11:40",
        "Lines": "18",
        "Lon": 21.0245,
        "Lat": 52.1909
      },
      {
        "Brigade": "3",
        "Time": "2017-05-14 05:11:59",
        "Lines": "18",
        "Lon": 21.0244,
        "Lat": 52.1932
      },
      {
        "Brigade": "3",
        "Time": "2017-05-14 05:12:20",
        "Lines": "18",
        "Lon": 21.0243,
        "Lat": 52.1945
      },
      {
        "Brigade": "3",
        "Time": "2017-05-14 05:12:41",
        "Lines": "18",
        "Lon": 21.0242,
        "Lat": 52.1968
      },
      {
        "Brigade": "3",
        "Time": "2017-05-14 05:13:02",
        "Lines": "18",
        "Lon": 21.0241,
        "Lat": 52.1976
      },
      {
        "Brigade": "3",
        "Time": "2017-05-14 05:13:23",
        "Lines": "18",
        "Lon": 21.024,
        "Lat": 52.1992
      },
      {
        "Brigade": "3",
        "Time": "2017-05-14 05:13:44",
        "Lines": "18",
        "Lon": 21.0238,
        "Lat": 52.2002
      },
      {
        "Brigade": "3",
        "Time": "2017-05-14 05:14:05",
        "Lines": "18",
        "Lon": 21.0235,
        "Lat": 52.2027
      },
      {
        "Brigade": "3",
        "Time": "2017-05-14 05:14:26",
        "Lines": "18",
        "Lon": 21.0234,
        "Lat": 52.2027
      },
      {
        "Brigade": "3",
        "Time": "2017-05-14 05:14:47",
        "Lines": "18",
        "Lon": 21.0234,
        "Lat": 52.2027
      },
      {
        "Brigade": "3",
        "Time": "2017-05-14 05:15:08",
        "Lines": "18",
        "Lon": 21.0233,
        "Lat": 52.2037
      },
      {
        "Brigade": "3",
        "Time": "2017-05-14 05:15:31",
        "Lines": "18",
        "Lon": 21.0229,
        "Lat": 52.2054
      },
      {
        "Brigade": "3",
        "Time": "2017-05-14 05:15:49",
        "Lines": "18",
        "Lon": 21.0229,
        "Lat": 52.2054
      },
      {
        "Brigade": "3",
        "Time": "2017-05-14 05:16:10",
        "Lines": "18",
        "Lon": 21.0229,
        "Lat": 52.2054
      },
      {
        "Brigade": "3",
        "Time": "2017-05-14 05:16:31",
        "Lines": "18",
        "Lon": 21.0222,
        "Lat": 52.2073
      },
      {
        "Brigade": "3",
        "Time": "2017-05-14 05:16:53",
        "Lines": "18",
        "Lon": 21.0214,
        "Lat": 52.2095
      },
      {
        "Brigade": "3",
        "Time": "2017-05-14 05:17:13",
        "Lines": "18",
        "Lon": 21.021,
        "Lat": 52.2103
      },
      {
        "Brigade": "3",
        "Time": "2017-05-14 05:17:34",
        "Lines": "18",
        "Lon": 21.0209,
        "Lat": 52.2107
      },
      {
        "Brigade": "3",
        "Time": "2017-05-14 05:17:55",
        "Lines": "18",
        "Lon": 21.0209,
        "Lat": 52.2107
      },
      {
        "Brigade": "3",
        "Time": "2017-05-14 05:18:16",
        "Lines": "18",
        "Lon": 21.0209,
        "Lat": 52.2107
      },
      {
        "Brigade": "3",
        "Time": "2017-05-14 05:18:37",
        "Lines": "18",
        "Lon": 21.0206,
        "Lat": 52.2116
      },
      {
        "Brigade": "3",
        "Time": "2017-05-14 05:18:58",
        "Lines": "18",
        "Lon": 21.0215,
        "Lat": 52.2136
      },
      {
        "Brigade": "3",
        "Time": "2017-05-14 05:19:19",
        "Lines": "18",
        "Lon": 21.021,
        "Lat": 52.2146
      },
      {
        "Brigade": "3",
        "Time": "2017-05-14 05:19:40",
        "Lines": "18",
        "Lon": 21.0201,
        "Lat": 52.2162
      },
      {
        "Brigade": "3",
        "Time": "2017-05-14 05:20:01",
        "Lines": "18",
        "Lon": 21.0199,
        "Lat": 52.2166
      },
      {
        "Brigade": "3",
        "Time": "2017-05-14 05:20:22",
        "Lines": "18",
        "Lon": 21.019,
        "Lat": 52.2182
      },
      {
        "Brigade": "3",
        "Time": "2017-05-14 05:20:42",
        "Lines": "18",
        "Lon": 21.0182,
        "Lat": 52.2194
      },
      {
        "Brigade": "3",
        "Time": "2017-05-14 05:21:03",
        "Lines": "18",
        "Lon": 21.0179,
        "Lat": 52.2199
      },
      {
        "Brigade": "3",
        "Time": "2017-05-14 05:21:24",
        "Lines": "18",
        "Lon": 21.0172,
        "Lat": 52.2211
      },
      {
        "Brigade": "3",
        "Time": "2017-05-14 05:21:46",
        "Lines": "18",
        "Lon": 21.0169,
        "Lat": 52.2215
      },
      {
        "Brigade": "3",
        "Time": "2017-05-14 05:22:06",
        "Lines": "18",
        "Lon": 21.0169,
        "Lat": 52.2216
      },
      {
        "Brigade": "3",
        "Time": "2017-05-14 05:22:27",
        "Lines": "18",
        "Lon": 21.0161,
        "Lat": 52.2229
      },
      {
        "Brigade": "3",
        "Time": "2017-05-14 05:22:48",
        "Lines": "18",
        "Lon": 21.0161,
        "Lat": 52.2229
      },
      {
        "Brigade": "3",
        "Time": "2017-05-14 05:23:09",
        "Lines": "18",
        "Lon": 21.0158,
        "Lat": 52.2233
      },
      {
        "Brigade": "3",
        "Time": "2017-05-14 05:23:31",
        "Lines": "18",
        "Lon": 21.0145,
        "Lat": 52.2253
      },
      {
        "Brigade": "3",
        "Time": "2017-05-14 05:23:51",
        "Lines": "18",
        "Lon": 21.0141,
        "Lat": 52.2259
      },
      {
        "Brigade": "3",
        "Time": "2017-05-14 05:24:12",
        "Lines": "18",
        "Lon": 21.0141,
        "Lat": 52.2259
      },
      {
        "Brigade": "3",
        "Time": "2017-05-14 05:24:34",
        "Lines": "18",
        "Lon": 21.0136,
        "Lat": 52.2268
      },
      {
        "Brigade": "3",
        "Time": "2017-05-14 05:24:54",
        "Lines": "18",
        "Lon": 21.0131,
        "Lat": 52.2277
      },
      {
        "Brigade": "3",
        "Time": "2017-05-14 05:25:14",
        "Lines": "18",
        "Lon": 21.012,
        "Lat": 52.2295
      },
      {
        "Brigade": "3",
        "Time": "2017-05-14 05:25:35",
        "Lines": "18",
        "Lon": 21.012,
        "Lat": 52.2295
      },
      {
        "Brigade": "3",
        "Time": "2017-05-14 05:25:56",
        "Lines": "18",
        "Lon": 21.012,
        "Lat": 52.2295
      },
      {
        "Brigade": "3",
        "Time": "2017-05-14 05:26:17",
        "Lines": "18",
        "Lon": 21.012,
        "Lat": 52.2295
      },
      {
        "Brigade": "3",
        "Time": "2017-05-14 05:26:38",
        "Lines": "18",
        "Lon": 21.0116,
        "Lat": 52.2302
      },
      {
        "Brigade": "3",
        "Time": "2017-05-14 05:26:59",
        "Lines": "18",
        "Lon": 21.0102,
        "Lat": 52.2325
      },
      {
        "Brigade": "3",
        "Time": "2017-05-14 05:27:20",
        "Lines": "18",
        "Lon": 21.0088,
        "Lat": 52.2348
      },
      {
        "Brigade": "3",
        "Time": "2017-05-14 05:27:41",
        "Lines": "18",
        "Lon": 21.0087,
        "Lat": 52.2349
      },
      {
        "Brigade": "3",
        "Time": "2017-05-14 05:28:02",
        "Lines": "18",
        "Lon": 21.0087,
        "Lat": 52.2349
      },
      {
        "Brigade": "3",
        "Time": "2017-05-14 05:28:23",
        "Lines": "18",
        "Lon": 21.0085,
        "Lat": 52.2353
      },
      {
        "Brigade": "3",
        "Time": "2017-05-14 05:28:44",
        "Lines": "18",
        "Lon": 21.0072,
        "Lat": 52.2375
      },
      {
        "Brigade": "3",
        "Time": "2017-05-14 05:29:05",
        "Lines": "18",
        "Lon": 21.0069,
        "Lat": 52.238
      },
      {
        "Brigade": "3",
        "Time": "2017-05-14 05:29:25",
        "Lines": "18",
        "Lon": 21.0069,
        "Lat": 52.238
      },
      {
        "Brigade": "3",
        "Time": "2017-05-14 05:29:46",
        "Lines": "18",
        "Lon": 21.0069,
        "Lat": 52.238
      },
      {
        "Brigade": "3",
        "Time": "2017-05-14 05:30:08",
        "Lines": "18",
        "Lon": 21.0061,
        "Lat": 52.2389
      },
      {
        "Brigade": "3",
        "Time": "2017-05-14 05:30:28",
        "Lines": "18",
        "Lon": 21.0058,
        "Lat": 52.2391
      },
      {
        "Brigade": "3",
        "Time": "2017-05-14 05:30:49",
        "Lines": "18",
        "Lon": 21.005,
        "Lat": 52.2403
      },
      {
        "Brigade": "3",
        "Time": "2017-05-14 05:31:15",
        "Lines": "18",
        "Lon": 21.0043,
        "Lat": 52.2418
      },
      {
        "Brigade": "3",
        "Time": "2017-05-14 05:31:31",
        "Lines": "18",
        "Lon": 21.003,
        "Lat": 52.2431
      },
      {
        "Brigade": "3",
        "Time": "2017-05-14 05:31:52",
        "Lines": "18",
        "Lon": 21.0027,
        "Lat": 52.2433
      },
      {
        "Brigade": "3",
        "Time": "2017-05-14 05:32:13",
        "Lines": "18",
        "Lon": 21.0017,
        "Lat": 52.2441
      },
      {
        "Brigade": "3",
        "Time": "2017-05-14 05:32:34",
        "Lines": "18",
        "Lon": 21.0017,
        "Lat": 52.2441
      },
      {
        "Brigade": "3",
        "Time": "2017-05-14 05:32:55",
        "Lines": "18",
        "Lon": 21.0017,
        "Lat": 52.2441
      },
      {
        "Brigade": "3",
        "Time": "2017-05-14 05:33:16",
        "Lines": "18",
        "Lon": 21.0017,
        "Lat": 52.2441
      },
      {
        "Brigade": "3",
        "Time": "2017-05-14 05:33:38",
        "Lines": "18",
        "Lon": 21.0009,
        "Lat": 52.2449
      },
      {
        "Brigade": "3",
        "Time": "2017-05-14 05:33:57",
        "Lines": "18",
        "Lon": 21.0007,
        "Lat": 52.2451
      },
      {
        "Brigade": "3",
        "Time": "2017-05-14 05:34:18",
        "Lines": "18",
        "Lon": 20.9995,
        "Lat": 52.2469
      },
      {
        "Brigade": "3",
        "Time": "2017-05-14 05:34:39",
        "Lines": "18",
        "Lon": 20.999,
        "Lat": 52.249
      },
      {
        "Brigade": "3",
        "Time": "2017-05-14 05:35:00",
        "Lines": "18",
        "Lon": 20.999,
        "Lat": 52.2491
      },
      {
        "Brigade": "3",
        "Time": "2017-05-14 05:35:22",
        "Lines": "18",
        "Lon": 20.9988,
        "Lat": 52.2497
      },
      {
        "Brigade": "3",
        "Time": "2017-05-14 05:35:49",
        "Lines": "18",
        "Lon": 20.9983,
        "Lat": 52.2522
      },
      {
        "Brigade": "3",
        "Time": "2017-05-14 05:36:03",
        "Lines": "18",
        "Lon": 20.998,
        "Lat": 52.2533
      },
      {
        "Brigade": "3",
        "Time": "2017-05-14 05:36:24",
        "Lines": "18",
        "Lon": 20.998,
        "Lat": 52.2533
      },
      {
        "Brigade": "3",
        "Time": "2017-05-14 05:36:45",
        "Lines": "18",
        "Lon": 20.998,
        "Lat": 52.2533
      },
      {
        "Brigade": "3",
        "Time": "2017-05-14 05:37:06",
        "Lines": "18",
        "Lon": 20.9979,
        "Lat": 52.2538
      },
      {
        "Brigade": "3",
        "Time": "2017-05-14 05:37:27",
        "Lines": "18",
        "Lon": 20.9976,
        "Lat": 52.255
      },
      {
        "Brigade": "3",
        "Time": "2017-05-14 05:37:48",
        "Lines": "18",
        "Lon": 20.9984,
        "Lat": 52.2557
      },
      {
        "Brigade": "3",
        "Time": "2017-05-14 05:38:08",
        "Lines": "18",
        "Lon": 20.9995,
        "Lat": 52.2561
      },
      {
        "Brigade": "3",
        "Time": "2017-05-14 05:38:29",
        "Lines": "18",
        "Lon": 21.001,
        "Lat": 52.2574
      },
      {
        "Brigade": "3",
        "Time": "2017-05-14 05:38:50",
        "Lines": "18",
        "Lon": 21.0018,
        "Lat": 52.2583
      },
      {
        "Brigade": "3",
        "Time": "2017-05-14 05:39:11",
        "Lines": "18",
        "Lon": 21.0027,
        "Lat": 52.2588
      },
      {
        "Brigade": "3",
        "Time": "2017-05-14 05:39:32",
        "Lines": "18",
        "Lon": 21.0029,
        "Lat": 52.2588
      },
      {
        "Brigade": "3",
        "Time": "2017-05-14 05:39:53",
        "Lines": "18",
        "Lon": 21.0055,
        "Lat": 52.2596
      },
      {
        "Brigade": "3",
        "Time": "2017-05-14 05:40:14",
        "Lines": "18",
        "Lon": 21.0078,
        "Lat": 52.2603
      },
      {
        "Brigade": "3",
        "Time": "2017-05-14 05:40:40",
        "Lines": "18",
        "Lon": 21.0086,
        "Lat": 52.2605
      },
      {
        "Brigade": "3",
        "Time": "2017-05-14 05:40:56",
        "Lines": "18",
        "Lon": 21.0109,
        "Lat": 52.2612
      },
      {
        "Brigade": "3",
        "Time": "2017-05-14 05:41:17",
        "Lines": "18",
        "Lon": 21.0129,
        "Lat": 52.2618
      },
      {
        "Brigade": "3",
        "Time": "2017-05-14 05:41:38",
        "Lines": "18",
        "Lon": 21.0136,
        "Lat": 52.2619
      },
      {
        "Brigade": "3",
        "Time": "2017-05-14 05:41:59",
        "Lines": "18",
        "Lon": 21.0158,
        "Lat": 52.2626
      },
      {
        "Brigade": "3",
        "Time": "2017-05-14 05:42:19",
        "Lines": "18",
        "Lon": 21.0193,
        "Lat": 52.2633
      },
      {
        "Brigade": "3",
        "Time": "2017-05-14 05:42:40",
        "Lines": "18",
        "Lon": 21.0202,
        "Lat": 52.2635
      },
      {
        "Brigade": "3",
        "Time": "2017-05-14 05:43:01",
        "Lines": "18",
        "Lon": 21.0207,
        "Lat": 52.2637
      },
      {
        "Brigade": "3",
        "Time": "2017-05-14 05:43:22",
        "Lines": "18",
        "Lon": 21.0208,
        "Lat": 52.2648
      },
      {
        "Brigade": "3",
        "Time": "2017-05-14 05:43:43",
        "Lines": "18",
        "Lon": 21.02,
        "Lat": 52.2669
      },
      {
        "Brigade": "3",
        "Time": "2017-05-14 05:44:04",
        "Lines": "18",
        "Lon": 21.0197,
        "Lat": 52.2676
      },
      {
        "Brigade": "3",
        "Time": "2017-05-14 05:44:25",
        "Lines": "18",
        "Lon": 21.0176,
        "Lat": 52.2699
      },
      {
        "Brigade": "3",
        "Time": "2017-05-14 05:44:46",
        "Lines": "18",
        "Lon": 21.0169,
        "Lat": 52.2704
      },
      {
        "Brigade": "3",
        "Time": "2017-05-14 05:45:07",
        "Lines": "18",
        "Lon": 21.0151,
        "Lat": 52.2728
      },
      {
        "Brigade": "3",
        "Time": "2017-05-14 05:45:28",
        "Lines": "18",
        "Lon": 21.0144,
        "Lat": 52.2739
      },
      {
        "Brigade": "3",
        "Time": "2017-05-14 05:45:49",
        "Lines": "18",
        "Lon": 21.0144,
        "Lat": 52.2739
      },
      {
        "Brigade": "3",
        "Time": "2017-05-14 05:46:10",
        "Lines": "18",
        "Lon": 21.0144,
        "Lat": 52.2739
      },
      {
        "Brigade": "3",
        "Time": "2017-05-14 05:46:31",
        "Lines": "18",
        "Lon": 21.014,
        "Lat": 52.2745
      },
      {
        "Brigade": "3",
        "Time": "2017-05-14 05:46:51",
        "Lines": "18",
        "Lon": 21.0124,
        "Lat": 52.2772
      },
      {
        "Brigade": "3",
        "Time": "2017-05-14 05:47:13",
        "Lines": "18",
        "Lon": 21.0117,
        "Lat": 52.2784
      },
      {
        "Brigade": "3",
        "Time": "2017-05-14 05:47:33",
        "Lines": "18",
        "Lon": 21.011,
        "Lat": 52.2795
      },
      {
        "Brigade": "3",
        "Time": "2017-05-14 05:47:55",
        "Lines": "18",
        "Lon": 21.0095,
        "Lat": 52.282
      },
      {
        "Brigade": "3",
        "Time": "2017-05-14 05:48:15",
        "Lines": "18",
        "Lon": 21.0088,
        "Lat": 52.283
      },
      {
        "Brigade": "3",
        "Time": "2017-05-14 05:48:36",
        "Lines": "18",
        "Lon": 21.0071,
        "Lat": 52.2857
      },
      {
        "Brigade": "3",
        "Time": "2017-05-14 05:48:58",
        "Lines": "18",
        "Lon": 21.0061,
        "Lat": 52.2869
      },
      {
        "Brigade": "3",
        "Time": "2017-05-14 05:49:18",
        "Lines": "18",
        "Lon": 21.0041,
        "Lat": 52.2888
      },
      {
        "Brigade": "3",
        "Time": "2017-05-14 05:49:41",
        "Lines": "18",
        "Lon": 21.0031,
        "Lat": 52.2897
      },
      {
        "Brigade": "3",
        "Time": "2017-05-14 05:50:22",
        "Lines": "18",
        "Lon": 21.0023,
        "Lat": 52.2905
      },
      {
        "Brigade": "3",
        "Time": "2017-05-14 05:50:42",
        "Lines": "18",
        "Lon": 21.0023,
        "Lat": 52.2905
      },
      {
        "Brigade": "3",
        "Time": "2017-05-14 05:51:03",
        "Lines": "18",
        "Lon": 21.0022,
        "Lat": 52.2905
      },
      {
        "Brigade": "3",
        "Time": "2017-05-14 05:51:24",
        "Lines": "18",
        "Lon": 21.0024,
        "Lat": 52.2907
      },
      {
        "Brigade": "3",
        "Time": "2017-05-14 05:51:44",
        "Lines": "18",
        "Lon": 21.0024,
        "Lat": 52.2907
      },
      {
        "Brigade": "3",
        "Time": "2017-05-14 05:52:05",
        "Lines": "18",
        "Lon": 21.0024,
        "Lat": 52.2907
      },
      {
        "Brigade": "3",
        "Time": "2017-05-14 05:52:26",
        "Lines": "18",
        "Lon": 21.0024,
        "Lat": 52.2907
      },
      {
        "Brigade": "3",
        "Time": "2017-05-14 05:52:47",
        "Lines": "18",
        "Lon": 21.0024,
        "Lat": 52.2907
      },
      {
        "Brigade": "3",
        "Time": "2017-05-14 05:53:08",
        "Lines": "18",
        "Lon": 21.0024,
        "Lat": 52.2907
      },
      {
        "Brigade": "3",
        "Time": "2017-05-14 05:53:29",
        "Lines": "18",
        "Lon": 21.0024,
        "Lat": 52.2907
      },
      {
        "Brigade": "3",
        "Time": "2017-05-14 05:53:50",
        "Lines": "18",
        "Lon": 21.0024,
        "Lat": 52.2907
      },
      {
        "Brigade": "3",
        "Time": "2017-05-14 05:54:11",
        "Lines": "18",
        "Lon": 21.0024,
        "Lat": 52.2906
      },
      {
        "Brigade": "3",
        "Time": "2017-05-14 05:54:32",
        "Lines": "18",
        "Lon": 21.0024,
        "Lat": 52.2906
      },
      {
        "Brigade": "3",
        "Time": "2017-05-14 05:54:53",
        "Lines": "18",
        "Lon": 21.0024,
        "Lat": 52.2906
      },
      {
        "Brigade": "3",
        "Time": "2017-05-14 05:55:14",
        "Lines": "18",
        "Lon": 21.0024,
        "Lat": 52.2906
      },
      {
        "Brigade": "3",
        "Time": "2017-05-14 05:55:34",
        "Lines": "18",
        "Lon": 21.0024,
        "Lat": 52.2906
      },
      {
        "Brigade": "3",
        "Time": "2017-05-14 05:55:55",
        "Lines": "18",
        "Lon": 21.0024,
        "Lat": 52.2906
      },
      {
        "Brigade": "3",
        "Time": "2017-05-14 05:56:16",
        "Lines": "18",
        "Lon": 21.0024,
        "Lat": 52.2906
      },
      {
        "Brigade": "3",
        "Time": "2017-05-14 05:56:37",
        "Lines": "18",
        "Lon": 21.0024,
        "Lat": 52.2906
      },
      {
        "Brigade": "3",
        "Time": "2017-05-14 05:56:58",
        "Lines": "18",
        "Lon": 21.0024,
        "Lat": 52.2906
      },
      {
        "Brigade": "3",
        "Time": "2017-05-14 05:57:19",
        "Lines": "18",
        "Lon": 21.0024,
        "Lat": 52.2906
      },
      {
        "Brigade": "3",
        "Time": "2017-05-14 05:57:40",
        "Lines": "18",
        "Lon": 21.0024,
        "Lat": 52.2906
      },
      {
        "Brigade": "3",
        "Time": "2017-05-14 05:58:01",
        "Lines": "18",
        "Lon": 21.0024,
        "Lat": 52.2906
      },
      {
        "Brigade": "3",
        "Time": "2017-05-14 05:58:22",
        "Lines": "18",
        "Lon": 21.0024,
        "Lat": 52.2903
      },
      {
        "Brigade": "3",
        "Time": "2017-05-14 05:58:43",
        "Lines": "18",
        "Lon": 21.0024,
        "Lat": 52.2903
      },
      {
        "Brigade": "3",
        "Time": "2017-05-14 05:59:04",
        "Lines": "18",
        "Lon": 21.0024,
        "Lat": 52.2903
      },
      {
        "Brigade": "3",
        "Time": "2017-05-14 05:59:25",
        "Lines": "18",
        "Lon": 21.0024,
        "Lat": 52.2903
      },
      {
        "Brigade": "3",
        "Time": "2017-05-14 05:59:46",
        "Lines": "18",
        "Lon": 21.0024,
        "Lat": 52.2903
      },
      {
        "Brigade": "3",
        "Time": "2017-05-14 06:00:07",
        "Lines": "18",
        "Lon": 21.0024,
        "Lat": 52.2903
      },
      {
        "Brigade": "3",
        "Time": "2017-05-14 06:00:27",
        "Lines": "18",
        "Lon": 21.0024,
        "Lat": 52.2903
      },
      {
        "Brigade": "3",
        "Time": "2017-05-14 06:00:49",
        "Lines": "18",
        "Lon": 21.0024,
        "Lat": 52.2903
      },
      {
        "Brigade": "3",
        "Time": "2017-05-14 06:01:09",
        "Lines": "18",
        "Lon": 21.0024,
        "Lat": 52.2903
      },
      {
        "Brigade": "3",
        "Time": "2017-05-14 06:01:30",
        "Lines": "18",
        "Lon": 21.0024,
        "Lat": 52.2903
      },
      {
        "Brigade": "3",
        "Time": "2017-05-14 06:01:51",
        "Lines": "18",
        "Lon": 21.0024,
        "Lat": 52.2903
      },
      {
        "Brigade": "3",
        "Time": "2017-05-14 06:02:12",
        "Lines": "18",
        "Lon": 21.0024,
        "Lat": 52.2903
      },
      {
        "Brigade": "3",
        "Time": "2017-05-14 06:02:34",
        "Lines": "18",
        "Lon": 21.0024,
        "Lat": 52.2903
      },
      {
        "Brigade": "3",
        "Time": "2017-05-14 06:02:54",
        "Lines": "18",
        "Lon": 21.0024,
        "Lat": 52.2903
      },
      {
        "Brigade": "3",
        "Time": "2017-05-14 06:03:15",
        "Lines": "18",
        "Lon": 21.0024,
        "Lat": 52.2903
      },
      {
        "Brigade": "3",
        "Time": "2017-05-14 06:03:36",
        "Lines": "18",
        "Lon": 21.0024,
        "Lat": 52.2903
      },
      {
        "Brigade": "3",
        "Time": "2017-05-14 06:03:56",
        "Lines": "18",
        "Lon": 21.0024,
        "Lat": 52.2903
      },
      {
        "Brigade": "3",
        "Time": "2017-05-14 06:04:17",
        "Lines": "18",
        "Lon": 21.0024,
        "Lat": 52.2902
      },
      {
        "Brigade": "3",
        "Time": "2017-05-14 06:04:38",
        "Lines": "18",
        "Lon": 21.0024,
        "Lat": 52.2902
      },
      {
        "Brigade": "3",
        "Time": "2017-05-14 06:04:59",
        "Lines": "18",
        "Lon": 21.0015,
        "Lat": 52.2907
      },
      {
        "Brigade": "3",
        "Time": "2017-05-14 06:05:20",
        "Lines": "18",
        "Lon": 21.002,
        "Lat": 52.2903
      },
      {
        "Brigade": "3",
        "Time": "2017-05-14 06:05:41",
        "Lines": "18",
        "Lon": 21.0024,
        "Lat": 52.2901
      },
      {
        "Brigade": "3",
        "Time": "2017-05-14 06:06:02",
        "Lines": "18",
        "Lon": 21.0032,
        "Lat": 52.2896
      },
      {
        "Brigade": "3",
        "Time": "2017-05-14 06:06:23",
        "Lines": "18",
        "Lon": 21.005,
        "Lat": 52.2879
      },
      {
        "Brigade": "3",
        "Time": "2017-05-14 06:06:44",
        "Lines": "18",
        "Lon": 21.0059,
        "Lat": 52.287
      },
      {
        "Brigade": "3",
        "Time": "2017-05-14 06:07:05",
        "Lines": "18",
        "Lon": 21.007,
        "Lat": 52.2858
      },
      {
        "Brigade": "3",
        "Time": "2017-05-14 06:07:26",
        "Lines": "18",
        "Lon": 21.0086,
        "Lat": 52.2833
      },
      {
        "Brigade": "3",
        "Time": "2017-05-14 06:07:48",
        "Lines": "18",
        "Lon": 21.0095,
        "Lat": 52.2818
      },
      {
        "Brigade": "3",
        "Time": "2017-05-14 06:08:09",
        "Lines": "18",
        "Lon": 21.0107,
        "Lat": 52.2799
      },
      {
        "Brigade": "3",
        "Time": "2017-05-14 06:08:28",
        "Lines": "18",
        "Lon": 21.0118,
        "Lat": 52.2779
      },
      {
        "Brigade": "3",
        "Time": "2017-05-14 06:08:49",
        "Lines": "18",
        "Lon": 21.0126,
        "Lat": 52.2767
      },
      {
        "Brigade": "3",
        "Time": "2017-05-14 06:09:14",
        "Lines": "18",
        "Lon": 21.0142,
        "Lat": 52.2742
      },
      {
        "Brigade": "3",
        "Time": "2017-05-14 06:09:31",
        "Lines": "18",
        "Lon": 21.0145,
        "Lat": 52.2736
      },
      {
        "Brigade": "3",
        "Time": "2017-05-14 06:09:52",
        "Lines": "18",
        "Lon": 21.0154,
        "Lat": 52.2721
      },
      {
        "Brigade": "3",
        "Time": "2017-05-14 06:10:13",
        "Lines": "18",
        "Lon": 21.0168,
        "Lat": 52.2704
      },
      {
        "Brigade": "3",
        "Time": "2017-05-14 06:10:34",
        "Lines": "18",
        "Lon": 21.0174,
        "Lat": 52.27
      },
      {
        "Brigade": "3",
        "Time": "2017-05-14 06:10:55",
        "Lines": "18",
        "Lon": 21.0197,
        "Lat": 52.2676
      },
      {
        "Brigade": "3",
        "Time": "2017-05-14 06:11:17",
        "Lines": "18",
        "Lon": 21.02,
        "Lat": 52.2666
      },
      {
        "Brigade": "3",
        "Time": "2017-05-14 06:11:37",
        "Lines": "18",
        "Lon": 21.0202,
        "Lat": 52.266
      },
      {
        "Brigade": "3",
        "Time": "2017-05-14 06:12:00",
        "Lines": "18",
        "Lon": 21.0206,
        "Lat": 52.2651
      },
      {
        "Brigade": "3",
        "Time": "2017-05-14 06:12:19",
        "Lines": "18",
        "Lon": 21.0208,
        "Lat": 52.2639
      },
      {
        "Brigade": "3",
        "Time": "2017-05-14 06:12:40",
        "Lines": "18",
        "Lon": 21.02,
        "Lat": 52.2635
      },
      {
        "Brigade": "3",
        "Time": "2017-05-14 06:13:10",
        "Lines": "18",
        "Lon": 21.0194,
        "Lat": 52.2634
      },
      {
        "Brigade": "3",
        "Time": "2017-05-14 06:13:21",
        "Lines": "18",
        "Lon": 21.0179,
        "Lat": 52.2632
      },
      {
        "Brigade": "3",
        "Time": "2017-05-14 06:13:45",
        "Lines": "18",
        "Lon": 21.015,
        "Lat": 52.2624
      },
      {
        "Brigade": "3",
        "Time": "2017-05-14 06:14:03",
        "Lines": "18",
        "Lon": 21.013,
        "Lat": 52.2621
      },
      {
        "Brigade": "3",
        "Time": "2017-05-14 06:14:25",
        "Lines": "18",
        "Lon": 21.0131,
        "Lat": 52.262
      },
      {
        "Brigade": "3",
        "Time": "2017-05-14 06:14:45",
        "Lines": "18",
        "Lon": 21.0108,
        "Lat": 52.2612
      },
      {
        "Brigade": "3",
        "Time": "2017-05-14 06:15:06",
        "Lines": "18",
        "Lon": 21.0084,
        "Lat": 52.2605
      },
      {
        "Brigade": "3",
        "Time": "2017-05-14 06:15:27",
        "Lines": "18",
        "Lon": 21.0073,
        "Lat": 52.2602
      },
      {
        "Brigade": "3",
        "Time": "2017-05-14 06:15:48",
        "Lines": "18",
        "Lon": 21.0049,
        "Lat": 52.2594
      },
      {
        "Brigade": "3",
        "Time": "2017-05-14 06:16:10",
        "Lines": "18",
        "Lon": 21.0026,
        "Lat": 52.2588
      },
      {
        "Brigade": "3",
        "Time": "2017-05-14 06:16:30",
        "Lines": "18",
        "Lon": 21.0022,
        "Lat": 52.2588
      },
      {
        "Brigade": "3",
        "Time": "2017-05-14 06:16:51",
        "Lines": "18",
        "Lon": 21.0022,
        "Lat": 52.2588
      },
      {
        "Brigade": "3",
        "Time": "2017-05-14 06:17:12",
        "Lines": "18",
        "Lon": 21.0017,
        "Lat": 52.2584
      },
      {
        "Brigade": "3",
        "Time": "2017-05-14 06:17:32",
        "Lines": "18",
        "Lon": 21.0009,
        "Lat": 52.2574
      },
      {
        "Brigade": "3",
        "Time": "2017-05-14 06:17:53",
        "Lines": "18",
        "Lon": 20.9992,
        "Lat": 52.2561
      },
      {
        "Brigade": "3",
        "Time": "2017-05-14 06:18:14",
        "Lines": "18",
        "Lon": 20.9984,
        "Lat": 52.2557
      },
      {
        "Brigade": "3",
        "Time": "2017-05-14 06:18:35",
        "Lines": "18",
        "Lon": 20.9975,
        "Lat": 52.2553
      },
      {
        "Brigade": "3",
        "Time": "2017-05-14 06:18:56",
        "Lines": "18",
        "Lon": 20.9977,
        "Lat": 52.2542
      },
      {
        "Brigade": "3",
        "Time": "2017-05-14 06:19:17",
        "Lines": "18",
        "Lon": 20.9977,
        "Lat": 52.2541
      },
      {
        "Brigade": "3",
        "Time": "2017-05-14 06:19:38",
        "Lines": "18",
        "Lon": 20.9977,
        "Lat": 52.2541
      },
      {
        "Brigade": "3",
        "Time": "2017-05-14 06:19:59",
        "Lines": "18",
        "Lon": 20.9978,
        "Lat": 52.2537
      },
      {
        "Brigade": "3",
        "Time": "2017-05-14 06:20:20",
        "Lines": "18",
        "Lon": 20.9981,
        "Lat": 52.2524
      },
      {
        "Brigade": "3",
        "Time": "2017-05-14 06:20:41",
        "Lines": "18",
        "Lon": 20.9983,
        "Lat": 52.2511
      },
      {
        "Brigade": "3",
        "Time": "2017-05-14 06:21:02",
        "Lines": "18",
        "Lon": 20.9983,
        "Lat": 52.251
      },
      {
        "Brigade": "3",
        "Time": "2017-05-14 06:21:22",
        "Lines": "18",
        "Lon": 20.9987,
        "Lat": 52.2496
      },
      {
        "Brigade": "3",
        "Time": "2017-05-14 06:21:43",
        "Lines": "18",
        "Lon": 20.9987,
        "Lat": 52.2495
      },
      {
        "Brigade": "3",
        "Time": "2017-05-14 06:22:04",
        "Lines": "18",
        "Lon": 20.999,
        "Lat": 52.2483
      },
      {
        "Brigade": "3",
        "Time": "2017-05-14 06:22:25",
        "Lines": "18",
        "Lon": 21,
        "Lat": 52.2459
      },
      {
        "Brigade": "3",
        "Time": "2017-05-14 06:22:46",
        "Lines": "18",
        "Lon": 21.0005,
        "Lat": 52.2452
      },
      {
        "Brigade": "3",
        "Time": "2017-05-14 06:23:08",
        "Lines": "18",
        "Lon": 21.0009,
        "Lat": 52.2447
      },
      {
        "Brigade": "3",
        "Time": "2017-05-14 06:23:29",
        "Lines": "18",
        "Lon": 21.0014,
        "Lat": 52.2443
      },
      {
        "Brigade": "3",
        "Time": "2017-05-14 06:23:49",
        "Lines": "18",
        "Lon": 21.0024,
        "Lat": 52.2434
      },
      {
        "Brigade": "3",
        "Time": "2017-05-14 06:24:10",
        "Lines": "18",
        "Lon": 21.0025,
        "Lat": 52.2434
      },
      {
        "Brigade": "3",
        "Time": "2017-05-14 06:24:31",
        "Lines": "18",
        "Lon": 21.0036,
        "Lat": 52.2426
      },
      {
        "Brigade": "3",
        "Time": "2017-05-14 06:24:52",
        "Lines": "18",
        "Lon": 21.0047,
        "Lat": 52.2413
      },
      {
        "Brigade": "3",
        "Time": "2017-05-14 06:25:13",
        "Lines": "18",
        "Lon": 21.0051,
        "Lat": 52.2397
      },
      {
        "Brigade": "3",
        "Time": "2017-05-14 06:25:52",
        "Lines": "18",
        "Lon": 21.0064,
        "Lat": 52.2386
      },
      {
        "Brigade": "3",
        "Time": "2017-05-14 06:26:36",
        "Lines": "18",
        "Lon": 21.0075,
        "Lat": 52.2369
      },
      {
        "Brigade": "3",
        "Time": "2017-05-14 06:26:57",
        "Lines": "18",
        "Lon": 21.0083,
        "Lat": 52.2355
      },
      {
        "Brigade": "3",
        "Time": "2017-05-14 06:27:19",
        "Lines": "18",
        "Lon": 21.0083,
        "Lat": 52.2355
      },
      {
        "Brigade": "3",
        "Time": "2017-05-14 06:27:39",
        "Lines": "18",
        "Lon": 21.0083,
        "Lat": 52.2355
      },
      {
        "Brigade": "3",
        "Time": "2017-05-14 06:28:01",
        "Lines": "18",
        "Lon": 21.0098,
        "Lat": 52.2331
      },
      {
        "Brigade": "3",
        "Time": "2017-05-14 06:28:21",
        "Lines": "18",
        "Lon": 21.0113,
        "Lat": 52.2306
      },
      {
        "Brigade": "3",
        "Time": "2017-05-14 06:28:42",
        "Lines": "18",
        "Lon": 21.0115,
        "Lat": 52.2302
      },
      {
        "Brigade": "3",
        "Time": "2017-05-14 06:29:03",
        "Lines": "18",
        "Lon": 21.0121,
        "Lat": 52.2292
      },
      {
        "Brigade": "3",
        "Time": "2017-05-14 06:29:24",
        "Lines": "18",
        "Lon": 21.0131,
        "Lat": 52.2275
      },
      {
        "Brigade": "3",
        "Time": "2017-05-14 06:29:46",
        "Lines": "18",
        "Lon": 21.0135,
        "Lat": 52.2268
      },
      {
        "Brigade": "3",
        "Time": "2017-05-14 06:31:29",
        "Lines": "18",
        "Lon": 21.0155,
        "Lat": 52.2235
      },
      {
        "Brigade": "3",
        "Time": "2017-05-14 06:31:50",
        "Lines": "18",
        "Lon": 21.0162,
        "Lat": 52.2225
      },
      {
        "Brigade": "3",
        "Time": "2017-05-14 06:32:11",
        "Lines": "18",
        "Lon": 21.0169,
        "Lat": 52.2214
      },
      {
        "Brigade": "3",
        "Time": "2017-05-14 06:32:32",
        "Lines": "18",
        "Lon": 21.0173,
        "Lat": 52.2208
      },
      {
        "Brigade": "3",
        "Time": "2017-05-14 06:32:53",
        "Lines": "18",
        "Lon": 21.0173,
        "Lat": 52.2208
      },
      {
        "Brigade": "3",
        "Time": "2017-05-14 06:33:14",
        "Lines": "18",
        "Lon": 21.0174,
        "Lat": 52.2207
      },
      {
        "Brigade": "3",
        "Time": "2017-05-14 06:33:35",
        "Lines": "18",
        "Lon": 21.0178,
        "Lat": 52.2199
      },
      {
        "Brigade": "3",
        "Time": "2017-05-14 06:33:56",
        "Lines": "18",
        "Lon": 21.0187,
        "Lat": 52.2185
      },
      {
        "Brigade": "3",
        "Time": "2017-05-14 06:34:17",
        "Lines": "18",
        "Lon": 21.0193,
        "Lat": 52.2176
      },
      {
        "Brigade": "3",
        "Time": "2017-05-14 06:34:39",
        "Lines": "18",
        "Lon": 21.0201,
        "Lat": 52.2162
      },
      {
        "Brigade": "3",
        "Time": "2017-05-14 06:34:58",
        "Lines": "18",
        "Lon": 21.0211,
        "Lat": 52.2145
      },
      {
        "Brigade": "3",
        "Time": "2017-05-14 06:35:19",
        "Lines": "18",
        "Lon": 21.0212,
        "Lat": 52.2142
      },
      {
        "Brigade": "3",
        "Time": "2017-05-14 06:35:40",
        "Lines": "18",
        "Lon": 21.0212,
        "Lat": 52.2142
      },
      {
        "Brigade": "3",
        "Time": "2017-05-14 06:36:01",
        "Lines": "18",
        "Lon": 21.0212,
        "Lat": 52.2142
      },
      {
        "Brigade": "3",
        "Time": "2017-05-14 06:36:22",
        "Lines": "18",
        "Lon": 21.0212,
        "Lat": 52.2142
      },
      {
        "Brigade": "3",
        "Time": "2017-05-14 06:36:43",
        "Lines": "18",
        "Lon": 21.0212,
        "Lat": 52.2133
      },
      {
        "Brigade": "3",
        "Time": "2017-05-14 06:37:04",
        "Lines": "18",
        "Lon": 21.0205,
        "Lat": 52.212
      },
      {
        "Brigade": "3",
        "Time": "2017-05-14 06:37:25",
        "Lines": "18",
        "Lon": 21.0205,
        "Lat": 52.212
      },
      {
        "Brigade": "3",
        "Time": "2017-05-14 06:37:46",
        "Lines": "18",
        "Lon": 21.0205,
        "Lat": 52.212
      },
      {
        "Brigade": "3",
        "Time": "2017-05-14 06:38:07",
        "Lines": "18",
        "Lon": 21.0204,
        "Lat": 52.2115
      },
      {
        "Brigade": "3",
        "Time": "2017-05-14 06:38:28",
        "Lines": "18",
        "Lon": 21.0213,
        "Lat": 52.2093
      },
      {
        "Brigade": "3",
        "Time": "2017-05-14 06:38:49",
        "Lines": "18",
        "Lon": 21.0215,
        "Lat": 52.2089
      },
      {
        "Brigade": "3",
        "Time": "2017-05-14 06:39:09",
        "Lines": "18",
        "Lon": 21.0225,
        "Lat": 52.2064
      },
      {
        "Brigade": "3",
        "Time": "2017-05-14 06:39:31",
        "Lines": "18",
        "Lon": 21.0227,
        "Lat": 52.2057
      },
      {
        "Brigade": "3",
        "Time": "2017-05-14 06:39:51",
        "Lines": "18",
        "Lon": 21.0227,
        "Lat": 52.2057
      },
      {
        "Brigade": "3",
        "Time": "2017-05-14 06:40:12",
        "Lines": "18",
        "Lon": 21.0228,
        "Lat": 52.2056
      },
      {
        "Brigade": "3",
        "Time": "2017-05-14 06:40:33",
        "Lines": "18",
        "Lon": 21.0229,
        "Lat": 52.2049
      },
      {
        "Brigade": "3",
        "Time": "2017-05-14 06:40:55",
        "Lines": "18",
        "Lon": 21.0232,
        "Lat": 52.2033
      },
      {
        "Brigade": "3",
        "Time": "2017-05-14 06:41:15",
        "Lines": "18",
        "Lon": 21.0234,
        "Lat": 52.2023
      },
      {
        "Brigade": "3",
        "Time": "2017-05-14 06:41:37",
        "Lines": "18",
        "Lon": 21.0236,
        "Lat": 52.2012
      },
      {
        "Brigade": "3",
        "Time": "2017-05-14 06:41:57",
        "Lines": "18",
        "Lon": 21.0237,
        "Lat": 52.2004
      },
      {
        "Brigade": "3",
        "Time": "2017-05-14 06:42:18",
        "Lines": "18",
        "Lon": 21.0238,
        "Lat": 52.1998
      },
      {
        "Brigade": "3",
        "Time": "2017-05-14 06:42:39",
        "Lines": "18",
        "Lon": 21.0241,
        "Lat": 52.1974
      },
      {
        "Brigade": "3",
        "Time": "2017-05-14 06:43:00",
        "Lines": "18",
        "Lon": 21.0241,
        "Lat": 52.1965
      },
      {
        "Brigade": "3",
        "Time": "2017-05-14 06:43:20",
        "Lines": "18",
        "Lon": 21.0242,
        "Lat": 52.1952
      },
      {
        "Brigade": "3",
        "Time": "2017-05-14 06:43:41",
        "Lines": "18",
        "Lon": 21.0243,
        "Lat": 52.1941
      },
      {
        "Brigade": "3",
        "Time": "2017-05-14 06:44:02",
        "Lines": "18",
        "Lon": 21.0243,
        "Lat": 52.1941
      },
      {
        "Brigade": "3",
        "Time": "2017-05-14 06:44:23",
        "Lines": "18",
        "Lon": 21.0243,
        "Lat": 52.193
      },
      {
        "Brigade": "3",
        "Time": "2017-05-14 06:44:44",
        "Lines": "18",
        "Lon": 21.0244,
        "Lat": 52.191
      },
      {
        "Brigade": "3",
        "Time": "2017-05-14 06:45:05",
        "Lines": "18",
        "Lon": 21.0245,
        "Lat": 52.1902
      },
      {
        "Brigade": "3",
        "Time": "2017-05-14 06:45:26",
        "Lines": "18",
        "Lon": 21.0245,
        "Lat": 52.1902
      },
      {
        "Brigade": "3",
        "Time": "2017-05-14 06:45:47",
        "Lines": "18",
        "Lon": 21.0245,
        "Lat": 52.1902
      },
      {
        "Brigade": "3",
        "Time": "2017-05-14 06:46:08",
        "Lines": "18",
        "Lon": 21.0245,
        "Lat": 52.1902
      },
      {
        "Brigade": "3",
        "Time": "2017-05-14 06:46:29",
        "Lines": "18",
        "Lon": 21.0245,
        "Lat": 52.1902
      },
      {
        "Brigade": "3",
        "Time": "2017-05-14 06:46:50",
        "Lines": "18",
        "Lon": 21.0245,
        "Lat": 52.1902
      },
      {
        "Brigade": "3",
        "Time": "2017-05-14 06:47:11",
        "Lines": "18",
        "Lon": 21.0245,
        "Lat": 52.1902
      },
      {
        "Brigade": "3",
        "Time": "2017-05-14 06:47:32",
        "Lines": "18",
        "Lon": 21.0245,
        "Lat": 52.1902
      },
      {
        "Brigade": "3",
        "Time": "2017-05-14 06:47:52",
        "Lines": "18",
        "Lon": 21.0234,
        "Lat": 52.1898
      },
      {
        "Brigade": "3",
        "Time": "2017-05-14 06:48:13",
        "Lines": "18",
        "Lon": 21.0221,
        "Lat": 52.1897
      },
      {
        "Brigade": "3",
        "Time": "2017-05-14 06:48:34",
        "Lines": "18",
        "Lon": 21.0208,
        "Lat": 52.1896
      },
      {
        "Brigade": "3",
        "Time": "2017-05-14 06:48:55",
        "Lines": "18",
        "Lon": 21.0197,
        "Lat": 52.1894
      },
      {
        "Brigade": "3",
        "Time": "2017-05-14 06:49:16",
        "Lines": "18",
        "Lon": 21.0186,
        "Lat": 52.1892
      },
      {
        "Brigade": "3",
        "Time": "2017-05-14 06:49:37",
        "Lines": "18",
        "Lon": 21.0179,
        "Lat": 52.1892
      },
      {
        "Brigade": "3",
        "Time": "2017-05-14 06:49:58",
        "Lines": "18",
        "Lon": 21.0179,
        "Lat": 52.1892
      },
      {
        "Brigade": "3",
        "Time": "2017-05-14 06:50:19",
        "Lines": "18",
        "Lon": 21.0179,
        "Lat": 52.1892
      },
      {
        "Brigade": "3",
        "Time": "2017-05-14 06:50:40",
        "Lines": "18",
        "Lon": 21.0173,
        "Lat": 52.1891
      },
      {
        "Brigade": "3",
        "Time": "2017-05-14 06:51:01",
        "Lines": "18",
        "Lon": 21.0129,
        "Lat": 52.189
      },
      {
        "Brigade": "3",
        "Time": "2017-05-14 06:51:22",
        "Lines": "18",
        "Lon": 21.012,
        "Lat": 52.189
      },
      {
        "Brigade": "3",
        "Time": "2017-05-14 06:51:43",
        "Lines": "18",
        "Lon": 21.012,
        "Lat": 52.189
      },
      {
        "Brigade": "3",
        "Time": "2017-05-14 06:52:04",
        "Lines": "18",
        "Lon": 21.0084,
        "Lat": 52.1889
      },
      {
        "Brigade": "3",
        "Time": "2017-05-14 06:52:24",
        "Lines": "18",
        "Lon": 21.0076,
        "Lat": 52.1889
      },
      {
        "Brigade": "3",
        "Time": "2017-05-14 06:52:45",
        "Lines": "18",
        "Lon": 21.0076,
        "Lat": 52.1889
      },
      {
        "Brigade": "3",
        "Time": "2017-05-14 06:53:06",
        "Lines": "18",
        "Lon": 21.0076,
        "Lat": 52.1889
      },
      {
        "Brigade": "3",
        "Time": "2017-05-14 06:53:29",
        "Lines": "18",
        "Lon": 21.0048,
        "Lat": 52.1889
      },
      {
        "Brigade": "3",
        "Time": "2017-05-14 06:53:48",
        "Lines": "18",
        "Lon": 21.0034,
        "Lat": 52.1889
      },
      {
        "Brigade": "3",
        "Time": "2017-05-14 06:54:11",
        "Lines": "18",
        "Lon": 21.0026,
        "Lat": 52.1888
      },
      {
        "Brigade": "3",
        "Time": "2017-05-14 06:54:32",
        "Lines": "18",
        "Lon": 21.0026,
        "Lat": 52.1888
      },
      {
        "Brigade": "3",
        "Time": "2017-05-14 06:54:51",
        "Lines": "18",
        "Lon": 21.0026,
        "Lat": 52.1888
      },
      {
        "Brigade": "3",
        "Time": "2017-05-14 06:55:13",
        "Lines": "18",
        "Lon": 21.0026,
        "Lat": 52.1888
      },
      {
        "Brigade": "3",
        "Time": "2017-05-14 06:55:33",
        "Lines": "18",
        "Lon": 21.0026,
        "Lat": 52.1888
      },
      {
        "Brigade": "3",
        "Time": "2017-05-14 06:55:54",
        "Lines": "18",
        "Lon": 21.0026,
        "Lat": 52.1888
      },
      {
        "Brigade": "3",
        "Time": "2017-05-14 06:56:15",
        "Lines": "18",
        "Lon": 21.0026,
        "Lat": 52.1888
      },
      {
        "Brigade": "3",
        "Time": "2017-05-14 06:56:36",
        "Lines": "18",
        "Lon": 21.002,
        "Lat": 52.1895
      },
      {
        "Brigade": "3",
        "Time": "2017-05-14 06:56:56",
        "Lines": "18",
        "Lon": 21.002,
        "Lat": 52.1899
      },
      {
        "Brigade": "3",
        "Time": "2017-05-14 06:57:17",
        "Lines": "18",
        "Lon": 21.0018,
        "Lat": 52.1919
      }
    ]
  }
]
