[
  {
    "res": [
      {
        "Brigade": "6",
        "Time": "2017-05-14 05:35:29",
        "Lines": "18",
        "Lon": 21.0033,
        "Lat": 52.1888
      },
      {
        "Brigade": "6",
        "Time": "2017-05-14 05:35:45",
        "Lines": "18",
        "Lon": 21.0034,
        "Lat": 52.1888
      },
      {
        "Brigade": "6",
        "Time": "2017-05-14 05:35:56",
        "Lines": "18",
        "Lon": 21.0034,
        "Lat": 52.1888
      },
      {
        "Brigade": "6",
        "Time": "2017-05-14 05:36:06",
        "Lines": "18",
        "Lon": 21.0039,
        "Lat": 52.1888
      },
      {
        "Brigade": "6",
        "Time": "2017-05-14 05:36:17",
        "Lines": "18",
        "Lon": 21.0046,
        "Lat": 52.1888
      },
      {
        "Brigade": "6",
        "Time": "2017-05-14 05:36:27",
        "Lines": "18",
        "Lon": 21.0052,
        "Lat": 52.1888
      },
      {
        "Brigade": "6",
        "Time": "2017-05-14 05:36:38",
        "Lines": "18",
        "Lon": 21.0063,
        "Lat": 52.1889
      },
      {
        "Brigade": "6",
        "Time": "2017-05-14 05:36:53",
        "Lines": "18",
        "Lon": 21.0072,
        "Lat": 52.1889
      },
      {
        "Brigade": "6",
        "Time": "2017-05-14 05:37:04",
        "Lines": "18",
        "Lon": 21.0072,
        "Lat": 52.1889
      },
      {
        "Brigade": "6",
        "Time": "2017-05-14 05:37:15",
        "Lines": "18",
        "Lon": 21.0072,
        "Lat": 52.1889
      },
      {
        "Brigade": "6",
        "Time": "2017-05-14 05:37:25",
        "Lines": "18",
        "Lon": 21.0072,
        "Lat": 52.1889
      },
      {
        "Brigade": "6",
        "Time": "2017-05-14 05:37:35",
        "Lines": "18",
        "Lon": 21.0072,
        "Lat": 52.1889
      },
      {
        "Brigade": "6",
        "Time": "2017-05-14 05:37:46",
        "Lines": "18",
        "Lon": 21.0072,
        "Lat": 52.1889
      },
      {
        "Brigade": "6",
        "Time": "2017-05-14 05:37:56",
        "Lines": "18",
        "Lon": 21.0075,
        "Lat": 52.1889
      },
      {
        "Brigade": "6",
        "Time": "2017-05-14 05:38:07",
        "Lines": "18",
        "Lon": 21.0093,
        "Lat": 52.1889
      },
      {
        "Brigade": "6",
        "Time": "2017-05-14 05:38:17",
        "Lines": "18",
        "Lon": 21.0111,
        "Lat": 52.1889
      },
      {
        "Brigade": "6",
        "Time": "2017-05-14 05:38:28",
        "Lines": "18",
        "Lon": 21.0114,
        "Lat": 52.1889
      },
      {
        "Brigade": "6",
        "Time": "2017-05-14 05:38:38",
        "Lines": "18",
        "Lon": 21.012,
        "Lat": 52.1889
      },
      {
        "Brigade": "6",
        "Time": "2017-05-14 05:38:44",
        "Lines": "18",
        "Lon": 21.013,
        "Lat": 52.1889
      },
      {
        "Brigade": "6",
        "Time": "2017-05-14 05:39:04",
        "Lines": "18",
        "Lon": 21.0157,
        "Lat": 52.189
      },
      {
        "Brigade": "6",
        "Time": "2017-05-14 05:39:15",
        "Lines": "18",
        "Lon": 21.0165,
        "Lat": 52.189
      },
      {
        "Brigade": "6",
        "Time": "2017-05-14 05:39:25",
        "Lines": "18",
        "Lon": 21.0165,
        "Lat": 52.189
      },
      {
        "Brigade": "6",
        "Time": "2017-05-14 05:39:36",
        "Lines": "18",
        "Lon": 21.0172,
        "Lat": 52.189
      },
      {
        "Brigade": "6",
        "Time": "2017-05-14 05:39:46",
        "Lines": "18",
        "Lon": 21.0184,
        "Lat": 52.1892
      },
      {
        "Brigade": "6",
        "Time": "2017-05-14 05:39:57",
        "Lines": "18",
        "Lon": 21.0192,
        "Lat": 52.1893
      },
      {
        "Brigade": "6",
        "Time": "2017-05-14 05:40:07",
        "Lines": "18",
        "Lon": 21.0197,
        "Lat": 52.1894
      },
      {
        "Brigade": "6",
        "Time": "2017-05-14 05:40:23",
        "Lines": "18",
        "Lon": 21.0207,
        "Lat": 52.1895
      },
      {
        "Brigade": "6",
        "Time": "2017-05-14 05:40:34",
        "Lines": "18",
        "Lon": 21.0214,
        "Lat": 52.1896
      },
      {
        "Brigade": "6",
        "Time": "2017-05-14 05:40:44",
        "Lines": "18",
        "Lon": 21.0219,
        "Lat": 52.1897
      },
      {
        "Brigade": "6",
        "Time": "2017-05-14 05:40:55",
        "Lines": "18",
        "Lon": 21.0228,
        "Lat": 52.1898
      },
      {
        "Brigade": "6",
        "Time": "2017-05-14 05:41:06",
        "Lines": "18",
        "Lon": 21.0234,
        "Lat": 52.1898
      },
      {
        "Brigade": "6",
        "Time": "2017-05-14 05:41:16",
        "Lines": "18",
        "Lon": 21.0234,
        "Lat": 52.1898
      },
      {
        "Brigade": "6",
        "Time": "2017-05-14 05:41:26",
        "Lines": "18",
        "Lon": 21.0234,
        "Lat": 52.1898
      },
      {
        "Brigade": "6",
        "Time": "2017-05-14 05:41:37",
        "Lines": "18",
        "Lon": 21.0236,
        "Lat": 52.1898
      },
      {
        "Brigade": "6",
        "Time": "2017-05-14 05:41:47",
        "Lines": "18",
        "Lon": 21.0239,
        "Lat": 52.1898
      },
      {
        "Brigade": "6",
        "Time": "2017-05-14 05:42:03",
        "Lines": "18",
        "Lon": 21.0239,
        "Lat": 52.1898
      },
      {
        "Brigade": "6",
        "Time": "2017-05-14 05:42:08",
        "Lines": "18",
        "Lon": 21.0239,
        "Lat": 52.1898
      },
      {
        "Brigade": "6",
        "Time": "2017-05-14 05:42:19",
        "Lines": "18",
        "Lon": 21.0239,
        "Lat": 52.1898
      },
      {
        "Brigade": "6",
        "Time": "2017-05-14 05:42:45",
        "Lines": "18",
        "Lon": 21.0239,
        "Lat": 52.1898
      },
      {
        "Brigade": "6",
        "Time": "2017-05-14 05:42:50",
        "Lines": "18",
        "Lon": 21.024,
        "Lat": 52.1898
      },
      {
        "Brigade": "6",
        "Time": "2017-05-14 05:43:06",
        "Lines": "18",
        "Lon": 21.0245,
        "Lat": 52.1903
      },
      {
        "Brigade": "6",
        "Time": "2017-05-14 05:43:16",
        "Lines": "18",
        "Lon": 21.0245,
        "Lat": 52.1907
      },
      {
        "Brigade": "6",
        "Time": "2017-05-14 05:43:27",
        "Lines": "18",
        "Lon": 21.0245,
        "Lat": 52.1908
      },
      {
        "Brigade": "6",
        "Time": "2017-05-14 05:43:37",
        "Lines": "18",
        "Lon": 21.0245,
        "Lat": 52.1909
      },
      {
        "Brigade": "6",
        "Time": "2017-05-14 05:43:48",
        "Lines": "18",
        "Lon": 21.0245,
        "Lat": 52.1916
      },
      {
        "Brigade": "6",
        "Time": "2017-05-14 05:44:03",
        "Lines": "18",
        "Lon": 21.0243,
        "Lat": 52.1935
      },
      {
        "Brigade": "6",
        "Time": "2017-05-14 05:44:14",
        "Lines": "18",
        "Lon": 21.0243,
        "Lat": 52.1944
      },
      {
        "Brigade": "6",
        "Time": "2017-05-14 05:44:24",
        "Lines": "18",
        "Lon": 21.0243,
        "Lat": 52.1945
      },
      {
        "Brigade": "6",
        "Time": "2017-05-14 05:44:35",
        "Lines": "18",
        "Lon": 21.0243,
        "Lat": 52.1946
      },
      {
        "Brigade": "6",
        "Time": "2017-05-14 05:44:45",
        "Lines": "18",
        "Lon": 21.0242,
        "Lat": 52.1956
      },
      {
        "Brigade": "6",
        "Time": "2017-05-14 05:44:56",
        "Lines": "18",
        "Lon": 21.0242,
        "Lat": 52.1967
      },
      {
        "Brigade": "6",
        "Time": "2017-05-14 05:45:06",
        "Lines": "18",
        "Lon": 21.0241,
        "Lat": 52.1971
      },
      {
        "Brigade": "6",
        "Time": "2017-05-14 05:45:17",
        "Lines": "18",
        "Lon": 21.0241,
        "Lat": 52.1971
      },
      {
        "Brigade": "6",
        "Time": "2017-05-14 05:45:33",
        "Lines": "18",
        "Lon": 21.0241,
        "Lat": 52.1977
      },
      {
        "Brigade": "6",
        "Time": "2017-05-14 05:45:43",
        "Lines": "18",
        "Lon": 21.0239,
        "Lat": 52.1991
      },
      {
        "Brigade": "6",
        "Time": "2017-05-14 05:45:48",
        "Lines": "18",
        "Lon": 21.0238,
        "Lat": 52.1998
      },
      {
        "Brigade": "6",
        "Time": "2017-05-14 05:46:00",
        "Lines": "18",
        "Lon": 21.0237,
        "Lat": 52.2011
      },
      {
        "Brigade": "6",
        "Time": "2017-05-14 05:46:15",
        "Lines": "18",
        "Lon": 21.0234,
        "Lat": 52.2026
      },
      {
        "Brigade": "6",
        "Time": "2017-05-14 05:46:25",
        "Lines": "18",
        "Lon": 21.0234,
        "Lat": 52.2026
      },
      {
        "Brigade": "6",
        "Time": "2017-05-14 05:46:35",
        "Lines": "18",
        "Lon": 21.0233,
        "Lat": 52.2033
      },
      {
        "Brigade": "6",
        "Time": "2017-05-14 05:46:46",
        "Lines": "18",
        "Lon": 21.0231,
        "Lat": 52.2044
      },
      {
        "Brigade": "6",
        "Time": "2017-05-14 05:46:57",
        "Lines": "18",
        "Lon": 21.0229,
        "Lat": 52.2052
      },
      {
        "Brigade": "6",
        "Time": "2017-05-14 05:47:07",
        "Lines": "18",
        "Lon": 21.0229,
        "Lat": 52.2053
      },
      {
        "Brigade": "6",
        "Time": "2017-05-14 05:47:17",
        "Lines": "18",
        "Lon": 21.0229,
        "Lat": 52.2053
      },
      {
        "Brigade": "6",
        "Time": "2017-05-14 05:47:33",
        "Lines": "18",
        "Lon": 21.0229,
        "Lat": 52.2053
      },
      {
        "Brigade": "6",
        "Time": "2017-05-14 05:47:44",
        "Lines": "18",
        "Lon": 21.0229,
        "Lat": 52.2054
      },
      {
        "Brigade": "6",
        "Time": "2017-05-14 05:47:55",
        "Lines": "18",
        "Lon": 21.0227,
        "Lat": 52.2061
      },
      {
        "Brigade": "6",
        "Time": "2017-05-14 05:48:00",
        "Lines": "18",
        "Lon": 21.0224,
        "Lat": 52.2067
      },
      {
        "Brigade": "6",
        "Time": "2017-05-14 05:48:16",
        "Lines": "18",
        "Lon": 21.0217,
        "Lat": 52.2085
      },
      {
        "Brigade": "6",
        "Time": "2017-05-14 05:48:26",
        "Lines": "18",
        "Lon": 21.0214,
        "Lat": 52.2094
      },
      {
        "Brigade": "6",
        "Time": "2017-05-14 05:48:47",
        "Lines": "18",
        "Lon": 21.0211,
        "Lat": 52.2101
      },
      {
        "Brigade": "6",
        "Time": "2017-05-14 05:48:57",
        "Lines": "18",
        "Lon": 21.0208,
        "Lat": 52.2106
      },
      {
        "Brigade": "6",
        "Time": "2017-05-14 05:49:08",
        "Lines": "18",
        "Lon": 21.0208,
        "Lat": 52.2106
      },
      {
        "Brigade": "6",
        "Time": "2017-05-14 05:49:23",
        "Lines": "18",
        "Lon": 21.0208,
        "Lat": 52.2106
      },
      {
        "Brigade": "6",
        "Time": "2017-05-14 05:49:34",
        "Lines": "18",
        "Lon": 21.0208,
        "Lat": 52.2106
      },
      {
        "Brigade": "6",
        "Time": "2017-05-14 05:49:44",
        "Lines": "18",
        "Lon": 21.0208,
        "Lat": 52.2106
      },
      {
        "Brigade": "6",
        "Time": "2017-05-14 05:49:55",
        "Lines": "18",
        "Lon": 21.0208,
        "Lat": 52.2106
      },
      {
        "Brigade": "6",
        "Time": "2017-05-14 05:50:05",
        "Lines": "18",
        "Lon": 21.0206,
        "Lat": 52.211
      },
      {
        "Brigade": "6",
        "Time": "2017-05-14 05:50:16",
        "Lines": "18",
        "Lon": 21.0206,
        "Lat": 52.212
      },
      {
        "Brigade": "6",
        "Time": "2017-05-14 05:50:26",
        "Lines": "18",
        "Lon": 21.0212,
        "Lat": 52.2129
      },
      {
        "Brigade": "6",
        "Time": "2017-05-14 05:50:37",
        "Lines": "18",
        "Lon": 21.0214,
        "Lat": 52.2138
      },
      {
        "Brigade": "6",
        "Time": "2017-05-14 05:50:47",
        "Lines": "18",
        "Lon": 21.021,
        "Lat": 52.2145
      },
      {
        "Brigade": "6",
        "Time": "2017-05-14 05:50:58",
        "Lines": "18",
        "Lon": 21.021,
        "Lat": 52.2146
      },
      {
        "Brigade": "6",
        "Time": "2017-05-14 05:51:08",
        "Lines": "18",
        "Lon": 21.0207,
        "Lat": 52.215
      },
      {
        "Brigade": "6",
        "Time": "2017-05-14 05:51:24",
        "Lines": "18",
        "Lon": 21.02,
        "Lat": 52.2163
      },
      {
        "Brigade": "6",
        "Time": "2017-05-14 05:51:35",
        "Lines": "18",
        "Lon": 21.0195,
        "Lat": 52.2173
      },
      {
        "Brigade": "6",
        "Time": "2017-05-14 05:51:50",
        "Lines": "18",
        "Lon": 21.019,
        "Lat": 52.2179
      },
      {
        "Brigade": "6",
        "Time": "2017-05-14 05:52:18",
        "Lines": "18",
        "Lon": 21.0181,
        "Lat": 52.2195
      },
      {
        "Brigade": "6",
        "Time": "2017-05-14 05:52:32",
        "Lines": "18",
        "Lon": 21.0181,
        "Lat": 52.2195
      },
      {
        "Brigade": "6",
        "Time": "2017-05-14 05:52:48",
        "Lines": "18",
        "Lon": 21.0176,
        "Lat": 52.2203
      },
      {
        "Brigade": "6",
        "Time": "2017-05-14 05:52:59",
        "Lines": "18",
        "Lon": 21.0175,
        "Lat": 52.2207
      },
      {
        "Brigade": "6",
        "Time": "2017-05-14 05:53:14",
        "Lines": "18",
        "Lon": 21.0165,
        "Lat": 52.2222
      },
      {
        "Brigade": "6",
        "Time": "2017-05-14 05:53:20",
        "Lines": "18",
        "Lon": 21.0162,
        "Lat": 52.2226
      },
      {
        "Brigade": "6",
        "Time": "2017-05-14 05:53:36",
        "Lines": "18",
        "Lon": 21.016,
        "Lat": 52.2229
      },
      {
        "Brigade": "6",
        "Time": "2017-05-14 05:53:46",
        "Lines": "18",
        "Lon": 21.016,
        "Lat": 52.2229
      },
      {
        "Brigade": "6",
        "Time": "2017-05-14 05:53:56",
        "Lines": "18",
        "Lon": 21.0159,
        "Lat": 52.2231
      },
      {
        "Brigade": "6",
        "Time": "2017-05-14 05:54:07",
        "Lines": "18",
        "Lon": 21.0155,
        "Lat": 52.2235
      },
      {
        "Brigade": "6",
        "Time": "2017-05-14 05:54:17",
        "Lines": "18",
        "Lon": 21.0151,
        "Lat": 52.2241
      },
      {
        "Brigade": "6",
        "Time": "2017-05-14 05:54:28",
        "Lines": "18",
        "Lon": 21.0145,
        "Lat": 52.2251
      },
      {
        "Brigade": "6",
        "Time": "2017-05-14 05:54:38",
        "Lines": "18",
        "Lon": 21.0141,
        "Lat": 52.2258
      },
      {
        "Brigade": "6",
        "Time": "2017-05-14 05:54:49",
        "Lines": "18",
        "Lon": 21.0141,
        "Lat": 52.2259
      },
      {
        "Brigade": "6",
        "Time": "2017-05-14 05:54:59",
        "Lines": "18",
        "Lon": 21.014,
        "Lat": 52.2262
      },
      {
        "Brigade": "6",
        "Time": "2017-05-14 05:55:10",
        "Lines": "18",
        "Lon": 21.0136,
        "Lat": 52.2268
      },
      {
        "Brigade": "6",
        "Time": "2017-05-14 05:55:26",
        "Lines": "18",
        "Lon": 21.0135,
        "Lat": 52.2269
      },
      {
        "Brigade": "6",
        "Time": "2017-05-14 05:55:36",
        "Lines": "18",
        "Lon": 21.0134,
        "Lat": 52.2271
      },
      {
        "Brigade": "6",
        "Time": "2017-05-14 05:55:47",
        "Lines": "18",
        "Lon": 21.0131,
        "Lat": 52.2277
      },
      {
        "Brigade": "6",
        "Time": "2017-05-14 05:55:57",
        "Lines": "18",
        "Lon": 21.0126,
        "Lat": 52.2285
      },
      {
        "Brigade": "6",
        "Time": "2017-05-14 05:56:07",
        "Lines": "18",
        "Lon": 21.0121,
        "Lat": 52.2293
      },
      {
        "Brigade": "6",
        "Time": "2017-05-14 05:56:18",
        "Lines": "18",
        "Lon": 21.012,
        "Lat": 52.2295
      },
      {
        "Brigade": "6",
        "Time": "2017-05-14 05:56:28",
        "Lines": "18",
        "Lon": 21.012,
        "Lat": 52.2295
      },
      {
        "Brigade": "6",
        "Time": "2017-05-14 05:56:39",
        "Lines": "18",
        "Lon": 21.012,
        "Lat": 52.2295
      },
      {
        "Brigade": "6",
        "Time": "2017-05-14 05:56:55",
        "Lines": "18",
        "Lon": 21.012,
        "Lat": 52.2295
      },
      {
        "Brigade": "6",
        "Time": "2017-05-14 05:57:05",
        "Lines": "18",
        "Lon": 21.012,
        "Lat": 52.2295
      },
      {
        "Brigade": "6",
        "Time": "2017-05-14 05:57:16",
        "Lines": "18",
        "Lon": 21.012,
        "Lat": 52.2295
      },
      {
        "Brigade": "6",
        "Time": "2017-05-14 05:57:26",
        "Lines": "18",
        "Lon": 21.012,
        "Lat": 52.2295
      },
      {
        "Brigade": "6",
        "Time": "2017-05-14 05:57:36",
        "Lines": "18",
        "Lon": 21.0119,
        "Lat": 52.2296
      },
      {
        "Brigade": "6",
        "Time": "2017-05-14 05:57:47",
        "Lines": "18",
        "Lon": 21.0117,
        "Lat": 52.23
      },
      {
        "Brigade": "6",
        "Time": "2017-05-14 05:57:57",
        "Lines": "18",
        "Lon": 21.0113,
        "Lat": 52.2306
      },
      {
        "Brigade": "6",
        "Time": "2017-05-14 05:58:09",
        "Lines": "18",
        "Lon": 21.0107,
        "Lat": 52.2317
      },
      {
        "Brigade": "6",
        "Time": "2017-05-14 05:58:20",
        "Lines": "18",
        "Lon": 21.0099,
        "Lat": 52.2328
      },
      {
        "Brigade": "6",
        "Time": "2017-05-14 05:58:29",
        "Lines": "18",
        "Lon": 21.0092,
        "Lat": 52.2341
      },
      {
        "Brigade": "6",
        "Time": "2017-05-14 05:58:45",
        "Lines": "18",
        "Lon": 21.0087,
        "Lat": 52.2349
      },
      {
        "Brigade": "6",
        "Time": "2017-05-14 05:58:55",
        "Lines": "18",
        "Lon": 21.0087,
        "Lat": 52.2349
      },
      {
        "Brigade": "6",
        "Time": "2017-05-14 05:59:06",
        "Lines": "18",
        "Lon": 21.0086,
        "Lat": 52.2351
      },
      {
        "Brigade": "6",
        "Time": "2017-05-14 05:59:16",
        "Lines": "18",
        "Lon": 21.008,
        "Lat": 52.2361
      },
      {
        "Brigade": "6",
        "Time": "2017-05-14 05:59:27",
        "Lines": "18",
        "Lon": 21.0072,
        "Lat": 52.2373
      },
      {
        "Brigade": "6",
        "Time": "2017-05-14 05:59:37",
        "Lines": "18",
        "Lon": 21.0068,
        "Lat": 52.2379
      },
      {
        "Brigade": "6",
        "Time": "2017-05-14 05:59:48",
        "Lines": "18",
        "Lon": 21.0068,
        "Lat": 52.238
      },
      {
        "Brigade": "6",
        "Time": "2017-05-14 05:59:58",
        "Lines": "18",
        "Lon": 21.0066,
        "Lat": 52.2384
      },
      {
        "Brigade": "6",
        "Time": "2017-05-14 06:00:09",
        "Lines": "18",
        "Lon": 21.0061,
        "Lat": 52.2388
      },
      {
        "Brigade": "6",
        "Time": "2017-05-14 06:00:19",
        "Lines": "18",
        "Lon": 21.0057,
        "Lat": 52.2391
      },
      {
        "Brigade": "6",
        "Time": "2017-05-14 06:00:35",
        "Lines": "18",
        "Lon": 21.0056,
        "Lat": 52.2391
      },
      {
        "Brigade": "6",
        "Time": "2017-05-14 06:00:40",
        "Lines": "18",
        "Lon": 21.0056,
        "Lat": 52.2391
      },
      {
        "Brigade": "6",
        "Time": "2017-05-14 06:01:06",
        "Lines": "18",
        "Lon": 21.0048,
        "Lat": 52.241
      },
      {
        "Brigade": "6",
        "Time": "2017-05-14 06:01:17",
        "Lines": "18",
        "Lon": 21.0043,
        "Lat": 52.2416
      },
      {
        "Brigade": "6",
        "Time": "2017-05-14 06:01:27",
        "Lines": "18",
        "Lon": 21.0038,
        "Lat": 52.2423
      },
      {
        "Brigade": "6",
        "Time": "2017-05-14 06:01:38",
        "Lines": "18",
        "Lon": 21.0032,
        "Lat": 52.2429
      },
      {
        "Brigade": "6",
        "Time": "2017-05-14 06:01:48",
        "Lines": "18",
        "Lon": 21.0026,
        "Lat": 52.2433
      },
      {
        "Brigade": "6",
        "Time": "2017-05-14 06:01:59",
        "Lines": "18",
        "Lon": 21.0025,
        "Lat": 52.2433
      },
      {
        "Brigade": "6",
        "Time": "2017-05-14 06:02:14",
        "Lines": "18",
        "Lon": 21.0025,
        "Lat": 52.2433
      },
      {
        "Brigade": "6",
        "Time": "2017-05-14 06:02:20",
        "Lines": "18",
        "Lon": 21.0023,
        "Lat": 52.2435
      },
      {
        "Brigade": "6",
        "Time": "2017-05-14 06:02:35",
        "Lines": "18",
        "Lon": 21.0015,
        "Lat": 52.2442
      },
      {
        "Brigade": "6",
        "Time": "2017-05-14 06:02:46",
        "Lines": "18",
        "Lon": 21.0011,
        "Lat": 52.2446
      },
      {
        "Brigade": "6",
        "Time": "2017-05-14 06:02:56",
        "Lines": "18",
        "Lon": 21.0008,
        "Lat": 52.2449
      },
      {
        "Brigade": "6",
        "Time": "2017-05-14 06:03:07",
        "Lines": "18",
        "Lon": 21.0006,
        "Lat": 52.2451
      },
      {
        "Brigade": "6",
        "Time": "2017-05-14 06:03:17",
        "Lines": "18",
        "Lon": 21.0006,
        "Lat": 52.2451
      },
      {
        "Brigade": "6",
        "Time": "2017-05-14 06:03:28",
        "Lines": "18",
        "Lon": 21.0003,
        "Lat": 52.2455
      },
      {
        "Brigade": "6",
        "Time": "2017-05-14 06:03:38",
        "Lines": "18",
        "Lon": 20.9997,
        "Lat": 52.2463
      },
      {
        "Brigade": "6",
        "Time": "2017-05-14 06:03:49",
        "Lines": "18",
        "Lon": 20.9993,
        "Lat": 52.2473
      },
      {
        "Brigade": "6",
        "Time": "2017-05-14 06:03:59",
        "Lines": "18",
        "Lon": 20.9991,
        "Lat": 52.2483
      },
      {
        "Brigade": "6",
        "Time": "2017-05-14 06:04:15",
        "Lines": "18",
        "Lon": 20.9989,
        "Lat": 52.2491
      },
      {
        "Brigade": "6",
        "Time": "2017-05-14 06:04:26",
        "Lines": "18",
        "Lon": 20.9989,
        "Lat": 52.2491
      },
      {
        "Brigade": "6",
        "Time": "2017-05-14 06:04:36",
        "Lines": "18",
        "Lon": 20.9988,
        "Lat": 52.2493
      },
      {
        "Brigade": "6",
        "Time": "2017-05-14 06:04:47",
        "Lines": "18",
        "Lon": 20.9987,
        "Lat": 52.2502
      },
      {
        "Brigade": "6",
        "Time": "2017-05-14 06:04:57",
        "Lines": "18",
        "Lon": 20.9984,
        "Lat": 52.2509
      },
      {
        "Brigade": "6",
        "Time": "2017-05-14 06:05:10",
        "Lines": "18",
        "Lon": 20.9984,
        "Lat": 52.2509
      },
      {
        "Brigade": "6",
        "Time": "2017-05-14 06:05:18",
        "Lines": "18",
        "Lon": 20.9984,
        "Lat": 52.2509
      },
      {
        "Brigade": "6",
        "Time": "2017-05-14 06:05:29",
        "Lines": "18",
        "Lon": 20.9984,
        "Lat": 52.2511
      },
      {
        "Brigade": "6",
        "Time": "2017-05-14 06:05:40",
        "Lines": "18",
        "Lon": 20.9982,
        "Lat": 52.252
      },
      {
        "Brigade": "6",
        "Time": "2017-05-14 06:05:44",
        "Lines": "18",
        "Lon": 20.9981,
        "Lat": 52.2525
      },
      {
        "Brigade": "6",
        "Time": "2017-05-14 06:06:05",
        "Lines": "18",
        "Lon": 20.9979,
        "Lat": 52.2533
      },
      {
        "Brigade": "6",
        "Time": "2017-05-14 06:06:11",
        "Lines": "18",
        "Lon": 20.9979,
        "Lat": 52.2533
      },
      {
        "Brigade": "6",
        "Time": "2017-05-14 06:06:26",
        "Lines": "18",
        "Lon": 20.9979,
        "Lat": 52.2533
      },
      {
        "Brigade": "6",
        "Time": "2017-05-14 06:06:37",
        "Lines": "18",
        "Lon": 20.9979,
        "Lat": 52.2533
      },
      {
        "Brigade": "6",
        "Time": "2017-05-14 06:06:47",
        "Lines": "18",
        "Lon": 20.9979,
        "Lat": 52.2533
      },
      {
        "Brigade": "6",
        "Time": "2017-05-14 06:06:58",
        "Lines": "18",
        "Lon": 20.9978,
        "Lat": 52.2536
      },
      {
        "Brigade": "6",
        "Time": "2017-05-14 06:07:08",
        "Lines": "18",
        "Lon": 20.9977,
        "Lat": 52.2541
      },
      {
        "Brigade": "6",
        "Time": "2017-05-14 06:07:19",
        "Lines": "18",
        "Lon": 20.9975,
        "Lat": 52.2548
      },
      {
        "Brigade": "6",
        "Time": "2017-05-14 06:07:29",
        "Lines": "18",
        "Lon": 20.9975,
        "Lat": 52.2552
      },
      {
        "Brigade": "6",
        "Time": "2017-05-14 06:07:40",
        "Lines": "18",
        "Lon": 20.9982,
        "Lat": 52.2556
      },
      {
        "Brigade": "6",
        "Time": "2017-05-14 06:07:50",
        "Lines": "18",
        "Lon": 20.9988,
        "Lat": 52.2558
      },
      {
        "Brigade": "6",
        "Time": "2017-05-14 06:08:02",
        "Lines": "18",
        "Lon": 20.9989,
        "Lat": 52.2559
      },
      {
        "Brigade": "6",
        "Time": "2017-05-14 06:08:11",
        "Lines": "18",
        "Lon": 20.9997,
        "Lat": 52.2563
      },
      {
        "Brigade": "6",
        "Time": "2017-05-14 06:08:29",
        "Lines": "18",
        "Lon": 21.0009,
        "Lat": 52.2573
      },
      {
        "Brigade": "6",
        "Time": "2017-05-14 06:08:38",
        "Lines": "18",
        "Lon": 21.0015,
        "Lat": 52.2579
      },
      {
        "Brigade": "6",
        "Time": "2017-05-14 06:08:58",
        "Lines": "18",
        "Lon": 21.0019,
        "Lat": 52.2587
      },
      {
        "Brigade": "6",
        "Time": "2017-05-14 06:09:09",
        "Lines": "18",
        "Lon": 21.0026,
        "Lat": 52.2588
      },
      {
        "Brigade": "6",
        "Time": "2017-05-14 06:09:20",
        "Lines": "18",
        "Lon": 21.0029,
        "Lat": 52.2588
      },
      {
        "Brigade": "6",
        "Time": "2017-05-14 06:09:30",
        "Lines": "18",
        "Lon": 21.0031,
        "Lat": 52.2589
      },
      {
        "Brigade": "6",
        "Time": "2017-05-14 06:09:41",
        "Lines": "18",
        "Lon": 21.0043,
        "Lat": 52.2592
      },
      {
        "Brigade": "6",
        "Time": "2017-05-14 06:09:56",
        "Lines": "18",
        "Lon": 21.0061,
        "Lat": 52.2597
      },
      {
        "Brigade": "6",
        "Time": "2017-05-14 06:10:16",
        "Lines": "18",
        "Lon": 21.0074,
        "Lat": 52.2603
      },
      {
        "Brigade": "6",
        "Time": "2017-05-14 06:10:28",
        "Lines": "18",
        "Lon": 21.0077,
        "Lat": 52.2604
      },
      {
        "Brigade": "6",
        "Time": "2017-05-14 06:10:39",
        "Lines": "18",
        "Lon": 21.008,
        "Lat": 52.2604
      },
      {
        "Brigade": "6",
        "Time": "2017-05-14 06:10:46",
        "Lines": "18",
        "Lon": 21.0084,
        "Lat": 52.2604
      },
      {
        "Brigade": "6",
        "Time": "2017-05-14 06:10:57",
        "Lines": "18",
        "Lon": 21.0097,
        "Lat": 52.2608
      },
      {
        "Brigade": "6",
        "Time": "2017-05-14 06:11:09",
        "Lines": "18",
        "Lon": 21.0109,
        "Lat": 52.2612
      },
      {
        "Brigade": "6",
        "Time": "2017-05-14 06:11:21",
        "Lines": "18",
        "Lon": 21.012,
        "Lat": 52.2615
      },
      {
        "Brigade": "6",
        "Time": "2017-05-14 06:11:32",
        "Lines": "18",
        "Lon": 21.0129,
        "Lat": 52.2618
      },
      {
        "Brigade": "6",
        "Time": "2017-05-14 06:11:43",
        "Lines": "18",
        "Lon": 21.013,
        "Lat": 52.262
      },
      {
        "Brigade": "6",
        "Time": "2017-05-14 06:11:53",
        "Lines": "18",
        "Lon": 21.013,
        "Lat": 52.262
      },
      {
        "Brigade": "6",
        "Time": "2017-05-14 06:11:59",
        "Lines": "18",
        "Lon": 21.0132,
        "Lat": 52.2621
      },
      {
        "Brigade": "6",
        "Time": "2017-05-14 06:12:15",
        "Lines": "18",
        "Lon": 21.0163,
        "Lat": 52.2629
      },
      {
        "Brigade": "6",
        "Time": "2017-05-14 06:12:26",
        "Lines": "18",
        "Lon": 21.0181,
        "Lat": 52.2632
      },
      {
        "Brigade": "6",
        "Time": "2017-05-14 06:14:54",
        "Lines": "18",
        "Lon": 21.0194,
        "Lat": 52.2681
      },
      {
        "Brigade": "6",
        "Time": "2017-05-14 06:15:04",
        "Lines": "18",
        "Lon": 21.0186,
        "Lat": 52.269
      },
      {
        "Brigade": "6",
        "Time": "2017-05-14 06:15:15",
        "Lines": "18",
        "Lon": 21.0177,
        "Lat": 52.2697
      },
      {
        "Brigade": "6",
        "Time": "2017-05-14 06:15:25",
        "Lines": "18",
        "Lon": 21.0172,
        "Lat": 52.2702
      },
      {
        "Brigade": "6",
        "Time": "2017-05-14 06:15:36",
        "Lines": "18",
        "Lon": 21.0172,
        "Lat": 52.2702
      },
      {
        "Brigade": "6",
        "Time": "2017-05-14 06:15:46",
        "Lines": "18",
        "Lon": 21.0167,
        "Lat": 52.2705
      },
      {
        "Brigade": "6",
        "Time": "2017-05-14 06:15:57",
        "Lines": "18",
        "Lon": 21.0159,
        "Lat": 52.2714
      },
      {
        "Brigade": "6",
        "Time": "2017-05-14 06:16:07",
        "Lines": "18",
        "Lon": 21.0153,
        "Lat": 52.2723
      },
      {
        "Brigade": "6",
        "Time": "2017-05-14 06:16:18",
        "Lines": "18",
        "Lon": 21.0147,
        "Lat": 52.2734
      },
      {
        "Brigade": "6",
        "Time": "2017-05-14 06:16:28",
        "Lines": "18",
        "Lon": 21.0144,
        "Lat": 52.2739
      },
      {
        "Brigade": "6",
        "Time": "2017-05-14 06:16:44",
        "Lines": "18",
        "Lon": 21.0144,
        "Lat": 52.2739
      },
      {
        "Brigade": "6",
        "Time": "2017-05-14 06:16:54",
        "Lines": "18",
        "Lon": 21.0144,
        "Lat": 52.2739
      },
      {
        "Brigade": "6",
        "Time": "2017-05-14 06:17:05",
        "Lines": "18",
        "Lon": 21.0144,
        "Lat": 52.2739
      },
      {
        "Brigade": "6",
        "Time": "2017-05-14 06:17:15",
        "Lines": "18",
        "Lon": 21.0144,
        "Lat": 52.2739
      },
      {
        "Brigade": "6",
        "Time": "2017-05-14 06:17:26",
        "Lines": "18",
        "Lon": 21.0141,
        "Lat": 52.2743
      },
      {
        "Brigade": "6",
        "Time": "2017-05-14 06:17:36",
        "Lines": "18",
        "Lon": 21.0133,
        "Lat": 52.2756
      },
      {
        "Brigade": "6",
        "Time": "2017-05-14 06:17:47",
        "Lines": "18",
        "Lon": 21.0126,
        "Lat": 52.2768
      },
      {
        "Brigade": "6",
        "Time": "2017-05-14 06:17:58",
        "Lines": "18",
        "Lon": 21.0119,
        "Lat": 52.278
      },
      {
        "Brigade": "6",
        "Time": "2017-05-14 06:18:08",
        "Lines": "18",
        "Lon": 21.0116,
        "Lat": 52.2784
      },
      {
        "Brigade": "6",
        "Time": "2017-05-14 06:18:18",
        "Lines": "18",
        "Lon": 21.0116,
        "Lat": 52.2784
      },
      {
        "Brigade": "6",
        "Time": "2017-05-14 06:18:26",
        "Lines": "18",
        "Lon": 21.0116,
        "Lat": 52.2784
      },
      {
        "Brigade": "6",
        "Time": "2017-05-14 06:18:45",
        "Lines": "18",
        "Lon": 21.0104,
        "Lat": 52.2804
      },
      {
        "Brigade": "6",
        "Time": "2017-05-14 06:18:55",
        "Lines": "18",
        "Lon": 21.0097,
        "Lat": 52.2815
      },
      {
        "Brigade": "6",
        "Time": "2017-05-14 06:19:00",
        "Lines": "18",
        "Lon": 21.0094,
        "Lat": 52.282
      },
      {
        "Brigade": "6",
        "Time": "2017-05-14 06:19:16",
        "Lines": "18",
        "Lon": 21.0093,
        "Lat": 52.2822
      },
      {
        "Brigade": "6",
        "Time": "2017-05-14 06:19:26",
        "Lines": "18",
        "Lon": 21.0088,
        "Lat": 52.2829
      },
      {
        "Brigade": "6",
        "Time": "2017-05-14 06:19:37",
        "Lines": "18",
        "Lon": 21.0081,
        "Lat": 52.2841
      },
      {
        "Brigade": "6",
        "Time": "2017-05-14 06:19:47",
        "Lines": "18",
        "Lon": 21.0073,
        "Lat": 52.2854
      },
      {
        "Brigade": "6",
        "Time": "2017-05-14 06:19:59",
        "Lines": "18",
        "Lon": 21.0065,
        "Lat": 52.2864
      },
      {
        "Brigade": "6",
        "Time": "2017-05-14 06:20:03",
        "Lines": "18",
        "Lon": 21.0062,
        "Lat": 52.2867
      },
      {
        "Brigade": "6",
        "Time": "2017-05-14 06:20:24",
        "Lines": "18",
        "Lon": 21.0059,
        "Lat": 52.2871
      },
      {
        "Brigade": "6",
        "Time": "2017-05-14 06:20:35",
        "Lines": "18",
        "Lon": 21.0048,
        "Lat": 52.2881
      },
      {
        "Brigade": "6",
        "Time": "2017-05-14 06:20:45",
        "Lines": "18",
        "Lon": 21.0038,
        "Lat": 52.2891
      },
      {
        "Brigade": "6",
        "Time": "2017-05-14 06:20:56",
        "Lines": "18",
        "Lon": 21.0033,
        "Lat": 52.2896
      },
      {
        "Brigade": "6",
        "Time": "2017-05-14 06:21:06",
        "Lines": "18",
        "Lon": 21.0028,
        "Lat": 52.2899
      },
      {
        "Brigade": "6",
        "Time": "2017-05-14 06:21:16",
        "Lines": "18",
        "Lon": 21.0026,
        "Lat": 52.2902
      },
      {
        "Brigade": "6",
        "Time": "2017-05-14 06:21:27",
        "Lines": "18",
        "Lon": 21.0026,
        "Lat": 52.2901
      },
      {
        "Brigade": "6",
        "Time": "2017-05-14 06:21:37",
        "Lines": "18",
        "Lon": 21.0026,
        "Lat": 52.2901
      },
      {
        "Brigade": "6",
        "Time": "2017-05-14 06:21:48",
        "Lines": "18",
        "Lon": 21.0026,
        "Lat": 52.2901
      },
      {
        "Brigade": "6",
        "Time": "2017-05-14 06:21:58",
        "Lines": "18",
        "Lon": 21.0026,
        "Lat": 52.2901
      },
      {
        "Brigade": "6",
        "Time": "2017-05-14 06:22:09",
        "Lines": "18",
        "Lon": 21.0026,
        "Lat": 52.2901
      },
      {
        "Brigade": "6",
        "Time": "2017-05-14 06:22:25",
        "Lines": "18",
        "Lon": 21.0026,
        "Lat": 52.2901
      },
      {
        "Brigade": "6",
        "Time": "2017-05-14 06:22:35",
        "Lines": "18",
        "Lon": 21.0026,
        "Lat": 52.2901
      },
      {
        "Brigade": "6",
        "Time": "2017-05-14 06:22:46",
        "Lines": "18",
        "Lon": 21.0026,
        "Lat": 52.2901
      },
      {
        "Brigade": "6",
        "Time": "2017-05-14 06:22:56",
        "Lines": "18",
        "Lon": 21.0026,
        "Lat": 52.2901
      },
      {
        "Brigade": "6",
        "Time": "2017-05-14 06:23:07",
        "Lines": "18",
        "Lon": 21.0026,
        "Lat": 52.2901
      },
      {
        "Brigade": "6",
        "Time": "2017-05-14 06:23:17",
        "Lines": "18",
        "Lon": 21.0026,
        "Lat": 52.2901
      },
      {
        "Brigade": "6",
        "Time": "2017-05-14 06:23:28",
        "Lines": "18",
        "Lon": 21.0026,
        "Lat": 52.2901
      },
      {
        "Brigade": "6",
        "Time": "2017-05-14 06:23:43",
        "Lines": "18",
        "Lon": 21.0026,
        "Lat": 52.2901
      },
      {
        "Brigade": "6",
        "Time": "2017-05-14 06:23:54",
        "Lines": "18",
        "Lon": 21.0026,
        "Lat": 52.2901
      },
      {
        "Brigade": "6",
        "Time": "2017-05-14 06:24:04",
        "Lines": "18",
        "Lon": 21.0026,
        "Lat": 52.2901
      },
      {
        "Brigade": "6",
        "Time": "2017-05-14 06:24:15",
        "Lines": "18",
        "Lon": 21.0026,
        "Lat": 52.2901
      },
      {
        "Brigade": "6",
        "Time": "2017-05-14 06:24:25",
        "Lines": "18",
        "Lon": 21.0026,
        "Lat": 52.2901
      },
      {
        "Brigade": "6",
        "Time": "2017-05-14 06:24:36",
        "Lines": "18",
        "Lon": 21.0026,
        "Lat": 52.2901
      },
      {
        "Brigade": "6",
        "Time": "2017-05-14 06:24:46",
        "Lines": "18",
        "Lon": 21.0026,
        "Lat": 52.2901
      },
      {
        "Brigade": "6",
        "Time": "2017-05-14 06:24:57",
        "Lines": "18",
        "Lon": 21.0026,
        "Lat": 52.2901
      },
      {
        "Brigade": "6",
        "Time": "2017-05-14 06:25:07",
        "Lines": "18",
        "Lon": 21.0026,
        "Lat": 52.2901
      },
      {
        "Brigade": "6",
        "Time": "2017-05-14 06:25:19",
        "Lines": "18",
        "Lon": 21.0026,
        "Lat": 52.2901
      },
      {
        "Brigade": "6",
        "Time": "2017-05-14 06:25:28",
        "Lines": "18",
        "Lon": 21.0026,
        "Lat": 52.2901
      },
      {
        "Brigade": "6",
        "Time": "2017-05-14 06:25:39",
        "Lines": "18",
        "Lon": 21.0026,
        "Lat": 52.2901
      },
      {
        "Brigade": "6",
        "Time": "2017-05-14 06:25:55",
        "Lines": "18",
        "Lon": 21.0026,
        "Lat": 52.2901
      },
      {
        "Brigade": "6",
        "Time": "2017-05-14 06:26:00",
        "Lines": "18",
        "Lon": 21.0026,
        "Lat": 52.2901
      },
      {
        "Brigade": "6",
        "Time": "2017-05-14 06:26:16",
        "Lines": "18",
        "Lon": 21.0026,
        "Lat": 52.2901
      },
      {
        "Brigade": "6",
        "Time": "2017-05-14 06:26:26",
        "Lines": "18",
        "Lon": 21.0026,
        "Lat": 52.2901
      },
      {
        "Brigade": "6",
        "Time": "2017-05-14 06:26:36",
        "Lines": "18",
        "Lon": 21.0026,
        "Lat": 52.2901
      },
      {
        "Brigade": "6",
        "Time": "2017-05-14 06:26:47",
        "Lines": "18",
        "Lon": 21.0026,
        "Lat": 52.2901
      },
      {
        "Brigade": "6",
        "Time": "2017-05-14 06:26:57",
        "Lines": "18",
        "Lon": 21.0026,
        "Lat": 52.2901
      },
      {
        "Brigade": "6",
        "Time": "2017-05-14 06:27:13",
        "Lines": "18",
        "Lon": 21.0026,
        "Lat": 52.2901
      },
      {
        "Brigade": "6",
        "Time": "2017-05-14 06:27:24",
        "Lines": "18",
        "Lon": 21.0026,
        "Lat": 52.2901
      },
      {
        "Brigade": "6",
        "Time": "2017-05-14 06:27:34",
        "Lines": "18",
        "Lon": 21.0026,
        "Lat": 52.2901
      },
      {
        "Brigade": "6",
        "Time": "2017-05-14 06:27:44",
        "Lines": "18",
        "Lon": 21.0026,
        "Lat": 52.2901
      },
      {
        "Brigade": "6",
        "Time": "2017-05-14 06:27:55",
        "Lines": "18",
        "Lon": 21.0026,
        "Lat": 52.2901
      },
      {
        "Brigade": "6",
        "Time": "2017-05-14 06:28:05",
        "Lines": "18",
        "Lon": 21.0026,
        "Lat": 52.2901
      },
      {
        "Brigade": "6",
        "Time": "2017-05-14 06:28:16",
        "Lines": "18",
        "Lon": 21.0026,
        "Lat": 52.2901
      },
      {
        "Brigade": "6",
        "Time": "2017-05-14 06:28:26",
        "Lines": "18",
        "Lon": 21.0026,
        "Lat": 52.2901
      },
      {
        "Brigade": "6",
        "Time": "2017-05-14 06:28:37",
        "Lines": "18",
        "Lon": 21.0026,
        "Lat": 52.2901
      },
      {
        "Brigade": "6",
        "Time": "2017-05-14 06:28:47",
        "Lines": "18",
        "Lon": 21.0026,
        "Lat": 52.2901
      },
      {
        "Brigade": "6",
        "Time": "2017-05-14 06:28:58",
        "Lines": "18",
        "Lon": 21.0026,
        "Lat": 52.2901
      },
      {
        "Brigade": "6",
        "Time": "2017-05-14 06:29:14",
        "Lines": "18",
        "Lon": 21.0026,
        "Lat": 52.2901
      },
      {
        "Brigade": "6",
        "Time": "2017-05-14 06:29:24",
        "Lines": "18",
        "Lon": 21.0026,
        "Lat": 52.2901
      },
      {
        "Brigade": "6",
        "Time": "2017-05-14 06:29:35",
        "Lines": "18",
        "Lon": 21.0026,
        "Lat": 52.2901
      },
      {
        "Brigade": "6",
        "Time": "2017-05-14 06:29:45",
        "Lines": "18",
        "Lon": 21.0026,
        "Lat": 52.2901
      },
      {
        "Brigade": "6",
        "Time": "2017-05-14 06:29:56",
        "Lines": "18",
        "Lon": 21.0026,
        "Lat": 52.2901
      },
      {
        "Brigade": "6",
        "Time": "2017-05-14 06:30:01",
        "Lines": "18",
        "Lon": 21.0026,
        "Lat": 52.2901
      },
      {
        "Brigade": "6",
        "Time": "2017-05-14 06:31:25",
        "Lines": "18",
        "Lon": 21.0026,
        "Lat": 52.2901
      },
      {
        "Brigade": "6",
        "Time": "2017-05-14 06:31:35",
        "Lines": "18",
        "Lon": 21.0026,
        "Lat": 52.2901
      },
      {
        "Brigade": "6",
        "Time": "2017-05-14 06:31:46",
        "Lines": "18",
        "Lon": 21.0026,
        "Lat": 52.2901
      },
      {
        "Brigade": "6",
        "Time": "2017-05-14 06:31:56",
        "Lines": "18",
        "Lon": 21.0026,
        "Lat": 52.2901
      },
      {
        "Brigade": "6",
        "Time": "2017-05-14 06:32:12",
        "Lines": "18",
        "Lon": 21.0026,
        "Lat": 52.2901
      },
      {
        "Brigade": "6",
        "Time": "2017-05-14 06:32:22",
        "Lines": "18",
        "Lon": 21.0026,
        "Lat": 52.2901
      },
      {
        "Brigade": "6",
        "Time": "2017-05-14 06:32:33",
        "Lines": "18",
        "Lon": 21.0026,
        "Lat": 52.2901
      },
      {
        "Brigade": "6",
        "Time": "2017-05-14 06:32:43",
        "Lines": "18",
        "Lon": 21.0026,
        "Lat": 52.2901
      },
      {
        "Brigade": "6",
        "Time": "2017-05-14 06:32:54",
        "Lines": "18",
        "Lon": 21.0026,
        "Lat": 52.2901
      },
      {
        "Brigade": "6",
        "Time": "2017-05-14 06:33:04",
        "Lines": "18",
        "Lon": 21.0026,
        "Lat": 52.2901
      },
      {
        "Brigade": "6",
        "Time": "2017-05-14 06:33:15",
        "Lines": "18",
        "Lon": 21.0026,
        "Lat": 52.2901
      },
      {
        "Brigade": "6",
        "Time": "2017-05-14 06:33:25",
        "Lines": "18",
        "Lon": 21.0026,
        "Lat": 52.2901
      },
      {
        "Brigade": "6",
        "Time": "2017-05-14 06:33:36",
        "Lines": "18",
        "Lon": 21.0026,
        "Lat": 52.2901
      },
      {
        "Brigade": "6",
        "Time": "2017-05-14 06:33:46",
        "Lines": "18",
        "Lon": 21.0026,
        "Lat": 52.2901
      },
      {
        "Brigade": "6",
        "Time": "2017-05-14 06:34:02",
        "Lines": "18",
        "Lon": 21.0026,
        "Lat": 52.2901
      },
      {
        "Brigade": "6",
        "Time": "2017-05-14 06:34:12",
        "Lines": "18",
        "Lon": 21.0026,
        "Lat": 52.2901
      },
      {
        "Brigade": "6",
        "Time": "2017-05-14 06:34:23",
        "Lines": "18",
        "Lon": 21.0026,
        "Lat": 52.2901
      },
      {
        "Brigade": "6",
        "Time": "2017-05-14 06:34:33",
        "Lines": "18",
        "Lon": 21.0026,
        "Lat": 52.2901
      },
      {
        "Brigade": "6",
        "Time": "2017-05-14 06:34:44",
        "Lines": "18",
        "Lon": 21.0026,
        "Lat": 52.2901
      },
      {
        "Brigade": "6",
        "Time": "2017-05-14 06:34:54",
        "Lines": "18",
        "Lon": 21.0026,
        "Lat": 52.2901
      },
      {
        "Brigade": "6",
        "Time": "2017-05-14 06:35:05",
        "Lines": "18",
        "Lon": 21.0026,
        "Lat": 52.2901
      },
      {
        "Brigade": "6",
        "Time": "2017-05-14 06:35:15",
        "Lines": "18",
        "Lon": 21.0026,
        "Lat": 52.2901
      },
      {
        "Brigade": "6",
        "Time": "2017-05-14 06:35:26",
        "Lines": "18",
        "Lon": 21.0026,
        "Lat": 52.2901
      },
      {
        "Brigade": "6",
        "Time": "2017-05-14 06:35:42",
        "Lines": "18",
        "Lon": 21.0026,
        "Lat": 52.2901
      },
      {
        "Brigade": "6",
        "Time": "2017-05-14 06:35:52",
        "Lines": "18",
        "Lon": 21.0026,
        "Lat": 52.2901
      },
      {
        "Brigade": "6",
        "Time": "2017-05-14 06:36:03",
        "Lines": "18",
        "Lon": 21.0026,
        "Lat": 52.2901
      },
      {
        "Brigade": "6",
        "Time": "2017-05-14 06:36:13",
        "Lines": "18",
        "Lon": 21.0026,
        "Lat": 52.2901
      },
      {
        "Brigade": "6",
        "Time": "2017-05-14 06:36:24",
        "Lines": "18",
        "Lon": 21.0026,
        "Lat": 52.2901
      },
      {
        "Brigade": "6",
        "Time": "2017-05-14 06:36:34",
        "Lines": "18",
        "Lon": 21.0026,
        "Lat": 52.2901
      },
      {
        "Brigade": "6",
        "Time": "2017-05-14 06:36:44",
        "Lines": "18",
        "Lon": 21.0026,
        "Lat": 52.2901
      },
      {
        "Brigade": "6",
        "Time": "2017-05-14 06:36:55",
        "Lines": "18",
        "Lon": 21.0026,
        "Lat": 52.2901
      },
      {
        "Brigade": "6",
        "Time": "2017-05-14 06:37:06",
        "Lines": "18",
        "Lon": 21.0026,
        "Lat": 52.2901
      },
      {
        "Brigade": "6",
        "Time": "2017-05-14 06:37:21",
        "Lines": "18",
        "Lon": 21.0026,
        "Lat": 52.2901
      },
      {
        "Brigade": "6",
        "Time": "2017-05-14 06:37:32",
        "Lines": "18",
        "Lon": 21.0026,
        "Lat": 52.2901
      },
      {
        "Brigade": "6",
        "Time": "2017-05-14 06:37:42",
        "Lines": "18",
        "Lon": 21.0026,
        "Lat": 52.2901
      },
      {
        "Brigade": "6",
        "Time": "2017-05-14 06:37:53",
        "Lines": "18",
        "Lon": 21.0026,
        "Lat": 52.2901
      },
      {
        "Brigade": "6",
        "Time": "2017-05-14 06:38:03",
        "Lines": "18",
        "Lon": 21.0026,
        "Lat": 52.2901
      },
      {
        "Brigade": "6",
        "Time": "2017-05-14 06:38:14",
        "Lines": "18",
        "Lon": 21.0026,
        "Lat": 52.2901
      },
      {
        "Brigade": "6",
        "Time": "2017-05-14 06:38:24",
        "Lines": "18",
        "Lon": 21.0022,
        "Lat": 52.2906
      },
      {
        "Brigade": "6",
        "Time": "2017-05-14 06:38:35",
        "Lines": "18",
        "Lon": 21.0022,
        "Lat": 52.2906
      },
      {
        "Brigade": "6",
        "Time": "2017-05-14 06:38:45",
        "Lines": "18",
        "Lon": 21.0022,
        "Lat": 52.2906
      },
      {
        "Brigade": "6",
        "Time": "2017-05-14 06:38:56",
        "Lines": "18",
        "Lon": 21.0026,
        "Lat": 52.2901
      },
      {
        "Brigade": "6",
        "Time": "2017-05-14 06:39:06",
        "Lines": "18",
        "Lon": 21.0026,
        "Lat": 52.2901
      },
      {
        "Brigade": "6",
        "Time": "2017-05-14 06:39:22",
        "Lines": "18",
        "Lon": 21.0026,
        "Lat": 52.2901
      },
      {
        "Brigade": "6",
        "Time": "2017-05-14 06:39:32",
        "Lines": "18",
        "Lon": 21.0026,
        "Lat": 52.2901
      },
      {
        "Brigade": "6",
        "Time": "2017-05-14 06:39:43",
        "Lines": "18",
        "Lon": 21.0026,
        "Lat": 52.2901
      },
      {
        "Brigade": "6",
        "Time": "2017-05-14 06:39:53",
        "Lines": "18",
        "Lon": 21.0026,
        "Lat": 52.2901
      },
      {
        "Brigade": "6",
        "Time": "2017-05-14 06:40:04",
        "Lines": "18",
        "Lon": 21.0026,
        "Lat": 52.2901
      },
      {
        "Brigade": "6",
        "Time": "2017-05-14 06:40:14",
        "Lines": "18",
        "Lon": 21.0026,
        "Lat": 52.2901
      },
      {
        "Brigade": "6",
        "Time": "2017-05-14 06:40:25",
        "Lines": "18",
        "Lon": 21.0026,
        "Lat": 52.2901
      },
      {
        "Brigade": "6",
        "Time": "2017-05-14 06:40:35",
        "Lines": "18",
        "Lon": 21.0026,
        "Lat": 52.2901
      },
      {
        "Brigade": "6",
        "Time": "2017-05-14 06:40:46",
        "Lines": "18",
        "Lon": 21.0026,
        "Lat": 52.2901
      },
      {
        "Brigade": "6",
        "Time": "2017-05-14 06:40:56",
        "Lines": "18",
        "Lon": 21.0026,
        "Lat": 52.2901
      },
      {
        "Brigade": "6",
        "Time": "2017-05-14 06:41:12",
        "Lines": "18",
        "Lon": 21.0026,
        "Lat": 52.2901
      },
      {
        "Brigade": "6",
        "Time": "2017-05-14 06:41:22",
        "Lines": "18",
        "Lon": 21.0026,
        "Lat": 52.2901
      },
      {
        "Brigade": "6",
        "Time": "2017-05-14 06:41:33",
        "Lines": "18",
        "Lon": 21.0026,
        "Lat": 52.2901
      },
      {
        "Brigade": "6",
        "Time": "2017-05-14 06:41:43",
        "Lines": "18",
        "Lon": 21.0026,
        "Lat": 52.2901
      },
      {
        "Brigade": "6",
        "Time": "2017-05-14 06:41:54",
        "Lines": "18",
        "Lon": 21.0026,
        "Lat": 52.2901
      },
      {
        "Brigade": "6",
        "Time": "2017-05-14 06:42:04",
        "Lines": "18",
        "Lon": 21.0026,
        "Lat": 52.2901
      },
      {
        "Brigade": "6",
        "Time": "2017-05-14 06:42:15",
        "Lines": "18",
        "Lon": 21.0026,
        "Lat": 52.2901
      },
      {
        "Brigade": "6",
        "Time": "2017-05-14 06:42:25",
        "Lines": "18",
        "Lon": 21.0025,
        "Lat": 52.2902
      },
      {
        "Brigade": "6",
        "Time": "2017-05-14 06:42:36",
        "Lines": "18",
        "Lon": 21.0025,
        "Lat": 52.2902
      },
      {
        "Brigade": "6",
        "Time": "2017-05-14 06:42:46",
        "Lines": "18",
        "Lon": 21.0025,
        "Lat": 52.2902
      },
      {
        "Brigade": "6",
        "Time": "2017-05-14 06:43:02",
        "Lines": "18",
        "Lon": 21.0025,
        "Lat": 52.2902
      },
      {
        "Brigade": "6",
        "Time": "2017-05-14 06:43:12",
        "Lines": "18",
        "Lon": 21.0375,
        "Lat": 52.2812
      },
      {
        "Brigade": "6",
        "Time": "2017-05-14 06:43:23",
        "Lines": "18",
        "Lon": 21.0366,
        "Lat": 52.2816
      },
      {
        "Brigade": "6",
        "Time": "2017-05-14 06:43:33",
        "Lines": "18",
        "Lon": 21.0339,
        "Lat": 52.2822
      },
      {
        "Brigade": "6",
        "Time": "2017-05-14 06:43:44",
        "Lines": "18",
        "Lon": 21.0339,
        "Lat": 52.2822
      },
      {
        "Brigade": "6",
        "Time": "2017-05-14 06:43:54",
        "Lines": "18",
        "Lon": 21.0339,
        "Lat": 52.2822
      },
      {
        "Brigade": "6",
        "Time": "2017-05-14 06:44:05",
        "Lines": "18",
        "Lon": 21.0339,
        "Lat": 52.2822
      },
      {
        "Brigade": "6",
        "Time": "2017-05-14 06:44:15",
        "Lines": "18",
        "Lon": 21.0339,
        "Lat": 52.2822
      },
      {
        "Brigade": "6",
        "Time": "2017-05-14 06:44:26",
        "Lines": "18",
        "Lon": 21.0023,
        "Lat": 52.2905
      },
      {
        "Brigade": "6",
        "Time": "2017-05-14 06:44:36",
        "Lines": "18",
        "Lon": 21.0023,
        "Lat": 52.2906
      },
      {
        "Brigade": "6",
        "Time": "2017-05-14 06:44:47",
        "Lines": "18",
        "Lon": 21.0018,
        "Lat": 52.2901
      },
      {
        "Brigade": "6",
        "Time": "2017-05-14 06:45:03",
        "Lines": "18",
        "Lon": 21.0021,
        "Lat": 52.2903
      },
      {
        "Brigade": "6",
        "Time": "2017-05-14 06:45:13",
        "Lines": "18",
        "Lon": 21.0014,
        "Lat": 52.2907
      },
      {
        "Brigade": "6",
        "Time": "2017-05-14 06:45:24",
        "Lines": "18",
        "Lon": 21.0016,
        "Lat": 52.2908
      },
      {
        "Brigade": "6",
        "Time": "2017-05-14 06:45:34",
        "Lines": "18",
        "Lon": 21.0012,
        "Lat": 52.2906
      },
      {
        "Brigade": "6",
        "Time": "2017-05-14 06:45:45",
        "Lines": "18",
        "Lon": 21.0017,
        "Lat": 52.2904
      },
      {
        "Brigade": "6",
        "Time": "2017-05-14 06:45:56",
        "Lines": "18",
        "Lon": 21.002,
        "Lat": 52.2904
      },
      {
        "Brigade": "6",
        "Time": "2017-05-14 06:46:07",
        "Lines": "18",
        "Lon": 21.0026,
        "Lat": 52.29
      },
      {
        "Brigade": "6",
        "Time": "2017-05-14 06:46:16",
        "Lines": "18",
        "Lon": 21.0027,
        "Lat": 52.2898
      },
      {
        "Brigade": "6",
        "Time": "2017-05-14 06:46:32",
        "Lines": "18",
        "Lon": 21.0032,
        "Lat": 52.2895
      },
      {
        "Brigade": "6",
        "Time": "2017-05-14 06:46:42",
        "Lines": "18",
        "Lon": 21.0038,
        "Lat": 52.289
      },
      {
        "Brigade": "6",
        "Time": "2017-05-14 06:46:48",
        "Lines": "18",
        "Lon": 21.0042,
        "Lat": 52.2885
      },
      {
        "Brigade": "6",
        "Time": "2017-05-14 06:47:03",
        "Lines": "18",
        "Lon": 21.0057,
        "Lat": 52.2872
      },
      {
        "Brigade": "6",
        "Time": "2017-05-14 06:47:14",
        "Lines": "18",
        "Lon": 21.0059,
        "Lat": 52.287
      },
      {
        "Brigade": "6",
        "Time": "2017-05-14 06:47:24",
        "Lines": "18",
        "Lon": 21.0059,
        "Lat": 52.287
      },
      {
        "Brigade": "6",
        "Time": "2017-05-14 06:47:35",
        "Lines": "18",
        "Lon": 21.0067,
        "Lat": 52.2862
      },
      {
        "Brigade": "6",
        "Time": "2017-05-14 06:47:45",
        "Lines": "18",
        "Lon": 21.0076,
        "Lat": 52.285
      },
      {
        "Brigade": "6",
        "Time": "2017-05-14 06:47:56",
        "Lines": "18",
        "Lon": 21.0084,
        "Lat": 52.2837
      },
      {
        "Brigade": "6",
        "Time": "2017-05-14 06:48:06",
        "Lines": "18",
        "Lon": 21.0091,
        "Lat": 52.2826
      },
      {
        "Brigade": "6",
        "Time": "2017-05-14 06:48:17",
        "Lines": "18",
        "Lon": 21.0095,
        "Lat": 52.2819
      },
      {
        "Brigade": "6",
        "Time": "2017-05-14 06:48:27",
        "Lines": "18",
        "Lon": 21.0095,
        "Lat": 52.2819
      },
      {
        "Brigade": "6",
        "Time": "2017-05-14 06:48:38",
        "Lines": "18",
        "Lon": 21.0099,
        "Lat": 52.2812
      },
      {
        "Brigade": "6",
        "Time": "2017-05-14 06:48:54",
        "Lines": "18",
        "Lon": 21.0111,
        "Lat": 52.2793
      },
      {
        "Brigade": "6",
        "Time": "2017-05-14 06:49:04",
        "Lines": "18",
        "Lon": 21.0117,
        "Lat": 52.2783
      },
      {
        "Brigade": "6",
        "Time": "2017-05-14 06:49:14",
        "Lines": "18",
        "Lon": 21.0119,
        "Lat": 52.278
      },
      {
        "Brigade": "6",
        "Time": "2017-05-14 06:49:25",
        "Lines": "18",
        "Lon": 21.012,
        "Lat": 52.2778
      },
      {
        "Brigade": "6",
        "Time": "2017-05-14 06:49:35",
        "Lines": "18",
        "Lon": 21.0126,
        "Lat": 52.2768
      },
      {
        "Brigade": "6",
        "Time": "2017-05-14 06:49:46",
        "Lines": "18",
        "Lon": 21.0134,
        "Lat": 52.2755
      },
      {
        "Brigade": "6",
        "Time": "2017-05-14 06:49:56",
        "Lines": "18",
        "Lon": 21.0139,
        "Lat": 52.2746
      },
      {
        "Brigade": "6",
        "Time": "2017-05-14 06:50:07",
        "Lines": "18",
        "Lon": 21.0143,
        "Lat": 52.274
      },
      {
        "Brigade": "6",
        "Time": "2017-05-14 06:50:17",
        "Lines": "18",
        "Lon": 21.0145,
        "Lat": 52.2737
      },
      {
        "Brigade": "6",
        "Time": "2017-05-14 06:50:33",
        "Lines": "18",
        "Lon": 21.0149,
        "Lat": 52.273
      },
      {
        "Brigade": "6",
        "Time": "2017-05-14 06:50:43",
        "Lines": "18",
        "Lon": 21.0157,
        "Lat": 52.2717
      },
      {
        "Brigade": "6",
        "Time": "2017-05-14 06:50:54",
        "Lines": "18",
        "Lon": 21.0165,
        "Lat": 52.2706
      },
      {
        "Brigade": "6",
        "Time": "2017-05-14 06:51:04",
        "Lines": "18",
        "Lon": 21.0168,
        "Lat": 52.2703
      },
      {
        "Brigade": "6",
        "Time": "2017-05-14 06:51:15",
        "Lines": "18",
        "Lon": 21.0168,
        "Lat": 52.2703
      },
      {
        "Brigade": "6",
        "Time": "2017-05-14 06:51:25",
        "Lines": "18",
        "Lon": 21.0174,
        "Lat": 52.2699
      },
      {
        "Brigade": "6",
        "Time": "2017-05-14 06:51:36",
        "Lines": "18",
        "Lon": 21.0188,
        "Lat": 52.2688
      },
      {
        "Brigade": "6",
        "Time": "2017-05-14 06:51:47",
        "Lines": "18",
        "Lon": 21.0196,
        "Lat": 52.2677
      },
      {
        "Brigade": "6",
        "Time": "2017-05-14 06:51:52",
        "Lines": "18",
        "Lon": 21.0199,
        "Lat": 52.2671
      },
      {
        "Brigade": "6",
        "Time": "2017-05-14 06:52:23",
        "Lines": "18",
        "Lon": 21.0201,
        "Lat": 52.2663
      },
      {
        "Brigade": "6",
        "Time": "2017-05-14 06:52:34",
        "Lines": "18",
        "Lon": 21.0204,
        "Lat": 52.2654
      },
      {
        "Brigade": "6",
        "Time": "2017-05-14 06:52:44",
        "Lines": "18",
        "Lon": 21.0209,
        "Lat": 52.2645
      },
      {
        "Brigade": "6",
        "Time": "2017-05-14 06:52:55",
        "Lines": "18",
        "Lon": 21.0208,
        "Lat": 52.264
      },
      {
        "Brigade": "6",
        "Time": "2017-05-14 06:53:05",
        "Lines": "18",
        "Lon": 21.0205,
        "Lat": 52.2637
      },
      {
        "Brigade": "6",
        "Time": "2017-05-14 06:53:15",
        "Lines": "18",
        "Lon": 21.0198,
        "Lat": 52.2636
      },
      {
        "Brigade": "6",
        "Time": "2017-05-14 06:53:26",
        "Lines": "18",
        "Lon": 21.0193,
        "Lat": 52.2636
      },
      {
        "Brigade": "6",
        "Time": "2017-05-14 06:53:36",
        "Lines": "18",
        "Lon": 21.0191,
        "Lat": 52.2636
      },
      {
        "Brigade": "6",
        "Time": "2017-05-14 06:53:52",
        "Lines": "18",
        "Lon": 21.0167,
        "Lat": 52.2631
      },
      {
        "Brigade": "6",
        "Time": "2017-05-14 06:53:58",
        "Lines": "18",
        "Lon": 21.0159,
        "Lat": 52.2629
      },
      {
        "Brigade": "6",
        "Time": "2017-05-14 06:54:15",
        "Lines": "18",
        "Lon": 21.0142,
        "Lat": 52.2623
      },
      {
        "Brigade": "6",
        "Time": "2017-05-14 06:54:24",
        "Lines": "18",
        "Lon": 21.0134,
        "Lat": 52.2619
      },
      {
        "Brigade": "6",
        "Time": "2017-05-14 06:54:34",
        "Lines": "18",
        "Lon": 21.0133,
        "Lat": 52.2619
      },
      {
        "Brigade": "6",
        "Time": "2017-05-14 06:54:45",
        "Lines": "18",
        "Lon": 21.0133,
        "Lat": 52.2619
      },
      {
        "Brigade": "6",
        "Time": "2017-05-14 06:54:55",
        "Lines": "18",
        "Lon": 21.0115,
        "Lat": 52.2615
      },
      {
        "Brigade": "6",
        "Time": "2017-05-14 06:55:11",
        "Lines": "18",
        "Lon": 21.0092,
        "Lat": 52.2609
      },
      {
        "Brigade": "6",
        "Time": "2017-05-14 06:55:21",
        "Lines": "18",
        "Lon": 21.0079,
        "Lat": 52.2604
      },
      {
        "Brigade": "6",
        "Time": "2017-05-14 06:55:32",
        "Lines": "18",
        "Lon": 21.0072,
        "Lat": 52.2601
      },
      {
        "Brigade": "6",
        "Time": "2017-05-14 06:55:42",
        "Lines": "18",
        "Lon": 21.0071,
        "Lat": 52.2601
      },
      {
        "Brigade": "6",
        "Time": "2017-05-14 06:55:53",
        "Lines": "18",
        "Lon": 21.0058,
        "Lat": 52.2598
      },
      {
        "Brigade": "6",
        "Time": "2017-05-14 06:56:09",
        "Lines": "18",
        "Lon": 21.0039,
        "Lat": 52.2593
      },
      {
        "Brigade": "6",
        "Time": "2017-05-14 06:56:14",
        "Lines": "18",
        "Lon": 21.0033,
        "Lat": 52.2591
      },
      {
        "Brigade": "6",
        "Time": "2017-05-14 06:56:30",
        "Lines": "18",
        "Lon": 21.0023,
        "Lat": 52.2589
      },
      {
        "Brigade": "6",
        "Time": "2017-05-14 06:56:40",
        "Lines": "18",
        "Lon": 21.0023,
        "Lat": 52.2589
      },
      {
        "Brigade": "6",
        "Time": "2017-05-14 06:56:51",
        "Lines": "18",
        "Lon": 21.0023,
        "Lat": 52.2589
      },
      {
        "Brigade": "6",
        "Time": "2017-05-14 06:57:01",
        "Lines": "18",
        "Lon": 21.0023,
        "Lat": 52.2589
      },
      {
        "Brigade": "6",
        "Time": "2017-05-14 06:57:11",
        "Lines": "18",
        "Lon": 21.0021,
        "Lat": 52.2589
      },
      {
        "Brigade": "6",
        "Time": "2017-05-14 06:57:22",
        "Lines": "18",
        "Lon": 21.0017,
        "Lat": 52.2586
      },
      {
        "Brigade": "6",
        "Time": "2017-05-14 06:57:32",
        "Lines": "18",
        "Lon": 21.0015,
        "Lat": 52.2581
      },
      {
        "Brigade": "6",
        "Time": "2017-05-14 06:57:48",
        "Lines": "18",
        "Lon": 21.0004,
        "Lat": 52.257
      },
      {
        "Brigade": "6",
        "Time": "2017-05-14 06:57:56",
        "Lines": "18",
        "Lon": 20.9999,
        "Lat": 52.2566
      },
      {
        "Brigade": "6",
        "Time": "2017-05-14 06:58:20",
        "Lines": "18",
        "Lon": 20.9984,
        "Lat": 52.2558
      },
      {
        "Brigade": "6",
        "Time": "2017-05-14 06:58:30",
        "Lines": "18",
        "Lon": 20.9982,
        "Lat": 52.2557
      },
      {
        "Brigade": "6",
        "Time": "2017-05-14 06:58:41",
        "Lines": "18",
        "Lon": 20.9976,
        "Lat": 52.2554
      },
      {
        "Brigade": "6",
        "Time": "2017-05-14 06:58:51",
        "Lines": "18",
        "Lon": 20.9976,
        "Lat": 52.255
      },
      {
        "Brigade": "6",
        "Time": "2017-05-14 06:59:04",
        "Lines": "18",
        "Lon": 20.9977,
        "Lat": 52.2544
      },
      {
        "Brigade": "6",
        "Time": "2017-05-14 06:59:12",
        "Lines": "18",
        "Lon": 20.9978,
        "Lat": 52.2541
      },
      {
        "Brigade": "6",
        "Time": "2017-05-14 06:59:23",
        "Lines": "18",
        "Lon": 20.9978,
        "Lat": 52.2541
      },
      {
        "Brigade": "6",
        "Time": "2017-05-14 06:59:38",
        "Lines": "18",
        "Lon": 20.9978,
        "Lat": 52.2541
      },
      {
        "Brigade": "6",
        "Time": "2017-05-14 06:59:43",
        "Lines": "18",
        "Lon": 20.9978,
        "Lat": 52.2541
      },
      {
        "Brigade": "6",
        "Time": "2017-05-14 06:59:59",
        "Lines": "18",
        "Lon": 20.9978,
        "Lat": 52.2541
      },
      {
        "Brigade": "6",
        "Time": "2017-05-14 07:00:10",
        "Lines": "18",
        "Lon": 20.9978,
        "Lat": 52.254
      },
      {
        "Brigade": "6",
        "Time": "2017-05-14 07:00:20",
        "Lines": "18",
        "Lon": 20.9979,
        "Lat": 52.2535
      },
      {
        "Brigade": "6",
        "Time": "2017-05-14 07:00:31",
        "Lines": "18",
        "Lon": 20.998,
        "Lat": 52.253
      },
      {
        "Brigade": "6",
        "Time": "2017-05-14 07:00:41",
        "Lines": "18",
        "Lon": 20.9983,
        "Lat": 52.2518
      },
      {
        "Brigade": "6",
        "Time": "2017-05-14 07:00:57",
        "Lines": "18",
        "Lon": 20.9986,
        "Lat": 52.2505
      },
      {
        "Brigade": "6",
        "Time": "2017-05-14 07:01:08",
        "Lines": "18",
        "Lon": 20.9988,
        "Lat": 52.2496
      },
      {
        "Brigade": "6",
        "Time": "2017-05-14 07:01:18",
        "Lines": "18",
        "Lon": 20.9988,
        "Lat": 52.2496
      },
      {
        "Brigade": "6",
        "Time": "2017-05-14 07:01:28",
        "Lines": "18",
        "Lon": 20.9988,
        "Lat": 52.2496
      },
      {
        "Brigade": "6",
        "Time": "2017-05-14 07:01:41",
        "Lines": "18",
        "Lon": 20.9989,
        "Lat": 52.2492
      },
      {
        "Brigade": "6",
        "Time": "2017-05-14 07:01:44",
        "Lines": "18",
        "Lon": 20.999,
        "Lat": 52.2486
      },
      {
        "Brigade": "6",
        "Time": "2017-05-14 07:02:00",
        "Lines": "18",
        "Lon": 20.9996,
        "Lat": 52.2467
      },
      {
        "Brigade": "6",
        "Time": "2017-05-14 07:02:10",
        "Lines": "18",
        "Lon": 21.0003,
        "Lat": 52.2456
      },
      {
        "Brigade": "6",
        "Time": "2017-05-14 07:02:21",
        "Lines": "18",
        "Lon": 21.0006,
        "Lat": 52.2452
      },
      {
        "Brigade": "6",
        "Time": "2017-05-14 07:02:37",
        "Lines": "18",
        "Lon": 21.0009,
        "Lat": 52.2449
      },
      {
        "Brigade": "6",
        "Time": "2017-05-14 07:02:47",
        "Lines": "18",
        "Lon": 21.001,
        "Lat": 52.2447
      },
      {
        "Brigade": "6",
        "Time": "2017-05-14 07:02:58",
        "Lines": "18",
        "Lon": 21.001,
        "Lat": 52.2447
      },
      {
        "Brigade": "6",
        "Time": "2017-05-14 07:03:08",
        "Lines": "18",
        "Lon": 21.0013,
        "Lat": 52.2444
      },
      {
        "Brigade": "6",
        "Time": "2017-05-14 07:03:19",
        "Lines": "18",
        "Lon": 21.0017,
        "Lat": 52.2441
      },
      {
        "Brigade": "6",
        "Time": "2017-05-14 07:03:29",
        "Lines": "18",
        "Lon": 21.0022,
        "Lat": 52.2436
      },
      {
        "Brigade": "6",
        "Time": "2017-05-14 07:03:39",
        "Lines": "18",
        "Lon": 21.0026,
        "Lat": 52.2434
      },
      {
        "Brigade": "6",
        "Time": "2017-05-14 07:03:50",
        "Lines": "18",
        "Lon": 21.0026,
        "Lat": 52.2434
      },
      {
        "Brigade": "6",
        "Time": "2017-05-14 07:04:00",
        "Lines": "18",
        "Lon": 21.0029,
        "Lat": 52.2431
      },
      {
        "Brigade": "6",
        "Time": "2017-05-14 07:04:16",
        "Lines": "18",
        "Lon": 21.0039,
        "Lat": 52.2423
      },
      {
        "Brigade": "6",
        "Time": "2017-05-14 07:04:27",
        "Lines": "18",
        "Lon": 21.0045,
        "Lat": 52.2416
      },
      {
        "Brigade": "6",
        "Time": "2017-05-14 07:04:37",
        "Lines": "18",
        "Lon": 21.0049,
        "Lat": 52.241
      },
      {
        "Brigade": "6",
        "Time": "2017-05-14 07:04:58",
        "Lines": "18",
        "Lon": 21.0054,
        "Lat": 52.2394
      },
      {
        "Brigade": "6",
        "Time": "2017-05-14 07:05:09",
        "Lines": "18",
        "Lon": 21.0062,
        "Lat": 52.2388
      },
      {
        "Brigade": "6",
        "Time": "2017-05-14 07:05:19",
        "Lines": "18",
        "Lon": 21.0065,
        "Lat": 52.2386
      },
      {
        "Brigade": "6",
        "Time": "2017-05-14 07:05:30",
        "Lines": "18",
        "Lon": 21.0065,
        "Lat": 52.2386
      },
      {
        "Brigade": "6",
        "Time": "2017-05-14 07:05:40",
        "Lines": "18",
        "Lon": 21.0065,
        "Lat": 52.2386
      },
      {
        "Brigade": "6",
        "Time": "2017-05-14 07:05:51",
        "Lines": "18",
        "Lon": 21.0065,
        "Lat": 52.2386
      },
      {
        "Brigade": "6",
        "Time": "2017-05-14 07:06:01",
        "Lines": "18",
        "Lon": 21.0065,
        "Lat": 52.2386
      },
      {
        "Brigade": "6",
        "Time": "2017-05-14 07:06:11",
        "Lines": "18",
        "Lon": 21.0065,
        "Lat": 52.2386
      },
      {
        "Brigade": "6",
        "Time": "2017-05-14 07:06:27",
        "Lines": "18",
        "Lon": 21.0067,
        "Lat": 52.2382
      },
      {
        "Brigade": "6",
        "Time": "2017-05-14 07:06:38",
        "Lines": "18",
        "Lon": 21.0074,
        "Lat": 52.237
      },
      {
        "Brigade": "6",
        "Time": "2017-05-14 07:06:48",
        "Lines": "18",
        "Lon": 21.0081,
        "Lat": 52.2359
      },
      {
        "Brigade": "6",
        "Time": "2017-05-14 07:06:59",
        "Lines": "18",
        "Lon": 21.0083,
        "Lat": 52.2355
      },
      {
        "Brigade": "6",
        "Time": "2017-05-14 07:07:09",
        "Lines": "18",
        "Lon": 21.0083,
        "Lat": 52.2355
      },
      {
        "Brigade": "6",
        "Time": "2017-05-14 07:07:20",
        "Lines": "18",
        "Lon": 21.0083,
        "Lat": 52.2355
      },
      {
        "Brigade": "6",
        "Time": "2017-05-14 07:07:30",
        "Lines": "18",
        "Lon": 21.0083,
        "Lat": 52.2355
      },
      {
        "Brigade": "6",
        "Time": "2017-05-14 07:07:46",
        "Lines": "18",
        "Lon": 21.0086,
        "Lat": 52.235
      },
      {
        "Brigade": "6",
        "Time": "2017-05-14 07:07:56",
        "Lines": "18",
        "Lon": 21.0094,
        "Lat": 52.2338
      },
      {
        "Brigade": "6",
        "Time": "2017-05-14 07:08:03",
        "Lines": "18",
        "Lon": 21.0098,
        "Lat": 52.2331
      },
      {
        "Brigade": "6",
        "Time": "2017-05-14 07:08:28",
        "Lines": "18",
        "Lon": 21.0115,
        "Lat": 52.2303
      },
      {
        "Brigade": "6",
        "Time": "2017-05-14 07:08:38",
        "Lines": "18",
        "Lon": 21.0115,
        "Lat": 52.2302
      },
      {
        "Brigade": "6",
        "Time": "2017-05-14 07:08:49",
        "Lines": "18",
        "Lon": 21.0115,
        "Lat": 52.2302
      },
      {
        "Brigade": "6",
        "Time": "2017-05-14 07:08:59",
        "Lines": "18",
        "Lon": 21.0115,
        "Lat": 52.2302
      },
      {
        "Brigade": "6",
        "Time": "2017-05-14 07:09:10",
        "Lines": "18",
        "Lon": 21.0118,
        "Lat": 52.2297
      },
      {
        "Brigade": "6",
        "Time": "2017-05-14 07:09:26",
        "Lines": "18",
        "Lon": 21.0124,
        "Lat": 52.2287
      },
      {
        "Brigade": "6",
        "Time": "2017-05-14 07:09:36",
        "Lines": "18",
        "Lon": 21.0127,
        "Lat": 52.2282
      },
      {
        "Brigade": "6",
        "Time": "2017-05-14 07:09:46",
        "Lines": "18",
        "Lon": 21.0127,
        "Lat": 52.2281
      },
      {
        "Brigade": "6",
        "Time": "2017-05-14 07:09:57",
        "Lines": "18",
        "Lon": 21.0128,
        "Lat": 52.228
      },
      {
        "Brigade": "6",
        "Time": "2017-05-14 07:10:07",
        "Lines": "18",
        "Lon": 21.0132,
        "Lat": 52.2274
      },
      {
        "Brigade": "6",
        "Time": "2017-05-14 07:10:18",
        "Lines": "18",
        "Lon": 21.0133,
        "Lat": 52.2273
      },
      {
        "Brigade": "6",
        "Time": "2017-05-14 07:10:28",
        "Lines": "18",
        "Lon": 21.0133,
        "Lat": 52.2273
      },
      {
        "Brigade": "6",
        "Time": "2017-05-14 07:10:39",
        "Lines": "18",
        "Lon": 21.0133,
        "Lat": 52.2273
      },
      {
        "Brigade": "6",
        "Time": "2017-05-14 07:10:49",
        "Lines": "18",
        "Lon": 21.0133,
        "Lat": 52.2273
      },
      {
        "Brigade": "6",
        "Time": "2017-05-14 07:11:00",
        "Lines": "18",
        "Lon": 21.0133,
        "Lat": 52.2273
      },
      {
        "Brigade": "6",
        "Time": "2017-05-14 07:11:16",
        "Lines": "18",
        "Lon": 21.0138,
        "Lat": 52.2264
      },
      {
        "Brigade": "6",
        "Time": "2017-05-14 07:11:26",
        "Lines": "18",
        "Lon": 21.0146,
        "Lat": 52.2251
      },
      {
        "Brigade": "6",
        "Time": "2017-05-14 07:11:31",
        "Lines": "18",
        "Lon": 21.0149,
        "Lat": 52.2245
      },
      {
        "Brigade": "6",
        "Time": "2017-05-14 07:11:48",
        "Lines": "18",
        "Lon": 21.0156,
        "Lat": 52.2235
      },
      {
        "Brigade": "6",
        "Time": "2017-05-14 07:11:58",
        "Lines": "18",
        "Lon": 21.0156,
        "Lat": 52.2235
      },
      {
        "Brigade": "6",
        "Time": "2017-05-14 07:12:08",
        "Lines": "18",
        "Lon": 21.0156,
        "Lat": 52.2235
      },
      {
        "Brigade": "6",
        "Time": "2017-05-14 07:12:19",
        "Lines": "18",
        "Lon": 21.0156,
        "Lat": 52.2234
      },
      {
        "Brigade": "6",
        "Time": "2017-05-14 07:12:29",
        "Lines": "18",
        "Lon": 21.0161,
        "Lat": 52.2228
      },
      {
        "Brigade": "6",
        "Time": "2017-05-14 07:12:42",
        "Lines": "18",
        "Lon": 21.0165,
        "Lat": 52.2223
      },
      {
        "Brigade": "6",
        "Time": "2017-05-14 07:12:50",
        "Lines": "18",
        "Lon": 21.0169,
        "Lat": 52.2214
      },
      {
        "Brigade": "6",
        "Time": "2017-05-14 07:13:01",
        "Lines": "18",
        "Lon": 21.0173,
        "Lat": 52.2207
      },
      {
        "Brigade": "6",
        "Time": "2017-05-14 07:13:11",
        "Lines": "18",
        "Lon": 21.0174,
        "Lat": 52.2207
      },
      {
        "Brigade": "6",
        "Time": "2017-05-14 07:13:27",
        "Lines": "18",
        "Lon": 21.0175,
        "Lat": 52.2205
      },
      {
        "Brigade": "6",
        "Time": "2017-05-14 07:13:37",
        "Lines": "18",
        "Lon": 21.0177,
        "Lat": 52.2201
      },
      {
        "Brigade": "6",
        "Time": "2017-05-14 07:13:48",
        "Lines": "18",
        "Lon": 21.0179,
        "Lat": 52.2197
      },
      {
        "Brigade": "6",
        "Time": "2017-05-14 07:13:58",
        "Lines": "18",
        "Lon": 21.0182,
        "Lat": 52.2193
      },
      {
        "Brigade": "6",
        "Time": "2017-05-14 07:14:09",
        "Lines": "18",
        "Lon": 21.0187,
        "Lat": 52.2185
      },
      {
        "Brigade": "6",
        "Time": "2017-05-14 07:14:21",
        "Lines": "18",
        "Lon": 21.019,
        "Lat": 52.2181
      },
      {
        "Brigade": "6",
        "Time": "2017-05-14 07:14:31",
        "Lines": "18",
        "Lon": 21.019,
        "Lat": 52.2181
      },
      {
        "Brigade": "6",
        "Time": "2017-05-14 07:14:41",
        "Lines": "18",
        "Lon": 21.0191,
        "Lat": 52.2178
      },
      {
        "Brigade": "6",
        "Time": "2017-05-14 07:14:51",
        "Lines": "18",
        "Lon": 21.0193,
        "Lat": 52.2174
      },
      {
        "Brigade": "6",
        "Time": "2017-05-14 07:15:01",
        "Lines": "18",
        "Lon": 21.0193,
        "Lat": 52.2174
      },
      {
        "Brigade": "6",
        "Time": "2017-05-14 07:15:17",
        "Lines": "18",
        "Lon": 21.0198,
        "Lat": 52.2166
      },
      {
        "Brigade": "6",
        "Time": "2017-05-14 07:15:27",
        "Lines": "18",
        "Lon": 21.0204,
        "Lat": 52.2156
      },
      {
        "Brigade": "6",
        "Time": "2017-05-14 07:15:38",
        "Lines": "18",
        "Lon": 21.021,
        "Lat": 52.2145
      },
      {
        "Brigade": "6",
        "Time": "2017-05-14 07:15:48",
        "Lines": "18",
        "Lon": 21.0213,
        "Lat": 52.2141
      },
      {
        "Brigade": "6",
        "Time": "2017-05-14 07:15:59",
        "Lines": "18",
        "Lon": 21.0213,
        "Lat": 52.2141
      },
      {
        "Brigade": "6",
        "Time": "2017-05-14 07:16:09",
        "Lines": "18",
        "Lon": 21.0213,
        "Lat": 52.2141
      },
      {
        "Brigade": "6",
        "Time": "2017-05-14 07:16:20",
        "Lines": "18",
        "Lon": 21.0213,
        "Lat": 52.2141
      },
      {
        "Brigade": "6",
        "Time": "2017-05-14 07:16:30",
        "Lines": "18",
        "Lon": 21.0213,
        "Lat": 52.2141
      },
      {
        "Brigade": "6",
        "Time": "2017-05-14 07:16:41",
        "Lines": "18",
        "Lon": 21.0213,
        "Lat": 52.2141
      },
      {
        "Brigade": "6",
        "Time": "2017-05-14 07:16:56",
        "Lines": "18",
        "Lon": 21.0215,
        "Lat": 52.2137
      },
      {
        "Brigade": "6",
        "Time": "2017-05-14 07:17:07",
        "Lines": "18",
        "Lon": 21.0212,
        "Lat": 52.2129
      },
      {
        "Brigade": "6",
        "Time": "2017-05-14 07:17:17",
        "Lines": "18",
        "Lon": 21.0207,
        "Lat": 52.2122
      },
      {
        "Brigade": "6",
        "Time": "2017-05-14 07:17:28",
        "Lines": "18",
        "Lon": 21.0206,
        "Lat": 52.212
      },
      {
        "Brigade": "6",
        "Time": "2017-05-14 07:17:38",
        "Lines": "18",
        "Lon": 21.0206,
        "Lat": 52.212
      },
      {
        "Brigade": "6",
        "Time": "2017-05-14 07:17:49",
        "Lines": "18",
        "Lon": 21.0206,
        "Lat": 52.212
      },
      {
        "Brigade": "6",
        "Time": "2017-05-14 07:17:59",
        "Lines": "18",
        "Lon": 21.0206,
        "Lat": 52.212
      },
      {
        "Brigade": "6",
        "Time": "2017-05-14 07:18:10",
        "Lines": "18",
        "Lon": 21.0206,
        "Lat": 52.212
      },
      {
        "Brigade": "6",
        "Time": "2017-05-14 07:18:20",
        "Lines": "18",
        "Lon": 21.0206,
        "Lat": 52.212
      },
      {
        "Brigade": "6",
        "Time": "2017-05-14 07:18:31",
        "Lines": "18",
        "Lon": 21.0205,
        "Lat": 52.2119
      },
      {
        "Brigade": "6",
        "Time": "2017-05-14 07:18:47",
        "Lines": "18",
        "Lon": 21.0209,
        "Lat": 52.2104
      },
      {
        "Brigade": "6",
        "Time": "2017-05-14 07:18:52",
        "Lines": "18",
        "Lon": 21.0212,
        "Lat": 52.2099
      },
      {
        "Brigade": "6",
        "Time": "2017-05-14 07:19:08",
        "Lines": "18",
        "Lon": 21.0215,
        "Lat": 52.2091
      },
      {
        "Brigade": "6",
        "Time": "2017-05-14 07:19:18",
        "Lines": "18",
        "Lon": 21.0215,
        "Lat": 52.2091
      },
      {
        "Brigade": "6",
        "Time": "2017-05-14 07:19:29",
        "Lines": "18",
        "Lon": 21.0216,
        "Lat": 52.2088
      },
      {
        "Brigade": "6",
        "Time": "2017-05-14 07:19:39",
        "Lines": "18",
        "Lon": 21.0219,
        "Lat": 52.2079
      },
      {
        "Brigade": "6",
        "Time": "2017-05-14 07:19:50",
        "Lines": "18",
        "Lon": 21.0221,
        "Lat": 52.2076
      },
      {
        "Brigade": "6",
        "Time": "2017-05-14 07:20:01",
        "Lines": "18",
        "Lon": 21.0221,
        "Lat": 52.2076
      },
      {
        "Brigade": "6",
        "Time": "2017-05-14 07:20:11",
        "Lines": "18",
        "Lon": 21.0221,
        "Lat": 52.2076
      },
      {
        "Brigade": "6",
        "Time": "2017-05-14 07:20:16",
        "Lines": "18",
        "Lon": 21.0221,
        "Lat": 52.2075
      },
      {
        "Brigade": "6",
        "Time": "2017-05-14 07:20:37",
        "Lines": "18",
        "Lon": 21.0227,
        "Lat": 52.2059
      },
      {
        "Brigade": "6",
        "Time": "2017-05-14 07:20:47",
        "Lines": "18",
        "Lon": 21.0228,
        "Lat": 52.2052
      },
      {
        "Brigade": "6",
        "Time": "2017-05-14 07:20:58",
        "Lines": "18",
        "Lon": 21.0229,
        "Lat": 52.2048
      },
      {
        "Brigade": "6",
        "Time": "2017-05-14 07:21:08",
        "Lines": "18",
        "Lon": 21.0229,
        "Lat": 52.2048
      },
      {
        "Brigade": "6",
        "Time": "2017-05-14 07:21:19",
        "Lines": "18",
        "Lon": 21.023,
        "Lat": 52.2046
      },
      {
        "Brigade": "6",
        "Time": "2017-05-14 07:21:29",
        "Lines": "18",
        "Lon": 21.0232,
        "Lat": 52.2034
      },
      {
        "Brigade": "6",
        "Time": "2017-05-14 07:21:40",
        "Lines": "18",
        "Lon": 21.0234,
        "Lat": 52.2024
      },
      {
        "Brigade": "6",
        "Time": "2017-05-14 07:21:50",
        "Lines": "18",
        "Lon": 21.0234,
        "Lat": 52.2021
      },
      {
        "Brigade": "6",
        "Time": "2017-05-14 07:22:06",
        "Lines": "18",
        "Lon": 21.0235,
        "Lat": 52.2016
      },
      {
        "Brigade": "6",
        "Time": "2017-05-14 07:22:16",
        "Lines": "18",
        "Lon": 21.0236,
        "Lat": 52.2009
      },
      {
        "Brigade": "6",
        "Time": "2017-05-14 07:22:27",
        "Lines": "18",
        "Lon": 21.0237,
        "Lat": 52.2003
      },
      {
        "Brigade": "6",
        "Time": "2017-05-14 07:22:37",
        "Lines": "18",
        "Lon": 21.0237,
        "Lat": 52.2003
      },
      {
        "Brigade": "6",
        "Time": "2017-05-14 07:22:48",
        "Lines": "18",
        "Lon": 21.0237,
        "Lat": 52.2001
      },
      {
        "Brigade": "6",
        "Time": "2017-05-14 07:22:58",
        "Lines": "18",
        "Lon": 21.0239,
        "Lat": 52.1991
      },
      {
        "Brigade": "6",
        "Time": "2017-05-14 07:23:09",
        "Lines": "18",
        "Lon": 21.024,
        "Lat": 52.1978
      },
      {
        "Brigade": "6",
        "Time": "2017-05-14 07:23:19",
        "Lines": "18",
        "Lon": 21.024,
        "Lat": 52.1974
      },
      {
        "Brigade": "6",
        "Time": "2017-05-14 07:23:30",
        "Lines": "18",
        "Lon": 21.024,
        "Lat": 52.1974
      },
      {
        "Brigade": "6",
        "Time": "2017-05-14 07:23:40",
        "Lines": "18",
        "Lon": 21.0241,
        "Lat": 52.1973
      },
      {
        "Brigade": "6",
        "Time": "2017-05-14 07:23:56",
        "Lines": "18",
        "Lon": 21.0241,
        "Lat": 52.1965
      },
      {
        "Brigade": "6",
        "Time": "2017-05-14 07:24:06",
        "Lines": "18",
        "Lon": 21.0241,
        "Lat": 52.1965
      },
      {
        "Brigade": "6",
        "Time": "2017-05-14 07:24:17",
        "Lines": "18",
        "Lon": 21.0241,
        "Lat": 52.196
      },
      {
        "Brigade": "6",
        "Time": "2017-05-14 07:24:27",
        "Lines": "18",
        "Lon": 21.0242,
        "Lat": 52.1955
      },
      {
        "Brigade": "6",
        "Time": "2017-05-14 07:24:39",
        "Lines": "18",
        "Lon": 21.0242,
        "Lat": 52.1951
      },
      {
        "Brigade": "6",
        "Time": "2017-05-14 07:24:48",
        "Lines": "18",
        "Lon": 21.0243,
        "Lat": 52.1948
      },
      {
        "Brigade": "6",
        "Time": "2017-05-14 07:24:59",
        "Lines": "18",
        "Lon": 21.0243,
        "Lat": 52.1946
      },
      {
        "Brigade": "6",
        "Time": "2017-05-14 07:25:10",
        "Lines": "18",
        "Lon": 21.0243,
        "Lat": 52.1939
      },
      {
        "Brigade": "6",
        "Time": "2017-05-14 07:25:20",
        "Lines": "18",
        "Lon": 21.0243,
        "Lat": 52.1938
      },
      {
        "Brigade": "6",
        "Time": "2017-05-14 07:25:36",
        "Lines": "18",
        "Lon": 21.0243,
        "Lat": 52.1925
      },
      {
        "Brigade": "6",
        "Time": "2017-05-14 07:25:41",
        "Lines": "18",
        "Lon": 21.0243,
        "Lat": 52.1919
      },
      {
        "Brigade": "6",
        "Time": "2017-05-14 07:25:57",
        "Lines": "18",
        "Lon": 21.0244,
        "Lat": 52.1903
      },
      {
        "Brigade": "6",
        "Time": "2017-05-14 07:26:07",
        "Lines": "18",
        "Lon": 21.0244,
        "Lat": 52.1902
      },
      {
        "Brigade": "6",
        "Time": "2017-05-14 07:26:18",
        "Lines": "18",
        "Lon": 21.0244,
        "Lat": 52.1902
      },
      {
        "Brigade": "6",
        "Time": "2017-05-14 07:26:28",
        "Lines": "18",
        "Lon": 21.0244,
        "Lat": 52.1902
      },
      {
        "Brigade": "6",
        "Time": "2017-05-14 07:26:39",
        "Lines": "18",
        "Lon": 21.0243,
        "Lat": 52.1899
      },
      {
        "Brigade": "6",
        "Time": "2017-05-14 07:26:44",
        "Lines": "18",
        "Lon": 21.0241,
        "Lat": 52.1898
      },
      {
        "Brigade": "6",
        "Time": "2017-05-14 07:27:01",
        "Lines": "18",
        "Lon": 21.0231,
        "Lat": 52.1898
      },
      {
        "Brigade": "6",
        "Time": "2017-05-14 07:27:10",
        "Lines": "18",
        "Lon": 21.0229,
        "Lat": 52.1898
      },
      {
        "Brigade": "6",
        "Time": "2017-05-14 07:27:21",
        "Lines": "18",
        "Lon": 21.0226,
        "Lat": 52.1897
      },
      {
        "Brigade": "6",
        "Time": "2017-05-14 07:27:31",
        "Lines": "18",
        "Lon": 21.0216,
        "Lat": 52.1896
      },
      {
        "Brigade": "6",
        "Time": "2017-05-14 07:27:47",
        "Lines": "18",
        "Lon": 21.0207,
        "Lat": 52.1895
      },
      {
        "Brigade": "6",
        "Time": "2017-05-14 07:27:57",
        "Lines": "18",
        "Lon": 21.0201,
        "Lat": 52.1894
      },
      {
        "Brigade": "6",
        "Time": "2017-05-14 07:28:08",
        "Lines": "18",
        "Lon": 21.0195,
        "Lat": 52.1894
      },
      {
        "Brigade": "6",
        "Time": "2017-05-14 07:28:18",
        "Lines": "18",
        "Lon": 21.0189,
        "Lat": 52.1892
      },
      {
        "Brigade": "6",
        "Time": "2017-05-14 07:28:29",
        "Lines": "18",
        "Lon": 21.0182,
        "Lat": 52.1891
      },
      {
        "Brigade": "6",
        "Time": "2017-05-14 07:28:39",
        "Lines": "18",
        "Lon": 21.0178,
        "Lat": 52.1891
      },
      {
        "Brigade": "6",
        "Time": "2017-05-14 07:28:55",
        "Lines": "18",
        "Lon": 21.0178,
        "Lat": 52.1891
      },
      {
        "Brigade": "6",
        "Time": "2017-05-14 07:29:00",
        "Lines": "18",
        "Lon": 21.0178,
        "Lat": 52.1891
      },
      {
        "Brigade": "6",
        "Time": "2017-05-14 07:29:16",
        "Lines": "18",
        "Lon": 21.0178,
        "Lat": 52.1891
      },
      {
        "Brigade": "6",
        "Time": "2017-05-14 07:29:26",
        "Lines": "18",
        "Lon": 21.0178,
        "Lat": 52.1891
      },
      {
        "Brigade": "6",
        "Time": "2017-05-14 07:29:37",
        "Lines": "18",
        "Lon": 21.0178,
        "Lat": 52.1891
      },
      {
        "Brigade": "6",
        "Time": "2017-05-14 07:29:47",
        "Lines": "18",
        "Lon": 21.0178,
        "Lat": 52.1891
      },
      {
        "Brigade": "6",
        "Time": "2017-05-14 07:29:58",
        "Lines": "18",
        "Lon": 21.0178,
        "Lat": 52.1891
      },
      {
        "Brigade": "6",
        "Time": "2017-05-14 07:30:08",
        "Lines": "18",
        "Lon": 21.0178,
        "Lat": 52.1891
      },
      {
        "Brigade": "6",
        "Time": "2017-05-14 07:30:19",
        "Lines": "18",
        "Lon": 21.0176,
        "Lat": 52.1891
      },
      {
        "Brigade": "6",
        "Time": "2017-05-14 07:30:29",
        "Lines": "18",
        "Lon": 21.0173,
        "Lat": 52.1891
      },
      {
        "Brigade": "6",
        "Time": "2017-05-14 07:30:40",
        "Lines": "18",
        "Lon": 21.0155,
        "Lat": 52.189
      },
      {
        "Brigade": "6",
        "Time": "2017-05-14 07:30:50",
        "Lines": "18",
        "Lon": 21.0136,
        "Lat": 52.189
      },
      {
        "Brigade": "6",
        "Time": "2017-05-14 07:31:06",
        "Lines": "18",
        "Lon": 21.0119,
        "Lat": 52.1889
      },
      {
        "Brigade": "6",
        "Time": "2017-05-14 07:31:17",
        "Lines": "18",
        "Lon": 21.0119,
        "Lat": 52.1889
      },
      {
        "Brigade": "6",
        "Time": "2017-05-14 07:31:27",
        "Lines": "18",
        "Lon": 21.0119,
        "Lat": 52.1889
      },
      {
        "Brigade": "6",
        "Time": "2017-05-14 07:31:38",
        "Lines": "18",
        "Lon": 21.0119,
        "Lat": 52.1889
      },
      {
        "Brigade": "6",
        "Time": "2017-05-14 07:31:48",
        "Lines": "18",
        "Lon": 21.0117,
        "Lat": 52.1889
      },
      {
        "Brigade": "6",
        "Time": "2017-05-14 07:31:58",
        "Lines": "18",
        "Lon": 21.01,
        "Lat": 52.1889
      },
      {
        "Brigade": "6",
        "Time": "2017-05-14 07:32:09",
        "Lines": "18",
        "Lon": 21.0082,
        "Lat": 52.1889
      },
      {
        "Brigade": "6",
        "Time": "2017-05-14 07:32:20",
        "Lines": "18",
        "Lon": 21.0076,
        "Lat": 52.1889
      },
      {
        "Brigade": "6",
        "Time": "2017-05-14 07:32:30",
        "Lines": "18",
        "Lon": 21.0076,
        "Lat": 52.1889
      },
      {
        "Brigade": "6",
        "Time": "2017-05-14 07:32:41",
        "Lines": "18",
        "Lon": 21.0076,
        "Lat": 52.1889
      },
      {
        "Brigade": "6",
        "Time": "2017-05-14 07:32:56",
        "Lines": "18",
        "Lon": 21.0076,
        "Lat": 52.1889
      },
      {
        "Brigade": "6",
        "Time": "2017-05-14 07:33:07",
        "Lines": "18",
        "Lon": 21.0076,
        "Lat": 52.1889
      },
      {
        "Brigade": "6",
        "Time": "2017-05-14 07:33:17",
        "Lines": "18",
        "Lon": 21.0065,
        "Lat": 52.1889
      },
      {
        "Brigade": "6",
        "Time": "2017-05-14 07:33:28",
        "Lines": "18",
        "Lon": 21.0049,
        "Lat": 52.1889
      },
      {
        "Brigade": "6",
        "Time": "2017-05-14 07:33:38",
        "Lines": "18",
        "Lon": 21.0041,
        "Lat": 52.1888
      },
      {
        "Brigade": "6",
        "Time": "2017-05-14 07:33:49",
        "Lines": "18",
        "Lon": 21.0034,
        "Lat": 52.1888
      },
      {
        "Brigade": "6",
        "Time": "2017-05-14 07:33:59",
        "Lines": "18",
        "Lon": 21.0028,
        "Lat": 52.1888
      },
      {
        "Brigade": "6",
        "Time": "2017-05-14 07:34:04",
        "Lines": "18",
        "Lon": 21.0026,
        "Lat": 52.1888
      },
      {
        "Brigade": "6",
        "Time": "2017-05-14 07:34:20",
        "Lines": "18",
        "Lon": 21.0026,
        "Lat": 52.1888
      },
      {
        "Brigade": "6",
        "Time": "2017-05-14 07:34:31",
        "Lines": "18",
        "Lon": 21.0026,
        "Lat": 52.1888
      },
      {
        "Brigade": "6",
        "Time": "2017-05-14 07:34:41",
        "Lines": "18",
        "Lon": 21.0026,
        "Lat": 52.1888
      },
      {
        "Brigade": "6",
        "Time": "2017-05-14 07:34:57",
        "Lines": "18",
        "Lon": 21.0026,
        "Lat": 52.1888
      },
      {
        "Brigade": "6",
        "Time": "2017-05-14 07:35:07",
        "Lines": "18",
        "Lon": 21.0026,
        "Lat": 52.1888
      },
      {
        "Brigade": "6",
        "Time": "2017-05-14 07:35:18",
        "Lines": "18",
        "Lon": 21.0026,
        "Lat": 52.1888
      },
      {
        "Brigade": "6",
        "Time": "2017-05-14 07:35:28",
        "Lines": "18",
        "Lon": 21.0026,
        "Lat": 52.1888
      },
      {
        "Brigade": "6",
        "Time": "2017-05-14 07:35:39",
        "Lines": "18",
        "Lon": 21.0026,
        "Lat": 52.1888
      },
      {
        "Brigade": "6",
        "Time": "2017-05-14 07:35:49",
        "Lines": "18",
        "Lon": 21.0021,
        "Lat": 52.1889
      },
      {
        "Brigade": "6",
        "Time": "2017-05-14 07:36:00",
        "Lines": "18",
        "Lon": 21.002,
        "Lat": 52.1894
      },
      {
        "Brigade": "6",
        "Time": "2017-05-14 07:36:10",
        "Lines": "18",
        "Lon": 21.0019,
        "Lat": 52.1898
      },
      {
        "Brigade": "6",
        "Time": "2017-05-14 07:36:21",
        "Lines": "18",
        "Lon": 21.0019,
        "Lat": 52.1898
      },
      {
        "Brigade": "6",
        "Time": "2017-05-14 07:36:31",
        "Lines": "18",
        "Lon": 21.0019,
        "Lat": 52.1898
      }
    ]
  }
]
