[
  {
    "res": [
      {
        "Brigade": "7",
        "Time": "2017-05-14 05:56:18",
        "Lines": "18",
        "Lon": 21.0067,
        "Lat": 52.1888
      },
      {
        "Brigade": "7",
        "Time": "2017-05-14 05:56:29",
        "Lines": "18",
        "Lon": 21.0072,
        "Lat": 52.1889
      },
      {
        "Brigade": "7",
        "Time": "2017-05-14 05:56:39",
        "Lines": "18",
        "Lon": 21.0072,
        "Lat": 52.1889
      },
      {
        "Brigade": "7",
        "Time": "2017-05-14 05:56:55",
        "Lines": "18",
        "Lon": 21.0076,
        "Lat": 52.1889
      },
      {
        "Brigade": "7",
        "Time": "2017-05-14 05:57:05",
        "Lines": "18",
        "Lon": 21.0095,
        "Lat": 52.1889
      },
      {
        "Brigade": "7",
        "Time": "2017-05-14 05:57:16",
        "Lines": "18",
        "Lon": 21.0113,
        "Lat": 52.1889
      },
      {
        "Brigade": "7",
        "Time": "2017-05-14 05:57:26",
        "Lines": "18",
        "Lon": 21.0115,
        "Lat": 52.1889
      },
      {
        "Brigade": "7",
        "Time": "2017-05-14 05:57:37",
        "Lines": "18",
        "Lon": 21.0127,
        "Lat": 52.1889
      },
      {
        "Brigade": "7",
        "Time": "2017-05-14 05:57:47",
        "Lines": "18",
        "Lon": 21.0148,
        "Lat": 52.1889
      },
      {
        "Brigade": "7",
        "Time": "2017-05-14 05:57:58",
        "Lines": "18",
        "Lon": 21.0163,
        "Lat": 52.189
      },
      {
        "Brigade": "7",
        "Time": "2017-05-14 05:58:03",
        "Lines": "18",
        "Lon": 21.0165,
        "Lat": 52.189
      },
      {
        "Brigade": "7",
        "Time": "2017-05-14 05:58:19",
        "Lines": "18",
        "Lon": 21.0165,
        "Lat": 52.189
      },
      {
        "Brigade": "7",
        "Time": "2017-05-14 05:58:29",
        "Lines": "18",
        "Lon": 21.0165,
        "Lat": 52.189
      },
      {
        "Brigade": "7",
        "Time": "2017-05-14 05:58:45",
        "Lines": "18",
        "Lon": 21.0165,
        "Lat": 52.189
      },
      {
        "Brigade": "7",
        "Time": "2017-05-14 05:58:55",
        "Lines": "18",
        "Lon": 21.0165,
        "Lat": 52.189
      },
      {
        "Brigade": "7",
        "Time": "2017-05-14 05:59:06",
        "Lines": "18",
        "Lon": 21.0174,
        "Lat": 52.1891
      },
      {
        "Brigade": "7",
        "Time": "2017-05-14 05:59:17",
        "Lines": "18",
        "Lon": 21.0188,
        "Lat": 52.1892
      },
      {
        "Brigade": "7",
        "Time": "2017-05-14 05:59:27",
        "Lines": "18",
        "Lon": 21.0193,
        "Lat": 52.1893
      },
      {
        "Brigade": "7",
        "Time": "2017-05-14 05:59:37",
        "Lines": "18",
        "Lon": 21.0198,
        "Lat": 52.1894
      },
      {
        "Brigade": "7",
        "Time": "2017-05-14 05:59:48",
        "Lines": "18",
        "Lon": 21.0203,
        "Lat": 52.1894
      },
      {
        "Brigade": "7",
        "Time": "2017-05-14 05:59:58",
        "Lines": "18",
        "Lon": 21.0208,
        "Lat": 52.1895
      },
      {
        "Brigade": "7",
        "Time": "2017-05-14 06:00:09",
        "Lines": "18",
        "Lon": 21.0213,
        "Lat": 52.1896
      },
      {
        "Brigade": "7",
        "Time": "2017-05-14 06:00:19",
        "Lines": "18",
        "Lon": 21.0216,
        "Lat": 52.1896
      },
      {
        "Brigade": "7",
        "Time": "2017-05-14 06:00:35",
        "Lines": "18",
        "Lon": 21.0216,
        "Lat": 52.1896
      },
      {
        "Brigade": "7",
        "Time": "2017-05-14 06:00:45",
        "Lines": "18",
        "Lon": 21.0216,
        "Lat": 52.1896
      },
      {
        "Brigade": "7",
        "Time": "2017-05-14 06:00:56",
        "Lines": "18",
        "Lon": 21.0216,
        "Lat": 52.1896
      },
      {
        "Brigade": "7",
        "Time": "2017-05-14 06:01:06",
        "Lines": "18",
        "Lon": 21.0216,
        "Lat": 52.1896
      },
      {
        "Brigade": "7",
        "Time": "2017-05-14 06:01:17",
        "Lines": "18",
        "Lon": 21.0216,
        "Lat": 52.1896
      },
      {
        "Brigade": "7",
        "Time": "2017-05-14 06:01:28",
        "Lines": "18",
        "Lon": 21.0219,
        "Lat": 52.1896
      },
      {
        "Brigade": "7",
        "Time": "2017-05-14 06:01:38",
        "Lines": "18",
        "Lon": 21.0234,
        "Lat": 52.1898
      },
      {
        "Brigade": "7",
        "Time": "2017-05-14 06:01:48",
        "Lines": "18",
        "Lon": 21.0239,
        "Lat": 52.1898
      },
      {
        "Brigade": "7",
        "Time": "2017-05-14 06:01:59",
        "Lines": "18",
        "Lon": 21.0239,
        "Lat": 52.1898
      },
      {
        "Brigade": "7",
        "Time": "2017-05-14 06:02:09",
        "Lines": "18",
        "Lon": 21.0243,
        "Lat": 52.1898
      },
      {
        "Brigade": "7",
        "Time": "2017-05-14 06:02:22",
        "Lines": "18",
        "Lon": 21.0246,
        "Lat": 52.1903
      },
      {
        "Brigade": "7",
        "Time": "2017-05-14 06:02:36",
        "Lines": "18",
        "Lon": 21.0245,
        "Lat": 52.1907
      },
      {
        "Brigade": "7",
        "Time": "2017-05-14 06:02:43",
        "Lines": "18",
        "Lon": 21.0245,
        "Lat": 52.1907
      },
      {
        "Brigade": "7",
        "Time": "2017-05-14 06:02:54",
        "Lines": "18",
        "Lon": 21.0245,
        "Lat": 52.1912
      },
      {
        "Brigade": "7",
        "Time": "2017-05-14 06:03:05",
        "Lines": "18",
        "Lon": 21.0244,
        "Lat": 52.1923
      },
      {
        "Brigade": "7",
        "Time": "2017-05-14 06:03:16",
        "Lines": "18",
        "Lon": 21.0244,
        "Lat": 52.1935
      },
      {
        "Brigade": "7",
        "Time": "2017-05-14 06:03:28",
        "Lines": "18",
        "Lon": 21.0243,
        "Lat": 52.1944
      },
      {
        "Brigade": "7",
        "Time": "2017-05-14 06:03:38",
        "Lines": "18",
        "Lon": 21.0243,
        "Lat": 52.1945
      },
      {
        "Brigade": "7",
        "Time": "2017-05-14 06:03:49",
        "Lines": "18",
        "Lon": 21.0243,
        "Lat": 52.1946
      },
      {
        "Brigade": "7",
        "Time": "2017-05-14 06:04:00",
        "Lines": "18",
        "Lon": 21.0243,
        "Lat": 52.1958
      },
      {
        "Brigade": "7",
        "Time": "2017-05-14 06:04:11",
        "Lines": "18",
        "Lon": 21.0242,
        "Lat": 52.1969
      },
      {
        "Brigade": "7",
        "Time": "2017-05-14 06:04:17",
        "Lines": "18",
        "Lon": 21.0242,
        "Lat": 52.1971
      },
      {
        "Brigade": "7",
        "Time": "2017-05-14 06:06:26",
        "Lines": "18",
        "Lon": 21.0236,
        "Lat": 52.2014
      },
      {
        "Brigade": "7",
        "Time": "2017-05-14 06:06:36",
        "Lines": "18",
        "Lon": 21.0234,
        "Lat": 52.2025
      },
      {
        "Brigade": "7",
        "Time": "2017-05-14 06:06:47",
        "Lines": "18",
        "Lon": 21.0234,
        "Lat": 52.2026
      },
      {
        "Brigade": "7",
        "Time": "2017-05-14 06:06:57",
        "Lines": "18",
        "Lon": 21.0234,
        "Lat": 52.2026
      },
      {
        "Brigade": "7",
        "Time": "2017-05-14 06:07:08",
        "Lines": "18",
        "Lon": 21.0234,
        "Lat": 52.2026
      },
      {
        "Brigade": "7",
        "Time": "2017-05-14 06:07:18",
        "Lines": "18",
        "Lon": 21.0234,
        "Lat": 52.2026
      },
      {
        "Brigade": "7",
        "Time": "2017-05-14 06:07:29",
        "Lines": "18",
        "Lon": 21.0233,
        "Lat": 52.203
      },
      {
        "Brigade": "7",
        "Time": "2017-05-14 06:07:39",
        "Lines": "18",
        "Lon": 21.0231,
        "Lat": 52.2043
      },
      {
        "Brigade": "7",
        "Time": "2017-05-14 06:07:55",
        "Lines": "18",
        "Lon": 21.0229,
        "Lat": 52.2053
      },
      {
        "Brigade": "7",
        "Time": "2017-05-14 06:08:05",
        "Lines": "18",
        "Lon": 21.0229,
        "Lat": 52.2053
      },
      {
        "Brigade": "7",
        "Time": "2017-05-14 06:08:16",
        "Lines": "18",
        "Lon": 21.0229,
        "Lat": 52.2053
      },
      {
        "Brigade": "7",
        "Time": "2017-05-14 06:08:26",
        "Lines": "18",
        "Lon": 21.0229,
        "Lat": 52.2053
      },
      {
        "Brigade": "7",
        "Time": "2017-05-14 06:08:37",
        "Lines": "18",
        "Lon": 21.0229,
        "Lat": 52.2053
      },
      {
        "Brigade": "7",
        "Time": "2017-05-14 06:08:47",
        "Lines": "18",
        "Lon": 21.0228,
        "Lat": 52.2059
      },
      {
        "Brigade": "7",
        "Time": "2017-05-14 06:08:55",
        "Lines": "18",
        "Lon": 21.0225,
        "Lat": 52.2065
      },
      {
        "Brigade": "7",
        "Time": "2017-05-14 06:09:08",
        "Lines": "18",
        "Lon": 21.0217,
        "Lat": 52.2085
      },
      {
        "Brigade": "7",
        "Time": "2017-05-14 06:09:19",
        "Lines": "18",
        "Lon": 21.0213,
        "Lat": 52.2094
      },
      {
        "Brigade": "7",
        "Time": "2017-05-14 06:09:29",
        "Lines": "18",
        "Lon": 21.0213,
        "Lat": 52.2095
      },
      {
        "Brigade": "7",
        "Time": "2017-05-14 06:09:45",
        "Lines": "18",
        "Lon": 21.0212,
        "Lat": 52.2096
      },
      {
        "Brigade": "7",
        "Time": "2017-05-14 06:09:55",
        "Lines": "18",
        "Lon": 21.0209,
        "Lat": 52.2104
      },
      {
        "Brigade": "7",
        "Time": "2017-05-14 06:10:06",
        "Lines": "18",
        "Lon": 21.0208,
        "Lat": 52.2106
      },
      {
        "Brigade": "7",
        "Time": "2017-05-14 06:10:16",
        "Lines": "18",
        "Lon": 21.0208,
        "Lat": 52.2106
      },
      {
        "Brigade": "7",
        "Time": "2017-05-14 06:10:27",
        "Lines": "18",
        "Lon": 21.0208,
        "Lat": 52.2106
      },
      {
        "Brigade": "7",
        "Time": "2017-05-14 06:10:37",
        "Lines": "18",
        "Lon": 21.0208,
        "Lat": 52.2106
      },
      {
        "Brigade": "7",
        "Time": "2017-05-14 06:10:48",
        "Lines": "18",
        "Lon": 21.0208,
        "Lat": 52.2106
      },
      {
        "Brigade": "7",
        "Time": "2017-05-14 06:10:58",
        "Lines": "18",
        "Lon": 21.0207,
        "Lat": 52.2108
      },
      {
        "Brigade": "7",
        "Time": "2017-05-14 06:11:09",
        "Lines": "18",
        "Lon": 21.0206,
        "Lat": 52.2119
      },
      {
        "Brigade": "7",
        "Time": "2017-05-14 06:11:24",
        "Lines": "18",
        "Lon": 21.0215,
        "Lat": 52.2137
      },
      {
        "Brigade": "7",
        "Time": "2017-05-14 06:11:35",
        "Lines": "18",
        "Lon": 21.0211,
        "Lat": 52.2145
      },
      {
        "Brigade": "7",
        "Time": "2017-05-14 06:11:45",
        "Lines": "18",
        "Lon": 21.021,
        "Lat": 52.2147
      },
      {
        "Brigade": "7",
        "Time": "2017-05-14 06:11:56",
        "Lines": "18",
        "Lon": 21.0209,
        "Lat": 52.2148
      },
      {
        "Brigade": "7",
        "Time": "2017-05-14 06:12:07",
        "Lines": "18",
        "Lon": 21.0202,
        "Lat": 52.2159
      },
      {
        "Brigade": "7",
        "Time": "2017-05-14 06:12:17",
        "Lines": "18",
        "Lon": 21.0195,
        "Lat": 52.2171
      },
      {
        "Brigade": "7",
        "Time": "2017-05-14 06:12:27",
        "Lines": "18",
        "Lon": 21.019,
        "Lat": 52.2179
      },
      {
        "Brigade": "7",
        "Time": "2017-05-14 06:12:38",
        "Lines": "18",
        "Lon": 21.019,
        "Lat": 52.2179
      },
      {
        "Brigade": "7",
        "Time": "2017-05-14 06:12:50",
        "Lines": "18",
        "Lon": 21.0188,
        "Lat": 52.2183
      },
      {
        "Brigade": "7",
        "Time": "2017-05-14 06:13:04",
        "Lines": "18",
        "Lon": 21.0182,
        "Lat": 52.2194
      },
      {
        "Brigade": "7",
        "Time": "2017-05-14 06:13:14",
        "Lines": "18",
        "Lon": 21.0182,
        "Lat": 52.2194
      },
      {
        "Brigade": "7",
        "Time": "2017-05-14 06:13:25",
        "Lines": "18",
        "Lon": 21.0181,
        "Lat": 52.2196
      },
      {
        "Brigade": "7",
        "Time": "2017-05-14 06:13:35",
        "Lines": "18",
        "Lon": 21.0178,
        "Lat": 52.2201
      },
      {
        "Brigade": "7",
        "Time": "2017-05-14 06:13:47",
        "Lines": "18",
        "Lon": 21.0176,
        "Lat": 52.2205
      },
      {
        "Brigade": "7",
        "Time": "2017-05-14 06:13:56",
        "Lines": "18",
        "Lon": 21.017,
        "Lat": 52.2215
      },
      {
        "Brigade": "7",
        "Time": "2017-05-14 06:14:07",
        "Lines": "18",
        "Lon": 21.0162,
        "Lat": 52.2226
      },
      {
        "Brigade": "7",
        "Time": "2017-05-14 06:14:17",
        "Lines": "18",
        "Lon": 21.016,
        "Lat": 52.223
      },
      {
        "Brigade": "7",
        "Time": "2017-05-14 06:14:28",
        "Lines": "18",
        "Lon": 21.016,
        "Lat": 52.223
      },
      {
        "Brigade": "7",
        "Time": "2017-05-14 06:14:38",
        "Lines": "18",
        "Lon": 21.016,
        "Lat": 52.223
      },
      {
        "Brigade": "7",
        "Time": "2017-05-14 06:14:54",
        "Lines": "18",
        "Lon": 21.0159,
        "Lat": 52.2231
      },
      {
        "Brigade": "7",
        "Time": "2017-05-14 06:15:05",
        "Lines": "18",
        "Lon": 21.0153,
        "Lat": 52.2239
      },
      {
        "Brigade": "7",
        "Time": "2017-05-14 06:15:15",
        "Lines": "18",
        "Lon": 21.0147,
        "Lat": 52.2249
      },
      {
        "Brigade": "7",
        "Time": "2017-05-14 06:15:26",
        "Lines": "18",
        "Lon": 21.0141,
        "Lat": 52.2259
      },
      {
        "Brigade": "7",
        "Time": "2017-05-14 06:15:36",
        "Lines": "18",
        "Lon": 21.0141,
        "Lat": 52.2259
      },
      {
        "Brigade": "7",
        "Time": "2017-05-14 06:15:46",
        "Lines": "18",
        "Lon": 21.0141,
        "Lat": 52.2259
      },
      {
        "Brigade": "7",
        "Time": "2017-05-14 06:15:57",
        "Lines": "18",
        "Lon": 21.0139,
        "Lat": 52.2263
      },
      {
        "Brigade": "7",
        "Time": "2017-05-14 06:16:07",
        "Lines": "18",
        "Lon": 21.0135,
        "Lat": 52.2269
      },
      {
        "Brigade": "7",
        "Time": "2017-05-14 06:16:18",
        "Lines": "18",
        "Lon": 21.0135,
        "Lat": 52.227
      },
      {
        "Brigade": "7",
        "Time": "2017-05-14 06:16:28",
        "Lines": "18",
        "Lon": 21.0134,
        "Lat": 52.227
      },
      {
        "Brigade": "7",
        "Time": "2017-05-14 06:16:40",
        "Lines": "18",
        "Lon": 21.013,
        "Lat": 52.2277
      },
      {
        "Brigade": "7",
        "Time": "2017-05-14 06:17:05",
        "Lines": "18",
        "Lon": 21.0119,
        "Lat": 52.2295
      },
      {
        "Brigade": "7",
        "Time": "2017-05-14 06:17:16",
        "Lines": "18",
        "Lon": 21.0119,
        "Lat": 52.2295
      },
      {
        "Brigade": "7",
        "Time": "2017-05-14 06:17:26",
        "Lines": "18",
        "Lon": 21.0119,
        "Lat": 52.2295
      },
      {
        "Brigade": "7",
        "Time": "2017-05-14 06:17:37",
        "Lines": "18",
        "Lon": 21.0119,
        "Lat": 52.2295
      },
      {
        "Brigade": "7",
        "Time": "2017-05-14 06:17:47",
        "Lines": "18",
        "Lon": 21.0119,
        "Lat": 52.2295
      },
      {
        "Brigade": "7",
        "Time": "2017-05-14 06:17:58",
        "Lines": "18",
        "Lon": 21.0119,
        "Lat": 52.2295
      },
      {
        "Brigade": "7",
        "Time": "2017-05-14 06:18:08",
        "Lines": "18",
        "Lon": 21.0119,
        "Lat": 52.2295
      },
      {
        "Brigade": "7",
        "Time": "2017-05-14 06:18:19",
        "Lines": "18",
        "Lon": 21.0119,
        "Lat": 52.2295
      },
      {
        "Brigade": "7",
        "Time": "2017-05-14 06:18:29",
        "Lines": "18",
        "Lon": 21.0117,
        "Lat": 52.2299
      },
      {
        "Brigade": "7",
        "Time": "2017-05-14 06:18:35",
        "Lines": "18",
        "Lon": 21.0115,
        "Lat": 52.2302
      },
      {
        "Brigade": "7",
        "Time": "2017-05-14 06:18:50",
        "Lines": "18",
        "Lon": 21.0105,
        "Lat": 52.2319
      },
      {
        "Brigade": "7",
        "Time": "2017-05-14 06:19:06",
        "Lines": "18",
        "Lon": 21.0094,
        "Lat": 52.2338
      },
      {
        "Brigade": "7",
        "Time": "2017-05-14 06:19:16",
        "Lines": "18",
        "Lon": 21.0088,
        "Lat": 52.2348
      },
      {
        "Brigade": "7",
        "Time": "2017-05-14 06:19:27",
        "Lines": "18",
        "Lon": 21.0087,
        "Lat": 52.2349
      },
      {
        "Brigade": "7",
        "Time": "2017-05-14 06:19:37",
        "Lines": "18",
        "Lon": 21.0087,
        "Lat": 52.2349
      },
      {
        "Brigade": "7",
        "Time": "2017-05-14 06:19:48",
        "Lines": "18",
        "Lon": 21.0086,
        "Lat": 52.2351
      },
      {
        "Brigade": "7",
        "Time": "2017-05-14 06:19:58",
        "Lines": "18",
        "Lon": 21.0079,
        "Lat": 52.2363
      },
      {
        "Brigade": "7",
        "Time": "2017-05-14 06:20:09",
        "Lines": "18",
        "Lon": 21.0072,
        "Lat": 52.2375
      },
      {
        "Brigade": "7",
        "Time": "2017-05-14 06:20:24",
        "Lines": "18",
        "Lon": 21.0066,
        "Lat": 52.2384
      },
      {
        "Brigade": "7",
        "Time": "2017-05-14 06:20:30",
        "Lines": "18",
        "Lon": 21.0064,
        "Lat": 52.2387
      },
      {
        "Brigade": "7",
        "Time": "2017-05-14 06:20:41",
        "Lines": "18",
        "Lon": 21.0059,
        "Lat": 52.239
      },
      {
        "Brigade": "7",
        "Time": "2017-05-14 06:21:06",
        "Lines": "18",
        "Lon": 21.0056,
        "Lat": 52.2392
      },
      {
        "Brigade": "7",
        "Time": "2017-05-14 06:21:29",
        "Lines": "18",
        "Lon": 21.0049,
        "Lat": 52.2407
      },
      {
        "Brigade": "7",
        "Time": "2017-05-14 06:21:38",
        "Lines": "18",
        "Lon": 21.0046,
        "Lat": 52.2415
      },
      {
        "Brigade": "7",
        "Time": "2017-05-14 06:21:48",
        "Lines": "18",
        "Lon": 21.004,
        "Lat": 52.2422
      },
      {
        "Brigade": "7",
        "Time": "2017-05-14 06:21:59",
        "Lines": "18",
        "Lon": 21.0034,
        "Lat": 52.2428
      },
      {
        "Brigade": "7",
        "Time": "2017-05-14 06:22:09",
        "Lines": "18",
        "Lon": 21.0027,
        "Lat": 52.2433
      },
      {
        "Brigade": "7",
        "Time": "2017-05-14 06:22:25",
        "Lines": "18",
        "Lon": 21.0027,
        "Lat": 52.2433
      },
      {
        "Brigade": "7",
        "Time": "2017-05-14 06:22:35",
        "Lines": "18",
        "Lon": 21.0026,
        "Lat": 52.2434
      },
      {
        "Brigade": "7",
        "Time": "2017-05-14 06:22:46",
        "Lines": "18",
        "Lon": 21.0019,
        "Lat": 52.2439
      },
      {
        "Brigade": "7",
        "Time": "2017-05-14 06:22:56",
        "Lines": "18",
        "Lon": 21.0016,
        "Lat": 52.2441
      },
      {
        "Brigade": "7",
        "Time": "2017-05-14 06:23:07",
        "Lines": "18",
        "Lon": 21.0013,
        "Lat": 52.2445
      },
      {
        "Brigade": "7",
        "Time": "2017-05-14 06:23:17",
        "Lines": "18",
        "Lon": 21.0009,
        "Lat": 52.2448
      },
      {
        "Brigade": "7",
        "Time": "2017-05-14 06:23:28",
        "Lines": "18",
        "Lon": 21.0007,
        "Lat": 52.2451
      },
      {
        "Brigade": "7",
        "Time": "2017-05-14 06:23:38",
        "Lines": "18",
        "Lon": 21.0007,
        "Lat": 52.2451
      },
      {
        "Brigade": "7",
        "Time": "2017-05-14 06:23:49",
        "Lines": "18",
        "Lon": 21.0005,
        "Lat": 52.2453
      },
      {
        "Brigade": "7",
        "Time": "2017-05-14 06:24:05",
        "Lines": "18",
        "Lon": 20.9996,
        "Lat": 52.2466
      },
      {
        "Brigade": "7",
        "Time": "2017-05-14 06:24:15",
        "Lines": "18",
        "Lon": 20.9993,
        "Lat": 52.2476
      },
      {
        "Brigade": "7",
        "Time": "2017-05-14 06:24:26",
        "Lines": "18",
        "Lon": 20.999,
        "Lat": 52.2487
      },
      {
        "Brigade": "7",
        "Time": "2017-05-14 06:24:36",
        "Lines": "18",
        "Lon": 20.9989,
        "Lat": 52.2491
      },
      {
        "Brigade": "7",
        "Time": "2017-05-14 06:24:47",
        "Lines": "18",
        "Lon": 20.9989,
        "Lat": 52.2491
      },
      {
        "Brigade": "7",
        "Time": "2017-05-14 06:24:57",
        "Lines": "18",
        "Lon": 20.9989,
        "Lat": 52.2491
      },
      {
        "Brigade": "7",
        "Time": "2017-05-14 06:25:07",
        "Lines": "18",
        "Lon": 20.9989,
        "Lat": 52.2491
      },
      {
        "Brigade": "7",
        "Time": "2017-05-14 06:25:18",
        "Lines": "18",
        "Lon": 20.9989,
        "Lat": 52.2491
      },
      {
        "Brigade": "7",
        "Time": "2017-05-14 06:25:28",
        "Lines": "18",
        "Lon": 20.9989,
        "Lat": 52.2493
      },
      {
        "Brigade": "7",
        "Time": "2017-05-14 06:25:39",
        "Lines": "18",
        "Lon": 20.9986,
        "Lat": 52.2504
      },
      {
        "Brigade": "7",
        "Time": "2017-05-14 06:25:55",
        "Lines": "18",
        "Lon": 20.9985,
        "Lat": 52.2509
      },
      {
        "Brigade": "7",
        "Time": "2017-05-14 06:26:05",
        "Lines": "18",
        "Lon": 20.9985,
        "Lat": 52.2509
      },
      {
        "Brigade": "7",
        "Time": "2017-05-14 06:26:16",
        "Lines": "18",
        "Lon": 20.9984,
        "Lat": 52.2512
      },
      {
        "Brigade": "7",
        "Time": "2017-05-14 06:26:26",
        "Lines": "18",
        "Lon": 20.9982,
        "Lat": 52.2522
      },
      {
        "Brigade": "7",
        "Time": "2017-05-14 06:26:37",
        "Lines": "18",
        "Lon": 20.998,
        "Lat": 52.2532
      },
      {
        "Brigade": "7",
        "Time": "2017-05-14 06:26:58",
        "Lines": "18",
        "Lon": 20.9979,
        "Lat": 52.2533
      },
      {
        "Brigade": "7",
        "Time": "2017-05-14 06:27:13",
        "Lines": "18",
        "Lon": 20.9979,
        "Lat": 52.2533
      },
      {
        "Brigade": "7",
        "Time": "2017-05-14 06:27:19",
        "Lines": "18",
        "Lon": 20.9979,
        "Lat": 52.2533
      },
      {
        "Brigade": "7",
        "Time": "2017-05-14 06:27:35",
        "Lines": "18",
        "Lon": 20.9979,
        "Lat": 52.2533
      },
      {
        "Brigade": "7",
        "Time": "2017-05-14 06:27:45",
        "Lines": "18",
        "Lon": 20.9979,
        "Lat": 52.2537
      },
      {
        "Brigade": "7",
        "Time": "2017-05-14 06:27:55",
        "Lines": "18",
        "Lon": 20.9977,
        "Lat": 52.2543
      },
      {
        "Brigade": "7",
        "Time": "2017-05-14 06:28:06",
        "Lines": "18",
        "Lon": 20.9976,
        "Lat": 52.255
      },
      {
        "Brigade": "7",
        "Time": "2017-05-14 06:28:11",
        "Lines": "18",
        "Lon": 20.9976,
        "Lat": 52.2552
      },
      {
        "Brigade": "7",
        "Time": "2017-05-14 06:28:18",
        "Lines": "18",
        "Lon": 20.9978,
        "Lat": 52.2554
      },
      {
        "Brigade": "7",
        "Time": "2017-05-14 06:28:37",
        "Lines": "18",
        "Lon": 20.9988,
        "Lat": 52.2558
      },
      {
        "Brigade": "7",
        "Time": "2017-05-14 06:28:48",
        "Lines": "18",
        "Lon": 20.9989,
        "Lat": 52.2559
      },
      {
        "Brigade": "7",
        "Time": "2017-05-14 06:28:58",
        "Lines": "18",
        "Lon": 20.9999,
        "Lat": 52.2564
      },
      {
        "Brigade": "7",
        "Time": "2017-05-14 06:29:09",
        "Lines": "18",
        "Lon": 21.001,
        "Lat": 52.2574
      },
      {
        "Brigade": "7",
        "Time": "2017-05-14 06:29:14",
        "Lines": "18",
        "Lon": 21.0014,
        "Lat": 52.2578
      },
      {
        "Brigade": "7",
        "Time": "2017-05-14 06:29:35",
        "Lines": "18",
        "Lon": 21.0019,
        "Lat": 52.2586
      },
      {
        "Brigade": "7",
        "Time": "2017-05-14 06:29:45",
        "Lines": "18",
        "Lon": 21.0026,
        "Lat": 52.2588
      },
      {
        "Brigade": "7",
        "Time": "2017-05-14 06:29:56",
        "Lines": "18",
        "Lon": 21.0029,
        "Lat": 52.2588
      },
      {
        "Brigade": "7",
        "Time": "2017-05-14 06:30:01",
        "Lines": "18",
        "Lon": 21.0029,
        "Lat": 52.2588
      },
      {
        "Brigade": "7",
        "Time": "2017-05-14 06:31:15",
        "Lines": "18",
        "Lon": 21.0091,
        "Lat": 52.2608
      },
      {
        "Brigade": "7",
        "Time": "2017-05-14 06:31:25",
        "Lines": "18",
        "Lon": 21.0102,
        "Lat": 52.2608
      },
      {
        "Brigade": "7",
        "Time": "2017-05-14 06:31:36",
        "Lines": "18",
        "Lon": 21.0118,
        "Lat": 52.2613
      },
      {
        "Brigade": "7",
        "Time": "2017-05-14 06:31:46",
        "Lines": "18",
        "Lon": 21.0128,
        "Lat": 52.2617
      },
      {
        "Brigade": "7",
        "Time": "2017-05-14 06:31:57",
        "Lines": "18",
        "Lon": 21.0135,
        "Lat": 52.262
      },
      {
        "Brigade": "7",
        "Time": "2017-05-14 06:32:07",
        "Lines": "18",
        "Lon": 21.0148,
        "Lat": 52.2623
      },
      {
        "Brigade": "7",
        "Time": "2017-05-14 06:32:19",
        "Lines": "18",
        "Lon": 21.0164,
        "Lat": 52.2628
      },
      {
        "Brigade": "7",
        "Time": "2017-05-14 06:32:35",
        "Lines": "18",
        "Lon": 21.0183,
        "Lat": 52.2632
      },
      {
        "Brigade": "7",
        "Time": "2017-05-14 06:32:44",
        "Lines": "18",
        "Lon": 21.0203,
        "Lat": 52.2635
      },
      {
        "Brigade": "7",
        "Time": "2017-05-14 06:32:54",
        "Lines": "18",
        "Lon": 21.0203,
        "Lat": 52.2635
      },
      {
        "Brigade": "7",
        "Time": "2017-05-14 06:33:05",
        "Lines": "18",
        "Lon": 21.0204,
        "Lat": 52.2635
      },
      {
        "Brigade": "7",
        "Time": "2017-05-14 06:33:15",
        "Lines": "18",
        "Lon": 21.0208,
        "Lat": 52.2639
      },
      {
        "Brigade": "7",
        "Time": "2017-05-14 06:33:26",
        "Lines": "18",
        "Lon": 21.021,
        "Lat": 52.2644
      },
      {
        "Brigade": "7",
        "Time": "2017-05-14 06:33:47",
        "Lines": "18",
        "Lon": 21.0203,
        "Lat": 52.2659
      },
      {
        "Brigade": "7",
        "Time": "2017-05-14 06:34:03",
        "Lines": "18",
        "Lon": 21.02,
        "Lat": 52.2669
      },
      {
        "Brigade": "7",
        "Time": "2017-05-14 06:34:08",
        "Lines": "18",
        "Lon": 21.0199,
        "Lat": 52.2671
      },
      {
        "Brigade": "7",
        "Time": "2017-05-14 06:34:35",
        "Lines": "18",
        "Lon": 21.0197,
        "Lat": 52.2675
      },
      {
        "Brigade": "7",
        "Time": "2017-05-14 06:34:45",
        "Lines": "18",
        "Lon": 21.019,
        "Lat": 52.2687
      },
      {
        "Brigade": "7",
        "Time": "2017-05-14 06:34:55",
        "Lines": "18",
        "Lon": 21.0179,
        "Lat": 52.2696
      },
      {
        "Brigade": "7",
        "Time": "2017-05-14 06:35:05",
        "Lines": "18",
        "Lon": 21.0172,
        "Lat": 52.2702
      },
      {
        "Brigade": "7",
        "Time": "2017-05-14 06:35:16",
        "Lines": "18",
        "Lon": 21.0172,
        "Lat": 52.2702
      },
      {
        "Brigade": "7",
        "Time": "2017-05-14 06:35:27",
        "Lines": "18",
        "Lon": 21.0169,
        "Lat": 52.2705
      },
      {
        "Brigade": "7",
        "Time": "2017-05-14 06:35:38",
        "Lines": "18",
        "Lon": 21.0158,
        "Lat": 52.2715
      },
      {
        "Brigade": "7",
        "Time": "2017-05-14 06:35:52",
        "Lines": "18",
        "Lon": 21.0148,
        "Lat": 52.2732
      },
      {
        "Brigade": "7",
        "Time": "2017-05-14 06:36:03",
        "Lines": "18",
        "Lon": 21.0144,
        "Lat": 52.2739
      },
      {
        "Brigade": "7",
        "Time": "2017-05-14 06:36:13",
        "Lines": "18",
        "Lon": 21.0144,
        "Lat": 52.2739
      },
      {
        "Brigade": "7",
        "Time": "2017-05-14 06:36:24",
        "Lines": "18",
        "Lon": 21.0144,
        "Lat": 52.2739
      },
      {
        "Brigade": "7",
        "Time": "2017-05-14 06:36:34",
        "Lines": "18",
        "Lon": 21.0144,
        "Lat": 52.2739
      },
      {
        "Brigade": "7",
        "Time": "2017-05-14 06:36:45",
        "Lines": "18",
        "Lon": 21.0144,
        "Lat": 52.2739
      },
      {
        "Brigade": "7",
        "Time": "2017-05-14 06:36:55",
        "Lines": "18",
        "Lon": 21.0144,
        "Lat": 52.2739
      },
      {
        "Brigade": "7",
        "Time": "2017-05-14 06:37:06",
        "Lines": "18",
        "Lon": 21.0144,
        "Lat": 52.2739
      },
      {
        "Brigade": "7",
        "Time": "2017-05-14 06:37:16",
        "Lines": "18",
        "Lon": 21.0144,
        "Lat": 52.2739
      },
      {
        "Brigade": "7",
        "Time": "2017-05-14 06:37:32",
        "Lines": "18",
        "Lon": 21.0135,
        "Lat": 52.2753
      },
      {
        "Brigade": "7",
        "Time": "2017-05-14 06:37:42",
        "Lines": "18",
        "Lon": 21.0127,
        "Lat": 52.2766
      },
      {
        "Brigade": "7",
        "Time": "2017-05-14 06:37:53",
        "Lines": "18",
        "Lon": 21.0119,
        "Lat": 52.2779
      },
      {
        "Brigade": "7",
        "Time": "2017-05-14 06:38:03",
        "Lines": "18",
        "Lon": 21.0116,
        "Lat": 52.2784
      },
      {
        "Brigade": "7",
        "Time": "2017-05-14 06:38:14",
        "Lines": "18",
        "Lon": 21.0116,
        "Lat": 52.2784
      },
      {
        "Brigade": "7",
        "Time": "2017-05-14 06:38:24",
        "Lines": "18",
        "Lon": 21.0114,
        "Lat": 52.2788
      },
      {
        "Brigade": "7",
        "Time": "2017-05-14 06:38:35",
        "Lines": "18",
        "Lon": 21.0106,
        "Lat": 52.2802
      },
      {
        "Brigade": "7",
        "Time": "2017-05-14 06:38:45",
        "Lines": "18",
        "Lon": 21.0098,
        "Lat": 52.2813
      },
      {
        "Brigade": "7",
        "Time": "2017-05-14 06:38:56",
        "Lines": "18",
        "Lon": 21.0093,
        "Lat": 52.2821
      },
      {
        "Brigade": "7",
        "Time": "2017-05-14 06:39:06",
        "Lines": "18",
        "Lon": 21.0093,
        "Lat": 52.2821
      },
      {
        "Brigade": "7",
        "Time": "2017-05-14 06:39:17",
        "Lines": "18",
        "Lon": 21.0089,
        "Lat": 52.2828
      },
      {
        "Brigade": "7",
        "Time": "2017-05-14 06:39:33",
        "Lines": "18",
        "Lon": 21.0077,
        "Lat": 52.2847
      },
      {
        "Brigade": "7",
        "Time": "2017-05-14 06:39:43",
        "Lines": "18",
        "Lon": 21.0068,
        "Lat": 52.2861
      },
      {
        "Brigade": "7",
        "Time": "2017-05-14 06:39:54",
        "Lines": "18",
        "Lon": 21.0061,
        "Lat": 52.2868
      },
      {
        "Brigade": "7",
        "Time": "2017-05-14 06:40:15",
        "Lines": "18",
        "Lon": 21.0059,
        "Lat": 52.287
      },
      {
        "Brigade": "7",
        "Time": "2017-05-14 06:40:25",
        "Lines": "18",
        "Lon": 21.0049,
        "Lat": 52.288
      },
      {
        "Brigade": "7",
        "Time": "2017-05-14 06:40:35",
        "Lines": "18",
        "Lon": 21.0039,
        "Lat": 52.289
      },
      {
        "Brigade": "7",
        "Time": "2017-05-14 06:40:46",
        "Lines": "18",
        "Lon": 21.0033,
        "Lat": 52.2896
      },
      {
        "Brigade": "7",
        "Time": "2017-05-14 06:41:02",
        "Lines": "18",
        "Lon": 21.0027,
        "Lat": 52.29
      },
      {
        "Brigade": "7",
        "Time": "2017-05-14 06:41:12",
        "Lines": "18",
        "Lon": 21.0026,
        "Lat": 52.2903
      },
      {
        "Brigade": "7",
        "Time": "2017-05-14 06:41:23",
        "Lines": "18",
        "Lon": 21.0026,
        "Lat": 52.2903
      },
      {
        "Brigade": "7",
        "Time": "2017-05-14 06:41:33",
        "Lines": "18",
        "Lon": 21.0026,
        "Lat": 52.2903
      },
      {
        "Brigade": "7",
        "Time": "2017-05-14 06:41:44",
        "Lines": "18",
        "Lon": 21.0026,
        "Lat": 52.2903
      },
      {
        "Brigade": "7",
        "Time": "2017-05-14 06:41:54",
        "Lines": "18",
        "Lon": 21.0026,
        "Lat": 52.2903
      },
      {
        "Brigade": "7",
        "Time": "2017-05-14 06:42:05",
        "Lines": "18",
        "Lon": 21.0026,
        "Lat": 52.2903
      },
      {
        "Brigade": "7",
        "Time": "2017-05-14 06:42:15",
        "Lines": "18",
        "Lon": 21.0026,
        "Lat": 52.2903
      },
      {
        "Brigade": "7",
        "Time": "2017-05-14 06:42:26",
        "Lines": "18",
        "Lon": 21.0026,
        "Lat": 52.2903
      },
      {
        "Brigade": "7",
        "Time": "2017-05-14 06:42:36",
        "Lines": "18",
        "Lon": 21.0026,
        "Lat": 52.2903
      },
      {
        "Brigade": "7",
        "Time": "2017-05-14 06:42:47",
        "Lines": "18",
        "Lon": 21.0026,
        "Lat": 52.2903
      },
      {
        "Brigade": "7",
        "Time": "2017-05-14 06:43:02",
        "Lines": "18",
        "Lon": 21.0026,
        "Lat": 52.2903
      },
      {
        "Brigade": "7",
        "Time": "2017-05-14 06:43:13",
        "Lines": "18",
        "Lon": 21.0026,
        "Lat": 52.2903
      },
      {
        "Brigade": "7",
        "Time": "2017-05-14 06:43:23",
        "Lines": "18",
        "Lon": 21.0026,
        "Lat": 52.2903
      },
      {
        "Brigade": "7",
        "Time": "2017-05-14 06:43:34",
        "Lines": "18",
        "Lon": 21.0026,
        "Lat": 52.2903
      },
      {
        "Brigade": "7",
        "Time": "2017-05-14 06:43:44",
        "Lines": "18",
        "Lon": 21.0026,
        "Lat": 52.2903
      },
      {
        "Brigade": "7",
        "Time": "2017-05-14 06:43:55",
        "Lines": "18",
        "Lon": 21.0026,
        "Lat": 52.2903
      },
      {
        "Brigade": "7",
        "Time": "2017-05-14 06:44:05",
        "Lines": "18",
        "Lon": 21.0026,
        "Lat": 52.2903
      },
      {
        "Brigade": "7",
        "Time": "2017-05-14 06:44:16",
        "Lines": "18",
        "Lon": 21.0026,
        "Lat": 52.2903
      },
      {
        "Brigade": "7",
        "Time": "2017-05-14 06:44:26",
        "Lines": "18",
        "Lon": 21.0026,
        "Lat": 52.2903
      },
      {
        "Brigade": "7",
        "Time": "2017-05-14 06:44:37",
        "Lines": "18",
        "Lon": 21.0026,
        "Lat": 52.2903
      },
      {
        "Brigade": "7",
        "Time": "2017-05-14 06:44:47",
        "Lines": "18",
        "Lon": 21.0026,
        "Lat": 52.2902
      },
      {
        "Brigade": "7",
        "Time": "2017-05-14 06:45:03",
        "Lines": "18",
        "Lon": 21.0026,
        "Lat": 52.2902
      },
      {
        "Brigade": "7",
        "Time": "2017-05-14 06:45:13",
        "Lines": "18",
        "Lon": 21.0026,
        "Lat": 52.2902
      },
      {
        "Brigade": "7",
        "Time": "2017-05-14 06:45:24",
        "Lines": "18",
        "Lon": 21.0026,
        "Lat": 52.2902
      },
      {
        "Brigade": "7",
        "Time": "2017-05-14 06:45:34",
        "Lines": "18",
        "Lon": 21.0026,
        "Lat": 52.2902
      },
      {
        "Brigade": "7",
        "Time": "2017-05-14 06:45:45",
        "Lines": "18",
        "Lon": 21.0026,
        "Lat": 52.2902
      },
      {
        "Brigade": "7",
        "Time": "2017-05-14 06:45:55",
        "Lines": "18",
        "Lon": 21.0026,
        "Lat": 52.2902
      },
      {
        "Brigade": "7",
        "Time": "2017-05-14 06:46:06",
        "Lines": "18",
        "Lon": 21.0026,
        "Lat": 52.2902
      },
      {
        "Brigade": "7",
        "Time": "2017-05-14 06:46:16",
        "Lines": "18",
        "Lon": 21.0026,
        "Lat": 52.2902
      },
      {
        "Brigade": "7",
        "Time": "2017-05-14 06:46:27",
        "Lines": "18",
        "Lon": 21.0026,
        "Lat": 52.2902
      },
      {
        "Brigade": "7",
        "Time": "2017-05-14 06:46:43",
        "Lines": "18",
        "Lon": 21.0026,
        "Lat": 52.2902
      },
      {
        "Brigade": "7",
        "Time": "2017-05-14 06:46:48",
        "Lines": "18",
        "Lon": 21.0026,
        "Lat": 52.2902
      },
      {
        "Brigade": "7",
        "Time": "2017-05-14 06:47:03",
        "Lines": "18",
        "Lon": 21.0026,
        "Lat": 52.2902
      },
      {
        "Brigade": "7",
        "Time": "2017-05-14 06:47:14",
        "Lines": "18",
        "Lon": 21.0026,
        "Lat": 52.2902
      },
      {
        "Brigade": "7",
        "Time": "2017-05-14 06:47:24",
        "Lines": "18",
        "Lon": 21.0026,
        "Lat": 52.2902
      },
      {
        "Brigade": "7",
        "Time": "2017-05-14 06:47:35",
        "Lines": "18",
        "Lon": 21.0026,
        "Lat": 52.2902
      },
      {
        "Brigade": "7",
        "Time": "2017-05-14 06:47:45",
        "Lines": "18",
        "Lon": 21.0026,
        "Lat": 52.2902
      },
      {
        "Brigade": "7",
        "Time": "2017-05-14 06:47:56",
        "Lines": "18",
        "Lon": 21.0096,
        "Lat": 52.3039
      },
      {
        "Brigade": "7",
        "Time": "2017-05-14 06:48:06",
        "Lines": "18",
        "Lon": 21.0098,
        "Lat": 52.3041
      },
      {
        "Brigade": "7",
        "Time": "2017-05-14 06:48:17",
        "Lines": "18",
        "Lon": 21.0098,
        "Lat": 52.3041
      },
      {
        "Brigade": "7",
        "Time": "2017-05-14 06:48:27",
        "Lines": "18",
        "Lon": 21.0098,
        "Lat": 52.3041
      },
      {
        "Brigade": "7",
        "Time": "2017-05-14 06:48:38",
        "Lines": "18",
        "Lon": 21.0098,
        "Lat": 52.3041
      },
      {
        "Brigade": "7",
        "Time": "2017-05-14 06:48:54",
        "Lines": "18",
        "Lon": 21.0024,
        "Lat": 52.2907
      },
      {
        "Brigade": "7",
        "Time": "2017-05-14 06:49:04",
        "Lines": "18",
        "Lon": 21.0024,
        "Lat": 52.2907
      },
      {
        "Brigade": "7",
        "Time": "2017-05-14 06:49:15",
        "Lines": "18",
        "Lon": 21.0025,
        "Lat": 52.2907
      },
      {
        "Brigade": "7",
        "Time": "2017-05-14 06:49:25",
        "Lines": "18",
        "Lon": 21.0025,
        "Lat": 52.2907
      },
      {
        "Brigade": "7",
        "Time": "2017-05-14 06:49:36",
        "Lines": "18",
        "Lon": 21.0025,
        "Lat": 52.2907
      },
      {
        "Brigade": "7",
        "Time": "2017-05-14 06:49:46",
        "Lines": "18",
        "Lon": 21.0025,
        "Lat": 52.2907
      },
      {
        "Brigade": "7",
        "Time": "2017-05-14 06:49:56",
        "Lines": "18",
        "Lon": 21.0025,
        "Lat": 52.2907
      },
      {
        "Brigade": "7",
        "Time": "2017-05-14 06:50:07",
        "Lines": "18",
        "Lon": 21.0025,
        "Lat": 52.2907
      },
      {
        "Brigade": "7",
        "Time": "2017-05-14 06:50:17",
        "Lines": "18",
        "Lon": 21.0025,
        "Lat": 52.2907
      },
      {
        "Brigade": "7",
        "Time": "2017-05-14 06:50:28",
        "Lines": "18",
        "Lon": 21.0025,
        "Lat": 52.2907
      },
      {
        "Brigade": "7",
        "Time": "2017-05-14 06:50:44",
        "Lines": "18",
        "Lon": 21.0025,
        "Lat": 52.2907
      },
      {
        "Brigade": "7",
        "Time": "2017-05-14 06:50:54",
        "Lines": "18",
        "Lon": 21.0025,
        "Lat": 52.2907
      },
      {
        "Brigade": "7",
        "Time": "2017-05-14 06:51:05",
        "Lines": "18",
        "Lon": 21.0025,
        "Lat": 52.2907
      },
      {
        "Brigade": "7",
        "Time": "2017-05-14 06:51:15",
        "Lines": "18",
        "Lon": 21.0025,
        "Lat": 52.2907
      },
      {
        "Brigade": "7",
        "Time": "2017-05-14 06:51:26",
        "Lines": "18",
        "Lon": 21.0025,
        "Lat": 52.2907
      },
      {
        "Brigade": "7",
        "Time": "2017-05-14 06:51:36",
        "Lines": "18",
        "Lon": 21.0025,
        "Lat": 52.2907
      },
      {
        "Brigade": "7",
        "Time": "2017-05-14 06:51:47",
        "Lines": "18",
        "Lon": 21.0025,
        "Lat": 52.2907
      },
      {
        "Brigade": "7",
        "Time": "2017-05-14 06:52:02",
        "Lines": "18",
        "Lon": 21.0025,
        "Lat": 52.2907
      },
      {
        "Brigade": "7",
        "Time": "2017-05-14 06:52:08",
        "Lines": "18",
        "Lon": 21.0025,
        "Lat": 52.2907
      },
      {
        "Brigade": "7",
        "Time": "2017-05-14 06:52:23",
        "Lines": "18",
        "Lon": 21.0025,
        "Lat": 52.2907
      },
      {
        "Brigade": "7",
        "Time": "2017-05-14 06:52:34",
        "Lines": "18",
        "Lon": 21.0025,
        "Lat": 52.2907
      },
      {
        "Brigade": "7",
        "Time": "2017-05-14 06:52:45",
        "Lines": "18",
        "Lon": 21.0024,
        "Lat": 52.2907
      },
      {
        "Brigade": "7",
        "Time": "2017-05-14 06:52:55",
        "Lines": "18",
        "Lon": 21.0024,
        "Lat": 52.2907
      },
      {
        "Brigade": "7",
        "Time": "2017-05-14 06:53:05",
        "Lines": "18",
        "Lon": 21.0024,
        "Lat": 52.2907
      },
      {
        "Brigade": "7",
        "Time": "2017-05-14 06:53:16",
        "Lines": "18",
        "Lon": 21.0024,
        "Lat": 52.2907
      },
      {
        "Brigade": "7",
        "Time": "2017-05-14 06:53:26",
        "Lines": "18",
        "Lon": 21.0024,
        "Lat": 52.2907
      },
      {
        "Brigade": "7",
        "Time": "2017-05-14 06:53:37",
        "Lines": "18",
        "Lon": 21.0024,
        "Lat": 52.2907
      },
      {
        "Brigade": "7",
        "Time": "2017-05-14 06:53:52",
        "Lines": "18",
        "Lon": 21.0024,
        "Lat": 52.2907
      },
      {
        "Brigade": "7",
        "Time": "2017-05-14 06:53:58",
        "Lines": "18",
        "Lon": 21.0024,
        "Lat": 52.2907
      },
      {
        "Brigade": "7",
        "Time": "2017-05-14 06:54:13",
        "Lines": "18",
        "Lon": 21.0024,
        "Lat": 52.2907
      },
      {
        "Brigade": "7",
        "Time": "2017-05-14 06:54:24",
        "Lines": "18",
        "Lon": 21.0024,
        "Lat": 52.2907
      },
      {
        "Brigade": "7",
        "Time": "2017-05-14 06:54:34",
        "Lines": "18",
        "Lon": 21.0024,
        "Lat": 52.2907
      },
      {
        "Brigade": "7",
        "Time": "2017-05-14 06:54:45",
        "Lines": "18",
        "Lon": 21.0024,
        "Lat": 52.2907
      },
      {
        "Brigade": "7",
        "Time": "2017-05-14 06:54:55",
        "Lines": "18",
        "Lon": 21.0024,
        "Lat": 52.2907
      },
      {
        "Brigade": "7",
        "Time": "2017-05-14 06:55:11",
        "Lines": "18",
        "Lon": 21.0024,
        "Lat": 52.2907
      },
      {
        "Brigade": "7",
        "Time": "2017-05-14 06:55:21",
        "Lines": "18",
        "Lon": 21.0024,
        "Lat": 52.2907
      },
      {
        "Brigade": "7",
        "Time": "2017-05-14 06:55:32",
        "Lines": "18",
        "Lon": 21.0024,
        "Lat": 52.2907
      },
      {
        "Brigade": "7",
        "Time": "2017-05-14 06:55:42",
        "Lines": "18",
        "Lon": 21.0024,
        "Lat": 52.2907
      },
      {
        "Brigade": "7",
        "Time": "2017-05-14 06:55:53",
        "Lines": "18",
        "Lon": 21.0024,
        "Lat": 52.2907
      },
      {
        "Brigade": "7",
        "Time": "2017-05-14 06:56:09",
        "Lines": "18",
        "Lon": 21.0024,
        "Lat": 52.2907
      },
      {
        "Brigade": "7",
        "Time": "2017-05-14 06:56:14",
        "Lines": "18",
        "Lon": 21.0024,
        "Lat": 52.2907
      },
      {
        "Brigade": "7",
        "Time": "2017-05-14 06:56:30",
        "Lines": "18",
        "Lon": 21.0024,
        "Lat": 52.2907
      },
      {
        "Brigade": "7",
        "Time": "2017-05-14 06:56:40",
        "Lines": "18",
        "Lon": 21.0024,
        "Lat": 52.2907
      },
      {
        "Brigade": "7",
        "Time": "2017-05-14 06:56:51",
        "Lines": "18",
        "Lon": 21.0024,
        "Lat": 52.2907
      },
      {
        "Brigade": "7",
        "Time": "2017-05-14 06:57:01",
        "Lines": "18",
        "Lon": 21.0024,
        "Lat": 52.2907
      },
      {
        "Brigade": "7",
        "Time": "2017-05-14 06:57:12",
        "Lines": "18",
        "Lon": 21.0024,
        "Lat": 52.2907
      },
      {
        "Brigade": "7",
        "Time": "2017-05-14 06:57:22",
        "Lines": "18",
        "Lon": 21.0024,
        "Lat": 52.2907
      },
      {
        "Brigade": "7",
        "Time": "2017-05-14 06:57:33",
        "Lines": "18",
        "Lon": 21.0024,
        "Lat": 52.2907
      },
      {
        "Brigade": "7",
        "Time": "2017-05-14 06:57:43",
        "Lines": "18",
        "Lon": 21.0024,
        "Lat": 52.2907
      },
      {
        "Brigade": "7",
        "Time": "2017-05-14 06:57:59",
        "Lines": "18",
        "Lon": 21.0024,
        "Lat": 52.2907
      },
      {
        "Brigade": "7",
        "Time": "2017-05-14 06:58:09",
        "Lines": "18",
        "Lon": 21.0024,
        "Lat": 52.2907
      },
      {
        "Brigade": "7",
        "Time": "2017-05-14 06:58:20",
        "Lines": "18",
        "Lon": 21.0024,
        "Lat": 52.2907
      },
      {
        "Brigade": "7",
        "Time": "2017-05-14 06:58:30",
        "Lines": "18",
        "Lon": 21.0024,
        "Lat": 52.2907
      },
      {
        "Brigade": "7",
        "Time": "2017-05-14 06:58:41",
        "Lines": "18",
        "Lon": 21.0024,
        "Lat": 52.2907
      },
      {
        "Brigade": "7",
        "Time": "2017-05-14 06:58:51",
        "Lines": "18",
        "Lon": 21.0024,
        "Lat": 52.2907
      },
      {
        "Brigade": "7",
        "Time": "2017-05-14 06:59:02",
        "Lines": "18",
        "Lon": 21.0024,
        "Lat": 52.2907
      },
      {
        "Brigade": "7",
        "Time": "2017-05-14 06:59:12",
        "Lines": "18",
        "Lon": 21.0024,
        "Lat": 52.2907
      },
      {
        "Brigade": "7",
        "Time": "2017-05-14 06:59:23",
        "Lines": "18",
        "Lon": 21.0024,
        "Lat": 52.2907
      },
      {
        "Brigade": "7",
        "Time": "2017-05-14 06:59:38",
        "Lines": "18",
        "Lon": 21.0024,
        "Lat": 52.2907
      },
      {
        "Brigade": "7",
        "Time": "2017-05-14 06:59:44",
        "Lines": "18",
        "Lon": 21.0024,
        "Lat": 52.2907
      },
      {
        "Brigade": "7",
        "Time": "2017-05-14 06:59:59",
        "Lines": "18",
        "Lon": 21.0024,
        "Lat": 52.2907
      },
      {
        "Brigade": "7",
        "Time": "2017-05-14 07:00:10",
        "Lines": "18",
        "Lon": 21.0024,
        "Lat": 52.2907
      },
      {
        "Brigade": "7",
        "Time": "2017-05-14 07:00:21",
        "Lines": "18",
        "Lon": 21.0024,
        "Lat": 52.2907
      },
      {
        "Brigade": "7",
        "Time": "2017-05-14 07:00:31",
        "Lines": "18",
        "Lon": 21.0024,
        "Lat": 52.2907
      },
      {
        "Brigade": "7",
        "Time": "2017-05-14 07:00:41",
        "Lines": "18",
        "Lon": 21.0024,
        "Lat": 52.2907
      },
      {
        "Brigade": "7",
        "Time": "2017-05-14 07:00:57",
        "Lines": "18",
        "Lon": 21.0024,
        "Lat": 52.2907
      },
      {
        "Brigade": "7",
        "Time": "2017-05-14 07:01:08",
        "Lines": "18",
        "Lon": 21.0024,
        "Lat": 52.2907
      },
      {
        "Brigade": "7",
        "Time": "2017-05-14 07:01:18",
        "Lines": "18",
        "Lon": 21.0024,
        "Lat": 52.2907
      },
      {
        "Brigade": "7",
        "Time": "2017-05-14 07:01:29",
        "Lines": "18",
        "Lon": 21.0024,
        "Lat": 52.2907
      },
      {
        "Brigade": "7",
        "Time": "2017-05-14 07:01:39",
        "Lines": "18",
        "Lon": 21.0024,
        "Lat": 52.2907
      },
      {
        "Brigade": "7",
        "Time": "2017-05-14 07:01:50",
        "Lines": "18",
        "Lon": 21.0024,
        "Lat": 52.2907
      },
      {
        "Brigade": "7",
        "Time": "2017-05-14 07:02:00",
        "Lines": "18",
        "Lon": 21.0024,
        "Lat": 52.2907
      },
      {
        "Brigade": "7",
        "Time": "2017-05-14 07:02:11",
        "Lines": "18",
        "Lon": 21.0024,
        "Lat": 52.2907
      },
      {
        "Brigade": "7",
        "Time": "2017-05-14 07:02:21",
        "Lines": "18",
        "Lon": 21.0024,
        "Lat": 52.2907
      },
      {
        "Brigade": "7",
        "Time": "2017-05-14 07:02:37",
        "Lines": "18",
        "Lon": 21.0024,
        "Lat": 52.2907
      },
      {
        "Brigade": "7",
        "Time": "2017-05-14 07:02:47",
        "Lines": "18",
        "Lon": 21.0024,
        "Lat": 52.2907
      },
      {
        "Brigade": "7",
        "Time": "2017-05-14 07:02:58",
        "Lines": "18",
        "Lon": 21.0024,
        "Lat": 52.2907
      },
      {
        "Brigade": "7",
        "Time": "2017-05-14 07:03:08",
        "Lines": "18",
        "Lon": 21.0024,
        "Lat": 52.2907
      },
      {
        "Brigade": "7",
        "Time": "2017-05-14 07:03:19",
        "Lines": "18",
        "Lon": 21.0024,
        "Lat": 52.2907
      },
      {
        "Brigade": "7",
        "Time": "2017-05-14 07:03:29",
        "Lines": "18",
        "Lon": 21.0024,
        "Lat": 52.2907
      },
      {
        "Brigade": "7",
        "Time": "2017-05-14 07:03:40",
        "Lines": "18",
        "Lon": 21.0024,
        "Lat": 52.2907
      },
      {
        "Brigade": "7",
        "Time": "2017-05-14 07:03:50",
        "Lines": "18",
        "Lon": 21.0024,
        "Lat": 52.2907
      },
      {
        "Brigade": "7",
        "Time": "2017-05-14 07:04:01",
        "Lines": "18",
        "Lon": 21.0024,
        "Lat": 52.2907
      },
      {
        "Brigade": "7",
        "Time": "2017-05-14 07:04:11",
        "Lines": "18",
        "Lon": 21.0024,
        "Lat": 52.2907
      },
      {
        "Brigade": "7",
        "Time": "2017-05-14 07:04:27",
        "Lines": "18",
        "Lon": 21.0024,
        "Lat": 52.2907
      },
      {
        "Brigade": "7",
        "Time": "2017-05-14 07:04:37",
        "Lines": "18",
        "Lon": 21.0024,
        "Lat": 52.2907
      },
      {
        "Brigade": "7",
        "Time": "2017-05-14 07:04:48",
        "Lines": "18",
        "Lon": 21.0024,
        "Lat": 52.2907
      },
      {
        "Brigade": "7",
        "Time": "2017-05-14 07:04:58",
        "Lines": "18",
        "Lon": 21.0024,
        "Lat": 52.2907
      },
      {
        "Brigade": "7",
        "Time": "2017-05-14 07:05:09",
        "Lines": "18",
        "Lon": 21.0024,
        "Lat": 52.2907
      },
      {
        "Brigade": "7",
        "Time": "2017-05-14 07:05:19",
        "Lines": "18",
        "Lon": 21.0024,
        "Lat": 52.2907
      },
      {
        "Brigade": "7",
        "Time": "2017-05-14 07:05:30",
        "Lines": "18",
        "Lon": 21.0014,
        "Lat": 52.2907
      },
      {
        "Brigade": "7",
        "Time": "2017-05-14 07:05:40",
        "Lines": "18",
        "Lon": 21.0014,
        "Lat": 52.2903
      },
      {
        "Brigade": "7",
        "Time": "2017-05-14 07:05:51",
        "Lines": "18",
        "Lon": 21.002,
        "Lat": 52.2903
      },
      {
        "Brigade": "7",
        "Time": "2017-05-14 07:06:01",
        "Lines": "18",
        "Lon": 21.002,
        "Lat": 52.2903
      },
      {
        "Brigade": "7",
        "Time": "2017-05-14 07:06:12",
        "Lines": "18",
        "Lon": 21.002,
        "Lat": 52.2903
      },
      {
        "Brigade": "7",
        "Time": "2017-05-14 07:06:27",
        "Lines": "18",
        "Lon": 21.0035,
        "Lat": 52.2894
      },
      {
        "Brigade": "7",
        "Time": "2017-05-14 07:06:38",
        "Lines": "18",
        "Lon": 21.0042,
        "Lat": 52.2887
      },
      {
        "Brigade": "7",
        "Time": "2017-05-14 07:06:48",
        "Lines": "18",
        "Lon": 21.0055,
        "Lat": 52.2875
      },
      {
        "Brigade": "7",
        "Time": "2017-05-14 07:06:59",
        "Lines": "18",
        "Lon": 21.0059,
        "Lat": 52.2871
      },
      {
        "Brigade": "7",
        "Time": "2017-05-14 07:07:09",
        "Lines": "18",
        "Lon": 21.0062,
        "Lat": 52.2867
      },
      {
        "Brigade": "7",
        "Time": "2017-05-14 07:07:20",
        "Lines": "18",
        "Lon": 21.0073,
        "Lat": 52.2855
      },
      {
        "Brigade": "7",
        "Time": "2017-05-14 07:07:36",
        "Lines": "18",
        "Lon": 21.0085,
        "Lat": 52.2835
      },
      {
        "Brigade": "7",
        "Time": "2017-05-14 07:07:46",
        "Lines": "18",
        "Lon": 21.0092,
        "Lat": 52.2823
      },
      {
        "Brigade": "7",
        "Time": "2017-05-14 07:07:51",
        "Lines": "18",
        "Lon": 21.0094,
        "Lat": 52.2819
      },
      {
        "Brigade": "7",
        "Time": "2017-05-14 07:08:07",
        "Lines": "18",
        "Lon": 21.0096,
        "Lat": 52.2817
      },
      {
        "Brigade": "7",
        "Time": "2017-05-14 07:08:18",
        "Lines": "18",
        "Lon": 21.0104,
        "Lat": 52.2804
      },
      {
        "Brigade": "7",
        "Time": "2017-05-14 07:08:28",
        "Lines": "18",
        "Lon": 21.0112,
        "Lat": 52.2791
      },
      {
        "Brigade": "7",
        "Time": "2017-05-14 07:08:39",
        "Lines": "18",
        "Lon": 21.0118,
        "Lat": 52.2781
      },
      {
        "Brigade": "7",
        "Time": "2017-05-14 07:08:49",
        "Lines": "18",
        "Lon": 21.0118,
        "Lat": 52.278
      },
      {
        "Brigade": "7",
        "Time": "2017-05-14 07:09:00",
        "Lines": "18",
        "Lon": 21.0119,
        "Lat": 52.2778
      },
      {
        "Brigade": "7",
        "Time": "2017-05-14 07:09:10",
        "Lines": "18",
        "Lon": 21.0127,
        "Lat": 52.2766
      },
      {
        "Brigade": "7",
        "Time": "2017-05-14 07:09:26",
        "Lines": "18",
        "Lon": 21.0138,
        "Lat": 52.2747
      },
      {
        "Brigade": "7",
        "Time": "2017-05-14 07:09:36",
        "Lines": "18",
        "Lon": 21.0141,
        "Lat": 52.2743
      },
      {
        "Brigade": "7",
        "Time": "2017-05-14 07:09:47",
        "Lines": "18",
        "Lon": 21.0141,
        "Lat": 52.2743
      },
      {
        "Brigade": "7",
        "Time": "2017-05-14 07:09:57",
        "Lines": "18",
        "Lon": 21.0142,
        "Lat": 52.274
      },
      {
        "Brigade": "7",
        "Time": "2017-05-14 07:10:08",
        "Lines": "18",
        "Lon": 21.0145,
        "Lat": 52.2737
      },
      {
        "Brigade": "7",
        "Time": "2017-05-14 07:10:18",
        "Lines": "18",
        "Lon": 21.0145,
        "Lat": 52.2737
      },
      {
        "Brigade": "7",
        "Time": "2017-05-14 07:10:29",
        "Lines": "18",
        "Lon": 21.015,
        "Lat": 52.2727
      },
      {
        "Brigade": "7",
        "Time": "2017-05-14 07:10:39",
        "Lines": "18",
        "Lon": 21.0159,
        "Lat": 52.2714
      },
      {
        "Brigade": "7",
        "Time": "2017-05-14 07:10:50",
        "Lines": "18",
        "Lon": 21.0167,
        "Lat": 52.2705
      },
      {
        "Brigade": "7",
        "Time": "2017-05-14 07:11:00",
        "Lines": "18",
        "Lon": 21.0168,
        "Lat": 52.2703
      },
      {
        "Brigade": "7",
        "Time": "2017-05-14 07:11:16",
        "Lines": "18",
        "Lon": 21.0184,
        "Lat": 52.2691
      },
      {
        "Brigade": "7",
        "Time": "2017-05-14 07:11:26",
        "Lines": "18",
        "Lon": 21.0195,
        "Lat": 52.2678
      },
      {
        "Brigade": "7",
        "Time": "2017-05-14 07:11:33",
        "Lines": "18",
        "Lon": 21.0198,
        "Lat": 52.2672
      },
      {
        "Brigade": "7",
        "Time": "2017-05-14 07:11:47",
        "Lines": "18",
        "Lon": 21.02,
        "Lat": 52.2666
      },
      {
        "Brigade": "7",
        "Time": "2017-05-14 07:11:58",
        "Lines": "18",
        "Lon": 21.02,
        "Lat": 52.2666
      },
      {
        "Brigade": "7",
        "Time": "2017-05-14 07:12:08",
        "Lines": "18",
        "Lon": 21.0203,
        "Lat": 52.2657
      },
      {
        "Brigade": "7",
        "Time": "2017-05-14 07:12:19",
        "Lines": "18",
        "Lon": 21.0208,
        "Lat": 52.2647
      },
      {
        "Brigade": "7",
        "Time": "2017-05-14 07:12:29",
        "Lines": "18",
        "Lon": 21.0209,
        "Lat": 52.264
      },
      {
        "Brigade": "7",
        "Time": "2017-05-14 07:12:40",
        "Lines": "18",
        "Lon": 21.0205,
        "Lat": 52.2636
      },
      {
        "Brigade": "7",
        "Time": "2017-05-14 07:12:50",
        "Lines": "18",
        "Lon": 21.0198,
        "Lat": 52.2636
      },
      {
        "Brigade": "7",
        "Time": "2017-05-14 07:13:01",
        "Lines": "18",
        "Lon": 21.0193,
        "Lat": 52.2635
      },
      {
        "Brigade": "7",
        "Time": "2017-05-14 07:13:11",
        "Lines": "18",
        "Lon": 21.0193,
        "Lat": 52.2635
      },
      {
        "Brigade": "7",
        "Time": "2017-05-14 07:13:27",
        "Lines": "18",
        "Lon": 21.018,
        "Lat": 52.2633
      },
      {
        "Brigade": "7",
        "Time": "2017-05-14 07:13:37",
        "Lines": "18",
        "Lon": 21.0164,
        "Lat": 52.2629
      },
      {
        "Brigade": "7",
        "Time": "2017-05-14 07:13:49",
        "Lines": "18",
        "Lon": 21.0149,
        "Lat": 52.2625
      },
      {
        "Brigade": "7",
        "Time": "2017-05-14 07:14:09",
        "Lines": "18",
        "Lon": 21.0134,
        "Lat": 52.262
      },
      {
        "Brigade": "7",
        "Time": "2017-05-14 07:14:19",
        "Lines": "18",
        "Lon": 21.0134,
        "Lat": 52.262
      },
      {
        "Brigade": "7",
        "Time": "2017-05-14 07:14:30",
        "Lines": "18",
        "Lon": 21.0129,
        "Lat": 52.2619
      },
      {
        "Brigade": "7",
        "Time": "2017-05-14 07:14:40",
        "Lines": "18",
        "Lon": 21.0111,
        "Lat": 52.2615
      },
      {
        "Brigade": "7",
        "Time": "2017-05-14 07:14:51",
        "Lines": "18",
        "Lon": 21.0094,
        "Lat": 52.2609
      },
      {
        "Brigade": "7",
        "Time": "2017-05-14 07:15:01",
        "Lines": "18",
        "Lon": 21.008,
        "Lat": 52.2604
      },
      {
        "Brigade": "7",
        "Time": "2017-05-14 07:15:12",
        "Lines": "18",
        "Lon": 21.0071,
        "Lat": 52.26
      },
      {
        "Brigade": "7",
        "Time": "2017-05-14 07:15:27",
        "Lines": "18",
        "Lon": 21.006,
        "Lat": 52.2597
      },
      {
        "Brigade": "7",
        "Time": "2017-05-14 07:15:38",
        "Lines": "18",
        "Lon": 21.0044,
        "Lat": 52.2593
      },
      {
        "Brigade": "7",
        "Time": "2017-05-14 07:15:48",
        "Lines": "18",
        "Lon": 21.0031,
        "Lat": 52.2589
      },
      {
        "Brigade": "7",
        "Time": "2017-05-14 07:15:59",
        "Lines": "18",
        "Lon": 21.0022,
        "Lat": 52.2587
      },
      {
        "Brigade": "7",
        "Time": "2017-05-14 07:16:09",
        "Lines": "18",
        "Lon": 21.0022,
        "Lat": 52.2587
      },
      {
        "Brigade": "7",
        "Time": "2017-05-14 07:16:20",
        "Lines": "18",
        "Lon": 21.0022,
        "Lat": 52.2587
      },
      {
        "Brigade": "7",
        "Time": "2017-05-14 07:16:30",
        "Lines": "18",
        "Lon": 21.0022,
        "Lat": 52.2587
      },
      {
        "Brigade": "7",
        "Time": "2017-05-14 07:16:41",
        "Lines": "18",
        "Lon": 21.0021,
        "Lat": 52.2587
      },
      {
        "Brigade": "7",
        "Time": "2017-05-14 07:16:51",
        "Lines": "18",
        "Lon": 21.0016,
        "Lat": 52.2583
      },
      {
        "Brigade": "7",
        "Time": "2017-05-14 07:17:07",
        "Lines": "18",
        "Lon": 21.0009,
        "Lat": 52.2574
      },
      {
        "Brigade": "7",
        "Time": "2017-05-14 07:17:12",
        "Lines": "18",
        "Lon": 21.0005,
        "Lat": 52.257
      },
      {
        "Brigade": "7",
        "Time": "2017-05-14 07:17:24",
        "Lines": "18",
        "Lon": 20.9997,
        "Lat": 52.2563
      },
      {
        "Brigade": "7",
        "Time": "2017-05-14 07:17:39",
        "Lines": "18",
        "Lon": 20.9985,
        "Lat": 52.2558
      },
      {
        "Brigade": "7",
        "Time": "2017-05-14 07:17:49",
        "Lines": "18",
        "Lon": 20.9984,
        "Lat": 52.2557
      },
      {
        "Brigade": "7",
        "Time": "2017-05-14 07:18:00",
        "Lines": "18",
        "Lon": 20.9984,
        "Lat": 52.2557
      },
      {
        "Brigade": "7",
        "Time": "2017-05-14 07:18:10",
        "Lines": "18",
        "Lon": 20.9982,
        "Lat": 52.2556
      },
      {
        "Brigade": "7",
        "Time": "2017-05-14 07:18:15",
        "Lines": "18",
        "Lon": 20.9979,
        "Lat": 52.2555
      },
      {
        "Brigade": "7",
        "Time": "2017-05-14 07:18:32",
        "Lines": "18",
        "Lon": 20.9975,
        "Lat": 52.255
      },
      {
        "Brigade": "7",
        "Time": "2017-05-14 07:18:47",
        "Lines": "18",
        "Lon": 20.9977,
        "Lat": 52.2541
      },
      {
        "Brigade": "7",
        "Time": "2017-05-14 07:18:52",
        "Lines": "18",
        "Lon": 20.9977,
        "Lat": 52.254
      },
      {
        "Brigade": "7",
        "Time": "2017-05-14 07:19:08",
        "Lines": "18",
        "Lon": 20.9977,
        "Lat": 52.254
      },
      {
        "Brigade": "7",
        "Time": "2017-05-14 07:19:18",
        "Lines": "18",
        "Lon": 20.9977,
        "Lat": 52.254
      },
      {
        "Brigade": "7",
        "Time": "2017-05-14 07:19:29",
        "Lines": "18",
        "Lon": 20.9977,
        "Lat": 52.254
      },
      {
        "Brigade": "7",
        "Time": "2017-05-14 07:19:39",
        "Lines": "18",
        "Lon": 20.9978,
        "Lat": 52.2539
      },
      {
        "Brigade": "7",
        "Time": "2017-05-14 07:19:50",
        "Lines": "18",
        "Lon": 20.9979,
        "Lat": 52.2534
      },
      {
        "Brigade": "7",
        "Time": "2017-05-14 07:20:00",
        "Lines": "18",
        "Lon": 20.998,
        "Lat": 52.2529
      },
      {
        "Brigade": "7",
        "Time": "2017-05-14 07:20:12",
        "Lines": "18",
        "Lon": 20.9983,
        "Lat": 52.2517
      },
      {
        "Brigade": "7",
        "Time": "2017-05-14 07:20:21",
        "Lines": "18",
        "Lon": 20.9984,
        "Lat": 52.251
      },
      {
        "Brigade": "7",
        "Time": "2017-05-14 07:20:37",
        "Lines": "18",
        "Lon": 20.9984,
        "Lat": 52.251
      },
      {
        "Brigade": "7",
        "Time": "2017-05-14 07:20:47",
        "Lines": "18",
        "Lon": 20.9986,
        "Lat": 52.2503
      },
      {
        "Brigade": "7",
        "Time": "2017-05-14 07:21:00",
        "Lines": "18",
        "Lon": 20.9988,
        "Lat": 52.2496
      },
      {
        "Brigade": "7",
        "Time": "2017-05-14 07:21:08",
        "Lines": "18",
        "Lon": 20.9988,
        "Lat": 52.2495
      },
      {
        "Brigade": "7",
        "Time": "2017-05-14 07:21:19",
        "Lines": "18",
        "Lon": 20.9988,
        "Lat": 52.2495
      },
      {
        "Brigade": "7",
        "Time": "2017-05-14 07:21:29",
        "Lines": "18",
        "Lon": 20.9989,
        "Lat": 52.249
      },
      {
        "Brigade": "7",
        "Time": "2017-05-14 07:21:40",
        "Lines": "18",
        "Lon": 20.9992,
        "Lat": 52.2478
      },
      {
        "Brigade": "7",
        "Time": "2017-05-14 07:21:50",
        "Lines": "18",
        "Lon": 20.9996,
        "Lat": 52.2466
      },
      {
        "Brigade": "7",
        "Time": "2017-05-14 07:22:01",
        "Lines": "18",
        "Lon": 21.0003,
        "Lat": 52.2455
      },
      {
        "Brigade": "7",
        "Time": "2017-05-14 07:22:16",
        "Lines": "18",
        "Lon": 21.0007,
        "Lat": 52.245
      },
      {
        "Brigade": "7",
        "Time": "2017-05-14 07:22:27",
        "Lines": "18",
        "Lon": 21.001,
        "Lat": 52.2446
      },
      {
        "Brigade": "7",
        "Time": "2017-05-14 07:22:38",
        "Lines": "18",
        "Lon": 21.001,
        "Lat": 52.2446
      },
      {
        "Brigade": "7",
        "Time": "2017-05-14 07:22:48",
        "Lines": "18",
        "Lon": 21.001,
        "Lat": 52.2446
      },
      {
        "Brigade": "7",
        "Time": "2017-05-14 07:22:58",
        "Lines": "18",
        "Lon": 21.001,
        "Lat": 52.2446
      },
      {
        "Brigade": "7",
        "Time": "2017-05-14 07:23:09",
        "Lines": "18",
        "Lon": 21.0014,
        "Lat": 52.2442
      },
      {
        "Brigade": "7",
        "Time": "2017-05-14 07:23:20",
        "Lines": "18",
        "Lon": 21.0019,
        "Lat": 52.2438
      },
      {
        "Brigade": "7",
        "Time": "2017-05-14 07:23:30",
        "Lines": "18",
        "Lon": 21.0025,
        "Lat": 52.2433
      },
      {
        "Brigade": "7",
        "Time": "2017-05-14 07:23:40",
        "Lines": "18",
        "Lon": 21.0026,
        "Lat": 52.2433
      },
      {
        "Brigade": "7",
        "Time": "2017-05-14 07:23:56",
        "Lines": "18",
        "Lon": 21.0035,
        "Lat": 52.2426
      },
      {
        "Brigade": "7",
        "Time": "2017-05-14 07:24:07",
        "Lines": "18",
        "Lon": 21.0043,
        "Lat": 52.2417
      },
      {
        "Brigade": "7",
        "Time": "2017-05-14 07:24:17",
        "Lines": "18",
        "Lon": 21.0049,
        "Lat": 52.2409
      },
      {
        "Brigade": "7",
        "Time": "2017-05-14 07:24:38",
        "Lines": "18",
        "Lon": 21.0055,
        "Lat": 52.2393
      },
      {
        "Brigade": "7",
        "Time": "2017-05-14 07:24:49",
        "Lines": "18",
        "Lon": 21.0063,
        "Lat": 52.2387
      },
      {
        "Brigade": "7",
        "Time": "2017-05-14 07:24:59",
        "Lines": "18",
        "Lon": 21.0064,
        "Lat": 52.2386
      },
      {
        "Brigade": "7",
        "Time": "2017-05-14 07:25:10",
        "Lines": "18",
        "Lon": 21.0064,
        "Lat": 52.2386
      },
      {
        "Brigade": "7",
        "Time": "2017-05-14 07:25:20",
        "Lines": "18",
        "Lon": 21.0064,
        "Lat": 52.2386
      },
      {
        "Brigade": "7",
        "Time": "2017-05-14 07:25:31",
        "Lines": "18",
        "Lon": 21.0064,
        "Lat": 52.2386
      },
      {
        "Brigade": "7",
        "Time": "2017-05-14 07:25:41",
        "Lines": "18",
        "Lon": 21.0064,
        "Lat": 52.2386
      },
      {
        "Brigade": "7",
        "Time": "2017-05-14 07:25:57",
        "Lines": "18",
        "Lon": 21.0064,
        "Lat": 52.2386
      },
      {
        "Brigade": "7",
        "Time": "2017-05-14 07:26:07",
        "Lines": "18",
        "Lon": 21.0064,
        "Lat": 52.2386
      },
      {
        "Brigade": "7",
        "Time": "2017-05-14 07:26:18",
        "Lines": "18",
        "Lon": 21.0064,
        "Lat": 52.2386
      },
      {
        "Brigade": "7",
        "Time": "2017-05-14 07:26:28",
        "Lines": "18",
        "Lon": 21.0069,
        "Lat": 52.2378
      },
      {
        "Brigade": "7",
        "Time": "2017-05-14 07:26:41",
        "Lines": "18",
        "Lon": 21.0076,
        "Lat": 52.2366
      },
      {
        "Brigade": "7",
        "Time": "2017-05-14 07:26:49",
        "Lines": "18",
        "Lon": 21.0082,
        "Lat": 52.2357
      },
      {
        "Brigade": "7",
        "Time": "2017-05-14 07:27:00",
        "Lines": "18",
        "Lon": 21.0083,
        "Lat": 52.2355
      },
      {
        "Brigade": "7",
        "Time": "2017-05-14 07:27:10",
        "Lines": "18",
        "Lon": 21.0083,
        "Lat": 52.2355
      },
      {
        "Brigade": "7",
        "Time": "2017-05-14 07:27:21",
        "Lines": "18",
        "Lon": 21.0083,
        "Lat": 52.2355
      },
      {
        "Brigade": "7",
        "Time": "2017-05-14 07:27:31",
        "Lines": "18",
        "Lon": 21.0083,
        "Lat": 52.2355
      },
      {
        "Brigade": "7",
        "Time": "2017-05-14 07:27:42",
        "Lines": "18",
        "Lon": 21.0084,
        "Lat": 52.2354
      },
      {
        "Brigade": "7",
        "Time": "2017-05-14 07:27:57",
        "Lines": "18",
        "Lon": 21.0095,
        "Lat": 52.2336
      },
      {
        "Brigade": "7",
        "Time": "2017-05-14 07:28:08",
        "Lines": "18",
        "Lon": 21.0102,
        "Lat": 52.2323
      },
      {
        "Brigade": "7",
        "Time": "2017-05-14 07:28:18",
        "Lines": "18",
        "Lon": 21.0111,
        "Lat": 52.2309
      },
      {
        "Brigade": "7",
        "Time": "2017-05-14 07:28:29",
        "Lines": "18",
        "Lon": 21.0115,
        "Lat": 52.2302
      },
      {
        "Brigade": "7",
        "Time": "2017-05-14 07:28:39",
        "Lines": "18",
        "Lon": 21.0115,
        "Lat": 52.2302
      },
      {
        "Brigade": "7",
        "Time": "2017-05-14 07:28:55",
        "Lines": "18",
        "Lon": 21.0115,
        "Lat": 52.2302
      },
      {
        "Brigade": "7",
        "Time": "2017-05-14 07:29:00",
        "Lines": "18",
        "Lon": 21.0115,
        "Lat": 52.2302
      },
      {
        "Brigade": "7",
        "Time": "2017-05-14 07:29:11",
        "Lines": "18",
        "Lon": 21.0115,
        "Lat": 52.2302
      },
      {
        "Brigade": "7",
        "Time": "2017-05-14 07:29:26",
        "Lines": "18",
        "Lon": 21.0115,
        "Lat": 52.2302
      },
      {
        "Brigade": "7",
        "Time": "2017-05-14 07:29:37",
        "Lines": "18",
        "Lon": 21.0115,
        "Lat": 52.2302
      },
      {
        "Brigade": "7",
        "Time": "2017-05-14 07:29:49",
        "Lines": "18",
        "Lon": 21.0116,
        "Lat": 52.2301
      },
      {
        "Brigade": "7",
        "Time": "2017-05-14 07:30:00",
        "Lines": "18",
        "Lon": 21.0119,
        "Lat": 52.2295
      },
      {
        "Brigade": "7",
        "Time": "2017-05-14 07:30:08",
        "Lines": "18",
        "Lon": 21.0124,
        "Lat": 52.2286
      },
      {
        "Brigade": "7",
        "Time": "2017-05-14 07:30:19",
        "Lines": "18",
        "Lon": 21.0127,
        "Lat": 52.2281
      },
      {
        "Brigade": "7",
        "Time": "2017-05-14 07:30:29",
        "Lines": "18",
        "Lon": 21.0127,
        "Lat": 52.2281
      },
      {
        "Brigade": "7",
        "Time": "2017-05-14 07:30:40",
        "Lines": "18",
        "Lon": 21.0127,
        "Lat": 52.2281
      },
      {
        "Brigade": "7",
        "Time": "2017-05-14 07:30:50",
        "Lines": "18",
        "Lon": 21.0127,
        "Lat": 52.2281
      },
      {
        "Brigade": "7",
        "Time": "2017-05-14 07:31:01",
        "Lines": "18",
        "Lon": 21.0131,
        "Lat": 52.2275
      },
      {
        "Brigade": "7",
        "Time": "2017-05-14 07:31:27",
        "Lines": "18",
        "Lon": 21.0137,
        "Lat": 52.2266
      },
      {
        "Brigade": "7",
        "Time": "2017-05-14 07:31:38",
        "Lines": "18",
        "Lon": 21.0138,
        "Lat": 52.2264
      },
      {
        "Brigade": "7",
        "Time": "2017-05-14 07:31:48",
        "Lines": "18",
        "Lon": 21.0138,
        "Lat": 52.2263
      },
      {
        "Brigade": "7",
        "Time": "2017-05-14 07:31:59",
        "Lines": "18",
        "Lon": 21.0138,
        "Lat": 52.2263
      },
      {
        "Brigade": "7",
        "Time": "2017-05-14 07:32:10",
        "Lines": "18",
        "Lon": 21.0141,
        "Lat": 52.2258
      },
      {
        "Brigade": "7",
        "Time": "2017-05-14 07:32:15",
        "Lines": "18",
        "Lon": 21.0145,
        "Lat": 52.2251
      },
      {
        "Brigade": "7",
        "Time": "2017-05-14 07:32:30",
        "Lines": "18",
        "Lon": 21.0154,
        "Lat": 52.2236
      },
      {
        "Brigade": "7",
        "Time": "2017-05-14 07:32:45",
        "Lines": "18",
        "Lon": 21.0155,
        "Lat": 52.2234
      },
      {
        "Brigade": "7",
        "Time": "2017-05-14 07:32:51",
        "Lines": "18",
        "Lon": 21.0155,
        "Lat": 52.2234
      },
      {
        "Brigade": "7",
        "Time": "2017-05-14 07:33:07",
        "Lines": "18",
        "Lon": 21.0155,
        "Lat": 52.2234
      },
      {
        "Brigade": "7",
        "Time": "2017-05-14 07:33:17",
        "Lines": "18",
        "Lon": 21.0159,
        "Lat": 52.2231
      },
      {
        "Brigade": "7",
        "Time": "2017-05-14 07:33:28",
        "Lines": "18",
        "Lon": 21.0164,
        "Lat": 52.2222
      },
      {
        "Brigade": "7",
        "Time": "2017-05-14 07:33:38",
        "Lines": "18",
        "Lon": 21.0166,
        "Lat": 52.2219
      },
      {
        "Brigade": "7",
        "Time": "2017-05-14 07:33:49",
        "Lines": "18",
        "Lon": 21.0171,
        "Lat": 52.2211
      },
      {
        "Brigade": "7",
        "Time": "2017-05-14 07:33:59",
        "Lines": "18",
        "Lon": 21.0174,
        "Lat": 52.2206
      },
      {
        "Brigade": "7",
        "Time": "2017-05-14 07:34:10",
        "Lines": "18",
        "Lon": 21.0174,
        "Lat": 52.2206
      },
      {
        "Brigade": "7",
        "Time": "2017-05-14 07:34:20",
        "Lines": "18",
        "Lon": 21.0175,
        "Lat": 52.2204
      },
      {
        "Brigade": "7",
        "Time": "2017-05-14 07:34:31",
        "Lines": "18",
        "Lon": 21.0178,
        "Lat": 52.22
      },
      {
        "Brigade": "7",
        "Time": "2017-05-14 07:34:41",
        "Lines": "18",
        "Lon": 21.0181,
        "Lat": 52.2195
      },
      {
        "Brigade": "7",
        "Time": "2017-05-14 07:34:53",
        "Lines": "18",
        "Lon": 21.0185,
        "Lat": 52.2187
      },
      {
        "Brigade": "7",
        "Time": "2017-05-14 07:35:07",
        "Lines": "18",
        "Lon": 21.0193,
        "Lat": 52.2174
      },
      {
        "Brigade": "7",
        "Time": "2017-05-14 07:35:18",
        "Lines": "18",
        "Lon": 21.0193,
        "Lat": 52.2174
      },
      {
        "Brigade": "7",
        "Time": "2017-05-14 07:35:28",
        "Lines": "18",
        "Lon": 21.0199,
        "Lat": 52.2164
      },
      {
        "Brigade": "7",
        "Time": "2017-05-14 07:35:39",
        "Lines": "18",
        "Lon": 21.0206,
        "Lat": 52.2152
      },
      {
        "Brigade": "7",
        "Time": "2017-05-14 07:35:44",
        "Lines": "18",
        "Lon": 21.0209,
        "Lat": 52.2147
      },
      {
        "Brigade": "7",
        "Time": "2017-05-14 07:36:01",
        "Lines": "18",
        "Lon": 21.0212,
        "Lat": 52.2141
      },
      {
        "Brigade": "7",
        "Time": "2017-05-14 07:36:10",
        "Lines": "18",
        "Lon": 21.0212,
        "Lat": 52.2141
      },
      {
        "Brigade": "7",
        "Time": "2017-05-14 07:36:21",
        "Lines": "18",
        "Lon": 21.0214,
        "Lat": 52.2135
      },
      {
        "Brigade": "7",
        "Time": "2017-05-14 07:36:37",
        "Lines": "18",
        "Lon": 21.0206,
        "Lat": 52.2121
      },
      {
        "Brigade": "7",
        "Time": "2017-05-14 07:36:47",
        "Lines": "18",
        "Lon": 21.0206,
        "Lat": 52.2111
      },
      {
        "Brigade": "7",
        "Time": "2017-05-14 07:36:58",
        "Lines": "18",
        "Lon": 21.021,
        "Lat": 52.2102
      },
      {
        "Brigade": "7",
        "Time": "2017-05-14 07:37:08",
        "Lines": "18",
        "Lon": 21.0211,
        "Lat": 52.21
      },
      {
        "Brigade": "7",
        "Time": "2017-05-14 07:37:18",
        "Lines": "18",
        "Lon": 21.0211,
        "Lat": 52.21
      },
      {
        "Brigade": "7",
        "Time": "2017-05-14 07:37:29",
        "Lines": "18",
        "Lon": 21.0211,
        "Lat": 52.21
      },
      {
        "Brigade": "7",
        "Time": "2017-05-14 07:37:39",
        "Lines": "18",
        "Lon": 21.0211,
        "Lat": 52.21
      },
      {
        "Brigade": "7",
        "Time": "2017-05-14 07:37:50",
        "Lines": "18",
        "Lon": 21.0211,
        "Lat": 52.2099
      },
      {
        "Brigade": "7",
        "Time": "2017-05-14 07:38:00",
        "Lines": "18",
        "Lon": 21.0214,
        "Lat": 52.2091
      },
      {
        "Brigade": "7",
        "Time": "2017-05-14 07:38:11",
        "Lines": "18",
        "Lon": 21.0214,
        "Lat": 52.2091
      },
      {
        "Brigade": "7",
        "Time": "2017-05-14 07:38:21",
        "Lines": "18",
        "Lon": 21.0214,
        "Lat": 52.2091
      },
      {
        "Brigade": "7",
        "Time": "2017-05-14 07:38:37",
        "Lines": "18",
        "Lon": 21.0218,
        "Lat": 52.208
      },
      {
        "Brigade": "7",
        "Time": "2017-05-14 07:38:44",
        "Lines": "18",
        "Lon": 21.022,
        "Lat": 52.2076
      },
      {
        "Brigade": "7",
        "Time": "2017-05-14 07:39:09",
        "Lines": "18",
        "Lon": 21.0227,
        "Lat": 52.2057
      },
      {
        "Brigade": "7",
        "Time": "2017-05-14 07:39:19",
        "Lines": "18",
        "Lon": 21.0227,
        "Lat": 52.2057
      },
      {
        "Brigade": "7",
        "Time": "2017-05-14 07:40:38",
        "Lines": "18",
        "Lon": 21.0229,
        "Lat": 52.2048
      },
      {
        "Brigade": "7",
        "Time": "2017-05-14 07:40:49",
        "Lines": "18",
        "Lon": 21.0229,
        "Lat": 52.2047
      },
      {
        "Brigade": "7",
        "Time": "2017-05-14 07:40:59",
        "Lines": "18",
        "Lon": 21.0231,
        "Lat": 52.2037
      },
      {
        "Brigade": "7",
        "Time": "2017-05-14 07:41:09",
        "Lines": "18",
        "Lon": 21.0233,
        "Lat": 52.2026
      },
      {
        "Brigade": "7",
        "Time": "2017-05-14 07:41:20",
        "Lines": "18",
        "Lon": 21.0234,
        "Lat": 52.2022
      },
      {
        "Brigade": "7",
        "Time": "2017-05-14 07:41:30",
        "Lines": "18",
        "Lon": 21.0234,
        "Lat": 52.2021
      },
      {
        "Brigade": "7",
        "Time": "2017-05-14 07:41:41",
        "Lines": "18",
        "Lon": 21.0236,
        "Lat": 52.2012
      },
      {
        "Brigade": "7",
        "Time": "2017-05-14 07:41:46",
        "Lines": "18",
        "Lon": 21.0236,
        "Lat": 52.2007
      },
      {
        "Brigade": "7",
        "Time": "2017-05-14 07:42:02",
        "Lines": "18",
        "Lon": 21.0237,
        "Lat": 52.2003
      },
      {
        "Brigade": "7",
        "Time": "2017-05-14 07:42:12",
        "Lines": "18",
        "Lon": 21.0237,
        "Lat": 52.2003
      },
      {
        "Brigade": "7",
        "Time": "2017-05-14 07:42:23",
        "Lines": "18",
        "Lon": 21.0238,
        "Lat": 52.1993
      },
      {
        "Brigade": "7",
        "Time": "2017-05-14 07:42:38",
        "Lines": "18",
        "Lon": 21.024,
        "Lat": 52.1977
      },
      {
        "Brigade": "7",
        "Time": "2017-05-14 07:42:49",
        "Lines": "18",
        "Lon": 21.024,
        "Lat": 52.1974
      },
      {
        "Brigade": "7",
        "Time": "2017-05-14 07:42:54",
        "Lines": "18",
        "Lon": 21.024,
        "Lat": 52.1974
      },
      {
        "Brigade": "7",
        "Time": "2017-05-14 07:43:10",
        "Lines": "18",
        "Lon": 21.0241,
        "Lat": 52.1973
      },
      {
        "Brigade": "7",
        "Time": "2017-05-14 07:43:20",
        "Lines": "18",
        "Lon": 21.0241,
        "Lat": 52.1967
      },
      {
        "Brigade": "7",
        "Time": "2017-05-14 07:43:31",
        "Lines": "18",
        "Lon": 21.0241,
        "Lat": 52.1967
      },
      {
        "Brigade": "7",
        "Time": "2017-05-14 07:43:47",
        "Lines": "18",
        "Lon": 21.0242,
        "Lat": 52.1959
      },
      {
        "Brigade": "7",
        "Time": "2017-05-14 07:43:57",
        "Lines": "18",
        "Lon": 21.0242,
        "Lat": 52.195
      },
      {
        "Brigade": "7",
        "Time": "2017-05-14 07:44:08",
        "Lines": "18",
        "Lon": 21.0242,
        "Lat": 52.1948
      },
      {
        "Brigade": "7",
        "Time": "2017-05-14 07:44:18",
        "Lines": "18",
        "Lon": 21.0243,
        "Lat": 52.1941
      },
      {
        "Brigade": "7",
        "Time": "2017-05-14 07:44:29",
        "Lines": "18",
        "Lon": 21.0243,
        "Lat": 52.194
      },
      {
        "Brigade": "7",
        "Time": "2017-05-14 07:44:39",
        "Lines": "18",
        "Lon": 21.0243,
        "Lat": 52.1939
      },
      {
        "Brigade": "7",
        "Time": "2017-05-14 07:44:50",
        "Lines": "18",
        "Lon": 21.0244,
        "Lat": 52.1928
      },
      {
        "Brigade": "7",
        "Time": "2017-05-14 07:45:00",
        "Lines": "18",
        "Lon": 21.0245,
        "Lat": 52.1914
      },
      {
        "Brigade": "7",
        "Time": "2017-05-14 07:45:11",
        "Lines": "18",
        "Lon": 21.0245,
        "Lat": 52.1905
      },
      {
        "Brigade": "7",
        "Time": "2017-05-14 07:45:21",
        "Lines": "18",
        "Lon": 21.0245,
        "Lat": 52.1902
      },
      {
        "Brigade": "7",
        "Time": "2017-05-14 07:45:31",
        "Lines": "18",
        "Lon": 21.0245,
        "Lat": 52.1902
      },
      {
        "Brigade": "7",
        "Time": "2017-05-14 07:45:47",
        "Lines": "18",
        "Lon": 21.0245,
        "Lat": 52.1902
      },
      {
        "Brigade": "7",
        "Time": "2017-05-14 07:45:58",
        "Lines": "18",
        "Lon": 21.0245,
        "Lat": 52.1902
      },
      {
        "Brigade": "7",
        "Time": "2017-05-14 07:46:08",
        "Lines": "18",
        "Lon": 21.0245,
        "Lat": 52.1901
      },
      {
        "Brigade": "7",
        "Time": "2017-05-14 07:46:13",
        "Lines": "18",
        "Lon": 21.0244,
        "Lat": 52.1899
      },
      {
        "Brigade": "7",
        "Time": "2017-05-14 07:46:29",
        "Lines": "18",
        "Lon": 21.0233,
        "Lat": 52.1898
      },
      {
        "Brigade": "7",
        "Time": "2017-05-14 07:46:40",
        "Lines": "18",
        "Lon": 21.023,
        "Lat": 52.1898
      },
      {
        "Brigade": "7",
        "Time": "2017-05-14 07:46:50",
        "Lines": "18",
        "Lon": 21.023,
        "Lat": 52.1898
      },
      {
        "Brigade": "7",
        "Time": "2017-05-14 07:47:01",
        "Lines": "18",
        "Lon": 21.023,
        "Lat": 52.1898
      },
      {
        "Brigade": "7",
        "Time": "2017-05-14 07:47:16",
        "Lines": "18",
        "Lon": 21.0221,
        "Lat": 52.1897
      },
      {
        "Brigade": "7",
        "Time": "2017-05-14 07:47:22",
        "Lines": "18",
        "Lon": 21.0217,
        "Lat": 52.1896
      },
      {
        "Brigade": "7",
        "Time": "2017-05-14 07:47:37",
        "Lines": "18",
        "Lon": 21.0208,
        "Lat": 52.1895
      },
      {
        "Brigade": "7",
        "Time": "2017-05-14 07:47:48",
        "Lines": "18",
        "Lon": 21.0203,
        "Lat": 52.1895
      },
      {
        "Brigade": "7",
        "Time": "2017-05-14 07:47:58",
        "Lines": "18",
        "Lon": 21.0198,
        "Lat": 52.1894
      },
      {
        "Brigade": "7",
        "Time": "2017-05-14 07:48:09",
        "Lines": "18",
        "Lon": 21.0192,
        "Lat": 52.1893
      },
      {
        "Brigade": "7",
        "Time": "2017-05-14 07:48:19",
        "Lines": "18",
        "Lon": 21.0188,
        "Lat": 52.1892
      },
      {
        "Brigade": "7",
        "Time": "2017-05-14 07:48:30",
        "Lines": "18",
        "Lon": 21.018,
        "Lat": 52.1891
      },
      {
        "Brigade": "7",
        "Time": "2017-05-14 07:48:40",
        "Lines": "18",
        "Lon": 21.0178,
        "Lat": 52.1891
      },
      {
        "Brigade": "7",
        "Time": "2017-05-14 07:48:51",
        "Lines": "18",
        "Lon": 21.0178,
        "Lat": 52.1891
      },
      {
        "Brigade": "7",
        "Time": "2017-05-14 07:49:01",
        "Lines": "18",
        "Lon": 21.0178,
        "Lat": 52.1891
      },
      {
        "Brigade": "7",
        "Time": "2017-05-14 07:49:17",
        "Lines": "18",
        "Lon": 21.0178,
        "Lat": 52.1891
      },
      {
        "Brigade": "7",
        "Time": "2017-05-14 07:49:27",
        "Lines": "18",
        "Lon": 21.0176,
        "Lat": 52.1891
      },
      {
        "Brigade": "7",
        "Time": "2017-05-14 07:49:38",
        "Lines": "18",
        "Lon": 21.016,
        "Lat": 52.189
      },
      {
        "Brigade": "7",
        "Time": "2017-05-14 07:49:49",
        "Lines": "18",
        "Lon": 21.0141,
        "Lat": 52.1889
      },
      {
        "Brigade": "7",
        "Time": "2017-05-14 07:50:09",
        "Lines": "18",
        "Lon": 21.012,
        "Lat": 52.1889
      },
      {
        "Brigade": "7",
        "Time": "2017-05-14 07:50:20",
        "Lines": "18",
        "Lon": 21.012,
        "Lat": 52.1889
      },
      {
        "Brigade": "7",
        "Time": "2017-05-14 07:50:30",
        "Lines": "18",
        "Lon": 21.0114,
        "Lat": 52.1889
      },
      {
        "Brigade": "7",
        "Time": "2017-05-14 07:50:41",
        "Lines": "18",
        "Lon": 21.0097,
        "Lat": 52.1889
      },
      {
        "Brigade": "7",
        "Time": "2017-05-14 07:50:51",
        "Lines": "18",
        "Lon": 21.008,
        "Lat": 52.1889
      },
      {
        "Brigade": "7",
        "Time": "2017-05-14 07:51:02",
        "Lines": "18",
        "Lon": 21.0076,
        "Lat": 52.1889
      },
      {
        "Brigade": "7",
        "Time": "2017-05-14 07:51:18",
        "Lines": "18",
        "Lon": 21.0076,
        "Lat": 52.1889
      },
      {
        "Brigade": "7",
        "Time": "2017-05-14 07:51:28",
        "Lines": "18",
        "Lon": 21.0076,
        "Lat": 52.1889
      },
      {
        "Brigade": "7",
        "Time": "2017-05-14 07:51:39",
        "Lines": "18",
        "Lon": 21.0076,
        "Lat": 52.1889
      },
      {
        "Brigade": "7",
        "Time": "2017-05-14 07:51:49",
        "Lines": "18",
        "Lon": 21.0074,
        "Lat": 52.1889
      },
      {
        "Brigade": "7",
        "Time": "2017-05-14 07:52:00",
        "Lines": "18",
        "Lon": 21.0056,
        "Lat": 52.1888
      },
      {
        "Brigade": "7",
        "Time": "2017-05-14 07:52:10",
        "Lines": "18",
        "Lon": 21.0044,
        "Lat": 52.1888
      },
      {
        "Brigade": "7",
        "Time": "2017-05-14 07:52:21",
        "Lines": "18",
        "Lon": 21.0037,
        "Lat": 52.1888
      },
      {
        "Brigade": "7",
        "Time": "2017-05-14 07:52:36",
        "Lines": "18",
        "Lon": 21.003,
        "Lat": 52.1888
      },
      {
        "Brigade": "7",
        "Time": "2017-05-14 07:52:47",
        "Lines": "18",
        "Lon": 21.003,
        "Lat": 52.1888
      },
      {
        "Brigade": "7",
        "Time": "2017-05-14 07:52:57",
        "Lines": "18",
        "Lon": 21.003,
        "Lat": 52.1888
      },
      {
        "Brigade": "7",
        "Time": "2017-05-14 07:53:08",
        "Lines": "18",
        "Lon": 21.003,
        "Lat": 52.1888
      },
      {
        "Brigade": "7",
        "Time": "2017-05-14 07:53:18",
        "Lines": "18",
        "Lon": 21.003,
        "Lat": 52.1888
      },
      {
        "Brigade": "7",
        "Time": "2017-05-14 07:53:29",
        "Lines": "18",
        "Lon": 21.0026,
        "Lat": 52.1888
      },
      {
        "Brigade": "7",
        "Time": "2017-05-14 07:53:39",
        "Lines": "18",
        "Lon": 21.002,
        "Lat": 52.189
      },
      {
        "Brigade": "7",
        "Time": "2017-05-14 07:53:50",
        "Lines": "18",
        "Lon": 21.002,
        "Lat": 52.1895
      },
      {
        "Brigade": "7",
        "Time": "2017-05-14 07:54:00",
        "Lines": "18",
        "Lon": 21.002,
        "Lat": 52.1896
      },
      {
        "Brigade": "7",
        "Time": "2017-05-14 07:54:16",
        "Lines": "18",
        "Lon": 21.002,
        "Lat": 52.1896
      },
      {
        "Brigade": "7",
        "Time": "2017-05-14 07:54:26",
        "Lines": "18",
        "Lon": 21.0018,
        "Lat": 52.1907
      }
    ]
  }
]
