[
  {
    "res": [
      {
        "Brigade": "9",
        "Time": "2017-05-14 06:36:46",
        "Lines": "18",
        "Lon": 21.0034,
        "Lat": 52.1888
      },
      {
        "Brigade": "9",
        "Time": "2017-05-14 06:36:56",
        "Lines": "18",
        "Lon": 21.0036,
        "Lat": 52.1888
      },
      {
        "Brigade": "9",
        "Time": "2017-05-14 06:37:03",
        "Lines": "18",
        "Lon": 21.004,
        "Lat": 52.1888
      },
      {
        "Brigade": "9",
        "Time": "2017-05-14 06:37:21",
        "Lines": "18",
        "Lon": 21.0058,
        "Lat": 52.1888
      },
      {
        "Brigade": "9",
        "Time": "2017-05-14 06:37:31",
        "Lines": "18",
        "Lon": 21.0071,
        "Lat": 52.1889
      },
      {
        "Brigade": "9",
        "Time": "2017-05-14 06:37:41",
        "Lines": "18",
        "Lon": 21.0072,
        "Lat": 52.1889
      },
      {
        "Brigade": "9",
        "Time": "2017-05-14 06:37:51",
        "Lines": "18",
        "Lon": 21.0072,
        "Lat": 52.1889
      },
      {
        "Brigade": "9",
        "Time": "2017-05-14 06:38:01",
        "Lines": "18",
        "Lon": 21.0072,
        "Lat": 52.1889
      },
      {
        "Brigade": "9",
        "Time": "2017-05-14 06:38:16",
        "Lines": "18",
        "Lon": 21.0072,
        "Lat": 52.1889
      },
      {
        "Brigade": "9",
        "Time": "2017-05-14 06:38:26",
        "Lines": "18",
        "Lon": 21.0072,
        "Lat": 52.1889
      },
      {
        "Brigade": "9",
        "Time": "2017-05-14 06:38:36",
        "Lines": "18",
        "Lon": 21.0084,
        "Lat": 52.1889
      },
      {
        "Brigade": "9",
        "Time": "2017-05-14 06:38:46",
        "Lines": "18",
        "Lon": 21.0105,
        "Lat": 52.1889
      },
      {
        "Brigade": "9",
        "Time": "2017-05-14 06:38:57",
        "Lines": "18",
        "Lon": 21.0115,
        "Lat": 52.1889
      },
      {
        "Brigade": "9",
        "Time": "2017-05-14 06:39:01",
        "Lines": "18",
        "Lon": 21.0115,
        "Lat": 52.1889
      },
      {
        "Brigade": "9",
        "Time": "2017-05-14 06:39:21",
        "Lines": "18",
        "Lon": 21.0115,
        "Lat": 52.1889
      },
      {
        "Brigade": "9",
        "Time": "2017-05-14 06:39:31",
        "Lines": "18",
        "Lon": 21.0115,
        "Lat": 52.1889
      },
      {
        "Brigade": "9",
        "Time": "2017-05-14 06:39:41",
        "Lines": "18",
        "Lon": 21.0115,
        "Lat": 52.1889
      },
      {
        "Brigade": "9",
        "Time": "2017-05-14 06:39:51",
        "Lines": "18",
        "Lon": 21.0121,
        "Lat": 52.1889
      },
      {
        "Brigade": "9",
        "Time": "2017-05-14 06:40:01",
        "Lines": "18",
        "Lon": 21.0141,
        "Lat": 52.1889
      },
      {
        "Brigade": "9",
        "Time": "2017-05-14 06:40:16",
        "Lines": "18",
        "Lon": 21.0165,
        "Lat": 52.189
      },
      {
        "Brigade": "9",
        "Time": "2017-05-14 06:40:26",
        "Lines": "18",
        "Lon": 21.0165,
        "Lat": 52.189
      },
      {
        "Brigade": "9",
        "Time": "2017-05-14 06:40:37",
        "Lines": "18",
        "Lon": 21.0165,
        "Lat": 52.189
      },
      {
        "Brigade": "9",
        "Time": "2017-05-14 06:40:46",
        "Lines": "18",
        "Lon": 21.0165,
        "Lat": 52.189
      },
      {
        "Brigade": "9",
        "Time": "2017-05-14 06:41:01",
        "Lines": "18",
        "Lon": 21.0165,
        "Lat": 52.189
      },
      {
        "Brigade": "9",
        "Time": "2017-05-14 06:41:11",
        "Lines": "18",
        "Lon": 21.0165,
        "Lat": 52.189
      },
      {
        "Brigade": "9",
        "Time": "2017-05-14 06:41:21",
        "Lines": "18",
        "Lon": 21.0165,
        "Lat": 52.189
      },
      {
        "Brigade": "9",
        "Time": "2017-05-14 06:41:31",
        "Lines": "18",
        "Lon": 21.0166,
        "Lat": 52.189
      },
      {
        "Brigade": "9",
        "Time": "2017-05-14 06:41:42",
        "Lines": "18",
        "Lon": 21.0178,
        "Lat": 52.189
      },
      {
        "Brigade": "9",
        "Time": "2017-05-14 06:41:52",
        "Lines": "18",
        "Lon": 21.0189,
        "Lat": 52.1892
      },
      {
        "Brigade": "9",
        "Time": "2017-05-14 06:42:07",
        "Lines": "18",
        "Lon": 21.0198,
        "Lat": 52.1893
      },
      {
        "Brigade": "9",
        "Time": "2017-05-14 06:42:17",
        "Lines": "18",
        "Lon": 21.0203,
        "Lat": 52.1894
      },
      {
        "Brigade": "9",
        "Time": "2017-05-14 06:42:27",
        "Lines": "18",
        "Lon": 21.0208,
        "Lat": 52.1894
      },
      {
        "Brigade": "9",
        "Time": "2017-05-14 06:42:37",
        "Lines": "18",
        "Lon": 21.0214,
        "Lat": 52.1895
      },
      {
        "Brigade": "9",
        "Time": "2017-05-14 06:42:50",
        "Lines": "18",
        "Lon": 21.0216,
        "Lat": 52.1896
      },
      {
        "Brigade": "9",
        "Time": "2017-05-14 06:43:02",
        "Lines": "18",
        "Lon": 21.0216,
        "Lat": 52.1896
      },
      {
        "Brigade": "9",
        "Time": "2017-05-14 06:43:13",
        "Lines": "18",
        "Lon": 21.0224,
        "Lat": 52.1897
      },
      {
        "Brigade": "9",
        "Time": "2017-05-14 06:43:23",
        "Lines": "18",
        "Lon": 21.0237,
        "Lat": 52.1898
      },
      {
        "Brigade": "9",
        "Time": "2017-05-14 06:43:32",
        "Lines": "18",
        "Lon": 21.0239,
        "Lat": 52.1898
      },
      {
        "Brigade": "9",
        "Time": "2017-05-14 06:43:42",
        "Lines": "18",
        "Lon": 21.0239,
        "Lat": 52.1898
      },
      {
        "Brigade": "9",
        "Time": "2017-05-14 06:43:52",
        "Lines": "18",
        "Lon": 21.0239,
        "Lat": 52.1898
      },
      {
        "Brigade": "9",
        "Time": "2017-05-14 06:44:07",
        "Lines": "18",
        "Lon": 21.0242,
        "Lat": 52.1898
      },
      {
        "Brigade": "9",
        "Time": "2017-05-14 06:44:17",
        "Lines": "18",
        "Lon": 21.0246,
        "Lat": 52.1901
      },
      {
        "Brigade": "9",
        "Time": "2017-05-14 06:44:27",
        "Lines": "18",
        "Lon": 21.0246,
        "Lat": 52.1906
      },
      {
        "Brigade": "9",
        "Time": "2017-05-14 06:44:37",
        "Lines": "18",
        "Lon": 21.0246,
        "Lat": 52.1908
      },
      {
        "Brigade": "9",
        "Time": "2017-05-14 06:44:46",
        "Lines": "18",
        "Lon": 21.0245,
        "Lat": 52.191
      },
      {
        "Brigade": "9",
        "Time": "2017-05-14 06:45:03",
        "Lines": "18",
        "Lon": 21.0244,
        "Lat": 52.1927
      },
      {
        "Brigade": "9",
        "Time": "2017-05-14 06:45:12",
        "Lines": "18",
        "Lon": 21.0244,
        "Lat": 52.1938
      },
      {
        "Brigade": "9",
        "Time": "2017-05-14 06:45:24",
        "Lines": "18",
        "Lon": 21.0243,
        "Lat": 52.1945
      },
      {
        "Brigade": "9",
        "Time": "2017-05-14 06:45:32",
        "Lines": "18",
        "Lon": 21.0243,
        "Lat": 52.1945
      },
      {
        "Brigade": "9",
        "Time": "2017-05-14 06:45:47",
        "Lines": "18",
        "Lon": 21.0243,
        "Lat": 52.1945
      },
      {
        "Brigade": "9",
        "Time": "2017-05-14 06:45:52",
        "Lines": "18",
        "Lon": 21.0243,
        "Lat": 52.1947
      },
      {
        "Brigade": "9",
        "Time": "2017-05-14 06:46:08",
        "Lines": "18",
        "Lon": 21.0242,
        "Lat": 52.1966
      },
      {
        "Brigade": "9",
        "Time": "2017-05-14 06:46:18",
        "Lines": "18",
        "Lon": 21.0242,
        "Lat": 52.1971
      },
      {
        "Brigade": "9",
        "Time": "2017-05-14 06:46:28",
        "Lines": "18",
        "Lon": 21.0241,
        "Lat": 52.1971
      },
      {
        "Brigade": "9",
        "Time": "2017-05-14 06:46:38",
        "Lines": "18",
        "Lon": 21.0241,
        "Lat": 52.1975
      },
      {
        "Brigade": "9",
        "Time": "2017-05-14 06:46:48",
        "Lines": "18",
        "Lon": 21.024,
        "Lat": 52.1982
      },
      {
        "Brigade": "9",
        "Time": "2017-05-14 06:47:03",
        "Lines": "18",
        "Lon": 21.0239,
        "Lat": 52.1995
      },
      {
        "Brigade": "9",
        "Time": "2017-05-14 06:47:13",
        "Lines": "18",
        "Lon": 21.0237,
        "Lat": 52.2006
      },
      {
        "Brigade": "9",
        "Time": "2017-05-14 06:47:23",
        "Lines": "18",
        "Lon": 21.0235,
        "Lat": 52.2017
      },
      {
        "Brigade": "9",
        "Time": "2017-05-14 06:47:36",
        "Lines": "18",
        "Lon": 21.0234,
        "Lat": 52.2024
      },
      {
        "Brigade": "9",
        "Time": "2017-05-14 06:47:43",
        "Lines": "18",
        "Lon": 21.0234,
        "Lat": 52.2024
      },
      {
        "Brigade": "9",
        "Time": "2017-05-14 06:47:58",
        "Lines": "18",
        "Lon": 21.0234,
        "Lat": 52.2024
      },
      {
        "Brigade": "9",
        "Time": "2017-05-14 06:48:08",
        "Lines": "18",
        "Lon": 21.0234,
        "Lat": 52.2025
      },
      {
        "Brigade": "9",
        "Time": "2017-05-14 06:48:18",
        "Lines": "18",
        "Lon": 21.0233,
        "Lat": 52.2033
      },
      {
        "Brigade": "9",
        "Time": "2017-05-14 06:48:28",
        "Lines": "18",
        "Lon": 21.0231,
        "Lat": 52.2044
      },
      {
        "Brigade": "9",
        "Time": "2017-05-14 06:48:42",
        "Lines": "18",
        "Lon": 21.0229,
        "Lat": 52.2051
      },
      {
        "Brigade": "9",
        "Time": "2017-05-14 06:48:48",
        "Lines": "18",
        "Lon": 21.0229,
        "Lat": 52.2051
      },
      {
        "Brigade": "9",
        "Time": "2017-05-14 06:49:03",
        "Lines": "18",
        "Lon": 21.0229,
        "Lat": 52.2051
      },
      {
        "Brigade": "9",
        "Time": "2017-05-14 06:49:13",
        "Lines": "18",
        "Lon": 21.0229,
        "Lat": 52.2052
      },
      {
        "Brigade": "9",
        "Time": "2017-05-14 06:49:23",
        "Lines": "18",
        "Lon": 21.0228,
        "Lat": 52.2059
      },
      {
        "Brigade": "9",
        "Time": "2017-05-14 06:49:34",
        "Lines": "18",
        "Lon": 21.0224,
        "Lat": 52.2069
      },
      {
        "Brigade": "9",
        "Time": "2017-05-14 06:49:49",
        "Lines": "18",
        "Lon": 21.0221,
        "Lat": 52.2075
      },
      {
        "Brigade": "9",
        "Time": "2017-05-14 06:49:58",
        "Lines": "18",
        "Lon": 21.0221,
        "Lat": 52.2075
      },
      {
        "Brigade": "9",
        "Time": "2017-05-14 06:50:11",
        "Lines": "18",
        "Lon": 21.0222,
        "Lat": 52.2075
      },
      {
        "Brigade": "9",
        "Time": "2017-05-14 06:50:21",
        "Lines": "18",
        "Lon": 21.0219,
        "Lat": 52.208
      },
      {
        "Brigade": "9",
        "Time": "2017-05-14 06:50:31",
        "Lines": "18",
        "Lon": 21.0215,
        "Lat": 52.2091
      },
      {
        "Brigade": "9",
        "Time": "2017-05-14 06:50:42",
        "Lines": "18",
        "Lon": 21.0213,
        "Lat": 52.2096
      },
      {
        "Brigade": "9",
        "Time": "2017-05-14 06:50:53",
        "Lines": "18",
        "Lon": 21.0213,
        "Lat": 52.2096
      },
      {
        "Brigade": "9",
        "Time": "2017-05-14 06:51:03",
        "Lines": "18",
        "Lon": 21.0212,
        "Lat": 52.2096
      },
      {
        "Brigade": "9",
        "Time": "2017-05-14 06:51:16",
        "Lines": "18",
        "Lon": 21.0212,
        "Lat": 52.2096
      },
      {
        "Brigade": "9",
        "Time": "2017-05-14 06:51:26",
        "Lines": "18",
        "Lon": 21.0211,
        "Lat": 52.21
      },
      {
        "Brigade": "9",
        "Time": "2017-05-14 06:51:36",
        "Lines": "18",
        "Lon": 21.0206,
        "Lat": 52.211
      },
      {
        "Brigade": "9",
        "Time": "2017-05-14 06:51:51",
        "Lines": "18",
        "Lon": 21.0208,
        "Lat": 52.2123
      },
      {
        "Brigade": "9",
        "Time": "2017-05-14 06:52:01",
        "Lines": "18",
        "Lon": 21.0212,
        "Lat": 52.2131
      },
      {
        "Brigade": "9",
        "Time": "2017-05-14 06:52:12",
        "Lines": "18",
        "Lon": 21.0213,
        "Lat": 52.2132
      },
      {
        "Brigade": "9",
        "Time": "2017-05-14 06:52:21",
        "Lines": "18",
        "Lon": 21.0213,
        "Lat": 52.2132
      },
      {
        "Brigade": "9",
        "Time": "2017-05-14 06:52:36",
        "Lines": "18",
        "Lon": 21.0213,
        "Lat": 52.2132
      },
      {
        "Brigade": "9",
        "Time": "2017-05-14 06:52:46",
        "Lines": "18",
        "Lon": 21.0213,
        "Lat": 52.2132
      },
      {
        "Brigade": "9",
        "Time": "2017-05-14 06:52:56",
        "Lines": "18",
        "Lon": 21.0214,
        "Lat": 52.2133
      },
      {
        "Brigade": "9",
        "Time": "2017-05-14 06:53:07",
        "Lines": "18",
        "Lon": 21.0213,
        "Lat": 52.2141
      },
      {
        "Brigade": "9",
        "Time": "2017-05-14 06:53:17",
        "Lines": "18",
        "Lon": 21.021,
        "Lat": 52.2147
      },
      {
        "Brigade": "9",
        "Time": "2017-05-14 06:53:27",
        "Lines": "18",
        "Lon": 21.021,
        "Lat": 52.2147
      },
      {
        "Brigade": "9",
        "Time": "2017-05-14 06:53:39",
        "Lines": "18",
        "Lon": 21.0208,
        "Lat": 52.215
      },
      {
        "Brigade": "9",
        "Time": "2017-05-14 06:53:52",
        "Lines": "18",
        "Lon": 21.02,
        "Lat": 52.2163
      },
      {
        "Brigade": "9",
        "Time": "2017-05-14 06:54:02",
        "Lines": "18",
        "Lon": 21.0194,
        "Lat": 52.2173
      },
      {
        "Brigade": "9",
        "Time": "2017-05-14 06:54:12",
        "Lines": "18",
        "Lon": 21.0188,
        "Lat": 52.2183
      },
      {
        "Brigade": "9",
        "Time": "2017-05-14 06:54:27",
        "Lines": "18",
        "Lon": 21.0182,
        "Lat": 52.2194
      },
      {
        "Brigade": "9",
        "Time": "2017-05-14 06:54:32",
        "Lines": "18",
        "Lon": 21.0181,
        "Lat": 52.2195
      },
      {
        "Brigade": "9",
        "Time": "2017-05-14 06:54:48",
        "Lines": "18",
        "Lon": 21.0181,
        "Lat": 52.2196
      },
      {
        "Brigade": "9",
        "Time": "2017-05-14 06:54:58",
        "Lines": "18",
        "Lon": 21.0178,
        "Lat": 52.22
      },
      {
        "Brigade": "9",
        "Time": "2017-05-14 06:55:08",
        "Lines": "18",
        "Lon": 21.0176,
        "Lat": 52.2205
      },
      {
        "Brigade": "9",
        "Time": "2017-05-14 06:55:18",
        "Lines": "18",
        "Lon": 21.0172,
        "Lat": 52.221
      },
      {
        "Brigade": "9",
        "Time": "2017-05-14 06:55:33",
        "Lines": "18",
        "Lon": 21.0169,
        "Lat": 52.2216
      },
      {
        "Brigade": "9",
        "Time": "2017-05-14 06:55:43",
        "Lines": "18",
        "Lon": 21.0169,
        "Lat": 52.2216
      },
      {
        "Brigade": "9",
        "Time": "2017-05-14 06:55:53",
        "Lines": "18",
        "Lon": 21.0168,
        "Lat": 52.2216
      },
      {
        "Brigade": "9",
        "Time": "2017-05-14 06:56:08",
        "Lines": "18",
        "Lon": 21.0161,
        "Lat": 52.2228
      },
      {
        "Brigade": "9",
        "Time": "2017-05-14 06:56:18",
        "Lines": "18",
        "Lon": 21.0161,
        "Lat": 52.223
      },
      {
        "Brigade": "9",
        "Time": "2017-05-14 06:56:28",
        "Lines": "18",
        "Lon": 21.0161,
        "Lat": 52.2229
      },
      {
        "Brigade": "9",
        "Time": "2017-05-14 06:56:38",
        "Lines": "18",
        "Lon": 21.0161,
        "Lat": 52.2229
      },
      {
        "Brigade": "9",
        "Time": "2017-05-14 06:56:48",
        "Lines": "18",
        "Lon": 21.0161,
        "Lat": 52.223
      },
      {
        "Brigade": "9",
        "Time": "2017-05-14 06:57:03",
        "Lines": "18",
        "Lon": 21.0155,
        "Lat": 52.2236
      },
      {
        "Brigade": "9",
        "Time": "2017-05-14 06:57:13",
        "Lines": "18",
        "Lon": 21.0148,
        "Lat": 52.2247
      },
      {
        "Brigade": "9",
        "Time": "2017-05-14 06:57:24",
        "Lines": "18",
        "Lon": 21.0142,
        "Lat": 52.2258
      },
      {
        "Brigade": "9",
        "Time": "2017-05-14 06:57:33",
        "Lines": "18",
        "Lon": 21.0141,
        "Lat": 52.226
      },
      {
        "Brigade": "9",
        "Time": "2017-05-14 06:57:43",
        "Lines": "18",
        "Lon": 21.0141,
        "Lat": 52.226
      },
      {
        "Brigade": "9",
        "Time": "2017-05-14 06:57:58",
        "Lines": "18",
        "Lon": 21.0141,
        "Lat": 52.226
      },
      {
        "Brigade": "9",
        "Time": "2017-05-14 06:58:08",
        "Lines": "18",
        "Lon": 21.0141,
        "Lat": 52.226
      },
      {
        "Brigade": "9",
        "Time": "2017-05-14 06:58:18",
        "Lines": "18",
        "Lon": 21.0141,
        "Lat": 52.226
      },
      {
        "Brigade": "9",
        "Time": "2017-05-14 06:58:28",
        "Lines": "18",
        "Lon": 21.0138,
        "Lat": 52.2264
      },
      {
        "Brigade": "9",
        "Time": "2017-05-14 06:58:38",
        "Lines": "18",
        "Lon": 21.0132,
        "Lat": 52.2276
      },
      {
        "Brigade": "9",
        "Time": "2017-05-14 06:58:53",
        "Lines": "18",
        "Lon": 21.0121,
        "Lat": 52.2293
      },
      {
        "Brigade": "9",
        "Time": "2017-05-14 06:59:03",
        "Lines": "18",
        "Lon": 21.012,
        "Lat": 52.2295
      },
      {
        "Brigade": "9",
        "Time": "2017-05-14 06:59:13",
        "Lines": "18",
        "Lon": 21.012,
        "Lat": 52.2295
      },
      {
        "Brigade": "9",
        "Time": "2017-05-14 06:59:23",
        "Lines": "18",
        "Lon": 21.012,
        "Lat": 52.2295
      },
      {
        "Brigade": "9",
        "Time": "2017-05-14 06:59:38",
        "Lines": "18",
        "Lon": 21.012,
        "Lat": 52.2295
      },
      {
        "Brigade": "9",
        "Time": "2017-05-14 06:59:48",
        "Lines": "18",
        "Lon": 21.012,
        "Lat": 52.2295
      },
      {
        "Brigade": "9",
        "Time": "2017-05-14 06:59:58",
        "Lines": "18",
        "Lon": 21.0119,
        "Lat": 52.2297
      },
      {
        "Brigade": "9",
        "Time": "2017-05-14 07:00:08",
        "Lines": "18",
        "Lon": 21.0116,
        "Lat": 52.2302
      },
      {
        "Brigade": "9",
        "Time": "2017-05-14 07:00:23",
        "Lines": "18",
        "Lon": 21.0106,
        "Lat": 52.2318
      },
      {
        "Brigade": "9",
        "Time": "2017-05-14 07:00:33",
        "Lines": "18",
        "Lon": 21.0098,
        "Lat": 52.2331
      },
      {
        "Brigade": "9",
        "Time": "2017-05-14 07:00:43",
        "Lines": "18",
        "Lon": 21.0091,
        "Lat": 52.2343
      },
      {
        "Brigade": "9",
        "Time": "2017-05-14 07:00:55",
        "Lines": "18",
        "Lon": 21.0087,
        "Lat": 52.2349
      },
      {
        "Brigade": "9",
        "Time": "2017-05-14 07:01:08",
        "Lines": "18",
        "Lon": 21.0088,
        "Lat": 52.2349
      },
      {
        "Brigade": "9",
        "Time": "2017-05-14 07:01:18",
        "Lines": "18",
        "Lon": 21.0088,
        "Lat": 52.2349
      },
      {
        "Brigade": "9",
        "Time": "2017-05-14 07:01:28",
        "Lines": "18",
        "Lon": 21.0088,
        "Lat": 52.2349
      },
      {
        "Brigade": "9",
        "Time": "2017-05-14 07:01:38",
        "Lines": "18",
        "Lon": 21.0088,
        "Lat": 52.2349
      },
      {
        "Brigade": "9",
        "Time": "2017-05-14 07:01:50",
        "Lines": "18",
        "Lon": 21.0086,
        "Lat": 52.2353
      },
      {
        "Brigade": "9",
        "Time": "2017-05-14 07:01:58",
        "Lines": "18",
        "Lon": 21.008,
        "Lat": 52.2362
      },
      {
        "Brigade": "9",
        "Time": "2017-05-14 07:02:10",
        "Lines": "18",
        "Lon": 21.0076,
        "Lat": 52.2369
      },
      {
        "Brigade": "9",
        "Time": "2017-05-14 07:02:20",
        "Lines": "18",
        "Lon": 21.0071,
        "Lat": 52.2378
      },
      {
        "Brigade": "9",
        "Time": "2017-05-14 07:02:35",
        "Lines": "18",
        "Lon": 21.0066,
        "Lat": 52.2385
      },
      {
        "Brigade": "9",
        "Time": "2017-05-14 07:02:46",
        "Lines": "18",
        "Lon": 21.0061,
        "Lat": 52.2389
      },
      {
        "Brigade": "9",
        "Time": "2017-05-14 07:02:56",
        "Lines": "18",
        "Lon": 21.006,
        "Lat": 52.2389
      },
      {
        "Brigade": "9",
        "Time": "2017-05-14 07:03:00",
        "Lines": "18",
        "Lon": 21.006,
        "Lat": 52.2389
      },
      {
        "Brigade": "9",
        "Time": "2017-05-14 07:03:12",
        "Lines": "18",
        "Lon": 21.006,
        "Lat": 52.2389
      },
      {
        "Brigade": "9",
        "Time": "2017-05-14 07:05:08",
        "Lines": "18",
        "Lon": 21.002,
        "Lat": 52.2438
      },
      {
        "Brigade": "9",
        "Time": "2017-05-14 07:05:22",
        "Lines": "18",
        "Lon": 21.0014,
        "Lat": 52.2443
      },
      {
        "Brigade": "9",
        "Time": "2017-05-14 07:05:32",
        "Lines": "18",
        "Lon": 21.001,
        "Lat": 52.2447
      },
      {
        "Brigade": "9",
        "Time": "2017-05-14 07:05:42",
        "Lines": "18",
        "Lon": 21.0009,
        "Lat": 52.2448
      },
      {
        "Brigade": "9",
        "Time": "2017-05-14 07:05:52",
        "Lines": "18",
        "Lon": 21.0007,
        "Lat": 52.2451
      },
      {
        "Brigade": "9",
        "Time": "2017-05-14 07:06:02",
        "Lines": "18",
        "Lon": 21.0007,
        "Lat": 52.2451
      },
      {
        "Brigade": "9",
        "Time": "2017-05-14 07:06:12",
        "Lines": "18",
        "Lon": 21.0007,
        "Lat": 52.2451
      },
      {
        "Brigade": "9",
        "Time": "2017-05-14 07:06:27",
        "Lines": "18",
        "Lon": 20.9999,
        "Lat": 52.2462
      },
      {
        "Brigade": "9",
        "Time": "2017-05-14 07:06:37",
        "Lines": "18",
        "Lon": 20.9994,
        "Lat": 52.2471
      },
      {
        "Brigade": "9",
        "Time": "2017-05-14 07:06:47",
        "Lines": "18",
        "Lon": 20.9992,
        "Lat": 52.2481
      },
      {
        "Brigade": "9",
        "Time": "2017-05-14 07:06:57",
        "Lines": "18",
        "Lon": 20.999,
        "Lat": 52.2487
      },
      {
        "Brigade": "9",
        "Time": "2017-05-14 07:07:12",
        "Lines": "18",
        "Lon": 20.999,
        "Lat": 52.2488
      },
      {
        "Brigade": "9",
        "Time": "2017-05-14 07:07:22",
        "Lines": "18",
        "Lon": 20.999,
        "Lat": 52.2488
      },
      {
        "Brigade": "9",
        "Time": "2017-05-14 07:07:31",
        "Lines": "18",
        "Lon": 20.9989,
        "Lat": 52.2491
      },
      {
        "Brigade": "9",
        "Time": "2017-05-14 07:07:42",
        "Lines": "18",
        "Lon": 20.9987,
        "Lat": 52.2501
      },
      {
        "Brigade": "9",
        "Time": "2017-05-14 07:07:52",
        "Lines": "18",
        "Lon": 20.9985,
        "Lat": 52.2511
      },
      {
        "Brigade": "9",
        "Time": "2017-05-14 07:08:07",
        "Lines": "18",
        "Lon": 20.9981,
        "Lat": 52.2525
      },
      {
        "Brigade": "9",
        "Time": "2017-05-14 07:08:18",
        "Lines": "18",
        "Lon": 20.998,
        "Lat": 52.2531
      },
      {
        "Brigade": "9",
        "Time": "2017-05-14 07:08:27",
        "Lines": "18",
        "Lon": 20.998,
        "Lat": 52.2531
      },
      {
        "Brigade": "9",
        "Time": "2017-05-14 07:08:37",
        "Lines": "18",
        "Lon": 20.998,
        "Lat": 52.2533
      },
      {
        "Brigade": "9",
        "Time": "2017-05-14 07:08:47",
        "Lines": "18",
        "Lon": 20.998,
        "Lat": 52.2533
      },
      {
        "Brigade": "9",
        "Time": "2017-05-14 07:09:02",
        "Lines": "18",
        "Lon": 20.998,
        "Lat": 52.2533
      },
      {
        "Brigade": "9",
        "Time": "2017-05-14 07:09:12",
        "Lines": "18",
        "Lon": 20.9979,
        "Lat": 52.2535
      },
      {
        "Brigade": "9",
        "Time": "2017-05-14 07:09:22",
        "Lines": "18",
        "Lon": 20.9978,
        "Lat": 52.2539
      },
      {
        "Brigade": "9",
        "Time": "2017-05-14 07:09:32",
        "Lines": "18",
        "Lon": 20.9977,
        "Lat": 52.2546
      },
      {
        "Brigade": "9",
        "Time": "2017-05-14 07:09:42",
        "Lines": "18",
        "Lon": 20.9976,
        "Lat": 52.2551
      },
      {
        "Brigade": "9",
        "Time": "2017-05-14 07:09:57",
        "Lines": "18",
        "Lon": 20.9984,
        "Lat": 52.2556
      },
      {
        "Brigade": "9",
        "Time": "2017-05-14 07:10:07",
        "Lines": "18",
        "Lon": 20.9988,
        "Lat": 52.2558
      },
      {
        "Brigade": "9",
        "Time": "2017-05-14 07:10:18",
        "Lines": "18",
        "Lon": 20.9988,
        "Lat": 52.2558
      },
      {
        "Brigade": "9",
        "Time": "2017-05-14 07:10:28",
        "Lines": "18",
        "Lon": 20.9995,
        "Lat": 52.2561
      },
      {
        "Brigade": "9",
        "Time": "2017-05-14 07:10:38",
        "Lines": "18",
        "Lon": 21.0003,
        "Lat": 52.2567
      },
      {
        "Brigade": "9",
        "Time": "2017-05-14 07:10:48",
        "Lines": "18",
        "Lon": 21.0011,
        "Lat": 52.2575
      },
      {
        "Brigade": "9",
        "Time": "2017-05-14 07:11:03",
        "Lines": "18",
        "Lon": 21.0018,
        "Lat": 52.2584
      },
      {
        "Brigade": "9",
        "Time": "2017-05-14 07:11:13",
        "Lines": "18",
        "Lon": 21.002,
        "Lat": 52.2586
      },
      {
        "Brigade": "9",
        "Time": "2017-05-14 07:11:23",
        "Lines": "18",
        "Lon": 21.0028,
        "Lat": 52.2588
      },
      {
        "Brigade": "9",
        "Time": "2017-05-14 07:11:33",
        "Lines": "18",
        "Lon": 21.0029,
        "Lat": 52.2588
      },
      {
        "Brigade": "9",
        "Time": "2017-05-14 07:11:43",
        "Lines": "18",
        "Lon": 21.0037,
        "Lat": 52.259
      },
      {
        "Brigade": "9",
        "Time": "2017-05-14 07:11:58",
        "Lines": "18",
        "Lon": 21.006,
        "Lat": 52.2597
      },
      {
        "Brigade": "9",
        "Time": "2017-05-14 07:12:09",
        "Lines": "18",
        "Lon": 21.0066,
        "Lat": 52.2599
      },
      {
        "Brigade": "9",
        "Time": "2017-05-14 07:12:19",
        "Lines": "18",
        "Lon": 21.0066,
        "Lat": 52.2599
      },
      {
        "Brigade": "9",
        "Time": "2017-05-14 07:12:30",
        "Lines": "18",
        "Lon": 21.0079,
        "Lat": 52.2602
      },
      {
        "Brigade": "9",
        "Time": "2017-05-14 07:12:38",
        "Lines": "18",
        "Lon": 21.0083,
        "Lat": 52.2603
      },
      {
        "Brigade": "9",
        "Time": "2017-05-14 07:12:54",
        "Lines": "18",
        "Lon": 21.0102,
        "Lat": 52.2609
      },
      {
        "Brigade": "9",
        "Time": "2017-05-14 07:12:59",
        "Lines": "18",
        "Lon": 21.0108,
        "Lat": 52.2611
      },
      {
        "Brigade": "9",
        "Time": "2017-05-14 07:13:15",
        "Lines": "18",
        "Lon": 21.0126,
        "Lat": 52.2617
      },
      {
        "Brigade": "9",
        "Time": "2017-05-14 07:13:25",
        "Lines": "18",
        "Lon": 21.0133,
        "Lat": 52.2619
      },
      {
        "Brigade": "9",
        "Time": "2017-05-14 07:13:38",
        "Lines": "18",
        "Lon": 21.0133,
        "Lat": 52.2619
      },
      {
        "Brigade": "9",
        "Time": "2017-05-14 07:13:49",
        "Lines": "18",
        "Lon": 21.0144,
        "Lat": 52.2622
      },
      {
        "Brigade": "9",
        "Time": "2017-05-14 07:14:00",
        "Lines": "18",
        "Lon": 21.0162,
        "Lat": 52.2628
      },
      {
        "Brigade": "9",
        "Time": "2017-05-14 07:14:10",
        "Lines": "18",
        "Lon": 21.0166,
        "Lat": 52.2629
      },
      {
        "Brigade": "9",
        "Time": "2017-05-14 07:14:20",
        "Lines": "18",
        "Lon": 21.019,
        "Lat": 52.2633
      },
      {
        "Brigade": "9",
        "Time": "2017-05-14 07:14:30",
        "Lines": "18",
        "Lon": 21.0197,
        "Lat": 52.2634
      },
      {
        "Brigade": "9",
        "Time": "2017-05-14 07:14:40",
        "Lines": "18",
        "Lon": 21.0198,
        "Lat": 52.2635
      },
      {
        "Brigade": "9",
        "Time": "2017-05-14 07:14:55",
        "Lines": "18",
        "Lon": 21.0201,
        "Lat": 52.2635
      },
      {
        "Brigade": "9",
        "Time": "2017-05-14 07:15:00",
        "Lines": "18",
        "Lon": 21.0202,
        "Lat": 52.2636
      },
      {
        "Brigade": "9",
        "Time": "2017-05-14 07:15:15",
        "Lines": "18",
        "Lon": 21.0202,
        "Lat": 52.2636
      },
      {
        "Brigade": "9",
        "Time": "2017-05-14 07:15:25",
        "Lines": "18",
        "Lon": 21.0206,
        "Lat": 52.2637
      },
      {
        "Brigade": "9",
        "Time": "2017-05-14 07:15:35",
        "Lines": "18",
        "Lon": 21.0209,
        "Lat": 52.264
      },
      {
        "Brigade": "9",
        "Time": "2017-05-14 07:15:50",
        "Lines": "18",
        "Lon": 21.0209,
        "Lat": 52.2648
      },
      {
        "Brigade": "9",
        "Time": "2017-05-14 07:16:00",
        "Lines": "18",
        "Lon": 21.0204,
        "Lat": 52.2656
      },
      {
        "Brigade": "9",
        "Time": "2017-05-14 07:16:10",
        "Lines": "18",
        "Lon": 21.0203,
        "Lat": 52.2659
      },
      {
        "Brigade": "9",
        "Time": "2017-05-14 07:16:23",
        "Lines": "18",
        "Lon": 21.0199,
        "Lat": 52.2672
      },
      {
        "Brigade": "9",
        "Time": "2017-05-14 07:16:30",
        "Lines": "18",
        "Lon": 21.0199,
        "Lat": 52.2672
      },
      {
        "Brigade": "9",
        "Time": "2017-05-14 07:16:45",
        "Lines": "18",
        "Lon": 21.0197,
        "Lat": 52.2677
      },
      {
        "Brigade": "9",
        "Time": "2017-05-14 07:16:55",
        "Lines": "18",
        "Lon": 21.0187,
        "Lat": 52.269
      },
      {
        "Brigade": "9",
        "Time": "2017-05-14 07:17:06",
        "Lines": "18",
        "Lon": 21.0177,
        "Lat": 52.2698
      },
      {
        "Brigade": "9",
        "Time": "2017-05-14 07:17:16",
        "Lines": "18",
        "Lon": 21.0172,
        "Lat": 52.2702
      },
      {
        "Brigade": "9",
        "Time": "2017-05-14 07:17:26",
        "Lines": "18",
        "Lon": 21.0172,
        "Lat": 52.2702
      },
      {
        "Brigade": "9",
        "Time": "2017-05-14 07:17:36",
        "Lines": "18",
        "Lon": 21.0168,
        "Lat": 52.2705
      },
      {
        "Brigade": "9",
        "Time": "2017-05-14 07:17:51",
        "Lines": "18",
        "Lon": 21.0154,
        "Lat": 52.2722
      },
      {
        "Brigade": "9",
        "Time": "2017-05-14 07:18:01",
        "Lines": "18",
        "Lon": 21.0147,
        "Lat": 52.2734
      },
      {
        "Brigade": "9",
        "Time": "2017-05-14 07:18:11",
        "Lines": "18",
        "Lon": 21.0144,
        "Lat": 52.2739
      },
      {
        "Brigade": "9",
        "Time": "2017-05-14 07:18:21",
        "Lines": "18",
        "Lon": 21.0144,
        "Lat": 52.2739
      },
      {
        "Brigade": "9",
        "Time": "2017-05-14 07:18:31",
        "Lines": "18",
        "Lon": 21.0144,
        "Lat": 52.2739
      },
      {
        "Brigade": "9",
        "Time": "2017-05-14 07:18:46",
        "Lines": "18",
        "Lon": 21.0139,
        "Lat": 52.2747
      },
      {
        "Brigade": "9",
        "Time": "2017-05-14 07:18:56",
        "Lines": "18",
        "Lon": 21.013,
        "Lat": 52.2762
      },
      {
        "Brigade": "9",
        "Time": "2017-05-14 07:19:06",
        "Lines": "18",
        "Lon": 21.0123,
        "Lat": 52.2773
      },
      {
        "Brigade": "9",
        "Time": "2017-05-14 07:19:16",
        "Lines": "18",
        "Lon": 21.0117,
        "Lat": 52.2783
      },
      {
        "Brigade": "9",
        "Time": "2017-05-14 07:19:27",
        "Lines": "18",
        "Lon": 21.0116,
        "Lat": 52.2784
      },
      {
        "Brigade": "9",
        "Time": "2017-05-14 07:19:38",
        "Lines": "18",
        "Lon": 21.0112,
        "Lat": 52.2792
      },
      {
        "Brigade": "9",
        "Time": "2017-05-14 07:19:48",
        "Lines": "18",
        "Lon": 21.0103,
        "Lat": 52.2806
      },
      {
        "Brigade": "9",
        "Time": "2017-05-14 07:20:03",
        "Lines": "18",
        "Lon": 21.0094,
        "Lat": 52.2821
      },
      {
        "Brigade": "9",
        "Time": "2017-05-14 07:20:13",
        "Lines": "18",
        "Lon": 21.0093,
        "Lat": 52.2822
      },
      {
        "Brigade": "9",
        "Time": "2017-05-14 07:20:23",
        "Lines": "18",
        "Lon": 21.0089,
        "Lat": 52.2829
      },
      {
        "Brigade": "9",
        "Time": "2017-05-14 07:20:33",
        "Lines": "18",
        "Lon": 21.008,
        "Lat": 52.2843
      },
      {
        "Brigade": "9",
        "Time": "2017-05-14 07:20:45",
        "Lines": "18",
        "Lon": 21.0071,
        "Lat": 52.2858
      },
      {
        "Brigade": "9",
        "Time": "2017-05-14 07:20:52",
        "Lines": "18",
        "Lon": 21.0066,
        "Lat": 52.2863
      },
      {
        "Brigade": "9",
        "Time": "2017-05-14 07:21:08",
        "Lines": "18",
        "Lon": 21.0062,
        "Lat": 52.2868
      },
      {
        "Brigade": "9",
        "Time": "2017-05-14 07:21:17",
        "Lines": "18",
        "Lon": 21.006,
        "Lat": 52.287
      },
      {
        "Brigade": "9",
        "Time": "2017-05-14 07:21:28",
        "Lines": "18",
        "Lon": 21.0049,
        "Lat": 52.2881
      },
      {
        "Brigade": "9",
        "Time": "2017-05-14 07:21:43",
        "Lines": "18",
        "Lon": 21.0034,
        "Lat": 52.2895
      },
      {
        "Brigade": "9",
        "Time": "2017-05-14 07:21:53",
        "Lines": "18",
        "Lon": 21.003,
        "Lat": 52.2898
      },
      {
        "Brigade": "9",
        "Time": "2017-05-14 07:22:03",
        "Lines": "18",
        "Lon": 21.0027,
        "Lat": 52.2901
      },
      {
        "Brigade": "9",
        "Time": "2017-05-14 07:22:13",
        "Lines": "18",
        "Lon": 21.0026,
        "Lat": 52.2902
      },
      {
        "Brigade": "9",
        "Time": "2017-05-14 07:22:28",
        "Lines": "18",
        "Lon": 21.0024,
        "Lat": 52.2901
      },
      {
        "Brigade": "9",
        "Time": "2017-05-14 07:22:38",
        "Lines": "18",
        "Lon": 21.0024,
        "Lat": 52.2902
      },
      {
        "Brigade": "9",
        "Time": "2017-05-14 07:22:48",
        "Lines": "18",
        "Lon": 21.0024,
        "Lat": 52.2902
      },
      {
        "Brigade": "9",
        "Time": "2017-05-14 07:22:58",
        "Lines": "18",
        "Lon": 21.0024,
        "Lat": 52.2902
      },
      {
        "Brigade": "9",
        "Time": "2017-05-14 07:23:13",
        "Lines": "18",
        "Lon": 21.0024,
        "Lat": 52.2902
      },
      {
        "Brigade": "9",
        "Time": "2017-05-14 07:23:23",
        "Lines": "18",
        "Lon": 21.0025,
        "Lat": 52.2903
      },
      {
        "Brigade": "9",
        "Time": "2017-05-14 07:23:33",
        "Lines": "18",
        "Lon": 21.0024,
        "Lat": 52.2903
      },
      {
        "Brigade": "9",
        "Time": "2017-05-14 07:23:43",
        "Lines": "18",
        "Lon": 21.0025,
        "Lat": 52.2903
      },
      {
        "Brigade": "9",
        "Time": "2017-05-14 07:23:53",
        "Lines": "18",
        "Lon": 21.0024,
        "Lat": 52.2903
      },
      {
        "Brigade": "9",
        "Time": "2017-05-14 07:24:03",
        "Lines": "18",
        "Lon": 21.0023,
        "Lat": 52.2902
      },
      {
        "Brigade": "9",
        "Time": "2017-05-14 07:24:18",
        "Lines": "18",
        "Lon": 21.0023,
        "Lat": 52.2902
      },
      {
        "Brigade": "9",
        "Time": "2017-05-14 07:24:28",
        "Lines": "18",
        "Lon": 21.0023,
        "Lat": 52.2902
      },
      {
        "Brigade": "9",
        "Time": "2017-05-14 07:24:38",
        "Lines": "18",
        "Lon": 21.0023,
        "Lat": 52.2903
      },
      {
        "Brigade": "9",
        "Time": "2017-05-14 07:24:48",
        "Lines": "18",
        "Lon": 21.0022,
        "Lat": 52.2903
      },
      {
        "Brigade": "9",
        "Time": "2017-05-14 07:24:58",
        "Lines": "18",
        "Lon": 21.0022,
        "Lat": 52.2902
      },
      {
        "Brigade": "9",
        "Time": "2017-05-14 07:25:08",
        "Lines": "18",
        "Lon": 21.0021,
        "Lat": 52.2902
      },
      {
        "Brigade": "9",
        "Time": "2017-05-14 07:25:23",
        "Lines": "18",
        "Lon": 21.0023,
        "Lat": 52.2902
      },
      {
        "Brigade": "9",
        "Time": "2017-05-14 07:25:33",
        "Lines": "18",
        "Lon": 21.0023,
        "Lat": 52.2902
      },
      {
        "Brigade": "9",
        "Time": "2017-05-14 07:25:43",
        "Lines": "18",
        "Lon": 21.0022,
        "Lat": 52.2902
      },
      {
        "Brigade": "9",
        "Time": "2017-05-14 07:25:53",
        "Lines": "18",
        "Lon": 21.0021,
        "Lat": 52.2902
      },
      {
        "Brigade": "9",
        "Time": "2017-05-14 07:26:08",
        "Lines": "18",
        "Lon": 21.0018,
        "Lat": 52.29
      },
      {
        "Brigade": "9",
        "Time": "2017-05-14 07:26:18",
        "Lines": "18",
        "Lon": 21.0018,
        "Lat": 52.29
      },
      {
        "Brigade": "9",
        "Time": "2017-05-14 07:26:28",
        "Lines": "18",
        "Lon": 21.0019,
        "Lat": 52.29
      },
      {
        "Brigade": "9",
        "Time": "2017-05-14 07:26:38",
        "Lines": "18",
        "Lon": 21.002,
        "Lat": 52.29
      },
      {
        "Brigade": "9",
        "Time": "2017-05-14 07:26:48",
        "Lines": "18",
        "Lon": 21.0021,
        "Lat": 52.2899
      },
      {
        "Brigade": "9",
        "Time": "2017-05-14 07:27:03",
        "Lines": "18",
        "Lon": 21.0021,
        "Lat": 52.29
      },
      {
        "Brigade": "9",
        "Time": "2017-05-14 07:27:12",
        "Lines": "18",
        "Lon": 21.0021,
        "Lat": 52.29
      },
      {
        "Brigade": "9",
        "Time": "2017-05-14 07:27:22",
        "Lines": "18",
        "Lon": 21.002,
        "Lat": 52.2899
      },
      {
        "Brigade": "9",
        "Time": "2017-05-14 07:27:32",
        "Lines": "18",
        "Lon": 21.0021,
        "Lat": 52.29
      },
      {
        "Brigade": "9",
        "Time": "2017-05-14 07:27:47",
        "Lines": "18",
        "Lon": 21.0021,
        "Lat": 52.29
      },
      {
        "Brigade": "9",
        "Time": "2017-05-14 07:27:57",
        "Lines": "18",
        "Lon": 21.0021,
        "Lat": 52.29
      },
      {
        "Brigade": "9",
        "Time": "2017-05-14 07:28:08",
        "Lines": "18",
        "Lon": 21.0021,
        "Lat": 52.29
      },
      {
        "Brigade": "9",
        "Time": "2017-05-14 07:28:18",
        "Lines": "18",
        "Lon": 21.0021,
        "Lat": 52.29
      },
      {
        "Brigade": "9",
        "Time": "2017-05-14 07:28:28",
        "Lines": "18",
        "Lon": 21.0022,
        "Lat": 52.2901
      },
      {
        "Brigade": "9",
        "Time": "2017-05-14 07:28:38",
        "Lines": "18",
        "Lon": 21.0022,
        "Lat": 52.2901
      },
      {
        "Brigade": "9",
        "Time": "2017-05-14 07:28:53",
        "Lines": "18",
        "Lon": 21.0023,
        "Lat": 52.2901
      },
      {
        "Brigade": "9",
        "Time": "2017-05-14 07:29:03",
        "Lines": "18",
        "Lon": 21.0023,
        "Lat": 52.29
      },
      {
        "Brigade": "9",
        "Time": "2017-05-14 07:29:13",
        "Lines": "18",
        "Lon": 21.0023,
        "Lat": 52.2899
      },
      {
        "Brigade": "9",
        "Time": "2017-05-14 07:29:23",
        "Lines": "18",
        "Lon": 21.0022,
        "Lat": 52.29
      },
      {
        "Brigade": "9",
        "Time": "2017-05-14 07:29:38",
        "Lines": "18",
        "Lon": 21.0021,
        "Lat": 52.2899
      },
      {
        "Brigade": "9",
        "Time": "2017-05-14 07:29:48",
        "Lines": "18",
        "Lon": 21.0022,
        "Lat": 52.29
      },
      {
        "Brigade": "9",
        "Time": "2017-05-14 07:29:58",
        "Lines": "18",
        "Lon": 21.0022,
        "Lat": 52.29
      },
      {
        "Brigade": "9",
        "Time": "2017-05-14 07:30:08",
        "Lines": "18",
        "Lon": 21.0022,
        "Lat": 52.2901
      },
      {
        "Brigade": "9",
        "Time": "2017-05-14 07:30:18",
        "Lines": "18",
        "Lon": 21.0022,
        "Lat": 52.2904
      },
      {
        "Brigade": "9",
        "Time": "2017-05-14 07:30:33",
        "Lines": "18",
        "Lon": 21.0021,
        "Lat": 52.2905
      },
      {
        "Brigade": "9",
        "Time": "2017-05-14 07:30:43",
        "Lines": "18",
        "Lon": 21.0021,
        "Lat": 52.2905
      },
      {
        "Brigade": "9",
        "Time": "2017-05-14 07:30:53",
        "Lines": "18",
        "Lon": 21.0021,
        "Lat": 52.2905
      },
      {
        "Brigade": "9",
        "Time": "2017-05-14 07:31:03",
        "Lines": "18",
        "Lon": 21.0021,
        "Lat": 52.2906
      },
      {
        "Brigade": "9",
        "Time": "2017-05-14 07:31:15",
        "Lines": "18",
        "Lon": 21.0022,
        "Lat": 52.2906
      },
      {
        "Brigade": "9",
        "Time": "2017-05-14 07:31:25",
        "Lines": "18",
        "Lon": 21.0022,
        "Lat": 52.2906
      },
      {
        "Brigade": "9",
        "Time": "2017-05-14 07:31:35",
        "Lines": "18",
        "Lon": 21.0022,
        "Lat": 52.2906
      },
      {
        "Brigade": "9",
        "Time": "2017-05-14 07:31:50",
        "Lines": "18",
        "Lon": 21.0021,
        "Lat": 52.2906
      },
      {
        "Brigade": "9",
        "Time": "2017-05-14 07:32:00",
        "Lines": "18",
        "Lon": 21.0021,
        "Lat": 52.2906
      },
      {
        "Brigade": "9",
        "Time": "2017-05-14 07:32:10",
        "Lines": "18",
        "Lon": 21.0021,
        "Lat": 52.2906
      },
      {
        "Brigade": "9",
        "Time": "2017-05-14 07:32:20",
        "Lines": "18",
        "Lon": 21.002,
        "Lat": 52.2907
      },
      {
        "Brigade": "9",
        "Time": "2017-05-14 07:32:30",
        "Lines": "18",
        "Lon": 21.0021,
        "Lat": 52.2908
      },
      {
        "Brigade": "9",
        "Time": "2017-05-14 07:32:45",
        "Lines": "18",
        "Lon": 21.002,
        "Lat": 52.2907
      },
      {
        "Brigade": "9",
        "Time": "2017-05-14 07:32:55",
        "Lines": "18",
        "Lon": 21.002,
        "Lat": 52.2907
      },
      {
        "Brigade": "9",
        "Time": "2017-05-14 07:33:00",
        "Lines": "18",
        "Lon": 21.002,
        "Lat": 52.2907
      },
      {
        "Brigade": "9",
        "Time": "2017-05-14 07:33:15",
        "Lines": "18",
        "Lon": 21.0021,
        "Lat": 52.2907
      },
      {
        "Brigade": "9",
        "Time": "2017-05-14 07:33:25",
        "Lines": "18",
        "Lon": 21.0021,
        "Lat": 52.2907
      },
      {
        "Brigade": "9",
        "Time": "2017-05-14 07:33:40",
        "Lines": "18",
        "Lon": 21.002,
        "Lat": 52.2907
      },
      {
        "Brigade": "9",
        "Time": "2017-05-14 07:33:50",
        "Lines": "18",
        "Lon": 21.002,
        "Lat": 52.2907
      },
      {
        "Brigade": "9",
        "Time": "2017-05-14 07:34:00",
        "Lines": "18",
        "Lon": 21.002,
        "Lat": 52.2908
      },
      {
        "Brigade": "9",
        "Time": "2017-05-14 07:34:11",
        "Lines": "18",
        "Lon": 21.0021,
        "Lat": 52.2908
      },
      {
        "Brigade": "9",
        "Time": "2017-05-14 07:34:21",
        "Lines": "18",
        "Lon": 21.0021,
        "Lat": 52.291
      },
      {
        "Brigade": "9",
        "Time": "2017-05-14 07:34:31",
        "Lines": "18",
        "Lon": 21.0021,
        "Lat": 52.291
      },
      {
        "Brigade": "9",
        "Time": "2017-05-14 07:34:46",
        "Lines": "18",
        "Lon": 21.0021,
        "Lat": 52.291
      },
      {
        "Brigade": "9",
        "Time": "2017-05-14 07:34:56",
        "Lines": "18",
        "Lon": 21.0021,
        "Lat": 52.2909
      },
      {
        "Brigade": "9",
        "Time": "2017-05-14 07:35:06",
        "Lines": "18",
        "Lon": 21.0021,
        "Lat": 52.2909
      },
      {
        "Brigade": "9",
        "Time": "2017-05-14 07:35:16",
        "Lines": "18",
        "Lon": 21.002,
        "Lat": 52.2907
      },
      {
        "Brigade": "9",
        "Time": "2017-05-14 07:35:31",
        "Lines": "18",
        "Lon": 21.002,
        "Lat": 52.2906
      },
      {
        "Brigade": "9",
        "Time": "2017-05-14 07:35:41",
        "Lines": "18",
        "Lon": 21.0021,
        "Lat": 52.2907
      },
      {
        "Brigade": "9",
        "Time": "2017-05-14 07:35:51",
        "Lines": "18",
        "Lon": 21.002,
        "Lat": 52.2907
      },
      {
        "Brigade": "9",
        "Time": "2017-05-14 07:36:01",
        "Lines": "18",
        "Lon": 21.002,
        "Lat": 52.2907
      },
      {
        "Brigade": "9",
        "Time": "2017-05-14 07:36:11",
        "Lines": "18",
        "Lon": 21.0021,
        "Lat": 52.2906
      },
      {
        "Brigade": "9",
        "Time": "2017-05-14 07:36:21",
        "Lines": "18",
        "Lon": 21.002,
        "Lat": 52.2906
      },
      {
        "Brigade": "9",
        "Time": "2017-05-14 07:36:36",
        "Lines": "18",
        "Lon": 21.002,
        "Lat": 52.2906
      },
      {
        "Brigade": "9",
        "Time": "2017-05-14 07:36:46",
        "Lines": "18",
        "Lon": 21.002,
        "Lat": 52.2906
      },
      {
        "Brigade": "9",
        "Time": "2017-05-14 07:36:56",
        "Lines": "18",
        "Lon": 21.002,
        "Lat": 52.2906
      },
      {
        "Brigade": "9",
        "Time": "2017-05-14 07:37:06",
        "Lines": "18",
        "Lon": 21.002,
        "Lat": 52.2906
      },
      {
        "Brigade": "9",
        "Time": "2017-05-14 07:37:16",
        "Lines": "18",
        "Lon": 21.002,
        "Lat": 52.2906
      },
      {
        "Brigade": "9",
        "Time": "2017-05-14 07:37:31",
        "Lines": "18",
        "Lon": 21.0021,
        "Lat": 52.2907
      },
      {
        "Brigade": "9",
        "Time": "2017-05-14 07:37:41",
        "Lines": "18",
        "Lon": 21.0021,
        "Lat": 52.2907
      },
      {
        "Brigade": "9",
        "Time": "2017-05-14 07:37:51",
        "Lines": "18",
        "Lon": 21.0021,
        "Lat": 52.2907
      },
      {
        "Brigade": "9",
        "Time": "2017-05-14 07:38:01",
        "Lines": "18",
        "Lon": 21.0021,
        "Lat": 52.2907
      },
      {
        "Brigade": "9",
        "Time": "2017-05-14 07:38:11",
        "Lines": "18",
        "Lon": 21.002,
        "Lat": 52.2906
      },
      {
        "Brigade": "9",
        "Time": "2017-05-14 07:38:26",
        "Lines": "18",
        "Lon": 21.002,
        "Lat": 52.2905
      },
      {
        "Brigade": "9",
        "Time": "2017-05-14 07:38:36",
        "Lines": "18",
        "Lon": 21.002,
        "Lat": 52.2905
      },
      {
        "Brigade": "9",
        "Time": "2017-05-14 07:38:46",
        "Lines": "18",
        "Lon": 21.002,
        "Lat": 52.2904
      },
      {
        "Brigade": "9",
        "Time": "2017-05-14 07:38:56",
        "Lines": "18",
        "Lon": 21.0019,
        "Lat": 52.2903
      },
      {
        "Brigade": "9",
        "Time": "2017-05-14 07:39:11",
        "Lines": "18",
        "Lon": 21.0019,
        "Lat": 52.2903
      },
      {
        "Brigade": "9",
        "Time": "2017-05-14 07:39:21",
        "Lines": "18",
        "Lon": 21.0019,
        "Lat": 52.2903
      },
      {
        "Brigade": "9",
        "Time": "2017-05-14 07:40:36",
        "Lines": "18",
        "Lon": 21.002,
        "Lat": 52.2905
      },
      {
        "Brigade": "9",
        "Time": "2017-05-14 07:40:46",
        "Lines": "18",
        "Lon": 21.002,
        "Lat": 52.2905
      },
      {
        "Brigade": "9",
        "Time": "2017-05-14 07:40:56",
        "Lines": "18",
        "Lon": 21.002,
        "Lat": 52.2905
      },
      {
        "Brigade": "9",
        "Time": "2017-05-14 07:41:10",
        "Lines": "18",
        "Lon": 21.0019,
        "Lat": 52.2905
      },
      {
        "Brigade": "9",
        "Time": "2017-05-14 07:41:20",
        "Lines": "18",
        "Lon": 21.002,
        "Lat": 52.2903
      },
      {
        "Brigade": "9",
        "Time": "2017-05-14 07:41:30",
        "Lines": "18",
        "Lon": 21.002,
        "Lat": 52.2903
      },
      {
        "Brigade": "9",
        "Time": "2017-05-14 07:41:40",
        "Lines": "18",
        "Lon": 21.0021,
        "Lat": 52.2903
      },
      {
        "Brigade": "9",
        "Time": "2017-05-14 07:41:50",
        "Lines": "18",
        "Lon": 21.0021,
        "Lat": 52.2903
      },
      {
        "Brigade": "9",
        "Time": "2017-05-14 07:42:06",
        "Lines": "18",
        "Lon": 21.0021,
        "Lat": 52.2904
      },
      {
        "Brigade": "9",
        "Time": "2017-05-14 07:42:16",
        "Lines": "18",
        "Lon": 21.002,
        "Lat": 52.2904
      },
      {
        "Brigade": "9",
        "Time": "2017-05-14 07:42:26",
        "Lines": "18",
        "Lon": 21.002,
        "Lat": 52.2904
      },
      {
        "Brigade": "9",
        "Time": "2017-05-14 07:42:36",
        "Lines": "18",
        "Lon": 21.002,
        "Lat": 52.2904
      },
      {
        "Brigade": "9",
        "Time": "2017-05-14 07:42:46",
        "Lines": "18",
        "Lon": 21.0019,
        "Lat": 52.2903
      },
      {
        "Brigade": "9",
        "Time": "2017-05-14 07:43:01",
        "Lines": "18",
        "Lon": 21.0018,
        "Lat": 52.2903
      },
      {
        "Brigade": "9",
        "Time": "2017-05-14 07:43:11",
        "Lines": "18",
        "Lon": 21.0018,
        "Lat": 52.2903
      },
      {
        "Brigade": "9",
        "Time": "2017-05-14 07:43:21",
        "Lines": "18",
        "Lon": 21.0018,
        "Lat": 52.2903
      },
      {
        "Brigade": "9",
        "Time": "2017-05-14 07:43:31",
        "Lines": "18",
        "Lon": 21.0018,
        "Lat": 52.2902
      },
      {
        "Brigade": "9",
        "Time": "2017-05-14 07:43:46",
        "Lines": "18",
        "Lon": 21.0018,
        "Lat": 52.2902
      },
      {
        "Brigade": "9",
        "Time": "2017-05-14 07:43:56",
        "Lines": "18",
        "Lon": 21.0017,
        "Lat": 52.2901
      },
      {
        "Brigade": "9",
        "Time": "2017-05-14 07:44:06",
        "Lines": "18",
        "Lon": 21.0017,
        "Lat": 52.2901
      },
      {
        "Brigade": "9",
        "Time": "2017-05-14 07:44:16",
        "Lines": "18",
        "Lon": 21.0018,
        "Lat": 52.2901
      },
      {
        "Brigade": "9",
        "Time": "2017-05-14 07:44:26",
        "Lines": "18",
        "Lon": 21.0018,
        "Lat": 52.2902
      },
      {
        "Brigade": "9",
        "Time": "2017-05-14 07:44:41",
        "Lines": "18",
        "Lon": 21.0019,
        "Lat": 52.2902
      },
      {
        "Brigade": "9",
        "Time": "2017-05-14 07:44:51",
        "Lines": "18",
        "Lon": 21.0019,
        "Lat": 52.2903
      },
      {
        "Brigade": "9",
        "Time": "2017-05-14 07:45:01",
        "Lines": "18",
        "Lon": 21.0018,
        "Lat": 52.2903
      },
      {
        "Brigade": "9",
        "Time": "2017-05-14 07:45:10",
        "Lines": "18",
        "Lon": 21.0017,
        "Lat": 52.2903
      },
      {
        "Brigade": "9",
        "Time": "2017-05-14 07:45:25",
        "Lines": "18",
        "Lon": 21.0018,
        "Lat": 52.2902
      },
      {
        "Brigade": "9",
        "Time": "2017-05-14 07:45:35",
        "Lines": "18",
        "Lon": 21.0019,
        "Lat": 52.2903
      },
      {
        "Brigade": "9",
        "Time": "2017-05-14 07:45:45",
        "Lines": "18",
        "Lon": 21.0019,
        "Lat": 52.2904
      },
      {
        "Brigade": "9",
        "Time": "2017-05-14 07:45:55",
        "Lines": "18",
        "Lon": 21.002,
        "Lat": 52.2905
      },
      {
        "Brigade": "9",
        "Time": "2017-05-14 07:46:10",
        "Lines": "18",
        "Lon": 21.002,
        "Lat": 52.2905
      },
      {
        "Brigade": "9",
        "Time": "2017-05-14 07:46:20",
        "Lines": "18",
        "Lon": 21.0019,
        "Lat": 52.2907
      },
      {
        "Brigade": "9",
        "Time": "2017-05-14 07:46:30",
        "Lines": "18",
        "Lon": 21.0019,
        "Lat": 52.2908
      },
      {
        "Brigade": "9",
        "Time": "2017-05-14 07:46:40",
        "Lines": "18",
        "Lon": 21.0019,
        "Lat": 52.2907
      },
      {
        "Brigade": "9",
        "Time": "2017-05-14 07:46:50",
        "Lines": "18",
        "Lon": 21.0019,
        "Lat": 52.2906
      },
      {
        "Brigade": "9",
        "Time": "2017-05-14 07:47:00",
        "Lines": "18",
        "Lon": 21.0019,
        "Lat": 52.2905
      },
      {
        "Brigade": "9",
        "Time": "2017-05-14 07:47:16",
        "Lines": "18",
        "Lon": 21.0018,
        "Lat": 52.2906
      },
      {
        "Brigade": "9",
        "Time": "2017-05-14 07:47:26",
        "Lines": "18",
        "Lon": 21.0018,
        "Lat": 52.2905
      },
      {
        "Brigade": "9",
        "Time": "2017-05-14 07:47:36",
        "Lines": "18",
        "Lon": 21.0018,
        "Lat": 52.2905
      },
      {
        "Brigade": "9",
        "Time": "2017-05-14 07:47:46",
        "Lines": "18",
        "Lon": 21.0019,
        "Lat": 52.2906
      },
      {
        "Brigade": "9",
        "Time": "2017-05-14 07:47:56",
        "Lines": "18",
        "Lon": 21.0019,
        "Lat": 52.2907
      },
      {
        "Brigade": "9",
        "Time": "2017-05-14 07:48:11",
        "Lines": "18",
        "Lon": 21.0019,
        "Lat": 52.2906
      },
      {
        "Brigade": "9",
        "Time": "2017-05-14 07:48:21",
        "Lines": "18",
        "Lon": 21.0019,
        "Lat": 52.2906
      },
      {
        "Brigade": "9",
        "Time": "2017-05-14 07:48:30",
        "Lines": "18",
        "Lon": 21.0019,
        "Lat": 52.2907
      },
      {
        "Brigade": "9",
        "Time": "2017-05-14 07:48:41",
        "Lines": "18",
        "Lon": 21.0021,
        "Lat": 52.2906
      },
      {
        "Brigade": "9",
        "Time": "2017-05-14 07:48:51",
        "Lines": "18",
        "Lon": 21.0022,
        "Lat": 52.2908
      },
      {
        "Brigade": "9",
        "Time": "2017-05-14 07:49:01",
        "Lines": "18",
        "Lon": 21.0021,
        "Lat": 52.2908
      },
      {
        "Brigade": "9",
        "Time": "2017-05-14 07:49:15",
        "Lines": "18",
        "Lon": 21.0021,
        "Lat": 52.2908
      },
      {
        "Brigade": "9",
        "Time": "2017-05-14 07:49:25",
        "Lines": "18",
        "Lon": 21.0021,
        "Lat": 52.2908
      },
      {
        "Brigade": "9",
        "Time": "2017-05-14 07:49:35",
        "Lines": "18",
        "Lon": 21.0021,
        "Lat": 52.2907
      },
      {
        "Brigade": "9",
        "Time": "2017-05-14 07:49:50",
        "Lines": "18",
        "Lon": 21.0018,
        "Lat": 52.2909
      },
      {
        "Brigade": "9",
        "Time": "2017-05-14 07:50:00",
        "Lines": "18",
        "Lon": 21.0012,
        "Lat": 52.2907
      },
      {
        "Brigade": "9",
        "Time": "2017-05-14 07:50:11",
        "Lines": "18",
        "Lon": 21.0017,
        "Lat": 52.2904
      },
      {
        "Brigade": "9",
        "Time": "2017-05-14 07:50:20",
        "Lines": "18",
        "Lon": 21.0022,
        "Lat": 52.2904
      },
      {
        "Brigade": "9",
        "Time": "2017-05-14 07:50:32",
        "Lines": "18",
        "Lon": 21.0024,
        "Lat": 52.29
      },
      {
        "Brigade": "9",
        "Time": "2017-05-14 07:50:42",
        "Lines": "18",
        "Lon": 21.0025,
        "Lat": 52.2899
      },
      {
        "Brigade": "9",
        "Time": "2017-05-14 07:50:54",
        "Lines": "18",
        "Lon": 21.0029,
        "Lat": 52.2897
      },
      {
        "Brigade": "9",
        "Time": "2017-05-14 07:51:07",
        "Lines": "18",
        "Lon": 21.0036,
        "Lat": 52.2892
      },
      {
        "Brigade": "9",
        "Time": "2017-05-14 07:51:17",
        "Lines": "18",
        "Lon": 21.0046,
        "Lat": 52.2882
      },
      {
        "Brigade": "9",
        "Time": "2017-05-14 07:51:26",
        "Lines": "18",
        "Lon": 21.0056,
        "Lat": 52.2873
      },
      {
        "Brigade": "9",
        "Time": "2017-05-14 07:51:37",
        "Lines": "18",
        "Lon": 21.0059,
        "Lat": 52.287
      },
      {
        "Brigade": "9",
        "Time": "2017-05-14 07:51:52",
        "Lines": "18",
        "Lon": 21.0065,
        "Lat": 52.2864
      },
      {
        "Brigade": "9",
        "Time": "2017-05-14 07:52:01",
        "Lines": "18",
        "Lon": 21.0075,
        "Lat": 52.2852
      },
      {
        "Brigade": "9",
        "Time": "2017-05-14 07:52:12",
        "Lines": "18",
        "Lon": 21.0083,
        "Lat": 52.2839
      },
      {
        "Brigade": "9",
        "Time": "2017-05-14 07:52:21",
        "Lines": "18",
        "Lon": 21.0091,
        "Lat": 52.2825
      },
      {
        "Brigade": "9",
        "Time": "2017-05-14 07:52:36",
        "Lines": "18",
        "Lon": 21.0095,
        "Lat": 52.2818
      },
      {
        "Brigade": "9",
        "Time": "2017-05-14 07:52:47",
        "Lines": "18",
        "Lon": 21.0097,
        "Lat": 52.2815
      },
      {
        "Brigade": "9",
        "Time": "2017-05-14 07:52:56",
        "Lines": "18",
        "Lon": 21.0104,
        "Lat": 52.2803
      },
      {
        "Brigade": "9",
        "Time": "2017-05-14 07:53:06",
        "Lines": "18",
        "Lon": 21.0112,
        "Lat": 52.2791
      },
      {
        "Brigade": "9",
        "Time": "2017-05-14 07:53:16",
        "Lines": "18",
        "Lon": 21.0118,
        "Lat": 52.2781
      },
      {
        "Brigade": "9",
        "Time": "2017-05-14 07:53:31",
        "Lines": "18",
        "Lon": 21.0119,
        "Lat": 52.2779
      },
      {
        "Brigade": "9",
        "Time": "2017-05-14 07:53:40",
        "Lines": "18",
        "Lon": 21.012,
        "Lat": 52.2778
      },
      {
        "Brigade": "9",
        "Time": "2017-05-14 07:53:51",
        "Lines": "18",
        "Lon": 21.0127,
        "Lat": 52.2767
      },
      {
        "Brigade": "9",
        "Time": "2017-05-14 07:54:04",
        "Lines": "18",
        "Lon": 21.0134,
        "Lat": 52.2755
      },
      {
        "Brigade": "9",
        "Time": "2017-05-14 07:54:11",
        "Lines": "18",
        "Lon": 21.0139,
        "Lat": 52.2747
      },
      {
        "Brigade": "9",
        "Time": "2017-05-14 07:54:26",
        "Lines": "18",
        "Lon": 21.0141,
        "Lat": 52.2743
      },
      {
        "Brigade": "9",
        "Time": "2017-05-14 07:54:36",
        "Lines": "18",
        "Lon": 21.0141,
        "Lat": 52.2743
      },
      {
        "Brigade": "9",
        "Time": "2017-05-14 07:54:47",
        "Lines": "18",
        "Lon": 21.0141,
        "Lat": 52.2743
      },
      {
        "Brigade": "9",
        "Time": "2017-05-14 07:54:56",
        "Lines": "18",
        "Lon": 21.0144,
        "Lat": 52.2738
      },
      {
        "Brigade": "9",
        "Time": "2017-05-14 07:55:11",
        "Lines": "18",
        "Lon": 21.0145,
        "Lat": 52.2737
      },
      {
        "Brigade": "9",
        "Time": "2017-05-14 07:55:22",
        "Lines": "18",
        "Lon": 21.0147,
        "Lat": 52.2733
      },
      {
        "Brigade": "9",
        "Time": "2017-05-14 07:55:31",
        "Lines": "18",
        "Lon": 21.0154,
        "Lat": 52.2722
      },
      {
        "Brigade": "9",
        "Time": "2017-05-14 07:55:41",
        "Lines": "18",
        "Lon": 21.0162,
        "Lat": 52.2711
      },
      {
        "Brigade": "9",
        "Time": "2017-05-14 07:55:55",
        "Lines": "18",
        "Lon": 21.0169,
        "Lat": 52.2704
      },
      {
        "Brigade": "9",
        "Time": "2017-05-14 07:56:06",
        "Lines": "18",
        "Lon": 21.0169,
        "Lat": 52.2704
      },
      {
        "Brigade": "9",
        "Time": "2017-05-14 07:56:16",
        "Lines": "18",
        "Lon": 21.0171,
        "Lat": 52.2702
      },
      {
        "Brigade": "9",
        "Time": "2017-05-14 07:56:27",
        "Lines": "18",
        "Lon": 21.0182,
        "Lat": 52.2693
      },
      {
        "Brigade": "9",
        "Time": "2017-05-14 07:56:36",
        "Lines": "18",
        "Lon": 21.0193,
        "Lat": 52.2683
      },
      {
        "Brigade": "9",
        "Time": "2017-05-14 07:56:46",
        "Lines": "18",
        "Lon": 21.0199,
        "Lat": 52.2672
      },
      {
        "Brigade": "9",
        "Time": "2017-05-14 07:56:58",
        "Lines": "18",
        "Lon": 21.0201,
        "Lat": 52.2666
      },
      {
        "Brigade": "9",
        "Time": "2017-05-14 07:57:11",
        "Lines": "18",
        "Lon": 21.0201,
        "Lat": 52.2666
      },
      {
        "Brigade": "9",
        "Time": "2017-05-14 07:57:22",
        "Lines": "18",
        "Lon": 21.0203,
        "Lat": 52.2658
      },
      {
        "Brigade": "9",
        "Time": "2017-05-14 07:57:32",
        "Lines": "18",
        "Lon": 21.0208,
        "Lat": 52.2647
      },
      {
        "Brigade": "9",
        "Time": "2017-05-14 07:57:42",
        "Lines": "18",
        "Lon": 21.0209,
        "Lat": 52.2641
      },
      {
        "Brigade": "9",
        "Time": "2017-05-14 07:57:52",
        "Lines": "18",
        "Lon": 21.0207,
        "Lat": 52.2638
      },
      {
        "Brigade": "9",
        "Time": "2017-05-14 07:58:02",
        "Lines": "18",
        "Lon": 21.0203,
        "Lat": 52.2636
      },
      {
        "Brigade": "9",
        "Time": "2017-05-14 07:58:12",
        "Lines": "18",
        "Lon": 21.0196,
        "Lat": 52.2635
      },
      {
        "Brigade": "9",
        "Time": "2017-05-14 07:58:27",
        "Lines": "18",
        "Lon": 21.0194,
        "Lat": 52.2634
      },
      {
        "Brigade": "9",
        "Time": "2017-05-14 07:58:39",
        "Lines": "18",
        "Lon": 21.019,
        "Lat": 52.2634
      },
      {
        "Brigade": "9",
        "Time": "2017-05-14 07:58:47",
        "Lines": "18",
        "Lon": 21.0176,
        "Lat": 52.2631
      },
      {
        "Brigade": "9",
        "Time": "2017-05-14 07:59:02",
        "Lines": "18",
        "Lon": 21.0149,
        "Lat": 52.2624
      },
      {
        "Brigade": "9",
        "Time": "2017-05-14 07:59:12",
        "Lines": "18",
        "Lon": 21.0142,
        "Lat": 52.2622
      },
      {
        "Brigade": "9",
        "Time": "2017-05-14 07:59:22",
        "Lines": "18",
        "Lon": 21.0131,
        "Lat": 52.2618
      },
      {
        "Brigade": "9",
        "Time": "2017-05-14 07:59:32",
        "Lines": "18",
        "Lon": 21.0131,
        "Lat": 52.2619
      },
      {
        "Brigade": "9",
        "Time": "2017-05-14 07:59:43",
        "Lines": "18",
        "Lon": 21.0116,
        "Lat": 52.2614
      },
      {
        "Brigade": "9",
        "Time": "2017-05-14 07:59:53",
        "Lines": "18",
        "Lon": 21.0107,
        "Lat": 52.2612
      },
      {
        "Brigade": "9",
        "Time": "2017-05-14 08:00:05",
        "Lines": "18",
        "Lon": 21.0093,
        "Lat": 52.2606
      },
      {
        "Brigade": "9",
        "Time": "2017-05-14 08:00:16",
        "Lines": "18",
        "Lon": 21.0079,
        "Lat": 52.2604
      },
      {
        "Brigade": "9",
        "Time": "2017-05-14 08:00:25",
        "Lines": "18",
        "Lon": 21.0069,
        "Lat": 52.26
      },
      {
        "Brigade": "9",
        "Time": "2017-05-14 08:00:40",
        "Lines": "18",
        "Lon": 21.0067,
        "Lat": 52.2599
      },
      {
        "Brigade": "9",
        "Time": "2017-05-14 08:00:51",
        "Lines": "18",
        "Lon": 21.0061,
        "Lat": 52.2597
      },
      {
        "Brigade": "9",
        "Time": "2017-05-14 08:01:02",
        "Lines": "18",
        "Lon": 21.0043,
        "Lat": 52.2592
      },
      {
        "Brigade": "9",
        "Time": "2017-05-14 08:01:10",
        "Lines": "18",
        "Lon": 21.004,
        "Lat": 52.2591
      },
      {
        "Brigade": "9",
        "Time": "2017-05-14 08:01:25",
        "Lines": "18",
        "Lon": 21.0022,
        "Lat": 52.2587
      },
      {
        "Brigade": "9",
        "Time": "2017-05-14 08:01:35",
        "Lines": "18",
        "Lon": 21.0023,
        "Lat": 52.2587
      },
      {
        "Brigade": "9",
        "Time": "2017-05-14 08:01:45",
        "Lines": "18",
        "Lon": 21.0023,
        "Lat": 52.2587
      },
      {
        "Brigade": "9",
        "Time": "2017-05-14 08:01:55",
        "Lines": "18",
        "Lon": 21.0023,
        "Lat": 52.2587
      },
      {
        "Brigade": "9",
        "Time": "2017-05-14 08:02:00",
        "Lines": "18",
        "Lon": 21.0023,
        "Lat": 52.2587
      },
      {
        "Brigade": "9",
        "Time": "2017-05-14 08:02:20",
        "Lines": "18",
        "Lon": 21.0017,
        "Lat": 52.2583
      },
      {
        "Brigade": "9",
        "Time": "2017-05-14 08:02:30",
        "Lines": "18",
        "Lon": 21.0013,
        "Lat": 52.2578
      },
      {
        "Brigade": "9",
        "Time": "2017-05-14 08:02:40",
        "Lines": "18",
        "Lon": 21.0006,
        "Lat": 52.2571
      },
      {
        "Brigade": "9",
        "Time": "2017-05-14 08:02:50",
        "Lines": "18",
        "Lon": 20.9998,
        "Lat": 52.2564
      },
      {
        "Brigade": "9",
        "Time": "2017-05-14 08:03:00",
        "Lines": "18",
        "Lon": 20.999,
        "Lat": 52.2559
      },
      {
        "Brigade": "9",
        "Time": "2017-05-14 08:03:15",
        "Lines": "18",
        "Lon": 20.9984,
        "Lat": 52.2557
      },
      {
        "Brigade": "9",
        "Time": "2017-05-14 08:03:26",
        "Lines": "18",
        "Lon": 20.998,
        "Lat": 52.2555
      },
      {
        "Brigade": "9",
        "Time": "2017-05-14 08:03:35",
        "Lines": "18",
        "Lon": 20.9976,
        "Lat": 52.2553
      },
      {
        "Brigade": "9",
        "Time": "2017-05-14 08:03:45",
        "Lines": "18",
        "Lon": 20.9975,
        "Lat": 52.255
      },
      {
        "Brigade": "9",
        "Time": "2017-05-14 08:03:55",
        "Lines": "18",
        "Lon": 20.9976,
        "Lat": 52.2544
      },
      {
        "Brigade": "9",
        "Time": "2017-05-14 08:04:07",
        "Lines": "18",
        "Lon": 20.9977,
        "Lat": 52.254
      },
      {
        "Brigade": "9",
        "Time": "2017-05-14 08:04:20",
        "Lines": "18",
        "Lon": 20.9977,
        "Lat": 52.254
      },
      {
        "Brigade": "9",
        "Time": "2017-05-14 08:04:30",
        "Lines": "18",
        "Lon": 20.9977,
        "Lat": 52.254
      },
      {
        "Brigade": "9",
        "Time": "2017-05-14 08:04:40",
        "Lines": "18",
        "Lon": 20.9977,
        "Lat": 52.2539
      },
      {
        "Brigade": "9",
        "Time": "2017-05-14 08:04:50",
        "Lines": "18",
        "Lon": 20.9978,
        "Lat": 52.2535
      },
      {
        "Brigade": "9",
        "Time": "2017-05-14 08:05:00",
        "Lines": "18",
        "Lon": 20.998,
        "Lat": 52.2529
      },
      {
        "Brigade": "9",
        "Time": "2017-05-14 08:05:17",
        "Lines": "18",
        "Lon": 20.9983,
        "Lat": 52.2513
      },
      {
        "Brigade": "9",
        "Time": "2017-05-14 08:05:21",
        "Lines": "18",
        "Lon": 20.9984,
        "Lat": 52.2511
      },
      {
        "Brigade": "9",
        "Time": "2017-05-14 08:05:37",
        "Lines": "18",
        "Lon": 20.9984,
        "Lat": 52.251
      },
      {
        "Brigade": "9",
        "Time": "2017-05-14 08:05:46",
        "Lines": "18",
        "Lon": 20.9986,
        "Lat": 52.2504
      },
      {
        "Brigade": "9",
        "Time": "2017-05-14 08:05:56",
        "Lines": "18",
        "Lon": 20.9987,
        "Lat": 52.2496
      },
      {
        "Brigade": "9",
        "Time": "2017-05-14 08:06:06",
        "Lines": "18",
        "Lon": 20.9988,
        "Lat": 52.2495
      },
      {
        "Brigade": "9",
        "Time": "2017-05-14 08:06:21",
        "Lines": "18",
        "Lon": 20.9987,
        "Lat": 52.2496
      },
      {
        "Brigade": "9",
        "Time": "2017-05-14 08:06:31",
        "Lines": "18",
        "Lon": 20.9987,
        "Lat": 52.2496
      },
      {
        "Brigade": "9",
        "Time": "2017-05-14 08:06:41",
        "Lines": "18",
        "Lon": 20.9987,
        "Lat": 52.2496
      },
      {
        "Brigade": "9",
        "Time": "2017-05-14 08:06:51",
        "Lines": "18",
        "Lon": 20.9987,
        "Lat": 52.2495
      },
      {
        "Brigade": "9",
        "Time": "2017-05-14 08:07:06",
        "Lines": "18",
        "Lon": 20.999,
        "Lat": 52.2484
      },
      {
        "Brigade": "9",
        "Time": "2017-05-14 08:07:16",
        "Lines": "18",
        "Lon": 20.9994,
        "Lat": 52.2471
      },
      {
        "Brigade": "9",
        "Time": "2017-05-14 08:07:26",
        "Lines": "18",
        "Lon": 20.9999,
        "Lat": 52.2461
      },
      {
        "Brigade": "9",
        "Time": "2017-05-14 08:07:36",
        "Lines": "18",
        "Lon": 21.0005,
        "Lat": 52.2452
      },
      {
        "Brigade": "9",
        "Time": "2017-05-14 08:07:50",
        "Lines": "18",
        "Lon": 21.001,
        "Lat": 52.2446
      },
      {
        "Brigade": "9",
        "Time": "2017-05-14 08:07:56",
        "Lines": "18",
        "Lon": 21.001,
        "Lat": 52.2446
      },
      {
        "Brigade": "9",
        "Time": "2017-05-14 08:08:11",
        "Lines": "18",
        "Lon": 21.001,
        "Lat": 52.2446
      },
      {
        "Brigade": "9",
        "Time": "2017-05-14 08:08:21",
        "Lines": "18",
        "Lon": 21.001,
        "Lat": 52.2447
      },
      {
        "Brigade": "9",
        "Time": "2017-05-14 08:08:31",
        "Lines": "18",
        "Lon": 21.001,
        "Lat": 52.2447
      },
      {
        "Brigade": "9",
        "Time": "2017-05-14 08:08:41",
        "Lines": "18",
        "Lon": 21.001,
        "Lat": 52.2447
      },
      {
        "Brigade": "9",
        "Time": "2017-05-14 08:08:51",
        "Lines": "18",
        "Lon": 21.001,
        "Lat": 52.2447
      },
      {
        "Brigade": "9",
        "Time": "2017-05-14 08:09:06",
        "Lines": "18",
        "Lon": 21.0014,
        "Lat": 52.2443
      },
      {
        "Brigade": "9",
        "Time": "2017-05-14 08:09:17",
        "Lines": "18",
        "Lon": 21.0018,
        "Lat": 52.2439
      },
      {
        "Brigade": "9",
        "Time": "2017-05-14 08:09:27",
        "Lines": "18",
        "Lon": 21.0025,
        "Lat": 52.2434
      },
      {
        "Brigade": "9",
        "Time": "2017-05-14 08:09:37",
        "Lines": "18",
        "Lon": 21.0026,
        "Lat": 52.2433
      },
      {
        "Brigade": "9",
        "Time": "2017-05-14 08:09:47",
        "Lines": "18",
        "Lon": 21.0026,
        "Lat": 52.2433
      },
      {
        "Brigade": "9",
        "Time": "2017-05-14 08:09:57",
        "Lines": "18",
        "Lon": 21.0032,
        "Lat": 52.2429
      },
      {
        "Brigade": "9",
        "Time": "2017-05-14 08:10:13",
        "Lines": "18",
        "Lon": 21.0041,
        "Lat": 52.2419
      },
      {
        "Brigade": "9",
        "Time": "2017-05-14 08:10:22",
        "Lines": "18",
        "Lon": 21.0047,
        "Lat": 52.2413
      },
      {
        "Brigade": "9",
        "Time": "2017-05-14 08:10:32",
        "Lines": "18",
        "Lon": 21.0049,
        "Lat": 52.2406
      },
      {
        "Brigade": "9",
        "Time": "2017-05-14 08:10:47",
        "Lines": "18",
        "Lon": 21.0053,
        "Lat": 52.2395
      },
      {
        "Brigade": "9",
        "Time": "2017-05-14 08:10:57",
        "Lines": "18",
        "Lon": 21.0061,
        "Lat": 52.2388
      },
      {
        "Brigade": "9",
        "Time": "2017-05-14 08:11:07",
        "Lines": "18",
        "Lon": 21.0065,
        "Lat": 52.2386
      },
      {
        "Brigade": "9",
        "Time": "2017-05-14 08:11:17",
        "Lines": "18",
        "Lon": 21.0065,
        "Lat": 52.2386
      },
      {
        "Brigade": "9",
        "Time": "2017-05-14 08:11:27",
        "Lines": "18",
        "Lon": 21.0065,
        "Lat": 52.2386
      },
      {
        "Brigade": "9",
        "Time": "2017-05-14 08:11:42",
        "Lines": "18",
        "Lon": 21.0065,
        "Lat": 52.2386
      },
      {
        "Brigade": "9",
        "Time": "2017-05-14 08:11:52",
        "Lines": "18",
        "Lon": 21.0065,
        "Lat": 52.2386
      },
      {
        "Brigade": "9",
        "Time": "2017-05-14 08:12:02",
        "Lines": "18",
        "Lon": 21.0065,
        "Lat": 52.2386
      },
      {
        "Brigade": "9",
        "Time": "2017-05-14 08:12:12",
        "Lines": "18",
        "Lon": 21.0065,
        "Lat": 52.2386
      },
      {
        "Brigade": "9",
        "Time": "2017-05-14 08:12:22",
        "Lines": "18",
        "Lon": 21.0066,
        "Lat": 52.2383
      },
      {
        "Brigade": "9",
        "Time": "2017-05-14 08:12:33",
        "Lines": "18",
        "Lon": 21.0073,
        "Lat": 52.2372
      },
      {
        "Brigade": "9",
        "Time": "2017-05-14 08:12:43",
        "Lines": "18",
        "Lon": 21.0081,
        "Lat": 52.2359
      },
      {
        "Brigade": "9",
        "Time": "2017-05-14 08:12:53",
        "Lines": "18",
        "Lon": 21.0083,
        "Lat": 52.2355
      },
      {
        "Brigade": "9",
        "Time": "2017-05-14 08:13:05",
        "Lines": "18",
        "Lon": 21.0083,
        "Lat": 52.2355
      },
      {
        "Brigade": "9",
        "Time": "2017-05-14 08:13:20",
        "Lines": "18",
        "Lon": 21.0083,
        "Lat": 52.2355
      },
      {
        "Brigade": "9",
        "Time": "2017-05-14 08:13:30",
        "Lines": "18",
        "Lon": 21.0083,
        "Lat": 52.2355
      },
      {
        "Brigade": "9",
        "Time": "2017-05-14 08:13:40",
        "Lines": "18",
        "Lon": 21.0084,
        "Lat": 52.2355
      },
      {
        "Brigade": "9",
        "Time": "2017-05-14 08:13:50",
        "Lines": "18",
        "Lon": 21.0089,
        "Lat": 52.2346
      },
      {
        "Brigade": "9",
        "Time": "2017-05-14 08:14:00",
        "Lines": "18",
        "Lon": 21.0098,
        "Lat": 52.2332
      },
      {
        "Brigade": "9",
        "Time": "2017-05-14 08:14:14",
        "Lines": "18",
        "Lon": 21.0109,
        "Lat": 52.2313
      },
      {
        "Brigade": "9",
        "Time": "2017-05-14 08:14:24",
        "Lines": "18",
        "Lon": 21.0114,
        "Lat": 52.2304
      },
      {
        "Brigade": "9",
        "Time": "2017-05-14 08:14:34",
        "Lines": "18",
        "Lon": 21.0116,
        "Lat": 52.2302
      },
      {
        "Brigade": "9",
        "Time": "2017-05-14 08:14:49",
        "Lines": "18",
        "Lon": 21.0116,
        "Lat": 52.2302
      },
      {
        "Brigade": "9",
        "Time": "2017-05-14 08:14:59",
        "Lines": "18",
        "Lon": 21.0116,
        "Lat": 52.2302
      },
      {
        "Brigade": "9",
        "Time": "2017-05-14 08:15:09",
        "Lines": "18",
        "Lon": 21.0116,
        "Lat": 52.2302
      },
      {
        "Brigade": "9",
        "Time": "2017-05-14 08:15:21",
        "Lines": "18",
        "Lon": 21.0117,
        "Lat": 52.2299
      },
      {
        "Brigade": "9",
        "Time": "2017-05-14 08:15:29",
        "Lines": "18",
        "Lon": 21.0119,
        "Lat": 52.2295
      },
      {
        "Brigade": "9",
        "Time": "2017-05-14 08:15:44",
        "Lines": "18",
        "Lon": 21.0128,
        "Lat": 52.2281
      },
      {
        "Brigade": "9",
        "Time": "2017-05-14 08:15:54",
        "Lines": "18",
        "Lon": 21.0132,
        "Lat": 52.2273
      },
      {
        "Brigade": "9",
        "Time": "2017-05-14 08:16:05",
        "Lines": "18",
        "Lon": 21.0133,
        "Lat": 52.2272
      },
      {
        "Brigade": "9",
        "Time": "2017-05-14 08:16:15",
        "Lines": "18",
        "Lon": 21.0133,
        "Lat": 52.2272
      },
      {
        "Brigade": "9",
        "Time": "2017-05-14 08:16:25",
        "Lines": "18",
        "Lon": 21.0133,
        "Lat": 52.2272
      },
      {
        "Brigade": "9",
        "Time": "2017-05-14 08:16:35",
        "Lines": "18",
        "Lon": 21.0135,
        "Lat": 52.2269
      },
      {
        "Brigade": "9",
        "Time": "2017-05-14 08:16:46",
        "Lines": "18",
        "Lon": 21.0142,
        "Lat": 52.2256
      },
      {
        "Brigade": "9",
        "Time": "2017-05-14 08:17:01",
        "Lines": "18",
        "Lon": 21.0153,
        "Lat": 52.2239
      },
      {
        "Brigade": "9",
        "Time": "2017-05-14 08:17:11",
        "Lines": "18",
        "Lon": 21.0156,
        "Lat": 52.2234
      },
      {
        "Brigade": "9",
        "Time": "2017-05-14 08:17:21",
        "Lines": "18",
        "Lon": 21.0156,
        "Lat": 52.2234
      },
      {
        "Brigade": "9",
        "Time": "2017-05-14 08:17:31",
        "Lines": "18",
        "Lon": 21.0156,
        "Lat": 52.2234
      },
      {
        "Brigade": "9",
        "Time": "2017-05-14 08:17:41",
        "Lines": "18",
        "Lon": 21.0156,
        "Lat": 52.2234
      }
    ]
  }
]
