[
  {
    "res": [
      {
        "Brigade": "6",
        "Time": "2017-05-14 07:35:52",
        "Lines": "2",
        "Lon": 20.9357,
        "Lat": 52.2995
      },
      {
        "Brigade": "6",
        "Time": "2017-05-14 07:36:02",
        "Lines": "2",
        "Lon": 20.9357,
        "Lat": 52.2995
      },
      {
        "Brigade": "6",
        "Time": "2017-05-14 07:36:12",
        "Lines": "2",
        "Lon": 20.9361,
        "Lat": 52.2997
      },
      {
        "Brigade": "6",
        "Time": "2017-05-14 07:36:22",
        "Lines": "2",
        "Lon": 20.9373,
        "Lat": 52.3004
      },
      {
        "Brigade": "6",
        "Time": "2017-05-14 07:36:32",
        "Lines": "2",
        "Lon": 20.9382,
        "Lat": 52.3009
      },
      {
        "Brigade": "6",
        "Time": "2017-05-14 07:36:47",
        "Lines": "2",
        "Lon": 20.9394,
        "Lat": 52.3016
      },
      {
        "Brigade": "6",
        "Time": "2017-05-14 07:36:57",
        "Lines": "2",
        "Lon": 20.9401,
        "Lat": 52.3019
      },
      {
        "Brigade": "6",
        "Time": "2017-05-14 07:37:07",
        "Lines": "2",
        "Lon": 20.9411,
        "Lat": 52.3024
      },
      {
        "Brigade": "6",
        "Time": "2017-05-14 07:37:18",
        "Lines": "2",
        "Lon": 20.9429,
        "Lat": 52.3032
      },
      {
        "Brigade": "6",
        "Time": "2017-05-14 07:37:27",
        "Lines": "2",
        "Lon": 20.9448,
        "Lat": 52.3039
      },
      {
        "Brigade": "6",
        "Time": "2017-05-14 07:37:37",
        "Lines": "2",
        "Lon": 20.9468,
        "Lat": 52.3047
      },
      {
        "Brigade": "6",
        "Time": "2017-05-14 07:37:52",
        "Lines": "2",
        "Lon": 20.9494,
        "Lat": 52.306
      },
      {
        "Brigade": "6",
        "Time": "2017-05-14 07:38:02",
        "Lines": "2",
        "Lon": 20.9512,
        "Lat": 52.3068
      },
      {
        "Brigade": "6",
        "Time": "2017-05-14 07:38:12",
        "Lines": "2",
        "Lon": 20.9529,
        "Lat": 52.3076
      },
      {
        "Brigade": "6",
        "Time": "2017-05-14 07:38:23",
        "Lines": "2",
        "Lon": 20.9549,
        "Lat": 52.3086
      },
      {
        "Brigade": "6",
        "Time": "2017-05-14 07:38:37",
        "Lines": "2",
        "Lon": 20.9575,
        "Lat": 52.3099
      },
      {
        "Brigade": "6",
        "Time": "2017-05-14 07:38:47",
        "Lines": "2",
        "Lon": 20.9591,
        "Lat": 52.3106
      },
      {
        "Brigade": "6",
        "Time": "2017-05-14 07:38:57",
        "Lines": "2",
        "Lon": 20.9597,
        "Lat": 52.3108
      },
      {
        "Brigade": "6",
        "Time": "2017-05-14 07:39:07",
        "Lines": "2",
        "Lon": 20.9602,
        "Lat": 52.311
      },
      {
        "Brigade": "6",
        "Time": "2017-05-14 07:39:18",
        "Lines": "2",
        "Lon": 20.9616,
        "Lat": 52.3115
      },
      {
        "Brigade": "6",
        "Time": "2017-05-14 07:40:37",
        "Lines": "2",
        "Lon": 20.9678,
        "Lat": 52.3146
      },
      {
        "Brigade": "6",
        "Time": "2017-05-14 07:40:47",
        "Lines": "2",
        "Lon": 20.967,
        "Lat": 52.3155
      },
      {
        "Brigade": "6",
        "Time": "2017-05-14 07:40:57",
        "Lines": "2",
        "Lon": 20.9658,
        "Lat": 52.3163
      },
      {
        "Brigade": "6",
        "Time": "2017-05-14 07:41:07",
        "Lines": "2",
        "Lon": 20.9648,
        "Lat": 52.317
      },
      {
        "Brigade": "6",
        "Time": "2017-05-14 07:41:22",
        "Lines": "2",
        "Lon": 20.9634,
        "Lat": 52.3178
      },
      {
        "Brigade": "6",
        "Time": "2017-05-14 07:41:32",
        "Lines": "2",
        "Lon": 20.9625,
        "Lat": 52.3176
      },
      {
        "Brigade": "6",
        "Time": "2017-05-14 07:41:44",
        "Lines": "2",
        "Lon": 20.9614,
        "Lat": 52.3172
      },
      {
        "Brigade": "6",
        "Time": "2017-05-14 07:41:52",
        "Lines": "2",
        "Lon": 20.9612,
        "Lat": 52.3171
      },
      {
        "Brigade": "6",
        "Time": "2017-05-14 07:42:02",
        "Lines": "2",
        "Lon": 20.96,
        "Lat": 52.3167
      },
      {
        "Brigade": "6",
        "Time": "2017-05-14 07:42:17",
        "Lines": "2",
        "Lon": 20.9573,
        "Lat": 52.3166
      },
      {
        "Brigade": "6",
        "Time": "2017-05-14 07:42:28",
        "Lines": "2",
        "Lon": 20.9555,
        "Lat": 52.3172
      },
      {
        "Brigade": "6",
        "Time": "2017-05-14 07:42:37",
        "Lines": "2",
        "Lon": 20.9541,
        "Lat": 52.3179
      },
      {
        "Brigade": "6",
        "Time": "2017-05-14 07:42:47",
        "Lines": "2",
        "Lon": 20.9531,
        "Lat": 52.3184
      },
      {
        "Brigade": "6",
        "Time": "2017-05-14 07:42:57",
        "Lines": "2",
        "Lon": 20.9531,
        "Lat": 52.3184
      },
      {
        "Brigade": "6",
        "Time": "2017-05-14 07:43:12",
        "Lines": "2",
        "Lon": 20.9531,
        "Lat": 52.3184
      },
      {
        "Brigade": "6",
        "Time": "2017-05-14 07:43:22",
        "Lines": "2",
        "Lon": 20.9529,
        "Lat": 52.3185
      },
      {
        "Brigade": "6",
        "Time": "2017-05-14 07:43:32",
        "Lines": "2",
        "Lon": 20.9521,
        "Lat": 52.3189
      },
      {
        "Brigade": "6",
        "Time": "2017-05-14 07:43:47",
        "Lines": "2",
        "Lon": 20.949,
        "Lat": 52.3204
      },
      {
        "Brigade": "6",
        "Time": "2017-05-14 07:43:57",
        "Lines": "2",
        "Lon": 20.9472,
        "Lat": 52.3213
      },
      {
        "Brigade": "6",
        "Time": "2017-05-14 07:44:07",
        "Lines": "2",
        "Lon": 20.9455,
        "Lat": 52.3221
      },
      {
        "Brigade": "6",
        "Time": "2017-05-14 07:44:17",
        "Lines": "2",
        "Lon": 20.9449,
        "Lat": 52.3224
      },
      {
        "Brigade": "6",
        "Time": "2017-05-14 07:44:27",
        "Lines": "2",
        "Lon": 20.945,
        "Lat": 52.3224
      },
      {
        "Brigade": "6",
        "Time": "2017-05-14 07:44:40",
        "Lines": "2",
        "Lon": 20.9445,
        "Lat": 52.3226
      },
      {
        "Brigade": "6",
        "Time": "2017-05-14 07:44:52",
        "Lines": "2",
        "Lon": 20.9438,
        "Lat": 52.3229
      },
      {
        "Brigade": "6",
        "Time": "2017-05-14 07:45:03",
        "Lines": "2",
        "Lon": 20.9432,
        "Lat": 52.3233
      },
      {
        "Brigade": "6",
        "Time": "2017-05-14 07:45:13",
        "Lines": "2",
        "Lon": 20.9425,
        "Lat": 52.3237
      },
      {
        "Brigade": "6",
        "Time": "2017-05-14 07:45:23",
        "Lines": "2",
        "Lon": 20.9414,
        "Lat": 52.3247
      },
      {
        "Brigade": "6",
        "Time": "2017-05-14 07:45:33",
        "Lines": "2",
        "Lon": 20.941,
        "Lat": 52.3257
      },
      {
        "Brigade": "6",
        "Time": "2017-05-14 07:45:48",
        "Lines": "2",
        "Lon": 20.9409,
        "Lat": 52.3271
      },
      {
        "Brigade": "6",
        "Time": "2017-05-14 07:45:58",
        "Lines": "2",
        "Lon": 20.941,
        "Lat": 52.3271
      },
      {
        "Brigade": "6",
        "Time": "2017-05-14 07:46:08",
        "Lines": "2",
        "Lon": 20.9411,
        "Lat": 52.3279
      },
      {
        "Brigade": "6",
        "Time": "2017-05-14 07:46:18",
        "Lines": "2",
        "Lon": 20.9412,
        "Lat": 52.329
      },
      {
        "Brigade": "6",
        "Time": "2017-05-14 07:46:33",
        "Lines": "2",
        "Lon": 20.9414,
        "Lat": 52.3304
      },
      {
        "Brigade": "6",
        "Time": "2017-05-14 07:46:38",
        "Lines": "2",
        "Lon": 20.9416,
        "Lat": 52.3313
      },
      {
        "Brigade": "6",
        "Time": "2017-05-14 07:46:53",
        "Lines": "2",
        "Lon": 20.9416,
        "Lat": 52.3319
      },
      {
        "Brigade": "6",
        "Time": "2017-05-14 07:47:03",
        "Lines": "2",
        "Lon": 20.9416,
        "Lat": 52.3319
      },
      {
        "Brigade": "6",
        "Time": "2017-05-14 07:47:13",
        "Lines": "2",
        "Lon": 20.9416,
        "Lat": 52.332
      },
      {
        "Brigade": "6",
        "Time": "2017-05-14 07:47:23",
        "Lines": "2",
        "Lon": 20.9417,
        "Lat": 52.3324
      },
      {
        "Brigade": "6",
        "Time": "2017-05-14 07:47:33",
        "Lines": "2",
        "Lon": 20.9417,
        "Lat": 52.3328
      },
      {
        "Brigade": "6",
        "Time": "2017-05-14 07:47:48",
        "Lines": "2",
        "Lon": 20.9418,
        "Lat": 52.3335
      },
      {
        "Brigade": "6",
        "Time": "2017-05-14 07:47:58",
        "Lines": "2",
        "Lon": 20.9418,
        "Lat": 52.3338
      },
      {
        "Brigade": "6",
        "Time": "2017-05-14 07:48:08",
        "Lines": "2",
        "Lon": 20.9418,
        "Lat": 52.3341
      },
      {
        "Brigade": "6",
        "Time": "2017-05-14 07:48:18",
        "Lines": "2",
        "Lon": 20.9418,
        "Lat": 52.3342
      },
      {
        "Brigade": "6",
        "Time": "2017-05-14 07:48:28",
        "Lines": "2",
        "Lon": 20.9419,
        "Lat": 52.3342
      },
      {
        "Brigade": "6",
        "Time": "2017-05-14 07:48:43",
        "Lines": "2",
        "Lon": 20.9419,
        "Lat": 52.3342
      },
      {
        "Brigade": "6",
        "Time": "2017-05-14 07:48:53",
        "Lines": "2",
        "Lon": 20.9419,
        "Lat": 52.3342
      },
      {
        "Brigade": "6",
        "Time": "2017-05-14 07:49:03",
        "Lines": "2",
        "Lon": 20.9419,
        "Lat": 52.3342
      },
      {
        "Brigade": "6",
        "Time": "2017-05-14 07:49:13",
        "Lines": "2",
        "Lon": 20.9419,
        "Lat": 52.3342
      },
      {
        "Brigade": "6",
        "Time": "2017-05-14 07:49:23",
        "Lines": "2",
        "Lon": 20.9419,
        "Lat": 52.3342
      },
      {
        "Brigade": "6",
        "Time": "2017-05-14 07:49:37",
        "Lines": "2",
        "Lon": 20.9419,
        "Lat": 52.3342
      },
      {
        "Brigade": "6",
        "Time": "2017-05-14 07:49:46",
        "Lines": "2",
        "Lon": 20.9419,
        "Lat": 52.3342
      },
      {
        "Brigade": "6",
        "Time": "2017-05-14 07:49:56",
        "Lines": "2",
        "Lon": 20.9419,
        "Lat": 52.3342
      },
      {
        "Brigade": "6",
        "Time": "2017-05-14 07:50:12",
        "Lines": "2",
        "Lon": 20.9419,
        "Lat": 52.3341
      },
      {
        "Brigade": "6",
        "Time": "2017-05-14 07:50:21",
        "Lines": "2",
        "Lon": 20.9419,
        "Lat": 52.3338
      },
      {
        "Brigade": "6",
        "Time": "2017-05-14 07:50:26",
        "Lines": "2",
        "Lon": 20.9418,
        "Lat": 52.3336
      },
      {
        "Brigade": "6",
        "Time": "2017-05-14 07:50:42",
        "Lines": "2",
        "Lon": 20.9418,
        "Lat": 52.333
      },
      {
        "Brigade": "6",
        "Time": "2017-05-14 07:50:55",
        "Lines": "2",
        "Lon": 20.9417,
        "Lat": 52.3327
      },
      {
        "Brigade": "6",
        "Time": "2017-05-14 07:51:06",
        "Lines": "2",
        "Lon": 20.9417,
        "Lat": 52.3327
      },
      {
        "Brigade": "6",
        "Time": "2017-05-14 07:51:16",
        "Lines": "2",
        "Lon": 20.9417,
        "Lat": 52.3327
      },
      {
        "Brigade": "6",
        "Time": "2017-05-14 07:51:26",
        "Lines": "2",
        "Lon": 20.9417,
        "Lat": 52.3327
      },
      {
        "Brigade": "6",
        "Time": "2017-05-14 07:51:37",
        "Lines": "2",
        "Lon": 20.9418,
        "Lat": 52.3327
      },
      {
        "Brigade": "6",
        "Time": "2017-05-14 07:51:52",
        "Lines": "2",
        "Lon": 20.9418,
        "Lat": 52.3327
      },
      {
        "Brigade": "6",
        "Time": "2017-05-14 07:52:02",
        "Lines": "2",
        "Lon": 20.9418,
        "Lat": 52.3327
      },
      {
        "Brigade": "6",
        "Time": "2017-05-14 07:52:12",
        "Lines": "2",
        "Lon": 20.9418,
        "Lat": 52.3327
      },
      {
        "Brigade": "6",
        "Time": "2017-05-14 07:52:22",
        "Lines": "2",
        "Lon": 20.9418,
        "Lat": 52.3327
      },
      {
        "Brigade": "6",
        "Time": "2017-05-14 07:52:37",
        "Lines": "2",
        "Lon": 20.9418,
        "Lat": 52.3327
      },
      {
        "Brigade": "6",
        "Time": "2017-05-14 07:52:47",
        "Lines": "2",
        "Lon": 20.9418,
        "Lat": 52.3327
      },
      {
        "Brigade": "6",
        "Time": "2017-05-14 07:52:57",
        "Lines": "2",
        "Lon": 20.9418,
        "Lat": 52.3327
      },
      {
        "Brigade": "6",
        "Time": "2017-05-14 07:53:07",
        "Lines": "2",
        "Lon": 20.9418,
        "Lat": 52.3327
      },
      {
        "Brigade": "6",
        "Time": "2017-05-14 07:53:17",
        "Lines": "2",
        "Lon": 20.9418,
        "Lat": 52.3327
      },
      {
        "Brigade": "6",
        "Time": "2017-05-14 07:53:27",
        "Lines": "2",
        "Lon": 20.9418,
        "Lat": 52.3327
      },
      {
        "Brigade": "6",
        "Time": "2017-05-14 07:53:42",
        "Lines": "2",
        "Lon": 20.9418,
        "Lat": 52.3327
      },
      {
        "Brigade": "6",
        "Time": "2017-05-14 07:53:52",
        "Lines": "2",
        "Lon": 20.9418,
        "Lat": 52.3327
      },
      {
        "Brigade": "6",
        "Time": "2017-05-14 07:54:02",
        "Lines": "2",
        "Lon": 20.9418,
        "Lat": 52.3327
      },
      {
        "Brigade": "6",
        "Time": "2017-05-14 07:54:12",
        "Lines": "2",
        "Lon": 20.9418,
        "Lat": 52.3327
      },
      {
        "Brigade": "6",
        "Time": "2017-05-14 07:54:27",
        "Lines": "2",
        "Lon": 20.9418,
        "Lat": 52.3327
      },
      {
        "Brigade": "6",
        "Time": "2017-05-14 07:54:37",
        "Lines": "2",
        "Lon": 20.9418,
        "Lat": 52.3327
      },
      {
        "Brigade": "6",
        "Time": "2017-05-14 07:54:47",
        "Lines": "2",
        "Lon": 20.9418,
        "Lat": 52.3327
      },
      {
        "Brigade": "6",
        "Time": "2017-05-14 07:54:57",
        "Lines": "2",
        "Lon": 20.9418,
        "Lat": 52.3327
      },
      {
        "Brigade": "6",
        "Time": "2017-05-14 07:55:12",
        "Lines": "2",
        "Lon": 20.9418,
        "Lat": 52.3327
      },
      {
        "Brigade": "6",
        "Time": "2017-05-14 07:55:22",
        "Lines": "2",
        "Lon": 20.9418,
        "Lat": 52.3327
      },
      {
        "Brigade": "6",
        "Time": "2017-05-14 07:55:32",
        "Lines": "2",
        "Lon": 20.9418,
        "Lat": 52.3327
      },
      {
        "Brigade": "6",
        "Time": "2017-05-14 07:55:42",
        "Lines": "2",
        "Lon": 20.9418,
        "Lat": 52.3327
      },
      {
        "Brigade": "6",
        "Time": "2017-05-14 07:55:52",
        "Lines": "2",
        "Lon": 20.9418,
        "Lat": 52.3327
      },
      {
        "Brigade": "6",
        "Time": "2017-05-14 07:56:07",
        "Lines": "2",
        "Lon": 20.9418,
        "Lat": 52.3327
      },
      {
        "Brigade": "6",
        "Time": "2017-05-14 07:56:17",
        "Lines": "2",
        "Lon": 20.9418,
        "Lat": 52.3327
      },
      {
        "Brigade": "6",
        "Time": "2017-05-14 07:56:27",
        "Lines": "2",
        "Lon": 20.9418,
        "Lat": 52.3327
      },
      {
        "Brigade": "6",
        "Time": "2017-05-14 07:56:37",
        "Lines": "2",
        "Lon": 20.9418,
        "Lat": 52.3327
      },
      {
        "Brigade": "6",
        "Time": "2017-05-14 07:56:47",
        "Lines": "2",
        "Lon": 20.9418,
        "Lat": 52.3327
      },
      {
        "Brigade": "6",
        "Time": "2017-05-14 07:56:57",
        "Lines": "2",
        "Lon": 20.9418,
        "Lat": 52.3327
      },
      {
        "Brigade": "6",
        "Time": "2017-05-14 07:57:12",
        "Lines": "2",
        "Lon": 20.9418,
        "Lat": 52.3327
      },
      {
        "Brigade": "6",
        "Time": "2017-05-14 07:57:22",
        "Lines": "2",
        "Lon": 20.9418,
        "Lat": 52.3327
      },
      {
        "Brigade": "6",
        "Time": "2017-05-14 07:57:32",
        "Lines": "2",
        "Lon": 20.9418,
        "Lat": 52.3327
      },
      {
        "Brigade": "6",
        "Time": "2017-05-14 07:57:42",
        "Lines": "2",
        "Lon": 20.9418,
        "Lat": 52.3327
      },
      {
        "Brigade": "6",
        "Time": "2017-05-14 07:57:52",
        "Lines": "2",
        "Lon": 20.9418,
        "Lat": 52.3327
      },
      {
        "Brigade": "6",
        "Time": "2017-05-14 07:58:02",
        "Lines": "2",
        "Lon": 20.9418,
        "Lat": 52.3327
      },
      {
        "Brigade": "6",
        "Time": "2017-05-14 07:58:17",
        "Lines": "2",
        "Lon": 20.9418,
        "Lat": 52.3327
      },
      {
        "Brigade": "6",
        "Time": "2017-05-14 07:58:27",
        "Lines": "2",
        "Lon": 20.9418,
        "Lat": 52.3327
      },
      {
        "Brigade": "6",
        "Time": "2017-05-14 07:58:37",
        "Lines": "2",
        "Lon": 20.9418,
        "Lat": 52.3327
      },
      {
        "Brigade": "6",
        "Time": "2017-05-14 07:58:47",
        "Lines": "2",
        "Lon": 20.9418,
        "Lat": 52.3327
      },
      {
        "Brigade": "6",
        "Time": "2017-05-14 07:59:02",
        "Lines": "2",
        "Lon": 20.9418,
        "Lat": 52.3327
      },
      {
        "Brigade": "6",
        "Time": "2017-05-14 07:59:12",
        "Lines": "2",
        "Lon": 20.9418,
        "Lat": 52.3327
      },
      {
        "Brigade": "6",
        "Time": "2017-05-14 07:59:22",
        "Lines": "2",
        "Lon": 20.9418,
        "Lat": 52.3327
      },
      {
        "Brigade": "6",
        "Time": "2017-05-14 07:59:32",
        "Lines": "2",
        "Lon": 20.9417,
        "Lat": 52.3327
      },
      {
        "Brigade": "6",
        "Time": "2017-05-14 07:59:42",
        "Lines": "2",
        "Lon": 20.9417,
        "Lat": 52.3327
      },
      {
        "Brigade": "6",
        "Time": "2017-05-14 07:59:57",
        "Lines": "2",
        "Lon": 20.9417,
        "Lat": 52.3327
      },
      {
        "Brigade": "6",
        "Time": "2017-05-14 08:00:07",
        "Lines": "2",
        "Lon": 20.9417,
        "Lat": 52.3327
      },
      {
        "Brigade": "6",
        "Time": "2017-05-14 08:00:17",
        "Lines": "2",
        "Lon": 20.9417,
        "Lat": 52.3327
      },
      {
        "Brigade": "6",
        "Time": "2017-05-14 08:00:27",
        "Lines": "2",
        "Lon": 20.9417,
        "Lat": 52.3327
      },
      {
        "Brigade": "6",
        "Time": "2017-05-14 08:00:36",
        "Lines": "2",
        "Lon": 20.9417,
        "Lat": 52.3327
      },
      {
        "Brigade": "6",
        "Time": "2017-05-14 08:00:51",
        "Lines": "2",
        "Lon": 20.9417,
        "Lat": 52.3327
      },
      {
        "Brigade": "6",
        "Time": "2017-05-14 08:01:01",
        "Lines": "2",
        "Lon": 20.9417,
        "Lat": 52.3327
      },
      {
        "Brigade": "6",
        "Time": "2017-05-14 08:01:11",
        "Lines": "2",
        "Lon": 20.9417,
        "Lat": 52.3327
      },
      {
        "Brigade": "6",
        "Time": "2017-05-14 08:01:21",
        "Lines": "2",
        "Lon": 20.9417,
        "Lat": 52.3327
      },
      {
        "Brigade": "6",
        "Time": "2017-05-14 08:01:36",
        "Lines": "2",
        "Lon": 20.9417,
        "Lat": 52.3327
      },
      {
        "Brigade": "6",
        "Time": "2017-05-14 08:01:46",
        "Lines": "2",
        "Lon": 20.9417,
        "Lat": 52.3327
      },
      {
        "Brigade": "6",
        "Time": "2017-05-14 08:01:56",
        "Lines": "2",
        "Lon": 20.9417,
        "Lat": 52.3327
      },
      {
        "Brigade": "6",
        "Time": "2017-05-14 08:02:06",
        "Lines": "2",
        "Lon": 20.9417,
        "Lat": 52.3327
      },
      {
        "Brigade": "6",
        "Time": "2017-05-14 08:02:20",
        "Lines": "2",
        "Lon": 20.9417,
        "Lat": 52.3327
      },
      {
        "Brigade": "6",
        "Time": "2017-05-14 08:02:26",
        "Lines": "2",
        "Lon": 20.9417,
        "Lat": 52.3327
      },
      {
        "Brigade": "6",
        "Time": "2017-05-14 08:02:41",
        "Lines": "2",
        "Lon": 20.9417,
        "Lat": 52.3327
      },
      {
        "Brigade": "6",
        "Time": "2017-05-14 08:02:51",
        "Lines": "2",
        "Lon": 20.9417,
        "Lat": 52.3327
      },
      {
        "Brigade": "6",
        "Time": "2017-05-14 08:03:01",
        "Lines": "2",
        "Lon": 20.9417,
        "Lat": 52.3327
      },
      {
        "Brigade": "6",
        "Time": "2017-05-14 08:03:11",
        "Lines": "2",
        "Lon": 20.9417,
        "Lat": 52.3327
      },
      {
        "Brigade": "6",
        "Time": "2017-05-14 08:03:26",
        "Lines": "2",
        "Lon": 20.9417,
        "Lat": 52.3327
      },
      {
        "Brigade": "6",
        "Time": "2017-05-14 08:03:36",
        "Lines": "2",
        "Lon": 20.9417,
        "Lat": 52.3327
      },
      {
        "Brigade": "6",
        "Time": "2017-05-14 08:03:46",
        "Lines": "2",
        "Lon": 20.9417,
        "Lat": 52.3327
      },
      {
        "Brigade": "6",
        "Time": "2017-05-14 08:03:56",
        "Lines": "2",
        "Lon": 20.9417,
        "Lat": 52.3327
      },
      {
        "Brigade": "6",
        "Time": "2017-05-14 08:04:06",
        "Lines": "2",
        "Lon": 20.9417,
        "Lat": 52.3327
      },
      {
        "Brigade": "6",
        "Time": "2017-05-14 08:04:21",
        "Lines": "2",
        "Lon": 20.9417,
        "Lat": 52.3327
      },
      {
        "Brigade": "6",
        "Time": "2017-05-14 08:04:26",
        "Lines": "2",
        "Lon": 20.9417,
        "Lat": 52.3327
      },
      {
        "Brigade": "6",
        "Time": "2017-05-14 08:04:41",
        "Lines": "2",
        "Lon": 20.9417,
        "Lat": 52.3327
      },
      {
        "Brigade": "6",
        "Time": "2017-05-14 08:04:51",
        "Lines": "2",
        "Lon": 20.9417,
        "Lat": 52.3327
      },
      {
        "Brigade": "6",
        "Time": "2017-05-14 08:05:01",
        "Lines": "2",
        "Lon": 20.9417,
        "Lat": 52.3327
      },
      {
        "Brigade": "6",
        "Time": "2017-05-14 08:05:16",
        "Lines": "2",
        "Lon": 20.9417,
        "Lat": 52.3327
      },
      {
        "Brigade": "6",
        "Time": "2017-05-14 08:05:26",
        "Lines": "2",
        "Lon": 20.9417,
        "Lat": 52.3327
      },
      {
        "Brigade": "6",
        "Time": "2017-05-14 08:05:36",
        "Lines": "2",
        "Lon": 20.9417,
        "Lat": 52.3327
      },
      {
        "Brigade": "6",
        "Time": "2017-05-14 08:05:46",
        "Lines": "2",
        "Lon": 20.9417,
        "Lat": 52.3327
      },
      {
        "Brigade": "6",
        "Time": "2017-05-14 08:05:56",
        "Lines": "2",
        "Lon": 20.9417,
        "Lat": 52.3327
      },
      {
        "Brigade": "6",
        "Time": "2017-05-14 08:06:07",
        "Lines": "2",
        "Lon": 20.9417,
        "Lat": 52.3327
      },
      {
        "Brigade": "6",
        "Time": "2017-05-14 08:06:21",
        "Lines": "2",
        "Lon": 20.9416,
        "Lat": 52.3317
      },
      {
        "Brigade": "6",
        "Time": "2017-05-14 08:06:31",
        "Lines": "2",
        "Lon": 20.9414,
        "Lat": 52.3307
      },
      {
        "Brigade": "6",
        "Time": "2017-05-14 08:06:41",
        "Lines": "2",
        "Lon": 20.9412,
        "Lat": 52.3293
      },
      {
        "Brigade": "6",
        "Time": "2017-05-14 08:06:52",
        "Lines": "2",
        "Lon": 20.9411,
        "Lat": 52.3282
      },
      {
        "Brigade": "6",
        "Time": "2017-05-14 08:07:01",
        "Lines": "2",
        "Lon": 20.941,
        "Lat": 52.3278
      },
      {
        "Brigade": "6",
        "Time": "2017-05-14 08:07:16",
        "Lines": "2",
        "Lon": 20.941,
        "Lat": 52.3278
      },
      {
        "Brigade": "6",
        "Time": "2017-05-14 08:07:27",
        "Lines": "2",
        "Lon": 20.941,
        "Lat": 52.3278
      },
      {
        "Brigade": "6",
        "Time": "2017-05-14 08:07:36",
        "Lines": "2",
        "Lon": 20.941,
        "Lat": 52.3278
      },
      {
        "Brigade": "6",
        "Time": "2017-05-14 08:07:47",
        "Lines": "2",
        "Lon": 20.9409,
        "Lat": 52.3271
      },
      {
        "Brigade": "6",
        "Time": "2017-05-14 08:07:57",
        "Lines": "2",
        "Lon": 20.9408,
        "Lat": 52.326
      },
      {
        "Brigade": "6",
        "Time": "2017-05-14 08:08:11",
        "Lines": "2",
        "Lon": 20.9418,
        "Lat": 52.3242
      },
      {
        "Brigade": "6",
        "Time": "2017-05-14 08:08:22",
        "Lines": "2",
        "Lon": 20.9428,
        "Lat": 52.3234
      },
      {
        "Brigade": "6",
        "Time": "2017-05-14 08:08:32",
        "Lines": "2",
        "Lon": 20.9435,
        "Lat": 52.3231
      },
      {
        "Brigade": "6",
        "Time": "2017-05-14 08:08:41",
        "Lines": "2",
        "Lon": 20.944,
        "Lat": 52.3228
      },
      {
        "Brigade": "6",
        "Time": "2017-05-14 08:08:51",
        "Lines": "2",
        "Lon": 20.944,
        "Lat": 52.3228
      },
      {
        "Brigade": "6",
        "Time": "2017-05-14 08:09:06",
        "Lines": "2",
        "Lon": 20.9445,
        "Lat": 52.3226
      },
      {
        "Brigade": "6",
        "Time": "2017-05-14 08:09:16",
        "Lines": "2",
        "Lon": 20.9461,
        "Lat": 52.3218
      },
      {
        "Brigade": "6",
        "Time": "2017-05-14 08:09:26",
        "Lines": "2",
        "Lon": 20.9479,
        "Lat": 52.3209
      },
      {
        "Brigade": "6",
        "Time": "2017-05-14 08:09:36",
        "Lines": "2",
        "Lon": 20.9498,
        "Lat": 52.32
      },
      {
        "Brigade": "6",
        "Time": "2017-05-14 08:09:47",
        "Lines": "2",
        "Lon": 20.9514,
        "Lat": 52.3192
      },
      {
        "Brigade": "6",
        "Time": "2017-05-14 08:10:01",
        "Lines": "2",
        "Lon": 20.9521,
        "Lat": 52.3188
      },
      {
        "Brigade": "6",
        "Time": "2017-05-14 08:10:11",
        "Lines": "2",
        "Lon": 20.9521,
        "Lat": 52.3188
      },
      {
        "Brigade": "6",
        "Time": "2017-05-14 08:10:21",
        "Lines": "2",
        "Lon": 20.9528,
        "Lat": 52.3185
      },
      {
        "Brigade": "6",
        "Time": "2017-05-14 08:10:36",
        "Lines": "2",
        "Lon": 20.9554,
        "Lat": 52.3172
      },
      {
        "Brigade": "6",
        "Time": "2017-05-14 08:10:46",
        "Lines": "2",
        "Lon": 20.9573,
        "Lat": 52.3165
      },
      {
        "Brigade": "6",
        "Time": "2017-05-14 08:10:56",
        "Lines": "2",
        "Lon": 20.9594,
        "Lat": 52.3165
      },
      {
        "Brigade": "6",
        "Time": "2017-05-14 08:11:09",
        "Lines": "2",
        "Lon": 20.9604,
        "Lat": 52.3168
      },
      {
        "Brigade": "6",
        "Time": "2017-05-14 08:11:16",
        "Lines": "2",
        "Lon": 20.9604,
        "Lat": 52.3168
      },
      {
        "Brigade": "6",
        "Time": "2017-05-14 08:11:28",
        "Lines": "2",
        "Lon": 20.9607,
        "Lat": 52.3169
      },
      {
        "Brigade": "6",
        "Time": "2017-05-14 08:11:41",
        "Lines": "2",
        "Lon": 20.9626,
        "Lat": 52.3175
      },
      {
        "Brigade": "6",
        "Time": "2017-05-14 08:11:51",
        "Lines": "2",
        "Lon": 20.9636,
        "Lat": 52.3177
      },
      {
        "Brigade": "6",
        "Time": "2017-05-14 08:12:01",
        "Lines": "2",
        "Lon": 20.9647,
        "Lat": 52.3171
      },
      {
        "Brigade": "6",
        "Time": "2017-05-14 08:12:11",
        "Lines": "2",
        "Lon": 20.9659,
        "Lat": 52.3162
      },
      {
        "Brigade": "6",
        "Time": "2017-05-14 08:12:26",
        "Lines": "2",
        "Lon": 20.9674,
        "Lat": 52.3152
      },
      {
        "Brigade": "6",
        "Time": "2017-05-14 08:12:36",
        "Lines": "2",
        "Lon": 20.9678,
        "Lat": 52.3145
      },
      {
        "Brigade": "6",
        "Time": "2017-05-14 08:12:46",
        "Lines": "2",
        "Lon": 20.9672,
        "Lat": 52.3138
      },
      {
        "Brigade": "6",
        "Time": "2017-05-14 08:12:56",
        "Lines": "2",
        "Lon": 20.9661,
        "Lat": 52.3133
      },
      {
        "Brigade": "6",
        "Time": "2017-05-14 08:13:07",
        "Lines": "2",
        "Lon": 20.9656,
        "Lat": 52.3131
      },
      {
        "Brigade": "6",
        "Time": "2017-05-14 08:13:16",
        "Lines": "2",
        "Lon": 20.9656,
        "Lat": 52.3131
      },
      {
        "Brigade": "6",
        "Time": "2017-05-14 08:13:26",
        "Lines": "2",
        "Lon": 20.9654,
        "Lat": 52.313
      },
      {
        "Brigade": "6",
        "Time": "2017-05-14 08:13:41",
        "Lines": "2",
        "Lon": 20.9631,
        "Lat": 52.3121
      },
      {
        "Brigade": "6",
        "Time": "2017-05-14 08:13:51",
        "Lines": "2",
        "Lon": 20.9611,
        "Lat": 52.3114
      },
      {
        "Brigade": "6",
        "Time": "2017-05-14 08:14:01",
        "Lines": "2",
        "Lon": 20.9595,
        "Lat": 52.3108
      },
      {
        "Brigade": "6",
        "Time": "2017-05-14 08:14:16",
        "Lines": "2",
        "Lon": 20.9592,
        "Lat": 52.3106
      },
      {
        "Brigade": "6",
        "Time": "2017-05-14 08:14:26",
        "Lines": "2",
        "Lon": 20.959,
        "Lat": 52.3106
      },
      {
        "Brigade": "6",
        "Time": "2017-05-14 08:14:36",
        "Lines": "2",
        "Lon": 20.9587,
        "Lat": 52.3105
      },
      {
        "Brigade": "6",
        "Time": "2017-05-14 08:14:46",
        "Lines": "2",
        "Lon": 20.9562,
        "Lat": 52.3092
      },
      {
        "Brigade": "6",
        "Time": "2017-05-14 08:14:56",
        "Lines": "2",
        "Lon": 20.9544,
        "Lat": 52.3084
      },
      {
        "Brigade": "6",
        "Time": "2017-05-14 08:15:11",
        "Lines": "2",
        "Lon": 20.9518,
        "Lat": 52.3071
      },
      {
        "Brigade": "6",
        "Time": "2017-05-14 08:15:21",
        "Lines": "2",
        "Lon": 20.95,
        "Lat": 52.3063
      },
      {
        "Brigade": "6",
        "Time": "2017-05-14 08:15:31",
        "Lines": "2",
        "Lon": 20.9486,
        "Lat": 52.3056
      },
      {
        "Brigade": "6",
        "Time": "2017-05-14 08:15:41",
        "Lines": "2",
        "Lon": 20.9466,
        "Lat": 52.3046
      },
      {
        "Brigade": "6",
        "Time": "2017-05-14 08:15:51",
        "Lines": "2",
        "Lon": 20.9448,
        "Lat": 52.3039
      },
      {
        "Brigade": "6",
        "Time": "2017-05-14 08:16:06",
        "Lines": "2",
        "Lon": 20.9421,
        "Lat": 52.3028
      },
      {
        "Brigade": "6",
        "Time": "2017-05-14 08:16:16",
        "Lines": "2",
        "Lon": 20.941,
        "Lat": 52.3023
      },
      {
        "Brigade": "6",
        "Time": "2017-05-14 08:16:26",
        "Lines": "2",
        "Lon": 20.9402,
        "Lat": 52.3019
      },
      {
        "Brigade": "6",
        "Time": "2017-05-14 08:16:36",
        "Lines": "2",
        "Lon": 20.9392,
        "Lat": 52.3014
      },
      {
        "Brigade": "6",
        "Time": "2017-05-14 08:16:46",
        "Lines": "2",
        "Lon": 20.9382,
        "Lat": 52.3009
      },
      {
        "Brigade": "6",
        "Time": "2017-05-14 08:16:56",
        "Lines": "2",
        "Lon": 20.9369,
        "Lat": 52.3002
      },
      {
        "Brigade": "6",
        "Time": "2017-05-14 08:17:11",
        "Lines": "2",
        "Lon": 20.9355,
        "Lat": 52.2994
      },
      {
        "Brigade": "6",
        "Time": "2017-05-14 08:17:21",
        "Lines": "2",
        "Lon": 20.9346,
        "Lat": 52.2989
      },
      {
        "Brigade": "6",
        "Time": "2017-05-14 08:17:31",
        "Lines": "2",
        "Lon": 20.9342,
        "Lat": 52.2985
      },
      {
        "Brigade": "6",
        "Time": "2017-05-14 08:17:41",
        "Lines": "2",
        "Lon": 20.9338,
        "Lat": 52.2981
      }
    ]
  }
]
