[
  {
    "res": [
      {
        "Brigade": "2",
        "Time": "2017-05-14 05:33:24",
        "Lines": "22",
        "Lon": 20.9203,
        "Lat": 52.2827
      },
      {
        "Brigade": "2",
        "Time": "2017-05-14 05:33:45",
        "Lines": "22",
        "Lon": 20.9202,
        "Lat": 52.2823
      },
      {
        "Brigade": "2",
        "Time": "2017-05-14 05:34:06",
        "Lines": "22",
        "Lon": 20.9231,
        "Lat": 52.2816
      },
      {
        "Brigade": "2",
        "Time": "2017-05-14 05:34:27",
        "Lines": "22",
        "Lon": 20.924,
        "Lat": 52.2813
      },
      {
        "Brigade": "2",
        "Time": "2017-05-14 05:34:47",
        "Lines": "22",
        "Lon": 20.9258,
        "Lat": 52.2809
      },
      {
        "Brigade": "2",
        "Time": "2017-05-14 05:35:08",
        "Lines": "22",
        "Lon": 20.9281,
        "Lat": 52.2803
      },
      {
        "Brigade": "2",
        "Time": "2017-05-14 05:35:29",
        "Lines": "22",
        "Lon": 20.9286,
        "Lat": 52.2801
      },
      {
        "Brigade": "2",
        "Time": "2017-05-14 05:35:50",
        "Lines": "22",
        "Lon": 20.9315,
        "Lat": 52.2791
      },
      {
        "Brigade": "2",
        "Time": "2017-05-14 05:36:11",
        "Lines": "22",
        "Lon": 20.9329,
        "Lat": 52.2786
      },
      {
        "Brigade": "2",
        "Time": "2017-05-14 05:36:32",
        "Lines": "22",
        "Lon": 20.9333,
        "Lat": 52.2784
      },
      {
        "Brigade": "2",
        "Time": "2017-05-14 05:36:53",
        "Lines": "22",
        "Lon": 20.9346,
        "Lat": 52.278
      },
      {
        "Brigade": "2",
        "Time": "2017-05-14 05:37:14",
        "Lines": "22",
        "Lon": 20.9363,
        "Lat": 52.2769
      },
      {
        "Brigade": "2",
        "Time": "2017-05-14 05:37:35",
        "Lines": "22",
        "Lon": 20.9378,
        "Lat": 52.2757
      },
      {
        "Brigade": "2",
        "Time": "2017-05-14 05:37:56",
        "Lines": "22",
        "Lon": 20.9379,
        "Lat": 52.2756
      },
      {
        "Brigade": "2",
        "Time": "2017-05-14 05:38:17",
        "Lines": "22",
        "Lon": 20.9379,
        "Lat": 52.2756
      },
      {
        "Brigade": "2",
        "Time": "2017-05-14 05:38:37",
        "Lines": "22",
        "Lon": 20.9384,
        "Lat": 52.2752
      },
      {
        "Brigade": "2",
        "Time": "2017-05-14 05:38:58",
        "Lines": "22",
        "Lon": 20.9401,
        "Lat": 52.274
      },
      {
        "Brigade": "2",
        "Time": "2017-05-14 05:39:19",
        "Lines": "22",
        "Lon": 20.9425,
        "Lat": 52.2725
      },
      {
        "Brigade": "2",
        "Time": "2017-05-14 05:39:40",
        "Lines": "22",
        "Lon": 20.9437,
        "Lat": 52.2721
      },
      {
        "Brigade": "2",
        "Time": "2017-05-14 05:40:01",
        "Lines": "22",
        "Lon": 20.9446,
        "Lat": 52.2718
      },
      {
        "Brigade": "2",
        "Time": "2017-05-14 05:40:22",
        "Lines": "22",
        "Lon": 20.9446,
        "Lat": 52.2718
      },
      {
        "Brigade": "2",
        "Time": "2017-05-14 05:40:43",
        "Lines": "22",
        "Lon": 20.9459,
        "Lat": 52.2715
      },
      {
        "Brigade": "2",
        "Time": "2017-05-14 05:41:04",
        "Lines": "22",
        "Lon": 20.9461,
        "Lat": 52.2714
      },
      {
        "Brigade": "2",
        "Time": "2017-05-14 05:41:25",
        "Lines": "22",
        "Lon": 20.9488,
        "Lat": 52.2706
      },
      {
        "Brigade": "2",
        "Time": "2017-05-14 05:41:46",
        "Lines": "22",
        "Lon": 20.9499,
        "Lat": 52.2703
      },
      {
        "Brigade": "2",
        "Time": "2017-05-14 05:42:08",
        "Lines": "22",
        "Lon": 20.953,
        "Lat": 52.2695
      },
      {
        "Brigade": "2",
        "Time": "2017-05-14 05:42:28",
        "Lines": "22",
        "Lon": 20.9535,
        "Lat": 52.2694
      },
      {
        "Brigade": "2",
        "Time": "2017-05-14 05:42:49",
        "Lines": "22",
        "Lon": 20.9565,
        "Lat": 52.2685
      },
      {
        "Brigade": "2",
        "Time": "2017-05-14 05:43:10",
        "Lines": "22",
        "Lon": 20.9585,
        "Lat": 52.268
      },
      {
        "Brigade": "2",
        "Time": "2017-05-14 05:43:31",
        "Lines": "22",
        "Lon": 20.9598,
        "Lat": 52.2676
      },
      {
        "Brigade": "2",
        "Time": "2017-05-14 05:43:52",
        "Lines": "22",
        "Lon": 20.9628,
        "Lat": 52.2668
      },
      {
        "Brigade": "2",
        "Time": "2017-05-14 05:44:14",
        "Lines": "22",
        "Lon": 20.9633,
        "Lat": 52.2666
      },
      {
        "Brigade": "2",
        "Time": "2017-05-14 05:44:33",
        "Lines": "22",
        "Lon": 20.9659,
        "Lat": 52.2659
      },
      {
        "Brigade": "2",
        "Time": "2017-05-14 05:44:54",
        "Lines": "22",
        "Lon": 20.9688,
        "Lat": 52.2651
      },
      {
        "Brigade": "2",
        "Time": "2017-05-14 05:45:15",
        "Lines": "22",
        "Lon": 20.9714,
        "Lat": 52.2644
      },
      {
        "Brigade": "2",
        "Time": "2017-05-14 05:45:36",
        "Lines": "22",
        "Lon": 20.9718,
        "Lat": 52.2643
      },
      {
        "Brigade": "2",
        "Time": "2017-05-14 05:45:57",
        "Lines": "22",
        "Lon": 20.9741,
        "Lat": 52.2636
      },
      {
        "Brigade": "2",
        "Time": "2017-05-14 05:46:18",
        "Lines": "22",
        "Lon": 20.9766,
        "Lat": 52.2629
      },
      {
        "Brigade": "2",
        "Time": "2017-05-14 05:46:39",
        "Lines": "22",
        "Lon": 20.9784,
        "Lat": 52.2624
      },
      {
        "Brigade": "2",
        "Time": "2017-05-14 05:47:00",
        "Lines": "22",
        "Lon": 20.9786,
        "Lat": 52.2624
      },
      {
        "Brigade": "2",
        "Time": "2017-05-14 05:47:21",
        "Lines": "22",
        "Lon": 20.9786,
        "Lat": 52.2624
      },
      {
        "Brigade": "2",
        "Time": "2017-05-14 05:47:42",
        "Lines": "22",
        "Lon": 20.9786,
        "Lat": 52.2624
      },
      {
        "Brigade": "2",
        "Time": "2017-05-14 05:48:02",
        "Lines": "22",
        "Lon": 20.9786,
        "Lat": 52.2624
      },
      {
        "Brigade": "2",
        "Time": "2017-05-14 05:48:24",
        "Lines": "22",
        "Lon": 20.9801,
        "Lat": 52.2619
      },
      {
        "Brigade": "2",
        "Time": "2017-05-14 05:48:45",
        "Lines": "22",
        "Lon": 20.9808,
        "Lat": 52.2603
      },
      {
        "Brigade": "2",
        "Time": "2017-05-14 05:49:06",
        "Lines": "22",
        "Lon": 20.9813,
        "Lat": 52.2579
      },
      {
        "Brigade": "2",
        "Time": "2017-05-14 05:49:26",
        "Lines": "22",
        "Lon": 20.982,
        "Lat": 52.2557
      },
      {
        "Brigade": "2",
        "Time": "2017-05-14 05:49:47",
        "Lines": "22",
        "Lon": 20.9822,
        "Lat": 52.2554
      },
      {
        "Brigade": "2",
        "Time": "2017-05-14 05:50:08",
        "Lines": "22",
        "Lon": 20.9823,
        "Lat": 52.2548
      },
      {
        "Brigade": "2",
        "Time": "2017-05-14 05:50:29",
        "Lines": "22",
        "Lon": 20.9819,
        "Lat": 52.2545
      },
      {
        "Brigade": "2",
        "Time": "2017-05-14 05:50:50",
        "Lines": "22",
        "Lon": 20.9815,
        "Lat": 52.2538
      },
      {
        "Brigade": "2",
        "Time": "2017-05-14 05:51:11",
        "Lines": "22",
        "Lon": 20.9814,
        "Lat": 52.2536
      },
      {
        "Brigade": "2",
        "Time": "2017-05-14 05:51:32",
        "Lines": "22",
        "Lon": 20.9806,
        "Lat": 52.252
      },
      {
        "Brigade": "2",
        "Time": "2017-05-14 05:51:52",
        "Lines": "22",
        "Lon": 20.9797,
        "Lat": 52.2502
      },
      {
        "Brigade": "2",
        "Time": "2017-05-14 05:52:13",
        "Lines": "22",
        "Lon": 20.9792,
        "Lat": 52.2489
      },
      {
        "Brigade": "2",
        "Time": "2017-05-14 05:52:34",
        "Lines": "22",
        "Lon": 20.9792,
        "Lat": 52.2488
      },
      {
        "Brigade": "2",
        "Time": "2017-05-14 05:52:55",
        "Lines": "22",
        "Lon": 20.9782,
        "Lat": 52.2472
      },
      {
        "Brigade": "2",
        "Time": "2017-05-14 05:53:16",
        "Lines": "22",
        "Lon": 20.977,
        "Lat": 52.2454
      },
      {
        "Brigade": "2",
        "Time": "2017-05-14 05:53:37",
        "Lines": "22",
        "Lon": 20.9772,
        "Lat": 52.2444
      },
      {
        "Brigade": "2",
        "Time": "2017-05-14 05:53:58",
        "Lines": "22",
        "Lon": 20.9774,
        "Lat": 52.2439
      },
      {
        "Brigade": "2",
        "Time": "2017-05-14 05:54:19",
        "Lines": "22",
        "Lon": 20.9779,
        "Lat": 52.2422
      },
      {
        "Brigade": "2",
        "Time": "2017-05-14 05:54:40",
        "Lines": "22",
        "Lon": 20.9775,
        "Lat": 52.2407
      },
      {
        "Brigade": "2",
        "Time": "2017-05-14 05:55:01",
        "Lines": "22",
        "Lon": 20.9776,
        "Lat": 52.2398
      },
      {
        "Brigade": "2",
        "Time": "2017-05-14 05:55:22",
        "Lines": "22",
        "Lon": 20.9776,
        "Lat": 52.2398
      },
      {
        "Brigade": "2",
        "Time": "2017-05-14 05:55:43",
        "Lines": "22",
        "Lon": 20.9781,
        "Lat": 52.2389
      },
      {
        "Brigade": "2",
        "Time": "2017-05-14 05:56:04",
        "Lines": "22",
        "Lon": 20.9787,
        "Lat": 52.2381
      },
      {
        "Brigade": "2",
        "Time": "2017-05-14 05:56:24",
        "Lines": "22",
        "Lon": 20.9794,
        "Lat": 52.2376
      },
      {
        "Brigade": "2",
        "Time": "2017-05-14 05:56:45",
        "Lines": "22",
        "Lon": 20.9798,
        "Lat": 52.2373
      },
      {
        "Brigade": "2",
        "Time": "2017-05-14 05:57:06",
        "Lines": "22",
        "Lon": 20.9799,
        "Lat": 52.2372
      },
      {
        "Brigade": "2",
        "Time": "2017-05-14 05:57:27",
        "Lines": "22",
        "Lon": 20.9799,
        "Lat": 52.2372
      },
      {
        "Brigade": "2",
        "Time": "2017-05-14 05:57:48",
        "Lines": "22",
        "Lon": 20.9799,
        "Lat": 52.2372
      },
      {
        "Brigade": "2",
        "Time": "2017-05-14 05:58:09",
        "Lines": "22",
        "Lon": 20.9803,
        "Lat": 52.2367
      },
      {
        "Brigade": "2",
        "Time": "2017-05-14 05:58:30",
        "Lines": "22",
        "Lon": 20.9805,
        "Lat": 52.236
      },
      {
        "Brigade": "2",
        "Time": "2017-05-14 05:58:51",
        "Lines": "22",
        "Lon": 20.9806,
        "Lat": 52.2356
      },
      {
        "Brigade": "2",
        "Time": "2017-05-14 05:59:12",
        "Lines": "22",
        "Lon": 20.9816,
        "Lat": 52.2341
      },
      {
        "Brigade": "2",
        "Time": "2017-05-14 05:59:33",
        "Lines": "22",
        "Lon": 20.982,
        "Lat": 52.2335
      },
      {
        "Brigade": "2",
        "Time": "2017-05-14 05:59:54",
        "Lines": "22",
        "Lon": 20.982,
        "Lat": 52.2335
      },
      {
        "Brigade": "2",
        "Time": "2017-05-14 06:00:15",
        "Lines": "22",
        "Lon": 20.982,
        "Lat": 52.2335
      },
      {
        "Brigade": "2",
        "Time": "2017-05-14 06:00:37",
        "Lines": "22",
        "Lon": 20.9831,
        "Lat": 52.2319
      },
      {
        "Brigade": "2",
        "Time": "2017-05-14 06:00:56",
        "Lines": "22",
        "Lon": 20.984,
        "Lat": 52.2308
      },
      {
        "Brigade": "2",
        "Time": "2017-05-14 06:01:17",
        "Lines": "22",
        "Lon": 20.984,
        "Lat": 52.2308
      },
      {
        "Brigade": "2",
        "Time": "2017-05-14 06:01:38",
        "Lines": "22",
        "Lon": 20.984,
        "Lat": 52.2308
      },
      {
        "Brigade": "2",
        "Time": "2017-05-14 06:01:59",
        "Lines": "22",
        "Lon": 20.9844,
        "Lat": 52.2304
      },
      {
        "Brigade": "2",
        "Time": "2017-05-14 06:02:20",
        "Lines": "22",
        "Lon": 20.9854,
        "Lat": 52.2293
      },
      {
        "Brigade": "2",
        "Time": "2017-05-14 06:02:41",
        "Lines": "22",
        "Lon": 20.9869,
        "Lat": 52.2275
      },
      {
        "Brigade": "2",
        "Time": "2017-05-14 06:03:03",
        "Lines": "22",
        "Lon": 20.9885,
        "Lat": 52.2256
      },
      {
        "Brigade": "2",
        "Time": "2017-05-14 06:03:23",
        "Lines": "22",
        "Lon": 20.9886,
        "Lat": 52.2254
      },
      {
        "Brigade": "2",
        "Time": "2017-05-14 06:03:44",
        "Lines": "22",
        "Lon": 20.9887,
        "Lat": 52.2252
      },
      {
        "Brigade": "2",
        "Time": "2017-05-14 06:04:05",
        "Lines": "22",
        "Lon": 20.9887,
        "Lat": 52.2252
      },
      {
        "Brigade": "2",
        "Time": "2017-05-14 06:04:26",
        "Lines": "22",
        "Lon": 20.9893,
        "Lat": 52.2249
      },
      {
        "Brigade": "2",
        "Time": "2017-05-14 06:04:47",
        "Lines": "22",
        "Lon": 20.9893,
        "Lat": 52.2249
      },
      {
        "Brigade": "2",
        "Time": "2017-05-14 06:05:07",
        "Lines": "22",
        "Lon": 20.9906,
        "Lat": 52.2253
      },
      {
        "Brigade": "2",
        "Time": "2017-05-14 06:05:28",
        "Lines": "22",
        "Lon": 20.9911,
        "Lat": 52.2254
      },
      {
        "Brigade": "2",
        "Time": "2017-05-14 06:05:51",
        "Lines": "22",
        "Lon": 20.9947,
        "Lat": 52.2262
      },
      {
        "Brigade": "2",
        "Time": "2017-05-14 06:06:10",
        "Lines": "22",
        "Lon": 20.9953,
        "Lat": 52.2263
      },
      {
        "Brigade": "2",
        "Time": "2017-05-14 06:06:31",
        "Lines": "22",
        "Lon": 20.9969,
        "Lat": 52.2267
      },
      {
        "Brigade": "2",
        "Time": "2017-05-14 06:06:52",
        "Lines": "22",
        "Lon": 21,
        "Lat": 52.2273
      },
      {
        "Brigade": "2",
        "Time": "2017-05-14 06:07:13",
        "Lines": "22",
        "Lon": 21.0014,
        "Lat": 52.2277
      },
      {
        "Brigade": "2",
        "Time": "2017-05-14 06:07:34",
        "Lines": "22",
        "Lon": 21.0014,
        "Lat": 52.2277
      },
      {
        "Brigade": "2",
        "Time": "2017-05-14 06:07:55",
        "Lines": "22",
        "Lon": 21.0018,
        "Lat": 52.2277
      },
      {
        "Brigade": "2",
        "Time": "2017-05-14 06:08:16",
        "Lines": "22",
        "Lon": 21.0037,
        "Lat": 52.2281
      },
      {
        "Brigade": "2",
        "Time": "2017-05-14 06:08:37",
        "Lines": "22",
        "Lon": 21.0039,
        "Lat": 52.2282
      },
      {
        "Brigade": "2",
        "Time": "2017-05-14 06:08:58",
        "Lines": "22",
        "Lon": 21.0065,
        "Lat": 52.2287
      },
      {
        "Brigade": "2",
        "Time": "2017-05-14 06:09:19",
        "Lines": "22",
        "Lon": 21.0105,
        "Lat": 52.2296
      },
      {
        "Brigade": "2",
        "Time": "2017-05-14 06:09:41",
        "Lines": "22",
        "Lon": 21.0112,
        "Lat": 52.2297
      },
      {
        "Brigade": "2",
        "Time": "2017-05-14 06:10:00",
        "Lines": "22",
        "Lon": 21.012,
        "Lat": 52.2299
      },
      {
        "Brigade": "2",
        "Time": "2017-05-14 06:10:21",
        "Lines": "22",
        "Lon": 21.0146,
        "Lat": 52.2305
      },
      {
        "Brigade": "2",
        "Time": "2017-05-14 06:10:42",
        "Lines": "22",
        "Lon": 21.016,
        "Lat": 52.2307
      },
      {
        "Brigade": "2",
        "Time": "2017-05-14 06:11:03",
        "Lines": "22",
        "Lon": 21.016,
        "Lat": 52.2307
      },
      {
        "Brigade": "2",
        "Time": "2017-05-14 06:11:24",
        "Lines": "22",
        "Lon": 21.0161,
        "Lat": 52.2308
      },
      {
        "Brigade": "2",
        "Time": "2017-05-14 06:11:45",
        "Lines": "22",
        "Lon": 21.0196,
        "Lat": 52.2315
      },
      {
        "Brigade": "2",
        "Time": "2017-05-14 06:12:06",
        "Lines": "22",
        "Lon": 21.0202,
        "Lat": 52.2316
      },
      {
        "Brigade": "2",
        "Time": "2017-05-14 06:12:27",
        "Lines": "22",
        "Lon": 21.0202,
        "Lat": 52.2316
      },
      {
        "Brigade": "2",
        "Time": "2017-05-14 06:12:48",
        "Lines": "22",
        "Lon": 21.0202,
        "Lat": 52.2316
      },
      {
        "Brigade": "2",
        "Time": "2017-05-14 06:13:09",
        "Lines": "22",
        "Lon": 21.0211,
        "Lat": 52.2318
      },
      {
        "Brigade": "2",
        "Time": "2017-05-14 06:13:29",
        "Lines": "22",
        "Lon": 21.0248,
        "Lat": 52.2326
      },
      {
        "Brigade": "2",
        "Time": "2017-05-14 06:13:50",
        "Lines": "22",
        "Lon": 21.0292,
        "Lat": 52.2335
      },
      {
        "Brigade": "2",
        "Time": "2017-05-14 06:14:11",
        "Lines": "22",
        "Lon": 21.0314,
        "Lat": 52.234
      },
      {
        "Brigade": "2",
        "Time": "2017-05-14 06:14:32",
        "Lines": "22",
        "Lon": 21.0331,
        "Lat": 52.2343
      },
      {
        "Brigade": "2",
        "Time": "2017-05-14 06:14:54",
        "Lines": "22",
        "Lon": 21.0348,
        "Lat": 52.2347
      },
      {
        "Brigade": "2",
        "Time": "2017-05-14 06:15:14",
        "Lines": "22",
        "Lon": 21.0365,
        "Lat": 52.235
      },
      {
        "Brigade": "2",
        "Time": "2017-05-14 06:15:35",
        "Lines": "22",
        "Lon": 21.0373,
        "Lat": 52.2352
      },
      {
        "Brigade": "2",
        "Time": "2017-05-14 06:15:56",
        "Lines": "22",
        "Lon": 21.0389,
        "Lat": 52.2355
      },
      {
        "Brigade": "2",
        "Time": "2017-05-14 06:16:17",
        "Lines": "22",
        "Lon": 21.0432,
        "Lat": 52.2364
      },
      {
        "Brigade": "2",
        "Time": "2017-05-14 06:16:38",
        "Lines": "22",
        "Lon": 21.0476,
        "Lat": 52.2373
      },
      {
        "Brigade": "2",
        "Time": "2017-05-14 06:16:59",
        "Lines": "22",
        "Lon": 21.0499,
        "Lat": 52.2378
      },
      {
        "Brigade": "2",
        "Time": "2017-05-14 06:17:20",
        "Lines": "22",
        "Lon": 21.0508,
        "Lat": 52.238
      },
      {
        "Brigade": "2",
        "Time": "2017-05-14 06:17:41",
        "Lines": "22",
        "Lon": 21.0508,
        "Lat": 52.238
      },
      {
        "Brigade": "2",
        "Time": "2017-05-14 06:18:01",
        "Lines": "22",
        "Lon": 21.0512,
        "Lat": 52.2387
      },
      {
        "Brigade": "2",
        "Time": "2017-05-14 06:18:22",
        "Lines": "22",
        "Lon": 21.0509,
        "Lat": 52.2395
      },
      {
        "Brigade": "2",
        "Time": "2017-05-14 06:18:43",
        "Lines": "22",
        "Lon": 21.0506,
        "Lat": 52.2401
      },
      {
        "Brigade": "2",
        "Time": "2017-05-14 06:19:05",
        "Lines": "22",
        "Lon": 21.0494,
        "Lat": 52.2425
      },
      {
        "Brigade": "2",
        "Time": "2017-05-14 06:19:25",
        "Lines": "22",
        "Lon": 21.0482,
        "Lat": 52.245
      },
      {
        "Brigade": "2",
        "Time": "2017-05-14 06:19:47",
        "Lines": "22",
        "Lon": 21.0476,
        "Lat": 52.2463
      },
      {
        "Brigade": "2",
        "Time": "2017-05-14 06:20:07",
        "Lines": "22",
        "Lon": 21.0471,
        "Lat": 52.2474
      },
      {
        "Brigade": "2",
        "Time": "2017-05-14 06:20:28",
        "Lines": "22",
        "Lon": 21.0476,
        "Lat": 52.2477
      },
      {
        "Brigade": "2",
        "Time": "2017-05-14 06:20:49",
        "Lines": "22",
        "Lon": 21.0485,
        "Lat": 52.2476
      },
      {
        "Brigade": "2",
        "Time": "2017-05-14 06:21:10",
        "Lines": "22",
        "Lon": 21.0497,
        "Lat": 52.2475
      },
      {
        "Brigade": "2",
        "Time": "2017-05-14 06:21:31",
        "Lines": "22",
        "Lon": 21.0529,
        "Lat": 52.2473
      },
      {
        "Brigade": "2",
        "Time": "2017-05-14 06:21:52",
        "Lines": "22",
        "Lon": 21.0532,
        "Lat": 52.2473
      },
      {
        "Brigade": "2",
        "Time": "2017-05-14 06:22:13",
        "Lines": "22",
        "Lon": 21.0555,
        "Lat": 52.2471
      },
      {
        "Brigade": "2",
        "Time": "2017-05-14 06:22:34",
        "Lines": "22",
        "Lon": 21.0584,
        "Lat": 52.2469
      },
      {
        "Brigade": "2",
        "Time": "2017-05-14 06:22:54",
        "Lines": "22",
        "Lon": 21.0596,
        "Lat": 52.2469
      },
      {
        "Brigade": "2",
        "Time": "2017-05-14 06:23:15",
        "Lines": "22",
        "Lon": 21.0628,
        "Lat": 52.2467
      },
      {
        "Brigade": "2",
        "Time": "2017-05-14 06:23:36",
        "Lines": "22",
        "Lon": 21.0632,
        "Lat": 52.2466
      },
      {
        "Brigade": "2",
        "Time": "2017-05-14 06:23:57",
        "Lines": "22",
        "Lon": 21.0644,
        "Lat": 52.2466
      },
      {
        "Brigade": "2",
        "Time": "2017-05-14 06:24:18",
        "Lines": "22",
        "Lon": 21.0648,
        "Lat": 52.2465
      },
      {
        "Brigade": "2",
        "Time": "2017-05-14 06:24:39",
        "Lines": "22",
        "Lon": 21.0679,
        "Lat": 52.2463
      },
      {
        "Brigade": "2",
        "Time": "2017-05-14 06:43:50",
        "Lines": "22",
        "Lon": 21.0684,
        "Lat": 52.2463
      },
      {
        "Brigade": "2",
        "Time": "2017-05-14 06:44:12",
        "Lines": "22",
        "Lon": 21.0648,
        "Lat": 52.2465
      },
      {
        "Brigade": "2",
        "Time": "2017-05-14 06:44:32",
        "Lines": "22",
        "Lon": 21.0637,
        "Lat": 52.2466
      },
      {
        "Brigade": "2",
        "Time": "2017-05-14 06:44:54",
        "Lines": "22",
        "Lon": 21.0612,
        "Lat": 52.2468
      },
      {
        "Brigade": "2",
        "Time": "2017-05-14 06:45:13",
        "Lines": "22",
        "Lon": 21.0588,
        "Lat": 52.2469
      },
      {
        "Brigade": "2",
        "Time": "2017-05-14 06:45:34",
        "Lines": "22",
        "Lon": 21.0584,
        "Lat": 52.247
      },
      {
        "Brigade": "2",
        "Time": "2017-05-14 06:45:55",
        "Lines": "22",
        "Lon": 21.0554,
        "Lat": 52.2472
      },
      {
        "Brigade": "2",
        "Time": "2017-05-14 06:46:16",
        "Lines": "22",
        "Lon": 21.0526,
        "Lat": 52.2474
      },
      {
        "Brigade": "2",
        "Time": "2017-05-14 06:46:37",
        "Lines": "22",
        "Lon": 21.0524,
        "Lat": 52.2474
      },
      {
        "Brigade": "2",
        "Time": "2017-05-14 06:46:58",
        "Lines": "22",
        "Lon": 21.0524,
        "Lat": 52.2474
      },
      {
        "Brigade": "2",
        "Time": "2017-05-14 06:47:19",
        "Lines": "22",
        "Lon": 21.0496,
        "Lat": 52.2475
      },
      {
        "Brigade": "2",
        "Time": "2017-05-14 06:47:40",
        "Lines": "22",
        "Lon": 21.048,
        "Lat": 52.2477
      },
      {
        "Brigade": "2",
        "Time": "2017-05-14 06:48:01",
        "Lines": "22",
        "Lon": 21.047,
        "Lat": 52.2473
      },
      {
        "Brigade": "2",
        "Time": "2017-05-14 06:48:22",
        "Lines": "22",
        "Lon": 21.0473,
        "Lat": 52.2466
      },
      {
        "Brigade": "2",
        "Time": "2017-05-14 06:48:43",
        "Lines": "22",
        "Lon": 21.0475,
        "Lat": 52.2462
      },
      {
        "Brigade": "2",
        "Time": "2017-05-14 06:49:03",
        "Lines": "22",
        "Lon": 21.0482,
        "Lat": 52.2447
      },
      {
        "Brigade": "2",
        "Time": "2017-05-14 06:49:24",
        "Lines": "22",
        "Lon": 21.0492,
        "Lat": 52.2428
      },
      {
        "Brigade": "2",
        "Time": "2017-05-14 06:49:45",
        "Lines": "22",
        "Lon": 21.0502,
        "Lat": 52.2407
      },
      {
        "Brigade": "2",
        "Time": "2017-05-14 06:50:07",
        "Lines": "22",
        "Lon": 21.051,
        "Lat": 52.2391
      },
      {
        "Brigade": "2",
        "Time": "2017-05-14 06:50:27",
        "Lines": "22",
        "Lon": 21.0511,
        "Lat": 52.2389
      },
      {
        "Brigade": "2",
        "Time": "2017-05-14 06:50:48",
        "Lines": "22",
        "Lon": 21.0511,
        "Lat": 52.2389
      },
      {
        "Brigade": "2",
        "Time": "2017-05-14 06:51:09",
        "Lines": "22",
        "Lon": 21.0511,
        "Lat": 52.2389
      },
      {
        "Brigade": "2",
        "Time": "2017-05-14 06:51:30",
        "Lines": "22",
        "Lon": 21.0507,
        "Lat": 52.238
      },
      {
        "Brigade": "2",
        "Time": "2017-05-14 06:51:51",
        "Lines": "22",
        "Lon": 21.05,
        "Lat": 52.2378
      },
      {
        "Brigade": "2",
        "Time": "2017-05-14 06:52:12",
        "Lines": "22",
        "Lon": 21.0483,
        "Lat": 52.2374
      },
      {
        "Brigade": "2",
        "Time": "2017-05-14 06:52:33",
        "Lines": "22",
        "Lon": 21.0442,
        "Lat": 52.2366
      },
      {
        "Brigade": "2",
        "Time": "2017-05-14 06:52:54",
        "Lines": "22",
        "Lon": 21.0404,
        "Lat": 52.2358
      },
      {
        "Brigade": "2",
        "Time": "2017-05-14 06:53:14",
        "Lines": "22",
        "Lon": 21.0369,
        "Lat": 52.2351
      },
      {
        "Brigade": "2",
        "Time": "2017-05-14 06:53:35",
        "Lines": "22",
        "Lon": 21.0364,
        "Lat": 52.235
      },
      {
        "Brigade": "2",
        "Time": "2017-05-14 06:53:56",
        "Lines": "22",
        "Lon": 21.0344,
        "Lat": 52.2346
      },
      {
        "Brigade": "2",
        "Time": "2017-05-14 06:54:18",
        "Lines": "22",
        "Lon": 21.0327,
        "Lat": 52.2342
      },
      {
        "Brigade": "2",
        "Time": "2017-05-14 06:54:38",
        "Lines": "22",
        "Lon": 21.0309,
        "Lat": 52.2339
      },
      {
        "Brigade": "2",
        "Time": "2017-05-14 06:54:59",
        "Lines": "22",
        "Lon": 21.0284,
        "Lat": 52.2334
      },
      {
        "Brigade": "2",
        "Time": "2017-05-14 06:55:20",
        "Lines": "22",
        "Lon": 21.0246,
        "Lat": 52.2326
      },
      {
        "Brigade": "2",
        "Time": "2017-05-14 06:55:41",
        "Lines": "22",
        "Lon": 21.0217,
        "Lat": 52.232
      },
      {
        "Brigade": "2",
        "Time": "2017-05-14 06:56:02",
        "Lines": "22",
        "Lon": 21.0215,
        "Lat": 52.2319
      },
      {
        "Brigade": "2",
        "Time": "2017-05-14 06:56:23",
        "Lines": "22",
        "Lon": 21.0195,
        "Lat": 52.2315
      },
      {
        "Brigade": "2",
        "Time": "2017-05-14 06:56:44",
        "Lines": "22",
        "Lon": 21.0169,
        "Lat": 52.231
      },
      {
        "Brigade": "2",
        "Time": "2017-05-14 06:57:05",
        "Lines": "22",
        "Lon": 21.016,
        "Lat": 52.2308
      },
      {
        "Brigade": "2",
        "Time": "2017-05-14 06:57:25",
        "Lines": "22",
        "Lon": 21.0133,
        "Lat": 52.2302
      },
      {
        "Brigade": "2",
        "Time": "2017-05-14 06:57:46",
        "Lines": "22",
        "Lon": 21.0123,
        "Lat": 52.23
      },
      {
        "Brigade": "2",
        "Time": "2017-05-14 06:58:07",
        "Lines": "22",
        "Lon": 21.0123,
        "Lat": 52.23
      },
      {
        "Brigade": "2",
        "Time": "2017-05-14 06:58:28",
        "Lines": "22",
        "Lon": 21.0123,
        "Lat": 52.23
      },
      {
        "Brigade": "2",
        "Time": "2017-05-14 06:58:49",
        "Lines": "22",
        "Lon": 21.0123,
        "Lat": 52.23
      },
      {
        "Brigade": "2",
        "Time": "2017-05-14 06:59:10",
        "Lines": "22",
        "Lon": 21.0123,
        "Lat": 52.23
      },
      {
        "Brigade": "2",
        "Time": "2017-05-14 06:59:31",
        "Lines": "22",
        "Lon": 21.0111,
        "Lat": 52.2297
      },
      {
        "Brigade": "2",
        "Time": "2017-05-14 06:59:52",
        "Lines": "22",
        "Lon": 21.0076,
        "Lat": 52.229
      },
      {
        "Brigade": "2",
        "Time": "2017-05-14 07:00:13",
        "Lines": "22",
        "Lon": 21.006,
        "Lat": 52.2287
      },
      {
        "Brigade": "2",
        "Time": "2017-05-14 07:00:34",
        "Lines": "22",
        "Lon": 21.0059,
        "Lat": 52.2286
      },
      {
        "Brigade": "2",
        "Time": "2017-05-14 07:00:55",
        "Lines": "22",
        "Lon": 21.0031,
        "Lat": 52.228
      },
      {
        "Brigade": "2",
        "Time": "2017-05-14 07:01:26",
        "Lines": "22",
        "Lon": 21.0025,
        "Lat": 52.2279
      },
      {
        "Brigade": "2",
        "Time": "2017-05-14 07:01:37",
        "Lines": "22",
        "Lon": 21.0013,
        "Lat": 52.2277
      },
      {
        "Brigade": "2",
        "Time": "2017-05-14 07:01:58",
        "Lines": "22",
        "Lon": 20.9978,
        "Lat": 52.2269
      },
      {
        "Brigade": "2",
        "Time": "2017-05-14 07:02:19",
        "Lines": "22",
        "Lon": 20.9962,
        "Lat": 52.2266
      },
      {
        "Brigade": "2",
        "Time": "2017-05-14 07:02:39",
        "Lines": "22",
        "Lon": 20.9962,
        "Lat": 52.2266
      },
      {
        "Brigade": "2",
        "Time": "2017-05-14 07:03:00",
        "Lines": "22",
        "Lon": 20.9962,
        "Lat": 52.2266
      },
      {
        "Brigade": "2",
        "Time": "2017-05-14 07:03:21",
        "Lines": "22",
        "Lon": 20.9956,
        "Lat": 52.2264
      },
      {
        "Brigade": "2",
        "Time": "2017-05-14 07:03:42",
        "Lines": "22",
        "Lon": 20.9929,
        "Lat": 52.2259
      },
      {
        "Brigade": "2",
        "Time": "2017-05-14 07:04:03",
        "Lines": "22",
        "Lon": 20.9903,
        "Lat": 52.2253
      },
      {
        "Brigade": "2",
        "Time": "2017-05-14 07:04:24",
        "Lines": "22",
        "Lon": 20.9896,
        "Lat": 52.2251
      },
      {
        "Brigade": "2",
        "Time": "2017-05-14 07:04:45",
        "Lines": "22",
        "Lon": 20.9896,
        "Lat": 52.2251
      },
      {
        "Brigade": "2",
        "Time": "2017-05-14 07:05:06",
        "Lines": "22",
        "Lon": 20.9896,
        "Lat": 52.2251
      },
      {
        "Brigade": "2",
        "Time": "2017-05-14 07:05:27",
        "Lines": "22",
        "Lon": 20.9896,
        "Lat": 52.2251
      },
      {
        "Brigade": "2",
        "Time": "2017-05-14 07:05:48",
        "Lines": "22",
        "Lon": 20.9886,
        "Lat": 52.2254
      },
      {
        "Brigade": "2",
        "Time": "2017-05-14 07:06:09",
        "Lines": "22",
        "Lon": 20.9881,
        "Lat": 52.226
      },
      {
        "Brigade": "2",
        "Time": "2017-05-14 07:06:29",
        "Lines": "22",
        "Lon": 20.9875,
        "Lat": 52.2269
      },
      {
        "Brigade": "2",
        "Time": "2017-05-14 07:06:50",
        "Lines": "22",
        "Lon": 20.987,
        "Lat": 52.2274
      },
      {
        "Brigade": "2",
        "Time": "2017-05-14 07:07:32",
        "Lines": "22",
        "Lon": 20.9848,
        "Lat": 52.2299
      },
      {
        "Brigade": "2",
        "Time": "2017-05-14 07:07:53",
        "Lines": "22",
        "Lon": 20.9848,
        "Lat": 52.2299
      },
      {
        "Brigade": "2",
        "Time": "2017-05-14 07:08:14",
        "Lines": "22",
        "Lon": 20.9839,
        "Lat": 52.2309
      },
      {
        "Brigade": "2",
        "Time": "2017-05-14 07:08:35",
        "Lines": "22",
        "Lon": 20.9824,
        "Lat": 52.233
      },
      {
        "Brigade": "2",
        "Time": "2017-05-14 07:08:56",
        "Lines": "22",
        "Lon": 20.9823,
        "Lat": 52.2331
      },
      {
        "Brigade": "2",
        "Time": "2017-05-14 07:09:17",
        "Lines": "22",
        "Lon": 20.9814,
        "Lat": 52.2344
      },
      {
        "Brigade": "2",
        "Time": "2017-05-14 07:09:38",
        "Lines": "22",
        "Lon": 20.9805,
        "Lat": 52.236
      },
      {
        "Brigade": "2",
        "Time": "2017-05-14 07:09:59",
        "Lines": "22",
        "Lon": 20.9803,
        "Lat": 52.2368
      },
      {
        "Brigade": "2",
        "Time": "2017-05-14 07:10:20",
        "Lines": "22",
        "Lon": 20.9794,
        "Lat": 52.2376
      },
      {
        "Brigade": "2",
        "Time": "2017-05-14 07:10:40",
        "Lines": "22",
        "Lon": 20.9792,
        "Lat": 52.2377
      },
      {
        "Brigade": "2",
        "Time": "2017-05-14 07:11:01",
        "Lines": "22",
        "Lon": 20.9788,
        "Lat": 52.2381
      },
      {
        "Brigade": "2",
        "Time": "2017-05-14 07:11:22",
        "Lines": "22",
        "Lon": 20.9782,
        "Lat": 52.2388
      },
      {
        "Brigade": "2",
        "Time": "2017-05-14 07:11:43",
        "Lines": "22",
        "Lon": 20.9778,
        "Lat": 52.2395
      },
      {
        "Brigade": "2",
        "Time": "2017-05-14 07:12:04",
        "Lines": "22",
        "Lon": 20.9776,
        "Lat": 52.2403
      },
      {
        "Brigade": "2",
        "Time": "2017-05-14 07:12:25",
        "Lines": "22",
        "Lon": 20.9779,
        "Lat": 52.2419
      },
      {
        "Brigade": "2",
        "Time": "2017-05-14 07:12:46",
        "Lines": "22",
        "Lon": 20.978,
        "Lat": 52.2422
      },
      {
        "Brigade": "2",
        "Time": "2017-05-14 07:13:07",
        "Lines": "22",
        "Lon": 20.9774,
        "Lat": 52.2439
      },
      {
        "Brigade": "2",
        "Time": "2017-05-14 07:13:28",
        "Lines": "22",
        "Lon": 20.9772,
        "Lat": 52.2447
      },
      {
        "Brigade": "2",
        "Time": "2017-05-14 07:13:49",
        "Lines": "22",
        "Lon": 20.9772,
        "Lat": 52.245
      },
      {
        "Brigade": "2",
        "Time": "2017-05-14 07:14:10",
        "Lines": "22",
        "Lon": 20.9776,
        "Lat": 52.2466
      },
      {
        "Brigade": "2",
        "Time": "2017-05-14 07:14:31",
        "Lines": "22",
        "Lon": 20.9791,
        "Lat": 52.2483
      },
      {
        "Brigade": "2",
        "Time": "2017-05-14 07:14:52",
        "Lines": "22",
        "Lon": 20.9792,
        "Lat": 52.2487
      },
      {
        "Brigade": "2",
        "Time": "2017-05-14 07:15:13",
        "Lines": "22",
        "Lon": 20.9797,
        "Lat": 52.2499
      },
      {
        "Brigade": "2",
        "Time": "2017-05-14 07:15:33",
        "Lines": "22",
        "Lon": 20.9797,
        "Lat": 52.2501
      },
      {
        "Brigade": "2",
        "Time": "2017-05-14 07:15:54",
        "Lines": "22",
        "Lon": 20.9805,
        "Lat": 52.2515
      },
      {
        "Brigade": "2",
        "Time": "2017-05-14 07:16:15",
        "Lines": "22",
        "Lon": 20.9812,
        "Lat": 52.253
      },
      {
        "Brigade": "2",
        "Time": "2017-05-14 07:16:36",
        "Lines": "22",
        "Lon": 20.9812,
        "Lat": 52.253
      },
      {
        "Brigade": "2",
        "Time": "2017-05-14 07:16:57",
        "Lines": "22",
        "Lon": 20.9816,
        "Lat": 52.2539
      },
      {
        "Brigade": "2",
        "Time": "2017-05-14 07:17:18",
        "Lines": "22",
        "Lon": 20.9818,
        "Lat": 52.2542
      },
      {
        "Brigade": "2",
        "Time": "2017-05-14 07:17:39",
        "Lines": "22",
        "Lon": 20.9824,
        "Lat": 52.255
      },
      {
        "Brigade": "2",
        "Time": "2017-05-14 07:18:00",
        "Lines": "22",
        "Lon": 20.982,
        "Lat": 52.2558
      },
      {
        "Brigade": "2",
        "Time": "2017-05-14 07:18:21",
        "Lines": "22",
        "Lon": 20.982,
        "Lat": 52.2559
      },
      {
        "Brigade": "2",
        "Time": "2017-05-14 07:18:42",
        "Lines": "22",
        "Lon": 20.9818,
        "Lat": 52.2564
      },
      {
        "Brigade": "2",
        "Time": "2017-05-14 07:19:03",
        "Lines": "22",
        "Lon": 20.9814,
        "Lat": 52.2577
      },
      {
        "Brigade": "2",
        "Time": "2017-05-14 07:19:24",
        "Lines": "22",
        "Lon": 20.981,
        "Lat": 52.2594
      },
      {
        "Brigade": "2",
        "Time": "2017-05-14 07:19:45",
        "Lines": "22",
        "Lon": 20.9806,
        "Lat": 52.2611
      },
      {
        "Brigade": "2",
        "Time": "2017-05-14 07:20:06",
        "Lines": "22",
        "Lon": 20.9802,
        "Lat": 52.2618
      },
      {
        "Brigade": "2",
        "Time": "2017-05-14 07:20:26",
        "Lines": "22",
        "Lon": 20.9802,
        "Lat": 52.2618
      },
      {
        "Brigade": "2",
        "Time": "2017-05-14 07:20:47",
        "Lines": "22",
        "Lon": 20.9801,
        "Lat": 52.2619
      },
      {
        "Brigade": "2",
        "Time": "2017-05-14 07:21:08",
        "Lines": "22",
        "Lon": 20.9785,
        "Lat": 52.2625
      },
      {
        "Brigade": "2",
        "Time": "2017-05-14 07:21:29",
        "Lines": "22",
        "Lon": 20.9778,
        "Lat": 52.2626
      },
      {
        "Brigade": "2",
        "Time": "2017-05-14 07:21:50",
        "Lines": "22",
        "Lon": 20.9753,
        "Lat": 52.2633
      },
      {
        "Brigade": "2",
        "Time": "2017-05-14 07:22:11",
        "Lines": "22",
        "Lon": 20.9722,
        "Lat": 52.2642
      },
      {
        "Brigade": "2",
        "Time": "2017-05-14 07:22:32",
        "Lines": "22",
        "Lon": 20.9709,
        "Lat": 52.2646
      },
      {
        "Brigade": "2",
        "Time": "2017-05-14 07:22:53",
        "Lines": "22",
        "Lon": 20.9672,
        "Lat": 52.2656
      },
      {
        "Brigade": "2",
        "Time": "2017-05-14 07:23:14",
        "Lines": "22",
        "Lon": 20.9644,
        "Lat": 52.2663
      },
      {
        "Brigade": "2",
        "Time": "2017-05-14 07:23:35",
        "Lines": "22",
        "Lon": 20.964,
        "Lat": 52.2664
      },
      {
        "Brigade": "2",
        "Time": "2017-05-14 07:23:55",
        "Lines": "22",
        "Lon": 20.9633,
        "Lat": 52.2666
      },
      {
        "Brigade": "2",
        "Time": "2017-05-14 07:24:16",
        "Lines": "22",
        "Lon": 20.9625,
        "Lat": 52.2669
      },
      {
        "Brigade": "2",
        "Time": "2017-05-14 07:24:38",
        "Lines": "22",
        "Lon": 20.9606,
        "Lat": 52.2674
      },
      {
        "Brigade": "2",
        "Time": "2017-05-14 07:24:58",
        "Lines": "22",
        "Lon": 20.9585,
        "Lat": 52.268
      },
      {
        "Brigade": "2",
        "Time": "2017-05-14 07:25:19",
        "Lines": "22",
        "Lon": 20.9577,
        "Lat": 52.2682
      },
      {
        "Brigade": "2",
        "Time": "2017-05-14 07:25:40",
        "Lines": "22",
        "Lon": 20.9577,
        "Lat": 52.2682
      },
      {
        "Brigade": "2",
        "Time": "2017-05-14 07:26:01",
        "Lines": "22",
        "Lon": 20.9571,
        "Lat": 52.2684
      },
      {
        "Brigade": "2",
        "Time": "2017-05-14 07:26:22",
        "Lines": "22",
        "Lon": 20.9539,
        "Lat": 52.2692
      },
      {
        "Brigade": "2",
        "Time": "2017-05-14 07:26:43",
        "Lines": "22",
        "Lon": 20.9526,
        "Lat": 52.2696
      },
      {
        "Brigade": "2",
        "Time": "2017-05-14 07:27:04",
        "Lines": "22",
        "Lon": 20.9513,
        "Lat": 52.27
      },
      {
        "Brigade": "2",
        "Time": "2017-05-14 07:27:25",
        "Lines": "22",
        "Lon": 20.9501,
        "Lat": 52.2703
      },
      {
        "Brigade": "2",
        "Time": "2017-05-14 07:27:46",
        "Lines": "22",
        "Lon": 20.9497,
        "Lat": 52.2704
      },
      {
        "Brigade": "2",
        "Time": "2017-05-14 07:28:07",
        "Lines": "22",
        "Lon": 20.9468,
        "Lat": 52.2712
      },
      {
        "Brigade": "2",
        "Time": "2017-05-14 07:28:28",
        "Lines": "22",
        "Lon": 20.9453,
        "Lat": 52.2716
      },
      {
        "Brigade": "2",
        "Time": "2017-05-14 07:28:48",
        "Lines": "22",
        "Lon": 20.9453,
        "Lat": 52.2716
      },
      {
        "Brigade": "2",
        "Time": "2017-05-14 07:29:09",
        "Lines": "22",
        "Lon": 20.9453,
        "Lat": 52.2716
      },
      {
        "Brigade": "2",
        "Time": "2017-05-14 07:29:30",
        "Lines": "22",
        "Lon": 20.9442,
        "Lat": 52.2716
      },
      {
        "Brigade": "2",
        "Time": "2017-05-14 07:29:51",
        "Lines": "22",
        "Lon": 20.9431,
        "Lat": 52.2714
      },
      {
        "Brigade": "2",
        "Time": "2017-05-14 07:30:12",
        "Lines": "22",
        "Lon": 20.943,
        "Lat": 52.271
      },
      {
        "Brigade": "2",
        "Time": "2017-05-14 07:30:33",
        "Lines": "22",
        "Lon": 20.9437,
        "Lat": 52.271
      },
      {
        "Brigade": "2",
        "Time": "2017-05-14 07:30:54",
        "Lines": "22",
        "Lon": 20.9438,
        "Lat": 52.2711
      },
      {
        "Brigade": "2",
        "Time": "2017-05-14 07:31:15",
        "Lines": "22",
        "Lon": 20.9438,
        "Lat": 52.2711
      },
      {
        "Brigade": "2",
        "Time": "2017-05-14 07:31:36",
        "Lines": "22",
        "Lon": 20.9438,
        "Lat": 52.2711
      },
      {
        "Brigade": "2",
        "Time": "2017-05-14 07:31:57",
        "Lines": "22",
        "Lon": 20.9438,
        "Lat": 52.2711
      },
      {
        "Brigade": "2",
        "Time": "2017-05-14 07:32:17",
        "Lines": "22",
        "Lon": 20.9438,
        "Lat": 52.2711
      },
      {
        "Brigade": "2",
        "Time": "2017-05-14 07:32:38",
        "Lines": "22",
        "Lon": 20.9438,
        "Lat": 52.2711
      },
      {
        "Brigade": "2",
        "Time": "2017-05-14 07:32:59",
        "Lines": "22",
        "Lon": 20.9438,
        "Lat": 52.2711
      },
      {
        "Brigade": "2",
        "Time": "2017-05-14 07:33:20",
        "Lines": "22",
        "Lon": 20.9438,
        "Lat": 52.2711
      },
      {
        "Brigade": "2",
        "Time": "2017-05-14 07:33:41",
        "Lines": "22",
        "Lon": 20.9438,
        "Lat": 52.2711
      },
      {
        "Brigade": "2",
        "Time": "2017-05-14 07:34:02",
        "Lines": "22",
        "Lon": 20.9438,
        "Lat": 52.2711
      },
      {
        "Brigade": "2",
        "Time": "2017-05-14 07:34:23",
        "Lines": "22",
        "Lon": 20.9438,
        "Lat": 52.2711
      },
      {
        "Brigade": "2",
        "Time": "2017-05-14 07:34:44",
        "Lines": "22",
        "Lon": 20.9438,
        "Lat": 52.2711
      },
      {
        "Brigade": "2",
        "Time": "2017-05-14 07:35:05",
        "Lines": "22",
        "Lon": 20.9438,
        "Lat": 52.2711
      },
      {
        "Brigade": "2",
        "Time": "2017-05-14 07:35:26",
        "Lines": "22",
        "Lon": 20.9438,
        "Lat": 52.2711
      },
      {
        "Brigade": "2",
        "Time": "2017-05-14 07:35:47",
        "Lines": "22",
        "Lon": 20.9438,
        "Lat": 52.2711
      },
      {
        "Brigade": "2",
        "Time": "2017-05-14 07:36:08",
        "Lines": "22",
        "Lon": 20.9438,
        "Lat": 52.2711
      },
      {
        "Brigade": "2",
        "Time": "2017-05-14 07:36:29",
        "Lines": "22",
        "Lon": 20.9438,
        "Lat": 52.2711
      },
      {
        "Brigade": "2",
        "Time": "2017-05-14 07:36:50",
        "Lines": "22",
        "Lon": 20.9438,
        "Lat": 52.2711
      },
      {
        "Brigade": "2",
        "Time": "2017-05-14 07:37:11",
        "Lines": "22",
        "Lon": 20.9438,
        "Lat": 52.2711
      },
      {
        "Brigade": "2",
        "Time": "2017-05-14 07:37:31",
        "Lines": "22",
        "Lon": 20.9438,
        "Lat": 52.2711
      },
      {
        "Brigade": "2",
        "Time": "2017-05-14 07:37:52",
        "Lines": "22",
        "Lon": 20.9438,
        "Lat": 52.2711
      },
      {
        "Brigade": "2",
        "Time": "2017-05-14 07:38:13",
        "Lines": "22",
        "Lon": 20.9438,
        "Lat": 52.2711
      },
      {
        "Brigade": "2",
        "Time": "2017-05-14 07:38:34",
        "Lines": "22",
        "Lon": 20.9438,
        "Lat": 52.2711
      },
      {
        "Brigade": "2",
        "Time": "2017-05-14 07:38:55",
        "Lines": "22",
        "Lon": 20.9438,
        "Lat": 52.2711
      },
      {
        "Brigade": "2",
        "Time": "2017-05-14 07:39:16",
        "Lines": "22",
        "Lon": 20.9438,
        "Lat": 52.2711
      },
      {
        "Brigade": "2",
        "Time": "2017-05-14 07:40:40",
        "Lines": "22",
        "Lon": 20.944,
        "Lat": 52.2714
      },
      {
        "Brigade": "2",
        "Time": "2017-05-14 07:41:01",
        "Lines": "22",
        "Lon": 20.944,
        "Lat": 52.2714
      },
      {
        "Brigade": "2",
        "Time": "2017-05-14 07:41:22",
        "Lines": "22",
        "Lon": 20.944,
        "Lat": 52.2714
      },
      {
        "Brigade": "2",
        "Time": "2017-05-14 07:41:43",
        "Lines": "22",
        "Lon": 20.944,
        "Lat": 52.2714
      },
      {
        "Brigade": "2",
        "Time": "2017-05-14 07:42:03",
        "Lines": "22",
        "Lon": 20.944,
        "Lat": 52.2714
      },
      {
        "Brigade": "2",
        "Time": "2017-05-14 07:42:24",
        "Lines": "22",
        "Lon": 20.944,
        "Lat": 52.2714
      },
      {
        "Brigade": "2",
        "Time": "2017-05-14 07:42:45",
        "Lines": "22",
        "Lon": 20.944,
        "Lat": 52.2714
      },
      {
        "Brigade": "2",
        "Time": "2017-05-14 07:43:07",
        "Lines": "22",
        "Lon": 20.944,
        "Lat": 52.2714
      },
      {
        "Brigade": "2",
        "Time": "2017-05-14 07:43:27",
        "Lines": "22",
        "Lon": 20.944,
        "Lat": 52.2714
      },
      {
        "Brigade": "2",
        "Time": "2017-05-14 07:43:48",
        "Lines": "22",
        "Lon": 20.944,
        "Lat": 52.2714
      },
      {
        "Brigade": "2",
        "Time": "2017-05-14 07:44:09",
        "Lines": "22",
        "Lon": 20.944,
        "Lat": 52.2714
      },
      {
        "Brigade": "2",
        "Time": "2017-05-14 07:44:30",
        "Lines": "22",
        "Lon": 20.944,
        "Lat": 52.2714
      },
      {
        "Brigade": "2",
        "Time": "2017-05-14 07:44:51",
        "Lines": "22",
        "Lon": 20.944,
        "Lat": 52.2714
      },
      {
        "Brigade": "2",
        "Time": "2017-05-14 07:45:12",
        "Lines": "22",
        "Lon": 20.944,
        "Lat": 52.2714
      },
      {
        "Brigade": "2",
        "Time": "2017-05-14 07:45:33",
        "Lines": "22",
        "Lon": 20.944,
        "Lat": 52.2714
      },
      {
        "Brigade": "2",
        "Time": "2017-05-14 07:45:54",
        "Lines": "22",
        "Lon": 20.944,
        "Lat": 52.2714
      },
      {
        "Brigade": "2",
        "Time": "2017-05-14 07:46:14",
        "Lines": "22",
        "Lon": 20.944,
        "Lat": 52.2714
      },
      {
        "Brigade": "2",
        "Time": "2017-05-14 07:46:35",
        "Lines": "22",
        "Lon": 20.944,
        "Lat": 52.2714
      },
      {
        "Brigade": "2",
        "Time": "2017-05-14 07:46:56",
        "Lines": "22",
        "Lon": 20.944,
        "Lat": 52.2714
      },
      {
        "Brigade": "2",
        "Time": "2017-05-14 07:47:17",
        "Lines": "22",
        "Lon": 20.944,
        "Lat": 52.2714
      },
      {
        "Brigade": "2",
        "Time": "2017-05-14 07:47:38",
        "Lines": "22",
        "Lon": 20.944,
        "Lat": 52.2714
      },
      {
        "Brigade": "2",
        "Time": "2017-05-14 07:47:59",
        "Lines": "22",
        "Lon": 20.944,
        "Lat": 52.2714
      },
      {
        "Brigade": "2",
        "Time": "2017-05-14 07:48:20",
        "Lines": "22",
        "Lon": 20.944,
        "Lat": 52.2714
      },
      {
        "Brigade": "2",
        "Time": "2017-05-14 07:48:41",
        "Lines": "22",
        "Lon": 20.944,
        "Lat": 52.2714
      },
      {
        "Brigade": "2",
        "Time": "2017-05-14 07:49:02",
        "Lines": "22",
        "Lon": 20.944,
        "Lat": 52.2714
      },
      {
        "Brigade": "2",
        "Time": "2017-05-14 07:49:23",
        "Lines": "22",
        "Lon": 20.944,
        "Lat": 52.2714
      },
      {
        "Brigade": "2",
        "Time": "2017-05-14 07:49:44",
        "Lines": "22",
        "Lon": 20.944,
        "Lat": 52.2714
      },
      {
        "Brigade": "2",
        "Time": "2017-05-14 07:50:05",
        "Lines": "22",
        "Lon": 20.944,
        "Lat": 52.2714
      },
      {
        "Brigade": "2",
        "Time": "2017-05-14 07:50:26",
        "Lines": "22",
        "Lon": 20.944,
        "Lat": 52.2714
      },
      {
        "Brigade": "2",
        "Time": "2017-05-14 07:50:46",
        "Lines": "22",
        "Lon": 20.944,
        "Lat": 52.2714
      },
      {
        "Brigade": "2",
        "Time": "2017-05-14 07:51:08",
        "Lines": "22",
        "Lon": 20.944,
        "Lat": 52.2714
      },
      {
        "Brigade": "2",
        "Time": "2017-05-14 07:51:28",
        "Lines": "22",
        "Lon": 20.944,
        "Lat": 52.2714
      },
      {
        "Brigade": "2",
        "Time": "2017-05-14 07:51:49",
        "Lines": "22",
        "Lon": 20.944,
        "Lat": 52.2714
      },
      {
        "Brigade": "2",
        "Time": "2017-05-14 07:52:10",
        "Lines": "22",
        "Lon": 20.944,
        "Lat": 52.2714
      },
      {
        "Brigade": "2",
        "Time": "2017-05-14 07:52:31",
        "Lines": "22",
        "Lon": 20.944,
        "Lat": 52.2714
      },
      {
        "Brigade": "2",
        "Time": "2017-05-14 07:52:52",
        "Lines": "22",
        "Lon": 20.944,
        "Lat": 52.2714
      },
      {
        "Brigade": "2",
        "Time": "2017-05-14 07:53:13",
        "Lines": "22",
        "Lon": 20.944,
        "Lat": 52.2714
      },
      {
        "Brigade": "2",
        "Time": "2017-05-14 07:53:34",
        "Lines": "22",
        "Lon": 20.944,
        "Lat": 52.2714
      },
      {
        "Brigade": "2",
        "Time": "2017-05-14 07:53:55",
        "Lines": "22",
        "Lon": 20.944,
        "Lat": 52.2714
      },
      {
        "Brigade": "2",
        "Time": "2017-05-14 07:54:16",
        "Lines": "22",
        "Lon": 20.944,
        "Lat": 52.2714
      },
      {
        "Brigade": "2",
        "Time": "2017-05-14 07:54:37",
        "Lines": "22",
        "Lon": 20.944,
        "Lat": 52.2714
      },
      {
        "Brigade": "2",
        "Time": "2017-05-14 07:54:57",
        "Lines": "22",
        "Lon": 20.944,
        "Lat": 52.2714
      },
      {
        "Brigade": "2",
        "Time": "2017-05-14 07:55:18",
        "Lines": "22",
        "Lon": 20.944,
        "Lat": 52.2714
      },
      {
        "Brigade": "2",
        "Time": "2017-05-14 07:55:39",
        "Lines": "22",
        "Lon": 20.944,
        "Lat": 52.2714
      },
      {
        "Brigade": "2",
        "Time": "2017-05-14 07:56:00",
        "Lines": "22",
        "Lon": 20.944,
        "Lat": 52.2714
      },
      {
        "Brigade": "2",
        "Time": "2017-05-14 07:56:21",
        "Lines": "22",
        "Lon": 20.944,
        "Lat": 52.2714
      },
      {
        "Brigade": "2",
        "Time": "2017-05-14 07:56:42",
        "Lines": "22",
        "Lon": 20.944,
        "Lat": 52.2714
      },
      {
        "Brigade": "2",
        "Time": "2017-05-14 07:57:03",
        "Lines": "22",
        "Lon": 20.944,
        "Lat": 52.2714
      },
      {
        "Brigade": "2",
        "Time": "2017-05-14 07:57:24",
        "Lines": "22",
        "Lon": 20.944,
        "Lat": 52.2714
      },
      {
        "Brigade": "2",
        "Time": "2017-05-14 07:57:45",
        "Lines": "22",
        "Lon": 20.944,
        "Lat": 52.2714
      },
      {
        "Brigade": "2",
        "Time": "2017-05-14 07:58:08",
        "Lines": "22",
        "Lon": 20.944,
        "Lat": 52.2714
      },
      {
        "Brigade": "2",
        "Time": "2017-05-14 07:58:27",
        "Lines": "22",
        "Lon": 20.944,
        "Lat": 52.2714
      },
      {
        "Brigade": "2",
        "Time": "2017-05-14 07:58:48",
        "Lines": "22",
        "Lon": 20.944,
        "Lat": 52.2714
      },
      {
        "Brigade": "2",
        "Time": "2017-05-14 07:59:09",
        "Lines": "22",
        "Lon": 20.944,
        "Lat": 52.2714
      },
      {
        "Brigade": "2",
        "Time": "2017-05-14 07:59:30",
        "Lines": "22",
        "Lon": 20.9447,
        "Lat": 52.2717
      },
      {
        "Brigade": "2",
        "Time": "2017-05-14 07:59:50",
        "Lines": "22",
        "Lon": 20.9447,
        "Lat": 52.2717
      },
      {
        "Brigade": "2",
        "Time": "2017-05-14 08:00:11",
        "Lines": "22",
        "Lon": 20.9448,
        "Lat": 52.2717
      },
      {
        "Brigade": "2",
        "Time": "2017-05-14 08:00:32",
        "Lines": "22",
        "Lon": 20.9459,
        "Lat": 52.2714
      },
      {
        "Brigade": "2",
        "Time": "2017-05-14 08:00:53",
        "Lines": "22",
        "Lon": 20.946,
        "Lat": 52.2714
      },
      {
        "Brigade": "2",
        "Time": "2017-05-14 08:01:14",
        "Lines": "22",
        "Lon": 20.949,
        "Lat": 52.2705
      },
      {
        "Brigade": "2",
        "Time": "2017-05-14 08:01:35",
        "Lines": "22",
        "Lon": 20.9523,
        "Lat": 52.2696
      },
      {
        "Brigade": "2",
        "Time": "2017-05-14 08:01:56",
        "Lines": "22",
        "Lon": 20.9534,
        "Lat": 52.2693
      },
      {
        "Brigade": "2",
        "Time": "2017-05-14 08:02:17",
        "Lines": "22",
        "Lon": 20.9549,
        "Lat": 52.2689
      },
      {
        "Brigade": "2",
        "Time": "2017-05-14 08:02:39",
        "Lines": "22",
        "Lon": 20.9574,
        "Lat": 52.2682
      },
      {
        "Brigade": "2",
        "Time": "2017-05-14 08:02:59",
        "Lines": "22",
        "Lon": 20.9585,
        "Lat": 52.2679
      },
      {
        "Brigade": "2",
        "Time": "2017-05-14 08:03:20",
        "Lines": "22",
        "Lon": 20.9585,
        "Lat": 52.2679
      },
      {
        "Brigade": "2",
        "Time": "2017-05-14 08:03:43",
        "Lines": "22",
        "Lon": 20.9598,
        "Lat": 52.2676
      },
      {
        "Brigade": "2",
        "Time": "2017-05-14 08:04:02",
        "Lines": "22",
        "Lon": 20.9622,
        "Lat": 52.2669
      },
      {
        "Brigade": "2",
        "Time": "2017-05-14 08:04:23",
        "Lines": "22",
        "Lon": 20.9632,
        "Lat": 52.2666
      },
      {
        "Brigade": "2",
        "Time": "2017-05-14 08:04:44",
        "Lines": "22",
        "Lon": 20.9645,
        "Lat": 52.2663
      },
      {
        "Brigade": "2",
        "Time": "2017-05-14 08:05:05",
        "Lines": "22",
        "Lon": 20.9674,
        "Lat": 52.2655
      },
      {
        "Brigade": "2",
        "Time": "2017-05-14 08:05:25",
        "Lines": "22",
        "Lon": 20.9703,
        "Lat": 52.2647
      },
      {
        "Brigade": "2",
        "Time": "2017-05-14 08:05:46",
        "Lines": "22",
        "Lon": 20.9715,
        "Lat": 52.2643
      },
      {
        "Brigade": "2",
        "Time": "2017-05-14 08:06:07",
        "Lines": "22",
        "Lon": 20.9715,
        "Lat": 52.2643
      },
      {
        "Brigade": "2",
        "Time": "2017-05-14 08:06:28",
        "Lines": "22",
        "Lon": 20.9717,
        "Lat": 52.2643
      },
      {
        "Brigade": "2",
        "Time": "2017-05-14 08:06:49",
        "Lines": "22",
        "Lon": 20.9747,
        "Lat": 52.2634
      },
      {
        "Brigade": "2",
        "Time": "2017-05-14 08:07:10",
        "Lines": "22",
        "Lon": 20.9779,
        "Lat": 52.2625
      },
      {
        "Brigade": "2",
        "Time": "2017-05-14 08:07:31",
        "Lines": "22",
        "Lon": 20.9786,
        "Lat": 52.2624
      },
      {
        "Brigade": "2",
        "Time": "2017-05-14 08:07:52",
        "Lines": "22",
        "Lon": 20.9786,
        "Lat": 52.2624
      },
      {
        "Brigade": "2",
        "Time": "2017-05-14 08:08:13",
        "Lines": "22",
        "Lon": 20.9786,
        "Lat": 52.2624
      },
      {
        "Brigade": "2",
        "Time": "2017-05-14 08:08:34",
        "Lines": "22",
        "Lon": 20.9786,
        "Lat": 52.2624
      },
      {
        "Brigade": "2",
        "Time": "2017-05-14 08:08:55",
        "Lines": "22",
        "Lon": 20.9789,
        "Lat": 52.2623
      },
      {
        "Brigade": "2",
        "Time": "2017-05-14 08:09:15",
        "Lines": "22",
        "Lon": 20.9803,
        "Lat": 52.2615
      },
      {
        "Brigade": "2",
        "Time": "2017-05-14 08:09:36",
        "Lines": "22",
        "Lon": 20.9809,
        "Lat": 52.2595
      },
      {
        "Brigade": "2",
        "Time": "2017-05-14 08:09:58",
        "Lines": "22",
        "Lon": 20.9813,
        "Lat": 52.2575
      },
      {
        "Brigade": "2",
        "Time": "2017-05-14 08:10:18",
        "Lines": "22",
        "Lon": 20.9821,
        "Lat": 52.2555
      },
      {
        "Brigade": "2",
        "Time": "2017-05-14 08:10:39",
        "Lines": "22",
        "Lon": 20.9821,
        "Lat": 52.2554
      },
      {
        "Brigade": "2",
        "Time": "2017-05-14 08:11:00",
        "Lines": "22",
        "Lon": 20.9821,
        "Lat": 52.2554
      },
      {
        "Brigade": "2",
        "Time": "2017-05-14 08:11:21",
        "Lines": "22",
        "Lon": 20.9823,
        "Lat": 52.2547
      },
      {
        "Brigade": "2",
        "Time": "2017-05-14 08:11:42",
        "Lines": "22",
        "Lon": 20.9819,
        "Lat": 52.2544
      },
      {
        "Brigade": "2",
        "Time": "2017-05-14 08:12:03",
        "Lines": "22",
        "Lon": 20.9817,
        "Lat": 52.2542
      },
      {
        "Brigade": "2",
        "Time": "2017-05-14 08:12:24",
        "Lines": "22",
        "Lon": 20.9814,
        "Lat": 52.2535
      },
      {
        "Brigade": "2",
        "Time": "2017-05-14 08:12:45",
        "Lines": "22",
        "Lon": 20.9811,
        "Lat": 52.2529
      },
      {
        "Brigade": "2",
        "Time": "2017-05-14 08:13:05",
        "Lines": "22",
        "Lon": 20.9799,
        "Lat": 52.2506
      },
      {
        "Brigade": "2",
        "Time": "2017-05-14 08:13:26",
        "Lines": "22",
        "Lon": 20.9792,
        "Lat": 52.2487
      },
      {
        "Brigade": "2",
        "Time": "2017-05-14 08:13:47",
        "Lines": "22",
        "Lon": 20.9791,
        "Lat": 52.2484
      },
      {
        "Brigade": "2",
        "Time": "2017-05-14 08:14:08",
        "Lines": "22",
        "Lon": 20.9776,
        "Lat": 52.2466
      },
      {
        "Brigade": "2",
        "Time": "2017-05-14 08:14:29",
        "Lines": "22",
        "Lon": 20.9771,
        "Lat": 52.2446
      },
      {
        "Brigade": "2",
        "Time": "2017-05-14 08:14:50",
        "Lines": "22",
        "Lon": 20.9772,
        "Lat": 52.2444
      },
      {
        "Brigade": "2",
        "Time": "2017-05-14 08:15:11",
        "Lines": "22",
        "Lon": 20.9774,
        "Lat": 52.2436
      },
      {
        "Brigade": "2",
        "Time": "2017-05-14 08:15:32",
        "Lines": "22",
        "Lon": 20.9777,
        "Lat": 52.2415
      },
      {
        "Brigade": "2",
        "Time": "2017-05-14 08:15:53",
        "Lines": "22",
        "Lon": 20.9776,
        "Lat": 52.2398
      },
      {
        "Brigade": "2",
        "Time": "2017-05-14 08:16:14",
        "Lines": "22",
        "Lon": 20.9776,
        "Lat": 52.2398
      },
      {
        "Brigade": "2",
        "Time": "2017-05-14 08:16:35",
        "Lines": "22",
        "Lon": 20.9782,
        "Lat": 52.2386
      },
      {
        "Brigade": "2",
        "Time": "2017-05-14 08:16:56",
        "Lines": "22",
        "Lon": 20.9785,
        "Lat": 52.2382
      },
      {
        "Brigade": "2",
        "Time": "2017-05-14 08:17:17",
        "Lines": "22",
        "Lon": 20.9796,
        "Lat": 52.2374
      },
      {
        "Brigade": "2",
        "Time": "2017-05-14 08:17:37",
        "Lines": "22",
        "Lon": 20.9798,
        "Lat": 52.2372
      }
    ]
  }
]
