[
  {
    "res": [
      {
        "Brigade": "3",
        "Time": "2017-05-14 04:21:20",
        "Lines": "24",
        "Lon": 21.0538,
        "Lat": 52.2551
      },
      {
        "Brigade": "3",
        "Time": "2017-05-14 04:21:35",
        "Lines": "24",
        "Lon": 21.0538,
        "Lat": 52.2548
      },
      {
        "Brigade": "3",
        "Time": "2017-05-14 04:21:45",
        "Lines": "24",
        "Lon": 21.0541,
        "Lat": 52.2544
      },
      {
        "Brigade": "3",
        "Time": "2017-05-14 04:21:55",
        "Lines": "24",
        "Lon": 21.0537,
        "Lat": 52.2539
      },
      {
        "Brigade": "3",
        "Time": "2017-05-14 04:22:04",
        "Lines": "24",
        "Lon": 21.0528,
        "Lat": 52.2536
      },
      {
        "Brigade": "3",
        "Time": "2017-05-14 04:22:20",
        "Lines": "24",
        "Lon": 21.0513,
        "Lat": 52.2532
      },
      {
        "Brigade": "3",
        "Time": "2017-05-14 04:22:29",
        "Lines": "24",
        "Lon": 21.0505,
        "Lat": 52.2529
      },
      {
        "Brigade": "3",
        "Time": "2017-05-14 04:22:44",
        "Lines": "24",
        "Lon": 21.0499,
        "Lat": 52.2527
      },
      {
        "Brigade": "3",
        "Time": "2017-05-14 04:22:54",
        "Lines": "24",
        "Lon": 21.0499,
        "Lat": 52.2527
      },
      {
        "Brigade": "3",
        "Time": "2017-05-14 04:23:04",
        "Lines": "24",
        "Lon": 21.049,
        "Lat": 52.2524
      },
      {
        "Brigade": "3",
        "Time": "2017-05-14 04:23:15",
        "Lines": "24",
        "Lon": 21.0473,
        "Lat": 52.2519
      },
      {
        "Brigade": "3",
        "Time": "2017-05-14 04:23:24",
        "Lines": "24",
        "Lon": 21.0458,
        "Lat": 52.2511
      },
      {
        "Brigade": "3",
        "Time": "2017-05-14 04:23:34",
        "Lines": "24",
        "Lon": 21.0445,
        "Lat": 52.2505
      },
      {
        "Brigade": "3",
        "Time": "2017-05-14 04:23:49",
        "Lines": "24",
        "Lon": 21.0433,
        "Lat": 52.2498
      },
      {
        "Brigade": "3",
        "Time": "2017-05-14 04:23:59",
        "Lines": "24",
        "Lon": 21.0431,
        "Lat": 52.2497
      },
      {
        "Brigade": "3",
        "Time": "2017-05-14 04:24:09",
        "Lines": "24",
        "Lon": 21.0431,
        "Lat": 52.2496
      },
      {
        "Brigade": "3",
        "Time": "2017-05-14 04:24:19",
        "Lines": "24",
        "Lon": 21.0431,
        "Lat": 52.2495
      },
      {
        "Brigade": "3",
        "Time": "2017-05-14 04:24:29",
        "Lines": "24",
        "Lon": 21.0429,
        "Lat": 52.2493
      },
      {
        "Brigade": "3",
        "Time": "2017-05-14 04:24:39",
        "Lines": "24",
        "Lon": 21.0431,
        "Lat": 52.2492
      },
      {
        "Brigade": "3",
        "Time": "2017-05-14 04:24:54",
        "Lines": "24",
        "Lon": 21.0441,
        "Lat": 52.2489
      },
      {
        "Brigade": "3",
        "Time": "2017-05-14 04:25:04",
        "Lines": "24",
        "Lon": 21.0442,
        "Lat": 52.2489
      },
      {
        "Brigade": "3",
        "Time": "2017-05-14 04:25:14",
        "Lines": "24",
        "Lon": 21.0443,
        "Lat": 52.2489
      },
      {
        "Brigade": "3",
        "Time": "2017-05-14 04:25:24",
        "Lines": "24",
        "Lon": 21.0446,
        "Lat": 52.2488
      },
      {
        "Brigade": "3",
        "Time": "2017-05-14 04:25:34",
        "Lines": "24",
        "Lon": 21.0456,
        "Lat": 52.2485
      },
      {
        "Brigade": "3",
        "Time": "2017-05-14 04:25:46",
        "Lines": "24",
        "Lon": 21.0464,
        "Lat": 52.2482
      },
      {
        "Brigade": "3",
        "Time": "2017-05-14 04:26:00",
        "Lines": "24",
        "Lon": 21.0471,
        "Lat": 52.2479
      },
      {
        "Brigade": "3",
        "Time": "2017-05-14 04:26:10",
        "Lines": "24",
        "Lon": 21.0471,
        "Lat": 52.2475
      },
      {
        "Brigade": "3",
        "Time": "2017-05-14 04:26:20",
        "Lines": "24",
        "Lon": 21.0472,
        "Lat": 52.247
      },
      {
        "Brigade": "3",
        "Time": "2017-05-14 04:26:31",
        "Lines": "24",
        "Lon": 21.0474,
        "Lat": 52.2467
      },
      {
        "Brigade": "3",
        "Time": "2017-05-14 04:26:42",
        "Lines": "24",
        "Lon": 21.0476,
        "Lat": 52.2463
      },
      {
        "Brigade": "3",
        "Time": "2017-05-14 04:26:51",
        "Lines": "24",
        "Lon": 21.048,
        "Lat": 52.2455
      },
      {
        "Brigade": "3",
        "Time": "2017-05-14 04:27:01",
        "Lines": "24",
        "Lon": 21.0486,
        "Lat": 52.2441
      },
      {
        "Brigade": "3",
        "Time": "2017-05-14 04:27:16",
        "Lines": "24",
        "Lon": 21.0496,
        "Lat": 52.242
      },
      {
        "Brigade": "3",
        "Time": "2017-05-14 04:27:26",
        "Lines": "24",
        "Lon": 21.0503,
        "Lat": 52.2406
      },
      {
        "Brigade": "3",
        "Time": "2017-05-14 04:27:36",
        "Lines": "24",
        "Lon": 21.0509,
        "Lat": 52.2394
      },
      {
        "Brigade": "3",
        "Time": "2017-05-14 04:27:51",
        "Lines": "24",
        "Lon": 21.0512,
        "Lat": 52.2389
      },
      {
        "Brigade": "3",
        "Time": "2017-05-14 04:28:01",
        "Lines": "24",
        "Lon": 21.0512,
        "Lat": 52.2389
      },
      {
        "Brigade": "3",
        "Time": "2017-05-14 04:28:11",
        "Lines": "24",
        "Lon": 21.0512,
        "Lat": 52.2389
      },
      {
        "Brigade": "3",
        "Time": "2017-05-14 04:28:21",
        "Lines": "24",
        "Lon": 21.0512,
        "Lat": 52.2389
      },
      {
        "Brigade": "3",
        "Time": "2017-05-14 04:28:35",
        "Lines": "24",
        "Lon": 21.0513,
        "Lat": 52.2386
      },
      {
        "Brigade": "3",
        "Time": "2017-05-14 04:28:46",
        "Lines": "24",
        "Lon": 21.051,
        "Lat": 52.238
      },
      {
        "Brigade": "3",
        "Time": "2017-05-14 04:28:56",
        "Lines": "24",
        "Lon": 21.0502,
        "Lat": 52.2378
      },
      {
        "Brigade": "3",
        "Time": "2017-05-14 04:29:06",
        "Lines": "24",
        "Lon": 21.05,
        "Lat": 52.2378
      },
      {
        "Brigade": "3",
        "Time": "2017-05-14 04:29:16",
        "Lines": "24",
        "Lon": 21.05,
        "Lat": 52.2378
      },
      {
        "Brigade": "3",
        "Time": "2017-05-14 04:29:31",
        "Lines": "24",
        "Lon": 21.0493,
        "Lat": 52.2376
      },
      {
        "Brigade": "3",
        "Time": "2017-05-14 04:29:41",
        "Lines": "24",
        "Lon": 21.0474,
        "Lat": 52.2372
      },
      {
        "Brigade": "3",
        "Time": "2017-05-14 04:29:53",
        "Lines": "24",
        "Lon": 21.0452,
        "Lat": 52.2368
      },
      {
        "Brigade": "3",
        "Time": "2017-05-14 04:30:01",
        "Lines": "24",
        "Lon": 21.0431,
        "Lat": 52.2364
      },
      {
        "Brigade": "3",
        "Time": "2017-05-14 04:30:16",
        "Lines": "24",
        "Lon": 21.04,
        "Lat": 52.2357
      },
      {
        "Brigade": "3",
        "Time": "2017-05-14 04:30:26",
        "Lines": "24",
        "Lon": 21.0381,
        "Lat": 52.2353
      },
      {
        "Brigade": "3",
        "Time": "2017-05-14 04:30:36",
        "Lines": "24",
        "Lon": 21.0369,
        "Lat": 52.2351
      },
      {
        "Brigade": "3",
        "Time": "2017-05-14 04:30:46",
        "Lines": "24",
        "Lon": 21.0364,
        "Lat": 52.235
      },
      {
        "Brigade": "3",
        "Time": "2017-05-14 04:30:57",
        "Lines": "24",
        "Lon": 21.0364,
        "Lat": 52.235
      },
      {
        "Brigade": "3",
        "Time": "2017-05-14 04:31:02",
        "Lines": "24",
        "Lon": 21.0364,
        "Lat": 52.235
      },
      {
        "Brigade": "3",
        "Time": "2017-05-14 04:31:18",
        "Lines": "24",
        "Lon": 21.0364,
        "Lat": 52.235
      },
      {
        "Brigade": "3",
        "Time": "2017-05-14 04:31:28",
        "Lines": "24",
        "Lon": 21.0358,
        "Lat": 52.2349
      },
      {
        "Brigade": "3",
        "Time": "2017-05-14 04:31:44",
        "Lines": "24",
        "Lon": 21.0343,
        "Lat": 52.2345
      },
      {
        "Brigade": "3",
        "Time": "2017-05-14 04:31:54",
        "Lines": "24",
        "Lon": 21.0333,
        "Lat": 52.2344
      },
      {
        "Brigade": "3",
        "Time": "2017-05-14 04:32:03",
        "Lines": "24",
        "Lon": 21.0324,
        "Lat": 52.2342
      },
      {
        "Brigade": "3",
        "Time": "2017-05-14 04:32:13",
        "Lines": "24",
        "Lon": 21.0321,
        "Lat": 52.2341
      },
      {
        "Brigade": "3",
        "Time": "2017-05-14 04:32:28",
        "Lines": "24",
        "Lon": 21.0307,
        "Lat": 52.2338
      },
      {
        "Brigade": "3",
        "Time": "2017-05-14 04:32:39",
        "Lines": "24",
        "Lon": 21.03,
        "Lat": 52.2337
      },
      {
        "Brigade": "3",
        "Time": "2017-05-14 04:32:48",
        "Lines": "24",
        "Lon": 21.0294,
        "Lat": 52.2336
      },
      {
        "Brigade": "3",
        "Time": "2017-05-14 04:32:59",
        "Lines": "24",
        "Lon": 21.0279,
        "Lat": 52.2333
      },
      {
        "Brigade": "3",
        "Time": "2017-05-14 04:33:09",
        "Lines": "24",
        "Lon": 21.0262,
        "Lat": 52.2329
      },
      {
        "Brigade": "3",
        "Time": "2017-05-14 04:33:24",
        "Lines": "24",
        "Lon": 21.0233,
        "Lat": 52.2323
      },
      {
        "Brigade": "3",
        "Time": "2017-05-14 04:33:34",
        "Lines": "24",
        "Lon": 21.0221,
        "Lat": 52.232
      },
      {
        "Brigade": "3",
        "Time": "2017-05-14 04:33:45",
        "Lines": "24",
        "Lon": 21.0215,
        "Lat": 52.2319
      },
      {
        "Brigade": "3",
        "Time": "2017-05-14 04:33:54",
        "Lines": "24",
        "Lon": 21.0215,
        "Lat": 52.2319
      },
      {
        "Brigade": "3",
        "Time": "2017-05-14 04:34:04",
        "Lines": "24",
        "Lon": 21.0215,
        "Lat": 52.2319
      },
      {
        "Brigade": "3",
        "Time": "2017-05-14 04:34:19",
        "Lines": "24",
        "Lon": 21.0216,
        "Lat": 52.2319
      },
      {
        "Brigade": "3",
        "Time": "2017-05-14 04:34:29",
        "Lines": "24",
        "Lon": 21.0211,
        "Lat": 52.2318
      },
      {
        "Brigade": "3",
        "Time": "2017-05-14 04:34:35",
        "Lines": "24",
        "Lon": 21.0202,
        "Lat": 52.2316
      },
      {
        "Brigade": "3",
        "Time": "2017-05-14 04:34:50",
        "Lines": "24",
        "Lon": 21.0177,
        "Lat": 52.2311
      },
      {
        "Brigade": "3",
        "Time": "2017-05-14 04:35:02",
        "Lines": "24",
        "Lon": 21.0169,
        "Lat": 52.2309
      },
      {
        "Brigade": "3",
        "Time": "2017-05-14 04:35:11",
        "Lines": "24",
        "Lon": 21.0169,
        "Lat": 52.2309
      },
      {
        "Brigade": "3",
        "Time": "2017-05-14 04:35:21",
        "Lines": "24",
        "Lon": 21.017,
        "Lat": 52.2309
      },
      {
        "Brigade": "3",
        "Time": "2017-05-14 04:35:32",
        "Lines": "24",
        "Lon": 21.0162,
        "Lat": 52.2307
      },
      {
        "Brigade": "3",
        "Time": "2017-05-14 04:35:46",
        "Lines": "24",
        "Lon": 21.0135,
        "Lat": 52.23
      },
      {
        "Brigade": "3",
        "Time": "2017-05-14 04:35:56",
        "Lines": "24",
        "Lon": 21.0124,
        "Lat": 52.2299
      },
      {
        "Brigade": "3",
        "Time": "2017-05-14 04:36:01",
        "Lines": "24",
        "Lon": 21.0123,
        "Lat": 52.2299
      },
      {
        "Brigade": "3",
        "Time": "2017-05-14 04:36:19",
        "Lines": "24",
        "Lon": 21.0122,
        "Lat": 52.2299
      },
      {
        "Brigade": "3",
        "Time": "2017-05-14 04:36:31",
        "Lines": "24",
        "Lon": 21.0117,
        "Lat": 52.2298
      },
      {
        "Brigade": "3",
        "Time": "2017-05-14 04:36:39",
        "Lines": "24",
        "Lon": 21.0105,
        "Lat": 52.2295
      },
      {
        "Brigade": "3",
        "Time": "2017-05-14 04:36:54",
        "Lines": "24",
        "Lon": 21.0073,
        "Lat": 52.2289
      },
      {
        "Brigade": "3",
        "Time": "2017-05-14 04:37:04",
        "Lines": "24",
        "Lon": 21.0053,
        "Lat": 52.2285
      },
      {
        "Brigade": "3",
        "Time": "2017-05-14 04:37:14",
        "Lines": "24",
        "Lon": 21.0032,
        "Lat": 52.228
      },
      {
        "Brigade": "3",
        "Time": "2017-05-14 04:37:24",
        "Lines": "24",
        "Lon": 21.0026,
        "Lat": 52.2279
      },
      {
        "Brigade": "3",
        "Time": "2017-05-14 04:37:35",
        "Lines": "24",
        "Lon": 21.0026,
        "Lat": 52.2279
      },
      {
        "Brigade": "3",
        "Time": "2017-05-14 04:37:45",
        "Lines": "24",
        "Lon": 21.0026,
        "Lat": 52.2279
      },
      {
        "Brigade": "3",
        "Time": "2017-05-14 04:37:55",
        "Lines": "24",
        "Lon": 21.0025,
        "Lat": 52.2279
      },
      {
        "Brigade": "3",
        "Time": "2017-05-14 04:38:10",
        "Lines": "24",
        "Lon": 21.002,
        "Lat": 52.2277
      },
      {
        "Brigade": "3",
        "Time": "2017-05-14 04:38:20",
        "Lines": "24",
        "Lon": 21.0009,
        "Lat": 52.2275
      },
      {
        "Brigade": "3",
        "Time": "2017-05-14 04:38:30",
        "Lines": "24",
        "Lon": 21,
        "Lat": 52.2274
      },
      {
        "Brigade": "3",
        "Time": "2017-05-14 04:38:41",
        "Lines": "24",
        "Lon": 20.9992,
        "Lat": 52.2272
      },
      {
        "Brigade": "3",
        "Time": "2017-05-14 04:38:55",
        "Lines": "24",
        "Lon": 20.997,
        "Lat": 52.2267
      },
      {
        "Brigade": "3",
        "Time": "2017-05-14 04:39:05",
        "Lines": "24",
        "Lon": 20.9963,
        "Lat": 52.2266
      },
      {
        "Brigade": "3",
        "Time": "2017-05-14 04:39:15",
        "Lines": "24",
        "Lon": 20.9963,
        "Lat": 52.2266
      },
      {
        "Brigade": "3",
        "Time": "2017-05-14 04:39:28",
        "Lines": "24",
        "Lon": 20.9959,
        "Lat": 52.2265
      },
      {
        "Brigade": "3",
        "Time": "2017-05-14 04:39:35",
        "Lines": "24",
        "Lon": 20.9953,
        "Lat": 52.2264
      },
      {
        "Brigade": "3",
        "Time": "2017-05-14 04:39:45",
        "Lines": "24",
        "Lon": 20.9944,
        "Lat": 52.2261
      },
      {
        "Brigade": "3",
        "Time": "2017-05-14 04:40:00",
        "Lines": "24",
        "Lon": 20.9922,
        "Lat": 52.2256
      },
      {
        "Brigade": "3",
        "Time": "2017-05-14 04:40:10",
        "Lines": "24",
        "Lon": 20.9909,
        "Lat": 52.2254
      },
      {
        "Brigade": "3",
        "Time": "2017-05-14 04:40:20",
        "Lines": "24",
        "Lon": 20.99,
        "Lat": 52.2251
      },
      {
        "Brigade": "3",
        "Time": "2017-05-14 04:40:30",
        "Lines": "24",
        "Lon": 20.9897,
        "Lat": 52.225
      },
      {
        "Brigade": "3",
        "Time": "2017-05-14 04:40:45",
        "Lines": "24",
        "Lon": 20.9897,
        "Lat": 52.225
      },
      {
        "Brigade": "3",
        "Time": "2017-05-14 04:40:55",
        "Lines": "24",
        "Lon": 20.9897,
        "Lat": 52.2251
      },
      {
        "Brigade": "3",
        "Time": "2017-05-14 04:41:05",
        "Lines": "24",
        "Lon": 20.9897,
        "Lat": 52.2251
      },
      {
        "Brigade": "3",
        "Time": "2017-05-14 04:41:15",
        "Lines": "24",
        "Lon": 20.9896,
        "Lat": 52.2251
      },
      {
        "Brigade": "3",
        "Time": "2017-05-14 04:41:25",
        "Lines": "24",
        "Lon": 20.9897,
        "Lat": 52.2251
      },
      {
        "Brigade": "3",
        "Time": "2017-05-14 04:41:35",
        "Lines": "24",
        "Lon": 20.9892,
        "Lat": 52.225
      },
      {
        "Brigade": "3",
        "Time": "2017-05-14 04:41:46",
        "Lines": "24",
        "Lon": 20.9886,
        "Lat": 52.2255
      },
      {
        "Brigade": "3",
        "Time": "2017-05-14 04:42:01",
        "Lines": "24",
        "Lon": 20.9882,
        "Lat": 52.2259
      },
      {
        "Brigade": "3",
        "Time": "2017-05-14 04:42:06",
        "Lines": "24",
        "Lon": 20.9882,
        "Lat": 52.2259
      },
      {
        "Brigade": "3",
        "Time": "2017-05-14 04:42:23",
        "Lines": "24",
        "Lon": 20.9882,
        "Lat": 52.2259
      },
      {
        "Brigade": "3",
        "Time": "2017-05-14 04:42:33",
        "Lines": "24",
        "Lon": 20.9879,
        "Lat": 52.2263
      },
      {
        "Brigade": "3",
        "Time": "2017-05-14 04:42:43",
        "Lines": "24",
        "Lon": 20.9871,
        "Lat": 52.2273
      },
      {
        "Brigade": "3",
        "Time": "2017-05-14 04:42:53",
        "Lines": "24",
        "Lon": 20.9861,
        "Lat": 52.2285
      },
      {
        "Brigade": "3",
        "Time": "2017-05-14 04:43:04",
        "Lines": "24",
        "Lon": 20.9851,
        "Lat": 52.2296
      },
      {
        "Brigade": "3",
        "Time": "2017-05-14 04:43:18",
        "Lines": "24",
        "Lon": 20.9848,
        "Lat": 52.2299
      },
      {
        "Brigade": "3",
        "Time": "2017-05-14 04:43:28",
        "Lines": "24",
        "Lon": 20.9848,
        "Lat": 52.2299
      },
      {
        "Brigade": "3",
        "Time": "2017-05-14 04:43:38",
        "Lines": "24",
        "Lon": 20.9848,
        "Lat": 52.2299
      },
      {
        "Brigade": "3",
        "Time": "2017-05-14 04:43:48",
        "Lines": "24",
        "Lon": 20.9848,
        "Lat": 52.2299
      },
      {
        "Brigade": "3",
        "Time": "2017-05-14 04:43:58",
        "Lines": "24",
        "Lon": 20.9845,
        "Lat": 52.2303
      },
      {
        "Brigade": "3",
        "Time": "2017-05-14 04:44:14",
        "Lines": "24",
        "Lon": 20.9836,
        "Lat": 52.2313
      },
      {
        "Brigade": "3",
        "Time": "2017-05-14 04:44:24",
        "Lines": "24",
        "Lon": 20.9828,
        "Lat": 52.2323
      },
      {
        "Brigade": "3",
        "Time": "2017-05-14 04:44:35",
        "Lines": "24",
        "Lon": 20.9823,
        "Lat": 52.233
      },
      {
        "Brigade": "3",
        "Time": "2017-05-14 04:44:44",
        "Lines": "24",
        "Lon": 20.9822,
        "Lat": 52.2331
      },
      {
        "Brigade": "3",
        "Time": "2017-05-14 04:44:59",
        "Lines": "24",
        "Lon": 20.9822,
        "Lat": 52.2331
      },
      {
        "Brigade": "3",
        "Time": "2017-05-14 04:45:09",
        "Lines": "24",
        "Lon": 20.9822,
        "Lat": 52.2331
      },
      {
        "Brigade": "3",
        "Time": "2017-05-14 04:45:21",
        "Lines": "24",
        "Lon": 20.9822,
        "Lat": 52.2332
      },
      {
        "Brigade": "3",
        "Time": "2017-05-14 04:45:29",
        "Lines": "24",
        "Lon": 20.9817,
        "Lat": 52.234
      },
      {
        "Brigade": "3",
        "Time": "2017-05-14 04:45:39",
        "Lines": "24",
        "Lon": 20.981,
        "Lat": 52.2349
      },
      {
        "Brigade": "3",
        "Time": "2017-05-14 04:45:49",
        "Lines": "24",
        "Lon": 20.9805,
        "Lat": 52.2359
      },
      {
        "Brigade": "3",
        "Time": "2017-05-14 04:46:04",
        "Lines": "24",
        "Lon": 20.9803,
        "Lat": 52.2367
      },
      {
        "Brigade": "3",
        "Time": "2017-05-14 04:46:14",
        "Lines": "24",
        "Lon": 20.9797,
        "Lat": 52.2368
      },
      {
        "Brigade": "3",
        "Time": "2017-05-14 04:46:24",
        "Lines": "24",
        "Lon": 20.9789,
        "Lat": 52.2365
      },
      {
        "Brigade": "3",
        "Time": "2017-05-14 04:46:46",
        "Lines": "24",
        "Lon": 20.9789,
        "Lat": 52.2365
      },
      {
        "Brigade": "3",
        "Time": "2017-05-14 04:46:59",
        "Lines": "24",
        "Lon": 20.9772,
        "Lat": 52.236
      },
      {
        "Brigade": "3",
        "Time": "2017-05-14 04:47:09",
        "Lines": "24",
        "Lon": 20.9758,
        "Lat": 52.2357
      },
      {
        "Brigade": "3",
        "Time": "2017-05-14 04:47:19",
        "Lines": "24",
        "Lon": 20.9747,
        "Lat": 52.2354
      },
      {
        "Brigade": "3",
        "Time": "2017-05-14 04:47:29",
        "Lines": "24",
        "Lon": 20.9736,
        "Lat": 52.2352
      },
      {
        "Brigade": "3",
        "Time": "2017-05-14 04:47:44",
        "Lines": "24",
        "Lon": 20.9735,
        "Lat": 52.2351
      },
      {
        "Brigade": "3",
        "Time": "2017-05-14 04:47:54",
        "Lines": "24",
        "Lon": 20.9735,
        "Lat": 52.2351
      },
      {
        "Brigade": "3",
        "Time": "2017-05-14 04:48:04",
        "Lines": "24",
        "Lon": 20.9735,
        "Lat": 52.2351
      },
      {
        "Brigade": "3",
        "Time": "2017-05-14 04:48:14",
        "Lines": "24",
        "Lon": 20.9735,
        "Lat": 52.2351
      },
      {
        "Brigade": "3",
        "Time": "2017-05-14 04:48:29",
        "Lines": "24",
        "Lon": 20.9735,
        "Lat": 52.2351
      },
      {
        "Brigade": "3",
        "Time": "2017-05-14 04:48:39",
        "Lines": "24",
        "Lon": 20.9735,
        "Lat": 52.2351
      },
      {
        "Brigade": "3",
        "Time": "2017-05-14 04:48:49",
        "Lines": "24",
        "Lon": 20.9728,
        "Lat": 52.2352
      },
      {
        "Brigade": "3",
        "Time": "2017-05-14 04:48:59",
        "Lines": "24",
        "Lon": 20.9726,
        "Lat": 52.2355
      },
      {
        "Brigade": "3",
        "Time": "2017-05-14 04:49:09",
        "Lines": "24",
        "Lon": 20.9725,
        "Lat": 52.2359
      },
      {
        "Brigade": "3",
        "Time": "2017-05-14 04:49:19",
        "Lines": "24",
        "Lon": 20.9723,
        "Lat": 52.2363
      },
      {
        "Brigade": "3",
        "Time": "2017-05-14 04:49:34",
        "Lines": "24",
        "Lon": 20.9723,
        "Lat": 52.2366
      },
      {
        "Brigade": "3",
        "Time": "2017-05-14 04:49:44",
        "Lines": "24",
        "Lon": 20.9723,
        "Lat": 52.2366
      },
      {
        "Brigade": "3",
        "Time": "2017-05-14 04:49:54",
        "Lines": "24",
        "Lon": 20.9721,
        "Lat": 52.237
      },
      {
        "Brigade": "3",
        "Time": "2017-05-14 04:52:21",
        "Lines": "24",
        "Lon": 20.965,
        "Lat": 52.2449
      },
      {
        "Brigade": "3",
        "Time": "2017-05-14 05:13:49",
        "Lines": "24",
        "Lon": 20.9249,
        "Lat": 52.2601
      },
      {
        "Brigade": "3",
        "Time": "2017-05-14 05:13:59",
        "Lines": "24",
        "Lon": 20.9249,
        "Lat": 52.2601
      },
      {
        "Brigade": "3",
        "Time": "2017-05-14 05:14:08",
        "Lines": "24",
        "Lon": 20.9249,
        "Lat": 52.2601
      },
      {
        "Brigade": "3",
        "Time": "2017-05-14 05:14:21",
        "Lines": "24",
        "Lon": 20.9621,
        "Lat": 52.2465
      },
      {
        "Brigade": "3",
        "Time": "2017-05-14 05:14:22",
        "Lines": "24",
        "Lon": 20.9618,
        "Lat": 52.2466
      },
      {
        "Brigade": "3",
        "Time": "2017-05-14 05:14:53",
        "Lines": "24",
        "Lon": 20.9249,
        "Lat": 52.2601
      },
      {
        "Brigade": "3",
        "Time": "2017-05-14 05:15:13",
        "Lines": "24",
        "Lon": 20.9249,
        "Lat": 52.2601
      },
      {
        "Brigade": "3",
        "Time": "2017-05-14 05:15:23",
        "Lines": "24",
        "Lon": 20.9249,
        "Lat": 52.2601
      },
      {
        "Brigade": "3",
        "Time": "2017-05-14 05:15:38",
        "Lines": "24",
        "Lon": 20.9249,
        "Lat": 52.2601
      },
      {
        "Brigade": "3",
        "Time": "2017-05-14 05:15:48",
        "Lines": "24",
        "Lon": 20.9249,
        "Lat": 52.2601
      },
      {
        "Brigade": "3",
        "Time": "2017-05-14 05:15:59",
        "Lines": "24",
        "Lon": 20.9249,
        "Lat": 52.2601
      },
      {
        "Brigade": "3",
        "Time": "2017-05-14 05:16:08",
        "Lines": "24",
        "Lon": 20.9249,
        "Lat": 52.2601
      },
      {
        "Brigade": "3",
        "Time": "2017-05-14 05:16:19",
        "Lines": "24",
        "Lon": 20.9249,
        "Lat": 52.2601
      },
      {
        "Brigade": "3",
        "Time": "2017-05-14 05:16:34",
        "Lines": "24",
        "Lon": 20.9249,
        "Lat": 52.2601
      },
      {
        "Brigade": "3",
        "Time": "2017-05-14 05:16:43",
        "Lines": "24",
        "Lon": 20.9249,
        "Lat": 52.2601
      },
      {
        "Brigade": "3",
        "Time": "2017-05-14 05:16:53",
        "Lines": "24",
        "Lon": 20.9249,
        "Lat": 52.2601
      },
      {
        "Brigade": "3",
        "Time": "2017-05-14 05:17:03",
        "Lines": "24",
        "Lon": 20.9249,
        "Lat": 52.2601
      },
      {
        "Brigade": "3",
        "Time": "2017-05-14 05:17:13",
        "Lines": "24",
        "Lon": 20.9249,
        "Lat": 52.2601
      },
      {
        "Brigade": "3",
        "Time": "2017-05-14 05:17:28",
        "Lines": "24",
        "Lon": 20.9249,
        "Lat": 52.2601
      },
      {
        "Brigade": "3",
        "Time": "2017-05-14 05:17:38",
        "Lines": "24",
        "Lon": 20.9249,
        "Lat": 52.2601
      },
      {
        "Brigade": "3",
        "Time": "2017-05-14 05:17:48",
        "Lines": "24",
        "Lon": 20.9249,
        "Lat": 52.2601
      },
      {
        "Brigade": "3",
        "Time": "2017-05-14 05:18:03",
        "Lines": "24",
        "Lon": 20.9249,
        "Lat": 52.2601
      },
      {
        "Brigade": "3",
        "Time": "2017-05-14 05:18:13",
        "Lines": "24",
        "Lon": 20.9249,
        "Lat": 52.2601
      },
      {
        "Brigade": "3",
        "Time": "2017-05-14 05:18:23",
        "Lines": "24",
        "Lon": 20.9249,
        "Lat": 52.2601
      },
      {
        "Brigade": "3",
        "Time": "2017-05-14 05:18:33",
        "Lines": "24",
        "Lon": 20.9249,
        "Lat": 52.2601
      },
      {
        "Brigade": "3",
        "Time": "2017-05-14 05:18:43",
        "Lines": "24",
        "Lon": 20.9249,
        "Lat": 52.2601
      },
      {
        "Brigade": "3",
        "Time": "2017-05-14 05:18:53",
        "Lines": "24",
        "Lon": 20.9249,
        "Lat": 52.2601
      },
      {
        "Brigade": "3",
        "Time": "2017-05-14 05:19:03",
        "Lines": "24",
        "Lon": 20.9249,
        "Lat": 52.2601
      },
      {
        "Brigade": "3",
        "Time": "2017-05-14 05:19:18",
        "Lines": "24",
        "Lon": 20.9249,
        "Lat": 52.2601
      },
      {
        "Brigade": "3",
        "Time": "2017-05-14 05:19:28",
        "Lines": "24",
        "Lon": 20.9249,
        "Lat": 52.2601
      },
      {
        "Brigade": "3",
        "Time": "2017-05-14 05:19:43",
        "Lines": "24",
        "Lon": 20.9249,
        "Lat": 52.2601
      },
      {
        "Brigade": "3",
        "Time": "2017-05-14 05:19:53",
        "Lines": "24",
        "Lon": 20.9249,
        "Lat": 52.2601
      },
      {
        "Brigade": "3",
        "Time": "2017-05-14 05:20:03",
        "Lines": "24",
        "Lon": 20.9249,
        "Lat": 52.2601
      },
      {
        "Brigade": "3",
        "Time": "2017-05-14 05:20:13",
        "Lines": "24",
        "Lon": 20.9249,
        "Lat": 52.2601
      },
      {
        "Brigade": "3",
        "Time": "2017-05-14 05:20:23",
        "Lines": "24",
        "Lon": 20.9249,
        "Lat": 52.2601
      },
      {
        "Brigade": "3",
        "Time": "2017-05-14 05:20:38",
        "Lines": "24",
        "Lon": 20.9249,
        "Lat": 52.2601
      },
      {
        "Brigade": "3",
        "Time": "2017-05-14 05:20:48",
        "Lines": "24",
        "Lon": 20.9249,
        "Lat": 52.2601
      },
      {
        "Brigade": "3",
        "Time": "2017-05-14 05:20:58",
        "Lines": "24",
        "Lon": 20.9249,
        "Lat": 52.2601
      },
      {
        "Brigade": "3",
        "Time": "2017-05-14 05:21:13",
        "Lines": "24",
        "Lon": 20.9249,
        "Lat": 52.2601
      },
      {
        "Brigade": "3",
        "Time": "2017-05-14 05:21:23",
        "Lines": "24",
        "Lon": 20.9249,
        "Lat": 52.2601
      },
      {
        "Brigade": "3",
        "Time": "2017-05-14 05:21:33",
        "Lines": "24",
        "Lon": 20.9249,
        "Lat": 52.2601
      },
      {
        "Brigade": "3",
        "Time": "2017-05-14 05:21:43",
        "Lines": "24",
        "Lon": 20.9249,
        "Lat": 52.2601
      },
      {
        "Brigade": "3",
        "Time": "2017-05-14 05:21:53",
        "Lines": "24",
        "Lon": 20.9249,
        "Lat": 52.2601
      },
      {
        "Brigade": "3",
        "Time": "2017-05-14 05:22:03",
        "Lines": "24",
        "Lon": 20.9249,
        "Lat": 52.2601
      },
      {
        "Brigade": "3",
        "Time": "2017-05-14 05:22:18",
        "Lines": "24",
        "Lon": 20.9249,
        "Lat": 52.2601
      },
      {
        "Brigade": "3",
        "Time": "2017-05-14 05:22:28",
        "Lines": "24",
        "Lon": 20.9249,
        "Lat": 52.2601
      },
      {
        "Brigade": "3",
        "Time": "2017-05-14 05:22:39",
        "Lines": "24",
        "Lon": 20.9244,
        "Lat": 52.26
      },
      {
        "Brigade": "3",
        "Time": "2017-05-14 05:22:48",
        "Lines": "24",
        "Lon": 20.9239,
        "Lat": 52.2602
      },
      {
        "Brigade": "3",
        "Time": "2017-05-14 05:22:59",
        "Lines": "24",
        "Lon": 20.9234,
        "Lat": 52.26
      },
      {
        "Brigade": "3",
        "Time": "2017-05-14 05:23:23",
        "Lines": "24",
        "Lon": 20.9232,
        "Lat": 52.2598
      },
      {
        "Brigade": "3",
        "Time": "2017-05-14 05:23:33",
        "Lines": "24",
        "Lon": 20.9227,
        "Lat": 52.2594
      },
      {
        "Brigade": "3",
        "Time": "2017-05-14 05:23:43",
        "Lines": "24",
        "Lon": 20.9226,
        "Lat": 52.2593
      },
      {
        "Brigade": "3",
        "Time": "2017-05-14 05:23:53",
        "Lines": "24",
        "Lon": 20.9219,
        "Lat": 52.2588
      },
      {
        "Brigade": "3",
        "Time": "2017-05-14 05:24:04",
        "Lines": "24",
        "Lon": 20.9209,
        "Lat": 52.2579
      },
      {
        "Brigade": "3",
        "Time": "2017-05-14 05:24:17",
        "Lines": "24",
        "Lon": 20.9203,
        "Lat": 52.2574
      },
      {
        "Brigade": "3",
        "Time": "2017-05-14 05:24:28",
        "Lines": "24",
        "Lon": 20.9203,
        "Lat": 52.2574
      },
      {
        "Brigade": "3",
        "Time": "2017-05-14 05:24:34",
        "Lines": "24",
        "Lon": 20.9203,
        "Lat": 52.2574
      },
      {
        "Brigade": "3",
        "Time": "2017-05-14 05:24:53",
        "Lines": "24",
        "Lon": 20.9188,
        "Lat": 52.2563
      },
      {
        "Brigade": "3",
        "Time": "2017-05-14 05:25:04",
        "Lines": "24",
        "Lon": 20.9177,
        "Lat": 52.2553
      },
      {
        "Brigade": "3",
        "Time": "2017-05-14 05:25:09",
        "Lines": "24",
        "Lon": 20.9173,
        "Lat": 52.255
      },
      {
        "Brigade": "3",
        "Time": "2017-05-14 05:25:18",
        "Lines": "24",
        "Lon": 20.916,
        "Lat": 52.254
      },
      {
        "Brigade": "3",
        "Time": "2017-05-14 05:25:49",
        "Lines": "24",
        "Lon": 20.9139,
        "Lat": 52.2524
      },
      {
        "Brigade": "3",
        "Time": "2017-05-14 05:42:21",
        "Lines": "24",
        "Lon": 20.9727,
        "Lat": 52.2354
      },
      {
        "Brigade": "3",
        "Time": "2017-05-14 05:42:34",
        "Lines": "24",
        "Lon": 20.9728,
        "Lat": 52.2353
      },
      {
        "Brigade": "3",
        "Time": "2017-05-14 05:42:44",
        "Lines": "24",
        "Lon": 20.9727,
        "Lat": 52.2352
      },
      {
        "Brigade": "3",
        "Time": "2017-05-14 05:42:54",
        "Lines": "24",
        "Lon": 20.9727,
        "Lat": 52.2352
      },
      {
        "Brigade": "3",
        "Time": "2017-05-14 05:43:03",
        "Lines": "24",
        "Lon": 20.9165,
        "Lat": 52.2508
      },
      {
        "Brigade": "3",
        "Time": "2017-05-14 05:43:18",
        "Lines": "24",
        "Lon": 20.9735,
        "Lat": 52.2351
      },
      {
        "Brigade": "3",
        "Time": "2017-05-14 05:43:28",
        "Lines": "24",
        "Lon": 20.9739,
        "Lat": 52.2352
      },
      {
        "Brigade": "3",
        "Time": "2017-05-14 05:43:38",
        "Lines": "24",
        "Lon": 20.9743,
        "Lat": 52.2353
      },
      {
        "Brigade": "3",
        "Time": "2017-05-14 05:43:48",
        "Lines": "24",
        "Lon": 20.9743,
        "Lat": 52.2353
      },
      {
        "Brigade": "3",
        "Time": "2017-05-14 05:44:03",
        "Lines": "24",
        "Lon": 20.9743,
        "Lat": 52.2353
      },
      {
        "Brigade": "3",
        "Time": "2017-05-14 05:44:13",
        "Lines": "24",
        "Lon": 20.975,
        "Lat": 52.2355
      },
      {
        "Brigade": "3",
        "Time": "2017-05-14 05:44:23",
        "Lines": "24",
        "Lon": 20.9763,
        "Lat": 52.2358
      },
      {
        "Brigade": "3",
        "Time": "2017-05-14 05:44:33",
        "Lines": "24",
        "Lon": 20.9778,
        "Lat": 52.2362
      },
      {
        "Brigade": "3",
        "Time": "2017-05-14 05:44:43",
        "Lines": "24",
        "Lon": 20.9787,
        "Lat": 52.2364
      },
      {
        "Brigade": "3",
        "Time": "2017-05-14 05:44:58",
        "Lines": "24",
        "Lon": 20.9797,
        "Lat": 52.2368
      },
      {
        "Brigade": "3",
        "Time": "2017-05-14 05:45:29",
        "Lines": "24",
        "Lon": 20.9797,
        "Lat": 52.2367
      },
      {
        "Brigade": "3",
        "Time": "2017-05-14 05:45:42",
        "Lines": "24",
        "Lon": 20.9801,
        "Lat": 52.2368
      },
      {
        "Brigade": "3",
        "Time": "2017-05-14 05:45:49",
        "Lines": "24",
        "Lon": 20.9804,
        "Lat": 52.2364
      },
      {
        "Brigade": "3",
        "Time": "2017-05-14 05:46:01",
        "Lines": "24",
        "Lon": 20.9805,
        "Lat": 52.2361
      },
      {
        "Brigade": "3",
        "Time": "2017-05-14 05:46:13",
        "Lines": "24",
        "Lon": 20.9805,
        "Lat": 52.2361
      },
      {
        "Brigade": "3",
        "Time": "2017-05-14 05:46:26",
        "Lines": "24",
        "Lon": 20.9806,
        "Lat": 52.2358
      },
      {
        "Brigade": "3",
        "Time": "2017-05-14 05:46:33",
        "Lines": "24",
        "Lon": 20.9809,
        "Lat": 52.2352
      },
      {
        "Brigade": "3",
        "Time": "2017-05-14 05:46:44",
        "Lines": "24",
        "Lon": 20.9816,
        "Lat": 52.2344
      },
      {
        "Brigade": "3",
        "Time": "2017-05-14 05:48:03",
        "Lines": "24",
        "Lon": 20.9825,
        "Lat": 52.2327
      },
      {
        "Brigade": "3",
        "Time": "2017-05-14 05:48:17",
        "Lines": "24",
        "Lon": 20.9822,
        "Lat": 52.2333
      },
      {
        "Brigade": "3",
        "Time": "2017-05-14 05:48:23",
        "Lines": "24",
        "Lon": 20.984,
        "Lat": 52.2309
      },
      {
        "Brigade": "3",
        "Time": "2017-05-14 05:48:38",
        "Lines": "24",
        "Lon": 20.984,
        "Lat": 52.2308
      },
      {
        "Brigade": "3",
        "Time": "2017-05-14 05:48:48",
        "Lines": "24",
        "Lon": 20.984,
        "Lat": 52.2308
      },
      {
        "Brigade": "3",
        "Time": "2017-05-14 05:48:58",
        "Lines": "24",
        "Lon": 20.984,
        "Lat": 52.2308
      },
      {
        "Brigade": "3",
        "Time": "2017-05-14 05:49:08",
        "Lines": "24",
        "Lon": 20.984,
        "Lat": 52.2308
      },
      {
        "Brigade": "3",
        "Time": "2017-05-14 05:49:23",
        "Lines": "24",
        "Lon": 20.984,
        "Lat": 52.2308
      },
      {
        "Brigade": "3",
        "Time": "2017-05-14 05:49:33",
        "Lines": "24",
        "Lon": 20.984,
        "Lat": 52.2308
      },
      {
        "Brigade": "3",
        "Time": "2017-05-14 05:49:43",
        "Lines": "24",
        "Lon": 20.9841,
        "Lat": 52.2308
      },
      {
        "Brigade": "3",
        "Time": "2017-05-14 05:49:53",
        "Lines": "24",
        "Lon": 20.9846,
        "Lat": 52.2302
      },
      {
        "Brigade": "3",
        "Time": "2017-05-14 05:50:03",
        "Lines": "24",
        "Lon": 20.9852,
        "Lat": 52.2295
      },
      {
        "Brigade": "3",
        "Time": "2017-05-14 05:50:13",
        "Lines": "24",
        "Lon": 20.9859,
        "Lat": 52.2287
      },
      {
        "Brigade": "3",
        "Time": "2017-05-14 05:50:28",
        "Lines": "24",
        "Lon": 20.9869,
        "Lat": 52.2275
      },
      {
        "Brigade": "3",
        "Time": "2017-05-14 05:50:35",
        "Lines": "24",
        "Lon": 20.9873,
        "Lat": 52.227
      },
      {
        "Brigade": "3",
        "Time": "2017-05-14 05:50:58",
        "Lines": "24",
        "Lon": 20.9885,
        "Lat": 52.2255
      },
      {
        "Brigade": "3",
        "Time": "2017-05-14 05:51:12",
        "Lines": "24",
        "Lon": 20.9885,
        "Lat": 52.2255
      },
      {
        "Brigade": "3",
        "Time": "2017-05-14 05:51:22",
        "Lines": "24",
        "Lon": 20.9886,
        "Lat": 52.2254
      },
      {
        "Brigade": "3",
        "Time": "2017-05-14 05:51:32",
        "Lines": "24",
        "Lon": 20.9888,
        "Lat": 52.2252
      },
      {
        "Brigade": "3",
        "Time": "2017-05-14 05:51:42",
        "Lines": "24",
        "Lon": 20.9888,
        "Lat": 52.2252
      },
      {
        "Brigade": "3",
        "Time": "2017-05-14 05:51:52",
        "Lines": "24",
        "Lon": 20.9888,
        "Lat": 52.2252
      },
      {
        "Brigade": "3",
        "Time": "2017-05-14 05:52:02",
        "Lines": "24",
        "Lon": 20.9888,
        "Lat": 52.2252
      },
      {
        "Brigade": "3",
        "Time": "2017-05-14 05:52:17",
        "Lines": "24",
        "Lon": 20.9887,
        "Lat": 52.2252
      },
      {
        "Brigade": "3",
        "Time": "2017-05-14 05:52:27",
        "Lines": "24",
        "Lon": 20.9887,
        "Lat": 52.2252
      },
      {
        "Brigade": "3",
        "Time": "2017-05-14 05:52:37",
        "Lines": "24",
        "Lon": 20.9888,
        "Lat": 52.2252
      },
      {
        "Brigade": "3",
        "Time": "2017-05-14 05:52:52",
        "Lines": "24",
        "Lon": 20.9887,
        "Lat": 52.2252
      },
      {
        "Brigade": "3",
        "Time": "2017-05-14 05:53:02",
        "Lines": "24",
        "Lon": 20.9888,
        "Lat": 52.2252
      },
      {
        "Brigade": "3",
        "Time": "2017-05-14 05:53:57",
        "Lines": "24",
        "Lon": 20.9927,
        "Lat": 52.2258
      },
      {
        "Brigade": "3",
        "Time": "2017-05-14 05:54:08",
        "Lines": "24",
        "Lon": 20.9943,
        "Lat": 52.2262
      },
      {
        "Brigade": "3",
        "Time": "2017-05-14 05:54:18",
        "Lines": "24",
        "Lon": 20.9953,
        "Lat": 52.2263
      },
      {
        "Brigade": "3",
        "Time": "2017-05-14 05:54:29",
        "Lines": "24",
        "Lon": 20.9957,
        "Lat": 52.2264
      },
      {
        "Brigade": "3",
        "Time": "2017-05-14 05:54:38",
        "Lines": "24",
        "Lon": 20.9968,
        "Lat": 52.2266
      },
      {
        "Brigade": "3",
        "Time": "2017-05-14 05:54:48",
        "Lines": "24",
        "Lon": 20.9986,
        "Lat": 52.227
      },
      {
        "Brigade": "3",
        "Time": "2017-05-14 05:55:03",
        "Lines": "24",
        "Lon": 21.0019,
        "Lat": 52.2278
      },
      {
        "Brigade": "3",
        "Time": "2017-05-14 05:55:13",
        "Lines": "24",
        "Lon": 21.0035,
        "Lat": 52.2281
      },
      {
        "Brigade": "3",
        "Time": "2017-05-14 05:55:23",
        "Lines": "24",
        "Lon": 21.0039,
        "Lat": 52.2282
      },
      {
        "Brigade": "3",
        "Time": "2017-05-14 05:55:33",
        "Lines": "24",
        "Lon": 21.0039,
        "Lat": 52.2282
      },
      {
        "Brigade": "3",
        "Time": "2017-05-14 05:55:48",
        "Lines": "24",
        "Lon": 21.0041,
        "Lat": 52.2282
      },
      {
        "Brigade": "3",
        "Time": "2017-05-14 05:55:58",
        "Lines": "24",
        "Lon": 21.0055,
        "Lat": 52.2285
      },
      {
        "Brigade": "3",
        "Time": "2017-05-14 05:56:08",
        "Lines": "24",
        "Lon": 21.0069,
        "Lat": 52.2288
      },
      {
        "Brigade": "3",
        "Time": "2017-05-14 05:56:28",
        "Lines": "24",
        "Lon": 21.0106,
        "Lat": 52.2297
      },
      {
        "Brigade": "3",
        "Time": "2017-05-14 05:56:43",
        "Lines": "24",
        "Lon": 21.0112,
        "Lat": 52.23
      },
      {
        "Brigade": "3",
        "Time": "2017-05-14 05:56:53",
        "Lines": "24",
        "Lon": 21.0112,
        "Lat": 52.2302
      },
      {
        "Brigade": "3",
        "Time": "2017-05-14 05:57:03",
        "Lines": "24",
        "Lon": 21.0111,
        "Lat": 52.2303
      },
      {
        "Brigade": "3",
        "Time": "2017-05-14 05:57:13",
        "Lines": "24",
        "Lon": 21.0111,
        "Lat": 52.2303
      },
      {
        "Brigade": "3",
        "Time": "2017-05-14 05:57:28",
        "Lines": "24",
        "Lon": 21.0111,
        "Lat": 52.2303
      },
      {
        "Brigade": "3",
        "Time": "2017-05-14 05:57:38",
        "Lines": "24",
        "Lon": 21.011,
        "Lat": 52.2304
      },
      {
        "Brigade": "3",
        "Time": "2017-05-14 05:57:48",
        "Lines": "24",
        "Lon": 21.011,
        "Lat": 52.2304
      },
      {
        "Brigade": "3",
        "Time": "2017-05-14 05:57:58",
        "Lines": "24",
        "Lon": 21.011,
        "Lat": 52.2304
      },
      {
        "Brigade": "3",
        "Time": "2017-05-14 05:58:08",
        "Lines": "24",
        "Lon": 21.011,
        "Lat": 52.2303
      },
      {
        "Brigade": "3",
        "Time": "2017-05-14 05:58:23",
        "Lines": "24",
        "Lon": 21.0131,
        "Lat": 52.2303
      },
      {
        "Brigade": "3",
        "Time": "2017-05-14 05:58:43",
        "Lines": "24",
        "Lon": 21.016,
        "Lat": 52.2309
      },
      {
        "Brigade": "3",
        "Time": "2017-05-14 05:58:53",
        "Lines": "24",
        "Lon": 21.016,
        "Lat": 52.2308
      },
      {
        "Brigade": "3",
        "Time": "2017-05-14 05:59:03",
        "Lines": "24",
        "Lon": 21.016,
        "Lat": 52.2309
      },
      {
        "Brigade": "3",
        "Time": "2017-05-14 05:59:13",
        "Lines": "24",
        "Lon": 21.016,
        "Lat": 52.2309
      },
      {
        "Brigade": "3",
        "Time": "2017-05-14 05:59:28",
        "Lines": "24",
        "Lon": 21.0162,
        "Lat": 52.2309
      },
      {
        "Brigade": "3",
        "Time": "2017-05-14 05:59:38",
        "Lines": "24",
        "Lon": 21.0176,
        "Lat": 52.2312
      },
      {
        "Brigade": "3",
        "Time": "2017-05-14 05:59:49",
        "Lines": "24",
        "Lon": 21.0197,
        "Lat": 52.2316
      },
      {
        "Brigade": "3",
        "Time": "2017-05-14 06:01:57",
        "Lines": "24",
        "Lon": 21.0342,
        "Lat": 52.2345
      },
      {
        "Brigade": "3",
        "Time": "2017-05-14 06:02:13",
        "Lines": "24",
        "Lon": 21.0358,
        "Lat": 52.2348
      },
      {
        "Brigade": "3",
        "Time": "2017-05-14 06:02:23",
        "Lines": "24",
        "Lon": 21.0369,
        "Lat": 52.2351
      },
      {
        "Brigade": "3",
        "Time": "2017-05-14 06:02:33",
        "Lines": "24",
        "Lon": 21.0371,
        "Lat": 52.2351
      },
      {
        "Brigade": "3",
        "Time": "2017-05-14 06:02:43",
        "Lines": "24",
        "Lon": 21.037,
        "Lat": 52.2352
      },
      {
        "Brigade": "3",
        "Time": "2017-05-14 06:02:58",
        "Lines": "24",
        "Lon": 21.0388,
        "Lat": 52.2355
      },
      {
        "Brigade": "3",
        "Time": "2017-05-14 06:03:05",
        "Lines": "24",
        "Lon": 21.0398,
        "Lat": 52.2357
      },
      {
        "Brigade": "3",
        "Time": "2017-05-14 06:03:18",
        "Lines": "24",
        "Lon": 21.0433,
        "Lat": 52.2364
      },
      {
        "Brigade": "3",
        "Time": "2017-05-14 06:03:38",
        "Lines": "24",
        "Lon": 21.0478,
        "Lat": 52.2373
      },
      {
        "Brigade": "3",
        "Time": "2017-05-14 06:03:53",
        "Lines": "24",
        "Lon": 21.0497,
        "Lat": 52.2377
      },
      {
        "Brigade": "3",
        "Time": "2017-05-14 06:04:03",
        "Lines": "24",
        "Lon": 21.0508,
        "Lat": 52.238
      },
      {
        "Brigade": "3",
        "Time": "2017-05-14 06:04:14",
        "Lines": "24",
        "Lon": 21.051,
        "Lat": 52.238
      },
      {
        "Brigade": "3",
        "Time": "2017-05-14 06:04:22",
        "Lines": "24",
        "Lon": 21.051,
        "Lat": 52.238
      },
      {
        "Brigade": "3",
        "Time": "2017-05-14 06:04:37",
        "Lines": "24",
        "Lon": 21.0512,
        "Lat": 52.2381
      },
      {
        "Brigade": "3",
        "Time": "2017-05-14 06:04:47",
        "Lines": "24",
        "Lon": 21.0512,
        "Lat": 52.2381
      },
      {
        "Brigade": "3",
        "Time": "2017-05-14 06:04:57",
        "Lines": "24",
        "Lon": 21.0512,
        "Lat": 52.2381
      },
      {
        "Brigade": "3",
        "Time": "2017-05-14 06:05:02",
        "Lines": "24",
        "Lon": 21.0512,
        "Lat": 52.2381
      },
      {
        "Brigade": "3",
        "Time": "2017-05-14 06:05:17",
        "Lines": "24",
        "Lon": 21.0512,
        "Lat": 52.2381
      },
      {
        "Brigade": "3",
        "Time": "2017-05-14 06:05:29",
        "Lines": "24",
        "Lon": 21.0516,
        "Lat": 52.2382
      },
      {
        "Brigade": "3",
        "Time": "2017-05-14 06:05:42",
        "Lines": "24",
        "Lon": 21.053,
        "Lat": 52.2385
      },
      {
        "Brigade": "3",
        "Time": "2017-05-14 06:06:28",
        "Lines": "24",
        "Lon": 21.0574,
        "Lat": 52.2393
      },
      {
        "Brigade": "3",
        "Time": "2017-05-14 06:06:38",
        "Lines": "24",
        "Lon": 21.0596,
        "Lat": 52.2397
      },
      {
        "Brigade": "3",
        "Time": "2017-05-14 06:06:43",
        "Lines": "24",
        "Lon": 21.0607,
        "Lat": 52.24
      },
      {
        "Brigade": "3",
        "Time": "2017-05-14 06:48:16",
        "Lines": "24",
        "Lon": 21.0541,
        "Lat": 52.2389
      },
      {
        "Brigade": "3",
        "Time": "2017-05-14 06:48:31",
        "Lines": "24",
        "Lon": 21.054,
        "Lat": 52.2389
      },
      {
        "Brigade": "3",
        "Time": "2017-05-14 06:48:41",
        "Lines": "24",
        "Lon": 21.054,
        "Lat": 52.2389
      },
      {
        "Brigade": "3",
        "Time": "2017-05-14 06:48:51",
        "Lines": "24",
        "Lon": 21.054,
        "Lat": 52.2389
      },
      {
        "Brigade": "3",
        "Time": "2017-05-14 06:49:01",
        "Lines": "24",
        "Lon": 21.054,
        "Lat": 52.2389
      },
      {
        "Brigade": "3",
        "Time": "2017-05-14 06:49:11",
        "Lines": "24",
        "Lon": 21.054,
        "Lat": 52.2389
      },
      {
        "Brigade": "3",
        "Time": "2017-05-14 06:49:26",
        "Lines": "24",
        "Lon": 21.0512,
        "Lat": 52.2384
      },
      {
        "Brigade": "3",
        "Time": "2017-05-14 06:49:36",
        "Lines": "24",
        "Lon": 21.0512,
        "Lat": 52.2384
      },
      {
        "Brigade": "3",
        "Time": "2017-05-14 06:49:46",
        "Lines": "24",
        "Lon": 21.0512,
        "Lat": 52.2384
      },
      {
        "Brigade": "3",
        "Time": "2017-05-14 06:49:59",
        "Lines": "24",
        "Lon": 21.0492,
        "Lat": 52.2377
      },
      {
        "Brigade": "3",
        "Time": "2017-05-14 06:50:08",
        "Lines": "24",
        "Lon": 21.0479,
        "Lat": 52.2375
      },
      {
        "Brigade": "3",
        "Time": "2017-05-14 06:50:19",
        "Lines": "24",
        "Lon": 21.0452,
        "Lat": 52.2369
      },
      {
        "Brigade": "3",
        "Time": "2017-05-14 06:50:53",
        "Lines": "24",
        "Lon": 21.0374,
        "Lat": 52.2352
      },
      {
        "Brigade": "3",
        "Time": "2017-05-14 06:51:03",
        "Lines": "24",
        "Lon": 21.0364,
        "Lat": 52.235
      },
      {
        "Brigade": "3",
        "Time": "2017-05-14 06:51:13",
        "Lines": "24",
        "Lon": 21.0364,
        "Lat": 52.2351
      },
      {
        "Brigade": "3",
        "Time": "2017-05-14 06:51:28",
        "Lines": "24",
        "Lon": 21.0359,
        "Lat": 52.235
      },
      {
        "Brigade": "3",
        "Time": "2017-05-14 06:51:38",
        "Lines": "24",
        "Lon": 21.0346,
        "Lat": 52.2347
      },
      {
        "Brigade": "3",
        "Time": "2017-05-14 06:51:48",
        "Lines": "24",
        "Lon": 21.033,
        "Lat": 52.2343
      },
      {
        "Brigade": "3",
        "Time": "2017-05-14 06:52:02",
        "Lines": "24",
        "Lon": 21.0312,
        "Lat": 52.234
      },
      {
        "Brigade": "3",
        "Time": "2017-05-14 06:52:08",
        "Lines": "24",
        "Lon": 21.0297,
        "Lat": 52.2337
      },
      {
        "Brigade": "3",
        "Time": "2017-05-14 06:52:23",
        "Lines": "24",
        "Lon": 21.0264,
        "Lat": 52.233
      },
      {
        "Brigade": "3",
        "Time": "2017-05-14 06:52:33",
        "Lines": "24",
        "Lon": 21.0242,
        "Lat": 52.2326
      },
      {
        "Brigade": "3",
        "Time": "2017-05-14 06:52:43",
        "Lines": "24",
        "Lon": 21.0223,
        "Lat": 52.2322
      },
      {
        "Brigade": "3",
        "Time": "2017-05-14 06:52:54",
        "Lines": "24",
        "Lon": 21.0216,
        "Lat": 52.2321
      },
      {
        "Brigade": "3",
        "Time": "2017-05-14 06:53:08",
        "Lines": "24",
        "Lon": 21.0216,
        "Lat": 52.232
      },
      {
        "Brigade": "3",
        "Time": "2017-05-14 06:53:18",
        "Lines": "24",
        "Lon": 21.0216,
        "Lat": 52.232
      },
      {
        "Brigade": "3",
        "Time": "2017-05-14 06:53:28",
        "Lines": "24",
        "Lon": 21.0216,
        "Lat": 52.232
      },
      {
        "Brigade": "3",
        "Time": "2017-05-14 06:53:38",
        "Lines": "24",
        "Lon": 21.0204,
        "Lat": 52.2318
      },
      {
        "Brigade": "3",
        "Time": "2017-05-14 06:53:48",
        "Lines": "24",
        "Lon": 21.0184,
        "Lat": 52.2313
      },
      {
        "Brigade": "3",
        "Time": "2017-05-14 06:53:58",
        "Lines": "24",
        "Lon": 21.017,
        "Lat": 52.2311
      },
      {
        "Brigade": "3",
        "Time": "2017-05-14 06:54:14",
        "Lines": "24",
        "Lon": 21.0169,
        "Lat": 52.2311
      },
      {
        "Brigade": "3",
        "Time": "2017-05-14 06:54:27",
        "Lines": "24",
        "Lon": 21.0165,
        "Lat": 52.231
      },
      {
        "Brigade": "3",
        "Time": "2017-05-14 06:54:29",
        "Lines": "24",
        "Lon": 21.0162,
        "Lat": 52.2309
      },
      {
        "Brigade": "3",
        "Time": "2017-05-14 06:54:49",
        "Lines": "24",
        "Lon": 21.0127,
        "Lat": 52.2302
      },
      {
        "Brigade": "3",
        "Time": "2017-05-14 06:54:59",
        "Lines": "24",
        "Lon": 21.0124,
        "Lat": 52.2301
      },
      {
        "Brigade": "3",
        "Time": "2017-05-14 06:55:09",
        "Lines": "24",
        "Lon": 21.0124,
        "Lat": 52.2301
      },
      {
        "Brigade": "3",
        "Time": "2017-05-14 06:55:19",
        "Lines": "24",
        "Lon": 21.0124,
        "Lat": 52.2301
      },
      {
        "Brigade": "3",
        "Time": "2017-05-14 06:55:31",
        "Lines": "24",
        "Lon": 21.0118,
        "Lat": 52.23
      },
      {
        "Brigade": "3",
        "Time": "2017-05-14 06:55:34",
        "Lines": "24",
        "Lon": 21.0114,
        "Lat": 52.2299
      },
      {
        "Brigade": "3",
        "Time": "2017-05-14 06:55:44",
        "Lines": "24",
        "Lon": 21.0095,
        "Lat": 52.2295
      },
      {
        "Brigade": "3",
        "Time": "2017-05-14 06:55:54",
        "Lines": "24",
        "Lon": 21.0074,
        "Lat": 52.229
      },
      {
        "Brigade": "3",
        "Time": "2017-05-14 06:56:09",
        "Lines": "24",
        "Lon": 21.006,
        "Lat": 52.2287
      },
      {
        "Brigade": "3",
        "Time": "2017-05-14 06:56:19",
        "Lines": "24",
        "Lon": 21.006,
        "Lat": 52.2287
      },
      {
        "Brigade": "3",
        "Time": "2017-05-14 06:56:29",
        "Lines": "24",
        "Lon": 21.006,
        "Lat": 52.2287
      },
      {
        "Brigade": "3",
        "Time": "2017-05-14 06:56:39",
        "Lines": "24",
        "Lon": 21.006,
        "Lat": 52.2287
      },
      {
        "Brigade": "3",
        "Time": "2017-05-14 06:56:49",
        "Lines": "24",
        "Lon": 21.006,
        "Lat": 52.2287
      },
      {
        "Brigade": "3",
        "Time": "2017-05-14 06:57:04",
        "Lines": "24",
        "Lon": 21.0045,
        "Lat": 52.2284
      },
      {
        "Brigade": "3",
        "Time": "2017-05-14 06:57:14",
        "Lines": "24",
        "Lon": 21.0029,
        "Lat": 52.228
      },
      {
        "Brigade": "3",
        "Time": "2017-05-14 06:57:24",
        "Lines": "24",
        "Lon": 21.0026,
        "Lat": 52.2279
      },
      {
        "Brigade": "3",
        "Time": "2017-05-14 06:57:34",
        "Lines": "24",
        "Lon": 21.0025,
        "Lat": 52.2279
      },
      {
        "Brigade": "3",
        "Time": "2017-05-14 06:57:44",
        "Lines": "24",
        "Lon": 21.0026,
        "Lat": 52.2279
      },
      {
        "Brigade": "3",
        "Time": "2017-05-14 06:57:59",
        "Lines": "24",
        "Lon": 21.0026,
        "Lat": 52.2279
      },
      {
        "Brigade": "3",
        "Time": "2017-05-14 06:58:09",
        "Lines": "24",
        "Lon": 21.0026,
        "Lat": 52.2279
      },
      {
        "Brigade": "3",
        "Time": "2017-05-14 06:58:19",
        "Lines": "24",
        "Lon": 21.0026,
        "Lat": 52.2279
      },
      {
        "Brigade": "3",
        "Time": "2017-05-14 06:58:29",
        "Lines": "24",
        "Lon": 21.0025,
        "Lat": 52.2279
      },
      {
        "Brigade": "3",
        "Time": "2017-05-14 06:58:40",
        "Lines": "24",
        "Lon": 21.002,
        "Lat": 52.2278
      },
      {
        "Brigade": "3",
        "Time": "2017-05-14 06:58:54",
        "Lines": "24",
        "Lon": 20.9997,
        "Lat": 52.2274
      },
      {
        "Brigade": "3",
        "Time": "2017-05-14 06:59:12",
        "Lines": "24",
        "Lon": 20.9975,
        "Lat": 52.2269
      },
      {
        "Brigade": "3",
        "Time": "2017-05-14 06:59:27",
        "Lines": "24",
        "Lon": 20.9963,
        "Lat": 52.2266
      },
      {
        "Brigade": "3",
        "Time": "2017-05-14 06:59:37",
        "Lines": "24",
        "Lon": 20.9959,
        "Lat": 52.2264
      },
      {
        "Brigade": "3",
        "Time": "2017-05-14 06:59:47",
        "Lines": "24",
        "Lon": 20.9949,
        "Lat": 52.2263
      },
      {
        "Brigade": "3",
        "Time": "2017-05-14 06:59:57",
        "Lines": "24",
        "Lon": 20.9934,
        "Lat": 52.2259
      },
      {
        "Brigade": "3",
        "Time": "2017-05-14 07:00:02",
        "Lines": "24",
        "Lon": 20.9927,
        "Lat": 52.2258
      },
      {
        "Brigade": "3",
        "Time": "2017-05-14 07:00:22",
        "Lines": "24",
        "Lon": 20.9905,
        "Lat": 52.2253
      },
      {
        "Brigade": "3",
        "Time": "2017-05-14 07:00:32",
        "Lines": "24",
        "Lon": 20.9897,
        "Lat": 52.2251
      },
      {
        "Brigade": "3",
        "Time": "2017-05-14 07:00:42",
        "Lines": "24",
        "Lon": 20.9895,
        "Lat": 52.2251
      },
      {
        "Brigade": "3",
        "Time": "2017-05-14 07:00:57",
        "Lines": "24",
        "Lon": 20.9895,
        "Lat": 52.2251
      },
      {
        "Brigade": "3",
        "Time": "2017-05-14 07:01:08",
        "Lines": "24",
        "Lon": 20.9895,
        "Lat": 52.2251
      },
      {
        "Brigade": "3",
        "Time": "2017-05-14 07:01:18",
        "Lines": "24",
        "Lon": 20.9895,
        "Lat": 52.2251
      },
      {
        "Brigade": "3",
        "Time": "2017-05-14 07:01:28",
        "Lines": "24",
        "Lon": 20.9895,
        "Lat": 52.2251
      },
      {
        "Brigade": "3",
        "Time": "2017-05-14 07:01:38",
        "Lines": "24",
        "Lon": 20.9895,
        "Lat": 52.2251
      },
      {
        "Brigade": "3",
        "Time": "2017-05-14 07:01:53",
        "Lines": "24",
        "Lon": 20.9895,
        "Lat": 52.2251
      },
      {
        "Brigade": "3",
        "Time": "2017-05-14 07:02:03",
        "Lines": "24",
        "Lon": 20.9896,
        "Lat": 52.2251
      },
      {
        "Brigade": "3",
        "Time": "2017-05-14 07:02:13",
        "Lines": "24",
        "Lon": 20.9895,
        "Lat": 52.2251
      },
      {
        "Brigade": "3",
        "Time": "2017-05-14 07:02:25",
        "Lines": "24",
        "Lon": 20.9891,
        "Lat": 52.225
      },
      {
        "Brigade": "3",
        "Time": "2017-05-14 07:02:38",
        "Lines": "24",
        "Lon": 20.9884,
        "Lat": 52.2258
      },
      {
        "Brigade": "3",
        "Time": "2017-05-14 07:02:48",
        "Lines": "24",
        "Lon": 20.9882,
        "Lat": 52.2259
      },
      {
        "Brigade": "3",
        "Time": "2017-05-14 07:02:58",
        "Lines": "24",
        "Lon": 20.9883,
        "Lat": 52.226
      },
      {
        "Brigade": "3",
        "Time": "2017-05-14 07:03:10",
        "Lines": "24",
        "Lon": 20.9881,
        "Lat": 52.2263
      },
      {
        "Brigade": "3",
        "Time": "2017-05-14 07:03:18",
        "Lines": "24",
        "Lon": 20.9876,
        "Lat": 52.2269
      },
      {
        "Brigade": "3",
        "Time": "2017-05-14 07:03:28",
        "Lines": "24",
        "Lon": 20.9871,
        "Lat": 52.2275
      },
      {
        "Brigade": "3",
        "Time": "2017-05-14 07:03:43",
        "Lines": "24",
        "Lon": 20.9856,
        "Lat": 52.229
      },
      {
        "Brigade": "3",
        "Time": "2017-05-14 07:03:53",
        "Lines": "24",
        "Lon": 20.9849,
        "Lat": 52.2298
      },
      {
        "Brigade": "3",
        "Time": "2017-05-14 07:04:03",
        "Lines": "24",
        "Lon": 20.9848,
        "Lat": 52.2299
      },
      {
        "Brigade": "3",
        "Time": "2017-05-14 07:04:13",
        "Lines": "24",
        "Lon": 20.9848,
        "Lat": 52.2299
      },
      {
        "Brigade": "3",
        "Time": "2017-05-14 07:04:23",
        "Lines": "24",
        "Lon": 20.9848,
        "Lat": 52.2299
      },
      {
        "Brigade": "3",
        "Time": "2017-05-14 07:04:38",
        "Lines": "24",
        "Lon": 20.9848,
        "Lat": 52.2299
      },
      {
        "Brigade": "3",
        "Time": "2017-05-14 07:04:48",
        "Lines": "24",
        "Lon": 20.9848,
        "Lat": 52.2299
      },
      {
        "Brigade": "3",
        "Time": "2017-05-14 07:04:58",
        "Lines": "24",
        "Lon": 20.9844,
        "Lat": 52.2304
      },
      {
        "Brigade": "3",
        "Time": "2017-05-14 07:05:08",
        "Lines": "24",
        "Lon": 20.9837,
        "Lat": 52.2312
      },
      {
        "Brigade": "3",
        "Time": "2017-05-14 07:05:18",
        "Lines": "24",
        "Lon": 20.9826,
        "Lat": 52.2326
      },
      {
        "Brigade": "3",
        "Time": "2017-05-14 07:05:43",
        "Lines": "24",
        "Lon": 20.9823,
        "Lat": 52.2332
      },
      {
        "Brigade": "3",
        "Time": "2017-05-14 07:05:54",
        "Lines": "24",
        "Lon": 20.9823,
        "Lat": 52.2332
      },
      {
        "Brigade": "3",
        "Time": "2017-05-14 07:07:13",
        "Lines": "24",
        "Lon": 20.9803,
        "Lat": 52.2366
      },
      {
        "Brigade": "3",
        "Time": "2017-05-14 07:07:24",
        "Lines": "24",
        "Lon": 20.9823,
        "Lat": 52.2332
      },
      {
        "Brigade": "3",
        "Time": "2017-05-14 07:07:33",
        "Lines": "24",
        "Lon": 20.9803,
        "Lat": 52.2366
      },
      {
        "Brigade": "3",
        "Time": "2017-05-14 07:07:43",
        "Lines": "24",
        "Lon": 20.9803,
        "Lat": 52.2366
      },
      {
        "Brigade": "3",
        "Time": "2017-05-14 07:07:53",
        "Lines": "24",
        "Lon": 20.9804,
        "Lat": 52.2366
      },
      {
        "Brigade": "3",
        "Time": "2017-05-14 07:08:08",
        "Lines": "24",
        "Lon": 20.9796,
        "Lat": 52.2368
      },
      {
        "Brigade": "3",
        "Time": "2017-05-14 07:08:18",
        "Lines": "24",
        "Lon": 20.9789,
        "Lat": 52.2365
      },
      {
        "Brigade": "3",
        "Time": "2017-05-14 07:08:28",
        "Lines": "24",
        "Lon": 20.9789,
        "Lat": 52.2365
      },
      {
        "Brigade": "3",
        "Time": "2017-05-14 07:08:38",
        "Lines": "24",
        "Lon": 20.9785,
        "Lat": 52.2363
      },
      {
        "Brigade": "3",
        "Time": "2017-05-14 07:08:48",
        "Lines": "24",
        "Lon": 20.9767,
        "Lat": 52.2359
      },
      {
        "Brigade": "3",
        "Time": "2017-05-14 07:09:03",
        "Lines": "24",
        "Lon": 20.9747,
        "Lat": 52.2355
      },
      {
        "Brigade": "3",
        "Time": "2017-05-14 07:09:13",
        "Lines": "24",
        "Lon": 20.9736,
        "Lat": 52.2352
      },
      {
        "Brigade": "3",
        "Time": "2017-05-14 07:09:23",
        "Lines": "24",
        "Lon": 20.9734,
        "Lat": 52.2352
      },
      {
        "Brigade": "3",
        "Time": "2017-05-14 07:09:32",
        "Lines": "24",
        "Lon": 20.9734,
        "Lat": 52.2352
      },
      {
        "Brigade": "3",
        "Time": "2017-05-14 07:09:43",
        "Lines": "24",
        "Lon": 20.9734,
        "Lat": 52.2352
      },
      {
        "Brigade": "3",
        "Time": "2017-05-14 07:09:58",
        "Lines": "24",
        "Lon": 20.9733,
        "Lat": 52.2353
      },
      {
        "Brigade": "3",
        "Time": "2017-05-14 07:10:03",
        "Lines": "24",
        "Lon": 20.9733,
        "Lat": 52.2353
      },
      {
        "Brigade": "3",
        "Time": "2017-05-14 07:10:17",
        "Lines": "24",
        "Lon": 20.9733,
        "Lat": 52.2354
      },
      {
        "Brigade": "3",
        "Time": "2017-05-14 07:10:27",
        "Lines": "24",
        "Lon": 20.9733,
        "Lat": 52.2353
      },
      {
        "Brigade": "3",
        "Time": "2017-05-14 07:10:42",
        "Lines": "24",
        "Lon": 20.9727,
        "Lat": 52.2354
      },
      {
        "Brigade": "3",
        "Time": "2017-05-14 07:10:58",
        "Lines": "24",
        "Lon": 20.9723,
        "Lat": 52.2366
      },
      {
        "Brigade": "3",
        "Time": "2017-05-14 07:11:12",
        "Lines": "24",
        "Lon": 20.9722,
        "Lat": 52.2367
      },
      {
        "Brigade": "3",
        "Time": "2017-05-14 07:11:22",
        "Lines": "24",
        "Lon": 20.9722,
        "Lat": 52.2367
      },
      {
        "Brigade": "3",
        "Time": "2017-05-14 07:11:37",
        "Lines": "24",
        "Lon": 20.972,
        "Lat": 52.2372
      },
      {
        "Brigade": "3",
        "Time": "2017-05-14 07:13:47",
        "Lines": "24",
        "Lon": 20.9649,
        "Lat": 52.2451
      },
      {
        "Brigade": "3",
        "Time": "2017-05-14 07:31:47",
        "Lines": "24",
        "Lon": 20.9249,
        "Lat": 52.2601
      },
      {
        "Brigade": "3",
        "Time": "2017-05-14 07:32:02",
        "Lines": "24",
        "Lon": 20.9249,
        "Lat": 52.2601
      },
      {
        "Brigade": "3",
        "Time": "2017-05-14 07:32:12",
        "Lines": "24",
        "Lon": 20.9557,
        "Lat": 52.2474
      },
      {
        "Brigade": "3",
        "Time": "2017-05-14 07:32:19",
        "Lines": "24",
        "Lon": 20.936,
        "Lat": 52.2468
      },
      {
        "Brigade": "3",
        "Time": "2017-05-14 07:32:32",
        "Lines": "24",
        "Lon": 20.9249,
        "Lat": 52.2601
      },
      {
        "Brigade": "3",
        "Time": "2017-05-14 07:32:42",
        "Lines": "24",
        "Lon": 20.925,
        "Lat": 52.2601
      },
      {
        "Brigade": "3",
        "Time": "2017-05-14 07:32:52",
        "Lines": "24",
        "Lon": 20.925,
        "Lat": 52.2601
      },
      {
        "Brigade": "3",
        "Time": "2017-05-14 07:33:07",
        "Lines": "24",
        "Lon": 20.925,
        "Lat": 52.2601
      },
      {
        "Brigade": "3",
        "Time": "2017-05-14 07:33:17",
        "Lines": "24",
        "Lon": 20.925,
        "Lat": 52.26
      },
      {
        "Brigade": "3",
        "Time": "2017-05-14 07:33:27",
        "Lines": "24",
        "Lon": 20.925,
        "Lat": 52.26
      },
      {
        "Brigade": "3",
        "Time": "2017-05-14 07:33:37",
        "Lines": "24",
        "Lon": 20.9249,
        "Lat": 52.2601
      },
      {
        "Brigade": "3",
        "Time": "2017-05-14 07:33:47",
        "Lines": "24",
        "Lon": 20.9249,
        "Lat": 52.2601
      },
      {
        "Brigade": "3",
        "Time": "2017-05-14 07:33:57",
        "Lines": "24",
        "Lon": 20.9249,
        "Lat": 52.2601
      },
      {
        "Brigade": "3",
        "Time": "2017-05-14 07:34:12",
        "Lines": "24",
        "Lon": 20.9249,
        "Lat": 52.2601
      },
      {
        "Brigade": "3",
        "Time": "2017-05-14 07:34:22",
        "Lines": "24",
        "Lon": 20.9249,
        "Lat": 52.2601
      },
      {
        "Brigade": "3",
        "Time": "2017-05-14 07:34:32",
        "Lines": "24",
        "Lon": 20.9249,
        "Lat": 52.2601
      },
      {
        "Brigade": "3",
        "Time": "2017-05-14 07:34:42",
        "Lines": "24",
        "Lon": 20.9249,
        "Lat": 52.2601
      },
      {
        "Brigade": "3",
        "Time": "2017-05-14 07:34:52",
        "Lines": "24",
        "Lon": 20.9249,
        "Lat": 52.2601
      },
      {
        "Brigade": "3",
        "Time": "2017-05-14 07:35:07",
        "Lines": "24",
        "Lon": 20.9249,
        "Lat": 52.2601
      },
      {
        "Brigade": "3",
        "Time": "2017-05-14 07:35:17",
        "Lines": "24",
        "Lon": 20.9249,
        "Lat": 52.2601
      },
      {
        "Brigade": "3",
        "Time": "2017-05-14 07:35:27",
        "Lines": "24",
        "Lon": 20.9249,
        "Lat": 52.2601
      },
      {
        "Brigade": "3",
        "Time": "2017-05-14 07:35:37",
        "Lines": "24",
        "Lon": 20.9249,
        "Lat": 52.2601
      },
      {
        "Brigade": "3",
        "Time": "2017-05-14 07:35:47",
        "Lines": "24",
        "Lon": 20.9249,
        "Lat": 52.2601
      },
      {
        "Brigade": "3",
        "Time": "2017-05-14 07:36:02",
        "Lines": "24",
        "Lon": 20.9249,
        "Lat": 52.2601
      },
      {
        "Brigade": "3",
        "Time": "2017-05-14 07:36:12",
        "Lines": "24",
        "Lon": 20.9249,
        "Lat": 52.2601
      },
      {
        "Brigade": "3",
        "Time": "2017-05-14 07:36:22",
        "Lines": "24",
        "Lon": 20.925,
        "Lat": 52.2601
      },
      {
        "Brigade": "3",
        "Time": "2017-05-14 07:36:32",
        "Lines": "24",
        "Lon": 20.925,
        "Lat": 52.2601
      },
      {
        "Brigade": "3",
        "Time": "2017-05-14 07:36:47",
        "Lines": "24",
        "Lon": 20.925,
        "Lat": 52.2601
      },
      {
        "Brigade": "3",
        "Time": "2017-05-14 07:36:57",
        "Lines": "24",
        "Lon": 20.925,
        "Lat": 52.2601
      },
      {
        "Brigade": "3",
        "Time": "2017-05-14 07:37:07",
        "Lines": "24",
        "Lon": 20.925,
        "Lat": 52.2601
      },
      {
        "Brigade": "3",
        "Time": "2017-05-14 07:37:17",
        "Lines": "24",
        "Lon": 20.925,
        "Lat": 52.2601
      },
      {
        "Brigade": "3",
        "Time": "2017-05-14 07:37:27",
        "Lines": "24",
        "Lon": 20.925,
        "Lat": 52.2601
      },
      {
        "Brigade": "3",
        "Time": "2017-05-14 07:37:37",
        "Lines": "24",
        "Lon": 20.9249,
        "Lat": 52.2601
      },
      {
        "Brigade": "3",
        "Time": "2017-05-14 07:37:52",
        "Lines": "24",
        "Lon": 20.9249,
        "Lat": 52.2601
      },
      {
        "Brigade": "3",
        "Time": "2017-05-14 07:38:02",
        "Lines": "24",
        "Lon": 20.9249,
        "Lat": 52.2601
      },
      {
        "Brigade": "3",
        "Time": "2017-05-14 07:38:12",
        "Lines": "24",
        "Lon": 20.9249,
        "Lat": 52.2601
      },
      {
        "Brigade": "3",
        "Time": "2017-05-14 07:38:22",
        "Lines": "24",
        "Lon": 20.9249,
        "Lat": 52.2601
      },
      {
        "Brigade": "3",
        "Time": "2017-05-14 07:38:37",
        "Lines": "24",
        "Lon": 20.9249,
        "Lat": 52.2601
      },
      {
        "Brigade": "3",
        "Time": "2017-05-14 07:38:47",
        "Lines": "24",
        "Lon": 20.9249,
        "Lat": 52.2601
      },
      {
        "Brigade": "3",
        "Time": "2017-05-14 07:38:57",
        "Lines": "24",
        "Lon": 20.9249,
        "Lat": 52.2601
      },
      {
        "Brigade": "3",
        "Time": "2017-05-14 07:39:07",
        "Lines": "24",
        "Lon": 20.9249,
        "Lat": 52.2601
      },
      {
        "Brigade": "3",
        "Time": "2017-05-14 07:39:17",
        "Lines": "24",
        "Lon": 20.9249,
        "Lat": 52.2602
      },
      {
        "Brigade": "3",
        "Time": "2017-05-14 07:40:37",
        "Lines": "24",
        "Lon": 20.9249,
        "Lat": 52.2602
      },
      {
        "Brigade": "3",
        "Time": "2017-05-14 07:40:47",
        "Lines": "24",
        "Lon": 20.9249,
        "Lat": 52.2602
      },
      {
        "Brigade": "3",
        "Time": "2017-05-14 07:40:57",
        "Lines": "24",
        "Lon": 20.9249,
        "Lat": 52.2602
      },
      {
        "Brigade": "3",
        "Time": "2017-05-14 07:41:02",
        "Lines": "24",
        "Lon": 20.9249,
        "Lat": 52.2602
      },
      {
        "Brigade": "3",
        "Time": "2017-05-14 07:41:22",
        "Lines": "24",
        "Lon": 20.9249,
        "Lat": 52.2601
      },
      {
        "Brigade": "3",
        "Time": "2017-05-14 07:41:32",
        "Lines": "24",
        "Lon": 20.9249,
        "Lat": 52.2602
      },
      {
        "Brigade": "3",
        "Time": "2017-05-14 07:41:42",
        "Lines": "24",
        "Lon": 20.9249,
        "Lat": 52.2602
      },
      {
        "Brigade": "3",
        "Time": "2017-05-14 07:41:52",
        "Lines": "24",
        "Lon": 20.9249,
        "Lat": 52.2602
      },
      {
        "Brigade": "3",
        "Time": "2017-05-14 07:42:02",
        "Lines": "24",
        "Lon": 20.9249,
        "Lat": 52.2602
      },
      {
        "Brigade": "3",
        "Time": "2017-05-14 07:42:17",
        "Lines": "24",
        "Lon": 20.9248,
        "Lat": 52.2601
      },
      {
        "Brigade": "3",
        "Time": "2017-05-14 07:42:27",
        "Lines": "24",
        "Lon": 20.9242,
        "Lat": 52.2601
      },
      {
        "Brigade": "3",
        "Time": "2017-05-14 07:42:37",
        "Lines": "24",
        "Lon": 20.9237,
        "Lat": 52.2602
      },
      {
        "Brigade": "3",
        "Time": "2017-05-14 07:42:49",
        "Lines": "24",
        "Lon": 20.9233,
        "Lat": 52.2599
      },
      {
        "Brigade": "3",
        "Time": "2017-05-14 07:42:57",
        "Lines": "24",
        "Lon": 20.9232,
        "Lat": 52.2599
      },
      {
        "Brigade": "3",
        "Time": "2017-05-14 07:43:12",
        "Lines": "24",
        "Lon": 20.9232,
        "Lat": 52.2598
      },
      {
        "Brigade": "3",
        "Time": "2017-05-14 07:43:22",
        "Lines": "24",
        "Lon": 20.9232,
        "Lat": 52.2598
      },
      {
        "Brigade": "3",
        "Time": "2017-05-14 07:43:33",
        "Lines": "24",
        "Lon": 20.9232,
        "Lat": 52.2598
      },
      {
        "Brigade": "3",
        "Time": "2017-05-14 07:43:47",
        "Lines": "24",
        "Lon": 20.9232,
        "Lat": 52.2598
      },
      {
        "Brigade": "3",
        "Time": "2017-05-14 07:43:57",
        "Lines": "24",
        "Lon": 20.9226,
        "Lat": 52.2594
      },
      {
        "Brigade": "3",
        "Time": "2017-05-14 07:44:07",
        "Lines": "24",
        "Lon": 20.9225,
        "Lat": 52.2593
      },
      {
        "Brigade": "3",
        "Time": "2017-05-14 07:44:17",
        "Lines": "24",
        "Lon": 20.9225,
        "Lat": 52.2593
      },
      {
        "Brigade": "3",
        "Time": "2017-05-14 07:44:27",
        "Lines": "24",
        "Lon": 20.9216,
        "Lat": 52.2585
      },
      {
        "Brigade": "3",
        "Time": "2017-05-14 07:44:37",
        "Lines": "24",
        "Lon": 20.9205,
        "Lat": 52.2576
      },
      {
        "Brigade": "3",
        "Time": "2017-05-14 07:44:52",
        "Lines": "24",
        "Lon": 20.9202,
        "Lat": 52.2574
      },
      {
        "Brigade": "3",
        "Time": "2017-05-14 07:45:02",
        "Lines": "24",
        "Lon": 20.9202,
        "Lat": 52.2574
      },
      {
        "Brigade": "3",
        "Time": "2017-05-14 07:45:12",
        "Lines": "24",
        "Lon": 20.9203,
        "Lat": 52.2575
      },
      {
        "Brigade": "3",
        "Time": "2017-05-14 07:45:23",
        "Lines": "24",
        "Lon": 20.9202,
        "Lat": 52.2575
      },
      {
        "Brigade": "3",
        "Time": "2017-05-14 07:45:34",
        "Lines": "24",
        "Lon": 20.9202,
        "Lat": 52.2575
      },
      {
        "Brigade": "3",
        "Time": "2017-05-14 07:45:47",
        "Lines": "24",
        "Lon": 20.9192,
        "Lat": 52.2566
      },
      {
        "Brigade": "3",
        "Time": "2017-05-14 07:45:57",
        "Lines": "24",
        "Lon": 20.9179,
        "Lat": 52.2555
      },
      {
        "Brigade": "3",
        "Time": "2017-05-14 07:46:07",
        "Lines": "24",
        "Lon": 20.9168,
        "Lat": 52.2546
      },
      {
        "Brigade": "3",
        "Time": "2017-05-14 07:59:03",
        "Lines": "24",
        "Lon": 20.9659,
        "Lat": 52.2444
      },
      {
        "Brigade": "3",
        "Time": "2017-05-14 07:59:13",
        "Lines": "24",
        "Lon": 20.9664,
        "Lat": 52.2442
      },
      {
        "Brigade": "3",
        "Time": "2017-05-14 07:59:24",
        "Lines": "24",
        "Lon": 20.9171,
        "Lat": 52.2505
      },
      {
        "Brigade": "3",
        "Time": "2017-05-14 07:59:27",
        "Lines": "24",
        "Lon": 20.9204,
        "Lat": 52.249
      },
      {
        "Brigade": "3",
        "Time": "2017-05-14 08:01:57",
        "Lines": "24",
        "Lon": 20.9719,
        "Lat": 52.2373
      },
      {
        "Brigade": "3",
        "Time": "2017-05-14 08:02:02",
        "Lines": "24",
        "Lon": 20.9719,
        "Lat": 52.2373
      },
      {
        "Brigade": "3",
        "Time": "2017-05-14 08:02:17",
        "Lines": "24",
        "Lon": 20.9706,
        "Lat": 52.2408
      },
      {
        "Brigade": "3",
        "Time": "2017-05-14 08:02:28",
        "Lines": "24",
        "Lon": 20.972,
        "Lat": 52.2374
      },
      {
        "Brigade": "3",
        "Time": "2017-05-14 08:02:38",
        "Lines": "24",
        "Lon": 20.9722,
        "Lat": 52.2368
      },
      {
        "Brigade": "3",
        "Time": "2017-05-14 08:02:48",
        "Lines": "24",
        "Lon": 20.9726,
        "Lat": 52.2357
      },
      {
        "Brigade": "3",
        "Time": "2017-05-14 08:03:03",
        "Lines": "24",
        "Lon": 20.9731,
        "Lat": 52.235
      },
      {
        "Brigade": "3",
        "Time": "2017-05-14 08:03:13",
        "Lines": "24",
        "Lon": 20.9736,
        "Lat": 52.2351
      },
      {
        "Brigade": "3",
        "Time": "2017-05-14 08:03:23",
        "Lines": "24",
        "Lon": 20.9741,
        "Lat": 52.2352
      },
      {
        "Brigade": "3",
        "Time": "2017-05-14 08:03:33",
        "Lines": "24",
        "Lon": 20.9744,
        "Lat": 52.2353
      },
      {
        "Brigade": "3",
        "Time": "2017-05-14 08:03:43",
        "Lines": "24",
        "Lon": 20.9744,
        "Lat": 52.2353
      },
      {
        "Brigade": "3",
        "Time": "2017-05-14 08:03:59",
        "Lines": "24",
        "Lon": 20.9746,
        "Lat": 52.2354
      },
      {
        "Brigade": "3",
        "Time": "2017-05-14 08:04:08",
        "Lines": "24",
        "Lon": 20.9763,
        "Lat": 52.2358
      },
      {
        "Brigade": "3",
        "Time": "2017-05-14 08:04:18",
        "Lines": "24",
        "Lon": 20.9781,
        "Lat": 52.2362
      },
      {
        "Brigade": "3",
        "Time": "2017-05-14 08:04:28",
        "Lines": "24",
        "Lon": 20.9791,
        "Lat": 52.2365
      },
      {
        "Brigade": "3",
        "Time": "2017-05-14 08:04:38",
        "Lines": "24",
        "Lon": 20.9797,
        "Lat": 52.2368
      },
      {
        "Brigade": "3",
        "Time": "2017-05-14 08:04:53",
        "Lines": "24",
        "Lon": 20.9798,
        "Lat": 52.2369
      },
      {
        "Brigade": "3",
        "Time": "2017-05-14 08:05:03",
        "Lines": "24",
        "Lon": 20.9803,
        "Lat": 52.2371
      },
      {
        "Brigade": "3",
        "Time": "2017-05-14 08:05:13",
        "Lines": "24",
        "Lon": 20.9809,
        "Lat": 52.2374
      },
      {
        "Brigade": "3",
        "Time": "2017-05-14 08:05:23",
        "Lines": "24",
        "Lon": 20.9815,
        "Lat": 52.2376
      },
      {
        "Brigade": "3",
        "Time": "2017-05-14 08:05:38",
        "Lines": "24",
        "Lon": 20.9814,
        "Lat": 52.2376
      },
      {
        "Brigade": "3",
        "Time": "2017-05-14 08:05:48",
        "Lines": "24",
        "Lon": 20.9814,
        "Lat": 52.2375
      },
      {
        "Brigade": "3",
        "Time": "2017-05-14 08:05:58",
        "Lines": "24",
        "Lon": 20.9815,
        "Lat": 52.2375
      },
      {
        "Brigade": "3",
        "Time": "2017-05-14 08:06:08",
        "Lines": "24",
        "Lon": 20.9814,
        "Lat": 52.2375
      },
      {
        "Brigade": "3",
        "Time": "2017-05-14 08:06:18",
        "Lines": "24",
        "Lon": 20.9815,
        "Lat": 52.2375
      },
      {
        "Brigade": "3",
        "Time": "2017-05-14 08:06:28",
        "Lines": "24",
        "Lon": 20.9815,
        "Lat": 52.2375
      },
      {
        "Brigade": "3",
        "Time": "2017-05-14 08:06:43",
        "Lines": "24",
        "Lon": 20.9815,
        "Lat": 52.2374
      },
      {
        "Brigade": "3",
        "Time": "2017-05-14 08:06:53",
        "Lines": "24",
        "Lon": 20.9817,
        "Lat": 52.2375
      },
      {
        "Brigade": "3",
        "Time": "2017-05-14 08:07:03",
        "Lines": "24",
        "Lon": 20.9827,
        "Lat": 52.2379
      },
      {
        "Brigade": "3",
        "Time": "2017-05-14 08:07:16",
        "Lines": "24",
        "Lon": 20.9845,
        "Lat": 52.2388
      },
      {
        "Brigade": "3",
        "Time": "2017-05-14 08:09:36",
        "Lines": "24",
        "Lon": 20.9932,
        "Lat": 52.2417
      },
      {
        "Brigade": "3",
        "Time": "2017-05-14 08:09:51",
        "Lines": "24",
        "Lon": 20.9931,
        "Lat": 52.2417
      },
      {
        "Brigade": "3",
        "Time": "2017-05-14 08:09:56",
        "Lines": "24",
        "Lon": 20.9946,
        "Lat": 52.2422
      },
      {
        "Brigade": "3",
        "Time": "2017-05-14 08:10:12",
        "Lines": "24",
        "Lon": 20.9979,
        "Lat": 52.2433
      },
      {
        "Brigade": "3",
        "Time": "2017-05-14 08:10:22",
        "Lines": "24",
        "Lon": 20.9996,
        "Lat": 52.2438
      },
      {
        "Brigade": "3",
        "Time": "2017-05-14 08:10:32",
        "Lines": "24",
        "Lon": 21.001,
        "Lat": 52.2443
      },
      {
        "Brigade": "3",
        "Time": "2017-05-14 08:10:42",
        "Lines": "24",
        "Lon": 21.002,
        "Lat": 52.2446
      },
      {
        "Brigade": "3",
        "Time": "2017-05-14 08:10:57",
        "Lines": "24",
        "Lon": 21.0024,
        "Lat": 52.2448
      },
      {
        "Brigade": "3",
        "Time": "2017-05-14 08:11:07",
        "Lines": "24",
        "Lon": 21.0024,
        "Lat": 52.2449
      },
      {
        "Brigade": "3",
        "Time": "2017-05-14 08:11:17",
        "Lines": "24",
        "Lon": 21.0024,
        "Lat": 52.245
      },
      {
        "Brigade": "3",
        "Time": "2017-05-14 08:11:27",
        "Lines": "24",
        "Lon": 21.0026,
        "Lat": 52.245
      },
      {
        "Brigade": "3",
        "Time": "2017-05-14 08:11:42",
        "Lines": "24",
        "Lon": 21.0029,
        "Lat": 52.2449
      },
      {
        "Brigade": "3",
        "Time": "2017-05-14 08:11:53",
        "Lines": "24",
        "Lon": 21.0036,
        "Lat": 52.245
      },
      {
        "Brigade": "3",
        "Time": "2017-05-14 08:12:03",
        "Lines": "24",
        "Lon": 21.0036,
        "Lat": 52.245
      },
      {
        "Brigade": "3",
        "Time": "2017-05-14 08:12:13",
        "Lines": "24",
        "Lon": 21.0036,
        "Lat": 52.2449
      },
      {
        "Brigade": "3",
        "Time": "2017-05-14 08:12:21",
        "Lines": "24",
        "Lon": 21.004,
        "Lat": 52.245
      },
      {
        "Brigade": "3",
        "Time": "2017-05-14 08:12:48",
        "Lines": "24",
        "Lon": 21.0091,
        "Lat": 52.2463
      },
      {
        "Brigade": "3",
        "Time": "2017-05-14 08:12:58",
        "Lines": "24",
        "Lon": 21.011,
        "Lat": 52.2465
      },
      {
        "Brigade": "3",
        "Time": "2017-05-14 08:13:08",
        "Lines": "24",
        "Lon": 21.011,
        "Lat": 52.2465
      },
      {
        "Brigade": "3",
        "Time": "2017-05-14 08:13:19",
        "Lines": "24",
        "Lon": 21.0152,
        "Lat": 52.2468
      },
      {
        "Brigade": "3",
        "Time": "2017-05-14 08:13:27",
        "Lines": "24",
        "Lon": 21.0158,
        "Lat": 52.2468
      },
      {
        "Brigade": "3",
        "Time": "2017-05-14 08:13:42",
        "Lines": "24",
        "Lon": 21.0158,
        "Lat": 52.2468
      },
      {
        "Brigade": "3",
        "Time": "2017-05-14 08:13:52",
        "Lines": "24",
        "Lon": 21.0158,
        "Lat": 52.2469
      },
      {
        "Brigade": "3",
        "Time": "2017-05-14 08:14:02",
        "Lines": "24",
        "Lon": 21.0169,
        "Lat": 52.2471
      },
      {
        "Brigade": "3",
        "Time": "2017-05-14 08:14:26",
        "Lines": "24",
        "Lon": 21.0202,
        "Lat": 52.2486
      },
      {
        "Brigade": "3",
        "Time": "2017-05-14 08:14:37",
        "Lines": "24",
        "Lon": 21.0228,
        "Lat": 52.2497
      },
      {
        "Brigade": "3",
        "Time": "2017-05-14 08:14:47",
        "Lines": "24",
        "Lon": 21.0245,
        "Lat": 52.2504
      },
      {
        "Brigade": "3",
        "Time": "2017-05-14 08:14:56",
        "Lines": "24",
        "Lon": 21.026,
        "Lat": 52.251
      },
      {
        "Brigade": "3",
        "Time": "2017-05-14 08:15:01",
        "Lines": "24",
        "Lon": 21.0268,
        "Lat": 52.2514
      },
      {
        "Brigade": "3",
        "Time": "2017-05-14 08:15:22",
        "Lines": "24",
        "Lon": 21.0291,
        "Lat": 52.2524
      },
      {
        "Brigade": "3",
        "Time": "2017-05-14 08:15:31",
        "Lines": "24",
        "Lon": 21.0303,
        "Lat": 52.2528
      },
      {
        "Brigade": "3",
        "Time": "2017-05-14 08:15:44",
        "Lines": "24",
        "Lon": 21.0304,
        "Lat": 52.2529
      },
      {
        "Brigade": "3",
        "Time": "2017-05-14 08:15:51",
        "Lines": "24",
        "Lon": 21.0304,
        "Lat": 52.2529
      },
      {
        "Brigade": "3",
        "Time": "2017-05-14 08:16:03",
        "Lines": "24",
        "Lon": 21.0312,
        "Lat": 52.2532
      },
      {
        "Brigade": "3",
        "Time": "2017-05-14 08:16:17",
        "Lines": "24",
        "Lon": 21.0324,
        "Lat": 52.2537
      },
      {
        "Brigade": "3",
        "Time": "2017-05-14 08:16:19",
        "Lines": "24",
        "Lon": 21.0324,
        "Lat": 52.2538
      }
    ]
  }
]
