[
  {
    "res": [
      {
        "Brigade": "6",
        "Time": "2017-05-14 08:04:10",
        "Lines": "24",
        "Lon": 20.9286,
        "Lat": 52.2919
      },
      {
        "Brigade": "6",
        "Time": "2017-05-14 08:04:20",
        "Lines": "24",
        "Lon": 20.9287,
        "Lat": 52.2918
      },
      {
        "Brigade": "6",
        "Time": "2017-05-14 08:04:31",
        "Lines": "24",
        "Lon": 20.9289,
        "Lat": 52.2916
      },
      {
        "Brigade": "6",
        "Time": "2017-05-14 08:04:40",
        "Lines": "24",
        "Lon": 20.9294,
        "Lat": 52.2914
      },
      {
        "Brigade": "6",
        "Time": "2017-05-14 08:04:45",
        "Lines": "24",
        "Lon": 20.9297,
        "Lat": 52.2913
      },
      {
        "Brigade": "6",
        "Time": "2017-05-14 08:05:05",
        "Lines": "24",
        "Lon": 20.9298,
        "Lat": 52.2912
      },
      {
        "Brigade": "6",
        "Time": "2017-05-14 08:05:15",
        "Lines": "24",
        "Lon": 20.9298,
        "Lat": 52.2912
      },
      {
        "Brigade": "6",
        "Time": "2017-05-14 08:05:25",
        "Lines": "24",
        "Lon": 20.9298,
        "Lat": 52.2912
      },
      {
        "Brigade": "6",
        "Time": "2017-05-14 08:05:35",
        "Lines": "24",
        "Lon": 20.9298,
        "Lat": 52.2912
      },
      {
        "Brigade": "6",
        "Time": "2017-05-14 08:05:45",
        "Lines": "24",
        "Lon": 20.9298,
        "Lat": 52.2912
      },
      {
        "Brigade": "6",
        "Time": "2017-05-14 08:05:55",
        "Lines": "24",
        "Lon": 20.9298,
        "Lat": 52.2912
      },
      {
        "Brigade": "6",
        "Time": "2017-05-14 08:06:10",
        "Lines": "24",
        "Lon": 20.9298,
        "Lat": 52.2912
      },
      {
        "Brigade": "6",
        "Time": "2017-05-14 08:06:20",
        "Lines": "24",
        "Lon": 20.9301,
        "Lat": 52.291
      },
      {
        "Brigade": "6",
        "Time": "2017-05-14 08:06:30",
        "Lines": "24",
        "Lon": 20.9298,
        "Lat": 52.2906
      },
      {
        "Brigade": "6",
        "Time": "2017-05-14 08:06:40",
        "Lines": "24",
        "Lon": 20.9292,
        "Lat": 52.29
      },
      {
        "Brigade": "6",
        "Time": "2017-05-14 08:06:50",
        "Lines": "24",
        "Lon": 20.9292,
        "Lat": 52.29
      },
      {
        "Brigade": "6",
        "Time": "2017-05-14 08:07:05",
        "Lines": "24",
        "Lon": 20.9283,
        "Lat": 52.2893
      },
      {
        "Brigade": "6",
        "Time": "2017-05-14 08:07:15",
        "Lines": "24",
        "Lon": 20.927,
        "Lat": 52.2882
      },
      {
        "Brigade": "6",
        "Time": "2017-05-14 08:07:25",
        "Lines": "24",
        "Lon": 20.9257,
        "Lat": 52.2871
      },
      {
        "Brigade": "6",
        "Time": "2017-05-14 08:07:35",
        "Lines": "24",
        "Lon": 20.9244,
        "Lat": 52.286
      },
      {
        "Brigade": "6",
        "Time": "2017-05-14 08:07:50",
        "Lines": "24",
        "Lon": 20.923,
        "Lat": 52.2849
      },
      {
        "Brigade": "6",
        "Time": "2017-05-14 08:08:00",
        "Lines": "24",
        "Lon": 20.923,
        "Lat": 52.2849
      },
      {
        "Brigade": "6",
        "Time": "2017-05-14 08:08:12",
        "Lines": "24",
        "Lon": 20.9227,
        "Lat": 52.2847
      },
      {
        "Brigade": "6",
        "Time": "2017-05-14 08:08:20",
        "Lines": "24",
        "Lon": 20.9218,
        "Lat": 52.2839
      },
      {
        "Brigade": "6",
        "Time": "2017-05-14 08:08:30",
        "Lines": "24",
        "Lon": 20.9207,
        "Lat": 52.283
      },
      {
        "Brigade": "6",
        "Time": "2017-05-14 08:08:40",
        "Lines": "24",
        "Lon": 20.9203,
        "Lat": 52.2827
      },
      {
        "Brigade": "6",
        "Time": "2017-05-14 08:08:55",
        "Lines": "24",
        "Lon": 20.9203,
        "Lat": 52.2827
      },
      {
        "Brigade": "6",
        "Time": "2017-05-14 08:09:07",
        "Lines": "24",
        "Lon": 20.9203,
        "Lat": 52.2823
      },
      {
        "Brigade": "6",
        "Time": "2017-05-14 08:09:15",
        "Lines": "24",
        "Lon": 20.9211,
        "Lat": 52.2821
      },
      {
        "Brigade": "6",
        "Time": "2017-05-14 08:09:25",
        "Lines": "24",
        "Lon": 20.9227,
        "Lat": 52.2817
      },
      {
        "Brigade": "6",
        "Time": "2017-05-14 08:09:40",
        "Lines": "24",
        "Lon": 20.924,
        "Lat": 52.2814
      },
      {
        "Brigade": "6",
        "Time": "2017-05-14 08:09:50",
        "Lines": "24",
        "Lon": 20.924,
        "Lat": 52.2814
      },
      {
        "Brigade": "6",
        "Time": "2017-05-14 08:10:01",
        "Lines": "24",
        "Lon": 20.9242,
        "Lat": 52.2813
      },
      {
        "Brigade": "6",
        "Time": "2017-05-14 08:10:10",
        "Lines": "24",
        "Lon": 20.9256,
        "Lat": 52.281
      },
      {
        "Brigade": "6",
        "Time": "2017-05-14 08:10:20",
        "Lines": "24",
        "Lon": 20.9273,
        "Lat": 52.2805
      },
      {
        "Brigade": "6",
        "Time": "2017-05-14 08:10:35",
        "Lines": "24",
        "Lon": 20.9281,
        "Lat": 52.2803
      },
      {
        "Brigade": "6",
        "Time": "2017-05-14 08:10:46",
        "Lines": "24",
        "Lon": 20.9281,
        "Lat": 52.2803
      },
      {
        "Brigade": "6",
        "Time": "2017-05-14 08:10:56",
        "Lines": "24",
        "Lon": 20.929,
        "Lat": 52.28
      },
      {
        "Brigade": "6",
        "Time": "2017-05-14 08:11:05",
        "Lines": "24",
        "Lon": 20.9309,
        "Lat": 52.2793
      },
      {
        "Brigade": "6",
        "Time": "2017-05-14 08:11:15",
        "Lines": "24",
        "Lon": 20.9325,
        "Lat": 52.2788
      },
      {
        "Brigade": "6",
        "Time": "2017-05-14 08:11:30",
        "Lines": "24",
        "Lon": 20.9334,
        "Lat": 52.2784
      },
      {
        "Brigade": "6",
        "Time": "2017-05-14 08:11:40",
        "Lines": "24",
        "Lon": 20.9334,
        "Lat": 52.2784
      },
      {
        "Brigade": "6",
        "Time": "2017-05-14 08:11:52",
        "Lines": "24",
        "Lon": 20.934,
        "Lat": 52.2782
      },
      {
        "Brigade": "6",
        "Time": "2017-05-14 08:12:00",
        "Lines": "24",
        "Lon": 20.9349,
        "Lat": 52.2779
      },
      {
        "Brigade": "6",
        "Time": "2017-05-14 08:12:15",
        "Lines": "24",
        "Lon": 20.9365,
        "Lat": 52.2768
      },
      {
        "Brigade": "6",
        "Time": "2017-05-14 08:12:25",
        "Lines": "24",
        "Lon": 20.9375,
        "Lat": 52.276
      },
      {
        "Brigade": "6",
        "Time": "2017-05-14 08:12:37",
        "Lines": "24",
        "Lon": 20.938,
        "Lat": 52.2756
      },
      {
        "Brigade": "6",
        "Time": "2017-05-14 08:12:45",
        "Lines": "24",
        "Lon": 20.938,
        "Lat": 52.2756
      },
      {
        "Brigade": "6",
        "Time": "2017-05-14 08:12:55",
        "Lines": "24",
        "Lon": 20.938,
        "Lat": 52.2756
      },
      {
        "Brigade": "6",
        "Time": "2017-05-14 08:13:05",
        "Lines": "24",
        "Lon": 20.938,
        "Lat": 52.2756
      },
      {
        "Brigade": "6",
        "Time": "2017-05-14 08:13:20",
        "Lines": "24",
        "Lon": 20.938,
        "Lat": 52.2756
      },
      {
        "Brigade": "6",
        "Time": "2017-05-14 08:13:30",
        "Lines": "24",
        "Lon": 20.938,
        "Lat": 52.2756
      },
      {
        "Brigade": "6",
        "Time": "2017-05-14 08:13:40",
        "Lines": "24",
        "Lon": 20.9382,
        "Lat": 52.2753
      },
      {
        "Brigade": "6",
        "Time": "2017-05-14 08:13:47",
        "Lines": "24",
        "Lon": 20.9381,
        "Lat": 52.2751
      },
      {
        "Brigade": "6",
        "Time": "2017-05-14 08:14:05",
        "Lines": "24",
        "Lon": 20.9362,
        "Lat": 52.2738
      },
      {
        "Brigade": "6",
        "Time": "2017-05-14 08:14:15",
        "Lines": "24",
        "Lon": 20.935,
        "Lat": 52.2729
      },
      {
        "Brigade": "6",
        "Time": "2017-05-14 08:14:25",
        "Lines": "24",
        "Lon": 20.9343,
        "Lat": 52.2718
      },
      {
        "Brigade": "6",
        "Time": "2017-05-14 08:14:35",
        "Lines": "24",
        "Lon": 20.9341,
        "Lat": 52.2715
      },
      {
        "Brigade": "6",
        "Time": "2017-05-14 08:14:45",
        "Lines": "24",
        "Lon": 20.9341,
        "Lat": 52.2715
      },
      {
        "Brigade": "6",
        "Time": "2017-05-14 08:15:00",
        "Lines": "24",
        "Lon": 20.9341,
        "Lat": 52.2715
      },
      {
        "Brigade": "6",
        "Time": "2017-05-14 08:15:10",
        "Lines": "24",
        "Lon": 20.934,
        "Lat": 52.2712
      },
      {
        "Brigade": "6",
        "Time": "2017-05-14 08:15:22",
        "Lines": "24",
        "Lon": 20.9334,
        "Lat": 52.2702
      },
      {
        "Brigade": "6",
        "Time": "2017-05-14 08:15:30",
        "Lines": "24",
        "Lon": 20.9329,
        "Lat": 52.2692
      },
      {
        "Brigade": "6",
        "Time": "2017-05-14 08:15:40",
        "Lines": "24",
        "Lon": 20.9327,
        "Lat": 52.2688
      },
      {
        "Brigade": "6",
        "Time": "2017-05-14 08:15:55",
        "Lines": "24",
        "Lon": 20.9327,
        "Lat": 52.2688
      },
      {
        "Brigade": "6",
        "Time": "2017-05-14 08:16:05",
        "Lines": "24",
        "Lon": 20.9327,
        "Lat": 52.2688
      },
      {
        "Brigade": "6",
        "Time": "2017-05-14 08:16:15",
        "Lines": "24",
        "Lon": 20.9327,
        "Lat": 52.2688
      },
      {
        "Brigade": "6",
        "Time": "2017-05-14 08:16:25",
        "Lines": "24",
        "Lon": 20.9327,
        "Lat": 52.2688
      },
      {
        "Brigade": "6",
        "Time": "2017-05-14 08:16:37",
        "Lines": "24",
        "Lon": 20.9326,
        "Lat": 52.2686
      },
      {
        "Brigade": "6",
        "Time": "2017-05-14 08:16:50",
        "Lines": "24",
        "Lon": 20.9319,
        "Lat": 52.2673
      },
      {
        "Brigade": "6",
        "Time": "2017-05-14 08:17:00",
        "Lines": "24",
        "Lon": 20.9307,
        "Lat": 52.2659
      },
      {
        "Brigade": "6",
        "Time": "2017-05-14 08:17:10",
        "Lines": "24",
        "Lon": 20.9293,
        "Lat": 52.2648
      },
      {
        "Brigade": "6",
        "Time": "2017-05-14 08:17:20",
        "Lines": "24",
        "Lon": 20.9282,
        "Lat": 52.2639
      },
      {
        "Brigade": "6",
        "Time": "2017-05-14 08:17:30",
        "Lines": "24",
        "Lon": 20.928,
        "Lat": 52.2638
      },
      {
        "Brigade": "6",
        "Time": "2017-05-14 08:17:45",
        "Lines": "24",
        "Lon": 20.9271,
        "Lat": 52.2632
      }
    ]
  }
]
