[
  {
    "res": [
      {
        "Brigade": "36",
        "Time": "2017-05-14 07:56:17",
        "Lines": "9",
        "Lon": 21.0518,
        "Lat": 52.2534
      },
      {
        "Brigade": "36",
        "Time": "2017-05-14 07:56:27",
        "Lines": "9",
        "Lon": 21.0515,
        "Lat": 52.2533
      },
      {
        "Brigade": "36",
        "Time": "2017-05-14 07:56:37",
        "Lines": "9",
        "Lon": 21.0515,
        "Lat": 52.2533
      },
      {
        "Brigade": "36",
        "Time": "2017-05-14 07:56:47",
        "Lines": "9",
        "Lon": 21.0515,
        "Lat": 52.2533
      },
      {
        "Brigade": "36",
        "Time": "2017-05-14 07:56:57",
        "Lines": "9",
        "Lon": 21.0515,
        "Lat": 52.2533
      },
      {
        "Brigade": "36",
        "Time": "2017-05-14 07:57:07",
        "Lines": "9",
        "Lon": 21.0509,
        "Lat": 52.2531
      },
      {
        "Brigade": "36",
        "Time": "2017-05-14 07:57:22",
        "Lines": "9",
        "Lon": 21.0499,
        "Lat": 52.2528
      },
      {
        "Brigade": "36",
        "Time": "2017-05-14 07:57:32",
        "Lines": "9",
        "Lon": 21.0499,
        "Lat": 52.2528
      },
      {
        "Brigade": "36",
        "Time": "2017-05-14 07:57:42",
        "Lines": "9",
        "Lon": 21.0499,
        "Lat": 52.2528
      },
      {
        "Brigade": "36",
        "Time": "2017-05-14 07:57:52",
        "Lines": "9",
        "Lon": 21.0489,
        "Lat": 52.2525
      },
      {
        "Brigade": "36",
        "Time": "2017-05-14 07:58:02",
        "Lines": "9",
        "Lon": 21.0472,
        "Lat": 52.2519
      },
      {
        "Brigade": "36",
        "Time": "2017-05-14 07:58:17",
        "Lines": "9",
        "Lon": 21.0452,
        "Lat": 52.2509
      },
      {
        "Brigade": "36",
        "Time": "2017-05-14 07:58:27",
        "Lines": "9",
        "Lon": 21.0442,
        "Lat": 52.2503
      },
      {
        "Brigade": "36",
        "Time": "2017-05-14 07:58:37",
        "Lines": "9",
        "Lon": 21.0434,
        "Lat": 52.2499
      },
      {
        "Brigade": "36",
        "Time": "2017-05-14 07:58:47",
        "Lines": "9",
        "Lon": 21.0429,
        "Lat": 52.2495
      },
      {
        "Brigade": "36",
        "Time": "2017-05-14 07:59:02",
        "Lines": "9",
        "Lon": 21.0439,
        "Lat": 52.249
      },
      {
        "Brigade": "36",
        "Time": "2017-05-14 07:59:12",
        "Lines": "9",
        "Lon": 21.0442,
        "Lat": 52.2489
      },
      {
        "Brigade": "36",
        "Time": "2017-05-14 07:59:22",
        "Lines": "9",
        "Lon": 21.0442,
        "Lat": 52.2489
      },
      {
        "Brigade": "36",
        "Time": "2017-05-14 07:59:32",
        "Lines": "9",
        "Lon": 21.0448,
        "Lat": 52.2487
      },
      {
        "Brigade": "36",
        "Time": "2017-05-14 07:59:42",
        "Lines": "9",
        "Lon": 21.0456,
        "Lat": 52.2485
      },
      {
        "Brigade": "36",
        "Time": "2017-05-14 07:59:57",
        "Lines": "9",
        "Lon": 21.0466,
        "Lat": 52.2481
      },
      {
        "Brigade": "36",
        "Time": "2017-05-14 08:00:07",
        "Lines": "9",
        "Lon": 21.0471,
        "Lat": 52.2478
      },
      {
        "Brigade": "36",
        "Time": "2017-05-14 08:00:17",
        "Lines": "9",
        "Lon": 21.047,
        "Lat": 52.2472
      },
      {
        "Brigade": "36",
        "Time": "2017-05-14 08:00:27",
        "Lines": "9",
        "Lon": 21.0473,
        "Lat": 52.2467
      },
      {
        "Brigade": "36",
        "Time": "2017-05-14 08:00:37",
        "Lines": "9",
        "Lon": 21.0473,
        "Lat": 52.2467
      },
      {
        "Brigade": "36",
        "Time": "2017-05-14 08:00:52",
        "Lines": "9",
        "Lon": 21.0475,
        "Lat": 52.2464
      },
      {
        "Brigade": "36",
        "Time": "2017-05-14 08:01:02",
        "Lines": "9",
        "Lon": 21.0475,
        "Lat": 52.2463
      },
      {
        "Brigade": "36",
        "Time": "2017-05-14 08:01:12",
        "Lines": "9",
        "Lon": 21.0481,
        "Lat": 52.245
      },
      {
        "Brigade": "36",
        "Time": "2017-05-14 08:01:22",
        "Lines": "9",
        "Lon": 21.0487,
        "Lat": 52.2437
      },
      {
        "Brigade": "36",
        "Time": "2017-05-14 08:01:32",
        "Lines": "9",
        "Lon": 21.0494,
        "Lat": 52.2425
      },
      {
        "Brigade": "36",
        "Time": "2017-05-14 08:01:47",
        "Lines": "9",
        "Lon": 21.0503,
        "Lat": 52.2406
      },
      {
        "Brigade": "36",
        "Time": "2017-05-14 08:01:57",
        "Lines": "9",
        "Lon": 21.0507,
        "Lat": 52.2396
      },
      {
        "Brigade": "36",
        "Time": "2017-05-14 08:02:07",
        "Lines": "9",
        "Lon": 21.0511,
        "Lat": 52.2389
      },
      {
        "Brigade": "36",
        "Time": "2017-05-14 08:02:17",
        "Lines": "9",
        "Lon": 21.0511,
        "Lat": 52.2389
      },
      {
        "Brigade": "36",
        "Time": "2017-05-14 08:02:27",
        "Lines": "9",
        "Lon": 21.0511,
        "Lat": 52.2389
      },
      {
        "Brigade": "36",
        "Time": "2017-05-14 08:02:42",
        "Lines": "9",
        "Lon": 21.0511,
        "Lat": 52.2389
      },
      {
        "Brigade": "36",
        "Time": "2017-05-14 08:02:52",
        "Lines": "9",
        "Lon": 21.0511,
        "Lat": 52.2389
      },
      {
        "Brigade": "36",
        "Time": "2017-05-14 08:03:02",
        "Lines": "9",
        "Lon": 21.0512,
        "Lat": 52.2388
      },
      {
        "Brigade": "36",
        "Time": "2017-05-14 08:03:12",
        "Lines": "9",
        "Lon": 21.0515,
        "Lat": 52.2382
      },
      {
        "Brigade": "36",
        "Time": "2017-05-14 08:03:26",
        "Lines": "9",
        "Lon": 21.0521,
        "Lat": 52.2382
      },
      {
        "Brigade": "36",
        "Time": "2017-05-14 08:03:37",
        "Lines": "9",
        "Lon": 21.0521,
        "Lat": 52.2382
      },
      {
        "Brigade": "36",
        "Time": "2017-05-14 08:03:47",
        "Lines": "9",
        "Lon": 21.0522,
        "Lat": 52.2383
      },
      {
        "Brigade": "36",
        "Time": "2017-05-14 08:03:52",
        "Lines": "9",
        "Lon": 21.0528,
        "Lat": 52.2384
      },
      {
        "Brigade": "36",
        "Time": "2017-05-14 08:04:07",
        "Lines": "9",
        "Lon": 21.0547,
        "Lat": 52.2387
      },
      {
        "Brigade": "36",
        "Time": "2017-05-14 08:04:21",
        "Lines": "9",
        "Lon": 21.0553,
        "Lat": 52.2388
      },
      {
        "Brigade": "36",
        "Time": "2017-05-14 08:04:32",
        "Lines": "9",
        "Lon": 21.0553,
        "Lat": 52.2388
      },
      {
        "Brigade": "36",
        "Time": "2017-05-14 08:04:42",
        "Lines": "9",
        "Lon": 21.0559,
        "Lat": 52.2389
      },
      {
        "Brigade": "36",
        "Time": "2017-05-14 08:04:52",
        "Lines": "9",
        "Lon": 21.0563,
        "Lat": 52.239
      },
      {
        "Brigade": "36",
        "Time": "2017-05-14 08:05:02",
        "Lines": "9",
        "Lon": 21.0563,
        "Lat": 52.239
      },
      {
        "Brigade": "36",
        "Time": "2017-05-14 08:05:17",
        "Lines": "9",
        "Lon": 21.0584,
        "Lat": 52.2394
      },
      {
        "Brigade": "36",
        "Time": "2017-05-14 08:05:27",
        "Lines": "9",
        "Lon": 21.0603,
        "Lat": 52.2398
      },
      {
        "Brigade": "36",
        "Time": "2017-05-14 08:05:37",
        "Lines": "9",
        "Lon": 21.062,
        "Lat": 52.2401
      },
      {
        "Brigade": "36",
        "Time": "2017-05-14 08:05:47",
        "Lines": "9",
        "Lon": 21.0631,
        "Lat": 52.2404
      },
      {
        "Brigade": "36",
        "Time": "2017-05-14 08:05:52",
        "Lines": "9",
        "Lon": 21.0632,
        "Lat": 52.2404
      },
      {
        "Brigade": "36",
        "Time": "2017-05-14 08:06:10",
        "Lines": "9",
        "Lon": 21.0636,
        "Lat": 52.2405
      },
      {
        "Brigade": "36",
        "Time": "2017-05-14 08:06:22",
        "Lines": "9",
        "Lon": 21.0656,
        "Lat": 52.2409
      },
      {
        "Brigade": "36",
        "Time": "2017-05-14 08:06:32",
        "Lines": "9",
        "Lon": 21.0672,
        "Lat": 52.2412
      }
    ]
  }
]
