[
  {
    "res": [
      {
        "Brigade": "37",
        "Time": "2017-05-14 07:46:09",
        "Lines": "9",
        "Lon": 21.0036,
        "Lat": 52.1885
      },
      {
        "Brigade": "37",
        "Time": "2017-05-14 07:46:20",
        "Lines": "9",
        "Lon": 21.0033,
        "Lat": 52.1888
      },
      {
        "Brigade": "37",
        "Time": "2017-05-14 07:46:31",
        "Lines": "9",
        "Lon": 21.0026,
        "Lat": 52.1888
      },
      {
        "Brigade": "37",
        "Time": "2017-05-14 07:46:41",
        "Lines": "9",
        "Lon": 21.0026,
        "Lat": 52.1888
      },
      {
        "Brigade": "37",
        "Time": "2017-05-14 07:46:52",
        "Lines": "9",
        "Lon": 21.0026,
        "Lat": 52.1888
      },
      {
        "Brigade": "37",
        "Time": "2017-05-14 07:47:03",
        "Lines": "9",
        "Lon": 21.0026,
        "Lat": 52.1888
      },
      {
        "Brigade": "37",
        "Time": "2017-05-14 07:47:12",
        "Lines": "9",
        "Lon": 21.0026,
        "Lat": 52.1888
      },
      {
        "Brigade": "37",
        "Time": "2017-05-14 07:47:23",
        "Lines": "9",
        "Lon": 21.0026,
        "Lat": 52.1888
      },
      {
        "Brigade": "37",
        "Time": "2017-05-14 07:47:33",
        "Lines": "9",
        "Lon": 21.0026,
        "Lat": 52.1888
      },
      {
        "Brigade": "37",
        "Time": "2017-05-14 07:47:49",
        "Lines": "9",
        "Lon": 21.0026,
        "Lat": 52.1888
      },
      {
        "Brigade": "37",
        "Time": "2017-05-14 07:48:00",
        "Lines": "9",
        "Lon": 21.0026,
        "Lat": 52.1888
      },
      {
        "Brigade": "37",
        "Time": "2017-05-14 07:48:10",
        "Lines": "9",
        "Lon": 21.0026,
        "Lat": 52.1888
      },
      {
        "Brigade": "37",
        "Time": "2017-05-14 07:48:21",
        "Lines": "9",
        "Lon": 21.0025,
        "Lat": 52.1888
      },
      {
        "Brigade": "37",
        "Time": "2017-05-14 07:48:31",
        "Lines": "9",
        "Lon": 21.002,
        "Lat": 52.1891
      },
      {
        "Brigade": "37",
        "Time": "2017-05-14 07:48:42",
        "Lines": "9",
        "Lon": 21.002,
        "Lat": 52.1898
      },
      {
        "Brigade": "37",
        "Time": "2017-05-14 07:48:52",
        "Lines": "9",
        "Lon": 21.002,
        "Lat": 52.1898
      },
      {
        "Brigade": "37",
        "Time": "2017-05-14 07:49:03",
        "Lines": "9",
        "Lon": 21.0019,
        "Lat": 52.1902
      },
      {
        "Brigade": "37",
        "Time": "2017-05-14 07:49:13",
        "Lines": "9",
        "Lon": 21.0018,
        "Lat": 52.1914
      },
      {
        "Brigade": "37",
        "Time": "2017-05-14 07:49:24",
        "Lines": "9",
        "Lon": 21.0018,
        "Lat": 52.1926
      },
      {
        "Brigade": "37",
        "Time": "2017-05-14 07:49:34",
        "Lines": "9",
        "Lon": 21.0018,
        "Lat": 52.194
      },
      {
        "Brigade": "37",
        "Time": "2017-05-14 07:49:49",
        "Lines": "9",
        "Lon": 21.0018,
        "Lat": 52.1952
      },
      {
        "Brigade": "37",
        "Time": "2017-05-14 07:50:00",
        "Lines": "9",
        "Lon": 21.0018,
        "Lat": 52.1952
      },
      {
        "Brigade": "37",
        "Time": "2017-05-14 07:50:10",
        "Lines": "9",
        "Lon": 21.0018,
        "Lat": 52.1952
      },
      {
        "Brigade": "37",
        "Time": "2017-05-14 07:50:21",
        "Lines": "9",
        "Lon": 21.0018,
        "Lat": 52.1952
      },
      {
        "Brigade": "37",
        "Time": "2017-05-14 07:50:31",
        "Lines": "9",
        "Lon": 21.0018,
        "Lat": 52.1952
      },
      {
        "Brigade": "37",
        "Time": "2017-05-14 07:50:42",
        "Lines": "9",
        "Lon": 21.0018,
        "Lat": 52.1952
      },
      {
        "Brigade": "37",
        "Time": "2017-05-14 07:50:52",
        "Lines": "9",
        "Lon": 21.0018,
        "Lat": 52.1952
      },
      {
        "Brigade": "37",
        "Time": "2017-05-14 07:51:03",
        "Lines": "9",
        "Lon": 21.0018,
        "Lat": 52.1952
      },
      {
        "Brigade": "37",
        "Time": "2017-05-14 07:51:13",
        "Lines": "9",
        "Lon": 21.0018,
        "Lat": 52.1959
      },
      {
        "Brigade": "37",
        "Time": "2017-05-14 07:51:29",
        "Lines": "9",
        "Lon": 21.0015,
        "Lat": 52.1979
      },
      {
        "Brigade": "37",
        "Time": "2017-05-14 07:51:40",
        "Lines": "9",
        "Lon": 21.0013,
        "Lat": 52.1987
      },
      {
        "Brigade": "37",
        "Time": "2017-05-14 07:51:45",
        "Lines": "9",
        "Lon": 21.0013,
        "Lat": 52.1987
      },
      {
        "Brigade": "37",
        "Time": "2017-05-14 07:52:00",
        "Lines": "9",
        "Lon": 21.0013,
        "Lat": 52.1988
      },
      {
        "Brigade": "37",
        "Time": "2017-05-14 07:52:11",
        "Lines": "9",
        "Lon": 21.0009,
        "Lat": 52.1999
      },
      {
        "Brigade": "37",
        "Time": "2017-05-14 07:52:21",
        "Lines": "9",
        "Lon": 21.0006,
        "Lat": 52.2013
      },
      {
        "Brigade": "37",
        "Time": "2017-05-14 07:52:37",
        "Lines": "9",
        "Lon": 21.0005,
        "Lat": 52.2015
      },
      {
        "Brigade": "37",
        "Time": "2017-05-14 07:52:48",
        "Lines": "9",
        "Lon": 21.0005,
        "Lat": 52.2015
      },
      {
        "Brigade": "37",
        "Time": "2017-05-14 07:52:58",
        "Lines": "9",
        "Lon": 21.0005,
        "Lat": 52.2015
      },
      {
        "Brigade": "37",
        "Time": "2017-05-14 07:53:09",
        "Lines": "9",
        "Lon": 21.0005,
        "Lat": 52.2016
      },
      {
        "Brigade": "37",
        "Time": "2017-05-14 07:53:19",
        "Lines": "9",
        "Lon": 21.0003,
        "Lat": 52.2023
      },
      {
        "Brigade": "37",
        "Time": "2017-05-14 07:53:24",
        "Lines": "9",
        "Lon": 21.0003,
        "Lat": 52.2024
      },
      {
        "Brigade": "37",
        "Time": "2017-05-14 07:53:40",
        "Lines": "9",
        "Lon": 21.0002,
        "Lat": 52.2027
      },
      {
        "Brigade": "37",
        "Time": "2017-05-14 07:53:51",
        "Lines": "9",
        "Lon": 20.9998,
        "Lat": 52.2039
      },
      {
        "Brigade": "37",
        "Time": "2017-05-14 07:54:01",
        "Lines": "9",
        "Lon": 20.9994,
        "Lat": 52.2053
      },
      {
        "Brigade": "37",
        "Time": "2017-05-14 07:54:12",
        "Lines": "9",
        "Lon": 20.9994,
        "Lat": 52.2057
      },
      {
        "Brigade": "37",
        "Time": "2017-05-14 07:54:22",
        "Lines": "9",
        "Lon": 20.9994,
        "Lat": 52.2057
      },
      {
        "Brigade": "37",
        "Time": "2017-05-14 07:54:38",
        "Lines": "9",
        "Lon": 20.9994,
        "Lat": 52.2057
      },
      {
        "Brigade": "37",
        "Time": "2017-05-14 07:54:48",
        "Lines": "9",
        "Lon": 20.9995,
        "Lat": 52.206
      },
      {
        "Brigade": "37",
        "Time": "2017-05-14 07:54:59",
        "Lines": "9",
        "Lon": 21.001,
        "Lat": 52.2063
      },
      {
        "Brigade": "37",
        "Time": "2017-05-14 07:55:09",
        "Lines": "9",
        "Lon": 21.0027,
        "Lat": 52.2066
      },
      {
        "Brigade": "37",
        "Time": "2017-05-14 07:55:20",
        "Lines": "9",
        "Lon": 21.0035,
        "Lat": 52.2067
      },
      {
        "Brigade": "37",
        "Time": "2017-05-14 07:55:30",
        "Lines": "9",
        "Lon": 21.0041,
        "Lat": 52.2068
      },
      {
        "Brigade": "37",
        "Time": "2017-05-14 07:55:41",
        "Lines": "9",
        "Lon": 21.0041,
        "Lat": 52.2068
      },
      {
        "Brigade": "37",
        "Time": "2017-05-14 07:55:51",
        "Lines": "9",
        "Lon": 21.0049,
        "Lat": 52.207
      },
      {
        "Brigade": "37",
        "Time": "2017-05-14 07:56:02",
        "Lines": "9",
        "Lon": 21.0069,
        "Lat": 52.2074
      },
      {
        "Brigade": "37",
        "Time": "2017-05-14 07:56:12",
        "Lines": "9",
        "Lon": 21.0079,
        "Lat": 52.2076
      },
      {
        "Brigade": "37",
        "Time": "2017-05-14 07:56:28",
        "Lines": "9",
        "Lon": 21.008,
        "Lat": 52.2081
      },
      {
        "Brigade": "37",
        "Time": "2017-05-14 07:56:38",
        "Lines": "9",
        "Lon": 21.0076,
        "Lat": 52.209
      },
      {
        "Brigade": "37",
        "Time": "2017-05-14 07:56:49",
        "Lines": "9",
        "Lon": 21.0075,
        "Lat": 52.2093
      },
      {
        "Brigade": "37",
        "Time": "2017-05-14 07:56:59",
        "Lines": "9",
        "Lon": 21.0075,
        "Lat": 52.2093
      },
      {
        "Brigade": "37",
        "Time": "2017-05-14 07:57:10",
        "Lines": "9",
        "Lon": 21.0073,
        "Lat": 52.2099
      },
      {
        "Brigade": "37",
        "Time": "2017-05-14 07:57:20",
        "Lines": "9",
        "Lon": 21.007,
        "Lat": 52.2108
      },
      {
        "Brigade": "37",
        "Time": "2017-05-14 07:57:31",
        "Lines": "9",
        "Lon": 21.0066,
        "Lat": 52.2121
      },
      {
        "Brigade": "37",
        "Time": "2017-05-14 07:57:41",
        "Lines": "9",
        "Lon": 21.0063,
        "Lat": 52.213
      },
      {
        "Brigade": "37",
        "Time": "2017-05-14 07:57:52",
        "Lines": "9",
        "Lon": 21.0062,
        "Lat": 52.2132
      },
      {
        "Brigade": "37",
        "Time": "2017-05-14 07:58:02",
        "Lines": "9",
        "Lon": 21.0058,
        "Lat": 52.2145
      },
      {
        "Brigade": "37",
        "Time": "2017-05-14 07:58:13",
        "Lines": "9",
        "Lon": 21.0054,
        "Lat": 52.2159
      },
      {
        "Brigade": "37",
        "Time": "2017-05-14 07:58:23",
        "Lines": "9",
        "Lon": 21.0052,
        "Lat": 52.2168
      },
      {
        "Brigade": "37",
        "Time": "2017-05-14 07:58:39",
        "Lines": "9",
        "Lon": 21.0051,
        "Lat": 52.2175
      },
      {
        "Brigade": "37",
        "Time": "2017-05-14 07:58:49",
        "Lines": "9",
        "Lon": 21.005,
        "Lat": 52.2184
      },
      {
        "Brigade": "37",
        "Time": "2017-05-14 07:59:01",
        "Lines": "9",
        "Lon": 21.005,
        "Lat": 52.2194
      },
      {
        "Brigade": "37",
        "Time": "2017-05-14 07:59:10",
        "Lines": "9",
        "Lon": 21.0049,
        "Lat": 52.2199
      },
      {
        "Brigade": "37",
        "Time": "2017-05-14 07:59:22",
        "Lines": "9",
        "Lon": 21.0049,
        "Lat": 52.2199
      },
      {
        "Brigade": "37",
        "Time": "2017-05-14 07:59:32",
        "Lines": "9",
        "Lon": 21.0049,
        "Lat": 52.2199
      },
      {
        "Brigade": "37",
        "Time": "2017-05-14 07:59:42",
        "Lines": "9",
        "Lon": 21.0049,
        "Lat": 52.2199
      },
      {
        "Brigade": "37",
        "Time": "2017-05-14 07:59:58",
        "Lines": "9",
        "Lon": 21.0049,
        "Lat": 52.2199
      },
      {
        "Brigade": "37",
        "Time": "2017-05-14 08:00:03",
        "Lines": "9",
        "Lon": 21.0049,
        "Lat": 52.2199
      },
      {
        "Brigade": "37",
        "Time": "2017-05-14 08:00:14",
        "Lines": "9",
        "Lon": 21.0049,
        "Lat": 52.2199
      },
      {
        "Brigade": "37",
        "Time": "2017-05-14 08:00:29",
        "Lines": "9",
        "Lon": 21.0049,
        "Lat": 52.2201
      },
      {
        "Brigade": "37",
        "Time": "2017-05-14 08:00:40",
        "Lines": "9",
        "Lon": 21.0045,
        "Lat": 52.2202
      },
      {
        "Brigade": "37",
        "Time": "2017-05-14 08:00:50",
        "Lines": "9",
        "Lon": 21.0038,
        "Lat": 52.2202
      },
      {
        "Brigade": "37",
        "Time": "2017-05-14 08:01:01",
        "Lines": "9",
        "Lon": 21.0024,
        "Lat": 52.2203
      },
      {
        "Brigade": "37",
        "Time": "2017-05-14 08:01:11",
        "Lines": "9",
        "Lon": 21.0009,
        "Lat": 52.2204
      },
      {
        "Brigade": "37",
        "Time": "2017-05-14 08:01:22",
        "Lines": "9",
        "Lon": 21,
        "Lat": 52.2202
      },
      {
        "Brigade": "37",
        "Time": "2017-05-14 08:01:32",
        "Lines": "9",
        "Lon": 20.9998,
        "Lat": 52.2196
      },
      {
        "Brigade": "37",
        "Time": "2017-05-14 08:01:43",
        "Lines": "9",
        "Lon": 20.9995,
        "Lat": 52.219
      },
      {
        "Brigade": "37",
        "Time": "2017-05-14 08:01:53",
        "Lines": "9",
        "Lon": 20.9987,
        "Lat": 52.219
      },
      {
        "Brigade": "37",
        "Time": "2017-05-14 08:02:09",
        "Lines": "9",
        "Lon": 20.9985,
        "Lat": 52.219
      },
      {
        "Brigade": "37",
        "Time": "2017-05-14 08:02:19",
        "Lines": "9",
        "Lon": 20.9968,
        "Lat": 52.219
      },
      {
        "Brigade": "37",
        "Time": "2017-05-14 08:02:30",
        "Lines": "9",
        "Lon": 20.9943,
        "Lat": 52.2191
      },
      {
        "Brigade": "37",
        "Time": "2017-05-14 08:02:51",
        "Lines": "9",
        "Lon": 20.9905,
        "Lat": 52.2192
      },
      {
        "Brigade": "37",
        "Time": "2017-05-14 08:03:01",
        "Lines": "9",
        "Lon": 20.9903,
        "Lat": 52.2192
      },
      {
        "Brigade": "37",
        "Time": "2017-05-14 08:03:12",
        "Lines": "9",
        "Lon": 20.9903,
        "Lat": 52.2192
      },
      {
        "Brigade": "37",
        "Time": "2017-05-14 08:03:22",
        "Lines": "9",
        "Lon": 20.9903,
        "Lat": 52.2192
      },
      {
        "Brigade": "37",
        "Time": "2017-05-14 08:03:33",
        "Lines": "9",
        "Lon": 20.9903,
        "Lat": 52.2192
      },
      {
        "Brigade": "37",
        "Time": "2017-05-14 08:03:48",
        "Lines": "9",
        "Lon": 20.9903,
        "Lat": 52.2192
      },
      {
        "Brigade": "37",
        "Time": "2017-05-14 08:03:59",
        "Lines": "9",
        "Lon": 20.9893,
        "Lat": 52.2192
      },
      {
        "Brigade": "37",
        "Time": "2017-05-14 08:04:09",
        "Lines": "9",
        "Lon": 20.9884,
        "Lat": 52.2193
      },
      {
        "Brigade": "37",
        "Time": "2017-05-14 08:04:20",
        "Lines": "9",
        "Lon": 20.9876,
        "Lat": 52.2194
      },
      {
        "Brigade": "37",
        "Time": "2017-05-14 08:04:30",
        "Lines": "9",
        "Lon": 20.9868,
        "Lat": 52.2194
      },
      {
        "Brigade": "37",
        "Time": "2017-05-14 08:04:41",
        "Lines": "9",
        "Lon": 20.986,
        "Lat": 52.2194
      },
      {
        "Brigade": "37",
        "Time": "2017-05-14 08:04:51",
        "Lines": "9",
        "Lon": 20.9852,
        "Lat": 52.2195
      },
      {
        "Brigade": "37",
        "Time": "2017-05-14 08:05:02",
        "Lines": "9",
        "Lon": 20.9845,
        "Lat": 52.2195
      },
      {
        "Brigade": "37",
        "Time": "2017-05-14 08:05:12",
        "Lines": "9",
        "Lon": 20.984,
        "Lat": 52.2194
      },
      {
        "Brigade": "37",
        "Time": "2017-05-14 08:05:23",
        "Lines": "9",
        "Lon": 20.9837,
        "Lat": 52.2191
      },
      {
        "Brigade": "37",
        "Time": "2017-05-14 08:05:33",
        "Lines": "9",
        "Lon": 20.9835,
        "Lat": 52.2189
      },
      {
        "Brigade": "37",
        "Time": "2017-05-14 08:05:44",
        "Lines": "9",
        "Lon": 20.9835,
        "Lat": 52.2189
      },
      {
        "Brigade": "37",
        "Time": "2017-05-14 08:05:54",
        "Lines": "9",
        "Lon": 20.9835,
        "Lat": 52.2189
      },
      {
        "Brigade": "37",
        "Time": "2017-05-14 08:06:10",
        "Lines": "9",
        "Lon": 20.9835,
        "Lat": 52.2189
      },
      {
        "Brigade": "37",
        "Time": "2017-05-14 08:06:20",
        "Lines": "9",
        "Lon": 20.9832,
        "Lat": 52.2184
      },
      {
        "Brigade": "37",
        "Time": "2017-05-14 08:06:31",
        "Lines": "9",
        "Lon": 20.9837,
        "Lat": 52.2182
      },
      {
        "Brigade": "37",
        "Time": "2017-05-14 08:06:41",
        "Lines": "9",
        "Lon": 20.9842,
        "Lat": 52.2185
      },
      {
        "Brigade": "37",
        "Time": "2017-05-14 08:06:52",
        "Lines": "9",
        "Lon": 20.9847,
        "Lat": 52.219
      },
      {
        "Brigade": "37",
        "Time": "2017-05-14 08:07:02",
        "Lines": "9",
        "Lon": 20.9847,
        "Lat": 52.219
      },
      {
        "Brigade": "37",
        "Time": "2017-05-14 08:07:13",
        "Lines": "9",
        "Lon": 20.9848,
        "Lat": 52.2192
      },
      {
        "Brigade": "37",
        "Time": "2017-05-14 08:07:23",
        "Lines": "9",
        "Lon": 20.9847,
        "Lat": 52.2194
      },
      {
        "Brigade": "37",
        "Time": "2017-05-14 08:07:39",
        "Lines": "9",
        "Lon": 20.9846,
        "Lat": 52.2195
      },
      {
        "Brigade": "37",
        "Time": "2017-05-14 08:07:50",
        "Lines": "9",
        "Lon": 20.9846,
        "Lat": 52.2195
      },
      {
        "Brigade": "37",
        "Time": "2017-05-14 08:08:01",
        "Lines": "9",
        "Lon": 20.9844,
        "Lat": 52.2199
      },
      {
        "Brigade": "37",
        "Time": "2017-05-14 08:08:11",
        "Lines": "9",
        "Lon": 20.9847,
        "Lat": 52.2203
      },
      {
        "Brigade": "37",
        "Time": "2017-05-14 08:08:21",
        "Lines": "9",
        "Lon": 20.9854,
        "Lat": 52.2211
      },
      {
        "Brigade": "37",
        "Time": "2017-05-14 08:08:31",
        "Lines": "9",
        "Lon": 20.9863,
        "Lat": 52.2221
      },
      {
        "Brigade": "37",
        "Time": "2017-05-14 08:08:42",
        "Lines": "9",
        "Lon": 20.9867,
        "Lat": 52.2226
      },
      {
        "Brigade": "37",
        "Time": "2017-05-14 08:08:52",
        "Lines": "9",
        "Lon": 20.9867,
        "Lat": 52.2226
      },
      {
        "Brigade": "37",
        "Time": "2017-05-14 08:09:03",
        "Lines": "9",
        "Lon": 20.9867,
        "Lat": 52.2226
      },
      {
        "Brigade": "37",
        "Time": "2017-05-14 08:09:14",
        "Lines": "9",
        "Lon": 20.9867,
        "Lat": 52.2226
      },
      {
        "Brigade": "37",
        "Time": "2017-05-14 08:09:30",
        "Lines": "9",
        "Lon": 20.9867,
        "Lat": 52.2226
      },
      {
        "Brigade": "37",
        "Time": "2017-05-14 08:09:40",
        "Lines": "9",
        "Lon": 20.9871,
        "Lat": 52.223
      },
      {
        "Brigade": "37",
        "Time": "2017-05-14 08:09:50",
        "Lines": "9",
        "Lon": 20.9879,
        "Lat": 52.2239
      },
      {
        "Brigade": "37",
        "Time": "2017-05-14 08:10:01",
        "Lines": "9",
        "Lon": 20.9888,
        "Lat": 52.2246
      },
      {
        "Brigade": "37",
        "Time": "2017-05-14 08:10:14",
        "Lines": "9",
        "Lon": 20.989,
        "Lat": 52.2247
      },
      {
        "Brigade": "37",
        "Time": "2017-05-14 08:10:22",
        "Lines": "9",
        "Lon": 20.9901,
        "Lat": 52.2251
      },
      {
        "Brigade": "37",
        "Time": "2017-05-14 08:10:32",
        "Lines": "9",
        "Lon": 20.9905,
        "Lat": 52.2253
      },
      {
        "Brigade": "37",
        "Time": "2017-05-14 08:10:43",
        "Lines": "9",
        "Lon": 20.9905,
        "Lat": 52.2253
      },
      {
        "Brigade": "37",
        "Time": "2017-05-14 08:10:53",
        "Lines": "9",
        "Lon": 20.9912,
        "Lat": 52.2254
      },
      {
        "Brigade": "37",
        "Time": "2017-05-14 08:11:09",
        "Lines": "9",
        "Lon": 20.9923,
        "Lat": 52.2257
      },
      {
        "Brigade": "37",
        "Time": "2017-05-14 08:11:19",
        "Lines": "9",
        "Lon": 20.9935,
        "Lat": 52.2259
      },
      {
        "Brigade": "37",
        "Time": "2017-05-14 08:11:30",
        "Lines": "9",
        "Lon": 20.995,
        "Lat": 52.2262
      },
      {
        "Brigade": "37",
        "Time": "2017-05-14 08:11:40",
        "Lines": "9",
        "Lon": 20.9953,
        "Lat": 52.2263
      },
      {
        "Brigade": "37",
        "Time": "2017-05-14 08:11:51",
        "Lines": "9",
        "Lon": 20.9953,
        "Lat": 52.2263
      },
      {
        "Brigade": "37",
        "Time": "2017-05-14 08:12:01",
        "Lines": "9",
        "Lon": 20.9953,
        "Lat": 52.2263
      },
      {
        "Brigade": "37",
        "Time": "2017-05-14 08:12:12",
        "Lines": "9",
        "Lon": 20.9953,
        "Lat": 52.2263
      },
      {
        "Brigade": "37",
        "Time": "2017-05-14 08:12:22",
        "Lines": "9",
        "Lon": 20.9953,
        "Lat": 52.2263
      },
      {
        "Brigade": "37",
        "Time": "2017-05-14 08:12:33",
        "Lines": "9",
        "Lon": 20.9957,
        "Lat": 52.2264
      },
      {
        "Brigade": "37",
        "Time": "2017-05-14 08:12:43",
        "Lines": "9",
        "Lon": 20.9964,
        "Lat": 52.2265
      },
      {
        "Brigade": "37",
        "Time": "2017-05-14 08:12:48",
        "Lines": "9",
        "Lon": 20.9967,
        "Lat": 52.2266
      },
      {
        "Brigade": "37",
        "Time": "2017-05-14 08:13:09",
        "Lines": "9",
        "Lon": 21.0004,
        "Lat": 52.2274
      },
      {
        "Brigade": "37",
        "Time": "2017-05-14 08:13:20",
        "Lines": "9",
        "Lon": 21.0013,
        "Lat": 52.2276
      },
      {
        "Brigade": "37",
        "Time": "2017-05-14 08:13:30",
        "Lines": "9",
        "Lon": 21.0014,
        "Lat": 52.2276
      },
      {
        "Brigade": "37",
        "Time": "2017-05-14 08:13:41",
        "Lines": "9",
        "Lon": 21.0014,
        "Lat": 52.2276
      },
      {
        "Brigade": "37",
        "Time": "2017-05-14 08:13:51",
        "Lines": "9",
        "Lon": 21.0014,
        "Lat": 52.2276
      },
      {
        "Brigade": "37",
        "Time": "2017-05-14 08:14:02",
        "Lines": "9",
        "Lon": 21.0018,
        "Lat": 52.2277
      },
      {
        "Brigade": "37",
        "Time": "2017-05-14 08:14:12",
        "Lines": "9",
        "Lon": 21.0024,
        "Lat": 52.2278
      },
      {
        "Brigade": "37",
        "Time": "2017-05-14 08:14:23",
        "Lines": "9",
        "Lon": 21.0037,
        "Lat": 52.2281
      },
      {
        "Brigade": "37",
        "Time": "2017-05-14 08:14:34",
        "Lines": "9",
        "Lon": 21.0039,
        "Lat": 52.2281
      },
      {
        "Brigade": "37",
        "Time": "2017-05-14 08:14:49",
        "Lines": "9",
        "Lon": 21.0044,
        "Lat": 52.2282
      },
      {
        "Brigade": "37",
        "Time": "2017-05-14 08:15:00",
        "Lines": "9",
        "Lon": 21.006,
        "Lat": 52.2286
      },
      {
        "Brigade": "37",
        "Time": "2017-05-14 08:15:11",
        "Lines": "9",
        "Lon": 21.0083,
        "Lat": 52.2291
      },
      {
        "Brigade": "37",
        "Time": "2017-05-14 08:15:20",
        "Lines": "9",
        "Lon": 21.0104,
        "Lat": 52.2295
      },
      {
        "Brigade": "37",
        "Time": "2017-05-14 08:15:31",
        "Lines": "9",
        "Lon": 21.0111,
        "Lat": 52.2297
      },
      {
        "Brigade": "37",
        "Time": "2017-05-14 08:15:41",
        "Lines": "9",
        "Lon": 21.0111,
        "Lat": 52.2297
      },
      {
        "Brigade": "37",
        "Time": "2017-05-14 08:15:52",
        "Lines": "9",
        "Lon": 21.0111,
        "Lat": 52.2297
      },
      {
        "Brigade": "37",
        "Time": "2017-05-14 08:16:03",
        "Lines": "9",
        "Lon": 21.0117,
        "Lat": 52.2298
      },
      {
        "Brigade": "37",
        "Time": "2017-05-14 08:16:13",
        "Lines": "9",
        "Lon": 21.0125,
        "Lat": 52.23
      },
      {
        "Brigade": "37",
        "Time": "2017-05-14 08:16:23",
        "Lines": "9",
        "Lon": 21.0144,
        "Lat": 52.2304
      },
      {
        "Brigade": "37",
        "Time": "2017-05-14 08:16:50",
        "Lines": "9",
        "Lon": 21.0159,
        "Lat": 52.2307
      },
      {
        "Brigade": "37",
        "Time": "2017-05-14 08:17:00",
        "Lines": "9",
        "Lon": 21.0159,
        "Lat": 52.2307
      },
      {
        "Brigade": "37",
        "Time": "2017-05-14 08:17:11",
        "Lines": "9",
        "Lon": 21.0159,
        "Lat": 52.2307
      },
      {
        "Brigade": "37",
        "Time": "2017-05-14 08:17:21",
        "Lines": "9",
        "Lon": 21.0171,
        "Lat": 52.231
      },
      {
        "Brigade": "37",
        "Time": "2017-05-14 08:17:32",
        "Lines": "9",
        "Lon": 21.0194,
        "Lat": 52.2314
      },
      {
        "Brigade": "37",
        "Time": "2017-05-14 08:17:42",
        "Lines": "9",
        "Lon": 21.0201,
        "Lat": 52.2316
      }
    ]
  }
]
