[
  {
    "res": [
      {
        "Brigade": "38",
        "Time": "2017-05-14 00:47:40",
        "Lines": "9",
        "Lon": 21.0002,
        "Lat": 52.1875
      },
      {
        "Brigade": "38",
        "Time": "2017-05-14 07:06:46",
        "Lines": "9",
        "Lon": 21.0026,
        "Lat": 52.1888
      },
      {
        "Brigade": "38",
        "Time": "2017-05-14 07:06:57",
        "Lines": "9",
        "Lon": 21.0026,
        "Lat": 52.1888
      },
      {
        "Brigade": "38",
        "Time": "2017-05-14 07:07:12",
        "Lines": "9",
        "Lon": 21.002,
        "Lat": 52.1892
      },
      {
        "Brigade": "38",
        "Time": "2017-05-14 07:07:21",
        "Lines": "9",
        "Lon": 21.0019,
        "Lat": 52.1898
      },
      {
        "Brigade": "38",
        "Time": "2017-05-14 07:07:31",
        "Lines": "9",
        "Lon": 21.0019,
        "Lat": 52.1898
      },
      {
        "Brigade": "38",
        "Time": "2017-05-14 07:07:46",
        "Lines": "9",
        "Lon": 21.0018,
        "Lat": 52.1908
      },
      {
        "Brigade": "38",
        "Time": "2017-05-14 07:07:56",
        "Lines": "9",
        "Lon": 21.0018,
        "Lat": 52.1921
      },
      {
        "Brigade": "38",
        "Time": "2017-05-14 07:08:06",
        "Lines": "9",
        "Lon": 21.0018,
        "Lat": 52.1933
      },
      {
        "Brigade": "38",
        "Time": "2017-05-14 07:08:16",
        "Lines": "9",
        "Lon": 21.0018,
        "Lat": 52.1945
      },
      {
        "Brigade": "38",
        "Time": "2017-05-14 07:08:30",
        "Lines": "9",
        "Lon": 21.0018,
        "Lat": 52.1952
      },
      {
        "Brigade": "38",
        "Time": "2017-05-14 07:08:36",
        "Lines": "9",
        "Lon": 21.0018,
        "Lat": 52.1952
      },
      {
        "Brigade": "38",
        "Time": "2017-05-14 07:08:51",
        "Lines": "9",
        "Lon": 21.0018,
        "Lat": 52.1953
      },
      {
        "Brigade": "38",
        "Time": "2017-05-14 07:09:01",
        "Lines": "9",
        "Lon": 21.0018,
        "Lat": 52.1953
      },
      {
        "Brigade": "38",
        "Time": "2017-05-14 07:09:12",
        "Lines": "9",
        "Lon": 21.0018,
        "Lat": 52.1957
      },
      {
        "Brigade": "38",
        "Time": "2017-05-14 07:09:21",
        "Lines": "9",
        "Lon": 21.0018,
        "Lat": 52.1968
      },
      {
        "Brigade": "38",
        "Time": "2017-05-14 07:09:36",
        "Lines": "9",
        "Lon": 21.0014,
        "Lat": 52.1984
      },
      {
        "Brigade": "38",
        "Time": "2017-05-14 07:09:46",
        "Lines": "9",
        "Lon": 21.0013,
        "Lat": 52.1988
      },
      {
        "Brigade": "38",
        "Time": "2017-05-14 07:09:56",
        "Lines": "9",
        "Lon": 21.0013,
        "Lat": 52.1987
      },
      {
        "Brigade": "38",
        "Time": "2017-05-14 07:10:06",
        "Lines": "9",
        "Lon": 21.0013,
        "Lat": 52.1987
      },
      {
        "Brigade": "38",
        "Time": "2017-05-14 07:10:16",
        "Lines": "9",
        "Lon": 21.0014,
        "Lat": 52.1987
      },
      {
        "Brigade": "38",
        "Time": "2017-05-14 07:10:31",
        "Lines": "9",
        "Lon": 21.0013,
        "Lat": 52.199
      },
      {
        "Brigade": "38",
        "Time": "2017-05-14 07:10:36",
        "Lines": "9",
        "Lon": 21.0011,
        "Lat": 52.1995
      },
      {
        "Brigade": "38",
        "Time": "2017-05-14 07:10:51",
        "Lines": "9",
        "Lon": 21.0005,
        "Lat": 52.2014
      },
      {
        "Brigade": "38",
        "Time": "2017-05-14 07:11:01",
        "Lines": "9",
        "Lon": 21.0003,
        "Lat": 52.2023
      },
      {
        "Brigade": "38",
        "Time": "2017-05-14 07:11:16",
        "Lines": "9",
        "Lon": 21.0002,
        "Lat": 52.2024
      },
      {
        "Brigade": "38",
        "Time": "2017-05-14 07:11:26",
        "Lines": "9",
        "Lon": 21.0001,
        "Lat": 52.2027
      },
      {
        "Brigade": "38",
        "Time": "2017-05-14 07:11:36",
        "Lines": "9",
        "Lon": 20.9998,
        "Lat": 52.2038
      },
      {
        "Brigade": "38",
        "Time": "2017-05-14 07:11:46",
        "Lines": "9",
        "Lon": 20.9997,
        "Lat": 52.2041
      },
      {
        "Brigade": "38",
        "Time": "2017-05-14 07:11:56",
        "Lines": "9",
        "Lon": 20.9993,
        "Lat": 52.2057
      },
      {
        "Brigade": "38",
        "Time": "2017-05-14 07:12:06",
        "Lines": "9",
        "Lon": 20.9994,
        "Lat": 52.2057
      },
      {
        "Brigade": "38",
        "Time": "2017-05-14 07:12:16",
        "Lines": "9",
        "Lon": 20.9994,
        "Lat": 52.2057
      },
      {
        "Brigade": "38",
        "Time": "2017-05-14 07:12:31",
        "Lines": "9",
        "Lon": 20.9994,
        "Lat": 52.2057
      },
      {
        "Brigade": "38",
        "Time": "2017-05-14 07:12:41",
        "Lines": "9",
        "Lon": 20.9994,
        "Lat": 52.2058
      },
      {
        "Brigade": "38",
        "Time": "2017-05-14 07:12:51",
        "Lines": "9",
        "Lon": 21.0004,
        "Lat": 52.2062
      },
      {
        "Brigade": "38",
        "Time": "2017-05-14 07:13:01",
        "Lines": "9",
        "Lon": 21.0017,
        "Lat": 52.2065
      },
      {
        "Brigade": "38",
        "Time": "2017-05-14 07:13:11",
        "Lines": "9",
        "Lon": 21.0031,
        "Lat": 52.2067
      },
      {
        "Brigade": "38",
        "Time": "2017-05-14 07:13:26",
        "Lines": "9",
        "Lon": 21.0041,
        "Lat": 52.2069
      },
      {
        "Brigade": "38",
        "Time": "2017-05-14 07:13:36",
        "Lines": "9",
        "Lon": 21.0041,
        "Lat": 52.2069
      },
      {
        "Brigade": "38",
        "Time": "2017-05-14 07:13:46",
        "Lines": "9",
        "Lon": 21.0051,
        "Lat": 52.2071
      },
      {
        "Brigade": "38",
        "Time": "2017-05-14 07:13:56",
        "Lines": "9",
        "Lon": 21.0063,
        "Lat": 52.2074
      },
      {
        "Brigade": "38",
        "Time": "2017-05-14 07:14:11",
        "Lines": "9",
        "Lon": 21.0076,
        "Lat": 52.2075
      },
      {
        "Brigade": "38",
        "Time": "2017-05-14 07:14:21",
        "Lines": "9",
        "Lon": 21.0076,
        "Lat": 52.2075
      },
      {
        "Brigade": "38",
        "Time": "2017-05-14 07:14:31",
        "Lines": "9",
        "Lon": 21.0076,
        "Lat": 52.2075
      },
      {
        "Brigade": "38",
        "Time": "2017-05-14 07:14:42",
        "Lines": "9",
        "Lon": 21.0077,
        "Lat": 52.2075
      },
      {
        "Brigade": "38",
        "Time": "2017-05-14 07:14:52",
        "Lines": "9",
        "Lon": 21.0082,
        "Lat": 52.2078
      },
      {
        "Brigade": "38",
        "Time": "2017-05-14 07:15:01",
        "Lines": "9",
        "Lon": 21.0079,
        "Lat": 52.2084
      },
      {
        "Brigade": "38",
        "Time": "2017-05-14 07:15:16",
        "Lines": "9",
        "Lon": 21.0076,
        "Lat": 52.2093
      },
      {
        "Brigade": "38",
        "Time": "2017-05-14 07:15:26",
        "Lines": "9",
        "Lon": 21.0075,
        "Lat": 52.2093
      },
      {
        "Brigade": "38",
        "Time": "2017-05-14 07:15:36",
        "Lines": "9",
        "Lon": 21.0075,
        "Lat": 52.2095
      },
      {
        "Brigade": "38",
        "Time": "2017-05-14 07:15:48",
        "Lines": "9",
        "Lon": 21.0072,
        "Lat": 52.2102
      },
      {
        "Brigade": "38",
        "Time": "2017-05-14 07:15:57",
        "Lines": "9",
        "Lon": 21.007,
        "Lat": 52.211
      },
      {
        "Brigade": "38",
        "Time": "2017-05-14 07:16:12",
        "Lines": "9",
        "Lon": 21.0065,
        "Lat": 52.2127
      },
      {
        "Brigade": "38",
        "Time": "2017-05-14 07:16:21",
        "Lines": "9",
        "Lon": 21.0064,
        "Lat": 52.213
      },
      {
        "Brigade": "38",
        "Time": "2017-05-14 07:16:32",
        "Lines": "9",
        "Lon": 21.0063,
        "Lat": 52.2132
      },
      {
        "Brigade": "38",
        "Time": "2017-05-14 07:16:41",
        "Lines": "9",
        "Lon": 21.006,
        "Lat": 52.2141
      },
      {
        "Brigade": "38",
        "Time": "2017-05-14 07:16:51",
        "Lines": "9",
        "Lon": 21.0056,
        "Lat": 52.2155
      },
      {
        "Brigade": "38",
        "Time": "2017-05-14 07:17:02",
        "Lines": "9",
        "Lon": 21.0053,
        "Lat": 52.2165
      },
      {
        "Brigade": "38",
        "Time": "2017-05-14 07:17:17",
        "Lines": "9",
        "Lon": 21.0052,
        "Lat": 52.2168
      },
      {
        "Brigade": "38",
        "Time": "2017-05-14 07:17:26",
        "Lines": "9",
        "Lon": 21.0052,
        "Lat": 52.2168
      },
      {
        "Brigade": "38",
        "Time": "2017-05-14 07:17:36",
        "Lines": "9",
        "Lon": 21.0052,
        "Lat": 52.2169
      },
      {
        "Brigade": "38",
        "Time": "2017-05-14 07:17:51",
        "Lines": "9",
        "Lon": 21.0052,
        "Lat": 52.217
      },
      {
        "Brigade": "38",
        "Time": "2017-05-14 07:18:01",
        "Lines": "9",
        "Lon": 21.0051,
        "Lat": 52.217
      },
      {
        "Brigade": "38",
        "Time": "2017-05-14 07:18:11",
        "Lines": "9",
        "Lon": 21.0051,
        "Lat": 52.2172
      },
      {
        "Brigade": "38",
        "Time": "2017-05-14 07:18:21",
        "Lines": "9",
        "Lon": 21.005,
        "Lat": 52.2183
      },
      {
        "Brigade": "38",
        "Time": "2017-05-14 07:18:31",
        "Lines": "9",
        "Lon": 21.0049,
        "Lat": 52.2196
      },
      {
        "Brigade": "38",
        "Time": "2017-05-14 07:18:47",
        "Lines": "9",
        "Lon": 21.005,
        "Lat": 52.2198
      },
      {
        "Brigade": "38",
        "Time": "2017-05-14 07:18:56",
        "Lines": "9",
        "Lon": 21.005,
        "Lat": 52.22
      },
      {
        "Brigade": "38",
        "Time": "2017-05-14 07:19:06",
        "Lines": "9",
        "Lon": 21.0045,
        "Lat": 52.2203
      },
      {
        "Brigade": "38",
        "Time": "2017-05-14 07:19:17",
        "Lines": "9",
        "Lon": 21.0037,
        "Lat": 52.2203
      },
      {
        "Brigade": "38",
        "Time": "2017-05-14 07:19:26",
        "Lines": "9",
        "Lon": 21.0025,
        "Lat": 52.2203
      },
      {
        "Brigade": "38",
        "Time": "2017-05-14 07:19:36",
        "Lines": "9",
        "Lon": 21.0014,
        "Lat": 52.2203
      },
      {
        "Brigade": "38",
        "Time": "2017-05-14 07:19:51",
        "Lines": "9",
        "Lon": 21,
        "Lat": 52.2202
      },
      {
        "Brigade": "38",
        "Time": "2017-05-14 07:20:01",
        "Lines": "9",
        "Lon": 20.9999,
        "Lat": 52.2197
      },
      {
        "Brigade": "38",
        "Time": "2017-05-14 07:20:11",
        "Lines": "9",
        "Lon": 20.9998,
        "Lat": 52.2191
      },
      {
        "Brigade": "38",
        "Time": "2017-05-14 07:20:21",
        "Lines": "9",
        "Lon": 20.999,
        "Lat": 52.2189
      },
      {
        "Brigade": "38",
        "Time": "2017-05-14 07:20:36",
        "Lines": "9",
        "Lon": 20.9987,
        "Lat": 52.2189
      },
      {
        "Brigade": "38",
        "Time": "2017-05-14 07:20:48",
        "Lines": "9",
        "Lon": 20.9983,
        "Lat": 52.2189
      },
      {
        "Brigade": "38",
        "Time": "2017-05-14 07:20:56",
        "Lines": "9",
        "Lon": 20.9972,
        "Lat": 52.219
      },
      {
        "Brigade": "38",
        "Time": "2017-05-14 07:21:06",
        "Lines": "9",
        "Lon": 20.996,
        "Lat": 52.219
      },
      {
        "Brigade": "38",
        "Time": "2017-05-14 07:21:21",
        "Lines": "9",
        "Lon": 20.9943,
        "Lat": 52.2191
      },
      {
        "Brigade": "38",
        "Time": "2017-05-14 07:21:33",
        "Lines": "9",
        "Lon": 20.9932,
        "Lat": 52.2191
      },
      {
        "Brigade": "38",
        "Time": "2017-05-14 07:21:36",
        "Lines": "9",
        "Lon": 20.9926,
        "Lat": 52.2191
      },
      {
        "Brigade": "38",
        "Time": "2017-05-14 07:21:52",
        "Lines": "9",
        "Lon": 20.9908,
        "Lat": 52.2191
      },
      {
        "Brigade": "38",
        "Time": "2017-05-14 07:22:06",
        "Lines": "9",
        "Lon": 20.9903,
        "Lat": 52.2192
      },
      {
        "Brigade": "38",
        "Time": "2017-05-14 07:22:16",
        "Lines": "9",
        "Lon": 20.9903,
        "Lat": 52.2192
      },
      {
        "Brigade": "38",
        "Time": "2017-05-14 07:22:26",
        "Lines": "9",
        "Lon": 20.9903,
        "Lat": 52.2191
      },
      {
        "Brigade": "38",
        "Time": "2017-05-14 07:22:36",
        "Lines": "9",
        "Lon": 20.9903,
        "Lat": 52.2192
      },
      {
        "Brigade": "38",
        "Time": "2017-05-14 07:22:46",
        "Lines": "9",
        "Lon": 20.9903,
        "Lat": 52.2192
      },
      {
        "Brigade": "38",
        "Time": "2017-05-14 07:23:01",
        "Lines": "9",
        "Lon": 20.9903,
        "Lat": 52.2192
      },
      {
        "Brigade": "38",
        "Time": "2017-05-14 07:23:11",
        "Lines": "9",
        "Lon": 20.9904,
        "Lat": 52.2191
      },
      {
        "Brigade": "38",
        "Time": "2017-05-14 07:23:21",
        "Lines": "9",
        "Lon": 20.9904,
        "Lat": 52.2191
      },
      {
        "Brigade": "38",
        "Time": "2017-05-14 07:23:32",
        "Lines": "9",
        "Lon": 20.9899,
        "Lat": 52.2191
      },
      {
        "Brigade": "38",
        "Time": "2017-05-14 07:23:41",
        "Lines": "9",
        "Lon": 20.9891,
        "Lat": 52.2192
      },
      {
        "Brigade": "38",
        "Time": "2017-05-14 07:23:50",
        "Lines": "9",
        "Lon": 20.9885,
        "Lat": 52.2192
      },
      {
        "Brigade": "38",
        "Time": "2017-05-14 07:24:06",
        "Lines": "9",
        "Lon": 20.9867,
        "Lat": 52.2193
      },
      {
        "Brigade": "38",
        "Time": "2017-05-14 07:24:16",
        "Lines": "9",
        "Lon": 20.9859,
        "Lat": 52.2193
      },
      {
        "Brigade": "38",
        "Time": "2017-05-14 07:24:26",
        "Lines": "9",
        "Lon": 20.985,
        "Lat": 52.2193
      },
      {
        "Brigade": "38",
        "Time": "2017-05-14 07:24:37",
        "Lines": "9",
        "Lon": 20.9844,
        "Lat": 52.2194
      },
      {
        "Brigade": "38",
        "Time": "2017-05-14 07:24:46",
        "Lines": "9",
        "Lon": 20.9838,
        "Lat": 52.2194
      },
      {
        "Brigade": "38",
        "Time": "2017-05-14 07:25:01",
        "Lines": "9",
        "Lon": 20.9834,
        "Lat": 52.219
      },
      {
        "Brigade": "38",
        "Time": "2017-05-14 07:25:06",
        "Lines": "9",
        "Lon": 20.9834,
        "Lat": 52.2189
      },
      {
        "Brigade": "38",
        "Time": "2017-05-14 07:25:21",
        "Lines": "9",
        "Lon": 20.9833,
        "Lat": 52.219
      },
      {
        "Brigade": "38",
        "Time": "2017-05-14 07:25:31",
        "Lines": "9",
        "Lon": 20.9833,
        "Lat": 52.219
      },
      {
        "Brigade": "38",
        "Time": "2017-05-14 07:25:41",
        "Lines": "9",
        "Lon": 20.9834,
        "Lat": 52.219
      },
      {
        "Brigade": "38",
        "Time": "2017-05-14 07:25:56",
        "Lines": "9",
        "Lon": 20.9834,
        "Lat": 52.219
      },
      {
        "Brigade": "38",
        "Time": "2017-05-14 07:26:06",
        "Lines": "9",
        "Lon": 20.9834,
        "Lat": 52.2189
      },
      {
        "Brigade": "38",
        "Time": "2017-05-14 07:26:16",
        "Lines": "9",
        "Lon": 20.9834,
        "Lat": 52.219
      },
      {
        "Brigade": "38",
        "Time": "2017-05-14 07:26:31",
        "Lines": "9",
        "Lon": 20.9827,
        "Lat": 52.2183
      },
      {
        "Brigade": "38",
        "Time": "2017-05-14 07:26:41",
        "Lines": "9",
        "Lon": 20.9819,
        "Lat": 52.2174
      },
      {
        "Brigade": "38",
        "Time": "2017-05-14 07:26:51",
        "Lines": "9",
        "Lon": 20.9813,
        "Lat": 52.2166
      },
      {
        "Brigade": "38",
        "Time": "2017-05-14 07:27:02",
        "Lines": "9",
        "Lon": 20.9813,
        "Lat": 52.2167
      },
      {
        "Brigade": "38",
        "Time": "2017-05-14 07:27:11",
        "Lines": "9",
        "Lon": 20.9811,
        "Lat": 52.2164
      },
      {
        "Brigade": "38",
        "Time": "2017-05-14 07:27:21",
        "Lines": "9",
        "Lon": 20.9803,
        "Lat": 52.2155
      },
      {
        "Brigade": "38",
        "Time": "2017-05-14 07:27:36",
        "Lines": "9",
        "Lon": 20.9796,
        "Lat": 52.2146
      },
      {
        "Brigade": "38",
        "Time": "2017-05-14 07:27:46",
        "Lines": "9",
        "Lon": 20.9796,
        "Lat": 52.2146
      },
      {
        "Brigade": "38",
        "Time": "2017-05-14 07:27:56",
        "Lines": "9",
        "Lon": 20.9795,
        "Lat": 52.2146
      },
      {
        "Brigade": "38",
        "Time": "2017-05-14 07:28:06",
        "Lines": "9",
        "Lon": 20.9795,
        "Lat": 52.2147
      },
      {
        "Brigade": "38",
        "Time": "2017-05-14 07:28:16",
        "Lines": "9",
        "Lon": 20.9795,
        "Lat": 52.2147
      },
      {
        "Brigade": "38",
        "Time": "2017-05-14 07:28:26",
        "Lines": "9",
        "Lon": 20.9791,
        "Lat": 52.2142
      },
      {
        "Brigade": "38",
        "Time": "2017-05-14 07:28:41",
        "Lines": "9",
        "Lon": 20.9779,
        "Lat": 52.2128
      },
      {
        "Brigade": "38",
        "Time": "2017-05-14 07:28:51",
        "Lines": "9",
        "Lon": 20.9774,
        "Lat": 52.2122
      },
      {
        "Brigade": "38",
        "Time": "2017-05-14 07:29:01",
        "Lines": "9",
        "Lon": 20.9769,
        "Lat": 52.2117
      },
      {
        "Brigade": "38",
        "Time": "2017-05-14 07:29:11",
        "Lines": "9",
        "Lon": 20.9767,
        "Lat": 52.2115
      },
      {
        "Brigade": "38",
        "Time": "2017-05-14 07:29:26",
        "Lines": "9",
        "Lon": 20.9767,
        "Lat": 52.2115
      },
      {
        "Brigade": "38",
        "Time": "2017-05-14 07:29:36",
        "Lines": "9",
        "Lon": 20.9768,
        "Lat": 52.2114
      },
      {
        "Brigade": "38",
        "Time": "2017-05-14 07:29:46",
        "Lines": "9",
        "Lon": 20.9768,
        "Lat": 52.2115
      },
      {
        "Brigade": "38",
        "Time": "2017-05-14 07:29:56",
        "Lines": "9",
        "Lon": 20.976,
        "Lat": 52.2106
      },
      {
        "Brigade": "38",
        "Time": "2017-05-14 07:30:06",
        "Lines": "9",
        "Lon": 20.9752,
        "Lat": 52.2097
      },
      {
        "Brigade": "38",
        "Time": "2017-05-14 07:30:21",
        "Lines": "9",
        "Lon": 20.9746,
        "Lat": 52.2089
      },
      {
        "Brigade": "38",
        "Time": "2017-05-14 07:30:31",
        "Lines": "9",
        "Lon": 20.9746,
        "Lat": 52.2089
      },
      {
        "Brigade": "38",
        "Time": "2017-05-14 07:30:36",
        "Lines": "9",
        "Lon": 20.9746,
        "Lat": 52.2089
      },
      {
        "Brigade": "38",
        "Time": "2017-05-14 07:30:51",
        "Lines": "9",
        "Lon": 20.9746,
        "Lat": 52.2089
      },
      {
        "Brigade": "38",
        "Time": "2017-05-14 07:31:06",
        "Lines": "9",
        "Lon": 20.9746,
        "Lat": 52.2089
      },
      {
        "Brigade": "38",
        "Time": "2017-05-14 07:31:16",
        "Lines": "9",
        "Lon": 20.9745,
        "Lat": 52.2089
      },
      {
        "Brigade": "38",
        "Time": "2017-05-14 07:31:26",
        "Lines": "9",
        "Lon": 20.9738,
        "Lat": 52.208
      },
      {
        "Brigade": "38",
        "Time": "2017-05-14 07:31:36",
        "Lines": "9",
        "Lon": 20.9728,
        "Lat": 52.2069
      },
      {
        "Brigade": "38",
        "Time": "2017-05-14 07:31:46",
        "Lines": "9",
        "Lon": 20.9721,
        "Lat": 52.2061
      },
      {
        "Brigade": "38",
        "Time": "2017-05-14 07:32:01",
        "Lines": "9",
        "Lon": 20.9721,
        "Lat": 52.206
      },
      {
        "Brigade": "38",
        "Time": "2017-05-14 07:32:11",
        "Lines": "9",
        "Lon": 20.9721,
        "Lat": 52.206
      },
      {
        "Brigade": "38",
        "Time": "2017-05-14 07:32:21",
        "Lines": "9",
        "Lon": 20.9721,
        "Lat": 52.206
      },
      {
        "Brigade": "38",
        "Time": "2017-05-14 07:32:31",
        "Lines": "9",
        "Lon": 20.972,
        "Lat": 52.206
      },
      {
        "Brigade": "38",
        "Time": "2017-05-14 07:32:41",
        "Lines": "9",
        "Lon": 20.9715,
        "Lat": 52.2054
      },
      {
        "Brigade": "38",
        "Time": "2017-05-14 07:32:56",
        "Lines": "9",
        "Lon": 20.9698,
        "Lat": 52.2034
      },
      {
        "Brigade": "38",
        "Time": "2017-05-14 07:33:06",
        "Lines": "9",
        "Lon": 20.9693,
        "Lat": 52.2028
      },
      {
        "Brigade": "38",
        "Time": "2017-05-14 07:33:16",
        "Lines": "9",
        "Lon": 20.9693,
        "Lat": 52.2029
      },
      {
        "Brigade": "38",
        "Time": "2017-05-14 07:33:26",
        "Lines": "9",
        "Lon": 20.969,
        "Lat": 52.2025
      },
      {
        "Brigade": "38",
        "Time": "2017-05-14 07:33:36",
        "Lines": "9",
        "Lon": 20.968,
        "Lat": 52.2014
      },
      {
        "Brigade": "38",
        "Time": "2017-05-14 07:33:51",
        "Lines": "9",
        "Lon": 20.9666,
        "Lat": 52.1999
      },
      {
        "Brigade": "38",
        "Time": "2017-05-14 07:34:01",
        "Lines": "9",
        "Lon": 20.9662,
        "Lat": 52.1994
      },
      {
        "Brigade": "38",
        "Time": "2017-05-14 07:34:11",
        "Lines": "9",
        "Lon": 20.9659,
        "Lat": 52.199
      },
      {
        "Brigade": "38",
        "Time": "2017-05-14 07:34:21",
        "Lines": "9",
        "Lon": 20.9651,
        "Lat": 52.1981
      },
      {
        "Brigade": "38",
        "Time": "2017-05-14 07:34:31",
        "Lines": "9",
        "Lon": 20.9644,
        "Lat": 52.1973
      },
      {
        "Brigade": "38",
        "Time": "2017-05-14 07:34:46",
        "Lines": "9",
        "Lon": 20.9642,
        "Lat": 52.1971
      },
      {
        "Brigade": "38",
        "Time": "2017-05-14 07:34:56",
        "Lines": "9",
        "Lon": 20.964,
        "Lat": 52.1969
      },
      {
        "Brigade": "38",
        "Time": "2017-05-14 07:35:06",
        "Lines": "9",
        "Lon": 20.963,
        "Lat": 52.1958
      },
      {
        "Brigade": "38",
        "Time": "2017-05-14 07:35:16",
        "Lines": "9",
        "Lon": 20.962,
        "Lat": 52.1947
      },
      {
        "Brigade": "38",
        "Time": "2017-05-14 07:35:27",
        "Lines": "9",
        "Lon": 20.9612,
        "Lat": 52.1937
      },
      {
        "Brigade": "38",
        "Time": "2017-05-14 07:35:41",
        "Lines": "9",
        "Lon": 20.9609,
        "Lat": 52.1934
      },
      {
        "Brigade": "38",
        "Time": "2017-05-14 07:35:51",
        "Lines": "9",
        "Lon": 20.9608,
        "Lat": 52.1933
      },
      {
        "Brigade": "38",
        "Time": "2017-05-14 07:36:01",
        "Lines": "9",
        "Lon": 20.96,
        "Lat": 52.1924
      },
      {
        "Brigade": "38",
        "Time": "2017-05-14 07:36:11",
        "Lines": "9",
        "Lon": 20.9593,
        "Lat": 52.1916
      },
      {
        "Brigade": "38",
        "Time": "2017-05-14 07:36:21",
        "Lines": "9",
        "Lon": 20.9586,
        "Lat": 52.1908
      },
      {
        "Brigade": "38",
        "Time": "2017-05-14 07:36:36",
        "Lines": "9",
        "Lon": 20.9585,
        "Lat": 52.1906
      },
      {
        "Brigade": "38",
        "Time": "2017-05-14 07:36:46",
        "Lines": "9",
        "Lon": 20.9585,
        "Lat": 52.1906
      },
      {
        "Brigade": "38",
        "Time": "2017-05-14 07:36:56",
        "Lines": "9",
        "Lon": 20.9585,
        "Lat": 52.1906
      },
      {
        "Brigade": "38",
        "Time": "2017-05-14 07:37:06",
        "Lines": "9",
        "Lon": 20.9585,
        "Lat": 52.1906
      },
      {
        "Brigade": "38",
        "Time": "2017-05-14 07:37:18",
        "Lines": "9",
        "Lon": 20.9579,
        "Lat": 52.19
      },
      {
        "Brigade": "38",
        "Time": "2017-05-14 07:37:31",
        "Lines": "9",
        "Lon": 20.9568,
        "Lat": 52.1888
      },
      {
        "Brigade": "38",
        "Time": "2017-05-14 07:37:41",
        "Lines": "9",
        "Lon": 20.9561,
        "Lat": 52.188
      },
      {
        "Brigade": "38",
        "Time": "2017-05-14 07:37:51",
        "Lines": "9",
        "Lon": 20.9548,
        "Lat": 52.1865
      },
      {
        "Brigade": "38",
        "Time": "2017-05-14 07:38:02",
        "Lines": "9",
        "Lon": 20.9545,
        "Lat": 52.1861
      },
      {
        "Brigade": "38",
        "Time": "2017-05-14 07:38:12",
        "Lines": "9",
        "Lon": 20.9545,
        "Lat": 52.1861
      },
      {
        "Brigade": "38",
        "Time": "2017-05-14 07:38:26",
        "Lines": "9",
        "Lon": 20.9539,
        "Lat": 52.1855
      },
      {
        "Brigade": "38",
        "Time": "2017-05-14 07:38:36",
        "Lines": "9",
        "Lon": 20.9529,
        "Lat": 52.1846
      },
      {
        "Brigade": "38",
        "Time": "2017-05-14 07:38:46",
        "Lines": "9",
        "Lon": 20.952,
        "Lat": 52.1837
      },
      {
        "Brigade": "38",
        "Time": "2017-05-14 07:38:56",
        "Lines": "9",
        "Lon": 20.9517,
        "Lat": 52.1835
      },
      {
        "Brigade": "38",
        "Time": "2017-05-14 07:39:11",
        "Lines": "9",
        "Lon": 20.951,
        "Lat": 52.1829
      },
      {
        "Brigade": "38",
        "Time": "2017-05-14 07:39:21",
        "Lines": "9",
        "Lon": 20.95,
        "Lat": 52.1819
      },
      {
        "Brigade": "38",
        "Time": "2017-05-14 07:40:36",
        "Lines": "9",
        "Lon": 20.9451,
        "Lat": 52.1773
      },
      {
        "Brigade": "38",
        "Time": "2017-05-14 07:40:47",
        "Lines": "9",
        "Lon": 20.9448,
        "Lat": 52.177
      },
      {
        "Brigade": "38",
        "Time": "2017-05-14 07:40:56",
        "Lines": "9",
        "Lon": 20.9448,
        "Lat": 52.177
      },
      {
        "Brigade": "38",
        "Time": "2017-05-14 07:41:09",
        "Lines": "9",
        "Lon": 20.9446,
        "Lat": 52.1768
      },
      {
        "Brigade": "38",
        "Time": "2017-05-14 07:41:21",
        "Lines": "9",
        "Lon": 20.944,
        "Lat": 52.1764
      },
      {
        "Brigade": "38",
        "Time": "2017-05-14 07:41:31",
        "Lines": "9",
        "Lon": 20.9437,
        "Lat": 52.1761
      },
      {
        "Brigade": "38",
        "Time": "2017-05-14 07:41:41",
        "Lines": "9",
        "Lon": 20.9437,
        "Lat": 52.1761
      },
      {
        "Brigade": "38",
        "Time": "2017-05-14 07:41:51",
        "Lines": "9",
        "Lon": 20.9437,
        "Lat": 52.1761
      },
      {
        "Brigade": "38",
        "Time": "2017-05-14 07:42:06",
        "Lines": "9",
        "Lon": 20.9438,
        "Lat": 52.1761
      },
      {
        "Brigade": "38",
        "Time": "2017-05-14 07:42:16",
        "Lines": "9",
        "Lon": 20.9438,
        "Lat": 52.176
      },
      {
        "Brigade": "38",
        "Time": "2017-05-14 07:42:26",
        "Lines": "9",
        "Lon": 20.9438,
        "Lat": 52.1759
      },
      {
        "Brigade": "38",
        "Time": "2017-05-14 07:42:36",
        "Lines": "9",
        "Lon": 20.9438,
        "Lat": 52.176
      },
      {
        "Brigade": "38",
        "Time": "2017-05-14 07:42:46",
        "Lines": "9",
        "Lon": 20.9438,
        "Lat": 52.1761
      },
      {
        "Brigade": "38",
        "Time": "2017-05-14 07:42:56",
        "Lines": "9",
        "Lon": 20.9438,
        "Lat": 52.1761
      },
      {
        "Brigade": "38",
        "Time": "2017-05-14 07:43:11",
        "Lines": "9",
        "Lon": 20.9438,
        "Lat": 52.1761
      },
      {
        "Brigade": "38",
        "Time": "2017-05-14 07:43:21",
        "Lines": "9",
        "Lon": 20.9437,
        "Lat": 52.1761
      },
      {
        "Brigade": "38",
        "Time": "2017-05-14 07:43:31",
        "Lines": "9",
        "Lon": 20.9437,
        "Lat": 52.1761
      },
      {
        "Brigade": "38",
        "Time": "2017-05-14 07:43:46",
        "Lines": "9",
        "Lon": 20.9437,
        "Lat": 52.1761
      },
      {
        "Brigade": "38",
        "Time": "2017-05-14 07:43:56",
        "Lines": "9",
        "Lon": 20.9438,
        "Lat": 52.1761
      },
      {
        "Brigade": "38",
        "Time": "2017-05-14 07:44:06",
        "Lines": "9",
        "Lon": 20.9438,
        "Lat": 52.1761
      },
      {
        "Brigade": "38",
        "Time": "2017-05-14 07:44:16",
        "Lines": "9",
        "Lon": 20.9438,
        "Lat": 52.1761
      },
      {
        "Brigade": "38",
        "Time": "2017-05-14 07:44:26",
        "Lines": "9",
        "Lon": 20.9438,
        "Lat": 52.1761
      },
      {
        "Brigade": "38",
        "Time": "2017-05-14 07:44:41",
        "Lines": "9",
        "Lon": 20.9438,
        "Lat": 52.1761
      },
      {
        "Brigade": "38",
        "Time": "2017-05-14 07:44:51",
        "Lines": "9",
        "Lon": 20.9438,
        "Lat": 52.1761
      },
      {
        "Brigade": "38",
        "Time": "2017-05-14 07:45:01",
        "Lines": "9",
        "Lon": 20.9438,
        "Lat": 52.1761
      },
      {
        "Brigade": "38",
        "Time": "2017-05-14 07:45:11",
        "Lines": "9",
        "Lon": 20.9437,
        "Lat": 52.1761
      },
      {
        "Brigade": "38",
        "Time": "2017-05-14 07:45:26",
        "Lines": "9",
        "Lon": 20.9437,
        "Lat": 52.1761
      },
      {
        "Brigade": "38",
        "Time": "2017-05-14 07:45:36",
        "Lines": "9",
        "Lon": 20.9437,
        "Lat": 52.1761
      },
      {
        "Brigade": "38",
        "Time": "2017-05-14 07:45:46",
        "Lines": "9",
        "Lon": 20.9437,
        "Lat": 52.1761
      },
      {
        "Brigade": "38",
        "Time": "2017-05-14 07:45:56",
        "Lines": "9",
        "Lon": 20.9437,
        "Lat": 52.1761
      },
      {
        "Brigade": "38",
        "Time": "2017-05-14 07:46:11",
        "Lines": "9",
        "Lon": 20.9437,
        "Lat": 52.1761
      },
      {
        "Brigade": "38",
        "Time": "2017-05-14 07:46:21",
        "Lines": "9",
        "Lon": 20.9437,
        "Lat": 52.176
      },
      {
        "Brigade": "38",
        "Time": "2017-05-14 07:46:31",
        "Lines": "9",
        "Lon": 20.9437,
        "Lat": 52.176
      },
      {
        "Brigade": "38",
        "Time": "2017-05-14 07:46:41",
        "Lines": "9",
        "Lon": 20.9437,
        "Lat": 52.176
      },
      {
        "Brigade": "38",
        "Time": "2017-05-14 07:46:51",
        "Lines": "9",
        "Lon": 20.9437,
        "Lat": 52.176
      },
      {
        "Brigade": "38",
        "Time": "2017-05-14 07:47:01",
        "Lines": "9",
        "Lon": 20.9436,
        "Lat": 52.176
      },
      {
        "Brigade": "38",
        "Time": "2017-05-14 07:47:16",
        "Lines": "9",
        "Lon": 20.9436,
        "Lat": 52.176
      },
      {
        "Brigade": "38",
        "Time": "2017-05-14 07:47:26",
        "Lines": "9",
        "Lon": 20.9436,
        "Lat": 52.176
      },
      {
        "Brigade": "38",
        "Time": "2017-05-14 07:47:36",
        "Lines": "9",
        "Lon": 20.9436,
        "Lat": 52.176
      },
      {
        "Brigade": "38",
        "Time": "2017-05-14 07:47:46",
        "Lines": "9",
        "Lon": 20.9436,
        "Lat": 52.176
      },
      {
        "Brigade": "38",
        "Time": "2017-05-14 07:47:56",
        "Lines": "9",
        "Lon": 20.9436,
        "Lat": 52.176
      },
      {
        "Brigade": "38",
        "Time": "2017-05-14 07:48:11",
        "Lines": "9",
        "Lon": 20.9436,
        "Lat": 52.176
      },
      {
        "Brigade": "38",
        "Time": "2017-05-14 07:48:21",
        "Lines": "9",
        "Lon": 20.9437,
        "Lat": 52.176
      },
      {
        "Brigade": "38",
        "Time": "2017-05-14 07:48:31",
        "Lines": "9",
        "Lon": 20.9437,
        "Lat": 52.1761
      },
      {
        "Brigade": "38",
        "Time": "2017-05-14 07:48:41",
        "Lines": "9",
        "Lon": 20.9437,
        "Lat": 52.1761
      },
      {
        "Brigade": "38",
        "Time": "2017-05-14 07:48:51",
        "Lines": "9",
        "Lon": 20.9437,
        "Lat": 52.1761
      },
      {
        "Brigade": "38",
        "Time": "2017-05-14 07:49:06",
        "Lines": "9",
        "Lon": 20.9438,
        "Lat": 52.1762
      },
      {
        "Brigade": "38",
        "Time": "2017-05-14 07:49:16",
        "Lines": "9",
        "Lon": 20.9439,
        "Lat": 52.1762
      },
      {
        "Brigade": "38",
        "Time": "2017-05-14 07:49:26",
        "Lines": "9",
        "Lon": 20.9439,
        "Lat": 52.1762
      },
      {
        "Brigade": "38",
        "Time": "2017-05-14 07:49:36",
        "Lines": "9",
        "Lon": 20.9438,
        "Lat": 52.1762
      },
      {
        "Brigade": "38",
        "Time": "2017-05-14 07:49:46",
        "Lines": "9",
        "Lon": 20.9438,
        "Lat": 52.1762
      },
      {
        "Brigade": "38",
        "Time": "2017-05-14 07:50:01",
        "Lines": "9",
        "Lon": 20.9438,
        "Lat": 52.1762
      },
      {
        "Brigade": "38",
        "Time": "2017-05-14 07:50:11",
        "Lines": "9",
        "Lon": 20.9438,
        "Lat": 52.1762
      },
      {
        "Brigade": "38",
        "Time": "2017-05-14 07:50:21",
        "Lines": "9",
        "Lon": 20.9438,
        "Lat": 52.1762
      },
      {
        "Brigade": "38",
        "Time": "2017-05-14 07:50:30",
        "Lines": "9",
        "Lon": 20.9438,
        "Lat": 52.1762
      },
      {
        "Brigade": "38",
        "Time": "2017-05-14 07:50:36",
        "Lines": "9",
        "Lon": 20.9438,
        "Lat": 52.1762
      },
      {
        "Brigade": "38",
        "Time": "2017-05-14 07:50:55",
        "Lines": "9",
        "Lon": 20.9439,
        "Lat": 52.1762
      },
      {
        "Brigade": "38",
        "Time": "2017-05-14 07:51:05",
        "Lines": "9",
        "Lon": 20.9439,
        "Lat": 52.1762
      },
      {
        "Brigade": "38",
        "Time": "2017-05-14 07:51:15",
        "Lines": "9",
        "Lon": 20.9439,
        "Lat": 52.1762
      },
      {
        "Brigade": "38",
        "Time": "2017-05-14 07:51:25",
        "Lines": "9",
        "Lon": 20.9439,
        "Lat": 52.1762
      },
      {
        "Brigade": "38",
        "Time": "2017-05-14 07:51:35",
        "Lines": "9",
        "Lon": 20.9439,
        "Lat": 52.1762
      },
      {
        "Brigade": "38",
        "Time": "2017-05-14 07:51:50",
        "Lines": "9",
        "Lon": 20.9439,
        "Lat": 52.1762
      },
      {
        "Brigade": "38",
        "Time": "2017-05-14 07:52:00",
        "Lines": "9",
        "Lon": 20.9439,
        "Lat": 52.1762
      },
      {
        "Brigade": "38",
        "Time": "2017-05-14 07:52:10",
        "Lines": "9",
        "Lon": 20.9439,
        "Lat": 52.1762
      },
      {
        "Brigade": "38",
        "Time": "2017-05-14 07:52:25",
        "Lines": "9",
        "Lon": 20.9439,
        "Lat": 52.1762
      },
      {
        "Brigade": "38",
        "Time": "2017-05-14 07:52:35",
        "Lines": "9",
        "Lon": 20.9438,
        "Lat": 52.1762
      },
      {
        "Brigade": "38",
        "Time": "2017-05-14 07:52:46",
        "Lines": "9",
        "Lon": 20.9438,
        "Lat": 52.1762
      },
      {
        "Brigade": "38",
        "Time": "2017-05-14 07:52:55",
        "Lines": "9",
        "Lon": 20.9438,
        "Lat": 52.1761
      },
      {
        "Brigade": "38",
        "Time": "2017-05-14 07:53:05",
        "Lines": "9",
        "Lon": 20.9438,
        "Lat": 52.1762
      },
      {
        "Brigade": "38",
        "Time": "2017-05-14 07:53:20",
        "Lines": "9",
        "Lon": 20.9438,
        "Lat": 52.1762
      },
      {
        "Brigade": "38",
        "Time": "2017-05-14 07:53:31",
        "Lines": "9",
        "Lon": 20.9438,
        "Lat": 52.1762
      },
      {
        "Brigade": "38",
        "Time": "2017-05-14 07:53:40",
        "Lines": "9",
        "Lon": 20.9438,
        "Lat": 52.1762
      },
      {
        "Brigade": "38",
        "Time": "2017-05-14 07:53:50",
        "Lines": "9",
        "Lon": 20.9438,
        "Lat": 52.1761
      },
      {
        "Brigade": "38",
        "Time": "2017-05-14 07:54:06",
        "Lines": "9",
        "Lon": 20.9438,
        "Lat": 52.1761
      },
      {
        "Brigade": "38",
        "Time": "2017-05-14 07:54:16",
        "Lines": "9",
        "Lon": 20.9438,
        "Lat": 52.1761
      },
      {
        "Brigade": "38",
        "Time": "2017-05-14 07:54:25",
        "Lines": "9",
        "Lon": 20.9438,
        "Lat": 52.1761
      },
      {
        "Brigade": "38",
        "Time": "2017-05-14 07:54:35",
        "Lines": "9",
        "Lon": 20.9438,
        "Lat": 52.1761
      },
      {
        "Brigade": "38",
        "Time": "2017-05-14 07:54:45",
        "Lines": "9",
        "Lon": 20.9437,
        "Lat": 52.176
      },
      {
        "Brigade": "38",
        "Time": "2017-05-14 07:54:55",
        "Lines": "9",
        "Lon": 20.9436,
        "Lat": 52.176
      },
      {
        "Brigade": "38",
        "Time": "2017-05-14 07:55:11",
        "Lines": "9",
        "Lon": 20.9436,
        "Lat": 52.176
      },
      {
        "Brigade": "38",
        "Time": "2017-05-14 07:55:21",
        "Lines": "9",
        "Lon": 20.9436,
        "Lat": 52.176
      },
      {
        "Brigade": "38",
        "Time": "2017-05-14 07:55:31",
        "Lines": "9",
        "Lon": 20.9436,
        "Lat": 52.1759
      },
      {
        "Brigade": "38",
        "Time": "2017-05-14 07:55:42",
        "Lines": "9",
        "Lon": 20.9436,
        "Lat": 52.176
      },
      {
        "Brigade": "38",
        "Time": "2017-05-14 07:55:51",
        "Lines": "9",
        "Lon": 20.9437,
        "Lat": 52.176
      },
      {
        "Brigade": "38",
        "Time": "2017-05-14 07:56:06",
        "Lines": "9",
        "Lon": 20.9437,
        "Lat": 52.176
      },
      {
        "Brigade": "38",
        "Time": "2017-05-14 07:56:16",
        "Lines": "9",
        "Lon": 20.9437,
        "Lat": 52.176
      },
      {
        "Brigade": "38",
        "Time": "2017-05-14 07:56:26",
        "Lines": "9",
        "Lon": 20.9437,
        "Lat": 52.1761
      },
      {
        "Brigade": "38",
        "Time": "2017-05-14 07:56:36",
        "Lines": "9",
        "Lon": 20.9437,
        "Lat": 52.176
      },
      {
        "Brigade": "38",
        "Time": "2017-05-14 07:56:46",
        "Lines": "9",
        "Lon": 20.9437,
        "Lat": 52.176
      },
      {
        "Brigade": "38",
        "Time": "2017-05-14 07:56:56",
        "Lines": "9",
        "Lon": 20.9437,
        "Lat": 52.176
      },
      {
        "Brigade": "38",
        "Time": "2017-05-14 07:57:11",
        "Lines": "9",
        "Lon": 20.9437,
        "Lat": 52.176
      },
      {
        "Brigade": "38",
        "Time": "2017-05-14 07:57:21",
        "Lines": "9",
        "Lon": 20.9437,
        "Lat": 52.176
      },
      {
        "Brigade": "38",
        "Time": "2017-05-14 07:57:31",
        "Lines": "9",
        "Lon": 20.9437,
        "Lat": 52.176
      },
      {
        "Brigade": "38",
        "Time": "2017-05-14 07:57:41",
        "Lines": "9",
        "Lon": 20.9437,
        "Lat": 52.176
      },
      {
        "Brigade": "38",
        "Time": "2017-05-14 07:57:51",
        "Lines": "9",
        "Lon": 20.9437,
        "Lat": 52.176
      },
      {
        "Brigade": "38",
        "Time": "2017-05-14 07:58:01",
        "Lines": "9",
        "Lon": 20.9437,
        "Lat": 52.176
      },
      {
        "Brigade": "38",
        "Time": "2017-05-14 07:58:16",
        "Lines": "9",
        "Lon": 20.9437,
        "Lat": 52.176
      },
      {
        "Brigade": "38",
        "Time": "2017-05-14 07:58:26",
        "Lines": "9",
        "Lon": 20.9437,
        "Lat": 52.176
      },
      {
        "Brigade": "38",
        "Time": "2017-05-14 07:58:36",
        "Lines": "9",
        "Lon": 20.9437,
        "Lat": 52.176
      },
      {
        "Brigade": "38",
        "Time": "2017-05-14 07:58:46",
        "Lines": "9",
        "Lon": 20.9437,
        "Lat": 52.176
      },
      {
        "Brigade": "38",
        "Time": "2017-05-14 07:59:01",
        "Lines": "9",
        "Lon": 20.9437,
        "Lat": 52.176
      },
      {
        "Brigade": "38",
        "Time": "2017-05-14 07:59:11",
        "Lines": "9",
        "Lon": 20.9437,
        "Lat": 52.1759
      },
      {
        "Brigade": "38",
        "Time": "2017-05-14 07:59:21",
        "Lines": "9",
        "Lon": 20.9437,
        "Lat": 52.1758
      },
      {
        "Brigade": "38",
        "Time": "2017-05-14 07:59:31",
        "Lines": "9",
        "Lon": 20.9437,
        "Lat": 52.1758
      },
      {
        "Brigade": "38",
        "Time": "2017-05-14 07:59:41",
        "Lines": "9",
        "Lon": 20.9438,
        "Lat": 52.1759
      },
      {
        "Brigade": "38",
        "Time": "2017-05-14 07:59:56",
        "Lines": "9",
        "Lon": 20.9438,
        "Lat": 52.1759
      },
      {
        "Brigade": "38",
        "Time": "2017-05-14 08:00:06",
        "Lines": "9",
        "Lon": 20.9438,
        "Lat": 52.1759
      },
      {
        "Brigade": "38",
        "Time": "2017-05-14 08:00:16",
        "Lines": "9",
        "Lon": 20.9438,
        "Lat": 52.1759
      },
      {
        "Brigade": "38",
        "Time": "2017-05-14 08:00:26",
        "Lines": "9",
        "Lon": 20.9438,
        "Lat": 52.1759
      },
      {
        "Brigade": "38",
        "Time": "2017-05-14 08:00:36",
        "Lines": "9",
        "Lon": 20.9438,
        "Lat": 52.1759
      },
      {
        "Brigade": "38",
        "Time": "2017-05-14 08:00:50",
        "Lines": "9",
        "Lon": 20.9438,
        "Lat": 52.1759
      },
      {
        "Brigade": "38",
        "Time": "2017-05-14 08:01:00",
        "Lines": "9",
        "Lon": 20.9438,
        "Lat": 52.1759
      },
      {
        "Brigade": "38",
        "Time": "2017-05-14 08:01:10",
        "Lines": "9",
        "Lon": 20.9438,
        "Lat": 52.1759
      },
      {
        "Brigade": "38",
        "Time": "2017-05-14 08:01:25",
        "Lines": "9",
        "Lon": 20.9438,
        "Lat": 52.1758
      },
      {
        "Brigade": "38",
        "Time": "2017-05-14 08:01:35",
        "Lines": "9",
        "Lon": 20.9438,
        "Lat": 52.1758
      },
      {
        "Brigade": "38",
        "Time": "2017-05-14 08:01:45",
        "Lines": "9",
        "Lon": 20.9438,
        "Lat": 52.1758
      },
      {
        "Brigade": "38",
        "Time": "2017-05-14 08:01:55",
        "Lines": "9",
        "Lon": 20.9439,
        "Lat": 52.1758
      },
      {
        "Brigade": "38",
        "Time": "2017-05-14 08:02:05",
        "Lines": "9",
        "Lon": 20.9439,
        "Lat": 52.1758
      },
      {
        "Brigade": "38",
        "Time": "2017-05-14 08:02:20",
        "Lines": "9",
        "Lon": 20.9439,
        "Lat": 52.1758
      },
      {
        "Brigade": "38",
        "Time": "2017-05-14 08:02:30",
        "Lines": "9",
        "Lon": 20.9439,
        "Lat": 52.1758
      },
      {
        "Brigade": "38",
        "Time": "2017-05-14 08:02:35",
        "Lines": "9",
        "Lon": 20.9439,
        "Lat": 52.1758
      },
      {
        "Brigade": "38",
        "Time": "2017-05-14 08:02:50",
        "Lines": "9",
        "Lon": 20.9439,
        "Lat": 52.1758
      },
      {
        "Brigade": "38",
        "Time": "2017-05-14 08:03:00",
        "Lines": "9",
        "Lon": 20.9439,
        "Lat": 52.1758
      },
      {
        "Brigade": "38",
        "Time": "2017-05-14 08:03:10",
        "Lines": "9",
        "Lon": 20.9439,
        "Lat": 52.1758
      },
      {
        "Brigade": "38",
        "Time": "2017-05-14 08:03:25",
        "Lines": "9",
        "Lon": 20.9439,
        "Lat": 52.1758
      },
      {
        "Brigade": "38",
        "Time": "2017-05-14 08:03:35",
        "Lines": "9",
        "Lon": 20.9438,
        "Lat": 52.1758
      },
      {
        "Brigade": "38",
        "Time": "2017-05-14 08:03:45",
        "Lines": "9",
        "Lon": 20.9438,
        "Lat": 52.1758
      },
      {
        "Brigade": "38",
        "Time": "2017-05-14 08:03:55",
        "Lines": "9",
        "Lon": 20.9438,
        "Lat": 52.1759
      },
      {
        "Brigade": "38",
        "Time": "2017-05-14 08:04:10",
        "Lines": "9",
        "Lon": 20.9438,
        "Lat": 52.1758
      },
      {
        "Brigade": "38",
        "Time": "2017-05-14 08:04:20",
        "Lines": "9",
        "Lon": 20.9438,
        "Lat": 52.1758
      },
      {
        "Brigade": "38",
        "Time": "2017-05-14 08:04:30",
        "Lines": "9",
        "Lon": 20.9438,
        "Lat": 52.1758
      },
      {
        "Brigade": "38",
        "Time": "2017-05-14 08:04:40",
        "Lines": "9",
        "Lon": 20.9438,
        "Lat": 52.1758
      },
      {
        "Brigade": "38",
        "Time": "2017-05-14 08:04:50",
        "Lines": "9",
        "Lon": 20.9438,
        "Lat": 52.1758
      },
      {
        "Brigade": "38",
        "Time": "2017-05-14 08:05:05",
        "Lines": "9",
        "Lon": 20.9438,
        "Lat": 52.1758
      },
      {
        "Brigade": "38",
        "Time": "2017-05-14 08:05:15",
        "Lines": "9",
        "Lon": 20.9438,
        "Lat": 52.1758
      },
      {
        "Brigade": "38",
        "Time": "2017-05-14 08:05:25",
        "Lines": "9",
        "Lon": 20.9438,
        "Lat": 52.1758
      },
      {
        "Brigade": "38",
        "Time": "2017-05-14 08:05:35",
        "Lines": "9",
        "Lon": 20.9439,
        "Lat": 52.1758
      },
      {
        "Brigade": "38",
        "Time": "2017-05-14 08:05:45",
        "Lines": "9",
        "Lon": 20.9439,
        "Lat": 52.1758
      },
      {
        "Brigade": "38",
        "Time": "2017-05-14 08:05:55",
        "Lines": "9",
        "Lon": 20.9439,
        "Lat": 52.1758
      },
      {
        "Brigade": "38",
        "Time": "2017-05-14 08:06:10",
        "Lines": "9",
        "Lon": 20.9439,
        "Lat": 52.1758
      },
      {
        "Brigade": "38",
        "Time": "2017-05-14 08:06:20",
        "Lines": "9",
        "Lon": 20.9438,
        "Lat": 52.1758
      },
      {
        "Brigade": "38",
        "Time": "2017-05-14 08:06:30",
        "Lines": "9",
        "Lon": 20.9438,
        "Lat": 52.1758
      },
      {
        "Brigade": "38",
        "Time": "2017-05-14 08:06:40",
        "Lines": "9",
        "Lon": 20.9439,
        "Lat": 52.1758
      },
      {
        "Brigade": "38",
        "Time": "2017-05-14 08:06:50",
        "Lines": "9",
        "Lon": 20.9439,
        "Lat": 52.1758
      },
      {
        "Brigade": "38",
        "Time": "2017-05-14 08:07:05",
        "Lines": "9",
        "Lon": 20.9438,
        "Lat": 52.1758
      },
      {
        "Brigade": "38",
        "Time": "2017-05-14 08:07:15",
        "Lines": "9",
        "Lon": 20.9438,
        "Lat": 52.1758
      },
      {
        "Brigade": "38",
        "Time": "2017-05-14 08:07:25",
        "Lines": "9",
        "Lon": 20.9438,
        "Lat": 52.1758
      },
      {
        "Brigade": "38",
        "Time": "2017-05-14 08:07:35",
        "Lines": "9",
        "Lon": 20.9438,
        "Lat": 52.1758
      },
      {
        "Brigade": "38",
        "Time": "2017-05-14 08:07:50",
        "Lines": "9",
        "Lon": 20.9438,
        "Lat": 52.1758
      },
      {
        "Brigade": "38",
        "Time": "2017-05-14 08:07:55",
        "Lines": "9",
        "Lon": 20.9438,
        "Lat": 52.1758
      },
      {
        "Brigade": "38",
        "Time": "2017-05-14 08:08:10",
        "Lines": "9",
        "Lon": 20.9438,
        "Lat": 52.1758
      },
      {
        "Brigade": "38",
        "Time": "2017-05-14 08:08:20",
        "Lines": "9",
        "Lon": 20.9438,
        "Lat": 52.1759
      },
      {
        "Brigade": "38",
        "Time": "2017-05-14 08:08:30",
        "Lines": "9",
        "Lon": 20.9438,
        "Lat": 52.1759
      },
      {
        "Brigade": "38",
        "Time": "2017-05-14 08:08:40",
        "Lines": "9",
        "Lon": 20.9438,
        "Lat": 52.1759
      },
      {
        "Brigade": "38",
        "Time": "2017-05-14 08:08:55",
        "Lines": "9",
        "Lon": 20.9446,
        "Lat": 52.1758
      },
      {
        "Brigade": "38",
        "Time": "2017-05-14 08:09:05",
        "Lines": "9",
        "Lon": 20.9447,
        "Lat": 52.1764
      },
      {
        "Brigade": "38",
        "Time": "2017-05-14 08:09:17",
        "Lines": "9",
        "Lon": 20.9447,
        "Lat": 52.1767
      },
      {
        "Brigade": "38",
        "Time": "2017-05-14 08:09:25",
        "Lines": "9",
        "Lon": 20.9452,
        "Lat": 52.1773
      },
      {
        "Brigade": "38",
        "Time": "2017-05-14 08:09:40",
        "Lines": "9",
        "Lon": 20.946,
        "Lat": 52.1781
      },
      {
        "Brigade": "38",
        "Time": "2017-05-14 08:09:50",
        "Lines": "9",
        "Lon": 20.9467,
        "Lat": 52.1788
      },
      {
        "Brigade": "38",
        "Time": "2017-05-14 08:10:01",
        "Lines": "9",
        "Lon": 20.947,
        "Lat": 52.179
      },
      {
        "Brigade": "38",
        "Time": "2017-05-14 08:10:10",
        "Lines": "9",
        "Lon": 20.947,
        "Lat": 52.179
      },
      {
        "Brigade": "38",
        "Time": "2017-05-14 08:10:20",
        "Lines": "9",
        "Lon": 20.947,
        "Lat": 52.1789
      },
      {
        "Brigade": "38",
        "Time": "2017-05-14 08:10:35",
        "Lines": "9",
        "Lon": 20.947,
        "Lat": 52.179
      },
      {
        "Brigade": "38",
        "Time": "2017-05-14 08:10:46",
        "Lines": "9",
        "Lon": 20.9475,
        "Lat": 52.1794
      },
      {
        "Brigade": "38",
        "Time": "2017-05-14 08:10:55",
        "Lines": "9",
        "Lon": 20.9483,
        "Lat": 52.1802
      },
      {
        "Brigade": "38",
        "Time": "2017-05-14 08:11:05",
        "Lines": "9",
        "Lon": 20.9491,
        "Lat": 52.1809
      },
      {
        "Brigade": "38",
        "Time": "2017-05-14 08:11:15",
        "Lines": "9",
        "Lon": 20.9499,
        "Lat": 52.1817
      },
      {
        "Brigade": "38",
        "Time": "2017-05-14 08:11:30",
        "Lines": "9",
        "Lon": 20.9511,
        "Lat": 52.1827
      },
      {
        "Brigade": "38",
        "Time": "2017-05-14 08:11:40",
        "Lines": "9",
        "Lon": 20.9516,
        "Lat": 52.1832
      },
      {
        "Brigade": "38",
        "Time": "2017-05-14 08:11:52",
        "Lines": "9",
        "Lon": 20.9519,
        "Lat": 52.1835
      },
      {
        "Brigade": "38",
        "Time": "2017-05-14 08:12:00",
        "Lines": "9",
        "Lon": 20.9524,
        "Lat": 52.184
      },
      {
        "Brigade": "38",
        "Time": "2017-05-14 08:12:10",
        "Lines": "9",
        "Lon": 20.9532,
        "Lat": 52.1848
      },
      {
        "Brigade": "38",
        "Time": "2017-05-14 08:12:25",
        "Lines": "9",
        "Lon": 20.9544,
        "Lat": 52.1859
      },
      {
        "Brigade": "38",
        "Time": "2017-05-14 08:12:35",
        "Lines": "9",
        "Lon": 20.9549,
        "Lat": 52.1865
      },
      {
        "Brigade": "38",
        "Time": "2017-05-14 08:12:47",
        "Lines": "9",
        "Lon": 20.955,
        "Lat": 52.1866
      },
      {
        "Brigade": "38",
        "Time": "2017-05-14 08:12:55",
        "Lines": "9",
        "Lon": 20.9555,
        "Lat": 52.1871
      },
      {
        "Brigade": "38",
        "Time": "2017-05-14 08:13:10",
        "Lines": "9",
        "Lon": 20.9565,
        "Lat": 52.1882
      },
      {
        "Brigade": "38",
        "Time": "2017-05-14 08:13:20",
        "Lines": "9",
        "Lon": 20.957,
        "Lat": 52.1889
      },
      {
        "Brigade": "38",
        "Time": "2017-05-14 08:13:30",
        "Lines": "9",
        "Lon": 20.9575,
        "Lat": 52.1894
      },
      {
        "Brigade": "38",
        "Time": "2017-05-14 08:13:35",
        "Lines": "9",
        "Lon": 20.9577,
        "Lat": 52.1897
      },
      {
        "Brigade": "38",
        "Time": "2017-05-14 08:13:50",
        "Lines": "9",
        "Lon": 20.9578,
        "Lat": 52.1897
      },
      {
        "Brigade": "38",
        "Time": "2017-05-14 08:14:05",
        "Lines": "9",
        "Lon": 20.9578,
        "Lat": 52.1897
      },
      {
        "Brigade": "38",
        "Time": "2017-05-14 08:14:15",
        "Lines": "9",
        "Lon": 20.9583,
        "Lat": 52.1902
      },
      {
        "Brigade": "38",
        "Time": "2017-05-14 08:14:25",
        "Lines": "9",
        "Lon": 20.9588,
        "Lat": 52.1908
      },
      {
        "Brigade": "38",
        "Time": "2017-05-14 08:14:35",
        "Lines": "9",
        "Lon": 20.9595,
        "Lat": 52.1917
      },
      {
        "Brigade": "38",
        "Time": "2017-05-14 08:14:45",
        "Lines": "9",
        "Lon": 20.9603,
        "Lat": 52.1926
      },
      {
        "Brigade": "38",
        "Time": "2017-05-14 08:15:00",
        "Lines": "9",
        "Lon": 20.9604,
        "Lat": 52.1928
      },
      {
        "Brigade": "38",
        "Time": "2017-05-14 08:15:10",
        "Lines": "9",
        "Lon": 20.9606,
        "Lat": 52.1929
      },
      {
        "Brigade": "38",
        "Time": "2017-05-14 08:15:20",
        "Lines": "9",
        "Lon": 20.9611,
        "Lat": 52.1935
      },
      {
        "Brigade": "38",
        "Time": "2017-05-14 08:15:30",
        "Lines": "9",
        "Lon": 20.9617,
        "Lat": 52.1943
      },
      {
        "Brigade": "38",
        "Time": "2017-05-14 08:15:40",
        "Lines": "9",
        "Lon": 20.9625,
        "Lat": 52.1951
      },
      {
        "Brigade": "38",
        "Time": "2017-05-14 08:15:55",
        "Lines": "9",
        "Lon": 20.9639,
        "Lat": 52.1967
      },
      {
        "Brigade": "38",
        "Time": "2017-05-14 08:16:05",
        "Lines": "9",
        "Lon": 20.9644,
        "Lat": 52.1972
      },
      {
        "Brigade": "38",
        "Time": "2017-05-14 08:16:15",
        "Lines": "9",
        "Lon": 20.9644,
        "Lat": 52.1972
      },
      {
        "Brigade": "38",
        "Time": "2017-05-14 08:16:25",
        "Lines": "9",
        "Lon": 20.9648,
        "Lat": 52.1977
      },
      {
        "Brigade": "38",
        "Time": "2017-05-14 08:16:35",
        "Lines": "9",
        "Lon": 20.9655,
        "Lat": 52.1984
      },
      {
        "Brigade": "38",
        "Time": "2017-05-14 08:16:50",
        "Lines": "9",
        "Lon": 20.9665,
        "Lat": 52.1996
      },
      {
        "Brigade": "38",
        "Time": "2017-05-14 08:17:00",
        "Lines": "9",
        "Lon": 20.9671,
        "Lat": 52.2003
      },
      {
        "Brigade": "38",
        "Time": "2017-05-14 08:17:10",
        "Lines": "9",
        "Lon": 20.9677,
        "Lat": 52.201
      },
      {
        "Brigade": "38",
        "Time": "2017-05-14 08:17:20",
        "Lines": "9",
        "Lon": 20.9682,
        "Lat": 52.2016
      },
      {
        "Brigade": "38",
        "Time": "2017-05-14 08:17:30",
        "Lines": "9",
        "Lon": 20.9687,
        "Lat": 52.2021
      },
      {
        "Brigade": "38",
        "Time": "2017-05-14 08:17:45",
        "Lines": "9",
        "Lon": 20.969,
        "Lat": 52.2025
      }
    ]
  }
]
