[
  {
    "res": [
      {
        "Lon": 20.978,
        "Time": "2017-05-14 00:00:04",
        "Lines": "10",
        "Lat": 52.2293,
        "Brigade": "10"
      },
      {
        "Lon": 20.978,
        "Time": "2017-05-14 00:00:14",
        "Lines": "10",
        "Lat": 52.2293,
        "Brigade": "10"
      },
      {
        "Lon": 20.9793,
        "Time": "2017-05-14 00:00:25",
        "Lines": "10",
        "Lat": 52.2294,
        "Brigade": "10"
      },
      {
        "Lon": 20.9797,
        "Time": "2017-05-14 00:00:36",
        "Lines": "10",
        "Lat": 52.2295,
        "Brigade": "10"
      },
      {
        "Lon": 20.9797,
        "Time": "2017-05-14 00:00:46",
        "Lines": "10",
        "Lat": 52.2295,
        "Brigade": "10"
      },
      {
        "Lon": 20.9801,
        "Time": "2017-05-14 00:00:57",
        "Lines": "10",
        "Lat": 52.2295,
        "Brigade": "10"
      },
      {
        "Lon": 20.9819,
        "Time": "2017-05-14 00:01:07",
        "Lines": "10",
        "Lat": 52.2299,
        "Brigade": "10"
      },
      {
        "Lon": 20.9835,
        "Time": "2017-05-14 00:01:17",
        "Lines": "10",
        "Lat": 52.2302,
        "Brigade": "10"
      },
      {
        "Lon": 20.9835,
        "Time": "2017-05-14 00:01:17",
        "Lines": "10",
        "Lat": 52.2302,
        "Brigade": "10"
      },
      {
        "Lon": 20.9837,
        "Time": "2017-05-14 00:01:33",
        "Lines": "10",
        "Lat": 52.2302,
        "Brigade": "10"
      },
      {
        "Lon": 20.9837,
        "Time": "2017-05-14 00:01:44",
        "Lines": "10",
        "Lat": 52.2302,
        "Brigade": "10"
      },
      {
        "Lon": 20.9839,
        "Time": "2017-05-14 00:01:54",
        "Lines": "10",
        "Lat": 52.2302,
        "Brigade": "10"
      },
      {
        "Lon": 20.9842,
        "Time": "2017-05-14 00:02:05",
        "Lines": "10",
        "Lat": 52.2303,
        "Brigade": "10"
      },
      {
        "Lon": 20.9851,
        "Time": "2017-05-14 00:02:15",
        "Lines": "10",
        "Lat": 52.2304,
        "Brigade": "10"
      },
      {
        "Lon": 20.9862,
        "Time": "2017-05-14 00:02:26",
        "Lines": "10",
        "Lat": 52.2307,
        "Brigade": "10"
      },
      {
        "Lon": 20.9874,
        "Time": "2017-05-14 00:02:36",
        "Lines": "10",
        "Lat": 52.2309,
        "Brigade": "10"
      },
      {
        "Lon": 20.9893,
        "Time": "2017-05-14 00:02:47",
        "Lines": "10",
        "Lat": 52.2313,
        "Brigade": "10"
      },
      {
        "Lon": 20.9912,
        "Time": "2017-05-14 00:02:58",
        "Lines": "10",
        "Lat": 52.2316,
        "Brigade": "10"
      },
      {
        "Lon": 20.9912,
        "Time": "2017-05-14 00:02:58",
        "Lines": "10",
        "Lat": 52.2316,
        "Brigade": "10"
      },
      {
        "Lon": 20.9912,
        "Time": "2017-05-14 00:02:58",
        "Lines": "10",
        "Lat": 52.2316,
        "Brigade": "10"
      },
      {
        "Lon": 20.9939,
        "Time": "2017-05-14 00:03:23",
        "Lines": "10",
        "Lat": 52.2322,
        "Brigade": "10"
      },
      {
        "Lon": 20.9939,
        "Time": "2017-05-14 00:03:30",
        "Lines": "10",
        "Lat": 52.2322,
        "Brigade": "10"
      },
      {
        "Lon": 20.9943,
        "Time": "2017-05-14 00:03:44",
        "Lines": "10",
        "Lat": 52.2323,
        "Brigade": "10"
      },
      {
        "Lon": 20.996,
        "Time": "2017-05-14 00:03:55",
        "Lines": "10",
        "Lat": 52.2326,
        "Brigade": "10"
      },
      {
        "Lon": 20.9976,
        "Time": "2017-05-14 00:04:05",
        "Lines": "10",
        "Lat": 52.233,
        "Brigade": "10"
      },
      {
        "Lon": 20.9981,
        "Time": "2017-05-14 00:04:16",
        "Lines": "10",
        "Lat": 52.233,
        "Brigade": "10"
      },
      {
        "Lon": 20.9986,
        "Time": "2017-05-14 00:04:26",
        "Lines": "10",
        "Lat": 52.2327,
        "Brigade": "10"
      },
      {
        "Lon": 20.9988,
        "Time": "2017-05-14 00:04:37",
        "Lines": "10",
        "Lat": 52.2327,
        "Brigade": "10"
      },
      {
        "Lon": 20.999,
        "Time": "2017-05-14 00:04:47",
        "Lines": "10",
        "Lat": 52.2323,
        "Brigade": "10"
      },
      {
        "Lon": 20.9991,
        "Time": "2017-05-14 00:04:58",
        "Lines": "10",
        "Lat": 52.232,
        "Brigade": "10"
      },
      {
        "Lon": 20.9991,
        "Time": "2017-05-14 00:04:58",
        "Lines": "10",
        "Lat": 52.232,
        "Brigade": "10"
      },
      {
        "Lon": 20.9993,
        "Time": "2017-05-14 00:05:08",
        "Lines": "10",
        "Lat": 52.2317,
        "Brigade": "10"
      },
      {
        "Lon": 21.0005,
        "Time": "2017-05-14 00:05:24",
        "Lines": "10",
        "Lat": 52.2299,
        "Brigade": "10"
      },
      {
        "Lon": 21.0005,
        "Time": "2017-05-14 00:05:24",
        "Lines": "10",
        "Lat": 52.2299,
        "Brigade": "10"
      },
      {
        "Lon": 21.0015,
        "Time": "2017-05-14 00:05:45",
        "Lines": "10",
        "Lat": 52.2283,
        "Brigade": "10"
      },
      {
        "Lon": 21.0018,
        "Time": "2017-05-14 00:05:55",
        "Lines": "10",
        "Lat": 52.228,
        "Brigade": "10"
      },
      {
        "Lon": 21.0018,
        "Time": "2017-05-14 00:06:06",
        "Lines": "10",
        "Lat": 52.228,
        "Brigade": "10"
      },
      {
        "Lon": 21.0018,
        "Time": "2017-05-14 00:06:16",
        "Lines": "10",
        "Lat": 52.228,
        "Brigade": "10"
      },
      {
        "Lon": 21.002,
        "Time": "2017-05-14 00:06:27",
        "Lines": "10",
        "Lat": 52.2276,
        "Brigade": "10"
      },
      {
        "Lon": 21.0024,
        "Time": "2017-05-14 00:06:37",
        "Lines": "10",
        "Lat": 52.2269,
        "Brigade": "10"
      },
      {
        "Lon": 21.0032,
        "Time": "2017-05-14 00:06:48",
        "Lines": "10",
        "Lat": 52.2258,
        "Brigade": "10"
      },
      {
        "Lon": 21.0032,
        "Time": "2017-05-14 00:06:48",
        "Lines": "10",
        "Lat": 52.2258,
        "Brigade": "10"
      },
      {
        "Lon": 21.0042,
        "Time": "2017-05-14 00:07:04",
        "Lines": "10",
        "Lat": 52.224,
        "Brigade": "10"
      },
      {
        "Lon": 21.0047,
        "Time": "2017-05-14 00:07:14",
        "Lines": "10",
        "Lat": 52.2232,
        "Brigade": "10"
      },
      {
        "Lon": 21.0047,
        "Time": "2017-05-14 00:07:25",
        "Lines": "10",
        "Lat": 52.2232,
        "Brigade": "10"
      },
      {
        "Lon": 21.0047,
        "Time": "2017-05-14 00:07:35",
        "Lines": "10",
        "Lat": 52.2232,
        "Brigade": "10"
      },
      {
        "Lon": 21.0047,
        "Time": "2017-05-14 00:07:46",
        "Lines": "10",
        "Lat": 52.2232,
        "Brigade": "10"
      },
      {
        "Lon": 21.0047,
        "Time": "2017-05-14 00:07:56",
        "Lines": "10",
        "Lat": 52.2232,
        "Brigade": "10"
      },
      {
        "Lon": 21.0048,
        "Time": "2017-05-14 00:08:07",
        "Lines": "10",
        "Lat": 52.2228,
        "Brigade": "10"
      },
      {
        "Lon": 21.0048,
        "Time": "2017-05-14 00:08:17",
        "Lines": "10",
        "Lat": 52.2216,
        "Brigade": "10"
      },
      {
        "Lon": 21.0048,
        "Time": "2017-05-14 00:08:17",
        "Lines": "10",
        "Lat": 52.2216,
        "Brigade": "10"
      },
      {
        "Lon": 21.0048,
        "Time": "2017-05-14 00:08:33",
        "Lines": "10",
        "Lat": 52.2205,
        "Brigade": "10"
      },
      {
        "Lon": 21.0048,
        "Time": "2017-05-14 00:08:43",
        "Lines": "10",
        "Lat": 52.2205,
        "Brigade": "10"
      },
      {
        "Lon": 21.0048,
        "Time": "2017-05-14 00:08:54",
        "Lines": "10",
        "Lat": 52.2205,
        "Brigade": "10"
      },
      {
        "Lon": 21.0048,
        "Time": "2017-05-14 00:09:04",
        "Lines": "10",
        "Lat": 52.2205,
        "Brigade": "10"
      },
      {
        "Lon": 21.0048,
        "Time": "2017-05-14 00:09:15",
        "Lines": "10",
        "Lat": 52.2205,
        "Brigade": "10"
      },
      {
        "Lon": 21.0048,
        "Time": "2017-05-14 00:09:25",
        "Lines": "10",
        "Lat": 52.2205,
        "Brigade": "10"
      },
      {
        "Lon": 21.0048,
        "Time": "2017-05-14 00:09:36",
        "Lines": "10",
        "Lat": 52.2205,
        "Brigade": "10"
      },
      {
        "Lon": 21.0048,
        "Time": "2017-05-14 00:09:51",
        "Lines": "10",
        "Lat": 52.2205,
        "Brigade": "10"
      },
      {
        "Lon": 21.0048,
        "Time": "2017-05-14 00:09:51",
        "Lines": "10",
        "Lat": 52.2205,
        "Brigade": "10"
      },
      {
        "Lon": 21.0048,
        "Time": "2017-05-14 00:10:02",
        "Lines": "10",
        "Lat": 52.2205,
        "Brigade": "10"
      },
      {
        "Lon": 21.0048,
        "Time": "2017-05-14 00:10:12",
        "Lines": "10",
        "Lat": 52.2205,
        "Brigade": "10"
      },
      {
        "Lon": 21.0051,
        "Time": "2017-05-14 00:10:23",
        "Lines": "10",
        "Lat": 52.2202,
        "Brigade": "10"
      },
      {
        "Lon": 21.0058,
        "Time": "2017-05-14 00:10:33",
        "Lines": "10",
        "Lat": 52.2201,
        "Brigade": "10"
      },
      {
        "Lon": 21.0077,
        "Time": "2017-05-14 00:10:44",
        "Lines": "10",
        "Lat": 52.2201,
        "Brigade": "10"
      },
      {
        "Lon": 21.0097,
        "Time": "2017-05-14 00:10:56",
        "Lines": "10",
        "Lat": 52.2201,
        "Brigade": "10"
      },
      {
        "Lon": 21.0114,
        "Time": "2017-05-14 00:11:05",
        "Lines": "10",
        "Lat": 52.22,
        "Brigade": "10"
      },
      {
        "Lon": 21.0118,
        "Time": "2017-05-14 00:11:20",
        "Lines": "10",
        "Lat": 52.22,
        "Brigade": "10"
      },
      {
        "Lon": 21.0125,
        "Time": "2017-05-14 00:11:26",
        "Lines": "10",
        "Lat": 52.22,
        "Brigade": "10"
      },
      {
        "Lon": 21.0151,
        "Time": "2017-05-14 00:11:41",
        "Lines": "10",
        "Lat": 52.2199,
        "Brigade": "10"
      },
      {
        "Lon": 21.0151,
        "Time": "2017-05-14 00:11:41",
        "Lines": "10",
        "Lat": 52.2199,
        "Brigade": "10"
      },
      {
        "Lon": 21.0152,
        "Time": "2017-05-14 00:11:52",
        "Lines": "10",
        "Lat": 52.2199,
        "Brigade": "10"
      },
      {
        "Lon": 21.0152,
        "Time": "2017-05-14 00:12:02",
        "Lines": "10",
        "Lat": 52.2199,
        "Brigade": "10"
      },
      {
        "Lon": 21.0152,
        "Time": "2017-05-14 00:12:13",
        "Lines": "10",
        "Lat": 52.2199,
        "Brigade": "10"
      },
      {
        "Lon": 21.0152,
        "Time": "2017-05-14 00:12:23",
        "Lines": "10",
        "Lat": 52.2199,
        "Brigade": "10"
      },
      {
        "Lon": 21.0157,
        "Time": "2017-05-14 00:12:34",
        "Lines": "10",
        "Lat": 52.2199,
        "Brigade": "10"
      },
      {
        "Lon": 21.0163,
        "Time": "2017-05-14 00:12:50",
        "Lines": "10",
        "Lat": 52.2199,
        "Brigade": "10"
      },
      {
        "Lon": 21.0163,
        "Time": "2017-05-14 00:13:00",
        "Lines": "10",
        "Lat": 52.2199,
        "Brigade": "10"
      },
      {
        "Lon": 21.0171,
        "Time": "2017-05-14 00:13:11",
        "Lines": "10",
        "Lat": 52.2199,
        "Brigade": "10"
      },
      {
        "Lon": 21.0178,
        "Time": "2017-05-14 00:13:21",
        "Lines": "10",
        "Lat": 52.2197,
        "Brigade": "10"
      },
      {
        "Lon": 21.0178,
        "Time": "2017-05-14 00:13:21",
        "Lines": "10",
        "Lat": 52.2197,
        "Brigade": "10"
      },
      {
        "Lon": 21.0181,
        "Time": "2017-05-14 00:13:32",
        "Lines": "10",
        "Lat": 52.2192,
        "Brigade": "10"
      },
      {
        "Lon": 21.0186,
        "Time": "2017-05-14 00:13:42",
        "Lines": "10",
        "Lat": 52.2186,
        "Brigade": "10"
      },
      {
        "Lon": 21.019,
        "Time": "2017-05-14 00:13:53",
        "Lines": "10",
        "Lat": 52.218,
        "Brigade": "10"
      },
      {
        "Lon": 21.0194,
        "Time": "2017-05-14 00:14:08",
        "Lines": "10",
        "Lat": 52.2174,
        "Brigade": "10"
      },
      {
        "Lon": 21.0194,
        "Time": "2017-05-14 00:14:19",
        "Lines": "10",
        "Lat": 52.2174,
        "Brigade": "10"
      },
      {
        "Lon": 21.0198,
        "Time": "2017-05-14 00:14:29",
        "Lines": "10",
        "Lat": 52.2168,
        "Brigade": "10"
      },
      {
        "Lon": 21.0203,
        "Time": "2017-05-14 00:14:41",
        "Lines": "10",
        "Lat": 52.2158,
        "Brigade": "10"
      },
      {
        "Lon": 21.0203,
        "Time": "2017-05-14 00:14:41",
        "Lines": "10",
        "Lat": 52.2158,
        "Brigade": "10"
      },
      {
        "Lon": 21.021,
        "Time": "2017-05-14 00:14:50",
        "Lines": "10",
        "Lat": 52.2147,
        "Brigade": "10"
      },
      {
        "Lon": 21.0213,
        "Time": "2017-05-14 00:15:01",
        "Lines": "10",
        "Lat": 52.2141,
        "Brigade": "10"
      },
      {
        "Lon": 21.0213,
        "Time": "2017-05-14 00:15:11",
        "Lines": "10",
        "Lat": 52.2141,
        "Brigade": "10"
      },
      {
        "Lon": 21.0213,
        "Time": "2017-05-14 00:15:22",
        "Lines": "10",
        "Lat": 52.2141,
        "Brigade": "10"
      },
      {
        "Lon": 21.0214,
        "Time": "2017-05-14 00:15:37",
        "Lines": "10",
        "Lat": 52.214,
        "Brigade": "10"
      },
      {
        "Lon": 21.0213,
        "Time": "2017-05-14 00:15:48",
        "Lines": "10",
        "Lat": 52.2132,
        "Brigade": "10"
      },
      {
        "Lon": 21.0207,
        "Time": "2017-05-14 00:15:58",
        "Lines": "10",
        "Lat": 52.2123,
        "Brigade": "10"
      },
      {
        "Lon": 21.0205,
        "Time": "2017-05-14 00:16:09",
        "Lines": "10",
        "Lat": 52.2119,
        "Brigade": "10"
      },
      {
        "Lon": 21.0205,
        "Time": "2017-05-14 00:16:19",
        "Lines": "10",
        "Lat": 52.2119,
        "Brigade": "10"
      },
      {
        "Lon": 21.0205,
        "Time": "2017-05-14 00:16:19",
        "Lines": "10",
        "Lat": 52.2119,
        "Brigade": "10"
      },
      {
        "Lon": 21.0205,
        "Time": "2017-05-14 00:16:30",
        "Lines": "10",
        "Lat": 52.2119,
        "Brigade": "10"
      },
      {
        "Lon": 21.0205,
        "Time": "2017-05-14 00:16:40",
        "Lines": "10",
        "Lat": 52.2119,
        "Brigade": "10"
      },
      {
        "Lon": 21.0205,
        "Time": "2017-05-14 00:16:51",
        "Lines": "10",
        "Lat": 52.2119,
        "Brigade": "10"
      },
      {
        "Lon": 21.0205,
        "Time": "2017-05-14 00:17:01",
        "Lines": "10",
        "Lat": 52.2119,
        "Brigade": "10"
      },
      {
        "Lon": 21.0205,
        "Time": "2017-05-14 00:17:17",
        "Lines": "10",
        "Lat": 52.2119,
        "Brigade": "10"
      },
      {
        "Lon": 21.0205,
        "Time": "2017-05-14 00:17:28",
        "Lines": "10",
        "Lat": 52.2119,
        "Brigade": "10"
      },
      {
        "Lon": 21.0205,
        "Time": "2017-05-14 00:17:39",
        "Lines": "10",
        "Lat": 52.2112,
        "Brigade": "10"
      },
      {
        "Lon": 21.0209,
        "Time": "2017-05-14 00:17:48",
        "Lines": "10",
        "Lat": 52.2103,
        "Brigade": "10"
      },
      {
        "Lon": 21.0209,
        "Time": "2017-05-14 00:17:48",
        "Lines": "10",
        "Lat": 52.2103,
        "Brigade": "10"
      },
      {
        "Lon": 21.0213,
        "Time": "2017-05-14 00:17:59",
        "Lines": "10",
        "Lat": 52.2093,
        "Brigade": "10"
      },
      {
        "Lon": 21.0215,
        "Time": "2017-05-14 00:18:15",
        "Lines": "10",
        "Lat": 52.209,
        "Brigade": "10"
      },
      {
        "Lon": 21.0216,
        "Time": "2017-05-14 00:18:20",
        "Lines": "10",
        "Lat": 52.2087,
        "Brigade": "10"
      },
      {
        "Lon": 21.0222,
        "Time": "2017-05-14 00:18:36",
        "Lines": "10",
        "Lat": 52.2071,
        "Brigade": "10"
      },
      {
        "Lon": 21.0227,
        "Time": "2017-05-14 00:18:46",
        "Lines": "10",
        "Lat": 52.206,
        "Brigade": "10"
      },
      {
        "Lon": 21.0229,
        "Time": "2017-05-14 00:18:57",
        "Lines": "10",
        "Lat": 52.205,
        "Brigade": "10"
      },
      {
        "Lon": 21.0229,
        "Time": "2017-05-14 00:18:57",
        "Lines": "10",
        "Lat": 52.205,
        "Brigade": "10"
      },
      {
        "Lon": 21.023,
        "Time": "2017-05-14 00:19:18",
        "Lines": "10",
        "Lat": 52.2047,
        "Brigade": "10"
      },
      {
        "Lon": 21.0231,
        "Time": "2017-05-14 00:19:28",
        "Lines": "10",
        "Lat": 52.2042,
        "Brigade": "10"
      },
      {
        "Lon": 21.0233,
        "Time": "2017-05-14 00:19:39",
        "Lines": "10",
        "Lat": 52.2031,
        "Brigade": "10"
      },
      {
        "Lon": 21.0233,
        "Time": "2017-05-14 00:19:39",
        "Lines": "10",
        "Lat": 52.2031,
        "Brigade": "10"
      },
      {
        "Lon": 21.0234,
        "Time": "2017-05-14 00:19:49",
        "Lines": "10",
        "Lat": 52.2022,
        "Brigade": "10"
      },
      {
        "Lon": 21.0234,
        "Time": "2017-05-14 00:20:00",
        "Lines": "10",
        "Lat": 52.2021,
        "Brigade": "10"
      },
      {
        "Lon": 21.0235,
        "Time": "2017-05-14 00:20:15",
        "Lines": "10",
        "Lat": 52.2018,
        "Brigade": "10"
      },
      {
        "Lon": 21.0237,
        "Time": "2017-05-14 00:20:26",
        "Lines": "10",
        "Lat": 52.2007,
        "Brigade": "10"
      },
      {
        "Lon": 21.0238,
        "Time": "2017-05-14 00:20:36",
        "Lines": "10",
        "Lat": 52.1994,
        "Brigade": "10"
      },
      {
        "Lon": 21.024,
        "Time": "2017-05-14 00:20:47",
        "Lines": "10",
        "Lat": 52.1982,
        "Brigade": "10"
      },
      {
        "Lon": 21.0241,
        "Time": "2017-05-14 00:20:57",
        "Lines": "10",
        "Lat": 52.1974,
        "Brigade": "10"
      },
      {
        "Lon": 21.0241,
        "Time": "2017-05-14 00:21:08",
        "Lines": "10",
        "Lat": 52.1966,
        "Brigade": "10"
      },
      {
        "Lon": 21.0241,
        "Time": "2017-05-14 00:21:20",
        "Lines": "10",
        "Lat": 52.1964,
        "Brigade": "10"
      },
      {
        "Lon": 21.0241,
        "Time": "2017-05-14 00:21:29",
        "Lines": "10",
        "Lat": 52.1964,
        "Brigade": "10"
      },
      {
        "Lon": 21.0241,
        "Time": "2017-05-14 00:21:29",
        "Lines": "10",
        "Lat": 52.1964,
        "Brigade": "10"
      },
      {
        "Lon": 21.0241,
        "Time": "2017-05-14 00:21:39",
        "Lines": "10",
        "Lat": 52.1962,
        "Brigade": "10"
      },
      {
        "Lon": 21.0242,
        "Time": "2017-05-14 00:21:50",
        "Lines": "10",
        "Lat": 52.1951,
        "Brigade": "10"
      },
      {
        "Lon": 21.0243,
        "Time": "2017-05-14 00:22:00",
        "Lines": "10",
        "Lat": 52.1941,
        "Brigade": "10"
      },
      {
        "Lon": 21.0243,
        "Time": "2017-05-14 00:22:16",
        "Lines": "10",
        "Lat": 52.1938,
        "Brigade": "10"
      },
      {
        "Lon": 21.0243,
        "Time": "2017-05-14 00:22:26",
        "Lines": "10",
        "Lat": 52.1937,
        "Brigade": "10"
      },
      {
        "Lon": 21.0243,
        "Time": "2017-05-14 00:22:37",
        "Lines": "10",
        "Lat": 52.1928,
        "Brigade": "10"
      },
      {
        "Lon": 21.0244,
        "Time": "2017-05-14 00:22:47",
        "Lines": "10",
        "Lat": 52.1916,
        "Brigade": "10"
      },
      {
        "Lon": 21.0245,
        "Time": "2017-05-14 00:22:58",
        "Lines": "10",
        "Lat": 52.1904,
        "Brigade": "10"
      },
      {
        "Lon": 21.0245,
        "Time": "2017-05-14 00:23:08",
        "Lines": "10",
        "Lat": 52.1902,
        "Brigade": "10"
      },
      {
        "Lon": 21.0245,
        "Time": "2017-05-14 00:23:19",
        "Lines": "10",
        "Lat": 52.1902,
        "Brigade": "10"
      },
      {
        "Lon": 21.0245,
        "Time": "2017-05-14 00:23:19",
        "Lines": "10",
        "Lat": 52.1902,
        "Brigade": "10"
      },
      {
        "Lon": 21.0244,
        "Time": "2017-05-14 00:23:30",
        "Lines": "10",
        "Lat": 52.1899,
        "Brigade": "10"
      },
      {
        "Lon": 21.0237,
        "Time": "2017-05-14 00:23:40",
        "Lines": "10",
        "Lat": 52.1898,
        "Brigade": "10"
      },
      {
        "Lon": 21.023,
        "Time": "2017-05-14 00:23:56",
        "Lines": "10",
        "Lat": 52.1898,
        "Brigade": "10"
      },
      {
        "Lon": 21.023,
        "Time": "2017-05-14 00:24:06",
        "Lines": "10",
        "Lat": 52.1898,
        "Brigade": "10"
      },
      {
        "Lon": 21.0223,
        "Time": "2017-05-14 00:24:17",
        "Lines": "10",
        "Lat": 52.1897,
        "Brigade": "10"
      },
      {
        "Lon": 21.022,
        "Time": "2017-05-14 00:24:27",
        "Lines": "10",
        "Lat": 52.1897,
        "Brigade": "10"
      },
      {
        "Lon": 21.022,
        "Time": "2017-05-14 00:24:37",
        "Lines": "10",
        "Lat": 52.1897,
        "Brigade": "10"
      },
      {
        "Lon": 21.022,
        "Time": "2017-05-14 00:24:48",
        "Lines": "10",
        "Lat": 52.1897,
        "Brigade": "10"
      },
      {
        "Lon": 21.0213,
        "Time": "2017-05-14 00:24:58",
        "Lines": "10",
        "Lat": 52.1896,
        "Brigade": "10"
      },
      {
        "Lon": 21.0206,
        "Time": "2017-05-14 00:25:09",
        "Lines": "10",
        "Lat": 52.1895,
        "Brigade": "10"
      },
      {
        "Lon": 21.0206,
        "Time": "2017-05-14 00:25:09",
        "Lines": "10",
        "Lat": 52.1895,
        "Brigade": "10"
      },
      {
        "Lon": 21.0201,
        "Time": "2017-05-14 00:25:19",
        "Lines": "10",
        "Lat": 52.1894,
        "Brigade": "10"
      },
      {
        "Lon": 21.0196,
        "Time": "2017-05-14 00:25:30",
        "Lines": "10",
        "Lat": 52.1894,
        "Brigade": "10"
      },
      {
        "Lon": 21.019,
        "Time": "2017-05-14 00:25:40",
        "Lines": "10",
        "Lat": 52.1893,
        "Brigade": "10"
      },
      {
        "Lon": 21.0178,
        "Time": "2017-05-14 00:25:56",
        "Lines": "10",
        "Lat": 52.1891,
        "Brigade": "10"
      },
      {
        "Lon": 21.0178,
        "Time": "2017-05-14 00:26:07",
        "Lines": "10",
        "Lat": 52.1891,
        "Brigade": "10"
      },
      {
        "Lon": 21.0178,
        "Time": "2017-05-14 00:26:17",
        "Lines": "10",
        "Lat": 52.1891,
        "Brigade": "10"
      },
      {
        "Lon": 21.0175,
        "Time": "2017-05-14 00:26:28",
        "Lines": "10",
        "Lat": 52.1891,
        "Brigade": "10"
      },
      {
        "Lon": 21.0175,
        "Time": "2017-05-14 00:26:39",
        "Lines": "10",
        "Lat": 52.1891,
        "Brigade": "10"
      },
      {
        "Lon": 21.0175,
        "Time": "2017-05-14 00:26:49",
        "Lines": "10",
        "Lat": 52.1891,
        "Brigade": "10"
      },
      {
        "Lon": 21.0175,
        "Time": "2017-05-14 00:26:59",
        "Lines": "10",
        "Lat": 52.1891,
        "Brigade": "10"
      },
      {
        "Lon": 21.0175,
        "Time": "2017-05-14 00:26:59",
        "Lines": "10",
        "Lat": 52.1891,
        "Brigade": "10"
      },
      {
        "Lon": 21.0175,
        "Time": "2017-05-14 00:27:10",
        "Lines": "10",
        "Lat": 52.1891,
        "Brigade": "10"
      },
      {
        "Lon": 21.017,
        "Time": "2017-05-14 00:27:20",
        "Lines": "10",
        "Lat": 52.189,
        "Brigade": "10"
      },
      {
        "Lon": 21.015,
        "Time": "2017-05-14 00:27:31",
        "Lines": "10",
        "Lat": 52.189,
        "Brigade": "10"
      },
      {
        "Lon": 21.0141,
        "Time": "2017-05-14 00:27:36",
        "Lines": "10",
        "Lat": 52.189,
        "Brigade": "10"
      },
      {
        "Lon": 21.0119,
        "Time": "2017-05-14 00:27:57",
        "Lines": "10",
        "Lat": 52.1889,
        "Brigade": "10"
      },
      {
        "Lon": 21.0119,
        "Time": "2017-05-14 00:28:07",
        "Lines": "10",
        "Lat": 52.1889,
        "Brigade": "10"
      },
      {
        "Lon": 21.0119,
        "Time": "2017-05-14 00:28:18",
        "Lines": "10",
        "Lat": 52.1889,
        "Brigade": "10"
      },
      {
        "Lon": 21.0111,
        "Time": "2017-05-14 00:28:28",
        "Lines": "10",
        "Lat": 52.1889,
        "Brigade": "10"
      },
      {
        "Lon": 21.0091,
        "Time": "2017-05-14 00:28:39",
        "Lines": "10",
        "Lat": 52.1889,
        "Brigade": "10"
      },
      {
        "Lon": 21.0077,
        "Time": "2017-05-14 00:28:49",
        "Lines": "10",
        "Lat": 52.1889,
        "Brigade": "10"
      },
      {
        "Lon": 21.0077,
        "Time": "2017-05-14 00:28:49",
        "Lines": "10",
        "Lat": 52.1889,
        "Brigade": "10"
      },
      {
        "Lon": 21.0076,
        "Time": "2017-05-14 00:29:00",
        "Lines": "10",
        "Lat": 52.1889,
        "Brigade": "10"
      },
      {
        "Lon": 21.0076,
        "Time": "2017-05-14 00:29:10",
        "Lines": "10",
        "Lat": 52.1889,
        "Brigade": "10"
      },
      {
        "Lon": 21.0076,
        "Time": "2017-05-14 00:29:21",
        "Lines": "10",
        "Lat": 52.1889,
        "Brigade": "10"
      },
      {
        "Lon": 21.0075,
        "Time": "2017-05-14 00:29:36",
        "Lines": "10",
        "Lat": 52.1889,
        "Brigade": "10"
      },
      {
        "Lon": 21.0057,
        "Time": "2017-05-14 00:29:47",
        "Lines": "10",
        "Lat": 52.1889,
        "Brigade": "10"
      },
      {
        "Lon": 21.0045,
        "Time": "2017-05-14 00:29:58",
        "Lines": "10",
        "Lat": 52.1889,
        "Brigade": "10"
      },
      {
        "Lon": 21.0045,
        "Time": "2017-05-14 00:29:58",
        "Lines": "10",
        "Lat": 52.1889,
        "Brigade": "10"
      },
      {
        "Lon": 21.0045,
        "Time": "2017-05-14 00:29:58",
        "Lines": "10",
        "Lat": 52.1889,
        "Brigade": "10"
      },
      {
        "Lon": 21.0045,
        "Time": "2017-05-14 00:29:58",
        "Lines": "10",
        "Lat": 52.1889,
        "Brigade": "10"
      },
      {
        "Lon": 21.0045,
        "Time": "2017-05-14 00:29:58",
        "Lines": "10",
        "Lat": 52.1889,
        "Brigade": "10"
      },
      {
        "Lon": 21.0045,
        "Time": "2017-05-14 00:29:58",
        "Lines": "10",
        "Lat": 52.1889,
        "Brigade": "10"
      },
      {
        "Lon": 21.0045,
        "Time": "2017-05-14 00:29:58",
        "Lines": "10",
        "Lat": 52.1889,
        "Brigade": "10"
      },
      {
        "Lon": 21.0045,
        "Time": "2017-05-14 00:29:58",
        "Lines": "10",
        "Lat": 52.1889,
        "Brigade": "10"
      }
    ]
  }
]
