[
  {
    "res": [
      {
        "Lon": 21.0235,
        "Time": "2017-05-14 00:00:01",
        "Lines": "10",
        "Lat": 52.1832,
        "Brigade": "6"
      },
      {
        "Lon": 21.024,
        "Time": "2017-05-14 00:00:16",
        "Lines": "10",
        "Lat": 52.1846,
        "Brigade": "6"
      },
      {
        "Lon": 21.0242,
        "Time": "2017-05-14 00:00:22",
        "Lines": "10",
        "Lat": 52.185,
        "Brigade": "6"
      },
      {
        "Lon": 21.0246,
        "Time": "2017-05-14 00:00:37",
        "Lines": "10",
        "Lat": 52.1861,
        "Brigade": "6"
      },
      {
        "Lon": 21.0246,
        "Time": "2017-05-14 00:00:48",
        "Lines": "10",
        "Lat": 52.1861,
        "Brigade": "6"
      },
      {
        "Lon": 21.0247,
        "Time": "2017-05-14 00:00:58",
        "Lines": "10",
        "Lat": 52.1863,
        "Brigade": "6"
      },
      {
        "Lon": 21.0248,
        "Time": "2017-05-14 00:01:09",
        "Lines": "10",
        "Lat": 52.1869,
        "Brigade": "6"
      },
      {
        "Lon": 21.0248,
        "Time": "2017-05-14 00:01:09",
        "Lines": "10",
        "Lat": 52.1869,
        "Brigade": "6"
      },
      {
        "Lon": 21.0248,
        "Time": "2017-05-14 00:01:09",
        "Lines": "10",
        "Lat": 52.1869,
        "Brigade": "6"
      },
      {
        "Lon": 21.0247,
        "Time": "2017-05-14 00:01:30",
        "Lines": "10",
        "Lat": 52.1888,
        "Brigade": "6"
      },
      {
        "Lon": 21.0246,
        "Time": "2017-05-14 00:01:40",
        "Lines": "10",
        "Lat": 52.1894,
        "Brigade": "6"
      },
      {
        "Lon": 21.0245,
        "Time": "2017-05-14 00:01:51",
        "Lines": "10",
        "Lat": 52.1897,
        "Brigade": "6"
      },
      {
        "Lon": 21.024,
        "Time": "2017-05-14 00:02:01",
        "Lines": "10",
        "Lat": 52.1898,
        "Brigade": "6"
      },
      {
        "Lon": 21.023,
        "Time": "2017-05-14 00:02:17",
        "Lines": "10",
        "Lat": 52.1898,
        "Brigade": "6"
      },
      {
        "Lon": 21.023,
        "Time": "2017-05-14 00:02:27",
        "Lines": "10",
        "Lat": 52.1898,
        "Brigade": "6"
      },
      {
        "Lon": 21.0226,
        "Time": "2017-05-14 00:02:38",
        "Lines": "10",
        "Lat": 52.1897,
        "Brigade": "6"
      },
      {
        "Lon": 21.0222,
        "Time": "2017-05-14 00:02:48",
        "Lines": "10",
        "Lat": 52.1897,
        "Brigade": "6"
      },
      {
        "Lon": 21.0222,
        "Time": "2017-05-14 00:02:59",
        "Lines": "10",
        "Lat": 52.1897,
        "Brigade": "6"
      },
      {
        "Lon": 21.022,
        "Time": "2017-05-14 00:03:09",
        "Lines": "10",
        "Lat": 52.1897,
        "Brigade": "6"
      },
      {
        "Lon": 21.022,
        "Time": "2017-05-14 00:03:09",
        "Lines": "10",
        "Lat": 52.1897,
        "Brigade": "6"
      },
      {
        "Lon": 21.0212,
        "Time": "2017-05-14 00:03:20",
        "Lines": "10",
        "Lat": 52.1896,
        "Brigade": "6"
      },
      {
        "Lon": 21.0203,
        "Time": "2017-05-14 00:03:30",
        "Lines": "10",
        "Lat": 52.1895,
        "Brigade": "6"
      },
      {
        "Lon": 21.0195,
        "Time": "2017-05-14 00:03:41",
        "Lines": "10",
        "Lat": 52.1894,
        "Brigade": "6"
      },
      {
        "Lon": 21.0184,
        "Time": "2017-05-14 00:03:57",
        "Lines": "10",
        "Lat": 52.1892,
        "Brigade": "6"
      },
      {
        "Lon": 21.0178,
        "Time": "2017-05-14 00:04:07",
        "Lines": "10",
        "Lat": 52.1891,
        "Brigade": "6"
      },
      {
        "Lon": 21.0176,
        "Time": "2017-05-14 00:04:18",
        "Lines": "10",
        "Lat": 52.1891,
        "Brigade": "6"
      },
      {
        "Lon": 21.0175,
        "Time": "2017-05-14 00:04:28",
        "Lines": "10",
        "Lat": 52.1891,
        "Brigade": "6"
      },
      {
        "Lon": 21.0175,
        "Time": "2017-05-14 00:04:39",
        "Lines": "10",
        "Lat": 52.1891,
        "Brigade": "6"
      },
      {
        "Lon": 21.0174,
        "Time": "2017-05-14 00:04:50",
        "Lines": "10",
        "Lat": 52.1891,
        "Brigade": "6"
      },
      {
        "Lon": 21.0162,
        "Time": "2017-05-14 00:05:00",
        "Lines": "10",
        "Lat": 52.189,
        "Brigade": "6"
      },
      {
        "Lon": 21.0162,
        "Time": "2017-05-14 00:05:00",
        "Lines": "10",
        "Lat": 52.189,
        "Brigade": "6"
      },
      {
        "Lon": 21.0147,
        "Time": "2017-05-14 00:05:10",
        "Lines": "10",
        "Lat": 52.1889,
        "Brigade": "6"
      },
      {
        "Lon": 21.0134,
        "Time": "2017-05-14 00:05:21",
        "Lines": "10",
        "Lat": 52.1889,
        "Brigade": "6"
      },
      {
        "Lon": 21.0134,
        "Time": "2017-05-14 00:05:21",
        "Lines": "10",
        "Lat": 52.1889,
        "Brigade": "6"
      },
      {
        "Lon": 21.012,
        "Time": "2017-05-14 00:05:42",
        "Lines": "10",
        "Lat": 52.1889,
        "Brigade": "6"
      },
      {
        "Lon": 21.0102,
        "Time": "2017-05-14 00:05:57",
        "Lines": "10",
        "Lat": 52.1889,
        "Brigade": "6"
      },
      {
        "Lon": 21.0089,
        "Time": "2017-05-14 00:06:08",
        "Lines": "10",
        "Lat": 52.1889,
        "Brigade": "6"
      },
      {
        "Lon": 21.0078,
        "Time": "2017-05-14 00:06:18",
        "Lines": "10",
        "Lat": 52.1889,
        "Brigade": "6"
      },
      {
        "Lon": 21.0077,
        "Time": "2017-05-14 00:06:29",
        "Lines": "10",
        "Lat": 52.1889,
        "Brigade": "6"
      },
      {
        "Lon": 21.0077,
        "Time": "2017-05-14 00:06:39",
        "Lines": "10",
        "Lat": 52.1889,
        "Brigade": "6"
      },
      {
        "Lon": 21.0067,
        "Time": "2017-05-14 00:06:50",
        "Lines": "10",
        "Lat": 52.1889,
        "Brigade": "6"
      },
      {
        "Lon": 21.0067,
        "Time": "2017-05-14 00:06:50",
        "Lines": "10",
        "Lat": 52.1889,
        "Brigade": "6"
      },
      {
        "Lon": 21.0055,
        "Time": "2017-05-14 00:07:00",
        "Lines": "10",
        "Lat": 52.1888,
        "Brigade": "6"
      },
      {
        "Lon": 21.0045,
        "Time": "2017-05-14 00:07:10",
        "Lines": "10",
        "Lat": 52.1888,
        "Brigade": "6"
      },
      {
        "Lon": 21.0035,
        "Time": "2017-05-14 00:07:26",
        "Lines": "10",
        "Lat": 52.1888,
        "Brigade": "6"
      },
      {
        "Lon": 21.0032,
        "Time": "2017-05-14 00:07:37",
        "Lines": "10",
        "Lat": 52.1888,
        "Brigade": "6"
      },
      {
        "Lon": 21.0032,
        "Time": "2017-05-14 00:07:47",
        "Lines": "10",
        "Lat": 52.1888,
        "Brigade": "6"
      },
      {
        "Lon": 21.0032,
        "Time": "2017-05-14 00:07:58",
        "Lines": "10",
        "Lat": 52.1888,
        "Brigade": "6"
      },
      {
        "Lon": 21.0032,
        "Time": "2017-05-14 00:08:08",
        "Lines": "10",
        "Lat": 52.1888,
        "Brigade": "6"
      },
      {
        "Lon": 21.0032,
        "Time": "2017-05-14 00:08:19",
        "Lines": "10",
        "Lat": 52.1888,
        "Brigade": "6"
      },
      {
        "Lon": 21.0032,
        "Time": "2017-05-14 00:08:19",
        "Lines": "10",
        "Lat": 52.1888,
        "Brigade": "6"
      }
    ]
  }
]
