[
  {
    "res": [
      {
        "Lon": 20.9719,
        "Time": "2017-05-14 00:00:00",
        "Lines": "15",
        "Lat": 52.2056,
        "Brigade": "6"
      },
      {
        "Lon": 20.9719,
        "Time": "2017-05-14 00:00:16",
        "Lines": "15",
        "Lat": 52.2056,
        "Brigade": "6"
      },
      {
        "Lon": 20.9719,
        "Time": "2017-05-14 00:00:26",
        "Lines": "15",
        "Lat": 52.2056,
        "Brigade": "6"
      },
      {
        "Lon": 20.9723,
        "Time": "2017-05-14 00:00:37",
        "Lines": "15",
        "Lat": 52.2061,
        "Brigade": "6"
      },
      {
        "Lon": 20.9733,
        "Time": "2017-05-14 00:00:47",
        "Lines": "15",
        "Lat": 52.2072,
        "Brigade": "6"
      },
      {
        "Lon": 20.9743,
        "Time": "2017-05-14 00:00:58",
        "Lines": "15",
        "Lat": 52.2084,
        "Brigade": "6"
      },
      {
        "Lon": 20.9745,
        "Time": "2017-05-14 00:01:08",
        "Lines": "15",
        "Lat": 52.2087,
        "Brigade": "6"
      },
      {
        "Lon": 20.975,
        "Time": "2017-05-14 00:01:19",
        "Lines": "15",
        "Lat": 52.2091,
        "Brigade": "6"
      },
      {
        "Lon": 20.975,
        "Time": "2017-05-14 00:01:19",
        "Lines": "15",
        "Lat": 52.2091,
        "Brigade": "6"
      },
      {
        "Lon": 20.9758,
        "Time": "2017-05-14 00:01:29",
        "Lines": "15",
        "Lat": 52.2102,
        "Brigade": "6"
      },
      {
        "Lon": 20.9766,
        "Time": "2017-05-14 00:01:45",
        "Lines": "15",
        "Lat": 52.2111,
        "Brigade": "6"
      },
      {
        "Lon": 20.9769,
        "Time": "2017-05-14 00:01:50",
        "Lines": "15",
        "Lat": 52.2114,
        "Brigade": "6"
      },
      {
        "Lon": 20.9774,
        "Time": "2017-05-14 00:02:06",
        "Lines": "15",
        "Lat": 52.212,
        "Brigade": "6"
      },
      {
        "Lon": 20.9774,
        "Time": "2017-05-14 00:02:16",
        "Lines": "15",
        "Lat": 52.212,
        "Brigade": "6"
      },
      {
        "Lon": 20.9777,
        "Time": "2017-05-14 00:02:27",
        "Lines": "15",
        "Lat": 52.2124,
        "Brigade": "6"
      },
      {
        "Lon": 20.9788,
        "Time": "2017-05-14 00:02:38",
        "Lines": "15",
        "Lat": 52.2136,
        "Brigade": "6"
      },
      {
        "Lon": 20.9791,
        "Time": "2017-05-14 00:02:42",
        "Lines": "15",
        "Lat": 52.214,
        "Brigade": "6"
      },
      {
        "Lon": 20.9795,
        "Time": "2017-05-14 00:03:00",
        "Lines": "15",
        "Lat": 52.2143,
        "Brigade": "6"
      },
      {
        "Lon": 20.9801,
        "Time": "2017-05-14 00:03:09",
        "Lines": "15",
        "Lat": 52.215,
        "Brigade": "6"
      },
      {
        "Lon": 20.9801,
        "Time": "2017-05-14 00:03:09",
        "Lines": "15",
        "Lat": 52.215,
        "Brigade": "6"
      },
      {
        "Lon": 20.9808,
        "Time": "2017-05-14 00:03:19",
        "Lines": "15",
        "Lat": 52.2159,
        "Brigade": "6"
      },
      {
        "Lon": 20.9809,
        "Time": "2017-05-14 00:03:30",
        "Lines": "15",
        "Lat": 52.216,
        "Brigade": "6"
      },
      {
        "Lon": 20.9809,
        "Time": "2017-05-14 00:03:45",
        "Lines": "15",
        "Lat": 52.216,
        "Brigade": "6"
      },
      {
        "Lon": 20.9809,
        "Time": "2017-05-14 00:03:56",
        "Lines": "15",
        "Lat": 52.216,
        "Brigade": "6"
      },
      {
        "Lon": 20.9815,
        "Time": "2017-05-14 00:04:06",
        "Lines": "15",
        "Lat": 52.2166,
        "Brigade": "6"
      },
      {
        "Lon": 20.9823,
        "Time": "2017-05-14 00:04:17",
        "Lines": "15",
        "Lat": 52.2176,
        "Brigade": "6"
      },
      {
        "Lon": 20.9827,
        "Time": "2017-05-14 00:04:27",
        "Lines": "15",
        "Lat": 52.218,
        "Brigade": "6"
      },
      {
        "Lon": 20.9833,
        "Time": "2017-05-14 00:04:38",
        "Lines": "15",
        "Lat": 52.2182,
        "Brigade": "6"
      },
      {
        "Lon": 20.9841,
        "Time": "2017-05-14 00:04:48",
        "Lines": "15",
        "Lat": 52.2183,
        "Brigade": "6"
      },
      {
        "Lon": 20.9845,
        "Time": "2017-05-14 00:04:59",
        "Lines": "15",
        "Lat": 52.2186,
        "Brigade": "6"
      },
      {
        "Lon": 20.9845,
        "Time": "2017-05-14 00:04:59",
        "Lines": "15",
        "Lat": 52.2186,
        "Brigade": "6"
      },
      {
        "Lon": 20.9847,
        "Time": "2017-05-14 00:05:09",
        "Lines": "15",
        "Lat": 52.2188,
        "Brigade": "6"
      },
      {
        "Lon": 20.9847,
        "Time": "2017-05-14 00:05:20",
        "Lines": "15",
        "Lat": 52.2188,
        "Brigade": "6"
      },
      {
        "Lon": 20.9848,
        "Time": "2017-05-14 00:05:30",
        "Lines": "15",
        "Lat": 52.2189,
        "Brigade": "6"
      },
      {
        "Lon": 20.9852,
        "Time": "2017-05-14 00:05:41",
        "Lines": "15",
        "Lat": 52.2193,
        "Brigade": "6"
      },
      {
        "Lon": 20.9865,
        "Time": "2017-05-14 00:05:57",
        "Lines": "15",
        "Lat": 52.2193,
        "Brigade": "6"
      },
      {
        "Lon": 20.9876,
        "Time": "2017-05-14 00:06:07",
        "Lines": "15",
        "Lat": 52.2193,
        "Brigade": "6"
      },
      {
        "Lon": 20.9887,
        "Time": "2017-05-14 00:06:17",
        "Lines": "15",
        "Lat": 52.2192,
        "Brigade": "6"
      },
      {
        "Lon": 20.9891,
        "Time": "2017-05-14 00:06:28",
        "Lines": "15",
        "Lat": 52.2192,
        "Brigade": "6"
      },
      {
        "Lon": 20.9891,
        "Time": "2017-05-14 00:06:38",
        "Lines": "15",
        "Lat": 52.2192,
        "Brigade": "6"
      },
      {
        "Lon": 20.9891,
        "Time": "2017-05-14 00:06:49",
        "Lines": "15",
        "Lat": 52.2192,
        "Brigade": "6"
      },
      {
        "Lon": 20.9891,
        "Time": "2017-05-14 00:06:49",
        "Lines": "15",
        "Lat": 52.2192,
        "Brigade": "6"
      },
      {
        "Lon": 20.9891,
        "Time": "2017-05-14 00:07:00",
        "Lines": "15",
        "Lat": 52.2192,
        "Brigade": "6"
      },
      {
        "Lon": 20.9891,
        "Time": "2017-05-14 00:07:10",
        "Lines": "15",
        "Lat": 52.2192,
        "Brigade": "6"
      },
      {
        "Lon": 20.9891,
        "Time": "2017-05-14 00:07:27",
        "Lines": "15",
        "Lat": 52.2192,
        "Brigade": "6"
      },
      {
        "Lon": 20.9891,
        "Time": "2017-05-14 00:07:38",
        "Lines": "15",
        "Lat": 52.2192,
        "Brigade": "6"
      },
      {
        "Lon": 20.9892,
        "Time": "2017-05-14 00:07:49",
        "Lines": "15",
        "Lat": 52.2192,
        "Brigade": "6"
      },
      {
        "Lon": 20.991,
        "Time": "2017-05-14 00:08:00",
        "Lines": "15",
        "Lat": 52.2192,
        "Brigade": "6"
      },
      {
        "Lon": 20.9928,
        "Time": "2017-05-14 00:08:11",
        "Lines": "15",
        "Lat": 52.2191,
        "Brigade": "6"
      },
      {
        "Lon": 20.9946,
        "Time": "2017-05-14 00:08:22",
        "Lines": "15",
        "Lat": 52.2191,
        "Brigade": "6"
      },
      {
        "Lon": 20.9946,
        "Time": "2017-05-14 00:08:22",
        "Lines": "15",
        "Lat": 52.2191,
        "Brigade": "6"
      },
      {
        "Lon": 20.9963,
        "Time": "2017-05-14 00:08:33",
        "Lines": "15",
        "Lat": 52.219,
        "Brigade": "6"
      },
      {
        "Lon": 20.9979,
        "Time": "2017-05-14 00:08:44",
        "Lines": "15",
        "Lat": 52.219,
        "Brigade": "6"
      },
      {
        "Lon": 20.9979,
        "Time": "2017-05-14 00:08:44",
        "Lines": "15",
        "Lat": 52.219,
        "Brigade": "6"
      },
      {
        "Lon": 20.9992,
        "Time": "2017-05-14 00:09:05",
        "Lines": "15",
        "Lat": 52.2189,
        "Brigade": "6"
      },
      {
        "Lon": 20.9992,
        "Time": "2017-05-14 00:09:05",
        "Lines": "15",
        "Lat": 52.2189,
        "Brigade": "6"
      },
      {
        "Lon": 20.9992,
        "Time": "2017-05-14 00:09:05",
        "Lines": "15",
        "Lat": 52.2189,
        "Brigade": "6"
      },
      {
        "Lon": 20.9992,
        "Time": "2017-05-14 00:09:05",
        "Lines": "15",
        "Lat": 52.2189,
        "Brigade": "6"
      },
      {
        "Lon": 20.9992,
        "Time": "2017-05-14 00:09:05",
        "Lines": "15",
        "Lat": 52.2189,
        "Brigade": "6"
      },
      {
        "Lon": 20.9992,
        "Time": "2017-05-14 00:09:05",
        "Lines": "15",
        "Lat": 52.2189,
        "Brigade": "6"
      },
      {
        "Lon": 20.9992,
        "Time": "2017-05-14 00:09:05",
        "Lines": "15",
        "Lat": 52.2189,
        "Brigade": "6"
      },
      {
        "Lon": 20.9992,
        "Time": "2017-05-14 00:09:05",
        "Lines": "15",
        "Lat": 52.2189,
        "Brigade": "6"
      },
      {
        "Lon": 20.9992,
        "Time": "2017-05-14 00:09:05",
        "Lines": "15",
        "Lat": 52.2189,
        "Brigade": "6"
      },
      {
        "Lon": 20.9992,
        "Time": "2017-05-14 00:09:05",
        "Lines": "15",
        "Lat": 52.2189,
        "Brigade": "6"
      },
      {
        "Lon": 20.9992,
        "Time": "2017-05-14 00:09:05",
        "Lines": "15",
        "Lat": 52.2189,
        "Brigade": "6"
      },
      {
        "Lon": 20.9992,
        "Time": "2017-05-14 00:09:05",
        "Lines": "15",
        "Lat": 52.2189,
        "Brigade": "6"
      },
      {
        "Lon": 20.9992,
        "Time": "2017-05-14 00:09:05",
        "Lines": "15",
        "Lat": 52.2189,
        "Brigade": "6"
      },
      {
        "Lon": 20.9992,
        "Time": "2017-05-14 00:09:05",
        "Lines": "15",
        "Lat": 52.2189,
        "Brigade": "6"
      },
      {
        "Lon": 20.9992,
        "Time": "2017-05-14 00:09:05",
        "Lines": "15",
        "Lat": 52.2189,
        "Brigade": "6"
      },
      {
        "Lon": 20.9992,
        "Time": "2017-05-14 00:09:05",
        "Lines": "15",
        "Lat": 52.2189,
        "Brigade": "6"
      },
      {
        "Lon": 20.9992,
        "Time": "2017-05-14 00:09:05",
        "Lines": "15",
        "Lat": 52.2189,
        "Brigade": "6"
      },
      {
        "Lon": 20.9992,
        "Time": "2017-05-14 00:09:05",
        "Lines": "15",
        "Lat": 52.2189,
        "Brigade": "6"
      },
      {
        "Lon": 20.9992,
        "Time": "2017-05-14 00:09:05",
        "Lines": "15",
        "Lat": 52.2189,
        "Brigade": "6"
      },
      {
        "Lon": 20.9992,
        "Time": "2017-05-14 00:09:05",
        "Lines": "15",
        "Lat": 52.2189,
        "Brigade": "6"
      },
      {
        "Lon": 20.9992,
        "Time": "2017-05-14 00:09:05",
        "Lines": "15",
        "Lat": 52.2189,
        "Brigade": "6"
      },
      {
        "Lon": 20.9992,
        "Time": "2017-05-14 00:09:05",
        "Lines": "15",
        "Lat": 52.2189,
        "Brigade": "6"
      },
      {
        "Lon": 20.9992,
        "Time": "2017-05-14 00:12:45",
        "Lines": "15",
        "Lat": 52.2189,
        "Brigade": "6"
      },
      {
        "Lon": 20.9992,
        "Time": "2017-05-14 00:12:56",
        "Lines": "15",
        "Lat": 52.2189,
        "Brigade": "6"
      },
      {
        "Lon": 21.0151,
        "Time": "2017-05-14 00:13:12",
        "Lines": "15",
        "Lat": 52.2199,
        "Brigade": "6"
      },
      {
        "Lon": 21.0151,
        "Time": "2017-05-14 00:13:22",
        "Lines": "15",
        "Lat": 52.2199,
        "Brigade": "6"
      },
      {
        "Lon": 21.0151,
        "Time": "2017-05-14 00:13:22",
        "Lines": "15",
        "Lat": 52.2199,
        "Brigade": "6"
      },
      {
        "Lon": 21.0151,
        "Time": "2017-05-14 00:13:33",
        "Lines": "15",
        "Lat": 52.2199,
        "Brigade": "6"
      },
      {
        "Lon": 21.0151,
        "Time": "2017-05-14 00:13:43",
        "Lines": "15",
        "Lat": 52.2199,
        "Brigade": "6"
      },
      {
        "Lon": 21.0151,
        "Time": "2017-05-14 00:13:53",
        "Lines": "15",
        "Lat": 52.2199,
        "Brigade": "6"
      },
      {
        "Lon": 21.0155,
        "Time": "2017-05-14 00:14:09",
        "Lines": "15",
        "Lat": 52.2198,
        "Brigade": "6"
      },
      {
        "Lon": 21.0168,
        "Time": "2017-05-14 00:14:20",
        "Lines": "15",
        "Lat": 52.2198,
        "Brigade": "6"
      },
      {
        "Lon": 21.0174,
        "Time": "2017-05-14 00:14:30",
        "Lines": "15",
        "Lat": 52.2198,
        "Brigade": "6"
      },
      {
        "Lon": 21.018,
        "Time": "2017-05-14 00:14:41",
        "Lines": "15",
        "Lat": 52.2195,
        "Brigade": "6"
      },
      {
        "Lon": 21.018,
        "Time": "2017-05-14 00:14:41",
        "Lines": "15",
        "Lat": 52.2195,
        "Brigade": "6"
      },
      {
        "Lon": 21.0185,
        "Time": "2017-05-14 00:14:51",
        "Lines": "15",
        "Lat": 52.2186,
        "Brigade": "6"
      },
      {
        "Lon": 21.0189,
        "Time": "2017-05-14 00:15:02",
        "Lines": "15",
        "Lat": 52.218,
        "Brigade": "6"
      },
      {
        "Lon": 21.0189,
        "Time": "2017-05-14 00:15:12",
        "Lines": "15",
        "Lat": 52.218,
        "Brigade": "6"
      },
      {
        "Lon": 21.0192,
        "Time": "2017-05-14 00:15:23",
        "Lines": "15",
        "Lat": 52.2175,
        "Brigade": "6"
      },
      {
        "Lon": 21.0193,
        "Time": "2017-05-14 00:15:33",
        "Lines": "15",
        "Lat": 52.2174,
        "Brigade": "6"
      },
      {
        "Lon": 21.0193,
        "Time": "2017-05-14 00:15:44",
        "Lines": "15",
        "Lat": 52.2174,
        "Brigade": "6"
      },
      {
        "Lon": 21.0198,
        "Time": "2017-05-14 00:15:54",
        "Lines": "15",
        "Lat": 52.2166,
        "Brigade": "6"
      },
      {
        "Lon": 21.0207,
        "Time": "2017-05-14 00:16:10",
        "Lines": "15",
        "Lat": 52.2149,
        "Brigade": "6"
      },
      {
        "Lon": 21.0211,
        "Time": "2017-05-14 00:16:21",
        "Lines": "15",
        "Lat": 52.2144,
        "Brigade": "6"
      },
      {
        "Lon": 21.0211,
        "Time": "2017-05-14 00:16:21",
        "Lines": "15",
        "Lat": 52.2144,
        "Brigade": "6"
      },
      {
        "Lon": 21.0211,
        "Time": "2017-05-14 00:16:31",
        "Lines": "15",
        "Lat": 52.2144,
        "Brigade": "6"
      },
      {
        "Lon": 21.0211,
        "Time": "2017-05-14 00:16:41",
        "Lines": "15",
        "Lat": 52.2144,
        "Brigade": "6"
      },
      {
        "Lon": 21.0211,
        "Time": "2017-05-14 00:16:52",
        "Lines": "15",
        "Lat": 52.2144,
        "Brigade": "6"
      },
      {
        "Lon": 21.0211,
        "Time": "2017-05-14 00:16:57",
        "Lines": "15",
        "Lat": 52.2143,
        "Brigade": "6"
      },
      {
        "Lon": 21.021,
        "Time": "2017-05-14 00:17:18",
        "Lines": "15",
        "Lat": 52.2128,
        "Brigade": "6"
      },
      {
        "Lon": 21.0209,
        "Time": "2017-05-14 00:17:28",
        "Lines": "15",
        "Lat": 52.2125,
        "Brigade": "6"
      },
      {
        "Lon": 21.0206,
        "Time": "2017-05-14 00:17:39",
        "Lines": "15",
        "Lat": 52.212,
        "Brigade": "6"
      },
      {
        "Lon": 21.0205,
        "Time": "2017-05-14 00:17:49",
        "Lines": "15",
        "Lat": 52.2113,
        "Brigade": "6"
      },
      {
        "Lon": 21.0205,
        "Time": "2017-05-14 00:17:49",
        "Lines": "15",
        "Lat": 52.2113,
        "Brigade": "6"
      },
      {
        "Lon": 21.0208,
        "Time": "2017-05-14 00:18:00",
        "Lines": "15",
        "Lat": 52.2104,
        "Brigade": "6"
      },
      {
        "Lon": 21.0211,
        "Time": "2017-05-14 00:18:10",
        "Lines": "15",
        "Lat": 52.2097,
        "Brigade": "6"
      },
      {
        "Lon": 21.0212,
        "Time": "2017-05-14 00:18:21",
        "Lines": "15",
        "Lat": 52.2096,
        "Brigade": "6"
      },
      {
        "Lon": 21.0214,
        "Time": "2017-05-14 00:18:37",
        "Lines": "15",
        "Lat": 52.2091,
        "Brigade": "6"
      },
      {
        "Lon": 21.0214,
        "Time": "2017-05-14 00:18:47",
        "Lines": "15",
        "Lat": 52.209,
        "Brigade": "6"
      },
      {
        "Lon": 21.0219,
        "Time": "2017-05-14 00:18:58",
        "Lines": "15",
        "Lat": 52.2078,
        "Brigade": "6"
      },
      {
        "Lon": 21.0224,
        "Time": "2017-05-14 00:19:09",
        "Lines": "15",
        "Lat": 52.2065,
        "Brigade": "6"
      },
      {
        "Lon": 21.0227,
        "Time": "2017-05-14 00:19:19",
        "Lines": "15",
        "Lat": 52.2057,
        "Brigade": "6"
      },
      {
        "Lon": 21.0227,
        "Time": "2017-05-14 00:19:29",
        "Lines": "15",
        "Lat": 52.2056,
        "Brigade": "6"
      },
      {
        "Lon": 21.0228,
        "Time": "2017-05-14 00:19:35",
        "Lines": "15",
        "Lat": 52.2055,
        "Brigade": "6"
      },
      {
        "Lon": 21.0228,
        "Time": "2017-05-14 00:19:35",
        "Lines": "15",
        "Lat": 52.2055,
        "Brigade": "6"
      },
      {
        "Lon": 21.0229,
        "Time": "2017-05-14 00:19:50",
        "Lines": "15",
        "Lat": 52.2048,
        "Brigade": "6"
      },
      {
        "Lon": 21.023,
        "Time": "2017-05-14 00:20:01",
        "Lines": "15",
        "Lat": 52.2042,
        "Brigade": "6"
      },
      {
        "Lon": 21.0232,
        "Time": "2017-05-14 00:20:16",
        "Lines": "15",
        "Lat": 52.2031,
        "Brigade": "6"
      },
      {
        "Lon": 21.0233,
        "Time": "2017-05-14 00:20:22",
        "Lines": "15",
        "Lat": 52.203,
        "Brigade": "6"
      },
      {
        "Lon": 21.0233,
        "Time": "2017-05-14 00:20:32",
        "Lines": "15",
        "Lat": 52.2026,
        "Brigade": "6"
      },
      {
        "Lon": 21.0234,
        "Time": "2017-05-14 00:20:48",
        "Lines": "15",
        "Lat": 52.2022,
        "Brigade": "6"
      },
      {
        "Lon": 21.0234,
        "Time": "2017-05-14 00:20:58",
        "Lines": "15",
        "Lat": 52.202,
        "Brigade": "6"
      },
      {
        "Lon": 21.0235,
        "Time": "2017-05-14 00:21:09",
        "Lines": "15",
        "Lat": 52.2012,
        "Brigade": "6"
      },
      {
        "Lon": 21.0236,
        "Time": "2017-05-14 00:21:19",
        "Lines": "15",
        "Lat": 52.2007,
        "Brigade": "6"
      },
      {
        "Lon": 21.0237,
        "Time": "2017-05-14 00:21:30",
        "Lines": "15",
        "Lat": 52.2003,
        "Brigade": "6"
      },
      {
        "Lon": 21.0237,
        "Time": "2017-05-14 00:21:30",
        "Lines": "15",
        "Lat": 52.2003,
        "Brigade": "6"
      },
      {
        "Lon": 21.0238,
        "Time": "2017-05-14 00:21:40",
        "Lines": "15",
        "Lat": 52.1992,
        "Brigade": "6"
      },
      {
        "Lon": 21.024,
        "Time": "2017-05-14 00:21:51",
        "Lines": "15",
        "Lat": 52.198,
        "Brigade": "6"
      },
      {
        "Lon": 21.0241,
        "Time": "2017-05-14 00:22:01",
        "Lines": "15",
        "Lat": 52.1971,
        "Brigade": "6"
      },
      {
        "Lon": 21.0241,
        "Time": "2017-05-14 00:22:17",
        "Lines": "15",
        "Lat": 52.1967,
        "Brigade": "6"
      },
      {
        "Lon": 21.0241,
        "Time": "2017-05-14 00:22:22",
        "Lines": "15",
        "Lat": 52.1965,
        "Brigade": "6"
      },
      {
        "Lon": 21.0241,
        "Time": "2017-05-14 00:22:28",
        "Lines": "15",
        "Lat": 52.196,
        "Brigade": "6"
      },
      {
        "Lon": 21.0242,
        "Time": "2017-05-14 00:22:48",
        "Lines": "15",
        "Lat": 52.1943,
        "Brigade": "6"
      },
      {
        "Lon": 21.0242,
        "Time": "2017-05-14 00:22:59",
        "Lines": "15",
        "Lat": 52.1939,
        "Brigade": "6"
      },
      {
        "Lon": 21.0243,
        "Time": "2017-05-14 00:23:09",
        "Lines": "15",
        "Lat": 52.1938,
        "Brigade": "6"
      },
      {
        "Lon": 21.0243,
        "Time": "2017-05-14 00:23:20",
        "Lines": "15",
        "Lat": 52.1928,
        "Brigade": "6"
      },
      {
        "Lon": 21.0243,
        "Time": "2017-05-14 00:23:20",
        "Lines": "15",
        "Lat": 52.1928,
        "Brigade": "6"
      },
      {
        "Lon": 21.0244,
        "Time": "2017-05-14 00:23:30",
        "Lines": "15",
        "Lat": 52.1918,
        "Brigade": "6"
      },
      {
        "Lon": 21.0244,
        "Time": "2017-05-14 00:23:41",
        "Lines": "15",
        "Lat": 52.1909,
        "Brigade": "6"
      },
      {
        "Lon": 21.0244,
        "Time": "2017-05-14 00:23:51",
        "Lines": "15",
        "Lat": 52.1906,
        "Brigade": "6"
      },
      {
        "Lon": 21.0244,
        "Time": "2017-05-14 00:24:02",
        "Lines": "15",
        "Lat": 52.1905,
        "Brigade": "6"
      },
      {
        "Lon": 21.0244,
        "Time": "2017-05-14 00:24:12",
        "Lines": "15",
        "Lat": 52.1905,
        "Brigade": "6"
      },
      {
        "Lon": 21.0244,
        "Time": "2017-05-14 00:24:28",
        "Lines": "15",
        "Lat": 52.1905,
        "Brigade": "6"
      },
      {
        "Lon": 21.0244,
        "Time": "2017-05-14 00:24:38",
        "Lines": "15",
        "Lat": 52.1905,
        "Brigade": "6"
      },
      {
        "Lon": 21.0244,
        "Time": "2017-05-14 00:24:49",
        "Lines": "15",
        "Lat": 52.1905,
        "Brigade": "6"
      },
      {
        "Lon": 21.0244,
        "Time": "2017-05-14 00:24:59",
        "Lines": "15",
        "Lat": 52.1905,
        "Brigade": "6"
      },
      {
        "Lon": 21.0245,
        "Time": "2017-05-14 00:25:10",
        "Lines": "15",
        "Lat": 52.1904,
        "Brigade": "6"
      },
      {
        "Lon": 21.0245,
        "Time": "2017-05-14 00:25:10",
        "Lines": "15",
        "Lat": 52.1904,
        "Brigade": "6"
      },
      {
        "Lon": 21.0245,
        "Time": "2017-05-14 00:25:20",
        "Lines": "15",
        "Lat": 52.1902,
        "Brigade": "6"
      },
      {
        "Lon": 21.0245,
        "Time": "2017-05-14 00:25:31",
        "Lines": "15",
        "Lat": 52.1902,
        "Brigade": "6"
      },
      {
        "Lon": 21.0245,
        "Time": "2017-05-14 00:25:41",
        "Lines": "15",
        "Lat": 52.1902,
        "Brigade": "6"
      },
      {
        "Lon": 21.0245,
        "Time": "2017-05-14 00:25:52",
        "Lines": "15",
        "Lat": 52.1902,
        "Brigade": "6"
      },
      {
        "Lon": 21.0245,
        "Time": "2017-05-14 00:26:07",
        "Lines": "15",
        "Lat": 52.1902,
        "Brigade": "6"
      },
      {
        "Lon": 21.0245,
        "Time": "2017-05-14 00:26:18",
        "Lines": "15",
        "Lat": 52.1902,
        "Brigade": "6"
      },
      {
        "Lon": 21.0243,
        "Time": "2017-05-14 00:26:29",
        "Lines": "15",
        "Lat": 52.1899,
        "Brigade": "6"
      },
      {
        "Lon": 21.0236,
        "Time": "2017-05-14 00:26:39",
        "Lines": "15",
        "Lat": 52.1898,
        "Brigade": "6"
      },
      {
        "Lon": 21.023,
        "Time": "2017-05-14 00:26:49",
        "Lines": "15",
        "Lat": 52.1898,
        "Brigade": "6"
      },
      {
        "Lon": 21.0226,
        "Time": "2017-05-14 00:27:00",
        "Lines": "15",
        "Lat": 52.1898,
        "Brigade": "6"
      },
      {
        "Lon": 21.0226,
        "Time": "2017-05-14 00:27:00",
        "Lines": "15",
        "Lat": 52.1898,
        "Brigade": "6"
      },
      {
        "Lon": 21.0221,
        "Time": "2017-05-14 00:27:10",
        "Lines": "15",
        "Lat": 52.1897,
        "Brigade": "6"
      },
      {
        "Lon": 21.0219,
        "Time": "2017-05-14 00:27:21",
        "Lines": "15",
        "Lat": 52.1897,
        "Brigade": "6"
      },
      {
        "Lon": 21.0211,
        "Time": "2017-05-14 00:27:31",
        "Lines": "15",
        "Lat": 52.1896,
        "Brigade": "6"
      },
      {
        "Lon": 21.0204,
        "Time": "2017-05-14 00:27:42",
        "Lines": "15",
        "Lat": 52.1895,
        "Brigade": "6"
      },
      {
        "Lon": 21.0198,
        "Time": "2017-05-14 00:27:52",
        "Lines": "15",
        "Lat": 52.1894,
        "Brigade": "6"
      },
      {
        "Lon": 21.0188,
        "Time": "2017-05-14 00:28:08",
        "Lines": "15",
        "Lat": 52.1892,
        "Brigade": "6"
      },
      {
        "Lon": 21.0183,
        "Time": "2017-05-14 00:28:13",
        "Lines": "15",
        "Lat": 52.1892,
        "Brigade": "6"
      },
      {
        "Lon": 21.0179,
        "Time": "2017-05-14 00:28:29",
        "Lines": "15",
        "Lat": 52.1891,
        "Brigade": "6"
      },
      {
        "Lon": 21.0178,
        "Time": "2017-05-14 00:28:40",
        "Lines": "15",
        "Lat": 52.1891,
        "Brigade": "6"
      },
      {
        "Lon": 21.0175,
        "Time": "2017-05-14 00:28:51",
        "Lines": "15",
        "Lat": 52.1891,
        "Brigade": "6"
      },
      {
        "Lon": 21.0175,
        "Time": "2017-05-14 00:28:51",
        "Lines": "15",
        "Lat": 52.1891,
        "Brigade": "6"
      },
      {
        "Lon": 21.0158,
        "Time": "2017-05-14 00:29:00",
        "Lines": "15",
        "Lat": 52.189,
        "Brigade": "6"
      },
      {
        "Lon": 21.0134,
        "Time": "2017-05-14 00:29:13",
        "Lines": "15",
        "Lat": 52.189,
        "Brigade": "6"
      },
      {
        "Lon": 21.0134,
        "Time": "2017-05-14 00:29:13",
        "Lines": "15",
        "Lat": 52.189,
        "Brigade": "6"
      },
      {
        "Lon": 21.0117,
        "Time": "2017-05-14 00:29:32",
        "Lines": "15",
        "Lat": 52.189,
        "Brigade": "6"
      },
      {
        "Lon": 21.0101,
        "Time": "2017-05-14 00:29:43",
        "Lines": "15",
        "Lat": 52.1889,
        "Brigade": "6"
      },
      {
        "Lon": 21.0082,
        "Time": "2017-05-14 00:29:58",
        "Lines": "15",
        "Lat": 52.1889,
        "Brigade": "6"
      },
      {
        "Lon": 21.0082,
        "Time": "2017-05-14 00:29:58",
        "Lines": "15",
        "Lat": 52.1889,
        "Brigade": "6"
      },
      {
        "Lon": 21.0082,
        "Time": "2017-05-14 00:29:58",
        "Lines": "15",
        "Lat": 52.1889,
        "Brigade": "6"
      },
      {
        "Lon": 21.0082,
        "Time": "2017-05-14 00:29:58",
        "Lines": "15",
        "Lat": 52.1889,
        "Brigade": "6"
      },
      {
        "Lon": 21.0082,
        "Time": "2017-05-14 00:29:58",
        "Lines": "15",
        "Lat": 52.1889,
        "Brigade": "6"
      },
      {
        "Lon": 21.0082,
        "Time": "2017-05-14 00:29:58",
        "Lines": "15",
        "Lat": 52.1889,
        "Brigade": "6"
      },
      {
        "Lon": 21.0082,
        "Time": "2017-05-14 00:29:58",
        "Lines": "15",
        "Lat": 52.1889,
        "Brigade": "6"
      },
      {
        "Lon": 21.0082,
        "Time": "2017-05-14 00:29:58",
        "Lines": "15",
        "Lat": 52.1889,
        "Brigade": "6"
      },
      {
        "Lon": 21.0082,
        "Time": "2017-05-14 00:29:58",
        "Lines": "15",
        "Lat": 52.1889,
        "Brigade": "6"
      },
      {
        "Lon": 21.0063,
        "Time": "2017-05-14 00:31:22",
        "Lines": "15",
        "Lat": 52.1889,
        "Brigade": "6"
      },
      {
        "Lon": 21.0055,
        "Time": "2017-05-14 00:31:33",
        "Lines": "15",
        "Lat": 52.1889,
        "Brigade": "6"
      },
      {
        "Lon": 21.0047,
        "Time": "2017-05-14 00:31:49",
        "Lines": "15",
        "Lat": 52.1889,
        "Brigade": "6"
      },
      {
        "Lon": 21.0043,
        "Time": "2017-05-14 00:31:59",
        "Lines": "15",
        "Lat": 52.1889,
        "Brigade": "6"
      },
      {
        "Lon": 21.004,
        "Time": "2017-05-14 00:32:09",
        "Lines": "15",
        "Lat": 52.1889,
        "Brigade": "6"
      }
    ]
  }
]
