[
  {
    "res": [
      {
        "Lon": 20.9288,
        "Time": "2017-05-14 00:00:00",
        "Lines": "2",
        "Lat": 52.2917,
        "Brigade": "7"
      },
      {
        "Lon": 20.9289,
        "Time": "2017-05-14 00:00:15",
        "Lines": "2",
        "Lat": 52.2916,
        "Brigade": "7"
      },
      {
        "Lon": 20.9289,
        "Time": "2017-05-14 00:00:25",
        "Lines": "2",
        "Lat": 52.2916,
        "Brigade": "7"
      },
      {
        "Lon": 20.9292,
        "Time": "2017-05-14 00:00:35",
        "Lines": "2",
        "Lat": 52.2915,
        "Brigade": "7"
      },
      {
        "Lon": 20.9298,
        "Time": "2017-05-14 00:00:47",
        "Lines": "2",
        "Lat": 52.2915,
        "Brigade": "7"
      },
      {
        "Lon": 20.9303,
        "Time": "2017-05-14 00:01:00",
        "Lines": "2",
        "Lat": 52.2919,
        "Brigade": "7"
      },
      {
        "Lon": 20.9301,
        "Time": "2017-05-14 00:01:10",
        "Lines": "2",
        "Lat": 52.2923,
        "Brigade": "7"
      },
      {
        "Lon": 20.9296,
        "Time": "2017-05-14 00:01:20",
        "Lines": "2",
        "Lat": 52.2926,
        "Brigade": "7"
      },
      {
        "Lon": 20.9296,
        "Time": "2017-05-14 00:01:20",
        "Lines": "2",
        "Lat": 52.2926,
        "Brigade": "7"
      },
      {
        "Lon": 20.9299,
        "Time": "2017-05-14 00:01:30",
        "Lines": "2",
        "Lat": 52.293,
        "Brigade": "7"
      },
      {
        "Lon": 20.9307,
        "Time": "2017-05-14 00:01:40",
        "Lines": "2",
        "Lat": 52.2937,
        "Brigade": "7"
      },
      {
        "Lon": 20.9315,
        "Time": "2017-05-14 00:01:50",
        "Lines": "2",
        "Lat": 52.2944,
        "Brigade": "7"
      },
      {
        "Lon": 20.9324,
        "Time": "2017-05-14 00:02:05",
        "Lines": "2",
        "Lat": 52.2954,
        "Brigade": "7"
      },
      {
        "Lon": 20.9328,
        "Time": "2017-05-14 00:02:15",
        "Lines": "2",
        "Lat": 52.296,
        "Brigade": "7"
      },
      {
        "Lon": 20.9332,
        "Time": "2017-05-14 00:02:25",
        "Lines": "2",
        "Lat": 52.2967,
        "Brigade": "7"
      },
      {
        "Lon": 20.9335,
        "Time": "2017-05-14 00:02:35",
        "Lines": "2",
        "Lat": 52.2973,
        "Brigade": "7"
      },
      {
        "Lon": 20.9337,
        "Time": "2017-05-14 00:02:45",
        "Lines": "2",
        "Lat": 52.2977,
        "Brigade": "7"
      },
      {
        "Lon": 20.9345,
        "Time": "2017-05-14 00:03:00",
        "Lines": "2",
        "Lat": 52.2985,
        "Brigade": "7"
      },
      {
        "Lon": 20.935,
        "Time": "2017-05-14 00:03:10",
        "Lines": "2",
        "Lat": 52.299,
        "Brigade": "7"
      },
      {
        "Lon": 20.935,
        "Time": "2017-05-14 00:03:10",
        "Lines": "2",
        "Lat": 52.299,
        "Brigade": "7"
      },
      {
        "Lon": 20.9355,
        "Time": "2017-05-14 00:03:23",
        "Lines": "2",
        "Lat": 52.2993,
        "Brigade": "7"
      },
      {
        "Lon": 20.9355,
        "Time": "2017-05-14 00:03:30",
        "Lines": "2",
        "Lat": 52.2993,
        "Brigade": "7"
      },
      {
        "Lon": 20.9358,
        "Time": "2017-05-14 00:03:45",
        "Lines": "2",
        "Lat": 52.2995,
        "Brigade": "7"
      },
      {
        "Lon": 20.9375,
        "Time": "2017-05-14 00:03:55",
        "Lines": "2",
        "Lat": 52.3005,
        "Brigade": "7"
      },
      {
        "Lon": 20.9389,
        "Time": "2017-05-14 00:04:05",
        "Lines": "2",
        "Lat": 52.3012,
        "Brigade": "7"
      },
      {
        "Lon": 20.9396,
        "Time": "2017-05-14 00:04:15",
        "Lines": "2",
        "Lat": 52.3016,
        "Brigade": "7"
      },
      {
        "Lon": 20.9405,
        "Time": "2017-05-14 00:04:25",
        "Lines": "2",
        "Lat": 52.302,
        "Brigade": "7"
      },
      {
        "Lon": 20.9416,
        "Time": "2017-05-14 00:04:40",
        "Lines": "2",
        "Lat": 52.3026,
        "Brigade": "7"
      },
      {
        "Lon": 20.9443,
        "Time": "2017-05-14 00:04:50",
        "Lines": "2",
        "Lat": 52.3037,
        "Brigade": "7"
      },
      {
        "Lon": 20.9465,
        "Time": "2017-05-14 00:05:00",
        "Lines": "2",
        "Lat": 52.3045,
        "Brigade": "7"
      },
      {
        "Lon": 20.9465,
        "Time": "2017-05-14 00:05:00",
        "Lines": "2",
        "Lat": 52.3045,
        "Brigade": "7"
      },
      {
        "Lon": 20.9483,
        "Time": "2017-05-14 00:05:10",
        "Lines": "2",
        "Lat": 52.3054,
        "Brigade": "7"
      },
      {
        "Lon": 20.9501,
        "Time": "2017-05-14 00:05:20",
        "Lines": "2",
        "Lat": 52.3063,
        "Brigade": "7"
      },
      {
        "Lon": 20.9529,
        "Time": "2017-05-14 00:05:35",
        "Lines": "2",
        "Lat": 52.3076,
        "Brigade": "7"
      },
      {
        "Lon": 20.9544,
        "Time": "2017-05-14 00:05:45",
        "Lines": "2",
        "Lat": 52.3084,
        "Brigade": "7"
      },
      {
        "Lon": 20.9567,
        "Time": "2017-05-14 00:05:56",
        "Lines": "2",
        "Lat": 52.3095,
        "Brigade": "7"
      },
      {
        "Lon": 20.9584,
        "Time": "2017-05-14 00:06:05",
        "Lines": "2",
        "Lat": 52.3103,
        "Brigade": "7"
      },
      {
        "Lon": 20.9596,
        "Time": "2017-05-14 00:06:15",
        "Lines": "2",
        "Lat": 52.3108,
        "Brigade": "7"
      },
      {
        "Lon": 20.9597,
        "Time": "2017-05-14 00:06:25",
        "Lines": "2",
        "Lat": 52.3108,
        "Brigade": "7"
      },
      {
        "Lon": 20.9598,
        "Time": "2017-05-14 00:06:40",
        "Lines": "2",
        "Lat": 52.3108,
        "Brigade": "7"
      },
      {
        "Lon": 20.9611,
        "Time": "2017-05-14 00:06:52",
        "Lines": "2",
        "Lat": 52.3113,
        "Brigade": "7"
      },
      {
        "Lon": 20.9611,
        "Time": "2017-05-14 00:06:52",
        "Lines": "2",
        "Lat": 52.3113,
        "Brigade": "7"
      },
      {
        "Lon": 20.9629,
        "Time": "2017-05-14 00:07:00",
        "Lines": "2",
        "Lat": 52.312,
        "Brigade": "7"
      },
      {
        "Lon": 20.9647,
        "Time": "2017-05-14 00:07:10",
        "Lines": "2",
        "Lat": 52.3127,
        "Brigade": "7"
      },
      {
        "Lon": 20.966,
        "Time": "2017-05-14 00:07:25",
        "Lines": "2",
        "Lat": 52.3132,
        "Brigade": "7"
      },
      {
        "Lon": 20.966,
        "Time": "2017-05-14 00:07:35",
        "Lines": "2",
        "Lat": 52.3133,
        "Brigade": "7"
      },
      {
        "Lon": 20.9666,
        "Time": "2017-05-14 00:07:47",
        "Lines": "2",
        "Lat": 52.3135,
        "Brigade": "7"
      },
      {
        "Lon": 20.9677,
        "Time": "2017-05-14 00:08:00",
        "Lines": "2",
        "Lat": 52.3142,
        "Brigade": "7"
      },
      {
        "Lon": 20.9676,
        "Time": "2017-05-14 00:08:10",
        "Lines": "2",
        "Lat": 52.315,
        "Brigade": "7"
      },
      {
        "Lon": 20.9662,
        "Time": "2017-05-14 00:08:20",
        "Lines": "2",
        "Lat": 52.316,
        "Brigade": "7"
      },
      {
        "Lon": 20.9662,
        "Time": "2017-05-14 00:08:20",
        "Lines": "2",
        "Lat": 52.316,
        "Brigade": "7"
      },
      {
        "Lon": 20.9647,
        "Time": "2017-05-14 00:08:30",
        "Lines": "2",
        "Lat": 52.317,
        "Brigade": "7"
      },
      {
        "Lon": 20.9639,
        "Time": "2017-05-14 00:08:40",
        "Lines": "2",
        "Lat": 52.3176,
        "Brigade": "7"
      },
      {
        "Lon": 20.962,
        "Time": "2017-05-14 00:08:55",
        "Lines": "2",
        "Lat": 52.3174,
        "Brigade": "7"
      },
      {
        "Lon": 20.9614,
        "Time": "2017-05-14 00:09:07",
        "Lines": "2",
        "Lat": 52.3172,
        "Brigade": "7"
      },
      {
        "Lon": 20.9614,
        "Time": "2017-05-14 00:09:15",
        "Lines": "2",
        "Lat": 52.3172,
        "Brigade": "7"
      },
      {
        "Lon": 20.9611,
        "Time": "2017-05-14 00:09:30",
        "Lines": "2",
        "Lat": 52.3171,
        "Brigade": "7"
      },
      {
        "Lon": 20.9595,
        "Time": "2017-05-14 00:09:40",
        "Lines": "2",
        "Lat": 52.3166,
        "Brigade": "7"
      },
      {
        "Lon": 20.9588,
        "Time": "2017-05-14 00:09:50",
        "Lines": "2",
        "Lat": 52.3165,
        "Brigade": "7"
      },
      {
        "Lon": 20.9588,
        "Time": "2017-05-14 00:09:50",
        "Lines": "2",
        "Lat": 52.3165,
        "Brigade": "7"
      },
      {
        "Lon": 20.9551,
        "Time": "2017-05-14 00:10:00",
        "Lines": "2",
        "Lat": 52.3174,
        "Brigade": "7"
      },
      {
        "Lon": 20.9535,
        "Time": "2017-05-14 00:10:10",
        "Lines": "2",
        "Lat": 52.3182,
        "Brigade": "7"
      },
      {
        "Lon": 20.9531,
        "Time": "2017-05-14 00:10:25",
        "Lines": "2",
        "Lat": 52.3184,
        "Brigade": "7"
      },
      {
        "Lon": 20.953,
        "Time": "2017-05-14 00:10:35",
        "Lines": "2",
        "Lat": 52.3184,
        "Brigade": "7"
      },
      {
        "Lon": 20.9524,
        "Time": "2017-05-14 00:10:45",
        "Lines": "2",
        "Lat": 52.3187,
        "Brigade": "7"
      },
      {
        "Lon": 20.9503,
        "Time": "2017-05-14 00:10:55",
        "Lines": "2",
        "Lat": 52.3197,
        "Brigade": "7"
      },
      {
        "Lon": 20.9484,
        "Time": "2017-05-14 00:11:05",
        "Lines": "2",
        "Lat": 52.3207,
        "Brigade": "7"
      },
      {
        "Lon": 20.9457,
        "Time": "2017-05-14 00:11:20",
        "Lines": "2",
        "Lat": 52.322,
        "Brigade": "7"
      },
      {
        "Lon": 20.945,
        "Time": "2017-05-14 00:11:30",
        "Lines": "2",
        "Lat": 52.3223,
        "Brigade": "7"
      },
      {
        "Lon": 20.945,
        "Time": "2017-05-14 00:11:40",
        "Lines": "2",
        "Lat": 52.3223,
        "Brigade": "7"
      },
      {
        "Lon": 20.945,
        "Time": "2017-05-14 00:11:40",
        "Lines": "2",
        "Lat": 52.3223,
        "Brigade": "7"
      },
      {
        "Lon": 20.9445,
        "Time": "2017-05-14 00:11:53",
        "Lines": "2",
        "Lat": 52.3226,
        "Brigade": "7"
      },
      {
        "Lon": 20.9434,
        "Time": "2017-05-14 00:12:05",
        "Lines": "2",
        "Lat": 52.3231,
        "Brigade": "7"
      },
      {
        "Lon": 20.9425,
        "Time": "2017-05-14 00:12:15",
        "Lines": "2",
        "Lat": 52.3236,
        "Brigade": "7"
      },
      {
        "Lon": 20.9414,
        "Time": "2017-05-14 00:12:25",
        "Lines": "2",
        "Lat": 52.3247,
        "Brigade": "7"
      },
      {
        "Lon": 20.9409,
        "Time": "2017-05-14 00:12:35",
        "Lines": "2",
        "Lat": 52.3261,
        "Brigade": "7"
      },
      {
        "Lon": 20.9409,
        "Time": "2017-05-14 00:12:45",
        "Lines": "2",
        "Lat": 52.3269,
        "Brigade": "7"
      },
      {
        "Lon": 20.9409,
        "Time": "2017-05-14 00:13:00",
        "Lines": "2",
        "Lat": 52.327,
        "Brigade": "7"
      },
      {
        "Lon": 20.941,
        "Time": "2017-05-14 00:13:10",
        "Lines": "2",
        "Lat": 52.3273,
        "Brigade": "7"
      },
      {
        "Lon": 20.9412,
        "Time": "2017-05-14 00:13:20",
        "Lines": "2",
        "Lat": 52.3285,
        "Brigade": "7"
      },
      {
        "Lon": 20.9412,
        "Time": "2017-05-14 00:13:20",
        "Lines": "2",
        "Lat": 52.3285,
        "Brigade": "7"
      },
      {
        "Lon": 20.9414,
        "Time": "2017-05-14 00:13:30",
        "Lines": "2",
        "Lat": 52.33,
        "Brigade": "7"
      },
      {
        "Lon": 20.9416,
        "Time": "2017-05-14 00:13:42",
        "Lines": "2",
        "Lat": 52.3313,
        "Brigade": "7"
      },
      {
        "Lon": 20.9417,
        "Time": "2017-05-14 00:13:56",
        "Lines": "2",
        "Lat": 52.3318,
        "Brigade": "7"
      },
      {
        "Lon": 20.9417,
        "Time": "2017-05-14 00:14:05",
        "Lines": "2",
        "Lat": 52.3318,
        "Brigade": "7"
      },
      {
        "Lon": 20.9417,
        "Time": "2017-05-14 00:14:16",
        "Lines": "2",
        "Lat": 52.3319,
        "Brigade": "7"
      },
      {
        "Lon": 20.9418,
        "Time": "2017-05-14 00:14:30",
        "Lines": "2",
        "Lat": 52.3327,
        "Brigade": "7"
      },
      {
        "Lon": 20.9419,
        "Time": "2017-05-14 00:14:40",
        "Lines": "2",
        "Lat": 52.3332,
        "Brigade": "7"
      },
      {
        "Lon": 20.9419,
        "Time": "2017-05-14 00:14:40",
        "Lines": "2",
        "Lat": 52.3332,
        "Brigade": "7"
      },
      {
        "Lon": 20.9419,
        "Time": "2017-05-14 00:14:50",
        "Lines": "2",
        "Lat": 52.3336,
        "Brigade": "7"
      },
      {
        "Lon": 20.9419,
        "Time": "2017-05-14 00:15:00",
        "Lines": "2",
        "Lat": 52.3339,
        "Brigade": "7"
      },
      {
        "Lon": 20.9419,
        "Time": "2017-05-14 00:15:10",
        "Lines": "2",
        "Lat": 52.3341,
        "Brigade": "7"
      },
      {
        "Lon": 20.9419,
        "Time": "2017-05-14 00:15:25",
        "Lines": "2",
        "Lat": 52.3341,
        "Brigade": "7"
      },
      {
        "Lon": 20.9419,
        "Time": "2017-05-14 00:15:36",
        "Lines": "2",
        "Lat": 52.3341,
        "Brigade": "7"
      },
      {
        "Lon": 20.9419,
        "Time": "2017-05-14 00:15:45",
        "Lines": "2",
        "Lat": 52.3341,
        "Brigade": "7"
      },
      {
        "Lon": 20.9419,
        "Time": "2017-05-14 00:15:55",
        "Lines": "2",
        "Lat": 52.3341,
        "Brigade": "7"
      },
      {
        "Lon": 20.9419,
        "Time": "2017-05-14 00:16:10",
        "Lines": "2",
        "Lat": 52.3341,
        "Brigade": "7"
      },
      {
        "Lon": 20.9419,
        "Time": "2017-05-14 00:16:20",
        "Lines": "2",
        "Lat": 52.3341,
        "Brigade": "7"
      },
      {
        "Lon": 20.9419,
        "Time": "2017-05-14 00:16:20",
        "Lines": "2",
        "Lat": 52.3341,
        "Brigade": "7"
      },
      {
        "Lon": 20.9419,
        "Time": "2017-05-14 00:16:31",
        "Lines": "2",
        "Lat": 52.3341,
        "Brigade": "7"
      },
      {
        "Lon": 20.9419,
        "Time": "2017-05-14 00:16:40",
        "Lines": "2",
        "Lat": 52.3341,
        "Brigade": "7"
      },
      {
        "Lon": 20.9419,
        "Time": "2017-05-14 00:16:55",
        "Lines": "2",
        "Lat": 52.3341,
        "Brigade": "7"
      },
      {
        "Lon": 20.9419,
        "Time": "2017-05-14 00:17:05",
        "Lines": "2",
        "Lat": 52.334,
        "Brigade": "7"
      },
      {
        "Lon": 20.9419,
        "Time": "2017-05-14 00:17:15",
        "Lines": "2",
        "Lat": 52.3335,
        "Brigade": "7"
      },
      {
        "Lon": 20.9418,
        "Time": "2017-05-14 00:17:30",
        "Lines": "2",
        "Lat": 52.3328,
        "Brigade": "7"
      },
      {
        "Lon": 20.9418,
        "Time": "2017-05-14 00:17:40",
        "Lines": "2",
        "Lat": 52.3326,
        "Brigade": "7"
      },
      {
        "Lon": 20.9418,
        "Time": "2017-05-14 00:17:50",
        "Lines": "2",
        "Lat": 52.3326,
        "Brigade": "7"
      },
      {
        "Lon": 20.9418,
        "Time": "2017-05-14 00:17:50",
        "Lines": "2",
        "Lat": 52.3326,
        "Brigade": "7"
      },
      {
        "Lon": 20.9418,
        "Time": "2017-05-14 00:18:00",
        "Lines": "2",
        "Lat": 52.3326,
        "Brigade": "7"
      },
      {
        "Lon": 20.9418,
        "Time": "2017-05-14 00:18:10",
        "Lines": "2",
        "Lat": 52.3326,
        "Brigade": "7"
      },
      {
        "Lon": 20.9418,
        "Time": "2017-05-14 00:18:20",
        "Lines": "2",
        "Lat": 52.3326,
        "Brigade": "7"
      },
      {
        "Lon": 20.9418,
        "Time": "2017-05-14 00:18:35",
        "Lines": "2",
        "Lat": 52.3326,
        "Brigade": "7"
      },
      {
        "Lon": 20.9418,
        "Time": "2017-05-14 00:18:45",
        "Lines": "2",
        "Lat": 52.3326,
        "Brigade": "7"
      },
      {
        "Lon": 20.9418,
        "Time": "2017-05-14 00:18:55",
        "Lines": "2",
        "Lat": 52.3326,
        "Brigade": "7"
      },
      {
        "Lon": 20.9418,
        "Time": "2017-05-14 00:19:05",
        "Lines": "2",
        "Lat": 52.3326,
        "Brigade": "7"
      },
      {
        "Lon": 20.9418,
        "Time": "2017-05-14 00:19:15",
        "Lines": "2",
        "Lat": 52.3326,
        "Brigade": "7"
      },
      {
        "Lon": 20.9418,
        "Time": "2017-05-14 00:19:30",
        "Lines": "2",
        "Lat": 52.3326,
        "Brigade": "7"
      },
      {
        "Lon": 20.9418,
        "Time": "2017-05-14 00:19:40",
        "Lines": "2",
        "Lat": 52.3326,
        "Brigade": "7"
      },
      {
        "Lon": 20.9418,
        "Time": "2017-05-14 00:19:40",
        "Lines": "2",
        "Lat": 52.3326,
        "Brigade": "7"
      },
      {
        "Lon": 20.9418,
        "Time": "2017-05-14 00:19:50",
        "Lines": "2",
        "Lat": 52.3326,
        "Brigade": "7"
      },
      {
        "Lon": 20.9418,
        "Time": "2017-05-14 00:20:00",
        "Lines": "2",
        "Lat": 52.3326,
        "Brigade": "7"
      },
      {
        "Lon": 20.9418,
        "Time": "2017-05-14 00:20:15",
        "Lines": "2",
        "Lat": 52.3326,
        "Brigade": "7"
      },
      {
        "Lon": 20.9418,
        "Time": "2017-05-14 00:20:25",
        "Lines": "2",
        "Lat": 52.3326,
        "Brigade": "7"
      },
      {
        "Lon": 20.9418,
        "Time": "2017-05-14 00:20:35",
        "Lines": "2",
        "Lat": 52.3326,
        "Brigade": "7"
      },
      {
        "Lon": 20.9418,
        "Time": "2017-05-14 00:20:40",
        "Lines": "2",
        "Lat": 52.3326,
        "Brigade": "7"
      },
      {
        "Lon": 20.9418,
        "Time": "2017-05-14 00:20:55",
        "Lines": "2",
        "Lat": 52.3326,
        "Brigade": "7"
      },
      {
        "Lon": 20.9418,
        "Time": "2017-05-14 00:21:10",
        "Lines": "2",
        "Lat": 52.3326,
        "Brigade": "7"
      },
      {
        "Lon": 20.9418,
        "Time": "2017-05-14 00:21:21",
        "Lines": "2",
        "Lat": 52.3326,
        "Brigade": "7"
      },
      {
        "Lon": 20.9418,
        "Time": "2017-05-14 00:21:30",
        "Lines": "2",
        "Lat": 52.3326,
        "Brigade": "7"
      },
      {
        "Lon": 20.9418,
        "Time": "2017-05-14 00:21:30",
        "Lines": "2",
        "Lat": 52.3326,
        "Brigade": "7"
      },
      {
        "Lon": 20.9418,
        "Time": "2017-05-14 00:21:40",
        "Lines": "2",
        "Lat": 52.3326,
        "Brigade": "7"
      },
      {
        "Lon": 20.9418,
        "Time": "2017-05-14 00:21:55",
        "Lines": "2",
        "Lat": 52.3326,
        "Brigade": "7"
      },
      {
        "Lon": 20.9418,
        "Time": "2017-05-14 00:22:00",
        "Lines": "2",
        "Lat": 52.3326,
        "Brigade": "7"
      },
      {
        "Lon": 20.9418,
        "Time": "2017-05-14 00:22:15",
        "Lines": "2",
        "Lat": 52.3326,
        "Brigade": "7"
      },
      {
        "Lon": 20.9418,
        "Time": "2017-05-14 00:22:25",
        "Lines": "2",
        "Lat": 52.3326,
        "Brigade": "7"
      },
      {
        "Lon": 20.9418,
        "Time": "2017-05-14 00:22:35",
        "Lines": "2",
        "Lat": 52.3326,
        "Brigade": "7"
      },
      {
        "Lon": 20.9418,
        "Time": "2017-05-14 00:22:50",
        "Lines": "2",
        "Lat": 52.3326,
        "Brigade": "7"
      },
      {
        "Lon": 20.9418,
        "Time": "2017-05-14 00:23:00",
        "Lines": "2",
        "Lat": 52.3326,
        "Brigade": "7"
      },
      {
        "Lon": 20.9418,
        "Time": "2017-05-14 00:23:10",
        "Lines": "2",
        "Lat": 52.3326,
        "Brigade": "7"
      },
      {
        "Lon": 20.9418,
        "Time": "2017-05-14 00:23:20",
        "Lines": "2",
        "Lat": 52.3326,
        "Brigade": "7"
      },
      {
        "Lon": 20.9418,
        "Time": "2017-05-14 00:23:20",
        "Lines": "2",
        "Lat": 52.3326,
        "Brigade": "7"
      },
      {
        "Lon": 20.9418,
        "Time": "2017-05-14 00:23:30",
        "Lines": "2",
        "Lat": 52.3326,
        "Brigade": "7"
      },
      {
        "Lon": 20.9418,
        "Time": "2017-05-14 00:23:40",
        "Lines": "2",
        "Lat": 52.3325,
        "Brigade": "7"
      },
      {
        "Lon": 20.9418,
        "Time": "2017-05-14 00:23:55",
        "Lines": "2",
        "Lat": 52.3325,
        "Brigade": "7"
      },
      {
        "Lon": 20.9418,
        "Time": "2017-05-14 00:24:05",
        "Lines": "2",
        "Lat": 52.3325,
        "Brigade": "7"
      },
      {
        "Lon": 20.9418,
        "Time": "2017-05-14 00:24:15",
        "Lines": "2",
        "Lat": 52.3325,
        "Brigade": "7"
      },
      {
        "Lon": 20.9419,
        "Time": "2017-05-14 00:24:26",
        "Lines": "2",
        "Lat": 52.3325,
        "Brigade": "7"
      },
      {
        "Lon": 20.9419,
        "Time": "2017-05-14 00:24:35",
        "Lines": "2",
        "Lat": 52.3325,
        "Brigade": "7"
      },
      {
        "Lon": 20.9419,
        "Time": "2017-05-14 00:24:45",
        "Lines": "2",
        "Lat": 52.3325,
        "Brigade": "7"
      },
      {
        "Lon": 20.9419,
        "Time": "2017-05-14 00:25:00",
        "Lines": "2",
        "Lat": 52.3325,
        "Brigade": "7"
      },
      {
        "Lon": 20.9419,
        "Time": "2017-05-14 00:25:10",
        "Lines": "2",
        "Lat": 52.3325,
        "Brigade": "7"
      },
      {
        "Lon": 20.9419,
        "Time": "2017-05-14 00:25:10",
        "Lines": "2",
        "Lat": 52.3325,
        "Brigade": "7"
      },
      {
        "Lon": 20.9419,
        "Time": "2017-05-14 00:25:20",
        "Lines": "2",
        "Lat": 52.3325,
        "Brigade": "7"
      },
      {
        "Lon": 20.9419,
        "Time": "2017-05-14 00:25:30",
        "Lines": "2",
        "Lat": 52.3325,
        "Brigade": "7"
      },
      {
        "Lon": 20.9419,
        "Time": "2017-05-14 00:25:45",
        "Lines": "2",
        "Lat": 52.3325,
        "Brigade": "7"
      },
      {
        "Lon": 20.9419,
        "Time": "2017-05-14 00:25:55",
        "Lines": "2",
        "Lat": 52.3325,
        "Brigade": "7"
      },
      {
        "Lon": 20.9419,
        "Time": "2017-05-14 00:26:05",
        "Lines": "2",
        "Lat": 52.3325,
        "Brigade": "7"
      },
      {
        "Lon": 20.9419,
        "Time": "2017-05-14 00:26:15",
        "Lines": "2",
        "Lat": 52.3325,
        "Brigade": "7"
      },
      {
        "Lon": 20.9419,
        "Time": "2017-05-14 00:26:25",
        "Lines": "2",
        "Lat": 52.3325,
        "Brigade": "7"
      },
      {
        "Lon": 20.9418,
        "Time": "2017-05-14 00:26:40",
        "Lines": "2",
        "Lat": 52.3325,
        "Brigade": "7"
      },
      {
        "Lon": 20.9418,
        "Time": "2017-05-14 00:26:50",
        "Lines": "2",
        "Lat": 52.3326,
        "Brigade": "7"
      },
      {
        "Lon": 20.9418,
        "Time": "2017-05-14 00:27:00",
        "Lines": "2",
        "Lat": 52.3326,
        "Brigade": "7"
      },
      {
        "Lon": 20.9418,
        "Time": "2017-05-14 00:27:00",
        "Lines": "2",
        "Lat": 52.3326,
        "Brigade": "7"
      },
      {
        "Lon": 20.9418,
        "Time": "2017-05-14 00:27:10",
        "Lines": "2",
        "Lat": 52.3326,
        "Brigade": "7"
      },
      {
        "Lon": 20.9418,
        "Time": "2017-05-14 00:27:20",
        "Lines": "2",
        "Lat": 52.3326,
        "Brigade": "7"
      },
      {
        "Lon": 20.9416,
        "Time": "2017-05-14 00:27:35",
        "Lines": "2",
        "Lat": 52.3316,
        "Brigade": "7"
      },
      {
        "Lon": 20.9415,
        "Time": "2017-05-14 00:27:45",
        "Lines": "2",
        "Lat": 52.3305,
        "Brigade": "7"
      },
      {
        "Lon": 20.9412,
        "Time": "2017-05-14 00:27:55",
        "Lines": "2",
        "Lat": 52.3286,
        "Brigade": "7"
      },
      {
        "Lon": 20.941,
        "Time": "2017-05-14 00:28:05",
        "Lines": "2",
        "Lat": 52.3277,
        "Brigade": "7"
      },
      {
        "Lon": 20.941,
        "Time": "2017-05-14 00:28:15",
        "Lines": "2",
        "Lat": 52.3276,
        "Brigade": "7"
      },
      {
        "Lon": 20.9409,
        "Time": "2017-05-14 00:28:25",
        "Lines": "2",
        "Lat": 52.3267,
        "Brigade": "7"
      },
      {
        "Lon": 20.9414,
        "Time": "2017-05-14 00:28:40",
        "Lines": "2",
        "Lat": 52.3246,
        "Brigade": "7"
      },
      {
        "Lon": 20.9427,
        "Time": "2017-05-14 00:28:50",
        "Lines": "2",
        "Lat": 52.3234,
        "Brigade": "7"
      },
      {
        "Lon": 20.9427,
        "Time": "2017-05-14 00:28:50",
        "Lines": "2",
        "Lat": 52.3234,
        "Brigade": "7"
      },
      {
        "Lon": 20.9439,
        "Time": "2017-05-14 00:29:00",
        "Lines": "2",
        "Lat": 52.3228,
        "Brigade": "7"
      },
      {
        "Lon": 20.944,
        "Time": "2017-05-14 00:29:10",
        "Lines": "2",
        "Lat": 52.3228,
        "Brigade": "7"
      },
      {
        "Lon": 20.9444,
        "Time": "2017-05-14 00:29:25",
        "Lines": "2",
        "Lat": 52.3226,
        "Brigade": "7"
      },
      {
        "Lon": 20.946,
        "Time": "2017-05-14 00:29:35",
        "Lines": "2",
        "Lat": 52.3218,
        "Brigade": "7"
      },
      {
        "Lon": 20.9474,
        "Time": "2017-05-14 00:29:45",
        "Lines": "2",
        "Lat": 52.3211,
        "Brigade": "7"
      },
      {
        "Lon": 20.9498,
        "Time": "2017-05-14 00:29:55",
        "Lines": "2",
        "Lat": 52.3199,
        "Brigade": "7"
      },
      {
        "Lon": 20.9507,
        "Time": "2017-05-14 00:30:00",
        "Lines": "2",
        "Lat": 52.3195,
        "Brigade": "7"
      },
      {
        "Lon": 20.9507,
        "Time": "2017-05-14 00:30:00",
        "Lines": "2",
        "Lat": 52.3195,
        "Brigade": "7"
      },
      {
        "Lon": 20.9507,
        "Time": "2017-05-14 00:30:00",
        "Lines": "2",
        "Lat": 52.3195,
        "Brigade": "7"
      },
      {
        "Lon": 20.9507,
        "Time": "2017-05-14 00:30:00",
        "Lines": "2",
        "Lat": 52.3195,
        "Brigade": "7"
      },
      {
        "Lon": 20.9507,
        "Time": "2017-05-14 00:30:00",
        "Lines": "2",
        "Lat": 52.3195,
        "Brigade": "7"
      },
      {
        "Lon": 20.9507,
        "Time": "2017-05-14 00:30:00",
        "Lines": "2",
        "Lat": 52.3195,
        "Brigade": "7"
      },
      {
        "Lon": 20.9507,
        "Time": "2017-05-14 00:30:00",
        "Lines": "2",
        "Lat": 52.3195,
        "Brigade": "7"
      },
      {
        "Lon": 20.9598,
        "Time": "2017-05-14 00:31:15",
        "Lines": "2",
        "Lat": 52.3166,
        "Brigade": "7"
      },
      {
        "Lon": 20.9604,
        "Time": "2017-05-14 00:31:25",
        "Lines": "2",
        "Lat": 52.3167,
        "Brigade": "7"
      },
      {
        "Lon": 20.9608,
        "Time": "2017-05-14 00:31:34",
        "Lines": "2",
        "Lat": 52.3169,
        "Brigade": "7"
      },
      {
        "Lon": 20.9618,
        "Time": "2017-05-14 00:31:40",
        "Lines": "2",
        "Lat": 52.3172,
        "Brigade": "7"
      },
      {
        "Lon": 20.9645,
        "Time": "2017-05-14 00:32:00",
        "Lines": "2",
        "Lat": 52.3172,
        "Brigade": "7"
      },
      {
        "Lon": 20.9659,
        "Time": "2017-05-14 00:32:10",
        "Lines": "2",
        "Lat": 52.3162,
        "Brigade": "7"
      },
      {
        "Lon": 20.9672,
        "Time": "2017-05-14 00:32:20",
        "Lines": "2",
        "Lat": 52.3153,
        "Brigade": "7"
      },
      {
        "Lon": 20.9672,
        "Time": "2017-05-14 00:32:20",
        "Lines": "2",
        "Lat": 52.3153,
        "Brigade": "7"
      },
      {
        "Lon": 20.9678,
        "Time": "2017-05-14 00:32:30",
        "Lines": "2",
        "Lat": 52.3146,
        "Brigade": "7"
      },
      {
        "Lon": 20.9674,
        "Time": "2017-05-14 00:32:40",
        "Lines": "2",
        "Lat": 52.3139,
        "Brigade": "7"
      },
      {
        "Lon": 20.9656,
        "Time": "2017-05-14 00:32:55",
        "Lines": "2",
        "Lat": 52.3131,
        "Brigade": "7"
      },
      {
        "Lon": 20.9655,
        "Time": "2017-05-14 00:33:05",
        "Lines": "2",
        "Lat": 52.3131,
        "Brigade": "7"
      },
      {
        "Lon": 20.9655,
        "Time": "2017-05-14 00:33:15",
        "Lines": "2",
        "Lat": 52.3131,
        "Brigade": "7"
      },
      {
        "Lon": 20.9655,
        "Time": "2017-05-14 00:33:25",
        "Lines": "2",
        "Lat": 52.3131,
        "Brigade": "7"
      },
      {
        "Lon": 20.9637,
        "Time": "2017-05-14 00:33:40",
        "Lines": "2",
        "Lat": 52.3123,
        "Brigade": "7"
      },
      {
        "Lon": 20.9615,
        "Time": "2017-05-14 00:33:50",
        "Lines": "2",
        "Lat": 52.3115,
        "Brigade": "7"
      },
      {
        "Lon": 20.9596,
        "Time": "2017-05-14 00:34:00",
        "Lines": "2",
        "Lat": 52.3108,
        "Brigade": "7"
      },
      {
        "Lon": 20.9596,
        "Time": "2017-05-14 00:34:00",
        "Lines": "2",
        "Lat": 52.3108,
        "Brigade": "7"
      },
      {
        "Lon": 20.9591,
        "Time": "2017-05-14 00:34:10",
        "Lines": "2",
        "Lat": 52.3106,
        "Brigade": "7"
      },
      {
        "Lon": 20.9591,
        "Time": "2017-05-14 00:34:25",
        "Lines": "2",
        "Lat": 52.3106,
        "Brigade": "7"
      },
      {
        "Lon": 20.9591,
        "Time": "2017-05-14 00:34:35",
        "Lines": "2",
        "Lat": 52.3106,
        "Brigade": "7"
      },
      {
        "Lon": 20.9591,
        "Time": "2017-05-14 00:34:45",
        "Lines": "2",
        "Lat": 52.3106,
        "Brigade": "7"
      },
      {
        "Lon": 20.9592,
        "Time": "2017-05-14 00:34:55",
        "Lines": "2",
        "Lat": 52.3106,
        "Brigade": "7"
      },
      {
        "Lon": 20.9592,
        "Time": "2017-05-14 00:35:05",
        "Lines": "2",
        "Lat": 52.3106,
        "Brigade": "7"
      },
      {
        "Lon": 20.9582,
        "Time": "2017-05-14 00:35:20",
        "Lines": "2",
        "Lat": 52.3102,
        "Brigade": "7"
      },
      {
        "Lon": 20.9565,
        "Time": "2017-05-14 00:35:30",
        "Lines": "2",
        "Lat": 52.3093,
        "Brigade": "7"
      },
      {
        "Lon": 20.9545,
        "Time": "2017-05-14 00:35:40",
        "Lines": "2",
        "Lat": 52.3084,
        "Brigade": "7"
      },
      {
        "Lon": 20.9545,
        "Time": "2017-05-14 00:35:40",
        "Lines": "2",
        "Lat": 52.3084,
        "Brigade": "7"
      },
      {
        "Lon": 20.9526,
        "Time": "2017-05-14 00:35:50",
        "Lines": "2",
        "Lat": 52.3075,
        "Brigade": "7"
      },
      {
        "Lon": 20.9506,
        "Time": "2017-05-14 00:36:00",
        "Lines": "2",
        "Lat": 52.3065,
        "Brigade": "7"
      },
      {
        "Lon": 20.9487,
        "Time": "2017-05-14 00:36:10",
        "Lines": "2",
        "Lat": 52.3056,
        "Brigade": "7"
      },
      {
        "Lon": 20.9458,
        "Time": "2017-05-14 00:36:25",
        "Lines": "2",
        "Lat": 52.3042,
        "Brigade": "7"
      },
      {
        "Lon": 20.9438,
        "Time": "2017-05-14 00:36:35",
        "Lines": "2",
        "Lat": 52.3036,
        "Brigade": "7"
      },
      {
        "Lon": 20.9412,
        "Time": "2017-05-14 00:36:47",
        "Lines": "2",
        "Lat": 52.3024,
        "Brigade": "7"
      },
      {
        "Lon": 20.9399,
        "Time": "2017-05-14 00:36:55",
        "Lines": "2",
        "Lat": 52.3018,
        "Brigade": "7"
      },
      {
        "Lon": 20.9372,
        "Time": "2017-05-14 00:37:10",
        "Lines": "2",
        "Lat": 52.3004,
        "Brigade": "7"
      },
      {
        "Lon": 20.9361,
        "Time": "2017-05-14 00:37:20",
        "Lines": "2",
        "Lat": 52.2998,
        "Brigade": "7"
      },
      {
        "Lon": 20.9352,
        "Time": "2017-05-14 00:37:30",
        "Lines": "2",
        "Lat": 52.2993,
        "Brigade": "7"
      },
      {
        "Lon": 20.9352,
        "Time": "2017-05-14 00:37:30",
        "Lines": "2",
        "Lat": 52.2993,
        "Brigade": "7"
      },
      {
        "Lon": 20.9352,
        "Time": "2017-05-14 00:37:40",
        "Lines": "2",
        "Lat": 52.2993,
        "Brigade": "7"
      },
      {
        "Lon": 20.9348,
        "Time": "2017-05-14 00:37:52",
        "Lines": "2",
        "Lat": 52.2991,
        "Brigade": "7"
      },
      {
        "Lon": 20.9343,
        "Time": "2017-05-14 00:38:00",
        "Lines": "2",
        "Lat": 52.2992,
        "Brigade": "7"
      }
    ]
  }
]
