[
  {
    "res": [
      {
        "Lon": 20.9727,
        "Time": "2017-05-14 00:00:02",
        "Lines": "24",
        "Lat": 52.2356,
        "Brigade": "10"
      },
      {
        "Lon": 20.9727,
        "Time": "2017-05-14 00:00:12",
        "Lines": "24",
        "Lat": 52.2356,
        "Brigade": "10"
      },
      {
        "Lon": 20.9727,
        "Time": "2017-05-14 00:00:27",
        "Lines": "24",
        "Lat": 52.2356,
        "Brigade": "10"
      },
      {
        "Lon": 20.9727,
        "Time": "2017-05-14 00:00:37",
        "Lines": "24",
        "Lat": 52.2356,
        "Brigade": "10"
      },
      {
        "Lon": 20.9727,
        "Time": "2017-05-14 00:00:47",
        "Lines": "24",
        "Lat": 52.2356,
        "Brigade": "10"
      },
      {
        "Lon": 20.9727,
        "Time": "2017-05-14 00:00:57",
        "Lines": "24",
        "Lat": 52.2355,
        "Brigade": "10"
      },
      {
        "Lon": 20.9728,
        "Time": "2017-05-14 00:01:08",
        "Lines": "24",
        "Lat": 52.2354,
        "Brigade": "10"
      },
      {
        "Lon": 20.9711,
        "Time": "2017-05-14 00:01:22",
        "Lines": "24",
        "Lat": 52.2344,
        "Brigade": "10"
      },
      {
        "Lon": 20.9711,
        "Time": "2017-05-14 00:01:22",
        "Lines": "24",
        "Lat": 52.2344,
        "Brigade": "10"
      },
      {
        "Lon": 20.9694,
        "Time": "2017-05-14 00:01:32",
        "Lines": "24",
        "Lat": 52.234,
        "Brigade": "10"
      },
      {
        "Lon": 20.9692,
        "Time": "2017-05-14 00:01:42",
        "Lines": "24",
        "Lat": 52.234,
        "Brigade": "10"
      },
      {
        "Lon": 20.9692,
        "Time": "2017-05-14 00:01:52",
        "Lines": "24",
        "Lat": 52.234,
        "Brigade": "10"
      },
      {
        "Lon": 20.9692,
        "Time": "2017-05-14 00:02:02",
        "Lines": "24",
        "Lat": 52.234,
        "Brigade": "10"
      },
      {
        "Lon": 20.9692,
        "Time": "2017-05-14 00:02:17",
        "Lines": "24",
        "Lat": 52.234,
        "Brigade": "10"
      },
      {
        "Lon": 20.9692,
        "Time": "2017-05-14 00:02:27",
        "Lines": "24",
        "Lat": 52.234,
        "Brigade": "10"
      },
      {
        "Lon": 20.9692,
        "Time": "2017-05-14 00:02:37",
        "Lines": "24",
        "Lat": 52.234,
        "Brigade": "10"
      },
      {
        "Lon": 20.9692,
        "Time": "2017-05-14 00:02:47",
        "Lines": "24",
        "Lat": 52.2339,
        "Brigade": "10"
      },
      {
        "Lon": 20.9692,
        "Time": "2017-05-14 00:02:57",
        "Lines": "24",
        "Lat": 52.2339,
        "Brigade": "10"
      },
      {
        "Lon": 20.9692,
        "Time": "2017-05-14 00:03:07",
        "Lines": "24",
        "Lat": 52.2339,
        "Brigade": "10"
      },
      {
        "Lon": 20.9692,
        "Time": "2017-05-14 00:03:07",
        "Lines": "24",
        "Lat": 52.2339,
        "Brigade": "10"
      },
      {
        "Lon": 20.9692,
        "Time": "2017-05-14 00:03:22",
        "Lines": "24",
        "Lat": 52.2339,
        "Brigade": "10"
      },
      {
        "Lon": 20.9692,
        "Time": "2017-05-14 00:03:32",
        "Lines": "24",
        "Lat": 52.2339,
        "Brigade": "10"
      },
      {
        "Lon": 20.9692,
        "Time": "2017-05-14 00:03:42",
        "Lines": "24",
        "Lat": 52.2339,
        "Brigade": "10"
      },
      {
        "Lon": 20.9692,
        "Time": "2017-05-14 00:03:52",
        "Lines": "24",
        "Lat": 52.2339,
        "Brigade": "10"
      },
      {
        "Lon": 20.969,
        "Time": "2017-05-14 00:04:07",
        "Lines": "24",
        "Lat": 52.2339,
        "Brigade": "10"
      },
      {
        "Lon": 20.9685,
        "Time": "2017-05-14 00:04:17",
        "Lines": "24",
        "Lat": 52.2338,
        "Brigade": "10"
      },
      {
        "Lon": 20.9684,
        "Time": "2017-05-14 00:04:27",
        "Lines": "24",
        "Lat": 52.2332,
        "Brigade": "10"
      },
      {
        "Lon": 20.9687,
        "Time": "2017-05-14 00:04:37",
        "Lines": "24",
        "Lat": 52.2323,
        "Brigade": "10"
      },
      {
        "Lon": 20.9688,
        "Time": "2017-05-14 00:04:49",
        "Lines": "24",
        "Lat": 52.2318,
        "Brigade": "10"
      },
      {
        "Lon": 20.9688,
        "Time": "2017-05-14 00:05:02",
        "Lines": "24",
        "Lat": 52.2316,
        "Brigade": "10"
      },
      {
        "Lon": 20.9688,
        "Time": "2017-05-14 00:05:02",
        "Lines": "24",
        "Lat": 52.2316,
        "Brigade": "10"
      },
      {
        "Lon": 20.9693,
        "Time": "2017-05-14 00:05:12",
        "Lines": "24",
        "Lat": 52.2314,
        "Brigade": "10"
      },
      {
        "Lon": 20.9696,
        "Time": "2017-05-14 00:05:22",
        "Lines": "24",
        "Lat": 52.2314,
        "Brigade": "10"
      },
      {
        "Lon": 20.9696,
        "Time": "2017-05-14 00:05:32",
        "Lines": "24",
        "Lat": 52.2314,
        "Brigade": "10"
      },
      {
        "Lon": 20.9696,
        "Time": "2017-05-14 00:05:42",
        "Lines": "24",
        "Lat": 52.2314,
        "Brigade": "10"
      },
      {
        "Lon": 20.9696,
        "Time": "2017-05-14 00:05:57",
        "Lines": "24",
        "Lat": 52.2314,
        "Brigade": "10"
      },
      {
        "Lon": 20.9698,
        "Time": "2017-05-14 00:06:07",
        "Lines": "24",
        "Lat": 52.2315,
        "Brigade": "10"
      },
      {
        "Lon": 20.9701,
        "Time": "2017-05-14 00:06:17",
        "Lines": "24",
        "Lat": 52.2316,
        "Brigade": "10"
      },
      {
        "Lon": 20.9702,
        "Time": "2017-05-14 00:06:27",
        "Lines": "24",
        "Lat": 52.2316,
        "Brigade": "10"
      },
      {
        "Lon": 20.9702,
        "Time": "2017-05-14 00:06:37",
        "Lines": "24",
        "Lat": 52.2316,
        "Brigade": "10"
      },
      {
        "Lon": 20.9702,
        "Time": "2017-05-14 00:06:47",
        "Lines": "24",
        "Lat": 52.2318,
        "Brigade": "10"
      },
      {
        "Lon": 20.9702,
        "Time": "2017-05-14 00:06:47",
        "Lines": "24",
        "Lat": 52.2318,
        "Brigade": "10"
      },
      {
        "Lon": 20.9702,
        "Time": "2017-05-14 00:07:02",
        "Lines": "24",
        "Lat": 52.2322,
        "Brigade": "10"
      },
      {
        "Lon": 20.9708,
        "Time": "2017-05-14 00:07:12",
        "Lines": "24",
        "Lat": 52.2324,
        "Brigade": "10"
      },
      {
        "Lon": 20.971,
        "Time": "2017-05-14 00:07:22",
        "Lines": "24",
        "Lat": 52.2324,
        "Brigade": "10"
      },
      {
        "Lon": 20.971,
        "Time": "2017-05-14 00:07:37",
        "Lines": "24",
        "Lat": 52.2324,
        "Brigade": "10"
      },
      {
        "Lon": 20.971,
        "Time": "2017-05-14 00:07:47",
        "Lines": "24",
        "Lat": 52.2324,
        "Brigade": "10"
      },
      {
        "Lon": 20.971,
        "Time": "2017-05-14 00:07:57",
        "Lines": "24",
        "Lat": 52.2324,
        "Brigade": "10"
      },
      {
        "Lon": 20.971,
        "Time": "2017-05-14 00:08:07",
        "Lines": "24",
        "Lat": 52.2324,
        "Brigade": "10"
      },
      {
        "Lon": 20.971,
        "Time": "2017-05-14 00:08:17",
        "Lines": "24",
        "Lat": 52.2324,
        "Brigade": "10"
      },
      {
        "Lon": 20.971,
        "Time": "2017-05-14 00:08:17",
        "Lines": "24",
        "Lat": 52.2324,
        "Brigade": "10"
      },
      {
        "Lon": 20.971,
        "Time": "2017-05-14 00:08:32",
        "Lines": "24",
        "Lat": 52.2324,
        "Brigade": "10"
      },
      {
        "Lon": 20.971,
        "Time": "2017-05-14 00:08:42",
        "Lines": "24",
        "Lat": 52.2324,
        "Brigade": "10"
      },
      {
        "Lon": 20.971,
        "Time": "2017-05-14 00:08:52",
        "Lines": "24",
        "Lat": 52.2324,
        "Brigade": "10"
      },
      {
        "Lon": 20.971,
        "Time": "2017-05-14 00:09:07",
        "Lines": "24",
        "Lat": 52.2324,
        "Brigade": "10"
      },
      {
        "Lon": 20.9715,
        "Time": "2017-05-14 00:09:17",
        "Lines": "24",
        "Lat": 52.2325,
        "Brigade": "10"
      },
      {
        "Lon": 20.9719,
        "Time": "2017-05-14 00:09:27",
        "Lines": "24",
        "Lat": 52.2326,
        "Brigade": "10"
      },
      {
        "Lon": 20.972,
        "Time": "2017-05-14 00:09:37",
        "Lines": "24",
        "Lat": 52.2326,
        "Brigade": "10"
      },
      {
        "Lon": 20.9721,
        "Time": "2017-05-14 00:09:52",
        "Lines": "24",
        "Lat": 52.2327,
        "Brigade": "10"
      },
      {
        "Lon": 20.9721,
        "Time": "2017-05-14 00:09:52",
        "Lines": "24",
        "Lat": 52.2327,
        "Brigade": "10"
      },
      {
        "Lon": 20.9721,
        "Time": "2017-05-14 00:09:57",
        "Lines": "24",
        "Lat": 52.2327,
        "Brigade": "10"
      },
      {
        "Lon": 20.9721,
        "Time": "2017-05-14 00:10:12",
        "Lines": "24",
        "Lat": 52.2327,
        "Brigade": "10"
      },
      {
        "Lon": 20.9721,
        "Time": "2017-05-14 00:10:22",
        "Lines": "24",
        "Lat": 52.2327,
        "Brigade": "10"
      },
      {
        "Lon": 20.9721,
        "Time": "2017-05-14 00:10:37",
        "Lines": "24",
        "Lat": 52.2327,
        "Brigade": "10"
      },
      {
        "Lon": 20.9721,
        "Time": "2017-05-14 00:10:47",
        "Lines": "24",
        "Lat": 52.2327,
        "Brigade": "10"
      },
      {
        "Lon": 20.9721,
        "Time": "2017-05-14 00:10:57",
        "Lines": "24",
        "Lat": 52.2327,
        "Brigade": "10"
      },
      {
        "Lon": 20.9723,
        "Time": "2017-05-14 00:11:07",
        "Lines": "24",
        "Lat": 52.2327,
        "Brigade": "10"
      },
      {
        "Lon": 20.9724,
        "Time": "2017-05-14 00:11:20",
        "Lines": "24",
        "Lat": 52.2327,
        "Brigade": "10"
      },
      {
        "Lon": 20.9725,
        "Time": "2017-05-14 00:11:27",
        "Lines": "24",
        "Lat": 52.2327,
        "Brigade": "10"
      },
      {
        "Lon": 20.9726,
        "Time": "2017-05-14 00:11:42",
        "Lines": "24",
        "Lat": 52.2327,
        "Brigade": "10"
      },
      {
        "Lon": 20.9726,
        "Time": "2017-05-14 00:11:42",
        "Lines": "24",
        "Lat": 52.2327,
        "Brigade": "10"
      },
      {
        "Lon": 20.9726,
        "Time": "2017-05-14 00:11:52",
        "Lines": "24",
        "Lat": 52.2327,
        "Brigade": "10"
      },
      {
        "Lon": 20.9726,
        "Time": "2017-05-14 00:12:02",
        "Lines": "24",
        "Lat": 52.2328,
        "Brigade": "10"
      },
      {
        "Lon": 20.9726,
        "Time": "2017-05-14 00:12:12",
        "Lines": "24",
        "Lat": 52.2328,
        "Brigade": "10"
      },
      {
        "Lon": 20.9727,
        "Time": "2017-05-14 00:12:27",
        "Lines": "24",
        "Lat": 52.2328,
        "Brigade": "10"
      },
      {
        "Lon": 20.9726,
        "Time": "2017-05-14 00:12:37",
        "Lines": "24",
        "Lat": 52.2329,
        "Brigade": "10"
      },
      {
        "Lon": 20.9726,
        "Time": "2017-05-14 00:12:48",
        "Lines": "24",
        "Lat": 52.2329,
        "Brigade": "10"
      },
      {
        "Lon": 20.9726,
        "Time": "2017-05-14 00:12:57",
        "Lines": "24",
        "Lat": 52.2329,
        "Brigade": "10"
      },
      {
        "Lon": 20.9726,
        "Time": "2017-05-14 00:13:07",
        "Lines": "24",
        "Lat": 52.2329,
        "Brigade": "10"
      },
      {
        "Lon": 20.9727,
        "Time": "2017-05-14 00:13:22",
        "Lines": "24",
        "Lat": 52.2329,
        "Brigade": "10"
      },
      {
        "Lon": 20.9727,
        "Time": "2017-05-14 00:13:22",
        "Lines": "24",
        "Lat": 52.2329,
        "Brigade": "10"
      },
      {
        "Lon": 20.9731,
        "Time": "2017-05-14 00:13:32",
        "Lines": "24",
        "Lat": 52.2328,
        "Brigade": "10"
      },
      {
        "Lon": 20.9733,
        "Time": "2017-05-14 00:13:42",
        "Lines": "24",
        "Lat": 52.2331,
        "Brigade": "10"
      },
      {
        "Lon": 20.9732,
        "Time": "2017-05-14 00:13:57",
        "Lines": "24",
        "Lat": 52.2334,
        "Brigade": "10"
      },
      {
        "Lon": 20.9732,
        "Time": "2017-05-14 00:14:07",
        "Lines": "24",
        "Lat": 52.2334,
        "Brigade": "10"
      },
      {
        "Lon": 20.9732,
        "Time": "2017-05-14 00:14:17",
        "Lines": "24",
        "Lat": 52.2334,
        "Brigade": "10"
      },
      {
        "Lon": 20.9733,
        "Time": "2017-05-14 00:14:27",
        "Lines": "24",
        "Lat": 52.2334,
        "Brigade": "10"
      },
      {
        "Lon": 20.9733,
        "Time": "2017-05-14 00:14:37",
        "Lines": "24",
        "Lat": 52.2334,
        "Brigade": "10"
      },
      {
        "Lon": 20.9733,
        "Time": "2017-05-14 00:14:37",
        "Lines": "24",
        "Lat": 52.2334,
        "Brigade": "10"
      },
      {
        "Lon": 20.9734,
        "Time": "2017-05-14 00:14:52",
        "Lines": "24",
        "Lat": 52.233,
        "Brigade": "10"
      },
      {
        "Lon": 20.9734,
        "Time": "2017-05-14 00:15:02",
        "Lines": "24",
        "Lat": 52.233,
        "Brigade": "10"
      },
      {
        "Lon": 20.9734,
        "Time": "2017-05-14 00:15:12",
        "Lines": "24",
        "Lat": 52.233,
        "Brigade": "10"
      },
      {
        "Lon": 20.9734,
        "Time": "2017-05-14 00:15:22",
        "Lines": "24",
        "Lat": 52.233,
        "Brigade": "10"
      },
      {
        "Lon": 20.9734,
        "Time": "2017-05-14 00:15:37",
        "Lines": "24",
        "Lat": 52.233,
        "Brigade": "10"
      },
      {
        "Lon": 20.9734,
        "Time": "2017-05-14 00:15:47",
        "Lines": "24",
        "Lat": 52.233,
        "Brigade": "10"
      },
      {
        "Lon": 20.9734,
        "Time": "2017-05-14 00:15:57",
        "Lines": "24",
        "Lat": 52.233,
        "Brigade": "10"
      },
      {
        "Lon": 20.9734,
        "Time": "2017-05-14 00:16:07",
        "Lines": "24",
        "Lat": 52.2329,
        "Brigade": "10"
      },
      {
        "Lon": 20.9734,
        "Time": "2017-05-14 00:16:22",
        "Lines": "24",
        "Lat": 52.2325,
        "Brigade": "10"
      },
      {
        "Lon": 20.9734,
        "Time": "2017-05-14 00:16:22",
        "Lines": "24",
        "Lat": 52.2325,
        "Brigade": "10"
      },
      {
        "Lon": 20.9732,
        "Time": "2017-05-14 00:16:32",
        "Lines": "24",
        "Lat": 52.2324,
        "Brigade": "10"
      },
      {
        "Lon": 20.9731,
        "Time": "2017-05-14 00:16:42",
        "Lines": "24",
        "Lat": 52.2324,
        "Brigade": "10"
      },
      {
        "Lon": 20.9731,
        "Time": "2017-05-14 00:16:52",
        "Lines": "24",
        "Lat": 52.2324,
        "Brigade": "10"
      },
      {
        "Lon": 20.9731,
        "Time": "2017-05-14 00:17:02",
        "Lines": "24",
        "Lat": 52.2324,
        "Brigade": "10"
      },
      {
        "Lon": 20.9731,
        "Time": "2017-05-14 00:17:17",
        "Lines": "24",
        "Lat": 52.2324,
        "Brigade": "10"
      },
      {
        "Lon": 20.9731,
        "Time": "2017-05-14 00:17:27",
        "Lines": "24",
        "Lat": 52.2324,
        "Brigade": "10"
      },
      {
        "Lon": 20.9731,
        "Time": "2017-05-14 00:17:37",
        "Lines": "24",
        "Lat": 52.2324,
        "Brigade": "10"
      },
      {
        "Lon": 20.9731,
        "Time": "2017-05-14 00:17:52",
        "Lines": "24",
        "Lat": 52.2324,
        "Brigade": "10"
      },
      {
        "Lon": 20.9731,
        "Time": "2017-05-14 00:17:52",
        "Lines": "24",
        "Lat": 52.2324,
        "Brigade": "10"
      },
      {
        "Lon": 20.9731,
        "Time": "2017-05-14 00:18:02",
        "Lines": "24",
        "Lat": 52.2324,
        "Brigade": "10"
      }
    ]
  }
]
