[
  {
    "res": [
      {
        "Lon": 20.901,
        "Time": "2017-05-14 00:00:01",
        "Lines": "26",
        "Lat": 52.2387,
        "Brigade": "1"
      },
      {
        "Lon": 20.901,
        "Time": "2017-05-14 00:00:12",
        "Lines": "26",
        "Lat": 52.2387,
        "Brigade": "1"
      },
      {
        "Lon": 20.9013,
        "Time": "2017-05-14 00:00:28",
        "Lines": "26",
        "Lat": 52.2388,
        "Brigade": "1"
      },
      {
        "Lon": 20.9015,
        "Time": "2017-05-14 00:00:38",
        "Lines": "26",
        "Lat": 52.2391,
        "Brigade": "1"
      },
      {
        "Lon": 20.9015,
        "Time": "2017-05-14 00:00:49",
        "Lines": "26",
        "Lat": 52.2391,
        "Brigade": "1"
      },
      {
        "Lon": 20.9015,
        "Time": "2017-05-14 00:00:59",
        "Lines": "26",
        "Lat": 52.2391,
        "Brigade": "1"
      },
      {
        "Lon": 20.9017,
        "Time": "2017-05-14 00:01:10",
        "Lines": "26",
        "Lat": 52.2392,
        "Brigade": "1"
      },
      {
        "Lon": 20.9028,
        "Time": "2017-05-14 00:01:20",
        "Lines": "26",
        "Lat": 52.2392,
        "Brigade": "1"
      },
      {
        "Lon": 20.9028,
        "Time": "2017-05-14 00:01:20",
        "Lines": "26",
        "Lat": 52.2392,
        "Brigade": "1"
      },
      {
        "Lon": 20.9032,
        "Time": "2017-05-14 00:01:31",
        "Lines": "26",
        "Lat": 52.2391,
        "Brigade": "1"
      },
      {
        "Lon": 20.9032,
        "Time": "2017-05-14 00:01:41",
        "Lines": "26",
        "Lat": 52.2391,
        "Brigade": "1"
      },
      {
        "Lon": 20.9032,
        "Time": "2017-05-14 00:01:52",
        "Lines": "26",
        "Lat": 52.2391,
        "Brigade": "1"
      },
      {
        "Lon": 20.9032,
        "Time": "2017-05-14 00:02:02",
        "Lines": "26",
        "Lat": 52.2391,
        "Brigade": "1"
      },
      {
        "Lon": 20.9032,
        "Time": "2017-05-14 00:02:18",
        "Lines": "26",
        "Lat": 52.2391,
        "Brigade": "1"
      },
      {
        "Lon": 20.9036,
        "Time": "2017-05-14 00:02:23",
        "Lines": "26",
        "Lat": 52.2391,
        "Brigade": "1"
      },
      {
        "Lon": 20.9055,
        "Time": "2017-05-14 00:02:39",
        "Lines": "26",
        "Lat": 52.239,
        "Brigade": "1"
      },
      {
        "Lon": 20.9058,
        "Time": "2017-05-14 00:02:49",
        "Lines": "26",
        "Lat": 52.239,
        "Brigade": "1"
      },
      {
        "Lon": 20.9075,
        "Time": "2017-05-14 00:03:00",
        "Lines": "26",
        "Lat": 52.2388,
        "Brigade": "1"
      },
      {
        "Lon": 20.9095,
        "Time": "2017-05-14 00:03:10",
        "Lines": "26",
        "Lat": 52.2389,
        "Brigade": "1"
      },
      {
        "Lon": 20.9095,
        "Time": "2017-05-14 00:03:10",
        "Lines": "26",
        "Lat": 52.2389,
        "Brigade": "1"
      },
      {
        "Lon": 20.911,
        "Time": "2017-05-14 00:03:21",
        "Lines": "26",
        "Lat": 52.2389,
        "Brigade": "1"
      },
      {
        "Lon": 20.9118,
        "Time": "2017-05-14 00:03:31",
        "Lines": "26",
        "Lat": 52.239,
        "Brigade": "1"
      },
      {
        "Lon": 20.9125,
        "Time": "2017-05-14 00:03:42",
        "Lines": "26",
        "Lat": 52.239,
        "Brigade": "1"
      },
      {
        "Lon": 20.9125,
        "Time": "2017-05-14 00:03:52",
        "Lines": "26",
        "Lat": 52.239,
        "Brigade": "1"
      },
      {
        "Lon": 20.9125,
        "Time": "2017-05-14 00:04:03",
        "Lines": "26",
        "Lat": 52.239,
        "Brigade": "1"
      },
      {
        "Lon": 20.9128,
        "Time": "2017-05-14 00:04:18",
        "Lines": "26",
        "Lat": 52.239,
        "Brigade": "1"
      },
      {
        "Lon": 20.9133,
        "Time": "2017-05-14 00:04:29",
        "Lines": "26",
        "Lat": 52.2385,
        "Brigade": "1"
      },
      {
        "Lon": 20.9134,
        "Time": "2017-05-14 00:04:39",
        "Lines": "26",
        "Lat": 52.2382,
        "Brigade": "1"
      },
      {
        "Lon": 20.9134,
        "Time": "2017-05-14 00:04:50",
        "Lines": "26",
        "Lat": 52.2382,
        "Brigade": "1"
      },
      {
        "Lon": 20.9136,
        "Time": "2017-05-14 00:05:00",
        "Lines": "26",
        "Lat": 52.2376,
        "Brigade": "1"
      },
      {
        "Lon": 20.9136,
        "Time": "2017-05-14 00:05:00",
        "Lines": "26",
        "Lat": 52.2376,
        "Brigade": "1"
      },
      {
        "Lon": 20.9138,
        "Time": "2017-05-14 00:05:11",
        "Lines": "26",
        "Lat": 52.2371,
        "Brigade": "1"
      },
      {
        "Lon": 20.9139,
        "Time": "2017-05-14 00:05:21",
        "Lines": "26",
        "Lat": 52.2368,
        "Brigade": "1"
      },
      {
        "Lon": 20.9142,
        "Time": "2017-05-14 00:05:32",
        "Lines": "26",
        "Lat": 52.2358,
        "Brigade": "1"
      },
      {
        "Lon": 20.9144,
        "Time": "2017-05-14 00:05:42",
        "Lines": "26",
        "Lat": 52.2353,
        "Brigade": "1"
      },
      {
        "Lon": 20.9145,
        "Time": "2017-05-14 00:05:53",
        "Lines": "26",
        "Lat": 52.235,
        "Brigade": "1"
      },
      {
        "Lon": 20.9148,
        "Time": "2017-05-14 00:06:08",
        "Lines": "26",
        "Lat": 52.233,
        "Brigade": "1"
      },
      {
        "Lon": 20.9149,
        "Time": "2017-05-14 00:06:19",
        "Lines": "26",
        "Lat": 52.2316,
        "Brigade": "1"
      },
      {
        "Lon": 20.915,
        "Time": "2017-05-14 00:06:29",
        "Lines": "26",
        "Lat": 52.2304,
        "Brigade": "1"
      },
      {
        "Lon": 20.9152,
        "Time": "2017-05-14 00:06:40",
        "Lines": "26",
        "Lat": 52.2295,
        "Brigade": "1"
      },
      {
        "Lon": 20.9152,
        "Time": "2017-05-14 00:06:50",
        "Lines": "26",
        "Lat": 52.2294,
        "Brigade": "1"
      },
      {
        "Lon": 20.9152,
        "Time": "2017-05-14 00:06:50",
        "Lines": "26",
        "Lat": 52.2294,
        "Brigade": "1"
      },
      {
        "Lon": 20.9152,
        "Time": "2017-05-14 00:07:01",
        "Lines": "26",
        "Lat": 52.2294,
        "Brigade": "1"
      },
      {
        "Lon": 20.9152,
        "Time": "2017-05-14 00:07:11",
        "Lines": "26",
        "Lat": 52.2294,
        "Brigade": "1"
      },
      {
        "Lon": 20.9154,
        "Time": "2017-05-14 00:07:22",
        "Lines": "26",
        "Lat": 52.2289,
        "Brigade": "1"
      },
      {
        "Lon": 20.916,
        "Time": "2017-05-14 00:07:38",
        "Lines": "26",
        "Lat": 52.2268,
        "Brigade": "1"
      },
      {
        "Lon": 20.9163,
        "Time": "2017-05-14 00:07:48",
        "Lines": "26",
        "Lat": 52.2256,
        "Brigade": "1"
      },
      {
        "Lon": 20.9164,
        "Time": "2017-05-14 00:07:59",
        "Lines": "26",
        "Lat": 52.2253,
        "Brigade": "1"
      },
      {
        "Lon": 20.9164,
        "Time": "2017-05-14 00:08:09",
        "Lines": "26",
        "Lat": 52.2253,
        "Brigade": "1"
      },
      {
        "Lon": 20.9166,
        "Time": "2017-05-14 00:08:20",
        "Lines": "26",
        "Lat": 52.2246,
        "Brigade": "1"
      },
      {
        "Lon": 20.9166,
        "Time": "2017-05-14 00:08:20",
        "Lines": "26",
        "Lat": 52.2246,
        "Brigade": "1"
      },
      {
        "Lon": 20.917,
        "Time": "2017-05-14 00:08:30",
        "Lines": "26",
        "Lat": 52.2233,
        "Brigade": "1"
      },
      {
        "Lon": 20.9171,
        "Time": "2017-05-14 00:08:41",
        "Lines": "26",
        "Lat": 52.222,
        "Brigade": "1"
      },
      {
        "Lon": 20.9168,
        "Time": "2017-05-14 00:08:51",
        "Lines": "26",
        "Lat": 52.2211,
        "Brigade": "1"
      },
      {
        "Lon": 20.9168,
        "Time": "2017-05-14 00:09:07",
        "Lines": "26",
        "Lat": 52.2209,
        "Brigade": "1"
      },
      {
        "Lon": 20.9173,
        "Time": "2017-05-14 00:09:17",
        "Lines": "26",
        "Lat": 52.2207,
        "Brigade": "1"
      },
      {
        "Lon": 20.9185,
        "Time": "2017-05-14 00:09:28",
        "Lines": "26",
        "Lat": 52.2209,
        "Brigade": "1"
      },
      {
        "Lon": 20.9187,
        "Time": "2017-05-14 00:09:38",
        "Lines": "26",
        "Lat": 52.221,
        "Brigade": "1"
      },
      {
        "Lon": 20.919,
        "Time": "2017-05-14 00:09:45",
        "Lines": "26",
        "Lat": 52.221,
        "Brigade": "1"
      },
      {
        "Lon": 20.919,
        "Time": "2017-05-14 00:09:45",
        "Lines": "26",
        "Lat": 52.221,
        "Brigade": "1"
      },
      {
        "Lon": 20.919,
        "Time": "2017-05-14 00:09:45",
        "Lines": "26",
        "Lat": 52.221,
        "Brigade": "1"
      },
      {
        "Lon": 20.919,
        "Time": "2017-05-14 00:09:45",
        "Lines": "26",
        "Lat": 52.221,
        "Brigade": "1"
      },
      {
        "Lon": 20.9264,
        "Time": "2017-05-14 00:10:25",
        "Lines": "26",
        "Lat": 52.2228,
        "Brigade": "1"
      },
      {
        "Lon": 20.9282,
        "Time": "2017-05-14 00:10:36",
        "Lines": "26",
        "Lat": 52.2232,
        "Brigade": "1"
      },
      {
        "Lon": 20.9294,
        "Time": "2017-05-14 00:10:46",
        "Lines": "26",
        "Lat": 52.2235,
        "Brigade": "1"
      },
      {
        "Lon": 20.9297,
        "Time": "2017-05-14 00:10:57",
        "Lines": "26",
        "Lat": 52.2235,
        "Brigade": "1"
      },
      {
        "Lon": 20.9313,
        "Time": "2017-05-14 00:11:07",
        "Lines": "26",
        "Lat": 52.2239,
        "Brigade": "1"
      },
      {
        "Lon": 20.9331,
        "Time": "2017-05-14 00:11:18",
        "Lines": "26",
        "Lat": 52.2244,
        "Brigade": "1"
      },
      {
        "Lon": 20.9348,
        "Time": "2017-05-14 00:11:28",
        "Lines": "26",
        "Lat": 52.2249,
        "Brigade": "1"
      },
      {
        "Lon": 20.9359,
        "Time": "2017-05-14 00:11:39",
        "Lines": "26",
        "Lat": 52.2252,
        "Brigade": "1"
      },
      {
        "Lon": 20.9359,
        "Time": "2017-05-14 00:11:39",
        "Lines": "26",
        "Lat": 52.2252,
        "Brigade": "1"
      },
      {
        "Lon": 20.9359,
        "Time": "2017-05-14 00:11:49",
        "Lines": "26",
        "Lat": 52.2252,
        "Brigade": "1"
      },
      {
        "Lon": 20.9359,
        "Time": "2017-05-14 00:12:05",
        "Lines": "26",
        "Lat": 52.2252,
        "Brigade": "1"
      },
      {
        "Lon": 20.9359,
        "Time": "2017-05-14 00:12:16",
        "Lines": "26",
        "Lat": 52.2252,
        "Brigade": "1"
      },
      {
        "Lon": 20.9364,
        "Time": "2017-05-14 00:12:26",
        "Lines": "26",
        "Lat": 52.2253,
        "Brigade": "1"
      },
      {
        "Lon": 20.9372,
        "Time": "2017-05-14 00:12:36",
        "Lines": "26",
        "Lat": 52.2256,
        "Brigade": "1"
      },
      {
        "Lon": 20.9378,
        "Time": "2017-05-14 00:12:49",
        "Lines": "26",
        "Lat": 52.2258,
        "Brigade": "1"
      },
      {
        "Lon": 20.9378,
        "Time": "2017-05-14 00:12:49",
        "Lines": "26",
        "Lat": 52.2258,
        "Brigade": "1"
      },
      {
        "Lon": 20.9415,
        "Time": "2017-05-14 00:13:08",
        "Lines": "26",
        "Lat": 52.2265,
        "Brigade": "1"
      },
      {
        "Lon": 20.9422,
        "Time": "2017-05-14 00:13:18",
        "Lines": "26",
        "Lat": 52.2266,
        "Brigade": "1"
      },
      {
        "Lon": 20.9422,
        "Time": "2017-05-14 00:13:18",
        "Lines": "26",
        "Lat": 52.2266,
        "Brigade": "1"
      },
      {
        "Lon": 20.9422,
        "Time": "2017-05-14 00:13:29",
        "Lines": "26",
        "Lat": 52.2266,
        "Brigade": "1"
      },
      {
        "Lon": 20.944,
        "Time": "2017-05-14 00:13:45",
        "Lines": "26",
        "Lat": 52.2267,
        "Brigade": "1"
      },
      {
        "Lon": 20.9455,
        "Time": "2017-05-14 00:13:55",
        "Lines": "26",
        "Lat": 52.2272,
        "Brigade": "1"
      },
      {
        "Lon": 20.9474,
        "Time": "2017-05-14 00:14:06",
        "Lines": "26",
        "Lat": 52.228,
        "Brigade": "1"
      },
      {
        "Lon": 20.9491,
        "Time": "2017-05-14 00:14:16",
        "Lines": "26",
        "Lat": 52.2288,
        "Brigade": "1"
      },
      {
        "Lon": 20.9507,
        "Time": "2017-05-14 00:14:27",
        "Lines": "26",
        "Lat": 52.2294,
        "Brigade": "1"
      },
      {
        "Lon": 20.9517,
        "Time": "2017-05-14 00:14:37",
        "Lines": "26",
        "Lat": 52.2297,
        "Brigade": "1"
      },
      {
        "Lon": 20.9517,
        "Time": "2017-05-14 00:14:37",
        "Lines": "26",
        "Lat": 52.2297,
        "Brigade": "1"
      },
      {
        "Lon": 20.9528,
        "Time": "2017-05-14 00:14:53",
        "Lines": "26",
        "Lat": 52.23,
        "Brigade": "1"
      },
      {
        "Lon": 20.9546,
        "Time": "2017-05-14 00:15:03",
        "Lines": "26",
        "Lat": 52.2306,
        "Brigade": "1"
      },
      {
        "Lon": 20.9557,
        "Time": "2017-05-14 00:15:14",
        "Lines": "26",
        "Lat": 52.2309,
        "Brigade": "1"
      },
      {
        "Lon": 20.9558,
        "Time": "2017-05-14 00:15:24",
        "Lines": "26",
        "Lat": 52.2309,
        "Brigade": "1"
      },
      {
        "Lon": 20.9558,
        "Time": "2017-05-14 00:15:35",
        "Lines": "26",
        "Lat": 52.2309,
        "Brigade": "1"
      },
      {
        "Lon": 20.9558,
        "Time": "2017-05-14 00:15:45",
        "Lines": "26",
        "Lat": 52.2309,
        "Brigade": "1"
      },
      {
        "Lon": 20.9558,
        "Time": "2017-05-14 00:15:56",
        "Lines": "26",
        "Lat": 52.2309,
        "Brigade": "1"
      },
      {
        "Lon": 20.9557,
        "Time": "2017-05-14 00:16:06",
        "Lines": "26",
        "Lat": 52.2309,
        "Brigade": "1"
      },
      {
        "Lon": 20.9574,
        "Time": "2017-05-14 00:16:22",
        "Lines": "26",
        "Lat": 52.2314,
        "Brigade": "1"
      },
      {
        "Lon": 20.9574,
        "Time": "2017-05-14 00:16:22",
        "Lines": "26",
        "Lat": 52.2314,
        "Brigade": "1"
      },
      {
        "Lon": 20.959,
        "Time": "2017-05-14 00:16:32",
        "Lines": "26",
        "Lat": 52.2318,
        "Brigade": "1"
      },
      {
        "Lon": 20.9596,
        "Time": "2017-05-14 00:16:38",
        "Lines": "26",
        "Lat": 52.232,
        "Brigade": "1"
      },
      {
        "Lon": 20.9605,
        "Time": "2017-05-14 00:16:53",
        "Lines": "26",
        "Lat": 52.2323,
        "Brigade": "1"
      },
      {
        "Lon": 20.9606,
        "Time": "2017-05-14 00:17:04",
        "Lines": "26",
        "Lat": 52.2323,
        "Brigade": "1"
      },
      {
        "Lon": 20.9621,
        "Time": "2017-05-14 00:17:14",
        "Lines": "26",
        "Lat": 52.2328,
        "Brigade": "1"
      },
      {
        "Lon": 20.964,
        "Time": "2017-05-14 00:17:25",
        "Lines": "26",
        "Lat": 52.2332,
        "Brigade": "1"
      },
      {
        "Lon": 20.9657,
        "Time": "2017-05-14 00:17:41",
        "Lines": "26",
        "Lat": 52.2334,
        "Brigade": "1"
      },
      {
        "Lon": 20.9669,
        "Time": "2017-05-14 00:17:51",
        "Lines": "26",
        "Lat": 52.2336,
        "Brigade": "1"
      },
      {
        "Lon": 20.9669,
        "Time": "2017-05-14 00:17:51",
        "Lines": "26",
        "Lat": 52.2336,
        "Brigade": "1"
      },
      {
        "Lon": 20.9673,
        "Time": "2017-05-14 00:17:56",
        "Lines": "26",
        "Lat": 52.2337,
        "Brigade": "1"
      },
      {
        "Lon": 20.9673,
        "Time": "2017-05-14 00:18:12",
        "Lines": "26",
        "Lat": 52.2337,
        "Brigade": "1"
      },
      {
        "Lon": 20.9678,
        "Time": "2017-05-14 00:18:23",
        "Lines": "26",
        "Lat": 52.2337,
        "Brigade": "1"
      },
      {
        "Lon": 20.9683,
        "Time": "2017-05-14 00:18:33",
        "Lines": "26",
        "Lat": 52.2334,
        "Brigade": "1"
      },
      {
        "Lon": 20.9686,
        "Time": "2017-05-14 00:18:44",
        "Lines": "26",
        "Lat": 52.2326,
        "Brigade": "1"
      },
      {
        "Lon": 20.9688,
        "Time": "2017-05-14 00:18:54",
        "Lines": "26",
        "Lat": 52.2318,
        "Brigade": "1"
      },
      {
        "Lon": 20.9688,
        "Time": "2017-05-14 00:19:04",
        "Lines": "26",
        "Lat": 52.2317,
        "Brigade": "1"
      },
      {
        "Lon": 20.9692,
        "Time": "2017-05-14 00:19:20",
        "Lines": "26",
        "Lat": 52.2315,
        "Brigade": "1"
      },
      {
        "Lon": 20.9695,
        "Time": "2017-05-14 00:19:31",
        "Lines": "26",
        "Lat": 52.2315,
        "Brigade": "1"
      },
      {
        "Lon": 20.9697,
        "Time": "2017-05-14 00:19:41",
        "Lines": "26",
        "Lat": 52.2315,
        "Brigade": "1"
      },
      {
        "Lon": 20.9697,
        "Time": "2017-05-14 00:19:41",
        "Lines": "26",
        "Lat": 52.2315,
        "Brigade": "1"
      },
      {
        "Lon": 20.9699,
        "Time": "2017-05-14 00:19:52",
        "Lines": "26",
        "Lat": 52.2315,
        "Brigade": "1"
      },
      {
        "Lon": 20.9699,
        "Time": "2017-05-14 00:20:02",
        "Lines": "26",
        "Lat": 52.2315,
        "Brigade": "1"
      },
      {
        "Lon": 20.9699,
        "Time": "2017-05-14 00:20:13",
        "Lines": "26",
        "Lat": 52.2315,
        "Brigade": "1"
      },
      {
        "Lon": 20.9699,
        "Time": "2017-05-14 00:20:23",
        "Lines": "26",
        "Lat": 52.2315,
        "Brigade": "1"
      },
      {
        "Lon": 20.9699,
        "Time": "2017-05-14 00:20:34",
        "Lines": "26",
        "Lat": 52.2315,
        "Brigade": "1"
      },
      {
        "Lon": 20.9699,
        "Time": "2017-05-14 00:20:44",
        "Lines": "26",
        "Lat": 52.2315,
        "Brigade": "1"
      },
      {
        "Lon": 20.9701,
        "Time": "2017-05-14 00:20:55",
        "Lines": "26",
        "Lat": 52.2316,
        "Brigade": "1"
      },
      {
        "Lon": 20.9702,
        "Time": "2017-05-14 00:21:11",
        "Lines": "26",
        "Lat": 52.2321,
        "Brigade": "1"
      },
      {
        "Lon": 20.9703,
        "Time": "2017-05-14 00:21:16",
        "Lines": "26",
        "Lat": 52.2323,
        "Brigade": "1"
      }
    ]
  }
]
