[
  {
    "res": [
      {
        "Lon": 20.9688,
        "Time": "2017-05-14 00:00:15",
        "Lines": "26",
        "Lat": 52.2318,
        "Brigade": "9"
      },
      {
        "Lon": 20.9688,
        "Time": "2017-05-14 00:00:25",
        "Lines": "26",
        "Lat": 52.2318,
        "Brigade": "9"
      },
      {
        "Lon": 20.9688,
        "Time": "2017-05-14 00:00:35",
        "Lines": "26",
        "Lat": 52.2319,
        "Brigade": "9"
      },
      {
        "Lon": 20.9688,
        "Time": "2017-05-14 00:00:50",
        "Lines": "26",
        "Lat": 52.2319,
        "Brigade": "9"
      },
      {
        "Lon": 20.9688,
        "Time": "2017-05-14 00:01:00",
        "Lines": "26",
        "Lat": 52.2319,
        "Brigade": "9"
      },
      {
        "Lon": 20.9688,
        "Time": "2017-05-14 00:01:10",
        "Lines": "26",
        "Lat": 52.2319,
        "Brigade": "9"
      },
      {
        "Lon": 20.9688,
        "Time": "2017-05-14 00:01:20",
        "Lines": "26",
        "Lat": 52.2319,
        "Brigade": "9"
      },
      {
        "Lon": 20.9688,
        "Time": "2017-05-14 00:01:20",
        "Lines": "26",
        "Lat": 52.2319,
        "Brigade": "9"
      }
    ]
  }
]
