[
  {
    "res": [
      {
        "Lon": 21.0018,
        "Time": "2017-05-14 00:00:01",
        "Lines": "33",
        "Lat": 52.196,
        "Brigade": "9"
      },
      {
        "Lon": 21.0018,
        "Time": "2017-05-14 00:00:12",
        "Lines": "33",
        "Lat": 52.1959,
        "Brigade": "9"
      },
      {
        "Lon": 21.0018,
        "Time": "2017-05-14 00:00:22",
        "Lines": "33",
        "Lat": 52.1947,
        "Brigade": "9"
      },
      {
        "Lon": 21.0018,
        "Time": "2017-05-14 00:00:38",
        "Lines": "33",
        "Lat": 52.1928,
        "Brigade": "9"
      },
      {
        "Lon": 21.0018,
        "Time": "2017-05-14 00:00:48",
        "Lines": "33",
        "Lat": 52.1923,
        "Brigade": "9"
      },
      {
        "Lon": 21.0018,
        "Time": "2017-05-14 00:00:58",
        "Lines": "33",
        "Lat": 52.1912,
        "Brigade": "9"
      },
      {
        "Lon": 21.0019,
        "Time": "2017-05-14 00:01:09",
        "Lines": "33",
        "Lat": 52.1903,
        "Brigade": "9"
      },
      {
        "Lon": 21.002,
        "Time": "2017-05-14 00:01:20",
        "Lines": "33",
        "Lat": 52.1894,
        "Brigade": "9"
      },
      {
        "Lon": 21.002,
        "Time": "2017-05-14 00:01:20",
        "Lines": "33",
        "Lat": 52.1894,
        "Brigade": "9"
      },
      {
        "Lon": 21.002,
        "Time": "2017-05-14 00:01:32",
        "Lines": "33",
        "Lat": 52.1893,
        "Brigade": "9"
      },
      {
        "Lon": 21.002,
        "Time": "2017-05-14 00:01:40",
        "Lines": "33",
        "Lat": 52.1893,
        "Brigade": "9"
      },
      {
        "Lon": 21.002,
        "Time": "2017-05-14 00:01:51",
        "Lines": "33",
        "Lat": 52.1893,
        "Brigade": "9"
      },
      {
        "Lon": 21.002,
        "Time": "2017-05-14 00:02:01",
        "Lines": "33",
        "Lat": 52.1893,
        "Brigade": "9"
      },
      {
        "Lon": 21.002,
        "Time": "2017-05-14 00:02:17",
        "Lines": "33",
        "Lat": 52.1893,
        "Brigade": "9"
      },
      {
        "Lon": 21.002,
        "Time": "2017-05-14 00:02:23",
        "Lines": "33",
        "Lat": 52.1893,
        "Brigade": "9"
      },
      {
        "Lon": 21.002,
        "Time": "2017-05-14 00:02:38",
        "Lines": "33",
        "Lat": 52.1893,
        "Brigade": "9"
      },
      {
        "Lon": 21.002,
        "Time": "2017-05-14 00:02:48",
        "Lines": "33",
        "Lat": 52.1893,
        "Brigade": "9"
      },
      {
        "Lon": 21.002,
        "Time": "2017-05-14 00:03:00",
        "Lines": "33",
        "Lat": 52.1893,
        "Brigade": "9"
      },
      {
        "Lon": 21.002,
        "Time": "2017-05-14 00:03:09",
        "Lines": "33",
        "Lat": 52.1892,
        "Brigade": "9"
      },
      {
        "Lon": 21.002,
        "Time": "2017-05-14 00:03:09",
        "Lines": "33",
        "Lat": 52.1892,
        "Brigade": "9"
      },
      {
        "Lon": 21.0023,
        "Time": "2017-05-14 00:03:21",
        "Lines": "33",
        "Lat": 52.1888,
        "Brigade": "9"
      },
      {
        "Lon": 21.0032,
        "Time": "2017-05-14 00:03:30",
        "Lines": "33",
        "Lat": 52.1888,
        "Brigade": "9"
      },
      {
        "Lon": 21.0035,
        "Time": "2017-05-14 00:03:41",
        "Lines": "33",
        "Lat": 52.1888,
        "Brigade": "9"
      },
      {
        "Lon": 21.0035,
        "Time": "2017-05-14 00:03:56",
        "Lines": "33",
        "Lat": 52.1888,
        "Brigade": "9"
      },
      {
        "Lon": 21.0035,
        "Time": "2017-05-14 00:04:02",
        "Lines": "33",
        "Lat": 52.1888,
        "Brigade": "9"
      },
      {
        "Lon": 21.0044,
        "Time": "2017-05-14 00:04:17",
        "Lines": "33",
        "Lat": 52.1886,
        "Brigade": "9"
      },
      {
        "Lon": 21.004,
        "Time": "2017-05-14 00:04:28",
        "Lines": "33",
        "Lat": 52.1883,
        "Brigade": "9"
      },
      {
        "Lon": 21.0036,
        "Time": "2017-05-14 00:04:39",
        "Lines": "33",
        "Lat": 52.1887,
        "Brigade": "9"
      },
      {
        "Lon": 21.0031,
        "Time": "2017-05-14 00:04:49",
        "Lines": "33",
        "Lat": 52.1889,
        "Brigade": "9"
      },
      {
        "Lon": 21.0026,
        "Time": "2017-05-14 00:05:00",
        "Lines": "33",
        "Lat": 52.1888,
        "Brigade": "9"
      },
      {
        "Lon": 21.0026,
        "Time": "2017-05-14 00:05:00",
        "Lines": "33",
        "Lat": 52.1888,
        "Brigade": "9"
      },
      {
        "Lon": 21.0026,
        "Time": "2017-05-14 00:05:10",
        "Lines": "33",
        "Lat": 52.1888,
        "Brigade": "9"
      },
      {
        "Lon": 21.0026,
        "Time": "2017-05-14 00:05:20",
        "Lines": "33",
        "Lat": 52.1888,
        "Brigade": "9"
      }
    ]
  }
]
