[
  {
    "res": [
      {
        "Lon": 20.938,
        "Time": "2017-05-14 00:00:02",
        "Lines": "35",
        "Lat": 52.2751,
        "Brigade": "10"
      },
      {
        "Lon": 20.938,
        "Time": "2017-05-14 00:00:17",
        "Lines": "35",
        "Lat": 52.2751,
        "Brigade": "10"
      },
      {
        "Lon": 20.938,
        "Time": "2017-05-14 00:00:27",
        "Lines": "35",
        "Lat": 52.2751,
        "Brigade": "10"
      },
      {
        "Lon": 20.938,
        "Time": "2017-05-14 00:00:37",
        "Lines": "35",
        "Lat": 52.2751,
        "Brigade": "10"
      },
      {
        "Lon": 20.938,
        "Time": "2017-05-14 00:00:47",
        "Lines": "35",
        "Lat": 52.2751,
        "Brigade": "10"
      },
      {
        "Lon": 20.938,
        "Time": "2017-05-14 00:00:57",
        "Lines": "35",
        "Lat": 52.2751,
        "Brigade": "10"
      },
      {
        "Lon": 20.9384,
        "Time": "2017-05-14 00:01:11",
        "Lines": "35",
        "Lat": 52.2752,
        "Brigade": "10"
      },
      {
        "Lon": 20.9389,
        "Time": "2017-05-14 00:01:22",
        "Lines": "35",
        "Lat": 52.2749,
        "Brigade": "10"
      },
      {
        "Lon": 20.9389,
        "Time": "2017-05-14 00:01:22",
        "Lines": "35",
        "Lat": 52.2749,
        "Brigade": "10"
      },
      {
        "Lon": 20.9396,
        "Time": "2017-05-14 00:01:31",
        "Lines": "35",
        "Lat": 52.2744,
        "Brigade": "10"
      },
      {
        "Lon": 20.9412,
        "Time": "2017-05-14 00:01:42",
        "Lines": "35",
        "Lat": 52.2732,
        "Brigade": "10"
      },
      {
        "Lon": 20.9424,
        "Time": "2017-05-14 00:01:52",
        "Lines": "35",
        "Lat": 52.2726,
        "Brigade": "10"
      },
      {
        "Lon": 20.943,
        "Time": "2017-05-14 00:02:01",
        "Lines": "35",
        "Lat": 52.2723,
        "Brigade": "10"
      },
      {
        "Lon": 20.944,
        "Time": "2017-05-14 00:02:16",
        "Lines": "35",
        "Lat": 52.272,
        "Brigade": "10"
      },
      {
        "Lon": 20.9447,
        "Time": "2017-05-14 00:02:27",
        "Lines": "35",
        "Lat": 52.2718,
        "Brigade": "10"
      },
      {
        "Lon": 20.9453,
        "Time": "2017-05-14 00:02:37",
        "Lines": "35",
        "Lat": 52.2716,
        "Brigade": "10"
      },
      {
        "Lon": 20.946,
        "Time": "2017-05-14 00:02:50",
        "Lines": "35",
        "Lat": 52.2714,
        "Brigade": "10"
      },
      {
        "Lon": 20.9464,
        "Time": "2017-05-14 00:03:00",
        "Lines": "35",
        "Lat": 52.2713,
        "Brigade": "10"
      },
      {
        "Lon": 20.9482,
        "Time": "2017-05-14 00:03:11",
        "Lines": "35",
        "Lat": 52.2708,
        "Brigade": "10"
      },
      {
        "Lon": 20.9482,
        "Time": "2017-05-14 00:03:11",
        "Lines": "35",
        "Lat": 52.2708,
        "Brigade": "10"
      },
      {
        "Lon": 20.9496,
        "Time": "2017-05-14 00:03:21",
        "Lines": "35",
        "Lat": 52.2704,
        "Brigade": "10"
      },
      {
        "Lon": 20.9508,
        "Time": "2017-05-14 00:03:32",
        "Lines": "35",
        "Lat": 52.2701,
        "Brigade": "10"
      },
      {
        "Lon": 20.9528,
        "Time": "2017-05-14 00:03:42",
        "Lines": "35",
        "Lat": 52.2695,
        "Brigade": "10"
      },
      {
        "Lon": 20.9535,
        "Time": "2017-05-14 00:03:53",
        "Lines": "35",
        "Lat": 52.2693,
        "Brigade": "10"
      },
      {
        "Lon": 20.9535,
        "Time": "2017-05-14 00:04:07",
        "Lines": "35",
        "Lat": 52.2693,
        "Brigade": "10"
      },
      {
        "Lon": 20.9545,
        "Time": "2017-05-14 00:04:17",
        "Lines": "35",
        "Lat": 52.269,
        "Brigade": "10"
      },
      {
        "Lon": 20.9566,
        "Time": "2017-05-14 00:04:27",
        "Lines": "35",
        "Lat": 52.2685,
        "Brigade": "10"
      },
      {
        "Lon": 20.9584,
        "Time": "2017-05-14 00:04:37",
        "Lines": "35",
        "Lat": 52.268,
        "Brigade": "10"
      },
      {
        "Lon": 20.9586,
        "Time": "2017-05-14 00:04:52",
        "Lines": "35",
        "Lat": 52.2679,
        "Brigade": "10"
      },
      {
        "Lon": 20.9586,
        "Time": "2017-05-14 00:05:02",
        "Lines": "35",
        "Lat": 52.2679,
        "Brigade": "10"
      },
      {
        "Lon": 20.9586,
        "Time": "2017-05-14 00:05:02",
        "Lines": "35",
        "Lat": 52.2679,
        "Brigade": "10"
      },
      {
        "Lon": 20.9586,
        "Time": "2017-05-14 00:05:12",
        "Lines": "35",
        "Lat": 52.2679,
        "Brigade": "10"
      },
      {
        "Lon": 20.9586,
        "Time": "2017-05-14 00:05:22",
        "Lines": "35",
        "Lat": 52.2679,
        "Brigade": "10"
      },
      {
        "Lon": 20.9586,
        "Time": "2017-05-14 00:05:32",
        "Lines": "35",
        "Lat": 52.2679,
        "Brigade": "10"
      },
      {
        "Lon": 20.9586,
        "Time": "2017-05-14 00:05:42",
        "Lines": "35",
        "Lat": 52.2679,
        "Brigade": "10"
      },
      {
        "Lon": 20.9587,
        "Time": "2017-05-14 00:05:57",
        "Lines": "35",
        "Lat": 52.2679,
        "Brigade": "10"
      },
      {
        "Lon": 20.96,
        "Time": "2017-05-14 00:06:07",
        "Lines": "35",
        "Lat": 52.2675,
        "Brigade": "10"
      },
      {
        "Lon": 20.9615,
        "Time": "2017-05-14 00:06:19",
        "Lines": "35",
        "Lat": 52.2671,
        "Brigade": "10"
      },
      {
        "Lon": 20.9622,
        "Time": "2017-05-14 00:06:28",
        "Lines": "35",
        "Lat": 52.2669,
        "Brigade": "10"
      },
      {
        "Lon": 20.9622,
        "Time": "2017-05-14 00:06:41",
        "Lines": "35",
        "Lat": 52.2669,
        "Brigade": "10"
      },
      {
        "Lon": 20.9629,
        "Time": "2017-05-14 00:06:52",
        "Lines": "35",
        "Lat": 52.2667,
        "Brigade": "10"
      },
      {
        "Lon": 20.9629,
        "Time": "2017-05-14 00:06:52",
        "Lines": "35",
        "Lat": 52.2667,
        "Brigade": "10"
      },
      {
        "Lon": 20.9632,
        "Time": "2017-05-14 00:07:01",
        "Lines": "35",
        "Lat": 52.2666,
        "Brigade": "10"
      },
      {
        "Lon": 20.9632,
        "Time": "2017-05-14 00:07:11",
        "Lines": "35",
        "Lat": 52.2666,
        "Brigade": "10"
      },
      {
        "Lon": 20.9632,
        "Time": "2017-05-14 00:07:26",
        "Lines": "35",
        "Lat": 52.2666,
        "Brigade": "10"
      },
      {
        "Lon": 20.9632,
        "Time": "2017-05-14 00:07:36",
        "Lines": "35",
        "Lat": 52.2667,
        "Brigade": "10"
      },
      {
        "Lon": 20.9634,
        "Time": "2017-05-14 00:07:47",
        "Lines": "35",
        "Lat": 52.2666,
        "Brigade": "10"
      },
      {
        "Lon": 20.9647,
        "Time": "2017-05-14 00:07:57",
        "Lines": "35",
        "Lat": 52.2663,
        "Brigade": "10"
      },
      {
        "Lon": 20.9667,
        "Time": "2017-05-14 00:08:06",
        "Lines": "35",
        "Lat": 52.2657,
        "Brigade": "10"
      },
      {
        "Lon": 20.97,
        "Time": "2017-05-14 00:08:21",
        "Lines": "35",
        "Lat": 52.2648,
        "Brigade": "10"
      },
      {
        "Lon": 20.97,
        "Time": "2017-05-14 00:08:21",
        "Lines": "35",
        "Lat": 52.2648,
        "Brigade": "10"
      },
      {
        "Lon": 20.9713,
        "Time": "2017-05-14 00:08:31",
        "Lines": "35",
        "Lat": 52.2644,
        "Brigade": "10"
      },
      {
        "Lon": 20.9716,
        "Time": "2017-05-14 00:08:42",
        "Lines": "35",
        "Lat": 52.2643,
        "Brigade": "10"
      },
      {
        "Lon": 20.9716,
        "Time": "2017-05-14 00:08:52",
        "Lines": "35",
        "Lat": 52.2643,
        "Brigade": "10"
      },
      {
        "Lon": 20.9716,
        "Time": "2017-05-14 00:09:06",
        "Lines": "35",
        "Lat": 52.2643,
        "Brigade": "10"
      },
      {
        "Lon": 20.9716,
        "Time": "2017-05-14 00:09:17",
        "Lines": "35",
        "Lat": 52.2643,
        "Brigade": "10"
      },
      {
        "Lon": 20.9716,
        "Time": "2017-05-14 00:09:26",
        "Lines": "35",
        "Lat": 52.2643,
        "Brigade": "10"
      },
      {
        "Lon": 20.9716,
        "Time": "2017-05-14 00:09:37",
        "Lines": "35",
        "Lat": 52.2643,
        "Brigade": "10"
      },
      {
        "Lon": 20.9731,
        "Time": "2017-05-14 00:09:51",
        "Lines": "35",
        "Lat": 52.2639,
        "Brigade": "10"
      },
      {
        "Lon": 20.9731,
        "Time": "2017-05-14 00:09:51",
        "Lines": "35",
        "Lat": 52.2639,
        "Brigade": "10"
      },
      {
        "Lon": 20.9753,
        "Time": "2017-05-14 00:10:02",
        "Lines": "35",
        "Lat": 52.2633,
        "Brigade": "10"
      },
      {
        "Lon": 20.9774,
        "Time": "2017-05-14 00:10:11",
        "Lines": "35",
        "Lat": 52.2627,
        "Brigade": "10"
      },
      {
        "Lon": 20.9787,
        "Time": "2017-05-14 00:10:26",
        "Lines": "35",
        "Lat": 52.2624,
        "Brigade": "10"
      },
      {
        "Lon": 20.9789,
        "Time": "2017-05-14 00:10:36",
        "Lines": "35",
        "Lat": 52.2623,
        "Brigade": "10"
      },
      {
        "Lon": 20.9797,
        "Time": "2017-05-14 00:10:47",
        "Lines": "35",
        "Lat": 52.2621,
        "Brigade": "10"
      },
      {
        "Lon": 20.9803,
        "Time": "2017-05-14 00:10:56",
        "Lines": "35",
        "Lat": 52.2617,
        "Brigade": "10"
      },
      {
        "Lon": 20.9807,
        "Time": "2017-05-14 00:11:06",
        "Lines": "35",
        "Lat": 52.2609,
        "Brigade": "10"
      },
      {
        "Lon": 20.981,
        "Time": "2017-05-14 00:11:17",
        "Lines": "35",
        "Lat": 52.2597,
        "Brigade": "10"
      },
      {
        "Lon": 20.9813,
        "Time": "2017-05-14 00:11:26",
        "Lines": "35",
        "Lat": 52.2584,
        "Brigade": "10"
      },
      {
        "Lon": 20.9818,
        "Time": "2017-05-14 00:11:41",
        "Lines": "35",
        "Lat": 52.2565,
        "Brigade": "10"
      },
      {
        "Lon": 20.9818,
        "Time": "2017-05-14 00:11:41",
        "Lines": "35",
        "Lat": 52.2565,
        "Brigade": "10"
      },
      {
        "Lon": 20.9822,
        "Time": "2017-05-14 00:11:51",
        "Lines": "35",
        "Lat": 52.2556,
        "Brigade": "10"
      },
      {
        "Lon": 20.9823,
        "Time": "2017-05-14 00:12:01",
        "Lines": "35",
        "Lat": 52.2553,
        "Brigade": "10"
      },
      {
        "Lon": 20.9822,
        "Time": "2017-05-14 00:12:16",
        "Lines": "35",
        "Lat": 52.2554,
        "Brigade": "10"
      },
      {
        "Lon": 20.9824,
        "Time": "2017-05-14 00:12:26",
        "Lines": "35",
        "Lat": 52.255,
        "Brigade": "10"
      },
      {
        "Lon": 20.9824,
        "Time": "2017-05-14 00:12:36",
        "Lines": "35",
        "Lat": 52.2549,
        "Brigade": "10"
      },
      {
        "Lon": 20.9828,
        "Time": "2017-05-14 00:12:46",
        "Lines": "35",
        "Lat": 52.2543,
        "Brigade": "10"
      },
      {
        "Lon": 20.983,
        "Time": "2017-05-14 00:13:01",
        "Lines": "35",
        "Lat": 52.2542,
        "Brigade": "10"
      },
      {
        "Lon": 20.9834,
        "Time": "2017-05-14 00:13:11",
        "Lines": "35",
        "Lat": 52.2537,
        "Brigade": "10"
      },
      {
        "Lon": 20.9834,
        "Time": "2017-05-14 00:13:21",
        "Lines": "35",
        "Lat": 52.2537,
        "Brigade": "10"
      },
      {
        "Lon": 20.9834,
        "Time": "2017-05-14 00:13:21",
        "Lines": "35",
        "Lat": 52.2537,
        "Brigade": "10"
      },
      {
        "Lon": 20.9834,
        "Time": "2017-05-14 00:13:26",
        "Lines": "35",
        "Lat": 52.2537,
        "Brigade": "10"
      },
      {
        "Lon": 20.9835,
        "Time": "2017-05-14 00:13:41",
        "Lines": "35",
        "Lat": 52.2536,
        "Brigade": "10"
      },
      {
        "Lon": 20.9837,
        "Time": "2017-05-14 00:13:56",
        "Lines": "35",
        "Lat": 52.2533,
        "Brigade": "10"
      },
      {
        "Lon": 20.9843,
        "Time": "2017-05-14 00:14:06",
        "Lines": "35",
        "Lat": 52.2527,
        "Brigade": "10"
      },
      {
        "Lon": 20.9852,
        "Time": "2017-05-14 00:14:16",
        "Lines": "35",
        "Lat": 52.2516,
        "Brigade": "10"
      },
      {
        "Lon": 20.9855,
        "Time": "2017-05-14 00:14:28",
        "Lines": "35",
        "Lat": 52.2512,
        "Brigade": "10"
      },
      {
        "Lon": 20.9855,
        "Time": "2017-05-14 00:14:41",
        "Lines": "35",
        "Lat": 52.2512,
        "Brigade": "10"
      },
      {
        "Lon": 20.9855,
        "Time": "2017-05-14 00:14:41",
        "Lines": "35",
        "Lat": 52.2512,
        "Brigade": "10"
      },
      {
        "Lon": 20.9855,
        "Time": "2017-05-14 00:14:51",
        "Lines": "35",
        "Lat": 52.2512,
        "Brigade": "10"
      },
      {
        "Lon": 20.9855,
        "Time": "2017-05-14 00:15:01",
        "Lines": "35",
        "Lat": 52.2512,
        "Brigade": "10"
      },
      {
        "Lon": 20.9855,
        "Time": "2017-05-14 00:15:11",
        "Lines": "35",
        "Lat": 52.2512,
        "Brigade": "10"
      },
      {
        "Lon": 20.9855,
        "Time": "2017-05-14 00:15:26",
        "Lines": "35",
        "Lat": 52.2512,
        "Brigade": "10"
      },
      {
        "Lon": 20.9855,
        "Time": "2017-05-14 00:15:36",
        "Lines": "35",
        "Lat": 52.2512,
        "Brigade": "10"
      },
      {
        "Lon": 20.9859,
        "Time": "2017-05-14 00:15:46",
        "Lines": "35",
        "Lat": 52.251,
        "Brigade": "10"
      },
      {
        "Lon": 20.9865,
        "Time": "2017-05-14 00:15:58",
        "Lines": "35",
        "Lat": 52.2512,
        "Brigade": "10"
      },
      {
        "Lon": 20.9882,
        "Time": "2017-05-14 00:16:11",
        "Lines": "35",
        "Lat": 52.2518,
        "Brigade": "10"
      },
      {
        "Lon": 20.9895,
        "Time": "2017-05-14 00:16:21",
        "Lines": "35",
        "Lat": 52.2522,
        "Brigade": "10"
      },
      {
        "Lon": 20.9895,
        "Time": "2017-05-14 00:16:21",
        "Lines": "35",
        "Lat": 52.2522,
        "Brigade": "10"
      },
      {
        "Lon": 20.99,
        "Time": "2017-05-14 00:16:26",
        "Lines": "35",
        "Lat": 52.2525,
        "Brigade": "10"
      },
      {
        "Lon": 20.9905,
        "Time": "2017-05-14 00:16:41",
        "Lines": "35",
        "Lat": 52.2528,
        "Brigade": "10"
      },
      {
        "Lon": 20.9909,
        "Time": "2017-05-14 00:16:56",
        "Lines": "35",
        "Lat": 52.253,
        "Brigade": "10"
      },
      {
        "Lon": 20.9918,
        "Time": "2017-05-14 00:17:06",
        "Lines": "35",
        "Lat": 52.2533,
        "Brigade": "10"
      },
      {
        "Lon": 20.9927,
        "Time": "2017-05-14 00:17:16",
        "Lines": "35",
        "Lat": 52.2536,
        "Brigade": "10"
      },
      {
        "Lon": 20.9934,
        "Time": "2017-05-14 00:17:26",
        "Lines": "35",
        "Lat": 52.2539,
        "Brigade": "10"
      },
      {
        "Lon": 20.9944,
        "Time": "2017-05-14 00:17:41",
        "Lines": "35",
        "Lat": 52.2538,
        "Brigade": "10"
      },
      {
        "Lon": 20.9956,
        "Time": "2017-05-14 00:17:51",
        "Lines": "35",
        "Lat": 52.2536,
        "Brigade": "10"
      },
      {
        "Lon": 20.9956,
        "Time": "2017-05-14 00:17:51",
        "Lines": "35",
        "Lat": 52.2536,
        "Brigade": "10"
      },
      {
        "Lon": 20.9968,
        "Time": "2017-05-14 00:18:01",
        "Lines": "35",
        "Lat": 52.2536,
        "Brigade": "10"
      },
      {
        "Lon": 20.9975,
        "Time": "2017-05-14 00:18:12",
        "Lines": "35",
        "Lat": 52.2536,
        "Brigade": "10"
      },
      {
        "Lon": 20.9975,
        "Time": "2017-05-14 00:18:21",
        "Lines": "35",
        "Lat": 52.2536,
        "Brigade": "10"
      },
      {
        "Lon": 20.9975,
        "Time": "2017-05-14 00:18:36",
        "Lines": "35",
        "Lat": 52.2536,
        "Brigade": "10"
      },
      {
        "Lon": 20.9975,
        "Time": "2017-05-14 00:18:46",
        "Lines": "35",
        "Lat": 52.2535,
        "Brigade": "10"
      },
      {
        "Lon": 20.9975,
        "Time": "2017-05-14 00:18:56",
        "Lines": "35",
        "Lat": 52.2535,
        "Brigade": "10"
      },
      {
        "Lon": 20.9976,
        "Time": "2017-05-14 00:19:06",
        "Lines": "35",
        "Lat": 52.2535,
        "Brigade": "10"
      },
      {
        "Lon": 20.9979,
        "Time": "2017-05-14 00:19:16",
        "Lines": "35",
        "Lat": 52.2535,
        "Brigade": "10"
      },
      {
        "Lon": 20.9981,
        "Time": "2017-05-14 00:19:26",
        "Lines": "35",
        "Lat": 52.2531,
        "Brigade": "10"
      },
      {
        "Lon": 20.9985,
        "Time": "2017-05-14 00:19:41",
        "Lines": "35",
        "Lat": 52.2516,
        "Brigade": "10"
      },
      {
        "Lon": 20.9985,
        "Time": "2017-05-14 00:19:41",
        "Lines": "35",
        "Lat": 52.2516,
        "Brigade": "10"
      },
      {
        "Lon": 20.9987,
        "Time": "2017-05-14 00:19:51",
        "Lines": "35",
        "Lat": 52.2504,
        "Brigade": "10"
      },
      {
        "Lon": 20.9989,
        "Time": "2017-05-14 00:20:01",
        "Lines": "35",
        "Lat": 52.2495,
        "Brigade": "10"
      },
      {
        "Lon": 20.999,
        "Time": "2017-05-14 00:20:16",
        "Lines": "35",
        "Lat": 52.2494,
        "Brigade": "10"
      },
      {
        "Lon": 20.999,
        "Time": "2017-05-14 00:20:21",
        "Lines": "35",
        "Lat": 52.2494,
        "Brigade": "10"
      },
      {
        "Lon": 20.9993,
        "Time": "2017-05-14 00:20:36",
        "Lines": "35",
        "Lat": 52.248,
        "Brigade": "10"
      },
      {
        "Lon": 20.9996,
        "Time": "2017-05-14 00:20:46",
        "Lines": "35",
        "Lat": 52.2468,
        "Brigade": "10"
      },
      {
        "Lon": 21.0002,
        "Time": "2017-05-14 00:20:56",
        "Lines": "35",
        "Lat": 52.2457,
        "Brigade": "10"
      },
      {
        "Lon": 21.0007,
        "Time": "2017-05-14 00:21:06",
        "Lines": "35",
        "Lat": 52.2451,
        "Brigade": "10"
      },
      {
        "Lon": 21.0007,
        "Time": "2017-05-14 00:21:16",
        "Lines": "35",
        "Lat": 52.2451,
        "Brigade": "10"
      },
      {
        "Lon": 21.001,
        "Time": "2017-05-14 00:21:31",
        "Lines": "35",
        "Lat": 52.2446,
        "Brigade": "10"
      },
      {
        "Lon": 21.001,
        "Time": "2017-05-14 00:21:31",
        "Lines": "35",
        "Lat": 52.2446,
        "Brigade": "10"
      },
      {
        "Lon": 21.0011,
        "Time": "2017-05-14 00:21:41",
        "Lines": "35",
        "Lat": 52.2446,
        "Brigade": "10"
      },
      {
        "Lon": 21.0011,
        "Time": "2017-05-14 00:21:51",
        "Lines": "35",
        "Lat": 52.2446,
        "Brigade": "10"
      },
      {
        "Lon": 21.0011,
        "Time": "2017-05-14 00:22:01",
        "Lines": "35",
        "Lat": 52.2446,
        "Brigade": "10"
      },
      {
        "Lon": 21.0011,
        "Time": "2017-05-14 00:22:16",
        "Lines": "35",
        "Lat": 52.2446,
        "Brigade": "10"
      },
      {
        "Lon": 21.0012,
        "Time": "2017-05-14 00:22:26",
        "Lines": "35",
        "Lat": 52.2444,
        "Brigade": "10"
      },
      {
        "Lon": 21.0016,
        "Time": "2017-05-14 00:22:36",
        "Lines": "35",
        "Lat": 52.2441,
        "Brigade": "10"
      },
      {
        "Lon": 21.002,
        "Time": "2017-05-14 00:22:46",
        "Lines": "35",
        "Lat": 52.2438,
        "Brigade": "10"
      },
      {
        "Lon": 21.0026,
        "Time": "2017-05-14 00:23:00",
        "Lines": "35",
        "Lat": 52.2433,
        "Brigade": "10"
      },
      {
        "Lon": 21.0026,
        "Time": "2017-05-14 00:23:11",
        "Lines": "35",
        "Lat": 52.2433,
        "Brigade": "10"
      },
      {
        "Lon": 21.0026,
        "Time": "2017-05-14 00:23:21",
        "Lines": "35",
        "Lat": 52.2433,
        "Brigade": "10"
      },
      {
        "Lon": 21.0026,
        "Time": "2017-05-14 00:23:21",
        "Lines": "35",
        "Lat": 52.2433,
        "Brigade": "10"
      },
      {
        "Lon": 21.0027,
        "Time": "2017-05-14 00:23:31",
        "Lines": "35",
        "Lat": 52.2433,
        "Brigade": "10"
      },
      {
        "Lon": 21.0036,
        "Time": "2017-05-14 00:23:41",
        "Lines": "35",
        "Lat": 52.2426,
        "Brigade": "10"
      },
      {
        "Lon": 21.0042,
        "Time": "2017-05-14 00:23:51",
        "Lines": "35",
        "Lat": 52.2419,
        "Brigade": "10"
      },
      {
        "Lon": 21.0049,
        "Time": "2017-05-14 00:24:06",
        "Lines": "35",
        "Lat": 52.2409,
        "Brigade": "10"
      },
      {
        "Lon": 21.005,
        "Time": "2017-05-14 00:24:16",
        "Lines": "35",
        "Lat": 52.2402,
        "Brigade": "10"
      },
      {
        "Lon": 21.0054,
        "Time": "2017-05-14 00:24:26",
        "Lines": "35",
        "Lat": 52.2394,
        "Brigade": "10"
      },
      {
        "Lon": 21.0061,
        "Time": "2017-05-14 00:24:36",
        "Lines": "35",
        "Lat": 52.2388,
        "Brigade": "10"
      },
      {
        "Lon": 21.0065,
        "Time": "2017-05-14 00:24:48",
        "Lines": "35",
        "Lat": 52.2385,
        "Brigade": "10"
      },
      {
        "Lon": 21.0065,
        "Time": "2017-05-14 00:24:56",
        "Lines": "35",
        "Lat": 52.2385,
        "Brigade": "10"
      },
      {
        "Lon": 21.0065,
        "Time": "2017-05-14 00:25:11",
        "Lines": "35",
        "Lat": 52.2385,
        "Brigade": "10"
      },
      {
        "Lon": 21.0065,
        "Time": "2017-05-14 00:25:11",
        "Lines": "35",
        "Lat": 52.2385,
        "Brigade": "10"
      },
      {
        "Lon": 21.0065,
        "Time": "2017-05-14 00:25:21",
        "Lines": "35",
        "Lat": 52.2385,
        "Brigade": "10"
      },
      {
        "Lon": 21.0065,
        "Time": "2017-05-14 00:25:31",
        "Lines": "35",
        "Lat": 52.2385,
        "Brigade": "10"
      },
      {
        "Lon": 21.0065,
        "Time": "2017-05-14 00:25:41",
        "Lines": "35",
        "Lat": 52.2385,
        "Brigade": "10"
      },
      {
        "Lon": 21.0065,
        "Time": "2017-05-14 00:25:56",
        "Lines": "35",
        "Lat": 52.2385,
        "Brigade": "10"
      },
      {
        "Lon": 21.0069,
        "Time": "2017-05-14 00:26:06",
        "Lines": "35",
        "Lat": 52.238,
        "Brigade": "10"
      },
      {
        "Lon": 21.0077,
        "Time": "2017-05-14 00:26:17",
        "Lines": "35",
        "Lat": 52.2367,
        "Brigade": "10"
      },
      {
        "Lon": 21.0083,
        "Time": "2017-05-14 00:26:26",
        "Lines": "35",
        "Lat": 52.2356,
        "Brigade": "10"
      },
      {
        "Lon": 21.0084,
        "Time": "2017-05-14 00:26:36",
        "Lines": "35",
        "Lat": 52.2355,
        "Brigade": "10"
      },
      {
        "Lon": 21.0084,
        "Time": "2017-05-14 00:26:46",
        "Lines": "35",
        "Lat": 52.2355,
        "Brigade": "10"
      },
      {
        "Lon": 21.009,
        "Time": "2017-05-14 00:27:01",
        "Lines": "35",
        "Lat": 52.2345,
        "Brigade": "10"
      },
      {
        "Lon": 21.009,
        "Time": "2017-05-14 00:27:01",
        "Lines": "35",
        "Lat": 52.2345,
        "Brigade": "10"
      },
      {
        "Lon": 21.0098,
        "Time": "2017-05-14 00:27:11",
        "Lines": "35",
        "Lat": 52.2331,
        "Brigade": "10"
      },
      {
        "Lon": 21.0106,
        "Time": "2017-05-14 00:27:21",
        "Lines": "35",
        "Lat": 52.2317,
        "Brigade": "10"
      },
      {
        "Lon": 21.0112,
        "Time": "2017-05-14 00:27:35",
        "Lines": "35",
        "Lat": 52.2308,
        "Brigade": "10"
      },
      {
        "Lon": 21.0116,
        "Time": "2017-05-14 00:27:45",
        "Lines": "35",
        "Lat": 52.2301,
        "Brigade": "10"
      },
      {
        "Lon": 21.0116,
        "Time": "2017-05-14 00:27:55",
        "Lines": "35",
        "Lat": 52.2302,
        "Brigade": "10"
      },
      {
        "Lon": 21.0116,
        "Time": "2017-05-14 00:28:05",
        "Lines": "35",
        "Lat": 52.2302,
        "Brigade": "10"
      },
      {
        "Lon": 21.0115,
        "Time": "2017-05-14 00:28:15",
        "Lines": "35",
        "Lat": 52.2302,
        "Brigade": "10"
      },
      {
        "Lon": 21.0115,
        "Time": "2017-05-14 00:28:25",
        "Lines": "35",
        "Lat": 52.2302,
        "Brigade": "10"
      },
      {
        "Lon": 21.0116,
        "Time": "2017-05-14 00:28:40",
        "Lines": "35",
        "Lat": 52.2302,
        "Brigade": "10"
      },
      {
        "Lon": 21.0119,
        "Time": "2017-05-14 00:28:51",
        "Lines": "35",
        "Lat": 52.2297,
        "Brigade": "10"
      },
      {
        "Lon": 21.0119,
        "Time": "2017-05-14 00:28:51",
        "Lines": "35",
        "Lat": 52.2297,
        "Brigade": "10"
      },
      {
        "Lon": 21.0124,
        "Time": "2017-05-14 00:29:00",
        "Lines": "35",
        "Lat": 52.2288,
        "Brigade": "10"
      },
      {
        "Lon": 21.0128,
        "Time": "2017-05-14 00:29:13",
        "Lines": "35",
        "Lat": 52.2281,
        "Brigade": "10"
      },
      {
        "Lon": 21.0128,
        "Time": "2017-05-14 00:29:25",
        "Lines": "35",
        "Lat": 52.2281,
        "Brigade": "10"
      },
      {
        "Lon": 21.0128,
        "Time": "2017-05-14 00:29:36",
        "Lines": "35",
        "Lat": 52.2281,
        "Brigade": "10"
      },
      {
        "Lon": 21.0129,
        "Time": "2017-05-14 00:29:46",
        "Lines": "35",
        "Lat": 52.228,
        "Brigade": "10"
      },
      {
        "Lon": 21.0133,
        "Time": "2017-05-14 00:29:56",
        "Lines": "35",
        "Lat": 52.2273,
        "Brigade": "10"
      },
      {
        "Lon": 21.0133,
        "Time": "2017-05-14 00:29:56",
        "Lines": "35",
        "Lat": 52.2273,
        "Brigade": "10"
      },
      {
        "Lon": 21.0133,
        "Time": "2017-05-14 00:29:56",
        "Lines": "35",
        "Lat": 52.2273,
        "Brigade": "10"
      },
      {
        "Lon": 21.0133,
        "Time": "2017-05-14 00:29:56",
        "Lines": "35",
        "Lat": 52.2273,
        "Brigade": "10"
      },
      {
        "Lon": 21.0133,
        "Time": "2017-05-14 00:29:56",
        "Lines": "35",
        "Lat": 52.2273,
        "Brigade": "10"
      },
      {
        "Lon": 21.0133,
        "Time": "2017-05-14 00:29:56",
        "Lines": "35",
        "Lat": 52.2273,
        "Brigade": "10"
      },
      {
        "Lon": 21.0133,
        "Time": "2017-05-14 00:29:56",
        "Lines": "35",
        "Lat": 52.2273,
        "Brigade": "10"
      },
      {
        "Lon": 21.0133,
        "Time": "2017-05-14 00:29:56",
        "Lines": "35",
        "Lat": 52.2273,
        "Brigade": "10"
      },
      {
        "Lon": 21.0133,
        "Time": "2017-05-14 00:29:56",
        "Lines": "35",
        "Lat": 52.2273,
        "Brigade": "10"
      },
      {
        "Lon": 21.0157,
        "Time": "2017-05-14 00:31:27",
        "Lines": "35",
        "Lat": 52.2234,
        "Brigade": "10"
      },
      {
        "Lon": 21.0157,
        "Time": "2017-05-14 00:31:37",
        "Lines": "35",
        "Lat": 52.2234,
        "Brigade": "10"
      },
      {
        "Lon": 21.0157,
        "Time": "2017-05-14 00:31:47",
        "Lines": "35",
        "Lat": 52.2234,
        "Brigade": "10"
      },
      {
        "Lon": 21.0157,
        "Time": "2017-05-14 00:31:57",
        "Lines": "35",
        "Lat": 52.2234,
        "Brigade": "10"
      },
      {
        "Lon": 21.0162,
        "Time": "2017-05-14 00:32:07",
        "Lines": "35",
        "Lat": 52.2228,
        "Brigade": "10"
      },
      {
        "Lon": 21.017,
        "Time": "2017-05-14 00:32:22",
        "Lines": "35",
        "Lat": 52.2213,
        "Brigade": "10"
      },
      {
        "Lon": 21.017,
        "Time": "2017-05-14 00:32:22",
        "Lines": "35",
        "Lat": 52.2213,
        "Brigade": "10"
      },
      {
        "Lon": 21.0175,
        "Time": "2017-05-14 00:32:32",
        "Lines": "35",
        "Lat": 52.2206,
        "Brigade": "10"
      },
      {
        "Lon": 21.0175,
        "Time": "2017-05-14 00:32:42",
        "Lines": "35",
        "Lat": 52.2206,
        "Brigade": "10"
      },
      {
        "Lon": 21.0178,
        "Time": "2017-05-14 00:32:52",
        "Lines": "35",
        "Lat": 52.2202,
        "Brigade": "10"
      },
      {
        "Lon": 21.018,
        "Time": "2017-05-14 00:33:07",
        "Lines": "35",
        "Lat": 52.2196,
        "Brigade": "10"
      },
      {
        "Lon": 21.0183,
        "Time": "2017-05-14 00:33:17",
        "Lines": "35",
        "Lat": 52.2192,
        "Brigade": "10"
      },
      {
        "Lon": 21.0188,
        "Time": "2017-05-14 00:33:27",
        "Lines": "35",
        "Lat": 52.2184,
        "Brigade": "10"
      },
      {
        "Lon": 21.0191,
        "Time": "2017-05-14 00:33:37",
        "Lines": "35",
        "Lat": 52.2181,
        "Brigade": "10"
      },
      {
        "Lon": 21.0191,
        "Time": "2017-05-14 00:33:47",
        "Lines": "35",
        "Lat": 52.218,
        "Brigade": "10"
      },
      {
        "Lon": 21.0194,
        "Time": "2017-05-14 00:34:02",
        "Lines": "35",
        "Lat": 52.2174,
        "Brigade": "10"
      },
      {
        "Lon": 21.0194,
        "Time": "2017-05-14 00:34:02",
        "Lines": "35",
        "Lat": 52.2174,
        "Brigade": "10"
      },
      {
        "Lon": 21.0194,
        "Time": "2017-05-14 00:34:12",
        "Lines": "35",
        "Lat": 52.2175,
        "Brigade": "10"
      },
      {
        "Lon": 21.0196,
        "Time": "2017-05-14 00:34:22",
        "Lines": "35",
        "Lat": 52.2172,
        "Brigade": "10"
      },
      {
        "Lon": 21.0198,
        "Time": "2017-05-14 00:34:32",
        "Lines": "35",
        "Lat": 52.2168,
        "Brigade": "10"
      },
      {
        "Lon": 21.0199,
        "Time": "2017-05-14 00:34:42",
        "Lines": "35",
        "Lat": 52.2168,
        "Brigade": "10"
      },
      {
        "Lon": 21.0205,
        "Time": "2017-05-14 00:34:57",
        "Lines": "35",
        "Lat": 52.2157,
        "Brigade": "10"
      },
      {
        "Lon": 21.0211,
        "Time": "2017-05-14 00:35:07",
        "Lines": "35",
        "Lat": 52.2147,
        "Brigade": "10"
      },
      {
        "Lon": 21.0214,
        "Time": "2017-05-14 00:35:19",
        "Lines": "35",
        "Lat": 52.2141,
        "Brigade": "10"
      },
      {
        "Lon": 21.0214,
        "Time": "2017-05-14 00:35:27",
        "Lines": "35",
        "Lat": 52.2141,
        "Brigade": "10"
      },
      {
        "Lon": 21.0214,
        "Time": "2017-05-14 00:35:37",
        "Lines": "35",
        "Lat": 52.2141,
        "Brigade": "10"
      },
      {
        "Lon": 21.0214,
        "Time": "2017-05-14 00:35:37",
        "Lines": "35",
        "Lat": 52.2141,
        "Brigade": "10"
      },
      {
        "Lon": 21.0213,
        "Time": "2017-05-14 00:35:52",
        "Lines": "35",
        "Lat": 52.2141,
        "Brigade": "10"
      },
      {
        "Lon": 21.0213,
        "Time": "2017-05-14 00:36:02",
        "Lines": "35",
        "Lat": 52.2141,
        "Brigade": "10"
      },
      {
        "Lon": 21.0213,
        "Time": "2017-05-14 00:36:12",
        "Lines": "35",
        "Lat": 52.2141,
        "Brigade": "10"
      },
      {
        "Lon": 21.0213,
        "Time": "2017-05-14 00:36:22",
        "Lines": "35",
        "Lat": 52.2141,
        "Brigade": "10"
      },
      {
        "Lon": 21.0213,
        "Time": "2017-05-14 00:36:32",
        "Lines": "35",
        "Lat": 52.214,
        "Brigade": "10"
      },
      {
        "Lon": 21.0212,
        "Time": "2017-05-14 00:36:47",
        "Lines": "35",
        "Lat": 52.2129,
        "Brigade": "10"
      },
      {
        "Lon": 21.0207,
        "Time": "2017-05-14 00:36:57",
        "Lines": "35",
        "Lat": 52.212,
        "Brigade": "10"
      },
      {
        "Lon": 21.0207,
        "Time": "2017-05-14 00:37:08",
        "Lines": "35",
        "Lat": 52.2118,
        "Brigade": "10"
      },
      {
        "Lon": 21.0206,
        "Time": "2017-05-14 00:37:18",
        "Lines": "35",
        "Lat": 52.2118,
        "Brigade": "10"
      },
      {
        "Lon": 21.0206,
        "Time": "2017-05-14 00:37:28",
        "Lines": "35",
        "Lat": 52.2118,
        "Brigade": "10"
      },
      {
        "Lon": 21.0206,
        "Time": "2017-05-14 00:37:28",
        "Lines": "35",
        "Lat": 52.2118,
        "Brigade": "10"
      },
      {
        "Lon": 21.0206,
        "Time": "2017-05-14 00:37:40",
        "Lines": "35",
        "Lat": 52.2118,
        "Brigade": "10"
      },
      {
        "Lon": 21.0206,
        "Time": "2017-05-14 00:37:50",
        "Lines": "35",
        "Lat": 52.2118,
        "Brigade": "10"
      },
      {
        "Lon": 21.0206,
        "Time": "2017-05-14 00:38:00",
        "Lines": "35",
        "Lat": 52.2119,
        "Brigade": "10"
      },
      {
        "Lon": 21.0206,
        "Time": "2017-05-14 00:38:15",
        "Lines": "35",
        "Lat": 52.2119,
        "Brigade": "10"
      },
      {
        "Lon": 21.0206,
        "Time": "2017-05-14 00:38:25",
        "Lines": "35",
        "Lat": 52.2119,
        "Brigade": "10"
      },
      {
        "Lon": 21.0206,
        "Time": "2017-05-14 00:38:35",
        "Lines": "35",
        "Lat": 52.2119,
        "Brigade": "10"
      },
      {
        "Lon": 21.0207,
        "Time": "2017-05-14 00:38:45",
        "Lines": "35",
        "Lat": 52.2108,
        "Brigade": "10"
      },
      {
        "Lon": 21.021,
        "Time": "2017-05-14 00:38:55",
        "Lines": "35",
        "Lat": 52.21,
        "Brigade": "10"
      },
      {
        "Lon": 21.0211,
        "Time": "2017-05-14 00:39:07",
        "Lines": "35",
        "Lat": 52.2099,
        "Brigade": "10"
      },
      {
        "Lon": 21.0211,
        "Time": "2017-05-14 00:39:20",
        "Lines": "35",
        "Lat": 52.21,
        "Brigade": "10"
      },
      {
        "Lon": 21.0211,
        "Time": "2017-05-14 00:39:20",
        "Lines": "35",
        "Lat": 52.21,
        "Brigade": "10"
      },
      {
        "Lon": 21.0211,
        "Time": "2017-05-14 00:39:25",
        "Lines": "35",
        "Lat": 52.21,
        "Brigade": "10"
      },
      {
        "Lon": 21.0214,
        "Time": "2017-05-14 00:39:40",
        "Lines": "35",
        "Lat": 52.2091,
        "Brigade": "10"
      },
      {
        "Lon": 21.0215,
        "Time": "2017-05-14 00:39:50",
        "Lines": "35",
        "Lat": 52.2091,
        "Brigade": "10"
      },
      {
        "Lon": 21.0216,
        "Time": "2017-05-14 00:40:05",
        "Lines": "35",
        "Lat": 52.2088,
        "Brigade": "10"
      },
      {
        "Lon": 21.0221,
        "Time": "2017-05-14 00:40:15",
        "Lines": "35",
        "Lat": 52.2076,
        "Brigade": "10"
      },
      {
        "Lon": 21.0226,
        "Time": "2017-05-14 00:40:25",
        "Lines": "35",
        "Lat": 52.2061,
        "Brigade": "10"
      },
      {
        "Lon": 21.0229,
        "Time": "2017-05-14 00:40:36",
        "Lines": "35",
        "Lat": 52.205,
        "Brigade": "10"
      },
      {
        "Lon": 21.023,
        "Time": "2017-05-14 00:40:46",
        "Lines": "35",
        "Lat": 52.2048,
        "Brigade": "10"
      },
      {
        "Lon": 21.0231,
        "Time": "2017-05-14 00:41:01",
        "Lines": "35",
        "Lat": 52.2045,
        "Brigade": "10"
      },
      {
        "Lon": 21.0233,
        "Time": "2017-05-14 00:41:11",
        "Lines": "35",
        "Lat": 52.2034,
        "Brigade": "10"
      },
      {
        "Lon": 21.0233,
        "Time": "2017-05-14 00:41:11",
        "Lines": "35",
        "Lat": 52.2034,
        "Brigade": "10"
      },
      {
        "Lon": 21.0234,
        "Time": "2017-05-14 00:41:21",
        "Lines": "35",
        "Lat": 52.2024,
        "Brigade": "10"
      },
      {
        "Lon": 21.0235,
        "Time": "2017-05-14 00:41:31",
        "Lines": "35",
        "Lat": 52.2021,
        "Brigade": "10"
      },
      {
        "Lon": 21.0235,
        "Time": "2017-05-14 00:41:41",
        "Lines": "35",
        "Lat": 52.2021,
        "Brigade": "10"
      },
      {
        "Lon": 21.0236,
        "Time": "2017-05-14 00:41:51",
        "Lines": "35",
        "Lat": 52.2016,
        "Brigade": "10"
      },
      {
        "Lon": 21.0238,
        "Time": "2017-05-14 00:42:06",
        "Lines": "35",
        "Lat": 52.2004,
        "Brigade": "10"
      },
      {
        "Lon": 21.0238,
        "Time": "2017-05-14 00:42:16",
        "Lines": "35",
        "Lat": 52.2003,
        "Brigade": "10"
      },
      {
        "Lon": 21.0238,
        "Time": "2017-05-14 00:42:26",
        "Lines": "35",
        "Lat": 52.2002,
        "Brigade": "10"
      },
      {
        "Lon": 21.0239,
        "Time": "2017-05-14 00:42:37",
        "Lines": "35",
        "Lat": 52.1999,
        "Brigade": "10"
      },
      {
        "Lon": 21.0241,
        "Time": "2017-05-14 00:42:51",
        "Lines": "35",
        "Lat": 52.1981,
        "Brigade": "10"
      },
      {
        "Lon": 21.0242,
        "Time": "2017-05-14 00:43:01",
        "Lines": "35",
        "Lat": 52.1968,
        "Brigade": "10"
      },
      {
        "Lon": 21.0242,
        "Time": "2017-05-14 00:43:01",
        "Lines": "35",
        "Lat": 52.1968,
        "Brigade": "10"
      },
      {
        "Lon": 21.0242,
        "Time": "2017-05-14 00:43:11",
        "Lines": "35",
        "Lat": 52.1965,
        "Brigade": "10"
      },
      {
        "Lon": 21.0242,
        "Time": "2017-05-14 00:43:21",
        "Lines": "35",
        "Lat": 52.1965,
        "Brigade": "10"
      },
      {
        "Lon": 21.0242,
        "Time": "2017-05-14 00:43:31",
        "Lines": "35",
        "Lat": 52.1965,
        "Brigade": "10"
      },
      {
        "Lon": 21.0243,
        "Time": "2017-05-14 00:43:46",
        "Lines": "35",
        "Lat": 52.1951,
        "Brigade": "10"
      },
      {
        "Lon": 21.0243,
        "Time": "2017-05-14 00:43:56",
        "Lines": "35",
        "Lat": 52.194,
        "Brigade": "10"
      },
      {
        "Lon": 21.0243,
        "Time": "2017-05-14 00:44:06",
        "Lines": "35",
        "Lat": 52.1939,
        "Brigade": "10"
      },
      {
        "Lon": 21.0243,
        "Time": "2017-05-14 00:44:16",
        "Lines": "35",
        "Lat": 52.1939,
        "Brigade": "10"
      },
      {
        "Lon": 21.0244,
        "Time": "2017-05-14 00:44:31",
        "Lines": "35",
        "Lat": 52.1932,
        "Brigade": "10"
      },
      {
        "Lon": 21.0245,
        "Time": "2017-05-14 00:44:41",
        "Lines": "35",
        "Lat": 52.1913,
        "Brigade": "10"
      },
      {
        "Lon": 21.0245,
        "Time": "2017-05-14 00:44:41",
        "Lines": "35",
        "Lat": 52.1913,
        "Brigade": "10"
      },
      {
        "Lon": 21.0245,
        "Time": "2017-05-14 00:44:51",
        "Lines": "35",
        "Lat": 52.1903,
        "Brigade": "10"
      },
      {
        "Lon": 21.0246,
        "Time": "2017-05-14 00:45:01",
        "Lines": "35",
        "Lat": 52.1901,
        "Brigade": "10"
      },
      {
        "Lon": 21.0246,
        "Time": "2017-05-14 00:45:11",
        "Lines": "35",
        "Lat": 52.1901,
        "Brigade": "10"
      },
      {
        "Lon": 21.0246,
        "Time": "2017-05-14 00:45:21",
        "Lines": "35",
        "Lat": 52.1901,
        "Brigade": "10"
      },
      {
        "Lon": 21.0245,
        "Time": "2017-05-14 00:45:36",
        "Lines": "35",
        "Lat": 52.1901,
        "Brigade": "10"
      },
      {
        "Lon": 21.0245,
        "Time": "2017-05-14 00:45:46",
        "Lines": "35",
        "Lat": 52.1901,
        "Brigade": "10"
      },
      {
        "Lon": 21.0242,
        "Time": "2017-05-14 00:45:56",
        "Lines": "35",
        "Lat": 52.1898,
        "Brigade": "10"
      },
      {
        "Lon": 21.0235,
        "Time": "2017-05-14 00:46:06",
        "Lines": "35",
        "Lat": 52.1898,
        "Brigade": "10"
      },
      {
        "Lon": 21.0231,
        "Time": "2017-05-14 00:46:16",
        "Lines": "35",
        "Lat": 52.1898,
        "Brigade": "10"
      },
      {
        "Lon": 21.0231,
        "Time": "2017-05-14 00:46:26",
        "Lines": "35",
        "Lat": 52.1898,
        "Brigade": "10"
      },
      {
        "Lon": 21.0231,
        "Time": "2017-05-14 00:46:26",
        "Lines": "35",
        "Lat": 52.1898,
        "Brigade": "10"
      },
      {
        "Lon": 21.0218,
        "Time": "2017-05-14 00:46:40",
        "Lines": "35",
        "Lat": 52.1896,
        "Brigade": "10"
      },
      {
        "Lon": 21.0211,
        "Time": "2017-05-14 00:46:50",
        "Lines": "35",
        "Lat": 52.1896,
        "Brigade": "10"
      },
      {
        "Lon": 21.0204,
        "Time": "2017-05-14 00:47:00",
        "Lines": "35",
        "Lat": 52.1895,
        "Brigade": "10"
      },
      {
        "Lon": 21.0199,
        "Time": "2017-05-14 00:47:11",
        "Lines": "35",
        "Lat": 52.1894,
        "Brigade": "10"
      },
      {
        "Lon": 21.0192,
        "Time": "2017-05-14 00:47:25",
        "Lines": "35",
        "Lat": 52.1893,
        "Brigade": "10"
      },
      {
        "Lon": 21.019,
        "Time": "2017-05-14 00:47:35",
        "Lines": "35",
        "Lat": 52.1892,
        "Brigade": "10"
      },
      {
        "Lon": 21.0179,
        "Time": "2017-05-14 00:47:47",
        "Lines": "35",
        "Lat": 52.1891,
        "Brigade": "10"
      },
      {
        "Lon": 21.0179,
        "Time": "2017-05-14 00:47:55",
        "Lines": "35",
        "Lat": 52.1891,
        "Brigade": "10"
      },
      {
        "Lon": 21.0179,
        "Time": "2017-05-14 00:48:10",
        "Lines": "35",
        "Lat": 52.1891,
        "Brigade": "10"
      },
      {
        "Lon": 21.0175,
        "Time": "2017-05-14 00:48:20",
        "Lines": "35",
        "Lat": 52.1891,
        "Brigade": "10"
      },
      {
        "Lon": 21.0175,
        "Time": "2017-05-14 00:48:20",
        "Lines": "35",
        "Lat": 52.1891,
        "Brigade": "10"
      },
      {
        "Lon": 21.0167,
        "Time": "2017-05-14 00:48:25",
        "Lines": "35",
        "Lat": 52.189,
        "Brigade": "10"
      }
    ]
  }
]
