[
  {
    "res": [
      {
        "Lon": 21.0164,
        "Time": "2017-05-14 00:00:04",
        "Lines": "35",
        "Lat": 52.168,
        "Brigade": "6"
      },
      {
        "Lon": 21.0164,
        "Time": "2017-05-14 00:00:14",
        "Lines": "35",
        "Lat": 52.168,
        "Brigade": "6"
      },
      {
        "Lon": 21.0164,
        "Time": "2017-05-14 00:00:24",
        "Lines": "35",
        "Lat": 52.168,
        "Brigade": "6"
      },
      {
        "Lon": 21.0164,
        "Time": "2017-05-14 00:00:34",
        "Lines": "35",
        "Lat": 52.168,
        "Brigade": "6"
      },
      {
        "Lon": 21.0164,
        "Time": "2017-05-14 00:00:49",
        "Lines": "35",
        "Lat": 52.168,
        "Brigade": "6"
      },
      {
        "Lon": 21.0164,
        "Time": "2017-05-14 00:00:59",
        "Lines": "35",
        "Lat": 52.168,
        "Brigade": "6"
      },
      {
        "Lon": 21.016,
        "Time": "2017-05-14 00:01:09",
        "Lines": "35",
        "Lat": 52.168,
        "Brigade": "6"
      },
      {
        "Lon": 21.0156,
        "Time": "2017-05-14 00:01:19",
        "Lines": "35",
        "Lat": 52.1677,
        "Brigade": "6"
      },
      {
        "Lon": 21.0156,
        "Time": "2017-05-14 00:01:19",
        "Lines": "35",
        "Lat": 52.1677,
        "Brigade": "6"
      },
      {
        "Lon": 21.016,
        "Time": "2017-05-14 00:01:29",
        "Lines": "35",
        "Lat": 52.1675,
        "Brigade": "6"
      },
      {
        "Lon": 21.0174,
        "Time": "2017-05-14 00:01:44",
        "Lines": "35",
        "Lat": 52.1683,
        "Brigade": "6"
      },
      {
        "Lon": 21.018,
        "Time": "2017-05-14 00:01:54",
        "Lines": "35",
        "Lat": 52.1691,
        "Brigade": "6"
      },
      {
        "Lon": 21.0181,
        "Time": "2017-05-14 00:02:04",
        "Lines": "35",
        "Lat": 52.1693,
        "Brigade": "6"
      },
      {
        "Lon": 21.019,
        "Time": "2017-05-14 00:02:14",
        "Lines": "35",
        "Lat": 52.1711,
        "Brigade": "6"
      },
      {
        "Lon": 21.0193,
        "Time": "2017-05-14 00:02:24",
        "Lines": "35",
        "Lat": 52.172,
        "Brigade": "6"
      },
      {
        "Lon": 21.0196,
        "Time": "2017-05-14 00:02:39",
        "Lines": "35",
        "Lat": 52.1728,
        "Brigade": "6"
      },
      {
        "Lon": 21.0196,
        "Time": "2017-05-14 00:02:49",
        "Lines": "35",
        "Lat": 52.1728,
        "Brigade": "6"
      },
      {
        "Lon": 21.0196,
        "Time": "2017-05-14 00:02:54",
        "Lines": "35",
        "Lat": 52.1728,
        "Brigade": "6"
      },
      {
        "Lon": 21.0196,
        "Time": "2017-05-14 00:03:09",
        "Lines": "35",
        "Lat": 52.1728,
        "Brigade": "6"
      },
      {
        "Lon": 21.0196,
        "Time": "2017-05-14 00:03:09",
        "Lines": "35",
        "Lat": 52.1728,
        "Brigade": "6"
      },
      {
        "Lon": 21.0196,
        "Time": "2017-05-14 00:03:19",
        "Lines": "35",
        "Lat": 52.1727,
        "Brigade": "6"
      },
      {
        "Lon": 21.0196,
        "Time": "2017-05-14 00:03:34",
        "Lines": "35",
        "Lat": 52.1727,
        "Brigade": "6"
      },
      {
        "Lon": 21.0197,
        "Time": "2017-05-14 00:03:44",
        "Lines": "35",
        "Lat": 52.1731,
        "Brigade": "6"
      },
      {
        "Lon": 21.0201,
        "Time": "2017-05-14 00:03:54",
        "Lines": "35",
        "Lat": 52.1741,
        "Brigade": "6"
      },
      {
        "Lon": 21.0202,
        "Time": "2017-05-14 00:04:04",
        "Lines": "35",
        "Lat": 52.1745,
        "Brigade": "6"
      },
      {
        "Lon": 21.021,
        "Time": "2017-05-14 00:04:19",
        "Lines": "35",
        "Lat": 52.1764,
        "Brigade": "6"
      },
      {
        "Lon": 21.021,
        "Time": "2017-05-14 00:04:29",
        "Lines": "35",
        "Lat": 52.1766,
        "Brigade": "6"
      },
      {
        "Lon": 21.0212,
        "Time": "2017-05-14 00:04:39",
        "Lines": "35",
        "Lat": 52.1771,
        "Brigade": "6"
      },
      {
        "Lon": 21.0214,
        "Time": "2017-05-14 00:04:51",
        "Lines": "35",
        "Lat": 52.1775,
        "Brigade": "6"
      },
      {
        "Lon": 21.0214,
        "Time": "2017-05-14 00:04:54",
        "Lines": "35",
        "Lat": 52.1775,
        "Brigade": "6"
      },
      {
        "Lon": 21.0214,
        "Time": "2017-05-14 00:04:54",
        "Lines": "35",
        "Lat": 52.1775,
        "Brigade": "6"
      },
      {
        "Lon": 21.0215,
        "Time": "2017-05-14 00:05:09",
        "Lines": "35",
        "Lat": 52.1778,
        "Brigade": "6"
      },
      {
        "Lon": 21.0219,
        "Time": "2017-05-14 00:05:24",
        "Lines": "35",
        "Lat": 52.1788,
        "Brigade": "6"
      },
      {
        "Lon": 21.0222,
        "Time": "2017-05-14 00:05:34",
        "Lines": "35",
        "Lat": 52.1797,
        "Brigade": "6"
      },
      {
        "Lon": 21.0224,
        "Time": "2017-05-14 00:05:44",
        "Lines": "35",
        "Lat": 52.1804,
        "Brigade": "6"
      },
      {
        "Lon": 21.0226,
        "Time": "2017-05-14 00:05:54",
        "Lines": "35",
        "Lat": 52.1809,
        "Brigade": "6"
      },
      {
        "Lon": 21.0228,
        "Time": "2017-05-14 00:06:06",
        "Lines": "35",
        "Lat": 52.1813,
        "Brigade": "6"
      },
      {
        "Lon": 21.0228,
        "Time": "2017-05-14 00:06:19",
        "Lines": "35",
        "Lat": 52.1813,
        "Brigade": "6"
      },
      {
        "Lon": 21.0228,
        "Time": "2017-05-14 00:06:29",
        "Lines": "35",
        "Lat": 52.1813,
        "Brigade": "6"
      },
      {
        "Lon": 21.0228,
        "Time": "2017-05-14 00:06:39",
        "Lines": "35",
        "Lat": 52.1813,
        "Brigade": "6"
      },
      {
        "Lon": 21.023,
        "Time": "2017-05-14 00:06:50",
        "Lines": "35",
        "Lat": 52.1819,
        "Brigade": "6"
      },
      {
        "Lon": 21.023,
        "Time": "2017-05-14 00:06:50",
        "Lines": "35",
        "Lat": 52.1819,
        "Brigade": "6"
      },
      {
        "Lon": 21.0231,
        "Time": "2017-05-14 00:06:54",
        "Lines": "35",
        "Lat": 52.1822,
        "Brigade": "6"
      },
      {
        "Lon": 21.0234,
        "Time": "2017-05-14 00:07:14",
        "Lines": "35",
        "Lat": 52.1828,
        "Brigade": "6"
      },
      {
        "Lon": 21.0234,
        "Time": "2017-05-14 00:07:24",
        "Lines": "35",
        "Lat": 52.1828,
        "Brigade": "6"
      },
      {
        "Lon": 21.0234,
        "Time": "2017-05-14 00:07:39",
        "Lines": "35",
        "Lat": 52.1828,
        "Brigade": "6"
      },
      {
        "Lon": 21.0236,
        "Time": "2017-05-14 00:07:48",
        "Lines": "35",
        "Lat": 52.1834,
        "Brigade": "6"
      },
      {
        "Lon": 21.024,
        "Time": "2017-05-14 00:07:59",
        "Lines": "35",
        "Lat": 52.1843,
        "Brigade": "6"
      },
      {
        "Lon": 21.0244,
        "Time": "2017-05-14 00:08:09",
        "Lines": "35",
        "Lat": 52.1856,
        "Brigade": "6"
      },
      {
        "Lon": 21.0246,
        "Time": "2017-05-14 00:08:19",
        "Lines": "35",
        "Lat": 52.1859,
        "Brigade": "6"
      },
      {
        "Lon": 21.0246,
        "Time": "2017-05-14 00:08:19",
        "Lines": "35",
        "Lat": 52.1859,
        "Brigade": "6"
      },
      {
        "Lon": 21.0246,
        "Time": "2017-05-14 00:08:29",
        "Lines": "35",
        "Lat": 52.1859,
        "Brigade": "6"
      },
      {
        "Lon": 21.0249,
        "Time": "2017-05-14 00:08:44",
        "Lines": "35",
        "Lat": 52.1868,
        "Brigade": "6"
      },
      {
        "Lon": 21.0248,
        "Time": "2017-05-14 00:08:54",
        "Lines": "35",
        "Lat": 52.1881,
        "Brigade": "6"
      },
      {
        "Lon": 21.0247,
        "Time": "2017-05-14 00:09:04",
        "Lines": "35",
        "Lat": 52.1889,
        "Brigade": "6"
      },
      {
        "Lon": 21.0247,
        "Time": "2017-05-14 00:09:19",
        "Lines": "35",
        "Lat": 52.1892,
        "Brigade": "6"
      },
      {
        "Lon": 21.0247,
        "Time": "2017-05-14 00:09:29",
        "Lines": "35",
        "Lat": 52.1896,
        "Brigade": "6"
      },
      {
        "Lon": 21.024,
        "Time": "2017-05-14 00:09:39",
        "Lines": "35",
        "Lat": 52.1898,
        "Brigade": "6"
      },
      {
        "Lon": 21.0234,
        "Time": "2017-05-14 00:09:49",
        "Lines": "35",
        "Lat": 52.1898,
        "Brigade": "6"
      },
      {
        "Lon": 21.0234,
        "Time": "2017-05-14 00:09:49",
        "Lines": "35",
        "Lat": 52.1898,
        "Brigade": "6"
      },
      {
        "Lon": 21.0234,
        "Time": "2017-05-14 00:09:59",
        "Lines": "35",
        "Lat": 52.1898,
        "Brigade": "6"
      },
      {
        "Lon": 21.0226,
        "Time": "2017-05-14 00:10:14",
        "Lines": "35",
        "Lat": 52.1897,
        "Brigade": "6"
      },
      {
        "Lon": 21.0225,
        "Time": "2017-05-14 00:10:24",
        "Lines": "35",
        "Lat": 52.1897,
        "Brigade": "6"
      },
      {
        "Lon": 21.0225,
        "Time": "2017-05-14 00:10:34",
        "Lines": "35",
        "Lat": 52.1897,
        "Brigade": "6"
      },
      {
        "Lon": 21.0223,
        "Time": "2017-05-14 00:10:44",
        "Lines": "35",
        "Lat": 52.1897,
        "Brigade": "6"
      },
      {
        "Lon": 21.0215,
        "Time": "2017-05-14 00:10:59",
        "Lines": "35",
        "Lat": 52.1896,
        "Brigade": "6"
      },
      {
        "Lon": 21.0206,
        "Time": "2017-05-14 00:11:09",
        "Lines": "35",
        "Lat": 52.1895,
        "Brigade": "6"
      },
      {
        "Lon": 21.0198,
        "Time": "2017-05-14 00:11:19",
        "Lines": "35",
        "Lat": 52.1894,
        "Brigade": "6"
      },
      {
        "Lon": 21.019,
        "Time": "2017-05-14 00:11:31",
        "Lines": "35",
        "Lat": 52.1892,
        "Brigade": "6"
      },
      {
        "Lon": 21.0182,
        "Time": "2017-05-14 00:11:41",
        "Lines": "35",
        "Lat": 52.1891,
        "Brigade": "6"
      },
      {
        "Lon": 21.0182,
        "Time": "2017-05-14 00:11:41",
        "Lines": "35",
        "Lat": 52.1891,
        "Brigade": "6"
      },
      {
        "Lon": 21.0182,
        "Time": "2017-05-14 00:11:49",
        "Lines": "35",
        "Lat": 52.1891,
        "Brigade": "6"
      },
      {
        "Lon": 21.0182,
        "Time": "2017-05-14 00:12:04",
        "Lines": "35",
        "Lat": 52.1891,
        "Brigade": "6"
      },
      {
        "Lon": 21.0181,
        "Time": "2017-05-14 00:12:14",
        "Lines": "35",
        "Lat": 52.1891,
        "Brigade": "6"
      },
      {
        "Lon": 21.0176,
        "Time": "2017-05-14 00:12:24",
        "Lines": "35",
        "Lat": 52.1891,
        "Brigade": "6"
      },
      {
        "Lon": 21.0161,
        "Time": "2017-05-14 00:12:34",
        "Lines": "35",
        "Lat": 52.189,
        "Brigade": "6"
      },
      {
        "Lon": 21.0134,
        "Time": "2017-05-14 00:12:49",
        "Lines": "35",
        "Lat": 52.1889,
        "Brigade": "6"
      },
      {
        "Lon": 21.0124,
        "Time": "2017-05-14 00:13:01",
        "Lines": "35",
        "Lat": 52.1889,
        "Brigade": "6"
      },
      {
        "Lon": 21.0124,
        "Time": "2017-05-14 00:13:09",
        "Lines": "35",
        "Lat": 52.1889,
        "Brigade": "6"
      },
      {
        "Lon": 21.0124,
        "Time": "2017-05-14 00:13:19",
        "Lines": "35",
        "Lat": 52.1889,
        "Brigade": "6"
      },
      {
        "Lon": 21.0124,
        "Time": "2017-05-14 00:13:19",
        "Lines": "35",
        "Lat": 52.1889,
        "Brigade": "6"
      },
      {
        "Lon": 21.0114,
        "Time": "2017-05-14 00:13:29",
        "Lines": "35",
        "Lat": 52.1889,
        "Brigade": "6"
      },
      {
        "Lon": 21.0089,
        "Time": "2017-05-14 00:13:44",
        "Lines": "35",
        "Lat": 52.1889,
        "Brigade": "6"
      },
      {
        "Lon": 21.0081,
        "Time": "2017-05-14 00:13:55",
        "Lines": "35",
        "Lat": 52.1889,
        "Brigade": "6"
      },
      {
        "Lon": 21.0081,
        "Time": "2017-05-14 00:14:09",
        "Lines": "35",
        "Lat": 52.1889,
        "Brigade": "6"
      },
      {
        "Lon": 21.0081,
        "Time": "2017-05-14 00:14:19",
        "Lines": "35",
        "Lat": 52.1889,
        "Brigade": "6"
      },
      {
        "Lon": 21.0081,
        "Time": "2017-05-14 00:14:29",
        "Lines": "35",
        "Lat": 52.1889,
        "Brigade": "6"
      },
      {
        "Lon": 21.008,
        "Time": "2017-05-14 00:14:39",
        "Lines": "35",
        "Lat": 52.1889,
        "Brigade": "6"
      },
      {
        "Lon": 21.008,
        "Time": "2017-05-14 00:14:39",
        "Lines": "35",
        "Lat": 52.1889,
        "Brigade": "6"
      },
      {
        "Lon": 21.0067,
        "Time": "2017-05-14 00:14:49",
        "Lines": "35",
        "Lat": 52.1889,
        "Brigade": "6"
      },
      {
        "Lon": 21.0057,
        "Time": "2017-05-14 00:14:59",
        "Lines": "35",
        "Lat": 52.1889,
        "Brigade": "6"
      },
      {
        "Lon": 21.0046,
        "Time": "2017-05-14 00:15:14",
        "Lines": "35",
        "Lat": 52.1889,
        "Brigade": "6"
      }
    ]
  }
]
