[
  {
    "res": [
      {
        "Lon": 20.9984,
        "Time": "2017-05-14 00:00:14",
        "Lines": "35",
        "Lat": 52.2514,
        "Brigade": "9"
      },
      {
        "Lon": 20.9987,
        "Time": "2017-05-14 00:00:24",
        "Lines": "35",
        "Lat": 52.2502,
        "Brigade": "9"
      },
      {
        "Lon": 20.9989,
        "Time": "2017-05-14 00:00:34",
        "Lines": "35",
        "Lat": 52.2494,
        "Brigade": "9"
      },
      {
        "Lon": 20.9989,
        "Time": "2017-05-14 00:00:49",
        "Lines": "35",
        "Lat": 52.2494,
        "Brigade": "9"
      },
      {
        "Lon": 20.9989,
        "Time": "2017-05-14 00:00:59",
        "Lines": "35",
        "Lat": 52.2494,
        "Brigade": "9"
      },
      {
        "Lon": 20.9989,
        "Time": "2017-05-14 00:01:09",
        "Lines": "35",
        "Lat": 52.2493,
        "Brigade": "9"
      },
      {
        "Lon": 20.9989,
        "Time": "2017-05-14 00:01:19",
        "Lines": "35",
        "Lat": 52.2493,
        "Brigade": "9"
      },
      {
        "Lon": 20.9989,
        "Time": "2017-05-14 00:01:19",
        "Lines": "35",
        "Lat": 52.2493,
        "Brigade": "9"
      },
      {
        "Lon": 20.9989,
        "Time": "2017-05-14 00:01:29",
        "Lines": "35",
        "Lat": 52.2493,
        "Brigade": "9"
      },
      {
        "Lon": 20.9991,
        "Time": "2017-05-14 00:01:44",
        "Lines": "35",
        "Lat": 52.2486,
        "Brigade": "9"
      },
      {
        "Lon": 20.9994,
        "Time": "2017-05-14 00:01:54",
        "Lines": "35",
        "Lat": 52.2473,
        "Brigade": "9"
      },
      {
        "Lon": 20.9998,
        "Time": "2017-05-14 00:02:04",
        "Lines": "35",
        "Lat": 52.2461,
        "Brigade": "9"
      },
      {
        "Lon": 21.0004,
        "Time": "2017-05-14 00:02:14",
        "Lines": "35",
        "Lat": 52.2453,
        "Brigade": "9"
      },
      {
        "Lon": 21.0006,
        "Time": "2017-05-14 00:02:24",
        "Lines": "35",
        "Lat": 52.2451,
        "Brigade": "9"
      },
      {
        "Lon": 21.0008,
        "Time": "2017-05-14 00:02:39",
        "Lines": "35",
        "Lat": 52.2448,
        "Brigade": "9"
      },
      {
        "Lon": 21.001,
        "Time": "2017-05-14 00:02:49",
        "Lines": "35",
        "Lat": 52.2446,
        "Brigade": "9"
      },
      {
        "Lon": 21.001,
        "Time": "2017-05-14 00:02:59",
        "Lines": "35",
        "Lat": 52.2446,
        "Brigade": "9"
      },
      {
        "Lon": 21.0012,
        "Time": "2017-05-14 00:03:09",
        "Lines": "35",
        "Lat": 52.2444,
        "Brigade": "9"
      },
      {
        "Lon": 21.0012,
        "Time": "2017-05-14 00:03:09",
        "Lines": "35",
        "Lat": 52.2444,
        "Brigade": "9"
      },
      {
        "Lon": 21.0015,
        "Time": "2017-05-14 00:03:19",
        "Lines": "35",
        "Lat": 52.2441,
        "Brigade": "9"
      },
      {
        "Lon": 21.0024,
        "Time": "2017-05-14 00:03:34",
        "Lines": "35",
        "Lat": 52.2434,
        "Brigade": "9"
      },
      {
        "Lon": 21.0025,
        "Time": "2017-05-14 00:03:44",
        "Lines": "35",
        "Lat": 52.2433,
        "Brigade": "9"
      },
      {
        "Lon": 21.0025,
        "Time": "2017-05-14 00:03:54",
        "Lines": "35",
        "Lat": 52.2433,
        "Brigade": "9"
      },
      {
        "Lon": 21.0025,
        "Time": "2017-05-14 00:04:04",
        "Lines": "35",
        "Lat": 52.2432,
        "Brigade": "9"
      },
      {
        "Lon": 21.0033,
        "Time": "2017-05-14 00:04:14",
        "Lines": "35",
        "Lat": 52.2426,
        "Brigade": "9"
      },
      {
        "Lon": 21.0041,
        "Time": "2017-05-14 00:04:29",
        "Lines": "35",
        "Lat": 52.2417,
        "Brigade": "9"
      },
      {
        "Lon": 21.0047,
        "Time": "2017-05-14 00:04:39",
        "Lines": "35",
        "Lat": 52.2411,
        "Brigade": "9"
      },
      {
        "Lon": 21.0049,
        "Time": "2017-05-14 00:04:49",
        "Lines": "35",
        "Lat": 52.2403,
        "Brigade": "9"
      },
      {
        "Lon": 21.0053,
        "Time": "2017-05-14 00:05:02",
        "Lines": "35",
        "Lat": 52.2394,
        "Brigade": "9"
      },
      {
        "Lon": 21.0053,
        "Time": "2017-05-14 00:05:02",
        "Lines": "35",
        "Lat": 52.2394,
        "Brigade": "9"
      },
      {
        "Lon": 21.0062,
        "Time": "2017-05-14 00:05:09",
        "Lines": "35",
        "Lat": 52.2387,
        "Brigade": "9"
      },
      {
        "Lon": 21.0064,
        "Time": "2017-05-14 00:05:24",
        "Lines": "35",
        "Lat": 52.2385,
        "Brigade": "9"
      },
      {
        "Lon": 21.0064,
        "Time": "2017-05-14 00:05:34",
        "Lines": "35",
        "Lat": 52.2385,
        "Brigade": "9"
      },
      {
        "Lon": 21.0064,
        "Time": "2017-05-14 00:05:44",
        "Lines": "35",
        "Lat": 52.2386,
        "Brigade": "9"
      },
      {
        "Lon": 21.0064,
        "Time": "2017-05-14 00:05:54",
        "Lines": "35",
        "Lat": 52.2386,
        "Brigade": "9"
      },
      {
        "Lon": 21.0064,
        "Time": "2017-05-14 00:06:04",
        "Lines": "35",
        "Lat": 52.2386,
        "Brigade": "9"
      },
      {
        "Lon": 21.0064,
        "Time": "2017-05-14 00:06:19",
        "Lines": "35",
        "Lat": 52.2386,
        "Brigade": "9"
      },
      {
        "Lon": 21.0064,
        "Time": "2017-05-14 00:06:29",
        "Lines": "35",
        "Lat": 52.2386,
        "Brigade": "9"
      },
      {
        "Lon": 21.0067,
        "Time": "2017-05-14 00:06:41",
        "Lines": "35",
        "Lat": 52.2382,
        "Brigade": "9"
      },
      {
        "Lon": 21.0071,
        "Time": "2017-05-14 00:06:49",
        "Lines": "35",
        "Lat": 52.2375,
        "Brigade": "9"
      },
      {
        "Lon": 21.0071,
        "Time": "2017-05-14 00:06:49",
        "Lines": "35",
        "Lat": 52.2375,
        "Brigade": "9"
      },
      {
        "Lon": 21.0078,
        "Time": "2017-05-14 00:06:59",
        "Lines": "35",
        "Lat": 52.2363,
        "Brigade": "9"
      },
      {
        "Lon": 21.0083,
        "Time": "2017-05-14 00:07:14",
        "Lines": "35",
        "Lat": 52.2355,
        "Brigade": "9"
      },
      {
        "Lon": 21.0083,
        "Time": "2017-05-14 00:07:24",
        "Lines": "35",
        "Lat": 52.2355,
        "Brigade": "9"
      },
      {
        "Lon": 21.0089,
        "Time": "2017-05-14 00:07:39",
        "Lines": "35",
        "Lat": 52.2345,
        "Brigade": "9"
      },
      {
        "Lon": 21.0098,
        "Time": "2017-05-14 00:07:49",
        "Lines": "35",
        "Lat": 52.2331,
        "Brigade": "9"
      },
      {
        "Lon": 21.0106,
        "Time": "2017-05-14 00:07:59",
        "Lines": "35",
        "Lat": 52.2317,
        "Brigade": "9"
      },
      {
        "Lon": 21.0113,
        "Time": "2017-05-14 00:08:09",
        "Lines": "35",
        "Lat": 52.2305,
        "Brigade": "9"
      },
      {
        "Lon": 21.0115,
        "Time": "2017-05-14 00:08:21",
        "Lines": "35",
        "Lat": 52.2302,
        "Brigade": "9"
      },
      {
        "Lon": 21.0115,
        "Time": "2017-05-14 00:08:21",
        "Lines": "35",
        "Lat": 52.2302,
        "Brigade": "9"
      },
      {
        "Lon": 21.0115,
        "Time": "2017-05-14 00:08:29",
        "Lines": "35",
        "Lat": 52.2302,
        "Brigade": "9"
      },
      {
        "Lon": 21.0115,
        "Time": "2017-05-14 00:08:44",
        "Lines": "35",
        "Lat": 52.2302,
        "Brigade": "9"
      },
      {
        "Lon": 21.0115,
        "Time": "2017-05-14 00:08:54",
        "Lines": "35",
        "Lat": 52.2302,
        "Brigade": "9"
      },
      {
        "Lon": 21.0115,
        "Time": "2017-05-14 00:09:04",
        "Lines": "35",
        "Lat": 52.2301,
        "Brigade": "9"
      },
      {
        "Lon": 21.0118,
        "Time": "2017-05-14 00:09:15",
        "Lines": "35",
        "Lat": 52.2296,
        "Brigade": "9"
      },
      {
        "Lon": 21.0126,
        "Time": "2017-05-14 00:09:29",
        "Lines": "35",
        "Lat": 52.2284,
        "Brigade": "9"
      },
      {
        "Lon": 21.0127,
        "Time": "2017-05-14 00:09:39",
        "Lines": "35",
        "Lat": 52.2281,
        "Brigade": "9"
      },
      {
        "Lon": 21.0128,
        "Time": "2017-05-14 00:09:49",
        "Lines": "35",
        "Lat": 52.2281,
        "Brigade": "9"
      },
      {
        "Lon": 21.0128,
        "Time": "2017-05-14 00:09:49",
        "Lines": "35",
        "Lat": 52.2281,
        "Brigade": "9"
      },
      {
        "Lon": 21.013,
        "Time": "2017-05-14 00:10:01",
        "Lines": "35",
        "Lat": 52.2277,
        "Brigade": "9"
      },
      {
        "Lon": 21.0133,
        "Time": "2017-05-14 00:10:09",
        "Lines": "35",
        "Lat": 52.2272,
        "Brigade": "9"
      },
      {
        "Lon": 21.0134,
        "Time": "2017-05-14 00:10:24",
        "Lines": "35",
        "Lat": 52.2271,
        "Brigade": "9"
      },
      {
        "Lon": 21.0134,
        "Time": "2017-05-14 00:10:34",
        "Lines": "35",
        "Lat": 52.2271,
        "Brigade": "9"
      },
      {
        "Lon": 21.0134,
        "Time": "2017-05-14 00:10:44",
        "Lines": "35",
        "Lat": 52.2271,
        "Brigade": "9"
      },
      {
        "Lon": 21.0134,
        "Time": "2017-05-14 00:10:54",
        "Lines": "35",
        "Lat": 52.2271,
        "Brigade": "9"
      },
      {
        "Lon": 21.0135,
        "Time": "2017-05-14 00:11:09",
        "Lines": "35",
        "Lat": 52.2269,
        "Brigade": "9"
      },
      {
        "Lon": 21.0138,
        "Time": "2017-05-14 00:11:14",
        "Lines": "35",
        "Lat": 52.2264,
        "Brigade": "9"
      },
      {
        "Lon": 21.0149,
        "Time": "2017-05-14 00:11:29",
        "Lines": "35",
        "Lat": 52.2245,
        "Brigade": "9"
      },
      {
        "Lon": 21.0155,
        "Time": "2017-05-14 00:11:41",
        "Lines": "35",
        "Lat": 52.2235,
        "Brigade": "9"
      },
      {
        "Lon": 21.0155,
        "Time": "2017-05-14 00:11:41",
        "Lines": "35",
        "Lat": 52.2235,
        "Brigade": "9"
      },
      {
        "Lon": 21.0157,
        "Time": "2017-05-14 00:11:49",
        "Lines": "35",
        "Lat": 52.2233,
        "Brigade": "9"
      },
      {
        "Lon": 21.0157,
        "Time": "2017-05-14 00:12:04",
        "Lines": "35",
        "Lat": 52.2233,
        "Brigade": "9"
      },
      {
        "Lon": 21.0157,
        "Time": "2017-05-14 00:12:14",
        "Lines": "35",
        "Lat": 52.2233,
        "Brigade": "9"
      },
      {
        "Lon": 21.0163,
        "Time": "2017-05-14 00:12:27",
        "Lines": "35",
        "Lat": 52.2226,
        "Brigade": "9"
      },
      {
        "Lon": 21.0166,
        "Time": "2017-05-14 00:12:34",
        "Lines": "35",
        "Lat": 52.222,
        "Brigade": "9"
      },
      {
        "Lon": 21.0172,
        "Time": "2017-05-14 00:12:49",
        "Lines": "35",
        "Lat": 52.221,
        "Brigade": "9"
      },
      {
        "Lon": 21.0175,
        "Time": "2017-05-14 00:12:59",
        "Lines": "35",
        "Lat": 52.2206,
        "Brigade": "9"
      },
      {
        "Lon": 21.0175,
        "Time": "2017-05-14 00:13:09",
        "Lines": "35",
        "Lat": 52.2206,
        "Brigade": "9"
      },
      {
        "Lon": 21.0175,
        "Time": "2017-05-14 00:13:14",
        "Lines": "35",
        "Lat": 52.2206,
        "Brigade": "9"
      },
      {
        "Lon": 21.0175,
        "Time": "2017-05-14 00:13:14",
        "Lines": "35",
        "Lat": 52.2206,
        "Brigade": "9"
      },
      {
        "Lon": 21.0179,
        "Time": "2017-05-14 00:13:30",
        "Lines": "35",
        "Lat": 52.22,
        "Brigade": "9"
      },
      {
        "Lon": 21.0183,
        "Time": "2017-05-14 00:13:44",
        "Lines": "35",
        "Lat": 52.2192,
        "Brigade": "9"
      },
      {
        "Lon": 21.0188,
        "Time": "2017-05-14 00:13:54",
        "Lines": "35",
        "Lat": 52.2185,
        "Brigade": "9"
      },
      {
        "Lon": 21.0191,
        "Time": "2017-05-14 00:14:09",
        "Lines": "35",
        "Lat": 52.2181,
        "Brigade": "9"
      },
      {
        "Lon": 21.0191,
        "Time": "2017-05-14 00:14:19",
        "Lines": "35",
        "Lat": 52.218,
        "Brigade": "9"
      },
      {
        "Lon": 21.0191,
        "Time": "2017-05-14 00:14:29",
        "Lines": "35",
        "Lat": 52.218,
        "Brigade": "9"
      },
      {
        "Lon": 21.0194,
        "Time": "2017-05-14 00:14:39",
        "Lines": "35",
        "Lat": 52.2175,
        "Brigade": "9"
      },
      {
        "Lon": 21.0194,
        "Time": "2017-05-14 00:14:39",
        "Lines": "35",
        "Lat": 52.2175,
        "Brigade": "9"
      },
      {
        "Lon": 21.0195,
        "Time": "2017-05-14 00:14:49",
        "Lines": "35",
        "Lat": 52.2174,
        "Brigade": "9"
      },
      {
        "Lon": 21.0197,
        "Time": "2017-05-14 00:14:59",
        "Lines": "35",
        "Lat": 52.217,
        "Brigade": "9"
      },
      {
        "Lon": 21.0199,
        "Time": "2017-05-14 00:15:14",
        "Lines": "35",
        "Lat": 52.2168,
        "Brigade": "9"
      },
      {
        "Lon": 21.0199,
        "Time": "2017-05-14 00:15:24",
        "Lines": "35",
        "Lat": 52.2168,
        "Brigade": "9"
      },
      {
        "Lon": 21.0207,
        "Time": "2017-05-14 00:15:34",
        "Lines": "35",
        "Lat": 52.2154,
        "Brigade": "9"
      },
      {
        "Lon": 21.0212,
        "Time": "2017-05-14 00:15:44",
        "Lines": "35",
        "Lat": 52.2145,
        "Brigade": "9"
      },
      {
        "Lon": 21.0214,
        "Time": "2017-05-14 00:15:59",
        "Lines": "35",
        "Lat": 52.2141,
        "Brigade": "9"
      },
      {
        "Lon": 21.0214,
        "Time": "2017-05-14 00:16:09",
        "Lines": "35",
        "Lat": 52.214,
        "Brigade": "9"
      },
      {
        "Lon": 21.0213,
        "Time": "2017-05-14 00:16:19",
        "Lines": "35",
        "Lat": 52.214,
        "Brigade": "9"
      },
      {
        "Lon": 21.0213,
        "Time": "2017-05-14 00:16:19",
        "Lines": "35",
        "Lat": 52.214,
        "Brigade": "9"
      },
      {
        "Lon": 21.0213,
        "Time": "2017-05-14 00:16:29",
        "Lines": "35",
        "Lat": 52.214,
        "Brigade": "9"
      },
      {
        "Lon": 21.0213,
        "Time": "2017-05-14 00:16:39",
        "Lines": "35",
        "Lat": 52.214,
        "Brigade": "9"
      },
      {
        "Lon": 21.0213,
        "Time": "2017-05-14 00:16:54",
        "Lines": "35",
        "Lat": 52.2139,
        "Brigade": "9"
      },
      {
        "Lon": 21.0215,
        "Time": "2017-05-14 00:17:04",
        "Lines": "35",
        "Lat": 52.2133,
        "Brigade": "9"
      },
      {
        "Lon": 21.021,
        "Time": "2017-05-14 00:17:14",
        "Lines": "35",
        "Lat": 52.2125,
        "Brigade": "9"
      },
      {
        "Lon": 21.0208,
        "Time": "2017-05-14 00:17:29",
        "Lines": "35",
        "Lat": 52.212,
        "Brigade": "9"
      },
      {
        "Lon": 21.0205,
        "Time": "2017-05-14 00:17:39",
        "Lines": "35",
        "Lat": 52.2114,
        "Brigade": "9"
      },
      {
        "Lon": 21.0207,
        "Time": "2017-05-14 00:17:49",
        "Lines": "35",
        "Lat": 52.2107,
        "Brigade": "9"
      },
      {
        "Lon": 21.0207,
        "Time": "2017-05-14 00:17:49",
        "Lines": "35",
        "Lat": 52.2107,
        "Brigade": "9"
      },
      {
        "Lon": 21.0212,
        "Time": "2017-05-14 00:17:59",
        "Lines": "35",
        "Lat": 52.2097,
        "Brigade": "9"
      },
      {
        "Lon": 21.0214,
        "Time": "2017-05-14 00:18:13",
        "Lines": "35",
        "Lat": 52.2092,
        "Brigade": "9"
      },
      {
        "Lon": 21.0214,
        "Time": "2017-05-14 00:18:24",
        "Lines": "35",
        "Lat": 52.2092,
        "Brigade": "9"
      },
      {
        "Lon": 21.0217,
        "Time": "2017-05-14 00:18:34",
        "Lines": "35",
        "Lat": 52.2085,
        "Brigade": "9"
      },
      {
        "Lon": 21.0221,
        "Time": "2017-05-14 00:18:44",
        "Lines": "35",
        "Lat": 52.2074,
        "Brigade": "9"
      },
      {
        "Lon": 21.0226,
        "Time": "2017-05-14 00:18:54",
        "Lines": "35",
        "Lat": 52.2063,
        "Brigade": "9"
      },
      {
        "Lon": 21.023,
        "Time": "2017-05-14 00:19:09",
        "Lines": "35",
        "Lat": 52.2051,
        "Brigade": "9"
      },
      {
        "Lon": 21.023,
        "Time": "2017-05-14 00:19:19",
        "Lines": "35",
        "Lat": 52.205,
        "Brigade": "9"
      },
      {
        "Lon": 21.023,
        "Time": "2017-05-14 00:19:29",
        "Lines": "35",
        "Lat": 52.205,
        "Brigade": "9"
      },
      {
        "Lon": 21.0232,
        "Time": "2017-05-14 00:19:39",
        "Lines": "35",
        "Lat": 52.2042,
        "Brigade": "9"
      },
      {
        "Lon": 21.0232,
        "Time": "2017-05-14 00:19:39",
        "Lines": "35",
        "Lat": 52.2042,
        "Brigade": "9"
      },
      {
        "Lon": 21.0234,
        "Time": "2017-05-14 00:19:49",
        "Lines": "35",
        "Lat": 52.2031,
        "Brigade": "9"
      },
      {
        "Lon": 21.0235,
        "Time": "2017-05-14 00:20:04",
        "Lines": "35",
        "Lat": 52.2024,
        "Brigade": "9"
      },
      {
        "Lon": 21.0235,
        "Time": "2017-05-14 00:20:14",
        "Lines": "35",
        "Lat": 52.2024,
        "Brigade": "9"
      },
      {
        "Lon": 21.0236,
        "Time": "2017-05-14 00:20:24",
        "Lines": "35",
        "Lat": 52.2023,
        "Brigade": "9"
      },
      {
        "Lon": 21.0237,
        "Time": "2017-05-14 00:20:34",
        "Lines": "35",
        "Lat": 52.2015,
        "Brigade": "9"
      },
      {
        "Lon": 21.0239,
        "Time": "2017-05-14 00:20:49",
        "Lines": "35",
        "Lat": 52.2002,
        "Brigade": "9"
      },
      {
        "Lon": 21.0239,
        "Time": "2017-05-14 00:20:59",
        "Lines": "35",
        "Lat": 52.2002,
        "Brigade": "9"
      },
      {
        "Lon": 21.0239,
        "Time": "2017-05-14 00:21:09",
        "Lines": "35",
        "Lat": 52.2002,
        "Brigade": "9"
      },
      {
        "Lon": 21.024,
        "Time": "2017-05-14 00:21:19",
        "Lines": "35",
        "Lat": 52.2002,
        "Brigade": "9"
      },
      {
        "Lon": 21.024,
        "Time": "2017-05-14 00:21:29",
        "Lines": "35",
        "Lat": 52.1996,
        "Brigade": "9"
      },
      {
        "Lon": 21.024,
        "Time": "2017-05-14 00:21:29",
        "Lines": "35",
        "Lat": 52.1996,
        "Brigade": "9"
      },
      {
        "Lon": 21.0242,
        "Time": "2017-05-14 00:21:44",
        "Lines": "35",
        "Lat": 52.1978,
        "Brigade": "9"
      },
      {
        "Lon": 21.0242,
        "Time": "2017-05-14 00:21:54",
        "Lines": "35",
        "Lat": 52.1967,
        "Brigade": "9"
      },
      {
        "Lon": 21.0242,
        "Time": "2017-05-14 00:22:04",
        "Lines": "35",
        "Lat": 52.1964,
        "Brigade": "9"
      },
      {
        "Lon": 21.0243,
        "Time": "2017-05-14 00:22:15",
        "Lines": "35",
        "Lat": 52.196,
        "Brigade": "9"
      },
      {
        "Lon": 21.0243,
        "Time": "2017-05-14 00:22:24",
        "Lines": "35",
        "Lat": 52.1959,
        "Brigade": "9"
      },
      {
        "Lon": 21.0243,
        "Time": "2017-05-14 00:22:34",
        "Lines": "35",
        "Lat": 52.1942,
        "Brigade": "9"
      },
      {
        "Lon": 21.0244,
        "Time": "2017-05-14 00:22:49",
        "Lines": "35",
        "Lat": 52.1938,
        "Brigade": "9"
      },
      {
        "Lon": 21.0244,
        "Time": "2017-05-14 00:22:59",
        "Lines": "35",
        "Lat": 52.1932,
        "Brigade": "9"
      },
      {
        "Lon": 21.0245,
        "Time": "2017-05-14 00:23:09",
        "Lines": "35",
        "Lat": 52.1919,
        "Brigade": "9"
      },
      {
        "Lon": 21.0245,
        "Time": "2017-05-14 00:23:19",
        "Lines": "35",
        "Lat": 52.191,
        "Brigade": "9"
      },
      {
        "Lon": 21.0245,
        "Time": "2017-05-14 00:23:19",
        "Lines": "35",
        "Lat": 52.191,
        "Brigade": "9"
      },
      {
        "Lon": 21.0246,
        "Time": "2017-05-14 00:23:34",
        "Lines": "35",
        "Lat": 52.1904,
        "Brigade": "9"
      },
      {
        "Lon": 21.0245,
        "Time": "2017-05-14 00:23:44",
        "Lines": "35",
        "Lat": 52.1903,
        "Brigade": "9"
      },
      {
        "Lon": 21.0246,
        "Time": "2017-05-14 00:23:54",
        "Lines": "35",
        "Lat": 52.1901,
        "Brigade": "9"
      },
      {
        "Lon": 21.0246,
        "Time": "2017-05-14 00:24:04",
        "Lines": "35",
        "Lat": 52.1901,
        "Brigade": "9"
      },
      {
        "Lon": 21.0246,
        "Time": "2017-05-14 00:24:14",
        "Lines": "35",
        "Lat": 52.1901,
        "Brigade": "9"
      },
      {
        "Lon": 21.0246,
        "Time": "2017-05-14 00:24:29",
        "Lines": "35",
        "Lat": 52.1901,
        "Brigade": "9"
      },
      {
        "Lon": 21.0246,
        "Time": "2017-05-14 00:24:39",
        "Lines": "35",
        "Lat": 52.1901,
        "Brigade": "9"
      },
      {
        "Lon": 21.0246,
        "Time": "2017-05-14 00:24:49",
        "Lines": "35",
        "Lat": 52.1901,
        "Brigade": "9"
      },
      {
        "Lon": 21.0246,
        "Time": "2017-05-14 00:24:59",
        "Lines": "35",
        "Lat": 52.1901,
        "Brigade": "9"
      },
      {
        "Lon": 21.0244,
        "Time": "2017-05-14 00:25:11",
        "Lines": "35",
        "Lat": 52.1898,
        "Brigade": "9"
      },
      {
        "Lon": 21.0244,
        "Time": "2017-05-14 00:25:11",
        "Lines": "35",
        "Lat": 52.1898,
        "Brigade": "9"
      },
      {
        "Lon": 21.0242,
        "Time": "2017-05-14 00:25:14",
        "Lines": "35",
        "Lat": 52.1897,
        "Brigade": "9"
      },
      {
        "Lon": 21.0231,
        "Time": "2017-05-14 00:25:34",
        "Lines": "35",
        "Lat": 52.1897,
        "Brigade": "9"
      },
      {
        "Lon": 21.0226,
        "Time": "2017-05-14 00:25:44",
        "Lines": "35",
        "Lat": 52.1897,
        "Brigade": "9"
      },
      {
        "Lon": 21.0216,
        "Time": "2017-05-14 00:25:54",
        "Lines": "35",
        "Lat": 52.1896,
        "Brigade": "9"
      },
      {
        "Lon": 21.0209,
        "Time": "2017-05-14 00:26:04",
        "Lines": "35",
        "Lat": 52.1895,
        "Brigade": "9"
      },
      {
        "Lon": 21.0201,
        "Time": "2017-05-14 00:26:18",
        "Lines": "35",
        "Lat": 52.1894,
        "Brigade": "9"
      },
      {
        "Lon": 21.019,
        "Time": "2017-05-14 00:26:29",
        "Lines": "35",
        "Lat": 52.1892,
        "Brigade": "9"
      },
      {
        "Lon": 21.0182,
        "Time": "2017-05-14 00:26:39",
        "Lines": "35",
        "Lat": 52.1891,
        "Brigade": "9"
      },
      {
        "Lon": 21.018,
        "Time": "2017-05-14 00:26:49",
        "Lines": "35",
        "Lat": 52.1891,
        "Brigade": "9"
      },
      {
        "Lon": 21.018,
        "Time": "2017-05-14 00:26:59",
        "Lines": "35",
        "Lat": 52.1891,
        "Brigade": "9"
      },
      {
        "Lon": 21.018,
        "Time": "2017-05-14 00:26:59",
        "Lines": "35",
        "Lat": 52.1891,
        "Brigade": "9"
      },
      {
        "Lon": 21.018,
        "Time": "2017-05-14 00:27:09",
        "Lines": "35",
        "Lat": 52.1891,
        "Brigade": "9"
      },
      {
        "Lon": 21.0173,
        "Time": "2017-05-14 00:27:24",
        "Lines": "35",
        "Lat": 52.1891,
        "Brigade": "9"
      },
      {
        "Lon": 21.0155,
        "Time": "2017-05-14 00:27:34",
        "Lines": "35",
        "Lat": 52.189,
        "Brigade": "9"
      },
      {
        "Lon": 21.0137,
        "Time": "2017-05-14 00:27:44",
        "Lines": "35",
        "Lat": 52.1889,
        "Brigade": "9"
      },
      {
        "Lon": 21.0126,
        "Time": "2017-05-14 00:27:54",
        "Lines": "35",
        "Lat": 52.1889,
        "Brigade": "9"
      },
      {
        "Lon": 21.0125,
        "Time": "2017-05-14 00:28:04",
        "Lines": "35",
        "Lat": 52.1889,
        "Brigade": "9"
      },
      {
        "Lon": 21.0125,
        "Time": "2017-05-14 00:28:14",
        "Lines": "35",
        "Lat": 52.189,
        "Brigade": "9"
      }
    ]
  }
]
