[
  {
    "res": [
      {
        "Lon": 21.0245,
        "Time": "2017-05-14 00:00:01",
        "Lines": "4",
        "Lat": 52.1902,
        "Brigade": "7"
      },
      {
        "Lon": 21.0245,
        "Time": "2017-05-14 00:00:12",
        "Lines": "4",
        "Lat": 52.1902,
        "Brigade": "7"
      },
      {
        "Lon": 21.0245,
        "Time": "2017-05-14 00:00:22",
        "Lines": "4",
        "Lat": 52.1902,
        "Brigade": "7"
      },
      {
        "Lon": 21.0245,
        "Time": "2017-05-14 00:00:38",
        "Lines": "4",
        "Lat": 52.1902,
        "Brigade": "7"
      },
      {
        "Lon": 21.0245,
        "Time": "2017-05-14 00:00:49",
        "Lines": "4",
        "Lat": 52.1902,
        "Brigade": "7"
      },
      {
        "Lon": 21.0245,
        "Time": "2017-05-14 00:00:59",
        "Lines": "4",
        "Lat": 52.1902,
        "Brigade": "7"
      },
      {
        "Lon": 21.0245,
        "Time": "2017-05-14 00:01:10",
        "Lines": "4",
        "Lat": 52.19,
        "Brigade": "7"
      },
      {
        "Lon": 21.0235,
        "Time": "2017-05-14 00:01:20",
        "Lines": "4",
        "Lat": 52.1898,
        "Brigade": "7"
      },
      {
        "Lon": 21.0235,
        "Time": "2017-05-14 00:01:20",
        "Lines": "4",
        "Lat": 52.1898,
        "Brigade": "7"
      },
      {
        "Lon": 21.023,
        "Time": "2017-05-14 00:01:31",
        "Lines": "4",
        "Lat": 52.1898,
        "Brigade": "7"
      },
      {
        "Lon": 21.0223,
        "Time": "2017-05-14 00:01:41",
        "Lines": "4",
        "Lat": 52.1897,
        "Brigade": "7"
      },
      {
        "Lon": 21.0209,
        "Time": "2017-05-14 00:01:52",
        "Lines": "4",
        "Lat": 52.1895,
        "Brigade": "7"
      },
      {
        "Lon": 21.0197,
        "Time": "2017-05-14 00:02:02",
        "Lines": "4",
        "Lat": 52.1894,
        "Brigade": "7"
      },
      {
        "Lon": 21.0181,
        "Time": "2017-05-14 00:02:18",
        "Lines": "4",
        "Lat": 52.1891,
        "Brigade": "7"
      },
      {
        "Lon": 21.0179,
        "Time": "2017-05-14 00:02:23",
        "Lines": "4",
        "Lat": 52.1891,
        "Brigade": "7"
      },
      {
        "Lon": 21.0177,
        "Time": "2017-05-14 00:02:39",
        "Lines": "4",
        "Lat": 52.1891,
        "Brigade": "7"
      },
      {
        "Lon": 21.0175,
        "Time": "2017-05-14 00:02:49",
        "Lines": "4",
        "Lat": 52.1891,
        "Brigade": "7"
      },
      {
        "Lon": 21.0175,
        "Time": "2017-05-14 00:03:00",
        "Lines": "4",
        "Lat": 52.1891,
        "Brigade": "7"
      },
      {
        "Lon": 21.0175,
        "Time": "2017-05-14 00:03:10",
        "Lines": "4",
        "Lat": 52.1891,
        "Brigade": "7"
      },
      {
        "Lon": 21.0175,
        "Time": "2017-05-14 00:03:10",
        "Lines": "4",
        "Lat": 52.1891,
        "Brigade": "7"
      },
      {
        "Lon": 21.0173,
        "Time": "2017-05-14 00:03:21",
        "Lines": "4",
        "Lat": 52.189,
        "Brigade": "7"
      }
    ]
  }
]
