[
  {
    "res": [
      {
        "Lon": 21.0206,
        "Time": "2017-05-14 00:00:01",
        "Lines": "4",
        "Lat": 52.2112,
        "Brigade": "9"
      },
      {
        "Lon": 21.0211,
        "Time": "2017-05-14 00:00:15",
        "Lines": "4",
        "Lat": 52.21,
        "Brigade": "9"
      },
      {
        "Lon": 21.0211,
        "Time": "2017-05-14 00:00:26",
        "Lines": "4",
        "Lat": 52.21,
        "Brigade": "9"
      },
      {
        "Lon": 21.0211,
        "Time": "2017-05-14 00:00:36",
        "Lines": "4",
        "Lat": 52.21,
        "Brigade": "9"
      },
      {
        "Lon": 21.0211,
        "Time": "2017-05-14 00:00:47",
        "Lines": "4",
        "Lat": 52.21,
        "Brigade": "9"
      },
      {
        "Lon": 21.0214,
        "Time": "2017-05-14 00:00:57",
        "Lines": "4",
        "Lat": 52.2093,
        "Brigade": "9"
      },
      {
        "Lon": 21.0215,
        "Time": "2017-05-14 00:01:11",
        "Lines": "4",
        "Lat": 52.2091,
        "Brigade": "9"
      },
      {
        "Lon": 21.0215,
        "Time": "2017-05-14 00:01:18",
        "Lines": "4",
        "Lat": 52.2089,
        "Brigade": "9"
      },
      {
        "Lon": 21.0215,
        "Time": "2017-05-14 00:01:18",
        "Lines": "4",
        "Lat": 52.2089,
        "Brigade": "9"
      },
      {
        "Lon": 21.0219,
        "Time": "2017-05-14 00:01:29",
        "Lines": "4",
        "Lat": 52.2079,
        "Brigade": "9"
      },
      {
        "Lon": 21.0227,
        "Time": "2017-05-14 00:01:45",
        "Lines": "4",
        "Lat": 52.206,
        "Brigade": "9"
      },
      {
        "Lon": 21.0229,
        "Time": "2017-05-14 00:01:55",
        "Lines": "4",
        "Lat": 52.2051,
        "Brigade": "9"
      },
      {
        "Lon": 21.023,
        "Time": "2017-05-14 00:02:00",
        "Lines": "4",
        "Lat": 52.2048,
        "Brigade": "9"
      },
      {
        "Lon": 21.023,
        "Time": "2017-05-14 00:02:16",
        "Lines": "4",
        "Lat": 52.2047,
        "Brigade": "9"
      },
      {
        "Lon": 21.0232,
        "Time": "2017-05-14 00:02:26",
        "Lines": "4",
        "Lat": 52.2036,
        "Brigade": "9"
      },
      {
        "Lon": 21.0234,
        "Time": "2017-05-14 00:02:37",
        "Lines": "4",
        "Lat": 52.2025,
        "Brigade": "9"
      },
      {
        "Lon": 21.0235,
        "Time": "2017-05-14 00:02:47",
        "Lines": "4",
        "Lat": 52.2021,
        "Brigade": "9"
      },
      {
        "Lon": 21.0235,
        "Time": "2017-05-14 00:02:58",
        "Lines": "4",
        "Lat": 52.2021,
        "Brigade": "9"
      },
      {
        "Lon": 21.0235,
        "Time": "2017-05-14 00:03:08",
        "Lines": "4",
        "Lat": 52.2017,
        "Brigade": "9"
      },
      {
        "Lon": 21.0235,
        "Time": "2017-05-14 00:03:08",
        "Lines": "4",
        "Lat": 52.2017,
        "Brigade": "9"
      },
      {
        "Lon": 21.0237,
        "Time": "2017-05-14 00:03:19",
        "Lines": "4",
        "Lat": 52.2004,
        "Brigade": "9"
      },
      {
        "Lon": 21.0239,
        "Time": "2017-05-14 00:03:29",
        "Lines": "4",
        "Lat": 52.199,
        "Brigade": "9"
      },
      {
        "Lon": 21.0241,
        "Time": "2017-05-14 00:03:45",
        "Lines": "4",
        "Lat": 52.1972,
        "Brigade": "9"
      },
      {
        "Lon": 21.0242,
        "Time": "2017-05-14 00:03:56",
        "Lines": "4",
        "Lat": 52.1965,
        "Brigade": "9"
      },
      {
        "Lon": 21.0242,
        "Time": "2017-05-14 00:04:06",
        "Lines": "4",
        "Lat": 52.1963,
        "Brigade": "9"
      },
      {
        "Lon": 21.0242,
        "Time": "2017-05-14 00:04:12",
        "Lines": "4",
        "Lat": 52.1958,
        "Brigade": "9"
      },
      {
        "Lon": 21.0243,
        "Time": "2017-05-14 00:04:27",
        "Lines": "4",
        "Lat": 52.1942,
        "Brigade": "9"
      },
      {
        "Lon": 21.0243,
        "Time": "2017-05-14 00:04:38",
        "Lines": "4",
        "Lat": 52.1939,
        "Brigade": "9"
      },
      {
        "Lon": 21.0244,
        "Time": "2017-05-14 00:04:48",
        "Lines": "4",
        "Lat": 52.1931,
        "Brigade": "9"
      },
      {
        "Lon": 21.0244,
        "Time": "2017-05-14 00:04:59",
        "Lines": "4",
        "Lat": 52.1918,
        "Brigade": "9"
      },
      {
        "Lon": 21.0244,
        "Time": "2017-05-14 00:04:59",
        "Lines": "4",
        "Lat": 52.1918,
        "Brigade": "9"
      },
      {
        "Lon": 21.0245,
        "Time": "2017-05-14 00:05:09",
        "Lines": "4",
        "Lat": 52.1908,
        "Brigade": "9"
      },
      {
        "Lon": 21.0245,
        "Time": "2017-05-14 00:05:20",
        "Lines": "4",
        "Lat": 52.1905,
        "Brigade": "9"
      },
      {
        "Lon": 21.0245,
        "Time": "2017-05-14 00:05:35",
        "Lines": "4",
        "Lat": 52.1905,
        "Brigade": "9"
      },
      {
        "Lon": 21.0245,
        "Time": "2017-05-14 00:05:46",
        "Lines": "4",
        "Lat": 52.19,
        "Brigade": "9"
      },
      {
        "Lon": 21.0241,
        "Time": "2017-05-14 00:05:56",
        "Lines": "4",
        "Lat": 52.1898,
        "Brigade": "9"
      },
      {
        "Lon": 21.0235,
        "Time": "2017-05-14 00:06:07",
        "Lines": "4",
        "Lat": 52.1898,
        "Brigade": "9"
      },
      {
        "Lon": 21.0231,
        "Time": "2017-05-14 00:06:17",
        "Lines": "4",
        "Lat": 52.1898,
        "Brigade": "9"
      },
      {
        "Lon": 21.0226,
        "Time": "2017-05-14 00:06:28",
        "Lines": "4",
        "Lat": 52.1897,
        "Brigade": "9"
      },
      {
        "Lon": 21.0218,
        "Time": "2017-05-14 00:06:38",
        "Lines": "4",
        "Lat": 52.1896,
        "Brigade": "9"
      },
      {
        "Lon": 21.0212,
        "Time": "2017-05-14 00:06:49",
        "Lines": "4",
        "Lat": 52.1896,
        "Brigade": "9"
      },
      {
        "Lon": 21.0212,
        "Time": "2017-05-14 00:06:49",
        "Lines": "4",
        "Lat": 52.1896,
        "Brigade": "9"
      },
      {
        "Lon": 21.0206,
        "Time": "2017-05-14 00:06:59",
        "Lines": "4",
        "Lat": 52.1895,
        "Brigade": "9"
      },
      {
        "Lon": 21.0201,
        "Time": "2017-05-14 00:07:10",
        "Lines": "4",
        "Lat": 52.1894,
        "Brigade": "9"
      },
      {
        "Lon": 21.0193,
        "Time": "2017-05-14 00:07:25",
        "Lines": "4",
        "Lat": 52.1893,
        "Brigade": "9"
      },
      {
        "Lon": 21.0188,
        "Time": "2017-05-14 00:07:36",
        "Lines": "4",
        "Lat": 52.1892,
        "Brigade": "9"
      },
      {
        "Lon": 21.0185,
        "Time": "2017-05-14 00:07:46",
        "Lines": "4",
        "Lat": 52.1892,
        "Brigade": "9"
      },
      {
        "Lon": 21.0182,
        "Time": "2017-05-14 00:07:57",
        "Lines": "4",
        "Lat": 52.1891,
        "Brigade": "9"
      },
      {
        "Lon": 21.0169,
        "Time": "2017-05-14 00:08:07",
        "Lines": "4",
        "Lat": 52.189,
        "Brigade": "9"
      },
      {
        "Lon": 21.0152,
        "Time": "2017-05-14 00:08:18",
        "Lines": "4",
        "Lat": 52.189,
        "Brigade": "9"
      },
      {
        "Lon": 21.0152,
        "Time": "2017-05-14 00:08:18",
        "Lines": "4",
        "Lat": 52.189,
        "Brigade": "9"
      },
      {
        "Lon": 21.0138,
        "Time": "2017-05-14 00:08:29",
        "Lines": "4",
        "Lat": 52.1889,
        "Brigade": "9"
      },
      {
        "Lon": 21.0126,
        "Time": "2017-05-14 00:08:44",
        "Lines": "4",
        "Lat": 52.1889,
        "Brigade": "9"
      },
      {
        "Lon": 21.012,
        "Time": "2017-05-14 00:08:55",
        "Lines": "4",
        "Lat": 52.1889,
        "Brigade": "9"
      },
      {
        "Lon": 21.012,
        "Time": "2017-05-14 00:09:05",
        "Lines": "4",
        "Lat": 52.1889,
        "Brigade": "9"
      },
      {
        "Lon": 21.012,
        "Time": "2017-05-14 00:09:16",
        "Lines": "4",
        "Lat": 52.1889,
        "Brigade": "9"
      },
      {
        "Lon": 21.0115,
        "Time": "2017-05-14 00:09:26",
        "Lines": "4",
        "Lat": 52.1889,
        "Brigade": "9"
      },
      {
        "Lon": 21.0096,
        "Time": "2017-05-14 00:09:37",
        "Lines": "4",
        "Lat": 52.1889,
        "Brigade": "9"
      },
      {
        "Lon": 21.008,
        "Time": "2017-05-14 00:09:47",
        "Lines": "4",
        "Lat": 52.1889,
        "Brigade": "9"
      },
      {
        "Lon": 21.008,
        "Time": "2017-05-14 00:09:47",
        "Lines": "4",
        "Lat": 52.1889,
        "Brigade": "9"
      },
      {
        "Lon": 21.0077,
        "Time": "2017-05-14 00:10:03",
        "Lines": "4",
        "Lat": 52.1889,
        "Brigade": "9"
      },
      {
        "Lon": 21.0077,
        "Time": "2017-05-14 00:10:13",
        "Lines": "4",
        "Lat": 52.1889,
        "Brigade": "9"
      },
      {
        "Lon": 21.0077,
        "Time": "2017-05-14 00:10:24",
        "Lines": "4",
        "Lat": 52.1889,
        "Brigade": "9"
      },
      {
        "Lon": 21.0077,
        "Time": "2017-05-14 00:10:34",
        "Lines": "4",
        "Lat": 52.1889,
        "Brigade": "9"
      },
      {
        "Lon": 21.0077,
        "Time": "2017-05-14 00:10:45",
        "Lines": "4",
        "Lat": 52.1889,
        "Brigade": "9"
      },
      {
        "Lon": 21.0063,
        "Time": "2017-05-14 00:10:55",
        "Lines": "4",
        "Lat": 52.1889,
        "Brigade": "9"
      },
      {
        "Lon": 21.005,
        "Time": "2017-05-14 00:11:08",
        "Lines": "4",
        "Lat": 52.1888,
        "Brigade": "9"
      },
      {
        "Lon": 21.005,
        "Time": "2017-05-14 00:11:08",
        "Lines": "4",
        "Lat": 52.1888,
        "Brigade": "9"
      },
      {
        "Lon": 21.0041,
        "Time": "2017-05-14 00:11:27",
        "Lines": "4",
        "Lat": 52.1888,
        "Brigade": "9"
      },
      {
        "Lon": 21.0041,
        "Time": "2017-05-14 00:11:37",
        "Lines": "4",
        "Lat": 52.1888,
        "Brigade": "9"
      },
      {
        "Lon": 21.0041,
        "Time": "2017-05-14 00:11:37",
        "Lines": "4",
        "Lat": 52.1888,
        "Brigade": "9"
      },
      {
        "Lon": 21.0041,
        "Time": "2017-05-14 00:11:53",
        "Lines": "4",
        "Lat": 52.1888,
        "Brigade": "9"
      },
      {
        "Lon": 21.0041,
        "Time": "2017-05-14 00:12:04",
        "Lines": "4",
        "Lat": 52.1888,
        "Brigade": "9"
      },
      {
        "Lon": 21.0041,
        "Time": "2017-05-14 00:12:14",
        "Lines": "4",
        "Lat": 52.1888,
        "Brigade": "9"
      },
      {
        "Lon": 21.0041,
        "Time": "2017-05-14 00:12:24",
        "Lines": "4",
        "Lat": 52.1888,
        "Brigade": "9"
      },
      {
        "Lon": 21.0041,
        "Time": "2017-05-14 00:12:35",
        "Lines": "4",
        "Lat": 52.1888,
        "Brigade": "9"
      },
      {
        "Lon": 21.0041,
        "Time": "2017-05-14 00:12:45",
        "Lines": "4",
        "Lat": 52.1888,
        "Brigade": "9"
      },
      {
        "Lon": 21.0037,
        "Time": "2017-05-14 00:12:56",
        "Lines": "4",
        "Lat": 52.1888,
        "Brigade": "9"
      }
    ]
  }
]
