[
  {
    "res": [
      {
        "Lon": 21.0124,
        "Time": "2017-05-14 00:00:00",
        "Lines": "9",
        "Lat": 52.2299,
        "Brigade": "33"
      },
      {
        "Lon": 21.0114,
        "Time": "2017-05-14 00:00:15",
        "Lines": "9",
        "Lat": 52.2297,
        "Brigade": "33"
      },
      {
        "Lon": 21.0103,
        "Time": "2017-05-14 00:00:25",
        "Lines": "9",
        "Lat": 52.2295,
        "Brigade": "33"
      },
      {
        "Lon": 21.0079,
        "Time": "2017-05-14 00:00:35",
        "Lines": "9",
        "Lat": 52.229,
        "Brigade": "33"
      },
      {
        "Lon": 21.0058,
        "Time": "2017-05-14 00:00:48",
        "Lines": "9",
        "Lat": 52.2285,
        "Brigade": "33"
      },
      {
        "Lon": 21.0036,
        "Time": "2017-05-14 00:01:00",
        "Lines": "9",
        "Lat": 52.2281,
        "Brigade": "33"
      },
      {
        "Lon": 21.0028,
        "Time": "2017-05-14 00:01:10",
        "Lines": "9",
        "Lat": 52.2279,
        "Brigade": "33"
      },
      {
        "Lon": 21.0028,
        "Time": "2017-05-14 00:01:20",
        "Lines": "9",
        "Lat": 52.2279,
        "Brigade": "33"
      },
      {
        "Lon": 21.0028,
        "Time": "2017-05-14 00:01:20",
        "Lines": "9",
        "Lat": 52.2279,
        "Brigade": "33"
      },
      {
        "Lon": 21.0028,
        "Time": "2017-05-14 00:01:30",
        "Lines": "9",
        "Lat": 52.2279,
        "Brigade": "33"
      },
      {
        "Lon": 21.0028,
        "Time": "2017-05-14 00:01:45",
        "Lines": "9",
        "Lat": 52.2279,
        "Brigade": "33"
      },
      {
        "Lon": 21.0026,
        "Time": "2017-05-14 00:01:55",
        "Lines": "9",
        "Lat": 52.2279,
        "Brigade": "33"
      },
      {
        "Lon": 21.0026,
        "Time": "2017-05-14 00:02:05",
        "Lines": "9",
        "Lat": 52.2279,
        "Brigade": "33"
      },
      {
        "Lon": 21.0026,
        "Time": "2017-05-14 00:02:15",
        "Lines": "9",
        "Lat": 52.2279,
        "Brigade": "33"
      },
      {
        "Lon": 21.0026,
        "Time": "2017-05-14 00:02:25",
        "Lines": "9",
        "Lat": 52.2279,
        "Brigade": "33"
      },
      {
        "Lon": 21.0026,
        "Time": "2017-05-14 00:02:35",
        "Lines": "9",
        "Lat": 52.2279,
        "Brigade": "33"
      },
      {
        "Lon": 21.0026,
        "Time": "2017-05-14 00:02:50",
        "Lines": "9",
        "Lat": 52.2279,
        "Brigade": "33"
      },
      {
        "Lon": 21.0026,
        "Time": "2017-05-14 00:03:00",
        "Lines": "9",
        "Lat": 52.2279,
        "Brigade": "33"
      },
      {
        "Lon": 21.0026,
        "Time": "2017-05-14 00:03:10",
        "Lines": "9",
        "Lat": 52.2279,
        "Brigade": "33"
      },
      {
        "Lon": 21.0026,
        "Time": "2017-05-14 00:03:10",
        "Lines": "9",
        "Lat": 52.2279,
        "Brigade": "33"
      },
      {
        "Lon": 21.0026,
        "Time": "2017-05-14 00:03:20",
        "Lines": "9",
        "Lat": 52.2279,
        "Brigade": "33"
      },
      {
        "Lon": 21.0026,
        "Time": "2017-05-14 00:03:30",
        "Lines": "9",
        "Lat": 52.2279,
        "Brigade": "33"
      },
      {
        "Lon": 21.002,
        "Time": "2017-05-14 00:03:45",
        "Lines": "9",
        "Lat": 52.2278,
        "Brigade": "33"
      },
      {
        "Lon": 21.001,
        "Time": "2017-05-14 00:03:55",
        "Lines": "9",
        "Lat": 52.2275,
        "Brigade": "33"
      },
      {
        "Lon": 20.999,
        "Time": "2017-05-14 00:04:05",
        "Lines": "9",
        "Lat": 52.2271,
        "Brigade": "33"
      },
      {
        "Lon": 20.9971,
        "Time": "2017-05-14 00:04:15",
        "Lines": "9",
        "Lat": 52.2267,
        "Brigade": "33"
      },
      {
        "Lon": 20.9963,
        "Time": "2017-05-14 00:04:27",
        "Lines": "9",
        "Lat": 52.2265,
        "Brigade": "33"
      },
      {
        "Lon": 20.9963,
        "Time": "2017-05-14 00:04:40",
        "Lines": "9",
        "Lat": 52.2265,
        "Brigade": "33"
      },
      {
        "Lon": 20.9958,
        "Time": "2017-05-14 00:04:50",
        "Lines": "9",
        "Lat": 52.2264,
        "Brigade": "33"
      },
      {
        "Lon": 20.9953,
        "Time": "2017-05-14 00:05:00",
        "Lines": "9",
        "Lat": 52.2263,
        "Brigade": "33"
      },
      {
        "Lon": 20.9953,
        "Time": "2017-05-14 00:05:00",
        "Lines": "9",
        "Lat": 52.2263,
        "Brigade": "33"
      },
      {
        "Lon": 20.9945,
        "Time": "2017-05-14 00:05:10",
        "Lines": "9",
        "Lat": 52.2261,
        "Brigade": "33"
      },
      {
        "Lon": 20.9931,
        "Time": "2017-05-14 00:05:20",
        "Lines": "9",
        "Lat": 52.2258,
        "Brigade": "33"
      },
      {
        "Lon": 20.9921,
        "Time": "2017-05-14 00:05:35",
        "Lines": "9",
        "Lat": 52.2256,
        "Brigade": "33"
      },
      {
        "Lon": 20.9908,
        "Time": "2017-05-14 00:05:45",
        "Lines": "9",
        "Lat": 52.2254,
        "Brigade": "33"
      },
      {
        "Lon": 20.9901,
        "Time": "2017-05-14 00:05:55",
        "Lines": "9",
        "Lat": 52.2251,
        "Brigade": "33"
      },
      {
        "Lon": 20.9898,
        "Time": "2017-05-14 00:06:05",
        "Lines": "9",
        "Lat": 52.225,
        "Brigade": "33"
      },
      {
        "Lon": 20.9898,
        "Time": "2017-05-14 00:06:20",
        "Lines": "9",
        "Lat": 52.225,
        "Brigade": "33"
      },
      {
        "Lon": 20.9898,
        "Time": "2017-05-14 00:06:25",
        "Lines": "9",
        "Lat": 52.225,
        "Brigade": "33"
      },
      {
        "Lon": 20.9898,
        "Time": "2017-05-14 00:06:40",
        "Lines": "9",
        "Lat": 52.225,
        "Brigade": "33"
      },
      {
        "Lon": 20.9898,
        "Time": "2017-05-14 00:06:50",
        "Lines": "9",
        "Lat": 52.225,
        "Brigade": "33"
      },
      {
        "Lon": 20.9898,
        "Time": "2017-05-14 00:06:50",
        "Lines": "9",
        "Lat": 52.225,
        "Brigade": "33"
      },
      {
        "Lon": 20.9898,
        "Time": "2017-05-14 00:07:00",
        "Lines": "9",
        "Lat": 52.225,
        "Brigade": "33"
      },
      {
        "Lon": 20.9898,
        "Time": "2017-05-14 00:07:10",
        "Lines": "9",
        "Lat": 52.225,
        "Brigade": "33"
      },
      {
        "Lon": 20.9898,
        "Time": "2017-05-14 00:07:25",
        "Lines": "9",
        "Lat": 52.225,
        "Brigade": "33"
      },
      {
        "Lon": 20.9891,
        "Time": "2017-05-14 00:07:35",
        "Lines": "9",
        "Lat": 52.2248,
        "Brigade": "33"
      },
      {
        "Lon": 20.9883,
        "Time": "2017-05-14 00:07:45",
        "Lines": "9",
        "Lat": 52.2244,
        "Brigade": "33"
      },
      {
        "Lon": 20.9876,
        "Time": "2017-05-14 00:07:55",
        "Lines": "9",
        "Lat": 52.2237,
        "Brigade": "33"
      },
      {
        "Lon": 20.9868,
        "Time": "2017-05-14 00:08:10",
        "Lines": "9",
        "Lat": 52.2228,
        "Brigade": "33"
      },
      {
        "Lon": 20.9868,
        "Time": "2017-05-14 00:08:21",
        "Lines": "9",
        "Lat": 52.2227,
        "Brigade": "33"
      },
      {
        "Lon": 20.9868,
        "Time": "2017-05-14 00:08:21",
        "Lines": "9",
        "Lat": 52.2227,
        "Brigade": "33"
      },
      {
        "Lon": 20.9868,
        "Time": "2017-05-14 00:08:29",
        "Lines": "9",
        "Lat": 52.2227,
        "Brigade": "33"
      },
      {
        "Lon": 20.9865,
        "Time": "2017-05-14 00:08:44",
        "Lines": "9",
        "Lat": 52.2224,
        "Brigade": "33"
      },
      {
        "Lon": 20.9858,
        "Time": "2017-05-14 00:08:54",
        "Lines": "9",
        "Lat": 52.2215,
        "Brigade": "33"
      },
      {
        "Lon": 20.9856,
        "Time": "2017-05-14 00:09:04",
        "Lines": "9",
        "Lat": 52.2212,
        "Brigade": "33"
      },
      {
        "Lon": 20.9856,
        "Time": "2017-05-14 00:09:14",
        "Lines": "9",
        "Lat": 52.2212,
        "Brigade": "33"
      },
      {
        "Lon": 20.9856,
        "Time": "2017-05-14 00:09:29",
        "Lines": "9",
        "Lat": 52.2212,
        "Brigade": "33"
      },
      {
        "Lon": 20.9852,
        "Time": "2017-05-14 00:09:39",
        "Lines": "9",
        "Lat": 52.2207,
        "Brigade": "33"
      },
      {
        "Lon": 20.9845,
        "Time": "2017-05-14 00:09:49",
        "Lines": "9",
        "Lat": 52.2199,
        "Brigade": "33"
      },
      {
        "Lon": 20.9845,
        "Time": "2017-05-14 00:09:49",
        "Lines": "9",
        "Lat": 52.2199,
        "Brigade": "33"
      },
      {
        "Lon": 20.9843,
        "Time": "2017-05-14 00:09:59",
        "Lines": "9",
        "Lat": 52.2195,
        "Brigade": "33"
      },
      {
        "Lon": 20.9839,
        "Time": "2017-05-14 00:10:09",
        "Lines": "9",
        "Lat": 52.2191,
        "Brigade": "33"
      },
      {
        "Lon": 20.9836,
        "Time": "2017-05-14 00:10:25",
        "Lines": "9",
        "Lat": 52.2188,
        "Brigade": "33"
      },
      {
        "Lon": 20.9836,
        "Time": "2017-05-14 00:10:35",
        "Lines": "9",
        "Lat": 52.2188,
        "Brigade": "33"
      },
      {
        "Lon": 20.9836,
        "Time": "2017-05-14 00:10:45",
        "Lines": "9",
        "Lat": 52.2188,
        "Brigade": "33"
      },
      {
        "Lon": 20.9836,
        "Time": "2017-05-14 00:10:55",
        "Lines": "9",
        "Lat": 52.2188,
        "Brigade": "33"
      },
      {
        "Lon": 20.9836,
        "Time": "2017-05-14 00:11:05",
        "Lines": "9",
        "Lat": 52.2188,
        "Brigade": "33"
      },
      {
        "Lon": 20.9836,
        "Time": "2017-05-14 00:11:20",
        "Lines": "9",
        "Lat": 52.2188,
        "Brigade": "33"
      },
      {
        "Lon": 20.9833,
        "Time": "2017-05-14 00:11:30",
        "Lines": "9",
        "Lat": 52.2185,
        "Brigade": "33"
      },
      {
        "Lon": 20.9833,
        "Time": "2017-05-14 00:11:41",
        "Lines": "9",
        "Lat": 52.2183,
        "Brigade": "33"
      },
      {
        "Lon": 20.9833,
        "Time": "2017-05-14 00:11:41",
        "Lines": "9",
        "Lat": 52.2183,
        "Brigade": "33"
      },
      {
        "Lon": 20.9833,
        "Time": "2017-05-14 00:11:51",
        "Lines": "9",
        "Lat": 52.2183,
        "Brigade": "33"
      },
      {
        "Lon": 20.9837,
        "Time": "2017-05-14 00:12:01",
        "Lines": "9",
        "Lat": 52.2182,
        "Brigade": "33"
      },
      {
        "Lon": 20.9838,
        "Time": "2017-05-14 00:12:16",
        "Lines": "9",
        "Lat": 52.2182,
        "Brigade": "33"
      },
      {
        "Lon": 20.9838,
        "Time": "2017-05-14 00:12:26",
        "Lines": "9",
        "Lat": 52.2182,
        "Brigade": "33"
      },
      {
        "Lon": 20.9838,
        "Time": "2017-05-14 00:12:36",
        "Lines": "9",
        "Lat": 52.2183,
        "Brigade": "33"
      },
      {
        "Lon": 20.9838,
        "Time": "2017-05-14 00:12:46",
        "Lines": "9",
        "Lat": 52.2183,
        "Brigade": "33"
      },
      {
        "Lon": 20.9838,
        "Time": "2017-05-14 00:13:01",
        "Lines": "9",
        "Lat": 52.2183,
        "Brigade": "33"
      },
      {
        "Lon": 20.9838,
        "Time": "2017-05-14 00:13:11",
        "Lines": "9",
        "Lat": 52.2183,
        "Brigade": "33"
      },
      {
        "Lon": 20.9838,
        "Time": "2017-05-14 00:13:21",
        "Lines": "9",
        "Lat": 52.2182,
        "Brigade": "33"
      },
      {
        "Lon": 20.9838,
        "Time": "2017-05-14 00:13:21",
        "Lines": "9",
        "Lat": 52.2182,
        "Brigade": "33"
      },
      {
        "Lon": 20.9838,
        "Time": "2017-05-14 00:13:31",
        "Lines": "9",
        "Lat": 52.2182,
        "Brigade": "33"
      },
      {
        "Lon": 20.9838,
        "Time": "2017-05-14 00:13:41",
        "Lines": "9",
        "Lat": 52.2182,
        "Brigade": "33"
      },
      {
        "Lon": 20.9838,
        "Time": "2017-05-14 00:13:56",
        "Lines": "9",
        "Lat": 52.2182,
        "Brigade": "33"
      },
      {
        "Lon": 20.9838,
        "Time": "2017-05-14 00:14:06",
        "Lines": "9",
        "Lat": 52.2182,
        "Brigade": "33"
      },
      {
        "Lon": 20.9838,
        "Time": "2017-05-14 00:14:16",
        "Lines": "9",
        "Lat": 52.2182,
        "Brigade": "33"
      },
      {
        "Lon": 20.9838,
        "Time": "2017-05-14 00:14:29",
        "Lines": "9",
        "Lat": 52.2182,
        "Brigade": "33"
      },
      {
        "Lon": 20.9838,
        "Time": "2017-05-14 00:14:39",
        "Lines": "9",
        "Lat": 52.2182,
        "Brigade": "33"
      },
      {
        "Lon": 20.9838,
        "Time": "2017-05-14 00:14:39",
        "Lines": "9",
        "Lat": 52.2182,
        "Brigade": "33"
      },
      {
        "Lon": 20.9838,
        "Time": "2017-05-14 00:14:49",
        "Lines": "9",
        "Lat": 52.2182,
        "Brigade": "33"
      },
      {
        "Lon": 20.9838,
        "Time": "2017-05-14 00:14:59",
        "Lines": "9",
        "Lat": 52.2182,
        "Brigade": "33"
      },
      {
        "Lon": 20.9838,
        "Time": "2017-05-14 00:15:14",
        "Lines": "9",
        "Lat": 52.2182,
        "Brigade": "33"
      },
      {
        "Lon": 20.9838,
        "Time": "2017-05-14 00:15:19",
        "Lines": "9",
        "Lat": 52.2183,
        "Brigade": "33"
      },
      {
        "Lon": 20.9838,
        "Time": "2017-05-14 00:15:34",
        "Lines": "9",
        "Lat": 52.2183,
        "Brigade": "33"
      },
      {
        "Lon": 20.9838,
        "Time": "2017-05-14 00:15:44",
        "Lines": "9",
        "Lat": 52.2183,
        "Brigade": "33"
      },
      {
        "Lon": 20.9838,
        "Time": "2017-05-14 00:15:59",
        "Lines": "9",
        "Lat": 52.2183,
        "Brigade": "33"
      },
      {
        "Lon": 20.9838,
        "Time": "2017-05-14 00:16:09",
        "Lines": "9",
        "Lat": 52.2183,
        "Brigade": "33"
      },
      {
        "Lon": 20.9838,
        "Time": "2017-05-14 00:16:19",
        "Lines": "9",
        "Lat": 52.2183,
        "Brigade": "33"
      },
      {
        "Lon": 20.9838,
        "Time": "2017-05-14 00:16:19",
        "Lines": "9",
        "Lat": 52.2183,
        "Brigade": "33"
      },
      {
        "Lon": 20.9838,
        "Time": "2017-05-14 00:16:29",
        "Lines": "9",
        "Lat": 52.2183,
        "Brigade": "33"
      },
      {
        "Lon": 20.9838,
        "Time": "2017-05-14 00:16:39",
        "Lines": "9",
        "Lat": 52.2183,
        "Brigade": "33"
      },
      {
        "Lon": 20.9838,
        "Time": "2017-05-14 00:16:54",
        "Lines": "9",
        "Lat": 52.2183,
        "Brigade": "33"
      },
      {
        "Lon": 20.9838,
        "Time": "2017-05-14 00:17:04",
        "Lines": "9",
        "Lat": 52.2183,
        "Brigade": "33"
      },
      {
        "Lon": 20.9838,
        "Time": "2017-05-14 00:17:14",
        "Lines": "9",
        "Lat": 52.2183,
        "Brigade": "33"
      },
      {
        "Lon": 20.9838,
        "Time": "2017-05-14 00:17:30",
        "Lines": "9",
        "Lat": 52.2183,
        "Brigade": "33"
      },
      {
        "Lon": 20.9838,
        "Time": "2017-05-14 00:17:40",
        "Lines": "9",
        "Lat": 52.2183,
        "Brigade": "33"
      },
      {
        "Lon": 20.9838,
        "Time": "2017-05-14 00:17:50",
        "Lines": "9",
        "Lat": 52.2183,
        "Brigade": "33"
      },
      {
        "Lon": 20.9838,
        "Time": "2017-05-14 00:17:50",
        "Lines": "9",
        "Lat": 52.2183,
        "Brigade": "33"
      },
      {
        "Lon": 20.9839,
        "Time": "2017-05-14 00:18:00",
        "Lines": "9",
        "Lat": 52.2183,
        "Brigade": "33"
      },
      {
        "Lon": 20.9845,
        "Time": "2017-05-14 00:18:15",
        "Lines": "9",
        "Lat": 52.2188,
        "Brigade": "33"
      },
      {
        "Lon": 20.9847,
        "Time": "2017-05-14 00:18:25",
        "Lines": "9",
        "Lat": 52.219,
        "Brigade": "33"
      },
      {
        "Lon": 20.9847,
        "Time": "2017-05-14 00:18:35",
        "Lines": "9",
        "Lat": 52.219,
        "Brigade": "33"
      },
      {
        "Lon": 20.9847,
        "Time": "2017-05-14 00:18:45",
        "Lines": "9",
        "Lat": 52.219,
        "Brigade": "33"
      },
      {
        "Lon": 20.9847,
        "Time": "2017-05-14 00:18:55",
        "Lines": "9",
        "Lat": 52.219,
        "Brigade": "33"
      },
      {
        "Lon": 20.9847,
        "Time": "2017-05-14 00:19:05",
        "Lines": "9",
        "Lat": 52.219,
        "Brigade": "33"
      },
      {
        "Lon": 20.9847,
        "Time": "2017-05-14 00:19:20",
        "Lines": "9",
        "Lat": 52.219,
        "Brigade": "33"
      },
      {
        "Lon": 20.9847,
        "Time": "2017-05-14 00:19:30",
        "Lines": "9",
        "Lat": 52.219,
        "Brigade": "33"
      },
      {
        "Lon": 20.9847,
        "Time": "2017-05-14 00:19:40",
        "Lines": "9",
        "Lat": 52.219,
        "Brigade": "33"
      },
      {
        "Lon": 20.9847,
        "Time": "2017-05-14 00:19:40",
        "Lines": "9",
        "Lat": 52.219,
        "Brigade": "33"
      },
      {
        "Lon": 20.9847,
        "Time": "2017-05-14 00:19:50",
        "Lines": "9",
        "Lat": 52.219,
        "Brigade": "33"
      },
      {
        "Lon": 20.9847,
        "Time": "2017-05-14 00:20:00",
        "Lines": "9",
        "Lat": 52.219,
        "Brigade": "33"
      },
      {
        "Lon": 20.9847,
        "Time": "2017-05-14 00:20:15",
        "Lines": "9",
        "Lat": 52.219,
        "Brigade": "33"
      },
      {
        "Lon": 20.9847,
        "Time": "2017-05-14 00:20:20",
        "Lines": "9",
        "Lat": 52.219,
        "Brigade": "33"
      },
      {
        "Lon": 20.9847,
        "Time": "2017-05-14 00:20:34",
        "Lines": "9",
        "Lat": 52.219,
        "Brigade": "33"
      },
      {
        "Lon": 20.9847,
        "Time": "2017-05-14 00:20:44",
        "Lines": "9",
        "Lat": 52.219,
        "Brigade": "33"
      },
      {
        "Lon": 20.9847,
        "Time": "2017-05-14 00:20:59",
        "Lines": "9",
        "Lat": 52.219,
        "Brigade": "33"
      },
      {
        "Lon": 20.9847,
        "Time": "2017-05-14 00:21:09",
        "Lines": "9",
        "Lat": 52.219,
        "Brigade": "33"
      },
      {
        "Lon": 20.9847,
        "Time": "2017-05-14 00:21:19",
        "Lines": "9",
        "Lat": 52.219,
        "Brigade": "33"
      },
      {
        "Lon": 20.9847,
        "Time": "2017-05-14 00:21:29",
        "Lines": "9",
        "Lat": 52.219,
        "Brigade": "33"
      },
      {
        "Lon": 20.9847,
        "Time": "2017-05-14 00:21:29",
        "Lines": "9",
        "Lat": 52.219,
        "Brigade": "33"
      },
      {
        "Lon": 20.9847,
        "Time": "2017-05-14 00:21:39",
        "Lines": "9",
        "Lat": 52.219,
        "Brigade": "33"
      },
      {
        "Lon": 20.9847,
        "Time": "2017-05-14 00:21:54",
        "Lines": "9",
        "Lat": 52.219,
        "Brigade": "33"
      },
      {
        "Lon": 20.9847,
        "Time": "2017-05-14 00:22:04",
        "Lines": "9",
        "Lat": 52.219,
        "Brigade": "33"
      },
      {
        "Lon": 20.9847,
        "Time": "2017-05-14 00:22:14",
        "Lines": "9",
        "Lat": 52.219,
        "Brigade": "33"
      },
      {
        "Lon": 20.9847,
        "Time": "2017-05-14 00:22:19",
        "Lines": "9",
        "Lat": 52.219,
        "Brigade": "33"
      },
      {
        "Lon": 20.9847,
        "Time": "2017-05-14 00:22:34",
        "Lines": "9",
        "Lat": 52.219,
        "Brigade": "33"
      },
      {
        "Lon": 20.9847,
        "Time": "2017-05-14 00:22:49",
        "Lines": "9",
        "Lat": 52.219,
        "Brigade": "33"
      },
      {
        "Lon": 20.9847,
        "Time": "2017-05-14 00:22:59",
        "Lines": "9",
        "Lat": 52.219,
        "Brigade": "33"
      },
      {
        "Lon": 20.9847,
        "Time": "2017-05-14 00:23:09",
        "Lines": "9",
        "Lat": 52.219,
        "Brigade": "33"
      },
      {
        "Lon": 20.9847,
        "Time": "2017-05-14 00:23:19",
        "Lines": "9",
        "Lat": 52.219,
        "Brigade": "33"
      },
      {
        "Lon": 20.9847,
        "Time": "2017-05-14 00:23:19",
        "Lines": "9",
        "Lat": 52.219,
        "Brigade": "33"
      },
      {
        "Lon": 20.9847,
        "Time": "2017-05-14 00:23:30",
        "Lines": "9",
        "Lat": 52.219,
        "Brigade": "33"
      },
      {
        "Lon": 20.9847,
        "Time": "2017-05-14 00:23:40",
        "Lines": "9",
        "Lat": 52.219,
        "Brigade": "33"
      },
      {
        "Lon": 20.9847,
        "Time": "2017-05-14 00:23:54",
        "Lines": "9",
        "Lat": 52.219,
        "Brigade": "33"
      },
      {
        "Lon": 20.9847,
        "Time": "2017-05-14 00:24:05",
        "Lines": "9",
        "Lat": 52.219,
        "Brigade": "33"
      },
      {
        "Lon": 20.9847,
        "Time": "2017-05-14 00:24:15",
        "Lines": "9",
        "Lat": 52.219,
        "Brigade": "33"
      },
      {
        "Lon": 20.9847,
        "Time": "2017-05-14 00:24:25",
        "Lines": "9",
        "Lat": 52.219,
        "Brigade": "33"
      },
      {
        "Lon": 20.9847,
        "Time": "2017-05-14 00:24:34",
        "Lines": "9",
        "Lat": 52.219,
        "Brigade": "33"
      },
      {
        "Lon": 20.9847,
        "Time": "2017-05-14 00:24:50",
        "Lines": "9",
        "Lat": 52.219,
        "Brigade": "33"
      },
      {
        "Lon": 20.9847,
        "Time": "2017-05-14 00:25:00",
        "Lines": "9",
        "Lat": 52.2191,
        "Brigade": "33"
      },
      {
        "Lon": 20.9847,
        "Time": "2017-05-14 00:25:09",
        "Lines": "9",
        "Lat": 52.2191,
        "Brigade": "33"
      },
      {
        "Lon": 20.9847,
        "Time": "2017-05-14 00:25:09",
        "Lines": "9",
        "Lat": 52.2191,
        "Brigade": "33"
      },
      {
        "Lon": 20.9847,
        "Time": "2017-05-14 00:25:19",
        "Lines": "9",
        "Lat": 52.2191,
        "Brigade": "33"
      },
      {
        "Lon": 20.9847,
        "Time": "2017-05-14 00:25:29",
        "Lines": "9",
        "Lat": 52.2191,
        "Brigade": "33"
      },
      {
        "Lon": 20.9847,
        "Time": "2017-05-14 00:25:45",
        "Lines": "9",
        "Lat": 52.2191,
        "Brigade": "33"
      },
      {
        "Lon": 20.9847,
        "Time": "2017-05-14 00:25:55",
        "Lines": "9",
        "Lat": 52.2191,
        "Brigade": "33"
      },
      {
        "Lon": 20.9847,
        "Time": "2017-05-14 00:26:04",
        "Lines": "9",
        "Lat": 52.219,
        "Brigade": "33"
      },
      {
        "Lon": 20.9847,
        "Time": "2017-05-14 00:26:15",
        "Lines": "9",
        "Lat": 52.219,
        "Brigade": "33"
      },
      {
        "Lon": 20.9847,
        "Time": "2017-05-14 00:26:25",
        "Lines": "9",
        "Lat": 52.219,
        "Brigade": "33"
      },
      {
        "Lon": 20.9847,
        "Time": "2017-05-14 00:26:39",
        "Lines": "9",
        "Lat": 52.219,
        "Brigade": "33"
      },
      {
        "Lon": 20.9847,
        "Time": "2017-05-14 00:26:49",
        "Lines": "9",
        "Lat": 52.219,
        "Brigade": "33"
      },
      {
        "Lon": 20.9847,
        "Time": "2017-05-14 00:27:00",
        "Lines": "9",
        "Lat": 52.219,
        "Brigade": "33"
      },
      {
        "Lon": 20.9847,
        "Time": "2017-05-14 00:27:00",
        "Lines": "9",
        "Lat": 52.219,
        "Brigade": "33"
      },
      {
        "Lon": 20.9847,
        "Time": "2017-05-14 00:27:09",
        "Lines": "9",
        "Lat": 52.219,
        "Brigade": "33"
      },
      {
        "Lon": 20.9847,
        "Time": "2017-05-14 00:27:20",
        "Lines": "9",
        "Lat": 52.219,
        "Brigade": "33"
      },
      {
        "Lon": 20.9847,
        "Time": "2017-05-14 00:27:34",
        "Lines": "9",
        "Lat": 52.219,
        "Brigade": "33"
      },
      {
        "Lon": 20.9847,
        "Time": "2017-05-14 00:27:44",
        "Lines": "9",
        "Lat": 52.219,
        "Brigade": "33"
      },
      {
        "Lon": 20.9847,
        "Time": "2017-05-14 00:27:54",
        "Lines": "9",
        "Lat": 52.219,
        "Brigade": "33"
      },
      {
        "Lon": 20.9847,
        "Time": "2017-05-14 00:28:04",
        "Lines": "9",
        "Lat": 52.219,
        "Brigade": "33"
      },
      {
        "Lon": 20.9847,
        "Time": "2017-05-14 00:28:14",
        "Lines": "9",
        "Lat": 52.219,
        "Brigade": "33"
      },
      {
        "Lon": 20.9847,
        "Time": "2017-05-14 00:28:29",
        "Lines": "9",
        "Lat": 52.219,
        "Brigade": "33"
      },
      {
        "Lon": 20.9847,
        "Time": "2017-05-14 00:28:39",
        "Lines": "9",
        "Lat": 52.219,
        "Brigade": "33"
      },
      {
        "Lon": 20.9847,
        "Time": "2017-05-14 00:28:49",
        "Lines": "9",
        "Lat": 52.219,
        "Brigade": "33"
      },
      {
        "Lon": 20.9847,
        "Time": "2017-05-14 00:28:49",
        "Lines": "9",
        "Lat": 52.219,
        "Brigade": "33"
      },
      {
        "Lon": 20.9847,
        "Time": "2017-05-14 00:29:04",
        "Lines": "9",
        "Lat": 52.219,
        "Brigade": "33"
      },
      {
        "Lon": 20.9847,
        "Time": "2017-05-14 00:29:14",
        "Lines": "9",
        "Lat": 52.219,
        "Brigade": "33"
      },
      {
        "Lon": 20.9847,
        "Time": "2017-05-14 00:29:24",
        "Lines": "9",
        "Lat": 52.219,
        "Brigade": "33"
      },
      {
        "Lon": 20.9847,
        "Time": "2017-05-14 00:29:34",
        "Lines": "9",
        "Lat": 52.219,
        "Brigade": "33"
      },
      {
        "Lon": 20.9847,
        "Time": "2017-05-14 00:29:44",
        "Lines": "9",
        "Lat": 52.219,
        "Brigade": "33"
      },
      {
        "Lon": 20.9847,
        "Time": "2017-05-14 00:29:54",
        "Lines": "9",
        "Lat": 52.219,
        "Brigade": "33"
      },
      {
        "Lon": 20.9847,
        "Time": "2017-05-14 00:29:59",
        "Lines": "9",
        "Lat": 52.219,
        "Brigade": "33"
      },
      {
        "Lon": 20.9847,
        "Time": "2017-05-14 00:29:59",
        "Lines": "9",
        "Lat": 52.219,
        "Brigade": "33"
      },
      {
        "Lon": 20.9847,
        "Time": "2017-05-14 00:29:59",
        "Lines": "9",
        "Lat": 52.219,
        "Brigade": "33"
      },
      {
        "Lon": 20.9847,
        "Time": "2017-05-14 00:29:59",
        "Lines": "9",
        "Lat": 52.219,
        "Brigade": "33"
      },
      {
        "Lon": 20.9847,
        "Time": "2017-05-14 00:29:59",
        "Lines": "9",
        "Lat": 52.219,
        "Brigade": "33"
      },
      {
        "Lon": 20.9847,
        "Time": "2017-05-14 00:29:59",
        "Lines": "9",
        "Lat": 52.219,
        "Brigade": "33"
      },
      {
        "Lon": 20.9847,
        "Time": "2017-05-14 00:29:59",
        "Lines": "9",
        "Lat": 52.219,
        "Brigade": "33"
      },
      {
        "Lon": 20.9847,
        "Time": "2017-05-14 00:31:14",
        "Lines": "9",
        "Lat": 52.219,
        "Brigade": "33"
      },
      {
        "Lon": 20.9847,
        "Time": "2017-05-14 00:31:24",
        "Lines": "9",
        "Lat": 52.219,
        "Brigade": "33"
      },
      {
        "Lon": 20.9847,
        "Time": "2017-05-14 00:31:34",
        "Lines": "9",
        "Lat": 52.219,
        "Brigade": "33"
      },
      {
        "Lon": 20.9847,
        "Time": "2017-05-14 00:31:44",
        "Lines": "9",
        "Lat": 52.219,
        "Brigade": "33"
      },
      {
        "Lon": 20.9847,
        "Time": "2017-05-14 00:31:59",
        "Lines": "9",
        "Lat": 52.219,
        "Brigade": "33"
      },
      {
        "Lon": 20.9847,
        "Time": "2017-05-14 00:32:09",
        "Lines": "9",
        "Lat": 52.219,
        "Brigade": "33"
      },
      {
        "Lon": 20.9847,
        "Time": "2017-05-14 00:32:19",
        "Lines": "9",
        "Lat": 52.219,
        "Brigade": "33"
      },
      {
        "Lon": 20.9847,
        "Time": "2017-05-14 00:32:19",
        "Lines": "9",
        "Lat": 52.219,
        "Brigade": "33"
      },
      {
        "Lon": 20.9847,
        "Time": "2017-05-14 00:32:29",
        "Lines": "9",
        "Lat": 52.219,
        "Brigade": "33"
      },
      {
        "Lon": 20.9847,
        "Time": "2017-05-14 00:32:40",
        "Lines": "9",
        "Lat": 52.219,
        "Brigade": "33"
      },
      {
        "Lon": 20.9847,
        "Time": "2017-05-14 00:32:54",
        "Lines": "9",
        "Lat": 52.219,
        "Brigade": "33"
      },
      {
        "Lon": 20.9847,
        "Time": "2017-05-14 00:33:04",
        "Lines": "9",
        "Lat": 52.219,
        "Brigade": "33"
      },
      {
        "Lon": 20.9847,
        "Time": "2017-05-14 00:33:15",
        "Lines": "9",
        "Lat": 52.219,
        "Brigade": "33"
      },
      {
        "Lon": 20.9847,
        "Time": "2017-05-14 00:33:24",
        "Lines": "9",
        "Lat": 52.219,
        "Brigade": "33"
      },
      {
        "Lon": 20.9847,
        "Time": "2017-05-14 00:33:39",
        "Lines": "9",
        "Lat": 52.219,
        "Brigade": "33"
      },
      {
        "Lon": 20.9847,
        "Time": "2017-05-14 00:33:49",
        "Lines": "9",
        "Lat": 52.219,
        "Brigade": "33"
      },
      {
        "Lon": 20.9847,
        "Time": "2017-05-14 00:33:59",
        "Lines": "9",
        "Lat": 52.219,
        "Brigade": "33"
      },
      {
        "Lon": 20.9847,
        "Time": "2017-05-14 00:33:59",
        "Lines": "9",
        "Lat": 52.219,
        "Brigade": "33"
      },
      {
        "Lon": 20.9847,
        "Time": "2017-05-14 00:34:09",
        "Lines": "9",
        "Lat": 52.219,
        "Brigade": "33"
      },
      {
        "Lon": 20.9847,
        "Time": "2017-05-14 00:34:24",
        "Lines": "9",
        "Lat": 52.219,
        "Brigade": "33"
      },
      {
        "Lon": 20.9847,
        "Time": "2017-05-14 00:34:34",
        "Lines": "9",
        "Lat": 52.219,
        "Brigade": "33"
      },
      {
        "Lon": 20.9847,
        "Time": "2017-05-14 00:34:44",
        "Lines": "9",
        "Lat": 52.219,
        "Brigade": "33"
      },
      {
        "Lon": 20.9847,
        "Time": "2017-05-14 00:34:54",
        "Lines": "9",
        "Lat": 52.219,
        "Brigade": "33"
      },
      {
        "Lon": 20.9847,
        "Time": "2017-05-14 00:35:09",
        "Lines": "9",
        "Lat": 52.219,
        "Brigade": "33"
      },
      {
        "Lon": 20.9847,
        "Time": "2017-05-14 00:35:19",
        "Lines": "9",
        "Lat": 52.219,
        "Brigade": "33"
      },
      {
        "Lon": 20.9847,
        "Time": "2017-05-14 00:35:29",
        "Lines": "9",
        "Lat": 52.219,
        "Brigade": "33"
      },
      {
        "Lon": 20.9847,
        "Time": "2017-05-14 00:35:39",
        "Lines": "9",
        "Lat": 52.219,
        "Brigade": "33"
      },
      {
        "Lon": 20.9847,
        "Time": "2017-05-14 00:35:39",
        "Lines": "9",
        "Lat": 52.219,
        "Brigade": "33"
      },
      {
        "Lon": 20.9847,
        "Time": "2017-05-14 00:35:49",
        "Lines": "9",
        "Lat": 52.219,
        "Brigade": "33"
      },
      {
        "Lon": 20.9847,
        "Time": "2017-05-14 00:35:59",
        "Lines": "9",
        "Lat": 52.219,
        "Brigade": "33"
      },
      {
        "Lon": 20.9847,
        "Time": "2017-05-14 00:36:14",
        "Lines": "9",
        "Lat": 52.219,
        "Brigade": "33"
      },
      {
        "Lon": 20.9847,
        "Time": "2017-05-14 00:36:24",
        "Lines": "9",
        "Lat": 52.219,
        "Brigade": "33"
      },
      {
        "Lon": 20.9847,
        "Time": "2017-05-14 00:36:34",
        "Lines": "9",
        "Lat": 52.219,
        "Brigade": "33"
      },
      {
        "Lon": 20.9847,
        "Time": "2017-05-14 00:36:44",
        "Lines": "9",
        "Lat": 52.2191,
        "Brigade": "33"
      },
      {
        "Lon": 20.9847,
        "Time": "2017-05-14 00:36:59",
        "Lines": "9",
        "Lat": 52.2191,
        "Brigade": "33"
      },
      {
        "Lon": 20.9847,
        "Time": "2017-05-14 00:37:09",
        "Lines": "9",
        "Lat": 52.2191,
        "Brigade": "33"
      },
      {
        "Lon": 20.9847,
        "Time": "2017-05-14 00:37:19",
        "Lines": "9",
        "Lat": 52.2191,
        "Brigade": "33"
      },
      {
        "Lon": 20.9847,
        "Time": "2017-05-14 00:37:29",
        "Lines": "9",
        "Lat": 52.2191,
        "Brigade": "33"
      },
      {
        "Lon": 20.9847,
        "Time": "2017-05-14 00:37:29",
        "Lines": "9",
        "Lat": 52.2191,
        "Brigade": "33"
      },
      {
        "Lon": 20.9847,
        "Time": "2017-05-14 00:37:39",
        "Lines": "9",
        "Lat": 52.2191,
        "Brigade": "33"
      },
      {
        "Lon": 20.9847,
        "Time": "2017-05-14 00:37:54",
        "Lines": "9",
        "Lat": 52.2191,
        "Brigade": "33"
      },
      {
        "Lon": 20.9847,
        "Time": "2017-05-14 00:38:04",
        "Lines": "9",
        "Lat": 52.2191,
        "Brigade": "33"
      },
      {
        "Lon": 20.9848,
        "Time": "2017-05-14 00:38:14",
        "Lines": "9",
        "Lat": 52.2191,
        "Brigade": "33"
      },
      {
        "Lon": 20.9847,
        "Time": "2017-05-14 00:38:26",
        "Lines": "9",
        "Lat": 52.2195,
        "Brigade": "33"
      },
      {
        "Lon": 20.9845,
        "Time": "2017-05-14 00:38:34",
        "Lines": "9",
        "Lat": 52.2198,
        "Brigade": "33"
      },
      {
        "Lon": 20.9851,
        "Time": "2017-05-14 00:38:49",
        "Lines": "9",
        "Lat": 52.2207,
        "Brigade": "33"
      },
      {
        "Lon": 20.986,
        "Time": "2017-05-14 00:38:59",
        "Lines": "9",
        "Lat": 52.2217,
        "Brigade": "33"
      },
      {
        "Lon": 20.9867,
        "Time": "2017-05-14 00:39:09",
        "Lines": "9",
        "Lat": 52.2225,
        "Brigade": "33"
      },
      {
        "Lon": 20.9868,
        "Time": "2017-05-14 00:39:19",
        "Lines": "9",
        "Lat": 52.2226,
        "Brigade": "33"
      },
      {
        "Lon": 20.9868,
        "Time": "2017-05-14 00:39:19",
        "Lines": "9",
        "Lat": 52.2226,
        "Brigade": "33"
      },
      {
        "Lon": 20.9868,
        "Time": "2017-05-14 00:39:29",
        "Lines": "9",
        "Lat": 52.2226,
        "Brigade": "33"
      },
      {
        "Lon": 20.9868,
        "Time": "2017-05-14 00:39:39",
        "Lines": "9",
        "Lat": 52.2226,
        "Brigade": "33"
      },
      {
        "Lon": 20.9869,
        "Time": "2017-05-14 00:39:52",
        "Lines": "9",
        "Lat": 52.2228,
        "Brigade": "33"
      },
      {
        "Lon": 20.9878,
        "Time": "2017-05-14 00:40:05",
        "Lines": "9",
        "Lat": 52.2238,
        "Brigade": "33"
      },
      {
        "Lon": 20.9883,
        "Time": "2017-05-14 00:40:14",
        "Lines": "9",
        "Lat": 52.2243,
        "Brigade": "33"
      },
      {
        "Lon": 20.9886,
        "Time": "2017-05-14 00:40:19",
        "Lines": "9",
        "Lat": 52.2245,
        "Brigade": "33"
      },
      {
        "Lon": 20.9898,
        "Time": "2017-05-14 00:40:39",
        "Lines": "9",
        "Lat": 52.225,
        "Brigade": "33"
      },
      {
        "Lon": 20.9904,
        "Time": "2017-05-14 00:40:49",
        "Lines": "9",
        "Lat": 52.2253,
        "Brigade": "33"
      },
      {
        "Lon": 20.9906,
        "Time": "2017-05-14 00:40:59",
        "Lines": "9",
        "Lat": 52.2253,
        "Brigade": "33"
      },
      {
        "Lon": 20.9906,
        "Time": "2017-05-14 00:41:09",
        "Lines": "9",
        "Lat": 52.2253,
        "Brigade": "33"
      },
      {
        "Lon": 20.9906,
        "Time": "2017-05-14 00:41:09",
        "Lines": "9",
        "Lat": 52.2253,
        "Brigade": "33"
      },
      {
        "Lon": 20.9906,
        "Time": "2017-05-14 00:41:19",
        "Lines": "9",
        "Lat": 52.2253,
        "Brigade": "33"
      },
      {
        "Lon": 20.9906,
        "Time": "2017-05-14 00:41:29",
        "Lines": "9",
        "Lat": 52.2254,
        "Brigade": "33"
      },
      {
        "Lon": 20.9906,
        "Time": "2017-05-14 00:41:44",
        "Lines": "9",
        "Lat": 52.2254,
        "Brigade": "33"
      },
      {
        "Lon": 20.9906,
        "Time": "2017-05-14 00:41:54",
        "Lines": "9",
        "Lat": 52.2254,
        "Brigade": "33"
      },
      {
        "Lon": 20.9906,
        "Time": "2017-05-14 00:42:04",
        "Lines": "9",
        "Lat": 52.2254,
        "Brigade": "33"
      },
      {
        "Lon": 20.991,
        "Time": "2017-05-14 00:42:18",
        "Lines": "9",
        "Lat": 52.2255,
        "Brigade": "33"
      },
      {
        "Lon": 20.9915,
        "Time": "2017-05-14 00:42:24",
        "Lines": "9",
        "Lat": 52.2257,
        "Brigade": "33"
      },
      {
        "Lon": 20.9924,
        "Time": "2017-05-14 00:42:39",
        "Lines": "9",
        "Lat": 52.2258,
        "Brigade": "33"
      },
      {
        "Lon": 20.9936,
        "Time": "2017-05-14 00:42:49",
        "Lines": "9",
        "Lat": 52.2261,
        "Brigade": "33"
      },
      {
        "Lon": 20.995,
        "Time": "2017-05-14 00:42:59",
        "Lines": "9",
        "Lat": 52.2264,
        "Brigade": "33"
      },
      {
        "Lon": 20.995,
        "Time": "2017-05-14 00:42:59",
        "Lines": "9",
        "Lat": 52.2264,
        "Brigade": "33"
      },
      {
        "Lon": 20.9953,
        "Time": "2017-05-14 00:43:09",
        "Lines": "9",
        "Lat": 52.2264,
        "Brigade": "33"
      },
      {
        "Lon": 20.9953,
        "Time": "2017-05-14 00:43:19",
        "Lines": "9",
        "Lat": 52.2264,
        "Brigade": "33"
      },
      {
        "Lon": 20.9963,
        "Time": "2017-05-14 00:43:34",
        "Lines": "9",
        "Lat": 52.2267,
        "Brigade": "33"
      },
      {
        "Lon": 20.9974,
        "Time": "2017-05-14 00:43:44",
        "Lines": "9",
        "Lat": 52.2269,
        "Brigade": "33"
      },
      {
        "Lon": 20.9989,
        "Time": "2017-05-14 00:43:54",
        "Lines": "9",
        "Lat": 52.2272,
        "Brigade": "33"
      },
      {
        "Lon": 21.001,
        "Time": "2017-05-14 00:44:09",
        "Lines": "9",
        "Lat": 52.2276,
        "Brigade": "33"
      },
      {
        "Lon": 21.002,
        "Time": "2017-05-14 00:44:19",
        "Lines": "9",
        "Lat": 52.2279,
        "Brigade": "33"
      },
      {
        "Lon": 21.0029,
        "Time": "2017-05-14 00:44:29",
        "Lines": "9",
        "Lat": 52.228,
        "Brigade": "33"
      },
      {
        "Lon": 21.0036,
        "Time": "2017-05-14 00:44:39",
        "Lines": "9",
        "Lat": 52.2282,
        "Brigade": "33"
      },
      {
        "Lon": 21.0036,
        "Time": "2017-05-14 00:44:39",
        "Lines": "9",
        "Lat": 52.2282,
        "Brigade": "33"
      },
      {
        "Lon": 21.0038,
        "Time": "2017-05-14 00:44:50",
        "Lines": "9",
        "Lat": 52.2283,
        "Brigade": "33"
      },
      {
        "Lon": 21.0038,
        "Time": "2017-05-14 00:45:00",
        "Lines": "9",
        "Lat": 52.2283,
        "Brigade": "33"
      },
      {
        "Lon": 21.0041,
        "Time": "2017-05-14 00:45:13",
        "Lines": "9",
        "Lat": 52.2284,
        "Brigade": "33"
      },
      {
        "Lon": 21.0062,
        "Time": "2017-05-14 00:45:25",
        "Lines": "9",
        "Lat": 52.2289,
        "Brigade": "33"
      },
      {
        "Lon": 21.0081,
        "Time": "2017-05-14 00:45:35",
        "Lines": "9",
        "Lat": 52.2293,
        "Brigade": "33"
      },
      {
        "Lon": 21.0099,
        "Time": "2017-05-14 00:45:45",
        "Lines": "9",
        "Lat": 52.2296,
        "Brigade": "33"
      },
      {
        "Lon": 21.0112,
        "Time": "2017-05-14 00:45:58",
        "Lines": "9",
        "Lat": 52.2299,
        "Brigade": "33"
      },
      {
        "Lon": 21.0112,
        "Time": "2017-05-14 00:46:05",
        "Lines": "9",
        "Lat": 52.2299,
        "Brigade": "33"
      },
      {
        "Lon": 21.0112,
        "Time": "2017-05-14 00:46:20",
        "Lines": "9",
        "Lat": 52.2299,
        "Brigade": "33"
      },
      {
        "Lon": 21.0112,
        "Time": "2017-05-14 00:46:30",
        "Lines": "9",
        "Lat": 52.2299,
        "Brigade": "33"
      },
      {
        "Lon": 21.0112,
        "Time": "2017-05-14 00:46:30",
        "Lines": "9",
        "Lat": 52.2299,
        "Brigade": "33"
      },
      {
        "Lon": 21.0112,
        "Time": "2017-05-14 00:46:40",
        "Lines": "9",
        "Lat": 52.2299,
        "Brigade": "33"
      },
      {
        "Lon": 21.0112,
        "Time": "2017-05-14 00:46:50",
        "Lines": "9",
        "Lat": 52.2299,
        "Brigade": "33"
      },
      {
        "Lon": 21.0112,
        "Time": "2017-05-14 00:47:05",
        "Lines": "9",
        "Lat": 52.2299,
        "Brigade": "33"
      },
      {
        "Lon": 21.0112,
        "Time": "2017-05-14 00:47:10",
        "Lines": "9",
        "Lat": 52.2299,
        "Brigade": "33"
      },
      {
        "Lon": 21.0112,
        "Time": "2017-05-14 00:47:25",
        "Lines": "9",
        "Lat": 52.2299,
        "Brigade": "33"
      },
      {
        "Lon": 21.0118,
        "Time": "2017-05-14 00:47:36",
        "Lines": "9",
        "Lat": 52.23,
        "Brigade": "33"
      },
      {
        "Lon": 21.0129,
        "Time": "2017-05-14 00:47:45",
        "Lines": "9",
        "Lat": 52.2302,
        "Brigade": "33"
      },
      {
        "Lon": 21.0148,
        "Time": "2017-05-14 00:47:56",
        "Lines": "9",
        "Lat": 52.2306,
        "Brigade": "33"
      },
      {
        "Lon": 21.016,
        "Time": "2017-05-14 00:48:10",
        "Lines": "9",
        "Lat": 52.2308,
        "Brigade": "33"
      },
      {
        "Lon": 21.016,
        "Time": "2017-05-14 00:48:20",
        "Lines": "9",
        "Lat": 52.2308,
        "Brigade": "33"
      },
      {
        "Lon": 21.016,
        "Time": "2017-05-14 00:48:20",
        "Lines": "9",
        "Lat": 52.2308,
        "Brigade": "33"
      },
      {
        "Lon": 21.0161,
        "Time": "2017-05-14 00:48:30",
        "Lines": "9",
        "Lat": 52.2308,
        "Brigade": "33"
      },
      {
        "Lon": 21.016,
        "Time": "2017-05-14 00:48:40",
        "Lines": "9",
        "Lat": 52.2308,
        "Brigade": "33"
      },
      {
        "Lon": 21.016,
        "Time": "2017-05-14 00:48:50",
        "Lines": "9",
        "Lat": 52.2308,
        "Brigade": "33"
      },
      {
        "Lon": 21.0168,
        "Time": "2017-05-14 00:49:05",
        "Lines": "9",
        "Lat": 52.231,
        "Brigade": "33"
      },
      {
        "Lon": 21.0186,
        "Time": "2017-05-14 00:49:15",
        "Lines": "9",
        "Lat": 52.2314,
        "Brigade": "33"
      },
      {
        "Lon": 21.0201,
        "Time": "2017-05-14 00:49:25",
        "Lines": "9",
        "Lat": 52.2317,
        "Brigade": "33"
      },
      {
        "Lon": 21.0202,
        "Time": "2017-05-14 00:49:35",
        "Lines": "9",
        "Lat": 52.2317,
        "Brigade": "33"
      },
      {
        "Lon": 21.0202,
        "Time": "2017-05-14 00:49:45",
        "Lines": "9",
        "Lat": 52.2317,
        "Brigade": "33"
      },
      {
        "Lon": 21.0202,
        "Time": "2017-05-14 00:50:00",
        "Lines": "9",
        "Lat": 52.2317,
        "Brigade": "33"
      },
      {
        "Lon": 21.0202,
        "Time": "2017-05-14 00:50:10",
        "Lines": "9",
        "Lat": 52.2317,
        "Brigade": "33"
      },
      {
        "Lon": 21.0202,
        "Time": "2017-05-14 00:50:10",
        "Lines": "9",
        "Lat": 52.2317,
        "Brigade": "33"
      },
      {
        "Lon": 21.0202,
        "Time": "2017-05-14 00:50:20",
        "Lines": "9",
        "Lat": 52.2317,
        "Brigade": "33"
      },
      {
        "Lon": 21.0202,
        "Time": "2017-05-14 00:50:30",
        "Lines": "9",
        "Lat": 52.2317,
        "Brigade": "33"
      },
      {
        "Lon": 21.0202,
        "Time": "2017-05-14 00:50:40",
        "Lines": "9",
        "Lat": 52.2317,
        "Brigade": "33"
      },
      {
        "Lon": 21.0211,
        "Time": "2017-05-14 00:50:52",
        "Lines": "9",
        "Lat": 52.2319,
        "Brigade": "33"
      },
      {
        "Lon": 21.0226,
        "Time": "2017-05-14 00:51:02",
        "Lines": "9",
        "Lat": 52.2322,
        "Brigade": "33"
      },
      {
        "Lon": 21.0244,
        "Time": "2017-05-14 00:51:12",
        "Lines": "9",
        "Lat": 52.2326,
        "Brigade": "33"
      },
      {
        "Lon": 21.0276,
        "Time": "2017-05-14 00:51:29",
        "Lines": "9",
        "Lat": 52.2332,
        "Brigade": "33"
      },
      {
        "Lon": 21.029,
        "Time": "2017-05-14 00:51:39",
        "Lines": "9",
        "Lat": 52.2335,
        "Brigade": "33"
      },
      {
        "Lon": 21.0304,
        "Time": "2017-05-14 00:51:49",
        "Lines": "9",
        "Lat": 52.2338,
        "Brigade": "33"
      },
      {
        "Lon": 21.0315,
        "Time": "2017-05-14 00:51:59",
        "Lines": "9",
        "Lat": 52.234,
        "Brigade": "33"
      },
      {
        "Lon": 21.0315,
        "Time": "2017-05-14 00:51:59",
        "Lines": "9",
        "Lat": 52.234,
        "Brigade": "33"
      },
      {
        "Lon": 21.0323,
        "Time": "2017-05-14 00:52:09",
        "Lines": "9",
        "Lat": 52.2342,
        "Brigade": "33"
      },
      {
        "Lon": 21.0336,
        "Time": "2017-05-14 00:52:24",
        "Lines": "9",
        "Lat": 52.2344,
        "Brigade": "33"
      },
      {
        "Lon": 21.0349,
        "Time": "2017-05-14 00:52:34",
        "Lines": "9",
        "Lat": 52.2347,
        "Brigade": "33"
      },
      {
        "Lon": 21.036,
        "Time": "2017-05-14 00:52:44",
        "Lines": "9",
        "Lat": 52.2349,
        "Brigade": "33"
      },
      {
        "Lon": 21.037,
        "Time": "2017-05-14 00:52:54",
        "Lines": "9",
        "Lat": 52.2351,
        "Brigade": "33"
      },
      {
        "Lon": 21.0374,
        "Time": "2017-05-14 00:53:09",
        "Lines": "9",
        "Lat": 52.2352,
        "Brigade": "33"
      },
      {
        "Lon": 21.0374,
        "Time": "2017-05-14 00:53:14",
        "Lines": "9",
        "Lat": 52.2352,
        "Brigade": "33"
      },
      {
        "Lon": 21.0373,
        "Time": "2017-05-14 00:53:29",
        "Lines": "9",
        "Lat": 52.2352,
        "Brigade": "33"
      },
      {
        "Lon": 21.0373,
        "Time": "2017-05-14 00:53:39",
        "Lines": "9",
        "Lat": 52.2352,
        "Brigade": "33"
      },
      {
        "Lon": 21.0373,
        "Time": "2017-05-14 00:53:39",
        "Lines": "9",
        "Lat": 52.2352,
        "Brigade": "33"
      },
      {
        "Lon": 21.0373,
        "Time": "2017-05-14 00:53:49",
        "Lines": "9",
        "Lat": 52.2352,
        "Brigade": "33"
      },
      {
        "Lon": 21.0373,
        "Time": "2017-05-14 00:53:59",
        "Lines": "9",
        "Lat": 52.2352,
        "Brigade": "33"
      },
      {
        "Lon": 21.0373,
        "Time": "2017-05-14 00:54:14",
        "Lines": "9",
        "Lat": 52.2352,
        "Brigade": "33"
      },
      {
        "Lon": 21.0374,
        "Time": "2017-05-14 00:54:24",
        "Lines": "9",
        "Lat": 52.2352,
        "Brigade": "33"
      },
      {
        "Lon": 21.0389,
        "Time": "2017-05-14 00:54:34",
        "Lines": "9",
        "Lat": 52.2355,
        "Brigade": "33"
      },
      {
        "Lon": 21.0409,
        "Time": "2017-05-14 00:54:44",
        "Lines": "9",
        "Lat": 52.2359,
        "Brigade": "33"
      },
      {
        "Lon": 21.0428,
        "Time": "2017-05-14 00:54:54",
        "Lines": "9",
        "Lat": 52.2363,
        "Brigade": "33"
      },
      {
        "Lon": 21.0458,
        "Time": "2017-05-14 00:55:09",
        "Lines": "9",
        "Lat": 52.2369,
        "Brigade": "33"
      },
      {
        "Lon": 21.048,
        "Time": "2017-05-14 00:55:20",
        "Lines": "9",
        "Lat": 52.2374,
        "Brigade": "33"
      },
      {
        "Lon": 21.0494,
        "Time": "2017-05-14 00:55:29",
        "Lines": "9",
        "Lat": 52.2376,
        "Brigade": "33"
      },
      {
        "Lon": 21.0494,
        "Time": "2017-05-14 00:55:29",
        "Lines": "9",
        "Lat": 52.2376,
        "Brigade": "33"
      },
      {
        "Lon": 21.0504,
        "Time": "2017-05-14 00:55:39",
        "Lines": "9",
        "Lat": 52.2378,
        "Brigade": "33"
      },
      {
        "Lon": 21.051,
        "Time": "2017-05-14 00:55:49",
        "Lines": "9",
        "Lat": 52.238,
        "Brigade": "33"
      },
      {
        "Lon": 21.051,
        "Time": "2017-05-14 00:56:04",
        "Lines": "9",
        "Lat": 52.238,
        "Brigade": "33"
      },
      {
        "Lon": 21.051,
        "Time": "2017-05-14 00:56:14",
        "Lines": "9",
        "Lat": 52.238,
        "Brigade": "33"
      },
      {
        "Lon": 21.051,
        "Time": "2017-05-14 00:56:24",
        "Lines": "9",
        "Lat": 52.238,
        "Brigade": "33"
      },
      {
        "Lon": 21.0521,
        "Time": "2017-05-14 00:56:34",
        "Lines": "9",
        "Lat": 52.2383,
        "Brigade": "33"
      },
      {
        "Lon": 21.0531,
        "Time": "2017-05-14 00:56:49",
        "Lines": "9",
        "Lat": 52.2384,
        "Brigade": "33"
      },
      {
        "Lon": 21.054,
        "Time": "2017-05-14 00:56:59",
        "Lines": "9",
        "Lat": 52.2385,
        "Brigade": "33"
      },
      {
        "Lon": 21.0556,
        "Time": "2017-05-14 00:57:09",
        "Lines": "9",
        "Lat": 52.2389,
        "Brigade": "33"
      },
      {
        "Lon": 21.0563,
        "Time": "2017-05-14 00:57:19",
        "Lines": "9",
        "Lat": 52.239,
        "Brigade": "33"
      },
      {
        "Lon": 21.0563,
        "Time": "2017-05-14 00:57:19",
        "Lines": "9",
        "Lat": 52.239,
        "Brigade": "33"
      },
      {
        "Lon": 21.0563,
        "Time": "2017-05-14 00:57:29",
        "Lines": "9",
        "Lat": 52.239,
        "Brigade": "33"
      },
      {
        "Lon": 21.0563,
        "Time": "2017-05-14 00:57:39",
        "Lines": "9",
        "Lat": 52.239,
        "Brigade": "33"
      },
      {
        "Lon": 21.0583,
        "Time": "2017-05-14 00:57:54",
        "Lines": "9",
        "Lat": 52.2395,
        "Brigade": "33"
      },
      {
        "Lon": 21.0605,
        "Time": "2017-05-14 00:58:04",
        "Lines": "9",
        "Lat": 52.2399,
        "Brigade": "33"
      },
      {
        "Lon": 21.0625,
        "Time": "2017-05-14 00:58:14",
        "Lines": "9",
        "Lat": 52.2403,
        "Brigade": "33"
      },
      {
        "Lon": 21.0632,
        "Time": "2017-05-14 00:58:19",
        "Lines": "9",
        "Lat": 52.2404,
        "Brigade": "33"
      },
      {
        "Lon": 21.0632,
        "Time": "2017-05-14 00:58:38",
        "Lines": "9",
        "Lat": 52.2404,
        "Brigade": "33"
      },
      {
        "Lon": 21.0632,
        "Time": "2017-05-14 00:58:48",
        "Lines": "9",
        "Lat": 52.2404,
        "Brigade": "33"
      },
      {
        "Lon": 21.0644,
        "Time": "2017-05-14 00:58:58",
        "Lines": "9",
        "Lat": 52.2407,
        "Brigade": "33"
      },
      {
        "Lon": 21.0664,
        "Time": "2017-05-14 00:59:08",
        "Lines": "9",
        "Lat": 52.2411,
        "Brigade": "33"
      },
      {
        "Lon": 21.0664,
        "Time": "2017-05-14 00:59:08",
        "Lines": "9",
        "Lat": 52.2411,
        "Brigade": "33"
      },
      {
        "Lon": 21.0685,
        "Time": "2017-05-14 00:59:18",
        "Lines": "9",
        "Lat": 52.2415,
        "Brigade": "33"
      },
      {
        "Lon": 21.0684,
        "Time": "2017-05-14 01:10:33",
        "Lines": "9",
        "Lat": 52.2463,
        "Brigade": "33"
      },
      {
        "Lon": 21.0663,
        "Time": "2017-05-14 01:10:43",
        "Lines": "9",
        "Lat": 52.2464,
        "Brigade": "33"
      },
      {
        "Lon": 21.0643,
        "Time": "2017-05-14 01:10:53",
        "Lines": "9",
        "Lat": 52.2466,
        "Brigade": "33"
      },
      {
        "Lon": 21.0637,
        "Time": "2017-05-14 01:11:10",
        "Lines": "9",
        "Lat": 52.2466,
        "Brigade": "33"
      },
      {
        "Lon": 21.0637,
        "Time": "2017-05-14 01:11:18",
        "Lines": "9",
        "Lat": 52.2466,
        "Brigade": "33"
      },
      {
        "Lon": 21.0637,
        "Time": "2017-05-14 01:11:18",
        "Lines": "9",
        "Lat": 52.2466,
        "Brigade": "33"
      },
      {
        "Lon": 21.0637,
        "Time": "2017-05-14 01:11:29",
        "Lines": "9",
        "Lat": 52.2466,
        "Brigade": "33"
      },
      {
        "Lon": 21.0637,
        "Time": "2017-05-14 01:11:39",
        "Lines": "9",
        "Lat": 52.2466,
        "Brigade": "33"
      },
      {
        "Lon": 21.0628,
        "Time": "2017-05-14 01:11:54",
        "Lines": "9",
        "Lat": 52.2466,
        "Brigade": "33"
      },
      {
        "Lon": 21.0608,
        "Time": "2017-05-14 01:12:04",
        "Lines": "9",
        "Lat": 52.2468,
        "Brigade": "33"
      },
      {
        "Lon": 21.059,
        "Time": "2017-05-14 01:12:14",
        "Lines": "9",
        "Lat": 52.2469,
        "Brigade": "33"
      },
      {
        "Lon": 21.0586,
        "Time": "2017-05-14 01:12:24",
        "Lines": "9",
        "Lat": 52.2469,
        "Brigade": "33"
      },
      {
        "Lon": 21.0586,
        "Time": "2017-05-14 01:12:34",
        "Lines": "9",
        "Lat": 52.2469,
        "Brigade": "33"
      },
      {
        "Lon": 21.0586,
        "Time": "2017-05-14 01:12:49",
        "Lines": "9",
        "Lat": 52.2469,
        "Brigade": "33"
      },
      {
        "Lon": 21.0572,
        "Time": "2017-05-14 01:13:00",
        "Lines": "9",
        "Lat": 52.247,
        "Brigade": "33"
      },
      {
        "Lon": 21.0549,
        "Time": "2017-05-14 01:13:10",
        "Lines": "9",
        "Lat": 52.2472,
        "Brigade": "33"
      },
      {
        "Lon": 21.0549,
        "Time": "2017-05-14 01:13:10",
        "Lines": "9",
        "Lat": 52.2472,
        "Brigade": "33"
      },
      {
        "Lon": 21.0529,
        "Time": "2017-05-14 01:13:20",
        "Lines": "9",
        "Lat": 52.2473,
        "Brigade": "33"
      },
      {
        "Lon": 21.0524,
        "Time": "2017-05-14 01:13:35",
        "Lines": "9",
        "Lat": 52.2474,
        "Brigade": "33"
      },
      {
        "Lon": 21.0524,
        "Time": "2017-05-14 01:13:40",
        "Lines": "9",
        "Lat": 52.2474,
        "Brigade": "33"
      },
      {
        "Lon": 21.0524,
        "Time": "2017-05-14 01:13:55",
        "Lines": "9",
        "Lat": 52.2474,
        "Brigade": "33"
      },
      {
        "Lon": 21.0524,
        "Time": "2017-05-14 01:14:05",
        "Lines": "9",
        "Lat": 52.2474,
        "Brigade": "33"
      },
      {
        "Lon": 21.0519,
        "Time": "2017-05-14 01:14:16",
        "Lines": "9",
        "Lat": 52.2474,
        "Brigade": "33"
      },
      {
        "Lon": 21.0505,
        "Time": "2017-05-14 01:14:25",
        "Lines": "9",
        "Lat": 52.2475,
        "Brigade": "33"
      },
      {
        "Lon": 21.0485,
        "Time": "2017-05-14 01:14:40",
        "Lines": "9",
        "Lat": 52.2476,
        "Brigade": "33"
      },
      {
        "Lon": 21.0474,
        "Time": "2017-05-14 01:14:50",
        "Lines": "9",
        "Lat": 52.2478,
        "Brigade": "33"
      },
      {
        "Lon": 21.0474,
        "Time": "2017-05-14 01:14:50",
        "Lines": "9",
        "Lat": 52.2478,
        "Brigade": "33"
      },
      {
        "Lon": 21.0465,
        "Time": "2017-05-14 01:15:00",
        "Lines": "9",
        "Lat": 52.2482,
        "Brigade": "33"
      },
      {
        "Lon": 21.0461,
        "Time": "2017-05-14 01:15:10",
        "Lines": "9",
        "Lat": 52.2483,
        "Brigade": "33"
      },
      {
        "Lon": 21.0461,
        "Time": "2017-05-14 01:15:25",
        "Lines": "9",
        "Lat": 52.2483,
        "Brigade": "33"
      },
      {
        "Lon": 21.0462,
        "Time": "2017-05-14 01:15:35",
        "Lines": "9",
        "Lat": 52.2483,
        "Brigade": "33"
      },
      {
        "Lon": 21.0462,
        "Time": "2017-05-14 01:15:45",
        "Lines": "9",
        "Lat": 52.2483,
        "Brigade": "33"
      },
      {
        "Lon": 21.0456,
        "Time": "2017-05-14 01:15:55",
        "Lines": "9",
        "Lat": 52.2485,
        "Brigade": "33"
      },
      {
        "Lon": 21.0446,
        "Time": "2017-05-14 01:16:05",
        "Lines": "9",
        "Lat": 52.2489,
        "Brigade": "33"
      },
      {
        "Lon": 21.0435,
        "Time": "2017-05-14 01:16:20",
        "Lines": "9",
        "Lat": 52.2493,
        "Brigade": "33"
      },
      {
        "Lon": 21.0435,
        "Time": "2017-05-14 01:16:30",
        "Lines": "9",
        "Lat": 52.2493,
        "Brigade": "33"
      },
      {
        "Lon": 21.0435,
        "Time": "2017-05-14 01:16:30",
        "Lines": "9",
        "Lat": 52.2493,
        "Brigade": "33"
      },
      {
        "Lon": 21.0435,
        "Time": "2017-05-14 01:16:40",
        "Lines": "9",
        "Lat": 52.2493,
        "Brigade": "33"
      },
      {
        "Lon": 21.0435,
        "Time": "2017-05-14 01:16:50",
        "Lines": "9",
        "Lat": 52.2493,
        "Brigade": "33"
      },
      {
        "Lon": 21.0431,
        "Time": "2017-05-14 01:17:05",
        "Lines": "9",
        "Lat": 52.2498,
        "Brigade": "33"
      },
      {
        "Lon": 21.0438,
        "Time": "2017-05-14 01:17:15",
        "Lines": "9",
        "Lat": 52.2501,
        "Brigade": "33"
      },
      {
        "Lon": 21.0439,
        "Time": "2017-05-14 01:17:25",
        "Lines": "9",
        "Lat": 52.2501,
        "Brigade": "33"
      },
      {
        "Lon": 21.044,
        "Time": "2017-05-14 01:17:35",
        "Lines": "9",
        "Lat": 52.2502,
        "Brigade": "33"
      },
      {
        "Lon": 21.0449,
        "Time": "2017-05-14 01:17:45",
        "Lines": "9",
        "Lat": 52.2507,
        "Brigade": "33"
      },
      {
        "Lon": 21.0464,
        "Time": "2017-05-14 01:17:55",
        "Lines": "9",
        "Lat": 52.2514,
        "Brigade": "33"
      },
      {
        "Lon": 21.0492,
        "Time": "2017-05-14 01:18:10",
        "Lines": "9",
        "Lat": 52.2525,
        "Brigade": "33"
      },
      {
        "Lon": 21.0508,
        "Time": "2017-05-14 01:18:20",
        "Lines": "9",
        "Lat": 52.253,
        "Brigade": "33"
      },
      {
        "Lon": 21.0508,
        "Time": "2017-05-14 01:18:20",
        "Lines": "9",
        "Lat": 52.253,
        "Brigade": "33"
      },
      {
        "Lon": 21.0509,
        "Time": "2017-05-14 01:18:30",
        "Lines": "9",
        "Lat": 52.2531,
        "Brigade": "33"
      },
      {
        "Lon": 21.052,
        "Time": "2017-05-14 01:18:40",
        "Lines": "9",
        "Lat": 52.2534,
        "Brigade": "33"
      },
      {
        "Lon": 21.0532,
        "Time": "2017-05-14 01:18:50",
        "Lines": "9",
        "Lat": 52.2538,
        "Brigade": "33"
      },
      {
        "Lon": 21.0541,
        "Time": "2017-05-14 01:19:05",
        "Lines": "9",
        "Lat": 52.2542,
        "Brigade": "33"
      },
      {
        "Lon": 21.054,
        "Time": "2017-05-14 01:19:15",
        "Lines": "9",
        "Lat": 52.2547,
        "Brigade": "33"
      },
      {
        "Lon": 21.0536,
        "Time": "2017-05-14 01:19:25",
        "Lines": "9",
        "Lat": 52.2552,
        "Brigade": "33"
      },
      {
        "Lon": 21.0532,
        "Time": "2017-05-14 01:19:35",
        "Lines": "9",
        "Lat": 52.2557,
        "Brigade": "33"
      },
      {
        "Lon": 21.0529,
        "Time": "2017-05-14 01:19:47",
        "Lines": "9",
        "Lat": 52.2561,
        "Brigade": "33"
      },
      {
        "Lon": 21.0528,
        "Time": "2017-05-14 01:20:00",
        "Lines": "9",
        "Lat": 52.2561,
        "Brigade": "33"
      },
      {
        "Lon": 21.0528,
        "Time": "2017-05-14 01:20:10",
        "Lines": "9",
        "Lat": 52.2561,
        "Brigade": "33"
      },
      {
        "Lon": 21.0528,
        "Time": "2017-05-14 01:20:10",
        "Lines": "9",
        "Lat": 52.2561,
        "Brigade": "33"
      },
      {
        "Lon": 21.0528,
        "Time": "2017-05-14 01:20:20",
        "Lines": "9",
        "Lat": 52.2562,
        "Brigade": "33"
      }
    ]
  }
]
