[
  {
    "res": [
      {
        "Lon": 20.9764,
        "Time": "2017-05-14 00:00:14",
        "Lines": "9",
        "Lat": 52.2108,
        "Brigade": "35"
      },
      {
        "Lon": 20.9757,
        "Time": "2017-05-14 00:00:24",
        "Lines": "9",
        "Lat": 52.21,
        "Brigade": "35"
      },
      {
        "Lon": 20.975,
        "Time": "2017-05-14 00:00:34",
        "Lines": "9",
        "Lat": 52.2092,
        "Brigade": "35"
      },
      {
        "Lon": 20.9746,
        "Time": "2017-05-14 00:00:46",
        "Lines": "9",
        "Lat": 52.2088,
        "Brigade": "35"
      },
      {
        "Lon": 20.9746,
        "Time": "2017-05-14 00:00:59",
        "Lines": "9",
        "Lat": 52.2088,
        "Brigade": "35"
      },
      {
        "Lon": 20.9744,
        "Time": "2017-05-14 00:01:09",
        "Lines": "9",
        "Lat": 52.2085,
        "Brigade": "35"
      },
      {
        "Lon": 20.9736,
        "Time": "2017-05-14 00:01:19",
        "Lines": "9",
        "Lat": 52.2075,
        "Brigade": "35"
      },
      {
        "Lon": 20.9736,
        "Time": "2017-05-14 00:01:19",
        "Lines": "9",
        "Lat": 52.2075,
        "Brigade": "35"
      },
      {
        "Lon": 20.9723,
        "Time": "2017-05-14 00:01:34",
        "Lines": "9",
        "Lat": 52.206,
        "Brigade": "35"
      },
      {
        "Lon": 20.9721,
        "Time": "2017-05-14 00:01:44",
        "Lines": "9",
        "Lat": 52.2059,
        "Brigade": "35"
      },
      {
        "Lon": 20.9721,
        "Time": "2017-05-14 00:01:49",
        "Lines": "9",
        "Lat": 52.2059,
        "Brigade": "35"
      },
      {
        "Lon": 20.9721,
        "Time": "2017-05-14 00:02:03",
        "Lines": "9",
        "Lat": 52.2059,
        "Brigade": "35"
      },
      {
        "Lon": 20.972,
        "Time": "2017-05-14 00:02:17",
        "Lines": "9",
        "Lat": 52.2057,
        "Brigade": "35"
      },
      {
        "Lon": 20.9715,
        "Time": "2017-05-14 00:02:24",
        "Lines": "9",
        "Lat": 52.2052,
        "Brigade": "35"
      },
      {
        "Lon": 20.97,
        "Time": "2017-05-14 00:02:39",
        "Lines": "9",
        "Lat": 52.2035,
        "Brigade": "35"
      },
      {
        "Lon": 20.9694,
        "Time": "2017-05-14 00:02:49",
        "Lines": "9",
        "Lat": 52.2028,
        "Brigade": "35"
      },
      {
        "Lon": 20.9693,
        "Time": "2017-05-14 00:03:00",
        "Lines": "9",
        "Lat": 52.2027,
        "Brigade": "35"
      },
      {
        "Lon": 20.9693,
        "Time": "2017-05-14 00:03:09",
        "Lines": "9",
        "Lat": 52.2027,
        "Brigade": "35"
      },
      {
        "Lon": 20.9693,
        "Time": "2017-05-14 00:03:09",
        "Lines": "9",
        "Lat": 52.2027,
        "Brigade": "35"
      },
      {
        "Lon": 20.9693,
        "Time": "2017-05-14 00:03:19",
        "Lines": "9",
        "Lat": 52.2027,
        "Brigade": "35"
      },
      {
        "Lon": 20.9693,
        "Time": "2017-05-14 00:03:33",
        "Lines": "9",
        "Lat": 52.2027,
        "Brigade": "35"
      },
      {
        "Lon": 20.9693,
        "Time": "2017-05-14 00:03:43",
        "Lines": "9",
        "Lat": 52.2027,
        "Brigade": "35"
      },
      {
        "Lon": 20.9693,
        "Time": "2017-05-14 00:03:49",
        "Lines": "9",
        "Lat": 52.2027,
        "Brigade": "35"
      },
      {
        "Lon": 20.9693,
        "Time": "2017-05-14 00:04:03",
        "Lines": "9",
        "Lat": 52.2027,
        "Brigade": "35"
      },
      {
        "Lon": 20.9692,
        "Time": "2017-05-14 00:04:18",
        "Lines": "9",
        "Lat": 52.2025,
        "Brigade": "35"
      },
      {
        "Lon": 20.9683,
        "Time": "2017-05-14 00:04:29",
        "Lines": "9",
        "Lat": 52.2015,
        "Brigade": "35"
      },
      {
        "Lon": 20.9674,
        "Time": "2017-05-14 00:04:38",
        "Lines": "9",
        "Lat": 52.2005,
        "Brigade": "35"
      },
      {
        "Lon": 20.9666,
        "Time": "2017-05-14 00:04:48",
        "Lines": "9",
        "Lat": 52.1997,
        "Brigade": "35"
      },
      {
        "Lon": 20.9661,
        "Time": "2017-05-14 00:04:59",
        "Lines": "9",
        "Lat": 52.1991,
        "Brigade": "35"
      },
      {
        "Lon": 20.9661,
        "Time": "2017-05-14 00:04:59",
        "Lines": "9",
        "Lat": 52.1991,
        "Brigade": "35"
      },
      {
        "Lon": 20.9657,
        "Time": "2017-05-14 00:05:09",
        "Lines": "9",
        "Lat": 52.1987,
        "Brigade": "35"
      },
      {
        "Lon": 20.9646,
        "Time": "2017-05-14 00:05:24",
        "Lines": "9",
        "Lat": 52.1974,
        "Brigade": "35"
      },
      {
        "Lon": 20.9643,
        "Time": "2017-05-14 00:05:34",
        "Lines": "9",
        "Lat": 52.197,
        "Brigade": "35"
      },
      {
        "Lon": 20.9643,
        "Time": "2017-05-14 00:05:44",
        "Lines": "9",
        "Lat": 52.197,
        "Brigade": "35"
      },
      {
        "Lon": 20.964,
        "Time": "2017-05-14 00:05:56",
        "Lines": "9",
        "Lat": 52.1967,
        "Brigade": "35"
      },
      {
        "Lon": 20.9633,
        "Time": "2017-05-14 00:06:04",
        "Lines": "9",
        "Lat": 52.1959,
        "Brigade": "35"
      },
      {
        "Lon": 20.9619,
        "Time": "2017-05-14 00:06:19",
        "Lines": "9",
        "Lat": 52.1944,
        "Brigade": "35"
      },
      {
        "Lon": 20.9611,
        "Time": "2017-05-14 00:06:29",
        "Lines": "9",
        "Lat": 52.1935,
        "Brigade": "35"
      },
      {
        "Lon": 20.961,
        "Time": "2017-05-14 00:06:39",
        "Lines": "9",
        "Lat": 52.1933,
        "Brigade": "35"
      },
      {
        "Lon": 20.961,
        "Time": "2017-05-14 00:06:49",
        "Lines": "9",
        "Lat": 52.1933,
        "Brigade": "35"
      },
      {
        "Lon": 20.961,
        "Time": "2017-05-14 00:06:49",
        "Lines": "9",
        "Lat": 52.1933,
        "Brigade": "35"
      },
      {
        "Lon": 20.9608,
        "Time": "2017-05-14 00:07:02",
        "Lines": "9",
        "Lat": 52.1932,
        "Brigade": "35"
      },
      {
        "Lon": 20.9598,
        "Time": "2017-05-14 00:07:14",
        "Lines": "9",
        "Lat": 52.192,
        "Brigade": "35"
      },
      {
        "Lon": 20.9589,
        "Time": "2017-05-14 00:07:24",
        "Lines": "9",
        "Lat": 52.191,
        "Brigade": "35"
      },
      {
        "Lon": 20.9585,
        "Time": "2017-05-14 00:07:36",
        "Lines": "9",
        "Lat": 52.1905,
        "Brigade": "35"
      },
      {
        "Lon": 20.9585,
        "Time": "2017-05-14 00:07:49",
        "Lines": "9",
        "Lat": 52.1905,
        "Brigade": "35"
      },
      {
        "Lon": 20.9585,
        "Time": "2017-05-14 00:07:59",
        "Lines": "9",
        "Lat": 52.1905,
        "Brigade": "35"
      },
      {
        "Lon": 20.9581,
        "Time": "2017-05-14 00:08:09",
        "Lines": "9",
        "Lat": 52.19,
        "Brigade": "35"
      },
      {
        "Lon": 20.9572,
        "Time": "2017-05-14 00:08:19",
        "Lines": "9",
        "Lat": 52.1891,
        "Brigade": "35"
      },
      {
        "Lon": 20.9572,
        "Time": "2017-05-14 00:08:19",
        "Lines": "9",
        "Lat": 52.1891,
        "Brigade": "35"
      },
      {
        "Lon": 20.9562,
        "Time": "2017-05-14 00:08:29",
        "Lines": "9",
        "Lat": 52.1879,
        "Brigade": "35"
      },
      {
        "Lon": 20.9547,
        "Time": "2017-05-14 00:08:44",
        "Lines": "9",
        "Lat": 52.1863,
        "Brigade": "35"
      },
      {
        "Lon": 20.9545,
        "Time": "2017-05-14 00:08:54",
        "Lines": "9",
        "Lat": 52.1861,
        "Brigade": "35"
      },
      {
        "Lon": 20.9545,
        "Time": "2017-05-14 00:09:04",
        "Lines": "9",
        "Lat": 52.1861,
        "Brigade": "35"
      },
      {
        "Lon": 20.9545,
        "Time": "2017-05-14 00:09:19",
        "Lines": "9",
        "Lat": 52.186,
        "Brigade": "35"
      },
      {
        "Lon": 20.9543,
        "Time": "2017-05-14 00:09:29",
        "Lines": "9",
        "Lat": 52.1858,
        "Brigade": "35"
      },
      {
        "Lon": 20.9533,
        "Time": "2017-05-14 00:09:39",
        "Lines": "9",
        "Lat": 52.1848,
        "Brigade": "35"
      },
      {
        "Lon": 20.9523,
        "Time": "2017-05-14 00:09:49",
        "Lines": "9",
        "Lat": 52.1839,
        "Brigade": "35"
      },
      {
        "Lon": 20.9523,
        "Time": "2017-05-14 00:09:49",
        "Lines": "9",
        "Lat": 52.1839,
        "Brigade": "35"
      },
      {
        "Lon": 20.9517,
        "Time": "2017-05-14 00:10:01",
        "Lines": "9",
        "Lat": 52.1834,
        "Brigade": "35"
      },
      {
        "Lon": 20.9516,
        "Time": "2017-05-14 00:10:12",
        "Lines": "9",
        "Lat": 52.1832,
        "Brigade": "35"
      },
      {
        "Lon": 20.9502,
        "Time": "2017-05-14 00:10:25",
        "Lines": "9",
        "Lat": 52.1819,
        "Brigade": "35"
      },
      {
        "Lon": 20.9492,
        "Time": "2017-05-14 00:10:35",
        "Lines": "9",
        "Lat": 52.181,
        "Brigade": "35"
      },
      {
        "Lon": 20.9482,
        "Time": "2017-05-14 00:10:45",
        "Lines": "9",
        "Lat": 52.1801,
        "Brigade": "35"
      },
      {
        "Lon": 20.9475,
        "Time": "2017-05-14 00:10:58",
        "Lines": "9",
        "Lat": 52.1794,
        "Brigade": "35"
      },
      {
        "Lon": 20.9475,
        "Time": "2017-05-14 00:11:05",
        "Lines": "9",
        "Lat": 52.1794,
        "Brigade": "35"
      },
      {
        "Lon": 20.947,
        "Time": "2017-05-14 00:11:21",
        "Lines": "9",
        "Lat": 52.1791,
        "Brigade": "35"
      },
      {
        "Lon": 20.9466,
        "Time": "2017-05-14 00:11:25",
        "Lines": "9",
        "Lat": 52.1786,
        "Brigade": "35"
      },
      {
        "Lon": 20.9452,
        "Time": "2017-05-14 00:11:40",
        "Lines": "9",
        "Lat": 52.1773,
        "Brigade": "35"
      },
      {
        "Lon": 20.9452,
        "Time": "2017-05-14 00:11:40",
        "Lines": "9",
        "Lat": 52.1773,
        "Brigade": "35"
      },
      {
        "Lon": 20.9448,
        "Time": "2017-05-14 00:11:50",
        "Lines": "9",
        "Lat": 52.1769,
        "Brigade": "35"
      },
      {
        "Lon": 20.9445,
        "Time": "2017-05-14 00:12:03",
        "Lines": "9",
        "Lat": 52.1766,
        "Brigade": "35"
      },
      {
        "Lon": 20.9442,
        "Time": "2017-05-14 00:12:13",
        "Lines": "9",
        "Lat": 52.1763,
        "Brigade": "35"
      },
      {
        "Lon": 20.9438,
        "Time": "2017-05-14 00:12:23",
        "Lines": "9",
        "Lat": 52.1759,
        "Brigade": "35"
      },
      {
        "Lon": 20.9438,
        "Time": "2017-05-14 00:12:33",
        "Lines": "9",
        "Lat": 52.1759,
        "Brigade": "35"
      },
      {
        "Lon": 20.9438,
        "Time": "2017-05-14 00:12:48",
        "Lines": "9",
        "Lat": 52.1759,
        "Brigade": "35"
      },
      {
        "Lon": 20.9438,
        "Time": "2017-05-14 00:12:58",
        "Lines": "9",
        "Lat": 52.1759,
        "Brigade": "35"
      },
      {
        "Lon": 20.9438,
        "Time": "2017-05-14 00:13:08",
        "Lines": "9",
        "Lat": 52.1759,
        "Brigade": "35"
      },
      {
        "Lon": 20.9438,
        "Time": "2017-05-14 00:13:18",
        "Lines": "9",
        "Lat": 52.1759,
        "Brigade": "35"
      },
      {
        "Lon": 20.9438,
        "Time": "2017-05-14 00:13:18",
        "Lines": "9",
        "Lat": 52.1759,
        "Brigade": "35"
      },
      {
        "Lon": 20.9438,
        "Time": "2017-05-14 00:13:33",
        "Lines": "9",
        "Lat": 52.1759,
        "Brigade": "35"
      },
      {
        "Lon": 20.9438,
        "Time": "2017-05-14 00:13:43",
        "Lines": "9",
        "Lat": 52.1759,
        "Brigade": "35"
      },
      {
        "Lon": 20.9438,
        "Time": "2017-05-14 00:13:54",
        "Lines": "9",
        "Lat": 52.1759,
        "Brigade": "35"
      },
      {
        "Lon": 20.9438,
        "Time": "2017-05-14 00:14:09",
        "Lines": "9",
        "Lat": 52.1759,
        "Brigade": "35"
      },
      {
        "Lon": 20.9438,
        "Time": "2017-05-14 00:14:19",
        "Lines": "9",
        "Lat": 52.1759,
        "Brigade": "35"
      },
      {
        "Lon": 20.9438,
        "Time": "2017-05-14 00:14:29",
        "Lines": "9",
        "Lat": 52.1759,
        "Brigade": "35"
      },
      {
        "Lon": 20.9439,
        "Time": "2017-05-14 00:14:39",
        "Lines": "9",
        "Lat": 52.1759,
        "Brigade": "35"
      },
      {
        "Lon": 20.9439,
        "Time": "2017-05-14 00:14:39",
        "Lines": "9",
        "Lat": 52.1759,
        "Brigade": "35"
      },
      {
        "Lon": 20.9439,
        "Time": "2017-05-14 00:14:49",
        "Lines": "9",
        "Lat": 52.1759,
        "Brigade": "35"
      },
      {
        "Lon": 20.9439,
        "Time": "2017-05-14 00:14:59",
        "Lines": "9",
        "Lat": 52.1759,
        "Brigade": "35"
      },
      {
        "Lon": 20.9439,
        "Time": "2017-05-14 00:15:14",
        "Lines": "9",
        "Lat": 52.1759,
        "Brigade": "35"
      },
      {
        "Lon": 20.9439,
        "Time": "2017-05-14 00:15:24",
        "Lines": "9",
        "Lat": 52.1759,
        "Brigade": "35"
      },
      {
        "Lon": 20.9439,
        "Time": "2017-05-14 00:15:34",
        "Lines": "9",
        "Lat": 52.1759,
        "Brigade": "35"
      },
      {
        "Lon": 20.9439,
        "Time": "2017-05-14 00:15:44",
        "Lines": "9",
        "Lat": 52.1759,
        "Brigade": "35"
      },
      {
        "Lon": 20.9439,
        "Time": "2017-05-14 00:15:59",
        "Lines": "9",
        "Lat": 52.176,
        "Brigade": "35"
      },
      {
        "Lon": 20.9439,
        "Time": "2017-05-14 00:16:09",
        "Lines": "9",
        "Lat": 52.176,
        "Brigade": "35"
      },
      {
        "Lon": 20.9439,
        "Time": "2017-05-14 00:16:19",
        "Lines": "9",
        "Lat": 52.176,
        "Brigade": "35"
      },
      {
        "Lon": 20.9439,
        "Time": "2017-05-14 00:16:19",
        "Lines": "9",
        "Lat": 52.176,
        "Brigade": "35"
      },
      {
        "Lon": 20.9439,
        "Time": "2017-05-14 00:16:29",
        "Lines": "9",
        "Lat": 52.176,
        "Brigade": "35"
      },
      {
        "Lon": 20.9439,
        "Time": "2017-05-14 00:16:39",
        "Lines": "9",
        "Lat": 52.176,
        "Brigade": "35"
      },
      {
        "Lon": 20.9439,
        "Time": "2017-05-14 00:16:54",
        "Lines": "9",
        "Lat": 52.176,
        "Brigade": "35"
      },
      {
        "Lon": 20.9439,
        "Time": "2017-05-14 00:17:04",
        "Lines": "9",
        "Lat": 52.176,
        "Brigade": "35"
      },
      {
        "Lon": 20.9438,
        "Time": "2017-05-14 00:17:14",
        "Lines": "9",
        "Lat": 52.176,
        "Brigade": "35"
      },
      {
        "Lon": 20.9438,
        "Time": "2017-05-14 00:17:29",
        "Lines": "9",
        "Lat": 52.176,
        "Brigade": "35"
      },
      {
        "Lon": 20.9438,
        "Time": "2017-05-14 00:17:39",
        "Lines": "9",
        "Lat": 52.176,
        "Brigade": "35"
      },
      {
        "Lon": 20.9438,
        "Time": "2017-05-14 00:17:49",
        "Lines": "9",
        "Lat": 52.176,
        "Brigade": "35"
      },
      {
        "Lon": 20.9438,
        "Time": "2017-05-14 00:17:49",
        "Lines": "9",
        "Lat": 52.176,
        "Brigade": "35"
      },
      {
        "Lon": 20.9438,
        "Time": "2017-05-14 00:17:59",
        "Lines": "9",
        "Lat": 52.176,
        "Brigade": "35"
      },
      {
        "Lon": 20.9438,
        "Time": "2017-05-14 00:18:14",
        "Lines": "9",
        "Lat": 52.176,
        "Brigade": "35"
      },
      {
        "Lon": 20.9438,
        "Time": "2017-05-14 00:18:24",
        "Lines": "9",
        "Lat": 52.176,
        "Brigade": "35"
      },
      {
        "Lon": 20.9439,
        "Time": "2017-05-14 00:18:34",
        "Lines": "9",
        "Lat": 52.1759,
        "Brigade": "35"
      },
      {
        "Lon": 20.944,
        "Time": "2017-05-14 00:18:44",
        "Lines": "9",
        "Lat": 52.1757,
        "Brigade": "35"
      },
      {
        "Lon": 20.9444,
        "Time": "2017-05-14 00:18:54",
        "Lines": "9",
        "Lat": 52.1756,
        "Brigade": "35"
      },
      {
        "Lon": 20.9447,
        "Time": "2017-05-14 00:19:09",
        "Lines": "9",
        "Lat": 52.1762,
        "Brigade": "35"
      },
      {
        "Lon": 20.9447,
        "Time": "2017-05-14 00:19:19",
        "Lines": "9",
        "Lat": 52.1764,
        "Brigade": "35"
      },
      {
        "Lon": 20.9447,
        "Time": "2017-05-14 00:19:29",
        "Lines": "9",
        "Lat": 52.1764,
        "Brigade": "35"
      },
      {
        "Lon": 20.9449,
        "Time": "2017-05-14 00:19:39",
        "Lines": "9",
        "Lat": 52.1769,
        "Brigade": "35"
      },
      {
        "Lon": 20.9449,
        "Time": "2017-05-14 00:19:39",
        "Lines": "9",
        "Lat": 52.1769,
        "Brigade": "35"
      },
      {
        "Lon": 20.9458,
        "Time": "2017-05-14 00:19:49",
        "Lines": "9",
        "Lat": 52.1779,
        "Brigade": "35"
      },
      {
        "Lon": 20.9471,
        "Time": "2017-05-14 00:20:04",
        "Lines": "9",
        "Lat": 52.1791,
        "Brigade": "35"
      },
      {
        "Lon": 20.9472,
        "Time": "2017-05-14 00:20:14",
        "Lines": "9",
        "Lat": 52.1792,
        "Brigade": "35"
      },
      {
        "Lon": 20.9479,
        "Time": "2017-05-14 00:20:24",
        "Lines": "9",
        "Lat": 52.1798,
        "Brigade": "35"
      },
      {
        "Lon": 20.949,
        "Time": "2017-05-14 00:20:34",
        "Lines": "9",
        "Lat": 52.1808,
        "Brigade": "35"
      },
      {
        "Lon": 20.9501,
        "Time": "2017-05-14 00:20:44",
        "Lines": "9",
        "Lat": 52.1818,
        "Brigade": "35"
      },
      {
        "Lon": 20.9515,
        "Time": "2017-05-14 00:20:59",
        "Lines": "9",
        "Lat": 52.1831,
        "Brigade": "35"
      },
      {
        "Lon": 20.9517,
        "Time": "2017-05-14 00:21:09",
        "Lines": "9",
        "Lat": 52.1833,
        "Brigade": "35"
      },
      {
        "Lon": 20.952,
        "Time": "2017-05-14 00:21:21",
        "Lines": "9",
        "Lat": 52.1835,
        "Brigade": "35"
      },
      {
        "Lon": 20.9528,
        "Time": "2017-05-14 00:21:29",
        "Lines": "9",
        "Lat": 52.1843,
        "Brigade": "35"
      },
      {
        "Lon": 20.9528,
        "Time": "2017-05-14 00:21:29",
        "Lines": "9",
        "Lat": 52.1843,
        "Brigade": "35"
      },
      {
        "Lon": 20.9538,
        "Time": "2017-05-14 00:21:43",
        "Lines": "9",
        "Lat": 52.1852,
        "Brigade": "35"
      },
      {
        "Lon": 20.9546,
        "Time": "2017-05-14 00:21:49",
        "Lines": "9",
        "Lat": 52.1861,
        "Brigade": "35"
      },
      {
        "Lon": 20.955,
        "Time": "2017-05-14 00:22:03",
        "Lines": "9",
        "Lat": 52.1866,
        "Brigade": "35"
      },
      {
        "Lon": 20.955,
        "Time": "2017-05-14 00:22:13",
        "Lines": "9",
        "Lat": 52.1866,
        "Brigade": "35"
      },
      {
        "Lon": 20.9556,
        "Time": "2017-05-14 00:22:23",
        "Lines": "9",
        "Lat": 52.1873,
        "Brigade": "35"
      },
      {
        "Lon": 20.9565,
        "Time": "2017-05-14 00:22:33",
        "Lines": "9",
        "Lat": 52.1883,
        "Brigade": "35"
      },
      {
        "Lon": 20.9579,
        "Time": "2017-05-14 00:22:48",
        "Lines": "9",
        "Lat": 52.1898,
        "Brigade": "35"
      },
      {
        "Lon": 20.958,
        "Time": "2017-05-14 00:22:59",
        "Lines": "9",
        "Lat": 52.1899,
        "Brigade": "35"
      },
      {
        "Lon": 20.958,
        "Time": "2017-05-14 00:23:09",
        "Lines": "9",
        "Lat": 52.1899,
        "Brigade": "35"
      },
      {
        "Lon": 20.9581,
        "Time": "2017-05-14 00:23:19",
        "Lines": "9",
        "Lat": 52.1899,
        "Brigade": "35"
      },
      {
        "Lon": 20.9581,
        "Time": "2017-05-14 00:23:19",
        "Lines": "9",
        "Lat": 52.1899,
        "Brigade": "35"
      },
      {
        "Lon": 20.9592,
        "Time": "2017-05-14 00:23:34",
        "Lines": "9",
        "Lat": 52.1913,
        "Brigade": "35"
      },
      {
        "Lon": 20.9597,
        "Time": "2017-05-14 00:23:39",
        "Lines": "9",
        "Lat": 52.1918,
        "Brigade": "35"
      },
      {
        "Lon": 20.9606,
        "Time": "2017-05-14 00:23:54",
        "Lines": "9",
        "Lat": 52.1929,
        "Brigade": "35"
      },
      {
        "Lon": 20.9607,
        "Time": "2017-05-14 00:24:04",
        "Lines": "9",
        "Lat": 52.193,
        "Brigade": "35"
      },
      {
        "Lon": 20.9614,
        "Time": "2017-05-14 00:24:14",
        "Lines": "9",
        "Lat": 52.1937,
        "Brigade": "35"
      },
      {
        "Lon": 20.9629,
        "Time": "2017-05-14 00:24:29",
        "Lines": "9",
        "Lat": 52.1954,
        "Brigade": "35"
      },
      {
        "Lon": 20.9638,
        "Time": "2017-05-14 00:24:39",
        "Lines": "9",
        "Lat": 52.1964,
        "Brigade": "35"
      },
      {
        "Lon": 20.9646,
        "Time": "2017-05-14 00:24:49",
        "Lines": "9",
        "Lat": 52.1973,
        "Brigade": "35"
      },
      {
        "Lon": 20.9647,
        "Time": "2017-05-14 00:24:59",
        "Lines": "9",
        "Lat": 52.1974,
        "Brigade": "35"
      },
      {
        "Lon": 20.9647,
        "Time": "2017-05-14 00:25:09",
        "Lines": "9",
        "Lat": 52.1975,
        "Brigade": "35"
      },
      {
        "Lon": 20.9647,
        "Time": "2017-05-14 00:25:09",
        "Lines": "9",
        "Lat": 52.1975,
        "Brigade": "35"
      },
      {
        "Lon": 20.9654,
        "Time": "2017-05-14 00:25:19",
        "Lines": "9",
        "Lat": 52.1982,
        "Brigade": "35"
      },
      {
        "Lon": 20.9669,
        "Time": "2017-05-14 00:25:34",
        "Lines": "9",
        "Lat": 52.1999,
        "Brigade": "35"
      },
      {
        "Lon": 20.9678,
        "Time": "2017-05-14 00:25:44",
        "Lines": "9",
        "Lat": 52.201,
        "Brigade": "35"
      },
      {
        "Lon": 20.9686,
        "Time": "2017-05-14 00:25:54",
        "Lines": "9",
        "Lat": 52.2018,
        "Brigade": "35"
      },
      {
        "Lon": 20.9691,
        "Time": "2017-05-14 00:26:05",
        "Lines": "9",
        "Lat": 52.2024,
        "Brigade": "35"
      },
      {
        "Lon": 20.9691,
        "Time": "2017-05-14 00:26:14",
        "Lines": "9",
        "Lat": 52.2024,
        "Brigade": "35"
      },
      {
        "Lon": 20.97,
        "Time": "2017-05-14 00:26:29",
        "Lines": "9",
        "Lat": 52.2035,
        "Brigade": "35"
      },
      {
        "Lon": 20.9709,
        "Time": "2017-05-14 00:26:39",
        "Lines": "9",
        "Lat": 52.2045,
        "Brigade": "35"
      },
      {
        "Lon": 20.9717,
        "Time": "2017-05-14 00:26:49",
        "Lines": "9",
        "Lat": 52.2053,
        "Brigade": "35"
      },
      {
        "Lon": 20.9719,
        "Time": "2017-05-14 00:26:58",
        "Lines": "9",
        "Lat": 52.2056,
        "Brigade": "35"
      },
      {
        "Lon": 20.9719,
        "Time": "2017-05-14 00:26:58",
        "Lines": "9",
        "Lat": 52.2056,
        "Brigade": "35"
      },
      {
        "Lon": 20.9719,
        "Time": "2017-05-14 00:27:09",
        "Lines": "9",
        "Lat": 52.2056,
        "Brigade": "35"
      },
      {
        "Lon": 20.9719,
        "Time": "2017-05-14 00:27:24",
        "Lines": "9",
        "Lat": 52.2056,
        "Brigade": "35"
      },
      {
        "Lon": 20.9719,
        "Time": "2017-05-14 00:27:34",
        "Lines": "9",
        "Lat": 52.2056,
        "Brigade": "35"
      },
      {
        "Lon": 20.9719,
        "Time": "2017-05-14 00:27:44",
        "Lines": "9",
        "Lat": 52.2056,
        "Brigade": "35"
      },
      {
        "Lon": 20.9719,
        "Time": "2017-05-14 00:27:54",
        "Lines": "9",
        "Lat": 52.2056,
        "Brigade": "35"
      },
      {
        "Lon": 20.9719,
        "Time": "2017-05-14 00:28:04",
        "Lines": "9",
        "Lat": 52.2056,
        "Brigade": "35"
      },
      {
        "Lon": 20.9719,
        "Time": "2017-05-14 00:28:19",
        "Lines": "9",
        "Lat": 52.2056,
        "Brigade": "35"
      },
      {
        "Lon": 20.9719,
        "Time": "2017-05-14 00:28:29",
        "Lines": "9",
        "Lat": 52.2056,
        "Brigade": "35"
      },
      {
        "Lon": 20.9719,
        "Time": "2017-05-14 00:28:39",
        "Lines": "9",
        "Lat": 52.2056,
        "Brigade": "35"
      },
      {
        "Lon": 20.9719,
        "Time": "2017-05-14 00:28:49",
        "Lines": "9",
        "Lat": 52.2056,
        "Brigade": "35"
      },
      {
        "Lon": 20.9719,
        "Time": "2017-05-14 00:28:49",
        "Lines": "9",
        "Lat": 52.2056,
        "Brigade": "35"
      },
      {
        "Lon": 20.9725,
        "Time": "2017-05-14 00:29:04",
        "Lines": "9",
        "Lat": 52.2063,
        "Brigade": "35"
      },
      {
        "Lon": 20.9732,
        "Time": "2017-05-14 00:29:14",
        "Lines": "9",
        "Lat": 52.207,
        "Brigade": "35"
      },
      {
        "Lon": 20.9738,
        "Time": "2017-05-14 00:29:24",
        "Lines": "9",
        "Lat": 52.2077,
        "Brigade": "35"
      },
      {
        "Lon": 20.9744,
        "Time": "2017-05-14 00:29:34",
        "Lines": "9",
        "Lat": 52.2084,
        "Brigade": "35"
      },
      {
        "Lon": 20.9746,
        "Time": "2017-05-14 00:29:44",
        "Lines": "9",
        "Lat": 52.2086,
        "Brigade": "35"
      },
      {
        "Lon": 20.9748,
        "Time": "2017-05-14 00:29:58",
        "Lines": "9",
        "Lat": 52.2089,
        "Brigade": "35"
      },
      {
        "Lon": 20.9748,
        "Time": "2017-05-14 00:29:58",
        "Lines": "9",
        "Lat": 52.2089,
        "Brigade": "35"
      },
      {
        "Lon": 20.9748,
        "Time": "2017-05-14 00:29:58",
        "Lines": "9",
        "Lat": 52.2089,
        "Brigade": "35"
      },
      {
        "Lon": 20.9748,
        "Time": "2017-05-14 00:29:58",
        "Lines": "9",
        "Lat": 52.2089,
        "Brigade": "35"
      },
      {
        "Lon": 20.9748,
        "Time": "2017-05-14 00:29:58",
        "Lines": "9",
        "Lat": 52.2089,
        "Brigade": "35"
      },
      {
        "Lon": 20.9748,
        "Time": "2017-05-14 00:29:58",
        "Lines": "9",
        "Lat": 52.2089,
        "Brigade": "35"
      },
      {
        "Lon": 20.9748,
        "Time": "2017-05-14 00:29:58",
        "Lines": "9",
        "Lat": 52.2089,
        "Brigade": "35"
      },
      {
        "Lon": 20.9748,
        "Time": "2017-05-14 00:29:58",
        "Lines": "9",
        "Lat": 52.2089,
        "Brigade": "35"
      },
      {
        "Lon": 20.9778,
        "Time": "2017-05-14 00:31:15",
        "Lines": "9",
        "Lat": 52.2122,
        "Brigade": "35"
      },
      {
        "Lon": 20.9784,
        "Time": "2017-05-14 00:31:23",
        "Lines": "9",
        "Lat": 52.213,
        "Brigade": "35"
      },
      {
        "Lon": 20.9792,
        "Time": "2017-05-14 00:31:36",
        "Lines": "9",
        "Lat": 52.2139,
        "Brigade": "35"
      },
      {
        "Lon": 20.9795,
        "Time": "2017-05-14 00:31:48",
        "Lines": "9",
        "Lat": 52.2142,
        "Brigade": "35"
      },
      {
        "Lon": 20.9795,
        "Time": "2017-05-14 00:31:58",
        "Lines": "9",
        "Lat": 52.2142,
        "Brigade": "35"
      },
      {
        "Lon": 20.9795,
        "Time": "2017-05-14 00:32:08",
        "Lines": "9",
        "Lat": 52.2143,
        "Brigade": "35"
      },
      {
        "Lon": 20.9795,
        "Time": "2017-05-14 00:32:18",
        "Lines": "9",
        "Lat": 52.2143,
        "Brigade": "35"
      },
      {
        "Lon": 20.9795,
        "Time": "2017-05-14 00:32:18",
        "Lines": "9",
        "Lat": 52.2143,
        "Brigade": "35"
      },
      {
        "Lon": 20.9795,
        "Time": "2017-05-14 00:32:28",
        "Lines": "9",
        "Lat": 52.2143,
        "Brigade": "35"
      },
      {
        "Lon": 20.9803,
        "Time": "2017-05-14 00:32:43",
        "Lines": "9",
        "Lat": 52.2151,
        "Brigade": "35"
      },
      {
        "Lon": 20.9808,
        "Time": "2017-05-14 00:32:54",
        "Lines": "9",
        "Lat": 52.2158,
        "Brigade": "35"
      },
      {
        "Lon": 20.981,
        "Time": "2017-05-14 00:33:04",
        "Lines": "9",
        "Lat": 52.216,
        "Brigade": "35"
      },
      {
        "Lon": 20.9815,
        "Time": "2017-05-14 00:33:14",
        "Lines": "9",
        "Lat": 52.2165,
        "Brigade": "35"
      },
      {
        "Lon": 20.9821,
        "Time": "2017-05-14 00:33:24",
        "Lines": "9",
        "Lat": 52.2172,
        "Brigade": "35"
      },
      {
        "Lon": 20.9828,
        "Time": "2017-05-14 00:33:39",
        "Lines": "9",
        "Lat": 52.218,
        "Brigade": "35"
      },
      {
        "Lon": 20.9832,
        "Time": "2017-05-14 00:33:49",
        "Lines": "9",
        "Lat": 52.2181,
        "Brigade": "35"
      },
      {
        "Lon": 20.9832,
        "Time": "2017-05-14 00:33:59",
        "Lines": "9",
        "Lat": 52.2181,
        "Brigade": "35"
      },
      {
        "Lon": 20.9832,
        "Time": "2017-05-14 00:33:59",
        "Lines": "9",
        "Lat": 52.2181,
        "Brigade": "35"
      },
      {
        "Lon": 20.9833,
        "Time": "2017-05-14 00:34:14",
        "Lines": "9",
        "Lat": 52.218,
        "Brigade": "35"
      },
      {
        "Lon": 20.9833,
        "Time": "2017-05-14 00:34:24",
        "Lines": "9",
        "Lat": 52.218,
        "Brigade": "35"
      },
      {
        "Lon": 20.9835,
        "Time": "2017-05-14 00:34:34",
        "Lines": "9",
        "Lat": 52.2181,
        "Brigade": "35"
      },
      {
        "Lon": 20.9837,
        "Time": "2017-05-14 00:34:39",
        "Lines": "9",
        "Lat": 52.2182,
        "Brigade": "35"
      },
      {
        "Lon": 20.9841,
        "Time": "2017-05-14 00:34:54",
        "Lines": "9",
        "Lat": 52.2184,
        "Brigade": "35"
      },
      {
        "Lon": 20.9846,
        "Time": "2017-05-14 00:35:09",
        "Lines": "9",
        "Lat": 52.219,
        "Brigade": "35"
      },
      {
        "Lon": 20.9847,
        "Time": "2017-05-14 00:35:19",
        "Lines": "9",
        "Lat": 52.219,
        "Brigade": "35"
      },
      {
        "Lon": 20.9847,
        "Time": "2017-05-14 00:35:29",
        "Lines": "9",
        "Lat": 52.219,
        "Brigade": "35"
      },
      {
        "Lon": 20.9847,
        "Time": "2017-05-14 00:35:39",
        "Lines": "9",
        "Lat": 52.219,
        "Brigade": "35"
      },
      {
        "Lon": 20.9847,
        "Time": "2017-05-14 00:35:39",
        "Lines": "9",
        "Lat": 52.219,
        "Brigade": "35"
      },
      {
        "Lon": 20.9847,
        "Time": "2017-05-14 00:35:49",
        "Lines": "9",
        "Lat": 52.219,
        "Brigade": "35"
      },
      {
        "Lon": 20.9847,
        "Time": "2017-05-14 00:35:59",
        "Lines": "9",
        "Lat": 52.219,
        "Brigade": "35"
      },
      {
        "Lon": 20.9847,
        "Time": "2017-05-14 00:36:14",
        "Lines": "9",
        "Lat": 52.219,
        "Brigade": "35"
      },
      {
        "Lon": 20.9847,
        "Time": "2017-05-14 00:36:24",
        "Lines": "9",
        "Lat": 52.219,
        "Brigade": "35"
      },
      {
        "Lon": 20.9847,
        "Time": "2017-05-14 00:36:34",
        "Lines": "9",
        "Lat": 52.2191,
        "Brigade": "35"
      },
      {
        "Lon": 20.9847,
        "Time": "2017-05-14 00:36:44",
        "Lines": "9",
        "Lat": 52.2191,
        "Brigade": "35"
      },
      {
        "Lon": 20.9847,
        "Time": "2017-05-14 00:36:59",
        "Lines": "9",
        "Lat": 52.2191,
        "Brigade": "35"
      },
      {
        "Lon": 20.9847,
        "Time": "2017-05-14 00:37:09",
        "Lines": "9",
        "Lat": 52.2191,
        "Brigade": "35"
      },
      {
        "Lon": 20.9847,
        "Time": "2017-05-14 00:37:19",
        "Lines": "9",
        "Lat": 52.2191,
        "Brigade": "35"
      },
      {
        "Lon": 20.9847,
        "Time": "2017-05-14 00:37:29",
        "Lines": "9",
        "Lat": 52.2191,
        "Brigade": "35"
      },
      {
        "Lon": 20.9847,
        "Time": "2017-05-14 00:37:29",
        "Lines": "9",
        "Lat": 52.2191,
        "Brigade": "35"
      },
      {
        "Lon": 20.9847,
        "Time": "2017-05-14 00:37:39",
        "Lines": "9",
        "Lat": 52.2191,
        "Brigade": "35"
      },
      {
        "Lon": 20.9847,
        "Time": "2017-05-14 00:37:54",
        "Lines": "9",
        "Lat": 52.2191,
        "Brigade": "35"
      },
      {
        "Lon": 20.9847,
        "Time": "2017-05-14 00:38:04",
        "Lines": "9",
        "Lat": 52.2191,
        "Brigade": "35"
      },
      {
        "Lon": 20.9847,
        "Time": "2017-05-14 00:38:14",
        "Lines": "9",
        "Lat": 52.2191,
        "Brigade": "35"
      },
      {
        "Lon": 20.9847,
        "Time": "2017-05-14 00:38:24",
        "Lines": "9",
        "Lat": 52.2191,
        "Brigade": "35"
      },
      {
        "Lon": 20.9847,
        "Time": "2017-05-14 00:38:34",
        "Lines": "9",
        "Lat": 52.2191,
        "Brigade": "35"
      },
      {
        "Lon": 20.9847,
        "Time": "2017-05-14 00:38:49",
        "Lines": "9",
        "Lat": 52.2191,
        "Brigade": "35"
      },
      {
        "Lon": 20.9847,
        "Time": "2017-05-14 00:38:59",
        "Lines": "9",
        "Lat": 52.2191,
        "Brigade": "35"
      },
      {
        "Lon": 20.9847,
        "Time": "2017-05-14 00:39:09",
        "Lines": "9",
        "Lat": 52.2191,
        "Brigade": "35"
      },
      {
        "Lon": 20.9847,
        "Time": "2017-05-14 00:39:19",
        "Lines": "9",
        "Lat": 52.2191,
        "Brigade": "35"
      },
      {
        "Lon": 20.9847,
        "Time": "2017-05-14 00:39:19",
        "Lines": "9",
        "Lat": 52.2191,
        "Brigade": "35"
      },
      {
        "Lon": 20.9847,
        "Time": "2017-05-14 00:39:29",
        "Lines": "9",
        "Lat": 52.2191,
        "Brigade": "35"
      },
      {
        "Lon": 20.9847,
        "Time": "2017-05-14 00:39:44",
        "Lines": "9",
        "Lat": 52.2191,
        "Brigade": "35"
      },
      {
        "Lon": 20.9847,
        "Time": "2017-05-14 00:39:54",
        "Lines": "9",
        "Lat": 52.2191,
        "Brigade": "35"
      },
      {
        "Lon": 20.9847,
        "Time": "2017-05-14 00:40:04",
        "Lines": "9",
        "Lat": 52.2191,
        "Brigade": "35"
      },
      {
        "Lon": 20.9847,
        "Time": "2017-05-14 00:40:14",
        "Lines": "9",
        "Lat": 52.2191,
        "Brigade": "35"
      },
      {
        "Lon": 20.9847,
        "Time": "2017-05-14 00:40:24",
        "Lines": "9",
        "Lat": 52.2191,
        "Brigade": "35"
      },
      {
        "Lon": 20.9847,
        "Time": "2017-05-14 00:40:39",
        "Lines": "9",
        "Lat": 52.2191,
        "Brigade": "35"
      },
      {
        "Lon": 20.9847,
        "Time": "2017-05-14 00:40:49",
        "Lines": "9",
        "Lat": 52.2191,
        "Brigade": "35"
      },
      {
        "Lon": 20.9847,
        "Time": "2017-05-14 00:40:58",
        "Lines": "9",
        "Lat": 52.2191,
        "Brigade": "35"
      },
      {
        "Lon": 20.9847,
        "Time": "2017-05-14 00:41:08",
        "Lines": "9",
        "Lat": 52.2191,
        "Brigade": "35"
      },
      {
        "Lon": 20.9847,
        "Time": "2017-05-14 00:41:08",
        "Lines": "9",
        "Lat": 52.2191,
        "Brigade": "35"
      },
      {
        "Lon": 20.9847,
        "Time": "2017-05-14 00:41:18",
        "Lines": "9",
        "Lat": 52.2191,
        "Brigade": "35"
      },
      {
        "Lon": 20.9847,
        "Time": "2017-05-14 00:41:33",
        "Lines": "9",
        "Lat": 52.2191,
        "Brigade": "35"
      },
      {
        "Lon": 20.9847,
        "Time": "2017-05-14 00:41:43",
        "Lines": "9",
        "Lat": 52.2191,
        "Brigade": "35"
      },
      {
        "Lon": 20.9847,
        "Time": "2017-05-14 00:41:48",
        "Lines": "9",
        "Lat": 52.2191,
        "Brigade": "35"
      },
      {
        "Lon": 20.9847,
        "Time": "2017-05-14 00:42:03",
        "Lines": "9",
        "Lat": 52.2191,
        "Brigade": "35"
      },
      {
        "Lon": 20.9847,
        "Time": "2017-05-14 00:42:18",
        "Lines": "9",
        "Lat": 52.2191,
        "Brigade": "35"
      },
      {
        "Lon": 20.9846,
        "Time": "2017-05-14 00:42:28",
        "Lines": "9",
        "Lat": 52.2191,
        "Brigade": "35"
      },
      {
        "Lon": 20.9846,
        "Time": "2017-05-14 00:42:38",
        "Lines": "9",
        "Lat": 52.2191,
        "Brigade": "35"
      },
      {
        "Lon": 20.9846,
        "Time": "2017-05-14 00:42:48",
        "Lines": "9",
        "Lat": 52.2191,
        "Brigade": "35"
      },
      {
        "Lon": 20.9846,
        "Time": "2017-05-14 00:42:58",
        "Lines": "9",
        "Lat": 52.2191,
        "Brigade": "35"
      },
      {
        "Lon": 20.9846,
        "Time": "2017-05-14 00:42:58",
        "Lines": "9",
        "Lat": 52.2191,
        "Brigade": "35"
      },
      {
        "Lon": 20.9847,
        "Time": "2017-05-14 00:43:09",
        "Lines": "9",
        "Lat": 52.2191,
        "Brigade": "35"
      },
      {
        "Lon": 20.9847,
        "Time": "2017-05-14 00:43:19",
        "Lines": "9",
        "Lat": 52.219,
        "Brigade": "35"
      },
      {
        "Lon": 20.9847,
        "Time": "2017-05-14 00:43:33",
        "Lines": "9",
        "Lat": 52.219,
        "Brigade": "35"
      },
      {
        "Lon": 20.9847,
        "Time": "2017-05-14 00:43:44",
        "Lines": "9",
        "Lat": 52.219,
        "Brigade": "35"
      },
      {
        "Lon": 20.9847,
        "Time": "2017-05-14 00:43:53",
        "Lines": "9",
        "Lat": 52.219,
        "Brigade": "35"
      },
      {
        "Lon": 20.9847,
        "Time": "2017-05-14 00:44:09",
        "Lines": "9",
        "Lat": 52.219,
        "Brigade": "35"
      },
      {
        "Lon": 20.9847,
        "Time": "2017-05-14 00:44:18",
        "Lines": "9",
        "Lat": 52.219,
        "Brigade": "35"
      },
      {
        "Lon": 20.9847,
        "Time": "2017-05-14 00:44:28",
        "Lines": "9",
        "Lat": 52.219,
        "Brigade": "35"
      },
      {
        "Lon": 20.9847,
        "Time": "2017-05-14 00:44:38",
        "Lines": "9",
        "Lat": 52.219,
        "Brigade": "35"
      },
      {
        "Lon": 20.9847,
        "Time": "2017-05-14 00:44:38",
        "Lines": "9",
        "Lat": 52.219,
        "Brigade": "35"
      },
      {
        "Lon": 20.9847,
        "Time": "2017-05-14 00:44:48",
        "Lines": "9",
        "Lat": 52.219,
        "Brigade": "35"
      },
      {
        "Lon": 20.9847,
        "Time": "2017-05-14 00:45:03",
        "Lines": "9",
        "Lat": 52.219,
        "Brigade": "35"
      },
      {
        "Lon": 20.9847,
        "Time": "2017-05-14 00:45:14",
        "Lines": "9",
        "Lat": 52.219,
        "Brigade": "35"
      },
      {
        "Lon": 20.9847,
        "Time": "2017-05-14 00:45:24",
        "Lines": "9",
        "Lat": 52.219,
        "Brigade": "35"
      },
      {
        "Lon": 20.9847,
        "Time": "2017-05-14 00:45:33",
        "Lines": "9",
        "Lat": 52.219,
        "Brigade": "35"
      },
      {
        "Lon": 20.9847,
        "Time": "2017-05-14 00:45:43",
        "Lines": "9",
        "Lat": 52.219,
        "Brigade": "35"
      },
      {
        "Lon": 20.9847,
        "Time": "2017-05-14 00:45:54",
        "Lines": "9",
        "Lat": 52.219,
        "Brigade": "35"
      },
      {
        "Lon": 20.9847,
        "Time": "2017-05-14 00:46:08",
        "Lines": "9",
        "Lat": 52.219,
        "Brigade": "35"
      },
      {
        "Lon": 20.9847,
        "Time": "2017-05-14 00:46:19",
        "Lines": "9",
        "Lat": 52.2191,
        "Brigade": "35"
      },
      {
        "Lon": 20.9847,
        "Time": "2017-05-14 00:46:28",
        "Lines": "9",
        "Lat": 52.2191,
        "Brigade": "35"
      },
      {
        "Lon": 20.9847,
        "Time": "2017-05-14 00:46:28",
        "Lines": "9",
        "Lat": 52.2191,
        "Brigade": "35"
      },
      {
        "Lon": 20.9846,
        "Time": "2017-05-14 00:46:38",
        "Lines": "9",
        "Lat": 52.2191,
        "Brigade": "35"
      },
      {
        "Lon": 20.9846,
        "Time": "2017-05-14 00:46:53",
        "Lines": "9",
        "Lat": 52.2191,
        "Brigade": "35"
      },
      {
        "Lon": 20.9846,
        "Time": "2017-05-14 00:47:03",
        "Lines": "9",
        "Lat": 52.2191,
        "Brigade": "35"
      },
      {
        "Lon": 20.9846,
        "Time": "2017-05-14 00:47:13",
        "Lines": "9",
        "Lat": 52.2191,
        "Brigade": "35"
      },
      {
        "Lon": 20.9846,
        "Time": "2017-05-14 00:47:23",
        "Lines": "9",
        "Lat": 52.2191,
        "Brigade": "35"
      },
      {
        "Lon": 20.9846,
        "Time": "2017-05-14 00:47:33",
        "Lines": "9",
        "Lat": 52.2191,
        "Brigade": "35"
      },
      {
        "Lon": 20.9846,
        "Time": "2017-05-14 00:47:48",
        "Lines": "9",
        "Lat": 52.2191,
        "Brigade": "35"
      },
      {
        "Lon": 20.9846,
        "Time": "2017-05-14 00:47:58",
        "Lines": "9",
        "Lat": 52.2191,
        "Brigade": "35"
      },
      {
        "Lon": 20.9847,
        "Time": "2017-05-14 00:48:08",
        "Lines": "9",
        "Lat": 52.2191,
        "Brigade": "35"
      },
      {
        "Lon": 20.9847,
        "Time": "2017-05-14 00:48:20",
        "Lines": "9",
        "Lat": 52.2195,
        "Brigade": "35"
      },
      {
        "Lon": 20.9847,
        "Time": "2017-05-14 00:48:20",
        "Lines": "9",
        "Lat": 52.2195,
        "Brigade": "35"
      },
      {
        "Lon": 20.9845,
        "Time": "2017-05-14 00:48:28",
        "Lines": "9",
        "Lat": 52.2197,
        "Brigade": "35"
      },
      {
        "Lon": 20.9845,
        "Time": "2017-05-14 00:48:38",
        "Lines": "9",
        "Lat": 52.2197,
        "Brigade": "35"
      },
      {
        "Lon": 20.9845,
        "Time": "2017-05-14 00:48:53",
        "Lines": "9",
        "Lat": 52.2197,
        "Brigade": "35"
      },
      {
        "Lon": 20.9845,
        "Time": "2017-05-14 00:49:03",
        "Lines": "9",
        "Lat": 52.2197,
        "Brigade": "35"
      },
      {
        "Lon": 20.9845,
        "Time": "2017-05-14 00:49:13",
        "Lines": "9",
        "Lat": 52.2197,
        "Brigade": "35"
      },
      {
        "Lon": 20.9845,
        "Time": "2017-05-14 00:49:23",
        "Lines": "9",
        "Lat": 52.2197,
        "Brigade": "35"
      },
      {
        "Lon": 20.9845,
        "Time": "2017-05-14 00:49:38",
        "Lines": "9",
        "Lat": 52.2197,
        "Brigade": "35"
      },
      {
        "Lon": 20.9844,
        "Time": "2017-05-14 00:49:48",
        "Lines": "9",
        "Lat": 52.2198,
        "Brigade": "35"
      },
      {
        "Lon": 20.9845,
        "Time": "2017-05-14 00:49:57",
        "Lines": "9",
        "Lat": 52.2201,
        "Brigade": "35"
      },
      {
        "Lon": 20.9851,
        "Time": "2017-05-14 00:50:08",
        "Lines": "9",
        "Lat": 52.2207,
        "Brigade": "35"
      },
      {
        "Lon": 20.9851,
        "Time": "2017-05-14 00:50:08",
        "Lines": "9",
        "Lat": 52.2207,
        "Brigade": "35"
      },
      {
        "Lon": 20.9852,
        "Time": "2017-05-14 00:50:18",
        "Lines": "9",
        "Lat": 52.2208,
        "Brigade": "35"
      },
      {
        "Lon": 20.9852,
        "Time": "2017-05-14 00:50:28",
        "Lines": "9",
        "Lat": 52.2209,
        "Brigade": "35"
      },
      {
        "Lon": 20.9852,
        "Time": "2017-05-14 00:50:43",
        "Lines": "9",
        "Lat": 52.2209,
        "Brigade": "35"
      },
      {
        "Lon": 20.9851,
        "Time": "2017-05-14 00:50:53",
        "Lines": "9",
        "Lat": 52.2209,
        "Brigade": "35"
      },
      {
        "Lon": 20.9851,
        "Time": "2017-05-14 00:51:03",
        "Lines": "9",
        "Lat": 52.2209,
        "Brigade": "35"
      },
      {
        "Lon": 20.9853,
        "Time": "2017-05-14 00:51:14",
        "Lines": "9",
        "Lat": 52.2211,
        "Brigade": "35"
      },
      {
        "Lon": 20.9865,
        "Time": "2017-05-14 00:51:28",
        "Lines": "9",
        "Lat": 52.2224,
        "Brigade": "35"
      },
      {
        "Lon": 20.9867,
        "Time": "2017-05-14 00:51:39",
        "Lines": "9",
        "Lat": 52.2226,
        "Brigade": "35"
      },
      {
        "Lon": 20.9868,
        "Time": "2017-05-14 00:51:48",
        "Lines": "9",
        "Lat": 52.2226,
        "Brigade": "35"
      },
      {
        "Lon": 20.9868,
        "Time": "2017-05-14 00:51:58",
        "Lines": "9",
        "Lat": 52.2226,
        "Brigade": "35"
      },
      {
        "Lon": 20.9868,
        "Time": "2017-05-14 00:51:58",
        "Lines": "9",
        "Lat": 52.2226,
        "Brigade": "35"
      },
      {
        "Lon": 20.9868,
        "Time": "2017-05-14 00:52:08",
        "Lines": "9",
        "Lat": 52.2226,
        "Brigade": "35"
      },
      {
        "Lon": 20.9867,
        "Time": "2017-05-14 00:52:23",
        "Lines": "9",
        "Lat": 52.2226,
        "Brigade": "35"
      },
      {
        "Lon": 20.9867,
        "Time": "2017-05-14 00:52:33",
        "Lines": "9",
        "Lat": 52.2226,
        "Brigade": "35"
      },
      {
        "Lon": 20.9871,
        "Time": "2017-05-14 00:52:43",
        "Lines": "9",
        "Lat": 52.2231,
        "Brigade": "35"
      },
      {
        "Lon": 20.9878,
        "Time": "2017-05-14 00:52:58",
        "Lines": "9",
        "Lat": 52.2239,
        "Brigade": "35"
      },
      {
        "Lon": 20.9886,
        "Time": "2017-05-14 00:53:08",
        "Lines": "9",
        "Lat": 52.2245,
        "Brigade": "35"
      },
      {
        "Lon": 20.9886,
        "Time": "2017-05-14 00:53:18",
        "Lines": "9",
        "Lat": 52.2245,
        "Brigade": "35"
      },
      {
        "Lon": 20.9886,
        "Time": "2017-05-14 00:53:28",
        "Lines": "9",
        "Lat": 52.2245,
        "Brigade": "35"
      },
      {
        "Lon": 20.9886,
        "Time": "2017-05-14 00:53:38",
        "Lines": "9",
        "Lat": 52.2245,
        "Brigade": "35"
      },
      {
        "Lon": 20.9886,
        "Time": "2017-05-14 00:53:38",
        "Lines": "9",
        "Lat": 52.2245,
        "Brigade": "35"
      },
      {
        "Lon": 20.9886,
        "Time": "2017-05-14 00:53:47",
        "Lines": "9",
        "Lat": 52.2245,
        "Brigade": "35"
      },
      {
        "Lon": 20.9891,
        "Time": "2017-05-14 00:54:03",
        "Lines": "9",
        "Lat": 52.2248,
        "Brigade": "35"
      },
      {
        "Lon": 20.9898,
        "Time": "2017-05-14 00:54:12",
        "Lines": "9",
        "Lat": 52.225,
        "Brigade": "35"
      },
      {
        "Lon": 20.9905,
        "Time": "2017-05-14 00:54:23",
        "Lines": "9",
        "Lat": 52.2253,
        "Brigade": "35"
      },
      {
        "Lon": 20.9906,
        "Time": "2017-05-14 00:54:33",
        "Lines": "9",
        "Lat": 52.2253,
        "Brigade": "35"
      },
      {
        "Lon": 20.9906,
        "Time": "2017-05-14 00:54:42",
        "Lines": "9",
        "Lat": 52.2253,
        "Brigade": "35"
      },
      {
        "Lon": 20.9906,
        "Time": "2017-05-14 00:54:57",
        "Lines": "9",
        "Lat": 52.2253,
        "Brigade": "35"
      },
      {
        "Lon": 20.9921,
        "Time": "2017-05-14 00:55:07",
        "Lines": "9",
        "Lat": 52.2257,
        "Brigade": "35"
      },
      {
        "Lon": 20.9938,
        "Time": "2017-05-14 00:55:20",
        "Lines": "9",
        "Lat": 52.226,
        "Brigade": "35"
      },
      {
        "Lon": 20.9951,
        "Time": "2017-05-14 00:55:28",
        "Lines": "9",
        "Lat": 52.2263,
        "Brigade": "35"
      },
      {
        "Lon": 20.9951,
        "Time": "2017-05-14 00:55:28",
        "Lines": "9",
        "Lat": 52.2263,
        "Brigade": "35"
      },
      {
        "Lon": 20.9953,
        "Time": "2017-05-14 00:55:43",
        "Lines": "9",
        "Lat": 52.2264,
        "Brigade": "35"
      },
      {
        "Lon": 20.9954,
        "Time": "2017-05-14 00:55:47",
        "Lines": "9",
        "Lat": 52.2265,
        "Brigade": "35"
      },
      {
        "Lon": 20.996,
        "Time": "2017-05-14 00:56:03",
        "Lines": "9",
        "Lat": 52.2266,
        "Brigade": "35"
      },
      {
        "Lon": 20.9968,
        "Time": "2017-05-14 00:56:13",
        "Lines": "9",
        "Lat": 52.2268,
        "Brigade": "35"
      },
      {
        "Lon": 20.9984,
        "Time": "2017-05-14 00:56:23",
        "Lines": "9",
        "Lat": 52.2271,
        "Brigade": "35"
      },
      {
        "Lon": 21.0009,
        "Time": "2017-05-14 00:56:38",
        "Lines": "9",
        "Lat": 52.2276,
        "Brigade": "35"
      },
      {
        "Lon": 21.0015,
        "Time": "2017-05-14 00:56:49",
        "Lines": "9",
        "Lat": 52.2277,
        "Brigade": "35"
      },
      {
        "Lon": 21.0015,
        "Time": "2017-05-14 00:56:58",
        "Lines": "9",
        "Lat": 52.2278,
        "Brigade": "35"
      },
      {
        "Lon": 21.0015,
        "Time": "2017-05-14 00:57:08",
        "Lines": "9",
        "Lat": 52.2278,
        "Brigade": "35"
      },
      {
        "Lon": 21.0019,
        "Time": "2017-05-14 00:57:19",
        "Lines": "9",
        "Lat": 52.2278,
        "Brigade": "35"
      },
      {
        "Lon": 21.0019,
        "Time": "2017-05-14 00:57:19",
        "Lines": "9",
        "Lat": 52.2278,
        "Brigade": "35"
      },
      {
        "Lon": 21.0026,
        "Time": "2017-05-14 00:57:28",
        "Lines": "9",
        "Lat": 52.228,
        "Brigade": "35"
      },
      {
        "Lon": 21.0039,
        "Time": "2017-05-14 00:57:43",
        "Lines": "9",
        "Lat": 52.2283,
        "Brigade": "35"
      },
      {
        "Lon": 21.0039,
        "Time": "2017-05-14 00:57:53",
        "Lines": "9",
        "Lat": 52.2283,
        "Brigade": "35"
      },
      {
        "Lon": 21.0039,
        "Time": "2017-05-14 00:58:03",
        "Lines": "9",
        "Lat": 52.2283,
        "Brigade": "35"
      },
      {
        "Lon": 21.0042,
        "Time": "2017-05-14 00:58:14",
        "Lines": "9",
        "Lat": 52.2284,
        "Brigade": "35"
      },
      {
        "Lon": 21.0051,
        "Time": "2017-05-14 00:58:25",
        "Lines": "9",
        "Lat": 52.2285,
        "Brigade": "35"
      },
      {
        "Lon": 21.0051,
        "Time": "2017-05-14 00:58:38",
        "Lines": "9",
        "Lat": 52.2286,
        "Brigade": "35"
      },
      {
        "Lon": 21.005,
        "Time": "2017-05-14 00:58:48",
        "Lines": "9",
        "Lat": 52.2286,
        "Brigade": "35"
      },
      {
        "Lon": 21.005,
        "Time": "2017-05-14 00:58:58",
        "Lines": "9",
        "Lat": 52.2286,
        "Brigade": "35"
      },
      {
        "Lon": 21.005,
        "Time": "2017-05-14 00:59:08",
        "Lines": "9",
        "Lat": 52.2286,
        "Brigade": "35"
      },
      {
        "Lon": 21.005,
        "Time": "2017-05-14 00:59:08",
        "Lines": "9",
        "Lat": 52.2286,
        "Brigade": "35"
      },
      {
        "Lon": 21.005,
        "Time": "2017-05-14 00:59:18",
        "Lines": "9",
        "Lat": 52.2286,
        "Brigade": "35"
      },
      {
        "Lon": 21.0055,
        "Time": "2017-05-14 00:59:28",
        "Lines": "9",
        "Lat": 52.2287,
        "Brigade": "35"
      },
      {
        "Lon": 21.0082,
        "Time": "2017-05-14 00:59:43",
        "Lines": "9",
        "Lat": 52.2293,
        "Brigade": "35"
      },
      {
        "Lon": 21.0097,
        "Time": "2017-05-14 00:59:53",
        "Lines": "9",
        "Lat": 52.2296,
        "Brigade": "35"
      },
      {
        "Lon": 21.0112,
        "Time": "2017-05-14 01:00:05",
        "Lines": "9",
        "Lat": 52.2299,
        "Brigade": "35"
      },
      {
        "Lon": 21.0112,
        "Time": "2017-05-14 01:00:13",
        "Lines": "9",
        "Lat": 52.2299,
        "Brigade": "35"
      },
      {
        "Lon": 21.0112,
        "Time": "2017-05-14 01:00:28",
        "Lines": "9",
        "Lat": 52.2299,
        "Brigade": "35"
      },
      {
        "Lon": 21.0118,
        "Time": "2017-05-14 01:00:38",
        "Lines": "9",
        "Lat": 52.2301,
        "Brigade": "35"
      },
      {
        "Lon": 21.0126,
        "Time": "2017-05-14 01:00:48",
        "Lines": "9",
        "Lat": 52.2303,
        "Brigade": "35"
      },
      {
        "Lon": 21.0143,
        "Time": "2017-05-14 01:00:59",
        "Lines": "9",
        "Lat": 52.2306,
        "Brigade": "35"
      },
      {
        "Lon": 21.0143,
        "Time": "2017-05-14 01:00:59",
        "Lines": "9",
        "Lat": 52.2306,
        "Brigade": "35"
      },
      {
        "Lon": 21.0158,
        "Time": "2017-05-14 01:01:09",
        "Lines": "9",
        "Lat": 52.2309,
        "Brigade": "35"
      },
      {
        "Lon": 21.016,
        "Time": "2017-05-14 01:01:23",
        "Lines": "9",
        "Lat": 52.2309,
        "Brigade": "35"
      },
      {
        "Lon": 21.0161,
        "Time": "2017-05-14 01:01:33",
        "Lines": "9",
        "Lat": 52.2308,
        "Brigade": "35"
      },
      {
        "Lon": 21.0161,
        "Time": "2017-05-14 01:01:43",
        "Lines": "9",
        "Lat": 52.2308,
        "Brigade": "35"
      },
      {
        "Lon": 21.0161,
        "Time": "2017-05-14 01:01:53",
        "Lines": "9",
        "Lat": 52.2308,
        "Brigade": "35"
      },
      {
        "Lon": 21.0161,
        "Time": "2017-05-14 01:02:04",
        "Lines": "9",
        "Lat": 52.2308,
        "Brigade": "35"
      },
      {
        "Lon": 21.0171,
        "Time": "2017-05-14 01:02:14",
        "Lines": "9",
        "Lat": 52.231,
        "Brigade": "35"
      },
      {
        "Lon": 21.0195,
        "Time": "2017-05-14 01:02:29",
        "Lines": "9",
        "Lat": 52.2315,
        "Brigade": "35"
      },
      {
        "Lon": 21.0203,
        "Time": "2017-05-14 01:02:39",
        "Lines": "9",
        "Lat": 52.2317,
        "Brigade": "35"
      },
      {
        "Lon": 21.0203,
        "Time": "2017-05-14 01:02:49",
        "Lines": "9",
        "Lat": 52.2317,
        "Brigade": "35"
      },
      {
        "Lon": 21.0203,
        "Time": "2017-05-14 01:02:49",
        "Lines": "9",
        "Lat": 52.2317,
        "Brigade": "35"
      },
      {
        "Lon": 21.0203,
        "Time": "2017-05-14 01:02:59",
        "Lines": "9",
        "Lat": 52.2317,
        "Brigade": "35"
      },
      {
        "Lon": 21.0203,
        "Time": "2017-05-14 01:03:13",
        "Lines": "9",
        "Lat": 52.2317,
        "Brigade": "35"
      },
      {
        "Lon": 21.0203,
        "Time": "2017-05-14 01:03:23",
        "Lines": "9",
        "Lat": 52.2318,
        "Brigade": "35"
      },
      {
        "Lon": 21.0203,
        "Time": "2017-05-14 01:03:33",
        "Lines": "9",
        "Lat": 52.2318,
        "Brigade": "35"
      },
      {
        "Lon": 21.0203,
        "Time": "2017-05-14 01:03:43",
        "Lines": "9",
        "Lat": 52.2318,
        "Brigade": "35"
      },
      {
        "Lon": 21.0212,
        "Time": "2017-05-14 01:03:55",
        "Lines": "9",
        "Lat": 52.2319,
        "Brigade": "35"
      },
      {
        "Lon": 21.0229,
        "Time": "2017-05-14 01:04:04",
        "Lines": "9",
        "Lat": 52.2323,
        "Brigade": "35"
      },
      {
        "Lon": 21.0261,
        "Time": "2017-05-14 01:04:19",
        "Lines": "9",
        "Lat": 52.233,
        "Brigade": "35"
      },
      {
        "Lon": 21.0283,
        "Time": "2017-05-14 01:04:29",
        "Lines": "9",
        "Lat": 52.2334,
        "Brigade": "35"
      },
      {
        "Lon": 21.0294,
        "Time": "2017-05-14 01:04:34",
        "Lines": "9",
        "Lat": 52.2336,
        "Brigade": "35"
      },
      {
        "Lon": 21.0294,
        "Time": "2017-05-14 01:04:34",
        "Lines": "9",
        "Lat": 52.2336,
        "Brigade": "35"
      },
      {
        "Lon": 21.0321,
        "Time": "2017-05-14 01:04:49",
        "Lines": "9",
        "Lat": 52.2341,
        "Brigade": "35"
      },
      {
        "Lon": 21.0344,
        "Time": "2017-05-14 01:05:02",
        "Lines": "9",
        "Lat": 52.2346,
        "Brigade": "35"
      },
      {
        "Lon": 21.0361,
        "Time": "2017-05-14 01:05:14",
        "Lines": "9",
        "Lat": 52.235,
        "Brigade": "35"
      },
      {
        "Lon": 21.0373,
        "Time": "2017-05-14 01:05:22",
        "Lines": "9",
        "Lat": 52.2352,
        "Brigade": "35"
      },
      {
        "Lon": 21.0374,
        "Time": "2017-05-14 01:05:32",
        "Lines": "9",
        "Lat": 52.2352,
        "Brigade": "35"
      },
      {
        "Lon": 21.0374,
        "Time": "2017-05-14 01:05:47",
        "Lines": "9",
        "Lat": 52.2352,
        "Brigade": "35"
      },
      {
        "Lon": 21.0374,
        "Time": "2017-05-14 01:05:57",
        "Lines": "9",
        "Lat": 52.2352,
        "Brigade": "35"
      },
      {
        "Lon": 21.0381,
        "Time": "2017-05-14 01:06:07",
        "Lines": "9",
        "Lat": 52.2354,
        "Brigade": "35"
      },
      {
        "Lon": 21.0381,
        "Time": "2017-05-14 01:06:07",
        "Lines": "9",
        "Lat": 52.2354,
        "Brigade": "35"
      },
      {
        "Lon": 21.0409,
        "Time": "2017-05-14 01:06:22",
        "Lines": "9",
        "Lat": 52.2359,
        "Brigade": "35"
      },
      {
        "Lon": 21.0427,
        "Time": "2017-05-14 01:06:32",
        "Lines": "9",
        "Lat": 52.2363,
        "Brigade": "35"
      },
      {
        "Lon": 21.0446,
        "Time": "2017-05-14 01:06:42",
        "Lines": "9",
        "Lat": 52.2367,
        "Brigade": "35"
      },
      {
        "Lon": 21.0464,
        "Time": "2017-05-14 01:06:53",
        "Lines": "9",
        "Lat": 52.237,
        "Brigade": "35"
      },
      {
        "Lon": 21.0487,
        "Time": "2017-05-14 01:07:03",
        "Lines": "9",
        "Lat": 52.2375,
        "Brigade": "35"
      },
      {
        "Lon": 21.0497,
        "Time": "2017-05-14 01:07:13",
        "Lines": "9",
        "Lat": 52.2377,
        "Brigade": "35"
      },
      {
        "Lon": 21.0509,
        "Time": "2017-05-14 01:07:28",
        "Lines": "9",
        "Lat": 52.238,
        "Brigade": "35"
      },
      {
        "Lon": 21.051,
        "Time": "2017-05-14 01:07:38",
        "Lines": "9",
        "Lat": 52.238,
        "Brigade": "35"
      },
      {
        "Lon": 21.051,
        "Time": "2017-05-14 01:07:48",
        "Lines": "9",
        "Lat": 52.238,
        "Brigade": "35"
      },
      {
        "Lon": 21.051,
        "Time": "2017-05-14 01:07:58",
        "Lines": "9",
        "Lat": 52.238,
        "Brigade": "35"
      },
      {
        "Lon": 21.051,
        "Time": "2017-05-14 01:07:58",
        "Lines": "9",
        "Lat": 52.238,
        "Brigade": "35"
      },
      {
        "Lon": 21.051,
        "Time": "2017-05-14 01:08:08",
        "Lines": "9",
        "Lat": 52.238,
        "Brigade": "35"
      },
      {
        "Lon": 21.0513,
        "Time": "2017-05-14 01:08:23",
        "Lines": "9",
        "Lat": 52.238,
        "Brigade": "35"
      },
      {
        "Lon": 21.0513,
        "Time": "2017-05-14 01:08:33",
        "Lines": "9",
        "Lat": 52.238,
        "Brigade": "35"
      },
      {
        "Lon": 21.0513,
        "Time": "2017-05-14 01:08:43",
        "Lines": "9",
        "Lat": 52.238,
        "Brigade": "35"
      },
      {
        "Lon": 21.0513,
        "Time": "2017-05-14 01:08:53",
        "Lines": "9",
        "Lat": 52.238,
        "Brigade": "35"
      },
      {
        "Lon": 21.0513,
        "Time": "2017-05-14 01:09:03",
        "Lines": "9",
        "Lat": 52.238,
        "Brigade": "35"
      },
      {
        "Lon": 21.0517,
        "Time": "2017-05-14 01:09:18",
        "Lines": "9",
        "Lat": 52.2382,
        "Brigade": "35"
      },
      {
        "Lon": 21.0524,
        "Time": "2017-05-14 01:09:28",
        "Lines": "9",
        "Lat": 52.2383,
        "Brigade": "35"
      },
      {
        "Lon": 21.0531,
        "Time": "2017-05-14 01:09:38",
        "Lines": "9",
        "Lat": 52.2384,
        "Brigade": "35"
      },
      {
        "Lon": 21.0535,
        "Time": "2017-05-14 01:09:50",
        "Lines": "9",
        "Lat": 52.2385,
        "Brigade": "35"
      },
      {
        "Lon": 21.0535,
        "Time": "2017-05-14 01:09:50",
        "Lines": "9",
        "Lat": 52.2385,
        "Brigade": "35"
      },
      {
        "Lon": 21.0548,
        "Time": "2017-05-14 01:09:58",
        "Lines": "9",
        "Lat": 52.2387,
        "Brigade": "35"
      },
      {
        "Lon": 21.0563,
        "Time": "2017-05-14 01:10:13",
        "Lines": "9",
        "Lat": 52.239,
        "Brigade": "35"
      },
      {
        "Lon": 21.0564,
        "Time": "2017-05-14 01:10:23",
        "Lines": "9",
        "Lat": 52.239,
        "Brigade": "35"
      },
      {
        "Lon": 21.0568,
        "Time": "2017-05-14 01:10:36",
        "Lines": "9",
        "Lat": 52.2391,
        "Brigade": "35"
      },
      {
        "Lon": 21.058,
        "Time": "2017-05-14 01:10:43",
        "Lines": "9",
        "Lat": 52.2394,
        "Brigade": "35"
      },
      {
        "Lon": 21.0611,
        "Time": "2017-05-14 01:10:58",
        "Lines": "9",
        "Lat": 52.24,
        "Brigade": "35"
      },
      {
        "Lon": 21.0627,
        "Time": "2017-05-14 01:11:08",
        "Lines": "9",
        "Lat": 52.2403,
        "Brigade": "35"
      },
      {
        "Lon": 21.0633,
        "Time": "2017-05-14 01:11:18",
        "Lines": "9",
        "Lat": 52.2404,
        "Brigade": "35"
      },
      {
        "Lon": 21.0633,
        "Time": "2017-05-14 01:11:18",
        "Lines": "9",
        "Lat": 52.2404,
        "Brigade": "35"
      },
      {
        "Lon": 21.0633,
        "Time": "2017-05-14 01:11:28",
        "Lines": "9",
        "Lat": 52.2404,
        "Brigade": "35"
      },
      {
        "Lon": 21.0639,
        "Time": "2017-05-14 01:11:43",
        "Lines": "9",
        "Lat": 52.2406,
        "Brigade": "35"
      },
      {
        "Lon": 21.0653,
        "Time": "2017-05-14 01:11:53",
        "Lines": "9",
        "Lat": 52.2409,
        "Brigade": "35"
      },
      {
        "Lon": 21.0679,
        "Time": "2017-05-14 01:12:03",
        "Lines": "9",
        "Lat": 52.2414,
        "Brigade": "35"
      },
      {
        "Lon": 21.0676,
        "Time": "2017-05-14 01:20:53",
        "Lines": "9",
        "Lat": 52.2463,
        "Brigade": "35"
      },
      {
        "Lon": 21.0648,
        "Time": "2017-05-14 01:21:03",
        "Lines": "9",
        "Lat": 52.2465,
        "Brigade": "35"
      },
      {
        "Lon": 21.0637,
        "Time": "2017-05-14 01:21:18",
        "Lines": "9",
        "Lat": 52.2466,
        "Brigade": "35"
      },
      {
        "Lon": 21.0632,
        "Time": "2017-05-14 01:21:27",
        "Lines": "9",
        "Lat": 52.2466,
        "Brigade": "35"
      },
      {
        "Lon": 21.061,
        "Time": "2017-05-14 01:21:40",
        "Lines": "9",
        "Lat": 52.2468,
        "Brigade": "35"
      },
      {
        "Lon": 21.0591,
        "Time": "2017-05-14 01:21:48",
        "Lines": "9",
        "Lat": 52.2469,
        "Brigade": "35"
      },
      {
        "Lon": 21.0591,
        "Time": "2017-05-14 01:21:48",
        "Lines": "9",
        "Lat": 52.2469,
        "Brigade": "35"
      },
      {
        "Lon": 21.0586,
        "Time": "2017-05-14 01:21:57",
        "Lines": "9",
        "Lat": 52.2469,
        "Brigade": "35"
      },
      {
        "Lon": 21.0586,
        "Time": "2017-05-14 01:22:13",
        "Lines": "9",
        "Lat": 52.2469,
        "Brigade": "35"
      },
      {
        "Lon": 21.0581,
        "Time": "2017-05-14 01:22:24",
        "Lines": "9",
        "Lat": 52.247,
        "Brigade": "35"
      },
      {
        "Lon": 21.0565,
        "Time": "2017-05-14 01:22:33",
        "Lines": "9",
        "Lat": 52.2471,
        "Brigade": "35"
      },
      {
        "Lon": 21.0545,
        "Time": "2017-05-14 01:22:43",
        "Lines": "9",
        "Lat": 52.2472,
        "Brigade": "35"
      },
      {
        "Lon": 21.0532,
        "Time": "2017-05-14 01:22:57",
        "Lines": "9",
        "Lat": 52.2473,
        "Brigade": "35"
      },
      {
        "Lon": 21.0524,
        "Time": "2017-05-14 01:23:07",
        "Lines": "9",
        "Lat": 52.2473,
        "Brigade": "35"
      },
      {
        "Lon": 21.0516,
        "Time": "2017-05-14 01:23:17",
        "Lines": "9",
        "Lat": 52.2474,
        "Brigade": "35"
      },
      {
        "Lon": 21.0497,
        "Time": "2017-05-14 01:23:27",
        "Lines": "9",
        "Lat": 52.2475,
        "Brigade": "35"
      },
      {
        "Lon": 21.0483,
        "Time": "2017-05-14 01:23:42",
        "Lines": "9",
        "Lat": 52.2476,
        "Brigade": "35"
      },
      {
        "Lon": 21.0483,
        "Time": "2017-05-14 01:23:42",
        "Lines": "9",
        "Lat": 52.2476,
        "Brigade": "35"
      },
      {
        "Lon": 21.0478,
        "Time": "2017-05-14 01:23:47",
        "Lines": "9",
        "Lat": 52.2478,
        "Brigade": "35"
      },
      {
        "Lon": 21.0466,
        "Time": "2017-05-14 01:24:02",
        "Lines": "9",
        "Lat": 52.2481,
        "Brigade": "35"
      },
      {
        "Lon": 21.0461,
        "Time": "2017-05-14 01:24:14",
        "Lines": "9",
        "Lat": 52.2483,
        "Brigade": "35"
      },
      {
        "Lon": 21.0461,
        "Time": "2017-05-14 01:24:27",
        "Lines": "9",
        "Lat": 52.2483,
        "Brigade": "35"
      },
      {
        "Lon": 21.0461,
        "Time": "2017-05-14 01:24:37",
        "Lines": "9",
        "Lat": 52.2483,
        "Brigade": "35"
      },
      {
        "Lon": 21.0461,
        "Time": "2017-05-14 01:24:47",
        "Lines": "9",
        "Lat": 52.2483,
        "Brigade": "35"
      },
      {
        "Lon": 21.0457,
        "Time": "2017-05-14 01:24:58",
        "Lines": "9",
        "Lat": 52.2485,
        "Brigade": "35"
      },
      {
        "Lon": 21.0446,
        "Time": "2017-05-14 01:25:08",
        "Lines": "9",
        "Lat": 52.2489,
        "Brigade": "35"
      },
      {
        "Lon": 21.044,
        "Time": "2017-05-14 01:25:18",
        "Lines": "9",
        "Lat": 52.2491,
        "Brigade": "35"
      },
      {
        "Lon": 21.044,
        "Time": "2017-05-14 01:25:18",
        "Lines": "9",
        "Lat": 52.2491,
        "Brigade": "35"
      },
      {
        "Lon": 21.0435,
        "Time": "2017-05-14 01:25:33",
        "Lines": "9",
        "Lat": 52.2493,
        "Brigade": "35"
      },
      {
        "Lon": 21.0435,
        "Time": "2017-05-14 01:25:43",
        "Lines": "9",
        "Lat": 52.2493,
        "Brigade": "35"
      },
      {
        "Lon": 21.0435,
        "Time": "2017-05-14 01:25:53",
        "Lines": "9",
        "Lat": 52.2493,
        "Brigade": "35"
      },
      {
        "Lon": 21.0431,
        "Time": "2017-05-14 01:26:03",
        "Lines": "9",
        "Lat": 52.2495,
        "Brigade": "35"
      },
      {
        "Lon": 21.0434,
        "Time": "2017-05-14 01:26:13",
        "Lines": "9",
        "Lat": 52.2499,
        "Brigade": "35"
      },
      {
        "Lon": 21.0439,
        "Time": "2017-05-14 01:26:28",
        "Lines": "9",
        "Lat": 52.2501,
        "Brigade": "35"
      },
      {
        "Lon": 21.0439,
        "Time": "2017-05-14 01:26:38",
        "Lines": "9",
        "Lat": 52.2501,
        "Brigade": "35"
      },
      {
        "Lon": 21.0439,
        "Time": "2017-05-14 01:26:48",
        "Lines": "9",
        "Lat": 52.2501,
        "Brigade": "35"
      },
      {
        "Lon": 21.0443,
        "Time": "2017-05-14 01:26:58",
        "Lines": "9",
        "Lat": 52.2503,
        "Brigade": "35"
      },
      {
        "Lon": 21.0443,
        "Time": "2017-05-14 01:26:58",
        "Lines": "9",
        "Lat": 52.2503,
        "Brigade": "35"
      },
      {
        "Lon": 21.0454,
        "Time": "2017-05-14 01:27:08",
        "Lines": "9",
        "Lat": 52.2509,
        "Brigade": "35"
      },
      {
        "Lon": 21.0474,
        "Time": "2017-05-14 01:27:23",
        "Lines": "9",
        "Lat": 52.2519,
        "Brigade": "35"
      },
      {
        "Lon": 21.049,
        "Time": "2017-05-14 01:27:33",
        "Lines": "9",
        "Lat": 52.2524,
        "Brigade": "35"
      },
      {
        "Lon": 21.0505,
        "Time": "2017-05-14 01:27:43",
        "Lines": "9",
        "Lat": 52.2529,
        "Brigade": "35"
      },
      {
        "Lon": 21.0509,
        "Time": "2017-05-14 01:27:53",
        "Lines": "9",
        "Lat": 52.253,
        "Brigade": "35"
      },
      {
        "Lon": 21.0517,
        "Time": "2017-05-14 01:28:08",
        "Lines": "9",
        "Lat": 52.2533,
        "Brigade": "35"
      },
      {
        "Lon": 21.0529,
        "Time": "2017-05-14 01:28:18",
        "Lines": "9",
        "Lat": 52.2537,
        "Brigade": "35"
      },
      {
        "Lon": 21.0536,
        "Time": "2017-05-14 01:28:28",
        "Lines": "9",
        "Lat": 52.2539,
        "Brigade": "35"
      },
      {
        "Lon": 21.0541,
        "Time": "2017-05-14 01:28:38",
        "Lines": "9",
        "Lat": 52.2542,
        "Brigade": "35"
      },
      {
        "Lon": 21.054,
        "Time": "2017-05-14 01:28:48",
        "Lines": "9",
        "Lat": 52.2546,
        "Brigade": "35"
      },
      {
        "Lon": 21.054,
        "Time": "2017-05-14 01:28:48",
        "Lines": "9",
        "Lat": 52.2546,
        "Brigade": "35"
      },
      {
        "Lon": 21.0534,
        "Time": "2017-05-14 01:29:03",
        "Lines": "9",
        "Lat": 52.2553,
        "Brigade": "35"
      },
      {
        "Lon": 21.0532,
        "Time": "2017-05-14 01:29:13",
        "Lines": "9",
        "Lat": 52.2557,
        "Brigade": "35"
      },
      {
        "Lon": 21.0528,
        "Time": "2017-05-14 01:29:23",
        "Lines": "9",
        "Lat": 52.2561,
        "Brigade": "35"
      },
      {
        "Lon": 21.0528,
        "Time": "2017-05-14 01:29:34",
        "Lines": "9",
        "Lat": 52.2562,
        "Brigade": "35"
      },
      {
        "Lon": 21.0528,
        "Time": "2017-05-14 01:29:48",
        "Lines": "9",
        "Lat": 52.2562,
        "Brigade": "35"
      },
      {
        "Lon": 21.0528,
        "Time": "2017-05-14 01:29:58",
        "Lines": "9",
        "Lat": 52.2563,
        "Brigade": "35"
      },
      {
        "Lon": 21.0532,
        "Time": "2017-05-14 01:30:08",
        "Lines": "9",
        "Lat": 52.2565,
        "Brigade": "35"
      },
      {
        "Lon": 21.0542,
        "Time": "2017-05-14 01:30:18",
        "Lines": "9",
        "Lat": 52.2568,
        "Brigade": "35"
      },
      {
        "Lon": 21.0542,
        "Time": "2017-05-14 01:30:18",
        "Lines": "9",
        "Lat": 52.2568,
        "Brigade": "35"
      }
    ]
  }
]
