[
  {
    "res": [
      {
        "Lon": 21.0114,
        "Time": "2017-05-14 00:00:03",
        "Lines": "9",
        "Lat": 52.2298,
        "Brigade": "36"
      },
      {
        "Lon": 21.0124,
        "Time": "2017-05-14 00:00:13",
        "Lines": "9",
        "Lat": 52.23,
        "Brigade": "36"
      },
      {
        "Lon": 21.0141,
        "Time": "2017-05-14 00:00:23",
        "Lines": "9",
        "Lat": 52.2303,
        "Brigade": "36"
      },
      {
        "Lon": 21.016,
        "Time": "2017-05-14 00:00:38",
        "Lines": "9",
        "Lat": 52.2308,
        "Brigade": "36"
      },
      {
        "Lon": 21.016,
        "Time": "2017-05-14 00:00:48",
        "Lines": "9",
        "Lat": 52.2308,
        "Brigade": "36"
      },
      {
        "Lon": 21.016,
        "Time": "2017-05-14 00:00:58",
        "Lines": "9",
        "Lat": 52.2308,
        "Brigade": "36"
      },
      {
        "Lon": 21.016,
        "Time": "2017-05-14 00:01:08",
        "Lines": "9",
        "Lat": 52.2308,
        "Brigade": "36"
      },
      {
        "Lon": 21.016,
        "Time": "2017-05-14 00:01:18",
        "Lines": "9",
        "Lat": 52.2308,
        "Brigade": "36"
      },
      {
        "Lon": 21.016,
        "Time": "2017-05-14 00:01:18",
        "Lines": "9",
        "Lat": 52.2308,
        "Brigade": "36"
      },
      {
        "Lon": 21.016,
        "Time": "2017-05-14 00:01:33",
        "Lines": "9",
        "Lat": 52.2308,
        "Brigade": "36"
      },
      {
        "Lon": 21.0166,
        "Time": "2017-05-14 00:01:44",
        "Lines": "9",
        "Lat": 52.2309,
        "Brigade": "36"
      },
      {
        "Lon": 21.0171,
        "Time": "2017-05-14 00:01:53",
        "Lines": "9",
        "Lat": 52.231,
        "Brigade": "36"
      },
      {
        "Lon": 21.0198,
        "Time": "2017-05-14 00:02:03",
        "Lines": "9",
        "Lat": 52.2316,
        "Brigade": "36"
      },
      {
        "Lon": 21.0202,
        "Time": "2017-05-14 00:02:18",
        "Lines": "9",
        "Lat": 52.2316,
        "Brigade": "36"
      },
      {
        "Lon": 21.0202,
        "Time": "2017-05-14 00:02:23",
        "Lines": "9",
        "Lat": 52.2317,
        "Brigade": "36"
      },
      {
        "Lon": 21.0202,
        "Time": "2017-05-14 00:02:38",
        "Lines": "9",
        "Lat": 52.2316,
        "Brigade": "36"
      },
      {
        "Lon": 21.0202,
        "Time": "2017-05-14 00:02:43",
        "Lines": "9",
        "Lat": 52.2316,
        "Brigade": "36"
      },
      {
        "Lon": 21.0203,
        "Time": "2017-05-14 00:02:58",
        "Lines": "9",
        "Lat": 52.2316,
        "Brigade": "36"
      },
      {
        "Lon": 21.021,
        "Time": "2017-05-14 00:03:08",
        "Lines": "9",
        "Lat": 52.2318,
        "Brigade": "36"
      },
      {
        "Lon": 21.021,
        "Time": "2017-05-14 00:03:08",
        "Lines": "9",
        "Lat": 52.2318,
        "Brigade": "36"
      },
      {
        "Lon": 21.0231,
        "Time": "2017-05-14 00:03:23",
        "Lines": "9",
        "Lat": 52.2323,
        "Brigade": "36"
      },
      {
        "Lon": 21.025,
        "Time": "2017-05-14 00:03:33",
        "Lines": "9",
        "Lat": 52.2326,
        "Brigade": "36"
      },
      {
        "Lon": 21.027,
        "Time": "2017-05-14 00:03:43",
        "Lines": "9",
        "Lat": 52.2331,
        "Brigade": "36"
      },
      {
        "Lon": 21.0276,
        "Time": "2017-05-14 00:03:53",
        "Lines": "9",
        "Lat": 52.2332,
        "Brigade": "36"
      },
      {
        "Lon": 21.0308,
        "Time": "2017-05-14 00:04:05",
        "Lines": "9",
        "Lat": 52.2338,
        "Brigade": "36"
      },
      {
        "Lon": 21.0337,
        "Time": "2017-05-14 00:04:18",
        "Lines": "9",
        "Lat": 52.2344,
        "Brigade": "36"
      },
      {
        "Lon": 21.0354,
        "Time": "2017-05-14 00:04:28",
        "Lines": "9",
        "Lat": 52.2348,
        "Brigade": "36"
      },
      {
        "Lon": 21.0368,
        "Time": "2017-05-14 00:04:38",
        "Lines": "9",
        "Lat": 52.2351,
        "Brigade": "36"
      },
      {
        "Lon": 21.0372,
        "Time": "2017-05-14 00:04:43",
        "Lines": "9",
        "Lat": 52.2351,
        "Brigade": "36"
      },
      {
        "Lon": 21.0373,
        "Time": "2017-05-14 00:04:58",
        "Lines": "9",
        "Lat": 52.2352,
        "Brigade": "36"
      },
      {
        "Lon": 21.0373,
        "Time": "2017-05-14 00:04:58",
        "Lines": "9",
        "Lat": 52.2352,
        "Brigade": "36"
      },
      {
        "Lon": 21.0373,
        "Time": "2017-05-14 00:05:13",
        "Lines": "9",
        "Lat": 52.2352,
        "Brigade": "36"
      },
      {
        "Lon": 21.0373,
        "Time": "2017-05-14 00:05:23",
        "Lines": "9",
        "Lat": 52.2352,
        "Brigade": "36"
      },
      {
        "Lon": 21.0373,
        "Time": "2017-05-14 00:05:33",
        "Lines": "9",
        "Lat": 52.2352,
        "Brigade": "36"
      },
      {
        "Lon": 21.0378,
        "Time": "2017-05-14 00:05:45",
        "Lines": "9",
        "Lat": 52.2353,
        "Brigade": "36"
      },
      {
        "Lon": 21.038,
        "Time": "2017-05-14 00:05:53",
        "Lines": "9",
        "Lat": 52.2353,
        "Brigade": "36"
      },
      {
        "Lon": 21.0418,
        "Time": "2017-05-14 00:06:08",
        "Lines": "9",
        "Lat": 52.2361,
        "Brigade": "36"
      },
      {
        "Lon": 21.0437,
        "Time": "2017-05-14 00:06:18",
        "Lines": "9",
        "Lat": 52.2365,
        "Brigade": "36"
      },
      {
        "Lon": 21.0455,
        "Time": "2017-05-14 00:06:28",
        "Lines": "9",
        "Lat": 52.2368,
        "Brigade": "36"
      },
      {
        "Lon": 21.0474,
        "Time": "2017-05-14 00:06:38",
        "Lines": "9",
        "Lat": 52.2372,
        "Brigade": "36"
      },
      {
        "Lon": 21.0487,
        "Time": "2017-05-14 00:06:48",
        "Lines": "9",
        "Lat": 52.2375,
        "Brigade": "36"
      },
      {
        "Lon": 21.0487,
        "Time": "2017-05-14 00:06:48",
        "Lines": "9",
        "Lat": 52.2375,
        "Brigade": "36"
      },
      {
        "Lon": 21.0505,
        "Time": "2017-05-14 00:07:03",
        "Lines": "9",
        "Lat": 52.2379,
        "Brigade": "36"
      },
      {
        "Lon": 21.0511,
        "Time": "2017-05-14 00:07:14",
        "Lines": "9",
        "Lat": 52.238,
        "Brigade": "36"
      },
      {
        "Lon": 21.051,
        "Time": "2017-05-14 00:07:23",
        "Lines": "9",
        "Lat": 52.2379,
        "Brigade": "36"
      },
      {
        "Lon": 21.051,
        "Time": "2017-05-14 00:07:38",
        "Lines": "9",
        "Lat": 52.2379,
        "Brigade": "36"
      },
      {
        "Lon": 21.0515,
        "Time": "2017-05-14 00:07:48",
        "Lines": "9",
        "Lat": 52.2381,
        "Brigade": "36"
      },
      {
        "Lon": 21.053,
        "Time": "2017-05-14 00:07:58",
        "Lines": "9",
        "Lat": 52.2384,
        "Brigade": "36"
      },
      {
        "Lon": 21.0544,
        "Time": "2017-05-14 00:08:08",
        "Lines": "9",
        "Lat": 52.2386,
        "Brigade": "36"
      },
      {
        "Lon": 21.0552,
        "Time": "2017-05-14 00:08:18",
        "Lines": "9",
        "Lat": 52.2388,
        "Brigade": "36"
      },
      {
        "Lon": 21.0552,
        "Time": "2017-05-14 00:08:18",
        "Lines": "9",
        "Lat": 52.2388,
        "Brigade": "36"
      },
      {
        "Lon": 21.0553,
        "Time": "2017-05-14 00:08:28",
        "Lines": "9",
        "Lat": 52.2388,
        "Brigade": "36"
      },
      {
        "Lon": 21.0553,
        "Time": "2017-05-14 00:08:43",
        "Lines": "9",
        "Lat": 52.2388,
        "Brigade": "36"
      },
      {
        "Lon": 21.0558,
        "Time": "2017-05-14 00:08:53",
        "Lines": "9",
        "Lat": 52.2389,
        "Brigade": "36"
      },
      {
        "Lon": 21.0563,
        "Time": "2017-05-14 00:09:08",
        "Lines": "9",
        "Lat": 52.239,
        "Brigade": "36"
      },
      {
        "Lon": 21.0563,
        "Time": "2017-05-14 00:09:18",
        "Lines": "9",
        "Lat": 52.239,
        "Brigade": "36"
      },
      {
        "Lon": 21.0568,
        "Time": "2017-05-14 00:09:28",
        "Lines": "9",
        "Lat": 52.2391,
        "Brigade": "36"
      },
      {
        "Lon": 21.0585,
        "Time": "2017-05-14 00:09:38",
        "Lines": "9",
        "Lat": 52.2394,
        "Brigade": "36"
      },
      {
        "Lon": 21.0602,
        "Time": "2017-05-14 00:09:48",
        "Lines": "9",
        "Lat": 52.2398,
        "Brigade": "36"
      },
      {
        "Lon": 21.0602,
        "Time": "2017-05-14 00:09:48",
        "Lines": "9",
        "Lat": 52.2398,
        "Brigade": "36"
      },
      {
        "Lon": 21.0623,
        "Time": "2017-05-14 00:09:58",
        "Lines": "9",
        "Lat": 52.2402,
        "Brigade": "36"
      },
      {
        "Lon": 21.0632,
        "Time": "2017-05-14 00:10:13",
        "Lines": "9",
        "Lat": 52.2404,
        "Brigade": "36"
      },
      {
        "Lon": 21.0632,
        "Time": "2017-05-14 00:10:23",
        "Lines": "9",
        "Lat": 52.2404,
        "Brigade": "36"
      },
      {
        "Lon": 21.0632,
        "Time": "2017-05-14 00:10:33",
        "Lines": "9",
        "Lat": 52.2404,
        "Brigade": "36"
      },
      {
        "Lon": 21.064,
        "Time": "2017-05-14 00:10:43",
        "Lines": "9",
        "Lat": 52.2406,
        "Brigade": "36"
      },
      {
        "Lon": 21.0667,
        "Time": "2017-05-14 00:10:58",
        "Lines": "9",
        "Lat": 52.2411,
        "Brigade": "36"
      },
      {
        "Lon": 21.0676,
        "Time": "2017-05-14 00:11:03",
        "Lines": "9",
        "Lat": 52.2413,
        "Brigade": "36"
      },
      {
        "Lon": 21.068,
        "Time": "2017-05-14 00:25:22",
        "Lines": "9",
        "Lat": 52.2415,
        "Brigade": "36"
      },
      {
        "Lon": 21.0663,
        "Time": "2017-05-14 00:25:32",
        "Lines": "9",
        "Lat": 52.2412,
        "Brigade": "36"
      },
      {
        "Lon": 21.0646,
        "Time": "2017-05-14 00:25:42",
        "Lines": "9",
        "Lat": 52.2409,
        "Brigade": "36"
      },
      {
        "Lon": 21.0631,
        "Time": "2017-05-14 00:25:53",
        "Lines": "9",
        "Lat": 52.2405,
        "Brigade": "36"
      },
      {
        "Lon": 21.0626,
        "Time": "2017-05-14 00:26:04",
        "Lines": "9",
        "Lat": 52.2404,
        "Brigade": "36"
      },
      {
        "Lon": 21.0626,
        "Time": "2017-05-14 00:26:18",
        "Lines": "9",
        "Lat": 52.2404,
        "Brigade": "36"
      },
      {
        "Lon": 21.0616,
        "Time": "2017-05-14 00:26:28",
        "Lines": "9",
        "Lat": 52.2402,
        "Brigade": "36"
      },
      {
        "Lon": 21.06,
        "Time": "2017-05-14 00:26:38",
        "Lines": "9",
        "Lat": 52.2399,
        "Brigade": "36"
      },
      {
        "Lon": 21.0588,
        "Time": "2017-05-14 00:26:48",
        "Lines": "9",
        "Lat": 52.2397,
        "Brigade": "36"
      },
      {
        "Lon": 21.057,
        "Time": "2017-05-14 00:26:58",
        "Lines": "9",
        "Lat": 52.2393,
        "Brigade": "36"
      },
      {
        "Lon": 21.057,
        "Time": "2017-05-14 00:26:58",
        "Lines": "9",
        "Lat": 52.2393,
        "Brigade": "36"
      },
      {
        "Lon": 21.0552,
        "Time": "2017-05-14 00:27:13",
        "Lines": "9",
        "Lat": 52.2389,
        "Brigade": "36"
      },
      {
        "Lon": 21.0552,
        "Time": "2017-05-14 00:27:23",
        "Lines": "9",
        "Lat": 52.2389,
        "Brigade": "36"
      },
      {
        "Lon": 21.055,
        "Time": "2017-05-14 00:27:33",
        "Lines": "9",
        "Lat": 52.2389,
        "Brigade": "36"
      },
      {
        "Lon": 21.0539,
        "Time": "2017-05-14 00:27:43",
        "Lines": "9",
        "Lat": 52.2386,
        "Brigade": "36"
      },
      {
        "Lon": 21.0529,
        "Time": "2017-05-14 00:27:53",
        "Lines": "9",
        "Lat": 52.2384,
        "Brigade": "36"
      },
      {
        "Lon": 21.0513,
        "Time": "2017-05-14 00:28:08",
        "Lines": "9",
        "Lat": 52.2381,
        "Brigade": "36"
      },
      {
        "Lon": 21.0505,
        "Time": "2017-05-14 00:28:18",
        "Lines": "9",
        "Lat": 52.2379,
        "Brigade": "36"
      },
      {
        "Lon": 21.0501,
        "Time": "2017-05-14 00:28:29",
        "Lines": "9",
        "Lat": 52.2379,
        "Brigade": "36"
      },
      {
        "Lon": 21.0501,
        "Time": "2017-05-14 00:28:38",
        "Lines": "9",
        "Lat": 52.2379,
        "Brigade": "36"
      },
      {
        "Lon": 21.0501,
        "Time": "2017-05-14 00:28:48",
        "Lines": "9",
        "Lat": 52.2379,
        "Brigade": "36"
      },
      {
        "Lon": 21.0501,
        "Time": "2017-05-14 00:28:48",
        "Lines": "9",
        "Lat": 52.2379,
        "Brigade": "36"
      },
      {
        "Lon": 21.0484,
        "Time": "2017-05-14 00:29:03",
        "Lines": "9",
        "Lat": 52.2375,
        "Brigade": "36"
      },
      {
        "Lon": 21.0464,
        "Time": "2017-05-14 00:29:13",
        "Lines": "9",
        "Lat": 52.2371,
        "Brigade": "36"
      },
      {
        "Lon": 21.0445,
        "Time": "2017-05-14 00:29:23",
        "Lines": "9",
        "Lat": 52.2367,
        "Brigade": "36"
      },
      {
        "Lon": 21.0427,
        "Time": "2017-05-14 00:29:34",
        "Lines": "9",
        "Lat": 52.2363,
        "Brigade": "36"
      },
      {
        "Lon": 21.041,
        "Time": "2017-05-14 00:29:43",
        "Lines": "9",
        "Lat": 52.236,
        "Brigade": "36"
      },
      {
        "Lon": 21.0386,
        "Time": "2017-05-14 00:29:58",
        "Lines": "9",
        "Lat": 52.2355,
        "Brigade": "36"
      },
      {
        "Lon": 21.0386,
        "Time": "2017-05-14 00:29:58",
        "Lines": "9",
        "Lat": 52.2355,
        "Brigade": "36"
      },
      {
        "Lon": 21.0386,
        "Time": "2017-05-14 00:29:58",
        "Lines": "9",
        "Lat": 52.2355,
        "Brigade": "36"
      },
      {
        "Lon": 21.0386,
        "Time": "2017-05-14 00:29:58",
        "Lines": "9",
        "Lat": 52.2355,
        "Brigade": "36"
      },
      {
        "Lon": 21.0386,
        "Time": "2017-05-14 00:29:58",
        "Lines": "9",
        "Lat": 52.2355,
        "Brigade": "36"
      },
      {
        "Lon": 21.0386,
        "Time": "2017-05-14 00:29:58",
        "Lines": "9",
        "Lat": 52.2355,
        "Brigade": "36"
      },
      {
        "Lon": 21.0386,
        "Time": "2017-05-14 00:29:58",
        "Lines": "9",
        "Lat": 52.2355,
        "Brigade": "36"
      },
      {
        "Lon": 21.0386,
        "Time": "2017-05-14 00:29:58",
        "Lines": "9",
        "Lat": 52.2355,
        "Brigade": "36"
      },
      {
        "Lon": 21.0386,
        "Time": "2017-05-14 00:29:58",
        "Lines": "9",
        "Lat": 52.2355,
        "Brigade": "36"
      },
      {
        "Lon": 21.0364,
        "Time": "2017-05-14 00:31:23",
        "Lines": "9",
        "Lat": 52.235,
        "Brigade": "36"
      },
      {
        "Lon": 21.0364,
        "Time": "2017-05-14 00:31:38",
        "Lines": "9",
        "Lat": 52.235,
        "Brigade": "36"
      },
      {
        "Lon": 21.0363,
        "Time": "2017-05-14 00:31:43",
        "Lines": "9",
        "Lat": 52.235,
        "Brigade": "36"
      },
      {
        "Lon": 21.0346,
        "Time": "2017-05-14 00:31:57",
        "Lines": "9",
        "Lat": 52.2346,
        "Brigade": "36"
      },
      {
        "Lon": 21.0329,
        "Time": "2017-05-14 00:32:07",
        "Lines": "9",
        "Lat": 52.2343,
        "Brigade": "36"
      },
      {
        "Lon": 21.0301,
        "Time": "2017-05-14 00:32:22",
        "Lines": "9",
        "Lat": 52.2337,
        "Brigade": "36"
      },
      {
        "Lon": 21.0301,
        "Time": "2017-05-14 00:32:22",
        "Lines": "9",
        "Lat": 52.2337,
        "Brigade": "36"
      },
      {
        "Lon": 21.0292,
        "Time": "2017-05-14 00:32:27",
        "Lines": "9",
        "Lat": 52.2335,
        "Brigade": "36"
      },
      {
        "Lon": 21.0264,
        "Time": "2017-05-14 00:32:42",
        "Lines": "9",
        "Lat": 52.233,
        "Brigade": "36"
      },
      {
        "Lon": 21.0258,
        "Time": "2017-05-14 00:32:52",
        "Lines": "9",
        "Lat": 52.2328,
        "Brigade": "36"
      },
      {
        "Lon": 21.0219,
        "Time": "2017-05-14 00:33:07",
        "Lines": "9",
        "Lat": 52.232,
        "Brigade": "36"
      },
      {
        "Lon": 21.0215,
        "Time": "2017-05-14 00:33:17",
        "Lines": "9",
        "Lat": 52.2319,
        "Brigade": "36"
      },
      {
        "Lon": 21.0215,
        "Time": "2017-05-14 00:33:27",
        "Lines": "9",
        "Lat": 52.2319,
        "Brigade": "36"
      },
      {
        "Lon": 21.0215,
        "Time": "2017-05-14 00:33:37",
        "Lines": "9",
        "Lat": 52.2319,
        "Brigade": "36"
      },
      {
        "Lon": 21.0215,
        "Time": "2017-05-14 00:33:42",
        "Lines": "9",
        "Lat": 52.2319,
        "Brigade": "36"
      },
      {
        "Lon": 21.0208,
        "Time": "2017-05-14 00:34:02",
        "Lines": "9",
        "Lat": 52.2318,
        "Brigade": "36"
      },
      {
        "Lon": 21.0208,
        "Time": "2017-05-14 00:34:02",
        "Lines": "9",
        "Lat": 52.2318,
        "Brigade": "36"
      },
      {
        "Lon": 21.0191,
        "Time": "2017-05-14 00:34:12",
        "Lines": "9",
        "Lat": 52.2314,
        "Brigade": "36"
      },
      {
        "Lon": 21.0174,
        "Time": "2017-05-14 00:34:22",
        "Lines": "9",
        "Lat": 52.2311,
        "Brigade": "36"
      },
      {
        "Lon": 21.0168,
        "Time": "2017-05-14 00:34:35",
        "Lines": "9",
        "Lat": 52.2309,
        "Brigade": "36"
      },
      {
        "Lon": 21.0168,
        "Time": "2017-05-14 00:34:42",
        "Lines": "9",
        "Lat": 52.2309,
        "Brigade": "36"
      },
      {
        "Lon": 21.0168,
        "Time": "2017-05-14 00:34:57",
        "Lines": "9",
        "Lat": 52.231,
        "Brigade": "36"
      },
      {
        "Lon": 21.0157,
        "Time": "2017-05-14 00:35:07",
        "Lines": "9",
        "Lat": 52.2307,
        "Brigade": "36"
      },
      {
        "Lon": 21.0139,
        "Time": "2017-05-14 00:35:17",
        "Lines": "9",
        "Lat": 52.2303,
        "Brigade": "36"
      },
      {
        "Lon": 21.0125,
        "Time": "2017-05-14 00:35:27",
        "Lines": "9",
        "Lat": 52.23,
        "Brigade": "36"
      },
      {
        "Lon": 21.0123,
        "Time": "2017-05-14 00:35:37",
        "Lines": "9",
        "Lat": 52.23,
        "Brigade": "36"
      },
      {
        "Lon": 21.0123,
        "Time": "2017-05-14 00:35:37",
        "Lines": "9",
        "Lat": 52.23,
        "Brigade": "36"
      },
      {
        "Lon": 21.0123,
        "Time": "2017-05-14 00:35:48",
        "Lines": "9",
        "Lat": 52.23,
        "Brigade": "36"
      },
      {
        "Lon": 21.0123,
        "Time": "2017-05-14 00:35:58",
        "Lines": "9",
        "Lat": 52.23,
        "Brigade": "36"
      },
      {
        "Lon": 21.0123,
        "Time": "2017-05-14 00:36:13",
        "Lines": "9",
        "Lat": 52.23,
        "Brigade": "36"
      },
      {
        "Lon": 21.0123,
        "Time": "2017-05-14 00:36:23",
        "Lines": "9",
        "Lat": 52.23,
        "Brigade": "36"
      },
      {
        "Lon": 21.0123,
        "Time": "2017-05-14 00:36:33",
        "Lines": "9",
        "Lat": 52.23,
        "Brigade": "36"
      },
      {
        "Lon": 21.0123,
        "Time": "2017-05-14 00:36:43",
        "Lines": "9",
        "Lat": 52.23,
        "Brigade": "36"
      },
      {
        "Lon": 21.0123,
        "Time": "2017-05-14 00:36:58",
        "Lines": "9",
        "Lat": 52.23,
        "Brigade": "36"
      },
      {
        "Lon": 21.012,
        "Time": "2017-05-14 00:37:10",
        "Lines": "9",
        "Lat": 52.2299,
        "Brigade": "36"
      },
      {
        "Lon": 21.011,
        "Time": "2017-05-14 00:37:18",
        "Lines": "9",
        "Lat": 52.2297,
        "Brigade": "36"
      },
      {
        "Lon": 21.0091,
        "Time": "2017-05-14 00:37:28",
        "Lines": "9",
        "Lat": 52.2293,
        "Brigade": "36"
      },
      {
        "Lon": 21.0091,
        "Time": "2017-05-14 00:37:28",
        "Lines": "9",
        "Lat": 52.2293,
        "Brigade": "36"
      },
      {
        "Lon": 21.0064,
        "Time": "2017-05-14 00:37:43",
        "Lines": "9",
        "Lat": 52.2287,
        "Brigade": "36"
      },
      {
        "Lon": 21.006,
        "Time": "2017-05-14 00:37:53",
        "Lines": "9",
        "Lat": 52.2286,
        "Brigade": "36"
      },
      {
        "Lon": 21.006,
        "Time": "2017-05-14 00:38:03",
        "Lines": "9",
        "Lat": 52.2286,
        "Brigade": "36"
      },
      {
        "Lon": 21.006,
        "Time": "2017-05-14 00:38:13",
        "Lines": "9",
        "Lat": 52.2286,
        "Brigade": "36"
      },
      {
        "Lon": 21.0056,
        "Time": "2017-05-14 00:38:27",
        "Lines": "9",
        "Lat": 52.2286,
        "Brigade": "36"
      },
      {
        "Lon": 21.0047,
        "Time": "2017-05-14 00:38:33",
        "Lines": "9",
        "Lat": 52.2284,
        "Brigade": "36"
      },
      {
        "Lon": 21.003,
        "Time": "2017-05-14 00:38:48",
        "Lines": "9",
        "Lat": 52.2279,
        "Brigade": "36"
      },
      {
        "Lon": 21.0026,
        "Time": "2017-05-14 00:38:58",
        "Lines": "9",
        "Lat": 52.2279,
        "Brigade": "36"
      },
      {
        "Lon": 21.0026,
        "Time": "2017-05-14 00:39:08",
        "Lines": "9",
        "Lat": 52.2279,
        "Brigade": "36"
      },
      {
        "Lon": 21.0026,
        "Time": "2017-05-14 00:39:18",
        "Lines": "9",
        "Lat": 52.2279,
        "Brigade": "36"
      },
      {
        "Lon": 21.0026,
        "Time": "2017-05-14 00:39:18",
        "Lines": "9",
        "Lat": 52.2279,
        "Brigade": "36"
      },
      {
        "Lon": 21.0025,
        "Time": "2017-05-14 00:39:33",
        "Lines": "9",
        "Lat": 52.2279,
        "Brigade": "36"
      },
      {
        "Lon": 21.0024,
        "Time": "2017-05-14 00:39:43",
        "Lines": "9",
        "Lat": 52.2279,
        "Brigade": "36"
      },
      {
        "Lon": 21.0024,
        "Time": "2017-05-14 00:39:53",
        "Lines": "9",
        "Lat": 52.2279,
        "Brigade": "36"
      },
      {
        "Lon": 21.0024,
        "Time": "2017-05-14 00:40:03",
        "Lines": "9",
        "Lat": 52.2279,
        "Brigade": "36"
      },
      {
        "Lon": 21.0024,
        "Time": "2017-05-14 00:40:13",
        "Lines": "9",
        "Lat": 52.2279,
        "Brigade": "36"
      },
      {
        "Lon": 21.0015,
        "Time": "2017-05-14 00:40:28",
        "Lines": "9",
        "Lat": 52.2277,
        "Brigade": "36"
      },
      {
        "Lon": 21,
        "Time": "2017-05-14 00:40:38",
        "Lines": "9",
        "Lat": 52.2274,
        "Brigade": "36"
      },
      {
        "Lon": 20.9984,
        "Time": "2017-05-14 00:40:48",
        "Lines": "9",
        "Lat": 52.227,
        "Brigade": "36"
      },
      {
        "Lon": 20.9966,
        "Time": "2017-05-14 00:40:58",
        "Lines": "9",
        "Lat": 52.2267,
        "Brigade": "36"
      },
      {
        "Lon": 20.9962,
        "Time": "2017-05-14 00:41:08",
        "Lines": "9",
        "Lat": 52.2266,
        "Brigade": "36"
      },
      {
        "Lon": 20.9962,
        "Time": "2017-05-14 00:41:08",
        "Lines": "9",
        "Lat": 52.2266,
        "Brigade": "36"
      },
      {
        "Lon": 20.9962,
        "Time": "2017-05-14 00:41:23",
        "Lines": "9",
        "Lat": 52.2266,
        "Brigade": "36"
      },
      {
        "Lon": 20.9955,
        "Time": "2017-05-14 00:41:33",
        "Lines": "9",
        "Lat": 52.2265,
        "Brigade": "36"
      },
      {
        "Lon": 20.9947,
        "Time": "2017-05-14 00:41:43",
        "Lines": "9",
        "Lat": 52.2263,
        "Brigade": "36"
      },
      {
        "Lon": 20.9931,
        "Time": "2017-05-14 00:41:53",
        "Lines": "9",
        "Lat": 52.2259,
        "Brigade": "36"
      },
      {
        "Lon": 20.9915,
        "Time": "2017-05-14 00:42:03",
        "Lines": "9",
        "Lat": 52.2256,
        "Brigade": "36"
      },
      {
        "Lon": 20.9906,
        "Time": "2017-05-14 00:42:13",
        "Lines": "9",
        "Lat": 52.2254,
        "Brigade": "36"
      },
      {
        "Lon": 20.9897,
        "Time": "2017-05-14 00:42:28",
        "Lines": "9",
        "Lat": 52.225,
        "Brigade": "36"
      },
      {
        "Lon": 20.9897,
        "Time": "2017-05-14 00:42:38",
        "Lines": "9",
        "Lat": 52.225,
        "Brigade": "36"
      },
      {
        "Lon": 20.9898,
        "Time": "2017-05-14 00:42:43",
        "Lines": "9",
        "Lat": 52.225,
        "Brigade": "36"
      },
      {
        "Lon": 20.9898,
        "Time": "2017-05-14 00:42:57",
        "Lines": "9",
        "Lat": 52.225,
        "Brigade": "36"
      },
      {
        "Lon": 20.9898,
        "Time": "2017-05-14 00:42:57",
        "Lines": "9",
        "Lat": 52.225,
        "Brigade": "36"
      },
      {
        "Lon": 20.9898,
        "Time": "2017-05-14 00:43:12",
        "Lines": "9",
        "Lat": 52.225,
        "Brigade": "36"
      },
      {
        "Lon": 20.9898,
        "Time": "2017-05-14 00:43:22",
        "Lines": "9",
        "Lat": 52.225,
        "Brigade": "36"
      },
      {
        "Lon": 20.9898,
        "Time": "2017-05-14 00:43:32",
        "Lines": "9",
        "Lat": 52.225,
        "Brigade": "36"
      },
      {
        "Lon": 20.9898,
        "Time": "2017-05-14 00:43:42",
        "Lines": "9",
        "Lat": 52.225,
        "Brigade": "36"
      },
      {
        "Lon": 20.9893,
        "Time": "2017-05-14 00:43:57",
        "Lines": "9",
        "Lat": 52.2248,
        "Brigade": "36"
      },
      {
        "Lon": 20.9885,
        "Time": "2017-05-14 00:44:07",
        "Lines": "9",
        "Lat": 52.2245,
        "Brigade": "36"
      },
      {
        "Lon": 20.9877,
        "Time": "2017-05-14 00:44:17",
        "Lines": "9",
        "Lat": 52.2238,
        "Brigade": "36"
      },
      {
        "Lon": 20.9871,
        "Time": "2017-05-14 00:44:27",
        "Lines": "9",
        "Lat": 52.223,
        "Brigade": "36"
      },
      {
        "Lon": 20.9868,
        "Time": "2017-05-14 00:44:40",
        "Lines": "9",
        "Lat": 52.2227,
        "Brigade": "36"
      },
      {
        "Lon": 20.9868,
        "Time": "2017-05-14 00:44:40",
        "Lines": "9",
        "Lat": 52.2227,
        "Brigade": "36"
      },
      {
        "Lon": 20.9868,
        "Time": "2017-05-14 00:44:52",
        "Lines": "9",
        "Lat": 52.2227,
        "Brigade": "36"
      },
      {
        "Lon": 20.9866,
        "Time": "2017-05-14 00:45:02",
        "Lines": "9",
        "Lat": 52.2225,
        "Brigade": "36"
      },
      {
        "Lon": 20.9858,
        "Time": "2017-05-14 00:45:12",
        "Lines": "9",
        "Lat": 52.2216,
        "Brigade": "36"
      },
      {
        "Lon": 20.9849,
        "Time": "2017-05-14 00:45:22",
        "Lines": "9",
        "Lat": 52.2206,
        "Brigade": "36"
      },
      {
        "Lon": 20.9844,
        "Time": "2017-05-14 00:45:32",
        "Lines": "9",
        "Lat": 52.2201,
        "Brigade": "36"
      },
      {
        "Lon": 20.9844,
        "Time": "2017-05-14 00:45:48",
        "Lines": "9",
        "Lat": 52.22,
        "Brigade": "36"
      },
      {
        "Lon": 20.9844,
        "Time": "2017-05-14 00:45:58",
        "Lines": "9",
        "Lat": 52.22,
        "Brigade": "36"
      },
      {
        "Lon": 20.9844,
        "Time": "2017-05-14 00:46:08",
        "Lines": "9",
        "Lat": 52.22,
        "Brigade": "36"
      },
      {
        "Lon": 20.9844,
        "Time": "2017-05-14 00:46:18",
        "Lines": "9",
        "Lat": 52.22,
        "Brigade": "36"
      },
      {
        "Lon": 20.9844,
        "Time": "2017-05-14 00:46:28",
        "Lines": "9",
        "Lat": 52.22,
        "Brigade": "36"
      },
      {
        "Lon": 20.9844,
        "Time": "2017-05-14 00:46:28",
        "Lines": "9",
        "Lat": 52.22,
        "Brigade": "36"
      },
      {
        "Lon": 20.9841,
        "Time": "2017-05-14 00:46:43",
        "Lines": "9",
        "Lat": 52.2196,
        "Brigade": "36"
      },
      {
        "Lon": 20.9838,
        "Time": "2017-05-14 00:46:53",
        "Lines": "9",
        "Lat": 52.2191,
        "Brigade": "36"
      },
      {
        "Lon": 20.9835,
        "Time": "2017-05-14 00:47:04",
        "Lines": "9",
        "Lat": 52.2189,
        "Brigade": "36"
      },
      {
        "Lon": 20.9835,
        "Time": "2017-05-14 00:47:13",
        "Lines": "9",
        "Lat": 52.2189,
        "Brigade": "36"
      },
      {
        "Lon": 20.9835,
        "Time": "2017-05-14 00:47:23",
        "Lines": "9",
        "Lat": 52.2189,
        "Brigade": "36"
      },
      {
        "Lon": 20.9833,
        "Time": "2017-05-14 00:47:38",
        "Lines": "9",
        "Lat": 52.2186,
        "Brigade": "36"
      },
      {
        "Lon": 20.9834,
        "Time": "2017-05-14 00:47:48",
        "Lines": "9",
        "Lat": 52.2183,
        "Brigade": "36"
      },
      {
        "Lon": 20.9837,
        "Time": "2017-05-14 00:47:53",
        "Lines": "9",
        "Lat": 52.2183,
        "Brigade": "36"
      },
      {
        "Lon": 20.9841,
        "Time": "2017-05-14 00:48:08",
        "Lines": "9",
        "Lat": 52.2184,
        "Brigade": "36"
      },
      {
        "Lon": 20.9841,
        "Time": "2017-05-14 00:48:18",
        "Lines": "9",
        "Lat": 52.2184,
        "Brigade": "36"
      },
      {
        "Lon": 20.9841,
        "Time": "2017-05-14 00:48:18",
        "Lines": "9",
        "Lat": 52.2184,
        "Brigade": "36"
      },
      {
        "Lon": 20.9841,
        "Time": "2017-05-14 00:48:27",
        "Lines": "9",
        "Lat": 52.2184,
        "Brigade": "36"
      },
      {
        "Lon": 20.9844,
        "Time": "2017-05-14 00:48:42",
        "Lines": "9",
        "Lat": 52.2188,
        "Brigade": "36"
      },
      {
        "Lon": 20.9846,
        "Time": "2017-05-14 00:48:52",
        "Lines": "9",
        "Lat": 52.2191,
        "Brigade": "36"
      },
      {
        "Lon": 20.9846,
        "Time": "2017-05-14 00:49:03",
        "Lines": "9",
        "Lat": 52.219,
        "Brigade": "36"
      },
      {
        "Lon": 20.9846,
        "Time": "2017-05-14 00:49:13",
        "Lines": "9",
        "Lat": 52.219,
        "Brigade": "36"
      },
      {
        "Lon": 20.9846,
        "Time": "2017-05-14 00:49:23",
        "Lines": "9",
        "Lat": 52.219,
        "Brigade": "36"
      },
      {
        "Lon": 20.9846,
        "Time": "2017-05-14 00:49:38",
        "Lines": "9",
        "Lat": 52.219,
        "Brigade": "36"
      },
      {
        "Lon": 20.9846,
        "Time": "2017-05-14 00:49:48",
        "Lines": "9",
        "Lat": 52.219,
        "Brigade": "36"
      },
      {
        "Lon": 20.9846,
        "Time": "2017-05-14 00:49:58",
        "Lines": "9",
        "Lat": 52.219,
        "Brigade": "36"
      },
      {
        "Lon": 20.9846,
        "Time": "2017-05-14 00:50:07",
        "Lines": "9",
        "Lat": 52.219,
        "Brigade": "36"
      },
      {
        "Lon": 20.9846,
        "Time": "2017-05-14 00:50:07",
        "Lines": "9",
        "Lat": 52.219,
        "Brigade": "36"
      },
      {
        "Lon": 20.9846,
        "Time": "2017-05-14 00:50:17",
        "Lines": "9",
        "Lat": 52.219,
        "Brigade": "36"
      },
      {
        "Lon": 20.9846,
        "Time": "2017-05-14 00:50:32",
        "Lines": "9",
        "Lat": 52.219,
        "Brigade": "36"
      },
      {
        "Lon": 20.9846,
        "Time": "2017-05-14 00:50:42",
        "Lines": "9",
        "Lat": 52.219,
        "Brigade": "36"
      },
      {
        "Lon": 20.9846,
        "Time": "2017-05-14 00:50:52",
        "Lines": "9",
        "Lat": 52.219,
        "Brigade": "36"
      },
      {
        "Lon": 20.9846,
        "Time": "2017-05-14 00:51:02",
        "Lines": "9",
        "Lat": 52.219,
        "Brigade": "36"
      },
      {
        "Lon": 20.9846,
        "Time": "2017-05-14 00:51:13",
        "Lines": "9",
        "Lat": 52.219,
        "Brigade": "36"
      },
      {
        "Lon": 20.9846,
        "Time": "2017-05-14 00:51:27",
        "Lines": "9",
        "Lat": 52.219,
        "Brigade": "36"
      },
      {
        "Lon": 20.9846,
        "Time": "2017-05-14 00:51:37",
        "Lines": "9",
        "Lat": 52.219,
        "Brigade": "36"
      },
      {
        "Lon": 20.9846,
        "Time": "2017-05-14 00:51:47",
        "Lines": "9",
        "Lat": 52.219,
        "Brigade": "36"
      },
      {
        "Lon": 20.9846,
        "Time": "2017-05-14 00:51:57",
        "Lines": "9",
        "Lat": 52.219,
        "Brigade": "36"
      },
      {
        "Lon": 20.9846,
        "Time": "2017-05-14 00:51:57",
        "Lines": "9",
        "Lat": 52.219,
        "Brigade": "36"
      },
      {
        "Lon": 20.9846,
        "Time": "2017-05-14 00:52:07",
        "Lines": "9",
        "Lat": 52.219,
        "Brigade": "36"
      },
      {
        "Lon": 20.9846,
        "Time": "2017-05-14 00:52:22",
        "Lines": "9",
        "Lat": 52.219,
        "Brigade": "36"
      },
      {
        "Lon": 20.9846,
        "Time": "2017-05-14 00:52:32",
        "Lines": "9",
        "Lat": 52.219,
        "Brigade": "36"
      },
      {
        "Lon": 20.9846,
        "Time": "2017-05-14 00:52:42",
        "Lines": "9",
        "Lat": 52.219,
        "Brigade": "36"
      },
      {
        "Lon": 20.9846,
        "Time": "2017-05-14 00:52:57",
        "Lines": "9",
        "Lat": 52.219,
        "Brigade": "36"
      },
      {
        "Lon": 20.9846,
        "Time": "2017-05-14 00:53:07",
        "Lines": "9",
        "Lat": 52.219,
        "Brigade": "36"
      },
      {
        "Lon": 20.9846,
        "Time": "2017-05-14 00:53:18",
        "Lines": "9",
        "Lat": 52.219,
        "Brigade": "36"
      },
      {
        "Lon": 20.9846,
        "Time": "2017-05-14 00:53:27",
        "Lines": "9",
        "Lat": 52.219,
        "Brigade": "36"
      },
      {
        "Lon": 20.9846,
        "Time": "2017-05-14 00:53:37",
        "Lines": "9",
        "Lat": 52.219,
        "Brigade": "36"
      },
      {
        "Lon": 20.9846,
        "Time": "2017-05-14 00:53:37",
        "Lines": "9",
        "Lat": 52.219,
        "Brigade": "36"
      },
      {
        "Lon": 20.9846,
        "Time": "2017-05-14 00:53:52",
        "Lines": "9",
        "Lat": 52.219,
        "Brigade": "36"
      },
      {
        "Lon": 20.9846,
        "Time": "2017-05-14 00:54:02",
        "Lines": "9",
        "Lat": 52.219,
        "Brigade": "36"
      },
      {
        "Lon": 20.9846,
        "Time": "2017-05-14 00:54:12",
        "Lines": "9",
        "Lat": 52.219,
        "Brigade": "36"
      },
      {
        "Lon": 20.9846,
        "Time": "2017-05-14 00:54:22",
        "Lines": "9",
        "Lat": 52.219,
        "Brigade": "36"
      },
      {
        "Lon": 20.9846,
        "Time": "2017-05-14 00:54:37",
        "Lines": "9",
        "Lat": 52.219,
        "Brigade": "36"
      },
      {
        "Lon": 20.9846,
        "Time": "2017-05-14 00:54:42",
        "Lines": "9",
        "Lat": 52.219,
        "Brigade": "36"
      },
      {
        "Lon": 20.9846,
        "Time": "2017-05-14 00:54:57",
        "Lines": "9",
        "Lat": 52.219,
        "Brigade": "36"
      },
      {
        "Lon": 20.9846,
        "Time": "2017-05-14 00:55:07",
        "Lines": "9",
        "Lat": 52.219,
        "Brigade": "36"
      },
      {
        "Lon": 20.9846,
        "Time": "2017-05-14 00:55:17",
        "Lines": "9",
        "Lat": 52.219,
        "Brigade": "36"
      },
      {
        "Lon": 20.9846,
        "Time": "2017-05-14 00:55:27",
        "Lines": "9",
        "Lat": 52.219,
        "Brigade": "36"
      },
      {
        "Lon": 20.9846,
        "Time": "2017-05-14 00:55:27",
        "Lines": "9",
        "Lat": 52.219,
        "Brigade": "36"
      },
      {
        "Lon": 20.9846,
        "Time": "2017-05-14 00:55:42",
        "Lines": "9",
        "Lat": 52.219,
        "Brigade": "36"
      },
      {
        "Lon": 20.9846,
        "Time": "2017-05-14 00:55:52",
        "Lines": "9",
        "Lat": 52.219,
        "Brigade": "36"
      },
      {
        "Lon": 20.9846,
        "Time": "2017-05-14 00:56:02",
        "Lines": "9",
        "Lat": 52.219,
        "Brigade": "36"
      },
      {
        "Lon": 20.9846,
        "Time": "2017-05-14 00:56:12",
        "Lines": "9",
        "Lat": 52.219,
        "Brigade": "36"
      },
      {
        "Lon": 20.9846,
        "Time": "2017-05-14 00:56:22",
        "Lines": "9",
        "Lat": 52.219,
        "Brigade": "36"
      },
      {
        "Lon": 20.9846,
        "Time": "2017-05-14 00:56:37",
        "Lines": "9",
        "Lat": 52.219,
        "Brigade": "36"
      },
      {
        "Lon": 20.9846,
        "Time": "2017-05-14 00:56:42",
        "Lines": "9",
        "Lat": 52.219,
        "Brigade": "36"
      },
      {
        "Lon": 20.9846,
        "Time": "2017-05-14 00:56:57",
        "Lines": "9",
        "Lat": 52.219,
        "Brigade": "36"
      },
      {
        "Lon": 20.9846,
        "Time": "2017-05-14 00:57:07",
        "Lines": "9",
        "Lat": 52.219,
        "Brigade": "36"
      },
      {
        "Lon": 20.9846,
        "Time": "2017-05-14 00:57:17",
        "Lines": "9",
        "Lat": 52.219,
        "Brigade": "36"
      },
      {
        "Lon": 20.9846,
        "Time": "2017-05-14 00:57:17",
        "Lines": "9",
        "Lat": 52.219,
        "Brigade": "36"
      },
      {
        "Lon": 20.9846,
        "Time": "2017-05-14 00:57:32",
        "Lines": "9",
        "Lat": 52.219,
        "Brigade": "36"
      },
      {
        "Lon": 20.9846,
        "Time": "2017-05-14 00:57:42",
        "Lines": "9",
        "Lat": 52.219,
        "Brigade": "36"
      },
      {
        "Lon": 20.9846,
        "Time": "2017-05-14 00:57:52",
        "Lines": "9",
        "Lat": 52.219,
        "Brigade": "36"
      },
      {
        "Lon": 20.9846,
        "Time": "2017-05-14 00:58:02",
        "Lines": "9",
        "Lat": 52.219,
        "Brigade": "36"
      },
      {
        "Lon": 20.9847,
        "Time": "2017-05-14 00:58:12",
        "Lines": "9",
        "Lat": 52.2191,
        "Brigade": "36"
      },
      {
        "Lon": 20.9847,
        "Time": "2017-05-14 00:58:27",
        "Lines": "9",
        "Lat": 52.2195,
        "Brigade": "36"
      },
      {
        "Lon": 20.9847,
        "Time": "2017-05-14 00:58:37",
        "Lines": "9",
        "Lat": 52.2195,
        "Brigade": "36"
      },
      {
        "Lon": 20.9847,
        "Time": "2017-05-14 00:58:42",
        "Lines": "9",
        "Lat": 52.2195,
        "Brigade": "36"
      },
      {
        "Lon": 20.9847,
        "Time": "2017-05-14 00:58:57",
        "Lines": "9",
        "Lat": 52.2195,
        "Brigade": "36"
      },
      {
        "Lon": 20.9847,
        "Time": "2017-05-14 00:59:07",
        "Lines": "9",
        "Lat": 52.2195,
        "Brigade": "36"
      },
      {
        "Lon": 20.9847,
        "Time": "2017-05-14 00:59:07",
        "Lines": "9",
        "Lat": 52.2195,
        "Brigade": "36"
      },
      {
        "Lon": 20.9845,
        "Time": "2017-05-14 00:59:17",
        "Lines": "9",
        "Lat": 52.2198,
        "Brigade": "36"
      },
      {
        "Lon": 20.9851,
        "Time": "2017-05-14 00:59:32",
        "Lines": "9",
        "Lat": 52.2207,
        "Brigade": "36"
      },
      {
        "Lon": 20.9861,
        "Time": "2017-05-14 00:59:42",
        "Lines": "9",
        "Lat": 52.2219,
        "Brigade": "36"
      },
      {
        "Lon": 20.9868,
        "Time": "2017-05-14 00:59:52",
        "Lines": "9",
        "Lat": 52.2226,
        "Brigade": "36"
      },
      {
        "Lon": 20.9868,
        "Time": "2017-05-14 01:00:02",
        "Lines": "9",
        "Lat": 52.2226,
        "Brigade": "36"
      },
      {
        "Lon": 20.9869,
        "Time": "2017-05-14 01:00:17",
        "Lines": "9",
        "Lat": 52.2228,
        "Brigade": "36"
      },
      {
        "Lon": 20.9876,
        "Time": "2017-05-14 01:00:27",
        "Lines": "9",
        "Lat": 52.2236,
        "Brigade": "36"
      },
      {
        "Lon": 20.9885,
        "Time": "2017-05-14 01:00:37",
        "Lines": "9",
        "Lat": 52.2244,
        "Brigade": "36"
      },
      {
        "Lon": 20.9893,
        "Time": "2017-05-14 01:00:47",
        "Lines": "9",
        "Lat": 52.2248,
        "Brigade": "36"
      },
      {
        "Lon": 20.9904,
        "Time": "2017-05-14 01:00:57",
        "Lines": "9",
        "Lat": 52.2252,
        "Brigade": "36"
      },
      {
        "Lon": 20.9904,
        "Time": "2017-05-14 01:00:57",
        "Lines": "9",
        "Lat": 52.2252,
        "Brigade": "36"
      },
      {
        "Lon": 20.9906,
        "Time": "2017-05-14 01:01:08",
        "Lines": "9",
        "Lat": 52.2253,
        "Brigade": "36"
      },
      {
        "Lon": 20.9907,
        "Time": "2017-05-14 01:01:22",
        "Lines": "9",
        "Lat": 52.2253,
        "Brigade": "36"
      },
      {
        "Lon": 20.9918,
        "Time": "2017-05-14 01:01:32",
        "Lines": "9",
        "Lat": 52.2256,
        "Brigade": "36"
      },
      {
        "Lon": 20.9936,
        "Time": "2017-05-14 01:01:43",
        "Lines": "9",
        "Lat": 52.2259,
        "Brigade": "36"
      },
      {
        "Lon": 20.9951,
        "Time": "2017-05-14 01:01:52",
        "Lines": "9",
        "Lat": 52.2263,
        "Brigade": "36"
      },
      {
        "Lon": 20.9953,
        "Time": "2017-05-14 01:02:07",
        "Lines": "9",
        "Lat": 52.2263,
        "Brigade": "36"
      },
      {
        "Lon": 20.9956,
        "Time": "2017-05-14 01:02:17",
        "Lines": "9",
        "Lat": 52.2264,
        "Brigade": "36"
      },
      {
        "Lon": 20.9964,
        "Time": "2017-05-14 01:02:27",
        "Lines": "9",
        "Lat": 52.2266,
        "Brigade": "36"
      },
      {
        "Lon": 20.9977,
        "Time": "2017-05-14 01:02:38",
        "Lines": "9",
        "Lat": 52.2268,
        "Brigade": "36"
      },
      {
        "Lon": 20.9992,
        "Time": "2017-05-14 01:02:47",
        "Lines": "9",
        "Lat": 52.2271,
        "Brigade": "36"
      },
      {
        "Lon": 20.9992,
        "Time": "2017-05-14 01:02:47",
        "Lines": "9",
        "Lat": 52.2271,
        "Brigade": "36"
      },
      {
        "Lon": 21.0011,
        "Time": "2017-05-14 01:02:57",
        "Lines": "9",
        "Lat": 52.2276,
        "Brigade": "36"
      },
      {
        "Lon": 21.0014,
        "Time": "2017-05-14 01:03:12",
        "Lines": "9",
        "Lat": 52.2276,
        "Brigade": "36"
      },
      {
        "Lon": 21.0014,
        "Time": "2017-05-14 01:03:22",
        "Lines": "9",
        "Lat": 52.2276,
        "Brigade": "36"
      },
      {
        "Lon": 21.0014,
        "Time": "2017-05-14 01:03:32",
        "Lines": "9",
        "Lat": 52.2276,
        "Brigade": "36"
      },
      {
        "Lon": 21.0016,
        "Time": "2017-05-14 01:03:42",
        "Lines": "9",
        "Lat": 52.2277,
        "Brigade": "36"
      },
      {
        "Lon": 21.0027,
        "Time": "2017-05-14 01:03:52",
        "Lines": "9",
        "Lat": 52.2279,
        "Brigade": "36"
      },
      {
        "Lon": 21.0038,
        "Time": "2017-05-14 01:04:07",
        "Lines": "9",
        "Lat": 52.2281,
        "Brigade": "36"
      },
      {
        "Lon": 21.0038,
        "Time": "2017-05-14 01:04:17",
        "Lines": "9",
        "Lat": 52.2281,
        "Brigade": "36"
      },
      {
        "Lon": 21.0038,
        "Time": "2017-05-14 01:04:27",
        "Lines": "9",
        "Lat": 52.2281,
        "Brigade": "36"
      },
      {
        "Lon": 21.0047,
        "Time": "2017-05-14 01:04:37",
        "Lines": "9",
        "Lat": 52.2283,
        "Brigade": "36"
      },
      {
        "Lon": 21.0047,
        "Time": "2017-05-14 01:04:37",
        "Lines": "9",
        "Lat": 52.2283,
        "Brigade": "36"
      },
      {
        "Lon": 21.007,
        "Time": "2017-05-14 01:04:52",
        "Lines": "9",
        "Lat": 52.2288,
        "Brigade": "36"
      },
      {
        "Lon": 21.009,
        "Time": "2017-05-14 01:05:02",
        "Lines": "9",
        "Lat": 52.2292,
        "Brigade": "36"
      },
      {
        "Lon": 21.0107,
        "Time": "2017-05-14 01:05:14",
        "Lines": "9",
        "Lat": 52.2296,
        "Brigade": "36"
      },
      {
        "Lon": 21.0112,
        "Time": "2017-05-14 01:05:22",
        "Lines": "9",
        "Lat": 52.2297,
        "Brigade": "36"
      },
      {
        "Lon": 21.0112,
        "Time": "2017-05-14 01:05:32",
        "Lines": "9",
        "Lat": 52.2297,
        "Brigade": "36"
      },
      {
        "Lon": 21.0116,
        "Time": "2017-05-14 01:05:42",
        "Lines": "9",
        "Lat": 52.2298,
        "Brigade": "36"
      },
      {
        "Lon": 21.0137,
        "Time": "2017-05-14 01:05:57",
        "Lines": "9",
        "Lat": 52.2303,
        "Brigade": "36"
      },
      {
        "Lon": 21.0155,
        "Time": "2017-05-14 01:06:07",
        "Lines": "9",
        "Lat": 52.2306,
        "Brigade": "36"
      },
      {
        "Lon": 21.0155,
        "Time": "2017-05-14 01:06:07",
        "Lines": "9",
        "Lat": 52.2306,
        "Brigade": "36"
      },
      {
        "Lon": 21.016,
        "Time": "2017-05-14 01:06:22",
        "Lines": "9",
        "Lat": 52.2307,
        "Brigade": "36"
      },
      {
        "Lon": 21.016,
        "Time": "2017-05-14 01:06:32",
        "Lines": "9",
        "Lat": 52.2308,
        "Brigade": "36"
      },
      {
        "Lon": 21.016,
        "Time": "2017-05-14 01:06:42",
        "Lines": "9",
        "Lat": 52.2308,
        "Brigade": "36"
      },
      {
        "Lon": 21.016,
        "Time": "2017-05-14 01:06:52",
        "Lines": "9",
        "Lat": 52.2307,
        "Brigade": "36"
      },
      {
        "Lon": 21.016,
        "Time": "2017-05-14 01:07:06",
        "Lines": "9",
        "Lat": 52.2307,
        "Brigade": "36"
      },
      {
        "Lon": 21.0166,
        "Time": "2017-05-14 01:07:17",
        "Lines": "9",
        "Lat": 52.2308,
        "Brigade": "36"
      },
      {
        "Lon": 21.0184,
        "Time": "2017-05-14 01:07:27",
        "Lines": "9",
        "Lat": 52.2312,
        "Brigade": "36"
      },
      {
        "Lon": 21.02,
        "Time": "2017-05-14 01:07:37",
        "Lines": "9",
        "Lat": 52.2316,
        "Brigade": "36"
      },
      {
        "Lon": 21.0203,
        "Time": "2017-05-14 01:07:44",
        "Lines": "9",
        "Lat": 52.2316,
        "Brigade": "36"
      },
      {
        "Lon": 21.0203,
        "Time": "2017-05-14 01:08:02",
        "Lines": "9",
        "Lat": 52.2316,
        "Brigade": "36"
      },
      {
        "Lon": 21.0203,
        "Time": "2017-05-14 01:08:02",
        "Lines": "9",
        "Lat": 52.2316,
        "Brigade": "36"
      },
      {
        "Lon": 21.0203,
        "Time": "2017-05-14 01:08:12",
        "Lines": "9",
        "Lat": 52.2316,
        "Brigade": "36"
      },
      {
        "Lon": 21.0203,
        "Time": "2017-05-14 01:08:22",
        "Lines": "9",
        "Lat": 52.2316,
        "Brigade": "36"
      },
      {
        "Lon": 21.0202,
        "Time": "2017-05-14 01:08:32",
        "Lines": "9",
        "Lat": 52.2316,
        "Brigade": "36"
      },
      {
        "Lon": 21.0202,
        "Time": "2017-05-14 01:08:42",
        "Lines": "9",
        "Lat": 52.2316,
        "Brigade": "36"
      },
      {
        "Lon": 21.0203,
        "Time": "2017-05-14 01:08:57",
        "Lines": "9",
        "Lat": 52.2316,
        "Brigade": "36"
      },
      {
        "Lon": 21.0214,
        "Time": "2017-05-14 01:09:07",
        "Lines": "9",
        "Lat": 52.2318,
        "Brigade": "36"
      },
      {
        "Lon": 21.0235,
        "Time": "2017-05-14 01:09:17",
        "Lines": "9",
        "Lat": 52.2323,
        "Brigade": "36"
      },
      {
        "Lon": 21.0257,
        "Time": "2017-05-14 01:09:27",
        "Lines": "9",
        "Lat": 52.2328,
        "Brigade": "36"
      },
      {
        "Lon": 21.0279,
        "Time": "2017-05-14 01:09:37",
        "Lines": "9",
        "Lat": 52.2332,
        "Brigade": "36"
      },
      {
        "Lon": 21.0311,
        "Time": "2017-05-14 01:09:52",
        "Lines": "9",
        "Lat": 52.2339,
        "Brigade": "36"
      },
      {
        "Lon": 21.0311,
        "Time": "2017-05-14 01:09:52",
        "Lines": "9",
        "Lat": 52.2339,
        "Brigade": "36"
      },
      {
        "Lon": 21.0332,
        "Time": "2017-05-14 01:10:03",
        "Lines": "9",
        "Lat": 52.2343,
        "Brigade": "36"
      },
      {
        "Lon": 21.0332,
        "Time": "2017-05-14 01:10:03",
        "Lines": "9",
        "Lat": 52.2343,
        "Brigade": "36"
      },
      {
        "Lon": 21.0367,
        "Time": "2017-05-14 01:10:22",
        "Lines": "9",
        "Lat": 52.235,
        "Brigade": "36"
      },
      {
        "Lon": 21.0373,
        "Time": "2017-05-14 01:10:34",
        "Lines": "9",
        "Lat": 52.2352,
        "Brigade": "36"
      },
      {
        "Lon": 21.0373,
        "Time": "2017-05-14 01:10:42",
        "Lines": "9",
        "Lat": 52.2352,
        "Brigade": "36"
      },
      {
        "Lon": 21.0373,
        "Time": "2017-05-14 01:10:57",
        "Lines": "9",
        "Lat": 52.2352,
        "Brigade": "36"
      },
      {
        "Lon": 21.0384,
        "Time": "2017-05-14 01:11:07",
        "Lines": "9",
        "Lat": 52.2354,
        "Brigade": "36"
      },
      {
        "Lon": 21.0414,
        "Time": "2017-05-14 01:11:22",
        "Lines": "9",
        "Lat": 52.236,
        "Brigade": "36"
      },
      {
        "Lon": 21.0414,
        "Time": "2017-05-14 01:11:22",
        "Lines": "9",
        "Lat": 52.236,
        "Brigade": "36"
      },
      {
        "Lon": 21.0434,
        "Time": "2017-05-14 01:11:32",
        "Lines": "9",
        "Lat": 52.2364,
        "Brigade": "36"
      },
      {
        "Lon": 21.0455,
        "Time": "2017-05-14 01:11:42",
        "Lines": "9",
        "Lat": 52.2368,
        "Brigade": "36"
      },
      {
        "Lon": 21.0476,
        "Time": "2017-05-14 01:11:52",
        "Lines": "9",
        "Lat": 52.2373,
        "Brigade": "36"
      },
      {
        "Lon": 21.0493,
        "Time": "2017-05-14 01:12:02",
        "Lines": "9",
        "Lat": 52.2376,
        "Brigade": "36"
      },
      {
        "Lon": 21.0505,
        "Time": "2017-05-14 01:12:12",
        "Lines": "9",
        "Lat": 52.2379,
        "Brigade": "36"
      },
      {
        "Lon": 21.051,
        "Time": "2017-05-14 01:12:27",
        "Lines": "9",
        "Lat": 52.238,
        "Brigade": "36"
      },
      {
        "Lon": 21.051,
        "Time": "2017-05-14 01:12:37",
        "Lines": "9",
        "Lat": 52.238,
        "Brigade": "36"
      },
      {
        "Lon": 21.051,
        "Time": "2017-05-14 01:12:47",
        "Lines": "9",
        "Lat": 52.238,
        "Brigade": "36"
      },
      {
        "Lon": 21.051,
        "Time": "2017-05-14 01:12:57",
        "Lines": "9",
        "Lat": 52.238,
        "Brigade": "36"
      },
      {
        "Lon": 21.0517,
        "Time": "2017-05-14 01:13:07",
        "Lines": "9",
        "Lat": 52.2381,
        "Brigade": "36"
      },
      {
        "Lon": 21.0517,
        "Time": "2017-05-14 01:13:07",
        "Lines": "9",
        "Lat": 52.2381,
        "Brigade": "36"
      },
      {
        "Lon": 21.0539,
        "Time": "2017-05-14 01:13:22",
        "Lines": "9",
        "Lat": 52.2385,
        "Brigade": "36"
      },
      {
        "Lon": 21.0555,
        "Time": "2017-05-14 01:13:32",
        "Lines": "9",
        "Lat": 52.2388,
        "Brigade": "36"
      },
      {
        "Lon": 21.0563,
        "Time": "2017-05-14 01:13:42",
        "Lines": "9",
        "Lat": 52.239,
        "Brigade": "36"
      },
      {
        "Lon": 21.0563,
        "Time": "2017-05-14 01:13:52",
        "Lines": "9",
        "Lat": 52.239,
        "Brigade": "36"
      },
      {
        "Lon": 21.0575,
        "Time": "2017-05-14 01:14:07",
        "Lines": "9",
        "Lat": 52.2392,
        "Brigade": "36"
      },
      {
        "Lon": 21.0595,
        "Time": "2017-05-14 01:14:17",
        "Lines": "9",
        "Lat": 52.2397,
        "Brigade": "36"
      },
      {
        "Lon": 21.0616,
        "Time": "2017-05-14 01:14:27",
        "Lines": "9",
        "Lat": 52.2401,
        "Brigade": "36"
      },
      {
        "Lon": 21.0629,
        "Time": "2017-05-14 01:14:37",
        "Lines": "9",
        "Lat": 52.2404,
        "Brigade": "36"
      },
      {
        "Lon": 21.0632,
        "Time": "2017-05-14 01:14:52",
        "Lines": "9",
        "Lat": 52.2404,
        "Brigade": "36"
      },
      {
        "Lon": 21.0632,
        "Time": "2017-05-14 01:14:52",
        "Lines": "9",
        "Lat": 52.2404,
        "Brigade": "36"
      },
      {
        "Lon": 21.0633,
        "Time": "2017-05-14 01:15:02",
        "Lines": "9",
        "Lat": 52.2404,
        "Brigade": "36"
      },
      {
        "Lon": 21.0643,
        "Time": "2017-05-14 01:15:12",
        "Lines": "9",
        "Lat": 52.2407,
        "Brigade": "36"
      },
      {
        "Lon": 21.0662,
        "Time": "2017-05-14 01:15:22",
        "Lines": "9",
        "Lat": 52.241,
        "Brigade": "36"
      },
      {
        "Lon": 21.0683,
        "Time": "2017-05-14 01:15:32",
        "Lines": "9",
        "Lat": 52.2415,
        "Brigade": "36"
      },
      {
        "Lon": 21.0676,
        "Time": "2017-05-14 01:29:02",
        "Lines": "9",
        "Lat": 52.2463,
        "Brigade": "36"
      },
      {
        "Lon": 21.066,
        "Time": "2017-05-14 01:29:12",
        "Lines": "9",
        "Lat": 52.2464,
        "Brigade": "36"
      },
      {
        "Lon": 21.0644,
        "Time": "2017-05-14 01:29:22",
        "Lines": "9",
        "Lat": 52.2465,
        "Brigade": "36"
      },
      {
        "Lon": 21.0637,
        "Time": "2017-05-14 01:29:37",
        "Lines": "9",
        "Lat": 52.2466,
        "Brigade": "36"
      },
      {
        "Lon": 21.0637,
        "Time": "2017-05-14 01:29:47",
        "Lines": "9",
        "Lat": 52.2466,
        "Brigade": "36"
      },
      {
        "Lon": 21.0637,
        "Time": "2017-05-14 01:29:57",
        "Lines": "9",
        "Lat": 52.2466,
        "Brigade": "36"
      },
      {
        "Lon": 21.0629,
        "Time": "2017-05-14 01:30:07",
        "Lines": "9",
        "Lat": 52.2466,
        "Brigade": "36"
      },
      {
        "Lon": 21.0614,
        "Time": "2017-05-14 01:30:20",
        "Lines": "9",
        "Lat": 52.2467,
        "Brigade": "36"
      },
      {
        "Lon": 21.0614,
        "Time": "2017-05-14 01:30:20",
        "Lines": "9",
        "Lat": 52.2467,
        "Brigade": "36"
      },
      {
        "Lon": 21.0591,
        "Time": "2017-05-14 01:30:32",
        "Lines": "9",
        "Lat": 52.2469,
        "Brigade": "36"
      },
      {
        "Lon": 21.0586,
        "Time": "2017-05-14 01:30:42",
        "Lines": "9",
        "Lat": 52.2469,
        "Brigade": "36"
      },
      {
        "Lon": 21.0582,
        "Time": "2017-05-14 01:30:52",
        "Lines": "9",
        "Lat": 52.247,
        "Brigade": "36"
      },
      {
        "Lon": 21.057,
        "Time": "2017-05-14 01:31:02",
        "Lines": "9",
        "Lat": 52.247,
        "Brigade": "36"
      },
      {
        "Lon": 21.0557,
        "Time": "2017-05-14 01:31:12",
        "Lines": "9",
        "Lat": 52.2471,
        "Brigade": "36"
      },
      {
        "Lon": 21.0536,
        "Time": "2017-05-14 01:31:27",
        "Lines": "9",
        "Lat": 52.2473,
        "Brigade": "36"
      },
      {
        "Lon": 21.0526,
        "Time": "2017-05-14 01:31:37",
        "Lines": "9",
        "Lat": 52.2473,
        "Brigade": "36"
      },
      {
        "Lon": 21.0524,
        "Time": "2017-05-14 01:31:47",
        "Lines": "9",
        "Lat": 52.2473,
        "Brigade": "36"
      },
      {
        "Lon": 21.0524,
        "Time": "2017-05-14 01:31:57",
        "Lines": "9",
        "Lat": 52.2473,
        "Brigade": "36"
      },
      {
        "Lon": 21.052,
        "Time": "2017-05-14 01:32:11",
        "Lines": "9",
        "Lat": 52.2474,
        "Brigade": "36"
      },
      {
        "Lon": 21.052,
        "Time": "2017-05-14 01:32:11",
        "Lines": "9",
        "Lat": 52.2474,
        "Brigade": "36"
      },
      {
        "Lon": 21.0507,
        "Time": "2017-05-14 01:32:22",
        "Lines": "9",
        "Lat": 52.2474,
        "Brigade": "36"
      },
      {
        "Lon": 21.0494,
        "Time": "2017-05-14 01:32:32",
        "Lines": "9",
        "Lat": 52.2475,
        "Brigade": "36"
      },
      {
        "Lon": 21.0484,
        "Time": "2017-05-14 01:32:42",
        "Lines": "9",
        "Lat": 52.2476,
        "Brigade": "36"
      },
      {
        "Lon": 21.0475,
        "Time": "2017-05-14 01:32:52",
        "Lines": "9",
        "Lat": 52.2478,
        "Brigade": "36"
      },
      {
        "Lon": 21.0462,
        "Time": "2017-05-14 01:33:07",
        "Lines": "9",
        "Lat": 52.2483,
        "Brigade": "36"
      },
      {
        "Lon": 21.0461,
        "Time": "2017-05-14 01:33:17",
        "Lines": "9",
        "Lat": 52.2483,
        "Brigade": "36"
      },
      {
        "Lon": 21.0462,
        "Time": "2017-05-14 01:33:27",
        "Lines": "9",
        "Lat": 52.2483,
        "Brigade": "36"
      },
      {
        "Lon": 21.0462,
        "Time": "2017-05-14 01:33:37",
        "Lines": "9",
        "Lat": 52.2483,
        "Brigade": "36"
      },
      {
        "Lon": 21.0456,
        "Time": "2017-05-14 01:33:49",
        "Lines": "9",
        "Lat": 52.2485,
        "Brigade": "36"
      },
      {
        "Lon": 21.0449,
        "Time": "2017-05-14 01:33:57",
        "Lines": "9",
        "Lat": 52.2487,
        "Brigade": "36"
      },
      {
        "Lon": 21.0449,
        "Time": "2017-05-14 01:33:57",
        "Lines": "9",
        "Lat": 52.2487,
        "Brigade": "36"
      },
      {
        "Lon": 21.0439,
        "Time": "2017-05-14 01:34:12",
        "Lines": "9",
        "Lat": 52.2491,
        "Brigade": "36"
      },
      {
        "Lon": 21.0435,
        "Time": "2017-05-14 01:34:22",
        "Lines": "9",
        "Lat": 52.2493,
        "Brigade": "36"
      },
      {
        "Lon": 21.0435,
        "Time": "2017-05-14 01:34:32",
        "Lines": "9",
        "Lat": 52.2493,
        "Brigade": "36"
      },
      {
        "Lon": 21.0435,
        "Time": "2017-05-14 01:34:47",
        "Lines": "9",
        "Lat": 52.2493,
        "Brigade": "36"
      },
      {
        "Lon": 21.0433,
        "Time": "2017-05-14 01:34:57",
        "Lines": "9",
        "Lat": 52.2493,
        "Brigade": "36"
      },
      {
        "Lon": 21.0431,
        "Time": "2017-05-14 01:35:07",
        "Lines": "9",
        "Lat": 52.2497,
        "Brigade": "36"
      },
      {
        "Lon": 21.0437,
        "Time": "2017-05-14 01:35:17",
        "Lines": "9",
        "Lat": 52.25,
        "Brigade": "36"
      },
      {
        "Lon": 21.0438,
        "Time": "2017-05-14 01:35:32",
        "Lines": "9",
        "Lat": 52.2501,
        "Brigade": "36"
      },
      {
        "Lon": 21.0438,
        "Time": "2017-05-14 01:35:32",
        "Lines": "9",
        "Lat": 52.2501,
        "Brigade": "36"
      },
      {
        "Lon": 21.0443,
        "Time": "2017-05-14 01:35:42",
        "Lines": "9",
        "Lat": 52.2503,
        "Brigade": "36"
      },
      {
        "Lon": 21.0452,
        "Time": "2017-05-14 01:35:52",
        "Lines": "9",
        "Lat": 52.2508,
        "Brigade": "36"
      },
      {
        "Lon": 21.0462,
        "Time": "2017-05-14 01:36:02",
        "Lines": "9",
        "Lat": 52.2513,
        "Brigade": "36"
      },
      {
        "Lon": 21.0472,
        "Time": "2017-05-14 01:36:12",
        "Lines": "9",
        "Lat": 52.2518,
        "Brigade": "36"
      },
      {
        "Lon": 21.0488,
        "Time": "2017-05-14 01:36:27",
        "Lines": "9",
        "Lat": 52.2524,
        "Brigade": "36"
      },
      {
        "Lon": 21.0498,
        "Time": "2017-05-14 01:36:37",
        "Lines": "9",
        "Lat": 52.2527,
        "Brigade": "36"
      },
      {
        "Lon": 21.0506,
        "Time": "2017-05-14 01:36:47",
        "Lines": "9",
        "Lat": 52.2529,
        "Brigade": "36"
      },
      {
        "Lon": 21.0508,
        "Time": "2017-05-14 01:36:57",
        "Lines": "9",
        "Lat": 52.253,
        "Brigade": "36"
      },
      {
        "Lon": 21.0516,
        "Time": "2017-05-14 01:37:22",
        "Lines": "9",
        "Lat": 52.2533,
        "Brigade": "36"
      },
      {
        "Lon": 21.0526,
        "Time": "2017-05-14 01:37:32",
        "Lines": "9",
        "Lat": 52.2536,
        "Brigade": "36"
      },
      {
        "Lon": 21.0533,
        "Time": "2017-05-14 01:37:42",
        "Lines": "9",
        "Lat": 52.2538,
        "Brigade": "36"
      },
      {
        "Lon": 21.0541,
        "Time": "2017-05-14 01:37:56",
        "Lines": "9",
        "Lat": 52.2543,
        "Brigade": "36"
      },
      {
        "Lon": 21.0539,
        "Time": "2017-05-14 01:38:06",
        "Lines": "9",
        "Lat": 52.2547,
        "Brigade": "36"
      },
      {
        "Lon": 21.0535,
        "Time": "2017-05-14 01:38:16",
        "Lines": "9",
        "Lat": 52.2552,
        "Brigade": "36"
      },
      {
        "Lon": 21.0531,
        "Time": "2017-05-14 01:38:26",
        "Lines": "9",
        "Lat": 52.2558,
        "Brigade": "36"
      },
      {
        "Lon": 21.0528,
        "Time": "2017-05-14 01:38:41",
        "Lines": "9",
        "Lat": 52.2561,
        "Brigade": "36"
      },
      {
        "Lon": 21.0528,
        "Time": "2017-05-14 01:38:41",
        "Lines": "9",
        "Lat": 52.2561,
        "Brigade": "36"
      },
      {
        "Lon": 21.0528,
        "Time": "2017-05-14 01:38:51",
        "Lines": "9",
        "Lat": 52.2562,
        "Brigade": "36"
      },
      {
        "Lon": 21.0533,
        "Time": "2017-05-14 01:39:01",
        "Lines": "9",
        "Lat": 52.2565,
        "Brigade": "36"
      },
      {
        "Lon": 21.0541,
        "Time": "2017-05-14 01:39:11",
        "Lines": "9",
        "Lat": 52.2568,
        "Brigade": "36"
      },
      {
        "Lon": 21.055,
        "Time": "2017-05-14 01:39:21",
        "Lines": "9",
        "Lat": 52.257,
        "Brigade": "36"
      },
      {
        "Lon": 21.0553,
        "Time": "2017-05-14 01:39:36",
        "Lines": "9",
        "Lat": 52.2571,
        "Brigade": "36"
      },
      {
        "Lon": 21.0553,
        "Time": "2017-05-14 01:39:47",
        "Lines": "9",
        "Lat": 52.2571,
        "Brigade": "36"
      },
      {
        "Lon": 21.0555,
        "Time": "2017-05-14 01:39:57",
        "Lines": "9",
        "Lat": 52.2571,
        "Brigade": "36"
      },
      {
        "Lon": 21.0558,
        "Time": "2017-05-14 01:40:06",
        "Lines": "9",
        "Lat": 52.257,
        "Brigade": "36"
      },
      {
        "Lon": 21.0558,
        "Time": "2017-05-14 01:40:17",
        "Lines": "9",
        "Lat": 52.257,
        "Brigade": "36"
      }
    ]
  }
]
