[
  {
    "res": [
      {
        "Lon": 20.9584,
        "Time": "2017-05-14 00:00:04",
        "Lines": "9",
        "Lat": 52.1904,
        "Brigade": "9"
      },
      {
        "Lon": 20.9594,
        "Time": "2017-05-14 00:00:14",
        "Lines": "9",
        "Lat": 52.1916,
        "Brigade": "9"
      },
      {
        "Lon": 20.9604,
        "Time": "2017-05-14 00:00:24",
        "Lines": "9",
        "Lat": 52.1927,
        "Brigade": "9"
      },
      {
        "Lon": 20.9606,
        "Time": "2017-05-14 00:00:35",
        "Lines": "9",
        "Lat": 52.193,
        "Brigade": "9"
      },
      {
        "Lon": 20.9609,
        "Time": "2017-05-14 00:00:45",
        "Lines": "9",
        "Lat": 52.1933,
        "Brigade": "9"
      },
      {
        "Lon": 20.9619,
        "Time": "2017-05-14 00:00:56",
        "Lines": "9",
        "Lat": 52.1945,
        "Brigade": "9"
      },
      {
        "Lon": 20.9631,
        "Time": "2017-05-14 00:01:06",
        "Lines": "9",
        "Lat": 52.1958,
        "Brigade": "9"
      },
      {
        "Lon": 20.9631,
        "Time": "2017-05-14 00:01:06",
        "Lines": "9",
        "Lat": 52.1958,
        "Brigade": "9"
      },
      {
        "Lon": 20.9631,
        "Time": "2017-05-14 00:01:06",
        "Lines": "9",
        "Lat": 52.1958,
        "Brigade": "9"
      },
      {
        "Lon": 20.9647,
        "Time": "2017-05-14 00:01:33",
        "Lines": "9",
        "Lat": 52.1975,
        "Brigade": "9"
      },
      {
        "Lon": 20.9647,
        "Time": "2017-05-14 00:01:38",
        "Lines": "9",
        "Lat": 52.1976,
        "Brigade": "9"
      },
      {
        "Lon": 20.9661,
        "Time": "2017-05-14 00:01:54",
        "Lines": "9",
        "Lat": 52.1991,
        "Brigade": "9"
      },
      {
        "Lon": 20.9672,
        "Time": "2017-05-14 00:02:04",
        "Lines": "9",
        "Lat": 52.2003,
        "Brigade": "9"
      },
      {
        "Lon": 20.9683,
        "Time": "2017-05-14 00:02:14",
        "Lines": "9",
        "Lat": 52.2016,
        "Brigade": "9"
      },
      {
        "Lon": 20.9688,
        "Time": "2017-05-14 00:02:25",
        "Lines": "9",
        "Lat": 52.2022,
        "Brigade": "9"
      },
      {
        "Lon": 20.969,
        "Time": "2017-05-14 00:02:36",
        "Lines": "9",
        "Lat": 52.2024,
        "Brigade": "9"
      },
      {
        "Lon": 20.9691,
        "Time": "2017-05-14 00:02:46",
        "Lines": "9",
        "Lat": 52.2025,
        "Brigade": "9"
      },
      {
        "Lon": 20.9694,
        "Time": "2017-05-14 00:02:56",
        "Lines": "9",
        "Lat": 52.2028,
        "Brigade": "9"
      },
      {
        "Lon": 20.9706,
        "Time": "2017-05-14 00:03:12",
        "Lines": "9",
        "Lat": 52.2042,
        "Brigade": "9"
      },
      {
        "Lon": 20.9706,
        "Time": "2017-05-14 00:03:12",
        "Lines": "9",
        "Lat": 52.2042,
        "Brigade": "9"
      },
      {
        "Lon": 20.9714,
        "Time": "2017-05-14 00:03:23",
        "Lines": "9",
        "Lat": 52.2051,
        "Brigade": "9"
      },
      {
        "Lon": 20.9714,
        "Time": "2017-05-14 00:03:23",
        "Lines": "9",
        "Lat": 52.2051,
        "Brigade": "9"
      },
      {
        "Lon": 20.9717,
        "Time": "2017-05-14 00:03:44",
        "Lines": "9",
        "Lat": 52.2054,
        "Brigade": "9"
      },
      {
        "Lon": 20.9717,
        "Time": "2017-05-14 00:03:54",
        "Lines": "9",
        "Lat": 52.2054,
        "Brigade": "9"
      },
      {
        "Lon": 20.9723,
        "Time": "2017-05-14 00:04:05",
        "Lines": "9",
        "Lat": 52.2061,
        "Brigade": "9"
      },
      {
        "Lon": 20.9732,
        "Time": "2017-05-14 00:04:15",
        "Lines": "9",
        "Lat": 52.2072,
        "Brigade": "9"
      },
      {
        "Lon": 20.974,
        "Time": "2017-05-14 00:04:26",
        "Lines": "9",
        "Lat": 52.2081,
        "Brigade": "9"
      },
      {
        "Lon": 20.9744,
        "Time": "2017-05-14 00:04:36",
        "Lines": "9",
        "Lat": 52.2085,
        "Brigade": "9"
      },
      {
        "Lon": 20.9745,
        "Time": "2017-05-14 00:04:47",
        "Lines": "9",
        "Lat": 52.2087,
        "Brigade": "9"
      },
      {
        "Lon": 20.9753,
        "Time": "2017-05-14 00:05:02",
        "Lines": "9",
        "Lat": 52.2095,
        "Brigade": "9"
      },
      {
        "Lon": 20.9753,
        "Time": "2017-05-14 00:05:02",
        "Lines": "9",
        "Lat": 52.2095,
        "Brigade": "9"
      },
      {
        "Lon": 20.9758,
        "Time": "2017-05-14 00:05:08",
        "Lines": "9",
        "Lat": 52.2102,
        "Brigade": "9"
      },
      {
        "Lon": 20.9766,
        "Time": "2017-05-14 00:05:18",
        "Lines": "9",
        "Lat": 52.2111,
        "Brigade": "9"
      },
      {
        "Lon": 20.9772,
        "Time": "2017-05-14 00:05:34",
        "Lines": "9",
        "Lat": 52.2117,
        "Brigade": "9"
      },
      {
        "Lon": 20.9772,
        "Time": "2017-05-14 00:05:44",
        "Lines": "9",
        "Lat": 52.2118,
        "Brigade": "9"
      },
      {
        "Lon": 20.9773,
        "Time": "2017-05-14 00:05:55",
        "Lines": "9",
        "Lat": 52.2119,
        "Brigade": "9"
      },
      {
        "Lon": 20.9779,
        "Time": "2017-05-14 00:06:05",
        "Lines": "9",
        "Lat": 52.2126,
        "Brigade": "9"
      },
      {
        "Lon": 20.9787,
        "Time": "2017-05-14 00:06:16",
        "Lines": "9",
        "Lat": 52.2136,
        "Brigade": "9"
      },
      {
        "Lon": 20.9792,
        "Time": "2017-05-14 00:06:26",
        "Lines": "9",
        "Lat": 52.2141,
        "Brigade": "9"
      },
      {
        "Lon": 20.9792,
        "Time": "2017-05-14 00:06:37",
        "Lines": "9",
        "Lat": 52.2141,
        "Brigade": "9"
      },
      {
        "Lon": 20.9792,
        "Time": "2017-05-14 00:06:47",
        "Lines": "9",
        "Lat": 52.2141,
        "Brigade": "9"
      },
      {
        "Lon": 20.9792,
        "Time": "2017-05-14 00:06:47",
        "Lines": "9",
        "Lat": 52.2141,
        "Brigade": "9"
      },
      {
        "Lon": 20.9797,
        "Time": "2017-05-14 00:07:03",
        "Lines": "9",
        "Lat": 52.2147,
        "Brigade": "9"
      },
      {
        "Lon": 20.9806,
        "Time": "2017-05-14 00:07:14",
        "Lines": "9",
        "Lat": 52.2156,
        "Brigade": "9"
      },
      {
        "Lon": 20.9807,
        "Time": "2017-05-14 00:07:25",
        "Lines": "9",
        "Lat": 52.2158,
        "Brigade": "9"
      },
      {
        "Lon": 20.9807,
        "Time": "2017-05-14 00:07:34",
        "Lines": "9",
        "Lat": 52.2158,
        "Brigade": "9"
      },
      {
        "Lon": 20.9807,
        "Time": "2017-05-14 00:07:45",
        "Lines": "9",
        "Lat": 52.2158,
        "Brigade": "9"
      },
      {
        "Lon": 20.9807,
        "Time": "2017-05-14 00:07:56",
        "Lines": "9",
        "Lat": 52.2158,
        "Brigade": "9"
      },
      {
        "Lon": 20.9807,
        "Time": "2017-05-14 00:08:06",
        "Lines": "9",
        "Lat": 52.2158,
        "Brigade": "9"
      },
      {
        "Lon": 20.9807,
        "Time": "2017-05-14 00:08:22",
        "Lines": "9",
        "Lat": 52.2158,
        "Brigade": "9"
      },
      {
        "Lon": 20.9807,
        "Time": "2017-05-14 00:08:22",
        "Lines": "9",
        "Lat": 52.2158,
        "Brigade": "9"
      },
      {
        "Lon": 20.9807,
        "Time": "2017-05-14 00:08:32",
        "Lines": "9",
        "Lat": 52.2158,
        "Brigade": "9"
      },
      {
        "Lon": 20.9807,
        "Time": "2017-05-14 00:08:43",
        "Lines": "9",
        "Lat": 52.2158,
        "Brigade": "9"
      },
      {
        "Lon": 20.9812,
        "Time": "2017-05-14 00:08:53",
        "Lines": "9",
        "Lat": 52.2163,
        "Brigade": "9"
      },
      {
        "Lon": 20.982,
        "Time": "2017-05-14 00:09:04",
        "Lines": "9",
        "Lat": 52.2172,
        "Brigade": "9"
      },
      {
        "Lon": 20.9822,
        "Time": "2017-05-14 00:09:09",
        "Lines": "9",
        "Lat": 52.2175,
        "Brigade": "9"
      },
      {
        "Lon": 20.9829,
        "Time": "2017-05-14 00:09:30",
        "Lines": "9",
        "Lat": 52.2182,
        "Brigade": "9"
      },
      {
        "Lon": 20.9832,
        "Time": "2017-05-14 00:09:40",
        "Lines": "9",
        "Lat": 52.2186,
        "Brigade": "9"
      },
      {
        "Lon": 20.9832,
        "Time": "2017-05-14 00:09:51",
        "Lines": "9",
        "Lat": 52.2186,
        "Brigade": "9"
      },
      {
        "Lon": 20.9832,
        "Time": "2017-05-14 00:09:51",
        "Lines": "9",
        "Lat": 52.2186,
        "Brigade": "9"
      },
      {
        "Lon": 20.9832,
        "Time": "2017-05-14 00:10:01",
        "Lines": "9",
        "Lat": 52.2186,
        "Brigade": "9"
      },
      {
        "Lon": 20.9838,
        "Time": "2017-05-14 00:10:12",
        "Lines": "9",
        "Lat": 52.2193,
        "Brigade": "9"
      },
      {
        "Lon": 20.9842,
        "Time": "2017-05-14 00:10:22",
        "Lines": "9",
        "Lat": 52.2197,
        "Brigade": "9"
      },
      {
        "Lon": 20.9845,
        "Time": "2017-05-14 00:10:33",
        "Lines": "9",
        "Lat": 52.2201,
        "Brigade": "9"
      },
      {
        "Lon": 20.9848,
        "Time": "2017-05-14 00:10:43",
        "Lines": "9",
        "Lat": 52.2204,
        "Brigade": "9"
      },
      {
        "Lon": 20.9849,
        "Time": "2017-05-14 00:10:54",
        "Lines": "9",
        "Lat": 52.2205,
        "Brigade": "9"
      },
      {
        "Lon": 20.9849,
        "Time": "2017-05-14 00:11:09",
        "Lines": "9",
        "Lat": 52.2206,
        "Brigade": "9"
      },
      {
        "Lon": 20.9852,
        "Time": "2017-05-14 00:11:20",
        "Lines": "9",
        "Lat": 52.2209,
        "Brigade": "9"
      },
      {
        "Lon": 20.9858,
        "Time": "2017-05-14 00:11:30",
        "Lines": "9",
        "Lat": 52.2216,
        "Brigade": "9"
      },
      {
        "Lon": 20.9864,
        "Time": "2017-05-14 00:11:41",
        "Lines": "9",
        "Lat": 52.2222,
        "Brigade": "9"
      },
      {
        "Lon": 20.9864,
        "Time": "2017-05-14 00:11:41",
        "Lines": "9",
        "Lat": 52.2222,
        "Brigade": "9"
      },
      {
        "Lon": 20.9866,
        "Time": "2017-05-14 00:11:51",
        "Lines": "9",
        "Lat": 52.2224,
        "Brigade": "9"
      },
      {
        "Lon": 20.9868,
        "Time": "2017-05-14 00:12:02",
        "Lines": "9",
        "Lat": 52.2226,
        "Brigade": "9"
      },
      {
        "Lon": 20.9868,
        "Time": "2017-05-14 00:12:12",
        "Lines": "9",
        "Lat": 52.2226,
        "Brigade": "9"
      },
      {
        "Lon": 20.9868,
        "Time": "2017-05-14 00:12:25",
        "Lines": "9",
        "Lat": 52.2226,
        "Brigade": "9"
      },
      {
        "Lon": 20.987,
        "Time": "2017-05-14 00:12:39",
        "Lines": "9",
        "Lat": 52.2229,
        "Brigade": "9"
      },
      {
        "Lon": 20.9878,
        "Time": "2017-05-14 00:12:49",
        "Lines": "9",
        "Lat": 52.2238,
        "Brigade": "9"
      },
      {
        "Lon": 20.9882,
        "Time": "2017-05-14 00:13:00",
        "Lines": "9",
        "Lat": 52.2242,
        "Brigade": "9"
      },
      {
        "Lon": 20.9888,
        "Time": "2017-05-14 00:13:10",
        "Lines": "9",
        "Lat": 52.2246,
        "Brigade": "9"
      },
      {
        "Lon": 20.9894,
        "Time": "2017-05-14 00:13:21",
        "Lines": "9",
        "Lat": 52.2248,
        "Brigade": "9"
      },
      {
        "Lon": 20.9894,
        "Time": "2017-05-14 00:13:21",
        "Lines": "9",
        "Lat": 52.2248,
        "Brigade": "9"
      },
      {
        "Lon": 20.9894,
        "Time": "2017-05-14 00:13:33",
        "Lines": "9",
        "Lat": 52.2249,
        "Brigade": "9"
      },
      {
        "Lon": 20.9894,
        "Time": "2017-05-14 00:13:41",
        "Lines": "9",
        "Lat": 52.2249,
        "Brigade": "9"
      },
      {
        "Lon": 20.9894,
        "Time": "2017-05-14 00:13:57",
        "Lines": "9",
        "Lat": 52.2249,
        "Brigade": "9"
      },
      {
        "Lon": 20.9894,
        "Time": "2017-05-14 00:14:08",
        "Lines": "9",
        "Lat": 52.2249,
        "Brigade": "9"
      },
      {
        "Lon": 20.9894,
        "Time": "2017-05-14 00:14:18",
        "Lines": "9",
        "Lat": 52.2249,
        "Brigade": "9"
      },
      {
        "Lon": 20.9894,
        "Time": "2017-05-14 00:14:29",
        "Lines": "9",
        "Lat": 52.2249,
        "Brigade": "9"
      },
      {
        "Lon": 20.9894,
        "Time": "2017-05-14 00:14:39",
        "Lines": "9",
        "Lat": 52.2249,
        "Brigade": "9"
      },
      {
        "Lon": 20.9894,
        "Time": "2017-05-14 00:14:39",
        "Lines": "9",
        "Lat": 52.2249,
        "Brigade": "9"
      },
      {
        "Lon": 20.9896,
        "Time": "2017-05-14 00:14:50",
        "Lines": "9",
        "Lat": 52.2249,
        "Brigade": "9"
      },
      {
        "Lon": 20.9903,
        "Time": "2017-05-14 00:15:00",
        "Lines": "9",
        "Lat": 52.2252,
        "Brigade": "9"
      },
      {
        "Lon": 20.9906,
        "Time": "2017-05-14 00:15:11",
        "Lines": "9",
        "Lat": 52.2253,
        "Brigade": "9"
      },
      {
        "Lon": 20.9908,
        "Time": "2017-05-14 00:15:26",
        "Lines": "9",
        "Lat": 52.2254,
        "Brigade": "9"
      },
      {
        "Lon": 20.9925,
        "Time": "2017-05-14 00:15:37",
        "Lines": "9",
        "Lat": 52.2257,
        "Brigade": "9"
      },
      {
        "Lon": 20.9946,
        "Time": "2017-05-14 00:15:47",
        "Lines": "9",
        "Lat": 52.2262,
        "Brigade": "9"
      },
      {
        "Lon": 20.9953,
        "Time": "2017-05-14 00:15:58",
        "Lines": "9",
        "Lat": 52.2263,
        "Brigade": "9"
      },
      {
        "Lon": 20.9955,
        "Time": "2017-05-14 00:16:08",
        "Lines": "9",
        "Lat": 52.2264,
        "Brigade": "9"
      },
      {
        "Lon": 20.9961,
        "Time": "2017-05-14 00:16:19",
        "Lines": "9",
        "Lat": 52.2265,
        "Brigade": "9"
      },
      {
        "Lon": 20.9961,
        "Time": "2017-05-14 00:16:19",
        "Lines": "9",
        "Lat": 52.2265,
        "Brigade": "9"
      },
      {
        "Lon": 20.9968,
        "Time": "2017-05-14 00:16:29",
        "Lines": "9",
        "Lat": 52.2266,
        "Brigade": "9"
      },
      {
        "Lon": 20.9988,
        "Time": "2017-05-14 00:16:40",
        "Lines": "9",
        "Lat": 52.2271,
        "Brigade": "9"
      },
      {
        "Lon": 21.0013,
        "Time": "2017-05-14 00:16:55",
        "Lines": "9",
        "Lat": 52.2276,
        "Brigade": "9"
      },
      {
        "Lon": 21.0014,
        "Time": "2017-05-14 00:17:01",
        "Lines": "9",
        "Lat": 52.2276,
        "Brigade": "9"
      },
      {
        "Lon": 21.0014,
        "Time": "2017-05-14 00:17:17",
        "Lines": "9",
        "Lat": 52.2276,
        "Brigade": "9"
      },
      {
        "Lon": 21.0014,
        "Time": "2017-05-14 00:17:27",
        "Lines": "9",
        "Lat": 52.2276,
        "Brigade": "9"
      },
      {
        "Lon": 21.0014,
        "Time": "2017-05-14 00:17:38",
        "Lines": "9",
        "Lat": 52.2276,
        "Brigade": "9"
      },
      {
        "Lon": 21.0014,
        "Time": "2017-05-14 00:17:48",
        "Lines": "9",
        "Lat": 52.2276,
        "Brigade": "9"
      },
      {
        "Lon": 21.0014,
        "Time": "2017-05-14 00:17:48",
        "Lines": "9",
        "Lat": 52.2276,
        "Brigade": "9"
      },
      {
        "Lon": 21.0014,
        "Time": "2017-05-14 00:17:58",
        "Lines": "9",
        "Lat": 52.2276,
        "Brigade": "9"
      },
      {
        "Lon": 21.0014,
        "Time": "2017-05-14 00:18:14",
        "Lines": "9",
        "Lat": 52.2276,
        "Brigade": "9"
      },
      {
        "Lon": 21.0018,
        "Time": "2017-05-14 00:18:25",
        "Lines": "9",
        "Lat": 52.2277,
        "Brigade": "9"
      },
      {
        "Lon": 21.0026,
        "Time": "2017-05-14 00:18:35",
        "Lines": "9",
        "Lat": 52.2279,
        "Brigade": "9"
      },
      {
        "Lon": 21.0037,
        "Time": "2017-05-14 00:18:46",
        "Lines": "9",
        "Lat": 52.2281,
        "Brigade": "9"
      },
      {
        "Lon": 21.0039,
        "Time": "2017-05-14 00:18:56",
        "Lines": "9",
        "Lat": 52.2281,
        "Brigade": "9"
      },
      {
        "Lon": 21.0039,
        "Time": "2017-05-14 00:19:07",
        "Lines": "9",
        "Lat": 52.2281,
        "Brigade": "9"
      },
      {
        "Lon": 21.0044,
        "Time": "2017-05-14 00:19:17",
        "Lines": "9",
        "Lat": 52.2282,
        "Brigade": "9"
      },
      {
        "Lon": 21.0051,
        "Time": "2017-05-14 00:19:28",
        "Lines": "9",
        "Lat": 52.2283,
        "Brigade": "9"
      },
      {
        "Lon": 21.0052,
        "Time": "2017-05-14 00:19:38",
        "Lines": "9",
        "Lat": 52.2284,
        "Brigade": "9"
      },
      {
        "Lon": 21.0052,
        "Time": "2017-05-14 00:19:38",
        "Lines": "9",
        "Lat": 52.2284,
        "Brigade": "9"
      },
      {
        "Lon": 21.0053,
        "Time": "2017-05-14 00:19:49",
        "Lines": "9",
        "Lat": 52.2284,
        "Brigade": "9"
      },
      {
        "Lon": 21.006,
        "Time": "2017-05-14 00:20:00",
        "Lines": "9",
        "Lat": 52.2286,
        "Brigade": "9"
      },
      {
        "Lon": 21.0093,
        "Time": "2017-05-14 00:20:15",
        "Lines": "9",
        "Lat": 52.2293,
        "Brigade": "9"
      },
      {
        "Lon": 21.0111,
        "Time": "2017-05-14 00:20:25",
        "Lines": "9",
        "Lat": 52.2297,
        "Brigade": "9"
      },
      {
        "Lon": 21.0112,
        "Time": "2017-05-14 00:20:36",
        "Lines": "9",
        "Lat": 52.2297,
        "Brigade": "9"
      },
      {
        "Lon": 21.0112,
        "Time": "2017-05-14 00:20:46",
        "Lines": "9",
        "Lat": 52.2297,
        "Brigade": "9"
      },
      {
        "Lon": 21.0112,
        "Time": "2017-05-14 00:20:57",
        "Lines": "9",
        "Lat": 52.2297,
        "Brigade": "9"
      },
      {
        "Lon": 21.0112,
        "Time": "2017-05-14 00:21:07",
        "Lines": "9",
        "Lat": 52.2297,
        "Brigade": "9"
      },
      {
        "Lon": 21.0112,
        "Time": "2017-05-14 00:21:18",
        "Lines": "9",
        "Lat": 52.2297,
        "Brigade": "9"
      },
      {
        "Lon": 21.0112,
        "Time": "2017-05-14 00:21:28",
        "Lines": "9",
        "Lat": 52.2297,
        "Brigade": "9"
      },
      {
        "Lon": 21.0112,
        "Time": "2017-05-14 00:21:28",
        "Lines": "9",
        "Lat": 52.2297,
        "Brigade": "9"
      },
      {
        "Lon": 21.0126,
        "Time": "2017-05-14 00:21:44",
        "Lines": "9",
        "Lat": 52.23,
        "Brigade": "9"
      },
      {
        "Lon": 21.0144,
        "Time": "2017-05-14 00:21:54",
        "Lines": "9",
        "Lat": 52.2304,
        "Brigade": "9"
      },
      {
        "Lon": 21.0154,
        "Time": "2017-05-14 00:22:00",
        "Lines": "9",
        "Lat": 52.2306,
        "Brigade": "9"
      },
      {
        "Lon": 21.016,
        "Time": "2017-05-14 00:22:15",
        "Lines": "9",
        "Lat": 52.2307,
        "Brigade": "9"
      },
      {
        "Lon": 21.016,
        "Time": "2017-05-14 00:22:26",
        "Lines": "9",
        "Lat": 52.2307,
        "Brigade": "9"
      },
      {
        "Lon": 21.016,
        "Time": "2017-05-14 00:22:36",
        "Lines": "9",
        "Lat": 52.2307,
        "Brigade": "9"
      },
      {
        "Lon": 21.016,
        "Time": "2017-05-14 00:22:47",
        "Lines": "9",
        "Lat": 52.2307,
        "Brigade": "9"
      },
      {
        "Lon": 21.016,
        "Time": "2017-05-14 00:22:57",
        "Lines": "9",
        "Lat": 52.2307,
        "Brigade": "9"
      },
      {
        "Lon": 21.0173,
        "Time": "2017-05-14 00:23:08",
        "Lines": "9",
        "Lat": 52.2309,
        "Brigade": "9"
      },
      {
        "Lon": 21.0193,
        "Time": "2017-05-14 00:23:18",
        "Lines": "9",
        "Lat": 52.2314,
        "Brigade": "9"
      },
      {
        "Lon": 21.0193,
        "Time": "2017-05-14 00:23:18",
        "Lines": "9",
        "Lat": 52.2314,
        "Brigade": "9"
      },
      {
        "Lon": 21.0202,
        "Time": "2017-05-14 00:23:34",
        "Lines": "9",
        "Lat": 52.2316,
        "Brigade": "9"
      },
      {
        "Lon": 21.0202,
        "Time": "2017-05-14 00:23:39",
        "Lines": "9",
        "Lat": 52.2316,
        "Brigade": "9"
      },
      {
        "Lon": 21.0217,
        "Time": "2017-05-14 00:23:55",
        "Lines": "9",
        "Lat": 52.2319,
        "Brigade": "9"
      },
      {
        "Lon": 21.024,
        "Time": "2017-05-14 00:24:06",
        "Lines": "9",
        "Lat": 52.2324,
        "Brigade": "9"
      },
      {
        "Lon": 21.025,
        "Time": "2017-05-14 00:24:12",
        "Lines": "9",
        "Lat": 52.2326,
        "Brigade": "9"
      },
      {
        "Lon": 21.0284,
        "Time": "2017-05-14 00:24:27",
        "Lines": "9",
        "Lat": 52.2333,
        "Brigade": "9"
      },
      {
        "Lon": 21.0304,
        "Time": "2017-05-14 00:24:37",
        "Lines": "9",
        "Lat": 52.2337,
        "Brigade": "9"
      },
      {
        "Lon": 21.0316,
        "Time": "2017-05-14 00:24:48",
        "Lines": "9",
        "Lat": 52.234,
        "Brigade": "9"
      },
      {
        "Lon": 21.0325,
        "Time": "2017-05-14 00:24:58",
        "Lines": "9",
        "Lat": 52.2342,
        "Brigade": "9"
      },
      {
        "Lon": 21.033,
        "Time": "2017-05-14 00:25:03",
        "Lines": "9",
        "Lat": 52.2343,
        "Brigade": "9"
      },
      {
        "Lon": 21.033,
        "Time": "2017-05-14 00:25:03",
        "Lines": "9",
        "Lat": 52.2343,
        "Brigade": "9"
      },
      {
        "Lon": 21.0345,
        "Time": "2017-05-14 00:25:20",
        "Lines": "9",
        "Lat": 52.2346,
        "Brigade": "9"
      },
      {
        "Lon": 21.0354,
        "Time": "2017-05-14 00:25:29",
        "Lines": "9",
        "Lat": 52.2348,
        "Brigade": "9"
      },
      {
        "Lon": 21.037,
        "Time": "2017-05-14 00:25:45",
        "Lines": "9",
        "Lat": 52.2351,
        "Brigade": "9"
      },
      {
        "Lon": 21.0373,
        "Time": "2017-05-14 00:25:56",
        "Lines": "9",
        "Lat": 52.2352,
        "Brigade": "9"
      },
      {
        "Lon": 21.0373,
        "Time": "2017-05-14 00:26:06",
        "Lines": "9",
        "Lat": 52.2352,
        "Brigade": "9"
      },
      {
        "Lon": 21.0382,
        "Time": "2017-05-14 00:26:17",
        "Lines": "9",
        "Lat": 52.2354,
        "Brigade": "9"
      },
      {
        "Lon": 21.0393,
        "Time": "2017-05-14 00:26:22",
        "Lines": "9",
        "Lat": 52.2356,
        "Brigade": "9"
      },
      {
        "Lon": 21.0426,
        "Time": "2017-05-14 00:26:38",
        "Lines": "9",
        "Lat": 52.2363,
        "Brigade": "9"
      },
      {
        "Lon": 21.045,
        "Time": "2017-05-14 00:26:48",
        "Lines": "9",
        "Lat": 52.2368,
        "Brigade": "9"
      },
      {
        "Lon": 21.0472,
        "Time": "2017-05-14 00:26:59",
        "Lines": "9",
        "Lat": 52.2372,
        "Brigade": "9"
      },
      {
        "Lon": 21.0472,
        "Time": "2017-05-14 00:26:59",
        "Lines": "9",
        "Lat": 52.2372,
        "Brigade": "9"
      },
      {
        "Lon": 21.0491,
        "Time": "2017-05-14 00:27:09",
        "Lines": "9",
        "Lat": 52.2376,
        "Brigade": "9"
      },
      {
        "Lon": 21.0499,
        "Time": "2017-05-14 00:27:20",
        "Lines": "9",
        "Lat": 52.2378,
        "Brigade": "9"
      },
      {
        "Lon": 21.0509,
        "Time": "2017-05-14 00:27:31",
        "Lines": "9",
        "Lat": 52.2379,
        "Brigade": "9"
      },
      {
        "Lon": 21.051,
        "Time": "2017-05-14 00:27:46",
        "Lines": "9",
        "Lat": 52.238,
        "Brigade": "9"
      },
      {
        "Lon": 21.051,
        "Time": "2017-05-14 00:27:57",
        "Lines": "9",
        "Lat": 52.238,
        "Brigade": "9"
      },
      {
        "Lon": 21.0518,
        "Time": "2017-05-14 00:28:08",
        "Lines": "9",
        "Lat": 52.2382,
        "Brigade": "9"
      },
      {
        "Lon": 21.0526,
        "Time": "2017-05-14 00:28:17",
        "Lines": "9",
        "Lat": 52.2384,
        "Brigade": "9"
      },
      {
        "Lon": 21.0531,
        "Time": "2017-05-14 00:28:28",
        "Lines": "9",
        "Lat": 52.2384,
        "Brigade": "9"
      },
      {
        "Lon": 21.0539,
        "Time": "2017-05-14 00:28:39",
        "Lines": "9",
        "Lat": 52.2385,
        "Brigade": "9"
      },
      {
        "Lon": 21.0557,
        "Time": "2017-05-14 00:28:49",
        "Lines": "9",
        "Lat": 52.2389,
        "Brigade": "9"
      },
      {
        "Lon": 21.0557,
        "Time": "2017-05-14 00:28:49",
        "Lines": "9",
        "Lat": 52.2389,
        "Brigade": "9"
      },
      {
        "Lon": 21.0562,
        "Time": "2017-05-14 00:29:00",
        "Lines": "9",
        "Lat": 52.239,
        "Brigade": "9"
      },
      {
        "Lon": 21.0562,
        "Time": "2017-05-14 00:29:12",
        "Lines": "9",
        "Lat": 52.239,
        "Brigade": "9"
      },
      {
        "Lon": 21.0574,
        "Time": "2017-05-14 00:29:21",
        "Lines": "9",
        "Lat": 52.2392,
        "Brigade": "9"
      },
      {
        "Lon": 21.0608,
        "Time": "2017-05-14 00:29:36",
        "Lines": "9",
        "Lat": 52.2399,
        "Brigade": "9"
      },
      {
        "Lon": 21.0622,
        "Time": "2017-05-14 00:29:47",
        "Lines": "9",
        "Lat": 52.2402,
        "Brigade": "9"
      },
      {
        "Lon": 21.0623,
        "Time": "2017-05-14 00:29:52",
        "Lines": "9",
        "Lat": 52.2402,
        "Brigade": "9"
      },
      {
        "Lon": 21.0627,
        "Time": "2017-05-14 00:29:59",
        "Lines": "9",
        "Lat": 52.2403,
        "Brigade": "9"
      },
      {
        "Lon": 21.0627,
        "Time": "2017-05-14 00:29:59",
        "Lines": "9",
        "Lat": 52.2403,
        "Brigade": "9"
      },
      {
        "Lon": 21.0627,
        "Time": "2017-05-14 00:29:59",
        "Lines": "9",
        "Lat": 52.2403,
        "Brigade": "9"
      },
      {
        "Lon": 21.0627,
        "Time": "2017-05-14 00:29:59",
        "Lines": "9",
        "Lat": 52.2403,
        "Brigade": "9"
      },
      {
        "Lon": 21.0627,
        "Time": "2017-05-14 00:29:59",
        "Lines": "9",
        "Lat": 52.2403,
        "Brigade": "9"
      },
      {
        "Lon": 21.0627,
        "Time": "2017-05-14 00:29:59",
        "Lines": "9",
        "Lat": 52.2403,
        "Brigade": "9"
      },
      {
        "Lon": 21.0627,
        "Time": "2017-05-14 00:29:59",
        "Lines": "9",
        "Lat": 52.2403,
        "Brigade": "9"
      },
      {
        "Lon": 21.0654,
        "Time": "2017-05-14 00:41:07",
        "Lines": "9",
        "Lat": 52.241,
        "Brigade": "9"
      },
      {
        "Lon": 21.0654,
        "Time": "2017-05-14 00:41:07",
        "Lines": "9",
        "Lat": 52.241,
        "Brigade": "9"
      },
      {
        "Lon": 21.0629,
        "Time": "2017-05-14 00:41:19",
        "Lines": "9",
        "Lat": 52.2405,
        "Brigade": "9"
      },
      {
        "Lon": 21.0626,
        "Time": "2017-05-14 00:41:25",
        "Lines": "9",
        "Lat": 52.2404,
        "Brigade": "9"
      },
      {
        "Lon": 21.0626,
        "Time": "2017-05-14 00:41:25",
        "Lines": "9",
        "Lat": 52.2404,
        "Brigade": "9"
      },
      {
        "Lon": 21.0626,
        "Time": "2017-05-14 00:41:25",
        "Lines": "9",
        "Lat": 52.2404,
        "Brigade": "9"
      },
      {
        "Lon": 21.0626,
        "Time": "2017-05-14 00:41:25",
        "Lines": "9",
        "Lat": 52.2404,
        "Brigade": "9"
      },
      {
        "Lon": 21.0626,
        "Time": "2017-05-14 00:41:25",
        "Lines": "9",
        "Lat": 52.2404,
        "Brigade": "9"
      },
      {
        "Lon": 21.0626,
        "Time": "2017-05-14 00:41:25",
        "Lines": "9",
        "Lat": 52.2404,
        "Brigade": "9"
      },
      {
        "Lon": 21.0626,
        "Time": "2017-05-14 00:41:25",
        "Lines": "9",
        "Lat": 52.2404,
        "Brigade": "9"
      },
      {
        "Lon": 21.0626,
        "Time": "2017-05-14 00:41:25",
        "Lines": "9",
        "Lat": 52.2404,
        "Brigade": "9"
      },
      {
        "Lon": 21.0626,
        "Time": "2017-05-14 00:41:25",
        "Lines": "9",
        "Lat": 52.2404,
        "Brigade": "9"
      },
      {
        "Lon": 21.0626,
        "Time": "2017-05-14 00:41:25",
        "Lines": "9",
        "Lat": 52.2404,
        "Brigade": "9"
      },
      {
        "Lon": 21.0626,
        "Time": "2017-05-14 00:41:25",
        "Lines": "9",
        "Lat": 52.2404,
        "Brigade": "9"
      },
      {
        "Lon": 21.0626,
        "Time": "2017-05-14 00:41:25",
        "Lines": "9",
        "Lat": 52.2404,
        "Brigade": "9"
      },
      {
        "Lon": 21.0612,
        "Time": "2017-05-14 00:43:33",
        "Lines": "9",
        "Lat": 52.2401,
        "Brigade": "9"
      },
      {
        "Lon": 21.0612,
        "Time": "2017-05-14 00:43:43",
        "Lines": "9",
        "Lat": 52.2401,
        "Brigade": "9"
      },
      {
        "Lon": 21.0612,
        "Time": "2017-05-14 00:43:54",
        "Lines": "9",
        "Lat": 52.2401,
        "Brigade": "9"
      },
      {
        "Lon": 21.0612,
        "Time": "2017-05-14 00:44:09",
        "Lines": "9",
        "Lat": 52.2401,
        "Brigade": "9"
      },
      {
        "Lon": 21.0612,
        "Time": "2017-05-14 00:44:20",
        "Lines": "9",
        "Lat": 52.2401,
        "Brigade": "9"
      },
      {
        "Lon": 21.0612,
        "Time": "2017-05-14 00:44:30",
        "Lines": "9",
        "Lat": 52.2401,
        "Brigade": "9"
      },
      {
        "Lon": 21.0612,
        "Time": "2017-05-14 00:44:41",
        "Lines": "9",
        "Lat": 52.2401,
        "Brigade": "9"
      },
      {
        "Lon": 21.0612,
        "Time": "2017-05-14 00:44:41",
        "Lines": "9",
        "Lat": 52.2401,
        "Brigade": "9"
      },
      {
        "Lon": 21.0612,
        "Time": "2017-05-14 00:44:51",
        "Lines": "9",
        "Lat": 52.2401,
        "Brigade": "9"
      },
      {
        "Lon": 21.0612,
        "Time": "2017-05-14 00:45:02",
        "Lines": "9",
        "Lat": 52.2401,
        "Brigade": "9"
      },
      {
        "Lon": 21.0612,
        "Time": "2017-05-14 00:45:12",
        "Lines": "9",
        "Lat": 52.2401,
        "Brigade": "9"
      },
      {
        "Lon": 21.0612,
        "Time": "2017-05-14 00:45:23",
        "Lines": "9",
        "Lat": 52.2401,
        "Brigade": "9"
      },
      {
        "Lon": 21.0612,
        "Time": "2017-05-14 00:45:34",
        "Lines": "9",
        "Lat": 52.2401,
        "Brigade": "9"
      },
      {
        "Lon": 21.0612,
        "Time": "2017-05-14 00:45:44",
        "Lines": "9",
        "Lat": 52.2401,
        "Brigade": "9"
      },
      {
        "Lon": 21.0612,
        "Time": "2017-05-14 00:45:56",
        "Lines": "9",
        "Lat": 52.2401,
        "Brigade": "9"
      },
      {
        "Lon": 21.0612,
        "Time": "2017-05-14 00:46:05",
        "Lines": "9",
        "Lat": 52.2401,
        "Brigade": "9"
      },
      {
        "Lon": 21.0612,
        "Time": "2017-05-14 00:46:20",
        "Lines": "9",
        "Lat": 52.2401,
        "Brigade": "9"
      },
      {
        "Lon": 21.0612,
        "Time": "2017-05-14 00:46:31",
        "Lines": "9",
        "Lat": 52.2401,
        "Brigade": "9"
      },
      {
        "Lon": 21.0612,
        "Time": "2017-05-14 00:46:31",
        "Lines": "9",
        "Lat": 52.2401,
        "Brigade": "9"
      },
      {
        "Lon": 21.0612,
        "Time": "2017-05-14 00:46:41",
        "Lines": "9",
        "Lat": 52.2401,
        "Brigade": "9"
      },
      {
        "Lon": 21.0612,
        "Time": "2017-05-14 00:46:52",
        "Lines": "9",
        "Lat": 52.2401,
        "Brigade": "9"
      },
      {
        "Lon": 21.0612,
        "Time": "2017-05-14 00:47:02",
        "Lines": "9",
        "Lat": 52.2401,
        "Brigade": "9"
      },
      {
        "Lon": 21.0612,
        "Time": "2017-05-14 00:47:13",
        "Lines": "9",
        "Lat": 52.2401,
        "Brigade": "9"
      },
      {
        "Lon": 21.0612,
        "Time": "2017-05-14 00:47:23",
        "Lines": "9",
        "Lat": 52.2401,
        "Brigade": "9"
      },
      {
        "Lon": 21.0612,
        "Time": "2017-05-14 00:47:34",
        "Lines": "9",
        "Lat": 52.2401,
        "Brigade": "9"
      },
      {
        "Lon": 21.0612,
        "Time": "2017-05-14 00:47:44",
        "Lines": "9",
        "Lat": 52.2401,
        "Brigade": "9"
      },
      {
        "Lon": 21.0612,
        "Time": "2017-05-14 00:48:00",
        "Lines": "9",
        "Lat": 52.2401,
        "Brigade": "9"
      },
      {
        "Lon": 21.0612,
        "Time": "2017-05-14 00:48:10",
        "Lines": "9",
        "Lat": 52.2401,
        "Brigade": "9"
      },
      {
        "Lon": 21.0612,
        "Time": "2017-05-14 00:48:16",
        "Lines": "9",
        "Lat": 52.2401,
        "Brigade": "9"
      },
      {
        "Lon": 21.0612,
        "Time": "2017-05-14 00:48:16",
        "Lines": "9",
        "Lat": 52.2401,
        "Brigade": "9"
      },
      {
        "Lon": 21.0612,
        "Time": "2017-05-14 00:48:32",
        "Lines": "9",
        "Lat": 52.2401,
        "Brigade": "9"
      },
      {
        "Lon": 21.0612,
        "Time": "2017-05-14 00:48:42",
        "Lines": "9",
        "Lat": 52.2401,
        "Brigade": "9"
      },
      {
        "Lon": 21.0612,
        "Time": "2017-05-14 00:48:52",
        "Lines": "9",
        "Lat": 52.2401,
        "Brigade": "9"
      },
      {
        "Lon": 21.0612,
        "Time": "2017-05-14 00:49:03",
        "Lines": "9",
        "Lat": 52.2401,
        "Brigade": "9"
      },
      {
        "Lon": 21.0612,
        "Time": "2017-05-14 00:49:13",
        "Lines": "9",
        "Lat": 52.2401,
        "Brigade": "9"
      },
      {
        "Lon": 21.0612,
        "Time": "2017-05-14 00:49:24",
        "Lines": "9",
        "Lat": 52.2401,
        "Brigade": "9"
      },
      {
        "Lon": 21.0612,
        "Time": "2017-05-14 00:49:34",
        "Lines": "9",
        "Lat": 52.2401,
        "Brigade": "9"
      },
      {
        "Lon": 21.0612,
        "Time": "2017-05-14 00:49:50",
        "Lines": "9",
        "Lat": 52.2401,
        "Brigade": "9"
      },
      {
        "Lon": 21.0612,
        "Time": "2017-05-14 00:50:00",
        "Lines": "9",
        "Lat": 52.2401,
        "Brigade": "9"
      },
      {
        "Lon": 21.0612,
        "Time": "2017-05-14 00:50:00",
        "Lines": "9",
        "Lat": 52.2401,
        "Brigade": "9"
      },
      {
        "Lon": 21.0612,
        "Time": "2017-05-14 00:50:00",
        "Lines": "9",
        "Lat": 52.2401,
        "Brigade": "9"
      },
      {
        "Lon": 21.0612,
        "Time": "2017-05-14 00:50:21",
        "Lines": "9",
        "Lat": 52.2401,
        "Brigade": "9"
      },
      {
        "Lon": 21.0612,
        "Time": "2017-05-14 00:50:32",
        "Lines": "9",
        "Lat": 52.2401,
        "Brigade": "9"
      },
      {
        "Lon": 21.0612,
        "Time": "2017-05-14 00:50:42",
        "Lines": "9",
        "Lat": 52.2401,
        "Brigade": "9"
      },
      {
        "Lon": 21.0612,
        "Time": "2017-05-14 00:50:53",
        "Lines": "9",
        "Lat": 52.2401,
        "Brigade": "9"
      },
      {
        "Lon": 21.0612,
        "Time": "2017-05-14 00:51:03",
        "Lines": "9",
        "Lat": 52.2401,
        "Brigade": "9"
      },
      {
        "Lon": 21.0612,
        "Time": "2017-05-14 00:51:14",
        "Lines": "9",
        "Lat": 52.2401,
        "Brigade": "9"
      },
      {
        "Lon": 21.0612,
        "Time": "2017-05-14 00:51:24",
        "Lines": "9",
        "Lat": 52.2401,
        "Brigade": "9"
      },
      {
        "Lon": 21.0612,
        "Time": "2017-05-14 00:51:40",
        "Lines": "9",
        "Lat": 52.2401,
        "Brigade": "9"
      },
      {
        "Lon": 21.0612,
        "Time": "2017-05-14 00:51:51",
        "Lines": "9",
        "Lat": 52.2401,
        "Brigade": "9"
      },
      {
        "Lon": 21.0612,
        "Time": "2017-05-14 00:51:56",
        "Lines": "9",
        "Lat": 52.2401,
        "Brigade": "9"
      },
      {
        "Lon": 21.0612,
        "Time": "2017-05-14 00:51:56",
        "Lines": "9",
        "Lat": 52.2401,
        "Brigade": "9"
      },
      {
        "Lon": 21.0612,
        "Time": "2017-05-14 00:52:12",
        "Lines": "9",
        "Lat": 52.2401,
        "Brigade": "9"
      },
      {
        "Lon": 21.0612,
        "Time": "2017-05-14 00:52:22",
        "Lines": "9",
        "Lat": 52.2401,
        "Brigade": "9"
      },
      {
        "Lon": 21.0612,
        "Time": "2017-05-14 00:52:32",
        "Lines": "9",
        "Lat": 52.2401,
        "Brigade": "9"
      },
      {
        "Lon": 21.0612,
        "Time": "2017-05-14 00:52:43",
        "Lines": "9",
        "Lat": 52.2401,
        "Brigade": "9"
      },
      {
        "Lon": 21.0612,
        "Time": "2017-05-14 00:52:53",
        "Lines": "9",
        "Lat": 52.2401,
        "Brigade": "9"
      },
      {
        "Lon": 21.0612,
        "Time": "2017-05-14 00:53:09",
        "Lines": "9",
        "Lat": 52.2401,
        "Brigade": "9"
      },
      {
        "Lon": 21.0612,
        "Time": "2017-05-14 00:53:14",
        "Lines": "9",
        "Lat": 52.2401,
        "Brigade": "9"
      },
      {
        "Lon": 21.0612,
        "Time": "2017-05-14 00:53:30",
        "Lines": "9",
        "Lat": 52.2401,
        "Brigade": "9"
      },
      {
        "Lon": 21.0612,
        "Time": "2017-05-14 00:53:35",
        "Lines": "9",
        "Lat": 52.2401,
        "Brigade": "9"
      },
      {
        "Lon": 21.0612,
        "Time": "2017-05-14 00:53:35",
        "Lines": "9",
        "Lat": 52.2401,
        "Brigade": "9"
      },
      {
        "Lon": 21.0612,
        "Time": "2017-05-14 00:53:51",
        "Lines": "9",
        "Lat": 52.2401,
        "Brigade": "9"
      },
      {
        "Lon": 21.0612,
        "Time": "2017-05-14 00:54:02",
        "Lines": "9",
        "Lat": 52.2401,
        "Brigade": "9"
      },
      {
        "Lon": 21.0612,
        "Time": "2017-05-14 00:54:12",
        "Lines": "9",
        "Lat": 52.2401,
        "Brigade": "9"
      },
      {
        "Lon": 21.0612,
        "Time": "2017-05-14 00:54:23",
        "Lines": "9",
        "Lat": 52.2401,
        "Brigade": "9"
      },
      {
        "Lon": 21.0612,
        "Time": "2017-05-14 00:54:33",
        "Lines": "9",
        "Lat": 52.2401,
        "Brigade": "9"
      },
      {
        "Lon": 21.0612,
        "Time": "2017-05-14 00:54:44",
        "Lines": "9",
        "Lat": 52.2401,
        "Brigade": "9"
      },
      {
        "Lon": 21.0612,
        "Time": "2017-05-14 00:54:54",
        "Lines": "9",
        "Lat": 52.2401,
        "Brigade": "9"
      },
      {
        "Lon": 21.0612,
        "Time": "2017-05-14 00:55:10",
        "Lines": "9",
        "Lat": 52.2401,
        "Brigade": "9"
      },
      {
        "Lon": 21.0612,
        "Time": "2017-05-14 00:55:20",
        "Lines": "9",
        "Lat": 52.2401,
        "Brigade": "9"
      },
      {
        "Lon": 21.0612,
        "Time": "2017-05-14 00:55:31",
        "Lines": "9",
        "Lat": 52.2401,
        "Brigade": "9"
      },
      {
        "Lon": 21.0612,
        "Time": "2017-05-14 00:55:31",
        "Lines": "9",
        "Lat": 52.2401,
        "Brigade": "9"
      },
      {
        "Lon": 21.0612,
        "Time": "2017-05-14 00:55:41",
        "Lines": "9",
        "Lat": 52.2401,
        "Brigade": "9"
      },
      {
        "Lon": 21.0612,
        "Time": "2017-05-14 00:55:52",
        "Lines": "9",
        "Lat": 52.2401,
        "Brigade": "9"
      },
      {
        "Lon": 21.0612,
        "Time": "2017-05-14 00:56:02",
        "Lines": "9",
        "Lat": 52.2401,
        "Brigade": "9"
      },
      {
        "Lon": 21.0612,
        "Time": "2017-05-14 00:56:13",
        "Lines": "9",
        "Lat": 52.2401,
        "Brigade": "9"
      },
      {
        "Lon": 21.0612,
        "Time": "2017-05-14 00:56:23",
        "Lines": "9",
        "Lat": 52.2401,
        "Brigade": "9"
      },
      {
        "Lon": 21.0612,
        "Time": "2017-05-14 00:56:34",
        "Lines": "9",
        "Lat": 52.2401,
        "Brigade": "9"
      },
      {
        "Lon": 21.0612,
        "Time": "2017-05-14 00:56:50",
        "Lines": "9",
        "Lat": 52.2401,
        "Brigade": "9"
      },
      {
        "Lon": 20.9959,
        "Time": "2017-05-14 00:57:00",
        "Lines": "9",
        "Lat": 52.2265,
        "Brigade": "9"
      },
      {
        "Lon": 20.9952,
        "Time": "2017-05-14 00:57:10",
        "Lines": "9",
        "Lat": 52.2263,
        "Brigade": "9"
      },
      {
        "Lon": 20.9946,
        "Time": "2017-05-14 00:57:16",
        "Lines": "9",
        "Lat": 52.2262,
        "Brigade": "9"
      },
      {
        "Lon": 20.9946,
        "Time": "2017-05-14 00:57:16",
        "Lines": "9",
        "Lat": 52.2262,
        "Brigade": "9"
      },
      {
        "Lon": 20.9926,
        "Time": "2017-05-14 00:57:30",
        "Lines": "9",
        "Lat": 52.2258,
        "Brigade": "9"
      },
      {
        "Lon": 20.9906,
        "Time": "2017-05-14 00:57:42",
        "Lines": "9",
        "Lat": 52.2254,
        "Brigade": "9"
      },
      {
        "Lon": 20.99,
        "Time": "2017-05-14 00:57:52",
        "Lines": "9",
        "Lat": 52.2251,
        "Brigade": "9"
      },
      {
        "Lon": 20.9897,
        "Time": "2017-05-14 00:58:03",
        "Lines": "9",
        "Lat": 52.225,
        "Brigade": "9"
      },
      {
        "Lon": 20.9897,
        "Time": "2017-05-14 00:58:13",
        "Lines": "9",
        "Lat": 52.225,
        "Brigade": "9"
      },
      {
        "Lon": 20.9897,
        "Time": "2017-05-14 00:58:24",
        "Lines": "9",
        "Lat": 52.225,
        "Brigade": "9"
      },
      {
        "Lon": 20.9897,
        "Time": "2017-05-14 00:58:34",
        "Lines": "9",
        "Lat": 52.225,
        "Brigade": "9"
      },
      {
        "Lon": 20.9897,
        "Time": "2017-05-14 00:58:45",
        "Lines": "9",
        "Lat": 52.225,
        "Brigade": "9"
      },
      {
        "Lon": 20.9897,
        "Time": "2017-05-14 00:58:55",
        "Lines": "9",
        "Lat": 52.225,
        "Brigade": "9"
      },
      {
        "Lon": 20.9892,
        "Time": "2017-05-14 00:59:06",
        "Lines": "9",
        "Lat": 52.2248,
        "Brigade": "9"
      },
      {
        "Lon": 20.9892,
        "Time": "2017-05-14 00:59:06",
        "Lines": "9",
        "Lat": 52.2248,
        "Brigade": "9"
      },
      {
        "Lon": 20.9883,
        "Time": "2017-05-14 00:59:21",
        "Lines": "9",
        "Lat": 52.2244,
        "Brigade": "9"
      },
      {
        "Lon": 20.9875,
        "Time": "2017-05-14 00:59:32",
        "Lines": "9",
        "Lat": 52.2236,
        "Brigade": "9"
      },
      {
        "Lon": 20.9868,
        "Time": "2017-05-14 00:59:42",
        "Lines": "9",
        "Lat": 52.2228,
        "Brigade": "9"
      },
      {
        "Lon": 20.9867,
        "Time": "2017-05-14 00:59:53",
        "Lines": "9",
        "Lat": 52.2228,
        "Brigade": "9"
      },
      {
        "Lon": 20.9867,
        "Time": "2017-05-14 01:00:03",
        "Lines": "9",
        "Lat": 52.2228,
        "Brigade": "9"
      },
      {
        "Lon": 20.9862,
        "Time": "2017-05-14 01:00:14",
        "Lines": "9",
        "Lat": 52.2221,
        "Brigade": "9"
      },
      {
        "Lon": 20.9856,
        "Time": "2017-05-14 01:00:24",
        "Lines": "9",
        "Lat": 52.2215,
        "Brigade": "9"
      },
      {
        "Lon": 20.9855,
        "Time": "2017-05-14 01:00:35",
        "Lines": "9",
        "Lat": 52.2213,
        "Brigade": "9"
      },
      {
        "Lon": 20.9846,
        "Time": "2017-05-14 01:00:51",
        "Lines": "9",
        "Lat": 52.2203,
        "Brigade": "9"
      },
      {
        "Lon": 20.9842,
        "Time": "2017-05-14 01:01:01",
        "Lines": "9",
        "Lat": 52.2198,
        "Brigade": "9"
      },
      {
        "Lon": 20.9842,
        "Time": "2017-05-14 01:01:01",
        "Lines": "9",
        "Lat": 52.2198,
        "Brigade": "9"
      },
      {
        "Lon": 20.984,
        "Time": "2017-05-14 01:01:12",
        "Lines": "9",
        "Lat": 52.2194,
        "Brigade": "9"
      },
      {
        "Lon": 20.9836,
        "Time": "2017-05-14 01:01:22",
        "Lines": "9",
        "Lat": 52.219,
        "Brigade": "9"
      },
      {
        "Lon": 20.9835,
        "Time": "2017-05-14 01:01:33",
        "Lines": "9",
        "Lat": 52.2189,
        "Brigade": "9"
      },
      {
        "Lon": 20.9835,
        "Time": "2017-05-14 01:01:43",
        "Lines": "9",
        "Lat": 52.2189,
        "Brigade": "9"
      },
      {
        "Lon": 20.9835,
        "Time": "2017-05-14 01:01:53",
        "Lines": "9",
        "Lat": 52.2189,
        "Brigade": "9"
      },
      {
        "Lon": 20.9835,
        "Time": "2017-05-14 01:02:04",
        "Lines": "9",
        "Lat": 52.2189,
        "Brigade": "9"
      },
      {
        "Lon": 20.9835,
        "Time": "2017-05-14 01:02:14",
        "Lines": "9",
        "Lat": 52.2189,
        "Brigade": "9"
      },
      {
        "Lon": 20.9835,
        "Time": "2017-05-14 01:02:25",
        "Lines": "9",
        "Lat": 52.2189,
        "Brigade": "9"
      },
      {
        "Lon": 20.9835,
        "Time": "2017-05-14 01:02:35",
        "Lines": "9",
        "Lat": 52.2189,
        "Brigade": "9"
      },
      {
        "Lon": 20.9833,
        "Time": "2017-05-14 01:02:46",
        "Lines": "9",
        "Lat": 52.2184,
        "Brigade": "9"
      },
      {
        "Lon": 20.9833,
        "Time": "2017-05-14 01:02:46",
        "Lines": "9",
        "Lat": 52.2184,
        "Brigade": "9"
      },
      {
        "Lon": 20.9841,
        "Time": "2017-05-14 01:03:02",
        "Lines": "9",
        "Lat": 52.2184,
        "Brigade": "9"
      },
      {
        "Lon": 20.9842,
        "Time": "2017-05-14 01:03:07",
        "Lines": "9",
        "Lat": 52.2185,
        "Brigade": "9"
      },
      {
        "Lon": 20.9847,
        "Time": "2017-05-14 01:03:23",
        "Lines": "9",
        "Lat": 52.219,
        "Brigade": "9"
      },
      {
        "Lon": 20.9847,
        "Time": "2017-05-14 01:03:33",
        "Lines": "9",
        "Lat": 52.219,
        "Brigade": "9"
      },
      {
        "Lon": 20.9847,
        "Time": "2017-05-14 01:03:44",
        "Lines": "9",
        "Lat": 52.219,
        "Brigade": "9"
      },
      {
        "Lon": 20.9847,
        "Time": "2017-05-14 01:03:54",
        "Lines": "9",
        "Lat": 52.219,
        "Brigade": "9"
      },
      {
        "Lon": 20.9847,
        "Time": "2017-05-14 01:04:07",
        "Lines": "9",
        "Lat": 52.219,
        "Brigade": "9"
      },
      {
        "Lon": 20.9847,
        "Time": "2017-05-14 01:04:15",
        "Lines": "9",
        "Lat": 52.219,
        "Brigade": "9"
      },
      {
        "Lon": 20.9847,
        "Time": "2017-05-14 01:04:31",
        "Lines": "9",
        "Lat": 52.219,
        "Brigade": "9"
      },
      {
        "Lon": 20.9849,
        "Time": "2017-05-14 01:04:41",
        "Lines": "9",
        "Lat": 52.2193,
        "Brigade": "9"
      },
      {
        "Lon": 20.9849,
        "Time": "2017-05-14 01:04:41",
        "Lines": "9",
        "Lat": 52.2193,
        "Brigade": "9"
      },
      {
        "Lon": 20.9855,
        "Time": "2017-05-14 01:04:52",
        "Lines": "9",
        "Lat": 52.2194,
        "Brigade": "9"
      },
      {
        "Lon": 20.9866,
        "Time": "2017-05-14 01:05:02",
        "Lines": "9",
        "Lat": 52.2193,
        "Brigade": "9"
      },
      {
        "Lon": 20.9879,
        "Time": "2017-05-14 01:05:13",
        "Lines": "9",
        "Lat": 52.2193,
        "Brigade": "9"
      },
      {
        "Lon": 20.9887,
        "Time": "2017-05-14 01:05:18",
        "Lines": "9",
        "Lat": 52.2192,
        "Brigade": "9"
      },
      {
        "Lon": 20.9893,
        "Time": "2017-05-14 01:05:37",
        "Lines": "9",
        "Lat": 52.2192,
        "Brigade": "9"
      },
      {
        "Lon": 20.9906,
        "Time": "2017-05-14 01:05:44",
        "Lines": "9",
        "Lat": 52.2191,
        "Brigade": "9"
      },
      {
        "Lon": 20.992,
        "Time": "2017-05-14 01:05:55",
        "Lines": "9",
        "Lat": 52.2191,
        "Brigade": "9"
      },
      {
        "Lon": 20.9942,
        "Time": "2017-05-14 01:06:10",
        "Lines": "9",
        "Lat": 52.2191,
        "Brigade": "9"
      },
      {
        "Lon": 20.9942,
        "Time": "2017-05-14 01:06:10",
        "Lines": "9",
        "Lat": 52.2191,
        "Brigade": "9"
      },
      {
        "Lon": 20.9954,
        "Time": "2017-05-14 01:06:21",
        "Lines": "9",
        "Lat": 52.219,
        "Brigade": "9"
      },
      {
        "Lon": 20.9967,
        "Time": "2017-05-14 01:06:32",
        "Lines": "9",
        "Lat": 52.219,
        "Brigade": "9"
      },
      {
        "Lon": 20.9981,
        "Time": "2017-05-14 01:06:44",
        "Lines": "9",
        "Lat": 52.219,
        "Brigade": "9"
      },
      {
        "Lon": 20.9981,
        "Time": "2017-05-14 01:06:44",
        "Lines": "9",
        "Lat": 52.219,
        "Brigade": "9"
      },
      {
        "Lon": 20.9993,
        "Time": "2017-05-14 01:07:03",
        "Lines": "9",
        "Lat": 52.2189,
        "Brigade": "9"
      },
      {
        "Lon": 20.9999,
        "Time": "2017-05-14 01:07:13",
        "Lines": "9",
        "Lat": 52.2192,
        "Brigade": "9"
      },
      {
        "Lon": 20.9999,
        "Time": "2017-05-14 01:07:24",
        "Lines": "9",
        "Lat": 52.2198,
        "Brigade": "9"
      },
      {
        "Lon": 21.0006,
        "Time": "2017-05-14 01:07:40",
        "Lines": "9",
        "Lat": 52.2204,
        "Brigade": "9"
      },
      {
        "Lon": 21.0018,
        "Time": "2017-05-14 01:07:50",
        "Lines": "9",
        "Lat": 52.2203,
        "Brigade": "9"
      },
      {
        "Lon": 21.0037,
        "Time": "2017-05-14 01:08:00",
        "Lines": "9",
        "Lat": 52.2202,
        "Brigade": "9"
      },
      {
        "Lon": 21.0037,
        "Time": "2017-05-14 01:08:00",
        "Lines": "9",
        "Lat": 52.2202,
        "Brigade": "9"
      },
      {
        "Lon": 21.0043,
        "Time": "2017-05-14 01:08:11",
        "Lines": "9",
        "Lat": 52.2202,
        "Brigade": "9"
      },
      {
        "Lon": 21.0043,
        "Time": "2017-05-14 01:08:22",
        "Lines": "9",
        "Lat": 52.2202,
        "Brigade": "9"
      },
      {
        "Lon": 21.0043,
        "Time": "2017-05-14 01:08:32",
        "Lines": "9",
        "Lat": 52.2202,
        "Brigade": "9"
      },
      {
        "Lon": 21.0043,
        "Time": "2017-05-14 01:08:43",
        "Lines": "9",
        "Lat": 52.2202,
        "Brigade": "9"
      },
      {
        "Lon": 21.0043,
        "Time": "2017-05-14 01:08:53",
        "Lines": "9",
        "Lat": 52.2203,
        "Brigade": "9"
      },
      {
        "Lon": 21.0044,
        "Time": "2017-05-14 01:09:03",
        "Lines": "9",
        "Lat": 52.2202,
        "Brigade": "9"
      },
      {
        "Lon": 21.0049,
        "Time": "2017-05-14 01:09:14",
        "Lines": "9",
        "Lat": 52.22,
        "Brigade": "9"
      },
      {
        "Lon": 21.0049,
        "Time": "2017-05-14 01:09:25",
        "Lines": "9",
        "Lat": 52.2195,
        "Brigade": "9"
      },
      {
        "Lon": 21.005,
        "Time": "2017-05-14 01:09:40",
        "Lines": "9",
        "Lat": 52.2185,
        "Brigade": "9"
      },
      {
        "Lon": 21.005,
        "Time": "2017-05-14 01:09:51",
        "Lines": "9",
        "Lat": 52.2178,
        "Brigade": "9"
      },
      {
        "Lon": 21.005,
        "Time": "2017-05-14 01:09:51",
        "Lines": "9",
        "Lat": 52.2178,
        "Brigade": "9"
      },
      {
        "Lon": 21.005,
        "Time": "2017-05-14 01:10:01",
        "Lines": "9",
        "Lat": 52.2175,
        "Brigade": "9"
      },
      {
        "Lon": 21.005,
        "Time": "2017-05-14 01:10:12",
        "Lines": "9",
        "Lat": 52.2171,
        "Brigade": "9"
      },
      {
        "Lon": 21.0053,
        "Time": "2017-05-14 01:10:22",
        "Lines": "9",
        "Lat": 52.2163,
        "Brigade": "9"
      },
      {
        "Lon": 21.0053,
        "Time": "2017-05-14 01:10:33",
        "Lines": "9",
        "Lat": 52.2162,
        "Brigade": "9"
      },
      {
        "Lon": 21.0055,
        "Time": "2017-05-14 01:10:43",
        "Lines": "9",
        "Lat": 52.2156,
        "Brigade": "9"
      },
      {
        "Lon": 21.0059,
        "Time": "2017-05-14 01:10:54",
        "Lines": "9",
        "Lat": 52.2142,
        "Brigade": "9"
      },
      {
        "Lon": 21.0062,
        "Time": "2017-05-14 01:11:09",
        "Lines": "9",
        "Lat": 52.2131,
        "Brigade": "9"
      },
      {
        "Lon": 21.0063,
        "Time": "2017-05-14 01:11:22",
        "Lines": "9",
        "Lat": 52.2129,
        "Brigade": "9"
      },
      {
        "Lon": 21.0063,
        "Time": "2017-05-14 01:11:22",
        "Lines": "9",
        "Lat": 52.2129,
        "Brigade": "9"
      },
      {
        "Lon": 21.0063,
        "Time": "2017-05-14 01:11:22",
        "Lines": "9",
        "Lat": 52.2129,
        "Brigade": "9"
      },
      {
        "Lon": 21.0063,
        "Time": "2017-05-14 01:11:22",
        "Lines": "9",
        "Lat": 52.2129,
        "Brigade": "9"
      },
      {
        "Lon": 21.0063,
        "Time": "2017-05-14 01:11:22",
        "Lines": "9",
        "Lat": 52.2129,
        "Brigade": "9"
      },
      {
        "Lon": 21.0063,
        "Time": "2017-05-14 01:11:22",
        "Lines": "9",
        "Lat": 52.2129,
        "Brigade": "9"
      },
      {
        "Lon": 21.0063,
        "Time": "2017-05-14 01:11:22",
        "Lines": "9",
        "Lat": 52.2129,
        "Brigade": "9"
      },
      {
        "Lon": 21.008,
        "Time": "2017-05-14 01:12:23",
        "Lines": "9",
        "Lat": 52.2079,
        "Brigade": "9"
      },
      {
        "Lon": 21.008,
        "Time": "2017-05-14 01:12:33",
        "Lines": "9",
        "Lat": 52.2079,
        "Brigade": "9"
      },
      {
        "Lon": 21.008,
        "Time": "2017-05-14 01:12:49",
        "Lines": "9",
        "Lat": 52.2079,
        "Brigade": "9"
      },
      {
        "Lon": 21.008,
        "Time": "2017-05-14 01:12:59",
        "Lines": "9",
        "Lat": 52.2079,
        "Brigade": "9"
      },
      {
        "Lon": 21.008,
        "Time": "2017-05-14 01:13:10",
        "Lines": "9",
        "Lat": 52.2079,
        "Brigade": "9"
      },
      {
        "Lon": 21.008,
        "Time": "2017-05-14 01:13:10",
        "Lines": "9",
        "Lat": 52.2079,
        "Brigade": "9"
      },
      {
        "Lon": 21.008,
        "Time": "2017-05-14 01:13:15",
        "Lines": "9",
        "Lat": 52.2078,
        "Brigade": "9"
      },
      {
        "Lon": 21.0069,
        "Time": "2017-05-14 01:13:32",
        "Lines": "9",
        "Lat": 52.2074,
        "Brigade": "9"
      },
      {
        "Lon": 21.0049,
        "Time": "2017-05-14 01:13:41",
        "Lines": "9",
        "Lat": 52.207,
        "Brigade": "9"
      },
      {
        "Lon": 21.0049,
        "Time": "2017-05-14 01:13:41",
        "Lines": "9",
        "Lat": 52.207,
        "Brigade": "9"
      },
      {
        "Lon": 21.0036,
        "Time": "2017-05-14 01:14:02",
        "Lines": "9",
        "Lat": 52.2068,
        "Brigade": "9"
      },
      {
        "Lon": 21.0032,
        "Time": "2017-05-14 01:14:13",
        "Lines": "9",
        "Lat": 52.2067,
        "Brigade": "9"
      },
      {
        "Lon": 21.0022,
        "Time": "2017-05-14 01:14:29",
        "Lines": "9",
        "Lat": 52.2065,
        "Brigade": "9"
      },
      {
        "Lon": 21.0009,
        "Time": "2017-05-14 01:14:39",
        "Lines": "9",
        "Lat": 52.2063,
        "Brigade": "9"
      },
      {
        "Lon": 20.9996,
        "Time": "2017-05-14 01:14:50",
        "Lines": "9",
        "Lat": 52.2061,
        "Brigade": "9"
      },
      {
        "Lon": 20.9996,
        "Time": "2017-05-14 01:14:50",
        "Lines": "9",
        "Lat": 52.2061,
        "Brigade": "9"
      },
      {
        "Lon": 20.9995,
        "Time": "2017-05-14 01:15:00",
        "Lines": "9",
        "Lat": 52.2061,
        "Brigade": "9"
      },
      {
        "Lon": 20.9993,
        "Time": "2017-05-14 01:15:11",
        "Lines": "9",
        "Lat": 52.2059,
        "Brigade": "9"
      },
      {
        "Lon": 20.9993,
        "Time": "2017-05-14 01:15:21",
        "Lines": "9",
        "Lat": 52.2053,
        "Brigade": "9"
      },
      {
        "Lon": 20.9994,
        "Time": "2017-05-14 01:15:31",
        "Lines": "9",
        "Lat": 52.2051,
        "Brigade": "9"
      },
      {
        "Lon": 20.9997,
        "Time": "2017-05-14 01:15:47",
        "Lines": "9",
        "Lat": 52.2042,
        "Brigade": "9"
      },
      {
        "Lon": 20.9999,
        "Time": "2017-05-14 01:15:52",
        "Lines": "9",
        "Lat": 52.2034,
        "Brigade": "9"
      },
      {
        "Lon": 21.0003,
        "Time": "2017-05-14 01:16:03",
        "Lines": "9",
        "Lat": 52.2021,
        "Brigade": "9"
      },
      {
        "Lon": 21.0004,
        "Time": "2017-05-14 01:16:19",
        "Lines": "9",
        "Lat": 52.2018,
        "Brigade": "9"
      },
      {
        "Lon": 21.0004,
        "Time": "2017-05-14 01:16:29",
        "Lines": "9",
        "Lat": 52.2017,
        "Brigade": "9"
      },
      {
        "Lon": 21.0004,
        "Time": "2017-05-14 01:16:29",
        "Lines": "9",
        "Lat": 52.2017,
        "Brigade": "9"
      },
      {
        "Lon": 21.0007,
        "Time": "2017-05-14 01:16:40",
        "Lines": "9",
        "Lat": 52.2006,
        "Brigade": "9"
      },
      {
        "Lon": 21.001,
        "Time": "2017-05-14 01:16:50",
        "Lines": "9",
        "Lat": 52.1994,
        "Brigade": "9"
      },
      {
        "Lon": 21.0011,
        "Time": "2017-05-14 01:17:01",
        "Lines": "9",
        "Lat": 52.1991,
        "Brigade": "9"
      },
      {
        "Lon": 21.0011,
        "Time": "2017-05-14 01:17:11",
        "Lines": "9",
        "Lat": 52.1991,
        "Brigade": "9"
      },
      {
        "Lon": 21.0016,
        "Time": "2017-05-14 01:17:27",
        "Lines": "9",
        "Lat": 52.1976,
        "Brigade": "9"
      },
      {
        "Lon": 21.0018,
        "Time": "2017-05-14 01:17:32",
        "Lines": "9",
        "Lat": 52.1969,
        "Brigade": "9"
      },
      {
        "Lon": 21.0018,
        "Time": "2017-05-14 01:17:48",
        "Lines": "9",
        "Lat": 52.196,
        "Brigade": "9"
      },
      {
        "Lon": 21.0018,
        "Time": "2017-05-14 01:17:58",
        "Lines": "9",
        "Lat": 52.196,
        "Brigade": "9"
      },
      {
        "Lon": 21.0018,
        "Time": "2017-05-14 01:18:09",
        "Lines": "9",
        "Lat": 52.196,
        "Brigade": "9"
      },
      {
        "Lon": 21.0018,
        "Time": "2017-05-14 01:18:19",
        "Lines": "9",
        "Lat": 52.1952,
        "Brigade": "9"
      },
      {
        "Lon": 21.0018,
        "Time": "2017-05-14 01:18:19",
        "Lines": "9",
        "Lat": 52.1952,
        "Brigade": "9"
      },
      {
        "Lon": 21.0018,
        "Time": "2017-05-14 01:18:30",
        "Lines": "9",
        "Lat": 52.1938,
        "Brigade": "9"
      },
      {
        "Lon": 21.0018,
        "Time": "2017-05-14 01:18:40",
        "Lines": "9",
        "Lat": 52.1924,
        "Brigade": "9"
      },
      {
        "Lon": 21.0018,
        "Time": "2017-05-14 01:18:51",
        "Lines": "9",
        "Lat": 52.191,
        "Brigade": "9"
      },
      {
        "Lon": 21.0019,
        "Time": "2017-05-14 01:19:01",
        "Lines": "9",
        "Lat": 52.1902,
        "Brigade": "9"
      },
      {
        "Lon": 21.0019,
        "Time": "2017-05-14 01:19:12",
        "Lines": "9",
        "Lat": 52.1897,
        "Brigade": "9"
      },
      {
        "Lon": 21.002,
        "Time": "2017-05-14 01:19:27",
        "Lines": "9",
        "Lat": 52.1893,
        "Brigade": "9"
      },
      {
        "Lon": 21.002,
        "Time": "2017-05-14 01:19:38",
        "Lines": "9",
        "Lat": 52.1893,
        "Brigade": "9"
      },
      {
        "Lon": 21.002,
        "Time": "2017-05-14 01:19:48",
        "Lines": "9",
        "Lat": 52.1893,
        "Brigade": "9"
      },
      {
        "Lon": 21.002,
        "Time": "2017-05-14 01:19:59",
        "Lines": "9",
        "Lat": 52.1893,
        "Brigade": "9"
      },
      {
        "Lon": 21.002,
        "Time": "2017-05-14 01:20:09",
        "Lines": "9",
        "Lat": 52.1893,
        "Brigade": "9"
      },
      {
        "Lon": 21.002,
        "Time": "2017-05-14 01:20:09",
        "Lines": "9",
        "Lat": 52.1893,
        "Brigade": "9"
      },
      {
        "Lon": 21.002,
        "Time": "2017-05-14 01:20:20",
        "Lines": "9",
        "Lat": 52.1893,
        "Brigade": "9"
      },
      {
        "Lon": 21.002,
        "Time": "2017-05-14 01:20:30",
        "Lines": "9",
        "Lat": 52.1893,
        "Brigade": "9"
      },
      {
        "Lon": 21.002,
        "Time": "2017-05-14 01:20:41",
        "Lines": "9",
        "Lat": 52.1893,
        "Brigade": "9"
      },
      {
        "Lon": 21.002,
        "Time": "2017-05-14 01:20:57",
        "Lines": "9",
        "Lat": 52.1893,
        "Brigade": "9"
      },
      {
        "Lon": 21.002,
        "Time": "2017-05-14 01:21:07",
        "Lines": "9",
        "Lat": 52.1893,
        "Brigade": "9"
      },
      {
        "Lon": 21.0021,
        "Time": "2017-05-14 01:21:18",
        "Lines": "9",
        "Lat": 52.1889,
        "Brigade": "9"
      },
      {
        "Lon": 21.0028,
        "Time": "2017-05-14 01:21:28",
        "Lines": "9",
        "Lat": 52.1887,
        "Brigade": "9"
      },
      {
        "Lon": 21.0034,
        "Time": "2017-05-14 01:21:38",
        "Lines": "9",
        "Lat": 52.1887,
        "Brigade": "9"
      },
      {
        "Lon": 21.0035,
        "Time": "2017-05-14 01:21:50",
        "Lines": "9",
        "Lat": 52.1887,
        "Brigade": "9"
      },
      {
        "Lon": 21.0035,
        "Time": "2017-05-14 01:21:50",
        "Lines": "9",
        "Lat": 52.1887,
        "Brigade": "9"
      },
      {
        "Lon": 21.0042,
        "Time": "2017-05-14 01:21:59",
        "Lines": "9",
        "Lat": 52.1887,
        "Brigade": "9"
      },
      {
        "Lon": 21.0042,
        "Time": "2017-05-14 01:22:10",
        "Lines": "9",
        "Lat": 52.1883,
        "Brigade": "9"
      },
      {
        "Lon": 21.0036,
        "Time": "2017-05-14 01:22:20",
        "Lines": "9",
        "Lat": 52.1885,
        "Brigade": "9"
      },
      {
        "Lon": 21.0029,
        "Time": "2017-05-14 01:22:36",
        "Lines": "9",
        "Lat": 52.1888,
        "Brigade": "9"
      },
      {
        "Lon": 21.0027,
        "Time": "2017-05-14 01:22:47",
        "Lines": "9",
        "Lat": 52.1888,
        "Brigade": "9"
      },
      {
        "Lon": 21.0027,
        "Time": "2017-05-14 01:22:57",
        "Lines": "9",
        "Lat": 52.1888,
        "Brigade": "9"
      },
      {
        "Lon": 21.0027,
        "Time": "2017-05-14 01:23:08",
        "Lines": "9",
        "Lat": 52.1888,
        "Brigade": "9"
      },
      {
        "Lon": 21.0027,
        "Time": "2017-05-14 01:23:18",
        "Lines": "9",
        "Lat": 52.1888,
        "Brigade": "9"
      },
      {
        "Lon": 21.0027,
        "Time": "2017-05-14 01:23:29",
        "Lines": "9",
        "Lat": 52.1888,
        "Brigade": "9"
      },
      {
        "Lon": 21.0027,
        "Time": "2017-05-14 01:23:39",
        "Lines": "9",
        "Lat": 52.1888,
        "Brigade": "9"
      },
      {
        "Lon": 21.0027,
        "Time": "2017-05-14 01:23:39",
        "Lines": "9",
        "Lat": 52.1888,
        "Brigade": "9"
      },
      {
        "Lon": 21.0027,
        "Time": "2017-05-14 01:23:51",
        "Lines": "9",
        "Lat": 52.1888,
        "Brigade": "9"
      },
      {
        "Lon": 21.0027,
        "Time": "2017-05-14 01:24:00",
        "Lines": "9",
        "Lat": 52.1888,
        "Brigade": "9"
      },
      {
        "Lon": 21.0027,
        "Time": "2017-05-14 01:24:16",
        "Lines": "9",
        "Lat": 52.1888,
        "Brigade": "9"
      },
      {
        "Lon": 21.0027,
        "Time": "2017-05-14 01:24:26",
        "Lines": "9",
        "Lat": 52.1888,
        "Brigade": "9"
      },
      {
        "Lon": 21.002,
        "Time": "2017-05-14 01:24:37",
        "Lines": "9",
        "Lat": 52.1888,
        "Brigade": "9"
      },
      {
        "Lon": 21.0012,
        "Time": "2017-05-14 01:24:47",
        "Lines": "9",
        "Lat": 52.1888,
        "Brigade": "9"
      },
      {
        "Lon": 21.0005,
        "Time": "2017-05-14 01:24:58",
        "Lines": "9",
        "Lat": 52.1888,
        "Brigade": "9"
      },
      {
        "Lon": 21.0003,
        "Time": "2017-05-14 01:25:09",
        "Lines": "9",
        "Lat": 52.1886,
        "Brigade": "9"
      },
      {
        "Lon": 21.0003,
        "Time": "2017-05-14 01:25:19",
        "Lines": "9",
        "Lat": 52.1885,
        "Brigade": "9"
      },
      {
        "Lon": 21.0003,
        "Time": "2017-05-14 01:25:19",
        "Lines": "9",
        "Lat": 52.1885,
        "Brigade": "9"
      },
      {
        "Lon": 21.0003,
        "Time": "2017-05-14 01:25:29",
        "Lines": "9",
        "Lat": 52.1885,
        "Brigade": "9"
      },
      {
        "Lon": 21.0003,
        "Time": "2017-05-14 01:25:40",
        "Lines": "9",
        "Lat": 52.1885,
        "Brigade": "9"
      },
      {
        "Lon": 21.0003,
        "Time": "2017-05-14 01:25:50",
        "Lines": "9",
        "Lat": 52.1885,
        "Brigade": "9"
      }
    ]
  }
]
