[
  {
    "res": [
      {
        "Lon": 20.9798,
        "Time": "2017-05-14 00:00:01",
        "Lines": "1",
        "Lat": 52.2625,
        "Brigade": "3"
      },
      {
        "Lon": 20.9798,
        "Time": "2017-05-14 00:00:12",
        "Lines": "1",
        "Lat": 52.2625,
        "Brigade": "3"
      },
      {
        "Lon": 20.9797,
        "Time": "2017-05-14 00:00:27",
        "Lines": "1",
        "Lat": 52.2626,
        "Brigade": "3"
      },
      {
        "Lon": 20.9792,
        "Time": "2017-05-14 00:00:38",
        "Lines": "1",
        "Lat": 52.2633,
        "Brigade": "3"
      },
      {
        "Lon": 20.9791,
        "Time": "2017-05-14 00:00:48",
        "Lines": "1",
        "Lat": 52.2634,
        "Brigade": "3"
      },
      {
        "Lon": 20.979,
        "Time": "2017-05-14 00:00:59",
        "Lines": "1",
        "Lat": 52.2636,
        "Brigade": "3"
      },
      {
        "Lon": 20.9782,
        "Time": "2017-05-14 00:01:10",
        "Lines": "1",
        "Lat": 52.2648,
        "Brigade": "3"
      },
      {
        "Lon": 20.9775,
        "Time": "2017-05-14 00:01:20",
        "Lines": "1",
        "Lat": 52.2659,
        "Brigade": "3"
      },
      {
        "Lon": 20.9773,
        "Time": "2017-05-14 00:01:30",
        "Lines": "1",
        "Lat": 52.2661,
        "Brigade": "3"
      },
      {
        "Lon": 20.9773,
        "Time": "2017-05-14 00:01:41",
        "Lines": "1",
        "Lat": 52.2661,
        "Brigade": "3"
      },
      {
        "Lon": 20.9773,
        "Time": "2017-05-14 00:01:51",
        "Lines": "1",
        "Lat": 52.2661,
        "Brigade": "3"
      },
      {
        "Lon": 20.9773,
        "Time": "2017-05-14 00:02:02",
        "Lines": "1",
        "Lat": 52.2661,
        "Brigade": "3"
      },
      {
        "Lon": 20.9773,
        "Time": "2017-05-14 00:02:18",
        "Lines": "1",
        "Lat": 52.2661,
        "Brigade": "3"
      },
      {
        "Lon": 20.9773,
        "Time": "2017-05-14 00:02:23",
        "Lines": "1",
        "Lat": 52.2662,
        "Brigade": "3"
      },
      {
        "Lon": 20.9761,
        "Time": "2017-05-14 00:02:39",
        "Lines": "1",
        "Lat": 52.2679,
        "Brigade": "3"
      },
      {
        "Lon": 20.9753,
        "Time": "2017-05-14 00:02:49",
        "Lines": "1",
        "Lat": 52.2692,
        "Brigade": "3"
      },
      {
        "Lon": 20.9744,
        "Time": "2017-05-14 00:03:00",
        "Lines": "1",
        "Lat": 52.2705,
        "Brigade": "3"
      },
      {
        "Lon": 20.9739,
        "Time": "2017-05-14 00:03:10",
        "Lines": "1",
        "Lat": 52.2713,
        "Brigade": "3"
      },
      {
        "Lon": 20.9734,
        "Time": "2017-05-14 00:03:21",
        "Lines": "1",
        "Lat": 52.2719,
        "Brigade": "3"
      },
      {
        "Lon": 20.9727,
        "Time": "2017-05-14 00:03:31",
        "Lines": "1",
        "Lat": 52.2721,
        "Brigade": "3"
      },
      {
        "Lon": 20.9725,
        "Time": "2017-05-14 00:03:41",
        "Lines": "1",
        "Lat": 52.2721,
        "Brigade": "3"
      },
      {
        "Lon": 20.9725,
        "Time": "2017-05-14 00:03:52",
        "Lines": "1",
        "Lat": 52.2721,
        "Brigade": "3"
      },
      {
        "Lon": 20.9719,
        "Time": "2017-05-14 00:04:02",
        "Lines": "1",
        "Lat": 52.2722,
        "Brigade": "3"
      },
      {
        "Lon": 20.9704,
        "Time": "2017-05-14 00:04:18",
        "Lines": "1",
        "Lat": 52.2725,
        "Brigade": "3"
      },
      {
        "Lon": 20.9689,
        "Time": "2017-05-14 00:04:29",
        "Lines": "1",
        "Lat": 52.2729,
        "Brigade": "3"
      },
      {
        "Lon": 20.9676,
        "Time": "2017-05-14 00:04:39",
        "Lines": "1",
        "Lat": 52.2734,
        "Brigade": "3"
      },
      {
        "Lon": 20.9672,
        "Time": "2017-05-14 00:04:50",
        "Lines": "1",
        "Lat": 52.2736,
        "Brigade": "3"
      },
      {
        "Lon": 20.9671,
        "Time": "2017-05-14 00:05:00",
        "Lines": "1",
        "Lat": 52.2736,
        "Brigade": "3"
      },
      {
        "Lon": 20.9659,
        "Time": "2017-05-14 00:05:11",
        "Lines": "1",
        "Lat": 52.2742,
        "Brigade": "3"
      },
      {
        "Lon": 20.9647,
        "Time": "2017-05-14 00:05:21",
        "Lines": "1",
        "Lat": 52.275,
        "Brigade": "3"
      },
      {
        "Lon": 20.9643,
        "Time": "2017-05-14 00:05:32",
        "Lines": "1",
        "Lat": 52.2754,
        "Brigade": "3"
      },
      {
        "Lon": 20.9641,
        "Time": "2017-05-14 00:05:42",
        "Lines": "1",
        "Lat": 52.2756,
        "Brigade": "3"
      },
      {
        "Lon": 20.9639,
        "Time": "2017-05-14 00:05:53",
        "Lines": "1",
        "Lat": 52.2757,
        "Brigade": "3"
      },
      {
        "Lon": 20.9624,
        "Time": "2017-05-14 00:06:08",
        "Lines": "1",
        "Lat": 52.2771,
        "Brigade": "3"
      },
      {
        "Lon": 20.9618,
        "Time": "2017-05-14 00:06:19",
        "Lines": "1",
        "Lat": 52.2777,
        "Brigade": "3"
      },
      {
        "Lon": 20.9618,
        "Time": "2017-05-14 00:06:29",
        "Lines": "1",
        "Lat": 52.2777,
        "Brigade": "3"
      },
      {
        "Lon": 20.9616,
        "Time": "2017-05-14 00:06:40",
        "Lines": "1",
        "Lat": 52.278,
        "Brigade": "3"
      },
      {
        "Lon": 20.9607,
        "Time": "2017-05-14 00:06:50",
        "Lines": "1",
        "Lat": 52.2789,
        "Brigade": "3"
      },
      {
        "Lon": 20.9597,
        "Time": "2017-05-14 00:07:01",
        "Lines": "1",
        "Lat": 52.28,
        "Brigade": "3"
      },
      {
        "Lon": 20.9592,
        "Time": "2017-05-14 00:07:11",
        "Lines": "1",
        "Lat": 52.2806,
        "Brigade": "3"
      },
      {
        "Lon": 20.959,
        "Time": "2017-05-14 00:07:22",
        "Lines": "1",
        "Lat": 52.2807,
        "Brigade": "3"
      },
      {
        "Lon": 20.9589,
        "Time": "2017-05-14 00:07:38",
        "Lines": "1",
        "Lat": 52.2809,
        "Brigade": "3"
      },
      {
        "Lon": 20.9588,
        "Time": "2017-05-14 00:07:49",
        "Lines": "1",
        "Lat": 52.2809,
        "Brigade": "3"
      },
      {
        "Lon": 20.9581,
        "Time": "2017-05-14 00:08:00",
        "Lines": "1",
        "Lat": 52.2817,
        "Brigade": "3"
      },
      {
        "Lon": 20.9569,
        "Time": "2017-05-14 00:08:09",
        "Lines": "1",
        "Lat": 52.283,
        "Brigade": "3"
      },
      {
        "Lon": 20.9562,
        "Time": "2017-05-14 00:08:20",
        "Lines": "1",
        "Lat": 52.2837,
        "Brigade": "3"
      },
      {
        "Lon": 20.9561,
        "Time": "2017-05-14 00:08:30",
        "Lines": "1",
        "Lat": 52.2838,
        "Brigade": "3"
      },
      {
        "Lon": 20.9561,
        "Time": "2017-05-14 00:08:40",
        "Lines": "1",
        "Lat": 52.2838,
        "Brigade": "3"
      },
      {
        "Lon": 20.9561,
        "Time": "2017-05-14 00:08:51",
        "Lines": "1",
        "Lat": 52.2838,
        "Brigade": "3"
      },
      {
        "Lon": 20.9551,
        "Time": "2017-05-14 00:09:07",
        "Lines": "1",
        "Lat": 52.2849,
        "Brigade": "3"
      },
      {
        "Lon": 20.9546,
        "Time": "2017-05-14 00:09:19",
        "Lines": "1",
        "Lat": 52.2855,
        "Brigade": "3"
      },
      {
        "Lon": 20.9526,
        "Time": "2017-05-14 00:09:50",
        "Lines": "1",
        "Lat": 52.2877,
        "Brigade": "3"
      },
      {
        "Lon": 20.9525,
        "Time": "2017-05-14 00:09:59",
        "Lines": "1",
        "Lat": 52.2878,
        "Brigade": "3"
      },
      {
        "Lon": 20.952,
        "Time": "2017-05-14 00:10:10",
        "Lines": "1",
        "Lat": 52.2883,
        "Brigade": "3"
      },
      {
        "Lon": 20.951,
        "Time": "2017-05-14 00:10:25",
        "Lines": "1",
        "Lat": 52.2894,
        "Brigade": "3"
      },
      {
        "Lon": 20.9504,
        "Time": "2017-05-14 00:10:36",
        "Lines": "1",
        "Lat": 52.29,
        "Brigade": "3"
      },
      {
        "Lon": 20.9499,
        "Time": "2017-05-14 00:10:46",
        "Lines": "1",
        "Lat": 52.2905,
        "Brigade": "3"
      },
      {
        "Lon": 20.9499,
        "Time": "2017-05-14 00:10:57",
        "Lines": "1",
        "Lat": 52.2905,
        "Brigade": "3"
      },
      {
        "Lon": 20.9496,
        "Time": "2017-05-14 00:11:07",
        "Lines": "1",
        "Lat": 52.2908,
        "Brigade": "3"
      },
      {
        "Lon": 20.9489,
        "Time": "2017-05-14 00:11:18",
        "Lines": "1",
        "Lat": 52.2915,
        "Brigade": "3"
      },
      {
        "Lon": 20.9482,
        "Time": "2017-05-14 00:11:28",
        "Lines": "1",
        "Lat": 52.2923,
        "Brigade": "3"
      },
      {
        "Lon": 20.9478,
        "Time": "2017-05-14 00:11:34",
        "Lines": "1",
        "Lat": 52.2928,
        "Brigade": "3"
      },
      {
        "Lon": 20.9465,
        "Time": "2017-05-14 00:11:49",
        "Lines": "1",
        "Lat": 52.2941,
        "Brigade": "3"
      },
      {
        "Lon": 20.9454,
        "Time": "2017-05-14 00:12:05",
        "Lines": "1",
        "Lat": 52.2953,
        "Brigade": "3"
      },
      {
        "Lon": 20.9451,
        "Time": "2017-05-14 00:12:16",
        "Lines": "1",
        "Lat": 52.2956,
        "Brigade": "3"
      },
      {
        "Lon": 20.9451,
        "Time": "2017-05-14 00:12:26",
        "Lines": "1",
        "Lat": 52.2956,
        "Brigade": "3"
      },
      {
        "Lon": 20.9446,
        "Time": "2017-05-14 00:12:37",
        "Lines": "1",
        "Lat": 52.2961,
        "Brigade": "3"
      },
      {
        "Lon": 20.9429,
        "Time": "2017-05-14 00:13:09",
        "Lines": "1",
        "Lat": 52.2979,
        "Brigade": "3"
      },
      {
        "Lon": 20.9426,
        "Time": "2017-05-14 00:13:20",
        "Lines": "1",
        "Lat": 52.2983,
        "Brigade": "3"
      },
      {
        "Lon": 20.9421,
        "Time": "2017-05-14 00:13:26",
        "Lines": "1",
        "Lat": 52.2988,
        "Brigade": "3"
      },
      {
        "Lon": 20.9411,
        "Time": "2017-05-14 00:13:36",
        "Lines": "1",
        "Lat": 52.3,
        "Brigade": "3"
      }
    ]
  }
]
