[
  {
    "res": [
      {
        "Lon": 20.9296,
        "Time": "2017-05-14 00:00:03",
        "Lines": "10",
        "Lat": 52.2235,
        "Brigade": "1"
      },
      {
        "Lon": 20.9296,
        "Time": "2017-05-14 00:00:13",
        "Lines": "10",
        "Lat": 52.2235,
        "Brigade": "1"
      },
      {
        "Lon": 20.9296,
        "Time": "2017-05-14 00:00:23",
        "Lines": "10",
        "Lat": 52.2235,
        "Brigade": "1"
      },
      {
        "Lon": 20.9296,
        "Time": "2017-05-14 00:00:38",
        "Lines": "10",
        "Lat": 52.2235,
        "Brigade": "1"
      },
      {
        "Lon": 20.9296,
        "Time": "2017-05-14 00:00:48",
        "Lines": "10",
        "Lat": 52.2235,
        "Brigade": "1"
      },
      {
        "Lon": 20.9303,
        "Time": "2017-05-14 00:00:58",
        "Lines": "10",
        "Lat": 52.2236,
        "Brigade": "1"
      },
      {
        "Lon": 20.931,
        "Time": "2017-05-14 00:01:03",
        "Lines": "10",
        "Lat": 52.2238,
        "Brigade": "1"
      },
      {
        "Lon": 20.9326,
        "Time": "2017-05-14 00:01:18",
        "Lines": "10",
        "Lat": 52.2242,
        "Brigade": "1"
      },
      {
        "Lon": 20.9346,
        "Time": "2017-05-14 00:01:33",
        "Lines": "10",
        "Lat": 52.2248,
        "Brigade": "1"
      },
      {
        "Lon": 20.9365,
        "Time": "2017-05-14 00:01:43",
        "Lines": "10",
        "Lat": 52.2254,
        "Brigade": "1"
      },
      {
        "Lon": 20.9372,
        "Time": "2017-05-14 00:01:53",
        "Lines": "10",
        "Lat": 52.2256,
        "Brigade": "1"
      },
      {
        "Lon": 20.9372,
        "Time": "2017-05-14 00:02:03",
        "Lines": "10",
        "Lat": 52.2256,
        "Brigade": "1"
      },
      {
        "Lon": 20.9392,
        "Time": "2017-05-14 00:02:18",
        "Lines": "10",
        "Lat": 52.226,
        "Brigade": "1"
      },
      {
        "Lon": 20.9402,
        "Time": "2017-05-14 00:02:23",
        "Lines": "10",
        "Lat": 52.2262,
        "Brigade": "1"
      },
      {
        "Lon": 20.9423,
        "Time": "2017-05-14 00:02:38",
        "Lines": "10",
        "Lat": 52.2266,
        "Brigade": "1"
      },
      {
        "Lon": 20.9423,
        "Time": "2017-05-14 00:02:48",
        "Lines": "10",
        "Lat": 52.2266,
        "Brigade": "1"
      },
      {
        "Lon": 20.9428,
        "Time": "2017-05-14 00:03:01",
        "Lines": "10",
        "Lat": 52.2266,
        "Brigade": "1"
      },
      {
        "Lon": 20.943,
        "Time": "2017-05-14 00:03:03",
        "Lines": "10",
        "Lat": 52.2267,
        "Brigade": "1"
      },
      {
        "Lon": 20.9454,
        "Time": "2017-05-14 00:03:23",
        "Lines": "10",
        "Lat": 52.2271,
        "Brigade": "1"
      },
      {
        "Lon": 20.9471,
        "Time": "2017-05-14 00:03:33",
        "Lines": "10",
        "Lat": 52.2278,
        "Brigade": "1"
      },
      {
        "Lon": 20.9487,
        "Time": "2017-05-14 00:03:43",
        "Lines": "10",
        "Lat": 52.2286,
        "Brigade": "1"
      },
      {
        "Lon": 20.9495,
        "Time": "2017-05-14 00:03:53",
        "Lines": "10",
        "Lat": 52.2289,
        "Brigade": "1"
      },
      {
        "Lon": 20.9501,
        "Time": "2017-05-14 00:04:03",
        "Lines": "10",
        "Lat": 52.2292,
        "Brigade": "1"
      },
      {
        "Lon": 20.9517,
        "Time": "2017-05-14 00:04:18",
        "Lines": "10",
        "Lat": 52.2296,
        "Brigade": "1"
      },
      {
        "Lon": 20.9517,
        "Time": "2017-05-14 00:04:28",
        "Lines": "10",
        "Lat": 52.2296,
        "Brigade": "1"
      },
      {
        "Lon": 20.9521,
        "Time": "2017-05-14 00:04:38",
        "Lines": "10",
        "Lat": 52.2298,
        "Brigade": "1"
      },
      {
        "Lon": 20.9538,
        "Time": "2017-05-14 00:04:48",
        "Lines": "10",
        "Lat": 52.2303,
        "Brigade": "1"
      },
      {
        "Lon": 20.9554,
        "Time": "2017-05-14 00:04:58",
        "Lines": "10",
        "Lat": 52.2308,
        "Brigade": "1"
      },
      {
        "Lon": 20.9557,
        "Time": "2017-05-14 00:05:13",
        "Lines": "10",
        "Lat": 52.2309,
        "Brigade": "1"
      },
      {
        "Lon": 20.9557,
        "Time": "2017-05-14 00:05:23",
        "Lines": "10",
        "Lat": 52.2309,
        "Brigade": "1"
      },
      {
        "Lon": 20.9557,
        "Time": "2017-05-14 00:05:33",
        "Lines": "10",
        "Lat": 52.2309,
        "Brigade": "1"
      },
      {
        "Lon": 20.9557,
        "Time": "2017-05-14 00:05:43",
        "Lines": "10",
        "Lat": 52.2309,
        "Brigade": "1"
      },
      {
        "Lon": 20.9557,
        "Time": "2017-05-14 00:05:53",
        "Lines": "10",
        "Lat": 52.2309,
        "Brigade": "1"
      },
      {
        "Lon": 20.9557,
        "Time": "2017-05-14 00:06:08",
        "Lines": "10",
        "Lat": 52.2309,
        "Brigade": "1"
      },
      {
        "Lon": 20.9559,
        "Time": "2017-05-14 00:06:18",
        "Lines": "10",
        "Lat": 52.2309,
        "Brigade": "1"
      },
      {
        "Lon": 20.9572,
        "Time": "2017-05-14 00:06:28",
        "Lines": "10",
        "Lat": 52.2313,
        "Brigade": "1"
      },
      {
        "Lon": 20.9588,
        "Time": "2017-05-14 00:06:38",
        "Lines": "10",
        "Lat": 52.2317,
        "Brigade": "1"
      },
      {
        "Lon": 20.9603,
        "Time": "2017-05-14 00:06:48",
        "Lines": "10",
        "Lat": 52.2322,
        "Brigade": "1"
      },
      {
        "Lon": 20.9606,
        "Time": "2017-05-14 00:07:03",
        "Lines": "10",
        "Lat": 52.2323,
        "Brigade": "1"
      },
      {
        "Lon": 20.9606,
        "Time": "2017-05-14 00:07:13",
        "Lines": "10",
        "Lat": 52.2323,
        "Brigade": "1"
      },
      {
        "Lon": 20.9621,
        "Time": "2017-05-14 00:07:23",
        "Lines": "10",
        "Lat": 52.2327,
        "Brigade": "1"
      },
      {
        "Lon": 20.9651,
        "Time": "2017-05-14 00:07:38",
        "Lines": "10",
        "Lat": 52.2333,
        "Brigade": "1"
      },
      {
        "Lon": 20.9656,
        "Time": "2017-05-14 00:07:49",
        "Lines": "10",
        "Lat": 52.2334,
        "Brigade": "1"
      },
      {
        "Lon": 20.9656,
        "Time": "2017-05-14 00:07:58",
        "Lines": "10",
        "Lat": 52.2335,
        "Brigade": "1"
      },
      {
        "Lon": 20.9656,
        "Time": "2017-05-14 00:08:03",
        "Lines": "10",
        "Lat": 52.2335,
        "Brigade": "1"
      },
      {
        "Lon": 20.9656,
        "Time": "2017-05-14 00:08:18",
        "Lines": "10",
        "Lat": 52.2334,
        "Brigade": "1"
      }
    ]
  }
]
