[
  {
    "res": [
      {
        "Lon": 20.9095,
        "Time": "2017-05-14 00:00:02",
        "Lines": "10",
        "Lat": 52.2389,
        "Brigade": "3"
      },
      {
        "Lon": 20.9112,
        "Time": "2017-05-14 00:00:12",
        "Lines": "10",
        "Lat": 52.239,
        "Brigade": "3"
      },
      {
        "Lon": 20.9123,
        "Time": "2017-05-14 00:00:23",
        "Lines": "10",
        "Lat": 52.239,
        "Brigade": "3"
      },
      {
        "Lon": 20.9126,
        "Time": "2017-05-14 00:00:38",
        "Lines": "10",
        "Lat": 52.2391,
        "Brigade": "3"
      },
      {
        "Lon": 20.9126,
        "Time": "2017-05-14 00:00:49",
        "Lines": "10",
        "Lat": 52.2391,
        "Brigade": "3"
      },
      {
        "Lon": 20.9126,
        "Time": "2017-05-14 00:00:59",
        "Lines": "10",
        "Lat": 52.2391,
        "Brigade": "3"
      },
      {
        "Lon": 20.9126,
        "Time": "2017-05-14 00:01:10",
        "Lines": "10",
        "Lat": 52.2391,
        "Brigade": "3"
      },
      {
        "Lon": 20.9126,
        "Time": "2017-05-14 00:01:20",
        "Lines": "10",
        "Lat": 52.2391,
        "Brigade": "3"
      },
      {
        "Lon": 20.9126,
        "Time": "2017-05-14 00:01:31",
        "Lines": "10",
        "Lat": 52.2391,
        "Brigade": "3"
      },
      {
        "Lon": 20.9126,
        "Time": "2017-05-14 00:01:41",
        "Lines": "10",
        "Lat": 52.2391,
        "Brigade": "3"
      },
      {
        "Lon": 20.9126,
        "Time": "2017-05-14 00:01:52",
        "Lines": "10",
        "Lat": 52.2391,
        "Brigade": "3"
      },
      {
        "Lon": 20.9126,
        "Time": "2017-05-14 00:02:02",
        "Lines": "10",
        "Lat": 52.2391,
        "Brigade": "3"
      },
      {
        "Lon": 20.9126,
        "Time": "2017-05-14 00:02:13",
        "Lines": "10",
        "Lat": 52.2391,
        "Brigade": "3"
      },
      {
        "Lon": 20.9133,
        "Time": "2017-05-14 00:02:24",
        "Lines": "10",
        "Lat": 52.2385,
        "Brigade": "3"
      },
      {
        "Lon": 20.9135,
        "Time": "2017-05-14 00:02:50",
        "Lines": "10",
        "Lat": 52.2381,
        "Brigade": "3"
      },
      {
        "Lon": 20.9138,
        "Time": "2017-05-14 00:03:00",
        "Lines": "10",
        "Lat": 52.2372,
        "Brigade": "3"
      },
      {
        "Lon": 20.9139,
        "Time": "2017-05-14 00:03:11",
        "Lines": "10",
        "Lat": 52.2368,
        "Brigade": "3"
      },
      {
        "Lon": 20.9143,
        "Time": "2017-05-14 00:03:21",
        "Lines": "10",
        "Lat": 52.2356,
        "Brigade": "3"
      },
      {
        "Lon": 20.9144,
        "Time": "2017-05-14 00:03:32",
        "Lines": "10",
        "Lat": 52.2353,
        "Brigade": "3"
      },
      {
        "Lon": 20.9144,
        "Time": "2017-05-14 00:03:42",
        "Lines": "10",
        "Lat": 52.2353,
        "Brigade": "3"
      },
      {
        "Lon": 20.9147,
        "Time": "2017-05-14 00:03:53",
        "Lines": "10",
        "Lat": 52.2345,
        "Brigade": "3"
      },
      {
        "Lon": 20.9148,
        "Time": "2017-05-14 00:04:04",
        "Lines": "10",
        "Lat": 52.233,
        "Brigade": "3"
      },
      {
        "Lon": 20.9149,
        "Time": "2017-05-14 00:04:14",
        "Lines": "10",
        "Lat": 52.2316,
        "Brigade": "3"
      },
      {
        "Lon": 20.915,
        "Time": "2017-05-14 00:04:24",
        "Lines": "10",
        "Lat": 52.2302,
        "Brigade": "3"
      },
      {
        "Lon": 20.9152,
        "Time": "2017-05-14 00:04:40",
        "Lines": "10",
        "Lat": 52.2294,
        "Brigade": "3"
      },
      {
        "Lon": 20.9152,
        "Time": "2017-05-14 00:04:50",
        "Lines": "10",
        "Lat": 52.2293,
        "Brigade": "3"
      },
      {
        "Lon": 20.9155,
        "Time": "2017-05-14 00:05:01",
        "Lines": "10",
        "Lat": 52.2285,
        "Brigade": "3"
      },
      {
        "Lon": 20.9159,
        "Time": "2017-05-14 00:05:11",
        "Lines": "10",
        "Lat": 52.2271,
        "Brigade": "3"
      },
      {
        "Lon": 20.9162,
        "Time": "2017-05-14 00:05:22",
        "Lines": "10",
        "Lat": 52.2257,
        "Brigade": "3"
      },
      {
        "Lon": 20.9163,
        "Time": "2017-05-14 00:05:32",
        "Lines": "10",
        "Lat": 52.2254,
        "Brigade": "3"
      },
      {
        "Lon": 20.9163,
        "Time": "2017-05-14 00:05:43",
        "Lines": "10",
        "Lat": 52.2254,
        "Brigade": "3"
      },
      {
        "Lon": 20.9164,
        "Time": "2017-05-14 00:05:53",
        "Lines": "10",
        "Lat": 52.2251,
        "Brigade": "3"
      },
      {
        "Lon": 20.9167,
        "Time": "2017-05-14 00:06:04",
        "Lines": "10",
        "Lat": 52.224,
        "Brigade": "3"
      },
      {
        "Lon": 20.9169,
        "Time": "2017-05-14 00:06:19",
        "Lines": "10",
        "Lat": 52.2217,
        "Brigade": "3"
      },
      {
        "Lon": 20.9168,
        "Time": "2017-05-14 00:06:25",
        "Lines": "10",
        "Lat": 52.2212,
        "Brigade": "3"
      },
      {
        "Lon": 20.9179,
        "Time": "2017-05-14 00:06:40",
        "Lines": "10",
        "Lat": 52.2208,
        "Brigade": "3"
      },
      {
        "Lon": 20.9186,
        "Time": "2017-05-14 00:06:51",
        "Lines": "10",
        "Lat": 52.221,
        "Brigade": "3"
      },
      {
        "Lon": 20.9186,
        "Time": "2017-05-14 00:07:02",
        "Lines": "10",
        "Lat": 52.221,
        "Brigade": "3"
      },
      {
        "Lon": 20.9198,
        "Time": "2017-05-14 00:07:13",
        "Lines": "10",
        "Lat": 52.2212,
        "Brigade": "3"
      },
      {
        "Lon": 20.9219,
        "Time": "2017-05-14 00:07:23",
        "Lines": "10",
        "Lat": 52.2217,
        "Brigade": "3"
      },
      {
        "Lon": 20.9275,
        "Time": "2017-05-14 00:07:49",
        "Lines": "10",
        "Lat": 52.2231,
        "Brigade": "3"
      },
      {
        "Lon": 20.9293,
        "Time": "2017-05-14 00:07:59",
        "Lines": "10",
        "Lat": 52.2235,
        "Brigade": "3"
      },
      {
        "Lon": 20.9295,
        "Time": "2017-05-14 00:08:10",
        "Lines": "10",
        "Lat": 52.2235,
        "Brigade": "3"
      },
      {
        "Lon": 20.9295,
        "Time": "2017-05-14 00:08:20",
        "Lines": "10",
        "Lat": 52.2235,
        "Brigade": "3"
      },
      {
        "Lon": 20.9295,
        "Time": "2017-05-14 00:08:31",
        "Lines": "10",
        "Lat": 52.2235,
        "Brigade": "3"
      },
      {
        "Lon": 20.9295,
        "Time": "2017-05-14 00:08:41",
        "Lines": "10",
        "Lat": 52.2235,
        "Brigade": "3"
      },
      {
        "Lon": 20.9297,
        "Time": "2017-05-14 00:08:51",
        "Lines": "10",
        "Lat": 52.2235,
        "Brigade": "3"
      },
      {
        "Lon": 20.9321,
        "Time": "2017-05-14 00:09:07",
        "Lines": "10",
        "Lat": 52.2241,
        "Brigade": "3"
      },
      {
        "Lon": 20.934,
        "Time": "2017-05-14 00:09:19",
        "Lines": "10",
        "Lat": 52.2247,
        "Brigade": "3"
      },
      {
        "Lon": 20.9359,
        "Time": "2017-05-14 00:09:28",
        "Lines": "10",
        "Lat": 52.2253,
        "Brigade": "3"
      },
      {
        "Lon": 20.9372,
        "Time": "2017-05-14 00:09:39",
        "Lines": "10",
        "Lat": 52.2257,
        "Brigade": "3"
      },
      {
        "Lon": 20.9372,
        "Time": "2017-05-14 00:09:49",
        "Lines": "10",
        "Lat": 52.2257,
        "Brigade": "3"
      },
      {
        "Lon": 20.9378,
        "Time": "2017-05-14 00:10:00",
        "Lines": "10",
        "Lat": 52.2258,
        "Brigade": "3"
      },
      {
        "Lon": 20.9397,
        "Time": "2017-05-14 00:10:10",
        "Lines": "10",
        "Lat": 52.2261,
        "Brigade": "3"
      },
      {
        "Lon": 20.9416,
        "Time": "2017-05-14 00:10:21",
        "Lines": "10",
        "Lat": 52.2265,
        "Brigade": "3"
      },
      {
        "Lon": 20.9423,
        "Time": "2017-05-14 00:10:36",
        "Lines": "10",
        "Lat": 52.2266,
        "Brigade": "3"
      },
      {
        "Lon": 20.9423,
        "Time": "2017-05-14 00:10:47",
        "Lines": "10",
        "Lat": 52.2266,
        "Brigade": "3"
      },
      {
        "Lon": 20.9431,
        "Time": "2017-05-14 00:10:57",
        "Lines": "10",
        "Lat": 52.2267,
        "Brigade": "3"
      },
      {
        "Lon": 20.9447,
        "Time": "2017-05-14 00:11:08",
        "Lines": "10",
        "Lat": 52.2269,
        "Brigade": "3"
      },
      {
        "Lon": 20.9464,
        "Time": "2017-05-14 00:11:18",
        "Lines": "10",
        "Lat": 52.2277,
        "Brigade": "3"
      },
      {
        "Lon": 20.9483,
        "Time": "2017-05-14 00:11:29",
        "Lines": "10",
        "Lat": 52.2285,
        "Brigade": "3"
      },
      {
        "Lon": 20.9491,
        "Time": "2017-05-14 00:11:35",
        "Lines": "10",
        "Lat": 52.2289,
        "Brigade": "3"
      },
      {
        "Lon": 20.9494,
        "Time": "2017-05-14 00:11:50",
        "Lines": "10",
        "Lat": 52.229,
        "Brigade": "3"
      },
      {
        "Lon": 20.9494,
        "Time": "2017-05-14 00:12:00",
        "Lines": "10",
        "Lat": 52.229,
        "Brigade": "3"
      },
      {
        "Lon": 20.9503,
        "Time": "2017-05-14 00:12:11",
        "Lines": "10",
        "Lat": 52.2293,
        "Brigade": "3"
      },
      {
        "Lon": 20.9518,
        "Time": "2017-05-14 00:12:27",
        "Lines": "10",
        "Lat": 52.2297,
        "Brigade": "3"
      },
      {
        "Lon": 20.9518,
        "Time": "2017-05-14 00:12:37",
        "Lines": "10",
        "Lat": 52.2297,
        "Brigade": "3"
      },
      {
        "Lon": 20.953,
        "Time": "2017-05-14 00:12:48",
        "Lines": "10",
        "Lat": 52.2301,
        "Brigade": "3"
      },
      {
        "Lon": 20.9549,
        "Time": "2017-05-14 00:12:58",
        "Lines": "10",
        "Lat": 52.2307,
        "Brigade": "3"
      },
      {
        "Lon": 20.9557,
        "Time": "2017-05-14 00:13:09",
        "Lines": "10",
        "Lat": 52.2309,
        "Brigade": "3"
      },
      {
        "Lon": 20.9557,
        "Time": "2017-05-14 00:13:19",
        "Lines": "10",
        "Lat": 52.2309,
        "Brigade": "3"
      },
      {
        "Lon": 20.9557,
        "Time": "2017-05-14 00:13:30",
        "Lines": "10",
        "Lat": 52.2309,
        "Brigade": "3"
      },
      {
        "Lon": 20.9564,
        "Time": "2017-05-14 00:13:45",
        "Lines": "10",
        "Lat": 52.2311,
        "Brigade": "3"
      },
      {
        "Lon": 20.9583,
        "Time": "2017-05-14 00:13:56",
        "Lines": "10",
        "Lat": 52.2317,
        "Brigade": "3"
      },
      {
        "Lon": 20.96,
        "Time": "2017-05-14 00:14:06",
        "Lines": "10",
        "Lat": 52.2322,
        "Brigade": "3"
      },
      {
        "Lon": 20.9605,
        "Time": "2017-05-14 00:14:17",
        "Lines": "10",
        "Lat": 52.2323,
        "Brigade": "3"
      },
      {
        "Lon": 20.9605,
        "Time": "2017-05-14 00:14:27",
        "Lines": "10",
        "Lat": 52.2323,
        "Brigade": "3"
      },
      {
        "Lon": 20.9609,
        "Time": "2017-05-14 00:14:38",
        "Lines": "10",
        "Lat": 52.2325,
        "Brigade": "3"
      },
      {
        "Lon": 20.9626,
        "Time": "2017-05-14 00:14:48",
        "Lines": "10",
        "Lat": 52.233,
        "Brigade": "3"
      },
      {
        "Lon": 20.965,
        "Time": "2017-05-14 00:14:59",
        "Lines": "10",
        "Lat": 52.2334,
        "Brigade": "3"
      },
      {
        "Lon": 20.9674,
        "Time": "2017-05-14 00:15:14",
        "Lines": "10",
        "Lat": 52.2337,
        "Brigade": "3"
      },
      {
        "Lon": 20.9674,
        "Time": "2017-05-14 00:15:25",
        "Lines": "10",
        "Lat": 52.2337,
        "Brigade": "3"
      },
      {
        "Lon": 20.9676,
        "Time": "2017-05-14 00:15:35",
        "Lines": "10",
        "Lat": 52.2338,
        "Brigade": "3"
      },
      {
        "Lon": 20.9683,
        "Time": "2017-05-14 00:15:46",
        "Lines": "10",
        "Lat": 52.2336,
        "Brigade": "3"
      },
      {
        "Lon": 20.9686,
        "Time": "2017-05-14 00:15:57",
        "Lines": "10",
        "Lat": 52.2326,
        "Brigade": "3"
      },
      {
        "Lon": 20.9689,
        "Time": "2017-05-14 00:16:17",
        "Lines": "10",
        "Lat": 52.2317,
        "Brigade": "3"
      },
      {
        "Lon": 20.969,
        "Time": "2017-05-14 00:16:33",
        "Lines": "10",
        "Lat": 52.2315,
        "Brigade": "3"
      },
      {
        "Lon": 20.9695,
        "Time": "2017-05-14 00:16:44",
        "Lines": "10",
        "Lat": 52.2315,
        "Brigade": "3"
      },
      {
        "Lon": 20.9699,
        "Time": "2017-05-14 00:17:05",
        "Lines": "10",
        "Lat": 52.2316,
        "Brigade": "3"
      },
      {
        "Lon": 20.9699,
        "Time": "2017-05-14 00:17:15",
        "Lines": "10",
        "Lat": 52.2316,
        "Brigade": "3"
      },
      {
        "Lon": 20.9699,
        "Time": "2017-05-14 00:17:26",
        "Lines": "10",
        "Lat": 52.2316,
        "Brigade": "3"
      },
      {
        "Lon": 20.9699,
        "Time": "2017-05-14 00:17:36",
        "Lines": "10",
        "Lat": 52.2316,
        "Brigade": "3"
      },
      {
        "Lon": 20.9699,
        "Time": "2017-05-14 00:17:52",
        "Lines": "10",
        "Lat": 52.2316,
        "Brigade": "3"
      },
      {
        "Lon": 20.9699,
        "Time": "2017-05-14 00:17:57",
        "Lines": "10",
        "Lat": 52.2316,
        "Brigade": "3"
      },
      {
        "Lon": 20.9699,
        "Time": "2017-05-14 00:18:13",
        "Lines": "10",
        "Lat": 52.2316,
        "Brigade": "3"
      }
    ]
  }
]
