[
  {
    "res": [
      {
        "Lon": 21.0198,
        "Time": "2017-05-14 00:00:01",
        "Lines": "15",
        "Lat": 52.2168,
        "Brigade": "4"
      },
      {
        "Lon": 21.0203,
        "Time": "2017-05-14 00:00:17",
        "Lines": "15",
        "Lat": 52.2161,
        "Brigade": "4"
      },
      {
        "Lon": 21.021,
        "Time": "2017-05-14 00:00:27",
        "Lines": "15",
        "Lat": 52.2148,
        "Brigade": "4"
      },
      {
        "Lon": 21.0213,
        "Time": "2017-05-14 00:00:38",
        "Lines": "15",
        "Lat": 52.2142,
        "Brigade": "4"
      },
      {
        "Lon": 21.0213,
        "Time": "2017-05-14 00:00:48",
        "Lines": "15",
        "Lat": 52.2142,
        "Brigade": "4"
      },
      {
        "Lon": 21.0213,
        "Time": "2017-05-14 00:00:59",
        "Lines": "15",
        "Lat": 52.2142,
        "Brigade": "4"
      },
      {
        "Lon": 21.0213,
        "Time": "2017-05-14 00:01:09",
        "Lines": "15",
        "Lat": 52.2142,
        "Brigade": "4"
      },
      {
        "Lon": 21.0213,
        "Time": "2017-05-14 00:01:20",
        "Lines": "15",
        "Lat": 52.2142,
        "Brigade": "4"
      },
      {
        "Lon": 21.0213,
        "Time": "2017-05-14 00:01:30",
        "Lines": "15",
        "Lat": 52.2142,
        "Brigade": "4"
      },
      {
        "Lon": 21.0215,
        "Time": "2017-05-14 00:01:41",
        "Lines": "15",
        "Lat": 52.2139,
        "Brigade": "4"
      },
      {
        "Lon": 21.0211,
        "Time": "2017-05-14 00:01:51",
        "Lines": "15",
        "Lat": 52.2129,
        "Brigade": "4"
      },
      {
        "Lon": 21.0207,
        "Time": "2017-05-14 00:02:02",
        "Lines": "15",
        "Lat": 52.2121,
        "Brigade": "4"
      },
      {
        "Lon": 21.0206,
        "Time": "2017-05-14 00:02:17",
        "Lines": "15",
        "Lat": 52.212,
        "Brigade": "4"
      },
      {
        "Lon": 21.0206,
        "Time": "2017-05-14 00:02:23",
        "Lines": "15",
        "Lat": 52.212,
        "Brigade": "4"
      },
      {
        "Lon": 21.0206,
        "Time": "2017-05-14 00:02:38",
        "Lines": "15",
        "Lat": 52.212,
        "Brigade": "4"
      },
      {
        "Lon": 21.0205,
        "Time": "2017-05-14 00:02:49",
        "Lines": "15",
        "Lat": 52.2116,
        "Brigade": "4"
      },
      {
        "Lon": 21.0209,
        "Time": "2017-05-14 00:02:59",
        "Lines": "15",
        "Lat": 52.2105,
        "Brigade": "4"
      },
      {
        "Lon": 21.0213,
        "Time": "2017-05-14 00:03:10",
        "Lines": "15",
        "Lat": 52.2094,
        "Brigade": "4"
      },
      {
        "Lon": 21.0215,
        "Time": "2017-05-14 00:03:20",
        "Lines": "15",
        "Lat": 52.209,
        "Brigade": "4"
      },
      {
        "Lon": 21.0215,
        "Time": "2017-05-14 00:03:31",
        "Lines": "15",
        "Lat": 52.209,
        "Brigade": "4"
      },
      {
        "Lon": 21.0218,
        "Time": "2017-05-14 00:03:42",
        "Lines": "15",
        "Lat": 52.2081,
        "Brigade": "4"
      },
      {
        "Lon": 21.022,
        "Time": "2017-05-14 00:03:50",
        "Lines": "15",
        "Lat": 52.2075,
        "Brigade": "4"
      },
      {
        "Lon": 21.0228,
        "Time": "2017-05-14 00:04:04",
        "Lines": "15",
        "Lat": 52.2057,
        "Brigade": "4"
      },
      {
        "Lon": 21.0229,
        "Time": "2017-05-14 00:04:18",
        "Lines": "15",
        "Lat": 52.2048,
        "Brigade": "4"
      },
      {
        "Lon": 21.0229,
        "Time": "2017-05-14 00:04:28",
        "Lines": "15",
        "Lat": 52.2047,
        "Brigade": "4"
      },
      {
        "Lon": 21.0232,
        "Time": "2017-05-14 00:04:39",
        "Lines": "15",
        "Lat": 52.2037,
        "Brigade": "4"
      },
      {
        "Lon": 21.0234,
        "Time": "2017-05-14 00:04:49",
        "Lines": "15",
        "Lat": 52.2025,
        "Brigade": "4"
      },
      {
        "Lon": 21.0234,
        "Time": "2017-05-14 00:05:00",
        "Lines": "15",
        "Lat": 52.2022,
        "Brigade": "4"
      },
      {
        "Lon": 21.0234,
        "Time": "2017-05-14 00:05:10",
        "Lines": "15",
        "Lat": 52.2021,
        "Brigade": "4"
      },
      {
        "Lon": 21.0234,
        "Time": "2017-05-14 00:05:21",
        "Lines": "15",
        "Lat": 52.202,
        "Brigade": "4"
      },
      {
        "Lon": 21.0236,
        "Time": "2017-05-14 00:05:31",
        "Lines": "15",
        "Lat": 52.2012,
        "Brigade": "4"
      },
      {
        "Lon": 21.0237,
        "Time": "2017-05-14 00:05:42",
        "Lines": "15",
        "Lat": 52.2005,
        "Brigade": "4"
      },
      {
        "Lon": 21.0237,
        "Time": "2017-05-14 00:05:52",
        "Lines": "15",
        "Lat": 52.2003,
        "Brigade": "4"
      },
      {
        "Lon": 21.0237,
        "Time": "2017-05-14 00:06:08",
        "Lines": "15",
        "Lat": 52.2003,
        "Brigade": "4"
      },
      {
        "Lon": 21.0237,
        "Time": "2017-05-14 00:06:19",
        "Lines": "15",
        "Lat": 52.2002,
        "Brigade": "4"
      },
      {
        "Lon": 21.0239,
        "Time": "2017-05-14 00:06:29",
        "Lines": "15",
        "Lat": 52.1992,
        "Brigade": "4"
      },
      {
        "Lon": 21.024,
        "Time": "2017-05-14 00:06:39",
        "Lines": "15",
        "Lat": 52.1979,
        "Brigade": "4"
      },
      {
        "Lon": 21.0241,
        "Time": "2017-05-14 00:06:50",
        "Lines": "15",
        "Lat": 52.1974,
        "Brigade": "4"
      },
      {
        "Lon": 21.0241,
        "Time": "2017-05-14 00:07:00",
        "Lines": "15",
        "Lat": 52.1974,
        "Brigade": "4"
      },
      {
        "Lon": 21.0241,
        "Time": "2017-05-14 00:07:11",
        "Lines": "15",
        "Lat": 52.1974,
        "Brigade": "4"
      },
      {
        "Lon": 21.0241,
        "Time": "2017-05-14 00:07:27",
        "Lines": "15",
        "Lat": 52.1968,
        "Brigade": "4"
      },
      {
        "Lon": 21.0241,
        "Time": "2017-05-14 00:07:37",
        "Lines": "15",
        "Lat": 52.1965,
        "Brigade": "4"
      },
      {
        "Lon": 21.0242,
        "Time": "2017-05-14 00:07:48",
        "Lines": "15",
        "Lat": 52.196,
        "Brigade": "4"
      },
      {
        "Lon": 21.0242,
        "Time": "2017-05-14 00:07:58",
        "Lines": "15",
        "Lat": 52.1949,
        "Brigade": "4"
      },
      {
        "Lon": 21.0243,
        "Time": "2017-05-14 00:08:09",
        "Lines": "15",
        "Lat": 52.194,
        "Brigade": "4"
      },
      {
        "Lon": 21.0243,
        "Time": "2017-05-14 00:08:19",
        "Lines": "15",
        "Lat": 52.1939,
        "Brigade": "4"
      },
      {
        "Lon": 21.0244,
        "Time": "2017-05-14 00:08:30",
        "Lines": "15",
        "Lat": 52.1928,
        "Brigade": "4"
      },
      {
        "Lon": 21.0244,
        "Time": "2017-05-14 00:08:40",
        "Lines": "15",
        "Lat": 52.1913,
        "Brigade": "4"
      },
      {
        "Lon": 21.0245,
        "Time": "2017-05-14 00:08:51",
        "Lines": "15",
        "Lat": 52.1904,
        "Brigade": "4"
      },
      {
        "Lon": 21.0245,
        "Time": "2017-05-14 00:09:06",
        "Lines": "15",
        "Lat": 52.1902,
        "Brigade": "4"
      },
      {
        "Lon": 21.0245,
        "Time": "2017-05-14 00:09:17",
        "Lines": "15",
        "Lat": 52.1902,
        "Brigade": "4"
      },
      {
        "Lon": 21.0245,
        "Time": "2017-05-14 00:09:27",
        "Lines": "15",
        "Lat": 52.1902,
        "Brigade": "4"
      },
      {
        "Lon": 21.0245,
        "Time": "2017-05-14 00:09:38",
        "Lines": "15",
        "Lat": 52.1902,
        "Brigade": "4"
      },
      {
        "Lon": 21.0245,
        "Time": "2017-05-14 00:09:48",
        "Lines": "15",
        "Lat": 52.1902,
        "Brigade": "4"
      },
      {
        "Lon": 21.0245,
        "Time": "2017-05-14 00:09:59",
        "Lines": "15",
        "Lat": 52.19,
        "Brigade": "4"
      },
      {
        "Lon": 21.0239,
        "Time": "2017-05-14 00:10:09",
        "Lines": "15",
        "Lat": 52.1898,
        "Brigade": "4"
      },
      {
        "Lon": 21.0231,
        "Time": "2017-05-14 00:10:23",
        "Lines": "15",
        "Lat": 52.1898,
        "Brigade": "4"
      },
      {
        "Lon": 21.0228,
        "Time": "2017-05-14 00:10:36",
        "Lines": "15",
        "Lat": 52.1898,
        "Brigade": "4"
      },
      {
        "Lon": 21.0223,
        "Time": "2017-05-14 00:10:46",
        "Lines": "15",
        "Lat": 52.1897,
        "Brigade": "4"
      },
      {
        "Lon": 21.0217,
        "Time": "2017-05-14 00:10:57",
        "Lines": "15",
        "Lat": 52.1896,
        "Brigade": "4"
      },
      {
        "Lon": 21.0209,
        "Time": "2017-05-14 00:11:07",
        "Lines": "15",
        "Lat": 52.1896,
        "Brigade": "4"
      },
      {
        "Lon": 21.0203,
        "Time": "2017-05-14 00:11:17",
        "Lines": "15",
        "Lat": 52.1895,
        "Brigade": "4"
      },
      {
        "Lon": 21.0197,
        "Time": "2017-05-14 00:11:28",
        "Lines": "15",
        "Lat": 52.1894,
        "Brigade": "4"
      },
      {
        "Lon": 21.0191,
        "Time": "2017-05-14 00:11:38",
        "Lines": "15",
        "Lat": 52.1893,
        "Brigade": "4"
      },
      {
        "Lon": 21.0185,
        "Time": "2017-05-14 00:11:50",
        "Lines": "15",
        "Lat": 52.1892,
        "Brigade": "4"
      },
      {
        "Lon": 21.0183,
        "Time": "2017-05-14 00:12:05",
        "Lines": "15",
        "Lat": 52.1892,
        "Brigade": "4"
      },
      {
        "Lon": 21.0182,
        "Time": "2017-05-14 00:12:15",
        "Lines": "15",
        "Lat": 52.1892,
        "Brigade": "4"
      }
    ]
  }
]
