[
  {
    "res": [
      {
        "Lon": 21.0225,
        "Time": "2017-05-14 00:00:02",
        "Lines": "15",
        "Lat": 52.2064,
        "Brigade": "9"
      },
      {
        "Lon": 21.023,
        "Time": "2017-05-14 00:00:17",
        "Lines": "15",
        "Lat": 52.2049,
        "Brigade": "9"
      },
      {
        "Lon": 21.023,
        "Time": "2017-05-14 00:00:27",
        "Lines": "15",
        "Lat": 52.2047,
        "Brigade": "9"
      },
      {
        "Lon": 21.023,
        "Time": "2017-05-14 00:00:37",
        "Lines": "15",
        "Lat": 52.2047,
        "Brigade": "9"
      },
      {
        "Lon": 21.0232,
        "Time": "2017-05-14 00:00:47",
        "Lines": "15",
        "Lat": 52.204,
        "Brigade": "9"
      },
      {
        "Lon": 21.0234,
        "Time": "2017-05-14 00:00:59",
        "Lines": "15",
        "Lat": 52.2025,
        "Brigade": "9"
      },
      {
        "Lon": 21.0235,
        "Time": "2017-05-14 00:01:09",
        "Lines": "15",
        "Lat": 52.2021,
        "Brigade": "9"
      },
      {
        "Lon": 21.0235,
        "Time": "2017-05-14 00:01:19",
        "Lines": "15",
        "Lat": 52.2019,
        "Brigade": "9"
      },
      {
        "Lon": 21.0237,
        "Time": "2017-05-14 00:01:29",
        "Lines": "15",
        "Lat": 52.2011,
        "Brigade": "9"
      },
      {
        "Lon": 21.0239,
        "Time": "2017-05-14 00:01:44",
        "Lines": "15",
        "Lat": 52.1999,
        "Brigade": "9"
      },
      {
        "Lon": 21.0239,
        "Time": "2017-05-14 00:01:54",
        "Lines": "15",
        "Lat": 52.1995,
        "Brigade": "9"
      },
      {
        "Lon": 21.0241,
        "Time": "2017-05-14 00:02:04",
        "Lines": "15",
        "Lat": 52.1976,
        "Brigade": "9"
      },
      {
        "Lon": 21.0242,
        "Time": "2017-05-14 00:02:14",
        "Lines": "15",
        "Lat": 52.1969,
        "Brigade": "9"
      },
      {
        "Lon": 21.0242,
        "Time": "2017-05-14 00:02:26",
        "Lines": "15",
        "Lat": 52.1964,
        "Brigade": "9"
      },
      {
        "Lon": 21.0243,
        "Time": "2017-05-14 00:02:39",
        "Lines": "15",
        "Lat": 52.196,
        "Brigade": "9"
      },
      {
        "Lon": 21.0243,
        "Time": "2017-05-14 00:02:50",
        "Lines": "15",
        "Lat": 52.195,
        "Brigade": "9"
      },
      {
        "Lon": 21.0244,
        "Time": "2017-05-14 00:03:00",
        "Lines": "15",
        "Lat": 52.1942,
        "Brigade": "9"
      },
      {
        "Lon": 21.0244,
        "Time": "2017-05-14 00:03:10",
        "Lines": "15",
        "Lat": 52.194,
        "Brigade": "9"
      },
      {
        "Lon": 21.0244,
        "Time": "2017-05-14 00:03:22",
        "Lines": "15",
        "Lat": 52.1932,
        "Brigade": "9"
      },
      {
        "Lon": 21.0245,
        "Time": "2017-05-14 00:03:30",
        "Lines": "15",
        "Lat": 52.1922,
        "Brigade": "9"
      },
      {
        "Lon": 21.0246,
        "Time": "2017-05-14 00:03:45",
        "Lines": "15",
        "Lat": 52.1907,
        "Brigade": "9"
      },
      {
        "Lon": 21.0246,
        "Time": "2017-05-14 00:03:56",
        "Lines": "15",
        "Lat": 52.1904,
        "Brigade": "9"
      },
      {
        "Lon": 21.0246,
        "Time": "2017-05-14 00:04:06",
        "Lines": "15",
        "Lat": 52.1904,
        "Brigade": "9"
      },
      {
        "Lon": 21.0246,
        "Time": "2017-05-14 00:04:16",
        "Lines": "15",
        "Lat": 52.1902,
        "Brigade": "9"
      },
      {
        "Lon": 21.0246,
        "Time": "2017-05-14 00:04:26",
        "Lines": "15",
        "Lat": 52.1901,
        "Brigade": "9"
      },
      {
        "Lon": 21.0246,
        "Time": "2017-05-14 00:04:36",
        "Lines": "15",
        "Lat": 52.1901,
        "Brigade": "9"
      },
      {
        "Lon": 21.0246,
        "Time": "2017-05-14 00:04:51",
        "Lines": "15",
        "Lat": 52.1901,
        "Brigade": "9"
      },
      {
        "Lon": 21.0246,
        "Time": "2017-05-14 00:05:01",
        "Lines": "15",
        "Lat": 52.1901,
        "Brigade": "9"
      },
      {
        "Lon": 21.0246,
        "Time": "2017-05-14 00:05:11",
        "Lines": "15",
        "Lat": 52.1901,
        "Brigade": "9"
      },
      {
        "Lon": 21.0246,
        "Time": "2017-05-14 00:05:21",
        "Lines": "15",
        "Lat": 52.1901,
        "Brigade": "9"
      },
      {
        "Lon": 21.0246,
        "Time": "2017-05-14 00:05:31",
        "Lines": "15",
        "Lat": 52.1901,
        "Brigade": "9"
      },
      {
        "Lon": 21.0242,
        "Time": "2017-05-14 00:05:45",
        "Lines": "15",
        "Lat": 52.1897,
        "Brigade": "9"
      },
      {
        "Lon": 21.0233,
        "Time": "2017-05-14 00:05:56",
        "Lines": "15",
        "Lat": 52.1897,
        "Brigade": "9"
      },
      {
        "Lon": 21.023,
        "Time": "2017-05-14 00:06:06",
        "Lines": "15",
        "Lat": 52.1897,
        "Brigade": "9"
      },
      {
        "Lon": 21.0222,
        "Time": "2017-05-14 00:06:17",
        "Lines": "15",
        "Lat": 52.1896,
        "Brigade": "9"
      },
      {
        "Lon": 21.0219,
        "Time": "2017-05-14 00:06:27",
        "Lines": "15",
        "Lat": 52.1896,
        "Brigade": "9"
      },
      {
        "Lon": 21.021,
        "Time": "2017-05-14 00:06:42",
        "Lines": "15",
        "Lat": 52.1895,
        "Brigade": "9"
      },
      {
        "Lon": 21.0204,
        "Time": "2017-05-14 00:06:52",
        "Lines": "15",
        "Lat": 52.1894,
        "Brigade": "9"
      },
      {
        "Lon": 21.0199,
        "Time": "2017-05-14 00:07:02",
        "Lines": "15",
        "Lat": 52.1893,
        "Brigade": "9"
      },
      {
        "Lon": 21.0193,
        "Time": "2017-05-14 00:07:12",
        "Lines": "15",
        "Lat": 52.1892,
        "Brigade": "9"
      },
      {
        "Lon": 21.0183,
        "Time": "2017-05-14 00:07:27",
        "Lines": "15",
        "Lat": 52.1891,
        "Brigade": "9"
      },
      {
        "Lon": 21.018,
        "Time": "2017-05-14 00:07:37",
        "Lines": "15",
        "Lat": 52.1891,
        "Brigade": "9"
      },
      {
        "Lon": 21.018,
        "Time": "2017-05-14 00:07:47",
        "Lines": "15",
        "Lat": 52.1891,
        "Brigade": "9"
      },
      {
        "Lon": 21.0174,
        "Time": "2017-05-14 00:07:57",
        "Lines": "15",
        "Lat": 52.189,
        "Brigade": "9"
      },
      {
        "Lon": 21.0156,
        "Time": "2017-05-14 00:08:07",
        "Lines": "15",
        "Lat": 52.1889,
        "Brigade": "9"
      },
      {
        "Lon": 21.0131,
        "Time": "2017-05-14 00:08:22",
        "Lines": "15",
        "Lat": 52.1889,
        "Brigade": "9"
      },
      {
        "Lon": 21.0125,
        "Time": "2017-05-14 00:08:32",
        "Lines": "15",
        "Lat": 52.1889,
        "Brigade": "9"
      },
      {
        "Lon": 21.012,
        "Time": "2017-05-14 00:08:41",
        "Lines": "15",
        "Lat": 52.1889,
        "Brigade": "9"
      },
      {
        "Lon": 21.011,
        "Time": "2017-05-14 00:08:54",
        "Lines": "15",
        "Lat": 52.1889,
        "Brigade": "9"
      },
      {
        "Lon": 21.0085,
        "Time": "2017-05-14 00:09:04",
        "Lines": "15",
        "Lat": 52.1889,
        "Brigade": "9"
      },
      {
        "Lon": 21.0082,
        "Time": "2017-05-14 00:09:19",
        "Lines": "15",
        "Lat": 52.1889,
        "Brigade": "9"
      },
      {
        "Lon": 21.0079,
        "Time": "2017-05-14 00:09:29",
        "Lines": "15",
        "Lat": 52.1889,
        "Brigade": "9"
      },
      {
        "Lon": 21.0066,
        "Time": "2017-05-14 00:09:39",
        "Lines": "15",
        "Lat": 52.1889,
        "Brigade": "9"
      },
      {
        "Lon": 21.006,
        "Time": "2017-05-14 00:09:44",
        "Lines": "15",
        "Lat": 52.1888,
        "Brigade": "9"
      },
      {
        "Lon": 21.0053,
        "Time": "2017-05-14 00:09:59",
        "Lines": "15",
        "Lat": 52.1888,
        "Brigade": "9"
      },
      {
        "Lon": 21.0048,
        "Time": "2017-05-14 00:10:09",
        "Lines": "15",
        "Lat": 52.1888,
        "Brigade": "9"
      }
    ]
  }
]
