[
  {
    "res": [
      {
        "Lon": 20.9203,
        "Time": "2017-05-14 00:00:00",
        "Lines": "20",
        "Lat": 52.2475,
        "Brigade": "2"
      },
      {
        "Lon": 20.9217,
        "Time": "2017-05-14 00:00:14",
        "Lines": "20",
        "Lat": 52.2476,
        "Brigade": "2"
      },
      {
        "Lon": 20.9225,
        "Time": "2017-05-14 00:00:37",
        "Lines": "20",
        "Lat": 52.2478,
        "Brigade": "2"
      },
      {
        "Lon": 20.9225,
        "Time": "2017-05-14 00:00:48",
        "Lines": "20",
        "Lat": 52.2478,
        "Brigade": "2"
      },
      {
        "Lon": 20.9225,
        "Time": "2017-05-14 00:00:58",
        "Lines": "20",
        "Lat": 52.2478,
        "Brigade": "2"
      },
      {
        "Lon": 20.9225,
        "Time": "2017-05-14 00:01:09",
        "Lines": "20",
        "Lat": 52.2478,
        "Brigade": "2"
      },
      {
        "Lon": 20.9226,
        "Time": "2017-05-14 00:01:19",
        "Lines": "20",
        "Lat": 52.2478,
        "Brigade": "2"
      },
      {
        "Lon": 20.9234,
        "Time": "2017-05-14 00:01:30",
        "Lines": "20",
        "Lat": 52.2476,
        "Brigade": "2"
      },
      {
        "Lon": 20.9249,
        "Time": "2017-05-14 00:01:41",
        "Lines": "20",
        "Lat": 52.2473,
        "Brigade": "2"
      },
      {
        "Lon": 20.9256,
        "Time": "2017-05-14 00:01:50",
        "Lines": "20",
        "Lat": 52.2472,
        "Brigade": "2"
      },
      {
        "Lon": 20.9256,
        "Time": "2017-05-14 00:02:01",
        "Lines": "20",
        "Lat": 52.2472,
        "Brigade": "2"
      },
      {
        "Lon": 20.9279,
        "Time": "2017-05-14 00:02:17",
        "Lines": "20",
        "Lat": 52.2471,
        "Brigade": "2"
      },
      {
        "Lon": 20.9291,
        "Time": "2017-05-14 00:02:23",
        "Lines": "20",
        "Lat": 52.2471,
        "Brigade": "2"
      },
      {
        "Lon": 20.9323,
        "Time": "2017-05-14 00:02:38",
        "Lines": "20",
        "Lat": 52.2469,
        "Brigade": "2"
      },
      {
        "Lon": 20.9341,
        "Time": "2017-05-14 00:02:48",
        "Lines": "20",
        "Lat": 52.2469,
        "Brigade": "2"
      },
      {
        "Lon": 20.9353,
        "Time": "2017-05-14 00:02:59",
        "Lines": "20",
        "Lat": 52.2468,
        "Brigade": "2"
      },
      {
        "Lon": 20.9355,
        "Time": "2017-05-14 00:03:09",
        "Lines": "20",
        "Lat": 52.2468,
        "Brigade": "2"
      },
      {
        "Lon": 20.9355,
        "Time": "2017-05-14 00:03:20",
        "Lines": "20",
        "Lat": 52.2468,
        "Brigade": "2"
      },
      {
        "Lon": 20.9355,
        "Time": "2017-05-14 00:03:30",
        "Lines": "20",
        "Lat": 52.2468,
        "Brigade": "2"
      },
      {
        "Lon": 20.9367,
        "Time": "2017-05-14 00:03:41",
        "Lines": "20",
        "Lat": 52.2468,
        "Brigade": "2"
      },
      {
        "Lon": 20.9384,
        "Time": "2017-05-14 00:03:57",
        "Lines": "20",
        "Lat": 52.2467,
        "Brigade": "2"
      },
      {
        "Lon": 20.9386,
        "Time": "2017-05-14 00:04:07",
        "Lines": "20",
        "Lat": 52.2467,
        "Brigade": "2"
      },
      {
        "Lon": 20.9386,
        "Time": "2017-05-14 00:04:17",
        "Lines": "20",
        "Lat": 52.2467,
        "Brigade": "2"
      },
      {
        "Lon": 20.9386,
        "Time": "2017-05-14 00:04:28",
        "Lines": "20",
        "Lat": 52.2467,
        "Brigade": "2"
      },
      {
        "Lon": 20.939,
        "Time": "2017-05-14 00:04:33",
        "Lines": "20",
        "Lat": 52.2467,
        "Brigade": "2"
      },
      {
        "Lon": 20.9419,
        "Time": "2017-05-14 00:04:49",
        "Lines": "20",
        "Lat": 52.2468,
        "Brigade": "2"
      },
      {
        "Lon": 20.9425,
        "Time": "2017-05-14 00:05:00",
        "Lines": "20",
        "Lat": 52.2468,
        "Brigade": "2"
      },
      {
        "Lon": 20.9425,
        "Time": "2017-05-14 00:05:10",
        "Lines": "20",
        "Lat": 52.2468,
        "Brigade": "2"
      },
      {
        "Lon": 20.9437,
        "Time": "2017-05-14 00:05:21",
        "Lines": "20",
        "Lat": 52.2469,
        "Brigade": "2"
      },
      {
        "Lon": 20.9454,
        "Time": "2017-05-14 00:05:31",
        "Lines": "20",
        "Lat": 52.2469,
        "Brigade": "2"
      },
      {
        "Lon": 20.9468,
        "Time": "2017-05-14 00:05:41",
        "Lines": "20",
        "Lat": 52.247,
        "Brigade": "2"
      },
      {
        "Lon": 20.9471,
        "Time": "2017-05-14 00:05:57",
        "Lines": "20",
        "Lat": 52.247,
        "Brigade": "2"
      },
      {
        "Lon": 20.9472,
        "Time": "2017-05-14 00:06:07",
        "Lines": "20",
        "Lat": 52.247,
        "Brigade": "2"
      },
      {
        "Lon": 20.9487,
        "Time": "2017-05-14 00:06:18",
        "Lines": "20",
        "Lat": 52.2471,
        "Brigade": "2"
      },
      {
        "Lon": 20.9507,
        "Time": "2017-05-14 00:06:29",
        "Lines": "20",
        "Lat": 52.2472,
        "Brigade": "2"
      },
      {
        "Lon": 20.9519,
        "Time": "2017-05-14 00:06:39",
        "Lines": "20",
        "Lat": 52.2473,
        "Brigade": "2"
      },
      {
        "Lon": 20.9527,
        "Time": "2017-05-14 00:06:50",
        "Lines": "20",
        "Lat": 52.2473,
        "Brigade": "2"
      },
      {
        "Lon": 20.9529,
        "Time": "2017-05-14 00:07:00",
        "Lines": "20",
        "Lat": 52.2473,
        "Brigade": "2"
      },
      {
        "Lon": 20.9531,
        "Time": "2017-05-14 00:07:10",
        "Lines": "20",
        "Lat": 52.2473,
        "Brigade": "2"
      },
      {
        "Lon": 20.9548,
        "Time": "2017-05-14 00:07:26",
        "Lines": "20",
        "Lat": 52.2473,
        "Brigade": "2"
      },
      {
        "Lon": 20.956,
        "Time": "2017-05-14 00:07:37",
        "Lines": "20",
        "Lat": 52.2473,
        "Brigade": "2"
      },
      {
        "Lon": 20.9568,
        "Time": "2017-05-14 00:07:48",
        "Lines": "20",
        "Lat": 52.2473,
        "Brigade": "2"
      },
      {
        "Lon": 20.9569,
        "Time": "2017-05-14 00:07:58",
        "Lines": "20",
        "Lat": 52.2473,
        "Brigade": "2"
      },
      {
        "Lon": 20.9569,
        "Time": "2017-05-14 00:08:08",
        "Lines": "20",
        "Lat": 52.2473,
        "Brigade": "2"
      },
      {
        "Lon": 20.9569,
        "Time": "2017-05-14 00:08:19",
        "Lines": "20",
        "Lat": 52.2473,
        "Brigade": "2"
      },
      {
        "Lon": 20.9569,
        "Time": "2017-05-14 00:08:29",
        "Lines": "20",
        "Lat": 52.2473,
        "Brigade": "2"
      },
      {
        "Lon": 20.9572,
        "Time": "2017-05-14 00:08:40",
        "Lines": "20",
        "Lat": 52.2474,
        "Brigade": "2"
      },
      {
        "Lon": 20.9589,
        "Time": "2017-05-14 00:08:55",
        "Lines": "20",
        "Lat": 52.2474,
        "Brigade": "2"
      },
      {
        "Lon": 20.9602,
        "Time": "2017-05-14 00:09:06",
        "Lines": "20",
        "Lat": 52.2473,
        "Brigade": "2"
      },
      {
        "Lon": 20.9615,
        "Time": "2017-05-14 00:09:16",
        "Lines": "20",
        "Lat": 52.2468,
        "Brigade": "2"
      },
      {
        "Lon": 20.9623,
        "Time": "2017-05-14 00:09:27",
        "Lines": "20",
        "Lat": 52.2463,
        "Brigade": "2"
      },
      {
        "Lon": 20.9624,
        "Time": "2017-05-14 00:09:37",
        "Lines": "20",
        "Lat": 52.2463,
        "Brigade": "2"
      },
      {
        "Lon": 20.9624,
        "Time": "2017-05-14 00:09:48",
        "Lines": "20",
        "Lat": 52.2463,
        "Brigade": "2"
      },
      {
        "Lon": 20.9637,
        "Time": "2017-05-14 00:09:58",
        "Lines": "20",
        "Lat": 52.2456,
        "Brigade": "2"
      },
      {
        "Lon": 20.9651,
        "Time": "2017-05-14 00:10:09",
        "Lines": "20",
        "Lat": 52.2449,
        "Brigade": "2"
      },
      {
        "Lon": 20.9659,
        "Time": "2017-05-14 00:10:24",
        "Lines": "20",
        "Lat": 52.2444,
        "Brigade": "2"
      },
      {
        "Lon": 20.9663,
        "Time": "2017-05-14 00:10:35",
        "Lines": "20",
        "Lat": 52.2442,
        "Brigade": "2"
      },
      {
        "Lon": 20.9677,
        "Time": "2017-05-14 00:10:45",
        "Lines": "20",
        "Lat": 52.2435,
        "Brigade": "2"
      },
      {
        "Lon": 20.9691,
        "Time": "2017-05-14 00:10:56",
        "Lines": "20",
        "Lat": 52.2428,
        "Brigade": "2"
      },
      {
        "Lon": 20.9701,
        "Time": "2017-05-14 00:11:06",
        "Lines": "20",
        "Lat": 52.242,
        "Brigade": "2"
      },
      {
        "Lon": 20.9704,
        "Time": "2017-05-14 00:11:17",
        "Lines": "20",
        "Lat": 52.2412,
        "Brigade": "2"
      },
      {
        "Lon": 20.9705,
        "Time": "2017-05-14 00:11:27",
        "Lines": "20",
        "Lat": 52.2409,
        "Brigade": "2"
      },
      {
        "Lon": 20.9707,
        "Time": "2017-05-14 00:11:38",
        "Lines": "20",
        "Lat": 52.2405,
        "Brigade": "2"
      },
      {
        "Lon": 20.971,
        "Time": "2017-05-14 00:11:48",
        "Lines": "20",
        "Lat": 52.2396,
        "Brigade": "2"
      },
      {
        "Lon": 20.9715,
        "Time": "2017-05-14 00:12:04",
        "Lines": "20",
        "Lat": 52.2383,
        "Brigade": "2"
      },
      {
        "Lon": 20.9717,
        "Time": "2017-05-14 00:12:15",
        "Lines": "20",
        "Lat": 52.2377,
        "Brigade": "2"
      },
      {
        "Lon": 20.9717,
        "Time": "2017-05-14 00:12:25",
        "Lines": "20",
        "Lat": 52.2377,
        "Brigade": "2"
      },
      {
        "Lon": 20.9718,
        "Time": "2017-05-14 00:12:35",
        "Lines": "20",
        "Lat": 52.2374,
        "Brigade": "2"
      },
      {
        "Lon": 20.9721,
        "Time": "2017-05-14 00:12:46",
        "Lines": "20",
        "Lat": 52.2368,
        "Brigade": "2"
      },
      {
        "Lon": 20.9723,
        "Time": "2017-05-14 00:12:57",
        "Lines": "20",
        "Lat": 52.2362,
        "Brigade": "2"
      },
      {
        "Lon": 20.9726,
        "Time": "2017-05-14 00:13:07",
        "Lines": "20",
        "Lat": 52.2354,
        "Brigade": "2"
      },
      {
        "Lon": 20.9727,
        "Time": "2017-05-14 00:13:17",
        "Lines": "20",
        "Lat": 52.2353,
        "Brigade": "2"
      },
      {
        "Lon": 20.9723,
        "Time": "2017-05-14 00:13:33",
        "Lines": "20",
        "Lat": 52.2348,
        "Brigade": "2"
      },
      {
        "Lon": 20.9716,
        "Time": "2017-05-14 00:13:44",
        "Lines": "20",
        "Lat": 52.2346,
        "Brigade": "2"
      },
      {
        "Lon": 20.9708,
        "Time": "2017-05-14 00:13:54",
        "Lines": "20",
        "Lat": 52.2344,
        "Brigade": "2"
      },
      {
        "Lon": 20.97,
        "Time": "2017-05-14 00:14:05",
        "Lines": "20",
        "Lat": 52.2342,
        "Brigade": "2"
      },
      {
        "Lon": 20.9694,
        "Time": "2017-05-14 00:14:15",
        "Lines": "20",
        "Lat": 52.2341,
        "Brigade": "2"
      },
      {
        "Lon": 20.969,
        "Time": "2017-05-14 00:14:31",
        "Lines": "20",
        "Lat": 52.234,
        "Brigade": "2"
      },
      {
        "Lon": 20.9689,
        "Time": "2017-05-14 00:14:41",
        "Lines": "20",
        "Lat": 52.234,
        "Brigade": "2"
      },
      {
        "Lon": 20.9688,
        "Time": "2017-05-14 00:14:52",
        "Lines": "20",
        "Lat": 52.234,
        "Brigade": "2"
      },
      {
        "Lon": 20.9688,
        "Time": "2017-05-14 00:15:02",
        "Lines": "20",
        "Lat": 52.234,
        "Brigade": "2"
      },
      {
        "Lon": 20.9688,
        "Time": "2017-05-14 00:15:13",
        "Lines": "20",
        "Lat": 52.234,
        "Brigade": "2"
      },
      {
        "Lon": 20.9688,
        "Time": "2017-05-14 00:15:23",
        "Lines": "20",
        "Lat": 52.234,
        "Brigade": "2"
      },
      {
        "Lon": 20.9688,
        "Time": "2017-05-14 00:15:34",
        "Lines": "20",
        "Lat": 52.234,
        "Brigade": "2"
      },
      {
        "Lon": 20.9688,
        "Time": "2017-05-14 00:15:44",
        "Lines": "20",
        "Lat": 52.234,
        "Brigade": "2"
      },
      {
        "Lon": 20.9684,
        "Time": "2017-05-14 00:15:55",
        "Lines": "20",
        "Lat": 52.2339,
        "Brigade": "2"
      },
      {
        "Lon": 20.9684,
        "Time": "2017-05-14 00:16:11",
        "Lines": "20",
        "Lat": 52.2332,
        "Brigade": "2"
      },
      {
        "Lon": 20.9686,
        "Time": "2017-05-14 00:16:21",
        "Lines": "20",
        "Lat": 52.2325,
        "Brigade": "2"
      },
      {
        "Lon": 20.9688,
        "Time": "2017-05-14 00:16:32",
        "Lines": "20",
        "Lat": 52.232,
        "Brigade": "2"
      },
      {
        "Lon": 20.9688,
        "Time": "2017-05-14 00:16:42",
        "Lines": "20",
        "Lat": 52.2317,
        "Brigade": "2"
      },
      {
        "Lon": 20.9688,
        "Time": "2017-05-14 00:16:52",
        "Lines": "20",
        "Lat": 52.2317,
        "Brigade": "2"
      },
      {
        "Lon": 20.9689,
        "Time": "2017-05-14 00:17:03",
        "Lines": "20",
        "Lat": 52.2316,
        "Brigade": "2"
      },
      {
        "Lon": 20.9693,
        "Time": "2017-05-14 00:17:13",
        "Lines": "20",
        "Lat": 52.2315,
        "Brigade": "2"
      },
      {
        "Lon": 20.9695,
        "Time": "2017-05-14 00:17:29",
        "Lines": "20",
        "Lat": 52.2315,
        "Brigade": "2"
      },
      {
        "Lon": 20.9695,
        "Time": "2017-05-14 00:17:40",
        "Lines": "20",
        "Lat": 52.2315,
        "Brigade": "2"
      },
      {
        "Lon": 20.9695,
        "Time": "2017-05-14 00:17:50",
        "Lines": "20",
        "Lat": 52.2315,
        "Brigade": "2"
      },
      {
        "Lon": 20.9695,
        "Time": "2017-05-14 00:18:01",
        "Lines": "20",
        "Lat": 52.2315,
        "Brigade": "2"
      },
      {
        "Lon": 20.9695,
        "Time": "2017-05-14 00:18:11",
        "Lines": "20",
        "Lat": 52.2315,
        "Brigade": "2"
      },
      {
        "Lon": 20.9695,
        "Time": "2017-05-14 00:18:22",
        "Lines": "20",
        "Lat": 52.2315,
        "Brigade": "2"
      }
    ]
  }
]
