[
  {
    "res": [
      {
        "Lon": 21.0338,
        "Time": "2017-05-14 00:00:01",
        "Lines": "20",
        "Lat": 52.2543,
        "Brigade": "7"
      },
      {
        "Lon": 21.0336,
        "Time": "2017-05-14 00:00:16",
        "Lines": "20",
        "Lat": 52.2542,
        "Brigade": "7"
      },
      {
        "Lon": 21.0334,
        "Time": "2017-05-14 00:00:26",
        "Lines": "20",
        "Lat": 52.2541,
        "Brigade": "7"
      },
      {
        "Lon": 21.0322,
        "Time": "2017-05-14 00:00:36",
        "Lines": "20",
        "Lat": 52.2536,
        "Brigade": "7"
      },
      {
        "Lon": 21.0309,
        "Time": "2017-05-14 00:00:46",
        "Lines": "20",
        "Lat": 52.253,
        "Brigade": "7"
      },
      {
        "Lon": 21.0301,
        "Time": "2017-05-14 00:00:56",
        "Lines": "20",
        "Lat": 52.2527,
        "Brigade": "7"
      },
      {
        "Lon": 21.0299,
        "Time": "2017-05-14 00:01:11",
        "Lines": "20",
        "Lat": 52.2526,
        "Brigade": "7"
      },
      {
        "Lon": 21.0293,
        "Time": "2017-05-14 00:01:22",
        "Lines": "20",
        "Lat": 52.2524,
        "Brigade": "7"
      },
      {
        "Lon": 21.0284,
        "Time": "2017-05-14 00:01:31",
        "Lines": "20",
        "Lat": 52.252,
        "Brigade": "7"
      },
      {
        "Lon": 21.0268,
        "Time": "2017-05-14 00:01:41",
        "Lines": "20",
        "Lat": 52.2513,
        "Brigade": "7"
      },
      {
        "Lon": 21.0252,
        "Time": "2017-05-14 00:01:52",
        "Lines": "20",
        "Lat": 52.2506,
        "Brigade": "7"
      },
      {
        "Lon": 21.0224,
        "Time": "2017-05-14 00:02:06",
        "Lines": "20",
        "Lat": 52.2495,
        "Brigade": "7"
      },
      {
        "Lon": 21.0205,
        "Time": "2017-05-14 00:02:16",
        "Lines": "20",
        "Lat": 52.2486,
        "Brigade": "7"
      },
      {
        "Lon": 21.0187,
        "Time": "2017-05-14 00:02:26",
        "Lines": "20",
        "Lat": 52.2479,
        "Brigade": "7"
      },
      {
        "Lon": 21.017,
        "Time": "2017-05-14 00:02:36",
        "Lines": "20",
        "Lat": 52.2472,
        "Brigade": "7"
      },
      {
        "Lon": 21.0157,
        "Time": "2017-05-14 00:02:46",
        "Lines": "20",
        "Lat": 52.2468,
        "Brigade": "7"
      },
      {
        "Lon": 21.015,
        "Time": "2017-05-14 00:03:01",
        "Lines": "20",
        "Lat": 52.2468,
        "Brigade": "7"
      },
      {
        "Lon": 21.015,
        "Time": "2017-05-14 00:03:11",
        "Lines": "20",
        "Lat": 52.2468,
        "Brigade": "7"
      },
      {
        "Lon": 21.015,
        "Time": "2017-05-14 00:03:21",
        "Lines": "20",
        "Lat": 52.2468,
        "Brigade": "7"
      },
      {
        "Lon": 21.0143,
        "Time": "2017-05-14 00:03:31",
        "Lines": "20",
        "Lat": 52.2467,
        "Brigade": "7"
      },
      {
        "Lon": 21.0139,
        "Time": "2017-05-14 00:03:41",
        "Lines": "20",
        "Lat": 52.2467,
        "Brigade": "7"
      },
      {
        "Lon": 21.0105,
        "Time": "2017-05-14 00:03:56",
        "Lines": "20",
        "Lat": 52.2463,
        "Brigade": "7"
      },
      {
        "Lon": 21.0087,
        "Time": "2017-05-14 00:04:06",
        "Lines": "20",
        "Lat": 52.2462,
        "Brigade": "7"
      },
      {
        "Lon": 21.0069,
        "Time": "2017-05-14 00:04:16",
        "Lines": "20",
        "Lat": 52.246,
        "Brigade": "7"
      },
      {
        "Lon": 21.0052,
        "Time": "2017-05-14 00:04:26",
        "Lines": "20",
        "Lat": 52.2458,
        "Brigade": "7"
      },
      {
        "Lon": 21.004,
        "Time": "2017-05-14 00:04:36",
        "Lines": "20",
        "Lat": 52.2455,
        "Brigade": "7"
      },
      {
        "Lon": 21.0025,
        "Time": "2017-05-14 00:04:51",
        "Lines": "20",
        "Lat": 52.2448,
        "Brigade": "7"
      },
      {
        "Lon": 21.002,
        "Time": "2017-05-14 00:05:01",
        "Lines": "20",
        "Lat": 52.2446,
        "Brigade": "7"
      },
      {
        "Lon": 21.0021,
        "Time": "2017-05-14 00:05:11",
        "Lines": "20",
        "Lat": 52.2446,
        "Brigade": "7"
      },
      {
        "Lon": 21.0021,
        "Time": "2017-05-14 00:05:21",
        "Lines": "20",
        "Lat": 52.2446,
        "Brigade": "7"
      },
      {
        "Lon": 21.0021,
        "Time": "2017-05-14 00:05:31",
        "Lines": "20",
        "Lat": 52.2446,
        "Brigade": "7"
      },
      {
        "Lon": 21.0017,
        "Time": "2017-05-14 00:05:46",
        "Lines": "20",
        "Lat": 52.2445,
        "Brigade": "7"
      },
      {
        "Lon": 21.0011,
        "Time": "2017-05-14 00:05:56",
        "Lines": "20",
        "Lat": 52.2444,
        "Brigade": "7"
      },
      {
        "Lon": 21.0003,
        "Time": "2017-05-14 00:06:06",
        "Lines": "20",
        "Lat": 52.2441,
        "Brigade": "7"
      },
      {
        "Lon": 20.9986,
        "Time": "2017-05-14 00:06:16",
        "Lines": "20",
        "Lat": 52.2435,
        "Brigade": "7"
      },
      {
        "Lon": 20.9966,
        "Time": "2017-05-14 00:06:27",
        "Lines": "20",
        "Lat": 52.2429,
        "Brigade": "7"
      },
      {
        "Lon": 20.9943,
        "Time": "2017-05-14 00:06:41",
        "Lines": "20",
        "Lat": 52.2421,
        "Brigade": "7"
      },
      {
        "Lon": 20.9942,
        "Time": "2017-05-14 00:06:51",
        "Lines": "20",
        "Lat": 52.2421,
        "Brigade": "7"
      },
      {
        "Lon": 20.9942,
        "Time": "2017-05-14 00:07:01",
        "Lines": "20",
        "Lat": 52.2421,
        "Brigade": "7"
      },
      {
        "Lon": 20.9942,
        "Time": "2017-05-14 00:07:11",
        "Lines": "20",
        "Lat": 52.2421,
        "Brigade": "7"
      },
      {
        "Lon": 20.9943,
        "Time": "2017-05-14 00:07:26",
        "Lines": "20",
        "Lat": 52.2421,
        "Brigade": "7"
      },
      {
        "Lon": 20.9943,
        "Time": "2017-05-14 00:07:36",
        "Lines": "20",
        "Lat": 52.2421,
        "Brigade": "7"
      },
      {
        "Lon": 20.9943,
        "Time": "2017-05-14 00:07:46",
        "Lines": "20",
        "Lat": 52.2421,
        "Brigade": "7"
      },
      {
        "Lon": 20.9943,
        "Time": "2017-05-14 00:07:51",
        "Lines": "20",
        "Lat": 52.2421,
        "Brigade": "7"
      },
      {
        "Lon": 20.9943,
        "Time": "2017-05-14 00:08:11",
        "Lines": "20",
        "Lat": 52.2421,
        "Brigade": "7"
      },
      {
        "Lon": 20.9943,
        "Time": "2017-05-14 00:08:21",
        "Lines": "20",
        "Lat": 52.2421,
        "Brigade": "7"
      },
      {
        "Lon": 20.9943,
        "Time": "2017-05-14 00:08:31",
        "Lines": "20",
        "Lat": 52.2421,
        "Brigade": "7"
      },
      {
        "Lon": 20.9938,
        "Time": "2017-05-14 00:08:42",
        "Lines": "20",
        "Lat": 52.2419,
        "Brigade": "7"
      },
      {
        "Lon": 20.9932,
        "Time": "2017-05-14 00:08:51",
        "Lines": "20",
        "Lat": 52.2417,
        "Brigade": "7"
      },
      {
        "Lon": 20.9913,
        "Time": "2017-05-14 00:09:06",
        "Lines": "20",
        "Lat": 52.2411,
        "Brigade": "7"
      },
      {
        "Lon": 20.9892,
        "Time": "2017-05-14 00:09:16",
        "Lines": "20",
        "Lat": 52.2404,
        "Brigade": "7"
      },
      {
        "Lon": 20.9878,
        "Time": "2017-05-14 00:09:26",
        "Lines": "20",
        "Lat": 52.2399,
        "Brigade": "7"
      },
      {
        "Lon": 20.9876,
        "Time": "2017-05-14 00:09:41",
        "Lines": "20",
        "Lat": 52.2398,
        "Brigade": "7"
      },
      {
        "Lon": 20.9876,
        "Time": "2017-05-14 00:09:51",
        "Lines": "20",
        "Lat": 52.2398,
        "Brigade": "7"
      },
      {
        "Lon": 20.9874,
        "Time": "2017-05-14 00:10:01",
        "Lines": "20",
        "Lat": 52.2398,
        "Brigade": "7"
      },
      {
        "Lon": 20.986,
        "Time": "2017-05-14 00:10:11",
        "Lines": "20",
        "Lat": 52.2393,
        "Brigade": "7"
      },
      {
        "Lon": 20.9841,
        "Time": "2017-05-14 00:10:21",
        "Lines": "20",
        "Lat": 52.2386,
        "Brigade": "7"
      },
      {
        "Lon": 20.9816,
        "Time": "2017-05-14 00:10:36",
        "Lines": "20",
        "Lat": 52.2375,
        "Brigade": "7"
      },
      {
        "Lon": 20.9808,
        "Time": "2017-05-14 00:10:46",
        "Lines": "20",
        "Lat": 52.2372,
        "Brigade": "7"
      },
      {
        "Lon": 20.9806,
        "Time": "2017-05-14 00:10:56",
        "Lines": "20",
        "Lat": 52.2371,
        "Brigade": "7"
      },
      {
        "Lon": 20.9799,
        "Time": "2017-05-14 00:11:06",
        "Lines": "20",
        "Lat": 52.2368,
        "Brigade": "7"
      },
      {
        "Lon": 20.9789,
        "Time": "2017-05-14 00:11:21",
        "Lines": "20",
        "Lat": 52.2364,
        "Brigade": "7"
      },
      {
        "Lon": 20.9789,
        "Time": "2017-05-14 00:11:26",
        "Lines": "20",
        "Lat": 52.2364,
        "Brigade": "7"
      },
      {
        "Lon": 20.9784,
        "Time": "2017-05-14 00:11:42",
        "Lines": "20",
        "Lat": 52.2362,
        "Brigade": "7"
      },
      {
        "Lon": 20.9769,
        "Time": "2017-05-14 00:11:51",
        "Lines": "20",
        "Lat": 52.2359,
        "Brigade": "7"
      },
      {
        "Lon": 20.9763,
        "Time": "2017-05-14 00:12:01",
        "Lines": "20",
        "Lat": 52.2357,
        "Brigade": "7"
      },
      {
        "Lon": 20.9744,
        "Time": "2017-05-14 00:12:16",
        "Lines": "20",
        "Lat": 52.2353,
        "Brigade": "7"
      },
      {
        "Lon": 20.9736,
        "Time": "2017-05-14 00:12:26",
        "Lines": "20",
        "Lat": 52.2351,
        "Brigade": "7"
      },
      {
        "Lon": 20.9735,
        "Time": "2017-05-14 00:12:35",
        "Lines": "20",
        "Lat": 52.2351,
        "Brigade": "7"
      },
      {
        "Lon": 20.9735,
        "Time": "2017-05-14 00:12:46",
        "Lines": "20",
        "Lat": 52.2351,
        "Brigade": "7"
      },
      {
        "Lon": 20.9726,
        "Time": "2017-05-14 00:13:01",
        "Lines": "20",
        "Lat": 52.2348,
        "Brigade": "7"
      },
      {
        "Lon": 20.972,
        "Time": "2017-05-14 00:13:11",
        "Lines": "20",
        "Lat": 52.2347,
        "Brigade": "7"
      },
      {
        "Lon": 20.9706,
        "Time": "2017-05-14 00:13:21",
        "Lines": "20",
        "Lat": 52.2343,
        "Brigade": "7"
      },
      {
        "Lon": 20.9691,
        "Time": "2017-05-14 00:13:31",
        "Lines": "20",
        "Lat": 52.234,
        "Brigade": "7"
      },
      {
        "Lon": 20.9688,
        "Time": "2017-05-14 00:13:41",
        "Lines": "20",
        "Lat": 52.2339,
        "Brigade": "7"
      },
      {
        "Lon": 20.9688,
        "Time": "2017-05-14 00:13:56",
        "Lines": "20",
        "Lat": 52.2339,
        "Brigade": "7"
      },
      {
        "Lon": 20.9688,
        "Time": "2017-05-14 00:14:06",
        "Lines": "20",
        "Lat": 52.2339,
        "Brigade": "7"
      },
      {
        "Lon": 20.9688,
        "Time": "2017-05-14 00:14:16",
        "Lines": "20",
        "Lat": 52.2339,
        "Brigade": "7"
      }
    ]
  }
]
