[
  {
    "res": [
      {
        "Lon": 21.0306,
        "Time": "2017-05-14 00:00:15",
        "Lines": "24",
        "Lat": 52.2551,
        "Brigade": "3"
      },
      {
        "Lon": 21.0306,
        "Time": "2017-05-14 00:00:25",
        "Lines": "24",
        "Lat": 52.2551,
        "Brigade": "3"
      },
      {
        "Lon": 21.0305,
        "Time": "2017-05-14 00:00:36",
        "Lines": "24",
        "Lat": 52.2552,
        "Brigade": "3"
      },
      {
        "Lon": 21.0302,
        "Time": "2017-05-14 00:00:46",
        "Lines": "24",
        "Lat": 52.2553,
        "Brigade": "3"
      },
      {
        "Lon": 21.0299,
        "Time": "2017-05-14 00:00:57",
        "Lines": "24",
        "Lat": 52.2556,
        "Brigade": "3"
      },
      {
        "Lon": 21.0294,
        "Time": "2017-05-14 00:01:07",
        "Lines": "24",
        "Lat": 52.256,
        "Brigade": "3"
      },
      {
        "Lon": 21.0292,
        "Time": "2017-05-14 00:01:18",
        "Lines": "24",
        "Lat": 52.2561,
        "Brigade": "3"
      },
      {
        "Lon": 21.0292,
        "Time": "2017-05-14 00:01:28",
        "Lines": "24",
        "Lat": 52.2561,
        "Brigade": "3"
      },
      {
        "Lon": 21.0292,
        "Time": "2017-05-14 00:01:44",
        "Lines": "24",
        "Lat": 52.2561,
        "Brigade": "3"
      },
      {
        "Lon": 21.0292,
        "Time": "2017-05-14 00:01:54",
        "Lines": "24",
        "Lat": 52.2561,
        "Brigade": "3"
      },
      {
        "Lon": 21.0292,
        "Time": "2017-05-14 00:02:05",
        "Lines": "24",
        "Lat": 52.2561,
        "Brigade": "3"
      },
      {
        "Lon": 21.0292,
        "Time": "2017-05-14 00:02:16",
        "Lines": "24",
        "Lat": 52.2561,
        "Brigade": "3"
      },
      {
        "Lon": 21.0291,
        "Time": "2017-05-14 00:02:26",
        "Lines": "24",
        "Lat": 52.2565,
        "Brigade": "3"
      },
      {
        "Lon": 21.0296,
        "Time": "2017-05-14 00:02:37",
        "Lines": "24",
        "Lat": 52.2567,
        "Brigade": "3"
      },
      {
        "Lon": 21.0303,
        "Time": "2017-05-14 00:02:47",
        "Lines": "24",
        "Lat": 52.2571,
        "Brigade": "3"
      },
      {
        "Lon": 21.0311,
        "Time": "2017-05-14 00:02:58",
        "Lines": "24",
        "Lat": 52.2574,
        "Brigade": "3"
      },
      {
        "Lon": 21.0317,
        "Time": "2017-05-14 00:03:08",
        "Lines": "24",
        "Lat": 52.2576,
        "Brigade": "3"
      },
      {
        "Lon": 21.0322,
        "Time": "2017-05-14 00:03:18",
        "Lines": "24",
        "Lat": 52.2573,
        "Brigade": "3"
      },
      {
        "Lon": 21.0328,
        "Time": "2017-05-14 00:03:34",
        "Lines": "24",
        "Lat": 52.2567,
        "Brigade": "3"
      },
      {
        "Lon": 21.0332,
        "Time": "2017-05-14 00:03:45",
        "Lines": "24",
        "Lat": 52.2564,
        "Brigade": "3"
      },
      {
        "Lon": 21.0335,
        "Time": "2017-05-14 00:03:55",
        "Lines": "24",
        "Lat": 52.2561,
        "Brigade": "3"
      },
      {
        "Lon": 21.0337,
        "Time": "2017-05-14 00:04:06",
        "Lines": "24",
        "Lat": 52.2558,
        "Brigade": "3"
      },
      {
        "Lon": 21.0339,
        "Time": "2017-05-14 00:04:16",
        "Lines": "24",
        "Lat": 52.2557,
        "Brigade": "3"
      },
      {
        "Lon": 21.0339,
        "Time": "2017-05-14 00:04:27",
        "Lines": "24",
        "Lat": 52.2557,
        "Brigade": "3"
      },
      {
        "Lon": 21.0341,
        "Time": "2017-05-14 00:04:37",
        "Lines": "24",
        "Lat": 52.2555,
        "Brigade": "3"
      },
      {
        "Lon": 21.0346,
        "Time": "2017-05-14 00:04:48",
        "Lines": "24",
        "Lat": 52.255,
        "Brigade": "3"
      },
      {
        "Lon": 21.0349,
        "Time": "2017-05-14 00:04:58",
        "Lines": "24",
        "Lat": 52.2546,
        "Brigade": "3"
      },
      {
        "Lon": 21.0353,
        "Time": "2017-05-14 00:05:08",
        "Lines": "24",
        "Lat": 52.2542,
        "Brigade": "3"
      },
      {
        "Lon": 21.0357,
        "Time": "2017-05-14 00:05:24",
        "Lines": "24",
        "Lat": 52.2538,
        "Brigade": "3"
      },
      {
        "Lon": 21.0357,
        "Time": "2017-05-14 00:05:35",
        "Lines": "24",
        "Lat": 52.2538,
        "Brigade": "3"
      },
      {
        "Lon": 21.0359,
        "Time": "2017-05-14 00:05:45",
        "Lines": "24",
        "Lat": 52.2536,
        "Brigade": "3"
      },
      {
        "Lon": 21.0366,
        "Time": "2017-05-14 00:05:56",
        "Lines": "24",
        "Lat": 52.253,
        "Brigade": "3"
      },
      {
        "Lon": 21.0376,
        "Time": "2017-05-14 00:06:06",
        "Lines": "24",
        "Lat": 52.2521,
        "Brigade": "3"
      },
      {
        "Lon": 21.0384,
        "Time": "2017-05-14 00:06:17",
        "Lines": "24",
        "Lat": 52.2516,
        "Brigade": "3"
      },
      {
        "Lon": 21.0385,
        "Time": "2017-05-14 00:06:27",
        "Lines": "24",
        "Lat": 52.2516,
        "Brigade": "3"
      },
      {
        "Lon": 21.0386,
        "Time": "2017-05-14 00:06:38",
        "Lines": "24",
        "Lat": 52.2515,
        "Brigade": "3"
      },
      {
        "Lon": 21.0395,
        "Time": "2017-05-14 00:06:48",
        "Lines": "24",
        "Lat": 52.2511,
        "Brigade": "3"
      },
      {
        "Lon": 21.0406,
        "Time": "2017-05-14 00:06:59",
        "Lines": "24",
        "Lat": 52.2505,
        "Brigade": "3"
      },
      {
        "Lon": 21.0418,
        "Time": "2017-05-14 00:07:14",
        "Lines": "24",
        "Lat": 52.2498,
        "Brigade": "3"
      },
      {
        "Lon": 21.0422,
        "Time": "2017-05-14 00:07:21",
        "Lines": "24",
        "Lat": 52.2497,
        "Brigade": "3"
      },
      {
        "Lon": 21.0431,
        "Time": "2017-05-14 00:07:35",
        "Lines": "24",
        "Lat": 52.2497,
        "Brigade": "3"
      },
      {
        "Lon": 21.0439,
        "Time": "2017-05-14 00:07:46",
        "Lines": "24",
        "Lat": 52.2501,
        "Brigade": "3"
      },
      {
        "Lon": 21.0439,
        "Time": "2017-05-14 00:07:56",
        "Lines": "24",
        "Lat": 52.2501,
        "Brigade": "3"
      },
      {
        "Lon": 21.0443,
        "Time": "2017-05-14 00:08:07",
        "Lines": "24",
        "Lat": 52.2503,
        "Brigade": "3"
      },
      {
        "Lon": 21.0457,
        "Time": "2017-05-14 00:08:17",
        "Lines": "24",
        "Lat": 52.2511,
        "Brigade": "3"
      },
      {
        "Lon": 21.0473,
        "Time": "2017-05-14 00:08:28",
        "Lines": "24",
        "Lat": 52.2519,
        "Brigade": "3"
      },
      {
        "Lon": 21.0501,
        "Time": "2017-05-14 00:08:44",
        "Lines": "24",
        "Lat": 52.2528,
        "Brigade": "3"
      },
      {
        "Lon": 21.0509,
        "Time": "2017-05-14 00:08:54",
        "Lines": "24",
        "Lat": 52.253,
        "Brigade": "3"
      },
      {
        "Lon": 21.0513,
        "Time": "2017-05-14 00:09:05",
        "Lines": "24",
        "Lat": 52.2532,
        "Brigade": "3"
      },
      {
        "Lon": 21.0526,
        "Time": "2017-05-14 00:09:15",
        "Lines": "24",
        "Lat": 52.2536,
        "Brigade": "3"
      },
      {
        "Lon": 21.0534,
        "Time": "2017-05-14 00:09:26",
        "Lines": "24",
        "Lat": 52.2538,
        "Brigade": "3"
      },
      {
        "Lon": 21.054,
        "Time": "2017-05-14 00:09:36",
        "Lines": "24",
        "Lat": 52.2541,
        "Brigade": "3"
      },
      {
        "Lon": 21.054,
        "Time": "2017-05-14 00:09:46",
        "Lines": "24",
        "Lat": 52.2545,
        "Brigade": "3"
      },
      {
        "Lon": 21.0535,
        "Time": "2017-05-14 00:10:02",
        "Lines": "24",
        "Lat": 52.2552,
        "Brigade": "3"
      },
      {
        "Lon": 21.0531,
        "Time": "2017-05-14 00:10:13",
        "Lines": "24",
        "Lat": 52.2556,
        "Brigade": "3"
      },
      {
        "Lon": 21.0528,
        "Time": "2017-05-14 00:10:23",
        "Lines": "24",
        "Lat": 52.256,
        "Brigade": "3"
      },
      {
        "Lon": 21.0528,
        "Time": "2017-05-14 00:10:34",
        "Lines": "24",
        "Lat": 52.2561,
        "Brigade": "3"
      },
      {
        "Lon": 21.0528,
        "Time": "2017-05-14 00:10:44",
        "Lines": "24",
        "Lat": 52.2563,
        "Brigade": "3"
      },
      {
        "Lon": 21.0533,
        "Time": "2017-05-14 00:10:55",
        "Lines": "24",
        "Lat": 52.2565,
        "Brigade": "3"
      },
      {
        "Lon": 21.054,
        "Time": "2017-05-14 00:11:05",
        "Lines": "24",
        "Lat": 52.2567,
        "Brigade": "3"
      },
      {
        "Lon": 21.0544,
        "Time": "2017-05-14 00:11:16",
        "Lines": "24",
        "Lat": 52.2568,
        "Brigade": "3"
      },
      {
        "Lon": 21.0545,
        "Time": "2017-05-14 00:11:26",
        "Lines": "24",
        "Lat": 52.2568,
        "Brigade": "3"
      },
      {
        "Lon": 21.0548,
        "Time": "2017-05-14 00:11:42",
        "Lines": "24",
        "Lat": 52.2569,
        "Brigade": "3"
      },
      {
        "Lon": 21.0549,
        "Time": "2017-05-14 00:11:52",
        "Lines": "24",
        "Lat": 52.2569,
        "Brigade": "3"
      },
      {
        "Lon": 21.0549,
        "Time": "2017-05-14 00:12:03",
        "Lines": "24",
        "Lat": 52.2569,
        "Brigade": "3"
      },
      {
        "Lon": 21.0549,
        "Time": "2017-05-14 00:12:13",
        "Lines": "24",
        "Lat": 52.2569,
        "Brigade": "3"
      },
      {
        "Lon": 21.0549,
        "Time": "2017-05-14 00:12:24",
        "Lines": "24",
        "Lat": 52.2569,
        "Brigade": "3"
      }
    ]
  }
]
