[
  {
    "res": [
      {
        "Lon": 20.9953,
        "Time": "2017-05-14 00:00:15",
        "Lines": "24",
        "Lat": 52.2263,
        "Brigade": "4"
      },
      {
        "Lon": 20.9953,
        "Time": "2017-05-14 00:00:24",
        "Lines": "24",
        "Lat": 52.2263,
        "Brigade": "4"
      },
      {
        "Lon": 20.9957,
        "Time": "2017-05-14 00:00:34",
        "Lines": "24",
        "Lat": 52.2263,
        "Brigade": "4"
      },
      {
        "Lon": 20.9965,
        "Time": "2017-05-14 00:00:49",
        "Lines": "24",
        "Lat": 52.2265,
        "Brigade": "4"
      },
      {
        "Lon": 20.9983,
        "Time": "2017-05-14 00:00:59",
        "Lines": "24",
        "Lat": 52.2269,
        "Brigade": "4"
      },
      {
        "Lon": 21.0002,
        "Time": "2017-05-14 00:01:09",
        "Lines": "24",
        "Lat": 52.2273,
        "Brigade": "4"
      },
      {
        "Lon": 21.0014,
        "Time": "2017-05-14 00:01:19",
        "Lines": "24",
        "Lat": 52.2276,
        "Brigade": "4"
      },
      {
        "Lon": 21.0021,
        "Time": "2017-05-14 00:01:29",
        "Lines": "24",
        "Lat": 52.2277,
        "Brigade": "4"
      },
      {
        "Lon": 21.0035,
        "Time": "2017-05-14 00:01:44",
        "Lines": "24",
        "Lat": 52.228,
        "Brigade": "4"
      },
      {
        "Lon": 21.0039,
        "Time": "2017-05-14 00:01:49",
        "Lines": "24",
        "Lat": 52.2281,
        "Brigade": "4"
      },
      {
        "Lon": 21.0039,
        "Time": "2017-05-14 00:02:01",
        "Lines": "24",
        "Lat": 52.2281,
        "Brigade": "4"
      },
      {
        "Lon": 21.0045,
        "Time": "2017-05-14 00:02:16",
        "Lines": "24",
        "Lat": 52.2282,
        "Brigade": "4"
      },
      {
        "Lon": 21.0058,
        "Time": "2017-05-14 00:02:26",
        "Lines": "24",
        "Lat": 52.2285,
        "Brigade": "4"
      },
      {
        "Lon": 21.0075,
        "Time": "2017-05-14 00:02:36",
        "Lines": "24",
        "Lat": 52.2289,
        "Brigade": "4"
      },
      {
        "Lon": 21.0092,
        "Time": "2017-05-14 00:02:46",
        "Lines": "24",
        "Lat": 52.2293,
        "Brigade": "4"
      },
      {
        "Lon": 21.0111,
        "Time": "2017-05-14 00:03:01",
        "Lines": "24",
        "Lat": 52.2297,
        "Brigade": "4"
      },
      {
        "Lon": 21.0112,
        "Time": "2017-05-14 00:03:12",
        "Lines": "24",
        "Lat": 52.2297,
        "Brigade": "4"
      },
      {
        "Lon": 21.0112,
        "Time": "2017-05-14 00:03:21",
        "Lines": "24",
        "Lat": 52.2297,
        "Brigade": "4"
      },
      {
        "Lon": 21.0112,
        "Time": "2017-05-14 00:03:32",
        "Lines": "24",
        "Lat": 52.2297,
        "Brigade": "4"
      },
      {
        "Lon": 21.0112,
        "Time": "2017-05-14 00:03:41",
        "Lines": "24",
        "Lat": 52.2297,
        "Brigade": "4"
      },
      {
        "Lon": 21.0112,
        "Time": "2017-05-14 00:03:56",
        "Lines": "24",
        "Lat": 52.2297,
        "Brigade": "4"
      },
      {
        "Lon": 21.0112,
        "Time": "2017-05-14 00:04:06",
        "Lines": "24",
        "Lat": 52.2297,
        "Brigade": "4"
      },
      {
        "Lon": 21.0112,
        "Time": "2017-05-14 00:04:16",
        "Lines": "24",
        "Lat": 52.2297,
        "Brigade": "4"
      },
      {
        "Lon": 21.0112,
        "Time": "2017-05-14 00:04:26",
        "Lines": "24",
        "Lat": 52.2297,
        "Brigade": "4"
      },
      {
        "Lon": 21.0114,
        "Time": "2017-05-14 00:04:38",
        "Lines": "24",
        "Lat": 52.2297,
        "Brigade": "4"
      },
      {
        "Lon": 21.0124,
        "Time": "2017-05-14 00:04:46",
        "Lines": "24",
        "Lat": 52.2299,
        "Brigade": "4"
      },
      {
        "Lon": 21.0153,
        "Time": "2017-05-14 00:05:02",
        "Lines": "24",
        "Lat": 52.2305,
        "Brigade": "4"
      },
      {
        "Lon": 21.016,
        "Time": "2017-05-14 00:05:12",
        "Lines": "24",
        "Lat": 52.2307,
        "Brigade": "4"
      },
      {
        "Lon": 21.016,
        "Time": "2017-05-14 00:05:23",
        "Lines": "24",
        "Lat": 52.2307,
        "Brigade": "4"
      },
      {
        "Lon": 21.0161,
        "Time": "2017-05-14 00:05:33",
        "Lines": "24",
        "Lat": 52.2307,
        "Brigade": "4"
      },
      {
        "Lon": 21.0175,
        "Time": "2017-05-14 00:05:43",
        "Lines": "24",
        "Lat": 52.231,
        "Brigade": "4"
      },
      {
        "Lon": 21.0191,
        "Time": "2017-05-14 00:05:53",
        "Lines": "24",
        "Lat": 52.2313,
        "Brigade": "4"
      },
      {
        "Lon": 21.0202,
        "Time": "2017-05-14 00:06:08",
        "Lines": "24",
        "Lat": 52.2316,
        "Brigade": "4"
      },
      {
        "Lon": 21.0202,
        "Time": "2017-05-14 00:06:18",
        "Lines": "24",
        "Lat": 52.2316,
        "Brigade": "4"
      },
      {
        "Lon": 21.0202,
        "Time": "2017-05-14 00:06:28",
        "Lines": "24",
        "Lat": 52.2315,
        "Brigade": "4"
      },
      {
        "Lon": 21.0202,
        "Time": "2017-05-14 00:06:38",
        "Lines": "24",
        "Lat": 52.2315,
        "Brigade": "4"
      },
      {
        "Lon": 21.0202,
        "Time": "2017-05-14 00:06:48",
        "Lines": "24",
        "Lat": 52.2315,
        "Brigade": "4"
      },
      {
        "Lon": 21.0211,
        "Time": "2017-05-14 00:07:03",
        "Lines": "24",
        "Lat": 52.2317,
        "Brigade": "4"
      },
      {
        "Lon": 21.0227,
        "Time": "2017-05-14 00:07:13",
        "Lines": "24",
        "Lat": 52.2321,
        "Brigade": "4"
      },
      {
        "Lon": 21.0244,
        "Time": "2017-05-14 00:07:23",
        "Lines": "24",
        "Lat": 52.2324,
        "Brigade": "4"
      },
      {
        "Lon": 21.0273,
        "Time": "2017-05-14 00:07:38",
        "Lines": "24",
        "Lat": 52.233,
        "Brigade": "4"
      },
      {
        "Lon": 21.0291,
        "Time": "2017-05-14 00:07:48",
        "Lines": "24",
        "Lat": 52.2334,
        "Brigade": "4"
      },
      {
        "Lon": 21.03,
        "Time": "2017-05-14 00:07:53",
        "Lines": "24",
        "Lat": 52.2336,
        "Brigade": "4"
      },
      {
        "Lon": 21.0325,
        "Time": "2017-05-14 00:08:08",
        "Lines": "24",
        "Lat": 52.2341,
        "Brigade": "4"
      },
      {
        "Lon": 21.0342,
        "Time": "2017-05-14 00:08:18",
        "Lines": "24",
        "Lat": 52.2345,
        "Brigade": "4"
      },
      {
        "Lon": 21.0358,
        "Time": "2017-05-14 00:08:28",
        "Lines": "24",
        "Lat": 52.2348,
        "Brigade": "4"
      },
      {
        "Lon": 21.0373,
        "Time": "2017-05-14 00:08:43",
        "Lines": "24",
        "Lat": 52.2351,
        "Brigade": "4"
      },
      {
        "Lon": 21.0373,
        "Time": "2017-05-14 00:08:53",
        "Lines": "24",
        "Lat": 52.2351,
        "Brigade": "4"
      },
      {
        "Lon": 21.0373,
        "Time": "2017-05-14 00:09:08",
        "Lines": "24",
        "Lat": 52.2351,
        "Brigade": "4"
      },
      {
        "Lon": 21.0377,
        "Time": "2017-05-14 00:09:17",
        "Lines": "24",
        "Lat": 52.2352,
        "Brigade": "4"
      },
      {
        "Lon": 21.0394,
        "Time": "2017-05-14 00:09:28",
        "Lines": "24",
        "Lat": 52.2355,
        "Brigade": "4"
      },
      {
        "Lon": 21.0412,
        "Time": "2017-05-14 00:09:39",
        "Lines": "24",
        "Lat": 52.2359,
        "Brigade": "4"
      },
      {
        "Lon": 21.0432,
        "Time": "2017-05-14 00:09:48",
        "Lines": "24",
        "Lat": 52.2363,
        "Brigade": "4"
      },
      {
        "Lon": 21.0463,
        "Time": "2017-05-14 00:10:03",
        "Lines": "24",
        "Lat": 52.237,
        "Brigade": "4"
      },
      {
        "Lon": 21.048,
        "Time": "2017-05-14 00:10:13",
        "Lines": "24",
        "Lat": 52.2373,
        "Brigade": "4"
      },
      {
        "Lon": 21.0492,
        "Time": "2017-05-14 00:10:23",
        "Lines": "24",
        "Lat": 52.2376,
        "Brigade": "4"
      },
      {
        "Lon": 21.0499,
        "Time": "2017-05-14 00:10:33",
        "Lines": "24",
        "Lat": 52.2378,
        "Brigade": "4"
      },
      {
        "Lon": 21.0507,
        "Time": "2017-05-14 00:10:43",
        "Lines": "24",
        "Lat": 52.2379,
        "Brigade": "4"
      },
      {
        "Lon": 21.0509,
        "Time": "2017-05-14 00:10:58",
        "Lines": "24",
        "Lat": 52.238,
        "Brigade": "4"
      },
      {
        "Lon": 21.0509,
        "Time": "2017-05-14 00:11:08",
        "Lines": "24",
        "Lat": 52.238,
        "Brigade": "4"
      },
      {
        "Lon": 21.0509,
        "Time": "2017-05-14 00:11:18",
        "Lines": "24",
        "Lat": 52.238,
        "Brigade": "4"
      },
      {
        "Lon": 21.0509,
        "Time": "2017-05-14 00:11:28",
        "Lines": "24",
        "Lat": 52.238,
        "Brigade": "4"
      },
      {
        "Lon": 21.0509,
        "Time": "2017-05-14 00:11:38",
        "Lines": "24",
        "Lat": 52.238,
        "Brigade": "4"
      },
      {
        "Lon": 21.0509,
        "Time": "2017-05-14 00:11:53",
        "Lines": "24",
        "Lat": 52.238,
        "Brigade": "4"
      },
      {
        "Lon": 21.0509,
        "Time": "2017-05-14 00:12:03",
        "Lines": "24",
        "Lat": 52.238,
        "Brigade": "4"
      },
      {
        "Lon": 21.0509,
        "Time": "2017-05-14 00:12:13",
        "Lines": "24",
        "Lat": 52.238,
        "Brigade": "4"
      },
      {
        "Lon": 21.0509,
        "Time": "2017-05-14 00:12:23",
        "Lines": "24",
        "Lat": 52.238,
        "Brigade": "4"
      },
      {
        "Lon": 21.0509,
        "Time": "2017-05-14 00:12:38",
        "Lines": "24",
        "Lat": 52.238,
        "Brigade": "4"
      },
      {
        "Lon": 21.0512,
        "Time": "2017-05-14 00:12:49",
        "Lines": "24",
        "Lat": 52.2382,
        "Brigade": "4"
      },
      {
        "Lon": 21.0513,
        "Time": "2017-05-14 00:12:57",
        "Lines": "24",
        "Lat": 52.2387,
        "Brigade": "4"
      },
      {
        "Lon": 21.051,
        "Time": "2017-05-14 00:13:07",
        "Lines": "24",
        "Lat": 52.2394,
        "Brigade": "4"
      },
      {
        "Lon": 21.0509,
        "Time": "2017-05-14 00:13:22",
        "Lines": "24",
        "Lat": 52.2395,
        "Brigade": "4"
      },
      {
        "Lon": 21.0509,
        "Time": "2017-05-14 00:13:32",
        "Lines": "24",
        "Lat": 52.2395,
        "Brigade": "4"
      },
      {
        "Lon": 21.0506,
        "Time": "2017-05-14 00:13:42",
        "Lines": "24",
        "Lat": 52.2402,
        "Brigade": "4"
      },
      {
        "Lon": 21.0499,
        "Time": "2017-05-14 00:13:53",
        "Lines": "24",
        "Lat": 52.2415,
        "Brigade": "4"
      },
      {
        "Lon": 21.049,
        "Time": "2017-05-14 00:14:08",
        "Lines": "24",
        "Lat": 52.2435,
        "Brigade": "4"
      },
      {
        "Lon": 21.0484,
        "Time": "2017-05-14 00:14:18",
        "Lines": "24",
        "Lat": 52.2447,
        "Brigade": "4"
      },
      {
        "Lon": 21.0478,
        "Time": "2017-05-14 00:14:28",
        "Lines": "24",
        "Lat": 52.2458,
        "Brigade": "4"
      },
      {
        "Lon": 21.0475,
        "Time": "2017-05-14 00:14:38",
        "Lines": "24",
        "Lat": 52.2465,
        "Brigade": "4"
      },
      {
        "Lon": 21.0471,
        "Time": "2017-05-14 00:14:53",
        "Lines": "24",
        "Lat": 52.2473,
        "Brigade": "4"
      },
      {
        "Lon": 21.0471,
        "Time": "2017-05-14 00:15:03",
        "Lines": "24",
        "Lat": 52.2475,
        "Brigade": "4"
      },
      {
        "Lon": 21.0471,
        "Time": "2017-05-14 00:15:13",
        "Lines": "24",
        "Lat": 52.2475,
        "Brigade": "4"
      },
      {
        "Lon": 21.0471,
        "Time": "2017-05-14 00:15:23",
        "Lines": "24",
        "Lat": 52.2475,
        "Brigade": "4"
      },
      {
        "Lon": 21.047,
        "Time": "2017-05-14 00:15:33",
        "Lines": "24",
        "Lat": 52.248,
        "Brigade": "4"
      },
      {
        "Lon": 21.0462,
        "Time": "2017-05-14 00:15:47",
        "Lines": "24",
        "Lat": 52.2483,
        "Brigade": "4"
      },
      {
        "Lon": 21.0462,
        "Time": "2017-05-14 00:15:58",
        "Lines": "24",
        "Lat": 52.2483,
        "Brigade": "4"
      },
      {
        "Lon": 21.0462,
        "Time": "2017-05-14 00:16:08",
        "Lines": "24",
        "Lat": 52.2483,
        "Brigade": "4"
      },
      {
        "Lon": 21.0452,
        "Time": "2017-05-14 00:16:18",
        "Lines": "24",
        "Lat": 52.2486,
        "Brigade": "4"
      },
      {
        "Lon": 21.0439,
        "Time": "2017-05-14 00:16:33",
        "Lines": "24",
        "Lat": 52.2491,
        "Brigade": "4"
      },
      {
        "Lon": 21.0435,
        "Time": "2017-05-14 00:16:43",
        "Lines": "24",
        "Lat": 52.2493,
        "Brigade": "4"
      },
      {
        "Lon": 21.0431,
        "Time": "2017-05-14 00:16:54",
        "Lines": "24",
        "Lat": 52.2496,
        "Brigade": "4"
      },
      {
        "Lon": 21.0437,
        "Time": "2017-05-14 00:17:04",
        "Lines": "24",
        "Lat": 52.25,
        "Brigade": "4"
      },
      {
        "Lon": 21.044,
        "Time": "2017-05-14 00:17:14",
        "Lines": "24",
        "Lat": 52.2501,
        "Brigade": "4"
      },
      {
        "Lon": 21.0441,
        "Time": "2017-05-14 00:17:29",
        "Lines": "24",
        "Lat": 52.2501,
        "Brigade": "4"
      },
      {
        "Lon": 21.0451,
        "Time": "2017-05-14 00:17:39",
        "Lines": "24",
        "Lat": 52.2506,
        "Brigade": "4"
      },
      {
        "Lon": 21.0468,
        "Time": "2017-05-14 00:17:49",
        "Lines": "24",
        "Lat": 52.2515,
        "Brigade": "4"
      },
      {
        "Lon": 21.0487,
        "Time": "2017-05-14 00:17:59",
        "Lines": "24",
        "Lat": 52.2523,
        "Brigade": "4"
      },
      {
        "Lon": 21.0509,
        "Time": "2017-05-14 00:18:14",
        "Lines": "24",
        "Lat": 52.253,
        "Brigade": "4"
      },
      {
        "Lon": 21.0509,
        "Time": "2017-05-14 00:18:24",
        "Lines": "24",
        "Lat": 52.253,
        "Brigade": "4"
      },
      {
        "Lon": 21.0514,
        "Time": "2017-05-14 00:18:36",
        "Lines": "24",
        "Lat": 52.2531,
        "Brigade": "4"
      },
      {
        "Lon": 21.0526,
        "Time": "2017-05-14 00:18:44",
        "Lines": "24",
        "Lat": 52.2535,
        "Brigade": "4"
      },
      {
        "Lon": 21.0535,
        "Time": "2017-05-14 00:18:54",
        "Lines": "24",
        "Lat": 52.2538,
        "Brigade": "4"
      },
      {
        "Lon": 21.0542,
        "Time": "2017-05-14 00:19:09",
        "Lines": "24",
        "Lat": 52.2544,
        "Brigade": "4"
      },
      {
        "Lon": 21.0537,
        "Time": "2017-05-14 00:19:19",
        "Lines": "24",
        "Lat": 52.255,
        "Brigade": "4"
      },
      {
        "Lon": 21.0532,
        "Time": "2017-05-14 00:19:29",
        "Lines": "24",
        "Lat": 52.2556,
        "Brigade": "4"
      },
      {
        "Lon": 21.0529,
        "Time": "2017-05-14 00:19:40",
        "Lines": "24",
        "Lat": 52.2561,
        "Brigade": "4"
      },
      {
        "Lon": 21.0529,
        "Time": "2017-05-14 00:19:49",
        "Lines": "24",
        "Lat": 52.2562,
        "Brigade": "4"
      },
      {
        "Lon": 21.0542,
        "Time": "2017-05-14 00:20:04",
        "Lines": "24",
        "Lat": 52.2567,
        "Brigade": "4"
      },
      {
        "Lon": 21.0553,
        "Time": "2017-05-14 00:20:14",
        "Lines": "24",
        "Lat": 52.257,
        "Brigade": "4"
      },
      {
        "Lon": 21.0554,
        "Time": "2017-05-14 00:20:24",
        "Lines": "24",
        "Lat": 52.2571,
        "Brigade": "4"
      },
      {
        "Lon": 21.0554,
        "Time": "2017-05-14 00:20:34",
        "Lines": "24",
        "Lat": 52.2571,
        "Brigade": "4"
      },
      {
        "Lon": 21.0557,
        "Time": "2017-05-14 00:20:44",
        "Lines": "24",
        "Lat": 52.2571,
        "Brigade": "4"
      },
      {
        "Lon": 21.0558,
        "Time": "2017-05-14 00:20:59",
        "Lines": "24",
        "Lat": 52.2571,
        "Brigade": "4"
      },
      {
        "Lon": 21.0558,
        "Time": "2017-05-14 00:21:09",
        "Lines": "24",
        "Lat": 52.2571,
        "Brigade": "4"
      },
      {
        "Lon": 21.0558,
        "Time": "2017-05-14 00:21:19",
        "Lines": "24",
        "Lat": 52.2571,
        "Brigade": "4"
      },
      {
        "Lon": 21.0558,
        "Time": "2017-05-14 00:21:29",
        "Lines": "24",
        "Lat": 52.2571,
        "Brigade": "4"
      },
      {
        "Lon": 21.0558,
        "Time": "2017-05-14 00:21:44",
        "Lines": "24",
        "Lat": 52.257,
        "Brigade": "4"
      },
      {
        "Lon": 21.0559,
        "Time": "2017-05-14 00:21:54",
        "Lines": "24",
        "Lat": 52.257,
        "Brigade": "4"
      },
      {
        "Lon": 21.056,
        "Time": "2017-05-14 00:22:04",
        "Lines": "24",
        "Lat": 52.2569,
        "Brigade": "4"
      },
      {
        "Lon": 21.0562,
        "Time": "2017-05-14 00:22:14",
        "Lines": "24",
        "Lat": 52.2567,
        "Brigade": "4"
      },
      {
        "Lon": 21.0564,
        "Time": "2017-05-14 00:22:24",
        "Lines": "24",
        "Lat": 52.2565,
        "Brigade": "4"
      }
    ]
  }
]
