[
  {
    "res": [
      {
        "Lon": 20.9337,
        "Time": "2017-05-14 00:00:02",
        "Lines": "24",
        "Lat": 52.2783,
        "Brigade": "8"
      },
      {
        "Lon": 20.9323,
        "Time": "2017-05-14 00:00:16",
        "Lines": "24",
        "Lat": 52.2789,
        "Brigade": "8"
      },
      {
        "Lon": 20.9309,
        "Time": "2017-05-14 00:00:27",
        "Lines": "24",
        "Lat": 52.2793,
        "Brigade": "8"
      },
      {
        "Lon": 20.9298,
        "Time": "2017-05-14 00:00:37",
        "Lines": "24",
        "Lat": 52.2798,
        "Brigade": "8"
      },
      {
        "Lon": 20.9287,
        "Time": "2017-05-14 00:00:46",
        "Lines": "24",
        "Lat": 52.2801,
        "Brigade": "8"
      },
      {
        "Lon": 20.9285,
        "Time": "2017-05-14 00:00:56",
        "Lines": "24",
        "Lat": 52.2802,
        "Brigade": "8"
      },
      {
        "Lon": 20.927,
        "Time": "2017-05-14 00:01:11",
        "Lines": "24",
        "Lat": 52.2806,
        "Brigade": "8"
      },
      {
        "Lon": 20.9259,
        "Time": "2017-05-14 00:01:21",
        "Lines": "24",
        "Lat": 52.2809,
        "Brigade": "8"
      },
      {
        "Lon": 20.9248,
        "Time": "2017-05-14 00:01:32",
        "Lines": "24",
        "Lat": 52.2812,
        "Brigade": "8"
      },
      {
        "Lon": 20.9248,
        "Time": "2017-05-14 00:01:42",
        "Lines": "24",
        "Lat": 52.2812,
        "Brigade": "8"
      },
      {
        "Lon": 20.9248,
        "Time": "2017-05-14 00:01:51",
        "Lines": "24",
        "Lat": 52.2812,
        "Brigade": "8"
      },
      {
        "Lon": 20.9248,
        "Time": "2017-05-14 00:02:01",
        "Lines": "24",
        "Lat": 52.2812,
        "Brigade": "8"
      },
      {
        "Lon": 20.9241,
        "Time": "2017-05-14 00:02:16",
        "Lines": "24",
        "Lat": 52.2814,
        "Brigade": "8"
      },
      {
        "Lon": 20.9228,
        "Time": "2017-05-14 00:02:27",
        "Lines": "24",
        "Lat": 52.2817,
        "Brigade": "8"
      },
      {
        "Lon": 20.9213,
        "Time": "2017-05-14 00:02:36",
        "Lines": "24",
        "Lat": 52.282,
        "Brigade": "8"
      },
      {
        "Lon": 20.9205,
        "Time": "2017-05-14 00:02:47",
        "Lines": "24",
        "Lat": 52.2822,
        "Brigade": "8"
      },
      {
        "Lon": 20.9202,
        "Time": "2017-05-14 00:02:57",
        "Lines": "24",
        "Lat": 52.2824,
        "Brigade": "8"
      },
      {
        "Lon": 20.9208,
        "Time": "2017-05-14 00:03:07",
        "Lines": "24",
        "Lat": 52.283,
        "Brigade": "8"
      },
      {
        "Lon": 20.922,
        "Time": "2017-05-14 00:03:22",
        "Lines": "24",
        "Lat": 52.2839,
        "Brigade": "8"
      },
      {
        "Lon": 20.9227,
        "Time": "2017-05-14 00:03:32",
        "Lines": "24",
        "Lat": 52.2846,
        "Brigade": "8"
      },
      {
        "Lon": 20.923,
        "Time": "2017-05-14 00:03:42",
        "Lines": "24",
        "Lat": 52.2848,
        "Brigade": "8"
      },
      {
        "Lon": 20.9235,
        "Time": "2017-05-14 00:03:52",
        "Lines": "24",
        "Lat": 52.2852,
        "Brigade": "8"
      },
      {
        "Lon": 20.925,
        "Time": "2017-05-14 00:04:07",
        "Lines": "24",
        "Lat": 52.2864,
        "Brigade": "8"
      },
      {
        "Lon": 20.9255,
        "Time": "2017-05-14 00:04:12",
        "Lines": "24",
        "Lat": 52.2868,
        "Brigade": "8"
      },
      {
        "Lon": 20.9272,
        "Time": "2017-05-14 00:04:27",
        "Lines": "24",
        "Lat": 52.2881,
        "Brigade": "8"
      },
      {
        "Lon": 20.9283,
        "Time": "2017-05-14 00:04:37",
        "Lines": "24",
        "Lat": 52.2891,
        "Brigade": "8"
      },
      {
        "Lon": 20.9293,
        "Time": "2017-05-14 00:04:47",
        "Lines": "24",
        "Lat": 52.2899,
        "Brigade": "8"
      },
      {
        "Lon": 20.9298,
        "Time": "2017-05-14 00:05:02",
        "Lines": "24",
        "Lat": 52.2904,
        "Brigade": "8"
      },
      {
        "Lon": 20.9298,
        "Time": "2017-05-14 00:05:12",
        "Lines": "24",
        "Lat": 52.2904,
        "Brigade": "8"
      },
      {
        "Lon": 20.9298,
        "Time": "2017-05-14 00:05:22",
        "Lines": "24",
        "Lat": 52.2904,
        "Brigade": "8"
      },
      {
        "Lon": 20.9299,
        "Time": "2017-05-14 00:05:32",
        "Lines": "24",
        "Lat": 52.2904,
        "Brigade": "8"
      },
      {
        "Lon": 20.9303,
        "Time": "2017-05-14 00:05:43",
        "Lines": "24",
        "Lat": 52.2908,
        "Brigade": "8"
      },
      {
        "Lon": 20.93,
        "Time": "2017-05-14 00:05:52",
        "Lines": "24",
        "Lat": 52.2911,
        "Brigade": "8"
      },
      {
        "Lon": 20.9301,
        "Time": "2017-05-14 00:06:07",
        "Lines": "24",
        "Lat": 52.2917,
        "Brigade": "8"
      },
      {
        "Lon": 20.9303,
        "Time": "2017-05-14 00:06:17",
        "Lines": "24",
        "Lat": 52.2919,
        "Brigade": "8"
      },
      {
        "Lon": 20.9303,
        "Time": "2017-05-14 00:06:27",
        "Lines": "24",
        "Lat": 52.2921,
        "Brigade": "8"
      },
      {
        "Lon": 20.9299,
        "Time": "2017-05-14 00:06:37",
        "Lines": "24",
        "Lat": 52.2924,
        "Brigade": "8"
      },
      {
        "Lon": 20.9296,
        "Time": "2017-05-14 00:06:47",
        "Lines": "24",
        "Lat": 52.2927,
        "Brigade": "8"
      },
      {
        "Lon": 20.9302,
        "Time": "2017-05-14 00:07:02",
        "Lines": "24",
        "Lat": 52.2933,
        "Brigade": "8"
      },
      {
        "Lon": 20.9314,
        "Time": "2017-05-14 00:07:12",
        "Lines": "24",
        "Lat": 52.2943,
        "Brigade": "8"
      },
      {
        "Lon": 20.9324,
        "Time": "2017-05-14 00:07:22",
        "Lines": "24",
        "Lat": 52.2955,
        "Brigade": "8"
      },
      {
        "Lon": 20.9334,
        "Time": "2017-05-14 00:07:39",
        "Lines": "24",
        "Lat": 52.2971,
        "Brigade": "8"
      },
      {
        "Lon": 20.9338,
        "Time": "2017-05-14 00:07:47",
        "Lines": "24",
        "Lat": 52.2978,
        "Brigade": "8"
      },
      {
        "Lon": 20.9341,
        "Time": "2017-05-14 00:07:57",
        "Lines": "24",
        "Lat": 52.2983,
        "Brigade": "8"
      },
      {
        "Lon": 20.9344,
        "Time": "2017-05-14 00:08:07",
        "Lines": "24",
        "Lat": 52.2986,
        "Brigade": "8"
      },
      {
        "Lon": 20.9344,
        "Time": "2017-05-14 00:08:17",
        "Lines": "24",
        "Lat": 52.2986,
        "Brigade": "8"
      },
      {
        "Lon": 20.9345,
        "Time": "2017-05-14 00:08:32",
        "Lines": "24",
        "Lat": 52.2991,
        "Brigade": "8"
      },
      {
        "Lon": 20.9342,
        "Time": "2017-05-14 00:08:42",
        "Lines": "24",
        "Lat": 52.2992,
        "Brigade": "8"
      },
      {
        "Lon": 20.9342,
        "Time": "2017-05-14 00:08:52",
        "Lines": "24",
        "Lat": 52.2992,
        "Brigade": "8"
      }
    ]
  }
]
