[
  {
    "res": [
      {
        "Lon": 21.0636,
        "Time": "2017-05-14 00:00:04",
        "Lines": "26",
        "Lat": 52.2466,
        "Brigade": "5"
      },
      {
        "Lon": 21.0621,
        "Time": "2017-05-14 00:00:14",
        "Lines": "26",
        "Lat": 52.2467,
        "Brigade": "5"
      },
      {
        "Lon": 21.0602,
        "Time": "2017-05-14 00:00:25",
        "Lines": "26",
        "Lat": 52.2468,
        "Brigade": "5"
      },
      {
        "Lon": 21.0587,
        "Time": "2017-05-14 00:00:35",
        "Lines": "26",
        "Lat": 52.2469,
        "Brigade": "5"
      },
      {
        "Lon": 21.0579,
        "Time": "2017-05-14 00:00:57",
        "Lines": "26",
        "Lat": 52.247,
        "Brigade": "5"
      },
      {
        "Lon": 21.0559,
        "Time": "2017-05-14 00:01:07",
        "Lines": "26",
        "Lat": 52.2471,
        "Brigade": "5"
      },
      {
        "Lon": 21.0536,
        "Time": "2017-05-14 00:01:17",
        "Lines": "26",
        "Lat": 52.2473,
        "Brigade": "5"
      },
      {
        "Lon": 21.0524,
        "Time": "2017-05-14 00:01:33",
        "Lines": "26",
        "Lat": 52.2474,
        "Brigade": "5"
      },
      {
        "Lon": 21.0524,
        "Time": "2017-05-14 00:01:44",
        "Lines": "26",
        "Lat": 52.2474,
        "Brigade": "5"
      },
      {
        "Lon": 21.0524,
        "Time": "2017-05-14 00:01:54",
        "Lines": "26",
        "Lat": 52.2474,
        "Brigade": "5"
      },
      {
        "Lon": 21.0524,
        "Time": "2017-05-14 00:02:04",
        "Lines": "26",
        "Lat": 52.2474,
        "Brigade": "5"
      },
      {
        "Lon": 21.0523,
        "Time": "2017-05-14 00:02:15",
        "Lines": "26",
        "Lat": 52.2474,
        "Brigade": "5"
      },
      {
        "Lon": 21.0506,
        "Time": "2017-05-14 00:02:26",
        "Lines": "26",
        "Lat": 52.2474,
        "Brigade": "5"
      },
      {
        "Lon": 21.049,
        "Time": "2017-05-14 00:02:36",
        "Lines": "26",
        "Lat": 52.2475,
        "Brigade": "5"
      },
      {
        "Lon": 21.0478,
        "Time": "2017-05-14 00:02:46",
        "Lines": "26",
        "Lat": 52.2478,
        "Brigade": "5"
      },
      {
        "Lon": 21.0466,
        "Time": "2017-05-14 00:02:57",
        "Lines": "26",
        "Lat": 52.2481,
        "Brigade": "5"
      },
      {
        "Lon": 21.0461,
        "Time": "2017-05-14 00:03:07",
        "Lines": "26",
        "Lat": 52.2483,
        "Brigade": "5"
      },
      {
        "Lon": 21.0461,
        "Time": "2017-05-14 00:03:23",
        "Lines": "26",
        "Lat": 52.2483,
        "Brigade": "5"
      },
      {
        "Lon": 21.0461,
        "Time": "2017-05-14 00:03:34",
        "Lines": "26",
        "Lat": 52.2483,
        "Brigade": "5"
      },
      {
        "Lon": 21.0459,
        "Time": "2017-05-14 00:03:44",
        "Lines": "26",
        "Lat": 52.2484,
        "Brigade": "5"
      },
      {
        "Lon": 21.0447,
        "Time": "2017-05-14 00:03:55",
        "Lines": "26",
        "Lat": 52.2488,
        "Brigade": "5"
      },
      {
        "Lon": 21.0438,
        "Time": "2017-05-14 00:04:05",
        "Lines": "26",
        "Lat": 52.2492,
        "Brigade": "5"
      },
      {
        "Lon": 21.0435,
        "Time": "2017-05-14 00:04:16",
        "Lines": "26",
        "Lat": 52.2493,
        "Brigade": "5"
      },
      {
        "Lon": 21.0435,
        "Time": "2017-05-14 00:04:26",
        "Lines": "26",
        "Lat": 52.2493,
        "Brigade": "5"
      },
      {
        "Lon": 21.0435,
        "Time": "2017-05-14 00:04:37",
        "Lines": "26",
        "Lat": 52.2493,
        "Brigade": "5"
      },
      {
        "Lon": 21.0435,
        "Time": "2017-05-14 00:04:47",
        "Lines": "26",
        "Lat": 52.2493,
        "Brigade": "5"
      },
      {
        "Lon": 21.0432,
        "Time": "2017-05-14 00:04:58",
        "Lines": "26",
        "Lat": 52.2493,
        "Brigade": "5"
      },
      {
        "Lon": 21.0434,
        "Time": "2017-05-14 00:05:09",
        "Lines": "26",
        "Lat": 52.2499,
        "Brigade": "5"
      },
      {
        "Lon": 21.0439,
        "Time": "2017-05-14 00:05:24",
        "Lines": "26",
        "Lat": 52.2501,
        "Brigade": "5"
      },
      {
        "Lon": 21.044,
        "Time": "2017-05-14 00:05:34",
        "Lines": "26",
        "Lat": 52.2501,
        "Brigade": "5"
      },
      {
        "Lon": 21.045,
        "Time": "2017-05-14 00:05:45",
        "Lines": "26",
        "Lat": 52.2507,
        "Brigade": "5"
      },
      {
        "Lon": 21.0468,
        "Time": "2017-05-14 00:05:55",
        "Lines": "26",
        "Lat": 52.2516,
        "Brigade": "5"
      },
      {
        "Lon": 21.0486,
        "Time": "2017-05-14 00:06:06",
        "Lines": "26",
        "Lat": 52.2523,
        "Brigade": "5"
      },
      {
        "Lon": 21.0505,
        "Time": "2017-05-14 00:06:17",
        "Lines": "26",
        "Lat": 52.2529,
        "Brigade": "5"
      },
      {
        "Lon": 21.0509,
        "Time": "2017-05-14 00:06:27",
        "Lines": "26",
        "Lat": 52.253,
        "Brigade": "5"
      },
      {
        "Lon": 21.0512,
        "Time": "2017-05-14 00:06:39",
        "Lines": "26",
        "Lat": 52.2531,
        "Brigade": "5"
      },
      {
        "Lon": 21.0526,
        "Time": "2017-05-14 00:06:48",
        "Lines": "26",
        "Lat": 52.2536,
        "Brigade": "5"
      },
      {
        "Lon": 21.0533,
        "Time": "2017-05-14 00:06:54",
        "Lines": "26",
        "Lat": 52.2538,
        "Brigade": "5"
      },
      {
        "Lon": 21.0538,
        "Time": "2017-05-14 00:07:14",
        "Lines": "26",
        "Lat": 52.2548,
        "Brigade": "5"
      },
      {
        "Lon": 21.0532,
        "Time": "2017-05-14 00:07:24",
        "Lines": "26",
        "Lat": 52.2556,
        "Brigade": "5"
      },
      {
        "Lon": 21.0527,
        "Time": "2017-05-14 00:07:35",
        "Lines": "26",
        "Lat": 52.2561,
        "Brigade": "5"
      },
      {
        "Lon": 21.0527,
        "Time": "2017-05-14 00:07:45",
        "Lines": "26",
        "Lat": 52.2561,
        "Brigade": "5"
      },
      {
        "Lon": 21.0527,
        "Time": "2017-05-14 00:07:56",
        "Lines": "26",
        "Lat": 52.2561,
        "Brigade": "5"
      },
      {
        "Lon": 21.0527,
        "Time": "2017-05-14 00:08:06",
        "Lines": "26",
        "Lat": 52.2561,
        "Brigade": "5"
      },
      {
        "Lon": 21.0529,
        "Time": "2017-05-14 00:08:17",
        "Lines": "26",
        "Lat": 52.2564,
        "Brigade": "5"
      },
      {
        "Lon": 21.0541,
        "Time": "2017-05-14 00:08:33",
        "Lines": "26",
        "Lat": 52.2567,
        "Brigade": "5"
      },
      {
        "Lon": 21.0546,
        "Time": "2017-05-14 00:08:43",
        "Lines": "26",
        "Lat": 52.2568,
        "Brigade": "5"
      },
      {
        "Lon": 21.0547,
        "Time": "2017-05-14 00:08:54",
        "Lines": "26",
        "Lat": 52.2568,
        "Brigade": "5"
      },
      {
        "Lon": 21.055,
        "Time": "2017-05-14 00:09:04",
        "Lines": "26",
        "Lat": 52.257,
        "Brigade": "5"
      },
      {
        "Lon": 21.055,
        "Time": "2017-05-14 00:09:15",
        "Lines": "26",
        "Lat": 52.257,
        "Brigade": "5"
      },
      {
        "Lon": 21.055,
        "Time": "2017-05-14 00:09:25",
        "Lines": "26",
        "Lat": 52.257,
        "Brigade": "5"
      },
      {
        "Lon": 21.055,
        "Time": "2017-05-14 00:09:41",
        "Lines": "26",
        "Lat": 52.257,
        "Brigade": "5"
      },
      {
        "Lon": 21.055,
        "Time": "2017-05-14 00:09:51",
        "Lines": "26",
        "Lat": 52.257,
        "Brigade": "5"
      },
      {
        "Lon": 21.0553,
        "Time": "2017-05-14 00:10:02",
        "Lines": "26",
        "Lat": 52.2571,
        "Brigade": "5"
      },
      {
        "Lon": 21.0553,
        "Time": "2017-05-14 00:10:12",
        "Lines": "26",
        "Lat": 52.2571,
        "Brigade": "5"
      },
      {
        "Lon": 21.0553,
        "Time": "2017-05-14 00:10:23",
        "Lines": "26",
        "Lat": 52.2571,
        "Brigade": "5"
      },
      {
        "Lon": 21.0553,
        "Time": "2017-05-14 00:10:28",
        "Lines": "26",
        "Lat": 52.2571,
        "Brigade": "5"
      },
      {
        "Lon": 21.0553,
        "Time": "2017-05-14 00:10:44",
        "Lines": "26",
        "Lat": 52.2571,
        "Brigade": "5"
      },
      {
        "Lon": 21.0553,
        "Time": "2017-05-14 00:10:54",
        "Lines": "26",
        "Lat": 52.2571,
        "Brigade": "5"
      },
      {
        "Lon": 21.0553,
        "Time": "2017-05-14 00:11:05",
        "Lines": "26",
        "Lat": 52.2571,
        "Brigade": "5"
      },
      {
        "Lon": 21.0553,
        "Time": "2017-05-14 00:11:20",
        "Lines": "26",
        "Lat": 52.2571,
        "Brigade": "5"
      }
    ]
  }
]
