[
  {
    "res": [
      {
        "Lon": 20.9282,
        "Time": "2017-05-14 00:00:02",
        "Lines": "33",
        "Lat": 52.2891,
        "Brigade": "15"
      },
      {
        "Lon": 20.9285,
        "Time": "2017-05-14 00:00:16",
        "Lines": "33",
        "Lat": 52.2894,
        "Brigade": "15"
      },
      {
        "Lon": 20.9288,
        "Time": "2017-05-14 00:00:26",
        "Lines": "33",
        "Lat": 52.2896,
        "Brigade": "15"
      },
      {
        "Lon": 20.9297,
        "Time": "2017-05-14 00:00:37",
        "Lines": "33",
        "Lat": 52.2904,
        "Brigade": "15"
      },
      {
        "Lon": 20.9297,
        "Time": "2017-05-14 00:00:47",
        "Lines": "33",
        "Lat": 52.2904,
        "Brigade": "15"
      },
      {
        "Lon": 20.9297,
        "Time": "2017-05-14 00:00:58",
        "Lines": "33",
        "Lat": 52.2904,
        "Brigade": "15"
      },
      {
        "Lon": 20.9297,
        "Time": "2017-05-14 00:01:08",
        "Lines": "33",
        "Lat": 52.2904,
        "Brigade": "15"
      },
      {
        "Lon": 20.9297,
        "Time": "2017-05-14 00:01:19",
        "Lines": "33",
        "Lat": 52.2904,
        "Brigade": "15"
      },
      {
        "Lon": 20.9297,
        "Time": "2017-05-14 00:01:29",
        "Lines": "33",
        "Lat": 52.2904,
        "Brigade": "15"
      },
      {
        "Lon": 20.9297,
        "Time": "2017-05-14 00:01:45",
        "Lines": "33",
        "Lat": 52.2904,
        "Brigade": "15"
      },
      {
        "Lon": 20.9297,
        "Time": "2017-05-14 00:01:50",
        "Lines": "33",
        "Lat": 52.2904,
        "Brigade": "15"
      },
      {
        "Lon": 20.9302,
        "Time": "2017-05-14 00:02:06",
        "Lines": "33",
        "Lat": 52.291,
        "Brigade": "15"
      },
      {
        "Lon": 20.9297,
        "Time": "2017-05-14 00:02:16",
        "Lines": "33",
        "Lat": 52.2913,
        "Brigade": "15"
      },
      {
        "Lon": 20.9299,
        "Time": "2017-05-14 00:02:27",
        "Lines": "33",
        "Lat": 52.2917,
        "Brigade": "15"
      },
      {
        "Lon": 20.9302,
        "Time": "2017-05-14 00:02:38",
        "Lines": "33",
        "Lat": 52.2919,
        "Brigade": "15"
      },
      {
        "Lon": 20.9302,
        "Time": "2017-05-14 00:02:48",
        "Lines": "33",
        "Lat": 52.2919,
        "Brigade": "15"
      },
      {
        "Lon": 20.9303,
        "Time": "2017-05-14 00:02:58",
        "Lines": "33",
        "Lat": 52.2921,
        "Brigade": "15"
      },
      {
        "Lon": 20.9299,
        "Time": "2017-05-14 00:03:09",
        "Lines": "33",
        "Lat": 52.2924,
        "Brigade": "15"
      },
      {
        "Lon": 20.9296,
        "Time": "2017-05-14 00:03:22",
        "Lines": "33",
        "Lat": 52.2926,
        "Brigade": "15"
      },
      {
        "Lon": 20.9295,
        "Time": "2017-05-14 00:03:30",
        "Lines": "33",
        "Lat": 52.2927,
        "Brigade": "15"
      }
    ]
  }
]
