[
  {
    "res": [
      {
        "Lon": 20.9256,
        "Time": "2017-05-14 00:00:02",
        "Lines": "35",
        "Lat": 52.2613,
        "Brigade": "2"
      },
      {
        "Lon": 20.9254,
        "Time": "2017-05-14 00:00:12",
        "Lines": "35",
        "Lat": 52.261,
        "Brigade": "2"
      },
      {
        "Lon": 20.9252,
        "Time": "2017-05-14 00:00:23",
        "Lines": "35",
        "Lat": 52.2606,
        "Brigade": "2"
      },
      {
        "Lon": 20.9248,
        "Time": "2017-05-14 00:00:39",
        "Lines": "35",
        "Lat": 52.2602,
        "Brigade": "2"
      },
      {
        "Lon": 20.9248,
        "Time": "2017-05-14 00:00:49",
        "Lines": "35",
        "Lat": 52.2602,
        "Brigade": "2"
      },
      {
        "Lon": 20.9248,
        "Time": "2017-05-14 00:00:59",
        "Lines": "35",
        "Lat": 52.2602,
        "Brigade": "2"
      },
      {
        "Lon": 20.9248,
        "Time": "2017-05-14 00:01:10",
        "Lines": "35",
        "Lat": 52.2602,
        "Brigade": "2"
      },
      {
        "Lon": 20.9248,
        "Time": "2017-05-14 00:01:20",
        "Lines": "35",
        "Lat": 52.2602,
        "Brigade": "2"
      },
      {
        "Lon": 20.9248,
        "Time": "2017-05-14 00:01:31",
        "Lines": "35",
        "Lat": 52.2602,
        "Brigade": "2"
      },
      {
        "Lon": 20.9248,
        "Time": "2017-05-14 00:01:41",
        "Lines": "35",
        "Lat": 52.2602,
        "Brigade": "2"
      },
      {
        "Lon": 20.9248,
        "Time": "2017-05-14 00:01:52",
        "Lines": "35",
        "Lat": 52.2602,
        "Brigade": "2"
      },
      {
        "Lon": 20.9248,
        "Time": "2017-05-14 00:02:02",
        "Lines": "35",
        "Lat": 52.2602,
        "Brigade": "2"
      },
      {
        "Lon": 20.9248,
        "Time": "2017-05-14 00:02:13",
        "Lines": "35",
        "Lat": 52.2602,
        "Brigade": "2"
      },
      {
        "Lon": 20.9248,
        "Time": "2017-05-14 00:02:23",
        "Lines": "35",
        "Lat": 52.2602,
        "Brigade": "2"
      },
      {
        "Lon": 20.9248,
        "Time": "2017-05-14 00:02:39",
        "Lines": "35",
        "Lat": 52.2602,
        "Brigade": "2"
      },
      {
        "Lon": 20.9248,
        "Time": "2017-05-14 00:02:50",
        "Lines": "35",
        "Lat": 52.2602,
        "Brigade": "2"
      },
      {
        "Lon": 20.9248,
        "Time": "2017-05-14 00:03:00",
        "Lines": "35",
        "Lat": 52.2602,
        "Brigade": "2"
      },
      {
        "Lon": 20.9248,
        "Time": "2017-05-14 00:03:11",
        "Lines": "35",
        "Lat": 52.2602,
        "Brigade": "2"
      },
      {
        "Lon": 20.9248,
        "Time": "2017-05-14 00:03:21",
        "Lines": "35",
        "Lat": 52.2602,
        "Brigade": "2"
      },
      {
        "Lon": 20.9248,
        "Time": "2017-05-14 00:03:32",
        "Lines": "35",
        "Lat": 52.2602,
        "Brigade": "2"
      },
      {
        "Lon": 20.9248,
        "Time": "2017-05-14 00:03:42",
        "Lines": "35",
        "Lat": 52.2602,
        "Brigade": "2"
      },
      {
        "Lon": 20.9248,
        "Time": "2017-05-14 00:03:52",
        "Lines": "35",
        "Lat": 52.2602,
        "Brigade": "2"
      },
      {
        "Lon": 20.9248,
        "Time": "2017-05-14 00:04:03",
        "Lines": "35",
        "Lat": 52.2602,
        "Brigade": "2"
      },
      {
        "Lon": 20.9248,
        "Time": "2017-05-14 00:04:13",
        "Lines": "35",
        "Lat": 52.2602,
        "Brigade": "2"
      },
      {
        "Lon": 20.9248,
        "Time": "2017-05-14 00:04:29",
        "Lines": "35",
        "Lat": 52.2602,
        "Brigade": "2"
      },
      {
        "Lon": 20.9248,
        "Time": "2017-05-14 00:04:40",
        "Lines": "35",
        "Lat": 52.2602,
        "Brigade": "2"
      },
      {
        "Lon": 20.9248,
        "Time": "2017-05-14 00:04:50",
        "Lines": "35",
        "Lat": 52.2602,
        "Brigade": "2"
      },
      {
        "Lon": 20.9248,
        "Time": "2017-05-14 00:05:01",
        "Lines": "35",
        "Lat": 52.2602,
        "Brigade": "2"
      },
      {
        "Lon": 20.9248,
        "Time": "2017-05-14 00:05:11",
        "Lines": "35",
        "Lat": 52.2602,
        "Brigade": "2"
      },
      {
        "Lon": 20.9248,
        "Time": "2017-05-14 00:05:22",
        "Lines": "35",
        "Lat": 52.2602,
        "Brigade": "2"
      },
      {
        "Lon": 20.9248,
        "Time": "2017-05-14 00:05:32",
        "Lines": "35",
        "Lat": 52.2602,
        "Brigade": "2"
      },
      {
        "Lon": 20.9248,
        "Time": "2017-05-14 00:05:43",
        "Lines": "35",
        "Lat": 52.2602,
        "Brigade": "2"
      },
      {
        "Lon": 20.9248,
        "Time": "2017-05-14 00:05:53",
        "Lines": "35",
        "Lat": 52.2602,
        "Brigade": "2"
      },
      {
        "Lon": 20.9248,
        "Time": "2017-05-14 00:06:04",
        "Lines": "35",
        "Lat": 52.2602,
        "Brigade": "2"
      },
      {
        "Lon": 20.9248,
        "Time": "2017-05-14 00:06:19",
        "Lines": "35",
        "Lat": 52.2602,
        "Brigade": "2"
      },
      {
        "Lon": 20.9248,
        "Time": "2017-05-14 00:06:30",
        "Lines": "35",
        "Lat": 52.2602,
        "Brigade": "2"
      },
      {
        "Lon": 20.9248,
        "Time": "2017-05-14 00:06:40",
        "Lines": "35",
        "Lat": 52.2602,
        "Brigade": "2"
      },
      {
        "Lon": 20.9248,
        "Time": "2017-05-14 00:06:51",
        "Lines": "35",
        "Lat": 52.2602,
        "Brigade": "2"
      },
      {
        "Lon": 20.9248,
        "Time": "2017-05-14 00:07:01",
        "Lines": "35",
        "Lat": 52.2602,
        "Brigade": "2"
      },
      {
        "Lon": 20.9248,
        "Time": "2017-05-14 00:07:12",
        "Lines": "35",
        "Lat": 52.2602,
        "Brigade": "2"
      },
      {
        "Lon": 20.9248,
        "Time": "2017-05-14 00:07:22",
        "Lines": "35",
        "Lat": 52.2602,
        "Brigade": "2"
      },
      {
        "Lon": 20.9248,
        "Time": "2017-05-14 00:07:38",
        "Lines": "35",
        "Lat": 52.2602,
        "Brigade": "2"
      },
      {
        "Lon": 20.9248,
        "Time": "2017-05-14 00:07:48",
        "Lines": "35",
        "Lat": 52.2602,
        "Brigade": "2"
      },
      {
        "Lon": 20.9248,
        "Time": "2017-05-14 00:07:59",
        "Lines": "35",
        "Lat": 52.2602,
        "Brigade": "2"
      },
      {
        "Lon": 20.9248,
        "Time": "2017-05-14 00:08:10",
        "Lines": "35",
        "Lat": 52.2602,
        "Brigade": "2"
      },
      {
        "Lon": 20.9248,
        "Time": "2017-05-14 00:08:20",
        "Lines": "35",
        "Lat": 52.2602,
        "Brigade": "2"
      },
      {
        "Lon": 20.9248,
        "Time": "2017-05-14 00:08:30",
        "Lines": "35",
        "Lat": 52.2602,
        "Brigade": "2"
      },
      {
        "Lon": 20.9248,
        "Time": "2017-05-14 00:08:41",
        "Lines": "35",
        "Lat": 52.2602,
        "Brigade": "2"
      },
      {
        "Lon": 20.9248,
        "Time": "2017-05-14 00:08:51",
        "Lines": "35",
        "Lat": 52.2602,
        "Brigade": "2"
      },
      {
        "Lon": 20.9248,
        "Time": "2017-05-14 00:09:07",
        "Lines": "35",
        "Lat": 52.2602,
        "Brigade": "2"
      },
      {
        "Lon": 20.9248,
        "Time": "2017-05-14 00:09:18",
        "Lines": "35",
        "Lat": 52.2602,
        "Brigade": "2"
      },
      {
        "Lon": 20.9248,
        "Time": "2017-05-14 00:09:28",
        "Lines": "35",
        "Lat": 52.2602,
        "Brigade": "2"
      },
      {
        "Lon": 20.9248,
        "Time": "2017-05-14 00:09:39",
        "Lines": "35",
        "Lat": 52.2602,
        "Brigade": "2"
      },
      {
        "Lon": 20.9248,
        "Time": "2017-05-14 00:09:49",
        "Lines": "35",
        "Lat": 52.2602,
        "Brigade": "2"
      },
      {
        "Lon": 20.9248,
        "Time": "2017-05-14 00:10:00",
        "Lines": "35",
        "Lat": 52.2602,
        "Brigade": "2"
      },
      {
        "Lon": 20.9248,
        "Time": "2017-05-14 00:10:10",
        "Lines": "35",
        "Lat": 52.2602,
        "Brigade": "2"
      },
      {
        "Lon": 20.9248,
        "Time": "2017-05-14 00:10:20",
        "Lines": "35",
        "Lat": 52.2602,
        "Brigade": "2"
      },
      {
        "Lon": 20.9248,
        "Time": "2017-05-14 00:10:36",
        "Lines": "35",
        "Lat": 52.2602,
        "Brigade": "2"
      },
      {
        "Lon": 20.9248,
        "Time": "2017-05-14 00:10:47",
        "Lines": "35",
        "Lat": 52.2602,
        "Brigade": "2"
      },
      {
        "Lon": 20.9248,
        "Time": "2017-05-14 00:10:57",
        "Lines": "35",
        "Lat": 52.2602,
        "Brigade": "2"
      },
      {
        "Lon": 20.9248,
        "Time": "2017-05-14 00:11:08",
        "Lines": "35",
        "Lat": 52.2602,
        "Brigade": "2"
      },
      {
        "Lon": 20.9248,
        "Time": "2017-05-14 00:11:18",
        "Lines": "35",
        "Lat": 52.2602,
        "Brigade": "2"
      },
      {
        "Lon": 20.9248,
        "Time": "2017-05-14 00:11:29",
        "Lines": "35",
        "Lat": 52.2602,
        "Brigade": "2"
      },
      {
        "Lon": 20.9248,
        "Time": "2017-05-14 00:11:39",
        "Lines": "35",
        "Lat": 52.2602,
        "Brigade": "2"
      },
      {
        "Lon": 20.9248,
        "Time": "2017-05-14 00:11:50",
        "Lines": "35",
        "Lat": 52.2602,
        "Brigade": "2"
      },
      {
        "Lon": 20.9248,
        "Time": "2017-05-14 00:12:00",
        "Lines": "35",
        "Lat": 52.2602,
        "Brigade": "2"
      },
      {
        "Lon": 20.9248,
        "Time": "2017-05-14 00:12:16",
        "Lines": "35",
        "Lat": 52.2602,
        "Brigade": "2"
      },
      {
        "Lon": 20.9248,
        "Time": "2017-05-14 00:12:26",
        "Lines": "35",
        "Lat": 52.2602,
        "Brigade": "2"
      },
      {
        "Lon": 20.9248,
        "Time": "2017-05-14 00:12:37",
        "Lines": "35",
        "Lat": 52.2602,
        "Brigade": "2"
      },
      {
        "Lon": 20.9248,
        "Time": "2017-05-14 00:12:47",
        "Lines": "35",
        "Lat": 52.2602,
        "Brigade": "2"
      },
      {
        "Lon": 20.9248,
        "Time": "2017-05-14 00:12:58",
        "Lines": "35",
        "Lat": 52.2602,
        "Brigade": "2"
      },
      {
        "Lon": 20.9248,
        "Time": "2017-05-14 00:13:08",
        "Lines": "35",
        "Lat": 52.2602,
        "Brigade": "2"
      },
      {
        "Lon": 20.9248,
        "Time": "2017-05-14 00:13:19",
        "Lines": "35",
        "Lat": 52.2602,
        "Brigade": "2"
      },
      {
        "Lon": 20.9248,
        "Time": "2017-05-14 00:13:29",
        "Lines": "35",
        "Lat": 52.2602,
        "Brigade": "2"
      },
      {
        "Lon": 20.9248,
        "Time": "2017-05-14 00:13:45",
        "Lines": "35",
        "Lat": 52.2602,
        "Brigade": "2"
      },
      {
        "Lon": 20.9248,
        "Time": "2017-05-14 00:13:56",
        "Lines": "35",
        "Lat": 52.2602,
        "Brigade": "2"
      },
      {
        "Lon": 20.9248,
        "Time": "2017-05-14 00:14:06",
        "Lines": "35",
        "Lat": 52.2602,
        "Brigade": "2"
      },
      {
        "Lon": 20.9242,
        "Time": "2017-05-14 00:14:17",
        "Lines": "35",
        "Lat": 52.2602,
        "Brigade": "2"
      },
      {
        "Lon": 20.9243,
        "Time": "2017-05-14 00:14:27",
        "Lines": "35",
        "Lat": 52.2606,
        "Brigade": "2"
      },
      {
        "Lon": 20.9248,
        "Time": "2017-05-14 00:14:38",
        "Lines": "35",
        "Lat": 52.2611,
        "Brigade": "2"
      },
      {
        "Lon": 20.9254,
        "Time": "2017-05-14 00:14:48",
        "Lines": "35",
        "Lat": 52.2617,
        "Brigade": "2"
      },
      {
        "Lon": 20.9265,
        "Time": "2017-05-14 00:15:04",
        "Lines": "35",
        "Lat": 52.2628,
        "Brigade": "2"
      },
      {
        "Lon": 20.9273,
        "Time": "2017-05-14 00:15:14",
        "Lines": "35",
        "Lat": 52.2633,
        "Brigade": "2"
      },
      {
        "Lon": 20.9274,
        "Time": "2017-05-14 00:15:25",
        "Lines": "35",
        "Lat": 52.2633,
        "Brigade": "2"
      },
      {
        "Lon": 20.9274,
        "Time": "2017-05-14 00:15:35",
        "Lines": "35",
        "Lat": 52.2633,
        "Brigade": "2"
      },
      {
        "Lon": 20.9282,
        "Time": "2017-05-14 00:15:46",
        "Lines": "35",
        "Lat": 52.2639,
        "Brigade": "2"
      },
      {
        "Lon": 20.9297,
        "Time": "2017-05-14 00:15:56",
        "Lines": "35",
        "Lat": 52.265,
        "Brigade": "2"
      },
      {
        "Lon": 20.9309,
        "Time": "2017-05-14 00:16:07",
        "Lines": "35",
        "Lat": 52.2661,
        "Brigade": "2"
      },
      {
        "Lon": 20.9319,
        "Time": "2017-05-14 00:16:17",
        "Lines": "35",
        "Lat": 52.2673,
        "Brigade": "2"
      },
      {
        "Lon": 20.9325,
        "Time": "2017-05-14 00:16:33",
        "Lines": "35",
        "Lat": 52.2684,
        "Brigade": "2"
      },
      {
        "Lon": 20.9325,
        "Time": "2017-05-14 00:16:43",
        "Lines": "35",
        "Lat": 52.2684,
        "Brigade": "2"
      },
      {
        "Lon": 20.9325,
        "Time": "2017-05-14 00:16:54",
        "Lines": "35",
        "Lat": 52.2684,
        "Brigade": "2"
      },
      {
        "Lon": 20.933,
        "Time": "2017-05-14 00:17:15",
        "Lines": "35",
        "Lat": 52.2694,
        "Brigade": "2"
      },
      {
        "Lon": 20.9331,
        "Time": "2017-05-14 00:17:25",
        "Lines": "35",
        "Lat": 52.2695,
        "Brigade": "2"
      },
      {
        "Lon": 20.9338,
        "Time": "2017-05-14 00:17:41",
        "Lines": "35",
        "Lat": 52.2708,
        "Brigade": "2"
      },
      {
        "Lon": 20.9339,
        "Time": "2017-05-14 00:17:52",
        "Lines": "35",
        "Lat": 52.271,
        "Brigade": "2"
      },
      {
        "Lon": 20.9339,
        "Time": "2017-05-14 00:18:02",
        "Lines": "35",
        "Lat": 52.271,
        "Brigade": "2"
      },
      {
        "Lon": 20.934,
        "Time": "2017-05-14 00:18:13",
        "Lines": "35",
        "Lat": 52.2712,
        "Brigade": "2"
      },
      {
        "Lon": 20.9345,
        "Time": "2017-05-14 00:18:23",
        "Lines": "35",
        "Lat": 52.2722,
        "Brigade": "2"
      },
      {
        "Lon": 20.9355,
        "Time": "2017-05-14 00:18:34",
        "Lines": "35",
        "Lat": 52.2733,
        "Brigade": "2"
      },
      {
        "Lon": 20.9369,
        "Time": "2017-05-14 00:18:44",
        "Lines": "35",
        "Lat": 52.2744,
        "Brigade": "2"
      },
      {
        "Lon": 20.9379,
        "Time": "2017-05-14 00:18:54",
        "Lines": "35",
        "Lat": 52.275,
        "Brigade": "2"
      },
      {
        "Lon": 20.938,
        "Time": "2017-05-14 00:19:05",
        "Lines": "35",
        "Lat": 52.2751,
        "Brigade": "2"
      },
      {
        "Lon": 20.938,
        "Time": "2017-05-14 00:19:15",
        "Lines": "35",
        "Lat": 52.2751,
        "Brigade": "2"
      },
      {
        "Lon": 20.938,
        "Time": "2017-05-14 00:19:31",
        "Lines": "35",
        "Lat": 52.2751,
        "Brigade": "2"
      },
      {
        "Lon": 20.938,
        "Time": "2017-05-14 00:19:42",
        "Lines": "35",
        "Lat": 52.2751,
        "Brigade": "2"
      },
      {
        "Lon": 20.9382,
        "Time": "2017-05-14 00:19:52",
        "Lines": "35",
        "Lat": 52.2753,
        "Brigade": "2"
      },
      {
        "Lon": 20.938,
        "Time": "2017-05-14 00:20:03",
        "Lines": "35",
        "Lat": 52.2756,
        "Brigade": "2"
      },
      {
        "Lon": 20.9372,
        "Time": "2017-05-14 00:20:13",
        "Lines": "35",
        "Lat": 52.2762,
        "Brigade": "2"
      },
      {
        "Lon": 20.936,
        "Time": "2017-05-14 00:20:23",
        "Lines": "35",
        "Lat": 52.2771,
        "Brigade": "2"
      },
      {
        "Lon": 20.9349,
        "Time": "2017-05-14 00:20:34",
        "Lines": "35",
        "Lat": 52.2779,
        "Brigade": "2"
      },
      {
        "Lon": 20.9337,
        "Time": "2017-05-14 00:20:44",
        "Lines": "35",
        "Lat": 52.2783,
        "Brigade": "2"
      },
      {
        "Lon": 20.9335,
        "Time": "2017-05-14 00:20:55",
        "Lines": "35",
        "Lat": 52.2784,
        "Brigade": "2"
      },
      {
        "Lon": 20.9329,
        "Time": "2017-05-14 00:21:11",
        "Lines": "35",
        "Lat": 52.2786,
        "Brigade": "2"
      },
      {
        "Lon": 20.9329,
        "Time": "2017-05-14 00:21:16",
        "Lines": "35",
        "Lat": 52.2786,
        "Brigade": "2"
      },
      {
        "Lon": 20.9328,
        "Time": "2017-05-14 00:21:32",
        "Lines": "35",
        "Lat": 52.2787,
        "Brigade": "2"
      },
      {
        "Lon": 20.9314,
        "Time": "2017-05-14 00:21:42",
        "Lines": "35",
        "Lat": 52.2792,
        "Brigade": "2"
      },
      {
        "Lon": 20.9295,
        "Time": "2017-05-14 00:21:53",
        "Lines": "35",
        "Lat": 52.2798,
        "Brigade": "2"
      },
      {
        "Lon": 20.9285,
        "Time": "2017-05-14 00:22:03",
        "Lines": "35",
        "Lat": 52.2802,
        "Brigade": "2"
      },
      {
        "Lon": 20.9284,
        "Time": "2017-05-14 00:22:14",
        "Lines": "35",
        "Lat": 52.2802,
        "Brigade": "2"
      },
      {
        "Lon": 20.9271,
        "Time": "2017-05-14 00:22:24",
        "Lines": "35",
        "Lat": 52.2806,
        "Brigade": "2"
      },
      {
        "Lon": 20.9252,
        "Time": "2017-05-14 00:22:35",
        "Lines": "35",
        "Lat": 52.2811,
        "Brigade": "2"
      },
      {
        "Lon": 20.9247,
        "Time": "2017-05-14 00:22:45",
        "Lines": "35",
        "Lat": 52.2812,
        "Brigade": "2"
      },
      {
        "Lon": 20.9247,
        "Time": "2017-05-14 00:22:56",
        "Lines": "35",
        "Lat": 52.2812,
        "Brigade": "2"
      },
      {
        "Lon": 20.9238,
        "Time": "2017-05-14 00:23:11",
        "Lines": "35",
        "Lat": 52.2815,
        "Brigade": "2"
      },
      {
        "Lon": 20.9217,
        "Time": "2017-05-14 00:23:22",
        "Lines": "35",
        "Lat": 52.2819,
        "Brigade": "2"
      },
      {
        "Lon": 20.9205,
        "Time": "2017-05-14 00:23:33",
        "Lines": "35",
        "Lat": 52.2822,
        "Brigade": "2"
      },
      {
        "Lon": 20.9204,
        "Time": "2017-05-14 00:23:43",
        "Lines": "35",
        "Lat": 52.2823,
        "Brigade": "2"
      },
      {
        "Lon": 20.9202,
        "Time": "2017-05-14 00:23:54",
        "Lines": "35",
        "Lat": 52.2825,
        "Brigade": "2"
      },
      {
        "Lon": 20.9207,
        "Time": "2017-05-14 00:24:04",
        "Lines": "35",
        "Lat": 52.283,
        "Brigade": "2"
      },
      {
        "Lon": 20.9218,
        "Time": "2017-05-14 00:24:14",
        "Lines": "35",
        "Lat": 52.2839,
        "Brigade": "2"
      },
      {
        "Lon": 20.9228,
        "Time": "2017-05-14 00:24:25",
        "Lines": "35",
        "Lat": 52.2847,
        "Brigade": "2"
      },
      {
        "Lon": 20.9229,
        "Time": "2017-05-14 00:24:35",
        "Lines": "35",
        "Lat": 52.2848,
        "Brigade": "2"
      },
      {
        "Lon": 20.9229,
        "Time": "2017-05-14 00:24:46",
        "Lines": "35",
        "Lat": 52.2848,
        "Brigade": "2"
      },
      {
        "Lon": 20.9237,
        "Time": "2017-05-14 00:24:56",
        "Lines": "35",
        "Lat": 52.2854,
        "Brigade": "2"
      },
      {
        "Lon": 20.9256,
        "Time": "2017-05-14 00:25:12",
        "Lines": "35",
        "Lat": 52.287,
        "Brigade": "2"
      },
      {
        "Lon": 20.927,
        "Time": "2017-05-14 00:25:22",
        "Lines": "35",
        "Lat": 52.2881,
        "Brigade": "2"
      },
      {
        "Lon": 20.9283,
        "Time": "2017-05-14 00:25:33",
        "Lines": "35",
        "Lat": 52.2892,
        "Brigade": "2"
      },
      {
        "Lon": 20.9294,
        "Time": "2017-05-14 00:25:44",
        "Lines": "35",
        "Lat": 52.2901,
        "Brigade": "2"
      },
      {
        "Lon": 20.9297,
        "Time": "2017-05-14 00:25:54",
        "Lines": "35",
        "Lat": 52.2904,
        "Brigade": "2"
      },
      {
        "Lon": 20.9297,
        "Time": "2017-05-14 00:26:05",
        "Lines": "35",
        "Lat": 52.2904,
        "Brigade": "2"
      },
      {
        "Lon": 20.9302,
        "Time": "2017-05-14 00:26:25",
        "Lines": "35",
        "Lat": 52.291,
        "Brigade": "2"
      },
      {
        "Lon": 20.9298,
        "Time": "2017-05-14 00:26:36",
        "Lines": "35",
        "Lat": 52.2913,
        "Brigade": "2"
      },
      {
        "Lon": 20.9298,
        "Time": "2017-05-14 00:26:46",
        "Lines": "35",
        "Lat": 52.2916,
        "Brigade": "2"
      },
      {
        "Lon": 20.9302,
        "Time": "2017-05-14 00:27:02",
        "Lines": "35",
        "Lat": 52.2919,
        "Brigade": "2"
      },
      {
        "Lon": 20.9302,
        "Time": "2017-05-14 00:27:13",
        "Lines": "35",
        "Lat": 52.2919,
        "Brigade": "2"
      },
      {
        "Lon": 20.9304,
        "Time": "2017-05-14 00:27:23",
        "Lines": "35",
        "Lat": 52.292,
        "Brigade": "2"
      },
      {
        "Lon": 20.9301,
        "Time": "2017-05-14 00:27:34",
        "Lines": "35",
        "Lat": 52.2923,
        "Brigade": "2"
      },
      {
        "Lon": 20.9297,
        "Time": "2017-05-14 00:27:44",
        "Lines": "35",
        "Lat": 52.2925,
        "Brigade": "2"
      },
      {
        "Lon": 20.9296,
        "Time": "2017-05-14 00:27:55",
        "Lines": "35",
        "Lat": 52.2927,
        "Brigade": "2"
      },
      {
        "Lon": 20.9296,
        "Time": "2017-05-14 00:28:00",
        "Lines": "35",
        "Lat": 52.2927,
        "Brigade": "2"
      },
      {
        "Lon": 20.9296,
        "Time": "2017-05-14 00:28:15",
        "Lines": "35",
        "Lat": 52.2927,
        "Brigade": "2"
      },
      {
        "Lon": 20.9296,
        "Time": "2017-05-14 00:28:26",
        "Lines": "35",
        "Lat": 52.2928,
        "Brigade": "2"
      },
      {
        "Lon": 20.93,
        "Time": "2017-05-14 00:28:36",
        "Lines": "35",
        "Lat": 52.2932,
        "Brigade": "2"
      },
      {
        "Lon": 20.9318,
        "Time": "2017-05-14 00:28:52",
        "Lines": "35",
        "Lat": 52.2948,
        "Brigade": "2"
      },
      {
        "Lon": 20.9327,
        "Time": "2017-05-14 00:29:03",
        "Lines": "35",
        "Lat": 52.296,
        "Brigade": "2"
      },
      {
        "Lon": 20.9334,
        "Time": "2017-05-14 00:29:13",
        "Lines": "35",
        "Lat": 52.2972,
        "Brigade": "2"
      },
      {
        "Lon": 20.9337,
        "Time": "2017-05-14 00:29:24",
        "Lines": "35",
        "Lat": 52.2978,
        "Brigade": "2"
      },
      {
        "Lon": 20.9341,
        "Time": "2017-05-14 00:29:34",
        "Lines": "35",
        "Lat": 52.2983,
        "Brigade": "2"
      },
      {
        "Lon": 20.9343,
        "Time": "2017-05-14 00:29:45",
        "Lines": "35",
        "Lat": 52.2986,
        "Brigade": "2"
      },
      {
        "Lon": 20.9344,
        "Time": "2017-05-14 00:29:55",
        "Lines": "35",
        "Lat": 52.2991,
        "Brigade": "2"
      },
      {
        "Lon": 20.9342,
        "Time": "2017-05-14 00:30:00",
        "Lines": "35",
        "Lat": 52.2992,
        "Brigade": "2"
      }
    ]
  }
]
