[
  {
    "res": [
      {
        "Lon": 20.981,
        "Time": "2017-05-14 00:00:02",
        "Lines": "35",
        "Lat": 52.2594,
        "Brigade": "4"
      },
      {
        "Lon": 20.9807,
        "Time": "2017-05-14 00:00:12",
        "Lines": "35",
        "Lat": 52.2608,
        "Brigade": "4"
      },
      {
        "Lon": 20.9803,
        "Time": "2017-05-14 00:00:23",
        "Lines": "35",
        "Lat": 52.2616,
        "Brigade": "4"
      },
      {
        "Lon": 20.9802,
        "Time": "2017-05-14 00:00:38",
        "Lines": "35",
        "Lat": 52.2618,
        "Brigade": "4"
      },
      {
        "Lon": 20.9801,
        "Time": "2017-05-14 00:00:49",
        "Lines": "35",
        "Lat": 52.2619,
        "Brigade": "4"
      },
      {
        "Lon": 20.9798,
        "Time": "2017-05-14 00:00:59",
        "Lines": "35",
        "Lat": 52.2621,
        "Brigade": "4"
      },
      {
        "Lon": 20.9778,
        "Time": "2017-05-14 00:01:20",
        "Lines": "35",
        "Lat": 52.2627,
        "Brigade": "4"
      },
      {
        "Lon": 20.9778,
        "Time": "2017-05-14 00:01:31",
        "Lines": "35",
        "Lat": 52.2627,
        "Brigade": "4"
      },
      {
        "Lon": 20.9774,
        "Time": "2017-05-14 00:01:41",
        "Lines": "35",
        "Lat": 52.2627,
        "Brigade": "4"
      },
      {
        "Lon": 20.9756,
        "Time": "2017-05-14 00:01:52",
        "Lines": "35",
        "Lat": 52.2633,
        "Brigade": "4"
      },
      {
        "Lon": 20.9735,
        "Time": "2017-05-14 00:02:02",
        "Lines": "35",
        "Lat": 52.2639,
        "Brigade": "4"
      },
      {
        "Lon": 20.9722,
        "Time": "2017-05-14 00:02:13",
        "Lines": "35",
        "Lat": 52.2642,
        "Brigade": "4"
      },
      {
        "Lon": 20.9721,
        "Time": "2017-05-14 00:02:23",
        "Lines": "35",
        "Lat": 52.2642,
        "Brigade": "4"
      },
      {
        "Lon": 20.9713,
        "Time": "2017-05-14 00:02:39",
        "Lines": "35",
        "Lat": 52.2645,
        "Brigade": "4"
      },
      {
        "Lon": 20.9692,
        "Time": "2017-05-14 00:02:50",
        "Lines": "35",
        "Lat": 52.265,
        "Brigade": "4"
      },
      {
        "Lon": 20.9672,
        "Time": "2017-05-14 00:03:00",
        "Lines": "35",
        "Lat": 52.2656,
        "Brigade": "4"
      },
      {
        "Lon": 20.9652,
        "Time": "2017-05-14 00:03:10",
        "Lines": "35",
        "Lat": 52.2661,
        "Brigade": "4"
      },
      {
        "Lon": 20.9639,
        "Time": "2017-05-14 00:03:21",
        "Lines": "35",
        "Lat": 52.2665,
        "Brigade": "4"
      },
      {
        "Lon": 20.9626,
        "Time": "2017-05-14 00:03:31",
        "Lines": "35",
        "Lat": 52.2669,
        "Brigade": "4"
      },
      {
        "Lon": 20.9625,
        "Time": "2017-05-14 00:03:42",
        "Lines": "35",
        "Lat": 52.2669,
        "Brigade": "4"
      },
      {
        "Lon": 20.9625,
        "Time": "2017-05-14 00:03:52",
        "Lines": "35",
        "Lat": 52.2669,
        "Brigade": "4"
      },
      {
        "Lon": 20.9614,
        "Time": "2017-05-14 00:04:03",
        "Lines": "35",
        "Lat": 52.2672,
        "Brigade": "4"
      },
      {
        "Lon": 20.9594,
        "Time": "2017-05-14 00:04:13",
        "Lines": "35",
        "Lat": 52.2677,
        "Brigade": "4"
      },
      {
        "Lon": 20.9578,
        "Time": "2017-05-14 00:04:29",
        "Lines": "35",
        "Lat": 52.2682,
        "Brigade": "4"
      },
      {
        "Lon": 20.9578,
        "Time": "2017-05-14 00:04:40",
        "Lines": "35",
        "Lat": 52.2682,
        "Brigade": "4"
      },
      {
        "Lon": 20.9578,
        "Time": "2017-05-14 00:04:50",
        "Lines": "35",
        "Lat": 52.2682,
        "Brigade": "4"
      },
      {
        "Lon": 20.9578,
        "Time": "2017-05-14 00:05:00",
        "Lines": "35",
        "Lat": 52.2682,
        "Brigade": "4"
      },
      {
        "Lon": 20.9578,
        "Time": "2017-05-14 00:05:11",
        "Lines": "35",
        "Lat": 52.2682,
        "Brigade": "4"
      },
      {
        "Lon": 20.9576,
        "Time": "2017-05-14 00:05:21",
        "Lines": "35",
        "Lat": 52.2682,
        "Brigade": "4"
      },
      {
        "Lon": 20.956,
        "Time": "2017-05-14 00:05:32",
        "Lines": "35",
        "Lat": 52.2687,
        "Brigade": "4"
      },
      {
        "Lon": 20.9541,
        "Time": "2017-05-14 00:05:43",
        "Lines": "35",
        "Lat": 52.2692,
        "Brigade": "4"
      },
      {
        "Lon": 20.9528,
        "Time": "2017-05-14 00:05:53",
        "Lines": "35",
        "Lat": 52.2696,
        "Brigade": "4"
      },
      {
        "Lon": 20.9526,
        "Time": "2017-05-14 00:06:04",
        "Lines": "35",
        "Lat": 52.2696,
        "Brigade": "4"
      },
      {
        "Lon": 20.952,
        "Time": "2017-05-14 00:06:19",
        "Lines": "35",
        "Lat": 52.2698,
        "Brigade": "4"
      },
      {
        "Lon": 20.951,
        "Time": "2017-05-14 00:06:24",
        "Lines": "35",
        "Lat": 52.2701,
        "Brigade": "4"
      },
      {
        "Lon": 20.948,
        "Time": "2017-05-14 00:06:40",
        "Lines": "35",
        "Lat": 52.2709,
        "Brigade": "4"
      },
      {
        "Lon": 20.9461,
        "Time": "2017-05-14 00:06:51",
        "Lines": "35",
        "Lat": 52.2714,
        "Brigade": "4"
      },
      {
        "Lon": 20.9453,
        "Time": "2017-05-14 00:07:01",
        "Lines": "35",
        "Lat": 52.2717,
        "Brigade": "4"
      },
      {
        "Lon": 20.9453,
        "Time": "2017-05-14 00:07:12",
        "Lines": "35",
        "Lat": 52.2717,
        "Brigade": "4"
      },
      {
        "Lon": 20.9452,
        "Time": "2017-05-14 00:07:22",
        "Lines": "35",
        "Lat": 52.2717,
        "Brigade": "4"
      },
      {
        "Lon": 20.944,
        "Time": "2017-05-14 00:07:38",
        "Lines": "35",
        "Lat": 52.272,
        "Brigade": "4"
      },
      {
        "Lon": 20.9432,
        "Time": "2017-05-14 00:07:48",
        "Lines": "35",
        "Lat": 52.2722,
        "Brigade": "4"
      },
      {
        "Lon": 20.9416,
        "Time": "2017-05-14 00:07:59",
        "Lines": "35",
        "Lat": 52.273,
        "Brigade": "4"
      },
      {
        "Lon": 20.9401,
        "Time": "2017-05-14 00:08:09",
        "Lines": "35",
        "Lat": 52.2741,
        "Brigade": "4"
      },
      {
        "Lon": 20.9388,
        "Time": "2017-05-14 00:08:20",
        "Lines": "35",
        "Lat": 52.275,
        "Brigade": "4"
      },
      {
        "Lon": 20.9387,
        "Time": "2017-05-14 00:08:30",
        "Lines": "35",
        "Lat": 52.2751,
        "Brigade": "4"
      },
      {
        "Lon": 20.9387,
        "Time": "2017-05-14 00:08:41",
        "Lines": "35",
        "Lat": 52.2751,
        "Brigade": "4"
      },
      {
        "Lon": 20.9387,
        "Time": "2017-05-14 00:08:52",
        "Lines": "35",
        "Lat": 52.2751,
        "Brigade": "4"
      },
      {
        "Lon": 20.9387,
        "Time": "2017-05-14 00:09:07",
        "Lines": "35",
        "Lat": 52.2751,
        "Brigade": "4"
      },
      {
        "Lon": 20.9387,
        "Time": "2017-05-14 00:09:17",
        "Lines": "35",
        "Lat": 52.2751,
        "Brigade": "4"
      },
      {
        "Lon": 20.9387,
        "Time": "2017-05-14 00:09:28",
        "Lines": "35",
        "Lat": 52.2751,
        "Brigade": "4"
      },
      {
        "Lon": 20.9382,
        "Time": "2017-05-14 00:09:38",
        "Lines": "35",
        "Lat": 52.2754,
        "Brigade": "4"
      },
      {
        "Lon": 20.9376,
        "Time": "2017-05-14 00:09:49",
        "Lines": "35",
        "Lat": 52.2759,
        "Brigade": "4"
      },
      {
        "Lon": 20.9362,
        "Time": "2017-05-14 00:09:59",
        "Lines": "35",
        "Lat": 52.2769,
        "Brigade": "4"
      },
      {
        "Lon": 20.9349,
        "Time": "2017-05-14 00:10:10",
        "Lines": "35",
        "Lat": 52.2779,
        "Brigade": "4"
      },
      {
        "Lon": 20.9335,
        "Time": "2017-05-14 00:10:26",
        "Lines": "35",
        "Lat": 52.2784,
        "Brigade": "4"
      },
      {
        "Lon": 20.9335,
        "Time": "2017-05-14 00:10:36",
        "Lines": "35",
        "Lat": 52.2784,
        "Brigade": "4"
      },
      {
        "Lon": 20.933,
        "Time": "2017-05-14 00:10:47",
        "Lines": "35",
        "Lat": 52.2786,
        "Brigade": "4"
      },
      {
        "Lon": 20.9324,
        "Time": "2017-05-14 00:10:57",
        "Lines": "35",
        "Lat": 52.2788,
        "Brigade": "4"
      },
      {
        "Lon": 20.9306,
        "Time": "2017-05-14 00:11:08",
        "Lines": "35",
        "Lat": 52.2794,
        "Brigade": "4"
      },
      {
        "Lon": 20.9288,
        "Time": "2017-05-14 00:11:18",
        "Lines": "35",
        "Lat": 52.2801,
        "Brigade": "4"
      },
      {
        "Lon": 20.9285,
        "Time": "2017-05-14 00:11:29",
        "Lines": "35",
        "Lat": 52.2802,
        "Brigade": "4"
      },
      {
        "Lon": 20.9283,
        "Time": "2017-05-14 00:11:39",
        "Lines": "35",
        "Lat": 52.2802,
        "Brigade": "4"
      },
      {
        "Lon": 20.9277,
        "Time": "2017-05-14 00:11:46",
        "Lines": "35",
        "Lat": 52.2804,
        "Brigade": "4"
      },
      {
        "Lon": 20.925,
        "Time": "2017-05-14 00:12:04",
        "Lines": "35",
        "Lat": 52.2812,
        "Brigade": "4"
      },
      {
        "Lon": 20.9247,
        "Time": "2017-05-14 00:12:16",
        "Lines": "35",
        "Lat": 52.2812,
        "Brigade": "4"
      },
      {
        "Lon": 20.9241,
        "Time": "2017-05-14 00:12:26",
        "Lines": "35",
        "Lat": 52.2814,
        "Brigade": "4"
      },
      {
        "Lon": 20.922,
        "Time": "2017-05-14 00:12:37",
        "Lines": "35",
        "Lat": 52.2819,
        "Brigade": "4"
      },
      {
        "Lon": 20.9205,
        "Time": "2017-05-14 00:12:47",
        "Lines": "35",
        "Lat": 52.2822,
        "Brigade": "4"
      },
      {
        "Lon": 20.9204,
        "Time": "2017-05-14 00:12:58",
        "Lines": "35",
        "Lat": 52.2822,
        "Brigade": "4"
      },
      {
        "Lon": 20.9203,
        "Time": "2017-05-14 00:13:08",
        "Lines": "35",
        "Lat": 52.2823,
        "Brigade": "4"
      },
      {
        "Lon": 20.9205,
        "Time": "2017-05-14 00:13:19",
        "Lines": "35",
        "Lat": 52.2828,
        "Brigade": "4"
      },
      {
        "Lon": 20.9217,
        "Time": "2017-05-14 00:13:29",
        "Lines": "35",
        "Lat": 52.2837,
        "Brigade": "4"
      },
      {
        "Lon": 20.9229,
        "Time": "2017-05-14 00:13:45",
        "Lines": "35",
        "Lat": 52.2848,
        "Brigade": "4"
      },
      {
        "Lon": 20.9232,
        "Time": "2017-05-14 00:13:55",
        "Lines": "35",
        "Lat": 52.285,
        "Brigade": "4"
      },
      {
        "Lon": 20.9245,
        "Time": "2017-05-14 00:14:06",
        "Lines": "35",
        "Lat": 52.2861,
        "Brigade": "4"
      },
      {
        "Lon": 20.9259,
        "Time": "2017-05-14 00:14:16",
        "Lines": "35",
        "Lat": 52.2872,
        "Brigade": "4"
      },
      {
        "Lon": 20.9274,
        "Time": "2017-05-14 00:14:27",
        "Lines": "35",
        "Lat": 52.2884,
        "Brigade": "4"
      },
      {
        "Lon": 20.9279,
        "Time": "2017-05-14 00:14:32",
        "Lines": "35",
        "Lat": 52.2889,
        "Brigade": "4"
      },
      {
        "Lon": 20.9297,
        "Time": "2017-05-14 00:14:53",
        "Lines": "35",
        "Lat": 52.2903,
        "Brigade": "4"
      },
      {
        "Lon": 20.9297,
        "Time": "2017-05-14 00:15:04",
        "Lines": "35",
        "Lat": 52.2904,
        "Brigade": "4"
      },
      {
        "Lon": 20.9297,
        "Time": "2017-05-14 00:15:14",
        "Lines": "35",
        "Lat": 52.2904,
        "Brigade": "4"
      },
      {
        "Lon": 20.9297,
        "Time": "2017-05-14 00:15:25",
        "Lines": "35",
        "Lat": 52.2904,
        "Brigade": "4"
      },
      {
        "Lon": 20.9297,
        "Time": "2017-05-14 00:15:35",
        "Lines": "35",
        "Lat": 52.2904,
        "Brigade": "4"
      },
      {
        "Lon": 20.9297,
        "Time": "2017-05-14 00:15:46",
        "Lines": "35",
        "Lat": 52.2904,
        "Brigade": "4"
      },
      {
        "Lon": 20.9297,
        "Time": "2017-05-14 00:15:56",
        "Lines": "35",
        "Lat": 52.2904,
        "Brigade": "4"
      },
      {
        "Lon": 20.9297,
        "Time": "2017-05-14 00:16:06",
        "Lines": "35",
        "Lat": 52.2904,
        "Brigade": "4"
      },
      {
        "Lon": 20.9297,
        "Time": "2017-05-14 00:16:22",
        "Lines": "35",
        "Lat": 52.2904,
        "Brigade": "4"
      },
      {
        "Lon": 20.9297,
        "Time": "2017-05-14 00:16:33",
        "Lines": "35",
        "Lat": 52.2904,
        "Brigade": "4"
      },
      {
        "Lon": 20.9301,
        "Time": "2017-05-14 00:16:43",
        "Lines": "35",
        "Lat": 52.2908,
        "Brigade": "4"
      },
      {
        "Lon": 20.9299,
        "Time": "2017-05-14 00:16:54",
        "Lines": "35",
        "Lat": 52.2912,
        "Brigade": "4"
      },
      {
        "Lon": 20.9298,
        "Time": "2017-05-14 00:17:04",
        "Lines": "35",
        "Lat": 52.2916,
        "Brigade": "4"
      },
      {
        "Lon": 20.9303,
        "Time": "2017-05-14 00:17:15",
        "Lines": "35",
        "Lat": 52.2919,
        "Brigade": "4"
      },
      {
        "Lon": 20.9303,
        "Time": "2017-05-14 00:17:25",
        "Lines": "35",
        "Lat": 52.2919,
        "Brigade": "4"
      },
      {
        "Lon": 20.9302,
        "Time": "2017-05-14 00:17:41",
        "Lines": "35",
        "Lat": 52.2923,
        "Brigade": "4"
      },
      {
        "Lon": 20.9296,
        "Time": "2017-05-14 00:17:51",
        "Lines": "35",
        "Lat": 52.2926,
        "Brigade": "4"
      },
      {
        "Lon": 20.9295,
        "Time": "2017-05-14 00:18:02",
        "Lines": "35",
        "Lat": 52.2927,
        "Brigade": "4"
      },
      {
        "Lon": 20.9299,
        "Time": "2017-05-14 00:18:12",
        "Lines": "35",
        "Lat": 52.2931,
        "Brigade": "4"
      },
      {
        "Lon": 20.9309,
        "Time": "2017-05-14 00:18:23",
        "Lines": "35",
        "Lat": 52.2939,
        "Brigade": "4"
      },
      {
        "Lon": 20.9321,
        "Time": "2017-05-14 00:18:33",
        "Lines": "35",
        "Lat": 52.2951,
        "Brigade": "4"
      }
    ]
  }
]
