[
  {
    "res": [
      {
        "Lon": 21.0237,
        "Time": "2017-05-14 00:00:00",
        "Lines": "35",
        "Lat": 52.2011,
        "Brigade": "8"
      },
      {
        "Lon": 21.0238,
        "Time": "2017-05-14 00:00:15",
        "Lines": "35",
        "Lat": 52.2002,
        "Brigade": "8"
      },
      {
        "Lon": 21.0238,
        "Time": "2017-05-14 00:00:25",
        "Lines": "35",
        "Lat": 52.2002,
        "Brigade": "8"
      },
      {
        "Lon": 21.0238,
        "Time": "2017-05-14 00:00:35",
        "Lines": "35",
        "Lat": 52.2002,
        "Brigade": "8"
      },
      {
        "Lon": 21.0238,
        "Time": "2017-05-14 00:00:46",
        "Lines": "35",
        "Lat": 52.1999,
        "Brigade": "8"
      },
      {
        "Lon": 21.024,
        "Time": "2017-05-14 00:01:00",
        "Lines": "35",
        "Lat": 52.1981,
        "Brigade": "8"
      },
      {
        "Lon": 21.0241,
        "Time": "2017-05-14 00:01:10",
        "Lines": "35",
        "Lat": 52.1973,
        "Brigade": "8"
      },
      {
        "Lon": 21.0241,
        "Time": "2017-05-14 00:01:20",
        "Lines": "35",
        "Lat": 52.1973,
        "Brigade": "8"
      },
      {
        "Lon": 21.0241,
        "Time": "2017-05-14 00:01:29",
        "Lines": "35",
        "Lat": 52.1973,
        "Brigade": "8"
      },
      {
        "Lon": 21.0242,
        "Time": "2017-05-14 00:01:44",
        "Lines": "35",
        "Lat": 52.1971,
        "Brigade": "8"
      },
      {
        "Lon": 21.0242,
        "Time": "2017-05-14 00:01:54",
        "Lines": "35",
        "Lat": 52.1964,
        "Brigade": "8"
      },
      {
        "Lon": 21.0243,
        "Time": "2017-05-14 00:02:04",
        "Lines": "35",
        "Lat": 52.1964,
        "Brigade": "8"
      },
      {
        "Lon": 21.0243,
        "Time": "2017-05-14 00:02:14",
        "Lines": "35",
        "Lat": 52.1964,
        "Brigade": "8"
      },
      {
        "Lon": 21.0243,
        "Time": "2017-05-14 00:02:24",
        "Lines": "35",
        "Lat": 52.1955,
        "Brigade": "8"
      },
      {
        "Lon": 21.0244,
        "Time": "2017-05-14 00:02:34",
        "Lines": "35",
        "Lat": 52.1944,
        "Brigade": "8"
      },
      {
        "Lon": 21.0244,
        "Time": "2017-05-14 00:02:50",
        "Lines": "35",
        "Lat": 52.1938,
        "Brigade": "8"
      },
      {
        "Lon": 21.0244,
        "Time": "2017-05-14 00:02:59",
        "Lines": "35",
        "Lat": 52.1938,
        "Brigade": "8"
      },
      {
        "Lon": 21.0245,
        "Time": "2017-05-14 00:03:09",
        "Lines": "35",
        "Lat": 52.1928,
        "Brigade": "8"
      },
      {
        "Lon": 21.0246,
        "Time": "2017-05-14 00:03:19",
        "Lines": "35",
        "Lat": 52.1912,
        "Brigade": "8"
      },
      {
        "Lon": 21.0247,
        "Time": "2017-05-14 00:03:29",
        "Lines": "35",
        "Lat": 52.1903,
        "Brigade": "8"
      },
      {
        "Lon": 21.0247,
        "Time": "2017-05-14 00:03:45",
        "Lines": "35",
        "Lat": 52.1901,
        "Brigade": "8"
      },
      {
        "Lon": 21.0246,
        "Time": "2017-05-14 00:03:54",
        "Lines": "35",
        "Lat": 52.1901,
        "Brigade": "8"
      },
      {
        "Lon": 21.0246,
        "Time": "2017-05-14 00:04:04",
        "Lines": "35",
        "Lat": 52.1898,
        "Brigade": "8"
      },
      {
        "Lon": 21.0239,
        "Time": "2017-05-14 00:04:14",
        "Lines": "35",
        "Lat": 52.1897,
        "Brigade": "8"
      },
      {
        "Lon": 21.0231,
        "Time": "2017-05-14 00:04:27",
        "Lines": "35",
        "Lat": 52.1897,
        "Brigade": "8"
      },
      {
        "Lon": 21.0225,
        "Time": "2017-05-14 00:04:40",
        "Lines": "35",
        "Lat": 52.1897,
        "Brigade": "8"
      },
      {
        "Lon": 21.0221,
        "Time": "2017-05-14 00:04:49",
        "Lines": "35",
        "Lat": 52.1896,
        "Brigade": "8"
      },
      {
        "Lon": 21.0217,
        "Time": "2017-05-14 00:05:00",
        "Lines": "35",
        "Lat": 52.1896,
        "Brigade": "8"
      },
      {
        "Lon": 21.0212,
        "Time": "2017-05-14 00:05:09",
        "Lines": "35",
        "Lat": 52.1895,
        "Brigade": "8"
      },
      {
        "Lon": 21.0207,
        "Time": "2017-05-14 00:05:24",
        "Lines": "35",
        "Lat": 52.1894,
        "Brigade": "8"
      },
      {
        "Lon": 21.0202,
        "Time": "2017-05-14 00:05:35",
        "Lines": "35",
        "Lat": 52.1894,
        "Brigade": "8"
      },
      {
        "Lon": 21.0198,
        "Time": "2017-05-14 00:05:44",
        "Lines": "35",
        "Lat": 52.1893,
        "Brigade": "8"
      },
      {
        "Lon": 21.0194,
        "Time": "2017-05-14 00:05:54",
        "Lines": "35",
        "Lat": 52.1892,
        "Brigade": "8"
      },
      {
        "Lon": 21.019,
        "Time": "2017-05-14 00:06:04",
        "Lines": "35",
        "Lat": 52.1892,
        "Brigade": "8"
      },
      {
        "Lon": 21.018,
        "Time": "2017-05-14 00:06:19",
        "Lines": "35",
        "Lat": 52.189,
        "Brigade": "8"
      },
      {
        "Lon": 21.018,
        "Time": "2017-05-14 00:06:29",
        "Lines": "35",
        "Lat": 52.189,
        "Brigade": "8"
      },
      {
        "Lon": 21.0179,
        "Time": "2017-05-14 00:06:39",
        "Lines": "35",
        "Lat": 52.189,
        "Brigade": "8"
      },
      {
        "Lon": 21.0176,
        "Time": "2017-05-14 00:06:49",
        "Lines": "35",
        "Lat": 52.189,
        "Brigade": "8"
      },
      {
        "Lon": 21.0176,
        "Time": "2017-05-14 00:06:59",
        "Lines": "35",
        "Lat": 52.189,
        "Brigade": "8"
      },
      {
        "Lon": 21.0176,
        "Time": "2017-05-14 00:07:14",
        "Lines": "35",
        "Lat": 52.189,
        "Brigade": "8"
      },
      {
        "Lon": 21.0176,
        "Time": "2017-05-14 00:07:24",
        "Lines": "35",
        "Lat": 52.189,
        "Brigade": "8"
      },
      {
        "Lon": 21.0176,
        "Time": "2017-05-14 00:07:34",
        "Lines": "35",
        "Lat": 52.189,
        "Brigade": "8"
      },
      {
        "Lon": 21.0176,
        "Time": "2017-05-14 00:07:44",
        "Lines": "35",
        "Lat": 52.189,
        "Brigade": "8"
      },
      {
        "Lon": 21.0163,
        "Time": "2017-05-14 00:07:59",
        "Lines": "35",
        "Lat": 52.189,
        "Brigade": "8"
      },
      {
        "Lon": 21.0139,
        "Time": "2017-05-14 00:08:09",
        "Lines": "35",
        "Lat": 52.1889,
        "Brigade": "8"
      },
      {
        "Lon": 21.0123,
        "Time": "2017-05-14 00:08:19",
        "Lines": "35",
        "Lat": 52.1889,
        "Brigade": "8"
      }
    ]
  }
]
