[
  {
    "res": [
      {
        "Lon": 20.9577,
        "Time": "2017-05-14 00:00:01",
        "Lines": "9",
        "Lat": 52.1896,
        "Brigade": "2"
      },
      {
        "Lon": 20.9577,
        "Time": "2017-05-14 00:00:17",
        "Lines": "9",
        "Lat": 52.1896,
        "Brigade": "2"
      },
      {
        "Lon": 20.9583,
        "Time": "2017-05-14 00:00:27",
        "Lines": "9",
        "Lat": 52.1902,
        "Brigade": "2"
      },
      {
        "Lon": 20.9602,
        "Time": "2017-05-14 00:00:48",
        "Lines": "9",
        "Lat": 52.1924,
        "Brigade": "2"
      },
      {
        "Lon": 20.9606,
        "Time": "2017-05-14 00:00:59",
        "Lines": "9",
        "Lat": 52.193,
        "Brigade": "2"
      },
      {
        "Lon": 20.9606,
        "Time": "2017-05-14 00:01:09",
        "Lines": "9",
        "Lat": 52.193,
        "Brigade": "2"
      },
      {
        "Lon": 20.9606,
        "Time": "2017-05-14 00:01:19",
        "Lines": "9",
        "Lat": 52.193,
        "Brigade": "2"
      },
      {
        "Lon": 20.9606,
        "Time": "2017-05-14 00:01:30",
        "Lines": "9",
        "Lat": 52.193,
        "Brigade": "2"
      },
      {
        "Lon": 20.9612,
        "Time": "2017-05-14 00:01:40",
        "Lines": "9",
        "Lat": 52.1936,
        "Brigade": "2"
      },
      {
        "Lon": 20.9623,
        "Time": "2017-05-14 00:01:51",
        "Lines": "9",
        "Lat": 52.1948,
        "Brigade": "2"
      },
      {
        "Lon": 20.9634,
        "Time": "2017-05-14 00:02:01",
        "Lines": "9",
        "Lat": 52.196,
        "Brigade": "2"
      },
      {
        "Lon": 20.9644,
        "Time": "2017-05-14 00:02:13",
        "Lines": "9",
        "Lat": 52.1971,
        "Brigade": "2"
      },
      {
        "Lon": 20.9646,
        "Time": "2017-05-14 00:02:25",
        "Lines": "9",
        "Lat": 52.1974,
        "Brigade": "2"
      },
      {
        "Lon": 20.9656,
        "Time": "2017-05-14 00:02:38",
        "Lines": "9",
        "Lat": 52.1984,
        "Brigade": "2"
      },
      {
        "Lon": 20.9667,
        "Time": "2017-05-14 00:02:49",
        "Lines": "9",
        "Lat": 52.1997,
        "Brigade": "2"
      },
      {
        "Lon": 20.9678,
        "Time": "2017-05-14 00:02:59",
        "Lines": "9",
        "Lat": 52.201,
        "Brigade": "2"
      },
      {
        "Lon": 20.9688,
        "Time": "2017-05-14 00:03:10",
        "Lines": "9",
        "Lat": 52.2021,
        "Brigade": "2"
      },
      {
        "Lon": 20.9691,
        "Time": "2017-05-14 00:03:20",
        "Lines": "9",
        "Lat": 52.2024,
        "Brigade": "2"
      },
      {
        "Lon": 20.9691,
        "Time": "2017-05-14 00:03:31",
        "Lines": "9",
        "Lat": 52.2024,
        "Brigade": "2"
      },
      {
        "Lon": 20.9691,
        "Time": "2017-05-14 00:03:41",
        "Lines": "9",
        "Lat": 52.2024,
        "Brigade": "2"
      },
      {
        "Lon": 20.9691,
        "Time": "2017-05-14 00:03:52",
        "Lines": "9",
        "Lat": 52.2024,
        "Brigade": "2"
      },
      {
        "Lon": 20.9691,
        "Time": "2017-05-14 00:04:07",
        "Lines": "9",
        "Lat": 52.2024,
        "Brigade": "2"
      },
      {
        "Lon": 20.9693,
        "Time": "2017-05-14 00:04:18",
        "Lines": "9",
        "Lat": 52.2027,
        "Brigade": "2"
      },
      {
        "Lon": 20.9704,
        "Time": "2017-05-14 00:04:28",
        "Lines": "9",
        "Lat": 52.2038,
        "Brigade": "2"
      },
      {
        "Lon": 20.9713,
        "Time": "2017-05-14 00:04:39",
        "Lines": "9",
        "Lat": 52.2049,
        "Brigade": "2"
      },
      {
        "Lon": 20.9719,
        "Time": "2017-05-14 00:04:49",
        "Lines": "9",
        "Lat": 52.2056,
        "Brigade": "2"
      },
      {
        "Lon": 20.9719,
        "Time": "2017-05-14 00:05:00",
        "Lines": "9",
        "Lat": 52.2056,
        "Brigade": "2"
      },
      {
        "Lon": 20.9719,
        "Time": "2017-05-14 00:05:10",
        "Lines": "9",
        "Lat": 52.2056,
        "Brigade": "2"
      },
      {
        "Lon": 20.9719,
        "Time": "2017-05-14 00:05:21",
        "Lines": "9",
        "Lat": 52.2056,
        "Brigade": "2"
      },
      {
        "Lon": 20.972,
        "Time": "2017-05-14 00:05:31",
        "Lines": "9",
        "Lat": 52.2056,
        "Brigade": "2"
      },
      {
        "Lon": 20.9729,
        "Time": "2017-05-14 00:05:42",
        "Lines": "9",
        "Lat": 52.2067,
        "Brigade": "2"
      },
      {
        "Lon": 20.9739,
        "Time": "2017-05-14 00:05:52",
        "Lines": "9",
        "Lat": 52.2078,
        "Brigade": "2"
      },
      {
        "Lon": 20.9746,
        "Time": "2017-05-14 00:06:08",
        "Lines": "9",
        "Lat": 52.2086,
        "Brigade": "2"
      },
      {
        "Lon": 20.9752,
        "Time": "2017-05-14 00:06:18",
        "Lines": "9",
        "Lat": 52.2093,
        "Brigade": "2"
      },
      {
        "Lon": 20.9757,
        "Time": "2017-05-14 00:06:24",
        "Lines": "9",
        "Lat": 52.2099,
        "Brigade": "2"
      },
      {
        "Lon": 20.9769,
        "Time": "2017-05-14 00:06:39",
        "Lines": "9",
        "Lat": 52.2113,
        "Brigade": "2"
      },
      {
        "Lon": 20.9774,
        "Time": "2017-05-14 00:06:50",
        "Lines": "9",
        "Lat": 52.2119,
        "Brigade": "2"
      },
      {
        "Lon": 20.9774,
        "Time": "2017-05-14 00:07:00",
        "Lines": "9",
        "Lat": 52.2119,
        "Brigade": "2"
      },
      {
        "Lon": 20.978,
        "Time": "2017-05-14 00:07:11",
        "Lines": "9",
        "Lat": 52.2125,
        "Brigade": "2"
      },
      {
        "Lon": 20.9794,
        "Time": "2017-05-14 00:07:27",
        "Lines": "9",
        "Lat": 52.2142,
        "Brigade": "2"
      },
      {
        "Lon": 20.9794,
        "Time": "2017-05-14 00:07:37",
        "Lines": "9",
        "Lat": 52.2143,
        "Brigade": "2"
      },
      {
        "Lon": 20.9796,
        "Time": "2017-05-14 00:07:48",
        "Lines": "9",
        "Lat": 52.2145,
        "Brigade": "2"
      },
      {
        "Lon": 20.9803,
        "Time": "2017-05-14 00:07:58",
        "Lines": "9",
        "Lat": 52.2152,
        "Brigade": "2"
      },
      {
        "Lon": 20.9805,
        "Time": "2017-05-14 00:08:09",
        "Lines": "9",
        "Lat": 52.2154,
        "Brigade": "2"
      },
      {
        "Lon": 20.9805,
        "Time": "2017-05-14 00:08:19",
        "Lines": "9",
        "Lat": 52.2154,
        "Brigade": "2"
      },
      {
        "Lon": 20.9805,
        "Time": "2017-05-14 00:08:29",
        "Lines": "9",
        "Lat": 52.2154,
        "Brigade": "2"
      },
      {
        "Lon": 20.9805,
        "Time": "2017-05-14 00:08:40",
        "Lines": "9",
        "Lat": 52.2154,
        "Brigade": "2"
      },
      {
        "Lon": 20.9807,
        "Time": "2017-05-14 00:08:51",
        "Lines": "9",
        "Lat": 52.2157,
        "Brigade": "2"
      },
      {
        "Lon": 20.9811,
        "Time": "2017-05-14 00:09:06",
        "Lines": "9",
        "Lat": 52.216,
        "Brigade": "2"
      },
      {
        "Lon": 20.9816,
        "Time": "2017-05-14 00:09:17",
        "Lines": "9",
        "Lat": 52.2166,
        "Brigade": "2"
      },
      {
        "Lon": 20.9822,
        "Time": "2017-05-14 00:09:27",
        "Lines": "9",
        "Lat": 52.2173,
        "Brigade": "2"
      },
      {
        "Lon": 20.9827,
        "Time": "2017-05-14 00:09:38",
        "Lines": "9",
        "Lat": 52.2179,
        "Brigade": "2"
      },
      {
        "Lon": 20.9829,
        "Time": "2017-05-14 00:09:48",
        "Lines": "9",
        "Lat": 52.2181,
        "Brigade": "2"
      },
      {
        "Lon": 20.9829,
        "Time": "2017-05-14 00:09:59",
        "Lines": "9",
        "Lat": 52.2181,
        "Brigade": "2"
      },
      {
        "Lon": 20.9832,
        "Time": "2017-05-14 00:10:09",
        "Lines": "9",
        "Lat": 52.2185,
        "Brigade": "2"
      },
      {
        "Lon": 20.9834,
        "Time": "2017-05-14 00:10:25",
        "Lines": "9",
        "Lat": 52.2188,
        "Brigade": "2"
      },
      {
        "Lon": 20.9834,
        "Time": "2017-05-14 00:10:35",
        "Lines": "9",
        "Lat": 52.2188,
        "Brigade": "2"
      },
      {
        "Lon": 20.9834,
        "Time": "2017-05-14 00:10:46",
        "Lines": "9",
        "Lat": 52.2188,
        "Brigade": "2"
      },
      {
        "Lon": 20.9834,
        "Time": "2017-05-14 00:10:56",
        "Lines": "9",
        "Lat": 52.2188,
        "Brigade": "2"
      },
      {
        "Lon": 20.9834,
        "Time": "2017-05-14 00:11:07",
        "Lines": "9",
        "Lat": 52.2188,
        "Brigade": "2"
      },
      {
        "Lon": 20.9834,
        "Time": "2017-05-14 00:11:17",
        "Lines": "9",
        "Lat": 52.2188,
        "Brigade": "2"
      },
      {
        "Lon": 20.9834,
        "Time": "2017-05-14 00:11:28",
        "Lines": "9",
        "Lat": 52.2189,
        "Brigade": "2"
      },
      {
        "Lon": 20.984,
        "Time": "2017-05-14 00:11:38",
        "Lines": "9",
        "Lat": 52.2196,
        "Brigade": "2"
      },
      {
        "Lon": 20.9846,
        "Time": "2017-05-14 00:11:49",
        "Lines": "9",
        "Lat": 52.2201,
        "Brigade": "2"
      },
      {
        "Lon": 20.9852,
        "Time": "2017-05-14 00:12:05",
        "Lines": "9",
        "Lat": 52.2208,
        "Brigade": "2"
      },
      {
        "Lon": 20.9852,
        "Time": "2017-05-14 00:12:15",
        "Lines": "9",
        "Lat": 52.2208,
        "Brigade": "2"
      },
      {
        "Lon": 20.9852,
        "Time": "2017-05-14 00:12:25",
        "Lines": "9",
        "Lat": 52.2208,
        "Brigade": "2"
      },
      {
        "Lon": 20.9852,
        "Time": "2017-05-14 00:12:36",
        "Lines": "9",
        "Lat": 52.2208,
        "Brigade": "2"
      },
      {
        "Lon": 20.9854,
        "Time": "2017-05-14 00:12:46",
        "Lines": "9",
        "Lat": 52.221,
        "Brigade": "2"
      },
      {
        "Lon": 20.9863,
        "Time": "2017-05-14 00:12:57",
        "Lines": "9",
        "Lat": 52.2221,
        "Brigade": "2"
      },
      {
        "Lon": 20.9868,
        "Time": "2017-05-14 00:13:07",
        "Lines": "9",
        "Lat": 52.2226,
        "Brigade": "2"
      },
      {
        "Lon": 20.9871,
        "Time": "2017-05-14 00:13:18",
        "Lines": "9",
        "Lat": 52.223,
        "Brigade": "2"
      },
      {
        "Lon": 20.988,
        "Time": "2017-05-14 00:13:28",
        "Lines": "9",
        "Lat": 52.224,
        "Brigade": "2"
      },
      {
        "Lon": 20.9886,
        "Time": "2017-05-14 00:13:39",
        "Lines": "9",
        "Lat": 52.2245,
        "Brigade": "2"
      },
      {
        "Lon": 20.9886,
        "Time": "2017-05-14 00:13:55",
        "Lines": "9",
        "Lat": 52.2245,
        "Brigade": "2"
      },
      {
        "Lon": 20.9886,
        "Time": "2017-05-14 00:14:05",
        "Lines": "9",
        "Lat": 52.2245,
        "Brigade": "2"
      },
      {
        "Lon": 20.9886,
        "Time": "2017-05-14 00:14:16",
        "Lines": "9",
        "Lat": 52.2245,
        "Brigade": "2"
      },
      {
        "Lon": 20.9886,
        "Time": "2017-05-14 00:14:31",
        "Lines": "9",
        "Lat": 52.2245,
        "Brigade": "2"
      },
      {
        "Lon": 20.9886,
        "Time": "2017-05-14 00:14:42",
        "Lines": "9",
        "Lat": 52.2245,
        "Brigade": "2"
      },
      {
        "Lon": 20.9893,
        "Time": "2017-05-14 00:14:52",
        "Lines": "9",
        "Lat": 52.2248,
        "Brigade": "2"
      },
      {
        "Lon": 20.99,
        "Time": "2017-05-14 00:15:03",
        "Lines": "9",
        "Lat": 52.225,
        "Brigade": "2"
      },
      {
        "Lon": 20.9902,
        "Time": "2017-05-14 00:15:13",
        "Lines": "9",
        "Lat": 52.225,
        "Brigade": "2"
      },
      {
        "Lon": 20.9902,
        "Time": "2017-05-14 00:15:24",
        "Lines": "9",
        "Lat": 52.225,
        "Brigade": "2"
      },
      {
        "Lon": 20.9911,
        "Time": "2017-05-14 00:15:34",
        "Lines": "9",
        "Lat": 52.2252,
        "Brigade": "2"
      },
      {
        "Lon": 20.9929,
        "Time": "2017-05-14 00:15:45",
        "Lines": "9",
        "Lat": 52.2257,
        "Brigade": "2"
      },
      {
        "Lon": 20.9943,
        "Time": "2017-05-14 00:15:55",
        "Lines": "9",
        "Lat": 52.226,
        "Brigade": "2"
      },
      {
        "Lon": 20.995,
        "Time": "2017-05-14 00:16:11",
        "Lines": "9",
        "Lat": 52.2262,
        "Brigade": "2"
      },
      {
        "Lon": 20.9952,
        "Time": "2017-05-14 00:16:21",
        "Lines": "9",
        "Lat": 52.2262,
        "Brigade": "2"
      },
      {
        "Lon": 20.9952,
        "Time": "2017-05-14 00:16:32",
        "Lines": "9",
        "Lat": 52.2262,
        "Brigade": "2"
      },
      {
        "Lon": 20.9952,
        "Time": "2017-05-14 00:16:42",
        "Lines": "9",
        "Lat": 52.2262,
        "Brigade": "2"
      },
      {
        "Lon": 20.9952,
        "Time": "2017-05-14 00:16:53",
        "Lines": "9",
        "Lat": 52.2262,
        "Brigade": "2"
      },
      {
        "Lon": 20.9952,
        "Time": "2017-05-14 00:17:03",
        "Lines": "9",
        "Lat": 52.2262,
        "Brigade": "2"
      },
      {
        "Lon": 20.9952,
        "Time": "2017-05-14 00:17:14",
        "Lines": "9",
        "Lat": 52.2262,
        "Brigade": "2"
      },
      {
        "Lon": 20.9958,
        "Time": "2017-05-14 00:17:30",
        "Lines": "9",
        "Lat": 52.2264,
        "Brigade": "2"
      },
      {
        "Lon": 20.9963,
        "Time": "2017-05-14 00:17:40",
        "Lines": "9",
        "Lat": 52.2265,
        "Brigade": "2"
      },
      {
        "Lon": 20.9979,
        "Time": "2017-05-14 00:17:51",
        "Lines": "9",
        "Lat": 52.2268,
        "Brigade": "2"
      },
      {
        "Lon": 20.9999,
        "Time": "2017-05-14 00:18:01",
        "Lines": "9",
        "Lat": 52.2273,
        "Brigade": "2"
      },
      {
        "Lon": 21.0008,
        "Time": "2017-05-14 00:18:11",
        "Lines": "9",
        "Lat": 52.2275,
        "Brigade": "2"
      },
      {
        "Lon": 21.0011,
        "Time": "2017-05-14 00:18:22",
        "Lines": "9",
        "Lat": 52.2276,
        "Brigade": "2"
      },
      {
        "Lon": 21.0018,
        "Time": "2017-05-14 00:18:32",
        "Lines": "9",
        "Lat": 52.2278,
        "Brigade": "2"
      },
      {
        "Lon": 21.0027,
        "Time": "2017-05-14 00:18:43",
        "Lines": "9",
        "Lat": 52.2279,
        "Brigade": "2"
      },
      {
        "Lon": 21.0034,
        "Time": "2017-05-14 00:18:53",
        "Lines": "9",
        "Lat": 52.228,
        "Brigade": "2"
      },
      {
        "Lon": 21.0035,
        "Time": "2017-05-14 00:19:09",
        "Lines": "9",
        "Lat": 52.2282,
        "Brigade": "2"
      },
      {
        "Lon": 21.004,
        "Time": "2017-05-14 00:19:20",
        "Lines": "9",
        "Lat": 52.2283,
        "Brigade": "2"
      },
      {
        "Lon": 21.0046,
        "Time": "2017-05-14 00:19:30",
        "Lines": "9",
        "Lat": 52.2283,
        "Brigade": "2"
      },
      {
        "Lon": 21.0049,
        "Time": "2017-05-14 00:19:41",
        "Lines": "9",
        "Lat": 52.2282,
        "Brigade": "2"
      },
      {
        "Lon": 21.0049,
        "Time": "2017-05-14 00:19:51",
        "Lines": "9",
        "Lat": 52.2282,
        "Brigade": "2"
      },
      {
        "Lon": 21.0051,
        "Time": "2017-05-14 00:20:02",
        "Lines": "9",
        "Lat": 52.2282,
        "Brigade": "2"
      },
      {
        "Lon": 21.0064,
        "Time": "2017-05-14 00:20:13",
        "Lines": "9",
        "Lat": 52.2285,
        "Brigade": "2"
      },
      {
        "Lon": 21.0084,
        "Time": "2017-05-14 00:20:23",
        "Lines": "9",
        "Lat": 52.2291,
        "Brigade": "2"
      },
      {
        "Lon": 21.0103,
        "Time": "2017-05-14 00:20:36",
        "Lines": "9",
        "Lat": 52.2296,
        "Brigade": "2"
      },
      {
        "Lon": 21.0108,
        "Time": "2017-05-14 00:20:44",
        "Lines": "9",
        "Lat": 52.2297,
        "Brigade": "2"
      },
      {
        "Lon": 21.0108,
        "Time": "2017-05-14 00:20:59",
        "Lines": "9",
        "Lat": 52.2297,
        "Brigade": "2"
      },
      {
        "Lon": 21.0108,
        "Time": "2017-05-14 00:21:10",
        "Lines": "9",
        "Lat": 52.2297,
        "Brigade": "2"
      },
      {
        "Lon": 21.0108,
        "Time": "2017-05-14 00:21:20",
        "Lines": "9",
        "Lat": 52.2297,
        "Brigade": "2"
      },
      {
        "Lon": 21.0108,
        "Time": "2017-05-14 00:21:31",
        "Lines": "9",
        "Lat": 52.2297,
        "Brigade": "2"
      },
      {
        "Lon": 21.0117,
        "Time": "2017-05-14 00:21:41",
        "Lines": "9",
        "Lat": 52.2299,
        "Brigade": "2"
      },
      {
        "Lon": 21.013,
        "Time": "2017-05-14 00:21:52",
        "Lines": "9",
        "Lat": 52.2301,
        "Brigade": "2"
      },
      {
        "Lon": 21.0148,
        "Time": "2017-05-14 00:22:02",
        "Lines": "9",
        "Lat": 52.2305,
        "Brigade": "2"
      },
      {
        "Lon": 21.0155,
        "Time": "2017-05-14 00:22:13",
        "Lines": "9",
        "Lat": 52.2305,
        "Brigade": "2"
      },
      {
        "Lon": 21.0155,
        "Time": "2017-05-14 00:22:23",
        "Lines": "9",
        "Lat": 52.2305,
        "Brigade": "2"
      },
      {
        "Lon": 21.0155,
        "Time": "2017-05-14 00:22:34",
        "Lines": "9",
        "Lat": 52.2305,
        "Brigade": "2"
      },
      {
        "Lon": 21.0155,
        "Time": "2017-05-14 00:22:49",
        "Lines": "9",
        "Lat": 52.2305,
        "Brigade": "2"
      },
      {
        "Lon": 21.0155,
        "Time": "2017-05-14 00:23:00",
        "Lines": "9",
        "Lat": 52.2305,
        "Brigade": "2"
      },
      {
        "Lon": 21.0166,
        "Time": "2017-05-14 00:23:10",
        "Lines": "9",
        "Lat": 52.2308,
        "Brigade": "2"
      },
      {
        "Lon": 21.0183,
        "Time": "2017-05-14 00:23:21",
        "Lines": "9",
        "Lat": 52.2312,
        "Brigade": "2"
      },
      {
        "Lon": 21.0196,
        "Time": "2017-05-14 00:23:31",
        "Lines": "9",
        "Lat": 52.2315,
        "Brigade": "2"
      },
      {
        "Lon": 21.0197,
        "Time": "2017-05-14 00:23:42",
        "Lines": "9",
        "Lat": 52.2315,
        "Brigade": "2"
      },
      {
        "Lon": 21.0198,
        "Time": "2017-05-14 00:23:52",
        "Lines": "9",
        "Lat": 52.2315,
        "Brigade": "2"
      },
      {
        "Lon": 21.0201,
        "Time": "2017-05-14 00:24:03",
        "Lines": "9",
        "Lat": 52.2316,
        "Brigade": "2"
      },
      {
        "Lon": 21.0201,
        "Time": "2017-05-14 00:24:13",
        "Lines": "9",
        "Lat": 52.2316,
        "Brigade": "2"
      },
      {
        "Lon": 21.0201,
        "Time": "2017-05-14 00:24:24",
        "Lines": "9",
        "Lat": 52.2316,
        "Brigade": "2"
      },
      {
        "Lon": 21.0201,
        "Time": "2017-05-14 00:24:34",
        "Lines": "9",
        "Lat": 52.2316,
        "Brigade": "2"
      },
      {
        "Lon": 21.0201,
        "Time": "2017-05-14 00:24:45",
        "Lines": "9",
        "Lat": 52.2316,
        "Brigade": "2"
      },
      {
        "Lon": 21.0227,
        "Time": "2017-05-14 00:25:01",
        "Lines": "9",
        "Lat": 52.2322,
        "Brigade": "2"
      },
      {
        "Lon": 21.0238,
        "Time": "2017-05-14 00:25:06",
        "Lines": "9",
        "Lat": 52.2324,
        "Brigade": "2"
      },
      {
        "Lon": 21.0272,
        "Time": "2017-05-14 00:25:23",
        "Lines": "9",
        "Lat": 52.2332,
        "Brigade": "2"
      },
      {
        "Lon": 21.0298,
        "Time": "2017-05-14 00:25:32",
        "Lines": "9",
        "Lat": 52.2337,
        "Brigade": "2"
      },
      {
        "Lon": 21.0322,
        "Time": "2017-05-14 00:25:42",
        "Lines": "9",
        "Lat": 52.2342,
        "Brigade": "2"
      },
      {
        "Lon": 21.0347,
        "Time": "2017-05-14 00:25:53",
        "Lines": "9",
        "Lat": 52.2347,
        "Brigade": "2"
      },
      {
        "Lon": 21.0364,
        "Time": "2017-05-14 00:26:04",
        "Lines": "9",
        "Lat": 52.235,
        "Brigade": "2"
      },
      {
        "Lon": 21.0372,
        "Time": "2017-05-14 00:26:15",
        "Lines": "9",
        "Lat": 52.2352,
        "Brigade": "2"
      },
      {
        "Lon": 21.0374,
        "Time": "2017-05-14 00:26:27",
        "Lines": "9",
        "Lat": 52.2352,
        "Brigade": "2"
      },
      {
        "Lon": 21.0382,
        "Time": "2017-05-14 00:26:40",
        "Lines": "9",
        "Lat": 52.2354,
        "Brigade": "2"
      },
      {
        "Lon": 21.0402,
        "Time": "2017-05-14 00:26:51",
        "Lines": "9",
        "Lat": 52.2358,
        "Brigade": "2"
      },
      {
        "Lon": 21.0423,
        "Time": "2017-05-14 00:27:02",
        "Lines": "9",
        "Lat": 52.2362,
        "Brigade": "2"
      },
      {
        "Lon": 21.0443,
        "Time": "2017-05-14 00:27:12",
        "Lines": "9",
        "Lat": 52.2367,
        "Brigade": "2"
      },
      {
        "Lon": 21.0466,
        "Time": "2017-05-14 00:27:22",
        "Lines": "9",
        "Lat": 52.2371,
        "Brigade": "2"
      },
      {
        "Lon": 21.0487,
        "Time": "2017-05-14 00:27:33",
        "Lines": "9",
        "Lat": 52.2376,
        "Brigade": "2"
      },
      {
        "Lon": 21.0499,
        "Time": "2017-05-14 00:27:43",
        "Lines": "9",
        "Lat": 52.2378,
        "Brigade": "2"
      },
      {
        "Lon": 21.0505,
        "Time": "2017-05-14 00:27:54",
        "Lines": "9",
        "Lat": 52.2379,
        "Brigade": "2"
      },
      {
        "Lon": 21.0505,
        "Time": "2017-05-14 00:28:04",
        "Lines": "9",
        "Lat": 52.2379,
        "Brigade": "2"
      },
      {
        "Lon": 21.0508,
        "Time": "2017-05-14 00:28:15",
        "Lines": "9",
        "Lat": 52.238,
        "Brigade": "2"
      },
      {
        "Lon": 21.051,
        "Time": "2017-05-14 00:28:27",
        "Lines": "9",
        "Lat": 52.238,
        "Brigade": "2"
      },
      {
        "Lon": 21.051,
        "Time": "2017-05-14 00:28:41",
        "Lines": "9",
        "Lat": 52.238,
        "Brigade": "2"
      },
      {
        "Lon": 21.0511,
        "Time": "2017-05-14 00:28:51",
        "Lines": "9",
        "Lat": 52.238,
        "Brigade": "2"
      },
      {
        "Lon": 21.0517,
        "Time": "2017-05-14 00:29:02",
        "Lines": "9",
        "Lat": 52.2381,
        "Brigade": "2"
      },
      {
        "Lon": 21.0529,
        "Time": "2017-05-14 00:29:12",
        "Lines": "9",
        "Lat": 52.2384,
        "Brigade": "2"
      },
      {
        "Lon": 21.0542,
        "Time": "2017-05-14 00:29:23",
        "Lines": "9",
        "Lat": 52.2386,
        "Brigade": "2"
      },
      {
        "Lon": 21.0558,
        "Time": "2017-05-14 00:29:33",
        "Lines": "9",
        "Lat": 52.2389,
        "Brigade": "2"
      },
      {
        "Lon": 21.0563,
        "Time": "2017-05-14 00:29:44",
        "Lines": "9",
        "Lat": 52.239,
        "Brigade": "2"
      },
      {
        "Lon": 21.0563,
        "Time": "2017-05-14 00:29:54",
        "Lines": "9",
        "Lat": 52.239,
        "Brigade": "2"
      },
      {
        "Lon": 21.0567,
        "Time": "2017-05-14 00:29:59",
        "Lines": "9",
        "Lat": 52.2391,
        "Brigade": "2"
      },
      {
        "Lon": 21.0663,
        "Time": "2017-05-14 00:56:13",
        "Lines": "9",
        "Lat": 52.2412,
        "Brigade": "2"
      },
      {
        "Lon": 21.0644,
        "Time": "2017-05-14 00:56:23",
        "Lines": "9",
        "Lat": 52.2408,
        "Brigade": "2"
      },
      {
        "Lon": 21.0628,
        "Time": "2017-05-14 00:56:34",
        "Lines": "9",
        "Lat": 52.2404,
        "Brigade": "2"
      },
      {
        "Lon": 21.0627,
        "Time": "2017-05-14 00:56:49",
        "Lines": "9",
        "Lat": 52.2404,
        "Brigade": "2"
      },
      {
        "Lon": 21.0627,
        "Time": "2017-05-14 00:57:00",
        "Lines": "9",
        "Lat": 52.2404,
        "Brigade": "2"
      },
      {
        "Lon": 21.0627,
        "Time": "2017-05-14 00:57:10",
        "Lines": "9",
        "Lat": 52.2404,
        "Brigade": "2"
      },
      {
        "Lon": 21.0627,
        "Time": "2017-05-14 00:57:21",
        "Lines": "9",
        "Lat": 52.2404,
        "Brigade": "2"
      },
      {
        "Lon": 21.0623,
        "Time": "2017-05-14 00:57:31",
        "Lines": "9",
        "Lat": 52.2403,
        "Brigade": "2"
      },
      {
        "Lon": 21.0604,
        "Time": "2017-05-14 00:57:42",
        "Lines": "9",
        "Lat": 52.2399,
        "Brigade": "2"
      },
      {
        "Lon": 21.0584,
        "Time": "2017-05-14 00:57:52",
        "Lines": "9",
        "Lat": 52.2395,
        "Brigade": "2"
      },
      {
        "Lon": 21.0563,
        "Time": "2017-05-14 00:58:03",
        "Lines": "9",
        "Lat": 52.239,
        "Brigade": "2"
      },
      {
        "Lon": 21.0551,
        "Time": "2017-05-14 00:58:13",
        "Lines": "9",
        "Lat": 52.2388,
        "Brigade": "2"
      },
      {
        "Lon": 21.055,
        "Time": "2017-05-14 00:58:24",
        "Lines": "9",
        "Lat": 52.2388,
        "Brigade": "2"
      },
      {
        "Lon": 21.0544,
        "Time": "2017-05-14 00:58:34",
        "Lines": "9",
        "Lat": 52.2387,
        "Brigade": "2"
      },
      {
        "Lon": 21.0527,
        "Time": "2017-05-14 00:58:45",
        "Lines": "9",
        "Lat": 52.2383,
        "Brigade": "2"
      },
      {
        "Lon": 21.0513,
        "Time": "2017-05-14 00:58:55",
        "Lines": "9",
        "Lat": 52.238,
        "Brigade": "2"
      },
      {
        "Lon": 21.0502,
        "Time": "2017-05-14 00:59:11",
        "Lines": "9",
        "Lat": 52.2378,
        "Brigade": "2"
      },
      {
        "Lon": 21.0502,
        "Time": "2017-05-14 00:59:21",
        "Lines": "9",
        "Lat": 52.2378,
        "Brigade": "2"
      },
      {
        "Lon": 21.0502,
        "Time": "2017-05-14 00:59:32",
        "Lines": "9",
        "Lat": 52.2378,
        "Brigade": "2"
      },
      {
        "Lon": 21.0493,
        "Time": "2017-05-14 00:59:42",
        "Lines": "9",
        "Lat": 52.2376,
        "Brigade": "2"
      },
      {
        "Lon": 21.0473,
        "Time": "2017-05-14 00:59:53",
        "Lines": "9",
        "Lat": 52.2372,
        "Brigade": "2"
      },
      {
        "Lon": 21.0454,
        "Time": "2017-05-14 01:00:04",
        "Lines": "9",
        "Lat": 52.2368,
        "Brigade": "2"
      },
      {
        "Lon": 21.0434,
        "Time": "2017-05-14 01:00:14",
        "Lines": "9",
        "Lat": 52.2364,
        "Brigade": "2"
      },
      {
        "Lon": 21.0413,
        "Time": "2017-05-14 01:00:24",
        "Lines": "9",
        "Lat": 52.236,
        "Brigade": "2"
      },
      {
        "Lon": 21.0393,
        "Time": "2017-05-14 01:00:35",
        "Lines": "9",
        "Lat": 52.2356,
        "Brigade": "2"
      },
      {
        "Lon": 21.0373,
        "Time": "2017-05-14 01:00:45",
        "Lines": "9",
        "Lat": 52.2352,
        "Brigade": "2"
      },
      {
        "Lon": 21.0365,
        "Time": "2017-05-14 01:00:59",
        "Lines": "9",
        "Lat": 52.235,
        "Brigade": "2"
      },
      {
        "Lon": 21.0365,
        "Time": "2017-05-14 01:01:12",
        "Lines": "9",
        "Lat": 52.235,
        "Brigade": "2"
      },
      {
        "Lon": 21.0365,
        "Time": "2017-05-14 01:01:23",
        "Lines": "9",
        "Lat": 52.235,
        "Brigade": "2"
      },
      {
        "Lon": 21.0365,
        "Time": "2017-05-14 01:01:34",
        "Lines": "9",
        "Lat": 52.235,
        "Brigade": "2"
      },
      {
        "Lon": 21.0365,
        "Time": "2017-05-14 01:01:40",
        "Lines": "9",
        "Lat": 52.235,
        "Brigade": "2"
      },
      {
        "Lon": 21.0365,
        "Time": "2017-05-14 01:01:51",
        "Lines": "9",
        "Lat": 52.235,
        "Brigade": "2"
      },
      {
        "Lon": 21.0364,
        "Time": "2017-05-14 01:02:07",
        "Lines": "9",
        "Lat": 52.235,
        "Brigade": "2"
      },
      {
        "Lon": 21.0349,
        "Time": "2017-05-14 01:02:18",
        "Lines": "9",
        "Lat": 52.2347,
        "Brigade": "2"
      },
      {
        "Lon": 21.0329,
        "Time": "2017-05-14 01:02:29",
        "Lines": "9",
        "Lat": 52.2342,
        "Brigade": "2"
      },
      {
        "Lon": 21.031,
        "Time": "2017-05-14 01:02:40",
        "Lines": "9",
        "Lat": 52.2338,
        "Brigade": "2"
      },
      {
        "Lon": 21.029,
        "Time": "2017-05-14 01:02:51",
        "Lines": "9",
        "Lat": 52.2334,
        "Brigade": "2"
      },
      {
        "Lon": 21.0248,
        "Time": "2017-05-14 01:03:13",
        "Lines": "9",
        "Lat": 52.2326,
        "Brigade": "2"
      },
      {
        "Lon": 21.0237,
        "Time": "2017-05-14 01:03:18",
        "Lines": "9",
        "Lat": 52.2324,
        "Brigade": "2"
      },
      {
        "Lon": 21.0215,
        "Time": "2017-05-14 01:05:24",
        "Lines": "9",
        "Lat": 52.2319,
        "Brigade": "2"
      },
      {
        "Lon": 21.0215,
        "Time": "2017-05-14 01:05:35",
        "Lines": "9",
        "Lat": 52.2319,
        "Brigade": "2"
      },
      {
        "Lon": 21.0215,
        "Time": "2017-05-14 01:05:45",
        "Lines": "9",
        "Lat": 52.2319,
        "Brigade": "2"
      },
      {
        "Lon": 21.0215,
        "Time": "2017-05-14 01:05:56",
        "Lines": "9",
        "Lat": 52.2319,
        "Brigade": "2"
      },
      {
        "Lon": 21.0215,
        "Time": "2017-05-14 01:06:06",
        "Lines": "9",
        "Lat": 52.2319,
        "Brigade": "2"
      },
      {
        "Lon": 21.0215,
        "Time": "2017-05-14 01:06:22",
        "Lines": "9",
        "Lat": 52.2319,
        "Brigade": "2"
      },
      {
        "Lon": 21.0215,
        "Time": "2017-05-14 01:06:32",
        "Lines": "9",
        "Lat": 52.2319,
        "Brigade": "2"
      },
      {
        "Lon": 21.0215,
        "Time": "2017-05-14 01:06:43",
        "Lines": "9",
        "Lat": 52.2319,
        "Brigade": "2"
      },
      {
        "Lon": 21.0215,
        "Time": "2017-05-14 01:06:53",
        "Lines": "9",
        "Lat": 52.2319,
        "Brigade": "2"
      },
      {
        "Lon": 21.0125,
        "Time": "2017-05-14 01:07:04",
        "Lines": "9",
        "Lat": 52.23,
        "Brigade": "2"
      },
      {
        "Lon": 21.0125,
        "Time": "2017-05-14 01:07:14",
        "Lines": "9",
        "Lat": 52.23,
        "Brigade": "2"
      },
      {
        "Lon": 21.0125,
        "Time": "2017-05-14 01:07:25",
        "Lines": "9",
        "Lat": 52.23,
        "Brigade": "2"
      },
      {
        "Lon": 21.0124,
        "Time": "2017-05-14 01:07:35",
        "Lines": "9",
        "Lat": 52.23,
        "Brigade": "2"
      },
      {
        "Lon": 21.0124,
        "Time": "2017-05-14 01:07:51",
        "Lines": "9",
        "Lat": 52.23,
        "Brigade": "2"
      },
      {
        "Lon": 21.0124,
        "Time": "2017-05-14 01:08:01",
        "Lines": "9",
        "Lat": 52.23,
        "Brigade": "2"
      },
      {
        "Lon": 21.0124,
        "Time": "2017-05-14 01:08:12",
        "Lines": "9",
        "Lat": 52.23,
        "Brigade": "2"
      },
      {
        "Lon": 21.0123,
        "Time": "2017-05-14 01:08:22",
        "Lines": "9",
        "Lat": 52.23,
        "Brigade": "2"
      },
      {
        "Lon": 21.0115,
        "Time": "2017-05-14 01:08:33",
        "Lines": "9",
        "Lat": 52.2297,
        "Brigade": "2"
      },
      {
        "Lon": 21.01,
        "Time": "2017-05-14 01:08:43",
        "Lines": "9",
        "Lat": 52.2294,
        "Brigade": "2"
      },
      {
        "Lon": 21.008,
        "Time": "2017-05-14 01:08:54",
        "Lines": "9",
        "Lat": 52.229,
        "Brigade": "2"
      },
      {
        "Lon": 21.0067,
        "Time": "2017-05-14 01:09:04",
        "Lines": "9",
        "Lat": 52.2287,
        "Brigade": "2"
      },
      {
        "Lon": 21.0064,
        "Time": "2017-05-14 01:09:15",
        "Lines": "9",
        "Lat": 52.2287,
        "Brigade": "2"
      },
      {
        "Lon": 21.0062,
        "Time": "2017-05-14 01:09:26",
        "Lines": "9",
        "Lat": 52.2287,
        "Brigade": "2"
      },
      {
        "Lon": 21.0062,
        "Time": "2017-05-14 01:09:41",
        "Lines": "9",
        "Lat": 52.2287,
        "Brigade": "2"
      },
      {
        "Lon": 21.006,
        "Time": "2017-05-14 01:09:52",
        "Lines": "9",
        "Lat": 52.2286,
        "Brigade": "2"
      },
      {
        "Lon": 21.0053,
        "Time": "2017-05-14 01:09:58",
        "Lines": "9",
        "Lat": 52.2285,
        "Brigade": "2"
      },
      {
        "Lon": 21.0036,
        "Time": "2017-05-14 01:10:12",
        "Lines": "9",
        "Lat": 52.2281,
        "Brigade": "2"
      },
      {
        "Lon": 21.0033,
        "Time": "2017-05-14 01:10:23",
        "Lines": "9",
        "Lat": 52.2281,
        "Brigade": "2"
      },
      {
        "Lon": 21.0032,
        "Time": "2017-05-14 01:10:33",
        "Lines": "9",
        "Lat": 52.228,
        "Brigade": "2"
      },
      {
        "Lon": 21.0032,
        "Time": "2017-05-14 01:10:44",
        "Lines": "9",
        "Lat": 52.228,
        "Brigade": "2"
      },
      {
        "Lon": 21.0032,
        "Time": "2017-05-14 01:10:54",
        "Lines": "9",
        "Lat": 52.228,
        "Brigade": "2"
      },
      {
        "Lon": 21.0032,
        "Time": "2017-05-14 01:11:10",
        "Lines": "9",
        "Lat": 52.228,
        "Brigade": "2"
      },
      {
        "Lon": 21.0032,
        "Time": "2017-05-14 01:11:21",
        "Lines": "9",
        "Lat": 52.228,
        "Brigade": "2"
      },
      {
        "Lon": 21.003,
        "Time": "2017-05-14 01:11:31",
        "Lines": "9",
        "Lat": 52.228,
        "Brigade": "2"
      },
      {
        "Lon": 21.0014,
        "Time": "2017-05-14 01:11:42",
        "Lines": "9",
        "Lat": 52.2276,
        "Brigade": "2"
      },
      {
        "Lon": 20.9991,
        "Time": "2017-05-14 01:11:52",
        "Lines": "9",
        "Lat": 52.2272,
        "Brigade": "2"
      },
      {
        "Lon": 20.9973,
        "Time": "2017-05-14 01:12:03",
        "Lines": "9",
        "Lat": 52.2268,
        "Brigade": "2"
      },
      {
        "Lon": 20.9968,
        "Time": "2017-05-14 01:12:13",
        "Lines": "9",
        "Lat": 52.2267,
        "Brigade": "2"
      },
      {
        "Lon": 20.9967,
        "Time": "2017-05-14 01:12:24",
        "Lines": "9",
        "Lat": 52.2267,
        "Brigade": "2"
      },
      {
        "Lon": 20.9958,
        "Time": "2017-05-14 01:12:34",
        "Lines": "9",
        "Lat": 52.2265,
        "Brigade": "2"
      },
      {
        "Lon": 20.993,
        "Time": "2017-05-14 01:12:50",
        "Lines": "9",
        "Lat": 52.2259,
        "Brigade": "2"
      },
      {
        "Lon": 20.9908,
        "Time": "2017-05-14 01:13:00",
        "Lines": "9",
        "Lat": 52.2254,
        "Brigade": "2"
      },
      {
        "Lon": 20.9898,
        "Time": "2017-05-14 01:13:11",
        "Lines": "9",
        "Lat": 52.225,
        "Brigade": "2"
      },
      {
        "Lon": 20.9898,
        "Time": "2017-05-14 01:13:21",
        "Lines": "9",
        "Lat": 52.225,
        "Brigade": "2"
      },
      {
        "Lon": 20.9898,
        "Time": "2017-05-14 01:13:32",
        "Lines": "9",
        "Lat": 52.225,
        "Brigade": "2"
      },
      {
        "Lon": 20.9898,
        "Time": "2017-05-14 01:13:42",
        "Lines": "9",
        "Lat": 52.225,
        "Brigade": "2"
      },
      {
        "Lon": 20.9891,
        "Time": "2017-05-14 01:13:54",
        "Lines": "9",
        "Lat": 52.2248,
        "Brigade": "2"
      },
      {
        "Lon": 20.988,
        "Time": "2017-05-14 01:14:03",
        "Lines": "9",
        "Lat": 52.2242,
        "Brigade": "2"
      },
      {
        "Lon": 20.9868,
        "Time": "2017-05-14 01:14:24",
        "Lines": "9",
        "Lat": 52.2227,
        "Brigade": "2"
      },
      {
        "Lon": 20.9868,
        "Time": "2017-05-14 01:14:35",
        "Lines": "9",
        "Lat": 52.2227,
        "Brigade": "2"
      },
      {
        "Lon": 20.9865,
        "Time": "2017-05-14 01:14:50",
        "Lines": "9",
        "Lat": 52.2224,
        "Brigade": "2"
      },
      {
        "Lon": 20.9857,
        "Time": "2017-05-14 01:15:01",
        "Lines": "9",
        "Lat": 52.2215,
        "Brigade": "2"
      },
      {
        "Lon": 20.985,
        "Time": "2017-05-14 01:15:11",
        "Lines": "9",
        "Lat": 52.2206,
        "Brigade": "2"
      },
      {
        "Lon": 20.9843,
        "Time": "2017-05-14 01:15:22",
        "Lines": "9",
        "Lat": 52.2198,
        "Brigade": "2"
      },
      {
        "Lon": 20.9839,
        "Time": "2017-05-14 01:15:32",
        "Lines": "9",
        "Lat": 52.2193,
        "Brigade": "2"
      },
      {
        "Lon": 20.9835,
        "Time": "2017-05-14 01:15:43",
        "Lines": "9",
        "Lat": 52.2189,
        "Brigade": "2"
      },
      {
        "Lon": 20.9835,
        "Time": "2017-05-14 01:15:53",
        "Lines": "9",
        "Lat": 52.2189,
        "Brigade": "2"
      },
      {
        "Lon": 20.9835,
        "Time": "2017-05-14 01:16:04",
        "Lines": "9",
        "Lat": 52.2189,
        "Brigade": "2"
      },
      {
        "Lon": 20.9833,
        "Time": "2017-05-14 01:16:19",
        "Lines": "9",
        "Lat": 52.2183,
        "Brigade": "2"
      },
      {
        "Lon": 20.9839,
        "Time": "2017-05-14 01:16:30",
        "Lines": "9",
        "Lat": 52.2183,
        "Brigade": "2"
      },
      {
        "Lon": 20.9845,
        "Time": "2017-05-14 01:16:41",
        "Lines": "9",
        "Lat": 52.2187,
        "Brigade": "2"
      },
      {
        "Lon": 20.9847,
        "Time": "2017-05-14 01:16:51",
        "Lines": "9",
        "Lat": 52.2189,
        "Brigade": "2"
      },
      {
        "Lon": 20.9847,
        "Time": "2017-05-14 01:17:01",
        "Lines": "9",
        "Lat": 52.2189,
        "Brigade": "2"
      },
      {
        "Lon": 20.9847,
        "Time": "2017-05-14 01:17:12",
        "Lines": "9",
        "Lat": 52.2189,
        "Brigade": "2"
      },
      {
        "Lon": 20.9849,
        "Time": "2017-05-14 01:17:22",
        "Lines": "9",
        "Lat": 52.2192,
        "Brigade": "2"
      },
      {
        "Lon": 20.9854,
        "Time": "2017-05-14 01:17:33",
        "Lines": "9",
        "Lat": 52.2194,
        "Brigade": "2"
      },
      {
        "Lon": 20.9861,
        "Time": "2017-05-14 01:17:46",
        "Lines": "9",
        "Lat": 52.2195,
        "Brigade": "2"
      },
      {
        "Lon": 20.9874,
        "Time": "2017-05-14 01:17:59",
        "Lines": "9",
        "Lat": 52.2193,
        "Brigade": "2"
      },
      {
        "Lon": 20.9881,
        "Time": "2017-05-14 01:18:10",
        "Lines": "9",
        "Lat": 52.2193,
        "Brigade": "2"
      },
      {
        "Lon": 20.989,
        "Time": "2017-05-14 01:18:20",
        "Lines": "9",
        "Lat": 52.2193,
        "Brigade": "2"
      },
      {
        "Lon": 20.9891,
        "Time": "2017-05-14 01:18:30",
        "Lines": "9",
        "Lat": 52.2193,
        "Brigade": "2"
      },
      {
        "Lon": 20.9891,
        "Time": "2017-05-14 01:18:41",
        "Lines": "9",
        "Lat": 52.2193,
        "Brigade": "2"
      },
      {
        "Lon": 20.9891,
        "Time": "2017-05-14 01:18:51",
        "Lines": "9",
        "Lat": 52.2193,
        "Brigade": "2"
      },
      {
        "Lon": 20.9891,
        "Time": "2017-05-14 01:19:02",
        "Lines": "9",
        "Lat": 52.2193,
        "Brigade": "2"
      },
      {
        "Lon": 20.9891,
        "Time": "2017-05-14 01:19:12",
        "Lines": "9",
        "Lat": 52.2193,
        "Brigade": "2"
      },
      {
        "Lon": 20.9891,
        "Time": "2017-05-14 01:19:23",
        "Lines": "9",
        "Lat": 52.2193,
        "Brigade": "2"
      },
      {
        "Lon": 20.9891,
        "Time": "2017-05-14 01:19:39",
        "Lines": "9",
        "Lat": 52.2193,
        "Brigade": "2"
      },
      {
        "Lon": 20.9891,
        "Time": "2017-05-14 01:19:44",
        "Lines": "9",
        "Lat": 52.2193,
        "Brigade": "2"
      },
      {
        "Lon": 20.9902,
        "Time": "2017-05-14 01:20:00",
        "Lines": "9",
        "Lat": 52.2191,
        "Brigade": "2"
      },
      {
        "Lon": 20.9917,
        "Time": "2017-05-14 01:20:11",
        "Lines": "9",
        "Lat": 52.2191,
        "Brigade": "2"
      },
      {
        "Lon": 20.9931,
        "Time": "2017-05-14 01:20:21",
        "Lines": "9",
        "Lat": 52.219,
        "Brigade": "2"
      },
      {
        "Lon": 20.9946,
        "Time": "2017-05-14 01:20:31",
        "Lines": "9",
        "Lat": 52.219,
        "Brigade": "2"
      },
      {
        "Lon": 20.9963,
        "Time": "2017-05-14 01:20:41",
        "Lines": "9",
        "Lat": 52.219,
        "Brigade": "2"
      },
      {
        "Lon": 20.9979,
        "Time": "2017-05-14 01:20:52",
        "Lines": "9",
        "Lat": 52.2189,
        "Brigade": "2"
      },
      {
        "Lon": 20.999,
        "Time": "2017-05-14 01:21:02",
        "Lines": "9",
        "Lat": 52.2188,
        "Brigade": "2"
      },
      {
        "Lon": 20.9992,
        "Time": "2017-05-14 01:21:13",
        "Lines": "9",
        "Lat": 52.2188,
        "Brigade": "2"
      },
      {
        "Lon": 20.9998,
        "Time": "2017-05-14 01:21:29",
        "Lines": "9",
        "Lat": 52.2193,
        "Brigade": "2"
      },
      {
        "Lon": 20.9999,
        "Time": "2017-05-14 01:21:39",
        "Lines": "9",
        "Lat": 52.2198,
        "Brigade": "2"
      },
      {
        "Lon": 21.0003,
        "Time": "2017-05-14 01:21:50",
        "Lines": "9",
        "Lat": 52.2203,
        "Brigade": "2"
      },
      {
        "Lon": 21.001,
        "Time": "2017-05-14 01:22:00",
        "Lines": "9",
        "Lat": 52.2203,
        "Brigade": "2"
      },
      {
        "Lon": 21.002,
        "Time": "2017-05-14 01:22:11",
        "Lines": "9",
        "Lat": 52.2203,
        "Brigade": "2"
      },
      {
        "Lon": 21.0032,
        "Time": "2017-05-14 01:22:21",
        "Lines": "9",
        "Lat": 52.2203,
        "Brigade": "2"
      },
      {
        "Lon": 21.0042,
        "Time": "2017-05-14 01:22:32",
        "Lines": "9",
        "Lat": 52.2202,
        "Brigade": "2"
      },
      {
        "Lon": 21.0044,
        "Time": "2017-05-14 01:22:42",
        "Lines": "9",
        "Lat": 52.2202,
        "Brigade": "2"
      },
      {
        "Lon": 21.0049,
        "Time": "2017-05-14 01:22:58",
        "Lines": "9",
        "Lat": 52.2199,
        "Brigade": "2"
      },
      {
        "Lon": 21.0049,
        "Time": "2017-05-14 01:23:08",
        "Lines": "9",
        "Lat": 52.2191,
        "Brigade": "2"
      },
      {
        "Lon": 21.0049,
        "Time": "2017-05-14 01:23:19",
        "Lines": "9",
        "Lat": 52.2183,
        "Brigade": "2"
      },
      {
        "Lon": 21.0049,
        "Time": "2017-05-14 01:23:29",
        "Lines": "9",
        "Lat": 52.2177,
        "Brigade": "2"
      },
      {
        "Lon": 21.0049,
        "Time": "2017-05-14 01:23:40",
        "Lines": "9",
        "Lat": 52.2176,
        "Brigade": "2"
      },
      {
        "Lon": 21.0049,
        "Time": "2017-05-14 01:23:50",
        "Lines": "9",
        "Lat": 52.2173,
        "Brigade": "2"
      },
      {
        "Lon": 21.0052,
        "Time": "2017-05-14 01:24:01",
        "Lines": "9",
        "Lat": 52.2164,
        "Brigade": "2"
      },
      {
        "Lon": 21.0054,
        "Time": "2017-05-14 01:24:17",
        "Lines": "9",
        "Lat": 52.2158,
        "Brigade": "2"
      },
      {
        "Lon": 21.0057,
        "Time": "2017-05-14 01:24:27",
        "Lines": "9",
        "Lat": 52.2148,
        "Brigade": "2"
      },
      {
        "Lon": 21.006,
        "Time": "2017-05-14 01:24:38",
        "Lines": "9",
        "Lat": 52.2139,
        "Brigade": "2"
      },
      {
        "Lon": 21.0062,
        "Time": "2017-05-14 01:24:48",
        "Lines": "9",
        "Lat": 52.2131,
        "Brigade": "2"
      },
      {
        "Lon": 21.0063,
        "Time": "2017-05-14 01:24:58",
        "Lines": "9",
        "Lat": 52.2131,
        "Brigade": "2"
      },
      {
        "Lon": 21.0063,
        "Time": "2017-05-14 01:25:09",
        "Lines": "9",
        "Lat": 52.2131,
        "Brigade": "2"
      },
      {
        "Lon": 21.0064,
        "Time": "2017-05-14 01:25:19",
        "Lines": "9",
        "Lat": 52.2126,
        "Brigade": "2"
      },
      {
        "Lon": 21.0066,
        "Time": "2017-05-14 01:25:30",
        "Lines": "9",
        "Lat": 52.2119,
        "Brigade": "2"
      },
      {
        "Lon": 21.0069,
        "Time": "2017-05-14 01:25:41",
        "Lines": "9",
        "Lat": 52.2109,
        "Brigade": "2"
      },
      {
        "Lon": 21.0072,
        "Time": "2017-05-14 01:25:51",
        "Lines": "9",
        "Lat": 52.21,
        "Brigade": "2"
      },
      {
        "Lon": 21.0076,
        "Time": "2017-05-14 01:26:02",
        "Lines": "9",
        "Lat": 52.2091,
        "Brigade": "2"
      },
      {
        "Lon": 21.0079,
        "Time": "2017-05-14 01:26:17",
        "Lines": "9",
        "Lat": 52.2083,
        "Brigade": "2"
      },
      {
        "Lon": 21.0079,
        "Time": "2017-05-14 01:26:28",
        "Lines": "9",
        "Lat": 52.2083,
        "Brigade": "2"
      },
      {
        "Lon": 21.008,
        "Time": "2017-05-14 01:26:38",
        "Lines": "9",
        "Lat": 52.2081,
        "Brigade": "2"
      },
      {
        "Lon": 21.0079,
        "Time": "2017-05-14 01:26:49",
        "Lines": "9",
        "Lat": 52.2076,
        "Brigade": "2"
      },
      {
        "Lon": 21.0075,
        "Time": "2017-05-14 01:26:54",
        "Lines": "9",
        "Lat": 52.2075,
        "Brigade": "2"
      },
      {
        "Lon": 21.0061,
        "Time": "2017-05-14 01:27:10",
        "Lines": "9",
        "Lat": 52.2072,
        "Brigade": "2"
      },
      {
        "Lon": 21.0052,
        "Time": "2017-05-14 01:27:20",
        "Lines": "9",
        "Lat": 52.207,
        "Brigade": "2"
      },
      {
        "Lon": 21.0043,
        "Time": "2017-05-14 01:27:30",
        "Lines": "9",
        "Lat": 52.2068,
        "Brigade": "2"
      },
      {
        "Lon": 21.0036,
        "Time": "2017-05-14 01:27:41",
        "Lines": "9",
        "Lat": 52.2067,
        "Brigade": "2"
      },
      {
        "Lon": 21.0036,
        "Time": "2017-05-14 01:27:57",
        "Lines": "9",
        "Lat": 52.2067,
        "Brigade": "2"
      },
      {
        "Lon": 21.0035,
        "Time": "2017-05-14 01:28:07",
        "Lines": "9",
        "Lat": 52.2067,
        "Brigade": "2"
      },
      {
        "Lon": 21.0029,
        "Time": "2017-05-14 01:28:18",
        "Lines": "9",
        "Lat": 52.2066,
        "Brigade": "2"
      },
      {
        "Lon": 21.0021,
        "Time": "2017-05-14 01:28:28",
        "Lines": "9",
        "Lat": 52.2065,
        "Brigade": "2"
      },
      {
        "Lon": 21.0013,
        "Time": "2017-05-14 01:28:39",
        "Lines": "9",
        "Lat": 52.2063,
        "Brigade": "2"
      },
      {
        "Lon": 21.0004,
        "Time": "2017-05-14 01:28:49",
        "Lines": "9",
        "Lat": 52.2062,
        "Brigade": "2"
      },
      {
        "Lon": 20.9997,
        "Time": "2017-05-14 01:29:00",
        "Lines": "9",
        "Lat": 52.2061,
        "Brigade": "2"
      },
      {
        "Lon": 20.9996,
        "Time": "2017-05-14 01:29:10",
        "Lines": "9",
        "Lat": 52.2061,
        "Brigade": "2"
      },
      {
        "Lon": 20.9996,
        "Time": "2017-05-14 01:29:21",
        "Lines": "9",
        "Lat": 52.2061,
        "Brigade": "2"
      },
      {
        "Lon": 20.9996,
        "Time": "2017-05-14 01:29:36",
        "Lines": "9",
        "Lat": 52.2061,
        "Brigade": "2"
      },
      {
        "Lon": 20.9993,
        "Time": "2017-05-14 01:29:47",
        "Lines": "9",
        "Lat": 52.2059,
        "Brigade": "2"
      },
      {
        "Lon": 20.9994,
        "Time": "2017-05-14 01:29:57",
        "Lines": "9",
        "Lat": 52.2053,
        "Brigade": "2"
      },
      {
        "Lon": 20.9994,
        "Time": "2017-05-14 01:30:08",
        "Lines": "9",
        "Lat": 52.2051,
        "Brigade": "2"
      },
      {
        "Lon": 20.9996,
        "Time": "2017-05-14 01:30:18",
        "Lines": "9",
        "Lat": 52.2044,
        "Brigade": "2"
      },
      {
        "Lon": 20.9999,
        "Time": "2017-05-14 01:30:29",
        "Lines": "9",
        "Lat": 52.2034,
        "Brigade": "2"
      },
      {
        "Lon": 21.0002,
        "Time": "2017-05-14 01:30:39",
        "Lines": "9",
        "Lat": 52.2023,
        "Brigade": "2"
      },
      {
        "Lon": 21.0004,
        "Time": "2017-05-14 01:30:50",
        "Lines": "9",
        "Lat": 52.2018,
        "Brigade": "2"
      },
      {
        "Lon": 21.0004,
        "Time": "2017-05-14 01:31:05",
        "Lines": "9",
        "Lat": 52.2018,
        "Brigade": "2"
      },
      {
        "Lon": 21.0005,
        "Time": "2017-05-14 01:31:16",
        "Lines": "9",
        "Lat": 52.2014,
        "Brigade": "2"
      },
      {
        "Lon": 21.0008,
        "Time": "2017-05-14 01:31:26",
        "Lines": "9",
        "Lat": 52.2003,
        "Brigade": "2"
      },
      {
        "Lon": 21.001,
        "Time": "2017-05-14 01:31:37",
        "Lines": "9",
        "Lat": 52.1995,
        "Brigade": "2"
      },
      {
        "Lon": 21.0011,
        "Time": "2017-05-14 01:31:47",
        "Lines": "9",
        "Lat": 52.1991,
        "Brigade": "2"
      },
      {
        "Lon": 21.0011,
        "Time": "2017-05-14 01:31:58",
        "Lines": "9",
        "Lat": 52.1991,
        "Brigade": "2"
      },
      {
        "Lon": 21.0011,
        "Time": "2017-05-14 01:32:09",
        "Lines": "9",
        "Lat": 52.199,
        "Brigade": "2"
      },
      {
        "Lon": 21.0013,
        "Time": "2017-05-14 01:32:19",
        "Lines": "9",
        "Lat": 52.1981,
        "Brigade": "2"
      },
      {
        "Lon": 21.0016,
        "Time": "2017-05-14 01:32:31",
        "Lines": "9",
        "Lat": 52.1971,
        "Brigade": "2"
      },
      {
        "Lon": 21.0018,
        "Time": "2017-05-14 01:32:45",
        "Lines": "9",
        "Lat": 52.196,
        "Brigade": "2"
      },
      {
        "Lon": 21.0018,
        "Time": "2017-05-14 01:32:56",
        "Lines": "9",
        "Lat": 52.196,
        "Brigade": "2"
      },
      {
        "Lon": 21.0018,
        "Time": "2017-05-14 01:33:06",
        "Lines": "9",
        "Lat": 52.196,
        "Brigade": "2"
      },
      {
        "Lon": 21.0017,
        "Time": "2017-05-14 01:33:17",
        "Lines": "9",
        "Lat": 52.1957,
        "Brigade": "2"
      },
      {
        "Lon": 21.0017,
        "Time": "2017-05-14 01:33:27",
        "Lines": "9",
        "Lat": 52.1947,
        "Brigade": "2"
      },
      {
        "Lon": 21.0017,
        "Time": "2017-05-14 01:33:39",
        "Lines": "9",
        "Lat": 52.1933,
        "Brigade": "2"
      },
      {
        "Lon": 21.0019,
        "Time": "2017-05-14 01:34:14",
        "Lines": "9",
        "Lat": 52.1898,
        "Brigade": "2"
      },
      {
        "Lon": 21.0019,
        "Time": "2017-05-14 01:34:25",
        "Lines": "9",
        "Lat": 52.1893,
        "Brigade": "2"
      },
      {
        "Lon": 21.002,
        "Time": "2017-05-14 01:34:35",
        "Lines": "9",
        "Lat": 52.1893,
        "Brigade": "2"
      },
      {
        "Lon": 21.002,
        "Time": "2017-05-14 01:34:46",
        "Lines": "9",
        "Lat": 52.1893,
        "Brigade": "2"
      },
      {
        "Lon": 21.002,
        "Time": "2017-05-14 01:34:56",
        "Lines": "9",
        "Lat": 52.1891,
        "Brigade": "2"
      },
      {
        "Lon": 21.0024,
        "Time": "2017-05-14 01:35:07",
        "Lines": "9",
        "Lat": 52.1888,
        "Brigade": "2"
      },
      {
        "Lon": 21.0032,
        "Time": "2017-05-14 01:35:18",
        "Lines": "9",
        "Lat": 52.1888,
        "Brigade": "2"
      },
      {
        "Lon": 21.0035,
        "Time": "2017-05-14 01:35:28",
        "Lines": "9",
        "Lat": 52.1888,
        "Brigade": "2"
      },
      {
        "Lon": 21.0042,
        "Time": "2017-05-14 01:35:38",
        "Lines": "9",
        "Lat": 52.1888,
        "Brigade": "2"
      },
      {
        "Lon": 21.0043,
        "Time": "2017-05-14 01:35:54",
        "Lines": "9",
        "Lat": 52.1884,
        "Brigade": "2"
      },
      {
        "Lon": 21.0037,
        "Time": "2017-05-14 01:36:04",
        "Lines": "9",
        "Lat": 52.1884,
        "Brigade": "2"
      },
      {
        "Lon": 21.0037,
        "Time": "2017-05-14 01:36:10",
        "Lines": "9",
        "Lat": 52.1885,
        "Brigade": "2"
      },
      {
        "Lon": 21.0034,
        "Time": "2017-05-14 01:36:25",
        "Lines": "9",
        "Lat": 52.1888,
        "Brigade": "2"
      },
      {
        "Lon": 21.0027,
        "Time": "2017-05-14 01:36:36",
        "Lines": "9",
        "Lat": 52.1888,
        "Brigade": "2"
      },
      {
        "Lon": 21.0026,
        "Time": "2017-05-14 01:36:46",
        "Lines": "9",
        "Lat": 52.1888,
        "Brigade": "2"
      },
      {
        "Lon": 21.0026,
        "Time": "2017-05-14 01:36:57",
        "Lines": "9",
        "Lat": 52.1888,
        "Brigade": "2"
      },
      {
        "Lon": 21.0026,
        "Time": "2017-05-14 01:37:07",
        "Lines": "9",
        "Lat": 52.1888,
        "Brigade": "2"
      },
      {
        "Lon": 21.0026,
        "Time": "2017-05-14 01:37:18",
        "Lines": "9",
        "Lat": 52.1888,
        "Brigade": "2"
      },
      {
        "Lon": 21.0026,
        "Time": "2017-05-14 01:37:34",
        "Lines": "9",
        "Lat": 52.1888,
        "Brigade": "2"
      },
      {
        "Lon": 21.0026,
        "Time": "2017-05-14 01:37:44",
        "Lines": "9",
        "Lat": 52.1887,
        "Brigade": "2"
      },
      {
        "Lon": 21.0026,
        "Time": "2017-05-14 01:37:55",
        "Lines": "9",
        "Lat": 52.1887,
        "Brigade": "2"
      },
      {
        "Lon": 21.0026,
        "Time": "2017-05-14 01:38:05",
        "Lines": "9",
        "Lat": 52.1887,
        "Brigade": "2"
      },
      {
        "Lon": 21.0026,
        "Time": "2017-05-14 01:38:15",
        "Lines": "9",
        "Lat": 52.1887,
        "Brigade": "2"
      },
      {
        "Lon": 21.0022,
        "Time": "2017-05-14 01:38:26",
        "Lines": "9",
        "Lat": 52.1888,
        "Brigade": "2"
      },
      {
        "Lon": 21.001,
        "Time": "2017-05-14 01:38:37",
        "Lines": "9",
        "Lat": 52.1888,
        "Brigade": "2"
      },
      {
        "Lon": 21.0004,
        "Time": "2017-05-14 01:38:52",
        "Lines": "9",
        "Lat": 52.1887,
        "Brigade": "2"
      },
      {
        "Lon": 21.0003,
        "Time": "2017-05-14 01:39:03",
        "Lines": "9",
        "Lat": 52.1885,
        "Brigade": "2"
      },
      {
        "Lon": 21.0003,
        "Time": "2017-05-14 01:39:14",
        "Lines": "9",
        "Lat": 52.1885,
        "Brigade": "2"
      },
      {
        "Lon": 21.0003,
        "Time": "2017-05-14 01:39:24",
        "Lines": "9",
        "Lat": 52.1885,
        "Brigade": "2"
      },
      {
        "Lon": 21.0003,
        "Time": "2017-05-14 01:39:34",
        "Lines": "9",
        "Lat": 52.1885,
        "Brigade": "2"
      },
      {
        "Lon": 21.0003,
        "Time": "2017-05-14 01:39:45",
        "Lines": "9",
        "Lat": 52.1885,
        "Brigade": "2"
      },
      {
        "Lon": 21.0003,
        "Time": "2017-05-14 01:39:55",
        "Lines": "9",
        "Lat": 52.1885,
        "Brigade": "2"
      },
      {
        "Lon": 21.0003,
        "Time": "2017-05-14 01:40:06",
        "Lines": "9",
        "Lat": 52.1885,
        "Brigade": "2"
      },
      {
        "Lon": 21.0003,
        "Time": "2017-05-14 01:40:17",
        "Lines": "9",
        "Lat": 52.1884,
        "Brigade": "2"
      }
    ]
  }
]
