[
  {
    "res": [
      {
        "Lon": 21.0013,
        "Time": "2017-05-14 00:00:02",
        "Lines": "9",
        "Lat": 52.1985,
        "Brigade": "38"
      },
      {
        "Lon": 21.0015,
        "Time": "2017-05-14 00:00:12",
        "Lines": "9",
        "Lat": 52.1977,
        "Brigade": "38"
      },
      {
        "Lon": 21.0018,
        "Time": "2017-05-14 00:00:23",
        "Lines": "9",
        "Lat": 52.1968,
        "Brigade": "38"
      },
      {
        "Lon": 21.0018,
        "Time": "2017-05-14 00:00:39",
        "Lines": "9",
        "Lat": 52.196,
        "Brigade": "38"
      },
      {
        "Lon": 21.0018,
        "Time": "2017-05-14 00:00:49",
        "Lines": "9",
        "Lat": 52.196,
        "Brigade": "38"
      },
      {
        "Lon": 21.0018,
        "Time": "2017-05-14 00:01:00",
        "Lines": "9",
        "Lat": 52.196,
        "Brigade": "38"
      },
      {
        "Lon": 21.0018,
        "Time": "2017-05-14 00:01:10",
        "Lines": "9",
        "Lat": 52.196,
        "Brigade": "38"
      },
      {
        "Lon": 21.0018,
        "Time": "2017-05-14 00:01:21",
        "Lines": "9",
        "Lat": 52.1959,
        "Brigade": "38"
      },
      {
        "Lon": 21.0018,
        "Time": "2017-05-14 00:01:31",
        "Lines": "9",
        "Lat": 52.195,
        "Brigade": "38"
      },
      {
        "Lon": 21.0017,
        "Time": "2017-05-14 00:01:42",
        "Lines": "9",
        "Lat": 52.1939,
        "Brigade": "38"
      },
      {
        "Lon": 21.0018,
        "Time": "2017-05-14 00:01:52",
        "Lines": "9",
        "Lat": 52.1927,
        "Brigade": "38"
      },
      {
        "Lon": 21.0018,
        "Time": "2017-05-14 00:02:03",
        "Lines": "9",
        "Lat": 52.1917,
        "Brigade": "38"
      },
      {
        "Lon": 21.0018,
        "Time": "2017-05-14 00:02:13",
        "Lines": "9",
        "Lat": 52.1908,
        "Brigade": "38"
      },
      {
        "Lon": 21.0019,
        "Time": "2017-05-14 00:02:24",
        "Lines": "9",
        "Lat": 52.1903,
        "Brigade": "38"
      },
      {
        "Lon": 21.0019,
        "Time": "2017-05-14 00:02:39",
        "Lines": "9",
        "Lat": 52.1897,
        "Brigade": "38"
      },
      {
        "Lon": 21.0019,
        "Time": "2017-05-14 00:02:50",
        "Lines": "9",
        "Lat": 52.1897,
        "Brigade": "38"
      },
      {
        "Lon": 21.0019,
        "Time": "2017-05-14 00:03:00",
        "Lines": "9",
        "Lat": 52.1897,
        "Brigade": "38"
      },
      {
        "Lon": 21.0019,
        "Time": "2017-05-14 00:03:11",
        "Lines": "9",
        "Lat": 52.1897,
        "Brigade": "38"
      },
      {
        "Lon": 21.002,
        "Time": "2017-05-14 00:03:21",
        "Lines": "9",
        "Lat": 52.1895,
        "Brigade": "38"
      },
      {
        "Lon": 21.002,
        "Time": "2017-05-14 00:03:32",
        "Lines": "9",
        "Lat": 52.1893,
        "Brigade": "38"
      },
      {
        "Lon": 21.002,
        "Time": "2017-05-14 00:03:42",
        "Lines": "9",
        "Lat": 52.1893,
        "Brigade": "38"
      },
      {
        "Lon": 21.002,
        "Time": "2017-05-14 00:03:53",
        "Lines": "9",
        "Lat": 52.1893,
        "Brigade": "38"
      },
      {
        "Lon": 21.002,
        "Time": "2017-05-14 00:04:03",
        "Lines": "9",
        "Lat": 52.1893,
        "Brigade": "38"
      },
      {
        "Lon": 21.002,
        "Time": "2017-05-14 00:04:14",
        "Lines": "9",
        "Lat": 52.1893,
        "Brigade": "38"
      },
      {
        "Lon": 21.002,
        "Time": "2017-05-14 00:04:24",
        "Lines": "9",
        "Lat": 52.1893,
        "Brigade": "38"
      },
      {
        "Lon": 21.002,
        "Time": "2017-05-14 00:04:40",
        "Lines": "9",
        "Lat": 52.1893,
        "Brigade": "38"
      },
      {
        "Lon": 21.002,
        "Time": "2017-05-14 00:04:50",
        "Lines": "9",
        "Lat": 52.1893,
        "Brigade": "38"
      },
      {
        "Lon": 21.002,
        "Time": "2017-05-14 00:05:01",
        "Lines": "9",
        "Lat": 52.189,
        "Brigade": "38"
      },
      {
        "Lon": 21.0023,
        "Time": "2017-05-14 00:05:11",
        "Lines": "9",
        "Lat": 52.1888,
        "Brigade": "38"
      },
      {
        "Lon": 21.0027,
        "Time": "2017-05-14 00:05:22",
        "Lines": "9",
        "Lat": 52.1888,
        "Brigade": "38"
      },
      {
        "Lon": 21.0032,
        "Time": "2017-05-14 00:05:32",
        "Lines": "9",
        "Lat": 52.1888,
        "Brigade": "38"
      },
      {
        "Lon": 21.0038,
        "Time": "2017-05-14 00:05:43",
        "Lines": "9",
        "Lat": 52.1888,
        "Brigade": "38"
      },
      {
        "Lon": 21.0042,
        "Time": "2017-05-14 00:05:53",
        "Lines": "9",
        "Lat": 52.1887,
        "Brigade": "38"
      },
      {
        "Lon": 21.0043,
        "Time": "2017-05-14 00:06:04",
        "Lines": "9",
        "Lat": 52.1885,
        "Brigade": "38"
      },
      {
        "Lon": 21.0038,
        "Time": "2017-05-14 00:06:20",
        "Lines": "9",
        "Lat": 52.1884,
        "Brigade": "38"
      },
      {
        "Lon": 21.0036,
        "Time": "2017-05-14 00:06:25",
        "Lines": "9",
        "Lat": 52.1884,
        "Brigade": "38"
      },
      {
        "Lon": 21.0036,
        "Time": "2017-05-14 00:06:41",
        "Lines": "9",
        "Lat": 52.1887,
        "Brigade": "38"
      },
      {
        "Lon": 21.0036,
        "Time": "2017-05-14 00:06:51",
        "Lines": "9",
        "Lat": 52.1887,
        "Brigade": "38"
      },
      {
        "Lon": 21.0036,
        "Time": "2017-05-14 00:07:02",
        "Lines": "9",
        "Lat": 52.1887,
        "Brigade": "38"
      },
      {
        "Lon": 21.0036,
        "Time": "2017-05-14 00:07:12",
        "Lines": "9",
        "Lat": 52.1887,
        "Brigade": "38"
      },
      {
        "Lon": 21.0036,
        "Time": "2017-05-14 00:07:23",
        "Lines": "9",
        "Lat": 52.1887,
        "Brigade": "38"
      },
      {
        "Lon": 21.0036,
        "Time": "2017-05-14 00:07:38",
        "Lines": "9",
        "Lat": 52.1887,
        "Brigade": "38"
      },
      {
        "Lon": 21.0036,
        "Time": "2017-05-14 00:07:49",
        "Lines": "9",
        "Lat": 52.1887,
        "Brigade": "38"
      },
      {
        "Lon": 21.0036,
        "Time": "2017-05-14 00:07:59",
        "Lines": "9",
        "Lat": 52.1887,
        "Brigade": "38"
      },
      {
        "Lon": 21.0036,
        "Time": "2017-05-14 00:08:10",
        "Lines": "9",
        "Lat": 52.1887,
        "Brigade": "38"
      },
      {
        "Lon": 21.0036,
        "Time": "2017-05-14 00:08:20",
        "Lines": "9",
        "Lat": 52.1887,
        "Brigade": "38"
      },
      {
        "Lon": 21.0035,
        "Time": "2017-05-14 00:08:31",
        "Lines": "9",
        "Lat": 52.1888,
        "Brigade": "38"
      },
      {
        "Lon": 21.0032,
        "Time": "2017-05-14 00:08:41",
        "Lines": "9",
        "Lat": 52.1888,
        "Brigade": "38"
      },
      {
        "Lon": 21.0031,
        "Time": "2017-05-14 00:08:52",
        "Lines": "9",
        "Lat": 52.1889,
        "Brigade": "38"
      },
      {
        "Lon": 21.0031,
        "Time": "2017-05-14 00:09:07",
        "Lines": "9",
        "Lat": 52.1889,
        "Brigade": "38"
      },
      {
        "Lon": 21.0031,
        "Time": "2017-05-14 00:09:18",
        "Lines": "9",
        "Lat": 52.1889,
        "Brigade": "38"
      },
      {
        "Lon": 21.0031,
        "Time": "2017-05-14 00:09:28",
        "Lines": "9",
        "Lat": 52.1889,
        "Brigade": "38"
      },
      {
        "Lon": 21.0031,
        "Time": "2017-05-14 00:09:39",
        "Lines": "9",
        "Lat": 52.1889,
        "Brigade": "38"
      },
      {
        "Lon": 21.0031,
        "Time": "2017-05-14 00:09:49",
        "Lines": "9",
        "Lat": 52.1889,
        "Brigade": "38"
      },
      {
        "Lon": 21.0031,
        "Time": "2017-05-14 00:10:00",
        "Lines": "9",
        "Lat": 52.1889,
        "Brigade": "38"
      },
      {
        "Lon": 21.0031,
        "Time": "2017-05-14 00:10:11",
        "Lines": "9",
        "Lat": 52.1889,
        "Brigade": "38"
      },
      {
        "Lon": 21.0031,
        "Time": "2017-05-14 00:10:21",
        "Lines": "9",
        "Lat": 52.1889,
        "Brigade": "38"
      },
      {
        "Lon": 21.0031,
        "Time": "2017-05-14 00:10:37",
        "Lines": "9",
        "Lat": 52.1889,
        "Brigade": "38"
      },
      {
        "Lon": 21.0028,
        "Time": "2017-05-14 00:10:47",
        "Lines": "9",
        "Lat": 52.1889,
        "Brigade": "38"
      },
      {
        "Lon": 21.0027,
        "Time": "2017-05-14 00:10:58",
        "Lines": "9",
        "Lat": 52.1889,
        "Brigade": "38"
      },
      {
        "Lon": 21.0027,
        "Time": "2017-05-14 00:11:08",
        "Lines": "9",
        "Lat": 52.1889,
        "Brigade": "38"
      },
      {
        "Lon": 21.0027,
        "Time": "2017-05-14 00:11:19",
        "Lines": "9",
        "Lat": 52.1889,
        "Brigade": "38"
      },
      {
        "Lon": 21.0027,
        "Time": "2017-05-14 00:11:29",
        "Lines": "9",
        "Lat": 52.1889,
        "Brigade": "38"
      },
      {
        "Lon": 21.0027,
        "Time": "2017-05-14 00:11:40",
        "Lines": "9",
        "Lat": 52.1889,
        "Brigade": "38"
      },
      {
        "Lon": 21.0027,
        "Time": "2017-05-14 00:11:50",
        "Lines": "9",
        "Lat": 52.1889,
        "Brigade": "38"
      },
      {
        "Lon": 21.0027,
        "Time": "2017-05-14 00:12:01",
        "Lines": "9",
        "Lat": 52.1889,
        "Brigade": "38"
      },
      {
        "Lon": 21.0027,
        "Time": "2017-05-14 00:12:11",
        "Lines": "9",
        "Lat": 52.1889,
        "Brigade": "38"
      },
      {
        "Lon": 21.0025,
        "Time": "2017-05-14 00:12:27",
        "Lines": "9",
        "Lat": 52.1889,
        "Brigade": "38"
      },
      {
        "Lon": 21.0018,
        "Time": "2017-05-14 00:12:37",
        "Lines": "9",
        "Lat": 52.1888,
        "Brigade": "38"
      },
      {
        "Lon": 21.0011,
        "Time": "2017-05-14 00:12:48",
        "Lines": "9",
        "Lat": 52.1888,
        "Brigade": "38"
      },
      {
        "Lon": 21.0006,
        "Time": "2017-05-14 00:12:58",
        "Lines": "9",
        "Lat": 52.1888,
        "Brigade": "38"
      },
      {
        "Lon": 21.0003,
        "Time": "2017-05-14 00:13:09",
        "Lines": "9",
        "Lat": 52.1886,
        "Brigade": "38"
      },
      {
        "Lon": 21.0003,
        "Time": "2017-05-14 00:13:19",
        "Lines": "9",
        "Lat": 52.1886,
        "Brigade": "38"
      },
      {
        "Lon": 21.0003,
        "Time": "2017-05-14 00:13:30",
        "Lines": "9",
        "Lat": 52.1886,
        "Brigade": "38"
      },
      {
        "Lon": 21.0003,
        "Time": "2017-05-14 00:13:45",
        "Lines": "9",
        "Lat": 52.1886,
        "Brigade": "38"
      },
      {
        "Lon": 21.0003,
        "Time": "2017-05-14 00:13:56",
        "Lines": "9",
        "Lat": 52.1886,
        "Brigade": "38"
      },
      {
        "Lon": 21.0003,
        "Time": "2017-05-14 00:14:06",
        "Lines": "9",
        "Lat": 52.1886,
        "Brigade": "38"
      },
      {
        "Lon": 21.0003,
        "Time": "2017-05-14 00:14:12",
        "Lines": "9",
        "Lat": 52.1886,
        "Brigade": "38"
      },
      {
        "Lon": 21.0003,
        "Time": "2017-05-14 00:14:28",
        "Lines": "9",
        "Lat": 52.1886,
        "Brigade": "38"
      },
      {
        "Lon": 21.0003,
        "Time": "2017-05-14 00:14:38",
        "Lines": "9",
        "Lat": 52.1886,
        "Brigade": "38"
      },
      {
        "Lon": 21.0003,
        "Time": "2017-05-14 00:14:48",
        "Lines": "9",
        "Lat": 52.1886,
        "Brigade": "38"
      },
      {
        "Lon": 21.0003,
        "Time": "2017-05-14 00:14:59",
        "Lines": "9",
        "Lat": 52.1885,
        "Brigade": "38"
      },
      {
        "Lon": 21.0005,
        "Time": "2017-05-14 00:15:14",
        "Lines": "9",
        "Lat": 52.1883,
        "Brigade": "38"
      },
      {
        "Lon": 21.0007,
        "Time": "2017-05-14 00:15:25",
        "Lines": "9",
        "Lat": 52.1881,
        "Brigade": "38"
      },
      {
        "Lon": 21.0007,
        "Time": "2017-05-14 00:15:35",
        "Lines": "9",
        "Lat": 52.1881,
        "Brigade": "38"
      },
      {
        "Lon": 21.0007,
        "Time": "2017-05-14 00:15:46",
        "Lines": "9",
        "Lat": 52.1881,
        "Brigade": "38"
      },
      {
        "Lon": 21.0007,
        "Time": "2017-05-14 00:15:57",
        "Lines": "9",
        "Lat": 52.1881,
        "Brigade": "38"
      },
      {
        "Lon": 21.0008,
        "Time": "2017-05-14 00:16:07",
        "Lines": "9",
        "Lat": 52.1879,
        "Brigade": "38"
      },
      {
        "Lon": 21.0008,
        "Time": "2017-05-14 00:16:18",
        "Lines": "9",
        "Lat": 52.1876,
        "Brigade": "38"
      },
      {
        "Lon": 21.0008,
        "Time": "2017-05-14 00:16:33",
        "Lines": "9",
        "Lat": 52.1876,
        "Brigade": "38"
      },
      {
        "Lon": 21.0008,
        "Time": "2017-05-14 00:16:39",
        "Lines": "9",
        "Lat": 52.1876,
        "Brigade": "38"
      },
      {
        "Lon": 21.0008,
        "Time": "2017-05-14 00:16:54",
        "Lines": "9",
        "Lat": 52.1876,
        "Brigade": "38"
      },
      {
        "Lon": 21.0008,
        "Time": "2017-05-14 00:17:05",
        "Lines": "9",
        "Lat": 52.1876,
        "Brigade": "38"
      },
      {
        "Lon": 21.0008,
        "Time": "2017-05-14 00:17:15",
        "Lines": "9",
        "Lat": 52.1876,
        "Brigade": "38"
      },
      {
        "Lon": 21.0008,
        "Time": "2017-05-14 00:17:20",
        "Lines": "9",
        "Lat": 52.1876,
        "Brigade": "38"
      },
      {
        "Lon": 21.0009,
        "Time": "2017-05-14 00:17:36",
        "Lines": "9",
        "Lat": 52.1872,
        "Brigade": "38"
      },
      {
        "Lon": 21.0009,
        "Time": "2017-05-14 00:17:52",
        "Lines": "9",
        "Lat": 52.1868,
        "Brigade": "38"
      },
      {
        "Lon": 21.0009,
        "Time": "2017-05-14 00:17:57",
        "Lines": "9",
        "Lat": 52.1866,
        "Brigade": "38"
      },
      {
        "Lon": 21.0009,
        "Time": "2017-05-14 00:18:13",
        "Lines": "9",
        "Lat": 52.1863,
        "Brigade": "38"
      },
      {
        "Lon": 21.0009,
        "Time": "2017-05-14 00:18:24",
        "Lines": "9",
        "Lat": 52.1863,
        "Brigade": "38"
      },
      {
        "Lon": 21.0009,
        "Time": "2017-05-14 00:18:34",
        "Lines": "9",
        "Lat": 52.1863,
        "Brigade": "38"
      },
      {
        "Lon": 21.0009,
        "Time": "2017-05-14 00:18:45",
        "Lines": "9",
        "Lat": 52.1863,
        "Brigade": "38"
      },
      {
        "Lon": 21.0009,
        "Time": "2017-05-14 00:18:55",
        "Lines": "9",
        "Lat": 52.1863,
        "Brigade": "38"
      },
      {
        "Lon": 21.0009,
        "Time": "2017-05-14 00:19:06",
        "Lines": "9",
        "Lat": 52.1863,
        "Brigade": "38"
      },
      {
        "Lon": 21.0009,
        "Time": "2017-05-14 00:19:16",
        "Lines": "9",
        "Lat": 52.1863,
        "Brigade": "38"
      },
      {
        "Lon": 21.0009,
        "Time": "2017-05-14 00:19:27",
        "Lines": "9",
        "Lat": 52.1863,
        "Brigade": "38"
      },
      {
        "Lon": 21.0009,
        "Time": "2017-05-14 00:19:42",
        "Lines": "9",
        "Lat": 52.1863,
        "Brigade": "38"
      },
      {
        "Lon": 21.0009,
        "Time": "2017-05-14 00:19:52",
        "Lines": "9",
        "Lat": 52.1863,
        "Brigade": "38"
      },
      {
        "Lon": 21.0009,
        "Time": "2017-05-14 00:20:03",
        "Lines": "9",
        "Lat": 52.1863,
        "Brigade": "38"
      },
      {
        "Lon": 21.0009,
        "Time": "2017-05-14 00:20:14",
        "Lines": "9",
        "Lat": 52.1863,
        "Brigade": "38"
      },
      {
        "Lon": 21.0009,
        "Time": "2017-05-14 00:20:24",
        "Lines": "9",
        "Lat": 52.1863,
        "Brigade": "38"
      },
      {
        "Lon": 21.0009,
        "Time": "2017-05-14 00:20:35",
        "Lines": "9",
        "Lat": 52.1863,
        "Brigade": "38"
      },
      {
        "Lon": 21.0009,
        "Time": "2017-05-14 00:20:46",
        "Lines": "9",
        "Lat": 52.1863,
        "Brigade": "38"
      },
      {
        "Lon": 21.0009,
        "Time": "2017-05-14 00:20:55",
        "Lines": "9",
        "Lat": 52.1863,
        "Brigade": "38"
      },
      {
        "Lon": 21.0009,
        "Time": "2017-05-14 00:21:11",
        "Lines": "9",
        "Lat": 52.1863,
        "Brigade": "38"
      },
      {
        "Lon": 21.0009,
        "Time": "2017-05-14 00:21:16",
        "Lines": "9",
        "Lat": 52.1863,
        "Brigade": "38"
      },
      {
        "Lon": 21.0009,
        "Time": "2017-05-14 00:21:32",
        "Lines": "9",
        "Lat": 52.1863,
        "Brigade": "38"
      },
      {
        "Lon": 21.0009,
        "Time": "2017-05-14 00:21:43",
        "Lines": "9",
        "Lat": 52.1863,
        "Brigade": "38"
      },
      {
        "Lon": 21.0009,
        "Time": "2017-05-14 00:21:53",
        "Lines": "9",
        "Lat": 52.1863,
        "Brigade": "38"
      },
      {
        "Lon": 21.0009,
        "Time": "2017-05-14 00:22:03",
        "Lines": "9",
        "Lat": 52.1863,
        "Brigade": "38"
      },
      {
        "Lon": 21.0009,
        "Time": "2017-05-14 00:22:14",
        "Lines": "9",
        "Lat": 52.1863,
        "Brigade": "38"
      },
      {
        "Lon": 21.0009,
        "Time": "2017-05-14 00:22:24",
        "Lines": "9",
        "Lat": 52.1863,
        "Brigade": "38"
      },
      {
        "Lon": 21.0009,
        "Time": "2017-05-14 00:22:35",
        "Lines": "9",
        "Lat": 52.1863,
        "Brigade": "38"
      },
      {
        "Lon": 21.0009,
        "Time": "2017-05-14 00:22:45",
        "Lines": "9",
        "Lat": 52.1863,
        "Brigade": "38"
      },
      {
        "Lon": 21.0009,
        "Time": "2017-05-14 00:22:56",
        "Lines": "9",
        "Lat": 52.1863,
        "Brigade": "38"
      },
      {
        "Lon": 21.0009,
        "Time": "2017-05-14 00:23:12",
        "Lines": "9",
        "Lat": 52.1863,
        "Brigade": "38"
      },
      {
        "Lon": 21.0009,
        "Time": "2017-05-14 00:23:17",
        "Lines": "9",
        "Lat": 52.1863,
        "Brigade": "38"
      },
      {
        "Lon": 21.0009,
        "Time": "2017-05-14 00:23:33",
        "Lines": "9",
        "Lat": 52.1863,
        "Brigade": "38"
      },
      {
        "Lon": 21.0009,
        "Time": "2017-05-14 00:23:43",
        "Lines": "9",
        "Lat": 52.1863,
        "Brigade": "38"
      },
      {
        "Lon": 21.0009,
        "Time": "2017-05-14 00:23:53",
        "Lines": "9",
        "Lat": 52.1863,
        "Brigade": "38"
      },
      {
        "Lon": 21.0009,
        "Time": "2017-05-14 00:24:04",
        "Lines": "9",
        "Lat": 52.1863,
        "Brigade": "38"
      },
      {
        "Lon": 21.0009,
        "Time": "2017-05-14 00:24:15",
        "Lines": "9",
        "Lat": 52.1863,
        "Brigade": "38"
      },
      {
        "Lon": 21.0009,
        "Time": "2017-05-14 00:24:25",
        "Lines": "9",
        "Lat": 52.1863,
        "Brigade": "38"
      },
      {
        "Lon": 21.0009,
        "Time": "2017-05-14 00:24:37",
        "Lines": "9",
        "Lat": 52.1863,
        "Brigade": "38"
      },
      {
        "Lon": 21.0009,
        "Time": "2017-05-14 00:24:46",
        "Lines": "9",
        "Lat": 52.1863,
        "Brigade": "38"
      },
      {
        "Lon": 21.0009,
        "Time": "2017-05-14 00:24:56",
        "Lines": "9",
        "Lat": 52.1863,
        "Brigade": "38"
      },
      {
        "Lon": 21.0009,
        "Time": "2017-05-14 00:25:12",
        "Lines": "9",
        "Lat": 52.1863,
        "Brigade": "38"
      },
      {
        "Lon": 21.0009,
        "Time": "2017-05-14 00:25:23",
        "Lines": "9",
        "Lat": 52.1863,
        "Brigade": "38"
      },
      {
        "Lon": 21.0009,
        "Time": "2017-05-14 00:25:33",
        "Lines": "9",
        "Lat": 52.1863,
        "Brigade": "38"
      },
      {
        "Lon": 21.0009,
        "Time": "2017-05-14 00:25:39",
        "Lines": "9",
        "Lat": 52.1863,
        "Brigade": "38"
      },
      {
        "Lon": 21.0009,
        "Time": "2017-05-14 00:27:23",
        "Lines": "9",
        "Lat": 52.1863,
        "Brigade": "38"
      },
      {
        "Lon": 21.0009,
        "Time": "2017-05-14 00:27:34",
        "Lines": "9",
        "Lat": 52.1863,
        "Brigade": "38"
      },
      {
        "Lon": 21.0009,
        "Time": "2017-05-14 00:27:45",
        "Lines": "9",
        "Lat": 52.1863,
        "Brigade": "38"
      },
      {
        "Lon": 21.0009,
        "Time": "2017-05-14 00:27:55",
        "Lines": "9",
        "Lat": 52.1863,
        "Brigade": "38"
      },
      {
        "Lon": 21.0009,
        "Time": "2017-05-14 00:28:06",
        "Lines": "9",
        "Lat": 52.1863,
        "Brigade": "38"
      },
      {
        "Lon": 21.0009,
        "Time": "2017-05-14 00:28:16",
        "Lines": "9",
        "Lat": 52.1863,
        "Brigade": "38"
      },
      {
        "Lon": 21.0009,
        "Time": "2017-05-14 00:28:27",
        "Lines": "9",
        "Lat": 52.1863,
        "Brigade": "38"
      },
      {
        "Lon": 21.0009,
        "Time": "2017-05-14 00:28:37",
        "Lines": "9",
        "Lat": 52.1863,
        "Brigade": "38"
      },
      {
        "Lon": 21.0009,
        "Time": "2017-05-14 00:28:47",
        "Lines": "9",
        "Lat": 52.1863,
        "Brigade": "38"
      },
      {
        "Lon": 21.0009,
        "Time": "2017-05-14 00:29:03",
        "Lines": "9",
        "Lat": 52.1863,
        "Brigade": "38"
      },
      {
        "Lon": 21.0009,
        "Time": "2017-05-14 00:29:14",
        "Lines": "9",
        "Lat": 52.1863,
        "Brigade": "38"
      },
      {
        "Lon": 21.0009,
        "Time": "2017-05-14 00:29:24",
        "Lines": "9",
        "Lat": 52.1863,
        "Brigade": "38"
      },
      {
        "Lon": 21.0009,
        "Time": "2017-05-14 00:29:35",
        "Lines": "9",
        "Lat": 52.1863,
        "Brigade": "38"
      },
      {
        "Lon": 21.0009,
        "Time": "2017-05-14 00:29:45",
        "Lines": "9",
        "Lat": 52.1863,
        "Brigade": "38"
      },
      {
        "Lon": 21.0009,
        "Time": "2017-05-14 00:29:56",
        "Lines": "9",
        "Lat": 52.1863,
        "Brigade": "38"
      },
      {
        "Lon": 21.0009,
        "Time": "2017-05-14 00:30:01",
        "Lines": "9",
        "Lat": 52.1863,
        "Brigade": "38"
      },
      {
        "Lon": 21.0009,
        "Time": "2017-05-14 00:31:14",
        "Lines": "9",
        "Lat": 52.1863,
        "Brigade": "38"
      },
      {
        "Lon": 21.0009,
        "Time": "2017-05-14 00:31:24",
        "Lines": "9",
        "Lat": 52.1863,
        "Brigade": "38"
      },
      {
        "Lon": 21.0009,
        "Time": "2017-05-14 00:31:37",
        "Lines": "9",
        "Lat": 52.1863,
        "Brigade": "38"
      },
      {
        "Lon": 21.0009,
        "Time": "2017-05-14 00:31:45",
        "Lines": "9",
        "Lat": 52.1863,
        "Brigade": "38"
      },
      {
        "Lon": 21.0009,
        "Time": "2017-05-14 00:31:56",
        "Lines": "9",
        "Lat": 52.1863,
        "Brigade": "38"
      },
      {
        "Lon": 21.0009,
        "Time": "2017-05-14 00:32:07",
        "Lines": "9",
        "Lat": 52.1863,
        "Brigade": "38"
      },
      {
        "Lon": 21.0009,
        "Time": "2017-05-14 00:32:23",
        "Lines": "9",
        "Lat": 52.1863,
        "Brigade": "38"
      },
      {
        "Lon": 21.0009,
        "Time": "2017-05-14 00:32:40",
        "Lines": "9",
        "Lat": 52.1863,
        "Brigade": "38"
      },
      {
        "Lon": 21.0009,
        "Time": "2017-05-14 00:32:54",
        "Lines": "9",
        "Lat": 52.1863,
        "Brigade": "38"
      },
      {
        "Lon": 21.0009,
        "Time": "2017-05-14 00:33:04",
        "Lines": "9",
        "Lat": 52.1863,
        "Brigade": "38"
      },
      {
        "Lon": 21.0009,
        "Time": "2017-05-14 00:33:15",
        "Lines": "9",
        "Lat": 52.1863,
        "Brigade": "38"
      },
      {
        "Lon": 21.0009,
        "Time": "2017-05-14 00:33:25",
        "Lines": "9",
        "Lat": 52.1863,
        "Brigade": "38"
      },
      {
        "Lon": 21.0009,
        "Time": "2017-05-14 00:33:36",
        "Lines": "9",
        "Lat": 52.1863,
        "Brigade": "38"
      },
      {
        "Lon": 21.0009,
        "Time": "2017-05-14 00:33:46",
        "Lines": "9",
        "Lat": 52.1863,
        "Brigade": "38"
      },
      {
        "Lon": 21.0009,
        "Time": "2017-05-14 00:34:02",
        "Lines": "9",
        "Lat": 52.1868,
        "Brigade": "38"
      },
      {
        "Lon": 21.0009,
        "Time": "2017-05-14 00:34:07",
        "Lines": "9",
        "Lat": 52.187,
        "Brigade": "38"
      },
      {
        "Lon": 21.0009,
        "Time": "2017-05-14 00:34:23",
        "Lines": "9",
        "Lat": 52.1874,
        "Brigade": "38"
      },
      {
        "Lon": 21.0009,
        "Time": "2017-05-14 00:34:33",
        "Lines": "9",
        "Lat": 52.1874,
        "Brigade": "38"
      },
      {
        "Lon": 21.0009,
        "Time": "2017-05-14 00:34:44",
        "Lines": "9",
        "Lat": 52.1874,
        "Brigade": "38"
      },
      {
        "Lon": 21.0009,
        "Time": "2017-05-14 00:34:54",
        "Lines": "9",
        "Lat": 52.1874,
        "Brigade": "38"
      },
      {
        "Lon": 21.0009,
        "Time": "2017-05-14 00:35:05",
        "Lines": "9",
        "Lat": 52.1874,
        "Brigade": "38"
      },
      {
        "Lon": 21.0009,
        "Time": "2017-05-14 00:35:15",
        "Lines": "9",
        "Lat": 52.1874,
        "Brigade": "38"
      },
      {
        "Lon": 21.0009,
        "Time": "2017-05-14 00:35:26",
        "Lines": "9",
        "Lat": 52.1874,
        "Brigade": "38"
      },
      {
        "Lon": 21.0009,
        "Time": "2017-05-14 00:35:36",
        "Lines": "9",
        "Lat": 52.1874,
        "Brigade": "38"
      },
      {
        "Lon": 21.0009,
        "Time": "2017-05-14 00:35:52",
        "Lines": "9",
        "Lat": 52.1874,
        "Brigade": "38"
      },
      {
        "Lon": 21.0009,
        "Time": "2017-05-14 00:36:02",
        "Lines": "9",
        "Lat": 52.1874,
        "Brigade": "38"
      },
      {
        "Lon": 21.0009,
        "Time": "2017-05-14 00:36:13",
        "Lines": "9",
        "Lat": 52.1874,
        "Brigade": "38"
      },
      {
        "Lon": 21.0009,
        "Time": "2017-05-14 00:36:23",
        "Lines": "9",
        "Lat": 52.1874,
        "Brigade": "38"
      },
      {
        "Lon": 21.0009,
        "Time": "2017-05-14 00:36:34",
        "Lines": "9",
        "Lat": 52.1874,
        "Brigade": "38"
      },
      {
        "Lon": 21.0009,
        "Time": "2017-05-14 00:36:45",
        "Lines": "9",
        "Lat": 52.1874,
        "Brigade": "38"
      },
      {
        "Lon": 21.0009,
        "Time": "2017-05-14 00:36:50",
        "Lines": "9",
        "Lat": 52.1874,
        "Brigade": "38"
      },
      {
        "Lon": 21.0009,
        "Time": "2017-05-14 00:37:01",
        "Lines": "9",
        "Lat": 52.1874,
        "Brigade": "38"
      },
      {
        "Lon": 21.0009,
        "Time": "2017-05-14 00:37:16",
        "Lines": "9",
        "Lat": 52.1874,
        "Brigade": "38"
      },
      {
        "Lon": 21.0009,
        "Time": "2017-05-14 00:37:32",
        "Lines": "9",
        "Lat": 52.1874,
        "Brigade": "38"
      },
      {
        "Lon": 21.0009,
        "Time": "2017-05-14 00:37:42",
        "Lines": "9",
        "Lat": 52.1874,
        "Brigade": "38"
      },
      {
        "Lon": 21.0009,
        "Time": "2017-05-14 00:37:53",
        "Lines": "9",
        "Lat": 52.1874,
        "Brigade": "38"
      },
      {
        "Lon": 21.0009,
        "Time": "2017-05-14 00:38:03",
        "Lines": "9",
        "Lat": 52.1874,
        "Brigade": "38"
      },
      {
        "Lon": 21.0009,
        "Time": "2017-05-14 00:38:13",
        "Lines": "9",
        "Lat": 52.1874,
        "Brigade": "38"
      },
      {
        "Lon": 21.0009,
        "Time": "2017-05-14 00:38:24",
        "Lines": "9",
        "Lat": 52.1874,
        "Brigade": "38"
      },
      {
        "Lon": 21.0009,
        "Time": "2017-05-14 00:38:34",
        "Lines": "9",
        "Lat": 52.1874,
        "Brigade": "38"
      },
      {
        "Lon": 21.0009,
        "Time": "2017-05-14 00:38:45",
        "Lines": "9",
        "Lat": 52.1874,
        "Brigade": "38"
      },
      {
        "Lon": 21.0009,
        "Time": "2017-05-14 00:38:56",
        "Lines": "9",
        "Lat": 52.1874,
        "Brigade": "38"
      },
      {
        "Lon": 21.0009,
        "Time": "2017-05-14 00:39:06",
        "Lines": "9",
        "Lat": 52.1874,
        "Brigade": "38"
      },
      {
        "Lon": 21.0009,
        "Time": "2017-05-14 00:39:17",
        "Lines": "9",
        "Lat": 52.1874,
        "Brigade": "38"
      },
      {
        "Lon": 21.0009,
        "Time": "2017-05-14 00:39:32",
        "Lines": "9",
        "Lat": 52.1874,
        "Brigade": "38"
      },
      {
        "Lon": 21.0009,
        "Time": "2017-05-14 00:39:44",
        "Lines": "9",
        "Lat": 52.1874,
        "Brigade": "38"
      },
      {
        "Lon": 21.0009,
        "Time": "2017-05-14 00:39:53",
        "Lines": "9",
        "Lat": 52.1874,
        "Brigade": "38"
      },
      {
        "Lon": 21.0009,
        "Time": "2017-05-14 00:40:04",
        "Lines": "9",
        "Lat": 52.1874,
        "Brigade": "38"
      },
      {
        "Lon": 21.0009,
        "Time": "2017-05-14 00:40:15",
        "Lines": "9",
        "Lat": 52.1874,
        "Brigade": "38"
      },
      {
        "Lon": 21.0009,
        "Time": "2017-05-14 00:40:25",
        "Lines": "9",
        "Lat": 52.1874,
        "Brigade": "38"
      },
      {
        "Lon": 21.0009,
        "Time": "2017-05-14 00:40:35",
        "Lines": "9",
        "Lat": 52.1874,
        "Brigade": "38"
      },
      {
        "Lon": 21.0009,
        "Time": "2017-05-14 00:40:47",
        "Lines": "9",
        "Lat": 52.1874,
        "Brigade": "38"
      },
      {
        "Lon": 21.0009,
        "Time": "2017-05-14 00:40:56",
        "Lines": "9",
        "Lat": 52.1874,
        "Brigade": "38"
      },
      {
        "Lon": 21.0009,
        "Time": "2017-05-14 00:41:06",
        "Lines": "9",
        "Lat": 52.1874,
        "Brigade": "38"
      },
      {
        "Lon": 21.0009,
        "Time": "2017-05-14 00:41:22",
        "Lines": "9",
        "Lat": 52.1874,
        "Brigade": "38"
      },
      {
        "Lon": 21.0009,
        "Time": "2017-05-14 00:41:54",
        "Lines": "9",
        "Lat": 52.1874,
        "Brigade": "38"
      },
      {
        "Lon": 21.0009,
        "Time": "2017-05-14 00:42:05",
        "Lines": "9",
        "Lat": 52.1874,
        "Brigade": "38"
      },
      {
        "Lon": 21.0009,
        "Time": "2017-05-14 00:42:15",
        "Lines": "9",
        "Lat": 52.1874,
        "Brigade": "38"
      },
      {
        "Lon": 21.0008,
        "Time": "2017-05-14 00:42:25",
        "Lines": "9",
        "Lat": 52.1878,
        "Brigade": "38"
      },
      {
        "Lon": 21.0006,
        "Time": "2017-05-14 00:42:36",
        "Lines": "9",
        "Lat": 52.1881,
        "Brigade": "38"
      },
      {
        "Lon": 21.0006,
        "Time": "2017-05-14 00:42:46",
        "Lines": "9",
        "Lat": 52.1881,
        "Brigade": "38"
      },
      {
        "Lon": 21.0006,
        "Time": "2017-05-14 00:42:56",
        "Lines": "9",
        "Lat": 52.1881,
        "Brigade": "38"
      },
      {
        "Lon": 21.0006,
        "Time": "2017-05-14 00:43:07",
        "Lines": "9",
        "Lat": 52.1881,
        "Brigade": "38"
      },
      {
        "Lon": 21.0006,
        "Time": "2017-05-14 00:43:18",
        "Lines": "9",
        "Lat": 52.1881,
        "Brigade": "38"
      },
      {
        "Lon": 21.0006,
        "Time": "2017-05-14 00:43:34",
        "Lines": "9",
        "Lat": 52.1881,
        "Brigade": "38"
      },
      {
        "Lon": 21.0006,
        "Time": "2017-05-14 00:43:44",
        "Lines": "9",
        "Lat": 52.1881,
        "Brigade": "38"
      },
      {
        "Lon": 21.0006,
        "Time": "2017-05-14 00:43:54",
        "Lines": "9",
        "Lat": 52.1881,
        "Brigade": "38"
      },
      {
        "Lon": 21.0006,
        "Time": "2017-05-14 00:44:05",
        "Lines": "9",
        "Lat": 52.1881,
        "Brigade": "38"
      },
      {
        "Lon": 21.0006,
        "Time": "2017-05-14 00:44:15",
        "Lines": "9",
        "Lat": 52.1881,
        "Brigade": "38"
      },
      {
        "Lon": 21.0005,
        "Time": "2017-05-14 00:44:26",
        "Lines": "9",
        "Lat": 52.1883,
        "Brigade": "38"
      },
      {
        "Lon": 21.0003,
        "Time": "2017-05-14 00:44:36",
        "Lines": "9",
        "Lat": 52.1885,
        "Brigade": "38"
      },
      {
        "Lon": 21.0003,
        "Time": "2017-05-14 00:44:52",
        "Lines": "9",
        "Lat": 52.1886,
        "Brigade": "38"
      },
      {
        "Lon": 21.0003,
        "Time": "2017-05-14 00:45:02",
        "Lines": "9",
        "Lat": 52.1886,
        "Brigade": "38"
      },
      {
        "Lon": 21.0003,
        "Time": "2017-05-14 00:45:13",
        "Lines": "9",
        "Lat": 52.1886,
        "Brigade": "38"
      },
      {
        "Lon": 21.0003,
        "Time": "2017-05-14 00:45:23",
        "Lines": "9",
        "Lat": 52.1886,
        "Brigade": "38"
      },
      {
        "Lon": 21.0003,
        "Time": "2017-05-14 00:45:34",
        "Lines": "9",
        "Lat": 52.1886,
        "Brigade": "38"
      },
      {
        "Lon": 21.0003,
        "Time": "2017-05-14 00:45:45",
        "Lines": "9",
        "Lat": 52.1886,
        "Brigade": "38"
      },
      {
        "Lon": 21.0003,
        "Time": "2017-05-14 00:45:50",
        "Lines": "9",
        "Lat": 52.1886,
        "Brigade": "38"
      },
      {
        "Lon": 21.0003,
        "Time": "2017-05-14 00:46:16",
        "Lines": "9",
        "Lat": 52.1884,
        "Brigade": "38"
      },
      {
        "Lon": 21.0002,
        "Time": "2017-05-14 00:46:32",
        "Lines": "9",
        "Lat": 52.188,
        "Brigade": "38"
      },
      {
        "Lon": 21.0002,
        "Time": "2017-05-14 00:46:42",
        "Lines": "9",
        "Lat": 52.1877,
        "Brigade": "38"
      },
      {
        "Lon": 21.0002,
        "Time": "2017-05-14 00:46:53",
        "Lines": "9",
        "Lat": 52.1875,
        "Brigade": "38"
      },
      {
        "Lon": 21.0002,
        "Time": "2017-05-14 00:47:03",
        "Lines": "9",
        "Lat": 52.1875,
        "Brigade": "38"
      },
      {
        "Lon": 21.0002,
        "Time": "2017-05-14 00:47:14",
        "Lines": "9",
        "Lat": 52.1875,
        "Brigade": "38"
      },
      {
        "Lon": 21.0002,
        "Time": "2017-05-14 00:47:24",
        "Lines": "9",
        "Lat": 52.1875,
        "Brigade": "38"
      },
      {
        "Lon": 21.0002,
        "Time": "2017-05-14 00:47:35",
        "Lines": "9",
        "Lat": 52.1875,
        "Brigade": "38"
      },
      {
        "Lon": 21.0002,
        "Time": "2017-05-14 00:47:40",
        "Lines": "9",
        "Lat": 52.1875,
        "Brigade": "38"
      }
    ]
  }
]
