[
  {
    "res": [
      {
        "Lon": 21.0669,
        "Time": "2017-05-14 00:16:09",
        "Lines": "9",
        "Lat": 52.2413,
        "Brigade": "8"
      },
      {
        "Lon": 21.0649,
        "Time": "2017-05-14 00:16:19",
        "Lines": "9",
        "Lat": 52.2409,
        "Brigade": "8"
      },
      {
        "Lon": 21.0631,
        "Time": "2017-05-14 00:16:30",
        "Lines": "9",
        "Lat": 52.2406,
        "Brigade": "8"
      },
      {
        "Lon": 21.0626,
        "Time": "2017-05-14 00:16:40",
        "Lines": "9",
        "Lat": 52.2405,
        "Brigade": "8"
      },
      {
        "Lon": 21.0626,
        "Time": "2017-05-14 00:16:51",
        "Lines": "9",
        "Lat": 52.2405,
        "Brigade": "8"
      },
      {
        "Lon": 21.0626,
        "Time": "2017-05-14 00:17:01",
        "Lines": "9",
        "Lat": 52.2405,
        "Brigade": "8"
      },
      {
        "Lon": 21.0614,
        "Time": "2017-05-14 00:17:17",
        "Lines": "9",
        "Lat": 52.2402,
        "Brigade": "8"
      },
      {
        "Lon": 21.0595,
        "Time": "2017-05-14 00:17:28",
        "Lines": "9",
        "Lat": 52.2398,
        "Brigade": "8"
      },
      {
        "Lon": 21.0577,
        "Time": "2017-05-14 00:17:38",
        "Lines": "9",
        "Lat": 52.2395,
        "Brigade": "8"
      },
      {
        "Lon": 21.0563,
        "Time": "2017-05-14 00:17:49",
        "Lines": "9",
        "Lat": 52.2392,
        "Brigade": "8"
      },
      {
        "Lon": 21.0552,
        "Time": "2017-05-14 00:17:59",
        "Lines": "9",
        "Lat": 52.2389,
        "Brigade": "8"
      },
      {
        "Lon": 21.0545,
        "Time": "2017-05-14 00:18:15",
        "Lines": "9",
        "Lat": 52.2388,
        "Brigade": "8"
      },
      {
        "Lon": 21.0538,
        "Time": "2017-05-14 00:18:20",
        "Lines": "9",
        "Lat": 52.2387,
        "Brigade": "8"
      },
      {
        "Lon": 21.0516,
        "Time": "2017-05-14 00:18:36",
        "Lines": "9",
        "Lat": 52.2382,
        "Brigade": "8"
      },
      {
        "Lon": 21.0506,
        "Time": "2017-05-14 00:18:46",
        "Lines": "9",
        "Lat": 52.238,
        "Brigade": "8"
      },
      {
        "Lon": 21.0501,
        "Time": "2017-05-14 00:18:57",
        "Lines": "9",
        "Lat": 52.2379,
        "Brigade": "8"
      },
      {
        "Lon": 21.0501,
        "Time": "2017-05-14 00:19:07",
        "Lines": "9",
        "Lat": 52.2379,
        "Brigade": "8"
      },
      {
        "Lon": 21.0501,
        "Time": "2017-05-14 00:19:18",
        "Lines": "9",
        "Lat": 52.2379,
        "Brigade": "8"
      },
      {
        "Lon": 21.0492,
        "Time": "2017-05-14 00:19:28",
        "Lines": "9",
        "Lat": 52.2377,
        "Brigade": "8"
      },
      {
        "Lon": 21.0483,
        "Time": "2017-05-14 00:19:34",
        "Lines": "9",
        "Lat": 52.2375,
        "Brigade": "8"
      },
      {
        "Lon": 21.0456,
        "Time": "2017-05-14 00:19:49",
        "Lines": "9",
        "Lat": 52.2369,
        "Brigade": "8"
      },
      {
        "Lon": 21.0436,
        "Time": "2017-05-14 00:20:00",
        "Lines": "9",
        "Lat": 52.2365,
        "Brigade": "8"
      },
      {
        "Lon": 21.0411,
        "Time": "2017-05-14 00:20:16",
        "Lines": "9",
        "Lat": 52.236,
        "Brigade": "8"
      },
      {
        "Lon": 21.0393,
        "Time": "2017-05-14 00:20:26",
        "Lines": "9",
        "Lat": 52.2356,
        "Brigade": "8"
      },
      {
        "Lon": 21.0375,
        "Time": "2017-05-14 00:20:36",
        "Lines": "9",
        "Lat": 52.2353,
        "Brigade": "8"
      },
      {
        "Lon": 21.0367,
        "Time": "2017-05-14 00:20:47",
        "Lines": "9",
        "Lat": 52.2351,
        "Brigade": "8"
      },
      {
        "Lon": 21.0367,
        "Time": "2017-05-14 00:20:57",
        "Lines": "9",
        "Lat": 52.2351,
        "Brigade": "8"
      },
      {
        "Lon": 21.0367,
        "Time": "2017-05-14 00:21:08",
        "Lines": "9",
        "Lat": 52.2351,
        "Brigade": "8"
      },
      {
        "Lon": 21.0367,
        "Time": "2017-05-14 00:21:18",
        "Lines": "9",
        "Lat": 52.2351,
        "Brigade": "8"
      },
      {
        "Lon": 21.0367,
        "Time": "2017-05-14 00:21:29",
        "Lines": "9",
        "Lat": 52.2351,
        "Brigade": "8"
      },
      {
        "Lon": 21.0367,
        "Time": "2017-05-14 00:21:39",
        "Lines": "9",
        "Lat": 52.2351,
        "Brigade": "8"
      },
      {
        "Lon": 21.0365,
        "Time": "2017-05-14 00:21:50",
        "Lines": "9",
        "Lat": 52.235,
        "Brigade": "8"
      },
      {
        "Lon": 21.0357,
        "Time": "2017-05-14 00:22:00",
        "Lines": "9",
        "Lat": 52.2349,
        "Brigade": "8"
      },
      {
        "Lon": 21.0349,
        "Time": "2017-05-14 00:22:07",
        "Lines": "9",
        "Lat": 52.2347,
        "Brigade": "8"
      },
      {
        "Lon": 21.0319,
        "Time": "2017-05-14 00:22:26",
        "Lines": "9",
        "Lat": 52.2341,
        "Brigade": "8"
      },
      {
        "Lon": 21.0302,
        "Time": "2017-05-14 00:22:37",
        "Lines": "9",
        "Lat": 52.2338,
        "Brigade": "8"
      },
      {
        "Lon": 21.0286,
        "Time": "2017-05-14 00:22:47",
        "Lines": "9",
        "Lat": 52.2334,
        "Brigade": "8"
      },
      {
        "Lon": 21.0267,
        "Time": "2017-05-14 00:22:58",
        "Lines": "9",
        "Lat": 52.2331,
        "Brigade": "8"
      },
      {
        "Lon": 21.0247,
        "Time": "2017-05-14 00:23:08",
        "Lines": "9",
        "Lat": 52.2326,
        "Brigade": "8"
      },
      {
        "Lon": 21.0216,
        "Time": "2017-05-14 00:23:30",
        "Lines": "9",
        "Lat": 52.232,
        "Brigade": "8"
      },
      {
        "Lon": 21.0215,
        "Time": "2017-05-14 00:23:40",
        "Lines": "9",
        "Lat": 52.2319,
        "Brigade": "8"
      },
      {
        "Lon": 21.0215,
        "Time": "2017-05-14 00:23:55",
        "Lines": "9",
        "Lat": 52.2319,
        "Brigade": "8"
      },
      {
        "Lon": 21.0215,
        "Time": "2017-05-14 00:24:06",
        "Lines": "9",
        "Lat": 52.2319,
        "Brigade": "8"
      },
      {
        "Lon": 21.0215,
        "Time": "2017-05-14 00:24:16",
        "Lines": "9",
        "Lat": 52.2319,
        "Brigade": "8"
      },
      {
        "Lon": 21.0215,
        "Time": "2017-05-14 00:24:27",
        "Lines": "9",
        "Lat": 52.2319,
        "Brigade": "8"
      },
      {
        "Lon": 21.0215,
        "Time": "2017-05-14 00:24:37",
        "Lines": "9",
        "Lat": 52.2319,
        "Brigade": "8"
      },
      {
        "Lon": 21.0215,
        "Time": "2017-05-14 00:24:48",
        "Lines": "9",
        "Lat": 52.2319,
        "Brigade": "8"
      },
      {
        "Lon": 21.0208,
        "Time": "2017-05-14 00:24:58",
        "Lines": "9",
        "Lat": 52.2318,
        "Brigade": "8"
      },
      {
        "Lon": 21.0193,
        "Time": "2017-05-14 00:25:09",
        "Lines": "9",
        "Lat": 52.2315,
        "Brigade": "8"
      },
      {
        "Lon": 21.0176,
        "Time": "2017-05-14 00:25:19",
        "Lines": "9",
        "Lat": 52.2311,
        "Brigade": "8"
      },
      {
        "Lon": 21.0168,
        "Time": "2017-05-14 00:25:30",
        "Lines": "9",
        "Lat": 52.2309,
        "Brigade": "8"
      },
      {
        "Lon": 21.0168,
        "Time": "2017-05-14 00:25:46",
        "Lines": "9",
        "Lat": 52.2309,
        "Brigade": "8"
      },
      {
        "Lon": 21.0168,
        "Time": "2017-05-14 00:25:56",
        "Lines": "9",
        "Lat": 52.2309,
        "Brigade": "8"
      },
      {
        "Lon": 21.0168,
        "Time": "2017-05-14 00:26:07",
        "Lines": "9",
        "Lat": 52.2309,
        "Brigade": "8"
      },
      {
        "Lon": 21.0161,
        "Time": "2017-05-14 00:26:17",
        "Lines": "9",
        "Lat": 52.2307,
        "Brigade": "8"
      },
      {
        "Lon": 21.0143,
        "Time": "2017-05-14 00:26:28",
        "Lines": "9",
        "Lat": 52.2304,
        "Brigade": "8"
      },
      {
        "Lon": 21.0126,
        "Time": "2017-05-14 00:26:38",
        "Lines": "9",
        "Lat": 52.23,
        "Brigade": "8"
      },
      {
        "Lon": 21.0123,
        "Time": "2017-05-14 00:26:48",
        "Lines": "9",
        "Lat": 52.2299,
        "Brigade": "8"
      },
      {
        "Lon": 21.0123,
        "Time": "2017-05-14 00:26:59",
        "Lines": "9",
        "Lat": 52.2299,
        "Brigade": "8"
      },
      {
        "Lon": 21.0123,
        "Time": "2017-05-14 00:27:09",
        "Lines": "9",
        "Lat": 52.2299,
        "Brigade": "8"
      },
      {
        "Lon": 21.0123,
        "Time": "2017-05-14 00:27:20",
        "Lines": "9",
        "Lat": 52.2299,
        "Brigade": "8"
      },
      {
        "Lon": 21.0123,
        "Time": "2017-05-14 00:27:36",
        "Lines": "9",
        "Lat": 52.2299,
        "Brigade": "8"
      },
      {
        "Lon": 21.0123,
        "Time": "2017-05-14 00:27:46",
        "Lines": "9",
        "Lat": 52.2299,
        "Brigade": "8"
      },
      {
        "Lon": 21.0123,
        "Time": "2017-05-14 00:27:57",
        "Lines": "9",
        "Lat": 52.23,
        "Brigade": "8"
      },
      {
        "Lon": 21.0116,
        "Time": "2017-05-14 00:28:07",
        "Lines": "9",
        "Lat": 52.2298,
        "Brigade": "8"
      },
      {
        "Lon": 21.0107,
        "Time": "2017-05-14 00:28:18",
        "Lines": "9",
        "Lat": 52.2296,
        "Brigade": "8"
      },
      {
        "Lon": 21.0088,
        "Time": "2017-05-14 00:28:28",
        "Lines": "9",
        "Lat": 52.2292,
        "Brigade": "8"
      },
      {
        "Lon": 21.0071,
        "Time": "2017-05-14 00:28:39",
        "Lines": "9",
        "Lat": 52.2289,
        "Brigade": "8"
      },
      {
        "Lon": 21.0061,
        "Time": "2017-05-14 00:28:49",
        "Lines": "9",
        "Lat": 52.2286,
        "Brigade": "8"
      },
      {
        "Lon": 21.0059,
        "Time": "2017-05-14 00:29:00",
        "Lines": "9",
        "Lat": 52.2286,
        "Brigade": "8"
      },
      {
        "Lon": 21.0059,
        "Time": "2017-05-14 00:29:10",
        "Lines": "9",
        "Lat": 52.2286,
        "Brigade": "8"
      },
      {
        "Lon": 21.0059,
        "Time": "2017-05-14 00:29:21",
        "Lines": "9",
        "Lat": 52.2286,
        "Brigade": "8"
      },
      {
        "Lon": 21.0054,
        "Time": "2017-05-14 00:29:36",
        "Lines": "9",
        "Lat": 52.2285,
        "Brigade": "8"
      },
      {
        "Lon": 21.0039,
        "Time": "2017-05-14 00:29:47",
        "Lines": "9",
        "Lat": 52.2282,
        "Brigade": "8"
      },
      {
        "Lon": 21.0027,
        "Time": "2017-05-14 00:29:57",
        "Lines": "9",
        "Lat": 52.2279,
        "Brigade": "8"
      },
      {
        "Lon": 21.001,
        "Time": "2017-05-14 00:31:26",
        "Lines": "9",
        "Lat": 52.2276,
        "Brigade": "8"
      },
      {
        "Lon": 20.9992,
        "Time": "2017-05-14 00:31:37",
        "Lines": "9",
        "Lat": 52.2272,
        "Brigade": "8"
      },
      {
        "Lon": 20.9973,
        "Time": "2017-05-14 00:31:47",
        "Lines": "9",
        "Lat": 52.2268,
        "Brigade": "8"
      },
      {
        "Lon": 20.9963,
        "Time": "2017-05-14 00:31:58",
        "Lines": "9",
        "Lat": 52.2265,
        "Brigade": "8"
      },
      {
        "Lon": 20.9963,
        "Time": "2017-05-14 00:32:08",
        "Lines": "9",
        "Lat": 52.2265,
        "Brigade": "8"
      },
      {
        "Lon": 20.9962,
        "Time": "2017-05-14 00:32:19",
        "Lines": "9",
        "Lat": 52.2265,
        "Brigade": "8"
      },
      {
        "Lon": 20.9954,
        "Time": "2017-05-14 00:32:29",
        "Lines": "9",
        "Lat": 52.2264,
        "Brigade": "8"
      },
      {
        "Lon": 20.9944,
        "Time": "2017-05-14 00:32:40",
        "Lines": "9",
        "Lat": 52.2261,
        "Brigade": "8"
      },
      {
        "Lon": 20.9925,
        "Time": "2017-05-14 00:32:50",
        "Lines": "9",
        "Lat": 52.2257,
        "Brigade": "8"
      },
      {
        "Lon": 20.9906,
        "Time": "2017-05-14 00:33:06",
        "Lines": "9",
        "Lat": 52.2253,
        "Brigade": "8"
      },
      {
        "Lon": 20.9898,
        "Time": "2017-05-14 00:33:18",
        "Lines": "9",
        "Lat": 52.225,
        "Brigade": "8"
      },
      {
        "Lon": 20.9897,
        "Time": "2017-05-14 00:33:48",
        "Lines": "9",
        "Lat": 52.225,
        "Brigade": "8"
      },
      {
        "Lon": 20.9897,
        "Time": "2017-05-14 00:33:58",
        "Lines": "9",
        "Lat": 52.225,
        "Brigade": "8"
      },
      {
        "Lon": 20.9892,
        "Time": "2017-05-14 00:34:10",
        "Lines": "9",
        "Lat": 52.2248,
        "Brigade": "8"
      },
      {
        "Lon": 20.9881,
        "Time": "2017-05-14 00:34:26",
        "Lines": "9",
        "Lat": 52.2243,
        "Brigade": "8"
      },
      {
        "Lon": 20.9873,
        "Time": "2017-05-14 00:34:35",
        "Lines": "9",
        "Lat": 52.2234,
        "Brigade": "8"
      },
      {
        "Lon": 20.9868,
        "Time": "2017-05-14 00:34:46",
        "Lines": "9",
        "Lat": 52.2228,
        "Brigade": "8"
      },
      {
        "Lon": 20.9868,
        "Time": "2017-05-14 00:34:56",
        "Lines": "9",
        "Lat": 52.2227,
        "Brigade": "8"
      },
      {
        "Lon": 20.9868,
        "Time": "2017-05-14 00:35:07",
        "Lines": "9",
        "Lat": 52.2227,
        "Brigade": "8"
      },
      {
        "Lon": 20.9864,
        "Time": "2017-05-14 00:35:17",
        "Lines": "9",
        "Lat": 52.2223,
        "Brigade": "8"
      },
      {
        "Lon": 20.9854,
        "Time": "2017-05-14 00:35:28",
        "Lines": "9",
        "Lat": 52.2212,
        "Brigade": "8"
      },
      {
        "Lon": 20.9844,
        "Time": "2017-05-14 00:35:38",
        "Lines": "9",
        "Lat": 52.2201,
        "Brigade": "8"
      },
      {
        "Lon": 20.984,
        "Time": "2017-05-14 00:35:49",
        "Lines": "9",
        "Lat": 52.2196,
        "Brigade": "8"
      },
      {
        "Lon": 20.9836,
        "Time": "2017-05-14 00:35:59",
        "Lines": "9",
        "Lat": 52.2191,
        "Brigade": "8"
      },
      {
        "Lon": 20.9834,
        "Time": "2017-05-14 00:36:10",
        "Lines": "9",
        "Lat": 52.2189,
        "Brigade": "8"
      },
      {
        "Lon": 20.9834,
        "Time": "2017-05-14 00:36:25",
        "Lines": "9",
        "Lat": 52.2189,
        "Brigade": "8"
      },
      {
        "Lon": 20.9834,
        "Time": "2017-05-14 00:36:36",
        "Lines": "9",
        "Lat": 52.2189,
        "Brigade": "8"
      },
      {
        "Lon": 20.9834,
        "Time": "2017-05-14 00:36:46",
        "Lines": "9",
        "Lat": 52.2189,
        "Brigade": "8"
      },
      {
        "Lon": 20.9834,
        "Time": "2017-05-14 00:36:57",
        "Lines": "9",
        "Lat": 52.2189,
        "Brigade": "8"
      },
      {
        "Lon": 20.9829,
        "Time": "2017-05-14 00:37:07",
        "Lines": "9",
        "Lat": 52.2184,
        "Brigade": "8"
      },
      {
        "Lon": 20.982,
        "Time": "2017-05-14 00:37:18",
        "Lines": "9",
        "Lat": 52.2174,
        "Brigade": "8"
      },
      {
        "Lon": 20.9813,
        "Time": "2017-05-14 00:37:28",
        "Lines": "9",
        "Lat": 52.2166,
        "Brigade": "8"
      },
      {
        "Lon": 20.9813,
        "Time": "2017-05-14 00:37:39",
        "Lines": "9",
        "Lat": 52.2166,
        "Brigade": "8"
      },
      {
        "Lon": 20.9812,
        "Time": "2017-05-14 00:37:49",
        "Lines": "9",
        "Lat": 52.2165,
        "Brigade": "8"
      },
      {
        "Lon": 20.9806,
        "Time": "2017-05-14 00:38:00",
        "Lines": "9",
        "Lat": 52.2158,
        "Brigade": "8"
      },
      {
        "Lon": 20.9796,
        "Time": "2017-05-14 00:38:15",
        "Lines": "9",
        "Lat": 52.2146,
        "Brigade": "8"
      },
      {
        "Lon": 20.9796,
        "Time": "2017-05-14 00:38:26",
        "Lines": "9",
        "Lat": 52.2146,
        "Brigade": "8"
      },
      {
        "Lon": 20.9796,
        "Time": "2017-05-14 00:38:36",
        "Lines": "9",
        "Lat": 52.2146,
        "Brigade": "8"
      },
      {
        "Lon": 20.9796,
        "Time": "2017-05-14 00:38:47",
        "Lines": "9",
        "Lat": 52.2146,
        "Brigade": "8"
      },
      {
        "Lon": 20.9792,
        "Time": "2017-05-14 00:38:58",
        "Lines": "9",
        "Lat": 52.2141,
        "Brigade": "8"
      },
      {
        "Lon": 20.9783,
        "Time": "2017-05-14 00:39:08",
        "Lines": "9",
        "Lat": 52.2132,
        "Brigade": "8"
      },
      {
        "Lon": 20.9776,
        "Time": "2017-05-14 00:39:18",
        "Lines": "9",
        "Lat": 52.2124,
        "Brigade": "8"
      },
      {
        "Lon": 20.9768,
        "Time": "2017-05-14 00:39:39",
        "Lines": "9",
        "Lat": 52.2114,
        "Brigade": "8"
      },
      {
        "Lon": 20.9768,
        "Time": "2017-05-14 00:39:50",
        "Lines": "9",
        "Lat": 52.2114,
        "Brigade": "8"
      },
      {
        "Lon": 20.9766,
        "Time": "2017-05-14 00:40:06",
        "Lines": "9",
        "Lat": 52.2113,
        "Brigade": "8"
      },
      {
        "Lon": 20.976,
        "Time": "2017-05-14 00:40:16",
        "Lines": "9",
        "Lat": 52.2106,
        "Brigade": "8"
      },
      {
        "Lon": 20.9754,
        "Time": "2017-05-14 00:40:26",
        "Lines": "9",
        "Lat": 52.2097,
        "Brigade": "8"
      },
      {
        "Lon": 20.9747,
        "Time": "2017-05-14 00:40:37",
        "Lines": "9",
        "Lat": 52.209,
        "Brigade": "8"
      },
      {
        "Lon": 20.9746,
        "Time": "2017-05-14 00:40:47",
        "Lines": "9",
        "Lat": 52.2088,
        "Brigade": "8"
      },
      {
        "Lon": 20.9746,
        "Time": "2017-05-14 00:40:58",
        "Lines": "9",
        "Lat": 52.2088,
        "Brigade": "8"
      },
      {
        "Lon": 20.9741,
        "Time": "2017-05-14 00:41:08",
        "Lines": "9",
        "Lat": 52.2082,
        "Brigade": "8"
      },
      {
        "Lon": 20.9731,
        "Time": "2017-05-14 00:41:19",
        "Lines": "9",
        "Lat": 52.2072,
        "Brigade": "8"
      },
      {
        "Lon": 20.9723,
        "Time": "2017-05-14 00:41:29",
        "Lines": "9",
        "Lat": 52.2062,
        "Brigade": "8"
      },
      {
        "Lon": 20.9721,
        "Time": "2017-05-14 00:41:40",
        "Lines": "9",
        "Lat": 52.206,
        "Brigade": "8"
      },
      {
        "Lon": 20.9721,
        "Time": "2017-05-14 00:41:56",
        "Lines": "9",
        "Lat": 52.206,
        "Brigade": "8"
      },
      {
        "Lon": 20.9721,
        "Time": "2017-05-14 00:42:06",
        "Lines": "9",
        "Lat": 52.2059,
        "Brigade": "8"
      },
      {
        "Lon": 20.9715,
        "Time": "2017-05-14 00:42:17",
        "Lines": "9",
        "Lat": 52.2053,
        "Brigade": "8"
      },
      {
        "Lon": 20.9705,
        "Time": "2017-05-14 00:42:27",
        "Lines": "9",
        "Lat": 52.2042,
        "Brigade": "8"
      },
      {
        "Lon": 20.9695,
        "Time": "2017-05-14 00:42:38",
        "Lines": "9",
        "Lat": 52.2031,
        "Brigade": "8"
      },
      {
        "Lon": 20.9693,
        "Time": "2017-05-14 00:42:48",
        "Lines": "9",
        "Lat": 52.2028,
        "Brigade": "8"
      },
      {
        "Lon": 20.9693,
        "Time": "2017-05-14 00:42:58",
        "Lines": "9",
        "Lat": 52.2028,
        "Brigade": "8"
      },
      {
        "Lon": 20.9689,
        "Time": "2017-05-14 00:43:09",
        "Lines": "9",
        "Lat": 52.2024,
        "Brigade": "8"
      },
      {
        "Lon": 20.9681,
        "Time": "2017-05-14 00:43:21",
        "Lines": "9",
        "Lat": 52.2014,
        "Brigade": "8"
      },
      {
        "Lon": 20.9661,
        "Time": "2017-05-14 00:43:46",
        "Lines": "9",
        "Lat": 52.1992,
        "Brigade": "8"
      },
      {
        "Lon": 20.9655,
        "Time": "2017-05-14 00:43:56",
        "Lines": "9",
        "Lat": 52.1986,
        "Brigade": "8"
      },
      {
        "Lon": 20.9648,
        "Time": "2017-05-14 00:44:07",
        "Lines": "9",
        "Lat": 52.1977,
        "Brigade": "8"
      },
      {
        "Lon": 20.9643,
        "Time": "2017-05-14 00:44:17",
        "Lines": "9",
        "Lat": 52.1971,
        "Brigade": "8"
      },
      {
        "Lon": 20.9642,
        "Time": "2017-05-14 00:44:28",
        "Lines": "9",
        "Lat": 52.1971,
        "Brigade": "8"
      },
      {
        "Lon": 20.9642,
        "Time": "2017-05-14 00:44:38",
        "Lines": "9",
        "Lat": 52.1971,
        "Brigade": "8"
      },
      {
        "Lon": 20.9636,
        "Time": "2017-05-14 00:44:49",
        "Lines": "9",
        "Lat": 52.1964,
        "Brigade": "8"
      },
      {
        "Lon": 20.9627,
        "Time": "2017-05-14 00:44:59",
        "Lines": "9",
        "Lat": 52.1954,
        "Brigade": "8"
      },
      {
        "Lon": 20.9614,
        "Time": "2017-05-14 00:45:15",
        "Lines": "9",
        "Lat": 52.1939,
        "Brigade": "8"
      },
      {
        "Lon": 20.9609,
        "Time": "2017-05-14 00:45:25",
        "Lines": "9",
        "Lat": 52.1934,
        "Brigade": "8"
      },
      {
        "Lon": 20.9609,
        "Time": "2017-05-14 00:45:36",
        "Lines": "9",
        "Lat": 52.1934,
        "Brigade": "8"
      },
      {
        "Lon": 20.9609,
        "Time": "2017-05-14 00:45:46",
        "Lines": "9",
        "Lat": 52.1934,
        "Brigade": "8"
      },
      {
        "Lon": 20.9603,
        "Time": "2017-05-14 00:45:57",
        "Lines": "9",
        "Lat": 52.1927,
        "Brigade": "8"
      },
      {
        "Lon": 20.9593,
        "Time": "2017-05-14 00:46:07",
        "Lines": "9",
        "Lat": 52.1916,
        "Brigade": "8"
      },
      {
        "Lon": 20.9586,
        "Time": "2017-05-14 00:46:18",
        "Lines": "9",
        "Lat": 52.1907,
        "Brigade": "8"
      },
      {
        "Lon": 20.9585,
        "Time": "2017-05-14 00:46:28",
        "Lines": "9",
        "Lat": 52.1906,
        "Brigade": "8"
      },
      {
        "Lon": 20.9585,
        "Time": "2017-05-14 00:46:39",
        "Lines": "9",
        "Lat": 52.1906,
        "Brigade": "8"
      },
      {
        "Lon": 20.9585,
        "Time": "2017-05-14 00:46:49",
        "Lines": "9",
        "Lat": 52.1906,
        "Brigade": "8"
      },
      {
        "Lon": 20.9585,
        "Time": "2017-05-14 00:47:05",
        "Lines": "9",
        "Lat": 52.1906,
        "Brigade": "8"
      },
      {
        "Lon": 20.9585,
        "Time": "2017-05-14 00:47:10",
        "Lines": "9",
        "Lat": 52.1906,
        "Brigade": "8"
      },
      {
        "Lon": 20.9585,
        "Time": "2017-05-14 00:47:21",
        "Lines": "9",
        "Lat": 52.1906,
        "Brigade": "8"
      },
      {
        "Lon": 20.9585,
        "Time": "2017-05-14 00:47:36",
        "Lines": "9",
        "Lat": 52.1906,
        "Brigade": "8"
      },
      {
        "Lon": 20.9582,
        "Time": "2017-05-14 00:47:47",
        "Lines": "9",
        "Lat": 52.1902,
        "Brigade": "8"
      },
      {
        "Lon": 20.9575,
        "Time": "2017-05-14 00:47:57",
        "Lines": "9",
        "Lat": 52.1896,
        "Brigade": "8"
      },
      {
        "Lon": 20.9566,
        "Time": "2017-05-14 00:48:08",
        "Lines": "9",
        "Lat": 52.1885,
        "Brigade": "8"
      },
      {
        "Lon": 20.9555,
        "Time": "2017-05-14 00:48:21",
        "Lines": "9",
        "Lat": 52.1873,
        "Brigade": "8"
      },
      {
        "Lon": 20.9547,
        "Time": "2017-05-14 00:48:29",
        "Lines": "9",
        "Lat": 52.1863,
        "Brigade": "8"
      },
      {
        "Lon": 20.9545,
        "Time": "2017-05-14 00:48:39",
        "Lines": "9",
        "Lat": 52.1861,
        "Brigade": "8"
      },
      {
        "Lon": 20.9545,
        "Time": "2017-05-14 00:48:50",
        "Lines": "9",
        "Lat": 52.1861,
        "Brigade": "8"
      },
      {
        "Lon": 20.9543,
        "Time": "2017-05-14 00:48:56",
        "Lines": "9",
        "Lat": 52.1859,
        "Brigade": "8"
      },
      {
        "Lon": 20.9529,
        "Time": "2017-05-14 00:49:11",
        "Lines": "9",
        "Lat": 52.1846,
        "Brigade": "8"
      },
      {
        "Lon": 20.9517,
        "Time": "2017-05-14 00:49:27",
        "Lines": "9",
        "Lat": 52.1835,
        "Brigade": "8"
      },
      {
        "Lon": 20.9517,
        "Time": "2017-05-14 00:49:37",
        "Lines": "9",
        "Lat": 52.1835,
        "Brigade": "8"
      },
      {
        "Lon": 20.9516,
        "Time": "2017-05-14 00:49:47",
        "Lines": "9",
        "Lat": 52.1834,
        "Brigade": "8"
      },
      {
        "Lon": 20.9509,
        "Time": "2017-05-14 00:49:58",
        "Lines": "9",
        "Lat": 52.1827,
        "Brigade": "8"
      },
      {
        "Lon": 20.9499,
        "Time": "2017-05-14 00:50:08",
        "Lines": "9",
        "Lat": 52.1818,
        "Brigade": "8"
      },
      {
        "Lon": 20.9489,
        "Time": "2017-05-14 00:50:19",
        "Lines": "9",
        "Lat": 52.1808,
        "Brigade": "8"
      },
      {
        "Lon": 20.948,
        "Time": "2017-05-14 00:50:29",
        "Lines": "9",
        "Lat": 52.18,
        "Brigade": "8"
      },
      {
        "Lon": 20.9475,
        "Time": "2017-05-14 00:50:40",
        "Lines": "9",
        "Lat": 52.1795,
        "Brigade": "8"
      },
      {
        "Lon": 20.9475,
        "Time": "2017-05-14 00:50:50",
        "Lines": "9",
        "Lat": 52.1795,
        "Brigade": "8"
      },
      {
        "Lon": 20.9467,
        "Time": "2017-05-14 00:51:06",
        "Lines": "9",
        "Lat": 52.1789,
        "Brigade": "8"
      },
      {
        "Lon": 20.945,
        "Time": "2017-05-14 00:51:27",
        "Lines": "9",
        "Lat": 52.1771,
        "Brigade": "8"
      },
      {
        "Lon": 20.9445,
        "Time": "2017-05-14 00:51:38",
        "Lines": "9",
        "Lat": 52.1766,
        "Brigade": "8"
      },
      {
        "Lon": 20.944,
        "Time": "2017-05-14 00:51:48",
        "Lines": "9",
        "Lat": 52.1763,
        "Brigade": "8"
      },
      {
        "Lon": 20.9437,
        "Time": "2017-05-14 00:51:59",
        "Lines": "9",
        "Lat": 52.176,
        "Brigade": "8"
      },
      {
        "Lon": 20.9437,
        "Time": "2017-05-14 00:52:09",
        "Lines": "9",
        "Lat": 52.176,
        "Brigade": "8"
      },
      {
        "Lon": 20.9437,
        "Time": "2017-05-14 00:52:20",
        "Lines": "9",
        "Lat": 52.176,
        "Brigade": "8"
      },
      {
        "Lon": 20.9437,
        "Time": "2017-05-14 00:52:35",
        "Lines": "9",
        "Lat": 52.176,
        "Brigade": "8"
      },
      {
        "Lon": 20.9437,
        "Time": "2017-05-14 00:52:46",
        "Lines": "9",
        "Lat": 52.176,
        "Brigade": "8"
      },
      {
        "Lon": 20.9437,
        "Time": "2017-05-14 00:52:56",
        "Lines": "9",
        "Lat": 52.176,
        "Brigade": "8"
      },
      {
        "Lon": 20.9437,
        "Time": "2017-05-14 00:53:07",
        "Lines": "9",
        "Lat": 52.176,
        "Brigade": "8"
      },
      {
        "Lon": 20.9437,
        "Time": "2017-05-14 00:53:17",
        "Lines": "9",
        "Lat": 52.176,
        "Brigade": "8"
      },
      {
        "Lon": 20.9437,
        "Time": "2017-05-14 00:53:28",
        "Lines": "9",
        "Lat": 52.176,
        "Brigade": "8"
      },
      {
        "Lon": 20.9437,
        "Time": "2017-05-14 00:53:38",
        "Lines": "9",
        "Lat": 52.176,
        "Brigade": "8"
      },
      {
        "Lon": 20.9437,
        "Time": "2017-05-14 00:53:49",
        "Lines": "9",
        "Lat": 52.176,
        "Brigade": "8"
      },
      {
        "Lon": 20.9437,
        "Time": "2017-05-14 00:53:59",
        "Lines": "9",
        "Lat": 52.176,
        "Brigade": "8"
      },
      {
        "Lon": 20.9437,
        "Time": "2017-05-14 00:54:15",
        "Lines": "9",
        "Lat": 52.176,
        "Brigade": "8"
      },
      {
        "Lon": 20.9437,
        "Time": "2017-05-14 00:54:20",
        "Lines": "9",
        "Lat": 52.176,
        "Brigade": "8"
      },
      {
        "Lon": 20.9437,
        "Time": "2017-05-14 00:54:36",
        "Lines": "9",
        "Lat": 52.176,
        "Brigade": "8"
      },
      {
        "Lon": 20.9437,
        "Time": "2017-05-14 00:54:46",
        "Lines": "9",
        "Lat": 52.176,
        "Brigade": "8"
      },
      {
        "Lon": 20.9437,
        "Time": "2017-05-14 00:54:57",
        "Lines": "9",
        "Lat": 52.176,
        "Brigade": "8"
      },
      {
        "Lon": 20.9437,
        "Time": "2017-05-14 00:55:07",
        "Lines": "9",
        "Lat": 52.176,
        "Brigade": "8"
      },
      {
        "Lon": 20.9437,
        "Time": "2017-05-14 00:55:18",
        "Lines": "9",
        "Lat": 52.176,
        "Brigade": "8"
      },
      {
        "Lon": 20.9437,
        "Time": "2017-05-14 00:55:28",
        "Lines": "9",
        "Lat": 52.176,
        "Brigade": "8"
      },
      {
        "Lon": 20.9437,
        "Time": "2017-05-14 00:55:39",
        "Lines": "9",
        "Lat": 52.176,
        "Brigade": "8"
      },
      {
        "Lon": 20.9437,
        "Time": "2017-05-14 00:55:49",
        "Lines": "9",
        "Lat": 52.176,
        "Brigade": "8"
      },
      {
        "Lon": 20.9437,
        "Time": "2017-05-14 00:56:00",
        "Lines": "9",
        "Lat": 52.176,
        "Brigade": "8"
      },
      {
        "Lon": 20.9437,
        "Time": "2017-05-14 00:56:16",
        "Lines": "9",
        "Lat": 52.176,
        "Brigade": "8"
      },
      {
        "Lon": 20.9437,
        "Time": "2017-05-14 00:56:26",
        "Lines": "9",
        "Lat": 52.176,
        "Brigade": "8"
      },
      {
        "Lon": 20.9437,
        "Time": "2017-05-14 00:56:37",
        "Lines": "9",
        "Lat": 52.176,
        "Brigade": "8"
      },
      {
        "Lon": 20.9437,
        "Time": "2017-05-14 00:56:47",
        "Lines": "9",
        "Lat": 52.176,
        "Brigade": "8"
      },
      {
        "Lon": 20.9437,
        "Time": "2017-05-14 00:56:57",
        "Lines": "9",
        "Lat": 52.176,
        "Brigade": "8"
      },
      {
        "Lon": 20.9437,
        "Time": "2017-05-14 00:57:08",
        "Lines": "9",
        "Lat": 52.176,
        "Brigade": "8"
      },
      {
        "Lon": 20.9437,
        "Time": "2017-05-14 00:57:18",
        "Lines": "9",
        "Lat": 52.176,
        "Brigade": "8"
      },
      {
        "Lon": 20.9437,
        "Time": "2017-05-14 00:57:29",
        "Lines": "9",
        "Lat": 52.176,
        "Brigade": "8"
      },
      {
        "Lon": 20.9437,
        "Time": "2017-05-14 00:57:39",
        "Lines": "9",
        "Lat": 52.176,
        "Brigade": "8"
      },
      {
        "Lon": 20.9437,
        "Time": "2017-05-14 00:57:50",
        "Lines": "9",
        "Lat": 52.176,
        "Brigade": "8"
      },
      {
        "Lon": 20.9437,
        "Time": "2017-05-14 00:58:00",
        "Lines": "9",
        "Lat": 52.176,
        "Brigade": "8"
      },
      {
        "Lon": 20.9437,
        "Time": "2017-05-14 00:58:16",
        "Lines": "9",
        "Lat": 52.176,
        "Brigade": "8"
      },
      {
        "Lon": 20.9437,
        "Time": "2017-05-14 00:58:27",
        "Lines": "9",
        "Lat": 52.176,
        "Brigade": "8"
      },
      {
        "Lon": 20.9437,
        "Time": "2017-05-14 00:58:32",
        "Lines": "9",
        "Lat": 52.176,
        "Brigade": "8"
      },
      {
        "Lon": 20.9437,
        "Time": "2017-05-14 00:58:49",
        "Lines": "9",
        "Lat": 52.176,
        "Brigade": "8"
      },
      {
        "Lon": 20.9437,
        "Time": "2017-05-14 00:58:58",
        "Lines": "9",
        "Lat": 52.176,
        "Brigade": "8"
      },
      {
        "Lon": 20.9437,
        "Time": "2017-05-14 00:59:09",
        "Lines": "9",
        "Lat": 52.176,
        "Brigade": "8"
      },
      {
        "Lon": 20.9437,
        "Time": "2017-05-14 00:59:19",
        "Lines": "9",
        "Lat": 52.176,
        "Brigade": "8"
      },
      {
        "Lon": 20.9437,
        "Time": "2017-05-14 00:59:30",
        "Lines": "9",
        "Lat": 52.176,
        "Brigade": "8"
      },
      {
        "Lon": 20.9437,
        "Time": "2017-05-14 00:59:40",
        "Lines": "9",
        "Lat": 52.1759,
        "Brigade": "8"
      },
      {
        "Lon": 20.944,
        "Time": "2017-05-14 00:59:51",
        "Lines": "9",
        "Lat": 52.1757,
        "Brigade": "8"
      },
      {
        "Lon": 20.9445,
        "Time": "2017-05-14 01:00:06",
        "Lines": "9",
        "Lat": 52.1759,
        "Brigade": "8"
      },
      {
        "Lon": 20.9446,
        "Time": "2017-05-14 01:00:17",
        "Lines": "9",
        "Lat": 52.1762,
        "Brigade": "8"
      },
      {
        "Lon": 20.9447,
        "Time": "2017-05-14 01:00:27",
        "Lines": "9",
        "Lat": 52.1764,
        "Brigade": "8"
      },
      {
        "Lon": 20.9447,
        "Time": "2017-05-14 01:00:38",
        "Lines": "9",
        "Lat": 52.1764,
        "Brigade": "8"
      },
      {
        "Lon": 20.9447,
        "Time": "2017-05-14 01:00:48",
        "Lines": "9",
        "Lat": 52.1764,
        "Brigade": "8"
      },
      {
        "Lon": 20.9447,
        "Time": "2017-05-14 01:00:59",
        "Lines": "9",
        "Lat": 52.1764,
        "Brigade": "8"
      },
      {
        "Lon": 20.9447,
        "Time": "2017-05-14 01:01:09",
        "Lines": "9",
        "Lat": 52.1764,
        "Brigade": "8"
      },
      {
        "Lon": 20.9447,
        "Time": "2017-05-14 01:01:20",
        "Lines": "9",
        "Lat": 52.1764,
        "Brigade": "8"
      },
      {
        "Lon": 20.9447,
        "Time": "2017-05-14 01:01:30",
        "Lines": "9",
        "Lat": 52.1764,
        "Brigade": "8"
      },
      {
        "Lon": 20.9447,
        "Time": "2017-05-14 01:01:41",
        "Lines": "9",
        "Lat": 52.1764,
        "Brigade": "8"
      },
      {
        "Lon": 20.9447,
        "Time": "2017-05-14 01:01:51",
        "Lines": "9",
        "Lat": 52.1764,
        "Brigade": "8"
      },
      {
        "Lon": 20.9447,
        "Time": "2017-05-14 01:02:07",
        "Lines": "9",
        "Lat": 52.1764,
        "Brigade": "8"
      },
      {
        "Lon": 20.9448,
        "Time": "2017-05-14 01:02:17",
        "Lines": "9",
        "Lat": 52.1767,
        "Brigade": "8"
      },
      {
        "Lon": 20.9452,
        "Time": "2017-05-14 01:02:28",
        "Lines": "9",
        "Lat": 52.1773,
        "Brigade": "8"
      },
      {
        "Lon": 20.9457,
        "Time": "2017-05-14 01:02:38",
        "Lines": "9",
        "Lat": 52.1779,
        "Brigade": "8"
      },
      {
        "Lon": 20.9465,
        "Time": "2017-05-14 01:02:49",
        "Lines": "9",
        "Lat": 52.1785,
        "Brigade": "8"
      },
      {
        "Lon": 20.9471,
        "Time": "2017-05-14 01:02:59",
        "Lines": "9",
        "Lat": 52.1791,
        "Brigade": "8"
      },
      {
        "Lon": 20.9472,
        "Time": "2017-05-14 01:03:10",
        "Lines": "9",
        "Lat": 52.1792,
        "Brigade": "8"
      },
      {
        "Lon": 20.9478,
        "Time": "2017-05-14 01:03:20",
        "Lines": "9",
        "Lat": 52.1798,
        "Brigade": "8"
      },
      {
        "Lon": 20.9491,
        "Time": "2017-05-14 01:03:36",
        "Lines": "9",
        "Lat": 52.1809,
        "Brigade": "8"
      },
      {
        "Lon": 20.9505,
        "Time": "2017-05-14 01:03:52",
        "Lines": "9",
        "Lat": 52.1823,
        "Brigade": "8"
      },
      {
        "Lon": 20.9509,
        "Time": "2017-05-14 01:03:58",
        "Lines": "9",
        "Lat": 52.1826,
        "Brigade": "8"
      },
      {
        "Lon": 20.9517,
        "Time": "2017-05-14 01:04:18",
        "Lines": "9",
        "Lat": 52.1833,
        "Brigade": "8"
      },
      {
        "Lon": 20.9522,
        "Time": "2017-05-14 01:04:28",
        "Lines": "9",
        "Lat": 52.1838,
        "Brigade": "8"
      },
      {
        "Lon": 20.9529,
        "Time": "2017-05-14 01:04:39",
        "Lines": "9",
        "Lat": 52.1844,
        "Brigade": "8"
      },
      {
        "Lon": 20.9535,
        "Time": "2017-05-14 01:04:49",
        "Lines": "9",
        "Lat": 52.185,
        "Brigade": "8"
      },
      {
        "Lon": 20.954,
        "Time": "2017-05-14 01:05:00",
        "Lines": "9",
        "Lat": 52.1854,
        "Brigade": "8"
      },
      {
        "Lon": 20.9541,
        "Time": "2017-05-14 01:05:10",
        "Lines": "9",
        "Lat": 52.1856,
        "Brigade": "8"
      },
      {
        "Lon": 20.9541,
        "Time": "2017-05-14 01:05:21",
        "Lines": "9",
        "Lat": 52.1856,
        "Brigade": "8"
      },
      {
        "Lon": 20.9548,
        "Time": "2017-05-14 01:05:37",
        "Lines": "9",
        "Lat": 52.1864,
        "Brigade": "8"
      },
      {
        "Lon": 20.955,
        "Time": "2017-05-14 01:05:47",
        "Lines": "9",
        "Lat": 52.1866,
        "Brigade": "8"
      },
      {
        "Lon": 20.955,
        "Time": "2017-05-14 01:05:58",
        "Lines": "9",
        "Lat": 52.1866,
        "Brigade": "8"
      },
      {
        "Lon": 20.9555,
        "Time": "2017-05-14 01:06:08",
        "Lines": "9",
        "Lat": 52.1872,
        "Brigade": "8"
      },
      {
        "Lon": 20.9563,
        "Time": "2017-05-14 01:06:19",
        "Lines": "9",
        "Lat": 52.1881,
        "Brigade": "8"
      },
      {
        "Lon": 20.9571,
        "Time": "2017-05-14 01:06:29",
        "Lines": "9",
        "Lat": 52.1889,
        "Brigade": "8"
      },
      {
        "Lon": 20.9577,
        "Time": "2017-05-14 01:06:40",
        "Lines": "9",
        "Lat": 52.1896,
        "Brigade": "8"
      },
      {
        "Lon": 20.958,
        "Time": "2017-05-14 01:06:55",
        "Lines": "9",
        "Lat": 52.1899,
        "Brigade": "8"
      },
      {
        "Lon": 20.958,
        "Time": "2017-05-14 01:07:06",
        "Lines": "9",
        "Lat": 52.1899,
        "Brigade": "8"
      },
      {
        "Lon": 20.958,
        "Time": "2017-05-14 01:07:16",
        "Lines": "9",
        "Lat": 52.1899,
        "Brigade": "8"
      },
      {
        "Lon": 20.958,
        "Time": "2017-05-14 01:07:27",
        "Lines": "9",
        "Lat": 52.1899,
        "Brigade": "8"
      },
      {
        "Lon": 20.958,
        "Time": "2017-05-14 01:07:37",
        "Lines": "9",
        "Lat": 52.1899,
        "Brigade": "8"
      },
      {
        "Lon": 20.9587,
        "Time": "2017-05-14 01:07:48",
        "Lines": "9",
        "Lat": 52.1907,
        "Brigade": "8"
      },
      {
        "Lon": 20.9595,
        "Time": "2017-05-14 01:07:58",
        "Lines": "9",
        "Lat": 52.1917,
        "Brigade": "8"
      },
      {
        "Lon": 20.9605,
        "Time": "2017-05-14 01:08:09",
        "Lines": "9",
        "Lat": 52.1928,
        "Brigade": "8"
      },
      {
        "Lon": 20.9608,
        "Time": "2017-05-14 01:08:25",
        "Lines": "9",
        "Lat": 52.1931,
        "Brigade": "8"
      },
      {
        "Lon": 20.9612,
        "Time": "2017-05-14 01:08:30",
        "Lines": "9",
        "Lat": 52.1936,
        "Brigade": "8"
      },
      {
        "Lon": 20.9628,
        "Time": "2017-05-14 01:08:45",
        "Lines": "9",
        "Lat": 52.1954,
        "Brigade": "8"
      },
      {
        "Lon": 20.9639,
        "Time": "2017-05-14 01:08:56",
        "Lines": "9",
        "Lat": 52.1965,
        "Brigade": "8"
      },
      {
        "Lon": 20.9644,
        "Time": "2017-05-14 01:09:02",
        "Lines": "9",
        "Lat": 52.1971,
        "Brigade": "8"
      },
      {
        "Lon": 20.9646,
        "Time": "2017-05-14 01:09:17",
        "Lines": "9",
        "Lat": 52.1974,
        "Brigade": "8"
      },
      {
        "Lon": 20.9646,
        "Time": "2017-05-14 01:09:27",
        "Lines": "9",
        "Lat": 52.1974,
        "Brigade": "8"
      },
      {
        "Lon": 20.9648,
        "Time": "2017-05-14 01:09:38",
        "Lines": "9",
        "Lat": 52.1976,
        "Brigade": "8"
      },
      {
        "Lon": 20.9657,
        "Time": "2017-05-14 01:09:48",
        "Lines": "9",
        "Lat": 52.1986,
        "Brigade": "8"
      },
      {
        "Lon": 20.9667,
        "Time": "2017-05-14 01:09:59",
        "Lines": "9",
        "Lat": 52.1998,
        "Brigade": "8"
      },
      {
        "Lon": 20.9678,
        "Time": "2017-05-14 01:10:09",
        "Lines": "9",
        "Lat": 52.201,
        "Brigade": "8"
      },
      {
        "Lon": 20.969,
        "Time": "2017-05-14 01:10:25",
        "Lines": "9",
        "Lat": 52.2023,
        "Brigade": "8"
      },
      {
        "Lon": 20.9691,
        "Time": "2017-05-14 01:10:35",
        "Lines": "9",
        "Lat": 52.2024,
        "Brigade": "8"
      },
      {
        "Lon": 20.9691,
        "Time": "2017-05-14 01:10:46",
        "Lines": "9",
        "Lat": 52.2024,
        "Brigade": "8"
      },
      {
        "Lon": 20.9696,
        "Time": "2017-05-14 01:10:56",
        "Lines": "9",
        "Lat": 52.203,
        "Brigade": "8"
      },
      {
        "Lon": 20.9705,
        "Time": "2017-05-14 01:11:07",
        "Lines": "9",
        "Lat": 52.204,
        "Brigade": "8"
      },
      {
        "Lon": 20.9714,
        "Time": "2017-05-14 01:11:17",
        "Lines": "9",
        "Lat": 52.2051,
        "Brigade": "8"
      },
      {
        "Lon": 20.9719,
        "Time": "2017-05-14 01:11:28",
        "Lines": "9",
        "Lat": 52.2056,
        "Brigade": "8"
      },
      {
        "Lon": 20.9719,
        "Time": "2017-05-14 01:11:44",
        "Lines": "9",
        "Lat": 52.2056,
        "Brigade": "8"
      },
      {
        "Lon": 20.9719,
        "Time": "2017-05-14 01:11:54",
        "Lines": "9",
        "Lat": 52.2056,
        "Brigade": "8"
      },
      {
        "Lon": 20.9719,
        "Time": "2017-05-14 01:12:05",
        "Lines": "9",
        "Lat": 52.2056,
        "Brigade": "8"
      },
      {
        "Lon": 20.9724,
        "Time": "2017-05-14 01:12:15",
        "Lines": "9",
        "Lat": 52.2062,
        "Brigade": "8"
      },
      {
        "Lon": 20.9733,
        "Time": "2017-05-14 01:12:26",
        "Lines": "9",
        "Lat": 52.2072,
        "Brigade": "8"
      },
      {
        "Lon": 20.9742,
        "Time": "2017-05-14 01:12:36",
        "Lines": "9",
        "Lat": 52.2082,
        "Brigade": "8"
      },
      {
        "Lon": 20.9746,
        "Time": "2017-05-14 01:12:47",
        "Lines": "9",
        "Lat": 52.2087,
        "Brigade": "8"
      },
      {
        "Lon": 20.9748,
        "Time": "2017-05-14 01:12:57",
        "Lines": "9",
        "Lat": 52.2089,
        "Brigade": "8"
      },
      {
        "Lon": 20.9756,
        "Time": "2017-05-14 01:13:08",
        "Lines": "9",
        "Lat": 52.2099,
        "Brigade": "8"
      },
      {
        "Lon": 20.9761,
        "Time": "2017-05-14 01:13:18",
        "Lines": "9",
        "Lat": 52.2105,
        "Brigade": "8"
      },
      {
        "Lon": 20.9763,
        "Time": "2017-05-14 01:13:34",
        "Lines": "9",
        "Lat": 52.2107,
        "Brigade": "8"
      },
      {
        "Lon": 20.9767,
        "Time": "2017-05-14 01:13:44",
        "Lines": "9",
        "Lat": 52.2112,
        "Brigade": "8"
      },
      {
        "Lon": 20.9771,
        "Time": "2017-05-14 01:13:55",
        "Lines": "9",
        "Lat": 52.2117,
        "Brigade": "8"
      },
      {
        "Lon": 20.9772,
        "Time": "2017-05-14 01:14:05",
        "Lines": "9",
        "Lat": 52.2118,
        "Brigade": "8"
      },
      {
        "Lon": 20.9773,
        "Time": "2017-05-14 01:14:16",
        "Lines": "9",
        "Lat": 52.2119,
        "Brigade": "8"
      },
      {
        "Lon": 20.978,
        "Time": "2017-05-14 01:14:26",
        "Lines": "9",
        "Lat": 52.2127,
        "Brigade": "8"
      },
      {
        "Lon": 20.9789,
        "Time": "2017-05-14 01:14:37",
        "Lines": "9",
        "Lat": 52.2137,
        "Brigade": "8"
      },
      {
        "Lon": 20.9794,
        "Time": "2017-05-14 01:14:47",
        "Lines": "9",
        "Lat": 52.2143,
        "Brigade": "8"
      },
      {
        "Lon": 20.9794,
        "Time": "2017-05-14 01:14:58",
        "Lines": "9",
        "Lat": 52.2143,
        "Brigade": "8"
      },
      {
        "Lon": 20.9798,
        "Time": "2017-05-14 01:15:14",
        "Lines": "9",
        "Lat": 52.2148,
        "Brigade": "8"
      },
      {
        "Lon": 20.9803,
        "Time": "2017-05-14 01:15:19",
        "Lines": "9",
        "Lat": 52.2153,
        "Brigade": "8"
      },
      {
        "Lon": 20.981,
        "Time": "2017-05-14 01:15:36",
        "Lines": "9",
        "Lat": 52.216,
        "Brigade": "8"
      },
      {
        "Lon": 20.981,
        "Time": "2017-05-14 01:15:45",
        "Lines": "9",
        "Lat": 52.216,
        "Brigade": "8"
      },
      {
        "Lon": 20.9811,
        "Time": "2017-05-14 01:15:55",
        "Lines": "9",
        "Lat": 52.2162,
        "Brigade": "8"
      },
      {
        "Lon": 20.9818,
        "Time": "2017-05-14 01:16:06",
        "Lines": "9",
        "Lat": 52.217,
        "Brigade": "8"
      },
      {
        "Lon": 20.9825,
        "Time": "2017-05-14 01:16:16",
        "Lines": "9",
        "Lat": 52.2178,
        "Brigade": "8"
      },
      {
        "Lon": 20.9829,
        "Time": "2017-05-14 01:16:27",
        "Lines": "9",
        "Lat": 52.2181,
        "Brigade": "8"
      },
      {
        "Lon": 20.984,
        "Time": "2017-05-14 01:16:43",
        "Lines": "9",
        "Lat": 52.2183,
        "Brigade": "8"
      },
      {
        "Lon": 20.9844,
        "Time": "2017-05-14 01:16:53",
        "Lines": "9",
        "Lat": 52.2185,
        "Brigade": "8"
      },
      {
        "Lon": 20.9847,
        "Time": "2017-05-14 01:17:04",
        "Lines": "9",
        "Lat": 52.2188,
        "Brigade": "8"
      },
      {
        "Lon": 20.9847,
        "Time": "2017-05-14 01:17:14",
        "Lines": "9",
        "Lat": 52.2188,
        "Brigade": "8"
      },
      {
        "Lon": 20.9847,
        "Time": "2017-05-14 01:17:25",
        "Lines": "9",
        "Lat": 52.2189,
        "Brigade": "8"
      },
      {
        "Lon": 20.985,
        "Time": "2017-05-14 01:17:35",
        "Lines": "9",
        "Lat": 52.2192,
        "Brigade": "8"
      },
      {
        "Lon": 20.9856,
        "Time": "2017-05-14 01:17:46",
        "Lines": "9",
        "Lat": 52.2194,
        "Brigade": "8"
      },
      {
        "Lon": 20.9864,
        "Time": "2017-05-14 01:17:56",
        "Lines": "9",
        "Lat": 52.2193,
        "Brigade": "8"
      },
      {
        "Lon": 20.9873,
        "Time": "2017-05-14 01:18:07",
        "Lines": "9",
        "Lat": 52.2193,
        "Brigade": "8"
      },
      {
        "Lon": 20.988,
        "Time": "2017-05-14 01:18:17",
        "Lines": "9",
        "Lat": 52.2193,
        "Brigade": "8"
      },
      {
        "Lon": 20.9886,
        "Time": "2017-05-14 01:18:28",
        "Lines": "9",
        "Lat": 52.2192,
        "Brigade": "8"
      },
      {
        "Lon": 20.9886,
        "Time": "2017-05-14 01:18:43",
        "Lines": "9",
        "Lat": 52.2192,
        "Brigade": "8"
      },
      {
        "Lon": 20.9886,
        "Time": "2017-05-14 01:18:54",
        "Lines": "9",
        "Lat": 52.2192,
        "Brigade": "8"
      },
      {
        "Lon": 20.9886,
        "Time": "2017-05-14 01:19:04",
        "Lines": "9",
        "Lat": 52.2192,
        "Brigade": "8"
      },
      {
        "Lon": 20.9886,
        "Time": "2017-05-14 01:19:15",
        "Lines": "9",
        "Lat": 52.2192,
        "Brigade": "8"
      },
      {
        "Lon": 20.9886,
        "Time": "2017-05-14 01:19:25",
        "Lines": "9",
        "Lat": 52.2192,
        "Brigade": "8"
      },
      {
        "Lon": 20.9886,
        "Time": "2017-05-14 01:19:36",
        "Lines": "9",
        "Lat": 52.2192,
        "Brigade": "8"
      },
      {
        "Lon": 20.9886,
        "Time": "2017-05-14 01:19:46",
        "Lines": "9",
        "Lat": 52.2192,
        "Brigade": "8"
      },
      {
        "Lon": 20.9892,
        "Time": "2017-05-14 01:19:57",
        "Lines": "9",
        "Lat": 52.2192,
        "Brigade": "8"
      },
      {
        "Lon": 20.9898,
        "Time": "2017-05-14 01:20:02",
        "Lines": "9",
        "Lat": 52.2192,
        "Brigade": "8"
      },
      {
        "Lon": 20.992,
        "Time": "2017-05-14 01:20:18",
        "Lines": "9",
        "Lat": 52.2191,
        "Brigade": "8"
      },
      {
        "Lon": 20.9938,
        "Time": "2017-05-14 01:20:33",
        "Lines": "9",
        "Lat": 52.2191,
        "Brigade": "8"
      },
      {
        "Lon": 20.9949,
        "Time": "2017-05-14 01:20:44",
        "Lines": "9",
        "Lat": 52.219,
        "Brigade": "8"
      },
      {
        "Lon": 20.996,
        "Time": "2017-05-14 01:20:54",
        "Lines": "9",
        "Lat": 52.219,
        "Brigade": "8"
      },
      {
        "Lon": 20.9973,
        "Time": "2017-05-14 01:21:05",
        "Lines": "9",
        "Lat": 52.219,
        "Brigade": "8"
      },
      {
        "Lon": 20.9983,
        "Time": "2017-05-14 01:21:15",
        "Lines": "9",
        "Lat": 52.2189,
        "Brigade": "8"
      },
      {
        "Lon": 20.9991,
        "Time": "2017-05-14 01:21:28",
        "Lines": "9",
        "Lat": 52.2189,
        "Brigade": "8"
      },
      {
        "Lon": 20.9992,
        "Time": "2017-05-14 01:21:36",
        "Lines": "9",
        "Lat": 52.2189,
        "Brigade": "8"
      },
      {
        "Lon": 20.9999,
        "Time": "2017-05-14 01:21:52",
        "Lines": "9",
        "Lat": 52.2193,
        "Brigade": "8"
      },
      {
        "Lon": 20.9999,
        "Time": "2017-05-14 01:22:02",
        "Lines": "9",
        "Lat": 52.2198,
        "Brigade": "8"
      },
      {
        "Lon": 21.0002,
        "Time": "2017-05-14 01:22:13",
        "Lines": "9",
        "Lat": 52.2202,
        "Brigade": "8"
      },
      {
        "Lon": 21.0011,
        "Time": "2017-05-14 01:22:23",
        "Lines": "9",
        "Lat": 52.2203,
        "Brigade": "8"
      },
      {
        "Lon": 21.0026,
        "Time": "2017-05-14 01:22:34",
        "Lines": "9",
        "Lat": 52.2203,
        "Brigade": "8"
      },
      {
        "Lon": 21.0038,
        "Time": "2017-05-14 01:22:44",
        "Lines": "9",
        "Lat": 52.2202,
        "Brigade": "8"
      },
      {
        "Lon": 21.0042,
        "Time": "2017-05-14 01:22:50",
        "Lines": "9",
        "Lat": 52.2202,
        "Brigade": "8"
      },
      {
        "Lon": 21.0047,
        "Time": "2017-05-14 01:23:08",
        "Lines": "9",
        "Lat": 52.2202,
        "Brigade": "8"
      },
      {
        "Lon": 21.0049,
        "Time": "2017-05-14 01:23:16",
        "Lines": "9",
        "Lat": 52.2196,
        "Brigade": "8"
      },
      {
        "Lon": 21.0049,
        "Time": "2017-05-14 01:23:26",
        "Lines": "9",
        "Lat": 52.2187,
        "Brigade": "8"
      },
      {
        "Lon": 21.005,
        "Time": "2017-05-14 01:23:37",
        "Lines": "9",
        "Lat": 52.2181,
        "Brigade": "8"
      },
      {
        "Lon": 21.005,
        "Time": "2017-05-14 01:23:53",
        "Lines": "9",
        "Lat": 52.2175,
        "Brigade": "8"
      },
      {
        "Lon": 21.005,
        "Time": "2017-05-14 01:23:58",
        "Lines": "9",
        "Lat": 52.2171,
        "Brigade": "8"
      },
      {
        "Lon": 21.0052,
        "Time": "2017-05-14 01:24:14",
        "Lines": "9",
        "Lat": 52.2165,
        "Brigade": "8"
      },
      {
        "Lon": 21.0052,
        "Time": "2017-05-14 01:24:24",
        "Lines": "9",
        "Lat": 52.2165,
        "Brigade": "8"
      },
      {
        "Lon": 21.0052,
        "Time": "2017-05-14 01:24:35",
        "Lines": "9",
        "Lat": 52.2164,
        "Brigade": "8"
      },
      {
        "Lon": 21.0055,
        "Time": "2017-05-14 01:24:47",
        "Lines": "9",
        "Lat": 52.2154,
        "Brigade": "8"
      },
      {
        "Lon": 21.0057,
        "Time": "2017-05-14 01:24:57",
        "Lines": "9",
        "Lat": 52.2148,
        "Brigade": "8"
      },
      {
        "Lon": 21.0061,
        "Time": "2017-05-14 01:25:06",
        "Lines": "9",
        "Lat": 52.2134,
        "Brigade": "8"
      },
      {
        "Lon": 21.0063,
        "Time": "2017-05-14 01:25:32",
        "Lines": "9",
        "Lat": 52.2127,
        "Brigade": "8"
      },
      {
        "Lon": 21.0067,
        "Time": "2017-05-14 01:25:43",
        "Lines": "9",
        "Lat": 52.2115,
        "Brigade": "8"
      },
      {
        "Lon": 21.007,
        "Time": "2017-05-14 01:25:54",
        "Lines": "9",
        "Lat": 52.2104,
        "Brigade": "8"
      },
      {
        "Lon": 21.0074,
        "Time": "2017-05-14 01:26:04",
        "Lines": "9",
        "Lat": 52.2094,
        "Brigade": "8"
      },
      {
        "Lon": 21.0077,
        "Time": "2017-05-14 01:26:14",
        "Lines": "9",
        "Lat": 52.2087,
        "Brigade": "8"
      },
      {
        "Lon": 21.0077,
        "Time": "2017-05-14 01:26:25",
        "Lines": "9",
        "Lat": 52.2086,
        "Brigade": "8"
      },
      {
        "Lon": 21.0077,
        "Time": "2017-05-14 01:26:35",
        "Lines": "9",
        "Lat": 52.2086,
        "Brigade": "8"
      },
      {
        "Lon": 21.008,
        "Time": "2017-05-14 01:26:51",
        "Lines": "9",
        "Lat": 52.2079,
        "Brigade": "8"
      },
      {
        "Lon": 21.008,
        "Time": "2017-05-14 01:26:56",
        "Lines": "9",
        "Lat": 52.2077,
        "Brigade": "8"
      },
      {
        "Lon": 21.007,
        "Time": "2017-05-14 01:27:12",
        "Lines": "9",
        "Lat": 52.2074,
        "Brigade": "8"
      },
      {
        "Lon": 21.0063,
        "Time": "2017-05-14 01:27:22",
        "Lines": "9",
        "Lat": 52.2073,
        "Brigade": "8"
      },
      {
        "Lon": 21.0055,
        "Time": "2017-05-14 01:27:33",
        "Lines": "9",
        "Lat": 52.2072,
        "Brigade": "8"
      },
      {
        "Lon": 21.0049,
        "Time": "2017-05-14 01:27:45",
        "Lines": "9",
        "Lat": 52.207,
        "Brigade": "8"
      },
      {
        "Lon": 21.0044,
        "Time": "2017-05-14 01:27:54",
        "Lines": "9",
        "Lat": 52.207,
        "Brigade": "8"
      },
      {
        "Lon": 21.0042,
        "Time": "2017-05-14 01:28:05",
        "Lines": "9",
        "Lat": 52.2069,
        "Brigade": "8"
      },
      {
        "Lon": 21.0037,
        "Time": "2017-05-14 01:28:15",
        "Lines": "9",
        "Lat": 52.2068,
        "Brigade": "8"
      },
      {
        "Lon": 21.0033,
        "Time": "2017-05-14 01:28:31",
        "Lines": "9",
        "Lat": 52.2067,
        "Brigade": "8"
      },
      {
        "Lon": 21.0024,
        "Time": "2017-05-14 01:28:41",
        "Lines": "9",
        "Lat": 52.2066,
        "Brigade": "8"
      },
      {
        "Lon": 21.0015,
        "Time": "2017-05-14 01:28:52",
        "Lines": "9",
        "Lat": 52.2064,
        "Brigade": "8"
      },
      {
        "Lon": 21.0005,
        "Time": "2017-05-14 01:29:02",
        "Lines": "9",
        "Lat": 52.2063,
        "Brigade": "8"
      },
      {
        "Lon": 21.0001,
        "Time": "2017-05-14 01:29:12",
        "Lines": "9",
        "Lat": 52.2062,
        "Brigade": "8"
      },
      {
        "Lon": 21,
        "Time": "2017-05-14 01:29:24",
        "Lines": "9",
        "Lat": 52.2062,
        "Brigade": "8"
      },
      {
        "Lon": 21,
        "Time": "2017-05-14 01:29:33",
        "Lines": "9",
        "Lat": 52.2062,
        "Brigade": "8"
      },
      {
        "Lon": 21,
        "Time": "2017-05-14 01:29:44",
        "Lines": "9",
        "Lat": 52.2062,
        "Brigade": "8"
      },
      {
        "Lon": 20.9994,
        "Time": "2017-05-14 01:29:54",
        "Lines": "9",
        "Lat": 52.206,
        "Brigade": "8"
      },
      {
        "Lon": 20.9993,
        "Time": "2017-05-14 01:30:05",
        "Lines": "9",
        "Lat": 52.2055,
        "Brigade": "8"
      },
      {
        "Lon": 20.9994,
        "Time": "2017-05-14 01:30:21",
        "Lines": "9",
        "Lat": 52.2051,
        "Brigade": "8"
      },
      {
        "Lon": 20.9997,
        "Time": "2017-05-14 01:30:31",
        "Lines": "9",
        "Lat": 52.2041,
        "Brigade": "8"
      },
      {
        "Lon": 20.9999,
        "Time": "2017-05-14 01:30:42",
        "Lines": "9",
        "Lat": 52.2032,
        "Brigade": "8"
      },
      {
        "Lon": 21.0002,
        "Time": "2017-05-14 01:30:52",
        "Lines": "9",
        "Lat": 52.2023,
        "Brigade": "8"
      },
      {
        "Lon": 21.0003,
        "Time": "2017-05-14 01:31:03",
        "Lines": "9",
        "Lat": 52.2021,
        "Brigade": "8"
      },
      {
        "Lon": 21.0003,
        "Time": "2017-05-14 01:31:13",
        "Lines": "9",
        "Lat": 52.2021,
        "Brigade": "8"
      },
      {
        "Lon": 21.0004,
        "Time": "2017-05-14 01:31:24",
        "Lines": "9",
        "Lat": 52.2016,
        "Brigade": "8"
      },
      {
        "Lon": 21.0006,
        "Time": "2017-05-14 01:31:34",
        "Lines": "9",
        "Lat": 52.2008,
        "Brigade": "8"
      },
      {
        "Lon": 21.0008,
        "Time": "2017-05-14 01:31:39",
        "Lines": "9",
        "Lat": 52.2003,
        "Brigade": "8"
      },
      {
        "Lon": 21.001,
        "Time": "2017-05-14 01:32:00",
        "Lines": "9",
        "Lat": 52.1994,
        "Brigade": "8"
      },
      {
        "Lon": 21.0011,
        "Time": "2017-05-14 01:32:11",
        "Lines": "9",
        "Lat": 52.1992,
        "Brigade": "8"
      },
      {
        "Lon": 21.0013,
        "Time": "2017-05-14 01:32:22",
        "Lines": "9",
        "Lat": 52.1983,
        "Brigade": "8"
      },
      {
        "Lon": 21.0016,
        "Time": "2017-05-14 01:32:32",
        "Lines": "9",
        "Lat": 52.1974,
        "Brigade": "8"
      },
      {
        "Lon": 21.0018,
        "Time": "2017-05-14 01:32:42",
        "Lines": "9",
        "Lat": 52.1965,
        "Brigade": "8"
      },
      {
        "Lon": 21.0018,
        "Time": "2017-05-14 01:32:55",
        "Lines": "9",
        "Lat": 52.1963,
        "Brigade": "8"
      },
      {
        "Lon": 21.0018,
        "Time": "2017-05-14 01:33:03",
        "Lines": "9",
        "Lat": 52.1963,
        "Brigade": "8"
      },
      {
        "Lon": 21.0018,
        "Time": "2017-05-14 01:33:14",
        "Lines": "9",
        "Lat": 52.1963,
        "Brigade": "8"
      },
      {
        "Lon": 21.0018,
        "Time": "2017-05-14 01:33:29",
        "Lines": "9",
        "Lat": 52.1951,
        "Brigade": "8"
      },
      {
        "Lon": 21.0017,
        "Time": "2017-05-14 01:33:35",
        "Lines": "9",
        "Lat": 52.1946,
        "Brigade": "8"
      },
      {
        "Lon": 21.0018,
        "Time": "2017-05-14 01:33:51",
        "Lines": "9",
        "Lat": 52.1931,
        "Brigade": "8"
      },
      {
        "Lon": 21.0018,
        "Time": "2017-05-14 01:34:11",
        "Lines": "9",
        "Lat": 52.1925,
        "Brigade": "8"
      },
      {
        "Lon": 21.0018,
        "Time": "2017-05-14 01:34:22",
        "Lines": "9",
        "Lat": 52.1925,
        "Brigade": "8"
      },
      {
        "Lon": 21.0018,
        "Time": "2017-05-14 01:34:32",
        "Lines": "9",
        "Lat": 52.1924,
        "Brigade": "8"
      },
      {
        "Lon": 21.0018,
        "Time": "2017-05-14 01:34:48",
        "Lines": "9",
        "Lat": 52.1911,
        "Brigade": "8"
      },
      {
        "Lon": 21.0018,
        "Time": "2017-05-14 01:34:53",
        "Lines": "9",
        "Lat": 52.1906,
        "Brigade": "8"
      },
      {
        "Lon": 21.002,
        "Time": "2017-05-14 01:35:09",
        "Lines": "9",
        "Lat": 52.1895,
        "Brigade": "8"
      },
      {
        "Lon": 21.002,
        "Time": "2017-05-14 01:35:20",
        "Lines": "9",
        "Lat": 52.1892,
        "Brigade": "8"
      },
      {
        "Lon": 21.002,
        "Time": "2017-05-14 01:35:30",
        "Lines": "9",
        "Lat": 52.1892,
        "Brigade": "8"
      },
      {
        "Lon": 21.002,
        "Time": "2017-05-14 01:35:35",
        "Lines": "9",
        "Lat": 52.1892,
        "Brigade": "8"
      },
      {
        "Lon": 21.002,
        "Time": "2017-05-14 01:35:51",
        "Lines": "9",
        "Lat": 52.1892,
        "Brigade": "8"
      },
      {
        "Lon": 21.002,
        "Time": "2017-05-14 01:36:02",
        "Lines": "9",
        "Lat": 52.1892,
        "Brigade": "8"
      },
      {
        "Lon": 21.002,
        "Time": "2017-05-14 01:36:12",
        "Lines": "9",
        "Lat": 52.1892,
        "Brigade": "8"
      },
      {
        "Lon": 21.002,
        "Time": "2017-05-14 01:36:23",
        "Lines": "9",
        "Lat": 52.1892,
        "Brigade": "8"
      },
      {
        "Lon": 21.002,
        "Time": "2017-05-14 01:36:33",
        "Lines": "9",
        "Lat": 52.1892,
        "Brigade": "8"
      },
      {
        "Lon": 21.002,
        "Time": "2017-05-14 01:36:49",
        "Lines": "9",
        "Lat": 52.1892,
        "Brigade": "8"
      },
      {
        "Lon": 21.002,
        "Time": "2017-05-14 01:36:59",
        "Lines": "9",
        "Lat": 52.1889,
        "Brigade": "8"
      },
      {
        "Lon": 21.0017,
        "Time": "2017-05-14 01:38:39",
        "Lines": "9",
        "Lat": 52.1888,
        "Brigade": "8"
      },
      {
        "Lon": 21.0011,
        "Time": "2017-05-14 01:38:49",
        "Lines": "9",
        "Lat": 52.1888,
        "Brigade": "8"
      },
      {
        "Lon": 21.0007,
        "Time": "2017-05-14 01:39:00",
        "Lines": "9",
        "Lat": 52.1888,
        "Brigade": "8"
      },
      {
        "Lon": 21.0007,
        "Time": "2017-05-14 01:39:10",
        "Lines": "9",
        "Lat": 52.1888,
        "Brigade": "8"
      },
      {
        "Lon": 21.0007,
        "Time": "2017-05-14 01:39:21",
        "Lines": "9",
        "Lat": 52.1888,
        "Brigade": "8"
      },
      {
        "Lon": 21.0007,
        "Time": "2017-05-14 01:39:31",
        "Lines": "9",
        "Lat": 52.1888,
        "Brigade": "8"
      },
      {
        "Lon": 21.0007,
        "Time": "2017-05-14 01:39:47",
        "Lines": "9",
        "Lat": 52.1888,
        "Brigade": "8"
      },
      {
        "Lon": 21.0007,
        "Time": "2017-05-14 01:39:58",
        "Lines": "9",
        "Lat": 52.1888,
        "Brigade": "8"
      },
      {
        "Lon": 21.0007,
        "Time": "2017-05-14 01:40:08",
        "Lines": "9",
        "Lat": 52.1888,
        "Brigade": "8"
      },
      {
        "Lon": 21.0005,
        "Time": "2017-05-14 01:40:19",
        "Lines": "9",
        "Lat": 52.1888,
        "Brigade": "8"
      },
      {
        "Lon": 21.0003,
        "Time": "2017-05-14 01:40:29",
        "Lines": "9",
        "Lat": 52.1886,
        "Brigade": "8"
      }
    ]
  }
]
