[
  {
    "res": [
      {
        "Time": "2016-03-23T00:00:00",
        "Lat": 52.2272,
        "Lon": 21.0132,
        "FirstLine": 14,
        "Lines": "14,15",
        "Brigade": 56,
        "LineBrigade": "14_56",
        "Status": "RUNNING",
        "LowFloor": "False",
        "Hour": 0,
        "Minute": 0
      },
      {
        "Time": "2016-03-23T00:00:29",
        "Lat": 52.2266,
        "Lon": 21.0136,
        "FirstLine": 14,
        "Lines": "14,15",
        "Brigade": 56,
        "LineBrigade": "14_56",
        "Status": "RUNNING",
        "LowFloor": "False",
        "Hour": 0,
        "Minute": 0
      },
      {
        "Time": "2016-03-23T00:00:59",
        "Lat": 52.2235,
        "Lon": 21.0154,
        "FirstLine": 14,
        "Lines": "14,15",
        "Brigade": 56,
        "LineBrigade": "14_56",
        "Status": "RUNNING",
        "LowFloor": "False",
        "Hour": 0,
        "Minute": 0
      },
      {
        "Time": "2016-03-23T00:01:29",
        "Lat": 52.2233,
        "Lon": 21.0155,
        "FirstLine": 14,
        "Lines": "14,15",
        "Brigade": 56,
        "LineBrigade": "14_56",
        "Status": "RUNNING",
        "LowFloor": "False",
        "Hour": 0,
        "Minute": 1
      },
      {
        "Time": "2016-03-23T00:01:59",
        "Lat": 52.2227,
        "Lon": 21.016,
        "FirstLine": 14,
        "Lines": "14,15",
        "Brigade": 56,
        "LineBrigade": "14_56",
        "Status": "RUNNING",
        "LowFloor": "False",
        "Hour": 0,
        "Minute": 1
      },
      {
        "Time": "2016-03-23T00:02:28",
        "Lat": 52.2218,
        "Lon": 21.0166,
        "FirstLine": 14,
        "Lines": "14,15",
        "Brigade": 56,
        "LineBrigade": "14_56",
        "Status": "RUNNING",
        "LowFloor": "False",
        "Hour": 0,
        "Minute": 2
      },
      {
        "Time": "2016-03-23T00:02:58",
        "Lat": 52.2207,
        "Lon": 21.0174,
        "FirstLine": 14,
        "Lines": "14,15",
        "Brigade": 56,
        "LineBrigade": "14_56",
        "Status": "RUNNING",
        "LowFloor": "False",
        "Hour": 0,
        "Minute": 2
      },
      {
        "Time": "2016-03-23T00:03:30",
        "Lat": 52.2201,
        "Lon": 21.0177,
        "FirstLine": 14,
        "Lines": "14,15",
        "Brigade": 56,
        "LineBrigade": "14_56",
        "Status": "RUNNING",
        "LowFloor": "False",
        "Hour": 0,
        "Minute": 3
      },
      {
        "Time": "2016-03-23T00:03:59",
        "Lat": 52.2199,
        "Lon": 21.016,
        "FirstLine": 14,
        "Lines": "14,15",
        "Brigade": 56,
        "LineBrigade": "14_56",
        "Status": "RUNNING",
        "LowFloor": "False",
        "Hour": 0,
        "Minute": 3
      },
      {
        "Time": "2016-03-23T00:04:30",
        "Lat": 52.2199,
        "Lon": 21.0137,
        "FirstLine": 14,
        "Lines": "14,15",
        "Brigade": 56,
        "LineBrigade": "14_56",
        "Status": "RUNNING",
        "LowFloor": "False",
        "Hour": 0,
        "Minute": 4
      },
      {
        "Time": "2016-03-23T00:04:55",
        "Lat": 52.22,
        "Lon": 21.0109,
        "FirstLine": 14,
        "Lines": "14,15",
        "Brigade": 56,
        "LineBrigade": "14_56",
        "Status": "RUNNING",
        "LowFloor": "False",
        "Hour": 0,
        "Minute": 4
      },
      {
        "Time": "2016-03-23T00:05:26",
        "Lat": 52.2201,
        "Lon": 21.009,
        "FirstLine": 14,
        "Lines": "14,15",
        "Brigade": 56,
        "LineBrigade": "14_56",
        "Status": "RUNNING",
        "LowFloor": "False",
        "Hour": 0,
        "Minute": 5
      },
      {
        "Time": "2016-03-23T00:05:56",
        "Lat": 52.2202,
        "Lon": 21.0055,
        "FirstLine": 14,
        "Lines": "14,15",
        "Brigade": 56,
        "LineBrigade": "14_56",
        "Status": "RUNNING",
        "LowFloor": "False",
        "Hour": 0,
        "Minute": 5
      },
      {
        "Time": "2016-03-23T00:06:28",
        "Lat": 52.2201,
        "Lon": 21.0056,
        "FirstLine": 14,
        "Lines": "14,15",
        "Brigade": 56,
        "LineBrigade": "14_56",
        "Status": "RUNNING",
        "LowFloor": "False",
        "Hour": 0,
        "Minute": 6
      },
      {
        "Time": "2016-03-23T00:06:58",
        "Lat": 52.2202,
        "Lon": 21.0051,
        "FirstLine": 14,
        "Lines": "14,15",
        "Brigade": 56,
        "LineBrigade": "14_56",
        "Status": "RUNNING",
        "LowFloor": "False",
        "Hour": 0,
        "Minute": 6
      },
      {
        "Time": "2016-03-23T00:07:28",
        "Lat": 52.2225,
        "Lon": 21.0048,
        "FirstLine": 14,
        "Lines": "14,15",
        "Brigade": 56,
        "LineBrigade": "14_56",
        "Status": "RUNNING",
        "LowFloor": "False",
        "Hour": 0,
        "Minute": 7
      },
      {
        "Time": "2016-03-23T00:07:58",
        "Lat": 52.2234,
        "Lon": 21.0045,
        "FirstLine": 14,
        "Lines": "14,15",
        "Brigade": 56,
        "LineBrigade": "14_56",
        "Status": "RUNNING",
        "LowFloor": "False",
        "Hour": 0,
        "Minute": 7
      },
      {
        "Time": "2016-03-23T00:08:28",
        "Lat": 52.2267,
        "Lon": 21.0025,
        "FirstLine": 14,
        "Lines": "14,15",
        "Brigade": 56,
        "LineBrigade": "14_56",
        "Status": "RUNNING",
        "LowFloor": "False",
        "Hour": 0,
        "Minute": 8
      },
      {
        "Time": "2016-03-23T00:08:59",
        "Lat": 52.2288,
        "Lon": 21.0012,
        "FirstLine": 14,
        "Lines": "14,15",
        "Brigade": 56,
        "LineBrigade": "14_56",
        "Status": "RUNNING",
        "LowFloor": "False",
        "Hour": 0,
        "Minute": 8
      },
      {
        "Time": "2016-03-23T00:09:28",
        "Lat": 52.2303,
        "Lon": 21.0001,
        "FirstLine": 14,
        "Lines": "14,15",
        "Brigade": 56,
        "LineBrigade": "14_56",
        "Status": "RUNNING",
        "LowFloor": "False",
        "Hour": 0,
        "Minute": 9
      },
      {
        "Time": "2016-03-23T00:09:58",
        "Lat": 52.2328,
        "Lon": 20.9983,
        "FirstLine": 14,
        "Lines": "14,15",
        "Brigade": 56,
        "LineBrigade": "14_56",
        "Status": "RUNNING",
        "LowFloor": "False",
        "Hour": 0,
        "Minute": 9
      },
      {
        "Time": "2016-03-23T00:10:29",
        "Lat": 52.233,
        "Lon": 20.9979,
        "FirstLine": 14,
        "Lines": "14,15",
        "Brigade": 56,
        "LineBrigade": "14_56",
        "Status": "RUNNING",
        "LowFloor": "False",
        "Hour": 0,
        "Minute": 10
      },
      {
        "Time": "2016-03-23T00:10:59",
        "Lat": 52.2329,
        "Lon": 20.9979,
        "FirstLine": 14,
        "Lines": "14,15",
        "Brigade": 56,
        "LineBrigade": "14_56",
        "Status": "RUNNING",
        "LowFloor": "False",
        "Hour": 0,
        "Minute": 10
      },
      {
        "Time": "2016-03-23T00:11:26",
        "Lat": 52.2328,
        "Lon": 20.997,
        "FirstLine": 14,
        "Lines": "14,15",
        "Brigade": 56,
        "LineBrigade": "14_56",
        "Status": "RUNNING",
        "LowFloor": "False",
        "Hour": 0,
        "Minute": 11
      },
      {
        "Time": "2016-03-23T00:11:57",
        "Lat": 52.2323,
        "Lon": 20.9946,
        "FirstLine": 14,
        "Lines": "14,15",
        "Brigade": 56,
        "LineBrigade": "14_56",
        "Status": "RUNNING",
        "LowFloor": "False",
        "Hour": 0,
        "Minute": 11
      },
      {
        "Time": "2016-03-23T00:12:28",
        "Lat": 52.2319,
        "Lon": 20.9929,
        "FirstLine": 14,
        "Lines": "14,15",
        "Brigade": 56,
        "LineBrigade": "14_56",
        "Status": "RUNNING",
        "LowFloor": "False",
        "Hour": 0,
        "Minute": 12
      },
      {
        "Time": "2016-03-23T00:12:58",
        "Lat": 52.231,
        "Lon": 20.9882,
        "FirstLine": 14,
        "Lines": "14,15",
        "Brigade": 56,
        "LineBrigade": "14_56",
        "Status": "RUNNING",
        "LowFloor": "False",
        "Hour": 0,
        "Minute": 12
      },
      {
        "Time": "2016-03-23T00:13:28",
        "Lat": 52.2302,
        "Lon": 20.9841,
        "FirstLine": 14,
        "Lines": "14,15",
        "Brigade": 56,
        "LineBrigade": "14_56",
        "Status": "RUNNING",
        "LowFloor": "False",
        "Hour": 0,
        "Minute": 13
      },
      {
        "Time": "2016-03-23T00:13:58",
        "Lat": 52.23,
        "Lon": 20.9829,
        "FirstLine": 14,
        "Lines": "14,15",
        "Brigade": 56,
        "LineBrigade": "14_56",
        "Status": "RUNNING",
        "LowFloor": "False",
        "Hour": 0,
        "Minute": 13
      },
      {
        "Time": "2016-03-23T00:14:25",
        "Lat": 52.2297,
        "Lon": 20.981,
        "FirstLine": 14,
        "Lines": "14,15",
        "Brigade": 56,
        "LineBrigade": "14_56",
        "Status": "RUNNING",
        "LowFloor": "False",
        "Hour": 0,
        "Minute": 14
      },
      {
        "Time": "2016-03-23T00:15:00",
        "Lat": 52.2293,
        "Lon": 20.9788,
        "FirstLine": 14,
        "Lines": "14,15",
        "Brigade": 56,
        "LineBrigade": "14_56",
        "Status": "RUNNING",
        "LowFloor": "False",
        "Hour": 0,
        "Minute": 15
      },
      {
        "Time": "2016-03-23T00:15:30",
        "Lat": 52.2291,
        "Lon": 20.9759,
        "FirstLine": 14,
        "Lines": "14,15",
        "Brigade": 56,
        "LineBrigade": "14_56",
        "Status": "RUNNING",
        "LowFloor": "False",
        "Hour": 0,
        "Minute": 15
      },
      {
        "Time": "2016-03-23T00:16:00",
        "Lat": 52.2288,
        "Lon": 20.9717,
        "FirstLine": 14,
        "Lines": "14,15",
        "Brigade": 56,
        "LineBrigade": "14_56",
        "Status": "RUNNING",
        "LowFloor": "False",
        "Hour": 0,
        "Minute": 16
      },
      {
        "Time": "2016-03-23T00:16:28",
        "Lat": 52.2287,
        "Lon": 20.9701,
        "FirstLine": 14,
        "Lines": "14,15",
        "Brigade": 56,
        "LineBrigade": "14_56",
        "Status": "RUNNING",
        "LowFloor": "False",
        "Hour": 0,
        "Minute": 16
      },
      {
        "Time": "2016-03-23T00:16:59",
        "Lat": 52.2293,
        "Lon": 20.9696,
        "FirstLine": 14,
        "Lines": "14,15",
        "Brigade": 56,
        "LineBrigade": "14_56",
        "Status": "RUNNING",
        "LowFloor": "False",
        "Hour": 0,
        "Minute": 16
      },
      {
        "Time": "2016-03-23T00:17:29",
        "Lat": 52.2307,
        "Lon": 20.9691,
        "FirstLine": 14,
        "Lines": "14,15",
        "Brigade": 56,
        "LineBrigade": "14_56",
        "Status": "RUNNING",
        "LowFloor": "False",
        "Hour": 0,
        "Minute": 17
      },
      {
        "Time": "2016-03-23T00:17:59",
        "Lat": 52.2311,
        "Lon": 20.9689,
        "FirstLine": 14,
        "Lines": "14,15",
        "Brigade": 56,
        "LineBrigade": "14_56",
        "Status": "RUNNING",
        "LowFloor": "False",
        "Hour": 0,
        "Minute": 17
      },
      {
        "Time": "2016-03-23T00:18:29",
        "Lat": 52.2313,
        "Lon": 20.9689,
        "FirstLine": 14,
        "Lines": "14,15",
        "Brigade": 56,
        "LineBrigade": "14_56",
        "Status": "RUNNING",
        "LowFloor": "False",
        "Hour": 0,
        "Minute": 18
      },
      {
        "Time": "2016-03-23T00:18:59",
        "Lat": 52.2314,
        "Lon": 20.9691,
        "FirstLine": 14,
        "Lines": "14,15",
        "Brigade": 56,
        "LineBrigade": "14_56",
        "Status": "RUNNING",
        "LowFloor": "False",
        "Hour": 0,
        "Minute": 18
      },
      {
        "Time": "2016-03-23T00:19:29",
        "Lat": 52.2314,
        "Lon": 20.9691,
        "FirstLine": 14,
        "Lines": "14,15",
        "Brigade": 56,
        "LineBrigade": "14_56",
        "Status": "RUNNING",
        "LowFloor": "False",
        "Hour": 0,
        "Minute": 19
      },
      {
        "Time": "2016-03-23T00:19:59",
        "Lat": 52.2314,
        "Lon": 20.9691,
        "FirstLine": 14,
        "Lines": "14,15",
        "Brigade": 56,
        "LineBrigade": "14_56",
        "Status": "RUNNING",
        "LowFloor": "False",
        "Hour": 0,
        "Minute": 19
      },
      {
        "Time": "2016-03-23T00:20:30",
        "Lat": 52.2314,
        "Lon": 20.9692,
        "FirstLine": 14,
        "Lines": "14,15",
        "Brigade": 56,
        "LineBrigade": "14_56",
        "Status": "RUNNING",
        "LowFloor": "False",
        "Hour": 0,
        "Minute": 20
      },
      {
        "Time": "2016-03-23T00:21:00",
        "Lat": 52.2314,
        "Lon": 20.9692,
        "FirstLine": 14,
        "Lines": "14,15",
        "Brigade": 56,
        "LineBrigade": "14_56",
        "Status": "RUNNING",
        "LowFloor": "False",
        "Hour": 0,
        "Minute": 21
      },
      {
        "Time": "2016-03-23T00:21:30",
        "Lat": 52.2314,
        "Lon": 20.9692,
        "FirstLine": 14,
        "Lines": "14,15",
        "Brigade": 56,
        "LineBrigade": "14_56",
        "Status": "RUNNING",
        "LowFloor": "False",
        "Hour": 0,
        "Minute": 21
      },
      {
        "Time": "2016-03-23T00:22:00",
        "Lat": 52.2314,
        "Lon": 20.9693,
        "FirstLine": 14,
        "Lines": "14,15",
        "Brigade": 56,
        "LineBrigade": "14_56",
        "Status": "RUNNING",
        "LowFloor": "False",
        "Hour": 0,
        "Minute": 22
      },
      {
        "Time": "2016-03-23T00:22:30",
        "Lat": 52.2314,
        "Lon": 20.9693,
        "FirstLine": 14,
        "Lines": "14,15",
        "Brigade": 56,
        "LineBrigade": "14_56",
        "Status": "RUNNING",
        "LowFloor": "False",
        "Hour": 0,
        "Minute": 22
      },
      {
        "Time": "2016-03-23T00:23:00",
        "Lat": 52.2314,
        "Lon": 20.9693,
        "FirstLine": 14,
        "Lines": "14,15",
        "Brigade": 56,
        "LineBrigade": "14_56",
        "Status": "RUNNING",
        "LowFloor": "False",
        "Hour": 0,
        "Minute": 23
      },
      {
        "Time": "2016-03-23T00:23:29",
        "Lat": 52.2314,
        "Lon": 20.9693,
        "FirstLine": 14,
        "Lines": "14,15",
        "Brigade": 56,
        "LineBrigade": "14_56",
        "Status": "RUNNING",
        "LowFloor": "False",
        "Hour": 0,
        "Minute": 23
      }
    ]
  }
]
