[
  {
    "res": [
      {
        "Time": "2016-03-23T00:00:00",
        "Lat": 52.2998,
        "Lon": 20.9361,
        "FirstLine": 17,
        "Lines": "17",
        "Brigade": 10,
        "LineBrigade": "17_10",
        "Status": "RUNNING",
        "LowFloor": "True",
        "Hour": 0,
        "Minute": 0
      },
      {
        "Time": "2016-03-23T00:00:27",
        "Lat": 52.2993,
        "Lon": 20.9352,
        "FirstLine": 17,
        "Lines": "17",
        "Brigade": 10,
        "LineBrigade": "17_10",
        "Status": "RUNNING",
        "LowFloor": "True",
        "Hour": 0,
        "Minute": 0
      },
      {
        "Time": "2016-03-23T00:00:58",
        "Lat": 52.2991,
        "Lon": 20.9347,
        "FirstLine": 17,
        "Lines": "17",
        "Brigade": 10,
        "LineBrigade": "17_10",
        "Status": "RUNNING",
        "LowFloor": "True",
        "Hour": 0,
        "Minute": 0
      },
      {
        "Time": "2016-03-23T00:01:30",
        "Lat": 52.2992,
        "Lon": 20.9342,
        "FirstLine": 17,
        "Lines": "17",
        "Brigade": 10,
        "LineBrigade": "17_10",
        "Status": "RUNNING",
        "LowFloor": "True",
        "Hour": 0,
        "Minute": 1
      },
      {
        "Time": "2016-03-23T00:01:56",
        "Lat": 52.2994,
        "Lon": 20.9339,
        "FirstLine": 17,
        "Lines": "17",
        "Brigade": 10,
        "LineBrigade": "17_10",
        "Status": "RUNNING",
        "LowFloor": "True",
        "Hour": 0,
        "Minute": 1
      },
      {
        "Time": "2016-03-23T00:02:27",
        "Lat": 52.2995,
        "Lon": 20.9336,
        "FirstLine": 17,
        "Lines": "17",
        "Brigade": 10,
        "LineBrigade": "17_10",
        "Status": "RUNNING",
        "LowFloor": "True",
        "Hour": 0,
        "Minute": 2
      },
      {
        "Time": "2016-03-23T00:02:59",
        "Lat": 52.2998,
        "Lon": 20.933,
        "FirstLine": 17,
        "Lines": "17",
        "Brigade": 10,
        "LineBrigade": "17_10",
        "Status": "RUNNING",
        "LowFloor": "True",
        "Hour": 0,
        "Minute": 2
      },
      {
        "Time": "2016-03-23T00:03:25",
        "Lat": 52.3003,
        "Lon": 20.9318,
        "FirstLine": 17,
        "Lines": "17",
        "Brigade": 10,
        "LineBrigade": "17_10",
        "Status": "RUNNING",
        "LowFloor": "True",
        "Hour": 0,
        "Minute": 3
      }
    ]
  }
]
