[
  {
    "res": [
      {
        "Time": "2016-03-23T07:28:56",
        "Lat": 52.1952,
        "Lon": 21.0018,
        "FirstLine": 17,
        "Lines": "17",
        "Brigade": 38,
        "LineBrigade": "17_38",
        "Status": "RUNNING",
        "LowFloor": "True",
        "Hour": 7,
        "Minute": 28
      },
      {
        "Time": "2016-03-23T07:29:27",
        "Lat": 52.1979,
        "Lon": 21.0015,
        "FirstLine": 17,
        "Lines": "17",
        "Brigade": 38,
        "LineBrigade": "17_38",
        "Status": "RUNNING",
        "LowFloor": "True",
        "Hour": 7,
        "Minute": 29
      },
      {
        "Time": "2016-03-23T07:29:59",
        "Lat": 52.1988,
        "Lon": 21.0013,
        "FirstLine": 17,
        "Lines": "17",
        "Brigade": 38,
        "LineBrigade": "17_38",
        "Status": "RUNNING",
        "LowFloor": "True",
        "Hour": 7,
        "Minute": 29
      },
      {
        "Time": "2016-03-23T07:30:30",
        "Lat": 52.2015,
        "Lon": 21.0006,
        "FirstLine": 17,
        "Lines": "17",
        "Brigade": 38,
        "LineBrigade": "17_38",
        "Status": "RUNNING",
        "LowFloor": "True",
        "Hour": 7,
        "Minute": 30
      },
      {
        "Time": "2016-03-23T07:30:56",
        "Lat": 52.2015,
        "Lon": 21.0006,
        "FirstLine": 17,
        "Lines": "17",
        "Brigade": 38,
        "LineBrigade": "17_38",
        "Status": "RUNNING",
        "LowFloor": "True",
        "Hour": 7,
        "Minute": 30
      },
      {
        "Time": "2016-03-23T07:31:28",
        "Lat": 52.2024,
        "Lon": 21.0003,
        "FirstLine": 17,
        "Lines": "17",
        "Brigade": 38,
        "LineBrigade": "17_38",
        "Status": "RUNNING",
        "LowFloor": "True",
        "Hour": 7,
        "Minute": 31
      },
      {
        "Time": "2016-03-23T07:31:59",
        "Lat": 52.2031,
        "Lon": 21.0001,
        "FirstLine": 17,
        "Lines": "17",
        "Brigade": 38,
        "LineBrigade": "17_38",
        "Status": "RUNNING",
        "LowFloor": "True",
        "Hour": 7,
        "Minute": 31
      },
      {
        "Time": "2016-03-23T07:32:25",
        "Lat": 52.2057,
        "Lon": 20.9994,
        "FirstLine": 17,
        "Lines": "17",
        "Brigade": 38,
        "LineBrigade": "17_38",
        "Status": "RUNNING",
        "LowFloor": "True",
        "Hour": 7,
        "Minute": 32
      },
      {
        "Time": "2016-03-23T07:32:57",
        "Lat": 52.2057,
        "Lon": 20.9993,
        "FirstLine": 17,
        "Lines": "17",
        "Brigade": 38,
        "LineBrigade": "17_38",
        "Status": "RUNNING",
        "LowFloor": "True",
        "Hour": 7,
        "Minute": 32
      },
      {
        "Time": "2016-03-23T07:33:30",
        "Lat": 52.2065,
        "Lon": 21.0022,
        "FirstLine": 17,
        "Lines": "17",
        "Brigade": 38,
        "LineBrigade": "17_38",
        "Status": "RUNNING",
        "LowFloor": "True",
        "Hour": 7,
        "Minute": 33
      },
      {
        "Time": "2016-03-23T07:34:00",
        "Lat": 52.2069,
        "Lon": 21.0041,
        "FirstLine": 17,
        "Lines": "17",
        "Brigade": 38,
        "LineBrigade": "17_38",
        "Status": "RUNNING",
        "LowFloor": "True",
        "Hour": 7,
        "Minute": 34
      },
      {
        "Time": "2016-03-23T07:34:26",
        "Lat": 52.2072,
        "Lon": 21.0063,
        "FirstLine": 17,
        "Lines": "17",
        "Brigade": 38,
        "LineBrigade": "17_38",
        "Status": "RUNNING",
        "LowFloor": "True",
        "Hour": 7,
        "Minute": 34
      },
      {
        "Time": "2016-03-23T07:34:58",
        "Lat": 52.2077,
        "Lon": 21.0081,
        "FirstLine": 17,
        "Lines": "17",
        "Brigade": 38,
        "LineBrigade": "17_38",
        "Status": "RUNNING",
        "LowFloor": "True",
        "Hour": 7,
        "Minute": 34
      },
      {
        "Time": "2016-03-23T07:35:29",
        "Lat": 52.2091,
        "Lon": 21.0076,
        "FirstLine": 17,
        "Lines": "17",
        "Brigade": 38,
        "LineBrigade": "17_38",
        "Status": "RUNNING",
        "LowFloor": "True",
        "Hour": 7,
        "Minute": 35
      },
      {
        "Time": "2016-03-23T07:35:55",
        "Lat": 52.2098,
        "Lon": 21.0073,
        "FirstLine": 17,
        "Lines": "17",
        "Brigade": 38,
        "LineBrigade": "17_38",
        "Status": "RUNNING",
        "LowFloor": "True",
        "Hour": 7,
        "Minute": 35
      },
      {
        "Time": "2016-03-23T07:36:27",
        "Lat": 52.2124,
        "Lon": 21.0065,
        "FirstLine": 17,
        "Lines": "17",
        "Brigade": 38,
        "LineBrigade": "17_38",
        "Status": "RUNNING",
        "LowFloor": "True",
        "Hour": 7,
        "Minute": 36
      },
      {
        "Time": "2016-03-23T07:36:58",
        "Lat": 52.2135,
        "Lon": 21.0062,
        "FirstLine": 17,
        "Lines": "17",
        "Brigade": 38,
        "LineBrigade": "17_38",
        "Status": "RUNNING",
        "LowFloor": "True",
        "Hour": 7,
        "Minute": 36
      },
      {
        "Time": "2016-03-23T07:37:19",
        "Lat": 52.216,
        "Lon": 21.0054,
        "FirstLine": 17,
        "Lines": "17",
        "Brigade": 38,
        "LineBrigade": "17_38",
        "Status": "RUNNING",
        "LowFloor": "True",
        "Hour": 7,
        "Minute": 37
      },
      {
        "Time": "2016-03-23T07:37:56",
        "Lat": 52.2166,
        "Lon": 21.0053,
        "FirstLine": 17,
        "Lines": "17",
        "Brigade": 38,
        "LineBrigade": "17_38",
        "Status": "RUNNING",
        "LowFloor": "True",
        "Hour": 7,
        "Minute": 37
      },
      {
        "Time": "2016-03-23T07:38:27",
        "Lat": 52.2168,
        "Lon": 21.0053,
        "FirstLine": 17,
        "Lines": "17",
        "Brigade": 38,
        "LineBrigade": "17_38",
        "Status": "RUNNING",
        "LowFloor": "True",
        "Hour": 7,
        "Minute": 38
      },
      {
        "Time": "2016-03-23T07:38:59",
        "Lat": 52.219,
        "Lon": 21.005,
        "FirstLine": 17,
        "Lines": "17",
        "Brigade": 38,
        "LineBrigade": "17_38",
        "Status": "RUNNING",
        "LowFloor": "True",
        "Hour": 7,
        "Minute": 38
      },
      {
        "Time": "2016-03-23T07:39:25",
        "Lat": 52.2196,
        "Lon": 21.005,
        "FirstLine": 17,
        "Lines": "17",
        "Brigade": 38,
        "LineBrigade": "17_38",
        "Status": "RUNNING",
        "LowFloor": "True",
        "Hour": 7,
        "Minute": 39
      },
      {
        "Time": "2016-03-23T07:39:56",
        "Lat": 52.2198,
        "Lon": 21.005,
        "FirstLine": 17,
        "Lines": "17",
        "Brigade": 38,
        "LineBrigade": "17_38",
        "Status": "RUNNING",
        "LowFloor": "True",
        "Hour": 7,
        "Minute": 39
      },
      {
        "Time": "2016-03-23T07:40:28",
        "Lat": 52.22,
        "Lon": 21.005,
        "FirstLine": 17,
        "Lines": "17",
        "Brigade": 38,
        "LineBrigade": "17_38",
        "Status": "RUNNING",
        "LowFloor": "True",
        "Hour": 7,
        "Minute": 40
      },
      {
        "Time": "2016-03-23T07:40:50",
        "Lat": 52.2214,
        "Lon": 21.0049,
        "FirstLine": 17,
        "Lines": "17",
        "Brigade": 38,
        "LineBrigade": "17_38",
        "Status": "RUNNING",
        "LowFloor": "True",
        "Hour": 7,
        "Minute": 40
      },
      {
        "Time": "2016-03-23T07:41:26",
        "Lat": 52.2229,
        "Lon": 21.0048,
        "FirstLine": 17,
        "Lines": "17",
        "Brigade": 38,
        "LineBrigade": "17_38",
        "Status": "RUNNING",
        "LowFloor": "True",
        "Hour": 7,
        "Minute": 41
      },
      {
        "Time": "2016-03-23T07:41:47",
        "Lat": 52.225,
        "Lon": 21.0036,
        "FirstLine": 17,
        "Lines": "17",
        "Brigade": 38,
        "LineBrigade": "17_38",
        "Status": "RUNNING",
        "LowFloor": "True",
        "Hour": 7,
        "Minute": 41
      },
      {
        "Time": "2016-03-23T07:42:29",
        "Lat": 52.2271,
        "Lon": 21.0023,
        "FirstLine": 17,
        "Lines": "17",
        "Brigade": 38,
        "LineBrigade": "17_38",
        "Status": "RUNNING",
        "LowFloor": "True",
        "Hour": 7,
        "Minute": 42
      },
      {
        "Time": "2016-03-23T07:42:34",
        "Lat": 52.2271,
        "Lon": 21.0023,
        "FirstLine": 17,
        "Lines": "17",
        "Brigade": 38,
        "LineBrigade": "17_38",
        "Status": "RUNNING",
        "LowFloor": "True",
        "Hour": 7,
        "Minute": 42
      },
      {
        "Time": "2016-03-23T07:43:58",
        "Lat": 52.2293,
        "Lon": 21.0009,
        "FirstLine": 17,
        "Lines": "17",
        "Brigade": 38,
        "LineBrigade": "17_38",
        "Status": "RUNNING",
        "LowFloor": "True",
        "Hour": 7,
        "Minute": 43
      },
      {
        "Time": "2016-03-23T07:44:30",
        "Lat": 52.2319,
        "Lon": 20.9992,
        "FirstLine": 17,
        "Lines": "17",
        "Brigade": 38,
        "LineBrigade": "17_38",
        "Status": "RUNNING",
        "LowFloor": "True",
        "Hour": 7,
        "Minute": 44
      },
      {
        "Time": "2016-03-23T07:44:55",
        "Lat": 52.2321,
        "Lon": 20.999,
        "FirstLine": 17,
        "Lines": "17",
        "Brigade": 38,
        "LineBrigade": "17_38",
        "Status": "RUNNING",
        "LowFloor": "True",
        "Hour": 7,
        "Minute": 44
      },
      {
        "Time": "2016-03-23T07:45:27",
        "Lat": 52.2329,
        "Lon": 20.9985,
        "FirstLine": 17,
        "Lines": "17",
        "Brigade": 38,
        "LineBrigade": "17_38",
        "Status": "RUNNING",
        "LowFloor": "True",
        "Hour": 7,
        "Minute": 45
      },
      {
        "Time": "2016-03-23T07:45:58",
        "Lat": 52.2338,
        "Lon": 20.9981,
        "FirstLine": 17,
        "Lines": "17",
        "Brigade": 38,
        "LineBrigade": "17_38",
        "Status": "RUNNING",
        "LowFloor": "True",
        "Hour": 7,
        "Minute": 45
      },
      {
        "Time": "2016-03-23T07:46:30",
        "Lat": 52.2349,
        "Lon": 20.9976,
        "FirstLine": 17,
        "Lines": "17",
        "Brigade": 38,
        "LineBrigade": "17_38",
        "Status": "RUNNING",
        "LowFloor": "True",
        "Hour": 7,
        "Minute": 46
      },
      {
        "Time": "2016-03-23T07:46:56",
        "Lat": 52.2355,
        "Lon": 20.9973,
        "FirstLine": 17,
        "Lines": "17",
        "Brigade": 38,
        "LineBrigade": "17_38",
        "Status": "RUNNING",
        "LowFloor": "True",
        "Hour": 7,
        "Minute": 46
      },
      {
        "Time": "2016-03-23T07:47:27",
        "Lat": 52.2355,
        "Lon": 20.9973,
        "FirstLine": 17,
        "Lines": "17",
        "Brigade": 38,
        "LineBrigade": "17_38",
        "Status": "RUNNING",
        "LowFloor": "True",
        "Hour": 7,
        "Minute": 47
      },
      {
        "Time": "2016-03-23T07:47:59",
        "Lat": 52.2382,
        "Lon": 20.9962,
        "FirstLine": 17,
        "Lines": "17",
        "Brigade": 38,
        "LineBrigade": "17_38",
        "Status": "RUNNING",
        "LowFloor": "True",
        "Hour": 7,
        "Minute": 47
      },
      {
        "Time": "2016-03-23T07:48:25",
        "Lat": 52.2387,
        "Lon": 20.996,
        "FirstLine": 17,
        "Lines": "17",
        "Brigade": 38,
        "LineBrigade": "17_38",
        "Status": "RUNNING",
        "LowFloor": "True",
        "Hour": 7,
        "Minute": 48
      },
      {
        "Time": "2016-03-23T07:48:57",
        "Lat": 52.2387,
        "Lon": 20.996,
        "FirstLine": 17,
        "Lines": "17",
        "Brigade": 38,
        "LineBrigade": "17_38",
        "Status": "RUNNING",
        "LowFloor": "True",
        "Hour": 7,
        "Minute": 48
      },
      {
        "Time": "2016-03-23T07:49:28",
        "Lat": 52.2399,
        "Lon": 20.9954,
        "FirstLine": 17,
        "Lines": "17",
        "Brigade": 38,
        "LineBrigade": "17_38",
        "Status": "RUNNING",
        "LowFloor": "True",
        "Hour": 7,
        "Minute": 49
      },
      {
        "Time": "2016-03-23T07:49:59",
        "Lat": 52.2416,
        "Lon": 20.994,
        "FirstLine": 17,
        "Lines": "17",
        "Brigade": 38,
        "LineBrigade": "17_38",
        "Status": "RUNNING",
        "LowFloor": "True",
        "Hour": 7,
        "Minute": 49
      },
      {
        "Time": "2016-03-23T07:50:26",
        "Lat": 52.2416,
        "Lon": 20.994,
        "FirstLine": 17,
        "Lines": "17",
        "Brigade": 38,
        "LineBrigade": "17_38",
        "Status": "RUNNING",
        "LowFloor": "True",
        "Hour": 7,
        "Minute": 50
      },
      {
        "Time": "2016-03-23T07:50:57",
        "Lat": 52.2416,
        "Lon": 20.994,
        "FirstLine": 17,
        "Lines": "17",
        "Brigade": 38,
        "LineBrigade": "17_38",
        "Status": "RUNNING",
        "LowFloor": "True",
        "Hour": 7,
        "Minute": 50
      },
      {
        "Time": "2016-03-23T07:51:29",
        "Lat": 52.2422,
        "Lon": 20.9934,
        "FirstLine": 17,
        "Lines": "17",
        "Brigade": 38,
        "LineBrigade": "17_38",
        "Status": "RUNNING",
        "LowFloor": "True",
        "Hour": 7,
        "Minute": 51
      },
      {
        "Time": "2016-03-23T07:52:00",
        "Lat": 52.2443,
        "Lon": 20.9916,
        "FirstLine": 17,
        "Lines": "17",
        "Brigade": 38,
        "LineBrigade": "17_38",
        "Status": "RUNNING",
        "LowFloor": "True",
        "Hour": 7,
        "Minute": 52
      },
      {
        "Time": "2016-03-23T07:52:27",
        "Lat": 52.2446,
        "Lon": 20.9914,
        "FirstLine": 17,
        "Lines": "17",
        "Brigade": 38,
        "LineBrigade": "17_38",
        "Status": "RUNNING",
        "LowFloor": "True",
        "Hour": 7,
        "Minute": 52
      },
      {
        "Time": "2016-03-23T07:52:47",
        "Lat": 52.2461,
        "Lon": 20.99,
        "FirstLine": 17,
        "Lines": "17",
        "Brigade": 38,
        "LineBrigade": "17_38",
        "Status": "RUNNING",
        "LowFloor": "True",
        "Hour": 7,
        "Minute": 52
      },
      {
        "Time": "2016-03-23T07:53:29",
        "Lat": 52.2472,
        "Lon": 20.989,
        "FirstLine": 17,
        "Lines": "17",
        "Brigade": 38,
        "LineBrigade": "17_38",
        "Status": "RUNNING",
        "LowFloor": "True",
        "Hour": 7,
        "Minute": 53
      },
      {
        "Time": "2016-03-23T07:54:01",
        "Lat": 52.2472,
        "Lon": 20.989,
        "FirstLine": 17,
        "Lines": "17",
        "Brigade": 38,
        "LineBrigade": "17_38",
        "Status": "RUNNING",
        "LowFloor": "True",
        "Hour": 7,
        "Minute": 54
      },
      {
        "Time": "2016-03-23T07:54:27",
        "Lat": 52.2477,
        "Lon": 20.9886,
        "FirstLine": 17,
        "Lines": "17",
        "Brigade": 38,
        "LineBrigade": "17_38",
        "Status": "RUNNING",
        "LowFloor": "True",
        "Hour": 7,
        "Minute": 54
      },
      {
        "Time": "2016-03-23T07:54:58",
        "Lat": 52.2508,
        "Lon": 20.986,
        "FirstLine": 17,
        "Lines": "17",
        "Brigade": 38,
        "LineBrigade": "17_38",
        "Status": "RUNNING",
        "LowFloor": "True",
        "Hour": 7,
        "Minute": 54
      },
      {
        "Time": "2016-03-23T07:55:30",
        "Lat": 52.2508,
        "Lon": 20.986,
        "FirstLine": 17,
        "Lines": "17",
        "Brigade": 38,
        "LineBrigade": "17_38",
        "Status": "RUNNING",
        "LowFloor": "True",
        "Hour": 7,
        "Minute": 55
      },
      {
        "Time": "2016-03-23T07:55:56",
        "Lat": 52.2517,
        "Lon": 20.9853,
        "FirstLine": 17,
        "Lines": "17",
        "Brigade": 38,
        "LineBrigade": "17_38",
        "Status": "RUNNING",
        "LowFloor": "True",
        "Hour": 7,
        "Minute": 55
      },
      {
        "Time": "2016-03-23T07:56:27",
        "Lat": 52.2534,
        "Lon": 20.9837,
        "FirstLine": 17,
        "Lines": "17",
        "Brigade": 38,
        "LineBrigade": "17_38",
        "Status": "RUNNING",
        "LowFloor": "True",
        "Hour": 7,
        "Minute": 56
      },
      {
        "Time": "2016-03-23T07:56:59",
        "Lat": 52.2542,
        "Lon": 20.9831,
        "FirstLine": 17,
        "Lines": "17",
        "Brigade": 38,
        "LineBrigade": "17_38",
        "Status": "RUNNING",
        "LowFloor": "True",
        "Hour": 7,
        "Minute": 56
      },
      {
        "Time": "2016-03-23T07:57:30",
        "Lat": 52.2548,
        "Lon": 20.9825,
        "FirstLine": 17,
        "Lines": "17",
        "Brigade": 38,
        "LineBrigade": "17_38",
        "Status": "RUNNING",
        "LowFloor": "True",
        "Hour": 7,
        "Minute": 57
      },
      {
        "Time": "2016-03-23T07:57:57",
        "Lat": 52.2558,
        "Lon": 20.9821,
        "FirstLine": 17,
        "Lines": "17",
        "Brigade": 38,
        "LineBrigade": "17_38",
        "Status": "RUNNING",
        "LowFloor": "True",
        "Hour": 7,
        "Minute": 57
      },
      {
        "Time": "2016-03-23T07:58:29",
        "Lat": 52.2567,
        "Lon": 20.9817,
        "FirstLine": 17,
        "Lines": "17",
        "Brigade": 38,
        "LineBrigade": "17_38",
        "Status": "RUNNING",
        "LowFloor": "True",
        "Hour": 7,
        "Minute": 58
      },
      {
        "Time": "2016-03-23T07:59:00",
        "Lat": 52.2607,
        "Lon": 20.9808,
        "FirstLine": 17,
        "Lines": "17",
        "Brigade": 38,
        "LineBrigade": "17_38",
        "Status": "RUNNING",
        "LowFloor": "True",
        "Hour": 7,
        "Minute": 59
      },
      {
        "Time": "2016-03-23T07:59:26",
        "Lat": 52.2625,
        "Lon": 20.9798,
        "FirstLine": 17,
        "Lines": "17",
        "Brigade": 38,
        "LineBrigade": "17_38",
        "Status": "RUNNING",
        "LowFloor": "True",
        "Hour": 7,
        "Minute": 59
      },
      {
        "Time": "2016-03-23T07:59:57",
        "Lat": 52.2634,
        "Lon": 20.9792,
        "FirstLine": 17,
        "Lines": "17",
        "Brigade": 38,
        "LineBrigade": "17_38",
        "Status": "RUNNING",
        "LowFloor": "True",
        "Hour": 7,
        "Minute": 59
      },
      {
        "Time": "2016-03-23T08:00:29",
        "Lat": 52.2658,
        "Lon": 20.9776,
        "FirstLine": 17,
        "Lines": "17",
        "Brigade": 38,
        "LineBrigade": "17_38",
        "Status": "RUNNING",
        "LowFloor": "True",
        "Hour": 8,
        "Minute": 0
      },
      {
        "Time": "2016-03-23T08:01:00",
        "Lat": 52.2661,
        "Lon": 20.9774,
        "FirstLine": 17,
        "Lines": "17",
        "Brigade": 38,
        "LineBrigade": "17_38",
        "Status": "RUNNING",
        "LowFloor": "True",
        "Hour": 8,
        "Minute": 1
      },
      {
        "Time": "2016-03-23T08:01:26",
        "Lat": 52.2666,
        "Lon": 20.9771,
        "FirstLine": 17,
        "Lines": "17",
        "Brigade": 38,
        "LineBrigade": "17_38",
        "Status": "RUNNING",
        "LowFloor": "True",
        "Hour": 8,
        "Minute": 1
      },
      {
        "Time": "2016-03-23T08:01:58",
        "Lat": 52.2685,
        "Lon": 20.9758,
        "FirstLine": 17,
        "Lines": "17",
        "Brigade": 38,
        "LineBrigade": "17_38",
        "Status": "RUNNING",
        "LowFloor": "True",
        "Hour": 8,
        "Minute": 1
      },
      {
        "Time": "2016-03-23T08:02:29",
        "Lat": 52.2711,
        "Lon": 20.9741,
        "FirstLine": 17,
        "Lines": "17",
        "Brigade": 38,
        "LineBrigade": "17_38",
        "Status": "RUNNING",
        "LowFloor": "True",
        "Hour": 8,
        "Minute": 2
      },
      {
        "Time": "2016-03-23T08:02:55",
        "Lat": 52.272,
        "Lon": 20.973,
        "FirstLine": 17,
        "Lines": "17",
        "Brigade": 38,
        "LineBrigade": "17_38",
        "Status": "RUNNING",
        "LowFloor": "True",
        "Hour": 8,
        "Minute": 2
      },
      {
        "Time": "2016-03-23T08:03:27",
        "Lat": 52.2722,
        "Lon": 20.9724,
        "FirstLine": 17,
        "Lines": "17",
        "Brigade": 38,
        "LineBrigade": "17_38",
        "Status": "RUNNING",
        "LowFloor": "True",
        "Hour": 8,
        "Minute": 3
      },
      {
        "Time": "2016-03-23T08:03:59",
        "Lat": 52.2727,
        "Lon": 20.9723,
        "FirstLine": 17,
        "Lines": "17",
        "Brigade": 38,
        "LineBrigade": "17_38",
        "Status": "RUNNING",
        "LowFloor": "True",
        "Hour": 8,
        "Minute": 3
      },
      {
        "Time": "2016-03-23T08:04:30",
        "Lat": 52.2727,
        "Lon": 20.9723,
        "FirstLine": 17,
        "Lines": "17",
        "Brigade": 38,
        "LineBrigade": "17_38",
        "Status": "RUNNING",
        "LowFloor": "True",
        "Hour": 8,
        "Minute": 4
      },
      {
        "Time": "2016-03-23T08:04:56",
        "Lat": 52.2727,
        "Lon": 20.9723,
        "FirstLine": 17,
        "Lines": "17",
        "Brigade": 38,
        "LineBrigade": "17_38",
        "Status": "RUNNING",
        "LowFloor": "True",
        "Hour": 8,
        "Minute": 4
      },
      {
        "Time": "2016-03-23T08:05:28",
        "Lat": 52.2727,
        "Lon": 20.9723,
        "FirstLine": 17,
        "Lines": "17",
        "Brigade": 38,
        "LineBrigade": "17_38",
        "Status": "RUNNING",
        "LowFloor": "True",
        "Hour": 8,
        "Minute": 5
      },
      {
        "Time": "2016-03-23T08:05:59",
        "Lat": 52.2727,
        "Lon": 20.9723,
        "FirstLine": 17,
        "Lines": "17",
        "Brigade": 38,
        "LineBrigade": "17_38",
        "Status": "RUNNING",
        "LowFloor": "True",
        "Hour": 8,
        "Minute": 5
      },
      {
        "Time": "2016-03-23T08:06:20",
        "Lat": 52.2727,
        "Lon": 20.9723,
        "FirstLine": 17,
        "Lines": "17",
        "Brigade": 38,
        "LineBrigade": "17_38",
        "Status": "RUNNING",
        "LowFloor": "True",
        "Hour": 8,
        "Minute": 6
      },
      {
        "Time": "2016-03-23T08:06:57",
        "Lat": 52.2727,
        "Lon": 20.9723,
        "FirstLine": 17,
        "Lines": "17",
        "Brigade": 38,
        "LineBrigade": "17_38",
        "Status": "RUNNING",
        "LowFloor": "True",
        "Hour": 8,
        "Minute": 6
      },
      {
        "Time": "2016-03-23T08:07:28",
        "Lat": 52.2727,
        "Lon": 20.9723,
        "FirstLine": 17,
        "Lines": "17",
        "Brigade": 38,
        "LineBrigade": "17_38",
        "Status": "RUNNING",
        "LowFloor": "True",
        "Hour": 8,
        "Minute": 7
      },
      {
        "Time": "2016-03-23T08:08:00",
        "Lat": 52.2727,
        "Lon": 20.9723,
        "FirstLine": 17,
        "Lines": "17",
        "Brigade": 38,
        "LineBrigade": "17_38",
        "Status": "RUNNING",
        "LowFloor": "True",
        "Hour": 8,
        "Minute": 8
      },
      {
        "Time": "2016-03-23T08:08:26",
        "Lat": 52.2727,
        "Lon": 20.9723,
        "FirstLine": 17,
        "Lines": "17",
        "Brigade": 38,
        "LineBrigade": "17_38",
        "Status": "RUNNING",
        "LowFloor": "True",
        "Hour": 8,
        "Minute": 8
      },
      {
        "Time": "2016-03-23T08:08:57",
        "Lat": 52.2727,
        "Lon": 20.9723,
        "FirstLine": 17,
        "Lines": "17",
        "Brigade": 38,
        "LineBrigade": "17_38",
        "Status": "RUNNING",
        "LowFloor": "True",
        "Hour": 8,
        "Minute": 8
      },
      {
        "Time": "2016-03-23T08:09:29",
        "Lat": 52.2727,
        "Lon": 20.9723,
        "FirstLine": 17,
        "Lines": "17",
        "Brigade": 38,
        "LineBrigade": "17_38",
        "Status": "RUNNING",
        "LowFloor": "True",
        "Hour": 8,
        "Minute": 9
      },
      {
        "Time": "2016-03-23T08:10:00",
        "Lat": 52.2727,
        "Lon": 20.9723,
        "FirstLine": 17,
        "Lines": "17",
        "Brigade": 38,
        "LineBrigade": "17_38",
        "Status": "RUNNING",
        "LowFloor": "True",
        "Hour": 8,
        "Minute": 10
      },
      {
        "Time": "2016-03-23T08:10:26",
        "Lat": 52.2728,
        "Lon": 20.9718,
        "FirstLine": 17,
        "Lines": "17",
        "Brigade": 38,
        "LineBrigade": "17_38",
        "Status": "RUNNING",
        "LowFloor": "True",
        "Hour": 8,
        "Minute": 10
      },
      {
        "Time": "2016-03-23T08:10:58",
        "Lat": 52.2728,
        "Lon": 20.9718,
        "FirstLine": 17,
        "Lines": "17",
        "Brigade": 38,
        "LineBrigade": "17_38",
        "Status": "RUNNING",
        "LowFloor": "True",
        "Hour": 8,
        "Minute": 10
      },
      {
        "Time": "2016-03-23T08:11:30",
        "Lat": 52.2728,
        "Lon": 20.9718,
        "FirstLine": 17,
        "Lines": "17",
        "Brigade": 38,
        "LineBrigade": "17_38",
        "Status": "RUNNING",
        "LowFloor": "True",
        "Hour": 8,
        "Minute": 11
      },
      {
        "Time": "2016-03-23T08:11:56",
        "Lat": 52.2728,
        "Lon": 20.9718,
        "FirstLine": 17,
        "Lines": "17",
        "Brigade": 38,
        "LineBrigade": "17_38",
        "Status": "RUNNING",
        "LowFloor": "True",
        "Hour": 8,
        "Minute": 11
      },
      {
        "Time": "2016-03-23T08:12:22",
        "Lat": 52.2728,
        "Lon": 20.9718,
        "FirstLine": 17,
        "Lines": "17",
        "Brigade": 38,
        "LineBrigade": "17_38",
        "Status": "RUNNING",
        "LowFloor": "True",
        "Hour": 8,
        "Minute": 12
      },
      {
        "Time": "2016-03-23T08:12:58",
        "Lat": 52.2728,
        "Lon": 20.9718,
        "FirstLine": 17,
        "Lines": "17",
        "Brigade": 38,
        "LineBrigade": "17_38",
        "Status": "RUNNING",
        "LowFloor": "True",
        "Hour": 8,
        "Minute": 12
      },
      {
        "Time": "2016-03-23T08:13:30",
        "Lat": 52.2728,
        "Lon": 20.9718,
        "FirstLine": 17,
        "Lines": "17",
        "Brigade": 38,
        "LineBrigade": "17_38",
        "Status": "RUNNING",
        "LowFloor": "True",
        "Hour": 8,
        "Minute": 13
      },
      {
        "Time": "2016-03-23T08:13:56",
        "Lat": 52.2728,
        "Lon": 20.9718,
        "FirstLine": 17,
        "Lines": "17",
        "Brigade": 38,
        "LineBrigade": "17_38",
        "Status": "RUNNING",
        "LowFloor": "True",
        "Hour": 8,
        "Minute": 13
      },
      {
        "Time": "2016-03-23T08:14:28",
        "Lat": 52.2728,
        "Lon": 20.9718,
        "FirstLine": 17,
        "Lines": "17",
        "Brigade": 38,
        "LineBrigade": "17_38",
        "Status": "RUNNING",
        "LowFloor": "True",
        "Hour": 8,
        "Minute": 14
      },
      {
        "Time": "2016-03-23T08:14:59",
        "Lat": 52.2728,
        "Lon": 20.9718,
        "FirstLine": 17,
        "Lines": "17",
        "Brigade": 38,
        "LineBrigade": "17_38",
        "Status": "RUNNING",
        "LowFloor": "True",
        "Hour": 8,
        "Minute": 14
      },
      {
        "Time": "2016-03-23T08:15:25",
        "Lat": 52.2728,
        "Lon": 20.9718,
        "FirstLine": 17,
        "Lines": "17",
        "Brigade": 38,
        "LineBrigade": "17_38",
        "Status": "RUNNING",
        "LowFloor": "True",
        "Hour": 8,
        "Minute": 15
      },
      {
        "Time": "2016-03-23T08:15:57",
        "Lat": 52.2728,
        "Lon": 20.9718,
        "FirstLine": 17,
        "Lines": "17",
        "Brigade": 38,
        "LineBrigade": "17_38",
        "Status": "RUNNING",
        "LowFloor": "True",
        "Hour": 8,
        "Minute": 15
      },
      {
        "Time": "2016-03-23T08:16:28",
        "Lat": 52.2728,
        "Lon": 20.9718,
        "FirstLine": 17,
        "Lines": "17",
        "Brigade": 38,
        "LineBrigade": "17_38",
        "Status": "RUNNING",
        "LowFloor": "True",
        "Hour": 8,
        "Minute": 16
      },
      {
        "Time": "2016-03-23T08:17:00",
        "Lat": 52.2728,
        "Lon": 20.9718,
        "FirstLine": 17,
        "Lines": "17",
        "Brigade": 38,
        "LineBrigade": "17_38",
        "Status": "RUNNING",
        "LowFloor": "True",
        "Hour": 8,
        "Minute": 17
      },
      {
        "Time": "2016-03-23T08:17:26",
        "Lat": 52.2728,
        "Lon": 20.9718,
        "FirstLine": 17,
        "Lines": "17",
        "Brigade": 38,
        "LineBrigade": "17_38",
        "Status": "RUNNING",
        "LowFloor": "True",
        "Hour": 8,
        "Minute": 17
      },
      {
        "Time": "2016-03-23T08:17:57",
        "Lat": 52.2728,
        "Lon": 20.9718,
        "FirstLine": 17,
        "Lines": "17",
        "Brigade": 38,
        "LineBrigade": "17_38",
        "Status": "RUNNING",
        "LowFloor": "True",
        "Hour": 8,
        "Minute": 17
      },
      {
        "Time": "2016-03-23T08:18:29",
        "Lat": 52.2723,
        "Lon": 20.9716,
        "FirstLine": 17,
        "Lines": "17",
        "Brigade": 38,
        "LineBrigade": "17_38",
        "Status": "RUNNING",
        "LowFloor": "True",
        "Hour": 8,
        "Minute": 18
      },
      {
        "Time": "2016-03-23T08:19:01",
        "Lat": 52.2718,
        "Lon": 20.9733,
        "FirstLine": 17,
        "Lines": "17",
        "Brigade": 38,
        "LineBrigade": "17_38",
        "Status": "RUNNING",
        "LowFloor": "True",
        "Hour": 8,
        "Minute": 19
      },
      {
        "Time": "2016-03-23T08:19:27",
        "Lat": 52.2718,
        "Lon": 20.9733,
        "FirstLine": 17,
        "Lines": "17",
        "Brigade": 38,
        "LineBrigade": "17_38",
        "Status": "RUNNING",
        "LowFloor": "True",
        "Hour": 8,
        "Minute": 19
      },
      {
        "Time": "2016-03-23T08:19:58",
        "Lat": 52.2704,
        "Lon": 20.9744,
        "FirstLine": 17,
        "Lines": "17",
        "Brigade": 38,
        "LineBrigade": "17_38",
        "Status": "RUNNING",
        "LowFloor": "True",
        "Hour": 8,
        "Minute": 19
      },
      {
        "Time": "2016-03-23T08:20:29",
        "Lat": 52.2677,
        "Lon": 20.9762,
        "FirstLine": 17,
        "Lines": "17",
        "Brigade": 38,
        "LineBrigade": "17_38",
        "Status": "RUNNING",
        "LowFloor": "True",
        "Hour": 8,
        "Minute": 20
      },
      {
        "Time": "2016-03-23T08:20:56",
        "Lat": 52.2667,
        "Lon": 20.9769,
        "FirstLine": 17,
        "Lines": "17",
        "Brigade": 38,
        "LineBrigade": "17_38",
        "Status": "RUNNING",
        "LowFloor": "True",
        "Hour": 8,
        "Minute": 20
      },
      {
        "Time": "2016-03-23T08:21:22",
        "Lat": 52.2667,
        "Lon": 20.9769,
        "FirstLine": 17,
        "Lines": "17",
        "Brigade": 38,
        "LineBrigade": "17_38",
        "Status": "RUNNING",
        "LowFloor": "True",
        "Hour": 8,
        "Minute": 21
      },
      {
        "Time": "2016-03-23T08:21:59",
        "Lat": 52.2665,
        "Lon": 20.977,
        "FirstLine": 17,
        "Lines": "17",
        "Brigade": 38,
        "LineBrigade": "17_38",
        "Status": "RUNNING",
        "LowFloor": "True",
        "Hour": 8,
        "Minute": 21
      },
      {
        "Time": "2016-03-23T08:22:25",
        "Lat": 52.2637,
        "Lon": 20.9789,
        "FirstLine": 17,
        "Lines": "17",
        "Brigade": 38,
        "LineBrigade": "17_38",
        "Status": "RUNNING",
        "LowFloor": "True",
        "Hour": 8,
        "Minute": 22
      },
      {
        "Time": "2016-03-23T08:22:56",
        "Lat": 52.2628,
        "Lon": 20.9795,
        "FirstLine": 17,
        "Lines": "17",
        "Brigade": 38,
        "LineBrigade": "17_38",
        "Status": "RUNNING",
        "LowFloor": "True",
        "Hour": 8,
        "Minute": 22
      },
      {
        "Time": "2016-03-23T08:23:28",
        "Lat": 52.2628,
        "Lon": 20.9795,
        "FirstLine": 17,
        "Lines": "17",
        "Brigade": 38,
        "LineBrigade": "17_38",
        "Status": "RUNNING",
        "LowFloor": "True",
        "Hour": 8,
        "Minute": 23
      },
      {
        "Time": "2016-03-23T08:23:59",
        "Lat": 52.2611,
        "Lon": 20.9806,
        "FirstLine": 17,
        "Lines": "17",
        "Brigade": 38,
        "LineBrigade": "17_38",
        "Status": "RUNNING",
        "LowFloor": "True",
        "Hour": 8,
        "Minute": 23
      },
      {
        "Time": "2016-03-23T08:24:26",
        "Lat": 52.258,
        "Lon": 20.9813,
        "FirstLine": 17,
        "Lines": "17",
        "Brigade": 38,
        "LineBrigade": "17_38",
        "Status": "RUNNING",
        "LowFloor": "True",
        "Hour": 8,
        "Minute": 24
      },
      {
        "Time": "2016-03-23T08:24:57",
        "Lat": 52.2566,
        "Lon": 20.9817,
        "FirstLine": 17,
        "Lines": "17",
        "Brigade": 38,
        "LineBrigade": "17_38",
        "Status": "RUNNING",
        "LowFloor": "True",
        "Hour": 8,
        "Minute": 24
      },
      {
        "Time": "2016-03-23T08:25:28",
        "Lat": 52.2563,
        "Lon": 20.9818,
        "FirstLine": 17,
        "Lines": "17",
        "Brigade": 38,
        "LineBrigade": "17_38",
        "Status": "RUNNING",
        "LowFloor": "True",
        "Hour": 8,
        "Minute": 25
      },
      {
        "Time": "2016-03-23T08:26:00",
        "Lat": 52.2563,
        "Lon": 20.9818,
        "FirstLine": 17,
        "Lines": "17",
        "Brigade": 38,
        "LineBrigade": "17_38",
        "Status": "RUNNING",
        "LowFloor": "True",
        "Hour": 8,
        "Minute": 26
      },
      {
        "Time": "2016-03-23T08:26:26",
        "Lat": 52.256,
        "Lon": 20.9819,
        "FirstLine": 17,
        "Lines": "17",
        "Brigade": 38,
        "LineBrigade": "17_38",
        "Status": "RUNNING",
        "LowFloor": "True",
        "Hour": 8,
        "Minute": 26
      },
      {
        "Time": "2016-03-23T08:26:58",
        "Lat": 52.256,
        "Lon": 20.9819,
        "FirstLine": 17,
        "Lines": "17",
        "Brigade": 38,
        "LineBrigade": "17_38",
        "Status": "RUNNING",
        "LowFloor": "True",
        "Hour": 8,
        "Minute": 26
      },
      {
        "Time": "2016-03-23T08:27:29",
        "Lat": 52.2557,
        "Lon": 20.982,
        "FirstLine": 17,
        "Lines": "17",
        "Brigade": 38,
        "LineBrigade": "17_38",
        "Status": "RUNNING",
        "LowFloor": "True",
        "Hour": 8,
        "Minute": 27
      },
      {
        "Time": "2016-03-23T08:27:55",
        "Lat": 52.2557,
        "Lon": 20.982,
        "FirstLine": 17,
        "Lines": "17",
        "Brigade": 38,
        "LineBrigade": "17_38",
        "Status": "RUNNING",
        "LowFloor": "True",
        "Hour": 8,
        "Minute": 27
      },
      {
        "Time": "2016-03-23T08:28:27",
        "Lat": 52.2557,
        "Lon": 20.982,
        "FirstLine": 17,
        "Lines": "17",
        "Brigade": 38,
        "LineBrigade": "17_38",
        "Status": "RUNNING",
        "LowFloor": "True",
        "Hour": 8,
        "Minute": 28
      },
      {
        "Time": "2016-03-23T08:28:58",
        "Lat": 52.2547,
        "Lon": 20.9825,
        "FirstLine": 17,
        "Lines": "17",
        "Brigade": 38,
        "LineBrigade": "17_38",
        "Status": "RUNNING",
        "LowFloor": "True",
        "Hour": 8,
        "Minute": 28
      },
      {
        "Time": "2016-03-23T08:29:30",
        "Lat": 52.254,
        "Lon": 20.9831,
        "FirstLine": 17,
        "Lines": "17",
        "Brigade": 38,
        "LineBrigade": "17_38",
        "Status": "RUNNING",
        "LowFloor": "True",
        "Hour": 8,
        "Minute": 29
      },
      {
        "Time": "2016-03-23T08:29:56",
        "Lat": 52.2539,
        "Lon": 20.9831,
        "FirstLine": 17,
        "Lines": "17",
        "Brigade": 38,
        "LineBrigade": "17_38",
        "Status": "RUNNING",
        "LowFloor": "True",
        "Hour": 8,
        "Minute": 29
      },
      {
        "Time": "2016-03-23T08:30:27",
        "Lat": 52.2537,
        "Lon": 20.9834,
        "FirstLine": 17,
        "Lines": "17",
        "Brigade": 38,
        "LineBrigade": "17_38",
        "Status": "RUNNING",
        "LowFloor": "True",
        "Hour": 8,
        "Minute": 30
      },
      {
        "Time": "2016-03-23T08:30:59",
        "Lat": 52.2524,
        "Lon": 20.9844,
        "FirstLine": 17,
        "Lines": "17",
        "Brigade": 38,
        "LineBrigade": "17_38",
        "Status": "RUNNING",
        "LowFloor": "True",
        "Hour": 8,
        "Minute": 30
      },
      {
        "Time": "2016-03-23T08:31:30",
        "Lat": 52.2515,
        "Lon": 20.9852,
        "FirstLine": 17,
        "Lines": "17",
        "Brigade": 38,
        "LineBrigade": "17_38",
        "Status": "RUNNING",
        "LowFloor": "True",
        "Hour": 8,
        "Minute": 31
      },
      {
        "Time": "2016-03-23T08:31:56",
        "Lat": 52.2515,
        "Lon": 20.9852,
        "FirstLine": 17,
        "Lines": "17",
        "Brigade": 38,
        "LineBrigade": "17_38",
        "Status": "RUNNING",
        "LowFloor": "True",
        "Hour": 8,
        "Minute": 31
      },
      {
        "Time": "2016-03-23T08:32:28",
        "Lat": 52.2513,
        "Lon": 20.9854,
        "FirstLine": 17,
        "Lines": "17",
        "Brigade": 38,
        "LineBrigade": "17_38",
        "Status": "RUNNING",
        "LowFloor": "True",
        "Hour": 8,
        "Minute": 32
      },
      {
        "Time": "2016-03-23T08:32:59",
        "Lat": 52.2513,
        "Lon": 20.9854,
        "FirstLine": 17,
        "Lines": "17",
        "Brigade": 38,
        "LineBrigade": "17_38",
        "Status": "RUNNING",
        "LowFloor": "True",
        "Hour": 8,
        "Minute": 32
      },
      {
        "Time": "2016-03-23T08:33:26",
        "Lat": 52.2503,
        "Lon": 20.9863,
        "FirstLine": 17,
        "Lines": "17",
        "Brigade": 38,
        "LineBrigade": "17_38",
        "Status": "RUNNING",
        "LowFloor": "True",
        "Hour": 8,
        "Minute": 33
      },
      {
        "Time": "2016-03-23T08:33:57",
        "Lat": 52.2476,
        "Lon": 20.9886,
        "FirstLine": 17,
        "Lines": "17",
        "Brigade": 38,
        "LineBrigade": "17_38",
        "Status": "RUNNING",
        "LowFloor": "True",
        "Hour": 8,
        "Minute": 33
      },
      {
        "Time": "2016-03-23T08:34:29",
        "Lat": 52.2464,
        "Lon": 20.9897,
        "FirstLine": 17,
        "Lines": "17",
        "Brigade": 38,
        "LineBrigade": "17_38",
        "Status": "RUNNING",
        "LowFloor": "True",
        "Hour": 8,
        "Minute": 34
      },
      {
        "Time": "2016-03-23T08:35:00",
        "Lat": 52.2439,
        "Lon": 20.9918,
        "FirstLine": 17,
        "Lines": "17",
        "Brigade": 38,
        "LineBrigade": "17_38",
        "Status": "RUNNING",
        "LowFloor": "True",
        "Hour": 8,
        "Minute": 35
      },
      {
        "Time": "2016-03-23T08:35:26",
        "Lat": 52.2429,
        "Lon": 20.9927,
        "FirstLine": 17,
        "Lines": "17",
        "Brigade": 38,
        "LineBrigade": "17_38",
        "Status": "RUNNING",
        "LowFloor": "True",
        "Hour": 8,
        "Minute": 35
      },
      {
        "Time": "2016-03-23T08:35:58",
        "Lat": 52.2422,
        "Lon": 20.9933,
        "FirstLine": 17,
        "Lines": "17",
        "Brigade": 38,
        "LineBrigade": "17_38",
        "Status": "RUNNING",
        "LowFloor": "True",
        "Hour": 8,
        "Minute": 35
      },
      {
        "Time": "2016-03-23T08:36:29",
        "Lat": 52.2422,
        "Lon": 20.9933,
        "FirstLine": 17,
        "Lines": "17",
        "Brigade": 38,
        "LineBrigade": "17_38",
        "Status": "RUNNING",
        "LowFloor": "True",
        "Hour": 8,
        "Minute": 36
      },
      {
        "Time": "2016-03-23T08:37:01",
        "Lat": 52.2422,
        "Lon": 20.9933,
        "FirstLine": 17,
        "Lines": "17",
        "Brigade": 38,
        "LineBrigade": "17_38",
        "Status": "RUNNING",
        "LowFloor": "True",
        "Hour": 8,
        "Minute": 37
      },
      {
        "Time": "2016-03-23T08:37:27",
        "Lat": 52.2417,
        "Lon": 20.9937,
        "FirstLine": 17,
        "Lines": "17",
        "Brigade": 38,
        "LineBrigade": "17_38",
        "Status": "RUNNING",
        "LowFloor": "True",
        "Hour": 8,
        "Minute": 37
      },
      {
        "Time": "2016-03-23T08:37:58",
        "Lat": 52.2397,
        "Lon": 20.9955,
        "FirstLine": 17,
        "Lines": "17",
        "Brigade": 38,
        "LineBrigade": "17_38",
        "Status": "RUNNING",
        "LowFloor": "True",
        "Hour": 8,
        "Minute": 37
      },
      {
        "Time": "2016-03-23T08:38:30",
        "Lat": 52.2397,
        "Lon": 20.9955,
        "FirstLine": 17,
        "Lines": "17",
        "Brigade": 38,
        "LineBrigade": "17_38",
        "Status": "RUNNING",
        "LowFloor": "True",
        "Hour": 8,
        "Minute": 38
      },
      {
        "Time": "2016-03-23T08:38:35",
        "Lat": 52.2394,
        "Lon": 20.9957,
        "FirstLine": 17,
        "Lines": "17",
        "Brigade": 38,
        "LineBrigade": "17_38",
        "Status": "RUNNING",
        "LowFloor": "True",
        "Hour": 8,
        "Minute": 38
      },
      {
        "Time": "2016-03-23T08:39:27",
        "Lat": 52.236,
        "Lon": 20.9971,
        "FirstLine": 17,
        "Lines": "17",
        "Brigade": 38,
        "LineBrigade": "17_38",
        "Status": "RUNNING",
        "LowFloor": "True",
        "Hour": 8,
        "Minute": 39
      },
      {
        "Time": "2016-03-23T08:39:59",
        "Lat": 52.2336,
        "Lon": 20.9981,
        "FirstLine": 17,
        "Lines": "17",
        "Brigade": 38,
        "LineBrigade": "17_38",
        "Status": "RUNNING",
        "LowFloor": "True",
        "Hour": 8,
        "Minute": 39
      },
      {
        "Time": "2016-03-23T08:40:30",
        "Lat": 52.2336,
        "Lon": 20.9981,
        "FirstLine": 17,
        "Lines": "17",
        "Brigade": 38,
        "LineBrigade": "17_38",
        "Status": "RUNNING",
        "LowFloor": "True",
        "Hour": 8,
        "Minute": 40
      },
      {
        "Time": "2016-03-23T08:40:57",
        "Lat": 52.2336,
        "Lon": 20.9981,
        "FirstLine": 17,
        "Lines": "17",
        "Brigade": 38,
        "LineBrigade": "17_38",
        "Status": "RUNNING",
        "LowFloor": "True",
        "Hour": 8,
        "Minute": 40
      },
      {
        "Time": "2016-03-23T08:41:28",
        "Lat": 52.233,
        "Lon": 20.9984,
        "FirstLine": 17,
        "Lines": "17",
        "Brigade": 38,
        "LineBrigade": "17_38",
        "Status": "RUNNING",
        "LowFloor": "True",
        "Hour": 8,
        "Minute": 41
      },
      {
        "Time": "2016-03-23T08:42:00",
        "Lat": 52.2322,
        "Lon": 20.999,
        "FirstLine": 17,
        "Lines": "17",
        "Brigade": 38,
        "LineBrigade": "17_38",
        "Status": "RUNNING",
        "LowFloor": "True",
        "Hour": 8,
        "Minute": 42
      },
      {
        "Time": "2016-03-23T08:42:26",
        "Lat": 52.2314,
        "Lon": 20.9995,
        "FirstLine": 17,
        "Lines": "17",
        "Brigade": 38,
        "LineBrigade": "17_38",
        "Status": "RUNNING",
        "LowFloor": "True",
        "Hour": 8,
        "Minute": 42
      },
      {
        "Time": "2016-03-23T08:42:57",
        "Lat": 52.2283,
        "Lon": 21.0015,
        "FirstLine": 17,
        "Lines": "17",
        "Brigade": 38,
        "LineBrigade": "17_38",
        "Status": "RUNNING",
        "LowFloor": "True",
        "Hour": 8,
        "Minute": 42
      },
      {
        "Time": "2016-03-23T08:43:29",
        "Lat": 52.2283,
        "Lon": 21.0016,
        "FirstLine": 17,
        "Lines": "17",
        "Brigade": 38,
        "LineBrigade": "17_38",
        "Status": "RUNNING",
        "LowFloor": "True",
        "Hour": 8,
        "Minute": 43
      },
      {
        "Time": "2016-03-23T08:44:00",
        "Lat": 52.2257,
        "Lon": 21.0032,
        "FirstLine": 17,
        "Lines": "17",
        "Brigade": 38,
        "LineBrigade": "17_38",
        "Status": "RUNNING",
        "LowFloor": "True",
        "Hour": 8,
        "Minute": 44
      },
      {
        "Time": "2016-03-23T08:44:27",
        "Lat": 52.2235,
        "Lon": 21.0045,
        "FirstLine": 17,
        "Lines": "17",
        "Brigade": 38,
        "LineBrigade": "17_38",
        "Status": "RUNNING",
        "LowFloor": "True",
        "Hour": 8,
        "Minute": 44
      },
      {
        "Time": "2016-03-23T08:44:58",
        "Lat": 52.2235,
        "Lon": 21.0045,
        "FirstLine": 17,
        "Lines": "17",
        "Brigade": 38,
        "LineBrigade": "17_38",
        "Status": "RUNNING",
        "LowFloor": "True",
        "Hour": 8,
        "Minute": 44
      },
      {
        "Time": "2016-03-23T08:45:29",
        "Lat": 52.2235,
        "Lon": 21.0045,
        "FirstLine": 17,
        "Lines": "17",
        "Brigade": 38,
        "LineBrigade": "17_38",
        "Status": "RUNNING",
        "LowFloor": "True",
        "Hour": 8,
        "Minute": 45
      },
      {
        "Time": "2016-03-23T08:45:46",
        "Lat": 52.2233,
        "Lon": 21.0046,
        "FirstLine": 17,
        "Lines": "17",
        "Brigade": 38,
        "LineBrigade": "17_38",
        "Status": "RUNNING",
        "LowFloor": "True",
        "Hour": 8,
        "Minute": 45
      },
      {
        "Time": "2016-03-23T08:46:27",
        "Lat": 52.2208,
        "Lon": 21.0049,
        "FirstLine": 17,
        "Lines": "17",
        "Brigade": 38,
        "LineBrigade": "17_38",
        "Status": "RUNNING",
        "LowFloor": "True",
        "Hour": 8,
        "Minute": 46
      },
      {
        "Time": "2016-03-23T08:46:58",
        "Lat": 52.22,
        "Lon": 21.0049,
        "FirstLine": 17,
        "Lines": "17",
        "Brigade": 38,
        "LineBrigade": "17_38",
        "Status": "RUNNING",
        "LowFloor": "True",
        "Hour": 8,
        "Minute": 46
      },
      {
        "Time": "2016-03-23T08:47:30",
        "Lat": 52.218,
        "Lon": 21.005,
        "FirstLine": 17,
        "Lines": "17",
        "Brigade": 38,
        "LineBrigade": "17_38",
        "Status": "RUNNING",
        "LowFloor": "True",
        "Hour": 8,
        "Minute": 47
      },
      {
        "Time": "2016-03-23T08:47:56",
        "Lat": 52.2178,
        "Lon": 21.005,
        "FirstLine": 17,
        "Lines": "17",
        "Brigade": 38,
        "LineBrigade": "17_38",
        "Status": "RUNNING",
        "LowFloor": "True",
        "Hour": 8,
        "Minute": 47
      },
      {
        "Time": "2016-03-23T08:48:28",
        "Lat": 52.2171,
        "Lon": 21.0051,
        "FirstLine": 17,
        "Lines": "17",
        "Brigade": 38,
        "LineBrigade": "17_38",
        "Status": "RUNNING",
        "LowFloor": "True",
        "Hour": 8,
        "Minute": 48
      },
      {
        "Time": "2016-03-23T08:48:59",
        "Lat": 52.2164,
        "Lon": 21.0052,
        "FirstLine": 17,
        "Lines": "17",
        "Brigade": 38,
        "LineBrigade": "17_38",
        "Status": "RUNNING",
        "LowFloor": "True",
        "Hour": 8,
        "Minute": 48
      },
      {
        "Time": "2016-03-23T08:49:25",
        "Lat": 52.2145,
        "Lon": 21.0058,
        "FirstLine": 17,
        "Lines": "17",
        "Brigade": 38,
        "LineBrigade": "17_38",
        "Status": "RUNNING",
        "LowFloor": "True",
        "Hour": 8,
        "Minute": 49
      },
      {
        "Time": "2016-03-23T08:49:57",
        "Lat": 52.2134,
        "Lon": 21.0061,
        "FirstLine": 17,
        "Lines": "17",
        "Brigade": 38,
        "LineBrigade": "17_38",
        "Status": "RUNNING",
        "LowFloor": "True",
        "Hour": 8,
        "Minute": 49
      },
      {
        "Time": "2016-03-23T08:50:28",
        "Lat": 52.2105,
        "Lon": 21.007,
        "FirstLine": 17,
        "Lines": "17",
        "Brigade": 38,
        "LineBrigade": "17_38",
        "Status": "RUNNING",
        "LowFloor": "True",
        "Hour": 8,
        "Minute": 50
      },
      {
        "Time": "2016-03-23T08:51:00",
        "Lat": 52.2086,
        "Lon": 21.0078,
        "FirstLine": 17,
        "Lines": "17",
        "Brigade": 38,
        "LineBrigade": "17_38",
        "Status": "RUNNING",
        "LowFloor": "True",
        "Hour": 8,
        "Minute": 51
      },
      {
        "Time": "2016-03-23T08:51:26",
        "Lat": 52.2084,
        "Lon": 21.0078,
        "FirstLine": 17,
        "Lines": "17",
        "Brigade": 38,
        "LineBrigade": "17_38",
        "Status": "RUNNING",
        "LowFloor": "True",
        "Hour": 8,
        "Minute": 51
      },
      {
        "Time": "2016-03-23T08:51:57",
        "Lat": 52.2079,
        "Lon": 21.008,
        "FirstLine": 17,
        "Lines": "17",
        "Brigade": 38,
        "LineBrigade": "17_38",
        "Status": "RUNNING",
        "LowFloor": "True",
        "Hour": 8,
        "Minute": 51
      },
      {
        "Time": "2016-03-23T08:52:29",
        "Lat": 52.2079,
        "Lon": 21.008,
        "FirstLine": 17,
        "Lines": "17",
        "Brigade": 38,
        "LineBrigade": "17_38",
        "Status": "RUNNING",
        "LowFloor": "True",
        "Hour": 8,
        "Minute": 52
      },
      {
        "Time": "2016-03-23T08:53:00",
        "Lat": 52.2072,
        "Lon": 21.006,
        "FirstLine": 17,
        "Lines": "17",
        "Brigade": 38,
        "LineBrigade": "17_38",
        "Status": "RUNNING",
        "LowFloor": "True",
        "Hour": 8,
        "Minute": 53
      },
      {
        "Time": "2016-03-23T08:53:27",
        "Lat": 52.2068,
        "Lon": 21.0036,
        "FirstLine": 17,
        "Lines": "17",
        "Brigade": 38,
        "LineBrigade": "17_38",
        "Status": "RUNNING",
        "LowFloor": "True",
        "Hour": 8,
        "Minute": 53
      },
      {
        "Time": "2016-03-23T08:54:00",
        "Lat": 52.2067,
        "Lon": 21.0027,
        "FirstLine": 17,
        "Lines": "17",
        "Brigade": 38,
        "LineBrigade": "17_38",
        "Status": "RUNNING",
        "LowFloor": "True",
        "Hour": 8,
        "Minute": 54
      },
      {
        "Time": "2016-03-23T08:54:29",
        "Lat": 52.2061,
        "Lon": 20.9996,
        "FirstLine": 17,
        "Lines": "17",
        "Brigade": 38,
        "LineBrigade": "17_38",
        "Status": "RUNNING",
        "LowFloor": "True",
        "Hour": 8,
        "Minute": 54
      },
      {
        "Time": "2016-03-23T08:54:56",
        "Lat": 52.2061,
        "Lon": 20.9996,
        "FirstLine": 17,
        "Lines": "17",
        "Brigade": 38,
        "LineBrigade": "17_38",
        "Status": "RUNNING",
        "LowFloor": "True",
        "Hour": 8,
        "Minute": 54
      },
      {
        "Time": "2016-03-23T08:55:27",
        "Lat": 52.2051,
        "Lon": 20.9994,
        "FirstLine": 17,
        "Lines": "17",
        "Brigade": 38,
        "LineBrigade": "17_38",
        "Status": "RUNNING",
        "LowFloor": "True",
        "Hour": 8,
        "Minute": 55
      },
      {
        "Time": "2016-03-23T08:55:59",
        "Lat": 52.203,
        "Lon": 21,
        "FirstLine": 17,
        "Lines": "17",
        "Brigade": 38,
        "LineBrigade": "17_38",
        "Status": "RUNNING",
        "LowFloor": "True",
        "Hour": 8,
        "Minute": 55
      },
      {
        "Time": "2016-03-23T08:56:25",
        "Lat": 52.2018,
        "Lon": 21.0004,
        "FirstLine": 17,
        "Lines": "17",
        "Brigade": 38,
        "LineBrigade": "17_38",
        "Status": "RUNNING",
        "LowFloor": "True",
        "Hour": 8,
        "Minute": 56
      },
      {
        "Time": "2016-03-23T08:56:56",
        "Lat": 52.2018,
        "Lon": 21.0004,
        "FirstLine": 17,
        "Lines": "17",
        "Brigade": 38,
        "LineBrigade": "17_38",
        "Status": "RUNNING",
        "LowFloor": "True",
        "Hour": 8,
        "Minute": 56
      },
      {
        "Time": "2016-03-23T08:57:28",
        "Lat": 52.1997,
        "Lon": 21.001,
        "FirstLine": 17,
        "Lines": "17",
        "Brigade": 38,
        "LineBrigade": "17_38",
        "Status": "RUNNING",
        "LowFloor": "True",
        "Hour": 8,
        "Minute": 57
      },
      {
        "Time": "2016-03-23T08:57:59",
        "Lat": 52.1989,
        "Lon": 21.0012,
        "FirstLine": 17,
        "Lines": "17",
        "Brigade": 38,
        "LineBrigade": "17_38",
        "Status": "RUNNING",
        "LowFloor": "True",
        "Hour": 8,
        "Minute": 57
      },
      {
        "Time": "2016-03-23T08:58:25",
        "Lat": 52.1964,
        "Lon": 21.0018,
        "FirstLine": 17,
        "Lines": "17",
        "Brigade": 38,
        "LineBrigade": "17_38",
        "Status": "RUNNING",
        "LowFloor": "True",
        "Hour": 8,
        "Minute": 58
      },
      {
        "Time": "2016-03-23T08:58:57",
        "Lat": 52.1963,
        "Lon": 21.0018,
        "FirstLine": 17,
        "Lines": "17",
        "Brigade": 38,
        "LineBrigade": "17_38",
        "Status": "RUNNING",
        "LowFloor": "True",
        "Hour": 8,
        "Minute": 58
      },
      {
        "Time": "2016-03-23T08:59:28",
        "Lat": 52.1935,
        "Lon": 21.0018,
        "FirstLine": 17,
        "Lines": "17",
        "Brigade": 38,
        "LineBrigade": "17_38",
        "Status": "RUNNING",
        "LowFloor": "True",
        "Hour": 8,
        "Minute": 59
      },
      {
        "Time": "2016-03-23T09:00:00",
        "Lat": 52.1905,
        "Lon": 21.0018,
        "FirstLine": 17,
        "Lines": "17",
        "Brigade": 38,
        "LineBrigade": "17_38",
        "Status": "RUNNING",
        "LowFloor": "True",
        "Hour": 9,
        "Minute": 0
      },
      {
        "Time": "2016-03-23T09:00:26",
        "Lat": 52.1896,
        "Lon": 21.002,
        "FirstLine": 17,
        "Lines": "17",
        "Brigade": 38,
        "LineBrigade": "17_38",
        "Status": "RUNNING",
        "LowFloor": "True",
        "Hour": 9,
        "Minute": 0
      },
      {
        "Time": "2016-03-23T09:00:58",
        "Lat": 52.1896,
        "Lon": 21.002,
        "FirstLine": 17,
        "Lines": "17",
        "Brigade": 38,
        "LineBrigade": "17_38",
        "Status": "RUNNING",
        "LowFloor": "True",
        "Hour": 9,
        "Minute": 0
      },
      {
        "Time": "2016-03-23T09:01:19",
        "Lat": 52.1893,
        "Lon": 21.002,
        "FirstLine": 17,
        "Lines": "17",
        "Brigade": 38,
        "LineBrigade": "17_38",
        "Status": "RUNNING",
        "LowFloor": "True",
        "Hour": 9,
        "Minute": 1
      },
      {
        "Time": "2016-03-23T09:01:55",
        "Lat": 52.188,
        "Lon": 21.002,
        "FirstLine": 17,
        "Lines": "17",
        "Brigade": 38,
        "LineBrigade": "17_38",
        "Status": "RUNNING",
        "LowFloor": "True",
        "Hour": 9,
        "Minute": 1
      },
      {
        "Time": "2016-03-23T09:02:27",
        "Lat": 52.1874,
        "Lon": 21.002,
        "FirstLine": 17,
        "Lines": "17",
        "Brigade": 38,
        "LineBrigade": "17_38",
        "Status": "RUNNING",
        "LowFloor": "True",
        "Hour": 9,
        "Minute": 2
      },
      {
        "Time": "2016-03-23T09:02:58",
        "Lat": 52.1861,
        "Lon": 21.0021,
        "FirstLine": 17,
        "Lines": "17",
        "Brigade": 38,
        "LineBrigade": "17_38",
        "Status": "RUNNING",
        "LowFloor": "True",
        "Hour": 9,
        "Minute": 2
      },
      {
        "Time": "2016-03-23T09:03:30",
        "Lat": 52.1859,
        "Lon": 21.0021,
        "FirstLine": 17,
        "Lines": "17",
        "Brigade": 38,
        "LineBrigade": "17_38",
        "Status": "RUNNING",
        "LowFloor": "True",
        "Hour": 9,
        "Minute": 3
      },
      {
        "Time": "2016-03-23T09:03:51",
        "Lat": 52.1842,
        "Lon": 21.0021,
        "FirstLine": 17,
        "Lines": "17",
        "Brigade": 38,
        "LineBrigade": "17_38",
        "Status": "RUNNING",
        "LowFloor": "True",
        "Hour": 9,
        "Minute": 3
      },
      {
        "Time": "2016-03-23T09:04:27",
        "Lat": 52.1839,
        "Lon": 21.0021,
        "FirstLine": 17,
        "Lines": "17",
        "Brigade": 38,
        "LineBrigade": "17_38",
        "Status": "RUNNING",
        "LowFloor": "True",
        "Hour": 9,
        "Minute": 4
      },
      {
        "Time": "2016-03-23T09:04:59",
        "Lat": 52.1839,
        "Lon": 21.0021,
        "FirstLine": 17,
        "Lines": "17",
        "Brigade": 38,
        "LineBrigade": "17_38",
        "Status": "RUNNING",
        "LowFloor": "True",
        "Hour": 9,
        "Minute": 4
      },
      {
        "Time": "2016-03-23T09:05:30",
        "Lat": 52.1827,
        "Lon": 21.0022,
        "FirstLine": 17,
        "Lines": "17",
        "Brigade": 38,
        "LineBrigade": "17_38",
        "Status": "RUNNING",
        "LowFloor": "True",
        "Hour": 9,
        "Minute": 5
      },
      {
        "Time": "2016-03-23T09:05:56",
        "Lat": 52.1827,
        "Lon": 21.0022,
        "FirstLine": 17,
        "Lines": "17",
        "Brigade": 38,
        "LineBrigade": "17_38",
        "Status": "RUNNING",
        "LowFloor": "True",
        "Hour": 9,
        "Minute": 5
      },
      {
        "Time": "2016-03-23T09:06:28",
        "Lat": 52.1798,
        "Lon": 21.0022,
        "FirstLine": 17,
        "Lines": "17",
        "Brigade": 38,
        "LineBrigade": "17_38",
        "Status": "RUNNING",
        "LowFloor": "True",
        "Hour": 9,
        "Minute": 6
      },
      {
        "Time": "2016-03-23T09:06:59",
        "Lat": 52.1787,
        "Lon": 21.0012,
        "FirstLine": 17,
        "Lines": "17",
        "Brigade": 38,
        "LineBrigade": "17_38",
        "Status": "RUNNING",
        "LowFloor": "True",
        "Hour": 9,
        "Minute": 6
      },
      {
        "Time": "2016-03-23T09:07:26",
        "Lat": 52.1788,
        "Lon": 21.001,
        "FirstLine": 17,
        "Lines": "17",
        "Brigade": 38,
        "LineBrigade": "17_38",
        "Status": "RUNNING",
        "LowFloor": "True",
        "Hour": 9,
        "Minute": 7
      },
      {
        "Time": "2016-03-23T09:07:57",
        "Lat": 52.1793,
        "Lon": 20.9981,
        "FirstLine": 17,
        "Lines": "17",
        "Brigade": 38,
        "LineBrigade": "17_38",
        "Status": "RUNNING",
        "LowFloor": "True",
        "Hour": 9,
        "Minute": 7
      },
      {
        "Time": "2016-03-23T09:08:29",
        "Lat": 52.1793,
        "Lon": 20.9981,
        "FirstLine": 17,
        "Lines": "17",
        "Brigade": 38,
        "LineBrigade": "17_38",
        "Status": "RUNNING",
        "LowFloor": "True",
        "Hour": 9,
        "Minute": 8
      },
      {
        "Time": "2016-03-23T09:09:00",
        "Lat": 52.1796,
        "Lon": 20.9963,
        "FirstLine": 17,
        "Lines": "17",
        "Brigade": 38,
        "LineBrigade": "17_38",
        "Status": "RUNNING",
        "LowFloor": "True",
        "Hour": 9,
        "Minute": 9
      },
      {
        "Time": "2016-03-23T09:09:26",
        "Lat": 52.1799,
        "Lon": 20.9949,
        "FirstLine": 17,
        "Lines": "17",
        "Brigade": 38,
        "LineBrigade": "17_38",
        "Status": "RUNNING",
        "LowFloor": "True",
        "Hour": 9,
        "Minute": 9
      },
      {
        "Time": "2016-03-23T09:09:58",
        "Lat": 52.1799,
        "Lon": 20.9949,
        "FirstLine": 17,
        "Lines": "17",
        "Brigade": 38,
        "LineBrigade": "17_38",
        "Status": "RUNNING",
        "LowFloor": "True",
        "Hour": 9,
        "Minute": 9
      },
      {
        "Time": "2016-03-23T09:10:29",
        "Lat": 52.1803,
        "Lon": 20.9931,
        "FirstLine": 17,
        "Lines": "17",
        "Brigade": 38,
        "LineBrigade": "17_38",
        "Status": "RUNNING",
        "LowFloor": "True",
        "Hour": 9,
        "Minute": 10
      },
      {
        "Time": "2016-03-23T09:11:01",
        "Lat": 52.1806,
        "Lon": 20.9919,
        "FirstLine": 17,
        "Lines": "17",
        "Brigade": 38,
        "LineBrigade": "17_38",
        "Status": "RUNNING",
        "LowFloor": "True",
        "Hour": 9,
        "Minute": 11
      },
      {
        "Time": "2016-03-23T09:11:27",
        "Lat": 52.1811,
        "Lon": 20.99,
        "FirstLine": 17,
        "Lines": "17",
        "Brigade": 38,
        "LineBrigade": "17_38",
        "Status": "RUNNING",
        "LowFloor": "True",
        "Hour": 9,
        "Minute": 11
      },
      {
        "Time": "2016-03-23T09:11:58",
        "Lat": 52.1817,
        "Lon": 20.9889,
        "FirstLine": 17,
        "Lines": "17",
        "Brigade": 38,
        "LineBrigade": "17_38",
        "Status": "RUNNING",
        "LowFloor": "True",
        "Hour": 9,
        "Minute": 11
      },
      {
        "Time": "2016-03-23T09:12:30",
        "Lat": 52.1817,
        "Lon": 20.9889,
        "FirstLine": 17,
        "Lines": "17",
        "Brigade": 38,
        "LineBrigade": "17_38",
        "Status": "RUNNING",
        "LowFloor": "True",
        "Hour": 9,
        "Minute": 12
      },
      {
        "Time": "2016-03-23T09:12:57",
        "Lat": 52.1817,
        "Lon": 20.9889,
        "FirstLine": 17,
        "Lines": "17",
        "Brigade": 38,
        "LineBrigade": "17_38",
        "Status": "RUNNING",
        "LowFloor": "True",
        "Hour": 9,
        "Minute": 12
      },
      {
        "Time": "2016-03-23T09:13:28",
        "Lat": 52.1817,
        "Lon": 20.9889,
        "FirstLine": 17,
        "Lines": "17",
        "Brigade": 38,
        "LineBrigade": "17_38",
        "Status": "RUNNING",
        "LowFloor": "True",
        "Hour": 9,
        "Minute": 13
      },
      {
        "Time": "2016-03-23T09:13:59",
        "Lat": 52.1819,
        "Lon": 20.9888,
        "FirstLine": 17,
        "Lines": "17",
        "Brigade": 38,
        "LineBrigade": "17_38",
        "Status": "RUNNING",
        "LowFloor": "True",
        "Hour": 9,
        "Minute": 13
      },
      {
        "Time": "2016-03-23T09:14:30",
        "Lat": 52.1819,
        "Lon": 20.9888,
        "FirstLine": 17,
        "Lines": "17",
        "Brigade": 38,
        "LineBrigade": "17_38",
        "Status": "RUNNING",
        "LowFloor": "True",
        "Hour": 9,
        "Minute": 14
      },
      {
        "Time": "2016-03-23T09:14:57",
        "Lat": 52.1819,
        "Lon": 20.9888,
        "FirstLine": 17,
        "Lines": "17",
        "Brigade": 38,
        "LineBrigade": "17_38",
        "Status": "RUNNING",
        "LowFloor": "True",
        "Hour": 9,
        "Minute": 14
      },
      {
        "Time": "2016-03-23T09:15:28",
        "Lat": 52.1819,
        "Lon": 20.9888,
        "FirstLine": 17,
        "Lines": "17",
        "Brigade": 38,
        "LineBrigade": "17_38",
        "Status": "RUNNING",
        "LowFloor": "True",
        "Hour": 9,
        "Minute": 15
      },
      {
        "Time": "2016-03-23T09:16:00",
        "Lat": 52.1819,
        "Lon": 20.9888,
        "FirstLine": 17,
        "Lines": "17",
        "Brigade": 38,
        "LineBrigade": "17_38",
        "Status": "RUNNING",
        "LowFloor": "True",
        "Hour": 9,
        "Minute": 16
      },
      {
        "Time": "2016-03-23T09:16:26",
        "Lat": 52.1819,
        "Lon": 20.9888,
        "FirstLine": 17,
        "Lines": "17",
        "Brigade": 38,
        "LineBrigade": "17_38",
        "Status": "RUNNING",
        "LowFloor": "True",
        "Hour": 9,
        "Minute": 16
      },
      {
        "Time": "2016-03-23T09:16:57",
        "Lat": 52.182,
        "Lon": 20.988,
        "FirstLine": 17,
        "Lines": "17",
        "Brigade": 38,
        "LineBrigade": "17_38",
        "Status": "RUNNING",
        "LowFloor": "True",
        "Hour": 9,
        "Minute": 16
      },
      {
        "Time": "2016-03-23T09:17:29",
        "Lat": 52.1813,
        "Lon": 20.989,
        "FirstLine": 17,
        "Lines": "17",
        "Brigade": 38,
        "LineBrigade": "17_38",
        "Status": "RUNNING",
        "LowFloor": "True",
        "Hour": 9,
        "Minute": 17
      },
      {
        "Time": "2016-03-23T09:17:55",
        "Lat": 52.1812,
        "Lon": 20.9896,
        "FirstLine": 17,
        "Lines": "17",
        "Brigade": 38,
        "LineBrigade": "17_38",
        "Status": "RUNNING",
        "LowFloor": "True",
        "Hour": 9,
        "Minute": 17
      },
      {
        "Time": "2016-03-23T09:18:26",
        "Lat": 52.1804,
        "Lon": 20.9927,
        "FirstLine": 17,
        "Lines": "17",
        "Brigade": 38,
        "LineBrigade": "17_38",
        "Status": "RUNNING",
        "LowFloor": "True",
        "Hour": 9,
        "Minute": 18
      },
      {
        "Time": "2016-03-23T09:18:58",
        "Lat": 52.18,
        "Lon": 20.9943,
        "FirstLine": 17,
        "Lines": "17",
        "Brigade": 38,
        "LineBrigade": "17_38",
        "Status": "RUNNING",
        "LowFloor": "True",
        "Hour": 9,
        "Minute": 18
      },
      {
        "Time": "2016-03-23T09:19:29",
        "Lat": 52.1794,
        "Lon": 20.9969,
        "FirstLine": 17,
        "Lines": "17",
        "Brigade": 38,
        "LineBrigade": "17_38",
        "Status": "RUNNING",
        "LowFloor": "True",
        "Hour": 9,
        "Minute": 19
      },
      {
        "Time": "2016-03-23T09:19:56",
        "Lat": 52.1794,
        "Lon": 20.9969,
        "FirstLine": 17,
        "Lines": "17",
        "Brigade": 38,
        "LineBrigade": "17_38",
        "Status": "RUNNING",
        "LowFloor": "True",
        "Hour": 9,
        "Minute": 19
      },
      {
        "Time": "2016-03-23T09:20:27",
        "Lat": 52.1794,
        "Lon": 20.9969,
        "FirstLine": 17,
        "Lines": "17",
        "Brigade": 38,
        "LineBrigade": "17_38",
        "Status": "RUNNING",
        "LowFloor": "True",
        "Hour": 9,
        "Minute": 20
      },
      {
        "Time": "2016-03-23T09:20:48",
        "Lat": 52.1792,
        "Lon": 20.998,
        "FirstLine": 17,
        "Lines": "17",
        "Brigade": 38,
        "LineBrigade": "17_38",
        "Status": "RUNNING",
        "LowFloor": "True",
        "Hour": 9,
        "Minute": 20
      },
      {
        "Time": "2016-03-23T09:21:25",
        "Lat": 52.1786,
        "Lon": 21.0016,
        "FirstLine": 17,
        "Lines": "17",
        "Brigade": 38,
        "LineBrigade": "17_38",
        "Status": "RUNNING",
        "LowFloor": "True",
        "Hour": 9,
        "Minute": 21
      },
      {
        "Time": "2016-03-23T09:21:56",
        "Lat": 52.1786,
        "Lon": 21.0016,
        "FirstLine": 17,
        "Lines": "17",
        "Brigade": 38,
        "LineBrigade": "17_38",
        "Status": "RUNNING",
        "LowFloor": "True",
        "Hour": 9,
        "Minute": 21
      },
      {
        "Time": "2016-03-23T09:22:28",
        "Lat": 52.1786,
        "Lon": 21.0016,
        "FirstLine": 17,
        "Lines": "17",
        "Brigade": 38,
        "LineBrigade": "17_38",
        "Status": "RUNNING",
        "LowFloor": "True",
        "Hour": 9,
        "Minute": 22
      },
      {
        "Time": "2016-03-23T09:22:59",
        "Lat": 52.1795,
        "Lon": 21.0023,
        "FirstLine": 17,
        "Lines": "17",
        "Brigade": 38,
        "LineBrigade": "17_38",
        "Status": "RUNNING",
        "LowFloor": "True",
        "Hour": 9,
        "Minute": 22
      },
      {
        "Time": "2016-03-23T09:23:26",
        "Lat": 52.1828,
        "Lon": 21.0022,
        "FirstLine": 17,
        "Lines": "17",
        "Brigade": 38,
        "LineBrigade": "17_38",
        "Status": "RUNNING",
        "LowFloor": "True",
        "Hour": 9,
        "Minute": 23
      },
      {
        "Time": "2016-03-23T09:23:57",
        "Lat": 52.1831,
        "Lon": 21.0022,
        "FirstLine": 17,
        "Lines": "17",
        "Brigade": 38,
        "LineBrigade": "17_38",
        "Status": "RUNNING",
        "LowFloor": "True",
        "Hour": 9,
        "Minute": 23
      },
      {
        "Time": "2016-03-23T09:24:28",
        "Lat": 52.1831,
        "Lon": 21.0022,
        "FirstLine": 17,
        "Lines": "17",
        "Brigade": 38,
        "LineBrigade": "17_38",
        "Status": "RUNNING",
        "LowFloor": "True",
        "Hour": 9,
        "Minute": 24
      },
      {
        "Time": "2016-03-23T09:25:00",
        "Lat": 52.1831,
        "Lon": 21.0022,
        "FirstLine": 17,
        "Lines": "17",
        "Brigade": 38,
        "LineBrigade": "17_38",
        "Status": "RUNNING",
        "LowFloor": "True",
        "Hour": 9,
        "Minute": 25
      },
      {
        "Time": "2016-03-23T09:25:26",
        "Lat": 52.1831,
        "Lon": 21.0022,
        "FirstLine": 17,
        "Lines": "17",
        "Brigade": 38,
        "LineBrigade": "17_38",
        "Status": "RUNNING",
        "LowFloor": "True",
        "Hour": 9,
        "Minute": 25
      },
      {
        "Time": "2016-03-23T09:25:58",
        "Lat": 52.1831,
        "Lon": 21.0022,
        "FirstLine": 17,
        "Lines": "17",
        "Brigade": 38,
        "LineBrigade": "17_38",
        "Status": "RUNNING",
        "LowFloor": "True",
        "Hour": 9,
        "Minute": 25
      },
      {
        "Time": "2016-03-23T09:26:25",
        "Lat": 52.1831,
        "Lon": 21.0022,
        "FirstLine": 17,
        "Lines": "17",
        "Brigade": 38,
        "LineBrigade": "17_38",
        "Status": "RUNNING",
        "LowFloor": "True",
        "Hour": 9,
        "Minute": 26
      },
      {
        "Time": "2016-03-23T09:26:58",
        "Lat": 52.1831,
        "Lon": 21.0022,
        "FirstLine": 17,
        "Lines": "17",
        "Brigade": 38,
        "LineBrigade": "17_38",
        "Status": "RUNNING",
        "LowFloor": "True",
        "Hour": 9,
        "Minute": 26
      },
      {
        "Time": "2016-03-23T09:27:31",
        "Lat": 52.1831,
        "Lon": 21.0022,
        "FirstLine": 17,
        "Lines": "17",
        "Brigade": 38,
        "LineBrigade": "17_38",
        "Status": "RUNNING",
        "LowFloor": "True",
        "Hour": 9,
        "Minute": 27
      },
      {
        "Time": "2016-03-23T09:27:47",
        "Lat": 52.1831,
        "Lon": 21.0022,
        "FirstLine": 17,
        "Lines": "17",
        "Brigade": 38,
        "LineBrigade": "17_38",
        "Status": "RUNNING",
        "LowFloor": "True",
        "Hour": 9,
        "Minute": 27
      },
      {
        "Time": "2016-03-23T09:30:00",
        "Lat": 52.1831,
        "Lon": 21.0022,
        "FirstLine": 17,
        "Lines": "17",
        "Brigade": 38,
        "LineBrigade": "17_38",
        "Status": "RUNNING",
        "LowFloor": "True",
        "Hour": 9,
        "Minute": 30
      },
      {
        "Time": "2016-03-23T09:30:26",
        "Lat": 52.1831,
        "Lon": 21.0022,
        "FirstLine": 17,
        "Lines": "17",
        "Brigade": 38,
        "LineBrigade": "17_38",
        "Status": "RUNNING",
        "LowFloor": "True",
        "Hour": 9,
        "Minute": 30
      },
      {
        "Time": "2016-03-23T09:30:58",
        "Lat": 52.1831,
        "Lon": 21.0022,
        "FirstLine": 17,
        "Lines": "17",
        "Brigade": 38,
        "LineBrigade": "17_38",
        "Status": "RUNNING",
        "LowFloor": "True",
        "Hour": 9,
        "Minute": 30
      },
      {
        "Time": "2016-03-23T09:31:29",
        "Lat": 52.185,
        "Lon": 21.0022,
        "FirstLine": 17,
        "Lines": "17",
        "Brigade": 38,
        "LineBrigade": "17_38",
        "Status": "RUNNING",
        "LowFloor": "True",
        "Hour": 9,
        "Minute": 31
      },
      {
        "Time": "2016-03-23T09:31:55",
        "Lat": 52.1868,
        "Lon": 21.0021,
        "FirstLine": 17,
        "Lines": "17",
        "Brigade": 38,
        "LineBrigade": "17_38",
        "Status": "RUNNING",
        "LowFloor": "True",
        "Hour": 9,
        "Minute": 31
      },
      {
        "Time": "2016-03-23T09:32:27",
        "Lat": 52.1882,
        "Lon": 21.0021,
        "FirstLine": 17,
        "Lines": "17",
        "Brigade": 38,
        "LineBrigade": "17_38",
        "Status": "RUNNING",
        "LowFloor": "True",
        "Hour": 9,
        "Minute": 32
      },
      {
        "Time": "2016-03-23T09:32:58",
        "Lat": 52.1886,
        "Lon": 21.002,
        "FirstLine": 17,
        "Lines": "17",
        "Brigade": 38,
        "LineBrigade": "17_38",
        "Status": "RUNNING",
        "LowFloor": "True",
        "Hour": 9,
        "Minute": 32
      },
      {
        "Time": "2016-03-23T09:33:25",
        "Lat": 52.1888,
        "Lon": 21.0005,
        "FirstLine": 17,
        "Lines": "17",
        "Brigade": 38,
        "LineBrigade": "17_38",
        "Status": "RUNNING",
        "LowFloor": "True",
        "Hour": 9,
        "Minute": 33
      },
      {
        "Time": "2016-03-23T09:33:56",
        "Lat": 52.1886,
        "Lon": 21.0003,
        "FirstLine": 17,
        "Lines": "17",
        "Brigade": 38,
        "LineBrigade": "17_38",
        "Status": "RUNNING",
        "LowFloor": "True",
        "Hour": 9,
        "Minute": 33
      },
      {
        "Time": "2016-03-23T09:34:27",
        "Lat": 52.1886,
        "Lon": 21.0003,
        "FirstLine": 17,
        "Lines": "17",
        "Brigade": 38,
        "LineBrigade": "17_38",
        "Status": "RUNNING",
        "LowFloor": "True",
        "Hour": 9,
        "Minute": 34
      },
      {
        "Time": "2016-03-23T09:34:52",
        "Lat": 52.1886,
        "Lon": 21.0003,
        "FirstLine": 17,
        "Lines": "17",
        "Brigade": 38,
        "LineBrigade": "17_38",
        "Status": "RUNNING",
        "LowFloor": "True",
        "Hour": 9,
        "Minute": 34
      },
      {
        "Time": "2016-03-23T09:35:25",
        "Lat": 52.1886,
        "Lon": 21.0003,
        "FirstLine": 17,
        "Lines": "17",
        "Brigade": 38,
        "LineBrigade": "17_38",
        "Status": "RUNNING",
        "LowFloor": "True",
        "Hour": 9,
        "Minute": 35
      },
      {
        "Time": "2016-03-23T09:35:57",
        "Lat": 52.1884,
        "Lon": 21.0004,
        "FirstLine": 17,
        "Lines": "17",
        "Brigade": 38,
        "LineBrigade": "17_38",
        "Status": "RUNNING",
        "LowFloor": "True",
        "Hour": 9,
        "Minute": 35
      },
      {
        "Time": "2016-03-23T09:36:28",
        "Lat": 52.1883,
        "Lon": 21.0004,
        "FirstLine": 17,
        "Lines": "17",
        "Brigade": 38,
        "LineBrigade": "17_38",
        "Status": "RUNNING",
        "LowFloor": "True",
        "Hour": 9,
        "Minute": 36
      },
      {
        "Time": "2016-03-23T09:36:59",
        "Lat": 52.1883,
        "Lon": 21.0005,
        "FirstLine": 17,
        "Lines": "17",
        "Brigade": 38,
        "LineBrigade": "17_38",
        "Status": "RUNNING",
        "LowFloor": "True",
        "Hour": 9,
        "Minute": 36
      },
      {
        "Time": "2016-03-23T09:37:26",
        "Lat": 52.1881,
        "Lon": 21.0007,
        "FirstLine": 17,
        "Lines": "17",
        "Brigade": 38,
        "LineBrigade": "17_38",
        "Status": "RUNNING",
        "LowFloor": "True",
        "Hour": 9,
        "Minute": 37
      },
      {
        "Time": "2016-03-23T09:37:57",
        "Lat": 52.1881,
        "Lon": 21.0007,
        "FirstLine": 17,
        "Lines": "17",
        "Brigade": 38,
        "LineBrigade": "17_38",
        "Status": "RUNNING",
        "LowFloor": "True",
        "Hour": 9,
        "Minute": 37
      },
      {
        "Time": "2016-03-23T09:38:28",
        "Lat": 52.1876,
        "Lon": 21.0008,
        "FirstLine": 17,
        "Lines": "17",
        "Brigade": 38,
        "LineBrigade": "17_38",
        "Status": "RUNNING",
        "LowFloor": "True",
        "Hour": 9,
        "Minute": 38
      },
      {
        "Time": "2016-03-23T09:39:00",
        "Lat": 52.1876,
        "Lon": 21.0008,
        "FirstLine": 17,
        "Lines": "17",
        "Brigade": 38,
        "LineBrigade": "17_38",
        "Status": "RUNNING",
        "LowFloor": "True",
        "Hour": 9,
        "Minute": 39
      },
      {
        "Time": "2016-03-23T09:39:26",
        "Lat": 52.1876,
        "Lon": 21.0008,
        "FirstLine": 17,
        "Lines": "17",
        "Brigade": 38,
        "LineBrigade": "17_38",
        "Status": "RUNNING",
        "LowFloor": "True",
        "Hour": 9,
        "Minute": 39
      },
      {
        "Time": "2016-03-23T09:39:58",
        "Lat": 52.1876,
        "Lon": 21.0008,
        "FirstLine": 17,
        "Lines": "17",
        "Brigade": 38,
        "LineBrigade": "17_38",
        "Status": "RUNNING",
        "LowFloor": "True",
        "Hour": 9,
        "Minute": 39
      },
      {
        "Time": "2016-03-23T09:40:29",
        "Lat": 52.1876,
        "Lon": 21.0008,
        "FirstLine": 17,
        "Lines": "17",
        "Brigade": 38,
        "LineBrigade": "17_38",
        "Status": "RUNNING",
        "LowFloor": "True",
        "Hour": 9,
        "Minute": 40
      },
      {
        "Time": "2016-03-23T09:41:01",
        "Lat": 52.1876,
        "Lon": 21.0008,
        "FirstLine": 17,
        "Lines": "17",
        "Brigade": 38,
        "LineBrigade": "17_38",
        "Status": "RUNNING",
        "LowFloor": "True",
        "Hour": 9,
        "Minute": 41
      },
      {
        "Time": "2016-03-23T09:41:27",
        "Lat": 52.1876,
        "Lon": 21.0008,
        "FirstLine": 17,
        "Lines": "17",
        "Brigade": 38,
        "LineBrigade": "17_38",
        "Status": "RUNNING",
        "LowFloor": "True",
        "Hour": 9,
        "Minute": 41
      },
      {
        "Time": "2016-03-23T09:41:58",
        "Lat": 52.1876,
        "Lon": 21.0008,
        "FirstLine": 17,
        "Lines": "17",
        "Brigade": 38,
        "LineBrigade": "17_38",
        "Status": "RUNNING",
        "LowFloor": "True",
        "Hour": 9,
        "Minute": 41
      },
      {
        "Time": "2016-03-23T09:42:30",
        "Lat": 52.1876,
        "Lon": 21.0008,
        "FirstLine": 17,
        "Lines": "17",
        "Brigade": 38,
        "LineBrigade": "17_38",
        "Status": "RUNNING",
        "LowFloor": "True",
        "Hour": 9,
        "Minute": 42
      },
      {
        "Time": "2016-03-23T09:42:56",
        "Lat": 52.1876,
        "Lon": 21.0008,
        "FirstLine": 17,
        "Lines": "17",
        "Brigade": 38,
        "LineBrigade": "17_38",
        "Status": "RUNNING",
        "LowFloor": "True",
        "Hour": 9,
        "Minute": 42
      },
      {
        "Time": "2016-03-23T09:43:27",
        "Lat": 52.1876,
        "Lon": 21.0008,
        "FirstLine": 17,
        "Lines": "17",
        "Brigade": 38,
        "LineBrigade": "17_38",
        "Status": "RUNNING",
        "LowFloor": "True",
        "Hour": 9,
        "Minute": 43
      },
      {
        "Time": "2016-03-23T09:43:59",
        "Lat": 52.1876,
        "Lon": 21.0008,
        "FirstLine": 17,
        "Lines": "17",
        "Brigade": 38,
        "LineBrigade": "17_38",
        "Status": "RUNNING",
        "LowFloor": "True",
        "Hour": 9,
        "Minute": 43
      },
      {
        "Time": "2016-03-23T09:44:30",
        "Lat": 52.1876,
        "Lon": 21.0008,
        "FirstLine": 17,
        "Lines": "17",
        "Brigade": 38,
        "LineBrigade": "17_38",
        "Status": "RUNNING",
        "LowFloor": "True",
        "Hour": 9,
        "Minute": 44
      },
      {
        "Time": "2016-03-23T09:44:56",
        "Lat": 52.1876,
        "Lon": 21.0008,
        "FirstLine": 17,
        "Lines": "17",
        "Brigade": 38,
        "LineBrigade": "17_38",
        "Status": "RUNNING",
        "LowFloor": "True",
        "Hour": 9,
        "Minute": 44
      },
      {
        "Time": "2016-03-23T09:45:28",
        "Lat": 52.1876,
        "Lon": 21.0008,
        "FirstLine": 17,
        "Lines": "17",
        "Brigade": 38,
        "LineBrigade": "17_38",
        "Status": "RUNNING",
        "LowFloor": "True",
        "Hour": 9,
        "Minute": 45
      },
      {
        "Time": "2016-03-23T09:45:59",
        "Lat": 52.1876,
        "Lon": 21.0008,
        "FirstLine": 17,
        "Lines": "17",
        "Brigade": 38,
        "LineBrigade": "17_38",
        "Status": "RUNNING",
        "LowFloor": "True",
        "Hour": 9,
        "Minute": 45
      },
      {
        "Time": "2016-03-23T09:46:26",
        "Lat": 52.1876,
        "Lon": 21.0008,
        "FirstLine": 17,
        "Lines": "17",
        "Brigade": 38,
        "LineBrigade": "17_38",
        "Status": "RUNNING",
        "LowFloor": "True",
        "Hour": 9,
        "Minute": 46
      },
      {
        "Time": "2016-03-23T09:46:57",
        "Lat": 52.1869,
        "Lon": 21.0008,
        "FirstLine": 17,
        "Lines": "17",
        "Brigade": 38,
        "LineBrigade": "17_38",
        "Status": "RUNNING",
        "LowFloor": "True",
        "Hour": 9,
        "Minute": 46
      },
      {
        "Time": "2016-03-23T09:47:28",
        "Lat": 52.1869,
        "Lon": 21.0008,
        "FirstLine": 17,
        "Lines": "17",
        "Brigade": 38,
        "LineBrigade": "17_38",
        "Status": "RUNNING",
        "LowFloor": "True",
        "Hour": 9,
        "Minute": 47
      },
      {
        "Time": "2016-03-23T09:48:00",
        "Lat": 52.1869,
        "Lon": 21.0008,
        "FirstLine": 17,
        "Lines": "17",
        "Brigade": 38,
        "LineBrigade": "17_38",
        "Status": "RUNNING",
        "LowFloor": "True",
        "Hour": 9,
        "Minute": 48
      },
      {
        "Time": "2016-03-23T09:48:26",
        "Lat": 52.1869,
        "Lon": 21.0008,
        "FirstLine": 17,
        "Lines": "17",
        "Brigade": 38,
        "LineBrigade": "17_38",
        "Status": "RUNNING",
        "LowFloor": "True",
        "Hour": 9,
        "Minute": 48
      },
      {
        "Time": "2016-03-23T09:48:58",
        "Lat": 52.1869,
        "Lon": 21.0008,
        "FirstLine": 17,
        "Lines": "17",
        "Brigade": 38,
        "LineBrigade": "17_38",
        "Status": "RUNNING",
        "LowFloor": "True",
        "Hour": 9,
        "Minute": 48
      },
      {
        "Time": "2016-03-23T09:49:29",
        "Lat": 52.1869,
        "Lon": 21.0008,
        "FirstLine": 17,
        "Lines": "17",
        "Brigade": 38,
        "LineBrigade": "17_38",
        "Status": "RUNNING",
        "LowFloor": "True",
        "Hour": 9,
        "Minute": 49
      },
      {
        "Time": "2016-03-23T09:50:00",
        "Lat": 52.1869,
        "Lon": 21.0008,
        "FirstLine": 17,
        "Lines": "17",
        "Brigade": 38,
        "LineBrigade": "17_38",
        "Status": "RUNNING",
        "LowFloor": "True",
        "Hour": 9,
        "Minute": 50
      },
      {
        "Time": "2016-03-23T09:50:27",
        "Lat": 52.1869,
        "Lon": 21.0008,
        "FirstLine": 17,
        "Lines": "17",
        "Brigade": 38,
        "LineBrigade": "17_38",
        "Status": "RUNNING",
        "LowFloor": "True",
        "Hour": 9,
        "Minute": 50
      },
      {
        "Time": "2016-03-23T09:50:58",
        "Lat": 52.1869,
        "Lon": 21.0008,
        "FirstLine": 17,
        "Lines": "17",
        "Brigade": 38,
        "LineBrigade": "17_38",
        "Status": "RUNNING",
        "LowFloor": "True",
        "Hour": 9,
        "Minute": 50
      },
      {
        "Time": "2016-03-23T09:51:30",
        "Lat": 52.1869,
        "Lon": 21.0008,
        "FirstLine": 17,
        "Lines": "17",
        "Brigade": 38,
        "LineBrigade": "17_38",
        "Status": "RUNNING",
        "LowFloor": "True",
        "Hour": 9,
        "Minute": 51
      },
      {
        "Time": "2016-03-23T09:52:01",
        "Lat": 52.1869,
        "Lon": 21.0008,
        "FirstLine": 17,
        "Lines": "17",
        "Brigade": 38,
        "LineBrigade": "17_38",
        "Status": "RUNNING",
        "LowFloor": "True",
        "Hour": 9,
        "Minute": 52
      },
      {
        "Time": "2016-03-23T09:52:27",
        "Lat": 52.1869,
        "Lon": 21.0008,
        "FirstLine": 17,
        "Lines": "17",
        "Brigade": 38,
        "LineBrigade": "17_38",
        "Status": "RUNNING",
        "LowFloor": "True",
        "Hour": 9,
        "Minute": 52
      },
      {
        "Time": "2016-03-23T09:52:59",
        "Lat": 52.1869,
        "Lon": 21.0008,
        "FirstLine": 17,
        "Lines": "17",
        "Brigade": 38,
        "LineBrigade": "17_38",
        "Status": "RUNNING",
        "LowFloor": "True",
        "Hour": 9,
        "Minute": 52
      },
      {
        "Time": "2016-03-23T09:53:30",
        "Lat": 52.1869,
        "Lon": 21.0008,
        "FirstLine": 17,
        "Lines": "17",
        "Brigade": 38,
        "LineBrigade": "17_38",
        "Status": "RUNNING",
        "LowFloor": "True",
        "Hour": 9,
        "Minute": 53
      },
      {
        "Time": "2016-03-23T09:53:57",
        "Lat": 52.1869,
        "Lon": 21.0008,
        "FirstLine": 17,
        "Lines": "17",
        "Brigade": 38,
        "LineBrigade": "17_38",
        "Status": "RUNNING",
        "LowFloor": "True",
        "Hour": 9,
        "Minute": 53
      },
      {
        "Time": "2016-03-23T09:54:28",
        "Lat": 52.1869,
        "Lon": 21.0008,
        "FirstLine": 17,
        "Lines": "17",
        "Brigade": 38,
        "LineBrigade": "17_38",
        "Status": "RUNNING",
        "LowFloor": "True",
        "Hour": 9,
        "Minute": 54
      },
      {
        "Time": "2016-03-23T09:55:00",
        "Lat": 52.1869,
        "Lon": 21.0008,
        "FirstLine": 17,
        "Lines": "17",
        "Brigade": 38,
        "LineBrigade": "17_38",
        "Status": "RUNNING",
        "LowFloor": "True",
        "Hour": 9,
        "Minute": 55
      },
      {
        "Time": "2016-03-23T09:55:26",
        "Lat": 52.1869,
        "Lon": 21.0008,
        "FirstLine": 17,
        "Lines": "17",
        "Brigade": 38,
        "LineBrigade": "17_38",
        "Status": "RUNNING",
        "LowFloor": "True",
        "Hour": 9,
        "Minute": 55
      },
      {
        "Time": "2016-03-23T09:55:57",
        "Lat": 52.1869,
        "Lon": 21.0008,
        "FirstLine": 17,
        "Lines": "17",
        "Brigade": 38,
        "LineBrigade": "17_38",
        "Status": "RUNNING",
        "LowFloor": "True",
        "Hour": 9,
        "Minute": 55
      },
      {
        "Time": "2016-03-23T09:56:28",
        "Lat": 52.1869,
        "Lon": 21.0008,
        "FirstLine": 17,
        "Lines": "17",
        "Brigade": 38,
        "LineBrigade": "17_38",
        "Status": "RUNNING",
        "LowFloor": "True",
        "Hour": 9,
        "Minute": 56
      },
      {
        "Time": "2016-03-23T09:57:00",
        "Lat": 52.1869,
        "Lon": 21.0008,
        "FirstLine": 17,
        "Lines": "17",
        "Brigade": 38,
        "LineBrigade": "17_38",
        "Status": "RUNNING",
        "LowFloor": "True",
        "Hour": 9,
        "Minute": 57
      },
      {
        "Time": "2016-03-23T09:57:26",
        "Lat": 52.1869,
        "Lon": 21.0008,
        "FirstLine": 17,
        "Lines": "17",
        "Brigade": 38,
        "LineBrigade": "17_38",
        "Status": "RUNNING",
        "LowFloor": "True",
        "Hour": 9,
        "Minute": 57
      },
      {
        "Time": "2016-03-23T09:57:58",
        "Lat": 52.1869,
        "Lon": 21.0008,
        "FirstLine": 17,
        "Lines": "17",
        "Brigade": 38,
        "LineBrigade": "17_38",
        "Status": "RUNNING",
        "LowFloor": "True",
        "Hour": 9,
        "Minute": 57
      },
      {
        "Time": "2016-03-23T09:58:29",
        "Lat": 52.1869,
        "Lon": 21.0008,
        "FirstLine": 17,
        "Lines": "17",
        "Brigade": 38,
        "LineBrigade": "17_38",
        "Status": "RUNNING",
        "LowFloor": "True",
        "Hour": 9,
        "Minute": 58
      },
      {
        "Time": "2016-03-23T09:58:55",
        "Lat": 52.1869,
        "Lon": 21.0008,
        "FirstLine": 17,
        "Lines": "17",
        "Brigade": 38,
        "LineBrigade": "17_38",
        "Status": "RUNNING",
        "LowFloor": "True",
        "Hour": 9,
        "Minute": 58
      },
      {
        "Time": "2016-03-23T09:59:27",
        "Lat": 52.1869,
        "Lon": 21.0008,
        "FirstLine": 17,
        "Lines": "17",
        "Brigade": 38,
        "LineBrigade": "17_38",
        "Status": "RUNNING",
        "LowFloor": "True",
        "Hour": 9,
        "Minute": 59
      },
      {
        "Time": "2016-03-23T09:59:58",
        "Lat": 52.1869,
        "Lon": 21.0008,
        "FirstLine": 17,
        "Lines": "17",
        "Brigade": 38,
        "LineBrigade": "17_38",
        "Status": "RUNNING",
        "LowFloor": "True",
        "Hour": 9,
        "Minute": 59
      },
      {
        "Time": "2016-03-23T10:00:30",
        "Lat": 52.1869,
        "Lon": 21.0008,
        "FirstLine": 17,
        "Lines": "17",
        "Brigade": 38,
        "LineBrigade": "17_38",
        "Status": "RUNNING",
        "LowFloor": "True",
        "Hour": 10,
        "Minute": 0
      },
      {
        "Time": "2016-03-23T10:00:56",
        "Lat": 52.1869,
        "Lon": 21.0008,
        "FirstLine": 17,
        "Lines": "17",
        "Brigade": 38,
        "LineBrigade": "17_38",
        "Status": "RUNNING",
        "LowFloor": "True",
        "Hour": 10,
        "Minute": 0
      },
      {
        "Time": "2016-03-23T10:01:27",
        "Lat": 52.1869,
        "Lon": 21.0008,
        "FirstLine": 17,
        "Lines": "17",
        "Brigade": 38,
        "LineBrigade": "17_38",
        "Status": "RUNNING",
        "LowFloor": "True",
        "Hour": 10,
        "Minute": 1
      },
      {
        "Time": "2016-03-23T10:01:59",
        "Lat": 52.1869,
        "Lon": 21.0008,
        "FirstLine": 17,
        "Lines": "17",
        "Brigade": 38,
        "LineBrigade": "17_38",
        "Status": "RUNNING",
        "LowFloor": "True",
        "Hour": 10,
        "Minute": 1
      },
      {
        "Time": "2016-03-23T10:02:30",
        "Lat": 52.1869,
        "Lon": 21.0008,
        "FirstLine": 17,
        "Lines": "17",
        "Brigade": 38,
        "LineBrigade": "17_38",
        "Status": "RUNNING",
        "LowFloor": "True",
        "Hour": 10,
        "Minute": 2
      },
      {
        "Time": "2016-03-23T10:02:57",
        "Lat": 52.1869,
        "Lon": 21.0008,
        "FirstLine": 17,
        "Lines": "17",
        "Brigade": 38,
        "LineBrigade": "17_38",
        "Status": "RUNNING",
        "LowFloor": "True",
        "Hour": 10,
        "Minute": 2
      },
      {
        "Time": "2016-03-23T10:03:28",
        "Lat": 52.1869,
        "Lon": 21.0008,
        "FirstLine": 17,
        "Lines": "17",
        "Brigade": 38,
        "LineBrigade": "17_38",
        "Status": "RUNNING",
        "LowFloor": "True",
        "Hour": 10,
        "Minute": 3
      }
    ]
  }
]
