[
  {
    "res": [
      {
        "Lon": 21.0817,
        "Time": "2017-05-14 00:00:16",
        "Lines": "108",
        "Lat": 52.1865,
        "Brigade": "3"
      },
      {
        "Lon": 21.0812,
        "Time": "2017-05-14 00:00:27",
        "Lines": "108",
        "Lat": 52.1852,
        "Brigade": "3"
      },
      {
        "Lon": 21.0799,
        "Time": "2017-05-14 00:00:39",
        "Lines": "108",
        "Lat": 52.1841,
        "Brigade": "3"
      },
      {
        "Lon": 21.0779,
        "Time": "2017-05-14 00:00:51",
        "Lines": "108",
        "Lat": 52.1829,
        "Brigade": "3"
      },
      {
        "Lon": 21.0763,
        "Time": "2017-05-14 00:01:02",
        "Lines": "108",
        "Lat": 52.1819,
        "Brigade": "3"
      },
      {
        "Lon": 21.0744,
        "Time": "2017-05-14 00:01:14",
        "Lines": "108",
        "Lat": 52.1808,
        "Brigade": "3"
      },
      {
        "Lon": 21.0728,
        "Time": "2017-05-14 00:01:27",
        "Lines": "108",
        "Lat": 52.1798,
        "Brigade": "3"
      },
      {
        "Lon": 21.0719,
        "Time": "2017-05-14 00:01:38",
        "Lines": "108",
        "Lat": 52.1795,
        "Brigade": "3"
      },
      {
        "Lon": 21.0712,
        "Time": "2017-05-14 00:01:50",
        "Lines": "108",
        "Lat": 52.1802,
        "Brigade": "3"
      },
      {
        "Lon": 21.0712,
        "Time": "2017-05-14 00:02:01",
        "Lines": "108",
        "Lat": 52.1803,
        "Brigade": "3"
      },
      {
        "Lon": 21.0703,
        "Time": "2017-05-14 00:02:12",
        "Lines": "108",
        "Lat": 52.181,
        "Brigade": "3"
      },
      {
        "Lon": 21.0692,
        "Time": "2017-05-14 00:02:24",
        "Lines": "108",
        "Lat": 52.1821,
        "Brigade": "3"
      },
      {
        "Lon": 21.0685,
        "Time": "2017-05-14 00:02:35",
        "Lines": "108",
        "Lat": 52.1828,
        "Brigade": "3"
      },
      {
        "Lon": 21.0678,
        "Time": "2017-05-14 00:02:47",
        "Lines": "108",
        "Lat": 52.1833,
        "Brigade": "3"
      },
      {
        "Lon": 21.0664,
        "Time": "2017-05-14 00:02:58",
        "Lines": "108",
        "Lat": 52.1846,
        "Brigade": "3"
      },
      {
        "Lon": 21.0651,
        "Time": "2017-05-14 00:03:10",
        "Lines": "108",
        "Lat": 52.1857,
        "Brigade": "3"
      },
      {
        "Lon": 21.0642,
        "Time": "2017-05-14 00:03:23",
        "Lines": "108",
        "Lat": 52.1865,
        "Brigade": "3"
      },
      {
        "Lon": 21.0642,
        "Time": "2017-05-14 00:03:35",
        "Lines": "108",
        "Lat": 52.1866,
        "Brigade": "3"
      },
      {
        "Lon": 21.064,
        "Time": "2017-05-14 00:03:46",
        "Lines": "108",
        "Lat": 52.1867,
        "Brigade": "3"
      },
      {
        "Lon": 21.063,
        "Time": "2017-05-14 00:03:58",
        "Lines": "108",
        "Lat": 52.1864,
        "Brigade": "3"
      },
      {
        "Lon": 21.0627,
        "Time": "2017-05-14 00:04:09",
        "Lines": "108",
        "Lat": 52.1861,
        "Brigade": "3"
      },
      {
        "Lon": 21.0621,
        "Time": "2017-05-14 00:04:21",
        "Lines": "108",
        "Lat": 52.1858,
        "Brigade": "3"
      },
      {
        "Lon": 21.0608,
        "Time": "2017-05-14 00:04:33",
        "Lines": "108",
        "Lat": 52.1849,
        "Brigade": "3"
      },
      {
        "Lon": 21.0602,
        "Time": "2017-05-14 00:04:44",
        "Lines": "108",
        "Lat": 52.1846,
        "Brigade": "3"
      },
      {
        "Lon": 21.0598,
        "Time": "2017-05-14 00:04:56",
        "Lines": "108",
        "Lat": 52.1843,
        "Brigade": "3"
      },
      {
        "Lon": 21.0586,
        "Time": "2017-05-14 00:05:07",
        "Lines": "108",
        "Lat": 52.1835,
        "Brigade": "3"
      },
      {
        "Lon": 21.0571,
        "Time": "2017-05-14 00:05:18",
        "Lines": "108",
        "Lat": 52.1826,
        "Brigade": "3"
      },
      {
        "Lon": 21.0562,
        "Time": "2017-05-14 00:05:29",
        "Lines": "108",
        "Lat": 52.1821,
        "Brigade": "3"
      },
      {
        "Lon": 21.0562,
        "Time": "2017-05-14 00:05:41",
        "Lines": "108",
        "Lat": 52.1821,
        "Brigade": "3"
      },
      {
        "Lon": 21.0562,
        "Time": "2017-05-14 00:05:52",
        "Lines": "108",
        "Lat": 52.1821,
        "Brigade": "3"
      },
      {
        "Lon": 21.0562,
        "Time": "2017-05-14 00:06:03",
        "Lines": "108",
        "Lat": 52.1821,
        "Brigade": "3"
      },
      {
        "Lon": 21.0562,
        "Time": "2017-05-14 00:06:15",
        "Lines": "108",
        "Lat": 52.1821,
        "Brigade": "3"
      },
      {
        "Lon": 21.0562,
        "Time": "2017-05-14 00:06:26",
        "Lines": "108",
        "Lat": 52.1821,
        "Brigade": "3"
      },
      {
        "Lon": 21.0554,
        "Time": "2017-05-14 00:06:38",
        "Lines": "108",
        "Lat": 52.1816,
        "Brigade": "3"
      },
      {
        "Lon": 21.0547,
        "Time": "2017-05-14 00:06:49",
        "Lines": "108",
        "Lat": 52.1812,
        "Brigade": "3"
      },
      {
        "Lon": 21.0544,
        "Time": "2017-05-14 00:07:01",
        "Lines": "108",
        "Lat": 52.1809,
        "Brigade": "3"
      },
      {
        "Lon": 21.0531,
        "Time": "2017-05-14 00:07:12",
        "Lines": "108",
        "Lat": 52.18,
        "Brigade": "3"
      },
      {
        "Lon": 21.0525,
        "Time": "2017-05-14 00:07:23",
        "Lines": "108",
        "Lat": 52.1797,
        "Brigade": "3"
      },
      {
        "Lon": 21.052,
        "Time": "2017-05-14 00:07:34",
        "Lines": "108",
        "Lat": 52.1793,
        "Brigade": "3"
      },
      {
        "Lon": 21.0505,
        "Time": "2017-05-14 00:07:46",
        "Lines": "108",
        "Lat": 52.1784,
        "Brigade": "3"
      },
      {
        "Lon": 21.0486,
        "Time": "2017-05-14 00:07:57",
        "Lines": "108",
        "Lat": 52.1778,
        "Brigade": "3"
      },
      {
        "Lon": 21.0474,
        "Time": "2017-05-14 00:08:09",
        "Lines": "108",
        "Lat": 52.1777,
        "Brigade": "3"
      },
      {
        "Lon": 21.0467,
        "Time": "2017-05-14 00:08:20",
        "Lines": "108",
        "Lat": 52.1775,
        "Brigade": "3"
      },
      {
        "Lon": 21.0459,
        "Time": "2017-05-14 00:08:31",
        "Lines": "108",
        "Lat": 52.1775,
        "Brigade": "3"
      },
      {
        "Lon": 21.0459,
        "Time": "2017-05-14 00:08:43",
        "Lines": "108",
        "Lat": 52.1775,
        "Brigade": "3"
      },
      {
        "Lon": 21.0459,
        "Time": "2017-05-14 00:08:55",
        "Lines": "108",
        "Lat": 52.1775,
        "Brigade": "3"
      },
      {
        "Lon": 21.046,
        "Time": "2017-05-14 00:09:06",
        "Lines": "108",
        "Lat": 52.1774,
        "Brigade": "3"
      },
      {
        "Lon": 21.0459,
        "Time": "2017-05-14 00:09:18",
        "Lines": "108",
        "Lat": 52.1774,
        "Brigade": "3"
      },
      {
        "Lon": 21.0459,
        "Time": "2017-05-14 00:09:29",
        "Lines": "108",
        "Lat": 52.1774,
        "Brigade": "3"
      },
      {
        "Lon": 21.0446,
        "Time": "2017-05-14 00:09:40",
        "Lines": "108",
        "Lat": 52.1773,
        "Brigade": "3"
      },
      {
        "Lon": 21.0441,
        "Time": "2017-05-14 00:09:52",
        "Lines": "108",
        "Lat": 52.1767,
        "Brigade": "3"
      },
      {
        "Lon": 21.031,
        "Time": "2017-05-14 00:11:23",
        "Lines": "108",
        "Lat": 52.1778,
        "Brigade": "3"
      },
      {
        "Lon": 21.0281,
        "Time": "2017-05-14 00:11:36",
        "Lines": "108",
        "Lat": 52.1784,
        "Brigade": "3"
      },
      {
        "Lon": 21.026,
        "Time": "2017-05-14 00:11:48",
        "Lines": "108",
        "Lat": 52.1788,
        "Brigade": "3"
      },
      {
        "Lon": 21.024,
        "Time": "2017-05-14 00:11:59",
        "Lines": "108",
        "Lat": 52.1792,
        "Brigade": "3"
      },
      {
        "Lon": 21.0228,
        "Time": "2017-05-14 00:12:10",
        "Lines": "108",
        "Lat": 52.1794,
        "Brigade": "3"
      },
      {
        "Lon": 21.0227,
        "Time": "2017-05-14 00:12:22",
        "Lines": "108",
        "Lat": 52.1798,
        "Brigade": "3"
      },
      {
        "Lon": 21.0234,
        "Time": "2017-05-14 00:12:33",
        "Lines": "108",
        "Lat": 52.1799,
        "Brigade": "3"
      },
      {
        "Lon": 21.0234,
        "Time": "2017-05-14 00:12:45",
        "Lines": "108",
        "Lat": 52.1799,
        "Brigade": "3"
      },
      {
        "Lon": 21.0238,
        "Time": "2017-05-14 00:12:57",
        "Lines": "108",
        "Lat": 52.1799,
        "Brigade": "3"
      },
      {
        "Lon": 21.0238,
        "Time": "2017-05-14 00:13:08",
        "Lines": "108",
        "Lat": 52.1799,
        "Brigade": "3"
      },
      {
        "Lon": 21.0238,
        "Time": "2017-05-14 00:13:20",
        "Lines": "108",
        "Lat": 52.1799,
        "Brigade": "3"
      },
      {
        "Lon": 21.0238,
        "Time": "2017-05-14 00:13:31",
        "Lines": "108",
        "Lat": 52.1799,
        "Brigade": "3"
      },
      {
        "Lon": 21.0238,
        "Time": "2017-05-14 00:13:42",
        "Lines": "108",
        "Lat": 52.1799,
        "Brigade": "3"
      },
      {
        "Lon": 21.0238,
        "Time": "2017-05-14 00:13:54",
        "Lines": "108",
        "Lat": 52.1799,
        "Brigade": "3"
      },
      {
        "Lon": 21.0238,
        "Time": "2017-05-14 00:14:05",
        "Lines": "108",
        "Lat": 52.1799,
        "Brigade": "3"
      },
      {
        "Lon": 21.0238,
        "Time": "2017-05-14 00:14:17",
        "Lines": "108",
        "Lat": 52.1799,
        "Brigade": "3"
      },
      {
        "Lon": 21.0238,
        "Time": "2017-05-14 00:14:28",
        "Lines": "108",
        "Lat": 52.1799,
        "Brigade": "3"
      },
      {
        "Lon": 21.0238,
        "Time": "2017-05-14 00:14:40",
        "Lines": "108",
        "Lat": 52.1799,
        "Brigade": "3"
      },
      {
        "Lon": 21.0238,
        "Time": "2017-05-14 00:14:51",
        "Lines": "108",
        "Lat": 52.1799,
        "Brigade": "3"
      },
      {
        "Lon": 21.0238,
        "Time": "2017-05-14 00:15:04",
        "Lines": "108",
        "Lat": 52.1799,
        "Brigade": "3"
      },
      {
        "Lon": 21.0238,
        "Time": "2017-05-14 00:15:15",
        "Lines": "108",
        "Lat": 52.1799,
        "Brigade": "3"
      },
      {
        "Lon": 21.0238,
        "Time": "2017-05-14 00:15:27",
        "Lines": "108",
        "Lat": 52.1799,
        "Brigade": "3"
      },
      {
        "Lon": 21.0238,
        "Time": "2017-05-14 00:15:38",
        "Lines": "108",
        "Lat": 52.1799,
        "Brigade": "3"
      },
      {
        "Lon": 21.0238,
        "Time": "2017-05-14 00:15:49",
        "Lines": "108",
        "Lat": 52.1799,
        "Brigade": "3"
      },
      {
        "Lon": 21.0238,
        "Time": "2017-05-14 00:16:01",
        "Lines": "108",
        "Lat": 52.1799,
        "Brigade": "3"
      },
      {
        "Lon": 21.0238,
        "Time": "2017-05-14 00:16:12",
        "Lines": "108",
        "Lat": 52.1799,
        "Brigade": "3"
      },
      {
        "Lon": 21.0238,
        "Time": "2017-05-14 00:16:24",
        "Lines": "108",
        "Lat": 52.1799,
        "Brigade": "3"
      },
      {
        "Lon": 21.0238,
        "Time": "2017-05-14 00:16:35",
        "Lines": "108",
        "Lat": 52.1799,
        "Brigade": "3"
      },
      {
        "Lon": 21.0238,
        "Time": "2017-05-14 00:16:46",
        "Lines": "108",
        "Lat": 52.1799,
        "Brigade": "3"
      },
      {
        "Lon": 21.0238,
        "Time": "2017-05-14 00:16:58",
        "Lines": "108",
        "Lat": 52.1799,
        "Brigade": "3"
      },
      {
        "Lon": 21.0238,
        "Time": "2017-05-14 00:17:09",
        "Lines": "108",
        "Lat": 52.1799,
        "Brigade": "3"
      },
      {
        "Lon": 21.0238,
        "Time": "2017-05-14 00:17:22",
        "Lines": "108",
        "Lat": 52.1799,
        "Brigade": "3"
      },
      {
        "Lon": 21.0243,
        "Time": "2017-05-14 00:17:33",
        "Lines": "108",
        "Lat": 52.1798,
        "Brigade": "3"
      },
      {
        "Lon": 21.0248,
        "Time": "2017-05-14 00:17:44",
        "Lines": "108",
        "Lat": 52.1797,
        "Brigade": "3"
      },
      {
        "Lon": 21.0245,
        "Time": "2017-05-14 00:17:57",
        "Lines": "108",
        "Lat": 52.1792,
        "Brigade": "3"
      },
      {
        "Lon": 21.0245,
        "Time": "2017-05-14 00:18:10",
        "Lines": "108",
        "Lat": 52.1792,
        "Brigade": "3"
      },
      {
        "Lon": 21.0245,
        "Time": "2017-05-14 00:18:21",
        "Lines": "108",
        "Lat": 52.1792,
        "Brigade": "3"
      },
      {
        "Lon": 21.0245,
        "Time": "2017-05-14 00:18:33",
        "Lines": "108",
        "Lat": 52.1792,
        "Brigade": "3"
      },
      {
        "Lon": 21.0245,
        "Time": "2017-05-14 00:18:44",
        "Lines": "108",
        "Lat": 52.1792,
        "Brigade": "3"
      },
      {
        "Lon": 21.0245,
        "Time": "2017-05-14 00:18:55",
        "Lines": "108",
        "Lat": 52.1792,
        "Brigade": "3"
      },
      {
        "Lon": 21.0245,
        "Time": "2017-05-14 00:19:07",
        "Lines": "108",
        "Lat": 52.1792,
        "Brigade": "3"
      },
      {
        "Lon": 21.024,
        "Time": "2017-05-14 00:19:18",
        "Lines": "108",
        "Lat": 52.1791,
        "Brigade": "3"
      },
      {
        "Lon": 21.0232,
        "Time": "2017-05-14 00:19:30",
        "Lines": "108",
        "Lat": 52.1793,
        "Brigade": "3"
      },
      {
        "Lon": 21.0228,
        "Time": "2017-05-14 00:19:41",
        "Lines": "108",
        "Lat": 52.1794,
        "Brigade": "3"
      },
      {
        "Lon": 21.0228,
        "Time": "2017-05-14 00:19:52",
        "Lines": "108",
        "Lat": 52.1794,
        "Brigade": "3"
      },
      {
        "Lon": 21.0228,
        "Time": "2017-05-14 00:20:04",
        "Lines": "108",
        "Lat": 52.1794,
        "Brigade": "3"
      },
      {
        "Lon": 21.0228,
        "Time": "2017-05-14 00:20:15",
        "Lines": "108",
        "Lat": 52.1794,
        "Brigade": "3"
      },
      {
        "Lon": 21.0225,
        "Time": "2017-05-14 00:20:26",
        "Lines": "108",
        "Lat": 52.1794,
        "Brigade": "3"
      },
      {
        "Lon": 21.0216,
        "Time": "2017-05-14 00:20:37",
        "Lines": "108",
        "Lat": 52.18,
        "Brigade": "3"
      },
      {
        "Lon": 21.0211,
        "Time": "2017-05-14 00:20:49",
        "Lines": "108",
        "Lat": 52.1808,
        "Brigade": "3"
      },
      {
        "Lon": 21.0211,
        "Time": "2017-05-14 00:21:00",
        "Lines": "108",
        "Lat": 52.1811,
        "Brigade": "3"
      },
      {
        "Lon": 21.0211,
        "Time": "2017-05-14 00:21:12",
        "Lines": "108",
        "Lat": 52.1811,
        "Brigade": "3"
      },
      {
        "Lon": 21.0209,
        "Time": "2017-05-14 00:21:23",
        "Lines": "108",
        "Lat": 52.182,
        "Brigade": "3"
      },
      {
        "Lon": 21.0206,
        "Time": "2017-05-14 00:21:34",
        "Lines": "108",
        "Lat": 52.1832,
        "Brigade": "3"
      },
      {
        "Lon": 21.0199,
        "Time": "2017-05-14 00:21:46",
        "Lines": "108",
        "Lat": 52.1845,
        "Brigade": "3"
      },
      {
        "Lon": 21.0199,
        "Time": "2017-05-14 00:21:57",
        "Lines": "108",
        "Lat": 52.1845,
        "Brigade": "3"
      },
      {
        "Lon": 21.018,
        "Time": "2017-05-14 00:22:08",
        "Lines": "108",
        "Lat": 52.1875,
        "Brigade": "3"
      },
      {
        "Lon": 21.0173,
        "Time": "2017-05-14 00:22:19",
        "Lines": "108",
        "Lat": 52.1888,
        "Brigade": "3"
      },
      {
        "Lon": 21.017,
        "Time": "2017-05-14 00:22:31",
        "Lines": "108",
        "Lat": 52.1892,
        "Brigade": "3"
      },
      {
        "Lon": 21.0157,
        "Time": "2017-05-14 00:22:42",
        "Lines": "108",
        "Lat": 52.1891,
        "Brigade": "3"
      },
      {
        "Lon": 21.0139,
        "Time": "2017-05-14 00:22:54",
        "Lines": "108",
        "Lat": 52.1891,
        "Brigade": "3"
      },
      {
        "Lon": 21.0125,
        "Time": "2017-05-14 00:23:05",
        "Lines": "108",
        "Lat": 52.1891,
        "Brigade": "3"
      },
      {
        "Lon": 21.012,
        "Time": "2017-05-14 00:23:16",
        "Lines": "108",
        "Lat": 52.1891,
        "Brigade": "3"
      },
      {
        "Lon": 21.0113,
        "Time": "2017-05-14 00:23:28",
        "Lines": "108",
        "Lat": 52.1891,
        "Brigade": "3"
      },
      {
        "Lon": 21.0095,
        "Time": "2017-05-14 00:23:39",
        "Lines": "108",
        "Lat": 52.1891,
        "Brigade": "3"
      },
      {
        "Lon": 21.0079,
        "Time": "2017-05-14 00:23:51",
        "Lines": "108",
        "Lat": 52.1891,
        "Brigade": "3"
      },
      {
        "Lon": 21.0077,
        "Time": "2017-05-14 00:24:03",
        "Lines": "108",
        "Lat": 52.1891,
        "Brigade": "3"
      },
      {
        "Lon": 21.0076,
        "Time": "2017-05-14 00:24:14",
        "Lines": "108",
        "Lat": 52.1891,
        "Brigade": "3"
      },
      {
        "Lon": 21.006,
        "Time": "2017-05-14 00:24:26",
        "Lines": "108",
        "Lat": 52.189,
        "Brigade": "3"
      },
      {
        "Lon": 21.0031,
        "Time": "2017-05-14 00:24:37",
        "Lines": "108",
        "Lat": 52.189,
        "Brigade": "3"
      },
      {
        "Lon": 21.0005,
        "Time": "2017-05-14 00:24:48",
        "Lines": "108",
        "Lat": 52.189,
        "Brigade": "3"
      },
      {
        "Lon": 20.9962,
        "Time": "2017-05-14 00:25:11",
        "Lines": "108",
        "Lat": 52.1888,
        "Brigade": "3"
      },
      {
        "Lon": 20.9962,
        "Time": "2017-05-14 00:25:22",
        "Lines": "108",
        "Lat": 52.1886,
        "Brigade": "3"
      }
    ]
  }
]
