[
  {
    "res": [
      {
        "Lon": 21.0466,
        "Time": "2017-05-14 00:00:16",
        "Lines": "108",
        "Lat": 52.2138,
        "Brigade": "61"
      },
      {
        "Lon": 21.0462,
        "Time": "2017-05-14 00:00:26",
        "Lines": "108",
        "Lat": 52.215,
        "Brigade": "61"
      },
      {
        "Lon": 21.046,
        "Time": "2017-05-14 00:00:37",
        "Lines": "108",
        "Lat": 52.2158,
        "Brigade": "61"
      },
      {
        "Lon": 21.046,
        "Time": "2017-05-14 00:00:47",
        "Lines": "108",
        "Lat": 52.2158,
        "Brigade": "61"
      },
      {
        "Lon": 21.046,
        "Time": "2017-05-14 00:00:57",
        "Lines": "108",
        "Lat": 52.2158,
        "Brigade": "61"
      },
      {
        "Lon": 21.046,
        "Time": "2017-05-14 00:01:12",
        "Lines": "108",
        "Lat": 52.2158,
        "Brigade": "61"
      },
      {
        "Lon": 21.046,
        "Time": "2017-05-14 00:01:22",
        "Lines": "108",
        "Lat": 52.2158,
        "Brigade": "61"
      },
      {
        "Lon": 21.046,
        "Time": "2017-05-14 00:01:32",
        "Lines": "108",
        "Lat": 52.2158,
        "Brigade": "61"
      },
      {
        "Lon": 21.046,
        "Time": "2017-05-14 00:01:42",
        "Lines": "108",
        "Lat": 52.2158,
        "Brigade": "61"
      },
      {
        "Lon": 21.046,
        "Time": "2017-05-14 00:01:52",
        "Lines": "108",
        "Lat": 52.2158,
        "Brigade": "61"
      },
      {
        "Lon": 21.0453,
        "Time": "2017-05-14 00:02:02",
        "Lines": "108",
        "Lat": 52.216,
        "Brigade": "61"
      },
      {
        "Lon": 21.0446,
        "Time": "2017-05-14 00:02:17",
        "Lines": "108",
        "Lat": 52.2161,
        "Brigade": "61"
      },
      {
        "Lon": 21.0431,
        "Time": "2017-05-14 00:02:27",
        "Lines": "108",
        "Lat": 52.2163,
        "Brigade": "61"
      },
      {
        "Lon": 21.041,
        "Time": "2017-05-14 00:02:37",
        "Lines": "108",
        "Lat": 52.2166,
        "Brigade": "61"
      },
      {
        "Lon": 21.0391,
        "Time": "2017-05-14 00:02:46",
        "Lines": "108",
        "Lat": 52.2169,
        "Brigade": "61"
      },
      {
        "Lon": 21.0377,
        "Time": "2017-05-14 00:02:58",
        "Lines": "108",
        "Lat": 52.2171,
        "Brigade": "61"
      },
      {
        "Lon": 21.0376,
        "Time": "2017-05-14 00:03:03",
        "Lines": "108",
        "Lat": 52.2173,
        "Brigade": "61"
      },
      {
        "Lon": 21.0375,
        "Time": "2017-05-14 00:03:14",
        "Lines": "108",
        "Lat": 52.2176,
        "Brigade": "61"
      },
      {
        "Lon": 21.0367,
        "Time": "2017-05-14 00:03:31",
        "Lines": "108",
        "Lat": 52.2195,
        "Brigade": "61"
      },
      {
        "Lon": 21.0363,
        "Time": "2017-05-14 00:03:41",
        "Lines": "108",
        "Lat": 52.2206,
        "Brigade": "61"
      },
      {
        "Lon": 21.036,
        "Time": "2017-05-14 00:03:51",
        "Lines": "108",
        "Lat": 52.2215,
        "Brigade": "61"
      },
      {
        "Lon": 21.036,
        "Time": "2017-05-14 00:04:06",
        "Lines": "108",
        "Lat": 52.2217,
        "Brigade": "61"
      },
      {
        "Lon": 21.0361,
        "Time": "2017-05-14 00:04:16",
        "Lines": "108",
        "Lat": 52.2218,
        "Brigade": "61"
      },
      {
        "Lon": 21.0358,
        "Time": "2017-05-14 00:04:26",
        "Lines": "108",
        "Lat": 52.2223,
        "Brigade": "61"
      },
      {
        "Lon": 21.0356,
        "Time": "2017-05-14 00:04:36",
        "Lines": "108",
        "Lat": 52.2225,
        "Brigade": "61"
      },
      {
        "Lon": 21.0352,
        "Time": "2017-05-14 00:04:51",
        "Lines": "108",
        "Lat": 52.2236,
        "Brigade": "61"
      },
      {
        "Lon": 21.0347,
        "Time": "2017-05-14 00:05:01",
        "Lines": "108",
        "Lat": 52.2244,
        "Brigade": "61"
      },
      {
        "Lon": 21.0346,
        "Time": "2017-05-14 00:05:11",
        "Lines": "108",
        "Lat": 52.2247,
        "Brigade": "61"
      },
      {
        "Lon": 21.0346,
        "Time": "2017-05-14 00:05:22",
        "Lines": "108",
        "Lat": 52.225,
        "Brigade": "61"
      },
      {
        "Lon": 21.0344,
        "Time": "2017-05-14 00:05:29",
        "Lines": "108",
        "Lat": 52.2254,
        "Brigade": "61"
      },
      {
        "Lon": 21.0344,
        "Time": "2017-05-14 00:05:42",
        "Lines": "108",
        "Lat": 52.2255,
        "Brigade": "61"
      },
      {
        "Lon": 21.0339,
        "Time": "2017-05-14 00:05:56",
        "Lines": "108",
        "Lat": 52.2267,
        "Brigade": "61"
      },
      {
        "Lon": 21.0334,
        "Time": "2017-05-14 00:06:07",
        "Lines": "108",
        "Lat": 52.2274,
        "Brigade": "61"
      },
      {
        "Lon": 21.033,
        "Time": "2017-05-14 00:06:17",
        "Lines": "108",
        "Lat": 52.2277,
        "Brigade": "61"
      },
      {
        "Lon": 21.0327,
        "Time": "2017-05-14 00:06:27",
        "Lines": "108",
        "Lat": 52.228,
        "Brigade": "61"
      },
      {
        "Lon": 21.0325,
        "Time": "2017-05-14 00:06:42",
        "Lines": "108",
        "Lat": 52.2283,
        "Brigade": "61"
      },
      {
        "Lon": 21.032,
        "Time": "2017-05-14 00:06:52",
        "Lines": "108",
        "Lat": 52.2288,
        "Brigade": "61"
      },
      {
        "Lon": 21.0315,
        "Time": "2017-05-14 00:07:02",
        "Lines": "108",
        "Lat": 52.2293,
        "Brigade": "61"
      },
      {
        "Lon": 21.031,
        "Time": "2017-05-14 00:07:12",
        "Lines": "108",
        "Lat": 52.2297,
        "Brigade": "61"
      },
      {
        "Lon": 21.0309,
        "Time": "2017-05-14 00:07:27",
        "Lines": "108",
        "Lat": 52.2299,
        "Brigade": "61"
      },
      {
        "Lon": 21.0307,
        "Time": "2017-05-14 00:07:37",
        "Lines": "108",
        "Lat": 52.2301,
        "Brigade": "61"
      },
      {
        "Lon": 21.0302,
        "Time": "2017-05-14 00:07:47",
        "Lines": "108",
        "Lat": 52.2301,
        "Brigade": "61"
      },
      {
        "Lon": 21.0298,
        "Time": "2017-05-14 00:07:58",
        "Lines": "108",
        "Lat": 52.2301,
        "Brigade": "61"
      },
      {
        "Lon": 21.0297,
        "Time": "2017-05-14 00:08:06",
        "Lines": "108",
        "Lat": 52.2301,
        "Brigade": "61"
      },
      {
        "Lon": 21.0276,
        "Time": "2017-05-14 00:08:22",
        "Lines": "108",
        "Lat": 52.2298,
        "Brigade": "61"
      },
      {
        "Lon": 21.0254,
        "Time": "2017-05-14 00:08:32",
        "Lines": "108",
        "Lat": 52.2299,
        "Brigade": "61"
      },
      {
        "Lon": 21.0238,
        "Time": "2017-05-14 00:08:42",
        "Lines": "108",
        "Lat": 52.2298,
        "Brigade": "61"
      },
      {
        "Lon": 21.023,
        "Time": "2017-05-14 00:08:52",
        "Lines": "108",
        "Lat": 52.2298,
        "Brigade": "61"
      },
      {
        "Lon": 21.0224,
        "Time": "2017-05-14 00:09:06",
        "Lines": "108",
        "Lat": 52.2298,
        "Brigade": "61"
      },
      {
        "Lon": 21.0223,
        "Time": "2017-05-14 00:09:16",
        "Lines": "108",
        "Lat": 52.2298,
        "Brigade": "61"
      },
      {
        "Lon": 21.0221,
        "Time": "2017-05-14 00:09:26",
        "Lines": "108",
        "Lat": 52.2294,
        "Brigade": "61"
      },
      {
        "Lon": 21.0225,
        "Time": "2017-05-14 00:09:36",
        "Lines": "108",
        "Lat": 52.2284,
        "Brigade": "61"
      },
      {
        "Lon": 21.023,
        "Time": "2017-05-14 00:09:51",
        "Lines": "108",
        "Lat": 52.2279,
        "Brigade": "61"
      },
      {
        "Lon": 21.023,
        "Time": "2017-05-14 00:10:01",
        "Lines": "108",
        "Lat": 52.2279,
        "Brigade": "61"
      },
      {
        "Lon": 21.0232,
        "Time": "2017-05-14 00:10:25",
        "Lines": "108",
        "Lat": 52.2288,
        "Brigade": "61"
      },
      {
        "Lon": 21.0232,
        "Time": "2017-05-14 00:10:37",
        "Lines": "108",
        "Lat": 52.2288,
        "Brigade": "61"
      },
      {
        "Lon": 21.0232,
        "Time": "2017-05-14 00:10:47",
        "Lines": "108",
        "Lat": 52.2288,
        "Brigade": "61"
      },
      {
        "Lon": 21.0231,
        "Time": "2017-05-14 00:10:57",
        "Lines": "108",
        "Lat": 52.2288,
        "Brigade": "61"
      },
      {
        "Lon": 21.0231,
        "Time": "2017-05-14 00:11:07",
        "Lines": "108",
        "Lat": 52.2288,
        "Brigade": "61"
      },
      {
        "Lon": 21.0231,
        "Time": "2017-05-14 00:11:17",
        "Lines": "108",
        "Lat": 52.2288,
        "Brigade": "61"
      },
      {
        "Lon": 21.0231,
        "Time": "2017-05-14 00:11:27",
        "Lines": "108",
        "Lat": 52.2288,
        "Brigade": "61"
      },
      {
        "Lon": 21.0231,
        "Time": "2017-05-14 00:11:41",
        "Lines": "108",
        "Lat": 52.2288,
        "Brigade": "61"
      },
      {
        "Lon": 21.0231,
        "Time": "2017-05-14 00:11:52",
        "Lines": "108",
        "Lat": 52.2288,
        "Brigade": "61"
      },
      {
        "Lon": 21.0231,
        "Time": "2017-05-14 00:12:01",
        "Lines": "108",
        "Lat": 52.2288,
        "Brigade": "61"
      },
      {
        "Lon": 21.0231,
        "Time": "2017-05-14 00:12:12",
        "Lines": "108",
        "Lat": 52.2288,
        "Brigade": "61"
      },
      {
        "Lon": 21.0231,
        "Time": "2017-05-14 00:12:27",
        "Lines": "108",
        "Lat": 52.2288,
        "Brigade": "61"
      },
      {
        "Lon": 21.0231,
        "Time": "2017-05-14 00:12:37",
        "Lines": "108",
        "Lat": 52.2288,
        "Brigade": "61"
      },
      {
        "Lon": 21.0231,
        "Time": "2017-05-14 00:12:47",
        "Lines": "108",
        "Lat": 52.2288,
        "Brigade": "61"
      },
      {
        "Lon": 21.0231,
        "Time": "2017-05-14 00:12:57",
        "Lines": "108",
        "Lat": 52.2288,
        "Brigade": "61"
      },
      {
        "Lon": 21.0231,
        "Time": "2017-05-14 00:13:12",
        "Lines": "108",
        "Lat": 52.2288,
        "Brigade": "61"
      },
      {
        "Lon": 21.0231,
        "Time": "2017-05-14 00:13:21",
        "Lines": "108",
        "Lat": 52.2288,
        "Brigade": "61"
      },
      {
        "Lon": 21.0227,
        "Time": "2017-05-14 00:13:31",
        "Lines": "108",
        "Lat": 52.2294,
        "Brigade": "61"
      },
      {
        "Lon": 21.0225,
        "Time": "2017-05-14 00:13:42",
        "Lines": "108",
        "Lat": 52.2296,
        "Brigade": "61"
      },
      {
        "Lon": 21.023,
        "Time": "2017-05-14 00:13:51",
        "Lines": "108",
        "Lat": 52.2298,
        "Brigade": "61"
      },
      {
        "Lon": 21.0289,
        "Time": "2017-05-14 00:14:17",
        "Lines": "108",
        "Lat": 52.23,
        "Brigade": "61"
      },
      {
        "Lon": 21.0301,
        "Time": "2017-05-14 00:14:29",
        "Lines": "108",
        "Lat": 52.2302,
        "Brigade": "61"
      },
      {
        "Lon": 21.0307,
        "Time": "2017-05-14 00:14:42",
        "Lines": "108",
        "Lat": 52.23,
        "Brigade": "61"
      },
      {
        "Lon": 21.0313,
        "Time": "2017-05-14 00:14:52",
        "Lines": "108",
        "Lat": 52.2295,
        "Brigade": "61"
      },
      {
        "Lon": 21.0314,
        "Time": "2017-05-14 00:15:02",
        "Lines": "108",
        "Lat": 52.2293,
        "Brigade": "61"
      },
      {
        "Lon": 21.0319,
        "Time": "2017-05-14 00:15:12",
        "Lines": "108",
        "Lat": 52.229,
        "Brigade": "61"
      },
      {
        "Lon": 21.0325,
        "Time": "2017-05-14 00:15:27",
        "Lines": "108",
        "Lat": 52.2284,
        "Brigade": "61"
      },
      {
        "Lon": 21.0327,
        "Time": "2017-05-14 00:15:37",
        "Lines": "108",
        "Lat": 52.2282,
        "Brigade": "61"
      },
      {
        "Lon": 21.0327,
        "Time": "2017-05-14 00:15:46",
        "Lines": "108",
        "Lat": 52.2281,
        "Brigade": "61"
      },
      {
        "Lon": 21.0332,
        "Time": "2017-05-14 00:15:57",
        "Lines": "108",
        "Lat": 52.2277,
        "Brigade": "61"
      },
      {
        "Lon": 21.0339,
        "Time": "2017-05-14 00:16:11",
        "Lines": "108",
        "Lat": 52.2268,
        "Brigade": "61"
      },
      {
        "Lon": 21.034,
        "Time": "2017-05-14 00:16:22",
        "Lines": "108",
        "Lat": 52.2266,
        "Brigade": "61"
      },
      {
        "Lon": 21.0343,
        "Time": "2017-05-14 00:16:31",
        "Lines": "108",
        "Lat": 52.2258,
        "Brigade": "61"
      },
      {
        "Lon": 21.0346,
        "Time": "2017-05-14 00:16:42",
        "Lines": "108",
        "Lat": 52.2252,
        "Brigade": "61"
      },
      {
        "Lon": 21.0346,
        "Time": "2017-05-14 00:16:51",
        "Lines": "108",
        "Lat": 52.2251,
        "Brigade": "61"
      },
      {
        "Lon": 21.0347,
        "Time": "2017-05-14 00:17:02",
        "Lines": "108",
        "Lat": 52.2249,
        "Brigade": "61"
      },
      {
        "Lon": 21.0351,
        "Time": "2017-05-14 00:17:12",
        "Lines": "108",
        "Lat": 52.2239,
        "Brigade": "61"
      },
      {
        "Lon": 21.0356,
        "Time": "2017-05-14 00:17:36",
        "Lines": "108",
        "Lat": 52.2221,
        "Brigade": "61"
      },
      {
        "Lon": 21.0361,
        "Time": "2017-05-14 00:17:52",
        "Lines": "108",
        "Lat": 52.2212,
        "Brigade": "61"
      },
      {
        "Lon": 21.0361,
        "Time": "2017-05-14 00:18:01",
        "Lines": "108",
        "Lat": 52.2212,
        "Brigade": "61"
      },
      {
        "Lon": 21.0363,
        "Time": "2017-05-14 00:18:12",
        "Lines": "108",
        "Lat": 52.2207,
        "Brigade": "61"
      },
      {
        "Lon": 21.0367,
        "Time": "2017-05-14 00:18:21",
        "Lines": "108",
        "Lat": 52.2196,
        "Brigade": "61"
      },
      {
        "Lon": 21.0374,
        "Time": "2017-05-14 00:18:36",
        "Lines": "108",
        "Lat": 52.2179,
        "Brigade": "61"
      },
      {
        "Lon": 21.0377,
        "Time": "2017-05-14 00:18:46",
        "Lines": "108",
        "Lat": 52.2172,
        "Brigade": "61"
      },
      {
        "Lon": 21.0384,
        "Time": "2017-05-14 00:18:57",
        "Lines": "108",
        "Lat": 52.217,
        "Brigade": "61"
      },
      {
        "Lon": 21.04,
        "Time": "2017-05-14 00:19:09",
        "Lines": "108",
        "Lat": 52.2168,
        "Brigade": "61"
      },
      {
        "Lon": 21.0406,
        "Time": "2017-05-14 00:19:11",
        "Lines": "108",
        "Lat": 52.2167,
        "Brigade": "61"
      },
      {
        "Lon": 21.0413,
        "Time": "2017-05-14 00:19:26",
        "Lines": "108",
        "Lat": 52.2165,
        "Brigade": "61"
      },
      {
        "Lon": 21.0437,
        "Time": "2017-05-14 00:19:42",
        "Lines": "108",
        "Lat": 52.2162,
        "Brigade": "61"
      },
      {
        "Lon": 21.0452,
        "Time": "2017-05-14 00:19:51",
        "Lines": "108",
        "Lat": 52.216,
        "Brigade": "61"
      },
      {
        "Lon": 21.0458,
        "Time": "2017-05-14 00:20:02",
        "Lines": "108",
        "Lat": 52.2159,
        "Brigade": "61"
      },
      {
        "Lon": 21.0459,
        "Time": "2017-05-14 00:20:12",
        "Lines": "108",
        "Lat": 52.2155,
        "Brigade": "61"
      },
      {
        "Lon": 21.0459,
        "Time": "2017-05-14 00:20:24",
        "Lines": "108",
        "Lat": 52.2153,
        "Brigade": "61"
      },
      {
        "Lon": 21.0461,
        "Time": "2017-05-14 00:20:37",
        "Lines": "108",
        "Lat": 52.2149,
        "Brigade": "61"
      },
      {
        "Lon": 21.0465,
        "Time": "2017-05-14 00:20:47",
        "Lines": "108",
        "Lat": 52.214,
        "Brigade": "61"
      },
      {
        "Lon": 21.0469,
        "Time": "2017-05-14 00:20:57",
        "Lines": "108",
        "Lat": 52.2128,
        "Brigade": "61"
      },
      {
        "Lon": 21.0472,
        "Time": "2017-05-14 00:21:06",
        "Lines": "108",
        "Lat": 52.2119,
        "Brigade": "61"
      },
      {
        "Lon": 21.0473,
        "Time": "2017-05-14 00:21:17",
        "Lines": "108",
        "Lat": 52.2117,
        "Brigade": "61"
      },
      {
        "Lon": 21.0473,
        "Time": "2017-05-14 00:21:32",
        "Lines": "108",
        "Lat": 52.2117,
        "Brigade": "61"
      },
      {
        "Lon": 21.0473,
        "Time": "2017-05-14 00:21:42",
        "Lines": "108",
        "Lat": 52.2117,
        "Brigade": "61"
      },
      {
        "Lon": 21.0473,
        "Time": "2017-05-14 00:21:52",
        "Lines": "108",
        "Lat": 52.2117,
        "Brigade": "61"
      },
      {
        "Lon": 21.0481,
        "Time": "2017-05-14 00:22:04",
        "Lines": "108",
        "Lat": 52.2117,
        "Brigade": "61"
      },
      {
        "Lon": 21.0482,
        "Time": "2017-05-14 00:22:17",
        "Lines": "108",
        "Lat": 52.2118,
        "Brigade": "61"
      },
      {
        "Lon": 21.0482,
        "Time": "2017-05-14 00:22:27",
        "Lines": "108",
        "Lat": 52.2118,
        "Brigade": "61"
      },
      {
        "Lon": 21.0482,
        "Time": "2017-05-14 00:22:37",
        "Lines": "108",
        "Lat": 52.2118,
        "Brigade": "61"
      },
      {
        "Lon": 21.0487,
        "Time": "2017-05-14 00:22:47",
        "Lines": "108",
        "Lat": 52.212,
        "Brigade": "61"
      },
      {
        "Lon": 21.0496,
        "Time": "2017-05-14 00:22:57",
        "Lines": "108",
        "Lat": 52.2123,
        "Brigade": "61"
      },
      {
        "Lon": 21.0514,
        "Time": "2017-05-14 00:23:12",
        "Lines": "108",
        "Lat": 52.2126,
        "Brigade": "61"
      },
      {
        "Lon": 21.0528,
        "Time": "2017-05-14 00:23:22",
        "Lines": "108",
        "Lat": 52.2128,
        "Brigade": "61"
      },
      {
        "Lon": 21.0539,
        "Time": "2017-05-14 00:23:32",
        "Lines": "108",
        "Lat": 52.213,
        "Brigade": "61"
      },
      {
        "Lon": 21.0551,
        "Time": "2017-05-14 00:23:42",
        "Lines": "108",
        "Lat": 52.2131,
        "Brigade": "61"
      },
      {
        "Lon": 21.0566,
        "Time": "2017-05-14 00:23:52",
        "Lines": "108",
        "Lat": 52.2133,
        "Brigade": "61"
      },
      {
        "Lon": 21.0586,
        "Time": "2017-05-14 00:24:03",
        "Lines": "108",
        "Lat": 52.2129,
        "Brigade": "61"
      },
      {
        "Lon": 21.0595,
        "Time": "2017-05-14 00:24:16",
        "Lines": "108",
        "Lat": 52.2127,
        "Brigade": "61"
      },
      {
        "Lon": 21.0594,
        "Time": "2017-05-14 00:24:29",
        "Lines": "108",
        "Lat": 52.2127,
        "Brigade": "61"
      },
      {
        "Lon": 21.0595,
        "Time": "2017-05-14 00:24:37",
        "Lines": "108",
        "Lat": 52.2127,
        "Brigade": "61"
      },
      {
        "Lon": 21.0598,
        "Time": "2017-05-14 00:24:47",
        "Lines": "108",
        "Lat": 52.2127,
        "Brigade": "61"
      },
      {
        "Lon": 21.0612,
        "Time": "2017-05-14 00:24:57",
        "Lines": "108",
        "Lat": 52.2124,
        "Brigade": "61"
      },
      {
        "Lon": 21.0633,
        "Time": "2017-05-14 00:25:11",
        "Lines": "108",
        "Lat": 52.2122,
        "Brigade": "61"
      },
      {
        "Lon": 21.0637,
        "Time": "2017-05-14 00:25:21",
        "Lines": "108",
        "Lat": 52.2122,
        "Brigade": "61"
      },
      {
        "Lon": 21.0637,
        "Time": "2017-05-14 00:25:31",
        "Lines": "108",
        "Lat": 52.2122,
        "Brigade": "61"
      },
      {
        "Lon": 21.0637,
        "Time": "2017-05-14 00:25:41",
        "Lines": "108",
        "Lat": 52.2123,
        "Brigade": "61"
      },
      {
        "Lon": 21.0637,
        "Time": "2017-05-14 00:25:56",
        "Lines": "108",
        "Lat": 52.2123,
        "Brigade": "61"
      },
      {
        "Lon": 21.064,
        "Time": "2017-05-14 00:26:06",
        "Lines": "108",
        "Lat": 52.2123,
        "Brigade": "61"
      },
      {
        "Lon": 21.0653,
        "Time": "2017-05-14 00:26:16",
        "Lines": "108",
        "Lat": 52.2123,
        "Brigade": "61"
      },
      {
        "Lon": 21.0669,
        "Time": "2017-05-14 00:26:26",
        "Lines": "108",
        "Lat": 52.2124,
        "Brigade": "61"
      },
      {
        "Lon": 21.0674,
        "Time": "2017-05-14 00:26:37",
        "Lines": "108",
        "Lat": 52.2124,
        "Brigade": "61"
      },
      {
        "Lon": 21.0674,
        "Time": "2017-05-14 00:26:46",
        "Lines": "108",
        "Lat": 52.2124,
        "Brigade": "61"
      },
      {
        "Lon": 21.0694,
        "Time": "2017-05-14 00:27:01",
        "Lines": "108",
        "Lat": 52.2125,
        "Brigade": "61"
      },
      {
        "Lon": 21.0713,
        "Time": "2017-05-14 00:27:11",
        "Lines": "108",
        "Lat": 52.2125,
        "Brigade": "61"
      },
      {
        "Lon": 21.0727,
        "Time": "2017-05-14 00:27:21",
        "Lines": "108",
        "Lat": 52.2125,
        "Brigade": "61"
      },
      {
        "Lon": 21.0735,
        "Time": "2017-05-14 00:27:36",
        "Lines": "108",
        "Lat": 52.2122,
        "Brigade": "61"
      },
      {
        "Lon": 21.0737,
        "Time": "2017-05-14 00:27:46",
        "Lines": "108",
        "Lat": 52.2121,
        "Brigade": "61"
      },
      {
        "Lon": 21.0742,
        "Time": "2017-05-14 00:27:56",
        "Lines": "108",
        "Lat": 52.2117,
        "Brigade": "61"
      },
      {
        "Lon": 21.0749,
        "Time": "2017-05-14 00:28:06",
        "Lines": "108",
        "Lat": 52.2111,
        "Brigade": "61"
      },
      {
        "Lon": 21.0758,
        "Time": "2017-05-14 00:28:16",
        "Lines": "108",
        "Lat": 52.2102,
        "Brigade": "61"
      },
      {
        "Lon": 21.0768,
        "Time": "2017-05-14 00:28:26",
        "Lines": "108",
        "Lat": 52.2093,
        "Brigade": "61"
      },
      {
        "Lon": 21.0774,
        "Time": "2017-05-14 00:28:41",
        "Lines": "108",
        "Lat": 52.2088,
        "Brigade": "61"
      },
      {
        "Lon": 21.0777,
        "Time": "2017-05-14 00:28:51",
        "Lines": "108",
        "Lat": 52.2088,
        "Brigade": "61"
      },
      {
        "Lon": 21.0773,
        "Time": "2017-05-14 00:29:01",
        "Lines": "108",
        "Lat": 52.2082,
        "Brigade": "61"
      },
      {
        "Lon": 21.076,
        "Time": "2017-05-14 00:29:11",
        "Lines": "108",
        "Lat": 52.208,
        "Brigade": "61"
      },
      {
        "Lon": 21.0749,
        "Time": "2017-05-14 00:29:21",
        "Lines": "108",
        "Lat": 52.2076,
        "Brigade": "61"
      },
      {
        "Lon": 21.0745,
        "Time": "2017-05-14 00:29:36",
        "Lines": "108",
        "Lat": 52.2062,
        "Brigade": "61"
      },
      {
        "Lon": 21.0746,
        "Time": "2017-05-14 00:30:08",
        "Lines": "108",
        "Lat": 52.2035,
        "Brigade": "61"
      },
      {
        "Lon": 21.075,
        "Time": "2017-05-14 00:30:16",
        "Lines": "108",
        "Lat": 52.2032,
        "Brigade": "61"
      },
      {
        "Lon": 21.0761,
        "Time": "2017-05-14 00:30:27",
        "Lines": "108",
        "Lat": 52.2029,
        "Brigade": "61"
      },
      {
        "Lon": 21.0764,
        "Time": "2017-05-14 00:30:41",
        "Lines": "108",
        "Lat": 52.2018,
        "Brigade": "61"
      },
      {
        "Lon": 21.0768,
        "Time": "2017-05-14 00:30:53",
        "Lines": "108",
        "Lat": 52.201,
        "Brigade": "61"
      },
      {
        "Lon": 21.0774,
        "Time": "2017-05-14 00:31:04",
        "Lines": "108",
        "Lat": 52.2006,
        "Brigade": "61"
      },
      {
        "Lon": 21.0774,
        "Time": "2017-05-14 00:31:12",
        "Lines": "108",
        "Lat": 52.2006,
        "Brigade": "61"
      },
      {
        "Lon": 21.0788,
        "Time": "2017-05-14 00:31:26",
        "Lines": "108",
        "Lat": 52.1998,
        "Brigade": "61"
      },
      {
        "Lon": 21.08,
        "Time": "2017-05-14 00:31:36",
        "Lines": "108",
        "Lat": 52.1992,
        "Brigade": "61"
      },
      {
        "Lon": 21.0806,
        "Time": "2017-05-14 00:31:41",
        "Lines": "108",
        "Lat": 52.199,
        "Brigade": "61"
      },
      {
        "Lon": 21.0824,
        "Time": "2017-05-14 00:31:56",
        "Lines": "108",
        "Lat": 52.1985,
        "Brigade": "61"
      },
      {
        "Lon": 21.0838,
        "Time": "2017-05-14 00:32:06",
        "Lines": "108",
        "Lat": 52.1981,
        "Brigade": "61"
      },
      {
        "Lon": 21.0853,
        "Time": "2017-05-14 00:32:21",
        "Lines": "108",
        "Lat": 52.1971,
        "Brigade": "61"
      },
      {
        "Lon": 21.0862,
        "Time": "2017-05-14 00:32:31",
        "Lines": "108",
        "Lat": 52.1964,
        "Brigade": "61"
      },
      {
        "Lon": 21.0869,
        "Time": "2017-05-14 00:32:41",
        "Lines": "108",
        "Lat": 52.1958,
        "Brigade": "61"
      },
      {
        "Lon": 21.0879,
        "Time": "2017-05-14 00:32:55",
        "Lines": "108",
        "Lat": 52.195,
        "Brigade": "61"
      },
      {
        "Lon": 21.0881,
        "Time": "2017-05-14 00:33:06",
        "Lines": "108",
        "Lat": 52.1947,
        "Brigade": "61"
      },
      {
        "Lon": 21.0872,
        "Time": "2017-05-14 00:33:16",
        "Lines": "108",
        "Lat": 52.1944,
        "Brigade": "61"
      },
      {
        "Lon": 21.0852,
        "Time": "2017-05-14 00:33:26",
        "Lines": "108",
        "Lat": 52.194,
        "Brigade": "61"
      },
      {
        "Lon": 21.084,
        "Time": "2017-05-14 00:33:37",
        "Lines": "108",
        "Lat": 52.1934,
        "Brigade": "61"
      },
      {
        "Lon": 21.084,
        "Time": "2017-05-14 00:33:51",
        "Lines": "108",
        "Lat": 52.1934,
        "Brigade": "61"
      },
      {
        "Lon": 21.084,
        "Time": "2017-05-14 00:34:01",
        "Lines": "108",
        "Lat": 52.1932,
        "Brigade": "61"
      },
      {
        "Lon": 21.0837,
        "Time": "2017-05-14 00:34:11",
        "Lines": "108",
        "Lat": 52.1923,
        "Brigade": "61"
      },
      {
        "Lon": 21.083,
        "Time": "2017-05-14 00:34:26",
        "Lines": "108",
        "Lat": 52.1903,
        "Brigade": "61"
      },
      {
        "Lon": 21.0826,
        "Time": "2017-05-14 00:34:36",
        "Lines": "108",
        "Lat": 52.1891,
        "Brigade": "61"
      },
      {
        "Lon": 21.0821,
        "Time": "2017-05-14 00:34:46",
        "Lines": "108",
        "Lat": 52.1876,
        "Brigade": "61"
      },
      {
        "Lon": 21.0816,
        "Time": "2017-05-14 00:34:57",
        "Lines": "108",
        "Lat": 52.1863,
        "Brigade": "61"
      },
      {
        "Lon": 21.0813,
        "Time": "2017-05-14 00:35:06",
        "Lines": "108",
        "Lat": 52.1853,
        "Brigade": "61"
      },
      {
        "Lon": 21.0809,
        "Time": "2017-05-14 00:35:17",
        "Lines": "108",
        "Lat": 52.1847,
        "Brigade": "61"
      },
      {
        "Lon": 21.0787,
        "Time": "2017-05-14 00:35:31",
        "Lines": "108",
        "Lat": 52.1833,
        "Brigade": "61"
      },
      {
        "Lon": 21.0768,
        "Time": "2017-05-14 00:35:41",
        "Lines": "108",
        "Lat": 52.1822,
        "Brigade": "61"
      },
      {
        "Lon": 21.0748,
        "Time": "2017-05-14 00:35:52",
        "Lines": "108",
        "Lat": 52.181,
        "Brigade": "61"
      },
      {
        "Lon": 21.0738,
        "Time": "2017-05-14 00:35:56",
        "Lines": "108",
        "Lat": 52.1804,
        "Brigade": "61"
      },
      {
        "Lon": 21.0724,
        "Time": "2017-05-14 00:36:11",
        "Lines": "108",
        "Lat": 52.1796,
        "Brigade": "61"
      },
      {
        "Lon": 21.072,
        "Time": "2017-05-14 00:36:26",
        "Lines": "108",
        "Lat": 52.1795,
        "Brigade": "61"
      },
      {
        "Lon": 21.0713,
        "Time": "2017-05-14 00:36:36",
        "Lines": "108",
        "Lat": 52.1801,
        "Brigade": "61"
      },
      {
        "Lon": 21.0712,
        "Time": "2017-05-14 00:36:47",
        "Lines": "108",
        "Lat": 52.1802,
        "Brigade": "61"
      },
      {
        "Lon": 21.071,
        "Time": "2017-05-14 00:36:56",
        "Lines": "108",
        "Lat": 52.1804,
        "Brigade": "61"
      },
      {
        "Lon": 21.07,
        "Time": "2017-05-14 00:37:06",
        "Lines": "108",
        "Lat": 52.1812,
        "Brigade": "61"
      },
      {
        "Lon": 21.0685,
        "Time": "2017-05-14 00:37:21",
        "Lines": "108",
        "Lat": 52.1827,
        "Brigade": "61"
      },
      {
        "Lon": 21.0683,
        "Time": "2017-05-14 00:37:31",
        "Lines": "108",
        "Lat": 52.1829,
        "Brigade": "61"
      },
      {
        "Lon": 21.0675,
        "Time": "2017-05-14 00:37:41",
        "Lines": "108",
        "Lat": 52.1836,
        "Brigade": "61"
      },
      {
        "Lon": 21.0662,
        "Time": "2017-05-14 00:37:52",
        "Lines": "108",
        "Lat": 52.1847,
        "Brigade": "61"
      },
      {
        "Lon": 21.065,
        "Time": "2017-05-14 00:38:03",
        "Lines": "108",
        "Lat": 52.1858,
        "Brigade": "61"
      },
      {
        "Lon": 21.0641,
        "Time": "2017-05-14 00:38:16",
        "Lines": "108",
        "Lat": 52.1866,
        "Brigade": "61"
      },
      {
        "Lon": 21.0641,
        "Time": "2017-05-14 00:38:26",
        "Lines": "108",
        "Lat": 52.1866,
        "Brigade": "61"
      },
      {
        "Lon": 21.0641,
        "Time": "2017-05-14 00:38:36",
        "Lines": "108",
        "Lat": 52.1865,
        "Brigade": "61"
      },
      {
        "Lon": 21.0641,
        "Time": "2017-05-14 00:38:46",
        "Lines": "108",
        "Lat": 52.1866,
        "Brigade": "61"
      },
      {
        "Lon": 21.0636,
        "Time": "2017-05-14 00:38:56",
        "Lines": "108",
        "Lat": 52.1867,
        "Brigade": "61"
      },
      {
        "Lon": 21.0628,
        "Time": "2017-05-14 00:39:08",
        "Lines": "108",
        "Lat": 52.1862,
        "Brigade": "61"
      },
      {
        "Lon": 21.0627,
        "Time": "2017-05-14 00:39:21",
        "Lines": "108",
        "Lat": 52.1861,
        "Brigade": "61"
      },
      {
        "Lon": 21.0617,
        "Time": "2017-05-14 00:39:32",
        "Lines": "108",
        "Lat": 52.1854,
        "Brigade": "61"
      },
      {
        "Lon": 21.0603,
        "Time": "2017-05-14 00:39:44",
        "Lines": "108",
        "Lat": 52.1846,
        "Brigade": "61"
      },
      {
        "Lon": 21.0603,
        "Time": "2017-05-14 00:39:52",
        "Lines": "108",
        "Lat": 52.1846,
        "Brigade": "61"
      },
      {
        "Lon": 21.0594,
        "Time": "2017-05-14 00:40:06",
        "Lines": "108",
        "Lat": 52.1841,
        "Brigade": "61"
      },
      {
        "Lon": 21.0589,
        "Time": "2017-05-14 00:40:12",
        "Lines": "108",
        "Lat": 52.1837,
        "Brigade": "61"
      },
      {
        "Lon": 21.0578,
        "Time": "2017-05-14 00:40:21",
        "Lines": "108",
        "Lat": 52.183,
        "Brigade": "61"
      },
      {
        "Lon": 21.0565,
        "Time": "2017-05-14 00:40:37",
        "Lines": "108",
        "Lat": 52.1822,
        "Brigade": "61"
      },
      {
        "Lon": 21.0565,
        "Time": "2017-05-14 00:40:46",
        "Lines": "108",
        "Lat": 52.1822,
        "Brigade": "61"
      },
      {
        "Lon": 21.0558,
        "Time": "2017-05-14 00:41:01",
        "Lines": "108",
        "Lat": 52.1818,
        "Brigade": "61"
      },
      {
        "Lon": 21.055,
        "Time": "2017-05-14 00:41:11",
        "Lines": "108",
        "Lat": 52.1813,
        "Brigade": "61"
      },
      {
        "Lon": 21.0549,
        "Time": "2017-05-14 00:41:21",
        "Lines": "108",
        "Lat": 52.1813,
        "Brigade": "61"
      },
      {
        "Lon": 21.0547,
        "Time": "2017-05-14 00:41:31",
        "Lines": "108",
        "Lat": 52.181,
        "Brigade": "61"
      },
      {
        "Lon": 21.0537,
        "Time": "2017-05-14 00:41:43",
        "Lines": "108",
        "Lat": 52.1804,
        "Brigade": "61"
      },
      {
        "Lon": 21.0526,
        "Time": "2017-05-14 00:41:56",
        "Lines": "108",
        "Lat": 52.1797,
        "Brigade": "61"
      },
      {
        "Lon": 21.0522,
        "Time": "2017-05-14 00:42:06",
        "Lines": "108",
        "Lat": 52.1794,
        "Brigade": "61"
      },
      {
        "Lon": 21.0509,
        "Time": "2017-05-14 00:42:16",
        "Lines": "108",
        "Lat": 52.1786,
        "Brigade": "61"
      },
      {
        "Lon": 21.0492,
        "Time": "2017-05-14 00:42:26",
        "Lines": "108",
        "Lat": 52.1779,
        "Brigade": "61"
      },
      {
        "Lon": 21.0474,
        "Time": "2017-05-14 00:42:39",
        "Lines": "108",
        "Lat": 52.1777,
        "Brigade": "61"
      },
      {
        "Lon": 21.0474,
        "Time": "2017-05-14 00:42:51",
        "Lines": "108",
        "Lat": 52.1777,
        "Brigade": "61"
      },
      {
        "Lon": 21.0468,
        "Time": "2017-05-14 00:43:01",
        "Lines": "108",
        "Lat": 52.1776,
        "Brigade": "61"
      },
      {
        "Lon": 21.0459,
        "Time": "2017-05-14 00:43:11",
        "Lines": "108",
        "Lat": 52.1775,
        "Brigade": "61"
      },
      {
        "Lon": 21.0459,
        "Time": "2017-05-14 00:43:21",
        "Lines": "108",
        "Lat": 52.1775,
        "Brigade": "61"
      },
      {
        "Lon": 21.0459,
        "Time": "2017-05-14 00:43:31",
        "Lines": "108",
        "Lat": 52.1775,
        "Brigade": "61"
      },
      {
        "Lon": 21.0459,
        "Time": "2017-05-14 00:43:46",
        "Lines": "108",
        "Lat": 52.1775,
        "Brigade": "61"
      },
      {
        "Lon": 21.0459,
        "Time": "2017-05-14 00:43:56",
        "Lines": "108",
        "Lat": 52.1775,
        "Brigade": "61"
      },
      {
        "Lon": 21.0459,
        "Time": "2017-05-14 00:44:06",
        "Lines": "108",
        "Lat": 52.1775,
        "Brigade": "61"
      },
      {
        "Lon": 21.0458,
        "Time": "2017-05-14 00:44:16",
        "Lines": "108",
        "Lat": 52.1775,
        "Brigade": "61"
      },
      {
        "Lon": 21.0444,
        "Time": "2017-05-14 00:44:31",
        "Lines": "108",
        "Lat": 52.1773,
        "Brigade": "61"
      },
      {
        "Lon": 21.0441,
        "Time": "2017-05-14 00:44:41",
        "Lines": "108",
        "Lat": 52.1766,
        "Brigade": "61"
      },
      {
        "Lon": 21.044,
        "Time": "2017-05-14 00:44:51",
        "Lines": "108",
        "Lat": 52.1756,
        "Brigade": "61"
      },
      {
        "Lon": 21.0431,
        "Time": "2017-05-14 00:45:04",
        "Lines": "108",
        "Lat": 52.1756,
        "Brigade": "61"
      },
      {
        "Lon": 21.043,
        "Time": "2017-05-14 00:45:12",
        "Lines": "108",
        "Lat": 52.1756,
        "Brigade": "61"
      },
      {
        "Lon": 21.0419,
        "Time": "2017-05-14 00:45:23",
        "Lines": "108",
        "Lat": 52.1759,
        "Brigade": "61"
      },
      {
        "Lon": 21.0385,
        "Time": "2017-05-14 00:45:37",
        "Lines": "108",
        "Lat": 52.1766,
        "Brigade": "61"
      }
    ]
  }
]
