[
  {
    "res": [
      {
        "Lon": 20.9791,
        "Time": "2017-05-14 00:00:10",
        "Lines": "111",
        "Lat": 52.2447,
        "Brigade": "53"
      },
      {
        "Lon": 20.9791,
        "Time": "2017-05-14 00:00:20",
        "Lines": "111",
        "Lat": 52.2447,
        "Brigade": "53"
      },
      {
        "Lon": 20.9791,
        "Time": "2017-05-14 00:00:35",
        "Lines": "111",
        "Lat": 52.2447,
        "Brigade": "53"
      },
      {
        "Lon": 20.9791,
        "Time": "2017-05-14 00:00:45",
        "Lines": "111",
        "Lat": 52.2447,
        "Brigade": "53"
      },
      {
        "Lon": 20.9791,
        "Time": "2017-05-14 00:00:55",
        "Lines": "111",
        "Lat": 52.2447,
        "Brigade": "53"
      },
      {
        "Lon": 20.979,
        "Time": "2017-05-14 00:01:05",
        "Lines": "111",
        "Lat": 52.2446,
        "Brigade": "53"
      },
      {
        "Lon": 20.979,
        "Time": "2017-05-14 00:01:15",
        "Lines": "111",
        "Lat": 52.2446,
        "Brigade": "53"
      },
      {
        "Lon": 20.979,
        "Time": "2017-05-14 00:01:30",
        "Lines": "111",
        "Lat": 52.2446,
        "Brigade": "53"
      },
      {
        "Lon": 20.9789,
        "Time": "2017-05-14 00:01:40",
        "Lines": "111",
        "Lat": 52.2446,
        "Brigade": "53"
      },
      {
        "Lon": 20.9789,
        "Time": "2017-05-14 00:01:50",
        "Lines": "111",
        "Lat": 52.2447,
        "Brigade": "53"
      },
      {
        "Lon": 20.979,
        "Time": "2017-05-14 00:02:00",
        "Lines": "111",
        "Lat": 52.2447,
        "Brigade": "53"
      },
      {
        "Lon": 20.979,
        "Time": "2017-05-14 00:02:10",
        "Lines": "111",
        "Lat": 52.2447,
        "Brigade": "53"
      },
      {
        "Lon": 20.979,
        "Time": "2017-05-14 00:02:20",
        "Lines": "111",
        "Lat": 52.2447,
        "Brigade": "53"
      },
      {
        "Lon": 20.979,
        "Time": "2017-05-14 00:02:35",
        "Lines": "111",
        "Lat": 52.2447,
        "Brigade": "53"
      },
      {
        "Lon": 20.979,
        "Time": "2017-05-14 00:02:45",
        "Lines": "111",
        "Lat": 52.2447,
        "Brigade": "53"
      },
      {
        "Lon": 20.979,
        "Time": "2017-05-14 00:02:55",
        "Lines": "111",
        "Lat": 52.2447,
        "Brigade": "53"
      },
      {
        "Lon": 20.9791,
        "Time": "2017-05-14 00:03:05",
        "Lines": "111",
        "Lat": 52.2447,
        "Brigade": "53"
      },
      {
        "Lon": 20.9791,
        "Time": "2017-05-14 00:03:15",
        "Lines": "111",
        "Lat": 52.2447,
        "Brigade": "53"
      },
      {
        "Lon": 20.9791,
        "Time": "2017-05-14 00:03:30",
        "Lines": "111",
        "Lat": 52.2448,
        "Brigade": "53"
      },
      {
        "Lon": 20.9791,
        "Time": "2017-05-14 00:03:40",
        "Lines": "111",
        "Lat": 52.2447,
        "Brigade": "53"
      },
      {
        "Lon": 20.9791,
        "Time": "2017-05-14 00:03:50",
        "Lines": "111",
        "Lat": 52.2447,
        "Brigade": "53"
      },
      {
        "Lon": 20.9791,
        "Time": "2017-05-14 00:04:00",
        "Lines": "111",
        "Lat": 52.2447,
        "Brigade": "53"
      },
      {
        "Lon": 20.9791,
        "Time": "2017-05-14 00:04:15",
        "Lines": "111",
        "Lat": 52.2447,
        "Brigade": "53"
      },
      {
        "Lon": 20.9791,
        "Time": "2017-05-14 00:04:24",
        "Lines": "111",
        "Lat": 52.2447,
        "Brigade": "53"
      },
      {
        "Lon": 20.9791,
        "Time": "2017-05-14 00:04:36",
        "Lines": "111",
        "Lat": 52.2447,
        "Brigade": "53"
      },
      {
        "Lon": 20.9791,
        "Time": "2017-05-14 00:04:44",
        "Lines": "111",
        "Lat": 52.2447,
        "Brigade": "53"
      },
      {
        "Lon": 20.9788,
        "Time": "2017-05-14 00:04:54",
        "Lines": "111",
        "Lat": 52.2446,
        "Brigade": "53"
      },
      {
        "Lon": 20.9779,
        "Time": "2017-05-14 00:05:09",
        "Lines": "111",
        "Lat": 52.2444,
        "Brigade": "53"
      },
      {
        "Lon": 20.9779,
        "Time": "2017-05-14 00:05:19",
        "Lines": "111",
        "Lat": 52.2444,
        "Brigade": "53"
      },
      {
        "Lon": 20.9779,
        "Time": "2017-05-14 00:05:29",
        "Lines": "111",
        "Lat": 52.2444,
        "Brigade": "53"
      },
      {
        "Lon": 20.9779,
        "Time": "2017-05-14 00:05:34",
        "Lines": "111",
        "Lat": 52.2444,
        "Brigade": "53"
      },
      {
        "Lon": 20.9773,
        "Time": "2017-05-14 00:05:49",
        "Lines": "111",
        "Lat": 52.2443,
        "Brigade": "53"
      },
      {
        "Lon": 20.9774,
        "Time": "2017-05-14 00:06:04",
        "Lines": "111",
        "Lat": 52.2435,
        "Brigade": "53"
      },
      {
        "Lon": 20.9777,
        "Time": "2017-05-14 00:06:14",
        "Lines": "111",
        "Lat": 52.2426,
        "Brigade": "53"
      },
      {
        "Lon": 20.9776,
        "Time": "2017-05-14 00:06:24",
        "Lines": "111",
        "Lat": 52.2416,
        "Brigade": "53"
      },
      {
        "Lon": 20.9774,
        "Time": "2017-05-14 00:06:34",
        "Lines": "111",
        "Lat": 52.2405,
        "Brigade": "53"
      },
      {
        "Lon": 20.9776,
        "Time": "2017-05-14 00:06:44",
        "Lines": "111",
        "Lat": 52.2395,
        "Brigade": "53"
      },
      {
        "Lon": 20.9785,
        "Time": "2017-05-14 00:06:59",
        "Lines": "111",
        "Lat": 52.2382,
        "Brigade": "53"
      },
      {
        "Lon": 20.9794,
        "Time": "2017-05-14 00:07:09",
        "Lines": "111",
        "Lat": 52.2375,
        "Brigade": "53"
      },
      {
        "Lon": 20.9796,
        "Time": "2017-05-14 00:07:19",
        "Lines": "111",
        "Lat": 52.2373,
        "Brigade": "53"
      },
      {
        "Lon": 20.9797,
        "Time": "2017-05-14 00:07:34",
        "Lines": "111",
        "Lat": 52.2373,
        "Brigade": "53"
      },
      {
        "Lon": 20.9797,
        "Time": "2017-05-14 00:07:44",
        "Lines": "111",
        "Lat": 52.2372,
        "Brigade": "53"
      },
      {
        "Lon": 20.9798,
        "Time": "2017-05-14 00:07:54",
        "Lines": "111",
        "Lat": 52.2372,
        "Brigade": "53"
      },
      {
        "Lon": 20.9798,
        "Time": "2017-05-14 00:08:04",
        "Lines": "111",
        "Lat": 52.2372,
        "Brigade": "53"
      },
      {
        "Lon": 20.9798,
        "Time": "2017-05-14 00:08:14",
        "Lines": "111",
        "Lat": 52.2372,
        "Brigade": "53"
      },
      {
        "Lon": 20.9801,
        "Time": "2017-05-14 00:08:24",
        "Lines": "111",
        "Lat": 52.2369,
        "Brigade": "53"
      },
      {
        "Lon": 20.9803,
        "Time": "2017-05-14 00:08:34",
        "Lines": "111",
        "Lat": 52.2362,
        "Brigade": "53"
      },
      {
        "Lon": 20.9809,
        "Time": "2017-05-14 00:08:49",
        "Lines": "111",
        "Lat": 52.2348,
        "Brigade": "53"
      },
      {
        "Lon": 20.9815,
        "Time": "2017-05-14 00:08:59",
        "Lines": "111",
        "Lat": 52.234,
        "Brigade": "53"
      },
      {
        "Lon": 20.9823,
        "Time": "2017-05-14 00:09:14",
        "Lines": "111",
        "Lat": 52.2325,
        "Brigade": "53"
      },
      {
        "Lon": 20.9832,
        "Time": "2017-05-14 00:09:24",
        "Lines": "111",
        "Lat": 52.2314,
        "Brigade": "53"
      }
    ]
  }
]
