[
  {
    "res": [
      {
        "Lon": 20.9171,
        "Time": "2017-05-14 00:00:13",
        "Lines": "114",
        "Lat": 52.313,
        "Brigade": "5"
      },
      {
        "Lon": 20.9171,
        "Time": "2017-05-14 00:00:23",
        "Lines": "114",
        "Lat": 52.313,
        "Brigade": "5"
      },
      {
        "Lon": 20.9171,
        "Time": "2017-05-14 00:00:33",
        "Lines": "114",
        "Lat": 52.313,
        "Brigade": "5"
      },
      {
        "Lon": 20.9171,
        "Time": "2017-05-14 00:00:48",
        "Lines": "114",
        "Lat": 52.313,
        "Brigade": "5"
      },
      {
        "Lon": 20.9171,
        "Time": "2017-05-14 00:00:58",
        "Lines": "114",
        "Lat": 52.3129,
        "Brigade": "5"
      },
      {
        "Lon": 20.9171,
        "Time": "2017-05-14 00:01:08",
        "Lines": "114",
        "Lat": 52.3129,
        "Brigade": "5"
      },
      {
        "Lon": 20.9172,
        "Time": "2017-05-14 00:01:18",
        "Lines": "114",
        "Lat": 52.3129,
        "Brigade": "5"
      },
      {
        "Lon": 20.9172,
        "Time": "2017-05-14 00:01:28",
        "Lines": "114",
        "Lat": 52.313,
        "Brigade": "5"
      },
      {
        "Lon": 20.9171,
        "Time": "2017-05-14 00:01:43",
        "Lines": "114",
        "Lat": 52.313,
        "Brigade": "5"
      },
      {
        "Lon": 20.9171,
        "Time": "2017-05-14 00:01:53",
        "Lines": "114",
        "Lat": 52.313,
        "Brigade": "5"
      },
      {
        "Lon": 20.9171,
        "Time": "2017-05-14 00:02:03",
        "Lines": "114",
        "Lat": 52.313,
        "Brigade": "5"
      },
      {
        "Lon": 20.9171,
        "Time": "2017-05-14 00:02:13",
        "Lines": "114",
        "Lat": 52.3129,
        "Brigade": "5"
      },
      {
        "Lon": 20.9172,
        "Time": "2017-05-14 00:02:23",
        "Lines": "114",
        "Lat": 52.3129,
        "Brigade": "5"
      },
      {
        "Lon": 20.9171,
        "Time": "2017-05-14 00:02:38",
        "Lines": "114",
        "Lat": 52.313,
        "Brigade": "5"
      },
      {
        "Lon": 20.9171,
        "Time": "2017-05-14 00:02:48",
        "Lines": "114",
        "Lat": 52.313,
        "Brigade": "5"
      },
      {
        "Lon": 20.9171,
        "Time": "2017-05-14 00:02:58",
        "Lines": "114",
        "Lat": 52.313,
        "Brigade": "5"
      },
      {
        "Lon": 20.9171,
        "Time": "2017-05-14 00:03:08",
        "Lines": "114",
        "Lat": 52.313,
        "Brigade": "5"
      },
      {
        "Lon": 20.9172,
        "Time": "2017-05-14 00:03:18",
        "Lines": "114",
        "Lat": 52.313,
        "Brigade": "5"
      },
      {
        "Lon": 20.9172,
        "Time": "2017-05-14 00:03:33",
        "Lines": "114",
        "Lat": 52.313,
        "Brigade": "5"
      },
      {
        "Lon": 20.9171,
        "Time": "2017-05-14 00:03:43",
        "Lines": "114",
        "Lat": 52.313,
        "Brigade": "5"
      },
      {
        "Lon": 20.9172,
        "Time": "2017-05-14 00:03:53",
        "Lines": "114",
        "Lat": 52.313,
        "Brigade": "5"
      },
      {
        "Lon": 20.9171,
        "Time": "2017-05-14 00:04:03",
        "Lines": "114",
        "Lat": 52.313,
        "Brigade": "5"
      },
      {
        "Lon": 20.9171,
        "Time": "2017-05-14 00:04:13",
        "Lines": "114",
        "Lat": 52.313,
        "Brigade": "5"
      },
      {
        "Lon": 20.9171,
        "Time": "2017-05-14 00:04:28",
        "Lines": "114",
        "Lat": 52.313,
        "Brigade": "5"
      },
      {
        "Lon": 20.9171,
        "Time": "2017-05-14 00:04:38",
        "Lines": "114",
        "Lat": 52.313,
        "Brigade": "5"
      },
      {
        "Lon": 20.9171,
        "Time": "2017-05-14 00:04:48",
        "Lines": "114",
        "Lat": 52.313,
        "Brigade": "5"
      },
      {
        "Lon": 20.9171,
        "Time": "2017-05-14 00:04:58",
        "Lines": "114",
        "Lat": 52.313,
        "Brigade": "5"
      },
      {
        "Lon": 20.9172,
        "Time": "2017-05-14 00:05:08",
        "Lines": "114",
        "Lat": 52.313,
        "Brigade": "5"
      },
      {
        "Lon": 20.9188,
        "Time": "2017-05-14 00:05:23",
        "Lines": "114",
        "Lat": 52.3136,
        "Brigade": "5"
      },
      {
        "Lon": 20.9202,
        "Time": "2017-05-14 00:05:33",
        "Lines": "114",
        "Lat": 52.3141,
        "Brigade": "5"
      },
      {
        "Lon": 20.9207,
        "Time": "2017-05-14 00:05:38",
        "Lines": "114",
        "Lat": 52.3143,
        "Brigade": "5"
      },
      {
        "Lon": 20.921,
        "Time": "2017-05-14 00:05:53",
        "Lines": "114",
        "Lat": 52.3143,
        "Brigade": "5"
      },
      {
        "Lon": 20.9217,
        "Time": "2017-05-14 00:06:03",
        "Lines": "114",
        "Lat": 52.3137,
        "Brigade": "5"
      },
      {
        "Lon": 20.9232,
        "Time": "2017-05-14 00:06:18",
        "Lines": "114",
        "Lat": 52.3124,
        "Brigade": "5"
      },
      {
        "Lon": 20.9244,
        "Time": "2017-05-14 00:06:28",
        "Lines": "114",
        "Lat": 52.3113,
        "Brigade": "5"
      },
      {
        "Lon": 20.9256,
        "Time": "2017-05-14 00:06:38",
        "Lines": "114",
        "Lat": 52.3102,
        "Brigade": "5"
      },
      {
        "Lon": 20.9267,
        "Time": "2017-05-14 00:06:48",
        "Lines": "114",
        "Lat": 52.3093,
        "Brigade": "5"
      },
      {
        "Lon": 20.9268,
        "Time": "2017-05-14 00:06:58",
        "Lines": "114",
        "Lat": 52.3092,
        "Brigade": "5"
      },
      {
        "Lon": 20.9275,
        "Time": "2017-05-14 00:07:13",
        "Lines": "114",
        "Lat": 52.3088,
        "Brigade": "5"
      },
      {
        "Lon": 20.9278,
        "Time": "2017-05-14 00:07:23",
        "Lines": "114",
        "Lat": 52.3086,
        "Brigade": "5"
      },
      {
        "Lon": 20.9278,
        "Time": "2017-05-14 00:07:38",
        "Lines": "114",
        "Lat": 52.3086,
        "Brigade": "5"
      },
      {
        "Lon": 20.928,
        "Time": "2017-05-14 00:07:43",
        "Lines": "114",
        "Lat": 52.3086,
        "Brigade": "5"
      },
      {
        "Lon": 20.9295,
        "Time": "2017-05-14 00:07:58",
        "Lines": "114",
        "Lat": 52.3077,
        "Brigade": "5"
      },
      {
        "Lon": 20.9308,
        "Time": "2017-05-14 00:08:08",
        "Lines": "114",
        "Lat": 52.307,
        "Brigade": "5"
      },
      {
        "Lon": 20.9323,
        "Time": "2017-05-14 00:08:18",
        "Lines": "114",
        "Lat": 52.3062,
        "Brigade": "5"
      },
      {
        "Lon": 20.9337,
        "Time": "2017-05-14 00:08:31",
        "Lines": "114",
        "Lat": 52.3054,
        "Brigade": "5"
      },
      {
        "Lon": 20.934,
        "Time": "2017-05-14 00:08:43",
        "Lines": "114",
        "Lat": 52.3052,
        "Brigade": "5"
      },
      {
        "Lon": 20.9351,
        "Time": "2017-05-14 00:08:53",
        "Lines": "114",
        "Lat": 52.3046,
        "Brigade": "5"
      },
      {
        "Lon": 20.9366,
        "Time": "2017-05-14 00:09:03",
        "Lines": "114",
        "Lat": 52.3038,
        "Brigade": "5"
      },
      {
        "Lon": 20.9379,
        "Time": "2017-05-14 00:09:13",
        "Lines": "114",
        "Lat": 52.3028,
        "Brigade": "5"
      },
      {
        "Lon": 20.9389,
        "Time": "2017-05-14 00:09:28",
        "Lines": "114",
        "Lat": 52.3013,
        "Brigade": "5"
      },
      {
        "Lon": 20.939,
        "Time": "2017-05-14 00:09:33",
        "Lines": "114",
        "Lat": 52.301,
        "Brigade": "5"
      },
      {
        "Lon": 20.9375,
        "Time": "2017-05-14 00:09:48",
        "Lines": "114",
        "Lat": 52.3002,
        "Brigade": "5"
      },
      {
        "Lon": 20.9362,
        "Time": "2017-05-14 00:09:58",
        "Lines": "114",
        "Lat": 52.2995,
        "Brigade": "5"
      },
      {
        "Lon": 20.9301,
        "Time": "2017-05-14 00:11:28",
        "Lines": "114",
        "Lat": 52.2926,
        "Brigade": "5"
      },
      {
        "Lon": 20.9292,
        "Time": "2017-05-14 00:11:38",
        "Lines": "114",
        "Lat": 52.293,
        "Brigade": "5"
      },
      {
        "Lon": 20.9286,
        "Time": "2017-05-14 00:11:48",
        "Lines": "114",
        "Lat": 52.2927,
        "Brigade": "5"
      },
      {
        "Lon": 20.9275,
        "Time": "2017-05-14 00:12:03",
        "Lines": "114",
        "Lat": 52.2917,
        "Brigade": "5"
      },
      {
        "Lon": 20.9276,
        "Time": "2017-05-14 00:12:13",
        "Lines": "114",
        "Lat": 52.2914,
        "Brigade": "5"
      },
      {
        "Lon": 20.9279,
        "Time": "2017-05-14 00:12:26",
        "Lines": "114",
        "Lat": 52.2913,
        "Brigade": "5"
      },
      {
        "Lon": 20.9279,
        "Time": "2017-05-14 00:12:33",
        "Lines": "114",
        "Lat": 52.2913,
        "Brigade": "5"
      },
      {
        "Lon": 20.9279,
        "Time": "2017-05-14 00:12:48",
        "Lines": "114",
        "Lat": 52.2913,
        "Brigade": "5"
      },
      {
        "Lon": 20.9279,
        "Time": "2017-05-14 00:12:58",
        "Lines": "114",
        "Lat": 52.2913,
        "Brigade": "5"
      },
      {
        "Lon": 20.9279,
        "Time": "2017-05-14 00:13:08",
        "Lines": "114",
        "Lat": 52.2913,
        "Brigade": "5"
      },
      {
        "Lon": 20.9279,
        "Time": "2017-05-14 00:13:18",
        "Lines": "114",
        "Lat": 52.2913,
        "Brigade": "5"
      },
      {
        "Lon": 20.9279,
        "Time": "2017-05-14 00:13:28",
        "Lines": "114",
        "Lat": 52.2913,
        "Brigade": "5"
      },
      {
        "Lon": 20.9279,
        "Time": "2017-05-14 00:13:43",
        "Lines": "114",
        "Lat": 52.2913,
        "Brigade": "5"
      },
      {
        "Lon": 20.928,
        "Time": "2017-05-14 00:13:53",
        "Lines": "114",
        "Lat": 52.2912,
        "Brigade": "5"
      },
      {
        "Lon": 20.928,
        "Time": "2017-05-14 00:14:08",
        "Lines": "114",
        "Lat": 52.2912,
        "Brigade": "5"
      },
      {
        "Lon": 20.928,
        "Time": "2017-05-14 00:14:18",
        "Lines": "114",
        "Lat": 52.2912,
        "Brigade": "5"
      },
      {
        "Lon": 20.9279,
        "Time": "2017-05-14 00:14:28",
        "Lines": "114",
        "Lat": 52.2911,
        "Brigade": "5"
      },
      {
        "Lon": 20.928,
        "Time": "2017-05-14 00:14:38",
        "Lines": "114",
        "Lat": 52.2911,
        "Brigade": "5"
      },
      {
        "Lon": 20.928,
        "Time": "2017-05-14 00:14:48",
        "Lines": "114",
        "Lat": 52.2911,
        "Brigade": "5"
      },
      {
        "Lon": 20.9283,
        "Time": "2017-05-14 00:14:58",
        "Lines": "114",
        "Lat": 52.2911,
        "Brigade": "5"
      },
      {
        "Lon": 20.9291,
        "Time": "2017-05-14 00:15:13",
        "Lines": "114",
        "Lat": 52.291,
        "Brigade": "5"
      },
      {
        "Lon": 20.9297,
        "Time": "2017-05-14 00:15:23",
        "Lines": "114",
        "Lat": 52.2907,
        "Brigade": "5"
      },
      {
        "Lon": 20.9308,
        "Time": "2017-05-14 00:15:33",
        "Lines": "114",
        "Lat": 52.2902,
        "Brigade": "5"
      },
      {
        "Lon": 20.9322,
        "Time": "2017-05-14 00:15:43",
        "Lines": "114",
        "Lat": 52.2896,
        "Brigade": "5"
      },
      {
        "Lon": 20.9333,
        "Time": "2017-05-14 00:15:53",
        "Lines": "114",
        "Lat": 52.289,
        "Brigade": "5"
      },
      {
        "Lon": 20.9334,
        "Time": "2017-05-14 00:16:08",
        "Lines": "114",
        "Lat": 52.289,
        "Brigade": "5"
      },
      {
        "Lon": 20.9341,
        "Time": "2017-05-14 00:16:18",
        "Lines": "114",
        "Lat": 52.2887,
        "Brigade": "5"
      },
      {
        "Lon": 20.9354,
        "Time": "2017-05-14 00:16:28",
        "Lines": "114",
        "Lat": 52.288,
        "Brigade": "5"
      },
      {
        "Lon": 20.937,
        "Time": "2017-05-14 00:16:38",
        "Lines": "114",
        "Lat": 52.2873,
        "Brigade": "5"
      },
      {
        "Lon": 20.9395,
        "Time": "2017-05-14 00:16:53",
        "Lines": "114",
        "Lat": 52.2862,
        "Brigade": "5"
      },
      {
        "Lon": 20.9407,
        "Time": "2017-05-14 00:17:03",
        "Lines": "114",
        "Lat": 52.2856,
        "Brigade": "5"
      },
      {
        "Lon": 20.9421,
        "Time": "2017-05-14 00:17:13",
        "Lines": "114",
        "Lat": 52.285,
        "Brigade": "5"
      },
      {
        "Lon": 20.9444,
        "Time": "2017-05-14 00:17:28",
        "Lines": "114",
        "Lat": 52.284,
        "Brigade": "5"
      },
      {
        "Lon": 20.9459,
        "Time": "2017-05-14 00:17:38",
        "Lines": "114",
        "Lat": 52.2833,
        "Brigade": "5"
      },
      {
        "Lon": 20.9474,
        "Time": "2017-05-14 00:17:48",
        "Lines": "114",
        "Lat": 52.2826,
        "Brigade": "5"
      },
      {
        "Lon": 20.949,
        "Time": "2017-05-14 00:17:58",
        "Lines": "114",
        "Lat": 52.2819,
        "Brigade": "5"
      },
      {
        "Lon": 20.9515,
        "Time": "2017-05-14 00:18:13",
        "Lines": "114",
        "Lat": 52.2807,
        "Brigade": "5"
      },
      {
        "Lon": 20.9532,
        "Time": "2017-05-14 00:18:23",
        "Lines": "114",
        "Lat": 52.28,
        "Brigade": "5"
      },
      {
        "Lon": 20.9549,
        "Time": "2017-05-14 00:18:33",
        "Lines": "114",
        "Lat": 52.2792,
        "Brigade": "5"
      },
      {
        "Lon": 20.9564,
        "Time": "2017-05-14 00:18:43",
        "Lines": "114",
        "Lat": 52.2784,
        "Brigade": "5"
      },
      {
        "Lon": 20.9581,
        "Time": "2017-05-14 00:18:53",
        "Lines": "114",
        "Lat": 52.2776,
        "Brigade": "5"
      },
      {
        "Lon": 20.9594,
        "Time": "2017-05-14 00:19:03",
        "Lines": "114",
        "Lat": 52.277,
        "Brigade": "5"
      },
      {
        "Lon": 20.9591,
        "Time": "2017-05-14 00:19:28",
        "Lines": "114",
        "Lat": 52.2756,
        "Brigade": "5"
      },
      {
        "Lon": 20.9601,
        "Time": "2017-05-14 00:19:38",
        "Lines": "114",
        "Lat": 52.2756,
        "Brigade": "5"
      },
      {
        "Lon": 20.9617,
        "Time": "2017-05-14 00:19:48",
        "Lines": "114",
        "Lat": 52.2755,
        "Brigade": "5"
      },
      {
        "Lon": 20.9633,
        "Time": "2017-05-14 00:20:03",
        "Lines": "114",
        "Lat": 52.2753,
        "Brigade": "5"
      },
      {
        "Lon": 20.9633,
        "Time": "2017-05-14 00:20:13",
        "Lines": "114",
        "Lat": 52.2752,
        "Brigade": "5"
      },
      {
        "Lon": 20.9633,
        "Time": "2017-05-14 00:20:23",
        "Lines": "114",
        "Lat": 52.2752,
        "Brigade": "5"
      },
      {
        "Lon": 20.9638,
        "Time": "2017-05-14 00:20:33",
        "Lines": "114",
        "Lat": 52.2751,
        "Brigade": "5"
      },
      {
        "Lon": 20.9647,
        "Time": "2017-05-14 00:20:43",
        "Lines": "114",
        "Lat": 52.2744,
        "Brigade": "5"
      },
      {
        "Lon": 20.9668,
        "Time": "2017-05-14 00:20:58",
        "Lines": "114",
        "Lat": 52.2733,
        "Brigade": "5"
      },
      {
        "Lon": 20.9679,
        "Time": "2017-05-14 00:21:08",
        "Lines": "114",
        "Lat": 52.2726,
        "Brigade": "5"
      },
      {
        "Lon": 20.9673,
        "Time": "2017-05-14 00:21:18",
        "Lines": "114",
        "Lat": 52.2719,
        "Brigade": "5"
      },
      {
        "Lon": 20.9663,
        "Time": "2017-05-14 00:21:28",
        "Lines": "114",
        "Lat": 52.2726,
        "Brigade": "5"
      },
      {
        "Lon": 20.9674,
        "Time": "2017-05-14 00:21:38",
        "Lines": "114",
        "Lat": 52.2734,
        "Brigade": "5"
      },
      {
        "Lon": 20.9697,
        "Time": "2017-05-14 00:21:53",
        "Lines": "114",
        "Lat": 52.2748,
        "Brigade": "5"
      },
      {
        "Lon": 20.9715,
        "Time": "2017-05-14 00:22:03",
        "Lines": "114",
        "Lat": 52.2758,
        "Brigade": "5"
      },
      {
        "Lon": 20.9733,
        "Time": "2017-05-14 00:22:13",
        "Lines": "114",
        "Lat": 52.2768,
        "Brigade": "5"
      },
      {
        "Lon": 20.9752,
        "Time": "2017-05-14 00:22:23",
        "Lines": "114",
        "Lat": 52.2778,
        "Brigade": "5"
      },
      {
        "Lon": 20.9772,
        "Time": "2017-05-14 00:22:33",
        "Lines": "114",
        "Lat": 52.2788,
        "Brigade": "5"
      },
      {
        "Lon": 20.9792,
        "Time": "2017-05-14 00:22:42",
        "Lines": "114",
        "Lat": 52.2798,
        "Brigade": "5"
      },
      {
        "Lon": 20.982,
        "Time": "2017-05-14 00:22:57",
        "Lines": "114",
        "Lat": 52.2812,
        "Brigade": "5"
      },
      {
        "Lon": 20.9838,
        "Time": "2017-05-14 00:23:07",
        "Lines": "114",
        "Lat": 52.2819,
        "Brigade": "5"
      },
      {
        "Lon": 20.9854,
        "Time": "2017-05-14 00:23:17",
        "Lines": "114",
        "Lat": 52.2827,
        "Brigade": "5"
      },
      {
        "Lon": 20.9877,
        "Time": "2017-05-14 00:23:32",
        "Lines": "114",
        "Lat": 52.2837,
        "Brigade": "5"
      },
      {
        "Lon": 20.9885,
        "Time": "2017-05-14 00:23:37",
        "Lines": "114",
        "Lat": 52.2841,
        "Brigade": "5"
      },
      {
        "Lon": 20.9907,
        "Time": "2017-05-14 00:23:52",
        "Lines": "114",
        "Lat": 52.2851,
        "Brigade": "5"
      },
      {
        "Lon": 20.9922,
        "Time": "2017-05-14 00:24:02",
        "Lines": "114",
        "Lat": 52.2858,
        "Brigade": "5"
      },
      {
        "Lon": 20.9937,
        "Time": "2017-05-14 00:24:12",
        "Lines": "114",
        "Lat": 52.2864,
        "Brigade": "5"
      },
      {
        "Lon": 20.996,
        "Time": "2017-05-14 00:24:27",
        "Lines": "114",
        "Lat": 52.2875,
        "Brigade": "5"
      },
      {
        "Lon": 20.9967,
        "Time": "2017-05-14 00:24:32",
        "Lines": "114",
        "Lat": 52.2878,
        "Brigade": "5"
      },
      {
        "Lon": 20.9982,
        "Time": "2017-05-14 00:24:42",
        "Lines": "114",
        "Lat": 52.2885,
        "Brigade": "5"
      },
      {
        "Lon": 21.0007,
        "Time": "2017-05-14 00:24:57",
        "Lines": "114",
        "Lat": 52.2892,
        "Brigade": "5"
      },
      {
        "Lon": 21.0024,
        "Time": "2017-05-14 00:25:07",
        "Lines": "114",
        "Lat": 52.2896,
        "Brigade": "5"
      },
      {
        "Lon": 21.0038,
        "Time": "2017-05-14 00:25:17",
        "Lines": "114",
        "Lat": 52.2893,
        "Brigade": "5"
      },
      {
        "Lon": 21.0054,
        "Time": "2017-05-14 00:25:32",
        "Lines": "114",
        "Lat": 52.2879,
        "Brigade": "5"
      },
      {
        "Lon": 21.0063,
        "Time": "2017-05-14 00:25:42",
        "Lines": "114",
        "Lat": 52.287,
        "Brigade": "5"
      },
      {
        "Lon": 21.0072,
        "Time": "2017-05-14 00:25:52",
        "Lines": "114",
        "Lat": 52.2861,
        "Brigade": "5"
      },
      {
        "Lon": 21.0078,
        "Time": "2017-05-14 00:26:02",
        "Lines": "114",
        "Lat": 52.2851,
        "Brigade": "5"
      },
      {
        "Lon": 21.0085,
        "Time": "2017-05-14 00:26:12",
        "Lines": "114",
        "Lat": 52.2841,
        "Brigade": "5"
      },
      {
        "Lon": 21.0093,
        "Time": "2017-05-14 00:26:27",
        "Lines": "114",
        "Lat": 52.2827,
        "Brigade": "5"
      },
      {
        "Lon": 21.0099,
        "Time": "2017-05-14 00:26:37",
        "Lines": "114",
        "Lat": 52.2818,
        "Brigade": "5"
      },
      {
        "Lon": 21.0104,
        "Time": "2017-05-14 00:26:47",
        "Lines": "114",
        "Lat": 52.2809,
        "Brigade": "5"
      },
      {
        "Lon": 21.011,
        "Time": "2017-05-14 00:26:57",
        "Lines": "114",
        "Lat": 52.28,
        "Brigade": "5"
      },
      {
        "Lon": 21.0115,
        "Time": "2017-05-14 00:27:07",
        "Lines": "114",
        "Lat": 52.2791,
        "Brigade": "5"
      },
      {
        "Lon": 21.0121,
        "Time": "2017-05-14 00:27:22",
        "Lines": "114",
        "Lat": 52.2781,
        "Brigade": "5"
      },
      {
        "Lon": 21.0121,
        "Time": "2017-05-14 00:27:32",
        "Lines": "114",
        "Lat": 52.2781,
        "Brigade": "5"
      },
      {
        "Lon": 21.0121,
        "Time": "2017-05-14 00:27:42",
        "Lines": "114",
        "Lat": 52.2781,
        "Brigade": "5"
      },
      {
        "Lon": 21.0121,
        "Time": "2017-05-14 00:27:52",
        "Lines": "114",
        "Lat": 52.2781,
        "Brigade": "5"
      },
      {
        "Lon": 21.0121,
        "Time": "2017-05-14 00:28:02",
        "Lines": "114",
        "Lat": 52.2781,
        "Brigade": "5"
      },
      {
        "Lon": 21.0121,
        "Time": "2017-05-14 00:28:12",
        "Lines": "114",
        "Lat": 52.2781,
        "Brigade": "5"
      },
      {
        "Lon": 21.0121,
        "Time": "2017-05-14 00:28:27",
        "Lines": "114",
        "Lat": 52.2781,
        "Brigade": "5"
      },
      {
        "Lon": 21.0121,
        "Time": "2017-05-14 00:28:37",
        "Lines": "114",
        "Lat": 52.2781,
        "Brigade": "5"
      },
      {
        "Lon": 21.0121,
        "Time": "2017-05-14 00:28:47",
        "Lines": "114",
        "Lat": 52.2781,
        "Brigade": "5"
      },
      {
        "Lon": 21.0121,
        "Time": "2017-05-14 00:28:57",
        "Lines": "114",
        "Lat": 52.2781,
        "Brigade": "5"
      },
      {
        "Lon": 21.0121,
        "Time": "2017-05-14 00:29:12",
        "Lines": "114",
        "Lat": 52.2781,
        "Brigade": "5"
      },
      {
        "Lon": 21.0121,
        "Time": "2017-05-14 00:29:22",
        "Lines": "114",
        "Lat": 52.2781,
        "Brigade": "5"
      },
      {
        "Lon": 21.0121,
        "Time": "2017-05-14 00:29:32",
        "Lines": "114",
        "Lat": 52.2781,
        "Brigade": "5"
      },
      {
        "Lon": 21.0121,
        "Time": "2017-05-14 00:29:42",
        "Lines": "114",
        "Lat": 52.2781,
        "Brigade": "5"
      },
      {
        "Lon": 21.0121,
        "Time": "2017-05-14 00:29:52",
        "Lines": "114",
        "Lat": 52.2781,
        "Brigade": "5"
      },
      {
        "Lon": 21.0121,
        "Time": "2017-05-14 00:30:07",
        "Lines": "114",
        "Lat": 52.2781,
        "Brigade": "5"
      },
      {
        "Lon": 21.0121,
        "Time": "2017-05-14 00:30:17",
        "Lines": "114",
        "Lat": 52.2781,
        "Brigade": "5"
      },
      {
        "Lon": 21.0121,
        "Time": "2017-05-14 00:30:27",
        "Lines": "114",
        "Lat": 52.2781,
        "Brigade": "5"
      },
      {
        "Lon": 21.0121,
        "Time": "2017-05-14 00:30:37",
        "Lines": "114",
        "Lat": 52.2781,
        "Brigade": "5"
      },
      {
        "Lon": 21.0121,
        "Time": "2017-05-14 00:30:47",
        "Lines": "114",
        "Lat": 52.2781,
        "Brigade": "5"
      },
      {
        "Lon": 21.0121,
        "Time": "2017-05-14 00:31:02",
        "Lines": "114",
        "Lat": 52.2781,
        "Brigade": "5"
      },
      {
        "Lon": 21.0121,
        "Time": "2017-05-14 00:31:12",
        "Lines": "114",
        "Lat": 52.2781,
        "Brigade": "5"
      },
      {
        "Lon": 21.0121,
        "Time": "2017-05-14 00:31:22",
        "Lines": "114",
        "Lat": 52.2781,
        "Brigade": "5"
      },
      {
        "Lon": 21.0121,
        "Time": "2017-05-14 00:31:32",
        "Lines": "114",
        "Lat": 52.2781,
        "Brigade": "5"
      },
      {
        "Lon": 21.0121,
        "Time": "2017-05-14 00:31:42",
        "Lines": "114",
        "Lat": 52.2781,
        "Brigade": "5"
      },
      {
        "Lon": 21.0121,
        "Time": "2017-05-14 00:31:57",
        "Lines": "114",
        "Lat": 52.2781,
        "Brigade": "5"
      },
      {
        "Lon": 21.0121,
        "Time": "2017-05-14 00:32:07",
        "Lines": "114",
        "Lat": 52.2781,
        "Brigade": "5"
      },
      {
        "Lon": 21.0121,
        "Time": "2017-05-14 00:32:17",
        "Lines": "114",
        "Lat": 52.2781,
        "Brigade": "5"
      },
      {
        "Lon": 21.0121,
        "Time": "2017-05-14 00:32:27",
        "Lines": "114",
        "Lat": 52.2781,
        "Brigade": "5"
      },
      {
        "Lon": 21.0121,
        "Time": "2017-05-14 00:32:37",
        "Lines": "114",
        "Lat": 52.2781,
        "Brigade": "5"
      },
      {
        "Lon": 21.0121,
        "Time": "2017-05-14 00:32:52",
        "Lines": "114",
        "Lat": 52.2781,
        "Brigade": "5"
      },
      {
        "Lon": 21.012,
        "Time": "2017-05-14 00:33:02",
        "Lines": "114",
        "Lat": 52.2781,
        "Brigade": "5"
      },
      {
        "Lon": 21.0122,
        "Time": "2017-05-14 00:33:12",
        "Lines": "114",
        "Lat": 52.278,
        "Brigade": "5"
      },
      {
        "Lon": 21.0126,
        "Time": "2017-05-14 00:33:22",
        "Lines": "114",
        "Lat": 52.2774,
        "Brigade": "5"
      },
      {
        "Lon": 21.0133,
        "Time": "2017-05-14 00:33:37",
        "Lines": "114",
        "Lat": 52.2762,
        "Brigade": "5"
      },
      {
        "Lon": 21.0139,
        "Time": "2017-05-14 00:33:47",
        "Lines": "114",
        "Lat": 52.2753,
        "Brigade": "5"
      },
      {
        "Lon": 21.0144,
        "Time": "2017-05-14 00:33:57",
        "Lines": "114",
        "Lat": 52.2743,
        "Brigade": "5"
      },
      {
        "Lon": 21.0152,
        "Time": "2017-05-14 00:34:12",
        "Lines": "114",
        "Lat": 52.273,
        "Brigade": "5"
      },
      {
        "Lon": 21.0158,
        "Time": "2017-05-14 00:34:22",
        "Lines": "114",
        "Lat": 52.2722,
        "Brigade": "5"
      },
      {
        "Lon": 21.0163,
        "Time": "2017-05-14 00:34:32",
        "Lines": "114",
        "Lat": 52.2713,
        "Brigade": "5"
      },
      {
        "Lon": 21.0171,
        "Time": "2017-05-14 00:34:42",
        "Lines": "114",
        "Lat": 52.2706,
        "Brigade": "5"
      },
      {
        "Lon": 21.0179,
        "Time": "2017-05-14 00:34:52",
        "Lines": "114",
        "Lat": 52.2698,
        "Brigade": "5"
      },
      {
        "Lon": 21.0191,
        "Time": "2017-05-14 00:35:07",
        "Lines": "114",
        "Lat": 52.2688,
        "Brigade": "5"
      },
      {
        "Lon": 21.0198,
        "Time": "2017-05-14 00:35:17",
        "Lines": "114",
        "Lat": 52.2681,
        "Brigade": "5"
      },
      {
        "Lon": 21.0204,
        "Time": "2017-05-14 00:35:27",
        "Lines": "114",
        "Lat": 52.2672,
        "Brigade": "5"
      },
      {
        "Lon": 21.0209,
        "Time": "2017-05-14 00:35:47",
        "Lines": "114",
        "Lat": 52.2653,
        "Brigade": "5"
      },
      {
        "Lon": 21.0212,
        "Time": "2017-05-14 00:35:57",
        "Lines": "114",
        "Lat": 52.2646,
        "Brigade": "5"
      },
      {
        "Lon": 21.0213,
        "Time": "2017-05-14 00:36:07",
        "Lines": "114",
        "Lat": 52.264,
        "Brigade": "5"
      },
      {
        "Lon": 21.0211,
        "Time": "2017-05-14 00:36:22",
        "Lines": "114",
        "Lat": 52.2635,
        "Brigade": "5"
      },
      {
        "Lon": 21.022,
        "Time": "2017-05-14 00:36:32",
        "Lines": "114",
        "Lat": 52.2634,
        "Brigade": "5"
      },
      {
        "Lon": 21.0225,
        "Time": "2017-05-14 00:36:42",
        "Lines": "114",
        "Lat": 52.2638,
        "Brigade": "5"
      },
      {
        "Lon": 21.0239,
        "Time": "2017-05-14 00:36:57",
        "Lines": "114",
        "Lat": 52.2645,
        "Brigade": "5"
      },
      {
        "Lon": 21.0249,
        "Time": "2017-05-14 00:37:07",
        "Lines": "114",
        "Lat": 52.2648,
        "Brigade": "5"
      },
      {
        "Lon": 21.026,
        "Time": "2017-05-14 00:37:17",
        "Lines": "114",
        "Lat": 52.2653,
        "Brigade": "5"
      },
      {
        "Lon": 21.0272,
        "Time": "2017-05-14 00:37:27",
        "Lines": "114",
        "Lat": 52.2657,
        "Brigade": "5"
      },
      {
        "Lon": 21.0284,
        "Time": "2017-05-14 00:37:37",
        "Lines": "114",
        "Lat": 52.266,
        "Brigade": "5"
      },
      {
        "Lon": 21.0295,
        "Time": "2017-05-14 00:37:47",
        "Lines": "114",
        "Lat": 52.2663,
        "Brigade": "5"
      },
      {
        "Lon": 21.0302,
        "Time": "2017-05-14 00:38:02",
        "Lines": "114",
        "Lat": 52.2665,
        "Brigade": "5"
      },
      {
        "Lon": 21.0302,
        "Time": "2017-05-14 00:38:12",
        "Lines": "114",
        "Lat": 52.2665,
        "Brigade": "5"
      },
      {
        "Lon": 21.0303,
        "Time": "2017-05-14 00:38:22",
        "Lines": "114",
        "Lat": 52.2666,
        "Brigade": "5"
      },
      {
        "Lon": 21.031,
        "Time": "2017-05-14 00:38:32",
        "Lines": "114",
        "Lat": 52.2668,
        "Brigade": "5"
      },
      {
        "Lon": 21.0325,
        "Time": "2017-05-14 00:38:47",
        "Lines": "114",
        "Lat": 52.2672,
        "Brigade": "5"
      },
      {
        "Lon": 21.0336,
        "Time": "2017-05-14 00:38:57",
        "Lines": "114",
        "Lat": 52.2675,
        "Brigade": "5"
      },
      {
        "Lon": 21.0348,
        "Time": "2017-05-14 00:39:07",
        "Lines": "114",
        "Lat": 52.2676,
        "Brigade": "5"
      },
      {
        "Lon": 21.036,
        "Time": "2017-05-14 00:39:17",
        "Lines": "114",
        "Lat": 52.2676,
        "Brigade": "5"
      },
      {
        "Lon": 21.0369,
        "Time": "2017-05-14 00:39:27",
        "Lines": "114",
        "Lat": 52.2674,
        "Brigade": "5"
      },
      {
        "Lon": 21.0374,
        "Time": "2017-05-14 00:39:37",
        "Lines": "114",
        "Lat": 52.2672,
        "Brigade": "5"
      },
      {
        "Lon": 21.0387,
        "Time": "2017-05-14 00:39:52",
        "Lines": "114",
        "Lat": 52.2671,
        "Brigade": "5"
      },
      {
        "Lon": 21.0404,
        "Time": "2017-05-14 00:40:12",
        "Lines": "114",
        "Lat": 52.2662,
        "Brigade": "5"
      },
      {
        "Lon": 21.0409,
        "Time": "2017-05-14 00:40:22",
        "Lines": "114",
        "Lat": 52.2657,
        "Brigade": "5"
      },
      {
        "Lon": 21.0419,
        "Time": "2017-05-14 00:40:37",
        "Lines": "114",
        "Lat": 52.2649,
        "Brigade": "5"
      },
      {
        "Lon": 21.0422,
        "Time": "2017-05-14 00:40:42",
        "Lines": "114",
        "Lat": 52.2647,
        "Brigade": "5"
      },
      {
        "Lon": 21.0431,
        "Time": "2017-05-14 00:40:57",
        "Lines": "114",
        "Lat": 52.2638,
        "Brigade": "5"
      },
      {
        "Lon": 21.0437,
        "Time": "2017-05-14 00:41:07",
        "Lines": "114",
        "Lat": 52.2633,
        "Brigade": "5"
      },
      {
        "Lon": 21.0447,
        "Time": "2017-05-14 00:41:22",
        "Lines": "114",
        "Lat": 52.2625,
        "Brigade": "5"
      },
      {
        "Lon": 21.0453,
        "Time": "2017-05-14 00:41:32",
        "Lines": "114",
        "Lat": 52.262,
        "Brigade": "5"
      },
      {
        "Lon": 21.046,
        "Time": "2017-05-14 00:41:52",
        "Lines": "114",
        "Lat": 52.2623,
        "Brigade": "5"
      },
      {
        "Lon": 21.0467,
        "Time": "2017-05-14 00:42:02",
        "Lines": "114",
        "Lat": 52.2626,
        "Brigade": "5"
      },
      {
        "Lon": 21.0476,
        "Time": "2017-05-14 00:42:12",
        "Lines": "114",
        "Lat": 52.263,
        "Brigade": "5"
      },
      {
        "Lon": 21.0483,
        "Time": "2017-05-14 00:42:22",
        "Lines": "114",
        "Lat": 52.2634,
        "Brigade": "5"
      },
      {
        "Lon": 21.0478,
        "Time": "2017-05-14 00:42:33",
        "Lines": "114",
        "Lat": 52.2636,
        "Brigade": "5"
      },
      {
        "Lon": 21.0478,
        "Time": "2017-05-14 00:42:43",
        "Lines": "114",
        "Lat": 52.2636,
        "Brigade": "5"
      },
      {
        "Lon": 21.0478,
        "Time": "2017-05-14 00:42:58",
        "Lines": "114",
        "Lat": 52.2636,
        "Brigade": "5"
      },
      {
        "Lon": 21.0478,
        "Time": "2017-05-14 00:43:08",
        "Lines": "114",
        "Lat": 52.2636,
        "Brigade": "5"
      }
    ]
  }
]
