[
  {
    "res": [
      {
        "Lon": 21.1654,
        "Time": "2017-05-14 00:00:15",
        "Lines": "119",
        "Lat": 52.205,
        "Brigade": "2"
      },
      {
        "Lon": 21.1651,
        "Time": "2017-05-14 00:00:23",
        "Lines": "119",
        "Lat": 52.2045,
        "Brigade": "2"
      },
      {
        "Lon": 21.1653,
        "Time": "2017-05-14 00:00:30",
        "Lines": "119",
        "Lat": 52.2042,
        "Brigade": "2"
      },
      {
        "Lon": 21.167,
        "Time": "2017-05-14 00:00:47",
        "Lines": "119",
        "Lat": 52.2045,
        "Brigade": "2"
      },
      {
        "Lon": 21.1674,
        "Time": "2017-05-14 00:00:57",
        "Lines": "119",
        "Lat": 52.2047,
        "Brigade": "2"
      },
      {
        "Lon": 21.1678,
        "Time": "2017-05-14 00:01:05",
        "Lines": "119",
        "Lat": 52.2047,
        "Brigade": "2"
      },
      {
        "Lon": 21.1671,
        "Time": "2017-05-14 00:01:21",
        "Lines": "119",
        "Lat": 52.2046,
        "Brigade": "2"
      },
      {
        "Lon": 21.1661,
        "Time": "2017-05-14 00:01:29",
        "Lines": "119",
        "Lat": 52.2042,
        "Brigade": "2"
      },
      {
        "Lon": 21.1656,
        "Time": "2017-05-14 00:01:34",
        "Lines": "119",
        "Lat": 52.2043,
        "Brigade": "2"
      },
      {
        "Lon": 21.1673,
        "Time": "2017-05-14 00:01:52",
        "Lines": "119",
        "Lat": 52.2054,
        "Brigade": "2"
      },
      {
        "Lon": 21.1688,
        "Time": "2017-05-14 00:02:00",
        "Lines": "119",
        "Lat": 52.2056,
        "Brigade": "2"
      },
      {
        "Lon": 21.1708,
        "Time": "2017-05-14 00:02:16",
        "Lines": "119",
        "Lat": 52.2054,
        "Brigade": "2"
      },
      {
        "Lon": 21.1712,
        "Time": "2017-05-14 00:02:23",
        "Lines": "119",
        "Lat": 52.2055,
        "Brigade": "2"
      },
      {
        "Lon": 21.1707,
        "Time": "2017-05-14 00:02:31",
        "Lines": "119",
        "Lat": 52.2055,
        "Brigade": "2"
      },
      {
        "Lon": 21.1688,
        "Time": "2017-05-14 00:02:47",
        "Lines": "119",
        "Lat": 52.2052,
        "Brigade": "2"
      },
      {
        "Lon": 21.1683,
        "Time": "2017-05-14 00:02:55",
        "Lines": "119",
        "Lat": 52.2051,
        "Brigade": "2"
      },
      {
        "Lon": 21.1691,
        "Time": "2017-05-14 00:03:11",
        "Lines": "119",
        "Lat": 52.2052,
        "Brigade": "2"
      },
      {
        "Lon": 21.1693,
        "Time": "2017-05-14 00:03:20",
        "Lines": "119",
        "Lat": 52.2052,
        "Brigade": "2"
      },
      {
        "Lon": 21.1699,
        "Time": "2017-05-14 00:03:27",
        "Lines": "119",
        "Lat": 52.2053,
        "Brigade": "2"
      },
      {
        "Lon": 21.1713,
        "Time": "2017-05-14 00:03:43",
        "Lines": "119",
        "Lat": 52.2055,
        "Brigade": "2"
      },
      {
        "Lon": 21.1725,
        "Time": "2017-05-14 00:03:56",
        "Lines": "119",
        "Lat": 52.2057,
        "Brigade": "2"
      },
      {
        "Lon": 21.1725,
        "Time": "2017-05-14 00:04:07",
        "Lines": "119",
        "Lat": 52.2057,
        "Brigade": "2"
      },
      {
        "Lon": 21.1731,
        "Time": "2017-05-14 00:04:14",
        "Lines": "119",
        "Lat": 52.2058,
        "Brigade": "2"
      },
      {
        "Lon": 21.1742,
        "Time": "2017-05-14 00:04:22",
        "Lines": "119",
        "Lat": 52.206,
        "Brigade": "2"
      },
      {
        "Lon": 21.1757,
        "Time": "2017-05-14 00:04:38",
        "Lines": "119",
        "Lat": 52.2061,
        "Brigade": "2"
      },
      {
        "Lon": 21.1764,
        "Time": "2017-05-14 00:04:48",
        "Lines": "119",
        "Lat": 52.2062,
        "Brigade": "2"
      },
      {
        "Lon": 21.1776,
        "Time": "2017-05-14 00:04:56",
        "Lines": "119",
        "Lat": 52.2064,
        "Brigade": "2"
      },
      {
        "Lon": 21.1809,
        "Time": "2017-05-14 00:05:12",
        "Lines": "119",
        "Lat": 52.2069,
        "Brigade": "2"
      },
      {
        "Lon": 21.1828,
        "Time": "2017-05-14 00:05:23",
        "Lines": "119",
        "Lat": 52.2069,
        "Brigade": "2"
      },
      {
        "Lon": 21.1835,
        "Time": "2017-05-14 00:05:34",
        "Lines": "119",
        "Lat": 52.2069,
        "Brigade": "2"
      },
      {
        "Lon": 21.1846,
        "Time": "2017-05-14 00:05:41",
        "Lines": "119",
        "Lat": 52.2068,
        "Brigade": "2"
      },
      {
        "Lon": 21.1862,
        "Time": "2017-05-14 00:05:50",
        "Lines": "119",
        "Lat": 52.2068,
        "Brigade": "2"
      },
      {
        "Lon": 21.1887,
        "Time": "2017-05-14 00:06:07",
        "Lines": "119",
        "Lat": 52.2071,
        "Brigade": "2"
      },
      {
        "Lon": 21.1897,
        "Time": "2017-05-14 00:06:15",
        "Lines": "119",
        "Lat": 52.2072,
        "Brigade": "2"
      },
      {
        "Lon": 21.1907,
        "Time": "2017-05-14 00:06:23",
        "Lines": "119",
        "Lat": 52.2073,
        "Brigade": "2"
      },
      {
        "Lon": 21.1916,
        "Time": "2017-05-14 00:06:31",
        "Lines": "119",
        "Lat": 52.2073,
        "Brigade": "2"
      },
      {
        "Lon": 21.1931,
        "Time": "2017-05-14 00:06:50",
        "Lines": "119",
        "Lat": 52.2074,
        "Brigade": "2"
      },
      {
        "Lon": 21.1931,
        "Time": "2017-05-14 00:06:57",
        "Lines": "119",
        "Lat": 52.2074,
        "Brigade": "2"
      },
      {
        "Lon": 21.1931,
        "Time": "2017-05-14 00:07:12",
        "Lines": "119",
        "Lat": 52.2074,
        "Brigade": "2"
      },
      {
        "Lon": 21.1931,
        "Time": "2017-05-14 00:07:21",
        "Lines": "119",
        "Lat": 52.2074,
        "Brigade": "2"
      },
      {
        "Lon": 21.1931,
        "Time": "2017-05-14 00:07:37",
        "Lines": "119",
        "Lat": 52.2074,
        "Brigade": "2"
      },
      {
        "Lon": 21.1931,
        "Time": "2017-05-14 00:07:44",
        "Lines": "119",
        "Lat": 52.2074,
        "Brigade": "2"
      },
      {
        "Lon": 21.1931,
        "Time": "2017-05-14 00:07:52",
        "Lines": "119",
        "Lat": 52.2074,
        "Brigade": "2"
      },
      {
        "Lon": 21.1932,
        "Time": "2017-05-14 00:08:09",
        "Lines": "119",
        "Lat": 52.2074,
        "Brigade": "2"
      },
      {
        "Lon": 21.1937,
        "Time": "2017-05-14 00:08:19",
        "Lines": "119",
        "Lat": 52.2075,
        "Brigade": "2"
      },
      {
        "Lon": 21.1947,
        "Time": "2017-05-14 00:08:27",
        "Lines": "119",
        "Lat": 52.2076,
        "Brigade": "2"
      },
      {
        "Lon": 21.197,
        "Time": "2017-05-14 00:08:43",
        "Lines": "119",
        "Lat": 52.208,
        "Brigade": "2"
      },
      {
        "Lon": 21.1981,
        "Time": "2017-05-14 00:08:51",
        "Lines": "119",
        "Lat": 52.2083,
        "Brigade": "2"
      },
      {
        "Lon": 21.2004,
        "Time": "2017-05-14 00:09:06",
        "Lines": "119",
        "Lat": 52.2088,
        "Brigade": "2"
      },
      {
        "Lon": 21.2014,
        "Time": "2017-05-14 00:09:13",
        "Lines": "119",
        "Lat": 52.209,
        "Brigade": "2"
      },
      {
        "Lon": 21.203,
        "Time": "2017-05-14 00:09:23",
        "Lines": "119",
        "Lat": 52.2094,
        "Brigade": "2"
      },
      {
        "Lon": 21.2051,
        "Time": "2017-05-14 00:09:39",
        "Lines": "119",
        "Lat": 52.2098,
        "Brigade": "2"
      },
      {
        "Lon": 21.2059,
        "Time": "2017-05-14 00:09:46",
        "Lines": "119",
        "Lat": 52.21,
        "Brigade": "2"
      },
      {
        "Lon": 21.2057,
        "Time": "2017-05-14 00:10:02",
        "Lines": "119",
        "Lat": 52.2101,
        "Brigade": "2"
      },
      {
        "Lon": 21.2057,
        "Time": "2017-05-14 00:10:12",
        "Lines": "119",
        "Lat": 52.21,
        "Brigade": "2"
      },
      {
        "Lon": 21.2057,
        "Time": "2017-05-14 00:10:20",
        "Lines": "119",
        "Lat": 52.21,
        "Brigade": "2"
      },
      {
        "Lon": 21.2056,
        "Time": "2017-05-14 00:10:36",
        "Lines": "119",
        "Lat": 52.21,
        "Brigade": "2"
      },
      {
        "Lon": 21.2056,
        "Time": "2017-05-14 00:10:44",
        "Lines": "119",
        "Lat": 52.21,
        "Brigade": "2"
      },
      {
        "Lon": 21.2057,
        "Time": "2017-05-14 00:10:52",
        "Lines": "119",
        "Lat": 52.21,
        "Brigade": "2"
      },
      {
        "Lon": 21.2056,
        "Time": "2017-05-14 00:11:07",
        "Lines": "119",
        "Lat": 52.21,
        "Brigade": "2"
      },
      {
        "Lon": 21.2056,
        "Time": "2017-05-14 00:11:15",
        "Lines": "119",
        "Lat": 52.21,
        "Brigade": "2"
      },
      {
        "Lon": 21.2056,
        "Time": "2017-05-14 00:11:23",
        "Lines": "119",
        "Lat": 52.21,
        "Brigade": "2"
      },
      {
        "Lon": 21.2057,
        "Time": "2017-05-14 00:11:39",
        "Lines": "119",
        "Lat": 52.21,
        "Brigade": "2"
      },
      {
        "Lon": 21.2057,
        "Time": "2017-05-14 00:11:46",
        "Lines": "119",
        "Lat": 52.21,
        "Brigade": "2"
      },
      {
        "Lon": 21.2057,
        "Time": "2017-05-14 00:12:02",
        "Lines": "119",
        "Lat": 52.21,
        "Brigade": "2"
      },
      {
        "Lon": 21.2057,
        "Time": "2017-05-14 00:12:10",
        "Lines": "119",
        "Lat": 52.21,
        "Brigade": "2"
      },
      {
        "Lon": 21.2057,
        "Time": "2017-05-14 00:12:26",
        "Lines": "119",
        "Lat": 52.21,
        "Brigade": "2"
      },
      {
        "Lon": 21.2056,
        "Time": "2017-05-14 00:12:33",
        "Lines": "119",
        "Lat": 52.21,
        "Brigade": "2"
      },
      {
        "Lon": 21.2057,
        "Time": "2017-05-14 00:12:49",
        "Lines": "119",
        "Lat": 52.21,
        "Brigade": "2"
      },
      {
        "Lon": 21.2057,
        "Time": "2017-05-14 00:12:57",
        "Lines": "119",
        "Lat": 52.21,
        "Brigade": "2"
      },
      {
        "Lon": 21.2057,
        "Time": "2017-05-14 00:13:05",
        "Lines": "119",
        "Lat": 52.21,
        "Brigade": "2"
      },
      {
        "Lon": 21.2057,
        "Time": "2017-05-14 00:13:20",
        "Lines": "119",
        "Lat": 52.21,
        "Brigade": "2"
      }
    ]
  }
]
