[
  {
    "res": [
      {
        "Lon": 21.0854,
        "Time": "2017-05-14 00:00:10",
        "Lines": "125",
        "Lat": 52.2445,
        "Brigade": "58"
      },
      {
        "Lon": 21.0854,
        "Time": "2017-05-14 00:00:20",
        "Lines": "125",
        "Lat": 52.2446,
        "Brigade": "58"
      },
      {
        "Lon": 21.0859,
        "Time": "2017-05-14 00:00:35",
        "Lines": "125",
        "Lat": 52.245,
        "Brigade": "58"
      },
      {
        "Lon": 21.087,
        "Time": "2017-05-14 00:00:45",
        "Lines": "125",
        "Lat": 52.245,
        "Brigade": "58"
      },
      {
        "Lon": 21.0872,
        "Time": "2017-05-14 00:00:55",
        "Lines": "125",
        "Lat": 52.245,
        "Brigade": "58"
      },
      {
        "Lon": 21.0872,
        "Time": "2017-05-14 00:01:05",
        "Lines": "125",
        "Lat": 52.245,
        "Brigade": "58"
      },
      {
        "Lon": 21.0876,
        "Time": "2017-05-14 00:01:15",
        "Lines": "125",
        "Lat": 52.245,
        "Brigade": "58"
      },
      {
        "Lon": 21.0902,
        "Time": "2017-05-14 00:01:30",
        "Lines": "125",
        "Lat": 52.2447,
        "Brigade": "58"
      },
      {
        "Lon": 21.0923,
        "Time": "2017-05-14 00:01:40",
        "Lines": "125",
        "Lat": 52.2443,
        "Brigade": "58"
      },
      {
        "Lon": 21.0941,
        "Time": "2017-05-14 00:01:50",
        "Lines": "125",
        "Lat": 52.244,
        "Brigade": "58"
      },
      {
        "Lon": 21.0947,
        "Time": "2017-05-14 00:02:00",
        "Lines": "125",
        "Lat": 52.2438,
        "Brigade": "58"
      },
      {
        "Lon": 21.0958,
        "Time": "2017-05-14 00:02:15",
        "Lines": "125",
        "Lat": 52.2436,
        "Brigade": "58"
      },
      {
        "Lon": 21.0961,
        "Time": "2017-05-14 00:02:20",
        "Lines": "125",
        "Lat": 52.2435,
        "Brigade": "58"
      },
      {
        "Lon": 21.0962,
        "Time": "2017-05-14 00:02:35",
        "Lines": "125",
        "Lat": 52.2435,
        "Brigade": "58"
      },
      {
        "Lon": 21.0975,
        "Time": "2017-05-14 00:02:45",
        "Lines": "125",
        "Lat": 52.2432,
        "Brigade": "58"
      },
      {
        "Lon": 21.0994,
        "Time": "2017-05-14 00:02:55",
        "Lines": "125",
        "Lat": 52.2429,
        "Brigade": "58"
      },
      {
        "Lon": 21.1006,
        "Time": "2017-05-14 00:03:05",
        "Lines": "125",
        "Lat": 52.2426,
        "Brigade": "58"
      },
      {
        "Lon": 21.1007,
        "Time": "2017-05-14 00:03:20",
        "Lines": "125",
        "Lat": 52.2426,
        "Brigade": "58"
      },
      {
        "Lon": 21.102,
        "Time": "2017-05-14 00:03:30",
        "Lines": "125",
        "Lat": 52.2424,
        "Brigade": "58"
      },
      {
        "Lon": 21.1039,
        "Time": "2017-05-14 00:03:40",
        "Lines": "125",
        "Lat": 52.242,
        "Brigade": "58"
      },
      {
        "Lon": 21.1061,
        "Time": "2017-05-14 00:03:50",
        "Lines": "125",
        "Lat": 52.2416,
        "Brigade": "58"
      },
      {
        "Lon": 21.1079,
        "Time": "2017-05-14 00:04:00",
        "Lines": "125",
        "Lat": 52.2412,
        "Brigade": "58"
      },
      {
        "Lon": 21.1091,
        "Time": "2017-05-14 00:04:15",
        "Lines": "125",
        "Lat": 52.2409,
        "Brigade": "58"
      },
      {
        "Lon": 21.1092,
        "Time": "2017-05-14 00:04:25",
        "Lines": "125",
        "Lat": 52.2408,
        "Brigade": "58"
      },
      {
        "Lon": 21.1098,
        "Time": "2017-05-14 00:04:35",
        "Lines": "125",
        "Lat": 52.2407,
        "Brigade": "58"
      },
      {
        "Lon": 21.1114,
        "Time": "2017-05-14 00:04:45",
        "Lines": "125",
        "Lat": 52.2404,
        "Brigade": "58"
      },
      {
        "Lon": 21.113,
        "Time": "2017-05-14 00:04:55",
        "Lines": "125",
        "Lat": 52.24,
        "Brigade": "58"
      },
      {
        "Lon": 21.1137,
        "Time": "2017-05-14 00:05:10",
        "Lines": "125",
        "Lat": 52.2399,
        "Brigade": "58"
      },
      {
        "Lon": 21.1139,
        "Time": "2017-05-14 00:05:20",
        "Lines": "125",
        "Lat": 52.2398,
        "Brigade": "58"
      },
      {
        "Lon": 21.1151,
        "Time": "2017-05-14 00:05:30",
        "Lines": "125",
        "Lat": 52.2394,
        "Brigade": "58"
      },
      {
        "Lon": 21.1159,
        "Time": "2017-05-14 00:05:35",
        "Lines": "125",
        "Lat": 52.2391,
        "Brigade": "58"
      },
      {
        "Lon": 21.1187,
        "Time": "2017-05-14 00:05:50",
        "Lines": "125",
        "Lat": 52.2379,
        "Brigade": "58"
      },
      {
        "Lon": 21.1209,
        "Time": "2017-05-14 00:06:05",
        "Lines": "125",
        "Lat": 52.2368,
        "Brigade": "58"
      },
      {
        "Lon": 21.1211,
        "Time": "2017-05-14 00:06:15",
        "Lines": "125",
        "Lat": 52.2368,
        "Brigade": "58"
      },
      {
        "Lon": 21.1212,
        "Time": "2017-05-14 00:06:25",
        "Lines": "125",
        "Lat": 52.2367,
        "Brigade": "58"
      },
      {
        "Lon": 21.1216,
        "Time": "2017-05-14 00:06:30",
        "Lines": "125",
        "Lat": 52.2365,
        "Brigade": "58"
      },
      {
        "Lon": 21.1241,
        "Time": "2017-05-14 00:06:45",
        "Lines": "125",
        "Lat": 52.2355,
        "Brigade": "58"
      },
      {
        "Lon": 21.1265,
        "Time": "2017-05-14 00:07:00",
        "Lines": "125",
        "Lat": 52.2342,
        "Brigade": "58"
      },
      {
        "Lon": 21.126,
        "Time": "2017-05-14 00:07:10",
        "Lines": "125",
        "Lat": 52.2337,
        "Brigade": "58"
      },
      {
        "Lon": 21.1256,
        "Time": "2017-05-14 00:07:20",
        "Lines": "125",
        "Lat": 52.2335,
        "Brigade": "58"
      },
      {
        "Lon": 21.1256,
        "Time": "2017-05-14 00:07:35",
        "Lines": "125",
        "Lat": 52.2335,
        "Brigade": "58"
      },
      {
        "Lon": 21.1255,
        "Time": "2017-05-14 00:07:45",
        "Lines": "125",
        "Lat": 52.2334,
        "Brigade": "58"
      },
      {
        "Lon": 21.1243,
        "Time": "2017-05-14 00:07:55",
        "Lines": "125",
        "Lat": 52.2332,
        "Brigade": "58"
      },
      {
        "Lon": 21.1224,
        "Time": "2017-05-14 00:08:05",
        "Lines": "125",
        "Lat": 52.2329,
        "Brigade": "58"
      },
      {
        "Lon": 21.1203,
        "Time": "2017-05-14 00:08:15",
        "Lines": "125",
        "Lat": 52.2327,
        "Brigade": "58"
      }
    ]
  }
]
