[
  {
    "res": [
      {
        "Lon": 20.9655,
        "Time": "2017-05-14 00:00:10",
        "Lines": "136",
        "Lat": 52.238,
        "Brigade": "9"
      },
      {
        "Lon": 20.9657,
        "Time": "2017-05-14 00:00:22",
        "Lines": "136",
        "Lat": 52.2386,
        "Brigade": "9"
      },
      {
        "Lon": 20.9655,
        "Time": "2017-05-14 00:00:34",
        "Lines": "136",
        "Lat": 52.2395,
        "Brigade": "9"
      },
      {
        "Lon": 20.9651,
        "Time": "2017-05-14 00:00:47",
        "Lines": "136",
        "Lat": 52.2406,
        "Brigade": "9"
      },
      {
        "Lon": 20.9651,
        "Time": "2017-05-14 00:01:14",
        "Lines": "136",
        "Lat": 52.2408,
        "Brigade": "9"
      },
      {
        "Lon": 20.965,
        "Time": "2017-05-14 00:01:24",
        "Lines": "136",
        "Lat": 52.2413,
        "Brigade": "9"
      },
      {
        "Lon": 20.9656,
        "Time": "2017-05-14 00:01:38",
        "Lines": "136",
        "Lat": 52.2426,
        "Brigade": "9"
      },
      {
        "Lon": 20.9656,
        "Time": "2017-05-14 00:01:51",
        "Lines": "136",
        "Lat": 52.2426,
        "Brigade": "9"
      },
      {
        "Lon": 20.9656,
        "Time": "2017-05-14 00:02:03",
        "Lines": "136",
        "Lat": 52.2426,
        "Brigade": "9"
      },
      {
        "Lon": 20.9656,
        "Time": "2017-05-14 00:02:15",
        "Lines": "136",
        "Lat": 52.2426,
        "Brigade": "9"
      },
      {
        "Lon": 20.9658,
        "Time": "2017-05-14 00:02:27",
        "Lines": "136",
        "Lat": 52.2428,
        "Brigade": "9"
      },
      {
        "Lon": 20.9658,
        "Time": "2017-05-14 00:02:40",
        "Lines": "136",
        "Lat": 52.2434,
        "Brigade": "9"
      },
      {
        "Lon": 20.966,
        "Time": "2017-05-14 00:02:52",
        "Lines": "136",
        "Lat": 52.2439,
        "Brigade": "9"
      },
      {
        "Lon": 20.966,
        "Time": "2017-05-14 00:03:04",
        "Lines": "136",
        "Lat": 52.2441,
        "Brigade": "9"
      },
      {
        "Lon": 20.9662,
        "Time": "2017-05-14 00:03:16",
        "Lines": "136",
        "Lat": 52.2442,
        "Brigade": "9"
      },
      {
        "Lon": 20.9667,
        "Time": "2017-05-14 00:03:30",
        "Lines": "136",
        "Lat": 52.2438,
        "Brigade": "9"
      },
      {
        "Lon": 20.9662,
        "Time": "2017-05-14 00:03:42",
        "Lines": "136",
        "Lat": 52.2433,
        "Brigade": "9"
      },
      {
        "Lon": 20.9654,
        "Time": "2017-05-14 00:03:54",
        "Lines": "136",
        "Lat": 52.2425,
        "Brigade": "9"
      },
      {
        "Lon": 20.965,
        "Time": "2017-05-14 00:04:07",
        "Lines": "136",
        "Lat": 52.2415,
        "Brigade": "9"
      },
      {
        "Lon": 20.9651,
        "Time": "2017-05-14 00:04:18",
        "Lines": "136",
        "Lat": 52.2404,
        "Brigade": "9"
      },
      {
        "Lon": 20.9655,
        "Time": "2017-05-14 00:04:30",
        "Lines": "136",
        "Lat": 52.2392,
        "Brigade": "9"
      },
      {
        "Lon": 20.9654,
        "Time": "2017-05-14 00:04:43",
        "Lines": "136",
        "Lat": 52.238,
        "Brigade": "9"
      },
      {
        "Lon": 20.9653,
        "Time": "2017-05-14 00:04:56",
        "Lines": "136",
        "Lat": 52.2375,
        "Brigade": "9"
      },
      {
        "Lon": 20.9653,
        "Time": "2017-05-14 00:05:08",
        "Lines": "136",
        "Lat": 52.2375,
        "Brigade": "9"
      },
      {
        "Lon": 20.9653,
        "Time": "2017-05-14 00:05:20",
        "Lines": "136",
        "Lat": 52.2375,
        "Brigade": "9"
      },
      {
        "Lon": 20.9651,
        "Time": "2017-05-14 00:05:32",
        "Lines": "136",
        "Lat": 52.2369,
        "Brigade": "9"
      },
      {
        "Lon": 20.9654,
        "Time": "2017-05-14 00:05:46",
        "Lines": "136",
        "Lat": 52.2357,
        "Brigade": "9"
      },
      {
        "Lon": 20.9657,
        "Time": "2017-05-14 00:05:58",
        "Lines": "136",
        "Lat": 52.2346,
        "Brigade": "9"
      },
      {
        "Lon": 20.9658,
        "Time": "2017-05-14 00:06:10",
        "Lines": "136",
        "Lat": 52.2338,
        "Brigade": "9"
      },
      {
        "Lon": 20.9657,
        "Time": "2017-05-14 00:06:22",
        "Lines": "136",
        "Lat": 52.2335,
        "Brigade": "9"
      },
      {
        "Lon": 20.9634,
        "Time": "2017-05-14 00:06:35",
        "Lines": "136",
        "Lat": 52.2332,
        "Brigade": "9"
      },
      {
        "Lon": 20.9616,
        "Time": "2017-05-14 00:06:47",
        "Lines": "136",
        "Lat": 52.2328,
        "Brigade": "9"
      },
      {
        "Lon": 20.9612,
        "Time": "2017-05-14 00:06:59",
        "Lines": "136",
        "Lat": 52.2327,
        "Brigade": "9"
      },
      {
        "Lon": 20.9609,
        "Time": "2017-05-14 00:07:11",
        "Lines": "136",
        "Lat": 52.2326,
        "Brigade": "9"
      },
      {
        "Lon": 20.9593,
        "Time": "2017-05-14 00:07:23",
        "Lines": "136",
        "Lat": 52.2321,
        "Brigade": "9"
      },
      {
        "Lon": 20.9575,
        "Time": "2017-05-14 00:07:35",
        "Lines": "136",
        "Lat": 52.2315,
        "Brigade": "9"
      },
      {
        "Lon": 20.9562,
        "Time": "2017-05-14 00:07:48",
        "Lines": "136",
        "Lat": 52.2313,
        "Brigade": "9"
      },
      {
        "Lon": 20.9561,
        "Time": "2017-05-14 00:08:00",
        "Lines": "136",
        "Lat": 52.2309,
        "Brigade": "9"
      },
      {
        "Lon": 20.9565,
        "Time": "2017-05-14 00:08:12",
        "Lines": "136",
        "Lat": 52.2299,
        "Brigade": "9"
      },
      {
        "Lon": 20.9568,
        "Time": "2017-05-14 00:08:24",
        "Lines": "136",
        "Lat": 52.2284,
        "Brigade": "9"
      },
      {
        "Lon": 20.9571,
        "Time": "2017-05-14 00:08:36",
        "Lines": "136",
        "Lat": 52.2269,
        "Brigade": "9"
      },
      {
        "Lon": 20.9575,
        "Time": "2017-05-14 00:08:48",
        "Lines": "136",
        "Lat": 52.2254,
        "Brigade": "9"
      },
      {
        "Lon": 20.9579,
        "Time": "2017-05-14 00:09:00",
        "Lines": "136",
        "Lat": 52.2239,
        "Brigade": "9"
      },
      {
        "Lon": 20.9583,
        "Time": "2017-05-14 00:09:12",
        "Lines": "136",
        "Lat": 52.2226,
        "Brigade": "9"
      },
      {
        "Lon": 20.9592,
        "Time": "2017-05-14 00:09:26",
        "Lines": "136",
        "Lat": 52.2213,
        "Brigade": "9"
      },
      {
        "Lon": 20.9597,
        "Time": "2017-05-14 00:09:38",
        "Lines": "136",
        "Lat": 52.22,
        "Brigade": "9"
      },
      {
        "Lon": 20.9597,
        "Time": "2017-05-14 00:09:49",
        "Lines": "136",
        "Lat": 52.22,
        "Brigade": "9"
      },
      {
        "Lon": 20.9509,
        "Time": "2017-05-14 00:11:26",
        "Lines": "136",
        "Lat": 52.2112,
        "Brigade": "9"
      },
      {
        "Lon": 20.9494,
        "Time": "2017-05-14 00:11:40",
        "Lines": "136",
        "Lat": 52.2102,
        "Brigade": "9"
      },
      {
        "Lon": 20.948,
        "Time": "2017-05-14 00:11:52",
        "Lines": "136",
        "Lat": 52.2092,
        "Brigade": "9"
      },
      {
        "Lon": 20.9463,
        "Time": "2017-05-14 00:12:04",
        "Lines": "136",
        "Lat": 52.2081,
        "Brigade": "9"
      },
      {
        "Lon": 20.9444,
        "Time": "2017-05-14 00:12:16",
        "Lines": "136",
        "Lat": 52.2069,
        "Brigade": "9"
      },
      {
        "Lon": 20.9429,
        "Time": "2017-05-14 00:12:28",
        "Lines": "136",
        "Lat": 52.2059,
        "Brigade": "9"
      },
      {
        "Lon": 20.9413,
        "Time": "2017-05-14 00:12:40",
        "Lines": "136",
        "Lat": 52.2048,
        "Brigade": "9"
      },
      {
        "Lon": 20.9396,
        "Time": "2017-05-14 00:12:52",
        "Lines": "136",
        "Lat": 52.2037,
        "Brigade": "9"
      },
      {
        "Lon": 20.9379,
        "Time": "2017-05-14 00:13:04",
        "Lines": "136",
        "Lat": 52.2026,
        "Brigade": "9"
      },
      {
        "Lon": 20.9367,
        "Time": "2017-05-14 00:13:16",
        "Lines": "136",
        "Lat": 52.2018,
        "Brigade": "9"
      },
      {
        "Lon": 20.9358,
        "Time": "2017-05-14 00:13:28",
        "Lines": "136",
        "Lat": 52.2012,
        "Brigade": "9"
      },
      {
        "Lon": 20.9351,
        "Time": "2017-05-14 00:13:40",
        "Lines": "136",
        "Lat": 52.2007,
        "Brigade": "9"
      },
      {
        "Lon": 20.9349,
        "Time": "2017-05-14 00:13:52",
        "Lines": "136",
        "Lat": 52.2005,
        "Brigade": "9"
      },
      {
        "Lon": 20.9348,
        "Time": "2017-05-14 00:14:04",
        "Lines": "136",
        "Lat": 52.2005,
        "Brigade": "9"
      },
      {
        "Lon": 20.9348,
        "Time": "2017-05-14 00:14:17",
        "Lines": "136",
        "Lat": 52.2005,
        "Brigade": "9"
      },
      {
        "Lon": 20.9348,
        "Time": "2017-05-14 00:14:29",
        "Lines": "136",
        "Lat": 52.2005,
        "Brigade": "9"
      },
      {
        "Lon": 20.9348,
        "Time": "2017-05-14 00:14:41",
        "Lines": "136",
        "Lat": 52.2005,
        "Brigade": "9"
      },
      {
        "Lon": 20.9348,
        "Time": "2017-05-14 00:14:53",
        "Lines": "136",
        "Lat": 52.2005,
        "Brigade": "9"
      },
      {
        "Lon": 20.9348,
        "Time": "2017-05-14 00:15:07",
        "Lines": "136",
        "Lat": 52.2005,
        "Brigade": "9"
      },
      {
        "Lon": 20.9348,
        "Time": "2017-05-14 00:15:19",
        "Lines": "136",
        "Lat": 52.2005,
        "Brigade": "9"
      },
      {
        "Lon": 20.9348,
        "Time": "2017-05-14 00:15:31",
        "Lines": "136",
        "Lat": 52.2005,
        "Brigade": "9"
      },
      {
        "Lon": 20.9348,
        "Time": "2017-05-14 00:15:44",
        "Lines": "136",
        "Lat": 52.2005,
        "Brigade": "9"
      },
      {
        "Lon": 20.9348,
        "Time": "2017-05-14 00:15:56",
        "Lines": "136",
        "Lat": 52.2005,
        "Brigade": "9"
      },
      {
        "Lon": 20.9348,
        "Time": "2017-05-14 00:16:08",
        "Lines": "136",
        "Lat": 52.2005,
        "Brigade": "9"
      },
      {
        "Lon": 20.9348,
        "Time": "2017-05-14 00:16:20",
        "Lines": "136",
        "Lat": 52.2005,
        "Brigade": "9"
      },
      {
        "Lon": 20.9348,
        "Time": "2017-05-14 00:16:32",
        "Lines": "136",
        "Lat": 52.2005,
        "Brigade": "9"
      },
      {
        "Lon": 20.9348,
        "Time": "2017-05-14 00:16:44",
        "Lines": "136",
        "Lat": 52.2005,
        "Brigade": "9"
      },
      {
        "Lon": 20.9348,
        "Time": "2017-05-14 00:16:56",
        "Lines": "136",
        "Lat": 52.2005,
        "Brigade": "9"
      },
      {
        "Lon": 20.9348,
        "Time": "2017-05-14 00:17:08",
        "Lines": "136",
        "Lat": 52.2005,
        "Brigade": "9"
      },
      {
        "Lon": 20.9348,
        "Time": "2017-05-14 00:17:20",
        "Lines": "136",
        "Lat": 52.2005,
        "Brigade": "9"
      },
      {
        "Lon": 20.9348,
        "Time": "2017-05-14 00:17:32",
        "Lines": "136",
        "Lat": 52.2005,
        "Brigade": "9"
      },
      {
        "Lon": 20.9348,
        "Time": "2017-05-14 00:17:44",
        "Lines": "136",
        "Lat": 52.2005,
        "Brigade": "9"
      },
      {
        "Lon": 20.9348,
        "Time": "2017-05-14 00:17:57",
        "Lines": "136",
        "Lat": 52.2005,
        "Brigade": "9"
      },
      {
        "Lon": 20.9348,
        "Time": "2017-05-14 00:18:09",
        "Lines": "136",
        "Lat": 52.2005,
        "Brigade": "9"
      },
      {
        "Lon": 20.9348,
        "Time": "2017-05-14 00:18:21",
        "Lines": "136",
        "Lat": 52.2005,
        "Brigade": "9"
      },
      {
        "Lon": 20.9348,
        "Time": "2017-05-14 00:18:34",
        "Lines": "136",
        "Lat": 52.2005,
        "Brigade": "9"
      },
      {
        "Lon": 20.9348,
        "Time": "2017-05-14 00:18:47",
        "Lines": "136",
        "Lat": 52.2005,
        "Brigade": "9"
      },
      {
        "Lon": 20.9348,
        "Time": "2017-05-14 00:18:59",
        "Lines": "136",
        "Lat": 52.2005,
        "Brigade": "9"
      },
      {
        "Lon": 20.9348,
        "Time": "2017-05-14 00:19:11",
        "Lines": "136",
        "Lat": 52.2005,
        "Brigade": "9"
      },
      {
        "Lon": 20.9348,
        "Time": "2017-05-14 00:19:23",
        "Lines": "136",
        "Lat": 52.2005,
        "Brigade": "9"
      },
      {
        "Lon": 20.9348,
        "Time": "2017-05-14 00:19:37",
        "Lines": "136",
        "Lat": 52.2005,
        "Brigade": "9"
      },
      {
        "Lon": 20.9348,
        "Time": "2017-05-14 00:19:49",
        "Lines": "136",
        "Lat": 52.2005,
        "Brigade": "9"
      },
      {
        "Lon": 20.9348,
        "Time": "2017-05-14 00:20:12",
        "Lines": "136",
        "Lat": 52.2005,
        "Brigade": "9"
      },
      {
        "Lon": 20.9348,
        "Time": "2017-05-14 00:20:24",
        "Lines": "136",
        "Lat": 52.2005,
        "Brigade": "9"
      },
      {
        "Lon": 20.9348,
        "Time": "2017-05-14 00:20:36",
        "Lines": "136",
        "Lat": 52.2005,
        "Brigade": "9"
      },
      {
        "Lon": 20.9347,
        "Time": "2017-05-14 00:20:48",
        "Lines": "136",
        "Lat": 52.2005,
        "Brigade": "9"
      },
      {
        "Lon": 20.9341,
        "Time": "2017-05-14 00:21:00",
        "Lines": "136",
        "Lat": 52.2001,
        "Brigade": "9"
      },
      {
        "Lon": 20.9333,
        "Time": "2017-05-14 00:21:12",
        "Lines": "136",
        "Lat": 52.1995,
        "Brigade": "9"
      },
      {
        "Lon": 20.9325,
        "Time": "2017-05-14 00:21:24",
        "Lines": "136",
        "Lat": 52.1989,
        "Brigade": "9"
      },
      {
        "Lon": 20.9314,
        "Time": "2017-05-14 00:21:37",
        "Lines": "136",
        "Lat": 52.1983,
        "Brigade": "9"
      },
      {
        "Lon": 20.9303,
        "Time": "2017-05-14 00:21:49",
        "Lines": "136",
        "Lat": 52.1975,
        "Brigade": "9"
      },
      {
        "Lon": 20.9292,
        "Time": "2017-05-14 00:22:01",
        "Lines": "136",
        "Lat": 52.1969,
        "Brigade": "9"
      },
      {
        "Lon": 20.9284,
        "Time": "2017-05-14 00:22:14",
        "Lines": "136",
        "Lat": 52.1962,
        "Brigade": "9"
      },
      {
        "Lon": 20.9275,
        "Time": "2017-05-14 00:22:26",
        "Lines": "136",
        "Lat": 52.1961,
        "Brigade": "9"
      },
      {
        "Lon": 20.926,
        "Time": "2017-05-14 00:22:38",
        "Lines": "136",
        "Lat": 52.1962,
        "Brigade": "9"
      },
      {
        "Lon": 20.9251,
        "Time": "2017-05-14 00:22:50",
        "Lines": "136",
        "Lat": 52.1965,
        "Brigade": "9"
      },
      {
        "Lon": 20.925,
        "Time": "2017-05-14 00:23:04",
        "Lines": "136",
        "Lat": 52.1966,
        "Brigade": "9"
      },
      {
        "Lon": 20.925,
        "Time": "2017-05-14 00:23:16",
        "Lines": "136",
        "Lat": 52.1966,
        "Brigade": "9"
      },
      {
        "Lon": 20.925,
        "Time": "2017-05-14 00:23:28",
        "Lines": "136",
        "Lat": 52.1966,
        "Brigade": "9"
      },
      {
        "Lon": 20.9244,
        "Time": "2017-05-14 00:23:40",
        "Lines": "136",
        "Lat": 52.1968,
        "Brigade": "9"
      },
      {
        "Lon": 20.9238,
        "Time": "2017-05-14 00:23:54",
        "Lines": "136",
        "Lat": 52.1969,
        "Brigade": "9"
      },
      {
        "Lon": 20.9233,
        "Time": "2017-05-14 00:24:06",
        "Lines": "136",
        "Lat": 52.1965,
        "Brigade": "9"
      },
      {
        "Lon": 20.9231,
        "Time": "2017-05-14 00:24:18",
        "Lines": "136",
        "Lat": 52.1965,
        "Brigade": "9"
      }
    ]
  }
]
