[
  {
    "res": [
      {
        "Lon": 21.0978,
        "Time": "2017-05-14 00:00:14",
        "Lines": "140",
        "Lat": 52.3141,
        "Brigade": "54"
      },
      {
        "Lon": 21.0984,
        "Time": "2017-05-14 00:00:24",
        "Lines": "140",
        "Lat": 52.3149,
        "Brigade": "54"
      },
      {
        "Lon": 21.0993,
        "Time": "2017-05-14 00:00:34",
        "Lines": "140",
        "Lat": 52.316,
        "Brigade": "54"
      },
      {
        "Lon": 21.1002,
        "Time": "2017-05-14 00:00:44",
        "Lines": "140",
        "Lat": 52.3171,
        "Brigade": "54"
      },
      {
        "Lon": 21.1012,
        "Time": "2017-05-14 00:00:59",
        "Lines": "140",
        "Lat": 52.3183,
        "Brigade": "54"
      },
      {
        "Lon": 21.1012,
        "Time": "2017-05-14 00:01:09",
        "Lines": "140",
        "Lat": 52.3183,
        "Brigade": "54"
      },
      {
        "Lon": 21.1013,
        "Time": "2017-05-14 00:01:19",
        "Lines": "140",
        "Lat": 52.3184,
        "Brigade": "54"
      },
      {
        "Lon": 21.1016,
        "Time": "2017-05-14 00:01:29",
        "Lines": "140",
        "Lat": 52.319,
        "Brigade": "54"
      },
      {
        "Lon": 21.1024,
        "Time": "2017-05-14 00:01:39",
        "Lines": "140",
        "Lat": 52.3199,
        "Brigade": "54"
      },
      {
        "Lon": 21.1032,
        "Time": "2017-05-14 00:01:49",
        "Lines": "140",
        "Lat": 52.3208,
        "Brigade": "54"
      },
      {
        "Lon": 21.1039,
        "Time": "2017-05-14 00:02:04",
        "Lines": "140",
        "Lat": 52.3216,
        "Brigade": "54"
      },
      {
        "Lon": 21.104,
        "Time": "2017-05-14 00:02:14",
        "Lines": "140",
        "Lat": 52.3217,
        "Brigade": "54"
      },
      {
        "Lon": 21.104,
        "Time": "2017-05-14 00:02:24",
        "Lines": "140",
        "Lat": 52.3217,
        "Brigade": "54"
      },
      {
        "Lon": 21.1043,
        "Time": "2017-05-14 00:02:34",
        "Lines": "140",
        "Lat": 52.3221,
        "Brigade": "54"
      },
      {
        "Lon": 21.105,
        "Time": "2017-05-14 00:02:44",
        "Lines": "140",
        "Lat": 52.323,
        "Brigade": "54"
      },
      {
        "Lon": 21.1061,
        "Time": "2017-05-14 00:02:59",
        "Lines": "140",
        "Lat": 52.3242,
        "Brigade": "54"
      },
      {
        "Lon": 21.1062,
        "Time": "2017-05-14 00:03:09",
        "Lines": "140",
        "Lat": 52.3243,
        "Brigade": "54"
      },
      {
        "Lon": 21.1062,
        "Time": "2017-05-14 00:03:19",
        "Lines": "140",
        "Lat": 52.3243,
        "Brigade": "54"
      },
      {
        "Lon": 21.1063,
        "Time": "2017-05-14 00:03:29",
        "Lines": "140",
        "Lat": 52.3244,
        "Brigade": "54"
      },
      {
        "Lon": 21.1072,
        "Time": "2017-05-14 00:03:44",
        "Lines": "140",
        "Lat": 52.3255,
        "Brigade": "54"
      },
      {
        "Lon": 21.108,
        "Time": "2017-05-14 00:03:54",
        "Lines": "140",
        "Lat": 52.3265,
        "Brigade": "54"
      },
      {
        "Lon": 21.1081,
        "Time": "2017-05-14 00:04:04",
        "Lines": "140",
        "Lat": 52.3267,
        "Brigade": "54"
      },
      {
        "Lon": 21.1081,
        "Time": "2017-05-14 00:04:14",
        "Lines": "140",
        "Lat": 52.3267,
        "Brigade": "54"
      },
      {
        "Lon": 21.1082,
        "Time": "2017-05-14 00:04:24",
        "Lines": "140",
        "Lat": 52.3269,
        "Brigade": "54"
      },
      {
        "Lon": 21.1093,
        "Time": "2017-05-14 00:04:39",
        "Lines": "140",
        "Lat": 52.3281,
        "Brigade": "54"
      },
      {
        "Lon": 21.1102,
        "Time": "2017-05-14 00:04:49",
        "Lines": "140",
        "Lat": 52.3291,
        "Brigade": "54"
      },
      {
        "Lon": 21.1111,
        "Time": "2017-05-14 00:04:59",
        "Lines": "140",
        "Lat": 52.3302,
        "Brigade": "54"
      },
      {
        "Lon": 21.1119,
        "Time": "2017-05-14 00:05:09",
        "Lines": "140",
        "Lat": 52.3313,
        "Brigade": "54"
      },
      {
        "Lon": 21.1127,
        "Time": "2017-05-14 00:05:19",
        "Lines": "140",
        "Lat": 52.3323,
        "Brigade": "54"
      },
      {
        "Lon": 21.1137,
        "Time": "2017-05-14 00:05:34",
        "Lines": "140",
        "Lat": 52.3334,
        "Brigade": "54"
      },
      {
        "Lon": 21.1138,
        "Time": "2017-05-14 00:05:39",
        "Lines": "140",
        "Lat": 52.3335,
        "Brigade": "54"
      },
      {
        "Lon": 21.1137,
        "Time": "2017-05-14 00:05:54",
        "Lines": "140",
        "Lat": 52.3336,
        "Brigade": "54"
      },
      {
        "Lon": 21.1139,
        "Time": "2017-05-14 00:06:04",
        "Lines": "140",
        "Lat": 52.3338,
        "Brigade": "54"
      },
      {
        "Lon": 21.1145,
        "Time": "2017-05-14 00:06:14",
        "Lines": "140",
        "Lat": 52.3345,
        "Brigade": "54"
      },
      {
        "Lon": 21.1149,
        "Time": "2017-05-14 00:06:24",
        "Lines": "140",
        "Lat": 52.335,
        "Brigade": "54"
      },
      {
        "Lon": 21.1149,
        "Time": "2017-05-14 00:06:39",
        "Lines": "140",
        "Lat": 52.335,
        "Brigade": "54"
      },
      {
        "Lon": 21.115,
        "Time": "2017-05-14 00:06:49",
        "Lines": "140",
        "Lat": 52.3351,
        "Brigade": "54"
      },
      {
        "Lon": 21.1157,
        "Time": "2017-05-14 00:06:59",
        "Lines": "140",
        "Lat": 52.3359,
        "Brigade": "54"
      },
      {
        "Lon": 21.1165,
        "Time": "2017-05-14 00:07:09",
        "Lines": "140",
        "Lat": 52.337,
        "Brigade": "54"
      },
      {
        "Lon": 21.1179,
        "Time": "2017-05-14 00:07:24",
        "Lines": "140",
        "Lat": 52.3387,
        "Brigade": "54"
      },
      {
        "Lon": 21.1184,
        "Time": "2017-05-14 00:07:34",
        "Lines": "140",
        "Lat": 52.3393,
        "Brigade": "54"
      },
      {
        "Lon": 21.119,
        "Time": "2017-05-14 00:07:44",
        "Lines": "140",
        "Lat": 52.3399,
        "Brigade": "54"
      },
      {
        "Lon": 21.119,
        "Time": "2017-05-14 00:07:54",
        "Lines": "140",
        "Lat": 52.3399,
        "Brigade": "54"
      },
      {
        "Lon": 21.119,
        "Time": "2017-05-14 00:08:09",
        "Lines": "140",
        "Lat": 52.3399,
        "Brigade": "54"
      },
      {
        "Lon": 21.1196,
        "Time": "2017-05-14 00:08:19",
        "Lines": "140",
        "Lat": 52.3406,
        "Brigade": "54"
      },
      {
        "Lon": 21.1203,
        "Time": "2017-05-14 00:08:29",
        "Lines": "140",
        "Lat": 52.3415,
        "Brigade": "54"
      },
      {
        "Lon": 21.1212,
        "Time": "2017-05-14 00:08:38",
        "Lines": "140",
        "Lat": 52.3426,
        "Brigade": "54"
      },
      {
        "Lon": 21.1224,
        "Time": "2017-05-14 00:08:53",
        "Lines": "140",
        "Lat": 52.3441,
        "Brigade": "54"
      },
      {
        "Lon": 21.1226,
        "Time": "2017-05-14 00:09:03",
        "Lines": "140",
        "Lat": 52.3443,
        "Brigade": "54"
      },
      {
        "Lon": 21.1226,
        "Time": "2017-05-14 00:09:13",
        "Lines": "140",
        "Lat": 52.3443,
        "Brigade": "54"
      },
      {
        "Lon": 21.1234,
        "Time": "2017-05-14 00:09:28",
        "Lines": "140",
        "Lat": 52.3454,
        "Brigade": "54"
      },
      {
        "Lon": 21.1245,
        "Time": "2017-05-14 00:09:38",
        "Lines": "140",
        "Lat": 52.3465,
        "Brigade": "54"
      },
      {
        "Lon": 21.1255,
        "Time": "2017-05-14 00:09:48",
        "Lines": "140",
        "Lat": 52.3478,
        "Brigade": "54"
      },
      {
        "Lon": 21.1265,
        "Time": "2017-05-14 00:09:58",
        "Lines": "140",
        "Lat": 52.349,
        "Brigade": "54"
      },
      {
        "Lon": 21.133,
        "Time": "2017-05-14 00:11:29",
        "Lines": "140",
        "Lat": 52.3569,
        "Brigade": "54"
      },
      {
        "Lon": 21.133,
        "Time": "2017-05-14 00:11:38",
        "Lines": "140",
        "Lat": 52.3569,
        "Brigade": "54"
      },
      {
        "Lon": 21.1333,
        "Time": "2017-05-14 00:11:48",
        "Lines": "140",
        "Lat": 52.3573,
        "Brigade": "54"
      },
      {
        "Lon": 21.1341,
        "Time": "2017-05-14 00:12:03",
        "Lines": "140",
        "Lat": 52.3584,
        "Brigade": "54"
      },
      {
        "Lon": 21.1342,
        "Time": "2017-05-14 00:12:13",
        "Lines": "140",
        "Lat": 52.3584,
        "Brigade": "54"
      },
      {
        "Lon": 21.1345,
        "Time": "2017-05-14 00:12:23",
        "Lines": "140",
        "Lat": 52.3589,
        "Brigade": "54"
      },
      {
        "Lon": 21.1337,
        "Time": "2017-05-14 00:12:36",
        "Lines": "140",
        "Lat": 52.3591,
        "Brigade": "54"
      },
      {
        "Lon": 21.1337,
        "Time": "2017-05-14 00:12:48",
        "Lines": "140",
        "Lat": 52.3591,
        "Brigade": "54"
      },
      {
        "Lon": 21.1332,
        "Time": "2017-05-14 00:12:58",
        "Lines": "140",
        "Lat": 52.3591,
        "Brigade": "54"
      },
      {
        "Lon": 21.1317,
        "Time": "2017-05-14 00:13:08",
        "Lines": "140",
        "Lat": 52.3595,
        "Brigade": "54"
      },
      {
        "Lon": 21.1299,
        "Time": "2017-05-14 00:13:18",
        "Lines": "140",
        "Lat": 52.36,
        "Brigade": "54"
      },
      {
        "Lon": 21.1282,
        "Time": "2017-05-14 00:13:28",
        "Lines": "140",
        "Lat": 52.3608,
        "Brigade": "54"
      },
      {
        "Lon": 21.1254,
        "Time": "2017-05-14 00:13:43",
        "Lines": "140",
        "Lat": 52.3613,
        "Brigade": "54"
      },
      {
        "Lon": 21.1233,
        "Time": "2017-05-14 00:13:53",
        "Lines": "140",
        "Lat": 52.3616,
        "Brigade": "54"
      },
      {
        "Lon": 21.1218,
        "Time": "2017-05-14 00:14:06",
        "Lines": "140",
        "Lat": 52.3618,
        "Brigade": "54"
      },
      {
        "Lon": 21.1218,
        "Time": "2017-05-14 00:14:14",
        "Lines": "140",
        "Lat": 52.3618,
        "Brigade": "54"
      },
      {
        "Lon": 21.1207,
        "Time": "2017-05-14 00:14:28",
        "Lines": "140",
        "Lat": 52.3618,
        "Brigade": "54"
      },
      {
        "Lon": 21.1188,
        "Time": "2017-05-14 00:14:38",
        "Lines": "140",
        "Lat": 52.3613,
        "Brigade": "54"
      },
      {
        "Lon": 21.117,
        "Time": "2017-05-14 00:14:48",
        "Lines": "140",
        "Lat": 52.3607,
        "Brigade": "54"
      },
      {
        "Lon": 21.1152,
        "Time": "2017-05-14 00:14:58",
        "Lines": "140",
        "Lat": 52.3605,
        "Brigade": "54"
      },
      {
        "Lon": 21.1132,
        "Time": "2017-05-14 00:15:08",
        "Lines": "140",
        "Lat": 52.3606,
        "Brigade": "54"
      },
      {
        "Lon": 21.1112,
        "Time": "2017-05-14 00:15:24",
        "Lines": "140",
        "Lat": 52.3608,
        "Brigade": "54"
      },
      {
        "Lon": 21.1112,
        "Time": "2017-05-14 00:15:33",
        "Lines": "140",
        "Lat": 52.3608,
        "Brigade": "54"
      },
      {
        "Lon": 21.1111,
        "Time": "2017-05-14 00:15:43",
        "Lines": "140",
        "Lat": 52.3608,
        "Brigade": "54"
      },
      {
        "Lon": 21.1111,
        "Time": "2017-05-14 00:15:53",
        "Lines": "140",
        "Lat": 52.3608,
        "Brigade": "54"
      },
      {
        "Lon": 21.1112,
        "Time": "2017-05-14 00:16:08",
        "Lines": "140",
        "Lat": 52.3608,
        "Brigade": "54"
      },
      {
        "Lon": 21.1112,
        "Time": "2017-05-14 00:16:18",
        "Lines": "140",
        "Lat": 52.3608,
        "Brigade": "54"
      },
      {
        "Lon": 21.1112,
        "Time": "2017-05-14 00:16:28",
        "Lines": "140",
        "Lat": 52.3608,
        "Brigade": "54"
      },
      {
        "Lon": 21.111,
        "Time": "2017-05-14 00:16:38",
        "Lines": "140",
        "Lat": 52.3608,
        "Brigade": "54"
      },
      {
        "Lon": 21.112,
        "Time": "2017-05-14 00:16:53",
        "Lines": "140",
        "Lat": 52.3607,
        "Brigade": "54"
      },
      {
        "Lon": 21.1138,
        "Time": "2017-05-14 00:17:03",
        "Lines": "140",
        "Lat": 52.3606,
        "Brigade": "54"
      },
      {
        "Lon": 21.1158,
        "Time": "2017-05-14 00:17:13",
        "Lines": "140",
        "Lat": 52.3606,
        "Brigade": "54"
      },
      {
        "Lon": 21.1177,
        "Time": "2017-05-14 00:17:23",
        "Lines": "140",
        "Lat": 52.3611,
        "Brigade": "54"
      },
      {
        "Lon": 21.1206,
        "Time": "2017-05-14 00:17:38",
        "Lines": "140",
        "Lat": 52.3618,
        "Brigade": "54"
      },
      {
        "Lon": 21.1226,
        "Time": "2017-05-14 00:17:48",
        "Lines": "140",
        "Lat": 52.3618,
        "Brigade": "54"
      },
      {
        "Lon": 21.1246,
        "Time": "2017-05-14 00:17:58",
        "Lines": "140",
        "Lat": 52.3615,
        "Brigade": "54"
      },
      {
        "Lon": 21.1265,
        "Time": "2017-05-14 00:18:08",
        "Lines": "140",
        "Lat": 52.3613,
        "Brigade": "54"
      },
      {
        "Lon": 21.1282,
        "Time": "2017-05-14 00:18:18",
        "Lines": "140",
        "Lat": 52.3609,
        "Brigade": "54"
      },
      {
        "Lon": 21.1307,
        "Time": "2017-05-14 00:18:33",
        "Lines": "140",
        "Lat": 52.3598,
        "Brigade": "54"
      },
      {
        "Lon": 21.1328,
        "Time": "2017-05-14 00:18:43",
        "Lines": "140",
        "Lat": 52.3593,
        "Brigade": "54"
      },
      {
        "Lon": 21.1342,
        "Time": "2017-05-14 00:18:53",
        "Lines": "140",
        "Lat": 52.359,
        "Brigade": "54"
      },
      {
        "Lon": 21.1345,
        "Time": "2017-05-14 00:19:03",
        "Lines": "140",
        "Lat": 52.3589,
        "Brigade": "54"
      },
      {
        "Lon": 21.1342,
        "Time": "2017-05-14 00:19:18",
        "Lines": "140",
        "Lat": 52.3583,
        "Brigade": "54"
      },
      {
        "Lon": 21.1339,
        "Time": "2017-05-14 00:19:28",
        "Lines": "140",
        "Lat": 52.358,
        "Brigade": "54"
      },
      {
        "Lon": 21.1332,
        "Time": "2017-05-14 00:19:38",
        "Lines": "140",
        "Lat": 52.3571,
        "Brigade": "54"
      },
      {
        "Lon": 21.1324,
        "Time": "2017-05-14 00:19:48",
        "Lines": "140",
        "Lat": 52.3561,
        "Brigade": "54"
      },
      {
        "Lon": 21.1315,
        "Time": "2017-05-14 00:19:58",
        "Lines": "140",
        "Lat": 52.355,
        "Brigade": "54"
      },
      {
        "Lon": 21.1301,
        "Time": "2017-05-14 00:20:13",
        "Lines": "140",
        "Lat": 52.3534,
        "Brigade": "54"
      },
      {
        "Lon": 21.1295,
        "Time": "2017-05-14 00:20:23",
        "Lines": "140",
        "Lat": 52.3527,
        "Brigade": "54"
      },
      {
        "Lon": 21.1295,
        "Time": "2017-05-14 00:20:33",
        "Lines": "140",
        "Lat": 52.3526,
        "Brigade": "54"
      },
      {
        "Lon": 21.1295,
        "Time": "2017-05-14 00:20:43",
        "Lines": "140",
        "Lat": 52.3526,
        "Brigade": "54"
      },
      {
        "Lon": 21.1295,
        "Time": "2017-05-14 00:20:53",
        "Lines": "140",
        "Lat": 52.3526,
        "Brigade": "54"
      },
      {
        "Lon": 21.1293,
        "Time": "2017-05-14 00:21:08",
        "Lines": "140",
        "Lat": 52.3524,
        "Brigade": "54"
      },
      {
        "Lon": 21.1288,
        "Time": "2017-05-14 00:21:18",
        "Lines": "140",
        "Lat": 52.3518,
        "Brigade": "54"
      },
      {
        "Lon": 21.1287,
        "Time": "2017-05-14 00:21:28",
        "Lines": "140",
        "Lat": 52.3518,
        "Brigade": "54"
      },
      {
        "Lon": 21.1285,
        "Time": "2017-05-14 00:21:38",
        "Lines": "140",
        "Lat": 52.3515,
        "Brigade": "54"
      },
      {
        "Lon": 21.1278,
        "Time": "2017-05-14 00:21:48",
        "Lines": "140",
        "Lat": 52.3506,
        "Brigade": "54"
      },
      {
        "Lon": 21.1269,
        "Time": "2017-05-14 00:21:58",
        "Lines": "140",
        "Lat": 52.3495,
        "Brigade": "54"
      },
      {
        "Lon": 21.1255,
        "Time": "2017-05-14 00:22:13",
        "Lines": "140",
        "Lat": 52.3478,
        "Brigade": "54"
      },
      {
        "Lon": 21.1246,
        "Time": "2017-05-14 00:22:23",
        "Lines": "140",
        "Lat": 52.3467,
        "Brigade": "54"
      },
      {
        "Lon": 21.1235,
        "Time": "2017-05-14 00:22:33",
        "Lines": "140",
        "Lat": 52.3455,
        "Brigade": "54"
      },
      {
        "Lon": 21.1225,
        "Time": "2017-05-14 00:22:43",
        "Lines": "140",
        "Lat": 52.3445,
        "Brigade": "54"
      },
      {
        "Lon": 21.1214,
        "Time": "2017-05-14 00:22:58",
        "Lines": "140",
        "Lat": 52.3429,
        "Brigade": "54"
      },
      {
        "Lon": 21.1206,
        "Time": "2017-05-14 00:23:08",
        "Lines": "140",
        "Lat": 52.3419,
        "Brigade": "54"
      },
      {
        "Lon": 21.1203,
        "Time": "2017-05-14 00:23:18",
        "Lines": "140",
        "Lat": 52.3414,
        "Brigade": "54"
      },
      {
        "Lon": 21.1197,
        "Time": "2017-05-14 00:23:28",
        "Lines": "140",
        "Lat": 52.3408,
        "Brigade": "54"
      },
      {
        "Lon": 21.1191,
        "Time": "2017-05-14 00:23:38",
        "Lines": "140",
        "Lat": 52.34,
        "Brigade": "54"
      },
      {
        "Lon": 21.1179,
        "Time": "2017-05-14 00:23:53",
        "Lines": "140",
        "Lat": 52.3388,
        "Brigade": "54"
      },
      {
        "Lon": 21.1177,
        "Time": "2017-05-14 00:24:05",
        "Lines": "140",
        "Lat": 52.3387,
        "Brigade": "54"
      },
      {
        "Lon": 21.1177,
        "Time": "2017-05-14 00:24:13",
        "Lines": "140",
        "Lat": 52.3386,
        "Brigade": "54"
      },
      {
        "Lon": 21.1171,
        "Time": "2017-05-14 00:24:23",
        "Lines": "140",
        "Lat": 52.3379,
        "Brigade": "54"
      },
      {
        "Lon": 21.1163,
        "Time": "2017-05-14 00:24:33",
        "Lines": "140",
        "Lat": 52.3368,
        "Brigade": "54"
      },
      {
        "Lon": 21.1154,
        "Time": "2017-05-14 00:24:43",
        "Lines": "140",
        "Lat": 52.3358,
        "Brigade": "54"
      },
      {
        "Lon": 21.1143,
        "Time": "2017-05-14 00:24:58",
        "Lines": "140",
        "Lat": 52.3343,
        "Brigade": "54"
      },
      {
        "Lon": 21.1136,
        "Time": "2017-05-14 00:25:08",
        "Lines": "140",
        "Lat": 52.3335,
        "Brigade": "54"
      },
      {
        "Lon": 21.1134,
        "Time": "2017-05-14 00:25:18",
        "Lines": "140",
        "Lat": 52.3332,
        "Brigade": "54"
      },
      {
        "Lon": 21.1128,
        "Time": "2017-05-14 00:25:28",
        "Lines": "140",
        "Lat": 52.3324,
        "Brigade": "54"
      },
      {
        "Lon": 21.1115,
        "Time": "2017-05-14 00:25:43",
        "Lines": "140",
        "Lat": 52.3308,
        "Brigade": "54"
      },
      {
        "Lon": 21.1107,
        "Time": "2017-05-14 00:25:53",
        "Lines": "140",
        "Lat": 52.3298,
        "Brigade": "54"
      },
      {
        "Lon": 21.1098,
        "Time": "2017-05-14 00:26:03",
        "Lines": "140",
        "Lat": 52.3287,
        "Brigade": "54"
      },
      {
        "Lon": 21.1089,
        "Time": "2017-05-14 00:26:13",
        "Lines": "140",
        "Lat": 52.3277,
        "Brigade": "54"
      },
      {
        "Lon": 21.1081,
        "Time": "2017-05-14 00:26:23",
        "Lines": "140",
        "Lat": 52.3266,
        "Brigade": "54"
      },
      {
        "Lon": 21.1074,
        "Time": "2017-05-14 00:26:38",
        "Lines": "140",
        "Lat": 52.3259,
        "Brigade": "54"
      },
      {
        "Lon": 21.1068,
        "Time": "2017-05-14 00:26:48",
        "Lines": "140",
        "Lat": 52.3251,
        "Brigade": "54"
      },
      {
        "Lon": 21.1065,
        "Time": "2017-05-14 00:26:58",
        "Lines": "140",
        "Lat": 52.3247,
        "Brigade": "54"
      },
      {
        "Lon": 21.1064,
        "Time": "2017-05-14 00:27:08",
        "Lines": "140",
        "Lat": 52.3247,
        "Brigade": "54"
      },
      {
        "Lon": 21.1065,
        "Time": "2017-05-14 00:27:18",
        "Lines": "140",
        "Lat": 52.3247,
        "Brigade": "54"
      },
      {
        "Lon": 21.1064,
        "Time": "2017-05-14 00:27:33",
        "Lines": "140",
        "Lat": 52.3247,
        "Brigade": "54"
      },
      {
        "Lon": 21.1059,
        "Time": "2017-05-14 00:27:43",
        "Lines": "140",
        "Lat": 52.3241,
        "Brigade": "54"
      },
      {
        "Lon": 21.1051,
        "Time": "2017-05-14 00:27:53",
        "Lines": "140",
        "Lat": 52.3231,
        "Brigade": "54"
      },
      {
        "Lon": 21.1044,
        "Time": "2017-05-14 00:28:03",
        "Lines": "140",
        "Lat": 52.3223,
        "Brigade": "54"
      },
      {
        "Lon": 21.1036,
        "Time": "2017-05-14 00:28:13",
        "Lines": "140",
        "Lat": 52.3214,
        "Brigade": "54"
      },
      {
        "Lon": 21.1029,
        "Time": "2017-05-14 00:28:23",
        "Lines": "140",
        "Lat": 52.3204,
        "Brigade": "54"
      },
      {
        "Lon": 21.1024,
        "Time": "2017-05-14 00:28:38",
        "Lines": "140",
        "Lat": 52.3199,
        "Brigade": "54"
      },
      {
        "Lon": 21.102,
        "Time": "2017-05-14 00:28:48",
        "Lines": "140",
        "Lat": 52.3194,
        "Brigade": "54"
      },
      {
        "Lon": 21.1012,
        "Time": "2017-05-14 00:28:58",
        "Lines": "140",
        "Lat": 52.3185,
        "Brigade": "54"
      },
      {
        "Lon": 21.1005,
        "Time": "2017-05-14 00:29:08",
        "Lines": "140",
        "Lat": 52.3176,
        "Brigade": "54"
      },
      {
        "Lon": 21.1002,
        "Time": "2017-05-14 00:29:23",
        "Lines": "140",
        "Lat": 52.3172,
        "Brigade": "54"
      },
      {
        "Lon": 21.1001,
        "Time": "2017-05-14 00:29:33",
        "Lines": "140",
        "Lat": 52.3171,
        "Brigade": "54"
      },
      {
        "Lon": 21.0996,
        "Time": "2017-05-14 00:29:43",
        "Lines": "140",
        "Lat": 52.3164,
        "Brigade": "54"
      },
      {
        "Lon": 21.0986,
        "Time": "2017-05-14 00:29:53",
        "Lines": "140",
        "Lat": 52.3152,
        "Brigade": "54"
      },
      {
        "Lon": 21.0976,
        "Time": "2017-05-14 00:30:03",
        "Lines": "140",
        "Lat": 52.3139,
        "Brigade": "54"
      },
      {
        "Lon": 21.0966,
        "Time": "2017-05-14 00:30:13",
        "Lines": "140",
        "Lat": 52.3127,
        "Brigade": "54"
      },
      {
        "Lon": 21.0957,
        "Time": "2017-05-14 00:30:28",
        "Lines": "140",
        "Lat": 52.3117,
        "Brigade": "54"
      },
      {
        "Lon": 21.0956,
        "Time": "2017-05-14 00:30:38",
        "Lines": "140",
        "Lat": 52.3117,
        "Brigade": "54"
      },
      {
        "Lon": 21.0952,
        "Time": "2017-05-14 00:30:48",
        "Lines": "140",
        "Lat": 52.3111,
        "Brigade": "54"
      },
      {
        "Lon": 21.0944,
        "Time": "2017-05-14 00:30:58",
        "Lines": "140",
        "Lat": 52.3101,
        "Brigade": "54"
      },
      {
        "Lon": 21.0931,
        "Time": "2017-05-14 00:31:13",
        "Lines": "140",
        "Lat": 52.3085,
        "Brigade": "54"
      },
      {
        "Lon": 21.0922,
        "Time": "2017-05-14 00:31:23",
        "Lines": "140",
        "Lat": 52.3075,
        "Brigade": "54"
      },
      {
        "Lon": 21.0915,
        "Time": "2017-05-14 00:31:33",
        "Lines": "140",
        "Lat": 52.3065,
        "Brigade": "54"
      },
      {
        "Lon": 21.0906,
        "Time": "2017-05-14 00:31:43",
        "Lines": "140",
        "Lat": 52.3055,
        "Brigade": "54"
      },
      {
        "Lon": 21.0894,
        "Time": "2017-05-14 00:31:58",
        "Lines": "140",
        "Lat": 52.3041,
        "Brigade": "54"
      },
      {
        "Lon": 21.089,
        "Time": "2017-05-14 00:32:08",
        "Lines": "140",
        "Lat": 52.3036,
        "Brigade": "54"
      },
      {
        "Lon": 21.0884,
        "Time": "2017-05-14 00:32:18",
        "Lines": "140",
        "Lat": 52.3029,
        "Brigade": "54"
      },
      {
        "Lon": 21.0881,
        "Time": "2017-05-14 00:32:28",
        "Lines": "140",
        "Lat": 52.3026,
        "Brigade": "54"
      },
      {
        "Lon": 21.0881,
        "Time": "2017-05-14 00:32:38",
        "Lines": "140",
        "Lat": 52.3026,
        "Brigade": "54"
      },
      {
        "Lon": 21.0879,
        "Time": "2017-05-14 00:32:48",
        "Lines": "140",
        "Lat": 52.3024,
        "Brigade": "54"
      },
      {
        "Lon": 21.0869,
        "Time": "2017-05-14 00:33:03",
        "Lines": "140",
        "Lat": 52.3011,
        "Brigade": "54"
      },
      {
        "Lon": 21.0861,
        "Time": "2017-05-14 00:33:13",
        "Lines": "140",
        "Lat": 52.3001,
        "Brigade": "54"
      },
      {
        "Lon": 21.0855,
        "Time": "2017-05-14 00:33:23",
        "Lines": "140",
        "Lat": 52.2993,
        "Brigade": "54"
      },
      {
        "Lon": 21.085,
        "Time": "2017-05-14 00:33:38",
        "Lines": "140",
        "Lat": 52.2986,
        "Brigade": "54"
      },
      {
        "Lon": 21.0833,
        "Time": "2017-05-14 00:33:58",
        "Lines": "140",
        "Lat": 52.2964,
        "Brigade": "54"
      },
      {
        "Lon": 21.0824,
        "Time": "2017-05-14 00:34:08",
        "Lines": "140",
        "Lat": 52.2953,
        "Brigade": "54"
      },
      {
        "Lon": 21.0814,
        "Time": "2017-05-14 00:34:23",
        "Lines": "140",
        "Lat": 52.2941,
        "Brigade": "54"
      },
      {
        "Lon": 21.0807,
        "Time": "2017-05-14 00:34:33",
        "Lines": "140",
        "Lat": 52.2934,
        "Brigade": "54"
      },
      {
        "Lon": 21.0799,
        "Time": "2017-05-14 00:34:43",
        "Lines": "140",
        "Lat": 52.2925,
        "Brigade": "54"
      },
      {
        "Lon": 21.0791,
        "Time": "2017-05-14 00:34:53",
        "Lines": "140",
        "Lat": 52.2916,
        "Brigade": "54"
      },
      {
        "Lon": 21.0787,
        "Time": "2017-05-14 00:35:03",
        "Lines": "140",
        "Lat": 52.2911,
        "Brigade": "54"
      },
      {
        "Lon": 21.0779,
        "Time": "2017-05-14 00:35:18",
        "Lines": "140",
        "Lat": 52.2901,
        "Brigade": "54"
      },
      {
        "Lon": 21.077,
        "Time": "2017-05-14 00:35:28",
        "Lines": "140",
        "Lat": 52.289,
        "Brigade": "54"
      },
      {
        "Lon": 21.0762,
        "Time": "2017-05-14 00:35:38",
        "Lines": "140",
        "Lat": 52.288,
        "Brigade": "54"
      },
      {
        "Lon": 21.0757,
        "Time": "2017-05-14 00:35:48",
        "Lines": "140",
        "Lat": 52.2874,
        "Brigade": "54"
      },
      {
        "Lon": 21.0755,
        "Time": "2017-05-14 00:35:58",
        "Lines": "140",
        "Lat": 52.2872,
        "Brigade": "54"
      },
      {
        "Lon": 21.0749,
        "Time": "2017-05-14 00:36:08",
        "Lines": "140",
        "Lat": 52.2866,
        "Brigade": "54"
      },
      {
        "Lon": 21.0747,
        "Time": "2017-05-14 00:36:23",
        "Lines": "140",
        "Lat": 52.2863,
        "Brigade": "54"
      },
      {
        "Lon": 21.0747,
        "Time": "2017-05-14 00:36:33",
        "Lines": "140",
        "Lat": 52.2863,
        "Brigade": "54"
      },
      {
        "Lon": 21.0741,
        "Time": "2017-05-14 00:36:43",
        "Lines": "140",
        "Lat": 52.2855,
        "Brigade": "54"
      },
      {
        "Lon": 21.0732,
        "Time": "2017-05-14 00:36:53",
        "Lines": "140",
        "Lat": 52.2844,
        "Brigade": "54"
      },
      {
        "Lon": 21.072,
        "Time": "2017-05-14 00:37:08",
        "Lines": "140",
        "Lat": 52.2829,
        "Brigade": "54"
      },
      {
        "Lon": 21.0711,
        "Time": "2017-05-14 00:37:18",
        "Lines": "140",
        "Lat": 52.2818,
        "Brigade": "54"
      },
      {
        "Lon": 21.0702,
        "Time": "2017-05-14 00:37:28",
        "Lines": "140",
        "Lat": 52.2808,
        "Brigade": "54"
      },
      {
        "Lon": 21.0694,
        "Time": "2017-05-14 00:37:38",
        "Lines": "140",
        "Lat": 52.2799,
        "Brigade": "54"
      },
      {
        "Lon": 21.0691,
        "Time": "2017-05-14 00:37:48",
        "Lines": "140",
        "Lat": 52.2796,
        "Brigade": "54"
      },
      {
        "Lon": 21.0691,
        "Time": "2017-05-14 00:37:59",
        "Lines": "140",
        "Lat": 52.2796,
        "Brigade": "54"
      },
      {
        "Lon": 21.0687,
        "Time": "2017-05-14 00:38:13",
        "Lines": "140",
        "Lat": 52.279,
        "Brigade": "54"
      },
      {
        "Lon": 21.0679,
        "Time": "2017-05-14 00:38:23",
        "Lines": "140",
        "Lat": 52.278,
        "Brigade": "54"
      },
      {
        "Lon": 21.0673,
        "Time": "2017-05-14 00:38:33",
        "Lines": "140",
        "Lat": 52.2772,
        "Brigade": "54"
      },
      {
        "Lon": 21.0672,
        "Time": "2017-05-14 00:38:43",
        "Lines": "140",
        "Lat": 52.2772,
        "Brigade": "54"
      },
      {
        "Lon": 21.0671,
        "Time": "2017-05-14 00:38:58",
        "Lines": "140",
        "Lat": 52.2771,
        "Brigade": "54"
      },
      {
        "Lon": 21.0666,
        "Time": "2017-05-14 00:39:08",
        "Lines": "140",
        "Lat": 52.2764,
        "Brigade": "54"
      },
      {
        "Lon": 21.066,
        "Time": "2017-05-14 00:39:18",
        "Lines": "140",
        "Lat": 52.2757,
        "Brigade": "54"
      },
      {
        "Lon": 21.0652,
        "Time": "2017-05-14 00:39:28",
        "Lines": "140",
        "Lat": 52.2747,
        "Brigade": "54"
      },
      {
        "Lon": 21.0642,
        "Time": "2017-05-14 00:39:38",
        "Lines": "140",
        "Lat": 52.2735,
        "Brigade": "54"
      },
      {
        "Lon": 21.0633,
        "Time": "2017-05-14 00:39:48",
        "Lines": "140",
        "Lat": 52.2725,
        "Brigade": "54"
      },
      {
        "Lon": 21.063,
        "Time": "2017-05-14 00:40:03",
        "Lines": "140",
        "Lat": 52.272,
        "Brigade": "54"
      },
      {
        "Lon": 21.0622,
        "Time": "2017-05-14 00:40:13",
        "Lines": "140",
        "Lat": 52.2711,
        "Brigade": "54"
      },
      {
        "Lon": 21.0613,
        "Time": "2017-05-14 00:40:23",
        "Lines": "140",
        "Lat": 52.2699,
        "Brigade": "54"
      },
      {
        "Lon": 21.0608,
        "Time": "2017-05-14 00:40:33",
        "Lines": "140",
        "Lat": 52.2693,
        "Brigade": "54"
      },
      {
        "Lon": 21.0607,
        "Time": "2017-05-14 00:40:43",
        "Lines": "140",
        "Lat": 52.2693,
        "Brigade": "54"
      },
      {
        "Lon": 21.0607,
        "Time": "2017-05-14 00:40:58",
        "Lines": "140",
        "Lat": 52.2693,
        "Brigade": "54"
      },
      {
        "Lon": 21.0607,
        "Time": "2017-05-14 00:41:08",
        "Lines": "140",
        "Lat": 52.2692,
        "Brigade": "54"
      },
      {
        "Lon": 21.0601,
        "Time": "2017-05-14 00:41:18",
        "Lines": "140",
        "Lat": 52.2685,
        "Brigade": "54"
      },
      {
        "Lon": 21.0592,
        "Time": "2017-05-14 00:41:28",
        "Lines": "140",
        "Lat": 52.2674,
        "Brigade": "54"
      },
      {
        "Lon": 21.0584,
        "Time": "2017-05-14 00:41:43",
        "Lines": "140",
        "Lat": 52.2665,
        "Brigade": "54"
      },
      {
        "Lon": 21.0584,
        "Time": "2017-05-14 00:41:54",
        "Lines": "140",
        "Lat": 52.2665,
        "Brigade": "54"
      },
      {
        "Lon": 21.0583,
        "Time": "2017-05-14 00:42:03",
        "Lines": "140",
        "Lat": 52.2664,
        "Brigade": "54"
      },
      {
        "Lon": 21.0581,
        "Time": "2017-05-14 00:42:08",
        "Lines": "140",
        "Lat": 52.266,
        "Brigade": "54"
      },
      {
        "Lon": 21.0564,
        "Time": "2017-05-14 00:42:23",
        "Lines": "140",
        "Lat": 52.2644,
        "Brigade": "54"
      },
      {
        "Lon": 21.0549,
        "Time": "2017-05-14 00:42:33",
        "Lines": "140",
        "Lat": 52.2635,
        "Brigade": "54"
      },
      {
        "Lon": 21.0534,
        "Time": "2017-05-14 00:42:43",
        "Lines": "140",
        "Lat": 52.2629,
        "Brigade": "54"
      },
      {
        "Lon": 21.0527,
        "Time": "2017-05-14 00:42:51",
        "Lines": "140",
        "Lat": 52.2626,
        "Brigade": "54"
      },
      {
        "Lon": 21.0518,
        "Time": "2017-05-14 00:42:58",
        "Lines": "140",
        "Lat": 52.2622,
        "Brigade": "54"
      },
      {
        "Lon": 21.0514,
        "Time": "2017-05-14 00:43:03",
        "Lines": "140",
        "Lat": 52.262,
        "Brigade": "54"
      },
      {
        "Lon": 21.0478,
        "Time": "2017-05-14 00:43:08",
        "Lines": "140",
        "Lat": 52.2605,
        "Brigade": "54"
      },
      {
        "Lon": 21.0474,
        "Time": "2017-05-14 00:43:38",
        "Lines": "140",
        "Lat": 52.2603,
        "Brigade": "54"
      },
      {
        "Lon": 21.0474,
        "Time": "2017-05-14 00:43:53",
        "Lines": "140",
        "Lat": 52.2603,
        "Brigade": "54"
      },
      {
        "Lon": 21.0474,
        "Time": "2017-05-14 00:44:03",
        "Lines": "140",
        "Lat": 52.2603,
        "Brigade": "54"
      },
      {
        "Lon": 21.0474,
        "Time": "2017-05-14 00:44:13",
        "Lines": "140",
        "Lat": 52.2603,
        "Brigade": "54"
      },
      {
        "Lon": 21.0474,
        "Time": "2017-05-14 00:44:23",
        "Lines": "140",
        "Lat": 52.2603,
        "Brigade": "54"
      },
      {
        "Lon": 21.0474,
        "Time": "2017-05-14 00:44:38",
        "Lines": "140",
        "Lat": 52.2603,
        "Brigade": "54"
      },
      {
        "Lon": 21.0466,
        "Time": "2017-05-14 00:44:48",
        "Lines": "140",
        "Lat": 52.26,
        "Brigade": "54"
      },
      {
        "Lon": 21.0464,
        "Time": "2017-05-14 00:44:57",
        "Lines": "140",
        "Lat": 52.2599,
        "Brigade": "54"
      },
      {
        "Lon": 21.046,
        "Time": "2017-05-14 00:45:08",
        "Lines": "140",
        "Lat": 52.2597,
        "Brigade": "54"
      },
      {
        "Lon": 21.0447,
        "Time": "2017-05-14 00:45:18",
        "Lines": "140",
        "Lat": 52.2591,
        "Brigade": "54"
      },
      {
        "Lon": 21.042,
        "Time": "2017-05-14 00:45:33",
        "Lines": "140",
        "Lat": 52.2579,
        "Brigade": "54"
      },
      {
        "Lon": 21.0404,
        "Time": "2017-05-14 00:45:43",
        "Lines": "140",
        "Lat": 52.2572,
        "Brigade": "54"
      },
      {
        "Lon": 21.0387,
        "Time": "2017-05-14 00:45:53",
        "Lines": "140",
        "Lat": 52.2565,
        "Brigade": "54"
      },
      {
        "Lon": 21.0373,
        "Time": "2017-05-14 00:46:03",
        "Lines": "140",
        "Lat": 52.2559,
        "Brigade": "54"
      },
      {
        "Lon": 21.0356,
        "Time": "2017-05-14 00:46:18",
        "Lines": "140",
        "Lat": 52.2552,
        "Brigade": "54"
      },
      {
        "Lon": 21.0355,
        "Time": "2017-05-14 00:46:28",
        "Lines": "140",
        "Lat": 52.2551,
        "Brigade": "54"
      },
      {
        "Lon": 21.0355,
        "Time": "2017-05-14 00:46:38",
        "Lines": "140",
        "Lat": 52.2551,
        "Brigade": "54"
      },
      {
        "Lon": 21.0355,
        "Time": "2017-05-14 00:46:48",
        "Lines": "140",
        "Lat": 52.255,
        "Brigade": "54"
      },
      {
        "Lon": 21.0355,
        "Time": "2017-05-14 00:46:58",
        "Lines": "140",
        "Lat": 52.255,
        "Brigade": "54"
      },
      {
        "Lon": 21.0355,
        "Time": "2017-05-14 00:47:08",
        "Lines": "140",
        "Lat": 52.255,
        "Brigade": "54"
      },
      {
        "Lon": 21.0354,
        "Time": "2017-05-14 00:47:23",
        "Lines": "140",
        "Lat": 52.2549,
        "Brigade": "54"
      },
      {
        "Lon": 21.0349,
        "Time": "2017-05-14 00:47:33",
        "Lines": "140",
        "Lat": 52.2549,
        "Brigade": "54"
      },
      {
        "Lon": 21.0346,
        "Time": "2017-05-14 00:47:43",
        "Lines": "140",
        "Lat": 52.2553,
        "Brigade": "54"
      },
      {
        "Lon": 21.0339,
        "Time": "2017-05-14 00:47:58",
        "Lines": "140",
        "Lat": 52.2559,
        "Brigade": "54"
      },
      {
        "Lon": 21.0332,
        "Time": "2017-05-14 00:48:08",
        "Lines": "140",
        "Lat": 52.2566,
        "Brigade": "54"
      },
      {
        "Lon": 21.0334,
        "Time": "2017-05-14 00:48:13",
        "Lines": "140",
        "Lat": 52.2568,
        "Brigade": "54"
      },
      {
        "Lon": 21.0345,
        "Time": "2017-05-14 00:48:28",
        "Lines": "140",
        "Lat": 52.2579,
        "Brigade": "54"
      },
      {
        "Lon": 21.0353,
        "Time": "2017-05-14 00:48:38",
        "Lines": "140",
        "Lat": 52.2582,
        "Brigade": "54"
      },
      {
        "Lon": 21.0366,
        "Time": "2017-05-14 00:48:48",
        "Lines": "140",
        "Lat": 52.2586,
        "Brigade": "54"
      },
      {
        "Lon": 21.0387,
        "Time": "2017-05-14 00:49:03",
        "Lines": "140",
        "Lat": 52.2594,
        "Brigade": "54"
      },
      {
        "Lon": 21.0398,
        "Time": "2017-05-14 00:49:13",
        "Lines": "140",
        "Lat": 52.2599,
        "Brigade": "54"
      },
      {
        "Lon": 21.0411,
        "Time": "2017-05-14 00:49:23",
        "Lines": "140",
        "Lat": 52.2605,
        "Brigade": "54"
      },
      {
        "Lon": 21.0422,
        "Time": "2017-05-14 00:49:33",
        "Lines": "140",
        "Lat": 52.261,
        "Brigade": "54"
      },
      {
        "Lon": 21.0437,
        "Time": "2017-05-14 00:49:48",
        "Lines": "140",
        "Lat": 52.2616,
        "Brigade": "54"
      },
      {
        "Lon": 21.0448,
        "Time": "2017-05-14 00:49:58",
        "Lines": "140",
        "Lat": 52.262,
        "Brigade": "54"
      },
      {
        "Lon": 21.0454,
        "Time": "2017-05-14 00:50:08",
        "Lines": "140",
        "Lat": 52.2622,
        "Brigade": "54"
      }
    ]
  }
]
