[
  {
    "res": [
      {
        "Lon": 21.1136,
        "Time": "2017-05-14 00:00:11",
        "Lines": "145",
        "Lat": 52.2362,
        "Brigade": "2"
      },
      {
        "Lon": 21.1135,
        "Time": "2017-05-14 00:00:21",
        "Lines": "145",
        "Lat": 52.2352,
        "Brigade": "2"
      },
      {
        "Lon": 21.1135,
        "Time": "2017-05-14 00:00:31",
        "Lines": "145",
        "Lat": 52.2344,
        "Brigade": "2"
      },
      {
        "Lon": 21.1137,
        "Time": "2017-05-14 00:00:41",
        "Lines": "145",
        "Lat": 52.2341,
        "Brigade": "2"
      },
      {
        "Lon": 21.1137,
        "Time": "2017-05-14 00:00:51",
        "Lines": "145",
        "Lat": 52.2341,
        "Brigade": "2"
      },
      {
        "Lon": 21.1137,
        "Time": "2017-05-14 00:01:01",
        "Lines": "145",
        "Lat": 52.2341,
        "Brigade": "2"
      },
      {
        "Lon": 21.1137,
        "Time": "2017-05-14 00:01:21",
        "Lines": "145",
        "Lat": 52.2341,
        "Brigade": "2"
      },
      {
        "Lon": 21.1137,
        "Time": "2017-05-14 00:01:31",
        "Lines": "145",
        "Lat": 52.2341,
        "Brigade": "2"
      },
      {
        "Lon": 21.1137,
        "Time": "2017-05-14 00:01:41",
        "Lines": "145",
        "Lat": 52.2341,
        "Brigade": "2"
      },
      {
        "Lon": 21.1143,
        "Time": "2017-05-14 00:01:51",
        "Lines": "145",
        "Lat": 52.2337,
        "Brigade": "2"
      },
      {
        "Lon": 21.1156,
        "Time": "2017-05-14 00:02:01",
        "Lines": "145",
        "Lat": 52.2335,
        "Brigade": "2"
      },
      {
        "Lon": 21.1171,
        "Time": "2017-05-14 00:02:11",
        "Lines": "145",
        "Lat": 52.2333,
        "Brigade": "2"
      },
      {
        "Lon": 21.1178,
        "Time": "2017-05-14 00:02:21",
        "Lines": "145",
        "Lat": 52.2333,
        "Brigade": "2"
      },
      {
        "Lon": 21.1178,
        "Time": "2017-05-14 00:02:31",
        "Lines": "145",
        "Lat": 52.2335,
        "Brigade": "2"
      },
      {
        "Lon": 21.1178,
        "Time": "2017-05-14 00:02:41",
        "Lines": "145",
        "Lat": 52.2336,
        "Brigade": "2"
      },
      {
        "Lon": 21.1178,
        "Time": "2017-05-14 00:02:51",
        "Lines": "145",
        "Lat": 52.2336,
        "Brigade": "2"
      },
      {
        "Lon": 21.1178,
        "Time": "2017-05-14 00:03:01",
        "Lines": "145",
        "Lat": 52.2336,
        "Brigade": "2"
      }
    ]
  }
]
