[
  {
    "res": [
      {
        "Lon": 21.0515,
        "Time": "2017-05-14 00:00:10",
        "Lines": "146",
        "Lat": 52.2535,
        "Brigade": "1"
      },
      {
        "Lon": 21.0502,
        "Time": "2017-05-14 00:00:20",
        "Lines": "146",
        "Lat": 52.253,
        "Brigade": "1"
      },
      {
        "Lon": 21.0487,
        "Time": "2017-05-14 00:00:30",
        "Lines": "146",
        "Lat": 52.2526,
        "Brigade": "1"
      },
      {
        "Lon": 21.0465,
        "Time": "2017-05-14 00:00:45",
        "Lines": "146",
        "Lat": 52.2517,
        "Brigade": "1"
      },
      {
        "Lon": 21.0453,
        "Time": "2017-05-14 00:00:55",
        "Lines": "146",
        "Lat": 52.251,
        "Brigade": "1"
      },
      {
        "Lon": 21.0441,
        "Time": "2017-05-14 00:01:05",
        "Lines": "146",
        "Lat": 52.2504,
        "Brigade": "1"
      },
      {
        "Lon": 21.0433,
        "Time": "2017-05-14 00:01:15",
        "Lines": "146",
        "Lat": 52.25,
        "Brigade": "1"
      },
      {
        "Lon": 21.0431,
        "Time": "2017-05-14 00:01:30",
        "Lines": "146",
        "Lat": 52.2499,
        "Brigade": "1"
      },
      {
        "Lon": 21.0431,
        "Time": "2017-05-14 00:01:40",
        "Lines": "146",
        "Lat": 52.2499,
        "Brigade": "1"
      },
      {
        "Lon": 21.0426,
        "Time": "2017-05-14 00:01:50",
        "Lines": "146",
        "Lat": 52.2496,
        "Brigade": "1"
      },
      {
        "Lon": 21.0434,
        "Time": "2017-05-14 00:02:00",
        "Lines": "146",
        "Lat": 52.2491,
        "Brigade": "1"
      },
      {
        "Lon": 21.0446,
        "Time": "2017-05-14 00:02:10",
        "Lines": "146",
        "Lat": 52.2486,
        "Brigade": "1"
      },
      {
        "Lon": 21.0454,
        "Time": "2017-05-14 00:02:20",
        "Lines": "146",
        "Lat": 52.2484,
        "Brigade": "1"
      },
      {
        "Lon": 21.0456,
        "Time": "2017-05-14 00:02:35",
        "Lines": "146",
        "Lat": 52.2483,
        "Brigade": "1"
      },
      {
        "Lon": 21.0458,
        "Time": "2017-05-14 00:02:45",
        "Lines": "146",
        "Lat": 52.2482,
        "Brigade": "1"
      },
      {
        "Lon": 21.0467,
        "Time": "2017-05-14 00:02:55",
        "Lines": "146",
        "Lat": 52.2479,
        "Brigade": "1"
      },
      {
        "Lon": 21.0479,
        "Time": "2017-05-14 00:03:05",
        "Lines": "146",
        "Lat": 52.2476,
        "Brigade": "1"
      },
      {
        "Lon": 21.0494,
        "Time": "2017-05-14 00:03:15",
        "Lines": "146",
        "Lat": 52.2474,
        "Brigade": "1"
      },
      {
        "Lon": 21.0515,
        "Time": "2017-05-14 00:03:30",
        "Lines": "146",
        "Lat": 52.2473,
        "Brigade": "1"
      },
      {
        "Lon": 21.0525,
        "Time": "2017-05-14 00:03:41",
        "Lines": "146",
        "Lat": 52.2472,
        "Brigade": "1"
      },
      {
        "Lon": 21.0539,
        "Time": "2017-05-14 00:03:51",
        "Lines": "146",
        "Lat": 52.2471,
        "Brigade": "1"
      },
      {
        "Lon": 21.0557,
        "Time": "2017-05-14 00:04:01",
        "Lines": "146",
        "Lat": 52.247,
        "Brigade": "1"
      },
      {
        "Lon": 21.0584,
        "Time": "2017-05-14 00:04:16",
        "Lines": "146",
        "Lat": 52.2468,
        "Brigade": "1"
      }
    ]
  }
]
