[
  {
    "res": [
      {
        "Lon": 21.1771,
        "Time": "2017-05-14 00:00:09",
        "Lines": "147",
        "Lat": 52.2063,
        "Brigade": "4"
      },
      {
        "Lon": 21.1796,
        "Time": "2017-05-14 00:00:25",
        "Lines": "147",
        "Lat": 52.2067,
        "Brigade": "4"
      },
      {
        "Lon": 21.1822,
        "Time": "2017-05-14 00:00:41",
        "Lines": "147",
        "Lat": 52.2069,
        "Brigade": "4"
      },
      {
        "Lon": 21.1829,
        "Time": "2017-05-14 00:00:57",
        "Lines": "147",
        "Lat": 52.2068,
        "Brigade": "4"
      },
      {
        "Lon": 21.1843,
        "Time": "2017-05-14 00:01:12",
        "Lines": "147",
        "Lat": 52.2068,
        "Brigade": "4"
      },
      {
        "Lon": 21.187,
        "Time": "2017-05-14 00:01:28",
        "Lines": "147",
        "Lat": 52.2069,
        "Brigade": "4"
      },
      {
        "Lon": 21.1902,
        "Time": "2017-05-14 00:01:45",
        "Lines": "147",
        "Lat": 52.2072,
        "Brigade": "4"
      },
      {
        "Lon": 21.193,
        "Time": "2017-05-14 00:02:02",
        "Lines": "147",
        "Lat": 52.2074,
        "Brigade": "4"
      },
      {
        "Lon": 21.1932,
        "Time": "2017-05-14 00:02:18",
        "Lines": "147",
        "Lat": 52.2074,
        "Brigade": "4"
      },
      {
        "Lon": 21.1979,
        "Time": "2017-05-14 00:02:49",
        "Lines": "147",
        "Lat": 52.2082,
        "Brigade": "4"
      },
      {
        "Lon": 21.2006,
        "Time": "2017-05-14 00:03:07",
        "Lines": "147",
        "Lat": 52.2088,
        "Brigade": "4"
      },
      {
        "Lon": 21.2037,
        "Time": "2017-05-14 00:03:22",
        "Lines": "147",
        "Lat": 52.2095,
        "Brigade": "4"
      },
      {
        "Lon": 21.2066,
        "Time": "2017-05-14 00:03:38",
        "Lines": "147",
        "Lat": 52.2101,
        "Brigade": "4"
      },
      {
        "Lon": 21.2094,
        "Time": "2017-05-14 00:03:54",
        "Lines": "147",
        "Lat": 52.2107,
        "Brigade": "4"
      },
      {
        "Lon": 21.2123,
        "Time": "2017-05-14 00:04:10",
        "Lines": "147",
        "Lat": 52.2115,
        "Brigade": "4"
      },
      {
        "Lon": 21.2149,
        "Time": "2017-05-14 00:04:26",
        "Lines": "147",
        "Lat": 52.2126,
        "Brigade": "4"
      },
      {
        "Lon": 21.2172,
        "Time": "2017-05-14 00:04:42",
        "Lines": "147",
        "Lat": 52.2136,
        "Brigade": "4"
      },
      {
        "Lon": 21.218,
        "Time": "2017-05-14 00:04:57",
        "Lines": "147",
        "Lat": 52.2146,
        "Brigade": "4"
      },
      {
        "Lon": 21.218,
        "Time": "2017-05-14 00:05:13",
        "Lines": "147",
        "Lat": 52.2148,
        "Brigade": "4"
      },
      {
        "Lon": 21.218,
        "Time": "2017-05-14 00:05:29",
        "Lines": "147",
        "Lat": 52.2161,
        "Brigade": "4"
      },
      {
        "Lon": 21.2186,
        "Time": "2017-05-14 00:05:46",
        "Lines": "147",
        "Lat": 52.2176,
        "Brigade": "4"
      },
      {
        "Lon": 21.2205,
        "Time": "2017-05-14 00:06:01",
        "Lines": "147",
        "Lat": 52.2177,
        "Brigade": "4"
      },
      {
        "Lon": 21.2211,
        "Time": "2017-05-14 00:06:17",
        "Lines": "147",
        "Lat": 52.2178,
        "Brigade": "4"
      },
      {
        "Lon": 21.2235,
        "Time": "2017-05-14 00:06:49",
        "Lines": "147",
        "Lat": 52.2177,
        "Brigade": "4"
      },
      {
        "Lon": 21.2238,
        "Time": "2017-05-14 00:07:05",
        "Lines": "147",
        "Lat": 52.2176,
        "Brigade": "4"
      },
      {
        "Lon": 21.2257,
        "Time": "2017-05-14 00:07:21",
        "Lines": "147",
        "Lat": 52.2171,
        "Brigade": "4"
      },
      {
        "Lon": 21.2284,
        "Time": "2017-05-14 00:07:37",
        "Lines": "147",
        "Lat": 52.2166,
        "Brigade": "4"
      },
      {
        "Lon": 21.2308,
        "Time": "2017-05-14 00:07:52",
        "Lines": "147",
        "Lat": 52.2165,
        "Brigade": "4"
      },
      {
        "Lon": 21.2311,
        "Time": "2017-05-14 00:08:08",
        "Lines": "147",
        "Lat": 52.2165,
        "Brigade": "4"
      },
      {
        "Lon": 21.2335,
        "Time": "2017-05-14 00:08:24",
        "Lines": "147",
        "Lat": 52.2164,
        "Brigade": "4"
      },
      {
        "Lon": 21.2366,
        "Time": "2017-05-14 00:08:40",
        "Lines": "147",
        "Lat": 52.2162,
        "Brigade": "4"
      },
      {
        "Lon": 21.2385,
        "Time": "2017-05-14 00:08:56",
        "Lines": "147",
        "Lat": 52.2161,
        "Brigade": "4"
      },
      {
        "Lon": 21.2385,
        "Time": "2017-05-14 00:09:12",
        "Lines": "147",
        "Lat": 52.2161,
        "Brigade": "4"
      },
      {
        "Lon": 21.2392,
        "Time": "2017-05-14 00:09:29",
        "Lines": "147",
        "Lat": 52.216,
        "Brigade": "4"
      },
      {
        "Lon": 21.2405,
        "Time": "2017-05-14 00:09:45",
        "Lines": "147",
        "Lat": 52.2161,
        "Brigade": "4"
      },
      {
        "Lon": 21.2425,
        "Time": "2017-05-14 00:10:00",
        "Lines": "147",
        "Lat": 52.2169,
        "Brigade": "4"
      },
      {
        "Lon": 21.2433,
        "Time": "2017-05-14 00:11:19",
        "Lines": "147",
        "Lat": 52.2213,
        "Brigade": "4"
      },
      {
        "Lon": 21.2433,
        "Time": "2017-05-14 00:11:35",
        "Lines": "147",
        "Lat": 52.2213,
        "Brigade": "4"
      },
      {
        "Lon": 21.2433,
        "Time": "2017-05-14 00:11:51",
        "Lines": "147",
        "Lat": 52.2213,
        "Brigade": "4"
      },
      {
        "Lon": 21.2433,
        "Time": "2017-05-14 00:12:07",
        "Lines": "147",
        "Lat": 52.2213,
        "Brigade": "4"
      },
      {
        "Lon": 21.2433,
        "Time": "2017-05-14 00:12:23",
        "Lines": "147",
        "Lat": 52.2213,
        "Brigade": "4"
      },
      {
        "Lon": 21.2433,
        "Time": "2017-05-14 00:12:54",
        "Lines": "147",
        "Lat": 52.2213,
        "Brigade": "4"
      },
      {
        "Lon": 21.2433,
        "Time": "2017-05-14 00:13:10",
        "Lines": "147",
        "Lat": 52.2213,
        "Brigade": "4"
      },
      {
        "Lon": 21.2433,
        "Time": "2017-05-14 00:13:28",
        "Lines": "147",
        "Lat": 52.2213,
        "Brigade": "4"
      },
      {
        "Lon": 21.2433,
        "Time": "2017-05-14 00:13:43",
        "Lines": "147",
        "Lat": 52.2213,
        "Brigade": "4"
      },
      {
        "Lon": 21.2433,
        "Time": "2017-05-14 00:13:59",
        "Lines": "147",
        "Lat": 52.2213,
        "Brigade": "4"
      },
      {
        "Lon": 21.2433,
        "Time": "2017-05-14 00:14:16",
        "Lines": "147",
        "Lat": 52.2213,
        "Brigade": "4"
      },
      {
        "Lon": 21.2433,
        "Time": "2017-05-14 00:14:31",
        "Lines": "147",
        "Lat": 52.2213,
        "Brigade": "4"
      },
      {
        "Lon": 21.2433,
        "Time": "2017-05-14 00:14:47",
        "Lines": "147",
        "Lat": 52.2213,
        "Brigade": "4"
      },
      {
        "Lon": 21.2433,
        "Time": "2017-05-14 00:15:24",
        "Lines": "147",
        "Lat": 52.2213,
        "Brigade": "4"
      },
      {
        "Lon": 21.2433,
        "Time": "2017-05-14 00:15:39",
        "Lines": "147",
        "Lat": 52.2213,
        "Brigade": "4"
      },
      {
        "Lon": 21.2432,
        "Time": "2017-05-14 00:15:56",
        "Lines": "147",
        "Lat": 52.2214,
        "Brigade": "4"
      },
      {
        "Lon": 21.2433,
        "Time": "2017-05-14 00:16:11",
        "Lines": "147",
        "Lat": 52.2221,
        "Brigade": "4"
      },
      {
        "Lon": 21.2432,
        "Time": "2017-05-14 00:16:27",
        "Lines": "147",
        "Lat": 52.2225,
        "Brigade": "4"
      },
      {
        "Lon": 21.2432,
        "Time": "2017-05-14 00:16:43",
        "Lines": "147",
        "Lat": 52.2229,
        "Brigade": "4"
      },
      {
        "Lon": 21.2421,
        "Time": "2017-05-14 00:16:59",
        "Lines": "147",
        "Lat": 52.2231,
        "Brigade": "4"
      },
      {
        "Lon": 21.2392,
        "Time": "2017-05-14 00:17:15",
        "Lines": "147",
        "Lat": 52.2232,
        "Brigade": "4"
      }
    ]
  }
]
