[
  {
    "res": [
      {
        "Lon": 21.0471,
        "Time": "2017-05-14 00:00:05",
        "Lines": "147",
        "Lat": 52.2478,
        "Brigade": "1"
      },
      {
        "Lon": 21.0505,
        "Time": "2017-05-14 00:00:21",
        "Lines": "147",
        "Lat": 52.2474,
        "Brigade": "1"
      },
      {
        "Lon": 21.0519,
        "Time": "2017-05-14 00:00:37",
        "Lines": "147",
        "Lat": 52.2473,
        "Brigade": "1"
      },
      {
        "Lon": 21.0548,
        "Time": "2017-05-14 00:00:52",
        "Lines": "147",
        "Lat": 52.2471,
        "Brigade": "1"
      },
      {
        "Lon": 21.0583,
        "Time": "2017-05-14 00:01:08",
        "Lines": "147",
        "Lat": 52.2469,
        "Brigade": "1"
      },
      {
        "Lon": 21.0617,
        "Time": "2017-05-14 00:01:25",
        "Lines": "147",
        "Lat": 52.2466,
        "Brigade": "1"
      },
      {
        "Lon": 21.0645,
        "Time": "2017-05-14 00:01:41",
        "Lines": "147",
        "Lat": 52.2464,
        "Brigade": "1"
      },
      {
        "Lon": 21.0683,
        "Time": "2017-05-14 00:01:57",
        "Lines": "147",
        "Lat": 52.2462,
        "Brigade": "1"
      },
      {
        "Lon": 21.0722,
        "Time": "2017-05-14 00:02:12",
        "Lines": "147",
        "Lat": 52.246,
        "Brigade": "1"
      },
      {
        "Lon": 21.0743,
        "Time": "2017-05-14 00:02:44",
        "Lines": "147",
        "Lat": 52.2458,
        "Brigade": "1"
      },
      {
        "Lon": 21.0765,
        "Time": "2017-05-14 00:03:01",
        "Lines": "147",
        "Lat": 52.2457,
        "Brigade": "1"
      },
      {
        "Lon": 21.0802,
        "Time": "2017-05-14 00:03:16",
        "Lines": "147",
        "Lat": 52.2455,
        "Brigade": "1"
      },
      {
        "Lon": 21.0828,
        "Time": "2017-05-14 00:03:32",
        "Lines": "147",
        "Lat": 52.2453,
        "Brigade": "1"
      },
      {
        "Lon": 21.0836,
        "Time": "2017-05-14 00:03:47",
        "Lines": "147",
        "Lat": 52.2451,
        "Brigade": "1"
      },
      {
        "Lon": 21.0851,
        "Time": "2017-05-14 00:04:03",
        "Lines": "147",
        "Lat": 52.2444,
        "Brigade": "1"
      },
      {
        "Lon": 21.0867,
        "Time": "2017-05-14 00:04:19",
        "Lines": "147",
        "Lat": 52.2451,
        "Brigade": "1"
      },
      {
        "Lon": 21.0905,
        "Time": "2017-05-14 00:04:35",
        "Lines": "147",
        "Lat": 52.2447,
        "Brigade": "1"
      },
      {
        "Lon": 21.0936,
        "Time": "2017-05-14 00:04:51",
        "Lines": "147",
        "Lat": 52.2441,
        "Brigade": "1"
      },
      {
        "Lon": 21.0947,
        "Time": "2017-05-14 00:05:07",
        "Lines": "147",
        "Lat": 52.2438,
        "Brigade": "1"
      },
      {
        "Lon": 21.097,
        "Time": "2017-05-14 00:05:22",
        "Lines": "147",
        "Lat": 52.2434,
        "Brigade": "1"
      },
      {
        "Lon": 21.1009,
        "Time": "2017-05-14 00:05:39",
        "Lines": "147",
        "Lat": 52.2425,
        "Brigade": "1"
      },
      {
        "Lon": 21.1019,
        "Time": "2017-05-14 00:05:56",
        "Lines": "147",
        "Lat": 52.242,
        "Brigade": "1"
      },
      {
        "Lon": 21.1006,
        "Time": "2017-05-14 00:06:11",
        "Lines": "147",
        "Lat": 52.24,
        "Brigade": "1"
      },
      {
        "Lon": 21.0997,
        "Time": "2017-05-14 00:06:27",
        "Lines": "147",
        "Lat": 52.2384,
        "Brigade": "1"
      },
      {
        "Lon": 21.1015,
        "Time": "2017-05-14 00:06:43",
        "Lines": "147",
        "Lat": 52.2378,
        "Brigade": "1"
      },
      {
        "Lon": 21.104,
        "Time": "2017-05-14 00:06:58",
        "Lines": "147",
        "Lat": 52.2372,
        "Brigade": "1"
      },
      {
        "Lon": 21.1066,
        "Time": "2017-05-14 00:07:15",
        "Lines": "147",
        "Lat": 52.2367,
        "Brigade": "1"
      },
      {
        "Lon": 21.1101,
        "Time": "2017-05-14 00:07:30",
        "Lines": "147",
        "Lat": 52.2367,
        "Brigade": "1"
      },
      {
        "Lon": 21.1132,
        "Time": "2017-05-14 00:07:46",
        "Lines": "147",
        "Lat": 52.2366,
        "Brigade": "1"
      },
      {
        "Lon": 21.1134,
        "Time": "2017-05-14 00:08:02",
        "Lines": "147",
        "Lat": 52.2356,
        "Brigade": "1"
      },
      {
        "Lon": 21.1135,
        "Time": "2017-05-14 00:08:17",
        "Lines": "147",
        "Lat": 52.2343,
        "Brigade": "1"
      },
      {
        "Lon": 21.1137,
        "Time": "2017-05-14 00:08:49",
        "Lines": "147",
        "Lat": 52.2342,
        "Brigade": "1"
      },
      {
        "Lon": 21.1155,
        "Time": "2017-05-14 00:09:05",
        "Lines": "147",
        "Lat": 52.2336,
        "Brigade": "1"
      },
      {
        "Lon": 21.1175,
        "Time": "2017-05-14 00:09:22",
        "Lines": "147",
        "Lat": 52.2333,
        "Brigade": "1"
      },
      {
        "Lon": 21.1177,
        "Time": "2017-05-14 00:09:37",
        "Lines": "147",
        "Lat": 52.2332,
        "Brigade": "1"
      },
      {
        "Lon": 21.1179,
        "Time": "2017-05-14 00:09:53",
        "Lines": "147",
        "Lat": 52.2338,
        "Brigade": "1"
      },
      {
        "Lon": 21.1179,
        "Time": "2017-05-14 00:11:29",
        "Lines": "147",
        "Lat": 52.2344,
        "Brigade": "1"
      },
      {
        "Lon": 21.1179,
        "Time": "2017-05-14 00:11:45",
        "Lines": "147",
        "Lat": 52.2344,
        "Brigade": "1"
      },
      {
        "Lon": 21.1179,
        "Time": "2017-05-14 00:12:01",
        "Lines": "147",
        "Lat": 52.2344,
        "Brigade": "1"
      },
      {
        "Lon": 21.1179,
        "Time": "2017-05-14 00:12:17",
        "Lines": "147",
        "Lat": 52.2344,
        "Brigade": "1"
      },
      {
        "Lon": 21.1179,
        "Time": "2017-05-14 00:12:48",
        "Lines": "147",
        "Lat": 52.2344,
        "Brigade": "1"
      },
      {
        "Lon": 21.1179,
        "Time": "2017-05-14 00:13:04",
        "Lines": "147",
        "Lat": 52.2344,
        "Brigade": "1"
      },
      {
        "Lon": 21.1179,
        "Time": "2017-05-14 00:13:20",
        "Lines": "147",
        "Lat": 52.2344,
        "Brigade": "1"
      },
      {
        "Lon": 21.1179,
        "Time": "2017-05-14 00:13:37",
        "Lines": "147",
        "Lat": 52.2344,
        "Brigade": "1"
      },
      {
        "Lon": 21.1179,
        "Time": "2017-05-14 00:13:52",
        "Lines": "147",
        "Lat": 52.2344,
        "Brigade": "1"
      },
      {
        "Lon": 21.1179,
        "Time": "2017-05-14 00:14:07",
        "Lines": "147",
        "Lat": 52.2344,
        "Brigade": "1"
      },
      {
        "Lon": 21.1179,
        "Time": "2017-05-14 00:14:23",
        "Lines": "147",
        "Lat": 52.2344,
        "Brigade": "1"
      },
      {
        "Lon": 21.1179,
        "Time": "2017-05-14 00:14:39",
        "Lines": "147",
        "Lat": 52.2344,
        "Brigade": "1"
      },
      {
        "Lon": 21.1179,
        "Time": "2017-05-14 00:14:55",
        "Lines": "147",
        "Lat": 52.2345,
        "Brigade": "1"
      },
      {
        "Lon": 21.1175,
        "Time": "2017-05-14 00:15:12",
        "Lines": "147",
        "Lat": 52.2347,
        "Brigade": "1"
      },
      {
        "Lon": 21.1174,
        "Time": "2017-05-14 00:15:27",
        "Lines": "147",
        "Lat": 52.2347,
        "Brigade": "1"
      },
      {
        "Lon": 21.1172,
        "Time": "2017-05-14 00:15:42",
        "Lines": "147",
        "Lat": 52.2348,
        "Brigade": "1"
      },
      {
        "Lon": 21.1172,
        "Time": "2017-05-14 00:16:00",
        "Lines": "147",
        "Lat": 52.2348,
        "Brigade": "1"
      },
      {
        "Lon": 21.1172,
        "Time": "2017-05-14 00:16:15",
        "Lines": "147",
        "Lat": 52.2348,
        "Brigade": "1"
      },
      {
        "Lon": 21.1172,
        "Time": "2017-05-14 00:16:31",
        "Lines": "147",
        "Lat": 52.2348,
        "Brigade": "1"
      },
      {
        "Lon": 21.1172,
        "Time": "2017-05-14 00:16:47",
        "Lines": "147",
        "Lat": 52.2348,
        "Brigade": "1"
      }
    ]
  }
]
