[
  {
    "res": [
      {
        "Lon": 20.8985,
        "Time": "2017-05-14 00:00:08",
        "Lines": "154",
        "Lat": 52.2513,
        "Brigade": "7"
      },
      {
        "Lon": 20.8984,
        "Time": "2017-05-14 00:00:18",
        "Lines": "154",
        "Lat": 52.2504,
        "Brigade": "7"
      },
      {
        "Lon": 20.8982,
        "Time": "2017-05-14 00:00:28",
        "Lines": "154",
        "Lat": 52.2492,
        "Brigade": "7"
      },
      {
        "Lon": 20.898,
        "Time": "2017-05-14 00:00:42",
        "Lines": "154",
        "Lat": 52.2487,
        "Brigade": "7"
      },
      {
        "Lon": 20.898,
        "Time": "2017-05-14 00:00:53",
        "Lines": "154",
        "Lat": 52.2484,
        "Brigade": "7"
      },
      {
        "Lon": 20.8979,
        "Time": "2017-05-14 00:01:03",
        "Lines": "154",
        "Lat": 52.2475,
        "Brigade": "7"
      },
      {
        "Lon": 20.8977,
        "Time": "2017-05-14 00:01:13",
        "Lines": "154",
        "Lat": 52.2464,
        "Brigade": "7"
      },
      {
        "Lon": 20.8976,
        "Time": "2017-05-14 00:01:23",
        "Lines": "154",
        "Lat": 52.2459,
        "Brigade": "7"
      },
      {
        "Lon": 20.8974,
        "Time": "2017-05-14 00:01:38",
        "Lines": "154",
        "Lat": 52.2451,
        "Brigade": "7"
      },
      {
        "Lon": 20.8971,
        "Time": "2017-05-14 00:01:48",
        "Lines": "154",
        "Lat": 52.2441,
        "Brigade": "7"
      },
      {
        "Lon": 20.8971,
        "Time": "2017-05-14 00:01:58",
        "Lines": "154",
        "Lat": 52.2441,
        "Brigade": "7"
      },
      {
        "Lon": 20.8971,
        "Time": "2017-05-14 00:02:08",
        "Lines": "154",
        "Lat": 52.2441,
        "Brigade": "7"
      },
      {
        "Lon": 20.8971,
        "Time": "2017-05-14 00:02:18",
        "Lines": "154",
        "Lat": 52.2439,
        "Brigade": "7"
      },
      {
        "Lon": 20.897,
        "Time": "2017-05-14 00:02:33",
        "Lines": "154",
        "Lat": 52.2424,
        "Brigade": "7"
      },
      {
        "Lon": 20.8968,
        "Time": "2017-05-14 00:02:43",
        "Lines": "154",
        "Lat": 52.2415,
        "Brigade": "7"
      },
      {
        "Lon": 20.8968,
        "Time": "2017-05-14 00:02:53",
        "Lines": "154",
        "Lat": 52.2414,
        "Brigade": "7"
      },
      {
        "Lon": 20.8968,
        "Time": "2017-05-14 00:03:03",
        "Lines": "154",
        "Lat": 52.2411,
        "Brigade": "7"
      },
      {
        "Lon": 20.8965,
        "Time": "2017-05-14 00:03:13",
        "Lines": "154",
        "Lat": 52.2404,
        "Brigade": "7"
      },
      {
        "Lon": 20.8964,
        "Time": "2017-05-14 00:03:28",
        "Lines": "154",
        "Lat": 52.24,
        "Brigade": "7"
      },
      {
        "Lon": 20.8964,
        "Time": "2017-05-14 00:03:38",
        "Lines": "154",
        "Lat": 52.2397,
        "Brigade": "7"
      },
      {
        "Lon": 20.8965,
        "Time": "2017-05-14 00:03:48",
        "Lines": "154",
        "Lat": 52.2395,
        "Brigade": "7"
      },
      {
        "Lon": 20.8972,
        "Time": "2017-05-14 00:03:58",
        "Lines": "154",
        "Lat": 52.2394,
        "Brigade": "7"
      },
      {
        "Lon": 20.8976,
        "Time": "2017-05-14 00:04:11",
        "Lines": "154",
        "Lat": 52.2394,
        "Brigade": "7"
      },
      {
        "Lon": 20.8978,
        "Time": "2017-05-14 00:04:18",
        "Lines": "154",
        "Lat": 52.2394,
        "Brigade": "7"
      },
      {
        "Lon": 20.9001,
        "Time": "2017-05-14 00:04:33",
        "Lines": "154",
        "Lat": 52.2393,
        "Brigade": "7"
      },
      {
        "Lon": 20.902,
        "Time": "2017-05-14 00:04:43",
        "Lines": "154",
        "Lat": 52.2391,
        "Brigade": "7"
      },
      {
        "Lon": 20.9028,
        "Time": "2017-05-14 00:04:48",
        "Lines": "154",
        "Lat": 52.2391,
        "Brigade": "7"
      },
      {
        "Lon": 20.9032,
        "Time": "2017-05-14 00:05:03",
        "Lines": "154",
        "Lat": 52.239,
        "Brigade": "7"
      },
      {
        "Lon": 20.9032,
        "Time": "2017-05-14 00:05:18",
        "Lines": "154",
        "Lat": 52.239,
        "Brigade": "7"
      },
      {
        "Lon": 20.9036,
        "Time": "2017-05-14 00:05:28",
        "Lines": "154",
        "Lat": 52.239,
        "Brigade": "7"
      },
      {
        "Lon": 20.9042,
        "Time": "2017-05-14 00:05:33",
        "Lines": "154",
        "Lat": 52.239,
        "Brigade": "7"
      },
      {
        "Lon": 20.9057,
        "Time": "2017-05-14 00:05:48",
        "Lines": "154",
        "Lat": 52.2388,
        "Brigade": "7"
      },
      {
        "Lon": 20.9061,
        "Time": "2017-05-14 00:05:58",
        "Lines": "154",
        "Lat": 52.2388,
        "Brigade": "7"
      },
      {
        "Lon": 20.9076,
        "Time": "2017-05-14 00:06:08",
        "Lines": "154",
        "Lat": 52.2387,
        "Brigade": "7"
      },
      {
        "Lon": 20.9106,
        "Time": "2017-05-14 00:06:23",
        "Lines": "154",
        "Lat": 52.2388,
        "Brigade": "7"
      },
      {
        "Lon": 20.9122,
        "Time": "2017-05-14 00:06:33",
        "Lines": "154",
        "Lat": 52.2389,
        "Brigade": "7"
      },
      {
        "Lon": 20.9126,
        "Time": "2017-05-14 00:06:43",
        "Lines": "154",
        "Lat": 52.2389,
        "Brigade": "7"
      },
      {
        "Lon": 20.9126,
        "Time": "2017-05-14 00:06:53",
        "Lines": "154",
        "Lat": 52.2389,
        "Brigade": "7"
      },
      {
        "Lon": 20.9133,
        "Time": "2017-05-14 00:07:08",
        "Lines": "154",
        "Lat": 52.239,
        "Brigade": "7"
      },
      {
        "Lon": 20.9146,
        "Time": "2017-05-14 00:07:18",
        "Lines": "154",
        "Lat": 52.2391,
        "Brigade": "7"
      },
      {
        "Lon": 20.9148,
        "Time": "2017-05-14 00:07:28",
        "Lines": "154",
        "Lat": 52.2392,
        "Brigade": "7"
      },
      {
        "Lon": 20.9159,
        "Time": "2017-05-14 00:07:38",
        "Lines": "154",
        "Lat": 52.2393,
        "Brigade": "7"
      },
      {
        "Lon": 20.9176,
        "Time": "2017-05-14 00:07:53",
        "Lines": "154",
        "Lat": 52.2395,
        "Brigade": "7"
      },
      {
        "Lon": 20.9179,
        "Time": "2017-05-14 00:08:03",
        "Lines": "154",
        "Lat": 52.2396,
        "Brigade": "7"
      },
      {
        "Lon": 20.9179,
        "Time": "2017-05-14 00:08:13",
        "Lines": "154",
        "Lat": 52.2396,
        "Brigade": "7"
      },
      {
        "Lon": 20.9181,
        "Time": "2017-05-14 00:08:23",
        "Lines": "154",
        "Lat": 52.2396,
        "Brigade": "7"
      },
      {
        "Lon": 20.9196,
        "Time": "2017-05-14 00:08:37",
        "Lines": "154",
        "Lat": 52.2397,
        "Brigade": "7"
      },
      {
        "Lon": 20.9196,
        "Time": "2017-05-14 00:08:48",
        "Lines": "154",
        "Lat": 52.2397,
        "Brigade": "7"
      },
      {
        "Lon": 20.9203,
        "Time": "2017-05-14 00:08:58",
        "Lines": "154",
        "Lat": 52.2399,
        "Brigade": "7"
      },
      {
        "Lon": 20.9219,
        "Time": "2017-05-14 00:09:08",
        "Lines": "154",
        "Lat": 52.2401,
        "Brigade": "7"
      },
      {
        "Lon": 20.9244,
        "Time": "2017-05-14 00:09:23",
        "Lines": "154",
        "Lat": 52.2405,
        "Brigade": "7"
      },
      {
        "Lon": 20.9263,
        "Time": "2017-05-14 00:09:33",
        "Lines": "154",
        "Lat": 52.2407,
        "Brigade": "7"
      },
      {
        "Lon": 20.9285,
        "Time": "2017-05-14 00:09:43",
        "Lines": "154",
        "Lat": 52.2407,
        "Brigade": "7"
      },
      {
        "Lon": 20.9307,
        "Time": "2017-05-14 00:09:53",
        "Lines": "154",
        "Lat": 52.2405,
        "Brigade": "7"
      },
      {
        "Lon": 20.9373,
        "Time": "2017-05-14 00:11:23",
        "Lines": "154",
        "Lat": 52.2398,
        "Brigade": "7"
      },
      {
        "Lon": 20.9389,
        "Time": "2017-05-14 00:11:33",
        "Lines": "154",
        "Lat": 52.2397,
        "Brigade": "7"
      },
      {
        "Lon": 20.9406,
        "Time": "2017-05-14 00:11:43",
        "Lines": "154",
        "Lat": 52.2395,
        "Brigade": "7"
      },
      {
        "Lon": 20.9418,
        "Time": "2017-05-14 00:11:58",
        "Lines": "154",
        "Lat": 52.2394,
        "Brigade": "7"
      },
      {
        "Lon": 20.942,
        "Time": "2017-05-14 00:12:08",
        "Lines": "154",
        "Lat": 52.2393,
        "Brigade": "7"
      },
      {
        "Lon": 20.942,
        "Time": "2017-05-14 00:12:18",
        "Lines": "154",
        "Lat": 52.2393,
        "Brigade": "7"
      },
      {
        "Lon": 20.9429,
        "Time": "2017-05-14 00:12:28",
        "Lines": "154",
        "Lat": 52.2391,
        "Brigade": "7"
      },
      {
        "Lon": 20.9452,
        "Time": "2017-05-14 00:12:43",
        "Lines": "154",
        "Lat": 52.2389,
        "Brigade": "7"
      },
      {
        "Lon": 20.9468,
        "Time": "2017-05-14 00:12:53",
        "Lines": "154",
        "Lat": 52.2388,
        "Brigade": "7"
      },
      {
        "Lon": 20.9482,
        "Time": "2017-05-14 00:13:03",
        "Lines": "154",
        "Lat": 52.2386,
        "Brigade": "7"
      },
      {
        "Lon": 20.9484,
        "Time": "2017-05-14 00:13:13",
        "Lines": "154",
        "Lat": 52.2383,
        "Brigade": "7"
      },
      {
        "Lon": 20.9482,
        "Time": "2017-05-14 00:13:23",
        "Lines": "154",
        "Lat": 52.2377,
        "Brigade": "7"
      },
      {
        "Lon": 20.9481,
        "Time": "2017-05-14 00:13:38",
        "Lines": "154",
        "Lat": 52.237,
        "Brigade": "7"
      },
      {
        "Lon": 20.9481,
        "Time": "2017-05-14 00:13:48",
        "Lines": "154",
        "Lat": 52.237,
        "Brigade": "7"
      },
      {
        "Lon": 20.9479,
        "Time": "2017-05-14 00:14:03",
        "Lines": "154",
        "Lat": 52.2362,
        "Brigade": "7"
      },
      {
        "Lon": 20.9477,
        "Time": "2017-05-14 00:14:13",
        "Lines": "154",
        "Lat": 52.2354,
        "Brigade": "7"
      },
      {
        "Lon": 20.9479,
        "Time": "2017-05-14 00:14:23",
        "Lines": "154",
        "Lat": 52.2346,
        "Brigade": "7"
      },
      {
        "Lon": 20.948,
        "Time": "2017-05-14 00:14:35",
        "Lines": "154",
        "Lat": 52.2343,
        "Brigade": "7"
      },
      {
        "Lon": 20.948,
        "Time": "2017-05-14 00:14:43",
        "Lines": "154",
        "Lat": 52.2342,
        "Brigade": "7"
      },
      {
        "Lon": 20.9482,
        "Time": "2017-05-14 00:14:53",
        "Lines": "154",
        "Lat": 52.2337,
        "Brigade": "7"
      },
      {
        "Lon": 20.9486,
        "Time": "2017-05-14 00:15:08",
        "Lines": "154",
        "Lat": 52.2325,
        "Brigade": "7"
      },
      {
        "Lon": 20.9488,
        "Time": "2017-05-14 00:15:18",
        "Lines": "154",
        "Lat": 52.2317,
        "Brigade": "7"
      },
      {
        "Lon": 20.9493,
        "Time": "2017-05-14 00:15:28",
        "Lines": "154",
        "Lat": 52.2309,
        "Brigade": "7"
      },
      {
        "Lon": 20.9498,
        "Time": "2017-05-14 00:15:39",
        "Lines": "154",
        "Lat": 52.2303,
        "Brigade": "7"
      },
      {
        "Lon": 20.9498,
        "Time": "2017-05-14 00:15:48",
        "Lines": "154",
        "Lat": 52.2303,
        "Brigade": "7"
      },
      {
        "Lon": 20.9503,
        "Time": "2017-05-14 00:16:03",
        "Lines": "154",
        "Lat": 52.2297,
        "Brigade": "7"
      },
      {
        "Lon": 20.9507,
        "Time": "2017-05-14 00:16:13",
        "Lines": "154",
        "Lat": 52.2292,
        "Brigade": "7"
      },
      {
        "Lon": 20.9513,
        "Time": "2017-05-14 00:16:23",
        "Lines": "154",
        "Lat": 52.2286,
        "Brigade": "7"
      },
      {
        "Lon": 20.9516,
        "Time": "2017-05-14 00:16:33",
        "Lines": "154",
        "Lat": 52.2277,
        "Brigade": "7"
      },
      {
        "Lon": 20.9525,
        "Time": "2017-05-14 00:16:48",
        "Lines": "154",
        "Lat": 52.2275,
        "Brigade": "7"
      },
      {
        "Lon": 20.9528,
        "Time": "2017-05-14 00:16:58",
        "Lines": "154",
        "Lat": 52.2275,
        "Brigade": "7"
      },
      {
        "Lon": 20.953,
        "Time": "2017-05-14 00:17:08",
        "Lines": "154",
        "Lat": 52.2275,
        "Brigade": "7"
      },
      {
        "Lon": 20.9541,
        "Time": "2017-05-14 00:17:23",
        "Lines": "154",
        "Lat": 52.2276,
        "Brigade": "7"
      },
      {
        "Lon": 20.9543,
        "Time": "2017-05-14 00:17:33",
        "Lines": "154",
        "Lat": 52.2276,
        "Brigade": "7"
      },
      {
        "Lon": 20.9556,
        "Time": "2017-05-14 00:17:43",
        "Lines": "154",
        "Lat": 52.2277,
        "Brigade": "7"
      },
      {
        "Lon": 20.9569,
        "Time": "2017-05-14 00:17:53",
        "Lines": "154",
        "Lat": 52.2277,
        "Brigade": "7"
      },
      {
        "Lon": 20.957,
        "Time": "2017-05-14 00:18:03",
        "Lines": "154",
        "Lat": 52.2274,
        "Brigade": "7"
      },
      {
        "Lon": 20.9571,
        "Time": "2017-05-14 00:18:08",
        "Lines": "154",
        "Lat": 52.227,
        "Brigade": "7"
      },
      {
        "Lon": 20.9575,
        "Time": "2017-05-14 00:18:23",
        "Lines": "154",
        "Lat": 52.2259,
        "Brigade": "7"
      },
      {
        "Lon": 20.9577,
        "Time": "2017-05-14 00:18:48",
        "Lines": "154",
        "Lat": 52.2249,
        "Brigade": "7"
      },
      {
        "Lon": 20.9581,
        "Time": "2017-05-14 00:19:03",
        "Lines": "154",
        "Lat": 52.2231,
        "Brigade": "7"
      },
      {
        "Lon": 20.9587,
        "Time": "2017-05-14 00:19:13",
        "Lines": "154",
        "Lat": 52.2219,
        "Brigade": "7"
      },
      {
        "Lon": 20.9596,
        "Time": "2017-05-14 00:19:23",
        "Lines": "154",
        "Lat": 52.2207,
        "Brigade": "7"
      },
      {
        "Lon": 20.9599,
        "Time": "2017-05-14 00:19:43",
        "Lines": "154",
        "Lat": 52.2182,
        "Brigade": "7"
      },
      {
        "Lon": 20.9599,
        "Time": "2017-05-14 00:19:48",
        "Lines": "154",
        "Lat": 52.2176,
        "Brigade": "7"
      },
      {
        "Lon": 20.9594,
        "Time": "2017-05-14 00:20:08",
        "Lines": "154",
        "Lat": 52.2161,
        "Brigade": "7"
      },
      {
        "Lon": 20.9592,
        "Time": "2017-05-14 00:20:18",
        "Lines": "154",
        "Lat": 52.2161,
        "Brigade": "7"
      },
      {
        "Lon": 20.9592,
        "Time": "2017-05-14 00:20:28",
        "Lines": "154",
        "Lat": 52.2161,
        "Brigade": "7"
      },
      {
        "Lon": 20.9592,
        "Time": "2017-05-14 00:20:38",
        "Lines": "154",
        "Lat": 52.2161,
        "Brigade": "7"
      },
      {
        "Lon": 20.9592,
        "Time": "2017-05-14 00:20:53",
        "Lines": "154",
        "Lat": 52.2161,
        "Brigade": "7"
      },
      {
        "Lon": 20.9592,
        "Time": "2017-05-14 00:21:03",
        "Lines": "154",
        "Lat": 52.2161,
        "Brigade": "7"
      },
      {
        "Lon": 20.9592,
        "Time": "2017-05-14 00:21:13",
        "Lines": "154",
        "Lat": 52.2161,
        "Brigade": "7"
      },
      {
        "Lon": 20.9592,
        "Time": "2017-05-14 00:21:23",
        "Lines": "154",
        "Lat": 52.2161,
        "Brigade": "7"
      },
      {
        "Lon": 20.9592,
        "Time": "2017-05-14 00:21:33",
        "Lines": "154",
        "Lat": 52.2161,
        "Brigade": "7"
      },
      {
        "Lon": 20.9592,
        "Time": "2017-05-14 00:21:48",
        "Lines": "154",
        "Lat": 52.2161,
        "Brigade": "7"
      },
      {
        "Lon": 20.9592,
        "Time": "2017-05-14 00:21:58",
        "Lines": "154",
        "Lat": 52.2161,
        "Brigade": "7"
      },
      {
        "Lon": 20.9592,
        "Time": "2017-05-14 00:22:09",
        "Lines": "154",
        "Lat": 52.2161,
        "Brigade": "7"
      },
      {
        "Lon": 20.959,
        "Time": "2017-05-14 00:22:18",
        "Lines": "154",
        "Lat": 52.216,
        "Brigade": "7"
      },
      {
        "Lon": 20.9577,
        "Time": "2017-05-14 00:22:28",
        "Lines": "154",
        "Lat": 52.2155,
        "Brigade": "7"
      },
      {
        "Lon": 20.9553,
        "Time": "2017-05-14 00:22:43",
        "Lines": "154",
        "Lat": 52.2141,
        "Brigade": "7"
      },
      {
        "Lon": 20.9535,
        "Time": "2017-05-14 00:22:53",
        "Lines": "154",
        "Lat": 52.2129,
        "Brigade": "7"
      },
      {
        "Lon": 20.9516,
        "Time": "2017-05-14 00:23:03",
        "Lines": "154",
        "Lat": 52.2116,
        "Brigade": "7"
      },
      {
        "Lon": 20.9498,
        "Time": "2017-05-14 00:23:13",
        "Lines": "154",
        "Lat": 52.2104,
        "Brigade": "7"
      },
      {
        "Lon": 20.9481,
        "Time": "2017-05-14 00:23:23",
        "Lines": "154",
        "Lat": 52.2093,
        "Brigade": "7"
      },
      {
        "Lon": 20.9462,
        "Time": "2017-05-14 00:23:33",
        "Lines": "154",
        "Lat": 52.208,
        "Brigade": "7"
      },
      {
        "Lon": 20.9435,
        "Time": "2017-05-14 00:23:48",
        "Lines": "154",
        "Lat": 52.2062,
        "Brigade": "7"
      },
      {
        "Lon": 20.9418,
        "Time": "2017-05-14 00:23:58",
        "Lines": "154",
        "Lat": 52.205,
        "Brigade": "7"
      },
      {
        "Lon": 20.9399,
        "Time": "2017-05-14 00:24:08",
        "Lines": "154",
        "Lat": 52.2038,
        "Brigade": "7"
      },
      {
        "Lon": 20.9371,
        "Time": "2017-05-14 00:24:23",
        "Lines": "154",
        "Lat": 52.2019,
        "Brigade": "7"
      },
      {
        "Lon": 20.9363,
        "Time": "2017-05-14 00:24:28",
        "Lines": "154",
        "Lat": 52.2013,
        "Brigade": "7"
      },
      {
        "Lon": 20.9337,
        "Time": "2017-05-14 00:24:43",
        "Lines": "154",
        "Lat": 52.1996,
        "Brigade": "7"
      },
      {
        "Lon": 20.9316,
        "Time": "2017-05-14 00:24:53",
        "Lines": "154",
        "Lat": 52.1983,
        "Brigade": "7"
      },
      {
        "Lon": 20.9298,
        "Time": "2017-05-14 00:25:03",
        "Lines": "154",
        "Lat": 52.1972,
        "Brigade": "7"
      },
      {
        "Lon": 20.9285,
        "Time": "2017-05-14 00:25:13",
        "Lines": "154",
        "Lat": 52.1963,
        "Brigade": "7"
      },
      {
        "Lon": 20.9277,
        "Time": "2017-05-14 00:25:23",
        "Lines": "154",
        "Lat": 52.1961,
        "Brigade": "7"
      },
      {
        "Lon": 20.927,
        "Time": "2017-05-14 00:25:38",
        "Lines": "154",
        "Lat": 52.1962,
        "Brigade": "7"
      },
      {
        "Lon": 20.927,
        "Time": "2017-05-14 00:25:43",
        "Lines": "154",
        "Lat": 52.1962,
        "Brigade": "7"
      },
      {
        "Lon": 20.927,
        "Time": "2017-05-14 00:25:58",
        "Lines": "154",
        "Lat": 52.1962,
        "Brigade": "7"
      },
      {
        "Lon": 20.927,
        "Time": "2017-05-14 00:26:08",
        "Lines": "154",
        "Lat": 52.1962,
        "Brigade": "7"
      },
      {
        "Lon": 20.9252,
        "Time": "2017-05-14 00:26:23",
        "Lines": "154",
        "Lat": 52.1965,
        "Brigade": "7"
      },
      {
        "Lon": 20.9244,
        "Time": "2017-05-14 00:26:33",
        "Lines": "154",
        "Lat": 52.1968,
        "Brigade": "7"
      },
      {
        "Lon": 20.9239,
        "Time": "2017-05-14 00:26:43",
        "Lines": "154",
        "Lat": 52.197,
        "Brigade": "7"
      },
      {
        "Lon": 20.9237,
        "Time": "2017-05-14 00:26:53",
        "Lines": "154",
        "Lat": 52.1968,
        "Brigade": "7"
      },
      {
        "Lon": 20.9234,
        "Time": "2017-05-14 00:27:03",
        "Lines": "154",
        "Lat": 52.1966,
        "Brigade": "7"
      }
    ]
  }
]
