[
  {
    "res": [
      {
        "Lon": 20.997,
        "Time": "2017-05-14 00:02:14",
        "Lines": "167",
        "Lat": 52.1888,
        "Brigade": "7"
      },
      {
        "Lon": 20.9965,
        "Time": "2017-05-14 00:02:45",
        "Lines": "167",
        "Lat": 52.1888,
        "Brigade": "7"
      },
      {
        "Lon": 20.9963,
        "Time": "2017-05-14 00:04:15",
        "Lines": "167",
        "Lat": 52.1888,
        "Brigade": "7"
      },
      {
        "Lon": 20.9963,
        "Time": "2017-05-14 00:04:25",
        "Lines": "167",
        "Lat": 52.1888,
        "Brigade": "7"
      },
      {
        "Lon": 20.9963,
        "Time": "2017-05-14 00:04:36",
        "Lines": "167",
        "Lat": 52.1888,
        "Brigade": "7"
      },
      {
        "Lon": 21.0169,
        "Time": "2017-05-14 00:05:18",
        "Lines": "167",
        "Lat": 52.2071,
        "Brigade": "7"
      },
      {
        "Lon": 20.9963,
        "Time": "2017-05-14 00:06:06",
        "Lines": "167",
        "Lat": 52.1888,
        "Brigade": "7"
      }
    ]
  }
]
