[
  {
    "res": [
      {
        "Lon": 20.9175,
        "Time": "2017-05-14 00:00:08",
        "Lines": "171",
        "Lat": 52.2397,
        "Brigade": "6"
      },
      {
        "Lon": 20.9171,
        "Time": "2017-05-14 00:00:18",
        "Lines": "171",
        "Lat": 52.2397,
        "Brigade": "6"
      },
      {
        "Lon": 20.9172,
        "Time": "2017-05-14 00:00:28",
        "Lines": "171",
        "Lat": 52.2397,
        "Brigade": "6"
      },
      {
        "Lon": 20.9149,
        "Time": "2017-05-14 00:00:48",
        "Lines": "171",
        "Lat": 52.2395,
        "Brigade": "6"
      },
      {
        "Lon": 20.9135,
        "Time": "2017-05-14 00:00:58",
        "Lines": "171",
        "Lat": 52.2394,
        "Brigade": "6"
      },
      {
        "Lon": 20.9133,
        "Time": "2017-05-14 00:01:08",
        "Lines": "171",
        "Lat": 52.2397,
        "Brigade": "6"
      },
      {
        "Lon": 20.9133,
        "Time": "2017-05-14 00:01:18",
        "Lines": "171",
        "Lat": 52.2399,
        "Brigade": "6"
      },
      {
        "Lon": 20.9133,
        "Time": "2017-05-14 00:01:28",
        "Lines": "171",
        "Lat": 52.2399,
        "Brigade": "6"
      },
      {
        "Lon": 20.9131,
        "Time": "2017-05-14 00:01:38",
        "Lines": "171",
        "Lat": 52.2405,
        "Brigade": "6"
      },
      {
        "Lon": 20.9129,
        "Time": "2017-05-14 00:01:48",
        "Lines": "171",
        "Lat": 52.2414,
        "Brigade": "6"
      },
      {
        "Lon": 20.9129,
        "Time": "2017-05-14 00:01:58",
        "Lines": "171",
        "Lat": 52.2418,
        "Brigade": "6"
      },
      {
        "Lon": 20.9129,
        "Time": "2017-05-14 00:02:08",
        "Lines": "171",
        "Lat": 52.242,
        "Brigade": "6"
      },
      {
        "Lon": 20.9127,
        "Time": "2017-05-14 00:02:18",
        "Lines": "171",
        "Lat": 52.2426,
        "Brigade": "6"
      },
      {
        "Lon": 20.9126,
        "Time": "2017-05-14 00:02:38",
        "Lines": "171",
        "Lat": 52.2429,
        "Brigade": "6"
      },
      {
        "Lon": 20.9124,
        "Time": "2017-05-14 00:02:48",
        "Lines": "171",
        "Lat": 52.2437,
        "Brigade": "6"
      },
      {
        "Lon": 20.9122,
        "Time": "2017-05-14 00:02:58",
        "Lines": "171",
        "Lat": 52.2449,
        "Brigade": "6"
      },
      {
        "Lon": 20.9119,
        "Time": "2017-05-14 00:03:08",
        "Lines": "171",
        "Lat": 52.2463,
        "Brigade": "6"
      },
      {
        "Lon": 20.9116,
        "Time": "2017-05-14 00:03:18",
        "Lines": "171",
        "Lat": 52.2472,
        "Brigade": "6"
      },
      {
        "Lon": 20.9116,
        "Time": "2017-05-14 00:03:28",
        "Lines": "171",
        "Lat": 52.2474,
        "Brigade": "6"
      },
      {
        "Lon": 20.9114,
        "Time": "2017-05-14 00:03:38",
        "Lines": "171",
        "Lat": 52.2478,
        "Brigade": "6"
      },
      {
        "Lon": 20.9113,
        "Time": "2017-05-14 00:03:48",
        "Lines": "171",
        "Lat": 52.2483,
        "Brigade": "6"
      },
      {
        "Lon": 20.9113,
        "Time": "2017-05-14 00:03:58",
        "Lines": "171",
        "Lat": 52.2483,
        "Brigade": "6"
      },
      {
        "Lon": 20.9112,
        "Time": "2017-05-14 00:04:08",
        "Lines": "171",
        "Lat": 52.2486,
        "Brigade": "6"
      },
      {
        "Lon": 20.9121,
        "Time": "2017-05-14 00:04:28",
        "Lines": "171",
        "Lat": 52.2509,
        "Brigade": "6"
      },
      {
        "Lon": 20.9137,
        "Time": "2017-05-14 00:04:48",
        "Lines": "171",
        "Lat": 52.252,
        "Brigade": "6"
      },
      {
        "Lon": 20.9144,
        "Time": "2017-05-14 00:04:58",
        "Lines": "171",
        "Lat": 52.2517,
        "Brigade": "6"
      },
      {
        "Lon": 20.9144,
        "Time": "2017-05-14 00:05:08",
        "Lines": "171",
        "Lat": 52.2516,
        "Brigade": "6"
      },
      {
        "Lon": 20.9145,
        "Time": "2017-05-14 00:05:18",
        "Lines": "171",
        "Lat": 52.2516,
        "Brigade": "6"
      },
      {
        "Lon": 20.9156,
        "Time": "2017-05-14 00:05:28",
        "Lines": "171",
        "Lat": 52.2512,
        "Brigade": "6"
      },
      {
        "Lon": 20.917,
        "Time": "2017-05-14 00:05:38",
        "Lines": "171",
        "Lat": 52.2505,
        "Brigade": "6"
      },
      {
        "Lon": 20.9188,
        "Time": "2017-05-14 00:05:48",
        "Lines": "171",
        "Lat": 52.2497,
        "Brigade": "6"
      },
      {
        "Lon": 20.9203,
        "Time": "2017-05-14 00:05:58",
        "Lines": "171",
        "Lat": 52.2489,
        "Brigade": "6"
      },
      {
        "Lon": 20.9215,
        "Time": "2017-05-14 00:06:18",
        "Lines": "171",
        "Lat": 52.2492,
        "Brigade": "6"
      },
      {
        "Lon": 20.9215,
        "Time": "2017-05-14 00:06:28",
        "Lines": "171",
        "Lat": 52.2492,
        "Brigade": "6"
      },
      {
        "Lon": 20.9215,
        "Time": "2017-05-14 00:06:38",
        "Lines": "171",
        "Lat": 52.2492,
        "Brigade": "6"
      },
      {
        "Lon": 20.9222,
        "Time": "2017-05-14 00:06:48",
        "Lines": "171",
        "Lat": 52.2498,
        "Brigade": "6"
      },
      {
        "Lon": 20.9233,
        "Time": "2017-05-14 00:06:58",
        "Lines": "171",
        "Lat": 52.2508,
        "Brigade": "6"
      },
      {
        "Lon": 20.9239,
        "Time": "2017-05-14 00:07:08",
        "Lines": "171",
        "Lat": 52.2519,
        "Brigade": "6"
      },
      {
        "Lon": 20.9241,
        "Time": "2017-05-14 00:07:18",
        "Lines": "171",
        "Lat": 52.2526,
        "Brigade": "6"
      },
      {
        "Lon": 20.9241,
        "Time": "2017-05-14 00:07:38",
        "Lines": "171",
        "Lat": 52.2528,
        "Brigade": "6"
      },
      {
        "Lon": 20.9242,
        "Time": "2017-05-14 00:07:48",
        "Lines": "171",
        "Lat": 52.2538,
        "Brigade": "6"
      },
      {
        "Lon": 20.9241,
        "Time": "2017-05-14 00:07:58",
        "Lines": "171",
        "Lat": 52.255,
        "Brigade": "6"
      },
      {
        "Lon": 20.9228,
        "Time": "2017-05-14 00:08:08",
        "Lines": "171",
        "Lat": 52.2559,
        "Brigade": "6"
      },
      {
        "Lon": 20.9213,
        "Time": "2017-05-14 00:08:18",
        "Lines": "171",
        "Lat": 52.2567,
        "Brigade": "6"
      },
      {
        "Lon": 20.9202,
        "Time": "2017-05-14 00:08:28",
        "Lines": "171",
        "Lat": 52.2572,
        "Brigade": "6"
      },
      {
        "Lon": 20.9197,
        "Time": "2017-05-14 00:08:38",
        "Lines": "171",
        "Lat": 52.2574,
        "Brigade": "6"
      },
      {
        "Lon": 20.9191,
        "Time": "2017-05-14 00:08:48",
        "Lines": "171",
        "Lat": 52.2577,
        "Brigade": "6"
      },
      {
        "Lon": 20.9191,
        "Time": "2017-05-14 00:08:58",
        "Lines": "171",
        "Lat": 52.2577,
        "Brigade": "6"
      },
      {
        "Lon": 20.9177,
        "Time": "2017-05-14 00:09:18",
        "Lines": "171",
        "Lat": 52.2588,
        "Brigade": "6"
      },
      {
        "Lon": 20.9176,
        "Time": "2017-05-14 00:09:28",
        "Lines": "171",
        "Lat": 52.2598,
        "Brigade": "6"
      },
      {
        "Lon": 20.9175,
        "Time": "2017-05-14 00:09:38",
        "Lines": "171",
        "Lat": 52.2608,
        "Brigade": "6"
      },
      {
        "Lon": 20.9178,
        "Time": "2017-05-14 00:09:48",
        "Lines": "171",
        "Lat": 52.2618,
        "Brigade": "6"
      },
      {
        "Lon": 20.9186,
        "Time": "2017-05-14 00:09:58",
        "Lines": "171",
        "Lat": 52.2626,
        "Brigade": "6"
      },
      {
        "Lon": 20.9271,
        "Time": "2017-05-14 00:11:28",
        "Lines": "171",
        "Lat": 52.2635,
        "Brigade": "6"
      },
      {
        "Lon": 20.9266,
        "Time": "2017-05-14 00:11:38",
        "Lines": "171",
        "Lat": 52.2631,
        "Brigade": "6"
      },
      {
        "Lon": 20.9265,
        "Time": "2017-05-14 00:11:48",
        "Lines": "171",
        "Lat": 52.263,
        "Brigade": "6"
      },
      {
        "Lon": 20.9258,
        "Time": "2017-05-14 00:11:58",
        "Lines": "171",
        "Lat": 52.2623,
        "Brigade": "6"
      },
      {
        "Lon": 20.9245,
        "Time": "2017-05-14 00:12:08",
        "Lines": "171",
        "Lat": 52.2613,
        "Brigade": "6"
      },
      {
        "Lon": 20.9238,
        "Time": "2017-05-14 00:12:18",
        "Lines": "171",
        "Lat": 52.2606,
        "Brigade": "6"
      },
      {
        "Lon": 20.9237,
        "Time": "2017-05-14 00:12:28",
        "Lines": "171",
        "Lat": 52.2606,
        "Brigade": "6"
      },
      {
        "Lon": 20.9248,
        "Time": "2017-05-14 00:12:48",
        "Lines": "171",
        "Lat": 52.2605,
        "Brigade": "6"
      },
      {
        "Lon": 20.9248,
        "Time": "2017-05-14 00:12:58",
        "Lines": "171",
        "Lat": 52.2606,
        "Brigade": "6"
      },
      {
        "Lon": 20.9248,
        "Time": "2017-05-14 00:13:08",
        "Lines": "171",
        "Lat": 52.2606,
        "Brigade": "6"
      },
      {
        "Lon": 20.9248,
        "Time": "2017-05-14 00:13:18",
        "Lines": "171",
        "Lat": 52.2606,
        "Brigade": "6"
      },
      {
        "Lon": 20.9248,
        "Time": "2017-05-14 00:13:28",
        "Lines": "171",
        "Lat": 52.2606,
        "Brigade": "6"
      },
      {
        "Lon": 20.9248,
        "Time": "2017-05-14 00:13:38",
        "Lines": "171",
        "Lat": 52.2606,
        "Brigade": "6"
      },
      {
        "Lon": 20.9248,
        "Time": "2017-05-14 00:13:48",
        "Lines": "171",
        "Lat": 52.2606,
        "Brigade": "6"
      },
      {
        "Lon": 20.9248,
        "Time": "2017-05-14 00:14:08",
        "Lines": "171",
        "Lat": 52.2606,
        "Brigade": "6"
      },
      {
        "Lon": 20.9249,
        "Time": "2017-05-14 00:14:18",
        "Lines": "171",
        "Lat": 52.2606,
        "Brigade": "6"
      },
      {
        "Lon": 20.9251,
        "Time": "2017-05-14 00:14:28",
        "Lines": "171",
        "Lat": 52.261,
        "Brigade": "6"
      },
      {
        "Lon": 20.925,
        "Time": "2017-05-14 00:14:38",
        "Lines": "171",
        "Lat": 52.2611,
        "Brigade": "6"
      },
      {
        "Lon": 20.9251,
        "Time": "2017-05-14 00:14:48",
        "Lines": "171",
        "Lat": 52.2611,
        "Brigade": "6"
      },
      {
        "Lon": 20.925,
        "Time": "2017-05-14 00:14:58",
        "Lines": "171",
        "Lat": 52.2611,
        "Brigade": "6"
      },
      {
        "Lon": 20.925,
        "Time": "2017-05-14 00:15:08",
        "Lines": "171",
        "Lat": 52.2611,
        "Brigade": "6"
      },
      {
        "Lon": 20.9249,
        "Time": "2017-05-14 00:15:18",
        "Lines": "171",
        "Lat": 52.2611,
        "Brigade": "6"
      },
      {
        "Lon": 20.9198,
        "Time": "2017-05-14 00:15:58",
        "Lines": "171",
        "Lat": 52.2574,
        "Brigade": "6"
      },
      {
        "Lon": 20.9185,
        "Time": "2017-05-14 00:16:08",
        "Lines": "171",
        "Lat": 52.2564,
        "Brigade": "6"
      },
      {
        "Lon": 20.9171,
        "Time": "2017-05-14 00:16:18",
        "Lines": "171",
        "Lat": 52.2552,
        "Brigade": "6"
      },
      {
        "Lon": 20.9156,
        "Time": "2017-05-14 00:16:28",
        "Lines": "171",
        "Lat": 52.254,
        "Brigade": "6"
      },
      {
        "Lon": 20.9138,
        "Time": "2017-05-14 00:16:38",
        "Lines": "171",
        "Lat": 52.2527,
        "Brigade": "6"
      },
      {
        "Lon": 20.912,
        "Time": "2017-05-14 00:16:48",
        "Lines": "171",
        "Lat": 52.2513,
        "Brigade": "6"
      },
      {
        "Lon": 20.9109,
        "Time": "2017-05-14 00:16:58",
        "Lines": "171",
        "Lat": 52.2497,
        "Brigade": "6"
      },
      {
        "Lon": 20.9108,
        "Time": "2017-05-14 00:17:08",
        "Lines": "171",
        "Lat": 52.2482,
        "Brigade": "6"
      },
      {
        "Lon": 20.9108,
        "Time": "2017-05-14 00:17:28",
        "Lines": "171",
        "Lat": 52.248,
        "Brigade": "6"
      },
      {
        "Lon": 20.9108,
        "Time": "2017-05-14 00:17:38",
        "Lines": "171",
        "Lat": 52.248,
        "Brigade": "6"
      },
      {
        "Lon": 20.9108,
        "Time": "2017-05-14 00:17:48",
        "Lines": "171",
        "Lat": 52.248,
        "Brigade": "6"
      },
      {
        "Lon": 20.9109,
        "Time": "2017-05-14 00:17:58",
        "Lines": "171",
        "Lat": 52.2478,
        "Brigade": "6"
      },
      {
        "Lon": 20.9113,
        "Time": "2017-05-14 00:18:08",
        "Lines": "171",
        "Lat": 52.2469,
        "Brigade": "6"
      },
      {
        "Lon": 20.9116,
        "Time": "2017-05-14 00:18:18",
        "Lines": "171",
        "Lat": 52.2457,
        "Brigade": "6"
      },
      {
        "Lon": 20.9119,
        "Time": "2017-05-14 00:18:28",
        "Lines": "171",
        "Lat": 52.2443,
        "Brigade": "6"
      },
      {
        "Lon": 20.9122,
        "Time": "2017-05-14 00:18:38",
        "Lines": "171",
        "Lat": 52.2432,
        "Brigade": "6"
      },
      {
        "Lon": 20.9124,
        "Time": "2017-05-14 00:18:48",
        "Lines": "171",
        "Lat": 52.2421,
        "Brigade": "6"
      },
      {
        "Lon": 20.9129,
        "Time": "2017-05-14 00:19:08",
        "Lines": "171",
        "Lat": 52.2392,
        "Brigade": "6"
      },
      {
        "Lon": 20.9134,
        "Time": "2017-05-14 00:19:18",
        "Lines": "171",
        "Lat": 52.2378,
        "Brigade": "6"
      },
      {
        "Lon": 20.9136,
        "Time": "2017-05-14 00:19:28",
        "Lines": "171",
        "Lat": 52.2371,
        "Brigade": "6"
      },
      {
        "Lon": 20.9137,
        "Time": "2017-05-14 00:19:38",
        "Lines": "171",
        "Lat": 52.2371,
        "Brigade": "6"
      },
      {
        "Lon": 20.9136,
        "Time": "2017-05-14 00:19:48",
        "Lines": "171",
        "Lat": 52.2371,
        "Brigade": "6"
      },
      {
        "Lon": 20.9136,
        "Time": "2017-05-14 00:19:58",
        "Lines": "171",
        "Lat": 52.2371,
        "Brigade": "6"
      },
      {
        "Lon": 20.9136,
        "Time": "2017-05-14 00:20:08",
        "Lines": "171",
        "Lat": 52.2371,
        "Brigade": "6"
      },
      {
        "Lon": 20.9138,
        "Time": "2017-05-14 00:20:18",
        "Lines": "171",
        "Lat": 52.2365,
        "Brigade": "6"
      },
      {
        "Lon": 20.9142,
        "Time": "2017-05-14 00:20:28",
        "Lines": "171",
        "Lat": 52.2355,
        "Brigade": "6"
      },
      {
        "Lon": 20.9146,
        "Time": "2017-05-14 00:20:38",
        "Lines": "171",
        "Lat": 52.2341,
        "Brigade": "6"
      },
      {
        "Lon": 20.9147,
        "Time": "2017-05-14 00:20:58",
        "Lines": "171",
        "Lat": 52.2317,
        "Brigade": "6"
      },
      {
        "Lon": 20.9148,
        "Time": "2017-05-14 00:21:08",
        "Lines": "171",
        "Lat": 52.2308,
        "Brigade": "6"
      },
      {
        "Lon": 20.9148,
        "Time": "2017-05-14 00:21:18",
        "Lines": "171",
        "Lat": 52.2299,
        "Brigade": "6"
      },
      {
        "Lon": 20.9152,
        "Time": "2017-05-14 00:21:28",
        "Lines": "171",
        "Lat": 52.2289,
        "Brigade": "6"
      },
      {
        "Lon": 20.9156,
        "Time": "2017-05-14 00:21:38",
        "Lines": "171",
        "Lat": 52.2277,
        "Brigade": "6"
      },
      {
        "Lon": 20.9159,
        "Time": "2017-05-14 00:21:48",
        "Lines": "171",
        "Lat": 52.2264,
        "Brigade": "6"
      },
      {
        "Lon": 20.9161,
        "Time": "2017-05-14 00:21:58",
        "Lines": "171",
        "Lat": 52.2257,
        "Brigade": "6"
      },
      {
        "Lon": 20.9161,
        "Time": "2017-05-14 00:22:08",
        "Lines": "171",
        "Lat": 52.2256,
        "Brigade": "6"
      },
      {
        "Lon": 20.9161,
        "Time": "2017-05-14 00:22:18",
        "Lines": "171",
        "Lat": 52.2256,
        "Brigade": "6"
      },
      {
        "Lon": 20.9161,
        "Time": "2017-05-14 00:22:28",
        "Lines": "171",
        "Lat": 52.2256,
        "Brigade": "6"
      },
      {
        "Lon": 20.9163,
        "Time": "2017-05-14 00:22:48",
        "Lines": "171",
        "Lat": 52.2248,
        "Brigade": "6"
      },
      {
        "Lon": 20.9164,
        "Time": "2017-05-14 00:22:58",
        "Lines": "171",
        "Lat": 52.2247,
        "Brigade": "6"
      },
      {
        "Lon": 20.9164,
        "Time": "2017-05-14 00:23:08",
        "Lines": "171",
        "Lat": 52.2246,
        "Brigade": "6"
      },
      {
        "Lon": 20.9164,
        "Time": "2017-05-14 00:23:18",
        "Lines": "171",
        "Lat": 52.2246,
        "Brigade": "6"
      },
      {
        "Lon": 20.9164,
        "Time": "2017-05-14 00:23:28",
        "Lines": "171",
        "Lat": 52.2246,
        "Brigade": "6"
      },
      {
        "Lon": 20.9164,
        "Time": "2017-05-14 00:23:38",
        "Lines": "171",
        "Lat": 52.2246,
        "Brigade": "6"
      },
      {
        "Lon": 20.9164,
        "Time": "2017-05-14 00:23:48",
        "Lines": "171",
        "Lat": 52.2246,
        "Brigade": "6"
      },
      {
        "Lon": 20.9164,
        "Time": "2017-05-14 00:23:58",
        "Lines": "171",
        "Lat": 52.2246,
        "Brigade": "6"
      },
      {
        "Lon": 20.9164,
        "Time": "2017-05-14 00:24:08",
        "Lines": "171",
        "Lat": 52.2246,
        "Brigade": "6"
      },
      {
        "Lon": 20.9164,
        "Time": "2017-05-14 00:24:28",
        "Lines": "171",
        "Lat": 52.2246,
        "Brigade": "6"
      },
      {
        "Lon": 20.9164,
        "Time": "2017-05-14 00:24:48",
        "Lines": "171",
        "Lat": 52.2246,
        "Brigade": "6"
      },
      {
        "Lon": 20.9164,
        "Time": "2017-05-14 00:24:58",
        "Lines": "171",
        "Lat": 52.2246,
        "Brigade": "6"
      },
      {
        "Lon": 20.9164,
        "Time": "2017-05-14 00:25:08",
        "Lines": "171",
        "Lat": 52.2246,
        "Brigade": "6"
      },
      {
        "Lon": 20.9164,
        "Time": "2017-05-14 00:25:18",
        "Lines": "171",
        "Lat": 52.2246,
        "Brigade": "6"
      },
      {
        "Lon": 20.9164,
        "Time": "2017-05-14 00:25:28",
        "Lines": "171",
        "Lat": 52.2246,
        "Brigade": "6"
      },
      {
        "Lon": 20.9166,
        "Time": "2017-05-14 00:25:38",
        "Lines": "171",
        "Lat": 52.224,
        "Brigade": "6"
      },
      {
        "Lon": 20.9169,
        "Time": "2017-05-14 00:25:48",
        "Lines": "171",
        "Lat": 52.2228,
        "Brigade": "6"
      },
      {
        "Lon": 20.9167,
        "Time": "2017-05-14 00:25:58",
        "Lines": "171",
        "Lat": 52.2216,
        "Brigade": "6"
      },
      {
        "Lon": 20.9164,
        "Time": "2017-05-14 00:26:08",
        "Lines": "171",
        "Lat": 52.2208,
        "Brigade": "6"
      },
      {
        "Lon": 20.9164,
        "Time": "2017-05-14 00:26:28",
        "Lines": "171",
        "Lat": 52.2205,
        "Brigade": "6"
      },
      {
        "Lon": 20.9163,
        "Time": "2017-05-14 00:26:38",
        "Lines": "171",
        "Lat": 52.2205,
        "Brigade": "6"
      },
      {
        "Lon": 20.9161,
        "Time": "2017-05-14 00:26:48",
        "Lines": "171",
        "Lat": 52.2198,
        "Brigade": "6"
      },
      {
        "Lon": 20.9158,
        "Time": "2017-05-14 00:26:58",
        "Lines": "171",
        "Lat": 52.2187,
        "Brigade": "6"
      },
      {
        "Lon": 20.9154,
        "Time": "2017-05-14 00:27:08",
        "Lines": "171",
        "Lat": 52.2173,
        "Brigade": "6"
      },
      {
        "Lon": 20.9144,
        "Time": "2017-05-14 00:27:28",
        "Lines": "171",
        "Lat": 52.2142,
        "Brigade": "6"
      },
      {
        "Lon": 20.9139,
        "Time": "2017-05-14 00:27:38",
        "Lines": "171",
        "Lat": 52.2126,
        "Brigade": "6"
      },
      {
        "Lon": 20.9133,
        "Time": "2017-05-14 00:27:48",
        "Lines": "171",
        "Lat": 52.211,
        "Brigade": "6"
      },
      {
        "Lon": 20.9134,
        "Time": "2017-05-14 00:27:58",
        "Lines": "171",
        "Lat": 52.2095,
        "Brigade": "6"
      },
      {
        "Lon": 20.9156,
        "Time": "2017-05-14 00:28:18",
        "Lines": "171",
        "Lat": 52.2073,
        "Brigade": "6"
      },
      {
        "Lon": 20.9161,
        "Time": "2017-05-14 00:28:28",
        "Lines": "171",
        "Lat": 52.2065,
        "Brigade": "6"
      },
      {
        "Lon": 20.9161,
        "Time": "2017-05-14 00:28:38",
        "Lines": "171",
        "Lat": 52.2057,
        "Brigade": "6"
      },
      {
        "Lon": 20.9155,
        "Time": "2017-05-14 00:28:48",
        "Lines": "171",
        "Lat": 52.205,
        "Brigade": "6"
      },
      {
        "Lon": 20.9153,
        "Time": "2017-05-14 00:28:58",
        "Lines": "171",
        "Lat": 52.2042,
        "Brigade": "6"
      },
      {
        "Lon": 20.9151,
        "Time": "2017-05-14 00:29:08",
        "Lines": "171",
        "Lat": 52.203,
        "Brigade": "6"
      },
      {
        "Lon": 20.9148,
        "Time": "2017-05-14 00:29:18",
        "Lines": "171",
        "Lat": 52.2018,
        "Brigade": "6"
      },
      {
        "Lon": 20.9145,
        "Time": "2017-05-14 00:29:28",
        "Lines": "171",
        "Lat": 52.2006,
        "Brigade": "6"
      },
      {
        "Lon": 20.9142,
        "Time": "2017-05-14 00:29:38",
        "Lines": "171",
        "Lat": 52.1999,
        "Brigade": "6"
      },
      {
        "Lon": 20.9147,
        "Time": "2017-05-14 00:29:48",
        "Lines": "171",
        "Lat": 52.1996,
        "Brigade": "6"
      },
      {
        "Lon": 20.9184,
        "Time": "2017-05-14 00:30:08",
        "Lines": "171",
        "Lat": 52.1986,
        "Brigade": "6"
      },
      {
        "Lon": 20.9208,
        "Time": "2017-05-14 00:30:18",
        "Lines": "171",
        "Lat": 52.198,
        "Brigade": "6"
      },
      {
        "Lon": 20.923,
        "Time": "2017-05-14 00:30:28",
        "Lines": "171",
        "Lat": 52.1975,
        "Brigade": "6"
      },
      {
        "Lon": 20.9238,
        "Time": "2017-05-14 00:30:38",
        "Lines": "171",
        "Lat": 52.197,
        "Brigade": "6"
      },
      {
        "Lon": 20.9234,
        "Time": "2017-05-14 00:30:48",
        "Lines": "171",
        "Lat": 52.1966,
        "Brigade": "6"
      },
      {
        "Lon": 20.923,
        "Time": "2017-05-14 00:30:58",
        "Lines": "171",
        "Lat": 52.1965,
        "Brigade": "6"
      },
      {
        "Lon": 20.923,
        "Time": "2017-05-14 00:31:08",
        "Lines": "171",
        "Lat": 52.1965,
        "Brigade": "6"
      },
      {
        "Lon": 20.923,
        "Time": "2017-05-14 00:31:18",
        "Lines": "171",
        "Lat": 52.1965,
        "Brigade": "6"
      },
      {
        "Lon": 20.923,
        "Time": "2017-05-14 00:31:28",
        "Lines": "171",
        "Lat": 52.1965,
        "Brigade": "6"
      },
      {
        "Lon": 20.9226,
        "Time": "2017-05-14 00:31:38",
        "Lines": "171",
        "Lat": 52.1967,
        "Brigade": "6"
      },
      {
        "Lon": 20.9221,
        "Time": "2017-05-14 00:31:58",
        "Lines": "171",
        "Lat": 52.1968,
        "Brigade": "6"
      },
      {
        "Lon": 20.9221,
        "Time": "2017-05-14 00:32:08",
        "Lines": "171",
        "Lat": 52.1968,
        "Brigade": "6"
      },
      {
        "Lon": 20.9221,
        "Time": "2017-05-14 00:32:18",
        "Lines": "171",
        "Lat": 52.1968,
        "Brigade": "6"
      },
      {
        "Lon": 20.9221,
        "Time": "2017-05-14 00:32:28",
        "Lines": "171",
        "Lat": 52.1968,
        "Brigade": "6"
      },
      {
        "Lon": 20.9221,
        "Time": "2017-05-14 00:32:38",
        "Lines": "171",
        "Lat": 52.1968,
        "Brigade": "6"
      },
      {
        "Lon": 20.9221,
        "Time": "2017-05-14 00:32:48",
        "Lines": "171",
        "Lat": 52.1968,
        "Brigade": "6"
      },
      {
        "Lon": 20.9221,
        "Time": "2017-05-14 00:32:58",
        "Lines": "171",
        "Lat": 52.1968,
        "Brigade": "6"
      },
      {
        "Lon": 20.9221,
        "Time": "2017-05-14 00:33:08",
        "Lines": "171",
        "Lat": 52.1968,
        "Brigade": "6"
      },
      {
        "Lon": 20.9221,
        "Time": "2017-05-14 00:33:18",
        "Lines": "171",
        "Lat": 52.1968,
        "Brigade": "6"
      }
    ]
  }
]
