[
  {
    "res": [
      {
        "Lon": 20.9932,
        "Time": "2017-05-14 00:00:10",
        "Lines": "174",
        "Lat": 52.1705,
        "Brigade": "2"
      },
      {
        "Lon": 20.9923,
        "Time": "2017-05-14 00:00:20",
        "Lines": "174",
        "Lat": 52.1708,
        "Brigade": "2"
      },
      {
        "Lon": 20.9924,
        "Time": "2017-05-14 00:00:30",
        "Lines": "174",
        "Lat": 52.1714,
        "Brigade": "2"
      },
      {
        "Lon": 20.9929,
        "Time": "2017-05-14 00:00:40",
        "Lines": "174",
        "Lat": 52.1722,
        "Brigade": "2"
      },
      {
        "Lon": 20.9935,
        "Time": "2017-05-14 00:00:50",
        "Lines": "174",
        "Lat": 52.1732,
        "Brigade": "2"
      },
      {
        "Lon": 20.9944,
        "Time": "2017-05-14 00:01:05",
        "Lines": "174",
        "Lat": 52.1747,
        "Brigade": "2"
      },
      {
        "Lon": 20.995,
        "Time": "2017-05-14 00:01:15",
        "Lines": "174",
        "Lat": 52.1756,
        "Brigade": "2"
      },
      {
        "Lon": 20.9954,
        "Time": "2017-05-14 00:01:25",
        "Lines": "174",
        "Lat": 52.1761,
        "Brigade": "2"
      },
      {
        "Lon": 20.9956,
        "Time": "2017-05-14 00:01:35",
        "Lines": "174",
        "Lat": 52.1766,
        "Brigade": "2"
      },
      {
        "Lon": 20.9961,
        "Time": "2017-05-14 00:01:45",
        "Lines": "174",
        "Lat": 52.1774,
        "Brigade": "2"
      },
      {
        "Lon": 20.9966,
        "Time": "2017-05-14 00:01:55",
        "Lines": "174",
        "Lat": 52.1782,
        "Brigade": "2"
      },
      {
        "Lon": 20.9971,
        "Time": "2017-05-14 00:02:10",
        "Lines": "174",
        "Lat": 52.1789,
        "Brigade": "2"
      },
      {
        "Lon": 20.9971,
        "Time": "2017-05-14 00:02:20",
        "Lines": "174",
        "Lat": 52.1789,
        "Brigade": "2"
      },
      {
        "Lon": 20.9972,
        "Time": "2017-05-14 00:02:30",
        "Lines": "174",
        "Lat": 52.1791,
        "Brigade": "2"
      },
      {
        "Lon": 20.9975,
        "Time": "2017-05-14 00:02:40",
        "Lines": "174",
        "Lat": 52.1795,
        "Brigade": "2"
      },
      {
        "Lon": 20.9977,
        "Time": "2017-05-14 00:02:55",
        "Lines": "174",
        "Lat": 52.1802,
        "Brigade": "2"
      },
      {
        "Lon": 20.9977,
        "Time": "2017-05-14 00:03:05",
        "Lines": "174",
        "Lat": 52.1805,
        "Brigade": "2"
      },
      {
        "Lon": 20.9977,
        "Time": "2017-05-14 00:03:15",
        "Lines": "174",
        "Lat": 52.1812,
        "Brigade": "2"
      },
      {
        "Lon": 20.9977,
        "Time": "2017-05-14 00:03:25",
        "Lines": "174",
        "Lat": 52.1821,
        "Brigade": "2"
      },
      {
        "Lon": 20.9976,
        "Time": "2017-05-14 00:03:35",
        "Lines": "174",
        "Lat": 52.183,
        "Brigade": "2"
      },
      {
        "Lon": 20.9976,
        "Time": "2017-05-14 00:03:50",
        "Lines": "174",
        "Lat": 52.1843,
        "Brigade": "2"
      },
      {
        "Lon": 20.9976,
        "Time": "2017-05-14 00:04:05",
        "Lines": "174",
        "Lat": 52.1852,
        "Brigade": "2"
      },
      {
        "Lon": 20.9971,
        "Time": "2017-05-14 00:04:15",
        "Lines": "174",
        "Lat": 52.1855,
        "Brigade": "2"
      },
      {
        "Lon": 20.9957,
        "Time": "2017-05-14 00:04:25",
        "Lines": "174",
        "Lat": 52.1855,
        "Brigade": "2"
      },
      {
        "Lon": 20.9942,
        "Time": "2017-05-14 00:04:35",
        "Lines": "174",
        "Lat": 52.1855,
        "Brigade": "2"
      },
      {
        "Lon": 20.9929,
        "Time": "2017-05-14 00:04:50",
        "Lines": "174",
        "Lat": 52.1857,
        "Brigade": "2"
      },
      {
        "Lon": 20.9929,
        "Time": "2017-05-14 00:04:55",
        "Lines": "174",
        "Lat": 52.1861,
        "Brigade": "2"
      },
      {
        "Lon": 20.9929,
        "Time": "2017-05-14 00:05:10",
        "Lines": "174",
        "Lat": 52.1873,
        "Brigade": "2"
      },
      {
        "Lon": 20.9928,
        "Time": "2017-05-14 00:05:20",
        "Lines": "174",
        "Lat": 52.1881,
        "Brigade": "2"
      },
      {
        "Lon": 20.9928,
        "Time": "2017-05-14 00:05:30",
        "Lines": "174",
        "Lat": 52.1887,
        "Brigade": "2"
      },
      {
        "Lon": 20.9931,
        "Time": "2017-05-14 00:05:40",
        "Lines": "174",
        "Lat": 52.1888,
        "Brigade": "2"
      },
      {
        "Lon": 20.9945,
        "Time": "2017-05-14 00:05:55",
        "Lines": "174",
        "Lat": 52.1888,
        "Brigade": "2"
      },
      {
        "Lon": 20.9951,
        "Time": "2017-05-14 00:06:05",
        "Lines": "174",
        "Lat": 52.1888,
        "Brigade": "2"
      },
      {
        "Lon": 20.9952,
        "Time": "2017-05-14 00:06:15",
        "Lines": "174",
        "Lat": 52.1888,
        "Brigade": "2"
      },
      {
        "Lon": 20.9953,
        "Time": "2017-05-14 00:06:25",
        "Lines": "174",
        "Lat": 52.1888,
        "Brigade": "2"
      },
      {
        "Lon": 20.9953,
        "Time": "2017-05-14 00:06:40",
        "Lines": "174",
        "Lat": 52.1888,
        "Brigade": "2"
      },
      {
        "Lon": 20.9953,
        "Time": "2017-05-14 00:06:50",
        "Lines": "174",
        "Lat": 52.1888,
        "Brigade": "2"
      },
      {
        "Lon": 20.9953,
        "Time": "2017-05-14 00:07:00",
        "Lines": "174",
        "Lat": 52.1888,
        "Brigade": "2"
      },
      {
        "Lon": 20.9953,
        "Time": "2017-05-14 00:07:10",
        "Lines": "174",
        "Lat": 52.1888,
        "Brigade": "2"
      },
      {
        "Lon": 20.9953,
        "Time": "2017-05-14 00:07:25",
        "Lines": "174",
        "Lat": 52.1888,
        "Brigade": "2"
      },
      {
        "Lon": 20.9955,
        "Time": "2017-05-14 00:07:35",
        "Lines": "174",
        "Lat": 52.1888,
        "Brigade": "2"
      },
      {
        "Lon": 20.9955,
        "Time": "2017-05-14 00:07:45",
        "Lines": "174",
        "Lat": 52.1888,
        "Brigade": "2"
      },
      {
        "Lon": 20.9955,
        "Time": "2017-05-14 00:07:55",
        "Lines": "174",
        "Lat": 52.1888,
        "Brigade": "2"
      },
      {
        "Lon": 20.9955,
        "Time": "2017-05-14 00:08:05",
        "Lines": "174",
        "Lat": 52.1888,
        "Brigade": "2"
      },
      {
        "Lon": 20.9956,
        "Time": "2017-05-14 00:08:20",
        "Lines": "174",
        "Lat": 52.1888,
        "Brigade": "2"
      },
      {
        "Lon": 20.9958,
        "Time": "2017-05-14 00:08:30",
        "Lines": "174",
        "Lat": 52.1889,
        "Brigade": "2"
      },
      {
        "Lon": 20.9958,
        "Time": "2017-05-14 00:08:35",
        "Lines": "174",
        "Lat": 52.1889,
        "Brigade": "2"
      },
      {
        "Lon": 20.9959,
        "Time": "2017-05-14 00:08:50",
        "Lines": "174",
        "Lat": 52.1889,
        "Brigade": "2"
      }
    ]
  }
]
