[
  {
    "res": [
      {
        "Lon": 21.0476,
        "Time": "2017-05-14 00:00:12",
        "Lines": "179",
        "Lat": 52.151,
        "Brigade": "2"
      },
      {
        "Lon": 21.0485,
        "Time": "2017-05-14 00:00:26",
        "Lines": "179",
        "Lat": 52.1516,
        "Brigade": "2"
      },
      {
        "Lon": 21.0485,
        "Time": "2017-05-14 00:00:37",
        "Lines": "179",
        "Lat": 52.1516,
        "Brigade": "2"
      },
      {
        "Lon": 21.0488,
        "Time": "2017-05-14 00:00:47",
        "Lines": "179",
        "Lat": 52.152,
        "Brigade": "2"
      },
      {
        "Lon": 21.0491,
        "Time": "2017-05-14 00:00:57",
        "Lines": "179",
        "Lat": 52.1529,
        "Brigade": "2"
      },
      {
        "Lon": 21.0494,
        "Time": "2017-05-14 00:01:07",
        "Lines": "179",
        "Lat": 52.1541,
        "Brigade": "2"
      },
      {
        "Lon": 21.05,
        "Time": "2017-05-14 00:01:17",
        "Lines": "179",
        "Lat": 52.1549,
        "Brigade": "2"
      },
      {
        "Lon": 21.0509,
        "Time": "2017-05-14 00:01:31",
        "Lines": "179",
        "Lat": 52.1547,
        "Brigade": "2"
      },
      {
        "Lon": 21.051,
        "Time": "2017-05-14 00:01:40",
        "Lines": "179",
        "Lat": 52.1547,
        "Brigade": "2"
      },
      {
        "Lon": 21.0519,
        "Time": "2017-05-14 00:01:50",
        "Lines": "179",
        "Lat": 52.1545,
        "Brigade": "2"
      },
      {
        "Lon": 21.0534,
        "Time": "2017-05-14 00:02:00",
        "Lines": "179",
        "Lat": 52.154,
        "Brigade": "2"
      },
      {
        "Lon": 21.0558,
        "Time": "2017-05-14 00:02:15",
        "Lines": "179",
        "Lat": 52.1528,
        "Brigade": "2"
      },
      {
        "Lon": 21.0563,
        "Time": "2017-05-14 00:02:20",
        "Lines": "179",
        "Lat": 52.1525,
        "Brigade": "2"
      },
      {
        "Lon": 21.0565,
        "Time": "2017-05-14 00:02:35",
        "Lines": "179",
        "Lat": 52.1523,
        "Brigade": "2"
      },
      {
        "Lon": 21.0569,
        "Time": "2017-05-14 00:02:45",
        "Lines": "179",
        "Lat": 52.152,
        "Brigade": "2"
      },
      {
        "Lon": 21.0578,
        "Time": "2017-05-14 00:02:55",
        "Lines": "179",
        "Lat": 52.1513,
        "Brigade": "2"
      },
      {
        "Lon": 21.0588,
        "Time": "2017-05-14 00:03:08",
        "Lines": "179",
        "Lat": 52.1502,
        "Brigade": "2"
      },
      {
        "Lon": 21.0599,
        "Time": "2017-05-14 00:03:20",
        "Lines": "179",
        "Lat": 52.1489,
        "Brigade": "2"
      },
      {
        "Lon": 21.0602,
        "Time": "2017-05-14 00:03:30",
        "Lines": "179",
        "Lat": 52.1486,
        "Brigade": "2"
      },
      {
        "Lon": 21.0602,
        "Time": "2017-05-14 00:03:40",
        "Lines": "179",
        "Lat": 52.1486,
        "Brigade": "2"
      },
      {
        "Lon": 21.0611,
        "Time": "2017-05-14 00:03:53",
        "Lines": "179",
        "Lat": 52.1477,
        "Brigade": "2"
      },
      {
        "Lon": 21.0617,
        "Time": "2017-05-14 00:04:00",
        "Lines": "179",
        "Lat": 52.147,
        "Brigade": "2"
      },
      {
        "Lon": 21.0633,
        "Time": "2017-05-14 00:04:15",
        "Lines": "179",
        "Lat": 52.1453,
        "Brigade": "2"
      },
      {
        "Lon": 21.0639,
        "Time": "2017-05-14 00:04:25",
        "Lines": "179",
        "Lat": 52.1446,
        "Brigade": "2"
      },
      {
        "Lon": 21.0639,
        "Time": "2017-05-14 00:04:35",
        "Lines": "179",
        "Lat": 52.1446,
        "Brigade": "2"
      },
      {
        "Lon": 21.0642,
        "Time": "2017-05-14 00:04:45",
        "Lines": "179",
        "Lat": 52.1443,
        "Brigade": "2"
      },
      {
        "Lon": 21.065,
        "Time": "2017-05-14 00:04:55",
        "Lines": "179",
        "Lat": 52.1435,
        "Brigade": "2"
      },
      {
        "Lon": 21.0658,
        "Time": "2017-05-14 00:05:05",
        "Lines": "179",
        "Lat": 52.1426,
        "Brigade": "2"
      },
      {
        "Lon": 21.0655,
        "Time": "2017-05-14 00:05:20",
        "Lines": "179",
        "Lat": 52.1422,
        "Brigade": "2"
      },
      {
        "Lon": 21.0653,
        "Time": "2017-05-14 00:05:30",
        "Lines": "179",
        "Lat": 52.1422,
        "Brigade": "2"
      },
      {
        "Lon": 21.065,
        "Time": "2017-05-14 00:05:35",
        "Lines": "179",
        "Lat": 52.142,
        "Brigade": "2"
      },
      {
        "Lon": 21.0628,
        "Time": "2017-05-14 00:05:50",
        "Lines": "179",
        "Lat": 52.1414,
        "Brigade": "2"
      },
      {
        "Lon": 21.0603,
        "Time": "2017-05-14 00:06:05",
        "Lines": "179",
        "Lat": 52.1407,
        "Brigade": "2"
      },
      {
        "Lon": 21.0601,
        "Time": "2017-05-14 00:06:15",
        "Lines": "179",
        "Lat": 52.1406,
        "Brigade": "2"
      },
      {
        "Lon": 21.0592,
        "Time": "2017-05-14 00:06:25",
        "Lines": "179",
        "Lat": 52.1403,
        "Brigade": "2"
      },
      {
        "Lon": 21.0578,
        "Time": "2017-05-14 00:06:35",
        "Lines": "179",
        "Lat": 52.1399,
        "Brigade": "2"
      },
      {
        "Lon": 21.0566,
        "Time": "2017-05-14 00:06:50",
        "Lines": "179",
        "Lat": 52.1396,
        "Brigade": "2"
      },
      {
        "Lon": 21.0566,
        "Time": "2017-05-14 00:07:00",
        "Lines": "179",
        "Lat": 52.1397,
        "Brigade": "2"
      },
      {
        "Lon": 21.0561,
        "Time": "2017-05-14 00:07:10",
        "Lines": "179",
        "Lat": 52.1394,
        "Brigade": "2"
      },
      {
        "Lon": 21.0549,
        "Time": "2017-05-14 00:07:20",
        "Lines": "179",
        "Lat": 52.1391,
        "Brigade": "2"
      },
      {
        "Lon": 21.0545,
        "Time": "2017-05-14 00:07:35",
        "Lines": "179",
        "Lat": 52.1389,
        "Brigade": "2"
      },
      {
        "Lon": 21.0539,
        "Time": "2017-05-14 00:07:45",
        "Lines": "179",
        "Lat": 52.1388,
        "Brigade": "2"
      },
      {
        "Lon": 21.0526,
        "Time": "2017-05-14 00:07:55",
        "Lines": "179",
        "Lat": 52.1384,
        "Brigade": "2"
      },
      {
        "Lon": 21.0511,
        "Time": "2017-05-14 00:08:05",
        "Lines": "179",
        "Lat": 52.1379,
        "Brigade": "2"
      },
      {
        "Lon": 21.0499,
        "Time": "2017-05-14 00:08:15",
        "Lines": "179",
        "Lat": 52.1376,
        "Brigade": "2"
      },
      {
        "Lon": 21.0498,
        "Time": "2017-05-14 00:08:25",
        "Lines": "179",
        "Lat": 52.1376,
        "Brigade": "2"
      },
      {
        "Lon": 21.0495,
        "Time": "2017-05-14 00:08:40",
        "Lines": "179",
        "Lat": 52.1374,
        "Brigade": "2"
      },
      {
        "Lon": 21.0497,
        "Time": "2017-05-14 00:08:53",
        "Lines": "179",
        "Lat": 52.137,
        "Brigade": "2"
      },
      {
        "Lon": 21.0499,
        "Time": "2017-05-14 00:09:05",
        "Lines": "179",
        "Lat": 52.1369,
        "Brigade": "2"
      },
      {
        "Lon": 21.0506,
        "Time": "2017-05-14 00:09:15",
        "Lines": "179",
        "Lat": 52.1362,
        "Brigade": "2"
      },
      {
        "Lon": 21.0518,
        "Time": "2017-05-14 00:09:25",
        "Lines": "179",
        "Lat": 52.1352,
        "Brigade": "2"
      },
      {
        "Lon": 21.0533,
        "Time": "2017-05-14 00:09:35",
        "Lines": "179",
        "Lat": 52.1341,
        "Brigade": "2"
      },
      {
        "Lon": 21.0542,
        "Time": "2017-05-14 00:09:49",
        "Lines": "179",
        "Lat": 52.1334,
        "Brigade": "2"
      },
      {
        "Lon": 21.0542,
        "Time": "2017-05-14 00:09:55",
        "Lines": "179",
        "Lat": 52.1334,
        "Brigade": "2"
      },
      {
        "Lon": 21.0613,
        "Time": "2017-05-14 00:11:25",
        "Lines": "179",
        "Lat": 52.1312,
        "Brigade": "2"
      },
      {
        "Lon": 21.0622,
        "Time": "2017-05-14 00:11:35",
        "Lines": "179",
        "Lat": 52.1312,
        "Brigade": "2"
      },
      {
        "Lon": 21.0639,
        "Time": "2017-05-14 00:11:45",
        "Lines": "179",
        "Lat": 52.1312,
        "Brigade": "2"
      },
      {
        "Lon": 21.066,
        "Time": "2017-05-14 00:12:00",
        "Lines": "179",
        "Lat": 52.1311,
        "Brigade": "2"
      },
      {
        "Lon": 21.0662,
        "Time": "2017-05-14 00:12:10",
        "Lines": "179",
        "Lat": 52.1308,
        "Brigade": "2"
      },
      {
        "Lon": 21.0665,
        "Time": "2017-05-14 00:12:20",
        "Lines": "179",
        "Lat": 52.1305,
        "Brigade": "2"
      },
      {
        "Lon": 21.0675,
        "Time": "2017-05-14 00:12:35",
        "Lines": "179",
        "Lat": 52.1298,
        "Brigade": "2"
      },
      {
        "Lon": 21.068,
        "Time": "2017-05-14 00:12:45",
        "Lines": "179",
        "Lat": 52.1295,
        "Brigade": "2"
      },
      {
        "Lon": 21.0685,
        "Time": "2017-05-14 00:12:58",
        "Lines": "179",
        "Lat": 52.129,
        "Brigade": "2"
      },
      {
        "Lon": 21.0685,
        "Time": "2017-05-14 00:13:09",
        "Lines": "179",
        "Lat": 52.129,
        "Brigade": "2"
      },
      {
        "Lon": 21.0685,
        "Time": "2017-05-14 00:13:15",
        "Lines": "179",
        "Lat": 52.129,
        "Brigade": "2"
      },
      {
        "Lon": 21.0685,
        "Time": "2017-05-14 00:13:30",
        "Lines": "179",
        "Lat": 52.129,
        "Brigade": "2"
      },
      {
        "Lon": 21.0685,
        "Time": "2017-05-14 00:13:40",
        "Lines": "179",
        "Lat": 52.129,
        "Brigade": "2"
      },
      {
        "Lon": 21.0685,
        "Time": "2017-05-14 00:13:50",
        "Lines": "179",
        "Lat": 52.129,
        "Brigade": "2"
      },
      {
        "Lon": 21.0685,
        "Time": "2017-05-14 00:14:05",
        "Lines": "179",
        "Lat": 52.129,
        "Brigade": "2"
      },
      {
        "Lon": 21.0685,
        "Time": "2017-05-14 00:14:15",
        "Lines": "179",
        "Lat": 52.129,
        "Brigade": "2"
      },
      {
        "Lon": 21.0685,
        "Time": "2017-05-14 00:14:25",
        "Lines": "179",
        "Lat": 52.129,
        "Brigade": "2"
      },
      {
        "Lon": 21.0685,
        "Time": "2017-05-14 00:14:35",
        "Lines": "179",
        "Lat": 52.129,
        "Brigade": "2"
      },
      {
        "Lon": 21.0685,
        "Time": "2017-05-14 00:14:50",
        "Lines": "179",
        "Lat": 52.129,
        "Brigade": "2"
      },
      {
        "Lon": 21.0685,
        "Time": "2017-05-14 00:14:55",
        "Lines": "179",
        "Lat": 52.129,
        "Brigade": "2"
      },
      {
        "Lon": 21.0685,
        "Time": "2017-05-14 00:15:10",
        "Lines": "179",
        "Lat": 52.129,
        "Brigade": "2"
      },
      {
        "Lon": 21.0685,
        "Time": "2017-05-14 00:15:20",
        "Lines": "179",
        "Lat": 52.129,
        "Brigade": "2"
      },
      {
        "Lon": 21.0685,
        "Time": "2017-05-14 00:15:30",
        "Lines": "179",
        "Lat": 52.129,
        "Brigade": "2"
      },
      {
        "Lon": 21.0685,
        "Time": "2017-05-14 00:15:45",
        "Lines": "179",
        "Lat": 52.129,
        "Brigade": "2"
      },
      {
        "Lon": 21.0685,
        "Time": "2017-05-14 00:15:55",
        "Lines": "179",
        "Lat": 52.129,
        "Brigade": "2"
      },
      {
        "Lon": 21.0685,
        "Time": "2017-05-14 00:16:05",
        "Lines": "179",
        "Lat": 52.129,
        "Brigade": "2"
      },
      {
        "Lon": 21.0685,
        "Time": "2017-05-14 00:16:15",
        "Lines": "179",
        "Lat": 52.129,
        "Brigade": "2"
      },
      {
        "Lon": 21.0685,
        "Time": "2017-05-14 00:16:30",
        "Lines": "179",
        "Lat": 52.129,
        "Brigade": "2"
      },
      {
        "Lon": 21.0685,
        "Time": "2017-05-14 00:16:40",
        "Lines": "179",
        "Lat": 52.129,
        "Brigade": "2"
      },
      {
        "Lon": 21.0685,
        "Time": "2017-05-14 00:16:50",
        "Lines": "179",
        "Lat": 52.129,
        "Brigade": "2"
      },
      {
        "Lon": 21.0685,
        "Time": "2017-05-14 00:17:00",
        "Lines": "179",
        "Lat": 52.129,
        "Brigade": "2"
      },
      {
        "Lon": 21.069,
        "Time": "2017-05-14 00:17:15",
        "Lines": "179",
        "Lat": 52.1286,
        "Brigade": "2"
      },
      {
        "Lon": 21.0684,
        "Time": "2017-05-14 00:17:25",
        "Lines": "179",
        "Lat": 52.1285,
        "Brigade": "2"
      },
      {
        "Lon": 21.0679,
        "Time": "2017-05-14 00:17:35",
        "Lines": "179",
        "Lat": 52.1291,
        "Brigade": "2"
      },
      {
        "Lon": 21.0669,
        "Time": "2017-05-14 00:17:50",
        "Lines": "179",
        "Lat": 52.1302,
        "Brigade": "2"
      },
      {
        "Lon": 21.0666,
        "Time": "2017-05-14 00:17:55",
        "Lines": "179",
        "Lat": 52.1306,
        "Brigade": "2"
      },
      {
        "Lon": 21.0652,
        "Time": "2017-05-14 00:18:10",
        "Lines": "179",
        "Lat": 52.132,
        "Brigade": "2"
      },
      {
        "Lon": 21.0648,
        "Time": "2017-05-14 00:18:15",
        "Lines": "179",
        "Lat": 52.1326,
        "Brigade": "2"
      },
      {
        "Lon": 21.0632,
        "Time": "2017-05-14 00:18:30",
        "Lines": "179",
        "Lat": 52.1342,
        "Brigade": "2"
      },
      {
        "Lon": 21.0621,
        "Time": "2017-05-14 00:18:40",
        "Lines": "179",
        "Lat": 52.1353,
        "Brigade": "2"
      },
      {
        "Lon": 21.0605,
        "Time": "2017-05-14 00:18:55",
        "Lines": "179",
        "Lat": 52.137,
        "Brigade": "2"
      },
      {
        "Lon": 21.0594,
        "Time": "2017-05-14 00:19:05",
        "Lines": "179",
        "Lat": 52.1382,
        "Brigade": "2"
      },
      {
        "Lon": 21.0584,
        "Time": "2017-05-14 00:19:15",
        "Lines": "179",
        "Lat": 52.1393,
        "Brigade": "2"
      },
      {
        "Lon": 21.058,
        "Time": "2017-05-14 00:19:25",
        "Lines": "179",
        "Lat": 52.1397,
        "Brigade": "2"
      },
      {
        "Lon": 21.058,
        "Time": "2017-05-14 00:19:35",
        "Lines": "179",
        "Lat": 52.1397,
        "Brigade": "2"
      },
      {
        "Lon": 21.0578,
        "Time": "2017-05-14 00:19:50",
        "Lines": "179",
        "Lat": 52.1399,
        "Brigade": "2"
      },
      {
        "Lon": 21.057,
        "Time": "2017-05-14 00:20:00",
        "Lines": "179",
        "Lat": 52.1407,
        "Brigade": "2"
      },
      {
        "Lon": 21.056,
        "Time": "2017-05-14 00:20:10",
        "Lines": "179",
        "Lat": 52.1416,
        "Brigade": "2"
      },
      {
        "Lon": 21.0547,
        "Time": "2017-05-14 00:20:20",
        "Lines": "179",
        "Lat": 52.1428,
        "Brigade": "2"
      },
      {
        "Lon": 21.0533,
        "Time": "2017-05-14 00:20:30",
        "Lines": "179",
        "Lat": 52.1441,
        "Brigade": "2"
      },
      {
        "Lon": 21.0517,
        "Time": "2017-05-14 00:20:45",
        "Lines": "179",
        "Lat": 52.1451,
        "Brigade": "2"
      },
      {
        "Lon": 21.0513,
        "Time": "2017-05-14 00:20:55",
        "Lines": "179",
        "Lat": 52.1458,
        "Brigade": "2"
      },
      {
        "Lon": 21.0504,
        "Time": "2017-05-14 00:21:05",
        "Lines": "179",
        "Lat": 52.1467,
        "Brigade": "2"
      },
      {
        "Lon": 21.0489,
        "Time": "2017-05-14 00:21:15",
        "Lines": "179",
        "Lat": 52.1477,
        "Brigade": "2"
      },
      {
        "Lon": 21.0473,
        "Time": "2017-05-14 00:21:25",
        "Lines": "179",
        "Lat": 52.1487,
        "Brigade": "2"
      },
      {
        "Lon": 21.0448,
        "Time": "2017-05-14 00:21:40",
        "Lines": "179",
        "Lat": 52.1501,
        "Brigade": "2"
      },
      {
        "Lon": 21.0433,
        "Time": "2017-05-14 00:21:50",
        "Lines": "179",
        "Lat": 52.1511,
        "Brigade": "2"
      },
      {
        "Lon": 21.0418,
        "Time": "2017-05-14 00:22:00",
        "Lines": "179",
        "Lat": 52.152,
        "Brigade": "2"
      },
      {
        "Lon": 21.0403,
        "Time": "2017-05-14 00:22:10",
        "Lines": "179",
        "Lat": 52.1528,
        "Brigade": "2"
      },
      {
        "Lon": 21.0388,
        "Time": "2017-05-14 00:22:20",
        "Lines": "179",
        "Lat": 52.1537,
        "Brigade": "2"
      },
      {
        "Lon": 21.0373,
        "Time": "2017-05-14 00:22:30",
        "Lines": "179",
        "Lat": 52.1546,
        "Brigade": "2"
      },
      {
        "Lon": 21.035,
        "Time": "2017-05-14 00:22:45",
        "Lines": "179",
        "Lat": 52.156,
        "Brigade": "2"
      },
      {
        "Lon": 21.0333,
        "Time": "2017-05-14 00:22:55",
        "Lines": "179",
        "Lat": 52.157,
        "Brigade": "2"
      },
      {
        "Lon": 21.032,
        "Time": "2017-05-14 00:23:05",
        "Lines": "179",
        "Lat": 52.1578,
        "Brigade": "2"
      },
      {
        "Lon": 21.0318,
        "Time": "2017-05-14 00:23:15",
        "Lines": "179",
        "Lat": 52.1579,
        "Brigade": "2"
      },
      {
        "Lon": 21.0315,
        "Time": "2017-05-14 00:23:30",
        "Lines": "179",
        "Lat": 52.1581,
        "Brigade": "2"
      },
      {
        "Lon": 21.0304,
        "Time": "2017-05-14 00:23:40",
        "Lines": "179",
        "Lat": 52.1587,
        "Brigade": "2"
      },
      {
        "Lon": 21.0294,
        "Time": "2017-05-14 00:23:50",
        "Lines": "179",
        "Lat": 52.1595,
        "Brigade": "2"
      },
      {
        "Lon": 21.0285,
        "Time": "2017-05-14 00:24:00",
        "Lines": "179",
        "Lat": 52.1603,
        "Brigade": "2"
      },
      {
        "Lon": 21.028,
        "Time": "2017-05-14 00:24:10",
        "Lines": "179",
        "Lat": 52.1614,
        "Brigade": "2"
      },
      {
        "Lon": 21.0277,
        "Time": "2017-05-14 00:24:25",
        "Lines": "179",
        "Lat": 52.1636,
        "Brigade": "2"
      },
      {
        "Lon": 21.0275,
        "Time": "2017-05-14 00:24:35",
        "Lines": "179",
        "Lat": 52.1652,
        "Brigade": "2"
      },
      {
        "Lon": 21.0279,
        "Time": "2017-05-14 00:24:45",
        "Lines": "179",
        "Lat": 52.1672,
        "Brigade": "2"
      },
      {
        "Lon": 21.0285,
        "Time": "2017-05-14 00:25:05",
        "Lines": "179",
        "Lat": 52.1665,
        "Brigade": "2"
      },
      {
        "Lon": 21.0258,
        "Time": "2017-05-14 00:25:20",
        "Lines": "179",
        "Lat": 52.1663,
        "Brigade": "2"
      },
      {
        "Lon": 21.0233,
        "Time": "2017-05-14 00:25:30",
        "Lines": "179",
        "Lat": 52.1663,
        "Brigade": "2"
      },
      {
        "Lon": 21.0207,
        "Time": "2017-05-14 00:25:40",
        "Lines": "179",
        "Lat": 52.1664,
        "Brigade": "2"
      },
      {
        "Lon": 21.0182,
        "Time": "2017-05-14 00:25:50",
        "Lines": "179",
        "Lat": 52.1665,
        "Brigade": "2"
      },
      {
        "Lon": 21.0161,
        "Time": "2017-05-14 00:26:00",
        "Lines": "179",
        "Lat": 52.167,
        "Brigade": "2"
      },
      {
        "Lon": 21.0141,
        "Time": "2017-05-14 00:26:10",
        "Lines": "179",
        "Lat": 52.1678,
        "Brigade": "2"
      },
      {
        "Lon": 21.0111,
        "Time": "2017-05-14 00:26:25",
        "Lines": "179",
        "Lat": 52.169,
        "Brigade": "2"
      },
      {
        "Lon": 21.0091,
        "Time": "2017-05-14 00:26:35",
        "Lines": "179",
        "Lat": 52.1699,
        "Brigade": "2"
      },
      {
        "Lon": 21.0072,
        "Time": "2017-05-14 00:26:45",
        "Lines": "179",
        "Lat": 52.1709,
        "Brigade": "2"
      },
      {
        "Lon": 21.0059,
        "Time": "2017-05-14 00:26:55",
        "Lines": "179",
        "Lat": 52.1715,
        "Brigade": "2"
      },
      {
        "Lon": 21.0057,
        "Time": "2017-05-14 00:27:05",
        "Lines": "179",
        "Lat": 52.1715,
        "Brigade": "2"
      },
      {
        "Lon": 21.0057,
        "Time": "2017-05-14 00:27:20",
        "Lines": "179",
        "Lat": 52.1715,
        "Brigade": "2"
      },
      {
        "Lon": 21.0057,
        "Time": "2017-05-14 00:27:30",
        "Lines": "179",
        "Lat": 52.1716,
        "Brigade": "2"
      },
      {
        "Lon": 21.0052,
        "Time": "2017-05-14 00:27:40",
        "Lines": "179",
        "Lat": 52.1718,
        "Brigade": "2"
      },
      {
        "Lon": 21.0041,
        "Time": "2017-05-14 00:27:50",
        "Lines": "179",
        "Lat": 52.1726,
        "Brigade": "2"
      },
      {
        "Lon": 21.0032,
        "Time": "2017-05-14 00:28:00",
        "Lines": "179",
        "Lat": 52.1736,
        "Brigade": "2"
      },
      {
        "Lon": 21.0027,
        "Time": "2017-05-14 00:28:15",
        "Lines": "179",
        "Lat": 52.1756,
        "Brigade": "2"
      },
      {
        "Lon": 21.0026,
        "Time": "2017-05-14 00:28:25",
        "Lines": "179",
        "Lat": 52.177,
        "Brigade": "2"
      },
      {
        "Lon": 21.0025,
        "Time": "2017-05-14 00:28:35",
        "Lines": "179",
        "Lat": 52.1777,
        "Brigade": "2"
      },
      {
        "Lon": 21.0025,
        "Time": "2017-05-14 00:28:45",
        "Lines": "179",
        "Lat": 52.1778,
        "Brigade": "2"
      },
      {
        "Lon": 21.0025,
        "Time": "2017-05-14 00:29:00",
        "Lines": "179",
        "Lat": 52.1778,
        "Brigade": "2"
      },
      {
        "Lon": 21.0025,
        "Time": "2017-05-14 00:29:10",
        "Lines": "179",
        "Lat": 52.1778,
        "Brigade": "2"
      },
      {
        "Lon": 21.0025,
        "Time": "2017-05-14 00:29:20",
        "Lines": "179",
        "Lat": 52.1778,
        "Brigade": "2"
      },
      {
        "Lon": 21.0025,
        "Time": "2017-05-14 00:29:30",
        "Lines": "179",
        "Lat": 52.1783,
        "Brigade": "2"
      },
      {
        "Lon": 21.0025,
        "Time": "2017-05-14 00:29:40",
        "Lines": "179",
        "Lat": 52.1793,
        "Brigade": "2"
      },
      {
        "Lon": 21.0024,
        "Time": "2017-05-14 00:29:55",
        "Lines": "179",
        "Lat": 52.1814,
        "Brigade": "2"
      },
      {
        "Lon": 21.0023,
        "Time": "2017-05-14 00:30:05",
        "Lines": "179",
        "Lat": 52.1826,
        "Brigade": "2"
      },
      {
        "Lon": 21.0023,
        "Time": "2017-05-14 00:30:15",
        "Lines": "179",
        "Lat": 52.183,
        "Brigade": "2"
      },
      {
        "Lon": 21.0023,
        "Time": "2017-05-14 00:30:25",
        "Lines": "179",
        "Lat": 52.183,
        "Brigade": "2"
      },
      {
        "Lon": 21.0023,
        "Time": "2017-05-14 00:30:35",
        "Lines": "179",
        "Lat": 52.183,
        "Brigade": "2"
      },
      {
        "Lon": 21.002,
        "Time": "2017-05-14 00:30:50",
        "Lines": "179",
        "Lat": 52.1834,
        "Brigade": "2"
      },
      {
        "Lon": 21.0005,
        "Time": "2017-05-14 00:31:00",
        "Lines": "179",
        "Lat": 52.1834,
        "Brigade": "2"
      },
      {
        "Lon": 20.9987,
        "Time": "2017-05-14 00:31:10",
        "Lines": "179",
        "Lat": 52.1833,
        "Brigade": "2"
      },
      {
        "Lon": 20.9976,
        "Time": "2017-05-14 00:31:20",
        "Lines": "179",
        "Lat": 52.1834,
        "Brigade": "2"
      },
      {
        "Lon": 20.9976,
        "Time": "2017-05-14 00:31:30",
        "Lines": "179",
        "Lat": 52.184,
        "Brigade": "2"
      },
      {
        "Lon": 20.9975,
        "Time": "2017-05-14 00:31:45",
        "Lines": "179",
        "Lat": 52.1855,
        "Brigade": "2"
      },
      {
        "Lon": 20.9964,
        "Time": "2017-05-14 00:31:55",
        "Lines": "179",
        "Lat": 52.1855,
        "Brigade": "2"
      },
      {
        "Lon": 20.9947,
        "Time": "2017-05-14 00:32:05",
        "Lines": "179",
        "Lat": 52.1855,
        "Brigade": "2"
      },
      {
        "Lon": 20.993,
        "Time": "2017-05-14 00:32:15",
        "Lines": "179",
        "Lat": 52.1855,
        "Brigade": "2"
      },
      {
        "Lon": 20.9929,
        "Time": "2017-05-14 00:32:25",
        "Lines": "179",
        "Lat": 52.1862,
        "Brigade": "2"
      },
      {
        "Lon": 20.9928,
        "Time": "2017-05-14 00:32:40",
        "Lines": "179",
        "Lat": 52.1878,
        "Brigade": "2"
      },
      {
        "Lon": 20.9928,
        "Time": "2017-05-14 00:32:50",
        "Lines": "179",
        "Lat": 52.1887,
        "Brigade": "2"
      },
      {
        "Lon": 20.9953,
        "Time": "2017-05-14 00:33:10",
        "Lines": "179",
        "Lat": 52.1888,
        "Brigade": "2"
      }
    ]
  }
]
