[
  {
    "res": [
      {
        "Lon": 20.9959,
        "Time": "2017-05-14 00:00:12",
        "Lines": "179",
        "Lat": 52.1889,
        "Brigade": "8"
      },
      {
        "Lon": 20.9959,
        "Time": "2017-05-14 00:00:24",
        "Lines": "179",
        "Lat": 52.1888,
        "Brigade": "8"
      },
      {
        "Lon": 20.9959,
        "Time": "2017-05-14 00:00:40",
        "Lines": "179",
        "Lat": 52.1889,
        "Brigade": "8"
      },
      {
        "Lon": 20.9961,
        "Time": "2017-05-14 00:00:53",
        "Lines": "179",
        "Lat": 52.1888,
        "Brigade": "8"
      },
      {
        "Lon": 20.9961,
        "Time": "2017-05-14 00:01:07",
        "Lines": "179",
        "Lat": 52.1888,
        "Brigade": "8"
      },
      {
        "Lon": 20.9961,
        "Time": "2017-05-14 00:01:19",
        "Lines": "179",
        "Lat": 52.1888,
        "Brigade": "8"
      },
      {
        "Lon": 20.9962,
        "Time": "2017-05-14 00:01:31",
        "Lines": "179",
        "Lat": 52.1888,
        "Brigade": "8"
      },
      {
        "Lon": 20.9962,
        "Time": "2017-05-14 00:01:44",
        "Lines": "179",
        "Lat": 52.1887,
        "Brigade": "8"
      },
      {
        "Lon": 20.9962,
        "Time": "2017-05-14 00:01:56",
        "Lines": "179",
        "Lat": 52.1887,
        "Brigade": "8"
      },
      {
        "Lon": 20.9962,
        "Time": "2017-05-14 00:02:09",
        "Lines": "179",
        "Lat": 52.1887,
        "Brigade": "8"
      },
      {
        "Lon": 20.9962,
        "Time": "2017-05-14 00:02:22",
        "Lines": "179",
        "Lat": 52.1886,
        "Brigade": "8"
      },
      {
        "Lon": 20.9962,
        "Time": "2017-05-14 00:02:35",
        "Lines": "179",
        "Lat": 52.1886,
        "Brigade": "8"
      },
      {
        "Lon": 20.9962,
        "Time": "2017-05-14 00:02:48",
        "Lines": "179",
        "Lat": 52.1884,
        "Brigade": "8"
      },
      {
        "Lon": 20.9961,
        "Time": "2017-05-14 00:03:00",
        "Lines": "179",
        "Lat": 52.1883,
        "Brigade": "8"
      },
      {
        "Lon": 20.9961,
        "Time": "2017-05-14 00:03:14",
        "Lines": "179",
        "Lat": 52.1883,
        "Brigade": "8"
      }
    ]
  }
]
