[
  {
    "res": [
      {
        "Lon": 21.0625,
        "Time": "2017-05-14 00:00:13",
        "Lines": "179",
        "Lat": 52.1312,
        "Brigade": "9"
      },
      {
        "Lon": 21.0601,
        "Time": "2017-05-14 00:00:23",
        "Lines": "179",
        "Lat": 52.1312,
        "Brigade": "9"
      },
      {
        "Lon": 21.0579,
        "Time": "2017-05-14 00:00:33",
        "Lines": "179",
        "Lat": 52.1312,
        "Brigade": "9"
      },
      {
        "Lon": 21.0563,
        "Time": "2017-05-14 00:00:43",
        "Lines": "179",
        "Lat": 52.1312,
        "Brigade": "9"
      },
      {
        "Lon": 21.0558,
        "Time": "2017-05-14 00:00:53",
        "Lines": "179",
        "Lat": 52.1318,
        "Brigade": "9"
      },
      {
        "Lon": 21.055,
        "Time": "2017-05-14 00:01:04",
        "Lines": "179",
        "Lat": 52.1328,
        "Brigade": "9"
      },
      {
        "Lon": 21.0537,
        "Time": "2017-05-14 00:01:14",
        "Lines": "179",
        "Lat": 52.1338,
        "Brigade": "9"
      },
      {
        "Lon": 21.0522,
        "Time": "2017-05-14 00:01:24",
        "Lines": "179",
        "Lat": 52.1349,
        "Brigade": "9"
      },
      {
        "Lon": 21.0507,
        "Time": "2017-05-14 00:01:34",
        "Lines": "179",
        "Lat": 52.1361,
        "Brigade": "9"
      },
      {
        "Lon": 21.0499,
        "Time": "2017-05-14 00:01:44",
        "Lines": "179",
        "Lat": 52.137,
        "Brigade": "9"
      },
      {
        "Lon": 21.0497,
        "Time": "2017-05-14 00:02:04",
        "Lines": "179",
        "Lat": 52.1372,
        "Brigade": "9"
      },
      {
        "Lon": 21.0493,
        "Time": "2017-05-14 00:02:14",
        "Lines": "179",
        "Lat": 52.1376,
        "Brigade": "9"
      },
      {
        "Lon": 21.0485,
        "Time": "2017-05-14 00:02:24",
        "Lines": "179",
        "Lat": 52.1385,
        "Brigade": "9"
      },
      {
        "Lon": 21.0475,
        "Time": "2017-05-14 00:02:34",
        "Lines": "179",
        "Lat": 52.1396,
        "Brigade": "9"
      },
      {
        "Lon": 21.0464,
        "Time": "2017-05-14 00:02:45",
        "Lines": "179",
        "Lat": 52.1408,
        "Brigade": "9"
      },
      {
        "Lon": 21.0454,
        "Time": "2017-05-14 00:02:55",
        "Lines": "179",
        "Lat": 52.1418,
        "Brigade": "9"
      },
      {
        "Lon": 21.0451,
        "Time": "2017-05-14 00:03:05",
        "Lines": "179",
        "Lat": 52.1424,
        "Brigade": "9"
      },
      {
        "Lon": 21.0443,
        "Time": "2017-05-14 00:03:15",
        "Lines": "179",
        "Lat": 52.1422,
        "Brigade": "9"
      },
      {
        "Lon": 21.0428,
        "Time": "2017-05-14 00:03:25",
        "Lines": "179",
        "Lat": 52.1417,
        "Brigade": "9"
      },
      {
        "Lon": 21.0407,
        "Time": "2017-05-14 00:03:35",
        "Lines": "179",
        "Lat": 52.1412,
        "Brigade": "9"
      },
      {
        "Lon": 21.0392,
        "Time": "2017-05-14 00:03:45",
        "Lines": "179",
        "Lat": 52.1409,
        "Brigade": "9"
      },
      {
        "Lon": 21.0387,
        "Time": "2017-05-14 00:04:05",
        "Lines": "179",
        "Lat": 52.1427,
        "Brigade": "9"
      },
      {
        "Lon": 21.0383,
        "Time": "2017-05-14 00:04:15",
        "Lines": "179",
        "Lat": 52.1442,
        "Brigade": "9"
      },
      {
        "Lon": 21.0362,
        "Time": "2017-05-14 00:04:35",
        "Lines": "179",
        "Lat": 52.1471,
        "Brigade": "9"
      },
      {
        "Lon": 21.0348,
        "Time": "2017-05-14 00:04:45",
        "Lines": "179",
        "Lat": 52.1484,
        "Brigade": "9"
      },
      {
        "Lon": 21.0333,
        "Time": "2017-05-14 00:04:56",
        "Lines": "179",
        "Lat": 52.1493,
        "Brigade": "9"
      },
      {
        "Lon": 21.0332,
        "Time": "2017-05-14 00:05:06",
        "Lines": "179",
        "Lat": 52.1493,
        "Brigade": "9"
      },
      {
        "Lon": 21.0332,
        "Time": "2017-05-14 00:05:16",
        "Lines": "179",
        "Lat": 52.1493,
        "Brigade": "9"
      },
      {
        "Lon": 21.0324,
        "Time": "2017-05-14 00:05:26",
        "Lines": "179",
        "Lat": 52.1497,
        "Brigade": "9"
      },
      {
        "Lon": 21.0308,
        "Time": "2017-05-14 00:05:36",
        "Lines": "179",
        "Lat": 52.1503,
        "Brigade": "9"
      },
      {
        "Lon": 21.0285,
        "Time": "2017-05-14 00:05:46",
        "Lines": "179",
        "Lat": 52.1509,
        "Brigade": "9"
      },
      {
        "Lon": 21.0273,
        "Time": "2017-05-14 00:06:07",
        "Lines": "179",
        "Lat": 52.1511,
        "Brigade": "9"
      },
      {
        "Lon": 21.0273,
        "Time": "2017-05-14 00:06:17",
        "Lines": "179",
        "Lat": 52.1511,
        "Brigade": "9"
      },
      {
        "Lon": 21.0273,
        "Time": "2017-05-14 00:06:27",
        "Lines": "179",
        "Lat": 52.1511,
        "Brigade": "9"
      },
      {
        "Lon": 21.0271,
        "Time": "2017-05-14 00:06:37",
        "Lines": "179",
        "Lat": 52.1511,
        "Brigade": "9"
      },
      {
        "Lon": 21.0258,
        "Time": "2017-05-14 00:06:47",
        "Lines": "179",
        "Lat": 52.1513,
        "Brigade": "9"
      },
      {
        "Lon": 21.0239,
        "Time": "2017-05-14 00:06:57",
        "Lines": "179",
        "Lat": 52.1517,
        "Brigade": "9"
      },
      {
        "Lon": 21.0216,
        "Time": "2017-05-14 00:07:07",
        "Lines": "179",
        "Lat": 52.1522,
        "Brigade": "9"
      },
      {
        "Lon": 21.0193,
        "Time": "2017-05-14 00:07:17",
        "Lines": "179",
        "Lat": 52.1527,
        "Brigade": "9"
      },
      {
        "Lon": 21.0178,
        "Time": "2017-05-14 00:07:37",
        "Lines": "179",
        "Lat": 52.1543,
        "Brigade": "9"
      },
      {
        "Lon": 21.0178,
        "Time": "2017-05-14 00:07:47",
        "Lines": "179",
        "Lat": 52.1556,
        "Brigade": "9"
      },
      {
        "Lon": 21.0176,
        "Time": "2017-05-14 00:07:57",
        "Lines": "179",
        "Lat": 52.157,
        "Brigade": "9"
      },
      {
        "Lon": 21.0176,
        "Time": "2017-05-14 00:08:07",
        "Lines": "179",
        "Lat": 52.1584,
        "Brigade": "9"
      },
      {
        "Lon": 21.0176,
        "Time": "2017-05-14 00:08:17",
        "Lines": "179",
        "Lat": 52.16,
        "Brigade": "9"
      },
      {
        "Lon": 21.0175,
        "Time": "2017-05-14 00:08:28",
        "Lines": "179",
        "Lat": 52.1617,
        "Brigade": "9"
      },
      {
        "Lon": 21.0175,
        "Time": "2017-05-14 00:08:37",
        "Lines": "179",
        "Lat": 52.1634,
        "Brigade": "9"
      },
      {
        "Lon": 21.0176,
        "Time": "2017-05-14 00:08:48",
        "Lines": "179",
        "Lat": 52.1651,
        "Brigade": "9"
      },
      {
        "Lon": 21.0173,
        "Time": "2017-05-14 00:08:58",
        "Lines": "179",
        "Lat": 52.1665,
        "Brigade": "9"
      },
      {
        "Lon": 21.0154,
        "Time": "2017-05-14 00:09:08",
        "Lines": "179",
        "Lat": 52.1675,
        "Brigade": "9"
      },
      {
        "Lon": 21.0106,
        "Time": "2017-05-14 00:09:28",
        "Lines": "179",
        "Lat": 52.1692,
        "Brigade": "9"
      },
      {
        "Lon": 21.0085,
        "Time": "2017-05-14 00:09:38",
        "Lines": "179",
        "Lat": 52.1702,
        "Brigade": "9"
      },
      {
        "Lon": 21.0063,
        "Time": "2017-05-14 00:09:48",
        "Lines": "179",
        "Lat": 52.1712,
        "Brigade": "9"
      },
      {
        "Lon": 21.0045,
        "Time": "2017-05-14 00:09:58",
        "Lines": "179",
        "Lat": 52.1722,
        "Brigade": "9"
      },
      {
        "Lon": 21.0025,
        "Time": "2017-05-14 00:11:29",
        "Lines": "179",
        "Lat": 52.1777,
        "Brigade": "9"
      },
      {
        "Lon": 21.0025,
        "Time": "2017-05-14 00:11:39",
        "Lines": "179",
        "Lat": 52.1777,
        "Brigade": "9"
      },
      {
        "Lon": 21.0025,
        "Time": "2017-05-14 00:11:49",
        "Lines": "179",
        "Lat": 52.1777,
        "Brigade": "9"
      },
      {
        "Lon": 21.0025,
        "Time": "2017-05-14 00:11:59",
        "Lines": "179",
        "Lat": 52.1777,
        "Brigade": "9"
      },
      {
        "Lon": 21.0024,
        "Time": "2017-05-14 00:12:10",
        "Lines": "179",
        "Lat": 52.1783,
        "Brigade": "9"
      },
      {
        "Lon": 21.0024,
        "Time": "2017-05-14 00:12:20",
        "Lines": "179",
        "Lat": 52.1794,
        "Brigade": "9"
      },
      {
        "Lon": 21.0024,
        "Time": "2017-05-14 00:12:30",
        "Lines": "179",
        "Lat": 52.1808,
        "Brigade": "9"
      },
      {
        "Lon": 21.0023,
        "Time": "2017-05-14 00:12:40",
        "Lines": "179",
        "Lat": 52.182,
        "Brigade": "9"
      },
      {
        "Lon": 21.0023,
        "Time": "2017-05-14 00:13:10",
        "Lines": "179",
        "Lat": 52.1829,
        "Brigade": "9"
      },
      {
        "Lon": 21.0023,
        "Time": "2017-05-14 00:13:30",
        "Lines": "179",
        "Lat": 52.1834,
        "Brigade": "9"
      },
      {
        "Lon": 21.0022,
        "Time": "2017-05-14 00:13:40",
        "Lines": "179",
        "Lat": 52.1844,
        "Brigade": "9"
      },
      {
        "Lon": 21.0022,
        "Time": "2017-05-14 00:13:51",
        "Lines": "179",
        "Lat": 52.1854,
        "Brigade": "9"
      },
      {
        "Lon": 21.0021,
        "Time": "2017-05-14 00:14:01",
        "Lines": "179",
        "Lat": 52.1856,
        "Brigade": "9"
      },
      {
        "Lon": 21.0021,
        "Time": "2017-05-14 00:14:11",
        "Lines": "179",
        "Lat": 52.1856,
        "Brigade": "9"
      },
      {
        "Lon": 21.0021,
        "Time": "2017-05-14 00:14:21",
        "Lines": "179",
        "Lat": 52.1856,
        "Brigade": "9"
      },
      {
        "Lon": 21.0021,
        "Time": "2017-05-14 00:14:31",
        "Lines": "179",
        "Lat": 52.1856,
        "Brigade": "9"
      },
      {
        "Lon": 21.0021,
        "Time": "2017-05-14 00:14:51",
        "Lines": "179",
        "Lat": 52.1856,
        "Brigade": "9"
      },
      {
        "Lon": 21.0021,
        "Time": "2017-05-14 00:15:01",
        "Lines": "179",
        "Lat": 52.1856,
        "Brigade": "9"
      },
      {
        "Lon": 21.0018,
        "Time": "2017-05-14 00:15:11",
        "Lines": "179",
        "Lat": 52.1856,
        "Brigade": "9"
      },
      {
        "Lon": 21.0006,
        "Time": "2017-05-14 00:15:21",
        "Lines": "179",
        "Lat": 52.1856,
        "Brigade": "9"
      },
      {
        "Lon": 20.999,
        "Time": "2017-05-14 00:15:32",
        "Lines": "179",
        "Lat": 52.1855,
        "Brigade": "9"
      },
      {
        "Lon": 20.9977,
        "Time": "2017-05-14 00:15:42",
        "Lines": "179",
        "Lat": 52.1855,
        "Brigade": "9"
      },
      {
        "Lon": 20.9961,
        "Time": "2017-05-14 00:15:52",
        "Lines": "179",
        "Lat": 52.1855,
        "Brigade": "9"
      },
      {
        "Lon": 20.9942,
        "Time": "2017-05-14 00:16:02",
        "Lines": "179",
        "Lat": 52.1855,
        "Brigade": "9"
      },
      {
        "Lon": 20.9928,
        "Time": "2017-05-14 00:16:42",
        "Lines": "179",
        "Lat": 52.1886,
        "Brigade": "9"
      },
      {
        "Lon": 20.9951,
        "Time": "2017-05-14 00:17:03",
        "Lines": "179",
        "Lat": 52.1888,
        "Brigade": "9"
      },
      {
        "Lon": 20.9957,
        "Time": "2017-05-14 00:17:13",
        "Lines": "179",
        "Lat": 52.1889,
        "Brigade": "9"
      },
      {
        "Lon": 20.9957,
        "Time": "2017-05-14 00:17:23",
        "Lines": "179",
        "Lat": 52.1889,
        "Brigade": "9"
      },
      {
        "Lon": 20.9958,
        "Time": "2017-05-14 00:17:33",
        "Lines": "179",
        "Lat": 52.1889,
        "Brigade": "9"
      },
      {
        "Lon": 20.9958,
        "Time": "2017-05-14 00:17:43",
        "Lines": "179",
        "Lat": 52.1889,
        "Brigade": "9"
      },
      {
        "Lon": 20.9958,
        "Time": "2017-05-14 00:17:53",
        "Lines": "179",
        "Lat": 52.1889,
        "Brigade": "9"
      },
      {
        "Lon": 20.996,
        "Time": "2017-05-14 00:18:13",
        "Lines": "179",
        "Lat": 52.1889,
        "Brigade": "9"
      }
    ]
  }
]
