[
  {
    "res": [
      {
        "Lon": 21.11,
        "Time": "2017-05-14 00:00:10",
        "Lines": "188",
        "Lat": 52.2451,
        "Brigade": "5"
      },
      {
        "Lon": 21.1117,
        "Time": "2017-05-14 00:00:24",
        "Lines": "188",
        "Lat": 52.2448,
        "Brigade": "5"
      },
      {
        "Lon": 21.1144,
        "Time": "2017-05-14 00:00:45",
        "Lines": "188",
        "Lat": 52.2444,
        "Brigade": "5"
      },
      {
        "Lon": 21.1144,
        "Time": "2017-05-14 00:00:58",
        "Lines": "188",
        "Lat": 52.2444,
        "Brigade": "5"
      },
      {
        "Lon": 21.115,
        "Time": "2017-05-14 00:01:05",
        "Lines": "188",
        "Lat": 52.2443,
        "Brigade": "5"
      },
      {
        "Lon": 21.1179,
        "Time": "2017-05-14 00:01:22",
        "Lines": "188",
        "Lat": 52.2442,
        "Brigade": "5"
      },
      {
        "Lon": 21.1182,
        "Time": "2017-05-14 00:01:27",
        "Lines": "188",
        "Lat": 52.2442,
        "Brigade": "5"
      },
      {
        "Lon": 21.1182,
        "Time": "2017-05-14 00:01:41",
        "Lines": "188",
        "Lat": 52.2442,
        "Brigade": "5"
      },
      {
        "Lon": 21.1182,
        "Time": "2017-05-14 00:01:47",
        "Lines": "188",
        "Lat": 52.2442,
        "Brigade": "5"
      },
      {
        "Lon": 21.1195,
        "Time": "2017-05-14 00:02:03",
        "Lines": "188",
        "Lat": 52.2442,
        "Brigade": "5"
      },
      {
        "Lon": 21.1204,
        "Time": "2017-05-14 00:02:12",
        "Lines": "188",
        "Lat": 52.2439,
        "Brigade": "5"
      },
      {
        "Lon": 21.1215,
        "Time": "2017-05-14 00:02:19",
        "Lines": "188",
        "Lat": 52.2435,
        "Brigade": "5"
      },
      {
        "Lon": 21.1241,
        "Time": "2017-05-14 00:02:35",
        "Lines": "188",
        "Lat": 52.2422,
        "Brigade": "5"
      },
      {
        "Lon": 21.1243,
        "Time": "2017-05-14 00:02:46",
        "Lines": "188",
        "Lat": 52.2421,
        "Brigade": "5"
      },
      {
        "Lon": 21.1243,
        "Time": "2017-05-14 00:02:54",
        "Lines": "188",
        "Lat": 52.2421,
        "Brigade": "5"
      },
      {
        "Lon": 21.1259,
        "Time": "2017-05-14 00:03:09",
        "Lines": "188",
        "Lat": 52.2413,
        "Brigade": "5"
      },
      {
        "Lon": 21.1272,
        "Time": "2017-05-14 00:03:17",
        "Lines": "188",
        "Lat": 52.2407,
        "Brigade": "5"
      },
      {
        "Lon": 21.1281,
        "Time": "2017-05-14 00:03:31",
        "Lines": "188",
        "Lat": 52.2402,
        "Brigade": "5"
      },
      {
        "Lon": 21.1281,
        "Time": "2017-05-14 00:03:39",
        "Lines": "188",
        "Lat": 52.2402,
        "Brigade": "5"
      },
      {
        "Lon": 21.1289,
        "Time": "2017-05-14 00:03:54",
        "Lines": "188",
        "Lat": 52.2397,
        "Brigade": "5"
      },
      {
        "Lon": 21.1292,
        "Time": "2017-05-14 00:04:01",
        "Lines": "188",
        "Lat": 52.2397,
        "Brigade": "5"
      },
      {
        "Lon": 21.129,
        "Time": "2017-05-14 00:04:15",
        "Lines": "188",
        "Lat": 52.2401,
        "Brigade": "5"
      },
      {
        "Lon": 21.129,
        "Time": "2017-05-14 00:04:24",
        "Lines": "188",
        "Lat": 52.2401,
        "Brigade": "5"
      },
      {
        "Lon": 21.129,
        "Time": "2017-05-14 00:04:32",
        "Lines": "188",
        "Lat": 52.2401,
        "Brigade": "5"
      },
      {
        "Lon": 21.129,
        "Time": "2017-05-14 00:04:48",
        "Lines": "188",
        "Lat": 52.2401,
        "Brigade": "5"
      },
      {
        "Lon": 21.129,
        "Time": "2017-05-14 00:04:56",
        "Lines": "188",
        "Lat": 52.2401,
        "Brigade": "5"
      },
      {
        "Lon": 21.129,
        "Time": "2017-05-14 00:05:11",
        "Lines": "188",
        "Lat": 52.2401,
        "Brigade": "5"
      },
      {
        "Lon": 21.129,
        "Time": "2017-05-14 00:05:19",
        "Lines": "188",
        "Lat": 52.2401,
        "Brigade": "5"
      },
      {
        "Lon": 21.129,
        "Time": "2017-05-14 00:05:27",
        "Lines": "188",
        "Lat": 52.24,
        "Brigade": "5"
      }
    ]
  }
]
