[
  {
    "res": [
      {
        "Lon": 21.0017,
        "Time": "2017-05-14 00:00:04",
        "Lines": "189",
        "Lat": 52.1781,
        "Brigade": "1"
      },
      {
        "Lon": 21.0017,
        "Time": "2017-05-14 00:00:36",
        "Lines": "189",
        "Lat": 52.1781,
        "Brigade": "1"
      },
      {
        "Lon": 21.0022,
        "Time": "2017-05-14 00:00:54",
        "Lines": "189",
        "Lat": 52.178,
        "Brigade": "1"
      },
      {
        "Lon": 21.0026,
        "Time": "2017-05-14 00:01:11",
        "Lines": "189",
        "Lat": 52.1782,
        "Brigade": "1"
      },
      {
        "Lon": 21.0026,
        "Time": "2017-05-14 00:01:28",
        "Lines": "189",
        "Lat": 52.1787,
        "Brigade": "1"
      },
      {
        "Lon": 21.0026,
        "Time": "2017-05-14 00:01:43",
        "Lines": "189",
        "Lat": 52.1791,
        "Brigade": "1"
      },
      {
        "Lon": 21.0026,
        "Time": "2017-05-14 00:02:00",
        "Lines": "189",
        "Lat": 52.1791,
        "Brigade": "1"
      },
      {
        "Lon": 21.0026,
        "Time": "2017-05-14 00:02:17",
        "Lines": "189",
        "Lat": 52.1791,
        "Brigade": "1"
      },
      {
        "Lon": 21.0025,
        "Time": "2017-05-14 00:02:33",
        "Lines": "189",
        "Lat": 52.1804,
        "Brigade": "1"
      },
      {
        "Lon": 21.0024,
        "Time": "2017-05-14 00:02:52",
        "Lines": "189",
        "Lat": 52.1821,
        "Brigade": "1"
      },
      {
        "Lon": 21.0024,
        "Time": "2017-05-14 00:03:10",
        "Lines": "189",
        "Lat": 52.1832,
        "Brigade": "1"
      },
      {
        "Lon": 21.0023,
        "Time": "2017-05-14 00:03:25",
        "Lines": "189",
        "Lat": 52.185,
        "Brigade": "1"
      },
      {
        "Lon": 21.0023,
        "Time": "2017-05-14 00:03:42",
        "Lines": "189",
        "Lat": 52.1855,
        "Brigade": "1"
      },
      {
        "Lon": 21.0023,
        "Time": "2017-05-14 00:03:59",
        "Lines": "189",
        "Lat": 52.1855,
        "Brigade": "1"
      },
      {
        "Lon": 21.0023,
        "Time": "2017-05-14 00:04:16",
        "Lines": "189",
        "Lat": 52.1855,
        "Brigade": "1"
      },
      {
        "Lon": 21.0023,
        "Time": "2017-05-14 00:04:32",
        "Lines": "189",
        "Lat": 52.1855,
        "Brigade": "1"
      },
      {
        "Lon": 21.002,
        "Time": "2017-05-14 00:04:50",
        "Lines": "189",
        "Lat": 52.1856,
        "Brigade": "1"
      },
      {
        "Lon": 21,
        "Time": "2017-05-14 00:05:05",
        "Lines": "189",
        "Lat": 52.1856,
        "Brigade": "1"
      },
      {
        "Lon": 20.9985,
        "Time": "2017-05-14 00:05:22",
        "Lines": "189",
        "Lat": 52.1856,
        "Brigade": "1"
      },
      {
        "Lon": 20.9965,
        "Time": "2017-05-14 00:05:37",
        "Lines": "189",
        "Lat": 52.1856,
        "Brigade": "1"
      },
      {
        "Lon": 20.9941,
        "Time": "2017-05-14 00:05:53",
        "Lines": "189",
        "Lat": 52.1855,
        "Brigade": "1"
      },
      {
        "Lon": 20.9929,
        "Time": "2017-05-14 00:06:23",
        "Lines": "189",
        "Lat": 52.1858,
        "Brigade": "1"
      },
      {
        "Lon": 20.9928,
        "Time": "2017-05-14 00:06:39",
        "Lines": "189",
        "Lat": 52.1886,
        "Brigade": "1"
      },
      {
        "Lon": 20.9937,
        "Time": "2017-05-14 00:06:54",
        "Lines": "189",
        "Lat": 52.1888,
        "Brigade": "1"
      }
    ]
  }
]
