[
  {
    "res": [
      {
        "Lon": 20.9096,
        "Time": "2017-05-14 00:00:06",
        "Lines": "189",
        "Lat": 52.1952,
        "Brigade": "4"
      },
      {
        "Lon": 20.9099,
        "Time": "2017-05-14 00:00:16",
        "Lines": "189",
        "Lat": 52.1951,
        "Brigade": "4"
      },
      {
        "Lon": 20.9109,
        "Time": "2017-05-14 00:00:36",
        "Lines": "189",
        "Lat": 52.1961,
        "Brigade": "4"
      },
      {
        "Lon": 20.9116,
        "Time": "2017-05-14 00:00:46",
        "Lines": "189",
        "Lat": 52.1968,
        "Brigade": "4"
      },
      {
        "Lon": 20.9123,
        "Time": "2017-05-14 00:00:56",
        "Lines": "189",
        "Lat": 52.1977,
        "Brigade": "4"
      },
      {
        "Lon": 20.9131,
        "Time": "2017-05-14 00:01:06",
        "Lines": "189",
        "Lat": 52.1986,
        "Brigade": "4"
      },
      {
        "Lon": 20.9138,
        "Time": "2017-05-14 00:01:16",
        "Lines": "189",
        "Lat": 52.1993,
        "Brigade": "4"
      },
      {
        "Lon": 20.9142,
        "Time": "2017-05-14 00:01:26",
        "Lines": "189",
        "Lat": 52.1997,
        "Brigade": "4"
      },
      {
        "Lon": 20.9151,
        "Time": "2017-05-14 00:01:36",
        "Lines": "189",
        "Lat": 52.1995,
        "Brigade": "4"
      },
      {
        "Lon": 20.9164,
        "Time": "2017-05-14 00:01:46",
        "Lines": "189",
        "Lat": 52.1992,
        "Brigade": "4"
      },
      {
        "Lon": 20.9175,
        "Time": "2017-05-14 00:01:56",
        "Lines": "189",
        "Lat": 52.1988,
        "Brigade": "4"
      },
      {
        "Lon": 20.9187,
        "Time": "2017-05-14 00:02:06",
        "Lines": "189",
        "Lat": 52.1985,
        "Brigade": "4"
      },
      {
        "Lon": 20.9212,
        "Time": "2017-05-14 00:02:26",
        "Lines": "189",
        "Lat": 52.1979,
        "Brigade": "4"
      },
      {
        "Lon": 20.9223,
        "Time": "2017-05-14 00:02:36",
        "Lines": "189",
        "Lat": 52.1977,
        "Brigade": "4"
      },
      {
        "Lon": 20.9232,
        "Time": "2017-05-14 00:02:46",
        "Lines": "189",
        "Lat": 52.1974,
        "Brigade": "4"
      },
      {
        "Lon": 20.9238,
        "Time": "2017-05-14 00:03:18",
        "Lines": "189",
        "Lat": 52.197,
        "Brigade": "4"
      },
      {
        "Lon": 20.9238,
        "Time": "2017-05-14 00:03:28",
        "Lines": "189",
        "Lat": 52.197,
        "Brigade": "4"
      },
      {
        "Lon": 20.9237,
        "Time": "2017-05-14 00:03:38",
        "Lines": "189",
        "Lat": 52.1969,
        "Brigade": "4"
      },
      {
        "Lon": 20.9237,
        "Time": "2017-05-14 00:03:49",
        "Lines": "189",
        "Lat": 52.1968,
        "Brigade": "4"
      },
      {
        "Lon": 20.9237,
        "Time": "2017-05-14 00:03:59",
        "Lines": "189",
        "Lat": 52.1968,
        "Brigade": "4"
      },
      {
        "Lon": 20.9235,
        "Time": "2017-05-14 00:04:09",
        "Lines": "189",
        "Lat": 52.1967,
        "Brigade": "4"
      },
      {
        "Lon": 20.9235,
        "Time": "2017-05-14 00:04:19",
        "Lines": "189",
        "Lat": 52.1967,
        "Brigade": "4"
      }
    ]
  }
]
