[
  {
    "res": [
      {
        "Lon": 21.0025,
        "Time": "2017-05-14 00:00:09",
        "Lines": "189",
        "Lat": 52.1797,
        "Brigade": "9"
      },
      {
        "Lon": 21.0024,
        "Time": "2017-05-14 00:00:24",
        "Lines": "189",
        "Lat": 52.1817,
        "Brigade": "9"
      },
      {
        "Lon": 21.0023,
        "Time": "2017-05-14 00:00:34",
        "Lines": "189",
        "Lat": 52.1827,
        "Brigade": "9"
      },
      {
        "Lon": 21.0023,
        "Time": "2017-05-14 00:00:44",
        "Lines": "189",
        "Lat": 52.183,
        "Brigade": "9"
      },
      {
        "Lon": 21.0023,
        "Time": "2017-05-14 00:00:54",
        "Lines": "189",
        "Lat": 52.1831,
        "Brigade": "9"
      },
      {
        "Lon": 21.0024,
        "Time": "2017-05-14 00:01:04",
        "Lines": "189",
        "Lat": 52.183,
        "Brigade": "9"
      },
      {
        "Lon": 21.0023,
        "Time": "2017-05-14 00:01:19",
        "Lines": "189",
        "Lat": 52.1833,
        "Brigade": "9"
      },
      {
        "Lon": 21.001,
        "Time": "2017-05-14 00:01:29",
        "Lines": "189",
        "Lat": 52.1834,
        "Brigade": "9"
      },
      {
        "Lon": 20.9989,
        "Time": "2017-05-14 00:01:39",
        "Lines": "189",
        "Lat": 52.1833,
        "Brigade": "9"
      },
      {
        "Lon": 20.9977,
        "Time": "2017-05-14 00:01:49",
        "Lines": "189",
        "Lat": 52.1834,
        "Brigade": "9"
      },
      {
        "Lon": 20.9976,
        "Time": "2017-05-14 00:01:59",
        "Lines": "189",
        "Lat": 52.1842,
        "Brigade": "9"
      },
      {
        "Lon": 20.9976,
        "Time": "2017-05-14 00:02:09",
        "Lines": "189",
        "Lat": 52.1854,
        "Brigade": "9"
      },
      {
        "Lon": 20.9966,
        "Time": "2017-05-14 00:02:19",
        "Lines": "189",
        "Lat": 52.1856,
        "Brigade": "9"
      },
      {
        "Lon": 20.9936,
        "Time": "2017-05-14 00:02:34",
        "Lines": "189",
        "Lat": 52.1855,
        "Brigade": "9"
      },
      {
        "Lon": 20.9929,
        "Time": "2017-05-14 00:02:44",
        "Lines": "189",
        "Lat": 52.1858,
        "Brigade": "9"
      },
      {
        "Lon": 20.9929,
        "Time": "2017-05-14 00:02:54",
        "Lines": "189",
        "Lat": 52.1869,
        "Brigade": "9"
      },
      {
        "Lon": 20.9928,
        "Time": "2017-05-14 00:03:04",
        "Lines": "189",
        "Lat": 52.1882,
        "Brigade": "9"
      },
      {
        "Lon": 20.9936,
        "Time": "2017-05-14 00:03:19",
        "Lines": "189",
        "Lat": 52.1888,
        "Brigade": "9"
      },
      {
        "Lon": 20.9952,
        "Time": "2017-05-14 00:03:29",
        "Lines": "189",
        "Lat": 52.1888,
        "Brigade": "9"
      },
      {
        "Lon": 20.9958,
        "Time": "2017-05-14 00:03:39",
        "Lines": "189",
        "Lat": 52.1888,
        "Brigade": "9"
      },
      {
        "Lon": 20.9958,
        "Time": "2017-05-14 00:03:49",
        "Lines": "189",
        "Lat": 52.1888,
        "Brigade": "9"
      }
    ]
  }
]
