[
  {
    "res": [
      {
        "Lon": 21.0744,
        "Time": "2017-05-14 00:00:10",
        "Lines": "190",
        "Lat": 52.2856,
        "Brigade": "10"
      },
      {
        "Lon": 21.0751,
        "Time": "2017-05-14 00:00:20",
        "Lines": "190",
        "Lat": 52.2865,
        "Brigade": "10"
      },
      {
        "Lon": 21.0758,
        "Time": "2017-05-14 00:00:30",
        "Lines": "190",
        "Lat": 52.2873,
        "Brigade": "10"
      },
      {
        "Lon": 21.0762,
        "Time": "2017-05-14 00:00:40",
        "Lines": "190",
        "Lat": 52.2878,
        "Brigade": "10"
      },
      {
        "Lon": 21.0761,
        "Time": "2017-05-14 00:00:55",
        "Lines": "190",
        "Lat": 52.2878,
        "Brigade": "10"
      },
      {
        "Lon": 21.0761,
        "Time": "2017-05-14 00:01:05",
        "Lines": "190",
        "Lat": 52.2878,
        "Brigade": "10"
      },
      {
        "Lon": 21.0765,
        "Time": "2017-05-14 00:01:15",
        "Lines": "190",
        "Lat": 52.2882,
        "Brigade": "10"
      },
      {
        "Lon": 21.0773,
        "Time": "2017-05-14 00:01:25",
        "Lines": "190",
        "Lat": 52.2892,
        "Brigade": "10"
      },
      {
        "Lon": 21.0787,
        "Time": "2017-05-14 00:01:40",
        "Lines": "190",
        "Lat": 52.2909,
        "Brigade": "10"
      },
      {
        "Lon": 21.0793,
        "Time": "2017-05-14 00:01:50",
        "Lines": "190",
        "Lat": 52.2916,
        "Brigade": "10"
      },
      {
        "Lon": 21.0794,
        "Time": "2017-05-14 00:01:59",
        "Lines": "190",
        "Lat": 52.2917,
        "Brigade": "10"
      },
      {
        "Lon": 21.0794,
        "Time": "2017-05-14 00:02:10",
        "Lines": "190",
        "Lat": 52.2918,
        "Brigade": "10"
      },
      {
        "Lon": 21.0799,
        "Time": "2017-05-14 00:02:20",
        "Lines": "190",
        "Lat": 52.2924,
        "Brigade": "10"
      },
      {
        "Lon": 21.0808,
        "Time": "2017-05-14 00:02:30",
        "Lines": "190",
        "Lat": 52.2935,
        "Brigade": "10"
      },
      {
        "Lon": 21.0817,
        "Time": "2017-05-14 00:02:42",
        "Lines": "190",
        "Lat": 52.2945,
        "Brigade": "10"
      },
      {
        "Lon": 21.0817,
        "Time": "2017-05-14 00:02:55",
        "Lines": "190",
        "Lat": 52.2946,
        "Brigade": "10"
      },
      {
        "Lon": 21.0819,
        "Time": "2017-05-14 00:03:05",
        "Lines": "190",
        "Lat": 52.2948,
        "Brigade": "10"
      },
      {
        "Lon": 21.0826,
        "Time": "2017-05-14 00:03:15",
        "Lines": "190",
        "Lat": 52.2957,
        "Brigade": "10"
      },
      {
        "Lon": 21.0836,
        "Time": "2017-05-14 00:03:25",
        "Lines": "190",
        "Lat": 52.2969,
        "Brigade": "10"
      },
      {
        "Lon": 21.0852,
        "Time": "2017-05-14 00:03:40",
        "Lines": "190",
        "Lat": 52.2988,
        "Brigade": "10"
      },
      {
        "Lon": 21.0862,
        "Time": "2017-05-14 00:03:50",
        "Lines": "190",
        "Lat": 52.2999,
        "Brigade": "10"
      },
      {
        "Lon": 21.0869,
        "Time": "2017-05-14 00:04:00",
        "Lines": "190",
        "Lat": 52.3008,
        "Brigade": "10"
      },
      {
        "Lon": 21.087,
        "Time": "2017-05-14 00:04:11",
        "Lines": "190",
        "Lat": 52.3009,
        "Brigade": "10"
      },
      {
        "Lon": 21.087,
        "Time": "2017-05-14 00:04:20",
        "Lines": "190",
        "Lat": 52.3009,
        "Brigade": "10"
      },
      {
        "Lon": 21.0878,
        "Time": "2017-05-14 00:04:35",
        "Lines": "190",
        "Lat": 52.3021,
        "Brigade": "10"
      },
      {
        "Lon": 21.0884,
        "Time": "2017-05-14 00:04:45",
        "Lines": "190",
        "Lat": 52.3028,
        "Brigade": "10"
      },
      {
        "Lon": 21.0886,
        "Time": "2017-05-14 00:04:55",
        "Lines": "190",
        "Lat": 52.3031,
        "Brigade": "10"
      },
      {
        "Lon": 21.0886,
        "Time": "2017-05-14 00:05:05",
        "Lines": "190",
        "Lat": 52.3031,
        "Brigade": "10"
      },
      {
        "Lon": 21.0886,
        "Time": "2017-05-14 00:05:15",
        "Lines": "190",
        "Lat": 52.3031,
        "Brigade": "10"
      },
      {
        "Lon": 21.0886,
        "Time": "2017-05-14 00:05:30",
        "Lines": "190",
        "Lat": 52.3031,
        "Brigade": "10"
      },
      {
        "Lon": 21.0886,
        "Time": "2017-05-14 00:05:35",
        "Lines": "190",
        "Lat": 52.3031,
        "Brigade": "10"
      },
      {
        "Lon": 21.0882,
        "Time": "2017-05-14 00:05:50",
        "Lines": "190",
        "Lat": 52.3035,
        "Brigade": "10"
      },
      {
        "Lon": 21.0866,
        "Time": "2017-05-14 00:06:00",
        "Lines": "190",
        "Lat": 52.3036,
        "Brigade": "10"
      },
      {
        "Lon": 21.0854,
        "Time": "2017-05-14 00:06:15",
        "Lines": "190",
        "Lat": 52.3039,
        "Brigade": "10"
      },
      {
        "Lon": 21.0852,
        "Time": "2017-05-14 00:06:25",
        "Lines": "190",
        "Lat": 52.3044,
        "Brigade": "10"
      },
      {
        "Lon": 21.0854,
        "Time": "2017-05-14 00:06:35",
        "Lines": "190",
        "Lat": 52.3049,
        "Brigade": "10"
      },
      {
        "Lon": 21.0854,
        "Time": "2017-05-14 00:06:45",
        "Lines": "190",
        "Lat": 52.305,
        "Brigade": "10"
      },
      {
        "Lon": 21.0854,
        "Time": "2017-05-14 00:06:55",
        "Lines": "190",
        "Lat": 52.3051,
        "Brigade": "10"
      },
      {
        "Lon": 21.0854,
        "Time": "2017-05-14 00:07:05",
        "Lines": "190",
        "Lat": 52.3051,
        "Brigade": "10"
      },
      {
        "Lon": 21.0854,
        "Time": "2017-05-14 00:07:20",
        "Lines": "190",
        "Lat": 52.3051,
        "Brigade": "10"
      },
      {
        "Lon": 21.0854,
        "Time": "2017-05-14 00:07:30",
        "Lines": "190",
        "Lat": 52.3051,
        "Brigade": "10"
      },
      {
        "Lon": 21.0854,
        "Time": "2017-05-14 00:07:40",
        "Lines": "190",
        "Lat": 52.3051,
        "Brigade": "10"
      },
      {
        "Lon": 21.0854,
        "Time": "2017-05-14 00:07:55",
        "Lines": "190",
        "Lat": 52.3051,
        "Brigade": "10"
      },
      {
        "Lon": 21.0854,
        "Time": "2017-05-14 00:08:05",
        "Lines": "190",
        "Lat": 52.3051,
        "Brigade": "10"
      },
      {
        "Lon": 21.0854,
        "Time": "2017-05-14 00:08:15",
        "Lines": "190",
        "Lat": 52.3051,
        "Brigade": "10"
      },
      {
        "Lon": 21.0854,
        "Time": "2017-05-14 00:08:25",
        "Lines": "190",
        "Lat": 52.3051,
        "Brigade": "10"
      },
      {
        "Lon": 21.0854,
        "Time": "2017-05-14 00:08:35",
        "Lines": "190",
        "Lat": 52.3051,
        "Brigade": "10"
      },
      {
        "Lon": 21.0854,
        "Time": "2017-05-14 00:08:50",
        "Lines": "190",
        "Lat": 52.3051,
        "Brigade": "10"
      },
      {
        "Lon": 21.0854,
        "Time": "2017-05-14 00:09:00",
        "Lines": "190",
        "Lat": 52.3051,
        "Brigade": "10"
      },
      {
        "Lon": 21.0854,
        "Time": "2017-05-14 00:09:10",
        "Lines": "190",
        "Lat": 52.3051,
        "Brigade": "10"
      },
      {
        "Lon": 21.0854,
        "Time": "2017-05-14 00:09:25",
        "Lines": "190",
        "Lat": 52.3051,
        "Brigade": "10"
      },
      {
        "Lon": 21.0854,
        "Time": "2017-05-14 00:09:35",
        "Lines": "190",
        "Lat": 52.3051,
        "Brigade": "10"
      },
      {
        "Lon": 21.0854,
        "Time": "2017-05-14 00:09:45",
        "Lines": "190",
        "Lat": 52.3051,
        "Brigade": "10"
      },
      {
        "Lon": 21.0853,
        "Time": "2017-05-14 00:09:55",
        "Lines": "190",
        "Lat": 52.3051,
        "Brigade": "10"
      },
      {
        "Lon": 21.0854,
        "Time": "2017-05-14 00:11:25",
        "Lines": "190",
        "Lat": 52.3051,
        "Brigade": "10"
      },
      {
        "Lon": 21.0854,
        "Time": "2017-05-14 00:11:35",
        "Lines": "190",
        "Lat": 52.3051,
        "Brigade": "10"
      },
      {
        "Lon": 21.0854,
        "Time": "2017-05-14 00:11:45",
        "Lines": "190",
        "Lat": 52.3051,
        "Brigade": "10"
      },
      {
        "Lon": 21.0853,
        "Time": "2017-05-14 00:12:00",
        "Lines": "190",
        "Lat": 52.3051,
        "Brigade": "10"
      },
      {
        "Lon": 21.0853,
        "Time": "2017-05-14 00:12:10",
        "Lines": "190",
        "Lat": 52.3051,
        "Brigade": "10"
      },
      {
        "Lon": 21.0853,
        "Time": "2017-05-14 00:12:20",
        "Lines": "190",
        "Lat": 52.3051,
        "Brigade": "10"
      },
      {
        "Lon": 21.0853,
        "Time": "2017-05-14 00:12:30",
        "Lines": "190",
        "Lat": 52.3051,
        "Brigade": "10"
      },
      {
        "Lon": 21.0853,
        "Time": "2017-05-14 00:12:45",
        "Lines": "190",
        "Lat": 52.3051,
        "Brigade": "10"
      },
      {
        "Lon": 21.0853,
        "Time": "2017-05-14 00:12:55",
        "Lines": "190",
        "Lat": 52.3051,
        "Brigade": "10"
      },
      {
        "Lon": 21.0853,
        "Time": "2017-05-14 00:13:05",
        "Lines": "190",
        "Lat": 52.3051,
        "Brigade": "10"
      },
      {
        "Lon": 21.0853,
        "Time": "2017-05-14 00:13:15",
        "Lines": "190",
        "Lat": 52.3051,
        "Brigade": "10"
      },
      {
        "Lon": 21.0851,
        "Time": "2017-05-14 00:13:25",
        "Lines": "190",
        "Lat": 52.3052,
        "Brigade": "10"
      },
      {
        "Lon": 21.085,
        "Time": "2017-05-14 00:13:40",
        "Lines": "190",
        "Lat": 52.3047,
        "Brigade": "10"
      },
      {
        "Lon": 21.0852,
        "Time": "2017-05-14 00:13:50",
        "Lines": "190",
        "Lat": 52.3043,
        "Brigade": "10"
      },
      {
        "Lon": 21.0856,
        "Time": "2017-05-14 00:14:00",
        "Lines": "190",
        "Lat": 52.3036,
        "Brigade": "10"
      },
      {
        "Lon": 21.0862,
        "Time": "2017-05-14 00:14:15",
        "Lines": "190",
        "Lat": 52.3034,
        "Brigade": "10"
      },
      {
        "Lon": 21.0878,
        "Time": "2017-05-14 00:14:25",
        "Lines": "190",
        "Lat": 52.3035,
        "Brigade": "10"
      },
      {
        "Lon": 21.0886,
        "Time": "2017-05-14 00:14:35",
        "Lines": "190",
        "Lat": 52.3032,
        "Brigade": "10"
      },
      {
        "Lon": 21.0881,
        "Time": "2017-05-14 00:14:45",
        "Lines": "190",
        "Lat": 52.3027,
        "Brigade": "10"
      },
      {
        "Lon": 21.088,
        "Time": "2017-05-14 00:14:55",
        "Lines": "190",
        "Lat": 52.3026,
        "Brigade": "10"
      },
      {
        "Lon": 21.0879,
        "Time": "2017-05-14 00:15:10",
        "Lines": "190",
        "Lat": 52.3024,
        "Brigade": "10"
      },
      {
        "Lon": 21.0873,
        "Time": "2017-05-14 00:15:20",
        "Lines": "190",
        "Lat": 52.3016,
        "Brigade": "10"
      },
      {
        "Lon": 21.0865,
        "Time": "2017-05-14 00:15:30",
        "Lines": "190",
        "Lat": 52.3006,
        "Brigade": "10"
      },
      {
        "Lon": 21.0857,
        "Time": "2017-05-14 00:15:40",
        "Lines": "190",
        "Lat": 52.2996,
        "Brigade": "10"
      },
      {
        "Lon": 21.0854,
        "Time": "2017-05-14 00:15:50",
        "Lines": "190",
        "Lat": 52.2992,
        "Brigade": "10"
      },
      {
        "Lon": 21.0851,
        "Time": "2017-05-14 00:16:05",
        "Lines": "190",
        "Lat": 52.2987,
        "Brigade": "10"
      },
      {
        "Lon": 21.0833,
        "Time": "2017-05-14 00:16:25",
        "Lines": "190",
        "Lat": 52.2965,
        "Brigade": "10"
      },
      {
        "Lon": 21.0822,
        "Time": "2017-05-14 00:16:35",
        "Lines": "190",
        "Lat": 52.2952,
        "Brigade": "10"
      },
      {
        "Lon": 21.0815,
        "Time": "2017-05-14 00:16:50",
        "Lines": "190",
        "Lat": 52.2943,
        "Brigade": "10"
      },
      {
        "Lon": 21.0809,
        "Time": "2017-05-14 00:17:00",
        "Lines": "190",
        "Lat": 52.2936,
        "Brigade": "10"
      },
      {
        "Lon": 21.0806,
        "Time": "2017-05-14 00:17:05",
        "Lines": "190",
        "Lat": 52.2934,
        "Brigade": "10"
      },
      {
        "Lon": 21.0777,
        "Time": "2017-05-14 00:17:20",
        "Lines": "190",
        "Lat": 52.2899,
        "Brigade": "10"
      },
      {
        "Lon": 21.0768,
        "Time": "2017-05-14 00:17:45",
        "Lines": "190",
        "Lat": 52.2888,
        "Brigade": "10"
      },
      {
        "Lon": 21.0759,
        "Time": "2017-05-14 00:17:55",
        "Lines": "190",
        "Lat": 52.2877,
        "Brigade": "10"
      },
      {
        "Lon": 21.0755,
        "Time": "2017-05-14 00:18:10",
        "Lines": "190",
        "Lat": 52.2873,
        "Brigade": "10"
      },
      {
        "Lon": 21.0755,
        "Time": "2017-05-14 00:18:20",
        "Lines": "190",
        "Lat": 52.2873,
        "Brigade": "10"
      },
      {
        "Lon": 21.0755,
        "Time": "2017-05-14 00:18:30",
        "Lines": "190",
        "Lat": 52.2873,
        "Brigade": "10"
      },
      {
        "Lon": 21.0755,
        "Time": "2017-05-14 00:18:40",
        "Lines": "190",
        "Lat": 52.2873,
        "Brigade": "10"
      },
      {
        "Lon": 21.0755,
        "Time": "2017-05-14 00:18:50",
        "Lines": "190",
        "Lat": 52.2872,
        "Brigade": "10"
      },
      {
        "Lon": 21.0749,
        "Time": "2017-05-14 00:19:00",
        "Lines": "190",
        "Lat": 52.2865,
        "Brigade": "10"
      },
      {
        "Lon": 21.0747,
        "Time": "2017-05-14 00:19:15",
        "Lines": "190",
        "Lat": 52.2863,
        "Brigade": "10"
      },
      {
        "Lon": 21.0745,
        "Time": "2017-05-14 00:19:25",
        "Lines": "190",
        "Lat": 52.2861,
        "Brigade": "10"
      },
      {
        "Lon": 21.0738,
        "Time": "2017-05-14 00:19:35",
        "Lines": "190",
        "Lat": 52.2852,
        "Brigade": "10"
      },
      {
        "Lon": 21.0729,
        "Time": "2017-05-14 00:19:45",
        "Lines": "190",
        "Lat": 52.2841,
        "Brigade": "10"
      },
      {
        "Lon": 21.0721,
        "Time": "2017-05-14 00:19:55",
        "Lines": "190",
        "Lat": 52.2832,
        "Brigade": "10"
      },
      {
        "Lon": 21.0718,
        "Time": "2017-05-14 00:20:10",
        "Lines": "190",
        "Lat": 52.2829,
        "Brigade": "10"
      },
      {
        "Lon": 21.0713,
        "Time": "2017-05-14 00:20:20",
        "Lines": "190",
        "Lat": 52.2822,
        "Brigade": "10"
      },
      {
        "Lon": 21.0708,
        "Time": "2017-05-14 00:20:25",
        "Lines": "190",
        "Lat": 52.2816,
        "Brigade": "10"
      },
      {
        "Lon": 21.0691,
        "Time": "2017-05-14 00:20:50",
        "Lines": "190",
        "Lat": 52.2796,
        "Brigade": "10"
      },
      {
        "Lon": 21.0686,
        "Time": "2017-05-14 00:21:05",
        "Lines": "190",
        "Lat": 52.2789,
        "Brigade": "10"
      },
      {
        "Lon": 21.0677,
        "Time": "2017-05-14 00:21:15",
        "Lines": "190",
        "Lat": 52.2778,
        "Brigade": "10"
      },
      {
        "Lon": 21.0668,
        "Time": "2017-05-14 00:21:25",
        "Lines": "190",
        "Lat": 52.2767,
        "Brigade": "10"
      },
      {
        "Lon": 21.0665,
        "Time": "2017-05-14 00:21:35",
        "Lines": "190",
        "Lat": 52.2764,
        "Brigade": "10"
      },
      {
        "Lon": 21.0663,
        "Time": "2017-05-14 00:21:50",
        "Lines": "190",
        "Lat": 52.2761,
        "Brigade": "10"
      },
      {
        "Lon": 21.0663,
        "Time": "2017-05-14 00:21:55",
        "Lines": "190",
        "Lat": 52.276,
        "Brigade": "10"
      },
      {
        "Lon": 21.0662,
        "Time": "2017-05-14 00:22:10",
        "Lines": "190",
        "Lat": 52.276,
        "Brigade": "10"
      },
      {
        "Lon": 21.0659,
        "Time": "2017-05-14 00:22:20",
        "Lines": "190",
        "Lat": 52.2757,
        "Brigade": "10"
      },
      {
        "Lon": 21.0651,
        "Time": "2017-05-14 00:22:30",
        "Lines": "190",
        "Lat": 52.2746,
        "Brigade": "10"
      },
      {
        "Lon": 21.0636,
        "Time": "2017-05-14 00:22:45",
        "Lines": "190",
        "Lat": 52.2728,
        "Brigade": "10"
      },
      {
        "Lon": 21.0632,
        "Time": "2017-05-14 00:22:55",
        "Lines": "190",
        "Lat": 52.2723,
        "Brigade": "10"
      },
      {
        "Lon": 21.0632,
        "Time": "2017-05-14 00:23:05",
        "Lines": "190",
        "Lat": 52.2723,
        "Brigade": "10"
      },
      {
        "Lon": 21.0631,
        "Time": "2017-05-14 00:23:15",
        "Lines": "190",
        "Lat": 52.2722,
        "Brigade": "10"
      },
      {
        "Lon": 21.0624,
        "Time": "2017-05-14 00:23:25",
        "Lines": "190",
        "Lat": 52.2713,
        "Brigade": "10"
      },
      {
        "Lon": 21.0614,
        "Time": "2017-05-14 00:23:35",
        "Lines": "190",
        "Lat": 52.2701,
        "Brigade": "10"
      },
      {
        "Lon": 21.0598,
        "Time": "2017-05-14 00:23:50",
        "Lines": "190",
        "Lat": 52.2682,
        "Brigade": "10"
      },
      {
        "Lon": 21.0588,
        "Time": "2017-05-14 00:24:00",
        "Lines": "190",
        "Lat": 52.267,
        "Brigade": "10"
      },
      {
        "Lon": 21.0585,
        "Time": "2017-05-14 00:24:10",
        "Lines": "190",
        "Lat": 52.2666,
        "Brigade": "10"
      },
      {
        "Lon": 21.0585,
        "Time": "2017-05-14 00:24:20",
        "Lines": "190",
        "Lat": 52.2666,
        "Brigade": "10"
      },
      {
        "Lon": 21.0582,
        "Time": "2017-05-14 00:24:30",
        "Lines": "190",
        "Lat": 52.2662,
        "Brigade": "10"
      },
      {
        "Lon": 21.0567,
        "Time": "2017-05-14 00:24:45",
        "Lines": "190",
        "Lat": 52.2647,
        "Brigade": "10"
      },
      {
        "Lon": 21.0548,
        "Time": "2017-05-14 00:24:55",
        "Lines": "190",
        "Lat": 52.2635,
        "Brigade": "10"
      },
      {
        "Lon": 21.0531,
        "Time": "2017-05-14 00:25:05",
        "Lines": "190",
        "Lat": 52.2628,
        "Brigade": "10"
      },
      {
        "Lon": 21.0511,
        "Time": "2017-05-14 00:25:15",
        "Lines": "190",
        "Lat": 52.2619,
        "Brigade": "10"
      },
      {
        "Lon": 21.0494,
        "Time": "2017-05-14 00:25:25",
        "Lines": "190",
        "Lat": 52.2611,
        "Brigade": "10"
      },
      {
        "Lon": 21.0476,
        "Time": "2017-05-14 00:25:35",
        "Lines": "190",
        "Lat": 52.2603,
        "Brigade": "10"
      },
      {
        "Lon": 21.0474,
        "Time": "2017-05-14 00:25:50",
        "Lines": "190",
        "Lat": 52.2603,
        "Brigade": "10"
      },
      {
        "Lon": 21.0471,
        "Time": "2017-05-14 00:26:00",
        "Lines": "190",
        "Lat": 52.2601,
        "Brigade": "10"
      },
      {
        "Lon": 21.0464,
        "Time": "2017-05-14 00:26:10",
        "Lines": "190",
        "Lat": 52.2598,
        "Brigade": "10"
      },
      {
        "Lon": 21.0464,
        "Time": "2017-05-14 00:26:20",
        "Lines": "190",
        "Lat": 52.2598,
        "Brigade": "10"
      },
      {
        "Lon": 21.0457,
        "Time": "2017-05-14 00:26:30",
        "Lines": "190",
        "Lat": 52.2595,
        "Brigade": "10"
      },
      {
        "Lon": 21.0442,
        "Time": "2017-05-14 00:26:40",
        "Lines": "190",
        "Lat": 52.2589,
        "Brigade": "10"
      },
      {
        "Lon": 21.0413,
        "Time": "2017-05-14 00:26:55",
        "Lines": "190",
        "Lat": 52.2576,
        "Brigade": "10"
      },
      {
        "Lon": 21.04,
        "Time": "2017-05-14 00:27:07",
        "Lines": "190",
        "Lat": 52.2571,
        "Brigade": "10"
      },
      {
        "Lon": 21.0399,
        "Time": "2017-05-14 00:27:15",
        "Lines": "190",
        "Lat": 52.257,
        "Brigade": "10"
      },
      {
        "Lon": 21.0382,
        "Time": "2017-05-14 00:27:34",
        "Lines": "190",
        "Lat": 52.2562,
        "Brigade": "10"
      },
      {
        "Lon": 21.0368,
        "Time": "2017-05-14 00:27:44",
        "Lines": "190",
        "Lat": 52.2556,
        "Brigade": "10"
      },
      {
        "Lon": 21.0364,
        "Time": "2017-05-14 00:27:54",
        "Lines": "190",
        "Lat": 52.2554,
        "Brigade": "10"
      },
      {
        "Lon": 21.0364,
        "Time": "2017-05-14 00:28:04",
        "Lines": "190",
        "Lat": 52.2554,
        "Brigade": "10"
      },
      {
        "Lon": 21.0364,
        "Time": "2017-05-14 00:28:14",
        "Lines": "190",
        "Lat": 52.2554,
        "Brigade": "10"
      },
      {
        "Lon": 21.0364,
        "Time": "2017-05-14 00:28:29",
        "Lines": "190",
        "Lat": 52.2553,
        "Brigade": "10"
      },
      {
        "Lon": 21.0365,
        "Time": "2017-05-14 00:28:39",
        "Lines": "190",
        "Lat": 52.2553,
        "Brigade": "10"
      },
      {
        "Lon": 21.0365,
        "Time": "2017-05-14 00:28:49",
        "Lines": "190",
        "Lat": 52.2553,
        "Brigade": "10"
      },
      {
        "Lon": 21.0364,
        "Time": "2017-05-14 00:28:59",
        "Lines": "190",
        "Lat": 52.2552,
        "Brigade": "10"
      },
      {
        "Lon": 21.0357,
        "Time": "2017-05-14 00:29:09",
        "Lines": "190",
        "Lat": 52.2548,
        "Brigade": "10"
      },
      {
        "Lon": 21.0355,
        "Time": "2017-05-14 00:29:24",
        "Lines": "190",
        "Lat": 52.2547,
        "Brigade": "10"
      },
      {
        "Lon": 21.0352,
        "Time": "2017-05-14 00:29:34",
        "Lines": "190",
        "Lat": 52.2548,
        "Brigade": "10"
      },
      {
        "Lon": 21.0349,
        "Time": "2017-05-14 00:29:44",
        "Lines": "190",
        "Lat": 52.2551,
        "Brigade": "10"
      },
      {
        "Lon": 21.0347,
        "Time": "2017-05-14 00:29:54",
        "Lines": "190",
        "Lat": 52.2552,
        "Brigade": "10"
      },
      {
        "Lon": 21.0347,
        "Time": "2017-05-14 00:30:07",
        "Lines": "190",
        "Lat": 52.2553,
        "Brigade": "10"
      },
      {
        "Lon": 21.0346,
        "Time": "2017-05-14 00:30:19",
        "Lines": "190",
        "Lat": 52.2553,
        "Brigade": "10"
      },
      {
        "Lon": 21.0346,
        "Time": "2017-05-14 00:30:29",
        "Lines": "190",
        "Lat": 52.2553,
        "Brigade": "10"
      },
      {
        "Lon": 21.0346,
        "Time": "2017-05-14 00:30:39",
        "Lines": "190",
        "Lat": 52.2553,
        "Brigade": "10"
      },
      {
        "Lon": 21.0344,
        "Time": "2017-05-14 00:30:49",
        "Lines": "190",
        "Lat": 52.2554,
        "Brigade": "10"
      },
      {
        "Lon": 21.0347,
        "Time": "2017-05-14 00:30:59",
        "Lines": "190",
        "Lat": 52.2556,
        "Brigade": "10"
      },
      {
        "Lon": 21.036,
        "Time": "2017-05-14 00:31:14",
        "Lines": "190",
        "Lat": 52.2561,
        "Brigade": "10"
      },
      {
        "Lon": 21.0372,
        "Time": "2017-05-14 00:31:24",
        "Lines": "190",
        "Lat": 52.2566,
        "Brigade": "10"
      },
      {
        "Lon": 21.0383,
        "Time": "2017-05-14 00:31:34",
        "Lines": "190",
        "Lat": 52.2572,
        "Brigade": "10"
      },
      {
        "Lon": 21.0392,
        "Time": "2017-05-14 00:31:44",
        "Lines": "190",
        "Lat": 52.2576,
        "Brigade": "10"
      },
      {
        "Lon": 21.04,
        "Time": "2017-05-14 00:31:59",
        "Lines": "190",
        "Lat": 52.2582,
        "Brigade": "10"
      },
      {
        "Lon": 21.0399,
        "Time": "2017-05-14 00:32:09",
        "Lines": "190",
        "Lat": 52.2584,
        "Brigade": "10"
      },
      {
        "Lon": 21.0396,
        "Time": "2017-05-14 00:32:19",
        "Lines": "190",
        "Lat": 52.2586,
        "Brigade": "10"
      },
      {
        "Lon": 21.0391,
        "Time": "2017-05-14 00:32:29",
        "Lines": "190",
        "Lat": 52.2592,
        "Brigade": "10"
      },
      {
        "Lon": 21.0395,
        "Time": "2017-05-14 00:32:39",
        "Lines": "190",
        "Lat": 52.2595,
        "Brigade": "10"
      },
      {
        "Lon": 21.0416,
        "Time": "2017-05-14 00:32:54",
        "Lines": "190",
        "Lat": 52.2604,
        "Brigade": "10"
      },
      {
        "Lon": 21.0429,
        "Time": "2017-05-14 00:33:04",
        "Lines": "190",
        "Lat": 52.261,
        "Brigade": "10"
      },
      {
        "Lon": 21.0442,
        "Time": "2017-05-14 00:33:14",
        "Lines": "190",
        "Lat": 52.2617,
        "Brigade": "10"
      }
    ]
  }
]
