[
  {
    "res": [
      {
        "Lon": 20.9231,
        "Time": "2017-05-14 00:00:08",
        "Lines": "190",
        "Lat": 52.1965,
        "Brigade": "14"
      },
      {
        "Lon": 20.923,
        "Time": "2017-05-14 00:00:18",
        "Lines": "190",
        "Lat": 52.1965,
        "Brigade": "14"
      },
      {
        "Lon": 20.923,
        "Time": "2017-05-14 00:00:28",
        "Lines": "190",
        "Lat": 52.1965,
        "Brigade": "14"
      },
      {
        "Lon": 20.9228,
        "Time": "2017-05-14 00:00:38",
        "Lines": "190",
        "Lat": 52.1966,
        "Brigade": "14"
      },
      {
        "Lon": 20.9224,
        "Time": "2017-05-14 00:00:58",
        "Lines": "190",
        "Lat": 52.1968,
        "Brigade": "14"
      },
      {
        "Lon": 20.9222,
        "Time": "2017-05-14 00:01:08",
        "Lines": "190",
        "Lat": 52.197,
        "Brigade": "14"
      },
      {
        "Lon": 20.9221,
        "Time": "2017-05-14 00:01:18",
        "Lines": "190",
        "Lat": 52.197,
        "Brigade": "14"
      }
    ]
  }
]
