[
  {
    "res": [
      {
        "Lon": 20.9977,
        "Time": "2017-05-14 00:00:11",
        "Lines": "192",
        "Lat": 52.1834,
        "Brigade": "7"
      },
      {
        "Lon": 20.9976,
        "Time": "2017-05-14 00:00:21",
        "Lines": "192",
        "Lat": 52.1842,
        "Brigade": "7"
      },
      {
        "Lon": 20.9974,
        "Time": "2017-05-14 00:00:36",
        "Lines": "192",
        "Lat": 52.1855,
        "Brigade": "7"
      },
      {
        "Lon": 20.9958,
        "Time": "2017-05-14 00:00:46",
        "Lines": "192",
        "Lat": 52.1855,
        "Brigade": "7"
      },
      {
        "Lon": 20.9948,
        "Time": "2017-05-14 00:00:51",
        "Lines": "192",
        "Lat": 52.1855,
        "Brigade": "7"
      },
      {
        "Lon": 20.9929,
        "Time": "2017-05-14 00:01:06",
        "Lines": "192",
        "Lat": 52.1857,
        "Brigade": "7"
      },
      {
        "Lon": 20.9929,
        "Time": "2017-05-14 00:01:16",
        "Lines": "192",
        "Lat": 52.1866,
        "Brigade": "7"
      },
      {
        "Lon": 20.9928,
        "Time": "2017-05-14 00:01:31",
        "Lines": "192",
        "Lat": 52.1884,
        "Brigade": "7"
      },
      {
        "Lon": 20.9933,
        "Time": "2017-05-14 00:01:41",
        "Lines": "192",
        "Lat": 52.1888,
        "Brigade": "7"
      },
      {
        "Lon": 20.9949,
        "Time": "2017-05-14 00:01:51",
        "Lines": "192",
        "Lat": 52.1888,
        "Brigade": "7"
      },
      {
        "Lon": 20.9959,
        "Time": "2017-05-14 00:02:01",
        "Lines": "192",
        "Lat": 52.1888,
        "Brigade": "7"
      },
      {
        "Lon": 20.9959,
        "Time": "2017-05-14 00:02:11",
        "Lines": "192",
        "Lat": 52.1888,
        "Brigade": "7"
      },
      {
        "Lon": 20.9959,
        "Time": "2017-05-14 00:02:21",
        "Lines": "192",
        "Lat": 52.1888,
        "Brigade": "7"
      },
      {
        "Lon": 20.9959,
        "Time": "2017-05-14 00:02:36",
        "Lines": "192",
        "Lat": 52.1888,
        "Brigade": "7"
      },
      {
        "Lon": 20.9959,
        "Time": "2017-05-14 00:02:46",
        "Lines": "192",
        "Lat": 52.1888,
        "Brigade": "7"
      },
      {
        "Lon": 20.9961,
        "Time": "2017-05-14 00:02:56",
        "Lines": "192",
        "Lat": 52.1888,
        "Brigade": "7"
      },
      {
        "Lon": 20.9961,
        "Time": "2017-05-14 00:03:06",
        "Lines": "192",
        "Lat": 52.1889,
        "Brigade": "7"
      },
      {
        "Lon": 20.9961,
        "Time": "2017-05-14 00:03:16",
        "Lines": "192",
        "Lat": 52.1889,
        "Brigade": "7"
      }
    ]
  }
]
