[
  {
    "res": [
      {
        "Lon": 20.9226,
        "Time": "2017-05-14 00:00:01",
        "Lines": "203",
        "Lat": 52.2769,
        "Brigade": "1"
      },
      {
        "Lon": 20.9222,
        "Time": "2017-05-14 00:00:17",
        "Lines": "203",
        "Lat": 52.2766,
        "Brigade": "1"
      },
      {
        "Lon": 20.9219,
        "Time": "2017-05-14 00:00:26",
        "Lines": "203",
        "Lat": 52.2765,
        "Brigade": "1"
      },
      {
        "Lon": 20.9205,
        "Time": "2017-05-14 00:00:39",
        "Lines": "203",
        "Lat": 52.2759,
        "Brigade": "1"
      },
      {
        "Lon": 20.9194,
        "Time": "2017-05-14 00:00:46",
        "Lines": "203",
        "Lat": 52.2754,
        "Brigade": "1"
      },
      {
        "Lon": 20.9172,
        "Time": "2017-05-14 00:01:00",
        "Lines": "203",
        "Lat": 52.2743,
        "Brigade": "1"
      },
      {
        "Lon": 20.916,
        "Time": "2017-05-14 00:01:12",
        "Lines": "203",
        "Lat": 52.2739,
        "Brigade": "1"
      },
      {
        "Lon": 20.9159,
        "Time": "2017-05-14 00:01:15",
        "Lines": "203",
        "Lat": 52.2738,
        "Brigade": "1"
      },
      {
        "Lon": 20.9151,
        "Time": "2017-05-14 00:01:31",
        "Lines": "203",
        "Lat": 52.2734,
        "Brigade": "1"
      },
      {
        "Lon": 20.9136,
        "Time": "2017-05-14 00:01:42",
        "Lines": "203",
        "Lat": 52.2727,
        "Brigade": "1"
      },
      {
        "Lon": 20.9123,
        "Time": "2017-05-14 00:01:53",
        "Lines": "203",
        "Lat": 52.2729,
        "Brigade": "1"
      },
      {
        "Lon": 20.9114,
        "Time": "2017-05-14 00:02:03",
        "Lines": "203",
        "Lat": 52.2731,
        "Brigade": "1"
      },
      {
        "Lon": 20.911,
        "Time": "2017-05-14 00:02:18",
        "Lines": "203",
        "Lat": 52.2732,
        "Brigade": "1"
      },
      {
        "Lon": 20.9095,
        "Time": "2017-05-14 00:02:26",
        "Lines": "203",
        "Lat": 52.2736,
        "Brigade": "1"
      },
      {
        "Lon": 20.9073,
        "Time": "2017-05-14 00:02:37",
        "Lines": "203",
        "Lat": 52.2741,
        "Brigade": "1"
      },
      {
        "Lon": 20.9052,
        "Time": "2017-05-14 00:02:49",
        "Lines": "203",
        "Lat": 52.2746,
        "Brigade": "1"
      },
      {
        "Lon": 20.9033,
        "Time": "2017-05-14 00:03:01",
        "Lines": "203",
        "Lat": 52.275,
        "Brigade": "1"
      },
      {
        "Lon": 20.9028,
        "Time": "2017-05-14 00:03:11",
        "Lines": "203",
        "Lat": 52.2752,
        "Brigade": "1"
      },
      {
        "Lon": 20.9027,
        "Time": "2017-05-14 00:03:21",
        "Lines": "203",
        "Lat": 52.2751,
        "Brigade": "1"
      },
      {
        "Lon": 20.9035,
        "Time": "2017-05-14 00:03:31",
        "Lines": "203",
        "Lat": 52.275,
        "Brigade": "1"
      },
      {
        "Lon": 20.9044,
        "Time": "2017-05-14 00:03:42",
        "Lines": "203",
        "Lat": 52.2748,
        "Brigade": "1"
      },
      {
        "Lon": 20.9044,
        "Time": "2017-05-14 00:03:56",
        "Lines": "203",
        "Lat": 52.2748,
        "Brigade": "1"
      },
      {
        "Lon": 20.9044,
        "Time": "2017-05-14 00:04:07",
        "Lines": "203",
        "Lat": 52.2748,
        "Brigade": "1"
      },
      {
        "Lon": 20.9044,
        "Time": "2017-05-14 00:04:16",
        "Lines": "203",
        "Lat": 52.2748,
        "Brigade": "1"
      }
    ]
  }
]
