[
  {
    "res": [
      {
        "Lon": 20.9958,
        "Time": "2017-05-14 00:00:06",
        "Lines": "217",
        "Lat": 52.1882,
        "Brigade": "3"
      },
      {
        "Lon": 20.9958,
        "Time": "2017-05-14 00:00:22",
        "Lines": "217",
        "Lat": 52.1882,
        "Brigade": "3"
      },
      {
        "Lon": 20.9958,
        "Time": "2017-05-14 00:00:39",
        "Lines": "217",
        "Lat": 52.1881,
        "Brigade": "3"
      },
      {
        "Lon": 20.9958,
        "Time": "2017-05-14 00:00:54",
        "Lines": "217",
        "Lat": 52.1881,
        "Brigade": "3"
      },
      {
        "Lon": 20.9958,
        "Time": "2017-05-14 00:01:11",
        "Lines": "217",
        "Lat": 52.1881,
        "Brigade": "3"
      }
    ]
  }
]
