[
  {
    "res": [
      {
        "Lon": 21.1154,
        "Time": "2017-05-14 00:00:13",
        "Lines": "502",
        "Lat": 52.2329,
        "Brigade": "335"
      },
      {
        "Lon": 21.1138,
        "Time": "2017-05-14 00:00:21",
        "Lines": "502",
        "Lat": 52.2331,
        "Brigade": "335"
      },
      {
        "Lon": 21.1124,
        "Time": "2017-05-14 00:00:28",
        "Lines": "502",
        "Lat": 52.2333,
        "Brigade": "335"
      },
      {
        "Lon": 21.1081,
        "Time": "2017-05-14 00:00:48",
        "Lines": "502",
        "Lat": 52.2337,
        "Brigade": "335"
      },
      {
        "Lon": 21.1071,
        "Time": "2017-05-14 00:00:55",
        "Lines": "502",
        "Lat": 52.2339,
        "Brigade": "335"
      },
      {
        "Lon": 21.1067,
        "Time": "2017-05-14 00:01:11",
        "Lines": "502",
        "Lat": 52.2339,
        "Brigade": "335"
      },
      {
        "Lon": 21.1066,
        "Time": "2017-05-14 00:01:20",
        "Lines": "502",
        "Lat": 52.2339,
        "Brigade": "335"
      },
      {
        "Lon": 21.1057,
        "Time": "2017-05-14 00:01:30",
        "Lines": "502",
        "Lat": 52.234,
        "Brigade": "335"
      },
      {
        "Lon": 21.1045,
        "Time": "2017-05-14 00:01:38",
        "Lines": "502",
        "Lat": 52.2342,
        "Brigade": "335"
      },
      {
        "Lon": 21.1029,
        "Time": "2017-05-14 00:01:46",
        "Lines": "502",
        "Lat": 52.2343,
        "Brigade": "335"
      },
      {
        "Lon": 21.1009,
        "Time": "2017-05-14 00:01:55",
        "Lines": "502",
        "Lat": 52.2345,
        "Brigade": "335"
      },
      {
        "Lon": 21.0988,
        "Time": "2017-05-14 00:02:23",
        "Lines": "502",
        "Lat": 52.2348,
        "Brigade": "335"
      },
      {
        "Lon": 21.0984,
        "Time": "2017-05-14 00:02:36",
        "Lines": "502",
        "Lat": 52.2348,
        "Brigade": "335"
      },
      {
        "Lon": 21.098,
        "Time": "2017-05-14 00:02:48",
        "Lines": "502",
        "Lat": 52.2349,
        "Brigade": "335"
      },
      {
        "Lon": 21.098,
        "Time": "2017-05-14 00:02:56",
        "Lines": "502",
        "Lat": 52.2349,
        "Brigade": "335"
      },
      {
        "Lon": 21.098,
        "Time": "2017-05-14 00:03:03",
        "Lines": "502",
        "Lat": 52.2349,
        "Brigade": "335"
      },
      {
        "Lon": 21.098,
        "Time": "2017-05-14 00:03:22",
        "Lines": "502",
        "Lat": 52.2349,
        "Brigade": "335"
      },
      {
        "Lon": 21.0976,
        "Time": "2017-05-14 00:03:29",
        "Lines": "502",
        "Lat": 52.2349,
        "Brigade": "335"
      },
      {
        "Lon": 21.0966,
        "Time": "2017-05-14 00:03:37",
        "Lines": "502",
        "Lat": 52.235,
        "Brigade": "335"
      },
      {
        "Lon": 21.0939,
        "Time": "2017-05-14 00:03:52",
        "Lines": "502",
        "Lat": 52.2353,
        "Brigade": "335"
      },
      {
        "Lon": 21.0923,
        "Time": "2017-05-14 00:04:00",
        "Lines": "502",
        "Lat": 52.2355,
        "Brigade": "335"
      },
      {
        "Lon": 21.0892,
        "Time": "2017-05-14 00:04:16",
        "Lines": "502",
        "Lat": 52.236,
        "Brigade": "335"
      },
      {
        "Lon": 21.088,
        "Time": "2017-05-14 00:04:28",
        "Lines": "502",
        "Lat": 52.2362,
        "Brigade": "335"
      },
      {
        "Lon": 21.088,
        "Time": "2017-05-14 00:04:34",
        "Lines": "502",
        "Lat": 52.2362,
        "Brigade": "335"
      },
      {
        "Lon": 21.0872,
        "Time": "2017-05-14 00:04:51",
        "Lines": "502",
        "Lat": 52.2363,
        "Brigade": "335"
      },
      {
        "Lon": 21.0872,
        "Time": "2017-05-14 00:04:58",
        "Lines": "502",
        "Lat": 52.2363,
        "Brigade": "335"
      },
      {
        "Lon": 21.0872,
        "Time": "2017-05-14 00:05:06",
        "Lines": "502",
        "Lat": 52.2363,
        "Brigade": "335"
      },
      {
        "Lon": 21.0872,
        "Time": "2017-05-14 00:05:21",
        "Lines": "502",
        "Lat": 52.2363,
        "Brigade": "335"
      },
      {
        "Lon": 21.0867,
        "Time": "2017-05-14 00:05:27",
        "Lines": "502",
        "Lat": 52.2363,
        "Brigade": "335"
      },
      {
        "Lon": 21.0842,
        "Time": "2017-05-14 00:05:44",
        "Lines": "502",
        "Lat": 52.2361,
        "Brigade": "335"
      },
      {
        "Lon": 21.0822,
        "Time": "2017-05-14 00:05:56",
        "Lines": "502",
        "Lat": 52.2359,
        "Brigade": "335"
      },
      {
        "Lon": 21.0816,
        "Time": "2017-05-14 00:06:05",
        "Lines": "502",
        "Lat": 52.2358,
        "Brigade": "335"
      },
      {
        "Lon": 21.0816,
        "Time": "2017-05-14 00:06:16",
        "Lines": "502",
        "Lat": 52.2358,
        "Brigade": "335"
      },
      {
        "Lon": 21.0809,
        "Time": "2017-05-14 00:06:28",
        "Lines": "502",
        "Lat": 52.2357,
        "Brigade": "335"
      },
      {
        "Lon": 21.0799,
        "Time": "2017-05-14 00:06:36",
        "Lines": "502",
        "Lat": 52.2356,
        "Brigade": "335"
      },
      {
        "Lon": 21.0786,
        "Time": "2017-05-14 00:06:44",
        "Lines": "502",
        "Lat": 52.2354,
        "Brigade": "335"
      },
      {
        "Lon": 21.0768,
        "Time": "2017-05-14 00:06:59",
        "Lines": "502",
        "Lat": 52.2344,
        "Brigade": "335"
      },
      {
        "Lon": 21.0759,
        "Time": "2017-05-14 00:07:07",
        "Lines": "502",
        "Lat": 52.2336,
        "Brigade": "335"
      },
      {
        "Lon": 21.0735,
        "Time": "2017-05-14 00:07:23",
        "Lines": "502",
        "Lat": 52.2321,
        "Brigade": "335"
      },
      {
        "Lon": 21.072,
        "Time": "2017-05-14 00:07:31",
        "Lines": "502",
        "Lat": 52.2314,
        "Brigade": "335"
      },
      {
        "Lon": 21.0691,
        "Time": "2017-05-14 00:07:46",
        "Lines": "502",
        "Lat": 52.2304,
        "Brigade": "335"
      },
      {
        "Lon": 21.0678,
        "Time": "2017-05-14 00:07:54",
        "Lines": "502",
        "Lat": 52.23,
        "Brigade": "335"
      },
      {
        "Lon": 21.0673,
        "Time": "2017-05-14 00:08:15",
        "Lines": "502",
        "Lat": 52.2299,
        "Brigade": "335"
      },
      {
        "Lon": 21.0663,
        "Time": "2017-05-14 00:08:26",
        "Lines": "502",
        "Lat": 52.2297,
        "Brigade": "335"
      },
      {
        "Lon": 21.064,
        "Time": "2017-05-14 00:08:42",
        "Lines": "502",
        "Lat": 52.229,
        "Brigade": "335"
      },
      {
        "Lon": 21.0629,
        "Time": "2017-05-14 00:08:49",
        "Lines": "502",
        "Lat": 52.2287,
        "Brigade": "335"
      },
      {
        "Lon": 21.0619,
        "Time": "2017-05-14 00:09:07",
        "Lines": "502",
        "Lat": 52.2284,
        "Brigade": "335"
      },
      {
        "Lon": 21.0619,
        "Time": "2017-05-14 00:09:15",
        "Lines": "502",
        "Lat": 52.2284,
        "Brigade": "335"
      },
      {
        "Lon": 21.0615,
        "Time": "2017-05-14 00:09:22",
        "Lines": "502",
        "Lat": 52.2283,
        "Brigade": "335"
      },
      {
        "Lon": 21.0592,
        "Time": "2017-05-14 00:09:39",
        "Lines": "502",
        "Lat": 52.2277,
        "Brigade": "335"
      },
      {
        "Lon": 21.0579,
        "Time": "2017-05-14 00:09:47",
        "Lines": "502",
        "Lat": 52.2273,
        "Brigade": "335"
      },
      {
        "Lon": 21.0565,
        "Time": "2017-05-14 00:09:55",
        "Lines": "502",
        "Lat": 52.227,
        "Brigade": "335"
      },
      {
        "Lon": 21.0535,
        "Time": "2017-05-14 00:10:10",
        "Lines": "502",
        "Lat": 52.2263,
        "Brigade": "335"
      },
      {
        "Lon": 21.0517,
        "Time": "2017-05-14 00:10:18",
        "Lines": "502",
        "Lat": 52.226,
        "Brigade": "335"
      },
      {
        "Lon": 21.0482,
        "Time": "2017-05-14 00:10:34",
        "Lines": "502",
        "Lat": 52.2252,
        "Brigade": "335"
      },
      {
        "Lon": 21.0464,
        "Time": "2017-05-14 00:10:42",
        "Lines": "502",
        "Lat": 52.2249,
        "Brigade": "335"
      },
      {
        "Lon": 21.0428,
        "Time": "2017-05-14 00:10:57",
        "Lines": "502",
        "Lat": 52.2241,
        "Brigade": "335"
      },
      {
        "Lon": 21.0409,
        "Time": "2017-05-14 00:11:05",
        "Lines": "502",
        "Lat": 52.2237,
        "Brigade": "335"
      },
      {
        "Lon": 21.0393,
        "Time": "2017-05-14 00:11:13",
        "Lines": "502",
        "Lat": 52.2231,
        "Brigade": "335"
      },
      {
        "Lon": 21.0374,
        "Time": "2017-05-14 00:11:26",
        "Lines": "502",
        "Lat": 52.2225,
        "Brigade": "335"
      },
      {
        "Lon": 21.0371,
        "Time": "2017-05-14 00:11:36",
        "Lines": "502",
        "Lat": 52.2224,
        "Brigade": "335"
      },
      {
        "Lon": 21.0372,
        "Time": "2017-05-14 00:11:46",
        "Lines": "502",
        "Lat": 52.2224,
        "Brigade": "335"
      },
      {
        "Lon": 21.0354,
        "Time": "2017-05-14 00:12:04",
        "Lines": "502",
        "Lat": 52.2219,
        "Brigade": "335"
      },
      {
        "Lon": 21.0342,
        "Time": "2017-05-14 00:12:12",
        "Lines": "502",
        "Lat": 52.2216,
        "Brigade": "335"
      },
      {
        "Lon": 21.033,
        "Time": "2017-05-14 00:12:19",
        "Lines": "502",
        "Lat": 52.2213,
        "Brigade": "335"
      },
      {
        "Lon": 21.0299,
        "Time": "2017-05-14 00:12:35",
        "Lines": "502",
        "Lat": 52.2206,
        "Brigade": "335"
      },
      {
        "Lon": 21.0285,
        "Time": "2017-05-14 00:12:43",
        "Lines": "502",
        "Lat": 52.2202,
        "Brigade": "335"
      },
      {
        "Lon": 21.0264,
        "Time": "2017-05-14 00:12:58",
        "Lines": "502",
        "Lat": 52.2197,
        "Brigade": "335"
      },
      {
        "Lon": 21.026,
        "Time": "2017-05-14 00:13:10",
        "Lines": "502",
        "Lat": 52.2196,
        "Brigade": "335"
      },
      {
        "Lon": 21.026,
        "Time": "2017-05-14 00:13:19",
        "Lines": "502",
        "Lat": 52.2196,
        "Brigade": "335"
      },
      {
        "Lon": 21.0257,
        "Time": "2017-05-14 00:13:26",
        "Lines": "502",
        "Lat": 52.2195,
        "Brigade": "335"
      },
      {
        "Lon": 21.0229,
        "Time": "2017-05-14 00:13:44",
        "Lines": "502",
        "Lat": 52.2188,
        "Brigade": "335"
      },
      {
        "Lon": 21.0215,
        "Time": "2017-05-14 00:13:52",
        "Lines": "502",
        "Lat": 52.2185,
        "Brigade": "335"
      },
      {
        "Lon": 21.0197,
        "Time": "2017-05-14 00:14:08",
        "Lines": "502",
        "Lat": 52.2181,
        "Brigade": "335"
      },
      {
        "Lon": 21.0197,
        "Time": "2017-05-14 00:14:17",
        "Lines": "502",
        "Lat": 52.2181,
        "Brigade": "335"
      },
      {
        "Lon": 21.0192,
        "Time": "2017-05-14 00:14:27",
        "Lines": "502",
        "Lat": 52.218,
        "Brigade": "335"
      },
      {
        "Lon": 21.0178,
        "Time": "2017-05-14 00:14:39",
        "Lines": "502",
        "Lat": 52.2177,
        "Brigade": "335"
      },
      {
        "Lon": 21.0168,
        "Time": "2017-05-14 00:14:47",
        "Lines": "502",
        "Lat": 52.2175,
        "Brigade": "335"
      },
      {
        "Lon": 21.0156,
        "Time": "2017-05-14 00:15:02",
        "Lines": "502",
        "Lat": 52.2176,
        "Brigade": "335"
      },
      {
        "Lon": 21.0155,
        "Time": "2017-05-14 00:15:14",
        "Lines": "502",
        "Lat": 52.2182,
        "Brigade": "335"
      },
      {
        "Lon": 21.0155,
        "Time": "2017-05-14 00:15:25",
        "Lines": "502",
        "Lat": 52.2182,
        "Brigade": "335"
      },
      {
        "Lon": 21.0155,
        "Time": "2017-05-14 00:15:33",
        "Lines": "502",
        "Lat": 52.2182,
        "Brigade": "335"
      }
    ]
  }
]
