[
  {
    "res": [
      {
        "Lon": 20.9616,
        "Time": "2017-05-14 00:00:16",
        "Lines": "509",
        "Lat": 52.317,
        "Brigade": "8"
      },
      {
        "Lon": 20.962,
        "Time": "2017-05-14 00:00:31",
        "Lines": "509",
        "Lat": 52.3171,
        "Brigade": "8"
      },
      {
        "Lon": 20.9639,
        "Time": "2017-05-14 00:00:48",
        "Lines": "509",
        "Lat": 52.3179,
        "Brigade": "8"
      },
      {
        "Lon": 20.967,
        "Time": "2017-05-14 00:01:03",
        "Lines": "509",
        "Lat": 52.319,
        "Brigade": "8"
      },
      {
        "Lon": 20.9699,
        "Time": "2017-05-14 00:01:20",
        "Lines": "509",
        "Lat": 52.3201,
        "Brigade": "8"
      },
      {
        "Lon": 20.9717,
        "Time": "2017-05-14 00:01:35",
        "Lines": "509",
        "Lat": 52.3209,
        "Brigade": "8"
      },
      {
        "Lon": 20.9721,
        "Time": "2017-05-14 00:01:51",
        "Lines": "509",
        "Lat": 52.3206,
        "Brigade": "8"
      },
      {
        "Lon": 20.9724,
        "Time": "2017-05-14 00:02:07",
        "Lines": "509",
        "Lat": 52.3202,
        "Brigade": "8"
      },
      {
        "Lon": 20.9737,
        "Time": "2017-05-14 00:02:23",
        "Lines": "509",
        "Lat": 52.3185,
        "Brigade": "8"
      },
      {
        "Lon": 20.9753,
        "Time": "2017-05-14 00:02:38",
        "Lines": "509",
        "Lat": 52.3162,
        "Brigade": "8"
      },
      {
        "Lon": 20.9776,
        "Time": "2017-05-14 00:03:10",
        "Lines": "509",
        "Lat": 52.313,
        "Brigade": "8"
      },
      {
        "Lon": 20.9777,
        "Time": "2017-05-14 00:03:26",
        "Lines": "509",
        "Lat": 52.3128,
        "Brigade": "8"
      },
      {
        "Lon": 20.9782,
        "Time": "2017-05-14 00:03:42",
        "Lines": "509",
        "Lat": 52.3121,
        "Brigade": "8"
      },
      {
        "Lon": 20.9799,
        "Time": "2017-05-14 00:03:57",
        "Lines": "509",
        "Lat": 52.3104,
        "Brigade": "8"
      },
      {
        "Lon": 20.9821,
        "Time": "2017-05-14 00:04:13",
        "Lines": "509",
        "Lat": 52.3087,
        "Brigade": "8"
      },
      {
        "Lon": 20.9837,
        "Time": "2017-05-14 00:04:31",
        "Lines": "509",
        "Lat": 52.3074,
        "Brigade": "8"
      },
      {
        "Lon": 20.9839,
        "Time": "2017-05-14 00:04:46",
        "Lines": "509",
        "Lat": 52.3073,
        "Brigade": "8"
      },
      {
        "Lon": 20.9884,
        "Time": "2017-05-14 00:05:23",
        "Lines": "509",
        "Lat": 52.3039,
        "Brigade": "8"
      },
      {
        "Lon": 20.9897,
        "Time": "2017-05-14 00:05:39",
        "Lines": "509",
        "Lat": 52.3028,
        "Brigade": "8"
      },
      {
        "Lon": 20.99,
        "Time": "2017-05-14 00:05:56",
        "Lines": "509",
        "Lat": 52.3026,
        "Brigade": "8"
      },
      {
        "Lon": 20.9914,
        "Time": "2017-05-14 00:06:11",
        "Lines": "509",
        "Lat": 52.3012,
        "Brigade": "8"
      },
      {
        "Lon": 20.9934,
        "Time": "2017-05-14 00:06:26",
        "Lines": "509",
        "Lat": 52.2993,
        "Brigade": "8"
      },
      {
        "Lon": 20.9955,
        "Time": "2017-05-14 00:06:43",
        "Lines": "509",
        "Lat": 52.2973,
        "Brigade": "8"
      },
      {
        "Lon": 20.9975,
        "Time": "2017-05-14 00:06:59",
        "Lines": "509",
        "Lat": 52.2954,
        "Brigade": "8"
      },
      {
        "Lon": 20.9994,
        "Time": "2017-05-14 00:07:15",
        "Lines": "509",
        "Lat": 52.2936,
        "Brigade": "8"
      },
      {
        "Lon": 21.0013,
        "Time": "2017-05-14 00:07:31",
        "Lines": "509",
        "Lat": 52.2918,
        "Brigade": "8"
      },
      {
        "Lon": 21.0028,
        "Time": "2017-05-14 00:07:47",
        "Lines": "509",
        "Lat": 52.2902,
        "Brigade": "8"
      },
      {
        "Lon": 21.0033,
        "Time": "2017-05-14 00:08:03",
        "Lines": "509",
        "Lat": 52.2898,
        "Brigade": "8"
      },
      {
        "Lon": 21.004,
        "Time": "2017-05-14 00:08:18",
        "Lines": "509",
        "Lat": 52.2891,
        "Brigade": "8"
      },
      {
        "Lon": 21.0057,
        "Time": "2017-05-14 00:08:34",
        "Lines": "509",
        "Lat": 52.2874,
        "Brigade": "8"
      },
      {
        "Lon": 21.0075,
        "Time": "2017-05-14 00:08:51",
        "Lines": "509",
        "Lat": 52.2855,
        "Brigade": "8"
      },
      {
        "Lon": 21.0102,
        "Time": "2017-05-14 00:09:25",
        "Lines": "509",
        "Lat": 52.2811,
        "Brigade": "8"
      },
      {
        "Lon": 21.0115,
        "Time": "2017-05-14 00:09:42",
        "Lines": "509",
        "Lat": 52.279,
        "Brigade": "8"
      },
      {
        "Lon": 21.012,
        "Time": "2017-05-14 00:09:58",
        "Lines": "509",
        "Lat": 52.2782,
        "Brigade": "8"
      },
      {
        "Lon": 21.0164,
        "Time": "2017-05-14 00:11:02",
        "Lines": "509",
        "Lat": 52.2711,
        "Brigade": "8"
      },
      {
        "Lon": 21.0202,
        "Time": "2017-05-14 00:11:33",
        "Lines": "509",
        "Lat": 52.2673,
        "Brigade": "8"
      },
      {
        "Lon": 21.0207,
        "Time": "2017-05-14 00:11:50",
        "Lines": "509",
        "Lat": 52.2656,
        "Brigade": "8"
      },
      {
        "Lon": 21.0207,
        "Time": "2017-05-14 00:12:05",
        "Lines": "509",
        "Lat": 52.2655,
        "Brigade": "8"
      },
      {
        "Lon": 21.021,
        "Time": "2017-05-14 00:12:21",
        "Lines": "509",
        "Lat": 52.2647,
        "Brigade": "8"
      },
      {
        "Lon": 21.0208,
        "Time": "2017-05-14 00:12:40",
        "Lines": "509",
        "Lat": 52.2636,
        "Brigade": "8"
      },
      {
        "Lon": 21.0218,
        "Time": "2017-05-14 00:12:55",
        "Lines": "509",
        "Lat": 52.2628,
        "Brigade": "8"
      },
      {
        "Lon": 21.0218,
        "Time": "2017-05-14 00:13:11",
        "Lines": "509",
        "Lat": 52.2626,
        "Brigade": "8"
      },
      {
        "Lon": 21.0223,
        "Time": "2017-05-14 00:13:27",
        "Lines": "509",
        "Lat": 52.2621,
        "Brigade": "8"
      },
      {
        "Lon": 21.0242,
        "Time": "2017-05-14 00:13:42",
        "Lines": "509",
        "Lat": 52.2605,
        "Brigade": "8"
      },
      {
        "Lon": 21.026,
        "Time": "2017-05-14 00:13:59",
        "Lines": "509",
        "Lat": 52.259,
        "Brigade": "8"
      },
      {
        "Lon": 21.0262,
        "Time": "2017-05-14 00:14:14",
        "Lines": "509",
        "Lat": 52.2588,
        "Brigade": "8"
      },
      {
        "Lon": 21.0271,
        "Time": "2017-05-14 00:14:31",
        "Lines": "509",
        "Lat": 52.2581,
        "Brigade": "8"
      },
      {
        "Lon": 21.0289,
        "Time": "2017-05-14 00:14:47",
        "Lines": "509",
        "Lat": 52.2566,
        "Brigade": "8"
      },
      {
        "Lon": 21.0308,
        "Time": "2017-05-14 00:15:07",
        "Lines": "509",
        "Lat": 52.2551,
        "Brigade": "8"
      },
      {
        "Lon": 21.0327,
        "Time": "2017-05-14 00:15:24",
        "Lines": "509",
        "Lat": 52.2552,
        "Brigade": "8"
      },
      {
        "Lon": 21.0331,
        "Time": "2017-05-14 00:15:39",
        "Lines": "509",
        "Lat": 52.2553,
        "Brigade": "8"
      },
      {
        "Lon": 21.0331,
        "Time": "2017-05-14 00:15:56",
        "Lines": "509",
        "Lat": 52.2553,
        "Brigade": "8"
      },
      {
        "Lon": 21.0331,
        "Time": "2017-05-14 00:16:11",
        "Lines": "509",
        "Lat": 52.2553,
        "Brigade": "8"
      },
      {
        "Lon": 21.0331,
        "Time": "2017-05-14 00:16:28",
        "Lines": "509",
        "Lat": 52.2554,
        "Brigade": "8"
      },
      {
        "Lon": 21.0335,
        "Time": "2017-05-14 00:16:44",
        "Lines": "509",
        "Lat": 52.2555,
        "Brigade": "8"
      },
      {
        "Lon": 21.0335,
        "Time": "2017-05-14 00:17:00",
        "Lines": "509",
        "Lat": 52.2555,
        "Brigade": "8"
      },
      {
        "Lon": 21.0335,
        "Time": "2017-05-14 00:17:16",
        "Lines": "509",
        "Lat": 52.2555,
        "Brigade": "8"
      },
      {
        "Lon": 21.0335,
        "Time": "2017-05-14 00:17:31",
        "Lines": "509",
        "Lat": 52.2555,
        "Brigade": "8"
      },
      {
        "Lon": 21.0335,
        "Time": "2017-05-14 00:17:47",
        "Lines": "509",
        "Lat": 52.2555,
        "Brigade": "8"
      },
      {
        "Lon": 21.0341,
        "Time": "2017-05-14 00:18:02",
        "Lines": "509",
        "Lat": 52.2551,
        "Brigade": "8"
      },
      {
        "Lon": 21.0354,
        "Time": "2017-05-14 00:18:18",
        "Lines": "509",
        "Lat": 52.2538,
        "Brigade": "8"
      },
      {
        "Lon": 21.0355,
        "Time": "2017-05-14 00:18:35",
        "Lines": "509",
        "Lat": 52.2537,
        "Brigade": "8"
      },
      {
        "Lon": 21.0365,
        "Time": "2017-05-14 00:18:50",
        "Lines": "509",
        "Lat": 52.2527,
        "Brigade": "8"
      },
      {
        "Lon": 21.0371,
        "Time": "2017-05-14 00:19:08",
        "Lines": "509",
        "Lat": 52.2522,
        "Brigade": "8"
      },
      {
        "Lon": 21.0389,
        "Time": "2017-05-14 00:19:24",
        "Lines": "509",
        "Lat": 52.2511,
        "Brigade": "8"
      },
      {
        "Lon": 21.0399,
        "Time": "2017-05-14 00:19:39",
        "Lines": "509",
        "Lat": 52.2506,
        "Brigade": "8"
      },
      {
        "Lon": 21.0407,
        "Time": "2017-05-14 00:19:56",
        "Lines": "509",
        "Lat": 52.2502,
        "Brigade": "8"
      },
      {
        "Lon": 21.0421,
        "Time": "2017-05-14 00:20:12",
        "Lines": "509",
        "Lat": 52.2495,
        "Brigade": "8"
      },
      {
        "Lon": 21.0435,
        "Time": "2017-05-14 00:20:28",
        "Lines": "509",
        "Lat": 52.2489,
        "Brigade": "8"
      },
      {
        "Lon": 21.0444,
        "Time": "2017-05-14 00:20:44",
        "Lines": "509",
        "Lat": 52.2486,
        "Brigade": "8"
      },
      {
        "Lon": 21.048,
        "Time": "2017-05-14 00:21:16",
        "Lines": "509",
        "Lat": 52.2474,
        "Brigade": "8"
      },
      {
        "Lon": 21.0486,
        "Time": "2017-05-14 00:21:31",
        "Lines": "509",
        "Lat": 52.2474,
        "Brigade": "8"
      },
      {
        "Lon": 21.0486,
        "Time": "2017-05-14 00:21:47",
        "Lines": "509",
        "Lat": 52.2474,
        "Brigade": "8"
      },
      {
        "Lon": 21.0486,
        "Time": "2017-05-14 00:22:03",
        "Lines": "509",
        "Lat": 52.2474,
        "Brigade": "8"
      },
      {
        "Lon": 21.0504,
        "Time": "2017-05-14 00:22:19",
        "Lines": "509",
        "Lat": 52.2473,
        "Brigade": "8"
      },
      {
        "Lon": 21.0539,
        "Time": "2017-05-14 00:22:36",
        "Lines": "509",
        "Lat": 52.2471,
        "Brigade": "8"
      },
      {
        "Lon": 21.0573,
        "Time": "2017-05-14 00:22:51",
        "Lines": "509",
        "Lat": 52.2469,
        "Brigade": "8"
      },
      {
        "Lon": 21.065,
        "Time": "2017-05-14 00:23:22",
        "Lines": "509",
        "Lat": 52.2464,
        "Brigade": "8"
      },
      {
        "Lon": 21.069,
        "Time": "2017-05-14 00:23:39",
        "Lines": "509",
        "Lat": 52.2461,
        "Brigade": "8"
      },
      {
        "Lon": 21.0728,
        "Time": "2017-05-14 00:23:54",
        "Lines": "509",
        "Lat": 52.2459,
        "Brigade": "8"
      },
      {
        "Lon": 21.0769,
        "Time": "2017-05-14 00:24:11",
        "Lines": "509",
        "Lat": 52.2457,
        "Brigade": "8"
      },
      {
        "Lon": 21.0807,
        "Time": "2017-05-14 00:24:27",
        "Lines": "509",
        "Lat": 52.2454,
        "Brigade": "8"
      },
      {
        "Lon": 21.0836,
        "Time": "2017-05-14 00:24:42",
        "Lines": "509",
        "Lat": 52.2452,
        "Brigade": "8"
      },
      {
        "Lon": 21.0846,
        "Time": "2017-05-14 00:24:58",
        "Lines": "509",
        "Lat": 52.2443,
        "Brigade": "8"
      },
      {
        "Lon": 21.0864,
        "Time": "2017-05-14 00:25:14",
        "Lines": "509",
        "Lat": 52.2451,
        "Brigade": "8"
      },
      {
        "Lon": 21.0896,
        "Time": "2017-05-14 00:25:29",
        "Lines": "509",
        "Lat": 52.2448,
        "Brigade": "8"
      },
      {
        "Lon": 21.0929,
        "Time": "2017-05-14 00:25:46",
        "Lines": "509",
        "Lat": 52.2443,
        "Brigade": "8"
      },
      {
        "Lon": 21.0943,
        "Time": "2017-05-14 00:26:02",
        "Lines": "509",
        "Lat": 52.2439,
        "Brigade": "8"
      },
      {
        "Lon": 21.0962,
        "Time": "2017-05-14 00:26:18",
        "Lines": "509",
        "Lat": 52.2435,
        "Brigade": "8"
      },
      {
        "Lon": 21.0994,
        "Time": "2017-05-14 00:26:34",
        "Lines": "509",
        "Lat": 52.2429,
        "Brigade": "8"
      },
      {
        "Lon": 21.1013,
        "Time": "2017-05-14 00:26:50",
        "Lines": "509",
        "Lat": 52.2425,
        "Brigade": "8"
      },
      {
        "Lon": 21.102,
        "Time": "2017-05-14 00:27:21",
        "Lines": "509",
        "Lat": 52.2422,
        "Brigade": "8"
      },
      {
        "Lon": 21.1013,
        "Time": "2017-05-14 00:27:38",
        "Lines": "509",
        "Lat": 52.241,
        "Brigade": "8"
      },
      {
        "Lon": 21.1001,
        "Time": "2017-05-14 00:27:53",
        "Lines": "509",
        "Lat": 52.2391,
        "Brigade": "8"
      },
      {
        "Lon": 21.1004,
        "Time": "2017-05-14 00:28:09",
        "Lines": "509",
        "Lat": 52.2381,
        "Brigade": "8"
      },
      {
        "Lon": 21.1028,
        "Time": "2017-05-14 00:28:26",
        "Lines": "509",
        "Lat": 52.2375,
        "Brigade": "8"
      },
      {
        "Lon": 21.1053,
        "Time": "2017-05-14 00:28:42",
        "Lines": "509",
        "Lat": 52.2369,
        "Brigade": "8"
      },
      {
        "Lon": 21.1082,
        "Time": "2017-05-14 00:28:58",
        "Lines": "509",
        "Lat": 52.2367,
        "Brigade": "8"
      },
      {
        "Lon": 21.1113,
        "Time": "2017-05-14 00:29:15",
        "Lines": "509",
        "Lat": 52.2366,
        "Brigade": "8"
      },
      {
        "Lon": 21.1135,
        "Time": "2017-05-14 00:29:30",
        "Lines": "509",
        "Lat": 52.2365,
        "Brigade": "8"
      },
      {
        "Lon": 21.1135,
        "Time": "2017-05-14 00:29:46",
        "Lines": "509",
        "Lat": 52.2354,
        "Brigade": "8"
      },
      {
        "Lon": 21.1134,
        "Time": "2017-05-14 00:30:04",
        "Lines": "509",
        "Lat": 52.2346,
        "Brigade": "8"
      },
      {
        "Lon": 21.1137,
        "Time": "2017-05-14 00:30:21",
        "Lines": "509",
        "Lat": 52.2342,
        "Brigade": "8"
      },
      {
        "Lon": 21.1137,
        "Time": "2017-05-14 00:30:36",
        "Lines": "509",
        "Lat": 52.2342,
        "Brigade": "8"
      },
      {
        "Lon": 21.1137,
        "Time": "2017-05-14 00:30:51",
        "Lines": "509",
        "Lat": 52.2342,
        "Brigade": "8"
      },
      {
        "Lon": 21.1141,
        "Time": "2017-05-14 00:31:23",
        "Lines": "509",
        "Lat": 52.2339,
        "Brigade": "8"
      },
      {
        "Lon": 21.1168,
        "Time": "2017-05-14 00:31:39",
        "Lines": "509",
        "Lat": 52.2334,
        "Brigade": "8"
      },
      {
        "Lon": 21.118,
        "Time": "2017-05-14 00:31:55",
        "Lines": "509",
        "Lat": 52.2336,
        "Brigade": "8"
      },
      {
        "Lon": 21.1182,
        "Time": "2017-05-14 00:32:11",
        "Lines": "509",
        "Lat": 52.2344,
        "Brigade": "8"
      }
    ]
  }
]
