[
  {
    "res": [
      {
        "Lon": 20.9281,
        "Time": "2017-05-14 00:00:06",
        "Lines": "511",
        "Lat": 52.2912,
        "Brigade": "3"
      },
      {
        "Lon": 20.9281,
        "Time": "2017-05-14 00:00:26",
        "Lines": "511",
        "Lat": 52.2912,
        "Brigade": "3"
      },
      {
        "Lon": 20.9281,
        "Time": "2017-05-14 00:00:36",
        "Lines": "511",
        "Lat": 52.2912,
        "Brigade": "3"
      },
      {
        "Lon": 20.9281,
        "Time": "2017-05-14 00:00:46",
        "Lines": "511",
        "Lat": 52.2912,
        "Brigade": "3"
      },
      {
        "Lon": 20.9281,
        "Time": "2017-05-14 00:00:56",
        "Lines": "511",
        "Lat": 52.2912,
        "Brigade": "3"
      },
      {
        "Lon": 20.9281,
        "Time": "2017-05-14 00:01:06",
        "Lines": "511",
        "Lat": 52.2912,
        "Brigade": "3"
      },
      {
        "Lon": 20.9284,
        "Time": "2017-05-14 00:01:16",
        "Lines": "511",
        "Lat": 52.2911,
        "Brigade": "3"
      },
      {
        "Lon": 20.9292,
        "Time": "2017-05-14 00:01:26",
        "Lines": "511",
        "Lat": 52.2909,
        "Brigade": "3"
      },
      {
        "Lon": 20.9293,
        "Time": "2017-05-14 00:01:46",
        "Lines": "511",
        "Lat": 52.2909,
        "Brigade": "3"
      },
      {
        "Lon": 20.9293,
        "Time": "2017-05-14 00:01:56",
        "Lines": "511",
        "Lat": 52.2909,
        "Brigade": "3"
      },
      {
        "Lon": 20.9293,
        "Time": "2017-05-14 00:02:16",
        "Lines": "511",
        "Lat": 52.2909,
        "Brigade": "3"
      },
      {
        "Lon": 20.9294,
        "Time": "2017-05-14 00:02:26",
        "Lines": "511",
        "Lat": 52.2908,
        "Brigade": "3"
      },
      {
        "Lon": 20.9302,
        "Time": "2017-05-14 00:02:36",
        "Lines": "511",
        "Lat": 52.2905,
        "Brigade": "3"
      },
      {
        "Lon": 20.9303,
        "Time": "2017-05-14 00:02:46",
        "Lines": "511",
        "Lat": 52.2906,
        "Brigade": "3"
      },
      {
        "Lon": 20.9303,
        "Time": "2017-05-14 00:02:56",
        "Lines": "511",
        "Lat": 52.2906,
        "Brigade": "3"
      },
      {
        "Lon": 20.9306,
        "Time": "2017-05-14 00:03:06",
        "Lines": "511",
        "Lat": 52.2911,
        "Brigade": "3"
      },
      {
        "Lon": 20.9308,
        "Time": "2017-05-14 00:03:16",
        "Lines": "511",
        "Lat": 52.2915,
        "Brigade": "3"
      },
      {
        "Lon": 20.9308,
        "Time": "2017-05-14 00:03:26",
        "Lines": "511",
        "Lat": 52.2915,
        "Brigade": "3"
      },
      {
        "Lon": 20.931,
        "Time": "2017-05-14 00:03:36",
        "Lines": "511",
        "Lat": 52.2918,
        "Brigade": "3"
      },
      {
        "Lon": 20.931,
        "Time": "2017-05-14 00:03:46",
        "Lines": "511",
        "Lat": 52.2919,
        "Brigade": "3"
      },
      {
        "Lon": 20.9311,
        "Time": "2017-05-14 00:04:06",
        "Lines": "511",
        "Lat": 52.292,
        "Brigade": "3"
      },
      {
        "Lon": 20.9316,
        "Time": "2017-05-14 00:04:16",
        "Lines": "511",
        "Lat": 52.2928,
        "Brigade": "3"
      },
      {
        "Lon": 20.9323,
        "Time": "2017-05-14 00:04:26",
        "Lines": "511",
        "Lat": 52.2939,
        "Brigade": "3"
      },
      {
        "Lon": 20.9331,
        "Time": "2017-05-14 00:04:36",
        "Lines": "511",
        "Lat": 52.2953,
        "Brigade": "3"
      },
      {
        "Lon": 20.9339,
        "Time": "2017-05-14 00:04:46",
        "Lines": "511",
        "Lat": 52.2968,
        "Brigade": "3"
      },
      {
        "Lon": 20.9349,
        "Time": "2017-05-14 00:04:56",
        "Lines": "511",
        "Lat": 52.2982,
        "Brigade": "3"
      },
      {
        "Lon": 20.9367,
        "Time": "2017-05-14 00:05:06",
        "Lines": "511",
        "Lat": 52.2995,
        "Brigade": "3"
      },
      {
        "Lon": 20.9389,
        "Time": "2017-05-14 00:05:16",
        "Lines": "511",
        "Lat": 52.3006,
        "Brigade": "3"
      },
      {
        "Lon": 20.941,
        "Time": "2017-05-14 00:05:26",
        "Lines": "511",
        "Lat": 52.3016,
        "Brigade": "3"
      },
      {
        "Lon": 20.9431,
        "Time": "2017-05-14 00:05:36",
        "Lines": "511",
        "Lat": 52.3026,
        "Brigade": "3"
      },
      {
        "Lon": 20.9473,
        "Time": "2017-05-14 00:05:56",
        "Lines": "511",
        "Lat": 52.3046,
        "Brigade": "3"
      },
      {
        "Lon": 20.9494,
        "Time": "2017-05-14 00:06:06",
        "Lines": "511",
        "Lat": 52.3056,
        "Brigade": "3"
      },
      {
        "Lon": 20.9515,
        "Time": "2017-05-14 00:06:16",
        "Lines": "511",
        "Lat": 52.3066,
        "Brigade": "3"
      },
      {
        "Lon": 20.9534,
        "Time": "2017-05-14 00:06:26",
        "Lines": "511",
        "Lat": 52.3076,
        "Brigade": "3"
      },
      {
        "Lon": 20.9553,
        "Time": "2017-05-14 00:06:36",
        "Lines": "511",
        "Lat": 52.3085,
        "Brigade": "3"
      },
      {
        "Lon": 20.9573,
        "Time": "2017-05-14 00:06:46",
        "Lines": "511",
        "Lat": 52.3094,
        "Brigade": "3"
      },
      {
        "Lon": 20.9593,
        "Time": "2017-05-14 00:06:56",
        "Lines": "511",
        "Lat": 52.3103,
        "Brigade": "3"
      },
      {
        "Lon": 20.9614,
        "Time": "2017-05-14 00:07:06",
        "Lines": "511",
        "Lat": 52.3111,
        "Brigade": "3"
      },
      {
        "Lon": 20.9635,
        "Time": "2017-05-14 00:07:16",
        "Lines": "511",
        "Lat": 52.3119,
        "Brigade": "3"
      },
      {
        "Lon": 20.9675,
        "Time": "2017-05-14 00:07:36",
        "Lines": "511",
        "Lat": 52.3133,
        "Brigade": "3"
      },
      {
        "Lon": 20.9694,
        "Time": "2017-05-14 00:07:46",
        "Lines": "511",
        "Lat": 52.314,
        "Brigade": "3"
      },
      {
        "Lon": 20.9713,
        "Time": "2017-05-14 00:07:56",
        "Lines": "511",
        "Lat": 52.3147,
        "Brigade": "3"
      },
      {
        "Lon": 20.9734,
        "Time": "2017-05-14 00:08:06",
        "Lines": "511",
        "Lat": 52.3153,
        "Brigade": "3"
      },
      {
        "Lon": 20.9748,
        "Time": "2017-05-14 00:08:16",
        "Lines": "511",
        "Lat": 52.3158,
        "Brigade": "3"
      },
      {
        "Lon": 20.9749,
        "Time": "2017-05-14 00:08:26",
        "Lines": "511",
        "Lat": 52.3158,
        "Brigade": "3"
      },
      {
        "Lon": 20.9749,
        "Time": "2017-05-14 00:08:36",
        "Lines": "511",
        "Lat": 52.3158,
        "Brigade": "3"
      },
      {
        "Lon": 20.9749,
        "Time": "2017-05-14 00:08:46",
        "Lines": "511",
        "Lat": 52.3158,
        "Brigade": "3"
      },
      {
        "Lon": 20.9759,
        "Time": "2017-05-14 00:09:06",
        "Lines": "511",
        "Lat": 52.3164,
        "Brigade": "3"
      },
      {
        "Lon": 20.9754,
        "Time": "2017-05-14 00:09:16",
        "Lines": "511",
        "Lat": 52.317,
        "Brigade": "3"
      },
      {
        "Lon": 20.9753,
        "Time": "2017-05-14 00:09:26",
        "Lines": "511",
        "Lat": 52.3172,
        "Brigade": "3"
      },
      {
        "Lon": 20.9752,
        "Time": "2017-05-14 00:09:36",
        "Lines": "511",
        "Lat": 52.3173,
        "Brigade": "3"
      },
      {
        "Lon": 20.9745,
        "Time": "2017-05-14 00:09:46",
        "Lines": "511",
        "Lat": 52.318,
        "Brigade": "3"
      },
      {
        "Lon": 20.9737,
        "Time": "2017-05-14 00:09:56",
        "Lines": "511",
        "Lat": 52.3191,
        "Brigade": "3"
      },
      {
        "Lon": 20.9712,
        "Time": "2017-05-14 00:11:26",
        "Lines": "511",
        "Lat": 52.3227,
        "Brigade": "3"
      },
      {
        "Lon": 20.9704,
        "Time": "2017-05-14 00:11:36",
        "Lines": "511",
        "Lat": 52.3238,
        "Brigade": "3"
      },
      {
        "Lon": 20.9696,
        "Time": "2017-05-14 00:11:46",
        "Lines": "511",
        "Lat": 52.325,
        "Brigade": "3"
      },
      {
        "Lon": 20.9689,
        "Time": "2017-05-14 00:11:56",
        "Lines": "511",
        "Lat": 52.3262,
        "Brigade": "3"
      },
      {
        "Lon": 20.9682,
        "Time": "2017-05-14 00:12:06",
        "Lines": "511",
        "Lat": 52.3275,
        "Brigade": "3"
      },
      {
        "Lon": 20.9674,
        "Time": "2017-05-14 00:12:16",
        "Lines": "511",
        "Lat": 52.3288,
        "Brigade": "3"
      },
      {
        "Lon": 20.9659,
        "Time": "2017-05-14 00:12:36",
        "Lines": "511",
        "Lat": 52.3314,
        "Brigade": "3"
      },
      {
        "Lon": 20.9653,
        "Time": "2017-05-14 00:12:46",
        "Lines": "511",
        "Lat": 52.3321,
        "Brigade": "3"
      },
      {
        "Lon": 20.9653,
        "Time": "2017-05-14 00:12:56",
        "Lines": "511",
        "Lat": 52.3321,
        "Brigade": "3"
      },
      {
        "Lon": 20.9653,
        "Time": "2017-05-14 00:13:06",
        "Lines": "511",
        "Lat": 52.3321,
        "Brigade": "3"
      },
      {
        "Lon": 20.965,
        "Time": "2017-05-14 00:13:16",
        "Lines": "511",
        "Lat": 52.3323,
        "Brigade": "3"
      },
      {
        "Lon": 20.9641,
        "Time": "2017-05-14 00:13:26",
        "Lines": "511",
        "Lat": 52.333,
        "Brigade": "3"
      },
      {
        "Lon": 20.9632,
        "Time": "2017-05-14 00:13:36",
        "Lines": "511",
        "Lat": 52.3338,
        "Brigade": "3"
      },
      {
        "Lon": 20.9613,
        "Time": "2017-05-14 00:13:56",
        "Lines": "511",
        "Lat": 52.3355,
        "Brigade": "3"
      },
      {
        "Lon": 20.9611,
        "Time": "2017-05-14 00:14:06",
        "Lines": "511",
        "Lat": 52.3356,
        "Brigade": "3"
      },
      {
        "Lon": 20.9611,
        "Time": "2017-05-14 00:14:16",
        "Lines": "511",
        "Lat": 52.3357,
        "Brigade": "3"
      },
      {
        "Lon": 20.9603,
        "Time": "2017-05-14 00:14:26",
        "Lines": "511",
        "Lat": 52.3363,
        "Brigade": "3"
      },
      {
        "Lon": 20.9592,
        "Time": "2017-05-14 00:14:36",
        "Lines": "511",
        "Lat": 52.3372,
        "Brigade": "3"
      },
      {
        "Lon": 20.958,
        "Time": "2017-05-14 00:14:46",
        "Lines": "511",
        "Lat": 52.3382,
        "Brigade": "3"
      },
      {
        "Lon": 20.9568,
        "Time": "2017-05-14 00:14:56",
        "Lines": "511",
        "Lat": 52.3393,
        "Brigade": "3"
      },
      {
        "Lon": 20.9555,
        "Time": "2017-05-14 00:15:06",
        "Lines": "511",
        "Lat": 52.3403,
        "Brigade": "3"
      },
      {
        "Lon": 20.9543,
        "Time": "2017-05-14 00:15:16",
        "Lines": "511",
        "Lat": 52.3414,
        "Brigade": "3"
      },
      {
        "Lon": 20.952,
        "Time": "2017-05-14 00:15:36",
        "Lines": "511",
        "Lat": 52.3434,
        "Brigade": "3"
      },
      {
        "Lon": 20.9515,
        "Time": "2017-05-14 00:15:46",
        "Lines": "511",
        "Lat": 52.3441,
        "Brigade": "3"
      },
      {
        "Lon": 20.9514,
        "Time": "2017-05-14 00:15:56",
        "Lines": "511",
        "Lat": 52.3442,
        "Brigade": "3"
      },
      {
        "Lon": 20.9514,
        "Time": "2017-05-14 00:16:06",
        "Lines": "511",
        "Lat": 52.3442,
        "Brigade": "3"
      },
      {
        "Lon": 20.9514,
        "Time": "2017-05-14 00:16:16",
        "Lines": "511",
        "Lat": 52.3442,
        "Brigade": "3"
      },
      {
        "Lon": 20.951,
        "Time": "2017-05-14 00:16:26",
        "Lines": "511",
        "Lat": 52.3447,
        "Brigade": "3"
      },
      {
        "Lon": 20.9502,
        "Time": "2017-05-14 00:16:36",
        "Lines": "511",
        "Lat": 52.3456,
        "Brigade": "3"
      },
      {
        "Lon": 20.9493,
        "Time": "2017-05-14 00:16:46",
        "Lines": "511",
        "Lat": 52.3466,
        "Brigade": "3"
      },
      {
        "Lon": 20.9483,
        "Time": "2017-05-14 00:16:56",
        "Lines": "511",
        "Lat": 52.3477,
        "Brigade": "3"
      },
      {
        "Lon": 20.9465,
        "Time": "2017-05-14 00:17:16",
        "Lines": "511",
        "Lat": 52.3497,
        "Brigade": "3"
      },
      {
        "Lon": 20.9463,
        "Time": "2017-05-14 00:17:26",
        "Lines": "511",
        "Lat": 52.3499,
        "Brigade": "3"
      },
      {
        "Lon": 20.9463,
        "Time": "2017-05-14 00:17:36",
        "Lines": "511",
        "Lat": 52.3499,
        "Brigade": "3"
      },
      {
        "Lon": 20.9461,
        "Time": "2017-05-14 00:17:46",
        "Lines": "511",
        "Lat": 52.35,
        "Brigade": "3"
      },
      {
        "Lon": 20.9451,
        "Time": "2017-05-14 00:17:56",
        "Lines": "511",
        "Lat": 52.3496,
        "Brigade": "3"
      },
      {
        "Lon": 20.9439,
        "Time": "2017-05-14 00:18:06",
        "Lines": "511",
        "Lat": 52.3492,
        "Brigade": "3"
      },
      {
        "Lon": 20.9428,
        "Time": "2017-05-14 00:18:16",
        "Lines": "511",
        "Lat": 52.3488,
        "Brigade": "3"
      },
      {
        "Lon": 20.9422,
        "Time": "2017-05-14 00:18:26",
        "Lines": "511",
        "Lat": 52.3486,
        "Brigade": "3"
      },
      {
        "Lon": 20.9423,
        "Time": "2017-05-14 00:18:46",
        "Lines": "511",
        "Lat": 52.3486,
        "Brigade": "3"
      },
      {
        "Lon": 20.9423,
        "Time": "2017-05-14 00:18:56",
        "Lines": "511",
        "Lat": 52.3486,
        "Brigade": "3"
      },
      {
        "Lon": 20.9422,
        "Time": "2017-05-14 00:19:06",
        "Lines": "511",
        "Lat": 52.3486,
        "Brigade": "3"
      },
      {
        "Lon": 20.9417,
        "Time": "2017-05-14 00:19:16",
        "Lines": "511",
        "Lat": 52.3482,
        "Brigade": "3"
      },
      {
        "Lon": 20.9421,
        "Time": "2017-05-14 00:19:26",
        "Lines": "511",
        "Lat": 52.3481,
        "Brigade": "3"
      },
      {
        "Lon": 20.9422,
        "Time": "2017-05-14 00:19:36",
        "Lines": "511",
        "Lat": 52.3485,
        "Brigade": "3"
      },
      {
        "Lon": 20.9427,
        "Time": "2017-05-14 00:19:46",
        "Lines": "511",
        "Lat": 52.3486,
        "Brigade": "3"
      },
      {
        "Lon": 20.9428,
        "Time": "2017-05-14 00:19:56",
        "Lines": "511",
        "Lat": 52.3486,
        "Brigade": "3"
      },
      {
        "Lon": 20.9428,
        "Time": "2017-05-14 00:20:06",
        "Lines": "511",
        "Lat": 52.3486,
        "Brigade": "3"
      },
      {
        "Lon": 20.9428,
        "Time": "2017-05-14 00:20:16",
        "Lines": "511",
        "Lat": 52.3486,
        "Brigade": "3"
      },
      {
        "Lon": 20.9428,
        "Time": "2017-05-14 00:20:26",
        "Lines": "511",
        "Lat": 52.3486,
        "Brigade": "3"
      },
      {
        "Lon": 20.9428,
        "Time": "2017-05-14 00:20:46",
        "Lines": "511",
        "Lat": 52.3486,
        "Brigade": "3"
      },
      {
        "Lon": 20.9428,
        "Time": "2017-05-14 00:20:56",
        "Lines": "511",
        "Lat": 52.3486,
        "Brigade": "3"
      },
      {
        "Lon": 20.9434,
        "Time": "2017-05-14 00:21:06",
        "Lines": "511",
        "Lat": 52.3489,
        "Brigade": "3"
      },
      {
        "Lon": 20.9446,
        "Time": "2017-05-14 00:21:16",
        "Lines": "511",
        "Lat": 52.3494,
        "Brigade": "3"
      },
      {
        "Lon": 20.9457,
        "Time": "2017-05-14 00:21:26",
        "Lines": "511",
        "Lat": 52.3498,
        "Brigade": "3"
      },
      {
        "Lon": 20.9461,
        "Time": "2017-05-14 00:21:36",
        "Lines": "511",
        "Lat": 52.3498,
        "Brigade": "3"
      },
      {
        "Lon": 20.9467,
        "Time": "2017-05-14 00:21:46",
        "Lines": "511",
        "Lat": 52.3491,
        "Brigade": "3"
      },
      {
        "Lon": 20.9475,
        "Time": "2017-05-14 00:21:56",
        "Lines": "511",
        "Lat": 52.3481,
        "Brigade": "3"
      },
      {
        "Lon": 20.9493,
        "Time": "2017-05-14 00:22:16",
        "Lines": "511",
        "Lat": 52.3461,
        "Brigade": "3"
      },
      {
        "Lon": 20.9508,
        "Time": "2017-05-14 00:22:36",
        "Lines": "511",
        "Lat": 52.3442,
        "Brigade": "3"
      },
      {
        "Lon": 20.951,
        "Time": "2017-05-14 00:22:46",
        "Lines": "511",
        "Lat": 52.344,
        "Brigade": "3"
      },
      {
        "Lon": 20.951,
        "Time": "2017-05-14 00:22:56",
        "Lines": "511",
        "Lat": 52.344,
        "Brigade": "3"
      },
      {
        "Lon": 20.951,
        "Time": "2017-05-14 00:23:06",
        "Lines": "511",
        "Lat": 52.344,
        "Brigade": "3"
      },
      {
        "Lon": 20.9511,
        "Time": "2017-05-14 00:23:16",
        "Lines": "511",
        "Lat": 52.3439,
        "Brigade": "3"
      },
      {
        "Lon": 20.9516,
        "Time": "2017-05-14 00:23:26",
        "Lines": "511",
        "Lat": 52.3433,
        "Brigade": "3"
      },
      {
        "Lon": 20.9517,
        "Time": "2017-05-14 00:23:36",
        "Lines": "511",
        "Lat": 52.3432,
        "Brigade": "3"
      },
      {
        "Lon": 20.9517,
        "Time": "2017-05-14 00:23:46",
        "Lines": "511",
        "Lat": 52.3432,
        "Brigade": "3"
      },
      {
        "Lon": 20.9525,
        "Time": "2017-05-14 00:23:56",
        "Lines": "511",
        "Lat": 52.3425,
        "Brigade": "3"
      },
      {
        "Lon": 20.9536,
        "Time": "2017-05-14 00:24:06",
        "Lines": "511",
        "Lat": 52.3415,
        "Brigade": "3"
      },
      {
        "Lon": 20.9561,
        "Time": "2017-05-14 00:24:26",
        "Lines": "511",
        "Lat": 52.3394,
        "Brigade": "3"
      },
      {
        "Lon": 20.9573,
        "Time": "2017-05-14 00:24:36",
        "Lines": "511",
        "Lat": 52.3384,
        "Brigade": "3"
      },
      {
        "Lon": 20.9584,
        "Time": "2017-05-14 00:24:46",
        "Lines": "511",
        "Lat": 52.3374,
        "Brigade": "3"
      },
      {
        "Lon": 20.9597,
        "Time": "2017-05-14 00:24:56",
        "Lines": "511",
        "Lat": 52.3363,
        "Brigade": "3"
      },
      {
        "Lon": 20.9609,
        "Time": "2017-05-14 00:25:06",
        "Lines": "511",
        "Lat": 52.3353,
        "Brigade": "3"
      },
      {
        "Lon": 20.962,
        "Time": "2017-05-14 00:25:16",
        "Lines": "511",
        "Lat": 52.3343,
        "Brigade": "3"
      },
      {
        "Lon": 20.9631,
        "Time": "2017-05-14 00:25:26",
        "Lines": "511",
        "Lat": 52.3334,
        "Brigade": "3"
      },
      {
        "Lon": 20.9642,
        "Time": "2017-05-14 00:25:36",
        "Lines": "511",
        "Lat": 52.3324,
        "Brigade": "3"
      },
      {
        "Lon": 20.965,
        "Time": "2017-05-14 00:25:46",
        "Lines": "511",
        "Lat": 52.3317,
        "Brigade": "3"
      },
      {
        "Lon": 20.9653,
        "Time": "2017-05-14 00:26:06",
        "Lines": "511",
        "Lat": 52.3314,
        "Brigade": "3"
      },
      {
        "Lon": 20.9653,
        "Time": "2017-05-14 00:26:16",
        "Lines": "511",
        "Lat": 52.3314,
        "Brigade": "3"
      },
      {
        "Lon": 20.9656,
        "Time": "2017-05-14 00:26:26",
        "Lines": "511",
        "Lat": 52.3311,
        "Brigade": "3"
      },
      {
        "Lon": 20.9659,
        "Time": "2017-05-14 00:26:36",
        "Lines": "511",
        "Lat": 52.3305,
        "Brigade": "3"
      },
      {
        "Lon": 20.9665,
        "Time": "2017-05-14 00:26:46",
        "Lines": "511",
        "Lat": 52.3296,
        "Brigade": "3"
      },
      {
        "Lon": 20.9671,
        "Time": "2017-05-14 00:26:56",
        "Lines": "511",
        "Lat": 52.3285,
        "Brigade": "3"
      },
      {
        "Lon": 20.9677,
        "Time": "2017-05-14 00:27:06",
        "Lines": "511",
        "Lat": 52.3274,
        "Brigade": "3"
      },
      {
        "Lon": 20.9684,
        "Time": "2017-05-14 00:27:16",
        "Lines": "511",
        "Lat": 52.3262,
        "Brigade": "3"
      },
      {
        "Lon": 20.9691,
        "Time": "2017-05-14 00:27:26",
        "Lines": "511",
        "Lat": 52.3249,
        "Brigade": "3"
      },
      {
        "Lon": 20.9699,
        "Time": "2017-05-14 00:27:36",
        "Lines": "511",
        "Lat": 52.3238,
        "Brigade": "3"
      },
      {
        "Lon": 20.9713,
        "Time": "2017-05-14 00:27:56",
        "Lines": "511",
        "Lat": 52.3217,
        "Brigade": "3"
      },
      {
        "Lon": 20.9719,
        "Time": "2017-05-14 00:28:06",
        "Lines": "511",
        "Lat": 52.3209,
        "Brigade": "3"
      },
      {
        "Lon": 20.9722,
        "Time": "2017-05-14 00:28:16",
        "Lines": "511",
        "Lat": 52.3205,
        "Brigade": "3"
      },
      {
        "Lon": 20.9722,
        "Time": "2017-05-14 00:28:26",
        "Lines": "511",
        "Lat": 52.3205,
        "Brigade": "3"
      },
      {
        "Lon": 20.9722,
        "Time": "2017-05-14 00:28:36",
        "Lines": "511",
        "Lat": 52.3205,
        "Brigade": "3"
      },
      {
        "Lon": 20.9722,
        "Time": "2017-05-14 00:28:46",
        "Lines": "511",
        "Lat": 52.3205,
        "Brigade": "3"
      },
      {
        "Lon": 20.9722,
        "Time": "2017-05-14 00:28:56",
        "Lines": "511",
        "Lat": 52.3205,
        "Brigade": "3"
      },
      {
        "Lon": 20.9722,
        "Time": "2017-05-14 00:29:06",
        "Lines": "511",
        "Lat": 52.3205,
        "Brigade": "3"
      },
      {
        "Lon": 20.9722,
        "Time": "2017-05-14 00:29:16",
        "Lines": "511",
        "Lat": 52.3205,
        "Brigade": "3"
      },
      {
        "Lon": 20.9722,
        "Time": "2017-05-14 00:29:26",
        "Lines": "511",
        "Lat": 52.3205,
        "Brigade": "3"
      },
      {
        "Lon": 20.9723,
        "Time": "2017-05-14 00:29:36",
        "Lines": "511",
        "Lat": 52.3204,
        "Brigade": "3"
      },
      {
        "Lon": 20.973,
        "Time": "2017-05-14 00:29:56",
        "Lines": "511",
        "Lat": 52.3194,
        "Brigade": "3"
      },
      {
        "Lon": 20.9737,
        "Time": "2017-05-14 00:30:06",
        "Lines": "511",
        "Lat": 52.3185,
        "Brigade": "3"
      },
      {
        "Lon": 20.9746,
        "Time": "2017-05-14 00:30:16",
        "Lines": "511",
        "Lat": 52.3173,
        "Brigade": "3"
      },
      {
        "Lon": 20.9754,
        "Time": "2017-05-14 00:30:26",
        "Lines": "511",
        "Lat": 52.3161,
        "Brigade": "3"
      },
      {
        "Lon": 20.9764,
        "Time": "2017-05-14 00:30:36",
        "Lines": "511",
        "Lat": 52.3148,
        "Brigade": "3"
      },
      {
        "Lon": 20.9773,
        "Time": "2017-05-14 00:30:46",
        "Lines": "511",
        "Lat": 52.3134,
        "Brigade": "3"
      },
      {
        "Lon": 20.9795,
        "Time": "2017-05-14 00:31:06",
        "Lines": "511",
        "Lat": 52.3108,
        "Brigade": "3"
      },
      {
        "Lon": 20.9824,
        "Time": "2017-05-14 00:31:26",
        "Lines": "511",
        "Lat": 52.3085,
        "Brigade": "3"
      },
      {
        "Lon": 20.9837,
        "Time": "2017-05-14 00:31:36",
        "Lines": "511",
        "Lat": 52.3074,
        "Brigade": "3"
      },
      {
        "Lon": 20.9853,
        "Time": "2017-05-14 00:31:46",
        "Lines": "511",
        "Lat": 52.3063,
        "Brigade": "3"
      },
      {
        "Lon": 20.9868,
        "Time": "2017-05-14 00:31:56",
        "Lines": "511",
        "Lat": 52.3052,
        "Brigade": "3"
      },
      {
        "Lon": 20.9883,
        "Time": "2017-05-14 00:32:06",
        "Lines": "511",
        "Lat": 52.304,
        "Brigade": "3"
      },
      {
        "Lon": 20.9897,
        "Time": "2017-05-14 00:32:16",
        "Lines": "511",
        "Lat": 52.3029,
        "Brigade": "3"
      },
      {
        "Lon": 20.9909,
        "Time": "2017-05-14 00:32:26",
        "Lines": "511",
        "Lat": 52.3017,
        "Brigade": "3"
      },
      {
        "Lon": 20.9921,
        "Time": "2017-05-14 00:32:36",
        "Lines": "511",
        "Lat": 52.3005,
        "Brigade": "3"
      },
      {
        "Lon": 20.9934,
        "Time": "2017-05-14 00:32:46",
        "Lines": "511",
        "Lat": 52.2994,
        "Brigade": "3"
      },
      {
        "Lon": 20.9959,
        "Time": "2017-05-14 00:33:06",
        "Lines": "511",
        "Lat": 52.2969,
        "Brigade": "3"
      },
      {
        "Lon": 20.9973,
        "Time": "2017-05-14 00:33:16",
        "Lines": "511",
        "Lat": 52.2956,
        "Brigade": "3"
      },
      {
        "Lon": 20.9988,
        "Time": "2017-05-14 00:33:26",
        "Lines": "511",
        "Lat": 52.2942,
        "Brigade": "3"
      },
      {
        "Lon": 21.0002,
        "Time": "2017-05-14 00:33:36",
        "Lines": "511",
        "Lat": 52.2929,
        "Brigade": "3"
      },
      {
        "Lon": 21.0015,
        "Time": "2017-05-14 00:33:46",
        "Lines": "511",
        "Lat": 52.2916,
        "Brigade": "3"
      },
      {
        "Lon": 21.0028,
        "Time": "2017-05-14 00:33:56",
        "Lines": "511",
        "Lat": 52.2903,
        "Brigade": "3"
      },
      {
        "Lon": 21.0042,
        "Time": "2017-05-14 00:34:06",
        "Lines": "511",
        "Lat": 52.2889,
        "Brigade": "3"
      },
      {
        "Lon": 21.0056,
        "Time": "2017-05-14 00:34:16",
        "Lines": "511",
        "Lat": 52.2876,
        "Brigade": "3"
      },
      {
        "Lon": 21.0069,
        "Time": "2017-05-14 00:34:26",
        "Lines": "511",
        "Lat": 52.2863,
        "Brigade": "3"
      },
      {
        "Lon": 21.0079,
        "Time": "2017-05-14 00:34:36",
        "Lines": "511",
        "Lat": 52.2849,
        "Brigade": "3"
      },
      {
        "Lon": 21.0097,
        "Time": "2017-05-14 00:34:56",
        "Lines": "511",
        "Lat": 52.282,
        "Brigade": "3"
      },
      {
        "Lon": 21.0105,
        "Time": "2017-05-14 00:35:06",
        "Lines": "511",
        "Lat": 52.2805,
        "Brigade": "3"
      },
      {
        "Lon": 21.0114,
        "Time": "2017-05-14 00:35:16",
        "Lines": "511",
        "Lat": 52.2792,
        "Brigade": "3"
      },
      {
        "Lon": 21.0122,
        "Time": "2017-05-14 00:35:26",
        "Lines": "511",
        "Lat": 52.2778,
        "Brigade": "3"
      },
      {
        "Lon": 21.0131,
        "Time": "2017-05-14 00:35:36",
        "Lines": "511",
        "Lat": 52.2764,
        "Brigade": "3"
      },
      {
        "Lon": 21.0147,
        "Time": "2017-05-14 00:35:56",
        "Lines": "511",
        "Lat": 52.2737,
        "Brigade": "3"
      },
      {
        "Lon": 21.0155,
        "Time": "2017-05-14 00:36:06",
        "Lines": "511",
        "Lat": 52.2724,
        "Brigade": "3"
      },
      {
        "Lon": 21.0165,
        "Time": "2017-05-14 00:36:16",
        "Lines": "511",
        "Lat": 52.2711,
        "Brigade": "3"
      },
      {
        "Lon": 21.018,
        "Time": "2017-05-14 00:36:26",
        "Lines": "511",
        "Lat": 52.2698,
        "Brigade": "3"
      },
      {
        "Lon": 21.0194,
        "Time": "2017-05-14 00:36:36",
        "Lines": "511",
        "Lat": 52.2686,
        "Brigade": "3"
      },
      {
        "Lon": 21.0204,
        "Time": "2017-05-14 00:36:56",
        "Lines": "511",
        "Lat": 52.2668,
        "Brigade": "3"
      },
      {
        "Lon": 21.0205,
        "Time": "2017-05-14 00:37:06",
        "Lines": "511",
        "Lat": 52.2664,
        "Brigade": "3"
      },
      {
        "Lon": 21.0208,
        "Time": "2017-05-14 00:37:16",
        "Lines": "511",
        "Lat": 52.2654,
        "Brigade": "3"
      },
      {
        "Lon": 21.0212,
        "Time": "2017-05-14 00:37:26",
        "Lines": "511",
        "Lat": 52.2644,
        "Brigade": "3"
      },
      {
        "Lon": 21.0209,
        "Time": "2017-05-14 00:37:36",
        "Lines": "511",
        "Lat": 52.2638,
        "Brigade": "3"
      },
      {
        "Lon": 21.0212,
        "Time": "2017-05-14 00:37:46",
        "Lines": "511",
        "Lat": 52.2634,
        "Brigade": "3"
      },
      {
        "Lon": 21.0222,
        "Time": "2017-05-14 00:37:56",
        "Lines": "511",
        "Lat": 52.2636,
        "Brigade": "3"
      },
      {
        "Lon": 21.0228,
        "Time": "2017-05-14 00:38:06",
        "Lines": "511",
        "Lat": 52.264,
        "Brigade": "3"
      },
      {
        "Lon": 21.0232,
        "Time": "2017-05-14 00:38:16",
        "Lines": "511",
        "Lat": 52.2641,
        "Brigade": "3"
      },
      {
        "Lon": 21.0232,
        "Time": "2017-05-14 00:38:36",
        "Lines": "511",
        "Lat": 52.2641,
        "Brigade": "3"
      },
      {
        "Lon": 21.0232,
        "Time": "2017-05-14 00:38:46",
        "Lines": "511",
        "Lat": 52.2641,
        "Brigade": "3"
      },
      {
        "Lon": 21.0232,
        "Time": "2017-05-14 00:38:56",
        "Lines": "511",
        "Lat": 52.2641,
        "Brigade": "3"
      },
      {
        "Lon": 21.0232,
        "Time": "2017-05-14 00:39:06",
        "Lines": "511",
        "Lat": 52.2641,
        "Brigade": "3"
      },
      {
        "Lon": 21.0232,
        "Time": "2017-05-14 00:39:16",
        "Lines": "511",
        "Lat": 52.2641,
        "Brigade": "3"
      },
      {
        "Lon": 21.0232,
        "Time": "2017-05-14 00:39:26",
        "Lines": "511",
        "Lat": 52.2641,
        "Brigade": "3"
      },
      {
        "Lon": 21.0232,
        "Time": "2017-05-14 00:39:36",
        "Lines": "511",
        "Lat": 52.2641,
        "Brigade": "3"
      },
      {
        "Lon": 21.0232,
        "Time": "2017-05-14 00:39:46",
        "Lines": "511",
        "Lat": 52.2641,
        "Brigade": "3"
      },
      {
        "Lon": 21.0232,
        "Time": "2017-05-14 00:39:56",
        "Lines": "511",
        "Lat": 52.2641,
        "Brigade": "3"
      },
      {
        "Lon": 21.0236,
        "Time": "2017-05-14 00:40:06",
        "Lines": "511",
        "Lat": 52.2642,
        "Brigade": "3"
      },
      {
        "Lon": 21.0267,
        "Time": "2017-05-14 00:40:26",
        "Lines": "511",
        "Lat": 52.2655,
        "Brigade": "3"
      },
      {
        "Lon": 21.0287,
        "Time": "2017-05-14 00:40:36",
        "Lines": "511",
        "Lat": 52.2661,
        "Brigade": "3"
      },
      {
        "Lon": 21.03,
        "Time": "2017-05-14 00:40:46",
        "Lines": "511",
        "Lat": 52.2665,
        "Brigade": "3"
      },
      {
        "Lon": 21.0301,
        "Time": "2017-05-14 00:40:56",
        "Lines": "511",
        "Lat": 52.2665,
        "Brigade": "3"
      },
      {
        "Lon": 21.0301,
        "Time": "2017-05-14 00:41:06",
        "Lines": "511",
        "Lat": 52.2665,
        "Brigade": "3"
      },
      {
        "Lon": 21.0302,
        "Time": "2017-05-14 00:41:16",
        "Lines": "511",
        "Lat": 52.2665,
        "Brigade": "3"
      },
      {
        "Lon": 21.0311,
        "Time": "2017-05-14 00:41:26",
        "Lines": "511",
        "Lat": 52.2668,
        "Brigade": "3"
      },
      {
        "Lon": 21.0328,
        "Time": "2017-05-14 00:41:36",
        "Lines": "511",
        "Lat": 52.2673,
        "Brigade": "3"
      },
      {
        "Lon": 21.0349,
        "Time": "2017-05-14 00:41:46",
        "Lines": "511",
        "Lat": 52.2676,
        "Brigade": "3"
      },
      {
        "Lon": 21.0374,
        "Time": "2017-05-14 00:42:06",
        "Lines": "511",
        "Lat": 52.2672,
        "Brigade": "3"
      },
      {
        "Lon": 21.0374,
        "Time": "2017-05-14 00:42:16",
        "Lines": "511",
        "Lat": 52.2672,
        "Brigade": "3"
      },
      {
        "Lon": 21.0374,
        "Time": "2017-05-14 00:42:26",
        "Lines": "511",
        "Lat": 52.2672,
        "Brigade": "3"
      },
      {
        "Lon": 21.0376,
        "Time": "2017-05-14 00:42:36",
        "Lines": "511",
        "Lat": 52.2672,
        "Brigade": "3"
      },
      {
        "Lon": 21.039,
        "Time": "2017-05-14 00:42:46",
        "Lines": "511",
        "Lat": 52.267,
        "Brigade": "3"
      },
      {
        "Lon": 21.0403,
        "Time": "2017-05-14 00:42:56",
        "Lines": "511",
        "Lat": 52.2662,
        "Brigade": "3"
      },
      {
        "Lon": 21.0415,
        "Time": "2017-05-14 00:43:06",
        "Lines": "511",
        "Lat": 52.2652,
        "Brigade": "3"
      },
      {
        "Lon": 21.0427,
        "Time": "2017-05-14 00:43:16",
        "Lines": "511",
        "Lat": 52.2641,
        "Brigade": "3"
      },
      {
        "Lon": 21.0439,
        "Time": "2017-05-14 00:43:26",
        "Lines": "511",
        "Lat": 52.2631,
        "Brigade": "3"
      },
      {
        "Lon": 21.0449,
        "Time": "2017-05-14 00:43:36",
        "Lines": "511",
        "Lat": 52.2622,
        "Brigade": "3"
      },
      {
        "Lon": 21.0468,
        "Time": "2017-05-14 00:43:56",
        "Lines": "511",
        "Lat": 52.2626,
        "Brigade": "3"
      },
      {
        "Lon": 21.0481,
        "Time": "2017-05-14 00:44:06",
        "Lines": "511",
        "Lat": 52.2632,
        "Brigade": "3"
      },
      {
        "Lon": 21.0481,
        "Time": "2017-05-14 00:44:16",
        "Lines": "511",
        "Lat": 52.2636,
        "Brigade": "3"
      },
      {
        "Lon": 21.0479,
        "Time": "2017-05-14 00:44:26",
        "Lines": "511",
        "Lat": 52.2636,
        "Brigade": "3"
      },
      {
        "Lon": 21.0479,
        "Time": "2017-05-14 00:44:36",
        "Lines": "511",
        "Lat": 52.2636,
        "Brigade": "3"
      },
      {
        "Lon": 21.0479,
        "Time": "2017-05-14 00:44:46",
        "Lines": "511",
        "Lat": 52.2636,
        "Brigade": "3"
      },
      {
        "Lon": 21.0479,
        "Time": "2017-05-14 00:44:56",
        "Lines": "511",
        "Lat": 52.2636,
        "Brigade": "3"
      },
      {
        "Lon": 21.0476,
        "Time": "2017-05-14 00:45:06",
        "Lines": "511",
        "Lat": 52.2637,
        "Brigade": "3"
      },
      {
        "Lon": 21.0473,
        "Time": "2017-05-14 00:45:16",
        "Lines": "511",
        "Lat": 52.2638,
        "Brigade": "3"
      },
      {
        "Lon": 21.0473,
        "Time": "2017-05-14 00:45:26",
        "Lines": "511",
        "Lat": 52.2638,
        "Brigade": "3"
      },
      {
        "Lon": 21.0473,
        "Time": "2017-05-14 00:45:46",
        "Lines": "511",
        "Lat": 52.2638,
        "Brigade": "3"
      },
      {
        "Lon": 21.0473,
        "Time": "2017-05-14 00:45:56",
        "Lines": "511",
        "Lat": 52.2638,
        "Brigade": "3"
      },
      {
        "Lon": 21.0473,
        "Time": "2017-05-14 00:46:06",
        "Lines": "511",
        "Lat": 52.2638,
        "Brigade": "3"
      },
      {
        "Lon": 21.0473,
        "Time": "2017-05-14 00:46:16",
        "Lines": "511",
        "Lat": 52.2638,
        "Brigade": "3"
      }
    ]
  }
]
