[
  {
    "res": [
      {
        "Lon": 21.0829,
        "Time": "2017-05-14 00:00:16",
        "Lines": "519",
        "Lat": 52.1665,
        "Brigade": "7"
      },
      {
        "Lon": 21.0829,
        "Time": "2017-05-14 00:00:31",
        "Lines": "519",
        "Lat": 52.1665,
        "Brigade": "7"
      },
      {
        "Lon": 21.0829,
        "Time": "2017-05-14 00:00:48",
        "Lines": "519",
        "Lat": 52.1665,
        "Brigade": "7"
      },
      {
        "Lon": 21.0829,
        "Time": "2017-05-14 00:01:05",
        "Lines": "519",
        "Lat": 52.1665,
        "Brigade": "7"
      },
      {
        "Lon": 21.076,
        "Time": "2017-05-14 00:01:55",
        "Lines": "519",
        "Lat": 52.168,
        "Brigade": "7"
      },
      {
        "Lon": 21.0729,
        "Time": "2017-05-14 00:02:11",
        "Lines": "519",
        "Lat": 52.1687,
        "Brigade": "7"
      },
      {
        "Lon": 21.0703,
        "Time": "2017-05-14 00:02:26",
        "Lines": "519",
        "Lat": 52.1693,
        "Brigade": "7"
      },
      {
        "Lon": 21.0687,
        "Time": "2017-05-14 00:02:42",
        "Lines": "519",
        "Lat": 52.1697,
        "Brigade": "7"
      },
      {
        "Lon": 21.0687,
        "Time": "2017-05-14 00:02:58",
        "Lines": "519",
        "Lat": 52.1697,
        "Brigade": "7"
      },
      {
        "Lon": 21.0687,
        "Time": "2017-05-14 00:03:15",
        "Lines": "519",
        "Lat": 52.1697,
        "Brigade": "7"
      },
      {
        "Lon": 21.0687,
        "Time": "2017-05-14 00:03:32",
        "Lines": "519",
        "Lat": 52.1697,
        "Brigade": "7"
      },
      {
        "Lon": 21.0687,
        "Time": "2017-05-14 00:03:49",
        "Lines": "519",
        "Lat": 52.1697,
        "Brigade": "7"
      },
      {
        "Lon": 21.0679,
        "Time": "2017-05-14 00:04:04",
        "Lines": "519",
        "Lat": 52.1695,
        "Brigade": "7"
      },
      {
        "Lon": 21.0691,
        "Time": "2017-05-14 00:04:36",
        "Lines": "519",
        "Lat": 52.1664,
        "Brigade": "7"
      },
      {
        "Lon": 21.0696,
        "Time": "2017-05-14 00:04:51",
        "Lines": "519",
        "Lat": 52.165,
        "Brigade": "7"
      },
      {
        "Lon": 21.0702,
        "Time": "2017-05-14 00:05:08",
        "Lines": "519",
        "Lat": 52.1635,
        "Brigade": "7"
      }
    ]
  }
]
