[
  {
    "res": [
      {
        "Lon": 21.0603,
        "Time": "2017-05-14 00:00:14",
        "Lines": "527",
        "Lat": 52.3152,
        "Brigade": "4"
      },
      {
        "Lon": 21.06,
        "Time": "2017-05-14 00:00:24",
        "Lines": "527",
        "Lat": 52.3157,
        "Brigade": "4"
      },
      {
        "Lon": 21.0598,
        "Time": "2017-05-14 00:00:34",
        "Lines": "527",
        "Lat": 52.3162,
        "Brigade": "4"
      },
      {
        "Lon": 21.0598,
        "Time": "2017-05-14 00:00:44",
        "Lines": "527",
        "Lat": 52.3162,
        "Brigade": "4"
      },
      {
        "Lon": 21.0595,
        "Time": "2017-05-14 00:00:54",
        "Lines": "527",
        "Lat": 52.3167,
        "Brigade": "4"
      },
      {
        "Lon": 21.0589,
        "Time": "2017-05-14 00:01:04",
        "Lines": "527",
        "Lat": 52.3176,
        "Brigade": "4"
      },
      {
        "Lon": 21.0584,
        "Time": "2017-05-14 00:01:14",
        "Lines": "527",
        "Lat": 52.3186,
        "Brigade": "4"
      },
      {
        "Lon": 21.0578,
        "Time": "2017-05-14 00:01:24",
        "Lines": "527",
        "Lat": 52.3196,
        "Brigade": "4"
      },
      {
        "Lon": 21.0576,
        "Time": "2017-05-14 00:01:34",
        "Lines": "527",
        "Lat": 52.3199,
        "Brigade": "4"
      },
      {
        "Lon": 21.0573,
        "Time": "2017-05-14 00:01:44",
        "Lines": "527",
        "Lat": 52.3204,
        "Brigade": "4"
      },
      {
        "Lon": 21.0572,
        "Time": "2017-05-14 00:02:04",
        "Lines": "527",
        "Lat": 52.3225,
        "Brigade": "4"
      },
      {
        "Lon": 21.0573,
        "Time": "2017-05-14 00:02:14",
        "Lines": "527",
        "Lat": 52.3227,
        "Brigade": "4"
      },
      {
        "Lon": 21.057,
        "Time": "2017-05-14 00:02:24",
        "Lines": "527",
        "Lat": 52.3234,
        "Brigade": "4"
      },
      {
        "Lon": 21.0568,
        "Time": "2017-05-14 00:02:34",
        "Lines": "527",
        "Lat": 52.3241,
        "Brigade": "4"
      },
      {
        "Lon": 21.0572,
        "Time": "2017-05-14 00:02:44",
        "Lines": "527",
        "Lat": 52.3241,
        "Brigade": "4"
      },
      {
        "Lon": 21.0572,
        "Time": "2017-05-14 00:02:54",
        "Lines": "527",
        "Lat": 52.3241,
        "Brigade": "4"
      },
      {
        "Lon": 21.058,
        "Time": "2017-05-14 00:03:04",
        "Lines": "527",
        "Lat": 52.3243,
        "Brigade": "4"
      },
      {
        "Lon": 21.0594,
        "Time": "2017-05-14 00:03:14",
        "Lines": "527",
        "Lat": 52.3247,
        "Brigade": "4"
      },
      {
        "Lon": 21.0612,
        "Time": "2017-05-14 00:03:24",
        "Lines": "527",
        "Lat": 52.3251,
        "Brigade": "4"
      },
      {
        "Lon": 21.0638,
        "Time": "2017-05-14 00:03:44",
        "Lines": "527",
        "Lat": 52.3251,
        "Brigade": "4"
      },
      {
        "Lon": 21.0647,
        "Time": "2017-05-14 00:03:54",
        "Lines": "527",
        "Lat": 52.3247,
        "Brigade": "4"
      },
      {
        "Lon": 21.0662,
        "Time": "2017-05-14 00:04:04",
        "Lines": "527",
        "Lat": 52.3244,
        "Brigade": "4"
      },
      {
        "Lon": 21.0672,
        "Time": "2017-05-14 00:04:14",
        "Lines": "527",
        "Lat": 52.3241,
        "Brigade": "4"
      },
      {
        "Lon": 21.067,
        "Time": "2017-05-14 00:04:24",
        "Lines": "527",
        "Lat": 52.3234,
        "Brigade": "4"
      },
      {
        "Lon": 21.0669,
        "Time": "2017-05-14 00:04:34",
        "Lines": "527",
        "Lat": 52.3227,
        "Brigade": "4"
      },
      {
        "Lon": 21.0667,
        "Time": "2017-05-14 00:04:44",
        "Lines": "527",
        "Lat": 52.322,
        "Brigade": "4"
      },
      {
        "Lon": 21.0664,
        "Time": "2017-05-14 00:04:54",
        "Lines": "527",
        "Lat": 52.3212,
        "Brigade": "4"
      },
      {
        "Lon": 21.0666,
        "Time": "2017-05-14 00:05:04",
        "Lines": "527",
        "Lat": 52.3203,
        "Brigade": "4"
      },
      {
        "Lon": 21.0668,
        "Time": "2017-05-14 00:05:14",
        "Lines": "527",
        "Lat": 52.3195,
        "Brigade": "4"
      },
      {
        "Lon": 21.0671,
        "Time": "2017-05-14 00:05:34",
        "Lines": "527",
        "Lat": 52.3181,
        "Brigade": "4"
      },
      {
        "Lon": 21.0673,
        "Time": "2017-05-14 00:05:54",
        "Lines": "527",
        "Lat": 52.3169,
        "Brigade": "4"
      },
      {
        "Lon": 21.0673,
        "Time": "2017-05-14 00:06:04",
        "Lines": "527",
        "Lat": 52.3169,
        "Brigade": "4"
      },
      {
        "Lon": 21.0674,
        "Time": "2017-05-14 00:06:14",
        "Lines": "527",
        "Lat": 52.3163,
        "Brigade": "4"
      },
      {
        "Lon": 21.0672,
        "Time": "2017-05-14 00:06:24",
        "Lines": "527",
        "Lat": 52.3157,
        "Brigade": "4"
      },
      {
        "Lon": 21.067,
        "Time": "2017-05-14 00:06:34",
        "Lines": "527",
        "Lat": 52.3151,
        "Brigade": "4"
      },
      {
        "Lon": 21.0668,
        "Time": "2017-05-14 00:06:44",
        "Lines": "527",
        "Lat": 52.3144,
        "Brigade": "4"
      },
      {
        "Lon": 21.0665,
        "Time": "2017-05-14 00:06:54",
        "Lines": "527",
        "Lat": 52.3136,
        "Brigade": "4"
      },
      {
        "Lon": 21.0661,
        "Time": "2017-05-14 00:07:04",
        "Lines": "527",
        "Lat": 52.3129,
        "Brigade": "4"
      },
      {
        "Lon": 21.064,
        "Time": "2017-05-14 00:07:24",
        "Lines": "527",
        "Lat": 52.3115,
        "Brigade": "4"
      },
      {
        "Lon": 21.0635,
        "Time": "2017-05-14 00:07:34",
        "Lines": "527",
        "Lat": 52.3112,
        "Brigade": "4"
      },
      {
        "Lon": 21.0635,
        "Time": "2017-05-14 00:07:44",
        "Lines": "527",
        "Lat": 52.3112,
        "Brigade": "4"
      },
      {
        "Lon": 21.0629,
        "Time": "2017-05-14 00:07:54",
        "Lines": "527",
        "Lat": 52.3108,
        "Brigade": "4"
      },
      {
        "Lon": 21.0622,
        "Time": "2017-05-14 00:08:04",
        "Lines": "527",
        "Lat": 52.3104,
        "Brigade": "4"
      },
      {
        "Lon": 21.0616,
        "Time": "2017-05-14 00:08:14",
        "Lines": "527",
        "Lat": 52.3102,
        "Brigade": "4"
      },
      {
        "Lon": 21.0618,
        "Time": "2017-05-14 00:08:24",
        "Lines": "527",
        "Lat": 52.3097,
        "Brigade": "4"
      },
      {
        "Lon": 21.0618,
        "Time": "2017-05-14 00:08:34",
        "Lines": "527",
        "Lat": 52.3095,
        "Brigade": "4"
      },
      {
        "Lon": 21.0615,
        "Time": "2017-05-14 00:08:54",
        "Lines": "527",
        "Lat": 52.3084,
        "Brigade": "4"
      },
      {
        "Lon": 21.0611,
        "Time": "2017-05-14 00:09:04",
        "Lines": "527",
        "Lat": 52.3073,
        "Brigade": "4"
      },
      {
        "Lon": 21.0606,
        "Time": "2017-05-14 00:09:14",
        "Lines": "527",
        "Lat": 52.3063,
        "Brigade": "4"
      },
      {
        "Lon": 21.0603,
        "Time": "2017-05-14 00:09:24",
        "Lines": "527",
        "Lat": 52.3054,
        "Brigade": "4"
      },
      {
        "Lon": 21.0598,
        "Time": "2017-05-14 00:09:34",
        "Lines": "527",
        "Lat": 52.3047,
        "Brigade": "4"
      },
      {
        "Lon": 21.0595,
        "Time": "2017-05-14 00:09:44",
        "Lines": "527",
        "Lat": 52.3038,
        "Brigade": "4"
      },
      {
        "Lon": 21.0591,
        "Time": "2017-05-14 00:09:54",
        "Lines": "527",
        "Lat": 52.303,
        "Brigade": "4"
      },
      {
        "Lon": 21.0548,
        "Time": "2017-05-14 00:11:24",
        "Lines": "527",
        "Lat": 52.2964,
        "Brigade": "4"
      },
      {
        "Lon": 21.0547,
        "Time": "2017-05-14 00:11:34",
        "Lines": "527",
        "Lat": 52.2964,
        "Brigade": "4"
      },
      {
        "Lon": 21.0547,
        "Time": "2017-05-14 00:11:44",
        "Lines": "527",
        "Lat": 52.2964,
        "Brigade": "4"
      },
      {
        "Lon": 21.0543,
        "Time": "2017-05-14 00:12:04",
        "Lines": "527",
        "Lat": 52.2959,
        "Brigade": "4"
      },
      {
        "Lon": 21.0535,
        "Time": "2017-05-14 00:12:14",
        "Lines": "527",
        "Lat": 52.2949,
        "Brigade": "4"
      },
      {
        "Lon": 21.0528,
        "Time": "2017-05-14 00:12:24",
        "Lines": "527",
        "Lat": 52.2939,
        "Brigade": "4"
      },
      {
        "Lon": 21.0522,
        "Time": "2017-05-14 00:12:34",
        "Lines": "527",
        "Lat": 52.2929,
        "Brigade": "4"
      },
      {
        "Lon": 21.0519,
        "Time": "2017-05-14 00:12:44",
        "Lines": "527",
        "Lat": 52.2922,
        "Brigade": "4"
      },
      {
        "Lon": 21.0529,
        "Time": "2017-05-14 00:12:54",
        "Lines": "527",
        "Lat": 52.2921,
        "Brigade": "4"
      },
      {
        "Lon": 21.053,
        "Time": "2017-05-14 00:13:04",
        "Lines": "527",
        "Lat": 52.2922,
        "Brigade": "4"
      },
      {
        "Lon": 21.053,
        "Time": "2017-05-14 00:13:14",
        "Lines": "527",
        "Lat": 52.2922,
        "Brigade": "4"
      },
      {
        "Lon": 21.0537,
        "Time": "2017-05-14 00:13:24",
        "Lines": "527",
        "Lat": 52.2923,
        "Brigade": "4"
      },
      {
        "Lon": 21.0566,
        "Time": "2017-05-14 00:13:44",
        "Lines": "527",
        "Lat": 52.2923,
        "Brigade": "4"
      },
      {
        "Lon": 21.0584,
        "Time": "2017-05-14 00:13:54",
        "Lines": "527",
        "Lat": 52.2922,
        "Brigade": "4"
      },
      {
        "Lon": 21.0602,
        "Time": "2017-05-14 00:14:04",
        "Lines": "527",
        "Lat": 52.2922,
        "Brigade": "4"
      },
      {
        "Lon": 21.062,
        "Time": "2017-05-14 00:14:14",
        "Lines": "527",
        "Lat": 52.2921,
        "Brigade": "4"
      },
      {
        "Lon": 21.0638,
        "Time": "2017-05-14 00:14:24",
        "Lines": "527",
        "Lat": 52.292,
        "Brigade": "4"
      },
      {
        "Lon": 21.0657,
        "Time": "2017-05-14 00:14:34",
        "Lines": "527",
        "Lat": 52.2919,
        "Brigade": "4"
      },
      {
        "Lon": 21.0674,
        "Time": "2017-05-14 00:14:44",
        "Lines": "527",
        "Lat": 52.2918,
        "Brigade": "4"
      },
      {
        "Lon": 21.0689,
        "Time": "2017-05-14 00:14:54",
        "Lines": "527",
        "Lat": 52.2913,
        "Brigade": "4"
      },
      {
        "Lon": 21.0697,
        "Time": "2017-05-14 00:15:04",
        "Lines": "527",
        "Lat": 52.2908,
        "Brigade": "4"
      },
      {
        "Lon": 21.07,
        "Time": "2017-05-14 00:15:24",
        "Lines": "527",
        "Lat": 52.2906,
        "Brigade": "4"
      },
      {
        "Lon": 21.0709,
        "Time": "2017-05-14 00:15:34",
        "Lines": "527",
        "Lat": 52.29,
        "Brigade": "4"
      },
      {
        "Lon": 21.0721,
        "Time": "2017-05-14 00:15:44",
        "Lines": "527",
        "Lat": 52.2892,
        "Brigade": "4"
      },
      {
        "Lon": 21.0732,
        "Time": "2017-05-14 00:15:54",
        "Lines": "527",
        "Lat": 52.2884,
        "Brigade": "4"
      },
      {
        "Lon": 21.0743,
        "Time": "2017-05-14 00:16:04",
        "Lines": "527",
        "Lat": 52.2876,
        "Brigade": "4"
      },
      {
        "Lon": 21.075,
        "Time": "2017-05-14 00:16:14",
        "Lines": "527",
        "Lat": 52.2871,
        "Brigade": "4"
      },
      {
        "Lon": 21.075,
        "Time": "2017-05-14 00:16:24",
        "Lines": "527",
        "Lat": 52.2871,
        "Brigade": "4"
      },
      {
        "Lon": 21.075,
        "Time": "2017-05-14 00:16:34",
        "Lines": "527",
        "Lat": 52.2871,
        "Brigade": "4"
      },
      {
        "Lon": 21.0751,
        "Time": "2017-05-14 00:16:54",
        "Lines": "527",
        "Lat": 52.287,
        "Brigade": "4"
      },
      {
        "Lon": 21.0748,
        "Time": "2017-05-14 00:17:04",
        "Lines": "527",
        "Lat": 52.2865,
        "Brigade": "4"
      },
      {
        "Lon": 21.0747,
        "Time": "2017-05-14 00:17:14",
        "Lines": "527",
        "Lat": 52.2864,
        "Brigade": "4"
      },
      {
        "Lon": 21.0747,
        "Time": "2017-05-14 00:17:24",
        "Lines": "527",
        "Lat": 52.2864,
        "Brigade": "4"
      },
      {
        "Lon": 21.0744,
        "Time": "2017-05-14 00:17:34",
        "Lines": "527",
        "Lat": 52.286,
        "Brigade": "4"
      },
      {
        "Lon": 21.0737,
        "Time": "2017-05-14 00:17:44",
        "Lines": "527",
        "Lat": 52.2851,
        "Brigade": "4"
      },
      {
        "Lon": 21.0726,
        "Time": "2017-05-14 00:17:54",
        "Lines": "527",
        "Lat": 52.2839,
        "Brigade": "4"
      },
      {
        "Lon": 21.0715,
        "Time": "2017-05-14 00:18:04",
        "Lines": "527",
        "Lat": 52.2825,
        "Brigade": "4"
      },
      {
        "Lon": 21.0705,
        "Time": "2017-05-14 00:18:14",
        "Lines": "527",
        "Lat": 52.2812,
        "Brigade": "4"
      },
      {
        "Lon": 21.0699,
        "Time": "2017-05-14 00:18:34",
        "Lines": "527",
        "Lat": 52.2806,
        "Brigade": "4"
      },
      {
        "Lon": 21.0699,
        "Time": "2017-05-14 00:18:44",
        "Lines": "527",
        "Lat": 52.2806,
        "Brigade": "4"
      },
      {
        "Lon": 21.0694,
        "Time": "2017-05-14 00:18:54",
        "Lines": "527",
        "Lat": 52.28,
        "Brigade": "4"
      },
      {
        "Lon": 21.0686,
        "Time": "2017-05-14 00:19:04",
        "Lines": "527",
        "Lat": 52.279,
        "Brigade": "4"
      },
      {
        "Lon": 21.0678,
        "Time": "2017-05-14 00:19:14",
        "Lines": "527",
        "Lat": 52.278,
        "Brigade": "4"
      },
      {
        "Lon": 21.0672,
        "Time": "2017-05-14 00:19:24",
        "Lines": "527",
        "Lat": 52.2773,
        "Brigade": "4"
      },
      {
        "Lon": 21.0667,
        "Time": "2017-05-14 00:19:34",
        "Lines": "527",
        "Lat": 52.2766,
        "Brigade": "4"
      },
      {
        "Lon": 21.0658,
        "Time": "2017-05-14 00:19:44",
        "Lines": "527",
        "Lat": 52.2755,
        "Brigade": "4"
      },
      {
        "Lon": 21.0647,
        "Time": "2017-05-14 00:19:54",
        "Lines": "527",
        "Lat": 52.2741,
        "Brigade": "4"
      },
      {
        "Lon": 21.0639,
        "Time": "2017-05-14 00:20:14",
        "Lines": "527",
        "Lat": 52.2731,
        "Brigade": "4"
      },
      {
        "Lon": 21.0639,
        "Time": "2017-05-14 00:20:24",
        "Lines": "527",
        "Lat": 52.2732,
        "Brigade": "4"
      },
      {
        "Lon": 21.0638,
        "Time": "2017-05-14 00:20:34",
        "Lines": "527",
        "Lat": 52.273,
        "Brigade": "4"
      },
      {
        "Lon": 21.0632,
        "Time": "2017-05-14 00:20:44",
        "Lines": "527",
        "Lat": 52.2723,
        "Brigade": "4"
      },
      {
        "Lon": 21.0623,
        "Time": "2017-05-14 00:20:54",
        "Lines": "527",
        "Lat": 52.2713,
        "Brigade": "4"
      },
      {
        "Lon": 21.0616,
        "Time": "2017-05-14 00:21:04",
        "Lines": "527",
        "Lat": 52.2703,
        "Brigade": "4"
      },
      {
        "Lon": 21.0609,
        "Time": "2017-05-14 00:21:14",
        "Lines": "527",
        "Lat": 52.2695,
        "Brigade": "4"
      },
      {
        "Lon": 21.0607,
        "Time": "2017-05-14 00:21:24",
        "Lines": "527",
        "Lat": 52.2693,
        "Brigade": "4"
      },
      {
        "Lon": 21.0607,
        "Time": "2017-05-14 00:21:34",
        "Lines": "527",
        "Lat": 52.2693,
        "Brigade": "4"
      },
      {
        "Lon": 21.0602,
        "Time": "2017-05-14 00:21:44",
        "Lines": "527",
        "Lat": 52.2687,
        "Brigade": "4"
      },
      {
        "Lon": 21.0594,
        "Time": "2017-05-14 00:21:54",
        "Lines": "527",
        "Lat": 52.2678,
        "Brigade": "4"
      },
      {
        "Lon": 21.0585,
        "Time": "2017-05-14 00:22:14",
        "Lines": "527",
        "Lat": 52.2666,
        "Brigade": "4"
      },
      {
        "Lon": 21.0584,
        "Time": "2017-05-14 00:22:24",
        "Lines": "527",
        "Lat": 52.2666,
        "Brigade": "4"
      },
      {
        "Lon": 21.0579,
        "Time": "2017-05-14 00:22:34",
        "Lines": "527",
        "Lat": 52.2659,
        "Brigade": "4"
      },
      {
        "Lon": 21.0569,
        "Time": "2017-05-14 00:22:44",
        "Lines": "527",
        "Lat": 52.2648,
        "Brigade": "4"
      },
      {
        "Lon": 21.0552,
        "Time": "2017-05-14 00:22:54",
        "Lines": "527",
        "Lat": 52.2637,
        "Brigade": "4"
      },
      {
        "Lon": 21.053,
        "Time": "2017-05-14 00:23:04",
        "Lines": "527",
        "Lat": 52.2628,
        "Brigade": "4"
      },
      {
        "Lon": 21.0511,
        "Time": "2017-05-14 00:23:14",
        "Lines": "527",
        "Lat": 52.2619,
        "Brigade": "4"
      },
      {
        "Lon": 21.0494,
        "Time": "2017-05-14 00:23:24",
        "Lines": "527",
        "Lat": 52.2612,
        "Brigade": "4"
      },
      {
        "Lon": 21.0479,
        "Time": "2017-05-14 00:23:34",
        "Lines": "527",
        "Lat": 52.2606,
        "Brigade": "4"
      },
      {
        "Lon": 21.0474,
        "Time": "2017-05-14 00:23:54",
        "Lines": "527",
        "Lat": 52.2603,
        "Brigade": "4"
      },
      {
        "Lon": 21.0474,
        "Time": "2017-05-14 00:24:04",
        "Lines": "527",
        "Lat": 52.2603,
        "Brigade": "4"
      },
      {
        "Lon": 21.0474,
        "Time": "2017-05-14 00:24:14",
        "Lines": "527",
        "Lat": 52.2603,
        "Brigade": "4"
      },
      {
        "Lon": 21.0465,
        "Time": "2017-05-14 00:24:24",
        "Lines": "527",
        "Lat": 52.2599,
        "Brigade": "4"
      },
      {
        "Lon": 21.0449,
        "Time": "2017-05-14 00:24:34",
        "Lines": "527",
        "Lat": 52.2592,
        "Brigade": "4"
      },
      {
        "Lon": 21.0429,
        "Time": "2017-05-14 00:24:44",
        "Lines": "527",
        "Lat": 52.2584,
        "Brigade": "4"
      },
      {
        "Lon": 21.0405,
        "Time": "2017-05-14 00:24:54",
        "Lines": "527",
        "Lat": 52.2573,
        "Brigade": "4"
      },
      {
        "Lon": 21.038,
        "Time": "2017-05-14 00:25:04",
        "Lines": "527",
        "Lat": 52.2562,
        "Brigade": "4"
      },
      {
        "Lon": 21.0362,
        "Time": "2017-05-14 00:25:14",
        "Lines": "527",
        "Lat": 52.2554,
        "Brigade": "4"
      },
      {
        "Lon": 21.0355,
        "Time": "2017-05-14 00:25:24",
        "Lines": "527",
        "Lat": 52.2551,
        "Brigade": "4"
      },
      {
        "Lon": 21.0354,
        "Time": "2017-05-14 00:25:44",
        "Lines": "527",
        "Lat": 52.2551,
        "Brigade": "4"
      },
      {
        "Lon": 21.0354,
        "Time": "2017-05-14 00:25:54",
        "Lines": "527",
        "Lat": 52.2551,
        "Brigade": "4"
      },
      {
        "Lon": 21.0354,
        "Time": "2017-05-14 00:26:04",
        "Lines": "527",
        "Lat": 52.2551,
        "Brigade": "4"
      },
      {
        "Lon": 21.0354,
        "Time": "2017-05-14 00:26:14",
        "Lines": "527",
        "Lat": 52.2551,
        "Brigade": "4"
      },
      {
        "Lon": 21.0352,
        "Time": "2017-05-14 00:26:24",
        "Lines": "527",
        "Lat": 52.255,
        "Brigade": "4"
      },
      {
        "Lon": 21.0347,
        "Time": "2017-05-14 00:26:34",
        "Lines": "527",
        "Lat": 52.2552,
        "Brigade": "4"
      },
      {
        "Lon": 21.0346,
        "Time": "2017-05-14 00:26:44",
        "Lines": "527",
        "Lat": 52.2553,
        "Brigade": "4"
      },
      {
        "Lon": 21.0346,
        "Time": "2017-05-14 00:26:54",
        "Lines": "527",
        "Lat": 52.2553,
        "Brigade": "4"
      },
      {
        "Lon": 21.0345,
        "Time": "2017-05-14 00:27:04",
        "Lines": "527",
        "Lat": 52.2555,
        "Brigade": "4"
      },
      {
        "Lon": 21.0352,
        "Time": "2017-05-14 00:27:14",
        "Lines": "527",
        "Lat": 52.2559,
        "Brigade": "4"
      },
      {
        "Lon": 21.0379,
        "Time": "2017-05-14 00:27:34",
        "Lines": "527",
        "Lat": 52.2571,
        "Brigade": "4"
      },
      {
        "Lon": 21.0393,
        "Time": "2017-05-14 00:27:44",
        "Lines": "527",
        "Lat": 52.2577,
        "Brigade": "4"
      },
      {
        "Lon": 21.0401,
        "Time": "2017-05-14 00:27:54",
        "Lines": "527",
        "Lat": 52.2581,
        "Brigade": "4"
      },
      {
        "Lon": 21.0399,
        "Time": "2017-05-14 00:28:04",
        "Lines": "527",
        "Lat": 52.2585,
        "Brigade": "4"
      },
      {
        "Lon": 21.0392,
        "Time": "2017-05-14 00:28:14",
        "Lines": "527",
        "Lat": 52.2592,
        "Brigade": "4"
      },
      {
        "Lon": 21.0393,
        "Time": "2017-05-14 00:28:24",
        "Lines": "527",
        "Lat": 52.2594,
        "Brigade": "4"
      },
      {
        "Lon": 21.0404,
        "Time": "2017-05-14 00:28:34",
        "Lines": "527",
        "Lat": 52.2599,
        "Brigade": "4"
      },
      {
        "Lon": 21.0419,
        "Time": "2017-05-14 00:28:44",
        "Lines": "527",
        "Lat": 52.2606,
        "Brigade": "4"
      },
      {
        "Lon": 21.0434,
        "Time": "2017-05-14 00:28:54",
        "Lines": "527",
        "Lat": 52.2612,
        "Brigade": "4"
      },
      {
        "Lon": 21.0449,
        "Time": "2017-05-14 00:29:04",
        "Lines": "527",
        "Lat": 52.2618,
        "Brigade": "4"
      },
      {
        "Lon": 21.0464,
        "Time": "2017-05-14 00:29:14",
        "Lines": "527",
        "Lat": 52.2624,
        "Brigade": "4"
      }
    ]
  }
]
