[
  {
    "res": [
      {
        "Lon": 21.2401,
        "Time": "2017-05-14 00:00:07",
        "Lines": "702",
        "Lat": 52.1298,
        "Brigade": "2"
      },
      {
        "Lon": 21.2392,
        "Time": "2017-05-14 00:00:40",
        "Lines": "702",
        "Lat": 52.1331,
        "Brigade": "2"
      },
      {
        "Lon": 21.2378,
        "Time": "2017-05-14 00:00:56",
        "Lines": "702",
        "Lat": 52.1346,
        "Brigade": "2"
      },
      {
        "Lon": 21.2361,
        "Time": "2017-05-14 00:01:12",
        "Lines": "702",
        "Lat": 52.1362,
        "Brigade": "2"
      },
      {
        "Lon": 21.235,
        "Time": "2017-05-14 00:01:29",
        "Lines": "702",
        "Lat": 52.1374,
        "Brigade": "2"
      },
      {
        "Lon": 21.2344,
        "Time": "2017-05-14 00:01:44",
        "Lines": "702",
        "Lat": 52.138,
        "Brigade": "2"
      },
      {
        "Lon": 21.2331,
        "Time": "2017-05-14 00:02:00",
        "Lines": "702",
        "Lat": 52.1393,
        "Brigade": "2"
      },
      {
        "Lon": 21.2318,
        "Time": "2017-05-14 00:02:16",
        "Lines": "702",
        "Lat": 52.1407,
        "Brigade": "2"
      },
      {
        "Lon": 21.2303,
        "Time": "2017-05-14 00:02:32",
        "Lines": "702",
        "Lat": 52.1422,
        "Brigade": "2"
      },
      {
        "Lon": 21.2288,
        "Time": "2017-05-14 00:02:47",
        "Lines": "702",
        "Lat": 52.1437,
        "Brigade": "2"
      },
      {
        "Lon": 21.2274,
        "Time": "2017-05-14 00:03:05",
        "Lines": "702",
        "Lat": 52.1452,
        "Brigade": "2"
      },
      {
        "Lon": 21.2257,
        "Time": "2017-05-14 00:03:20",
        "Lines": "702",
        "Lat": 52.1467,
        "Brigade": "2"
      },
      {
        "Lon": 21.2245,
        "Time": "2017-05-14 00:03:36",
        "Lines": "702",
        "Lat": 52.1479,
        "Brigade": "2"
      },
      {
        "Lon": 21.2234,
        "Time": "2017-05-14 00:03:51",
        "Lines": "702",
        "Lat": 52.149,
        "Brigade": "2"
      },
      {
        "Lon": 21.2228,
        "Time": "2017-05-14 00:04:07",
        "Lines": "702",
        "Lat": 52.1496,
        "Brigade": "2"
      },
      {
        "Lon": 21.2197,
        "Time": "2017-05-14 00:04:39",
        "Lines": "702",
        "Lat": 52.1527,
        "Brigade": "2"
      },
      {
        "Lon": 21.2181,
        "Time": "2017-05-14 00:04:56",
        "Lines": "702",
        "Lat": 52.1543,
        "Brigade": "2"
      },
      {
        "Lon": 21.2165,
        "Time": "2017-05-14 00:05:12",
        "Lines": "702",
        "Lat": 52.1559,
        "Brigade": "2"
      },
      {
        "Lon": 21.2147,
        "Time": "2017-05-14 00:05:27",
        "Lines": "702",
        "Lat": 52.1577,
        "Brigade": "2"
      },
      {
        "Lon": 21.2131,
        "Time": "2017-05-14 00:05:43",
        "Lines": "702",
        "Lat": 52.1594,
        "Brigade": "2"
      },
      {
        "Lon": 21.2119,
        "Time": "2017-05-14 00:05:59",
        "Lines": "702",
        "Lat": 52.1606,
        "Brigade": "2"
      },
      {
        "Lon": 21.2114,
        "Time": "2017-05-14 00:06:16",
        "Lines": "702",
        "Lat": 52.1612,
        "Brigade": "2"
      },
      {
        "Lon": 21.21,
        "Time": "2017-05-14 00:06:31",
        "Lines": "702",
        "Lat": 52.1624,
        "Brigade": "2"
      },
      {
        "Lon": 21.2084,
        "Time": "2017-05-14 00:06:47",
        "Lines": "702",
        "Lat": 52.164,
        "Brigade": "2"
      },
      {
        "Lon": 21.2068,
        "Time": "2017-05-14 00:07:04",
        "Lines": "702",
        "Lat": 52.1657,
        "Brigade": "2"
      },
      {
        "Lon": 21.2053,
        "Time": "2017-05-14 00:07:20",
        "Lines": "702",
        "Lat": 52.1672,
        "Brigade": "2"
      },
      {
        "Lon": 21.2037,
        "Time": "2017-05-14 00:07:35",
        "Lines": "702",
        "Lat": 52.1688,
        "Brigade": "2"
      },
      {
        "Lon": 21.2022,
        "Time": "2017-05-14 00:07:51",
        "Lines": "702",
        "Lat": 52.1703,
        "Brigade": "2"
      },
      {
        "Lon": 21.2008,
        "Time": "2017-05-14 00:08:06",
        "Lines": "702",
        "Lat": 52.1717,
        "Brigade": "2"
      },
      {
        "Lon": 21.1977,
        "Time": "2017-05-14 00:08:39",
        "Lines": "702",
        "Lat": 52.1747,
        "Brigade": "2"
      },
      {
        "Lon": 21.1961,
        "Time": "2017-05-14 00:08:54",
        "Lines": "702",
        "Lat": 52.1764,
        "Brigade": "2"
      },
      {
        "Lon": 21.1945,
        "Time": "2017-05-14 00:09:10",
        "Lines": "702",
        "Lat": 52.1781,
        "Brigade": "2"
      },
      {
        "Lon": 21.1929,
        "Time": "2017-05-14 00:09:26",
        "Lines": "702",
        "Lat": 52.1796,
        "Brigade": "2"
      },
      {
        "Lon": 21.1912,
        "Time": "2017-05-14 00:09:41",
        "Lines": "702",
        "Lat": 52.1812,
        "Brigade": "2"
      },
      {
        "Lon": 21.1897,
        "Time": "2017-05-14 00:09:57",
        "Lines": "702",
        "Lat": 52.1827,
        "Brigade": "2"
      },
      {
        "Lon": 21.1834,
        "Time": "2017-05-14 00:11:18",
        "Lines": "702",
        "Lat": 52.1892,
        "Brigade": "2"
      },
      {
        "Lon": 21.1816,
        "Time": "2017-05-14 00:11:33",
        "Lines": "702",
        "Lat": 52.1909,
        "Brigade": "2"
      },
      {
        "Lon": 21.1801,
        "Time": "2017-05-14 00:11:50",
        "Lines": "702",
        "Lat": 52.1924,
        "Brigade": "2"
      },
      {
        "Lon": 21.1785,
        "Time": "2017-05-14 00:12:05",
        "Lines": "702",
        "Lat": 52.1939,
        "Brigade": "2"
      },
      {
        "Lon": 21.1769,
        "Time": "2017-05-14 00:12:21",
        "Lines": "702",
        "Lat": 52.1955,
        "Brigade": "2"
      },
      {
        "Lon": 21.1751,
        "Time": "2017-05-14 00:12:37",
        "Lines": "702",
        "Lat": 52.1972,
        "Brigade": "2"
      },
      {
        "Lon": 21.1735,
        "Time": "2017-05-14 00:12:53",
        "Lines": "702",
        "Lat": 52.1989,
        "Brigade": "2"
      },
      {
        "Lon": 21.1718,
        "Time": "2017-05-14 00:13:09",
        "Lines": "702",
        "Lat": 52.2005,
        "Brigade": "2"
      },
      {
        "Lon": 21.1703,
        "Time": "2017-05-14 00:13:26",
        "Lines": "702",
        "Lat": 52.2021,
        "Brigade": "2"
      },
      {
        "Lon": 21.1689,
        "Time": "2017-05-14 00:13:41",
        "Lines": "702",
        "Lat": 52.2035,
        "Brigade": "2"
      },
      {
        "Lon": 21.1679,
        "Time": "2017-05-14 00:13:57",
        "Lines": "702",
        "Lat": 52.2047,
        "Brigade": "2"
      },
      {
        "Lon": 21.1672,
        "Time": "2017-05-14 00:14:13",
        "Lines": "702",
        "Lat": 52.2055,
        "Brigade": "2"
      },
      {
        "Lon": 21.1658,
        "Time": "2017-05-14 00:14:28",
        "Lines": "702",
        "Lat": 52.2068,
        "Brigade": "2"
      },
      {
        "Lon": 21.1642,
        "Time": "2017-05-14 00:14:45",
        "Lines": "702",
        "Lat": 52.2085,
        "Brigade": "2"
      },
      {
        "Lon": 21.1626,
        "Time": "2017-05-14 00:15:00",
        "Lines": "702",
        "Lat": 52.2101,
        "Brigade": "2"
      },
      {
        "Lon": 21.1612,
        "Time": "2017-05-14 00:15:16",
        "Lines": "702",
        "Lat": 52.2115,
        "Brigade": "2"
      },
      {
        "Lon": 21.1597,
        "Time": "2017-05-14 00:15:32",
        "Lines": "702",
        "Lat": 52.213,
        "Brigade": "2"
      },
      {
        "Lon": 21.1587,
        "Time": "2017-05-14 00:15:47",
        "Lines": "702",
        "Lat": 52.214,
        "Brigade": "2"
      },
      {
        "Lon": 21.1577,
        "Time": "2017-05-14 00:16:04",
        "Lines": "702",
        "Lat": 52.215,
        "Brigade": "2"
      },
      {
        "Lon": 21.1563,
        "Time": "2017-05-14 00:16:21",
        "Lines": "702",
        "Lat": 52.2164,
        "Brigade": "2"
      },
      {
        "Lon": 21.1546,
        "Time": "2017-05-14 00:16:37",
        "Lines": "702",
        "Lat": 52.2181,
        "Brigade": "2"
      },
      {
        "Lon": 21.1531,
        "Time": "2017-05-14 00:16:52",
        "Lines": "702",
        "Lat": 52.2195,
        "Brigade": "2"
      },
      {
        "Lon": 21.1516,
        "Time": "2017-05-14 00:17:08",
        "Lines": "702",
        "Lat": 52.221,
        "Brigade": "2"
      },
      {
        "Lon": 21.1498,
        "Time": "2017-05-14 00:17:24",
        "Lines": "702",
        "Lat": 52.2223,
        "Brigade": "2"
      },
      {
        "Lon": 21.1484,
        "Time": "2017-05-14 00:17:40",
        "Lines": "702",
        "Lat": 52.2237,
        "Brigade": "2"
      },
      {
        "Lon": 21.1471,
        "Time": "2017-05-14 00:17:56",
        "Lines": "702",
        "Lat": 52.225,
        "Brigade": "2"
      },
      {
        "Lon": 21.1466,
        "Time": "2017-05-14 00:18:11",
        "Lines": "702",
        "Lat": 52.2261,
        "Brigade": "2"
      },
      {
        "Lon": 21.1435,
        "Time": "2017-05-14 00:18:43",
        "Lines": "702",
        "Lat": 52.2275,
        "Brigade": "2"
      },
      {
        "Lon": 21.1417,
        "Time": "2017-05-14 00:19:00",
        "Lines": "702",
        "Lat": 52.2281,
        "Brigade": "2"
      },
      {
        "Lon": 21.1404,
        "Time": "2017-05-14 00:19:16",
        "Lines": "702",
        "Lat": 52.2286,
        "Brigade": "2"
      },
      {
        "Lon": 21.1386,
        "Time": "2017-05-14 00:19:31",
        "Lines": "702",
        "Lat": 52.2294,
        "Brigade": "2"
      },
      {
        "Lon": 21.1368,
        "Time": "2017-05-14 00:19:47",
        "Lines": "702",
        "Lat": 52.2302,
        "Brigade": "2"
      },
      {
        "Lon": 21.1348,
        "Time": "2017-05-14 00:20:03",
        "Lines": "702",
        "Lat": 52.2311,
        "Brigade": "2"
      },
      {
        "Lon": 21.1328,
        "Time": "2017-05-14 00:20:19",
        "Lines": "702",
        "Lat": 52.232,
        "Brigade": "2"
      },
      {
        "Lon": 21.1308,
        "Time": "2017-05-14 00:20:36",
        "Lines": "702",
        "Lat": 52.2328,
        "Brigade": "2"
      },
      {
        "Lon": 21.1288,
        "Time": "2017-05-14 00:20:52",
        "Lines": "702",
        "Lat": 52.2336,
        "Brigade": "2"
      },
      {
        "Lon": 21.1279,
        "Time": "2017-05-14 00:21:08",
        "Lines": "702",
        "Lat": 52.2339,
        "Brigade": "2"
      },
      {
        "Lon": 21.1269,
        "Time": "2017-05-14 00:21:26",
        "Lines": "702",
        "Lat": 52.2343,
        "Brigade": "2"
      },
      {
        "Lon": 21.1259,
        "Time": "2017-05-14 00:21:41",
        "Lines": "702",
        "Lat": 52.2336,
        "Brigade": "2"
      },
      {
        "Lon": 21.1246,
        "Time": "2017-05-14 00:21:57",
        "Lines": "702",
        "Lat": 52.2334,
        "Brigade": "2"
      },
      {
        "Lon": 21.1245,
        "Time": "2017-05-14 00:22:13",
        "Lines": "702",
        "Lat": 52.2333,
        "Brigade": "2"
      },
      {
        "Lon": 21.1245,
        "Time": "2017-05-14 00:22:46",
        "Lines": "702",
        "Lat": 52.2333,
        "Brigade": "2"
      },
      {
        "Lon": 21.1245,
        "Time": "2017-05-14 00:23:01",
        "Lines": "702",
        "Lat": 52.2333,
        "Brigade": "2"
      },
      {
        "Lon": 21.1245,
        "Time": "2017-05-14 00:23:16",
        "Lines": "702",
        "Lat": 52.2333,
        "Brigade": "2"
      },
      {
        "Lon": 21.1245,
        "Time": "2017-05-14 00:23:32",
        "Lines": "702",
        "Lat": 52.2333,
        "Brigade": "2"
      },
      {
        "Lon": 21.1245,
        "Time": "2017-05-14 00:23:49",
        "Lines": "702",
        "Lat": 52.2333,
        "Brigade": "2"
      },
      {
        "Lon": 21.1245,
        "Time": "2017-05-14 00:24:04",
        "Lines": "702",
        "Lat": 52.2333,
        "Brigade": "2"
      },
      {
        "Lon": 21.1235,
        "Time": "2017-05-14 00:24:20",
        "Lines": "702",
        "Lat": 52.2331,
        "Brigade": "2"
      },
      {
        "Lon": 21.1217,
        "Time": "2017-05-14 00:24:36",
        "Lines": "702",
        "Lat": 52.2328,
        "Brigade": "2"
      },
      {
        "Lon": 21.1197,
        "Time": "2017-05-14 00:24:51",
        "Lines": "702",
        "Lat": 52.2327,
        "Brigade": "2"
      },
      {
        "Lon": 21.1181,
        "Time": "2017-05-14 00:25:07",
        "Lines": "702",
        "Lat": 52.2328,
        "Brigade": "2"
      },
      {
        "Lon": 21.1178,
        "Time": "2017-05-14 00:25:23",
        "Lines": "702",
        "Lat": 52.2329,
        "Brigade": "2"
      },
      {
        "Lon": 21.1178,
        "Time": "2017-05-14 00:25:39",
        "Lines": "702",
        "Lat": 52.2329,
        "Brigade": "2"
      },
      {
        "Lon": 21.1178,
        "Time": "2017-05-14 00:25:55",
        "Lines": "702",
        "Lat": 52.2331,
        "Brigade": "2"
      },
      {
        "Lon": 21.1181,
        "Time": "2017-05-14 00:26:11",
        "Lines": "702",
        "Lat": 52.2336,
        "Brigade": "2"
      },
      {
        "Lon": 21.1182,
        "Time": "2017-05-14 00:26:27",
        "Lines": "702",
        "Lat": 52.2341,
        "Brigade": "2"
      },
      {
        "Lon": 21.1182,
        "Time": "2017-05-14 00:26:42",
        "Lines": "702",
        "Lat": 52.2341,
        "Brigade": "2"
      },
      {
        "Lon": 21.1182,
        "Time": "2017-05-14 00:26:58",
        "Lines": "702",
        "Lat": 52.2341,
        "Brigade": "2"
      },
      {
        "Lon": 21.1182,
        "Time": "2017-05-14 00:27:14",
        "Lines": "702",
        "Lat": 52.2341,
        "Brigade": "2"
      },
      {
        "Lon": 21.1182,
        "Time": "2017-05-14 00:27:30",
        "Lines": "702",
        "Lat": 52.2341,
        "Brigade": "2"
      },
      {
        "Lon": 21.1182,
        "Time": "2017-05-14 00:27:46",
        "Lines": "702",
        "Lat": 52.2341,
        "Brigade": "2"
      },
      {
        "Lon": 21.1182,
        "Time": "2017-05-14 00:28:01",
        "Lines": "702",
        "Lat": 52.2341,
        "Brigade": "2"
      },
      {
        "Lon": 21.1182,
        "Time": "2017-05-14 00:28:20",
        "Lines": "702",
        "Lat": 52.2341,
        "Brigade": "2"
      },
      {
        "Lon": 21.1182,
        "Time": "2017-05-14 00:28:51",
        "Lines": "702",
        "Lat": 52.2343,
        "Brigade": "2"
      },
      {
        "Lon": 21.1182,
        "Time": "2017-05-14 00:29:07",
        "Lines": "702",
        "Lat": 52.2343,
        "Brigade": "2"
      },
      {
        "Lon": 21.1182,
        "Time": "2017-05-14 00:29:23",
        "Lines": "702",
        "Lat": 52.2343,
        "Brigade": "2"
      },
      {
        "Lon": 21.1182,
        "Time": "2017-05-14 00:29:39",
        "Lines": "702",
        "Lat": 52.2343,
        "Brigade": "2"
      },
      {
        "Lon": 21.1182,
        "Time": "2017-05-14 00:29:55",
        "Lines": "702",
        "Lat": 52.2343,
        "Brigade": "2"
      },
      {
        "Lon": 21.1182,
        "Time": "2017-05-14 00:30:11",
        "Lines": "702",
        "Lat": 52.2343,
        "Brigade": "2"
      },
      {
        "Lon": 21.1182,
        "Time": "2017-05-14 00:30:28",
        "Lines": "702",
        "Lat": 52.2343,
        "Brigade": "2"
      },
      {
        "Lon": 21.1182,
        "Time": "2017-05-14 00:30:43",
        "Lines": "702",
        "Lat": 52.2343,
        "Brigade": "2"
      },
      {
        "Lon": 21.1182,
        "Time": "2017-05-14 00:31:00",
        "Lines": "702",
        "Lat": 52.2343,
        "Brigade": "2"
      },
      {
        "Lon": 21.1182,
        "Time": "2017-05-14 00:31:16",
        "Lines": "702",
        "Lat": 52.2343,
        "Brigade": "2"
      },
      {
        "Lon": 21.1182,
        "Time": "2017-05-14 00:31:32",
        "Lines": "702",
        "Lat": 52.2343,
        "Brigade": "2"
      },
      {
        "Lon": 21.1182,
        "Time": "2017-05-14 00:31:48",
        "Lines": "702",
        "Lat": 52.2343,
        "Brigade": "2"
      },
      {
        "Lon": 21.1152,
        "Time": "2017-05-14 03:16:34",
        "Lines": "702",
        "Lat": 52.2346,
        "Brigade": "2"
      },
      {
        "Lon": 21.1152,
        "Time": "2017-05-14 03:16:44",
        "Lines": "702",
        "Lat": 52.2346,
        "Brigade": "2"
      },
      {
        "Lon": 21.1153,
        "Time": "2017-05-14 03:16:54",
        "Lines": "702",
        "Lat": 52.2346,
        "Brigade": "2"
      },
      {
        "Lon": 21.1152,
        "Time": "2017-05-14 03:17:04",
        "Lines": "702",
        "Lat": 52.2346,
        "Brigade": "2"
      },
      {
        "Lon": 21.1151,
        "Time": "2017-05-14 03:17:19",
        "Lines": "702",
        "Lat": 52.2346,
        "Brigade": "2"
      },
      {
        "Lon": 21.1151,
        "Time": "2017-05-14 03:17:34",
        "Lines": "702",
        "Lat": 52.2346,
        "Brigade": "2"
      },
      {
        "Lon": 21.1153,
        "Time": "2017-05-14 03:17:44",
        "Lines": "702",
        "Lat": 52.2345,
        "Brigade": "2"
      },
      {
        "Lon": 21.1156,
        "Time": "2017-05-14 03:17:54",
        "Lines": "702",
        "Lat": 52.2345,
        "Brigade": "2"
      },
      {
        "Lon": 21.1165,
        "Time": "2017-05-14 03:18:09",
        "Lines": "702",
        "Lat": 52.2344,
        "Brigade": "2"
      },
      {
        "Lon": 21.1169,
        "Time": "2017-05-14 03:18:14",
        "Lines": "702",
        "Lat": 52.2343,
        "Brigade": "2"
      },
      {
        "Lon": 21.1177,
        "Time": "2017-05-14 03:18:29",
        "Lines": "702",
        "Lat": 52.2344,
        "Brigade": "2"
      },
      {
        "Lon": 21.1173,
        "Time": "2017-05-14 03:18:39",
        "Lines": "702",
        "Lat": 52.2347,
        "Brigade": "2"
      },
      {
        "Lon": 21.1169,
        "Time": "2017-05-14 03:18:49",
        "Lines": "702",
        "Lat": 52.2349,
        "Brigade": "2"
      },
      {
        "Lon": 21.1168,
        "Time": "2017-05-14 03:18:59",
        "Lines": "702",
        "Lat": 52.2349,
        "Brigade": "2"
      }
    ]
  }
]
