[
  {
    "res": [
      {
        "Lon": 20.8835,
        "Time": "2017-05-14 02:54:01",
        "Lines": "708",
        "Lat": 52.2057,
        "Brigade": "1"
      },
      {
        "Lon": 20.8835,
        "Time": "2017-05-14 02:54:09",
        "Lines": "708",
        "Lat": 52.2057,
        "Brigade": "1"
      },
      {
        "Lon": 20.8835,
        "Time": "2017-05-14 02:54:25",
        "Lines": "708",
        "Lat": 52.2057,
        "Brigade": "1"
      },
      {
        "Lon": 20.8835,
        "Time": "2017-05-14 02:54:33",
        "Lines": "708",
        "Lat": 52.2057,
        "Brigade": "1"
      },
      {
        "Lon": 20.8835,
        "Time": "2017-05-14 02:54:47",
        "Lines": "708",
        "Lat": 52.2057,
        "Brigade": "1"
      },
      {
        "Lon": 20.8835,
        "Time": "2017-05-14 02:54:53",
        "Lines": "708",
        "Lat": 52.2058,
        "Brigade": "1"
      },
      {
        "Lon": 20.8835,
        "Time": "2017-05-14 02:55:02",
        "Lines": "708",
        "Lat": 52.2057,
        "Brigade": "1"
      },
      {
        "Lon": 20.8835,
        "Time": "2017-05-14 02:55:18",
        "Lines": "708",
        "Lat": 52.2058,
        "Brigade": "1"
      },
      {
        "Lon": 20.8835,
        "Time": "2017-05-14 02:55:26",
        "Lines": "708",
        "Lat": 52.2057,
        "Brigade": "1"
      },
      {
        "Lon": 20.8835,
        "Time": "2017-05-14 02:55:41",
        "Lines": "708",
        "Lat": 52.2057,
        "Brigade": "1"
      },
      {
        "Lon": 20.8835,
        "Time": "2017-05-14 02:55:49",
        "Lines": "708",
        "Lat": 52.2057,
        "Brigade": "1"
      },
      {
        "Lon": 20.8835,
        "Time": "2017-05-14 02:56:05",
        "Lines": "708",
        "Lat": 52.2057,
        "Brigade": "1"
      },
      {
        "Lon": 20.8835,
        "Time": "2017-05-14 02:56:13",
        "Lines": "708",
        "Lat": 52.2057,
        "Brigade": "1"
      },
      {
        "Lon": 20.8835,
        "Time": "2017-05-14 02:56:20",
        "Lines": "708",
        "Lat": 52.2057,
        "Brigade": "1"
      },
      {
        "Lon": 20.8835,
        "Time": "2017-05-14 02:56:36",
        "Lines": "708",
        "Lat": 52.2057,
        "Brigade": "1"
      },
      {
        "Lon": 20.8835,
        "Time": "2017-05-14 02:56:44",
        "Lines": "708",
        "Lat": 52.2057,
        "Brigade": "1"
      },
      {
        "Lon": 20.8835,
        "Time": "2017-05-14 02:57:00",
        "Lines": "708",
        "Lat": 52.2057,
        "Brigade": "1"
      },
      {
        "Lon": 20.8835,
        "Time": "2017-05-14 02:57:07",
        "Lines": "708",
        "Lat": 52.2058,
        "Brigade": "1"
      },
      {
        "Lon": 20.8835,
        "Time": "2017-05-14 02:57:23",
        "Lines": "708",
        "Lat": 52.2058,
        "Brigade": "1"
      },
      {
        "Lon": 20.8835,
        "Time": "2017-05-14 02:57:31",
        "Lines": "708",
        "Lat": 52.2058,
        "Brigade": "1"
      },
      {
        "Lon": 20.8835,
        "Time": "2017-05-14 02:57:39",
        "Lines": "708",
        "Lat": 52.2058,
        "Brigade": "1"
      },
      {
        "Lon": 20.8835,
        "Time": "2017-05-14 02:57:54",
        "Lines": "708",
        "Lat": 52.2058,
        "Brigade": "1"
      },
      {
        "Lon": 20.8835,
        "Time": "2017-05-14 02:58:02",
        "Lines": "708",
        "Lat": 52.2058,
        "Brigade": "1"
      },
      {
        "Lon": 20.8835,
        "Time": "2017-05-14 02:58:16",
        "Lines": "708",
        "Lat": 52.2058,
        "Brigade": "1"
      },
      {
        "Lon": 20.8835,
        "Time": "2017-05-14 02:58:26",
        "Lines": "708",
        "Lat": 52.2058,
        "Brigade": "1"
      },
      {
        "Lon": 20.8835,
        "Time": "2017-05-14 02:58:33",
        "Lines": "708",
        "Lat": 52.2058,
        "Brigade": "1"
      },
      {
        "Lon": 20.8835,
        "Time": "2017-05-14 02:58:49",
        "Lines": "708",
        "Lat": 52.2058,
        "Brigade": "1"
      },
      {
        "Lon": 20.8835,
        "Time": "2017-05-14 02:58:57",
        "Lines": "708",
        "Lat": 52.2058,
        "Brigade": "1"
      },
      {
        "Lon": 20.8835,
        "Time": "2017-05-14 02:59:12",
        "Lines": "708",
        "Lat": 52.2058,
        "Brigade": "1"
      },
      {
        "Lon": 20.8835,
        "Time": "2017-05-14 02:59:20",
        "Lines": "708",
        "Lat": 52.2058,
        "Brigade": "1"
      }
    ]
  }
]
