[
  {
    "res": [
      {
        "Lon": 21.0178,
        "Time": "2017-05-14 00:00:11",
        "Lines": "709",
        "Lat": 52.1472,
        "Brigade": "8"
      },
      {
        "Lon": 21.0179,
        "Time": "2017-05-14 00:00:26",
        "Lines": "709",
        "Lat": 52.1475,
        "Brigade": "8"
      },
      {
        "Lon": 21.0179,
        "Time": "2017-05-14 00:00:36",
        "Lines": "709",
        "Lat": 52.148,
        "Brigade": "8"
      },
      {
        "Lon": 21.0179,
        "Time": "2017-05-14 00:00:46",
        "Lines": "709",
        "Lat": 52.1481,
        "Brigade": "8"
      },
      {
        "Lon": 21.0178,
        "Time": "2017-05-14 00:00:57",
        "Lines": "709",
        "Lat": 52.1486,
        "Brigade": "8"
      },
      {
        "Lon": 21.0178,
        "Time": "2017-05-14 00:01:06",
        "Lines": "709",
        "Lat": 52.1494,
        "Brigade": "8"
      },
      {
        "Lon": 21.0179,
        "Time": "2017-05-14 00:01:21",
        "Lines": "709",
        "Lat": 52.151,
        "Brigade": "8"
      },
      {
        "Lon": 21.0179,
        "Time": "2017-05-14 00:01:31",
        "Lines": "709",
        "Lat": 52.1523,
        "Brigade": "8"
      },
      {
        "Lon": 21.0179,
        "Time": "2017-05-14 00:01:42",
        "Lines": "709",
        "Lat": 52.1534,
        "Brigade": "8"
      },
      {
        "Lon": 21.018,
        "Time": "2017-05-14 00:01:49",
        "Lines": "709",
        "Lat": 52.1541,
        "Brigade": "8"
      },
      {
        "Lon": 21.018,
        "Time": "2017-05-14 00:01:53",
        "Lines": "709",
        "Lat": 52.1541,
        "Brigade": "8"
      },
      {
        "Lon": 21.018,
        "Time": "2017-05-14 00:02:14",
        "Lines": "709",
        "Lat": 52.1544,
        "Brigade": "8"
      },
      {
        "Lon": 21.0179,
        "Time": "2017-05-14 00:02:26",
        "Lines": "709",
        "Lat": 52.1553,
        "Brigade": "8"
      },
      {
        "Lon": 21.0177,
        "Time": "2017-05-14 00:02:36",
        "Lines": "709",
        "Lat": 52.1567,
        "Brigade": "8"
      },
      {
        "Lon": 21.0177,
        "Time": "2017-05-14 00:02:46",
        "Lines": "709",
        "Lat": 52.1582,
        "Brigade": "8"
      },
      {
        "Lon": 21.0177,
        "Time": "2017-05-14 00:02:56",
        "Lines": "709",
        "Lat": 52.1595,
        "Brigade": "8"
      },
      {
        "Lon": 21.0176,
        "Time": "2017-05-14 00:03:11",
        "Lines": "709",
        "Lat": 52.1616,
        "Brigade": "8"
      },
      {
        "Lon": 21.0177,
        "Time": "2017-05-14 00:03:21",
        "Lines": "709",
        "Lat": 52.1628,
        "Brigade": "8"
      },
      {
        "Lon": 21.0177,
        "Time": "2017-05-14 00:03:31",
        "Lines": "709",
        "Lat": 52.1642,
        "Brigade": "8"
      },
      {
        "Lon": 21.0178,
        "Time": "2017-05-14 00:03:41",
        "Lines": "709",
        "Lat": 52.1654,
        "Brigade": "8"
      },
      {
        "Lon": 21.018,
        "Time": "2017-05-14 00:03:51",
        "Lines": "709",
        "Lat": 52.1664,
        "Brigade": "8"
      },
      {
        "Lon": 21.0181,
        "Time": "2017-05-14 00:04:03",
        "Lines": "709",
        "Lat": 52.1668,
        "Brigade": "8"
      },
      {
        "Lon": 21.0181,
        "Time": "2017-05-14 00:04:16",
        "Lines": "709",
        "Lat": 52.167,
        "Brigade": "8"
      },
      {
        "Lon": 21.0184,
        "Time": "2017-05-14 00:04:26",
        "Lines": "709",
        "Lat": 52.168,
        "Brigade": "8"
      },
      {
        "Lon": 21.0188,
        "Time": "2017-05-14 00:04:36",
        "Lines": "709",
        "Lat": 52.1694,
        "Brigade": "8"
      },
      {
        "Lon": 21.0193,
        "Time": "2017-05-14 00:04:46",
        "Lines": "709",
        "Lat": 52.1708,
        "Brigade": "8"
      },
      {
        "Lon": 21.0197,
        "Time": "2017-05-14 00:04:56",
        "Lines": "709",
        "Lat": 52.172,
        "Brigade": "8"
      },
      {
        "Lon": 21.0201,
        "Time": "2017-05-14 00:05:11",
        "Lines": "709",
        "Lat": 52.173,
        "Brigade": "8"
      },
      {
        "Lon": 21.0201,
        "Time": "2017-05-14 00:05:21",
        "Lines": "709",
        "Lat": 52.173,
        "Brigade": "8"
      },
      {
        "Lon": 21.02,
        "Time": "2017-05-14 00:05:31",
        "Lines": "709",
        "Lat": 52.173,
        "Brigade": "8"
      },
      {
        "Lon": 21.0201,
        "Time": "2017-05-14 00:05:41",
        "Lines": "709",
        "Lat": 52.173,
        "Brigade": "8"
      },
      {
        "Lon": 21.0203,
        "Time": "2017-05-14 00:05:56",
        "Lines": "709",
        "Lat": 52.1737,
        "Brigade": "8"
      },
      {
        "Lon": 21.0206,
        "Time": "2017-05-14 00:06:03",
        "Lines": "709",
        "Lat": 52.1744,
        "Brigade": "8"
      },
      {
        "Lon": 21.0207,
        "Time": "2017-05-14 00:06:16",
        "Lines": "709",
        "Lat": 52.1745,
        "Brigade": "8"
      },
      {
        "Lon": 21.0206,
        "Time": "2017-05-14 00:06:26",
        "Lines": "709",
        "Lat": 52.1745,
        "Brigade": "8"
      },
      {
        "Lon": 21.0207,
        "Time": "2017-05-14 00:06:36",
        "Lines": "709",
        "Lat": 52.175,
        "Brigade": "8"
      },
      {
        "Lon": 21.0211,
        "Time": "2017-05-14 00:06:51",
        "Lines": "709",
        "Lat": 52.1762,
        "Brigade": "8"
      },
      {
        "Lon": 21.0214,
        "Time": "2017-05-14 00:07:01",
        "Lines": "709",
        "Lat": 52.1767,
        "Brigade": "8"
      },
      {
        "Lon": 21.0217,
        "Time": "2017-05-14 00:07:11",
        "Lines": "709",
        "Lat": 52.1776,
        "Brigade": "8"
      },
      {
        "Lon": 21.0219,
        "Time": "2017-05-14 00:07:21",
        "Lines": "709",
        "Lat": 52.1785,
        "Brigade": "8"
      },
      {
        "Lon": 21.0224,
        "Time": "2017-05-14 00:07:36",
        "Lines": "709",
        "Lat": 52.1796,
        "Brigade": "8"
      },
      {
        "Lon": 21.0226,
        "Time": "2017-05-14 00:07:41",
        "Lines": "709",
        "Lat": 52.1798,
        "Brigade": "8"
      },
      {
        "Lon": 21.0233,
        "Time": "2017-05-14 00:07:56",
        "Lines": "709",
        "Lat": 52.1801,
        "Brigade": "8"
      },
      {
        "Lon": 21.0235,
        "Time": "2017-05-14 00:08:06",
        "Lines": "709",
        "Lat": 52.1801,
        "Brigade": "8"
      },
      {
        "Lon": 21.0235,
        "Time": "2017-05-14 00:08:21",
        "Lines": "709",
        "Lat": 52.1801,
        "Brigade": "8"
      },
      {
        "Lon": 21.0235,
        "Time": "2017-05-14 00:08:26",
        "Lines": "709",
        "Lat": 52.1801,
        "Brigade": "8"
      },
      {
        "Lon": 21.0235,
        "Time": "2017-05-14 00:08:41",
        "Lines": "709",
        "Lat": 52.1801,
        "Brigade": "8"
      },
      {
        "Lon": 21.0235,
        "Time": "2017-05-14 00:08:51",
        "Lines": "709",
        "Lat": 52.1801,
        "Brigade": "8"
      },
      {
        "Lon": 21.0235,
        "Time": "2017-05-14 00:09:06",
        "Lines": "709",
        "Lat": 52.1801,
        "Brigade": "8"
      },
      {
        "Lon": 21.0235,
        "Time": "2017-05-14 00:09:16",
        "Lines": "709",
        "Lat": 52.1801,
        "Brigade": "8"
      },
      {
        "Lon": 21.0235,
        "Time": "2017-05-14 00:09:26",
        "Lines": "709",
        "Lat": 52.1801,
        "Brigade": "8"
      },
      {
        "Lon": 21.0236,
        "Time": "2017-05-14 00:09:36",
        "Lines": "709",
        "Lat": 52.1801,
        "Brigade": "8"
      },
      {
        "Lon": 21.0244,
        "Time": "2017-05-14 00:09:46",
        "Lines": "709",
        "Lat": 52.1799,
        "Brigade": "8"
      },
      {
        "Lon": 21.0247,
        "Time": "2017-05-14 00:09:56",
        "Lines": "709",
        "Lat": 52.1796,
        "Brigade": "8"
      },
      {
        "Lon": 21.0211,
        "Time": "2017-05-14 00:11:26",
        "Lines": "709",
        "Lat": 52.1813,
        "Brigade": "8"
      },
      {
        "Lon": 21.0207,
        "Time": "2017-05-14 00:11:41",
        "Lines": "709",
        "Lat": 52.1828,
        "Brigade": "8"
      },
      {
        "Lon": 21.0205,
        "Time": "2017-05-14 00:11:51",
        "Lines": "709",
        "Lat": 52.1832,
        "Brigade": "8"
      },
      {
        "Lon": 21.0205,
        "Time": "2017-05-14 00:12:01",
        "Lines": "709",
        "Lat": 52.1832,
        "Brigade": "8"
      },
      {
        "Lon": 21.0205,
        "Time": "2017-05-14 00:12:11",
        "Lines": "709",
        "Lat": 52.1833,
        "Brigade": "8"
      },
      {
        "Lon": 21.02,
        "Time": "2017-05-14 00:12:21",
        "Lines": "709",
        "Lat": 52.1842,
        "Brigade": "8"
      },
      {
        "Lon": 21.0189,
        "Time": "2017-05-14 00:12:36",
        "Lines": "709",
        "Lat": 52.1861,
        "Brigade": "8"
      },
      {
        "Lon": 21.0182,
        "Time": "2017-05-14 00:12:46",
        "Lines": "709",
        "Lat": 52.1872,
        "Brigade": "8"
      },
      {
        "Lon": 21.0176,
        "Time": "2017-05-14 00:12:56",
        "Lines": "709",
        "Lat": 52.1883,
        "Brigade": "8"
      },
      {
        "Lon": 21.0172,
        "Time": "2017-05-14 00:13:06",
        "Lines": "709",
        "Lat": 52.1891,
        "Brigade": "8"
      },
      {
        "Lon": 21.0171,
        "Time": "2017-05-14 00:13:16",
        "Lines": "709",
        "Lat": 52.1892,
        "Brigade": "8"
      },
      {
        "Lon": 21.0155,
        "Time": "2017-05-14 00:13:31",
        "Lines": "709",
        "Lat": 52.1891,
        "Brigade": "8"
      },
      {
        "Lon": 21.0134,
        "Time": "2017-05-14 00:13:41",
        "Lines": "709",
        "Lat": 52.1891,
        "Brigade": "8"
      },
      {
        "Lon": 21.0105,
        "Time": "2017-05-14 00:13:56",
        "Lines": "709",
        "Lat": 52.189,
        "Brigade": "8"
      },
      {
        "Lon": 21.0086,
        "Time": "2017-05-14 00:14:06",
        "Lines": "709",
        "Lat": 52.1891,
        "Brigade": "8"
      },
      {
        "Lon": 21.0077,
        "Time": "2017-05-14 00:14:16",
        "Lines": "709",
        "Lat": 52.189,
        "Brigade": "8"
      }
    ]
  }
]
