[
  {
    "res": [
      {
        "Lon": 21.0026,
        "Time": "2017-05-14 00:00:03",
        "Lines": "710",
        "Lat": 52.1778,
        "Brigade": "2"
      },
      {
        "Lon": 21.0024,
        "Time": "2017-05-14 00:00:38",
        "Lines": "710",
        "Lat": 52.1814,
        "Brigade": "2"
      },
      {
        "Lon": 21.0024,
        "Time": "2017-05-14 00:00:53",
        "Lines": "710",
        "Lat": 52.1829,
        "Brigade": "2"
      },
      {
        "Lon": 21.0024,
        "Time": "2017-05-14 00:01:10",
        "Lines": "710",
        "Lat": 52.1829,
        "Brigade": "2"
      },
      {
        "Lon": 21.0023,
        "Time": "2017-05-14 00:01:26",
        "Lines": "710",
        "Lat": 52.1833,
        "Brigade": "2"
      },
      {
        "Lon": 21.0005,
        "Time": "2017-05-14 00:01:42",
        "Lines": "710",
        "Lat": 52.1834,
        "Brigade": "2"
      },
      {
        "Lon": 20.9981,
        "Time": "2017-05-14 00:01:58",
        "Lines": "710",
        "Lat": 52.1833,
        "Brigade": "2"
      },
      {
        "Lon": 20.9976,
        "Time": "2017-05-14 00:02:14",
        "Lines": "710",
        "Lat": 52.1835,
        "Brigade": "2"
      },
      {
        "Lon": 20.9976,
        "Time": "2017-05-14 00:02:30",
        "Lines": "710",
        "Lat": 52.1846,
        "Brigade": "2"
      },
      {
        "Lon": 20.9974,
        "Time": "2017-05-14 00:02:45",
        "Lines": "710",
        "Lat": 52.1856,
        "Brigade": "2"
      },
      {
        "Lon": 20.9956,
        "Time": "2017-05-14 00:03:02",
        "Lines": "710",
        "Lat": 52.1856,
        "Brigade": "2"
      },
      {
        "Lon": 20.9928,
        "Time": "2017-05-14 00:03:39",
        "Lines": "710",
        "Lat": 52.1866,
        "Brigade": "2"
      },
      {
        "Lon": 20.9931,
        "Time": "2017-05-14 00:03:49",
        "Lines": "710",
        "Lat": 52.1855,
        "Brigade": "2"
      },
      {
        "Lon": 20.9928,
        "Time": "2017-05-14 00:04:04",
        "Lines": "710",
        "Lat": 52.1884,
        "Brigade": "2"
      },
      {
        "Lon": 20.9932,
        "Time": "2017-05-14 00:04:21",
        "Lines": "710",
        "Lat": 52.1888,
        "Brigade": "2"
      },
      {
        "Lon": 20.9948,
        "Time": "2017-05-14 00:04:39",
        "Lines": "710",
        "Lat": 52.1888,
        "Brigade": "2"
      },
      {
        "Lon": 20.9953,
        "Time": "2017-05-14 00:04:54",
        "Lines": "710",
        "Lat": 52.1888,
        "Brigade": "2"
      },
      {
        "Lon": 20.9953,
        "Time": "2017-05-14 00:05:11",
        "Lines": "710",
        "Lat": 52.1888,
        "Brigade": "2"
      },
      {
        "Lon": 20.9953,
        "Time": "2017-05-14 00:05:26",
        "Lines": "710",
        "Lat": 52.1888,
        "Brigade": "2"
      },
      {
        "Lon": 20.9953,
        "Time": "2017-05-14 00:05:42",
        "Lines": "710",
        "Lat": 52.1888,
        "Brigade": "2"
      },
      {
        "Lon": 20.9953,
        "Time": "2017-05-14 00:05:58",
        "Lines": "710",
        "Lat": 52.1888,
        "Brigade": "2"
      }
    ]
  }
]
