[
  {
    "res": [
      {
        "Lon": 21.0243,
        "Time": "2017-05-14 00:00:10",
        "Lines": "710",
        "Lat": 52.1799,
        "Brigade": "4"
      },
      {
        "Lon": 21.0248,
        "Time": "2017-05-14 00:00:25",
        "Lines": "710",
        "Lat": 52.1796,
        "Brigade": "4"
      },
      {
        "Lon": 21.0246,
        "Time": "2017-05-14 00:00:35",
        "Lines": "710",
        "Lat": 52.1792,
        "Brigade": "4"
      },
      {
        "Lon": 21.0246,
        "Time": "2017-05-14 00:00:45",
        "Lines": "710",
        "Lat": 52.1792,
        "Brigade": "4"
      },
      {
        "Lon": 21.0246,
        "Time": "2017-05-14 00:00:55",
        "Lines": "710",
        "Lat": 52.1792,
        "Brigade": "4"
      },
      {
        "Lon": 21.0246,
        "Time": "2017-05-14 00:01:05",
        "Lines": "710",
        "Lat": 52.1791,
        "Brigade": "4"
      },
      {
        "Lon": 21.025,
        "Time": "2017-05-14 00:01:20",
        "Lines": "710",
        "Lat": 52.1788,
        "Brigade": "4"
      },
      {
        "Lon": 21.0263,
        "Time": "2017-05-14 00:01:30",
        "Lines": "710",
        "Lat": 52.1786,
        "Brigade": "4"
      },
      {
        "Lon": 21.0281,
        "Time": "2017-05-14 00:01:40",
        "Lines": "710",
        "Lat": 52.1782,
        "Brigade": "4"
      },
      {
        "Lon": 21.0295,
        "Time": "2017-05-14 00:01:52",
        "Lines": "710",
        "Lat": 52.1779,
        "Brigade": "4"
      },
      {
        "Lon": 21.0296,
        "Time": "2017-05-14 00:02:02",
        "Lines": "710",
        "Lat": 52.1779,
        "Brigade": "4"
      },
      {
        "Lon": 21.0297,
        "Time": "2017-05-14 00:02:15",
        "Lines": "710",
        "Lat": 52.1779,
        "Brigade": "4"
      },
      {
        "Lon": 21.0303,
        "Time": "2017-05-14 00:02:20",
        "Lines": "710",
        "Lat": 52.1778,
        "Brigade": "4"
      },
      {
        "Lon": 21.033,
        "Time": "2017-05-14 00:02:35",
        "Lines": "710",
        "Lat": 52.1773,
        "Brigade": "4"
      },
      {
        "Lon": 21.0351,
        "Time": "2017-05-14 00:02:45",
        "Lines": "710",
        "Lat": 52.177,
        "Brigade": "4"
      },
      {
        "Lon": 21.0374,
        "Time": "2017-05-14 00:02:55",
        "Lines": "710",
        "Lat": 52.1767,
        "Brigade": "4"
      },
      {
        "Lon": 21.0395,
        "Time": "2017-05-14 00:03:05",
        "Lines": "710",
        "Lat": 52.1762,
        "Brigade": "4"
      },
      {
        "Lon": 21.0423,
        "Time": "2017-05-14 00:03:20",
        "Lines": "710",
        "Lat": 52.1755,
        "Brigade": "4"
      },
      {
        "Lon": 21.0434,
        "Time": "2017-05-14 00:03:30",
        "Lines": "710",
        "Lat": 52.1752,
        "Brigade": "4"
      },
      {
        "Lon": 21.0436,
        "Time": "2017-05-14 00:03:40",
        "Lines": "710",
        "Lat": 52.1752,
        "Brigade": "4"
      },
      {
        "Lon": 21.0436,
        "Time": "2017-05-14 00:03:50",
        "Lines": "710",
        "Lat": 52.1752,
        "Brigade": "4"
      },
      {
        "Lon": 21.0436,
        "Time": "2017-05-14 00:04:05",
        "Lines": "710",
        "Lat": 52.1752,
        "Brigade": "4"
      },
      {
        "Lon": 21.0436,
        "Time": "2017-05-14 00:04:15",
        "Lines": "710",
        "Lat": 52.1752,
        "Brigade": "4"
      },
      {
        "Lon": 21.0439,
        "Time": "2017-05-14 00:04:25",
        "Lines": "710",
        "Lat": 52.1751,
        "Brigade": "4"
      },
      {
        "Lon": 21.0452,
        "Time": "2017-05-14 00:04:35",
        "Lines": "710",
        "Lat": 52.1748,
        "Brigade": "4"
      },
      {
        "Lon": 21.0457,
        "Time": "2017-05-14 00:04:45",
        "Lines": "710",
        "Lat": 52.1747,
        "Brigade": "4"
      },
      {
        "Lon": 21.0457,
        "Time": "2017-05-14 00:04:57",
        "Lines": "710",
        "Lat": 52.1747,
        "Brigade": "4"
      },
      {
        "Lon": 21.0464,
        "Time": "2017-05-14 00:05:10",
        "Lines": "710",
        "Lat": 52.1746,
        "Brigade": "4"
      },
      {
        "Lon": 21.0479,
        "Time": "2017-05-14 00:05:20",
        "Lines": "710",
        "Lat": 52.1742,
        "Brigade": "4"
      },
      {
        "Lon": 21.0488,
        "Time": "2017-05-14 00:05:30",
        "Lines": "710",
        "Lat": 52.174,
        "Brigade": "4"
      },
      {
        "Lon": 21.0491,
        "Time": "2017-05-14 00:05:40",
        "Lines": "710",
        "Lat": 52.174,
        "Brigade": "4"
      },
      {
        "Lon": 21.05,
        "Time": "2017-05-14 00:05:48",
        "Lines": "710",
        "Lat": 52.1738,
        "Brigade": "4"
      },
      {
        "Lon": 21.05,
        "Time": "2017-05-14 00:06:00",
        "Lines": "710",
        "Lat": 52.1738,
        "Brigade": "4"
      },
      {
        "Lon": 21.0507,
        "Time": "2017-05-14 00:06:15",
        "Lines": "710",
        "Lat": 52.1737,
        "Brigade": "4"
      },
      {
        "Lon": 21.0524,
        "Time": "2017-05-14 00:06:25",
        "Lines": "710",
        "Lat": 52.1733,
        "Brigade": "4"
      },
      {
        "Lon": 21.055,
        "Time": "2017-05-14 00:06:36",
        "Lines": "710",
        "Lat": 52.1726,
        "Brigade": "4"
      },
      {
        "Lon": 21.0563,
        "Time": "2017-05-14 00:06:49",
        "Lines": "710",
        "Lat": 52.1723,
        "Brigade": "4"
      },
      {
        "Lon": 21.0564,
        "Time": "2017-05-14 00:07:00",
        "Lines": "710",
        "Lat": 52.1723,
        "Brigade": "4"
      },
      {
        "Lon": 21.0565,
        "Time": "2017-05-14 00:07:10",
        "Lines": "710",
        "Lat": 52.1723,
        "Brigade": "4"
      },
      {
        "Lon": 21.0577,
        "Time": "2017-05-14 00:07:20",
        "Lines": "710",
        "Lat": 52.172,
        "Brigade": "4"
      },
      {
        "Lon": 21.0606,
        "Time": "2017-05-14 00:07:35",
        "Lines": "710",
        "Lat": 52.1714,
        "Brigade": "4"
      },
      {
        "Lon": 21.0619,
        "Time": "2017-05-14 00:07:46",
        "Lines": "710",
        "Lat": 52.1711,
        "Brigade": "4"
      },
      {
        "Lon": 21.0619,
        "Time": "2017-05-14 00:07:55",
        "Lines": "710",
        "Lat": 52.1711,
        "Brigade": "4"
      },
      {
        "Lon": 21.0619,
        "Time": "2017-05-14 00:08:05",
        "Lines": "710",
        "Lat": 52.1711,
        "Brigade": "4"
      },
      {
        "Lon": 21.0628,
        "Time": "2017-05-14 00:08:15",
        "Lines": "710",
        "Lat": 52.1709,
        "Brigade": "4"
      },
      {
        "Lon": 21.0655,
        "Time": "2017-05-14 00:08:30",
        "Lines": "710",
        "Lat": 52.1702,
        "Brigade": "4"
      },
      {
        "Lon": 21.067,
        "Time": "2017-05-14 00:08:40",
        "Lines": "710",
        "Lat": 52.1699,
        "Brigade": "4"
      },
      {
        "Lon": 21.0673,
        "Time": "2017-05-14 00:08:50",
        "Lines": "710",
        "Lat": 52.1699,
        "Brigade": "4"
      },
      {
        "Lon": 21.0691,
        "Time": "2017-05-14 00:09:05",
        "Lines": "710",
        "Lat": 52.1695,
        "Brigade": "4"
      },
      {
        "Lon": 21.0698,
        "Time": "2017-05-14 00:09:14",
        "Lines": "710",
        "Lat": 52.1693,
        "Brigade": "4"
      },
      {
        "Lon": 21.0698,
        "Time": "2017-05-14 00:09:25",
        "Lines": "710",
        "Lat": 52.1693,
        "Brigade": "4"
      },
      {
        "Lon": 21.0702,
        "Time": "2017-05-14 00:09:35",
        "Lines": "710",
        "Lat": 52.1692,
        "Brigade": "4"
      },
      {
        "Lon": 21.0718,
        "Time": "2017-05-14 00:09:45",
        "Lines": "710",
        "Lat": 52.1688,
        "Brigade": "4"
      },
      {
        "Lon": 21.0737,
        "Time": "2017-05-14 00:09:55",
        "Lines": "710",
        "Lat": 52.1684,
        "Brigade": "4"
      },
      {
        "Lon": 21.0823,
        "Time": "2017-05-14 00:11:25",
        "Lines": "710",
        "Lat": 52.1665,
        "Brigade": "4"
      },
      {
        "Lon": 21.0842,
        "Time": "2017-05-14 00:11:39",
        "Lines": "710",
        "Lat": 52.1656,
        "Brigade": "4"
      },
      {
        "Lon": 21.0841,
        "Time": "2017-05-14 00:11:49",
        "Lines": "710",
        "Lat": 52.1651,
        "Brigade": "4"
      },
      {
        "Lon": 21.0841,
        "Time": "2017-05-14 00:12:02",
        "Lines": "710",
        "Lat": 52.1651,
        "Brigade": "4"
      },
      {
        "Lon": 21.0842,
        "Time": "2017-05-14 00:12:10",
        "Lines": "710",
        "Lat": 52.165,
        "Brigade": "4"
      },
      {
        "Lon": 21.0844,
        "Time": "2017-05-14 00:12:25",
        "Lines": "710",
        "Lat": 52.1636,
        "Brigade": "4"
      },
      {
        "Lon": 21.0845,
        "Time": "2017-05-14 00:12:30",
        "Lines": "710",
        "Lat": 52.1629,
        "Brigade": "4"
      },
      {
        "Lon": 21.0861,
        "Time": "2017-05-14 00:12:45",
        "Lines": "710",
        "Lat": 52.1606,
        "Brigade": "4"
      },
      {
        "Lon": 21.0871,
        "Time": "2017-05-14 00:12:55",
        "Lines": "710",
        "Lat": 52.1593,
        "Brigade": "4"
      },
      {
        "Lon": 21.0874,
        "Time": "2017-05-14 00:13:04",
        "Lines": "710",
        "Lat": 52.1588,
        "Brigade": "4"
      },
      {
        "Lon": 21.0875,
        "Time": "2017-05-14 00:13:20",
        "Lines": "710",
        "Lat": 52.1587,
        "Brigade": "4"
      },
      {
        "Lon": 21.088,
        "Time": "2017-05-14 00:13:30",
        "Lines": "710",
        "Lat": 52.158,
        "Brigade": "4"
      },
      {
        "Lon": 21.0889,
        "Time": "2017-05-14 00:13:40",
        "Lines": "710",
        "Lat": 52.1569,
        "Brigade": "4"
      },
      {
        "Lon": 21.0901,
        "Time": "2017-05-14 00:13:52",
        "Lines": "710",
        "Lat": 52.1552,
        "Brigade": "4"
      },
      {
        "Lon": 21.0908,
        "Time": "2017-05-14 00:14:05",
        "Lines": "710",
        "Lat": 52.1541,
        "Brigade": "4"
      },
      {
        "Lon": 21.0909,
        "Time": "2017-05-14 00:14:15",
        "Lines": "710",
        "Lat": 52.154,
        "Brigade": "4"
      },
      {
        "Lon": 21.0911,
        "Time": "2017-05-14 00:14:25",
        "Lines": "710",
        "Lat": 52.1534,
        "Brigade": "4"
      },
      {
        "Lon": 21.0912,
        "Time": "2017-05-14 00:14:35",
        "Lines": "710",
        "Lat": 52.1529,
        "Brigade": "4"
      },
      {
        "Lon": 21.0912,
        "Time": "2017-05-14 00:14:50",
        "Lines": "710",
        "Lat": 52.1529,
        "Brigade": "4"
      },
      {
        "Lon": 21.0913,
        "Time": "2017-05-14 00:14:55",
        "Lines": "710",
        "Lat": 52.1528,
        "Brigade": "4"
      },
      {
        "Lon": 21.0915,
        "Time": "2017-05-14 00:15:05",
        "Lines": "710",
        "Lat": 52.1519,
        "Brigade": "4"
      },
      {
        "Lon": 21.094,
        "Time": "2017-05-14 00:15:15",
        "Lines": "710",
        "Lat": 52.146,
        "Brigade": "4"
      },
      {
        "Lon": 21.0952,
        "Time": "2017-05-14 00:15:55",
        "Lines": "710",
        "Lat": 52.1442,
        "Brigade": "4"
      },
      {
        "Lon": 21.0962,
        "Time": "2017-05-14 00:16:05",
        "Lines": "710",
        "Lat": 52.1426,
        "Brigade": "4"
      },
      {
        "Lon": 21.0973,
        "Time": "2017-05-14 00:16:15",
        "Lines": "710",
        "Lat": 52.141,
        "Brigade": "4"
      },
      {
        "Lon": 21.099,
        "Time": "2017-05-14 00:16:30",
        "Lines": "710",
        "Lat": 52.1384,
        "Brigade": "4"
      },
      {
        "Lon": 21.0997,
        "Time": "2017-05-14 00:16:40",
        "Lines": "710",
        "Lat": 52.1367,
        "Brigade": "4"
      },
      {
        "Lon": 21.0998,
        "Time": "2017-05-14 00:16:50",
        "Lines": "710",
        "Lat": 52.1348,
        "Brigade": "4"
      },
      {
        "Lon": 21.0993,
        "Time": "2017-05-14 00:17:00",
        "Lines": "710",
        "Lat": 52.133,
        "Brigade": "4"
      },
      {
        "Lon": 21.0985,
        "Time": "2017-05-14 00:17:10",
        "Lines": "710",
        "Lat": 52.1313,
        "Brigade": "4"
      },
      {
        "Lon": 21.0978,
        "Time": "2017-05-14 00:17:25",
        "Lines": "710",
        "Lat": 52.1301,
        "Brigade": "4"
      },
      {
        "Lon": 21.0978,
        "Time": "2017-05-14 00:17:35",
        "Lines": "710",
        "Lat": 52.1301,
        "Brigade": "4"
      },
      {
        "Lon": 21.0973,
        "Time": "2017-05-14 00:17:48",
        "Lines": "710",
        "Lat": 52.1289,
        "Brigade": "4"
      },
      {
        "Lon": 21.0967,
        "Time": "2017-05-14 00:17:52",
        "Lines": "710",
        "Lat": 52.1277,
        "Brigade": "4"
      },
      {
        "Lon": 21.0963,
        "Time": "2017-05-14 00:18:10",
        "Lines": "710",
        "Lat": 52.1271,
        "Brigade": "4"
      },
      {
        "Lon": 21.0963,
        "Time": "2017-05-14 00:18:20",
        "Lines": "710",
        "Lat": 52.1271,
        "Brigade": "4"
      },
      {
        "Lon": 21.0963,
        "Time": "2017-05-14 00:18:30",
        "Lines": "710",
        "Lat": 52.1269,
        "Brigade": "4"
      },
      {
        "Lon": 21.096,
        "Time": "2017-05-14 00:18:40",
        "Lines": "710",
        "Lat": 52.126,
        "Brigade": "4"
      },
      {
        "Lon": 21.096,
        "Time": "2017-05-14 00:18:50",
        "Lines": "710",
        "Lat": 52.1247,
        "Brigade": "4"
      },
      {
        "Lon": 21.0975,
        "Time": "2017-05-14 00:19:05",
        "Lines": "710",
        "Lat": 52.1225,
        "Brigade": "4"
      },
      {
        "Lon": 21.0979,
        "Time": "2017-05-14 00:19:14",
        "Lines": "710",
        "Lat": 52.1221,
        "Brigade": "4"
      },
      {
        "Lon": 21.0979,
        "Time": "2017-05-14 00:19:25",
        "Lines": "710",
        "Lat": 52.1221,
        "Brigade": "4"
      },
      {
        "Lon": 21.0984,
        "Time": "2017-05-14 00:19:35",
        "Lines": "710",
        "Lat": 52.1217,
        "Brigade": "4"
      },
      {
        "Lon": 21.1001,
        "Time": "2017-05-14 00:19:50",
        "Lines": "710",
        "Lat": 52.1201,
        "Brigade": "4"
      },
      {
        "Lon": 21.1021,
        "Time": "2017-05-14 00:20:00",
        "Lines": "710",
        "Lat": 52.1189,
        "Brigade": "4"
      },
      {
        "Lon": 21.1044,
        "Time": "2017-05-14 00:20:10",
        "Lines": "710",
        "Lat": 52.1178,
        "Brigade": "4"
      },
      {
        "Lon": 21.1055,
        "Time": "2017-05-14 00:20:15",
        "Lines": "710",
        "Lat": 52.1172,
        "Brigade": "4"
      },
      {
        "Lon": 21.108,
        "Time": "2017-05-14 00:20:30",
        "Lines": "710",
        "Lat": 52.1149,
        "Brigade": "4"
      },
      {
        "Lon": 21.1103,
        "Time": "2017-05-14 00:20:45",
        "Lines": "710",
        "Lat": 52.1126,
        "Brigade": "4"
      },
      {
        "Lon": 21.1116,
        "Time": "2017-05-14 00:20:55",
        "Lines": "710",
        "Lat": 52.1111,
        "Brigade": "4"
      },
      {
        "Lon": 21.1124,
        "Time": "2017-05-14 00:21:05",
        "Lines": "710",
        "Lat": 52.1102,
        "Brigade": "4"
      },
      {
        "Lon": 21.1125,
        "Time": "2017-05-14 00:21:15",
        "Lines": "710",
        "Lat": 52.1102,
        "Brigade": "4"
      },
      {
        "Lon": 21.1125,
        "Time": "2017-05-14 00:21:30",
        "Lines": "710",
        "Lat": 52.1102,
        "Brigade": "4"
      },
      {
        "Lon": 21.1125,
        "Time": "2017-05-14 00:21:40",
        "Lines": "710",
        "Lat": 52.1101,
        "Brigade": "4"
      },
      {
        "Lon": 21.1129,
        "Time": "2017-05-14 00:21:51",
        "Lines": "710",
        "Lat": 52.1095,
        "Brigade": "4"
      },
      {
        "Lon": 21.113,
        "Time": "2017-05-14 00:22:00",
        "Lines": "710",
        "Lat": 52.1086,
        "Brigade": "4"
      },
      {
        "Lon": 21.1132,
        "Time": "2017-05-14 00:22:10",
        "Lines": "710",
        "Lat": 52.1073,
        "Brigade": "4"
      },
      {
        "Lon": 21.1133,
        "Time": "2017-05-14 00:22:24",
        "Lines": "710",
        "Lat": 52.1062,
        "Brigade": "4"
      },
      {
        "Lon": 21.1133,
        "Time": "2017-05-14 00:22:35",
        "Lines": "710",
        "Lat": 52.1062,
        "Brigade": "4"
      },
      {
        "Lon": 21.1133,
        "Time": "2017-05-14 00:22:45",
        "Lines": "710",
        "Lat": 52.1062,
        "Brigade": "4"
      },
      {
        "Lon": 21.1134,
        "Time": "2017-05-14 00:22:55",
        "Lines": "710",
        "Lat": 52.1057,
        "Brigade": "4"
      },
      {
        "Lon": 21.1137,
        "Time": "2017-05-14 00:23:08",
        "Lines": "710",
        "Lat": 52.1048,
        "Brigade": "4"
      },
      {
        "Lon": 21.1139,
        "Time": "2017-05-14 00:23:16",
        "Lines": "710",
        "Lat": 52.1039,
        "Brigade": "4"
      },
      {
        "Lon": 21.1144,
        "Time": "2017-05-14 00:23:30",
        "Lines": "710",
        "Lat": 52.1024,
        "Brigade": "4"
      },
      {
        "Lon": 21.1144,
        "Time": "2017-05-14 00:23:40",
        "Lines": "710",
        "Lat": 52.1022,
        "Brigade": "4"
      },
      {
        "Lon": 21.1144,
        "Time": "2017-05-14 00:23:50",
        "Lines": "710",
        "Lat": 52.1022,
        "Brigade": "4"
      },
      {
        "Lon": 21.1147,
        "Time": "2017-05-14 00:24:00",
        "Lines": "710",
        "Lat": 52.1017,
        "Brigade": "4"
      },
      {
        "Lon": 21.1153,
        "Time": "2017-05-14 00:24:12",
        "Lines": "710",
        "Lat": 52.1001,
        "Brigade": "4"
      },
      {
        "Lon": 21.1159,
        "Time": "2017-05-14 00:24:25",
        "Lines": "710",
        "Lat": 52.0985,
        "Brigade": "4"
      },
      {
        "Lon": 21.1161,
        "Time": "2017-05-14 00:24:35",
        "Lines": "710",
        "Lat": 52.0981,
        "Brigade": "4"
      },
      {
        "Lon": 21.1169,
        "Time": "2017-05-14 00:24:43",
        "Lines": "710",
        "Lat": 52.0982,
        "Brigade": "4"
      },
      {
        "Lon": 21.118,
        "Time": "2017-05-14 00:24:46",
        "Lines": "710",
        "Lat": 52.0984,
        "Brigade": "4"
      },
      {
        "Lon": 21.118,
        "Time": "2017-05-14 00:24:55",
        "Lines": "710",
        "Lat": 52.0984,
        "Brigade": "4"
      },
      {
        "Lon": 21.1187,
        "Time": "2017-05-14 00:25:15",
        "Lines": "710",
        "Lat": 52.0985,
        "Brigade": "4"
      },
      {
        "Lon": 21.1202,
        "Time": "2017-05-14 00:25:30",
        "Lines": "710",
        "Lat": 52.0986,
        "Brigade": "4"
      },
      {
        "Lon": 21.1217,
        "Time": "2017-05-14 00:25:40",
        "Lines": "710",
        "Lat": 52.0986,
        "Brigade": "4"
      },
      {
        "Lon": 21.1237,
        "Time": "2017-05-14 00:25:50",
        "Lines": "710",
        "Lat": 52.0987,
        "Brigade": "4"
      },
      {
        "Lon": 21.1248,
        "Time": "2017-05-14 00:26:05",
        "Lines": "710",
        "Lat": 52.0987,
        "Brigade": "4"
      },
      {
        "Lon": 21.1252,
        "Time": "2017-05-14 00:26:15",
        "Lines": "710",
        "Lat": 52.0987,
        "Brigade": "4"
      },
      {
        "Lon": 21.1255,
        "Time": "2017-05-14 00:26:25",
        "Lines": "710",
        "Lat": 52.0995,
        "Brigade": "4"
      },
      {
        "Lon": 21.1255,
        "Time": "2017-05-14 00:26:35",
        "Lines": "710",
        "Lat": 52.1007,
        "Brigade": "4"
      },
      {
        "Lon": 21.1254,
        "Time": "2017-05-14 00:26:46",
        "Lines": "710",
        "Lat": 52.1011,
        "Brigade": "4"
      },
      {
        "Lon": 21.1254,
        "Time": "2017-05-14 00:26:55",
        "Lines": "710",
        "Lat": 52.1013,
        "Brigade": "4"
      },
      {
        "Lon": 21.1266,
        "Time": "2017-05-14 00:27:10",
        "Lines": "710",
        "Lat": 52.1012,
        "Brigade": "4"
      },
      {
        "Lon": 21.1278,
        "Time": "2017-05-14 00:27:20",
        "Lines": "710",
        "Lat": 52.1007,
        "Brigade": "4"
      },
      {
        "Lon": 21.1295,
        "Time": "2017-05-14 00:27:30",
        "Lines": "710",
        "Lat": 52.1,
        "Brigade": "4"
      },
      {
        "Lon": 21.1313,
        "Time": "2017-05-14 00:27:40",
        "Lines": "710",
        "Lat": 52.0993,
        "Brigade": "4"
      },
      {
        "Lon": 21.1334,
        "Time": "2017-05-14 00:27:50",
        "Lines": "710",
        "Lat": 52.0985,
        "Brigade": "4"
      },
      {
        "Lon": 21.1352,
        "Time": "2017-05-14 00:28:05",
        "Lines": "710",
        "Lat": 52.0976,
        "Brigade": "4"
      },
      {
        "Lon": 21.1353,
        "Time": "2017-05-14 00:28:15",
        "Lines": "710",
        "Lat": 52.0975,
        "Brigade": "4"
      },
      {
        "Lon": 21.1353,
        "Time": "2017-05-14 00:28:25",
        "Lines": "710",
        "Lat": 52.0975,
        "Brigade": "4"
      },
      {
        "Lon": 21.1358,
        "Time": "2017-05-14 00:28:35",
        "Lines": "710",
        "Lat": 52.097,
        "Brigade": "4"
      },
      {
        "Lon": 21.1365,
        "Time": "2017-05-14 00:28:45",
        "Lines": "710",
        "Lat": 52.0961,
        "Brigade": "4"
      },
      {
        "Lon": 21.1362,
        "Time": "2017-05-14 00:29:00",
        "Lines": "710",
        "Lat": 52.095,
        "Brigade": "4"
      },
      {
        "Lon": 21.1352,
        "Time": "2017-05-14 00:29:10",
        "Lines": "710",
        "Lat": 52.0949,
        "Brigade": "4"
      },
      {
        "Lon": 21.1334,
        "Time": "2017-05-14 00:29:20",
        "Lines": "710",
        "Lat": 52.0945,
        "Brigade": "4"
      },
      {
        "Lon": 21.1302,
        "Time": "2017-05-14 00:29:32",
        "Lines": "710",
        "Lat": 52.0935,
        "Brigade": "4"
      },
      {
        "Lon": 21.1284,
        "Time": "2017-05-14 00:29:40",
        "Lines": "710",
        "Lat": 52.0929,
        "Brigade": "4"
      },
      {
        "Lon": 21.1248,
        "Time": "2017-05-14 00:29:55",
        "Lines": "710",
        "Lat": 52.0917,
        "Brigade": "4"
      },
      {
        "Lon": 21.1231,
        "Time": "2017-05-14 00:30:05",
        "Lines": "710",
        "Lat": 52.091,
        "Brigade": "4"
      },
      {
        "Lon": 21.1225,
        "Time": "2017-05-14 00:30:14",
        "Lines": "710",
        "Lat": 52.0907,
        "Brigade": "4"
      },
      {
        "Lon": 21.1225,
        "Time": "2017-05-14 00:30:27",
        "Lines": "710",
        "Lat": 52.0907,
        "Brigade": "4"
      },
      {
        "Lon": 21.1224,
        "Time": "2017-05-14 00:30:35",
        "Lines": "710",
        "Lat": 52.0906,
        "Brigade": "4"
      },
      {
        "Lon": 21.1219,
        "Time": "2017-05-14 00:30:50",
        "Lines": "710",
        "Lat": 52.09,
        "Brigade": "4"
      },
      {
        "Lon": 21.1217,
        "Time": "2017-05-14 00:31:00",
        "Lines": "710",
        "Lat": 52.0893,
        "Brigade": "4"
      },
      {
        "Lon": 21.1215,
        "Time": "2017-05-14 00:31:12",
        "Lines": "710",
        "Lat": 52.0885,
        "Brigade": "4"
      },
      {
        "Lon": 21.1215,
        "Time": "2017-05-14 00:31:22",
        "Lines": "710",
        "Lat": 52.0884,
        "Brigade": "4"
      },
      {
        "Lon": 21.1214,
        "Time": "2017-05-14 00:31:35",
        "Lines": "710",
        "Lat": 52.088,
        "Brigade": "4"
      },
      {
        "Lon": 21.1209,
        "Time": "2017-05-14 00:31:45",
        "Lines": "710",
        "Lat": 52.0871,
        "Brigade": "4"
      },
      {
        "Lon": 21.1205,
        "Time": "2017-05-14 00:31:55",
        "Lines": "710",
        "Lat": 52.0859,
        "Brigade": "4"
      },
      {
        "Lon": 21.1201,
        "Time": "2017-05-14 00:32:05",
        "Lines": "710",
        "Lat": 52.0849,
        "Brigade": "4"
      },
      {
        "Lon": 21.1198,
        "Time": "2017-05-14 00:32:20",
        "Lines": "710",
        "Lat": 52.0843,
        "Brigade": "4"
      },
      {
        "Lon": 21.1198,
        "Time": "2017-05-14 00:32:25",
        "Lines": "710",
        "Lat": 52.0842,
        "Brigade": "4"
      },
      {
        "Lon": 21.1194,
        "Time": "2017-05-14 00:32:40",
        "Lines": "710",
        "Lat": 52.0836,
        "Brigade": "4"
      },
      {
        "Lon": 21.1192,
        "Time": "2017-05-14 00:32:50",
        "Lines": "710",
        "Lat": 52.0825,
        "Brigade": "4"
      },
      {
        "Lon": 21.119,
        "Time": "2017-05-14 00:33:00",
        "Lines": "710",
        "Lat": 52.0815,
        "Brigade": "4"
      },
      {
        "Lon": 21.1181,
        "Time": "2017-05-14 00:33:15",
        "Lines": "710",
        "Lat": 52.0815,
        "Brigade": "4"
      },
      {
        "Lon": 21.1165,
        "Time": "2017-05-14 00:33:25",
        "Lines": "710",
        "Lat": 52.0819,
        "Brigade": "4"
      },
      {
        "Lon": 21.1148,
        "Time": "2017-05-14 00:33:35",
        "Lines": "710",
        "Lat": 52.0824,
        "Brigade": "4"
      },
      {
        "Lon": 21.1142,
        "Time": "2017-05-14 00:33:45",
        "Lines": "710",
        "Lat": 52.0823,
        "Brigade": "4"
      },
      {
        "Lon": 21.1139,
        "Time": "2017-05-14 00:34:00",
        "Lines": "710",
        "Lat": 52.0811,
        "Brigade": "4"
      },
      {
        "Lon": 21.0247,
        "Time": "2017-05-14 00:47:35",
        "Lines": "710",
        "Lat": 52.0809,
        "Brigade": "4"
      },
      {
        "Lon": 21.0237,
        "Time": "2017-05-14 00:47:45",
        "Lines": "710",
        "Lat": 52.0815,
        "Brigade": "4"
      },
      {
        "Lon": 21.0228,
        "Time": "2017-05-14 00:47:55",
        "Lines": "710",
        "Lat": 52.0826,
        "Brigade": "4"
      },
      {
        "Lon": 21.0224,
        "Time": "2017-05-14 00:48:05",
        "Lines": "710",
        "Lat": 52.0833,
        "Brigade": "4"
      },
      {
        "Lon": 21.0224,
        "Time": "2017-05-14 00:48:18",
        "Lines": "710",
        "Lat": 52.0833,
        "Brigade": "4"
      },
      {
        "Lon": 21.0224,
        "Time": "2017-05-14 00:48:25",
        "Lines": "710",
        "Lat": 52.0833,
        "Brigade": "4"
      },
      {
        "Lon": 21.0224,
        "Time": "2017-05-14 00:48:40",
        "Lines": "710",
        "Lat": 52.0833,
        "Brigade": "4"
      },
      {
        "Lon": 21.0224,
        "Time": "2017-05-14 00:48:50",
        "Lines": "710",
        "Lat": 52.0833,
        "Brigade": "4"
      },
      {
        "Lon": 21.0224,
        "Time": "2017-05-14 00:49:00",
        "Lines": "710",
        "Lat": 52.0833,
        "Brigade": "4"
      },
      {
        "Lon": 21.0224,
        "Time": "2017-05-14 00:49:10",
        "Lines": "710",
        "Lat": 52.0833,
        "Brigade": "4"
      },
      {
        "Lon": 21.0224,
        "Time": "2017-05-14 00:49:20",
        "Lines": "710",
        "Lat": 52.0833,
        "Brigade": "4"
      },
      {
        "Lon": 21.0224,
        "Time": "2017-05-14 00:49:35",
        "Lines": "710",
        "Lat": 52.0833,
        "Brigade": "4"
      },
      {
        "Lon": 21.0224,
        "Time": "2017-05-14 00:49:45",
        "Lines": "710",
        "Lat": 52.0833,
        "Brigade": "4"
      },
      {
        "Lon": 21.0224,
        "Time": "2017-05-14 00:49:55",
        "Lines": "710",
        "Lat": 52.0833,
        "Brigade": "4"
      },
      {
        "Lon": 21.0224,
        "Time": "2017-05-14 00:50:05",
        "Lines": "710",
        "Lat": 52.0833,
        "Brigade": "4"
      },
      {
        "Lon": 21.0222,
        "Time": "2017-05-14 00:50:20",
        "Lines": "710",
        "Lat": 52.0835,
        "Brigade": "4"
      },
      {
        "Lon": 21.0217,
        "Time": "2017-05-14 00:50:30",
        "Lines": "710",
        "Lat": 52.0843,
        "Brigade": "4"
      },
      {
        "Lon": 21.0203,
        "Time": "2017-05-14 00:50:50",
        "Lines": "710",
        "Lat": 52.0865,
        "Brigade": "4"
      },
      {
        "Lon": 21.0195,
        "Time": "2017-05-14 00:51:00",
        "Lines": "710",
        "Lat": 52.0879,
        "Brigade": "4"
      },
      {
        "Lon": 21.0192,
        "Time": "2017-05-14 00:51:15",
        "Lines": "710",
        "Lat": 52.09,
        "Brigade": "4"
      },
      {
        "Lon": 21.0192,
        "Time": "2017-05-14 00:51:25",
        "Lines": "710",
        "Lat": 52.0915,
        "Brigade": "4"
      },
      {
        "Lon": 21.0192,
        "Time": "2017-05-14 00:51:35",
        "Lines": "710",
        "Lat": 52.093,
        "Brigade": "4"
      },
      {
        "Lon": 21.0191,
        "Time": "2017-05-14 00:51:45",
        "Lines": "710",
        "Lat": 52.0945,
        "Brigade": "4"
      },
      {
        "Lon": 21.0191,
        "Time": "2017-05-14 00:52:00",
        "Lines": "710",
        "Lat": 52.0968,
        "Brigade": "4"
      },
      {
        "Lon": 21.019,
        "Time": "2017-05-14 00:52:10",
        "Lines": "710",
        "Lat": 52.0978,
        "Brigade": "4"
      },
      {
        "Lon": 21.019,
        "Time": "2017-05-14 00:52:20",
        "Lines": "710",
        "Lat": 52.0991,
        "Brigade": "4"
      },
      {
        "Lon": 21.0189,
        "Time": "2017-05-14 00:52:30",
        "Lines": "710",
        "Lat": 52.1007,
        "Brigade": "4"
      },
      {
        "Lon": 21.0189,
        "Time": "2017-05-14 00:52:40",
        "Lines": "710",
        "Lat": 52.1022,
        "Brigade": "4"
      },
      {
        "Lon": 21.0188,
        "Time": "2017-05-14 00:52:50",
        "Lines": "710",
        "Lat": 52.1039,
        "Brigade": "4"
      },
      {
        "Lon": 21.0187,
        "Time": "2017-05-14 00:53:05",
        "Lines": "710",
        "Lat": 52.106,
        "Brigade": "4"
      },
      {
        "Lon": 21.0187,
        "Time": "2017-05-14 00:53:15",
        "Lines": "710",
        "Lat": 52.1072,
        "Brigade": "4"
      },
      {
        "Lon": 21.0187,
        "Time": "2017-05-14 00:53:25",
        "Lines": "710",
        "Lat": 52.1086,
        "Brigade": "4"
      },
      {
        "Lon": 21.0187,
        "Time": "2017-05-14 00:53:40",
        "Lines": "710",
        "Lat": 52.1109,
        "Brigade": "4"
      },
      {
        "Lon": 21.0186,
        "Time": "2017-05-14 00:53:50",
        "Lines": "710",
        "Lat": 52.1124,
        "Brigade": "4"
      },
      {
        "Lon": 21.0186,
        "Time": "2017-05-14 00:54:00",
        "Lines": "710",
        "Lat": 52.1141,
        "Brigade": "4"
      },
      {
        "Lon": 21.0185,
        "Time": "2017-05-14 00:54:05",
        "Lines": "710",
        "Lat": 52.116,
        "Brigade": "4"
      },
      {
        "Lon": 21.0185,
        "Time": "2017-05-14 00:54:20",
        "Lines": "710",
        "Lat": 52.1172,
        "Brigade": "4"
      },
      {
        "Lon": 21.0184,
        "Time": "2017-05-14 00:54:35",
        "Lines": "710",
        "Lat": 52.1195,
        "Brigade": "4"
      },
      {
        "Lon": 21.0184,
        "Time": "2017-05-14 00:54:45",
        "Lines": "710",
        "Lat": 52.1207,
        "Brigade": "4"
      },
      {
        "Lon": 21.0184,
        "Time": "2017-05-14 00:54:55",
        "Lines": "710",
        "Lat": 52.1209,
        "Brigade": "4"
      },
      {
        "Lon": 21.0184,
        "Time": "2017-05-14 00:55:05",
        "Lines": "710",
        "Lat": 52.1209,
        "Brigade": "4"
      },
      {
        "Lon": 21.0184,
        "Time": "2017-05-14 00:55:15",
        "Lines": "710",
        "Lat": 52.1215,
        "Brigade": "4"
      },
      {
        "Lon": 21.0184,
        "Time": "2017-05-14 00:55:25",
        "Lines": "710",
        "Lat": 52.1227,
        "Brigade": "4"
      },
      {
        "Lon": 21.0183,
        "Time": "2017-05-14 00:55:40",
        "Lines": "710",
        "Lat": 52.1249,
        "Brigade": "4"
      },
      {
        "Lon": 21.0183,
        "Time": "2017-05-14 00:55:50",
        "Lines": "710",
        "Lat": 52.1264,
        "Brigade": "4"
      },
      {
        "Lon": 21.0182,
        "Time": "2017-05-14 00:56:00",
        "Lines": "710",
        "Lat": 52.1279,
        "Brigade": "4"
      },
      {
        "Lon": 21.0182,
        "Time": "2017-05-14 00:56:10",
        "Lines": "710",
        "Lat": 52.1295,
        "Brigade": "4"
      },
      {
        "Lon": 21.0182,
        "Time": "2017-05-14 00:56:20",
        "Lines": "710",
        "Lat": 52.1313,
        "Brigade": "4"
      },
      {
        "Lon": 21.0181,
        "Time": "2017-05-14 00:56:35",
        "Lines": "710",
        "Lat": 52.1337,
        "Brigade": "4"
      },
      {
        "Lon": 21.0181,
        "Time": "2017-05-14 00:56:45",
        "Lines": "710",
        "Lat": 52.1353,
        "Brigade": "4"
      },
      {
        "Lon": 21.018,
        "Time": "2017-05-14 00:56:55",
        "Lines": "710",
        "Lat": 52.1368,
        "Brigade": "4"
      },
      {
        "Lon": 21.018,
        "Time": "2017-05-14 00:57:05",
        "Lines": "710",
        "Lat": 52.1381,
        "Brigade": "4"
      },
      {
        "Lon": 21.0181,
        "Time": "2017-05-14 00:57:15",
        "Lines": "710",
        "Lat": 52.1393,
        "Brigade": "4"
      },
      {
        "Lon": 21.018,
        "Time": "2017-05-14 00:57:25",
        "Lines": "710",
        "Lat": 52.141,
        "Brigade": "4"
      },
      {
        "Lon": 21.0179,
        "Time": "2017-05-14 00:57:40",
        "Lines": "710",
        "Lat": 52.1424,
        "Brigade": "4"
      },
      {
        "Lon": 21.0179,
        "Time": "2017-05-14 00:57:50",
        "Lines": "710",
        "Lat": 52.1439,
        "Brigade": "4"
      },
      {
        "Lon": 21.0178,
        "Time": "2017-05-14 00:58:00",
        "Lines": "710",
        "Lat": 52.1453,
        "Brigade": "4"
      },
      {
        "Lon": 21.0178,
        "Time": "2017-05-14 00:58:10",
        "Lines": "710",
        "Lat": 52.1465,
        "Brigade": "4"
      },
      {
        "Lon": 21.0178,
        "Time": "2017-05-14 00:58:25",
        "Lines": "710",
        "Lat": 52.147,
        "Brigade": "4"
      },
      {
        "Lon": 21.0178,
        "Time": "2017-05-14 00:58:35",
        "Lines": "710",
        "Lat": 52.147,
        "Brigade": "4"
      },
      {
        "Lon": 21.0178,
        "Time": "2017-05-14 00:58:45",
        "Lines": "710",
        "Lat": 52.1472,
        "Brigade": "4"
      },
      {
        "Lon": 21.0178,
        "Time": "2017-05-14 00:58:55",
        "Lines": "710",
        "Lat": 52.1481,
        "Brigade": "4"
      },
      {
        "Lon": 21.0178,
        "Time": "2017-05-14 00:59:05",
        "Lines": "710",
        "Lat": 52.1495,
        "Brigade": "4"
      },
      {
        "Lon": 21.0178,
        "Time": "2017-05-14 00:59:20",
        "Lines": "710",
        "Lat": 52.1515,
        "Brigade": "4"
      },
      {
        "Lon": 21.0178,
        "Time": "2017-05-14 00:59:30",
        "Lines": "710",
        "Lat": 52.1522,
        "Brigade": "4"
      },
      {
        "Lon": 21.0178,
        "Time": "2017-05-14 00:59:40",
        "Lines": "710",
        "Lat": 52.1525,
        "Brigade": "4"
      },
      {
        "Lon": 21.0178,
        "Time": "2017-05-14 00:59:50",
        "Lines": "710",
        "Lat": 52.1535,
        "Brigade": "4"
      },
      {
        "Lon": 21.0178,
        "Time": "2017-05-14 01:00:00",
        "Lines": "710",
        "Lat": 52.155,
        "Brigade": "4"
      },
      {
        "Lon": 21.0176,
        "Time": "2017-05-14 01:00:15",
        "Lines": "710",
        "Lat": 52.1577,
        "Brigade": "4"
      },
      {
        "Lon": 21.0176,
        "Time": "2017-05-14 01:00:25",
        "Lines": "710",
        "Lat": 52.1596,
        "Brigade": "4"
      },
      {
        "Lon": 21.0175,
        "Time": "2017-05-14 01:00:35",
        "Lines": "710",
        "Lat": 52.1615,
        "Brigade": "4"
      },
      {
        "Lon": 21.0176,
        "Time": "2017-05-14 01:00:45",
        "Lines": "710",
        "Lat": 52.1633,
        "Brigade": "4"
      },
      {
        "Lon": 21.0177,
        "Time": "2017-05-14 01:00:55",
        "Lines": "710",
        "Lat": 52.1651,
        "Brigade": "4"
      },
      {
        "Lon": 21.0161,
        "Time": "2017-05-14 01:01:10",
        "Lines": "710",
        "Lat": 52.1673,
        "Brigade": "4"
      },
      {
        "Lon": 21.0147,
        "Time": "2017-05-14 01:01:15",
        "Lines": "710",
        "Lat": 52.1677,
        "Brigade": "4"
      },
      {
        "Lon": 21.0109,
        "Time": "2017-05-14 01:01:30",
        "Lines": "710",
        "Lat": 52.1691,
        "Brigade": "4"
      },
      {
        "Lon": 21.009,
        "Time": "2017-05-14 01:01:40",
        "Lines": "710",
        "Lat": 52.17,
        "Brigade": "4"
      },
      {
        "Lon": 21.0085,
        "Time": "2017-05-14 01:01:50",
        "Lines": "710",
        "Lat": 52.1702,
        "Brigade": "4"
      },
      {
        "Lon": 21.0085,
        "Time": "2017-05-14 01:02:05",
        "Lines": "710",
        "Lat": 52.1702,
        "Brigade": "4"
      },
      {
        "Lon": 21.008,
        "Time": "2017-05-14 01:02:15",
        "Lines": "710",
        "Lat": 52.1705,
        "Brigade": "4"
      },
      {
        "Lon": 21.0065,
        "Time": "2017-05-14 01:02:25",
        "Lines": "710",
        "Lat": 52.1711,
        "Brigade": "4"
      },
      {
        "Lon": 21.0057,
        "Time": "2017-05-14 01:02:35",
        "Lines": "710",
        "Lat": 52.1715,
        "Brigade": "4"
      },
      {
        "Lon": 21.0056,
        "Time": "2017-05-14 01:02:45",
        "Lines": "710",
        "Lat": 52.1716,
        "Brigade": "4"
      },
      {
        "Lon": 21.0056,
        "Time": "2017-05-14 01:03:00",
        "Lines": "710",
        "Lat": 52.1715,
        "Brigade": "4"
      },
      {
        "Lon": 21.0056,
        "Time": "2017-05-14 01:03:10",
        "Lines": "710",
        "Lat": 52.1715,
        "Brigade": "4"
      },
      {
        "Lon": 21.0056,
        "Time": "2017-05-14 01:03:20",
        "Lines": "710",
        "Lat": 52.1716,
        "Brigade": "4"
      },
      {
        "Lon": 21.0046,
        "Time": "2017-05-14 01:03:30",
        "Lines": "710",
        "Lat": 52.1721,
        "Brigade": "4"
      },
      {
        "Lon": 21.0035,
        "Time": "2017-05-14 01:03:40",
        "Lines": "710",
        "Lat": 52.1732,
        "Brigade": "4"
      },
      {
        "Lon": 21.0029,
        "Time": "2017-05-14 01:03:55",
        "Lines": "710",
        "Lat": 52.1747,
        "Brigade": "4"
      },
      {
        "Lon": 21.0028,
        "Time": "2017-05-14 01:04:05",
        "Lines": "710",
        "Lat": 52.1749,
        "Brigade": "4"
      },
      {
        "Lon": 21.0027,
        "Time": "2017-05-14 01:04:15",
        "Lines": "710",
        "Lat": 52.1759,
        "Brigade": "4"
      },
      {
        "Lon": 21.0025,
        "Time": "2017-05-14 01:04:25",
        "Lines": "710",
        "Lat": 52.1774,
        "Brigade": "4"
      },
      {
        "Lon": 21.0025,
        "Time": "2017-05-14 01:04:35",
        "Lines": "710",
        "Lat": 52.1778,
        "Brigade": "4"
      },
      {
        "Lon": 21.0025,
        "Time": "2017-05-14 01:04:50",
        "Lines": "710",
        "Lat": 52.1778,
        "Brigade": "4"
      },
      {
        "Lon": 21.0025,
        "Time": "2017-05-14 01:04:55",
        "Lines": "710",
        "Lat": 52.1778,
        "Brigade": "4"
      },
      {
        "Lon": 21.0025,
        "Time": "2017-05-14 01:05:10",
        "Lines": "710",
        "Lat": 52.1778,
        "Brigade": "4"
      },
      {
        "Lon": 21.0025,
        "Time": "2017-05-14 01:05:20",
        "Lines": "710",
        "Lat": 52.1778,
        "Brigade": "4"
      },
      {
        "Lon": 21.0025,
        "Time": "2017-05-14 01:05:30",
        "Lines": "710",
        "Lat": 52.1784,
        "Brigade": "4"
      },
      {
        "Lon": 21.0024,
        "Time": "2017-05-14 01:05:45",
        "Lines": "710",
        "Lat": 52.1805,
        "Brigade": "4"
      },
      {
        "Lon": 21.0024,
        "Time": "2017-05-14 01:05:55",
        "Lines": "710",
        "Lat": 52.182,
        "Brigade": "4"
      },
      {
        "Lon": 21.0024,
        "Time": "2017-05-14 01:06:05",
        "Lines": "710",
        "Lat": 52.1829,
        "Brigade": "4"
      },
      {
        "Lon": 21.0024,
        "Time": "2017-05-14 01:06:20",
        "Lines": "710",
        "Lat": 52.183,
        "Brigade": "4"
      },
      {
        "Lon": 21.0024,
        "Time": "2017-05-14 01:06:30",
        "Lines": "710",
        "Lat": 52.183,
        "Brigade": "4"
      },
      {
        "Lon": 21.0024,
        "Time": "2017-05-14 01:06:40",
        "Lines": "710",
        "Lat": 52.183,
        "Brigade": "4"
      },
      {
        "Lon": 21.0024,
        "Time": "2017-05-14 01:06:50",
        "Lines": "710",
        "Lat": 52.183,
        "Brigade": "4"
      },
      {
        "Lon": 21.0024,
        "Time": "2017-05-14 01:07:05",
        "Lines": "710",
        "Lat": 52.183,
        "Brigade": "4"
      },
      {
        "Lon": 21.0017,
        "Time": "2017-05-14 01:07:15",
        "Lines": "710",
        "Lat": 52.1834,
        "Brigade": "4"
      },
      {
        "Lon": 20.9997,
        "Time": "2017-05-14 01:07:25",
        "Lines": "710",
        "Lat": 52.1834,
        "Brigade": "4"
      },
      {
        "Lon": 20.9978,
        "Time": "2017-05-14 01:07:35",
        "Lines": "710",
        "Lat": 52.1833,
        "Brigade": "4"
      },
      {
        "Lon": 20.9975,
        "Time": "2017-05-14 01:07:45",
        "Lines": "710",
        "Lat": 52.184,
        "Brigade": "4"
      },
      {
        "Lon": 20.9975,
        "Time": "2017-05-14 01:08:00",
        "Lines": "710",
        "Lat": 52.1855,
        "Brigade": "4"
      },
      {
        "Lon": 20.9968,
        "Time": "2017-05-14 01:08:05",
        "Lines": "710",
        "Lat": 52.1855,
        "Brigade": "4"
      },
      {
        "Lon": 20.9937,
        "Time": "2017-05-14 01:08:20",
        "Lines": "710",
        "Lat": 52.1855,
        "Brigade": "4"
      },
      {
        "Lon": 20.9929,
        "Time": "2017-05-14 01:08:30",
        "Lines": "710",
        "Lat": 52.1859,
        "Brigade": "4"
      },
      {
        "Lon": 20.9929,
        "Time": "2017-05-14 01:08:40",
        "Lines": "710",
        "Lat": 52.187,
        "Brigade": "4"
      },
      {
        "Lon": 20.9929,
        "Time": "2017-05-14 01:08:50",
        "Lines": "710",
        "Lat": 52.1883,
        "Brigade": "4"
      },
      {
        "Lon": 20.9939,
        "Time": "2017-05-14 01:09:05",
        "Lines": "710",
        "Lat": 52.1888,
        "Brigade": "4"
      },
      {
        "Lon": 20.9957,
        "Time": "2017-05-14 01:09:15",
        "Lines": "710",
        "Lat": 52.1888,
        "Brigade": "4"
      },
      {
        "Lon": 20.9962,
        "Time": "2017-05-14 01:09:27",
        "Lines": "710",
        "Lat": 52.1886,
        "Brigade": "4"
      },
      {
        "Lon": 20.9962,
        "Time": "2017-05-14 01:09:35",
        "Lines": "710",
        "Lat": 52.1885,
        "Brigade": "4"
      },
      {
        "Lon": 20.9962,
        "Time": "2017-05-14 01:09:45",
        "Lines": "710",
        "Lat": 52.1885,
        "Brigade": "4"
      },
      {
        "Lon": 20.9962,
        "Time": "2017-05-14 01:09:55",
        "Lines": "710",
        "Lat": 52.1885,
        "Brigade": "4"
      },
      {
        "Lon": 20.996,
        "Time": "2017-05-14 01:10:10",
        "Lines": "710",
        "Lat": 52.1882,
        "Brigade": "4"
      },
      {
        "Lon": 20.996,
        "Time": "2017-05-14 01:10:20",
        "Lines": "710",
        "Lat": 52.188,
        "Brigade": "4"
      },
      {
        "Lon": 20.996,
        "Time": "2017-05-14 01:10:30",
        "Lines": "710",
        "Lat": 52.188,
        "Brigade": "4"
      },
      {
        "Lon": 20.9961,
        "Time": "2017-05-14 01:10:40",
        "Lines": "710",
        "Lat": 52.188,
        "Brigade": "4"
      },
      {
        "Lon": 20.996,
        "Time": "2017-05-14 01:10:55",
        "Lines": "710",
        "Lat": 52.188,
        "Brigade": "4"
      },
      {
        "Lon": 20.996,
        "Time": "2017-05-14 01:11:05",
        "Lines": "710",
        "Lat": 52.188,
        "Brigade": "4"
      },
      {
        "Lon": 20.996,
        "Time": "2017-05-14 01:11:15",
        "Lines": "710",
        "Lat": 52.188,
        "Brigade": "4"
      }
    ]
  }
]
