[
  {
    "res": [
      {
        "Lon": 20.8343,
        "Time": "2017-05-14 00:22:40",
        "Lines": "711",
        "Lat": 52.1049,
        "Brigade": "52"
      },
      {
        "Lon": 20.8358,
        "Time": "2017-05-14 00:22:50",
        "Lines": "711",
        "Lat": 52.1053,
        "Brigade": "52"
      },
      {
        "Lon": 20.8378,
        "Time": "2017-05-14 00:23:10",
        "Lines": "711",
        "Lat": 52.105,
        "Brigade": "52"
      },
      {
        "Lon": 20.838,
        "Time": "2017-05-14 00:23:20",
        "Lines": "711",
        "Lat": 52.105,
        "Brigade": "52"
      },
      {
        "Lon": 20.8381,
        "Time": "2017-05-14 00:23:30",
        "Lines": "711",
        "Lat": 52.1054,
        "Brigade": "52"
      },
      {
        "Lon": 20.8376,
        "Time": "2017-05-14 00:23:40",
        "Lines": "711",
        "Lat": 52.106,
        "Brigade": "52"
      },
      {
        "Lon": 20.8368,
        "Time": "2017-05-14 00:23:50",
        "Lines": "711",
        "Lat": 52.1069,
        "Brigade": "52"
      },
      {
        "Lon": 20.8359,
        "Time": "2017-05-14 00:24:00",
        "Lines": "711",
        "Lat": 52.1079,
        "Brigade": "52"
      },
      {
        "Lon": 20.835,
        "Time": "2017-05-14 00:24:10",
        "Lines": "711",
        "Lat": 52.1089,
        "Brigade": "52"
      },
      {
        "Lon": 20.8341,
        "Time": "2017-05-14 00:24:20",
        "Lines": "711",
        "Lat": 52.1099,
        "Brigade": "52"
      },
      {
        "Lon": 20.8334,
        "Time": "2017-05-14 00:24:30",
        "Lines": "711",
        "Lat": 52.1107,
        "Brigade": "52"
      },
      {
        "Lon": 20.8335,
        "Time": "2017-05-14 00:25:30",
        "Lines": "711",
        "Lat": 52.111,
        "Brigade": "52"
      },
      {
        "Lon": 20.8342,
        "Time": "2017-05-14 00:25:40",
        "Lines": "711",
        "Lat": 52.11,
        "Brigade": "52"
      },
      {
        "Lon": 20.8351,
        "Time": "2017-05-14 00:25:50",
        "Lines": "711",
        "Lat": 52.109,
        "Brigade": "52"
      },
      {
        "Lon": 20.836,
        "Time": "2017-05-14 00:26:00",
        "Lines": "711",
        "Lat": 52.1081,
        "Brigade": "52"
      },
      {
        "Lon": 20.8373,
        "Time": "2017-05-14 00:26:10",
        "Lines": "711",
        "Lat": 52.1078,
        "Brigade": "52"
      },
      {
        "Lon": 20.8387,
        "Time": "2017-05-14 00:26:20",
        "Lines": "711",
        "Lat": 52.1073,
        "Brigade": "52"
      },
      {
        "Lon": 20.8402,
        "Time": "2017-05-14 00:26:30",
        "Lines": "711",
        "Lat": 52.1078,
        "Brigade": "52"
      },
      {
        "Lon": 20.8419,
        "Time": "2017-05-14 00:26:40",
        "Lines": "711",
        "Lat": 52.1085,
        "Brigade": "52"
      },
      {
        "Lon": 20.8454,
        "Time": "2017-05-14 00:27:00",
        "Lines": "711",
        "Lat": 52.11,
        "Brigade": "52"
      },
      {
        "Lon": 20.8471,
        "Time": "2017-05-14 00:27:10",
        "Lines": "711",
        "Lat": 52.1106,
        "Brigade": "52"
      },
      {
        "Lon": 20.8489,
        "Time": "2017-05-14 00:27:20",
        "Lines": "711",
        "Lat": 52.1113,
        "Brigade": "52"
      },
      {
        "Lon": 20.8506,
        "Time": "2017-05-14 00:27:30",
        "Lines": "711",
        "Lat": 52.112,
        "Brigade": "52"
      },
      {
        "Lon": 20.8521,
        "Time": "2017-05-14 00:27:40",
        "Lines": "711",
        "Lat": 52.1126,
        "Brigade": "52"
      },
      {
        "Lon": 20.8522,
        "Time": "2017-05-14 00:28:00",
        "Lines": "711",
        "Lat": 52.114,
        "Brigade": "52"
      },
      {
        "Lon": 20.8527,
        "Time": "2017-05-14 00:28:10",
        "Lines": "711",
        "Lat": 52.1138,
        "Brigade": "52"
      },
      {
        "Lon": 20.8533,
        "Time": "2017-05-14 00:28:20",
        "Lines": "711",
        "Lat": 52.1132,
        "Brigade": "52"
      },
      {
        "Lon": 20.854,
        "Time": "2017-05-14 00:28:30",
        "Lines": "711",
        "Lat": 52.1125,
        "Brigade": "52"
      },
      {
        "Lon": 20.8554,
        "Time": "2017-05-14 00:28:50",
        "Lines": "711",
        "Lat": 52.1133,
        "Brigade": "52"
      },
      {
        "Lon": 20.8567,
        "Time": "2017-05-14 00:29:00",
        "Lines": "711",
        "Lat": 52.1139,
        "Brigade": "52"
      },
      {
        "Lon": 20.8584,
        "Time": "2017-05-14 00:29:10",
        "Lines": "711",
        "Lat": 52.1146,
        "Brigade": "52"
      },
      {
        "Lon": 20.8602,
        "Time": "2017-05-14 00:29:20",
        "Lines": "711",
        "Lat": 52.1153,
        "Brigade": "52"
      },
      {
        "Lon": 20.862,
        "Time": "2017-05-14 00:29:30",
        "Lines": "711",
        "Lat": 52.1161,
        "Brigade": "52"
      },
      {
        "Lon": 20.8638,
        "Time": "2017-05-14 00:29:40",
        "Lines": "711",
        "Lat": 52.1167,
        "Brigade": "52"
      },
      {
        "Lon": 20.8655,
        "Time": "2017-05-14 00:29:50",
        "Lines": "711",
        "Lat": 52.1175,
        "Brigade": "52"
      },
      {
        "Lon": 20.867,
        "Time": "2017-05-14 00:30:00",
        "Lines": "711",
        "Lat": 52.1183,
        "Brigade": "52"
      },
      {
        "Lon": 20.8682,
        "Time": "2017-05-14 00:30:10",
        "Lines": "711",
        "Lat": 52.119,
        "Brigade": "52"
      },
      {
        "Lon": 20.8695,
        "Time": "2017-05-14 00:30:30",
        "Lines": "711",
        "Lat": 52.1192,
        "Brigade": "52"
      },
      {
        "Lon": 20.87,
        "Time": "2017-05-14 00:30:40",
        "Lines": "711",
        "Lat": 52.1185,
        "Brigade": "52"
      },
      {
        "Lon": 20.8696,
        "Time": "2017-05-14 00:30:50",
        "Lines": "711",
        "Lat": 52.1183,
        "Brigade": "52"
      },
      {
        "Lon": 20.8693,
        "Time": "2017-05-14 00:31:00",
        "Lines": "711",
        "Lat": 52.1189,
        "Brigade": "52"
      },
      {
        "Lon": 20.869,
        "Time": "2017-05-14 00:31:10",
        "Lines": "711",
        "Lat": 52.1197,
        "Brigade": "52"
      },
      {
        "Lon": 20.8686,
        "Time": "2017-05-14 00:31:20",
        "Lines": "711",
        "Lat": 52.1205,
        "Brigade": "52"
      },
      {
        "Lon": 20.8683,
        "Time": "2017-05-14 00:31:30",
        "Lines": "711",
        "Lat": 52.1211,
        "Brigade": "52"
      },
      {
        "Lon": 20.8691,
        "Time": "2017-05-14 00:31:40",
        "Lines": "711",
        "Lat": 52.1212,
        "Brigade": "52"
      },
      {
        "Lon": 20.8699,
        "Time": "2017-05-14 00:31:50",
        "Lines": "711",
        "Lat": 52.1208,
        "Brigade": "52"
      },
      {
        "Lon": 20.8703,
        "Time": "2017-05-14 00:32:00",
        "Lines": "711",
        "Lat": 52.1209,
        "Brigade": "52"
      },
      {
        "Lon": 20.8719,
        "Time": "2017-05-14 00:32:20",
        "Lines": "711",
        "Lat": 52.1224,
        "Brigade": "52"
      },
      {
        "Lon": 20.873,
        "Time": "2017-05-14 00:32:30",
        "Lines": "711",
        "Lat": 52.1232,
        "Brigade": "52"
      },
      {
        "Lon": 20.8744,
        "Time": "2017-05-14 00:32:40",
        "Lines": "711",
        "Lat": 52.1238,
        "Brigade": "52"
      },
      {
        "Lon": 20.8748,
        "Time": "2017-05-14 00:32:50",
        "Lines": "711",
        "Lat": 52.1247,
        "Brigade": "52"
      },
      {
        "Lon": 20.8744,
        "Time": "2017-05-14 00:33:00",
        "Lines": "711",
        "Lat": 52.1257,
        "Brigade": "52"
      },
      {
        "Lon": 20.8745,
        "Time": "2017-05-14 00:33:10",
        "Lines": "711",
        "Lat": 52.1268,
        "Brigade": "52"
      },
      {
        "Lon": 20.8745,
        "Time": "2017-05-14 00:33:20",
        "Lines": "711",
        "Lat": 52.1279,
        "Brigade": "52"
      },
      {
        "Lon": 20.8747,
        "Time": "2017-05-14 00:33:30",
        "Lines": "711",
        "Lat": 52.1289,
        "Brigade": "52"
      },
      {
        "Lon": 20.8756,
        "Time": "2017-05-14 00:33:50",
        "Lines": "711",
        "Lat": 52.1295,
        "Brigade": "52"
      },
      {
        "Lon": 20.8769,
        "Time": "2017-05-14 00:34:00",
        "Lines": "711",
        "Lat": 52.1294,
        "Brigade": "52"
      },
      {
        "Lon": 20.8784,
        "Time": "2017-05-14 00:34:10",
        "Lines": "711",
        "Lat": 52.1293,
        "Brigade": "52"
      },
      {
        "Lon": 20.8801,
        "Time": "2017-05-14 00:34:20",
        "Lines": "711",
        "Lat": 52.1291,
        "Brigade": "52"
      },
      {
        "Lon": 20.8819,
        "Time": "2017-05-14 00:34:30",
        "Lines": "711",
        "Lat": 52.1291,
        "Brigade": "52"
      },
      {
        "Lon": 20.8834,
        "Time": "2017-05-14 00:34:40",
        "Lines": "711",
        "Lat": 52.129,
        "Brigade": "52"
      },
      {
        "Lon": 20.8841,
        "Time": "2017-05-14 00:34:50",
        "Lines": "711",
        "Lat": 52.129,
        "Brigade": "52"
      },
      {
        "Lon": 20.8845,
        "Time": "2017-05-14 00:35:10",
        "Lines": "711",
        "Lat": 52.1289,
        "Brigade": "52"
      },
      {
        "Lon": 20.8866,
        "Time": "2017-05-14 00:35:30",
        "Lines": "711",
        "Lat": 52.13,
        "Brigade": "52"
      },
      {
        "Lon": 20.888,
        "Time": "2017-05-14 00:35:40",
        "Lines": "711",
        "Lat": 52.1309,
        "Brigade": "52"
      },
      {
        "Lon": 20.8895,
        "Time": "2017-05-14 00:35:50",
        "Lines": "711",
        "Lat": 52.1317,
        "Brigade": "52"
      },
      {
        "Lon": 20.8909,
        "Time": "2017-05-14 00:36:00",
        "Lines": "711",
        "Lat": 52.1324,
        "Brigade": "52"
      },
      {
        "Lon": 20.8921,
        "Time": "2017-05-14 00:36:10",
        "Lines": "711",
        "Lat": 52.1331,
        "Brigade": "52"
      },
      {
        "Lon": 20.893,
        "Time": "2017-05-14 00:36:20",
        "Lines": "711",
        "Lat": 52.1336,
        "Brigade": "52"
      },
      {
        "Lon": 20.8942,
        "Time": "2017-05-14 00:36:30",
        "Lines": "711",
        "Lat": 52.1343,
        "Brigade": "52"
      },
      {
        "Lon": 20.8955,
        "Time": "2017-05-14 00:36:40",
        "Lines": "711",
        "Lat": 52.1351,
        "Brigade": "52"
      },
      {
        "Lon": 20.8971,
        "Time": "2017-05-14 00:36:50",
        "Lines": "711",
        "Lat": 52.1361,
        "Brigade": "52"
      },
      {
        "Lon": 20.8986,
        "Time": "2017-05-14 00:37:00",
        "Lines": "711",
        "Lat": 52.137,
        "Brigade": "52"
      },
      {
        "Lon": 20.9008,
        "Time": "2017-05-14 00:37:20",
        "Lines": "711",
        "Lat": 52.1384,
        "Brigade": "52"
      },
      {
        "Lon": 20.9012,
        "Time": "2017-05-14 00:37:30",
        "Lines": "711",
        "Lat": 52.1387,
        "Brigade": "52"
      },
      {
        "Lon": 20.9012,
        "Time": "2017-05-14 00:37:40",
        "Lines": "711",
        "Lat": 52.1387,
        "Brigade": "52"
      },
      {
        "Lon": 20.9018,
        "Time": "2017-05-14 00:37:50",
        "Lines": "711",
        "Lat": 52.1392,
        "Brigade": "52"
      },
      {
        "Lon": 20.9029,
        "Time": "2017-05-14 00:38:00",
        "Lines": "711",
        "Lat": 52.14,
        "Brigade": "52"
      },
      {
        "Lon": 20.9042,
        "Time": "2017-05-14 00:38:10",
        "Lines": "711",
        "Lat": 52.141,
        "Brigade": "52"
      },
      {
        "Lon": 20.9056,
        "Time": "2017-05-14 00:38:20",
        "Lines": "711",
        "Lat": 52.142,
        "Brigade": "52"
      },
      {
        "Lon": 20.9068,
        "Time": "2017-05-14 00:38:30",
        "Lines": "711",
        "Lat": 52.1429,
        "Brigade": "52"
      },
      {
        "Lon": 20.9075,
        "Time": "2017-05-14 00:38:40",
        "Lines": "711",
        "Lat": 52.1434,
        "Brigade": "52"
      },
      {
        "Lon": 20.9078,
        "Time": "2017-05-14 00:38:50",
        "Lines": "711",
        "Lat": 52.1437,
        "Brigade": "52"
      },
      {
        "Lon": 20.9088,
        "Time": "2017-05-14 00:39:10",
        "Lines": "711",
        "Lat": 52.1444,
        "Brigade": "52"
      },
      {
        "Lon": 20.9099,
        "Time": "2017-05-14 00:39:20",
        "Lines": "711",
        "Lat": 52.1453,
        "Brigade": "52"
      },
      {
        "Lon": 20.9112,
        "Time": "2017-05-14 00:39:30",
        "Lines": "711",
        "Lat": 52.1462,
        "Brigade": "52"
      },
      {
        "Lon": 20.9124,
        "Time": "2017-05-14 00:39:40",
        "Lines": "711",
        "Lat": 52.1472,
        "Brigade": "52"
      },
      {
        "Lon": 20.9137,
        "Time": "2017-05-14 00:39:50",
        "Lines": "711",
        "Lat": 52.1481,
        "Brigade": "52"
      },
      {
        "Lon": 20.9161,
        "Time": "2017-05-14 00:40:10",
        "Lines": "711",
        "Lat": 52.15,
        "Brigade": "52"
      },
      {
        "Lon": 20.9172,
        "Time": "2017-05-14 00:40:20",
        "Lines": "711",
        "Lat": 52.151,
        "Brigade": "52"
      },
      {
        "Lon": 20.9182,
        "Time": "2017-05-14 00:40:30",
        "Lines": "711",
        "Lat": 52.1519,
        "Brigade": "52"
      },
      {
        "Lon": 20.919,
        "Time": "2017-05-14 00:40:40",
        "Lines": "711",
        "Lat": 52.1527,
        "Brigade": "52"
      },
      {
        "Lon": 20.9199,
        "Time": "2017-05-14 00:41:00",
        "Lines": "711",
        "Lat": 52.1535,
        "Brigade": "52"
      },
      {
        "Lon": 20.9199,
        "Time": "2017-05-14 00:41:10",
        "Lines": "711",
        "Lat": 52.1535,
        "Brigade": "52"
      },
      {
        "Lon": 20.9199,
        "Time": "2017-05-14 00:41:20",
        "Lines": "711",
        "Lat": 52.1535,
        "Brigade": "52"
      },
      {
        "Lon": 20.9199,
        "Time": "2017-05-14 00:41:30",
        "Lines": "711",
        "Lat": 52.1535,
        "Brigade": "52"
      },
      {
        "Lon": 20.92,
        "Time": "2017-05-14 00:41:40",
        "Lines": "711",
        "Lat": 52.1536,
        "Brigade": "52"
      },
      {
        "Lon": 20.9206,
        "Time": "2017-05-14 00:41:50",
        "Lines": "711",
        "Lat": 52.1541,
        "Brigade": "52"
      },
      {
        "Lon": 20.9208,
        "Time": "2017-05-14 00:42:00",
        "Lines": "711",
        "Lat": 52.1543,
        "Brigade": "52"
      },
      {
        "Lon": 20.9211,
        "Time": "2017-05-14 00:42:10",
        "Lines": "711",
        "Lat": 52.1546,
        "Brigade": "52"
      },
      {
        "Lon": 20.9218,
        "Time": "2017-05-14 00:42:20",
        "Lines": "711",
        "Lat": 52.1554,
        "Brigade": "52"
      },
      {
        "Lon": 20.9228,
        "Time": "2017-05-14 00:42:30",
        "Lines": "711",
        "Lat": 52.1563,
        "Brigade": "52"
      },
      {
        "Lon": 20.9248,
        "Time": "2017-05-14 00:42:50",
        "Lines": "711",
        "Lat": 52.1583,
        "Brigade": "52"
      },
      {
        "Lon": 20.9255,
        "Time": "2017-05-14 00:43:00",
        "Lines": "711",
        "Lat": 52.159,
        "Brigade": "52"
      },
      {
        "Lon": 20.9259,
        "Time": "2017-05-14 00:43:10",
        "Lines": "711",
        "Lat": 52.1593,
        "Brigade": "52"
      },
      {
        "Lon": 20.9267,
        "Time": "2017-05-14 00:43:20",
        "Lines": "711",
        "Lat": 52.16,
        "Brigade": "52"
      },
      {
        "Lon": 20.9272,
        "Time": "2017-05-14 00:43:30",
        "Lines": "711",
        "Lat": 52.1606,
        "Brigade": "52"
      },
      {
        "Lon": 20.9275,
        "Time": "2017-05-14 00:43:40",
        "Lines": "711",
        "Lat": 52.1608,
        "Brigade": "52"
      },
      {
        "Lon": 20.9277,
        "Time": "2017-05-14 00:43:50",
        "Lines": "711",
        "Lat": 52.1611,
        "Brigade": "52"
      },
      {
        "Lon": 20.9286,
        "Time": "2017-05-14 00:44:00",
        "Lines": "711",
        "Lat": 52.1619,
        "Brigade": "52"
      },
      {
        "Lon": 20.9294,
        "Time": "2017-05-14 00:44:10",
        "Lines": "711",
        "Lat": 52.1626,
        "Brigade": "52"
      },
      {
        "Lon": 20.9301,
        "Time": "2017-05-14 00:44:30",
        "Lines": "711",
        "Lat": 52.1633,
        "Brigade": "52"
      },
      {
        "Lon": 20.9309,
        "Time": "2017-05-14 00:44:40",
        "Lines": "711",
        "Lat": 52.164,
        "Brigade": "52"
      },
      {
        "Lon": 20.9317,
        "Time": "2017-05-14 00:44:50",
        "Lines": "711",
        "Lat": 52.1648,
        "Brigade": "52"
      },
      {
        "Lon": 20.9339,
        "Time": "2017-05-14 00:45:10",
        "Lines": "711",
        "Lat": 52.1664,
        "Brigade": "52"
      },
      {
        "Lon": 20.9348,
        "Time": "2017-05-14 00:45:20",
        "Lines": "711",
        "Lat": 52.1673,
        "Brigade": "52"
      },
      {
        "Lon": 20.9355,
        "Time": "2017-05-14 00:45:30",
        "Lines": "711",
        "Lat": 52.1684,
        "Brigade": "52"
      },
      {
        "Lon": 20.9365,
        "Time": "2017-05-14 00:45:40",
        "Lines": "711",
        "Lat": 52.1693,
        "Brigade": "52"
      },
      {
        "Lon": 20.9374,
        "Time": "2017-05-14 00:45:50",
        "Lines": "711",
        "Lat": 52.1701,
        "Brigade": "52"
      },
      {
        "Lon": 20.9381,
        "Time": "2017-05-14 00:46:00",
        "Lines": "711",
        "Lat": 52.1707,
        "Brigade": "52"
      },
      {
        "Lon": 20.9386,
        "Time": "2017-05-14 00:46:10",
        "Lines": "711",
        "Lat": 52.1711,
        "Brigade": "52"
      },
      {
        "Lon": 20.9389,
        "Time": "2017-05-14 00:46:30",
        "Lines": "711",
        "Lat": 52.1715,
        "Brigade": "52"
      },
      {
        "Lon": 20.9394,
        "Time": "2017-05-14 00:46:40",
        "Lines": "711",
        "Lat": 52.1718,
        "Brigade": "52"
      },
      {
        "Lon": 20.9395,
        "Time": "2017-05-14 00:47:00",
        "Lines": "711",
        "Lat": 52.1719,
        "Brigade": "52"
      },
      {
        "Lon": 20.9395,
        "Time": "2017-05-14 00:47:10",
        "Lines": "711",
        "Lat": 52.1719,
        "Brigade": "52"
      },
      {
        "Lon": 20.9395,
        "Time": "2017-05-14 00:47:20",
        "Lines": "711",
        "Lat": 52.1719,
        "Brigade": "52"
      },
      {
        "Lon": 20.9395,
        "Time": "2017-05-14 00:47:30",
        "Lines": "711",
        "Lat": 52.1719,
        "Brigade": "52"
      },
      {
        "Lon": 20.9395,
        "Time": "2017-05-14 00:47:40",
        "Lines": "711",
        "Lat": 52.1719,
        "Brigade": "52"
      },
      {
        "Lon": 20.9395,
        "Time": "2017-05-14 00:47:50",
        "Lines": "711",
        "Lat": 52.1719,
        "Brigade": "52"
      },
      {
        "Lon": 20.9395,
        "Time": "2017-05-14 00:48:00",
        "Lines": "711",
        "Lat": 52.1719,
        "Brigade": "52"
      },
      {
        "Lon": 20.9395,
        "Time": "2017-05-14 00:48:20",
        "Lines": "711",
        "Lat": 52.1719,
        "Brigade": "52"
      },
      {
        "Lon": 20.9395,
        "Time": "2017-05-14 00:48:30",
        "Lines": "711",
        "Lat": 52.1719,
        "Brigade": "52"
      },
      {
        "Lon": 20.9395,
        "Time": "2017-05-14 00:48:40",
        "Lines": "711",
        "Lat": 52.1719,
        "Brigade": "52"
      },
      {
        "Lon": 20.9395,
        "Time": "2017-05-14 00:48:50",
        "Lines": "711",
        "Lat": 52.1719,
        "Brigade": "52"
      },
      {
        "Lon": 20.9395,
        "Time": "2017-05-14 00:49:00",
        "Lines": "711",
        "Lat": 52.1719,
        "Brigade": "52"
      },
      {
        "Lon": 20.9395,
        "Time": "2017-05-14 00:49:10",
        "Lines": "711",
        "Lat": 52.172,
        "Brigade": "52"
      },
      {
        "Lon": 20.94,
        "Time": "2017-05-14 00:49:20",
        "Lines": "711",
        "Lat": 52.1725,
        "Brigade": "52"
      },
      {
        "Lon": 20.9409,
        "Time": "2017-05-14 00:49:30",
        "Lines": "711",
        "Lat": 52.1732,
        "Brigade": "52"
      },
      {
        "Lon": 20.942,
        "Time": "2017-05-14 00:49:40",
        "Lines": "711",
        "Lat": 52.1738,
        "Brigade": "52"
      },
      {
        "Lon": 20.9438,
        "Time": "2017-05-14 00:50:00",
        "Lines": "711",
        "Lat": 52.175,
        "Brigade": "52"
      },
      {
        "Lon": 20.9439,
        "Time": "2017-05-14 00:50:10",
        "Lines": "711",
        "Lat": 52.1751,
        "Brigade": "52"
      },
      {
        "Lon": 20.9439,
        "Time": "2017-05-14 00:50:20",
        "Lines": "711",
        "Lat": 52.1751,
        "Brigade": "52"
      },
      {
        "Lon": 20.9442,
        "Time": "2017-05-14 00:50:30",
        "Lines": "711",
        "Lat": 52.1754,
        "Brigade": "52"
      },
      {
        "Lon": 20.9446,
        "Time": "2017-05-14 00:50:40",
        "Lines": "711",
        "Lat": 52.176,
        "Brigade": "52"
      },
      {
        "Lon": 20.945,
        "Time": "2017-05-14 00:50:50",
        "Lines": "711",
        "Lat": 52.1769,
        "Brigade": "52"
      },
      {
        "Lon": 20.9459,
        "Time": "2017-05-14 00:51:00",
        "Lines": "711",
        "Lat": 52.1779,
        "Brigade": "52"
      },
      {
        "Lon": 20.947,
        "Time": "2017-05-14 00:51:10",
        "Lines": "711",
        "Lat": 52.179,
        "Brigade": "52"
      },
      {
        "Lon": 20.9481,
        "Time": "2017-05-14 00:51:20",
        "Lines": "711",
        "Lat": 52.18,
        "Brigade": "52"
      },
      {
        "Lon": 20.9493,
        "Time": "2017-05-14 00:51:30",
        "Lines": "711",
        "Lat": 52.181,
        "Brigade": "52"
      },
      {
        "Lon": 20.9515,
        "Time": "2017-05-14 00:51:50",
        "Lines": "711",
        "Lat": 52.1832,
        "Brigade": "52"
      },
      {
        "Lon": 20.9526,
        "Time": "2017-05-14 00:52:00",
        "Lines": "711",
        "Lat": 52.1842,
        "Brigade": "52"
      },
      {
        "Lon": 20.9538,
        "Time": "2017-05-14 00:52:10",
        "Lines": "711",
        "Lat": 52.1852,
        "Brigade": "52"
      },
      {
        "Lon": 20.9548,
        "Time": "2017-05-14 00:52:20",
        "Lines": "711",
        "Lat": 52.1862,
        "Brigade": "52"
      },
      {
        "Lon": 20.9557,
        "Time": "2017-05-14 00:52:30",
        "Lines": "711",
        "Lat": 52.1873,
        "Brigade": "52"
      },
      {
        "Lon": 20.9565,
        "Time": "2017-05-14 00:52:40",
        "Lines": "711",
        "Lat": 52.1883,
        "Brigade": "52"
      },
      {
        "Lon": 20.9574,
        "Time": "2017-05-14 00:52:50",
        "Lines": "711",
        "Lat": 52.1893,
        "Brigade": "52"
      },
      {
        "Lon": 20.958,
        "Time": "2017-05-14 00:53:00",
        "Lines": "711",
        "Lat": 52.1898,
        "Brigade": "52"
      },
      {
        "Lon": 20.958,
        "Time": "2017-05-14 00:53:10",
        "Lines": "711",
        "Lat": 52.1898,
        "Brigade": "52"
      },
      {
        "Lon": 20.958,
        "Time": "2017-05-14 00:53:30",
        "Lines": "711",
        "Lat": 52.1898,
        "Brigade": "52"
      },
      {
        "Lon": 20.958,
        "Time": "2017-05-14 00:53:40",
        "Lines": "711",
        "Lat": 52.1898,
        "Brigade": "52"
      },
      {
        "Lon": 20.9581,
        "Time": "2017-05-14 00:53:50",
        "Lines": "711",
        "Lat": 52.1898,
        "Brigade": "52"
      },
      {
        "Lon": 20.9585,
        "Time": "2017-05-14 00:54:00",
        "Lines": "711",
        "Lat": 52.1902,
        "Brigade": "52"
      },
      {
        "Lon": 20.9583,
        "Time": "2017-05-14 00:54:10",
        "Lines": "711",
        "Lat": 52.1904,
        "Brigade": "52"
      },
      {
        "Lon": 20.9584,
        "Time": "2017-05-14 00:54:20",
        "Lines": "711",
        "Lat": 52.1904,
        "Brigade": "52"
      },
      {
        "Lon": 20.9584,
        "Time": "2017-05-14 00:54:30",
        "Lines": "711",
        "Lat": 52.1904,
        "Brigade": "52"
      },
      {
        "Lon": 20.958,
        "Time": "2017-05-14 00:54:40",
        "Lines": "711",
        "Lat": 52.1905,
        "Brigade": "52"
      },
      {
        "Lon": 20.9566,
        "Time": "2017-05-14 00:54:50",
        "Lines": "711",
        "Lat": 52.1908,
        "Brigade": "52"
      },
      {
        "Lon": 20.955,
        "Time": "2017-05-14 00:55:00",
        "Lines": "711",
        "Lat": 52.191,
        "Brigade": "52"
      },
      {
        "Lon": 20.9534,
        "Time": "2017-05-14 00:55:10",
        "Lines": "711",
        "Lat": 52.1912,
        "Brigade": "52"
      },
      {
        "Lon": 20.9497,
        "Time": "2017-05-14 00:55:30",
        "Lines": "711",
        "Lat": 52.192,
        "Brigade": "52"
      },
      {
        "Lon": 20.9479,
        "Time": "2017-05-14 00:55:40",
        "Lines": "711",
        "Lat": 52.1924,
        "Brigade": "52"
      },
      {
        "Lon": 20.946,
        "Time": "2017-05-14 00:55:50",
        "Lines": "711",
        "Lat": 52.1927,
        "Brigade": "52"
      },
      {
        "Lon": 20.9441,
        "Time": "2017-05-14 00:56:00",
        "Lines": "711",
        "Lat": 52.1931,
        "Brigade": "52"
      },
      {
        "Lon": 20.9423,
        "Time": "2017-05-14 00:56:10",
        "Lines": "711",
        "Lat": 52.1934,
        "Brigade": "52"
      },
      {
        "Lon": 20.9404,
        "Time": "2017-05-14 00:56:20",
        "Lines": "711",
        "Lat": 52.1938,
        "Brigade": "52"
      },
      {
        "Lon": 20.9383,
        "Time": "2017-05-14 00:56:30",
        "Lines": "711",
        "Lat": 52.1942,
        "Brigade": "52"
      },
      {
        "Lon": 20.9365,
        "Time": "2017-05-14 00:56:40",
        "Lines": "711",
        "Lat": 52.1944,
        "Brigade": "52"
      },
      {
        "Lon": 20.9347,
        "Time": "2017-05-14 00:56:50",
        "Lines": "711",
        "Lat": 52.1947,
        "Brigade": "52"
      },
      {
        "Lon": 20.9313,
        "Time": "2017-05-14 00:57:10",
        "Lines": "711",
        "Lat": 52.1956,
        "Brigade": "52"
      },
      {
        "Lon": 20.9299,
        "Time": "2017-05-14 00:57:20",
        "Lines": "711",
        "Lat": 52.1959,
        "Brigade": "52"
      },
      {
        "Lon": 20.9296,
        "Time": "2017-05-14 00:57:30",
        "Lines": "711",
        "Lat": 52.196,
        "Brigade": "52"
      },
      {
        "Lon": 20.9296,
        "Time": "2017-05-14 00:57:40",
        "Lines": "711",
        "Lat": 52.196,
        "Brigade": "52"
      },
      {
        "Lon": 20.9295,
        "Time": "2017-05-14 00:57:50",
        "Lines": "711",
        "Lat": 52.196,
        "Brigade": "52"
      },
      {
        "Lon": 20.9287,
        "Time": "2017-05-14 00:58:00",
        "Lines": "711",
        "Lat": 52.1961,
        "Brigade": "52"
      },
      {
        "Lon": 20.9275,
        "Time": "2017-05-14 00:58:10",
        "Lines": "711",
        "Lat": 52.1962,
        "Brigade": "52"
      },
      {
        "Lon": 20.9263,
        "Time": "2017-05-14 00:58:20",
        "Lines": "711",
        "Lat": 52.1963,
        "Brigade": "52"
      },
      {
        "Lon": 20.9254,
        "Time": "2017-05-14 00:58:30",
        "Lines": "711",
        "Lat": 52.1965,
        "Brigade": "52"
      },
      {
        "Lon": 20.9246,
        "Time": "2017-05-14 00:58:40",
        "Lines": "711",
        "Lat": 52.1968,
        "Brigade": "52"
      },
      {
        "Lon": 20.924,
        "Time": "2017-05-14 00:58:50",
        "Lines": "711",
        "Lat": 52.197,
        "Brigade": "52"
      },
      {
        "Lon": 20.9236,
        "Time": "2017-05-14 00:59:00",
        "Lines": "711",
        "Lat": 52.1968,
        "Brigade": "52"
      },
      {
        "Lon": 20.9232,
        "Time": "2017-05-14 00:59:20",
        "Lines": "711",
        "Lat": 52.1965,
        "Brigade": "52"
      },
      {
        "Lon": 20.923,
        "Time": "2017-05-14 00:59:30",
        "Lines": "711",
        "Lat": 52.1966,
        "Brigade": "52"
      },
      {
        "Lon": 20.923,
        "Time": "2017-05-14 00:59:40",
        "Lines": "711",
        "Lat": 52.1966,
        "Brigade": "52"
      },
      {
        "Lon": 20.923,
        "Time": "2017-05-14 00:59:50",
        "Lines": "711",
        "Lat": 52.1966,
        "Brigade": "52"
      },
      {
        "Lon": 20.923,
        "Time": "2017-05-14 01:00:10",
        "Lines": "711",
        "Lat": 52.1966,
        "Brigade": "52"
      },
      {
        "Lon": 20.923,
        "Time": "2017-05-14 01:00:20",
        "Lines": "711",
        "Lat": 52.1966,
        "Brigade": "52"
      },
      {
        "Lon": 20.9224,
        "Time": "2017-05-14 01:00:30",
        "Lines": "711",
        "Lat": 52.1967,
        "Brigade": "52"
      },
      {
        "Lon": 20.9218,
        "Time": "2017-05-14 01:00:40",
        "Lines": "711",
        "Lat": 52.1968,
        "Brigade": "52"
      },
      {
        "Lon": 20.9218,
        "Time": "2017-05-14 01:01:00",
        "Lines": "711",
        "Lat": 52.1968,
        "Brigade": "52"
      },
      {
        "Lon": 20.9218,
        "Time": "2017-05-14 01:01:10",
        "Lines": "711",
        "Lat": 52.1968,
        "Brigade": "52"
      },
      {
        "Lon": 20.9218,
        "Time": "2017-05-14 01:01:20",
        "Lines": "711",
        "Lat": 52.1968,
        "Brigade": "52"
      }
    ]
  }
]
