[
  {
    "res": [
      {
        "Lon": 21.3516,
        "Time": "2017-05-14 00:17:13",
        "Lines": "720",
        "Lat": 52.1497,
        "Brigade": "62"
      },
      {
        "Lon": 21.3501,
        "Time": "2017-05-14 00:17:48",
        "Lines": "720",
        "Lat": 52.1498,
        "Brigade": "62"
      },
      {
        "Lon": 21.3485,
        "Time": "2017-05-14 00:17:58",
        "Lines": "720",
        "Lat": 52.1499,
        "Brigade": "62"
      },
      {
        "Lon": 21.3464,
        "Time": "2017-05-14 00:18:13",
        "Lines": "720",
        "Lat": 52.15,
        "Brigade": "62"
      },
      {
        "Lon": 21.338,
        "Time": "2017-05-14 00:18:18",
        "Lines": "720",
        "Lat": 52.15,
        "Brigade": "62"
      },
      {
        "Lon": 21.3412,
        "Time": "2017-05-14 00:18:55",
        "Lines": "720",
        "Lat": 52.1501,
        "Brigade": "62"
      },
      {
        "Lon": 21.3398,
        "Time": "2017-05-14 00:19:05",
        "Lines": "720",
        "Lat": 52.15,
        "Brigade": "62"
      },
      {
        "Lon": 21.3367,
        "Time": "2017-05-14 00:19:08",
        "Lines": "720",
        "Lat": 52.1502,
        "Brigade": "62"
      },
      {
        "Lon": 21.3355,
        "Time": "2017-05-14 00:19:38",
        "Lines": "720",
        "Lat": 52.1504,
        "Brigade": "62"
      },
      {
        "Lon": 21.3343,
        "Time": "2017-05-14 00:19:48",
        "Lines": "720",
        "Lat": 52.1507,
        "Brigade": "62"
      },
      {
        "Lon": 21.3328,
        "Time": "2017-05-14 00:20:03",
        "Lines": "720",
        "Lat": 52.1516,
        "Brigade": "62"
      },
      {
        "Lon": 21.3318,
        "Time": "2017-05-14 00:20:13",
        "Lines": "720",
        "Lat": 52.1523,
        "Brigade": "62"
      },
      {
        "Lon": 21.3308,
        "Time": "2017-05-14 00:20:23",
        "Lines": "720",
        "Lat": 52.1529,
        "Brigade": "62"
      },
      {
        "Lon": 21.3297,
        "Time": "2017-05-14 00:20:33",
        "Lines": "720",
        "Lat": 52.1534,
        "Brigade": "62"
      },
      {
        "Lon": 21.3285,
        "Time": "2017-05-14 00:20:43",
        "Lines": "720",
        "Lat": 52.1536,
        "Brigade": "62"
      },
      {
        "Lon": 21.3266,
        "Time": "2017-05-14 00:20:58",
        "Lines": "720",
        "Lat": 52.1534,
        "Brigade": "62"
      },
      {
        "Lon": 21.3252,
        "Time": "2017-05-14 00:21:08",
        "Lines": "720",
        "Lat": 52.1535,
        "Brigade": "62"
      },
      {
        "Lon": 21.3239,
        "Time": "2017-05-14 00:21:18",
        "Lines": "720",
        "Lat": 52.1535,
        "Brigade": "62"
      },
      {
        "Lon": 21.3233,
        "Time": "2017-05-14 00:21:28",
        "Lines": "720",
        "Lat": 52.1535,
        "Brigade": "62"
      },
      {
        "Lon": 21.3233,
        "Time": "2017-05-14 00:21:43",
        "Lines": "720",
        "Lat": 52.1535,
        "Brigade": "62"
      },
      {
        "Lon": 21.3233,
        "Time": "2017-05-14 00:21:48",
        "Lines": "720",
        "Lat": 52.1535,
        "Brigade": "62"
      },
      {
        "Lon": 21.3228,
        "Time": "2017-05-14 00:21:53",
        "Lines": "720",
        "Lat": 52.1535,
        "Brigade": "62"
      },
      {
        "Lon": 21.3218,
        "Time": "2017-05-14 00:22:13",
        "Lines": "720",
        "Lat": 52.1535,
        "Brigade": "62"
      },
      {
        "Lon": 21.3211,
        "Time": "2017-05-14 00:22:23",
        "Lines": "720",
        "Lat": 52.1536,
        "Brigade": "62"
      },
      {
        "Lon": 21.3209,
        "Time": "2017-05-14 00:22:33",
        "Lines": "720",
        "Lat": 52.1541,
        "Brigade": "62"
      },
      {
        "Lon": 21.3206,
        "Time": "2017-05-14 00:22:48",
        "Lines": "720",
        "Lat": 52.1553,
        "Brigade": "62"
      },
      {
        "Lon": 21.3201,
        "Time": "2017-05-14 00:22:58",
        "Lines": "720",
        "Lat": 52.1562,
        "Brigade": "62"
      },
      {
        "Lon": 21.3197,
        "Time": "2017-05-14 00:23:08",
        "Lines": "720",
        "Lat": 52.1572,
        "Brigade": "62"
      },
      {
        "Lon": 21.3191,
        "Time": "2017-05-14 00:23:18",
        "Lines": "720",
        "Lat": 52.158,
        "Brigade": "62"
      },
      {
        "Lon": 21.3183,
        "Time": "2017-05-14 00:23:33",
        "Lines": "720",
        "Lat": 52.1592,
        "Brigade": "62"
      },
      {
        "Lon": 21.3177,
        "Time": "2017-05-14 00:23:43",
        "Lines": "720",
        "Lat": 52.16,
        "Brigade": "62"
      },
      {
        "Lon": 21.3171,
        "Time": "2017-05-14 00:23:53",
        "Lines": "720",
        "Lat": 52.1609,
        "Brigade": "62"
      },
      {
        "Lon": 21.3165,
        "Time": "2017-05-14 00:24:03",
        "Lines": "720",
        "Lat": 52.1617,
        "Brigade": "62"
      },
      {
        "Lon": 21.3163,
        "Time": "2017-05-14 00:24:13",
        "Lines": "720",
        "Lat": 52.1626,
        "Brigade": "62"
      },
      {
        "Lon": 21.3167,
        "Time": "2017-05-14 00:24:28",
        "Lines": "720",
        "Lat": 52.1639,
        "Brigade": "62"
      },
      {
        "Lon": 21.3164,
        "Time": "2017-05-14 00:24:33",
        "Lines": "720",
        "Lat": 52.1641,
        "Brigade": "62"
      },
      {
        "Lon": 21.3145,
        "Time": "2017-05-14 00:24:48",
        "Lines": "720",
        "Lat": 52.1649,
        "Brigade": "62"
      },
      {
        "Lon": 21.3142,
        "Time": "2017-05-14 00:24:58",
        "Lines": "720",
        "Lat": 52.1656,
        "Brigade": "62"
      },
      {
        "Lon": 21.3139,
        "Time": "2017-05-14 00:25:08",
        "Lines": "720",
        "Lat": 52.1666,
        "Brigade": "62"
      },
      {
        "Lon": 21.3135,
        "Time": "2017-05-14 00:25:18",
        "Lines": "720",
        "Lat": 52.1678,
        "Brigade": "62"
      },
      {
        "Lon": 21.3129,
        "Time": "2017-05-14 00:25:33",
        "Lines": "720",
        "Lat": 52.1694,
        "Brigade": "62"
      },
      {
        "Lon": 21.3124,
        "Time": "2017-05-14 00:25:43",
        "Lines": "720",
        "Lat": 52.1697,
        "Brigade": "62"
      },
      {
        "Lon": 21.3109,
        "Time": "2017-05-14 00:25:53",
        "Lines": "720",
        "Lat": 52.1702,
        "Brigade": "62"
      },
      {
        "Lon": 21.3092,
        "Time": "2017-05-14 00:26:03",
        "Lines": "720",
        "Lat": 52.1708,
        "Brigade": "62"
      },
      {
        "Lon": 21.3076,
        "Time": "2017-05-14 00:26:13",
        "Lines": "720",
        "Lat": 52.1713,
        "Brigade": "62"
      },
      {
        "Lon": 21.3065,
        "Time": "2017-05-14 00:26:28",
        "Lines": "720",
        "Lat": 52.1717,
        "Brigade": "62"
      },
      {
        "Lon": 21.306,
        "Time": "2017-05-14 00:26:38",
        "Lines": "720",
        "Lat": 52.1717,
        "Brigade": "62"
      },
      {
        "Lon": 21.3058,
        "Time": "2017-05-14 00:26:48",
        "Lines": "720",
        "Lat": 52.1717,
        "Brigade": "62"
      },
      {
        "Lon": 21.3047,
        "Time": "2017-05-14 00:26:58",
        "Lines": "720",
        "Lat": 52.1715,
        "Brigade": "62"
      },
      {
        "Lon": 21.303,
        "Time": "2017-05-14 00:27:08",
        "Lines": "720",
        "Lat": 52.1714,
        "Brigade": "62"
      },
      {
        "Lon": 21.3003,
        "Time": "2017-05-14 00:27:23",
        "Lines": "720",
        "Lat": 52.1711,
        "Brigade": "62"
      },
      {
        "Lon": 21.2985,
        "Time": "2017-05-14 00:27:33",
        "Lines": "720",
        "Lat": 52.1709,
        "Brigade": "62"
      },
      {
        "Lon": 21.2967,
        "Time": "2017-05-14 00:27:43",
        "Lines": "720",
        "Lat": 52.1708,
        "Brigade": "62"
      },
      {
        "Lon": 21.2952,
        "Time": "2017-05-14 00:27:53",
        "Lines": "720",
        "Lat": 52.1706,
        "Brigade": "62"
      },
      {
        "Lon": 21.2941,
        "Time": "2017-05-14 00:28:03",
        "Lines": "720",
        "Lat": 52.1705,
        "Brigade": "62"
      },
      {
        "Lon": 21.2939,
        "Time": "2017-05-14 00:28:13",
        "Lines": "720",
        "Lat": 52.1705,
        "Brigade": "62"
      },
      {
        "Lon": 21.2925,
        "Time": "2017-05-14 00:28:28",
        "Lines": "720",
        "Lat": 52.1704,
        "Brigade": "62"
      },
      {
        "Lon": 21.2916,
        "Time": "2017-05-14 00:28:38",
        "Lines": "720",
        "Lat": 52.1703,
        "Brigade": "62"
      },
      {
        "Lon": 21.2915,
        "Time": "2017-05-14 00:28:48",
        "Lines": "720",
        "Lat": 52.1706,
        "Brigade": "62"
      },
      {
        "Lon": 21.2922,
        "Time": "2017-05-14 00:29:03",
        "Lines": "720",
        "Lat": 52.1717,
        "Brigade": "62"
      },
      {
        "Lon": 21.2928,
        "Time": "2017-05-14 00:29:13",
        "Lines": "720",
        "Lat": 52.1723,
        "Brigade": "62"
      },
      {
        "Lon": 21.2932,
        "Time": "2017-05-14 00:29:23",
        "Lines": "720",
        "Lat": 52.1727,
        "Brigade": "62"
      },
      {
        "Lon": 21.2932,
        "Time": "2017-05-14 00:29:33",
        "Lines": "720",
        "Lat": 52.1727,
        "Brigade": "62"
      },
      {
        "Lon": 21.2933,
        "Time": "2017-05-14 00:29:43",
        "Lines": "720",
        "Lat": 52.173,
        "Brigade": "62"
      },
      {
        "Lon": 21.2939,
        "Time": "2017-05-14 00:29:53",
        "Lines": "720",
        "Lat": 52.1737,
        "Brigade": "62"
      },
      {
        "Lon": 21.2939,
        "Time": "2017-05-14 00:30:08",
        "Lines": "720",
        "Lat": 52.1751,
        "Brigade": "62"
      },
      {
        "Lon": 21.293,
        "Time": "2017-05-14 00:30:18",
        "Lines": "720",
        "Lat": 52.176,
        "Brigade": "62"
      },
      {
        "Lon": 21.2921,
        "Time": "2017-05-14 00:30:28",
        "Lines": "720",
        "Lat": 52.1769,
        "Brigade": "62"
      },
      {
        "Lon": 21.2913,
        "Time": "2017-05-14 00:30:38",
        "Lines": "720",
        "Lat": 52.1779,
        "Brigade": "62"
      },
      {
        "Lon": 21.2904,
        "Time": "2017-05-14 00:30:48",
        "Lines": "720",
        "Lat": 52.1788,
        "Brigade": "62"
      },
      {
        "Lon": 21.2892,
        "Time": "2017-05-14 00:31:03",
        "Lines": "720",
        "Lat": 52.1802,
        "Brigade": "62"
      },
      {
        "Lon": 21.2883,
        "Time": "2017-05-14 00:31:13",
        "Lines": "720",
        "Lat": 52.1811,
        "Brigade": "62"
      },
      {
        "Lon": 21.2875,
        "Time": "2017-05-14 00:31:23",
        "Lines": "720",
        "Lat": 52.1819,
        "Brigade": "62"
      },
      {
        "Lon": 21.2868,
        "Time": "2017-05-14 00:31:33",
        "Lines": "720",
        "Lat": 52.1823,
        "Brigade": "62"
      },
      {
        "Lon": 21.2865,
        "Time": "2017-05-14 00:31:43",
        "Lines": "720",
        "Lat": 52.1827,
        "Brigade": "62"
      },
      {
        "Lon": 21.2854,
        "Time": "2017-05-14 00:31:58",
        "Lines": "720",
        "Lat": 52.1842,
        "Brigade": "62"
      },
      {
        "Lon": 21.2844,
        "Time": "2017-05-14 00:32:08",
        "Lines": "720",
        "Lat": 52.1853,
        "Brigade": "62"
      },
      {
        "Lon": 21.2833,
        "Time": "2017-05-14 00:32:18",
        "Lines": "720",
        "Lat": 52.1865,
        "Brigade": "62"
      },
      {
        "Lon": 21.2822,
        "Time": "2017-05-14 00:32:28",
        "Lines": "720",
        "Lat": 52.1877,
        "Brigade": "62"
      },
      {
        "Lon": 21.2807,
        "Time": "2017-05-14 00:32:43",
        "Lines": "720",
        "Lat": 52.1893,
        "Brigade": "62"
      },
      {
        "Lon": 21.2798,
        "Time": "2017-05-14 00:32:53",
        "Lines": "720",
        "Lat": 52.1904,
        "Brigade": "62"
      },
      {
        "Lon": 21.2788,
        "Time": "2017-05-14 00:33:03",
        "Lines": "720",
        "Lat": 52.1914,
        "Brigade": "62"
      },
      {
        "Lon": 21.2779,
        "Time": "2017-05-14 00:33:13",
        "Lines": "720",
        "Lat": 52.1924,
        "Brigade": "62"
      },
      {
        "Lon": 21.2765,
        "Time": "2017-05-14 00:33:28",
        "Lines": "720",
        "Lat": 52.1939,
        "Brigade": "62"
      },
      {
        "Lon": 21.2756,
        "Time": "2017-05-14 00:33:38",
        "Lines": "720",
        "Lat": 52.1949,
        "Brigade": "62"
      },
      {
        "Lon": 21.2747,
        "Time": "2017-05-14 00:33:48",
        "Lines": "720",
        "Lat": 52.1959,
        "Brigade": "62"
      },
      {
        "Lon": 21.2738,
        "Time": "2017-05-14 00:33:58",
        "Lines": "720",
        "Lat": 52.1968,
        "Brigade": "62"
      },
      {
        "Lon": 21.2724,
        "Time": "2017-05-14 00:34:13",
        "Lines": "720",
        "Lat": 52.1983,
        "Brigade": "62"
      },
      {
        "Lon": 21.2715,
        "Time": "2017-05-14 00:34:23",
        "Lines": "720",
        "Lat": 52.1993,
        "Brigade": "62"
      },
      {
        "Lon": 21.2706,
        "Time": "2017-05-14 00:34:33",
        "Lines": "720",
        "Lat": 52.2002,
        "Brigade": "62"
      },
      {
        "Lon": 21.2698,
        "Time": "2017-05-14 00:34:43",
        "Lines": "720",
        "Lat": 52.2012,
        "Brigade": "62"
      },
      {
        "Lon": 21.2684,
        "Time": "2017-05-14 00:34:56",
        "Lines": "720",
        "Lat": 52.2026,
        "Brigade": "62"
      },
      {
        "Lon": 21.2676,
        "Time": "2017-05-14 00:35:06",
        "Lines": "720",
        "Lat": 52.2035,
        "Brigade": "62"
      },
      {
        "Lon": 21.2667,
        "Time": "2017-05-14 00:35:16",
        "Lines": "720",
        "Lat": 52.2045,
        "Brigade": "62"
      },
      {
        "Lon": 21.2658,
        "Time": "2017-05-14 00:35:26",
        "Lines": "720",
        "Lat": 52.2055,
        "Brigade": "62"
      },
      {
        "Lon": 21.2649,
        "Time": "2017-05-14 00:35:36",
        "Lines": "720",
        "Lat": 52.2065,
        "Brigade": "62"
      },
      {
        "Lon": 21.264,
        "Time": "2017-05-14 00:35:46",
        "Lines": "720",
        "Lat": 52.2075,
        "Brigade": "62"
      },
      {
        "Lon": 21.2626,
        "Time": "2017-05-14 00:36:01",
        "Lines": "720",
        "Lat": 52.2089,
        "Brigade": "62"
      },
      {
        "Lon": 21.2617,
        "Time": "2017-05-14 00:36:11",
        "Lines": "720",
        "Lat": 52.2099,
        "Brigade": "62"
      },
      {
        "Lon": 21.2607,
        "Time": "2017-05-14 00:36:21",
        "Lines": "720",
        "Lat": 52.2109,
        "Brigade": "62"
      },
      {
        "Lon": 21.2598,
        "Time": "2017-05-14 00:36:31",
        "Lines": "720",
        "Lat": 52.2119,
        "Brigade": "62"
      },
      {
        "Lon": 21.2589,
        "Time": "2017-05-14 00:36:41",
        "Lines": "720",
        "Lat": 52.2129,
        "Brigade": "62"
      },
      {
        "Lon": 21.2574,
        "Time": "2017-05-14 00:36:56",
        "Lines": "720",
        "Lat": 52.2144,
        "Brigade": "62"
      },
      {
        "Lon": 21.2565,
        "Time": "2017-05-14 00:37:06",
        "Lines": "720",
        "Lat": 52.2154,
        "Brigade": "62"
      },
      {
        "Lon": 21.2556,
        "Time": "2017-05-14 00:37:16",
        "Lines": "720",
        "Lat": 52.2164,
        "Brigade": "62"
      },
      {
        "Lon": 21.2547,
        "Time": "2017-05-14 00:37:26",
        "Lines": "720",
        "Lat": 52.2174,
        "Brigade": "62"
      },
      {
        "Lon": 21.2538,
        "Time": "2017-05-14 00:37:36",
        "Lines": "720",
        "Lat": 52.2184,
        "Brigade": "62"
      },
      {
        "Lon": 21.2529,
        "Time": "2017-05-14 00:37:46",
        "Lines": "720",
        "Lat": 52.2194,
        "Brigade": "62"
      },
      {
        "Lon": 21.2516,
        "Time": "2017-05-14 00:38:01",
        "Lines": "720",
        "Lat": 52.2208,
        "Brigade": "62"
      },
      {
        "Lon": 21.2508,
        "Time": "2017-05-14 00:38:11",
        "Lines": "720",
        "Lat": 52.2217,
        "Brigade": "62"
      },
      {
        "Lon": 21.2502,
        "Time": "2017-05-14 00:38:21",
        "Lines": "720",
        "Lat": 52.2223,
        "Brigade": "62"
      },
      {
        "Lon": 21.25,
        "Time": "2017-05-14 00:38:31",
        "Lines": "720",
        "Lat": 52.2226,
        "Brigade": "62"
      },
      {
        "Lon": 21.25,
        "Time": "2017-05-14 00:38:46",
        "Lines": "720",
        "Lat": 52.2226,
        "Brigade": "62"
      },
      {
        "Lon": 21.2496,
        "Time": "2017-05-14 00:38:56",
        "Lines": "720",
        "Lat": 52.2228,
        "Brigade": "62"
      },
      {
        "Lon": 21.2494,
        "Time": "2017-05-14 00:39:06",
        "Lines": "720",
        "Lat": 52.2228,
        "Brigade": "62"
      },
      {
        "Lon": 21.249,
        "Time": "2017-05-14 00:39:16",
        "Lines": "720",
        "Lat": 52.2229,
        "Brigade": "62"
      },
      {
        "Lon": 21.249,
        "Time": "2017-05-14 00:39:26",
        "Lines": "720",
        "Lat": 52.2229,
        "Brigade": "62"
      },
      {
        "Lon": 21.2476,
        "Time": "2017-05-14 00:39:41",
        "Lines": "720",
        "Lat": 52.2229,
        "Brigade": "62"
      },
      {
        "Lon": 21.2459,
        "Time": "2017-05-14 00:39:51",
        "Lines": "720",
        "Lat": 52.223,
        "Brigade": "62"
      },
      {
        "Lon": 21.2443,
        "Time": "2017-05-14 00:40:01",
        "Lines": "720",
        "Lat": 52.223,
        "Brigade": "62"
      },
      {
        "Lon": 21.2427,
        "Time": "2017-05-14 00:40:11",
        "Lines": "720",
        "Lat": 52.2231,
        "Brigade": "62"
      },
      {
        "Lon": 21.241,
        "Time": "2017-05-14 00:40:21",
        "Lines": "720",
        "Lat": 52.2231,
        "Brigade": "62"
      },
      {
        "Lon": 21.2388,
        "Time": "2017-05-14 00:40:36",
        "Lines": "720",
        "Lat": 52.2232,
        "Brigade": "62"
      },
      {
        "Lon": 21.2383,
        "Time": "2017-05-14 00:40:46",
        "Lines": "720",
        "Lat": 52.2232,
        "Brigade": "62"
      },
      {
        "Lon": 21.2382,
        "Time": "2017-05-14 00:40:56",
        "Lines": "720",
        "Lat": 52.2232,
        "Brigade": "62"
      },
      {
        "Lon": 21.2369,
        "Time": "2017-05-14 00:41:06",
        "Lines": "720",
        "Lat": 52.2233,
        "Brigade": "62"
      },
      {
        "Lon": 21.2353,
        "Time": "2017-05-14 00:41:16",
        "Lines": "720",
        "Lat": 52.2233,
        "Brigade": "62"
      },
      {
        "Lon": 21.2326,
        "Time": "2017-05-14 00:41:31",
        "Lines": "720",
        "Lat": 52.2234,
        "Brigade": "62"
      },
      {
        "Lon": 21.2311,
        "Time": "2017-05-14 00:41:41",
        "Lines": "720",
        "Lat": 52.2235,
        "Brigade": "62"
      },
      {
        "Lon": 21.2299,
        "Time": "2017-05-14 00:41:51",
        "Lines": "720",
        "Lat": 52.2236,
        "Brigade": "62"
      },
      {
        "Lon": 21.2297,
        "Time": "2017-05-14 00:42:01",
        "Lines": "720",
        "Lat": 52.2236,
        "Brigade": "62"
      },
      {
        "Lon": 21.2296,
        "Time": "2017-05-14 00:42:11",
        "Lines": "720",
        "Lat": 52.2236,
        "Brigade": "62"
      },
      {
        "Lon": 21.2276,
        "Time": "2017-05-14 00:42:26",
        "Lines": "720",
        "Lat": 52.2236,
        "Brigade": "62"
      },
      {
        "Lon": 21.2259,
        "Time": "2017-05-14 00:42:36",
        "Lines": "720",
        "Lat": 52.2237,
        "Brigade": "62"
      },
      {
        "Lon": 21.2244,
        "Time": "2017-05-14 00:42:46",
        "Lines": "720",
        "Lat": 52.2238,
        "Brigade": "62"
      },
      {
        "Lon": 21.2237,
        "Time": "2017-05-14 00:42:56",
        "Lines": "720",
        "Lat": 52.2238,
        "Brigade": "62"
      },
      {
        "Lon": 21.223,
        "Time": "2017-05-14 00:43:06",
        "Lines": "720",
        "Lat": 52.2238,
        "Brigade": "62"
      },
      {
        "Lon": 21.2225,
        "Time": "2017-05-14 00:43:16",
        "Lines": "720",
        "Lat": 52.2239,
        "Brigade": "62"
      },
      {
        "Lon": 21.2217,
        "Time": "2017-05-14 00:43:31",
        "Lines": "720",
        "Lat": 52.2239,
        "Brigade": "62"
      },
      {
        "Lon": 21.2204,
        "Time": "2017-05-14 00:43:41",
        "Lines": "720",
        "Lat": 52.2239,
        "Brigade": "62"
      },
      {
        "Lon": 21.2189,
        "Time": "2017-05-14 00:43:51",
        "Lines": "720",
        "Lat": 52.224,
        "Brigade": "62"
      },
      {
        "Lon": 21.2167,
        "Time": "2017-05-14 00:44:06",
        "Lines": "720",
        "Lat": 52.224,
        "Brigade": "62"
      },
      {
        "Lon": 21.2154,
        "Time": "2017-05-14 00:44:16",
        "Lines": "720",
        "Lat": 52.2241,
        "Brigade": "62"
      },
      {
        "Lon": 21.2136,
        "Time": "2017-05-14 00:44:26",
        "Lines": "720",
        "Lat": 52.2241,
        "Brigade": "62"
      },
      {
        "Lon": 21.2117,
        "Time": "2017-05-14 00:44:36",
        "Lines": "720",
        "Lat": 52.2242,
        "Brigade": "62"
      },
      {
        "Lon": 21.2096,
        "Time": "2017-05-14 00:44:46",
        "Lines": "720",
        "Lat": 52.2243,
        "Brigade": "62"
      },
      {
        "Lon": 21.2063,
        "Time": "2017-05-14 00:45:01",
        "Lines": "720",
        "Lat": 52.2244,
        "Brigade": "62"
      },
      {
        "Lon": 21.2039,
        "Time": "2017-05-14 00:45:11",
        "Lines": "720",
        "Lat": 52.2245,
        "Brigade": "62"
      },
      {
        "Lon": 21.2016,
        "Time": "2017-05-14 00:45:21",
        "Lines": "720",
        "Lat": 52.2245,
        "Brigade": "62"
      },
      {
        "Lon": 21.1992,
        "Time": "2017-05-14 00:45:31",
        "Lines": "720",
        "Lat": 52.2246,
        "Brigade": "62"
      },
      {
        "Lon": 21.1969,
        "Time": "2017-05-14 00:45:41",
        "Lines": "720",
        "Lat": 52.2247,
        "Brigade": "62"
      },
      {
        "Lon": 21.1934,
        "Time": "2017-05-14 00:45:56",
        "Lines": "720",
        "Lat": 52.2248,
        "Brigade": "62"
      },
      {
        "Lon": 21.1909,
        "Time": "2017-05-14 00:46:06",
        "Lines": "720",
        "Lat": 52.2249,
        "Brigade": "62"
      },
      {
        "Lon": 21.1885,
        "Time": "2017-05-14 00:46:16",
        "Lines": "720",
        "Lat": 52.225,
        "Brigade": "62"
      },
      {
        "Lon": 21.1861,
        "Time": "2017-05-14 00:46:26",
        "Lines": "720",
        "Lat": 52.2251,
        "Brigade": "62"
      },
      {
        "Lon": 21.1837,
        "Time": "2017-05-14 00:46:36",
        "Lines": "720",
        "Lat": 52.2252,
        "Brigade": "62"
      },
      {
        "Lon": 21.1814,
        "Time": "2017-05-14 00:46:46",
        "Lines": "720",
        "Lat": 52.2252,
        "Brigade": "62"
      },
      {
        "Lon": 21.1777,
        "Time": "2017-05-14 00:47:01",
        "Lines": "720",
        "Lat": 52.2254,
        "Brigade": "62"
      },
      {
        "Lon": 21.1754,
        "Time": "2017-05-14 00:47:11",
        "Lines": "720",
        "Lat": 52.2255,
        "Brigade": "62"
      },
      {
        "Lon": 21.173,
        "Time": "2017-05-14 00:47:21",
        "Lines": "720",
        "Lat": 52.2255,
        "Brigade": "62"
      },
      {
        "Lon": 21.1705,
        "Time": "2017-05-14 00:47:31",
        "Lines": "720",
        "Lat": 52.2256,
        "Brigade": "62"
      },
      {
        "Lon": 21.1669,
        "Time": "2017-05-14 00:47:46",
        "Lines": "720",
        "Lat": 52.2258,
        "Brigade": "62"
      },
      {
        "Lon": 21.1645,
        "Time": "2017-05-14 00:47:56",
        "Lines": "720",
        "Lat": 52.2258,
        "Brigade": "62"
      },
      {
        "Lon": 21.1627,
        "Time": "2017-05-14 00:48:06",
        "Lines": "720",
        "Lat": 52.2259,
        "Brigade": "62"
      },
      {
        "Lon": 21.162,
        "Time": "2017-05-14 00:48:16",
        "Lines": "720",
        "Lat": 52.2259,
        "Brigade": "62"
      },
      {
        "Lon": 21.1618,
        "Time": "2017-05-14 00:48:26",
        "Lines": "720",
        "Lat": 52.226,
        "Brigade": "62"
      },
      {
        "Lon": 21.1603,
        "Time": "2017-05-14 00:48:41",
        "Lines": "720",
        "Lat": 52.226,
        "Brigade": "62"
      },
      {
        "Lon": 21.1599,
        "Time": "2017-05-14 00:48:51",
        "Lines": "720",
        "Lat": 52.226,
        "Brigade": "62"
      },
      {
        "Lon": 21.1581,
        "Time": "2017-05-14 00:49:01",
        "Lines": "720",
        "Lat": 52.2261,
        "Brigade": "62"
      },
      {
        "Lon": 21.1558,
        "Time": "2017-05-14 00:49:11",
        "Lines": "720",
        "Lat": 52.2262,
        "Brigade": "62"
      },
      {
        "Lon": 21.1548,
        "Time": "2017-05-14 00:49:21",
        "Lines": "720",
        "Lat": 52.2262,
        "Brigade": "62"
      },
      {
        "Lon": 21.1532,
        "Time": "2017-05-14 00:49:36",
        "Lines": "720",
        "Lat": 52.2263,
        "Brigade": "62"
      },
      {
        "Lon": 21.1509,
        "Time": "2017-05-14 00:49:46",
        "Lines": "720",
        "Lat": 52.2263,
        "Brigade": "62"
      },
      {
        "Lon": 21.1482,
        "Time": "2017-05-14 00:49:56",
        "Lines": "720",
        "Lat": 52.2264,
        "Brigade": "62"
      },
      {
        "Lon": 21.1457,
        "Time": "2017-05-14 00:50:06",
        "Lines": "720",
        "Lat": 52.2265,
        "Brigade": "62"
      },
      {
        "Lon": 21.1435,
        "Time": "2017-05-14 00:50:16",
        "Lines": "720",
        "Lat": 52.2271,
        "Brigade": "62"
      },
      {
        "Lon": 21.1411,
        "Time": "2017-05-14 00:50:31",
        "Lines": "720",
        "Lat": 52.2282,
        "Brigade": "62"
      },
      {
        "Lon": 21.1408,
        "Time": "2017-05-14 00:50:41",
        "Lines": "720",
        "Lat": 52.2283,
        "Brigade": "62"
      },
      {
        "Lon": 21.1399,
        "Time": "2017-05-14 00:50:51",
        "Lines": "720",
        "Lat": 52.2287,
        "Brigade": "62"
      },
      {
        "Lon": 21.1397,
        "Time": "2017-05-14 00:51:01",
        "Lines": "720",
        "Lat": 52.2288,
        "Brigade": "62"
      },
      {
        "Lon": 21.1391,
        "Time": "2017-05-14 00:51:11",
        "Lines": "720",
        "Lat": 52.2291,
        "Brigade": "62"
      },
      {
        "Lon": 21.1362,
        "Time": "2017-05-14 00:51:26",
        "Lines": "720",
        "Lat": 52.2303,
        "Brigade": "62"
      },
      {
        "Lon": 21.134,
        "Time": "2017-05-14 00:51:36",
        "Lines": "720",
        "Lat": 52.2313,
        "Brigade": "62"
      },
      {
        "Lon": 21.132,
        "Time": "2017-05-14 00:51:46",
        "Lines": "720",
        "Lat": 52.2322,
        "Brigade": "62"
      },
      {
        "Lon": 21.1305,
        "Time": "2017-05-14 00:51:56",
        "Lines": "720",
        "Lat": 52.2328,
        "Brigade": "62"
      },
      {
        "Lon": 21.1304,
        "Time": "2017-05-14 00:52:06",
        "Lines": "720",
        "Lat": 52.2329,
        "Brigade": "62"
      },
      {
        "Lon": 21.1289,
        "Time": "2017-05-14 00:52:21",
        "Lines": "720",
        "Lat": 52.2334,
        "Brigade": "62"
      },
      {
        "Lon": 21.1277,
        "Time": "2017-05-14 00:52:31",
        "Lines": "720",
        "Lat": 52.2341,
        "Brigade": "62"
      },
      {
        "Lon": 21.1266,
        "Time": "2017-05-14 00:52:41",
        "Lines": "720",
        "Lat": 52.2341,
        "Brigade": "62"
      },
      {
        "Lon": 21.1259,
        "Time": "2017-05-14 00:52:51",
        "Lines": "720",
        "Lat": 52.2336,
        "Brigade": "62"
      },
      {
        "Lon": 21.1255,
        "Time": "2017-05-14 00:53:06",
        "Lines": "720",
        "Lat": 52.2335,
        "Brigade": "62"
      },
      {
        "Lon": 21.1244,
        "Time": "2017-05-14 00:53:16",
        "Lines": "720",
        "Lat": 52.2332,
        "Brigade": "62"
      },
      {
        "Lon": 21.1223,
        "Time": "2017-05-14 00:53:26",
        "Lines": "720",
        "Lat": 52.2329,
        "Brigade": "62"
      },
      {
        "Lon": 21.1198,
        "Time": "2017-05-14 00:53:36",
        "Lines": "720",
        "Lat": 52.2327,
        "Brigade": "62"
      },
      {
        "Lon": 21.118,
        "Time": "2017-05-14 00:53:46",
        "Lines": "720",
        "Lat": 52.2328,
        "Brigade": "62"
      },
      {
        "Lon": 21.1178,
        "Time": "2017-05-14 00:53:56",
        "Lines": "720",
        "Lat": 52.2329,
        "Brigade": "62"
      },
      {
        "Lon": 21.1178,
        "Time": "2017-05-14 00:54:11",
        "Lines": "720",
        "Lat": 52.233,
        "Brigade": "62"
      },
      {
        "Lon": 21.1178,
        "Time": "2017-05-14 00:54:21",
        "Lines": "720",
        "Lat": 52.233,
        "Brigade": "62"
      },
      {
        "Lon": 21.1179,
        "Time": "2017-05-14 00:54:31",
        "Lines": "720",
        "Lat": 52.2333,
        "Brigade": "62"
      },
      {
        "Lon": 21.1182,
        "Time": "2017-05-14 00:54:41",
        "Lines": "720",
        "Lat": 52.2341,
        "Brigade": "62"
      },
      {
        "Lon": 21.1183,
        "Time": "2017-05-14 00:54:51",
        "Lines": "720",
        "Lat": 52.2343,
        "Brigade": "62"
      },
      {
        "Lon": 21.1183,
        "Time": "2017-05-14 00:55:07",
        "Lines": "720",
        "Lat": 52.2343,
        "Brigade": "62"
      },
      {
        "Lon": 21.1183,
        "Time": "2017-05-14 00:55:17",
        "Lines": "720",
        "Lat": 52.2343,
        "Brigade": "62"
      },
      {
        "Lon": 21.1183,
        "Time": "2017-05-14 00:55:27",
        "Lines": "720",
        "Lat": 52.2343,
        "Brigade": "62"
      },
      {
        "Lon": 21.1183,
        "Time": "2017-05-14 00:55:37",
        "Lines": "720",
        "Lat": 52.2343,
        "Brigade": "62"
      },
      {
        "Lon": 21.1183,
        "Time": "2017-05-14 00:55:52",
        "Lines": "720",
        "Lat": 52.2343,
        "Brigade": "62"
      },
      {
        "Lon": 21.1184,
        "Time": "2017-05-14 00:56:02",
        "Lines": "720",
        "Lat": 52.2343,
        "Brigade": "62"
      }
    ]
  }
]
