[
  {
    "res": [
      {
        "Lon": 21.0216,
        "Time": "2017-05-14 00:20:27",
        "Lines": "727",
        "Lat": 52.0809,
        "Brigade": "2"
      },
      {
        "Lon": 21.0236,
        "Time": "2017-05-14 00:20:44",
        "Lines": "727",
        "Lat": 52.0812,
        "Brigade": "2"
      },
      {
        "Lon": 21.0231,
        "Time": "2017-05-14 00:20:59",
        "Lines": "727",
        "Lat": 52.0821,
        "Brigade": "2"
      },
      {
        "Lon": 21.0224,
        "Time": "2017-05-14 00:21:15",
        "Lines": "727",
        "Lat": 52.0832,
        "Brigade": "2"
      },
      {
        "Lon": 21.022,
        "Time": "2017-05-14 00:21:31",
        "Lines": "727",
        "Lat": 52.0839,
        "Brigade": "2"
      },
      {
        "Lon": 21.0208,
        "Time": "2017-05-14 00:21:46",
        "Lines": "727",
        "Lat": 52.0857,
        "Brigade": "2"
      },
      {
        "Lon": 21.0196,
        "Time": "2017-05-14 00:22:02",
        "Lines": "727",
        "Lat": 52.0876,
        "Brigade": "2"
      },
      {
        "Lon": 21.0195,
        "Time": "2017-05-14 00:22:18",
        "Lines": "727",
        "Lat": 52.0877,
        "Brigade": "2"
      },
      {
        "Lon": 21.0195,
        "Time": "2017-05-14 00:22:33",
        "Lines": "727",
        "Lat": 52.0877,
        "Brigade": "2"
      },
      {
        "Lon": 21.0195,
        "Time": "2017-05-14 00:22:49",
        "Lines": "727",
        "Lat": 52.0877,
        "Brigade": "2"
      },
      {
        "Lon": 21.0195,
        "Time": "2017-05-14 00:23:05",
        "Lines": "727",
        "Lat": 52.0877,
        "Brigade": "2"
      },
      {
        "Lon": 21.0195,
        "Time": "2017-05-14 00:23:21",
        "Lines": "727",
        "Lat": 52.0877,
        "Brigade": "2"
      },
      {
        "Lon": 21.0193,
        "Time": "2017-05-14 00:23:36",
        "Lines": "727",
        "Lat": 52.0888,
        "Brigade": "2"
      },
      {
        "Lon": 21.0192,
        "Time": "2017-05-14 00:23:52",
        "Lines": "727",
        "Lat": 52.0895,
        "Brigade": "2"
      },
      {
        "Lon": 21.0192,
        "Time": "2017-05-14 00:24:08",
        "Lines": "727",
        "Lat": 52.0915,
        "Brigade": "2"
      },
      {
        "Lon": 21.0191,
        "Time": "2017-05-14 00:24:39",
        "Lines": "727",
        "Lat": 52.0928,
        "Brigade": "2"
      },
      {
        "Lon": 21.0191,
        "Time": "2017-05-14 00:24:55",
        "Lines": "727",
        "Lat": 52.0948,
        "Brigade": "2"
      },
      {
        "Lon": 21.019,
        "Time": "2017-05-14 00:25:10",
        "Lines": "727",
        "Lat": 52.0969,
        "Brigade": "2"
      },
      {
        "Lon": 21.019,
        "Time": "2017-05-14 00:25:26",
        "Lines": "727",
        "Lat": 52.0985,
        "Brigade": "2"
      },
      {
        "Lon": 21.019,
        "Time": "2017-05-14 00:25:42",
        "Lines": "727",
        "Lat": 52.0986,
        "Brigade": "2"
      },
      {
        "Lon": 21.019,
        "Time": "2017-05-14 00:25:58",
        "Lines": "727",
        "Lat": 52.0989,
        "Brigade": "2"
      },
      {
        "Lon": 21.0189,
        "Time": "2017-05-14 00:26:18",
        "Lines": "727",
        "Lat": 52.1006,
        "Brigade": "2"
      },
      {
        "Lon": 21.0188,
        "Time": "2017-05-14 00:26:33",
        "Lines": "727",
        "Lat": 52.1035,
        "Brigade": "2"
      },
      {
        "Lon": 21.0187,
        "Time": "2017-05-14 00:26:50",
        "Lines": "727",
        "Lat": 52.1058,
        "Brigade": "2"
      },
      {
        "Lon": 21.0187,
        "Time": "2017-05-14 00:27:06",
        "Lines": "727",
        "Lat": 52.1077,
        "Brigade": "2"
      },
      {
        "Lon": 21.0187,
        "Time": "2017-05-14 00:27:21",
        "Lines": "727",
        "Lat": 52.1098,
        "Brigade": "2"
      },
      {
        "Lon": 21.0186,
        "Time": "2017-05-14 00:27:37",
        "Lines": "727",
        "Lat": 52.112,
        "Brigade": "2"
      },
      {
        "Lon": 21.0186,
        "Time": "2017-05-14 00:27:53",
        "Lines": "727",
        "Lat": 52.1143,
        "Brigade": "2"
      },
      {
        "Lon": 21.0185,
        "Time": "2017-05-14 00:28:09",
        "Lines": "727",
        "Lat": 52.1166,
        "Brigade": "2"
      },
      {
        "Lon": 21.0184,
        "Time": "2017-05-14 00:28:41",
        "Lines": "727",
        "Lat": 52.1197,
        "Brigade": "2"
      },
      {
        "Lon": 21.0184,
        "Time": "2017-05-14 00:28:56",
        "Lines": "727",
        "Lat": 52.1216,
        "Brigade": "2"
      },
      {
        "Lon": 21.0184,
        "Time": "2017-05-14 00:29:11",
        "Lines": "727",
        "Lat": 52.1233,
        "Brigade": "2"
      },
      {
        "Lon": 21.0183,
        "Time": "2017-05-14 00:29:27",
        "Lines": "727",
        "Lat": 52.1249,
        "Brigade": "2"
      },
      {
        "Lon": 21.0182,
        "Time": "2017-05-14 00:29:42",
        "Lines": "727",
        "Lat": 52.1266,
        "Brigade": "2"
      },
      {
        "Lon": 21.0183,
        "Time": "2017-05-14 00:29:58",
        "Lines": "727",
        "Lat": 52.1281,
        "Brigade": "2"
      },
      {
        "Lon": 21.0183,
        "Time": "2017-05-14 00:30:14",
        "Lines": "727",
        "Lat": 52.1285,
        "Brigade": "2"
      },
      {
        "Lon": 21.0182,
        "Time": "2017-05-14 00:30:30",
        "Lines": "727",
        "Lat": 52.1292,
        "Brigade": "2"
      },
      {
        "Lon": 21.0182,
        "Time": "2017-05-14 00:30:46",
        "Lines": "727",
        "Lat": 52.1306,
        "Brigade": "2"
      },
      {
        "Lon": 21.0182,
        "Time": "2017-05-14 00:31:01",
        "Lines": "727",
        "Lat": 52.1322,
        "Brigade": "2"
      },
      {
        "Lon": 21.0182,
        "Time": "2017-05-14 00:31:17",
        "Lines": "727",
        "Lat": 52.1329,
        "Brigade": "2"
      },
      {
        "Lon": 21.0181,
        "Time": "2017-05-14 00:31:33",
        "Lines": "727",
        "Lat": 52.1331,
        "Brigade": "2"
      },
      {
        "Lon": 21.0181,
        "Time": "2017-05-14 00:31:49",
        "Lines": "727",
        "Lat": 52.1345,
        "Brigade": "2"
      },
      {
        "Lon": 21.018,
        "Time": "2017-05-14 00:32:05",
        "Lines": "727",
        "Lat": 52.1362,
        "Brigade": "2"
      },
      {
        "Lon": 21.018,
        "Time": "2017-05-14 00:32:21",
        "Lines": "727",
        "Lat": 52.138,
        "Brigade": "2"
      },
      {
        "Lon": 21.0183,
        "Time": "2017-05-14 00:32:36",
        "Lines": "727",
        "Lat": 52.1399,
        "Brigade": "2"
      },
      {
        "Lon": 21.0182,
        "Time": "2017-05-14 00:32:52",
        "Lines": "727",
        "Lat": 52.1405,
        "Brigade": "2"
      },
      {
        "Lon": 21.018,
        "Time": "2017-05-14 00:33:08",
        "Lines": "727",
        "Lat": 52.1409,
        "Brigade": "2"
      },
      {
        "Lon": 21.0179,
        "Time": "2017-05-14 00:33:24",
        "Lines": "727",
        "Lat": 52.1426,
        "Brigade": "2"
      },
      {
        "Lon": 21.0179,
        "Time": "2017-05-14 00:33:41",
        "Lines": "727",
        "Lat": 52.1442,
        "Brigade": "2"
      },
      {
        "Lon": 21.0179,
        "Time": "2017-05-14 00:33:55",
        "Lines": "727",
        "Lat": 52.1442,
        "Brigade": "2"
      },
      {
        "Lon": 21.0178,
        "Time": "2017-05-14 00:34:10",
        "Lines": "727",
        "Lat": 52.1453,
        "Brigade": "2"
      },
      {
        "Lon": 21.0178,
        "Time": "2017-05-14 00:34:42",
        "Lines": "727",
        "Lat": 52.1472,
        "Brigade": "2"
      },
      {
        "Lon": 21.0178,
        "Time": "2017-05-14 00:34:58",
        "Lines": "727",
        "Lat": 52.1472,
        "Brigade": "2"
      },
      {
        "Lon": 21.0178,
        "Time": "2017-05-14 00:35:14",
        "Lines": "727",
        "Lat": 52.1472,
        "Brigade": "2"
      },
      {
        "Lon": 21.0178,
        "Time": "2017-05-14 00:35:31",
        "Lines": "727",
        "Lat": 52.1479,
        "Brigade": "2"
      },
      {
        "Lon": 21.0178,
        "Time": "2017-05-14 00:35:46",
        "Lines": "727",
        "Lat": 52.148,
        "Brigade": "2"
      },
      {
        "Lon": 21.0178,
        "Time": "2017-05-14 00:36:01",
        "Lines": "727",
        "Lat": 52.1492,
        "Brigade": "2"
      },
      {
        "Lon": 21.0178,
        "Time": "2017-05-14 00:36:19",
        "Lines": "727",
        "Lat": 52.1513,
        "Brigade": "2"
      },
      {
        "Lon": 21.018,
        "Time": "2017-05-14 00:36:34",
        "Lines": "727",
        "Lat": 52.1538,
        "Brigade": "2"
      },
      {
        "Lon": 21.018,
        "Time": "2017-05-14 00:36:50",
        "Lines": "727",
        "Lat": 52.1542,
        "Brigade": "2"
      },
      {
        "Lon": 21.0179,
        "Time": "2017-05-14 00:37:06",
        "Lines": "727",
        "Lat": 52.1544,
        "Brigade": "2"
      },
      {
        "Lon": 21.0178,
        "Time": "2017-05-14 00:37:21",
        "Lines": "727",
        "Lat": 52.156,
        "Brigade": "2"
      },
      {
        "Lon": 21.0177,
        "Time": "2017-05-14 00:37:38",
        "Lines": "727",
        "Lat": 52.1586,
        "Brigade": "2"
      },
      {
        "Lon": 21.0176,
        "Time": "2017-05-14 00:37:53",
        "Lines": "727",
        "Lat": 52.1613,
        "Brigade": "2"
      },
      {
        "Lon": 21.0177,
        "Time": "2017-05-14 00:38:09",
        "Lines": "727",
        "Lat": 52.1641,
        "Brigade": "2"
      },
      {
        "Lon": 21.0181,
        "Time": "2017-05-14 00:38:46",
        "Lines": "727",
        "Lat": 52.167,
        "Brigade": "2"
      },
      {
        "Lon": 21.0181,
        "Time": "2017-05-14 00:38:56",
        "Lines": "727",
        "Lat": 52.1673,
        "Brigade": "2"
      },
      {
        "Lon": 21.0183,
        "Time": "2017-05-14 00:39:06",
        "Lines": "727",
        "Lat": 52.1681,
        "Brigade": "2"
      },
      {
        "Lon": 21.0187,
        "Time": "2017-05-14 00:39:16",
        "Lines": "727",
        "Lat": 52.1691,
        "Brigade": "2"
      },
      {
        "Lon": 21.018,
        "Time": "2017-05-14 00:39:22",
        "Lines": "727",
        "Lat": 52.1667,
        "Brigade": "2"
      },
      {
        "Lon": 21.0196,
        "Time": "2017-05-14 00:39:38",
        "Lines": "727",
        "Lat": 52.1718,
        "Brigade": "2"
      },
      {
        "Lon": 21.0203,
        "Time": "2017-05-14 00:39:55",
        "Lines": "727",
        "Lat": 52.1736,
        "Brigade": "2"
      },
      {
        "Lon": 21.0206,
        "Time": "2017-05-14 00:40:11",
        "Lines": "727",
        "Lat": 52.1744,
        "Brigade": "2"
      },
      {
        "Lon": 21.0206,
        "Time": "2017-05-14 00:40:25",
        "Lines": "727",
        "Lat": 52.1744,
        "Brigade": "2"
      },
      {
        "Lon": 21.0209,
        "Time": "2017-05-14 00:40:42",
        "Lines": "727",
        "Lat": 52.1752,
        "Brigade": "2"
      },
      {
        "Lon": 21.0215,
        "Time": "2017-05-14 00:40:57",
        "Lines": "727",
        "Lat": 52.1768,
        "Brigade": "2"
      },
      {
        "Lon": 21.0219,
        "Time": "2017-05-14 00:41:13",
        "Lines": "727",
        "Lat": 52.1784,
        "Brigade": "2"
      },
      {
        "Lon": 21.022,
        "Time": "2017-05-14 00:41:28",
        "Lines": "727",
        "Lat": 52.1788,
        "Brigade": "2"
      },
      {
        "Lon": 21.0221,
        "Time": "2017-05-14 00:41:44",
        "Lines": "727",
        "Lat": 52.1789,
        "Brigade": "2"
      },
      {
        "Lon": 21.0224,
        "Time": "2017-05-14 00:42:00",
        "Lines": "727",
        "Lat": 52.1796,
        "Brigade": "2"
      },
      {
        "Lon": 21.023,
        "Time": "2017-05-14 00:42:16",
        "Lines": "727",
        "Lat": 52.1802,
        "Brigade": "2"
      },
      {
        "Lon": 21.0235,
        "Time": "2017-05-14 00:42:31",
        "Lines": "727",
        "Lat": 52.1801,
        "Brigade": "2"
      },
      {
        "Lon": 21.0235,
        "Time": "2017-05-14 00:42:47",
        "Lines": "727",
        "Lat": 52.1801,
        "Brigade": "2"
      },
      {
        "Lon": 21.0235,
        "Time": "2017-05-14 00:43:18",
        "Lines": "727",
        "Lat": 52.1801,
        "Brigade": "2"
      },
      {
        "Lon": 21.0235,
        "Time": "2017-05-14 00:43:35",
        "Lines": "727",
        "Lat": 52.1801,
        "Brigade": "2"
      },
      {
        "Lon": 21.0243,
        "Time": "2017-05-14 00:43:50",
        "Lines": "727",
        "Lat": 52.18,
        "Brigade": "2"
      },
      {
        "Lon": 21.0247,
        "Time": "2017-05-14 00:44:06",
        "Lines": "727",
        "Lat": 52.1795,
        "Brigade": "2"
      },
      {
        "Lon": 21.0246,
        "Time": "2017-05-14 00:44:21",
        "Lines": "727",
        "Lat": 52.1793,
        "Brigade": "2"
      },
      {
        "Lon": 21.0246,
        "Time": "2017-05-14 00:44:37",
        "Lines": "727",
        "Lat": 52.1793,
        "Brigade": "2"
      },
      {
        "Lon": 21.0236,
        "Time": "2017-05-14 00:44:53",
        "Lines": "727",
        "Lat": 52.1792,
        "Brigade": "2"
      },
      {
        "Lon": 21.0226,
        "Time": "2017-05-14 00:45:25",
        "Lines": "727",
        "Lat": 52.1794,
        "Brigade": "2"
      },
      {
        "Lon": 21.0226,
        "Time": "2017-05-14 00:45:41",
        "Lines": "727",
        "Lat": 52.1794,
        "Brigade": "2"
      },
      {
        "Lon": 21.022,
        "Time": "2017-05-14 00:45:56",
        "Lines": "727",
        "Lat": 52.1797,
        "Brigade": "2"
      },
      {
        "Lon": 21.0197,
        "Time": "2017-05-14 00:46:12",
        "Lines": "727",
        "Lat": 52.18,
        "Brigade": "2"
      },
      {
        "Lon": 21.0162,
        "Time": "2017-05-14 00:46:28",
        "Lines": "727",
        "Lat": 52.18,
        "Brigade": "2"
      },
      {
        "Lon": 21.0149,
        "Time": "2017-05-14 00:46:44",
        "Lines": "727",
        "Lat": 52.18,
        "Brigade": "2"
      },
      {
        "Lon": 21.0134,
        "Time": "2017-05-14 00:47:00",
        "Lines": "727",
        "Lat": 52.1798,
        "Brigade": "2"
      },
      {
        "Lon": 21.0103,
        "Time": "2017-05-14 00:47:16",
        "Lines": "727",
        "Lat": 52.1789,
        "Brigade": "2"
      },
      {
        "Lon": 21.0079,
        "Time": "2017-05-14 00:47:32",
        "Lines": "727",
        "Lat": 52.1782,
        "Brigade": "2"
      },
      {
        "Lon": 21.0078,
        "Time": "2017-05-14 00:47:48",
        "Lines": "727",
        "Lat": 52.1782,
        "Brigade": "2"
      },
      {
        "Lon": 21.0064,
        "Time": "2017-05-14 00:48:04",
        "Lines": "727",
        "Lat": 52.178,
        "Brigade": "2"
      },
      {
        "Lon": 21.0036,
        "Time": "2017-05-14 00:48:20",
        "Lines": "727",
        "Lat": 52.1781,
        "Brigade": "2"
      },
      {
        "Lon": 21.003,
        "Time": "2017-05-14 00:48:35",
        "Lines": "727",
        "Lat": 52.1783,
        "Brigade": "2"
      },
      {
        "Lon": 21.0025,
        "Time": "2017-05-14 00:48:51",
        "Lines": "727",
        "Lat": 52.1785,
        "Brigade": "2"
      },
      {
        "Lon": 21.0024,
        "Time": "2017-05-14 00:49:23",
        "Lines": "727",
        "Lat": 52.1822,
        "Brigade": "2"
      },
      {
        "Lon": 21.0023,
        "Time": "2017-05-14 00:49:38",
        "Lines": "727",
        "Lat": 52.183,
        "Brigade": "2"
      },
      {
        "Lon": 21.002,
        "Time": "2017-05-14 00:49:54",
        "Lines": "727",
        "Lat": 52.1834,
        "Brigade": "2"
      },
      {
        "Lon": 20.9997,
        "Time": "2017-05-14 00:50:09",
        "Lines": "727",
        "Lat": 52.1833,
        "Brigade": "2"
      },
      {
        "Lon": 20.9976,
        "Time": "2017-05-14 00:50:25",
        "Lines": "727",
        "Lat": 52.1833,
        "Brigade": "2"
      },
      {
        "Lon": 20.9976,
        "Time": "2017-05-14 00:50:41",
        "Lines": "727",
        "Lat": 52.1845,
        "Brigade": "2"
      },
      {
        "Lon": 20.9972,
        "Time": "2017-05-14 00:50:58",
        "Lines": "727",
        "Lat": 52.1856,
        "Brigade": "2"
      },
      {
        "Lon": 20.9929,
        "Time": "2017-05-14 00:51:36",
        "Lines": "727",
        "Lat": 52.1859,
        "Brigade": "2"
      },
      {
        "Lon": 20.9928,
        "Time": "2017-05-14 00:51:51",
        "Lines": "727",
        "Lat": 52.1882,
        "Brigade": "2"
      }
    ]
  }
]
