[
  {
    "res": [
      {
        "Lon": 21.0359,
        "Time": "2017-05-14 00:00:08",
        "Lines": "N11",
        "Lat": 52.255,
        "Brigade": "122"
      },
      {
        "Lon": 21.036,
        "Time": "2017-05-14 00:00:18",
        "Lines": "N11",
        "Lat": 52.255,
        "Brigade": "122"
      },
      {
        "Lon": 21.036,
        "Time": "2017-05-14 00:00:28",
        "Lines": "N11",
        "Lat": 52.255,
        "Brigade": "122"
      },
      {
        "Lon": 21.0382,
        "Time": "2017-05-14 00:00:48",
        "Lines": "N11",
        "Lat": 52.2561,
        "Brigade": "122"
      },
      {
        "Lon": 21.0398,
        "Time": "2017-05-14 00:00:58",
        "Lines": "N11",
        "Lat": 52.2567,
        "Brigade": "122"
      },
      {
        "Lon": 21.0404,
        "Time": "2017-05-14 00:01:08",
        "Lines": "N11",
        "Lat": 52.257,
        "Brigade": "122"
      },
      {
        "Lon": 21.0405,
        "Time": "2017-05-14 00:01:18",
        "Lines": "N11",
        "Lat": 52.2571,
        "Brigade": "122"
      },
      {
        "Lon": 21.041,
        "Time": "2017-05-14 00:01:28",
        "Lines": "N11",
        "Lat": 52.2573,
        "Brigade": "122"
      },
      {
        "Lon": 21.0416,
        "Time": "2017-05-14 00:01:38",
        "Lines": "N11",
        "Lat": 52.2575,
        "Brigade": "122"
      },
      {
        "Lon": 21.0416,
        "Time": "2017-05-14 00:01:48",
        "Lines": "N11",
        "Lat": 52.2575,
        "Brigade": "122"
      },
      {
        "Lon": 21.0421,
        "Time": "2017-05-14 00:01:58",
        "Lines": "N11",
        "Lat": 52.2578,
        "Brigade": "122"
      },
      {
        "Lon": 21.0435,
        "Time": "2017-05-14 00:02:08",
        "Lines": "N11",
        "Lat": 52.2584,
        "Brigade": "122"
      },
      {
        "Lon": 21.0452,
        "Time": "2017-05-14 00:02:18",
        "Lines": "N11",
        "Lat": 52.2591,
        "Brigade": "122"
      },
      {
        "Lon": 21.0463,
        "Time": "2017-05-14 00:02:38",
        "Lines": "N11",
        "Lat": 52.2596,
        "Brigade": "122"
      },
      {
        "Lon": 21.0463,
        "Time": "2017-05-14 00:02:48",
        "Lines": "N11",
        "Lat": 52.2596,
        "Brigade": "122"
      },
      {
        "Lon": 21.0463,
        "Time": "2017-05-14 00:02:58",
        "Lines": "N11",
        "Lat": 52.2596,
        "Brigade": "122"
      },
      {
        "Lon": 21.0468,
        "Time": "2017-05-14 00:03:08",
        "Lines": "N11",
        "Lat": 52.2598,
        "Brigade": "122"
      },
      {
        "Lon": 21.0469,
        "Time": "2017-05-14 00:03:18",
        "Lines": "N11",
        "Lat": 52.2599,
        "Brigade": "122"
      },
      {
        "Lon": 21.0469,
        "Time": "2017-05-14 00:03:28",
        "Lines": "N11",
        "Lat": 52.2599,
        "Brigade": "122"
      },
      {
        "Lon": 21.0469,
        "Time": "2017-05-14 00:03:38",
        "Lines": "N11",
        "Lat": 52.2599,
        "Brigade": "122"
      },
      {
        "Lon": 21.0469,
        "Time": "2017-05-14 00:03:48",
        "Lines": "N11",
        "Lat": 52.2599,
        "Brigade": "122"
      },
      {
        "Lon": 21.0475,
        "Time": "2017-05-14 00:03:58",
        "Lines": "N11",
        "Lat": 52.2601,
        "Brigade": "122"
      },
      {
        "Lon": 21.0488,
        "Time": "2017-05-14 00:04:08",
        "Lines": "N11",
        "Lat": 52.2607,
        "Brigade": "122"
      },
      {
        "Lon": 21.0522,
        "Time": "2017-05-14 00:04:28",
        "Lines": "N11",
        "Lat": 52.2622,
        "Brigade": "122"
      },
      {
        "Lon": 21.0541,
        "Time": "2017-05-14 00:04:38",
        "Lines": "N11",
        "Lat": 52.263,
        "Brigade": "122"
      },
      {
        "Lon": 21.0559,
        "Time": "2017-05-14 00:04:48",
        "Lines": "N11",
        "Lat": 52.2639,
        "Brigade": "122"
      },
      {
        "Lon": 21.0574,
        "Time": "2017-05-14 00:04:58",
        "Lines": "N11",
        "Lat": 52.265,
        "Brigade": "122"
      },
      {
        "Lon": 21.0584,
        "Time": "2017-05-14 00:05:08",
        "Lines": "N11",
        "Lat": 52.2661,
        "Brigade": "122"
      },
      {
        "Lon": 21.059,
        "Time": "2017-05-14 00:05:18",
        "Lines": "N11",
        "Lat": 52.2667,
        "Brigade": "122"
      },
      {
        "Lon": 21.059,
        "Time": "2017-05-14 00:05:28",
        "Lines": "N11",
        "Lat": 52.2667,
        "Brigade": "122"
      },
      {
        "Lon": 21.059,
        "Time": "2017-05-14 00:05:38",
        "Lines": "N11",
        "Lat": 52.2667,
        "Brigade": "122"
      },
      {
        "Lon": 21.0593,
        "Time": "2017-05-14 00:05:48",
        "Lines": "N11",
        "Lat": 52.2672,
        "Brigade": "122"
      },
      {
        "Lon": 21.0601,
        "Time": "2017-05-14 00:05:58",
        "Lines": "N11",
        "Lat": 52.2681,
        "Brigade": "122"
      },
      {
        "Lon": 21.0606,
        "Time": "2017-05-14 00:06:18",
        "Lines": "N11",
        "Lat": 52.2688,
        "Brigade": "122"
      },
      {
        "Lon": 21.0611,
        "Time": "2017-05-14 00:06:28",
        "Lines": "N11",
        "Lat": 52.2693,
        "Brigade": "122"
      },
      {
        "Lon": 21.0614,
        "Time": "2017-05-14 00:06:38",
        "Lines": "N11",
        "Lat": 52.2696,
        "Brigade": "122"
      },
      {
        "Lon": 21.0614,
        "Time": "2017-05-14 00:06:48",
        "Lines": "N11",
        "Lat": 52.2696,
        "Brigade": "122"
      },
      {
        "Lon": 21.0616,
        "Time": "2017-05-14 00:06:58",
        "Lines": "N11",
        "Lat": 52.27,
        "Brigade": "122"
      },
      {
        "Lon": 21.0623,
        "Time": "2017-05-14 00:07:08",
        "Lines": "N11",
        "Lat": 52.2709,
        "Brigade": "122"
      },
      {
        "Lon": 21.0632,
        "Time": "2017-05-14 00:07:18",
        "Lines": "N11",
        "Lat": 52.272,
        "Brigade": "122"
      },
      {
        "Lon": 21.0645,
        "Time": "2017-05-14 00:07:38",
        "Lines": "N11",
        "Lat": 52.2734,
        "Brigade": "122"
      },
      {
        "Lon": 21.0647,
        "Time": "2017-05-14 00:07:58",
        "Lines": "N11",
        "Lat": 52.2738,
        "Brigade": "122"
      },
      {
        "Lon": 21.0652,
        "Time": "2017-05-14 00:08:08",
        "Lines": "N11",
        "Lat": 52.2744,
        "Brigade": "122"
      },
      {
        "Lon": 21.0654,
        "Time": "2017-05-14 00:08:18",
        "Lines": "N11",
        "Lat": 52.2747,
        "Brigade": "122"
      },
      {
        "Lon": 21.0655,
        "Time": "2017-05-14 00:08:28",
        "Lines": "N11",
        "Lat": 52.2747,
        "Brigade": "122"
      },
      {
        "Lon": 21.0655,
        "Time": "2017-05-14 00:08:38",
        "Lines": "N11",
        "Lat": 52.2748,
        "Brigade": "122"
      },
      {
        "Lon": 21.0659,
        "Time": "2017-05-14 00:08:48",
        "Lines": "N11",
        "Lat": 52.2753,
        "Brigade": "122"
      },
      {
        "Lon": 21.0666,
        "Time": "2017-05-14 00:08:58",
        "Lines": "N11",
        "Lat": 52.2762,
        "Brigade": "122"
      },
      {
        "Lon": 21.0669,
        "Time": "2017-05-14 00:09:18",
        "Lines": "N11",
        "Lat": 52.2767,
        "Brigade": "122"
      },
      {
        "Lon": 21.0669,
        "Time": "2017-05-14 00:09:28",
        "Lines": "N11",
        "Lat": 52.2767,
        "Brigade": "122"
      },
      {
        "Lon": 21.0669,
        "Time": "2017-05-14 00:09:38",
        "Lines": "N11",
        "Lat": 52.2767,
        "Brigade": "122"
      },
      {
        "Lon": 21.067,
        "Time": "2017-05-14 00:09:48",
        "Lines": "N11",
        "Lat": 52.277,
        "Brigade": "122"
      },
      {
        "Lon": 21.0663,
        "Time": "2017-05-14 00:09:58",
        "Lines": "N11",
        "Lat": 52.2772,
        "Brigade": "122"
      },
      {
        "Lon": 21.0585,
        "Time": "2017-05-14 00:11:28",
        "Lines": "N11",
        "Lat": 52.2796,
        "Brigade": "122"
      },
      {
        "Lon": 21.0574,
        "Time": "2017-05-14 00:11:38",
        "Lines": "N11",
        "Lat": 52.28,
        "Brigade": "122"
      },
      {
        "Lon": 21.0563,
        "Time": "2017-05-14 00:11:48",
        "Lines": "N11",
        "Lat": 52.2798,
        "Brigade": "122"
      },
      {
        "Lon": 21.0558,
        "Time": "2017-05-14 00:11:58",
        "Lines": "N11",
        "Lat": 52.2798,
        "Brigade": "122"
      },
      {
        "Lon": 21.0558,
        "Time": "2017-05-14 00:12:08",
        "Lines": "N11",
        "Lat": 52.2798,
        "Brigade": "122"
      },
      {
        "Lon": 21.055,
        "Time": "2017-05-14 00:12:18",
        "Lines": "N11",
        "Lat": 52.2797,
        "Brigade": "122"
      },
      {
        "Lon": 21.0546,
        "Time": "2017-05-14 00:12:28",
        "Lines": "N11",
        "Lat": 52.2801,
        "Brigade": "122"
      },
      {
        "Lon": 21.0536,
        "Time": "2017-05-14 00:12:48",
        "Lines": "N11",
        "Lat": 52.282,
        "Brigade": "122"
      },
      {
        "Lon": 21.0531,
        "Time": "2017-05-14 00:12:58",
        "Lines": "N11",
        "Lat": 52.283,
        "Brigade": "122"
      },
      {
        "Lon": 21.0524,
        "Time": "2017-05-14 00:13:08",
        "Lines": "N11",
        "Lat": 52.2838,
        "Brigade": "122"
      },
      {
        "Lon": 21.0522,
        "Time": "2017-05-14 00:13:18",
        "Lines": "N11",
        "Lat": 52.2839,
        "Brigade": "122"
      },
      {
        "Lon": 21.0519,
        "Time": "2017-05-14 00:13:28",
        "Lines": "N11",
        "Lat": 52.2842,
        "Brigade": "122"
      },
      {
        "Lon": 21.051,
        "Time": "2017-05-14 00:13:38",
        "Lines": "N11",
        "Lat": 52.2849,
        "Brigade": "122"
      },
      {
        "Lon": 21.0503,
        "Time": "2017-05-14 00:13:48",
        "Lines": "N11",
        "Lat": 52.2859,
        "Brigade": "122"
      },
      {
        "Lon": 21.0485,
        "Time": "2017-05-14 00:14:08",
        "Lines": "N11",
        "Lat": 52.2867,
        "Brigade": "122"
      },
      {
        "Lon": 21.0485,
        "Time": "2017-05-14 00:14:18",
        "Lines": "N11",
        "Lat": 52.2867,
        "Brigade": "122"
      },
      {
        "Lon": 21.0485,
        "Time": "2017-05-14 00:14:28",
        "Lines": "N11",
        "Lat": 52.2867,
        "Brigade": "122"
      },
      {
        "Lon": 21.0484,
        "Time": "2017-05-14 00:14:38",
        "Lines": "N11",
        "Lat": 52.2867,
        "Brigade": "122"
      },
      {
        "Lon": 21.0482,
        "Time": "2017-05-14 00:14:48",
        "Lines": "N11",
        "Lat": 52.2871,
        "Brigade": "122"
      },
      {
        "Lon": 21.0483,
        "Time": "2017-05-14 00:14:58",
        "Lines": "N11",
        "Lat": 52.288,
        "Brigade": "122"
      },
      {
        "Lon": 21.0485,
        "Time": "2017-05-14 00:15:08",
        "Lines": "N11",
        "Lat": 52.2888,
        "Brigade": "122"
      },
      {
        "Lon": 21.0484,
        "Time": "2017-05-14 00:15:18",
        "Lines": "N11",
        "Lat": 52.2888,
        "Brigade": "122"
      },
      {
        "Lon": 21.0485,
        "Time": "2017-05-14 00:15:28",
        "Lines": "N11",
        "Lat": 52.2891,
        "Brigade": "122"
      },
      {
        "Lon": 21.0492,
        "Time": "2017-05-14 00:15:38",
        "Lines": "N11",
        "Lat": 52.29,
        "Brigade": "122"
      },
      {
        "Lon": 21.0508,
        "Time": "2017-05-14 00:15:58",
        "Lines": "N11",
        "Lat": 52.2911,
        "Brigade": "122"
      },
      {
        "Lon": 21.0508,
        "Time": "2017-05-14 00:16:08",
        "Lines": "N11",
        "Lat": 52.2912,
        "Brigade": "122"
      },
      {
        "Lon": 21.0512,
        "Time": "2017-05-14 00:16:18",
        "Lines": "N11",
        "Lat": 52.2914,
        "Brigade": "122"
      },
      {
        "Lon": 21.0516,
        "Time": "2017-05-14 00:16:28",
        "Lines": "N11",
        "Lat": 52.2919,
        "Brigade": "122"
      },
      {
        "Lon": 21.0516,
        "Time": "2017-05-14 00:16:38",
        "Lines": "N11",
        "Lat": 52.2919,
        "Brigade": "122"
      },
      {
        "Lon": 21.0516,
        "Time": "2017-05-14 00:16:48",
        "Lines": "N11",
        "Lat": 52.2919,
        "Brigade": "122"
      },
      {
        "Lon": 21.0516,
        "Time": "2017-05-14 00:16:58",
        "Lines": "N11",
        "Lat": 52.2922,
        "Brigade": "122"
      },
      {
        "Lon": 21.0505,
        "Time": "2017-05-14 00:17:08",
        "Lines": "N11",
        "Lat": 52.2923,
        "Brigade": "122"
      },
      {
        "Lon": 21.0488,
        "Time": "2017-05-14 00:17:28",
        "Lines": "N11",
        "Lat": 52.2926,
        "Brigade": "122"
      },
      {
        "Lon": 21.0488,
        "Time": "2017-05-14 00:17:38",
        "Lines": "N11",
        "Lat": 52.2929,
        "Brigade": "122"
      },
      {
        "Lon": 21.0489,
        "Time": "2017-05-14 00:17:48",
        "Lines": "N11",
        "Lat": 52.2929,
        "Brigade": "122"
      },
      {
        "Lon": 21.0488,
        "Time": "2017-05-14 00:17:58",
        "Lines": "N11",
        "Lat": 52.2931,
        "Brigade": "122"
      },
      {
        "Lon": 21.0486,
        "Time": "2017-05-14 00:18:08",
        "Lines": "N11",
        "Lat": 52.294,
        "Brigade": "122"
      },
      {
        "Lon": 21.0486,
        "Time": "2017-05-14 00:18:18",
        "Lines": "N11",
        "Lat": 52.2949,
        "Brigade": "122"
      },
      {
        "Lon": 21.0498,
        "Time": "2017-05-14 00:18:28",
        "Lines": "N11",
        "Lat": 52.2954,
        "Brigade": "122"
      },
      {
        "Lon": 21.0514,
        "Time": "2017-05-14 00:18:38",
        "Lines": "N11",
        "Lat": 52.2961,
        "Brigade": "122"
      },
      {
        "Lon": 21.053,
        "Time": "2017-05-14 00:18:48",
        "Lines": "N11",
        "Lat": 52.2966,
        "Brigade": "122"
      },
      {
        "Lon": 21.0549,
        "Time": "2017-05-14 00:19:08",
        "Lines": "N11",
        "Lat": 52.2969,
        "Brigade": "122"
      },
      {
        "Lon": 21.0549,
        "Time": "2017-05-14 00:19:18",
        "Lines": "N11",
        "Lat": 52.2969,
        "Brigade": "122"
      },
      {
        "Lon": 21.0549,
        "Time": "2017-05-14 00:19:28",
        "Lines": "N11",
        "Lat": 52.2969,
        "Brigade": "122"
      },
      {
        "Lon": 21.0549,
        "Time": "2017-05-14 00:19:38",
        "Lines": "N11",
        "Lat": 52.2969,
        "Brigade": "122"
      },
      {
        "Lon": 21.0549,
        "Time": "2017-05-14 00:19:48",
        "Lines": "N11",
        "Lat": 52.2969,
        "Brigade": "122"
      },
      {
        "Lon": 21.0549,
        "Time": "2017-05-14 00:19:58",
        "Lines": "N11",
        "Lat": 52.2969,
        "Brigade": "122"
      },
      {
        "Lon": 21.055,
        "Time": "2017-05-14 00:20:08",
        "Lines": "N11",
        "Lat": 52.2969,
        "Brigade": "122"
      },
      {
        "Lon": 21.0557,
        "Time": "2017-05-14 00:20:18",
        "Lines": "N11",
        "Lat": 52.2972,
        "Brigade": "122"
      },
      {
        "Lon": 21.0558,
        "Time": "2017-05-14 00:20:28",
        "Lines": "N11",
        "Lat": 52.2974,
        "Brigade": "122"
      },
      {
        "Lon": 21.0558,
        "Time": "2017-05-14 00:20:38",
        "Lines": "N11",
        "Lat": 52.2974,
        "Brigade": "122"
      },
      {
        "Lon": 21.0572,
        "Time": "2017-05-14 00:20:58",
        "Lines": "N11",
        "Lat": 52.299,
        "Brigade": "122"
      },
      {
        "Lon": 21.0581,
        "Time": "2017-05-14 00:21:08",
        "Lines": "N11",
        "Lat": 52.3001,
        "Brigade": "122"
      },
      {
        "Lon": 21.0588,
        "Time": "2017-05-14 00:21:18",
        "Lines": "N11",
        "Lat": 52.3013,
        "Brigade": "122"
      },
      {
        "Lon": 21.0592,
        "Time": "2017-05-14 00:21:28",
        "Lines": "N11",
        "Lat": 52.3025,
        "Brigade": "122"
      },
      {
        "Lon": 21.0597,
        "Time": "2017-05-14 00:21:38",
        "Lines": "N11",
        "Lat": 52.3037,
        "Brigade": "122"
      },
      {
        "Lon": 21.0598,
        "Time": "2017-05-14 00:21:48",
        "Lines": "N11",
        "Lat": 52.304,
        "Brigade": "122"
      },
      {
        "Lon": 21.0598,
        "Time": "2017-05-14 00:21:58",
        "Lines": "N11",
        "Lat": 52.304,
        "Brigade": "122"
      },
      {
        "Lon": 21.0599,
        "Time": "2017-05-14 00:22:08",
        "Lines": "N11",
        "Lat": 52.3043,
        "Brigade": "122"
      },
      {
        "Lon": 21.0603,
        "Time": "2017-05-14 00:22:18",
        "Lines": "N11",
        "Lat": 52.305,
        "Brigade": "122"
      },
      {
        "Lon": 21.0605,
        "Time": "2017-05-14 00:22:28",
        "Lines": "N11",
        "Lat": 52.3054,
        "Brigade": "122"
      },
      {
        "Lon": 21.0613,
        "Time": "2017-05-14 00:22:48",
        "Lines": "N11",
        "Lat": 52.3074,
        "Brigade": "122"
      },
      {
        "Lon": 21.0618,
        "Time": "2017-05-14 00:22:58",
        "Lines": "N11",
        "Lat": 52.3085,
        "Brigade": "122"
      },
      {
        "Lon": 21.0623,
        "Time": "2017-05-14 00:23:08",
        "Lines": "N11",
        "Lat": 52.3085,
        "Brigade": "122"
      },
      {
        "Lon": 21.0621,
        "Time": "2017-05-14 00:23:18",
        "Lines": "N11",
        "Lat": 52.3077,
        "Brigade": "122"
      },
      {
        "Lon": 21.0619,
        "Time": "2017-05-14 00:23:28",
        "Lines": "N11",
        "Lat": 52.3071,
        "Brigade": "122"
      },
      {
        "Lon": 21.0612,
        "Time": "2017-05-14 00:23:38",
        "Lines": "N11",
        "Lat": 52.307,
        "Brigade": "122"
      },
      {
        "Lon": 21.0612,
        "Time": "2017-05-14 00:23:48",
        "Lines": "N11",
        "Lat": 52.307,
        "Brigade": "122"
      },
      {
        "Lon": 21.0611,
        "Time": "2017-05-14 00:23:58",
        "Lines": "N11",
        "Lat": 52.307,
        "Brigade": "122"
      },
      {
        "Lon": 21.0597,
        "Time": "2017-05-14 00:24:08",
        "Lines": "N11",
        "Lat": 52.3067,
        "Brigade": "122"
      },
      {
        "Lon": 21.0556,
        "Time": "2017-05-14 00:24:28",
        "Lines": "N11",
        "Lat": 52.3058,
        "Brigade": "122"
      },
      {
        "Lon": 21.0518,
        "Time": "2017-05-14 00:24:48",
        "Lines": "N11",
        "Lat": 52.3049,
        "Brigade": "122"
      },
      {
        "Lon": 21.0517,
        "Time": "2017-05-14 00:24:58",
        "Lines": "N11",
        "Lat": 52.3054,
        "Brigade": "122"
      },
      {
        "Lon": 21.0519,
        "Time": "2017-05-14 00:25:08",
        "Lines": "N11",
        "Lat": 52.3066,
        "Brigade": "122"
      },
      {
        "Lon": 21.0521,
        "Time": "2017-05-14 00:25:18",
        "Lines": "N11",
        "Lat": 52.3079,
        "Brigade": "122"
      },
      {
        "Lon": 21.0521,
        "Time": "2017-05-14 00:25:28",
        "Lines": "N11",
        "Lat": 52.3087,
        "Brigade": "122"
      },
      {
        "Lon": 21.0521,
        "Time": "2017-05-14 00:25:38",
        "Lines": "N11",
        "Lat": 52.3092,
        "Brigade": "122"
      },
      {
        "Lon": 21.0521,
        "Time": "2017-05-14 00:25:48",
        "Lines": "N11",
        "Lat": 52.3092,
        "Brigade": "122"
      },
      {
        "Lon": 21.0521,
        "Time": "2017-05-14 00:25:58",
        "Lines": "N11",
        "Lat": 52.3097,
        "Brigade": "122"
      },
      {
        "Lon": 21.0521,
        "Time": "2017-05-14 00:26:08",
        "Lines": "N11",
        "Lat": 52.3109,
        "Brigade": "122"
      },
      {
        "Lon": 21.0515,
        "Time": "2017-05-14 00:26:28",
        "Lines": "N11",
        "Lat": 52.3137,
        "Brigade": "122"
      },
      {
        "Lon": 21.0509,
        "Time": "2017-05-14 00:26:38",
        "Lines": "N11",
        "Lat": 52.315,
        "Brigade": "122"
      },
      {
        "Lon": 21.0506,
        "Time": "2017-05-14 00:26:48",
        "Lines": "N11",
        "Lat": 52.3165,
        "Brigade": "122"
      },
      {
        "Lon": 21.0505,
        "Time": "2017-05-14 00:26:58",
        "Lines": "N11",
        "Lat": 52.3178,
        "Brigade": "122"
      },
      {
        "Lon": 21.05,
        "Time": "2017-05-14 00:27:08",
        "Lines": "N11",
        "Lat": 52.3192,
        "Brigade": "122"
      },
      {
        "Lon": 21.0496,
        "Time": "2017-05-14 00:27:18",
        "Lines": "N11",
        "Lat": 52.3206,
        "Brigade": "122"
      },
      {
        "Lon": 21.0494,
        "Time": "2017-05-14 00:27:28",
        "Lines": "N11",
        "Lat": 52.322,
        "Brigade": "122"
      },
      {
        "Lon": 21.0494,
        "Time": "2017-05-14 00:27:38",
        "Lines": "N11",
        "Lat": 52.3229,
        "Brigade": "122"
      },
      {
        "Lon": 21.0502,
        "Time": "2017-05-14 00:27:48",
        "Lines": "N11",
        "Lat": 52.3237,
        "Brigade": "122"
      },
      {
        "Lon": 21.051,
        "Time": "2017-05-14 00:27:58",
        "Lines": "N11",
        "Lat": 52.3247,
        "Brigade": "122"
      },
      {
        "Lon": 21.0522,
        "Time": "2017-05-14 00:28:08",
        "Lines": "N11",
        "Lat": 52.3248,
        "Brigade": "122"
      },
      {
        "Lon": 21.0547,
        "Time": "2017-05-14 00:28:28",
        "Lines": "N11",
        "Lat": 52.3247,
        "Brigade": "122"
      },
      {
        "Lon": 21.0547,
        "Time": "2017-05-14 00:28:38",
        "Lines": "N11",
        "Lat": 52.3247,
        "Brigade": "122"
      },
      {
        "Lon": 21.0552,
        "Time": "2017-05-14 00:28:48",
        "Lines": "N11",
        "Lat": 52.3248,
        "Brigade": "122"
      },
      {
        "Lon": 21.0565,
        "Time": "2017-05-14 00:28:58",
        "Lines": "N11",
        "Lat": 52.3243,
        "Brigade": "122"
      },
      {
        "Lon": 21.0568,
        "Time": "2017-05-14 00:29:08",
        "Lines": "N11",
        "Lat": 52.3239,
        "Brigade": "122"
      },
      {
        "Lon": 21.0572,
        "Time": "2017-05-14 00:29:18",
        "Lines": "N11",
        "Lat": 52.3229,
        "Brigade": "122"
      },
      {
        "Lon": 21.0569,
        "Time": "2017-05-14 00:29:28",
        "Lines": "N11",
        "Lat": 52.3219,
        "Brigade": "122"
      },
      {
        "Lon": 21.0569,
        "Time": "2017-05-14 00:29:38",
        "Lines": "N11",
        "Lat": 52.3218,
        "Brigade": "122"
      },
      {
        "Lon": 21.0568,
        "Time": "2017-05-14 00:29:48",
        "Lines": "N11",
        "Lat": 52.3216,
        "Brigade": "122"
      },
      {
        "Lon": 21.0579,
        "Time": "2017-05-14 00:30:08",
        "Lines": "N11",
        "Lat": 52.3194,
        "Brigade": "122"
      },
      {
        "Lon": 21.0586,
        "Time": "2017-05-14 00:30:18",
        "Lines": "N11",
        "Lat": 52.3181,
        "Brigade": "122"
      },
      {
        "Lon": 21.0594,
        "Time": "2017-05-14 00:30:28",
        "Lines": "N11",
        "Lat": 52.3168,
        "Brigade": "122"
      },
      {
        "Lon": 21.0601,
        "Time": "2017-05-14 00:30:38",
        "Lines": "N11",
        "Lat": 52.3156,
        "Brigade": "122"
      },
      {
        "Lon": 21.0602,
        "Time": "2017-05-14 00:30:48",
        "Lines": "N11",
        "Lat": 52.3148,
        "Brigade": "122"
      },
      {
        "Lon": 21.0606,
        "Time": "2017-05-14 00:30:58",
        "Lines": "N11",
        "Lat": 52.3148,
        "Brigade": "122"
      },
      {
        "Lon": 21.0604,
        "Time": "2017-05-14 00:31:08",
        "Lines": "N11",
        "Lat": 52.3151,
        "Brigade": "122"
      },
      {
        "Lon": 21.0604,
        "Time": "2017-05-14 00:31:18",
        "Lines": "N11",
        "Lat": 52.3151,
        "Brigade": "122"
      },
      {
        "Lon": 21.0604,
        "Time": "2017-05-14 00:31:28",
        "Lines": "N11",
        "Lat": 52.3151,
        "Brigade": "122"
      },
      {
        "Lon": 21.0604,
        "Time": "2017-05-14 00:31:38",
        "Lines": "N11",
        "Lat": 52.3151,
        "Brigade": "122"
      },
      {
        "Lon": 21.0604,
        "Time": "2017-05-14 00:31:58",
        "Lines": "N11",
        "Lat": 52.3151,
        "Brigade": "122"
      },
      {
        "Lon": 21.0604,
        "Time": "2017-05-14 00:32:08",
        "Lines": "N11",
        "Lat": 52.3151,
        "Brigade": "122"
      },
      {
        "Lon": 21.0604,
        "Time": "2017-05-14 00:32:18",
        "Lines": "N11",
        "Lat": 52.3151,
        "Brigade": "122"
      },
      {
        "Lon": 21.0604,
        "Time": "2017-05-14 00:32:28",
        "Lines": "N11",
        "Lat": 52.3151,
        "Brigade": "122"
      },
      {
        "Lon": 21.0604,
        "Time": "2017-05-14 00:32:38",
        "Lines": "N11",
        "Lat": 52.3151,
        "Brigade": "122"
      },
      {
        "Lon": 21.0601,
        "Time": "2017-05-14 00:32:48",
        "Lines": "N11",
        "Lat": 52.3157,
        "Brigade": "122"
      },
      {
        "Lon": 21.0594,
        "Time": "2017-05-14 00:32:58",
        "Lines": "N11",
        "Lat": 52.3169,
        "Brigade": "122"
      },
      {
        "Lon": 21.0586,
        "Time": "2017-05-14 00:33:08",
        "Lines": "N11",
        "Lat": 52.3182,
        "Brigade": "122"
      },
      {
        "Lon": 21.0579,
        "Time": "2017-05-14 00:33:18",
        "Lines": "N11",
        "Lat": 52.3195,
        "Brigade": "122"
      },
      {
        "Lon": 21.057,
        "Time": "2017-05-14 00:33:38",
        "Lines": "N11",
        "Lat": 52.3221,
        "Brigade": "122"
      },
      {
        "Lon": 21.0571,
        "Time": "2017-05-14 00:33:48",
        "Lines": "N11",
        "Lat": 52.3233,
        "Brigade": "122"
      },
      {
        "Lon": 21.0568,
        "Time": "2017-05-14 00:33:58",
        "Lines": "N11",
        "Lat": 52.3241,
        "Brigade": "122"
      },
      {
        "Lon": 21.0572,
        "Time": "2017-05-14 00:34:08",
        "Lines": "N11",
        "Lat": 52.3241,
        "Brigade": "122"
      },
      {
        "Lon": 21.0573,
        "Time": "2017-05-14 00:34:18",
        "Lines": "N11",
        "Lat": 52.3241,
        "Brigade": "122"
      },
      {
        "Lon": 21.0585,
        "Time": "2017-05-14 00:34:28",
        "Lines": "N11",
        "Lat": 52.3244,
        "Brigade": "122"
      },
      {
        "Lon": 21.0602,
        "Time": "2017-05-14 00:34:38",
        "Lines": "N11",
        "Lat": 52.3249,
        "Brigade": "122"
      },
      {
        "Lon": 21.0622,
        "Time": "2017-05-14 00:34:48",
        "Lines": "N11",
        "Lat": 52.3251,
        "Brigade": "122"
      },
      {
        "Lon": 21.0643,
        "Time": "2017-05-14 00:35:08",
        "Lines": "N11",
        "Lat": 52.3248,
        "Brigade": "122"
      },
      {
        "Lon": 21.066,
        "Time": "2017-05-14 00:35:18",
        "Lines": "N11",
        "Lat": 52.3244,
        "Brigade": "122"
      },
      {
        "Lon": 21.0672,
        "Time": "2017-05-14 00:35:28",
        "Lines": "N11",
        "Lat": 52.3241,
        "Brigade": "122"
      },
      {
        "Lon": 21.067,
        "Time": "2017-05-14 00:35:38",
        "Lines": "N11",
        "Lat": 52.3235,
        "Brigade": "122"
      },
      {
        "Lon": 21.067,
        "Time": "2017-05-14 00:35:48",
        "Lines": "N11",
        "Lat": 52.3235,
        "Brigade": "122"
      },
      {
        "Lon": 21.067,
        "Time": "2017-05-14 00:35:58",
        "Lines": "N11",
        "Lat": 52.3234,
        "Brigade": "122"
      },
      {
        "Lon": 21.0668,
        "Time": "2017-05-14 00:36:08",
        "Lines": "N11",
        "Lat": 52.3227,
        "Brigade": "122"
      },
      {
        "Lon": 21.0666,
        "Time": "2017-05-14 00:36:18",
        "Lines": "N11",
        "Lat": 52.3218,
        "Brigade": "122"
      },
      {
        "Lon": 21.0664,
        "Time": "2017-05-14 00:36:28",
        "Lines": "N11",
        "Lat": 52.3209,
        "Brigade": "122"
      },
      {
        "Lon": 21.0667,
        "Time": "2017-05-14 00:36:38",
        "Lines": "N11",
        "Lat": 52.32,
        "Brigade": "122"
      },
      {
        "Lon": 21.067,
        "Time": "2017-05-14 00:36:58",
        "Lines": "N11",
        "Lat": 52.3184,
        "Brigade": "122"
      },
      {
        "Lon": 21.0672,
        "Time": "2017-05-14 00:37:08",
        "Lines": "N11",
        "Lat": 52.3175,
        "Brigade": "122"
      },
      {
        "Lon": 21.0673,
        "Time": "2017-05-14 00:37:18",
        "Lines": "N11",
        "Lat": 52.3169,
        "Brigade": "122"
      },
      {
        "Lon": 21.0673,
        "Time": "2017-05-14 00:37:28",
        "Lines": "N11",
        "Lat": 52.3169,
        "Brigade": "122"
      },
      {
        "Lon": 21.0674,
        "Time": "2017-05-14 00:37:38",
        "Lines": "N11",
        "Lat": 52.3163,
        "Brigade": "122"
      },
      {
        "Lon": 21.0671,
        "Time": "2017-05-14 00:37:48",
        "Lines": "N11",
        "Lat": 52.3154,
        "Brigade": "122"
      },
      {
        "Lon": 21.0668,
        "Time": "2017-05-14 00:37:58",
        "Lines": "N11",
        "Lat": 52.3145,
        "Brigade": "122"
      },
      {
        "Lon": 21.0665,
        "Time": "2017-05-14 00:38:08",
        "Lines": "N11",
        "Lat": 52.3135,
        "Brigade": "122"
      },
      {
        "Lon": 21.0657,
        "Time": "2017-05-14 00:38:18",
        "Lines": "N11",
        "Lat": 52.3126,
        "Brigade": "122"
      },
      {
        "Lon": 21.0643,
        "Time": "2017-05-14 00:38:28",
        "Lines": "N11",
        "Lat": 52.3117,
        "Brigade": "122"
      },
      {
        "Lon": 21.0617,
        "Time": "2017-05-14 00:38:48",
        "Lines": "N11",
        "Lat": 52.3102,
        "Brigade": "122"
      },
      {
        "Lon": 21.0618,
        "Time": "2017-05-14 00:38:58",
        "Lines": "N11",
        "Lat": 52.3096,
        "Brigade": "122"
      },
      {
        "Lon": 21.0615,
        "Time": "2017-05-14 00:39:08",
        "Lines": "N11",
        "Lat": 52.3085,
        "Brigade": "122"
      },
      {
        "Lon": 21.0609,
        "Time": "2017-05-14 00:39:18",
        "Lines": "N11",
        "Lat": 52.3071,
        "Brigade": "122"
      },
      {
        "Lon": 21.0604,
        "Time": "2017-05-14 00:39:28",
        "Lines": "N11",
        "Lat": 52.3058,
        "Brigade": "122"
      },
      {
        "Lon": 21.0597,
        "Time": "2017-05-14 00:39:38",
        "Lines": "N11",
        "Lat": 52.3044,
        "Brigade": "122"
      },
      {
        "Lon": 21.0592,
        "Time": "2017-05-14 00:39:48",
        "Lines": "N11",
        "Lat": 52.3032,
        "Brigade": "122"
      },
      {
        "Lon": 21.0591,
        "Time": "2017-05-14 00:39:58",
        "Lines": "N11",
        "Lat": 52.303,
        "Brigade": "122"
      },
      {
        "Lon": 21.059,
        "Time": "2017-05-14 00:40:08",
        "Lines": "N11",
        "Lat": 52.3028,
        "Brigade": "122"
      },
      {
        "Lon": 21.0586,
        "Time": "2017-05-14 00:40:18",
        "Lines": "N11",
        "Lat": 52.3017,
        "Brigade": "122"
      },
      {
        "Lon": 21.0571,
        "Time": "2017-05-14 00:40:38",
        "Lines": "N11",
        "Lat": 52.299,
        "Brigade": "122"
      },
      {
        "Lon": 21.0552,
        "Time": "2017-05-14 00:40:58",
        "Lines": "N11",
        "Lat": 52.2969,
        "Brigade": "122"
      },
      {
        "Lon": 21.0539,
        "Time": "2017-05-14 00:41:08",
        "Lines": "N11",
        "Lat": 52.2969,
        "Brigade": "122"
      },
      {
        "Lon": 21.052,
        "Time": "2017-05-14 00:41:18",
        "Lines": "N11",
        "Lat": 52.2963,
        "Brigade": "122"
      },
      {
        "Lon": 21.05,
        "Time": "2017-05-14 00:41:28",
        "Lines": "N11",
        "Lat": 52.2956,
        "Brigade": "122"
      },
      {
        "Lon": 21.0485,
        "Time": "2017-05-14 00:41:38",
        "Lines": "N11",
        "Lat": 52.2948,
        "Brigade": "122"
      },
      {
        "Lon": 21.0486,
        "Time": "2017-05-14 00:41:48",
        "Lines": "N11",
        "Lat": 52.2935,
        "Brigade": "122"
      },
      {
        "Lon": 21.0487,
        "Time": "2017-05-14 00:41:58",
        "Lines": "N11",
        "Lat": 52.2925,
        "Brigade": "122"
      },
      {
        "Lon": 21.0487,
        "Time": "2017-05-14 00:42:08",
        "Lines": "N11",
        "Lat": 52.2924,
        "Brigade": "122"
      },
      {
        "Lon": 21.0495,
        "Time": "2017-05-14 00:42:28",
        "Lines": "N11",
        "Lat": 52.2919,
        "Brigade": "122"
      },
      {
        "Lon": 21.0496,
        "Time": "2017-05-14 00:42:38",
        "Lines": "N11",
        "Lat": 52.2919,
        "Brigade": "122"
      },
      {
        "Lon": 21.05,
        "Time": "2017-05-14 00:42:48",
        "Lines": "N11",
        "Lat": 52.292,
        "Brigade": "122"
      },
      {
        "Lon": 21.0513,
        "Time": "2017-05-14 00:42:58",
        "Lines": "N11",
        "Lat": 52.2921,
        "Brigade": "122"
      },
      {
        "Lon": 21.0511,
        "Time": "2017-05-14 00:43:08",
        "Lines": "N11",
        "Lat": 52.2916,
        "Brigade": "122"
      },
      {
        "Lon": 21.0511,
        "Time": "2017-05-14 00:43:18",
        "Lines": "N11",
        "Lat": 52.2915,
        "Brigade": "122"
      },
      {
        "Lon": 21.0505,
        "Time": "2017-05-14 00:43:28",
        "Lines": "N11",
        "Lat": 52.2911,
        "Brigade": "122"
      },
      {
        "Lon": 21.0491,
        "Time": "2017-05-14 00:43:38",
        "Lines": "N11",
        "Lat": 52.2901,
        "Brigade": "122"
      },
      {
        "Lon": 21.0483,
        "Time": "2017-05-14 00:43:48",
        "Lines": "N11",
        "Lat": 52.2887,
        "Brigade": "122"
      },
      {
        "Lon": 21.0481,
        "Time": "2017-05-14 00:44:08",
        "Lines": "N11",
        "Lat": 52.2877,
        "Brigade": "122"
      },
      {
        "Lon": 21.0481,
        "Time": "2017-05-14 00:44:18",
        "Lines": "N11",
        "Lat": 52.2872,
        "Brigade": "122"
      },
      {
        "Lon": 21.0484,
        "Time": "2017-05-14 00:44:28",
        "Lines": "N11",
        "Lat": 52.2866,
        "Brigade": "122"
      },
      {
        "Lon": 21.0499,
        "Time": "2017-05-14 00:44:38",
        "Lines": "N11",
        "Lat": 52.2862,
        "Brigade": "122"
      },
      {
        "Lon": 21.0509,
        "Time": "2017-05-14 00:44:48",
        "Lines": "N11",
        "Lat": 52.285,
        "Brigade": "122"
      },
      {
        "Lon": 21.0522,
        "Time": "2017-05-14 00:44:58",
        "Lines": "N11",
        "Lat": 52.2839,
        "Brigade": "122"
      },
      {
        "Lon": 21.0531,
        "Time": "2017-05-14 00:45:08",
        "Lines": "N11",
        "Lat": 52.2829,
        "Brigade": "122"
      },
      {
        "Lon": 21.0537,
        "Time": "2017-05-14 00:45:18",
        "Lines": "N11",
        "Lat": 52.2817,
        "Brigade": "122"
      },
      {
        "Lon": 21.0544,
        "Time": "2017-05-14 00:45:28",
        "Lines": "N11",
        "Lat": 52.2804,
        "Brigade": "122"
      },
      {
        "Lon": 21.055,
        "Time": "2017-05-14 00:45:38",
        "Lines": "N11",
        "Lat": 52.2796,
        "Brigade": "122"
      },
      {
        "Lon": 21.0565,
        "Time": "2017-05-14 00:45:48",
        "Lines": "N11",
        "Lat": 52.2798,
        "Brigade": "122"
      },
      {
        "Lon": 21.0596,
        "Time": "2017-05-14 00:46:08",
        "Lines": "N11",
        "Lat": 52.2792,
        "Brigade": "122"
      },
      {
        "Lon": 21.0615,
        "Time": "2017-05-14 00:46:18",
        "Lines": "N11",
        "Lat": 52.2786,
        "Brigade": "122"
      },
      {
        "Lon": 21.0636,
        "Time": "2017-05-14 00:46:28",
        "Lines": "N11",
        "Lat": 52.278,
        "Brigade": "122"
      },
      {
        "Lon": 21.0657,
        "Time": "2017-05-14 00:46:38",
        "Lines": "N11",
        "Lat": 52.2773,
        "Brigade": "122"
      },
      {
        "Lon": 21.0668,
        "Time": "2017-05-14 00:46:48",
        "Lines": "N11",
        "Lat": 52.2769,
        "Brigade": "122"
      },
      {
        "Lon": 21.0664,
        "Time": "2017-05-14 00:46:58",
        "Lines": "N11",
        "Lat": 52.2764,
        "Brigade": "122"
      },
      {
        "Lon": 21.0664,
        "Time": "2017-05-14 00:47:08",
        "Lines": "N11",
        "Lat": 52.2764,
        "Brigade": "122"
      },
      {
        "Lon": 21.0662,
        "Time": "2017-05-14 00:47:18",
        "Lines": "N11",
        "Lat": 52.2761,
        "Brigade": "122"
      },
      {
        "Lon": 21.0662,
        "Time": "2017-05-14 00:47:28",
        "Lines": "N11",
        "Lat": 52.2761,
        "Brigade": "122"
      },
      {
        "Lon": 21.0661,
        "Time": "2017-05-14 00:47:48",
        "Lines": "N11",
        "Lat": 52.276,
        "Brigade": "122"
      },
      {
        "Lon": 21.0655,
        "Time": "2017-05-14 00:47:58",
        "Lines": "N11",
        "Lat": 52.2752,
        "Brigade": "122"
      },
      {
        "Lon": 21.0644,
        "Time": "2017-05-14 00:48:08",
        "Lines": "N11",
        "Lat": 52.2739,
        "Brigade": "122"
      },
      {
        "Lon": 21.0633,
        "Time": "2017-05-14 00:48:18",
        "Lines": "N11",
        "Lat": 52.2725,
        "Brigade": "122"
      },
      {
        "Lon": 21.0622,
        "Time": "2017-05-14 00:48:28",
        "Lines": "N11",
        "Lat": 52.2712,
        "Brigade": "122"
      },
      {
        "Lon": 21.0611,
        "Time": "2017-05-14 00:48:38",
        "Lines": "N11",
        "Lat": 52.2698,
        "Brigade": "122"
      },
      {
        "Lon": 21.0602,
        "Time": "2017-05-14 00:48:48",
        "Lines": "N11",
        "Lat": 52.2688,
        "Brigade": "122"
      },
      {
        "Lon": 21.06,
        "Time": "2017-05-14 00:48:58",
        "Lines": "N11",
        "Lat": 52.2686,
        "Brigade": "122"
      },
      {
        "Lon": 21.0598,
        "Time": "2017-05-14 00:49:08",
        "Lines": "N11",
        "Lat": 52.2683,
        "Brigade": "122"
      },
      {
        "Lon": 21.059,
        "Time": "2017-05-14 00:49:18",
        "Lines": "N11",
        "Lat": 52.2673,
        "Brigade": "122"
      },
      {
        "Lon": 21.058,
        "Time": "2017-05-14 00:49:28",
        "Lines": "N11",
        "Lat": 52.266,
        "Brigade": "122"
      },
      {
        "Lon": 21.0547,
        "Time": "2017-05-14 00:49:48",
        "Lines": "N11",
        "Lat": 52.2635,
        "Brigade": "122"
      },
      {
        "Lon": 21.0528,
        "Time": "2017-05-14 00:49:58",
        "Lines": "N11",
        "Lat": 52.2627,
        "Brigade": "122"
      },
      {
        "Lon": 21.0507,
        "Time": "2017-05-14 00:50:08",
        "Lines": "N11",
        "Lat": 52.2618,
        "Brigade": "122"
      },
      {
        "Lon": 21.0487,
        "Time": "2017-05-14 00:50:18",
        "Lines": "N11",
        "Lat": 52.2609,
        "Brigade": "122"
      },
      {
        "Lon": 21.0476,
        "Time": "2017-05-14 00:50:28",
        "Lines": "N11",
        "Lat": 52.2604,
        "Brigade": "122"
      },
      {
        "Lon": 21.0473,
        "Time": "2017-05-14 00:50:38",
        "Lines": "N11",
        "Lat": 52.2603,
        "Brigade": "122"
      },
      {
        "Lon": 21.0473,
        "Time": "2017-05-14 00:50:48",
        "Lines": "N11",
        "Lat": 52.2603,
        "Brigade": "122"
      },
      {
        "Lon": 21.0473,
        "Time": "2017-05-14 00:50:58",
        "Lines": "N11",
        "Lat": 52.2603,
        "Brigade": "122"
      },
      {
        "Lon": 21.0473,
        "Time": "2017-05-14 00:51:08",
        "Lines": "N11",
        "Lat": 52.2603,
        "Brigade": "122"
      },
      {
        "Lon": 21.0472,
        "Time": "2017-05-14 00:51:28",
        "Lines": "N11",
        "Lat": 52.2603,
        "Brigade": "122"
      },
      {
        "Lon": 21.046,
        "Time": "2017-05-14 00:51:38",
        "Lines": "N11",
        "Lat": 52.2597,
        "Brigade": "122"
      },
      {
        "Lon": 21.0441,
        "Time": "2017-05-14 00:51:48",
        "Lines": "N11",
        "Lat": 52.2589,
        "Brigade": "122"
      },
      {
        "Lon": 21.042,
        "Time": "2017-05-14 00:51:58",
        "Lines": "N11",
        "Lat": 52.258,
        "Brigade": "122"
      },
      {
        "Lon": 21.0404,
        "Time": "2017-05-14 00:52:08",
        "Lines": "N11",
        "Lat": 52.2573,
        "Brigade": "122"
      },
      {
        "Lon": 21.0385,
        "Time": "2017-05-14 00:52:18",
        "Lines": "N11",
        "Lat": 52.2565,
        "Brigade": "122"
      },
      {
        "Lon": 21.0368,
        "Time": "2017-05-14 00:52:28",
        "Lines": "N11",
        "Lat": 52.2557,
        "Brigade": "122"
      },
      {
        "Lon": 21.0363,
        "Time": "2017-05-14 00:52:38",
        "Lines": "N11",
        "Lat": 52.2555,
        "Brigade": "122"
      },
      {
        "Lon": 21.0363,
        "Time": "2017-05-14 00:52:48",
        "Lines": "N11",
        "Lat": 52.2555,
        "Brigade": "122"
      },
      {
        "Lon": 21.0353,
        "Time": "2017-05-14 00:53:08",
        "Lines": "N11",
        "Lat": 52.2551,
        "Brigade": "122"
      },
      {
        "Lon": 21.0344,
        "Time": "2017-05-14 00:53:28",
        "Lines": "N11",
        "Lat": 52.2548,
        "Brigade": "122"
      },
      {
        "Lon": 21.0334,
        "Time": "2017-05-14 00:53:38",
        "Lines": "N11",
        "Lat": 52.2543,
        "Brigade": "122"
      },
      {
        "Lon": 21.0333,
        "Time": "2017-05-14 00:53:48",
        "Lines": "N11",
        "Lat": 52.2543,
        "Brigade": "122"
      },
      {
        "Lon": 21.0331,
        "Time": "2017-05-14 00:53:58",
        "Lines": "N11",
        "Lat": 52.2542,
        "Brigade": "122"
      },
      {
        "Lon": 21.0316,
        "Time": "2017-05-14 00:54:08",
        "Lines": "N11",
        "Lat": 52.2535,
        "Brigade": "122"
      },
      {
        "Lon": 21.0301,
        "Time": "2017-05-14 00:54:18",
        "Lines": "N11",
        "Lat": 52.2528,
        "Brigade": "122"
      },
      {
        "Lon": 21.0295,
        "Time": "2017-05-14 00:54:28",
        "Lines": "N11",
        "Lat": 52.2526,
        "Brigade": "122"
      },
      {
        "Lon": 21.0295,
        "Time": "2017-05-14 00:54:38",
        "Lines": "N11",
        "Lat": 52.2525,
        "Brigade": "122"
      },
      {
        "Lon": 21.0292,
        "Time": "2017-05-14 00:54:48",
        "Lines": "N11",
        "Lat": 52.2524,
        "Brigade": "122"
      },
      {
        "Lon": 21.0259,
        "Time": "2017-05-14 00:55:08",
        "Lines": "N11",
        "Lat": 52.251,
        "Brigade": "122"
      },
      {
        "Lon": 21.0237,
        "Time": "2017-05-14 00:55:18",
        "Lines": "N11",
        "Lat": 52.2501,
        "Brigade": "122"
      },
      {
        "Lon": 21.0214,
        "Time": "2017-05-14 00:55:28",
        "Lines": "N11",
        "Lat": 52.2491,
        "Brigade": "122"
      },
      {
        "Lon": 21.0192,
        "Time": "2017-05-14 00:55:38",
        "Lines": "N11",
        "Lat": 52.2482,
        "Brigade": "122"
      },
      {
        "Lon": 21.0171,
        "Time": "2017-05-14 00:55:48",
        "Lines": "N11",
        "Lat": 52.2473,
        "Brigade": "122"
      },
      {
        "Lon": 21.0151,
        "Time": "2017-05-14 00:55:58",
        "Lines": "N11",
        "Lat": 52.2468,
        "Brigade": "122"
      },
      {
        "Lon": 21.0147,
        "Time": "2017-05-14 00:56:08",
        "Lines": "N11",
        "Lat": 52.2468,
        "Brigade": "122"
      },
      {
        "Lon": 21.0147,
        "Time": "2017-05-14 00:56:18",
        "Lines": "N11",
        "Lat": 52.2468,
        "Brigade": "122"
      },
      {
        "Lon": 21.0147,
        "Time": "2017-05-14 00:56:28",
        "Lines": "N11",
        "Lat": 52.2468,
        "Brigade": "122"
      },
      {
        "Lon": 21.0129,
        "Time": "2017-05-14 00:56:48",
        "Lines": "N11",
        "Lat": 52.2467,
        "Brigade": "122"
      },
      {
        "Lon": 21.0096,
        "Time": "2017-05-14 00:56:58",
        "Lines": "N11",
        "Lat": 52.2464,
        "Brigade": "122"
      },
      {
        "Lon": 21.0073,
        "Time": "2017-05-14 00:57:08",
        "Lines": "N11",
        "Lat": 52.2462,
        "Brigade": "122"
      },
      {
        "Lon": 21.0049,
        "Time": "2017-05-14 00:57:18",
        "Lines": "N11",
        "Lat": 52.2459,
        "Brigade": "122"
      },
      {
        "Lon": 21.003,
        "Time": "2017-05-14 00:57:28",
        "Lines": "N11",
        "Lat": 52.2452,
        "Brigade": "122"
      },
      {
        "Lon": 21.0017,
        "Time": "2017-05-14 00:57:38",
        "Lines": "N11",
        "Lat": 52.2447,
        "Brigade": "122"
      },
      {
        "Lon": 21.0016,
        "Time": "2017-05-14 00:57:48",
        "Lines": "N11",
        "Lat": 52.2447,
        "Brigade": "122"
      },
      {
        "Lon": 21.0011,
        "Time": "2017-05-14 00:57:58",
        "Lines": "N11",
        "Lat": 52.2444,
        "Brigade": "122"
      },
      {
        "Lon": 21.0016,
        "Time": "2017-05-14 00:58:08",
        "Lines": "N11",
        "Lat": 52.2436,
        "Brigade": "122"
      },
      {
        "Lon": 21.0021,
        "Time": "2017-05-14 00:58:18",
        "Lines": "N11",
        "Lat": 52.2431,
        "Brigade": "122"
      },
      {
        "Lon": 21.0021,
        "Time": "2017-05-14 00:58:38",
        "Lines": "N11",
        "Lat": 52.2431,
        "Brigade": "122"
      },
      {
        "Lon": 21.0026,
        "Time": "2017-05-14 00:58:48",
        "Lines": "N11",
        "Lat": 52.2429,
        "Brigade": "122"
      },
      {
        "Lon": 21.0037,
        "Time": "2017-05-14 00:58:58",
        "Lines": "N11",
        "Lat": 52.242,
        "Brigade": "122"
      },
      {
        "Lon": 21.004,
        "Time": "2017-05-14 00:59:08",
        "Lines": "N11",
        "Lat": 52.2407,
        "Brigade": "122"
      },
      {
        "Lon": 21.0045,
        "Time": "2017-05-14 00:59:18",
        "Lines": "N11",
        "Lat": 52.2393,
        "Brigade": "122"
      },
      {
        "Lon": 21.0059,
        "Time": "2017-05-14 00:59:28",
        "Lines": "N11",
        "Lat": 52.2387,
        "Brigade": "122"
      },
      {
        "Lon": 21.006,
        "Time": "2017-05-14 00:59:38",
        "Lines": "N11",
        "Lat": 52.2386,
        "Brigade": "122"
      },
      {
        "Lon": 21.0064,
        "Time": "2017-05-14 00:59:48",
        "Lines": "N11",
        "Lat": 52.2384,
        "Brigade": "122"
      },
      {
        "Lon": 21.0071,
        "Time": "2017-05-14 00:59:58",
        "Lines": "N11",
        "Lat": 52.2374,
        "Brigade": "122"
      },
      {
        "Lon": 21.0078,
        "Time": "2017-05-14 01:00:08",
        "Lines": "N11",
        "Lat": 52.2361,
        "Brigade": "122"
      },
      {
        "Lon": 21.0082,
        "Time": "2017-05-14 01:00:18",
        "Lines": "N11",
        "Lat": 52.2353,
        "Brigade": "122"
      },
      {
        "Lon": 21.0072,
        "Time": "2017-05-14 01:00:38",
        "Lines": "N11",
        "Lat": 52.2351,
        "Brigade": "122"
      },
      {
        "Lon": 21.0072,
        "Time": "2017-05-14 01:00:48",
        "Lines": "N11",
        "Lat": 52.2351,
        "Brigade": "122"
      },
      {
        "Lon": 21.0062,
        "Time": "2017-05-14 01:00:58",
        "Lines": "N11",
        "Lat": 52.2348,
        "Brigade": "122"
      },
      {
        "Lon": 21.0041,
        "Time": "2017-05-14 01:01:08",
        "Lines": "N11",
        "Lat": 52.2344,
        "Brigade": "122"
      },
      {
        "Lon": 21.0031,
        "Time": "2017-05-14 01:01:18",
        "Lines": "N11",
        "Lat": 52.2342,
        "Brigade": "122"
      },
      {
        "Lon": 21.0031,
        "Time": "2017-05-14 01:01:28",
        "Lines": "N11",
        "Lat": 52.2342,
        "Brigade": "122"
      },
      {
        "Lon": 21.0031,
        "Time": "2017-05-14 01:01:38",
        "Lines": "N11",
        "Lat": 52.2342,
        "Brigade": "122"
      },
      {
        "Lon": 21.0026,
        "Time": "2017-05-14 01:01:48",
        "Lines": "N11",
        "Lat": 52.2341,
        "Brigade": "122"
      },
      {
        "Lon": 21.0024,
        "Time": "2017-05-14 01:01:58",
        "Lines": "N11",
        "Lat": 52.2336,
        "Brigade": "122"
      },
      {
        "Lon": 21.0037,
        "Time": "2017-05-14 01:02:18",
        "Lines": "N11",
        "Lat": 52.2314,
        "Brigade": "122"
      },
      {
        "Lon": 21.0042,
        "Time": "2017-05-14 01:02:28",
        "Lines": "N11",
        "Lat": 52.2303,
        "Brigade": "122"
      },
      {
        "Lon": 21.0044,
        "Time": "2017-05-14 01:02:38",
        "Lines": "N11",
        "Lat": 52.23,
        "Brigade": "122"
      },
      {
        "Lon": 21.0044,
        "Time": "2017-05-14 01:02:48",
        "Lines": "N11",
        "Lat": 52.2301,
        "Brigade": "122"
      },
      {
        "Lon": 21.0044,
        "Time": "2017-05-14 01:02:58",
        "Lines": "N11",
        "Lat": 52.23,
        "Brigade": "122"
      },
      {
        "Lon": 21.0044,
        "Time": "2017-05-14 01:03:08",
        "Lines": "N11",
        "Lat": 52.23,
        "Brigade": "122"
      },
      {
        "Lon": 21.0044,
        "Time": "2017-05-14 01:03:18",
        "Lines": "N11",
        "Lat": 52.23,
        "Brigade": "122"
      },
      {
        "Lon": 21.0044,
        "Time": "2017-05-14 01:03:28",
        "Lines": "N11",
        "Lat": 52.23,
        "Brigade": "122"
      },
      {
        "Lon": 21.0045,
        "Time": "2017-05-14 01:03:38",
        "Lines": "N11",
        "Lat": 52.23,
        "Brigade": "122"
      },
      {
        "Lon": 21.0049,
        "Time": "2017-05-14 01:03:48",
        "Lines": "N11",
        "Lat": 52.2292,
        "Brigade": "122"
      },
      {
        "Lon": 21.0051,
        "Time": "2017-05-14 01:03:58",
        "Lines": "N11",
        "Lat": 52.2289,
        "Brigade": "122"
      },
      {
        "Lon": 21.004,
        "Time": "2017-05-14 01:04:18",
        "Lines": "N11",
        "Lat": 52.2284,
        "Brigade": "122"
      },
      {
        "Lon": 21.0029,
        "Time": "2017-05-14 01:04:28",
        "Lines": "N11",
        "Lat": 52.2282,
        "Brigade": "122"
      },
      {
        "Lon": 21.0022,
        "Time": "2017-05-14 01:04:38",
        "Lines": "N11",
        "Lat": 52.2281,
        "Brigade": "122"
      },
      {
        "Lon": 21.0017,
        "Time": "2017-05-14 01:04:48",
        "Lines": "N11",
        "Lat": 52.2287,
        "Brigade": "122"
      },
      {
        "Lon": 21.002,
        "Time": "2017-05-14 01:04:58",
        "Lines": "N11",
        "Lat": 52.2291,
        "Brigade": "122"
      },
      {
        "Lon": 21.0028,
        "Time": "2017-05-14 01:05:08",
        "Lines": "N11",
        "Lat": 52.2293,
        "Brigade": "122"
      },
      {
        "Lon": 21.0034,
        "Time": "2017-05-14 01:05:18",
        "Lines": "N11",
        "Lat": 52.2294,
        "Brigade": "122"
      },
      {
        "Lon": 21.0036,
        "Time": "2017-05-14 01:05:28",
        "Lines": "N11",
        "Lat": 52.2295,
        "Brigade": "122"
      },
      {
        "Lon": 21.0036,
        "Time": "2017-05-14 01:05:38",
        "Lines": "N11",
        "Lat": 52.2295,
        "Brigade": "122"
      },
      {
        "Lon": 21.0036,
        "Time": "2017-05-14 01:05:48",
        "Lines": "N11",
        "Lat": 52.2295,
        "Brigade": "122"
      }
    ]
  }
]
