[
  {
    "res": [
      {
        "Lon": 21.0026,
        "Time": "2017-05-14 00:00:09",
        "Lines": "N12",
        "Lat": 52.2293,
        "Brigade": "09"
      },
      {
        "Lon": 21.0026,
        "Time": "2017-05-14 00:00:20",
        "Lines": "N12",
        "Lat": 52.2293,
        "Brigade": "09"
      },
      {
        "Lon": 21.0026,
        "Time": "2017-05-14 00:00:30",
        "Lines": "N12",
        "Lat": 52.2293,
        "Brigade": "09"
      },
      {
        "Lon": 21.0026,
        "Time": "2017-05-14 00:00:41",
        "Lines": "N12",
        "Lat": 52.2293,
        "Brigade": "09"
      },
      {
        "Lon": 21.0026,
        "Time": "2017-05-14 00:00:52",
        "Lines": "N12",
        "Lat": 52.2293,
        "Brigade": "09"
      },
      {
        "Lon": 21.0026,
        "Time": "2017-05-14 00:01:02",
        "Lines": "N12",
        "Lat": 52.2293,
        "Brigade": "09"
      },
      {
        "Lon": 21.0029,
        "Time": "2017-05-14 00:01:13",
        "Lines": "N12",
        "Lat": 52.2294,
        "Brigade": "09"
      },
      {
        "Lon": 21.0039,
        "Time": "2017-05-14 00:01:34",
        "Lines": "N12",
        "Lat": 52.2296,
        "Brigade": "09"
      },
      {
        "Lon": 21.0039,
        "Time": "2017-05-14 00:01:45",
        "Lines": "N12",
        "Lat": 52.2296,
        "Brigade": "09"
      },
      {
        "Lon": 21.0039,
        "Time": "2017-05-14 00:01:55",
        "Lines": "N12",
        "Lat": 52.2296,
        "Brigade": "09"
      },
      {
        "Lon": 21.0039,
        "Time": "2017-05-14 00:02:17",
        "Lines": "N12",
        "Lat": 52.2296,
        "Brigade": "09"
      },
      {
        "Lon": 21.0039,
        "Time": "2017-05-14 00:02:38",
        "Lines": "N12",
        "Lat": 52.2296,
        "Brigade": "09"
      },
      {
        "Lon": 21.0039,
        "Time": "2017-05-14 00:02:49",
        "Lines": "N12",
        "Lat": 52.2296,
        "Brigade": "09"
      },
      {
        "Lon": 21.0039,
        "Time": "2017-05-14 00:02:59",
        "Lines": "N12",
        "Lat": 52.2296,
        "Brigade": "09"
      },
      {
        "Lon": 21.0039,
        "Time": "2017-05-14 00:03:10",
        "Lines": "N12",
        "Lat": 52.2296,
        "Brigade": "09"
      },
      {
        "Lon": 21.0039,
        "Time": "2017-05-14 00:03:21",
        "Lines": "N12",
        "Lat": 52.2296,
        "Brigade": "09"
      },
      {
        "Lon": 21.0039,
        "Time": "2017-05-14 00:03:32",
        "Lines": "N12",
        "Lat": 52.2296,
        "Brigade": "09"
      },
      {
        "Lon": 21.0039,
        "Time": "2017-05-14 00:03:42",
        "Lines": "N12",
        "Lat": 52.2296,
        "Brigade": "09"
      },
      {
        "Lon": 21.0039,
        "Time": "2017-05-14 00:03:53",
        "Lines": "N12",
        "Lat": 52.2296,
        "Brigade": "09"
      },
      {
        "Lon": 21.0039,
        "Time": "2017-05-14 00:04:04",
        "Lines": "N12",
        "Lat": 52.2297,
        "Brigade": "09"
      },
      {
        "Lon": 21.0039,
        "Time": "2017-05-14 00:04:14",
        "Lines": "N12",
        "Lat": 52.2296,
        "Brigade": "09"
      },
      {
        "Lon": 21.0039,
        "Time": "2017-05-14 00:04:25",
        "Lines": "N12",
        "Lat": 52.2295,
        "Brigade": "09"
      },
      {
        "Lon": 21.0039,
        "Time": "2017-05-14 00:04:36",
        "Lines": "N12",
        "Lat": 52.2295,
        "Brigade": "09"
      },
      {
        "Lon": 21.0039,
        "Time": "2017-05-14 00:04:46",
        "Lines": "N12",
        "Lat": 52.2295,
        "Brigade": "09"
      },
      {
        "Lon": 21.0039,
        "Time": "2017-05-14 00:04:57",
        "Lines": "N12",
        "Lat": 52.2295,
        "Brigade": "09"
      },
      {
        "Lon": 21.0039,
        "Time": "2017-05-14 00:05:07",
        "Lines": "N12",
        "Lat": 52.2295,
        "Brigade": "09"
      },
      {
        "Lon": 21.0039,
        "Time": "2017-05-14 00:05:18",
        "Lines": "N12",
        "Lat": 52.2295,
        "Brigade": "09"
      },
      {
        "Lon": 21.0039,
        "Time": "2017-05-14 00:05:29",
        "Lines": "N12",
        "Lat": 52.2295,
        "Brigade": "09"
      },
      {
        "Lon": 21.0039,
        "Time": "2017-05-14 00:05:39",
        "Lines": "N12",
        "Lat": 52.2295,
        "Brigade": "09"
      },
      {
        "Lon": 21.0039,
        "Time": "2017-05-14 00:05:50",
        "Lines": "N12",
        "Lat": 52.2295,
        "Brigade": "09"
      },
      {
        "Lon": 21.0039,
        "Time": "2017-05-14 00:06:01",
        "Lines": "N12",
        "Lat": 52.2295,
        "Brigade": "09"
      },
      {
        "Lon": 21.0039,
        "Time": "2017-05-14 00:06:12",
        "Lines": "N12",
        "Lat": 52.2295,
        "Brigade": "09"
      },
      {
        "Lon": 21.0039,
        "Time": "2017-05-14 00:06:22",
        "Lines": "N12",
        "Lat": 52.2295,
        "Brigade": "09"
      },
      {
        "Lon": 21.0039,
        "Time": "2017-05-14 00:06:33",
        "Lines": "N12",
        "Lat": 52.2296,
        "Brigade": "09"
      },
      {
        "Lon": 21.0039,
        "Time": "2017-05-14 00:06:43",
        "Lines": "N12",
        "Lat": 52.2296,
        "Brigade": "09"
      },
      {
        "Lon": 21.0039,
        "Time": "2017-05-14 00:06:54",
        "Lines": "N12",
        "Lat": 52.2295,
        "Brigade": "09"
      },
      {
        "Lon": 21.0039,
        "Time": "2017-05-14 00:07:05",
        "Lines": "N12",
        "Lat": 52.2295,
        "Brigade": "09"
      },
      {
        "Lon": 21.0039,
        "Time": "2017-05-14 00:07:26",
        "Lines": "N12",
        "Lat": 52.2295,
        "Brigade": "09"
      },
      {
        "Lon": 21.0039,
        "Time": "2017-05-14 00:07:37",
        "Lines": "N12",
        "Lat": 52.2295,
        "Brigade": "09"
      },
      {
        "Lon": 21.0039,
        "Time": "2017-05-14 00:07:47",
        "Lines": "N12",
        "Lat": 52.2295,
        "Brigade": "09"
      },
      {
        "Lon": 21.0039,
        "Time": "2017-05-14 00:07:58",
        "Lines": "N12",
        "Lat": 52.2295,
        "Brigade": "09"
      },
      {
        "Lon": 21.0039,
        "Time": "2017-05-14 00:08:09",
        "Lines": "N12",
        "Lat": 52.2295,
        "Brigade": "09"
      },
      {
        "Lon": 21.0039,
        "Time": "2017-05-14 00:08:19",
        "Lines": "N12",
        "Lat": 52.2295,
        "Brigade": "09"
      },
      {
        "Lon": 21.0039,
        "Time": "2017-05-14 00:08:30",
        "Lines": "N12",
        "Lat": 52.2295,
        "Brigade": "09"
      },
      {
        "Lon": 21.0039,
        "Time": "2017-05-14 00:08:41",
        "Lines": "N12",
        "Lat": 52.2295,
        "Brigade": "09"
      },
      {
        "Lon": 21.0039,
        "Time": "2017-05-14 00:08:51",
        "Lines": "N12",
        "Lat": 52.2295,
        "Brigade": "09"
      },
      {
        "Lon": 21.0039,
        "Time": "2017-05-14 00:09:02",
        "Lines": "N12",
        "Lat": 52.2295,
        "Brigade": "09"
      },
      {
        "Lon": 21.0039,
        "Time": "2017-05-14 00:09:13",
        "Lines": "N12",
        "Lat": 52.2295,
        "Brigade": "09"
      },
      {
        "Lon": 21.0039,
        "Time": "2017-05-14 00:09:23",
        "Lines": "N12",
        "Lat": 52.2295,
        "Brigade": "09"
      },
      {
        "Lon": 21.0039,
        "Time": "2017-05-14 00:09:34",
        "Lines": "N12",
        "Lat": 52.2296,
        "Brigade": "09"
      },
      {
        "Lon": 21.0039,
        "Time": "2017-05-14 00:09:45",
        "Lines": "N12",
        "Lat": 52.2295,
        "Brigade": "09"
      },
      {
        "Lon": 21.0039,
        "Time": "2017-05-14 00:09:56",
        "Lines": "N12",
        "Lat": 52.2295,
        "Brigade": "09"
      },
      {
        "Lon": 21.0039,
        "Time": "2017-05-14 00:11:21",
        "Lines": "N12",
        "Lat": 52.2295,
        "Brigade": "09"
      },
      {
        "Lon": 21.0039,
        "Time": "2017-05-14 00:11:32",
        "Lines": "N12",
        "Lat": 52.2295,
        "Brigade": "09"
      },
      {
        "Lon": 21.0039,
        "Time": "2017-05-14 00:11:53",
        "Lines": "N12",
        "Lat": 52.2295,
        "Brigade": "09"
      },
      {
        "Lon": 21.0039,
        "Time": "2017-05-14 00:12:03",
        "Lines": "N12",
        "Lat": 52.2296,
        "Brigade": "09"
      },
      {
        "Lon": 21.0039,
        "Time": "2017-05-14 00:12:14",
        "Lines": "N12",
        "Lat": 52.2296,
        "Brigade": "09"
      },
      {
        "Lon": 21.0039,
        "Time": "2017-05-14 00:12:25",
        "Lines": "N12",
        "Lat": 52.2296,
        "Brigade": "09"
      },
      {
        "Lon": 21.0039,
        "Time": "2017-05-14 00:12:36",
        "Lines": "N12",
        "Lat": 52.2296,
        "Brigade": "09"
      },
      {
        "Lon": 21.0039,
        "Time": "2017-05-14 00:12:46",
        "Lines": "N12",
        "Lat": 52.2296,
        "Brigade": "09"
      },
      {
        "Lon": 21.0039,
        "Time": "2017-05-14 00:12:57",
        "Lines": "N12",
        "Lat": 52.2295,
        "Brigade": "09"
      },
      {
        "Lon": 21.0039,
        "Time": "2017-05-14 00:13:08",
        "Lines": "N12",
        "Lat": 52.2295,
        "Brigade": "09"
      },
      {
        "Lon": 21.0039,
        "Time": "2017-05-14 00:13:18",
        "Lines": "N12",
        "Lat": 52.2295,
        "Brigade": "09"
      },
      {
        "Lon": 21.0039,
        "Time": "2017-05-14 00:13:29",
        "Lines": "N12",
        "Lat": 52.2295,
        "Brigade": "09"
      },
      {
        "Lon": 21.0039,
        "Time": "2017-05-14 00:13:39",
        "Lines": "N12",
        "Lat": 52.2296,
        "Brigade": "09"
      },
      {
        "Lon": 21.0039,
        "Time": "2017-05-14 00:13:50",
        "Lines": "N12",
        "Lat": 52.2296,
        "Brigade": "09"
      },
      {
        "Lon": 21.0039,
        "Time": "2017-05-14 00:14:01",
        "Lines": "N12",
        "Lat": 52.2295,
        "Brigade": "09"
      },
      {
        "Lon": 21.0039,
        "Time": "2017-05-14 00:14:12",
        "Lines": "N12",
        "Lat": 52.2295,
        "Brigade": "09"
      },
      {
        "Lon": 21.0039,
        "Time": "2017-05-14 00:14:22",
        "Lines": "N12",
        "Lat": 52.2295,
        "Brigade": "09"
      },
      {
        "Lon": 21.0039,
        "Time": "2017-05-14 00:14:33",
        "Lines": "N12",
        "Lat": 52.2295,
        "Brigade": "09"
      },
      {
        "Lon": 21.0039,
        "Time": "2017-05-14 00:14:43",
        "Lines": "N12",
        "Lat": 52.2295,
        "Brigade": "09"
      },
      {
        "Lon": 21.0039,
        "Time": "2017-05-14 00:14:54",
        "Lines": "N12",
        "Lat": 52.2295,
        "Brigade": "09"
      },
      {
        "Lon": 21.0039,
        "Time": "2017-05-14 00:15:05",
        "Lines": "N12",
        "Lat": 52.2295,
        "Brigade": "09"
      },
      {
        "Lon": 21.0041,
        "Time": "2017-05-14 00:15:15",
        "Lines": "N12",
        "Lat": 52.2295,
        "Brigade": "09"
      },
      {
        "Lon": 21.0043,
        "Time": "2017-05-14 00:15:37",
        "Lines": "N12",
        "Lat": 52.2295,
        "Brigade": "09"
      },
      {
        "Lon": 21.0047,
        "Time": "2017-05-14 00:15:48",
        "Lines": "N12",
        "Lat": 52.2296,
        "Brigade": "09"
      },
      {
        "Lon": 21.0046,
        "Time": "2017-05-14 00:15:58",
        "Lines": "N12",
        "Lat": 52.2305,
        "Brigade": "09"
      },
      {
        "Lon": 21.0037,
        "Time": "2017-05-14 00:16:09",
        "Lines": "N12",
        "Lat": 52.2319,
        "Brigade": "09"
      },
      {
        "Lon": 21.0032,
        "Time": "2017-05-14 00:16:21",
        "Lines": "N12",
        "Lat": 52.2329,
        "Brigade": "09"
      },
      {
        "Lon": 21.003,
        "Time": "2017-05-14 00:16:30",
        "Lines": "N12",
        "Lat": 52.2332,
        "Brigade": "09"
      },
      {
        "Lon": 21.003,
        "Time": "2017-05-14 00:16:41",
        "Lines": "N12",
        "Lat": 52.2332,
        "Brigade": "09"
      },
      {
        "Lon": 21.0026,
        "Time": "2017-05-14 00:16:52",
        "Lines": "N12",
        "Lat": 52.2338,
        "Brigade": "09"
      },
      {
        "Lon": 21.0025,
        "Time": "2017-05-14 00:17:02",
        "Lines": "N12",
        "Lat": 52.2339,
        "Brigade": "09"
      },
      {
        "Lon": 21.0025,
        "Time": "2017-05-14 00:17:13",
        "Lines": "N12",
        "Lat": 52.2339,
        "Brigade": "09"
      },
      {
        "Lon": 21.0025,
        "Time": "2017-05-14 00:17:23",
        "Lines": "N12",
        "Lat": 52.2339,
        "Brigade": "09"
      },
      {
        "Lon": 21.0025,
        "Time": "2017-05-14 00:17:34",
        "Lines": "N12",
        "Lat": 52.2339,
        "Brigade": "09"
      },
      {
        "Lon": 21.0025,
        "Time": "2017-05-14 00:17:45",
        "Lines": "N12",
        "Lat": 52.2339,
        "Brigade": "09"
      },
      {
        "Lon": 21.0025,
        "Time": "2017-05-14 00:17:55",
        "Lines": "N12",
        "Lat": 52.2339,
        "Brigade": "09"
      },
      {
        "Lon": 21.0025,
        "Time": "2017-05-14 00:18:06",
        "Lines": "N12",
        "Lat": 52.2339,
        "Brigade": "09"
      },
      {
        "Lon": 21.0025,
        "Time": "2017-05-14 00:18:17",
        "Lines": "N12",
        "Lat": 52.2339,
        "Brigade": "09"
      },
      {
        "Lon": 21.0025,
        "Time": "2017-05-14 00:18:27",
        "Lines": "N12",
        "Lat": 52.2339,
        "Brigade": "09"
      },
      {
        "Lon": 21.0023,
        "Time": "2017-05-14 00:18:38",
        "Lines": "N12",
        "Lat": 52.2339,
        "Brigade": "09"
      },
      {
        "Lon": 21.0006,
        "Time": "2017-05-14 00:18:49",
        "Lines": "N12",
        "Lat": 52.2336,
        "Brigade": "09"
      },
      {
        "Lon": 20.9991,
        "Time": "2017-05-14 00:18:59",
        "Lines": "N12",
        "Lat": 52.2334,
        "Brigade": "09"
      },
      {
        "Lon": 20.9987,
        "Time": "2017-05-14 00:19:10",
        "Lines": "N12",
        "Lat": 52.2334,
        "Brigade": "09"
      },
      {
        "Lon": 20.9983,
        "Time": "2017-05-14 00:19:21",
        "Lines": "N12",
        "Lat": 52.2338,
        "Brigade": "09"
      },
      {
        "Lon": 20.998,
        "Time": "2017-05-14 00:19:32",
        "Lines": "N12",
        "Lat": 52.2345,
        "Brigade": "09"
      },
      {
        "Lon": 20.9979,
        "Time": "2017-05-14 00:19:42",
        "Lines": "N12",
        "Lat": 52.2345,
        "Brigade": "09"
      },
      {
        "Lon": 20.9978,
        "Time": "2017-05-14 00:19:53",
        "Lines": "N12",
        "Lat": 52.2349,
        "Brigade": "09"
      },
      {
        "Lon": 20.9969,
        "Time": "2017-05-14 00:20:14",
        "Lines": "N12",
        "Lat": 52.2372,
        "Brigade": "09"
      },
      {
        "Lon": 20.9966,
        "Time": "2017-05-14 00:20:25",
        "Lines": "N12",
        "Lat": 52.2379,
        "Brigade": "09"
      },
      {
        "Lon": 20.9966,
        "Time": "2017-05-14 00:20:35",
        "Lines": "N12",
        "Lat": 52.2379,
        "Brigade": "09"
      },
      {
        "Lon": 20.9964,
        "Time": "2017-05-14 00:20:46",
        "Lines": "N12",
        "Lat": 52.2382,
        "Brigade": "09"
      },
      {
        "Lon": 20.9959,
        "Time": "2017-05-14 00:20:57",
        "Lines": "N12",
        "Lat": 52.2394,
        "Brigade": "09"
      },
      {
        "Lon": 20.9951,
        "Time": "2017-05-14 00:21:07",
        "Lines": "N12",
        "Lat": 52.2405,
        "Brigade": "09"
      },
      {
        "Lon": 20.9944,
        "Time": "2017-05-14 00:21:18",
        "Lines": "N12",
        "Lat": 52.2412,
        "Brigade": "09"
      },
      {
        "Lon": 20.9944,
        "Time": "2017-05-14 00:21:29",
        "Lines": "N12",
        "Lat": 52.2412,
        "Brigade": "09"
      },
      {
        "Lon": 20.9944,
        "Time": "2017-05-14 00:21:39",
        "Lines": "N12",
        "Lat": 52.2412,
        "Brigade": "09"
      },
      {
        "Lon": 20.994,
        "Time": "2017-05-14 00:21:50",
        "Lines": "N12",
        "Lat": 52.2418,
        "Brigade": "09"
      },
      {
        "Lon": 20.9931,
        "Time": "2017-05-14 00:22:01",
        "Lines": "N12",
        "Lat": 52.2427,
        "Brigade": "09"
      },
      {
        "Lon": 20.9926,
        "Time": "2017-05-14 00:22:12",
        "Lines": "N12",
        "Lat": 52.2433,
        "Brigade": "09"
      },
      {
        "Lon": 20.9918,
        "Time": "2017-05-14 00:22:22",
        "Lines": "N12",
        "Lat": 52.2442,
        "Brigade": "09"
      },
      {
        "Lon": 20.9918,
        "Time": "2017-05-14 00:22:33",
        "Lines": "N12",
        "Lat": 52.2443,
        "Brigade": "09"
      },
      {
        "Lon": 20.9918,
        "Time": "2017-05-14 00:22:43",
        "Lines": "N12",
        "Lat": 52.2443,
        "Brigade": "09"
      },
      {
        "Lon": 20.9915,
        "Time": "2017-05-14 00:22:54",
        "Lines": "N12",
        "Lat": 52.2446,
        "Brigade": "09"
      },
      {
        "Lon": 20.9905,
        "Time": "2017-05-14 00:23:05",
        "Lines": "N12",
        "Lat": 52.2456,
        "Brigade": "09"
      },
      {
        "Lon": 20.9894,
        "Time": "2017-05-14 00:23:15",
        "Lines": "N12",
        "Lat": 52.2469,
        "Brigade": "09"
      },
      {
        "Lon": 20.9892,
        "Time": "2017-05-14 00:23:26",
        "Lines": "N12",
        "Lat": 52.2472,
        "Brigade": "09"
      },
      {
        "Lon": 20.9892,
        "Time": "2017-05-14 00:23:37",
        "Lines": "N12",
        "Lat": 52.2472,
        "Brigade": "09"
      },
      {
        "Lon": 20.9892,
        "Time": "2017-05-14 00:23:47",
        "Lines": "N12",
        "Lat": 52.2472,
        "Brigade": "09"
      },
      {
        "Lon": 20.989,
        "Time": "2017-05-14 00:23:58",
        "Lines": "N12",
        "Lat": 52.2474,
        "Brigade": "09"
      },
      {
        "Lon": 20.9886,
        "Time": "2017-05-14 00:24:09",
        "Lines": "N12",
        "Lat": 52.2479,
        "Brigade": "09"
      },
      {
        "Lon": 20.9886,
        "Time": "2017-05-14 00:24:19",
        "Lines": "N12",
        "Lat": 52.2479,
        "Brigade": "09"
      },
      {
        "Lon": 20.9881,
        "Time": "2017-05-14 00:24:30",
        "Lines": "N12",
        "Lat": 52.2485,
        "Brigade": "09"
      },
      {
        "Lon": 20.9869,
        "Time": "2017-05-14 00:24:42",
        "Lines": "N12",
        "Lat": 52.2498,
        "Brigade": "09"
      },
      {
        "Lon": 20.9859,
        "Time": "2017-05-14 00:24:52",
        "Lines": "N12",
        "Lat": 52.251,
        "Brigade": "09"
      },
      {
        "Lon": 20.9853,
        "Time": "2017-05-14 00:25:13",
        "Lines": "N12",
        "Lat": 52.2516,
        "Brigade": "09"
      },
      {
        "Lon": 20.9847,
        "Time": "2017-05-14 00:25:23",
        "Lines": "N12",
        "Lat": 52.2525,
        "Brigade": "09"
      },
      {
        "Lon": 20.9839,
        "Time": "2017-05-14 00:25:45",
        "Lines": "N12",
        "Lat": 52.2534,
        "Brigade": "09"
      },
      {
        "Lon": 20.9838,
        "Time": "2017-05-14 00:25:55",
        "Lines": "N12",
        "Lat": 52.2535,
        "Brigade": "09"
      },
      {
        "Lon": 20.9832,
        "Time": "2017-05-14 00:26:07",
        "Lines": "N12",
        "Lat": 52.2541,
        "Brigade": "09"
      },
      {
        "Lon": 20.9831,
        "Time": "2017-05-14 00:26:17",
        "Lines": "N12",
        "Lat": 52.2542,
        "Brigade": "09"
      },
      {
        "Lon": 20.9837,
        "Time": "2017-05-14 00:26:27",
        "Lines": "N12",
        "Lat": 52.2548,
        "Brigade": "09"
      },
      {
        "Lon": 20.9845,
        "Time": "2017-05-14 00:26:38",
        "Lines": "N12",
        "Lat": 52.2549,
        "Brigade": "09"
      },
      {
        "Lon": 20.9845,
        "Time": "2017-05-14 00:26:49",
        "Lines": "N12",
        "Lat": 52.2549,
        "Brigade": "09"
      },
      {
        "Lon": 20.9847,
        "Time": "2017-05-14 00:26:59",
        "Lines": "N12",
        "Lat": 52.255,
        "Brigade": "09"
      },
      {
        "Lon": 20.986,
        "Time": "2017-05-14 00:27:10",
        "Lines": "N12",
        "Lat": 52.2557,
        "Brigade": "09"
      },
      {
        "Lon": 20.9871,
        "Time": "2017-05-14 00:27:21",
        "Lines": "N12",
        "Lat": 52.2562,
        "Brigade": "09"
      },
      {
        "Lon": 20.9871,
        "Time": "2017-05-14 00:27:32",
        "Lines": "N12",
        "Lat": 52.2562,
        "Brigade": "09"
      },
      {
        "Lon": 20.9872,
        "Time": "2017-05-14 00:27:42",
        "Lines": "N12",
        "Lat": 52.2562,
        "Brigade": "09"
      },
      {
        "Lon": 20.9873,
        "Time": "2017-05-14 00:27:54",
        "Lines": "N12",
        "Lat": 52.2563,
        "Brigade": "09"
      },
      {
        "Lon": 20.9881,
        "Time": "2017-05-14 00:28:03",
        "Lines": "N12",
        "Lat": 52.2564,
        "Brigade": "09"
      },
      {
        "Lon": 20.9881,
        "Time": "2017-05-14 00:28:14",
        "Lines": "N12",
        "Lat": 52.2564,
        "Brigade": "09"
      },
      {
        "Lon": 20.9881,
        "Time": "2017-05-14 00:28:25",
        "Lines": "N12",
        "Lat": 52.2564,
        "Brigade": "09"
      },
      {
        "Lon": 20.9891,
        "Time": "2017-05-14 00:28:35",
        "Lines": "N12",
        "Lat": 52.2567,
        "Brigade": "09"
      },
      {
        "Lon": 20.9913,
        "Time": "2017-05-14 00:28:46",
        "Lines": "N12",
        "Lat": 52.2571,
        "Brigade": "09"
      },
      {
        "Lon": 20.9934,
        "Time": "2017-05-14 00:28:57",
        "Lines": "N12",
        "Lat": 52.2574,
        "Brigade": "09"
      },
      {
        "Lon": 20.9938,
        "Time": "2017-05-14 00:29:07",
        "Lines": "N12",
        "Lat": 52.2575,
        "Brigade": "09"
      },
      {
        "Lon": 20.9938,
        "Time": "2017-05-14 00:29:18",
        "Lines": "N12",
        "Lat": 52.2575,
        "Brigade": "09"
      },
      {
        "Lon": 20.9938,
        "Time": "2017-05-14 00:29:29",
        "Lines": "N12",
        "Lat": 52.2575,
        "Brigade": "09"
      },
      {
        "Lon": 20.994,
        "Time": "2017-05-14 00:29:39",
        "Lines": "N12",
        "Lat": 52.2576,
        "Brigade": "09"
      },
      {
        "Lon": 20.9956,
        "Time": "2017-05-14 00:29:50",
        "Lines": "N12",
        "Lat": 52.2581,
        "Brigade": "09"
      },
      {
        "Lon": 20.9977,
        "Time": "2017-05-14 00:30:01",
        "Lines": "N12",
        "Lat": 52.2584,
        "Brigade": "09"
      },
      {
        "Lon": 21.0003,
        "Time": "2017-05-14 00:30:12",
        "Lines": "N12",
        "Lat": 52.2586,
        "Brigade": "09"
      },
      {
        "Lon": 21.0024,
        "Time": "2017-05-14 00:30:22",
        "Lines": "N12",
        "Lat": 52.2585,
        "Brigade": "09"
      },
      {
        "Lon": 21.0034,
        "Time": "2017-05-14 00:30:33",
        "Lines": "N12",
        "Lat": 52.2587,
        "Brigade": "09"
      },
      {
        "Lon": 21.0035,
        "Time": "2017-05-14 00:30:43",
        "Lines": "N12",
        "Lat": 52.2587,
        "Brigade": "09"
      },
      {
        "Lon": 21.0035,
        "Time": "2017-05-14 00:30:54",
        "Lines": "N12",
        "Lat": 52.2587,
        "Brigade": "09"
      },
      {
        "Lon": 21.0056,
        "Time": "2017-05-14 00:31:15",
        "Lines": "N12",
        "Lat": 52.2594,
        "Brigade": "09"
      },
      {
        "Lon": 21.0075,
        "Time": "2017-05-14 00:31:26",
        "Lines": "N12",
        "Lat": 52.2601,
        "Brigade": "09"
      },
      {
        "Lon": 21.0096,
        "Time": "2017-05-14 00:31:37",
        "Lines": "N12",
        "Lat": 52.2607,
        "Brigade": "09"
      },
      {
        "Lon": 21.0118,
        "Time": "2017-05-14 00:31:47",
        "Lines": "N12",
        "Lat": 52.2614,
        "Brigade": "09"
      },
      {
        "Lon": 21.0138,
        "Time": "2017-05-14 00:31:58",
        "Lines": "N12",
        "Lat": 52.262,
        "Brigade": "09"
      },
      {
        "Lon": 21.0146,
        "Time": "2017-05-14 00:32:09",
        "Lines": "N12",
        "Lat": 52.2621,
        "Brigade": "09"
      },
      {
        "Lon": 21.0146,
        "Time": "2017-05-14 00:32:19",
        "Lines": "N12",
        "Lat": 52.2621,
        "Brigade": "09"
      },
      {
        "Lon": 21.0146,
        "Time": "2017-05-14 00:32:30",
        "Lines": "N12",
        "Lat": 52.2621,
        "Brigade": "09"
      },
      {
        "Lon": 21.0151,
        "Time": "2017-05-14 00:32:41",
        "Lines": "N12",
        "Lat": 52.2622,
        "Brigade": "09"
      },
      {
        "Lon": 21.0171,
        "Time": "2017-05-14 00:32:52",
        "Lines": "N12",
        "Lat": 52.2628,
        "Brigade": "09"
      },
      {
        "Lon": 21.0195,
        "Time": "2017-05-14 00:33:02",
        "Lines": "N12",
        "Lat": 52.2632,
        "Brigade": "09"
      },
      {
        "Lon": 21.0201,
        "Time": "2017-05-14 00:33:23",
        "Lines": "N12",
        "Lat": 52.2633,
        "Brigade": "09"
      },
      {
        "Lon": 21.0201,
        "Time": "2017-05-14 00:33:34",
        "Lines": "N12",
        "Lat": 52.2634,
        "Brigade": "09"
      },
      {
        "Lon": 21.0201,
        "Time": "2017-05-14 00:33:45",
        "Lines": "N12",
        "Lat": 52.2634,
        "Brigade": "09"
      },
      {
        "Lon": 21.0201,
        "Time": "2017-05-14 00:33:55",
        "Lines": "N12",
        "Lat": 52.2634,
        "Brigade": "09"
      },
      {
        "Lon": 21.0204,
        "Time": "2017-05-14 00:34:06",
        "Lines": "N12",
        "Lat": 52.2634,
        "Brigade": "09"
      },
      {
        "Lon": 21.0214,
        "Time": "2017-05-14 00:34:17",
        "Lines": "N12",
        "Lat": 52.2634,
        "Brigade": "09"
      },
      {
        "Lon": 21.0223,
        "Time": "2017-05-14 00:34:27",
        "Lines": "N12",
        "Lat": 52.2638,
        "Brigade": "09"
      },
      {
        "Lon": 21.0232,
        "Time": "2017-05-14 00:34:38",
        "Lines": "N12",
        "Lat": 52.2642,
        "Brigade": "09"
      },
      {
        "Lon": 21.0233,
        "Time": "2017-05-14 00:34:49",
        "Lines": "N12",
        "Lat": 52.2642,
        "Brigade": "09"
      },
      {
        "Lon": 21.0239,
        "Time": "2017-05-14 00:34:59",
        "Lines": "N12",
        "Lat": 52.2645,
        "Brigade": "09"
      },
      {
        "Lon": 21.0257,
        "Time": "2017-05-14 00:35:10",
        "Lines": "N12",
        "Lat": 52.2652,
        "Brigade": "09"
      },
      {
        "Lon": 21.0279,
        "Time": "2017-05-14 00:35:22",
        "Lines": "N12",
        "Lat": 52.2659,
        "Brigade": "09"
      },
      {
        "Lon": 21.0302,
        "Time": "2017-05-14 00:35:31",
        "Lines": "N12",
        "Lat": 52.2665,
        "Brigade": "09"
      },
      {
        "Lon": 21.0314,
        "Time": "2017-05-14 00:35:53",
        "Lines": "N12",
        "Lat": 52.2669,
        "Brigade": "09"
      },
      {
        "Lon": 21.0314,
        "Time": "2017-05-14 00:36:03",
        "Lines": "N12",
        "Lat": 52.2669,
        "Brigade": "09"
      },
      {
        "Lon": 21.0325,
        "Time": "2017-05-14 00:36:14",
        "Lines": "N12",
        "Lat": 52.2673,
        "Brigade": "09"
      },
      {
        "Lon": 21.0346,
        "Time": "2017-05-14 00:36:25",
        "Lines": "N12",
        "Lat": 52.2676,
        "Brigade": "09"
      },
      {
        "Lon": 21.0366,
        "Time": "2017-05-14 00:36:35",
        "Lines": "N12",
        "Lat": 52.268,
        "Brigade": "09"
      },
      {
        "Lon": 21.0371,
        "Time": "2017-05-14 00:36:46",
        "Lines": "N12",
        "Lat": 52.2682,
        "Brigade": "09"
      },
      {
        "Lon": 21.0371,
        "Time": "2017-05-14 00:36:57",
        "Lines": "N12",
        "Lat": 52.2684,
        "Brigade": "09"
      },
      {
        "Lon": 21.0372,
        "Time": "2017-05-14 00:37:07",
        "Lines": "N12",
        "Lat": 52.2685,
        "Brigade": "09"
      },
      {
        "Lon": 21.0376,
        "Time": "2017-05-14 00:37:18",
        "Lines": "N12",
        "Lat": 52.2686,
        "Brigade": "09"
      },
      {
        "Lon": 21.0384,
        "Time": "2017-05-14 00:37:29",
        "Lines": "N12",
        "Lat": 52.269,
        "Brigade": "09"
      },
      {
        "Lon": 21.0389,
        "Time": "2017-05-14 00:37:39",
        "Lines": "N12",
        "Lat": 52.2693,
        "Brigade": "09"
      },
      {
        "Lon": 21.039,
        "Time": "2017-05-14 00:37:50",
        "Lines": "N12",
        "Lat": 52.2692,
        "Brigade": "09"
      },
      {
        "Lon": 21.039,
        "Time": "2017-05-14 00:38:01",
        "Lines": "N12",
        "Lat": 52.2693,
        "Brigade": "09"
      },
      {
        "Lon": 21.0405,
        "Time": "2017-05-14 00:38:11",
        "Lines": "N12",
        "Lat": 52.2696,
        "Brigade": "09"
      },
      {
        "Lon": 21.0417,
        "Time": "2017-05-14 00:38:22",
        "Lines": "N12",
        "Lat": 52.2706,
        "Brigade": "09"
      },
      {
        "Lon": 21.042,
        "Time": "2017-05-14 00:38:33",
        "Lines": "N12",
        "Lat": 52.2711,
        "Brigade": "09"
      },
      {
        "Lon": 21.042,
        "Time": "2017-05-14 00:38:43",
        "Lines": "N12",
        "Lat": 52.2711,
        "Brigade": "09"
      },
      {
        "Lon": 21.0422,
        "Time": "2017-05-14 00:38:54",
        "Lines": "N12",
        "Lat": 52.2716,
        "Brigade": "09"
      },
      {
        "Lon": 21.0428,
        "Time": "2017-05-14 00:39:05",
        "Lines": "N12",
        "Lat": 52.2728,
        "Brigade": "09"
      },
      {
        "Lon": 21.043,
        "Time": "2017-05-14 00:39:16",
        "Lines": "N12",
        "Lat": 52.2742,
        "Brigade": "09"
      },
      {
        "Lon": 21.0431,
        "Time": "2017-05-14 00:39:27",
        "Lines": "N12",
        "Lat": 52.2745,
        "Brigade": "09"
      },
      {
        "Lon": 21.0431,
        "Time": "2017-05-14 00:39:37",
        "Lines": "N12",
        "Lat": 52.2745,
        "Brigade": "09"
      },
      {
        "Lon": 21.0431,
        "Time": "2017-05-14 00:39:48",
        "Lines": "N12",
        "Lat": 52.2753,
        "Brigade": "09"
      },
      {
        "Lon": 21.0433,
        "Time": "2017-05-14 00:39:59",
        "Lines": "N12",
        "Lat": 52.2761,
        "Brigade": "09"
      },
      {
        "Lon": 21.0449,
        "Time": "2017-05-14 00:40:09",
        "Lines": "N12",
        "Lat": 52.2761,
        "Brigade": "09"
      },
      {
        "Lon": 21.0469,
        "Time": "2017-05-14 00:40:19",
        "Lines": "N12",
        "Lat": 52.2762,
        "Brigade": "09"
      },
      {
        "Lon": 21.0472,
        "Time": "2017-05-14 00:40:30",
        "Lines": "N12",
        "Lat": 52.2762,
        "Brigade": "09"
      },
      {
        "Lon": 21.0478,
        "Time": "2017-05-14 00:40:41",
        "Lines": "N12",
        "Lat": 52.2763,
        "Brigade": "09"
      },
      {
        "Lon": 21.05,
        "Time": "2017-05-14 00:40:51",
        "Lines": "N12",
        "Lat": 52.2765,
        "Brigade": "09"
      },
      {
        "Lon": 21.0521,
        "Time": "2017-05-14 00:41:02",
        "Lines": "N12",
        "Lat": 52.2764,
        "Brigade": "09"
      },
      {
        "Lon": 21.0534,
        "Time": "2017-05-14 00:41:14",
        "Lines": "N12",
        "Lat": 52.2761,
        "Brigade": "09"
      },
      {
        "Lon": 21.0533,
        "Time": "2017-05-14 00:41:23",
        "Lines": "N12",
        "Lat": 52.2766,
        "Brigade": "09"
      },
      {
        "Lon": 21.0528,
        "Time": "2017-05-14 00:41:45",
        "Lines": "N12",
        "Lat": 52.2768,
        "Brigade": "09"
      },
      {
        "Lon": 21.0528,
        "Time": "2017-05-14 00:41:55",
        "Lines": "N12",
        "Lat": 52.2768,
        "Brigade": "09"
      },
      {
        "Lon": 21.0528,
        "Time": "2017-05-14 00:42:06",
        "Lines": "N12",
        "Lat": 52.2768,
        "Brigade": "09"
      },
      {
        "Lon": 21.0528,
        "Time": "2017-05-14 00:42:17",
        "Lines": "N12",
        "Lat": 52.2767,
        "Brigade": "09"
      },
      {
        "Lon": 21.0528,
        "Time": "2017-05-14 00:42:27",
        "Lines": "N12",
        "Lat": 52.2767,
        "Brigade": "09"
      },
      {
        "Lon": 21.0528,
        "Time": "2017-05-14 00:42:38",
        "Lines": "N12",
        "Lat": 52.2767,
        "Brigade": "09"
      },
      {
        "Lon": 21.0528,
        "Time": "2017-05-14 00:42:49",
        "Lines": "N12",
        "Lat": 52.2767,
        "Brigade": "09"
      },
      {
        "Lon": 21.0529,
        "Time": "2017-05-14 00:42:59",
        "Lines": "N12",
        "Lat": 52.2767,
        "Brigade": "09"
      },
      {
        "Lon": 21.0521,
        "Time": "2017-05-14 00:43:10",
        "Lines": "N12",
        "Lat": 52.2768,
        "Brigade": "09"
      },
      {
        "Lon": 21.0516,
        "Time": "2017-05-14 00:43:21",
        "Lines": "N12",
        "Lat": 52.2765,
        "Brigade": "09"
      },
      {
        "Lon": 21.0499,
        "Time": "2017-05-14 00:43:32",
        "Lines": "N12",
        "Lat": 52.2764,
        "Brigade": "09"
      },
      {
        "Lon": 21.0471,
        "Time": "2017-05-14 00:43:42",
        "Lines": "N12",
        "Lat": 52.2762,
        "Brigade": "09"
      },
      {
        "Lon": 21.0445,
        "Time": "2017-05-14 00:43:53",
        "Lines": "N12",
        "Lat": 52.276,
        "Brigade": "09"
      },
      {
        "Lon": 21.043,
        "Time": "2017-05-14 00:44:03",
        "Lines": "N12",
        "Lat": 52.276,
        "Brigade": "09"
      },
      {
        "Lon": 21.0429,
        "Time": "2017-05-14 00:44:14",
        "Lines": "N12",
        "Lat": 52.2751,
        "Brigade": "09"
      },
      {
        "Lon": 21.0429,
        "Time": "2017-05-14 00:44:25",
        "Lines": "N12",
        "Lat": 52.2736,
        "Brigade": "09"
      },
      {
        "Lon": 21.0422,
        "Time": "2017-05-14 00:44:36",
        "Lines": "N12",
        "Lat": 52.2717,
        "Brigade": "09"
      },
      {
        "Lon": 21.0392,
        "Time": "2017-05-14 00:44:57",
        "Lines": "N12",
        "Lat": 52.2695,
        "Brigade": "09"
      },
      {
        "Lon": 21.0378,
        "Time": "2017-05-14 00:45:07",
        "Lines": "N12",
        "Lat": 52.2691,
        "Brigade": "09"
      },
      {
        "Lon": 21.0378,
        "Time": "2017-05-14 00:45:18",
        "Lines": "N12",
        "Lat": 52.2691,
        "Brigade": "09"
      },
      {
        "Lon": 21.0378,
        "Time": "2017-05-14 00:45:29",
        "Lines": "N12",
        "Lat": 52.2691,
        "Brigade": "09"
      },
      {
        "Lon": 21.0378,
        "Time": "2017-05-14 00:45:39",
        "Lines": "N12",
        "Lat": 52.2691,
        "Brigade": "09"
      },
      {
        "Lon": 21.0378,
        "Time": "2017-05-14 00:45:50",
        "Lines": "N12",
        "Lat": 52.2691,
        "Brigade": "09"
      },
      {
        "Lon": 21.0378,
        "Time": "2017-05-14 00:46:01",
        "Lines": "N12",
        "Lat": 52.2691,
        "Brigade": "09"
      },
      {
        "Lon": 21.0375,
        "Time": "2017-05-14 00:46:11",
        "Lines": "N12",
        "Lat": 52.269,
        "Brigade": "09"
      },
      {
        "Lon": 21.0365,
        "Time": "2017-05-14 00:46:22",
        "Lines": "N12",
        "Lat": 52.2683,
        "Brigade": "09"
      },
      {
        "Lon": 21.0342,
        "Time": "2017-05-14 00:46:33",
        "Lines": "N12",
        "Lat": 52.2677,
        "Brigade": "09"
      },
      {
        "Lon": 21.0307,
        "Time": "2017-05-14 00:46:54",
        "Lines": "N12",
        "Lat": 52.267,
        "Brigade": "09"
      },
      {
        "Lon": 21.0306,
        "Time": "2017-05-14 00:47:05",
        "Lines": "N12",
        "Lat": 52.267,
        "Brigade": "09"
      },
      {
        "Lon": 21.0295,
        "Time": "2017-05-14 00:47:15",
        "Lines": "N12",
        "Lat": 52.2667,
        "Brigade": "09"
      },
      {
        "Lon": 21.0244,
        "Time": "2017-05-14 00:47:37",
        "Lines": "N12",
        "Lat": 52.2651,
        "Brigade": "09"
      },
      {
        "Lon": 21.022,
        "Time": "2017-05-14 00:47:47",
        "Lines": "N12",
        "Lat": 52.2641,
        "Brigade": "09"
      },
      {
        "Lon": 21.0201,
        "Time": "2017-05-14 00:47:58",
        "Lines": "N12",
        "Lat": 52.2636,
        "Brigade": "09"
      },
      {
        "Lon": 21.0176,
        "Time": "2017-05-14 00:48:09",
        "Lines": "N12",
        "Lat": 52.2633,
        "Brigade": "09"
      },
      {
        "Lon": 21.0119,
        "Time": "2017-05-14 00:48:30",
        "Lines": "N12",
        "Lat": 52.2615,
        "Brigade": "09"
      },
      {
        "Lon": 21.0087,
        "Time": "2017-05-14 00:48:41",
        "Lines": "N12",
        "Lat": 52.2606,
        "Brigade": "09"
      },
      {
        "Lon": 21.0063,
        "Time": "2017-05-14 00:48:52",
        "Lines": "N12",
        "Lat": 52.2599,
        "Brigade": "09"
      },
      {
        "Lon": 21.0022,
        "Time": "2017-05-14 00:49:02",
        "Lines": "N12",
        "Lat": 52.2589,
        "Brigade": "09"
      },
      {
        "Lon": 20.9987,
        "Time": "2017-05-14 00:49:13",
        "Lines": "N12",
        "Lat": 52.2587,
        "Brigade": "09"
      },
      {
        "Lon": 20.9951,
        "Time": "2017-05-14 00:49:23",
        "Lines": "N12",
        "Lat": 52.2582,
        "Brigade": "09"
      },
      {
        "Lon": 20.9915,
        "Time": "2017-05-14 00:49:34",
        "Lines": "N12",
        "Lat": 52.2573,
        "Brigade": "09"
      },
      {
        "Lon": 20.9881,
        "Time": "2017-05-14 00:49:45",
        "Lines": "N12",
        "Lat": 52.2567,
        "Brigade": "09"
      },
      {
        "Lon": 20.9861,
        "Time": "2017-05-14 00:49:56",
        "Lines": "N12",
        "Lat": 52.2562,
        "Brigade": "09"
      },
      {
        "Lon": 20.986,
        "Time": "2017-05-14 00:50:06",
        "Lines": "N12",
        "Lat": 52.2562,
        "Brigade": "09"
      },
      {
        "Lon": 20.9855,
        "Time": "2017-05-14 00:50:17",
        "Lines": "N12",
        "Lat": 52.2559,
        "Brigade": "09"
      },
      {
        "Lon": 20.9839,
        "Time": "2017-05-14 00:50:27",
        "Lines": "N12",
        "Lat": 52.2551,
        "Brigade": "09"
      },
      {
        "Lon": 20.9835,
        "Time": "2017-05-14 00:50:38",
        "Lines": "N12",
        "Lat": 52.255,
        "Brigade": "09"
      },
      {
        "Lon": 20.9835,
        "Time": "2017-05-14 00:50:49",
        "Lines": "N12",
        "Lat": 52.255,
        "Brigade": "09"
      },
      {
        "Lon": 20.9835,
        "Time": "2017-05-14 00:51:00",
        "Lines": "N12",
        "Lat": 52.255,
        "Brigade": "09"
      },
      {
        "Lon": 20.9835,
        "Time": "2017-05-14 00:51:10",
        "Lines": "N12",
        "Lat": 52.255,
        "Brigade": "09"
      },
      {
        "Lon": 20.9835,
        "Time": "2017-05-14 00:51:21",
        "Lines": "N12",
        "Lat": 52.255,
        "Brigade": "09"
      },
      {
        "Lon": 20.9825,
        "Time": "2017-05-14 00:51:31",
        "Lines": "N12",
        "Lat": 52.2552,
        "Brigade": "09"
      },
      {
        "Lon": 20.9817,
        "Time": "2017-05-14 00:51:42",
        "Lines": "N12",
        "Lat": 52.2546,
        "Brigade": "09"
      },
      {
        "Lon": 20.9828,
        "Time": "2017-05-14 00:51:53",
        "Lines": "N12",
        "Lat": 52.2541,
        "Brigade": "09"
      },
      {
        "Lon": 20.9836,
        "Time": "2017-05-14 00:52:03",
        "Lines": "N12",
        "Lat": 52.253,
        "Brigade": "09"
      },
      {
        "Lon": 20.9838,
        "Time": "2017-05-14 00:52:25",
        "Lines": "N12",
        "Lat": 52.2529,
        "Brigade": "09"
      },
      {
        "Lon": 20.9845,
        "Time": "2017-05-14 00:52:35",
        "Lines": "N12",
        "Lat": 52.2521,
        "Brigade": "09"
      },
      {
        "Lon": 20.9852,
        "Time": "2017-05-14 00:52:46",
        "Lines": "N12",
        "Lat": 52.2513,
        "Brigade": "09"
      },
      {
        "Lon": 20.9853,
        "Time": "2017-05-14 00:52:57",
        "Lines": "N12",
        "Lat": 52.2512,
        "Brigade": "09"
      },
      {
        "Lon": 20.9858,
        "Time": "2017-05-14 00:53:07",
        "Lines": "N12",
        "Lat": 52.2507,
        "Brigade": "09"
      },
      {
        "Lon": 20.986,
        "Time": "2017-05-14 00:53:18",
        "Lines": "N12",
        "Lat": 52.2505,
        "Brigade": "09"
      },
      {
        "Lon": 20.9861,
        "Time": "2017-05-14 00:53:29",
        "Lines": "N12",
        "Lat": 52.2504,
        "Brigade": "09"
      },
      {
        "Lon": 20.987,
        "Time": "2017-05-14 00:53:39",
        "Lines": "N12",
        "Lat": 52.2494,
        "Brigade": "09"
      },
      {
        "Lon": 20.989,
        "Time": "2017-05-14 00:54:15",
        "Lines": "N12",
        "Lat": 52.247,
        "Brigade": "09"
      },
      {
        "Lon": 20.9891,
        "Time": "2017-05-14 00:54:36",
        "Lines": "N12",
        "Lat": 52.2469,
        "Brigade": "09"
      },
      {
        "Lon": 20.9894,
        "Time": "2017-05-14 00:54:47",
        "Lines": "N12",
        "Lat": 52.2466,
        "Brigade": "09"
      },
      {
        "Lon": 20.9903,
        "Time": "2017-05-14 00:54:57",
        "Lines": "N12",
        "Lat": 52.2455,
        "Brigade": "09"
      },
      {
        "Lon": 20.9912,
        "Time": "2017-05-14 00:55:08",
        "Lines": "N12",
        "Lat": 52.2443,
        "Brigade": "09"
      },
      {
        "Lon": 20.9914,
        "Time": "2017-05-14 00:55:19",
        "Lines": "N12",
        "Lat": 52.2442,
        "Brigade": "09"
      },
      {
        "Lon": 20.9914,
        "Time": "2017-05-14 00:55:30",
        "Lines": "N12",
        "Lat": 52.2441,
        "Brigade": "09"
      },
      {
        "Lon": 20.9921,
        "Time": "2017-05-14 00:55:40",
        "Lines": "N12",
        "Lat": 52.2433,
        "Brigade": "09"
      },
      {
        "Lon": 20.9928,
        "Time": "2017-05-14 00:55:51",
        "Lines": "N12",
        "Lat": 52.2426,
        "Brigade": "09"
      },
      {
        "Lon": 20.9931,
        "Time": "2017-05-14 00:56:01",
        "Lines": "N12",
        "Lat": 52.2422,
        "Brigade": "09"
      },
      {
        "Lon": 20.9931,
        "Time": "2017-05-14 00:56:12",
        "Lines": "N12",
        "Lat": 52.2422,
        "Brigade": "09"
      },
      {
        "Lon": 20.9931,
        "Time": "2017-05-14 00:56:23",
        "Lines": "N12",
        "Lat": 52.2422,
        "Brigade": "09"
      },
      {
        "Lon": 20.9931,
        "Time": "2017-05-14 00:56:33",
        "Lines": "N12",
        "Lat": 52.2422,
        "Brigade": "09"
      },
      {
        "Lon": 20.9932,
        "Time": "2017-05-14 00:56:44",
        "Lines": "N12",
        "Lat": 52.2421,
        "Brigade": "09"
      },
      {
        "Lon": 20.9939,
        "Time": "2017-05-14 00:56:55",
        "Lines": "N12",
        "Lat": 52.2414,
        "Brigade": "09"
      },
      {
        "Lon": 20.994,
        "Time": "2017-05-14 00:57:05",
        "Lines": "N12",
        "Lat": 52.2413,
        "Brigade": "09"
      },
      {
        "Lon": 20.9941,
        "Time": "2017-05-14 00:57:16",
        "Lines": "N12",
        "Lat": 52.2411,
        "Brigade": "09"
      },
      {
        "Lon": 20.9947,
        "Time": "2017-05-14 00:57:27",
        "Lines": "N12",
        "Lat": 52.2405,
        "Brigade": "09"
      },
      {
        "Lon": 20.9957,
        "Time": "2017-05-14 00:57:37",
        "Lines": "N12",
        "Lat": 52.2393,
        "Brigade": "09"
      },
      {
        "Lon": 20.996,
        "Time": "2017-05-14 00:57:48",
        "Lines": "N12",
        "Lat": 52.2385,
        "Brigade": "09"
      },
      {
        "Lon": 20.996,
        "Time": "2017-05-14 00:57:59",
        "Lines": "N12",
        "Lat": 52.2383,
        "Brigade": "09"
      },
      {
        "Lon": 20.9965,
        "Time": "2017-05-14 00:58:10",
        "Lines": "N12",
        "Lat": 52.2373,
        "Brigade": "09"
      },
      {
        "Lon": 20.9969,
        "Time": "2017-05-14 00:58:31",
        "Lines": "N12",
        "Lat": 52.2363,
        "Brigade": "09"
      },
      {
        "Lon": 20.9968,
        "Time": "2017-05-14 00:58:42",
        "Lines": "N12",
        "Lat": 52.2362,
        "Brigade": "09"
      },
      {
        "Lon": 20.9968,
        "Time": "2017-05-14 00:58:53",
        "Lines": "N12",
        "Lat": 52.2361,
        "Brigade": "09"
      },
      {
        "Lon": 20.9967,
        "Time": "2017-05-14 00:59:03",
        "Lines": "N12",
        "Lat": 52.236,
        "Brigade": "09"
      },
      {
        "Lon": 20.9966,
        "Time": "2017-05-14 00:59:14",
        "Lines": "N12",
        "Lat": 52.2358,
        "Brigade": "09"
      },
      {
        "Lon": 20.9971,
        "Time": "2017-05-14 00:59:25",
        "Lines": "N12",
        "Lat": 52.2349,
        "Brigade": "09"
      },
      {
        "Lon": 20.9978,
        "Time": "2017-05-14 00:59:36",
        "Lines": "N12",
        "Lat": 52.2336,
        "Brigade": "09"
      },
      {
        "Lon": 20.9985,
        "Time": "2017-05-14 00:59:46",
        "Lines": "N12",
        "Lat": 52.2325,
        "Brigade": "09"
      },
      {
        "Lon": 20.9994,
        "Time": "2017-05-14 00:59:57",
        "Lines": "N12",
        "Lat": 52.2314,
        "Brigade": "09"
      },
      {
        "Lon": 21.0003,
        "Time": "2017-05-14 01:00:29",
        "Lines": "N12",
        "Lat": 52.2303,
        "Brigade": "09"
      },
      {
        "Lon": 21.0019,
        "Time": "2017-05-14 01:00:50",
        "Lines": "N12",
        "Lat": 52.2291,
        "Brigade": "09"
      },
      {
        "Lon": 21.0025,
        "Time": "2017-05-14 01:01:01",
        "Lines": "N12",
        "Lat": 52.2292,
        "Brigade": "09"
      },
      {
        "Lon": 21.0026,
        "Time": "2017-05-14 01:01:11",
        "Lines": "N12",
        "Lat": 52.2292,
        "Brigade": "09"
      },
      {
        "Lon": 21.0026,
        "Time": "2017-05-14 01:01:22",
        "Lines": "N12",
        "Lat": 52.2292,
        "Brigade": "09"
      },
      {
        "Lon": 21.0026,
        "Time": "2017-05-14 01:01:33",
        "Lines": "N12",
        "Lat": 52.2292,
        "Brigade": "09"
      },
      {
        "Lon": 21.0027,
        "Time": "2017-05-14 01:01:43",
        "Lines": "N12",
        "Lat": 52.2292,
        "Brigade": "09"
      },
      {
        "Lon": 21.0027,
        "Time": "2017-05-14 01:01:54",
        "Lines": "N12",
        "Lat": 52.2293,
        "Brigade": "09"
      },
      {
        "Lon": 21.0028,
        "Time": "2017-05-14 01:02:05",
        "Lines": "N12",
        "Lat": 52.2293,
        "Brigade": "09"
      },
      {
        "Lon": 21.004,
        "Time": "2017-05-14 01:02:26",
        "Lines": "N12",
        "Lat": 52.2295,
        "Brigade": "09"
      },
      {
        "Lon": 21.0039,
        "Time": "2017-05-14 01:02:37",
        "Lines": "N12",
        "Lat": 52.2296,
        "Brigade": "09"
      },
      {
        "Lon": 21.0039,
        "Time": "2017-05-14 01:02:47",
        "Lines": "N12",
        "Lat": 52.2296,
        "Brigade": "09"
      },
      {
        "Lon": 21.004,
        "Time": "2017-05-14 01:02:58",
        "Lines": "N12",
        "Lat": 52.2296,
        "Brigade": "09"
      },
      {
        "Lon": 21.004,
        "Time": "2017-05-14 01:03:09",
        "Lines": "N12",
        "Lat": 52.2296,
        "Brigade": "09"
      },
      {
        "Lon": 21.004,
        "Time": "2017-05-14 01:03:19",
        "Lines": "N12",
        "Lat": 52.2296,
        "Brigade": "09"
      },
      {
        "Lon": 21.004,
        "Time": "2017-05-14 01:03:30",
        "Lines": "N12",
        "Lat": 52.2296,
        "Brigade": "09"
      },
      {
        "Lon": 21.004,
        "Time": "2017-05-14 01:03:41",
        "Lines": "N12",
        "Lat": 52.2296,
        "Brigade": "09"
      },
      {
        "Lon": 21.004,
        "Time": "2017-05-14 01:03:51",
        "Lines": "N12",
        "Lat": 52.2296,
        "Brigade": "09"
      },
      {
        "Lon": 21.004,
        "Time": "2017-05-14 01:04:02",
        "Lines": "N12",
        "Lat": 52.2296,
        "Brigade": "09"
      },
      {
        "Lon": 21.004,
        "Time": "2017-05-14 01:04:13",
        "Lines": "N12",
        "Lat": 52.2296,
        "Brigade": "09"
      },
      {
        "Lon": 21.004,
        "Time": "2017-05-14 01:04:23",
        "Lines": "N12",
        "Lat": 52.2296,
        "Brigade": "09"
      },
      {
        "Lon": 21.004,
        "Time": "2017-05-14 01:04:34",
        "Lines": "N12",
        "Lat": 52.2296,
        "Brigade": "09"
      },
      {
        "Lon": 21.004,
        "Time": "2017-05-14 01:04:45",
        "Lines": "N12",
        "Lat": 52.2296,
        "Brigade": "09"
      },
      {
        "Lon": 21.004,
        "Time": "2017-05-14 01:04:55",
        "Lines": "N12",
        "Lat": 52.2296,
        "Brigade": "09"
      },
      {
        "Lon": 21.004,
        "Time": "2017-05-14 01:05:06",
        "Lines": "N12",
        "Lat": 52.2296,
        "Brigade": "09"
      },
      {
        "Lon": 21.004,
        "Time": "2017-05-14 01:05:17",
        "Lines": "N12",
        "Lat": 52.2296,
        "Brigade": "09"
      },
      {
        "Lon": 21.004,
        "Time": "2017-05-14 01:05:27",
        "Lines": "N12",
        "Lat": 52.2296,
        "Brigade": "09"
      },
      {
        "Lon": 21.004,
        "Time": "2017-05-14 01:05:38",
        "Lines": "N12",
        "Lat": 52.2296,
        "Brigade": "09"
      },
      {
        "Lon": 21.004,
        "Time": "2017-05-14 01:05:48",
        "Lines": "N12",
        "Lat": 52.2296,
        "Brigade": "09"
      },
      {
        "Lon": 21.0039,
        "Time": "2017-05-14 01:06:10",
        "Lines": "N12",
        "Lat": 52.2296,
        "Brigade": "09"
      },
      {
        "Lon": 21.0039,
        "Time": "2017-05-14 01:06:20",
        "Lines": "N12",
        "Lat": 52.2296,
        "Brigade": "09"
      },
      {
        "Lon": 21.0039,
        "Time": "2017-05-14 01:06:31",
        "Lines": "N12",
        "Lat": 52.2296,
        "Brigade": "09"
      },
      {
        "Lon": 21.0039,
        "Time": "2017-05-14 01:06:42",
        "Lines": "N12",
        "Lat": 52.2295,
        "Brigade": "09"
      },
      {
        "Lon": 21.0039,
        "Time": "2017-05-14 01:06:53",
        "Lines": "N12",
        "Lat": 52.2295,
        "Brigade": "09"
      },
      {
        "Lon": 21.0039,
        "Time": "2017-05-14 01:07:03",
        "Lines": "N12",
        "Lat": 52.2295,
        "Brigade": "09"
      },
      {
        "Lon": 21.0039,
        "Time": "2017-05-14 01:07:14",
        "Lines": "N12",
        "Lat": 52.2295,
        "Brigade": "09"
      },
      {
        "Lon": 21.0039,
        "Time": "2017-05-14 01:07:24",
        "Lines": "N12",
        "Lat": 52.2295,
        "Brigade": "09"
      },
      {
        "Lon": 21.0039,
        "Time": "2017-05-14 01:07:35",
        "Lines": "N12",
        "Lat": 52.2295,
        "Brigade": "09"
      },
      {
        "Lon": 21.004,
        "Time": "2017-05-14 01:07:46",
        "Lines": "N12",
        "Lat": 52.2295,
        "Brigade": "09"
      },
      {
        "Lon": 21.004,
        "Time": "2017-05-14 01:07:56",
        "Lines": "N12",
        "Lat": 52.2295,
        "Brigade": "09"
      },
      {
        "Lon": 21.004,
        "Time": "2017-05-14 01:08:07",
        "Lines": "N12",
        "Lat": 52.2295,
        "Brigade": "09"
      },
      {
        "Lon": 21.004,
        "Time": "2017-05-14 01:08:18",
        "Lines": "N12",
        "Lat": 52.2296,
        "Brigade": "09"
      },
      {
        "Lon": 21.004,
        "Time": "2017-05-14 01:08:29",
        "Lines": "N12",
        "Lat": 52.2296,
        "Brigade": "09"
      },
      {
        "Lon": 21.004,
        "Time": "2017-05-14 01:08:39",
        "Lines": "N12",
        "Lat": 52.2296,
        "Brigade": "09"
      },
      {
        "Lon": 21.004,
        "Time": "2017-05-14 01:08:50",
        "Lines": "N12",
        "Lat": 52.2296,
        "Brigade": "09"
      },
      {
        "Lon": 21.004,
        "Time": "2017-05-14 01:09:01",
        "Lines": "N12",
        "Lat": 52.2296,
        "Brigade": "09"
      },
      {
        "Lon": 21.004,
        "Time": "2017-05-14 01:09:11",
        "Lines": "N12",
        "Lat": 52.2296,
        "Brigade": "09"
      },
      {
        "Lon": 21.004,
        "Time": "2017-05-14 01:09:22",
        "Lines": "N12",
        "Lat": 52.2296,
        "Brigade": "09"
      },
      {
        "Lon": 21.004,
        "Time": "2017-05-14 01:09:32",
        "Lines": "N12",
        "Lat": 52.2296,
        "Brigade": "09"
      },
      {
        "Lon": 21.004,
        "Time": "2017-05-14 01:09:43",
        "Lines": "N12",
        "Lat": 52.2296,
        "Brigade": "09"
      },
      {
        "Lon": 21.004,
        "Time": "2017-05-14 01:09:54",
        "Lines": "N12",
        "Lat": 52.2296,
        "Brigade": "09"
      },
      {
        "Lon": 21.004,
        "Time": "2017-05-14 01:10:05",
        "Lines": "N12",
        "Lat": 52.2296,
        "Brigade": "09"
      },
      {
        "Lon": 21.004,
        "Time": "2017-05-14 01:10:26",
        "Lines": "N12",
        "Lat": 52.2296,
        "Brigade": "09"
      },
      {
        "Lon": 21.004,
        "Time": "2017-05-14 01:10:36",
        "Lines": "N12",
        "Lat": 52.2296,
        "Brigade": "09"
      },
      {
        "Lon": 21.004,
        "Time": "2017-05-14 01:10:58",
        "Lines": "N12",
        "Lat": 52.2295,
        "Brigade": "09"
      },
      {
        "Lon": 21.004,
        "Time": "2017-05-14 01:11:09",
        "Lines": "N12",
        "Lat": 52.2296,
        "Brigade": "09"
      },
      {
        "Lon": 21.004,
        "Time": "2017-05-14 01:11:19",
        "Lines": "N12",
        "Lat": 52.2295,
        "Brigade": "09"
      },
      {
        "Lon": 21.004,
        "Time": "2017-05-14 01:11:30",
        "Lines": "N12",
        "Lat": 52.2295,
        "Brigade": "09"
      },
      {
        "Lon": 21.004,
        "Time": "2017-05-14 01:11:41",
        "Lines": "N12",
        "Lat": 52.2295,
        "Brigade": "09"
      },
      {
        "Lon": 21.004,
        "Time": "2017-05-14 01:11:51",
        "Lines": "N12",
        "Lat": 52.2296,
        "Brigade": "09"
      },
      {
        "Lon": 21.004,
        "Time": "2017-05-14 01:12:02",
        "Lines": "N12",
        "Lat": 52.2296,
        "Brigade": "09"
      },
      {
        "Lon": 21.004,
        "Time": "2017-05-14 01:12:13",
        "Lines": "N12",
        "Lat": 52.2296,
        "Brigade": "09"
      },
      {
        "Lon": 21.0041,
        "Time": "2017-05-14 01:12:23",
        "Lines": "N12",
        "Lat": 52.2296,
        "Brigade": "09"
      },
      {
        "Lon": 21.0041,
        "Time": "2017-05-14 01:12:34",
        "Lines": "N12",
        "Lat": 52.2296,
        "Brigade": "09"
      },
      {
        "Lon": 21.0041,
        "Time": "2017-05-14 01:12:44",
        "Lines": "N12",
        "Lat": 52.2296,
        "Brigade": "09"
      },
      {
        "Lon": 21.0041,
        "Time": "2017-05-14 01:12:55",
        "Lines": "N12",
        "Lat": 52.2296,
        "Brigade": "09"
      },
      {
        "Lon": 21.0041,
        "Time": "2017-05-14 01:13:06",
        "Lines": "N12",
        "Lat": 52.2296,
        "Brigade": "09"
      },
      {
        "Lon": 21.0041,
        "Time": "2017-05-14 01:13:16",
        "Lines": "N12",
        "Lat": 52.2296,
        "Brigade": "09"
      },
      {
        "Lon": 21.0041,
        "Time": "2017-05-14 01:13:27",
        "Lines": "N12",
        "Lat": 52.2296,
        "Brigade": "09"
      },
      {
        "Lon": 21.0042,
        "Time": "2017-05-14 01:13:38",
        "Lines": "N12",
        "Lat": 52.2296,
        "Brigade": "09"
      },
      {
        "Lon": 21.0042,
        "Time": "2017-05-14 01:13:48",
        "Lines": "N12",
        "Lat": 52.2296,
        "Brigade": "09"
      },
      {
        "Lon": 21.0042,
        "Time": "2017-05-14 01:13:59",
        "Lines": "N12",
        "Lat": 52.2296,
        "Brigade": "09"
      },
      {
        "Lon": 21.0042,
        "Time": "2017-05-14 01:14:10",
        "Lines": "N12",
        "Lat": 52.2296,
        "Brigade": "09"
      },
      {
        "Lon": 21.0041,
        "Time": "2017-05-14 01:14:21",
        "Lines": "N12",
        "Lat": 52.2296,
        "Brigade": "09"
      },
      {
        "Lon": 21.0041,
        "Time": "2017-05-14 01:14:31",
        "Lines": "N12",
        "Lat": 52.2296,
        "Brigade": "09"
      },
      {
        "Lon": 21.0041,
        "Time": "2017-05-14 01:14:42",
        "Lines": "N12",
        "Lat": 52.2296,
        "Brigade": "09"
      },
      {
        "Lon": 21.0042,
        "Time": "2017-05-14 01:15:03",
        "Lines": "N12",
        "Lat": 52.2296,
        "Brigade": "09"
      },
      {
        "Lon": 21.0045,
        "Time": "2017-05-14 01:15:14",
        "Lines": "N12",
        "Lat": 52.2295,
        "Brigade": "09"
      },
      {
        "Lon": 21.0045,
        "Time": "2017-05-14 01:15:24",
        "Lines": "N12",
        "Lat": 52.2295,
        "Brigade": "09"
      },
      {
        "Lon": 21.0046,
        "Time": "2017-05-14 01:15:35",
        "Lines": "N12",
        "Lat": 52.2295,
        "Brigade": "09"
      },
      {
        "Lon": 21.0049,
        "Time": "2017-05-14 01:15:46",
        "Lines": "N12",
        "Lat": 52.2299,
        "Brigade": "09"
      },
      {
        "Lon": 21.0044,
        "Time": "2017-05-14 01:15:57",
        "Lines": "N12",
        "Lat": 52.2307,
        "Brigade": "09"
      },
      {
        "Lon": 21.0037,
        "Time": "2017-05-14 01:16:08",
        "Lines": "N12",
        "Lat": 52.2321,
        "Brigade": "09"
      },
      {
        "Lon": 21.0031,
        "Time": "2017-05-14 01:16:19",
        "Lines": "N12",
        "Lat": 52.2332,
        "Brigade": "09"
      },
      {
        "Lon": 21.003,
        "Time": "2017-05-14 01:16:28",
        "Lines": "N12",
        "Lat": 52.2334,
        "Brigade": "09"
      },
      {
        "Lon": 21.0028,
        "Time": "2017-05-14 01:16:39",
        "Lines": "N12",
        "Lat": 52.2335,
        "Brigade": "09"
      },
      {
        "Lon": 21.0026,
        "Time": "2017-05-14 01:16:50",
        "Lines": "N12",
        "Lat": 52.2337,
        "Brigade": "09"
      },
      {
        "Lon": 21.0022,
        "Time": "2017-05-14 01:17:00",
        "Lines": "N12",
        "Lat": 52.234,
        "Brigade": "09"
      },
      {
        "Lon": 21.0006,
        "Time": "2017-05-14 01:17:11",
        "Lines": "N12",
        "Lat": 52.2337,
        "Brigade": "09"
      },
      {
        "Lon": 20.999,
        "Time": "2017-05-14 01:17:22",
        "Lines": "N12",
        "Lat": 52.2334,
        "Brigade": "09"
      },
      {
        "Lon": 20.9987,
        "Time": "2017-05-14 01:17:32",
        "Lines": "N12",
        "Lat": 52.2335,
        "Brigade": "09"
      },
      {
        "Lon": 20.9979,
        "Time": "2017-05-14 01:17:54",
        "Lines": "N12",
        "Lat": 52.2345,
        "Brigade": "09"
      },
      {
        "Lon": 20.9978,
        "Time": "2017-05-14 01:18:05",
        "Lines": "N12",
        "Lat": 52.2346,
        "Brigade": "09"
      },
      {
        "Lon": 20.9975,
        "Time": "2017-05-14 01:18:15",
        "Lines": "N12",
        "Lat": 52.2352,
        "Brigade": "09"
      },
      {
        "Lon": 20.9974,
        "Time": "2017-05-14 01:18:26",
        "Lines": "N12",
        "Lat": 52.2354,
        "Brigade": "09"
      },
      {
        "Lon": 20.9973,
        "Time": "2017-05-14 01:18:37",
        "Lines": "N12",
        "Lat": 52.2354,
        "Brigade": "09"
      },
      {
        "Lon": 20.9972,
        "Time": "2017-05-14 01:18:47",
        "Lines": "N12",
        "Lat": 52.2358,
        "Brigade": "09"
      },
      {
        "Lon": 20.9967,
        "Time": "2017-05-14 01:18:58",
        "Lines": "N12",
        "Lat": 52.237,
        "Brigade": "09"
      },
      {
        "Lon": 20.9964,
        "Time": "2017-05-14 01:19:10",
        "Lines": "N12",
        "Lat": 52.2379,
        "Brigade": "09"
      },
      {
        "Lon": 20.9965,
        "Time": "2017-05-14 01:19:20",
        "Lines": "N12",
        "Lat": 52.2379,
        "Brigade": "09"
      },
      {
        "Lon": 20.9963,
        "Time": "2017-05-14 01:19:30",
        "Lines": "N12",
        "Lat": 52.2385,
        "Brigade": "09"
      },
      {
        "Lon": 20.9962,
        "Time": "2017-05-14 01:19:40",
        "Lines": "N12",
        "Lat": 52.2387,
        "Brigade": "09"
      },
      {
        "Lon": 20.9962,
        "Time": "2017-05-14 01:19:51",
        "Lines": "N12",
        "Lat": 52.2387,
        "Brigade": "09"
      },
      {
        "Lon": 20.9962,
        "Time": "2017-05-14 01:20:12",
        "Lines": "N12",
        "Lat": 52.2387,
        "Brigade": "09"
      },
      {
        "Lon": 20.996,
        "Time": "2017-05-14 01:20:23",
        "Lines": "N12",
        "Lat": 52.2392,
        "Brigade": "09"
      },
      {
        "Lon": 20.9948,
        "Time": "2017-05-14 01:20:44",
        "Lines": "N12",
        "Lat": 52.2408,
        "Brigade": "09"
      },
      {
        "Lon": 20.9948,
        "Time": "2017-05-14 01:20:55",
        "Lines": "N12",
        "Lat": 52.2408,
        "Brigade": "09"
      },
      {
        "Lon": 20.9946,
        "Time": "2017-05-14 01:21:06",
        "Lines": "N12",
        "Lat": 52.241,
        "Brigade": "09"
      },
      {
        "Lon": 20.994,
        "Time": "2017-05-14 01:21:16",
        "Lines": "N12",
        "Lat": 52.2417,
        "Brigade": "09"
      },
      {
        "Lon": 20.9929,
        "Time": "2017-05-14 01:21:27",
        "Lines": "N12",
        "Lat": 52.243,
        "Brigade": "09"
      },
      {
        "Lon": 20.9919,
        "Time": "2017-05-14 01:21:38",
        "Lines": "N12",
        "Lat": 52.2441,
        "Brigade": "09"
      },
      {
        "Lon": 20.9918,
        "Time": "2017-05-14 01:21:48",
        "Lines": "N12",
        "Lat": 52.2443,
        "Brigade": "09"
      },
      {
        "Lon": 20.9916,
        "Time": "2017-05-14 01:21:59",
        "Lines": "N12",
        "Lat": 52.2445,
        "Brigade": "09"
      },
      {
        "Lon": 20.9906,
        "Time": "2017-05-14 01:22:10",
        "Lines": "N12",
        "Lat": 52.2456,
        "Brigade": "09"
      },
      {
        "Lon": 20.9896,
        "Time": "2017-05-14 01:22:21",
        "Lines": "N12",
        "Lat": 52.2467,
        "Brigade": "09"
      },
      {
        "Lon": 20.9892,
        "Time": "2017-05-14 01:22:31",
        "Lines": "N12",
        "Lat": 52.2473,
        "Brigade": "09"
      },
      {
        "Lon": 20.9891,
        "Time": "2017-05-14 01:22:43",
        "Lines": "N12",
        "Lat": 52.2474,
        "Brigade": "09"
      },
      {
        "Lon": 20.9886,
        "Time": "2017-05-14 01:22:52",
        "Lines": "N12",
        "Lat": 52.2479,
        "Brigade": "09"
      },
      {
        "Lon": 20.9886,
        "Time": "2017-05-14 01:23:03",
        "Lines": "N12",
        "Lat": 52.248,
        "Brigade": "09"
      },
      {
        "Lon": 20.9883,
        "Time": "2017-05-14 01:23:14",
        "Lines": "N12",
        "Lat": 52.2483,
        "Brigade": "09"
      },
      {
        "Lon": 20.9873,
        "Time": "2017-05-14 01:23:25",
        "Lines": "N12",
        "Lat": 52.2493,
        "Brigade": "09"
      },
      {
        "Lon": 20.9862,
        "Time": "2017-05-14 01:23:35",
        "Lines": "N12",
        "Lat": 52.2506,
        "Brigade": "09"
      },
      {
        "Lon": 20.9855,
        "Time": "2017-05-14 01:23:46",
        "Lines": "N12",
        "Lat": 52.2515,
        "Brigade": "09"
      },
      {
        "Lon": 20.9853,
        "Time": "2017-05-14 01:23:57",
        "Lines": "N12",
        "Lat": 52.2516,
        "Brigade": "09"
      },
      {
        "Lon": 20.985,
        "Time": "2017-05-14 01:24:07",
        "Lines": "N12",
        "Lat": 52.252,
        "Brigade": "09"
      },
      {
        "Lon": 20.9842,
        "Time": "2017-05-14 01:24:18",
        "Lines": "N12",
        "Lat": 52.253,
        "Brigade": "09"
      },
      {
        "Lon": 20.9834,
        "Time": "2017-05-14 01:24:28",
        "Lines": "N12",
        "Lat": 52.254,
        "Brigade": "09"
      },
      {
        "Lon": 20.9832,
        "Time": "2017-05-14 01:24:39",
        "Lines": "N12",
        "Lat": 52.2542,
        "Brigade": "09"
      },
      {
        "Lon": 20.9831,
        "Time": "2017-05-14 01:24:50",
        "Lines": "N12",
        "Lat": 52.2542,
        "Brigade": "09"
      },
      {
        "Lon": 20.9831,
        "Time": "2017-05-14 01:25:00",
        "Lines": "N12",
        "Lat": 52.2544,
        "Brigade": "09"
      },
      {
        "Lon": 20.9843,
        "Time": "2017-05-14 01:25:22",
        "Lines": "N12",
        "Lat": 52.2549,
        "Brigade": "09"
      },
      {
        "Lon": 20.9848,
        "Time": "2017-05-14 01:25:32",
        "Lines": "N12",
        "Lat": 52.2552,
        "Brigade": "09"
      },
      {
        "Lon": 20.9864,
        "Time": "2017-05-14 01:25:43",
        "Lines": "N12",
        "Lat": 52.2559,
        "Brigade": "09"
      },
      {
        "Lon": 20.9871,
        "Time": "2017-05-14 01:25:54",
        "Lines": "N12",
        "Lat": 52.2562,
        "Brigade": "09"
      },
      {
        "Lon": 20.9871,
        "Time": "2017-05-14 01:26:05",
        "Lines": "N12",
        "Lat": 52.2562,
        "Brigade": "09"
      },
      {
        "Lon": 20.9871,
        "Time": "2017-05-14 01:26:17",
        "Lines": "N12",
        "Lat": 52.2562,
        "Brigade": "09"
      },
      {
        "Lon": 20.988,
        "Time": "2017-05-14 01:26:26",
        "Lines": "N12",
        "Lat": 52.2564,
        "Brigade": "09"
      },
      {
        "Lon": 20.988,
        "Time": "2017-05-14 01:26:37",
        "Lines": "N12",
        "Lat": 52.2564,
        "Brigade": "09"
      },
      {
        "Lon": 20.9891,
        "Time": "2017-05-14 01:26:47",
        "Lines": "N12",
        "Lat": 52.2567,
        "Brigade": "09"
      },
      {
        "Lon": 20.9915,
        "Time": "2017-05-14 01:26:58",
        "Lines": "N12",
        "Lat": 52.2571,
        "Brigade": "09"
      },
      {
        "Lon": 20.9934,
        "Time": "2017-05-14 01:27:08",
        "Lines": "N12",
        "Lat": 52.2574,
        "Brigade": "09"
      },
      {
        "Lon": 20.9938,
        "Time": "2017-05-14 01:27:19",
        "Lines": "N12",
        "Lat": 52.2575,
        "Brigade": "09"
      },
      {
        "Lon": 20.9938,
        "Time": "2017-05-14 01:27:30",
        "Lines": "N12",
        "Lat": 52.2575,
        "Brigade": "09"
      },
      {
        "Lon": 20.9944,
        "Time": "2017-05-14 01:27:40",
        "Lines": "N12",
        "Lat": 52.2578,
        "Brigade": "09"
      },
      {
        "Lon": 20.9962,
        "Time": "2017-05-14 01:27:51",
        "Lines": "N12",
        "Lat": 52.2583,
        "Brigade": "09"
      },
      {
        "Lon": 20.9984,
        "Time": "2017-05-14 01:28:02",
        "Lines": "N12",
        "Lat": 52.2585,
        "Brigade": "09"
      },
      {
        "Lon": 21.0004,
        "Time": "2017-05-14 01:28:13",
        "Lines": "N12",
        "Lat": 52.2586,
        "Brigade": "09"
      },
      {
        "Lon": 21.0021,
        "Time": "2017-05-14 01:28:23",
        "Lines": "N12",
        "Lat": 52.2584,
        "Brigade": "09"
      },
      {
        "Lon": 21.0034,
        "Time": "2017-05-14 01:28:34",
        "Lines": "N12",
        "Lat": 52.2587,
        "Brigade": "09"
      },
      {
        "Lon": 21.0035,
        "Time": "2017-05-14 01:28:44",
        "Lines": "N12",
        "Lat": 52.2588,
        "Brigade": "09"
      },
      {
        "Lon": 21.0046,
        "Time": "2017-05-14 01:28:55",
        "Lines": "N12",
        "Lat": 52.2591,
        "Brigade": "09"
      },
      {
        "Lon": 21.0065,
        "Time": "2017-05-14 01:29:06",
        "Lines": "N12",
        "Lat": 52.2598,
        "Brigade": "09"
      },
      {
        "Lon": 21.0085,
        "Time": "2017-05-14 01:29:17",
        "Lines": "N12",
        "Lat": 52.2604,
        "Brigade": "09"
      },
      {
        "Lon": 21.0109,
        "Time": "2017-05-14 01:29:27",
        "Lines": "N12",
        "Lat": 52.2611,
        "Brigade": "09"
      },
      {
        "Lon": 21.0132,
        "Time": "2017-05-14 01:29:38",
        "Lines": "N12",
        "Lat": 52.2618,
        "Brigade": "09"
      },
      {
        "Lon": 21.0151,
        "Time": "2017-05-14 01:29:48",
        "Lines": "N12",
        "Lat": 52.2623,
        "Brigade": "09"
      },
      {
        "Lon": 21.0175,
        "Time": "2017-05-14 01:29:59",
        "Lines": "N12",
        "Lat": 52.2629,
        "Brigade": "09"
      },
      {
        "Lon": 21.0201,
        "Time": "2017-05-14 01:30:21",
        "Lines": "N12",
        "Lat": 52.2633,
        "Brigade": "09"
      },
      {
        "Lon": 21.0201,
        "Time": "2017-05-14 01:30:32",
        "Lines": "N12",
        "Lat": 52.2633,
        "Brigade": "09"
      },
      {
        "Lon": 21.0213,
        "Time": "2017-05-14 01:30:42",
        "Lines": "N12",
        "Lat": 52.2634,
        "Brigade": "09"
      },
      {
        "Lon": 21.0223,
        "Time": "2017-05-14 01:30:53",
        "Lines": "N12",
        "Lat": 52.2638,
        "Brigade": "09"
      },
      {
        "Lon": 21.0231,
        "Time": "2017-05-14 01:31:04",
        "Lines": "N12",
        "Lat": 52.2642,
        "Brigade": "09"
      },
      {
        "Lon": 21.0232,
        "Time": "2017-05-14 01:31:15",
        "Lines": "N12",
        "Lat": 52.2642,
        "Brigade": "09"
      },
      {
        "Lon": 21.0242,
        "Time": "2017-05-14 01:31:25",
        "Lines": "N12",
        "Lat": 52.2646,
        "Brigade": "09"
      },
      {
        "Lon": 21.0263,
        "Time": "2017-05-14 01:31:36",
        "Lines": "N12",
        "Lat": 52.2654,
        "Brigade": "09"
      },
      {
        "Lon": 21.0282,
        "Time": "2017-05-14 01:31:47",
        "Lines": "N12",
        "Lat": 52.266,
        "Brigade": "09"
      },
      {
        "Lon": 21.0299,
        "Time": "2017-05-14 01:31:57",
        "Lines": "N12",
        "Lat": 52.2665,
        "Brigade": "09"
      },
      {
        "Lon": 21.0302,
        "Time": "2017-05-14 01:32:08",
        "Lines": "N12",
        "Lat": 52.2665,
        "Brigade": "09"
      },
      {
        "Lon": 21.0302,
        "Time": "2017-05-14 01:32:18",
        "Lines": "N12",
        "Lat": 52.2666,
        "Brigade": "09"
      },
      {
        "Lon": 21.0309,
        "Time": "2017-05-14 01:32:30",
        "Lines": "N12",
        "Lat": 52.2668,
        "Brigade": "09"
      },
      {
        "Lon": 21.0314,
        "Time": "2017-05-14 01:32:40",
        "Lines": "N12",
        "Lat": 52.2669,
        "Brigade": "09"
      },
      {
        "Lon": 21.0317,
        "Time": "2017-05-14 01:32:50",
        "Lines": "N12",
        "Lat": 52.267,
        "Brigade": "09"
      },
      {
        "Lon": 21.0336,
        "Time": "2017-05-14 01:33:01",
        "Lines": "N12",
        "Lat": 52.2675,
        "Brigade": "09"
      },
      {
        "Lon": 21.036,
        "Time": "2017-05-14 01:33:12",
        "Lines": "N12",
        "Lat": 52.2678,
        "Brigade": "09"
      },
      {
        "Lon": 21.0375,
        "Time": "2017-05-14 01:33:22",
        "Lines": "N12",
        "Lat": 52.2684,
        "Brigade": "09"
      },
      {
        "Lon": 21.0384,
        "Time": "2017-05-14 01:33:33",
        "Lines": "N12",
        "Lat": 52.2689,
        "Brigade": "09"
      },
      {
        "Lon": 21.039,
        "Time": "2017-05-14 01:33:44",
        "Lines": "N12",
        "Lat": 52.2692,
        "Brigade": "09"
      },
      {
        "Lon": 21.039,
        "Time": "2017-05-14 01:33:54",
        "Lines": "N12",
        "Lat": 52.2693,
        "Brigade": "09"
      },
      {
        "Lon": 21.0403,
        "Time": "2017-05-14 01:34:05",
        "Lines": "N12",
        "Lat": 52.2696,
        "Brigade": "09"
      },
      {
        "Lon": 21.0416,
        "Time": "2017-05-14 01:34:16",
        "Lines": "N12",
        "Lat": 52.2705,
        "Brigade": "09"
      },
      {
        "Lon": 21.042,
        "Time": "2017-05-14 01:34:26",
        "Lines": "N12",
        "Lat": 52.2711,
        "Brigade": "09"
      },
      {
        "Lon": 21.0424,
        "Time": "2017-05-14 01:34:48",
        "Lines": "N12",
        "Lat": 52.272,
        "Brigade": "09"
      },
      {
        "Lon": 21.0429,
        "Time": "2017-05-14 01:34:59",
        "Lines": "N12",
        "Lat": 52.2734,
        "Brigade": "09"
      },
      {
        "Lon": 21.0431,
        "Time": "2017-05-14 01:35:21",
        "Lines": "N12",
        "Lat": 52.2745,
        "Brigade": "09"
      },
      {
        "Lon": 21.043,
        "Time": "2017-05-14 01:35:32",
        "Lines": "N12",
        "Lat": 52.2753,
        "Brigade": "09"
      },
      {
        "Lon": 21.0447,
        "Time": "2017-05-14 01:35:53",
        "Lines": "N12",
        "Lat": 52.276,
        "Brigade": "09"
      },
      {
        "Lon": 21.0466,
        "Time": "2017-05-14 01:36:03",
        "Lines": "N12",
        "Lat": 52.2762,
        "Brigade": "09"
      },
      {
        "Lon": 21.0472,
        "Time": "2017-05-14 01:36:14",
        "Lines": "N12",
        "Lat": 52.2762,
        "Brigade": "09"
      },
      {
        "Lon": 21.0475,
        "Time": "2017-05-14 01:36:24",
        "Lines": "N12",
        "Lat": 52.2762,
        "Brigade": "09"
      },
      {
        "Lon": 21.0494,
        "Time": "2017-05-14 01:36:35",
        "Lines": "N12",
        "Lat": 52.2764,
        "Brigade": "09"
      },
      {
        "Lon": 21.0518,
        "Time": "2017-05-14 01:36:46",
        "Lines": "N12",
        "Lat": 52.2765,
        "Brigade": "09"
      },
      {
        "Lon": 21.0533,
        "Time": "2017-05-14 01:36:56",
        "Lines": "N12",
        "Lat": 52.2761,
        "Brigade": "09"
      },
      {
        "Lon": 21.0533,
        "Time": "2017-05-14 01:37:07",
        "Lines": "N12",
        "Lat": 52.2765,
        "Brigade": "09"
      },
      {
        "Lon": 21.0527,
        "Time": "2017-05-14 01:37:18",
        "Lines": "N12",
        "Lat": 52.2767,
        "Brigade": "09"
      },
      {
        "Lon": 21.0527,
        "Time": "2017-05-14 01:37:28",
        "Lines": "N12",
        "Lat": 52.2767,
        "Brigade": "09"
      },
      {
        "Lon": 21.0527,
        "Time": "2017-05-14 01:37:39",
        "Lines": "N12",
        "Lat": 52.2767,
        "Brigade": "09"
      },
      {
        "Lon": 21.0527,
        "Time": "2017-05-14 01:37:50",
        "Lines": "N12",
        "Lat": 52.2767,
        "Brigade": "09"
      },
      {
        "Lon": 21.0528,
        "Time": "2017-05-14 01:38:00",
        "Lines": "N12",
        "Lat": 52.2767,
        "Brigade": "09"
      },
      {
        "Lon": 21.0526,
        "Time": "2017-05-14 01:38:11",
        "Lines": "N12",
        "Lat": 52.2767,
        "Brigade": "09"
      },
      {
        "Lon": 21.0517,
        "Time": "2017-05-14 01:38:22",
        "Lines": "N12",
        "Lat": 52.2768,
        "Brigade": "09"
      },
      {
        "Lon": 21.0512,
        "Time": "2017-05-14 01:38:32",
        "Lines": "N12",
        "Lat": 52.2765,
        "Brigade": "09"
      },
      {
        "Lon": 21.0494,
        "Time": "2017-05-14 01:38:45",
        "Lines": "N12",
        "Lat": 52.2764,
        "Brigade": "09"
      },
      {
        "Lon": 21.0469,
        "Time": "2017-05-14 01:38:54",
        "Lines": "N12",
        "Lat": 52.2762,
        "Brigade": "09"
      },
      {
        "Lon": 21.0447,
        "Time": "2017-05-14 01:39:04",
        "Lines": "N12",
        "Lat": 52.276,
        "Brigade": "09"
      },
      {
        "Lon": 21.0431,
        "Time": "2017-05-14 01:39:15",
        "Lines": "N12",
        "Lat": 52.276,
        "Brigade": "09"
      },
      {
        "Lon": 21.043,
        "Time": "2017-05-14 01:39:26",
        "Lines": "N12",
        "Lat": 52.2754,
        "Brigade": "09"
      },
      {
        "Lon": 21.043,
        "Time": "2017-05-14 01:39:38",
        "Lines": "N12",
        "Lat": 52.2741,
        "Brigade": "09"
      },
      {
        "Lon": 21.0419,
        "Time": "2017-05-14 01:39:58",
        "Lines": "N12",
        "Lat": 52.271,
        "Brigade": "09"
      },
      {
        "Lon": 21.0408,
        "Time": "2017-05-14 01:40:10",
        "Lines": "N12",
        "Lat": 52.2698,
        "Brigade": "09"
      },
      {
        "Lon": 21.0386,
        "Time": "2017-05-14 01:40:19",
        "Lines": "N12",
        "Lat": 52.2693,
        "Brigade": "09"
      },
      {
        "Lon": 21.038,
        "Time": "2017-05-14 01:40:30",
        "Lines": "N12",
        "Lat": 52.2691,
        "Brigade": "09"
      },
      {
        "Lon": 21.0372,
        "Time": "2017-05-14 01:40:40",
        "Lines": "N12",
        "Lat": 52.2689,
        "Brigade": "09"
      },
      {
        "Lon": 21.0371,
        "Time": "2017-05-14 01:40:51",
        "Lines": "N12",
        "Lat": 52.2687,
        "Brigade": "09"
      },
      {
        "Lon": 21.037,
        "Time": "2017-05-14 01:41:02",
        "Lines": "N12",
        "Lat": 52.2687,
        "Brigade": "09"
      },
      {
        "Lon": 21.0371,
        "Time": "2017-05-14 01:41:12",
        "Lines": "N12",
        "Lat": 52.2686,
        "Brigade": "09"
      },
      {
        "Lon": 21.0379,
        "Time": "2017-05-14 01:41:23",
        "Lines": "N12",
        "Lat": 52.2684,
        "Brigade": "09"
      },
      {
        "Lon": 21.0382,
        "Time": "2017-05-14 01:41:34",
        "Lines": "N12",
        "Lat": 52.2678,
        "Brigade": "09"
      },
      {
        "Lon": 21.0378,
        "Time": "2017-05-14 01:41:44",
        "Lines": "N12",
        "Lat": 52.2673,
        "Brigade": "09"
      },
      {
        "Lon": 21.0378,
        "Time": "2017-05-14 01:41:55",
        "Lines": "N12",
        "Lat": 52.2673,
        "Brigade": "09"
      },
      {
        "Lon": 21.0378,
        "Time": "2017-05-14 01:42:06",
        "Lines": "N12",
        "Lat": 52.2673,
        "Brigade": "09"
      },
      {
        "Lon": 21.0378,
        "Time": "2017-05-14 01:42:16",
        "Lines": "N12",
        "Lat": 52.2673,
        "Brigade": "09"
      },
      {
        "Lon": 21.0378,
        "Time": "2017-05-14 01:42:27",
        "Lines": "N12",
        "Lat": 52.2673,
        "Brigade": "09"
      },
      {
        "Lon": 21.0481,
        "Time": "2017-05-14 01:44:47",
        "Lines": "N12",
        "Lat": 52.2636,
        "Brigade": "09"
      },
      {
        "Lon": 21.0478,
        "Time": "2017-05-14 01:44:58",
        "Lines": "N12",
        "Lat": 52.2637,
        "Brigade": "09"
      },
      {
        "Lon": 21.0478,
        "Time": "2017-05-14 01:45:08",
        "Lines": "N12",
        "Lat": 52.2637,
        "Brigade": "09"
      },
      {
        "Lon": 21.0478,
        "Time": "2017-05-14 01:45:19",
        "Lines": "N12",
        "Lat": 52.2637,
        "Brigade": "09"
      },
      {
        "Lon": 21.0478,
        "Time": "2017-05-14 01:45:30",
        "Lines": "N12",
        "Lat": 52.2637,
        "Brigade": "09"
      },
      {
        "Lon": 21.0478,
        "Time": "2017-05-14 01:45:41",
        "Lines": "N12",
        "Lat": 52.2637,
        "Brigade": "09"
      },
      {
        "Lon": 21.0478,
        "Time": "2017-05-14 01:45:52",
        "Lines": "N12",
        "Lat": 52.2637,
        "Brigade": "09"
      },
      {
        "Lon": 21.0478,
        "Time": "2017-05-14 01:46:02",
        "Lines": "N12",
        "Lat": 52.2637,
        "Brigade": "09"
      },
      {
        "Lon": 21.0472,
        "Time": "2017-05-14 01:46:13",
        "Lines": "N12",
        "Lat": 52.2637,
        "Brigade": "09"
      },
      {
        "Lon": 21.0472,
        "Time": "2017-05-14 01:46:23",
        "Lines": "N12",
        "Lat": 52.2637,
        "Brigade": "09"
      }
    ]
  }
]
