[
  {
    "res": [
      {
        "Lon": 21.012,
        "Time": "2017-05-14 01:40:17",
        "Lines": "N25",
        "Lat": 52.2289,
        "Brigade": "190"
      },
      {
        "Lon": 21.0122,
        "Time": "2017-05-14 01:40:29",
        "Lines": "N25",
        "Lat": 52.2288,
        "Brigade": "190"
      },
      {
        "Lon": 21.0124,
        "Time": "2017-05-14 01:40:39",
        "Lines": "N25",
        "Lat": 52.2283,
        "Brigade": "190"
      },
      {
        "Lon": 21.0126,
        "Time": "2017-05-14 01:40:49",
        "Lines": "N25",
        "Lat": 52.2281,
        "Brigade": "190"
      },
      {
        "Lon": 21.0128,
        "Time": "2017-05-14 01:40:59",
        "Lines": "N25",
        "Lat": 52.228,
        "Brigade": "190"
      },
      {
        "Lon": 21.0128,
        "Time": "2017-05-14 01:41:14",
        "Lines": "N25",
        "Lat": 52.2278,
        "Brigade": "190"
      },
      {
        "Lon": 21.013,
        "Time": "2017-05-14 01:41:19",
        "Lines": "N25",
        "Lat": 52.2274,
        "Brigade": "190"
      },
      {
        "Lon": 21.0136,
        "Time": "2017-05-14 01:41:34",
        "Lines": "N25",
        "Lat": 52.2264,
        "Brigade": "190"
      },
      {
        "Lon": 21.0139,
        "Time": "2017-05-14 01:41:49",
        "Lines": "N25",
        "Lat": 52.2261,
        "Brigade": "190"
      },
      {
        "Lon": 21.0141,
        "Time": "2017-05-14 01:41:54",
        "Lines": "N25",
        "Lat": 52.2258,
        "Brigade": "190"
      },
      {
        "Lon": 21.015,
        "Time": "2017-05-14 01:42:04",
        "Lines": "N25",
        "Lat": 52.224,
        "Brigade": "190"
      },
      {
        "Lon": 21.0155,
        "Time": "2017-05-14 01:42:19",
        "Lines": "N25",
        "Lat": 52.2232,
        "Brigade": "190"
      },
      {
        "Lon": 21.0158,
        "Time": "2017-05-14 01:42:31",
        "Lines": "N25",
        "Lat": 52.2224,
        "Brigade": "190"
      },
      {
        "Lon": 21.0159,
        "Time": "2017-05-14 01:42:44",
        "Lines": "N25",
        "Lat": 52.2223,
        "Brigade": "190"
      },
      {
        "Lon": 21.0157,
        "Time": "2017-05-14 01:42:54",
        "Lines": "N25",
        "Lat": 52.2217,
        "Brigade": "190"
      },
      {
        "Lon": 21.0156,
        "Time": "2017-05-14 01:43:04",
        "Lines": "N25",
        "Lat": 52.2206,
        "Brigade": "190"
      },
      {
        "Lon": 21.0154,
        "Time": "2017-05-14 01:43:17",
        "Lines": "N25",
        "Lat": 52.2193,
        "Brigade": "190"
      },
      {
        "Lon": 21.0155,
        "Time": "2017-05-14 01:43:27",
        "Lines": "N25",
        "Lat": 52.2193,
        "Brigade": "190"
      },
      {
        "Lon": 21.0154,
        "Time": "2017-05-14 01:43:39",
        "Lines": "N25",
        "Lat": 52.2189,
        "Brigade": "190"
      },
      {
        "Lon": 21.0152,
        "Time": "2017-05-14 01:43:49",
        "Lines": "N25",
        "Lat": 52.2183,
        "Brigade": "190"
      },
      {
        "Lon": 21.0153,
        "Time": "2017-05-14 01:43:59",
        "Lines": "N25",
        "Lat": 52.2182,
        "Brigade": "190"
      },
      {
        "Lon": 21.0152,
        "Time": "2017-05-14 01:44:09",
        "Lines": "N25",
        "Lat": 52.2177,
        "Brigade": "190"
      },
      {
        "Lon": 21.0153,
        "Time": "2017-05-14 01:44:24",
        "Lines": "N25",
        "Lat": 52.2169,
        "Brigade": "190"
      },
      {
        "Lon": 21.0154,
        "Time": "2017-05-14 01:44:34",
        "Lines": "N25",
        "Lat": 52.2169,
        "Brigade": "190"
      },
      {
        "Lon": 21.0155,
        "Time": "2017-05-14 01:44:44",
        "Lines": "N25",
        "Lat": 52.2169,
        "Brigade": "190"
      },
      {
        "Lon": 21.0162,
        "Time": "2017-05-14 01:44:54",
        "Lines": "N25",
        "Lat": 52.2171,
        "Brigade": "190"
      },
      {
        "Lon": 21.0181,
        "Time": "2017-05-14 01:45:04",
        "Lines": "N25",
        "Lat": 52.2175,
        "Brigade": "190"
      },
      {
        "Lon": 21.02,
        "Time": "2017-05-14 01:45:16",
        "Lines": "N25",
        "Lat": 52.218,
        "Brigade": "190"
      },
      {
        "Lon": 21.02,
        "Time": "2017-05-14 01:45:29",
        "Lines": "N25",
        "Lat": 52.218,
        "Brigade": "190"
      },
      {
        "Lon": 21.0206,
        "Time": "2017-05-14 01:45:39",
        "Lines": "N25",
        "Lat": 52.2182,
        "Brigade": "190"
      },
      {
        "Lon": 21.0223,
        "Time": "2017-05-14 01:45:49",
        "Lines": "N25",
        "Lat": 52.2186,
        "Brigade": "190"
      },
      {
        "Lon": 21.0251,
        "Time": "2017-05-14 01:46:04",
        "Lines": "N25",
        "Lat": 52.2192,
        "Brigade": "190"
      },
      {
        "Lon": 21.0268,
        "Time": "2017-05-14 01:46:14",
        "Lines": "N25",
        "Lat": 52.2196,
        "Brigade": "190"
      },
      {
        "Lon": 21.0275,
        "Time": "2017-05-14 01:46:19",
        "Lines": "N25",
        "Lat": 52.2198,
        "Brigade": "190"
      },
      {
        "Lon": 21.0305,
        "Time": "2017-05-14 01:46:34",
        "Lines": "N25",
        "Lat": 52.2206,
        "Brigade": "190"
      },
      {
        "Lon": 21.0325,
        "Time": "2017-05-14 01:46:44",
        "Lines": "N25",
        "Lat": 52.2211,
        "Brigade": "190"
      },
      {
        "Lon": 21.0345,
        "Time": "2017-05-14 01:46:54",
        "Lines": "N25",
        "Lat": 52.2216,
        "Brigade": "190"
      },
      {
        "Lon": 21.0373,
        "Time": "2017-05-14 01:47:09",
        "Lines": "N25",
        "Lat": 52.2223,
        "Brigade": "190"
      },
      {
        "Lon": 21.0386,
        "Time": "2017-05-14 01:47:19",
        "Lines": "N25",
        "Lat": 52.2227,
        "Brigade": "190"
      },
      {
        "Lon": 21.0402,
        "Time": "2017-05-14 01:47:28",
        "Lines": "N25",
        "Lat": 52.2233,
        "Brigade": "190"
      },
      {
        "Lon": 21.0419,
        "Time": "2017-05-14 01:47:38",
        "Lines": "N25",
        "Lat": 52.2238,
        "Brigade": "190"
      },
      {
        "Lon": 21.0435,
        "Time": "2017-05-14 01:47:48",
        "Lines": "N25",
        "Lat": 52.2241,
        "Brigade": "190"
      },
      {
        "Lon": 21.044,
        "Time": "2017-05-14 01:48:03",
        "Lines": "N25",
        "Lat": 52.2242,
        "Brigade": "190"
      },
      {
        "Lon": 21.0443,
        "Time": "2017-05-14 01:48:13",
        "Lines": "N25",
        "Lat": 52.2243,
        "Brigade": "190"
      },
      {
        "Lon": 21.0458,
        "Time": "2017-05-14 01:48:23",
        "Lines": "N25",
        "Lat": 52.2246,
        "Brigade": "190"
      },
      {
        "Lon": 21.0489,
        "Time": "2017-05-14 01:48:37",
        "Lines": "N25",
        "Lat": 52.2253,
        "Brigade": "190"
      },
      {
        "Lon": 21.0515,
        "Time": "2017-05-14 01:48:48",
        "Lines": "N25",
        "Lat": 52.2258,
        "Brigade": "190"
      },
      {
        "Lon": 21.0535,
        "Time": "2017-05-14 01:48:58",
        "Lines": "N25",
        "Lat": 52.2262,
        "Brigade": "190"
      },
      {
        "Lon": 21.0547,
        "Time": "2017-05-14 01:49:08",
        "Lines": "N25",
        "Lat": 52.2264,
        "Brigade": "190"
      },
      {
        "Lon": 21.0548,
        "Time": "2017-05-14 01:49:19",
        "Lines": "N25",
        "Lat": 52.2264,
        "Brigade": "190"
      },
      {
        "Lon": 21.0555,
        "Time": "2017-05-14 01:49:28",
        "Lines": "N25",
        "Lat": 52.2266,
        "Brigade": "190"
      },
      {
        "Lon": 21.0583,
        "Time": "2017-05-14 01:49:43",
        "Lines": "N25",
        "Lat": 52.2273,
        "Brigade": "190"
      },
      {
        "Lon": 21.0604,
        "Time": "2017-05-14 01:49:53",
        "Lines": "N25",
        "Lat": 52.2279,
        "Brigade": "190"
      },
      {
        "Lon": 21.0623,
        "Time": "2017-05-14 01:50:03",
        "Lines": "N25",
        "Lat": 52.2283,
        "Brigade": "190"
      },
      {
        "Lon": 21.0638,
        "Time": "2017-05-14 01:50:16",
        "Lines": "N25",
        "Lat": 52.2287,
        "Brigade": "190"
      },
      {
        "Lon": 21.0638,
        "Time": "2017-05-14 01:50:23",
        "Lines": "N25",
        "Lat": 52.2287,
        "Brigade": "190"
      },
      {
        "Lon": 21.0652,
        "Time": "2017-05-14 01:50:37",
        "Lines": "N25",
        "Lat": 52.2291,
        "Brigade": "190"
      },
      {
        "Lon": 21.0659,
        "Time": "2017-05-14 01:50:43",
        "Lines": "N25",
        "Lat": 52.2292,
        "Brigade": "190"
      },
      {
        "Lon": 21.0687,
        "Time": "2017-05-14 01:51:01",
        "Lines": "N25",
        "Lat": 52.23,
        "Brigade": "190"
      },
      {
        "Lon": 21.0687,
        "Time": "2017-05-14 01:51:11",
        "Lines": "N25",
        "Lat": 52.23,
        "Brigade": "190"
      },
      {
        "Lon": 21.069,
        "Time": "2017-05-14 01:51:18",
        "Lines": "N25",
        "Lat": 52.2301,
        "Brigade": "190"
      },
      {
        "Lon": 21.0713,
        "Time": "2017-05-14 01:51:33",
        "Lines": "N25",
        "Lat": 52.2306,
        "Brigade": "190"
      },
      {
        "Lon": 21.0732,
        "Time": "2017-05-14 01:51:43",
        "Lines": "N25",
        "Lat": 52.2316,
        "Brigade": "190"
      },
      {
        "Lon": 21.0747,
        "Time": "2017-05-14 01:51:53",
        "Lines": "N25",
        "Lat": 52.2325,
        "Brigade": "190"
      },
      {
        "Lon": 21.0757,
        "Time": "2017-05-14 01:52:03",
        "Lines": "N25",
        "Lat": 52.233,
        "Brigade": "190"
      },
      {
        "Lon": 21.0759,
        "Time": "2017-05-14 01:52:13",
        "Lines": "N25",
        "Lat": 52.2332,
        "Brigade": "190"
      },
      {
        "Lon": 21.0775,
        "Time": "2017-05-14 01:52:27",
        "Lines": "N25",
        "Lat": 52.2342,
        "Brigade": "190"
      },
      {
        "Lon": 21.0784,
        "Time": "2017-05-14 01:52:38",
        "Lines": "N25",
        "Lat": 52.2348,
        "Brigade": "190"
      },
      {
        "Lon": 21.0785,
        "Time": "2017-05-14 01:52:48",
        "Lines": "N25",
        "Lat": 52.2348,
        "Brigade": "190"
      },
      {
        "Lon": 21.0789,
        "Time": "2017-05-14 01:52:58",
        "Lines": "N25",
        "Lat": 52.235,
        "Brigade": "190"
      },
      {
        "Lon": 21.0804,
        "Time": "2017-05-14 01:53:08",
        "Lines": "N25",
        "Lat": 52.2355,
        "Brigade": "190"
      },
      {
        "Lon": 21.0835,
        "Time": "2017-05-14 01:53:23",
        "Lines": "N25",
        "Lat": 52.2358,
        "Brigade": "190"
      },
      {
        "Lon": 21.0852,
        "Time": "2017-05-14 01:53:33",
        "Lines": "N25",
        "Lat": 52.236,
        "Brigade": "190"
      },
      {
        "Lon": 21.0864,
        "Time": "2017-05-14 01:53:48",
        "Lines": "N25",
        "Lat": 52.2361,
        "Brigade": "190"
      },
      {
        "Lon": 21.0868,
        "Time": "2017-05-14 01:53:58",
        "Lines": "N25",
        "Lat": 52.2361,
        "Brigade": "190"
      },
      {
        "Lon": 21.0881,
        "Time": "2017-05-14 01:54:08",
        "Lines": "N25",
        "Lat": 52.236,
        "Brigade": "190"
      },
      {
        "Lon": 21.0883,
        "Time": "2017-05-14 01:54:20",
        "Lines": "N25",
        "Lat": 52.236,
        "Brigade": "190"
      },
      {
        "Lon": 21.0887,
        "Time": "2017-05-14 01:54:28",
        "Lines": "N25",
        "Lat": 52.2359,
        "Brigade": "190"
      },
      {
        "Lon": 21.0903,
        "Time": "2017-05-14 01:54:38",
        "Lines": "N25",
        "Lat": 52.2357,
        "Brigade": "190"
      },
      {
        "Lon": 21.0933,
        "Time": "2017-05-14 01:54:51",
        "Lines": "N25",
        "Lat": 52.2352,
        "Brigade": "190"
      },
      {
        "Lon": 21.0957,
        "Time": "2017-05-14 01:55:03",
        "Lines": "N25",
        "Lat": 52.2349,
        "Brigade": "190"
      },
      {
        "Lon": 21.0977,
        "Time": "2017-05-14 01:55:13",
        "Lines": "N25",
        "Lat": 52.2346,
        "Brigade": "190"
      },
      {
        "Lon": 21.0989,
        "Time": "2017-05-14 01:55:23",
        "Lines": "N25",
        "Lat": 52.2345,
        "Brigade": "190"
      },
      {
        "Lon": 21.0989,
        "Time": "2017-05-14 01:55:38",
        "Lines": "N25",
        "Lat": 52.2345,
        "Brigade": "190"
      },
      {
        "Lon": 21.0998,
        "Time": "2017-05-14 01:55:48",
        "Lines": "N25",
        "Lat": 52.2344,
        "Brigade": "190"
      },
      {
        "Lon": 21.1017,
        "Time": "2017-05-14 01:55:58",
        "Lines": "N25",
        "Lat": 52.2342,
        "Brigade": "190"
      },
      {
        "Lon": 21.104,
        "Time": "2017-05-14 01:56:08",
        "Lines": "N25",
        "Lat": 52.2339,
        "Brigade": "190"
      },
      {
        "Lon": 21.1063,
        "Time": "2017-05-14 01:56:18",
        "Lines": "N25",
        "Lat": 52.2336,
        "Brigade": "190"
      },
      {
        "Lon": 21.1081,
        "Time": "2017-05-14 01:56:28",
        "Lines": "N25",
        "Lat": 52.2334,
        "Brigade": "190"
      },
      {
        "Lon": 21.1084,
        "Time": "2017-05-14 01:56:43",
        "Lines": "N25",
        "Lat": 52.2334,
        "Brigade": "190"
      },
      {
        "Lon": 21.1092,
        "Time": "2017-05-14 01:56:53",
        "Lines": "N25",
        "Lat": 52.2333,
        "Brigade": "190"
      },
      {
        "Lon": 21.1121,
        "Time": "2017-05-14 01:57:08",
        "Lines": "N25",
        "Lat": 52.233,
        "Brigade": "190"
      },
      {
        "Lon": 21.1141,
        "Time": "2017-05-14 01:57:18",
        "Lines": "N25",
        "Lat": 52.2328,
        "Brigade": "190"
      },
      {
        "Lon": 21.1159,
        "Time": "2017-05-14 01:57:28",
        "Lines": "N25",
        "Lat": 52.2326,
        "Brigade": "190"
      },
      {
        "Lon": 21.1178,
        "Time": "2017-05-14 01:57:38",
        "Lines": "N25",
        "Lat": 52.2325,
        "Brigade": "190"
      },
      {
        "Lon": 21.1204,
        "Time": "2017-05-14 01:57:50",
        "Lines": "N25",
        "Lat": 52.2325,
        "Brigade": "190"
      },
      {
        "Lon": 21.1228,
        "Time": "2017-05-14 01:58:03",
        "Lines": "N25",
        "Lat": 52.2324,
        "Brigade": "190"
      },
      {
        "Lon": 21.1239,
        "Time": "2017-05-14 01:58:08",
        "Lines": "N25",
        "Lat": 52.2324,
        "Brigade": "190"
      },
      {
        "Lon": 21.1263,
        "Time": "2017-05-14 01:58:23",
        "Lines": "N25",
        "Lat": 52.2328,
        "Brigade": "190"
      },
      {
        "Lon": 21.1266,
        "Time": "2017-05-14 01:58:33",
        "Lines": "N25",
        "Lat": 52.2331,
        "Brigade": "190"
      },
      {
        "Lon": 21.1267,
        "Time": "2017-05-14 01:58:48",
        "Lines": "N25",
        "Lat": 52.2331,
        "Brigade": "190"
      },
      {
        "Lon": 21.1267,
        "Time": "2017-05-14 01:58:58",
        "Lines": "N25",
        "Lat": 52.2331,
        "Brigade": "190"
      },
      {
        "Lon": 21.1272,
        "Time": "2017-05-14 01:59:08",
        "Lines": "N25",
        "Lat": 52.2334,
        "Brigade": "190"
      },
      {
        "Lon": 21.1279,
        "Time": "2017-05-14 01:59:18",
        "Lines": "N25",
        "Lat": 52.2338,
        "Brigade": "190"
      },
      {
        "Lon": 21.1283,
        "Time": "2017-05-14 01:59:32",
        "Lines": "N25",
        "Lat": 52.2345,
        "Brigade": "190"
      },
      {
        "Lon": 21.1284,
        "Time": "2017-05-14 01:59:38",
        "Lines": "N25",
        "Lat": 52.2346,
        "Brigade": "190"
      },
      {
        "Lon": 21.1284,
        "Time": "2017-05-14 01:59:52",
        "Lines": "N25",
        "Lat": 52.2346,
        "Brigade": "190"
      },
      {
        "Lon": 21.1287,
        "Time": "2017-05-14 02:00:03",
        "Lines": "N25",
        "Lat": 52.2349,
        "Brigade": "190"
      },
      {
        "Lon": 21.1296,
        "Time": "2017-05-14 02:00:13",
        "Lines": "N25",
        "Lat": 52.2358,
        "Brigade": "190"
      },
      {
        "Lon": 21.1307,
        "Time": "2017-05-14 02:00:23",
        "Lines": "N25",
        "Lat": 52.237,
        "Brigade": "190"
      },
      {
        "Lon": 21.1321,
        "Time": "2017-05-14 02:00:38",
        "Lines": "N25",
        "Lat": 52.2386,
        "Brigade": "190"
      },
      {
        "Lon": 21.133,
        "Time": "2017-05-14 02:00:48",
        "Lines": "N25",
        "Lat": 52.2395,
        "Brigade": "190"
      },
      {
        "Lon": 21.1341,
        "Time": "2017-05-14 02:00:58",
        "Lines": "N25",
        "Lat": 52.2404,
        "Brigade": "190"
      },
      {
        "Lon": 21.1351,
        "Time": "2017-05-14 02:01:08",
        "Lines": "N25",
        "Lat": 52.2411,
        "Brigade": "190"
      },
      {
        "Lon": 21.1355,
        "Time": "2017-05-14 02:01:18",
        "Lines": "N25",
        "Lat": 52.2414,
        "Brigade": "190"
      },
      {
        "Lon": 21.1362,
        "Time": "2017-05-14 02:01:28",
        "Lines": "N25",
        "Lat": 52.2413,
        "Brigade": "190"
      },
      {
        "Lon": 21.1374,
        "Time": "2017-05-14 02:01:43",
        "Lines": "N25",
        "Lat": 52.2406,
        "Brigade": "190"
      },
      {
        "Lon": 21.138,
        "Time": "2017-05-14 02:01:53",
        "Lines": "N25",
        "Lat": 52.2395,
        "Brigade": "190"
      },
      {
        "Lon": 21.1385,
        "Time": "2017-05-14 02:02:03",
        "Lines": "N25",
        "Lat": 52.2386,
        "Brigade": "190"
      },
      {
        "Lon": 21.1386,
        "Time": "2017-05-14 02:02:14",
        "Lines": "N25",
        "Lat": 52.2384,
        "Brigade": "190"
      },
      {
        "Lon": 21.1388,
        "Time": "2017-05-14 02:02:23",
        "Lines": "N25",
        "Lat": 52.2382,
        "Brigade": "190"
      },
      {
        "Lon": 21.1392,
        "Time": "2017-05-14 02:02:33",
        "Lines": "N25",
        "Lat": 52.2373,
        "Brigade": "190"
      },
      {
        "Lon": 21.1401,
        "Time": "2017-05-14 02:02:48",
        "Lines": "N25",
        "Lat": 52.2368,
        "Brigade": "190"
      },
      {
        "Lon": 21.1414,
        "Time": "2017-05-14 02:02:58",
        "Lines": "N25",
        "Lat": 52.2371,
        "Brigade": "190"
      },
      {
        "Lon": 21.1423,
        "Time": "2017-05-14 02:03:08",
        "Lines": "N25",
        "Lat": 52.2371,
        "Brigade": "190"
      },
      {
        "Lon": 21.1432,
        "Time": "2017-05-14 02:03:22",
        "Lines": "N25",
        "Lat": 52.2373,
        "Brigade": "190"
      },
      {
        "Lon": 21.1434,
        "Time": "2017-05-14 02:03:33",
        "Lines": "N25",
        "Lat": 52.2374,
        "Brigade": "190"
      },
      {
        "Lon": 21.1448,
        "Time": "2017-05-14 02:03:40",
        "Lines": "N25",
        "Lat": 52.2377,
        "Brigade": "190"
      },
      {
        "Lon": 21.1457,
        "Time": "2017-05-14 02:03:48",
        "Lines": "N25",
        "Lat": 52.2379,
        "Brigade": "190"
      },
      {
        "Lon": 21.1484,
        "Time": "2017-05-14 02:03:53",
        "Lines": "N25",
        "Lat": 52.2384,
        "Brigade": "190"
      },
      {
        "Lon": 21.1492,
        "Time": "2017-05-14 02:04:14",
        "Lines": "N25",
        "Lat": 52.2385,
        "Brigade": "190"
      },
      {
        "Lon": 21.1492,
        "Time": "2017-05-14 02:04:28",
        "Lines": "N25",
        "Lat": 52.2385,
        "Brigade": "190"
      },
      {
        "Lon": 21.1492,
        "Time": "2017-05-14 02:04:38",
        "Lines": "N25",
        "Lat": 52.2385,
        "Brigade": "190"
      },
      {
        "Lon": 21.1492,
        "Time": "2017-05-14 02:04:48",
        "Lines": "N25",
        "Lat": 52.2385,
        "Brigade": "190"
      },
      {
        "Lon": 21.1492,
        "Time": "2017-05-14 02:04:58",
        "Lines": "N25",
        "Lat": 52.2385,
        "Brigade": "190"
      },
      {
        "Lon": 21.1496,
        "Time": "2017-05-14 02:05:08",
        "Lines": "N25",
        "Lat": 52.2386,
        "Brigade": "190"
      },
      {
        "Lon": 21.1522,
        "Time": "2017-05-14 02:05:23",
        "Lines": "N25",
        "Lat": 52.2392,
        "Brigade": "190"
      },
      {
        "Lon": 21.1542,
        "Time": "2017-05-14 02:05:33",
        "Lines": "N25",
        "Lat": 52.2395,
        "Brigade": "190"
      },
      {
        "Lon": 21.1558,
        "Time": "2017-05-14 02:05:43",
        "Lines": "N25",
        "Lat": 52.2399,
        "Brigade": "190"
      },
      {
        "Lon": 21.1561,
        "Time": "2017-05-14 02:05:48",
        "Lines": "N25",
        "Lat": 52.2398,
        "Brigade": "190"
      },
      {
        "Lon": 21.1569,
        "Time": "2017-05-14 02:06:08",
        "Lines": "N25",
        "Lat": 52.238,
        "Brigade": "190"
      },
      {
        "Lon": 21.1574,
        "Time": "2017-05-14 02:06:18",
        "Lines": "N25",
        "Lat": 52.2367,
        "Brigade": "190"
      },
      {
        "Lon": 21.1578,
        "Time": "2017-05-14 02:06:28",
        "Lines": "N25",
        "Lat": 52.2355,
        "Brigade": "190"
      },
      {
        "Lon": 21.1583,
        "Time": "2017-05-14 02:06:38",
        "Lines": "N25",
        "Lat": 52.2342,
        "Brigade": "190"
      },
      {
        "Lon": 21.1587,
        "Time": "2017-05-14 02:06:48",
        "Lines": "N25",
        "Lat": 52.233,
        "Brigade": "190"
      },
      {
        "Lon": 21.1591,
        "Time": "2017-05-14 02:07:03",
        "Lines": "N25",
        "Lat": 52.2319,
        "Brigade": "190"
      },
      {
        "Lon": 21.1592,
        "Time": "2017-05-14 02:07:13",
        "Lines": "N25",
        "Lat": 52.2318,
        "Brigade": "190"
      },
      {
        "Lon": 21.1593,
        "Time": "2017-05-14 02:07:23",
        "Lines": "N25",
        "Lat": 52.2314,
        "Brigade": "190"
      },
      {
        "Lon": 21.1598,
        "Time": "2017-05-14 02:07:33",
        "Lines": "N25",
        "Lat": 52.2302,
        "Brigade": "190"
      },
      {
        "Lon": 21.1603,
        "Time": "2017-05-14 02:07:43",
        "Lines": "N25",
        "Lat": 52.2289,
        "Brigade": "190"
      },
      {
        "Lon": 21.1609,
        "Time": "2017-05-14 02:07:57",
        "Lines": "N25",
        "Lat": 52.2274,
        "Brigade": "190"
      },
      {
        "Lon": 21.1609,
        "Time": "2017-05-14 02:08:08",
        "Lines": "N25",
        "Lat": 52.2273,
        "Brigade": "190"
      },
      {
        "Lon": 21.1611,
        "Time": "2017-05-14 02:08:18",
        "Lines": "N25",
        "Lat": 52.2268,
        "Brigade": "190"
      },
      {
        "Lon": 21.1613,
        "Time": "2017-05-14 02:08:28",
        "Lines": "N25",
        "Lat": 52.2264,
        "Brigade": "190"
      },
      {
        "Lon": 21.1613,
        "Time": "2017-05-14 02:08:38",
        "Lines": "N25",
        "Lat": 52.2262,
        "Brigade": "190"
      },
      {
        "Lon": 21.1616,
        "Time": "2017-05-14 02:08:51",
        "Lines": "N25",
        "Lat": 52.2251,
        "Brigade": "190"
      },
      {
        "Lon": 21.1621,
        "Time": "2017-05-14 02:09:02",
        "Lines": "N25",
        "Lat": 52.2237,
        "Brigade": "190"
      },
      {
        "Lon": 21.1626,
        "Time": "2017-05-14 02:09:13",
        "Lines": "N25",
        "Lat": 52.2224,
        "Brigade": "190"
      },
      {
        "Lon": 21.163,
        "Time": "2017-05-14 02:09:23",
        "Lines": "N25",
        "Lat": 52.2214,
        "Brigade": "190"
      },
      {
        "Lon": 21.1631,
        "Time": "2017-05-14 02:09:34",
        "Lines": "N25",
        "Lat": 52.2211,
        "Brigade": "190"
      },
      {
        "Lon": 21.1631,
        "Time": "2017-05-14 02:09:43",
        "Lines": "N25",
        "Lat": 52.221,
        "Brigade": "190"
      },
      {
        "Lon": 21.1637,
        "Time": "2017-05-14 02:09:58",
        "Lines": "N25",
        "Lat": 52.2193,
        "Brigade": "190"
      },
      {
        "Lon": 21.1641,
        "Time": "2017-05-14 02:10:08",
        "Lines": "N25",
        "Lat": 52.2182,
        "Brigade": "190"
      },
      {
        "Lon": 21.1646,
        "Time": "2017-05-14 02:10:18",
        "Lines": "N25",
        "Lat": 52.2171,
        "Brigade": "190"
      },
      {
        "Lon": 21.165,
        "Time": "2017-05-14 02:10:28",
        "Lines": "N25",
        "Lat": 52.2158,
        "Brigade": "190"
      },
      {
        "Lon": 21.1655,
        "Time": "2017-05-14 02:10:38",
        "Lines": "N25",
        "Lat": 52.2144,
        "Brigade": "190"
      },
      {
        "Lon": 21.1662,
        "Time": "2017-05-14 02:10:53",
        "Lines": "N25",
        "Lat": 52.2126,
        "Brigade": "190"
      },
      {
        "Lon": 21.1667,
        "Time": "2017-05-14 02:11:03",
        "Lines": "N25",
        "Lat": 52.2114,
        "Brigade": "190"
      },
      {
        "Lon": 21.1685,
        "Time": "2017-05-14 02:11:14",
        "Lines": "N25",
        "Lat": 52.2107,
        "Brigade": "190"
      },
      {
        "Lon": 21.17,
        "Time": "2017-05-14 02:11:23",
        "Lines": "N25",
        "Lat": 52.2104,
        "Brigade": "190"
      },
      {
        "Lon": 21.1714,
        "Time": "2017-05-14 02:11:36",
        "Lines": "N25",
        "Lat": 52.2098,
        "Brigade": "190"
      },
      {
        "Lon": 21.1715,
        "Time": "2017-05-14 02:11:37",
        "Lines": "N25",
        "Lat": 52.2097,
        "Brigade": "190"
      },
      {
        "Lon": 21.172,
        "Time": "2017-05-14 02:11:58",
        "Lines": "N25",
        "Lat": 52.2093,
        "Brigade": "190"
      },
      {
        "Lon": 21.1728,
        "Time": "2017-05-14 02:12:08",
        "Lines": "N25",
        "Lat": 52.2082,
        "Brigade": "190"
      },
      {
        "Lon": 21.1737,
        "Time": "2017-05-14 02:12:18",
        "Lines": "N25",
        "Lat": 52.207,
        "Brigade": "190"
      },
      {
        "Lon": 21.1744,
        "Time": "2017-05-14 02:12:28",
        "Lines": "N25",
        "Lat": 52.2063,
        "Brigade": "190"
      },
      {
        "Lon": 21.1751,
        "Time": "2017-05-14 02:12:43",
        "Lines": "N25",
        "Lat": 52.2061,
        "Brigade": "190"
      },
      {
        "Lon": 21.1758,
        "Time": "2017-05-14 02:12:53",
        "Lines": "N25",
        "Lat": 52.2061,
        "Brigade": "190"
      },
      {
        "Lon": 21.1759,
        "Time": "2017-05-14 02:13:08",
        "Lines": "N25",
        "Lat": 52.2061,
        "Brigade": "190"
      },
      {
        "Lon": 21.177,
        "Time": "2017-05-14 02:13:18",
        "Lines": "N25",
        "Lat": 52.2063,
        "Brigade": "190"
      },
      {
        "Lon": 21.1788,
        "Time": "2017-05-14 02:13:28",
        "Lines": "N25",
        "Lat": 52.2066,
        "Brigade": "190"
      },
      {
        "Lon": 21.1804,
        "Time": "2017-05-14 02:13:38",
        "Lines": "N25",
        "Lat": 52.2068,
        "Brigade": "190"
      },
      {
        "Lon": 21.1827,
        "Time": "2017-05-14 02:13:53",
        "Lines": "N25",
        "Lat": 52.2069,
        "Brigade": "190"
      },
      {
        "Lon": 21.1829,
        "Time": "2017-05-14 02:14:03",
        "Lines": "N25",
        "Lat": 52.2069,
        "Brigade": "190"
      },
      {
        "Lon": 21.1836,
        "Time": "2017-05-14 02:14:13",
        "Lines": "N25",
        "Lat": 52.2068,
        "Brigade": "190"
      },
      {
        "Lon": 21.1853,
        "Time": "2017-05-14 02:14:23",
        "Lines": "N25",
        "Lat": 52.2068,
        "Brigade": "190"
      },
      {
        "Lon": 21.1859,
        "Time": "2017-05-14 02:14:35",
        "Lines": "N25",
        "Lat": 52.2068,
        "Brigade": "190"
      },
      {
        "Lon": 21.1862,
        "Time": "2017-05-14 02:14:43",
        "Lines": "N25",
        "Lat": 52.2068,
        "Brigade": "190"
      },
      {
        "Lon": 21.1887,
        "Time": "2017-05-14 02:14:54",
        "Lines": "N25",
        "Lat": 52.2071,
        "Brigade": "190"
      },
      {
        "Lon": 21.1907,
        "Time": "2017-05-14 02:15:08",
        "Lines": "N25",
        "Lat": 52.2073,
        "Brigade": "190"
      },
      {
        "Lon": 21.1926,
        "Time": "2017-05-14 02:15:18",
        "Lines": "N25",
        "Lat": 52.2074,
        "Brigade": "190"
      },
      {
        "Lon": 21.1932,
        "Time": "2017-05-14 02:15:30",
        "Lines": "N25",
        "Lat": 52.2074,
        "Brigade": "190"
      },
      {
        "Lon": 21.1935,
        "Time": "2017-05-14 02:15:43",
        "Lines": "N25",
        "Lat": 52.2074,
        "Brigade": "190"
      },
      {
        "Lon": 21.1951,
        "Time": "2017-05-14 02:15:53",
        "Lines": "N25",
        "Lat": 52.2077,
        "Brigade": "190"
      },
      {
        "Lon": 21.1967,
        "Time": "2017-05-14 02:16:03",
        "Lines": "N25",
        "Lat": 52.2079,
        "Brigade": "190"
      },
      {
        "Lon": 21.1974,
        "Time": "2017-05-14 02:16:13",
        "Lines": "N25",
        "Lat": 52.2082,
        "Brigade": "190"
      },
      {
        "Lon": 21.197,
        "Time": "2017-05-14 02:16:23",
        "Lines": "N25",
        "Lat": 52.2083,
        "Brigade": "190"
      },
      {
        "Lon": 21.1966,
        "Time": "2017-05-14 02:16:38",
        "Lines": "N25",
        "Lat": 52.2083,
        "Brigade": "190"
      },
      {
        "Lon": 21.1966,
        "Time": "2017-05-14 02:16:48",
        "Lines": "N25",
        "Lat": 52.2083,
        "Brigade": "190"
      },
      {
        "Lon": 21.1966,
        "Time": "2017-05-14 02:16:58",
        "Lines": "N25",
        "Lat": 52.2083,
        "Brigade": "190"
      },
      {
        "Lon": 21.1966,
        "Time": "2017-05-14 02:17:08",
        "Lines": "N25",
        "Lat": 52.2083,
        "Brigade": "190"
      },
      {
        "Lon": 21.1966,
        "Time": "2017-05-14 02:17:18",
        "Lines": "N25",
        "Lat": 52.2083,
        "Brigade": "190"
      },
      {
        "Lon": 21.1965,
        "Time": "2017-05-14 02:17:33",
        "Lines": "N25",
        "Lat": 52.2083,
        "Brigade": "190"
      },
      {
        "Lon": 21.1965,
        "Time": "2017-05-14 02:17:43",
        "Lines": "N25",
        "Lat": 52.2083,
        "Brigade": "190"
      },
      {
        "Lon": 21.1966,
        "Time": "2017-05-14 02:17:53",
        "Lines": "N25",
        "Lat": 52.2083,
        "Brigade": "190"
      },
      {
        "Lon": 21.1966,
        "Time": "2017-05-14 02:18:03",
        "Lines": "N25",
        "Lat": 52.2083,
        "Brigade": "190"
      },
      {
        "Lon": 21.1966,
        "Time": "2017-05-14 02:18:13",
        "Lines": "N25",
        "Lat": 52.2083,
        "Brigade": "190"
      },
      {
        "Lon": 21.1966,
        "Time": "2017-05-14 02:18:23",
        "Lines": "N25",
        "Lat": 52.2083,
        "Brigade": "190"
      },
      {
        "Lon": 21.1966,
        "Time": "2017-05-14 02:18:38",
        "Lines": "N25",
        "Lat": 52.2083,
        "Brigade": "190"
      },
      {
        "Lon": 21.1966,
        "Time": "2017-05-14 02:18:48",
        "Lines": "N25",
        "Lat": 52.2083,
        "Brigade": "190"
      },
      {
        "Lon": 21.1966,
        "Time": "2017-05-14 02:18:58",
        "Lines": "N25",
        "Lat": 52.2083,
        "Brigade": "190"
      },
      {
        "Lon": 21.1966,
        "Time": "2017-05-14 02:19:08",
        "Lines": "N25",
        "Lat": 52.2083,
        "Brigade": "190"
      },
      {
        "Lon": 21.1966,
        "Time": "2017-05-14 02:19:18",
        "Lines": "N25",
        "Lat": 52.2083,
        "Brigade": "190"
      },
      {
        "Lon": 21.1966,
        "Time": "2017-05-14 02:19:33",
        "Lines": "N25",
        "Lat": 52.2083,
        "Brigade": "190"
      },
      {
        "Lon": 21.1966,
        "Time": "2017-05-14 02:19:43",
        "Lines": "N25",
        "Lat": 52.2083,
        "Brigade": "190"
      },
      {
        "Lon": 21.1967,
        "Time": "2017-05-14 02:19:53",
        "Lines": "N25",
        "Lat": 52.2083,
        "Brigade": "190"
      },
      {
        "Lon": 21.1967,
        "Time": "2017-05-14 02:20:03",
        "Lines": "N25",
        "Lat": 52.2083,
        "Brigade": "190"
      },
      {
        "Lon": 21.1966,
        "Time": "2017-05-14 02:20:18",
        "Lines": "N25",
        "Lat": 52.2083,
        "Brigade": "190"
      },
      {
        "Lon": 21.1966,
        "Time": "2017-05-14 02:20:23",
        "Lines": "N25",
        "Lat": 52.2083,
        "Brigade": "190"
      },
      {
        "Lon": 21.1966,
        "Time": "2017-05-14 02:20:38",
        "Lines": "N25",
        "Lat": 52.2083,
        "Brigade": "190"
      },
      {
        "Lon": 21.1965,
        "Time": "2017-05-14 02:20:48",
        "Lines": "N25",
        "Lat": 52.2083,
        "Brigade": "190"
      },
      {
        "Lon": 21.1965,
        "Time": "2017-05-14 02:20:58",
        "Lines": "N25",
        "Lat": 52.2083,
        "Brigade": "190"
      },
      {
        "Lon": 21.1966,
        "Time": "2017-05-14 02:21:08",
        "Lines": "N25",
        "Lat": 52.2083,
        "Brigade": "190"
      },
      {
        "Lon": 21.1966,
        "Time": "2017-05-14 02:21:23",
        "Lines": "N25",
        "Lat": 52.2083,
        "Brigade": "190"
      },
      {
        "Lon": 21.1967,
        "Time": "2017-05-14 02:21:33",
        "Lines": "N25",
        "Lat": 52.2083,
        "Brigade": "190"
      },
      {
        "Lon": 21.1967,
        "Time": "2017-05-14 02:21:43",
        "Lines": "N25",
        "Lat": 52.2083,
        "Brigade": "190"
      },
      {
        "Lon": 21.1966,
        "Time": "2017-05-14 02:21:53",
        "Lines": "N25",
        "Lat": 52.2083,
        "Brigade": "190"
      },
      {
        "Lon": 21.1966,
        "Time": "2017-05-14 02:22:03",
        "Lines": "N25",
        "Lat": 52.2083,
        "Brigade": "190"
      },
      {
        "Lon": 21.1966,
        "Time": "2017-05-14 02:22:18",
        "Lines": "N25",
        "Lat": 52.2083,
        "Brigade": "190"
      },
      {
        "Lon": 21.1966,
        "Time": "2017-05-14 02:22:28",
        "Lines": "N25",
        "Lat": 52.2083,
        "Brigade": "190"
      },
      {
        "Lon": 21.1966,
        "Time": "2017-05-14 02:22:43",
        "Lines": "N25",
        "Lat": 52.2083,
        "Brigade": "190"
      },
      {
        "Lon": 21.1966,
        "Time": "2017-05-14 02:22:53",
        "Lines": "N25",
        "Lat": 52.2083,
        "Brigade": "190"
      },
      {
        "Lon": 21.1966,
        "Time": "2017-05-14 02:23:03",
        "Lines": "N25",
        "Lat": 52.2083,
        "Brigade": "190"
      },
      {
        "Lon": 21.1966,
        "Time": "2017-05-14 02:23:13",
        "Lines": "N25",
        "Lat": 52.2083,
        "Brigade": "190"
      },
      {
        "Lon": 21.1966,
        "Time": "2017-05-14 02:23:28",
        "Lines": "N25",
        "Lat": 52.2083,
        "Brigade": "190"
      },
      {
        "Lon": 21.1966,
        "Time": "2017-05-14 02:23:38",
        "Lines": "N25",
        "Lat": 52.2083,
        "Brigade": "190"
      },
      {
        "Lon": 21.1967,
        "Time": "2017-05-14 02:23:48",
        "Lines": "N25",
        "Lat": 52.2083,
        "Brigade": "190"
      },
      {
        "Lon": 21.1967,
        "Time": "2017-05-14 02:23:58",
        "Lines": "N25",
        "Lat": 52.2083,
        "Brigade": "190"
      },
      {
        "Lon": 21.1967,
        "Time": "2017-05-14 02:24:11",
        "Lines": "N25",
        "Lat": 52.2083,
        "Brigade": "190"
      },
      {
        "Lon": 21.1965,
        "Time": "2017-05-14 02:24:23",
        "Lines": "N25",
        "Lat": 52.2081,
        "Brigade": "190"
      },
      {
        "Lon": 21.1961,
        "Time": "2017-05-14 02:24:33",
        "Lines": "N25",
        "Lat": 52.2079,
        "Brigade": "190"
      },
      {
        "Lon": 21.1945,
        "Time": "2017-05-14 02:24:43",
        "Lines": "N25",
        "Lat": 52.2076,
        "Brigade": "190"
      },
      {
        "Lon": 21.1927,
        "Time": "2017-05-14 02:24:53",
        "Lines": "N25",
        "Lat": 52.2075,
        "Brigade": "190"
      },
      {
        "Lon": 21.1912,
        "Time": "2017-05-14 02:25:03",
        "Lines": "N25",
        "Lat": 52.2074,
        "Brigade": "190"
      },
      {
        "Lon": 21.1896,
        "Time": "2017-05-14 02:25:13",
        "Lines": "N25",
        "Lat": 52.2072,
        "Brigade": "190"
      },
      {
        "Lon": 21.1873,
        "Time": "2017-05-14 02:25:28",
        "Lines": "N25",
        "Lat": 52.207,
        "Brigade": "190"
      },
      {
        "Lon": 21.1858,
        "Time": "2017-05-14 02:25:38",
        "Lines": "N25",
        "Lat": 52.2069,
        "Brigade": "190"
      },
      {
        "Lon": 21.1843,
        "Time": "2017-05-14 02:25:48",
        "Lines": "N25",
        "Lat": 52.2069,
        "Brigade": "190"
      },
      {
        "Lon": 21.183,
        "Time": "2017-05-14 02:25:58",
        "Lines": "N25",
        "Lat": 52.2069,
        "Brigade": "190"
      },
      {
        "Lon": 21.1808,
        "Time": "2017-05-14 02:26:13",
        "Lines": "N25",
        "Lat": 52.207,
        "Brigade": "190"
      },
      {
        "Lon": 21.1792,
        "Time": "2017-05-14 02:26:23",
        "Lines": "N25",
        "Lat": 52.2068,
        "Brigade": "190"
      },
      {
        "Lon": 21.1777,
        "Time": "2017-05-14 02:26:33",
        "Lines": "N25",
        "Lat": 52.2065,
        "Brigade": "190"
      },
      {
        "Lon": 21.1764,
        "Time": "2017-05-14 02:26:43",
        "Lines": "N25",
        "Lat": 52.2063,
        "Brigade": "190"
      },
      {
        "Lon": 21.1757,
        "Time": "2017-05-14 02:26:55",
        "Lines": "N25",
        "Lat": 52.2062,
        "Brigade": "190"
      },
      {
        "Lon": 21.1757,
        "Time": "2017-05-14 02:27:03",
        "Lines": "N25",
        "Lat": 52.2062,
        "Brigade": "190"
      },
      {
        "Lon": 21.1745,
        "Time": "2017-05-14 02:27:18",
        "Lines": "N25",
        "Lat": 52.2064,
        "Brigade": "190"
      },
      {
        "Lon": 21.1737,
        "Time": "2017-05-14 02:27:27",
        "Lines": "N25",
        "Lat": 52.2071,
        "Brigade": "190"
      },
      {
        "Lon": 21.1728,
        "Time": "2017-05-14 02:27:37",
        "Lines": "N25",
        "Lat": 52.2082,
        "Brigade": "190"
      },
      {
        "Lon": 21.1719,
        "Time": "2017-05-14 02:27:47",
        "Lines": "N25",
        "Lat": 52.2094,
        "Brigade": "190"
      },
      {
        "Lon": 21.1708,
        "Time": "2017-05-14 02:27:57",
        "Lines": "N25",
        "Lat": 52.2102,
        "Brigade": "190"
      },
      {
        "Lon": 21.1701,
        "Time": "2017-05-14 02:28:11",
        "Lines": "N25",
        "Lat": 52.2104,
        "Brigade": "190"
      },
      {
        "Lon": 21.1695,
        "Time": "2017-05-14 02:28:22",
        "Lines": "N25",
        "Lat": 52.2105,
        "Brigade": "190"
      },
      {
        "Lon": 21.1679,
        "Time": "2017-05-14 02:28:32",
        "Lines": "N25",
        "Lat": 52.2107,
        "Brigade": "190"
      },
      {
        "Lon": 21.1669,
        "Time": "2017-05-14 02:28:42",
        "Lines": "N25",
        "Lat": 52.2113,
        "Brigade": "190"
      },
      {
        "Lon": 21.1663,
        "Time": "2017-05-14 02:28:52",
        "Lines": "N25",
        "Lat": 52.2124,
        "Brigade": "190"
      },
      {
        "Lon": 21.1658,
        "Time": "2017-05-14 02:29:07",
        "Lines": "N25",
        "Lat": 52.2139,
        "Brigade": "190"
      },
      {
        "Lon": 21.1654,
        "Time": "2017-05-14 02:29:17",
        "Lines": "N25",
        "Lat": 52.2149,
        "Brigade": "190"
      },
      {
        "Lon": 21.165,
        "Time": "2017-05-14 02:29:27",
        "Lines": "N25",
        "Lat": 52.216,
        "Brigade": "190"
      },
      {
        "Lon": 21.1646,
        "Time": "2017-05-14 02:29:37",
        "Lines": "N25",
        "Lat": 52.217,
        "Brigade": "190"
      },
      {
        "Lon": 21.1642,
        "Time": "2017-05-14 02:29:47",
        "Lines": "N25",
        "Lat": 52.218,
        "Brigade": "190"
      },
      {
        "Lon": 21.1636,
        "Time": "2017-05-14 02:30:02",
        "Lines": "N25",
        "Lat": 52.2197,
        "Brigade": "190"
      },
      {
        "Lon": 21.1632,
        "Time": "2017-05-14 02:30:12",
        "Lines": "N25",
        "Lat": 52.2208,
        "Brigade": "190"
      },
      {
        "Lon": 21.1629,
        "Time": "2017-05-14 02:30:22",
        "Lines": "N25",
        "Lat": 52.2217,
        "Brigade": "190"
      },
      {
        "Lon": 21.1625,
        "Time": "2017-05-14 02:30:32",
        "Lines": "N25",
        "Lat": 52.2228,
        "Brigade": "190"
      },
      {
        "Lon": 21.162,
        "Time": "2017-05-14 02:30:47",
        "Lines": "N25",
        "Lat": 52.2243,
        "Brigade": "190"
      },
      {
        "Lon": 21.1617,
        "Time": "2017-05-14 02:30:57",
        "Lines": "N25",
        "Lat": 52.2252,
        "Brigade": "190"
      },
      {
        "Lon": 21.1615,
        "Time": "2017-05-14 02:31:07",
        "Lines": "N25",
        "Lat": 52.2257,
        "Brigade": "190"
      },
      {
        "Lon": 21.1615,
        "Time": "2017-05-14 02:31:17",
        "Lines": "N25",
        "Lat": 52.2258,
        "Brigade": "190"
      },
      {
        "Lon": 21.1612,
        "Time": "2017-05-14 02:31:27",
        "Lines": "N25",
        "Lat": 52.2266,
        "Brigade": "190"
      },
      {
        "Lon": 21.1607,
        "Time": "2017-05-14 02:31:42",
        "Lines": "N25",
        "Lat": 52.228,
        "Brigade": "190"
      },
      {
        "Lon": 21.1603,
        "Time": "2017-05-14 02:31:52",
        "Lines": "N25",
        "Lat": 52.2292,
        "Brigade": "190"
      },
      {
        "Lon": 21.1598,
        "Time": "2017-05-14 02:32:02",
        "Lines": "N25",
        "Lat": 52.2303,
        "Brigade": "190"
      },
      {
        "Lon": 21.1594,
        "Time": "2017-05-14 02:32:12",
        "Lines": "N25",
        "Lat": 52.2314,
        "Brigade": "190"
      },
      {
        "Lon": 21.1588,
        "Time": "2017-05-14 02:32:27",
        "Lines": "N25",
        "Lat": 52.233,
        "Brigade": "190"
      },
      {
        "Lon": 21.1584,
        "Time": "2017-05-14 02:32:37",
        "Lines": "N25",
        "Lat": 52.234,
        "Brigade": "190"
      },
      {
        "Lon": 21.158,
        "Time": "2017-05-14 02:32:47",
        "Lines": "N25",
        "Lat": 52.2351,
        "Brigade": "190"
      },
      {
        "Lon": 21.1575,
        "Time": "2017-05-14 02:32:57",
        "Lines": "N25",
        "Lat": 52.2362,
        "Brigade": "190"
      },
      {
        "Lon": 21.1569,
        "Time": "2017-05-14 02:33:12",
        "Lines": "N25",
        "Lat": 52.2378,
        "Brigade": "190"
      },
      {
        "Lon": 21.1565,
        "Time": "2017-05-14 02:33:22",
        "Lines": "N25",
        "Lat": 52.2388,
        "Brigade": "190"
      },
      {
        "Lon": 21.1562,
        "Time": "2017-05-14 02:33:32",
        "Lines": "N25",
        "Lat": 52.2398,
        "Brigade": "190"
      },
      {
        "Lon": 21.156,
        "Time": "2017-05-14 02:33:37",
        "Lines": "N25",
        "Lat": 52.2399,
        "Brigade": "190"
      },
      {
        "Lon": 21.1551,
        "Time": "2017-05-14 02:33:52",
        "Lines": "N25",
        "Lat": 52.2398,
        "Brigade": "190"
      },
      {
        "Lon": 21.1549,
        "Time": "2017-05-14 02:34:07",
        "Lines": "N25",
        "Lat": 52.2397,
        "Brigade": "190"
      },
      {
        "Lon": 21.1538,
        "Time": "2017-05-14 02:34:17",
        "Lines": "N25",
        "Lat": 52.2395,
        "Brigade": "190"
      },
      {
        "Lon": 21.1523,
        "Time": "2017-05-14 02:34:27",
        "Lines": "N25",
        "Lat": 52.2392,
        "Brigade": "190"
      },
      {
        "Lon": 21.1504,
        "Time": "2017-05-14 02:34:37",
        "Lines": "N25",
        "Lat": 52.2388,
        "Brigade": "190"
      },
      {
        "Lon": 21.1489,
        "Time": "2017-05-14 02:34:47",
        "Lines": "N25",
        "Lat": 52.2385,
        "Brigade": "190"
      },
      {
        "Lon": 21.146,
        "Time": "2017-05-14 02:35:02",
        "Lines": "N25",
        "Lat": 52.238,
        "Brigade": "190"
      },
      {
        "Lon": 21.1444,
        "Time": "2017-05-14 02:35:12",
        "Lines": "N25",
        "Lat": 52.2377,
        "Brigade": "190"
      },
      {
        "Lon": 21.1432,
        "Time": "2017-05-14 02:35:26",
        "Lines": "N25",
        "Lat": 52.2374,
        "Brigade": "190"
      },
      {
        "Lon": 21.1432,
        "Time": "2017-05-14 02:35:32",
        "Lines": "N25",
        "Lat": 52.2374,
        "Brigade": "190"
      },
      {
        "Lon": 21.1421,
        "Time": "2017-05-14 02:35:47",
        "Lines": "N25",
        "Lat": 52.2372,
        "Brigade": "190"
      },
      {
        "Lon": 21.1414,
        "Time": "2017-05-14 02:35:57",
        "Lines": "N25",
        "Lat": 52.237,
        "Brigade": "190"
      },
      {
        "Lon": 21.1401,
        "Time": "2017-05-14 02:36:07",
        "Lines": "N25",
        "Lat": 52.2368,
        "Brigade": "190"
      },
      {
        "Lon": 21.1395,
        "Time": "2017-05-14 02:36:17",
        "Lines": "N25",
        "Lat": 52.2371,
        "Brigade": "190"
      },
      {
        "Lon": 21.1389,
        "Time": "2017-05-14 02:36:27",
        "Lines": "N25",
        "Lat": 52.238,
        "Brigade": "190"
      },
      {
        "Lon": 21.138,
        "Time": "2017-05-14 02:36:42",
        "Lines": "N25",
        "Lat": 52.2397,
        "Brigade": "190"
      },
      {
        "Lon": 21.1374,
        "Time": "2017-05-14 02:36:52",
        "Lines": "N25",
        "Lat": 52.2407,
        "Brigade": "190"
      },
      {
        "Lon": 21.1363,
        "Time": "2017-05-14 02:37:02",
        "Lines": "N25",
        "Lat": 52.2413,
        "Brigade": "190"
      },
      {
        "Lon": 21.1357,
        "Time": "2017-05-14 02:37:12",
        "Lines": "N25",
        "Lat": 52.2416,
        "Brigade": "190"
      },
      {
        "Lon": 21.1352,
        "Time": "2017-05-14 02:37:22",
        "Lines": "N25",
        "Lat": 52.2417,
        "Brigade": "190"
      },
      {
        "Lon": 21.1336,
        "Time": "2017-05-14 02:37:37",
        "Lines": "N25",
        "Lat": 52.2406,
        "Brigade": "190"
      },
      {
        "Lon": 21.1324,
        "Time": "2017-05-14 02:37:47",
        "Lines": "N25",
        "Lat": 52.2396,
        "Brigade": "190"
      },
      {
        "Lon": 21.1316,
        "Time": "2017-05-14 02:37:57",
        "Lines": "N25",
        "Lat": 52.2389,
        "Brigade": "190"
      },
      {
        "Lon": 21.1308,
        "Time": "2017-05-14 02:38:07",
        "Lines": "N25",
        "Lat": 52.2379,
        "Brigade": "190"
      },
      {
        "Lon": 21.13,
        "Time": "2017-05-14 02:38:17",
        "Lines": "N25",
        "Lat": 52.2369,
        "Brigade": "190"
      },
      {
        "Lon": 21.1286,
        "Time": "2017-05-14 02:38:32",
        "Lines": "N25",
        "Lat": 52.2356,
        "Brigade": "190"
      },
      {
        "Lon": 21.1278,
        "Time": "2017-05-14 02:38:42",
        "Lines": "N25",
        "Lat": 52.2348,
        "Brigade": "190"
      },
      {
        "Lon": 21.1273,
        "Time": "2017-05-14 02:38:52",
        "Lines": "N25",
        "Lat": 52.2343,
        "Brigade": "190"
      },
      {
        "Lon": 21.1268,
        "Time": "2017-05-14 02:39:02",
        "Lines": "N25",
        "Lat": 52.2342,
        "Brigade": "190"
      },
      {
        "Lon": 21.1261,
        "Time": "2017-05-14 02:39:17",
        "Lines": "N25",
        "Lat": 52.2337,
        "Brigade": "190"
      },
      {
        "Lon": 21.125,
        "Time": "2017-05-14 02:39:27",
        "Lines": "N25",
        "Lat": 52.2334,
        "Brigade": "190"
      },
      {
        "Lon": 21.1233,
        "Time": "2017-05-14 02:39:37",
        "Lines": "N25",
        "Lat": 52.233,
        "Brigade": "190"
      },
      {
        "Lon": 21.1214,
        "Time": "2017-05-14 02:39:47",
        "Lines": "N25",
        "Lat": 52.2328,
        "Brigade": "190"
      },
      {
        "Lon": 21.1205,
        "Time": "2017-05-14 02:39:52",
        "Lines": "N25",
        "Lat": 52.2327,
        "Brigade": "190"
      },
      {
        "Lon": 21.1176,
        "Time": "2017-05-14 02:40:12",
        "Lines": "N25",
        "Lat": 52.2327,
        "Brigade": "190"
      },
      {
        "Lon": 21.1162,
        "Time": "2017-05-14 02:40:22",
        "Lines": "N25",
        "Lat": 52.2328,
        "Brigade": "190"
      },
      {
        "Lon": 21.1145,
        "Time": "2017-05-14 02:40:32",
        "Lines": "N25",
        "Lat": 52.233,
        "Brigade": "190"
      },
      {
        "Lon": 21.1128,
        "Time": "2017-05-14 02:40:42",
        "Lines": "N25",
        "Lat": 52.2332,
        "Brigade": "190"
      },
      {
        "Lon": 21.1102,
        "Time": "2017-05-14 02:40:57",
        "Lines": "N25",
        "Lat": 52.2335,
        "Brigade": "190"
      },
      {
        "Lon": 21.1085,
        "Time": "2017-05-14 02:41:07",
        "Lines": "N25",
        "Lat": 52.2337,
        "Brigade": "190"
      },
      {
        "Lon": 21.1067,
        "Time": "2017-05-14 02:41:17",
        "Lines": "N25",
        "Lat": 52.2339,
        "Brigade": "190"
      },
      {
        "Lon": 21.1048,
        "Time": "2017-05-14 02:41:27",
        "Lines": "N25",
        "Lat": 52.234,
        "Brigade": "190"
      },
      {
        "Lon": 21.1027,
        "Time": "2017-05-14 02:41:37",
        "Lines": "N25",
        "Lat": 52.2342,
        "Brigade": "190"
      },
      {
        "Lon": 21.101,
        "Time": "2017-05-14 02:41:47",
        "Lines": "N25",
        "Lat": 52.2344,
        "Brigade": "190"
      },
      {
        "Lon": 21.0989,
        "Time": "2017-05-14 02:42:02",
        "Lines": "N25",
        "Lat": 52.2347,
        "Brigade": "190"
      },
      {
        "Lon": 21.0987,
        "Time": "2017-05-14 02:42:12",
        "Lines": "N25",
        "Lat": 52.2347,
        "Brigade": "190"
      },
      {
        "Lon": 21.0987,
        "Time": "2017-05-14 02:42:22",
        "Lines": "N25",
        "Lat": 52.2347,
        "Brigade": "190"
      },
      {
        "Lon": 21.0983,
        "Time": "2017-05-14 02:42:32",
        "Lines": "N25",
        "Lat": 52.2347,
        "Brigade": "190"
      },
      {
        "Lon": 21.0979,
        "Time": "2017-05-14 02:42:47",
        "Lines": "N25",
        "Lat": 52.2348,
        "Brigade": "190"
      },
      {
        "Lon": 21.0979,
        "Time": "2017-05-14 02:42:57",
        "Lines": "N25",
        "Lat": 52.2348,
        "Brigade": "190"
      },
      {
        "Lon": 21.0971,
        "Time": "2017-05-14 02:43:07",
        "Lines": "N25",
        "Lat": 52.2349,
        "Brigade": "190"
      },
      {
        "Lon": 21.0953,
        "Time": "2017-05-14 02:43:17",
        "Lines": "N25",
        "Lat": 52.2351,
        "Brigade": "190"
      },
      {
        "Lon": 21.0933,
        "Time": "2017-05-14 02:43:27",
        "Lines": "N25",
        "Lat": 52.2353,
        "Brigade": "190"
      },
      {
        "Lon": 21.0903,
        "Time": "2017-05-14 02:43:42",
        "Lines": "N25",
        "Lat": 52.2358,
        "Brigade": "190"
      },
      {
        "Lon": 21.0885,
        "Time": "2017-05-14 02:43:52",
        "Lines": "N25",
        "Lat": 52.2361,
        "Brigade": "190"
      },
      {
        "Lon": 21.0879,
        "Time": "2017-05-14 02:44:04",
        "Lines": "N25",
        "Lat": 52.2362,
        "Brigade": "190"
      },
      {
        "Lon": 21.0877,
        "Time": "2017-05-14 02:44:12",
        "Lines": "N25",
        "Lat": 52.2362,
        "Brigade": "190"
      },
      {
        "Lon": 21.0851,
        "Time": "2017-05-14 02:44:27",
        "Lines": "N25",
        "Lat": 52.2362,
        "Brigade": "190"
      },
      {
        "Lon": 21.0832,
        "Time": "2017-05-14 02:44:37",
        "Lines": "N25",
        "Lat": 52.2359,
        "Brigade": "190"
      },
      {
        "Lon": 21.0816,
        "Time": "2017-05-14 02:44:47",
        "Lines": "N25",
        "Lat": 52.2358,
        "Brigade": "190"
      },
      {
        "Lon": 21.0796,
        "Time": "2017-05-14 02:44:57",
        "Lines": "N25",
        "Lat": 52.2355,
        "Brigade": "190"
      },
      {
        "Lon": 21.078,
        "Time": "2017-05-14 02:45:07",
        "Lines": "N25",
        "Lat": 52.2353,
        "Brigade": "190"
      },
      {
        "Lon": 21.0765,
        "Time": "2017-05-14 02:45:22",
        "Lines": "N25",
        "Lat": 52.234,
        "Brigade": "190"
      },
      {
        "Lon": 21.0752,
        "Time": "2017-05-14 02:45:32",
        "Lines": "N25",
        "Lat": 52.2331,
        "Brigade": "190"
      },
      {
        "Lon": 21.0737,
        "Time": "2017-05-14 02:45:42",
        "Lines": "N25",
        "Lat": 52.2322,
        "Brigade": "190"
      },
      {
        "Lon": 21.0721,
        "Time": "2017-05-14 02:45:52",
        "Lines": "N25",
        "Lat": 52.2314,
        "Brigade": "190"
      },
      {
        "Lon": 21.0703,
        "Time": "2017-05-14 02:46:02",
        "Lines": "N25",
        "Lat": 52.2308,
        "Brigade": "190"
      },
      {
        "Lon": 21.0677,
        "Time": "2017-05-14 02:46:17",
        "Lines": "N25",
        "Lat": 52.23,
        "Brigade": "190"
      },
      {
        "Lon": 21.066,
        "Time": "2017-05-14 02:46:27",
        "Lines": "N25",
        "Lat": 52.2295,
        "Brigade": "190"
      },
      {
        "Lon": 21.0646,
        "Time": "2017-05-14 02:46:37",
        "Lines": "N25",
        "Lat": 52.2292,
        "Brigade": "190"
      },
      {
        "Lon": 21.0631,
        "Time": "2017-05-14 02:46:47",
        "Lines": "N25",
        "Lat": 52.2288,
        "Brigade": "190"
      },
      {
        "Lon": 21.0618,
        "Time": "2017-05-14 02:46:57",
        "Lines": "N25",
        "Lat": 52.2284,
        "Brigade": "190"
      },
      {
        "Lon": 21.0604,
        "Time": "2017-05-14 02:47:07",
        "Lines": "N25",
        "Lat": 52.228,
        "Brigade": "190"
      },
      {
        "Lon": 21.0583,
        "Time": "2017-05-14 02:47:22",
        "Lines": "N25",
        "Lat": 52.2274,
        "Brigade": "190"
      },
      {
        "Lon": 21.0569,
        "Time": "2017-05-14 02:47:32",
        "Lines": "N25",
        "Lat": 52.2271,
        "Brigade": "190"
      },
      {
        "Lon": 21.0555,
        "Time": "2017-05-14 02:47:42",
        "Lines": "N25",
        "Lat": 52.2267,
        "Brigade": "190"
      },
      {
        "Lon": 21.0542,
        "Time": "2017-05-14 02:47:55",
        "Lines": "N25",
        "Lat": 52.2265,
        "Brigade": "190"
      },
      {
        "Lon": 21.0541,
        "Time": "2017-05-14 02:48:02",
        "Lines": "N25",
        "Lat": 52.2265,
        "Brigade": "190"
      },
      {
        "Lon": 21.0532,
        "Time": "2017-05-14 02:48:17",
        "Lines": "N25",
        "Lat": 52.2263,
        "Brigade": "190"
      },
      {
        "Lon": 21.0516,
        "Time": "2017-05-14 02:48:27",
        "Lines": "N25",
        "Lat": 52.2259,
        "Brigade": "190"
      },
      {
        "Lon": 21.0498,
        "Time": "2017-05-14 02:48:37",
        "Lines": "N25",
        "Lat": 52.2256,
        "Brigade": "190"
      },
      {
        "Lon": 21.0481,
        "Time": "2017-05-14 02:48:47",
        "Lines": "N25",
        "Lat": 52.2252,
        "Brigade": "190"
      },
      {
        "Lon": 21.0454,
        "Time": "2017-05-14 02:49:02",
        "Lines": "N25",
        "Lat": 52.2247,
        "Brigade": "190"
      },
      {
        "Lon": 21.0439,
        "Time": "2017-05-14 02:49:12",
        "Lines": "N25",
        "Lat": 52.2244,
        "Brigade": "190"
      },
      {
        "Lon": 21.0436,
        "Time": "2017-05-14 02:49:22",
        "Lines": "N25",
        "Lat": 52.2243,
        "Brigade": "190"
      },
      {
        "Lon": 21.0436,
        "Time": "2017-05-14 02:49:33",
        "Lines": "N25",
        "Lat": 52.2243,
        "Brigade": "190"
      },
      {
        "Lon": 21.0436,
        "Time": "2017-05-14 02:49:42",
        "Lines": "N25",
        "Lat": 52.2243,
        "Brigade": "190"
      },
      {
        "Lon": 21.0422,
        "Time": "2017-05-14 02:49:55",
        "Lines": "N25",
        "Lat": 52.224,
        "Brigade": "190"
      },
      {
        "Lon": 21.0403,
        "Time": "2017-05-14 02:50:07",
        "Lines": "N25",
        "Lat": 52.2235,
        "Brigade": "190"
      },
      {
        "Lon": 21.0389,
        "Time": "2017-05-14 02:50:17",
        "Lines": "N25",
        "Lat": 52.223,
        "Brigade": "190"
      },
      {
        "Lon": 21.0374,
        "Time": "2017-05-14 02:50:27",
        "Lines": "N25",
        "Lat": 52.2225,
        "Brigade": "190"
      },
      {
        "Lon": 21.0371,
        "Time": "2017-05-14 02:50:37",
        "Lines": "N25",
        "Lat": 52.2224,
        "Brigade": "190"
      },
      {
        "Lon": 21.0371,
        "Time": "2017-05-14 02:50:47",
        "Lines": "N25",
        "Lat": 52.2224,
        "Brigade": "190"
      },
      {
        "Lon": 21.0348,
        "Time": "2017-05-14 02:51:02",
        "Lines": "N25",
        "Lat": 52.2218,
        "Brigade": "190"
      },
      {
        "Lon": 21.0337,
        "Time": "2017-05-14 02:51:12",
        "Lines": "N25",
        "Lat": 52.2215,
        "Brigade": "190"
      },
      {
        "Lon": 21.0319,
        "Time": "2017-05-14 02:51:22",
        "Lines": "N25",
        "Lat": 52.221,
        "Brigade": "190"
      },
      {
        "Lon": 21.0298,
        "Time": "2017-05-14 02:51:32",
        "Lines": "N25",
        "Lat": 52.2205,
        "Brigade": "190"
      },
      {
        "Lon": 21.0272,
        "Time": "2017-05-14 02:51:47",
        "Lines": "N25",
        "Lat": 52.2199,
        "Brigade": "190"
      },
      {
        "Lon": 21.026,
        "Time": "2017-05-14 02:51:57",
        "Lines": "N25",
        "Lat": 52.2196,
        "Brigade": "190"
      },
      {
        "Lon": 21.026,
        "Time": "2017-05-14 02:52:07",
        "Lines": "N25",
        "Lat": 52.2196,
        "Brigade": "190"
      },
      {
        "Lon": 21.0259,
        "Time": "2017-05-14 02:52:17",
        "Lines": "N25",
        "Lat": 52.2196,
        "Brigade": "190"
      },
      {
        "Lon": 21.0236,
        "Time": "2017-05-14 02:52:32",
        "Lines": "N25",
        "Lat": 52.219,
        "Brigade": "190"
      },
      {
        "Lon": 21.0218,
        "Time": "2017-05-14 02:52:42",
        "Lines": "N25",
        "Lat": 52.2186,
        "Brigade": "190"
      },
      {
        "Lon": 21.02,
        "Time": "2017-05-14 02:52:52",
        "Lines": "N25",
        "Lat": 52.2181,
        "Brigade": "190"
      },
      {
        "Lon": 21.0196,
        "Time": "2017-05-14 02:53:05",
        "Lines": "N25",
        "Lat": 52.218,
        "Brigade": "190"
      },
      {
        "Lon": 21.0194,
        "Time": "2017-05-14 02:53:17",
        "Lines": "N25",
        "Lat": 52.218,
        "Brigade": "190"
      },
      {
        "Lon": 21.0179,
        "Time": "2017-05-14 02:53:27",
        "Lines": "N25",
        "Lat": 52.2177,
        "Brigade": "190"
      },
      {
        "Lon": 21.0166,
        "Time": "2017-05-14 02:53:37",
        "Lines": "N25",
        "Lat": 52.2174,
        "Brigade": "190"
      },
      {
        "Lon": 21.0156,
        "Time": "2017-05-14 02:53:47",
        "Lines": "N25",
        "Lat": 52.2175,
        "Brigade": "190"
      },
      {
        "Lon": 21.0155,
        "Time": "2017-05-14 02:53:57",
        "Lines": "N25",
        "Lat": 52.218,
        "Brigade": "190"
      },
      {
        "Lon": 21.0153,
        "Time": "2017-05-14 02:54:12",
        "Lines": "N25",
        "Lat": 52.2182,
        "Brigade": "190"
      },
      {
        "Lon": 21.0154,
        "Time": "2017-05-14 02:54:22",
        "Lines": "N25",
        "Lat": 52.2185,
        "Brigade": "190"
      },
      {
        "Lon": 21.0155,
        "Time": "2017-05-14 02:54:32",
        "Lines": "N25",
        "Lat": 52.2193,
        "Brigade": "190"
      },
      {
        "Lon": 21.0156,
        "Time": "2017-05-14 02:54:42",
        "Lines": "N25",
        "Lat": 52.2199,
        "Brigade": "190"
      },
      {
        "Lon": 21.0157,
        "Time": "2017-05-14 02:55:07",
        "Lines": "N25",
        "Lat": 52.2212,
        "Brigade": "190"
      },
      {
        "Lon": 21.0157,
        "Time": "2017-05-14 02:55:17",
        "Lines": "N25",
        "Lat": 52.2213,
        "Brigade": "190"
      },
      {
        "Lon": 21.0157,
        "Time": "2017-05-14 02:55:27",
        "Lines": "N25",
        "Lat": 52.2213,
        "Brigade": "190"
      },
      {
        "Lon": 21.016,
        "Time": "2017-05-14 02:55:37",
        "Lines": "N25",
        "Lat": 52.2216,
        "Brigade": "190"
      },
      {
        "Lon": 21.0167,
        "Time": "2017-05-14 02:55:52",
        "Lines": "N25",
        "Lat": 52.2219,
        "Brigade": "190"
      },
      {
        "Lon": 21.0163,
        "Time": "2017-05-14 02:56:02",
        "Lines": "N25",
        "Lat": 52.2226,
        "Brigade": "190"
      },
      {
        "Lon": 21.0158,
        "Time": "2017-05-14 02:56:12",
        "Lines": "N25",
        "Lat": 52.2233,
        "Brigade": "190"
      },
      {
        "Lon": 21.0151,
        "Time": "2017-05-14 02:56:22",
        "Lines": "N25",
        "Lat": 52.2242,
        "Brigade": "190"
      },
      {
        "Lon": 21.0145,
        "Time": "2017-05-14 02:56:32",
        "Lines": "N25",
        "Lat": 52.2252,
        "Brigade": "190"
      },
      {
        "Lon": 21.0131,
        "Time": "2017-05-14 02:56:47",
        "Lines": "N25",
        "Lat": 52.2274,
        "Brigade": "190"
      },
      {
        "Lon": 21.013,
        "Time": "2017-05-14 02:57:02",
        "Lines": "N25",
        "Lat": 52.2274,
        "Brigade": "190"
      },
      {
        "Lon": 21.0127,
        "Time": "2017-05-14 02:57:17",
        "Lines": "N25",
        "Lat": 52.228,
        "Brigade": "190"
      },
      {
        "Lon": 21.0121,
        "Time": "2017-05-14 02:57:27",
        "Lines": "N25",
        "Lat": 52.2287,
        "Brigade": "190"
      },
      {
        "Lon": 21.0121,
        "Time": "2017-05-14 02:57:42",
        "Lines": "N25",
        "Lat": 52.2292,
        "Brigade": "190"
      },
      {
        "Lon": 21.0121,
        "Time": "2017-05-14 02:57:52",
        "Lines": "N25",
        "Lat": 52.2292,
        "Brigade": "190"
      },
      {
        "Lon": 21.0121,
        "Time": "2017-05-14 02:58:02",
        "Lines": "N25",
        "Lat": 52.2292,
        "Brigade": "190"
      },
      {
        "Lon": 21.0121,
        "Time": "2017-05-14 02:58:12",
        "Lines": "N25",
        "Lat": 52.2293,
        "Brigade": "190"
      },
      {
        "Lon": 21.0118,
        "Time": "2017-05-14 02:58:27",
        "Lines": "N25",
        "Lat": 52.23,
        "Brigade": "190"
      },
      {
        "Lon": 21.0113,
        "Time": "2017-05-14 02:58:37",
        "Lines": "N25",
        "Lat": 52.23,
        "Brigade": "190"
      },
      {
        "Lon": 21.0105,
        "Time": "2017-05-14 02:58:47",
        "Lines": "N25",
        "Lat": 52.2297,
        "Brigade": "190"
      },
      {
        "Lon": 21.0104,
        "Time": "2017-05-14 02:58:57",
        "Lines": "N25",
        "Lat": 52.2297,
        "Brigade": "190"
      },
      {
        "Lon": 21.0104,
        "Time": "2017-05-14 02:59:08",
        "Lines": "N25",
        "Lat": 52.2297,
        "Brigade": "190"
      },
      {
        "Lon": 21.0102,
        "Time": "2017-05-14 02:59:22",
        "Lines": "N25",
        "Lat": 52.2297,
        "Brigade": "190"
      },
      {
        "Lon": 21.0098,
        "Time": "2017-05-14 02:59:32",
        "Lines": "N25",
        "Lat": 52.2295,
        "Brigade": "190"
      },
      {
        "Lon": 21.0085,
        "Time": "2017-05-14 02:59:42",
        "Lines": "N25",
        "Lat": 52.2292,
        "Brigade": "190"
      },
      {
        "Lon": 21.0067,
        "Time": "2017-05-14 02:59:52",
        "Lines": "N25",
        "Lat": 52.2289,
        "Brigade": "190"
      },
      {
        "Lon": 21.0062,
        "Time": "2017-05-14 03:00:02",
        "Lines": "N25",
        "Lat": 52.2288,
        "Brigade": "190"
      },
      {
        "Lon": 21.0062,
        "Time": "2017-05-14 03:00:17",
        "Lines": "N25",
        "Lat": 52.2288,
        "Brigade": "190"
      },
      {
        "Lon": 21.0054,
        "Time": "2017-05-14 03:00:27",
        "Lines": "N25",
        "Lat": 52.2286,
        "Brigade": "190"
      },
      {
        "Lon": 21.0042,
        "Time": "2017-05-14 03:00:37",
        "Lines": "N25",
        "Lat": 52.2284,
        "Brigade": "190"
      },
      {
        "Lon": 21.0031,
        "Time": "2017-05-14 03:00:47",
        "Lines": "N25",
        "Lat": 52.2281,
        "Brigade": "190"
      },
      {
        "Lon": 21.0023,
        "Time": "2017-05-14 03:00:57",
        "Lines": "N25",
        "Lat": 52.228,
        "Brigade": "190"
      },
      {
        "Lon": 21.0018,
        "Time": "2017-05-14 03:01:07",
        "Lines": "N25",
        "Lat": 52.2285,
        "Brigade": "190"
      },
      {
        "Lon": 21.0017,
        "Time": "2017-05-14 03:01:22",
        "Lines": "N25",
        "Lat": 52.2288,
        "Brigade": "190"
      },
      {
        "Lon": 21.0023,
        "Time": "2017-05-14 03:01:32",
        "Lines": "N25",
        "Lat": 52.2289,
        "Brigade": "190"
      },
      {
        "Lon": 21.0025,
        "Time": "2017-05-14 03:01:42",
        "Lines": "N25",
        "Lat": 52.2293,
        "Brigade": "190"
      },
      {
        "Lon": 21.0026,
        "Time": "2017-05-14 03:01:50",
        "Lines": "N25",
        "Lat": 52.23,
        "Brigade": "190"
      },
      {
        "Lon": 21.0029,
        "Time": "2017-05-14 03:01:54",
        "Lines": "N25",
        "Lat": 52.23,
        "Brigade": "190"
      },
      {
        "Lon": 21.0031,
        "Time": "2017-05-14 03:01:57",
        "Lines": "N25",
        "Lat": 52.2299,
        "Brigade": "190"
      },
      {
        "Lon": 21.0032,
        "Time": "2017-05-14 03:02:02",
        "Lines": "N25",
        "Lat": 52.2298,
        "Brigade": "190"
      },
      {
        "Lon": 21.0034,
        "Time": "2017-05-14 03:02:39",
        "Lines": "N25",
        "Lat": 52.2297,
        "Brigade": "190"
      },
      {
        "Lon": 21.0035,
        "Time": "2017-05-14 03:02:52",
        "Lines": "N25",
        "Lat": 52.2296,
        "Brigade": "190"
      },
      {
        "Lon": 21.0036,
        "Time": "2017-05-14 03:03:02",
        "Lines": "N25",
        "Lat": 52.2296,
        "Brigade": "190"
      },
      {
        "Lon": 21.0036,
        "Time": "2017-05-14 03:03:12",
        "Lines": "N25",
        "Lat": 52.2296,
        "Brigade": "190"
      },
      {
        "Lon": 21.0036,
        "Time": "2017-05-14 03:03:22",
        "Lines": "N25",
        "Lat": 52.2296,
        "Brigade": "190"
      },
      {
        "Lon": 21.0036,
        "Time": "2017-05-14 03:03:32",
        "Lines": "N25",
        "Lat": 52.2296,
        "Brigade": "190"
      },
      {
        "Lon": 21.0036,
        "Time": "2017-05-14 03:03:47",
        "Lines": "N25",
        "Lat": 52.2296,
        "Brigade": "190"
      },
      {
        "Lon": 21.0036,
        "Time": "2017-05-14 03:03:57",
        "Lines": "N25",
        "Lat": 52.2296,
        "Brigade": "190"
      },
      {
        "Lon": 21.0036,
        "Time": "2017-05-14 03:04:07",
        "Lines": "N25",
        "Lat": 52.2296,
        "Brigade": "190"
      },
      {
        "Lon": 21.0036,
        "Time": "2017-05-14 03:04:17",
        "Lines": "N25",
        "Lat": 52.2296,
        "Brigade": "190"
      },
      {
        "Lon": 21.0036,
        "Time": "2017-05-14 03:04:27",
        "Lines": "N25",
        "Lat": 52.2296,
        "Brigade": "190"
      },
      {
        "Lon": 21.0036,
        "Time": "2017-05-14 03:04:42",
        "Lines": "N25",
        "Lat": 52.2296,
        "Brigade": "190"
      },
      {
        "Lon": 21.0036,
        "Time": "2017-05-14 03:04:52",
        "Lines": "N25",
        "Lat": 52.2296,
        "Brigade": "190"
      },
      {
        "Lon": 21.0036,
        "Time": "2017-05-14 03:05:03",
        "Lines": "N25",
        "Lat": 52.2295,
        "Brigade": "190"
      },
      {
        "Lon": 21.0036,
        "Time": "2017-05-14 03:05:12",
        "Lines": "N25",
        "Lat": 52.2296,
        "Brigade": "190"
      },
      {
        "Lon": 21.0036,
        "Time": "2017-05-14 03:05:22",
        "Lines": "N25",
        "Lat": 52.2296,
        "Brigade": "190"
      },
      {
        "Lon": 21.0036,
        "Time": "2017-05-14 03:05:37",
        "Lines": "N25",
        "Lat": 52.2296,
        "Brigade": "190"
      },
      {
        "Lon": 21.0036,
        "Time": "2017-05-14 03:05:47",
        "Lines": "N25",
        "Lat": 52.2296,
        "Brigade": "190"
      },
      {
        "Lon": 21.0036,
        "Time": "2017-05-14 03:05:57",
        "Lines": "N25",
        "Lat": 52.2296,
        "Brigade": "190"
      },
      {
        "Lon": 21.0036,
        "Time": "2017-05-14 03:06:07",
        "Lines": "N25",
        "Lat": 52.2295,
        "Brigade": "190"
      },
      {
        "Lon": 21.0036,
        "Time": "2017-05-14 03:06:22",
        "Lines": "N25",
        "Lat": 52.2295,
        "Brigade": "190"
      },
      {
        "Lon": 21.0036,
        "Time": "2017-05-14 03:06:32",
        "Lines": "N25",
        "Lat": 52.2295,
        "Brigade": "190"
      },
      {
        "Lon": 21.0036,
        "Time": "2017-05-14 03:06:42",
        "Lines": "N25",
        "Lat": 52.2295,
        "Brigade": "190"
      },
      {
        "Lon": 21.0036,
        "Time": "2017-05-14 03:06:52",
        "Lines": "N25",
        "Lat": 52.2295,
        "Brigade": "190"
      },
      {
        "Lon": 21.0037,
        "Time": "2017-05-14 03:07:02",
        "Lines": "N25",
        "Lat": 52.2295,
        "Brigade": "190"
      },
      {
        "Lon": 21.0037,
        "Time": "2017-05-14 03:07:12",
        "Lines": "N25",
        "Lat": 52.2295,
        "Brigade": "190"
      },
      {
        "Lon": 21.0037,
        "Time": "2017-05-14 03:07:27",
        "Lines": "N25",
        "Lat": 52.2295,
        "Brigade": "190"
      },
      {
        "Lon": 21.0037,
        "Time": "2017-05-14 03:07:37",
        "Lines": "N25",
        "Lat": 52.2295,
        "Brigade": "190"
      },
      {
        "Lon": 21.0037,
        "Time": "2017-05-14 03:07:47",
        "Lines": "N25",
        "Lat": 52.2295,
        "Brigade": "190"
      },
      {
        "Lon": 21.0037,
        "Time": "2017-05-14 03:08:02",
        "Lines": "N25",
        "Lat": 52.2295,
        "Brigade": "190"
      },
      {
        "Lon": 21.0036,
        "Time": "2017-05-14 03:08:12",
        "Lines": "N25",
        "Lat": 52.2296,
        "Brigade": "190"
      },
      {
        "Lon": 21.0036,
        "Time": "2017-05-14 03:08:22",
        "Lines": "N25",
        "Lat": 52.2296,
        "Brigade": "190"
      },
      {
        "Lon": 21.0036,
        "Time": "2017-05-14 03:08:37",
        "Lines": "N25",
        "Lat": 52.2296,
        "Brigade": "190"
      },
      {
        "Lon": 21.0036,
        "Time": "2017-05-14 03:08:42",
        "Lines": "N25",
        "Lat": 52.2296,
        "Brigade": "190"
      },
      {
        "Lon": 21.0036,
        "Time": "2017-05-14 03:08:57",
        "Lines": "N25",
        "Lat": 52.2296,
        "Brigade": "190"
      },
      {
        "Lon": 21.0036,
        "Time": "2017-05-14 03:09:07",
        "Lines": "N25",
        "Lat": 52.2296,
        "Brigade": "190"
      },
      {
        "Lon": 21.0036,
        "Time": "2017-05-14 03:09:17",
        "Lines": "N25",
        "Lat": 52.2297,
        "Brigade": "190"
      },
      {
        "Lon": 21.0036,
        "Time": "2017-05-14 03:09:32",
        "Lines": "N25",
        "Lat": 52.2297,
        "Brigade": "190"
      },
      {
        "Lon": 21.0036,
        "Time": "2017-05-14 03:09:42",
        "Lines": "N25",
        "Lat": 52.2296,
        "Brigade": "190"
      },
      {
        "Lon": 21.0036,
        "Time": "2017-05-14 03:09:52",
        "Lines": "N25",
        "Lat": 52.2296,
        "Brigade": "190"
      },
      {
        "Lon": 21.0036,
        "Time": "2017-05-14 03:10:02",
        "Lines": "N25",
        "Lat": 52.2296,
        "Brigade": "190"
      },
      {
        "Lon": 21.0036,
        "Time": "2017-05-14 03:10:12",
        "Lines": "N25",
        "Lat": 52.2296,
        "Brigade": "190"
      },
      {
        "Lon": 21.0036,
        "Time": "2017-05-14 03:10:22",
        "Lines": "N25",
        "Lat": 52.2296,
        "Brigade": "190"
      },
      {
        "Lon": 21.0051,
        "Time": "2017-05-14 03:16:42",
        "Lines": "N25",
        "Lat": 52.2288,
        "Brigade": "190"
      },
      {
        "Lon": 21.0047,
        "Time": "2017-05-14 03:16:52",
        "Lines": "N25",
        "Lat": 52.2285,
        "Brigade": "190"
      }
    ]
  }
]
