[
  {
    "res": [
      {
        "Lon": 21.035,
        "Time": "2017-05-14 00:00:11",
        "Lines": "N33",
        "Lat": 52.1734,
        "Brigade": "172"
      },
      {
        "Lon": 21.0366,
        "Time": "2017-05-14 00:00:21",
        "Lines": "N33",
        "Lat": 52.1735,
        "Brigade": "172"
      },
      {
        "Lon": 21.0379,
        "Time": "2017-05-14 00:00:31",
        "Lines": "N33",
        "Lat": 52.1731,
        "Brigade": "172"
      },
      {
        "Lon": 21.039,
        "Time": "2017-05-14 00:00:45",
        "Lines": "N33",
        "Lat": 52.1726,
        "Brigade": "172"
      },
      {
        "Lon": 21.0391,
        "Time": "2017-05-14 00:00:56",
        "Lines": "N33",
        "Lat": 52.1726,
        "Brigade": "172"
      },
      {
        "Lon": 21.0399,
        "Time": "2017-05-14 00:01:06",
        "Lines": "N33",
        "Lat": 52.172,
        "Brigade": "172"
      },
      {
        "Lon": 21.0404,
        "Time": "2017-05-14 00:01:16",
        "Lines": "N33",
        "Lat": 52.1711,
        "Brigade": "172"
      },
      {
        "Lon": 21.0406,
        "Time": "2017-05-14 00:01:31",
        "Lines": "N33",
        "Lat": 52.1707,
        "Brigade": "172"
      },
      {
        "Lon": 21.041,
        "Time": "2017-05-14 00:01:41",
        "Lines": "N33",
        "Lat": 52.1704,
        "Brigade": "172"
      },
      {
        "Lon": 21.0415,
        "Time": "2017-05-14 00:01:51",
        "Lines": "N33",
        "Lat": 52.1708,
        "Brigade": "172"
      },
      {
        "Lon": 21.0419,
        "Time": "2017-05-14 00:02:01",
        "Lines": "N33",
        "Lat": 52.1711,
        "Brigade": "172"
      },
      {
        "Lon": 21.0419,
        "Time": "2017-05-14 00:02:12",
        "Lines": "N33",
        "Lat": 52.1711,
        "Brigade": "172"
      },
      {
        "Lon": 21.0419,
        "Time": "2017-05-14 00:02:21",
        "Lines": "N33",
        "Lat": 52.1711,
        "Brigade": "172"
      },
      {
        "Lon": 21.0429,
        "Time": "2017-05-14 00:02:36",
        "Lines": "N33",
        "Lat": 52.172,
        "Brigade": "172"
      },
      {
        "Lon": 21.0437,
        "Time": "2017-05-14 00:02:46",
        "Lines": "N33",
        "Lat": 52.1728,
        "Brigade": "172"
      },
      {
        "Lon": 21.0441,
        "Time": "2017-05-14 00:02:56",
        "Lines": "N33",
        "Lat": 52.1736,
        "Brigade": "172"
      },
      {
        "Lon": 21.0444,
        "Time": "2017-05-14 00:03:06",
        "Lines": "N33",
        "Lat": 52.1744,
        "Brigade": "172"
      },
      {
        "Lon": 21.0445,
        "Time": "2017-05-14 00:03:16",
        "Lines": "N33",
        "Lat": 52.1752,
        "Brigade": "172"
      },
      {
        "Lon": 21.0446,
        "Time": "2017-05-14 00:03:29",
        "Lines": "N33",
        "Lat": 52.176,
        "Brigade": "172"
      },
      {
        "Lon": 21.0446,
        "Time": "2017-05-14 00:03:41",
        "Lines": "N33",
        "Lat": 52.176,
        "Brigade": "172"
      },
      {
        "Lon": 21.0447,
        "Time": "2017-05-14 00:03:51",
        "Lines": "N33",
        "Lat": 52.1767,
        "Brigade": "172"
      },
      {
        "Lon": 21.0448,
        "Time": "2017-05-14 00:04:01",
        "Lines": "N33",
        "Lat": 52.1773,
        "Brigade": "172"
      },
      {
        "Lon": 21.0454,
        "Time": "2017-05-14 00:04:11",
        "Lines": "N33",
        "Lat": 52.1774,
        "Brigade": "172"
      },
      {
        "Lon": 21.0473,
        "Time": "2017-05-14 00:04:26",
        "Lines": "N33",
        "Lat": 52.1776,
        "Brigade": "172"
      },
      {
        "Lon": 21.0485,
        "Time": "2017-05-14 00:04:36",
        "Lines": "N33",
        "Lat": 52.1778,
        "Brigade": "172"
      },
      {
        "Lon": 21.0486,
        "Time": "2017-05-14 00:04:47",
        "Lines": "N33",
        "Lat": 52.1778,
        "Brigade": "172"
      },
      {
        "Lon": 21.0488,
        "Time": "2017-05-14 00:04:56",
        "Lines": "N33",
        "Lat": 52.1778,
        "Brigade": "172"
      },
      {
        "Lon": 21.0498,
        "Time": "2017-05-14 00:05:06",
        "Lines": "N33",
        "Lat": 52.178,
        "Brigade": "172"
      },
      {
        "Lon": 21.0514,
        "Time": "2017-05-14 00:05:21",
        "Lines": "N33",
        "Lat": 52.1789,
        "Brigade": "172"
      },
      {
        "Lon": 21.0525,
        "Time": "2017-05-14 00:05:31",
        "Lines": "N33",
        "Lat": 52.1796,
        "Brigade": "172"
      },
      {
        "Lon": 21.053,
        "Time": "2017-05-14 00:05:36",
        "Lines": "N33",
        "Lat": 52.18,
        "Brigade": "172"
      },
      {
        "Lon": 21.0538,
        "Time": "2017-05-14 00:05:52",
        "Lines": "N33",
        "Lat": 52.1804,
        "Brigade": "172"
      },
      {
        "Lon": 21.0538,
        "Time": "2017-05-14 00:06:01",
        "Lines": "N33",
        "Lat": 52.1804,
        "Brigade": "172"
      },
      {
        "Lon": 21.0549,
        "Time": "2017-05-14 00:06:16",
        "Lines": "N33",
        "Lat": 52.1811,
        "Brigade": "172"
      },
      {
        "Lon": 21.0555,
        "Time": "2017-05-14 00:06:26",
        "Lines": "N33",
        "Lat": 52.1815,
        "Brigade": "172"
      },
      {
        "Lon": 21.0561,
        "Time": "2017-05-14 00:06:36",
        "Lines": "N33",
        "Lat": 52.1819,
        "Brigade": "172"
      },
      {
        "Lon": 21.0569,
        "Time": "2017-05-14 00:06:46",
        "Lines": "N33",
        "Lat": 52.1824,
        "Brigade": "172"
      },
      {
        "Lon": 21.0582,
        "Time": "2017-05-14 00:07:01",
        "Lines": "N33",
        "Lat": 52.1832,
        "Brigade": "172"
      },
      {
        "Lon": 21.0588,
        "Time": "2017-05-14 00:07:11",
        "Lines": "N33",
        "Lat": 52.1836,
        "Brigade": "172"
      },
      {
        "Lon": 21.0598,
        "Time": "2017-05-14 00:07:21",
        "Lines": "N33",
        "Lat": 52.1843,
        "Brigade": "172"
      },
      {
        "Lon": 21.0608,
        "Time": "2017-05-14 00:07:36",
        "Lines": "N33",
        "Lat": 52.1849,
        "Brigade": "172"
      },
      {
        "Lon": 21.0608,
        "Time": "2017-05-14 00:07:46",
        "Lines": "N33",
        "Lat": 52.1849,
        "Brigade": "172"
      },
      {
        "Lon": 21.0613,
        "Time": "2017-05-14 00:07:56",
        "Lines": "N33",
        "Lat": 52.1852,
        "Brigade": "172"
      },
      {
        "Lon": 21.0622,
        "Time": "2017-05-14 00:08:06",
        "Lines": "N33",
        "Lat": 52.1858,
        "Brigade": "172"
      },
      {
        "Lon": 21.0631,
        "Time": "2017-05-14 00:08:16",
        "Lines": "N33",
        "Lat": 52.1863,
        "Brigade": "172"
      },
      {
        "Lon": 21.0634,
        "Time": "2017-05-14 00:08:26",
        "Lines": "N33",
        "Lat": 52.1865,
        "Brigade": "172"
      },
      {
        "Lon": 21.0635,
        "Time": "2017-05-14 00:08:41",
        "Lines": "N33",
        "Lat": 52.1866,
        "Brigade": "172"
      },
      {
        "Lon": 21.0635,
        "Time": "2017-05-14 00:08:51",
        "Lines": "N33",
        "Lat": 52.1866,
        "Brigade": "172"
      },
      {
        "Lon": 21.0635,
        "Time": "2017-05-14 00:09:01",
        "Lines": "N33",
        "Lat": 52.1866,
        "Brigade": "172"
      },
      {
        "Lon": 21.0636,
        "Time": "2017-05-14 00:09:16",
        "Lines": "N33",
        "Lat": 52.1872,
        "Brigade": "172"
      },
      {
        "Lon": 21.0632,
        "Time": "2017-05-14 00:09:25",
        "Lines": "N33",
        "Lat": 52.1876,
        "Brigade": "172"
      },
      {
        "Lon": 21.0632,
        "Time": "2017-05-14 00:09:36",
        "Lines": "N33",
        "Lat": 52.1876,
        "Brigade": "172"
      },
      {
        "Lon": 21.0629,
        "Time": "2017-05-14 00:09:46",
        "Lines": "N33",
        "Lat": 52.1879,
        "Brigade": "172"
      },
      {
        "Lon": 21.0621,
        "Time": "2017-05-14 00:09:56",
        "Lines": "N33",
        "Lat": 52.1886,
        "Brigade": "172"
      },
      {
        "Lon": 21.057,
        "Time": "2017-05-14 00:11:26",
        "Lines": "N33",
        "Lat": 52.1927,
        "Brigade": "172"
      },
      {
        "Lon": 21.057,
        "Time": "2017-05-14 00:11:35",
        "Lines": "N33",
        "Lat": 52.1927,
        "Brigade": "172"
      },
      {
        "Lon": 21.057,
        "Time": "2017-05-14 00:11:45",
        "Lines": "N33",
        "Lat": 52.1927,
        "Brigade": "172"
      },
      {
        "Lon": 21.0558,
        "Time": "2017-05-14 00:12:00",
        "Lines": "N33",
        "Lat": 52.1937,
        "Brigade": "172"
      },
      {
        "Lon": 21.0549,
        "Time": "2017-05-14 00:12:10",
        "Lines": "N33",
        "Lat": 52.1946,
        "Brigade": "172"
      },
      {
        "Lon": 21.0548,
        "Time": "2017-05-14 00:12:22",
        "Lines": "N33",
        "Lat": 52.1947,
        "Brigade": "172"
      },
      {
        "Lon": 21.0547,
        "Time": "2017-05-14 00:12:30",
        "Lines": "N33",
        "Lat": 52.1948,
        "Brigade": "172"
      },
      {
        "Lon": 21.0535,
        "Time": "2017-05-14 00:12:45",
        "Lines": "N33",
        "Lat": 52.196,
        "Brigade": "172"
      },
      {
        "Lon": 21.0528,
        "Time": "2017-05-14 00:12:55",
        "Lines": "N33",
        "Lat": 52.197,
        "Brigade": "172"
      },
      {
        "Lon": 21.0526,
        "Time": "2017-05-14 00:13:05",
        "Lines": "N33",
        "Lat": 52.1973,
        "Brigade": "172"
      },
      {
        "Lon": 21.0526,
        "Time": "2017-05-14 00:13:15",
        "Lines": "N33",
        "Lat": 52.1973,
        "Brigade": "172"
      },
      {
        "Lon": 21.0526,
        "Time": "2017-05-14 00:13:30",
        "Lines": "N33",
        "Lat": 52.1973,
        "Brigade": "172"
      },
      {
        "Lon": 21.0526,
        "Time": "2017-05-14 00:13:40",
        "Lines": "N33",
        "Lat": 52.1973,
        "Brigade": "172"
      },
      {
        "Lon": 21.0525,
        "Time": "2017-05-14 00:13:50",
        "Lines": "N33",
        "Lat": 52.1973,
        "Brigade": "172"
      },
      {
        "Lon": 21.0518,
        "Time": "2017-05-14 00:14:05",
        "Lines": "N33",
        "Lat": 52.1984,
        "Brigade": "172"
      },
      {
        "Lon": 21.0514,
        "Time": "2017-05-14 00:14:15",
        "Lines": "N33",
        "Lat": 52.199,
        "Brigade": "172"
      },
      {
        "Lon": 21.0514,
        "Time": "2017-05-14 00:14:25",
        "Lines": "N33",
        "Lat": 52.199,
        "Brigade": "172"
      },
      {
        "Lon": 21.0509,
        "Time": "2017-05-14 00:14:37",
        "Lines": "N33",
        "Lat": 52.1998,
        "Brigade": "172"
      },
      {
        "Lon": 21.0506,
        "Time": "2017-05-14 00:14:45",
        "Lines": "N33",
        "Lat": 52.2007,
        "Brigade": "172"
      },
      {
        "Lon": 21.0501,
        "Time": "2017-05-14 00:14:55",
        "Lines": "N33",
        "Lat": 52.2019,
        "Brigade": "172"
      },
      {
        "Lon": 21.0497,
        "Time": "2017-05-14 00:15:10",
        "Lines": "N33",
        "Lat": 52.2035,
        "Brigade": "172"
      },
      {
        "Lon": 21.0497,
        "Time": "2017-05-14 00:15:20",
        "Lines": "N33",
        "Lat": 52.2037,
        "Brigade": "172"
      },
      {
        "Lon": 21.0496,
        "Time": "2017-05-14 00:15:30",
        "Lines": "N33",
        "Lat": 52.2038,
        "Brigade": "172"
      },
      {
        "Lon": 21.0495,
        "Time": "2017-05-14 00:15:40",
        "Lines": "N33",
        "Lat": 52.2041,
        "Brigade": "172"
      },
      {
        "Lon": 21.0492,
        "Time": "2017-05-14 00:15:55",
        "Lines": "N33",
        "Lat": 52.2055,
        "Brigade": "172"
      },
      {
        "Lon": 21.0489,
        "Time": "2017-05-14 00:16:05",
        "Lines": "N33",
        "Lat": 52.2065,
        "Brigade": "172"
      },
      {
        "Lon": 21.0488,
        "Time": "2017-05-14 00:16:15",
        "Lines": "N33",
        "Lat": 52.2068,
        "Brigade": "172"
      },
      {
        "Lon": 21.0486,
        "Time": "2017-05-14 00:16:30",
        "Lines": "N33",
        "Lat": 52.2077,
        "Brigade": "172"
      },
      {
        "Lon": 21.0485,
        "Time": "2017-05-14 00:16:40",
        "Lines": "N33",
        "Lat": 52.2079,
        "Brigade": "172"
      },
      {
        "Lon": 21.0485,
        "Time": "2017-05-14 00:16:50",
        "Lines": "N33",
        "Lat": 52.2079,
        "Brigade": "172"
      },
      {
        "Lon": 21.0484,
        "Time": "2017-05-14 00:17:00",
        "Lines": "N33",
        "Lat": 52.2085,
        "Brigade": "172"
      },
      {
        "Lon": 21.0481,
        "Time": "2017-05-14 00:17:10",
        "Lines": "N33",
        "Lat": 52.2096,
        "Brigade": "172"
      },
      {
        "Lon": 21.0476,
        "Time": "2017-05-14 00:17:25",
        "Lines": "N33",
        "Lat": 52.2116,
        "Brigade": "172"
      },
      {
        "Lon": 21.0473,
        "Time": "2017-05-14 00:17:35",
        "Lines": "N33",
        "Lat": 52.2124,
        "Brigade": "172"
      },
      {
        "Lon": 21.0473,
        "Time": "2017-05-14 00:17:45",
        "Lines": "N33",
        "Lat": 52.2124,
        "Brigade": "172"
      },
      {
        "Lon": 21.0471,
        "Time": "2017-05-14 00:17:55",
        "Lines": "N33",
        "Lat": 52.2128,
        "Brigade": "172"
      },
      {
        "Lon": 21.0466,
        "Time": "2017-05-14 00:18:10",
        "Lines": "N33",
        "Lat": 52.2144,
        "Brigade": "172"
      },
      {
        "Lon": 21.0463,
        "Time": "2017-05-14 00:18:20",
        "Lines": "N33",
        "Lat": 52.2155,
        "Brigade": "172"
      },
      {
        "Lon": 21.0461,
        "Time": "2017-05-14 00:18:30",
        "Lines": "N33",
        "Lat": 52.2167,
        "Brigade": "172"
      },
      {
        "Lon": 21.046,
        "Time": "2017-05-14 00:18:40",
        "Lines": "N33",
        "Lat": 52.218,
        "Brigade": "172"
      },
      {
        "Lon": 21.0459,
        "Time": "2017-05-14 00:18:55",
        "Lines": "N33",
        "Lat": 52.2188,
        "Brigade": "172"
      },
      {
        "Lon": 21.0459,
        "Time": "2017-05-14 00:19:05",
        "Lines": "N33",
        "Lat": 52.2189,
        "Brigade": "172"
      },
      {
        "Lon": 21.0456,
        "Time": "2017-05-14 00:19:15",
        "Lines": "N33",
        "Lat": 52.2195,
        "Brigade": "172"
      },
      {
        "Lon": 21.0452,
        "Time": "2017-05-14 00:19:25",
        "Lines": "N33",
        "Lat": 52.2205,
        "Brigade": "172"
      },
      {
        "Lon": 21.0449,
        "Time": "2017-05-14 00:19:35",
        "Lines": "N33",
        "Lat": 52.2213,
        "Brigade": "172"
      },
      {
        "Lon": 21.0448,
        "Time": "2017-05-14 00:19:45",
        "Lines": "N33",
        "Lat": 52.2214,
        "Brigade": "172"
      },
      {
        "Lon": 21.0449,
        "Time": "2017-05-14 00:20:00",
        "Lines": "N33",
        "Lat": 52.2214,
        "Brigade": "172"
      },
      {
        "Lon": 21.0448,
        "Time": "2017-05-14 00:20:10",
        "Lines": "N33",
        "Lat": 52.2214,
        "Brigade": "172"
      },
      {
        "Lon": 21.0449,
        "Time": "2017-05-14 00:20:20",
        "Lines": "N33",
        "Lat": 52.2214,
        "Brigade": "172"
      },
      {
        "Lon": 21.0448,
        "Time": "2017-05-14 00:20:30",
        "Lines": "N33",
        "Lat": 52.2214,
        "Brigade": "172"
      },
      {
        "Lon": 21.0449,
        "Time": "2017-05-14 00:20:45",
        "Lines": "N33",
        "Lat": 52.2214,
        "Brigade": "172"
      },
      {
        "Lon": 21.0449,
        "Time": "2017-05-14 00:20:55",
        "Lines": "N33",
        "Lat": 52.2214,
        "Brigade": "172"
      },
      {
        "Lon": 21.0445,
        "Time": "2017-05-14 00:21:05",
        "Lines": "N33",
        "Lat": 52.2215,
        "Brigade": "172"
      },
      {
        "Lon": 21.0434,
        "Time": "2017-05-14 00:21:15",
        "Lines": "N33",
        "Lat": 52.2216,
        "Brigade": "172"
      },
      {
        "Lon": 21.0434,
        "Time": "2017-05-14 00:21:25",
        "Lines": "N33",
        "Lat": 52.2216,
        "Brigade": "172"
      },
      {
        "Lon": 21.043,
        "Time": "2017-05-14 00:21:35",
        "Lines": "N33",
        "Lat": 52.2216,
        "Brigade": "172"
      },
      {
        "Lon": 21.0407,
        "Time": "2017-05-14 00:21:50",
        "Lines": "N33",
        "Lat": 52.2216,
        "Brigade": "172"
      },
      {
        "Lon": 21.0386,
        "Time": "2017-05-14 00:22:00",
        "Lines": "N33",
        "Lat": 52.2217,
        "Brigade": "172"
      },
      {
        "Lon": 21.0367,
        "Time": "2017-05-14 00:22:12",
        "Lines": "N33",
        "Lat": 52.2219,
        "Brigade": "172"
      },
      {
        "Lon": 21.0366,
        "Time": "2017-05-14 00:22:22",
        "Lines": "N33",
        "Lat": 52.2219,
        "Brigade": "172"
      },
      {
        "Lon": 21.0365,
        "Time": "2017-05-14 00:22:30",
        "Lines": "N33",
        "Lat": 52.2219,
        "Brigade": "172"
      },
      {
        "Lon": 21.0362,
        "Time": "2017-05-14 00:22:45",
        "Lines": "N33",
        "Lat": 52.222,
        "Brigade": "172"
      },
      {
        "Lon": 21.0361,
        "Time": "2017-05-14 00:22:55",
        "Lines": "N33",
        "Lat": 52.222,
        "Brigade": "172"
      },
      {
        "Lon": 21.0358,
        "Time": "2017-05-14 00:23:05",
        "Lines": "N33",
        "Lat": 52.2222,
        "Brigade": "172"
      },
      {
        "Lon": 21.0356,
        "Time": "2017-05-14 00:23:15",
        "Lines": "N33",
        "Lat": 52.2231,
        "Brigade": "172"
      },
      {
        "Lon": 21.0349,
        "Time": "2017-05-14 00:23:30",
        "Lines": "N33",
        "Lat": 52.225,
        "Brigade": "172"
      },
      {
        "Lon": 21.0345,
        "Time": "2017-05-14 00:23:40",
        "Lines": "N33",
        "Lat": 52.2254,
        "Brigade": "172"
      },
      {
        "Lon": 21.0345,
        "Time": "2017-05-14 00:23:50",
        "Lines": "N33",
        "Lat": 52.2254,
        "Brigade": "172"
      },
      {
        "Lon": 21.0343,
        "Time": "2017-05-14 00:24:00",
        "Lines": "N33",
        "Lat": 52.2258,
        "Brigade": "172"
      },
      {
        "Lon": 21.0343,
        "Time": "2017-05-14 00:24:10",
        "Lines": "N33",
        "Lat": 52.2265,
        "Brigade": "172"
      },
      {
        "Lon": 21.0337,
        "Time": "2017-05-14 00:24:20",
        "Lines": "N33",
        "Lat": 52.2274,
        "Brigade": "172"
      },
      {
        "Lon": 21.0334,
        "Time": "2017-05-14 00:24:35",
        "Lines": "N33",
        "Lat": 52.2277,
        "Brigade": "172"
      },
      {
        "Lon": 21.033,
        "Time": "2017-05-14 00:24:45",
        "Lines": "N33",
        "Lat": 52.2279,
        "Brigade": "172"
      },
      {
        "Lon": 21.0327,
        "Time": "2017-05-14 00:24:55",
        "Lines": "N33",
        "Lat": 52.2281,
        "Brigade": "172"
      },
      {
        "Lon": 21.0324,
        "Time": "2017-05-14 00:25:05",
        "Lines": "N33",
        "Lat": 52.2284,
        "Brigade": "172"
      },
      {
        "Lon": 21.0316,
        "Time": "2017-05-14 00:25:20",
        "Lines": "N33",
        "Lat": 52.2291,
        "Brigade": "172"
      },
      {
        "Lon": 21.0312,
        "Time": "2017-05-14 00:25:30",
        "Lines": "N33",
        "Lat": 52.2297,
        "Brigade": "172"
      },
      {
        "Lon": 21.0311,
        "Time": "2017-05-14 00:25:40",
        "Lines": "N33",
        "Lat": 52.2298,
        "Brigade": "172"
      },
      {
        "Lon": 21.031,
        "Time": "2017-05-14 00:25:50",
        "Lines": "N33",
        "Lat": 52.2299,
        "Brigade": "172"
      },
      {
        "Lon": 21.0308,
        "Time": "2017-05-14 00:26:04",
        "Lines": "N33",
        "Lat": 52.2301,
        "Brigade": "172"
      },
      {
        "Lon": 21.0297,
        "Time": "2017-05-14 00:26:14",
        "Lines": "N33",
        "Lat": 52.2302,
        "Brigade": "172"
      },
      {
        "Lon": 21.0296,
        "Time": "2017-05-14 00:26:25",
        "Lines": "N33",
        "Lat": 52.2302,
        "Brigade": "172"
      },
      {
        "Lon": 21.0296,
        "Time": "2017-05-14 00:26:35",
        "Lines": "N33",
        "Lat": 52.2301,
        "Brigade": "172"
      },
      {
        "Lon": 21.0296,
        "Time": "2017-05-14 00:26:45",
        "Lines": "N33",
        "Lat": 52.2302,
        "Brigade": "172"
      },
      {
        "Lon": 21.029,
        "Time": "2017-05-14 00:26:55",
        "Lines": "N33",
        "Lat": 52.23,
        "Brigade": "172"
      },
      {
        "Lon": 21.0269,
        "Time": "2017-05-14 00:27:10",
        "Lines": "N33",
        "Lat": 52.2299,
        "Brigade": "172"
      },
      {
        "Lon": 21.025,
        "Time": "2017-05-14 00:27:20",
        "Lines": "N33",
        "Lat": 52.2299,
        "Brigade": "172"
      },
      {
        "Lon": 21.0232,
        "Time": "2017-05-14 00:27:30",
        "Lines": "N33",
        "Lat": 52.2297,
        "Brigade": "172"
      },
      {
        "Lon": 21.0227,
        "Time": "2017-05-14 00:27:40",
        "Lines": "N33",
        "Lat": 52.2297,
        "Brigade": "172"
      },
      {
        "Lon": 21.0224,
        "Time": "2017-05-14 00:27:50",
        "Lines": "N33",
        "Lat": 52.2298,
        "Brigade": "172"
      },
      {
        "Lon": 21.0219,
        "Time": "2017-05-14 00:28:00",
        "Lines": "N33",
        "Lat": 52.2304,
        "Brigade": "172"
      },
      {
        "Lon": 21.0213,
        "Time": "2017-05-14 00:28:15",
        "Lines": "N33",
        "Lat": 52.2318,
        "Brigade": "172"
      },
      {
        "Lon": 21.0207,
        "Time": "2017-05-14 00:28:25",
        "Lines": "N33",
        "Lat": 52.2319,
        "Brigade": "172"
      },
      {
        "Lon": 21.0197,
        "Time": "2017-05-14 00:28:35",
        "Lines": "N33",
        "Lat": 52.2316,
        "Brigade": "172"
      },
      {
        "Lon": 21.0182,
        "Time": "2017-05-14 00:28:46",
        "Lines": "N33",
        "Lat": 52.2313,
        "Brigade": "172"
      },
      {
        "Lon": 21.0181,
        "Time": "2017-05-14 00:29:00",
        "Lines": "N33",
        "Lat": 52.2312,
        "Brigade": "172"
      },
      {
        "Lon": 21.0182,
        "Time": "2017-05-14 00:29:11",
        "Lines": "N33",
        "Lat": 52.2312,
        "Brigade": "172"
      },
      {
        "Lon": 21.0179,
        "Time": "2017-05-14 00:29:20",
        "Lines": "N33",
        "Lat": 52.2311,
        "Brigade": "172"
      },
      {
        "Lon": 21.0174,
        "Time": "2017-05-14 00:29:30",
        "Lines": "N33",
        "Lat": 52.231,
        "Brigade": "172"
      },
      {
        "Lon": 21.0165,
        "Time": "2017-05-14 00:29:40",
        "Lines": "N33",
        "Lat": 52.2308,
        "Brigade": "172"
      },
      {
        "Lon": 21.015,
        "Time": "2017-05-14 00:29:50",
        "Lines": "N33",
        "Lat": 52.2305,
        "Brigade": "172"
      },
      {
        "Lon": 21.0129,
        "Time": "2017-05-14 00:30:05",
        "Lines": "N33",
        "Lat": 52.23,
        "Brigade": "172"
      },
      {
        "Lon": 21.0126,
        "Time": "2017-05-14 00:30:15",
        "Lines": "N33",
        "Lat": 52.2301,
        "Brigade": "172"
      },
      {
        "Lon": 21.0125,
        "Time": "2017-05-14 00:30:25",
        "Lines": "N33",
        "Lat": 52.2301,
        "Brigade": "172"
      },
      {
        "Lon": 21.0123,
        "Time": "2017-05-14 00:30:35",
        "Lines": "N33",
        "Lat": 52.2301,
        "Brigade": "172"
      },
      {
        "Lon": 21.0113,
        "Time": "2017-05-14 00:30:45",
        "Lines": "N33",
        "Lat": 52.23,
        "Brigade": "172"
      },
      {
        "Lon": 21.0102,
        "Time": "2017-05-14 00:31:00",
        "Lines": "N33",
        "Lat": 52.2296,
        "Brigade": "172"
      },
      {
        "Lon": 21.0102,
        "Time": "2017-05-14 00:31:10",
        "Lines": "N33",
        "Lat": 52.2296,
        "Brigade": "172"
      },
      {
        "Lon": 21.0096,
        "Time": "2017-05-14 00:31:20",
        "Lines": "N33",
        "Lat": 52.2294,
        "Brigade": "172"
      },
      {
        "Lon": 21.008,
        "Time": "2017-05-14 00:31:30",
        "Lines": "N33",
        "Lat": 52.2291,
        "Brigade": "172"
      },
      {
        "Lon": 21.006,
        "Time": "2017-05-14 00:31:45",
        "Lines": "N33",
        "Lat": 52.2287,
        "Brigade": "172"
      },
      {
        "Lon": 21.0057,
        "Time": "2017-05-14 00:31:55",
        "Lines": "N33",
        "Lat": 52.2287,
        "Brigade": "172"
      },
      {
        "Lon": 21.0055,
        "Time": "2017-05-14 00:32:05",
        "Lines": "N33",
        "Lat": 52.229,
        "Brigade": "172"
      },
      {
        "Lon": 21.0053,
        "Time": "2017-05-14 00:32:15",
        "Lines": "N33",
        "Lat": 52.2295,
        "Brigade": "172"
      },
      {
        "Lon": 21.0053,
        "Time": "2017-05-14 00:32:25",
        "Lines": "N33",
        "Lat": 52.2296,
        "Brigade": "172"
      },
      {
        "Lon": 21.0053,
        "Time": "2017-05-14 00:32:40",
        "Lines": "N33",
        "Lat": 52.2296,
        "Brigade": "172"
      },
      {
        "Lon": 21.0053,
        "Time": "2017-05-14 00:32:50",
        "Lines": "N33",
        "Lat": 52.2296,
        "Brigade": "172"
      },
      {
        "Lon": 21.0053,
        "Time": "2017-05-14 00:33:00",
        "Lines": "N33",
        "Lat": 52.2296,
        "Brigade": "172"
      },
      {
        "Lon": 21.0053,
        "Time": "2017-05-14 00:33:10",
        "Lines": "N33",
        "Lat": 52.2296,
        "Brigade": "172"
      },
      {
        "Lon": 21.0053,
        "Time": "2017-05-14 00:33:25",
        "Lines": "N33",
        "Lat": 52.2296,
        "Brigade": "172"
      },
      {
        "Lon": 21.0053,
        "Time": "2017-05-14 00:33:35",
        "Lines": "N33",
        "Lat": 52.2296,
        "Brigade": "172"
      },
      {
        "Lon": 21.0053,
        "Time": "2017-05-14 00:33:45",
        "Lines": "N33",
        "Lat": 52.2296,
        "Brigade": "172"
      },
      {
        "Lon": 21.0053,
        "Time": "2017-05-14 00:33:55",
        "Lines": "N33",
        "Lat": 52.2296,
        "Brigade": "172"
      },
      {
        "Lon": 21.0053,
        "Time": "2017-05-14 00:34:10",
        "Lines": "N33",
        "Lat": 52.2296,
        "Brigade": "172"
      },
      {
        "Lon": 21.0053,
        "Time": "2017-05-14 00:34:20",
        "Lines": "N33",
        "Lat": 52.2296,
        "Brigade": "172"
      },
      {
        "Lon": 21.0053,
        "Time": "2017-05-14 00:34:30",
        "Lines": "N33",
        "Lat": 52.2296,
        "Brigade": "172"
      },
      {
        "Lon": 21.0053,
        "Time": "2017-05-14 00:34:40",
        "Lines": "N33",
        "Lat": 52.2296,
        "Brigade": "172"
      },
      {
        "Lon": 21.0053,
        "Time": "2017-05-14 00:34:55",
        "Lines": "N33",
        "Lat": 52.2296,
        "Brigade": "172"
      },
      {
        "Lon": 21.0053,
        "Time": "2017-05-14 00:35:05",
        "Lines": "N33",
        "Lat": 52.2296,
        "Brigade": "172"
      },
      {
        "Lon": 21.0053,
        "Time": "2017-05-14 00:35:15",
        "Lines": "N33",
        "Lat": 52.2297,
        "Brigade": "172"
      },
      {
        "Lon": 21.0053,
        "Time": "2017-05-14 00:35:25",
        "Lines": "N33",
        "Lat": 52.2296,
        "Brigade": "172"
      },
      {
        "Lon": 21.0053,
        "Time": "2017-05-14 00:35:35",
        "Lines": "N33",
        "Lat": 52.2296,
        "Brigade": "172"
      },
      {
        "Lon": 21.0053,
        "Time": "2017-05-14 00:35:49",
        "Lines": "N33",
        "Lat": 52.2296,
        "Brigade": "172"
      },
      {
        "Lon": 21.0053,
        "Time": "2017-05-14 00:36:00",
        "Lines": "N33",
        "Lat": 52.2296,
        "Brigade": "172"
      },
      {
        "Lon": 21.0053,
        "Time": "2017-05-14 00:36:10",
        "Lines": "N33",
        "Lat": 52.2296,
        "Brigade": "172"
      },
      {
        "Lon": 21.0053,
        "Time": "2017-05-14 00:36:20",
        "Lines": "N33",
        "Lat": 52.2297,
        "Brigade": "172"
      },
      {
        "Lon": 21.0053,
        "Time": "2017-05-14 00:36:30",
        "Lines": "N33",
        "Lat": 52.2297,
        "Brigade": "172"
      },
      {
        "Lon": 21.0053,
        "Time": "2017-05-14 00:36:40",
        "Lines": "N33",
        "Lat": 52.2297,
        "Brigade": "172"
      },
      {
        "Lon": 21.0053,
        "Time": "2017-05-14 00:36:55",
        "Lines": "N33",
        "Lat": 52.2296,
        "Brigade": "172"
      },
      {
        "Lon": 21.0053,
        "Time": "2017-05-14 00:37:05",
        "Lines": "N33",
        "Lat": 52.2296,
        "Brigade": "172"
      },
      {
        "Lon": 21.0053,
        "Time": "2017-05-14 00:37:15",
        "Lines": "N33",
        "Lat": 52.2296,
        "Brigade": "172"
      },
      {
        "Lon": 21.0053,
        "Time": "2017-05-14 00:37:25",
        "Lines": "N33",
        "Lat": 52.2296,
        "Brigade": "172"
      },
      {
        "Lon": 21.0053,
        "Time": "2017-05-14 00:37:40",
        "Lines": "N33",
        "Lat": 52.2296,
        "Brigade": "172"
      },
      {
        "Lon": 21.0053,
        "Time": "2017-05-14 00:37:50",
        "Lines": "N33",
        "Lat": 52.2296,
        "Brigade": "172"
      },
      {
        "Lon": 21.0053,
        "Time": "2017-05-14 00:38:00",
        "Lines": "N33",
        "Lat": 52.2296,
        "Brigade": "172"
      },
      {
        "Lon": 21.0053,
        "Time": "2017-05-14 00:38:10",
        "Lines": "N33",
        "Lat": 52.2296,
        "Brigade": "172"
      },
      {
        "Lon": 21.0053,
        "Time": "2017-05-14 00:38:20",
        "Lines": "N33",
        "Lat": 52.2296,
        "Brigade": "172"
      },
      {
        "Lon": 21.0053,
        "Time": "2017-05-14 00:38:30",
        "Lines": "N33",
        "Lat": 52.2296,
        "Brigade": "172"
      },
      {
        "Lon": 21.0053,
        "Time": "2017-05-14 00:38:45",
        "Lines": "N33",
        "Lat": 52.2296,
        "Brigade": "172"
      },
      {
        "Lon": 21.0053,
        "Time": "2017-05-14 00:38:55",
        "Lines": "N33",
        "Lat": 52.2296,
        "Brigade": "172"
      },
      {
        "Lon": 21.0053,
        "Time": "2017-05-14 00:39:05",
        "Lines": "N33",
        "Lat": 52.2296,
        "Brigade": "172"
      },
      {
        "Lon": 21.0053,
        "Time": "2017-05-14 00:39:15",
        "Lines": "N33",
        "Lat": 52.2296,
        "Brigade": "172"
      },
      {
        "Lon": 21.0051,
        "Time": "2017-05-14 00:39:30",
        "Lines": "N33",
        "Lat": 52.2297,
        "Brigade": "172"
      },
      {
        "Lon": 21.0047,
        "Time": "2017-05-14 00:39:40",
        "Lines": "N33",
        "Lat": 52.2302,
        "Brigade": "172"
      },
      {
        "Lon": 21.0042,
        "Time": "2017-05-14 00:39:50",
        "Lines": "N33",
        "Lat": 52.2309,
        "Brigade": "172"
      },
      {
        "Lon": 21.0039,
        "Time": "2017-05-14 00:40:00",
        "Lines": "N33",
        "Lat": 52.2315,
        "Brigade": "172"
      },
      {
        "Lon": 21.0036,
        "Time": "2017-05-14 00:40:10",
        "Lines": "N33",
        "Lat": 52.2315,
        "Brigade": "172"
      },
      {
        "Lon": 21.0039,
        "Time": "2017-05-14 00:40:20",
        "Lines": "N33",
        "Lat": 52.2311,
        "Brigade": "172"
      },
      {
        "Lon": 21.0043,
        "Time": "2017-05-14 00:40:35",
        "Lines": "N33",
        "Lat": 52.2302,
        "Brigade": "172"
      },
      {
        "Lon": 21.0044,
        "Time": "2017-05-14 00:40:45",
        "Lines": "N33",
        "Lat": 52.2299,
        "Brigade": "172"
      },
      {
        "Lon": 21.0044,
        "Time": "2017-05-14 00:40:55",
        "Lines": "N33",
        "Lat": 52.2299,
        "Brigade": "172"
      },
      {
        "Lon": 21.0044,
        "Time": "2017-05-14 00:41:05",
        "Lines": "N33",
        "Lat": 52.2299,
        "Brigade": "172"
      },
      {
        "Lon": 21.0044,
        "Time": "2017-05-14 00:41:20",
        "Lines": "N33",
        "Lat": 52.2299,
        "Brigade": "172"
      },
      {
        "Lon": 21.0044,
        "Time": "2017-05-14 00:41:30",
        "Lines": "N33",
        "Lat": 52.2299,
        "Brigade": "172"
      },
      {
        "Lon": 21.0044,
        "Time": "2017-05-14 00:41:40",
        "Lines": "N33",
        "Lat": 52.23,
        "Brigade": "172"
      },
      {
        "Lon": 21.0048,
        "Time": "2017-05-14 03:07:51",
        "Lines": "N33",
        "Lat": 52.2299,
        "Brigade": "172"
      },
      {
        "Lon": 21.0049,
        "Time": "2017-05-14 03:08:01",
        "Lines": "N33",
        "Lat": 52.2299,
        "Brigade": "172"
      },
      {
        "Lon": 21.0049,
        "Time": "2017-05-14 03:08:11",
        "Lines": "N33",
        "Lat": 52.2299,
        "Brigade": "172"
      },
      {
        "Lon": 21.005,
        "Time": "2017-05-14 03:08:26",
        "Lines": "N33",
        "Lat": 52.2299,
        "Brigade": "172"
      },
      {
        "Lon": 21.005,
        "Time": "2017-05-14 03:08:36",
        "Lines": "N33",
        "Lat": 52.2299,
        "Brigade": "172"
      },
      {
        "Lon": 21.0051,
        "Time": "2017-05-14 03:08:46",
        "Lines": "N33",
        "Lat": 52.2299,
        "Brigade": "172"
      },
      {
        "Lon": 21.0051,
        "Time": "2017-05-14 03:08:56",
        "Lines": "N33",
        "Lat": 52.2299,
        "Brigade": "172"
      },
      {
        "Lon": 21.0051,
        "Time": "2017-05-14 03:09:11",
        "Lines": "N33",
        "Lat": 52.2298,
        "Brigade": "172"
      },
      {
        "Lon": 21.0051,
        "Time": "2017-05-14 03:09:21",
        "Lines": "N33",
        "Lat": 52.2298,
        "Brigade": "172"
      },
      {
        "Lon": 21.0051,
        "Time": "2017-05-14 03:09:32",
        "Lines": "N33",
        "Lat": 52.2298,
        "Brigade": "172"
      },
      {
        "Lon": 21.0052,
        "Time": "2017-05-14 03:09:41",
        "Lines": "N33",
        "Lat": 52.2298,
        "Brigade": "172"
      },
      {
        "Lon": 21.0052,
        "Time": "2017-05-14 03:09:51",
        "Lines": "N33",
        "Lat": 52.2298,
        "Brigade": "172"
      },
      {
        "Lon": 21.0051,
        "Time": "2017-05-14 03:10:06",
        "Lines": "N33",
        "Lat": 52.2298,
        "Brigade": "172"
      },
      {
        "Lon": 21.0046,
        "Time": "2017-05-14 03:10:16",
        "Lines": "N33",
        "Lat": 52.2303,
        "Brigade": "172"
      },
      {
        "Lon": 21.0044,
        "Time": "2017-05-14 03:10:21",
        "Lines": "N33",
        "Lat": 52.2306,
        "Brigade": "172"
      },
      {
        "Lon": 21.0038,
        "Time": "2017-05-14 03:10:36",
        "Lines": "N33",
        "Lat": 52.2316,
        "Brigade": "172"
      },
      {
        "Lon": 21.0036,
        "Time": "2017-05-14 03:10:46",
        "Lines": "N33",
        "Lat": 52.2318,
        "Brigade": "172"
      },
      {
        "Lon": 21.0037,
        "Time": "2017-05-14 03:11:01",
        "Lines": "N33",
        "Lat": 52.2314,
        "Brigade": "172"
      },
      {
        "Lon": 21.0041,
        "Time": "2017-05-14 03:11:11",
        "Lines": "N33",
        "Lat": 52.2308,
        "Brigade": "172"
      },
      {
        "Lon": 21.0043,
        "Time": "2017-05-14 03:11:21",
        "Lines": "N33",
        "Lat": 52.2304,
        "Brigade": "172"
      },
      {
        "Lon": 21.0044,
        "Time": "2017-05-14 03:11:31",
        "Lines": "N33",
        "Lat": 52.2301,
        "Brigade": "172"
      },
      {
        "Lon": 21.0044,
        "Time": "2017-05-14 03:11:41",
        "Lines": "N33",
        "Lat": 52.23,
        "Brigade": "172"
      },
      {
        "Lon": 21.0044,
        "Time": "2017-05-14 03:11:56",
        "Lines": "N33",
        "Lat": 52.23,
        "Brigade": "172"
      },
      {
        "Lon": 21.0044,
        "Time": "2017-05-14 03:12:06",
        "Lines": "N33",
        "Lat": 52.23,
        "Brigade": "172"
      },
      {
        "Lon": 21.0044,
        "Time": "2017-05-14 03:12:16",
        "Lines": "N33",
        "Lat": 52.23,
        "Brigade": "172"
      },
      {
        "Lon": 21.0044,
        "Time": "2017-05-14 03:12:31",
        "Lines": "N33",
        "Lat": 52.23,
        "Brigade": "172"
      },
      {
        "Lon": 21.0044,
        "Time": "2017-05-14 03:12:41",
        "Lines": "N33",
        "Lat": 52.23,
        "Brigade": "172"
      },
      {
        "Lon": 21.0044,
        "Time": "2017-05-14 03:12:51",
        "Lines": "N33",
        "Lat": 52.23,
        "Brigade": "172"
      },
      {
        "Lon": 21.0044,
        "Time": "2017-05-14 03:13:01",
        "Lines": "N33",
        "Lat": 52.23,
        "Brigade": "172"
      },
      {
        "Lon": 21.0044,
        "Time": "2017-05-14 03:13:11",
        "Lines": "N33",
        "Lat": 52.23,
        "Brigade": "172"
      },
      {
        "Lon": 21.0044,
        "Time": "2017-05-14 03:13:21",
        "Lines": "N33",
        "Lat": 52.23,
        "Brigade": "172"
      },
      {
        "Lon": 21.0044,
        "Time": "2017-05-14 03:13:36",
        "Lines": "N33",
        "Lat": 52.23,
        "Brigade": "172"
      },
      {
        "Lon": 21.0044,
        "Time": "2017-05-14 03:13:46",
        "Lines": "N33",
        "Lat": 52.23,
        "Brigade": "172"
      },
      {
        "Lon": 21.0044,
        "Time": "2017-05-14 03:13:56",
        "Lines": "N33",
        "Lat": 52.23,
        "Brigade": "172"
      },
      {
        "Lon": 21.0044,
        "Time": "2017-05-14 03:14:06",
        "Lines": "N33",
        "Lat": 52.23,
        "Brigade": "172"
      },
      {
        "Lon": 21.0044,
        "Time": "2017-05-14 03:14:16",
        "Lines": "N33",
        "Lat": 52.23,
        "Brigade": "172"
      },
      {
        "Lon": 21.0044,
        "Time": "2017-05-14 03:14:26",
        "Lines": "N33",
        "Lat": 52.23,
        "Brigade": "172"
      },
      {
        "Lon": 21.0044,
        "Time": "2017-05-14 03:14:41",
        "Lines": "N33",
        "Lat": 52.23,
        "Brigade": "172"
      },
      {
        "Lon": 21.0044,
        "Time": "2017-05-14 03:14:51",
        "Lines": "N33",
        "Lat": 52.23,
        "Brigade": "172"
      },
      {
        "Lon": 21.0044,
        "Time": "2017-05-14 03:15:01",
        "Lines": "N33",
        "Lat": 52.23,
        "Brigade": "172"
      },
      {
        "Lon": 21.0044,
        "Time": "2017-05-14 03:15:11",
        "Lines": "N33",
        "Lat": 52.23,
        "Brigade": "172"
      },
      {
        "Lon": 21.0045,
        "Time": "2017-05-14 03:15:26",
        "Lines": "N33",
        "Lat": 52.2299,
        "Brigade": "172"
      },
      {
        "Lon": 21.0045,
        "Time": "2017-05-14 03:15:36",
        "Lines": "N33",
        "Lat": 52.2299,
        "Brigade": "172"
      },
      {
        "Lon": 21.0048,
        "Time": "2017-05-14 03:15:46",
        "Lines": "N33",
        "Lat": 52.2296,
        "Brigade": "172"
      },
      {
        "Lon": 21.0052,
        "Time": "2017-05-14 03:16:01",
        "Lines": "N33",
        "Lat": 52.229,
        "Brigade": "172"
      },
      {
        "Lon": 21.0052,
        "Time": "2017-05-14 03:16:11",
        "Lines": "N33",
        "Lat": 52.2289,
        "Brigade": "172"
      },
      {
        "Lon": 21.0052,
        "Time": "2017-05-14 03:16:21",
        "Lines": "N33",
        "Lat": 52.2289,
        "Brigade": "172"
      },
      {
        "Lon": 21.0051,
        "Time": "2017-05-14 03:16:31",
        "Lines": "N33",
        "Lat": 52.2289,
        "Brigade": "172"
      },
      {
        "Lon": 21.0053,
        "Time": "2017-05-14 03:16:41",
        "Lines": "N33",
        "Lat": 52.2287,
        "Brigade": "172"
      },
      {
        "Lon": 21.007,
        "Time": "2017-05-14 03:16:56",
        "Lines": "N33",
        "Lat": 52.2287,
        "Brigade": "172"
      },
      {
        "Lon": 21.0089,
        "Time": "2017-05-14 03:17:06",
        "Lines": "N33",
        "Lat": 52.2291,
        "Brigade": "172"
      },
      {
        "Lon": 21.0108,
        "Time": "2017-05-14 03:17:16",
        "Lines": "N33",
        "Lat": 52.2295,
        "Brigade": "172"
      },
      {
        "Lon": 21.0125,
        "Time": "2017-05-14 03:17:31",
        "Lines": "N33",
        "Lat": 52.2298,
        "Brigade": "172"
      },
      {
        "Lon": 21.0126,
        "Time": "2017-05-14 03:17:41",
        "Lines": "N33",
        "Lat": 52.2298,
        "Brigade": "172"
      },
      {
        "Lon": 21.0127,
        "Time": "2017-05-14 03:17:46",
        "Lines": "N33",
        "Lat": 52.2298,
        "Brigade": "172"
      },
      {
        "Lon": 21.013,
        "Time": "2017-05-14 03:18:06",
        "Lines": "N33",
        "Lat": 52.23,
        "Brigade": "172"
      },
      {
        "Lon": 21.013,
        "Time": "2017-05-14 03:18:08",
        "Lines": "N33",
        "Lat": 52.23,
        "Brigade": "172"
      },
      {
        "Lon": 21.0144,
        "Time": "2017-05-14 03:18:26",
        "Lines": "N33",
        "Lat": 52.2304,
        "Brigade": "172"
      },
      {
        "Lon": 21.0152,
        "Time": "2017-05-14 03:18:36",
        "Lines": "N33",
        "Lat": 52.2306,
        "Brigade": "172"
      },
      {
        "Lon": 21.0161,
        "Time": "2017-05-14 03:18:46",
        "Lines": "N33",
        "Lat": 52.2309,
        "Brigade": "172"
      },
      {
        "Lon": 21.0173,
        "Time": "2017-05-14 03:19:01",
        "Lines": "N33",
        "Lat": 52.2312,
        "Brigade": "172"
      }
    ]
  }
]
