[
  {
    "res": [
      {
        "Lon": 21.021,
        "Time": "2017-05-14 00:00:06",
        "Lines": "N33",
        "Lat": 52.232,
        "Brigade": "173"
      },
      {
        "Lon": 21.0207,
        "Time": "2017-05-14 00:00:18",
        "Lines": "N33",
        "Lat": 52.232,
        "Brigade": "173"
      },
      {
        "Lon": 21.0198,
        "Time": "2017-05-14 00:00:31",
        "Lines": "N33",
        "Lat": 52.2317,
        "Brigade": "173"
      },
      {
        "Lon": 21.0181,
        "Time": "2017-05-14 00:00:45",
        "Lines": "N33",
        "Lat": 52.2313,
        "Brigade": "173"
      },
      {
        "Lon": 21.0181,
        "Time": "2017-05-14 00:00:59",
        "Lines": "N33",
        "Lat": 52.2313,
        "Brigade": "173"
      },
      {
        "Lon": 21.0177,
        "Time": "2017-05-14 00:01:12",
        "Lines": "N33",
        "Lat": 52.2312,
        "Brigade": "173"
      },
      {
        "Lon": 21.0166,
        "Time": "2017-05-14 00:01:24",
        "Lines": "N33",
        "Lat": 52.231,
        "Brigade": "173"
      },
      {
        "Lon": 21.0148,
        "Time": "2017-05-14 00:01:36",
        "Lines": "N33",
        "Lat": 52.2306,
        "Brigade": "173"
      },
      {
        "Lon": 21.0128,
        "Time": "2017-05-14 00:01:48",
        "Lines": "N33",
        "Lat": 52.2302,
        "Brigade": "173"
      },
      {
        "Lon": 21.0123,
        "Time": "2017-05-14 00:02:01",
        "Lines": "N33",
        "Lat": 52.2302,
        "Brigade": "173"
      },
      {
        "Lon": 21.0121,
        "Time": "2017-05-14 00:02:14",
        "Lines": "N33",
        "Lat": 52.2302,
        "Brigade": "173"
      },
      {
        "Lon": 21.0121,
        "Time": "2017-05-14 00:02:29",
        "Lines": "N33",
        "Lat": 52.2302,
        "Brigade": "173"
      },
      {
        "Lon": 21.0121,
        "Time": "2017-05-14 00:02:41",
        "Lines": "N33",
        "Lat": 52.2302,
        "Brigade": "173"
      },
      {
        "Lon": 21.0112,
        "Time": "2017-05-14 00:02:52",
        "Lines": "N33",
        "Lat": 52.2301,
        "Brigade": "173"
      },
      {
        "Lon": 21.0101,
        "Time": "2017-05-14 00:03:05",
        "Lines": "N33",
        "Lat": 52.2297,
        "Brigade": "173"
      },
      {
        "Lon": 21.01,
        "Time": "2017-05-14 00:03:19",
        "Lines": "N33",
        "Lat": 52.2297,
        "Brigade": "173"
      },
      {
        "Lon": 21.0098,
        "Time": "2017-05-14 00:03:32",
        "Lines": "N33",
        "Lat": 52.2296,
        "Brigade": "173"
      },
      {
        "Lon": 21.008,
        "Time": "2017-05-14 00:03:45",
        "Lines": "N33",
        "Lat": 52.2292,
        "Brigade": "173"
      },
      {
        "Lon": 21.0052,
        "Time": "2017-05-14 00:04:16",
        "Lines": "N33",
        "Lat": 52.2295,
        "Brigade": "173"
      },
      {
        "Lon": 21.0051,
        "Time": "2017-05-14 00:04:29",
        "Lines": "N33",
        "Lat": 52.2296,
        "Brigade": "173"
      },
      {
        "Lon": 21.0051,
        "Time": "2017-05-14 00:04:45",
        "Lines": "N33",
        "Lat": 52.2296,
        "Brigade": "173"
      },
      {
        "Lon": 21.0051,
        "Time": "2017-05-14 00:04:57",
        "Lines": "N33",
        "Lat": 52.2296,
        "Brigade": "173"
      },
      {
        "Lon": 21.0051,
        "Time": "2017-05-14 00:05:10",
        "Lines": "N33",
        "Lat": 52.2296,
        "Brigade": "173"
      },
      {
        "Lon": 21.0051,
        "Time": "2017-05-14 00:05:23",
        "Lines": "N33",
        "Lat": 52.2297,
        "Brigade": "173"
      },
      {
        "Lon": 21.0049,
        "Time": "2017-05-14 00:05:35",
        "Lines": "N33",
        "Lat": 52.2298,
        "Brigade": "173"
      },
      {
        "Lon": 21.0044,
        "Time": "2017-05-14 00:05:48",
        "Lines": "N33",
        "Lat": 52.2306,
        "Brigade": "173"
      },
      {
        "Lon": 21.004,
        "Time": "2017-05-14 00:06:00",
        "Lines": "N33",
        "Lat": 52.2313,
        "Brigade": "173"
      },
      {
        "Lon": 21.0036,
        "Time": "2017-05-14 00:06:13",
        "Lines": "N33",
        "Lat": 52.2318,
        "Brigade": "173"
      },
      {
        "Lon": 21.0036,
        "Time": "2017-05-14 00:06:25",
        "Lines": "N33",
        "Lat": 52.2314,
        "Brigade": "173"
      },
      {
        "Lon": 21.0036,
        "Time": "2017-05-14 00:06:39",
        "Lines": "N33",
        "Lat": 52.2314,
        "Brigade": "173"
      },
      {
        "Lon": 21.0036,
        "Time": "2017-05-14 00:06:52",
        "Lines": "N33",
        "Lat": 52.2314,
        "Brigade": "173"
      },
      {
        "Lon": 21.0036,
        "Time": "2017-05-14 00:07:04",
        "Lines": "N33",
        "Lat": 52.2314,
        "Brigade": "173"
      },
      {
        "Lon": 21.0036,
        "Time": "2017-05-14 00:07:16",
        "Lines": "N33",
        "Lat": 52.2314,
        "Brigade": "173"
      },
      {
        "Lon": 21.0036,
        "Time": "2017-05-14 00:07:29",
        "Lines": "N33",
        "Lat": 52.2314,
        "Brigade": "173"
      },
      {
        "Lon": 21.0036,
        "Time": "2017-05-14 00:07:41",
        "Lines": "N33",
        "Lat": 52.2314,
        "Brigade": "173"
      },
      {
        "Lon": 21.0036,
        "Time": "2017-05-14 00:07:55",
        "Lines": "N33",
        "Lat": 52.2314,
        "Brigade": "173"
      },
      {
        "Lon": 21.0036,
        "Time": "2017-05-14 00:08:06",
        "Lines": "N33",
        "Lat": 52.2314,
        "Brigade": "173"
      },
      {
        "Lon": 21.0036,
        "Time": "2017-05-14 00:08:18",
        "Lines": "N33",
        "Lat": 52.2314,
        "Brigade": "173"
      },
      {
        "Lon": 21.0036,
        "Time": "2017-05-14 00:08:32",
        "Lines": "N33",
        "Lat": 52.2314,
        "Brigade": "173"
      },
      {
        "Lon": 21.0036,
        "Time": "2017-05-14 00:08:44",
        "Lines": "N33",
        "Lat": 52.2314,
        "Brigade": "173"
      },
      {
        "Lon": 21.0036,
        "Time": "2017-05-14 00:08:56",
        "Lines": "N33",
        "Lat": 52.2314,
        "Brigade": "173"
      },
      {
        "Lon": 21.0036,
        "Time": "2017-05-14 00:09:10",
        "Lines": "N33",
        "Lat": 52.2314,
        "Brigade": "173"
      },
      {
        "Lon": 21.0036,
        "Time": "2017-05-14 00:09:21",
        "Lines": "N33",
        "Lat": 52.2314,
        "Brigade": "173"
      },
      {
        "Lon": 21.0036,
        "Time": "2017-05-14 00:09:33",
        "Lines": "N33",
        "Lat": 52.2314,
        "Brigade": "173"
      },
      {
        "Lon": 21.0036,
        "Time": "2017-05-14 00:09:47",
        "Lines": "N33",
        "Lat": 52.2314,
        "Brigade": "173"
      },
      {
        "Lon": 21.0036,
        "Time": "2017-05-14 00:09:59",
        "Lines": "N33",
        "Lat": 52.2314,
        "Brigade": "173"
      },
      {
        "Lon": 21.0045,
        "Time": "2017-05-14 00:11:27",
        "Lines": "N33",
        "Lat": 52.23,
        "Brigade": "173"
      },
      {
        "Lon": 21.0045,
        "Time": "2017-05-14 00:11:39",
        "Lines": "N33",
        "Lat": 52.23,
        "Brigade": "173"
      },
      {
        "Lon": 21.0045,
        "Time": "2017-05-14 00:11:51",
        "Lines": "N33",
        "Lat": 52.23,
        "Brigade": "173"
      },
      {
        "Lon": 21.0045,
        "Time": "2017-05-14 00:12:04",
        "Lines": "N33",
        "Lat": 52.23,
        "Brigade": "173"
      },
      {
        "Lon": 21.0045,
        "Time": "2017-05-14 00:12:16",
        "Lines": "N33",
        "Lat": 52.23,
        "Brigade": "173"
      },
      {
        "Lon": 21.0045,
        "Time": "2017-05-14 00:12:28",
        "Lines": "N33",
        "Lat": 52.23,
        "Brigade": "173"
      },
      {
        "Lon": 21.0045,
        "Time": "2017-05-14 00:12:40",
        "Lines": "N33",
        "Lat": 52.23,
        "Brigade": "173"
      },
      {
        "Lon": 21.0045,
        "Time": "2017-05-14 00:12:54",
        "Lines": "N33",
        "Lat": 52.23,
        "Brigade": "173"
      },
      {
        "Lon": 21.0045,
        "Time": "2017-05-14 00:13:07",
        "Lines": "N33",
        "Lat": 52.23,
        "Brigade": "173"
      },
      {
        "Lon": 21.0045,
        "Time": "2017-05-14 00:13:20",
        "Lines": "N33",
        "Lat": 52.23,
        "Brigade": "173"
      },
      {
        "Lon": 21.0045,
        "Time": "2017-05-14 00:13:33",
        "Lines": "N33",
        "Lat": 52.23,
        "Brigade": "173"
      },
      {
        "Lon": 21.0045,
        "Time": "2017-05-14 00:13:45",
        "Lines": "N33",
        "Lat": 52.23,
        "Brigade": "173"
      },
      {
        "Lon": 21.0045,
        "Time": "2017-05-14 00:13:57",
        "Lines": "N33",
        "Lat": 52.23,
        "Brigade": "173"
      },
      {
        "Lon": 21.0045,
        "Time": "2017-05-14 00:14:11",
        "Lines": "N33",
        "Lat": 52.23,
        "Brigade": "173"
      },
      {
        "Lon": 21.0045,
        "Time": "2017-05-14 00:14:26",
        "Lines": "N33",
        "Lat": 52.23,
        "Brigade": "173"
      },
      {
        "Lon": 21.0045,
        "Time": "2017-05-14 00:14:39",
        "Lines": "N33",
        "Lat": 52.23,
        "Brigade": "173"
      },
      {
        "Lon": 21.0045,
        "Time": "2017-05-14 00:14:54",
        "Lines": "N33",
        "Lat": 52.23,
        "Brigade": "173"
      },
      {
        "Lon": 21.0045,
        "Time": "2017-05-14 00:15:07",
        "Lines": "N33",
        "Lat": 52.23,
        "Brigade": "173"
      },
      {
        "Lon": 21.005,
        "Time": "2017-05-14 00:15:21",
        "Lines": "N33",
        "Lat": 52.2292,
        "Brigade": "173"
      },
      {
        "Lon": 21.0058,
        "Time": "2017-05-14 00:15:32",
        "Lines": "N33",
        "Lat": 52.2286,
        "Brigade": "173"
      },
      {
        "Lon": 21.0075,
        "Time": "2017-05-14 00:15:44",
        "Lines": "N33",
        "Lat": 52.2289,
        "Brigade": "173"
      },
      {
        "Lon": 21.0095,
        "Time": "2017-05-14 00:15:57",
        "Lines": "N33",
        "Lat": 52.2293,
        "Brigade": "173"
      },
      {
        "Lon": 21.011,
        "Time": "2017-05-14 00:16:09",
        "Lines": "N33",
        "Lat": 52.2296,
        "Brigade": "173"
      },
      {
        "Lon": 21.0112,
        "Time": "2017-05-14 00:16:24",
        "Lines": "N33",
        "Lat": 52.2296,
        "Brigade": "173"
      },
      {
        "Lon": 21.0113,
        "Time": "2017-05-14 00:16:36",
        "Lines": "N33",
        "Lat": 52.2296,
        "Brigade": "173"
      },
      {
        "Lon": 21.0113,
        "Time": "2017-05-14 00:16:49",
        "Lines": "N33",
        "Lat": 52.2296,
        "Brigade": "173"
      },
      {
        "Lon": 21.0113,
        "Time": "2017-05-14 00:17:03",
        "Lines": "N33",
        "Lat": 52.2296,
        "Brigade": "173"
      },
      {
        "Lon": 21.0113,
        "Time": "2017-05-14 00:17:15",
        "Lines": "N33",
        "Lat": 52.2296,
        "Brigade": "173"
      },
      {
        "Lon": 21.0114,
        "Time": "2017-05-14 00:17:28",
        "Lines": "N33",
        "Lat": 52.2296,
        "Brigade": "173"
      },
      {
        "Lon": 21.0126,
        "Time": "2017-05-14 00:17:41",
        "Lines": "N33",
        "Lat": 52.2299,
        "Brigade": "173"
      },
      {
        "Lon": 21.0132,
        "Time": "2017-05-14 00:17:53",
        "Lines": "N33",
        "Lat": 52.2301,
        "Brigade": "173"
      },
      {
        "Lon": 21.0132,
        "Time": "2017-05-14 00:18:06",
        "Lines": "N33",
        "Lat": 52.2301,
        "Brigade": "173"
      },
      {
        "Lon": 21.0133,
        "Time": "2017-05-14 00:18:19",
        "Lines": "N33",
        "Lat": 52.2301,
        "Brigade": "173"
      },
      {
        "Lon": 21.015,
        "Time": "2017-05-14 00:18:33",
        "Lines": "N33",
        "Lat": 52.2305,
        "Brigade": "173"
      },
      {
        "Lon": 21.017,
        "Time": "2017-05-14 00:18:47",
        "Lines": "N33",
        "Lat": 52.2309,
        "Brigade": "173"
      },
      {
        "Lon": 21.018,
        "Time": "2017-05-14 00:18:59",
        "Lines": "N33",
        "Lat": 52.2311,
        "Brigade": "173"
      },
      {
        "Lon": 21.0181,
        "Time": "2017-05-14 00:19:12",
        "Lines": "N33",
        "Lat": 52.2311,
        "Brigade": "173"
      },
      {
        "Lon": 21.0181,
        "Time": "2017-05-14 00:19:25",
        "Lines": "N33",
        "Lat": 52.2311,
        "Brigade": "173"
      },
      {
        "Lon": 21.0182,
        "Time": "2017-05-14 00:19:37",
        "Lines": "N33",
        "Lat": 52.2311,
        "Brigade": "173"
      },
      {
        "Lon": 21.0186,
        "Time": "2017-05-14 00:19:49",
        "Lines": "N33",
        "Lat": 52.2312,
        "Brigade": "173"
      },
      {
        "Lon": 21.0191,
        "Time": "2017-05-14 00:20:03",
        "Lines": "N33",
        "Lat": 52.2308,
        "Brigade": "173"
      },
      {
        "Lon": 21.0198,
        "Time": "2017-05-14 00:20:15",
        "Lines": "N33",
        "Lat": 52.2302,
        "Brigade": "173"
      },
      {
        "Lon": 21.0212,
        "Time": "2017-05-14 00:20:29",
        "Lines": "N33",
        "Lat": 52.2294,
        "Brigade": "173"
      },
      {
        "Lon": 21.0223,
        "Time": "2017-05-14 00:20:42",
        "Lines": "N33",
        "Lat": 52.2287,
        "Brigade": "173"
      },
      {
        "Lon": 21.023,
        "Time": "2017-05-14 00:20:58",
        "Lines": "N33",
        "Lat": 52.2288,
        "Brigade": "173"
      },
      {
        "Lon": 21.0227,
        "Time": "2017-05-14 00:21:11",
        "Lines": "N33",
        "Lat": 52.2293,
        "Brigade": "173"
      },
      {
        "Lon": 21.0226,
        "Time": "2017-05-14 00:21:27",
        "Lines": "N33",
        "Lat": 52.2294,
        "Brigade": "173"
      },
      {
        "Lon": 21.0225,
        "Time": "2017-05-14 00:21:39",
        "Lines": "N33",
        "Lat": 52.2298,
        "Brigade": "173"
      },
      {
        "Lon": 21.0241,
        "Time": "2017-05-14 00:21:52",
        "Lines": "N33",
        "Lat": 52.2299,
        "Brigade": "173"
      },
      {
        "Lon": 21.0295,
        "Time": "2017-05-14 00:22:19",
        "Lines": "N33",
        "Lat": 52.2301,
        "Brigade": "173"
      },
      {
        "Lon": 21.0307,
        "Time": "2017-05-14 00:22:32",
        "Lines": "N33",
        "Lat": 52.2301,
        "Brigade": "173"
      },
      {
        "Lon": 21.0314,
        "Time": "2017-05-14 00:22:45",
        "Lines": "N33",
        "Lat": 52.2293,
        "Brigade": "173"
      },
      {
        "Lon": 21.0314,
        "Time": "2017-05-14 00:22:57",
        "Lines": "N33",
        "Lat": 52.2293,
        "Brigade": "173"
      },
      {
        "Lon": 21.0314,
        "Time": "2017-05-14 00:23:09",
        "Lines": "N33",
        "Lat": 52.2293,
        "Brigade": "173"
      },
      {
        "Lon": 21.0322,
        "Time": "2017-05-14 00:23:23",
        "Lines": "N33",
        "Lat": 52.2286,
        "Brigade": "173"
      },
      {
        "Lon": 21.0328,
        "Time": "2017-05-14 00:23:36",
        "Lines": "N33",
        "Lat": 52.2281,
        "Brigade": "173"
      },
      {
        "Lon": 21.0331,
        "Time": "2017-05-14 00:23:49",
        "Lines": "N33",
        "Lat": 52.2278,
        "Brigade": "173"
      },
      {
        "Lon": 21.0339,
        "Time": "2017-05-14 00:24:02",
        "Lines": "N33",
        "Lat": 52.2269,
        "Brigade": "173"
      },
      {
        "Lon": 21.0339,
        "Time": "2017-05-14 00:24:27",
        "Lines": "N33",
        "Lat": 52.2266,
        "Brigade": "173"
      },
      {
        "Lon": 21.0341,
        "Time": "2017-05-14 00:24:39",
        "Lines": "N33",
        "Lat": 52.2262,
        "Brigade": "173"
      },
      {
        "Lon": 21.0348,
        "Time": "2017-05-14 00:24:52",
        "Lines": "N33",
        "Lat": 52.2244,
        "Brigade": "173"
      },
      {
        "Lon": 21.0355,
        "Time": "2017-05-14 00:25:05",
        "Lines": "N33",
        "Lat": 52.2228,
        "Brigade": "173"
      },
      {
        "Lon": 21.0355,
        "Time": "2017-05-14 00:25:18",
        "Lines": "N33",
        "Lat": 52.2219,
        "Brigade": "173"
      },
      {
        "Lon": 21.0366,
        "Time": "2017-05-14 00:25:30",
        "Lines": "N33",
        "Lat": 52.2218,
        "Brigade": "173"
      },
      {
        "Lon": 21.0368,
        "Time": "2017-05-14 00:25:43",
        "Lines": "N33",
        "Lat": 52.2218,
        "Brigade": "173"
      },
      {
        "Lon": 21.037,
        "Time": "2017-05-14 00:25:55",
        "Lines": "N33",
        "Lat": 52.2218,
        "Brigade": "173"
      },
      {
        "Lon": 21.0389,
        "Time": "2017-05-14 00:26:09",
        "Lines": "N33",
        "Lat": 52.2217,
        "Brigade": "173"
      },
      {
        "Lon": 21.0425,
        "Time": "2017-05-14 00:26:23",
        "Lines": "N33",
        "Lat": 52.2215,
        "Brigade": "173"
      },
      {
        "Lon": 21.0445,
        "Time": "2017-05-14 00:26:41",
        "Lines": "N33",
        "Lat": 52.2214,
        "Brigade": "173"
      },
      {
        "Lon": 21.0448,
        "Time": "2017-05-14 00:27:09",
        "Lines": "N33",
        "Lat": 52.2208,
        "Brigade": "173"
      },
      {
        "Lon": 21.0453,
        "Time": "2017-05-14 00:27:22",
        "Lines": "N33",
        "Lat": 52.2196,
        "Brigade": "173"
      },
      {
        "Lon": 21.0456,
        "Time": "2017-05-14 00:27:42",
        "Lines": "N33",
        "Lat": 52.2187,
        "Brigade": "173"
      },
      {
        "Lon": 21.0457,
        "Time": "2017-05-14 00:28:02",
        "Lines": "N33",
        "Lat": 52.2178,
        "Brigade": "173"
      },
      {
        "Lon": 21.0458,
        "Time": "2017-05-14 00:28:14",
        "Lines": "N33",
        "Lat": 52.2163,
        "Brigade": "173"
      },
      {
        "Lon": 21.0458,
        "Time": "2017-05-14 00:28:27",
        "Lines": "N33",
        "Lat": 52.2162,
        "Brigade": "173"
      },
      {
        "Lon": 21.0459,
        "Time": "2017-05-14 00:28:39",
        "Lines": "N33",
        "Lat": 52.2153,
        "Brigade": "173"
      },
      {
        "Lon": 21.0459,
        "Time": "2017-05-14 00:28:52",
        "Lines": "N33",
        "Lat": 52.2152,
        "Brigade": "173"
      },
      {
        "Lon": 21.0463,
        "Time": "2017-05-14 00:29:04",
        "Lines": "N33",
        "Lat": 52.2143,
        "Brigade": "173"
      },
      {
        "Lon": 21.0468,
        "Time": "2017-05-14 00:29:16",
        "Lines": "N33",
        "Lat": 52.2128,
        "Brigade": "173"
      },
      {
        "Lon": 21.047,
        "Time": "2017-05-14 00:29:29",
        "Lines": "N33",
        "Lat": 52.2121,
        "Brigade": "173"
      },
      {
        "Lon": 21.047,
        "Time": "2017-05-14 00:29:42",
        "Lines": "N33",
        "Lat": 52.2121,
        "Brigade": "173"
      },
      {
        "Lon": 21.047,
        "Time": "2017-05-14 00:29:54",
        "Lines": "N33",
        "Lat": 52.2121,
        "Brigade": "173"
      },
      {
        "Lon": 21.0471,
        "Time": "2017-05-14 00:30:07",
        "Lines": "N33",
        "Lat": 52.212,
        "Brigade": "173"
      },
      {
        "Lon": 21.0474,
        "Time": "2017-05-14 00:30:19",
        "Lines": "N33",
        "Lat": 52.2109,
        "Brigade": "173"
      },
      {
        "Lon": 21.0478,
        "Time": "2017-05-14 00:30:33",
        "Lines": "N33",
        "Lat": 52.2091,
        "Brigade": "173"
      },
      {
        "Lon": 21.0482,
        "Time": "2017-05-14 00:30:46",
        "Lines": "N33",
        "Lat": 52.2076,
        "Brigade": "173"
      },
      {
        "Lon": 21.0482,
        "Time": "2017-05-14 00:30:58",
        "Lines": "N33",
        "Lat": 52.2076,
        "Brigade": "173"
      },
      {
        "Lon": 21.0482,
        "Time": "2017-05-14 00:31:11",
        "Lines": "N33",
        "Lat": 52.2075,
        "Brigade": "173"
      },
      {
        "Lon": 21.0482,
        "Time": "2017-05-14 00:31:25",
        "Lines": "N33",
        "Lat": 52.2075,
        "Brigade": "173"
      },
      {
        "Lon": 21.0483,
        "Time": "2017-05-14 00:31:38",
        "Lines": "N33",
        "Lat": 52.2071,
        "Brigade": "173"
      },
      {
        "Lon": 21.0486,
        "Time": "2017-05-14 00:31:51",
        "Lines": "N33",
        "Lat": 52.2059,
        "Brigade": "173"
      },
      {
        "Lon": 21.0485,
        "Time": "2017-05-14 00:32:03",
        "Lines": "N33",
        "Lat": 52.2059,
        "Brigade": "173"
      },
      {
        "Lon": 21.0486,
        "Time": "2017-05-14 00:32:15",
        "Lines": "N33",
        "Lat": 52.2059,
        "Brigade": "173"
      },
      {
        "Lon": 21.0488,
        "Time": "2017-05-14 00:32:27",
        "Lines": "N33",
        "Lat": 52.2052,
        "Brigade": "173"
      },
      {
        "Lon": 21.0492,
        "Time": "2017-05-14 00:32:39",
        "Lines": "N33",
        "Lat": 52.2036,
        "Brigade": "173"
      },
      {
        "Lon": 21.0496,
        "Time": "2017-05-14 00:32:51",
        "Lines": "N33",
        "Lat": 52.2025,
        "Brigade": "173"
      },
      {
        "Lon": 21.0498,
        "Time": "2017-05-14 00:33:04",
        "Lines": "N33",
        "Lat": 52.2015,
        "Brigade": "173"
      },
      {
        "Lon": 21.0498,
        "Time": "2017-05-14 00:33:17",
        "Lines": "N33",
        "Lat": 52.2014,
        "Brigade": "173"
      },
      {
        "Lon": 21.0499,
        "Time": "2017-05-14 00:33:29",
        "Lines": "N33",
        "Lat": 52.2013,
        "Brigade": "173"
      },
      {
        "Lon": 21.0503,
        "Time": "2017-05-14 00:33:42",
        "Lines": "N33",
        "Lat": 52.2,
        "Brigade": "173"
      },
      {
        "Lon": 21.0507,
        "Time": "2017-05-14 00:33:55",
        "Lines": "N33",
        "Lat": 52.1984,
        "Brigade": "173"
      },
      {
        "Lon": 21.0511,
        "Time": "2017-05-14 00:34:07",
        "Lines": "N33",
        "Lat": 52.1978,
        "Brigade": "173"
      },
      {
        "Lon": 21.0519,
        "Time": "2017-05-14 00:34:18",
        "Lines": "N33",
        "Lat": 52.1969,
        "Brigade": "173"
      },
      {
        "Lon": 21.0525,
        "Time": "2017-05-14 00:34:31",
        "Lines": "N33",
        "Lat": 52.1963,
        "Brigade": "173"
      },
      {
        "Lon": 21.0525,
        "Time": "2017-05-14 00:34:45",
        "Lines": "N33",
        "Lat": 52.1962,
        "Brigade": "173"
      },
      {
        "Lon": 21.0534,
        "Time": "2017-05-14 00:34:57",
        "Lines": "N33",
        "Lat": 52.1955,
        "Brigade": "173"
      },
      {
        "Lon": 21.0549,
        "Time": "2017-05-14 00:35:09",
        "Lines": "N33",
        "Lat": 52.1941,
        "Brigade": "173"
      },
      {
        "Lon": 21.056,
        "Time": "2017-05-14 00:35:23",
        "Lines": "N33",
        "Lat": 52.1932,
        "Brigade": "173"
      },
      {
        "Lon": 21.056,
        "Time": "2017-05-14 00:35:36",
        "Lines": "N33",
        "Lat": 52.1932,
        "Brigade": "173"
      },
      {
        "Lon": 21.056,
        "Time": "2017-05-14 00:35:48",
        "Lines": "N33",
        "Lat": 52.1932,
        "Brigade": "173"
      },
      {
        "Lon": 21.0562,
        "Time": "2017-05-14 00:36:01",
        "Lines": "N33",
        "Lat": 52.193,
        "Brigade": "173"
      },
      {
        "Lon": 21.057,
        "Time": "2017-05-14 00:36:15",
        "Lines": "N33",
        "Lat": 52.1923,
        "Brigade": "173"
      },
      {
        "Lon": 21.0571,
        "Time": "2017-05-14 00:36:27",
        "Lines": "N33",
        "Lat": 52.1923,
        "Brigade": "173"
      },
      {
        "Lon": 21.0571,
        "Time": "2017-05-14 00:36:39",
        "Lines": "N33",
        "Lat": 52.1923,
        "Brigade": "173"
      },
      {
        "Lon": 21.0579,
        "Time": "2017-05-14 00:36:51",
        "Lines": "N33",
        "Lat": 52.1917,
        "Brigade": "173"
      },
      {
        "Lon": 21.0597,
        "Time": "2017-05-14 00:37:04",
        "Lines": "N33",
        "Lat": 52.1903,
        "Brigade": "173"
      },
      {
        "Lon": 21.0605,
        "Time": "2017-05-14 00:37:16",
        "Lines": "N33",
        "Lat": 52.1896,
        "Brigade": "173"
      },
      {
        "Lon": 21.0605,
        "Time": "2017-05-14 00:37:28",
        "Lines": "N33",
        "Lat": 52.1896,
        "Brigade": "173"
      },
      {
        "Lon": 21.0607,
        "Time": "2017-05-14 00:37:41",
        "Lines": "N33",
        "Lat": 52.1894,
        "Brigade": "173"
      },
      {
        "Lon": 21.0619,
        "Time": "2017-05-14 00:37:54",
        "Lines": "N33",
        "Lat": 52.1884,
        "Brigade": "173"
      },
      {
        "Lon": 21.0631,
        "Time": "2017-05-14 00:38:05",
        "Lines": "N33",
        "Lat": 52.1873,
        "Brigade": "173"
      },
      {
        "Lon": 21.0633,
        "Time": "2017-05-14 00:38:18",
        "Lines": "N33",
        "Lat": 52.1866,
        "Brigade": "173"
      },
      {
        "Lon": 21.0626,
        "Time": "2017-05-14 00:38:30",
        "Lines": "N33",
        "Lat": 52.1861,
        "Brigade": "173"
      },
      {
        "Lon": 21.0626,
        "Time": "2017-05-14 00:38:43",
        "Lines": "N33",
        "Lat": 52.1862,
        "Brigade": "173"
      },
      {
        "Lon": 21.0624,
        "Time": "2017-05-14 00:38:55",
        "Lines": "N33",
        "Lat": 52.1861,
        "Brigade": "173"
      },
      {
        "Lon": 21.0611,
        "Time": "2017-05-14 00:39:07",
        "Lines": "N33",
        "Lat": 52.1851,
        "Brigade": "173"
      },
      {
        "Lon": 21.0602,
        "Time": "2017-05-14 00:39:19",
        "Lines": "N33",
        "Lat": 52.1847,
        "Brigade": "173"
      },
      {
        "Lon": 21.0603,
        "Time": "2017-05-14 00:39:32",
        "Lines": "N33",
        "Lat": 52.1847,
        "Brigade": "173"
      },
      {
        "Lon": 21.0595,
        "Time": "2017-05-14 00:39:45",
        "Lines": "N33",
        "Lat": 52.1841,
        "Brigade": "173"
      },
      {
        "Lon": 21.0588,
        "Time": "2017-05-14 00:39:59",
        "Lines": "N33",
        "Lat": 52.1837,
        "Brigade": "173"
      },
      {
        "Lon": 21.0581,
        "Time": "2017-05-14 00:40:13",
        "Lines": "N33",
        "Lat": 52.1832,
        "Brigade": "173"
      },
      {
        "Lon": 21.0563,
        "Time": "2017-05-14 00:40:25",
        "Lines": "N33",
        "Lat": 52.1822,
        "Brigade": "173"
      },
      {
        "Lon": 21.0561,
        "Time": "2017-05-14 00:40:38",
        "Lines": "N33",
        "Lat": 52.1821,
        "Brigade": "173"
      },
      {
        "Lon": 21.0558,
        "Time": "2017-05-14 00:40:52",
        "Lines": "N33",
        "Lat": 52.1819,
        "Brigade": "173"
      },
      {
        "Lon": 21.0548,
        "Time": "2017-05-14 00:41:05",
        "Lines": "N33",
        "Lat": 52.1812,
        "Brigade": "173"
      },
      {
        "Lon": 21.0547,
        "Time": "2017-05-14 00:41:17",
        "Lines": "N33",
        "Lat": 52.1812,
        "Brigade": "173"
      },
      {
        "Lon": 21.0543,
        "Time": "2017-05-14 00:41:29",
        "Lines": "N33",
        "Lat": 52.1808,
        "Brigade": "173"
      },
      {
        "Lon": 21.0527,
        "Time": "2017-05-14 00:41:42",
        "Lines": "N33",
        "Lat": 52.1798,
        "Brigade": "173"
      },
      {
        "Lon": 21.0524,
        "Time": "2017-05-14 00:41:55",
        "Lines": "N33",
        "Lat": 52.1797,
        "Brigade": "173"
      },
      {
        "Lon": 21.0524,
        "Time": "2017-05-14 00:42:09",
        "Lines": "N33",
        "Lat": 52.1796,
        "Brigade": "173"
      },
      {
        "Lon": 21.0511,
        "Time": "2017-05-14 00:42:20",
        "Lines": "N33",
        "Lat": 52.1788,
        "Brigade": "173"
      },
      {
        "Lon": 21.0488,
        "Time": "2017-05-14 00:42:33",
        "Lines": "N33",
        "Lat": 52.1778,
        "Brigade": "173"
      },
      {
        "Lon": 21.0481,
        "Time": "2017-05-14 00:42:45",
        "Lines": "N33",
        "Lat": 52.1778,
        "Brigade": "173"
      },
      {
        "Lon": 21.0475,
        "Time": "2017-05-14 00:42:59",
        "Lines": "N33",
        "Lat": 52.1777,
        "Brigade": "173"
      },
      {
        "Lon": 21.0473,
        "Time": "2017-05-14 00:43:11",
        "Lines": "N33",
        "Lat": 52.1777,
        "Brigade": "173"
      },
      {
        "Lon": 21.0468,
        "Time": "2017-05-14 00:43:23",
        "Lines": "N33",
        "Lat": 52.1776,
        "Brigade": "173"
      },
      {
        "Lon": 21.0461,
        "Time": "2017-05-14 00:43:36",
        "Lines": "N33",
        "Lat": 52.1775,
        "Brigade": "173"
      },
      {
        "Lon": 21.046,
        "Time": "2017-05-14 00:43:50",
        "Lines": "N33",
        "Lat": 52.1775,
        "Brigade": "173"
      },
      {
        "Lon": 21.046,
        "Time": "2017-05-14 00:44:02",
        "Lines": "N33",
        "Lat": 52.1775,
        "Brigade": "173"
      },
      {
        "Lon": 21.046,
        "Time": "2017-05-14 00:44:15",
        "Lines": "N33",
        "Lat": 52.1775,
        "Brigade": "173"
      },
      {
        "Lon": 21.045,
        "Time": "2017-05-14 00:44:27",
        "Lines": "N33",
        "Lat": 52.1774,
        "Brigade": "173"
      },
      {
        "Lon": 21.0441,
        "Time": "2017-05-14 00:44:40",
        "Lines": "N33",
        "Lat": 52.1769,
        "Brigade": "173"
      },
      {
        "Lon": 21.0439,
        "Time": "2017-05-14 00:44:54",
        "Lines": "N33",
        "Lat": 52.1752,
        "Brigade": "173"
      },
      {
        "Lon": 21.0438,
        "Time": "2017-05-14 00:45:08",
        "Lines": "N33",
        "Lat": 52.1746,
        "Brigade": "173"
      },
      {
        "Lon": 21.0437,
        "Time": "2017-05-14 00:45:20",
        "Lines": "N33",
        "Lat": 52.1744,
        "Brigade": "173"
      },
      {
        "Lon": 21.0433,
        "Time": "2017-05-14 00:45:33",
        "Lines": "N33",
        "Lat": 52.173,
        "Brigade": "173"
      },
      {
        "Lon": 21.0417,
        "Time": "2017-05-14 00:45:45",
        "Lines": "N33",
        "Lat": 52.1714,
        "Brigade": "173"
      },
      {
        "Lon": 21.0407,
        "Time": "2017-05-14 00:45:57",
        "Lines": "N33",
        "Lat": 52.1709,
        "Brigade": "173"
      },
      {
        "Lon": 21.0403,
        "Time": "2017-05-14 00:46:09",
        "Lines": "N33",
        "Lat": 52.1714,
        "Brigade": "173"
      },
      {
        "Lon": 21.0402,
        "Time": "2017-05-14 00:46:26",
        "Lines": "N33",
        "Lat": 52.1715,
        "Brigade": "173"
      },
      {
        "Lon": 21.0391,
        "Time": "2017-05-14 00:46:37",
        "Lines": "N33",
        "Lat": 52.1726,
        "Brigade": "173"
      },
      {
        "Lon": 21.0388,
        "Time": "2017-05-14 00:46:51",
        "Lines": "N33",
        "Lat": 52.1728,
        "Brigade": "173"
      },
      {
        "Lon": 21.0377,
        "Time": "2017-05-14 00:47:04",
        "Lines": "N33",
        "Lat": 52.1732,
        "Brigade": "173"
      },
      {
        "Lon": 21.0362,
        "Time": "2017-05-14 00:47:16",
        "Lines": "N33",
        "Lat": 52.1735,
        "Brigade": "173"
      },
      {
        "Lon": 21.0338,
        "Time": "2017-05-14 00:47:28",
        "Lines": "N33",
        "Lat": 52.1735,
        "Brigade": "173"
      },
      {
        "Lon": 21.0313,
        "Time": "2017-05-14 00:47:41",
        "Lines": "N33",
        "Lat": 52.1735,
        "Brigade": "173"
      },
      {
        "Lon": 21.0308,
        "Time": "2017-05-14 00:47:54",
        "Lines": "N33",
        "Lat": 52.1735,
        "Brigade": "173"
      },
      {
        "Lon": 21.0305,
        "Time": "2017-05-14 00:48:06",
        "Lines": "N33",
        "Lat": 52.1735,
        "Brigade": "173"
      },
      {
        "Lon": 21.0282,
        "Time": "2017-05-14 00:48:19",
        "Lines": "N33",
        "Lat": 52.1735,
        "Brigade": "173"
      },
      {
        "Lon": 21.0267,
        "Time": "2017-05-14 00:48:34",
        "Lines": "N33",
        "Lat": 52.1735,
        "Brigade": "173"
      },
      {
        "Lon": 21.0266,
        "Time": "2017-05-14 00:48:47",
        "Lines": "N33",
        "Lat": 52.1735,
        "Brigade": "173"
      },
      {
        "Lon": 21.0255,
        "Time": "2017-05-14 00:48:59",
        "Lines": "N33",
        "Lat": 52.1735,
        "Brigade": "173"
      },
      {
        "Lon": 21.0253,
        "Time": "2017-05-14 00:49:12",
        "Lines": "N33",
        "Lat": 52.1735,
        "Brigade": "173"
      },
      {
        "Lon": 21.0253,
        "Time": "2017-05-14 00:49:24",
        "Lines": "N33",
        "Lat": 52.1735,
        "Brigade": "173"
      },
      {
        "Lon": 21.0238,
        "Time": "2017-05-14 00:49:36",
        "Lines": "N33",
        "Lat": 52.1734,
        "Brigade": "173"
      },
      {
        "Lon": 21.0218,
        "Time": "2017-05-14 00:49:49",
        "Lines": "N33",
        "Lat": 52.1732,
        "Brigade": "173"
      },
      {
        "Lon": 21.0204,
        "Time": "2017-05-14 00:50:15",
        "Lines": "N33",
        "Lat": 52.1733,
        "Brigade": "173"
      },
      {
        "Lon": 21.0193,
        "Time": "2017-05-14 00:50:27",
        "Lines": "N33",
        "Lat": 52.1735,
        "Brigade": "173"
      },
      {
        "Lon": 21.0191,
        "Time": "2017-05-14 00:50:39",
        "Lines": "N33",
        "Lat": 52.1736,
        "Brigade": "173"
      },
      {
        "Lon": 21.0185,
        "Time": "2017-05-14 00:50:52",
        "Lines": "N33",
        "Lat": 52.1736,
        "Brigade": "173"
      },
      {
        "Lon": 21.0164,
        "Time": "2017-05-14 00:51:04",
        "Lines": "N33",
        "Lat": 52.174,
        "Brigade": "173"
      },
      {
        "Lon": 21.0141,
        "Time": "2017-05-14 00:51:17",
        "Lines": "N33",
        "Lat": 52.1742,
        "Brigade": "173"
      },
      {
        "Lon": 21.0121,
        "Time": "2017-05-14 00:51:29",
        "Lines": "N33",
        "Lat": 52.1744,
        "Brigade": "173"
      },
      {
        "Lon": 21.0115,
        "Time": "2017-05-14 00:51:41",
        "Lines": "N33",
        "Lat": 52.1745,
        "Brigade": "173"
      },
      {
        "Lon": 21.0115,
        "Time": "2017-05-14 00:51:56",
        "Lines": "N33",
        "Lat": 52.1745,
        "Brigade": "173"
      },
      {
        "Lon": 21.0098,
        "Time": "2017-05-14 00:52:09",
        "Lines": "N33",
        "Lat": 52.175,
        "Brigade": "173"
      },
      {
        "Lon": 21.0073,
        "Time": "2017-05-14 00:52:36",
        "Lines": "N33",
        "Lat": 52.1778,
        "Brigade": "173"
      },
      {
        "Lon": 21.0064,
        "Time": "2017-05-14 00:52:49",
        "Lines": "N33",
        "Lat": 52.1781,
        "Brigade": "173"
      },
      {
        "Lon": 21.0063,
        "Time": "2017-05-14 00:53:00",
        "Lines": "N33",
        "Lat": 52.1781,
        "Brigade": "173"
      },
      {
        "Lon": 21.0058,
        "Time": "2017-05-14 00:53:14",
        "Lines": "N33",
        "Lat": 52.178,
        "Brigade": "173"
      },
      {
        "Lon": 21.004,
        "Time": "2017-05-14 00:53:25",
        "Lines": "N33",
        "Lat": 52.1781,
        "Brigade": "173"
      },
      {
        "Lon": 21.0031,
        "Time": "2017-05-14 00:53:38",
        "Lines": "N33",
        "Lat": 52.1783,
        "Brigade": "173"
      },
      {
        "Lon": 21.0031,
        "Time": "2017-05-14 00:53:50",
        "Lines": "N33",
        "Lat": 52.1782,
        "Brigade": "173"
      },
      {
        "Lon": 21.0031,
        "Time": "2017-05-14 00:54:03",
        "Lines": "N33",
        "Lat": 52.1782,
        "Brigade": "173"
      },
      {
        "Lon": 21.0025,
        "Time": "2017-05-14 00:54:16",
        "Lines": "N33",
        "Lat": 52.1785,
        "Brigade": "173"
      },
      {
        "Lon": 21.0026,
        "Time": "2017-05-14 00:54:29",
        "Lines": "N33",
        "Lat": 52.1789,
        "Brigade": "173"
      },
      {
        "Lon": 21.0025,
        "Time": "2017-05-14 00:54:43",
        "Lines": "N33",
        "Lat": 52.1792,
        "Brigade": "173"
      },
      {
        "Lon": 21.0024,
        "Time": "2017-05-14 00:54:55",
        "Lines": "N33",
        "Lat": 52.1811,
        "Brigade": "173"
      },
      {
        "Lon": 21.0023,
        "Time": "2017-05-14 00:55:07",
        "Lines": "N33",
        "Lat": 52.183,
        "Brigade": "173"
      },
      {
        "Lon": 21.0013,
        "Time": "2017-05-14 00:55:21",
        "Lines": "N33",
        "Lat": 52.1834,
        "Brigade": "173"
      },
      {
        "Lon": 21.0012,
        "Time": "2017-05-14 00:55:33",
        "Lines": "N33",
        "Lat": 52.1834,
        "Brigade": "173"
      },
      {
        "Lon": 20.9991,
        "Time": "2017-05-14 00:55:45",
        "Lines": "N33",
        "Lat": 52.1834,
        "Brigade": "173"
      },
      {
        "Lon": 20.9976,
        "Time": "2017-05-14 00:55:58",
        "Lines": "N33",
        "Lat": 52.1835,
        "Brigade": "173"
      },
      {
        "Lon": 20.9975,
        "Time": "2017-05-14 00:56:11",
        "Lines": "N33",
        "Lat": 52.1852,
        "Brigade": "173"
      },
      {
        "Lon": 20.9966,
        "Time": "2017-05-14 00:56:23",
        "Lines": "N33",
        "Lat": 52.1856,
        "Brigade": "173"
      },
      {
        "Lon": 20.9941,
        "Time": "2017-05-14 00:56:35",
        "Lines": "N33",
        "Lat": 52.1855,
        "Brigade": "173"
      },
      {
        "Lon": 20.9928,
        "Time": "2017-05-14 00:56:48",
        "Lines": "N33",
        "Lat": 52.186,
        "Brigade": "173"
      },
      {
        "Lon": 20.9928,
        "Time": "2017-05-14 00:57:03",
        "Lines": "N33",
        "Lat": 52.1878,
        "Brigade": "173"
      },
      {
        "Lon": 20.9931,
        "Time": "2017-05-14 00:57:15",
        "Lines": "N33",
        "Lat": 52.1888,
        "Brigade": "173"
      },
      {
        "Lon": 20.9937,
        "Time": "2017-05-14 00:57:28",
        "Lines": "N33",
        "Lat": 52.1888,
        "Brigade": "173"
      },
      {
        "Lon": 20.9938,
        "Time": "2017-05-14 00:57:39",
        "Lines": "N33",
        "Lat": 52.1888,
        "Brigade": "173"
      },
      {
        "Lon": 20.9958,
        "Time": "2017-05-14 00:57:53",
        "Lines": "N33",
        "Lat": 52.1889,
        "Brigade": "173"
      },
      {
        "Lon": 20.9962,
        "Time": "2017-05-14 00:58:05",
        "Lines": "N33",
        "Lat": 52.1885,
        "Brigade": "173"
      },
      {
        "Lon": 20.9962,
        "Time": "2017-05-14 00:58:19",
        "Lines": "N33",
        "Lat": 52.1885,
        "Brigade": "173"
      },
      {
        "Lon": 20.9962,
        "Time": "2017-05-14 00:58:34",
        "Lines": "N33",
        "Lat": 52.1885,
        "Brigade": "173"
      },
      {
        "Lon": 20.9962,
        "Time": "2017-05-14 00:58:48",
        "Lines": "N33",
        "Lat": 52.1885,
        "Brigade": "173"
      },
      {
        "Lon": 20.9962,
        "Time": "2017-05-14 00:59:00",
        "Lines": "N33",
        "Lat": 52.1885,
        "Brigade": "173"
      },
      {
        "Lon": 20.9962,
        "Time": "2017-05-14 00:59:13",
        "Lines": "N33",
        "Lat": 52.1885,
        "Brigade": "173"
      },
      {
        "Lon": 20.9963,
        "Time": "2017-05-14 00:59:25",
        "Lines": "N33",
        "Lat": 52.1884,
        "Brigade": "173"
      },
      {
        "Lon": 20.9964,
        "Time": "2017-05-14 00:59:37",
        "Lines": "N33",
        "Lat": 52.1889,
        "Brigade": "173"
      },
      {
        "Lon": 20.9972,
        "Time": "2017-05-14 00:59:49",
        "Lines": "N33",
        "Lat": 52.1889,
        "Brigade": "173"
      },
      {
        "Lon": 20.9974,
        "Time": "2017-05-14 01:00:03",
        "Lines": "N33",
        "Lat": 52.1889,
        "Brigade": "173"
      },
      {
        "Lon": 20.9997,
        "Time": "2017-05-14 01:00:15",
        "Lines": "N33",
        "Lat": 52.1889,
        "Brigade": "173"
      },
      {
        "Lon": 21.0015,
        "Time": "2017-05-14 01:00:29",
        "Lines": "N33",
        "Lat": 52.1889,
        "Brigade": "173"
      },
      {
        "Lon": 21.0017,
        "Time": "2017-05-14 01:00:42",
        "Lines": "N33",
        "Lat": 52.1881,
        "Brigade": "173"
      },
      {
        "Lon": 21.0018,
        "Time": "2017-05-14 01:00:54",
        "Lines": "N33",
        "Lat": 52.1881,
        "Brigade": "173"
      },
      {
        "Lon": 21.0018,
        "Time": "2017-05-14 01:01:06",
        "Lines": "N33",
        "Lat": 52.1873,
        "Brigade": "173"
      },
      {
        "Lon": 21.0019,
        "Time": "2017-05-14 01:01:18",
        "Lines": "N33",
        "Lat": 52.1855,
        "Brigade": "173"
      },
      {
        "Lon": 21.0019,
        "Time": "2017-05-14 01:01:30",
        "Lines": "N33",
        "Lat": 52.1839,
        "Brigade": "173"
      },
      {
        "Lon": 21.002,
        "Time": "2017-05-14 01:01:43",
        "Lines": "N33",
        "Lat": 52.1836,
        "Brigade": "173"
      },
      {
        "Lon": 21.0019,
        "Time": "2017-05-14 01:01:56",
        "Lines": "N33",
        "Lat": 52.1836,
        "Brigade": "173"
      },
      {
        "Lon": 21.0019,
        "Time": "2017-05-14 01:02:08",
        "Lines": "N33",
        "Lat": 52.1836,
        "Brigade": "173"
      },
      {
        "Lon": 21.002,
        "Time": "2017-05-14 01:02:20",
        "Lines": "N33",
        "Lat": 52.1831,
        "Brigade": "173"
      },
      {
        "Lon": 21.0021,
        "Time": "2017-05-14 01:02:34",
        "Lines": "N33",
        "Lat": 52.1813,
        "Brigade": "173"
      },
      {
        "Lon": 21.0022,
        "Time": "2017-05-14 01:02:48",
        "Lines": "N33",
        "Lat": 52.1794,
        "Brigade": "173"
      },
      {
        "Lon": 21.002,
        "Time": "2017-05-14 01:03:01",
        "Lines": "N33",
        "Lat": 52.178,
        "Brigade": "173"
      },
      {
        "Lon": 21.0027,
        "Time": "2017-05-14 01:03:14",
        "Lines": "N33",
        "Lat": 52.1779,
        "Brigade": "173"
      },
      {
        "Lon": 21.0037,
        "Time": "2017-05-14 01:03:26",
        "Lines": "N33",
        "Lat": 52.1779,
        "Brigade": "173"
      },
      {
        "Lon": 21.0037,
        "Time": "2017-05-14 01:03:38",
        "Lines": "N33",
        "Lat": 52.1779,
        "Brigade": "173"
      },
      {
        "Lon": 21.0052,
        "Time": "2017-05-14 01:03:51",
        "Lines": "N33",
        "Lat": 52.178,
        "Brigade": "173"
      },
      {
        "Lon": 21.0067,
        "Time": "2017-05-14 01:04:03",
        "Lines": "N33",
        "Lat": 52.178,
        "Brigade": "173"
      },
      {
        "Lon": 21.0072,
        "Time": "2017-05-14 01:04:15",
        "Lines": "N33",
        "Lat": 52.1775,
        "Brigade": "173"
      },
      {
        "Lon": 21.0077,
        "Time": "2017-05-14 01:04:41",
        "Lines": "N33",
        "Lat": 52.1768,
        "Brigade": "173"
      },
      {
        "Lon": 21.009,
        "Time": "2017-05-14 01:04:53",
        "Lines": "N33",
        "Lat": 52.1754,
        "Brigade": "173"
      },
      {
        "Lon": 21.0111,
        "Time": "2017-05-14 01:05:05",
        "Lines": "N33",
        "Lat": 52.1745,
        "Brigade": "173"
      },
      {
        "Lon": 21.0135,
        "Time": "2017-05-14 01:05:17",
        "Lines": "N33",
        "Lat": 52.1742,
        "Brigade": "173"
      },
      {
        "Lon": 21.0165,
        "Time": "2017-05-14 01:05:29",
        "Lines": "N33",
        "Lat": 52.1739,
        "Brigade": "173"
      },
      {
        "Lon": 21.0197,
        "Time": "2017-05-14 01:05:42",
        "Lines": "N33",
        "Lat": 52.1733,
        "Brigade": "173"
      },
      {
        "Lon": 21.021,
        "Time": "2017-05-14 01:05:54",
        "Lines": "N33",
        "Lat": 52.1731,
        "Brigade": "173"
      },
      {
        "Lon": 21.021,
        "Time": "2017-05-14 01:06:07",
        "Lines": "N33",
        "Lat": 52.1731,
        "Brigade": "173"
      },
      {
        "Lon": 21.0214,
        "Time": "2017-05-14 01:06:19",
        "Lines": "N33",
        "Lat": 52.1731,
        "Brigade": "173"
      },
      {
        "Lon": 21.0255,
        "Time": "2017-05-14 01:06:44",
        "Lines": "N33",
        "Lat": 52.1734,
        "Brigade": "173"
      },
      {
        "Lon": 21.0258,
        "Time": "2017-05-14 01:06:57",
        "Lines": "N33",
        "Lat": 52.1734,
        "Brigade": "173"
      },
      {
        "Lon": 21.0258,
        "Time": "2017-05-14 01:07:09",
        "Lines": "N33",
        "Lat": 52.1734,
        "Brigade": "173"
      },
      {
        "Lon": 21.0262,
        "Time": "2017-05-14 01:07:22",
        "Lines": "N33",
        "Lat": 52.1734,
        "Brigade": "173"
      },
      {
        "Lon": 21.027,
        "Time": "2017-05-14 01:07:36",
        "Lines": "N33",
        "Lat": 52.1734,
        "Brigade": "173"
      },
      {
        "Lon": 21.027,
        "Time": "2017-05-14 01:07:48",
        "Lines": "N33",
        "Lat": 52.1734,
        "Brigade": "173"
      },
      {
        "Lon": 21.0285,
        "Time": "2017-05-14 01:08:00",
        "Lines": "N33",
        "Lat": 52.1734,
        "Brigade": "173"
      },
      {
        "Lon": 21.0309,
        "Time": "2017-05-14 01:08:12",
        "Lines": "N33",
        "Lat": 52.1735,
        "Brigade": "173"
      },
      {
        "Lon": 21.0333,
        "Time": "2017-05-14 01:08:25",
        "Lines": "N33",
        "Lat": 52.1735,
        "Brigade": "173"
      },
      {
        "Lon": 21.0357,
        "Time": "2017-05-14 01:08:38",
        "Lines": "N33",
        "Lat": 52.1735,
        "Brigade": "173"
      },
      {
        "Lon": 21.0359,
        "Time": "2017-05-14 01:08:50",
        "Lines": "N33",
        "Lat": 52.1735,
        "Brigade": "173"
      },
      {
        "Lon": 21.0369,
        "Time": "2017-05-14 01:09:02",
        "Lines": "N33",
        "Lat": 52.1735,
        "Brigade": "173"
      },
      {
        "Lon": 21.0385,
        "Time": "2017-05-14 01:09:14",
        "Lines": "N33",
        "Lat": 52.1728,
        "Brigade": "173"
      },
      {
        "Lon": 21.0391,
        "Time": "2017-05-14 01:09:30",
        "Lines": "N33",
        "Lat": 52.1725,
        "Brigade": "173"
      },
      {
        "Lon": 21.0397,
        "Time": "2017-05-14 01:09:43",
        "Lines": "N33",
        "Lat": 52.1722,
        "Brigade": "173"
      },
      {
        "Lon": 21.0404,
        "Time": "2017-05-14 01:09:56",
        "Lines": "N33",
        "Lat": 52.1711,
        "Brigade": "173"
      },
      {
        "Lon": 21.0404,
        "Time": "2017-05-14 01:10:08",
        "Lines": "N33",
        "Lat": 52.1709,
        "Brigade": "173"
      },
      {
        "Lon": 21.0404,
        "Time": "2017-05-14 01:10:20",
        "Lines": "N33",
        "Lat": 52.1709,
        "Brigade": "173"
      },
      {
        "Lon": 21.0412,
        "Time": "2017-05-14 01:10:34",
        "Lines": "N33",
        "Lat": 52.1706,
        "Brigade": "173"
      },
      {
        "Lon": 21.0419,
        "Time": "2017-05-14 01:10:46",
        "Lines": "N33",
        "Lat": 52.171,
        "Brigade": "173"
      },
      {
        "Lon": 21.0422,
        "Time": "2017-05-14 01:10:59",
        "Lines": "N33",
        "Lat": 52.1714,
        "Brigade": "173"
      },
      {
        "Lon": 21.0435,
        "Time": "2017-05-14 01:11:11",
        "Lines": "N33",
        "Lat": 52.1726,
        "Brigade": "173"
      },
      {
        "Lon": 21.0443,
        "Time": "2017-05-14 01:11:24",
        "Lines": "N33",
        "Lat": 52.1743,
        "Brigade": "173"
      },
      {
        "Lon": 21.0444,
        "Time": "2017-05-14 01:11:36",
        "Lines": "N33",
        "Lat": 52.1747,
        "Brigade": "173"
      },
      {
        "Lon": 21.0444,
        "Time": "2017-05-14 01:11:48",
        "Lines": "N33",
        "Lat": 52.1747,
        "Brigade": "173"
      },
      {
        "Lon": 21.0446,
        "Time": "2017-05-14 01:12:00",
        "Lines": "N33",
        "Lat": 52.1759,
        "Brigade": "173"
      },
      {
        "Lon": 21.0448,
        "Time": "2017-05-14 01:12:14",
        "Lines": "N33",
        "Lat": 52.1773,
        "Brigade": "173"
      },
      {
        "Lon": 21.0468,
        "Time": "2017-05-14 01:12:28",
        "Lines": "N33",
        "Lat": 52.1775,
        "Brigade": "173"
      },
      {
        "Lon": 21.0487,
        "Time": "2017-05-14 01:12:42",
        "Lines": "N33",
        "Lat": 52.1778,
        "Brigade": "173"
      },
      {
        "Lon": 21.049,
        "Time": "2017-05-14 01:12:55",
        "Lines": "N33",
        "Lat": 52.1778,
        "Brigade": "173"
      },
      {
        "Lon": 21.0509,
        "Time": "2017-05-14 01:13:07",
        "Lines": "N33",
        "Lat": 52.1786,
        "Brigade": "173"
      },
      {
        "Lon": 21.0529,
        "Time": "2017-05-14 01:13:20",
        "Lines": "N33",
        "Lat": 52.1799,
        "Brigade": "173"
      },
      {
        "Lon": 21.0537,
        "Time": "2017-05-14 01:13:33",
        "Lines": "N33",
        "Lat": 52.1804,
        "Brigade": "173"
      },
      {
        "Lon": 21.054,
        "Time": "2017-05-14 01:13:45",
        "Lines": "N33",
        "Lat": 52.1806,
        "Brigade": "173"
      },
      {
        "Lon": 21.0557,
        "Time": "2017-05-14 01:13:57",
        "Lines": "N33",
        "Lat": 52.1816,
        "Brigade": "173"
      },
      {
        "Lon": 21.0568,
        "Time": "2017-05-14 01:14:09",
        "Lines": "N33",
        "Lat": 52.1823,
        "Brigade": "173"
      },
      {
        "Lon": 21.0568,
        "Time": "2017-05-14 01:14:21",
        "Lines": "N33",
        "Lat": 52.1823,
        "Brigade": "173"
      },
      {
        "Lon": 21.0573,
        "Time": "2017-05-14 01:14:33",
        "Lines": "N33",
        "Lat": 52.1827,
        "Brigade": "173"
      },
      {
        "Lon": 21.059,
        "Time": "2017-05-14 01:14:45",
        "Lines": "N33",
        "Lat": 52.1837,
        "Brigade": "173"
      },
      {
        "Lon": 21.0607,
        "Time": "2017-05-14 01:14:58",
        "Lines": "N33",
        "Lat": 52.1848,
        "Brigade": "173"
      },
      {
        "Lon": 21.0608,
        "Time": "2017-05-14 01:15:11",
        "Lines": "N33",
        "Lat": 52.1849,
        "Brigade": "173"
      },
      {
        "Lon": 21.0614,
        "Time": "2017-05-14 01:15:22",
        "Lines": "N33",
        "Lat": 52.1853,
        "Brigade": "173"
      },
      {
        "Lon": 21.0631,
        "Time": "2017-05-14 01:15:34",
        "Lines": "N33",
        "Lat": 52.1863,
        "Brigade": "173"
      },
      {
        "Lon": 21.0638,
        "Time": "2017-05-14 01:15:48",
        "Lines": "N33",
        "Lat": 52.1869,
        "Brigade": "173"
      },
      {
        "Lon": 21.0631,
        "Time": "2017-05-14 01:16:02",
        "Lines": "N33",
        "Lat": 52.1876,
        "Brigade": "173"
      },
      {
        "Lon": 21.0631,
        "Time": "2017-05-14 01:16:14",
        "Lines": "N33",
        "Lat": 52.1876,
        "Brigade": "173"
      },
      {
        "Lon": 21.0621,
        "Time": "2017-05-14 01:16:26",
        "Lines": "N33",
        "Lat": 52.1885,
        "Brigade": "173"
      },
      {
        "Lon": 21.0605,
        "Time": "2017-05-14 01:16:39",
        "Lines": "N33",
        "Lat": 52.1899,
        "Brigade": "173"
      },
      {
        "Lon": 21.0593,
        "Time": "2017-05-14 01:16:52",
        "Lines": "N33",
        "Lat": 52.191,
        "Brigade": "173"
      },
      {
        "Lon": 21.0592,
        "Time": "2017-05-14 01:17:04",
        "Lines": "N33",
        "Lat": 52.191,
        "Brigade": "173"
      },
      {
        "Lon": 21.0584,
        "Time": "2017-05-14 01:17:17",
        "Lines": "N33",
        "Lat": 52.1916,
        "Brigade": "173"
      },
      {
        "Lon": 21.0572,
        "Time": "2017-05-14 01:17:29",
        "Lines": "N33",
        "Lat": 52.1926,
        "Brigade": "173"
      },
      {
        "Lon": 21.0556,
        "Time": "2017-05-14 01:17:42",
        "Lines": "N33",
        "Lat": 52.1939,
        "Brigade": "173"
      },
      {
        "Lon": 21.0537,
        "Time": "2017-05-14 01:17:54",
        "Lines": "N33",
        "Lat": 52.1957,
        "Brigade": "173"
      },
      {
        "Lon": 21.0527,
        "Time": "2017-05-14 01:18:06",
        "Lines": "N33",
        "Lat": 52.197,
        "Brigade": "173"
      },
      {
        "Lon": 21.0524,
        "Time": "2017-05-14 01:18:20",
        "Lines": "N33",
        "Lat": 52.1975,
        "Brigade": "173"
      },
      {
        "Lon": 21.0515,
        "Time": "2017-05-14 01:18:35",
        "Lines": "N33",
        "Lat": 52.1989,
        "Brigade": "173"
      },
      {
        "Lon": 21.0514,
        "Time": "2017-05-14 01:18:47",
        "Lines": "N33",
        "Lat": 52.199,
        "Brigade": "173"
      },
      {
        "Lon": 21.0513,
        "Time": "2017-05-14 01:19:00",
        "Lines": "N33",
        "Lat": 52.1991,
        "Brigade": "173"
      },
      {
        "Lon": 21.0505,
        "Time": "2017-05-14 01:19:12",
        "Lines": "N33",
        "Lat": 52.2006,
        "Brigade": "173"
      },
      {
        "Lon": 21.0499,
        "Time": "2017-05-14 01:19:25",
        "Lines": "N33",
        "Lat": 52.2022,
        "Brigade": "173"
      },
      {
        "Lon": 21.0499,
        "Time": "2017-05-14 01:19:37",
        "Lines": "N33",
        "Lat": 52.2025,
        "Brigade": "173"
      },
      {
        "Lon": 21.0499,
        "Time": "2017-05-14 01:19:50",
        "Lines": "N33",
        "Lat": 52.2025,
        "Brigade": "173"
      },
      {
        "Lon": 21.0498,
        "Time": "2017-05-14 01:20:04",
        "Lines": "N33",
        "Lat": 52.203,
        "Brigade": "173"
      },
      {
        "Lon": 21.0496,
        "Time": "2017-05-14 01:20:15",
        "Lines": "N33",
        "Lat": 52.2038,
        "Brigade": "173"
      },
      {
        "Lon": 21.0496,
        "Time": "2017-05-14 01:20:30",
        "Lines": "N33",
        "Lat": 52.2038,
        "Brigade": "173"
      },
      {
        "Lon": 21.0492,
        "Time": "2017-05-14 01:20:43",
        "Lines": "N33",
        "Lat": 52.2052,
        "Brigade": "173"
      },
      {
        "Lon": 21.0488,
        "Time": "2017-05-14 01:20:55",
        "Lines": "N33",
        "Lat": 52.2066,
        "Brigade": "173"
      },
      {
        "Lon": 21.0485,
        "Time": "2017-05-14 01:21:07",
        "Lines": "N33",
        "Lat": 52.2079,
        "Brigade": "173"
      },
      {
        "Lon": 21.0485,
        "Time": "2017-05-14 01:21:18",
        "Lines": "N33",
        "Lat": 52.208,
        "Brigade": "173"
      },
      {
        "Lon": 21.0481,
        "Time": "2017-05-14 01:21:32",
        "Lines": "N33",
        "Lat": 52.209,
        "Brigade": "173"
      },
      {
        "Lon": 21.0477,
        "Time": "2017-05-14 01:21:44",
        "Lines": "N33",
        "Lat": 52.2107,
        "Brigade": "173"
      },
      {
        "Lon": 21.0473,
        "Time": "2017-05-14 01:21:56",
        "Lines": "N33",
        "Lat": 52.2122,
        "Brigade": "173"
      },
      {
        "Lon": 21.0473,
        "Time": "2017-05-14 01:22:08",
        "Lines": "N33",
        "Lat": 52.2123,
        "Brigade": "173"
      },
      {
        "Lon": 21.0469,
        "Time": "2017-05-14 01:22:22",
        "Lines": "N33",
        "Lat": 52.2132,
        "Brigade": "173"
      },
      {
        "Lon": 21.0464,
        "Time": "2017-05-14 01:22:35",
        "Lines": "N33",
        "Lat": 52.2148,
        "Brigade": "173"
      },
      {
        "Lon": 21.0463,
        "Time": "2017-05-14 01:22:47",
        "Lines": "N33",
        "Lat": 52.2154,
        "Brigade": "173"
      },
      {
        "Lon": 21.0462,
        "Time": "2017-05-14 01:23:00",
        "Lines": "N33",
        "Lat": 52.2156,
        "Brigade": "173"
      },
      {
        "Lon": 21.046,
        "Time": "2017-05-14 01:23:15",
        "Lines": "N33",
        "Lat": 52.2175,
        "Brigade": "173"
      },
      {
        "Lon": 21.0455,
        "Time": "2017-05-14 01:23:27",
        "Lines": "N33",
        "Lat": 52.2197,
        "Brigade": "173"
      },
      {
        "Lon": 21.0449,
        "Time": "2017-05-14 01:23:39",
        "Lines": "N33",
        "Lat": 52.2213,
        "Brigade": "173"
      },
      {
        "Lon": 21.0436,
        "Time": "2017-05-14 01:23:53",
        "Lines": "N33",
        "Lat": 52.2215,
        "Brigade": "173"
      },
      {
        "Lon": 21.0403,
        "Time": "2017-05-14 01:24:04",
        "Lines": "N33",
        "Lat": 52.2216,
        "Brigade": "173"
      },
      {
        "Lon": 21.0374,
        "Time": "2017-05-14 01:24:16",
        "Lines": "N33",
        "Lat": 52.2218,
        "Brigade": "173"
      },
      {
        "Lon": 21.0365,
        "Time": "2017-05-14 01:24:28",
        "Lines": "N33",
        "Lat": 52.222,
        "Brigade": "173"
      },
      {
        "Lon": 21.036,
        "Time": "2017-05-14 01:24:40",
        "Lines": "N33",
        "Lat": 52.2222,
        "Brigade": "173"
      },
      {
        "Lon": 21.0353,
        "Time": "2017-05-14 01:24:54",
        "Lines": "N33",
        "Lat": 52.2233,
        "Brigade": "173"
      },
      {
        "Lon": 21.0345,
        "Time": "2017-05-14 01:25:07",
        "Lines": "N33",
        "Lat": 52.225,
        "Brigade": "173"
      },
      {
        "Lon": 21.0344,
        "Time": "2017-05-14 01:25:18",
        "Lines": "N33",
        "Lat": 52.2255,
        "Brigade": "173"
      },
      {
        "Lon": 21.0344,
        "Time": "2017-05-14 01:25:32",
        "Lines": "N33",
        "Lat": 52.2256,
        "Brigade": "173"
      },
      {
        "Lon": 21.0339,
        "Time": "2017-05-14 01:25:44",
        "Lines": "N33",
        "Lat": 52.2267,
        "Brigade": "173"
      },
      {
        "Lon": 21.0331,
        "Time": "2017-05-14 01:25:57",
        "Lines": "N33",
        "Lat": 52.2276,
        "Brigade": "173"
      },
      {
        "Lon": 21.0329,
        "Time": "2017-05-14 01:26:09",
        "Lines": "N33",
        "Lat": 52.2279,
        "Brigade": "173"
      },
      {
        "Lon": 21.0327,
        "Time": "2017-05-14 01:26:22",
        "Lines": "N33",
        "Lat": 52.228,
        "Brigade": "173"
      },
      {
        "Lon": 21.0324,
        "Time": "2017-05-14 01:26:34",
        "Lines": "N33",
        "Lat": 52.2283,
        "Brigade": "173"
      },
      {
        "Lon": 21.032,
        "Time": "2017-05-14 01:26:46",
        "Lines": "N33",
        "Lat": 52.2286,
        "Brigade": "173"
      },
      {
        "Lon": 21.0311,
        "Time": "2017-05-14 01:26:59",
        "Lines": "N33",
        "Lat": 52.2295,
        "Brigade": "173"
      },
      {
        "Lon": 21.0308,
        "Time": "2017-05-14 01:27:11",
        "Lines": "N33",
        "Lat": 52.2299,
        "Brigade": "173"
      },
      {
        "Lon": 21.0307,
        "Time": "2017-05-14 01:27:23",
        "Lines": "N33",
        "Lat": 52.2301,
        "Brigade": "173"
      },
      {
        "Lon": 21.0303,
        "Time": "2017-05-14 01:27:36",
        "Lines": "N33",
        "Lat": 52.2302,
        "Brigade": "173"
      },
      {
        "Lon": 21.0295,
        "Time": "2017-05-14 01:27:49",
        "Lines": "N33",
        "Lat": 52.2302,
        "Brigade": "173"
      },
      {
        "Lon": 21.0295,
        "Time": "2017-05-14 01:28:01",
        "Lines": "N33",
        "Lat": 52.2302,
        "Brigade": "173"
      },
      {
        "Lon": 21.0295,
        "Time": "2017-05-14 01:28:14",
        "Lines": "N33",
        "Lat": 52.2302,
        "Brigade": "173"
      },
      {
        "Lon": 21.0276,
        "Time": "2017-05-14 01:28:29",
        "Lines": "N33",
        "Lat": 52.2299,
        "Brigade": "173"
      },
      {
        "Lon": 21.0241,
        "Time": "2017-05-14 01:28:41",
        "Lines": "N33",
        "Lat": 52.2299,
        "Brigade": "173"
      },
      {
        "Lon": 21.0225,
        "Time": "2017-05-14 01:28:55",
        "Lines": "N33",
        "Lat": 52.2299,
        "Brigade": "173"
      },
      {
        "Lon": 21.0218,
        "Time": "2017-05-14 01:29:07",
        "Lines": "N33",
        "Lat": 52.2302,
        "Brigade": "173"
      },
      {
        "Lon": 21.021,
        "Time": "2017-05-14 01:29:19",
        "Lines": "N33",
        "Lat": 52.2315,
        "Brigade": "173"
      },
      {
        "Lon": 21.0205,
        "Time": "2017-05-14 01:29:33",
        "Lines": "N33",
        "Lat": 52.2319,
        "Brigade": "173"
      },
      {
        "Lon": 21.019,
        "Time": "2017-05-14 01:29:46",
        "Lines": "N33",
        "Lat": 52.2314,
        "Brigade": "173"
      },
      {
        "Lon": 21.0181,
        "Time": "2017-05-14 01:30:14",
        "Lines": "N33",
        "Lat": 52.2313,
        "Brigade": "173"
      },
      {
        "Lon": 21.0172,
        "Time": "2017-05-14 01:30:27",
        "Lines": "N33",
        "Lat": 52.2311,
        "Brigade": "173"
      },
      {
        "Lon": 21.0158,
        "Time": "2017-05-14 01:30:39",
        "Lines": "N33",
        "Lat": 52.2308,
        "Brigade": "173"
      },
      {
        "Lon": 21.0134,
        "Time": "2017-05-14 01:30:51",
        "Lines": "N33",
        "Lat": 52.2303,
        "Brigade": "173"
      },
      {
        "Lon": 21.0122,
        "Time": "2017-05-14 01:31:03",
        "Lines": "N33",
        "Lat": 52.2302,
        "Brigade": "173"
      },
      {
        "Lon": 21.0121,
        "Time": "2017-05-14 01:31:15",
        "Lines": "N33",
        "Lat": 52.2302,
        "Brigade": "173"
      },
      {
        "Lon": 21.0122,
        "Time": "2017-05-14 01:31:28",
        "Lines": "N33",
        "Lat": 52.2302,
        "Brigade": "173"
      },
      {
        "Lon": 21.0121,
        "Time": "2017-05-14 01:31:42",
        "Lines": "N33",
        "Lat": 52.2302,
        "Brigade": "173"
      },
      {
        "Lon": 21.0108,
        "Time": "2017-05-14 01:31:57",
        "Lines": "N33",
        "Lat": 52.2298,
        "Brigade": "173"
      },
      {
        "Lon": 21.01,
        "Time": "2017-05-14 01:32:08",
        "Lines": "N33",
        "Lat": 52.2296,
        "Brigade": "173"
      },
      {
        "Lon": 21.01,
        "Time": "2017-05-14 01:32:21",
        "Lines": "N33",
        "Lat": 52.2296,
        "Brigade": "173"
      },
      {
        "Lon": 21.0093,
        "Time": "2017-05-14 01:32:33",
        "Lines": "N33",
        "Lat": 52.2294,
        "Brigade": "173"
      },
      {
        "Lon": 21.0067,
        "Time": "2017-05-14 01:32:46",
        "Lines": "N33",
        "Lat": 52.2289,
        "Brigade": "173"
      },
      {
        "Lon": 21.0055,
        "Time": "2017-05-14 01:32:58",
        "Lines": "N33",
        "Lat": 52.2288,
        "Brigade": "173"
      },
      {
        "Lon": 21.0054,
        "Time": "2017-05-14 01:33:12",
        "Lines": "N33",
        "Lat": 52.2294,
        "Brigade": "173"
      },
      {
        "Lon": 21.0052,
        "Time": "2017-05-14 01:33:24",
        "Lines": "N33",
        "Lat": 52.2296,
        "Brigade": "173"
      },
      {
        "Lon": 21.0052,
        "Time": "2017-05-14 01:33:37",
        "Lines": "N33",
        "Lat": 52.2296,
        "Brigade": "173"
      },
      {
        "Lon": 21.0052,
        "Time": "2017-05-14 01:33:49",
        "Lines": "N33",
        "Lat": 52.2296,
        "Brigade": "173"
      },
      {
        "Lon": 21.0052,
        "Time": "2017-05-14 01:34:01",
        "Lines": "N33",
        "Lat": 52.2296,
        "Brigade": "173"
      },
      {
        "Lon": 21.0045,
        "Time": "2017-05-14 01:34:14",
        "Lines": "N33",
        "Lat": 52.2303,
        "Brigade": "173"
      },
      {
        "Lon": 21.0038,
        "Time": "2017-05-14 01:34:26",
        "Lines": "N33",
        "Lat": 52.2316,
        "Brigade": "173"
      },
      {
        "Lon": 21.0035,
        "Time": "2017-05-14 01:34:38",
        "Lines": "N33",
        "Lat": 52.2315,
        "Brigade": "173"
      },
      {
        "Lon": 21.0035,
        "Time": "2017-05-14 01:34:51",
        "Lines": "N33",
        "Lat": 52.2314,
        "Brigade": "173"
      },
      {
        "Lon": 21.0036,
        "Time": "2017-05-14 01:35:05",
        "Lines": "N33",
        "Lat": 52.2314,
        "Brigade": "173"
      },
      {
        "Lon": 21.0036,
        "Time": "2017-05-14 01:35:17",
        "Lines": "N33",
        "Lat": 52.2314,
        "Brigade": "173"
      },
      {
        "Lon": 21.0036,
        "Time": "2017-05-14 01:35:28",
        "Lines": "N33",
        "Lat": 52.2314,
        "Brigade": "173"
      },
      {
        "Lon": 21.0036,
        "Time": "2017-05-14 01:35:40",
        "Lines": "N33",
        "Lat": 52.2314,
        "Brigade": "173"
      },
      {
        "Lon": 21.0036,
        "Time": "2017-05-14 01:35:54",
        "Lines": "N33",
        "Lat": 52.2314,
        "Brigade": "173"
      },
      {
        "Lon": 21.0036,
        "Time": "2017-05-14 01:36:08",
        "Lines": "N33",
        "Lat": 52.2314,
        "Brigade": "173"
      },
      {
        "Lon": 21.0036,
        "Time": "2017-05-14 01:36:19",
        "Lines": "N33",
        "Lat": 52.2314,
        "Brigade": "173"
      }
    ]
  }
]
