[
  {
    "res": [
      {
        "Lon": 20.9227,
        "Time": "2017-05-14 00:00:14",
        "Lines": "N35",
        "Lat": 52.1967,
        "Brigade": "02"
      },
      {
        "Lon": 20.9227,
        "Time": "2017-05-14 00:00:28",
        "Lines": "N35",
        "Lat": 52.1967,
        "Brigade": "02"
      },
      {
        "Lon": 20.9227,
        "Time": "2017-05-14 00:00:43",
        "Lines": "N35",
        "Lat": 52.1967,
        "Brigade": "02"
      },
      {
        "Lon": 20.9227,
        "Time": "2017-05-14 00:00:59",
        "Lines": "N35",
        "Lat": 52.1967,
        "Brigade": "02"
      },
      {
        "Lon": 20.9227,
        "Time": "2017-05-14 00:01:12",
        "Lines": "N35",
        "Lat": 52.1967,
        "Brigade": "02"
      },
      {
        "Lon": 20.9227,
        "Time": "2017-05-14 00:01:26",
        "Lines": "N35",
        "Lat": 52.1967,
        "Brigade": "02"
      },
      {
        "Lon": 20.9227,
        "Time": "2017-05-14 00:01:41",
        "Lines": "N35",
        "Lat": 52.1967,
        "Brigade": "02"
      },
      {
        "Lon": 20.9227,
        "Time": "2017-05-14 00:01:55",
        "Lines": "N35",
        "Lat": 52.1967,
        "Brigade": "02"
      },
      {
        "Lon": 20.9227,
        "Time": "2017-05-14 00:02:08",
        "Lines": "N35",
        "Lat": 52.1967,
        "Brigade": "02"
      },
      {
        "Lon": 20.9227,
        "Time": "2017-05-14 00:02:22",
        "Lines": "N35",
        "Lat": 52.1967,
        "Brigade": "02"
      },
      {
        "Lon": 20.9227,
        "Time": "2017-05-14 00:02:37",
        "Lines": "N35",
        "Lat": 52.1967,
        "Brigade": "02"
      },
      {
        "Lon": 20.9227,
        "Time": "2017-05-14 00:02:51",
        "Lines": "N35",
        "Lat": 52.1967,
        "Brigade": "02"
      },
      {
        "Lon": 20.9227,
        "Time": "2017-05-14 00:03:05",
        "Lines": "N35",
        "Lat": 52.1967,
        "Brigade": "02"
      },
      {
        "Lon": 20.9227,
        "Time": "2017-05-14 00:03:19",
        "Lines": "N35",
        "Lat": 52.1966,
        "Brigade": "02"
      },
      {
        "Lon": 20.9225,
        "Time": "2017-05-14 00:03:33",
        "Lines": "N35",
        "Lat": 52.1964,
        "Brigade": "02"
      },
      {
        "Lon": 20.9226,
        "Time": "2017-05-14 00:03:47",
        "Lines": "N35",
        "Lat": 52.1962,
        "Brigade": "02"
      },
      {
        "Lon": 20.9228,
        "Time": "2017-05-14 00:04:01",
        "Lines": "N35",
        "Lat": 52.1962,
        "Brigade": "02"
      },
      {
        "Lon": 20.9227,
        "Time": "2017-05-14 00:04:15",
        "Lines": "N35",
        "Lat": 52.1962,
        "Brigade": "02"
      },
      {
        "Lon": 20.9226,
        "Time": "2017-05-14 00:04:29",
        "Lines": "N35",
        "Lat": 52.1962,
        "Brigade": "02"
      },
      {
        "Lon": 20.9225,
        "Time": "2017-05-14 00:04:50",
        "Lines": "N35",
        "Lat": 52.1963,
        "Brigade": "02"
      },
      {
        "Lon": 20.9225,
        "Time": "2017-05-14 00:05:17",
        "Lines": "N35",
        "Lat": 52.1963,
        "Brigade": "02"
      },
      {
        "Lon": 20.9225,
        "Time": "2017-05-14 00:05:38",
        "Lines": "N35",
        "Lat": 52.1963,
        "Brigade": "02"
      },
      {
        "Lon": 20.9225,
        "Time": "2017-05-14 00:06:06",
        "Lines": "N35",
        "Lat": 52.1963,
        "Brigade": "02"
      },
      {
        "Lon": 20.9225,
        "Time": "2017-05-14 00:06:08",
        "Lines": "N35",
        "Lat": 52.1963,
        "Brigade": "02"
      },
      {
        "Lon": 20.9225,
        "Time": "2017-05-14 00:06:19",
        "Lines": "N35",
        "Lat": 52.1963,
        "Brigade": "02"
      },
      {
        "Lon": 20.9228,
        "Time": "2017-05-14 00:06:35",
        "Lines": "N35",
        "Lat": 52.1963,
        "Brigade": "02"
      },
      {
        "Lon": 20.9229,
        "Time": "2017-05-14 00:06:46",
        "Lines": "N35",
        "Lat": 52.1964,
        "Brigade": "02"
      },
      {
        "Lon": 20.9229,
        "Time": "2017-05-14 00:06:59",
        "Lines": "N35",
        "Lat": 52.1964,
        "Brigade": "02"
      },
      {
        "Lon": 20.9229,
        "Time": "2017-05-14 00:07:11",
        "Lines": "N35",
        "Lat": 52.1964,
        "Brigade": "02"
      },
      {
        "Lon": 20.9232,
        "Time": "2017-05-14 00:07:26",
        "Lines": "N35",
        "Lat": 52.1965,
        "Brigade": "02"
      },
      {
        "Lon": 20.9235,
        "Time": "2017-05-14 00:07:40",
        "Lines": "N35",
        "Lat": 52.1967,
        "Brigade": "02"
      },
      {
        "Lon": 20.924,
        "Time": "2017-05-14 00:07:54",
        "Lines": "N35",
        "Lat": 52.1969,
        "Brigade": "02"
      },
      {
        "Lon": 20.9238,
        "Time": "2017-05-14 00:08:08",
        "Lines": "N35",
        "Lat": 52.1971,
        "Brigade": "02"
      },
      {
        "Lon": 20.9235,
        "Time": "2017-05-14 00:08:22",
        "Lines": "N35",
        "Lat": 52.1973,
        "Brigade": "02"
      },
      {
        "Lon": 20.9235,
        "Time": "2017-05-14 00:08:36",
        "Lines": "N35",
        "Lat": 52.1973,
        "Brigade": "02"
      },
      {
        "Lon": 20.9222,
        "Time": "2017-05-14 00:08:50",
        "Lines": "N35",
        "Lat": 52.1977,
        "Brigade": "02"
      },
      {
        "Lon": 20.9203,
        "Time": "2017-05-14 00:09:04",
        "Lines": "N35",
        "Lat": 52.1982,
        "Brigade": "02"
      },
      {
        "Lon": 20.9185,
        "Time": "2017-05-14 00:09:19",
        "Lines": "N35",
        "Lat": 52.1986,
        "Brigade": "02"
      },
      {
        "Lon": 20.9184,
        "Time": "2017-05-14 00:09:33",
        "Lines": "N35",
        "Lat": 52.1987,
        "Brigade": "02"
      },
      {
        "Lon": 20.9173,
        "Time": "2017-05-14 00:09:46",
        "Lines": "N35",
        "Lat": 52.1989,
        "Brigade": "02"
      },
      {
        "Lon": 20.9119,
        "Time": "2017-05-14 00:11:27",
        "Lines": "N35",
        "Lat": 52.1973,
        "Brigade": "02"
      },
      {
        "Lon": 20.9108,
        "Time": "2017-05-14 00:11:42",
        "Lines": "N35",
        "Lat": 52.1961,
        "Brigade": "02"
      },
      {
        "Lon": 20.9102,
        "Time": "2017-05-14 00:11:54",
        "Lines": "N35",
        "Lat": 52.1953,
        "Brigade": "02"
      },
      {
        "Lon": 20.9103,
        "Time": "2017-05-14 00:12:08",
        "Lines": "N35",
        "Lat": 52.1953,
        "Brigade": "02"
      },
      {
        "Lon": 20.9103,
        "Time": "2017-05-14 00:12:22",
        "Lines": "N35",
        "Lat": 52.1953,
        "Brigade": "02"
      },
      {
        "Lon": 20.91,
        "Time": "2017-05-14 00:12:36",
        "Lines": "N35",
        "Lat": 52.1948,
        "Brigade": "02"
      },
      {
        "Lon": 20.9092,
        "Time": "2017-05-14 00:12:50",
        "Lines": "N35",
        "Lat": 52.1937,
        "Brigade": "02"
      },
      {
        "Lon": 20.9084,
        "Time": "2017-05-14 00:13:04",
        "Lines": "N35",
        "Lat": 52.1925,
        "Brigade": "02"
      },
      {
        "Lon": 20.9077,
        "Time": "2017-05-14 00:13:18",
        "Lines": "N35",
        "Lat": 52.1924,
        "Brigade": "02"
      },
      {
        "Lon": 20.9071,
        "Time": "2017-05-14 00:13:33",
        "Lines": "N35",
        "Lat": 52.1926,
        "Brigade": "02"
      },
      {
        "Lon": 20.9067,
        "Time": "2017-05-14 00:13:47",
        "Lines": "N35",
        "Lat": 52.1927,
        "Brigade": "02"
      },
      {
        "Lon": 20.9049,
        "Time": "2017-05-14 00:14:01",
        "Lines": "N35",
        "Lat": 52.1932,
        "Brigade": "02"
      },
      {
        "Lon": 20.9029,
        "Time": "2017-05-14 00:14:15",
        "Lines": "N35",
        "Lat": 52.1939,
        "Brigade": "02"
      },
      {
        "Lon": 20.9008,
        "Time": "2017-05-14 00:14:29",
        "Lines": "N35",
        "Lat": 52.1945,
        "Brigade": "02"
      },
      {
        "Lon": 20.8992,
        "Time": "2017-05-14 00:14:43",
        "Lines": "N35",
        "Lat": 52.1952,
        "Brigade": "02"
      },
      {
        "Lon": 20.8978,
        "Time": "2017-05-14 00:14:57",
        "Lines": "N35",
        "Lat": 52.1957,
        "Brigade": "02"
      },
      {
        "Lon": 20.8978,
        "Time": "2017-05-14 00:15:10",
        "Lines": "N35",
        "Lat": 52.1957,
        "Brigade": "02"
      },
      {
        "Lon": 20.8969,
        "Time": "2017-05-14 00:15:26",
        "Lines": "N35",
        "Lat": 52.196,
        "Brigade": "02"
      },
      {
        "Lon": 20.8964,
        "Time": "2017-05-14 00:15:38",
        "Lines": "N35",
        "Lat": 52.1955,
        "Brigade": "02"
      },
      {
        "Lon": 20.8962,
        "Time": "2017-05-14 00:15:52",
        "Lines": "N35",
        "Lat": 52.1945,
        "Brigade": "02"
      },
      {
        "Lon": 20.8955,
        "Time": "2017-05-14 00:16:09",
        "Lines": "N35",
        "Lat": 52.1935,
        "Brigade": "02"
      },
      {
        "Lon": 20.8954,
        "Time": "2017-05-14 00:16:23",
        "Lines": "N35",
        "Lat": 52.1933,
        "Brigade": "02"
      },
      {
        "Lon": 20.8945,
        "Time": "2017-05-14 00:16:37",
        "Lines": "N35",
        "Lat": 52.1924,
        "Brigade": "02"
      },
      {
        "Lon": 20.8935,
        "Time": "2017-05-14 00:16:51",
        "Lines": "N35",
        "Lat": 52.1914,
        "Brigade": "02"
      },
      {
        "Lon": 20.8921,
        "Time": "2017-05-14 00:17:05",
        "Lines": "N35",
        "Lat": 52.1907,
        "Brigade": "02"
      },
      {
        "Lon": 20.892,
        "Time": "2017-05-14 00:17:19",
        "Lines": "N35",
        "Lat": 52.1907,
        "Brigade": "02"
      },
      {
        "Lon": 20.8911,
        "Time": "2017-05-14 00:17:33",
        "Lines": "N35",
        "Lat": 52.1904,
        "Brigade": "02"
      },
      {
        "Lon": 20.8896,
        "Time": "2017-05-14 00:17:47",
        "Lines": "N35",
        "Lat": 52.1901,
        "Brigade": "02"
      },
      {
        "Lon": 20.8887,
        "Time": "2017-05-14 00:18:01",
        "Lines": "N35",
        "Lat": 52.1899,
        "Brigade": "02"
      },
      {
        "Lon": 20.8869,
        "Time": "2017-05-14 00:18:17",
        "Lines": "N35",
        "Lat": 52.1897,
        "Brigade": "02"
      },
      {
        "Lon": 20.8847,
        "Time": "2017-05-14 00:18:32",
        "Lines": "N35",
        "Lat": 52.1894,
        "Brigade": "02"
      },
      {
        "Lon": 20.884,
        "Time": "2017-05-14 00:18:47",
        "Lines": "N35",
        "Lat": 52.1894,
        "Brigade": "02"
      },
      {
        "Lon": 20.8839,
        "Time": "2017-05-14 00:18:59",
        "Lines": "N35",
        "Lat": 52.1894,
        "Brigade": "02"
      },
      {
        "Lon": 20.8829,
        "Time": "2017-05-14 00:19:15",
        "Lines": "N35",
        "Lat": 52.1893,
        "Brigade": "02"
      },
      {
        "Lon": 20.8827,
        "Time": "2017-05-14 00:19:30",
        "Lines": "N35",
        "Lat": 52.1892,
        "Brigade": "02"
      },
      {
        "Lon": 20.8807,
        "Time": "2017-05-14 00:19:45",
        "Lines": "N35",
        "Lat": 52.1891,
        "Brigade": "02"
      },
      {
        "Lon": 20.8764,
        "Time": "2017-05-14 00:20:12",
        "Lines": "N35",
        "Lat": 52.189,
        "Brigade": "02"
      },
      {
        "Lon": 20.8763,
        "Time": "2017-05-14 00:20:28",
        "Lines": "N35",
        "Lat": 52.189,
        "Brigade": "02"
      },
      {
        "Lon": 20.8752,
        "Time": "2017-05-14 00:20:39",
        "Lines": "N35",
        "Lat": 52.1892,
        "Brigade": "02"
      },
      {
        "Lon": 20.8755,
        "Time": "2017-05-14 00:20:54",
        "Lines": "N35",
        "Lat": 52.1897,
        "Brigade": "02"
      },
      {
        "Lon": 20.8768,
        "Time": "2017-05-14 00:21:10",
        "Lines": "N35",
        "Lat": 52.1908,
        "Brigade": "02"
      },
      {
        "Lon": 20.878,
        "Time": "2017-05-14 00:21:22",
        "Lines": "N35",
        "Lat": 52.1919,
        "Brigade": "02"
      },
      {
        "Lon": 20.8783,
        "Time": "2017-05-14 00:21:35",
        "Lines": "N35",
        "Lat": 52.1922,
        "Brigade": "02"
      },
      {
        "Lon": 20.8786,
        "Time": "2017-05-14 00:21:50",
        "Lines": "N35",
        "Lat": 52.1924,
        "Brigade": "02"
      },
      {
        "Lon": 20.8797,
        "Time": "2017-05-14 00:22:05",
        "Lines": "N35",
        "Lat": 52.1934,
        "Brigade": "02"
      },
      {
        "Lon": 20.881,
        "Time": "2017-05-14 00:22:17",
        "Lines": "N35",
        "Lat": 52.1945,
        "Brigade": "02"
      },
      {
        "Lon": 20.8822,
        "Time": "2017-05-14 00:22:30",
        "Lines": "N35",
        "Lat": 52.195,
        "Brigade": "02"
      },
      {
        "Lon": 20.883,
        "Time": "2017-05-14 00:22:45",
        "Lines": "N35",
        "Lat": 52.1946,
        "Brigade": "02"
      },
      {
        "Lon": 20.8836,
        "Time": "2017-05-14 00:23:01",
        "Lines": "N35",
        "Lat": 52.1943,
        "Brigade": "02"
      },
      {
        "Lon": 20.884,
        "Time": "2017-05-14 00:23:13",
        "Lines": "N35",
        "Lat": 52.1941,
        "Brigade": "02"
      },
      {
        "Lon": 20.8844,
        "Time": "2017-05-14 00:23:26",
        "Lines": "N35",
        "Lat": 52.1944,
        "Brigade": "02"
      },
      {
        "Lon": 20.8848,
        "Time": "2017-05-14 00:23:39",
        "Lines": "N35",
        "Lat": 52.1947,
        "Brigade": "02"
      },
      {
        "Lon": 20.8842,
        "Time": "2017-05-14 00:23:55",
        "Lines": "N35",
        "Lat": 52.1953,
        "Brigade": "02"
      },
      {
        "Lon": 20.8832,
        "Time": "2017-05-14 00:24:08",
        "Lines": "N35",
        "Lat": 52.1966,
        "Brigade": "02"
      },
      {
        "Lon": 20.8825,
        "Time": "2017-05-14 00:24:23",
        "Lines": "N35",
        "Lat": 52.1978,
        "Brigade": "02"
      },
      {
        "Lon": 20.8819,
        "Time": "2017-05-14 00:24:36",
        "Lines": "N35",
        "Lat": 52.1977,
        "Brigade": "02"
      },
      {
        "Lon": 20.8803,
        "Time": "2017-05-14 00:24:50",
        "Lines": "N35",
        "Lat": 52.1975,
        "Brigade": "02"
      },
      {
        "Lon": 20.8793,
        "Time": "2017-05-14 00:25:04",
        "Lines": "N35",
        "Lat": 52.1975,
        "Brigade": "02"
      },
      {
        "Lon": 20.8776,
        "Time": "2017-05-14 00:25:18",
        "Lines": "N35",
        "Lat": 52.1981,
        "Brigade": "02"
      },
      {
        "Lon": 20.8753,
        "Time": "2017-05-14 00:25:33",
        "Lines": "N35",
        "Lat": 52.1987,
        "Brigade": "02"
      },
      {
        "Lon": 20.8731,
        "Time": "2017-05-14 00:25:47",
        "Lines": "N35",
        "Lat": 52.1988,
        "Brigade": "02"
      },
      {
        "Lon": 20.8711,
        "Time": "2017-05-14 00:26:01",
        "Lines": "N35",
        "Lat": 52.1985,
        "Brigade": "02"
      },
      {
        "Lon": 20.8692,
        "Time": "2017-05-14 00:26:15",
        "Lines": "N35",
        "Lat": 52.198,
        "Brigade": "02"
      },
      {
        "Lon": 20.8688,
        "Time": "2017-05-14 00:26:29",
        "Lines": "N35",
        "Lat": 52.198,
        "Brigade": "02"
      },
      {
        "Lon": 20.8684,
        "Time": "2017-05-14 00:26:43",
        "Lines": "N35",
        "Lat": 52.1977,
        "Brigade": "02"
      },
      {
        "Lon": 20.867,
        "Time": "2017-05-14 00:26:57",
        "Lines": "N35",
        "Lat": 52.1971,
        "Brigade": "02"
      },
      {
        "Lon": 20.8663,
        "Time": "2017-05-14 00:27:12",
        "Lines": "N35",
        "Lat": 52.1967,
        "Brigade": "02"
      },
      {
        "Lon": 20.8652,
        "Time": "2017-05-14 00:27:29",
        "Lines": "N35",
        "Lat": 52.1963,
        "Brigade": "02"
      },
      {
        "Lon": 20.8634,
        "Time": "2017-05-14 00:27:40",
        "Lines": "N35",
        "Lat": 52.1954,
        "Brigade": "02"
      },
      {
        "Lon": 20.8625,
        "Time": "2017-05-14 00:27:54",
        "Lines": "N35",
        "Lat": 52.195,
        "Brigade": "02"
      },
      {
        "Lon": 20.8623,
        "Time": "2017-05-14 00:28:08",
        "Lines": "N35",
        "Lat": 52.1949,
        "Brigade": "02"
      },
      {
        "Lon": 20.8608,
        "Time": "2017-05-14 00:28:22",
        "Lines": "N35",
        "Lat": 52.1942,
        "Brigade": "02"
      },
      {
        "Lon": 20.8604,
        "Time": "2017-05-14 00:28:36",
        "Lines": "N35",
        "Lat": 52.194,
        "Brigade": "02"
      },
      {
        "Lon": 20.8598,
        "Time": "2017-05-14 00:28:50",
        "Lines": "N35",
        "Lat": 52.1937,
        "Brigade": "02"
      },
      {
        "Lon": 20.8602,
        "Time": "2017-05-14 00:29:05",
        "Lines": "N35",
        "Lat": 52.193,
        "Brigade": "02"
      },
      {
        "Lon": 20.8611,
        "Time": "2017-05-14 00:29:18",
        "Lines": "N35",
        "Lat": 52.1919,
        "Brigade": "02"
      },
      {
        "Lon": 20.8613,
        "Time": "2017-05-14 00:29:32",
        "Lines": "N35",
        "Lat": 52.1917,
        "Brigade": "02"
      },
      {
        "Lon": 20.8615,
        "Time": "2017-05-14 00:29:46",
        "Lines": "N35",
        "Lat": 52.1912,
        "Brigade": "02"
      },
      {
        "Lon": 20.8636,
        "Time": "2017-05-14 00:30:17",
        "Lines": "N35",
        "Lat": 52.1907,
        "Brigade": "02"
      },
      {
        "Lon": 20.8655,
        "Time": "2017-05-14 00:30:32",
        "Lines": "N35",
        "Lat": 52.191,
        "Brigade": "02"
      },
      {
        "Lon": 20.8678,
        "Time": "2017-05-14 00:30:47",
        "Lines": "N35",
        "Lat": 52.1914,
        "Brigade": "02"
      },
      {
        "Lon": 20.8691,
        "Time": "2017-05-14 00:31:02",
        "Lines": "N35",
        "Lat": 52.1919,
        "Brigade": "02"
      },
      {
        "Lon": 20.8687,
        "Time": "2017-05-14 00:31:15",
        "Lines": "N35",
        "Lat": 52.1923,
        "Brigade": "02"
      },
      {
        "Lon": 20.8688,
        "Time": "2017-05-14 00:31:27",
        "Lines": "N35",
        "Lat": 52.1923,
        "Brigade": "02"
      },
      {
        "Lon": 20.8688,
        "Time": "2017-05-14 00:31:43",
        "Lines": "N35",
        "Lat": 52.1923,
        "Brigade": "02"
      },
      {
        "Lon": 20.8688,
        "Time": "2017-05-14 00:31:58",
        "Lines": "N35",
        "Lat": 52.1923,
        "Brigade": "02"
      },
      {
        "Lon": 20.8688,
        "Time": "2017-05-14 00:32:14",
        "Lines": "N35",
        "Lat": 52.1923,
        "Brigade": "02"
      },
      {
        "Lon": 20.8688,
        "Time": "2017-05-14 00:32:29",
        "Lines": "N35",
        "Lat": 52.1923,
        "Brigade": "02"
      },
      {
        "Lon": 20.8688,
        "Time": "2017-05-14 00:32:43",
        "Lines": "N35",
        "Lat": 52.1923,
        "Brigade": "02"
      },
      {
        "Lon": 20.8686,
        "Time": "2017-05-14 00:32:57",
        "Lines": "N35",
        "Lat": 52.1925,
        "Brigade": "02"
      },
      {
        "Lon": 20.8683,
        "Time": "2017-05-14 00:33:11",
        "Lines": "N35",
        "Lat": 52.1931,
        "Brigade": "02"
      },
      {
        "Lon": 20.8681,
        "Time": "2017-05-14 00:33:26",
        "Lines": "N35",
        "Lat": 52.1934,
        "Brigade": "02"
      },
      {
        "Lon": 20.868,
        "Time": "2017-05-14 00:33:43",
        "Lines": "N35",
        "Lat": 52.1936,
        "Brigade": "02"
      },
      {
        "Lon": 20.8677,
        "Time": "2017-05-14 00:33:56",
        "Lines": "N35",
        "Lat": 52.1946,
        "Brigade": "02"
      },
      {
        "Lon": 20.8673,
        "Time": "2017-05-14 00:34:09",
        "Lines": "N35",
        "Lat": 52.1957,
        "Brigade": "02"
      },
      {
        "Lon": 20.8668,
        "Time": "2017-05-14 00:34:22",
        "Lines": "N35",
        "Lat": 52.1966,
        "Brigade": "02"
      },
      {
        "Lon": 20.8675,
        "Time": "2017-05-14 00:34:36",
        "Lines": "N35",
        "Lat": 52.1973,
        "Brigade": "02"
      },
      {
        "Lon": 20.869,
        "Time": "2017-05-14 00:34:50",
        "Lines": "N35",
        "Lat": 52.1979,
        "Brigade": "02"
      },
      {
        "Lon": 20.8706,
        "Time": "2017-05-14 00:35:05",
        "Lines": "N35",
        "Lat": 52.1983,
        "Brigade": "02"
      },
      {
        "Lon": 20.8706,
        "Time": "2017-05-14 00:35:19",
        "Lines": "N35",
        "Lat": 52.1984,
        "Brigade": "02"
      },
      {
        "Lon": 20.8714,
        "Time": "2017-05-14 00:35:33",
        "Lines": "N35",
        "Lat": 52.1986,
        "Brigade": "02"
      },
      {
        "Lon": 20.8731,
        "Time": "2017-05-14 00:35:47",
        "Lines": "N35",
        "Lat": 52.1988,
        "Brigade": "02"
      },
      {
        "Lon": 20.875,
        "Time": "2017-05-14 00:36:01",
        "Lines": "N35",
        "Lat": 52.1988,
        "Brigade": "02"
      },
      {
        "Lon": 20.8768,
        "Time": "2017-05-14 00:36:15",
        "Lines": "N35",
        "Lat": 52.1983,
        "Brigade": "02"
      },
      {
        "Lon": 20.8787,
        "Time": "2017-05-14 00:36:29",
        "Lines": "N35",
        "Lat": 52.1977,
        "Brigade": "02"
      },
      {
        "Lon": 20.8799,
        "Time": "2017-05-14 00:36:44",
        "Lines": "N35",
        "Lat": 52.1974,
        "Brigade": "02"
      },
      {
        "Lon": 20.8809,
        "Time": "2017-05-14 00:36:57",
        "Lines": "N35",
        "Lat": 52.1976,
        "Brigade": "02"
      },
      {
        "Lon": 20.8823,
        "Time": "2017-05-14 00:37:11",
        "Lines": "N35",
        "Lat": 52.1978,
        "Brigade": "02"
      },
      {
        "Lon": 20.8828,
        "Time": "2017-05-14 00:37:25",
        "Lines": "N35",
        "Lat": 52.1972,
        "Brigade": "02"
      },
      {
        "Lon": 20.8835,
        "Time": "2017-05-14 00:37:39",
        "Lines": "N35",
        "Lat": 52.1961,
        "Brigade": "02"
      },
      {
        "Lon": 20.8845,
        "Time": "2017-05-14 00:37:54",
        "Lines": "N35",
        "Lat": 52.1949,
        "Brigade": "02"
      },
      {
        "Lon": 20.8844,
        "Time": "2017-05-14 00:38:08",
        "Lines": "N35",
        "Lat": 52.1944,
        "Brigade": "02"
      },
      {
        "Lon": 20.8835,
        "Time": "2017-05-14 00:38:22",
        "Lines": "N35",
        "Lat": 52.1938,
        "Brigade": "02"
      },
      {
        "Lon": 20.8835,
        "Time": "2017-05-14 00:38:36",
        "Lines": "N35",
        "Lat": 52.1937,
        "Brigade": "02"
      },
      {
        "Lon": 20.8828,
        "Time": "2017-05-14 00:38:50",
        "Lines": "N35",
        "Lat": 52.1934,
        "Brigade": "02"
      },
      {
        "Lon": 20.8826,
        "Time": "2017-05-14 00:39:04",
        "Lines": "N35",
        "Lat": 52.1943,
        "Brigade": "02"
      },
      {
        "Lon": 20.8822,
        "Time": "2017-05-14 00:39:18",
        "Lines": "N35",
        "Lat": 52.195,
        "Brigade": "02"
      },
      {
        "Lon": 20.8811,
        "Time": "2017-05-14 00:39:33",
        "Lines": "N35",
        "Lat": 52.1946,
        "Brigade": "02"
      },
      {
        "Lon": 20.8797,
        "Time": "2017-05-14 00:39:47",
        "Lines": "N35",
        "Lat": 52.1934,
        "Brigade": "02"
      },
      {
        "Lon": 20.8773,
        "Time": "2017-05-14 00:40:12",
        "Lines": "N35",
        "Lat": 52.1913,
        "Brigade": "02"
      },
      {
        "Lon": 20.8761,
        "Time": "2017-05-14 00:40:24",
        "Lines": "N35",
        "Lat": 52.1902,
        "Brigade": "02"
      },
      {
        "Lon": 20.8751,
        "Time": "2017-05-14 00:40:36",
        "Lines": "N35",
        "Lat": 52.1894,
        "Brigade": "02"
      },
      {
        "Lon": 20.8759,
        "Time": "2017-05-14 00:40:50",
        "Lines": "N35",
        "Lat": 52.189,
        "Brigade": "02"
      },
      {
        "Lon": 20.8773,
        "Time": "2017-05-14 00:41:02",
        "Lines": "N35",
        "Lat": 52.189,
        "Brigade": "02"
      },
      {
        "Lon": 20.8773,
        "Time": "2017-05-14 00:41:14",
        "Lines": "N35",
        "Lat": 52.1889,
        "Brigade": "02"
      },
      {
        "Lon": 20.8787,
        "Time": "2017-05-14 00:41:26",
        "Lines": "N35",
        "Lat": 52.189,
        "Brigade": "02"
      },
      {
        "Lon": 20.8807,
        "Time": "2017-05-14 00:41:40",
        "Lines": "N35",
        "Lat": 52.1891,
        "Brigade": "02"
      },
      {
        "Lon": 20.8823,
        "Time": "2017-05-14 00:41:52",
        "Lines": "N35",
        "Lat": 52.1892,
        "Brigade": "02"
      },
      {
        "Lon": 20.8837,
        "Time": "2017-05-14 00:42:04",
        "Lines": "N35",
        "Lat": 52.1893,
        "Brigade": "02"
      },
      {
        "Lon": 20.8844,
        "Time": "2017-05-14 00:42:16",
        "Lines": "N35",
        "Lat": 52.1894,
        "Brigade": "02"
      },
      {
        "Lon": 20.8862,
        "Time": "2017-05-14 00:42:30",
        "Lines": "N35",
        "Lat": 52.1896,
        "Brigade": "02"
      },
      {
        "Lon": 20.888,
        "Time": "2017-05-14 00:42:42",
        "Lines": "N35",
        "Lat": 52.1898,
        "Brigade": "02"
      },
      {
        "Lon": 20.8915,
        "Time": "2017-05-14 00:43:13",
        "Lines": "N35",
        "Lat": 52.1905,
        "Brigade": "02"
      },
      {
        "Lon": 20.8926,
        "Time": "2017-05-14 00:43:23",
        "Lines": "N35",
        "Lat": 52.1908,
        "Brigade": "02"
      },
      {
        "Lon": 20.8942,
        "Time": "2017-05-14 00:43:43",
        "Lines": "N35",
        "Lat": 52.192,
        "Brigade": "02"
      },
      {
        "Lon": 20.8949,
        "Time": "2017-05-14 00:43:53",
        "Lines": "N35",
        "Lat": 52.1927,
        "Brigade": "02"
      },
      {
        "Lon": 20.8955,
        "Time": "2017-05-14 00:44:04",
        "Lines": "N35",
        "Lat": 52.1934,
        "Brigade": "02"
      },
      {
        "Lon": 20.8956,
        "Time": "2017-05-14 00:44:14",
        "Lines": "N35",
        "Lat": 52.1935,
        "Brigade": "02"
      },
      {
        "Lon": 20.8957,
        "Time": "2017-05-14 00:44:24",
        "Lines": "N35",
        "Lat": 52.1936,
        "Brigade": "02"
      },
      {
        "Lon": 20.896,
        "Time": "2017-05-14 00:44:34",
        "Lines": "N35",
        "Lat": 52.1941,
        "Brigade": "02"
      },
      {
        "Lon": 20.8963,
        "Time": "2017-05-14 00:44:44",
        "Lines": "N35",
        "Lat": 52.1949,
        "Brigade": "02"
      },
      {
        "Lon": 20.8965,
        "Time": "2017-05-14 00:44:54",
        "Lines": "N35",
        "Lat": 52.1956,
        "Brigade": "02"
      },
      {
        "Lon": 20.8968,
        "Time": "2017-05-14 00:45:04",
        "Lines": "N35",
        "Lat": 52.1961,
        "Brigade": "02"
      },
      {
        "Lon": 20.8979,
        "Time": "2017-05-14 00:45:16",
        "Lines": "N35",
        "Lat": 52.1957,
        "Brigade": "02"
      },
      {
        "Lon": 20.8994,
        "Time": "2017-05-14 00:45:32",
        "Lines": "N35",
        "Lat": 52.195,
        "Brigade": "02"
      },
      {
        "Lon": 20.8998,
        "Time": "2017-05-14 00:45:48",
        "Lines": "N35",
        "Lat": 52.1949,
        "Brigade": "02"
      },
      {
        "Lon": 20.9006,
        "Time": "2017-05-14 00:46:02",
        "Lines": "N35",
        "Lat": 52.1946,
        "Brigade": "02"
      },
      {
        "Lon": 20.9029,
        "Time": "2017-05-14 00:46:18",
        "Lines": "N35",
        "Lat": 52.1938,
        "Brigade": "02"
      },
      {
        "Lon": 20.9038,
        "Time": "2017-05-14 00:46:31",
        "Lines": "N35",
        "Lat": 52.1935,
        "Brigade": "02"
      },
      {
        "Lon": 20.9041,
        "Time": "2017-05-14 00:46:45",
        "Lines": "N35",
        "Lat": 52.1934,
        "Brigade": "02"
      },
      {
        "Lon": 20.9056,
        "Time": "2017-05-14 00:46:59",
        "Lines": "N35",
        "Lat": 52.193,
        "Brigade": "02"
      },
      {
        "Lon": 20.9075,
        "Time": "2017-05-14 00:47:13",
        "Lines": "N35",
        "Lat": 52.1924,
        "Brigade": "02"
      },
      {
        "Lon": 20.9082,
        "Time": "2017-05-14 00:47:27",
        "Lines": "N35",
        "Lat": 52.1923,
        "Brigade": "02"
      },
      {
        "Lon": 20.9087,
        "Time": "2017-05-14 00:47:41",
        "Lines": "N35",
        "Lat": 52.1928,
        "Brigade": "02"
      },
      {
        "Lon": 20.9087,
        "Time": "2017-05-14 00:47:55",
        "Lines": "N35",
        "Lat": 52.193,
        "Brigade": "02"
      },
      {
        "Lon": 20.9092,
        "Time": "2017-05-14 00:48:09",
        "Lines": "N35",
        "Lat": 52.1936,
        "Brigade": "02"
      },
      {
        "Lon": 20.9099,
        "Time": "2017-05-14 00:48:24",
        "Lines": "N35",
        "Lat": 52.1946,
        "Brigade": "02"
      },
      {
        "Lon": 20.9103,
        "Time": "2017-05-14 00:48:38",
        "Lines": "N35",
        "Lat": 52.1953,
        "Brigade": "02"
      },
      {
        "Lon": 20.9112,
        "Time": "2017-05-14 00:48:52",
        "Lines": "N35",
        "Lat": 52.1965,
        "Brigade": "02"
      },
      {
        "Lon": 20.9124,
        "Time": "2017-05-14 00:49:06",
        "Lines": "N35",
        "Lat": 52.1978,
        "Brigade": "02"
      },
      {
        "Lon": 20.9135,
        "Time": "2017-05-14 00:49:20",
        "Lines": "N35",
        "Lat": 52.1991,
        "Brigade": "02"
      },
      {
        "Lon": 20.9146,
        "Time": "2017-05-14 00:49:34",
        "Lines": "N35",
        "Lat": 52.1997,
        "Brigade": "02"
      },
      {
        "Lon": 20.9164,
        "Time": "2017-05-14 00:49:48",
        "Lines": "N35",
        "Lat": 52.1992,
        "Brigade": "02"
      },
      {
        "Lon": 20.9203,
        "Time": "2017-05-14 00:50:15",
        "Lines": "N35",
        "Lat": 52.1981,
        "Brigade": "02"
      },
      {
        "Lon": 20.9222,
        "Time": "2017-05-14 00:50:26",
        "Lines": "N35",
        "Lat": 52.1977,
        "Brigade": "02"
      },
      {
        "Lon": 20.9237,
        "Time": "2017-05-14 00:50:38",
        "Lines": "N35",
        "Lat": 52.1971,
        "Brigade": "02"
      },
      {
        "Lon": 20.9244,
        "Time": "2017-05-14 00:50:51",
        "Lines": "N35",
        "Lat": 52.1968,
        "Brigade": "02"
      },
      {
        "Lon": 20.9249,
        "Time": "2017-05-14 00:51:05",
        "Lines": "N35",
        "Lat": 52.1966,
        "Brigade": "02"
      },
      {
        "Lon": 20.9258,
        "Time": "2017-05-14 00:51:20",
        "Lines": "N35",
        "Lat": 52.1962,
        "Brigade": "02"
      },
      {
        "Lon": 20.9281,
        "Time": "2017-05-14 00:51:34",
        "Lines": "N35",
        "Lat": 52.1957,
        "Brigade": "02"
      },
      {
        "Lon": 20.9294,
        "Time": "2017-05-14 00:51:48",
        "Lines": "N35",
        "Lat": 52.1963,
        "Brigade": "02"
      },
      {
        "Lon": 20.931,
        "Time": "2017-05-14 00:52:02",
        "Lines": "N35",
        "Lat": 52.1976,
        "Brigade": "02"
      },
      {
        "Lon": 20.933,
        "Time": "2017-05-14 00:52:16",
        "Lines": "N35",
        "Lat": 52.1989,
        "Brigade": "02"
      },
      {
        "Lon": 20.9349,
        "Time": "2017-05-14 00:52:30",
        "Lines": "N35",
        "Lat": 52.2002,
        "Brigade": "02"
      },
      {
        "Lon": 20.9362,
        "Time": "2017-05-14 00:52:44",
        "Lines": "N35",
        "Lat": 52.201,
        "Brigade": "02"
      },
      {
        "Lon": 20.9372,
        "Time": "2017-05-14 00:52:58",
        "Lines": "N35",
        "Lat": 52.2017,
        "Brigade": "02"
      },
      {
        "Lon": 20.9371,
        "Time": "2017-05-14 00:53:12",
        "Lines": "N35",
        "Lat": 52.2018,
        "Brigade": "02"
      },
      {
        "Lon": 20.9382,
        "Time": "2017-05-14 00:53:27",
        "Lines": "N35",
        "Lat": 52.2025,
        "Brigade": "02"
      },
      {
        "Lon": 20.94,
        "Time": "2017-05-14 00:53:43",
        "Lines": "N35",
        "Lat": 52.2037,
        "Brigade": "02"
      },
      {
        "Lon": 20.9422,
        "Time": "2017-05-14 00:53:55",
        "Lines": "N35",
        "Lat": 52.2052,
        "Brigade": "02"
      },
      {
        "Lon": 20.9439,
        "Time": "2017-05-14 00:54:08",
        "Lines": "N35",
        "Lat": 52.2063,
        "Brigade": "02"
      },
      {
        "Lon": 20.946,
        "Time": "2017-05-14 00:54:23",
        "Lines": "N35",
        "Lat": 52.2077,
        "Brigade": "02"
      },
      {
        "Lon": 20.948,
        "Time": "2017-05-14 00:54:37",
        "Lines": "N35",
        "Lat": 52.209,
        "Brigade": "02"
      },
      {
        "Lon": 20.949,
        "Time": "2017-05-14 00:54:51",
        "Lines": "N35",
        "Lat": 52.2097,
        "Brigade": "02"
      },
      {
        "Lon": 20.9491,
        "Time": "2017-05-14 00:55:05",
        "Lines": "N35",
        "Lat": 52.2097,
        "Brigade": "02"
      },
      {
        "Lon": 20.9501,
        "Time": "2017-05-14 00:55:19",
        "Lines": "N35",
        "Lat": 52.2104,
        "Brigade": "02"
      },
      {
        "Lon": 20.9503,
        "Time": "2017-05-14 00:55:33",
        "Lines": "N35",
        "Lat": 52.2105,
        "Brigade": "02"
      },
      {
        "Lon": 20.9512,
        "Time": "2017-05-14 00:55:47",
        "Lines": "N35",
        "Lat": 52.2111,
        "Brigade": "02"
      },
      {
        "Lon": 20.9528,
        "Time": "2017-05-14 00:56:02",
        "Lines": "N35",
        "Lat": 52.2122,
        "Brigade": "02"
      },
      {
        "Lon": 20.9535,
        "Time": "2017-05-14 00:56:16",
        "Lines": "N35",
        "Lat": 52.2126,
        "Brigade": "02"
      },
      {
        "Lon": 20.9538,
        "Time": "2017-05-14 00:56:30",
        "Lines": "N35",
        "Lat": 52.2129,
        "Brigade": "02"
      },
      {
        "Lon": 20.9551,
        "Time": "2017-05-14 00:56:46",
        "Lines": "N35",
        "Lat": 52.2137,
        "Brigade": "02"
      },
      {
        "Lon": 20.9571,
        "Time": "2017-05-14 00:57:01",
        "Lines": "N35",
        "Lat": 52.2148,
        "Brigade": "02"
      },
      {
        "Lon": 20.9595,
        "Time": "2017-05-14 00:57:16",
        "Lines": "N35",
        "Lat": 52.2156,
        "Brigade": "02"
      },
      {
        "Lon": 20.9604,
        "Time": "2017-05-14 00:57:28",
        "Lines": "N35",
        "Lat": 52.2159,
        "Brigade": "02"
      },
      {
        "Lon": 20.9604,
        "Time": "2017-05-14 00:57:43",
        "Lines": "N35",
        "Lat": 52.2159,
        "Brigade": "02"
      },
      {
        "Lon": 20.9604,
        "Time": "2017-05-14 00:57:56",
        "Lines": "N35",
        "Lat": 52.2159,
        "Brigade": "02"
      },
      {
        "Lon": 20.9604,
        "Time": "2017-05-14 00:58:08",
        "Lines": "N35",
        "Lat": 52.2159,
        "Brigade": "02"
      },
      {
        "Lon": 20.9604,
        "Time": "2017-05-14 00:58:22",
        "Lines": "N35",
        "Lat": 52.2159,
        "Brigade": "02"
      },
      {
        "Lon": 20.9604,
        "Time": "2017-05-14 00:58:36",
        "Lines": "N35",
        "Lat": 52.2159,
        "Brigade": "02"
      },
      {
        "Lon": 20.9609,
        "Time": "2017-05-14 00:58:49",
        "Lines": "N35",
        "Lat": 52.216,
        "Brigade": "02"
      },
      {
        "Lon": 20.9626,
        "Time": "2017-05-14 00:59:01",
        "Lines": "N35",
        "Lat": 52.2166,
        "Brigade": "02"
      },
      {
        "Lon": 20.9631,
        "Time": "2017-05-14 00:59:14",
        "Lines": "N35",
        "Lat": 52.2168,
        "Brigade": "02"
      },
      {
        "Lon": 20.9634,
        "Time": "2017-05-14 00:59:26",
        "Lines": "N35",
        "Lat": 52.2169,
        "Brigade": "02"
      },
      {
        "Lon": 20.9652,
        "Time": "2017-05-14 00:59:40",
        "Lines": "N35",
        "Lat": 52.2176,
        "Brigade": "02"
      },
      {
        "Lon": 20.9671,
        "Time": "2017-05-14 00:59:54",
        "Lines": "N35",
        "Lat": 52.2182,
        "Brigade": "02"
      },
      {
        "Lon": 20.9673,
        "Time": "2017-05-14 01:00:09",
        "Lines": "N35",
        "Lat": 52.2182,
        "Brigade": "02"
      },
      {
        "Lon": 20.968,
        "Time": "2017-05-14 01:00:23",
        "Lines": "N35",
        "Lat": 52.2185,
        "Brigade": "02"
      },
      {
        "Lon": 20.9698,
        "Time": "2017-05-14 01:00:37",
        "Lines": "N35",
        "Lat": 52.2191,
        "Brigade": "02"
      },
      {
        "Lon": 20.9717,
        "Time": "2017-05-14 01:00:52",
        "Lines": "N35",
        "Lat": 52.2194,
        "Brigade": "02"
      },
      {
        "Lon": 20.9737,
        "Time": "2017-05-14 01:01:05",
        "Lines": "N35",
        "Lat": 52.2187,
        "Brigade": "02"
      },
      {
        "Lon": 20.9741,
        "Time": "2017-05-14 01:01:19",
        "Lines": "N35",
        "Lat": 52.2185,
        "Brigade": "02"
      },
      {
        "Lon": 20.975,
        "Time": "2017-05-14 01:01:33",
        "Lines": "N35",
        "Lat": 52.2183,
        "Brigade": "02"
      },
      {
        "Lon": 20.9771,
        "Time": "2017-05-14 01:01:48",
        "Lines": "N35",
        "Lat": 52.2176,
        "Brigade": "02"
      },
      {
        "Lon": 20.9782,
        "Time": "2017-05-14 01:02:02",
        "Lines": "N35",
        "Lat": 52.2172,
        "Brigade": "02"
      },
      {
        "Lon": 20.9782,
        "Time": "2017-05-14 01:02:16",
        "Lines": "N35",
        "Lat": 52.2171,
        "Brigade": "02"
      },
      {
        "Lon": 20.9796,
        "Time": "2017-05-14 01:02:30",
        "Lines": "N35",
        "Lat": 52.2168,
        "Brigade": "02"
      },
      {
        "Lon": 20.981,
        "Time": "2017-05-14 01:02:48",
        "Lines": "N35",
        "Lat": 52.2163,
        "Brigade": "02"
      },
      {
        "Lon": 20.981,
        "Time": "2017-05-14 01:03:00",
        "Lines": "N35",
        "Lat": 52.2163,
        "Brigade": "02"
      },
      {
        "Lon": 20.9816,
        "Time": "2017-05-14 01:03:15",
        "Lines": "N35",
        "Lat": 52.2167,
        "Brigade": "02"
      },
      {
        "Lon": 20.9828,
        "Time": "2017-05-14 01:03:28",
        "Lines": "N35",
        "Lat": 52.218,
        "Brigade": "02"
      },
      {
        "Lon": 20.9843,
        "Time": "2017-05-14 01:03:44",
        "Lines": "N35",
        "Lat": 52.2183,
        "Brigade": "02"
      },
      {
        "Lon": 20.9848,
        "Time": "2017-05-14 01:04:15",
        "Lines": "N35",
        "Lat": 52.2195,
        "Brigade": "02"
      },
      {
        "Lon": 20.9849,
        "Time": "2017-05-14 01:04:27",
        "Lines": "N35",
        "Lat": 52.2204,
        "Brigade": "02"
      },
      {
        "Lon": 20.9856,
        "Time": "2017-05-14 01:04:43",
        "Lines": "N35",
        "Lat": 52.2213,
        "Brigade": "02"
      },
      {
        "Lon": 20.987,
        "Time": "2017-05-14 01:04:59",
        "Lines": "N35",
        "Lat": 52.2228,
        "Brigade": "02"
      },
      {
        "Lon": 20.9883,
        "Time": "2017-05-14 01:05:13",
        "Lines": "N35",
        "Lat": 52.2242,
        "Brigade": "02"
      },
      {
        "Lon": 20.9885,
        "Time": "2017-05-14 01:05:27",
        "Lines": "N35",
        "Lat": 52.2242,
        "Brigade": "02"
      },
      {
        "Lon": 20.9888,
        "Time": "2017-05-14 01:05:40",
        "Lines": "N35",
        "Lat": 52.2244,
        "Brigade": "02"
      },
      {
        "Lon": 20.9906,
        "Time": "2017-05-14 01:05:54",
        "Lines": "N35",
        "Lat": 52.2251,
        "Brigade": "02"
      },
      {
        "Lon": 20.9931,
        "Time": "2017-05-14 01:06:08",
        "Lines": "N35",
        "Lat": 52.2257,
        "Brigade": "02"
      },
      {
        "Lon": 20.9947,
        "Time": "2017-05-14 01:06:23",
        "Lines": "N35",
        "Lat": 52.2261,
        "Brigade": "02"
      },
      {
        "Lon": 20.995,
        "Time": "2017-05-14 01:06:37",
        "Lines": "N35",
        "Lat": 52.2261,
        "Brigade": "02"
      },
      {
        "Lon": 20.9953,
        "Time": "2017-05-14 01:06:51",
        "Lines": "N35",
        "Lat": 52.2262,
        "Brigade": "02"
      },
      {
        "Lon": 20.9959,
        "Time": "2017-05-14 01:07:05",
        "Lines": "N35",
        "Lat": 52.2263,
        "Brigade": "02"
      },
      {
        "Lon": 20.9979,
        "Time": "2017-05-14 01:07:19",
        "Lines": "N35",
        "Lat": 52.2268,
        "Brigade": "02"
      },
      {
        "Lon": 21.0004,
        "Time": "2017-05-14 01:07:34",
        "Lines": "N35",
        "Lat": 52.2274,
        "Brigade": "02"
      },
      {
        "Lon": 21.0018,
        "Time": "2017-05-14 01:07:47",
        "Lines": "N35",
        "Lat": 52.2275,
        "Brigade": "02"
      },
      {
        "Lon": 21.0035,
        "Time": "2017-05-14 01:08:01",
        "Lines": "N35",
        "Lat": 52.228,
        "Brigade": "02"
      },
      {
        "Lon": 21.0048,
        "Time": "2017-05-14 01:08:15",
        "Lines": "N35",
        "Lat": 52.2283,
        "Brigade": "02"
      },
      {
        "Lon": 21.0048,
        "Time": "2017-05-14 01:08:30",
        "Lines": "N35",
        "Lat": 52.2284,
        "Brigade": "02"
      },
      {
        "Lon": 21.0049,
        "Time": "2017-05-14 01:08:44",
        "Lines": "N35",
        "Lat": 52.2284,
        "Brigade": "02"
      },
      {
        "Lon": 21.0053,
        "Time": "2017-05-14 01:08:58",
        "Lines": "N35",
        "Lat": 52.2285,
        "Brigade": "02"
      },
      {
        "Lon": 21.0053,
        "Time": "2017-05-14 01:09:11",
        "Lines": "N35",
        "Lat": 52.2293,
        "Brigade": "02"
      },
      {
        "Lon": 21.0051,
        "Time": "2017-05-14 01:09:26",
        "Lines": "N35",
        "Lat": 52.2296,
        "Brigade": "02"
      },
      {
        "Lon": 21.0051,
        "Time": "2017-05-14 01:09:40",
        "Lines": "N35",
        "Lat": 52.2297,
        "Brigade": "02"
      },
      {
        "Lon": 21.0044,
        "Time": "2017-05-14 01:09:54",
        "Lines": "N35",
        "Lat": 52.2307,
        "Brigade": "02"
      },
      {
        "Lon": 21.0035,
        "Time": "2017-05-14 01:10:08",
        "Lines": "N35",
        "Lat": 52.2323,
        "Brigade": "02"
      },
      {
        "Lon": 21.0029,
        "Time": "2017-05-14 01:10:22",
        "Lines": "N35",
        "Lat": 52.2333,
        "Brigade": "02"
      },
      {
        "Lon": 21.0029,
        "Time": "2017-05-14 01:10:37",
        "Lines": "N35",
        "Lat": 52.2334,
        "Brigade": "02"
      },
      {
        "Lon": 21.0027,
        "Time": "2017-05-14 01:10:51",
        "Lines": "N35",
        "Lat": 52.2338,
        "Brigade": "02"
      },
      {
        "Lon": 21.0027,
        "Time": "2017-05-14 01:11:05",
        "Lines": "N35",
        "Lat": 52.2338,
        "Brigade": "02"
      },
      {
        "Lon": 21.003,
        "Time": "2017-05-14 01:11:20",
        "Lines": "N35",
        "Lat": 52.2341,
        "Brigade": "02"
      },
      {
        "Lon": 21.0054,
        "Time": "2017-05-14 01:11:34",
        "Lines": "N35",
        "Lat": 52.2345,
        "Brigade": "02"
      },
      {
        "Lon": 21.0072,
        "Time": "2017-05-14 01:11:47",
        "Lines": "N35",
        "Lat": 52.2349,
        "Brigade": "02"
      },
      {
        "Lon": 21.0076,
        "Time": "2017-05-14 01:12:01",
        "Lines": "N35",
        "Lat": 52.235,
        "Brigade": "02"
      },
      {
        "Lon": 21.008,
        "Time": "2017-05-14 01:12:15",
        "Lines": "N35",
        "Lat": 52.2351,
        "Brigade": "02"
      },
      {
        "Lon": 21.0083,
        "Time": "2017-05-14 01:12:30",
        "Lines": "N35",
        "Lat": 52.2351,
        "Brigade": "02"
      },
      {
        "Lon": 21.0083,
        "Time": "2017-05-14 01:12:44",
        "Lines": "N35",
        "Lat": 52.2351,
        "Brigade": "02"
      },
      {
        "Lon": 21.0086,
        "Time": "2017-05-14 01:12:58",
        "Lines": "N35",
        "Lat": 52.2348,
        "Brigade": "02"
      },
      {
        "Lon": 21.0093,
        "Time": "2017-05-14 01:13:12",
        "Lines": "N35",
        "Lat": 52.2336,
        "Brigade": "02"
      },
      {
        "Lon": 21.0099,
        "Time": "2017-05-14 01:13:26",
        "Lines": "N35",
        "Lat": 52.2326,
        "Brigade": "02"
      },
      {
        "Lon": 21.0099,
        "Time": "2017-05-14 01:13:40",
        "Lines": "N35",
        "Lat": 52.2325,
        "Brigade": "02"
      },
      {
        "Lon": 21.0099,
        "Time": "2017-05-14 01:13:54",
        "Lines": "N35",
        "Lat": 52.2326,
        "Brigade": "02"
      },
      {
        "Lon": 21.0099,
        "Time": "2017-05-14 01:14:08",
        "Lines": "N35",
        "Lat": 52.2326,
        "Brigade": "02"
      },
      {
        "Lon": 21.0099,
        "Time": "2017-05-14 01:14:23",
        "Lines": "N35",
        "Lat": 52.2326,
        "Brigade": "02"
      },
      {
        "Lon": 21.0099,
        "Time": "2017-05-14 01:14:39",
        "Lines": "N35",
        "Lat": 52.2326,
        "Brigade": "02"
      },
      {
        "Lon": 21.0099,
        "Time": "2017-05-14 01:14:52",
        "Lines": "N35",
        "Lat": 52.2326,
        "Brigade": "02"
      },
      {
        "Lon": 21.0099,
        "Time": "2017-05-14 01:15:06",
        "Lines": "N35",
        "Lat": 52.2326,
        "Brigade": "02"
      },
      {
        "Lon": 21.0099,
        "Time": "2017-05-14 01:15:20",
        "Lines": "N35",
        "Lat": 52.2326,
        "Brigade": "02"
      },
      {
        "Lon": 21.0099,
        "Time": "2017-05-14 01:15:34",
        "Lines": "N35",
        "Lat": 52.2326,
        "Brigade": "02"
      },
      {
        "Lon": 21.0099,
        "Time": "2017-05-14 01:15:48",
        "Lines": "N35",
        "Lat": 52.2326,
        "Brigade": "02"
      },
      {
        "Lon": 21.0099,
        "Time": "2017-05-14 01:16:03",
        "Lines": "N35",
        "Lat": 52.2326,
        "Brigade": "02"
      },
      {
        "Lon": 21.0099,
        "Time": "2017-05-14 01:16:16",
        "Lines": "N35",
        "Lat": 52.2326,
        "Brigade": "02"
      },
      {
        "Lon": 21.0099,
        "Time": "2017-05-14 01:16:30",
        "Lines": "N35",
        "Lat": 52.2326,
        "Brigade": "02"
      },
      {
        "Lon": 21.0099,
        "Time": "2017-05-14 01:16:44",
        "Lines": "N35",
        "Lat": 52.2326,
        "Brigade": "02"
      },
      {
        "Lon": 21.0099,
        "Time": "2017-05-14 01:16:58",
        "Lines": "N35",
        "Lat": 52.2326,
        "Brigade": "02"
      },
      {
        "Lon": 21.0099,
        "Time": "2017-05-14 01:17:13",
        "Lines": "N35",
        "Lat": 52.2326,
        "Brigade": "02"
      },
      {
        "Lon": 21.0099,
        "Time": "2017-05-14 01:17:27",
        "Lines": "N35",
        "Lat": 52.2326,
        "Brigade": "02"
      },
      {
        "Lon": 21.0099,
        "Time": "2017-05-14 01:17:41",
        "Lines": "N35",
        "Lat": 52.2326,
        "Brigade": "02"
      },
      {
        "Lon": 21.0099,
        "Time": "2017-05-14 01:17:55",
        "Lines": "N35",
        "Lat": 52.2326,
        "Brigade": "02"
      },
      {
        "Lon": 21.0099,
        "Time": "2017-05-14 01:18:09",
        "Lines": "N35",
        "Lat": 52.2326,
        "Brigade": "02"
      },
      {
        "Lon": 21.0099,
        "Time": "2017-05-14 01:18:23",
        "Lines": "N35",
        "Lat": 52.2326,
        "Brigade": "02"
      },
      {
        "Lon": 21.0099,
        "Time": "2017-05-14 01:18:37",
        "Lines": "N35",
        "Lat": 52.2326,
        "Brigade": "02"
      },
      {
        "Lon": 21.0099,
        "Time": "2017-05-14 01:18:51",
        "Lines": "N35",
        "Lat": 52.2326,
        "Brigade": "02"
      },
      {
        "Lon": 21.0099,
        "Time": "2017-05-14 01:19:05",
        "Lines": "N35",
        "Lat": 52.2326,
        "Brigade": "02"
      },
      {
        "Lon": 21.0099,
        "Time": "2017-05-14 01:19:20",
        "Lines": "N35",
        "Lat": 52.2326,
        "Brigade": "02"
      },
      {
        "Lon": 21.0099,
        "Time": "2017-05-14 01:19:33",
        "Lines": "N35",
        "Lat": 52.2326,
        "Brigade": "02"
      },
      {
        "Lon": 21.0099,
        "Time": "2017-05-14 01:19:47",
        "Lines": "N35",
        "Lat": 52.2326,
        "Brigade": "02"
      },
      {
        "Lon": 21.0099,
        "Time": "2017-05-14 01:20:13",
        "Lines": "N35",
        "Lat": 52.2326,
        "Brigade": "02"
      },
      {
        "Lon": 21.0099,
        "Time": "2017-05-14 01:20:26",
        "Lines": "N35",
        "Lat": 52.2326,
        "Brigade": "02"
      },
      {
        "Lon": 21.0099,
        "Time": "2017-05-14 01:20:38",
        "Lines": "N35",
        "Lat": 52.2326,
        "Brigade": "02"
      },
      {
        "Lon": 21.0099,
        "Time": "2017-05-14 01:20:51",
        "Lines": "N35",
        "Lat": 52.2326,
        "Brigade": "02"
      },
      {
        "Lon": 21.0099,
        "Time": "2017-05-14 01:21:05",
        "Lines": "N35",
        "Lat": 52.2326,
        "Brigade": "02"
      },
      {
        "Lon": 21.0099,
        "Time": "2017-05-14 01:21:19",
        "Lines": "N35",
        "Lat": 52.2326,
        "Brigade": "02"
      },
      {
        "Lon": 21.0099,
        "Time": "2017-05-14 01:21:33",
        "Lines": "N35",
        "Lat": 52.2326,
        "Brigade": "02"
      },
      {
        "Lon": 21.0099,
        "Time": "2017-05-14 01:21:47",
        "Lines": "N35",
        "Lat": 52.2326,
        "Brigade": "02"
      },
      {
        "Lon": 21.0099,
        "Time": "2017-05-14 01:22:02",
        "Lines": "N35",
        "Lat": 52.2326,
        "Brigade": "02"
      },
      {
        "Lon": 21.0099,
        "Time": "2017-05-14 01:22:16",
        "Lines": "N35",
        "Lat": 52.2326,
        "Brigade": "02"
      },
      {
        "Lon": 21.0099,
        "Time": "2017-05-14 01:22:30",
        "Lines": "N35",
        "Lat": 52.2326,
        "Brigade": "02"
      },
      {
        "Lon": 21.0099,
        "Time": "2017-05-14 01:22:44",
        "Lines": "N35",
        "Lat": 52.2326,
        "Brigade": "02"
      },
      {
        "Lon": 21.0099,
        "Time": "2017-05-14 01:22:58",
        "Lines": "N35",
        "Lat": 52.2326,
        "Brigade": "02"
      },
      {
        "Lon": 21.0099,
        "Time": "2017-05-14 01:23:13",
        "Lines": "N35",
        "Lat": 52.2326,
        "Brigade": "02"
      },
      {
        "Lon": 21.0099,
        "Time": "2017-05-14 01:23:27",
        "Lines": "N35",
        "Lat": 52.2326,
        "Brigade": "02"
      },
      {
        "Lon": 21.0099,
        "Time": "2017-05-14 01:23:41",
        "Lines": "N35",
        "Lat": 52.2326,
        "Brigade": "02"
      },
      {
        "Lon": 21.0099,
        "Time": "2017-05-14 01:23:55",
        "Lines": "N35",
        "Lat": 52.2326,
        "Brigade": "02"
      },
      {
        "Lon": 21.0099,
        "Time": "2017-05-14 01:24:09",
        "Lines": "N35",
        "Lat": 52.2326,
        "Brigade": "02"
      },
      {
        "Lon": 21.0099,
        "Time": "2017-05-14 01:24:23",
        "Lines": "N35",
        "Lat": 52.2326,
        "Brigade": "02"
      },
      {
        "Lon": 21.0099,
        "Time": "2017-05-14 01:24:37",
        "Lines": "N35",
        "Lat": 52.2326,
        "Brigade": "02"
      },
      {
        "Lon": 21.0099,
        "Time": "2017-05-14 01:24:51",
        "Lines": "N35",
        "Lat": 52.2326,
        "Brigade": "02"
      },
      {
        "Lon": 21.0099,
        "Time": "2017-05-14 01:25:06",
        "Lines": "N35",
        "Lat": 52.2326,
        "Brigade": "02"
      },
      {
        "Lon": 21.0099,
        "Time": "2017-05-14 01:25:20",
        "Lines": "N35",
        "Lat": 52.2326,
        "Brigade": "02"
      },
      {
        "Lon": 21.0099,
        "Time": "2017-05-14 01:25:35",
        "Lines": "N35",
        "Lat": 52.2326,
        "Brigade": "02"
      },
      {
        "Lon": 21.0099,
        "Time": "2017-05-14 01:25:47",
        "Lines": "N35",
        "Lat": 52.2326,
        "Brigade": "02"
      },
      {
        "Lon": 21.0099,
        "Time": "2017-05-14 01:26:02",
        "Lines": "N35",
        "Lat": 52.2326,
        "Brigade": "02"
      },
      {
        "Lon": 21.0099,
        "Time": "2017-05-14 01:26:14",
        "Lines": "N35",
        "Lat": 52.2326,
        "Brigade": "02"
      },
      {
        "Lon": 21.0099,
        "Time": "2017-05-14 01:26:27",
        "Lines": "N35",
        "Lat": 52.2326,
        "Brigade": "02"
      },
      {
        "Lon": 21.0099,
        "Time": "2017-05-14 01:26:42",
        "Lines": "N35",
        "Lat": 52.2326,
        "Brigade": "02"
      },
      {
        "Lon": 21.0099,
        "Time": "2017-05-14 01:26:56",
        "Lines": "N35",
        "Lat": 52.2326,
        "Brigade": "02"
      },
      {
        "Lon": 21.0099,
        "Time": "2017-05-14 01:27:11",
        "Lines": "N35",
        "Lat": 52.2326,
        "Brigade": "02"
      },
      {
        "Lon": 21.0099,
        "Time": "2017-05-14 01:27:26",
        "Lines": "N35",
        "Lat": 52.2326,
        "Brigade": "02"
      },
      {
        "Lon": 21.0099,
        "Time": "2017-05-14 01:27:41",
        "Lines": "N35",
        "Lat": 52.2326,
        "Brigade": "02"
      },
      {
        "Lon": 21.01,
        "Time": "2017-05-14 01:27:53",
        "Lines": "N35",
        "Lat": 52.2325,
        "Brigade": "02"
      },
      {
        "Lon": 21.0102,
        "Time": "2017-05-14 01:28:06",
        "Lines": "N35",
        "Lat": 52.2321,
        "Brigade": "02"
      },
      {
        "Lon": 21.0105,
        "Time": "2017-05-14 01:28:18",
        "Lines": "N35",
        "Lat": 52.2317,
        "Brigade": "02"
      },
      {
        "Lon": 21.0105,
        "Time": "2017-05-14 01:28:31",
        "Lines": "N35",
        "Lat": 52.2316,
        "Brigade": "02"
      },
      {
        "Lon": 21.0105,
        "Time": "2017-05-14 01:28:45",
        "Lines": "N35",
        "Lat": 52.2316,
        "Brigade": "02"
      },
      {
        "Lon": 21.0105,
        "Time": "2017-05-14 01:28:59",
        "Lines": "N35",
        "Lat": 52.2316,
        "Brigade": "02"
      },
      {
        "Lon": 21.0105,
        "Time": "2017-05-14 01:29:13",
        "Lines": "N35",
        "Lat": 52.2316,
        "Brigade": "02"
      },
      {
        "Lon": 21.0105,
        "Time": "2017-05-14 01:29:27",
        "Lines": "N35",
        "Lat": 52.2316,
        "Brigade": "02"
      },
      {
        "Lon": 21.0105,
        "Time": "2017-05-14 01:29:41",
        "Lines": "N35",
        "Lat": 52.2316,
        "Brigade": "02"
      },
      {
        "Lon": 21.0105,
        "Time": "2017-05-14 01:29:55",
        "Lines": "N35",
        "Lat": 52.2316,
        "Brigade": "02"
      },
      {
        "Lon": 21.0105,
        "Time": "2017-05-14 01:30:09",
        "Lines": "N35",
        "Lat": 52.2316,
        "Brigade": "02"
      },
      {
        "Lon": 21.0105,
        "Time": "2017-05-14 01:30:23",
        "Lines": "N35",
        "Lat": 52.2316,
        "Brigade": "02"
      },
      {
        "Lon": 21.0105,
        "Time": "2017-05-14 01:30:37",
        "Lines": "N35",
        "Lat": 52.2316,
        "Brigade": "02"
      },
      {
        "Lon": 21.0105,
        "Time": "2017-05-14 01:30:52",
        "Lines": "N35",
        "Lat": 52.2316,
        "Brigade": "02"
      },
      {
        "Lon": 21.0105,
        "Time": "2017-05-14 01:31:06",
        "Lines": "N35",
        "Lat": 52.2316,
        "Brigade": "02"
      },
      {
        "Lon": 21.0105,
        "Time": "2017-05-14 01:31:20",
        "Lines": "N35",
        "Lat": 52.2316,
        "Brigade": "02"
      },
      {
        "Lon": 21.0105,
        "Time": "2017-05-14 01:31:34",
        "Lines": "N35",
        "Lat": 52.2316,
        "Brigade": "02"
      },
      {
        "Lon": 21.0105,
        "Time": "2017-05-14 01:31:48",
        "Lines": "N35",
        "Lat": 52.2316,
        "Brigade": "02"
      },
      {
        "Lon": 21.0105,
        "Time": "2017-05-14 01:32:02",
        "Lines": "N35",
        "Lat": 52.2316,
        "Brigade": "02"
      },
      {
        "Lon": 21.0105,
        "Time": "2017-05-14 01:32:16",
        "Lines": "N35",
        "Lat": 52.2316,
        "Brigade": "02"
      },
      {
        "Lon": 21.0105,
        "Time": "2017-05-14 01:32:33",
        "Lines": "N35",
        "Lat": 52.2316,
        "Brigade": "02"
      },
      {
        "Lon": 21.0105,
        "Time": "2017-05-14 01:32:46",
        "Lines": "N35",
        "Lat": 52.2316,
        "Brigade": "02"
      },
      {
        "Lon": 21.0105,
        "Time": "2017-05-14 01:32:58",
        "Lines": "N35",
        "Lat": 52.2316,
        "Brigade": "02"
      },
      {
        "Lon": 21.0105,
        "Time": "2017-05-14 01:33:12",
        "Lines": "N35",
        "Lat": 52.2316,
        "Brigade": "02"
      },
      {
        "Lon": 21.0105,
        "Time": "2017-05-14 01:33:26",
        "Lines": "N35",
        "Lat": 52.2316,
        "Brigade": "02"
      },
      {
        "Lon": 21.0105,
        "Time": "2017-05-14 01:33:40",
        "Lines": "N35",
        "Lat": 52.2316,
        "Brigade": "02"
      },
      {
        "Lon": 21.0108,
        "Time": "2017-05-14 01:33:55",
        "Lines": "N35",
        "Lat": 52.2313,
        "Brigade": "02"
      },
      {
        "Lon": 21.0111,
        "Time": "2017-05-14 01:34:09",
        "Lines": "N35",
        "Lat": 52.2305,
        "Brigade": "02"
      },
      {
        "Lon": 21.0112,
        "Time": "2017-05-14 01:34:23",
        "Lines": "N35",
        "Lat": 52.2303,
        "Brigade": "02"
      },
      {
        "Lon": 21.0112,
        "Time": "2017-05-14 01:34:37",
        "Lines": "N35",
        "Lat": 52.2302,
        "Brigade": "02"
      },
      {
        "Lon": 21.0112,
        "Time": "2017-05-14 01:34:52",
        "Lines": "N35",
        "Lat": 52.2302,
        "Brigade": "02"
      },
      {
        "Lon": 21.0109,
        "Time": "2017-05-14 01:35:05",
        "Lines": "N35",
        "Lat": 52.2299,
        "Brigade": "02"
      },
      {
        "Lon": 21.0099,
        "Time": "2017-05-14 01:35:20",
        "Lines": "N35",
        "Lat": 52.2296,
        "Brigade": "02"
      },
      {
        "Lon": 21.0099,
        "Time": "2017-05-14 01:35:34",
        "Lines": "N35",
        "Lat": 52.2296,
        "Brigade": "02"
      },
      {
        "Lon": 21.0098,
        "Time": "2017-05-14 01:35:48",
        "Lines": "N35",
        "Lat": 52.2296,
        "Brigade": "02"
      },
      {
        "Lon": 21.0085,
        "Time": "2017-05-14 01:36:02",
        "Lines": "N35",
        "Lat": 52.2292,
        "Brigade": "02"
      },
      {
        "Lon": 21.0067,
        "Time": "2017-05-14 01:36:16",
        "Lines": "N35",
        "Lat": 52.2289,
        "Brigade": "02"
      },
      {
        "Lon": 21.0059,
        "Time": "2017-05-14 01:36:30",
        "Lines": "N35",
        "Lat": 52.2287,
        "Brigade": "02"
      },
      {
        "Lon": 21.0059,
        "Time": "2017-05-14 01:36:44",
        "Lines": "N35",
        "Lat": 52.2287,
        "Brigade": "02"
      },
      {
        "Lon": 21.0055,
        "Time": "2017-05-14 01:36:59",
        "Lines": "N35",
        "Lat": 52.2287,
        "Brigade": "02"
      },
      {
        "Lon": 21.004,
        "Time": "2017-05-14 01:37:14",
        "Lines": "N35",
        "Lat": 52.2283,
        "Brigade": "02"
      },
      {
        "Lon": 21.0033,
        "Time": "2017-05-14 01:37:28",
        "Lines": "N35",
        "Lat": 52.2282,
        "Brigade": "02"
      },
      {
        "Lon": 21.0033,
        "Time": "2017-05-14 01:37:40",
        "Lines": "N35",
        "Lat": 52.2282,
        "Brigade": "02"
      },
      {
        "Lon": 21.0024,
        "Time": "2017-05-14 01:37:55",
        "Lines": "N35",
        "Lat": 52.228,
        "Brigade": "02"
      },
      {
        "Lon": 21.001,
        "Time": "2017-05-14 01:38:07",
        "Lines": "N35",
        "Lat": 52.2276,
        "Brigade": "02"
      },
      {
        "Lon": 20.9991,
        "Time": "2017-05-14 01:38:23",
        "Lines": "N35",
        "Lat": 52.2272,
        "Brigade": "02"
      },
      {
        "Lon": 20.9966,
        "Time": "2017-05-14 01:38:35",
        "Lines": "N35",
        "Lat": 52.2267,
        "Brigade": "02"
      },
      {
        "Lon": 20.9947,
        "Time": "2017-05-14 01:38:47",
        "Lines": "N35",
        "Lat": 52.2263,
        "Brigade": "02"
      },
      {
        "Lon": 20.9934,
        "Time": "2017-05-14 01:39:02",
        "Lines": "N35",
        "Lat": 52.2261,
        "Brigade": "02"
      },
      {
        "Lon": 20.9933,
        "Time": "2017-05-14 01:39:15",
        "Lines": "N35",
        "Lat": 52.226,
        "Brigade": "02"
      },
      {
        "Lon": 20.992,
        "Time": "2017-05-14 01:39:28",
        "Lines": "N35",
        "Lat": 52.2258,
        "Brigade": "02"
      },
      {
        "Lon": 20.9898,
        "Time": "2017-05-14 01:39:42",
        "Lines": "N35",
        "Lat": 52.2253,
        "Brigade": "02"
      },
      {
        "Lon": 20.9896,
        "Time": "2017-05-14 01:39:56",
        "Lines": "N35",
        "Lat": 52.2253,
        "Brigade": "02"
      },
      {
        "Lon": 20.9896,
        "Time": "2017-05-14 01:40:10",
        "Lines": "N35",
        "Lat": 52.2252,
        "Brigade": "02"
      },
      {
        "Lon": 20.9895,
        "Time": "2017-05-14 01:40:24",
        "Lines": "N35",
        "Lat": 52.2252,
        "Brigade": "02"
      },
      {
        "Lon": 20.9887,
        "Time": "2017-05-14 01:40:40",
        "Lines": "N35",
        "Lat": 52.225,
        "Brigade": "02"
      },
      {
        "Lon": 20.9878,
        "Time": "2017-05-14 01:40:54",
        "Lines": "N35",
        "Lat": 52.2242,
        "Brigade": "02"
      },
      {
        "Lon": 20.9867,
        "Time": "2017-05-14 01:41:06",
        "Lines": "N35",
        "Lat": 52.2229,
        "Brigade": "02"
      },
      {
        "Lon": 20.9857,
        "Time": "2017-05-14 01:41:20",
        "Lines": "N35",
        "Lat": 52.2217,
        "Brigade": "02"
      },
      {
        "Lon": 20.9844,
        "Time": "2017-05-14 01:41:32",
        "Lines": "N35",
        "Lat": 52.2202,
        "Brigade": "02"
      },
      {
        "Lon": 20.9835,
        "Time": "2017-05-14 01:41:44",
        "Lines": "N35",
        "Lat": 52.2193,
        "Brigade": "02"
      },
      {
        "Lon": 20.9835,
        "Time": "2017-05-14 01:41:56",
        "Lines": "N35",
        "Lat": 52.2193,
        "Brigade": "02"
      },
      {
        "Lon": 20.9835,
        "Time": "2017-05-14 01:42:09",
        "Lines": "N35",
        "Lat": 52.2193,
        "Brigade": "02"
      },
      {
        "Lon": 20.9833,
        "Time": "2017-05-14 01:42:23",
        "Lines": "N35",
        "Lat": 52.219,
        "Brigade": "02"
      },
      {
        "Lon": 20.9832,
        "Time": "2017-05-14 01:42:36",
        "Lines": "N35",
        "Lat": 52.2189,
        "Brigade": "02"
      },
      {
        "Lon": 20.9824,
        "Time": "2017-05-14 01:42:51",
        "Lines": "N35",
        "Lat": 52.2181,
        "Brigade": "02"
      },
      {
        "Lon": 20.9813,
        "Time": "2017-05-14 01:43:04",
        "Lines": "N35",
        "Lat": 52.2168,
        "Brigade": "02"
      },
      {
        "Lon": 20.9807,
        "Time": "2017-05-14 01:43:19",
        "Lines": "N35",
        "Lat": 52.2165,
        "Brigade": "02"
      },
      {
        "Lon": 20.9797,
        "Time": "2017-05-14 01:43:33",
        "Lines": "N35",
        "Lat": 52.2169,
        "Brigade": "02"
      },
      {
        "Lon": 20.9797,
        "Time": "2017-05-14 01:43:49",
        "Lines": "N35",
        "Lat": 52.2169,
        "Brigade": "02"
      },
      {
        "Lon": 20.9786,
        "Time": "2017-05-14 01:44:02",
        "Lines": "N35",
        "Lat": 52.2173,
        "Brigade": "02"
      },
      {
        "Lon": 20.9767,
        "Time": "2017-05-14 01:44:17",
        "Lines": "N35",
        "Lat": 52.2179,
        "Brigade": "02"
      },
      {
        "Lon": 20.9764,
        "Time": "2017-05-14 01:44:31",
        "Lines": "N35",
        "Lat": 52.218,
        "Brigade": "02"
      },
      {
        "Lon": 20.9758,
        "Time": "2017-05-14 01:44:44",
        "Lines": "N35",
        "Lat": 52.2182,
        "Brigade": "02"
      },
      {
        "Lon": 20.974,
        "Time": "2017-05-14 01:44:58",
        "Lines": "N35",
        "Lat": 52.2188,
        "Brigade": "02"
      },
      {
        "Lon": 20.9717,
        "Time": "2017-05-14 01:45:13",
        "Lines": "N35",
        "Lat": 52.2196,
        "Brigade": "02"
      },
      {
        "Lon": 20.9697,
        "Time": "2017-05-14 01:45:27",
        "Lines": "N35",
        "Lat": 52.2195,
        "Brigade": "02"
      },
      {
        "Lon": 20.9675,
        "Time": "2017-05-14 01:45:41",
        "Lines": "N35",
        "Lat": 52.2186,
        "Brigade": "02"
      },
      {
        "Lon": 20.9661,
        "Time": "2017-05-14 01:45:54",
        "Lines": "N35",
        "Lat": 52.2181,
        "Brigade": "02"
      },
      {
        "Lon": 20.9659,
        "Time": "2017-05-14 01:46:08",
        "Lines": "N35",
        "Lat": 52.2181,
        "Brigade": "02"
      },
      {
        "Lon": 20.9648,
        "Time": "2017-05-14 01:46:23",
        "Lines": "N35",
        "Lat": 52.2177,
        "Brigade": "02"
      },
      {
        "Lon": 20.9632,
        "Time": "2017-05-14 01:46:39",
        "Lines": "N35",
        "Lat": 52.2172,
        "Brigade": "02"
      },
      {
        "Lon": 20.9633,
        "Time": "2017-05-14 01:46:52",
        "Lines": "N35",
        "Lat": 52.2172,
        "Brigade": "02"
      },
      {
        "Lon": 20.9629,
        "Time": "2017-05-14 01:47:07",
        "Lines": "N35",
        "Lat": 52.2171,
        "Brigade": "02"
      },
      {
        "Lon": 20.9611,
        "Time": "2017-05-14 01:47:21",
        "Lines": "N35",
        "Lat": 52.2167,
        "Brigade": "02"
      },
      {
        "Lon": 20.9594,
        "Time": "2017-05-14 01:47:35",
        "Lines": "N35",
        "Lat": 52.2161,
        "Brigade": "02"
      },
      {
        "Lon": 20.9593,
        "Time": "2017-05-14 01:47:49",
        "Lines": "N35",
        "Lat": 52.2161,
        "Brigade": "02"
      },
      {
        "Lon": 20.959,
        "Time": "2017-05-14 01:48:03",
        "Lines": "N35",
        "Lat": 52.216,
        "Brigade": "02"
      },
      {
        "Lon": 20.9575,
        "Time": "2017-05-14 01:48:17",
        "Lines": "N35",
        "Lat": 52.2154,
        "Brigade": "02"
      },
      {
        "Lon": 20.9555,
        "Time": "2017-05-14 01:48:31",
        "Lines": "N35",
        "Lat": 52.2142,
        "Brigade": "02"
      },
      {
        "Lon": 20.9534,
        "Time": "2017-05-14 01:48:46",
        "Lines": "N35",
        "Lat": 52.2129,
        "Brigade": "02"
      },
      {
        "Lon": 20.9519,
        "Time": "2017-05-14 01:48:58",
        "Lines": "N35",
        "Lat": 52.2119,
        "Brigade": "02"
      },
      {
        "Lon": 20.9518,
        "Time": "2017-05-14 01:49:13",
        "Lines": "N35",
        "Lat": 52.2119,
        "Brigade": "02"
      },
      {
        "Lon": 20.9511,
        "Time": "2017-05-14 01:49:28",
        "Lines": "N35",
        "Lat": 52.2114,
        "Brigade": "02"
      },
      {
        "Lon": 20.9496,
        "Time": "2017-05-14 01:49:43",
        "Lines": "N35",
        "Lat": 52.2104,
        "Brigade": "02"
      },
      {
        "Lon": 20.9483,
        "Time": "2017-05-14 01:49:57",
        "Lines": "N35",
        "Lat": 52.2096,
        "Brigade": "02"
      },
      {
        "Lon": 20.9483,
        "Time": "2017-05-14 01:50:10",
        "Lines": "N35",
        "Lat": 52.2096,
        "Brigade": "02"
      },
      {
        "Lon": 20.9479,
        "Time": "2017-05-14 01:50:23",
        "Lines": "N35",
        "Lat": 52.2093,
        "Brigade": "02"
      },
      {
        "Lon": 20.9466,
        "Time": "2017-05-14 01:50:37",
        "Lines": "N35",
        "Lat": 52.2084,
        "Brigade": "02"
      },
      {
        "Lon": 20.9448,
        "Time": "2017-05-14 01:50:52",
        "Lines": "N35",
        "Lat": 52.2071,
        "Brigade": "02"
      },
      {
        "Lon": 20.943,
        "Time": "2017-05-14 01:51:04",
        "Lines": "N35",
        "Lat": 52.206,
        "Brigade": "02"
      },
      {
        "Lon": 20.9428,
        "Time": "2017-05-14 01:51:17",
        "Lines": "N35",
        "Lat": 52.2059,
        "Brigade": "02"
      },
      {
        "Lon": 20.9428,
        "Time": "2017-05-14 01:51:30",
        "Lines": "N35",
        "Lat": 52.2059,
        "Brigade": "02"
      },
      {
        "Lon": 20.9427,
        "Time": "2017-05-14 01:51:42",
        "Lines": "N35",
        "Lat": 52.2058,
        "Brigade": "02"
      },
      {
        "Lon": 20.9419,
        "Time": "2017-05-14 01:51:55",
        "Lines": "N35",
        "Lat": 52.2053,
        "Brigade": "02"
      },
      {
        "Lon": 20.9407,
        "Time": "2017-05-14 01:52:07",
        "Lines": "N35",
        "Lat": 52.2044,
        "Brigade": "02"
      },
      {
        "Lon": 20.9391,
        "Time": "2017-05-14 01:52:23",
        "Lines": "N35",
        "Lat": 52.2034,
        "Brigade": "02"
      },
      {
        "Lon": 20.9373,
        "Time": "2017-05-14 01:52:38",
        "Lines": "N35",
        "Lat": 52.2022,
        "Brigade": "02"
      },
      {
        "Lon": 20.9363,
        "Time": "2017-05-14 01:52:51",
        "Lines": "N35",
        "Lat": 52.2015,
        "Brigade": "02"
      },
      {
        "Lon": 20.9363,
        "Time": "2017-05-14 01:53:07",
        "Lines": "N35",
        "Lat": 52.2015,
        "Brigade": "02"
      },
      {
        "Lon": 20.9362,
        "Time": "2017-05-14 01:53:19",
        "Lines": "N35",
        "Lat": 52.2015,
        "Brigade": "02"
      },
      {
        "Lon": 20.9354,
        "Time": "2017-05-14 01:53:35",
        "Lines": "N35",
        "Lat": 52.201,
        "Brigade": "02"
      },
      {
        "Lon": 20.9351,
        "Time": "2017-05-14 01:53:50",
        "Lines": "N35",
        "Lat": 52.2007,
        "Brigade": "02"
      },
      {
        "Lon": 20.9347,
        "Time": "2017-05-14 01:54:04",
        "Lines": "N35",
        "Lat": 52.2005,
        "Brigade": "02"
      },
      {
        "Lon": 20.9332,
        "Time": "2017-05-14 01:54:16",
        "Lines": "N35",
        "Lat": 52.1994,
        "Brigade": "02"
      },
      {
        "Lon": 20.9317,
        "Time": "2017-05-14 01:54:32",
        "Lines": "N35",
        "Lat": 52.1984,
        "Brigade": "02"
      },
      {
        "Lon": 20.9297,
        "Time": "2017-05-14 01:54:45",
        "Lines": "N35",
        "Lat": 52.1972,
        "Brigade": "02"
      },
      {
        "Lon": 20.9283,
        "Time": "2017-05-14 01:55:00",
        "Lines": "N35",
        "Lat": 52.1962,
        "Brigade": "02"
      },
      {
        "Lon": 20.9268,
        "Time": "2017-05-14 01:55:15",
        "Lines": "N35",
        "Lat": 52.1962,
        "Brigade": "02"
      },
      {
        "Lon": 20.9247,
        "Time": "2017-05-14 01:55:30",
        "Lines": "N35",
        "Lat": 52.1967,
        "Brigade": "02"
      },
      {
        "Lon": 20.9235,
        "Time": "2017-05-14 01:55:42",
        "Lines": "N35",
        "Lat": 52.1973,
        "Brigade": "02"
      },
      {
        "Lon": 20.9235,
        "Time": "2017-05-14 01:55:59",
        "Lines": "N35",
        "Lat": 52.1973,
        "Brigade": "02"
      },
      {
        "Lon": 20.9222,
        "Time": "2017-05-14 01:56:10",
        "Lines": "N35",
        "Lat": 52.1977,
        "Brigade": "02"
      },
      {
        "Lon": 20.9203,
        "Time": "2017-05-14 01:56:26",
        "Lines": "N35",
        "Lat": 52.1982,
        "Brigade": "02"
      },
      {
        "Lon": 20.9184,
        "Time": "2017-05-14 01:56:41",
        "Lines": "N35",
        "Lat": 52.1986,
        "Brigade": "02"
      },
      {
        "Lon": 20.9182,
        "Time": "2017-05-14 01:56:55",
        "Lines": "N35",
        "Lat": 52.1987,
        "Brigade": "02"
      },
      {
        "Lon": 20.9166,
        "Time": "2017-05-14 01:57:09",
        "Lines": "N35",
        "Lat": 52.1991,
        "Brigade": "02"
      },
      {
        "Lon": 20.9146,
        "Time": "2017-05-14 01:57:24",
        "Lines": "N35",
        "Lat": 52.1997,
        "Brigade": "02"
      },
      {
        "Lon": 20.9141,
        "Time": "2017-05-14 01:57:37",
        "Lines": "N35",
        "Lat": 52.1997,
        "Brigade": "02"
      },
      {
        "Lon": 20.9135,
        "Time": "2017-05-14 01:57:52",
        "Lines": "N35",
        "Lat": 52.1991,
        "Brigade": "02"
      },
      {
        "Lon": 20.9135,
        "Time": "2017-05-14 01:58:06",
        "Lines": "N35",
        "Lat": 52.1992,
        "Brigade": "02"
      },
      {
        "Lon": 20.913,
        "Time": "2017-05-14 01:58:20",
        "Lines": "N35",
        "Lat": 52.1985,
        "Brigade": "02"
      },
      {
        "Lon": 20.9119,
        "Time": "2017-05-14 01:58:34",
        "Lines": "N35",
        "Lat": 52.1973,
        "Brigade": "02"
      },
      {
        "Lon": 20.9108,
        "Time": "2017-05-14 01:58:48",
        "Lines": "N35",
        "Lat": 52.196,
        "Brigade": "02"
      },
      {
        "Lon": 20.9099,
        "Time": "2017-05-14 01:59:02",
        "Lines": "N35",
        "Lat": 52.1948,
        "Brigade": "02"
      },
      {
        "Lon": 20.9092,
        "Time": "2017-05-14 01:59:14",
        "Lines": "N35",
        "Lat": 52.1936,
        "Brigade": "02"
      },
      {
        "Lon": 20.9084,
        "Time": "2017-05-14 01:59:29",
        "Lines": "N35",
        "Lat": 52.1925,
        "Brigade": "02"
      },
      {
        "Lon": 20.9074,
        "Time": "2017-05-14 01:59:41",
        "Lines": "N35",
        "Lat": 52.1925,
        "Brigade": "02"
      },
      {
        "Lon": 20.907,
        "Time": "2017-05-14 01:59:57",
        "Lines": "N35",
        "Lat": 52.1926,
        "Brigade": "02"
      },
      {
        "Lon": 20.9065,
        "Time": "2017-05-14 02:00:12",
        "Lines": "N35",
        "Lat": 52.1927,
        "Brigade": "02"
      },
      {
        "Lon": 20.9015,
        "Time": "2017-05-14 02:01:10",
        "Lines": "N35",
        "Lat": 52.1943,
        "Brigade": "02"
      },
      {
        "Lon": 20.8999,
        "Time": "2017-05-14 02:01:24",
        "Lines": "N35",
        "Lat": 52.1949,
        "Brigade": "02"
      },
      {
        "Lon": 20.8981,
        "Time": "2017-05-14 02:01:37",
        "Lines": "N35",
        "Lat": 52.1956,
        "Brigade": "02"
      },
      {
        "Lon": 20.8978,
        "Time": "2017-05-14 02:01:51",
        "Lines": "N35",
        "Lat": 52.1957,
        "Brigade": "02"
      },
      {
        "Lon": 20.8977,
        "Time": "2017-05-14 02:02:06",
        "Lines": "N35",
        "Lat": 52.1958,
        "Brigade": "02"
      },
      {
        "Lon": 20.897,
        "Time": "2017-05-14 02:02:20",
        "Lines": "N35",
        "Lat": 52.196,
        "Brigade": "02"
      },
      {
        "Lon": 20.8969,
        "Time": "2017-05-14 02:02:34",
        "Lines": "N35",
        "Lat": 52.196,
        "Brigade": "02"
      },
      {
        "Lon": 20.8964,
        "Time": "2017-05-14 02:02:48",
        "Lines": "N35",
        "Lat": 52.1955,
        "Brigade": "02"
      },
      {
        "Lon": 20.8951,
        "Time": "2017-05-14 02:03:44",
        "Lines": "N35",
        "Lat": 52.1931,
        "Brigade": "02"
      },
      {
        "Lon": 20.8941,
        "Time": "2017-05-14 02:03:58",
        "Lines": "N35",
        "Lat": 52.1921,
        "Brigade": "02"
      },
      {
        "Lon": 20.8929,
        "Time": "2017-05-14 02:04:13",
        "Lines": "N35",
        "Lat": 52.191,
        "Brigade": "02"
      },
      {
        "Lon": 20.8919,
        "Time": "2017-05-14 02:04:26",
        "Lines": "N35",
        "Lat": 52.1907,
        "Brigade": "02"
      },
      {
        "Lon": 20.8919,
        "Time": "2017-05-14 02:04:40",
        "Lines": "N35",
        "Lat": 52.1906,
        "Brigade": "02"
      },
      {
        "Lon": 20.8908,
        "Time": "2017-05-14 02:04:55",
        "Lines": "N35",
        "Lat": 52.1903,
        "Brigade": "02"
      },
      {
        "Lon": 20.8894,
        "Time": "2017-05-14 02:05:09",
        "Lines": "N35",
        "Lat": 52.19,
        "Brigade": "02"
      },
      {
        "Lon": 20.8882,
        "Time": "2017-05-14 02:05:23",
        "Lines": "N35",
        "Lat": 52.1898,
        "Brigade": "02"
      },
      {
        "Lon": 20.8867,
        "Time": "2017-05-14 02:05:37",
        "Lines": "N35",
        "Lat": 52.1897,
        "Brigade": "02"
      },
      {
        "Lon": 20.8867,
        "Time": "2017-05-14 02:05:51",
        "Lines": "N35",
        "Lat": 52.1897,
        "Brigade": "02"
      },
      {
        "Lon": 20.8861,
        "Time": "2017-05-14 02:06:06",
        "Lines": "N35",
        "Lat": 52.1896,
        "Brigade": "02"
      },
      {
        "Lon": 20.8844,
        "Time": "2017-05-14 02:06:19",
        "Lines": "N35",
        "Lat": 52.1894,
        "Brigade": "02"
      },
      {
        "Lon": 20.8838,
        "Time": "2017-05-14 02:06:34",
        "Lines": "N35",
        "Lat": 52.1893,
        "Brigade": "02"
      },
      {
        "Lon": 20.8827,
        "Time": "2017-05-14 02:06:48",
        "Lines": "N35",
        "Lat": 52.1892,
        "Brigade": "02"
      },
      {
        "Lon": 20.8825,
        "Time": "2017-05-14 02:07:03",
        "Lines": "N35",
        "Lat": 52.1892,
        "Brigade": "02"
      },
      {
        "Lon": 20.8804,
        "Time": "2017-05-14 02:07:17",
        "Lines": "N35",
        "Lat": 52.1891,
        "Brigade": "02"
      },
      {
        "Lon": 20.8781,
        "Time": "2017-05-14 02:07:31",
        "Lines": "N35",
        "Lat": 52.189,
        "Brigade": "02"
      },
      {
        "Lon": 20.8763,
        "Time": "2017-05-14 02:07:45",
        "Lines": "N35",
        "Lat": 52.189,
        "Brigade": "02"
      },
      {
        "Lon": 20.8763,
        "Time": "2017-05-14 02:08:01",
        "Lines": "N35",
        "Lat": 52.189,
        "Brigade": "02"
      },
      {
        "Lon": 20.8751,
        "Time": "2017-05-14 02:08:16",
        "Lines": "N35",
        "Lat": 52.1892,
        "Brigade": "02"
      },
      {
        "Lon": 20.8758,
        "Time": "2017-05-14 02:08:29",
        "Lines": "N35",
        "Lat": 52.1899,
        "Brigade": "02"
      },
      {
        "Lon": 20.877,
        "Time": "2017-05-14 02:08:48",
        "Lines": "N35",
        "Lat": 52.191,
        "Brigade": "02"
      },
      {
        "Lon": 20.8788,
        "Time": "2017-05-14 02:09:02",
        "Lines": "N35",
        "Lat": 52.1925,
        "Brigade": "02"
      },
      {
        "Lon": 20.8803,
        "Time": "2017-05-14 02:09:16",
        "Lines": "N35",
        "Lat": 52.1939,
        "Brigade": "02"
      },
      {
        "Lon": 20.8819,
        "Time": "2017-05-14 02:09:31",
        "Lines": "N35",
        "Lat": 52.1949,
        "Brigade": "02"
      },
      {
        "Lon": 20.8829,
        "Time": "2017-05-14 02:09:45",
        "Lines": "N35",
        "Lat": 52.1947,
        "Brigade": "02"
      },
      {
        "Lon": 20.8832,
        "Time": "2017-05-14 02:09:59",
        "Lines": "N35",
        "Lat": 52.1945,
        "Brigade": "02"
      },
      {
        "Lon": 20.8838,
        "Time": "2017-05-14 02:10:13",
        "Lines": "N35",
        "Lat": 52.1942,
        "Brigade": "02"
      },
      {
        "Lon": 20.8842,
        "Time": "2017-05-14 02:10:27",
        "Lines": "N35",
        "Lat": 52.1942,
        "Brigade": "02"
      },
      {
        "Lon": 20.8849,
        "Time": "2017-05-14 02:10:41",
        "Lines": "N35",
        "Lat": 52.1946,
        "Brigade": "02"
      },
      {
        "Lon": 20.8844,
        "Time": "2017-05-14 02:10:55",
        "Lines": "N35",
        "Lat": 52.1951,
        "Brigade": "02"
      },
      {
        "Lon": 20.8834,
        "Time": "2017-05-14 02:11:09",
        "Lines": "N35",
        "Lat": 52.1963,
        "Brigade": "02"
      },
      {
        "Lon": 20.8826,
        "Time": "2017-05-14 02:11:24",
        "Lines": "N35",
        "Lat": 52.1976,
        "Brigade": "02"
      },
      {
        "Lon": 20.8821,
        "Time": "2017-05-14 02:11:38",
        "Lines": "N35",
        "Lat": 52.1978,
        "Brigade": "02"
      },
      {
        "Lon": 20.8809,
        "Time": "2017-05-14 02:11:52",
        "Lines": "N35",
        "Lat": 52.1976,
        "Brigade": "02"
      },
      {
        "Lon": 20.8797,
        "Time": "2017-05-14 02:12:06",
        "Lines": "N35",
        "Lat": 52.1975,
        "Brigade": "02"
      },
      {
        "Lon": 20.8789,
        "Time": "2017-05-14 02:12:20",
        "Lines": "N35",
        "Lat": 52.1977,
        "Brigade": "02"
      },
      {
        "Lon": 20.8788,
        "Time": "2017-05-14 02:12:34",
        "Lines": "N35",
        "Lat": 52.1977,
        "Brigade": "02"
      },
      {
        "Lon": 20.8777,
        "Time": "2017-05-14 02:12:50",
        "Lines": "N35",
        "Lat": 52.198,
        "Brigade": "02"
      },
      {
        "Lon": 20.8753,
        "Time": "2017-05-14 02:13:03",
        "Lines": "N35",
        "Lat": 52.1987,
        "Brigade": "02"
      },
      {
        "Lon": 20.873,
        "Time": "2017-05-14 02:13:17",
        "Lines": "N35",
        "Lat": 52.1988,
        "Brigade": "02"
      },
      {
        "Lon": 20.8709,
        "Time": "2017-05-14 02:13:32",
        "Lines": "N35",
        "Lat": 52.1984,
        "Brigade": "02"
      },
      {
        "Lon": 20.8691,
        "Time": "2017-05-14 02:13:45",
        "Lines": "N35",
        "Lat": 52.198,
        "Brigade": "02"
      },
      {
        "Lon": 20.8688,
        "Time": "2017-05-14 02:13:59",
        "Lines": "N35",
        "Lat": 52.1979,
        "Brigade": "02"
      },
      {
        "Lon": 20.868,
        "Time": "2017-05-14 02:14:14",
        "Lines": "N35",
        "Lat": 52.1975,
        "Brigade": "02"
      },
      {
        "Lon": 20.8668,
        "Time": "2017-05-14 02:14:28",
        "Lines": "N35",
        "Lat": 52.1969,
        "Brigade": "02"
      },
      {
        "Lon": 20.8659,
        "Time": "2017-05-14 02:14:42",
        "Lines": "N35",
        "Lat": 52.1966,
        "Brigade": "02"
      },
      {
        "Lon": 20.8644,
        "Time": "2017-05-14 02:14:57",
        "Lines": "N35",
        "Lat": 52.1958,
        "Brigade": "02"
      },
      {
        "Lon": 20.8627,
        "Time": "2017-05-14 02:15:10",
        "Lines": "N35",
        "Lat": 52.1951,
        "Brigade": "02"
      },
      {
        "Lon": 20.8625,
        "Time": "2017-05-14 02:15:24",
        "Lines": "N35",
        "Lat": 52.195,
        "Brigade": "02"
      },
      {
        "Lon": 20.8619,
        "Time": "2017-05-14 02:15:38",
        "Lines": "N35",
        "Lat": 52.1947,
        "Brigade": "02"
      },
      {
        "Lon": 20.8604,
        "Time": "2017-05-14 02:15:53",
        "Lines": "N35",
        "Lat": 52.194,
        "Brigade": "02"
      },
      {
        "Lon": 20.8603,
        "Time": "2017-05-14 02:16:07",
        "Lines": "N35",
        "Lat": 52.194,
        "Brigade": "02"
      },
      {
        "Lon": 20.8596,
        "Time": "2017-05-14 02:16:21",
        "Lines": "N35",
        "Lat": 52.1936,
        "Brigade": "02"
      },
      {
        "Lon": 20.8601,
        "Time": "2017-05-14 02:16:35",
        "Lines": "N35",
        "Lat": 52.193,
        "Brigade": "02"
      },
      {
        "Lon": 20.8612,
        "Time": "2017-05-14 02:16:49",
        "Lines": "N35",
        "Lat": 52.1918,
        "Brigade": "02"
      },
      {
        "Lon": 20.8617,
        "Time": "2017-05-14 02:17:03",
        "Lines": "N35",
        "Lat": 52.1911,
        "Brigade": "02"
      },
      {
        "Lon": 20.8627,
        "Time": "2017-05-14 02:17:17",
        "Lines": "N35",
        "Lat": 52.1906,
        "Brigade": "02"
      },
      {
        "Lon": 20.8647,
        "Time": "2017-05-14 02:17:32",
        "Lines": "N35",
        "Lat": 52.1909,
        "Brigade": "02"
      },
      {
        "Lon": 20.8656,
        "Time": "2017-05-14 02:17:46",
        "Lines": "N35",
        "Lat": 52.191,
        "Brigade": "02"
      },
      {
        "Lon": 20.8687,
        "Time": "2017-05-14 02:18:56",
        "Lines": "N35",
        "Lat": 52.1923,
        "Brigade": "02"
      },
      {
        "Lon": 20.8687,
        "Time": "2017-05-14 02:19:11",
        "Lines": "N35",
        "Lat": 52.1923,
        "Brigade": "02"
      },
      {
        "Lon": 20.8687,
        "Time": "2017-05-14 02:19:25",
        "Lines": "N35",
        "Lat": 52.1923,
        "Brigade": "02"
      },
      {
        "Lon": 20.8686,
        "Time": "2017-05-14 02:19:39",
        "Lines": "N35",
        "Lat": 52.1923,
        "Brigade": "02"
      },
      {
        "Lon": 20.8683,
        "Time": "2017-05-14 02:19:53",
        "Lines": "N35",
        "Lat": 52.193,
        "Brigade": "02"
      },
      {
        "Lon": 20.8679,
        "Time": "2017-05-14 02:20:07",
        "Lines": "N35",
        "Lat": 52.194,
        "Brigade": "02"
      },
      {
        "Lon": 20.8684,
        "Time": "2017-05-14 02:20:21",
        "Lines": "N35",
        "Lat": 52.1945,
        "Brigade": "02"
      },
      {
        "Lon": 20.8702,
        "Time": "2017-05-14 02:20:36",
        "Lines": "N35",
        "Lat": 52.1947,
        "Brigade": "02"
      },
      {
        "Lon": 20.8721,
        "Time": "2017-05-14 02:20:50",
        "Lines": "N35",
        "Lat": 52.195,
        "Brigade": "02"
      },
      {
        "Lon": 20.8741,
        "Time": "2017-05-14 02:21:04",
        "Lines": "N35",
        "Lat": 52.1953,
        "Brigade": "02"
      },
      {
        "Lon": 20.8761,
        "Time": "2017-05-14 02:21:18",
        "Lines": "N35",
        "Lat": 52.1955,
        "Brigade": "02"
      },
      {
        "Lon": 20.9218,
        "Time": "2017-05-14 02:36:24",
        "Lines": "N35",
        "Lat": 52.1969,
        "Brigade": "02"
      },
      {
        "Lon": 20.9218,
        "Time": "2017-05-14 02:36:38",
        "Lines": "N35",
        "Lat": 52.1969,
        "Brigade": "02"
      },
      {
        "Lon": 20.9218,
        "Time": "2017-05-14 02:36:52",
        "Lines": "N35",
        "Lat": 52.1969,
        "Brigade": "02"
      }
    ]
  }
]
