[
  {
    "res": [
      {
        "Lon": 21.009,
        "Time": "2017-05-14 01:21:15",
        "Lines": "N36",
        "Lat": 52.189,
        "Brigade": "077"
      },
      {
        "Lon": 21.0119,
        "Time": "2017-05-14 01:21:31",
        "Lines": "N36",
        "Lat": 52.189,
        "Brigade": "077"
      },
      {
        "Lon": 21.013,
        "Time": "2017-05-14 01:21:46",
        "Lines": "N36",
        "Lat": 52.189,
        "Brigade": "077"
      },
      {
        "Lon": 21.0144,
        "Time": "2017-05-14 01:22:02",
        "Lines": "N36",
        "Lat": 52.1891,
        "Brigade": "077"
      },
      {
        "Lon": 21.0163,
        "Time": "2017-05-14 01:22:20",
        "Lines": "N36",
        "Lat": 52.1891,
        "Brigade": "077"
      },
      {
        "Lon": 21.0165,
        "Time": "2017-05-14 01:22:36",
        "Lines": "N36",
        "Lat": 52.1891,
        "Brigade": "077"
      },
      {
        "Lon": 21.0168,
        "Time": "2017-05-14 01:22:51",
        "Lines": "N36",
        "Lat": 52.1891,
        "Brigade": "077"
      },
      {
        "Lon": 21.017,
        "Time": "2017-05-14 01:23:07",
        "Lines": "N36",
        "Lat": 52.1895,
        "Brigade": "077"
      },
      {
        "Lon": 21.0163,
        "Time": "2017-05-14 01:23:23",
        "Lines": "N36",
        "Lat": 52.1907,
        "Brigade": "077"
      },
      {
        "Lon": 21.0132,
        "Time": "2017-05-14 01:24:26",
        "Lines": "N36",
        "Lat": 52.1973,
        "Brigade": "077"
      },
      {
        "Lon": 21.0122,
        "Time": "2017-05-14 01:24:42",
        "Lines": "N36",
        "Lat": 52.1992,
        "Brigade": "077"
      },
      {
        "Lon": 21.0114,
        "Time": "2017-05-14 01:24:58",
        "Lines": "N36",
        "Lat": 52.2008,
        "Brigade": "077"
      },
      {
        "Lon": 21.0106,
        "Time": "2017-05-14 01:25:14",
        "Lines": "N36",
        "Lat": 52.2024,
        "Brigade": "077"
      },
      {
        "Lon": 21.0099,
        "Time": "2017-05-14 01:25:30",
        "Lines": "N36",
        "Lat": 52.2039,
        "Brigade": "077"
      },
      {
        "Lon": 21.0092,
        "Time": "2017-05-14 01:25:45",
        "Lines": "N36",
        "Lat": 52.2054,
        "Brigade": "077"
      },
      {
        "Lon": 21.0086,
        "Time": "2017-05-14 01:26:02",
        "Lines": "N36",
        "Lat": 52.2068,
        "Brigade": "077"
      },
      {
        "Lon": 21.0082,
        "Time": "2017-05-14 01:26:17",
        "Lines": "N36",
        "Lat": 52.2082,
        "Brigade": "077"
      },
      {
        "Lon": 21.0077,
        "Time": "2017-05-14 01:26:33",
        "Lines": "N36",
        "Lat": 52.2095,
        "Brigade": "077"
      },
      {
        "Lon": 21.0072,
        "Time": "2017-05-14 01:26:50",
        "Lines": "N36",
        "Lat": 52.2109,
        "Brigade": "077"
      },
      {
        "Lon": 21.0068,
        "Time": "2017-05-14 01:27:06",
        "Lines": "N36",
        "Lat": 52.2121,
        "Brigade": "077"
      },
      {
        "Lon": 21.0064,
        "Time": "2017-05-14 01:27:24",
        "Lines": "N36",
        "Lat": 52.2137,
        "Brigade": "077"
      },
      {
        "Lon": 21.0052,
        "Time": "2017-05-14 01:28:58",
        "Lines": "N36",
        "Lat": 52.2179,
        "Brigade": "077"
      },
      {
        "Lon": 21.0051,
        "Time": "2017-05-14 01:29:14",
        "Lines": "N36",
        "Lat": 52.2195,
        "Brigade": "077"
      },
      {
        "Lon": 21.005,
        "Time": "2017-05-14 01:29:30",
        "Lines": "N36",
        "Lat": 52.2209,
        "Brigade": "077"
      },
      {
        "Lon": 21.005,
        "Time": "2017-05-14 01:29:46",
        "Lines": "N36",
        "Lat": 52.2222,
        "Brigade": "077"
      },
      {
        "Lon": 21.0039,
        "Time": "2017-05-14 01:30:17",
        "Lines": "N36",
        "Lat": 52.2247,
        "Brigade": "077"
      },
      {
        "Lon": 21.0032,
        "Time": "2017-05-14 01:30:33",
        "Lines": "N36",
        "Lat": 52.2261,
        "Brigade": "077"
      },
      {
        "Lon": 21.0023,
        "Time": "2017-05-14 01:31:20",
        "Lines": "N36",
        "Lat": 52.2279,
        "Brigade": "077"
      },
      {
        "Lon": 21.0021,
        "Time": "2017-05-14 01:31:36",
        "Lines": "N36",
        "Lat": 52.2281,
        "Brigade": "077"
      },
      {
        "Lon": 21.002,
        "Time": "2017-05-14 01:31:53",
        "Lines": "N36",
        "Lat": 52.229,
        "Brigade": "077"
      },
      {
        "Lon": 21.0024,
        "Time": "2017-05-14 01:32:09",
        "Lines": "N36",
        "Lat": 52.2291,
        "Brigade": "077"
      },
      {
        "Lon": 21.0033,
        "Time": "2017-05-14 01:32:24",
        "Lines": "N36",
        "Lat": 52.2292,
        "Brigade": "077"
      },
      {
        "Lon": 21.0046,
        "Time": "2017-05-14 01:32:41",
        "Lines": "N36",
        "Lat": 52.2295,
        "Brigade": "077"
      },
      {
        "Lon": 21.0046,
        "Time": "2017-05-14 01:32:57",
        "Lines": "N36",
        "Lat": 52.2304,
        "Brigade": "077"
      },
      {
        "Lon": 21.0038,
        "Time": "2017-05-14 01:33:12",
        "Lines": "N36",
        "Lat": 52.2317,
        "Brigade": "077"
      },
      {
        "Lon": 21.0044,
        "Time": "2017-05-14 01:34:34",
        "Lines": "N36",
        "Lat": 52.2301,
        "Brigade": "077"
      },
      {
        "Lon": 21.0044,
        "Time": "2017-05-14 01:34:49",
        "Lines": "N36",
        "Lat": 52.2301,
        "Brigade": "077"
      },
      {
        "Lon": 21.0046,
        "Time": "2017-05-14 01:35:05",
        "Lines": "N36",
        "Lat": 52.2299,
        "Brigade": "077"
      }
    ]
  }
]
