[
  {
    "res": [
      {
        "Lon": 21.0035,
        "Time": "2017-05-14 02:46:18",
        "Lines": "N37",
        "Lat": 52.2297,
        "Brigade": "246"
      },
      {
        "Lon": 21.0037,
        "Time": "2017-05-14 02:46:25",
        "Lines": "N37",
        "Lat": 52.2297,
        "Brigade": "246"
      },
      {
        "Lon": 21.0048,
        "Time": "2017-05-14 02:46:40",
        "Lines": "N37",
        "Lat": 52.2295,
        "Brigade": "246"
      },
      {
        "Lon": 21.0049,
        "Time": "2017-05-14 02:46:50",
        "Lines": "N37",
        "Lat": 52.2292,
        "Brigade": "246"
      },
      {
        "Lon": 21.0052,
        "Time": "2017-05-14 02:47:00",
        "Lines": "N37",
        "Lat": 52.2289,
        "Brigade": "246"
      },
      {
        "Lon": 21.0058,
        "Time": "2017-05-14 02:47:10",
        "Lines": "N37",
        "Lat": 52.2285,
        "Brigade": "246"
      },
      {
        "Lon": 21.0073,
        "Time": "2017-05-14 02:47:20",
        "Lines": "N37",
        "Lat": 52.2289,
        "Brigade": "246"
      },
      {
        "Lon": 21.0093,
        "Time": "2017-05-14 02:47:30",
        "Lines": "N37",
        "Lat": 52.2293,
        "Brigade": "246"
      },
      {
        "Lon": 21.0112,
        "Time": "2017-05-14 02:47:45",
        "Lines": "N37",
        "Lat": 52.2295,
        "Brigade": "246"
      },
      {
        "Lon": 21.012,
        "Time": "2017-05-14 02:48:03",
        "Lines": "N37",
        "Lat": 52.2289,
        "Brigade": "246"
      },
      {
        "Lon": 21.0121,
        "Time": "2017-05-14 02:48:15",
        "Lines": "N37",
        "Lat": 52.2289,
        "Brigade": "246"
      },
      {
        "Lon": 21.0126,
        "Time": "2017-05-14 02:48:30",
        "Lines": "N37",
        "Lat": 52.2282,
        "Brigade": "246"
      },
      {
        "Lon": 21.0131,
        "Time": "2017-05-14 02:48:40",
        "Lines": "N37",
        "Lat": 52.2274,
        "Brigade": "246"
      },
      {
        "Lon": 21.0132,
        "Time": "2017-05-14 02:48:50",
        "Lines": "N37",
        "Lat": 52.2272,
        "Brigade": "246"
      },
      {
        "Lon": 21.0133,
        "Time": "2017-05-14 02:49:00",
        "Lines": "N37",
        "Lat": 52.2272,
        "Brigade": "246"
      },
      {
        "Lon": 21.0133,
        "Time": "2017-05-14 02:49:10",
        "Lines": "N37",
        "Lat": 52.2271,
        "Brigade": "246"
      },
      {
        "Lon": 21.0137,
        "Time": "2017-05-14 02:49:25",
        "Lines": "N37",
        "Lat": 52.2265,
        "Brigade": "246"
      },
      {
        "Lon": 21.0142,
        "Time": "2017-05-14 02:49:35",
        "Lines": "N37",
        "Lat": 52.2257,
        "Brigade": "246"
      },
      {
        "Lon": 21.0144,
        "Time": "2017-05-14 02:49:42",
        "Lines": "N37",
        "Lat": 52.2254,
        "Brigade": "246"
      },
      {
        "Lon": 21.0145,
        "Time": "2017-05-14 02:49:55",
        "Lines": "N37",
        "Lat": 52.2254,
        "Brigade": "246"
      },
      {
        "Lon": 21.0149,
        "Time": "2017-05-14 02:50:05",
        "Lines": "N37",
        "Lat": 52.2247,
        "Brigade": "246"
      },
      {
        "Lon": 21.0155,
        "Time": "2017-05-14 02:50:20",
        "Lines": "N37",
        "Lat": 52.2236,
        "Brigade": "246"
      },
      {
        "Lon": 21.0157,
        "Time": "2017-05-14 02:50:30",
        "Lines": "N37",
        "Lat": 52.2234,
        "Brigade": "246"
      },
      {
        "Lon": 21.0158,
        "Time": "2017-05-14 02:50:40",
        "Lines": "N37",
        "Lat": 52.2229,
        "Brigade": "246"
      },
      {
        "Lon": 21.016,
        "Time": "2017-05-14 02:50:50",
        "Lines": "N37",
        "Lat": 52.2223,
        "Brigade": "246"
      },
      {
        "Lon": 21.016,
        "Time": "2017-05-14 02:51:05",
        "Lines": "N37",
        "Lat": 52.2222,
        "Brigade": "246"
      },
      {
        "Lon": 21.0159,
        "Time": "2017-05-14 02:51:15",
        "Lines": "N37",
        "Lat": 52.2217,
        "Brigade": "246"
      },
      {
        "Lon": 21.0157,
        "Time": "2017-05-14 02:51:25",
        "Lines": "N37",
        "Lat": 52.2209,
        "Brigade": "246"
      },
      {
        "Lon": 21.0156,
        "Time": "2017-05-14 02:51:35",
        "Lines": "N37",
        "Lat": 52.2199,
        "Brigade": "246"
      },
      {
        "Lon": 21.0154,
        "Time": "2017-05-14 02:51:45",
        "Lines": "N37",
        "Lat": 52.2189,
        "Brigade": "246"
      },
      {
        "Lon": 21.015,
        "Time": "2017-05-14 02:52:00",
        "Lines": "N37",
        "Lat": 52.2175,
        "Brigade": "246"
      },
      {
        "Lon": 21.015,
        "Time": "2017-05-14 02:52:10",
        "Lines": "N37",
        "Lat": 52.2175,
        "Brigade": "246"
      },
      {
        "Lon": 21.015,
        "Time": "2017-05-14 02:52:20",
        "Lines": "N37",
        "Lat": 52.2175,
        "Brigade": "246"
      },
      {
        "Lon": 21.0149,
        "Time": "2017-05-14 02:52:30",
        "Lines": "N37",
        "Lat": 52.2175,
        "Brigade": "246"
      },
      {
        "Lon": 21.0149,
        "Time": "2017-05-14 02:52:45",
        "Lines": "N37",
        "Lat": 52.2169,
        "Brigade": "246"
      },
      {
        "Lon": 21.0153,
        "Time": "2017-05-14 02:52:57",
        "Lines": "N37",
        "Lat": 52.2159,
        "Brigade": "246"
      },
      {
        "Lon": 21.0153,
        "Time": "2017-05-14 02:53:05",
        "Lines": "N37",
        "Lat": 52.2159,
        "Brigade": "246"
      },
      {
        "Lon": 21.0155,
        "Time": "2017-05-14 02:53:15",
        "Lines": "N37",
        "Lat": 52.2157,
        "Brigade": "246"
      },
      {
        "Lon": 21.0161,
        "Time": "2017-05-14 02:53:25",
        "Lines": "N37",
        "Lat": 52.2148,
        "Brigade": "246"
      },
      {
        "Lon": 21.0177,
        "Time": "2017-05-14 02:53:40",
        "Lines": "N37",
        "Lat": 52.2129,
        "Brigade": "246"
      },
      {
        "Lon": 21.0188,
        "Time": "2017-05-14 02:53:50",
        "Lines": "N37",
        "Lat": 52.2123,
        "Brigade": "246"
      },
      {
        "Lon": 21.0189,
        "Time": "2017-05-14 02:54:00",
        "Lines": "N37",
        "Lat": 52.2123,
        "Brigade": "246"
      },
      {
        "Lon": 21.0197,
        "Time": "2017-05-14 02:54:10",
        "Lines": "N37",
        "Lat": 52.2119,
        "Brigade": "246"
      },
      {
        "Lon": 21.0204,
        "Time": "2017-05-14 02:54:20",
        "Lines": "N37",
        "Lat": 52.211,
        "Brigade": "246"
      },
      {
        "Lon": 21.0207,
        "Time": "2017-05-14 02:54:30",
        "Lines": "N37",
        "Lat": 52.2105,
        "Brigade": "246"
      },
      {
        "Lon": 21.0211,
        "Time": "2017-05-14 02:54:38",
        "Lines": "N37",
        "Lat": 52.2094,
        "Brigade": "246"
      },
      {
        "Lon": 21.0224,
        "Time": "2017-05-14 02:55:05",
        "Lines": "N37",
        "Lat": 52.2062,
        "Brigade": "246"
      },
      {
        "Lon": 21.0227,
        "Time": "2017-05-14 02:55:19",
        "Lines": "N37",
        "Lat": 52.205,
        "Brigade": "246"
      },
      {
        "Lon": 21.0227,
        "Time": "2017-05-14 02:55:30",
        "Lines": "N37",
        "Lat": 52.205,
        "Brigade": "246"
      },
      {
        "Lon": 21.0228,
        "Time": "2017-05-14 02:55:40",
        "Lines": "N37",
        "Lat": 52.2047,
        "Brigade": "246"
      },
      {
        "Lon": 21.0231,
        "Time": "2017-05-14 02:55:53",
        "Lines": "N37",
        "Lat": 52.2032,
        "Brigade": "246"
      },
      {
        "Lon": 21.0232,
        "Time": "2017-05-14 02:56:05",
        "Lines": "N37",
        "Lat": 52.2023,
        "Brigade": "246"
      },
      {
        "Lon": 21.0233,
        "Time": "2017-05-14 02:56:15",
        "Lines": "N37",
        "Lat": 52.2022,
        "Brigade": "246"
      },
      {
        "Lon": 21.0234,
        "Time": "2017-05-14 02:56:25",
        "Lines": "N37",
        "Lat": 52.2019,
        "Brigade": "246"
      },
      {
        "Lon": 21.0236,
        "Time": "2017-05-14 02:56:35",
        "Lines": "N37",
        "Lat": 52.2009,
        "Brigade": "246"
      },
      {
        "Lon": 21.0237,
        "Time": "2017-05-14 02:56:50",
        "Lines": "N37",
        "Lat": 52.2003,
        "Brigade": "246"
      },
      {
        "Lon": 21.0237,
        "Time": "2017-05-14 02:57:00",
        "Lines": "N37",
        "Lat": 52.1995,
        "Brigade": "246"
      },
      {
        "Lon": 21.0239,
        "Time": "2017-05-14 02:57:10",
        "Lines": "N37",
        "Lat": 52.1983,
        "Brigade": "246"
      },
      {
        "Lon": 21.0239,
        "Time": "2017-05-14 02:57:23",
        "Lines": "N37",
        "Lat": 52.1976,
        "Brigade": "246"
      },
      {
        "Lon": 21.0239,
        "Time": "2017-05-14 02:57:30",
        "Lines": "N37",
        "Lat": 52.1976,
        "Brigade": "246"
      },
      {
        "Lon": 21.0239,
        "Time": "2017-05-14 02:57:40",
        "Lines": "N37",
        "Lat": 52.1975,
        "Brigade": "246"
      },
      {
        "Lon": 21.0239,
        "Time": "2017-05-14 02:57:55",
        "Lines": "N37",
        "Lat": 52.1972,
        "Brigade": "246"
      },
      {
        "Lon": 21.024,
        "Time": "2017-05-14 02:58:05",
        "Lines": "N37",
        "Lat": 52.1961,
        "Brigade": "246"
      },
      {
        "Lon": 21.0241,
        "Time": "2017-05-14 02:58:15",
        "Lines": "N37",
        "Lat": 52.195,
        "Brigade": "246"
      },
      {
        "Lon": 21.0241,
        "Time": "2017-05-14 02:58:27",
        "Lines": "N37",
        "Lat": 52.1939,
        "Brigade": "246"
      },
      {
        "Lon": 21.0241,
        "Time": "2017-05-14 02:58:35",
        "Lines": "N37",
        "Lat": 52.1939,
        "Brigade": "246"
      },
      {
        "Lon": 21.0242,
        "Time": "2017-05-14 02:58:50",
        "Lines": "N37",
        "Lat": 52.1932,
        "Brigade": "246"
      },
      {
        "Lon": 21.0243,
        "Time": "2017-05-14 02:58:55",
        "Lines": "N37",
        "Lat": 52.1926,
        "Brigade": "246"
      },
      {
        "Lon": 21.0244,
        "Time": "2017-05-14 02:59:10",
        "Lines": "N37",
        "Lat": 52.1907,
        "Brigade": "246"
      },
      {
        "Lon": 21.0244,
        "Time": "2017-05-14 02:59:20",
        "Lines": "N37",
        "Lat": 52.1902,
        "Brigade": "246"
      },
      {
        "Lon": 21.0244,
        "Time": "2017-05-14 02:59:30",
        "Lines": "N37",
        "Lat": 52.1899,
        "Brigade": "246"
      },
      {
        "Lon": 21.0243,
        "Time": "2017-05-14 02:59:45",
        "Lines": "N37",
        "Lat": 52.1893,
        "Brigade": "246"
      },
      {
        "Lon": 21.0244,
        "Time": "2017-05-14 02:59:55",
        "Lines": "N37",
        "Lat": 52.1892,
        "Brigade": "246"
      },
      {
        "Lon": 21.0244,
        "Time": "2017-05-14 03:00:05",
        "Lines": "N37",
        "Lat": 52.1883,
        "Brigade": "246"
      },
      {
        "Lon": 21.0245,
        "Time": "2017-05-14 03:00:15",
        "Lines": "N37",
        "Lat": 52.1872,
        "Brigade": "246"
      },
      {
        "Lon": 21.0245,
        "Time": "2017-05-14 03:00:30",
        "Lines": "N37",
        "Lat": 52.1867,
        "Brigade": "246"
      },
      {
        "Lon": 21.0245,
        "Time": "2017-05-14 03:00:40",
        "Lines": "N37",
        "Lat": 52.1866,
        "Brigade": "246"
      },
      {
        "Lon": 21.0243,
        "Time": "2017-05-14 03:00:51",
        "Lines": "N37",
        "Lat": 52.1859,
        "Brigade": "246"
      },
      {
        "Lon": 21.0242,
        "Time": "2017-05-14 03:01:00",
        "Lines": "N37",
        "Lat": 52.1859,
        "Brigade": "246"
      },
      {
        "Lon": 21.0242,
        "Time": "2017-05-14 03:01:10",
        "Lines": "N37",
        "Lat": 52.1856,
        "Brigade": "246"
      },
      {
        "Lon": 21.0236,
        "Time": "2017-05-14 03:01:25",
        "Lines": "N37",
        "Lat": 52.1842,
        "Brigade": "246"
      },
      {
        "Lon": 21.0232,
        "Time": "2017-05-14 03:01:34",
        "Lines": "N37",
        "Lat": 52.1831,
        "Brigade": "246"
      },
      {
        "Lon": 21.0228,
        "Time": "2017-05-14 03:01:45",
        "Lines": "N37",
        "Lat": 52.1821,
        "Brigade": "246"
      },
      {
        "Lon": 21.022,
        "Time": "2017-05-14 03:01:55",
        "Lines": "N37",
        "Lat": 52.1814,
        "Brigade": "246"
      },
      {
        "Lon": 21.022,
        "Time": "2017-05-14 03:02:05",
        "Lines": "N37",
        "Lat": 52.1814,
        "Brigade": "246"
      },
      {
        "Lon": 21.0218,
        "Time": "2017-05-14 03:02:20",
        "Lines": "N37",
        "Lat": 52.1813,
        "Brigade": "246"
      },
      {
        "Lon": 21.0218,
        "Time": "2017-05-14 03:02:30",
        "Lines": "N37",
        "Lat": 52.1813,
        "Brigade": "246"
      },
      {
        "Lon": 21.0218,
        "Time": "2017-05-14 03:02:40",
        "Lines": "N37",
        "Lat": 52.1813,
        "Brigade": "246"
      },
      {
        "Lon": 21.0217,
        "Time": "2017-05-14 03:02:50",
        "Lines": "N37",
        "Lat": 52.1811,
        "Brigade": "246"
      },
      {
        "Lon": 21.0215,
        "Time": "2017-05-14 03:03:00",
        "Lines": "N37",
        "Lat": 52.1804,
        "Brigade": "246"
      },
      {
        "Lon": 21.0214,
        "Time": "2017-05-14 03:03:15",
        "Lines": "N37",
        "Lat": 52.179,
        "Brigade": "246"
      },
      {
        "Lon": 21.0216,
        "Time": "2017-05-14 03:03:25",
        "Lines": "N37",
        "Lat": 52.1777,
        "Brigade": "246"
      },
      {
        "Lon": 21.0204,
        "Time": "2017-05-14 03:03:45",
        "Lines": "N37",
        "Lat": 52.1743,
        "Brigade": "246"
      },
      {
        "Lon": 21.0202,
        "Time": "2017-05-14 03:03:55",
        "Lines": "N37",
        "Lat": 52.1737,
        "Brigade": "246"
      },
      {
        "Lon": 21.0201,
        "Time": "2017-05-14 03:04:10",
        "Lines": "N37",
        "Lat": 52.1736,
        "Brigade": "246"
      },
      {
        "Lon": 21.0201,
        "Time": "2017-05-14 03:04:20",
        "Lines": "N37",
        "Lat": 52.1736,
        "Brigade": "246"
      },
      {
        "Lon": 21.0201,
        "Time": "2017-05-14 03:04:30",
        "Lines": "N37",
        "Lat": 52.1736,
        "Brigade": "246"
      },
      {
        "Lon": 21.0205,
        "Time": "2017-05-14 03:04:43",
        "Lines": "N37",
        "Lat": 52.1732,
        "Brigade": "246"
      },
      {
        "Lon": 21.0207,
        "Time": "2017-05-14 03:04:45",
        "Lines": "N37",
        "Lat": 52.1731,
        "Brigade": "246"
      },
      {
        "Lon": 21.021,
        "Time": "2017-05-14 03:04:50",
        "Lines": "N37",
        "Lat": 52.1731,
        "Brigade": "246"
      },
      {
        "Lon": 21.0223,
        "Time": "2017-05-14 03:05:15",
        "Lines": "N37",
        "Lat": 52.1732,
        "Brigade": "246"
      },
      {
        "Lon": 21.0241,
        "Time": "2017-05-14 03:05:25",
        "Lines": "N37",
        "Lat": 52.1733,
        "Brigade": "246"
      },
      {
        "Lon": 21.0257,
        "Time": "2017-05-14 03:05:34",
        "Lines": "N37",
        "Lat": 52.1734,
        "Brigade": "246"
      },
      {
        "Lon": 21.0262,
        "Time": "2017-05-14 03:05:50",
        "Lines": "N37",
        "Lat": 52.1729,
        "Brigade": "246"
      },
      {
        "Lon": 21.0262,
        "Time": "2017-05-14 03:06:00",
        "Lines": "N37",
        "Lat": 52.1728,
        "Brigade": "246"
      },
      {
        "Lon": 21.0263,
        "Time": "2017-05-14 03:06:10",
        "Lines": "N37",
        "Lat": 52.172,
        "Brigade": "246"
      },
      {
        "Lon": 21.0264,
        "Time": "2017-05-14 03:06:20",
        "Lines": "N37",
        "Lat": 52.1707,
        "Brigade": "246"
      },
      {
        "Lon": 21.0262,
        "Time": "2017-05-14 03:06:34",
        "Lines": "N37",
        "Lat": 52.1687,
        "Brigade": "246"
      },
      {
        "Lon": 21.0264,
        "Time": "2017-05-14 03:06:45",
        "Lines": "N37",
        "Lat": 52.1672,
        "Brigade": "246"
      },
      {
        "Lon": 21.0267,
        "Time": "2017-05-14 03:06:55",
        "Lines": "N37",
        "Lat": 52.1657,
        "Brigade": "246"
      },
      {
        "Lon": 21.0269,
        "Time": "2017-05-14 03:07:05",
        "Lines": "N37",
        "Lat": 52.1645,
        "Brigade": "246"
      },
      {
        "Lon": 21.0269,
        "Time": "2017-05-14 03:07:15",
        "Lines": "N37",
        "Lat": 52.1638,
        "Brigade": "246"
      },
      {
        "Lon": 21.0269,
        "Time": "2017-05-14 03:07:30",
        "Lines": "N37",
        "Lat": 52.1637,
        "Brigade": "246"
      },
      {
        "Lon": 21.0269,
        "Time": "2017-05-14 03:07:40",
        "Lines": "N37",
        "Lat": 52.1636,
        "Brigade": "246"
      },
      {
        "Lon": 21.027,
        "Time": "2017-05-14 03:07:50",
        "Lines": "N37",
        "Lat": 52.1633,
        "Brigade": "246"
      },
      {
        "Lon": 21.0271,
        "Time": "2017-05-14 03:08:00",
        "Lines": "N37",
        "Lat": 52.1628,
        "Brigade": "246"
      },
      {
        "Lon": 21.0273,
        "Time": "2017-05-14 03:08:15",
        "Lines": "N37",
        "Lat": 52.1622,
        "Brigade": "246"
      },
      {
        "Lon": 21.0277,
        "Time": "2017-05-14 03:08:25",
        "Lines": "N37",
        "Lat": 52.1619,
        "Brigade": "246"
      },
      {
        "Lon": 21.0278,
        "Time": "2017-05-14 03:08:35",
        "Lines": "N37",
        "Lat": 52.1619,
        "Brigade": "246"
      },
      {
        "Lon": 21.0278,
        "Time": "2017-05-14 03:08:45",
        "Lines": "N37",
        "Lat": 52.1619,
        "Brigade": "246"
      },
      {
        "Lon": 21.0278,
        "Time": "2017-05-14 03:09:00",
        "Lines": "N37",
        "Lat": 52.1619,
        "Brigade": "246"
      },
      {
        "Lon": 21.0279,
        "Time": "2017-05-14 03:09:10",
        "Lines": "N37",
        "Lat": 52.1619,
        "Brigade": "246"
      },
      {
        "Lon": 21.0288,
        "Time": "2017-05-14 03:09:20",
        "Lines": "N37",
        "Lat": 52.162,
        "Brigade": "246"
      },
      {
        "Lon": 21.0335,
        "Time": "2017-05-14 03:09:40",
        "Lines": "N37",
        "Lat": 52.1622,
        "Brigade": "246"
      },
      {
        "Lon": 21.0358,
        "Time": "2017-05-14 03:09:55",
        "Lines": "N37",
        "Lat": 52.1622,
        "Brigade": "246"
      },
      {
        "Lon": 21.0366,
        "Time": "2017-05-14 03:10:15",
        "Lines": "N37",
        "Lat": 52.1601,
        "Brigade": "246"
      },
      {
        "Lon": 21.0371,
        "Time": "2017-05-14 03:10:22",
        "Lines": "N37",
        "Lat": 52.1587,
        "Brigade": "246"
      },
      {
        "Lon": 21.0365,
        "Time": "2017-05-14 03:10:45",
        "Lines": "N37",
        "Lat": 52.1574,
        "Brigade": "246"
      },
      {
        "Lon": 21.0353,
        "Time": "2017-05-14 03:11:10",
        "Lines": "N37",
        "Lat": 52.1567,
        "Brigade": "246"
      },
      {
        "Lon": 21.0347,
        "Time": "2017-05-14 03:11:20",
        "Lines": "N37",
        "Lat": 52.156,
        "Brigade": "246"
      },
      {
        "Lon": 21.0351,
        "Time": "2017-05-14 03:11:31",
        "Lines": "N37",
        "Lat": 52.1557,
        "Brigade": "246"
      },
      {
        "Lon": 21.0352,
        "Time": "2017-05-14 03:11:40",
        "Lines": "N37",
        "Lat": 52.1557,
        "Brigade": "246"
      },
      {
        "Lon": 21.0364,
        "Time": "2017-05-14 03:11:55",
        "Lines": "N37",
        "Lat": 52.155,
        "Brigade": "246"
      },
      {
        "Lon": 21.0378,
        "Time": "2017-05-14 03:12:05",
        "Lines": "N37",
        "Lat": 52.1542,
        "Brigade": "246"
      },
      {
        "Lon": 21.0384,
        "Time": "2017-05-14 03:12:15",
        "Lines": "N37",
        "Lat": 52.1538,
        "Brigade": "246"
      },
      {
        "Lon": 21.0385,
        "Time": "2017-05-14 03:12:30",
        "Lines": "N37",
        "Lat": 52.1538,
        "Brigade": "246"
      },
      {
        "Lon": 21.0388,
        "Time": "2017-05-14 03:12:40",
        "Lines": "N37",
        "Lat": 52.1537,
        "Brigade": "246"
      },
      {
        "Lon": 21.0394,
        "Time": "2017-05-14 03:12:50",
        "Lines": "N37",
        "Lat": 52.154,
        "Brigade": "246"
      },
      {
        "Lon": 21.0394,
        "Time": "2017-05-14 03:13:00",
        "Lines": "N37",
        "Lat": 52.154,
        "Brigade": "246"
      },
      {
        "Lon": 21.04,
        "Time": "2017-05-14 03:13:10",
        "Lines": "N37",
        "Lat": 52.1544,
        "Brigade": "246"
      },
      {
        "Lon": 21.0414,
        "Time": "2017-05-14 03:13:20",
        "Lines": "N37",
        "Lat": 52.1552,
        "Brigade": "246"
      },
      {
        "Lon": 21.0437,
        "Time": "2017-05-14 03:13:35",
        "Lines": "N37",
        "Lat": 52.1562,
        "Brigade": "246"
      },
      {
        "Lon": 21.0446,
        "Time": "2017-05-14 03:13:45",
        "Lines": "N37",
        "Lat": 52.1563,
        "Brigade": "246"
      },
      {
        "Lon": 21.0461,
        "Time": "2017-05-14 03:13:55",
        "Lines": "N37",
        "Lat": 52.1559,
        "Brigade": "246"
      },
      {
        "Lon": 21.0481,
        "Time": "2017-05-14 03:14:05",
        "Lines": "N37",
        "Lat": 52.1554,
        "Brigade": "246"
      },
      {
        "Lon": 21.0496,
        "Time": "2017-05-14 03:14:15",
        "Lines": "N37",
        "Lat": 52.155,
        "Brigade": "246"
      },
      {
        "Lon": 21.0491,
        "Time": "2017-05-14 03:14:30",
        "Lines": "N37",
        "Lat": 52.154,
        "Brigade": "246"
      },
      {
        "Lon": 21.0489,
        "Time": "2017-05-14 03:14:40",
        "Lines": "N37",
        "Lat": 52.1527,
        "Brigade": "246"
      },
      {
        "Lon": 21.0483,
        "Time": "2017-05-14 03:14:50",
        "Lines": "N37",
        "Lat": 52.1516,
        "Brigade": "246"
      },
      {
        "Lon": 21.048,
        "Time": "2017-05-14 03:14:55",
        "Lines": "N37",
        "Lat": 52.1514,
        "Brigade": "246"
      },
      {
        "Lon": 21.0477,
        "Time": "2017-05-14 03:15:10",
        "Lines": "N37",
        "Lat": 52.1511,
        "Brigade": "246"
      },
      {
        "Lon": 21.0484,
        "Time": "2017-05-14 03:15:21",
        "Lines": "N37",
        "Lat": 52.1508,
        "Brigade": "246"
      },
      {
        "Lon": 21.0489,
        "Time": "2017-05-14 03:15:40",
        "Lines": "N37",
        "Lat": 52.1507,
        "Brigade": "246"
      },
      {
        "Lon": 21.0507,
        "Time": "2017-05-14 03:15:50",
        "Lines": "N37",
        "Lat": 52.1504,
        "Brigade": "246"
      },
      {
        "Lon": 21.0527,
        "Time": "2017-05-14 03:16:00",
        "Lines": "N37",
        "Lat": 52.15,
        "Brigade": "246"
      },
      {
        "Lon": 21.0547,
        "Time": "2017-05-14 03:16:10",
        "Lines": "N37",
        "Lat": 52.1496,
        "Brigade": "246"
      },
      {
        "Lon": 21.0561,
        "Time": "2017-05-14 03:16:20",
        "Lines": "N37",
        "Lat": 52.1487,
        "Brigade": "246"
      },
      {
        "Lon": 21.0568,
        "Time": "2017-05-14 03:16:30",
        "Lines": "N37",
        "Lat": 52.148,
        "Brigade": "246"
      },
      {
        "Lon": 21.0554,
        "Time": "2017-05-14 03:16:45",
        "Lines": "N37",
        "Lat": 52.1473,
        "Brigade": "246"
      },
      {
        "Lon": 21.0556,
        "Time": "2017-05-14 03:16:55",
        "Lines": "N37",
        "Lat": 52.1469,
        "Brigade": "246"
      },
      {
        "Lon": 21.0564,
        "Time": "2017-05-14 03:17:05",
        "Lines": "N37",
        "Lat": 52.1459,
        "Brigade": "246"
      },
      {
        "Lon": 21.0576,
        "Time": "2017-05-14 03:17:20",
        "Lines": "N37",
        "Lat": 52.1443,
        "Brigade": "246"
      },
      {
        "Lon": 21.0585,
        "Time": "2017-05-14 03:17:30",
        "Lines": "N37",
        "Lat": 52.1431,
        "Brigade": "246"
      },
      {
        "Lon": 21.0599,
        "Time": "2017-05-14 03:17:40",
        "Lines": "N37",
        "Lat": 52.1423,
        "Brigade": "246"
      },
      {
        "Lon": 21.0606,
        "Time": "2017-05-14 03:17:50",
        "Lines": "N37",
        "Lat": 52.1412,
        "Brigade": "246"
      },
      {
        "Lon": 21.0608,
        "Time": "2017-05-14 03:18:05",
        "Lines": "N37",
        "Lat": 52.1409,
        "Brigade": "246"
      },
      {
        "Lon": 21.0609,
        "Time": "2017-05-14 03:18:15",
        "Lines": "N37",
        "Lat": 52.1408,
        "Brigade": "246"
      },
      {
        "Lon": 21.0619,
        "Time": "2017-05-14 03:18:27",
        "Lines": "N37",
        "Lat": 52.141,
        "Brigade": "246"
      },
      {
        "Lon": 21.0619,
        "Time": "2017-05-14 03:18:40",
        "Lines": "N37",
        "Lat": 52.141,
        "Brigade": "246"
      },
      {
        "Lon": 21.063,
        "Time": "2017-05-14 03:18:50",
        "Lines": "N37",
        "Lat": 52.1414,
        "Brigade": "246"
      },
      {
        "Lon": 21.0647,
        "Time": "2017-05-14 03:19:00",
        "Lines": "N37",
        "Lat": 52.1419,
        "Brigade": "246"
      }
    ]
  }
]
