[
  {
    "res": [
      {
        "Lon": 21.0072,
        "Time": "2017-05-14 00:41:05",
        "Lines": "N41",
        "Lat": 52.2348,
        "Brigade": "183"
      },
      {
        "Lon": 21.0073,
        "Time": "2017-05-14 00:41:16",
        "Lines": "N41",
        "Lat": 52.2349,
        "Brigade": "183"
      },
      {
        "Lon": 21.0073,
        "Time": "2017-05-14 00:41:28",
        "Lines": "N41",
        "Lat": 52.2349,
        "Brigade": "183"
      },
      {
        "Lon": 21.0073,
        "Time": "2017-05-14 00:41:39",
        "Lines": "N41",
        "Lat": 52.2349,
        "Brigade": "183"
      },
      {
        "Lon": 21.0073,
        "Time": "2017-05-14 00:41:50",
        "Lines": "N41",
        "Lat": 52.2349,
        "Brigade": "183"
      },
      {
        "Lon": 21.0073,
        "Time": "2017-05-14 00:42:02",
        "Lines": "N41",
        "Lat": 52.2349,
        "Brigade": "183"
      },
      {
        "Lon": 21.0073,
        "Time": "2017-05-14 00:42:13",
        "Lines": "N41",
        "Lat": 52.2349,
        "Brigade": "183"
      },
      {
        "Lon": 21.0076,
        "Time": "2017-05-14 00:42:24",
        "Lines": "N41",
        "Lat": 52.235,
        "Brigade": "183"
      },
      {
        "Lon": 21.0078,
        "Time": "2017-05-14 00:42:35",
        "Lines": "N41",
        "Lat": 52.2351,
        "Brigade": "183"
      },
      {
        "Lon": 21.0078,
        "Time": "2017-05-14 00:42:47",
        "Lines": "N41",
        "Lat": 52.2351,
        "Brigade": "183"
      },
      {
        "Lon": 21.0078,
        "Time": "2017-05-14 00:42:58",
        "Lines": "N41",
        "Lat": 52.2351,
        "Brigade": "183"
      },
      {
        "Lon": 21.0078,
        "Time": "2017-05-14 00:43:09",
        "Lines": "N41",
        "Lat": 52.2351,
        "Brigade": "183"
      },
      {
        "Lon": 21.0078,
        "Time": "2017-05-14 00:43:21",
        "Lines": "N41",
        "Lat": 52.2351,
        "Brigade": "183"
      },
      {
        "Lon": 21.0078,
        "Time": "2017-05-14 00:43:32",
        "Lines": "N41",
        "Lat": 52.2351,
        "Brigade": "183"
      },
      {
        "Lon": 21.0079,
        "Time": "2017-05-14 00:43:44",
        "Lines": "N41",
        "Lat": 52.2351,
        "Brigade": "183"
      },
      {
        "Lon": 21.0086,
        "Time": "2017-05-14 00:43:55",
        "Lines": "N41",
        "Lat": 52.2354,
        "Brigade": "183"
      },
      {
        "Lon": 21.008,
        "Time": "2017-05-14 00:44:07",
        "Lines": "N41",
        "Lat": 52.2364,
        "Brigade": "183"
      },
      {
        "Lon": 21.0074,
        "Time": "2017-05-14 00:44:18",
        "Lines": "N41",
        "Lat": 52.2375,
        "Brigade": "183"
      },
      {
        "Lon": 21.0073,
        "Time": "2017-05-14 00:44:30",
        "Lines": "N41",
        "Lat": 52.2376,
        "Brigade": "183"
      },
      {
        "Lon": 21.0071,
        "Time": "2017-05-14 00:44:42",
        "Lines": "N41",
        "Lat": 52.2378,
        "Brigade": "183"
      },
      {
        "Lon": 21.0071,
        "Time": "2017-05-14 00:44:53",
        "Lines": "N41",
        "Lat": 52.2379,
        "Brigade": "183"
      },
      {
        "Lon": 21.0071,
        "Time": "2017-05-14 00:45:04",
        "Lines": "N41",
        "Lat": 52.2379,
        "Brigade": "183"
      },
      {
        "Lon": 21.0071,
        "Time": "2017-05-14 00:45:42",
        "Lines": "N41",
        "Lat": 52.2379,
        "Brigade": "183"
      },
      {
        "Lon": 21.007,
        "Time": "2017-05-14 00:45:52",
        "Lines": "N41",
        "Lat": 52.238,
        "Brigade": "183"
      },
      {
        "Lon": 21.0062,
        "Time": "2017-05-14 00:46:02",
        "Lines": "N41",
        "Lat": 52.2386,
        "Brigade": "183"
      },
      {
        "Lon": 21.0051,
        "Time": "2017-05-14 00:46:12",
        "Lines": "N41",
        "Lat": 52.2396,
        "Brigade": "183"
      },
      {
        "Lon": 21.0043,
        "Time": "2017-05-14 00:46:29",
        "Lines": "N41",
        "Lat": 52.2416,
        "Brigade": "183"
      },
      {
        "Lon": 21.003,
        "Time": "2017-05-14 00:46:40",
        "Lines": "N41",
        "Lat": 52.2429,
        "Brigade": "183"
      },
      {
        "Lon": 21.002,
        "Time": "2017-05-14 00:46:52",
        "Lines": "N41",
        "Lat": 52.2437,
        "Brigade": "183"
      },
      {
        "Lon": 21.002,
        "Time": "2017-05-14 00:47:03",
        "Lines": "N41",
        "Lat": 52.2437,
        "Brigade": "183"
      },
      {
        "Lon": 21.0017,
        "Time": "2017-05-14 00:47:14",
        "Lines": "N41",
        "Lat": 52.2439,
        "Brigade": "183"
      },
      {
        "Lon": 21.0016,
        "Time": "2017-05-14 00:47:26",
        "Lines": "N41",
        "Lat": 52.244,
        "Brigade": "183"
      },
      {
        "Lon": 21.0016,
        "Time": "2017-05-14 00:47:37",
        "Lines": "N41",
        "Lat": 52.244,
        "Brigade": "183"
      },
      {
        "Lon": 21.0016,
        "Time": "2017-05-14 00:47:48",
        "Lines": "N41",
        "Lat": 52.244,
        "Brigade": "183"
      },
      {
        "Lon": 21.0016,
        "Time": "2017-05-14 00:48:00",
        "Lines": "N41",
        "Lat": 52.244,
        "Brigade": "183"
      },
      {
        "Lon": 21.0015,
        "Time": "2017-05-14 00:48:11",
        "Lines": "N41",
        "Lat": 52.2441,
        "Brigade": "183"
      },
      {
        "Lon": 21.0008,
        "Time": "2017-05-14 00:48:23",
        "Lines": "N41",
        "Lat": 52.2448,
        "Brigade": "183"
      },
      {
        "Lon": 21.0003,
        "Time": "2017-05-14 00:48:34",
        "Lines": "N41",
        "Lat": 52.2455,
        "Brigade": "183"
      },
      {
        "Lon": 21.0003,
        "Time": "2017-05-14 00:48:45",
        "Lines": "N41",
        "Lat": 52.2455,
        "Brigade": "183"
      },
      {
        "Lon": 20.9998,
        "Time": "2017-05-14 00:48:56",
        "Lines": "N41",
        "Lat": 52.2461,
        "Brigade": "183"
      },
      {
        "Lon": 20.9993,
        "Time": "2017-05-14 00:49:08",
        "Lines": "N41",
        "Lat": 52.2472,
        "Brigade": "183"
      },
      {
        "Lon": 20.9983,
        "Time": "2017-05-14 00:49:19",
        "Lines": "N41",
        "Lat": 52.2473,
        "Brigade": "183"
      },
      {
        "Lon": 20.9982,
        "Time": "2017-05-14 00:49:31",
        "Lines": "N41",
        "Lat": 52.2472,
        "Brigade": "183"
      },
      {
        "Lon": 20.9956,
        "Time": "2017-05-14 00:50:06",
        "Lines": "N41",
        "Lat": 52.2487,
        "Brigade": "183"
      },
      {
        "Lon": 20.9948,
        "Time": "2017-05-14 00:50:17",
        "Lines": "N41",
        "Lat": 52.249,
        "Brigade": "183"
      },
      {
        "Lon": 20.9944,
        "Time": "2017-05-14 00:50:29",
        "Lines": "N41",
        "Lat": 52.2488,
        "Brigade": "183"
      },
      {
        "Lon": 20.9937,
        "Time": "2017-05-14 00:50:41",
        "Lines": "N41",
        "Lat": 52.2487,
        "Brigade": "183"
      },
      {
        "Lon": 20.9919,
        "Time": "2017-05-14 00:50:52",
        "Lines": "N41",
        "Lat": 52.2483,
        "Brigade": "183"
      },
      {
        "Lon": 20.9898,
        "Time": "2017-05-14 00:51:04",
        "Lines": "N41",
        "Lat": 52.2478,
        "Brigade": "183"
      },
      {
        "Lon": 20.9895,
        "Time": "2017-05-14 00:51:16",
        "Lines": "N41",
        "Lat": 52.2477,
        "Brigade": "183"
      },
      {
        "Lon": 20.9892,
        "Time": "2017-05-14 00:51:28",
        "Lines": "N41",
        "Lat": 52.2476,
        "Brigade": "183"
      },
      {
        "Lon": 20.9892,
        "Time": "2017-05-14 00:51:40",
        "Lines": "N41",
        "Lat": 52.2476,
        "Brigade": "183"
      },
      {
        "Lon": 20.9892,
        "Time": "2017-05-14 00:51:51",
        "Lines": "N41",
        "Lat": 52.2476,
        "Brigade": "183"
      },
      {
        "Lon": 20.9892,
        "Time": "2017-05-14 00:52:02",
        "Lines": "N41",
        "Lat": 52.2476,
        "Brigade": "183"
      },
      {
        "Lon": 20.9883,
        "Time": "2017-05-14 00:52:14",
        "Lines": "N41",
        "Lat": 52.2473,
        "Brigade": "183"
      },
      {
        "Lon": 20.9865,
        "Time": "2017-05-14 00:52:25",
        "Lines": "N41",
        "Lat": 52.2467,
        "Brigade": "183"
      },
      {
        "Lon": 20.9855,
        "Time": "2017-05-14 00:52:36",
        "Lines": "N41",
        "Lat": 52.2465,
        "Brigade": "183"
      },
      {
        "Lon": 20.9855,
        "Time": "2017-05-14 00:52:48",
        "Lines": "N41",
        "Lat": 52.2464,
        "Brigade": "183"
      },
      {
        "Lon": 20.9852,
        "Time": "2017-05-14 00:52:59",
        "Lines": "N41",
        "Lat": 52.2464,
        "Brigade": "183"
      },
      {
        "Lon": 20.9838,
        "Time": "2017-05-14 00:53:10",
        "Lines": "N41",
        "Lat": 52.2459,
        "Brigade": "183"
      },
      {
        "Lon": 20.9818,
        "Time": "2017-05-14 00:53:22",
        "Lines": "N41",
        "Lat": 52.2453,
        "Brigade": "183"
      },
      {
        "Lon": 20.9796,
        "Time": "2017-05-14 00:53:33",
        "Lines": "N41",
        "Lat": 52.2448,
        "Brigade": "183"
      },
      {
        "Lon": 20.9792,
        "Time": "2017-05-14 00:53:45",
        "Lines": "N41",
        "Lat": 52.2447,
        "Brigade": "183"
      },
      {
        "Lon": 20.9788,
        "Time": "2017-05-14 00:53:57",
        "Lines": "N41",
        "Lat": 52.2446,
        "Brigade": "183"
      },
      {
        "Lon": 20.9776,
        "Time": "2017-05-14 00:54:08",
        "Lines": "N41",
        "Lat": 52.2445,
        "Brigade": "183"
      },
      {
        "Lon": 20.9775,
        "Time": "2017-05-14 00:54:19",
        "Lines": "N41",
        "Lat": 52.2449,
        "Brigade": "183"
      },
      {
        "Lon": 20.9775,
        "Time": "2017-05-14 00:54:31",
        "Lines": "N41",
        "Lat": 52.2451,
        "Brigade": "183"
      },
      {
        "Lon": 20.9775,
        "Time": "2017-05-14 00:54:42",
        "Lines": "N41",
        "Lat": 52.2462,
        "Brigade": "183"
      },
      {
        "Lon": 20.9789,
        "Time": "2017-05-14 00:54:54",
        "Lines": "N41",
        "Lat": 52.2476,
        "Brigade": "183"
      },
      {
        "Lon": 20.9797,
        "Time": "2017-05-14 00:55:06",
        "Lines": "N41",
        "Lat": 52.249,
        "Brigade": "183"
      },
      {
        "Lon": 20.9797,
        "Time": "2017-05-14 00:55:17",
        "Lines": "N41",
        "Lat": 52.2491,
        "Brigade": "183"
      },
      {
        "Lon": 20.98,
        "Time": "2017-05-14 00:55:29",
        "Lines": "N41",
        "Lat": 52.2498,
        "Brigade": "183"
      },
      {
        "Lon": 20.9805,
        "Time": "2017-05-14 00:55:40",
        "Lines": "N41",
        "Lat": 52.251,
        "Brigade": "183"
      },
      {
        "Lon": 20.9812,
        "Time": "2017-05-14 00:55:51",
        "Lines": "N41",
        "Lat": 52.2526,
        "Brigade": "183"
      },
      {
        "Lon": 20.9814,
        "Time": "2017-05-14 00:56:03",
        "Lines": "N41",
        "Lat": 52.253,
        "Brigade": "183"
      },
      {
        "Lon": 20.9814,
        "Time": "2017-05-14 00:56:14",
        "Lines": "N41",
        "Lat": 52.253,
        "Brigade": "183"
      },
      {
        "Lon": 20.9814,
        "Time": "2017-05-14 00:56:26",
        "Lines": "N41",
        "Lat": 52.253,
        "Brigade": "183"
      },
      {
        "Lon": 20.9814,
        "Time": "2017-05-14 00:56:37",
        "Lines": "N41",
        "Lat": 52.253,
        "Brigade": "183"
      },
      {
        "Lon": 20.9814,
        "Time": "2017-05-14 00:56:49",
        "Lines": "N41",
        "Lat": 52.253,
        "Brigade": "183"
      },
      {
        "Lon": 20.9814,
        "Time": "2017-05-14 00:57:00",
        "Lines": "N41",
        "Lat": 52.253,
        "Brigade": "183"
      },
      {
        "Lon": 20.981,
        "Time": "2017-05-14 00:57:11",
        "Lines": "N41",
        "Lat": 52.2534,
        "Brigade": "183"
      },
      {
        "Lon": 20.9795,
        "Time": "2017-05-14 00:57:23",
        "Lines": "N41",
        "Lat": 52.2535,
        "Brigade": "183"
      },
      {
        "Lon": 20.9795,
        "Time": "2017-05-14 00:57:34",
        "Lines": "N41",
        "Lat": 52.2535,
        "Brigade": "183"
      },
      {
        "Lon": 20.9785,
        "Time": "2017-05-14 00:57:46",
        "Lines": "N41",
        "Lat": 52.2535,
        "Brigade": "183"
      },
      {
        "Lon": 20.9765,
        "Time": "2017-05-14 00:57:57",
        "Lines": "N41",
        "Lat": 52.2537,
        "Brigade": "183"
      },
      {
        "Lon": 20.974,
        "Time": "2017-05-14 00:58:08",
        "Lines": "N41",
        "Lat": 52.2544,
        "Brigade": "183"
      },
      {
        "Lon": 20.9715,
        "Time": "2017-05-14 00:58:20",
        "Lines": "N41",
        "Lat": 52.2553,
        "Brigade": "183"
      },
      {
        "Lon": 20.9691,
        "Time": "2017-05-14 00:58:32",
        "Lines": "N41",
        "Lat": 52.2562,
        "Brigade": "183"
      },
      {
        "Lon": 20.967,
        "Time": "2017-05-14 00:58:43",
        "Lines": "N41",
        "Lat": 52.257,
        "Brigade": "183"
      },
      {
        "Lon": 20.9668,
        "Time": "2017-05-14 00:58:55",
        "Lines": "N41",
        "Lat": 52.2571,
        "Brigade": "183"
      },
      {
        "Lon": 20.9659,
        "Time": "2017-05-14 00:59:06",
        "Lines": "N41",
        "Lat": 52.2574,
        "Brigade": "183"
      },
      {
        "Lon": 20.9639,
        "Time": "2017-05-14 00:59:17",
        "Lines": "N41",
        "Lat": 52.2582,
        "Brigade": "183"
      },
      {
        "Lon": 20.962,
        "Time": "2017-05-14 00:59:29",
        "Lines": "N41",
        "Lat": 52.259,
        "Brigade": "183"
      },
      {
        "Lon": 20.9622,
        "Time": "2017-05-14 00:59:40",
        "Lines": "N41",
        "Lat": 52.2593,
        "Brigade": "183"
      },
      {
        "Lon": 20.9623,
        "Time": "2017-05-14 00:59:52",
        "Lines": "N41",
        "Lat": 52.2594,
        "Brigade": "183"
      },
      {
        "Lon": 20.9626,
        "Time": "2017-05-14 01:00:03",
        "Lines": "N41",
        "Lat": 52.2595,
        "Brigade": "183"
      },
      {
        "Lon": 20.9641,
        "Time": "2017-05-14 01:00:14",
        "Lines": "N41",
        "Lat": 52.2602,
        "Brigade": "183"
      },
      {
        "Lon": 20.966,
        "Time": "2017-05-14 01:00:26",
        "Lines": "N41",
        "Lat": 52.2608,
        "Brigade": "183"
      },
      {
        "Lon": 20.9684,
        "Time": "2017-05-14 01:00:50",
        "Lines": "N41",
        "Lat": 52.2618,
        "Brigade": "183"
      },
      {
        "Lon": 20.9687,
        "Time": "2017-05-14 01:01:01",
        "Lines": "N41",
        "Lat": 52.2619,
        "Brigade": "183"
      },
      {
        "Lon": 20.9699,
        "Time": "2017-05-14 01:01:12",
        "Lines": "N41",
        "Lat": 52.2629,
        "Brigade": "183"
      },
      {
        "Lon": 20.9714,
        "Time": "2017-05-14 01:01:24",
        "Lines": "N41",
        "Lat": 52.2639,
        "Brigade": "183"
      },
      {
        "Lon": 20.9716,
        "Time": "2017-05-14 01:01:35",
        "Lines": "N41",
        "Lat": 52.2641,
        "Brigade": "183"
      },
      {
        "Lon": 20.9718,
        "Time": "2017-05-14 01:01:47",
        "Lines": "N41",
        "Lat": 52.2644,
        "Brigade": "183"
      },
      {
        "Lon": 20.9705,
        "Time": "2017-05-14 01:01:58",
        "Lines": "N41",
        "Lat": 52.2649,
        "Brigade": "183"
      },
      {
        "Lon": 20.9699,
        "Time": "2017-05-14 01:02:09",
        "Lines": "N41",
        "Lat": 52.2651,
        "Brigade": "183"
      },
      {
        "Lon": 20.9695,
        "Time": "2017-05-14 01:02:21",
        "Lines": "N41",
        "Lat": 52.2651,
        "Brigade": "183"
      },
      {
        "Lon": 20.9684,
        "Time": "2017-05-14 01:02:32",
        "Lines": "N41",
        "Lat": 52.2654,
        "Brigade": "183"
      },
      {
        "Lon": 20.9664,
        "Time": "2017-05-14 01:02:43",
        "Lines": "N41",
        "Lat": 52.266,
        "Brigade": "183"
      },
      {
        "Lon": 20.9642,
        "Time": "2017-05-14 01:02:55",
        "Lines": "N41",
        "Lat": 52.2666,
        "Brigade": "183"
      },
      {
        "Lon": 20.962,
        "Time": "2017-05-14 01:03:06",
        "Lines": "N41",
        "Lat": 52.2672,
        "Brigade": "183"
      },
      {
        "Lon": 20.9614,
        "Time": "2017-05-14 01:03:18",
        "Lines": "N41",
        "Lat": 52.2674,
        "Brigade": "183"
      },
      {
        "Lon": 20.9607,
        "Time": "2017-05-14 01:03:29",
        "Lines": "N41",
        "Lat": 52.2676,
        "Brigade": "183"
      },
      {
        "Lon": 20.9589,
        "Time": "2017-05-14 01:03:41",
        "Lines": "N41",
        "Lat": 52.2682,
        "Brigade": "183"
      },
      {
        "Lon": 20.9584,
        "Time": "2017-05-14 01:03:52",
        "Lines": "N41",
        "Lat": 52.2683,
        "Brigade": "183"
      },
      {
        "Lon": 20.9579,
        "Time": "2017-05-14 01:04:03",
        "Lines": "N41",
        "Lat": 52.2684,
        "Brigade": "183"
      },
      {
        "Lon": 20.9562,
        "Time": "2017-05-14 01:04:15",
        "Lines": "N41",
        "Lat": 52.2688,
        "Brigade": "183"
      },
      {
        "Lon": 20.9539,
        "Time": "2017-05-14 01:04:26",
        "Lines": "N41",
        "Lat": 52.2694,
        "Brigade": "183"
      },
      {
        "Lon": 20.9514,
        "Time": "2017-05-14 01:04:37",
        "Lines": "N41",
        "Lat": 52.2701,
        "Brigade": "183"
      },
      {
        "Lon": 20.9509,
        "Time": "2017-05-14 01:04:49",
        "Lines": "N41",
        "Lat": 52.2703,
        "Brigade": "183"
      },
      {
        "Lon": 20.9488,
        "Time": "2017-05-14 01:05:11",
        "Lines": "N41",
        "Lat": 52.2709,
        "Brigade": "183"
      },
      {
        "Lon": 20.9466,
        "Time": "2017-05-14 01:05:23",
        "Lines": "N41",
        "Lat": 52.2714,
        "Brigade": "183"
      },
      {
        "Lon": 20.9444,
        "Time": "2017-05-14 01:05:34",
        "Lines": "N41",
        "Lat": 52.2721,
        "Brigade": "183"
      },
      {
        "Lon": 20.9421,
        "Time": "2017-05-14 01:05:46",
        "Lines": "N41",
        "Lat": 52.2729,
        "Brigade": "183"
      },
      {
        "Lon": 20.9389,
        "Time": "2017-05-14 01:06:09",
        "Lines": "N41",
        "Lat": 52.2752,
        "Brigade": "183"
      },
      {
        "Lon": 20.9386,
        "Time": "2017-05-14 01:06:20",
        "Lines": "N41",
        "Lat": 52.2755,
        "Brigade": "183"
      },
      {
        "Lon": 20.9388,
        "Time": "2017-05-14 01:06:31",
        "Lines": "N41",
        "Lat": 52.276,
        "Brigade": "183"
      },
      {
        "Lon": 20.9388,
        "Time": "2017-05-14 01:06:42",
        "Lines": "N41",
        "Lat": 52.2761,
        "Brigade": "183"
      },
      {
        "Lon": 20.9389,
        "Time": "2017-05-14 01:06:54",
        "Lines": "N41",
        "Lat": 52.277,
        "Brigade": "183"
      },
      {
        "Lon": 20.9391,
        "Time": "2017-05-14 01:07:06",
        "Lines": "N41",
        "Lat": 52.2776,
        "Brigade": "183"
      },
      {
        "Lon": 20.9391,
        "Time": "2017-05-14 01:07:17",
        "Lines": "N41",
        "Lat": 52.2776,
        "Brigade": "183"
      },
      {
        "Lon": 20.9391,
        "Time": "2017-05-14 01:07:29",
        "Lines": "N41",
        "Lat": 52.2776,
        "Brigade": "183"
      },
      {
        "Lon": 20.9392,
        "Time": "2017-05-14 01:07:41",
        "Lines": "N41",
        "Lat": 52.2778,
        "Brigade": "183"
      },
      {
        "Lon": 20.9379,
        "Time": "2017-05-14 01:07:54",
        "Lines": "N41",
        "Lat": 52.2782,
        "Brigade": "183"
      },
      {
        "Lon": 20.9356,
        "Time": "2017-05-14 01:08:05",
        "Lines": "N41",
        "Lat": 52.2784,
        "Brigade": "183"
      },
      {
        "Lon": 20.9337,
        "Time": "2017-05-14 01:08:16",
        "Lines": "N41",
        "Lat": 52.2786,
        "Brigade": "183"
      },
      {
        "Lon": 20.9337,
        "Time": "2017-05-14 01:08:28",
        "Lines": "N41",
        "Lat": 52.2786,
        "Brigade": "183"
      },
      {
        "Lon": 20.9327,
        "Time": "2017-05-14 01:08:39",
        "Lines": "N41",
        "Lat": 52.2788,
        "Brigade": "183"
      },
      {
        "Lon": 20.9307,
        "Time": "2017-05-14 01:08:50",
        "Lines": "N41",
        "Lat": 52.2793,
        "Brigade": "183"
      },
      {
        "Lon": 20.9283,
        "Time": "2017-05-14 01:09:02",
        "Lines": "N41",
        "Lat": 52.2801,
        "Brigade": "183"
      },
      {
        "Lon": 20.9252,
        "Time": "2017-05-14 01:09:13",
        "Lines": "N41",
        "Lat": 52.281,
        "Brigade": "183"
      },
      {
        "Lon": 20.9227,
        "Time": "2017-05-14 01:09:25",
        "Lines": "N41",
        "Lat": 52.2816,
        "Brigade": "183"
      },
      {
        "Lon": 20.9209,
        "Time": "2017-05-14 01:09:36",
        "Lines": "N41",
        "Lat": 52.282,
        "Brigade": "183"
      },
      {
        "Lon": 20.9207,
        "Time": "2017-05-14 01:09:47",
        "Lines": "N41",
        "Lat": 52.2821,
        "Brigade": "183"
      },
      {
        "Lon": 20.9207,
        "Time": "2017-05-14 01:10:11",
        "Lines": "N41",
        "Lat": 52.2828,
        "Brigade": "183"
      },
      {
        "Lon": 20.9221,
        "Time": "2017-05-14 01:10:22",
        "Lines": "N41",
        "Lat": 52.2839,
        "Brigade": "183"
      },
      {
        "Lon": 20.9236,
        "Time": "2017-05-14 01:10:34",
        "Lines": "N41",
        "Lat": 52.2851,
        "Brigade": "183"
      },
      {
        "Lon": 20.9252,
        "Time": "2017-05-14 01:10:45",
        "Lines": "N41",
        "Lat": 52.2864,
        "Brigade": "183"
      },
      {
        "Lon": 20.9269,
        "Time": "2017-05-14 01:10:56",
        "Lines": "N41",
        "Lat": 52.2878,
        "Brigade": "183"
      },
      {
        "Lon": 20.9285,
        "Time": "2017-05-14 01:11:08",
        "Lines": "N41",
        "Lat": 52.289,
        "Brigade": "183"
      },
      {
        "Lon": 20.9298,
        "Time": "2017-05-14 01:11:20",
        "Lines": "N41",
        "Lat": 52.29,
        "Brigade": "183"
      },
      {
        "Lon": 20.9305,
        "Time": "2017-05-14 01:11:31",
        "Lines": "N41",
        "Lat": 52.2902,
        "Brigade": "183"
      },
      {
        "Lon": 20.9313,
        "Time": "2017-05-14 01:11:42",
        "Lines": "N41",
        "Lat": 52.2898,
        "Brigade": "183"
      },
      {
        "Lon": 20.9314,
        "Time": "2017-05-14 01:11:54",
        "Lines": "N41",
        "Lat": 52.2898,
        "Brigade": "183"
      },
      {
        "Lon": 20.9323,
        "Time": "2017-05-14 01:12:05",
        "Lines": "N41",
        "Lat": 52.2894,
        "Brigade": "183"
      },
      {
        "Lon": 20.9336,
        "Time": "2017-05-14 01:12:16",
        "Lines": "N41",
        "Lat": 52.2889,
        "Brigade": "183"
      },
      {
        "Lon": 20.9339,
        "Time": "2017-05-14 01:12:28",
        "Lines": "N41",
        "Lat": 52.289,
        "Brigade": "183"
      },
      {
        "Lon": 20.9339,
        "Time": "2017-05-14 01:12:40",
        "Lines": "N41",
        "Lat": 52.2891,
        "Brigade": "183"
      },
      {
        "Lon": 20.9346,
        "Time": "2017-05-14 01:12:51",
        "Lines": "N41",
        "Lat": 52.2895,
        "Brigade": "183"
      },
      {
        "Lon": 20.9347,
        "Time": "2017-05-14 01:13:02",
        "Lines": "N41",
        "Lat": 52.2896,
        "Brigade": "183"
      },
      {
        "Lon": 20.935,
        "Time": "2017-05-14 01:13:14",
        "Lines": "N41",
        "Lat": 52.2899,
        "Brigade": "183"
      },
      {
        "Lon": 20.9361,
        "Time": "2017-05-14 01:13:25",
        "Lines": "N41",
        "Lat": 52.2907,
        "Brigade": "183"
      },
      {
        "Lon": 20.9376,
        "Time": "2017-05-14 01:13:37",
        "Lines": "N41",
        "Lat": 52.2918,
        "Brigade": "183"
      },
      {
        "Lon": 20.9382,
        "Time": "2017-05-14 01:13:48",
        "Lines": "N41",
        "Lat": 52.2922,
        "Brigade": "183"
      },
      {
        "Lon": 20.9384,
        "Time": "2017-05-14 01:14:00",
        "Lines": "N41",
        "Lat": 52.2924,
        "Brigade": "183"
      },
      {
        "Lon": 20.9398,
        "Time": "2017-05-14 01:14:11",
        "Lines": "N41",
        "Lat": 52.293,
        "Brigade": "183"
      },
      {
        "Lon": 20.9418,
        "Time": "2017-05-14 01:14:23",
        "Lines": "N41",
        "Lat": 52.2938,
        "Brigade": "183"
      },
      {
        "Lon": 20.9434,
        "Time": "2017-05-14 01:14:34",
        "Lines": "N41",
        "Lat": 52.2943,
        "Brigade": "183"
      },
      {
        "Lon": 20.9448,
        "Time": "2017-05-14 01:14:45",
        "Lines": "N41",
        "Lat": 52.2949,
        "Brigade": "183"
      },
      {
        "Lon": 20.9448,
        "Time": "2017-05-14 01:14:57",
        "Lines": "N41",
        "Lat": 52.2949,
        "Brigade": "183"
      },
      {
        "Lon": 20.9451,
        "Time": "2017-05-14 01:15:08",
        "Lines": "N41",
        "Lat": 52.2953,
        "Brigade": "183"
      },
      {
        "Lon": 20.9442,
        "Time": "2017-05-14 01:15:19",
        "Lines": "N41",
        "Lat": 52.2963,
        "Brigade": "183"
      },
      {
        "Lon": 20.9429,
        "Time": "2017-05-14 01:15:31",
        "Lines": "N41",
        "Lat": 52.2976,
        "Brigade": "183"
      },
      {
        "Lon": 20.9426,
        "Time": "2017-05-14 01:15:42",
        "Lines": "N41",
        "Lat": 52.298,
        "Brigade": "183"
      },
      {
        "Lon": 20.9423,
        "Time": "2017-05-14 01:15:54",
        "Lines": "N41",
        "Lat": 52.2983,
        "Brigade": "183"
      },
      {
        "Lon": 20.9412,
        "Time": "2017-05-14 01:16:05",
        "Lines": "N41",
        "Lat": 52.2995,
        "Brigade": "183"
      },
      {
        "Lon": 20.9403,
        "Time": "2017-05-14 01:16:17",
        "Lines": "N41",
        "Lat": 52.3007,
        "Brigade": "183"
      },
      {
        "Lon": 20.9394,
        "Time": "2017-05-14 01:16:28",
        "Lines": "N41",
        "Lat": 52.3017,
        "Brigade": "183"
      },
      {
        "Lon": 20.9387,
        "Time": "2017-05-14 01:16:40",
        "Lines": "N41",
        "Lat": 52.3024,
        "Brigade": "183"
      },
      {
        "Lon": 20.9355,
        "Time": "2017-05-14 01:17:03",
        "Lines": "N41",
        "Lat": 52.3049,
        "Brigade": "183"
      },
      {
        "Lon": 20.9325,
        "Time": "2017-05-14 01:17:26",
        "Lines": "N41",
        "Lat": 52.3064,
        "Brigade": "183"
      },
      {
        "Lon": 20.9324,
        "Time": "2017-05-14 01:17:37",
        "Lines": "N41",
        "Lat": 52.3065,
        "Brigade": "183"
      },
      {
        "Lon": 20.9311,
        "Time": "2017-05-14 01:17:48",
        "Lines": "N41",
        "Lat": 52.3071,
        "Brigade": "183"
      },
      {
        "Lon": 20.9296,
        "Time": "2017-05-14 01:18:00",
        "Lines": "N41",
        "Lat": 52.3079,
        "Brigade": "183"
      },
      {
        "Lon": 20.9279,
        "Time": "2017-05-14 01:18:11",
        "Lines": "N41",
        "Lat": 52.3088,
        "Brigade": "183"
      },
      {
        "Lon": 20.9269,
        "Time": "2017-05-14 01:18:22",
        "Lines": "N41",
        "Lat": 52.309,
        "Brigade": "183"
      },
      {
        "Lon": 20.9253,
        "Time": "2017-05-14 01:18:33",
        "Lines": "N41",
        "Lat": 52.3087,
        "Brigade": "183"
      },
      {
        "Lon": 20.9234,
        "Time": "2017-05-14 01:18:45",
        "Lines": "N41",
        "Lat": 52.3087,
        "Brigade": "183"
      },
      {
        "Lon": 20.9215,
        "Time": "2017-05-14 01:18:56",
        "Lines": "N41",
        "Lat": 52.3087,
        "Brigade": "183"
      },
      {
        "Lon": 20.9201,
        "Time": "2017-05-14 01:19:08",
        "Lines": "N41",
        "Lat": 52.3089,
        "Brigade": "183"
      },
      {
        "Lon": 20.9191,
        "Time": "2017-05-14 01:19:19",
        "Lines": "N41",
        "Lat": 52.3095,
        "Brigade": "183"
      },
      {
        "Lon": 20.9178,
        "Time": "2017-05-14 01:19:31",
        "Lines": "N41",
        "Lat": 52.3102,
        "Brigade": "183"
      },
      {
        "Lon": 20.9166,
        "Time": "2017-05-14 01:19:42",
        "Lines": "N41",
        "Lat": 52.3109,
        "Brigade": "183"
      },
      {
        "Lon": 20.9165,
        "Time": "2017-05-14 01:19:53",
        "Lines": "N41",
        "Lat": 52.311,
        "Brigade": "183"
      },
      {
        "Lon": 20.9159,
        "Time": "2017-05-14 01:20:05",
        "Lines": "N41",
        "Lat": 52.3113,
        "Brigade": "183"
      },
      {
        "Lon": 20.9153,
        "Time": "2017-05-14 01:20:16",
        "Lines": "N41",
        "Lat": 52.3116,
        "Brigade": "183"
      },
      {
        "Lon": 20.9155,
        "Time": "2017-05-14 01:20:28",
        "Lines": "N41",
        "Lat": 52.312,
        "Brigade": "183"
      },
      {
        "Lon": 20.9166,
        "Time": "2017-05-14 01:20:39",
        "Lines": "N41",
        "Lat": 52.3126,
        "Brigade": "183"
      },
      {
        "Lon": 20.9171,
        "Time": "2017-05-14 01:20:50",
        "Lines": "N41",
        "Lat": 52.3129,
        "Brigade": "183"
      },
      {
        "Lon": 20.9171,
        "Time": "2017-05-14 01:21:02",
        "Lines": "N41",
        "Lat": 52.3129,
        "Brigade": "183"
      },
      {
        "Lon": 20.918,
        "Time": "2017-05-14 01:21:13",
        "Lines": "N41",
        "Lat": 52.3133,
        "Brigade": "183"
      },
      {
        "Lon": 20.9194,
        "Time": "2017-05-14 01:21:24",
        "Lines": "N41",
        "Lat": 52.3138,
        "Brigade": "183"
      },
      {
        "Lon": 20.9208,
        "Time": "2017-05-14 01:21:36",
        "Lines": "N41",
        "Lat": 52.3142,
        "Brigade": "183"
      },
      {
        "Lon": 20.9213,
        "Time": "2017-05-14 01:21:47",
        "Lines": "N41",
        "Lat": 52.314,
        "Brigade": "183"
      },
      {
        "Lon": 20.9225,
        "Time": "2017-05-14 01:21:58",
        "Lines": "N41",
        "Lat": 52.3129,
        "Brigade": "183"
      },
      {
        "Lon": 20.924,
        "Time": "2017-05-14 01:22:10",
        "Lines": "N41",
        "Lat": 52.3115,
        "Brigade": "183"
      },
      {
        "Lon": 20.9258,
        "Time": "2017-05-14 01:22:21",
        "Lines": "N41",
        "Lat": 52.31,
        "Brigade": "183"
      },
      {
        "Lon": 20.9274,
        "Time": "2017-05-14 01:22:32",
        "Lines": "N41",
        "Lat": 52.3088,
        "Brigade": "183"
      },
      {
        "Lon": 20.9275,
        "Time": "2017-05-14 01:22:44",
        "Lines": "N41",
        "Lat": 52.3087,
        "Brigade": "183"
      },
      {
        "Lon": 20.9275,
        "Time": "2017-05-14 01:22:55",
        "Lines": "N41",
        "Lat": 52.3087,
        "Brigade": "183"
      },
      {
        "Lon": 20.9275,
        "Time": "2017-05-14 01:23:06",
        "Lines": "N41",
        "Lat": 52.3087,
        "Brigade": "183"
      },
      {
        "Lon": 20.9281,
        "Time": "2017-05-14 01:23:18",
        "Lines": "N41",
        "Lat": 52.3084,
        "Brigade": "183"
      },
      {
        "Lon": 20.9295,
        "Time": "2017-05-14 01:23:29",
        "Lines": "N41",
        "Lat": 52.3077,
        "Brigade": "183"
      },
      {
        "Lon": 20.9313,
        "Time": "2017-05-14 01:23:40",
        "Lines": "N41",
        "Lat": 52.3067,
        "Brigade": "183"
      },
      {
        "Lon": 20.9322,
        "Time": "2017-05-14 01:23:52",
        "Lines": "N41",
        "Lat": 52.3061,
        "Brigade": "183"
      },
      {
        "Lon": 20.933,
        "Time": "2017-05-14 01:24:03",
        "Lines": "N41",
        "Lat": 52.3057,
        "Brigade": "183"
      },
      {
        "Lon": 20.9335,
        "Time": "2017-05-14 01:24:16",
        "Lines": "N41",
        "Lat": 52.3054,
        "Brigade": "183"
      },
      {
        "Lon": 20.9335,
        "Time": "2017-05-14 01:24:27",
        "Lines": "N41",
        "Lat": 52.3054,
        "Brigade": "183"
      },
      {
        "Lon": 20.9343,
        "Time": "2017-05-14 01:24:38",
        "Lines": "N41",
        "Lat": 52.305,
        "Brigade": "183"
      },
      {
        "Lon": 20.9356,
        "Time": "2017-05-14 01:24:50",
        "Lines": "N41",
        "Lat": 52.3043,
        "Brigade": "183"
      },
      {
        "Lon": 20.9381,
        "Time": "2017-05-14 01:25:12",
        "Lines": "N41",
        "Lat": 52.3025,
        "Brigade": "183"
      },
      {
        "Lon": 20.9388,
        "Time": "2017-05-14 01:25:23",
        "Lines": "N41",
        "Lat": 52.3014,
        "Brigade": "183"
      },
      {
        "Lon": 20.9388,
        "Time": "2017-05-14 01:25:34",
        "Lines": "N41",
        "Lat": 52.3013,
        "Brigade": "183"
      },
      {
        "Lon": 20.9389,
        "Time": "2017-05-14 01:25:46",
        "Lines": "N41",
        "Lat": 52.3013,
        "Brigade": "183"
      },
      {
        "Lon": 20.9389,
        "Time": "2017-05-14 01:25:57",
        "Lines": "N41",
        "Lat": 52.3013,
        "Brigade": "183"
      },
      {
        "Lon": 20.9389,
        "Time": "2017-05-14 01:26:08",
        "Lines": "N41",
        "Lat": 52.3012,
        "Brigade": "183"
      },
      {
        "Lon": 20.9389,
        "Time": "2017-05-14 01:26:20",
        "Lines": "N41",
        "Lat": 52.3012,
        "Brigade": "183"
      },
      {
        "Lon": 20.9389,
        "Time": "2017-05-14 01:26:31",
        "Lines": "N41",
        "Lat": 52.3012,
        "Brigade": "183"
      },
      {
        "Lon": 20.9389,
        "Time": "2017-05-14 01:26:42",
        "Lines": "N41",
        "Lat": 52.3011,
        "Brigade": "183"
      },
      {
        "Lon": 20.9397,
        "Time": "2017-05-14 01:26:54",
        "Lines": "N41",
        "Lat": 52.3004,
        "Brigade": "183"
      },
      {
        "Lon": 20.9414,
        "Time": "2017-05-14 01:27:08",
        "Lines": "N41",
        "Lat": 52.2988,
        "Brigade": "183"
      },
      {
        "Lon": 20.9427,
        "Time": "2017-05-14 01:27:19",
        "Lines": "N41",
        "Lat": 52.2974,
        "Brigade": "183"
      },
      {
        "Lon": 20.9443,
        "Time": "2017-05-14 01:27:30",
        "Lines": "N41",
        "Lat": 52.2957,
        "Brigade": "183"
      },
      {
        "Lon": 20.9447,
        "Time": "2017-05-14 01:27:43",
        "Lines": "N41",
        "Lat": 52.2949,
        "Brigade": "183"
      },
      {
        "Lon": 20.9436,
        "Time": "2017-05-14 01:27:54",
        "Lines": "N41",
        "Lat": 52.2946,
        "Brigade": "183"
      },
      {
        "Lon": 20.9435,
        "Time": "2017-05-14 01:28:06",
        "Lines": "N41",
        "Lat": 52.2946,
        "Brigade": "183"
      },
      {
        "Lon": 20.9421,
        "Time": "2017-05-14 01:28:29",
        "Lines": "N41",
        "Lat": 52.294,
        "Brigade": "183"
      },
      {
        "Lon": 20.9401,
        "Time": "2017-05-14 01:28:40",
        "Lines": "N41",
        "Lat": 52.2933,
        "Brigade": "183"
      },
      {
        "Lon": 20.938,
        "Time": "2017-05-14 01:28:51",
        "Lines": "N41",
        "Lat": 52.2922,
        "Brigade": "183"
      },
      {
        "Lon": 20.9376,
        "Time": "2017-05-14 01:29:03",
        "Lines": "N41",
        "Lat": 52.292,
        "Brigade": "183"
      },
      {
        "Lon": 20.9374,
        "Time": "2017-05-14 01:29:14",
        "Lines": "N41",
        "Lat": 52.2917,
        "Brigade": "183"
      },
      {
        "Lon": 20.9362,
        "Time": "2017-05-14 01:29:25",
        "Lines": "N41",
        "Lat": 52.2909,
        "Brigade": "183"
      },
      {
        "Lon": 20.9348,
        "Time": "2017-05-14 01:29:36",
        "Lines": "N41",
        "Lat": 52.2899,
        "Brigade": "183"
      },
      {
        "Lon": 20.9339,
        "Time": "2017-05-14 01:29:48",
        "Lines": "N41",
        "Lat": 52.2893,
        "Brigade": "183"
      },
      {
        "Lon": 20.9333,
        "Time": "2017-05-14 01:29:59",
        "Lines": "N41",
        "Lat": 52.2895,
        "Brigade": "183"
      },
      {
        "Lon": 20.9332,
        "Time": "2017-05-14 01:30:10",
        "Lines": "N41",
        "Lat": 52.2896,
        "Brigade": "183"
      },
      {
        "Lon": 20.9327,
        "Time": "2017-05-14 01:30:22",
        "Lines": "N41",
        "Lat": 52.2898,
        "Brigade": "183"
      },
      {
        "Lon": 20.931,
        "Time": "2017-05-14 01:30:33",
        "Lines": "N41",
        "Lat": 52.2905,
        "Brigade": "183"
      },
      {
        "Lon": 20.9306,
        "Time": "2017-05-14 01:30:45",
        "Lines": "N41",
        "Lat": 52.2907,
        "Brigade": "183"
      },
      {
        "Lon": 20.9306,
        "Time": "2017-05-14 01:30:56",
        "Lines": "N41",
        "Lat": 52.2907,
        "Brigade": "183"
      },
      {
        "Lon": 20.9306,
        "Time": "2017-05-14 01:31:07",
        "Lines": "N41",
        "Lat": 52.2907,
        "Brigade": "183"
      },
      {
        "Lon": 20.9306,
        "Time": "2017-05-14 01:31:19",
        "Lines": "N41",
        "Lat": 52.2907,
        "Brigade": "183"
      },
      {
        "Lon": 20.9303,
        "Time": "2017-05-14 01:31:30",
        "Lines": "N41",
        "Lat": 52.2908,
        "Brigade": "183"
      },
      {
        "Lon": 20.9294,
        "Time": "2017-05-14 01:31:41",
        "Lines": "N41",
        "Lat": 52.2906,
        "Brigade": "183"
      },
      {
        "Lon": 20.929,
        "Time": "2017-05-14 01:31:52",
        "Lines": "N41",
        "Lat": 52.2903,
        "Brigade": "183"
      },
      {
        "Lon": 20.929,
        "Time": "2017-05-14 01:32:04",
        "Lines": "N41",
        "Lat": 52.2903,
        "Brigade": "183"
      },
      {
        "Lon": 20.9287,
        "Time": "2017-05-14 01:32:15",
        "Lines": "N41",
        "Lat": 52.29,
        "Brigade": "183"
      },
      {
        "Lon": 20.9287,
        "Time": "2017-05-14 01:32:26",
        "Lines": "N41",
        "Lat": 52.2893,
        "Brigade": "183"
      },
      {
        "Lon": 20.9279,
        "Time": "2017-05-14 01:32:38",
        "Lines": "N41",
        "Lat": 52.2887,
        "Brigade": "183"
      },
      {
        "Lon": 20.9266,
        "Time": "2017-05-14 01:32:49",
        "Lines": "N41",
        "Lat": 52.2876,
        "Brigade": "183"
      },
      {
        "Lon": 20.9248,
        "Time": "2017-05-14 01:33:01",
        "Lines": "N41",
        "Lat": 52.2861,
        "Brigade": "183"
      },
      {
        "Lon": 20.9233,
        "Time": "2017-05-14 01:33:13",
        "Lines": "N41",
        "Lat": 52.2849,
        "Brigade": "183"
      },
      {
        "Lon": 20.9218,
        "Time": "2017-05-14 01:33:24",
        "Lines": "N41",
        "Lat": 52.2838,
        "Brigade": "183"
      },
      {
        "Lon": 20.9204,
        "Time": "2017-05-14 01:33:35",
        "Lines": "N41",
        "Lat": 52.2826,
        "Brigade": "183"
      },
      {
        "Lon": 20.92,
        "Time": "2017-05-14 01:33:47",
        "Lines": "N41",
        "Lat": 52.2822,
        "Brigade": "183"
      },
      {
        "Lon": 20.9207,
        "Time": "2017-05-14 01:33:58",
        "Lines": "N41",
        "Lat": 52.2819,
        "Brigade": "183"
      },
      {
        "Lon": 20.9212,
        "Time": "2017-05-14 01:34:10",
        "Lines": "N41",
        "Lat": 52.2818,
        "Brigade": "183"
      },
      {
        "Lon": 20.9216,
        "Time": "2017-05-14 01:34:21",
        "Lines": "N41",
        "Lat": 52.2817,
        "Brigade": "183"
      },
      {
        "Lon": 20.923,
        "Time": "2017-05-14 01:34:34",
        "Lines": "N41",
        "Lat": 52.2814,
        "Brigade": "183"
      },
      {
        "Lon": 20.9247,
        "Time": "2017-05-14 01:34:45",
        "Lines": "N41",
        "Lat": 52.281,
        "Brigade": "183"
      },
      {
        "Lon": 20.9251,
        "Time": "2017-05-14 01:34:57",
        "Lines": "N41",
        "Lat": 52.2809,
        "Brigade": "183"
      },
      {
        "Lon": 20.9257,
        "Time": "2017-05-14 01:35:08",
        "Lines": "N41",
        "Lat": 52.2808,
        "Brigade": "183"
      },
      {
        "Lon": 20.9276,
        "Time": "2017-05-14 01:35:20",
        "Lines": "N41",
        "Lat": 52.2803,
        "Brigade": "183"
      },
      {
        "Lon": 20.9299,
        "Time": "2017-05-14 01:35:31",
        "Lines": "N41",
        "Lat": 52.2795,
        "Brigade": "183"
      },
      {
        "Lon": 20.9324,
        "Time": "2017-05-14 01:35:42",
        "Lines": "N41",
        "Lat": 52.2787,
        "Brigade": "183"
      },
      {
        "Lon": 20.934,
        "Time": "2017-05-14 01:35:55",
        "Lines": "N41",
        "Lat": 52.2785,
        "Brigade": "183"
      },
      {
        "Lon": 20.934,
        "Time": "2017-05-14 01:36:06",
        "Lines": "N41",
        "Lat": 52.2785,
        "Brigade": "183"
      },
      {
        "Lon": 20.9349,
        "Time": "2017-05-14 01:36:18",
        "Lines": "N41",
        "Lat": 52.2784,
        "Brigade": "183"
      },
      {
        "Lon": 20.9367,
        "Time": "2017-05-14 01:36:31",
        "Lines": "N41",
        "Lat": 52.2782,
        "Brigade": "183"
      },
      {
        "Lon": 20.9385,
        "Time": "2017-05-14 01:36:42",
        "Lines": "N41",
        "Lat": 52.278,
        "Brigade": "183"
      },
      {
        "Lon": 20.9388,
        "Time": "2017-05-14 01:36:53",
        "Lines": "N41",
        "Lat": 52.2775,
        "Brigade": "183"
      },
      {
        "Lon": 20.9386,
        "Time": "2017-05-14 01:37:05",
        "Lines": "N41",
        "Lat": 52.2772,
        "Brigade": "183"
      },
      {
        "Lon": 20.9386,
        "Time": "2017-05-14 01:37:16",
        "Lines": "N41",
        "Lat": 52.2771,
        "Brigade": "183"
      },
      {
        "Lon": 20.9384,
        "Time": "2017-05-14 01:37:27",
        "Lines": "N41",
        "Lat": 52.276,
        "Brigade": "183"
      },
      {
        "Lon": 20.9384,
        "Time": "2017-05-14 01:37:39",
        "Lines": "N41",
        "Lat": 52.2758,
        "Brigade": "183"
      },
      {
        "Lon": 20.9383,
        "Time": "2017-05-14 01:37:50",
        "Lines": "N41",
        "Lat": 52.2758,
        "Brigade": "183"
      },
      {
        "Lon": 20.9383,
        "Time": "2017-05-14 01:38:02",
        "Lines": "N41",
        "Lat": 52.2757,
        "Brigade": "183"
      },
      {
        "Lon": 20.9388,
        "Time": "2017-05-14 01:38:13",
        "Lines": "N41",
        "Lat": 52.275,
        "Brigade": "183"
      },
      {
        "Lon": 20.9392,
        "Time": "2017-05-14 01:38:24",
        "Lines": "N41",
        "Lat": 52.2747,
        "Brigade": "183"
      },
      {
        "Lon": 20.9396,
        "Time": "2017-05-14 01:38:36",
        "Lines": "N41",
        "Lat": 52.2745,
        "Brigade": "183"
      },
      {
        "Lon": 20.9407,
        "Time": "2017-05-14 01:38:47",
        "Lines": "N41",
        "Lat": 52.2736,
        "Brigade": "183"
      },
      {
        "Lon": 20.9426,
        "Time": "2017-05-14 01:38:59",
        "Lines": "N41",
        "Lat": 52.2725,
        "Brigade": "183"
      },
      {
        "Lon": 20.9444,
        "Time": "2017-05-14 01:39:10",
        "Lines": "N41",
        "Lat": 52.2719,
        "Brigade": "183"
      },
      {
        "Lon": 20.9444,
        "Time": "2017-05-14 01:39:22",
        "Lines": "N41",
        "Lat": 52.2719,
        "Brigade": "183"
      },
      {
        "Lon": 20.9455,
        "Time": "2017-05-14 01:39:33",
        "Lines": "N41",
        "Lat": 52.2716,
        "Brigade": "183"
      },
      {
        "Lon": 20.9476,
        "Time": "2017-05-14 01:39:45",
        "Lines": "N41",
        "Lat": 52.2711,
        "Brigade": "183"
      },
      {
        "Lon": 20.95,
        "Time": "2017-05-14 01:39:56",
        "Lines": "N41",
        "Lat": 52.2704,
        "Brigade": "183"
      },
      {
        "Lon": 20.9527,
        "Time": "2017-05-14 01:40:07",
        "Lines": "N41",
        "Lat": 52.2697,
        "Brigade": "183"
      },
      {
        "Lon": 20.9537,
        "Time": "2017-05-14 01:40:30",
        "Lines": "N41",
        "Lat": 52.2694,
        "Brigade": "183"
      },
      {
        "Lon": 20.9558,
        "Time": "2017-05-14 01:40:41",
        "Lines": "N41",
        "Lat": 52.2688,
        "Brigade": "183"
      },
      {
        "Lon": 20.9576,
        "Time": "2017-05-14 01:40:53",
        "Lines": "N41",
        "Lat": 52.2681,
        "Brigade": "183"
      },
      {
        "Lon": 20.9589,
        "Time": "2017-05-14 01:41:15",
        "Lines": "N41",
        "Lat": 52.2676,
        "Brigade": "183"
      },
      {
        "Lon": 20.9604,
        "Time": "2017-05-14 01:41:26",
        "Lines": "N41",
        "Lat": 52.2671,
        "Brigade": "183"
      },
      {
        "Lon": 20.9606,
        "Time": "2017-05-14 01:41:39",
        "Lines": "N41",
        "Lat": 52.2671,
        "Brigade": "183"
      },
      {
        "Lon": 20.9616,
        "Time": "2017-05-14 01:41:51",
        "Lines": "N41",
        "Lat": 52.2669,
        "Brigade": "183"
      },
      {
        "Lon": 20.9634,
        "Time": "2017-05-14 01:42:02",
        "Lines": "N41",
        "Lat": 52.2665,
        "Brigade": "183"
      },
      {
        "Lon": 20.9653,
        "Time": "2017-05-14 01:42:14",
        "Lines": "N41",
        "Lat": 52.2662,
        "Brigade": "183"
      },
      {
        "Lon": 20.9677,
        "Time": "2017-05-14 01:42:25",
        "Lines": "N41",
        "Lat": 52.2655,
        "Brigade": "183"
      },
      {
        "Lon": 20.9696,
        "Time": "2017-05-14 01:42:37",
        "Lines": "N41",
        "Lat": 52.265,
        "Brigade": "183"
      },
      {
        "Lon": 20.9715,
        "Time": "2017-05-14 01:42:48",
        "Lines": "N41",
        "Lat": 52.2644,
        "Brigade": "183"
      },
      {
        "Lon": 20.9713,
        "Time": "2017-05-14 01:43:00",
        "Lines": "N41",
        "Lat": 52.264,
        "Brigade": "183"
      },
      {
        "Lon": 20.9711,
        "Time": "2017-05-14 01:43:11",
        "Lines": "N41",
        "Lat": 52.2638,
        "Brigade": "183"
      },
      {
        "Lon": 20.9706,
        "Time": "2017-05-14 01:43:23",
        "Lines": "N41",
        "Lat": 52.2635,
        "Brigade": "183"
      },
      {
        "Lon": 20.9692,
        "Time": "2017-05-14 01:43:34",
        "Lines": "N41",
        "Lat": 52.2624,
        "Brigade": "183"
      },
      {
        "Lon": 20.9677,
        "Time": "2017-05-14 01:43:46",
        "Lines": "N41",
        "Lat": 52.2615,
        "Brigade": "183"
      },
      {
        "Lon": 20.9659,
        "Time": "2017-05-14 01:43:57",
        "Lines": "N41",
        "Lat": 52.2609,
        "Brigade": "183"
      },
      {
        "Lon": 20.9638,
        "Time": "2017-05-14 01:44:08",
        "Lines": "N41",
        "Lat": 52.2601,
        "Brigade": "183"
      },
      {
        "Lon": 20.9622,
        "Time": "2017-05-14 01:44:20",
        "Lines": "N41",
        "Lat": 52.2595,
        "Brigade": "183"
      },
      {
        "Lon": 20.9617,
        "Time": "2017-05-14 01:44:31",
        "Lines": "N41",
        "Lat": 52.2593,
        "Brigade": "183"
      },
      {
        "Lon": 20.9617,
        "Time": "2017-05-14 01:44:42",
        "Lines": "N41",
        "Lat": 52.2588,
        "Brigade": "183"
      },
      {
        "Lon": 20.962,
        "Time": "2017-05-14 01:44:54",
        "Lines": "N41",
        "Lat": 52.2587,
        "Brigade": "183"
      },
      {
        "Lon": 20.9626,
        "Time": "2017-05-14 01:45:05",
        "Lines": "N41",
        "Lat": 52.2585,
        "Brigade": "183"
      },
      {
        "Lon": 20.9644,
        "Time": "2017-05-14 01:45:16",
        "Lines": "N41",
        "Lat": 52.2578,
        "Brigade": "183"
      },
      {
        "Lon": 20.9666,
        "Time": "2017-05-14 01:45:28",
        "Lines": "N41",
        "Lat": 52.2569,
        "Brigade": "183"
      },
      {
        "Lon": 20.9689,
        "Time": "2017-05-14 01:45:40",
        "Lines": "N41",
        "Lat": 52.256,
        "Brigade": "183"
      },
      {
        "Lon": 20.9692,
        "Time": "2017-05-14 01:45:51",
        "Lines": "N41",
        "Lat": 52.2559,
        "Brigade": "183"
      },
      {
        "Lon": 20.9698,
        "Time": "2017-05-14 01:46:03",
        "Lines": "N41",
        "Lat": 52.2557,
        "Brigade": "183"
      },
      {
        "Lon": 20.9716,
        "Time": "2017-05-14 01:46:14",
        "Lines": "N41",
        "Lat": 52.2551,
        "Brigade": "183"
      },
      {
        "Lon": 20.9739,
        "Time": "2017-05-14 01:46:26",
        "Lines": "N41",
        "Lat": 52.2543,
        "Brigade": "183"
      },
      {
        "Lon": 20.9764,
        "Time": "2017-05-14 01:46:37",
        "Lines": "N41",
        "Lat": 52.2536,
        "Brigade": "183"
      },
      {
        "Lon": 20.9792,
        "Time": "2017-05-14 01:46:48",
        "Lines": "N41",
        "Lat": 52.2534,
        "Brigade": "183"
      },
      {
        "Lon": 20.9809,
        "Time": "2017-05-14 01:47:00",
        "Lines": "N41",
        "Lat": 52.2532,
        "Brigade": "183"
      },
      {
        "Lon": 20.9808,
        "Time": "2017-05-14 01:47:11",
        "Lines": "N41",
        "Lat": 52.2527,
        "Brigade": "183"
      },
      {
        "Lon": 20.9802,
        "Time": "2017-05-14 01:47:22",
        "Lines": "N41",
        "Lat": 52.2515,
        "Brigade": "183"
      },
      {
        "Lon": 20.9796,
        "Time": "2017-05-14 01:47:34",
        "Lines": "N41",
        "Lat": 52.2503,
        "Brigade": "183"
      },
      {
        "Lon": 20.979,
        "Time": "2017-05-14 01:47:45",
        "Lines": "N41",
        "Lat": 52.2488,
        "Brigade": "183"
      },
      {
        "Lon": 20.9783,
        "Time": "2017-05-14 01:47:57",
        "Lines": "N41",
        "Lat": 52.2474,
        "Brigade": "183"
      },
      {
        "Lon": 20.977,
        "Time": "2017-05-14 01:48:08",
        "Lines": "N41",
        "Lat": 52.2459,
        "Brigade": "183"
      },
      {
        "Lon": 20.977,
        "Time": "2017-05-14 01:48:20",
        "Lines": "N41",
        "Lat": 52.2446,
        "Brigade": "183"
      },
      {
        "Lon": 20.9776,
        "Time": "2017-05-14 01:48:31",
        "Lines": "N41",
        "Lat": 52.2442,
        "Brigade": "183"
      },
      {
        "Lon": 20.9788,
        "Time": "2017-05-14 01:48:43",
        "Lines": "N41",
        "Lat": 52.2445,
        "Brigade": "183"
      },
      {
        "Lon": 20.9788,
        "Time": "2017-05-14 01:48:55",
        "Lines": "N41",
        "Lat": 52.2445,
        "Brigade": "183"
      },
      {
        "Lon": 20.9795,
        "Time": "2017-05-14 01:49:06",
        "Lines": "N41",
        "Lat": 52.2447,
        "Brigade": "183"
      },
      {
        "Lon": 20.9812,
        "Time": "2017-05-14 01:49:18",
        "Lines": "N41",
        "Lat": 52.2451,
        "Brigade": "183"
      },
      {
        "Lon": 20.9832,
        "Time": "2017-05-14 01:49:29",
        "Lines": "N41",
        "Lat": 52.2456,
        "Brigade": "183"
      },
      {
        "Lon": 20.9849,
        "Time": "2017-05-14 01:49:40",
        "Lines": "N41",
        "Lat": 52.2461,
        "Brigade": "183"
      },
      {
        "Lon": 20.985,
        "Time": "2017-05-14 01:49:52",
        "Lines": "N41",
        "Lat": 52.2462,
        "Brigade": "183"
      },
      {
        "Lon": 20.986,
        "Time": "2017-05-14 01:50:03",
        "Lines": "N41",
        "Lat": 52.2465,
        "Brigade": "183"
      },
      {
        "Lon": 20.988,
        "Time": "2017-05-14 01:50:15",
        "Lines": "N41",
        "Lat": 52.2471,
        "Brigade": "183"
      },
      {
        "Lon": 20.9884,
        "Time": "2017-05-14 01:50:26",
        "Lines": "N41",
        "Lat": 52.2472,
        "Brigade": "183"
      },
      {
        "Lon": 20.9884,
        "Time": "2017-05-14 01:50:37",
        "Lines": "N41",
        "Lat": 52.2472,
        "Brigade": "183"
      },
      {
        "Lon": 20.9884,
        "Time": "2017-05-14 01:50:49",
        "Lines": "N41",
        "Lat": 52.2472,
        "Brigade": "183"
      },
      {
        "Lon": 20.9889,
        "Time": "2017-05-14 01:51:00",
        "Lines": "N41",
        "Lat": 52.2474,
        "Brigade": "183"
      },
      {
        "Lon": 20.9897,
        "Time": "2017-05-14 01:51:11",
        "Lines": "N41",
        "Lat": 52.2476,
        "Brigade": "183"
      },
      {
        "Lon": 20.9899,
        "Time": "2017-05-14 01:51:24",
        "Lines": "N41",
        "Lat": 52.2477,
        "Brigade": "183"
      },
      {
        "Lon": 20.9915,
        "Time": "2017-05-14 01:51:36",
        "Lines": "N41",
        "Lat": 52.2481,
        "Brigade": "183"
      },
      {
        "Lon": 20.9932,
        "Time": "2017-05-14 01:51:48",
        "Lines": "N41",
        "Lat": 52.2485,
        "Brigade": "183"
      },
      {
        "Lon": 20.9952,
        "Time": "2017-05-14 01:51:59",
        "Lines": "N41",
        "Lat": 52.2489,
        "Brigade": "183"
      },
      {
        "Lon": 20.9973,
        "Time": "2017-05-14 01:52:10",
        "Lines": "N41",
        "Lat": 52.2491,
        "Brigade": "183"
      },
      {
        "Lon": 20.9986,
        "Time": "2017-05-14 01:52:22",
        "Lines": "N41",
        "Lat": 52.2492,
        "Brigade": "183"
      },
      {
        "Lon": 20.9986,
        "Time": "2017-05-14 01:52:33",
        "Lines": "N41",
        "Lat": 52.2492,
        "Brigade": "183"
      },
      {
        "Lon": 20.9987,
        "Time": "2017-05-14 01:52:44",
        "Lines": "N41",
        "Lat": 52.2492,
        "Brigade": "183"
      },
      {
        "Lon": 20.9988,
        "Time": "2017-05-14 01:52:56",
        "Lines": "N41",
        "Lat": 52.2486,
        "Brigade": "183"
      },
      {
        "Lon": 20.9991,
        "Time": "2017-05-14 01:53:07",
        "Lines": "N41",
        "Lat": 52.2472,
        "Brigade": "183"
      },
      {
        "Lon": 20.9998,
        "Time": "2017-05-14 01:53:19",
        "Lines": "N41",
        "Lat": 52.2457,
        "Brigade": "183"
      },
      {
        "Lon": 21.0006,
        "Time": "2017-05-14 01:53:30",
        "Lines": "N41",
        "Lat": 52.2447,
        "Brigade": "183"
      },
      {
        "Lon": 21.0006,
        "Time": "2017-05-14 01:53:42",
        "Lines": "N41",
        "Lat": 52.2446,
        "Brigade": "183"
      },
      {
        "Lon": 21.0007,
        "Time": "2017-05-14 01:53:53",
        "Lines": "N41",
        "Lat": 52.2445,
        "Brigade": "183"
      },
      {
        "Lon": 21.0012,
        "Time": "2017-05-14 01:54:05",
        "Lines": "N41",
        "Lat": 52.2439,
        "Brigade": "183"
      },
      {
        "Lon": 21.0019,
        "Time": "2017-05-14 01:54:16",
        "Lines": "N41",
        "Lat": 52.2432,
        "Brigade": "183"
      },
      {
        "Lon": 21.0024,
        "Time": "2017-05-14 01:54:28",
        "Lines": "N41",
        "Lat": 52.2429,
        "Brigade": "183"
      },
      {
        "Lon": 21.0035,
        "Time": "2017-05-14 01:54:39",
        "Lines": "N41",
        "Lat": 52.2422,
        "Brigade": "183"
      },
      {
        "Lon": 21.004,
        "Time": "2017-05-14 01:54:51",
        "Lines": "N41",
        "Lat": 52.2409,
        "Brigade": "183"
      },
      {
        "Lon": 21.0058,
        "Time": "2017-05-14 01:55:15",
        "Lines": "N41",
        "Lat": 52.2386,
        "Brigade": "183"
      },
      {
        "Lon": 21.0062,
        "Time": "2017-05-14 01:55:26",
        "Lines": "N41",
        "Lat": 52.2385,
        "Brigade": "183"
      },
      {
        "Lon": 21.0062,
        "Time": "2017-05-14 01:55:37",
        "Lines": "N41",
        "Lat": 52.2384,
        "Brigade": "183"
      },
      {
        "Lon": 21.0062,
        "Time": "2017-05-14 01:55:48",
        "Lines": "N41",
        "Lat": 52.2384,
        "Brigade": "183"
      },
      {
        "Lon": 21.0062,
        "Time": "2017-05-14 01:56:00",
        "Lines": "N41",
        "Lat": 52.2384,
        "Brigade": "183"
      },
      {
        "Lon": 21.0065,
        "Time": "2017-05-14 01:56:11",
        "Lines": "N41",
        "Lat": 52.2382,
        "Brigade": "183"
      },
      {
        "Lon": 21.0072,
        "Time": "2017-05-14 01:56:22",
        "Lines": "N41",
        "Lat": 52.2371,
        "Brigade": "183"
      },
      {
        "Lon": 21.0078,
        "Time": "2017-05-14 01:56:34",
        "Lines": "N41",
        "Lat": 52.2361,
        "Brigade": "183"
      },
      {
        "Lon": 21.0082,
        "Time": "2017-05-14 01:56:45",
        "Lines": "N41",
        "Lat": 52.2353,
        "Brigade": "183"
      },
      {
        "Lon": 21.0074,
        "Time": "2017-05-14 01:57:08",
        "Lines": "N41",
        "Lat": 52.2351,
        "Brigade": "183"
      },
      {
        "Lon": 21.0069,
        "Time": "2017-05-14 01:57:20",
        "Lines": "N41",
        "Lat": 52.235,
        "Brigade": "183"
      },
      {
        "Lon": 21.0055,
        "Time": "2017-05-14 01:57:31",
        "Lines": "N41",
        "Lat": 52.2347,
        "Brigade": "183"
      },
      {
        "Lon": 21.0033,
        "Time": "2017-05-14 01:57:42",
        "Lines": "N41",
        "Lat": 52.2342,
        "Brigade": "183"
      },
      {
        "Lon": 21.0029,
        "Time": "2017-05-14 01:57:53",
        "Lines": "N41",
        "Lat": 52.2341,
        "Brigade": "183"
      },
      {
        "Lon": 21.0029,
        "Time": "2017-05-14 01:58:05",
        "Lines": "N41",
        "Lat": 52.2341,
        "Brigade": "183"
      },
      {
        "Lon": 21.0027,
        "Time": "2017-05-14 01:58:16",
        "Lines": "N41",
        "Lat": 52.2341,
        "Brigade": "183"
      },
      {
        "Lon": 21.0024,
        "Time": "2017-05-14 01:58:27",
        "Lines": "N41",
        "Lat": 52.2335,
        "Brigade": "183"
      },
      {
        "Lon": 21.0027,
        "Time": "2017-05-14 01:58:39",
        "Lines": "N41",
        "Lat": 52.2329,
        "Brigade": "183"
      },
      {
        "Lon": 21.0028,
        "Time": "2017-05-14 01:58:50",
        "Lines": "N41",
        "Lat": 52.2328,
        "Brigade": "183"
      },
      {
        "Lon": 21.0033,
        "Time": "2017-05-14 01:59:02",
        "Lines": "N41",
        "Lat": 52.2319,
        "Brigade": "183"
      },
      {
        "Lon": 21.0039,
        "Time": "2017-05-14 01:59:13",
        "Lines": "N41",
        "Lat": 52.2309,
        "Brigade": "183"
      },
      {
        "Lon": 21.0044,
        "Time": "2017-05-14 01:59:25",
        "Lines": "N41",
        "Lat": 52.23,
        "Brigade": "183"
      },
      {
        "Lon": 21.0043,
        "Time": "2017-05-14 01:59:36",
        "Lines": "N41",
        "Lat": 52.2301,
        "Brigade": "183"
      },
      {
        "Lon": 21.0043,
        "Time": "2017-05-14 01:59:48",
        "Lines": "N41",
        "Lat": 52.2301,
        "Brigade": "183"
      },
      {
        "Lon": 21.0044,
        "Time": "2017-05-14 01:59:59",
        "Lines": "N41",
        "Lat": 52.2299,
        "Brigade": "183"
      },
      {
        "Lon": 21.0046,
        "Time": "2017-05-14 02:00:10",
        "Lines": "N41",
        "Lat": 52.2298,
        "Brigade": "183"
      },
      {
        "Lon": 21.005,
        "Time": "2017-05-14 02:00:21",
        "Lines": "N41",
        "Lat": 52.2291,
        "Brigade": "183"
      },
      {
        "Lon": 21.005,
        "Time": "2017-05-14 02:00:33",
        "Lines": "N41",
        "Lat": 52.2289,
        "Brigade": "183"
      },
      {
        "Lon": 21.005,
        "Time": "2017-05-14 02:00:44",
        "Lines": "N41",
        "Lat": 52.2289,
        "Brigade": "183"
      },
      {
        "Lon": 21.005,
        "Time": "2017-05-14 02:00:56",
        "Lines": "N41",
        "Lat": 52.2289,
        "Brigade": "183"
      },
      {
        "Lon": 21.005,
        "Time": "2017-05-14 02:01:07",
        "Lines": "N41",
        "Lat": 52.2285,
        "Brigade": "183"
      },
      {
        "Lon": 21.0033,
        "Time": "2017-05-14 02:01:18",
        "Lines": "N41",
        "Lat": 52.2282,
        "Brigade": "183"
      },
      {
        "Lon": 21.0022,
        "Time": "2017-05-14 02:01:30",
        "Lines": "N41",
        "Lat": 52.2281,
        "Brigade": "183"
      },
      {
        "Lon": 21.0017,
        "Time": "2017-05-14 02:01:41",
        "Lines": "N41",
        "Lat": 52.2288,
        "Brigade": "183"
      },
      {
        "Lon": 21.0021,
        "Time": "2017-05-14 02:01:53",
        "Lines": "N41",
        "Lat": 52.2291,
        "Brigade": "183"
      },
      {
        "Lon": 21.0021,
        "Time": "2017-05-14 02:02:04",
        "Lines": "N41",
        "Lat": 52.2291,
        "Brigade": "183"
      },
      {
        "Lon": 21.0029,
        "Time": "2017-05-14 02:02:16",
        "Lines": "N41",
        "Lat": 52.2293,
        "Brigade": "183"
      },
      {
        "Lon": 21.003,
        "Time": "2017-05-14 02:02:27",
        "Lines": "N41",
        "Lat": 52.2293,
        "Brigade": "183"
      }
    ]
  }
]
