[
  {
    "res": [
      {
        "Lon": 20.9971,
        "Time": "2017-05-14 00:00:12",
        "Lines": "N41",
        "Lat": 52.2491,
        "Brigade": "181"
      },
      {
        "Lon": 20.998,
        "Time": "2017-05-14 00:00:28",
        "Lines": "N41",
        "Lat": 52.2492,
        "Brigade": "181"
      },
      {
        "Lon": 20.9986,
        "Time": "2017-05-14 00:00:53",
        "Lines": "N41",
        "Lat": 52.2493,
        "Brigade": "181"
      },
      {
        "Lon": 20.9993,
        "Time": "2017-05-14 00:01:09",
        "Lines": "N41",
        "Lat": 52.247,
        "Brigade": "181"
      },
      {
        "Lon": 21,
        "Time": "2017-05-14 00:01:28",
        "Lines": "N41",
        "Lat": 52.2455,
        "Brigade": "181"
      },
      {
        "Lon": 21.0006,
        "Time": "2017-05-14 00:01:43",
        "Lines": "N41",
        "Lat": 52.2449,
        "Brigade": "181"
      },
      {
        "Lon": 21.0018,
        "Time": "2017-05-14 00:01:59",
        "Lines": "N41",
        "Lat": 52.2434,
        "Brigade": "181"
      },
      {
        "Lon": 21.0022,
        "Time": "2017-05-14 00:02:14",
        "Lines": "N41",
        "Lat": 52.2431,
        "Brigade": "181"
      },
      {
        "Lon": 21.0022,
        "Time": "2017-05-14 00:02:30",
        "Lines": "N41",
        "Lat": 52.2431,
        "Brigade": "181"
      },
      {
        "Lon": 21.0022,
        "Time": "2017-05-14 00:02:45",
        "Lines": "N41",
        "Lat": 52.2431,
        "Brigade": "181"
      },
      {
        "Lon": 21.0026,
        "Time": "2017-05-14 00:03:01",
        "Lines": "N41",
        "Lat": 52.2429,
        "Brigade": "181"
      },
      {
        "Lon": 21.0039,
        "Time": "2017-05-14 00:03:18",
        "Lines": "N41",
        "Lat": 52.2419,
        "Brigade": "181"
      },
      {
        "Lon": 21.0041,
        "Time": "2017-05-14 00:03:35",
        "Lines": "N41",
        "Lat": 52.2402,
        "Brigade": "181"
      },
      {
        "Lon": 21.0057,
        "Time": "2017-05-14 00:03:51",
        "Lines": "N41",
        "Lat": 52.2387,
        "Brigade": "181"
      },
      {
        "Lon": 21.0061,
        "Time": "2017-05-14 00:04:08",
        "Lines": "N41",
        "Lat": 52.2385,
        "Brigade": "181"
      },
      {
        "Lon": 21.0061,
        "Time": "2017-05-14 00:04:23",
        "Lines": "N41",
        "Lat": 52.2385,
        "Brigade": "181"
      },
      {
        "Lon": 21.0064,
        "Time": "2017-05-14 00:04:54",
        "Lines": "N41",
        "Lat": 52.2383,
        "Brigade": "181"
      },
      {
        "Lon": 21.0074,
        "Time": "2017-05-14 00:05:10",
        "Lines": "N41",
        "Lat": 52.2368,
        "Brigade": "181"
      },
      {
        "Lon": 21.0083,
        "Time": "2017-05-14 00:05:34",
        "Lines": "N41",
        "Lat": 52.2353,
        "Brigade": "181"
      },
      {
        "Lon": 21.0073,
        "Time": "2017-05-14 00:05:50",
        "Lines": "N41",
        "Lat": 52.235,
        "Brigade": "181"
      },
      {
        "Lon": 21.0066,
        "Time": "2017-05-14 00:06:05",
        "Lines": "N41",
        "Lat": 52.2349,
        "Brigade": "181"
      },
      {
        "Lon": 21.0037,
        "Time": "2017-05-14 00:06:21",
        "Lines": "N41",
        "Lat": 52.2342,
        "Brigade": "181"
      },
      {
        "Lon": 21.0024,
        "Time": "2017-05-14 00:06:54",
        "Lines": "N41",
        "Lat": 52.2337,
        "Brigade": "181"
      },
      {
        "Lon": 21.0032,
        "Time": "2017-05-14 00:07:09",
        "Lines": "N41",
        "Lat": 52.2323,
        "Brigade": "181"
      },
      {
        "Lon": 21.0041,
        "Time": "2017-05-14 00:07:28",
        "Lines": "N41",
        "Lat": 52.2307,
        "Brigade": "181"
      },
      {
        "Lon": 21.0044,
        "Time": "2017-05-14 00:07:43",
        "Lines": "N41",
        "Lat": 52.23,
        "Brigade": "181"
      },
      {
        "Lon": 21.0046,
        "Time": "2017-05-14 00:07:58",
        "Lines": "N41",
        "Lat": 52.2297,
        "Brigade": "181"
      },
      {
        "Lon": 21.0052,
        "Time": "2017-05-14 00:08:14",
        "Lines": "N41",
        "Lat": 52.2286,
        "Brigade": "181"
      },
      {
        "Lon": 21.0037,
        "Time": "2017-05-14 00:08:30",
        "Lines": "N41",
        "Lat": 52.2283,
        "Brigade": "181"
      },
      {
        "Lon": 21.0025,
        "Time": "2017-05-14 00:08:45",
        "Lines": "N41",
        "Lat": 52.228,
        "Brigade": "181"
      },
      {
        "Lon": 21.0025,
        "Time": "2017-05-14 00:09:01",
        "Lines": "N41",
        "Lat": 52.228,
        "Brigade": "181"
      },
      {
        "Lon": 21.0021,
        "Time": "2017-05-14 00:09:18",
        "Lines": "N41",
        "Lat": 52.2281,
        "Brigade": "181"
      },
      {
        "Lon": 21.0019,
        "Time": "2017-05-14 00:09:33",
        "Lines": "N41",
        "Lat": 52.2289,
        "Brigade": "181"
      },
      {
        "Lon": 20.9641,
        "Time": "2017-05-14 01:14:11",
        "Lines": "N41",
        "Lat": 52.2665,
        "Brigade": "181"
      },
      {
        "Lon": 20.9673,
        "Time": "2017-05-14 01:14:28",
        "Lines": "N41",
        "Lat": 52.2656,
        "Brigade": "181"
      },
      {
        "Lon": 20.9692,
        "Time": "2017-05-14 01:14:43",
        "Lines": "N41",
        "Lat": 52.2651,
        "Brigade": "181"
      },
      {
        "Lon": 20.9718,
        "Time": "2017-05-14 01:14:59",
        "Lines": "N41",
        "Lat": 52.2643,
        "Brigade": "181"
      },
      {
        "Lon": 20.9703,
        "Time": "2017-05-14 01:15:32",
        "Lines": "N41",
        "Lat": 52.2631,
        "Brigade": "181"
      },
      {
        "Lon": 20.9688,
        "Time": "2017-05-14 01:15:42",
        "Lines": "N41",
        "Lat": 52.262,
        "Brigade": "181"
      },
      {
        "Lon": 20.967,
        "Time": "2017-05-14 01:15:52",
        "Lines": "N41",
        "Lat": 52.2611,
        "Brigade": "181"
      },
      {
        "Lon": 20.9648,
        "Time": "2017-05-14 01:16:02",
        "Lines": "N41",
        "Lat": 52.2604,
        "Brigade": "181"
      },
      {
        "Lon": 20.9629,
        "Time": "2017-05-14 01:16:12",
        "Lines": "N41",
        "Lat": 52.2597,
        "Brigade": "181"
      },
      {
        "Lon": 20.9619,
        "Time": "2017-05-14 01:16:22",
        "Lines": "N41",
        "Lat": 52.2593,
        "Brigade": "181"
      },
      {
        "Lon": 21.0023,
        "Time": "2017-05-14 01:30:54",
        "Lines": "N41",
        "Lat": 52.2292,
        "Brigade": "181"
      },
      {
        "Lon": 21.0044,
        "Time": "2017-05-14 01:36:36",
        "Lines": "N41",
        "Lat": 52.2308,
        "Brigade": "181"
      },
      {
        "Lon": 21.0034,
        "Time": "2017-05-14 01:36:52",
        "Lines": "N41",
        "Lat": 52.2325,
        "Brigade": "181"
      },
      {
        "Lon": 21.0032,
        "Time": "2017-05-14 01:37:08",
        "Lines": "N41",
        "Lat": 52.233,
        "Brigade": "181"
      },
      {
        "Lon": 21.0031,
        "Time": "2017-05-14 01:37:23",
        "Lines": "N41",
        "Lat": 52.2332,
        "Brigade": "181"
      },
      {
        "Lon": 21.0028,
        "Time": "2017-05-14 01:37:39",
        "Lines": "N41",
        "Lat": 52.2336,
        "Brigade": "181"
      },
      {
        "Lon": 21.0027,
        "Time": "2017-05-14 01:37:54",
        "Lines": "N41",
        "Lat": 52.2337,
        "Brigade": "181"
      },
      {
        "Lon": 21.0026,
        "Time": "2017-05-14 01:38:10",
        "Lines": "N41",
        "Lat": 52.2339,
        "Brigade": "181"
      },
      {
        "Lon": 21.0036,
        "Time": "2017-05-14 01:38:25",
        "Lines": "N41",
        "Lat": 52.2342,
        "Brigade": "181"
      },
      {
        "Lon": 21.0046,
        "Time": "2017-05-14 01:38:41",
        "Lines": "N41",
        "Lat": 52.2344,
        "Brigade": "181"
      },
      {
        "Lon": 21.0065,
        "Time": "2017-05-14 01:38:58",
        "Lines": "N41",
        "Lat": 52.2348,
        "Brigade": "181"
      },
      {
        "Lon": 21.0073,
        "Time": "2017-05-14 01:39:17",
        "Lines": "N41",
        "Lat": 52.2349,
        "Brigade": "181"
      },
      {
        "Lon": 21.0076,
        "Time": "2017-05-14 01:39:33",
        "Lines": "N41",
        "Lat": 52.235,
        "Brigade": "181"
      },
      {
        "Lon": 21.0077,
        "Time": "2017-05-14 01:39:48",
        "Lines": "N41",
        "Lat": 52.2351,
        "Brigade": "181"
      },
      {
        "Lon": 21.0077,
        "Time": "2017-05-14 01:40:04",
        "Lines": "N41",
        "Lat": 52.2351,
        "Brigade": "181"
      },
      {
        "Lon": 21.0085,
        "Time": "2017-05-14 01:40:19",
        "Lines": "N41",
        "Lat": 52.2353,
        "Brigade": "181"
      },
      {
        "Lon": 21.0079,
        "Time": "2017-05-14 01:40:35",
        "Lines": "N41",
        "Lat": 52.2366,
        "Brigade": "181"
      },
      {
        "Lon": 21.0074,
        "Time": "2017-05-14 01:41:06",
        "Lines": "N41",
        "Lat": 52.2375,
        "Brigade": "181"
      },
      {
        "Lon": 21.0074,
        "Time": "2017-05-14 01:41:23",
        "Lines": "N41",
        "Lat": 52.2376,
        "Brigade": "181"
      },
      {
        "Lon": 21.0071,
        "Time": "2017-05-14 01:41:39",
        "Lines": "N41",
        "Lat": 52.2379,
        "Brigade": "181"
      },
      {
        "Lon": 21.0071,
        "Time": "2017-05-14 01:41:54",
        "Lines": "N41",
        "Lat": 52.2379,
        "Brigade": "181"
      },
      {
        "Lon": 21.0071,
        "Time": "2017-05-14 01:42:10",
        "Lines": "N41",
        "Lat": 52.2379,
        "Brigade": "181"
      },
      {
        "Lon": 21.007,
        "Time": "2017-05-14 01:42:26",
        "Lines": "N41",
        "Lat": 52.238,
        "Brigade": "181"
      },
      {
        "Lon": 21.0058,
        "Time": "2017-05-14 01:42:45",
        "Lines": "N41",
        "Lat": 52.2388,
        "Brigade": "181"
      },
      {
        "Lon": 21.0026,
        "Time": "2017-05-14 01:43:19",
        "Lines": "N41",
        "Lat": 52.243,
        "Brigade": "181"
      },
      {
        "Lon": 21.0044,
        "Time": "2017-05-14 01:43:37",
        "Lines": "N41",
        "Lat": 52.2415,
        "Brigade": "181"
      },
      {
        "Lon": 21.0016,
        "Time": "2017-05-14 01:43:55",
        "Lines": "N41",
        "Lat": 52.244,
        "Brigade": "181"
      },
      {
        "Lon": 21.0016,
        "Time": "2017-05-14 01:44:11",
        "Lines": "N41",
        "Lat": 52.244,
        "Brigade": "181"
      },
      {
        "Lon": 21.0016,
        "Time": "2017-05-14 01:44:27",
        "Lines": "N41",
        "Lat": 52.244,
        "Brigade": "181"
      },
      {
        "Lon": 21.0015,
        "Time": "2017-05-14 01:44:43",
        "Lines": "N41",
        "Lat": 52.244,
        "Brigade": "181"
      },
      {
        "Lon": 21.0005,
        "Time": "2017-05-14 01:44:59",
        "Lines": "N41",
        "Lat": 52.2451,
        "Brigade": "181"
      },
      {
        "Lon": 21.0003,
        "Time": "2017-05-14 01:45:14",
        "Lines": "N41",
        "Lat": 52.2454,
        "Brigade": "181"
      },
      {
        "Lon": 20.9995,
        "Time": "2017-05-14 01:45:30",
        "Lines": "N41",
        "Lat": 52.2465,
        "Brigade": "181"
      },
      {
        "Lon": 20.999,
        "Time": "2017-05-14 01:45:48",
        "Lines": "N41",
        "Lat": 52.2474,
        "Brigade": "181"
      },
      {
        "Lon": 20.9972,
        "Time": "2017-05-14 01:46:04",
        "Lines": "N41",
        "Lat": 52.2469,
        "Brigade": "181"
      },
      {
        "Lon": 20.9961,
        "Time": "2017-05-14 01:46:19",
        "Lines": "N41",
        "Lat": 52.248,
        "Brigade": "181"
      },
      {
        "Lon": 20.9954,
        "Time": "2017-05-14 01:46:35",
        "Lines": "N41",
        "Lat": 52.249,
        "Brigade": "181"
      },
      {
        "Lon": 20.9933,
        "Time": "2017-05-14 01:46:50",
        "Lines": "N41",
        "Lat": 52.2486,
        "Brigade": "181"
      },
      {
        "Lon": 20.9901,
        "Time": "2017-05-14 01:47:06",
        "Lines": "N41",
        "Lat": 52.2478,
        "Brigade": "181"
      },
      {
        "Lon": 20.9894,
        "Time": "2017-05-14 01:47:40",
        "Lines": "N41",
        "Lat": 52.2476,
        "Brigade": "181"
      },
      {
        "Lon": 20.9894,
        "Time": "2017-05-14 01:47:56",
        "Lines": "N41",
        "Lat": 52.2476,
        "Brigade": "181"
      },
      {
        "Lon": 20.9889,
        "Time": "2017-05-14 01:48:12",
        "Lines": "N41",
        "Lat": 52.2475,
        "Brigade": "181"
      },
      {
        "Lon": 20.9864,
        "Time": "2017-05-14 01:48:28",
        "Lines": "N41",
        "Lat": 52.2466,
        "Brigade": "181"
      },
      {
        "Lon": 20.9855,
        "Time": "2017-05-14 01:48:44",
        "Lines": "N41",
        "Lat": 52.2464,
        "Brigade": "181"
      },
      {
        "Lon": 20.9843,
        "Time": "2017-05-14 01:48:59",
        "Lines": "N41",
        "Lat": 52.246,
        "Brigade": "181"
      },
      {
        "Lon": 20.9813,
        "Time": "2017-05-14 01:49:15",
        "Lines": "N41",
        "Lat": 52.2452,
        "Brigade": "181"
      },
      {
        "Lon": 20.9792,
        "Time": "2017-05-14 01:49:30",
        "Lines": "N41",
        "Lat": 52.2447,
        "Brigade": "181"
      },
      {
        "Lon": 20.9785,
        "Time": "2017-05-14 01:49:47",
        "Lines": "N41",
        "Lat": 52.2445,
        "Brigade": "181"
      },
      {
        "Lon": 20.9775,
        "Time": "2017-05-14 01:50:03",
        "Lines": "N41",
        "Lat": 52.2448,
        "Brigade": "181"
      },
      {
        "Lon": 20.9775,
        "Time": "2017-05-14 01:50:19",
        "Lines": "N41",
        "Lat": 52.245,
        "Brigade": "181"
      },
      {
        "Lon": 20.9779,
        "Time": "2017-05-14 01:50:35",
        "Lines": "N41",
        "Lat": 52.2467,
        "Brigade": "181"
      },
      {
        "Lon": 20.9795,
        "Time": "2017-05-14 01:50:50",
        "Lines": "N41",
        "Lat": 52.2488,
        "Brigade": "181"
      },
      {
        "Lon": 20.9797,
        "Time": "2017-05-14 01:51:06",
        "Lines": "N41",
        "Lat": 52.2492,
        "Brigade": "181"
      },
      {
        "Lon": 20.9799,
        "Time": "2017-05-14 01:51:23",
        "Lines": "N41",
        "Lat": 52.25,
        "Brigade": "181"
      },
      {
        "Lon": 20.9801,
        "Time": "2017-05-14 01:51:38",
        "Lines": "N41",
        "Lat": 52.2504,
        "Brigade": "181"
      },
      {
        "Lon": 20.9811,
        "Time": "2017-05-14 01:51:54",
        "Lines": "N41",
        "Lat": 52.2525,
        "Brigade": "181"
      },
      {
        "Lon": 20.9814,
        "Time": "2017-05-14 01:52:10",
        "Lines": "N41",
        "Lat": 52.253,
        "Brigade": "181"
      },
      {
        "Lon": 20.9814,
        "Time": "2017-05-14 01:52:25",
        "Lines": "N41",
        "Lat": 52.253,
        "Brigade": "181"
      },
      {
        "Lon": 20.9814,
        "Time": "2017-05-14 01:52:40",
        "Lines": "N41",
        "Lat": 52.253,
        "Brigade": "181"
      },
      {
        "Lon": 20.9814,
        "Time": "2017-05-14 01:52:57",
        "Lines": "N41",
        "Lat": 52.253,
        "Brigade": "181"
      },
      {
        "Lon": 20.9814,
        "Time": "2017-05-14 01:53:12",
        "Lines": "N41",
        "Lat": 52.2531,
        "Brigade": "181"
      },
      {
        "Lon": 20.9795,
        "Time": "2017-05-14 01:53:53",
        "Lines": "N41",
        "Lat": 52.2535,
        "Brigade": "181"
      },
      {
        "Lon": 20.9756,
        "Time": "2017-05-14 01:54:09",
        "Lines": "N41",
        "Lat": 52.2538,
        "Brigade": "181"
      },
      {
        "Lon": 20.9729,
        "Time": "2017-05-14 01:54:24",
        "Lines": "N41",
        "Lat": 52.2547,
        "Brigade": "181"
      },
      {
        "Lon": 20.9666,
        "Time": "2017-05-14 01:55:11",
        "Lines": "N41",
        "Lat": 52.2572,
        "Brigade": "181"
      },
      {
        "Lon": 20.9644,
        "Time": "2017-05-14 01:55:27",
        "Lines": "N41",
        "Lat": 52.258,
        "Brigade": "181"
      },
      {
        "Lon": 20.9618,
        "Time": "2017-05-14 01:55:42",
        "Lines": "N41",
        "Lat": 52.2591,
        "Brigade": "181"
      },
      {
        "Lon": 20.9623,
        "Time": "2017-05-14 01:55:58",
        "Lines": "N41",
        "Lat": 52.2594,
        "Brigade": "181"
      },
      {
        "Lon": 20.963,
        "Time": "2017-05-14 01:56:13",
        "Lines": "N41",
        "Lat": 52.2597,
        "Brigade": "181"
      },
      {
        "Lon": 20.9657,
        "Time": "2017-05-14 01:56:29",
        "Lines": "N41",
        "Lat": 52.2608,
        "Brigade": "181"
      },
      {
        "Lon": 20.9683,
        "Time": "2017-05-14 01:56:44",
        "Lines": "N41",
        "Lat": 52.2618,
        "Brigade": "181"
      },
      {
        "Lon": 20.9686,
        "Time": "2017-05-14 01:57:00",
        "Lines": "N41",
        "Lat": 52.2619,
        "Brigade": "181"
      },
      {
        "Lon": 20.9717,
        "Time": "2017-05-14 01:57:35",
        "Lines": "N41",
        "Lat": 52.2644,
        "Brigade": "181"
      },
      {
        "Lon": 20.9708,
        "Time": "2017-05-14 01:57:45",
        "Lines": "N41",
        "Lat": 52.2647,
        "Brigade": "181"
      },
      {
        "Lon": 20.9699,
        "Time": "2017-05-14 01:57:55",
        "Lines": "N41",
        "Lat": 52.265,
        "Brigade": "181"
      },
      {
        "Lon": 20.9698,
        "Time": "2017-05-14 01:58:05",
        "Lines": "N41",
        "Lat": 52.265,
        "Brigade": "181"
      },
      {
        "Lon": 20.9675,
        "Time": "2017-05-14 01:58:25",
        "Lines": "N41",
        "Lat": 52.2656,
        "Brigade": "181"
      },
      {
        "Lon": 20.9653,
        "Time": "2017-05-14 01:58:35",
        "Lines": "N41",
        "Lat": 52.2662,
        "Brigade": "181"
      },
      {
        "Lon": 20.9629,
        "Time": "2017-05-14 01:58:45",
        "Lines": "N41",
        "Lat": 52.2669,
        "Brigade": "181"
      },
      {
        "Lon": 20.9615,
        "Time": "2017-05-14 01:58:55",
        "Lines": "N41",
        "Lat": 52.2673,
        "Brigade": "181"
      },
      {
        "Lon": 20.9614,
        "Time": "2017-05-14 01:59:05",
        "Lines": "N41",
        "Lat": 52.2673,
        "Brigade": "181"
      },
      {
        "Lon": 20.9604,
        "Time": "2017-05-14 01:59:15",
        "Lines": "N41",
        "Lat": 52.2676,
        "Brigade": "181"
      },
      {
        "Lon": 20.9717,
        "Time": "2017-05-14 01:59:30",
        "Lines": "N41",
        "Lat": 52.2642,
        "Brigade": "181"
      },
      {
        "Lon": 20.9578,
        "Time": "2017-05-14 02:00:00",
        "Lines": "N41",
        "Lat": 52.2683,
        "Brigade": "181"
      },
      {
        "Lon": 20.9505,
        "Time": "2017-05-14 02:00:39",
        "Lines": "N41",
        "Lat": 52.2703,
        "Brigade": "181"
      },
      {
        "Lon": 20.9477,
        "Time": "2017-05-14 02:00:54",
        "Lines": "N41",
        "Lat": 52.2711,
        "Brigade": "181"
      },
      {
        "Lon": 20.9458,
        "Time": "2017-05-14 02:01:10",
        "Lines": "N41",
        "Lat": 52.2717,
        "Brigade": "181"
      },
      {
        "Lon": 20.9455,
        "Time": "2017-05-14 02:01:25",
        "Lines": "N41",
        "Lat": 52.2717,
        "Brigade": "181"
      },
      {
        "Lon": 20.9429,
        "Time": "2017-05-14 02:01:41",
        "Lines": "N41",
        "Lat": 52.2725,
        "Brigade": "181"
      },
      {
        "Lon": 20.9397,
        "Time": "2017-05-14 02:01:58",
        "Lines": "N41",
        "Lat": 52.2745,
        "Brigade": "181"
      },
      {
        "Lon": 20.9386,
        "Time": "2017-05-14 02:02:14",
        "Lines": "N41",
        "Lat": 52.2758,
        "Brigade": "181"
      },
      {
        "Lon": 20.939,
        "Time": "2017-05-14 02:02:48",
        "Lines": "N41",
        "Lat": 52.2774,
        "Brigade": "181"
      },
      {
        "Lon": 20.9391,
        "Time": "2017-05-14 02:03:04",
        "Lines": "N41",
        "Lat": 52.2776,
        "Brigade": "181"
      },
      {
        "Lon": 20.9391,
        "Time": "2017-05-14 02:03:20",
        "Lines": "N41",
        "Lat": 52.2779,
        "Brigade": "181"
      },
      {
        "Lon": 20.938,
        "Time": "2017-05-14 02:03:45",
        "Lines": "N41",
        "Lat": 52.2782,
        "Brigade": "181"
      },
      {
        "Lon": 20.9333,
        "Time": "2017-05-14 02:04:18",
        "Lines": "N41",
        "Lat": 52.2786,
        "Brigade": "181"
      },
      {
        "Lon": 20.933,
        "Time": "2017-05-14 02:04:28",
        "Lines": "N41",
        "Lat": 52.2787,
        "Brigade": "181"
      },
      {
        "Lon": 20.9326,
        "Time": "2017-05-14 02:04:38",
        "Lines": "N41",
        "Lat": 52.2787,
        "Brigade": "181"
      },
      {
        "Lon": 20.9308,
        "Time": "2017-05-14 02:04:49",
        "Lines": "N41",
        "Lat": 52.2792,
        "Brigade": "181"
      },
      {
        "Lon": 20.9291,
        "Time": "2017-05-14 02:04:59",
        "Lines": "N41",
        "Lat": 52.2798,
        "Brigade": "181"
      },
      {
        "Lon": 20.9272,
        "Time": "2017-05-14 02:05:09",
        "Lines": "N41",
        "Lat": 52.2804,
        "Brigade": "181"
      },
      {
        "Lon": 20.925,
        "Time": "2017-05-14 02:05:19",
        "Lines": "N41",
        "Lat": 52.281,
        "Brigade": "181"
      },
      {
        "Lon": 20.9234,
        "Time": "2017-05-14 02:05:29",
        "Lines": "N41",
        "Lat": 52.2814,
        "Brigade": "181"
      },
      {
        "Lon": 20.923,
        "Time": "2017-05-14 02:05:39",
        "Lines": "N41",
        "Lat": 52.2815,
        "Brigade": "181"
      },
      {
        "Lon": 20.923,
        "Time": "2017-05-14 02:05:49",
        "Lines": "N41",
        "Lat": 52.2815,
        "Brigade": "181"
      },
      {
        "Lon": 20.923,
        "Time": "2017-05-14 02:05:59",
        "Lines": "N41",
        "Lat": 52.2815,
        "Brigade": "181"
      },
      {
        "Lon": 20.9229,
        "Time": "2017-05-14 02:06:09",
        "Lines": "N41",
        "Lat": 52.2815,
        "Brigade": "181"
      },
      {
        "Lon": 20.9206,
        "Time": "2017-05-14 02:06:29",
        "Lines": "N41",
        "Lat": 52.282,
        "Brigade": "181"
      },
      {
        "Lon": 20.9334,
        "Time": "2017-05-14 02:06:41",
        "Lines": "N41",
        "Lat": 52.2786,
        "Brigade": "181"
      },
      {
        "Lon": 20.9244,
        "Time": "2017-05-14 02:07:10",
        "Lines": "N41",
        "Lat": 52.2858,
        "Brigade": "181"
      },
      {
        "Lon": 20.926,
        "Time": "2017-05-14 02:07:20",
        "Lines": "N41",
        "Lat": 52.2872,
        "Brigade": "181"
      },
      {
        "Lon": 20.9293,
        "Time": "2017-05-14 02:07:40",
        "Lines": "N41",
        "Lat": 52.2898,
        "Brigade": "181"
      },
      {
        "Lon": 20.9301,
        "Time": "2017-05-14 02:07:50",
        "Lines": "N41",
        "Lat": 52.2904,
        "Brigade": "181"
      },
      {
        "Lon": 20.9311,
        "Time": "2017-05-14 02:08:00",
        "Lines": "N41",
        "Lat": 52.29,
        "Brigade": "181"
      },
      {
        "Lon": 20.9314,
        "Time": "2017-05-14 02:08:10",
        "Lines": "N41",
        "Lat": 52.2899,
        "Brigade": "181"
      },
      {
        "Lon": 20.9337,
        "Time": "2017-05-14 02:08:41",
        "Lines": "N41",
        "Lat": 52.2889,
        "Brigade": "181"
      },
      {
        "Lon": 20.9339,
        "Time": "2017-05-14 02:08:51",
        "Lines": "N41",
        "Lat": 52.289,
        "Brigade": "181"
      },
      {
        "Lon": 20.924,
        "Time": "2017-05-14 02:08:57",
        "Lines": "N41",
        "Lat": 52.2855,
        "Brigade": "181"
      },
      {
        "Lon": 20.9346,
        "Time": "2017-05-14 02:09:13",
        "Lines": "N41",
        "Lat": 52.2896,
        "Brigade": "181"
      },
      {
        "Lon": 20.9368,
        "Time": "2017-05-14 02:09:28",
        "Lines": "N41",
        "Lat": 52.2912,
        "Brigade": "181"
      },
      {
        "Lon": 20.9391,
        "Time": "2017-05-14 02:09:44",
        "Lines": "N41",
        "Lat": 52.2928,
        "Brigade": "181"
      },
      {
        "Lon": 20.9446,
        "Time": "2017-05-14 02:10:21",
        "Lines": "N41",
        "Lat": 52.2949,
        "Brigade": "181"
      },
      {
        "Lon": 20.9447,
        "Time": "2017-05-14 02:10:32",
        "Lines": "N41",
        "Lat": 52.2949,
        "Brigade": "181"
      },
      {
        "Lon": 20.9436,
        "Time": "2017-05-14 02:11:12",
        "Lines": "N41",
        "Lat": 52.2968,
        "Brigade": "181"
      },
      {
        "Lon": 20.9424,
        "Time": "2017-05-14 02:11:22",
        "Lines": "N41",
        "Lat": 52.2981,
        "Brigade": "181"
      },
      {
        "Lon": 20.9411,
        "Time": "2017-05-14 02:11:32",
        "Lines": "N41",
        "Lat": 52.2994,
        "Brigade": "181"
      },
      {
        "Lon": 20.9401,
        "Time": "2017-05-14 02:11:42",
        "Lines": "N41",
        "Lat": 52.3009,
        "Brigade": "181"
      },
      {
        "Lon": 20.9441,
        "Time": "2017-05-14 02:11:55",
        "Lines": "N41",
        "Lat": 52.2947,
        "Brigade": "181"
      },
      {
        "Lon": 20.9368,
        "Time": "2017-05-14 02:12:13",
        "Lines": "N41",
        "Lat": 52.3043,
        "Brigade": "181"
      },
      {
        "Lon": 20.9335,
        "Time": "2017-05-14 02:12:29",
        "Lines": "N41",
        "Lat": 52.3058,
        "Brigade": "181"
      },
      {
        "Lon": 20.9317,
        "Time": "2017-05-14 02:12:44",
        "Lines": "N41",
        "Lat": 52.3068,
        "Brigade": "181"
      },
      {
        "Lon": 20.9291,
        "Time": "2017-05-14 02:13:00",
        "Lines": "N41",
        "Lat": 52.3082,
        "Brigade": "181"
      },
      {
        "Lon": 20.9277,
        "Time": "2017-05-14 02:13:18",
        "Lines": "N41",
        "Lat": 52.3088,
        "Brigade": "181"
      },
      {
        "Lon": 20.926,
        "Time": "2017-05-14 02:13:52",
        "Lines": "N41",
        "Lat": 52.3088,
        "Brigade": "181"
      },
      {
        "Lon": 20.9228,
        "Time": "2017-05-14 02:14:07",
        "Lines": "N41",
        "Lat": 52.3086,
        "Brigade": "181"
      },
      {
        "Lon": 20.9201,
        "Time": "2017-05-14 02:14:23",
        "Lines": "N41",
        "Lat": 52.3089,
        "Brigade": "181"
      },
      {
        "Lon": 20.9177,
        "Time": "2017-05-14 02:14:39",
        "Lines": "N41",
        "Lat": 52.3103,
        "Brigade": "181"
      },
      {
        "Lon": 20.9164,
        "Time": "2017-05-14 02:14:54",
        "Lines": "N41",
        "Lat": 52.311,
        "Brigade": "181"
      },
      {
        "Lon": 20.9164,
        "Time": "2017-05-14 02:15:09",
        "Lines": "N41",
        "Lat": 52.311,
        "Brigade": "181"
      },
      {
        "Lon": 20.9164,
        "Time": "2017-05-14 02:15:25",
        "Lines": "N41",
        "Lat": 52.311,
        "Brigade": "181"
      },
      {
        "Lon": 20.9163,
        "Time": "2017-05-14 02:15:40",
        "Lines": "N41",
        "Lat": 52.3111,
        "Brigade": "181"
      },
      {
        "Lon": 20.9152,
        "Time": "2017-05-14 02:15:58",
        "Lines": "N41",
        "Lat": 52.3118,
        "Brigade": "181"
      },
      {
        "Lon": 20.9171,
        "Time": "2017-05-14 02:16:32",
        "Lines": "N41",
        "Lat": 52.3129,
        "Brigade": "181"
      },
      {
        "Lon": 20.9171,
        "Time": "2017-05-14 02:16:50",
        "Lines": "N41",
        "Lat": 52.3129,
        "Brigade": "181"
      },
      {
        "Lon": 20.9171,
        "Time": "2017-05-14 02:17:07",
        "Lines": "N41",
        "Lat": 52.3129,
        "Brigade": "181"
      },
      {
        "Lon": 20.9171,
        "Time": "2017-05-14 02:17:23",
        "Lines": "N41",
        "Lat": 52.3129,
        "Brigade": "181"
      },
      {
        "Lon": 20.9171,
        "Time": "2017-05-14 02:17:41",
        "Lines": "N41",
        "Lat": 52.3129,
        "Brigade": "181"
      },
      {
        "Lon": 20.9171,
        "Time": "2017-05-14 02:17:57",
        "Lines": "N41",
        "Lat": 52.3129,
        "Brigade": "181"
      },
      {
        "Lon": 20.9171,
        "Time": "2017-05-14 02:18:13",
        "Lines": "N41",
        "Lat": 52.3129,
        "Brigade": "181"
      },
      {
        "Lon": 20.9171,
        "Time": "2017-05-14 02:18:28",
        "Lines": "N41",
        "Lat": 52.3129,
        "Brigade": "181"
      },
      {
        "Lon": 20.917,
        "Time": "2017-05-14 02:19:26",
        "Lines": "N41",
        "Lat": 52.3129,
        "Brigade": "181"
      },
      {
        "Lon": 20.917,
        "Time": "2017-05-14 02:19:36",
        "Lines": "N41",
        "Lat": 52.3129,
        "Brigade": "181"
      },
      {
        "Lon": 20.917,
        "Time": "2017-05-14 02:19:56",
        "Lines": "N41",
        "Lat": 52.3129,
        "Brigade": "181"
      },
      {
        "Lon": 20.917,
        "Time": "2017-05-14 02:20:06",
        "Lines": "N41",
        "Lat": 52.3129,
        "Brigade": "181"
      },
      {
        "Lon": 20.917,
        "Time": "2017-05-14 02:20:16",
        "Lines": "N41",
        "Lat": 52.3129,
        "Brigade": "181"
      },
      {
        "Lon": 20.917,
        "Time": "2017-05-14 02:20:27",
        "Lines": "N41",
        "Lat": 52.3129,
        "Brigade": "181"
      },
      {
        "Lon": 20.917,
        "Time": "2017-05-14 02:20:37",
        "Lines": "N41",
        "Lat": 52.3129,
        "Brigade": "181"
      },
      {
        "Lon": 20.9171,
        "Time": "2017-05-14 02:20:43",
        "Lines": "N41",
        "Lat": 52.3129,
        "Brigade": "181"
      },
      {
        "Lon": 20.9171,
        "Time": "2017-05-14 02:21:10",
        "Lines": "N41",
        "Lat": 52.3129,
        "Brigade": "181"
      },
      {
        "Lon": 20.9205,
        "Time": "2017-05-14 02:21:26",
        "Lines": "N41",
        "Lat": 52.3141,
        "Brigade": "181"
      },
      {
        "Lon": 20.9215,
        "Time": "2017-05-14 02:21:42",
        "Lines": "N41",
        "Lat": 52.3138,
        "Brigade": "181"
      },
      {
        "Lon": 20.9234,
        "Time": "2017-05-14 02:21:57",
        "Lines": "N41",
        "Lat": 52.3121,
        "Brigade": "181"
      },
      {
        "Lon": 20.9278,
        "Time": "2017-05-14 02:22:28",
        "Lines": "N41",
        "Lat": 52.3086,
        "Brigade": "181"
      },
      {
        "Lon": 20.9278,
        "Time": "2017-05-14 02:22:43",
        "Lines": "N41",
        "Lat": 52.3086,
        "Brigade": "181"
      },
      {
        "Lon": 20.9292,
        "Time": "2017-05-14 02:22:59",
        "Lines": "N41",
        "Lat": 52.3079,
        "Brigade": "181"
      },
      {
        "Lon": 20.9318,
        "Time": "2017-05-14 02:23:15",
        "Lines": "N41",
        "Lat": 52.3064,
        "Brigade": "181"
      },
      {
        "Lon": 20.9327,
        "Time": "2017-05-14 02:23:31",
        "Lines": "N41",
        "Lat": 52.3059,
        "Brigade": "181"
      },
      {
        "Lon": 20.9327,
        "Time": "2017-05-14 02:23:47",
        "Lines": "N41",
        "Lat": 52.3059,
        "Brigade": "181"
      },
      {
        "Lon": 20.9339,
        "Time": "2017-05-14 02:24:19",
        "Lines": "N41",
        "Lat": 52.3053,
        "Brigade": "181"
      },
      {
        "Lon": 20.9351,
        "Time": "2017-05-14 02:24:29",
        "Lines": "N41",
        "Lat": 52.3046,
        "Brigade": "181"
      },
      {
        "Lon": 20.9369,
        "Time": "2017-05-14 02:24:39",
        "Lines": "N41",
        "Lat": 52.3037,
        "Brigade": "181"
      },
      {
        "Lon": 20.9383,
        "Time": "2017-05-14 02:24:49",
        "Lines": "N41",
        "Lat": 52.3025,
        "Brigade": "181"
      },
      {
        "Lon": 20.9424,
        "Time": "2017-05-14 02:26:10",
        "Lines": "N41",
        "Lat": 52.2978,
        "Brigade": "181"
      },
      {
        "Lon": 20.9437,
        "Time": "2017-05-14 02:26:20",
        "Lines": "N41",
        "Lat": 52.2965,
        "Brigade": "181"
      },
      {
        "Lon": 20.9337,
        "Time": "2017-05-14 02:26:28",
        "Lines": "N41",
        "Lat": 52.3054,
        "Brigade": "181"
      },
      {
        "Lon": 20.9444,
        "Time": "2017-05-14 02:26:44",
        "Lines": "N41",
        "Lat": 52.2947,
        "Brigade": "181"
      },
      {
        "Lon": 20.9392,
        "Time": "2017-05-14 02:27:30",
        "Lines": "N41",
        "Lat": 52.2927,
        "Brigade": "181"
      },
      {
        "Lon": 20.9376,
        "Time": "2017-05-14 02:27:40",
        "Lines": "N41",
        "Lat": 52.2917,
        "Brigade": "181"
      },
      {
        "Lon": 20.936,
        "Time": "2017-05-14 02:27:51",
        "Lines": "N41",
        "Lat": 52.2905,
        "Brigade": "181"
      },
      {
        "Lon": 20.9347,
        "Time": "2017-05-14 02:28:01",
        "Lines": "N41",
        "Lat": 52.2895,
        "Brigade": "181"
      },
      {
        "Lon": 20.9342,
        "Time": "2017-05-14 02:28:11",
        "Lines": "N41",
        "Lat": 52.2893,
        "Brigade": "181"
      },
      {
        "Lon": 20.9432,
        "Time": "2017-05-14 02:28:20",
        "Lines": "N41",
        "Lat": 52.2944,
        "Brigade": "181"
      },
      {
        "Lon": 20.9319,
        "Time": "2017-05-14 02:28:39",
        "Lines": "N41",
        "Lat": 52.29,
        "Brigade": "181"
      },
      {
        "Lon": 20.9306,
        "Time": "2017-05-14 02:28:54",
        "Lines": "N41",
        "Lat": 52.2906,
        "Brigade": "181"
      },
      {
        "Lon": 20.9306,
        "Time": "2017-05-14 02:29:10",
        "Lines": "N41",
        "Lat": 52.2906,
        "Brigade": "181"
      },
      {
        "Lon": 20.9306,
        "Time": "2017-05-14 02:29:27",
        "Lines": "N41",
        "Lat": 52.2906,
        "Brigade": "181"
      },
      {
        "Lon": 20.9306,
        "Time": "2017-05-14 02:29:43",
        "Lines": "N41",
        "Lat": 52.2906,
        "Brigade": "181"
      },
      {
        "Lon": 20.9285,
        "Time": "2017-05-14 02:30:45",
        "Lines": "N41",
        "Lat": 52.2895,
        "Brigade": "181"
      },
      {
        "Lon": 20.9284,
        "Time": "2017-05-14 02:31:01",
        "Lines": "N41",
        "Lat": 52.289,
        "Brigade": "181"
      },
      {
        "Lon": 20.9262,
        "Time": "2017-05-14 02:31:17",
        "Lines": "N41",
        "Lat": 52.2873,
        "Brigade": "181"
      },
      {
        "Lon": 20.9239,
        "Time": "2017-05-14 02:31:34",
        "Lines": "N41",
        "Lat": 52.2854,
        "Brigade": "181"
      },
      {
        "Lon": 20.9206,
        "Time": "2017-05-14 02:32:18",
        "Lines": "N41",
        "Lat": 52.282,
        "Brigade": "181"
      },
      {
        "Lon": 20.9226,
        "Time": "2017-05-14 02:32:53",
        "Lines": "N41",
        "Lat": 52.2816,
        "Brigade": "181"
      },
      {
        "Lon": 20.925,
        "Time": "2017-05-14 02:33:13",
        "Lines": "N41",
        "Lat": 52.281,
        "Brigade": "181"
      },
      {
        "Lon": 20.9251,
        "Time": "2017-05-14 02:33:23",
        "Lines": "N41",
        "Lat": 52.2809,
        "Brigade": "181"
      },
      {
        "Lon": 20.9263,
        "Time": "2017-05-14 02:33:34",
        "Lines": "N41",
        "Lat": 52.2807,
        "Brigade": "181"
      },
      {
        "Lon": 20.9282,
        "Time": "2017-05-14 02:33:44",
        "Lines": "N41",
        "Lat": 52.2802,
        "Brigade": "181"
      },
      {
        "Lon": 20.93,
        "Time": "2017-05-14 02:33:54",
        "Lines": "N41",
        "Lat": 52.2795,
        "Brigade": "181"
      },
      {
        "Lon": 20.9315,
        "Time": "2017-05-14 02:34:04",
        "Lines": "N41",
        "Lat": 52.279,
        "Brigade": "181"
      },
      {
        "Lon": 20.9321,
        "Time": "2017-05-14 02:34:14",
        "Lines": "N41",
        "Lat": 52.2788,
        "Brigade": "181"
      },
      {
        "Lon": 20.9324,
        "Time": "2017-05-14 02:34:24",
        "Lines": "N41",
        "Lat": 52.2788,
        "Brigade": "181"
      },
      {
        "Lon": 20.9339,
        "Time": "2017-05-14 02:34:34",
        "Lines": "N41",
        "Lat": 52.2786,
        "Brigade": "181"
      },
      {
        "Lon": 20.9361,
        "Time": "2017-05-14 02:34:44",
        "Lines": "N41",
        "Lat": 52.2783,
        "Brigade": "181"
      },
      {
        "Lon": 20.9383,
        "Time": "2017-05-14 02:34:54",
        "Lines": "N41",
        "Lat": 52.278,
        "Brigade": "181"
      },
      {
        "Lon": 20.9387,
        "Time": "2017-05-14 02:35:14",
        "Lines": "N41",
        "Lat": 52.277,
        "Brigade": "181"
      },
      {
        "Lon": 20.9385,
        "Time": "2017-05-14 02:35:24",
        "Lines": "N41",
        "Lat": 52.276,
        "Brigade": "181"
      },
      {
        "Lon": 20.9384,
        "Time": "2017-05-14 02:35:34",
        "Lines": "N41",
        "Lat": 52.2758,
        "Brigade": "181"
      },
      {
        "Lon": 20.9384,
        "Time": "2017-05-14 02:35:45",
        "Lines": "N41",
        "Lat": 52.2758,
        "Brigade": "181"
      },
      {
        "Lon": 20.9228,
        "Time": "2017-05-14 02:35:59",
        "Lines": "N41",
        "Lat": 52.2815,
        "Brigade": "181"
      },
      {
        "Lon": 20.9393,
        "Time": "2017-05-14 02:36:17",
        "Lines": "N41",
        "Lat": 52.2747,
        "Brigade": "181"
      },
      {
        "Lon": 20.9394,
        "Time": "2017-05-14 02:36:33",
        "Lines": "N41",
        "Lat": 52.2747,
        "Brigade": "181"
      },
      {
        "Lon": 20.9409,
        "Time": "2017-05-14 02:36:48",
        "Lines": "N41",
        "Lat": 52.2736,
        "Brigade": "181"
      },
      {
        "Lon": 20.9434,
        "Time": "2017-05-14 02:37:04",
        "Lines": "N41",
        "Lat": 52.2723,
        "Brigade": "181"
      },
      {
        "Lon": 20.9464,
        "Time": "2017-05-14 02:37:20",
        "Lines": "N41",
        "Lat": 52.2714,
        "Brigade": "181"
      },
      {
        "Lon": 20.9495,
        "Time": "2017-05-14 02:37:36",
        "Lines": "N41",
        "Lat": 52.2706,
        "Brigade": "181"
      },
      {
        "Lon": 20.9527,
        "Time": "2017-05-14 02:37:51",
        "Lines": "N41",
        "Lat": 52.2697,
        "Brigade": "181"
      },
      {
        "Lon": 20.9537,
        "Time": "2017-05-14 02:38:16",
        "Lines": "N41",
        "Lat": 52.2694,
        "Brigade": "181"
      },
      {
        "Lon": 20.9563,
        "Time": "2017-05-14 02:38:32",
        "Lines": "N41",
        "Lat": 52.2687,
        "Brigade": "181"
      },
      {
        "Lon": 20.9586,
        "Time": "2017-05-14 02:38:48",
        "Lines": "N41",
        "Lat": 52.2677,
        "Brigade": "181"
      },
      {
        "Lon": 20.9604,
        "Time": "2017-05-14 02:39:03",
        "Lines": "N41",
        "Lat": 52.2672,
        "Brigade": "181"
      },
      {
        "Lon": 20.9611,
        "Time": "2017-05-14 02:39:19",
        "Lines": "N41",
        "Lat": 52.2671,
        "Brigade": "181"
      },
      {
        "Lon": 20.9661,
        "Time": "2017-05-14 02:39:50",
        "Lines": "N41",
        "Lat": 52.266,
        "Brigade": "181"
      },
      {
        "Lon": 20.9684,
        "Time": "2017-05-14 02:40:06",
        "Lines": "N41",
        "Lat": 52.2654,
        "Brigade": "181"
      },
      {
        "Lon": 20.9688,
        "Time": "2017-05-14 02:40:27",
        "Lines": "N41",
        "Lat": 52.2653,
        "Brigade": "181"
      },
      {
        "Lon": 20.9713,
        "Time": "2017-05-14 02:40:57",
        "Lines": "N41",
        "Lat": 52.2638,
        "Brigade": "181"
      },
      {
        "Lon": 20.9712,
        "Time": "2017-05-14 02:41:07",
        "Lines": "N41",
        "Lat": 52.2638,
        "Brigade": "181"
      },
      {
        "Lon": 20.9705,
        "Time": "2017-05-14 02:41:18",
        "Lines": "N41",
        "Lat": 52.2632,
        "Brigade": "181"
      },
      {
        "Lon": 20.9708,
        "Time": "2017-05-14 02:41:25",
        "Lines": "N41",
        "Lat": 52.2636,
        "Brigade": "181"
      },
      {
        "Lon": 20.9677,
        "Time": "2017-05-14 02:41:40",
        "Lines": "N41",
        "Lat": 52.2615,
        "Brigade": "181"
      },
      {
        "Lon": 20.965,
        "Time": "2017-05-14 02:41:58",
        "Lines": "N41",
        "Lat": 52.2605,
        "Brigade": "181"
      },
      {
        "Lon": 20.9625,
        "Time": "2017-05-14 02:42:14",
        "Lines": "N41",
        "Lat": 52.2596,
        "Brigade": "181"
      },
      {
        "Lon": 20.9616,
        "Time": "2017-05-14 02:42:29",
        "Lines": "N41",
        "Lat": 52.2593,
        "Brigade": "181"
      },
      {
        "Lon": 20.9616,
        "Time": "2017-05-14 02:42:45",
        "Lines": "N41",
        "Lat": 52.2593,
        "Brigade": "181"
      },
      {
        "Lon": 20.9616,
        "Time": "2017-05-14 02:43:01",
        "Lines": "N41",
        "Lat": 52.2593,
        "Brigade": "181"
      },
      {
        "Lon": 20.9627,
        "Time": "2017-05-14 02:43:32",
        "Lines": "N41",
        "Lat": 52.2585,
        "Brigade": "181"
      },
      {
        "Lon": 20.9651,
        "Time": "2017-05-14 02:43:48",
        "Lines": "N41",
        "Lat": 52.2576,
        "Brigade": "181"
      },
      {
        "Lon": 20.9675,
        "Time": "2017-05-14 02:44:03",
        "Lines": "N41",
        "Lat": 52.2566,
        "Brigade": "181"
      },
      {
        "Lon": 20.9701,
        "Time": "2017-05-14 02:44:19",
        "Lines": "N41",
        "Lat": 52.2557,
        "Brigade": "181"
      },
      {
        "Lon": 20.9728,
        "Time": "2017-05-14 02:44:35",
        "Lines": "N41",
        "Lat": 52.2547,
        "Brigade": "181"
      },
      {
        "Lon": 20.9752,
        "Time": "2017-05-14 02:44:50",
        "Lines": "N41",
        "Lat": 52.2538,
        "Brigade": "181"
      },
      {
        "Lon": 20.978,
        "Time": "2017-05-14 02:45:06",
        "Lines": "N41",
        "Lat": 52.2535,
        "Brigade": "181"
      },
      {
        "Lon": 20.9805,
        "Time": "2017-05-14 02:45:22",
        "Lines": "N41",
        "Lat": 52.2533,
        "Brigade": "181"
      },
      {
        "Lon": 20.9811,
        "Time": "2017-05-14 02:45:38",
        "Lines": "N41",
        "Lat": 52.2531,
        "Brigade": "181"
      },
      {
        "Lon": 20.9806,
        "Time": "2017-05-14 02:45:53",
        "Lines": "N41",
        "Lat": 52.2521,
        "Brigade": "181"
      },
      {
        "Lon": 20.98,
        "Time": "2017-05-14 02:46:08",
        "Lines": "N41",
        "Lat": 52.251,
        "Brigade": "181"
      },
      {
        "Lon": 20.9795,
        "Time": "2017-05-14 02:46:24",
        "Lines": "N41",
        "Lat": 52.25,
        "Brigade": "181"
      },
      {
        "Lon": 20.9791,
        "Time": "2017-05-14 02:46:40",
        "Lines": "N41",
        "Lat": 52.2488,
        "Brigade": "181"
      },
      {
        "Lon": 20.9786,
        "Time": "2017-05-14 02:46:55",
        "Lines": "N41",
        "Lat": 52.2477,
        "Brigade": "181"
      },
      {
        "Lon": 20.9773,
        "Time": "2017-05-14 02:47:11",
        "Lines": "N41",
        "Lat": 52.2464,
        "Brigade": "181"
      },
      {
        "Lon": 20.9771,
        "Time": "2017-05-14 02:47:28",
        "Lines": "N41",
        "Lat": 52.2448,
        "Brigade": "181"
      },
      {
        "Lon": 20.9771,
        "Time": "2017-05-14 02:47:43",
        "Lines": "N41",
        "Lat": 52.2444,
        "Brigade": "181"
      },
      {
        "Lon": 20.9779,
        "Time": "2017-05-14 02:47:59",
        "Lines": "N41",
        "Lat": 52.2443,
        "Brigade": "181"
      },
      {
        "Lon": 20.9788,
        "Time": "2017-05-14 02:48:14",
        "Lines": "N41",
        "Lat": 52.2445,
        "Brigade": "181"
      },
      {
        "Lon": 20.9796,
        "Time": "2017-05-14 02:48:33",
        "Lines": "N41",
        "Lat": 52.2447,
        "Brigade": "181"
      },
      {
        "Lon": 20.9822,
        "Time": "2017-05-14 02:48:48",
        "Lines": "N41",
        "Lat": 52.2454,
        "Brigade": "181"
      },
      {
        "Lon": 20.9848,
        "Time": "2017-05-14 02:49:04",
        "Lines": "N41",
        "Lat": 52.2461,
        "Brigade": "181"
      },
      {
        "Lon": 20.986,
        "Time": "2017-05-14 02:49:19",
        "Lines": "N41",
        "Lat": 52.2465,
        "Brigade": "181"
      },
      {
        "Lon": 20.9867,
        "Time": "2017-05-14 02:49:38",
        "Lines": "N41",
        "Lat": 52.2467,
        "Brigade": "181"
      },
      {
        "Lon": 20.9894,
        "Time": "2017-05-14 02:49:53",
        "Lines": "N41",
        "Lat": 52.2475,
        "Brigade": "181"
      },
      {
        "Lon": 20.9897,
        "Time": "2017-05-14 02:50:09",
        "Lines": "N41",
        "Lat": 52.2476,
        "Brigade": "181"
      },
      {
        "Lon": 20.9914,
        "Time": "2017-05-14 02:50:24",
        "Lines": "N41",
        "Lat": 52.2481,
        "Brigade": "181"
      },
      {
        "Lon": 20.9937,
        "Time": "2017-05-14 02:50:40",
        "Lines": "N41",
        "Lat": 52.2486,
        "Brigade": "181"
      },
      {
        "Lon": 20.9946,
        "Time": "2017-05-14 02:50:55",
        "Lines": "N41",
        "Lat": 52.2488,
        "Brigade": "181"
      },
      {
        "Lon": 20.9955,
        "Time": "2017-05-14 02:51:12",
        "Lines": "N41",
        "Lat": 52.249,
        "Brigade": "181"
      },
      {
        "Lon": 20.9984,
        "Time": "2017-05-14 02:51:43",
        "Lines": "N41",
        "Lat": 52.2492,
        "Brigade": "181"
      },
      {
        "Lon": 20.9986,
        "Time": "2017-05-14 02:52:08",
        "Lines": "N41",
        "Lat": 52.2493,
        "Brigade": "181"
      },
      {
        "Lon": 20.9991,
        "Time": "2017-05-14 02:52:23",
        "Lines": "N41",
        "Lat": 52.2478,
        "Brigade": "181"
      },
      {
        "Lon": 20.9995,
        "Time": "2017-05-14 02:52:39",
        "Lines": "N41",
        "Lat": 52.2465,
        "Brigade": "181"
      },
      {
        "Lon": 21,
        "Time": "2017-05-14 02:52:54",
        "Lines": "N41",
        "Lat": 52.2455,
        "Brigade": "181"
      },
      {
        "Lon": 21,
        "Time": "2017-05-14 02:53:10",
        "Lines": "N41",
        "Lat": 52.2455,
        "Brigade": "181"
      },
      {
        "Lon": 21.0001,
        "Time": "2017-05-14 02:53:26",
        "Lines": "N41",
        "Lat": 52.2454,
        "Brigade": "181"
      },
      {
        "Lon": 21.0006,
        "Time": "2017-05-14 02:53:42",
        "Lines": "N41",
        "Lat": 52.2447,
        "Brigade": "181"
      },
      {
        "Lon": 21.0007,
        "Time": "2017-05-14 02:53:58",
        "Lines": "N41",
        "Lat": 52.2447,
        "Brigade": "181"
      },
      {
        "Lon": 21.0016,
        "Time": "2017-05-14 02:54:14",
        "Lines": "N41",
        "Lat": 52.2436,
        "Brigade": "181"
      },
      {
        "Lon": 21.0022,
        "Time": "2017-05-14 02:54:32",
        "Lines": "N41",
        "Lat": 52.2431,
        "Brigade": "181"
      },
      {
        "Lon": 21.0022,
        "Time": "2017-05-14 02:54:48",
        "Lines": "N41",
        "Lat": 52.2431,
        "Brigade": "181"
      },
      {
        "Lon": 21.0022,
        "Time": "2017-05-14 02:55:03",
        "Lines": "N41",
        "Lat": 52.2431,
        "Brigade": "181"
      },
      {
        "Lon": 21.0022,
        "Time": "2017-05-14 02:55:19",
        "Lines": "N41",
        "Lat": 52.2431,
        "Brigade": "181"
      },
      {
        "Lon": 21.0041,
        "Time": "2017-05-14 02:55:50",
        "Lines": "N41",
        "Lat": 52.2412,
        "Brigade": "181"
      },
      {
        "Lon": 21.0047,
        "Time": "2017-05-14 02:56:10",
        "Lines": "N41",
        "Lat": 52.2393,
        "Brigade": "181"
      },
      {
        "Lon": 21.0059,
        "Time": "2017-05-14 02:56:25",
        "Lines": "N41",
        "Lat": 52.2387,
        "Brigade": "181"
      },
      {
        "Lon": 21.0068,
        "Time": "2017-05-14 02:56:42",
        "Lines": "N41",
        "Lat": 52.2379,
        "Brigade": "181"
      },
      {
        "Lon": 21.0074,
        "Time": "2017-05-14 02:57:01",
        "Lines": "N41",
        "Lat": 52.2369,
        "Brigade": "181"
      },
      {
        "Lon": 21.0082,
        "Time": "2017-05-14 02:57:17",
        "Lines": "N41",
        "Lat": 52.2355,
        "Brigade": "181"
      },
      {
        "Lon": 21.0083,
        "Time": "2017-05-14 02:57:33",
        "Lines": "N41",
        "Lat": 52.2353,
        "Brigade": "181"
      },
      {
        "Lon": 21.0079,
        "Time": "2017-05-14 02:57:52",
        "Lines": "N41",
        "Lat": 52.2351,
        "Brigade": "181"
      },
      {
        "Lon": 21.0072,
        "Time": "2017-05-14 02:58:08",
        "Lines": "N41",
        "Lat": 52.235,
        "Brigade": "181"
      },
      {
        "Lon": 21.0048,
        "Time": "2017-05-14 02:58:23",
        "Lines": "N41",
        "Lat": 52.2345,
        "Brigade": "181"
      },
      {
        "Lon": 21.003,
        "Time": "2017-05-14 02:58:39",
        "Lines": "N41",
        "Lat": 52.2341,
        "Brigade": "181"
      },
      {
        "Lon": 21.003,
        "Time": "2017-05-14 02:58:54",
        "Lines": "N41",
        "Lat": 52.2341,
        "Brigade": "181"
      },
      {
        "Lon": 21.003,
        "Time": "2017-05-14 02:59:10",
        "Lines": "N41",
        "Lat": 52.2341,
        "Brigade": "181"
      },
      {
        "Lon": 21.003,
        "Time": "2017-05-14 02:59:25",
        "Lines": "N41",
        "Lat": 52.2341,
        "Brigade": "181"
      },
      {
        "Lon": 21.003,
        "Time": "2017-05-14 02:59:45",
        "Lines": "N41",
        "Lat": 52.2341,
        "Brigade": "181"
      },
      {
        "Lon": 21.003,
        "Time": "2017-05-14 03:00:10",
        "Lines": "N41",
        "Lat": 52.2341,
        "Brigade": "181"
      },
      {
        "Lon": 21.003,
        "Time": "2017-05-14 03:00:28",
        "Lines": "N41",
        "Lat": 52.2327,
        "Brigade": "181"
      },
      {
        "Lon": 21.0039,
        "Time": "2017-05-14 03:00:46",
        "Lines": "N41",
        "Lat": 52.231,
        "Brigade": "181"
      },
      {
        "Lon": 21.0045,
        "Time": "2017-05-14 03:01:02",
        "Lines": "N41",
        "Lat": 52.23,
        "Brigade": "181"
      },
      {
        "Lon": 21.0045,
        "Time": "2017-05-14 03:01:18",
        "Lines": "N41",
        "Lat": 52.23,
        "Brigade": "181"
      },
      {
        "Lon": 21.0045,
        "Time": "2017-05-14 03:01:33",
        "Lines": "N41",
        "Lat": 52.23,
        "Brigade": "181"
      },
      {
        "Lon": 21.0045,
        "Time": "2017-05-14 03:01:49",
        "Lines": "N41",
        "Lat": 52.2299,
        "Brigade": "181"
      },
      {
        "Lon": 21.0046,
        "Time": "2017-05-14 03:02:23",
        "Lines": "N41",
        "Lat": 52.2299,
        "Brigade": "181"
      },
      {
        "Lon": 21.0051,
        "Time": "2017-05-14 03:02:39",
        "Lines": "N41",
        "Lat": 52.2289,
        "Brigade": "181"
      },
      {
        "Lon": 21.0052,
        "Time": "2017-05-14 03:02:55",
        "Lines": "N41",
        "Lat": 52.2289,
        "Brigade": "181"
      },
      {
        "Lon": 21.0052,
        "Time": "2017-05-14 03:03:10",
        "Lines": "N41",
        "Lat": 52.2289,
        "Brigade": "181"
      },
      {
        "Lon": 21.0049,
        "Time": "2017-05-14 03:03:26",
        "Lines": "N41",
        "Lat": 52.2285,
        "Brigade": "181"
      },
      {
        "Lon": 21.0029,
        "Time": "2017-05-14 03:03:42",
        "Lines": "N41",
        "Lat": 52.2281,
        "Brigade": "181"
      },
      {
        "Lon": 21.0023,
        "Time": "2017-05-14 03:03:57",
        "Lines": "N41",
        "Lat": 52.228,
        "Brigade": "181"
      },
      {
        "Lon": 21.0018,
        "Time": "2017-05-14 03:04:13",
        "Lines": "N41",
        "Lat": 52.2286,
        "Brigade": "181"
      }
    ]
  }
]
