[
  {
    "res": [
      {
        "Lon": 21.0028,
        "Time": "2017-05-14 00:00:06",
        "Lines": "N46",
        "Lat": 52.2293,
        "Brigade": "03"
      },
      {
        "Lon": 21.0028,
        "Time": "2017-05-14 00:13:54",
        "Lines": "N46",
        "Lat": 52.2293,
        "Brigade": "03"
      },
      {
        "Lon": 21.0035,
        "Time": "2017-05-14 00:17:37",
        "Lines": "N46",
        "Lat": 52.2318,
        "Brigade": "03"
      },
      {
        "Lon": 21.003,
        "Time": "2017-05-14 00:17:46",
        "Lines": "N46",
        "Lat": 52.2328,
        "Brigade": "03"
      },
      {
        "Lon": 21.0029,
        "Time": "2017-05-14 00:18:08",
        "Lines": "N46",
        "Lat": 52.2332,
        "Brigade": "03"
      },
      {
        "Lon": 21.0027,
        "Time": "2017-05-14 00:18:18",
        "Lines": "N46",
        "Lat": 52.2333,
        "Brigade": "03"
      },
      {
        "Lon": 21.0026,
        "Time": "2017-05-14 00:18:28",
        "Lines": "N46",
        "Lat": 52.2334,
        "Brigade": "03"
      },
      {
        "Lon": 21.0026,
        "Time": "2017-05-14 00:18:35",
        "Lines": "N46",
        "Lat": 52.2334,
        "Brigade": "03"
      },
      {
        "Lon": 20.9994,
        "Time": "2017-05-14 00:19:08",
        "Lines": "N46",
        "Lat": 52.2333,
        "Brigade": "03"
      },
      {
        "Lon": 20.999,
        "Time": "2017-05-14 00:19:18",
        "Lines": "N46",
        "Lat": 52.2333,
        "Brigade": "03"
      },
      {
        "Lon": 20.9987,
        "Time": "2017-05-14 00:19:27",
        "Lines": "N46",
        "Lat": 52.2332,
        "Brigade": "03"
      },
      {
        "Lon": 20.9973,
        "Time": "2017-05-14 00:19:38",
        "Lines": "N46",
        "Lat": 52.2345,
        "Brigade": "03"
      },
      {
        "Lon": 20.9975,
        "Time": "2017-05-14 00:19:48",
        "Lines": "N46",
        "Lat": 52.2346,
        "Brigade": "03"
      },
      {
        "Lon": 20.9976,
        "Time": "2017-05-14 00:19:59",
        "Lines": "N46",
        "Lat": 52.2347,
        "Brigade": "03"
      },
      {
        "Lon": 20.9975,
        "Time": "2017-05-14 00:20:08",
        "Lines": "N46",
        "Lat": 52.2347,
        "Brigade": "03"
      },
      {
        "Lon": 20.9972,
        "Time": "2017-05-14 00:20:19",
        "Lines": "N46",
        "Lat": 52.2352,
        "Brigade": "03"
      },
      {
        "Lon": 20.9972,
        "Time": "2017-05-14 00:20:28",
        "Lines": "N46",
        "Lat": 52.2355,
        "Brigade": "03"
      },
      {
        "Lon": 20.9972,
        "Time": "2017-05-14 00:20:39",
        "Lines": "N46",
        "Lat": 52.2355,
        "Brigade": "03"
      },
      {
        "Lon": 20.9984,
        "Time": "2017-05-14 00:21:09",
        "Lines": "N46",
        "Lat": 52.2357,
        "Brigade": "03"
      },
      {
        "Lon": 20.9997,
        "Time": "2017-05-14 00:21:29",
        "Lines": "N46",
        "Lat": 52.236,
        "Brigade": "03"
      },
      {
        "Lon": 20.9989,
        "Time": "2017-05-14 00:21:39",
        "Lines": "N46",
        "Lat": 52.2366,
        "Brigade": "03"
      },
      {
        "Lon": 20.9981,
        "Time": "2017-05-14 00:21:49",
        "Lines": "N46",
        "Lat": 52.2375,
        "Brigade": "03"
      },
      {
        "Lon": 20.9974,
        "Time": "2017-05-14 00:21:59",
        "Lines": "N46",
        "Lat": 52.2379,
        "Brigade": "03"
      },
      {
        "Lon": 20.9972,
        "Time": "2017-05-14 00:22:10",
        "Lines": "N46",
        "Lat": 52.238,
        "Brigade": "03"
      },
      {
        "Lon": 20.9963,
        "Time": "2017-05-14 00:22:30",
        "Lines": "N46",
        "Lat": 52.2394,
        "Brigade": "03"
      },
      {
        "Lon": 20.9943,
        "Time": "2017-05-14 00:23:10",
        "Lines": "N46",
        "Lat": 52.2412,
        "Brigade": "03"
      },
      {
        "Lon": 20.9941,
        "Time": "2017-05-14 00:23:20",
        "Lines": "N46",
        "Lat": 52.2412,
        "Brigade": "03"
      },
      {
        "Lon": 20.994,
        "Time": "2017-05-14 00:23:29",
        "Lines": "N46",
        "Lat": 52.2414,
        "Brigade": "03"
      },
      {
        "Lon": 20.9934,
        "Time": "2017-05-14 00:23:40",
        "Lines": "N46",
        "Lat": 52.2422,
        "Brigade": "03"
      },
      {
        "Lon": 20.9926,
        "Time": "2017-05-14 00:23:50",
        "Lines": "N46",
        "Lat": 52.2432,
        "Brigade": "03"
      },
      {
        "Lon": 20.9918,
        "Time": "2017-05-14 00:24:00",
        "Lines": "N46",
        "Lat": 52.2441,
        "Brigade": "03"
      },
      {
        "Lon": 20.9917,
        "Time": "2017-05-14 00:24:10",
        "Lines": "N46",
        "Lat": 52.2442,
        "Brigade": "03"
      },
      {
        "Lon": 20.9888,
        "Time": "2017-05-14 00:25:21",
        "Lines": "N46",
        "Lat": 52.2475,
        "Brigade": "03"
      },
      {
        "Lon": 20.9885,
        "Time": "2017-05-14 00:25:31",
        "Lines": "N46",
        "Lat": 52.2479,
        "Brigade": "03"
      },
      {
        "Lon": 20.9885,
        "Time": "2017-05-14 00:25:41",
        "Lines": "N46",
        "Lat": 52.2479,
        "Brigade": "03"
      },
      {
        "Lon": 20.9881,
        "Time": "2017-05-14 00:25:51",
        "Lines": "N46",
        "Lat": 52.2483,
        "Brigade": "03"
      },
      {
        "Lon": 20.9872,
        "Time": "2017-05-14 00:26:01",
        "Lines": "N46",
        "Lat": 52.2492,
        "Brigade": "03"
      },
      {
        "Lon": 20.9861,
        "Time": "2017-05-14 00:26:11",
        "Lines": "N46",
        "Lat": 52.2504,
        "Brigade": "03"
      },
      {
        "Lon": 20.9833,
        "Time": "2017-05-14 00:27:22",
        "Lines": "N46",
        "Lat": 52.2539,
        "Brigade": "03"
      },
      {
        "Lon": 20.9831,
        "Time": "2017-05-14 00:27:32",
        "Lines": "N46",
        "Lat": 52.2541,
        "Brigade": "03"
      },
      {
        "Lon": 20.983,
        "Time": "2017-05-14 00:27:43",
        "Lines": "N46",
        "Lat": 52.2544,
        "Brigade": "03"
      },
      {
        "Lon": 20.983,
        "Time": "2017-05-14 00:27:52",
        "Lines": "N46",
        "Lat": 52.255,
        "Brigade": "03"
      },
      {
        "Lon": 20.9821,
        "Time": "2017-05-14 00:28:02",
        "Lines": "N46",
        "Lat": 52.2555,
        "Brigade": "03"
      },
      {
        "Lon": 20.9821,
        "Time": "2017-05-14 00:28:13",
        "Lines": "N46",
        "Lat": 52.2557,
        "Brigade": "03"
      },
      {
        "Lon": 20.9807,
        "Time": "2017-05-14 00:29:23",
        "Lines": "N46",
        "Lat": 52.2611,
        "Brigade": "03"
      },
      {
        "Lon": 20.98,
        "Time": "2017-05-14 00:29:33",
        "Lines": "N46",
        "Lat": 52.2624,
        "Brigade": "03"
      },
      {
        "Lon": 20.9795,
        "Time": "2017-05-14 00:29:43",
        "Lines": "N46",
        "Lat": 52.2629,
        "Brigade": "03"
      },
      {
        "Lon": 20.9795,
        "Time": "2017-05-14 00:29:54",
        "Lines": "N46",
        "Lat": 52.263,
        "Brigade": "03"
      },
      {
        "Lon": 20.9791,
        "Time": "2017-05-14 00:31:14",
        "Lines": "N46",
        "Lat": 52.2668,
        "Brigade": "03"
      },
      {
        "Lon": 20.9798,
        "Time": "2017-05-14 00:31:24",
        "Lines": "N46",
        "Lat": 52.2669,
        "Brigade": "03"
      },
      {
        "Lon": 20.9799,
        "Time": "2017-05-14 00:31:34",
        "Lines": "N46",
        "Lat": 52.2669,
        "Brigade": "03"
      },
      {
        "Lon": 20.9808,
        "Time": "2017-05-14 00:31:45",
        "Lines": "N46",
        "Lat": 52.2669,
        "Brigade": "03"
      },
      {
        "Lon": 20.9871,
        "Time": "2017-05-14 00:33:05",
        "Lines": "N46",
        "Lat": 52.2689,
        "Brigade": "03"
      },
      {
        "Lon": 20.9863,
        "Time": "2017-05-14 00:33:15",
        "Lines": "N46",
        "Lat": 52.2692,
        "Brigade": "03"
      },
      {
        "Lon": 20.9834,
        "Time": "2017-05-14 00:34:26",
        "Lines": "N46",
        "Lat": 52.2726,
        "Brigade": "03"
      },
      {
        "Lon": 20.9749,
        "Time": "2017-05-14 00:36:57",
        "Lines": "N46",
        "Lat": 52.2792,
        "Brigade": "03"
      },
      {
        "Lon": 20.9738,
        "Time": "2017-05-14 00:37:07",
        "Lines": "N46",
        "Lat": 52.2792,
        "Brigade": "03"
      },
      {
        "Lon": 20.9734,
        "Time": "2017-05-14 00:37:17",
        "Lines": "N46",
        "Lat": 52.2799,
        "Brigade": "03"
      },
      {
        "Lon": 20.973,
        "Time": "2017-05-14 00:37:27",
        "Lines": "N46",
        "Lat": 52.281,
        "Brigade": "03"
      },
      {
        "Lon": 20.9724,
        "Time": "2017-05-14 00:37:37",
        "Lines": "N46",
        "Lat": 52.282,
        "Brigade": "03"
      },
      {
        "Lon": 20.9723,
        "Time": "2017-05-14 00:37:47",
        "Lines": "N46",
        "Lat": 52.2824,
        "Brigade": "03"
      },
      {
        "Lon": 20.9723,
        "Time": "2017-05-14 00:37:58",
        "Lines": "N46",
        "Lat": 52.2824,
        "Brigade": "03"
      },
      {
        "Lon": 20.9722,
        "Time": "2017-05-14 00:38:08",
        "Lines": "N46",
        "Lat": 52.2825,
        "Brigade": "03"
      },
      {
        "Lon": 20.9718,
        "Time": "2017-05-14 00:38:18",
        "Lines": "N46",
        "Lat": 52.2832,
        "Brigade": "03"
      },
      {
        "Lon": 20.9712,
        "Time": "2017-05-14 00:38:28",
        "Lines": "N46",
        "Lat": 52.2842,
        "Brigade": "03"
      },
      {
        "Lon": 20.9692,
        "Time": "2017-05-14 00:38:58",
        "Lines": "N46",
        "Lat": 52.2846,
        "Brigade": "03"
      },
      {
        "Lon": 20.9678,
        "Time": "2017-05-14 00:39:08",
        "Lines": "N46",
        "Lat": 52.284,
        "Brigade": "03"
      },
      {
        "Lon": 20.9671,
        "Time": "2017-05-14 00:39:18",
        "Lines": "N46",
        "Lat": 52.2838,
        "Brigade": "03"
      },
      {
        "Lon": 20.9671,
        "Time": "2017-05-14 00:39:28",
        "Lines": "N46",
        "Lat": 52.2838,
        "Brigade": "03"
      },
      {
        "Lon": 20.9665,
        "Time": "2017-05-14 00:39:38",
        "Lines": "N46",
        "Lat": 52.2836,
        "Brigade": "03"
      },
      {
        "Lon": 20.9649,
        "Time": "2017-05-14 00:39:48",
        "Lines": "N46",
        "Lat": 52.2831,
        "Brigade": "03"
      },
      {
        "Lon": 20.9632,
        "Time": "2017-05-14 00:39:59",
        "Lines": "N46",
        "Lat": 52.2826,
        "Brigade": "03"
      },
      {
        "Lon": 20.9616,
        "Time": "2017-05-14 00:40:09",
        "Lines": "N46",
        "Lat": 52.282,
        "Brigade": "03"
      },
      {
        "Lon": 20.96,
        "Time": "2017-05-14 00:40:19",
        "Lines": "N46",
        "Lat": 52.2815,
        "Brigade": "03"
      },
      {
        "Lon": 20.9589,
        "Time": "2017-05-14 00:40:59",
        "Lines": "N46",
        "Lat": 52.2811,
        "Brigade": "03"
      },
      {
        "Lon": 20.9586,
        "Time": "2017-05-14 00:41:09",
        "Lines": "N46",
        "Lat": 52.2811,
        "Brigade": "03"
      },
      {
        "Lon": 20.9581,
        "Time": "2017-05-14 00:41:19",
        "Lines": "N46",
        "Lat": 52.2814,
        "Brigade": "03"
      },
      {
        "Lon": 20.9573,
        "Time": "2017-05-14 00:41:29",
        "Lines": "N46",
        "Lat": 52.2823,
        "Brigade": "03"
      },
      {
        "Lon": 20.9564,
        "Time": "2017-05-14 00:41:39",
        "Lines": "N46",
        "Lat": 52.2832,
        "Brigade": "03"
      },
      {
        "Lon": 20.9561,
        "Time": "2017-05-14 00:41:49",
        "Lines": "N46",
        "Lat": 52.2835,
        "Brigade": "03"
      },
      {
        "Lon": 20.956,
        "Time": "2017-05-14 00:41:59",
        "Lines": "N46",
        "Lat": 52.2836,
        "Brigade": "03"
      },
      {
        "Lon": 20.9553,
        "Time": "2017-05-14 00:42:10",
        "Lines": "N46",
        "Lat": 52.2843,
        "Brigade": "03"
      },
      {
        "Lon": 20.9543,
        "Time": "2017-05-14 00:42:20",
        "Lines": "N46",
        "Lat": 52.2853,
        "Brigade": "03"
      },
      {
        "Lon": 20.9499,
        "Time": "2017-05-14 00:43:00",
        "Lines": "N46",
        "Lat": 52.2901,
        "Brigade": "03"
      },
      {
        "Lon": 20.9488,
        "Time": "2017-05-14 00:43:10",
        "Lines": "N46",
        "Lat": 52.2914,
        "Brigade": "03"
      },
      {
        "Lon": 20.9468,
        "Time": "2017-05-14 00:43:30",
        "Lines": "N46",
        "Lat": 52.2935,
        "Brigade": "03"
      },
      {
        "Lon": 20.9467,
        "Time": "2017-05-14 00:43:40",
        "Lines": "N46",
        "Lat": 52.2936,
        "Brigade": "03"
      },
      {
        "Lon": 20.9464,
        "Time": "2017-05-14 00:43:50",
        "Lines": "N46",
        "Lat": 52.2939,
        "Brigade": "03"
      },
      {
        "Lon": 20.9438,
        "Time": "2017-05-14 00:44:51",
        "Lines": "N46",
        "Lat": 52.2945,
        "Brigade": "03"
      },
      {
        "Lon": 20.9436,
        "Time": "2017-05-14 00:45:01",
        "Lines": "N46",
        "Lat": 52.2944,
        "Brigade": "03"
      },
      {
        "Lon": 20.9435,
        "Time": "2017-05-14 00:45:11",
        "Lines": "N46",
        "Lat": 52.2944,
        "Brigade": "03"
      },
      {
        "Lon": 20.9428,
        "Time": "2017-05-14 00:45:21",
        "Lines": "N46",
        "Lat": 52.2941,
        "Brigade": "03"
      },
      {
        "Lon": 20.9413,
        "Time": "2017-05-14 00:45:31",
        "Lines": "N46",
        "Lat": 52.2935,
        "Brigade": "03"
      },
      {
        "Lon": 20.9396,
        "Time": "2017-05-14 00:45:41",
        "Lines": "N46",
        "Lat": 52.2929,
        "Brigade": "03"
      },
      {
        "Lon": 20.9347,
        "Time": "2017-05-14 00:46:42",
        "Lines": "N46",
        "Lat": 52.2896,
        "Brigade": "03"
      },
      {
        "Lon": 20.9335,
        "Time": "2017-05-14 00:47:02",
        "Lines": "N46",
        "Lat": 52.2893,
        "Brigade": "03"
      },
      {
        "Lon": 20.9323,
        "Time": "2017-05-14 00:47:12",
        "Lines": "N46",
        "Lat": 52.2898,
        "Brigade": "03"
      },
      {
        "Lon": 20.9308,
        "Time": "2017-05-14 00:47:22",
        "Lines": "N46",
        "Lat": 52.2905,
        "Brigade": "03"
      },
      {
        "Lon": 20.9304,
        "Time": "2017-05-14 00:47:32",
        "Lines": "N46",
        "Lat": 52.291,
        "Brigade": "03"
      },
      {
        "Lon": 20.9297,
        "Time": "2017-05-14 00:48:53",
        "Lines": "N46",
        "Lat": 52.2928,
        "Brigade": "03"
      },
      {
        "Lon": 20.9291,
        "Time": "2017-05-14 00:49:03",
        "Lines": "N46",
        "Lat": 52.293,
        "Brigade": "03"
      },
      {
        "Lon": 20.9285,
        "Time": "2017-05-14 00:49:13",
        "Lines": "N46",
        "Lat": 52.2926,
        "Brigade": "03"
      },
      {
        "Lon": 20.9277,
        "Time": "2017-05-14 00:49:23",
        "Lines": "N46",
        "Lat": 52.2919,
        "Brigade": "03"
      },
      {
        "Lon": 20.9274,
        "Time": "2017-05-14 00:50:54",
        "Lines": "N46",
        "Lat": 52.291,
        "Brigade": "03"
      },
      {
        "Lon": 20.9274,
        "Time": "2017-05-14 00:51:04",
        "Lines": "N46",
        "Lat": 52.291,
        "Brigade": "03"
      },
      {
        "Lon": 20.9274,
        "Time": "2017-05-14 00:51:14",
        "Lines": "N46",
        "Lat": 52.291,
        "Brigade": "03"
      },
      {
        "Lon": 20.9275,
        "Time": "2017-05-14 00:52:35",
        "Lines": "N46",
        "Lat": 52.2909,
        "Brigade": "03"
      },
      {
        "Lon": 20.9275,
        "Time": "2017-05-14 00:52:45",
        "Lines": "N46",
        "Lat": 52.2909,
        "Brigade": "03"
      },
      {
        "Lon": 20.9275,
        "Time": "2017-05-14 00:52:55",
        "Lines": "N46",
        "Lat": 52.2909,
        "Brigade": "03"
      },
      {
        "Lon": 20.9276,
        "Time": "2017-05-14 00:54:46",
        "Lines": "N46",
        "Lat": 52.2908,
        "Brigade": "03"
      },
      {
        "Lon": 20.9276,
        "Time": "2017-05-14 00:54:56",
        "Lines": "N46",
        "Lat": 52.2908,
        "Brigade": "03"
      },
      {
        "Lon": 20.9276,
        "Time": "2017-05-14 00:56:47",
        "Lines": "N46",
        "Lat": 52.2908,
        "Brigade": "03"
      },
      {
        "Lon": 20.9276,
        "Time": "2017-05-14 00:56:57",
        "Lines": "N46",
        "Lat": 52.2908,
        "Brigade": "03"
      },
      {
        "Lon": 20.9276,
        "Time": "2017-05-14 00:57:07",
        "Lines": "N46",
        "Lat": 52.2907,
        "Brigade": "03"
      },
      {
        "Lon": 20.9276,
        "Time": "2017-05-14 00:57:17",
        "Lines": "N46",
        "Lat": 52.2907,
        "Brigade": "03"
      },
      {
        "Lon": 20.9277,
        "Time": "2017-05-14 00:57:27",
        "Lines": "N46",
        "Lat": 52.2907,
        "Brigade": "03"
      },
      {
        "Lon": 20.9277,
        "Time": "2017-05-14 00:57:37",
        "Lines": "N46",
        "Lat": 52.2907,
        "Brigade": "03"
      },
      {
        "Lon": 20.9277,
        "Time": "2017-05-14 00:57:48",
        "Lines": "N46",
        "Lat": 52.2907,
        "Brigade": "03"
      },
      {
        "Lon": 20.9279,
        "Time": "2017-05-14 00:57:58",
        "Lines": "N46",
        "Lat": 52.2905,
        "Brigade": "03"
      },
      {
        "Lon": 20.9279,
        "Time": "2017-05-14 00:58:08",
        "Lines": "N46",
        "Lat": 52.2905,
        "Brigade": "03"
      },
      {
        "Lon": 20.9281,
        "Time": "2017-05-14 00:58:18",
        "Lines": "N46",
        "Lat": 52.2905,
        "Brigade": "03"
      },
      {
        "Lon": 20.9292,
        "Time": "2017-05-14 00:58:58",
        "Lines": "N46",
        "Lat": 52.2908,
        "Brigade": "03"
      },
      {
        "Lon": 20.9292,
        "Time": "2017-05-14 00:59:08",
        "Lines": "N46",
        "Lat": 52.2908,
        "Brigade": "03"
      },
      {
        "Lon": 20.9292,
        "Time": "2017-05-14 00:59:18",
        "Lines": "N46",
        "Lat": 52.2908,
        "Brigade": "03"
      },
      {
        "Lon": 20.9292,
        "Time": "2017-05-14 00:59:28",
        "Lines": "N46",
        "Lat": 52.2908,
        "Brigade": "03"
      },
      {
        "Lon": 20.9292,
        "Time": "2017-05-14 00:59:38",
        "Lines": "N46",
        "Lat": 52.2908,
        "Brigade": "03"
      },
      {
        "Lon": 20.9292,
        "Time": "2017-05-14 00:59:49",
        "Lines": "N46",
        "Lat": 52.2908,
        "Brigade": "03"
      },
      {
        "Lon": 20.9292,
        "Time": "2017-05-14 00:59:59",
        "Lines": "N46",
        "Lat": 52.2908,
        "Brigade": "03"
      },
      {
        "Lon": 20.9295,
        "Time": "2017-05-14 01:00:09",
        "Lines": "N46",
        "Lat": 52.2906,
        "Brigade": "03"
      },
      {
        "Lon": 20.932,
        "Time": "2017-05-14 01:00:49",
        "Lines": "N46",
        "Lat": 52.2896,
        "Brigade": "03"
      },
      {
        "Lon": 20.9333,
        "Time": "2017-05-14 01:00:59",
        "Lines": "N46",
        "Lat": 52.2891,
        "Brigade": "03"
      },
      {
        "Lon": 20.9339,
        "Time": "2017-05-14 01:01:09",
        "Lines": "N46",
        "Lat": 52.2889,
        "Brigade": "03"
      },
      {
        "Lon": 20.934,
        "Time": "2017-05-14 01:01:19",
        "Lines": "N46",
        "Lat": 52.289,
        "Brigade": "03"
      },
      {
        "Lon": 20.934,
        "Time": "2017-05-14 01:01:29",
        "Lines": "N46",
        "Lat": 52.2891,
        "Brigade": "03"
      },
      {
        "Lon": 20.9346,
        "Time": "2017-05-14 01:01:40",
        "Lines": "N46",
        "Lat": 52.2895,
        "Brigade": "03"
      },
      {
        "Lon": 20.9347,
        "Time": "2017-05-14 01:01:50",
        "Lines": "N46",
        "Lat": 52.2896,
        "Brigade": "03"
      },
      {
        "Lon": 20.9382,
        "Time": "2017-05-14 01:02:50",
        "Lines": "N46",
        "Lat": 52.2924,
        "Brigade": "03"
      },
      {
        "Lon": 20.9393,
        "Time": "2017-05-14 01:03:00",
        "Lines": "N46",
        "Lat": 52.2931,
        "Brigade": "03"
      },
      {
        "Lon": 20.9411,
        "Time": "2017-05-14 01:03:10",
        "Lines": "N46",
        "Lat": 52.2937,
        "Brigade": "03"
      },
      {
        "Lon": 20.943,
        "Time": "2017-05-14 01:03:20",
        "Lines": "N46",
        "Lat": 52.2944,
        "Brigade": "03"
      },
      {
        "Lon": 20.9445,
        "Time": "2017-05-14 01:03:30",
        "Lines": "N46",
        "Lat": 52.2949,
        "Brigade": "03"
      },
      {
        "Lon": 20.9454,
        "Time": "2017-05-14 01:03:41",
        "Lines": "N46",
        "Lat": 52.2946,
        "Brigade": "03"
      },
      {
        "Lon": 20.9455,
        "Time": "2017-05-14 01:03:50",
        "Lines": "N46",
        "Lat": 52.2944,
        "Brigade": "03"
      },
      {
        "Lon": 20.9483,
        "Time": "2017-05-14 01:04:51",
        "Lines": "N46",
        "Lat": 52.2916,
        "Brigade": "03"
      },
      {
        "Lon": 20.9494,
        "Time": "2017-05-14 01:05:01",
        "Lines": "N46",
        "Lat": 52.2905,
        "Brigade": "03"
      },
      {
        "Lon": 20.9503,
        "Time": "2017-05-14 01:05:11",
        "Lines": "N46",
        "Lat": 52.2895,
        "Brigade": "03"
      },
      {
        "Lon": 20.9505,
        "Time": "2017-05-14 01:05:21",
        "Lines": "N46",
        "Lat": 52.2893,
        "Brigade": "03"
      },
      {
        "Lon": 20.9507,
        "Time": "2017-05-14 01:05:31",
        "Lines": "N46",
        "Lat": 52.2891,
        "Brigade": "03"
      },
      {
        "Lon": 20.9514,
        "Time": "2017-05-14 01:05:41",
        "Lines": "N46",
        "Lat": 52.2884,
        "Brigade": "03"
      },
      {
        "Lon": 20.9525,
        "Time": "2017-05-14 01:05:52",
        "Lines": "N46",
        "Lat": 52.2872,
        "Brigade": "03"
      },
      {
        "Lon": 20.9571,
        "Time": "2017-05-14 01:06:32",
        "Lines": "N46",
        "Lat": 52.2823,
        "Brigade": "03"
      },
      {
        "Lon": 20.958,
        "Time": "2017-05-14 01:06:42",
        "Lines": "N46",
        "Lat": 52.2814,
        "Brigade": "03"
      },
      {
        "Lon": 20.9583,
        "Time": "2017-05-14 01:06:52",
        "Lines": "N46",
        "Lat": 52.2812,
        "Brigade": "03"
      },
      {
        "Lon": 20.9583,
        "Time": "2017-05-14 01:07:02",
        "Lines": "N46",
        "Lat": 52.2812,
        "Brigade": "03"
      },
      {
        "Lon": 20.9586,
        "Time": "2017-05-14 01:07:12",
        "Lines": "N46",
        "Lat": 52.281,
        "Brigade": "03"
      },
      {
        "Lon": 20.9678,
        "Time": "2017-05-14 01:08:33",
        "Lines": "N46",
        "Lat": 52.2841,
        "Brigade": "03"
      },
      {
        "Lon": 20.9693,
        "Time": "2017-05-14 01:08:43",
        "Lines": "N46",
        "Lat": 52.2847,
        "Brigade": "03"
      },
      {
        "Lon": 20.9704,
        "Time": "2017-05-14 01:08:53",
        "Lines": "N46",
        "Lat": 52.2853,
        "Brigade": "03"
      },
      {
        "Lon": 20.9708,
        "Time": "2017-05-14 01:09:03",
        "Lines": "N46",
        "Lat": 52.2849,
        "Brigade": "03"
      },
      {
        "Lon": 20.9734,
        "Time": "2017-05-14 01:10:24",
        "Lines": "N46",
        "Lat": 52.2805,
        "Brigade": "03"
      },
      {
        "Lon": 20.9737,
        "Time": "2017-05-14 01:10:34",
        "Lines": "N46",
        "Lat": 52.2795,
        "Brigade": "03"
      },
      {
        "Lon": 20.9743,
        "Time": "2017-05-14 01:10:43",
        "Lines": "N46",
        "Lat": 52.2792,
        "Brigade": "03"
      },
      {
        "Lon": 20.9757,
        "Time": "2017-05-14 01:10:54",
        "Lines": "N46",
        "Lat": 52.2792,
        "Brigade": "03"
      },
      {
        "Lon": 20.9815,
        "Time": "2017-05-14 01:12:05",
        "Lines": "N46",
        "Lat": 52.2747,
        "Brigade": "03"
      },
      {
        "Lon": 20.9817,
        "Time": "2017-05-14 01:12:15",
        "Lines": "N46",
        "Lat": 52.2745,
        "Brigade": "03"
      },
      {
        "Lon": 20.9818,
        "Time": "2017-05-14 01:12:25",
        "Lines": "N46",
        "Lat": 52.2744,
        "Brigade": "03"
      },
      {
        "Lon": 20.9823,
        "Time": "2017-05-14 01:12:35",
        "Lines": "N46",
        "Lat": 52.2737,
        "Brigade": "03"
      },
      {
        "Lon": 20.9852,
        "Time": "2017-05-14 01:13:05",
        "Lines": "N46",
        "Lat": 52.2702,
        "Brigade": "03"
      },
      {
        "Lon": 20.9849,
        "Time": "2017-05-14 01:14:16",
        "Lines": "N46",
        "Lat": 52.2684,
        "Brigade": "03"
      },
      {
        "Lon": 20.9773,
        "Time": "2017-05-14 01:15:17",
        "Lines": "N46",
        "Lat": 52.2664,
        "Brigade": "03"
      },
      {
        "Lon": 20.9789,
        "Time": "2017-05-14 01:16:16",
        "Lines": "N46",
        "Lat": 52.2636,
        "Brigade": "03"
      },
      {
        "Lon": 20.9796,
        "Time": "2017-05-14 01:16:27",
        "Lines": "N46",
        "Lat": 52.2625,
        "Brigade": "03"
      },
      {
        "Lon": 20.9804,
        "Time": "2017-05-14 01:16:37",
        "Lines": "N46",
        "Lat": 52.2614,
        "Brigade": "03"
      },
      {
        "Lon": 20.9808,
        "Time": "2017-05-14 01:16:48",
        "Lines": "N46",
        "Lat": 52.26,
        "Brigade": "03"
      },
      {
        "Lon": 20.9809,
        "Time": "2017-05-14 01:16:50",
        "Lines": "N46",
        "Lat": 52.2596,
        "Brigade": "03"
      },
      {
        "Lon": 20.9816,
        "Time": "2017-05-14 01:17:47",
        "Lines": "N46",
        "Lat": 52.2547,
        "Brigade": "03"
      },
      {
        "Lon": 20.9823,
        "Time": "2017-05-14 01:17:57",
        "Lines": "N46",
        "Lat": 52.2541,
        "Brigade": "03"
      },
      {
        "Lon": 20.9834,
        "Time": "2017-05-14 01:18:08",
        "Lines": "N46",
        "Lat": 52.2535,
        "Brigade": "03"
      },
      {
        "Lon": 20.9838,
        "Time": "2017-05-14 01:18:18",
        "Lines": "N46",
        "Lat": 52.253,
        "Brigade": "03"
      },
      {
        "Lon": 20.9838,
        "Time": "2017-05-14 01:18:28",
        "Lines": "N46",
        "Lat": 52.253,
        "Brigade": "03"
      },
      {
        "Lon": 20.9842,
        "Time": "2017-05-14 01:18:38",
        "Lines": "N46",
        "Lat": 52.2525,
        "Brigade": "03"
      },
      {
        "Lon": 20.9849,
        "Time": "2017-05-14 01:18:48",
        "Lines": "N46",
        "Lat": 52.2518,
        "Brigade": "03"
      },
      {
        "Lon": 20.9853,
        "Time": "2017-05-14 01:19:08",
        "Lines": "N46",
        "Lat": 52.2513,
        "Brigade": "03"
      },
      {
        "Lon": 20.9854,
        "Time": "2017-05-14 01:19:18",
        "Lines": "N46",
        "Lat": 52.2511,
        "Brigade": "03"
      },
      {
        "Lon": 20.9887,
        "Time": "2017-05-14 01:19:59",
        "Lines": "N46",
        "Lat": 52.2475,
        "Brigade": "03"
      },
      {
        "Lon": 20.9894,
        "Time": "2017-05-14 01:20:07",
        "Lines": "N46",
        "Lat": 52.2467,
        "Brigade": "03"
      },
      {
        "Lon": 20.9905,
        "Time": "2017-05-14 01:20:19",
        "Lines": "N46",
        "Lat": 52.2454,
        "Brigade": "03"
      },
      {
        "Lon": 20.9911,
        "Time": "2017-05-14 01:20:29",
        "Lines": "N46",
        "Lat": 52.2446,
        "Brigade": "03"
      },
      {
        "Lon": 20.9919,
        "Time": "2017-05-14 01:20:39",
        "Lines": "N46",
        "Lat": 52.2437,
        "Brigade": "03"
      },
      {
        "Lon": 20.9923,
        "Time": "2017-05-14 01:20:43",
        "Lines": "N46",
        "Lat": 52.2432,
        "Brigade": "03"
      },
      {
        "Lon": 20.9932,
        "Time": "2017-05-14 01:20:59",
        "Lines": "N46",
        "Lat": 52.2422,
        "Brigade": "03"
      },
      {
        "Lon": 20.9942,
        "Time": "2017-05-14 01:21:41",
        "Lines": "N46",
        "Lat": 52.241,
        "Brigade": "03"
      },
      {
        "Lon": 20.9965,
        "Time": "2017-05-14 01:22:40",
        "Lines": "N46",
        "Lat": 52.2373,
        "Brigade": "03"
      },
      {
        "Lon": 20.9972,
        "Time": "2017-05-14 01:22:50",
        "Lines": "N46",
        "Lat": 52.2363,
        "Brigade": "03"
      },
      {
        "Lon": 20.997,
        "Time": "2017-05-14 01:23:51",
        "Lines": "N46",
        "Lat": 52.2361,
        "Brigade": "03"
      },
      {
        "Lon": 20.9973,
        "Time": "2017-05-14 01:24:00",
        "Lines": "N46",
        "Lat": 52.2359,
        "Brigade": "03"
      },
      {
        "Lon": 20.9979,
        "Time": "2017-05-14 01:24:10",
        "Lines": "N46",
        "Lat": 52.2356,
        "Brigade": "03"
      },
      {
        "Lon": 20.9984,
        "Time": "2017-05-14 01:24:32",
        "Lines": "N46",
        "Lat": 52.2325,
        "Brigade": "03"
      },
      {
        "Lon": 21.0015,
        "Time": "2017-05-14 01:25:42",
        "Lines": "N46",
        "Lat": 52.2292,
        "Brigade": "03"
      },
      {
        "Lon": 21.002,
        "Time": "2017-05-14 01:25:50",
        "Lines": "N46",
        "Lat": 52.229,
        "Brigade": "03"
      },
      {
        "Lon": 21.0035,
        "Time": "2017-05-14 01:26:01",
        "Lines": "N46",
        "Lat": 52.2292,
        "Brigade": "03"
      },
      {
        "Lon": 21.0035,
        "Time": "2017-05-14 01:26:12",
        "Lines": "N46",
        "Lat": 52.2292,
        "Brigade": "03"
      },
      {
        "Lon": 21.0035,
        "Time": "2017-05-14 01:26:22",
        "Lines": "N46",
        "Lat": 52.2292,
        "Brigade": "03"
      },
      {
        "Lon": 21.0007,
        "Time": "2017-05-14 01:27:21",
        "Lines": "N46",
        "Lat": 52.2298,
        "Brigade": "03"
      },
      {
        "Lon": 21.0023,
        "Time": "2017-05-14 01:27:33",
        "Lines": "N46",
        "Lat": 52.2297,
        "Brigade": "03"
      },
      {
        "Lon": 21.0023,
        "Time": "2017-05-14 01:27:41",
        "Lines": "N46",
        "Lat": 52.2297,
        "Brigade": "03"
      },
      {
        "Lon": 21.0028,
        "Time": "2017-05-14 01:27:52",
        "Lines": "N46",
        "Lat": 52.2292,
        "Brigade": "03"
      },
      {
        "Lon": 21.0028,
        "Time": "2017-05-14 01:28:02",
        "Lines": "N46",
        "Lat": 52.2292,
        "Brigade": "03"
      },
      {
        "Lon": 21.0044,
        "Time": "2017-05-14 01:29:24",
        "Lines": "N46",
        "Lat": 52.2291,
        "Brigade": "03"
      },
      {
        "Lon": 21.0044,
        "Time": "2017-05-14 01:29:34",
        "Lines": "N46",
        "Lat": 52.2291,
        "Brigade": "03"
      },
      {
        "Lon": 21.0044,
        "Time": "2017-05-14 01:29:44",
        "Lines": "N46",
        "Lat": 52.2291,
        "Brigade": "03"
      },
      {
        "Lon": 21.0042,
        "Time": "2017-05-14 01:31:05",
        "Lines": "N46",
        "Lat": 52.2293,
        "Brigade": "03"
      },
      {
        "Lon": 21.0042,
        "Time": "2017-05-14 01:31:15",
        "Lines": "N46",
        "Lat": 52.2293,
        "Brigade": "03"
      },
      {
        "Lon": 21.0042,
        "Time": "2017-05-14 01:31:25",
        "Lines": "N46",
        "Lat": 52.2293,
        "Brigade": "03"
      },
      {
        "Lon": 21.0032,
        "Time": "2017-05-14 01:33:05",
        "Lines": "N46",
        "Lat": 52.2297,
        "Brigade": "03"
      },
      {
        "Lon": 21.0033,
        "Time": "2017-05-14 01:34:57",
        "Lines": "N46",
        "Lat": 52.2296,
        "Brigade": "03"
      },
      {
        "Lon": 21.0048,
        "Time": "2017-05-14 01:36:07",
        "Lines": "N46",
        "Lat": 52.2301,
        "Brigade": "03"
      },
      {
        "Lon": 21.0052,
        "Time": "2017-05-14 01:36:17",
        "Lines": "N46",
        "Lat": 52.2302,
        "Brigade": "03"
      },
      {
        "Lon": 21.0028,
        "Time": "2017-05-14 01:36:47",
        "Lines": "N46",
        "Lat": 52.2331,
        "Brigade": "03"
      },
      {
        "Lon": 21.0019,
        "Time": "2017-05-14 01:36:58",
        "Lines": "N46",
        "Lat": 52.233,
        "Brigade": "03"
      },
      {
        "Lon": 21.0017,
        "Time": "2017-05-14 01:37:08",
        "Lines": "N46",
        "Lat": 52.2334,
        "Brigade": "03"
      },
      {
        "Lon": 21.0017,
        "Time": "2017-05-14 01:37:18",
        "Lines": "N46",
        "Lat": 52.2336,
        "Brigade": "03"
      },
      {
        "Lon": 21.0017,
        "Time": "2017-05-14 01:37:28",
        "Lines": "N46",
        "Lat": 52.2336,
        "Brigade": "03"
      },
      {
        "Lon": 21.0017,
        "Time": "2017-05-14 01:37:38",
        "Lines": "N46",
        "Lat": 52.2336,
        "Brigade": "03"
      },
      {
        "Lon": 21.0017,
        "Time": "2017-05-14 01:37:48",
        "Lines": "N46",
        "Lat": 52.2336,
        "Brigade": "03"
      },
      {
        "Lon": 21.0017,
        "Time": "2017-05-14 01:37:58",
        "Lines": "N46",
        "Lat": 52.2336,
        "Brigade": "03"
      },
      {
        "Lon": 20.9993,
        "Time": "2017-05-14 01:38:28",
        "Lines": "N46",
        "Lat": 52.2333,
        "Brigade": "03"
      },
      {
        "Lon": 20.9986,
        "Time": "2017-05-14 01:38:37",
        "Lines": "N46",
        "Lat": 52.2333,
        "Brigade": "03"
      },
      {
        "Lon": 20.9982,
        "Time": "2017-05-14 01:38:48",
        "Lines": "N46",
        "Lat": 52.2332,
        "Brigade": "03"
      },
      {
        "Lon": 20.9974,
        "Time": "2017-05-14 01:39:09",
        "Lines": "N46",
        "Lat": 52.2344,
        "Brigade": "03"
      },
      {
        "Lon": 20.9971,
        "Time": "2017-05-14 01:39:29",
        "Lines": "N46",
        "Lat": 52.235,
        "Brigade": "03"
      },
      {
        "Lon": 20.9955,
        "Time": "2017-05-14 01:40:30",
        "Lines": "N46",
        "Lat": 52.2392,
        "Brigade": "03"
      },
      {
        "Lon": 20.9948,
        "Time": "2017-05-14 01:40:40",
        "Lines": "N46",
        "Lat": 52.2403,
        "Brigade": "03"
      },
      {
        "Lon": 20.9942,
        "Time": "2017-05-14 01:40:48",
        "Lines": "N46",
        "Lat": 52.241,
        "Brigade": "03"
      },
      {
        "Lon": 20.9931,
        "Time": "2017-05-14 01:41:00",
        "Lines": "N46",
        "Lat": 52.2417,
        "Brigade": "03"
      },
      {
        "Lon": 20.9926,
        "Time": "2017-05-14 01:41:10",
        "Lines": "N46",
        "Lat": 52.2429,
        "Brigade": "03"
      },
      {
        "Lon": 20.9919,
        "Time": "2017-05-14 01:41:20",
        "Lines": "N46",
        "Lat": 52.2439,
        "Brigade": "03"
      },
      {
        "Lon": 20.9903,
        "Time": "2017-05-14 01:42:00",
        "Lines": "N46",
        "Lat": 52.2458,
        "Brigade": "03"
      },
      {
        "Lon": 20.9893,
        "Time": "2017-05-14 01:42:10",
        "Lines": "N46",
        "Lat": 52.247,
        "Brigade": "03"
      },
      {
        "Lon": 20.9886,
        "Time": "2017-05-14 01:42:20",
        "Lines": "N46",
        "Lat": 52.2478,
        "Brigade": "03"
      },
      {
        "Lon": 20.9885,
        "Time": "2017-05-14 01:42:30",
        "Lines": "N46",
        "Lat": 52.2479,
        "Brigade": "03"
      },
      {
        "Lon": 20.9883,
        "Time": "2017-05-14 01:42:41",
        "Lines": "N46",
        "Lat": 52.2481,
        "Brigade": "03"
      },
      {
        "Lon": 20.9875,
        "Time": "2017-05-14 01:42:51",
        "Lines": "N46",
        "Lat": 52.2489,
        "Brigade": "03"
      },
      {
        "Lon": 20.9851,
        "Time": "2017-05-14 01:43:51",
        "Lines": "N46",
        "Lat": 52.2517,
        "Brigade": "03"
      },
      {
        "Lon": 20.9845,
        "Time": "2017-05-14 01:44:01",
        "Lines": "N46",
        "Lat": 52.2524,
        "Brigade": "03"
      },
      {
        "Lon": 20.9835,
        "Time": "2017-05-14 01:44:11",
        "Lines": "N46",
        "Lat": 52.2534,
        "Brigade": "03"
      },
      {
        "Lon": 20.9836,
        "Time": "2017-05-14 01:44:21",
        "Lines": "N46",
        "Lat": 52.2535,
        "Brigade": "03"
      },
      {
        "Lon": 20.9836,
        "Time": "2017-05-14 01:44:32",
        "Lines": "N46",
        "Lat": 52.2535,
        "Brigade": "03"
      },
      {
        "Lon": 20.9834,
        "Time": "2017-05-14 01:44:42",
        "Lines": "N46",
        "Lat": 52.2538,
        "Brigade": "03"
      },
      {
        "Lon": 20.9832,
        "Time": "2017-05-14 01:44:52",
        "Lines": "N46",
        "Lat": 52.2541,
        "Brigade": "03"
      },
      {
        "Lon": 20.9827,
        "Time": "2017-05-14 01:45:52",
        "Lines": "N46",
        "Lat": 52.2554,
        "Brigade": "03"
      },
      {
        "Lon": 20.9823,
        "Time": "2017-05-14 01:46:02",
        "Lines": "N46",
        "Lat": 52.2558,
        "Brigade": "03"
      },
      {
        "Lon": 20.9819,
        "Time": "2017-05-14 01:46:13",
        "Lines": "N46",
        "Lat": 52.2568,
        "Brigade": "03"
      },
      {
        "Lon": 20.9815,
        "Time": "2017-05-14 01:46:23",
        "Lines": "N46",
        "Lat": 52.2578,
        "Brigade": "03"
      },
      {
        "Lon": 20.9812,
        "Time": "2017-05-14 01:46:33",
        "Lines": "N46",
        "Lat": 52.2589,
        "Brigade": "03"
      },
      {
        "Lon": 20.9781,
        "Time": "2017-05-14 01:47:53",
        "Lines": "N46",
        "Lat": 52.265,
        "Brigade": "03"
      },
      {
        "Lon": 20.9775,
        "Time": "2017-05-14 01:48:04",
        "Lines": "N46",
        "Lat": 52.2659,
        "Brigade": "03"
      },
      {
        "Lon": 20.9775,
        "Time": "2017-05-14 01:48:14",
        "Lines": "N46",
        "Lat": 52.266,
        "Brigade": "03"
      },
      {
        "Lon": 20.9773,
        "Time": "2017-05-14 01:48:24",
        "Lines": "N46",
        "Lat": 52.2663,
        "Brigade": "03"
      },
      {
        "Lon": 20.9868,
        "Time": "2017-05-14 01:49:44",
        "Lines": "N46",
        "Lat": 52.2684,
        "Brigade": "03"
      },
      {
        "Lon": 20.9872,
        "Time": "2017-05-14 01:49:54",
        "Lines": "N46",
        "Lat": 52.269,
        "Brigade": "03"
      },
      {
        "Lon": 20.9864,
        "Time": "2017-05-14 01:50:05",
        "Lines": "N46",
        "Lat": 52.2693,
        "Brigade": "03"
      },
      {
        "Lon": 20.9807,
        "Time": "2017-05-14 01:51:45",
        "Lines": "N46",
        "Lat": 52.2759,
        "Brigade": "03"
      },
      {
        "Lon": 20.98,
        "Time": "2017-05-14 01:51:55",
        "Lines": "N46",
        "Lat": 52.2769,
        "Brigade": "03"
      },
      {
        "Lon": 20.9793,
        "Time": "2017-05-14 01:52:05",
        "Lines": "N46",
        "Lat": 52.2777,
        "Brigade": "03"
      },
      {
        "Lon": 20.9712,
        "Time": "2017-05-14 01:54:57",
        "Lines": "N46",
        "Lat": 52.2841,
        "Brigade": "03"
      },
      {
        "Lon": 20.9709,
        "Time": "2017-05-14 01:55:07",
        "Lines": "N46",
        "Lat": 52.2847,
        "Brigade": "03"
      },
      {
        "Lon": 20.9701,
        "Time": "2017-05-14 01:55:27",
        "Lines": "N46",
        "Lat": 52.2851,
        "Brigade": "03"
      },
      {
        "Lon": 20.9692,
        "Time": "2017-05-14 01:55:37",
        "Lines": "N46",
        "Lat": 52.2846,
        "Brigade": "03"
      },
      {
        "Lon": 20.9683,
        "Time": "2017-05-14 01:55:47",
        "Lines": "N46",
        "Lat": 52.2841,
        "Brigade": "03"
      },
      {
        "Lon": 20.967,
        "Time": "2017-05-14 01:55:58",
        "Lines": "N46",
        "Lat": 52.2838,
        "Brigade": "03"
      },
      {
        "Lon": 20.9659,
        "Time": "2017-05-14 01:56:08",
        "Lines": "N46",
        "Lat": 52.2835,
        "Brigade": "03"
      },
      {
        "Lon": 20.9648,
        "Time": "2017-05-14 01:56:18",
        "Lines": "N46",
        "Lat": 52.2832,
        "Brigade": "03"
      },
      {
        "Lon": 20.9638,
        "Time": "2017-05-14 01:56:28",
        "Lines": "N46",
        "Lat": 52.2828,
        "Brigade": "03"
      },
      {
        "Lon": 20.9628,
        "Time": "2017-05-14 01:56:38",
        "Lines": "N46",
        "Lat": 52.2824,
        "Brigade": "03"
      },
      {
        "Lon": 20.9618,
        "Time": "2017-05-14 01:56:48",
        "Lines": "N46",
        "Lat": 52.2821,
        "Brigade": "03"
      },
      {
        "Lon": 20.9597,
        "Time": "2017-05-14 01:57:08",
        "Lines": "N46",
        "Lat": 52.2813,
        "Brigade": "03"
      },
      {
        "Lon": 20.959,
        "Time": "2017-05-14 01:57:18",
        "Lines": "N46",
        "Lat": 52.2811,
        "Brigade": "03"
      },
      {
        "Lon": 20.9589,
        "Time": "2017-05-14 01:57:28",
        "Lines": "N46",
        "Lat": 52.2811,
        "Brigade": "03"
      },
      {
        "Lon": 20.9589,
        "Time": "2017-05-14 01:57:38",
        "Lines": "N46",
        "Lat": 52.2811,
        "Brigade": "03"
      },
      {
        "Lon": 20.9589,
        "Time": "2017-05-14 01:57:48",
        "Lines": "N46",
        "Lat": 52.2811,
        "Brigade": "03"
      },
      {
        "Lon": 20.9584,
        "Time": "2017-05-14 01:57:59",
        "Lines": "N46",
        "Lat": 52.2811,
        "Brigade": "03"
      },
      {
        "Lon": 20.9577,
        "Time": "2017-05-14 01:58:09",
        "Lines": "N46",
        "Lat": 52.2818,
        "Brigade": "03"
      },
      {
        "Lon": 20.9561,
        "Time": "2017-05-14 01:58:29",
        "Lines": "N46",
        "Lat": 52.2835,
        "Brigade": "03"
      },
      {
        "Lon": 20.9557,
        "Time": "2017-05-14 01:58:49",
        "Lines": "N46",
        "Lat": 52.284,
        "Brigade": "03"
      },
      {
        "Lon": 20.955,
        "Time": "2017-05-14 01:58:59",
        "Lines": "N46",
        "Lat": 52.2848,
        "Brigade": "03"
      },
      {
        "Lon": 20.9539,
        "Time": "2017-05-14 01:59:09",
        "Lines": "N46",
        "Lat": 52.2859,
        "Brigade": "03"
      },
      {
        "Lon": 20.9528,
        "Time": "2017-05-14 01:59:19",
        "Lines": "N46",
        "Lat": 52.287,
        "Brigade": "03"
      },
      {
        "Lon": 20.9519,
        "Time": "2017-05-14 01:59:29",
        "Lines": "N46",
        "Lat": 52.2881,
        "Brigade": "03"
      },
      {
        "Lon": 20.9509,
        "Time": "2017-05-14 01:59:39",
        "Lines": "N46",
        "Lat": 52.2892,
        "Brigade": "03"
      },
      {
        "Lon": 20.9498,
        "Time": "2017-05-14 01:59:49",
        "Lines": "N46",
        "Lat": 52.2902,
        "Brigade": "03"
      },
      {
        "Lon": 20.9488,
        "Time": "2017-05-14 01:59:59",
        "Lines": "N46",
        "Lat": 52.2913,
        "Brigade": "03"
      },
      {
        "Lon": 20.9449,
        "Time": "2017-05-14 02:00:50",
        "Lines": "N46",
        "Lat": 52.295,
        "Brigade": "03"
      },
      {
        "Lon": 20.9439,
        "Time": "2017-05-14 02:01:00",
        "Lines": "N46",
        "Lat": 52.2946,
        "Brigade": "03"
      },
      {
        "Lon": 20.9436,
        "Time": "2017-05-14 02:01:10",
        "Lines": "N46",
        "Lat": 52.2945,
        "Brigade": "03"
      },
      {
        "Lon": 20.9435,
        "Time": "2017-05-14 02:01:20",
        "Lines": "N46",
        "Lat": 52.2945,
        "Brigade": "03"
      },
      {
        "Lon": 20.9427,
        "Time": "2017-05-14 02:01:30",
        "Lines": "N46",
        "Lat": 52.2941,
        "Brigade": "03"
      },
      {
        "Lon": 20.9412,
        "Time": "2017-05-14 02:01:40",
        "Lines": "N46",
        "Lat": 52.2935,
        "Brigade": "03"
      },
      {
        "Lon": 20.9396,
        "Time": "2017-05-14 02:01:50",
        "Lines": "N46",
        "Lat": 52.2929,
        "Brigade": "03"
      },
      {
        "Lon": 20.9382,
        "Time": "2017-05-14 02:02:00",
        "Lines": "N46",
        "Lat": 52.2922,
        "Brigade": "03"
      },
      {
        "Lon": 20.9347,
        "Time": "2017-05-14 02:02:30",
        "Lines": "N46",
        "Lat": 52.2894,
        "Brigade": "03"
      },
      {
        "Lon": 20.9316,
        "Time": "2017-05-14 02:03:01",
        "Lines": "N46",
        "Lat": 52.2902,
        "Brigade": "03"
      },
      {
        "Lon": 20.9306,
        "Time": "2017-05-14 02:03:11",
        "Lines": "N46",
        "Lat": 52.2907,
        "Brigade": "03"
      },
      {
        "Lon": 20.9306,
        "Time": "2017-05-14 02:03:21",
        "Lines": "N46",
        "Lat": 52.2912,
        "Brigade": "03"
      },
      {
        "Lon": 20.9309,
        "Time": "2017-05-14 02:03:31",
        "Lines": "N46",
        "Lat": 52.2919,
        "Brigade": "03"
      },
      {
        "Lon": 20.9308,
        "Time": "2017-05-14 02:03:41",
        "Lines": "N46",
        "Lat": 52.2923,
        "Brigade": "03"
      },
      {
        "Lon": 20.9298,
        "Time": "2017-05-14 02:03:51",
        "Lines": "N46",
        "Lat": 52.2927,
        "Brigade": "03"
      },
      {
        "Lon": 20.9279,
        "Time": "2017-05-14 02:05:02",
        "Lines": "N46",
        "Lat": 52.2908,
        "Brigade": "03"
      },
      {
        "Lon": 20.9279,
        "Time": "2017-05-14 02:05:12",
        "Lines": "N46",
        "Lat": 52.2908,
        "Brigade": "03"
      },
      {
        "Lon": 20.9279,
        "Time": "2017-05-14 02:05:22",
        "Lines": "N46",
        "Lat": 52.2908,
        "Brigade": "03"
      },
      {
        "Lon": 20.9279,
        "Time": "2017-05-14 02:05:32",
        "Lines": "N46",
        "Lat": 52.2908,
        "Brigade": "03"
      },
      {
        "Lon": 20.9279,
        "Time": "2017-05-14 02:05:42",
        "Lines": "N46",
        "Lat": 52.2908,
        "Brigade": "03"
      },
      {
        "Lon": 20.9287,
        "Time": "2017-05-14 02:06:53",
        "Lines": "N46",
        "Lat": 52.291,
        "Brigade": "03"
      },
      {
        "Lon": 20.9292,
        "Time": "2017-05-14 02:07:03",
        "Lines": "N46",
        "Lat": 52.2909,
        "Brigade": "03"
      },
      {
        "Lon": 20.9293,
        "Time": "2017-05-14 02:07:13",
        "Lines": "N46",
        "Lat": 52.2909,
        "Brigade": "03"
      },
      {
        "Lon": 20.9293,
        "Time": "2017-05-14 02:07:23",
        "Lines": "N46",
        "Lat": 52.2909,
        "Brigade": "03"
      },
      {
        "Lon": 20.9293,
        "Time": "2017-05-14 02:07:33",
        "Lines": "N46",
        "Lat": 52.2909,
        "Brigade": "03"
      },
      {
        "Lon": 20.9328,
        "Time": "2017-05-14 02:09:04",
        "Lines": "N46",
        "Lat": 52.2882,
        "Brigade": "03"
      },
      {
        "Lon": 20.932,
        "Time": "2017-05-14 02:09:14",
        "Lines": "N46",
        "Lat": 52.2876,
        "Brigade": "03"
      },
      {
        "Lon": 20.9312,
        "Time": "2017-05-14 02:09:24",
        "Lines": "N46",
        "Lat": 52.2869,
        "Brigade": "03"
      },
      {
        "Lon": 20.9304,
        "Time": "2017-05-14 02:09:34",
        "Lines": "N46",
        "Lat": 52.2862,
        "Brigade": "03"
      },
      {
        "Lon": 20.9237,
        "Time": "2017-05-14 02:11:05",
        "Lines": "N46",
        "Lat": 52.2808,
        "Brigade": "03"
      },
      {
        "Lon": 20.922,
        "Time": "2017-05-14 02:36:28",
        "Lines": "N46",
        "Lat": 52.197,
        "Brigade": "03"
      },
      {
        "Lon": 20.9219,
        "Time": "2017-05-14 02:36:38",
        "Lines": "N46",
        "Lat": 52.197,
        "Brigade": "03"
      },
      {
        "Lon": 20.9219,
        "Time": "2017-05-14 02:36:48",
        "Lines": "N46",
        "Lat": 52.197,
        "Brigade": "03"
      },
      {
        "Lon": 20.9219,
        "Time": "2017-05-14 02:36:58",
        "Lines": "N46",
        "Lat": 52.197,
        "Brigade": "03"
      }
    ]
  }
]
