[
  {
    "res": [
      {
        "Lon": 21.1031,
        "Time": "2017-05-14 00:16:10",
        "Lines": "N50",
        "Lat": 52.1303,
        "Brigade": "1"
      },
      {
        "Lon": 21.1014,
        "Time": "2017-05-14 00:16:20",
        "Lines": "N50",
        "Lat": 52.1317,
        "Brigade": "1"
      },
      {
        "Lon": 21.1009,
        "Time": "2017-05-14 00:16:31",
        "Lines": "N50",
        "Lat": 52.1331,
        "Brigade": "1"
      },
      {
        "Lon": 21.1005,
        "Time": "2017-05-14 00:16:40",
        "Lines": "N50",
        "Lat": 52.1343,
        "Brigade": "1"
      },
      {
        "Lon": 21.1003,
        "Time": "2017-05-14 00:16:55",
        "Lines": "N50",
        "Lat": 52.1356,
        "Brigade": "1"
      },
      {
        "Lon": 21.1,
        "Time": "2017-05-14 00:17:06",
        "Lines": "N50",
        "Lat": 52.137,
        "Brigade": "1"
      },
      {
        "Lon": 21.0992,
        "Time": "2017-05-14 00:17:17",
        "Lines": "N50",
        "Lat": 52.1385,
        "Brigade": "1"
      },
      {
        "Lon": 21.0982,
        "Time": "2017-05-14 00:17:25",
        "Lines": "N50",
        "Lat": 52.14,
        "Brigade": "1"
      },
      {
        "Lon": 21.0968,
        "Time": "2017-05-14 00:17:40",
        "Lines": "N50",
        "Lat": 52.1422,
        "Brigade": "1"
      },
      {
        "Lon": 21.0958,
        "Time": "2017-05-14 00:17:50",
        "Lines": "N50",
        "Lat": 52.1436,
        "Brigade": "1"
      },
      {
        "Lon": 21.0947,
        "Time": "2017-05-14 00:18:02",
        "Lines": "N50",
        "Lat": 52.1454,
        "Brigade": "1"
      },
      {
        "Lon": 21.0935,
        "Time": "2017-05-14 00:18:13",
        "Lines": "N50",
        "Lat": 52.1473,
        "Brigade": "1"
      },
      {
        "Lon": 21.0927,
        "Time": "2017-05-14 00:18:20",
        "Lines": "N50",
        "Lat": 52.1486,
        "Brigade": "1"
      },
      {
        "Lon": 21.092,
        "Time": "2017-05-14 00:18:36",
        "Lines": "N50",
        "Lat": 52.151,
        "Brigade": "1"
      },
      {
        "Lon": 21.0917,
        "Time": "2017-05-14 00:18:45",
        "Lines": "N50",
        "Lat": 52.1523,
        "Brigade": "1"
      },
      {
        "Lon": 21.0913,
        "Time": "2017-05-14 00:18:55",
        "Lines": "N50",
        "Lat": 52.1536,
        "Brigade": "1"
      },
      {
        "Lon": 21.0905,
        "Time": "2017-05-14 00:19:05",
        "Lines": "N50",
        "Lat": 52.1551,
        "Brigade": "1"
      },
      {
        "Lon": 21.0889,
        "Time": "2017-05-14 00:19:20",
        "Lines": "N50",
        "Lat": 52.1572,
        "Brigade": "1"
      },
      {
        "Lon": 21.0881,
        "Time": "2017-05-14 00:19:30",
        "Lines": "N50",
        "Lat": 52.1583,
        "Brigade": "1"
      },
      {
        "Lon": 21.0876,
        "Time": "2017-05-14 00:19:40",
        "Lines": "N50",
        "Lat": 52.1591,
        "Brigade": "1"
      },
      {
        "Lon": 21.087,
        "Time": "2017-05-14 00:19:51",
        "Lines": "N50",
        "Lat": 52.1597,
        "Brigade": "1"
      },
      {
        "Lon": 21.0862,
        "Time": "2017-05-14 00:20:00",
        "Lines": "N50",
        "Lat": 52.1608,
        "Brigade": "1"
      },
      {
        "Lon": 21.0848,
        "Time": "2017-05-14 00:20:15",
        "Lines": "N50",
        "Lat": 52.1628,
        "Brigade": "1"
      },
      {
        "Lon": 21.0846,
        "Time": "2017-05-14 00:20:25",
        "Lines": "N50",
        "Lat": 52.1645,
        "Brigade": "1"
      },
      {
        "Lon": 21.0845,
        "Time": "2017-05-14 00:20:35",
        "Lines": "N50",
        "Lat": 52.1652,
        "Brigade": "1"
      },
      {
        "Lon": 21.0833,
        "Time": "2017-05-14 00:20:45",
        "Lines": "N50",
        "Lat": 52.1664,
        "Brigade": "1"
      },
      {
        "Lon": 21.0812,
        "Time": "2017-05-14 00:20:55",
        "Lines": "N50",
        "Lat": 52.1669,
        "Brigade": "1"
      },
      {
        "Lon": 21.0774,
        "Time": "2017-05-14 00:21:10",
        "Lines": "N50",
        "Lat": 52.1678,
        "Brigade": "1"
      },
      {
        "Lon": 21.0748,
        "Time": "2017-05-14 00:21:20",
        "Lines": "N50",
        "Lat": 52.1683,
        "Brigade": "1"
      },
      {
        "Lon": 21.0721,
        "Time": "2017-05-14 00:21:30",
        "Lines": "N50",
        "Lat": 52.1689,
        "Brigade": "1"
      },
      {
        "Lon": 21.0703,
        "Time": "2017-05-14 00:21:40",
        "Lines": "N50",
        "Lat": 52.1694,
        "Brigade": "1"
      },
      {
        "Lon": 21.0693,
        "Time": "2017-05-14 00:21:50",
        "Lines": "N50",
        "Lat": 52.1696,
        "Brigade": "1"
      },
      {
        "Lon": 21.0688,
        "Time": "2017-05-14 00:22:00",
        "Lines": "N50",
        "Lat": 52.1697,
        "Brigade": "1"
      },
      {
        "Lon": 21.0671,
        "Time": "2017-05-14 00:22:15",
        "Lines": "N50",
        "Lat": 52.17,
        "Brigade": "1"
      },
      {
        "Lon": 21.065,
        "Time": "2017-05-14 00:22:25",
        "Lines": "N50",
        "Lat": 52.1704,
        "Brigade": "1"
      },
      {
        "Lon": 21.0623,
        "Time": "2017-05-14 00:22:35",
        "Lines": "N50",
        "Lat": 52.1712,
        "Brigade": "1"
      },
      {
        "Lon": 21.0584,
        "Time": "2017-05-14 00:22:50",
        "Lines": "N50",
        "Lat": 52.172,
        "Brigade": "1"
      },
      {
        "Lon": 21.056,
        "Time": "2017-05-14 00:23:00",
        "Lines": "N50",
        "Lat": 52.1726,
        "Brigade": "1"
      },
      {
        "Lon": 21.0538,
        "Time": "2017-05-14 00:23:10",
        "Lines": "N50",
        "Lat": 52.1731,
        "Brigade": "1"
      },
      {
        "Lon": 21.0511,
        "Time": "2017-05-14 00:23:20",
        "Lines": "N50",
        "Lat": 52.1737,
        "Brigade": "1"
      },
      {
        "Lon": 21.0492,
        "Time": "2017-05-14 00:23:30",
        "Lines": "N50",
        "Lat": 52.1741,
        "Brigade": "1"
      },
      {
        "Lon": 21.0461,
        "Time": "2017-05-14 00:23:40",
        "Lines": "N50",
        "Lat": 52.1749,
        "Brigade": "1"
      },
      {
        "Lon": 21.0449,
        "Time": "2017-05-14 00:23:55",
        "Lines": "N50",
        "Lat": 52.1752,
        "Brigade": "1"
      },
      {
        "Lon": 21.0449,
        "Time": "2017-05-14 00:24:05",
        "Lines": "N50",
        "Lat": 52.1752,
        "Brigade": "1"
      },
      {
        "Lon": 21.0449,
        "Time": "2017-05-14 00:24:15",
        "Lines": "N50",
        "Lat": 52.1752,
        "Brigade": "1"
      },
      {
        "Lon": 21.0449,
        "Time": "2017-05-14 00:24:25",
        "Lines": "N50",
        "Lat": 52.1751,
        "Brigade": "1"
      },
      {
        "Lon": 21.0449,
        "Time": "2017-05-14 00:24:35",
        "Lines": "N50",
        "Lat": 52.1751,
        "Brigade": "1"
      },
      {
        "Lon": 21.045,
        "Time": "2017-05-14 00:24:50",
        "Lines": "N50",
        "Lat": 52.1751,
        "Brigade": "1"
      },
      {
        "Lon": 21.045,
        "Time": "2017-05-14 00:25:00",
        "Lines": "N50",
        "Lat": 52.1751,
        "Brigade": "1"
      },
      {
        "Lon": 21.045,
        "Time": "2017-05-14 00:25:10",
        "Lines": "N50",
        "Lat": 52.1751,
        "Brigade": "1"
      },
      {
        "Lon": 21.0446,
        "Time": "2017-05-14 00:25:20",
        "Lines": "N50",
        "Lat": 52.1752,
        "Brigade": "1"
      },
      {
        "Lon": 21.0432,
        "Time": "2017-05-14 00:25:30",
        "Lines": "N50",
        "Lat": 52.1756,
        "Brigade": "1"
      },
      {
        "Lon": 21.0401,
        "Time": "2017-05-14 00:25:45",
        "Lines": "N50",
        "Lat": 52.1763,
        "Brigade": "1"
      },
      {
        "Lon": 21.038,
        "Time": "2017-05-14 00:25:55",
        "Lines": "N50",
        "Lat": 52.1768,
        "Brigade": "1"
      },
      {
        "Lon": 21.0354,
        "Time": "2017-05-14 00:26:06",
        "Lines": "N50",
        "Lat": 52.1771,
        "Brigade": "1"
      },
      {
        "Lon": 21.0331,
        "Time": "2017-05-14 00:26:15",
        "Lines": "N50",
        "Lat": 52.1774,
        "Brigade": "1"
      },
      {
        "Lon": 21.032,
        "Time": "2017-05-14 00:26:25",
        "Lines": "N50",
        "Lat": 52.1776,
        "Brigade": "1"
      },
      {
        "Lon": 21.0287,
        "Time": "2017-05-14 00:26:40",
        "Lines": "N50",
        "Lat": 52.1783,
        "Brigade": "1"
      },
      {
        "Lon": 21.0274,
        "Time": "2017-05-14 00:26:50",
        "Lines": "N50",
        "Lat": 52.1785,
        "Brigade": "1"
      },
      {
        "Lon": 21.0257,
        "Time": "2017-05-14 00:27:00",
        "Lines": "N50",
        "Lat": 52.1788,
        "Brigade": "1"
      },
      {
        "Lon": 21.024,
        "Time": "2017-05-14 00:27:10",
        "Lines": "N50",
        "Lat": 52.1792,
        "Brigade": "1"
      },
      {
        "Lon": 21.0227,
        "Time": "2017-05-14 00:27:20",
        "Lines": "N50",
        "Lat": 52.1794,
        "Brigade": "1"
      },
      {
        "Lon": 21.0229,
        "Time": "2017-05-14 00:27:35",
        "Lines": "N50",
        "Lat": 52.18,
        "Brigade": "1"
      },
      {
        "Lon": 21.0234,
        "Time": "2017-05-14 00:27:45",
        "Lines": "N50",
        "Lat": 52.18,
        "Brigade": "1"
      },
      {
        "Lon": 21.0235,
        "Time": "2017-05-14 00:27:55",
        "Lines": "N50",
        "Lat": 52.18,
        "Brigade": "1"
      },
      {
        "Lon": 21.0235,
        "Time": "2017-05-14 00:28:05",
        "Lines": "N50",
        "Lat": 52.18,
        "Brigade": "1"
      },
      {
        "Lon": 21.0235,
        "Time": "2017-05-14 00:28:15",
        "Lines": "N50",
        "Lat": 52.18,
        "Brigade": "1"
      },
      {
        "Lon": 21.0235,
        "Time": "2017-05-14 00:28:30",
        "Lines": "N50",
        "Lat": 52.18,
        "Brigade": "1"
      },
      {
        "Lon": 21.0235,
        "Time": "2017-05-14 00:28:40",
        "Lines": "N50",
        "Lat": 52.18,
        "Brigade": "1"
      },
      {
        "Lon": 21.0235,
        "Time": "2017-05-14 00:28:50",
        "Lines": "N50",
        "Lat": 52.18,
        "Brigade": "1"
      },
      {
        "Lon": 21.0235,
        "Time": "2017-05-14 00:29:00",
        "Lines": "N50",
        "Lat": 52.18,
        "Brigade": "1"
      },
      {
        "Lon": 21.0235,
        "Time": "2017-05-14 00:29:25",
        "Lines": "N50",
        "Lat": 52.18,
        "Brigade": "1"
      },
      {
        "Lon": 21.0235,
        "Time": "2017-05-14 00:30:20",
        "Lines": "N50",
        "Lat": 52.18,
        "Brigade": "1"
      },
      {
        "Lon": 21.0235,
        "Time": "2017-05-14 00:30:40",
        "Lines": "N50",
        "Lat": 52.18,
        "Brigade": "1"
      },
      {
        "Lon": 21.0235,
        "Time": "2017-05-14 00:30:51",
        "Lines": "N50",
        "Lat": 52.18,
        "Brigade": "1"
      },
      {
        "Lon": 21.0235,
        "Time": "2017-05-14 00:32:01",
        "Lines": "N50",
        "Lat": 52.18,
        "Brigade": "1"
      },
      {
        "Lon": 21.0243,
        "Time": "2017-05-14 00:35:20",
        "Lines": "N50",
        "Lat": 52.1798,
        "Brigade": "1"
      },
      {
        "Lon": 21.0243,
        "Time": "2017-05-14 00:35:40",
        "Lines": "N50",
        "Lat": 52.1799,
        "Brigade": "1"
      },
      {
        "Lon": 21.0274,
        "Time": "2017-05-14 00:37:40",
        "Lines": "N50",
        "Lat": 52.1784,
        "Brigade": "1"
      },
      {
        "Lon": 21.0268,
        "Time": "2017-05-14 00:38:05",
        "Lines": "N50",
        "Lat": 52.1764,
        "Brigade": "1"
      },
      {
        "Lon": 21.0265,
        "Time": "2017-05-14 00:39:00",
        "Lines": "N50",
        "Lat": 52.1734,
        "Brigade": "1"
      },
      {
        "Lon": 21.0271,
        "Time": "2017-05-14 00:39:11",
        "Lines": "N50",
        "Lat": 52.1734,
        "Brigade": "1"
      },
      {
        "Lon": 21.0271,
        "Time": "2017-05-14 00:39:20",
        "Lines": "N50",
        "Lat": 52.1734,
        "Brigade": "1"
      },
      {
        "Lon": 21.0281,
        "Time": "2017-05-14 00:39:30",
        "Lines": "N50",
        "Lat": 52.1734,
        "Brigade": "1"
      },
      {
        "Lon": 21.0326,
        "Time": "2017-05-14 00:39:55",
        "Lines": "N50",
        "Lat": 52.1735,
        "Brigade": "1"
      },
      {
        "Lon": 21.0367,
        "Time": "2017-05-14 00:40:17",
        "Lines": "N50",
        "Lat": 52.1735,
        "Brigade": "1"
      },
      {
        "Lon": 21.0383,
        "Time": "2017-05-14 00:40:25",
        "Lines": "N50",
        "Lat": 52.1729,
        "Brigade": "1"
      },
      {
        "Lon": 21.0398,
        "Time": "2017-05-14 00:40:36",
        "Lines": "N50",
        "Lat": 52.1721,
        "Brigade": "1"
      },
      {
        "Lon": 21.0404,
        "Time": "2017-05-14 00:40:46",
        "Lines": "N50",
        "Lat": 52.171,
        "Brigade": "1"
      },
      {
        "Lon": 21.0406,
        "Time": "2017-05-14 00:41:45",
        "Lines": "N50",
        "Lat": 52.1706,
        "Brigade": "1"
      },
      {
        "Lon": 21.0452,
        "Time": "2017-05-14 00:42:40",
        "Lines": "N50",
        "Lat": 52.1749,
        "Brigade": "1"
      },
      {
        "Lon": 21.051,
        "Time": "2017-05-14 00:43:35",
        "Lines": "N50",
        "Lat": 52.1735,
        "Brigade": "1"
      },
      {
        "Lon": 21.0566,
        "Time": "2017-05-14 00:44:30",
        "Lines": "N50",
        "Lat": 52.1723,
        "Brigade": "1"
      },
      {
        "Lon": 21.0595,
        "Time": "2017-05-14 00:44:50",
        "Lines": "N50",
        "Lat": 52.1716,
        "Brigade": "1"
      },
      {
        "Lon": 21.0706,
        "Time": "2017-05-14 00:46:10",
        "Lines": "N50",
        "Lat": 52.1691,
        "Brigade": "1"
      },
      {
        "Lon": 21.0737,
        "Time": "2017-05-14 00:46:30",
        "Lines": "N50",
        "Lat": 52.1684,
        "Brigade": "1"
      },
      {
        "Lon": 21.0842,
        "Time": "2017-05-14 00:48:00",
        "Lines": "N50",
        "Lat": 52.1649,
        "Brigade": "1"
      },
      {
        "Lon": 21.0853,
        "Time": "2017-05-14 00:48:32",
        "Lines": "N50",
        "Lat": 52.1616,
        "Brigade": "1"
      },
      {
        "Lon": 21.0873,
        "Time": "2017-05-14 00:48:55",
        "Lines": "N50",
        "Lat": 52.1588,
        "Brigade": "1"
      },
      {
        "Lon": 21.0876,
        "Time": "2017-05-14 00:49:17",
        "Lines": "N50",
        "Lat": 52.1585,
        "Brigade": "1"
      },
      {
        "Lon": 21.0952,
        "Time": "2017-05-14 00:51:41",
        "Lines": "N50",
        "Lat": 52.1442,
        "Brigade": "1"
      },
      {
        "Lon": 21.0986,
        "Time": "2017-05-14 00:52:25",
        "Lines": "N50",
        "Lat": 52.1389,
        "Brigade": "1"
      },
      {
        "Lon": 21.1003,
        "Time": "2017-05-14 00:53:10",
        "Lines": "N50",
        "Lat": 52.1343,
        "Brigade": "1"
      },
      {
        "Lon": 21.101,
        "Time": "2017-05-14 00:53:30",
        "Lines": "N50",
        "Lat": 52.1326,
        "Brigade": "1"
      },
      {
        "Lon": 21.1038,
        "Time": "2017-05-14 00:54:35",
        "Lines": "N50",
        "Lat": 52.1284,
        "Brigade": "1"
      },
      {
        "Lon": 21.1035,
        "Time": "2017-05-14 00:54:45",
        "Lines": "N50",
        "Lat": 52.1273,
        "Brigade": "1"
      },
      {
        "Lon": 21.1034,
        "Time": "2017-05-14 00:54:56",
        "Lines": "N50",
        "Lat": 52.127,
        "Brigade": "1"
      },
      {
        "Lon": 21.1028,
        "Time": "2017-05-14 00:55:31",
        "Lines": "N50",
        "Lat": 52.1247,
        "Brigade": "1"
      },
      {
        "Lon": 21.1027,
        "Time": "2017-05-14 00:55:40",
        "Lines": "N50",
        "Lat": 52.1243,
        "Brigade": "1"
      },
      {
        "Lon": 21.1027,
        "Time": "2017-05-14 00:55:51",
        "Lines": "N50",
        "Lat": 52.1242,
        "Brigade": "1"
      },
      {
        "Lon": 21.1028,
        "Time": "2017-05-14 00:56:01",
        "Lines": "N50",
        "Lat": 52.1237,
        "Brigade": "1"
      },
      {
        "Lon": 21.1032,
        "Time": "2017-05-14 00:56:16",
        "Lines": "N50",
        "Lat": 52.1221,
        "Brigade": "1"
      },
      {
        "Lon": 21.1069,
        "Time": "2017-05-14 00:57:55",
        "Lines": "N50",
        "Lat": 52.116,
        "Brigade": "1"
      },
      {
        "Lon": 21.1114,
        "Time": "2017-05-14 00:58:38",
        "Lines": "N50",
        "Lat": 52.1114,
        "Brigade": "1"
      },
      {
        "Lon": 21.1129,
        "Time": "2017-05-14 00:59:45",
        "Lines": "N50",
        "Lat": 52.109,
        "Brigade": "1"
      },
      {
        "Lon": 21.1131,
        "Time": "2017-05-14 00:59:55",
        "Lines": "N50",
        "Lat": 52.1081,
        "Brigade": "1"
      },
      {
        "Lon": 21.1133,
        "Time": "2017-05-14 01:00:50",
        "Lines": "N50",
        "Lat": 52.1055,
        "Brigade": "1"
      },
      {
        "Lon": 21.1136,
        "Time": "2017-05-14 01:01:00",
        "Lines": "N50",
        "Lat": 52.1049,
        "Brigade": "1"
      },
      {
        "Lon": 21.114,
        "Time": "2017-05-14 01:01:11",
        "Lines": "N50",
        "Lat": 52.1038,
        "Brigade": "1"
      },
      {
        "Lon": 21.115,
        "Time": "2017-05-14 01:01:35",
        "Lines": "N50",
        "Lat": 52.1008,
        "Brigade": "1"
      },
      {
        "Lon": 21.1164,
        "Time": "2017-05-14 01:02:06",
        "Lines": "N50",
        "Lat": 52.0981,
        "Brigade": "1"
      },
      {
        "Lon": 21.1255,
        "Time": "2017-05-14 01:03:25",
        "Lines": "N50",
        "Lat": 52.1005,
        "Brigade": "1"
      },
      {
        "Lon": 21.1315,
        "Time": "2017-05-14 01:04:20",
        "Lines": "N50",
        "Lat": 52.0992,
        "Brigade": "1"
      },
      {
        "Lon": 21.1355,
        "Time": "2017-05-14 01:05:05",
        "Lines": "N50",
        "Lat": 52.0974,
        "Brigade": "1"
      },
      {
        "Lon": 21.1295,
        "Time": "2017-05-14 01:06:21",
        "Lines": "N50",
        "Lat": 52.0933,
        "Brigade": "1"
      },
      {
        "Lon": 21.1236,
        "Time": "2017-05-14 01:06:55",
        "Lines": "N50",
        "Lat": 52.0913,
        "Brigade": "1"
      },
      {
        "Lon": 21.1224,
        "Time": "2017-05-14 01:07:06",
        "Lines": "N50",
        "Lat": 52.0906,
        "Brigade": "1"
      },
      {
        "Lon": 21.1216,
        "Time": "2017-05-14 01:07:30",
        "Lines": "N50",
        "Lat": 52.0892,
        "Brigade": "1"
      },
      {
        "Lon": 21.1214,
        "Time": "2017-05-14 01:07:41",
        "Lines": "N50",
        "Lat": 52.0885,
        "Brigade": "1"
      },
      {
        "Lon": 21.1192,
        "Time": "2017-05-14 01:08:56",
        "Lines": "N50",
        "Lat": 52.0826,
        "Brigade": "1"
      },
      {
        "Lon": 21.0967,
        "Time": "2017-05-14 01:13:45",
        "Lines": "N50",
        "Lat": 52.0808,
        "Brigade": "1"
      },
      {
        "Lon": 21.0952,
        "Time": "2017-05-14 01:14:05",
        "Lines": "N50",
        "Lat": 52.0829,
        "Brigade": "1"
      },
      {
        "Lon": 21.0946,
        "Time": "2017-05-14 01:14:15",
        "Lines": "N50",
        "Lat": 52.084,
        "Brigade": "1"
      },
      {
        "Lon": 21.0947,
        "Time": "2017-05-14 01:14:25",
        "Lines": "N50",
        "Lat": 52.085,
        "Brigade": "1"
      },
      {
        "Lon": 21.0948,
        "Time": "2017-05-14 01:14:40",
        "Lines": "N50",
        "Lat": 52.0857,
        "Brigade": "1"
      },
      {
        "Lon": 21.096,
        "Time": "2017-05-14 01:14:50",
        "Lines": "N50",
        "Lat": 52.0859,
        "Brigade": "1"
      },
      {
        "Lon": 21.0996,
        "Time": "2017-05-14 01:15:10",
        "Lines": "N50",
        "Lat": 52.0865,
        "Brigade": "1"
      },
      {
        "Lon": 21.1034,
        "Time": "2017-05-14 01:15:35",
        "Lines": "N50",
        "Lat": 52.088,
        "Brigade": "1"
      },
      {
        "Lon": 21.1047,
        "Time": "2017-05-14 01:15:45",
        "Lines": "N50",
        "Lat": 52.0888,
        "Brigade": "1"
      },
      {
        "Lon": 21.1062,
        "Time": "2017-05-14 01:15:55",
        "Lines": "N50",
        "Lat": 52.0894,
        "Brigade": "1"
      },
      {
        "Lon": 21.1103,
        "Time": "2017-05-14 01:16:20",
        "Lines": "N50",
        "Lat": 52.0905,
        "Brigade": "1"
      },
      {
        "Lon": 21.1149,
        "Time": "2017-05-14 01:16:50",
        "Lines": "N50",
        "Lat": 52.0923,
        "Brigade": "1"
      },
      {
        "Lon": 21.1169,
        "Time": "2017-05-14 01:17:05",
        "Lines": "N50",
        "Lat": 52.0935,
        "Brigade": "1"
      },
      {
        "Lon": 21.1177,
        "Time": "2017-05-14 01:17:15",
        "Lines": "N50",
        "Lat": 52.0939,
        "Brigade": "1"
      },
      {
        "Lon": 21.1175,
        "Time": "2017-05-14 01:17:25",
        "Lines": "N50",
        "Lat": 52.0945,
        "Brigade": "1"
      },
      {
        "Lon": 21.1171,
        "Time": "2017-05-14 01:17:35",
        "Lines": "N50",
        "Lat": 52.0956,
        "Brigade": "1"
      },
      {
        "Lon": 21.1163,
        "Time": "2017-05-14 01:18:00",
        "Lines": "N50",
        "Lat": 52.0975,
        "Brigade": "1"
      },
      {
        "Lon": 21.116,
        "Time": "2017-05-14 01:18:10",
        "Lines": "N50",
        "Lat": 52.0984,
        "Brigade": "1"
      },
      {
        "Lon": 21.1155,
        "Time": "2017-05-14 01:18:20",
        "Lines": "N50",
        "Lat": 52.0996,
        "Brigade": "1"
      },
      {
        "Lon": 21.1151,
        "Time": "2017-05-14 01:18:30",
        "Lines": "N50",
        "Lat": 52.1007,
        "Brigade": "1"
      },
      {
        "Lon": 21.1148,
        "Time": "2017-05-14 01:18:40",
        "Lines": "N50",
        "Lat": 52.1018,
        "Brigade": "1"
      },
      {
        "Lon": 21.114,
        "Time": "2017-05-14 01:19:05",
        "Lines": "N50",
        "Lat": 52.1046,
        "Brigade": "1"
      },
      {
        "Lon": 21.1134,
        "Time": "2017-05-14 01:19:26",
        "Lines": "N50",
        "Lat": 52.1069,
        "Brigade": "1"
      },
      {
        "Lon": 21.1132,
        "Time": "2017-05-14 01:19:35",
        "Lines": "N50",
        "Lat": 52.1082,
        "Brigade": "1"
      },
      {
        "Lon": 21.1131,
        "Time": "2017-05-14 01:19:45",
        "Lines": "N50",
        "Lat": 52.1091,
        "Brigade": "1"
      },
      {
        "Lon": 21.1131,
        "Time": "2017-05-14 01:20:00",
        "Lines": "N50",
        "Lat": 52.1095,
        "Brigade": "1"
      },
      {
        "Lon": 21.1131,
        "Time": "2017-05-14 01:20:10",
        "Lines": "N50",
        "Lat": 52.1095,
        "Brigade": "1"
      },
      {
        "Lon": 21.112,
        "Time": "2017-05-14 01:20:35",
        "Lines": "N50",
        "Lat": 52.111,
        "Brigade": "1"
      },
      {
        "Lon": 21.1098,
        "Time": "2017-05-14 01:20:55",
        "Lines": "N50",
        "Lat": 52.1133,
        "Brigade": "1"
      },
      {
        "Lon": 21.1086,
        "Time": "2017-05-14 01:21:05",
        "Lines": "N50",
        "Lat": 52.1145,
        "Brigade": "1"
      },
      {
        "Lon": 21.1075,
        "Time": "2017-05-14 01:21:15",
        "Lines": "N50",
        "Lat": 52.1157,
        "Brigade": "1"
      },
      {
        "Lon": 21.1055,
        "Time": "2017-05-14 01:21:30",
        "Lines": "N50",
        "Lat": 52.1174,
        "Brigade": "1"
      },
      {
        "Lon": 21.1038,
        "Time": "2017-05-14 01:21:40",
        "Lines": "N50",
        "Lat": 52.1183,
        "Brigade": "1"
      },
      {
        "Lon": 21.102,
        "Time": "2017-05-14 01:21:50",
        "Lines": "N50",
        "Lat": 52.1192,
        "Brigade": "1"
      },
      {
        "Lon": 21.1,
        "Time": "2017-05-14 01:22:03",
        "Lines": "N50",
        "Lat": 52.1205,
        "Brigade": "1"
      },
      {
        "Lon": 21.0992,
        "Time": "2017-05-14 01:22:10",
        "Lines": "N50",
        "Lat": 52.1212,
        "Brigade": "1"
      },
      {
        "Lon": 21.0977,
        "Time": "2017-05-14 01:22:25",
        "Lines": "N50",
        "Lat": 52.1227,
        "Brigade": "1"
      },
      {
        "Lon": 21.0982,
        "Time": "2017-05-14 01:22:35",
        "Lines": "N50",
        "Lat": 52.123,
        "Brigade": "1"
      },
      {
        "Lon": 21.0984,
        "Time": "2017-05-14 01:22:46",
        "Lines": "N50",
        "Lat": 52.1231,
        "Brigade": "1"
      },
      {
        "Lon": 21.0984,
        "Time": "2017-05-14 01:22:55",
        "Lines": "N50",
        "Lat": 52.1231,
        "Brigade": "1"
      },
      {
        "Lon": 21.1006,
        "Time": "2017-05-14 01:23:20",
        "Lines": "N50",
        "Lat": 52.1241,
        "Brigade": "1"
      },
      {
        "Lon": 21.1013,
        "Time": "2017-05-14 01:23:25",
        "Lines": "N50",
        "Lat": 52.1244,
        "Brigade": "1"
      },
      {
        "Lon": 21.1022,
        "Time": "2017-05-14 01:23:41",
        "Lines": "N50",
        "Lat": 52.1247,
        "Brigade": "1"
      },
      {
        "Lon": 21.1022,
        "Time": "2017-05-14 01:23:51",
        "Lines": "N50",
        "Lat": 52.1247,
        "Brigade": "1"
      },
      {
        "Lon": 21.1026,
        "Time": "2017-05-14 01:24:01",
        "Lines": "N50",
        "Lat": 52.1249,
        "Brigade": "1"
      },
      {
        "Lon": 21.103,
        "Time": "2017-05-14 01:24:15",
        "Lines": "N50",
        "Lat": 52.1254,
        "Brigade": "1"
      },
      {
        "Lon": 21.1033,
        "Time": "2017-05-14 01:24:26",
        "Lines": "N50",
        "Lat": 52.1265,
        "Brigade": "1"
      },
      {
        "Lon": 21.1025,
        "Time": "2017-05-14 01:25:00",
        "Lines": "N50",
        "Lat": 52.1308,
        "Brigade": "1"
      },
      {
        "Lon": 21.1013,
        "Time": "2017-05-14 01:25:10",
        "Lines": "N50",
        "Lat": 52.1318,
        "Brigade": "1"
      },
      {
        "Lon": 21.1009,
        "Time": "2017-05-14 01:25:21",
        "Lines": "N50",
        "Lat": 52.133,
        "Brigade": "1"
      },
      {
        "Lon": 21.1007,
        "Time": "2017-05-14 01:25:31",
        "Lines": "N50",
        "Lat": 52.1341,
        "Brigade": "1"
      },
      {
        "Lon": 21.1001,
        "Time": "2017-05-14 01:25:56",
        "Lines": "N50",
        "Lat": 52.1365,
        "Brigade": "1"
      },
      {
        "Lon": 21.0996,
        "Time": "2017-05-14 01:26:05",
        "Lines": "N50",
        "Lat": 52.1379,
        "Brigade": "1"
      },
      {
        "Lon": 21.0988,
        "Time": "2017-05-14 01:26:15",
        "Lines": "N50",
        "Lat": 52.1392,
        "Brigade": "1"
      },
      {
        "Lon": 21.098,
        "Time": "2017-05-14 01:26:25",
        "Lines": "N50",
        "Lat": 52.1404,
        "Brigade": "1"
      },
      {
        "Lon": 21.0971,
        "Time": "2017-05-14 01:26:35",
        "Lines": "N50",
        "Lat": 52.1417,
        "Brigade": "1"
      },
      {
        "Lon": 21.0958,
        "Time": "2017-05-14 01:26:51",
        "Lines": "N50",
        "Lat": 52.1437,
        "Brigade": "1"
      },
      {
        "Lon": 21.095,
        "Time": "2017-05-14 01:27:02",
        "Lines": "N50",
        "Lat": 52.145,
        "Brigade": "1"
      },
      {
        "Lon": 21.0945,
        "Time": "2017-05-14 01:27:07",
        "Lines": "N50",
        "Lat": 52.1456,
        "Brigade": "1"
      },
      {
        "Lon": 21.0932,
        "Time": "2017-05-14 01:27:21",
        "Lines": "N50",
        "Lat": 52.1477,
        "Brigade": "1"
      },
      {
        "Lon": 21.092,
        "Time": "2017-05-14 01:27:45",
        "Lines": "N50",
        "Lat": 52.151,
        "Brigade": "1"
      },
      {
        "Lon": 21.0917,
        "Time": "2017-05-14 01:27:55",
        "Lines": "N50",
        "Lat": 52.1523,
        "Brigade": "1"
      },
      {
        "Lon": 21.0907,
        "Time": "2017-05-14 01:28:40",
        "Lines": "N50",
        "Lat": 52.1549,
        "Brigade": "1"
      },
      {
        "Lon": 21.0901,
        "Time": "2017-05-14 01:28:50",
        "Lines": "N50",
        "Lat": 52.1557,
        "Brigade": "1"
      },
      {
        "Lon": 21.0893,
        "Time": "2017-05-14 01:29:00",
        "Lines": "N50",
        "Lat": 52.1567,
        "Brigade": "1"
      },
      {
        "Lon": 21.088,
        "Time": "2017-05-14 01:29:15",
        "Lines": "N50",
        "Lat": 52.1585,
        "Brigade": "1"
      },
      {
        "Lon": 21.0875,
        "Time": "2017-05-14 01:29:25",
        "Lines": "N50",
        "Lat": 52.1592,
        "Brigade": "1"
      },
      {
        "Lon": 21.0874,
        "Time": "2017-05-14 01:29:45",
        "Lines": "N50",
        "Lat": 52.1594,
        "Brigade": "1"
      },
      {
        "Lon": 21.0872,
        "Time": "2017-05-14 01:29:55",
        "Lines": "N50",
        "Lat": 52.1596,
        "Brigade": "1"
      },
      {
        "Lon": 21.0862,
        "Time": "2017-05-14 01:30:10",
        "Lines": "N50",
        "Lat": 52.1608,
        "Brigade": "1"
      },
      {
        "Lon": 21.0853,
        "Time": "2017-05-14 01:30:20",
        "Lines": "N50",
        "Lat": 52.1621,
        "Brigade": "1"
      },
      {
        "Lon": 21.0847,
        "Time": "2017-05-14 01:30:30",
        "Lines": "N50",
        "Lat": 52.1634,
        "Brigade": "1"
      },
      {
        "Lon": 21.0844,
        "Time": "2017-05-14 01:30:55",
        "Lines": "N50",
        "Lat": 52.1659,
        "Brigade": "1"
      },
      {
        "Lon": 21.084,
        "Time": "2017-05-14 01:31:05",
        "Lines": "N50",
        "Lat": 52.1662,
        "Brigade": "1"
      },
      {
        "Lon": 21.0831,
        "Time": "2017-05-14 01:31:15",
        "Lines": "N50",
        "Lat": 52.1665,
        "Brigade": "1"
      },
      {
        "Lon": 21.0831,
        "Time": "2017-05-14 01:31:25",
        "Lines": "N50",
        "Lat": 52.1665,
        "Brigade": "1"
      },
      {
        "Lon": 21.0824,
        "Time": "2017-05-14 01:31:35",
        "Lines": "N50",
        "Lat": 52.1666,
        "Brigade": "1"
      },
      {
        "Lon": 21.0798,
        "Time": "2017-05-14 01:31:50",
        "Lines": "N50",
        "Lat": 52.1672,
        "Brigade": "1"
      },
      {
        "Lon": 21.0761,
        "Time": "2017-05-14 01:32:20",
        "Lines": "N50",
        "Lat": 52.1681,
        "Brigade": "1"
      },
      {
        "Lon": 21.0761,
        "Time": "2017-05-14 01:32:30",
        "Lines": "N50",
        "Lat": 52.1681,
        "Brigade": "1"
      },
      {
        "Lon": 21.0761,
        "Time": "2017-05-14 01:32:45",
        "Lines": "N50",
        "Lat": 52.1681,
        "Brigade": "1"
      },
      {
        "Lon": 21.0759,
        "Time": "2017-05-14 01:32:55",
        "Lines": "N50",
        "Lat": 52.1681,
        "Brigade": "1"
      },
      {
        "Lon": 21.075,
        "Time": "2017-05-14 01:33:05",
        "Lines": "N50",
        "Lat": 52.1683,
        "Brigade": "1"
      },
      {
        "Lon": 21.0748,
        "Time": "2017-05-14 01:33:17",
        "Lines": "N50",
        "Lat": 52.1684,
        "Brigade": "1"
      },
      {
        "Lon": 21.0741,
        "Time": "2017-05-14 01:33:30",
        "Lines": "N50",
        "Lat": 52.1685,
        "Brigade": "1"
      },
      {
        "Lon": 21.0725,
        "Time": "2017-05-14 01:33:40",
        "Lines": "N50",
        "Lat": 52.1689,
        "Brigade": "1"
      },
      {
        "Lon": 21.0706,
        "Time": "2017-05-14 01:33:50",
        "Lines": "N50",
        "Lat": 52.1693,
        "Brigade": "1"
      },
      {
        "Lon": 21.0687,
        "Time": "2017-05-14 01:34:00",
        "Lines": "N50",
        "Lat": 52.1697,
        "Brigade": "1"
      },
      {
        "Lon": 21.0666,
        "Time": "2017-05-14 01:34:15",
        "Lines": "N50",
        "Lat": 52.1701,
        "Brigade": "1"
      },
      {
        "Lon": 21.0666,
        "Time": "2017-05-14 01:34:25",
        "Lines": "N50",
        "Lat": 52.1701,
        "Brigade": "1"
      },
      {
        "Lon": 21.0658,
        "Time": "2017-05-14 01:34:35",
        "Lines": "N50",
        "Lat": 52.1702,
        "Brigade": "1"
      },
      {
        "Lon": 21.0642,
        "Time": "2017-05-14 01:34:46",
        "Lines": "N50",
        "Lat": 52.1707,
        "Brigade": "1"
      },
      {
        "Lon": 21.0601,
        "Time": "2017-05-14 01:35:05",
        "Lines": "N50",
        "Lat": 52.1717,
        "Brigade": "1"
      },
      {
        "Lon": 21.0568,
        "Time": "2017-05-14 01:35:20",
        "Lines": "N50",
        "Lat": 52.1724,
        "Brigade": "1"
      },
      {
        "Lon": 21.0547,
        "Time": "2017-05-14 01:35:32",
        "Lines": "N50",
        "Lat": 52.1729,
        "Brigade": "1"
      },
      {
        "Lon": 21.0546,
        "Time": "2017-05-14 01:35:40",
        "Lines": "N50",
        "Lat": 52.1729,
        "Brigade": "1"
      },
      {
        "Lon": 21.0542,
        "Time": "2017-05-14 01:35:50",
        "Lines": "N50",
        "Lat": 52.173,
        "Brigade": "1"
      },
      {
        "Lon": 21.0519,
        "Time": "2017-05-14 01:36:05",
        "Lines": "N50",
        "Lat": 52.1735,
        "Brigade": "1"
      },
      {
        "Lon": 21.0499,
        "Time": "2017-05-14 01:36:15",
        "Lines": "N50",
        "Lat": 52.1739,
        "Brigade": "1"
      },
      {
        "Lon": 21.0476,
        "Time": "2017-05-14 01:36:25",
        "Lines": "N50",
        "Lat": 52.1745,
        "Brigade": "1"
      },
      {
        "Lon": 21.0453,
        "Time": "2017-05-14 01:36:35",
        "Lines": "N50",
        "Lat": 52.175,
        "Brigade": "1"
      },
      {
        "Lon": 21.044,
        "Time": "2017-05-14 01:36:47",
        "Lines": "N50",
        "Lat": 52.175,
        "Brigade": "1"
      },
      {
        "Lon": 21.0438,
        "Time": "2017-05-14 01:36:56",
        "Lines": "N50",
        "Lat": 52.1742,
        "Brigade": "1"
      },
      {
        "Lon": 21.0263,
        "Time": "2017-05-14 01:39:46",
        "Lines": "N50",
        "Lat": 52.1739,
        "Brigade": "1"
      },
      {
        "Lon": 21.0266,
        "Time": "2017-05-14 01:40:10",
        "Lines": "N50",
        "Lat": 52.1753,
        "Brigade": "1"
      },
      {
        "Lon": 21.027,
        "Time": "2017-05-14 01:40:20",
        "Lines": "N50",
        "Lat": 52.1766,
        "Brigade": "1"
      },
      {
        "Lon": 21.0274,
        "Time": "2017-05-14 01:40:30",
        "Lines": "N50",
        "Lat": 52.1777,
        "Brigade": "1"
      },
      {
        "Lon": 21.0275,
        "Time": "2017-05-14 01:40:40",
        "Lines": "N50",
        "Lat": 52.178,
        "Brigade": "1"
      },
      {
        "Lon": 21.0275,
        "Time": "2017-05-14 01:40:50",
        "Lines": "N50",
        "Lat": 52.178,
        "Brigade": "1"
      },
      {
        "Lon": 21.0275,
        "Time": "2017-05-14 01:41:05",
        "Lines": "N50",
        "Lat": 52.1784,
        "Brigade": "1"
      },
      {
        "Lon": 21.0264,
        "Time": "2017-05-14 01:41:15",
        "Lines": "N50",
        "Lat": 52.1787,
        "Brigade": "1"
      },
      {
        "Lon": 21.0229,
        "Time": "2017-05-14 01:41:50",
        "Lines": "N50",
        "Lat": 52.1799,
        "Brigade": "1"
      },
      {
        "Lon": 21.0235,
        "Time": "2017-05-14 01:42:01",
        "Lines": "N50",
        "Lat": 52.18,
        "Brigade": "1"
      },
      {
        "Lon": 21.0235,
        "Time": "2017-05-14 01:42:11",
        "Lines": "N50",
        "Lat": 52.18,
        "Brigade": "1"
      },
      {
        "Lon": 21.0235,
        "Time": "2017-05-14 01:42:21",
        "Lines": "N50",
        "Lat": 52.18,
        "Brigade": "1"
      },
      {
        "Lon": 21.024,
        "Time": "2017-05-14 01:42:35",
        "Lines": "N50",
        "Lat": 52.1799,
        "Brigade": "1"
      },
      {
        "Lon": 21.0243,
        "Time": "2017-05-14 01:42:46",
        "Lines": "N50",
        "Lat": 52.1799,
        "Brigade": "1"
      },
      {
        "Lon": 21.0246,
        "Time": "2017-05-14 01:43:20",
        "Lines": "N50",
        "Lat": 52.1792,
        "Brigade": "1"
      },
      {
        "Lon": 21.0246,
        "Time": "2017-05-14 01:43:30",
        "Lines": "N50",
        "Lat": 52.1792,
        "Brigade": "1"
      },
      {
        "Lon": 21.0247,
        "Time": "2017-05-14 01:43:40",
        "Lines": "N50",
        "Lat": 52.1789,
        "Brigade": "1"
      },
      {
        "Lon": 21.0261,
        "Time": "2017-05-14 01:43:50",
        "Lines": "N50",
        "Lat": 52.1786,
        "Brigade": "1"
      },
      {
        "Lon": 21.0267,
        "Time": "2017-05-14 01:44:25",
        "Lines": "N50",
        "Lat": 52.1762,
        "Brigade": "1"
      },
      {
        "Lon": 21.0264,
        "Time": "2017-05-14 01:44:36",
        "Lines": "N50",
        "Lat": 52.1751,
        "Brigade": "1"
      },
      {
        "Lon": 21.0261,
        "Time": "2017-05-14 01:44:45",
        "Lines": "N50",
        "Lat": 52.1741,
        "Brigade": "1"
      },
      {
        "Lon": 21.0262,
        "Time": "2017-05-14 01:44:55",
        "Lines": "N50",
        "Lat": 52.1737,
        "Brigade": "1"
      },
      {
        "Lon": 21.0262,
        "Time": "2017-05-14 01:45:10",
        "Lines": "N50",
        "Lat": 52.1737,
        "Brigade": "1"
      },
      {
        "Lon": 21.0262,
        "Time": "2017-05-14 01:45:20",
        "Lines": "N50",
        "Lat": 52.1737,
        "Brigade": "1"
      },
      {
        "Lon": 21.0262,
        "Time": "2017-05-14 01:45:30",
        "Lines": "N50",
        "Lat": 52.1735,
        "Brigade": "1"
      },
      {
        "Lon": 21.027,
        "Time": "2017-05-14 01:45:50",
        "Lines": "N50",
        "Lat": 52.1734,
        "Brigade": "1"
      },
      {
        "Lon": 21.027,
        "Time": "2017-05-14 01:46:05",
        "Lines": "N50",
        "Lat": 52.1734,
        "Brigade": "1"
      },
      {
        "Lon": 21.0275,
        "Time": "2017-05-14 01:46:15",
        "Lines": "N50",
        "Lat": 52.1734,
        "Brigade": "1"
      },
      {
        "Lon": 21.029,
        "Time": "2017-05-14 01:46:25",
        "Lines": "N50",
        "Lat": 52.1734,
        "Brigade": "1"
      },
      {
        "Lon": 21.031,
        "Time": "2017-05-14 01:46:35",
        "Lines": "N50",
        "Lat": 52.1735,
        "Brigade": "1"
      },
      {
        "Lon": 21.0352,
        "Time": "2017-05-14 01:46:55",
        "Lines": "N50",
        "Lat": 52.1735,
        "Brigade": "1"
      },
      {
        "Lon": 21.0378,
        "Time": "2017-05-14 01:47:10",
        "Lines": "N50",
        "Lat": 52.1731,
        "Brigade": "1"
      },
      {
        "Lon": 21.0395,
        "Time": "2017-05-14 01:47:20",
        "Lines": "N50",
        "Lat": 52.1723,
        "Brigade": "1"
      },
      {
        "Lon": 21.0403,
        "Time": "2017-05-14 01:47:30",
        "Lines": "N50",
        "Lat": 52.1712,
        "Brigade": "1"
      },
      {
        "Lon": 21.0406,
        "Time": "2017-05-14 01:47:40",
        "Lines": "N50",
        "Lat": 52.1706,
        "Brigade": "1"
      },
      {
        "Lon": 21.042,
        "Time": "2017-05-14 01:47:55",
        "Lines": "N50",
        "Lat": 52.1712,
        "Brigade": "1"
      },
      {
        "Lon": 21.0433,
        "Time": "2017-05-14 01:48:05",
        "Lines": "N50",
        "Lat": 52.1723,
        "Brigade": "1"
      },
      {
        "Lon": 21.0441,
        "Time": "2017-05-14 01:48:15",
        "Lines": "N50",
        "Lat": 52.1737,
        "Brigade": "1"
      },
      {
        "Lon": 21.0444,
        "Time": "2017-05-14 01:48:25",
        "Lines": "N50",
        "Lat": 52.1747,
        "Brigade": "1"
      },
      {
        "Lon": 21.0452,
        "Time": "2017-05-14 01:48:35",
        "Lines": "N50",
        "Lat": 52.1748,
        "Brigade": "1"
      },
      {
        "Lon": 21.0456,
        "Time": "2017-05-14 01:48:50",
        "Lines": "N50",
        "Lat": 52.1747,
        "Brigade": "1"
      },
      {
        "Lon": 21.0457,
        "Time": "2017-05-14 01:49:00",
        "Lines": "N50",
        "Lat": 52.1747,
        "Brigade": "1"
      },
      {
        "Lon": 21.0467,
        "Time": "2017-05-14 01:49:10",
        "Lines": "N50",
        "Lat": 52.1745,
        "Brigade": "1"
      },
      {
        "Lon": 21.0532,
        "Time": "2017-05-14 01:49:45",
        "Lines": "N50",
        "Lat": 52.173,
        "Brigade": "1"
      },
      {
        "Lon": 21.0552,
        "Time": "2017-05-14 01:49:55",
        "Lines": "N50",
        "Lat": 52.1726,
        "Brigade": "1"
      },
      {
        "Lon": 21.0564,
        "Time": "2017-05-14 01:50:05",
        "Lines": "N50",
        "Lat": 52.1723,
        "Brigade": "1"
      },
      {
        "Lon": 21.0564,
        "Time": "2017-05-14 01:50:16",
        "Lines": "N50",
        "Lat": 52.1723,
        "Brigade": "1"
      },
      {
        "Lon": 21.057,
        "Time": "2017-05-14 01:50:29",
        "Lines": "N50",
        "Lat": 52.1722,
        "Brigade": "1"
      },
      {
        "Lon": 21.0586,
        "Time": "2017-05-14 01:50:40",
        "Lines": "N50",
        "Lat": 52.1718,
        "Brigade": "1"
      },
      {
        "Lon": 21.062,
        "Time": "2017-05-14 01:51:00",
        "Lines": "N50",
        "Lat": 52.171,
        "Brigade": "1"
      },
      {
        "Lon": 21.0621,
        "Time": "2017-05-14 01:51:10",
        "Lines": "N50",
        "Lat": 52.171,
        "Brigade": "1"
      },
      {
        "Lon": 21.0629,
        "Time": "2017-05-14 01:51:20",
        "Lines": "N50",
        "Lat": 52.1708,
        "Brigade": "1"
      },
      {
        "Lon": 21.0653,
        "Time": "2017-05-14 01:51:35",
        "Lines": "N50",
        "Lat": 52.1702,
        "Brigade": "1"
      },
      {
        "Lon": 21.0669,
        "Time": "2017-05-14 01:51:48",
        "Lines": "N50",
        "Lat": 52.1699,
        "Brigade": "1"
      },
      {
        "Lon": 21.0672,
        "Time": "2017-05-14 01:51:56",
        "Lines": "N50",
        "Lat": 52.1699,
        "Brigade": "1"
      },
      {
        "Lon": 21.0679,
        "Time": "2017-05-14 01:52:15",
        "Lines": "N50",
        "Lat": 52.1697,
        "Brigade": "1"
      },
      {
        "Lon": 21.0697,
        "Time": "2017-05-14 01:52:30",
        "Lines": "N50",
        "Lat": 52.1693,
        "Brigade": "1"
      },
      {
        "Lon": 21.0697,
        "Time": "2017-05-14 01:52:40",
        "Lines": "N50",
        "Lat": 52.1693,
        "Brigade": "1"
      },
      {
        "Lon": 21.0703,
        "Time": "2017-05-14 01:52:50",
        "Lines": "N50",
        "Lat": 52.1692,
        "Brigade": "1"
      },
      {
        "Lon": 21.0728,
        "Time": "2017-05-14 01:53:05",
        "Lines": "N50",
        "Lat": 52.1686,
        "Brigade": "1"
      },
      {
        "Lon": 21.0765,
        "Time": "2017-05-14 01:53:27",
        "Lines": "N50",
        "Lat": 52.1677,
        "Brigade": "1"
      },
      {
        "Lon": 21.0765,
        "Time": "2017-05-14 01:53:35",
        "Lines": "N50",
        "Lat": 52.1677,
        "Brigade": "1"
      },
      {
        "Lon": 21.0778,
        "Time": "2017-05-14 01:53:50",
        "Lines": "N50",
        "Lat": 52.1675,
        "Brigade": "1"
      },
      {
        "Lon": 21.0797,
        "Time": "2017-05-14 01:54:00",
        "Lines": "N50",
        "Lat": 52.1671,
        "Brigade": "1"
      },
      {
        "Lon": 21.0817,
        "Time": "2017-05-14 01:54:10",
        "Lines": "N50",
        "Lat": 52.1666,
        "Brigade": "1"
      },
      {
        "Lon": 21.0838,
        "Time": "2017-05-14 01:54:23",
        "Lines": "N50",
        "Lat": 52.1659,
        "Brigade": "1"
      },
      {
        "Lon": 21.0841,
        "Time": "2017-05-14 01:54:34",
        "Lines": "N50",
        "Lat": 52.1652,
        "Brigade": "1"
      },
      {
        "Lon": 21.0841,
        "Time": "2017-05-14 01:54:45",
        "Lines": "N50",
        "Lat": 52.1652,
        "Brigade": "1"
      },
      {
        "Lon": 21.0842,
        "Time": "2017-05-14 01:54:55",
        "Lines": "N50",
        "Lat": 52.1647,
        "Brigade": "1"
      },
      {
        "Lon": 21.0844,
        "Time": "2017-05-14 01:55:05",
        "Lines": "N50",
        "Lat": 52.1637,
        "Brigade": "1"
      },
      {
        "Lon": 21.0847,
        "Time": "2017-05-14 01:55:15",
        "Lines": "N50",
        "Lat": 52.1625,
        "Brigade": "1"
      },
      {
        "Lon": 21.0856,
        "Time": "2017-05-14 01:55:25",
        "Lines": "N50",
        "Lat": 52.1612,
        "Brigade": "1"
      },
      {
        "Lon": 21.0867,
        "Time": "2017-05-14 01:55:40",
        "Lines": "N50",
        "Lat": 52.1598,
        "Brigade": "1"
      },
      {
        "Lon": 21.0867,
        "Time": "2017-05-14 01:56:00",
        "Lines": "N50",
        "Lat": 52.1598,
        "Brigade": "1"
      },
      {
        "Lon": 21.0869,
        "Time": "2017-05-14 01:56:10",
        "Lines": "N50",
        "Lat": 52.1596,
        "Brigade": "1"
      },
      {
        "Lon": 21.0874,
        "Time": "2017-05-14 01:56:20",
        "Lines": "N50",
        "Lat": 52.1588,
        "Brigade": "1"
      },
      {
        "Lon": 21.0887,
        "Time": "2017-05-14 01:56:35",
        "Lines": "N50",
        "Lat": 52.1571,
        "Brigade": "1"
      },
      {
        "Lon": 21.0897,
        "Time": "2017-05-14 01:56:45",
        "Lines": "N50",
        "Lat": 52.1558,
        "Brigade": "1"
      },
      {
        "Lon": 21.0914,
        "Time": "2017-05-14 01:57:10",
        "Lines": "N50",
        "Lat": 52.1525,
        "Brigade": "1"
      },
      {
        "Lon": 21.092,
        "Time": "2017-05-14 01:57:30",
        "Lines": "N50",
        "Lat": 52.1499,
        "Brigade": "1"
      },
      {
        "Lon": 21.0924,
        "Time": "2017-05-14 01:57:40",
        "Lines": "N50",
        "Lat": 52.1486,
        "Brigade": "1"
      },
      {
        "Lon": 21.0931,
        "Time": "2017-05-14 01:57:50",
        "Lines": "N50",
        "Lat": 52.1473,
        "Brigade": "1"
      },
      {
        "Lon": 21.0944,
        "Time": "2017-05-14 01:58:05",
        "Lines": "N50",
        "Lat": 52.1455,
        "Brigade": "1"
      },
      {
        "Lon": 21.0952,
        "Time": "2017-05-14 01:58:15",
        "Lines": "N50",
        "Lat": 52.1442,
        "Brigade": "1"
      },
      {
        "Lon": 21.098,
        "Time": "2017-05-14 01:58:50",
        "Lines": "N50",
        "Lat": 52.1398,
        "Brigade": "1"
      },
      {
        "Lon": 21.0988,
        "Time": "2017-05-14 01:59:00",
        "Lines": "N50",
        "Lat": 52.1386,
        "Brigade": "1"
      },
      {
        "Lon": 21.0995,
        "Time": "2017-05-14 01:59:10",
        "Lines": "N50",
        "Lat": 52.1373,
        "Brigade": "1"
      },
      {
        "Lon": 21.0999,
        "Time": "2017-05-14 01:59:21",
        "Lines": "N50",
        "Lat": 52.136,
        "Brigade": "1"
      },
      {
        "Lon": 21.1009,
        "Time": "2017-05-14 01:59:56",
        "Lines": "N50",
        "Lat": 52.1332,
        "Brigade": "1"
      },
      {
        "Lon": 21.1011,
        "Time": "2017-05-14 02:00:06",
        "Lines": "N50",
        "Lat": 52.1321,
        "Brigade": "1"
      },
      {
        "Lon": 21.1031,
        "Time": "2017-05-14 02:00:25",
        "Lines": "N50",
        "Lat": 52.1302,
        "Brigade": "1"
      },
      {
        "Lon": 21.1039,
        "Time": "2017-05-14 02:00:40",
        "Lines": "N50",
        "Lat": 52.1285,
        "Brigade": "1"
      },
      {
        "Lon": 21.1035,
        "Time": "2017-05-14 02:00:50",
        "Lines": "N50",
        "Lat": 52.1274,
        "Brigade": "1"
      },
      {
        "Lon": 21.1031,
        "Time": "2017-05-14 02:01:01",
        "Lines": "N50",
        "Lat": 52.1261,
        "Brigade": "1"
      },
      {
        "Lon": 21.1029,
        "Time": "2017-05-14 02:01:10",
        "Lines": "N50",
        "Lat": 52.1251,
        "Brigade": "1"
      },
      {
        "Lon": 21.1027,
        "Time": "2017-05-14 02:01:35",
        "Lines": "N50",
        "Lat": 52.1241,
        "Brigade": "1"
      },
      {
        "Lon": 21.1028,
        "Time": "2017-05-14 02:01:45",
        "Lines": "N50",
        "Lat": 52.1234,
        "Brigade": "1"
      },
      {
        "Lon": 21.1032,
        "Time": "2017-05-14 02:01:56",
        "Lines": "N50",
        "Lat": 52.1222,
        "Brigade": "1"
      },
      {
        "Lon": 21.1036,
        "Time": "2017-05-14 02:02:05",
        "Lines": "N50",
        "Lat": 52.121,
        "Brigade": "1"
      },
      {
        "Lon": 21.105,
        "Time": "2017-05-14 02:03:00",
        "Lines": "N50",
        "Lat": 52.1175,
        "Brigade": "1"
      },
      {
        "Lon": 21.1065,
        "Time": "2017-05-14 02:03:10",
        "Lines": "N50",
        "Lat": 52.1164,
        "Brigade": "1"
      },
      {
        "Lon": 21.1083,
        "Time": "2017-05-14 02:03:25",
        "Lines": "N50",
        "Lat": 52.1146,
        "Brigade": "1"
      },
      {
        "Lon": 21.1094,
        "Time": "2017-05-14 02:03:35",
        "Lines": "N50",
        "Lat": 52.1134,
        "Brigade": "1"
      },
      {
        "Lon": 21.1106,
        "Time": "2017-05-14 02:03:45",
        "Lines": "N50",
        "Lat": 52.1123,
        "Brigade": "1"
      },
      {
        "Lon": 21.113,
        "Time": "2017-05-14 02:04:20",
        "Lines": "N50",
        "Lat": 52.1086,
        "Brigade": "1"
      },
      {
        "Lon": 21.1132,
        "Time": "2017-05-14 02:04:30",
        "Lines": "N50",
        "Lat": 52.1073,
        "Brigade": "1"
      },
      {
        "Lon": 21.1133,
        "Time": "2017-05-14 02:04:40",
        "Lines": "N50",
        "Lat": 52.106,
        "Brigade": "1"
      },
      {
        "Lon": 21.1135,
        "Time": "2017-05-14 02:04:50",
        "Lines": "N50",
        "Lat": 52.1051,
        "Brigade": "1"
      },
      {
        "Lon": 21.1141,
        "Time": "2017-05-14 02:05:05",
        "Lines": "N50",
        "Lat": 52.1033,
        "Brigade": "1"
      },
      {
        "Lon": 21.1146,
        "Time": "2017-05-14 02:05:15",
        "Lines": "N50",
        "Lat": 52.102,
        "Brigade": "1"
      },
      {
        "Lon": 21.1151,
        "Time": "2017-05-14 02:05:25",
        "Lines": "N50",
        "Lat": 52.1007,
        "Brigade": "1"
      },
      {
        "Lon": 21.1156,
        "Time": "2017-05-14 02:05:35",
        "Lines": "N50",
        "Lat": 52.0994,
        "Brigade": "1"
      },
      {
        "Lon": 21.116,
        "Time": "2017-05-14 02:05:45",
        "Lines": "N50",
        "Lat": 52.0983,
        "Brigade": "1"
      },
      {
        "Lon": 21.1167,
        "Time": "2017-05-14 02:05:55",
        "Lines": "N50",
        "Lat": 52.0982,
        "Brigade": "1"
      },
      {
        "Lon": 21.1186,
        "Time": "2017-05-14 02:06:07",
        "Lines": "N50",
        "Lat": 52.0985,
        "Brigade": "1"
      },
      {
        "Lon": 21.1206,
        "Time": "2017-05-14 02:06:20",
        "Lines": "N50",
        "Lat": 52.0985,
        "Brigade": "1"
      },
      {
        "Lon": 21.1241,
        "Time": "2017-05-14 02:06:40",
        "Lines": "N50",
        "Lat": 52.0987,
        "Brigade": "1"
      },
      {
        "Lon": 21.1247,
        "Time": "2017-05-14 02:06:55",
        "Lines": "N50",
        "Lat": 52.0987,
        "Brigade": "1"
      },
      {
        "Lon": 21.125,
        "Time": "2017-05-14 02:07:00",
        "Lines": "N50",
        "Lat": 52.0987,
        "Brigade": "1"
      },
      {
        "Lon": 21.1254,
        "Time": "2017-05-14 02:07:15",
        "Lines": "N50",
        "Lat": 52.099,
        "Brigade": "1"
      },
      {
        "Lon": 21.1255,
        "Time": "2017-05-14 02:07:25",
        "Lines": "N50",
        "Lat": 52.1,
        "Brigade": "1"
      },
      {
        "Lon": 21.1274,
        "Time": "2017-05-14 02:08:00",
        "Lines": "N50",
        "Lat": 52.1008,
        "Brigade": "1"
      },
      {
        "Lon": 21.129,
        "Time": "2017-05-14 02:08:10",
        "Lines": "N50",
        "Lat": 52.1002,
        "Brigade": "1"
      },
      {
        "Lon": 21.1309,
        "Time": "2017-05-14 02:08:21",
        "Lines": "N50",
        "Lat": 52.0995,
        "Brigade": "1"
      },
      {
        "Lon": 21.1326,
        "Time": "2017-05-14 02:08:32",
        "Lines": "N50",
        "Lat": 52.0988,
        "Brigade": "1"
      },
      {
        "Lon": 21.1344,
        "Time": "2017-05-14 02:08:40",
        "Lines": "N50",
        "Lat": 52.0981,
        "Brigade": "1"
      },
      {
        "Lon": 21.136,
        "Time": "2017-05-14 02:09:15",
        "Lines": "N50",
        "Lat": 52.0968,
        "Brigade": "1"
      },
      {
        "Lon": 21.1366,
        "Time": "2017-05-14 02:09:25",
        "Lines": "N50",
        "Lat": 52.0959,
        "Brigade": "1"
      },
      {
        "Lon": 21.1363,
        "Time": "2017-05-14 02:09:35",
        "Lines": "N50",
        "Lat": 52.0951,
        "Brigade": "1"
      },
      {
        "Lon": 21.1356,
        "Time": "2017-05-14 02:09:45",
        "Lines": "N50",
        "Lat": 52.0949,
        "Brigade": "1"
      },
      {
        "Lon": 21.133,
        "Time": "2017-05-14 02:10:00",
        "Lines": "N50",
        "Lat": 52.0944,
        "Brigade": "1"
      },
      {
        "Lon": 21.1271,
        "Time": "2017-05-14 02:10:30",
        "Lines": "N50",
        "Lat": 52.0925,
        "Brigade": "1"
      },
      {
        "Lon": 21.1243,
        "Time": "2017-05-14 02:10:45",
        "Lines": "N50",
        "Lat": 52.0916,
        "Brigade": "1"
      },
      {
        "Lon": 21.1227,
        "Time": "2017-05-14 02:10:55",
        "Lines": "N50",
        "Lat": 52.0908,
        "Brigade": "1"
      },
      {
        "Lon": 21.1219,
        "Time": "2017-05-14 02:11:05",
        "Lines": "N50",
        "Lat": 52.0903,
        "Brigade": "1"
      },
      {
        "Lon": 21.1217,
        "Time": "2017-05-14 02:11:15",
        "Lines": "N50",
        "Lat": 52.0896,
        "Brigade": "1"
      },
      {
        "Lon": 21.1214,
        "Time": "2017-05-14 02:11:29",
        "Lines": "N50",
        "Lat": 52.0885,
        "Brigade": "1"
      },
      {
        "Lon": 21.1214,
        "Time": "2017-05-14 02:11:40",
        "Lines": "N50",
        "Lat": 52.0885,
        "Brigade": "1"
      },
      {
        "Lon": 21.1213,
        "Time": "2017-05-14 02:11:50",
        "Lines": "N50",
        "Lat": 52.088,
        "Brigade": "1"
      },
      {
        "Lon": 21.1208,
        "Time": "2017-05-14 02:12:00",
        "Lines": "N50",
        "Lat": 52.087,
        "Brigade": "1"
      },
      {
        "Lon": 21.1204,
        "Time": "2017-05-14 02:12:10",
        "Lines": "N50",
        "Lat": 52.0859,
        "Brigade": "1"
      },
      {
        "Lon": 21.1201,
        "Time": "2017-05-14 02:12:20",
        "Lines": "N50",
        "Lat": 52.0847,
        "Brigade": "1"
      },
      {
        "Lon": 21.1193,
        "Time": "2017-05-14 02:12:35",
        "Lines": "N50",
        "Lat": 52.0831,
        "Brigade": "1"
      },
      {
        "Lon": 21.119,
        "Time": "2017-05-14 02:12:45",
        "Lines": "N50",
        "Lat": 52.0819,
        "Brigade": "1"
      },
      {
        "Lon": 21.0957,
        "Time": "2017-05-14 02:17:10",
        "Lines": "N50",
        "Lat": 52.0823,
        "Brigade": "1"
      },
      {
        "Lon": 21.0949,
        "Time": "2017-05-14 02:17:20",
        "Lines": "N50",
        "Lat": 52.0834,
        "Brigade": "1"
      },
      {
        "Lon": 21.0947,
        "Time": "2017-05-14 02:17:35",
        "Lines": "N50",
        "Lat": 52.0851,
        "Brigade": "1"
      },
      {
        "Lon": 21.0947,
        "Time": "2017-05-14 02:17:45",
        "Lines": "N50",
        "Lat": 52.0856,
        "Brigade": "1"
      },
      {
        "Lon": 21.0957,
        "Time": "2017-05-14 02:17:55",
        "Lines": "N50",
        "Lat": 52.0858,
        "Brigade": "1"
      },
      {
        "Lon": 21.0964,
        "Time": "2017-05-14 02:18:15",
        "Lines": "N50",
        "Lat": 52.086,
        "Brigade": "1"
      },
      {
        "Lon": 21.0988,
        "Time": "2017-05-14 02:18:30",
        "Lines": "N50",
        "Lat": 52.0864,
        "Brigade": "1"
      },
      {
        "Lon": 21.1007,
        "Time": "2017-05-14 02:18:40",
        "Lines": "N50",
        "Lat": 52.0868,
        "Brigade": "1"
      },
      {
        "Lon": 21.1025,
        "Time": "2017-05-14 02:18:50",
        "Lines": "N50",
        "Lat": 52.0875,
        "Brigade": "1"
      },
      {
        "Lon": 21.1039,
        "Time": "2017-05-14 02:19:00",
        "Lines": "N50",
        "Lat": 52.0884,
        "Brigade": "1"
      },
      {
        "Lon": 21.1101,
        "Time": "2017-05-14 02:19:35",
        "Lines": "N50",
        "Lat": 52.0904,
        "Brigade": "1"
      },
      {
        "Lon": 21.1118,
        "Time": "2017-05-14 02:19:45",
        "Lines": "N50",
        "Lat": 52.091,
        "Brigade": "1"
      },
      {
        "Lon": 21.1136,
        "Time": "2017-05-14 02:19:55",
        "Lines": "N50",
        "Lat": 52.0916,
        "Brigade": "1"
      },
      {
        "Lon": 21.115,
        "Time": "2017-05-14 02:20:05",
        "Lines": "N50",
        "Lat": 52.0924,
        "Brigade": "1"
      },
      {
        "Lon": 21.1169,
        "Time": "2017-05-14 02:20:20",
        "Lines": "N50",
        "Lat": 52.0935,
        "Brigade": "1"
      },
      {
        "Lon": 21.1177,
        "Time": "2017-05-14 02:20:30",
        "Lines": "N50",
        "Lat": 52.0939,
        "Brigade": "1"
      },
      {
        "Lon": 21.1171,
        "Time": "2017-05-14 02:20:50",
        "Lines": "N50",
        "Lat": 52.0955,
        "Brigade": "1"
      },
      {
        "Lon": 21.1167,
        "Time": "2017-05-14 02:21:00",
        "Lines": "N50",
        "Lat": 52.0966,
        "Brigade": "1"
      },
      {
        "Lon": 21.1133,
        "Time": "2017-05-14 02:23:05",
        "Lines": "N50",
        "Lat": 52.1073,
        "Brigade": "1"
      },
      {
        "Lon": 21.1107,
        "Time": "2017-05-14 02:23:50",
        "Lines": "N50",
        "Lat": 52.1124,
        "Brigade": "1"
      },
      {
        "Lon": 21.1094,
        "Time": "2017-05-14 02:24:00",
        "Lines": "N50",
        "Lat": 52.1138,
        "Brigade": "1"
      },
      {
        "Lon": 21.108,
        "Time": "2017-05-14 02:24:10",
        "Lines": "N50",
        "Lat": 52.1152,
        "Brigade": "1"
      },
      {
        "Lon": 21.1057,
        "Time": "2017-05-14 02:24:25",
        "Lines": "N50",
        "Lat": 52.1173,
        "Brigade": "1"
      },
      {
        "Lon": 21.1036,
        "Time": "2017-05-14 02:24:35",
        "Lines": "N50",
        "Lat": 52.1184,
        "Brigade": "1"
      },
      {
        "Lon": 21.1023,
        "Time": "2017-05-14 02:24:59",
        "Lines": "N50",
        "Lat": 52.1191,
        "Brigade": "1"
      },
      {
        "Lon": 21.1019,
        "Time": "2017-05-14 02:25:05",
        "Lines": "N50",
        "Lat": 52.1193,
        "Brigade": "1"
      },
      {
        "Lon": 21.1,
        "Time": "2017-05-14 02:25:20",
        "Lines": "N50",
        "Lat": 52.1206,
        "Brigade": "1"
      },
      {
        "Lon": 21.0986,
        "Time": "2017-05-14 02:25:30",
        "Lines": "N50",
        "Lat": 52.1218,
        "Brigade": "1"
      },
      {
        "Lon": 21.0977,
        "Time": "2017-05-14 02:25:40",
        "Lines": "N50",
        "Lat": 52.1228,
        "Brigade": "1"
      },
      {
        "Lon": 21.0979,
        "Time": "2017-05-14 02:28:45",
        "Lines": "N50",
        "Lat": 52.1405,
        "Brigade": "1"
      },
      {
        "Lon": 21.0968,
        "Time": "2017-05-14 02:28:55",
        "Lines": "N50",
        "Lat": 52.1422,
        "Brigade": "1"
      },
      {
        "Lon": 21.0957,
        "Time": "2017-05-14 02:29:07",
        "Lines": "N50",
        "Lat": 52.1439,
        "Brigade": "1"
      },
      {
        "Lon": 21.0932,
        "Time": "2017-05-14 02:29:28",
        "Lines": "N50",
        "Lat": 52.1476,
        "Brigade": "1"
      },
      {
        "Lon": 21.0915,
        "Time": "2017-05-14 02:30:05",
        "Lines": "N50",
        "Lat": 52.1531,
        "Brigade": "1"
      },
      {
        "Lon": 21.0914,
        "Time": "2017-05-14 02:30:15",
        "Lines": "N50",
        "Lat": 52.1534,
        "Brigade": "1"
      },
      {
        "Lon": 21.0892,
        "Time": "2017-05-14 02:31:00",
        "Lines": "N50",
        "Lat": 52.1568,
        "Brigade": "1"
      },
      {
        "Lon": 21.0884,
        "Time": "2017-05-14 02:31:10",
        "Lines": "N50",
        "Lat": 52.1579,
        "Brigade": "1"
      },
      {
        "Lon": 21.0878,
        "Time": "2017-05-14 02:31:21",
        "Lines": "N50",
        "Lat": 52.1588,
        "Brigade": "1"
      },
      {
        "Lon": 21.0874,
        "Time": "2017-05-14 02:31:35",
        "Lines": "N50",
        "Lat": 52.1593,
        "Brigade": "1"
      },
      {
        "Lon": 21.0873,
        "Time": "2017-05-14 02:31:45",
        "Lines": "N50",
        "Lat": 52.1594,
        "Brigade": "1"
      },
      {
        "Lon": 21.087,
        "Time": "2017-05-14 02:32:05",
        "Lines": "N50",
        "Lat": 52.1597,
        "Brigade": "1"
      },
      {
        "Lon": 21.0859,
        "Time": "2017-05-14 02:32:20",
        "Lines": "N50",
        "Lat": 52.1613,
        "Brigade": "1"
      },
      {
        "Lon": 21.0849,
        "Time": "2017-05-14 02:32:30",
        "Lines": "N50",
        "Lat": 52.1627,
        "Brigade": "1"
      },
      {
        "Lon": 21.0834,
        "Time": "2017-05-14 02:33:00",
        "Lines": "N50",
        "Lat": 52.1664,
        "Brigade": "1"
      },
      {
        "Lon": 21.0801,
        "Time": "2017-05-14 02:33:15",
        "Lines": "N50",
        "Lat": 52.1672,
        "Brigade": "1"
      },
      {
        "Lon": 21.0716,
        "Time": "2017-05-14 02:33:45",
        "Lines": "N50",
        "Lat": 52.1691,
        "Brigade": "1"
      },
      {
        "Lon": 21.0687,
        "Time": "2017-05-14 02:34:10",
        "Lines": "N50",
        "Lat": 52.1697,
        "Brigade": "1"
      },
      {
        "Lon": 21.0687,
        "Time": "2017-05-14 02:34:30",
        "Lines": "N50",
        "Lat": 52.1697,
        "Brigade": "1"
      },
      {
        "Lon": 21.0687,
        "Time": "2017-05-14 02:34:40",
        "Lines": "N50",
        "Lat": 52.1697,
        "Brigade": "1"
      },
      {
        "Lon": 21.0687,
        "Time": "2017-05-14 02:34:50",
        "Lines": "N50",
        "Lat": 52.1697,
        "Brigade": "1"
      },
      {
        "Lon": 21.0687,
        "Time": "2017-05-14 02:35:05",
        "Lines": "N50",
        "Lat": 52.1697,
        "Brigade": "1"
      },
      {
        "Lon": 21.0687,
        "Time": "2017-05-14 02:35:15",
        "Lines": "N50",
        "Lat": 52.1697,
        "Brigade": "1"
      },
      {
        "Lon": 21.0669,
        "Time": "2017-05-14 02:35:40",
        "Lines": "N50",
        "Lat": 52.1701,
        "Brigade": "1"
      },
      {
        "Lon": 21.0648,
        "Time": "2017-05-14 02:35:50",
        "Lines": "N50",
        "Lat": 52.1705,
        "Brigade": "1"
      },
      {
        "Lon": 21.0624,
        "Time": "2017-05-14 02:36:00",
        "Lines": "N50",
        "Lat": 52.1711,
        "Brigade": "1"
      },
      {
        "Lon": 21.0604,
        "Time": "2017-05-14 02:36:11",
        "Lines": "N50",
        "Lat": 52.1716,
        "Brigade": "1"
      },
      {
        "Lon": 21.0603,
        "Time": "2017-05-14 02:36:20",
        "Lines": "N50",
        "Lat": 52.1716,
        "Brigade": "1"
      },
      {
        "Lon": 21.0584,
        "Time": "2017-05-14 02:36:35",
        "Lines": "N50",
        "Lat": 52.172,
        "Brigade": "1"
      },
      {
        "Lon": 21.0564,
        "Time": "2017-05-14 02:36:45",
        "Lines": "N50",
        "Lat": 52.1724,
        "Brigade": "1"
      },
      {
        "Lon": 21.0547,
        "Time": "2017-05-14 02:36:56",
        "Lines": "N50",
        "Lat": 52.1729,
        "Brigade": "1"
      },
      {
        "Lon": 21.0546,
        "Time": "2017-05-14 02:37:05",
        "Lines": "N50",
        "Lat": 52.1729,
        "Brigade": "1"
      },
      {
        "Lon": 21.0535,
        "Time": "2017-05-14 02:37:14",
        "Lines": "N50",
        "Lat": 52.1731,
        "Brigade": "1"
      },
      {
        "Lon": 21.0513,
        "Time": "2017-05-14 02:37:30",
        "Lines": "N50",
        "Lat": 52.1736,
        "Brigade": "1"
      },
      {
        "Lon": 21.0498,
        "Time": "2017-05-14 02:37:40",
        "Lines": "N50",
        "Lat": 52.174,
        "Brigade": "1"
      },
      {
        "Lon": 21.045,
        "Time": "2017-05-14 02:38:10",
        "Lines": "N50",
        "Lat": 52.1751,
        "Brigade": "1"
      },
      {
        "Lon": 21.0442,
        "Time": "2017-05-14 02:38:25",
        "Lines": "N50",
        "Lat": 52.1751,
        "Brigade": "1"
      },
      {
        "Lon": 21.0438,
        "Time": "2017-05-14 02:38:35",
        "Lines": "N50",
        "Lat": 52.1743,
        "Brigade": "1"
      },
      {
        "Lon": 21.0434,
        "Time": "2017-05-14 02:38:45",
        "Lines": "N50",
        "Lat": 52.1731,
        "Brigade": "1"
      },
      {
        "Lon": 21.0405,
        "Time": "2017-05-14 02:39:10",
        "Lines": "N50",
        "Lat": 52.171,
        "Brigade": "1"
      },
      {
        "Lon": 21.0382,
        "Time": "2017-05-14 02:39:30",
        "Lines": "N50",
        "Lat": 52.173,
        "Brigade": "1"
      },
      {
        "Lon": 21.0367,
        "Time": "2017-05-14 02:39:40",
        "Lines": "N50",
        "Lat": 52.1735,
        "Brigade": "1"
      },
      {
        "Lon": 21.0348,
        "Time": "2017-05-14 02:39:50",
        "Lines": "N50",
        "Lat": 52.1735,
        "Brigade": "1"
      },
      {
        "Lon": 21.0326,
        "Time": "2017-05-14 02:40:00",
        "Lines": "N50",
        "Lat": 52.1735,
        "Brigade": "1"
      },
      {
        "Lon": 21.0289,
        "Time": "2017-05-14 02:40:15",
        "Lines": "N50",
        "Lat": 52.1735,
        "Brigade": "1"
      },
      {
        "Lon": 21.0263,
        "Time": "2017-05-14 02:40:37",
        "Lines": "N50",
        "Lat": 52.1738,
        "Brigade": "1"
      },
      {
        "Lon": 21.0263,
        "Time": "2017-05-14 02:40:50",
        "Lines": "N50",
        "Lat": 52.1739,
        "Brigade": "1"
      },
      {
        "Lon": 21.0263,
        "Time": "2017-05-14 02:41:00",
        "Lines": "N50",
        "Lat": 52.1744,
        "Brigade": "1"
      },
      {
        "Lon": 21.0266,
        "Time": "2017-05-14 02:41:10",
        "Lines": "N50",
        "Lat": 52.1754,
        "Brigade": "1"
      },
      {
        "Lon": 21.0271,
        "Time": "2017-05-14 02:41:20",
        "Lines": "N50",
        "Lat": 52.1768,
        "Brigade": "1"
      },
      {
        "Lon": 21.0275,
        "Time": "2017-05-14 02:41:31",
        "Lines": "N50",
        "Lat": 52.1779,
        "Brigade": "1"
      },
      {
        "Lon": 21.0253,
        "Time": "2017-05-14 02:41:55",
        "Lines": "N50",
        "Lat": 52.1789,
        "Brigade": "1"
      },
      {
        "Lon": 21.0233,
        "Time": "2017-05-14 02:42:05",
        "Lines": "N50",
        "Lat": 52.1793,
        "Brigade": "1"
      },
      {
        "Lon": 21.0224,
        "Time": "2017-05-14 02:42:16",
        "Lines": "N50",
        "Lat": 52.1796,
        "Brigade": "1"
      },
      {
        "Lon": 21.0229,
        "Time": "2017-05-14 02:42:25",
        "Lines": "N50",
        "Lat": 52.18,
        "Brigade": "1"
      },
      {
        "Lon": 21.0235,
        "Time": "2017-05-14 02:42:40",
        "Lines": "N50",
        "Lat": 52.18,
        "Brigade": "1"
      },
      {
        "Lon": 21.0235,
        "Time": "2017-05-14 02:42:50",
        "Lines": "N50",
        "Lat": 52.18,
        "Brigade": "1"
      },
      {
        "Lon": 21.0235,
        "Time": "2017-05-14 02:43:10",
        "Lines": "N50",
        "Lat": 52.18,
        "Brigade": "1"
      },
      {
        "Lon": 21.0235,
        "Time": "2017-05-14 02:43:21",
        "Lines": "N50",
        "Lat": 52.18,
        "Brigade": "1"
      },
      {
        "Lon": 21.0235,
        "Time": "2017-05-14 02:43:35",
        "Lines": "N50",
        "Lat": 52.18,
        "Brigade": "1"
      },
      {
        "Lon": 21.0235,
        "Time": "2017-05-14 02:43:45",
        "Lines": "N50",
        "Lat": 52.18,
        "Brigade": "1"
      },
      {
        "Lon": 21.0235,
        "Time": "2017-05-14 02:43:55",
        "Lines": "N50",
        "Lat": 52.18,
        "Brigade": "1"
      },
      {
        "Lon": 21.0235,
        "Time": "2017-05-14 02:44:20",
        "Lines": "N50",
        "Lat": 52.18,
        "Brigade": "1"
      },
      {
        "Lon": 21.0235,
        "Time": "2017-05-14 02:44:30",
        "Lines": "N50",
        "Lat": 52.18,
        "Brigade": "1"
      },
      {
        "Lon": 21.0235,
        "Time": "2017-05-14 02:44:40",
        "Lines": "N50",
        "Lat": 52.18,
        "Brigade": "1"
      },
      {
        "Lon": 21.0238,
        "Time": "2017-05-14 02:44:50",
        "Lines": "N50",
        "Lat": 52.18,
        "Brigade": "1"
      },
      {
        "Lon": 21.0243,
        "Time": "2017-05-14 02:45:00",
        "Lines": "N50",
        "Lat": 52.1799,
        "Brigade": "1"
      },
      {
        "Lon": 21.0243,
        "Time": "2017-05-14 02:45:12",
        "Lines": "N50",
        "Lat": 52.1799,
        "Brigade": "1"
      },
      {
        "Lon": 21.0246,
        "Time": "2017-05-14 02:45:25",
        "Lines": "N50",
        "Lat": 52.1798,
        "Brigade": "1"
      },
      {
        "Lon": 21.0247,
        "Time": "2017-05-14 02:45:45",
        "Lines": "N50",
        "Lat": 52.1795,
        "Brigade": "1"
      },
      {
        "Lon": 21.0246,
        "Time": "2017-05-14 02:45:55",
        "Lines": "N50",
        "Lat": 52.1792,
        "Brigade": "1"
      },
      {
        "Lon": 21.0246,
        "Time": "2017-05-14 02:46:05",
        "Lines": "N50",
        "Lat": 52.1792,
        "Brigade": "1"
      },
      {
        "Lon": 21.0246,
        "Time": "2017-05-14 02:46:20",
        "Lines": "N50",
        "Lat": 52.1789,
        "Brigade": "1"
      },
      {
        "Lon": 21.0258,
        "Time": "2017-05-14 02:46:30",
        "Lines": "N50",
        "Lat": 52.1787,
        "Brigade": "1"
      },
      {
        "Lon": 21.0271,
        "Time": "2017-05-14 02:47:00",
        "Lines": "N50",
        "Lat": 52.1772,
        "Brigade": "1"
      },
      {
        "Lon": 21.0265,
        "Time": "2017-05-14 02:47:15",
        "Lines": "N50",
        "Lat": 52.1755,
        "Brigade": "1"
      },
      {
        "Lon": 21.0261,
        "Time": "2017-05-14 02:47:25",
        "Lines": "N50",
        "Lat": 52.1744,
        "Brigade": "1"
      },
      {
        "Lon": 21.0261,
        "Time": "2017-05-14 02:47:35",
        "Lines": "N50",
        "Lat": 52.1737,
        "Brigade": "1"
      },
      {
        "Lon": 21.0262,
        "Time": "2017-05-14 02:48:10",
        "Lines": "N50",
        "Lat": 52.1736,
        "Brigade": "1"
      },
      {
        "Lon": 21.0262,
        "Time": "2017-05-14 02:48:20",
        "Lines": "N50",
        "Lat": 52.1736,
        "Brigade": "1"
      },
      {
        "Lon": 21.0265,
        "Time": "2017-05-14 02:48:30",
        "Lines": "N50",
        "Lat": 52.1734,
        "Brigade": "1"
      },
      {
        "Lon": 21.027,
        "Time": "2017-05-14 02:48:40",
        "Lines": "N50",
        "Lat": 52.1734,
        "Brigade": "1"
      },
      {
        "Lon": 21.0274,
        "Time": "2017-05-14 02:48:52",
        "Lines": "N50",
        "Lat": 52.1734,
        "Brigade": "1"
      },
      {
        "Lon": 21.0299,
        "Time": "2017-05-14 02:49:05",
        "Lines": "N50",
        "Lat": 52.1735,
        "Brigade": "1"
      },
      {
        "Lon": 21.0336,
        "Time": "2017-05-14 02:49:25",
        "Lines": "N50",
        "Lat": 52.1735,
        "Brigade": "1"
      },
      {
        "Lon": 21.0354,
        "Time": "2017-05-14 02:49:35",
        "Lines": "N50",
        "Lat": 52.1735,
        "Brigade": "1"
      },
      {
        "Lon": 21.0374,
        "Time": "2017-05-14 02:49:46",
        "Lines": "N50",
        "Lat": 52.1733,
        "Brigade": "1"
      },
      {
        "Lon": 21.0396,
        "Time": "2017-05-14 02:50:00",
        "Lines": "N50",
        "Lat": 52.1722,
        "Brigade": "1"
      },
      {
        "Lon": 21.0403,
        "Time": "2017-05-14 02:50:11",
        "Lines": "N50",
        "Lat": 52.1712,
        "Brigade": "1"
      },
      {
        "Lon": 21.0405,
        "Time": "2017-05-14 02:50:30",
        "Lines": "N50",
        "Lat": 52.1707,
        "Brigade": "1"
      },
      {
        "Lon": 21.0406,
        "Time": "2017-05-14 02:50:45",
        "Lines": "N50",
        "Lat": 52.1707,
        "Brigade": "1"
      },
      {
        "Lon": 21.041,
        "Time": "2017-05-14 02:50:55",
        "Lines": "N50",
        "Lat": 52.1704,
        "Brigade": "1"
      },
      {
        "Lon": 21.0419,
        "Time": "2017-05-14 02:51:09",
        "Lines": "N50",
        "Lat": 52.171,
        "Brigade": "1"
      },
      {
        "Lon": 21.0419,
        "Time": "2017-05-14 02:51:15",
        "Lines": "N50",
        "Lat": 52.171,
        "Brigade": "1"
      },
      {
        "Lon": 21.0424,
        "Time": "2017-05-14 02:51:30",
        "Lines": "N50",
        "Lat": 52.1715,
        "Brigade": "1"
      },
      {
        "Lon": 21.0435,
        "Time": "2017-05-14 02:51:40",
        "Lines": "N50",
        "Lat": 52.1725,
        "Brigade": "1"
      },
      {
        "Lon": 21.0456,
        "Time": "2017-05-14 02:52:10",
        "Lines": "N50",
        "Lat": 52.1748,
        "Brigade": "1"
      },
      {
        "Lon": 21.0482,
        "Time": "2017-05-14 02:52:25",
        "Lines": "N50",
        "Lat": 52.1742,
        "Brigade": "1"
      },
      {
        "Lon": 21.0503,
        "Time": "2017-05-14 02:52:35",
        "Lines": "N50",
        "Lat": 52.1737,
        "Brigade": "1"
      },
      {
        "Lon": 21.0525,
        "Time": "2017-05-14 02:52:45",
        "Lines": "N50",
        "Lat": 52.1732,
        "Brigade": "1"
      },
      {
        "Lon": 21.0547,
        "Time": "2017-05-14 02:52:55",
        "Lines": "N50",
        "Lat": 52.1727,
        "Brigade": "1"
      },
      {
        "Lon": 21.0565,
        "Time": "2017-05-14 02:53:20",
        "Lines": "N50",
        "Lat": 52.1723,
        "Brigade": "1"
      },
      {
        "Lon": 21.0577,
        "Time": "2017-05-14 02:53:30",
        "Lines": "N50",
        "Lat": 52.172,
        "Brigade": "1"
      },
      {
        "Lon": 21.0595,
        "Time": "2017-05-14 02:53:40",
        "Lines": "N50",
        "Lat": 52.1716,
        "Brigade": "1"
      },
      {
        "Lon": 21.0617,
        "Time": "2017-05-14 02:53:50",
        "Lines": "N50",
        "Lat": 52.1711,
        "Brigade": "1"
      },
      {
        "Lon": 21.0653,
        "Time": "2017-05-14 02:54:05",
        "Lines": "N50",
        "Lat": 52.1702,
        "Brigade": "1"
      },
      {
        "Lon": 21.0674,
        "Time": "2017-05-14 02:54:25",
        "Lines": "N50",
        "Lat": 52.1699,
        "Brigade": "1"
      },
      {
        "Lon": 21.0674,
        "Time": "2017-05-14 02:54:35",
        "Lines": "N50",
        "Lat": 52.1699,
        "Brigade": "1"
      },
      {
        "Lon": 21.0674,
        "Time": "2017-05-14 02:54:45",
        "Lines": "N50",
        "Lat": 52.1699,
        "Brigade": "1"
      },
      {
        "Lon": 21.0674,
        "Time": "2017-05-14 02:55:00",
        "Lines": "N50",
        "Lat": 52.1699,
        "Brigade": "1"
      },
      {
        "Lon": 21.0674,
        "Time": "2017-05-14 02:55:10",
        "Lines": "N50",
        "Lat": 52.1699,
        "Brigade": "1"
      },
      {
        "Lon": 21.0674,
        "Time": "2017-05-14 02:55:20",
        "Lines": "N50",
        "Lat": 52.1699,
        "Brigade": "1"
      },
      {
        "Lon": 21.0675,
        "Time": "2017-05-14 02:55:30",
        "Lines": "N50",
        "Lat": 52.1698,
        "Brigade": "1"
      },
      {
        "Lon": 21.0685,
        "Time": "2017-05-14 02:55:40",
        "Lines": "N50",
        "Lat": 52.1696,
        "Brigade": "1"
      },
      {
        "Lon": 21.0697,
        "Time": "2017-05-14 02:55:55",
        "Lines": "N50",
        "Lat": 52.1693,
        "Brigade": "1"
      },
      {
        "Lon": 21.0698,
        "Time": "2017-05-14 02:56:05",
        "Lines": "N50",
        "Lat": 52.1693,
        "Brigade": "1"
      },
      {
        "Lon": 21.0712,
        "Time": "2017-05-14 02:56:16",
        "Lines": "N50",
        "Lat": 52.169,
        "Brigade": "1"
      },
      {
        "Lon": 21.0725,
        "Time": "2017-05-14 02:56:25",
        "Lines": "N50",
        "Lat": 52.1687,
        "Brigade": "1"
      },
      {
        "Lon": 21.0742,
        "Time": "2017-05-14 02:56:40",
        "Lines": "N50",
        "Lat": 52.1683,
        "Brigade": "1"
      },
      {
        "Lon": 21.0755,
        "Time": "2017-05-14 02:57:00",
        "Lines": "N50",
        "Lat": 52.168,
        "Brigade": "1"
      },
      {
        "Lon": 21.0765,
        "Time": "2017-05-14 02:57:14",
        "Lines": "N50",
        "Lat": 52.1678,
        "Brigade": "1"
      },
      {
        "Lon": 21.0767,
        "Time": "2017-05-14 02:57:25",
        "Lines": "N50",
        "Lat": 52.1677,
        "Brigade": "1"
      },
      {
        "Lon": 21.078,
        "Time": "2017-05-14 02:57:35",
        "Lines": "N50",
        "Lat": 52.1674,
        "Brigade": "1"
      },
      {
        "Lon": 21.0799,
        "Time": "2017-05-14 02:57:45",
        "Lines": "N50",
        "Lat": 52.167,
        "Brigade": "1"
      },
      {
        "Lon": 21.082,
        "Time": "2017-05-14 02:57:55",
        "Lines": "N50",
        "Lat": 52.1665,
        "Brigade": "1"
      },
      {
        "Lon": 21.0841,
        "Time": "2017-05-14 02:58:17",
        "Lines": "N50",
        "Lat": 52.1652,
        "Brigade": "1"
      },
      {
        "Lon": 21.0841,
        "Time": "2017-05-14 02:58:30",
        "Lines": "N50",
        "Lat": 52.1652,
        "Brigade": "1"
      },
      {
        "Lon": 21.0842,
        "Time": "2017-05-14 02:58:41",
        "Lines": "N50",
        "Lat": 52.1646,
        "Brigade": "1"
      },
      {
        "Lon": 21.0843,
        "Time": "2017-05-14 02:58:50",
        "Lines": "N50",
        "Lat": 52.1637,
        "Brigade": "1"
      },
      {
        "Lon": 21.0848,
        "Time": "2017-05-14 02:59:00",
        "Lines": "N50",
        "Lat": 52.1624,
        "Brigade": "1"
      },
      {
        "Lon": 21.0862,
        "Time": "2017-05-14 02:59:15",
        "Lines": "N50",
        "Lat": 52.1604,
        "Brigade": "1"
      },
      {
        "Lon": 21.0871,
        "Time": "2017-05-14 02:59:25",
        "Lines": "N50",
        "Lat": 52.1591,
        "Brigade": "1"
      },
      {
        "Lon": 21.0874,
        "Time": "2017-05-14 02:59:35",
        "Lines": "N50",
        "Lat": 52.1588,
        "Brigade": "1"
      },
      {
        "Lon": 21.0874,
        "Time": "2017-05-14 02:59:45",
        "Lines": "N50",
        "Lat": 52.1588,
        "Brigade": "1"
      },
      {
        "Lon": 21.0878,
        "Time": "2017-05-14 02:59:55",
        "Lines": "N50",
        "Lat": 52.1583,
        "Brigade": "1"
      },
      {
        "Lon": 21.0885,
        "Time": "2017-05-14 03:00:05",
        "Lines": "N50",
        "Lat": 52.1573,
        "Brigade": "1"
      },
      {
        "Lon": 21.09,
        "Time": "2017-05-14 03:00:20",
        "Lines": "N50",
        "Lat": 52.1553,
        "Brigade": "1"
      },
      {
        "Lon": 21.0909,
        "Time": "2017-05-14 03:00:30",
        "Lines": "N50",
        "Lat": 52.1538,
        "Brigade": "1"
      },
      {
        "Lon": 21.0914,
        "Time": "2017-05-14 03:00:40",
        "Lines": "N50",
        "Lat": 52.1524,
        "Brigade": "1"
      },
      {
        "Lon": 21.0918,
        "Time": "2017-05-14 03:00:50",
        "Lines": "N50",
        "Lat": 52.151,
        "Brigade": "1"
      },
      {
        "Lon": 21.0923,
        "Time": "2017-05-14 03:01:05",
        "Lines": "N50",
        "Lat": 52.149,
        "Brigade": "1"
      },
      {
        "Lon": 21.093,
        "Time": "2017-05-14 03:01:15",
        "Lines": "N50",
        "Lat": 52.1476,
        "Brigade": "1"
      },
      {
        "Lon": 21.0938,
        "Time": "2017-05-14 03:01:25",
        "Lines": "N50",
        "Lat": 52.1463,
        "Brigade": "1"
      },
      {
        "Lon": 21.0967,
        "Time": "2017-05-14 03:02:00",
        "Lines": "N50",
        "Lat": 52.1418,
        "Brigade": "1"
      },
      {
        "Lon": 21.0976,
        "Time": "2017-05-14 03:02:10",
        "Lines": "N50",
        "Lat": 52.1405,
        "Brigade": "1"
      },
      {
        "Lon": 21.0984,
        "Time": "2017-05-14 03:02:20",
        "Lines": "N50",
        "Lat": 52.1393,
        "Brigade": "1"
      },
      {
        "Lon": 21.0992,
        "Time": "2017-05-14 03:02:30",
        "Lines": "N50",
        "Lat": 52.138,
        "Brigade": "1"
      },
      {
        "Lon": 21.0999,
        "Time": "2017-05-14 03:02:55",
        "Lines": "N50",
        "Lat": 52.1347,
        "Brigade": "1"
      },
      {
        "Lon": 21.1003,
        "Time": "2017-05-14 03:03:05",
        "Lines": "N50",
        "Lat": 52.1343,
        "Brigade": "1"
      },
      {
        "Lon": 21.1008,
        "Time": "2017-05-14 03:03:15",
        "Lines": "N50",
        "Lat": 52.1335,
        "Brigade": "1"
      },
      {
        "Lon": 21.101,
        "Time": "2017-05-14 03:03:25",
        "Lines": "N50",
        "Lat": 52.1324,
        "Brigade": "1"
      },
      {
        "Lon": 21.1017,
        "Time": "2017-05-14 03:03:35",
        "Lines": "N50",
        "Lat": 52.1315,
        "Brigade": "1"
      },
      {
        "Lon": 21.1032,
        "Time": "2017-05-14 03:03:50",
        "Lines": "N50",
        "Lat": 52.1301,
        "Brigade": "1"
      },
      {
        "Lon": 21.1039,
        "Time": "2017-05-14 03:04:00",
        "Lines": "N50",
        "Lat": 52.1291,
        "Brigade": "1"
      },
      {
        "Lon": 21.1034,
        "Time": "2017-05-14 03:04:20",
        "Lines": "N50",
        "Lat": 52.1269,
        "Brigade": "1"
      },
      {
        "Lon": 21.103,
        "Time": "2017-05-14 03:04:30",
        "Lines": "N50",
        "Lat": 52.1258,
        "Brigade": "1"
      },
      {
        "Lon": 21.1028,
        "Time": "2017-05-14 03:04:40",
        "Lines": "N50",
        "Lat": 52.1247,
        "Brigade": "1"
      },
      {
        "Lon": 21.1029,
        "Time": "2017-05-14 03:04:55",
        "Lines": "N50",
        "Lat": 52.123,
        "Brigade": "1"
      },
      {
        "Lon": 21.1033,
        "Time": "2017-05-14 03:05:05",
        "Lines": "N50",
        "Lat": 52.1218,
        "Brigade": "1"
      },
      {
        "Lon": 21.1035,
        "Time": "2017-05-14 03:05:30",
        "Lines": "N50",
        "Lat": 52.1212,
        "Brigade": "1"
      },
      {
        "Lon": 21.1035,
        "Time": "2017-05-14 03:05:40",
        "Lines": "N50",
        "Lat": 52.1212,
        "Brigade": "1"
      },
      {
        "Lon": 21.1035,
        "Time": "2017-05-14 03:05:50",
        "Lines": "N50",
        "Lat": 52.1212,
        "Brigade": "1"
      },
      {
        "Lon": 21.1035,
        "Time": "2017-05-14 03:06:03",
        "Lines": "N50",
        "Lat": 52.1212,
        "Brigade": "1"
      },
      {
        "Lon": 21.1035,
        "Time": "2017-05-14 03:06:14",
        "Lines": "N50",
        "Lat": 52.1212,
        "Brigade": "1"
      },
      {
        "Lon": 21.1035,
        "Time": "2017-05-14 03:06:25",
        "Lines": "N50",
        "Lat": 52.1212,
        "Brigade": "1"
      },
      {
        "Lon": 21.1035,
        "Time": "2017-05-14 03:06:35",
        "Lines": "N50",
        "Lat": 52.1212,
        "Brigade": "1"
      },
      {
        "Lon": 21.1035,
        "Time": "2017-05-14 03:06:45",
        "Lines": "N50",
        "Lat": 52.1212,
        "Brigade": "1"
      },
      {
        "Lon": 21.1035,
        "Time": "2017-05-14 03:06:55",
        "Lines": "N50",
        "Lat": 52.1212,
        "Brigade": "1"
      },
      {
        "Lon": 21.1035,
        "Time": "2017-05-14 03:07:05",
        "Lines": "N50",
        "Lat": 52.1212,
        "Brigade": "1"
      },
      {
        "Lon": 21.1035,
        "Time": "2017-05-14 03:07:20",
        "Lines": "N50",
        "Lat": 52.1212,
        "Brigade": "1"
      },
      {
        "Lon": 21.1035,
        "Time": "2017-05-14 03:07:30",
        "Lines": "N50",
        "Lat": 52.1212,
        "Brigade": "1"
      },
      {
        "Lon": 21.1035,
        "Time": "2017-05-14 03:07:45",
        "Lines": "N50",
        "Lat": 52.1212,
        "Brigade": "1"
      },
      {
        "Lon": 21.1035,
        "Time": "2017-05-14 03:07:55",
        "Lines": "N50",
        "Lat": 52.1212,
        "Brigade": "1"
      },
      {
        "Lon": 21.1035,
        "Time": "2017-05-14 03:08:05",
        "Lines": "N50",
        "Lat": 52.1212,
        "Brigade": "1"
      },
      {
        "Lon": 21.1035,
        "Time": "2017-05-14 03:08:25",
        "Lines": "N50",
        "Lat": 52.1211,
        "Brigade": "1"
      },
      {
        "Lon": 21.1036,
        "Time": "2017-05-14 03:08:40",
        "Lines": "N50",
        "Lat": 52.1211,
        "Brigade": "1"
      },
      {
        "Lon": 21.1036,
        "Time": "2017-05-14 03:08:50",
        "Lines": "N50",
        "Lat": 52.1211,
        "Brigade": "1"
      },
      {
        "Lon": 21.1036,
        "Time": "2017-05-14 03:09:00",
        "Lines": "N50",
        "Lat": 52.1212,
        "Brigade": "1"
      },
      {
        "Lon": 21.1035,
        "Time": "2017-05-14 03:09:10",
        "Lines": "N50",
        "Lat": 52.1212,
        "Brigade": "1"
      },
      {
        "Lon": 21.1035,
        "Time": "2017-05-14 03:09:35",
        "Lines": "N50",
        "Lat": 52.1212,
        "Brigade": "1"
      },
      {
        "Lon": 21.1035,
        "Time": "2017-05-14 03:09:45",
        "Lines": "N50",
        "Lat": 52.1212,
        "Brigade": "1"
      },
      {
        "Lon": 21.1035,
        "Time": "2017-05-14 03:09:55",
        "Lines": "N50",
        "Lat": 52.1212,
        "Brigade": "1"
      },
      {
        "Lon": 21.1035,
        "Time": "2017-05-14 03:10:05",
        "Lines": "N50",
        "Lat": 52.1211,
        "Brigade": "1"
      },
      {
        "Lon": 21.1035,
        "Time": "2017-05-14 03:10:15",
        "Lines": "N50",
        "Lat": 52.1211,
        "Brigade": "1"
      },
      {
        "Lon": 21.1035,
        "Time": "2017-05-14 03:10:30",
        "Lines": "N50",
        "Lat": 52.1211,
        "Brigade": "1"
      },
      {
        "Lon": 21.1035,
        "Time": "2017-05-14 03:10:40",
        "Lines": "N50",
        "Lat": 52.1211,
        "Brigade": "1"
      },
      {
        "Lon": 21.1035,
        "Time": "2017-05-14 03:11:00",
        "Lines": "N50",
        "Lat": 52.1211,
        "Brigade": "1"
      },
      {
        "Lon": 21.1035,
        "Time": "2017-05-14 03:11:10",
        "Lines": "N50",
        "Lat": 52.1211,
        "Brigade": "1"
      },
      {
        "Lon": 21.1035,
        "Time": "2017-05-14 03:11:25",
        "Lines": "N50",
        "Lat": 52.1211,
        "Brigade": "1"
      },
      {
        "Lon": 21.1035,
        "Time": "2017-05-14 03:11:35",
        "Lines": "N50",
        "Lat": 52.1211,
        "Brigade": "1"
      },
      {
        "Lon": 21.1035,
        "Time": "2017-05-14 03:11:45",
        "Lines": "N50",
        "Lat": 52.1211,
        "Brigade": "1"
      },
      {
        "Lon": 21.1035,
        "Time": "2017-05-14 03:12:10",
        "Lines": "N50",
        "Lat": 52.1212,
        "Brigade": "1"
      },
      {
        "Lon": 21.1035,
        "Time": "2017-05-14 03:12:20",
        "Lines": "N50",
        "Lat": 52.1212,
        "Brigade": "1"
      },
      {
        "Lon": 21.1035,
        "Time": "2017-05-14 03:12:30",
        "Lines": "N50",
        "Lat": 52.1212,
        "Brigade": "1"
      },
      {
        "Lon": 21.1035,
        "Time": "2017-05-14 03:12:40",
        "Lines": "N50",
        "Lat": 52.1212,
        "Brigade": "1"
      },
      {
        "Lon": 21.1035,
        "Time": "2017-05-14 03:12:55",
        "Lines": "N50",
        "Lat": 52.1212,
        "Brigade": "1"
      },
      {
        "Lon": 21.1035,
        "Time": "2017-05-14 03:13:05",
        "Lines": "N50",
        "Lat": 52.1212,
        "Brigade": "1"
      },
      {
        "Lon": 21.1035,
        "Time": "2017-05-14 03:13:15",
        "Lines": "N50",
        "Lat": 52.1212,
        "Brigade": "1"
      },
      {
        "Lon": 21.1035,
        "Time": "2017-05-14 03:13:35",
        "Lines": "N50",
        "Lat": 52.1212,
        "Brigade": "1"
      },
      {
        "Lon": 21.1035,
        "Time": "2017-05-14 03:13:45",
        "Lines": "N50",
        "Lat": 52.1212,
        "Brigade": "1"
      },
      {
        "Lon": 21.1035,
        "Time": "2017-05-14 03:14:00",
        "Lines": "N50",
        "Lat": 52.1212,
        "Brigade": "1"
      },
      {
        "Lon": 21.1035,
        "Time": "2017-05-14 03:14:10",
        "Lines": "N50",
        "Lat": 52.1212,
        "Brigade": "1"
      },
      {
        "Lon": 21.1035,
        "Time": "2017-05-14 03:14:20",
        "Lines": "N50",
        "Lat": 52.1212,
        "Brigade": "1"
      },
      {
        "Lon": 21.1035,
        "Time": "2017-05-14 03:14:40",
        "Lines": "N50",
        "Lat": 52.1212,
        "Brigade": "1"
      },
      {
        "Lon": 21.1035,
        "Time": "2017-05-14 03:14:55",
        "Lines": "N50",
        "Lat": 52.1212,
        "Brigade": "1"
      },
      {
        "Lon": 21.1035,
        "Time": "2017-05-14 03:15:05",
        "Lines": "N50",
        "Lat": 52.1212,
        "Brigade": "1"
      },
      {
        "Lon": 21.1035,
        "Time": "2017-05-14 03:15:15",
        "Lines": "N50",
        "Lat": 52.1212,
        "Brigade": "1"
      },
      {
        "Lon": 21.1034,
        "Time": "2017-05-14 03:15:30",
        "Lines": "N50",
        "Lat": 52.1211,
        "Brigade": "1"
      },
      {
        "Lon": 21.1034,
        "Time": "2017-05-14 03:15:40",
        "Lines": "N50",
        "Lat": 52.1211,
        "Brigade": "1"
      },
      {
        "Lon": 21.1034,
        "Time": "2017-05-14 03:15:50",
        "Lines": "N50",
        "Lat": 52.1211,
        "Brigade": "1"
      },
      {
        "Lon": 21.1035,
        "Time": "2017-05-14 03:16:25",
        "Lines": "N50",
        "Lat": 52.1211,
        "Brigade": "1"
      },
      {
        "Lon": 21.1035,
        "Time": "2017-05-14 03:16:35",
        "Lines": "N50",
        "Lat": 52.1212,
        "Brigade": "1"
      },
      {
        "Lon": 21.1035,
        "Time": "2017-05-14 03:16:45",
        "Lines": "N50",
        "Lat": 52.1212,
        "Brigade": "1"
      },
      {
        "Lon": 21.1035,
        "Time": "2017-05-14 03:16:55",
        "Lines": "N50",
        "Lat": 52.1211,
        "Brigade": "1"
      },
      {
        "Lon": 21.1035,
        "Time": "2017-05-14 03:17:20",
        "Lines": "N50",
        "Lat": 52.1211,
        "Brigade": "1"
      },
      {
        "Lon": 21.1035,
        "Time": "2017-05-14 03:17:35",
        "Lines": "N50",
        "Lat": 52.1211,
        "Brigade": "1"
      },
      {
        "Lon": 21.1035,
        "Time": "2017-05-14 03:17:45",
        "Lines": "N50",
        "Lat": 52.1211,
        "Brigade": "1"
      },
      {
        "Lon": 21.1035,
        "Time": "2017-05-14 03:17:55",
        "Lines": "N50",
        "Lat": 52.1211,
        "Brigade": "1"
      },
      {
        "Lon": 21.1035,
        "Time": "2017-05-14 03:18:15",
        "Lines": "N50",
        "Lat": 52.1211,
        "Brigade": "1"
      },
      {
        "Lon": 21.1035,
        "Time": "2017-05-14 03:18:30",
        "Lines": "N50",
        "Lat": 52.1211,
        "Brigade": "1"
      },
      {
        "Lon": 21.1035,
        "Time": "2017-05-14 03:18:40",
        "Lines": "N50",
        "Lat": 52.1211,
        "Brigade": "1"
      },
      {
        "Lon": 21.1035,
        "Time": "2017-05-14 03:18:50",
        "Lines": "N50",
        "Lat": 52.1211,
        "Brigade": "1"
      }
    ]
  }
]
