[
  {
    "res": [
      {
        "Lon": 21.0081,
        "Time": "2017-05-14 02:20:26",
        "Lines": "N63",
        "Lat": 52.2352,
        "Brigade": "152"
      },
      {
        "Lon": 21.0074,
        "Time": "2017-05-14 02:21:10",
        "Lines": "N63",
        "Lat": 52.2374,
        "Brigade": "152"
      },
      {
        "Lon": 21.0027,
        "Time": "2017-05-14 02:22:31",
        "Lines": "N63",
        "Lat": 52.2428,
        "Brigade": "152"
      },
      {
        "Lon": 21.0014,
        "Time": "2017-05-14 02:23:51",
        "Lines": "N63",
        "Lat": 52.2443,
        "Brigade": "152"
      },
      {
        "Lon": 21.0013,
        "Time": "2017-05-14 02:24:01",
        "Lines": "N63",
        "Lat": 52.2441,
        "Brigade": "152"
      },
      {
        "Lon": 21.0012,
        "Time": "2017-05-14 02:24:12",
        "Lines": "N63",
        "Lat": 52.244,
        "Brigade": "152"
      },
      {
        "Lon": 21.0016,
        "Time": "2017-05-14 02:24:36",
        "Lines": "N63",
        "Lat": 52.244,
        "Brigade": "152"
      },
      {
        "Lon": 21.0015,
        "Time": "2017-05-14 02:24:46",
        "Lines": "N63",
        "Lat": 52.244,
        "Brigade": "152"
      },
      {
        "Lon": 21.0014,
        "Time": "2017-05-14 02:24:56",
        "Lines": "N63",
        "Lat": 52.2441,
        "Brigade": "152"
      },
      {
        "Lon": 21.0014,
        "Time": "2017-05-14 02:25:06",
        "Lines": "N63",
        "Lat": 52.2441,
        "Brigade": "152"
      },
      {
        "Lon": 21.0013,
        "Time": "2017-05-14 02:25:16",
        "Lines": "N63",
        "Lat": 52.2441,
        "Brigade": "152"
      },
      {
        "Lon": 21.0008,
        "Time": "2017-05-14 02:25:31",
        "Lines": "N63",
        "Lat": 52.2443,
        "Brigade": "152"
      },
      {
        "Lon": 20.9995,
        "Time": "2017-05-14 02:25:41",
        "Lines": "N63",
        "Lat": 52.244,
        "Brigade": "152"
      },
      {
        "Lon": 20.998,
        "Time": "2017-05-14 02:25:51",
        "Lines": "N63",
        "Lat": 52.2435,
        "Brigade": "152"
      },
      {
        "Lon": 20.9961,
        "Time": "2017-05-14 02:26:01",
        "Lines": "N63",
        "Lat": 52.2428,
        "Brigade": "152"
      },
      {
        "Lon": 20.9943,
        "Time": "2017-05-14 02:26:15",
        "Lines": "N63",
        "Lat": 52.2422,
        "Brigade": "152"
      },
      {
        "Lon": 20.9944,
        "Time": "2017-05-14 02:26:26",
        "Lines": "N63",
        "Lat": 52.2422,
        "Brigade": "152"
      },
      {
        "Lon": 20.9941,
        "Time": "2017-05-14 02:26:36",
        "Lines": "N63",
        "Lat": 52.2421,
        "Brigade": "152"
      },
      {
        "Lon": 20.9938,
        "Time": "2017-05-14 02:26:46",
        "Lines": "N63",
        "Lat": 52.2421,
        "Brigade": "152"
      },
      {
        "Lon": 20.9937,
        "Time": "2017-05-14 02:26:56",
        "Lines": "N63",
        "Lat": 52.2421,
        "Brigade": "152"
      },
      {
        "Lon": 20.9932,
        "Time": "2017-05-14 02:27:06",
        "Lines": "N63",
        "Lat": 52.2427,
        "Brigade": "152"
      },
      {
        "Lon": 20.9919,
        "Time": "2017-05-14 02:27:21",
        "Lines": "N63",
        "Lat": 52.2441,
        "Brigade": "152"
      },
      {
        "Lon": 20.9918,
        "Time": "2017-05-14 02:27:29",
        "Lines": "N63",
        "Lat": 52.2443,
        "Brigade": "152"
      },
      {
        "Lon": 20.9916,
        "Time": "2017-05-14 02:27:41",
        "Lines": "N63",
        "Lat": 52.2446,
        "Brigade": "152"
      },
      {
        "Lon": 20.9908,
        "Time": "2017-05-14 02:27:51",
        "Lines": "N63",
        "Lat": 52.2453,
        "Brigade": "152"
      },
      {
        "Lon": 20.9899,
        "Time": "2017-05-14 02:28:01",
        "Lines": "N63",
        "Lat": 52.2464,
        "Brigade": "152"
      },
      {
        "Lon": 20.9892,
        "Time": "2017-05-14 02:28:11",
        "Lines": "N63",
        "Lat": 52.2472,
        "Brigade": "152"
      },
      {
        "Lon": 20.9888,
        "Time": "2017-05-14 02:28:26",
        "Lines": "N63",
        "Lat": 52.2477,
        "Brigade": "152"
      },
      {
        "Lon": 20.9883,
        "Time": "2017-05-14 02:28:31",
        "Lines": "N63",
        "Lat": 52.2481,
        "Brigade": "152"
      },
      {
        "Lon": 20.9864,
        "Time": "2017-05-14 02:28:43",
        "Lines": "N63",
        "Lat": 52.2502,
        "Brigade": "152"
      },
      {
        "Lon": 20.9858,
        "Time": "2017-05-14 02:28:56",
        "Lines": "N63",
        "Lat": 52.2509,
        "Brigade": "152"
      },
      {
        "Lon": 20.9854,
        "Time": "2017-05-14 02:29:06",
        "Lines": "N63",
        "Lat": 52.2515,
        "Brigade": "152"
      },
      {
        "Lon": 20.9842,
        "Time": "2017-05-14 02:29:21",
        "Lines": "N63",
        "Lat": 52.2529,
        "Brigade": "152"
      },
      {
        "Lon": 20.9838,
        "Time": "2017-05-14 02:29:33",
        "Lines": "N63",
        "Lat": 52.2534,
        "Brigade": "152"
      },
      {
        "Lon": 20.9838,
        "Time": "2017-05-14 02:29:41",
        "Lines": "N63",
        "Lat": 52.2534,
        "Brigade": "152"
      },
      {
        "Lon": 20.9835,
        "Time": "2017-05-14 02:29:51",
        "Lines": "N63",
        "Lat": 52.2538,
        "Brigade": "152"
      },
      {
        "Lon": 20.9833,
        "Time": "2017-05-14 02:30:06",
        "Lines": "N63",
        "Lat": 52.2541,
        "Brigade": "152"
      },
      {
        "Lon": 20.9833,
        "Time": "2017-05-14 02:30:16",
        "Lines": "N63",
        "Lat": 52.2541,
        "Brigade": "152"
      },
      {
        "Lon": 20.9831,
        "Time": "2017-05-14 02:30:26",
        "Lines": "N63",
        "Lat": 52.2543,
        "Brigade": "152"
      },
      {
        "Lon": 20.9833,
        "Time": "2017-05-14 02:30:36",
        "Lines": "N63",
        "Lat": 52.255,
        "Brigade": "152"
      },
      {
        "Lon": 20.9823,
        "Time": "2017-05-14 02:30:51",
        "Lines": "N63",
        "Lat": 52.2558,
        "Brigade": "152"
      },
      {
        "Lon": 20.9819,
        "Time": "2017-05-14 02:31:01",
        "Lines": "N63",
        "Lat": 52.2569,
        "Brigade": "152"
      },
      {
        "Lon": 20.9817,
        "Time": "2017-05-14 02:31:06",
        "Lines": "N63",
        "Lat": 52.2575,
        "Brigade": "152"
      },
      {
        "Lon": 20.9811,
        "Time": "2017-05-14 02:31:21",
        "Lines": "N63",
        "Lat": 52.2596,
        "Brigade": "152"
      },
      {
        "Lon": 20.9807,
        "Time": "2017-05-14 02:31:33",
        "Lines": "N63",
        "Lat": 52.2614,
        "Brigade": "152"
      },
      {
        "Lon": 20.98,
        "Time": "2017-05-14 02:31:43",
        "Lines": "N63",
        "Lat": 52.2624,
        "Brigade": "152"
      },
      {
        "Lon": 20.9796,
        "Time": "2017-05-14 02:31:57",
        "Lines": "N63",
        "Lat": 52.263,
        "Brigade": "152"
      },
      {
        "Lon": 20.9796,
        "Time": "2017-05-14 02:32:06",
        "Lines": "N63",
        "Lat": 52.263,
        "Brigade": "152"
      },
      {
        "Lon": 20.9791,
        "Time": "2017-05-14 02:32:16",
        "Lines": "N63",
        "Lat": 52.2637,
        "Brigade": "152"
      },
      {
        "Lon": 20.9783,
        "Time": "2017-05-14 02:32:26",
        "Lines": "N63",
        "Lat": 52.2649,
        "Brigade": "152"
      },
      {
        "Lon": 20.9777,
        "Time": "2017-05-14 02:32:40",
        "Lines": "N63",
        "Lat": 52.2659,
        "Brigade": "152"
      },
      {
        "Lon": 20.9777,
        "Time": "2017-05-14 02:32:42",
        "Lines": "N63",
        "Lat": 52.2659,
        "Brigade": "152"
      },
      {
        "Lon": 20.9776,
        "Time": "2017-05-14 02:32:48",
        "Lines": "N63",
        "Lat": 52.2661,
        "Brigade": "152"
      },
      {
        "Lon": 20.9771,
        "Time": "2017-05-14 02:33:12",
        "Lines": "N63",
        "Lat": 52.2666,
        "Brigade": "152"
      },
      {
        "Lon": 20.9761,
        "Time": "2017-05-14 02:33:26",
        "Lines": "N63",
        "Lat": 52.2682,
        "Brigade": "152"
      },
      {
        "Lon": 20.9752,
        "Time": "2017-05-14 02:33:36",
        "Lines": "N63",
        "Lat": 52.2695,
        "Brigade": "152"
      },
      {
        "Lon": 20.9745,
        "Time": "2017-05-14 02:33:46",
        "Lines": "N63",
        "Lat": 52.2707,
        "Brigade": "152"
      },
      {
        "Lon": 20.9742,
        "Time": "2017-05-14 02:33:56",
        "Lines": "N63",
        "Lat": 52.2711,
        "Brigade": "152"
      },
      {
        "Lon": 20.9739,
        "Time": "2017-05-14 02:34:11",
        "Lines": "N63",
        "Lat": 52.2715,
        "Brigade": "152"
      },
      {
        "Lon": 20.9728,
        "Time": "2017-05-14 02:34:20",
        "Lines": "N63",
        "Lat": 52.2718,
        "Brigade": "152"
      },
      {
        "Lon": 20.9717,
        "Time": "2017-05-14 02:34:32",
        "Lines": "N63",
        "Lat": 52.2721,
        "Brigade": "152"
      },
      {
        "Lon": 20.9716,
        "Time": "2017-05-14 02:34:38",
        "Lines": "N63",
        "Lat": 52.2721,
        "Brigade": "152"
      },
      {
        "Lon": 20.9712,
        "Time": "2017-05-14 02:34:51",
        "Lines": "N63",
        "Lat": 52.2722,
        "Brigade": "152"
      },
      {
        "Lon": 20.969,
        "Time": "2017-05-14 02:35:06",
        "Lines": "N63",
        "Lat": 52.2727,
        "Brigade": "152"
      },
      {
        "Lon": 20.9687,
        "Time": "2017-05-14 02:35:26",
        "Lines": "N63",
        "Lat": 52.2741,
        "Brigade": "152"
      },
      {
        "Lon": 20.9702,
        "Time": "2017-05-14 02:35:37",
        "Lines": "N63",
        "Lat": 52.2751,
        "Brigade": "152"
      },
      {
        "Lon": 20.9731,
        "Time": "2017-05-14 02:35:51",
        "Lines": "N63",
        "Lat": 52.2767,
        "Brigade": "152"
      },
      {
        "Lon": 20.9751,
        "Time": "2017-05-14 02:36:01",
        "Lines": "N63",
        "Lat": 52.2777,
        "Brigade": "152"
      },
      {
        "Lon": 20.9771,
        "Time": "2017-05-14 02:36:11",
        "Lines": "N63",
        "Lat": 52.2786,
        "Brigade": "152"
      },
      {
        "Lon": 20.9778,
        "Time": "2017-05-14 02:36:21",
        "Lines": "N63",
        "Lat": 52.279,
        "Brigade": "152"
      },
      {
        "Lon": 20.9778,
        "Time": "2017-05-14 02:36:31",
        "Lines": "N63",
        "Lat": 52.279,
        "Brigade": "152"
      },
      {
        "Lon": 20.9784,
        "Time": "2017-05-14 02:36:46",
        "Lines": "N63",
        "Lat": 52.2795,
        "Brigade": "152"
      },
      {
        "Lon": 20.9799,
        "Time": "2017-05-14 02:36:56",
        "Lines": "N63",
        "Lat": 52.2802,
        "Brigade": "152"
      },
      {
        "Lon": 20.9816,
        "Time": "2017-05-14 02:37:06",
        "Lines": "N63",
        "Lat": 52.281,
        "Brigade": "152"
      },
      {
        "Lon": 20.9835,
        "Time": "2017-05-14 02:37:16",
        "Lines": "N63",
        "Lat": 52.2818,
        "Brigade": "152"
      },
      {
        "Lon": 20.9855,
        "Time": "2017-05-14 02:37:26",
        "Lines": "N63",
        "Lat": 52.2827,
        "Brigade": "152"
      },
      {
        "Lon": 20.9876,
        "Time": "2017-05-14 02:37:36",
        "Lines": "N63",
        "Lat": 52.2836,
        "Brigade": "152"
      },
      {
        "Lon": 20.9896,
        "Time": "2017-05-14 02:37:46",
        "Lines": "N63",
        "Lat": 52.2846,
        "Brigade": "152"
      },
      {
        "Lon": 20.9928,
        "Time": "2017-05-14 02:38:01",
        "Lines": "N63",
        "Lat": 52.286,
        "Brigade": "152"
      },
      {
        "Lon": 20.9951,
        "Time": "2017-05-14 02:38:11",
        "Lines": "N63",
        "Lat": 52.287,
        "Brigade": "152"
      },
      {
        "Lon": 20.9968,
        "Time": "2017-05-14 02:38:21",
        "Lines": "N63",
        "Lat": 52.2878,
        "Brigade": "152"
      },
      {
        "Lon": 20.9988,
        "Time": "2017-05-14 02:38:31",
        "Lines": "N63",
        "Lat": 52.2887,
        "Brigade": "152"
      },
      {
        "Lon": 21.0013,
        "Time": "2017-05-14 02:38:41",
        "Lines": "N63",
        "Lat": 52.2893,
        "Brigade": "152"
      },
      {
        "Lon": 21.004,
        "Time": "2017-05-14 02:38:56",
        "Lines": "N63",
        "Lat": 52.2903,
        "Brigade": "152"
      },
      {
        "Lon": 21.0041,
        "Time": "2017-05-14 02:39:06",
        "Lines": "N63",
        "Lat": 52.2913,
        "Brigade": "152"
      },
      {
        "Lon": 21.0017,
        "Time": "2017-05-14 02:39:21",
        "Lines": "N63",
        "Lat": 52.2922,
        "Brigade": "152"
      },
      {
        "Lon": 21.001,
        "Time": "2017-05-14 02:39:27",
        "Lines": "N63",
        "Lat": 52.2927,
        "Brigade": "152"
      },
      {
        "Lon": 20.9975,
        "Time": "2017-05-14 02:39:48",
        "Lines": "N63",
        "Lat": 52.2958,
        "Brigade": "152"
      },
      {
        "Lon": 20.9971,
        "Time": "2017-05-14 02:39:56",
        "Lines": "N63",
        "Lat": 52.2961,
        "Brigade": "152"
      },
      {
        "Lon": 20.9932,
        "Time": "2017-05-14 02:40:26",
        "Lines": "N63",
        "Lat": 52.2999,
        "Brigade": "152"
      },
      {
        "Lon": 20.9917,
        "Time": "2017-05-14 02:40:34",
        "Lines": "N63",
        "Lat": 52.3013,
        "Brigade": "152"
      },
      {
        "Lon": 20.9906,
        "Time": "2017-05-14 02:40:44",
        "Lines": "N63",
        "Lat": 52.3024,
        "Brigade": "152"
      },
      {
        "Lon": 20.9891,
        "Time": "2017-05-14 02:40:56",
        "Lines": "N63",
        "Lat": 52.3039,
        "Brigade": "152"
      },
      {
        "Lon": 20.9886,
        "Time": "2017-05-14 02:41:05",
        "Lines": "N63",
        "Lat": 52.3042,
        "Brigade": "152"
      },
      {
        "Lon": 20.9886,
        "Time": "2017-05-14 02:41:19",
        "Lines": "N63",
        "Lat": 52.3042,
        "Brigade": "152"
      },
      {
        "Lon": 20.9882,
        "Time": "2017-05-14 02:41:29",
        "Lines": "N63",
        "Lat": 52.3045,
        "Brigade": "152"
      },
      {
        "Lon": 20.987,
        "Time": "2017-05-14 02:41:39",
        "Lines": "N63",
        "Lat": 52.3054,
        "Brigade": "152"
      },
      {
        "Lon": 20.9858,
        "Time": "2017-05-14 02:41:49",
        "Lines": "N63",
        "Lat": 52.3063,
        "Brigade": "152"
      },
      {
        "Lon": 20.984,
        "Time": "2017-05-14 02:42:04",
        "Lines": "N63",
        "Lat": 52.3078,
        "Brigade": "152"
      },
      {
        "Lon": 20.9833,
        "Time": "2017-05-14 02:42:14",
        "Lines": "N63",
        "Lat": 52.3084,
        "Brigade": "152"
      },
      {
        "Lon": 20.982,
        "Time": "2017-05-14 02:42:24",
        "Lines": "N63",
        "Lat": 52.3093,
        "Brigade": "152"
      },
      {
        "Lon": 20.9806,
        "Time": "2017-05-14 02:42:34",
        "Lines": "N63",
        "Lat": 52.3104,
        "Brigade": "152"
      },
      {
        "Lon": 20.9786,
        "Time": "2017-05-14 02:42:49",
        "Lines": "N63",
        "Lat": 52.3122,
        "Brigade": "152"
      },
      {
        "Lon": 20.9779,
        "Time": "2017-05-14 02:43:00",
        "Lines": "N63",
        "Lat": 52.3131,
        "Brigade": "152"
      },
      {
        "Lon": 20.9779,
        "Time": "2017-05-14 02:43:09",
        "Lines": "N63",
        "Lat": 52.3132,
        "Brigade": "152"
      },
      {
        "Lon": 20.9778,
        "Time": "2017-05-14 02:43:19",
        "Lines": "N63",
        "Lat": 52.3133,
        "Brigade": "152"
      },
      {
        "Lon": 20.9772,
        "Time": "2017-05-14 02:43:29",
        "Lines": "N63",
        "Lat": 52.3142,
        "Brigade": "152"
      },
      {
        "Lon": 20.9763,
        "Time": "2017-05-14 02:43:44",
        "Lines": "N63",
        "Lat": 52.3156,
        "Brigade": "152"
      },
      {
        "Lon": 20.976,
        "Time": "2017-05-14 02:43:54",
        "Lines": "N63",
        "Lat": 52.316,
        "Brigade": "152"
      },
      {
        "Lon": 20.9759,
        "Time": "2017-05-14 02:44:04",
        "Lines": "N63",
        "Lat": 52.316,
        "Brigade": "152"
      },
      {
        "Lon": 20.9759,
        "Time": "2017-05-14 02:44:14",
        "Lines": "N63",
        "Lat": 52.3161,
        "Brigade": "152"
      },
      {
        "Lon": 20.9754,
        "Time": "2017-05-14 02:44:24",
        "Lines": "N63",
        "Lat": 52.3168,
        "Brigade": "152"
      },
      {
        "Lon": 20.9742,
        "Time": "2017-05-14 02:44:38",
        "Lines": "N63",
        "Lat": 52.3183,
        "Brigade": "152"
      },
      {
        "Lon": 20.9731,
        "Time": "2017-05-14 02:44:49",
        "Lines": "N63",
        "Lat": 52.3197,
        "Brigade": "152"
      },
      {
        "Lon": 20.9724,
        "Time": "2017-05-14 02:44:59",
        "Lines": "N63",
        "Lat": 52.3207,
        "Brigade": "152"
      },
      {
        "Lon": 20.9722,
        "Time": "2017-05-14 02:45:09",
        "Lines": "N63",
        "Lat": 52.3209,
        "Brigade": "152"
      },
      {
        "Lon": 20.9722,
        "Time": "2017-05-14 02:45:19",
        "Lines": "N63",
        "Lat": 52.3209,
        "Brigade": "152"
      },
      {
        "Lon": 20.9722,
        "Time": "2017-05-14 02:45:34",
        "Lines": "N63",
        "Lat": 52.3209,
        "Brigade": "152"
      },
      {
        "Lon": 20.9723,
        "Time": "2017-05-14 02:45:44",
        "Lines": "N63",
        "Lat": 52.3209,
        "Brigade": "152"
      },
      {
        "Lon": 20.9723,
        "Time": "2017-05-14 02:45:54",
        "Lines": "N63",
        "Lat": 52.3209,
        "Brigade": "152"
      },
      {
        "Lon": 20.9722,
        "Time": "2017-05-14 02:46:04",
        "Lines": "N63",
        "Lat": 52.3209,
        "Brigade": "152"
      },
      {
        "Lon": 20.9711,
        "Time": "2017-05-14 02:46:19",
        "Lines": "N63",
        "Lat": 52.3208,
        "Brigade": "152"
      },
      {
        "Lon": 20.9707,
        "Time": "2017-05-14 02:46:26",
        "Lines": "N63",
        "Lat": 52.3206,
        "Brigade": "152"
      },
      {
        "Lon": 20.9707,
        "Time": "2017-05-14 02:46:39",
        "Lines": "N63",
        "Lat": 52.3206,
        "Brigade": "152"
      },
      {
        "Lon": 20.9701,
        "Time": "2017-05-14 02:46:49",
        "Lines": "N63",
        "Lat": 52.3203,
        "Brigade": "152"
      },
      {
        "Lon": 20.9694,
        "Time": "2017-05-14 02:46:59",
        "Lines": "N63",
        "Lat": 52.3201,
        "Brigade": "152"
      },
      {
        "Lon": 20.9687,
        "Time": "2017-05-14 02:47:09",
        "Lines": "N63",
        "Lat": 52.3209,
        "Brigade": "152"
      },
      {
        "Lon": 20.9678,
        "Time": "2017-05-14 02:47:19",
        "Lines": "N63",
        "Lat": 52.3217,
        "Brigade": "152"
      },
      {
        "Lon": 20.9654,
        "Time": "2017-05-14 02:47:34",
        "Lines": "N63",
        "Lat": 52.3226,
        "Brigade": "152"
      },
      {
        "Lon": 20.9642,
        "Time": "2017-05-14 02:47:44",
        "Lines": "N63",
        "Lat": 52.3229,
        "Brigade": "152"
      },
      {
        "Lon": 20.9641,
        "Time": "2017-05-14 02:47:54",
        "Lines": "N63",
        "Lat": 52.3229,
        "Brigade": "152"
      },
      {
        "Lon": 20.9634,
        "Time": "2017-05-14 02:48:04",
        "Lines": "N63",
        "Lat": 52.323,
        "Brigade": "152"
      },
      {
        "Lon": 20.9613,
        "Time": "2017-05-14 02:48:19",
        "Lines": "N63",
        "Lat": 52.3234,
        "Brigade": "152"
      },
      {
        "Lon": 20.9602,
        "Time": "2017-05-14 02:48:29",
        "Lines": "N63",
        "Lat": 52.3242,
        "Brigade": "152"
      },
      {
        "Lon": 20.9596,
        "Time": "2017-05-14 02:48:39",
        "Lines": "N63",
        "Lat": 52.3242,
        "Brigade": "152"
      },
      {
        "Lon": 20.9596,
        "Time": "2017-05-14 02:48:49",
        "Lines": "N63",
        "Lat": 52.3241,
        "Brigade": "152"
      },
      {
        "Lon": 20.9591,
        "Time": "2017-05-14 02:49:04",
        "Lines": "N63",
        "Lat": 52.3237,
        "Brigade": "152"
      },
      {
        "Lon": 20.958,
        "Time": "2017-05-14 02:49:14",
        "Lines": "N63",
        "Lat": 52.3229,
        "Brigade": "152"
      },
      {
        "Lon": 20.9573,
        "Time": "2017-05-14 02:49:19",
        "Lines": "N63",
        "Lat": 52.3224,
        "Brigade": "152"
      },
      {
        "Lon": 20.9554,
        "Time": "2017-05-14 02:49:34",
        "Lines": "N63",
        "Lat": 52.3209,
        "Brigade": "152"
      },
      {
        "Lon": 20.9551,
        "Time": "2017-05-14 02:49:44",
        "Lines": "N63",
        "Lat": 52.3207,
        "Brigade": "152"
      },
      {
        "Lon": 20.9545,
        "Time": "2017-05-14 02:49:59",
        "Lines": "N63",
        "Lat": 52.3203,
        "Brigade": "152"
      },
      {
        "Lon": 20.9545,
        "Time": "2017-05-14 02:50:09",
        "Lines": "N63",
        "Lat": 52.3202,
        "Brigade": "152"
      },
      {
        "Lon": 20.9543,
        "Time": "2017-05-14 02:50:19",
        "Lines": "N63",
        "Lat": 52.32,
        "Brigade": "152"
      },
      {
        "Lon": 20.9533,
        "Time": "2017-05-14 02:50:29",
        "Lines": "N63",
        "Lat": 52.3194,
        "Brigade": "152"
      },
      {
        "Lon": 20.9526,
        "Time": "2017-05-14 02:50:39",
        "Lines": "N63",
        "Lat": 52.3188,
        "Brigade": "152"
      },
      {
        "Lon": 20.9526,
        "Time": "2017-05-14 02:50:49",
        "Lines": "N63",
        "Lat": 52.3188,
        "Brigade": "152"
      },
      {
        "Lon": 20.9517,
        "Time": "2017-05-14 02:51:04",
        "Lines": "N63",
        "Lat": 52.3189,
        "Brigade": "152"
      },
      {
        "Lon": 20.9514,
        "Time": "2017-05-14 02:51:11",
        "Lines": "N63",
        "Lat": 52.319,
        "Brigade": "152"
      },
      {
        "Lon": 20.9513,
        "Time": "2017-05-14 02:51:26",
        "Lines": "N63",
        "Lat": 52.319,
        "Brigade": "152"
      },
      {
        "Lon": 20.9506,
        "Time": "2017-05-14 02:51:34",
        "Lines": "N63",
        "Lat": 52.3194,
        "Brigade": "152"
      },
      {
        "Lon": 20.9483,
        "Time": "2017-05-14 02:51:49",
        "Lines": "N63",
        "Lat": 52.3206,
        "Brigade": "152"
      },
      {
        "Lon": 20.9465,
        "Time": "2017-05-14 02:51:59",
        "Lines": "N63",
        "Lat": 52.3214,
        "Brigade": "152"
      },
      {
        "Lon": 20.9445,
        "Time": "2017-05-14 02:52:09",
        "Lines": "N63",
        "Lat": 52.3224,
        "Brigade": "152"
      },
      {
        "Lon": 20.9433,
        "Time": "2017-05-14 02:52:22",
        "Lines": "N63",
        "Lat": 52.323,
        "Brigade": "152"
      },
      {
        "Lon": 20.9433,
        "Time": "2017-05-14 02:52:29",
        "Lines": "N63",
        "Lat": 52.323,
        "Brigade": "152"
      },
      {
        "Lon": 20.9427,
        "Time": "2017-05-14 02:52:44",
        "Lines": "N63",
        "Lat": 52.3233,
        "Brigade": "152"
      },
      {
        "Lon": 20.9415,
        "Time": "2017-05-14 02:52:54",
        "Lines": "N63",
        "Lat": 52.3242,
        "Brigade": "152"
      },
      {
        "Lon": 20.9408,
        "Time": "2017-05-14 02:53:04",
        "Lines": "N63",
        "Lat": 52.3254,
        "Brigade": "152"
      },
      {
        "Lon": 20.9407,
        "Time": "2017-05-14 02:53:14",
        "Lines": "N63",
        "Lat": 52.3267,
        "Brigade": "152"
      },
      {
        "Lon": 20.9408,
        "Time": "2017-05-14 02:53:29",
        "Lines": "N63",
        "Lat": 52.3272,
        "Brigade": "152"
      },
      {
        "Lon": 20.9408,
        "Time": "2017-05-14 02:53:39",
        "Lines": "N63",
        "Lat": 52.3272,
        "Brigade": "152"
      },
      {
        "Lon": 20.9408,
        "Time": "2017-05-14 02:53:49",
        "Lines": "N63",
        "Lat": 52.3276,
        "Brigade": "152"
      },
      {
        "Lon": 20.941,
        "Time": "2017-05-14 02:54:00",
        "Lines": "N63",
        "Lat": 52.3283,
        "Brigade": "152"
      },
      {
        "Lon": 20.9409,
        "Time": "2017-05-14 02:54:09",
        "Lines": "N63",
        "Lat": 52.3283,
        "Brigade": "152"
      },
      {
        "Lon": 20.9409,
        "Time": "2017-05-14 02:54:19",
        "Lines": "N63",
        "Lat": 52.3286,
        "Brigade": "152"
      },
      {
        "Lon": 20.9412,
        "Time": "2017-05-14 02:54:35",
        "Lines": "N63",
        "Lat": 52.3304,
        "Brigade": "152"
      },
      {
        "Lon": 20.9413,
        "Time": "2017-05-14 02:54:39",
        "Lines": "N63",
        "Lat": 52.3311,
        "Brigade": "152"
      },
      {
        "Lon": 20.9427,
        "Time": "2017-05-14 02:55:07",
        "Lines": "N63",
        "Lat": 52.3322,
        "Brigade": "152"
      },
      {
        "Lon": 20.9427,
        "Time": "2017-05-14 02:55:20",
        "Lines": "N63",
        "Lat": 52.3322,
        "Brigade": "152"
      },
      {
        "Lon": 20.9432,
        "Time": "2017-05-14 02:55:29",
        "Lines": "N63",
        "Lat": 52.3322,
        "Brigade": "152"
      },
      {
        "Lon": 20.9447,
        "Time": "2017-05-14 02:55:39",
        "Lines": "N63",
        "Lat": 52.3322,
        "Brigade": "152"
      },
      {
        "Lon": 20.9469,
        "Time": "2017-05-14 02:55:51",
        "Lines": "N63",
        "Lat": 52.3321,
        "Brigade": "152"
      },
      {
        "Lon": 20.9478,
        "Time": "2017-05-14 02:56:04",
        "Lines": "N63",
        "Lat": 52.332,
        "Brigade": "152"
      },
      {
        "Lon": 20.9483,
        "Time": "2017-05-14 02:56:11",
        "Lines": "N63",
        "Lat": 52.332,
        "Brigade": "152"
      },
      {
        "Lon": 20.9483,
        "Time": "2017-05-14 02:56:24",
        "Lines": "N63",
        "Lat": 52.332,
        "Brigade": "152"
      },
      {
        "Lon": 20.9493,
        "Time": "2017-05-14 02:56:34",
        "Lines": "N63",
        "Lat": 52.332,
        "Brigade": "152"
      },
      {
        "Lon": 20.9522,
        "Time": "2017-05-14 02:56:49",
        "Lines": "N63",
        "Lat": 52.3318,
        "Brigade": "152"
      },
      {
        "Lon": 20.954,
        "Time": "2017-05-14 02:56:59",
        "Lines": "N63",
        "Lat": 52.3319,
        "Brigade": "152"
      },
      {
        "Lon": 20.9558,
        "Time": "2017-05-14 02:57:09",
        "Lines": "N63",
        "Lat": 52.332,
        "Brigade": "152"
      },
      {
        "Lon": 20.9568,
        "Time": "2017-05-14 02:57:19",
        "Lines": "N63",
        "Lat": 52.3316,
        "Brigade": "152"
      },
      {
        "Lon": 20.9572,
        "Time": "2017-05-14 02:57:29",
        "Lines": "N63",
        "Lat": 52.3317,
        "Brigade": "152"
      },
      {
        "Lon": 20.9581,
        "Time": "2017-05-14 02:57:39",
        "Lines": "N63",
        "Lat": 52.3324,
        "Brigade": "152"
      },
      {
        "Lon": 20.9598,
        "Time": "2017-05-14 02:57:54",
        "Lines": "N63",
        "Lat": 52.3336,
        "Brigade": "152"
      },
      {
        "Lon": 20.9609,
        "Time": "2017-05-14 02:58:04",
        "Lines": "N63",
        "Lat": 52.3344,
        "Brigade": "152"
      },
      {
        "Lon": 20.9613,
        "Time": "2017-05-14 02:58:14",
        "Lines": "N63",
        "Lat": 52.3347,
        "Brigade": "152"
      },
      {
        "Lon": 20.9613,
        "Time": "2017-05-14 02:58:24",
        "Lines": "N63",
        "Lat": 52.3347,
        "Brigade": "152"
      },
      {
        "Lon": 20.9613,
        "Time": "2017-05-14 02:58:39",
        "Lines": "N63",
        "Lat": 52.3347,
        "Brigade": "152"
      },
      {
        "Lon": 20.9613,
        "Time": "2017-05-14 02:58:49",
        "Lines": "N63",
        "Lat": 52.3347,
        "Brigade": "152"
      },
      {
        "Lon": 20.9613,
        "Time": "2017-05-14 02:58:59",
        "Lines": "N63",
        "Lat": 52.3347,
        "Brigade": "152"
      },
      {
        "Lon": 20.9615,
        "Time": "2017-05-14 02:59:09",
        "Lines": "N63",
        "Lat": 52.3349,
        "Brigade": "152"
      },
      {
        "Lon": 20.9613,
        "Time": "2017-05-14 02:59:19",
        "Lines": "N63",
        "Lat": 52.3354,
        "Brigade": "152"
      },
      {
        "Lon": 20.961,
        "Time": "2017-05-14 02:59:29",
        "Lines": "N63",
        "Lat": 52.3356,
        "Brigade": "152"
      },
      {
        "Lon": 20.9607,
        "Time": "2017-05-14 02:59:44",
        "Lines": "N63",
        "Lat": 52.3359,
        "Brigade": "152"
      },
      {
        "Lon": 20.9597,
        "Time": "2017-05-14 02:59:54",
        "Lines": "N63",
        "Lat": 52.3367,
        "Brigade": "152"
      },
      {
        "Lon": 20.9584,
        "Time": "2017-05-14 03:00:04",
        "Lines": "N63",
        "Lat": 52.3378,
        "Brigade": "152"
      },
      {
        "Lon": 20.9575,
        "Time": "2017-05-14 03:00:18",
        "Lines": "N63",
        "Lat": 52.3387,
        "Brigade": "152"
      },
      {
        "Lon": 20.9574,
        "Time": "2017-05-14 03:00:29",
        "Lines": "N63",
        "Lat": 52.3387,
        "Brigade": "152"
      },
      {
        "Lon": 20.9568,
        "Time": "2017-05-14 03:00:39",
        "Lines": "N63",
        "Lat": 52.3392,
        "Brigade": "152"
      },
      {
        "Lon": 20.9555,
        "Time": "2017-05-14 03:00:52",
        "Lines": "N63",
        "Lat": 52.3403,
        "Brigade": "152"
      },
      {
        "Lon": 20.9546,
        "Time": "2017-05-14 03:00:59",
        "Lines": "N63",
        "Lat": 52.3411,
        "Brigade": "152"
      },
      {
        "Lon": 20.953,
        "Time": "2017-05-14 03:01:11",
        "Lines": "N63",
        "Lat": 52.3425,
        "Brigade": "152"
      },
      {
        "Lon": 20.9519,
        "Time": "2017-05-14 03:01:24",
        "Lines": "N63",
        "Lat": 52.3435,
        "Brigade": "152"
      },
      {
        "Lon": 20.9514,
        "Time": "2017-05-14 03:01:35",
        "Lines": "N63",
        "Lat": 52.3441,
        "Brigade": "152"
      },
      {
        "Lon": 20.9514,
        "Time": "2017-05-14 03:01:44",
        "Lines": "N63",
        "Lat": 52.3442,
        "Brigade": "152"
      },
      {
        "Lon": 20.9512,
        "Time": "2017-05-14 03:01:54",
        "Lines": "N63",
        "Lat": 52.3443,
        "Brigade": "152"
      },
      {
        "Lon": 20.9506,
        "Time": "2017-05-14 03:02:04",
        "Lines": "N63",
        "Lat": 52.3451,
        "Brigade": "152"
      },
      {
        "Lon": 20.9492,
        "Time": "2017-05-14 03:02:19",
        "Lines": "N63",
        "Lat": 52.3468,
        "Brigade": "152"
      },
      {
        "Lon": 20.9485,
        "Time": "2017-05-14 03:02:29",
        "Lines": "N63",
        "Lat": 52.3476,
        "Brigade": "152"
      },
      {
        "Lon": 20.9484,
        "Time": "2017-05-14 03:02:40",
        "Lines": "N63",
        "Lat": 52.3477,
        "Brigade": "152"
      },
      {
        "Lon": 20.9483,
        "Time": "2017-05-14 03:02:49",
        "Lines": "N63",
        "Lat": 52.3478,
        "Brigade": "152"
      },
      {
        "Lon": 20.9472,
        "Time": "2017-05-14 03:03:03",
        "Lines": "N63",
        "Lat": 52.349,
        "Brigade": "152"
      },
      {
        "Lon": 20.9463,
        "Time": "2017-05-14 03:03:09",
        "Lines": "N63",
        "Lat": 52.3501,
        "Brigade": "152"
      },
      {
        "Lon": 20.9458,
        "Time": "2017-05-14 03:03:25",
        "Lines": "N63",
        "Lat": 52.3508,
        "Brigade": "152"
      },
      {
        "Lon": 20.9458,
        "Time": "2017-05-14 03:03:35",
        "Lines": "N63",
        "Lat": 52.3508,
        "Brigade": "152"
      },
      {
        "Lon": 20.9454,
        "Time": "2017-05-14 03:03:48",
        "Lines": "N63",
        "Lat": 52.3511,
        "Brigade": "152"
      },
      {
        "Lon": 20.9446,
        "Time": "2017-05-14 03:03:59",
        "Lines": "N63",
        "Lat": 52.3521,
        "Brigade": "152"
      },
      {
        "Lon": 20.9436,
        "Time": "2017-05-14 03:04:09",
        "Lines": "N63",
        "Lat": 52.3534,
        "Brigade": "152"
      },
      {
        "Lon": 20.9427,
        "Time": "2017-05-14 03:04:19",
        "Lines": "N63",
        "Lat": 52.3544,
        "Brigade": "152"
      },
      {
        "Lon": 20.9416,
        "Time": "2017-05-14 03:04:29",
        "Lines": "N63",
        "Lat": 52.3557,
        "Brigade": "152"
      },
      {
        "Lon": 20.941,
        "Time": "2017-05-14 03:04:44",
        "Lines": "N63",
        "Lat": 52.3565,
        "Brigade": "152"
      },
      {
        "Lon": 20.941,
        "Time": "2017-05-14 03:04:54",
        "Lines": "N63",
        "Lat": 52.3565,
        "Brigade": "152"
      },
      {
        "Lon": 20.9405,
        "Time": "2017-05-14 03:05:04",
        "Lines": "N63",
        "Lat": 52.357,
        "Brigade": "152"
      },
      {
        "Lon": 20.9397,
        "Time": "2017-05-14 03:05:14",
        "Lines": "N63",
        "Lat": 52.358,
        "Brigade": "152"
      },
      {
        "Lon": 20.9386,
        "Time": "2017-05-14 03:05:24",
        "Lines": "N63",
        "Lat": 52.3593,
        "Brigade": "152"
      },
      {
        "Lon": 20.9367,
        "Time": "2017-05-14 03:05:39",
        "Lines": "N63",
        "Lat": 52.3614,
        "Brigade": "152"
      },
      {
        "Lon": 20.936,
        "Time": "2017-05-14 03:05:49",
        "Lines": "N63",
        "Lat": 52.3624,
        "Brigade": "152"
      },
      {
        "Lon": 20.9357,
        "Time": "2017-05-14 03:05:59",
        "Lines": "N63",
        "Lat": 52.3629,
        "Brigade": "152"
      },
      {
        "Lon": 20.9353,
        "Time": "2017-05-14 03:06:11",
        "Lines": "N63",
        "Lat": 52.3634,
        "Brigade": "152"
      },
      {
        "Lon": 20.9345,
        "Time": "2017-05-14 03:06:18",
        "Lines": "N63",
        "Lat": 52.3639,
        "Brigade": "152"
      },
      {
        "Lon": 20.9344,
        "Time": "2017-05-14 03:06:24",
        "Lines": "N63",
        "Lat": 52.364,
        "Brigade": "152"
      },
      {
        "Lon": 20.9341,
        "Time": "2017-05-14 03:06:26",
        "Lines": "N63",
        "Lat": 52.3643,
        "Brigade": "152"
      },
      {
        "Lon": 20.9333,
        "Time": "2017-05-14 03:06:39",
        "Lines": "N63",
        "Lat": 52.3652,
        "Brigade": "152"
      },
      {
        "Lon": 20.9324,
        "Time": "2017-05-14 03:07:04",
        "Lines": "N63",
        "Lat": 52.3663,
        "Brigade": "152"
      },
      {
        "Lon": 20.9313,
        "Time": "2017-05-14 03:07:14",
        "Lines": "N63",
        "Lat": 52.3675,
        "Brigade": "152"
      },
      {
        "Lon": 20.9298,
        "Time": "2017-05-14 03:07:29",
        "Lines": "N63",
        "Lat": 52.3693,
        "Brigade": "152"
      },
      {
        "Lon": 20.9287,
        "Time": "2017-05-14 03:07:39",
        "Lines": "N63",
        "Lat": 52.3706,
        "Brigade": "152"
      },
      {
        "Lon": 20.9278,
        "Time": "2017-05-14 03:07:49",
        "Lines": "N63",
        "Lat": 52.3717,
        "Brigade": "152"
      },
      {
        "Lon": 20.9262,
        "Time": "2017-05-14 03:08:02",
        "Lines": "N63",
        "Lat": 52.3736,
        "Brigade": "152"
      },
      {
        "Lon": 20.9253,
        "Time": "2017-05-14 03:08:14",
        "Lines": "N63",
        "Lat": 52.3748,
        "Brigade": "152"
      },
      {
        "Lon": 20.9242,
        "Time": "2017-05-14 03:08:27",
        "Lines": "N63",
        "Lat": 52.3756,
        "Brigade": "152"
      },
      {
        "Lon": 20.9242,
        "Time": "2017-05-14 03:08:34",
        "Lines": "N63",
        "Lat": 52.3756,
        "Brigade": "152"
      },
      {
        "Lon": 20.9237,
        "Time": "2017-05-14 03:08:49",
        "Lines": "N63",
        "Lat": 52.3758,
        "Brigade": "152"
      },
      {
        "Lon": 20.9222,
        "Time": "2017-05-14 03:08:59",
        "Lines": "N63",
        "Lat": 52.3762,
        "Brigade": "152"
      },
      {
        "Lon": 20.9203,
        "Time": "2017-05-14 03:09:09",
        "Lines": "N63",
        "Lat": 52.3768,
        "Brigade": "152"
      },
      {
        "Lon": 20.9184,
        "Time": "2017-05-14 03:09:19",
        "Lines": "N63",
        "Lat": 52.3775,
        "Brigade": "152"
      },
      {
        "Lon": 20.9176,
        "Time": "2017-05-14 03:09:24",
        "Lines": "N63",
        "Lat": 52.3778,
        "Brigade": "152"
      },
      {
        "Lon": 20.9176,
        "Time": "2017-05-14 03:09:44",
        "Lines": "N63",
        "Lat": 52.3786,
        "Brigade": "152"
      },
      {
        "Lon": 20.9176,
        "Time": "2017-05-14 03:09:54",
        "Lines": "N63",
        "Lat": 52.3787,
        "Brigade": "152"
      },
      {
        "Lon": 20.9179,
        "Time": "2017-05-14 03:10:04",
        "Lines": "N63",
        "Lat": 52.3789,
        "Brigade": "152"
      },
      {
        "Lon": 20.9187,
        "Time": "2017-05-14 03:10:14",
        "Lines": "N63",
        "Lat": 52.3796,
        "Brigade": "152"
      },
      {
        "Lon": 20.9193,
        "Time": "2017-05-14 03:10:24",
        "Lines": "N63",
        "Lat": 52.3801,
        "Brigade": "152"
      },
      {
        "Lon": 20.9203,
        "Time": "2017-05-14 03:10:39",
        "Lines": "N63",
        "Lat": 52.3807,
        "Brigade": "152"
      },
      {
        "Lon": 20.9204,
        "Time": "2017-05-14 03:10:49",
        "Lines": "N63",
        "Lat": 52.3807,
        "Brigade": "152"
      },
      {
        "Lon": 20.9211,
        "Time": "2017-05-14 03:10:59",
        "Lines": "N63",
        "Lat": 52.3809,
        "Brigade": "152"
      },
      {
        "Lon": 20.9217,
        "Time": "2017-05-14 03:11:09",
        "Lines": "N63",
        "Lat": 52.3817,
        "Brigade": "152"
      },
      {
        "Lon": 20.9227,
        "Time": "2017-05-14 03:11:19",
        "Lines": "N63",
        "Lat": 52.3826,
        "Brigade": "152"
      },
      {
        "Lon": 20.9247,
        "Time": "2017-05-14 03:11:34",
        "Lines": "N63",
        "Lat": 52.3842,
        "Brigade": "152"
      },
      {
        "Lon": 20.9258,
        "Time": "2017-05-14 03:11:44",
        "Lines": "N63",
        "Lat": 52.3853,
        "Brigade": "152"
      },
      {
        "Lon": 20.9271,
        "Time": "2017-05-14 03:11:54",
        "Lines": "N63",
        "Lat": 52.3864,
        "Brigade": "152"
      },
      {
        "Lon": 20.9284,
        "Time": "2017-05-14 03:12:04",
        "Lines": "N63",
        "Lat": 52.3875,
        "Brigade": "152"
      },
      {
        "Lon": 20.9289,
        "Time": "2017-05-14 03:12:14",
        "Lines": "N63",
        "Lat": 52.3879,
        "Brigade": "152"
      },
      {
        "Lon": 20.929,
        "Time": "2017-05-14 03:12:29",
        "Lines": "N63",
        "Lat": 52.388,
        "Brigade": "152"
      },
      {
        "Lon": 20.9288,
        "Time": "2017-05-14 03:12:34",
        "Lines": "N63",
        "Lat": 52.3882,
        "Brigade": "152"
      },
      {
        "Lon": 20.9271,
        "Time": "2017-05-14 03:12:49",
        "Lines": "N63",
        "Lat": 52.3893,
        "Brigade": "152"
      },
      {
        "Lon": 20.9256,
        "Time": "2017-05-14 03:12:59",
        "Lines": "N63",
        "Lat": 52.3902,
        "Brigade": "152"
      },
      {
        "Lon": 20.9242,
        "Time": "2017-05-14 03:13:14",
        "Lines": "N63",
        "Lat": 52.3911,
        "Brigade": "152"
      },
      {
        "Lon": 20.9242,
        "Time": "2017-05-14 03:13:19",
        "Lines": "N63",
        "Lat": 52.3912,
        "Brigade": "152"
      },
      {
        "Lon": 20.924,
        "Time": "2017-05-14 03:13:34",
        "Lines": "N63",
        "Lat": 52.3913,
        "Brigade": "152"
      },
      {
        "Lon": 20.9247,
        "Time": "2017-05-14 03:13:44",
        "Lines": "N63",
        "Lat": 52.3918,
        "Brigade": "152"
      },
      {
        "Lon": 20.926,
        "Time": "2017-05-14 03:13:54",
        "Lines": "N63",
        "Lat": 52.3925,
        "Brigade": "152"
      },
      {
        "Lon": 20.9284,
        "Time": "2017-05-14 03:14:09",
        "Lines": "N63",
        "Lat": 52.3932,
        "Brigade": "152"
      },
      {
        "Lon": 20.9294,
        "Time": "2017-05-14 03:14:16",
        "Lines": "N63",
        "Lat": 52.3941,
        "Brigade": "152"
      },
      {
        "Lon": 20.9299,
        "Time": "2017-05-14 03:14:29",
        "Lines": "N63",
        "Lat": 52.3948,
        "Brigade": "152"
      },
      {
        "Lon": 20.9302,
        "Time": "2017-05-14 03:14:39",
        "Lines": "N63",
        "Lat": 52.3952,
        "Brigade": "152"
      },
      {
        "Lon": 20.9294,
        "Time": "2017-05-14 03:14:49",
        "Lines": "N63",
        "Lat": 52.3954,
        "Brigade": "152"
      },
      {
        "Lon": 20.9286,
        "Time": "2017-05-14 03:15:04",
        "Lines": "N63",
        "Lat": 52.3958,
        "Brigade": "152"
      },
      {
        "Lon": 20.9285,
        "Time": "2017-05-14 03:15:14",
        "Lines": "N63",
        "Lat": 52.3958,
        "Brigade": "152"
      },
      {
        "Lon": 20.9279,
        "Time": "2017-05-14 03:15:24",
        "Lines": "N63",
        "Lat": 52.3961,
        "Brigade": "152"
      },
      {
        "Lon": 20.9258,
        "Time": "2017-05-14 03:15:39",
        "Lines": "N63",
        "Lat": 52.3971,
        "Brigade": "152"
      },
      {
        "Lon": 20.9244,
        "Time": "2017-05-14 03:15:49",
        "Lines": "N63",
        "Lat": 52.3977,
        "Brigade": "152"
      },
      {
        "Lon": 20.9233,
        "Time": "2017-05-14 03:15:59",
        "Lines": "N63",
        "Lat": 52.3982,
        "Brigade": "152"
      },
      {
        "Lon": 20.9236,
        "Time": "2017-05-14 03:16:09",
        "Lines": "N63",
        "Lat": 52.3986,
        "Brigade": "152"
      },
      {
        "Lon": 20.9243,
        "Time": "2017-05-14 03:16:20",
        "Lines": "N63",
        "Lat": 52.3992,
        "Brigade": "152"
      },
      {
        "Lon": 20.9244,
        "Time": "2017-05-14 03:16:34",
        "Lines": "N63",
        "Lat": 52.3993,
        "Brigade": "152"
      },
      {
        "Lon": 20.9253,
        "Time": "2017-05-14 03:16:44",
        "Lines": "N63",
        "Lat": 52.3999,
        "Brigade": "152"
      },
      {
        "Lon": 20.9263,
        "Time": "2017-05-14 03:16:54",
        "Lines": "N63",
        "Lat": 52.4008,
        "Brigade": "152"
      },
      {
        "Lon": 20.9274,
        "Time": "2017-05-14 03:17:04",
        "Lines": "N63",
        "Lat": 52.4017,
        "Brigade": "152"
      },
      {
        "Lon": 20.9278,
        "Time": "2017-05-14 03:17:19",
        "Lines": "N63",
        "Lat": 52.4023,
        "Brigade": "152"
      },
      {
        "Lon": 20.9267,
        "Time": "2017-05-14 03:17:29",
        "Lines": "N63",
        "Lat": 52.4029,
        "Brigade": "152"
      },
      {
        "Lon": 20.9253,
        "Time": "2017-05-14 03:17:39",
        "Lines": "N63",
        "Lat": 52.4036,
        "Brigade": "152"
      },
      {
        "Lon": 20.9248,
        "Time": "2017-05-14 03:17:52",
        "Lines": "N63",
        "Lat": 52.4038,
        "Brigade": "152"
      },
      {
        "Lon": 20.9244,
        "Time": "2017-05-14 03:18:04",
        "Lines": "N63",
        "Lat": 52.404,
        "Brigade": "152"
      },
      {
        "Lon": 20.9232,
        "Time": "2017-05-14 03:18:14",
        "Lines": "N63",
        "Lat": 52.4046,
        "Brigade": "152"
      },
      {
        "Lon": 20.9218,
        "Time": "2017-05-14 03:18:24",
        "Lines": "N63",
        "Lat": 52.4052,
        "Brigade": "152"
      },
      {
        "Lon": 20.921,
        "Time": "2017-05-14 03:18:39",
        "Lines": "N63",
        "Lat": 52.4056,
        "Brigade": "152"
      },
      {
        "Lon": 20.92,
        "Time": "2017-05-14 03:18:49",
        "Lines": "N63",
        "Lat": 52.4061,
        "Brigade": "152"
      },
      {
        "Lon": 20.9192,
        "Time": "2017-05-14 03:18:59",
        "Lines": "N63",
        "Lat": 52.4067,
        "Brigade": "152"
      }
    ]
  }
]
