[
  {
    "res": [
      {
        "Lon": 21.0093,
        "Time": "2017-05-14 00:00:13",
        "Lines": "N64",
        "Lat": 52.2354,
        "Brigade": "124"
      },
      {
        "Lon": 21.0093,
        "Time": "2017-05-14 00:00:20",
        "Lines": "N64",
        "Lat": 52.2354,
        "Brigade": "124"
      },
      {
        "Lon": 21.0093,
        "Time": "2017-05-14 00:00:32",
        "Lines": "N64",
        "Lat": 52.2354,
        "Brigade": "124"
      },
      {
        "Lon": 21.0083,
        "Time": "2017-05-14 00:00:46",
        "Lines": "N64",
        "Lat": 52.2352,
        "Brigade": "124"
      },
      {
        "Lon": 21.0073,
        "Time": "2017-05-14 00:00:59",
        "Lines": "N64",
        "Lat": 52.235,
        "Brigade": "124"
      },
      {
        "Lon": 21.0057,
        "Time": "2017-05-14 00:01:34",
        "Lines": "N64",
        "Lat": 52.2347,
        "Brigade": "124"
      },
      {
        "Lon": 21.0039,
        "Time": "2017-05-14 00:01:43",
        "Lines": "N64",
        "Lat": 52.2344,
        "Brigade": "124"
      },
      {
        "Lon": 21.0027,
        "Time": "2017-05-14 00:01:51",
        "Lines": "N64",
        "Lat": 52.2341,
        "Brigade": "124"
      },
      {
        "Lon": 21.0014,
        "Time": "2017-05-14 00:01:59",
        "Lines": "N64",
        "Lat": 52.2338,
        "Brigade": "124"
      },
      {
        "Lon": 20.9995,
        "Time": "2017-05-14 00:02:15",
        "Lines": "N64",
        "Lat": 52.2334,
        "Brigade": "124"
      },
      {
        "Lon": 20.9995,
        "Time": "2017-05-14 00:02:26",
        "Lines": "N64",
        "Lat": 52.2334,
        "Brigade": "124"
      },
      {
        "Lon": 20.999,
        "Time": "2017-05-14 00:02:33",
        "Lines": "N64",
        "Lat": 52.2334,
        "Brigade": "124"
      },
      {
        "Lon": 20.9978,
        "Time": "2017-05-14 00:02:49",
        "Lines": "N64",
        "Lat": 52.2332,
        "Brigade": "124"
      },
      {
        "Lon": 20.9977,
        "Time": "2017-05-14 00:02:57",
        "Lines": "N64",
        "Lat": 52.233,
        "Brigade": "124"
      },
      {
        "Lon": 20.9983,
        "Time": "2017-05-14 00:03:04",
        "Lines": "N64",
        "Lat": 52.2326,
        "Brigade": "124"
      },
      {
        "Lon": 20.9996,
        "Time": "2017-05-14 00:03:20",
        "Lines": "N64",
        "Lat": 52.2308,
        "Brigade": "124"
      },
      {
        "Lon": 20.9997,
        "Time": "2017-05-14 00:03:37",
        "Lines": "N64",
        "Lat": 52.2297,
        "Brigade": "124"
      },
      {
        "Lon": 20.9998,
        "Time": "2017-05-14 00:03:52",
        "Lines": "N64",
        "Lat": 52.2302,
        "Brigade": "124"
      },
      {
        "Lon": 21.0016,
        "Time": "2017-05-14 00:04:03",
        "Lines": "N64",
        "Lat": 52.2292,
        "Brigade": "124"
      },
      {
        "Lon": 21.0022,
        "Time": "2017-05-14 00:04:11",
        "Lines": "N64",
        "Lat": 52.2292,
        "Brigade": "124"
      },
      {
        "Lon": 21.003,
        "Time": "2017-05-14 00:04:27",
        "Lines": "N64",
        "Lat": 52.2293,
        "Brigade": "124"
      },
      {
        "Lon": 21.0037,
        "Time": "2017-05-14 00:04:39",
        "Lines": "N64",
        "Lat": 52.2295,
        "Brigade": "124"
      }
    ]
  }
]
