[
  {
    "res": [
      {
        "Lon": 21.002,
        "Time": "2017-05-14 02:30:36",
        "Lines": "N66",
        "Lat": 52.228,
        "Brigade": "199"
      },
      {
        "Lon": 21.0016,
        "Time": "2017-05-14 02:30:46",
        "Lines": "N66",
        "Lat": 52.2286,
        "Brigade": "199"
      },
      {
        "Lon": 21.0019,
        "Time": "2017-05-14 02:30:56",
        "Lines": "N66",
        "Lat": 52.229,
        "Brigade": "199"
      },
      {
        "Lon": 21.0031,
        "Time": "2017-05-14 02:31:11",
        "Lines": "N66",
        "Lat": 52.2293,
        "Brigade": "199"
      },
      {
        "Lon": 21.0037,
        "Time": "2017-05-14 02:31:21",
        "Lines": "N66",
        "Lat": 52.2295,
        "Brigade": "199"
      },
      {
        "Lon": 21.0038,
        "Time": "2017-05-14 02:31:31",
        "Lines": "N66",
        "Lat": 52.2296,
        "Brigade": "199"
      },
      {
        "Lon": 21.0039,
        "Time": "2017-05-14 02:31:41",
        "Lines": "N66",
        "Lat": 52.2298,
        "Brigade": "199"
      },
      {
        "Lon": 21.0038,
        "Time": "2017-05-14 02:31:51",
        "Lines": "N66",
        "Lat": 52.23,
        "Brigade": "199"
      },
      {
        "Lon": 21.004,
        "Time": "2017-05-14 02:32:06",
        "Lines": "N66",
        "Lat": 52.23,
        "Brigade": "199"
      },
      {
        "Lon": 21.004,
        "Time": "2017-05-14 02:32:16",
        "Lines": "N66",
        "Lat": 52.2301,
        "Brigade": "199"
      },
      {
        "Lon": 21.0039,
        "Time": "2017-05-14 02:32:26",
        "Lines": "N66",
        "Lat": 52.2301,
        "Brigade": "199"
      },
      {
        "Lon": 21.0039,
        "Time": "2017-05-14 02:32:36",
        "Lines": "N66",
        "Lat": 52.2301,
        "Brigade": "199"
      },
      {
        "Lon": 21.0039,
        "Time": "2017-05-14 02:32:46",
        "Lines": "N66",
        "Lat": 52.2301,
        "Brigade": "199"
      },
      {
        "Lon": 21.004,
        "Time": "2017-05-14 02:33:01",
        "Lines": "N66",
        "Lat": 52.2302,
        "Brigade": "199"
      },
      {
        "Lon": 21.004,
        "Time": "2017-05-14 02:33:11",
        "Lines": "N66",
        "Lat": 52.2302,
        "Brigade": "199"
      },
      {
        "Lon": 21.004,
        "Time": "2017-05-14 02:33:21",
        "Lines": "N66",
        "Lat": 52.2301,
        "Brigade": "199"
      },
      {
        "Lon": 21.004,
        "Time": "2017-05-14 02:33:36",
        "Lines": "N66",
        "Lat": 52.2302,
        "Brigade": "199"
      },
      {
        "Lon": 21.004,
        "Time": "2017-05-14 02:33:46",
        "Lines": "N66",
        "Lat": 52.2302,
        "Brigade": "199"
      },
      {
        "Lon": 21.0039,
        "Time": "2017-05-14 02:33:56",
        "Lines": "N66",
        "Lat": 52.2302,
        "Brigade": "199"
      },
      {
        "Lon": 21.004,
        "Time": "2017-05-14 02:34:06",
        "Lines": "N66",
        "Lat": 52.2302,
        "Brigade": "199"
      },
      {
        "Lon": 21.0042,
        "Time": "2017-05-14 02:34:50",
        "Lines": "N66",
        "Lat": 52.2298,
        "Brigade": "199"
      },
      {
        "Lon": 21.0042,
        "Time": "2017-05-14 02:35:00",
        "Lines": "N66",
        "Lat": 52.2297,
        "Brigade": "199"
      },
      {
        "Lon": 21.0041,
        "Time": "2017-05-14 02:35:10",
        "Lines": "N66",
        "Lat": 52.2298,
        "Brigade": "199"
      },
      {
        "Lon": 21.0041,
        "Time": "2017-05-14 02:35:25",
        "Lines": "N66",
        "Lat": 52.2298,
        "Brigade": "199"
      },
      {
        "Lon": 21.0041,
        "Time": "2017-05-14 02:35:35",
        "Lines": "N66",
        "Lat": 52.2298,
        "Brigade": "199"
      },
      {
        "Lon": 21.0041,
        "Time": "2017-05-14 02:35:45",
        "Lines": "N66",
        "Lat": 52.2298,
        "Brigade": "199"
      },
      {
        "Lon": 21.0041,
        "Time": "2017-05-14 02:35:55",
        "Lines": "N66",
        "Lat": 52.2298,
        "Brigade": "199"
      },
      {
        "Lon": 21.0041,
        "Time": "2017-05-14 02:36:05",
        "Lines": "N66",
        "Lat": 52.2297,
        "Brigade": "199"
      },
      {
        "Lon": 21.0042,
        "Time": "2017-05-14 02:36:20",
        "Lines": "N66",
        "Lat": 52.2297,
        "Brigade": "199"
      },
      {
        "Lon": 21.0042,
        "Time": "2017-05-14 02:36:30",
        "Lines": "N66",
        "Lat": 52.2297,
        "Brigade": "199"
      },
      {
        "Lon": 21.0042,
        "Time": "2017-05-14 02:36:40",
        "Lines": "N66",
        "Lat": 52.2296,
        "Brigade": "199"
      },
      {
        "Lon": 21.0042,
        "Time": "2017-05-14 02:36:50",
        "Lines": "N66",
        "Lat": 52.2297,
        "Brigade": "199"
      },
      {
        "Lon": 21.0042,
        "Time": "2017-05-14 02:37:05",
        "Lines": "N66",
        "Lat": 52.2296,
        "Brigade": "199"
      },
      {
        "Lon": 21.0041,
        "Time": "2017-05-14 02:37:15",
        "Lines": "N66",
        "Lat": 52.2296,
        "Brigade": "199"
      },
      {
        "Lon": 21.0042,
        "Time": "2017-05-14 02:37:25",
        "Lines": "N66",
        "Lat": 52.2296,
        "Brigade": "199"
      },
      {
        "Lon": 21.0041,
        "Time": "2017-05-14 02:37:35",
        "Lines": "N66",
        "Lat": 52.2295,
        "Brigade": "199"
      },
      {
        "Lon": 21.0042,
        "Time": "2017-05-14 02:37:45",
        "Lines": "N66",
        "Lat": 52.2295,
        "Brigade": "199"
      },
      {
        "Lon": 21.0044,
        "Time": "2017-05-14 02:37:55",
        "Lines": "N66",
        "Lat": 52.2295,
        "Brigade": "199"
      },
      {
        "Lon": 21.0043,
        "Time": "2017-05-14 02:38:10",
        "Lines": "N66",
        "Lat": 52.2295,
        "Brigade": "199"
      },
      {
        "Lon": 21.0043,
        "Time": "2017-05-14 02:38:20",
        "Lines": "N66",
        "Lat": 52.2295,
        "Brigade": "199"
      },
      {
        "Lon": 21.0042,
        "Time": "2017-05-14 02:38:30",
        "Lines": "N66",
        "Lat": 52.2296,
        "Brigade": "199"
      },
      {
        "Lon": 21.0042,
        "Time": "2017-05-14 02:38:40",
        "Lines": "N66",
        "Lat": 52.2296,
        "Brigade": "199"
      },
      {
        "Lon": 21.0041,
        "Time": "2017-05-14 02:38:50",
        "Lines": "N66",
        "Lat": 52.2296,
        "Brigade": "199"
      },
      {
        "Lon": 21.0041,
        "Time": "2017-05-14 02:39:05",
        "Lines": "N66",
        "Lat": 52.2296,
        "Brigade": "199"
      },
      {
        "Lon": 21.004,
        "Time": "2017-05-14 02:39:15",
        "Lines": "N66",
        "Lat": 52.2296,
        "Brigade": "199"
      },
      {
        "Lon": 21.004,
        "Time": "2017-05-14 02:39:25",
        "Lines": "N66",
        "Lat": 52.2296,
        "Brigade": "199"
      },
      {
        "Lon": 21.004,
        "Time": "2017-05-14 02:39:35",
        "Lines": "N66",
        "Lat": 52.2296,
        "Brigade": "199"
      },
      {
        "Lon": 21.0041,
        "Time": "2017-05-14 02:39:50",
        "Lines": "N66",
        "Lat": 52.2296,
        "Brigade": "199"
      },
      {
        "Lon": 21.0041,
        "Time": "2017-05-14 02:39:55",
        "Lines": "N66",
        "Lat": 52.2296,
        "Brigade": "199"
      },
      {
        "Lon": 21.0041,
        "Time": "2017-05-14 02:40:10",
        "Lines": "N66",
        "Lat": 52.2297,
        "Brigade": "199"
      },
      {
        "Lon": 21.0041,
        "Time": "2017-05-14 02:40:21",
        "Lines": "N66",
        "Lat": 52.2297,
        "Brigade": "199"
      },
      {
        "Lon": 21.0041,
        "Time": "2017-05-14 02:40:30",
        "Lines": "N66",
        "Lat": 52.2298,
        "Brigade": "199"
      },
      {
        "Lon": 21.004,
        "Time": "2017-05-14 02:40:45",
        "Lines": "N66",
        "Lat": 52.2297,
        "Brigade": "199"
      },
      {
        "Lon": 21.004,
        "Time": "2017-05-14 02:40:55",
        "Lines": "N66",
        "Lat": 52.2297,
        "Brigade": "199"
      },
      {
        "Lon": 21.004,
        "Time": "2017-05-14 02:41:05",
        "Lines": "N66",
        "Lat": 52.2297,
        "Brigade": "199"
      },
      {
        "Lon": 21.0039,
        "Time": "2017-05-14 02:41:15",
        "Lines": "N66",
        "Lat": 52.2296,
        "Brigade": "199"
      },
      {
        "Lon": 21.0039,
        "Time": "2017-05-14 02:41:25",
        "Lines": "N66",
        "Lat": 52.2296,
        "Brigade": "199"
      },
      {
        "Lon": 21.004,
        "Time": "2017-05-14 02:41:40",
        "Lines": "N66",
        "Lat": 52.2297,
        "Brigade": "199"
      },
      {
        "Lon": 21.004,
        "Time": "2017-05-14 02:41:50",
        "Lines": "N66",
        "Lat": 52.2298,
        "Brigade": "199"
      },
      {
        "Lon": 21.004,
        "Time": "2017-05-14 02:42:00",
        "Lines": "N66",
        "Lat": 52.2297,
        "Brigade": "199"
      },
      {
        "Lon": 21.004,
        "Time": "2017-05-14 02:42:15",
        "Lines": "N66",
        "Lat": 52.2297,
        "Brigade": "199"
      },
      {
        "Lon": 21.004,
        "Time": "2017-05-14 02:42:25",
        "Lines": "N66",
        "Lat": 52.2297,
        "Brigade": "199"
      },
      {
        "Lon": 21.0041,
        "Time": "2017-05-14 02:42:35",
        "Lines": "N66",
        "Lat": 52.2297,
        "Brigade": "199"
      },
      {
        "Lon": 21.004,
        "Time": "2017-05-14 02:42:45",
        "Lines": "N66",
        "Lat": 52.2297,
        "Brigade": "199"
      },
      {
        "Lon": 21.004,
        "Time": "2017-05-14 02:42:55",
        "Lines": "N66",
        "Lat": 52.2297,
        "Brigade": "199"
      },
      {
        "Lon": 21.004,
        "Time": "2017-05-14 02:43:05",
        "Lines": "N66",
        "Lat": 52.2297,
        "Brigade": "199"
      },
      {
        "Lon": 21.004,
        "Time": "2017-05-14 02:43:15",
        "Lines": "N66",
        "Lat": 52.2298,
        "Brigade": "199"
      },
      {
        "Lon": 21.004,
        "Time": "2017-05-14 02:43:30",
        "Lines": "N66",
        "Lat": 52.2298,
        "Brigade": "199"
      },
      {
        "Lon": 21.004,
        "Time": "2017-05-14 02:43:40",
        "Lines": "N66",
        "Lat": 52.2298,
        "Brigade": "199"
      },
      {
        "Lon": 21.004,
        "Time": "2017-05-14 02:43:50",
        "Lines": "N66",
        "Lat": 52.2298,
        "Brigade": "199"
      },
      {
        "Lon": 21.004,
        "Time": "2017-05-14 02:44:05",
        "Lines": "N66",
        "Lat": 52.2297,
        "Brigade": "199"
      },
      {
        "Lon": 21.004,
        "Time": "2017-05-14 02:44:15",
        "Lines": "N66",
        "Lat": 52.2297,
        "Brigade": "199"
      },
      {
        "Lon": 21.004,
        "Time": "2017-05-14 02:44:25",
        "Lines": "N66",
        "Lat": 52.2297,
        "Brigade": "199"
      },
      {
        "Lon": 21.0041,
        "Time": "2017-05-14 02:44:35",
        "Lines": "N66",
        "Lat": 52.2297,
        "Brigade": "199"
      },
      {
        "Lon": 21.0041,
        "Time": "2017-05-14 02:44:45",
        "Lines": "N66",
        "Lat": 52.2297,
        "Brigade": "199"
      },
      {
        "Lon": 21.0041,
        "Time": "2017-05-14 02:44:55",
        "Lines": "N66",
        "Lat": 52.2297,
        "Brigade": "199"
      },
      {
        "Lon": 21.0041,
        "Time": "2017-05-14 02:45:10",
        "Lines": "N66",
        "Lat": 52.2298,
        "Brigade": "199"
      },
      {
        "Lon": 21.0049,
        "Time": "2017-05-14 02:45:20",
        "Lines": "N66",
        "Lat": 52.2298,
        "Brigade": "199"
      },
      {
        "Lon": 21.0048,
        "Time": "2017-05-14 02:45:30",
        "Lines": "N66",
        "Lat": 52.2303,
        "Brigade": "199"
      },
      {
        "Lon": 21.0041,
        "Time": "2017-05-14 02:45:40",
        "Lines": "N66",
        "Lat": 52.2314,
        "Brigade": "199"
      },
      {
        "Lon": 21.0032,
        "Time": "2017-05-14 02:45:54",
        "Lines": "N66",
        "Lat": 52.2331,
        "Brigade": "199"
      },
      {
        "Lon": 21.0031,
        "Time": "2017-05-14 02:46:00",
        "Lines": "N66",
        "Lat": 52.2332,
        "Brigade": "199"
      },
      {
        "Lon": 21.0027,
        "Time": "2017-05-14 02:46:15",
        "Lines": "N66",
        "Lat": 52.2337,
        "Brigade": "199"
      },
      {
        "Lon": 21.0026,
        "Time": "2017-05-14 02:46:25",
        "Lines": "N66",
        "Lat": 52.2338,
        "Brigade": "199"
      },
      {
        "Lon": 21.0029,
        "Time": "2017-05-14 02:46:35",
        "Lines": "N66",
        "Lat": 52.234,
        "Brigade": "199"
      },
      {
        "Lon": 21.0048,
        "Time": "2017-05-14 02:46:50",
        "Lines": "N66",
        "Lat": 52.2344,
        "Brigade": "199"
      },
      {
        "Lon": 21.0065,
        "Time": "2017-05-14 02:47:00",
        "Lines": "N66",
        "Lat": 52.2348,
        "Brigade": "199"
      },
      {
        "Lon": 21.0072,
        "Time": "2017-05-14 02:47:05",
        "Lines": "N66",
        "Lat": 52.2349,
        "Brigade": "199"
      },
      {
        "Lon": 21.0073,
        "Time": "2017-05-14 02:47:20",
        "Lines": "N66",
        "Lat": 52.2349,
        "Brigade": "199"
      },
      {
        "Lon": 21.0079,
        "Time": "2017-05-14 02:47:30",
        "Lines": "N66",
        "Lat": 52.2351,
        "Brigade": "199"
      },
      {
        "Lon": 21.0082,
        "Time": "2017-05-14 02:47:40",
        "Lines": "N66",
        "Lat": 52.2351,
        "Brigade": "199"
      },
      {
        "Lon": 21.0085,
        "Time": "2017-05-14 02:47:55",
        "Lines": "N66",
        "Lat": 52.2351,
        "Brigade": "199"
      },
      {
        "Lon": 21.0085,
        "Time": "2017-05-14 02:48:05",
        "Lines": "N66",
        "Lat": 52.2351,
        "Brigade": "199"
      },
      {
        "Lon": 21.0085,
        "Time": "2017-05-14 02:48:15",
        "Lines": "N66",
        "Lat": 52.2351,
        "Brigade": "199"
      },
      {
        "Lon": 21.0086,
        "Time": "2017-05-14 02:48:30",
        "Lines": "N66",
        "Lat": 52.2351,
        "Brigade": "199"
      },
      {
        "Lon": 21.0086,
        "Time": "2017-05-14 02:48:40",
        "Lines": "N66",
        "Lat": 52.2351,
        "Brigade": "199"
      },
      {
        "Lon": 21.0085,
        "Time": "2017-05-14 02:48:50",
        "Lines": "N66",
        "Lat": 52.2351,
        "Brigade": "199"
      },
      {
        "Lon": 21.0084,
        "Time": "2017-05-14 02:49:00",
        "Lines": "N66",
        "Lat": 52.2351,
        "Brigade": "199"
      },
      {
        "Lon": 21.0087,
        "Time": "2017-05-14 02:49:10",
        "Lines": "N66",
        "Lat": 52.2352,
        "Brigade": "199"
      },
      {
        "Lon": 21.0083,
        "Time": "2017-05-14 02:49:20",
        "Lines": "N66",
        "Lat": 52.2359,
        "Brigade": "199"
      },
      {
        "Lon": 21.0073,
        "Time": "2017-05-14 02:49:35",
        "Lines": "N66",
        "Lat": 52.2375,
        "Brigade": "199"
      },
      {
        "Lon": 21.0064,
        "Time": "2017-05-14 02:49:45",
        "Lines": "N66",
        "Lat": 52.2384,
        "Brigade": "199"
      },
      {
        "Lon": 21.0047,
        "Time": "2017-05-14 02:50:05",
        "Lines": "N66",
        "Lat": 52.2405,
        "Brigade": "199"
      },
      {
        "Lon": 21.0042,
        "Time": "2017-05-14 02:50:15",
        "Lines": "N66",
        "Lat": 52.2415,
        "Brigade": "199"
      },
      {
        "Lon": 21.0025,
        "Time": "2017-05-14 02:50:30",
        "Lines": "N66",
        "Lat": 52.2432,
        "Brigade": "199"
      },
      {
        "Lon": 21.0019,
        "Time": "2017-05-14 02:50:35",
        "Lines": "N66",
        "Lat": 52.2437,
        "Brigade": "199"
      },
      {
        "Lon": 21.0019,
        "Time": "2017-05-14 02:50:40",
        "Lines": "N66",
        "Lat": 52.2444,
        "Brigade": "199"
      },
      {
        "Lon": 21.0035,
        "Time": "2017-05-14 02:51:05",
        "Lines": "N66",
        "Lat": 52.2448,
        "Brigade": "199"
      },
      {
        "Lon": 21.0036,
        "Time": "2017-05-14 02:51:15",
        "Lines": "N66",
        "Lat": 52.2449,
        "Brigade": "199"
      },
      {
        "Lon": 21.0036,
        "Time": "2017-05-14 02:51:20",
        "Lines": "N66",
        "Lat": 52.2449,
        "Brigade": "199"
      },
      {
        "Lon": 21.0055,
        "Time": "2017-05-14 02:51:35",
        "Lines": "N66",
        "Lat": 52.2456,
        "Brigade": "199"
      },
      {
        "Lon": 21.0073,
        "Time": "2017-05-14 02:51:45",
        "Lines": "N66",
        "Lat": 52.246,
        "Brigade": "199"
      },
      {
        "Lon": 21.0109,
        "Time": "2017-05-14 02:52:00",
        "Lines": "N66",
        "Lat": 52.2464,
        "Brigade": "199"
      },
      {
        "Lon": 21.0151,
        "Time": "2017-05-14 02:52:10",
        "Lines": "N66",
        "Lat": 52.2468,
        "Brigade": "199"
      },
      {
        "Lon": 21.0155,
        "Time": "2017-05-14 02:52:32",
        "Lines": "N66",
        "Lat": 52.2468,
        "Brigade": "199"
      },
      {
        "Lon": 21.0156,
        "Time": "2017-05-14 02:52:40",
        "Lines": "N66",
        "Lat": 52.2468,
        "Brigade": "199"
      },
      {
        "Lon": 21.0177,
        "Time": "2017-05-14 02:52:55",
        "Lines": "N66",
        "Lat": 52.2474,
        "Brigade": "199"
      },
      {
        "Lon": 21.0195,
        "Time": "2017-05-14 02:53:05",
        "Lines": "N66",
        "Lat": 52.2482,
        "Brigade": "199"
      },
      {
        "Lon": 21.0214,
        "Time": "2017-05-14 02:53:15",
        "Lines": "N66",
        "Lat": 52.249,
        "Brigade": "199"
      },
      {
        "Lon": 21.0234,
        "Time": "2017-05-14 02:53:25",
        "Lines": "N66",
        "Lat": 52.2499,
        "Brigade": "199"
      },
      {
        "Lon": 21.0244,
        "Time": "2017-05-14 02:53:30",
        "Lines": "N66",
        "Lat": 52.2503,
        "Brigade": "199"
      },
      {
        "Lon": 21.0272,
        "Time": "2017-05-14 02:53:45",
        "Lines": "N66",
        "Lat": 52.2515,
        "Brigade": "199"
      },
      {
        "Lon": 21.03,
        "Time": "2017-05-14 02:54:00",
        "Lines": "N66",
        "Lat": 52.2527,
        "Brigade": "199"
      },
      {
        "Lon": 21.0317,
        "Time": "2017-05-14 02:54:10",
        "Lines": "N66",
        "Lat": 52.2534,
        "Brigade": "199"
      },
      {
        "Lon": 21.0335,
        "Time": "2017-05-14 02:54:20",
        "Lines": "N66",
        "Lat": 52.2541,
        "Brigade": "199"
      },
      {
        "Lon": 21.0343,
        "Time": "2017-05-14 02:54:29",
        "Lines": "N66",
        "Lat": 52.2544,
        "Brigade": "199"
      },
      {
        "Lon": 21.0346,
        "Time": "2017-05-14 02:54:39",
        "Lines": "N66",
        "Lat": 52.2545,
        "Brigade": "199"
      },
      {
        "Lon": 21.0356,
        "Time": "2017-05-14 02:55:06",
        "Lines": "N66",
        "Lat": 52.2537,
        "Brigade": "199"
      },
      {
        "Lon": 21.0358,
        "Time": "2017-05-14 02:55:14",
        "Lines": "N66",
        "Lat": 52.2537,
        "Brigade": "199"
      },
      {
        "Lon": 21.037,
        "Time": "2017-05-14 02:55:29",
        "Lines": "N66",
        "Lat": 52.2526,
        "Brigade": "199"
      },
      {
        "Lon": 21.0372,
        "Time": "2017-05-14 02:55:39",
        "Lines": "N66",
        "Lat": 52.2524,
        "Brigade": "199"
      },
      {
        "Lon": 21.0372,
        "Time": "2017-05-14 02:55:49",
        "Lines": "N66",
        "Lat": 52.2523,
        "Brigade": "199"
      },
      {
        "Lon": 21.0377,
        "Time": "2017-05-14 02:55:59",
        "Lines": "N66",
        "Lat": 52.2524,
        "Brigade": "199"
      },
      {
        "Lon": 21.0386,
        "Time": "2017-05-14 02:56:09",
        "Lines": "N66",
        "Lat": 52.2529,
        "Brigade": "199"
      },
      {
        "Lon": 21.0412,
        "Time": "2017-05-14 02:56:45",
        "Lines": "N66",
        "Lat": 52.2544,
        "Brigade": "199"
      },
      {
        "Lon": 21.0417,
        "Time": "2017-05-14 02:56:54",
        "Lines": "N66",
        "Lat": 52.2544,
        "Brigade": "199"
      },
      {
        "Lon": 21.0445,
        "Time": "2017-05-14 02:57:19",
        "Lines": "N66",
        "Lat": 52.2546,
        "Brigade": "199"
      },
      {
        "Lon": 21.048,
        "Time": "2017-05-14 02:57:39",
        "Lines": "N66",
        "Lat": 52.2551,
        "Brigade": "199"
      },
      {
        "Lon": 21.0508,
        "Time": "2017-05-14 02:58:04",
        "Lines": "N66",
        "Lat": 52.2571,
        "Brigade": "199"
      },
      {
        "Lon": 21.0526,
        "Time": "2017-05-14 02:58:24",
        "Lines": "N66",
        "Lat": 52.2591,
        "Brigade": "199"
      },
      {
        "Lon": 21.0522,
        "Time": "2017-05-14 02:58:34",
        "Lines": "N66",
        "Lat": 52.2591,
        "Brigade": "199"
      },
      {
        "Lon": 21.0528,
        "Time": "2017-05-14 02:58:44",
        "Lines": "N66",
        "Lat": 52.2594,
        "Brigade": "199"
      },
      {
        "Lon": 21.0533,
        "Time": "2017-05-14 02:58:54",
        "Lines": "N66",
        "Lat": 52.2601,
        "Brigade": "199"
      },
      {
        "Lon": 21.054,
        "Time": "2017-05-14 02:59:04",
        "Lines": "N66",
        "Lat": 52.2609,
        "Brigade": "199"
      },
      {
        "Lon": 21.0543,
        "Time": "2017-05-14 02:59:19",
        "Lines": "N66",
        "Lat": 52.2612,
        "Brigade": "199"
      },
      {
        "Lon": 21.0544,
        "Time": "2017-05-14 02:59:30",
        "Lines": "N66",
        "Lat": 52.2612,
        "Brigade": "199"
      },
      {
        "Lon": 21.0545,
        "Time": "2017-05-14 02:59:39",
        "Lines": "N66",
        "Lat": 52.2612,
        "Brigade": "199"
      },
      {
        "Lon": 21.0546,
        "Time": "2017-05-14 02:59:49",
        "Lines": "N66",
        "Lat": 52.2615,
        "Brigade": "199"
      },
      {
        "Lon": 21.0548,
        "Time": "2017-05-14 03:00:04",
        "Lines": "N66",
        "Lat": 52.2626,
        "Brigade": "199"
      },
      {
        "Lon": 21.0552,
        "Time": "2017-05-14 03:00:14",
        "Lines": "N66",
        "Lat": 52.2633,
        "Brigade": "199"
      },
      {
        "Lon": 21.0559,
        "Time": "2017-05-14 03:00:24",
        "Lines": "N66",
        "Lat": 52.2636,
        "Brigade": "199"
      },
      {
        "Lon": 21.0561,
        "Time": "2017-05-14 03:00:34",
        "Lines": "N66",
        "Lat": 52.2639,
        "Brigade": "199"
      },
      {
        "Lon": 21.057,
        "Time": "2017-05-14 03:00:49",
        "Lines": "N66",
        "Lat": 52.2647,
        "Brigade": "199"
      },
      {
        "Lon": 21.058,
        "Time": "2017-05-14 03:00:59",
        "Lines": "N66",
        "Lat": 52.2657,
        "Brigade": "199"
      },
      {
        "Lon": 21.0588,
        "Time": "2017-05-14 03:01:10",
        "Lines": "N66",
        "Lat": 52.2666,
        "Brigade": "199"
      },
      {
        "Lon": 21.0588,
        "Time": "2017-05-14 03:01:19",
        "Lines": "N66",
        "Lat": 52.2666,
        "Brigade": "199"
      },
      {
        "Lon": 21.059,
        "Time": "2017-05-14 03:01:29",
        "Lines": "N66",
        "Lat": 52.2668,
        "Brigade": "199"
      },
      {
        "Lon": 21.0599,
        "Time": "2017-05-14 03:01:44",
        "Lines": "N66",
        "Lat": 52.268,
        "Brigade": "199"
      },
      {
        "Lon": 21.0605,
        "Time": "2017-05-14 03:01:54",
        "Lines": "N66",
        "Lat": 52.2687,
        "Brigade": "199"
      },
      {
        "Lon": 21.0613,
        "Time": "2017-05-14 03:02:04",
        "Lines": "N66",
        "Lat": 52.2698,
        "Brigade": "199"
      },
      {
        "Lon": 21.0626,
        "Time": "2017-05-14 03:02:16",
        "Lines": "N66",
        "Lat": 52.2712,
        "Brigade": "199"
      },
      {
        "Lon": 21.0633,
        "Time": "2017-05-14 03:02:24",
        "Lines": "N66",
        "Lat": 52.2721,
        "Brigade": "199"
      },
      {
        "Lon": 21.0644,
        "Time": "2017-05-14 03:02:39",
        "Lines": "N66",
        "Lat": 52.2733,
        "Brigade": "199"
      },
      {
        "Lon": 21.0645,
        "Time": "2017-05-14 03:02:49",
        "Lines": "N66",
        "Lat": 52.2734,
        "Brigade": "199"
      },
      {
        "Lon": 21.0648,
        "Time": "2017-05-14 03:02:59",
        "Lines": "N66",
        "Lat": 52.2738,
        "Brigade": "199"
      },
      {
        "Lon": 21.0655,
        "Time": "2017-05-14 03:03:09",
        "Lines": "N66",
        "Lat": 52.2747,
        "Brigade": "199"
      },
      {
        "Lon": 21.0659,
        "Time": "2017-05-14 03:03:19",
        "Lines": "N66",
        "Lat": 52.2749,
        "Brigade": "199"
      },
      {
        "Lon": 21.0676,
        "Time": "2017-05-14 03:03:34",
        "Lines": "N66",
        "Lat": 52.2734,
        "Brigade": "199"
      },
      {
        "Lon": 21.0689,
        "Time": "2017-05-14 03:03:44",
        "Lines": "N66",
        "Lat": 52.2725,
        "Brigade": "199"
      },
      {
        "Lon": 21.0698,
        "Time": "2017-05-14 03:03:54",
        "Lines": "N66",
        "Lat": 52.2714,
        "Brigade": "199"
      },
      {
        "Lon": 21.0707,
        "Time": "2017-05-14 03:04:08",
        "Lines": "N66",
        "Lat": 52.2699,
        "Brigade": "199"
      },
      {
        "Lon": 21.0713,
        "Time": "2017-05-14 03:04:14",
        "Lines": "N66",
        "Lat": 52.2692,
        "Brigade": "199"
      },
      {
        "Lon": 21.0728,
        "Time": "2017-05-14 03:04:29",
        "Lines": "N66",
        "Lat": 52.268,
        "Brigade": "199"
      },
      {
        "Lon": 21.0731,
        "Time": "2017-05-14 03:04:39",
        "Lines": "N66",
        "Lat": 52.2677,
        "Brigade": "199"
      },
      {
        "Lon": 21.0736,
        "Time": "2017-05-14 03:04:49",
        "Lines": "N66",
        "Lat": 52.2679,
        "Brigade": "199"
      },
      {
        "Lon": 21.0742,
        "Time": "2017-05-14 03:04:59",
        "Lines": "N66",
        "Lat": 52.2682,
        "Brigade": "199"
      },
      {
        "Lon": 21.0742,
        "Time": "2017-05-14 03:05:09",
        "Lines": "N66",
        "Lat": 52.2682,
        "Brigade": "199"
      },
      {
        "Lon": 21.0787,
        "Time": "2017-05-14 03:05:44",
        "Lines": "N66",
        "Lat": 52.27,
        "Brigade": "199"
      },
      {
        "Lon": 21.0803,
        "Time": "2017-05-14 03:05:54",
        "Lines": "N66",
        "Lat": 52.2708,
        "Brigade": "199"
      },
      {
        "Lon": 21.083,
        "Time": "2017-05-14 03:06:09",
        "Lines": "N66",
        "Lat": 52.2719,
        "Brigade": "199"
      },
      {
        "Lon": 21.0846,
        "Time": "2017-05-14 03:06:19",
        "Lines": "N66",
        "Lat": 52.2726,
        "Brigade": "199"
      },
      {
        "Lon": 21.0856,
        "Time": "2017-05-14 03:06:29",
        "Lines": "N66",
        "Lat": 52.2731,
        "Brigade": "199"
      },
      {
        "Lon": 21.0848,
        "Time": "2017-05-14 03:06:41",
        "Lines": "N66",
        "Lat": 52.2738,
        "Brigade": "199"
      },
      {
        "Lon": 21.0839,
        "Time": "2017-05-14 03:06:51",
        "Lines": "N66",
        "Lat": 52.2746,
        "Brigade": "199"
      },
      {
        "Lon": 21.0826,
        "Time": "2017-05-14 03:07:05",
        "Lines": "N66",
        "Lat": 52.2757,
        "Brigade": "199"
      },
      {
        "Lon": 21.0825,
        "Time": "2017-05-14 03:07:14",
        "Lines": "N66",
        "Lat": 52.2758,
        "Brigade": "199"
      },
      {
        "Lon": 21.0823,
        "Time": "2017-05-14 03:07:24",
        "Lines": "N66",
        "Lat": 52.2759,
        "Brigade": "199"
      },
      {
        "Lon": 21.081,
        "Time": "2017-05-14 03:07:39",
        "Lines": "N66",
        "Lat": 52.2771,
        "Brigade": "199"
      },
      {
        "Lon": 21.0803,
        "Time": "2017-05-14 03:07:49",
        "Lines": "N66",
        "Lat": 52.2775,
        "Brigade": "199"
      },
      {
        "Lon": 21.0809,
        "Time": "2017-05-14 03:07:59",
        "Lines": "N66",
        "Lat": 52.2772,
        "Brigade": "199"
      },
      {
        "Lon": 21.0817,
        "Time": "2017-05-14 03:08:09",
        "Lines": "N66",
        "Lat": 52.2766,
        "Brigade": "199"
      },
      {
        "Lon": 21.0834,
        "Time": "2017-05-14 03:08:24",
        "Lines": "N66",
        "Lat": 52.2751,
        "Brigade": "199"
      },
      {
        "Lon": 21.0848,
        "Time": "2017-05-14 03:08:34",
        "Lines": "N66",
        "Lat": 52.274,
        "Brigade": "199"
      },
      {
        "Lon": 21.0857,
        "Time": "2017-05-14 03:08:44",
        "Lines": "N66",
        "Lat": 52.2732,
        "Brigade": "199"
      },
      {
        "Lon": 21.086,
        "Time": "2017-05-14 03:08:54",
        "Lines": "N66",
        "Lat": 52.2731,
        "Brigade": "199"
      },
      {
        "Lon": 21.0877,
        "Time": "2017-05-14 03:09:09",
        "Lines": "N66",
        "Lat": 52.2738,
        "Brigade": "199"
      },
      {
        "Lon": 21.0884,
        "Time": "2017-05-14 03:09:19",
        "Lines": "N66",
        "Lat": 52.2742,
        "Brigade": "199"
      },
      {
        "Lon": 21.088,
        "Time": "2017-05-14 03:09:29",
        "Lines": "N66",
        "Lat": 52.2745,
        "Brigade": "199"
      },
      {
        "Lon": 21.0878,
        "Time": "2017-05-14 03:09:39",
        "Lines": "N66",
        "Lat": 52.2752,
        "Brigade": "199"
      },
      {
        "Lon": 21.0882,
        "Time": "2017-05-14 03:09:49",
        "Lines": "N66",
        "Lat": 52.2761,
        "Brigade": "199"
      },
      {
        "Lon": 21.0889,
        "Time": "2017-05-14 03:09:59",
        "Lines": "N66",
        "Lat": 52.277,
        "Brigade": "199"
      },
      {
        "Lon": 21.0901,
        "Time": "2017-05-14 03:10:09",
        "Lines": "N66",
        "Lat": 52.2774,
        "Brigade": "199"
      },
      {
        "Lon": 21.0917,
        "Time": "2017-05-14 03:10:19",
        "Lines": "N66",
        "Lat": 52.2779,
        "Brigade": "199"
      },
      {
        "Lon": 21.0941,
        "Time": "2017-05-14 03:10:34",
        "Lines": "N66",
        "Lat": 52.2787,
        "Brigade": "199"
      },
      {
        "Lon": 21.0955,
        "Time": "2017-05-14 03:10:45",
        "Lines": "N66",
        "Lat": 52.2796,
        "Brigade": "199"
      },
      {
        "Lon": 21.096,
        "Time": "2017-05-14 03:10:54",
        "Lines": "N66",
        "Lat": 52.2803,
        "Brigade": "199"
      },
      {
        "Lon": 21.0963,
        "Time": "2017-05-14 03:11:04",
        "Lines": "N66",
        "Lat": 52.2813,
        "Brigade": "199"
      },
      {
        "Lon": 21.0965,
        "Time": "2017-05-14 03:11:19",
        "Lines": "N66",
        "Lat": 52.2828,
        "Brigade": "199"
      },
      {
        "Lon": 21.0979,
        "Time": "2017-05-14 03:11:39",
        "Lines": "N66",
        "Lat": 52.2842,
        "Brigade": "199"
      },
      {
        "Lon": 21.0996,
        "Time": "2017-05-14 03:11:53",
        "Lines": "N66",
        "Lat": 52.2849,
        "Brigade": "199"
      },
      {
        "Lon": 21.102,
        "Time": "2017-05-14 03:12:04",
        "Lines": "N66",
        "Lat": 52.2854,
        "Brigade": "199"
      },
      {
        "Lon": 21.1035,
        "Time": "2017-05-14 03:12:14",
        "Lines": "N66",
        "Lat": 52.2858,
        "Brigade": "199"
      },
      {
        "Lon": 21.1045,
        "Time": "2017-05-14 03:12:24",
        "Lines": "N66",
        "Lat": 52.2861,
        "Brigade": "199"
      },
      {
        "Lon": 21.1066,
        "Time": "2017-05-14 03:12:39",
        "Lines": "N66",
        "Lat": 52.2866,
        "Brigade": "199"
      },
      {
        "Lon": 21.1069,
        "Time": "2017-05-14 03:12:50",
        "Lines": "N66",
        "Lat": 52.2867,
        "Brigade": "199"
      },
      {
        "Lon": 21.107,
        "Time": "2017-05-14 03:13:00",
        "Lines": "N66",
        "Lat": 52.2867,
        "Brigade": "199"
      },
      {
        "Lon": 21.1074,
        "Time": "2017-05-14 03:13:09",
        "Lines": "N66",
        "Lat": 52.2868,
        "Brigade": "199"
      },
      {
        "Lon": 21.1077,
        "Time": "2017-05-14 03:13:19",
        "Lines": "N66",
        "Lat": 52.2869,
        "Brigade": "199"
      },
      {
        "Lon": 21.1078,
        "Time": "2017-05-14 03:13:34",
        "Lines": "N66",
        "Lat": 52.2869,
        "Brigade": "199"
      },
      {
        "Lon": 21.1078,
        "Time": "2017-05-14 03:13:44",
        "Lines": "N66",
        "Lat": 52.2869,
        "Brigade": "199"
      },
      {
        "Lon": 21.1078,
        "Time": "2017-05-14 03:13:54",
        "Lines": "N66",
        "Lat": 52.2869,
        "Brigade": "199"
      },
      {
        "Lon": 21.1078,
        "Time": "2017-05-14 03:14:04",
        "Lines": "N66",
        "Lat": 52.2869,
        "Brigade": "199"
      },
      {
        "Lon": 21.1078,
        "Time": "2017-05-14 03:14:14",
        "Lines": "N66",
        "Lat": 52.2869,
        "Brigade": "199"
      },
      {
        "Lon": 21.1081,
        "Time": "2017-05-14 03:14:25",
        "Lines": "N66",
        "Lat": 52.2868,
        "Brigade": "199"
      },
      {
        "Lon": 21.1093,
        "Time": "2017-05-14 03:14:40",
        "Lines": "N66",
        "Lat": 52.2855,
        "Brigade": "199"
      },
      {
        "Lon": 21.11,
        "Time": "2017-05-14 03:14:51",
        "Lines": "N66",
        "Lat": 52.2844,
        "Brigade": "199"
      },
      {
        "Lon": 21.1101,
        "Time": "2017-05-14 03:15:02",
        "Lines": "N66",
        "Lat": 52.2841,
        "Brigade": "199"
      },
      {
        "Lon": 21.1101,
        "Time": "2017-05-14 03:15:10",
        "Lines": "N66",
        "Lat": 52.284,
        "Brigade": "199"
      },
      {
        "Lon": 21.1109,
        "Time": "2017-05-14 03:15:25",
        "Lines": "N66",
        "Lat": 52.2828,
        "Brigade": "199"
      },
      {
        "Lon": 21.112,
        "Time": "2017-05-14 03:15:37",
        "Lines": "N66",
        "Lat": 52.2815,
        "Brigade": "199"
      },
      {
        "Lon": 21.1126,
        "Time": "2017-05-14 03:15:45",
        "Lines": "N66",
        "Lat": 52.2808,
        "Brigade": "199"
      },
      {
        "Lon": 21.1139,
        "Time": "2017-05-14 03:16:00",
        "Lines": "N66",
        "Lat": 52.2793,
        "Brigade": "199"
      },
      {
        "Lon": 21.1147,
        "Time": "2017-05-14 03:16:10",
        "Lines": "N66",
        "Lat": 52.2783,
        "Brigade": "199"
      },
      {
        "Lon": 21.115,
        "Time": "2017-05-14 03:16:20",
        "Lines": "N66",
        "Lat": 52.2779,
        "Brigade": "199"
      },
      {
        "Lon": 21.1155,
        "Time": "2017-05-14 03:16:30",
        "Lines": "N66",
        "Lat": 52.2781,
        "Brigade": "199"
      },
      {
        "Lon": 21.1167,
        "Time": "2017-05-14 03:16:40",
        "Lines": "N66",
        "Lat": 52.2783,
        "Brigade": "199"
      },
      {
        "Lon": 21.1179,
        "Time": "2017-05-14 03:16:55",
        "Lines": "N66",
        "Lat": 52.2784,
        "Brigade": "199"
      },
      {
        "Lon": 21.1181,
        "Time": "2017-05-14 03:17:05",
        "Lines": "N66",
        "Lat": 52.2784,
        "Brigade": "199"
      },
      {
        "Lon": 21.1195,
        "Time": "2017-05-14 03:17:15",
        "Lines": "N66",
        "Lat": 52.2786,
        "Brigade": "199"
      },
      {
        "Lon": 21.1223,
        "Time": "2017-05-14 03:17:30",
        "Lines": "N66",
        "Lat": 52.2789,
        "Brigade": "199"
      },
      {
        "Lon": 21.1243,
        "Time": "2017-05-14 03:17:40",
        "Lines": "N66",
        "Lat": 52.2791,
        "Brigade": "199"
      },
      {
        "Lon": 21.1263,
        "Time": "2017-05-14 03:17:50",
        "Lines": "N66",
        "Lat": 52.2794,
        "Brigade": "199"
      },
      {
        "Lon": 21.1283,
        "Time": "2017-05-14 03:18:05",
        "Lines": "N66",
        "Lat": 52.2796,
        "Brigade": "199"
      },
      {
        "Lon": 21.1295,
        "Time": "2017-05-14 03:18:15",
        "Lines": "N66",
        "Lat": 52.2797,
        "Brigade": "199"
      },
      {
        "Lon": 21.1306,
        "Time": "2017-05-14 03:18:25",
        "Lines": "N66",
        "Lat": 52.2798,
        "Brigade": "199"
      },
      {
        "Lon": 21.1312,
        "Time": "2017-05-14 03:18:35",
        "Lines": "N66",
        "Lat": 52.2799,
        "Brigade": "199"
      },
      {
        "Lon": 21.1313,
        "Time": "2017-05-14 03:18:45",
        "Lines": "N66",
        "Lat": 52.2801,
        "Brigade": "199"
      },
      {
        "Lon": 21.1313,
        "Time": "2017-05-14 03:18:59",
        "Lines": "N66",
        "Lat": 52.2804,
        "Brigade": "199"
      }
    ]
  }
]
