[
  {
    "res": [
      {
        "Lon": 21.0044,
        "Time": "2017-05-14 00:41:50",
        "Lines": "N83",
        "Lat": 52.23,
        "Brigade": "172"
      },
      {
        "Lon": 21.0044,
        "Time": "2017-05-14 00:42:00",
        "Lines": "N83",
        "Lat": 52.23,
        "Brigade": "172"
      },
      {
        "Lon": 21.0044,
        "Time": "2017-05-14 00:42:15",
        "Lines": "N83",
        "Lat": 52.23,
        "Brigade": "172"
      },
      {
        "Lon": 21.0044,
        "Time": "2017-05-14 00:42:25",
        "Lines": "N83",
        "Lat": 52.2299,
        "Brigade": "172"
      },
      {
        "Lon": 21.0044,
        "Time": "2017-05-14 00:42:35",
        "Lines": "N83",
        "Lat": 52.2299,
        "Brigade": "172"
      },
      {
        "Lon": 21.0044,
        "Time": "2017-05-14 00:42:45",
        "Lines": "N83",
        "Lat": 52.2299,
        "Brigade": "172"
      },
      {
        "Lon": 21.0044,
        "Time": "2017-05-14 00:42:55",
        "Lines": "N83",
        "Lat": 52.2299,
        "Brigade": "172"
      },
      {
        "Lon": 21.0044,
        "Time": "2017-05-14 00:43:10",
        "Lines": "N83",
        "Lat": 52.2299,
        "Brigade": "172"
      },
      {
        "Lon": 21.0044,
        "Time": "2017-05-14 00:43:20",
        "Lines": "N83",
        "Lat": 52.2299,
        "Brigade": "172"
      },
      {
        "Lon": 21.0044,
        "Time": "2017-05-14 00:43:30",
        "Lines": "N83",
        "Lat": 52.23,
        "Brigade": "172"
      },
      {
        "Lon": 21.0044,
        "Time": "2017-05-14 00:43:40",
        "Lines": "N83",
        "Lat": 52.23,
        "Brigade": "172"
      },
      {
        "Lon": 21.0044,
        "Time": "2017-05-14 00:43:50",
        "Lines": "N83",
        "Lat": 52.23,
        "Brigade": "172"
      },
      {
        "Lon": 21.0044,
        "Time": "2017-05-14 00:44:05",
        "Lines": "N83",
        "Lat": 52.23,
        "Brigade": "172"
      },
      {
        "Lon": 21.0044,
        "Time": "2017-05-14 00:44:15",
        "Lines": "N83",
        "Lat": 52.23,
        "Brigade": "172"
      },
      {
        "Lon": 21.0044,
        "Time": "2017-05-14 00:44:25",
        "Lines": "N83",
        "Lat": 52.23,
        "Brigade": "172"
      },
      {
        "Lon": 21.0045,
        "Time": "2017-05-14 00:44:35",
        "Lines": "N83",
        "Lat": 52.23,
        "Brigade": "172"
      },
      {
        "Lon": 21.0045,
        "Time": "2017-05-14 00:44:50",
        "Lines": "N83",
        "Lat": 52.23,
        "Brigade": "172"
      },
      {
        "Lon": 21.0045,
        "Time": "2017-05-14 00:45:00",
        "Lines": "N83",
        "Lat": 52.23,
        "Brigade": "172"
      },
      {
        "Lon": 21.0045,
        "Time": "2017-05-14 00:45:10",
        "Lines": "N83",
        "Lat": 52.23,
        "Brigade": "172"
      },
      {
        "Lon": 21.0045,
        "Time": "2017-05-14 00:45:20",
        "Lines": "N83",
        "Lat": 52.23,
        "Brigade": "172"
      },
      {
        "Lon": 21.0045,
        "Time": "2017-05-14 00:45:30",
        "Lines": "N83",
        "Lat": 52.23,
        "Brigade": "172"
      },
      {
        "Lon": 21.0045,
        "Time": "2017-05-14 00:45:40",
        "Lines": "N83",
        "Lat": 52.2299,
        "Brigade": "172"
      },
      {
        "Lon": 21.0045,
        "Time": "2017-05-14 00:45:55",
        "Lines": "N83",
        "Lat": 52.23,
        "Brigade": "172"
      },
      {
        "Lon": 21.0045,
        "Time": "2017-05-14 00:46:05",
        "Lines": "N83",
        "Lat": 52.2299,
        "Brigade": "172"
      },
      {
        "Lon": 21.0045,
        "Time": "2017-05-14 00:46:15",
        "Lines": "N83",
        "Lat": 52.2299,
        "Brigade": "172"
      },
      {
        "Lon": 21.005,
        "Time": "2017-05-14 00:46:25",
        "Lines": "N83",
        "Lat": 52.2293,
        "Brigade": "172"
      },
      {
        "Lon": 21.0052,
        "Time": "2017-05-14 00:46:40",
        "Lines": "N83",
        "Lat": 52.2289,
        "Brigade": "172"
      },
      {
        "Lon": 21.0052,
        "Time": "2017-05-14 00:46:50",
        "Lines": "N83",
        "Lat": 52.2289,
        "Brigade": "172"
      },
      {
        "Lon": 21.0052,
        "Time": "2017-05-14 00:47:00",
        "Lines": "N83",
        "Lat": 52.2289,
        "Brigade": "172"
      },
      {
        "Lon": 21.0059,
        "Time": "2017-05-14 00:47:05",
        "Lines": "N83",
        "Lat": 52.2285,
        "Brigade": "172"
      },
      {
        "Lon": 21.0073,
        "Time": "2017-05-14 00:47:20",
        "Lines": "N83",
        "Lat": 52.2289,
        "Brigade": "172"
      },
      {
        "Lon": 21.0091,
        "Time": "2017-05-14 00:47:30",
        "Lines": "N83",
        "Lat": 52.2292,
        "Brigade": "172"
      },
      {
        "Lon": 21.0111,
        "Time": "2017-05-14 00:47:45",
        "Lines": "N83",
        "Lat": 52.2295,
        "Brigade": "172"
      },
      {
        "Lon": 21.0122,
        "Time": "2017-05-14 00:47:55",
        "Lines": "N83",
        "Lat": 52.2296,
        "Brigade": "172"
      },
      {
        "Lon": 21.013,
        "Time": "2017-05-14 00:48:05",
        "Lines": "N83",
        "Lat": 52.23,
        "Brigade": "172"
      },
      {
        "Lon": 21.0131,
        "Time": "2017-05-14 00:48:15",
        "Lines": "N83",
        "Lat": 52.23,
        "Brigade": "172"
      },
      {
        "Lon": 21.0133,
        "Time": "2017-05-14 00:48:25",
        "Lines": "N83",
        "Lat": 52.2301,
        "Brigade": "172"
      },
      {
        "Lon": 21.0146,
        "Time": "2017-05-14 00:48:35",
        "Lines": "N83",
        "Lat": 52.2305,
        "Brigade": "172"
      },
      {
        "Lon": 21.0157,
        "Time": "2017-05-14 00:48:50",
        "Lines": "N83",
        "Lat": 52.2308,
        "Brigade": "172"
      },
      {
        "Lon": 21.0159,
        "Time": "2017-05-14 00:49:00",
        "Lines": "N83",
        "Lat": 52.2308,
        "Brigade": "172"
      },
      {
        "Lon": 21.0167,
        "Time": "2017-05-14 00:49:10",
        "Lines": "N83",
        "Lat": 52.2311,
        "Brigade": "172"
      },
      {
        "Lon": 21.0178,
        "Time": "2017-05-14 00:49:20",
        "Lines": "N83",
        "Lat": 52.2313,
        "Brigade": "172"
      },
      {
        "Lon": 21.0179,
        "Time": "2017-05-14 00:49:35",
        "Lines": "N83",
        "Lat": 52.2313,
        "Brigade": "172"
      },
      {
        "Lon": 21.0184,
        "Time": "2017-05-14 00:49:45",
        "Lines": "N83",
        "Lat": 52.2314,
        "Brigade": "172"
      },
      {
        "Lon": 21.0188,
        "Time": "2017-05-14 00:49:55",
        "Lines": "N83",
        "Lat": 52.2312,
        "Brigade": "172"
      },
      {
        "Lon": 21.0193,
        "Time": "2017-05-14 00:50:05",
        "Lines": "N83",
        "Lat": 52.2308,
        "Brigade": "172"
      },
      {
        "Lon": 21.0202,
        "Time": "2017-05-14 00:50:15",
        "Lines": "N83",
        "Lat": 52.2302,
        "Brigade": "172"
      },
      {
        "Lon": 21.0217,
        "Time": "2017-05-14 00:50:30",
        "Lines": "N83",
        "Lat": 52.2293,
        "Brigade": "172"
      },
      {
        "Lon": 21.0224,
        "Time": "2017-05-14 00:50:40",
        "Lines": "N83",
        "Lat": 52.2287,
        "Brigade": "172"
      },
      {
        "Lon": 21.0229,
        "Time": "2017-05-14 00:50:50",
        "Lines": "N83",
        "Lat": 52.2289,
        "Brigade": "172"
      },
      {
        "Lon": 21.0229,
        "Time": "2017-05-14 00:51:00",
        "Lines": "N83",
        "Lat": 52.2293,
        "Brigade": "172"
      },
      {
        "Lon": 21.0228,
        "Time": "2017-05-14 00:51:10",
        "Lines": "N83",
        "Lat": 52.2293,
        "Brigade": "172"
      },
      {
        "Lon": 21.0226,
        "Time": "2017-05-14 00:51:25",
        "Lines": "N83",
        "Lat": 52.2297,
        "Brigade": "172"
      },
      {
        "Lon": 21.0226,
        "Time": "2017-05-14 00:51:35",
        "Lines": "N83",
        "Lat": 52.2298,
        "Brigade": "172"
      },
      {
        "Lon": 21.0239,
        "Time": "2017-05-14 00:51:45",
        "Lines": "N83",
        "Lat": 52.23,
        "Brigade": "172"
      },
      {
        "Lon": 21.026,
        "Time": "2017-05-14 00:51:55",
        "Lines": "N83",
        "Lat": 52.23,
        "Brigade": "172"
      },
      {
        "Lon": 21.0273,
        "Time": "2017-05-14 00:52:00",
        "Lines": "N83",
        "Lat": 52.23,
        "Brigade": "172"
      },
      {
        "Lon": 21.0305,
        "Time": "2017-05-14 00:52:20",
        "Lines": "N83",
        "Lat": 52.2302,
        "Brigade": "172"
      },
      {
        "Lon": 21.0313,
        "Time": "2017-05-14 00:52:32",
        "Lines": "N83",
        "Lat": 52.2294,
        "Brigade": "172"
      },
      {
        "Lon": 21.0314,
        "Time": "2017-05-14 00:52:42",
        "Lines": "N83",
        "Lat": 52.2294,
        "Brigade": "172"
      },
      {
        "Lon": 21.0316,
        "Time": "2017-05-14 00:52:52",
        "Lines": "N83",
        "Lat": 52.2292,
        "Brigade": "172"
      },
      {
        "Lon": 21.0322,
        "Time": "2017-05-14 00:53:05",
        "Lines": "N83",
        "Lat": 52.2286,
        "Brigade": "172"
      },
      {
        "Lon": 21.0325,
        "Time": "2017-05-14 00:53:15",
        "Lines": "N83",
        "Lat": 52.2283,
        "Brigade": "172"
      },
      {
        "Lon": 21.0327,
        "Time": "2017-05-14 00:53:25",
        "Lines": "N83",
        "Lat": 52.2282,
        "Brigade": "172"
      },
      {
        "Lon": 21.0333,
        "Time": "2017-05-14 00:53:35",
        "Lines": "N83",
        "Lat": 52.2276,
        "Brigade": "172"
      },
      {
        "Lon": 21.0338,
        "Time": "2017-05-14 00:53:50",
        "Lines": "N83",
        "Lat": 52.2268,
        "Brigade": "172"
      },
      {
        "Lon": 21.0339,
        "Time": "2017-05-14 00:54:00",
        "Lines": "N83",
        "Lat": 52.2267,
        "Brigade": "172"
      },
      {
        "Lon": 21.0339,
        "Time": "2017-05-14 00:54:10",
        "Lines": "N83",
        "Lat": 52.2265,
        "Brigade": "172"
      },
      {
        "Lon": 21.0344,
        "Time": "2017-05-14 00:54:20",
        "Lines": "N83",
        "Lat": 52.2258,
        "Brigade": "172"
      },
      {
        "Lon": 21.0348,
        "Time": "2017-05-14 00:54:30",
        "Lines": "N83",
        "Lat": 52.2246,
        "Brigade": "172"
      },
      {
        "Lon": 21.0351,
        "Time": "2017-05-14 00:54:40",
        "Lines": "N83",
        "Lat": 52.2234,
        "Brigade": "172"
      },
      {
        "Lon": 21.0355,
        "Time": "2017-05-14 00:54:55",
        "Lines": "N83",
        "Lat": 52.2225,
        "Brigade": "172"
      },
      {
        "Lon": 21.0356,
        "Time": "2017-05-14 00:55:05",
        "Lines": "N83",
        "Lat": 52.2223,
        "Brigade": "172"
      },
      {
        "Lon": 21.0357,
        "Time": "2017-05-14 00:55:15",
        "Lines": "N83",
        "Lat": 52.2219,
        "Brigade": "172"
      },
      {
        "Lon": 21.0359,
        "Time": "2017-05-14 00:55:25",
        "Lines": "N83",
        "Lat": 52.2219,
        "Brigade": "172"
      },
      {
        "Lon": 21.0368,
        "Time": "2017-05-14 00:55:39",
        "Lines": "N83",
        "Lat": 52.2218,
        "Brigade": "172"
      },
      {
        "Lon": 21.0369,
        "Time": "2017-05-14 00:55:50",
        "Lines": "N83",
        "Lat": 52.2218,
        "Brigade": "172"
      },
      {
        "Lon": 21.0375,
        "Time": "2017-05-14 00:56:00",
        "Lines": "N83",
        "Lat": 52.2218,
        "Brigade": "172"
      },
      {
        "Lon": 21.039,
        "Time": "2017-05-14 00:56:10",
        "Lines": "N83",
        "Lat": 52.2217,
        "Brigade": "172"
      },
      {
        "Lon": 21.0411,
        "Time": "2017-05-14 00:56:20",
        "Lines": "N83",
        "Lat": 52.2216,
        "Brigade": "172"
      },
      {
        "Lon": 21.0434,
        "Time": "2017-05-14 00:56:30",
        "Lines": "N83",
        "Lat": 52.2214,
        "Brigade": "172"
      },
      {
        "Lon": 21.0447,
        "Time": "2017-05-14 00:56:45",
        "Lines": "N83",
        "Lat": 52.2211,
        "Brigade": "172"
      },
      {
        "Lon": 21.0448,
        "Time": "2017-05-14 00:56:55",
        "Lines": "N83",
        "Lat": 52.2207,
        "Brigade": "172"
      },
      {
        "Lon": 21.0448,
        "Time": "2017-05-14 00:57:05",
        "Lines": "N83",
        "Lat": 52.2207,
        "Brigade": "172"
      },
      {
        "Lon": 21.045,
        "Time": "2017-05-14 00:57:15",
        "Lines": "N83",
        "Lat": 52.2205,
        "Brigade": "172"
      },
      {
        "Lon": 21.0452,
        "Time": "2017-05-14 00:57:25",
        "Lines": "N83",
        "Lat": 52.2197,
        "Brigade": "172"
      },
      {
        "Lon": 21.0455,
        "Time": "2017-05-14 00:57:40",
        "Lines": "N83",
        "Lat": 52.2188,
        "Brigade": "172"
      },
      {
        "Lon": 21.0456,
        "Time": "2017-05-14 00:57:50",
        "Lines": "N83",
        "Lat": 52.2187,
        "Brigade": "172"
      },
      {
        "Lon": 21.0456,
        "Time": "2017-05-14 00:58:00",
        "Lines": "N83",
        "Lat": 52.218,
        "Brigade": "172"
      },
      {
        "Lon": 21.0458,
        "Time": "2017-05-14 00:58:10",
        "Lines": "N83",
        "Lat": 52.2168,
        "Brigade": "172"
      },
      {
        "Lon": 21.0459,
        "Time": "2017-05-14 00:58:24",
        "Lines": "N83",
        "Lat": 52.2153,
        "Brigade": "172"
      },
      {
        "Lon": 21.0459,
        "Time": "2017-05-14 00:58:35",
        "Lines": "N83",
        "Lat": 52.2153,
        "Brigade": "172"
      },
      {
        "Lon": 21.0461,
        "Time": "2017-05-14 00:58:45",
        "Lines": "N83",
        "Lat": 52.2148,
        "Brigade": "172"
      },
      {
        "Lon": 21.0465,
        "Time": "2017-05-14 00:58:55",
        "Lines": "N83",
        "Lat": 52.2139,
        "Brigade": "172"
      },
      {
        "Lon": 21.0469,
        "Time": "2017-05-14 00:59:05",
        "Lines": "N83",
        "Lat": 52.2126,
        "Brigade": "172"
      },
      {
        "Lon": 21.047,
        "Time": "2017-05-14 00:59:15",
        "Lines": "N83",
        "Lat": 52.2121,
        "Brigade": "172"
      },
      {
        "Lon": 21.0471,
        "Time": "2017-05-14 00:59:30",
        "Lines": "N83",
        "Lat": 52.2121,
        "Brigade": "172"
      },
      {
        "Lon": 21.0472,
        "Time": "2017-05-14 00:59:40",
        "Lines": "N83",
        "Lat": 52.2116,
        "Brigade": "172"
      },
      {
        "Lon": 21.0476,
        "Time": "2017-05-14 00:59:50",
        "Lines": "N83",
        "Lat": 52.2104,
        "Brigade": "172"
      },
      {
        "Lon": 21.0479,
        "Time": "2017-05-14 01:00:00",
        "Lines": "N83",
        "Lat": 52.2093,
        "Brigade": "172"
      },
      {
        "Lon": 21.0482,
        "Time": "2017-05-14 01:00:15",
        "Lines": "N83",
        "Lat": 52.2077,
        "Brigade": "172"
      },
      {
        "Lon": 21.0482,
        "Time": "2017-05-14 01:00:25",
        "Lines": "N83",
        "Lat": 52.2076,
        "Brigade": "172"
      },
      {
        "Lon": 21.0482,
        "Time": "2017-05-14 01:00:35",
        "Lines": "N83",
        "Lat": 52.2075,
        "Brigade": "172"
      },
      {
        "Lon": 21.0482,
        "Time": "2017-05-14 01:00:45",
        "Lines": "N83",
        "Lat": 52.2075,
        "Brigade": "172"
      },
      {
        "Lon": 21.0482,
        "Time": "2017-05-14 01:00:55",
        "Lines": "N83",
        "Lat": 52.2075,
        "Brigade": "172"
      },
      {
        "Lon": 21.0483,
        "Time": "2017-05-14 01:01:05",
        "Lines": "N83",
        "Lat": 52.2071,
        "Brigade": "172"
      },
      {
        "Lon": 21.0486,
        "Time": "2017-05-14 01:01:19",
        "Lines": "N83",
        "Lat": 52.2059,
        "Brigade": "172"
      },
      {
        "Lon": 21.0486,
        "Time": "2017-05-14 01:01:30",
        "Lines": "N83",
        "Lat": 52.2059,
        "Brigade": "172"
      },
      {
        "Lon": 21.0486,
        "Time": "2017-05-14 01:01:40",
        "Lines": "N83",
        "Lat": 52.2058,
        "Brigade": "172"
      },
      {
        "Lon": 21.0488,
        "Time": "2017-05-14 01:01:50",
        "Lines": "N83",
        "Lat": 52.2051,
        "Brigade": "172"
      },
      {
        "Lon": 21.0493,
        "Time": "2017-05-14 01:02:05",
        "Lines": "N83",
        "Lat": 52.2033,
        "Brigade": "172"
      },
      {
        "Lon": 21.0497,
        "Time": "2017-05-14 01:02:15",
        "Lines": "N83",
        "Lat": 52.202,
        "Brigade": "172"
      },
      {
        "Lon": 21.0498,
        "Time": "2017-05-14 01:02:25",
        "Lines": "N83",
        "Lat": 52.2014,
        "Brigade": "172"
      },
      {
        "Lon": 21.0498,
        "Time": "2017-05-14 01:02:35",
        "Lines": "N83",
        "Lat": 52.2014,
        "Brigade": "172"
      },
      {
        "Lon": 21.05,
        "Time": "2017-05-14 01:02:45",
        "Lines": "N83",
        "Lat": 52.201,
        "Brigade": "172"
      },
      {
        "Lon": 21.0503,
        "Time": "2017-05-14 01:02:55",
        "Lines": "N83",
        "Lat": 52.2,
        "Brigade": "172"
      },
      {
        "Lon": 21.0509,
        "Time": "2017-05-14 01:03:10",
        "Lines": "N83",
        "Lat": 52.1982,
        "Brigade": "172"
      },
      {
        "Lon": 21.051,
        "Time": "2017-05-14 01:03:20",
        "Lines": "N83",
        "Lat": 52.1979,
        "Brigade": "172"
      },
      {
        "Lon": 21.0511,
        "Time": "2017-05-14 01:03:30",
        "Lines": "N83",
        "Lat": 52.1979,
        "Brigade": "172"
      },
      {
        "Lon": 21.0513,
        "Time": "2017-05-14 01:03:40",
        "Lines": "N83",
        "Lat": 52.1976,
        "Brigade": "172"
      },
      {
        "Lon": 21.0526,
        "Time": "2017-05-14 01:03:55",
        "Lines": "N83",
        "Lat": 52.1962,
        "Brigade": "172"
      },
      {
        "Lon": 21.0539,
        "Time": "2017-05-14 01:04:05",
        "Lines": "N83",
        "Lat": 52.195,
        "Brigade": "172"
      },
      {
        "Lon": 21.0554,
        "Time": "2017-05-14 01:04:15",
        "Lines": "N83",
        "Lat": 52.1938,
        "Brigade": "172"
      },
      {
        "Lon": 21.057,
        "Time": "2017-05-14 01:04:28",
        "Lines": "N83",
        "Lat": 52.1924,
        "Brigade": "172"
      },
      {
        "Lon": 21.0571,
        "Time": "2017-05-14 01:04:32",
        "Lines": "N83",
        "Lat": 52.1923,
        "Brigade": "172"
      },
      {
        "Lon": 21.0576,
        "Time": "2017-05-14 01:04:50",
        "Lines": "N83",
        "Lat": 52.192,
        "Brigade": "172"
      },
      {
        "Lon": 21.0587,
        "Time": "2017-05-14 01:05:00",
        "Lines": "N83",
        "Lat": 52.1911,
        "Brigade": "172"
      },
      {
        "Lon": 21.0599,
        "Time": "2017-05-14 01:05:10",
        "Lines": "N83",
        "Lat": 52.1902,
        "Brigade": "172"
      },
      {
        "Lon": 21.0606,
        "Time": "2017-05-14 01:05:21",
        "Lines": "N83",
        "Lat": 52.1896,
        "Brigade": "172"
      },
      {
        "Lon": 21.0606,
        "Time": "2017-05-14 01:05:30",
        "Lines": "N83",
        "Lat": 52.1895,
        "Brigade": "172"
      },
      {
        "Lon": 21.0611,
        "Time": "2017-05-14 01:05:40",
        "Lines": "N83",
        "Lat": 52.1892,
        "Brigade": "172"
      },
      {
        "Lon": 21.0621,
        "Time": "2017-05-14 01:05:50",
        "Lines": "N83",
        "Lat": 52.1883,
        "Brigade": "172"
      },
      {
        "Lon": 21.0635,
        "Time": "2017-05-14 01:06:05",
        "Lines": "N83",
        "Lat": 52.187,
        "Brigade": "172"
      },
      {
        "Lon": 21.0632,
        "Time": "2017-05-14 01:06:15",
        "Lines": "N83",
        "Lat": 52.1864,
        "Brigade": "172"
      },
      {
        "Lon": 21.0626,
        "Time": "2017-05-14 01:06:30",
        "Lines": "N83",
        "Lat": 52.1861,
        "Brigade": "172"
      },
      {
        "Lon": 21.0621,
        "Time": "2017-05-14 01:06:42",
        "Lines": "N83",
        "Lat": 52.1858,
        "Brigade": "172"
      },
      {
        "Lon": 21.0614,
        "Time": "2017-05-14 01:06:50",
        "Lines": "N83",
        "Lat": 52.1853,
        "Brigade": "172"
      },
      {
        "Lon": 21.0603,
        "Time": "2017-05-14 01:07:01",
        "Lines": "N83",
        "Lat": 52.1846,
        "Brigade": "172"
      },
      {
        "Lon": 21.0602,
        "Time": "2017-05-14 01:07:15",
        "Lines": "N83",
        "Lat": 52.1846,
        "Brigade": "172"
      },
      {
        "Lon": 21.0602,
        "Time": "2017-05-14 01:07:25",
        "Lines": "N83",
        "Lat": 52.1846,
        "Brigade": "172"
      },
      {
        "Lon": 21.0597,
        "Time": "2017-05-14 01:07:35",
        "Lines": "N83",
        "Lat": 52.1842,
        "Brigade": "172"
      },
      {
        "Lon": 21.0586,
        "Time": "2017-05-14 01:07:45",
        "Lines": "N83",
        "Lat": 52.1835,
        "Brigade": "172"
      },
      {
        "Lon": 21.0572,
        "Time": "2017-05-14 01:07:55",
        "Lines": "N83",
        "Lat": 52.1826,
        "Brigade": "172"
      },
      {
        "Lon": 21.0562,
        "Time": "2017-05-14 01:08:10",
        "Lines": "N83",
        "Lat": 52.1821,
        "Brigade": "172"
      },
      {
        "Lon": 21.0561,
        "Time": "2017-05-14 01:08:20",
        "Lines": "N83",
        "Lat": 52.182,
        "Brigade": "172"
      },
      {
        "Lon": 21.0561,
        "Time": "2017-05-14 01:08:30",
        "Lines": "N83",
        "Lat": 52.182,
        "Brigade": "172"
      },
      {
        "Lon": 21.0557,
        "Time": "2017-05-14 01:08:40",
        "Lines": "N83",
        "Lat": 52.1818,
        "Brigade": "172"
      },
      {
        "Lon": 21.0547,
        "Time": "2017-05-14 01:08:51",
        "Lines": "N83",
        "Lat": 52.1812,
        "Brigade": "172"
      },
      {
        "Lon": 21.0547,
        "Time": "2017-05-14 01:09:00",
        "Lines": "N83",
        "Lat": 52.1812,
        "Brigade": "172"
      },
      {
        "Lon": 21.0546,
        "Time": "2017-05-14 01:09:15",
        "Lines": "N83",
        "Lat": 52.1812,
        "Brigade": "172"
      },
      {
        "Lon": 21.0546,
        "Time": "2017-05-14 01:09:25",
        "Lines": "N83",
        "Lat": 52.1811,
        "Brigade": "172"
      },
      {
        "Lon": 21.0546,
        "Time": "2017-05-14 01:09:35",
        "Lines": "N83",
        "Lat": 52.181,
        "Brigade": "172"
      },
      {
        "Lon": 21.0539,
        "Time": "2017-05-14 01:09:45",
        "Lines": "N83",
        "Lat": 52.1805,
        "Brigade": "172"
      },
      {
        "Lon": 21.0527,
        "Time": "2017-05-14 01:09:55",
        "Lines": "N83",
        "Lat": 52.1798,
        "Brigade": "172"
      },
      {
        "Lon": 21.0524,
        "Time": "2017-05-14 01:10:10",
        "Lines": "N83",
        "Lat": 52.1796,
        "Brigade": "172"
      },
      {
        "Lon": 21.0523,
        "Time": "2017-05-14 01:10:20",
        "Lines": "N83",
        "Lat": 52.1795,
        "Brigade": "172"
      },
      {
        "Lon": 21.0514,
        "Time": "2017-05-14 01:10:30",
        "Lines": "N83",
        "Lat": 52.1789,
        "Brigade": "172"
      },
      {
        "Lon": 21.05,
        "Time": "2017-05-14 01:10:40",
        "Lines": "N83",
        "Lat": 52.1782,
        "Brigade": "172"
      },
      {
        "Lon": 21.048,
        "Time": "2017-05-14 01:10:50",
        "Lines": "N83",
        "Lat": 52.1777,
        "Brigade": "172"
      },
      {
        "Lon": 21.046,
        "Time": "2017-05-14 01:11:05",
        "Lines": "N83",
        "Lat": 52.1775,
        "Brigade": "172"
      },
      {
        "Lon": 21.0459,
        "Time": "2017-05-14 01:11:15",
        "Lines": "N83",
        "Lat": 52.1774,
        "Brigade": "172"
      },
      {
        "Lon": 21.0456,
        "Time": "2017-05-14 01:11:25",
        "Lines": "N83",
        "Lat": 52.1774,
        "Brigade": "172"
      },
      {
        "Lon": 21.0442,
        "Time": "2017-05-14 01:11:40",
        "Lines": "N83",
        "Lat": 52.1769,
        "Brigade": "172"
      },
      {
        "Lon": 21.044,
        "Time": "2017-05-14 01:11:50",
        "Lines": "N83",
        "Lat": 52.1761,
        "Brigade": "172"
      },
      {
        "Lon": 21.0439,
        "Time": "2017-05-14 01:12:00",
        "Lines": "N83",
        "Lat": 52.1752,
        "Brigade": "172"
      },
      {
        "Lon": 21.0437,
        "Time": "2017-05-14 01:12:07",
        "Lines": "N83",
        "Lat": 52.1746,
        "Brigade": "172"
      },
      {
        "Lon": 21.0438,
        "Time": "2017-05-14 01:12:20",
        "Lines": "N83",
        "Lat": 52.1745,
        "Brigade": "172"
      },
      {
        "Lon": 21.0437,
        "Time": "2017-05-14 01:12:35",
        "Lines": "N83",
        "Lat": 52.1739,
        "Brigade": "172"
      },
      {
        "Lon": 21.0432,
        "Time": "2017-05-14 01:12:45",
        "Lines": "N83",
        "Lat": 52.1729,
        "Brigade": "172"
      },
      {
        "Lon": 21.0421,
        "Time": "2017-05-14 01:12:55",
        "Lines": "N83",
        "Lat": 52.1717,
        "Brigade": "172"
      },
      {
        "Lon": 21.041,
        "Time": "2017-05-14 01:13:05",
        "Lines": "N83",
        "Lat": 52.1709,
        "Brigade": "172"
      },
      {
        "Lon": 21.0404,
        "Time": "2017-05-14 01:13:20",
        "Lines": "N83",
        "Lat": 52.1712,
        "Brigade": "172"
      },
      {
        "Lon": 21.0403,
        "Time": "2017-05-14 01:13:30",
        "Lines": "N83",
        "Lat": 52.1713,
        "Brigade": "172"
      },
      {
        "Lon": 21.0402,
        "Time": "2017-05-14 01:13:40",
        "Lines": "N83",
        "Lat": 52.1715,
        "Brigade": "172"
      },
      {
        "Lon": 21.0395,
        "Time": "2017-05-14 01:13:50",
        "Lines": "N83",
        "Lat": 52.1724,
        "Brigade": "172"
      },
      {
        "Lon": 21.0388,
        "Time": "2017-05-14 01:14:00",
        "Lines": "N83",
        "Lat": 52.1728,
        "Brigade": "172"
      },
      {
        "Lon": 21.0387,
        "Time": "2017-05-14 01:14:10",
        "Lines": "N83",
        "Lat": 52.1728,
        "Brigade": "172"
      },
      {
        "Lon": 21.0373,
        "Time": "2017-05-14 01:14:25",
        "Lines": "N83",
        "Lat": 52.1734,
        "Brigade": "172"
      },
      {
        "Lon": 21.0357,
        "Time": "2017-05-14 01:14:35",
        "Lines": "N83",
        "Lat": 52.1735,
        "Brigade": "172"
      },
      {
        "Lon": 21.0337,
        "Time": "2017-05-14 01:14:45",
        "Lines": "N83",
        "Lat": 52.1735,
        "Brigade": "172"
      },
      {
        "Lon": 21.031,
        "Time": "2017-05-14 01:15:00",
        "Lines": "N83",
        "Lat": 52.1735,
        "Brigade": "172"
      },
      {
        "Lon": 21.0307,
        "Time": "2017-05-14 01:15:10",
        "Lines": "N83",
        "Lat": 52.1735,
        "Brigade": "172"
      },
      {
        "Lon": 21.0305,
        "Time": "2017-05-14 01:15:20",
        "Lines": "N83",
        "Lat": 52.1734,
        "Brigade": "172"
      },
      {
        "Lon": 21.0291,
        "Time": "2017-05-14 01:15:30",
        "Lines": "N83",
        "Lat": 52.1734,
        "Brigade": "172"
      },
      {
        "Lon": 21.0274,
        "Time": "2017-05-14 01:15:40",
        "Lines": "N83",
        "Lat": 52.1734,
        "Brigade": "172"
      },
      {
        "Lon": 21.0267,
        "Time": "2017-05-14 01:15:50",
        "Lines": "N83",
        "Lat": 52.1734,
        "Brigade": "172"
      },
      {
        "Lon": 21.0261,
        "Time": "2017-05-14 01:16:05",
        "Lines": "N83",
        "Lat": 52.1734,
        "Brigade": "172"
      },
      {
        "Lon": 21.0253,
        "Time": "2017-05-14 01:16:15",
        "Lines": "N83",
        "Lat": 52.1734,
        "Brigade": "172"
      },
      {
        "Lon": 21.0253,
        "Time": "2017-05-14 01:16:25",
        "Lines": "N83",
        "Lat": 52.1735,
        "Brigade": "172"
      },
      {
        "Lon": 21.0253,
        "Time": "2017-05-14 01:16:40",
        "Lines": "N83",
        "Lat": 52.1735,
        "Brigade": "172"
      },
      {
        "Lon": 21.0245,
        "Time": "2017-05-14 01:16:50",
        "Lines": "N83",
        "Lat": 52.1734,
        "Brigade": "172"
      },
      {
        "Lon": 21.0228,
        "Time": "2017-05-14 01:17:00",
        "Lines": "N83",
        "Lat": 52.1733,
        "Brigade": "172"
      },
      {
        "Lon": 21.0209,
        "Time": "2017-05-14 01:17:10",
        "Lines": "N83",
        "Lat": 52.1732,
        "Brigade": "172"
      },
      {
        "Lon": 21.0199,
        "Time": "2017-05-14 01:17:20",
        "Lines": "N83",
        "Lat": 52.1731,
        "Brigade": "172"
      },
      {
        "Lon": 21.0195,
        "Time": "2017-05-14 01:17:34",
        "Lines": "N83",
        "Lat": 52.1723,
        "Brigade": "172"
      },
      {
        "Lon": 21.0195,
        "Time": "2017-05-14 01:17:45",
        "Lines": "N83",
        "Lat": 52.1723,
        "Brigade": "172"
      },
      {
        "Lon": 21.0194,
        "Time": "2017-05-14 01:17:55",
        "Lines": "N83",
        "Lat": 52.1723,
        "Brigade": "172"
      },
      {
        "Lon": 21.0194,
        "Time": "2017-05-14 01:18:05",
        "Lines": "N83",
        "Lat": 52.1721,
        "Brigade": "172"
      },
      {
        "Lon": 21.0191,
        "Time": "2017-05-14 01:18:15",
        "Lines": "N83",
        "Lat": 52.1713,
        "Brigade": "172"
      },
      {
        "Lon": 21.0186,
        "Time": "2017-05-14 01:18:25",
        "Lines": "N83",
        "Lat": 52.17,
        "Brigade": "172"
      },
      {
        "Lon": 21.0176,
        "Time": "2017-05-14 01:18:40",
        "Lines": "N83",
        "Lat": 52.1678,
        "Brigade": "172"
      },
      {
        "Lon": 21.0172,
        "Time": "2017-05-14 01:18:50",
        "Lines": "N83",
        "Lat": 52.1663,
        "Brigade": "172"
      },
      {
        "Lon": 21.017,
        "Time": "2017-05-14 01:19:00",
        "Lines": "N83",
        "Lat": 52.1648,
        "Brigade": "172"
      },
      {
        "Lon": 21.0171,
        "Time": "2017-05-14 01:19:10",
        "Lines": "N83",
        "Lat": 52.1643,
        "Brigade": "172"
      },
      {
        "Lon": 21.0171,
        "Time": "2017-05-14 01:19:20",
        "Lines": "N83",
        "Lat": 52.1643,
        "Brigade": "172"
      },
      {
        "Lon": 21.0171,
        "Time": "2017-05-14 01:19:35",
        "Lines": "N83",
        "Lat": 52.1637,
        "Brigade": "172"
      },
      {
        "Lon": 21.0171,
        "Time": "2017-05-14 01:19:45",
        "Lines": "N83",
        "Lat": 52.1626,
        "Brigade": "172"
      },
      {
        "Lon": 21.0172,
        "Time": "2017-05-14 01:19:55",
        "Lines": "N83",
        "Lat": 52.1612,
        "Brigade": "172"
      },
      {
        "Lon": 21.0172,
        "Time": "2017-05-14 01:20:05",
        "Lines": "N83",
        "Lat": 52.1596,
        "Brigade": "172"
      },
      {
        "Lon": 21.0173,
        "Time": "2017-05-14 01:20:15",
        "Lines": "N83",
        "Lat": 52.1579,
        "Brigade": "172"
      },
      {
        "Lon": 21.0174,
        "Time": "2017-05-14 01:20:30",
        "Lines": "N83",
        "Lat": 52.1554,
        "Brigade": "172"
      },
      {
        "Lon": 21.0174,
        "Time": "2017-05-14 01:20:40",
        "Lines": "N83",
        "Lat": 52.1539,
        "Brigade": "172"
      },
      {
        "Lon": 21.0174,
        "Time": "2017-05-14 01:20:50",
        "Lines": "N83",
        "Lat": 52.1531,
        "Brigade": "172"
      },
      {
        "Lon": 21.0174,
        "Time": "2017-05-14 01:21:03",
        "Lines": "N83",
        "Lat": 52.153,
        "Brigade": "172"
      },
      {
        "Lon": 21.0174,
        "Time": "2017-05-14 01:21:15",
        "Lines": "N83",
        "Lat": 52.153,
        "Brigade": "172"
      },
      {
        "Lon": 21.0174,
        "Time": "2017-05-14 01:21:25",
        "Lines": "N83",
        "Lat": 52.1527,
        "Brigade": "172"
      },
      {
        "Lon": 21.0173,
        "Time": "2017-05-14 01:21:35",
        "Lines": "N83",
        "Lat": 52.152,
        "Brigade": "172"
      },
      {
        "Lon": 21.0174,
        "Time": "2017-05-14 01:21:46",
        "Lines": "N83",
        "Lat": 52.152,
        "Brigade": "172"
      },
      {
        "Lon": 21.0174,
        "Time": "2017-05-14 01:22:00",
        "Lines": "N83",
        "Lat": 52.1517,
        "Brigade": "172"
      },
      {
        "Lon": 21.0174,
        "Time": "2017-05-14 01:22:10",
        "Lines": "N83",
        "Lat": 52.1507,
        "Brigade": "172"
      },
      {
        "Lon": 21.0174,
        "Time": "2017-05-14 01:22:20",
        "Lines": "N83",
        "Lat": 52.1494,
        "Brigade": "172"
      },
      {
        "Lon": 21.0175,
        "Time": "2017-05-14 01:22:30",
        "Lines": "N83",
        "Lat": 52.1479,
        "Brigade": "172"
      },
      {
        "Lon": 21.0175,
        "Time": "2017-05-14 01:22:40",
        "Lines": "N83",
        "Lat": 52.1467,
        "Brigade": "172"
      },
      {
        "Lon": 21.0175,
        "Time": "2017-05-14 01:22:55",
        "Lines": "N83",
        "Lat": 52.1467,
        "Brigade": "172"
      },
      {
        "Lon": 21.0175,
        "Time": "2017-05-14 01:23:05",
        "Lines": "N83",
        "Lat": 52.1461,
        "Brigade": "172"
      },
      {
        "Lon": 21.0175,
        "Time": "2017-05-14 01:23:15",
        "Lines": "N83",
        "Lat": 52.145,
        "Brigade": "172"
      },
      {
        "Lon": 21.0175,
        "Time": "2017-05-14 01:23:25",
        "Lines": "N83",
        "Lat": 52.1437,
        "Brigade": "172"
      },
      {
        "Lon": 21.0175,
        "Time": "2017-05-14 01:23:38",
        "Lines": "N83",
        "Lat": 52.1431,
        "Brigade": "172"
      },
      {
        "Lon": 21.0176,
        "Time": "2017-05-14 01:23:50",
        "Lines": "N83",
        "Lat": 52.143,
        "Brigade": "172"
      },
      {
        "Lon": 21.0176,
        "Time": "2017-05-14 01:24:00",
        "Lines": "N83",
        "Lat": 52.1422,
        "Brigade": "172"
      },
      {
        "Lon": 21.0176,
        "Time": "2017-05-14 01:24:10",
        "Lines": "N83",
        "Lat": 52.1411,
        "Brigade": "172"
      },
      {
        "Lon": 21.0174,
        "Time": "2017-05-14 01:24:20",
        "Lines": "N83",
        "Lat": 52.1397,
        "Brigade": "172"
      },
      {
        "Lon": 21.0175,
        "Time": "2017-05-14 01:24:35",
        "Lines": "N83",
        "Lat": 52.1385,
        "Brigade": "172"
      },
      {
        "Lon": 21.0175,
        "Time": "2017-05-14 01:24:45",
        "Lines": "N83",
        "Lat": 52.1385,
        "Brigade": "172"
      },
      {
        "Lon": 21.0177,
        "Time": "2017-05-14 01:24:55",
        "Lines": "N83",
        "Lat": 52.138,
        "Brigade": "172"
      },
      {
        "Lon": 21.0177,
        "Time": "2017-05-14 01:25:05",
        "Lines": "N83",
        "Lat": 52.1369,
        "Brigade": "172"
      },
      {
        "Lon": 21.0178,
        "Time": "2017-05-14 01:25:15",
        "Lines": "N83",
        "Lat": 52.1355,
        "Brigade": "172"
      },
      {
        "Lon": 21.0178,
        "Time": "2017-05-14 01:25:30",
        "Lines": "N83",
        "Lat": 52.1331,
        "Brigade": "172"
      },
      {
        "Lon": 21.0178,
        "Time": "2017-05-14 01:25:35",
        "Lines": "N83",
        "Lat": 52.1319,
        "Brigade": "172"
      },
      {
        "Lon": 21.0178,
        "Time": "2017-05-14 01:25:51",
        "Lines": "N83",
        "Lat": 52.1318,
        "Brigade": "172"
      },
      {
        "Lon": 21.0178,
        "Time": "2017-05-14 01:26:00",
        "Lines": "N83",
        "Lat": 52.1317,
        "Brigade": "172"
      },
      {
        "Lon": 21.0178,
        "Time": "2017-05-14 01:26:10",
        "Lines": "N83",
        "Lat": 52.1312,
        "Brigade": "172"
      },
      {
        "Lon": 21.0179,
        "Time": "2017-05-14 01:26:25",
        "Lines": "N83",
        "Lat": 52.1295,
        "Brigade": "172"
      },
      {
        "Lon": 21.0179,
        "Time": "2017-05-14 01:26:35",
        "Lines": "N83",
        "Lat": 52.1281,
        "Brigade": "172"
      },
      {
        "Lon": 21.0179,
        "Time": "2017-05-14 01:26:45",
        "Lines": "N83",
        "Lat": 52.127,
        "Brigade": "172"
      },
      {
        "Lon": 21.0179,
        "Time": "2017-05-14 01:26:55",
        "Lines": "N83",
        "Lat": 52.1269,
        "Brigade": "172"
      },
      {
        "Lon": 21.018,
        "Time": "2017-05-14 01:27:10",
        "Lines": "N83",
        "Lat": 52.1263,
        "Brigade": "172"
      },
      {
        "Lon": 21.018,
        "Time": "2017-05-14 01:27:20",
        "Lines": "N83",
        "Lat": 52.1252,
        "Brigade": "172"
      },
      {
        "Lon": 21.018,
        "Time": "2017-05-14 01:27:30",
        "Lines": "N83",
        "Lat": 52.1238,
        "Brigade": "172"
      },
      {
        "Lon": 21.018,
        "Time": "2017-05-14 01:27:41",
        "Lines": "N83",
        "Lat": 52.1225,
        "Brigade": "172"
      },
      {
        "Lon": 21.018,
        "Time": "2017-05-14 01:27:53",
        "Lines": "N83",
        "Lat": 52.1225,
        "Brigade": "172"
      },
      {
        "Lon": 21.018,
        "Time": "2017-05-14 01:28:05",
        "Lines": "N83",
        "Lat": 52.1221,
        "Brigade": "172"
      },
      {
        "Lon": 21.0181,
        "Time": "2017-05-14 01:28:10",
        "Lines": "N83",
        "Lat": 52.1217,
        "Brigade": "172"
      },
      {
        "Lon": 21.0181,
        "Time": "2017-05-14 01:28:25",
        "Lines": "N83",
        "Lat": 52.12,
        "Brigade": "172"
      },
      {
        "Lon": 21.0181,
        "Time": "2017-05-14 01:28:35",
        "Lines": "N83",
        "Lat": 52.1186,
        "Brigade": "172"
      },
      {
        "Lon": 21.0181,
        "Time": "2017-05-14 01:28:47",
        "Lines": "N83",
        "Lat": 52.1171,
        "Brigade": "172"
      },
      {
        "Lon": 21.0181,
        "Time": "2017-05-14 01:29:00",
        "Lines": "N83",
        "Lat": 52.117,
        "Brigade": "172"
      },
      {
        "Lon": 21.0182,
        "Time": "2017-05-14 01:29:10",
        "Lines": "N83",
        "Lat": 52.1165,
        "Brigade": "172"
      },
      {
        "Lon": 21.0182,
        "Time": "2017-05-14 01:29:20",
        "Lines": "N83",
        "Lat": 52.1154,
        "Brigade": "172"
      },
      {
        "Lon": 21.0182,
        "Time": "2017-05-14 01:29:30",
        "Lines": "N83",
        "Lat": 52.1139,
        "Brigade": "172"
      },
      {
        "Lon": 21.0182,
        "Time": "2017-05-14 01:29:45",
        "Lines": "N83",
        "Lat": 52.1116,
        "Brigade": "172"
      },
      {
        "Lon": 21.0179,
        "Time": "2017-05-14 01:29:55",
        "Lines": "N83",
        "Lat": 52.1112,
        "Brigade": "172"
      },
      {
        "Lon": 21.0166,
        "Time": "2017-05-14 01:30:05",
        "Lines": "N83",
        "Lat": 52.1111,
        "Brigade": "172"
      },
      {
        "Lon": 21.0147,
        "Time": "2017-05-14 01:30:15",
        "Lines": "N83",
        "Lat": 52.1108,
        "Brigade": "172"
      },
      {
        "Lon": 21.0116,
        "Time": "2017-05-14 01:30:30",
        "Lines": "N83",
        "Lat": 52.1104,
        "Brigade": "172"
      },
      {
        "Lon": 21.0095,
        "Time": "2017-05-14 01:30:40",
        "Lines": "N83",
        "Lat": 52.1105,
        "Brigade": "172"
      },
      {
        "Lon": 21.0073,
        "Time": "2017-05-14 01:30:50",
        "Lines": "N83",
        "Lat": 52.1104,
        "Brigade": "172"
      },
      {
        "Lon": 21.0049,
        "Time": "2017-05-14 01:31:00",
        "Lines": "N83",
        "Lat": 52.1102,
        "Brigade": "172"
      },
      {
        "Lon": 21.0025,
        "Time": "2017-05-14 01:31:10",
        "Lines": "N83",
        "Lat": 52.1101,
        "Brigade": "172"
      },
      {
        "Lon": 20.999,
        "Time": "2017-05-14 01:31:25",
        "Lines": "N83",
        "Lat": 52.1099,
        "Brigade": "172"
      },
      {
        "Lon": 20.9981,
        "Time": "2017-05-14 01:31:30",
        "Lines": "N83",
        "Lat": 52.1098,
        "Brigade": "172"
      },
      {
        "Lon": 20.9976,
        "Time": "2017-05-14 01:31:45",
        "Lines": "N83",
        "Lat": 52.1098,
        "Brigade": "172"
      },
      {
        "Lon": 20.9975,
        "Time": "2017-05-14 01:31:54",
        "Lines": "N83",
        "Lat": 52.1098,
        "Brigade": "172"
      },
      {
        "Lon": 20.9972,
        "Time": "2017-05-14 01:32:04",
        "Lines": "N83",
        "Lat": 52.1096,
        "Brigade": "172"
      },
      {
        "Lon": 20.9971,
        "Time": "2017-05-14 01:32:14",
        "Lines": "N83",
        "Lat": 52.1092,
        "Brigade": "172"
      },
      {
        "Lon": 20.9966,
        "Time": "2017-05-14 01:32:29",
        "Lines": "N83",
        "Lat": 52.1091,
        "Brigade": "172"
      },
      {
        "Lon": 20.9968,
        "Time": "2017-05-14 01:32:39",
        "Lines": "N83",
        "Lat": 52.1093,
        "Brigade": "172"
      },
      {
        "Lon": 20.9972,
        "Time": "2017-05-14 01:32:49",
        "Lines": "N83",
        "Lat": 52.1095,
        "Brigade": "172"
      },
      {
        "Lon": 20.9982,
        "Time": "2017-05-14 01:32:59",
        "Lines": "N83",
        "Lat": 52.1098,
        "Brigade": "172"
      },
      {
        "Lon": 21.0012,
        "Time": "2017-05-14 01:33:14",
        "Lines": "N83",
        "Lat": 52.11,
        "Brigade": "172"
      },
      {
        "Lon": 21.0037,
        "Time": "2017-05-14 01:33:24",
        "Lines": "N83",
        "Lat": 52.1102,
        "Brigade": "172"
      },
      {
        "Lon": 21.006,
        "Time": "2017-05-14 01:33:35",
        "Lines": "N83",
        "Lat": 52.1103,
        "Brigade": "172"
      },
      {
        "Lon": 21.0061,
        "Time": "2017-05-14 01:33:44",
        "Lines": "N83",
        "Lat": 52.1103,
        "Brigade": "172"
      },
      {
        "Lon": 21.0066,
        "Time": "2017-05-14 01:33:54",
        "Lines": "N83",
        "Lat": 52.1103,
        "Brigade": "172"
      },
      {
        "Lon": 21.0091,
        "Time": "2017-05-14 01:34:09",
        "Lines": "N83",
        "Lat": 52.1105,
        "Brigade": "172"
      },
      {
        "Lon": 21.0113,
        "Time": "2017-05-14 01:34:19",
        "Lines": "N83",
        "Lat": 52.1104,
        "Brigade": "172"
      },
      {
        "Lon": 21.0133,
        "Time": "2017-05-14 01:34:29",
        "Lines": "N83",
        "Lat": 52.1106,
        "Brigade": "172"
      },
      {
        "Lon": 21.0165,
        "Time": "2017-05-14 01:34:44",
        "Lines": "N83",
        "Lat": 52.111,
        "Brigade": "172"
      },
      {
        "Lon": 21.018,
        "Time": "2017-05-14 01:34:54",
        "Lines": "N83",
        "Lat": 52.1111,
        "Brigade": "172"
      },
      {
        "Lon": 21.0183,
        "Time": "2017-05-14 01:35:04",
        "Lines": "N83",
        "Lat": 52.1107,
        "Brigade": "172"
      },
      {
        "Lon": 21.0183,
        "Time": "2017-05-14 01:35:14",
        "Lines": "N83",
        "Lat": 52.1107,
        "Brigade": "172"
      },
      {
        "Lon": 21.0183,
        "Time": "2017-05-14 01:35:24",
        "Lines": "N83",
        "Lat": 52.1101,
        "Brigade": "172"
      },
      {
        "Lon": 21.0184,
        "Time": "2017-05-14 01:35:34",
        "Lines": "N83",
        "Lat": 52.1091,
        "Brigade": "172"
      },
      {
        "Lon": 21.0184,
        "Time": "2017-05-14 01:35:49",
        "Lines": "N83",
        "Lat": 52.107,
        "Brigade": "172"
      },
      {
        "Lon": 21.0184,
        "Time": "2017-05-14 01:35:59",
        "Lines": "N83",
        "Lat": 52.1057,
        "Brigade": "172"
      },
      {
        "Lon": 21.0185,
        "Time": "2017-05-14 01:36:09",
        "Lines": "N83",
        "Lat": 52.1042,
        "Brigade": "172"
      },
      {
        "Lon": 21.0185,
        "Time": "2017-05-14 01:36:19",
        "Lines": "N83",
        "Lat": 52.1025,
        "Brigade": "172"
      },
      {
        "Lon": 21.0186,
        "Time": "2017-05-14 01:36:34",
        "Lines": "N83",
        "Lat": 52.0999,
        "Brigade": "172"
      },
      {
        "Lon": 21.0186,
        "Time": "2017-05-14 01:36:44",
        "Lines": "N83",
        "Lat": 52.0987,
        "Brigade": "172"
      },
      {
        "Lon": 21.0186,
        "Time": "2017-05-14 01:36:54",
        "Lines": "N83",
        "Lat": 52.0987,
        "Brigade": "172"
      },
      {
        "Lon": 21.0186,
        "Time": "2017-05-14 01:37:04",
        "Lines": "N83",
        "Lat": 52.0986,
        "Brigade": "172"
      },
      {
        "Lon": 21.0187,
        "Time": "2017-05-14 01:37:19",
        "Lines": "N83",
        "Lat": 52.0982,
        "Brigade": "172"
      },
      {
        "Lon": 21.0187,
        "Time": "2017-05-14 01:37:29",
        "Lines": "N83",
        "Lat": 52.0982,
        "Brigade": "172"
      },
      {
        "Lon": 21.0187,
        "Time": "2017-05-14 01:37:39",
        "Lines": "N83",
        "Lat": 52.0978,
        "Brigade": "172"
      },
      {
        "Lon": 21.0187,
        "Time": "2017-05-14 01:37:49",
        "Lines": "N83",
        "Lat": 52.0968,
        "Brigade": "172"
      },
      {
        "Lon": 21.0188,
        "Time": "2017-05-14 01:37:59",
        "Lines": "N83",
        "Lat": 52.0955,
        "Brigade": "172"
      },
      {
        "Lon": 21.0188,
        "Time": "2017-05-14 01:38:14",
        "Lines": "N83",
        "Lat": 52.093,
        "Brigade": "172"
      },
      {
        "Lon": 21.0189,
        "Time": "2017-05-14 01:38:24",
        "Lines": "N83",
        "Lat": 52.0916,
        "Brigade": "172"
      },
      {
        "Lon": 21.0189,
        "Time": "2017-05-14 01:38:34",
        "Lines": "N83",
        "Lat": 52.09,
        "Brigade": "172"
      },
      {
        "Lon": 21.0189,
        "Time": "2017-05-14 01:38:49",
        "Lines": "N83",
        "Lat": 52.0883,
        "Brigade": "172"
      },
      {
        "Lon": 21.0189,
        "Time": "2017-05-14 01:38:54",
        "Lines": "N83",
        "Lat": 52.0883,
        "Brigade": "172"
      },
      {
        "Lon": 21.019,
        "Time": "2017-05-14 01:39:09",
        "Lines": "N83",
        "Lat": 52.0883,
        "Brigade": "172"
      },
      {
        "Lon": 21.0189,
        "Time": "2017-05-14 01:39:19",
        "Lines": "N83",
        "Lat": 52.0883,
        "Brigade": "172"
      },
      {
        "Lon": 21.019,
        "Time": "2017-05-14 01:39:29",
        "Lines": "N83",
        "Lat": 52.0883,
        "Brigade": "172"
      },
      {
        "Lon": 21.019,
        "Time": "2017-05-14 01:39:39",
        "Lines": "N83",
        "Lat": 52.0882,
        "Brigade": "172"
      },
      {
        "Lon": 21.0192,
        "Time": "2017-05-14 01:39:54",
        "Lines": "N83",
        "Lat": 52.0877,
        "Brigade": "172"
      },
      {
        "Lon": 21.0199,
        "Time": "2017-05-14 01:40:04",
        "Lines": "N83",
        "Lat": 52.0866,
        "Brigade": "172"
      },
      {
        "Lon": 21.0207,
        "Time": "2017-05-14 01:40:14",
        "Lines": "N83",
        "Lat": 52.0853,
        "Brigade": "172"
      },
      {
        "Lon": 21.0217,
        "Time": "2017-05-14 01:40:24",
        "Lines": "N83",
        "Lat": 52.0838,
        "Brigade": "172"
      },
      {
        "Lon": 21.0226,
        "Time": "2017-05-14 01:40:36",
        "Lines": "N83",
        "Lat": 52.0823,
        "Brigade": "172"
      },
      {
        "Lon": 21.0227,
        "Time": "2017-05-14 01:40:49",
        "Lines": "N83",
        "Lat": 52.0823,
        "Brigade": "172"
      },
      {
        "Lon": 21.0229,
        "Time": "2017-05-14 01:40:59",
        "Lines": "N83",
        "Lat": 52.082,
        "Brigade": "172"
      },
      {
        "Lon": 21.0234,
        "Time": "2017-05-14 01:41:09",
        "Lines": "N83",
        "Lat": 52.0815,
        "Brigade": "172"
      },
      {
        "Lon": 21.0235,
        "Time": "2017-05-14 01:41:19",
        "Lines": "N83",
        "Lat": 52.0814,
        "Brigade": "172"
      },
      {
        "Lon": 21.0235,
        "Time": "2017-05-14 01:41:29",
        "Lines": "N83",
        "Lat": 52.0814,
        "Brigade": "172"
      },
      {
        "Lon": 21.0244,
        "Time": "2017-05-14 02:13:27",
        "Lines": "N83",
        "Lat": 52.081,
        "Brigade": "172"
      },
      {
        "Lon": 21.0238,
        "Time": "2017-05-14 02:13:42",
        "Lines": "N83",
        "Lat": 52.0814,
        "Brigade": "172"
      },
      {
        "Lon": 21.0229,
        "Time": "2017-05-14 02:13:52",
        "Lines": "N83",
        "Lat": 52.0824,
        "Brigade": "172"
      },
      {
        "Lon": 21.0224,
        "Time": "2017-05-14 02:14:04",
        "Lines": "N83",
        "Lat": 52.0832,
        "Brigade": "172"
      },
      {
        "Lon": 21.0224,
        "Time": "2017-05-14 02:14:12",
        "Lines": "N83",
        "Lat": 52.0832,
        "Brigade": "172"
      },
      {
        "Lon": 21.0224,
        "Time": "2017-05-14 02:14:22",
        "Lines": "N83",
        "Lat": 52.0832,
        "Brigade": "172"
      },
      {
        "Lon": 21.0224,
        "Time": "2017-05-14 02:14:37",
        "Lines": "N83",
        "Lat": 52.0832,
        "Brigade": "172"
      },
      {
        "Lon": 21.0224,
        "Time": "2017-05-14 02:14:47",
        "Lines": "N83",
        "Lat": 52.0833,
        "Brigade": "172"
      },
      {
        "Lon": 21.0219,
        "Time": "2017-05-14 02:14:57",
        "Lines": "N83",
        "Lat": 52.0839,
        "Brigade": "172"
      },
      {
        "Lon": 21.0213,
        "Time": "2017-05-14 02:15:07",
        "Lines": "N83",
        "Lat": 52.0848,
        "Brigade": "172"
      },
      {
        "Lon": 21.0202,
        "Time": "2017-05-14 02:15:22",
        "Lines": "N83",
        "Lat": 52.0866,
        "Brigade": "172"
      },
      {
        "Lon": 21.0195,
        "Time": "2017-05-14 02:15:32",
        "Lines": "N83",
        "Lat": 52.0878,
        "Brigade": "172"
      },
      {
        "Lon": 21.0193,
        "Time": "2017-05-14 02:15:42",
        "Lines": "N83",
        "Lat": 52.0887,
        "Brigade": "172"
      },
      {
        "Lon": 21.0193,
        "Time": "2017-05-14 02:15:52",
        "Lines": "N83",
        "Lat": 52.0888,
        "Brigade": "172"
      },
      {
        "Lon": 21.0192,
        "Time": "2017-05-14 02:16:02",
        "Lines": "N83",
        "Lat": 52.0892,
        "Brigade": "172"
      },
      {
        "Lon": 21.0192,
        "Time": "2017-05-14 02:16:12",
        "Lines": "N83",
        "Lat": 52.0903,
        "Brigade": "172"
      },
      {
        "Lon": 21.0193,
        "Time": "2017-05-14 02:16:27",
        "Lines": "N83",
        "Lat": 52.0918,
        "Brigade": "172"
      },
      {
        "Lon": 21.0192,
        "Time": "2017-05-14 02:16:37",
        "Lines": "N83",
        "Lat": 52.0918,
        "Brigade": "172"
      },
      {
        "Lon": 21.0192,
        "Time": "2017-05-14 02:16:47",
        "Lines": "N83",
        "Lat": 52.0921,
        "Brigade": "172"
      },
      {
        "Lon": 21.0192,
        "Time": "2017-05-14 02:16:57",
        "Lines": "N83",
        "Lat": 52.0932,
        "Brigade": "172"
      },
      {
        "Lon": 21.0191,
        "Time": "2017-05-14 02:17:12",
        "Lines": "N83",
        "Lat": 52.0954,
        "Brigade": "172"
      },
      {
        "Lon": 21.0191,
        "Time": "2017-05-14 02:17:22",
        "Lines": "N83",
        "Lat": 52.097,
        "Brigade": "172"
      },
      {
        "Lon": 21.0191,
        "Time": "2017-05-14 02:17:32",
        "Lines": "N83",
        "Lat": 52.0976,
        "Brigade": "172"
      },
      {
        "Lon": 21.0191,
        "Time": "2017-05-14 02:17:42",
        "Lines": "N83",
        "Lat": 52.0977,
        "Brigade": "172"
      },
      {
        "Lon": 21.0191,
        "Time": "2017-05-14 02:17:52",
        "Lines": "N83",
        "Lat": 52.0976,
        "Brigade": "172"
      },
      {
        "Lon": 21.019,
        "Time": "2017-05-14 02:18:07",
        "Lines": "N83",
        "Lat": 52.0982,
        "Brigade": "172"
      },
      {
        "Lon": 21.019,
        "Time": "2017-05-14 02:18:17",
        "Lines": "N83",
        "Lat": 52.0992,
        "Brigade": "172"
      },
      {
        "Lon": 21.019,
        "Time": "2017-05-14 02:18:27",
        "Lines": "N83",
        "Lat": 52.1005,
        "Brigade": "172"
      },
      {
        "Lon": 21.0189,
        "Time": "2017-05-14 02:18:37",
        "Lines": "N83",
        "Lat": 52.1021,
        "Brigade": "172"
      },
      {
        "Lon": 21.0188,
        "Time": "2017-05-14 02:18:47",
        "Lines": "N83",
        "Lat": 52.1038,
        "Brigade": "172"
      },
      {
        "Lon": 21.0188,
        "Time": "2017-05-14 02:18:57",
        "Lines": "N83",
        "Lat": 52.1055,
        "Brigade": "172"
      },
      {
        "Lon": 21.0187,
        "Time": "2017-05-14 02:19:12",
        "Lines": "N83",
        "Lat": 52.1076,
        "Brigade": "172"
      },
      {
        "Lon": 21.0187,
        "Time": "2017-05-14 02:19:22",
        "Lines": "N83",
        "Lat": 52.1092,
        "Brigade": "172"
      },
      {
        "Lon": 21.0187,
        "Time": "2017-05-14 02:19:32",
        "Lines": "N83",
        "Lat": 52.1107,
        "Brigade": "172"
      },
      {
        "Lon": 21.0187,
        "Time": "2017-05-14 02:19:42",
        "Lines": "N83",
        "Lat": 52.1119,
        "Brigade": "172"
      },
      {
        "Lon": 21.0187,
        "Time": "2017-05-14 02:19:56",
        "Lines": "N83",
        "Lat": 52.1121,
        "Brigade": "172"
      },
      {
        "Lon": 21.0187,
        "Time": "2017-05-14 02:20:02",
        "Lines": "N83",
        "Lat": 52.1122,
        "Brigade": "172"
      },
      {
        "Lon": 21.0186,
        "Time": "2017-05-14 02:20:17",
        "Lines": "N83",
        "Lat": 52.1133,
        "Brigade": "172"
      },
      {
        "Lon": 21.0186,
        "Time": "2017-05-14 02:20:27",
        "Lines": "N83",
        "Lat": 52.1145,
        "Brigade": "172"
      },
      {
        "Lon": 21.0186,
        "Time": "2017-05-14 02:20:38",
        "Lines": "N83",
        "Lat": 52.1154,
        "Brigade": "172"
      },
      {
        "Lon": 21.0186,
        "Time": "2017-05-14 02:20:52",
        "Lines": "N83",
        "Lat": 52.1154,
        "Brigade": "172"
      },
      {
        "Lon": 21.0186,
        "Time": "2017-05-14 02:21:02",
        "Lines": "N83",
        "Lat": 52.1154,
        "Brigade": "172"
      },
      {
        "Lon": 21.0186,
        "Time": "2017-05-14 02:21:12",
        "Lines": "N83",
        "Lat": 52.1159,
        "Brigade": "172"
      },
      {
        "Lon": 21.0185,
        "Time": "2017-05-14 02:21:22",
        "Lines": "N83",
        "Lat": 52.117,
        "Brigade": "172"
      },
      {
        "Lon": 21.0185,
        "Time": "2017-05-14 02:21:32",
        "Lines": "N83",
        "Lat": 52.1182,
        "Brigade": "172"
      },
      {
        "Lon": 21.0185,
        "Time": "2017-05-14 02:21:47",
        "Lines": "N83",
        "Lat": 52.12,
        "Brigade": "172"
      },
      {
        "Lon": 21.0185,
        "Time": "2017-05-14 02:21:57",
        "Lines": "N83",
        "Lat": 52.1212,
        "Brigade": "172"
      },
      {
        "Lon": 21.0184,
        "Time": "2017-05-14 02:22:07",
        "Lines": "N83",
        "Lat": 52.1224,
        "Brigade": "172"
      },
      {
        "Lon": 21.0184,
        "Time": "2017-05-14 02:22:21",
        "Lines": "N83",
        "Lat": 52.1236,
        "Brigade": "172"
      },
      {
        "Lon": 21.0184,
        "Time": "2017-05-14 02:22:32",
        "Lines": "N83",
        "Lat": 52.1237,
        "Brigade": "172"
      },
      {
        "Lon": 21.0184,
        "Time": "2017-05-14 02:22:42",
        "Lines": "N83",
        "Lat": 52.1239,
        "Brigade": "172"
      },
      {
        "Lon": 21.0184,
        "Time": "2017-05-14 02:22:52",
        "Lines": "N83",
        "Lat": 52.1248,
        "Brigade": "172"
      },
      {
        "Lon": 21.0183,
        "Time": "2017-05-14 02:23:02",
        "Lines": "N83",
        "Lat": 52.1259,
        "Brigade": "172"
      },
      {
        "Lon": 21.0183,
        "Time": "2017-05-14 02:23:12",
        "Lines": "N83",
        "Lat": 52.1271,
        "Brigade": "172"
      },
      {
        "Lon": 21.0182,
        "Time": "2017-05-14 02:23:27",
        "Lines": "N83",
        "Lat": 52.1288,
        "Brigade": "172"
      },
      {
        "Lon": 21.0182,
        "Time": "2017-05-14 02:23:37",
        "Lines": "N83",
        "Lat": 52.13,
        "Brigade": "172"
      },
      {
        "Lon": 21.0182,
        "Time": "2017-05-14 02:23:47",
        "Lines": "N83",
        "Lat": 52.1312,
        "Brigade": "172"
      },
      {
        "Lon": 21.0182,
        "Time": "2017-05-14 02:24:02",
        "Lines": "N83",
        "Lat": 52.1329,
        "Brigade": "172"
      },
      {
        "Lon": 21.0182,
        "Time": "2017-05-14 02:24:13",
        "Lines": "N83",
        "Lat": 52.133,
        "Brigade": "172"
      },
      {
        "Lon": 21.0181,
        "Time": "2017-05-14 02:24:22",
        "Lines": "N83",
        "Lat": 52.1332,
        "Brigade": "172"
      },
      {
        "Lon": 21.0181,
        "Time": "2017-05-14 02:24:32",
        "Lines": "N83",
        "Lat": 52.1341,
        "Brigade": "172"
      },
      {
        "Lon": 21.0181,
        "Time": "2017-05-14 02:24:42",
        "Lines": "N83",
        "Lat": 52.1354,
        "Brigade": "172"
      },
      {
        "Lon": 21.018,
        "Time": "2017-05-14 02:24:57",
        "Lines": "N83",
        "Lat": 52.1376,
        "Brigade": "172"
      },
      {
        "Lon": 21.0181,
        "Time": "2017-05-14 02:25:07",
        "Lines": "N83",
        "Lat": 52.1385,
        "Brigade": "172"
      },
      {
        "Lon": 21.0181,
        "Time": "2017-05-14 02:25:17",
        "Lines": "N83",
        "Lat": 52.1386,
        "Brigade": "172"
      },
      {
        "Lon": 21.0181,
        "Time": "2017-05-14 02:25:27",
        "Lines": "N83",
        "Lat": 52.1391,
        "Brigade": "172"
      },
      {
        "Lon": 21.0182,
        "Time": "2017-05-14 02:25:37",
        "Lines": "N83",
        "Lat": 52.1401,
        "Brigade": "172"
      },
      {
        "Lon": 21.0181,
        "Time": "2017-05-14 02:25:52",
        "Lines": "N83",
        "Lat": 52.1406,
        "Brigade": "172"
      },
      {
        "Lon": 21.0181,
        "Time": "2017-05-14 02:26:02",
        "Lines": "N83",
        "Lat": 52.1407,
        "Brigade": "172"
      },
      {
        "Lon": 21.0179,
        "Time": "2017-05-14 02:26:12",
        "Lines": "N83",
        "Lat": 52.1415,
        "Brigade": "172"
      },
      {
        "Lon": 21.0179,
        "Time": "2017-05-14 02:26:22",
        "Lines": "N83",
        "Lat": 52.1427,
        "Brigade": "172"
      },
      {
        "Lon": 21.0179,
        "Time": "2017-05-14 02:26:36",
        "Lines": "N83",
        "Lat": 52.1442,
        "Brigade": "172"
      },
      {
        "Lon": 21.0179,
        "Time": "2017-05-14 02:26:47",
        "Lines": "N83",
        "Lat": 52.1442,
        "Brigade": "172"
      },
      {
        "Lon": 21.0178,
        "Time": "2017-05-14 02:26:57",
        "Lines": "N83",
        "Lat": 52.1446,
        "Brigade": "172"
      },
      {
        "Lon": 21.0178,
        "Time": "2017-05-14 02:27:07",
        "Lines": "N83",
        "Lat": 52.1457,
        "Brigade": "172"
      },
      {
        "Lon": 21.0178,
        "Time": "2017-05-14 02:27:17",
        "Lines": "N83",
        "Lat": 52.147,
        "Brigade": "172"
      },
      {
        "Lon": 21.0178,
        "Time": "2017-05-14 02:27:27",
        "Lines": "N83",
        "Lat": 52.1485,
        "Brigade": "172"
      },
      {
        "Lon": 21.0178,
        "Time": "2017-05-14 02:27:42",
        "Lines": "N83",
        "Lat": 52.1508,
        "Brigade": "172"
      },
      {
        "Lon": 21.0179,
        "Time": "2017-05-14 02:27:52",
        "Lines": "N83",
        "Lat": 52.152,
        "Brigade": "172"
      },
      {
        "Lon": 21.0179,
        "Time": "2017-05-14 02:28:02",
        "Lines": "N83",
        "Lat": 52.1529,
        "Brigade": "172"
      },
      {
        "Lon": 21.018,
        "Time": "2017-05-14 02:28:12",
        "Lines": "N83",
        "Lat": 52.154,
        "Brigade": "172"
      },
      {
        "Lon": 21.018,
        "Time": "2017-05-14 02:28:22",
        "Lines": "N83",
        "Lat": 52.1542,
        "Brigade": "172"
      },
      {
        "Lon": 21.018,
        "Time": "2017-05-14 02:28:37",
        "Lines": "N83",
        "Lat": 52.1542,
        "Brigade": "172"
      },
      {
        "Lon": 21.0179,
        "Time": "2017-05-14 02:28:47",
        "Lines": "N83",
        "Lat": 52.1548,
        "Brigade": "172"
      },
      {
        "Lon": 21.0178,
        "Time": "2017-05-14 02:28:57",
        "Lines": "N83",
        "Lat": 52.1559,
        "Brigade": "172"
      },
      {
        "Lon": 21.0177,
        "Time": "2017-05-14 02:29:07",
        "Lines": "N83",
        "Lat": 52.1573,
        "Brigade": "172"
      },
      {
        "Lon": 21.0177,
        "Time": "2017-05-14 02:29:17",
        "Lines": "N83",
        "Lat": 52.1589,
        "Brigade": "172"
      },
      {
        "Lon": 21.0177,
        "Time": "2017-05-14 02:29:27",
        "Lines": "N83",
        "Lat": 52.1606,
        "Brigade": "172"
      },
      {
        "Lon": 21.0177,
        "Time": "2017-05-14 02:29:42",
        "Lines": "N83",
        "Lat": 52.163,
        "Brigade": "172"
      },
      {
        "Lon": 21.0177,
        "Time": "2017-05-14 02:29:52",
        "Lines": "N83",
        "Lat": 52.1647,
        "Brigade": "172"
      },
      {
        "Lon": 21.0179,
        "Time": "2017-05-14 02:30:02",
        "Lines": "N83",
        "Lat": 52.1664,
        "Brigade": "172"
      },
      {
        "Lon": 21.0183,
        "Time": "2017-05-14 02:30:12",
        "Lines": "N83",
        "Lat": 52.1678,
        "Brigade": "172"
      },
      {
        "Lon": 21.0188,
        "Time": "2017-05-14 02:30:22",
        "Lines": "N83",
        "Lat": 52.1695,
        "Brigade": "172"
      },
      {
        "Lon": 21.0196,
        "Time": "2017-05-14 02:30:37",
        "Lines": "N83",
        "Lat": 52.1719,
        "Brigade": "172"
      },
      {
        "Lon": 21.02,
        "Time": "2017-05-14 02:30:47",
        "Lines": "N83",
        "Lat": 52.1729,
        "Brigade": "172"
      },
      {
        "Lon": 21.0205,
        "Time": "2017-05-14 02:30:57",
        "Lines": "N83",
        "Lat": 52.1732,
        "Brigade": "172"
      },
      {
        "Lon": 21.021,
        "Time": "2017-05-14 02:31:11",
        "Lines": "N83",
        "Lat": 52.1731,
        "Brigade": "172"
      },
      {
        "Lon": 21.0212,
        "Time": "2017-05-14 02:31:22",
        "Lines": "N83",
        "Lat": 52.1731,
        "Brigade": "172"
      },
      {
        "Lon": 21.0226,
        "Time": "2017-05-14 02:31:32",
        "Lines": "N83",
        "Lat": 52.1732,
        "Brigade": "172"
      },
      {
        "Lon": 21.0243,
        "Time": "2017-05-14 02:31:42",
        "Lines": "N83",
        "Lat": 52.1733,
        "Brigade": "172"
      },
      {
        "Lon": 21.0256,
        "Time": "2017-05-14 02:31:52",
        "Lines": "N83",
        "Lat": 52.1734,
        "Brigade": "172"
      },
      {
        "Lon": 21.0258,
        "Time": "2017-05-14 02:32:07",
        "Lines": "N83",
        "Lat": 52.1734,
        "Brigade": "172"
      },
      {
        "Lon": 21.0258,
        "Time": "2017-05-14 02:32:17",
        "Lines": "N83",
        "Lat": 52.1734,
        "Brigade": "172"
      },
      {
        "Lon": 21.026,
        "Time": "2017-05-14 02:32:27",
        "Lines": "N83",
        "Lat": 52.1734,
        "Brigade": "172"
      },
      {
        "Lon": 21.027,
        "Time": "2017-05-14 02:32:38",
        "Lines": "N83",
        "Lat": 52.1734,
        "Brigade": "172"
      },
      {
        "Lon": 21.027,
        "Time": "2017-05-14 02:32:51",
        "Lines": "N83",
        "Lat": 52.1734,
        "Brigade": "172"
      },
      {
        "Lon": 21.0272,
        "Time": "2017-05-14 02:33:02",
        "Lines": "N83",
        "Lat": 52.1734,
        "Brigade": "172"
      },
      {
        "Lon": 21.0284,
        "Time": "2017-05-14 02:33:12",
        "Lines": "N83",
        "Lat": 52.1734,
        "Brigade": "172"
      },
      {
        "Lon": 21.0302,
        "Time": "2017-05-14 02:33:22",
        "Lines": "N83",
        "Lat": 52.1734,
        "Brigade": "172"
      },
      {
        "Lon": 21.0336,
        "Time": "2017-05-14 02:33:37",
        "Lines": "N83",
        "Lat": 52.1734,
        "Brigade": "172"
      },
      {
        "Lon": 21.0358,
        "Time": "2017-05-14 02:33:47",
        "Lines": "N83",
        "Lat": 52.1735,
        "Brigade": "172"
      },
      {
        "Lon": 21.0375,
        "Time": "2017-05-14 02:33:57",
        "Lines": "N83",
        "Lat": 52.1733,
        "Brigade": "172"
      },
      {
        "Lon": 21.039,
        "Time": "2017-05-14 02:34:09",
        "Lines": "N83",
        "Lat": 52.1726,
        "Brigade": "172"
      },
      {
        "Lon": 21.0391,
        "Time": "2017-05-14 02:34:17",
        "Lines": "N83",
        "Lat": 52.1725,
        "Brigade": "172"
      },
      {
        "Lon": 21.0398,
        "Time": "2017-05-14 02:34:28",
        "Lines": "N83",
        "Lat": 52.1721,
        "Brigade": "172"
      },
      {
        "Lon": 21.0405,
        "Time": "2017-05-14 02:34:42",
        "Lines": "N83",
        "Lat": 52.1709,
        "Brigade": "172"
      },
      {
        "Lon": 21.0405,
        "Time": "2017-05-14 02:34:52",
        "Lines": "N83",
        "Lat": 52.1708,
        "Brigade": "172"
      },
      {
        "Lon": 21.0412,
        "Time": "2017-05-14 02:35:02",
        "Lines": "N83",
        "Lat": 52.1706,
        "Brigade": "172"
      },
      {
        "Lon": 21.0419,
        "Time": "2017-05-14 02:35:17",
        "Lines": "N83",
        "Lat": 52.171,
        "Brigade": "172"
      },
      {
        "Lon": 21.0419,
        "Time": "2017-05-14 02:35:27",
        "Lines": "N83",
        "Lat": 52.1711,
        "Brigade": "172"
      },
      {
        "Lon": 21.0428,
        "Time": "2017-05-14 02:35:38",
        "Lines": "N83",
        "Lat": 52.1718,
        "Brigade": "172"
      },
      {
        "Lon": 21.0438,
        "Time": "2017-05-14 02:35:47",
        "Lines": "N83",
        "Lat": 52.1729,
        "Brigade": "172"
      },
      {
        "Lon": 21.0444,
        "Time": "2017-05-14 02:35:57",
        "Lines": "N83",
        "Lat": 52.1744,
        "Brigade": "172"
      },
      {
        "Lon": 21.0446,
        "Time": "2017-05-14 02:36:11",
        "Lines": "N83",
        "Lat": 52.176,
        "Brigade": "172"
      },
      {
        "Lon": 21.0446,
        "Time": "2017-05-14 02:36:22",
        "Lines": "N83",
        "Lat": 52.176,
        "Brigade": "172"
      },
      {
        "Lon": 21.0447,
        "Time": "2017-05-14 02:36:32",
        "Lines": "N83",
        "Lat": 52.1766,
        "Brigade": "172"
      },
      {
        "Lon": 21.0448,
        "Time": "2017-05-14 02:36:42",
        "Lines": "N83",
        "Lat": 52.1773,
        "Brigade": "172"
      },
      {
        "Lon": 21.0454,
        "Time": "2017-05-14 02:36:52",
        "Lines": "N83",
        "Lat": 52.1774,
        "Brigade": "172"
      },
      {
        "Lon": 21.0468,
        "Time": "2017-05-14 02:37:02",
        "Lines": "N83",
        "Lat": 52.1775,
        "Brigade": "172"
      },
      {
        "Lon": 21.0487,
        "Time": "2017-05-14 02:37:15",
        "Lines": "N83",
        "Lat": 52.1778,
        "Brigade": "172"
      },
      {
        "Lon": 21.0487,
        "Time": "2017-05-14 02:37:27",
        "Lines": "N83",
        "Lat": 52.1778,
        "Brigade": "172"
      },
      {
        "Lon": 21.0496,
        "Time": "2017-05-14 02:37:37",
        "Lines": "N83",
        "Lat": 52.178,
        "Brigade": "172"
      },
      {
        "Lon": 21.0511,
        "Time": "2017-05-14 02:37:47",
        "Lines": "N83",
        "Lat": 52.1787,
        "Brigade": "172"
      },
      {
        "Lon": 21.0527,
        "Time": "2017-05-14 02:37:57",
        "Lines": "N83",
        "Lat": 52.1797,
        "Brigade": "172"
      },
      {
        "Lon": 21.0538,
        "Time": "2017-05-14 02:38:12",
        "Lines": "N83",
        "Lat": 52.1804,
        "Brigade": "172"
      },
      {
        "Lon": 21.0539,
        "Time": "2017-05-14 02:38:22",
        "Lines": "N83",
        "Lat": 52.1804,
        "Brigade": "172"
      },
      {
        "Lon": 21.0545,
        "Time": "2017-05-14 02:38:32",
        "Lines": "N83",
        "Lat": 52.1808,
        "Brigade": "172"
      },
      {
        "Lon": 21.0557,
        "Time": "2017-05-14 02:38:42",
        "Lines": "N83",
        "Lat": 52.1816,
        "Brigade": "172"
      },
      {
        "Lon": 21.0568,
        "Time": "2017-05-14 02:38:55",
        "Lines": "N83",
        "Lat": 52.1823,
        "Brigade": "172"
      },
      {
        "Lon": 21.0568,
        "Time": "2017-05-14 02:39:07",
        "Lines": "N83",
        "Lat": 52.1823,
        "Brigade": "172"
      },
      {
        "Lon": 21.0573,
        "Time": "2017-05-14 02:39:17",
        "Lines": "N83",
        "Lat": 52.1827,
        "Brigade": "172"
      },
      {
        "Lon": 21.0585,
        "Time": "2017-05-14 02:39:27",
        "Lines": "N83",
        "Lat": 52.1835,
        "Brigade": "172"
      },
      {
        "Lon": 21.06,
        "Time": "2017-05-14 02:39:37",
        "Lines": "N83",
        "Lat": 52.1844,
        "Brigade": "172"
      },
      {
        "Lon": 21.0608,
        "Time": "2017-05-14 02:39:52",
        "Lines": "N83",
        "Lat": 52.1848,
        "Brigade": "172"
      },
      {
        "Lon": 21.0608,
        "Time": "2017-05-14 02:39:57",
        "Lines": "N83",
        "Lat": 52.1848,
        "Brigade": "172"
      },
      {
        "Lon": 21.062,
        "Time": "2017-05-14 02:40:12",
        "Lines": "N83",
        "Lat": 52.1857,
        "Brigade": "172"
      },
      {
        "Lon": 21.0633,
        "Time": "2017-05-14 02:40:22",
        "Lines": "N83",
        "Lat": 52.1865,
        "Brigade": "172"
      },
      {
        "Lon": 21.0635,
        "Time": "2017-05-14 02:40:32",
        "Lines": "N83",
        "Lat": 52.1865,
        "Brigade": "172"
      },
      {
        "Lon": 21.0638,
        "Time": "2017-05-14 02:40:47",
        "Lines": "N83",
        "Lat": 52.1867,
        "Brigade": "172"
      },
      {
        "Lon": 21.0634,
        "Time": "2017-05-14 02:40:57",
        "Lines": "N83",
        "Lat": 52.1874,
        "Brigade": "172"
      },
      {
        "Lon": 21.0632,
        "Time": "2017-05-14 02:41:02",
        "Lines": "N83",
        "Lat": 52.1875,
        "Brigade": "172"
      },
      {
        "Lon": 21.063,
        "Time": "2017-05-14 02:41:17",
        "Lines": "N83",
        "Lat": 52.1878,
        "Brigade": "172"
      },
      {
        "Lon": 21.0623,
        "Time": "2017-05-14 02:41:27",
        "Lines": "N83",
        "Lat": 52.1884,
        "Brigade": "172"
      },
      {
        "Lon": 21.0604,
        "Time": "2017-05-14 02:41:42",
        "Lines": "N83",
        "Lat": 52.19,
        "Brigade": "172"
      },
      {
        "Lon": 21.0593,
        "Time": "2017-05-14 02:41:53",
        "Lines": "N83",
        "Lat": 52.1909,
        "Brigade": "172"
      },
      {
        "Lon": 21.0593,
        "Time": "2017-05-14 02:42:02",
        "Lines": "N83",
        "Lat": 52.1909,
        "Brigade": "172"
      },
      {
        "Lon": 21.0582,
        "Time": "2017-05-14 02:42:17",
        "Lines": "N83",
        "Lat": 52.1917,
        "Brigade": "172"
      },
      {
        "Lon": 21.057,
        "Time": "2017-05-14 02:42:27",
        "Lines": "N83",
        "Lat": 52.1928,
        "Brigade": "172"
      },
      {
        "Lon": 21.0556,
        "Time": "2017-05-14 02:42:37",
        "Lines": "N83",
        "Lat": 52.1939,
        "Brigade": "172"
      },
      {
        "Lon": 21.0542,
        "Time": "2017-05-14 02:42:47",
        "Lines": "N83",
        "Lat": 52.1951,
        "Brigade": "172"
      },
      {
        "Lon": 21.053,
        "Time": "2017-05-14 02:42:57",
        "Lines": "N83",
        "Lat": 52.1966,
        "Brigade": "172"
      },
      {
        "Lon": 21.0521,
        "Time": "2017-05-14 02:43:07",
        "Lines": "N83",
        "Lat": 52.198,
        "Brigade": "172"
      },
      {
        "Lon": 21.0512,
        "Time": "2017-05-14 02:43:17",
        "Lines": "N83",
        "Lat": 52.1992,
        "Brigade": "172"
      },
      {
        "Lon": 21.0503,
        "Time": "2017-05-14 02:43:32",
        "Lines": "N83",
        "Lat": 52.2013,
        "Brigade": "172"
      },
      {
        "Lon": 21.05,
        "Time": "2017-05-14 02:43:42",
        "Lines": "N83",
        "Lat": 52.2022,
        "Brigade": "172"
      },
      {
        "Lon": 21.0499,
        "Time": "2017-05-14 02:43:52",
        "Lines": "N83",
        "Lat": 52.2023,
        "Brigade": "172"
      },
      {
        "Lon": 21.0499,
        "Time": "2017-05-14 02:44:07",
        "Lines": "N83",
        "Lat": 52.2024,
        "Brigade": "172"
      },
      {
        "Lon": 21.0499,
        "Time": "2017-05-14 02:44:17",
        "Lines": "N83",
        "Lat": 52.2024,
        "Brigade": "172"
      },
      {
        "Lon": 21.0499,
        "Time": "2017-05-14 02:44:27",
        "Lines": "N83",
        "Lat": 52.2028,
        "Brigade": "172"
      },
      {
        "Lon": 21.0497,
        "Time": "2017-05-14 02:44:39",
        "Lines": "N83",
        "Lat": 52.2038,
        "Brigade": "172"
      },
      {
        "Lon": 21.0497,
        "Time": "2017-05-14 02:44:49",
        "Lines": "N83",
        "Lat": 52.2038,
        "Brigade": "172"
      },
      {
        "Lon": 21.0495,
        "Time": "2017-05-14 02:45:02",
        "Lines": "N83",
        "Lat": 52.2043,
        "Brigade": "172"
      },
      {
        "Lon": 21.0492,
        "Time": "2017-05-14 02:45:12",
        "Lines": "N83",
        "Lat": 52.2053,
        "Brigade": "172"
      },
      {
        "Lon": 21.0489,
        "Time": "2017-05-14 02:45:22",
        "Lines": "N83",
        "Lat": 52.2067,
        "Brigade": "172"
      },
      {
        "Lon": 21.0485,
        "Time": "2017-05-14 02:45:35",
        "Lines": "N83",
        "Lat": 52.2079,
        "Brigade": "172"
      },
      {
        "Lon": 21.0485,
        "Time": "2017-05-14 02:45:43",
        "Lines": "N83",
        "Lat": 52.2079,
        "Brigade": "172"
      },
      {
        "Lon": 21.0485,
        "Time": "2017-05-14 02:45:57",
        "Lines": "N83",
        "Lat": 52.2079,
        "Brigade": "172"
      },
      {
        "Lon": 21.0483,
        "Time": "2017-05-14 02:46:07",
        "Lines": "N83",
        "Lat": 52.2085,
        "Brigade": "172"
      },
      {
        "Lon": 21.048,
        "Time": "2017-05-14 02:46:17",
        "Lines": "N83",
        "Lat": 52.2096,
        "Brigade": "172"
      },
      {
        "Lon": 21.0477,
        "Time": "2017-05-14 02:46:27",
        "Lines": "N83",
        "Lat": 52.2109,
        "Brigade": "172"
      },
      {
        "Lon": 21.0476,
        "Time": "2017-05-14 02:46:37",
        "Lines": "N83",
        "Lat": 52.2113,
        "Brigade": "172"
      },
      {
        "Lon": 21.0476,
        "Time": "2017-05-14 02:46:52",
        "Lines": "N83",
        "Lat": 52.2113,
        "Brigade": "172"
      },
      {
        "Lon": 21.0476,
        "Time": "2017-05-14 02:47:02",
        "Lines": "N83",
        "Lat": 52.2113,
        "Brigade": "172"
      },
      {
        "Lon": 21.0476,
        "Time": "2017-05-14 02:47:12",
        "Lines": "N83",
        "Lat": 52.2113,
        "Brigade": "172"
      },
      {
        "Lon": 21.0475,
        "Time": "2017-05-14 02:47:22",
        "Lines": "N83",
        "Lat": 52.2114,
        "Brigade": "172"
      },
      {
        "Lon": 21.0473,
        "Time": "2017-05-14 02:47:32",
        "Lines": "N83",
        "Lat": 52.2123,
        "Brigade": "172"
      },
      {
        "Lon": 21.0466,
        "Time": "2017-05-14 02:47:47",
        "Lines": "N83",
        "Lat": 52.2141,
        "Brigade": "172"
      },
      {
        "Lon": 21.0463,
        "Time": "2017-05-14 02:47:57",
        "Lines": "N83",
        "Lat": 52.2153,
        "Brigade": "172"
      },
      {
        "Lon": 21.0463,
        "Time": "2017-05-14 02:48:07",
        "Lines": "N83",
        "Lat": 52.2154,
        "Brigade": "172"
      },
      {
        "Lon": 21.0462,
        "Time": "2017-05-14 02:48:17",
        "Lines": "N83",
        "Lat": 52.2157,
        "Brigade": "172"
      },
      {
        "Lon": 21.046,
        "Time": "2017-05-14 02:48:32",
        "Lines": "N83",
        "Lat": 52.2173,
        "Brigade": "172"
      },
      {
        "Lon": 21.0459,
        "Time": "2017-05-14 02:48:42",
        "Lines": "N83",
        "Lat": 52.2186,
        "Brigade": "172"
      },
      {
        "Lon": 21.0459,
        "Time": "2017-05-14 02:48:52",
        "Lines": "N83",
        "Lat": 52.2188,
        "Brigade": "172"
      },
      {
        "Lon": 21.0458,
        "Time": "2017-05-14 02:49:02",
        "Lines": "N83",
        "Lat": 52.219,
        "Brigade": "172"
      },
      {
        "Lon": 21.0455,
        "Time": "2017-05-14 02:49:12",
        "Lines": "N83",
        "Lat": 52.2199,
        "Brigade": "172"
      },
      {
        "Lon": 21.0449,
        "Time": "2017-05-14 02:49:27",
        "Lines": "N83",
        "Lat": 52.2212,
        "Brigade": "172"
      },
      {
        "Lon": 21.0449,
        "Time": "2017-05-14 02:49:37",
        "Lines": "N83",
        "Lat": 52.2213,
        "Brigade": "172"
      },
      {
        "Lon": 21.0446,
        "Time": "2017-05-14 02:49:47",
        "Lines": "N83",
        "Lat": 52.2215,
        "Brigade": "172"
      },
      {
        "Lon": 21.043,
        "Time": "2017-05-14 02:49:57",
        "Lines": "N83",
        "Lat": 52.2215,
        "Brigade": "172"
      },
      {
        "Lon": 21.0408,
        "Time": "2017-05-14 02:50:07",
        "Lines": "N83",
        "Lat": 52.2216,
        "Brigade": "172"
      },
      {
        "Lon": 21.0384,
        "Time": "2017-05-14 02:50:17",
        "Lines": "N83",
        "Lat": 52.2217,
        "Brigade": "172"
      },
      {
        "Lon": 21.0367,
        "Time": "2017-05-14 02:50:28",
        "Lines": "N83",
        "Lat": 52.2219,
        "Brigade": "172"
      },
      {
        "Lon": 21.0365,
        "Time": "2017-05-14 02:50:42",
        "Lines": "N83",
        "Lat": 52.222,
        "Brigade": "172"
      },
      {
        "Lon": 21.0362,
        "Time": "2017-05-14 02:50:48",
        "Lines": "N83",
        "Lat": 52.222,
        "Brigade": "172"
      },
      {
        "Lon": 21.0356,
        "Time": "2017-05-14 02:51:02",
        "Lines": "N83",
        "Lat": 52.2224,
        "Brigade": "172"
      },
      {
        "Lon": 21.0352,
        "Time": "2017-05-14 02:51:12",
        "Lines": "N83",
        "Lat": 52.2234,
        "Brigade": "172"
      },
      {
        "Lon": 21.0345,
        "Time": "2017-05-14 02:51:27",
        "Lines": "N83",
        "Lat": 52.2252,
        "Brigade": "172"
      },
      {
        "Lon": 21.0345,
        "Time": "2017-05-14 02:51:37",
        "Lines": "N83",
        "Lat": 52.2254,
        "Brigade": "172"
      },
      {
        "Lon": 21.0343,
        "Time": "2017-05-14 02:51:46",
        "Lines": "N83",
        "Lat": 52.2256,
        "Brigade": "172"
      },
      {
        "Lon": 21.0337,
        "Time": "2017-05-14 02:52:01",
        "Lines": "N83",
        "Lat": 52.2269,
        "Brigade": "172"
      },
      {
        "Lon": 21.0336,
        "Time": "2017-05-14 02:52:06",
        "Lines": "N83",
        "Lat": 52.2272,
        "Brigade": "172"
      },
      {
        "Lon": 21.0332,
        "Time": "2017-05-14 02:52:21",
        "Lines": "N83",
        "Lat": 52.2277,
        "Brigade": "172"
      },
      {
        "Lon": 21.0329,
        "Time": "2017-05-14 02:52:31",
        "Lines": "N83",
        "Lat": 52.2279,
        "Brigade": "172"
      },
      {
        "Lon": 21.0325,
        "Time": "2017-05-14 02:52:46",
        "Lines": "N83",
        "Lat": 52.2283,
        "Brigade": "172"
      },
      {
        "Lon": 21.0319,
        "Time": "2017-05-14 02:52:56",
        "Lines": "N83",
        "Lat": 52.2288,
        "Brigade": "172"
      },
      {
        "Lon": 21.0313,
        "Time": "2017-05-14 02:53:06",
        "Lines": "N83",
        "Lat": 52.2295,
        "Brigade": "172"
      },
      {
        "Lon": 21.031,
        "Time": "2017-05-14 02:53:16",
        "Lines": "N83",
        "Lat": 52.2298,
        "Brigade": "172"
      },
      {
        "Lon": 21.031,
        "Time": "2017-05-14 02:53:26",
        "Lines": "N83",
        "Lat": 52.2298,
        "Brigade": "172"
      },
      {
        "Lon": 21.031,
        "Time": "2017-05-14 02:53:36",
        "Lines": "N83",
        "Lat": 52.2298,
        "Brigade": "172"
      },
      {
        "Lon": 21.0309,
        "Time": "2017-05-14 02:53:46",
        "Lines": "N83",
        "Lat": 52.2299,
        "Brigade": "172"
      },
      {
        "Lon": 21.0308,
        "Time": "2017-05-14 02:54:01",
        "Lines": "N83",
        "Lat": 52.23,
        "Brigade": "172"
      },
      {
        "Lon": 21.0305,
        "Time": "2017-05-14 02:54:11",
        "Lines": "N83",
        "Lat": 52.2302,
        "Brigade": "172"
      },
      {
        "Lon": 21.0297,
        "Time": "2017-05-14 02:54:24",
        "Lines": "N83",
        "Lat": 52.2302,
        "Brigade": "172"
      },
      {
        "Lon": 21.0294,
        "Time": "2017-05-14 02:54:36",
        "Lines": "N83",
        "Lat": 52.2301,
        "Brigade": "172"
      },
      {
        "Lon": 21.0281,
        "Time": "2017-05-14 02:54:46",
        "Lines": "N83",
        "Lat": 52.2299,
        "Brigade": "172"
      },
      {
        "Lon": 21.024,
        "Time": "2017-05-14 02:55:06",
        "Lines": "N83",
        "Lat": 52.2299,
        "Brigade": "172"
      },
      {
        "Lon": 21.0229,
        "Time": "2017-05-14 02:55:16",
        "Lines": "N83",
        "Lat": 52.2297,
        "Brigade": "172"
      },
      {
        "Lon": 21.022,
        "Time": "2017-05-14 02:55:31",
        "Lines": "N83",
        "Lat": 52.2301,
        "Brigade": "172"
      },
      {
        "Lon": 21.0214,
        "Time": "2017-05-14 02:55:41",
        "Lines": "N83",
        "Lat": 52.2308,
        "Brigade": "172"
      },
      {
        "Lon": 21.0211,
        "Time": "2017-05-14 02:55:51",
        "Lines": "N83",
        "Lat": 52.2312,
        "Brigade": "172"
      },
      {
        "Lon": 21.0211,
        "Time": "2017-05-14 02:56:01",
        "Lines": "N83",
        "Lat": 52.2312,
        "Brigade": "172"
      },
      {
        "Lon": 21.0211,
        "Time": "2017-05-14 02:56:16",
        "Lines": "N83",
        "Lat": 52.2316,
        "Brigade": "172"
      },
      {
        "Lon": 21.0209,
        "Time": "2017-05-14 02:56:26",
        "Lines": "N83",
        "Lat": 52.2319,
        "Brigade": "172"
      },
      {
        "Lon": 21.0207,
        "Time": "2017-05-14 02:56:36",
        "Lines": "N83",
        "Lat": 52.2319,
        "Brigade": "172"
      },
      {
        "Lon": 21.0198,
        "Time": "2017-05-14 02:56:46",
        "Lines": "N83",
        "Lat": 52.2316,
        "Brigade": "172"
      },
      {
        "Lon": 21.0183,
        "Time": "2017-05-14 02:56:56",
        "Lines": "N83",
        "Lat": 52.2312,
        "Brigade": "172"
      },
      {
        "Lon": 21.0181,
        "Time": "2017-05-14 02:57:00",
        "Lines": "N83",
        "Lat": 52.2311,
        "Brigade": "172"
      },
      {
        "Lon": 21.0179,
        "Time": "2017-05-14 02:57:21",
        "Lines": "N83",
        "Lat": 52.231,
        "Brigade": "172"
      },
      {
        "Lon": 21.0172,
        "Time": "2017-05-14 02:57:31",
        "Lines": "N83",
        "Lat": 52.2309,
        "Brigade": "172"
      },
      {
        "Lon": 21.0169,
        "Time": "2017-05-14 02:57:41",
        "Lines": "N83",
        "Lat": 52.2308,
        "Brigade": "172"
      },
      {
        "Lon": 21.016,
        "Time": "2017-05-14 02:57:51",
        "Lines": "N83",
        "Lat": 52.2306,
        "Brigade": "172"
      },
      {
        "Lon": 21.0137,
        "Time": "2017-05-14 02:58:06",
        "Lines": "N83",
        "Lat": 52.2301,
        "Brigade": "172"
      },
      {
        "Lon": 21.013,
        "Time": "2017-05-14 02:58:16",
        "Lines": "N83",
        "Lat": 52.2301,
        "Brigade": "172"
      },
      {
        "Lon": 21.0129,
        "Time": "2017-05-14 02:58:26",
        "Lines": "N83",
        "Lat": 52.2301,
        "Brigade": "172"
      },
      {
        "Lon": 21.0127,
        "Time": "2017-05-14 02:58:36",
        "Lines": "N83",
        "Lat": 52.2301,
        "Brigade": "172"
      },
      {
        "Lon": 21.0124,
        "Time": "2017-05-14 02:58:46",
        "Lines": "N83",
        "Lat": 52.2301,
        "Brigade": "172"
      },
      {
        "Lon": 21.011,
        "Time": "2017-05-14 02:59:01",
        "Lines": "N83",
        "Lat": 52.2298,
        "Brigade": "172"
      },
      {
        "Lon": 21.0106,
        "Time": "2017-05-14 02:59:11",
        "Lines": "N83",
        "Lat": 52.2297,
        "Brigade": "172"
      },
      {
        "Lon": 21.0105,
        "Time": "2017-05-14 02:59:21",
        "Lines": "N83",
        "Lat": 52.2297,
        "Brigade": "172"
      },
      {
        "Lon": 21.0101,
        "Time": "2017-05-14 02:59:31",
        "Lines": "N83",
        "Lat": 52.2295,
        "Brigade": "172"
      },
      {
        "Lon": 21.0081,
        "Time": "2017-05-14 02:59:46",
        "Lines": "N83",
        "Lat": 52.2291,
        "Brigade": "172"
      },
      {
        "Lon": 21.0072,
        "Time": "2017-05-14 02:59:51",
        "Lines": "N83",
        "Lat": 52.2289,
        "Brigade": "172"
      },
      {
        "Lon": 21.0063,
        "Time": "2017-05-14 03:00:06",
        "Lines": "N83",
        "Lat": 52.2288,
        "Brigade": "172"
      },
      {
        "Lon": 21.0062,
        "Time": "2017-05-14 03:00:16",
        "Lines": "N83",
        "Lat": 52.2288,
        "Brigade": "172"
      },
      {
        "Lon": 21.0058,
        "Time": "2017-05-14 03:00:26",
        "Lines": "N83",
        "Lat": 52.2287,
        "Brigade": "172"
      },
      {
        "Lon": 21.0054,
        "Time": "2017-05-14 03:00:41",
        "Lines": "N83",
        "Lat": 52.2294,
        "Brigade": "172"
      },
      {
        "Lon": 21.0053,
        "Time": "2017-05-14 03:00:51",
        "Lines": "N83",
        "Lat": 52.2296,
        "Brigade": "172"
      },
      {
        "Lon": 21.0053,
        "Time": "2017-05-14 03:01:01",
        "Lines": "N83",
        "Lat": 52.2296,
        "Brigade": "172"
      },
      {
        "Lon": 21.0053,
        "Time": "2017-05-14 03:01:11",
        "Lines": "N83",
        "Lat": 52.2296,
        "Brigade": "172"
      },
      {
        "Lon": 21.0053,
        "Time": "2017-05-14 03:01:21",
        "Lines": "N83",
        "Lat": 52.2297,
        "Brigade": "172"
      },
      {
        "Lon": 21.0053,
        "Time": "2017-05-14 03:01:36",
        "Lines": "N83",
        "Lat": 52.2296,
        "Brigade": "172"
      },
      {
        "Lon": 21.0053,
        "Time": "2017-05-14 03:01:46",
        "Lines": "N83",
        "Lat": 52.2296,
        "Brigade": "172"
      },
      {
        "Lon": 21.0053,
        "Time": "2017-05-14 03:01:56",
        "Lines": "N83",
        "Lat": 52.2297,
        "Brigade": "172"
      },
      {
        "Lon": 21.0053,
        "Time": "2017-05-14 03:02:06",
        "Lines": "N83",
        "Lat": 52.2296,
        "Brigade": "172"
      },
      {
        "Lon": 21.0053,
        "Time": "2017-05-14 03:02:16",
        "Lines": "N83",
        "Lat": 52.2297,
        "Brigade": "172"
      },
      {
        "Lon": 21.0053,
        "Time": "2017-05-14 03:02:31",
        "Lines": "N83",
        "Lat": 52.2296,
        "Brigade": "172"
      },
      {
        "Lon": 21.0053,
        "Time": "2017-05-14 03:02:41",
        "Lines": "N83",
        "Lat": 52.2296,
        "Brigade": "172"
      },
      {
        "Lon": 21.0053,
        "Time": "2017-05-14 03:02:51",
        "Lines": "N83",
        "Lat": 52.2296,
        "Brigade": "172"
      },
      {
        "Lon": 21.0053,
        "Time": "2017-05-14 03:03:04",
        "Lines": "N83",
        "Lat": 52.2296,
        "Brigade": "172"
      },
      {
        "Lon": 21.0053,
        "Time": "2017-05-14 03:03:11",
        "Lines": "N83",
        "Lat": 52.2296,
        "Brigade": "172"
      },
      {
        "Lon": 21.0053,
        "Time": "2017-05-14 03:03:26",
        "Lines": "N83",
        "Lat": 52.2296,
        "Brigade": "172"
      },
      {
        "Lon": 21.0052,
        "Time": "2017-05-14 03:03:36",
        "Lines": "N83",
        "Lat": 52.2296,
        "Brigade": "172"
      },
      {
        "Lon": 21.0052,
        "Time": "2017-05-14 03:03:46",
        "Lines": "N83",
        "Lat": 52.2297,
        "Brigade": "172"
      },
      {
        "Lon": 21.0052,
        "Time": "2017-05-14 03:03:56",
        "Lines": "N83",
        "Lat": 52.2297,
        "Brigade": "172"
      },
      {
        "Lon": 21.0052,
        "Time": "2017-05-14 03:04:06",
        "Lines": "N83",
        "Lat": 52.2297,
        "Brigade": "172"
      },
      {
        "Lon": 21.0052,
        "Time": "2017-05-14 03:04:21",
        "Lines": "N83",
        "Lat": 52.2297,
        "Brigade": "172"
      },
      {
        "Lon": 21.0051,
        "Time": "2017-05-14 03:04:31",
        "Lines": "N83",
        "Lat": 52.2297,
        "Brigade": "172"
      },
      {
        "Lon": 21.0051,
        "Time": "2017-05-14 03:04:41",
        "Lines": "N83",
        "Lat": 52.2297,
        "Brigade": "172"
      },
      {
        "Lon": 21.0051,
        "Time": "2017-05-14 03:04:51",
        "Lines": "N83",
        "Lat": 52.2297,
        "Brigade": "172"
      },
      {
        "Lon": 21.0051,
        "Time": "2017-05-14 03:05:01",
        "Lines": "N83",
        "Lat": 52.2297,
        "Brigade": "172"
      },
      {
        "Lon": 21.005,
        "Time": "2017-05-14 03:05:11",
        "Lines": "N83",
        "Lat": 52.2297,
        "Brigade": "172"
      },
      {
        "Lon": 21.0049,
        "Time": "2017-05-14 03:05:26",
        "Lines": "N83",
        "Lat": 52.2298,
        "Brigade": "172"
      },
      {
        "Lon": 21.0048,
        "Time": "2017-05-14 03:05:31",
        "Lines": "N83",
        "Lat": 52.2298,
        "Brigade": "172"
      },
      {
        "Lon": 21.0048,
        "Time": "2017-05-14 03:05:46",
        "Lines": "N83",
        "Lat": 52.2299,
        "Brigade": "172"
      },
      {
        "Lon": 21.0047,
        "Time": "2017-05-14 03:06:01",
        "Lines": "N83",
        "Lat": 52.23,
        "Brigade": "172"
      },
      {
        "Lon": 21.0046,
        "Time": "2017-05-14 03:06:11",
        "Lines": "N83",
        "Lat": 52.23,
        "Brigade": "172"
      },
      {
        "Lon": 21.0045,
        "Time": "2017-05-14 03:06:22",
        "Lines": "N83",
        "Lat": 52.2301,
        "Brigade": "172"
      },
      {
        "Lon": 21.0045,
        "Time": "2017-05-14 03:06:31",
        "Lines": "N83",
        "Lat": 52.2301,
        "Brigade": "172"
      },
      {
        "Lon": 21.0045,
        "Time": "2017-05-14 03:06:41",
        "Lines": "N83",
        "Lat": 52.2301,
        "Brigade": "172"
      },
      {
        "Lon": 21.0045,
        "Time": "2017-05-14 03:06:51",
        "Lines": "N83",
        "Lat": 52.2301,
        "Brigade": "172"
      },
      {
        "Lon": 21.0045,
        "Time": "2017-05-14 03:07:06",
        "Lines": "N83",
        "Lat": 52.2301,
        "Brigade": "172"
      },
      {
        "Lon": 21.0046,
        "Time": "2017-05-14 03:07:16",
        "Lines": "N83",
        "Lat": 52.23,
        "Brigade": "172"
      },
      {
        "Lon": 21.0046,
        "Time": "2017-05-14 03:07:26",
        "Lines": "N83",
        "Lat": 52.23,
        "Brigade": "172"
      },
      {
        "Lon": 21.0047,
        "Time": "2017-05-14 03:07:41",
        "Lines": "N83",
        "Lat": 52.23,
        "Brigade": "172"
      }
    ]
  }
]
