[
  {
    "res": [
      {
        "Lon": 21.0033,
        "Time": "2017-05-14 02:44:54",
        "Lines": "N83",
        "Lat": 52.2319,
        "Brigade": "174"
      },
      {
        "Lon": 21.0033,
        "Time": "2017-05-14 02:45:07",
        "Lines": "N83",
        "Lat": 52.2319,
        "Brigade": "174"
      },
      {
        "Lon": 21.0034,
        "Time": "2017-05-14 02:45:19",
        "Lines": "N83",
        "Lat": 52.2319,
        "Brigade": "174"
      },
      {
        "Lon": 21.0034,
        "Time": "2017-05-14 02:45:31",
        "Lines": "N83",
        "Lat": 52.2318,
        "Brigade": "174"
      },
      {
        "Lon": 21.0039,
        "Time": "2017-05-14 02:45:43",
        "Lines": "N83",
        "Lat": 52.2309,
        "Brigade": "174"
      },
      {
        "Lon": 21.0043,
        "Time": "2017-05-14 02:45:55",
        "Lines": "N83",
        "Lat": 52.23,
        "Brigade": "174"
      },
      {
        "Lon": 21.0044,
        "Time": "2017-05-14 02:46:07",
        "Lines": "N83",
        "Lat": 52.23,
        "Brigade": "174"
      },
      {
        "Lon": 21.0044,
        "Time": "2017-05-14 02:46:19",
        "Lines": "N83",
        "Lat": 52.23,
        "Brigade": "174"
      },
      {
        "Lon": 21.0044,
        "Time": "2017-05-14 02:46:31",
        "Lines": "N83",
        "Lat": 52.23,
        "Brigade": "174"
      },
      {
        "Lon": 21.0045,
        "Time": "2017-05-14 02:46:43",
        "Lines": "N83",
        "Lat": 52.2299,
        "Brigade": "174"
      },
      {
        "Lon": 21.0048,
        "Time": "2017-05-14 02:46:55",
        "Lines": "N83",
        "Lat": 52.2294,
        "Brigade": "174"
      },
      {
        "Lon": 21.0052,
        "Time": "2017-05-14 02:47:09",
        "Lines": "N83",
        "Lat": 52.2289,
        "Brigade": "174"
      },
      {
        "Lon": 21.0052,
        "Time": "2017-05-14 02:47:22",
        "Lines": "N83",
        "Lat": 52.2288,
        "Brigade": "174"
      },
      {
        "Lon": 21.0052,
        "Time": "2017-05-14 02:47:34",
        "Lines": "N83",
        "Lat": 52.2288,
        "Brigade": "174"
      },
      {
        "Lon": 21.0052,
        "Time": "2017-05-14 02:47:46",
        "Lines": "N83",
        "Lat": 52.2288,
        "Brigade": "174"
      },
      {
        "Lon": 21.0056,
        "Time": "2017-05-14 02:47:58",
        "Lines": "N83",
        "Lat": 52.2285,
        "Brigade": "174"
      },
      {
        "Lon": 21.0075,
        "Time": "2017-05-14 02:48:12",
        "Lines": "N83",
        "Lat": 52.2289,
        "Brigade": "174"
      },
      {
        "Lon": 21.0097,
        "Time": "2017-05-14 02:48:24",
        "Lines": "N83",
        "Lat": 52.2294,
        "Brigade": "174"
      },
      {
        "Lon": 21.0116,
        "Time": "2017-05-14 02:48:36",
        "Lines": "N83",
        "Lat": 52.2296,
        "Brigade": "174"
      },
      {
        "Lon": 21.0128,
        "Time": "2017-05-14 02:48:48",
        "Lines": "N83",
        "Lat": 52.23,
        "Brigade": "174"
      },
      {
        "Lon": 21.0134,
        "Time": "2017-05-14 02:49:02",
        "Lines": "N83",
        "Lat": 52.2301,
        "Brigade": "174"
      },
      {
        "Lon": 21.0135,
        "Time": "2017-05-14 02:49:14",
        "Lines": "N83",
        "Lat": 52.23,
        "Brigade": "174"
      },
      {
        "Lon": 21.0135,
        "Time": "2017-05-14 02:49:26",
        "Lines": "N83",
        "Lat": 52.2301,
        "Brigade": "174"
      },
      {
        "Lon": 21.0149,
        "Time": "2017-05-14 02:49:38",
        "Lines": "N83",
        "Lat": 52.2304,
        "Brigade": "174"
      },
      {
        "Lon": 21.0158,
        "Time": "2017-05-14 02:49:50",
        "Lines": "N83",
        "Lat": 52.2306,
        "Brigade": "174"
      },
      {
        "Lon": 21.0168,
        "Time": "2017-05-14 02:50:02",
        "Lines": "N83",
        "Lat": 52.2308,
        "Brigade": "174"
      },
      {
        "Lon": 21.0179,
        "Time": "2017-05-14 02:50:14",
        "Lines": "N83",
        "Lat": 52.231,
        "Brigade": "174"
      },
      {
        "Lon": 21.0178,
        "Time": "2017-05-14 02:50:28",
        "Lines": "N83",
        "Lat": 52.231,
        "Brigade": "174"
      },
      {
        "Lon": 21.018,
        "Time": "2017-05-14 02:50:40",
        "Lines": "N83",
        "Lat": 52.2311,
        "Brigade": "174"
      },
      {
        "Lon": 21.0193,
        "Time": "2017-05-14 02:51:04",
        "Lines": "N83",
        "Lat": 52.2306,
        "Brigade": "174"
      },
      {
        "Lon": 21.0205,
        "Time": "2017-05-14 02:51:16",
        "Lines": "N83",
        "Lat": 52.2298,
        "Brigade": "174"
      },
      {
        "Lon": 21.0219,
        "Time": "2017-05-14 02:51:40",
        "Lines": "N83",
        "Lat": 52.2291,
        "Brigade": "174"
      },
      {
        "Lon": 21.0225,
        "Time": "2017-05-14 02:51:52",
        "Lines": "N83",
        "Lat": 52.2286,
        "Brigade": "174"
      },
      {
        "Lon": 21.0228,
        "Time": "2017-05-14 02:52:04",
        "Lines": "N83",
        "Lat": 52.2286,
        "Brigade": "174"
      },
      {
        "Lon": 21.0229,
        "Time": "2017-05-14 02:52:16",
        "Lines": "N83",
        "Lat": 52.2291,
        "Brigade": "174"
      },
      {
        "Lon": 21.0228,
        "Time": "2017-05-14 02:52:29",
        "Lines": "N83",
        "Lat": 52.2294,
        "Brigade": "174"
      },
      {
        "Lon": 21.0227,
        "Time": "2017-05-14 02:52:41",
        "Lines": "N83",
        "Lat": 52.2294,
        "Brigade": "174"
      },
      {
        "Lon": 21.0225,
        "Time": "2017-05-14 02:52:53",
        "Lines": "N83",
        "Lat": 52.2298,
        "Brigade": "174"
      },
      {
        "Lon": 21.024,
        "Time": "2017-05-14 02:53:06",
        "Lines": "N83",
        "Lat": 52.23,
        "Brigade": "174"
      },
      {
        "Lon": 21.0271,
        "Time": "2017-05-14 02:53:19",
        "Lines": "N83",
        "Lat": 52.2299,
        "Brigade": "174"
      },
      {
        "Lon": 21.0298,
        "Time": "2017-05-14 02:53:30",
        "Lines": "N83",
        "Lat": 52.2301,
        "Brigade": "174"
      },
      {
        "Lon": 21.0308,
        "Time": "2017-05-14 02:53:42",
        "Lines": "N83",
        "Lat": 52.2299,
        "Brigade": "174"
      },
      {
        "Lon": 21.0314,
        "Time": "2017-05-14 02:53:55",
        "Lines": "N83",
        "Lat": 52.2293,
        "Brigade": "174"
      },
      {
        "Lon": 21.0314,
        "Time": "2017-05-14 02:54:08",
        "Lines": "N83",
        "Lat": 52.2293,
        "Brigade": "174"
      },
      {
        "Lon": 21.0315,
        "Time": "2017-05-14 02:54:20",
        "Lines": "N83",
        "Lat": 52.2292,
        "Brigade": "174"
      },
      {
        "Lon": 21.0322,
        "Time": "2017-05-14 02:54:32",
        "Lines": "N83",
        "Lat": 52.2285,
        "Brigade": "174"
      },
      {
        "Lon": 21.0324,
        "Time": "2017-05-14 02:54:44",
        "Lines": "N83",
        "Lat": 52.2283,
        "Brigade": "174"
      },
      {
        "Lon": 21.0325,
        "Time": "2017-05-14 02:54:58",
        "Lines": "N83",
        "Lat": 52.2283,
        "Brigade": "174"
      },
      {
        "Lon": 21.0327,
        "Time": "2017-05-14 02:55:12",
        "Lines": "N83",
        "Lat": 52.2282,
        "Brigade": "174"
      },
      {
        "Lon": 21.0329,
        "Time": "2017-05-14 02:55:23",
        "Lines": "N83",
        "Lat": 52.228,
        "Brigade": "174"
      },
      {
        "Lon": 21.0332,
        "Time": "2017-05-14 02:55:35",
        "Lines": "N83",
        "Lat": 52.2277,
        "Brigade": "174"
      },
      {
        "Lon": 21.0339,
        "Time": "2017-05-14 02:55:47",
        "Lines": "N83",
        "Lat": 52.2268,
        "Brigade": "174"
      },
      {
        "Lon": 21.0339,
        "Time": "2017-05-14 02:55:59",
        "Lines": "N83",
        "Lat": 52.2266,
        "Brigade": "174"
      },
      {
        "Lon": 21.0339,
        "Time": "2017-05-14 02:56:13",
        "Lines": "N83",
        "Lat": 52.2266,
        "Brigade": "174"
      },
      {
        "Lon": 21.0343,
        "Time": "2017-05-14 02:56:24",
        "Lines": "N83",
        "Lat": 52.2255,
        "Brigade": "174"
      },
      {
        "Lon": 21.0349,
        "Time": "2017-05-14 02:56:37",
        "Lines": "N83",
        "Lat": 52.2241,
        "Brigade": "174"
      },
      {
        "Lon": 21.0354,
        "Time": "2017-05-14 02:56:49",
        "Lines": "N83",
        "Lat": 52.2228,
        "Brigade": "174"
      },
      {
        "Lon": 21.0356,
        "Time": "2017-05-14 02:57:02",
        "Lines": "N83",
        "Lat": 52.2218,
        "Brigade": "174"
      },
      {
        "Lon": 21.0368,
        "Time": "2017-05-14 02:57:13",
        "Lines": "N83",
        "Lat": 52.2218,
        "Brigade": "174"
      },
      {
        "Lon": 21.0368,
        "Time": "2017-05-14 02:57:25",
        "Lines": "N83",
        "Lat": 52.2218,
        "Brigade": "174"
      },
      {
        "Lon": 21.0379,
        "Time": "2017-05-14 02:57:37",
        "Lines": "N83",
        "Lat": 52.2217,
        "Brigade": "174"
      },
      {
        "Lon": 21.0399,
        "Time": "2017-05-14 02:57:49",
        "Lines": "N83",
        "Lat": 52.2216,
        "Brigade": "174"
      },
      {
        "Lon": 21.0424,
        "Time": "2017-05-14 02:58:01",
        "Lines": "N83",
        "Lat": 52.2215,
        "Brigade": "174"
      },
      {
        "Lon": 21.0443,
        "Time": "2017-05-14 02:58:13",
        "Lines": "N83",
        "Lat": 52.2214,
        "Brigade": "174"
      },
      {
        "Lon": 21.0448,
        "Time": "2017-05-14 02:58:26",
        "Lines": "N83",
        "Lat": 52.2208,
        "Brigade": "174"
      },
      {
        "Lon": 21.0448,
        "Time": "2017-05-14 02:58:39",
        "Lines": "N83",
        "Lat": 52.2207,
        "Brigade": "174"
      },
      {
        "Lon": 21.0449,
        "Time": "2017-05-14 02:58:51",
        "Lines": "N83",
        "Lat": 52.2206,
        "Brigade": "174"
      },
      {
        "Lon": 21.0453,
        "Time": "2017-05-14 02:59:02",
        "Lines": "N83",
        "Lat": 52.2197,
        "Brigade": "174"
      },
      {
        "Lon": 21.0457,
        "Time": "2017-05-14 02:59:15",
        "Lines": "N83",
        "Lat": 52.2182,
        "Brigade": "174"
      },
      {
        "Lon": 21.0458,
        "Time": "2017-05-14 02:59:29",
        "Lines": "N83",
        "Lat": 52.2165,
        "Brigade": "174"
      },
      {
        "Lon": 21.0459,
        "Time": "2017-05-14 02:59:40",
        "Lines": "N83",
        "Lat": 52.2153,
        "Brigade": "174"
      },
      {
        "Lon": 21.0459,
        "Time": "2017-05-14 02:59:52",
        "Lines": "N83",
        "Lat": 52.2151,
        "Brigade": "174"
      },
      {
        "Lon": 21.046,
        "Time": "2017-05-14 03:00:05",
        "Lines": "N83",
        "Lat": 52.2149,
        "Brigade": "174"
      },
      {
        "Lon": 21.0465,
        "Time": "2017-05-14 03:00:18",
        "Lines": "N83",
        "Lat": 52.2136,
        "Brigade": "174"
      },
      {
        "Lon": 21.0468,
        "Time": "2017-05-14 03:00:30",
        "Lines": "N83",
        "Lat": 52.2125,
        "Brigade": "174"
      },
      {
        "Lon": 21.047,
        "Time": "2017-05-14 03:00:42",
        "Lines": "N83",
        "Lat": 52.2121,
        "Brigade": "174"
      },
      {
        "Lon": 21.047,
        "Time": "2017-05-14 03:00:54",
        "Lines": "N83",
        "Lat": 52.2121,
        "Brigade": "174"
      },
      {
        "Lon": 21.0472,
        "Time": "2017-05-14 03:01:07",
        "Lines": "N83",
        "Lat": 52.2117,
        "Brigade": "174"
      },
      {
        "Lon": 21.0475,
        "Time": "2017-05-14 03:01:19",
        "Lines": "N83",
        "Lat": 52.2104,
        "Brigade": "174"
      },
      {
        "Lon": 21.0479,
        "Time": "2017-05-14 03:01:31",
        "Lines": "N83",
        "Lat": 52.209,
        "Brigade": "174"
      },
      {
        "Lon": 21.0482,
        "Time": "2017-05-14 03:01:43",
        "Lines": "N83",
        "Lat": 52.2078,
        "Brigade": "174"
      },
      {
        "Lon": 21.0482,
        "Time": "2017-05-14 03:01:55",
        "Lines": "N83",
        "Lat": 52.2075,
        "Brigade": "174"
      },
      {
        "Lon": 21.0484,
        "Time": "2017-05-14 03:02:07",
        "Lines": "N83",
        "Lat": 52.2068,
        "Brigade": "174"
      },
      {
        "Lon": 21.0486,
        "Time": "2017-05-14 03:02:19",
        "Lines": "N83",
        "Lat": 52.2058,
        "Brigade": "174"
      },
      {
        "Lon": 21.0486,
        "Time": "2017-05-14 03:02:31",
        "Lines": "N83",
        "Lat": 52.2058,
        "Brigade": "174"
      },
      {
        "Lon": 21.0486,
        "Time": "2017-05-14 03:02:43",
        "Lines": "N83",
        "Lat": 52.2058,
        "Brigade": "174"
      },
      {
        "Lon": 21.0488,
        "Time": "2017-05-14 03:02:55",
        "Lines": "N83",
        "Lat": 52.2051,
        "Brigade": "174"
      },
      {
        "Lon": 21.0492,
        "Time": "2017-05-14 03:03:08",
        "Lines": "N83",
        "Lat": 52.2039,
        "Brigade": "174"
      },
      {
        "Lon": 21.0495,
        "Time": "2017-05-14 03:03:25",
        "Lines": "N83",
        "Lat": 52.2026,
        "Brigade": "174"
      },
      {
        "Lon": 21.0498,
        "Time": "2017-05-14 03:03:37",
        "Lines": "N83",
        "Lat": 52.2014,
        "Brigade": "174"
      },
      {
        "Lon": 21.0497,
        "Time": "2017-05-14 03:03:51",
        "Lines": "N83",
        "Lat": 52.2014,
        "Brigade": "174"
      },
      {
        "Lon": 21.05,
        "Time": "2017-05-14 03:04:03",
        "Lines": "N83",
        "Lat": 52.2008,
        "Brigade": "174"
      },
      {
        "Lon": 21.0504,
        "Time": "2017-05-14 03:04:15",
        "Lines": "N83",
        "Lat": 52.1996,
        "Brigade": "174"
      },
      {
        "Lon": 21.0507,
        "Time": "2017-05-14 03:04:27",
        "Lines": "N83",
        "Lat": 52.1985,
        "Brigade": "174"
      },
      {
        "Lon": 21.0511,
        "Time": "2017-05-14 03:04:40",
        "Lines": "N83",
        "Lat": 52.1977,
        "Brigade": "174"
      },
      {
        "Lon": 21.0518,
        "Time": "2017-05-14 03:04:52",
        "Lines": "N83",
        "Lat": 52.197,
        "Brigade": "174"
      },
      {
        "Lon": 21.0525,
        "Time": "2017-05-14 03:05:04",
        "Lines": "N83",
        "Lat": 52.1962,
        "Brigade": "174"
      },
      {
        "Lon": 21.0525,
        "Time": "2017-05-14 03:05:16",
        "Lines": "N83",
        "Lat": 52.1962,
        "Brigade": "174"
      },
      {
        "Lon": 21.0531,
        "Time": "2017-05-14 03:05:28",
        "Lines": "N83",
        "Lat": 52.1958,
        "Brigade": "174"
      },
      {
        "Lon": 21.0543,
        "Time": "2017-05-14 03:05:40",
        "Lines": "N83",
        "Lat": 52.1947,
        "Brigade": "174"
      },
      {
        "Lon": 21.0555,
        "Time": "2017-05-14 03:05:52",
        "Lines": "N83",
        "Lat": 52.1936,
        "Brigade": "174"
      },
      {
        "Lon": 21.0559,
        "Time": "2017-05-14 03:06:06",
        "Lines": "N83",
        "Lat": 52.1932,
        "Brigade": "174"
      },
      {
        "Lon": 21.0565,
        "Time": "2017-05-14 03:06:18",
        "Lines": "N83",
        "Lat": 52.1927,
        "Brigade": "174"
      },
      {
        "Lon": 21.0572,
        "Time": "2017-05-14 03:06:45",
        "Lines": "N83",
        "Lat": 52.1922,
        "Brigade": "174"
      },
      {
        "Lon": 21.0583,
        "Time": "2017-05-14 03:06:57",
        "Lines": "N83",
        "Lat": 52.1914,
        "Brigade": "174"
      },
      {
        "Lon": 21.0598,
        "Time": "2017-05-14 03:07:10",
        "Lines": "N83",
        "Lat": 52.1902,
        "Brigade": "174"
      },
      {
        "Lon": 21.0612,
        "Time": "2017-05-14 03:07:23",
        "Lines": "N83",
        "Lat": 52.189,
        "Brigade": "174"
      },
      {
        "Lon": 21.0626,
        "Time": "2017-05-14 03:07:35",
        "Lines": "N83",
        "Lat": 52.1878,
        "Brigade": "174"
      },
      {
        "Lon": 21.0636,
        "Time": "2017-05-14 03:07:47",
        "Lines": "N83",
        "Lat": 52.1869,
        "Brigade": "174"
      },
      {
        "Lon": 21.063,
        "Time": "2017-05-14 03:07:59",
        "Lines": "N83",
        "Lat": 52.1863,
        "Brigade": "174"
      },
      {
        "Lon": 21.0627,
        "Time": "2017-05-14 03:08:11",
        "Lines": "N83",
        "Lat": 52.1861,
        "Brigade": "174"
      },
      {
        "Lon": 21.0626,
        "Time": "2017-05-14 03:08:23",
        "Lines": "N83",
        "Lat": 52.1861,
        "Brigade": "174"
      },
      {
        "Lon": 21.0617,
        "Time": "2017-05-14 03:08:35",
        "Lines": "N83",
        "Lat": 52.1854,
        "Brigade": "174"
      },
      {
        "Lon": 21.0603,
        "Time": "2017-05-14 03:08:49",
        "Lines": "N83",
        "Lat": 52.1846,
        "Brigade": "174"
      },
      {
        "Lon": 21.0602,
        "Time": "2017-05-14 03:09:01",
        "Lines": "N83",
        "Lat": 52.1846,
        "Brigade": "174"
      },
      {
        "Lon": 21.0603,
        "Time": "2017-05-14 03:09:13",
        "Lines": "N83",
        "Lat": 52.1846,
        "Brigade": "174"
      },
      {
        "Lon": 21.0601,
        "Time": "2017-05-14 03:09:25",
        "Lines": "N83",
        "Lat": 52.1845,
        "Brigade": "174"
      },
      {
        "Lon": 21.0588,
        "Time": "2017-05-14 03:09:38",
        "Lines": "N83",
        "Lat": 52.1836,
        "Brigade": "174"
      },
      {
        "Lon": 21.0572,
        "Time": "2017-05-14 03:09:50",
        "Lines": "N83",
        "Lat": 52.1827,
        "Brigade": "174"
      },
      {
        "Lon": 21.0561,
        "Time": "2017-05-14 03:10:14",
        "Lines": "N83",
        "Lat": 52.182,
        "Brigade": "174"
      },
      {
        "Lon": 21.0562,
        "Time": "2017-05-14 03:10:38",
        "Lines": "N83",
        "Lat": 52.182,
        "Brigade": "174"
      },
      {
        "Lon": 21.0562,
        "Time": "2017-05-14 03:10:50",
        "Lines": "N83",
        "Lat": 52.182,
        "Brigade": "174"
      },
      {
        "Lon": 21.0561,
        "Time": "2017-05-14 03:11:02",
        "Lines": "N83",
        "Lat": 52.182,
        "Brigade": "174"
      },
      {
        "Lon": 21.0551,
        "Time": "2017-05-14 03:11:14",
        "Lines": "N83",
        "Lat": 52.1813,
        "Brigade": "174"
      },
      {
        "Lon": 21.0547,
        "Time": "2017-05-14 03:11:26",
        "Lines": "N83",
        "Lat": 52.1811,
        "Brigade": "174"
      },
      {
        "Lon": 21.0547,
        "Time": "2017-05-14 03:11:38",
        "Lines": "N83",
        "Lat": 52.1811,
        "Brigade": "174"
      },
      {
        "Lon": 21.0543,
        "Time": "2017-05-14 03:11:50",
        "Lines": "N83",
        "Lat": 52.1808,
        "Brigade": "174"
      },
      {
        "Lon": 21.053,
        "Time": "2017-05-14 03:12:02",
        "Lines": "N83",
        "Lat": 52.1799,
        "Brigade": "174"
      },
      {
        "Lon": 21.0525,
        "Time": "2017-05-14 03:12:16",
        "Lines": "N83",
        "Lat": 52.1796,
        "Brigade": "174"
      },
      {
        "Lon": 21.0525,
        "Time": "2017-05-14 03:12:28",
        "Lines": "N83",
        "Lat": 52.1796,
        "Brigade": "174"
      },
      {
        "Lon": 21.0523,
        "Time": "2017-05-14 03:12:40",
        "Lines": "N83",
        "Lat": 52.1795,
        "Brigade": "174"
      },
      {
        "Lon": 21.051,
        "Time": "2017-05-14 03:12:52",
        "Lines": "N83",
        "Lat": 52.1787,
        "Brigade": "174"
      },
      {
        "Lon": 21.0488,
        "Time": "2017-05-14 03:13:06",
        "Lines": "N83",
        "Lat": 52.1778,
        "Brigade": "174"
      },
      {
        "Lon": 21.0473,
        "Time": "2017-05-14 03:13:18",
        "Lines": "N83",
        "Lat": 52.1776,
        "Brigade": "174"
      },
      {
        "Lon": 21.0473,
        "Time": "2017-05-14 03:13:30",
        "Lines": "N83",
        "Lat": 52.1777,
        "Brigade": "174"
      },
      {
        "Lon": 21.0466,
        "Time": "2017-05-14 03:13:42",
        "Lines": "N83",
        "Lat": 52.1775,
        "Brigade": "174"
      },
      {
        "Lon": 21.0459,
        "Time": "2017-05-14 03:13:56",
        "Lines": "N83",
        "Lat": 52.1775,
        "Brigade": "174"
      },
      {
        "Lon": 21.0459,
        "Time": "2017-05-14 03:14:08",
        "Lines": "N83",
        "Lat": 52.1774,
        "Brigade": "174"
      },
      {
        "Lon": 21.0459,
        "Time": "2017-05-14 03:14:20",
        "Lines": "N83",
        "Lat": 52.1774,
        "Brigade": "174"
      },
      {
        "Lon": 21.0459,
        "Time": "2017-05-14 03:14:32",
        "Lines": "N83",
        "Lat": 52.1774,
        "Brigade": "174"
      },
      {
        "Lon": 21.0459,
        "Time": "2017-05-14 03:14:44",
        "Lines": "N83",
        "Lat": 52.1774,
        "Brigade": "174"
      },
      {
        "Lon": 21.0459,
        "Time": "2017-05-14 03:14:57",
        "Lines": "N83",
        "Lat": 52.1774,
        "Brigade": "174"
      },
      {
        "Lon": 21.0454,
        "Time": "2017-05-14 03:15:09",
        "Lines": "N83",
        "Lat": 52.1774,
        "Brigade": "174"
      },
      {
        "Lon": 21.0442,
        "Time": "2017-05-14 03:15:22",
        "Lines": "N83",
        "Lat": 52.177,
        "Brigade": "174"
      },
      {
        "Lon": 21.0441,
        "Time": "2017-05-14 03:15:33",
        "Lines": "N83",
        "Lat": 52.176,
        "Brigade": "174"
      },
      {
        "Lon": 21.044,
        "Time": "2017-05-14 03:15:45",
        "Lines": "N83",
        "Lat": 52.1757,
        "Brigade": "174"
      },
      {
        "Lon": 21.044,
        "Time": "2017-05-14 03:15:58",
        "Lines": "N83",
        "Lat": 52.1757,
        "Brigade": "174"
      },
      {
        "Lon": 21.044,
        "Time": "2017-05-14 03:16:10",
        "Lines": "N83",
        "Lat": 52.1756,
        "Brigade": "174"
      },
      {
        "Lon": 21.0439,
        "Time": "2017-05-14 03:16:23",
        "Lines": "N83",
        "Lat": 52.1746,
        "Brigade": "174"
      },
      {
        "Lon": 21.0435,
        "Time": "2017-05-14 03:16:35",
        "Lines": "N83",
        "Lat": 52.1733,
        "Brigade": "174"
      },
      {
        "Lon": 21.0422,
        "Time": "2017-05-14 03:16:47",
        "Lines": "N83",
        "Lat": 52.1718,
        "Brigade": "174"
      },
      {
        "Lon": 21.0411,
        "Time": "2017-05-14 03:16:59",
        "Lines": "N83",
        "Lat": 52.1709,
        "Brigade": "174"
      },
      {
        "Lon": 21.0405,
        "Time": "2017-05-14 03:17:12",
        "Lines": "N83",
        "Lat": 52.171,
        "Brigade": "174"
      },
      {
        "Lon": 21.0403,
        "Time": "2017-05-14 03:17:23",
        "Lines": "N83",
        "Lat": 52.1713,
        "Brigade": "174"
      },
      {
        "Lon": 21.0402,
        "Time": "2017-05-14 03:17:37",
        "Lines": "N83",
        "Lat": 52.1716,
        "Brigade": "174"
      },
      {
        "Lon": 21.0392,
        "Time": "2017-05-14 03:17:48",
        "Lines": "N83",
        "Lat": 52.1726,
        "Brigade": "174"
      },
      {
        "Lon": 21.0376,
        "Time": "2017-05-14 03:18:00",
        "Lines": "N83",
        "Lat": 52.1732,
        "Brigade": "174"
      },
      {
        "Lon": 21.036,
        "Time": "2017-05-14 03:18:12",
        "Lines": "N83",
        "Lat": 52.1735,
        "Brigade": "174"
      },
      {
        "Lon": 21.034,
        "Time": "2017-05-14 03:18:24",
        "Lines": "N83",
        "Lat": 52.1735,
        "Brigade": "174"
      },
      {
        "Lon": 21.032,
        "Time": "2017-05-14 03:18:36",
        "Lines": "N83",
        "Lat": 52.1735,
        "Brigade": "174"
      },
      {
        "Lon": 21.0316,
        "Time": "2017-05-14 03:18:48",
        "Lines": "N83",
        "Lat": 52.1735,
        "Brigade": "174"
      },
      {
        "Lon": 21.0304,
        "Time": "2017-05-14 03:19:00",
        "Lines": "N83",
        "Lat": 52.1735,
        "Brigade": "174"
      }
    ]
  }
]
