[
  {
    "res": [
      {
        "Lon": 20.8973,
        "Time": "2017-05-14 00:00:13",
        "Lines": "N95",
        "Lat": 52.2397,
        "Brigade": "195"
      },
      {
        "Lon": 20.8971,
        "Time": "2017-05-14 00:00:24",
        "Lines": "N95",
        "Lat": 52.2397,
        "Brigade": "195"
      },
      {
        "Lon": 20.8966,
        "Time": "2017-05-14 00:00:34",
        "Lines": "N95",
        "Lat": 52.2398,
        "Brigade": "195"
      },
      {
        "Lon": 20.8951,
        "Time": "2017-05-14 00:00:45",
        "Lines": "N95",
        "Lat": 52.2398,
        "Brigade": "195"
      },
      {
        "Lon": 20.895,
        "Time": "2017-05-14 00:00:56",
        "Lines": "N95",
        "Lat": 52.2398,
        "Brigade": "195"
      },
      {
        "Lon": 20.8944,
        "Time": "2017-05-14 00:01:06",
        "Lines": "N95",
        "Lat": 52.2398,
        "Brigade": "195"
      },
      {
        "Lon": 20.8924,
        "Time": "2017-05-14 00:01:17",
        "Lines": "N95",
        "Lat": 52.2399,
        "Brigade": "195"
      },
      {
        "Lon": 20.89,
        "Time": "2017-05-14 00:01:28",
        "Lines": "N95",
        "Lat": 52.2401,
        "Brigade": "195"
      },
      {
        "Lon": 20.8875,
        "Time": "2017-05-14 00:01:38",
        "Lines": "N95",
        "Lat": 52.2403,
        "Brigade": "195"
      },
      {
        "Lon": 20.8851,
        "Time": "2017-05-14 00:01:49",
        "Lines": "N95",
        "Lat": 52.2404,
        "Brigade": "195"
      },
      {
        "Lon": 20.885,
        "Time": "2017-05-14 00:02:00",
        "Lines": "N95",
        "Lat": 52.2409,
        "Brigade": "195"
      },
      {
        "Lon": 20.8855,
        "Time": "2017-05-14 00:02:10",
        "Lines": "N95",
        "Lat": 52.2422,
        "Brigade": "195"
      },
      {
        "Lon": 20.8857,
        "Time": "2017-05-14 00:02:21",
        "Lines": "N95",
        "Lat": 52.2431,
        "Brigade": "195"
      },
      {
        "Lon": 20.8842,
        "Time": "2017-05-14 00:02:32",
        "Lines": "N95",
        "Lat": 52.2433,
        "Brigade": "195"
      },
      {
        "Lon": 20.8834,
        "Time": "2017-05-14 00:02:43",
        "Lines": "N95",
        "Lat": 52.2436,
        "Brigade": "195"
      },
      {
        "Lon": 20.8833,
        "Time": "2017-05-14 00:02:54",
        "Lines": "N95",
        "Lat": 52.2447,
        "Brigade": "195"
      },
      {
        "Lon": 20.8835,
        "Time": "2017-05-14 00:03:04",
        "Lines": "N95",
        "Lat": 52.2461,
        "Brigade": "195"
      },
      {
        "Lon": 20.8837,
        "Time": "2017-05-14 00:03:14",
        "Lines": "N95",
        "Lat": 52.2473,
        "Brigade": "195"
      },
      {
        "Lon": 20.8824,
        "Time": "2017-05-14 00:03:25",
        "Lines": "N95",
        "Lat": 52.2477,
        "Brigade": "195"
      },
      {
        "Lon": 20.8804,
        "Time": "2017-05-14 00:03:38",
        "Lines": "N95",
        "Lat": 52.248,
        "Brigade": "195"
      },
      {
        "Lon": 20.8799,
        "Time": "2017-05-14 00:03:46",
        "Lines": "N95",
        "Lat": 52.2484,
        "Brigade": "195"
      },
      {
        "Lon": 20.8803,
        "Time": "2017-05-14 00:03:57",
        "Lines": "N95",
        "Lat": 52.2495,
        "Brigade": "195"
      },
      {
        "Lon": 20.8807,
        "Time": "2017-05-14 00:04:08",
        "Lines": "N95",
        "Lat": 52.2506,
        "Brigade": "195"
      },
      {
        "Lon": 20.8808,
        "Time": "2017-05-14 00:04:18",
        "Lines": "N95",
        "Lat": 52.2508,
        "Brigade": "195"
      },
      {
        "Lon": 20.8809,
        "Time": "2017-05-14 00:04:29",
        "Lines": "N95",
        "Lat": 52.2511,
        "Brigade": "195"
      },
      {
        "Lon": 20.8823,
        "Time": "2017-05-14 00:04:50",
        "Lines": "N95",
        "Lat": 52.2516,
        "Brigade": "195"
      },
      {
        "Lon": 20.8852,
        "Time": "2017-05-14 00:05:11",
        "Lines": "N95",
        "Lat": 52.2512,
        "Brigade": "195"
      },
      {
        "Lon": 20.887,
        "Time": "2017-05-14 00:05:22",
        "Lines": "N95",
        "Lat": 52.251,
        "Brigade": "195"
      },
      {
        "Lon": 20.8892,
        "Time": "2017-05-14 00:05:33",
        "Lines": "N95",
        "Lat": 52.2506,
        "Brigade": "195"
      },
      {
        "Lon": 20.8932,
        "Time": "2017-05-14 00:05:54",
        "Lines": "N95",
        "Lat": 52.2498,
        "Brigade": "195"
      },
      {
        "Lon": 20.8957,
        "Time": "2017-05-14 00:06:05",
        "Lines": "N95",
        "Lat": 52.2496,
        "Brigade": "195"
      },
      {
        "Lon": 20.8975,
        "Time": "2017-05-14 00:06:17",
        "Lines": "N95",
        "Lat": 52.2493,
        "Brigade": "195"
      },
      {
        "Lon": 20.8978,
        "Time": "2017-05-14 00:06:26",
        "Lines": "N95",
        "Lat": 52.2493,
        "Brigade": "195"
      },
      {
        "Lon": 20.8979,
        "Time": "2017-05-14 00:06:37",
        "Lines": "N95",
        "Lat": 52.2493,
        "Brigade": "195"
      },
      {
        "Lon": 20.8982,
        "Time": "2017-05-14 00:06:48",
        "Lines": "N95",
        "Lat": 52.2495,
        "Brigade": "195"
      },
      {
        "Lon": 20.8984,
        "Time": "2017-05-14 00:06:58",
        "Lines": "N95",
        "Lat": 52.2504,
        "Brigade": "195"
      },
      {
        "Lon": 20.8984,
        "Time": "2017-05-14 00:07:09",
        "Lines": "N95",
        "Lat": 52.2517,
        "Brigade": "195"
      },
      {
        "Lon": 20.8982,
        "Time": "2017-05-14 00:07:20",
        "Lines": "N95",
        "Lat": 52.253,
        "Brigade": "195"
      },
      {
        "Lon": 20.8981,
        "Time": "2017-05-14 00:07:30",
        "Lines": "N95",
        "Lat": 52.2545,
        "Brigade": "195"
      },
      {
        "Lon": 20.8979,
        "Time": "2017-05-14 00:07:41",
        "Lines": "N95",
        "Lat": 52.256,
        "Brigade": "195"
      },
      {
        "Lon": 20.8979,
        "Time": "2017-05-14 00:07:52",
        "Lines": "N95",
        "Lat": 52.2562,
        "Brigade": "195"
      },
      {
        "Lon": 20.8979,
        "Time": "2017-05-14 00:08:02",
        "Lines": "N95",
        "Lat": 52.2563,
        "Brigade": "195"
      },
      {
        "Lon": 20.8977,
        "Time": "2017-05-14 00:08:13",
        "Lines": "N95",
        "Lat": 52.2573,
        "Brigade": "195"
      },
      {
        "Lon": 20.8979,
        "Time": "2017-05-14 00:08:24",
        "Lines": "N95",
        "Lat": 52.258,
        "Brigade": "195"
      },
      {
        "Lon": 20.8987,
        "Time": "2017-05-14 00:08:35",
        "Lines": "N95",
        "Lat": 52.2585,
        "Brigade": "195"
      },
      {
        "Lon": 20.8998,
        "Time": "2017-05-14 00:08:46",
        "Lines": "N95",
        "Lat": 52.2581,
        "Brigade": "195"
      },
      {
        "Lon": 20.9013,
        "Time": "2017-05-14 00:08:56",
        "Lines": "N95",
        "Lat": 52.2573,
        "Brigade": "195"
      },
      {
        "Lon": 20.9058,
        "Time": "2017-05-14 00:09:27",
        "Lines": "N95",
        "Lat": 52.2551,
        "Brigade": "195"
      },
      {
        "Lon": 20.906,
        "Time": "2017-05-14 00:09:39",
        "Lines": "N95",
        "Lat": 52.255,
        "Brigade": "195"
      },
      {
        "Lon": 20.9074,
        "Time": "2017-05-14 00:09:49",
        "Lines": "N95",
        "Lat": 52.2545,
        "Brigade": "195"
      },
      {
        "Lon": 20.9092,
        "Time": "2017-05-14 00:10:00",
        "Lines": "N95",
        "Lat": 52.2541,
        "Brigade": "195"
      },
      {
        "Lon": 20.9199,
        "Time": "2017-05-14 00:11:25",
        "Lines": "N95",
        "Lat": 52.2491,
        "Brigade": "195"
      },
      {
        "Lon": 20.9216,
        "Time": "2017-05-14 00:11:36",
        "Lines": "N95",
        "Lat": 52.2484,
        "Brigade": "195"
      },
      {
        "Lon": 20.9233,
        "Time": "2017-05-14 00:11:46",
        "Lines": "N95",
        "Lat": 52.2476,
        "Brigade": "195"
      },
      {
        "Lon": 20.9243,
        "Time": "2017-05-14 00:11:57",
        "Lines": "N95",
        "Lat": 52.2473,
        "Brigade": "195"
      },
      {
        "Lon": 20.9243,
        "Time": "2017-05-14 00:12:08",
        "Lines": "N95",
        "Lat": 52.2473,
        "Brigade": "195"
      },
      {
        "Lon": 20.9243,
        "Time": "2017-05-14 00:12:18",
        "Lines": "N95",
        "Lat": 52.2473,
        "Brigade": "195"
      },
      {
        "Lon": 20.925,
        "Time": "2017-05-14 00:12:29",
        "Lines": "N95",
        "Lat": 52.2472,
        "Brigade": "195"
      },
      {
        "Lon": 20.9267,
        "Time": "2017-05-14 00:12:40",
        "Lines": "N95",
        "Lat": 52.2471,
        "Brigade": "195"
      },
      {
        "Lon": 20.9288,
        "Time": "2017-05-14 00:12:50",
        "Lines": "N95",
        "Lat": 52.247,
        "Brigade": "195"
      },
      {
        "Lon": 20.9312,
        "Time": "2017-05-14 00:13:01",
        "Lines": "N95",
        "Lat": 52.2469,
        "Brigade": "195"
      },
      {
        "Lon": 20.9333,
        "Time": "2017-05-14 00:13:12",
        "Lines": "N95",
        "Lat": 52.2468,
        "Brigade": "195"
      },
      {
        "Lon": 20.9375,
        "Time": "2017-05-14 00:13:33",
        "Lines": "N95",
        "Lat": 52.2466,
        "Brigade": "195"
      },
      {
        "Lon": 20.9391,
        "Time": "2017-05-14 00:13:44",
        "Lines": "N95",
        "Lat": 52.2466,
        "Brigade": "195"
      },
      {
        "Lon": 20.9429,
        "Time": "2017-05-14 00:14:05",
        "Lines": "N95",
        "Lat": 52.2468,
        "Brigade": "195"
      },
      {
        "Lon": 20.9445,
        "Time": "2017-05-14 00:14:15",
        "Lines": "N95",
        "Lat": 52.2468,
        "Brigade": "195"
      },
      {
        "Lon": 20.9463,
        "Time": "2017-05-14 00:14:26",
        "Lines": "N95",
        "Lat": 52.2469,
        "Brigade": "195"
      },
      {
        "Lon": 20.9472,
        "Time": "2017-05-14 00:14:37",
        "Lines": "N95",
        "Lat": 52.247,
        "Brigade": "195"
      },
      {
        "Lon": 20.9472,
        "Time": "2017-05-14 00:14:47",
        "Lines": "N95",
        "Lat": 52.247,
        "Brigade": "195"
      },
      {
        "Lon": 20.9475,
        "Time": "2017-05-14 00:14:58",
        "Lines": "N95",
        "Lat": 52.247,
        "Brigade": "195"
      },
      {
        "Lon": 20.9491,
        "Time": "2017-05-14 00:15:09",
        "Lines": "N95",
        "Lat": 52.247,
        "Brigade": "195"
      },
      {
        "Lon": 20.9509,
        "Time": "2017-05-14 00:15:19",
        "Lines": "N95",
        "Lat": 52.2471,
        "Brigade": "195"
      },
      {
        "Lon": 20.9527,
        "Time": "2017-05-14 00:15:30",
        "Lines": "N95",
        "Lat": 52.2472,
        "Brigade": "195"
      },
      {
        "Lon": 20.9529,
        "Time": "2017-05-14 00:15:41",
        "Lines": "N95",
        "Lat": 52.2472,
        "Brigade": "195"
      },
      {
        "Lon": 20.9536,
        "Time": "2017-05-14 00:15:51",
        "Lines": "N95",
        "Lat": 52.2473,
        "Brigade": "195"
      },
      {
        "Lon": 20.9555,
        "Time": "2017-05-14 00:16:02",
        "Lines": "N95",
        "Lat": 52.2473,
        "Brigade": "195"
      },
      {
        "Lon": 20.9567,
        "Time": "2017-05-14 00:16:13",
        "Lines": "N95",
        "Lat": 52.2474,
        "Brigade": "195"
      },
      {
        "Lon": 20.9567,
        "Time": "2017-05-14 00:16:24",
        "Lines": "N95",
        "Lat": 52.2475,
        "Brigade": "195"
      },
      {
        "Lon": 20.9568,
        "Time": "2017-05-14 00:16:34",
        "Lines": "N95",
        "Lat": 52.2475,
        "Brigade": "195"
      },
      {
        "Lon": 20.9568,
        "Time": "2017-05-14 00:16:45",
        "Lines": "N95",
        "Lat": 52.2475,
        "Brigade": "195"
      },
      {
        "Lon": 20.9575,
        "Time": "2017-05-14 00:16:55",
        "Lines": "N95",
        "Lat": 52.2474,
        "Brigade": "195"
      },
      {
        "Lon": 20.9585,
        "Time": "2017-05-14 00:17:17",
        "Lines": "N95",
        "Lat": 52.2474,
        "Brigade": "195"
      },
      {
        "Lon": 20.9599,
        "Time": "2017-05-14 00:17:28",
        "Lines": "N95",
        "Lat": 52.2474,
        "Brigade": "195"
      },
      {
        "Lon": 20.9614,
        "Time": "2017-05-14 00:17:38",
        "Lines": "N95",
        "Lat": 52.2468,
        "Brigade": "195"
      },
      {
        "Lon": 20.9626,
        "Time": "2017-05-14 00:17:49",
        "Lines": "N95",
        "Lat": 52.2461,
        "Brigade": "195"
      },
      {
        "Lon": 20.9629,
        "Time": "2017-05-14 00:18:00",
        "Lines": "N95",
        "Lat": 52.246,
        "Brigade": "195"
      },
      {
        "Lon": 20.963,
        "Time": "2017-05-14 00:18:10",
        "Lines": "N95",
        "Lat": 52.2459,
        "Brigade": "195"
      },
      {
        "Lon": 20.9641,
        "Time": "2017-05-14 00:18:21",
        "Lines": "N95",
        "Lat": 52.2454,
        "Brigade": "195"
      },
      {
        "Lon": 20.9653,
        "Time": "2017-05-14 00:18:33",
        "Lines": "N95",
        "Lat": 52.2447,
        "Brigade": "195"
      },
      {
        "Lon": 20.9664,
        "Time": "2017-05-14 00:18:43",
        "Lines": "N95",
        "Lat": 52.2441,
        "Brigade": "195"
      },
      {
        "Lon": 20.9667,
        "Time": "2017-05-14 00:18:54",
        "Lines": "N95",
        "Lat": 52.2436,
        "Brigade": "195"
      },
      {
        "Lon": 20.9662,
        "Time": "2017-05-14 00:19:05",
        "Lines": "N95",
        "Lat": 52.2433,
        "Brigade": "195"
      },
      {
        "Lon": 20.9661,
        "Time": "2017-05-14 00:19:15",
        "Lines": "N95",
        "Lat": 52.2432,
        "Brigade": "195"
      },
      {
        "Lon": 20.9658,
        "Time": "2017-05-14 00:19:25",
        "Lines": "N95",
        "Lat": 52.2428,
        "Brigade": "195"
      },
      {
        "Lon": 20.9653,
        "Time": "2017-05-14 00:19:36",
        "Lines": "N95",
        "Lat": 52.242,
        "Brigade": "195"
      },
      {
        "Lon": 20.9651,
        "Time": "2017-05-14 00:19:47",
        "Lines": "N95",
        "Lat": 52.2408,
        "Brigade": "195"
      },
      {
        "Lon": 20.9652,
        "Time": "2017-05-14 00:19:58",
        "Lines": "N95",
        "Lat": 52.2402,
        "Brigade": "195"
      },
      {
        "Lon": 20.9652,
        "Time": "2017-05-14 00:20:08",
        "Lines": "N95",
        "Lat": 52.2401,
        "Brigade": "195"
      },
      {
        "Lon": 20.9655,
        "Time": "2017-05-14 00:20:19",
        "Lines": "N95",
        "Lat": 52.2394,
        "Brigade": "195"
      },
      {
        "Lon": 20.9656,
        "Time": "2017-05-14 00:20:30",
        "Lines": "N95",
        "Lat": 52.2385,
        "Brigade": "195"
      },
      {
        "Lon": 20.9654,
        "Time": "2017-05-14 00:20:40",
        "Lines": "N95",
        "Lat": 52.238,
        "Brigade": "195"
      },
      {
        "Lon": 20.9654,
        "Time": "2017-05-14 00:20:50",
        "Lines": "N95",
        "Lat": 52.2379,
        "Brigade": "195"
      },
      {
        "Lon": 20.9653,
        "Time": "2017-05-14 00:21:01",
        "Lines": "N95",
        "Lat": 52.2375,
        "Brigade": "195"
      },
      {
        "Lon": 20.9653,
        "Time": "2017-05-14 00:21:12",
        "Lines": "N95",
        "Lat": 52.2374,
        "Brigade": "195"
      },
      {
        "Lon": 20.9654,
        "Time": "2017-05-14 00:21:22",
        "Lines": "N95",
        "Lat": 52.2374,
        "Brigade": "195"
      },
      {
        "Lon": 20.9654,
        "Time": "2017-05-14 00:21:33",
        "Lines": "N95",
        "Lat": 52.2374,
        "Brigade": "195"
      },
      {
        "Lon": 20.9654,
        "Time": "2017-05-14 00:21:44",
        "Lines": "N95",
        "Lat": 52.2374,
        "Brigade": "195"
      },
      {
        "Lon": 20.9654,
        "Time": "2017-05-14 00:21:54",
        "Lines": "N95",
        "Lat": 52.2374,
        "Brigade": "195"
      },
      {
        "Lon": 20.9654,
        "Time": "2017-05-14 00:22:16",
        "Lines": "N95",
        "Lat": 52.2359,
        "Brigade": "195"
      },
      {
        "Lon": 20.9657,
        "Time": "2017-05-14 00:22:26",
        "Lines": "N95",
        "Lat": 52.2348,
        "Brigade": "195"
      },
      {
        "Lon": 20.9661,
        "Time": "2017-05-14 00:22:48",
        "Lines": "N95",
        "Lat": 52.2337,
        "Brigade": "195"
      },
      {
        "Lon": 20.9661,
        "Time": "2017-05-14 00:22:58",
        "Lines": "N95",
        "Lat": 52.2336,
        "Brigade": "195"
      },
      {
        "Lon": 20.9669,
        "Time": "2017-05-14 00:23:09",
        "Lines": "N95",
        "Lat": 52.2335,
        "Brigade": "195"
      },
      {
        "Lon": 20.9673,
        "Time": "2017-05-14 00:23:20",
        "Lines": "N95",
        "Lat": 52.2336,
        "Brigade": "195"
      },
      {
        "Lon": 20.9673,
        "Time": "2017-05-14 00:23:30",
        "Lines": "N95",
        "Lat": 52.2338,
        "Brigade": "195"
      },
      {
        "Lon": 20.968,
        "Time": "2017-05-14 00:23:41",
        "Lines": "N95",
        "Lat": 52.2339,
        "Brigade": "195"
      },
      {
        "Lon": 20.9682,
        "Time": "2017-05-14 00:23:52",
        "Lines": "N95",
        "Lat": 52.2338,
        "Brigade": "195"
      },
      {
        "Lon": 20.9683,
        "Time": "2017-05-14 00:24:02",
        "Lines": "N95",
        "Lat": 52.2331,
        "Brigade": "195"
      },
      {
        "Lon": 20.9687,
        "Time": "2017-05-14 00:24:14",
        "Lines": "N95",
        "Lat": 52.2322,
        "Brigade": "195"
      },
      {
        "Lon": 20.9688,
        "Time": "2017-05-14 00:24:24",
        "Lines": "N95",
        "Lat": 52.232,
        "Brigade": "195"
      },
      {
        "Lon": 20.9689,
        "Time": "2017-05-14 00:24:34",
        "Lines": "N95",
        "Lat": 52.2316,
        "Brigade": "195"
      },
      {
        "Lon": 20.9697,
        "Time": "2017-05-14 00:24:45",
        "Lines": "N95",
        "Lat": 52.2315,
        "Brigade": "195"
      },
      {
        "Lon": 20.9701,
        "Time": "2017-05-14 00:24:56",
        "Lines": "N95",
        "Lat": 52.2315,
        "Brigade": "195"
      },
      {
        "Lon": 20.9702,
        "Time": "2017-05-14 00:25:06",
        "Lines": "N95",
        "Lat": 52.2315,
        "Brigade": "195"
      },
      {
        "Lon": 20.9713,
        "Time": "2017-05-14 00:25:17",
        "Lines": "N95",
        "Lat": 52.2316,
        "Brigade": "195"
      },
      {
        "Lon": 20.9727,
        "Time": "2017-05-14 00:25:28",
        "Lines": "N95",
        "Lat": 52.2317,
        "Brigade": "195"
      },
      {
        "Lon": 20.9744,
        "Time": "2017-05-14 00:25:39",
        "Lines": "N95",
        "Lat": 52.2319,
        "Brigade": "195"
      },
      {
        "Lon": 20.976,
        "Time": "2017-05-14 00:25:49",
        "Lines": "N95",
        "Lat": 52.2323,
        "Brigade": "195"
      },
      {
        "Lon": 20.9772,
        "Time": "2017-05-14 00:25:59",
        "Lines": "N95",
        "Lat": 52.2324,
        "Brigade": "195"
      },
      {
        "Lon": 20.9775,
        "Time": "2017-05-14 00:26:10",
        "Lines": "N95",
        "Lat": 52.2322,
        "Brigade": "195"
      },
      {
        "Lon": 20.9777,
        "Time": "2017-05-14 00:26:21",
        "Lines": "N95",
        "Lat": 52.2313,
        "Brigade": "195"
      },
      {
        "Lon": 20.9779,
        "Time": "2017-05-14 00:26:32",
        "Lines": "N95",
        "Lat": 52.2303,
        "Brigade": "195"
      },
      {
        "Lon": 20.9781,
        "Time": "2017-05-14 00:26:42",
        "Lines": "N95",
        "Lat": 52.2298,
        "Brigade": "195"
      },
      {
        "Lon": 20.9781,
        "Time": "2017-05-14 00:26:53",
        "Lines": "N95",
        "Lat": 52.2297,
        "Brigade": "195"
      },
      {
        "Lon": 20.9782,
        "Time": "2017-05-14 00:27:04",
        "Lines": "N95",
        "Lat": 52.2297,
        "Brigade": "195"
      },
      {
        "Lon": 20.9782,
        "Time": "2017-05-14 00:27:14",
        "Lines": "N95",
        "Lat": 52.2297,
        "Brigade": "195"
      },
      {
        "Lon": 20.9782,
        "Time": "2017-05-14 00:27:25",
        "Lines": "N95",
        "Lat": 52.2297,
        "Brigade": "195"
      },
      {
        "Lon": 20.9785,
        "Time": "2017-05-14 00:27:46",
        "Lines": "N95",
        "Lat": 52.2293,
        "Brigade": "195"
      },
      {
        "Lon": 20.9796,
        "Time": "2017-05-14 00:27:57",
        "Lines": "N95",
        "Lat": 52.2293,
        "Brigade": "195"
      },
      {
        "Lon": 20.9797,
        "Time": "2017-05-14 00:28:08",
        "Lines": "N95",
        "Lat": 52.2294,
        "Brigade": "195"
      },
      {
        "Lon": 20.982,
        "Time": "2017-05-14 00:28:29",
        "Lines": "N95",
        "Lat": 52.2299,
        "Brigade": "195"
      },
      {
        "Lon": 20.9834,
        "Time": "2017-05-14 00:28:40",
        "Lines": "N95",
        "Lat": 52.2301,
        "Brigade": "195"
      },
      {
        "Lon": 20.9837,
        "Time": "2017-05-14 00:28:50",
        "Lines": "N95",
        "Lat": 52.23,
        "Brigade": "195"
      },
      {
        "Lon": 20.9837,
        "Time": "2017-05-14 00:29:01",
        "Lines": "N95",
        "Lat": 52.23,
        "Brigade": "195"
      },
      {
        "Lon": 20.9837,
        "Time": "2017-05-14 00:29:11",
        "Lines": "N95",
        "Lat": 52.23,
        "Brigade": "195"
      },
      {
        "Lon": 20.9844,
        "Time": "2017-05-14 00:29:22",
        "Lines": "N95",
        "Lat": 52.23,
        "Brigade": "195"
      },
      {
        "Lon": 20.9857,
        "Time": "2017-05-14 00:29:33",
        "Lines": "N95",
        "Lat": 52.2304,
        "Brigade": "195"
      },
      {
        "Lon": 20.9862,
        "Time": "2017-05-14 00:29:43",
        "Lines": "N95",
        "Lat": 52.2305,
        "Brigade": "195"
      },
      {
        "Lon": 20.9865,
        "Time": "2017-05-14 00:29:54",
        "Lines": "N95",
        "Lat": 52.2306,
        "Brigade": "195"
      },
      {
        "Lon": 20.988,
        "Time": "2017-05-14 00:30:05",
        "Lines": "N95",
        "Lat": 52.231,
        "Brigade": "195"
      },
      {
        "Lon": 20.9898,
        "Time": "2017-05-14 00:30:16",
        "Lines": "N95",
        "Lat": 52.2313,
        "Brigade": "195"
      },
      {
        "Lon": 20.9916,
        "Time": "2017-05-14 00:30:26",
        "Lines": "N95",
        "Lat": 52.2317,
        "Brigade": "195"
      },
      {
        "Lon": 20.9921,
        "Time": "2017-05-14 00:30:37",
        "Lines": "N95",
        "Lat": 52.2318,
        "Brigade": "195"
      },
      {
        "Lon": 20.9922,
        "Time": "2017-05-14 00:30:47",
        "Lines": "N95",
        "Lat": 52.2318,
        "Brigade": "195"
      },
      {
        "Lon": 20.9936,
        "Time": "2017-05-14 00:31:00",
        "Lines": "N95",
        "Lat": 52.2321,
        "Brigade": "195"
      },
      {
        "Lon": 20.9955,
        "Time": "2017-05-14 00:31:10",
        "Lines": "N95",
        "Lat": 52.2324,
        "Brigade": "195"
      },
      {
        "Lon": 20.9973,
        "Time": "2017-05-14 00:31:19",
        "Lines": "N95",
        "Lat": 52.2327,
        "Brigade": "195"
      },
      {
        "Lon": 20.9981,
        "Time": "2017-05-14 00:31:30",
        "Lines": "N95",
        "Lat": 52.2328,
        "Brigade": "195"
      },
      {
        "Lon": 20.9986,
        "Time": "2017-05-14 00:31:41",
        "Lines": "N95",
        "Lat": 52.2325,
        "Brigade": "195"
      },
      {
        "Lon": 20.9988,
        "Time": "2017-05-14 00:31:52",
        "Lines": "N95",
        "Lat": 52.2323,
        "Brigade": "195"
      },
      {
        "Lon": 20.999,
        "Time": "2017-05-14 00:32:02",
        "Lines": "N95",
        "Lat": 52.232,
        "Brigade": "195"
      },
      {
        "Lon": 21.0002,
        "Time": "2017-05-14 00:32:24",
        "Lines": "N95",
        "Lat": 52.2301,
        "Brigade": "195"
      },
      {
        "Lon": 21.0002,
        "Time": "2017-05-14 00:32:34",
        "Lines": "N95",
        "Lat": 52.2298,
        "Brigade": "195"
      },
      {
        "Lon": 20.9997,
        "Time": "2017-05-14 00:32:53",
        "Lines": "N95",
        "Lat": 52.23,
        "Brigade": "195"
      },
      {
        "Lon": 21.0014,
        "Time": "2017-05-14 00:33:17",
        "Lines": "N95",
        "Lat": 52.2293,
        "Brigade": "195"
      },
      {
        "Lon": 21.0019,
        "Time": "2017-05-14 00:33:28",
        "Lines": "N95",
        "Lat": 52.2293,
        "Brigade": "195"
      },
      {
        "Lon": 21.0021,
        "Time": "2017-05-14 00:33:38",
        "Lines": "N95",
        "Lat": 52.2295,
        "Brigade": "195"
      },
      {
        "Lon": 21.0023,
        "Time": "2017-05-14 00:33:49",
        "Lines": "N95",
        "Lat": 52.2297,
        "Brigade": "195"
      },
      {
        "Lon": 21.0028,
        "Time": "2017-05-14 00:33:59",
        "Lines": "N95",
        "Lat": 52.2298,
        "Brigade": "195"
      },
      {
        "Lon": 21.0031,
        "Time": "2017-05-14 00:34:10",
        "Lines": "N95",
        "Lat": 52.2297,
        "Brigade": "195"
      },
      {
        "Lon": 21.0034,
        "Time": "2017-05-14 00:34:21",
        "Lines": "N95",
        "Lat": 52.2293,
        "Brigade": "195"
      },
      {
        "Lon": 21.0035,
        "Time": "2017-05-14 00:34:32",
        "Lines": "N95",
        "Lat": 52.2293,
        "Brigade": "195"
      },
      {
        "Lon": 21.0035,
        "Time": "2017-05-14 00:34:43",
        "Lines": "N95",
        "Lat": 52.2293,
        "Brigade": "195"
      },
      {
        "Lon": 21.0035,
        "Time": "2017-05-14 00:34:53",
        "Lines": "N95",
        "Lat": 52.2293,
        "Brigade": "195"
      },
      {
        "Lon": 21.0035,
        "Time": "2017-05-14 00:35:04",
        "Lines": "N95",
        "Lat": 52.2294,
        "Brigade": "195"
      },
      {
        "Lon": 21.0035,
        "Time": "2017-05-14 00:35:14",
        "Lines": "N95",
        "Lat": 52.2294,
        "Brigade": "195"
      },
      {
        "Lon": 21.0035,
        "Time": "2017-05-14 00:35:25",
        "Lines": "N95",
        "Lat": 52.2294,
        "Brigade": "195"
      },
      {
        "Lon": 21.0035,
        "Time": "2017-05-14 00:35:35",
        "Lines": "N95",
        "Lat": 52.2294,
        "Brigade": "195"
      },
      {
        "Lon": 21.0035,
        "Time": "2017-05-14 00:35:46",
        "Lines": "N95",
        "Lat": 52.2294,
        "Brigade": "195"
      },
      {
        "Lon": 21.0037,
        "Time": "2017-05-14 00:35:57",
        "Lines": "N95",
        "Lat": 52.2294,
        "Brigade": "195"
      },
      {
        "Lon": 21.0037,
        "Time": "2017-05-14 00:36:08",
        "Lines": "N95",
        "Lat": 52.2294,
        "Brigade": "195"
      },
      {
        "Lon": 21.0037,
        "Time": "2017-05-14 00:36:18",
        "Lines": "N95",
        "Lat": 52.2294,
        "Brigade": "195"
      },
      {
        "Lon": 21.0041,
        "Time": "2017-05-14 00:36:29",
        "Lines": "N95",
        "Lat": 52.2295,
        "Brigade": "195"
      },
      {
        "Lon": 21.0044,
        "Time": "2017-05-14 00:36:40",
        "Lines": "N95",
        "Lat": 52.2295,
        "Brigade": "195"
      },
      {
        "Lon": 21.0046,
        "Time": "2017-05-14 00:36:50",
        "Lines": "N95",
        "Lat": 52.2295,
        "Brigade": "195"
      },
      {
        "Lon": 21.0046,
        "Time": "2017-05-14 00:37:01",
        "Lines": "N95",
        "Lat": 52.2295,
        "Brigade": "195"
      },
      {
        "Lon": 21.0046,
        "Time": "2017-05-14 00:37:12",
        "Lines": "N95",
        "Lat": 52.2295,
        "Brigade": "195"
      },
      {
        "Lon": 21.0046,
        "Time": "2017-05-14 00:37:22",
        "Lines": "N95",
        "Lat": 52.2295,
        "Brigade": "195"
      },
      {
        "Lon": 21.0048,
        "Time": "2017-05-14 00:37:33",
        "Lines": "N95",
        "Lat": 52.2295,
        "Brigade": "195"
      },
      {
        "Lon": 21.0052,
        "Time": "2017-05-14 00:37:44",
        "Lines": "N95",
        "Lat": 52.229,
        "Brigade": "195"
      },
      {
        "Lon": 20.9978,
        "Time": "2017-05-14 02:18:20",
        "Lines": "N95",
        "Lat": 52.2333,
        "Brigade": "195"
      },
      {
        "Lon": 20.9968,
        "Time": "2017-05-14 02:18:31",
        "Lines": "N95",
        "Lat": 52.2329,
        "Brigade": "195"
      },
      {
        "Lon": 20.9958,
        "Time": "2017-05-14 02:18:42",
        "Lines": "N95",
        "Lat": 52.2327,
        "Brigade": "195"
      },
      {
        "Lon": 20.9958,
        "Time": "2017-05-14 02:18:52",
        "Lines": "N95",
        "Lat": 52.2327,
        "Brigade": "195"
      },
      {
        "Lon": 20.995,
        "Time": "2017-05-14 02:19:03",
        "Lines": "N95",
        "Lat": 52.2326,
        "Brigade": "195"
      },
      {
        "Lon": 20.9936,
        "Time": "2017-05-14 02:19:14",
        "Lines": "N95",
        "Lat": 52.2322,
        "Brigade": "195"
      },
      {
        "Lon": 20.9929,
        "Time": "2017-05-14 02:19:35",
        "Lines": "N95",
        "Lat": 52.2321,
        "Brigade": "195"
      },
      {
        "Lon": 20.9929,
        "Time": "2017-05-14 02:19:46",
        "Lines": "N95",
        "Lat": 52.2321,
        "Brigade": "195"
      },
      {
        "Lon": 20.9929,
        "Time": "2017-05-14 02:19:56",
        "Lines": "N95",
        "Lat": 52.2321,
        "Brigade": "195"
      },
      {
        "Lon": 20.9928,
        "Time": "2017-05-14 02:20:18",
        "Lines": "N95",
        "Lat": 52.2321,
        "Brigade": "195"
      },
      {
        "Lon": 20.992,
        "Time": "2017-05-14 02:20:28",
        "Lines": "N95",
        "Lat": 52.2319,
        "Brigade": "195"
      },
      {
        "Lon": 20.9903,
        "Time": "2017-05-14 02:20:39",
        "Lines": "N95",
        "Lat": 52.2315,
        "Brigade": "195"
      },
      {
        "Lon": 20.9883,
        "Time": "2017-05-14 02:20:52",
        "Lines": "N95",
        "Lat": 52.2312,
        "Brigade": "195"
      },
      {
        "Lon": 20.9862,
        "Time": "2017-05-14 02:21:00",
        "Lines": "N95",
        "Lat": 52.2308,
        "Brigade": "195"
      },
      {
        "Lon": 20.9852,
        "Time": "2017-05-14 02:21:11",
        "Lines": "N95",
        "Lat": 52.2306,
        "Brigade": "195"
      },
      {
        "Lon": 20.9852,
        "Time": "2017-05-14 02:21:22",
        "Lines": "N95",
        "Lat": 52.2307,
        "Brigade": "195"
      },
      {
        "Lon": 20.985,
        "Time": "2017-05-14 02:21:32",
        "Lines": "N95",
        "Lat": 52.2306,
        "Brigade": "195"
      },
      {
        "Lon": 20.9838,
        "Time": "2017-05-14 02:21:43",
        "Lines": "N95",
        "Lat": 52.2304,
        "Brigade": "195"
      },
      {
        "Lon": 20.9827,
        "Time": "2017-05-14 02:21:54",
        "Lines": "N95",
        "Lat": 52.2302,
        "Brigade": "195"
      },
      {
        "Lon": 20.9826,
        "Time": "2017-05-14 02:22:04",
        "Lines": "N95",
        "Lat": 52.2302,
        "Brigade": "195"
      },
      {
        "Lon": 20.9822,
        "Time": "2017-05-14 02:22:15",
        "Lines": "N95",
        "Lat": 52.23,
        "Brigade": "195"
      },
      {
        "Lon": 20.981,
        "Time": "2017-05-14 02:22:26",
        "Lines": "N95",
        "Lat": 52.2298,
        "Brigade": "195"
      },
      {
        "Lon": 20.9796,
        "Time": "2017-05-14 02:22:37",
        "Lines": "N95",
        "Lat": 52.2296,
        "Brigade": "195"
      },
      {
        "Lon": 20.9788,
        "Time": "2017-05-14 02:22:47",
        "Lines": "N95",
        "Lat": 52.2295,
        "Brigade": "195"
      },
      {
        "Lon": 20.9788,
        "Time": "2017-05-14 02:22:58",
        "Lines": "N95",
        "Lat": 52.2295,
        "Brigade": "195"
      },
      {
        "Lon": 20.9776,
        "Time": "2017-05-14 02:23:08",
        "Lines": "N95",
        "Lat": 52.2294,
        "Brigade": "195"
      },
      {
        "Lon": 20.9739,
        "Time": "2017-05-14 02:23:30",
        "Lines": "N95",
        "Lat": 52.2291,
        "Brigade": "195"
      },
      {
        "Lon": 20.9717,
        "Time": "2017-05-14 02:23:40",
        "Lines": "N95",
        "Lat": 52.2289,
        "Brigade": "195"
      },
      {
        "Lon": 20.9699,
        "Time": "2017-05-14 02:23:51",
        "Lines": "N95",
        "Lat": 52.2288,
        "Brigade": "195"
      },
      {
        "Lon": 20.9697,
        "Time": "2017-05-14 02:24:02",
        "Lines": "N95",
        "Lat": 52.2292,
        "Brigade": "195"
      },
      {
        "Lon": 20.9695,
        "Time": "2017-05-14 02:24:12",
        "Lines": "N95",
        "Lat": 52.2296,
        "Brigade": "195"
      },
      {
        "Lon": 20.9695,
        "Time": "2017-05-14 02:24:23",
        "Lines": "N95",
        "Lat": 52.2297,
        "Brigade": "195"
      },
      {
        "Lon": 20.9692,
        "Time": "2017-05-14 02:24:34",
        "Lines": "N95",
        "Lat": 52.2303,
        "Brigade": "195"
      },
      {
        "Lon": 20.969,
        "Time": "2017-05-14 02:24:45",
        "Lines": "N95",
        "Lat": 52.231,
        "Brigade": "195"
      },
      {
        "Lon": 20.969,
        "Time": "2017-05-14 02:24:55",
        "Lines": "N95",
        "Lat": 52.2311,
        "Brigade": "195"
      },
      {
        "Lon": 20.9688,
        "Time": "2017-05-14 02:25:06",
        "Lines": "N95",
        "Lat": 52.2316,
        "Brigade": "195"
      },
      {
        "Lon": 20.9685,
        "Time": "2017-05-14 02:25:16",
        "Lines": "N95",
        "Lat": 52.2327,
        "Brigade": "195"
      },
      {
        "Lon": 20.9683,
        "Time": "2017-05-14 02:25:28",
        "Lines": "N95",
        "Lat": 52.2336,
        "Brigade": "195"
      },
      {
        "Lon": 20.9683,
        "Time": "2017-05-14 02:25:38",
        "Lines": "N95",
        "Lat": 52.2337,
        "Brigade": "195"
      },
      {
        "Lon": 20.9688,
        "Time": "2017-05-14 02:25:48",
        "Lines": "N95",
        "Lat": 52.2339,
        "Brigade": "195"
      },
      {
        "Lon": 20.9701,
        "Time": "2017-05-14 02:25:59",
        "Lines": "N95",
        "Lat": 52.2342,
        "Brigade": "195"
      },
      {
        "Lon": 20.9716,
        "Time": "2017-05-14 02:26:10",
        "Lines": "N95",
        "Lat": 52.2346,
        "Brigade": "195"
      },
      {
        "Lon": 20.9723,
        "Time": "2017-05-14 02:26:22",
        "Lines": "N95",
        "Lat": 52.2347,
        "Brigade": "195"
      },
      {
        "Lon": 20.9726,
        "Time": "2017-05-14 02:26:31",
        "Lines": "N95",
        "Lat": 52.2349,
        "Brigade": "195"
      },
      {
        "Lon": 20.9726,
        "Time": "2017-05-14 02:26:42",
        "Lines": "N95",
        "Lat": 52.2354,
        "Brigade": "195"
      },
      {
        "Lon": 20.9723,
        "Time": "2017-05-14 02:26:52",
        "Lines": "N95",
        "Lat": 52.2363,
        "Brigade": "195"
      },
      {
        "Lon": 20.9722,
        "Time": "2017-05-14 02:27:03",
        "Lines": "N95",
        "Lat": 52.2366,
        "Brigade": "195"
      },
      {
        "Lon": 20.9721,
        "Time": "2017-05-14 02:27:14",
        "Lines": "N95",
        "Lat": 52.2367,
        "Brigade": "195"
      },
      {
        "Lon": 20.9719,
        "Time": "2017-05-14 02:27:24",
        "Lines": "N95",
        "Lat": 52.2373,
        "Brigade": "195"
      },
      {
        "Lon": 20.9715,
        "Time": "2017-05-14 02:27:35",
        "Lines": "N95",
        "Lat": 52.2382,
        "Brigade": "195"
      },
      {
        "Lon": 20.9712,
        "Time": "2017-05-14 02:27:46",
        "Lines": "N95",
        "Lat": 52.2391,
        "Brigade": "195"
      },
      {
        "Lon": 20.9708,
        "Time": "2017-05-14 02:27:56",
        "Lines": "N95",
        "Lat": 52.24,
        "Brigade": "195"
      },
      {
        "Lon": 20.9706,
        "Time": "2017-05-14 02:28:07",
        "Lines": "N95",
        "Lat": 52.2405,
        "Brigade": "195"
      },
      {
        "Lon": 20.9706,
        "Time": "2017-05-14 02:28:18",
        "Lines": "N95",
        "Lat": 52.2406,
        "Brigade": "195"
      },
      {
        "Lon": 20.9699,
        "Time": "2017-05-14 02:28:39",
        "Lines": "N95",
        "Lat": 52.2423,
        "Brigade": "195"
      },
      {
        "Lon": 20.9688,
        "Time": "2017-05-14 02:28:49",
        "Lines": "N95",
        "Lat": 52.243,
        "Brigade": "195"
      },
      {
        "Lon": 20.9673,
        "Time": "2017-05-14 02:29:00",
        "Lines": "N95",
        "Lat": 52.2438,
        "Brigade": "195"
      },
      {
        "Lon": 20.966,
        "Time": "2017-05-14 02:29:11",
        "Lines": "N95",
        "Lat": 52.2445,
        "Brigade": "195"
      },
      {
        "Lon": 20.9657,
        "Time": "2017-05-14 02:29:22",
        "Lines": "N95",
        "Lat": 52.2446,
        "Brigade": "195"
      },
      {
        "Lon": 20.9645,
        "Time": "2017-05-14 02:29:43",
        "Lines": "N95",
        "Lat": 52.2452,
        "Brigade": "195"
      },
      {
        "Lon": 20.9634,
        "Time": "2017-05-14 02:29:54",
        "Lines": "N95",
        "Lat": 52.2458,
        "Brigade": "195"
      },
      {
        "Lon": 20.9623,
        "Time": "2017-05-14 02:30:05",
        "Lines": "N95",
        "Lat": 52.2464,
        "Brigade": "195"
      },
      {
        "Lon": 20.9622,
        "Time": "2017-05-14 02:30:15",
        "Lines": "N95",
        "Lat": 52.2465,
        "Brigade": "195"
      },
      {
        "Lon": 20.9621,
        "Time": "2017-05-14 02:30:26",
        "Lines": "N95",
        "Lat": 52.2465,
        "Brigade": "195"
      },
      {
        "Lon": 20.9612,
        "Time": "2017-05-14 02:30:37",
        "Lines": "N95",
        "Lat": 52.247,
        "Brigade": "195"
      },
      {
        "Lon": 20.9597,
        "Time": "2017-05-14 02:30:47",
        "Lines": "N95",
        "Lat": 52.2474,
        "Brigade": "195"
      },
      {
        "Lon": 20.958,
        "Time": "2017-05-14 02:30:58",
        "Lines": "N95",
        "Lat": 52.2474,
        "Brigade": "195"
      },
      {
        "Lon": 20.9566,
        "Time": "2017-05-14 02:31:08",
        "Lines": "N95",
        "Lat": 52.2474,
        "Brigade": "195"
      },
      {
        "Lon": 20.9563,
        "Time": "2017-05-14 02:31:19",
        "Lines": "N95",
        "Lat": 52.2474,
        "Brigade": "195"
      },
      {
        "Lon": 20.9558,
        "Time": "2017-05-14 02:31:30",
        "Lines": "N95",
        "Lat": 52.2473,
        "Brigade": "195"
      },
      {
        "Lon": 20.9543,
        "Time": "2017-05-14 02:31:40",
        "Lines": "N95",
        "Lat": 52.2473,
        "Brigade": "195"
      },
      {
        "Lon": 20.9536,
        "Time": "2017-05-14 02:31:51",
        "Lines": "N95",
        "Lat": 52.2473,
        "Brigade": "195"
      },
      {
        "Lon": 20.9535,
        "Time": "2017-05-14 02:32:01",
        "Lines": "N95",
        "Lat": 52.2473,
        "Brigade": "195"
      },
      {
        "Lon": 20.9528,
        "Time": "2017-05-14 02:32:12",
        "Lines": "N95",
        "Lat": 52.2473,
        "Brigade": "195"
      },
      {
        "Lon": 20.9512,
        "Time": "2017-05-14 02:32:23",
        "Lines": "N95",
        "Lat": 52.2472,
        "Brigade": "195"
      },
      {
        "Lon": 20.9497,
        "Time": "2017-05-14 02:32:34",
        "Lines": "N95",
        "Lat": 52.2471,
        "Brigade": "195"
      },
      {
        "Lon": 20.9481,
        "Time": "2017-05-14 02:32:44",
        "Lines": "N95",
        "Lat": 52.2471,
        "Brigade": "195"
      },
      {
        "Lon": 20.9479,
        "Time": "2017-05-14 02:32:55",
        "Lines": "N95",
        "Lat": 52.2471,
        "Brigade": "195"
      },
      {
        "Lon": 20.9473,
        "Time": "2017-05-14 02:33:06",
        "Lines": "N95",
        "Lat": 52.2471,
        "Brigade": "195"
      },
      {
        "Lon": 20.9459,
        "Time": "2017-05-14 02:33:16",
        "Lines": "N95",
        "Lat": 52.247,
        "Brigade": "195"
      },
      {
        "Lon": 20.9427,
        "Time": "2017-05-14 02:33:38",
        "Lines": "N95",
        "Lat": 52.2468,
        "Brigade": "195"
      },
      {
        "Lon": 20.941,
        "Time": "2017-05-14 02:33:49",
        "Lines": "N95",
        "Lat": 52.2468,
        "Brigade": "195"
      },
      {
        "Lon": 20.939,
        "Time": "2017-05-14 02:33:59",
        "Lines": "N95",
        "Lat": 52.2468,
        "Brigade": "195"
      },
      {
        "Lon": 20.9384,
        "Time": "2017-05-14 02:34:10",
        "Lines": "N95",
        "Lat": 52.2468,
        "Brigade": "195"
      },
      {
        "Lon": 20.9383,
        "Time": "2017-05-14 02:34:20",
        "Lines": "N95",
        "Lat": 52.2468,
        "Brigade": "195"
      },
      {
        "Lon": 20.9371,
        "Time": "2017-05-14 02:34:31",
        "Lines": "N95",
        "Lat": 52.2468,
        "Brigade": "195"
      },
      {
        "Lon": 20.936,
        "Time": "2017-05-14 02:34:42",
        "Lines": "N95",
        "Lat": 52.2468,
        "Brigade": "195"
      },
      {
        "Lon": 20.9346,
        "Time": "2017-05-14 02:34:52",
        "Lines": "N95",
        "Lat": 52.2468,
        "Brigade": "195"
      },
      {
        "Lon": 20.933,
        "Time": "2017-05-14 02:35:03",
        "Lines": "N95",
        "Lat": 52.2468,
        "Brigade": "195"
      },
      {
        "Lon": 20.9311,
        "Time": "2017-05-14 02:35:14",
        "Lines": "N95",
        "Lat": 52.2469,
        "Brigade": "195"
      },
      {
        "Lon": 20.9289,
        "Time": "2017-05-14 02:35:24",
        "Lines": "N95",
        "Lat": 52.247,
        "Brigade": "195"
      },
      {
        "Lon": 20.9272,
        "Time": "2017-05-14 02:35:35",
        "Lines": "N95",
        "Lat": 52.2471,
        "Brigade": "195"
      },
      {
        "Lon": 20.9257,
        "Time": "2017-05-14 02:35:46",
        "Lines": "N95",
        "Lat": 52.2473,
        "Brigade": "195"
      },
      {
        "Lon": 20.9251,
        "Time": "2017-05-14 02:35:56",
        "Lines": "N95",
        "Lat": 52.2474,
        "Brigade": "195"
      },
      {
        "Lon": 20.925,
        "Time": "2017-05-14 02:36:07",
        "Lines": "N95",
        "Lat": 52.2474,
        "Brigade": "195"
      },
      {
        "Lon": 20.924,
        "Time": "2017-05-14 02:36:18",
        "Lines": "N95",
        "Lat": 52.2475,
        "Brigade": "195"
      },
      {
        "Lon": 20.9226,
        "Time": "2017-05-14 02:36:28",
        "Lines": "N95",
        "Lat": 52.2481,
        "Brigade": "195"
      },
      {
        "Lon": 20.9212,
        "Time": "2017-05-14 02:36:39",
        "Lines": "N95",
        "Lat": 52.2488,
        "Brigade": "195"
      },
      {
        "Lon": 20.9202,
        "Time": "2017-05-14 02:36:50",
        "Lines": "N95",
        "Lat": 52.2492,
        "Brigade": "195"
      },
      {
        "Lon": 20.9199,
        "Time": "2017-05-14 02:37:00",
        "Lines": "N95",
        "Lat": 52.2493,
        "Brigade": "195"
      },
      {
        "Lon": 20.9199,
        "Time": "2017-05-14 02:37:11",
        "Lines": "N95",
        "Lat": 52.2494,
        "Brigade": "195"
      },
      {
        "Lon": 20.9189,
        "Time": "2017-05-14 02:37:22",
        "Lines": "N95",
        "Lat": 52.2498,
        "Brigade": "195"
      },
      {
        "Lon": 20.9174,
        "Time": "2017-05-14 02:37:32",
        "Lines": "N95",
        "Lat": 52.2505,
        "Brigade": "195"
      },
      {
        "Lon": 20.9159,
        "Time": "2017-05-14 02:37:43",
        "Lines": "N95",
        "Lat": 52.2511,
        "Brigade": "195"
      },
      {
        "Lon": 20.9147,
        "Time": "2017-05-14 02:37:54",
        "Lines": "N95",
        "Lat": 52.2518,
        "Brigade": "195"
      },
      {
        "Lon": 20.9141,
        "Time": "2017-05-14 02:38:15",
        "Lines": "N95",
        "Lat": 52.2521,
        "Brigade": "195"
      },
      {
        "Lon": 20.9132,
        "Time": "2017-05-14 02:38:26",
        "Lines": "N95",
        "Lat": 52.2524,
        "Brigade": "195"
      },
      {
        "Lon": 20.9127,
        "Time": "2017-05-14 02:38:36",
        "Lines": "N95",
        "Lat": 52.2527,
        "Brigade": "195"
      },
      {
        "Lon": 20.9125,
        "Time": "2017-05-14 02:38:47",
        "Lines": "N95",
        "Lat": 52.2528,
        "Brigade": "195"
      },
      {
        "Lon": 20.9099,
        "Time": "2017-05-14 02:39:08",
        "Lines": "N95",
        "Lat": 52.2539,
        "Brigade": "195"
      },
      {
        "Lon": 20.9085,
        "Time": "2017-05-14 02:39:19",
        "Lines": "N95",
        "Lat": 52.2545,
        "Brigade": "195"
      },
      {
        "Lon": 20.9071,
        "Time": "2017-05-14 02:39:30",
        "Lines": "N95",
        "Lat": 52.2549,
        "Brigade": "195"
      },
      {
        "Lon": 20.9062,
        "Time": "2017-05-14 02:39:40",
        "Lines": "N95",
        "Lat": 52.2552,
        "Brigade": "195"
      },
      {
        "Lon": 20.906,
        "Time": "2017-05-14 02:39:51",
        "Lines": "N95",
        "Lat": 52.2552,
        "Brigade": "195"
      },
      {
        "Lon": 20.9042,
        "Time": "2017-05-14 02:40:12",
        "Lines": "N95",
        "Lat": 52.2559,
        "Brigade": "195"
      },
      {
        "Lon": 20.9026,
        "Time": "2017-05-14 02:40:23",
        "Lines": "N95",
        "Lat": 52.2567,
        "Brigade": "195"
      },
      {
        "Lon": 20.901,
        "Time": "2017-05-14 02:40:34",
        "Lines": "N95",
        "Lat": 52.2575,
        "Brigade": "195"
      },
      {
        "Lon": 20.8992,
        "Time": "2017-05-14 02:40:45",
        "Lines": "N95",
        "Lat": 52.2584,
        "Brigade": "195"
      },
      {
        "Lon": 20.8985,
        "Time": "2017-05-14 02:40:55",
        "Lines": "N95",
        "Lat": 52.2588,
        "Brigade": "195"
      },
      {
        "Lon": 20.8984,
        "Time": "2017-05-14 02:41:06",
        "Lines": "N95",
        "Lat": 52.2588,
        "Brigade": "195"
      },
      {
        "Lon": 20.898,
        "Time": "2017-05-14 02:41:16",
        "Lines": "N95",
        "Lat": 52.2591,
        "Brigade": "195"
      },
      {
        "Lon": 20.8975,
        "Time": "2017-05-14 02:41:27",
        "Lines": "N95",
        "Lat": 52.2591,
        "Brigade": "195"
      },
      {
        "Lon": 20.8978,
        "Time": "2017-05-14 02:41:38",
        "Lines": "N95",
        "Lat": 52.2588,
        "Brigade": "195"
      },
      {
        "Lon": 20.8977,
        "Time": "2017-05-14 02:41:48",
        "Lines": "N95",
        "Lat": 52.258,
        "Brigade": "195"
      },
      {
        "Lon": 20.8978,
        "Time": "2017-05-14 02:41:59",
        "Lines": "N95",
        "Lat": 52.2568,
        "Brigade": "195"
      },
      {
        "Lon": 20.8979,
        "Time": "2017-05-14 02:42:10",
        "Lines": "N95",
        "Lat": 52.2558,
        "Brigade": "195"
      },
      {
        "Lon": 20.8979,
        "Time": "2017-05-14 02:42:20",
        "Lines": "N95",
        "Lat": 52.2557,
        "Brigade": "195"
      },
      {
        "Lon": 20.898,
        "Time": "2017-05-14 02:42:31",
        "Lines": "N95",
        "Lat": 52.2553,
        "Brigade": "195"
      },
      {
        "Lon": 20.8981,
        "Time": "2017-05-14 02:42:42",
        "Lines": "N95",
        "Lat": 52.2544,
        "Brigade": "195"
      },
      {
        "Lon": 20.8983,
        "Time": "2017-05-14 02:42:54",
        "Lines": "N95",
        "Lat": 52.253,
        "Brigade": "195"
      },
      {
        "Lon": 20.8984,
        "Time": "2017-05-14 02:43:03",
        "Lines": "N95",
        "Lat": 52.252,
        "Brigade": "195"
      },
      {
        "Lon": 20.8984,
        "Time": "2017-05-14 02:43:14",
        "Lines": "N95",
        "Lat": 52.2517,
        "Brigade": "195"
      },
      {
        "Lon": 20.8982,
        "Time": "2017-05-14 02:43:46",
        "Lines": "N95",
        "Lat": 52.2498,
        "Brigade": "195"
      },
      {
        "Lon": 20.8979,
        "Time": "2017-05-14 02:43:56",
        "Lines": "N95",
        "Lat": 52.2494,
        "Brigade": "195"
      },
      {
        "Lon": 20.8969,
        "Time": "2017-05-14 02:44:07",
        "Lines": "N95",
        "Lat": 52.2495,
        "Brigade": "195"
      },
      {
        "Lon": 20.8954,
        "Time": "2017-05-14 02:44:18",
        "Lines": "N95",
        "Lat": 52.2497,
        "Brigade": "195"
      },
      {
        "Lon": 20.8938,
        "Time": "2017-05-14 02:44:28",
        "Lines": "N95",
        "Lat": 52.2498,
        "Brigade": "195"
      },
      {
        "Lon": 20.8923,
        "Time": "2017-05-14 02:44:39",
        "Lines": "N95",
        "Lat": 52.25,
        "Brigade": "195"
      },
      {
        "Lon": 20.891,
        "Time": "2017-05-14 02:44:50",
        "Lines": "N95",
        "Lat": 52.2503,
        "Brigade": "195"
      },
      {
        "Lon": 20.8895,
        "Time": "2017-05-14 02:45:00",
        "Lines": "N95",
        "Lat": 52.2506,
        "Brigade": "195"
      },
      {
        "Lon": 20.8879,
        "Time": "2017-05-14 02:45:11",
        "Lines": "N95",
        "Lat": 52.2508,
        "Brigade": "195"
      },
      {
        "Lon": 20.8865,
        "Time": "2017-05-14 02:45:22",
        "Lines": "N95",
        "Lat": 52.251,
        "Brigade": "195"
      },
      {
        "Lon": 20.8852,
        "Time": "2017-05-14 02:45:32",
        "Lines": "N95",
        "Lat": 52.2513,
        "Brigade": "195"
      },
      {
        "Lon": 20.8844,
        "Time": "2017-05-14 02:45:43",
        "Lines": "N95",
        "Lat": 52.2514,
        "Brigade": "195"
      },
      {
        "Lon": 20.8829,
        "Time": "2017-05-14 02:45:53",
        "Lines": "N95",
        "Lat": 52.2516,
        "Brigade": "195"
      },
      {
        "Lon": 20.8815,
        "Time": "2017-05-14 02:46:04",
        "Lines": "N95",
        "Lat": 52.2518,
        "Brigade": "195"
      },
      {
        "Lon": 20.881,
        "Time": "2017-05-14 02:46:15",
        "Lines": "N95",
        "Lat": 52.2514,
        "Brigade": "195"
      },
      {
        "Lon": 20.8807,
        "Time": "2017-05-14 02:46:25",
        "Lines": "N95",
        "Lat": 52.2506,
        "Brigade": "195"
      },
      {
        "Lon": 20.8804,
        "Time": "2017-05-14 02:46:36",
        "Lines": "N95",
        "Lat": 52.2501,
        "Brigade": "195"
      },
      {
        "Lon": 20.8795,
        "Time": "2017-05-14 02:46:47",
        "Lines": "N95",
        "Lat": 52.2502,
        "Brigade": "195"
      },
      {
        "Lon": 20.8782,
        "Time": "2017-05-14 02:46:58",
        "Lines": "N95",
        "Lat": 52.2504,
        "Brigade": "195"
      },
      {
        "Lon": 20.8755,
        "Time": "2017-05-14 02:47:19",
        "Lines": "N95",
        "Lat": 52.2508,
        "Brigade": "195"
      },
      {
        "Lon": 20.8747,
        "Time": "2017-05-14 02:47:30",
        "Lines": "N95",
        "Lat": 52.2509,
        "Brigade": "195"
      },
      {
        "Lon": 20.8738,
        "Time": "2017-05-14 02:47:40",
        "Lines": "N95",
        "Lat": 52.251,
        "Brigade": "195"
      },
      {
        "Lon": 20.8725,
        "Time": "2017-05-14 02:47:51",
        "Lines": "N95",
        "Lat": 52.2512,
        "Brigade": "195"
      },
      {
        "Lon": 20.8715,
        "Time": "2017-05-14 02:48:02",
        "Lines": "N95",
        "Lat": 52.2514,
        "Brigade": "195"
      },
      {
        "Lon": 20.8704,
        "Time": "2017-05-14 02:48:12",
        "Lines": "N95",
        "Lat": 52.2514,
        "Brigade": "195"
      },
      {
        "Lon": 20.8699,
        "Time": "2017-05-14 02:48:25",
        "Lines": "N95",
        "Lat": 52.2512,
        "Brigade": "195"
      },
      {
        "Lon": 20.8692,
        "Time": "2017-05-14 02:48:34",
        "Lines": "N95",
        "Lat": 52.2504,
        "Brigade": "195"
      },
      {
        "Lon": 20.8685,
        "Time": "2017-05-14 02:48:44",
        "Lines": "N95",
        "Lat": 52.2497,
        "Brigade": "195"
      },
      {
        "Lon": 20.8687,
        "Time": "2017-05-14 02:49:06",
        "Lines": "N95",
        "Lat": 52.2495,
        "Brigade": "195"
      },
      {
        "Lon": 20.87,
        "Time": "2017-05-14 02:49:16",
        "Lines": "N95",
        "Lat": 52.2495,
        "Brigade": "195"
      },
      {
        "Lon": 20.8715,
        "Time": "2017-05-14 02:49:27",
        "Lines": "N95",
        "Lat": 52.2494,
        "Brigade": "195"
      },
      {
        "Lon": 20.8727,
        "Time": "2017-05-14 02:49:38",
        "Lines": "N95",
        "Lat": 52.2493,
        "Brigade": "195"
      },
      {
        "Lon": 20.8738,
        "Time": "2017-05-14 02:49:48",
        "Lines": "N95",
        "Lat": 52.2491,
        "Brigade": "195"
      },
      {
        "Lon": 20.8753,
        "Time": "2017-05-14 02:49:59",
        "Lines": "N95",
        "Lat": 52.2488,
        "Brigade": "195"
      },
      {
        "Lon": 20.8766,
        "Time": "2017-05-14 02:50:10",
        "Lines": "N95",
        "Lat": 52.2486,
        "Brigade": "195"
      },
      {
        "Lon": 20.8779,
        "Time": "2017-05-14 02:50:20",
        "Lines": "N95",
        "Lat": 52.2484,
        "Brigade": "195"
      },
      {
        "Lon": 20.8787,
        "Time": "2017-05-14 02:50:31",
        "Lines": "N95",
        "Lat": 52.2483,
        "Brigade": "195"
      },
      {
        "Lon": 20.8788,
        "Time": "2017-05-14 02:50:42",
        "Lines": "N95",
        "Lat": 52.2483,
        "Brigade": "195"
      },
      {
        "Lon": 20.8815,
        "Time": "2017-05-14 02:51:04",
        "Lines": "N95",
        "Lat": 52.2479,
        "Brigade": "195"
      },
      {
        "Lon": 20.8831,
        "Time": "2017-05-14 02:51:13",
        "Lines": "N95",
        "Lat": 52.2476,
        "Brigade": "195"
      },
      {
        "Lon": 20.8837,
        "Time": "2017-05-14 02:51:24",
        "Lines": "N95",
        "Lat": 52.2473,
        "Brigade": "195"
      },
      {
        "Lon": 20.8836,
        "Time": "2017-05-14 02:51:35",
        "Lines": "N95",
        "Lat": 52.2465,
        "Brigade": "195"
      },
      {
        "Lon": 20.8834,
        "Time": "2017-05-14 02:51:45",
        "Lines": "N95",
        "Lat": 52.2454,
        "Brigade": "195"
      },
      {
        "Lon": 20.8833,
        "Time": "2017-05-14 02:51:56",
        "Lines": "N95",
        "Lat": 52.2444,
        "Brigade": "195"
      },
      {
        "Lon": 20.8834,
        "Time": "2017-05-14 02:52:07",
        "Lines": "N95",
        "Lat": 52.2435,
        "Brigade": "195"
      },
      {
        "Lon": 20.8837,
        "Time": "2017-05-14 02:52:17",
        "Lines": "N95",
        "Lat": 52.2434,
        "Brigade": "195"
      },
      {
        "Lon": 20.8852,
        "Time": "2017-05-14 02:52:28",
        "Lines": "N95",
        "Lat": 52.2433,
        "Brigade": "195"
      },
      {
        "Lon": 20.8858,
        "Time": "2017-05-14 02:52:39",
        "Lines": "N95",
        "Lat": 52.243,
        "Brigade": "195"
      },
      {
        "Lon": 20.8855,
        "Time": "2017-05-14 02:52:50",
        "Lines": "N95",
        "Lat": 52.2422,
        "Brigade": "195"
      },
      {
        "Lon": 20.8851,
        "Time": "2017-05-14 02:53:00",
        "Lines": "N95",
        "Lat": 52.2412,
        "Brigade": "195"
      },
      {
        "Lon": 20.8848,
        "Time": "2017-05-14 02:53:11",
        "Lines": "N95",
        "Lat": 52.2405,
        "Brigade": "195"
      },
      {
        "Lon": 20.885,
        "Time": "2017-05-14 02:53:22",
        "Lines": "N95",
        "Lat": 52.2404,
        "Brigade": "195"
      },
      {
        "Lon": 20.8863,
        "Time": "2017-05-14 02:53:32",
        "Lines": "N95",
        "Lat": 52.2403,
        "Brigade": "195"
      },
      {
        "Lon": 20.8881,
        "Time": "2017-05-14 02:53:43",
        "Lines": "N95",
        "Lat": 52.2402,
        "Brigade": "195"
      },
      {
        "Lon": 20.8897,
        "Time": "2017-05-14 02:53:54",
        "Lines": "N95",
        "Lat": 52.2401,
        "Brigade": "195"
      },
      {
        "Lon": 20.8932,
        "Time": "2017-05-14 02:54:15",
        "Lines": "N95",
        "Lat": 52.2398,
        "Brigade": "195"
      },
      {
        "Lon": 20.8947,
        "Time": "2017-05-14 02:54:26",
        "Lines": "N95",
        "Lat": 52.2397,
        "Brigade": "195"
      },
      {
        "Lon": 20.8962,
        "Time": "2017-05-14 02:54:36",
        "Lines": "N95",
        "Lat": 52.2395,
        "Brigade": "195"
      },
      {
        "Lon": 20.8973,
        "Time": "2017-05-14 02:54:47",
        "Lines": "N95",
        "Lat": 52.2394,
        "Brigade": "195"
      },
      {
        "Lon": 20.8977,
        "Time": "2017-05-14 02:55:08",
        "Lines": "N95",
        "Lat": 52.2394,
        "Brigade": "195"
      },
      {
        "Lon": 20.8983,
        "Time": "2017-05-14 02:55:19",
        "Lines": "N95",
        "Lat": 52.2394,
        "Brigade": "195"
      },
      {
        "Lon": 20.8985,
        "Time": "2017-05-14 02:55:30",
        "Lines": "N95",
        "Lat": 52.2394,
        "Brigade": "195"
      },
      {
        "Lon": 20.8995,
        "Time": "2017-05-14 02:55:40",
        "Lines": "N95",
        "Lat": 52.2393,
        "Brigade": "195"
      },
      {
        "Lon": 20.8997,
        "Time": "2017-05-14 02:55:51",
        "Lines": "N95",
        "Lat": 52.2393,
        "Brigade": "195"
      },
      {
        "Lon": 20.8996,
        "Time": "2017-05-14 02:56:02",
        "Lines": "N95",
        "Lat": 52.2388,
        "Brigade": "195"
      },
      {
        "Lon": 20.899,
        "Time": "2017-05-14 02:56:12",
        "Lines": "N95",
        "Lat": 52.2385,
        "Brigade": "195"
      },
      {
        "Lon": 20.8988,
        "Time": "2017-05-14 02:56:23",
        "Lines": "N95",
        "Lat": 52.2385,
        "Brigade": "195"
      },
      {
        "Lon": 20.8988,
        "Time": "2017-05-14 02:56:33",
        "Lines": "N95",
        "Lat": 52.2385,
        "Brigade": "195"
      },
      {
        "Lon": 20.8988,
        "Time": "2017-05-14 02:56:44",
        "Lines": "N95",
        "Lat": 52.2385,
        "Brigade": "195"
      },
      {
        "Lon": 20.8988,
        "Time": "2017-05-14 02:56:55",
        "Lines": "N95",
        "Lat": 52.2385,
        "Brigade": "195"
      },
      {
        "Lon": 20.8987,
        "Time": "2017-05-14 02:57:05",
        "Lines": "N95",
        "Lat": 52.2385,
        "Brigade": "195"
      },
      {
        "Lon": 20.8987,
        "Time": "2017-05-14 02:57:16",
        "Lines": "N95",
        "Lat": 52.2385,
        "Brigade": "195"
      },
      {
        "Lon": 20.8987,
        "Time": "2017-05-14 02:57:27",
        "Lines": "N95",
        "Lat": 52.2385,
        "Brigade": "195"
      },
      {
        "Lon": 20.8985,
        "Time": "2017-05-14 02:57:38",
        "Lines": "N95",
        "Lat": 52.2386,
        "Brigade": "195"
      },
      {
        "Lon": 20.8987,
        "Time": "2017-05-14 02:57:48",
        "Lines": "N95",
        "Lat": 52.2393,
        "Brigade": "195"
      },
      {
        "Lon": 20.8977,
        "Time": "2017-05-14 02:57:59",
        "Lines": "N95",
        "Lat": 52.2396,
        "Brigade": "195"
      },
      {
        "Lon": 20.8963,
        "Time": "2017-05-14 02:58:09",
        "Lines": "N95",
        "Lat": 52.2398,
        "Brigade": "195"
      },
      {
        "Lon": 20.8951,
        "Time": "2017-05-14 02:58:20",
        "Lines": "N95",
        "Lat": 52.2398,
        "Brigade": "195"
      },
      {
        "Lon": 20.895,
        "Time": "2017-05-14 02:58:31",
        "Lines": "N95",
        "Lat": 52.2398,
        "Brigade": "195"
      },
      {
        "Lon": 20.894,
        "Time": "2017-05-14 02:58:42",
        "Lines": "N95",
        "Lat": 52.2398,
        "Brigade": "195"
      },
      {
        "Lon": 20.8922,
        "Time": "2017-05-14 02:58:53",
        "Lines": "N95",
        "Lat": 52.2399,
        "Brigade": "195"
      },
      {
        "Lon": 20.8881,
        "Time": "2017-05-14 02:59:14",
        "Lines": "N95",
        "Lat": 52.2403,
        "Brigade": "195"
      },
      {
        "Lon": 20.8849,
        "Time": "2017-05-14 02:59:35",
        "Lines": "N95",
        "Lat": 52.2407,
        "Brigade": "195"
      },
      {
        "Lon": 20.8852,
        "Time": "2017-05-14 02:59:45",
        "Lines": "N95",
        "Lat": 52.2413,
        "Brigade": "195"
      },
      {
        "Lon": 20.8856,
        "Time": "2017-05-14 02:59:56",
        "Lines": "N95",
        "Lat": 52.2423,
        "Brigade": "195"
      },
      {
        "Lon": 20.8857,
        "Time": "2017-05-14 03:00:07",
        "Lines": "N95",
        "Lat": 52.2431,
        "Brigade": "195"
      },
      {
        "Lon": 20.8846,
        "Time": "2017-05-14 03:00:18",
        "Lines": "N95",
        "Lat": 52.2433,
        "Brigade": "195"
      },
      {
        "Lon": 20.8834,
        "Time": "2017-05-14 03:00:28",
        "Lines": "N95",
        "Lat": 52.2434,
        "Brigade": "195"
      },
      {
        "Lon": 20.8833,
        "Time": "2017-05-14 03:00:50",
        "Lines": "N95",
        "Lat": 52.2451,
        "Brigade": "195"
      },
      {
        "Lon": 20.8835,
        "Time": "2017-05-14 03:01:00",
        "Lines": "N95",
        "Lat": 52.2462,
        "Brigade": "195"
      },
      {
        "Lon": 20.8837,
        "Time": "2017-05-14 03:01:11",
        "Lines": "N95",
        "Lat": 52.2472,
        "Brigade": "195"
      },
      {
        "Lon": 20.8832,
        "Time": "2017-05-14 03:01:21",
        "Lines": "N95",
        "Lat": 52.2475,
        "Brigade": "195"
      },
      {
        "Lon": 20.8814,
        "Time": "2017-05-14 03:01:32",
        "Lines": "N95",
        "Lat": 52.2479,
        "Brigade": "195"
      },
      {
        "Lon": 20.8799,
        "Time": "2017-05-14 03:01:43",
        "Lines": "N95",
        "Lat": 52.2481,
        "Brigade": "195"
      },
      {
        "Lon": 20.88,
        "Time": "2017-05-14 03:01:53",
        "Lines": "N95",
        "Lat": 52.2486,
        "Brigade": "195"
      },
      {
        "Lon": 20.8804,
        "Time": "2017-05-14 03:02:04",
        "Lines": "N95",
        "Lat": 52.2497,
        "Brigade": "195"
      },
      {
        "Lon": 20.8808,
        "Time": "2017-05-14 03:02:15",
        "Lines": "N95",
        "Lat": 52.2506,
        "Brigade": "195"
      },
      {
        "Lon": 20.8808,
        "Time": "2017-05-14 03:02:25",
        "Lines": "N95",
        "Lat": 52.2508,
        "Brigade": "195"
      },
      {
        "Lon": 20.8808,
        "Time": "2017-05-14 03:02:36",
        "Lines": "N95",
        "Lat": 52.2509,
        "Brigade": "195"
      },
      {
        "Lon": 20.8811,
        "Time": "2017-05-14 03:02:47",
        "Lines": "N95",
        "Lat": 52.2516,
        "Brigade": "195"
      },
      {
        "Lon": 20.8817,
        "Time": "2017-05-14 03:02:59",
        "Lines": "N95",
        "Lat": 52.2517,
        "Brigade": "195"
      },
      {
        "Lon": 20.8833,
        "Time": "2017-05-14 03:03:08",
        "Lines": "N95",
        "Lat": 52.2516,
        "Brigade": "195"
      },
      {
        "Lon": 20.8851,
        "Time": "2017-05-14 03:03:19",
        "Lines": "N95",
        "Lat": 52.2513,
        "Brigade": "195"
      },
      {
        "Lon": 20.8867,
        "Time": "2017-05-14 03:03:29",
        "Lines": "N95",
        "Lat": 52.251,
        "Brigade": "195"
      },
      {
        "Lon": 20.8882,
        "Time": "2017-05-14 03:03:40",
        "Lines": "N95",
        "Lat": 52.2508,
        "Brigade": "195"
      },
      {
        "Lon": 20.8896,
        "Time": "2017-05-14 03:03:51",
        "Lines": "N95",
        "Lat": 52.2505,
        "Brigade": "195"
      },
      {
        "Lon": 20.8924,
        "Time": "2017-05-14 03:04:12",
        "Lines": "N95",
        "Lat": 52.25,
        "Brigade": "195"
      },
      {
        "Lon": 20.8941,
        "Time": "2017-05-14 03:04:23",
        "Lines": "N95",
        "Lat": 52.2498,
        "Brigade": "195"
      },
      {
        "Lon": 20.8951,
        "Time": "2017-05-14 03:04:33",
        "Lines": "N95",
        "Lat": 52.2497,
        "Brigade": "195"
      },
      {
        "Lon": 20.8952,
        "Time": "2017-05-14 03:04:44",
        "Lines": "N95",
        "Lat": 52.2496,
        "Brigade": "195"
      },
      {
        "Lon": 20.8957,
        "Time": "2017-05-14 03:04:55",
        "Lines": "N95",
        "Lat": 52.2496,
        "Brigade": "195"
      },
      {
        "Lon": 20.8969,
        "Time": "2017-05-14 03:05:05",
        "Lines": "N95",
        "Lat": 52.2494,
        "Brigade": "195"
      },
      {
        "Lon": 20.8977,
        "Time": "2017-05-14 03:05:16",
        "Lines": "N95",
        "Lat": 52.2493,
        "Brigade": "195"
      },
      {
        "Lon": 20.8978,
        "Time": "2017-05-14 03:05:27",
        "Lines": "N95",
        "Lat": 52.2493,
        "Brigade": "195"
      },
      {
        "Lon": 20.8983,
        "Time": "2017-05-14 03:05:48",
        "Lines": "N95",
        "Lat": 52.2499,
        "Brigade": "195"
      },
      {
        "Lon": 20.8984,
        "Time": "2017-05-14 03:05:59",
        "Lines": "N95",
        "Lat": 52.2507,
        "Brigade": "195"
      },
      {
        "Lon": 20.8984,
        "Time": "2017-05-14 03:06:10",
        "Lines": "N95",
        "Lat": 52.2517,
        "Brigade": "195"
      },
      {
        "Lon": 20.8984,
        "Time": "2017-05-14 03:06:20",
        "Lines": "N95",
        "Lat": 52.2524,
        "Brigade": "195"
      },
      {
        "Lon": 20.8983,
        "Time": "2017-05-14 03:06:31",
        "Lines": "N95",
        "Lat": 52.2527,
        "Brigade": "195"
      },
      {
        "Lon": 20.8983,
        "Time": "2017-05-14 03:06:41",
        "Lines": "N95",
        "Lat": 52.2528,
        "Brigade": "195"
      },
      {
        "Lon": 20.8982,
        "Time": "2017-05-14 03:06:52",
        "Lines": "N95",
        "Lat": 52.2532,
        "Brigade": "195"
      },
      {
        "Lon": 20.8981,
        "Time": "2017-05-14 03:07:03",
        "Lines": "N95",
        "Lat": 52.2543,
        "Brigade": "195"
      },
      {
        "Lon": 20.898,
        "Time": "2017-05-14 03:07:14",
        "Lines": "N95",
        "Lat": 52.2553,
        "Brigade": "195"
      },
      {
        "Lon": 20.8979,
        "Time": "2017-05-14 03:07:24",
        "Lines": "N95",
        "Lat": 52.2561,
        "Brigade": "195"
      },
      {
        "Lon": 20.8979,
        "Time": "2017-05-14 03:07:35",
        "Lines": "N95",
        "Lat": 52.2561,
        "Brigade": "195"
      },
      {
        "Lon": 20.8978,
        "Time": "2017-05-14 03:07:46",
        "Lines": "N95",
        "Lat": 52.2565,
        "Brigade": "195"
      },
      {
        "Lon": 20.8977,
        "Time": "2017-05-14 03:07:56",
        "Lines": "N95",
        "Lat": 52.2573,
        "Brigade": "195"
      },
      {
        "Lon": 20.8982,
        "Time": "2017-05-14 03:08:07",
        "Lines": "N95",
        "Lat": 52.2581,
        "Brigade": "195"
      },
      {
        "Lon": 20.8994,
        "Time": "2017-05-14 03:08:29",
        "Lines": "N95",
        "Lat": 52.2581,
        "Brigade": "195"
      },
      {
        "Lon": 20.8996,
        "Time": "2017-05-14 03:08:39",
        "Lines": "N95",
        "Lat": 52.2581,
        "Brigade": "195"
      },
      {
        "Lon": 20.8997,
        "Time": "2017-05-14 03:08:50",
        "Lines": "N95",
        "Lat": 52.258,
        "Brigade": "195"
      },
      {
        "Lon": 20.9003,
        "Time": "2017-05-14 03:09:00",
        "Lines": "N95",
        "Lat": 52.2578,
        "Brigade": "195"
      },
      {
        "Lon": 20.9013,
        "Time": "2017-05-14 03:09:11",
        "Lines": "N95",
        "Lat": 52.2572,
        "Brigade": "195"
      },
      {
        "Lon": 20.9023,
        "Time": "2017-05-14 03:09:22",
        "Lines": "N95",
        "Lat": 52.2567,
        "Brigade": "195"
      },
      {
        "Lon": 20.9036,
        "Time": "2017-05-14 03:09:34",
        "Lines": "N95",
        "Lat": 52.2561,
        "Brigade": "195"
      },
      {
        "Lon": 20.9049,
        "Time": "2017-05-14 03:09:43",
        "Lines": "N95",
        "Lat": 52.2555,
        "Brigade": "195"
      },
      {
        "Lon": 20.9055,
        "Time": "2017-05-14 03:09:54",
        "Lines": "N95",
        "Lat": 52.2551,
        "Brigade": "195"
      },
      {
        "Lon": 20.9058,
        "Time": "2017-05-14 03:10:04",
        "Lines": "N95",
        "Lat": 52.2551,
        "Brigade": "195"
      },
      {
        "Lon": 20.9064,
        "Time": "2017-05-14 03:10:15",
        "Lines": "N95",
        "Lat": 52.2547,
        "Brigade": "195"
      },
      {
        "Lon": 20.9077,
        "Time": "2017-05-14 03:10:26",
        "Lines": "N95",
        "Lat": 52.2545,
        "Brigade": "195"
      },
      {
        "Lon": 20.9091,
        "Time": "2017-05-14 03:10:36",
        "Lines": "N95",
        "Lat": 52.2542,
        "Brigade": "195"
      },
      {
        "Lon": 20.9102,
        "Time": "2017-05-14 03:10:47",
        "Lines": "N95",
        "Lat": 52.2536,
        "Brigade": "195"
      },
      {
        "Lon": 20.9114,
        "Time": "2017-05-14 03:10:57",
        "Lines": "N95",
        "Lat": 52.2531,
        "Brigade": "195"
      },
      {
        "Lon": 20.9121,
        "Time": "2017-05-14 03:11:08",
        "Lines": "N95",
        "Lat": 52.2527,
        "Brigade": "195"
      },
      {
        "Lon": 20.9127,
        "Time": "2017-05-14 03:11:19",
        "Lines": "N95",
        "Lat": 52.2524,
        "Brigade": "195"
      },
      {
        "Lon": 20.9129,
        "Time": "2017-05-14 03:11:30",
        "Lines": "N95",
        "Lat": 52.2524,
        "Brigade": "195"
      },
      {
        "Lon": 20.913,
        "Time": "2017-05-14 03:11:40",
        "Lines": "N95",
        "Lat": 52.2523,
        "Brigade": "195"
      },
      {
        "Lon": 20.9138,
        "Time": "2017-05-14 03:11:51",
        "Lines": "N95",
        "Lat": 52.252,
        "Brigade": "195"
      },
      {
        "Lon": 20.9145,
        "Time": "2017-05-14 03:12:02",
        "Lines": "N95",
        "Lat": 52.2516,
        "Brigade": "195"
      },
      {
        "Lon": 20.9146,
        "Time": "2017-05-14 03:12:12",
        "Lines": "N95",
        "Lat": 52.2516,
        "Brigade": "195"
      },
      {
        "Lon": 20.915,
        "Time": "2017-05-14 03:12:23",
        "Lines": "N95",
        "Lat": 52.2514,
        "Brigade": "195"
      },
      {
        "Lon": 20.9162,
        "Time": "2017-05-14 03:12:34",
        "Lines": "N95",
        "Lat": 52.2509,
        "Brigade": "195"
      },
      {
        "Lon": 20.9171,
        "Time": "2017-05-14 03:12:46",
        "Lines": "N95",
        "Lat": 52.2505,
        "Brigade": "195"
      },
      {
        "Lon": 20.9171,
        "Time": "2017-05-14 03:12:55",
        "Lines": "N95",
        "Lat": 52.2504,
        "Brigade": "195"
      },
      {
        "Lon": 20.9176,
        "Time": "2017-05-14 03:13:08",
        "Lines": "N95",
        "Lat": 52.2502,
        "Brigade": "195"
      },
      {
        "Lon": 20.9189,
        "Time": "2017-05-14 03:13:16",
        "Lines": "N95",
        "Lat": 52.2496,
        "Brigade": "195"
      },
      {
        "Lon": 20.9214,
        "Time": "2017-05-14 03:13:37",
        "Lines": "N95",
        "Lat": 52.2484,
        "Brigade": "195"
      },
      {
        "Lon": 20.9214,
        "Time": "2017-05-14 03:13:48",
        "Lines": "N95",
        "Lat": 52.2484,
        "Brigade": "195"
      },
      {
        "Lon": 20.9218,
        "Time": "2017-05-14 03:13:59",
        "Lines": "N95",
        "Lat": 52.2482,
        "Brigade": "195"
      },
      {
        "Lon": 20.9231,
        "Time": "2017-05-14 03:14:09",
        "Lines": "N95",
        "Lat": 52.2476,
        "Brigade": "195"
      },
      {
        "Lon": 20.9249,
        "Time": "2017-05-14 03:14:20",
        "Lines": "N95",
        "Lat": 52.2472,
        "Brigade": "195"
      },
      {
        "Lon": 20.9269,
        "Time": "2017-05-14 03:14:31",
        "Lines": "N95",
        "Lat": 52.2471,
        "Brigade": "195"
      },
      {
        "Lon": 20.9289,
        "Time": "2017-05-14 03:14:41",
        "Lines": "N95",
        "Lat": 52.247,
        "Brigade": "195"
      },
      {
        "Lon": 20.9304,
        "Time": "2017-05-14 03:14:52",
        "Lines": "N95",
        "Lat": 52.2469,
        "Brigade": "195"
      },
      {
        "Lon": 20.9337,
        "Time": "2017-05-14 03:15:13",
        "Lines": "N95",
        "Lat": 52.2468,
        "Brigade": "195"
      },
      {
        "Lon": 20.9355,
        "Time": "2017-05-14 03:15:24",
        "Lines": "N95",
        "Lat": 52.2467,
        "Brigade": "195"
      },
      {
        "Lon": 20.9369,
        "Time": "2017-05-14 03:15:35",
        "Lines": "N95",
        "Lat": 52.2467,
        "Brigade": "195"
      },
      {
        "Lon": 20.9383,
        "Time": "2017-05-14 03:15:45",
        "Lines": "N95",
        "Lat": 52.2466,
        "Brigade": "195"
      },
      {
        "Lon": 20.9395,
        "Time": "2017-05-14 03:15:56",
        "Lines": "N95",
        "Lat": 52.2466,
        "Brigade": "195"
      },
      {
        "Lon": 20.9398,
        "Time": "2017-05-14 03:16:07",
        "Lines": "N95",
        "Lat": 52.2466,
        "Brigade": "195"
      },
      {
        "Lon": 20.9417,
        "Time": "2017-05-14 03:16:28",
        "Lines": "N95",
        "Lat": 52.2467,
        "Brigade": "195"
      },
      {
        "Lon": 20.9433,
        "Time": "2017-05-14 03:16:39",
        "Lines": "N95",
        "Lat": 52.2468,
        "Brigade": "195"
      },
      {
        "Lon": 20.9453,
        "Time": "2017-05-14 03:16:49",
        "Lines": "N95",
        "Lat": 52.2469,
        "Brigade": "195"
      },
      {
        "Lon": 20.9471,
        "Time": "2017-05-14 03:17:00",
        "Lines": "N95",
        "Lat": 52.247,
        "Brigade": "195"
      },
      {
        "Lon": 20.948,
        "Time": "2017-05-14 03:17:21",
        "Lines": "N95",
        "Lat": 52.247,
        "Brigade": "195"
      },
      {
        "Lon": 20.9499,
        "Time": "2017-05-14 03:17:32",
        "Lines": "N95",
        "Lat": 52.2471,
        "Brigade": "195"
      },
      {
        "Lon": 20.9517,
        "Time": "2017-05-14 03:17:43",
        "Lines": "N95",
        "Lat": 52.2472,
        "Brigade": "195"
      },
      {
        "Lon": 20.9529,
        "Time": "2017-05-14 03:17:54",
        "Lines": "N95",
        "Lat": 52.2473,
        "Brigade": "195"
      },
      {
        "Lon": 20.953,
        "Time": "2017-05-14 03:18:04",
        "Lines": "N95",
        "Lat": 52.2473,
        "Brigade": "195"
      },
      {
        "Lon": 20.9542,
        "Time": "2017-05-14 03:18:15",
        "Lines": "N95",
        "Lat": 52.2473,
        "Brigade": "195"
      },
      {
        "Lon": 20.9561,
        "Time": "2017-05-14 03:18:26",
        "Lines": "N95",
        "Lat": 52.2473,
        "Brigade": "195"
      },
      {
        "Lon": 20.9578,
        "Time": "2017-05-14 03:18:36",
        "Lines": "N95",
        "Lat": 52.2474,
        "Brigade": "195"
      },
      {
        "Lon": 20.9597,
        "Time": "2017-05-14 03:18:48",
        "Lines": "N95",
        "Lat": 52.2474,
        "Brigade": "195"
      },
      {
        "Lon": 20.961,
        "Time": "2017-05-14 03:18:57",
        "Lines": "N95",
        "Lat": 52.247,
        "Brigade": "195"
      }
    ]
  }
]
