[
  {
    "res": [
      {
        "Lon": 21.0359,
        "Time": "2017-05-14 00:00:14",
        "Lines": "Z",
        "Lat": 52.2348,
        "Brigade": "051"
      },
      {
        "Lon": 21.0367,
        "Time": "2017-05-14 00:00:24",
        "Lines": "Z",
        "Lat": 52.2349,
        "Brigade": "051"
      },
      {
        "Lon": 21.0385,
        "Time": "2017-05-14 00:00:34",
        "Lines": "Z",
        "Lat": 52.2353,
        "Brigade": "051"
      },
      {
        "Lon": 21.0409,
        "Time": "2017-05-14 00:00:44",
        "Lines": "Z",
        "Lat": 52.2358,
        "Brigade": "051"
      },
      {
        "Lon": 21.0438,
        "Time": "2017-05-14 00:00:54",
        "Lines": "Z",
        "Lat": 52.2364,
        "Brigade": "051"
      },
      {
        "Lon": 21.0465,
        "Time": "2017-05-14 00:01:04",
        "Lines": "Z",
        "Lat": 52.237,
        "Brigade": "051"
      },
      {
        "Lon": 21.0489,
        "Time": "2017-05-14 00:01:14",
        "Lines": "Z",
        "Lat": 52.2374,
        "Brigade": "051"
      },
      {
        "Lon": 21.0504,
        "Time": "2017-05-14 00:01:24",
        "Lines": "Z",
        "Lat": 52.2377,
        "Brigade": "051"
      },
      {
        "Lon": 21.0507,
        "Time": "2017-05-14 00:01:34",
        "Lines": "Z",
        "Lat": 52.2377,
        "Brigade": "051"
      },
      {
        "Lon": 21.0506,
        "Time": "2017-05-14 00:01:44",
        "Lines": "Z",
        "Lat": 52.2377,
        "Brigade": "051"
      },
      {
        "Lon": 21.0506,
        "Time": "2017-05-14 00:01:54",
        "Lines": "Z",
        "Lat": 52.2377,
        "Brigade": "051"
      },
      {
        "Lon": 21.0507,
        "Time": "2017-05-14 00:02:14",
        "Lines": "Z",
        "Lat": 52.2377,
        "Brigade": "051"
      },
      {
        "Lon": 21.0513,
        "Time": "2017-05-14 00:02:24",
        "Lines": "Z",
        "Lat": 52.2378,
        "Brigade": "051"
      },
      {
        "Lon": 21.0522,
        "Time": "2017-05-14 00:02:34",
        "Lines": "Z",
        "Lat": 52.2379,
        "Brigade": "051"
      },
      {
        "Lon": 21.0535,
        "Time": "2017-05-14 00:02:44",
        "Lines": "Z",
        "Lat": 52.2384,
        "Brigade": "051"
      },
      {
        "Lon": 21.0549,
        "Time": "2017-05-14 00:02:54",
        "Lines": "Z",
        "Lat": 52.2387,
        "Brigade": "051"
      },
      {
        "Lon": 21.055,
        "Time": "2017-05-14 00:03:04",
        "Lines": "Z",
        "Lat": 52.2387,
        "Brigade": "051"
      },
      {
        "Lon": 21.0551,
        "Time": "2017-05-14 00:03:14",
        "Lines": "Z",
        "Lat": 52.2387,
        "Brigade": "051"
      },
      {
        "Lon": 21.0558,
        "Time": "2017-05-14 00:03:24",
        "Lines": "Z",
        "Lat": 52.2389,
        "Brigade": "051"
      },
      {
        "Lon": 21.0561,
        "Time": "2017-05-14 00:03:34",
        "Lines": "Z",
        "Lat": 52.2389,
        "Brigade": "051"
      },
      {
        "Lon": 21.0567,
        "Time": "2017-05-14 00:03:54",
        "Lines": "Z",
        "Lat": 52.2391,
        "Brigade": "051"
      },
      {
        "Lon": 21.058,
        "Time": "2017-05-14 00:04:04",
        "Lines": "Z",
        "Lat": 52.2393,
        "Brigade": "051"
      },
      {
        "Lon": 21.0586,
        "Time": "2017-05-14 00:04:14",
        "Lines": "Z",
        "Lat": 52.2395,
        "Brigade": "051"
      },
      {
        "Lon": 21.0603,
        "Time": "2017-05-14 00:04:24",
        "Lines": "Z",
        "Lat": 52.2398,
        "Brigade": "051"
      },
      {
        "Lon": 21.0621,
        "Time": "2017-05-14 00:04:34",
        "Lines": "Z",
        "Lat": 52.2402,
        "Brigade": "051"
      },
      {
        "Lon": 21.0633,
        "Time": "2017-05-14 00:04:44",
        "Lines": "Z",
        "Lat": 52.2404,
        "Brigade": "051"
      },
      {
        "Lon": 21.0633,
        "Time": "2017-05-14 00:04:54",
        "Lines": "Z",
        "Lat": 52.2404,
        "Brigade": "051"
      }
    ]
  }
]
