[
  {
    "res": [
      {
        "Time": "2016-03-22T04:37:59",
        "Lat": 52.3016,
        "Lon": 20.9399,
        "FirstLine": 1,
        "Lines": "1",
        "Brigade": 19,
        "LineBrigade": "1_19",
        "Status": "RUNNING",
        "LowFloor": "True",
        "Hour": 4,
        "Minute": 37
      },
      {
        "Time": "2016-03-22T04:38:25",
        "Lat": 52.3007,
        "Lon": 20.9408,
        "FirstLine": 1,
        "Lines": "1",
        "Brigade": 19,
        "LineBrigade": "1_19",
        "Status": "RUNNING",
        "LowFloor": "True",
        "Hour": 4,
        "Minute": 38
      },
      {
        "Time": "2016-03-22T04:38:57",
        "Lat": 52.298,
        "Lon": 20.9427,
        "FirstLine": 1,
        "Lines": "1",
        "Brigade": 19,
        "LineBrigade": "1_19",
        "Status": "RUNNING",
        "LowFloor": "True",
        "Hour": 4,
        "Minute": 38
      },
      {
        "Time": "2016-03-22T04:39:28",
        "Lat": 52.2978,
        "Lon": 20.943,
        "FirstLine": 1,
        "Lines": "1",
        "Brigade": 19,
        "LineBrigade": "1_19",
        "Status": "RUNNING",
        "LowFloor": "True",
        "Hour": 4,
        "Minute": 39
      },
      {
        "Time": "2016-03-22T04:39:54",
        "Lat": 52.2957,
        "Lon": 20.945,
        "FirstLine": 1,
        "Lines": "1",
        "Brigade": 19,
        "LineBrigade": "1_19",
        "Status": "RUNNING",
        "LowFloor": "True",
        "Hour": 4,
        "Minute": 39
      },
      {
        "Time": "2016-03-22T04:40:26",
        "Lat": 52.2952,
        "Lon": 20.9454,
        "FirstLine": 1,
        "Lines": "1",
        "Brigade": 19,
        "LineBrigade": "1_19",
        "Status": "RUNNING",
        "LowFloor": "True",
        "Hour": 4,
        "Minute": 40
      },
      {
        "Time": "2016-03-22T04:40:57",
        "Lat": 52.2935,
        "Lon": 20.947,
        "FirstLine": 1,
        "Lines": "1",
        "Brigade": 19,
        "LineBrigade": "1_19",
        "Status": "RUNNING",
        "LowFloor": "True",
        "Hour": 4,
        "Minute": 40
      },
      {
        "Time": "2016-03-22T04:41:29",
        "Lat": 52.2907,
        "Lon": 20.9496,
        "FirstLine": 1,
        "Lines": "1",
        "Brigade": 19,
        "LineBrigade": "1_19",
        "Status": "RUNNING",
        "LowFloor": "True",
        "Hour": 4,
        "Minute": 41
      },
      {
        "Time": "2016-03-22T04:41:59",
        "Lat": 52.2897,
        "Lon": 20.9506,
        "FirstLine": 1,
        "Lines": "1",
        "Brigade": 19,
        "LineBrigade": "1_19",
        "Status": "RUNNING",
        "LowFloor": "True",
        "Hour": 4,
        "Minute": 41
      },
      {
        "Time": "2016-03-22T04:42:26",
        "Lat": 52.2879,
        "Lon": 20.9524,
        "FirstLine": 1,
        "Lines": "1",
        "Brigade": 19,
        "LineBrigade": "1_19",
        "Status": "RUNNING",
        "LowFloor": "True",
        "Hour": 4,
        "Minute": 42
      },
      {
        "Time": "2016-03-22T04:42:58",
        "Lat": 52.2867,
        "Lon": 20.9535,
        "FirstLine": 1,
        "Lines": "1",
        "Brigade": 19,
        "LineBrigade": "1_19",
        "Status": "RUNNING",
        "LowFloor": "True",
        "Hour": 4,
        "Minute": 42
      },
      {
        "Time": "2016-03-22T04:43:29",
        "Lat": 52.285,
        "Lon": 20.9549,
        "FirstLine": 1,
        "Lines": "1",
        "Brigade": 19,
        "LineBrigade": "1_19",
        "Status": "RUNNING",
        "LowFloor": "True",
        "Hour": 4,
        "Minute": 43
      },
      {
        "Time": "2016-03-22T04:43:56",
        "Lat": 52.2838,
        "Lon": 20.956,
        "FirstLine": 1,
        "Lines": "1",
        "Brigade": 19,
        "LineBrigade": "1_19",
        "Status": "RUNNING",
        "LowFloor": "True",
        "Hour": 4,
        "Minute": 43
      },
      {
        "Time": "2016-03-22T04:44:23",
        "Lat": 52.2824,
        "Lon": 20.9573,
        "FirstLine": 1,
        "Lines": "1",
        "Brigade": 19,
        "LineBrigade": "1_19",
        "Status": "RUNNING",
        "LowFloor": "True",
        "Hour": 4,
        "Minute": 44
      },
      {
        "Time": "2016-03-22T04:44:58",
        "Lat": 52.2812,
        "Lon": 20.9585,
        "FirstLine": 1,
        "Lines": "1",
        "Brigade": 19,
        "LineBrigade": "1_19",
        "Status": "RUNNING",
        "LowFloor": "True",
        "Hour": 4,
        "Minute": 44
      },
      {
        "Time": "2016-03-22T04:45:24",
        "Lat": 52.2808,
        "Lon": 20.9589,
        "FirstLine": 1,
        "Lines": "1",
        "Brigade": 19,
        "LineBrigade": "1_19",
        "Status": "RUNNING",
        "LowFloor": "True",
        "Hour": 4,
        "Minute": 45
      },
      {
        "Time": "2016-03-22T04:45:56",
        "Lat": 52.2795,
        "Lon": 20.96,
        "FirstLine": 1,
        "Lines": "1",
        "Brigade": 19,
        "LineBrigade": "1_19",
        "Status": "RUNNING",
        "LowFloor": "True",
        "Hour": 4,
        "Minute": 45
      },
      {
        "Time": "2016-03-22T04:46:27",
        "Lat": 52.2772,
        "Lon": 20.9623,
        "FirstLine": 1,
        "Lines": "1",
        "Brigade": 19,
        "LineBrigade": "1_19",
        "Status": "RUNNING",
        "LowFloor": "True",
        "Hour": 4,
        "Minute": 46
      },
      {
        "Time": "2016-03-22T04:46:59",
        "Lat": 52.2756,
        "Lon": 20.9639,
        "FirstLine": 1,
        "Lines": "1",
        "Brigade": 19,
        "LineBrigade": "1_19",
        "Status": "RUNNING",
        "LowFloor": "True",
        "Hour": 4,
        "Minute": 46
      },
      {
        "Time": "2016-03-22T04:47:25",
        "Lat": 52.2743,
        "Lon": 20.9657,
        "FirstLine": 1,
        "Lines": "1",
        "Brigade": 19,
        "LineBrigade": "1_19",
        "Status": "RUNNING",
        "LowFloor": "True",
        "Hour": 4,
        "Minute": 47
      },
      {
        "Time": "2016-03-22T04:47:57",
        "Lat": 52.2732,
        "Lon": 20.9678,
        "FirstLine": 1,
        "Lines": "1",
        "Brigade": 19,
        "LineBrigade": "1_19",
        "Status": "RUNNING",
        "LowFloor": "True",
        "Hour": 4,
        "Minute": 47
      },
      {
        "Time": "2016-03-22T04:48:28",
        "Lat": 52.2723,
        "Lon": 20.9711,
        "FirstLine": 1,
        "Lines": "1",
        "Brigade": 19,
        "LineBrigade": "1_19",
        "Status": "RUNNING",
        "LowFloor": "True",
        "Hour": 4,
        "Minute": 48
      },
      {
        "Time": "2016-03-22T04:48:59",
        "Lat": 52.2719,
        "Lon": 20.9729,
        "FirstLine": 1,
        "Lines": "1",
        "Brigade": 19,
        "LineBrigade": "1_19",
        "Status": "RUNNING",
        "LowFloor": "True",
        "Hour": 4,
        "Minute": 48
      },
      {
        "Time": "2016-03-22T04:49:26",
        "Lat": 52.2717,
        "Lon": 20.9736,
        "FirstLine": 1,
        "Lines": "1",
        "Brigade": 19,
        "LineBrigade": "1_19",
        "Status": "RUNNING",
        "LowFloor": "True",
        "Hour": 4,
        "Minute": 49
      },
      {
        "Time": "2016-03-22T04:49:57",
        "Lat": 52.2693,
        "Lon": 20.9752,
        "FirstLine": 1,
        "Lines": "1",
        "Brigade": 19,
        "LineBrigade": "1_19",
        "Status": "RUNNING",
        "LowFloor": "True",
        "Hour": 4,
        "Minute": 49
      },
      {
        "Time": "2016-03-22T04:50:29",
        "Lat": 52.2668,
        "Lon": 20.9768,
        "FirstLine": 1,
        "Lines": "1",
        "Brigade": 19,
        "LineBrigade": "1_19",
        "Status": "RUNNING",
        "LowFloor": "True",
        "Hour": 4,
        "Minute": 50
      },
      {
        "Time": "2016-03-22T04:51:00",
        "Lat": 52.2667,
        "Lon": 20.9768,
        "FirstLine": 1,
        "Lines": "1",
        "Brigade": 19,
        "LineBrigade": "1_19",
        "Status": "RUNNING",
        "LowFloor": "True",
        "Hour": 4,
        "Minute": 51
      },
      {
        "Time": "2016-03-22T04:51:26",
        "Lat": 52.2654,
        "Lon": 20.9777,
        "FirstLine": 1,
        "Lines": "1",
        "Brigade": 19,
        "LineBrigade": "1_19",
        "Status": "RUNNING",
        "LowFloor": "True",
        "Hour": 4,
        "Minute": 51
      },
      {
        "Time": "2016-03-22T04:51:58",
        "Lat": 52.2632,
        "Lon": 20.9792,
        "FirstLine": 1,
        "Lines": "1",
        "Brigade": 19,
        "LineBrigade": "1_19",
        "Status": "RUNNING",
        "LowFloor": "True",
        "Hour": 4,
        "Minute": 51
      },
      {
        "Time": "2016-03-22T04:52:29",
        "Lat": 52.262,
        "Lon": 20.98,
        "FirstLine": 1,
        "Lines": "1",
        "Brigade": 19,
        "LineBrigade": "1_19",
        "Status": "RUNNING",
        "LowFloor": "True",
        "Hour": 4,
        "Minute": 52
      },
      {
        "Time": "2016-03-22T04:52:57",
        "Lat": 52.2605,
        "Lon": 20.9807,
        "FirstLine": 1,
        "Lines": "1",
        "Brigade": 19,
        "LineBrigade": "1_19",
        "Status": "RUNNING",
        "LowFloor": "True",
        "Hour": 4,
        "Minute": 52
      },
      {
        "Time": "2016-03-22T04:53:22",
        "Lat": 52.2584,
        "Lon": 20.9812,
        "FirstLine": 1,
        "Lines": "1",
        "Brigade": 19,
        "LineBrigade": "1_19",
        "Status": "RUNNING",
        "LowFloor": "True",
        "Hour": 4,
        "Minute": 53
      },
      {
        "Time": "2016-03-22T04:53:59",
        "Lat": 52.2555,
        "Lon": 20.9821,
        "FirstLine": 1,
        "Lines": "1",
        "Brigade": 19,
        "LineBrigade": "1_19",
        "Status": "RUNNING",
        "LowFloor": "True",
        "Hour": 4,
        "Minute": 53
      },
      {
        "Time": "2016-03-22T04:54:25",
        "Lat": 52.2554,
        "Lon": 20.9821,
        "FirstLine": 1,
        "Lines": "1",
        "Brigade": 19,
        "LineBrigade": "1_19",
        "Status": "RUNNING",
        "LowFloor": "True",
        "Hour": 4,
        "Minute": 54
      },
      {
        "Time": "2016-03-22T04:54:56",
        "Lat": 52.2554,
        "Lon": 20.9821,
        "FirstLine": 1,
        "Lines": "1",
        "Brigade": 19,
        "LineBrigade": "1_19",
        "Status": "RUNNING",
        "LowFloor": "True",
        "Hour": 4,
        "Minute": 54
      },
      {
        "Time": "2016-03-22T04:55:27",
        "Lat": 52.2548,
        "Lon": 20.9833,
        "FirstLine": 1,
        "Lines": "1",
        "Brigade": 19,
        "LineBrigade": "1_19",
        "Status": "RUNNING",
        "LowFloor": "True",
        "Hour": 4,
        "Minute": 55
      },
      {
        "Time": "2016-03-22T04:55:58",
        "Lat": 52.2551,
        "Lon": 20.9844,
        "FirstLine": 1,
        "Lines": "1",
        "Brigade": 19,
        "LineBrigade": "1_19",
        "Status": "RUNNING",
        "LowFloor": "True",
        "Hour": 4,
        "Minute": 55
      },
      {
        "Time": "2016-03-22T04:56:30",
        "Lat": 52.2565,
        "Lon": 20.9879,
        "FirstLine": 1,
        "Lines": "1",
        "Brigade": 19,
        "LineBrigade": "1_19",
        "Status": "RUNNING",
        "LowFloor": "True",
        "Hour": 4,
        "Minute": 56
      },
      {
        "Time": "2016-03-22T04:56:57",
        "Lat": 52.2569,
        "Lon": 20.99,
        "FirstLine": 1,
        "Lines": "1",
        "Brigade": 19,
        "LineBrigade": "1_19",
        "Status": "RUNNING",
        "LowFloor": "True",
        "Hour": 4,
        "Minute": 56
      },
      {
        "Time": "2016-03-22T04:57:28",
        "Lat": 52.2579,
        "Lon": 20.9947,
        "FirstLine": 1,
        "Lines": "1",
        "Brigade": 19,
        "LineBrigade": "1_19",
        "Status": "RUNNING",
        "LowFloor": "True",
        "Hour": 4,
        "Minute": 57
      },
      {
        "Time": "2016-03-22T04:57:54",
        "Lat": 52.2581,
        "Lon": 20.9954,
        "FirstLine": 1,
        "Lines": "1",
        "Brigade": 19,
        "LineBrigade": "1_19",
        "Status": "RUNNING",
        "LowFloor": "True",
        "Hour": 4,
        "Minute": 57
      },
      {
        "Time": "2016-03-22T04:58:26",
        "Lat": 52.2586,
        "Lon": 20.9993,
        "FirstLine": 1,
        "Lines": "1",
        "Brigade": 19,
        "LineBrigade": "1_19",
        "Status": "RUNNING",
        "LowFloor": "True",
        "Hour": 4,
        "Minute": 58
      },
      {
        "Time": "2016-03-22T04:58:57",
        "Lat": 52.2587,
        "Lon": 21.0024,
        "FirstLine": 1,
        "Lines": "1",
        "Brigade": 19,
        "LineBrigade": "1_19",
        "Status": "RUNNING",
        "LowFloor": "True",
        "Hour": 4,
        "Minute": 58
      },
      {
        "Time": "2016-03-22T04:59:29",
        "Lat": 52.2592,
        "Lon": 21.0044,
        "FirstLine": 1,
        "Lines": "1",
        "Brigade": 19,
        "LineBrigade": "1_19",
        "Status": "RUNNING",
        "LowFloor": "True",
        "Hour": 4,
        "Minute": 59
      },
      {
        "Time": "2016-03-22T04:59:44",
        "Lat": 52.2598,
        "Lon": 21.0064,
        "FirstLine": 1,
        "Lines": "1",
        "Brigade": 19,
        "LineBrigade": "1_19",
        "Status": "RUNNING",
        "LowFloor": "True",
        "Hour": 4,
        "Minute": 59
      },
      {
        "Time": "2016-03-22T05:00:26",
        "Lat": 52.2604,
        "Lon": 21.0084,
        "FirstLine": 1,
        "Lines": "1",
        "Brigade": 19,
        "LineBrigade": "1_19",
        "Status": "RUNNING",
        "LowFloor": "True",
        "Hour": 5,
        "Minute": 0
      },
      {
        "Time": "2016-03-22T05:00:59",
        "Lat": 52.2612,
        "Lon": 21.0111,
        "FirstLine": 1,
        "Lines": "1",
        "Brigade": 19,
        "LineBrigade": "1_19",
        "Status": "RUNNING",
        "LowFloor": "True",
        "Hour": 5,
        "Minute": 0
      },
      {
        "Time": "2016-03-22T05:01:29",
        "Lat": 52.2619,
        "Lon": 21.0133,
        "FirstLine": 1,
        "Lines": "1",
        "Brigade": 19,
        "LineBrigade": "1_19",
        "Status": "RUNNING",
        "LowFloor": "True",
        "Hour": 5,
        "Minute": 1
      },
      {
        "Time": "2016-03-22T05:02:01",
        "Lat": 52.2631,
        "Lon": 21.0175,
        "FirstLine": 1,
        "Lines": "1",
        "Brigade": 19,
        "LineBrigade": "1_19",
        "Status": "RUNNING",
        "LowFloor": "True",
        "Hour": 5,
        "Minute": 2
      },
      {
        "Time": "2016-03-22T05:02:27",
        "Lat": 52.2635,
        "Lon": 21.0202,
        "FirstLine": 1,
        "Lines": "1",
        "Brigade": 19,
        "LineBrigade": "1_19",
        "Status": "RUNNING",
        "LowFloor": "True",
        "Hour": 5,
        "Minute": 2
      },
      {
        "Time": "2016-03-22T05:02:58",
        "Lat": 52.2637,
        "Lon": 21.0214,
        "FirstLine": 1,
        "Lines": "1",
        "Brigade": 19,
        "LineBrigade": "1_19",
        "Status": "RUNNING",
        "LowFloor": "True",
        "Hour": 5,
        "Minute": 2
      },
      {
        "Time": "2016-03-22T05:03:30",
        "Lat": 52.2643,
        "Lon": 21.0231,
        "FirstLine": 1,
        "Lines": "1",
        "Brigade": 19,
        "LineBrigade": "1_19",
        "Status": "RUNNING",
        "LowFloor": "True",
        "Hour": 5,
        "Minute": 3
      },
      {
        "Time": "2016-03-22T05:03:56",
        "Lat": 52.2652,
        "Lon": 21.0254,
        "FirstLine": 1,
        "Lines": "1",
        "Brigade": 19,
        "LineBrigade": "1_19",
        "Status": "RUNNING",
        "LowFloor": "True",
        "Hour": 5,
        "Minute": 3
      },
      {
        "Time": "2016-03-22T05:04:27",
        "Lat": 52.2665,
        "Lon": 21.0296,
        "FirstLine": 1,
        "Lines": "1",
        "Brigade": 19,
        "LineBrigade": "1_19",
        "Status": "RUNNING",
        "LowFloor": "True",
        "Hour": 5,
        "Minute": 4
      },
      {
        "Time": "2016-03-22T05:04:59",
        "Lat": 52.267,
        "Lon": 21.0314,
        "FirstLine": 1,
        "Lines": "1",
        "Brigade": 19,
        "LineBrigade": "1_19",
        "Status": "RUNNING",
        "LowFloor": "True",
        "Hour": 5,
        "Minute": 4
      },
      {
        "Time": "2016-03-22T05:05:25",
        "Lat": 52.2676,
        "Lon": 21.0341,
        "FirstLine": 1,
        "Lines": "1",
        "Brigade": 19,
        "LineBrigade": "1_19",
        "Status": "RUNNING",
        "LowFloor": "True",
        "Hour": 5,
        "Minute": 5
      },
      {
        "Time": "2016-03-22T05:05:57",
        "Lat": 52.2682,
        "Lon": 21.0368,
        "FirstLine": 1,
        "Lines": "1",
        "Brigade": 19,
        "LineBrigade": "1_19",
        "Status": "RUNNING",
        "LowFloor": "True",
        "Hour": 5,
        "Minute": 5
      },
      {
        "Time": "2016-03-22T05:06:28",
        "Lat": 52.2692,
        "Lon": 21.0369,
        "FirstLine": 1,
        "Lines": "1",
        "Brigade": 19,
        "LineBrigade": "1_19",
        "Status": "RUNNING",
        "LowFloor": "True",
        "Hour": 5,
        "Minute": 6
      },
      {
        "Time": "2016-03-22T05:06:59",
        "Lat": 52.2697,
        "Lon": 21.0364,
        "FirstLine": 1,
        "Lines": "1",
        "Brigade": 19,
        "LineBrigade": "1_19",
        "Status": "RUNNING",
        "LowFloor": "True",
        "Hour": 5,
        "Minute": 6
      },
      {
        "Time": "2016-03-22T05:07:26",
        "Lat": 52.2719,
        "Lon": 21.0337,
        "FirstLine": 1,
        "Lines": "1",
        "Brigade": 19,
        "LineBrigade": "1_19",
        "Status": "RUNNING",
        "LowFloor": "True",
        "Hour": 5,
        "Minute": 7
      },
      {
        "Time": "2016-03-22T05:07:57",
        "Lat": 52.274,
        "Lon": 21.0316,
        "FirstLine": 1,
        "Lines": "1",
        "Brigade": 19,
        "LineBrigade": "1_19",
        "Status": "RUNNING",
        "LowFloor": "True",
        "Hour": 5,
        "Minute": 7
      },
      {
        "Time": "2016-03-22T05:08:24",
        "Lat": 52.2759,
        "Lon": 21.0297,
        "FirstLine": 1,
        "Lines": "1",
        "Brigade": 19,
        "LineBrigade": "1_19",
        "Status": "RUNNING",
        "LowFloor": "True",
        "Hour": 5,
        "Minute": 8
      },
      {
        "Time": "2016-03-22T05:08:55",
        "Lat": 52.2781,
        "Lon": 21.0278,
        "FirstLine": 1,
        "Lines": "1",
        "Brigade": 19,
        "LineBrigade": "1_19",
        "Status": "RUNNING",
        "LowFloor": "True",
        "Hour": 5,
        "Minute": 8
      },
      {
        "Time": "2016-03-22T05:09:26",
        "Lat": 52.2792,
        "Lon": 21.0269,
        "FirstLine": 1,
        "Lines": "1",
        "Brigade": 19,
        "LineBrigade": "1_19",
        "Status": "RUNNING",
        "LowFloor": "True",
        "Hour": 5,
        "Minute": 9
      },
      {
        "Time": "2016-03-22T05:09:58",
        "Lat": 52.281,
        "Lon": 21.0267,
        "FirstLine": 1,
        "Lines": "1",
        "Brigade": 19,
        "LineBrigade": "1_19",
        "Status": "RUNNING",
        "LowFloor": "True",
        "Hour": 5,
        "Minute": 9
      },
      {
        "Time": "2016-03-22T05:10:29",
        "Lat": 52.2816,
        "Lon": 21.029,
        "FirstLine": 1,
        "Lines": "1",
        "Brigade": 19,
        "LineBrigade": "1_19",
        "Status": "RUNNING",
        "LowFloor": "True",
        "Hour": 5,
        "Minute": 10
      },
      {
        "Time": "2016-03-22T05:10:52",
        "Lat": 52.2824,
        "Lon": 21.0321,
        "FirstLine": 1,
        "Lines": "1",
        "Brigade": 19,
        "LineBrigade": "1_19",
        "Status": "RUNNING",
        "LowFloor": "True",
        "Hour": 5,
        "Minute": 10
      },
      {
        "Time": "2016-03-22T05:11:27",
        "Lat": 52.2841,
        "Lon": 21.0335,
        "FirstLine": 1,
        "Lines": "1",
        "Brigade": 19,
        "LineBrigade": "1_19",
        "Status": "RUNNING",
        "LowFloor": "True",
        "Hour": 5,
        "Minute": 11
      },
      {
        "Time": "2016-03-22T05:11:58",
        "Lat": 52.2852,
        "Lon": 21.0328,
        "FirstLine": 1,
        "Lines": "1",
        "Brigade": 19,
        "LineBrigade": "1_19",
        "Status": "RUNNING",
        "LowFloor": "True",
        "Hour": 5,
        "Minute": 11
      },
      {
        "Time": "2016-03-22T05:12:30",
        "Lat": 52.2874,
        "Lon": 21.0312,
        "FirstLine": 1,
        "Lines": "1",
        "Brigade": 19,
        "LineBrigade": "1_19",
        "Status": "RUNNING",
        "LowFloor": "True",
        "Hour": 5,
        "Minute": 12
      },
      {
        "Time": "2016-03-22T05:12:56",
        "Lat": 52.2881,
        "Lon": 21.0308,
        "FirstLine": 1,
        "Lines": "1",
        "Brigade": 19,
        "LineBrigade": "1_19",
        "Status": "RUNNING",
        "LowFloor": "True",
        "Hour": 5,
        "Minute": 12
      },
      {
        "Time": "2016-03-22T05:13:27",
        "Lat": 52.2899,
        "Lon": 21.0296,
        "FirstLine": 1,
        "Lines": "1",
        "Brigade": 19,
        "LineBrigade": "1_19",
        "Status": "RUNNING",
        "LowFloor": "True",
        "Hour": 5,
        "Minute": 13
      },
      {
        "Time": "2016-03-22T05:13:58",
        "Lat": 52.292,
        "Lon": 21.0281,
        "FirstLine": 1,
        "Lines": "1",
        "Brigade": 19,
        "LineBrigade": "1_19",
        "Status": "RUNNING",
        "LowFloor": "True",
        "Hour": 5,
        "Minute": 13
      },
      {
        "Time": "2016-03-22T05:14:25",
        "Lat": 52.2932,
        "Lon": 21.0273,
        "FirstLine": 1,
        "Lines": "1",
        "Brigade": 19,
        "LineBrigade": "1_19",
        "Status": "RUNNING",
        "LowFloor": "True",
        "Hour": 5,
        "Minute": 14
      },
      {
        "Time": "2016-03-22T05:14:57",
        "Lat": 52.2937,
        "Lon": 21.0269,
        "FirstLine": 1,
        "Lines": "1",
        "Brigade": 19,
        "LineBrigade": "1_19",
        "Status": "RUNNING",
        "LowFloor": "True",
        "Hour": 5,
        "Minute": 14
      },
      {
        "Time": "2016-03-22T05:15:30",
        "Lat": 52.2962,
        "Lon": 21.025,
        "FirstLine": 1,
        "Lines": "1",
        "Brigade": 19,
        "LineBrigade": "1_19",
        "Status": "RUNNING",
        "LowFloor": "True",
        "Hour": 5,
        "Minute": 15
      },
      {
        "Time": "2016-03-22T05:15:59",
        "Lat": 52.2969,
        "Lon": 21.0245,
        "FirstLine": 1,
        "Lines": "1",
        "Brigade": 19,
        "LineBrigade": "1_19",
        "Status": "RUNNING",
        "LowFloor": "True",
        "Hour": 5,
        "Minute": 15
      },
      {
        "Time": "2016-03-22T05:16:26",
        "Lat": 52.2981,
        "Lon": 21.0236,
        "FirstLine": 1,
        "Lines": "1",
        "Brigade": 19,
        "LineBrigade": "1_19",
        "Status": "RUNNING",
        "LowFloor": "True",
        "Hour": 5,
        "Minute": 16
      },
      {
        "Time": "2016-03-22T05:16:57",
        "Lat": 52.2994,
        "Lon": 21.0224,
        "FirstLine": 1,
        "Lines": "1",
        "Brigade": 19,
        "LineBrigade": "1_19",
        "Status": "RUNNING",
        "LowFloor": "True",
        "Hour": 5,
        "Minute": 16
      },
      {
        "Time": "2016-03-22T05:17:29",
        "Lat": 52.2988,
        "Lon": 21.0214,
        "FirstLine": 1,
        "Lines": "1",
        "Brigade": 19,
        "LineBrigade": "1_19",
        "Status": "RUNNING",
        "LowFloor": "True",
        "Hour": 5,
        "Minute": 17
      },
      {
        "Time": "2016-03-22T05:18:00",
        "Lat": 52.2987,
        "Lon": 21.0215,
        "FirstLine": 1,
        "Lines": "1",
        "Brigade": 19,
        "LineBrigade": "1_19",
        "Status": "RUNNING",
        "LowFloor": "True",
        "Hour": 5,
        "Minute": 18
      },
      {
        "Time": "2016-03-22T05:18:26",
        "Lat": 52.2987,
        "Lon": 21.0215,
        "FirstLine": 1,
        "Lines": "1",
        "Brigade": 19,
        "LineBrigade": "1_19",
        "Status": "RUNNING",
        "LowFloor": "True",
        "Hour": 5,
        "Minute": 18
      },
      {
        "Time": "2016-03-22T05:18:58",
        "Lat": 52.2987,
        "Lon": 21.0215,
        "FirstLine": 1,
        "Lines": "1",
        "Brigade": 19,
        "LineBrigade": "1_19",
        "Status": "RUNNING",
        "LowFloor": "True",
        "Hour": 5,
        "Minute": 18
      },
      {
        "Time": "2016-03-22T05:19:29",
        "Lat": 52.2987,
        "Lon": 21.0215,
        "FirstLine": 1,
        "Lines": "1",
        "Brigade": 19,
        "LineBrigade": "1_19",
        "Status": "RUNNING",
        "LowFloor": "True",
        "Hour": 5,
        "Minute": 19
      },
      {
        "Time": "2016-03-22T05:20:00",
        "Lat": 52.2987,
        "Lon": 21.0215,
        "FirstLine": 1,
        "Lines": "1",
        "Brigade": 19,
        "LineBrigade": "1_19",
        "Status": "RUNNING",
        "LowFloor": "True",
        "Hour": 5,
        "Minute": 20
      },
      {
        "Time": "2016-03-22T05:20:27",
        "Lat": 52.2987,
        "Lon": 21.0215,
        "FirstLine": 1,
        "Lines": "1",
        "Brigade": 19,
        "LineBrigade": "1_19",
        "Status": "RUNNING",
        "LowFloor": "True",
        "Hour": 5,
        "Minute": 20
      },
      {
        "Time": "2016-03-22T05:20:58",
        "Lat": 52.2987,
        "Lon": 21.0215,
        "FirstLine": 1,
        "Lines": "1",
        "Brigade": 19,
        "LineBrigade": "1_19",
        "Status": "RUNNING",
        "LowFloor": "True",
        "Hour": 5,
        "Minute": 20
      },
      {
        "Time": "2016-03-22T05:21:30",
        "Lat": 52.2987,
        "Lon": 21.0215,
        "FirstLine": 1,
        "Lines": "1",
        "Brigade": 19,
        "LineBrigade": "1_19",
        "Status": "RUNNING",
        "LowFloor": "True",
        "Hour": 5,
        "Minute": 21
      },
      {
        "Time": "2016-03-22T05:21:56",
        "Lat": 52.2987,
        "Lon": 21.0215,
        "FirstLine": 1,
        "Lines": "1",
        "Brigade": 19,
        "LineBrigade": "1_19",
        "Status": "RUNNING",
        "LowFloor": "True",
        "Hour": 5,
        "Minute": 21
      },
      {
        "Time": "2016-03-22T05:22:28",
        "Lat": 52.2987,
        "Lon": 21.0215,
        "FirstLine": 1,
        "Lines": "1",
        "Brigade": 19,
        "LineBrigade": "1_19",
        "Status": "RUNNING",
        "LowFloor": "True",
        "Hour": 5,
        "Minute": 22
      },
      {
        "Time": "2016-03-22T05:22:59",
        "Lat": 52.2987,
        "Lon": 21.0215,
        "FirstLine": 1,
        "Lines": "1",
        "Brigade": 19,
        "LineBrigade": "1_19",
        "Status": "RUNNING",
        "LowFloor": "True",
        "Hour": 5,
        "Minute": 22
      },
      {
        "Time": "2016-03-22T05:23:25",
        "Lat": 52.2987,
        "Lon": 21.0215,
        "FirstLine": 1,
        "Lines": "1",
        "Brigade": 19,
        "LineBrigade": "1_19",
        "Status": "RUNNING",
        "LowFloor": "True",
        "Hour": 5,
        "Minute": 23
      },
      {
        "Time": "2016-03-22T05:23:57",
        "Lat": 52.2987,
        "Lon": 21.0215,
        "FirstLine": 1,
        "Lines": "1",
        "Brigade": 19,
        "LineBrigade": "1_19",
        "Status": "RUNNING",
        "LowFloor": "True",
        "Hour": 5,
        "Minute": 23
      },
      {
        "Time": "2016-03-22T05:24:28",
        "Lat": 52.2987,
        "Lon": 21.0215,
        "FirstLine": 1,
        "Lines": "1",
        "Brigade": 19,
        "LineBrigade": "1_19",
        "Status": "RUNNING",
        "LowFloor": "True",
        "Hour": 5,
        "Minute": 24
      },
      {
        "Time": "2016-03-22T05:25:00",
        "Lat": 52.2987,
        "Lon": 21.0215,
        "FirstLine": 1,
        "Lines": "1",
        "Brigade": 19,
        "LineBrigade": "1_19",
        "Status": "RUNNING",
        "LowFloor": "True",
        "Hour": 5,
        "Minute": 25
      },
      {
        "Time": "2016-03-22T05:25:26",
        "Lat": 52.2987,
        "Lon": 21.0215,
        "FirstLine": 1,
        "Lines": "1",
        "Brigade": 19,
        "LineBrigade": "1_19",
        "Status": "RUNNING",
        "LowFloor": "True",
        "Hour": 5,
        "Minute": 25
      },
      {
        "Time": "2016-03-22T05:25:57",
        "Lat": 52.2987,
        "Lon": 21.0215,
        "FirstLine": 1,
        "Lines": "1",
        "Brigade": 19,
        "LineBrigade": "1_19",
        "Status": "RUNNING",
        "LowFloor": "True",
        "Hour": 5,
        "Minute": 25
      },
      {
        "Time": "2016-03-22T05:26:03",
        "Lat": 52.2987,
        "Lon": 21.0215,
        "FirstLine": 1,
        "Lines": "1",
        "Brigade": 19,
        "LineBrigade": "1_19",
        "Status": "RUNNING",
        "LowFloor": "True",
        "Hour": 5,
        "Minute": 26
      },
      {
        "Time": "2016-03-22T14:33:29",
        "Lat": 52.2299,
        "Lon": 20.9849,
        "FirstLine": 1,
        "Lines": "1",
        "Brigade": 19,
        "LineBrigade": "1_19",
        "Status": "RUNNING",
        "LowFloor": "True",
        "Hour": 14,
        "Minute": 33
      },
      {
        "Time": "2016-03-22T14:33:55",
        "Lat": 52.2303,
        "Lon": 20.9845,
        "FirstLine": 1,
        "Lines": "1",
        "Brigade": 19,
        "LineBrigade": "1_19",
        "Status": "RUNNING",
        "LowFloor": "True",
        "Hour": 14,
        "Minute": 33
      },
      {
        "Time": "2016-03-22T14:34:27",
        "Lat": 52.233,
        "Lon": 20.9823,
        "FirstLine": 1,
        "Lines": "1",
        "Brigade": 19,
        "LineBrigade": "1_19",
        "Status": "RUNNING",
        "LowFloor": "True",
        "Hour": 14,
        "Minute": 34
      },
      {
        "Time": "2016-03-22T14:34:58",
        "Lat": 52.2331,
        "Lon": 20.9823,
        "FirstLine": 1,
        "Lines": "1",
        "Brigade": 19,
        "LineBrigade": "1_19",
        "Status": "RUNNING",
        "LowFloor": "True",
        "Hour": 14,
        "Minute": 34
      },
      {
        "Time": "2016-03-22T14:35:30",
        "Lat": 52.2339,
        "Lon": 20.9819,
        "FirstLine": 1,
        "Lines": "1",
        "Brigade": 19,
        "LineBrigade": "1_19",
        "Status": "RUNNING",
        "LowFloor": "True",
        "Hour": 14,
        "Minute": 35
      },
      {
        "Time": "2016-03-22T14:35:56",
        "Lat": 52.2354,
        "Lon": 20.9808,
        "FirstLine": 1,
        "Lines": "1",
        "Brigade": 19,
        "LineBrigade": "1_19",
        "Status": "RUNNING",
        "LowFloor": "True",
        "Hour": 14,
        "Minute": 35
      },
      {
        "Time": "2016-03-22T14:36:27",
        "Lat": 52.2363,
        "Lon": 20.9805,
        "FirstLine": 1,
        "Lines": "1",
        "Brigade": 19,
        "LineBrigade": "1_19",
        "Status": "RUNNING",
        "LowFloor": "True",
        "Hour": 14,
        "Minute": 36
      },
      {
        "Time": "2016-03-22T14:36:59",
        "Lat": 52.2366,
        "Lon": 20.9803,
        "FirstLine": 1,
        "Lines": "1",
        "Brigade": 19,
        "LineBrigade": "1_19",
        "Status": "RUNNING",
        "LowFloor": "True",
        "Hour": 14,
        "Minute": 36
      },
      {
        "Time": "2016-03-22T14:37:30",
        "Lat": 52.2366,
        "Lon": 20.9803,
        "FirstLine": 1,
        "Lines": "1",
        "Brigade": 19,
        "LineBrigade": "1_19",
        "Status": "RUNNING",
        "LowFloor": "True",
        "Hour": 14,
        "Minute": 37
      },
      {
        "Time": "2016-03-22T14:37:56",
        "Lat": 52.2368,
        "Lon": 20.9803,
        "FirstLine": 1,
        "Lines": "1",
        "Brigade": 19,
        "LineBrigade": "1_19",
        "Status": "RUNNING",
        "LowFloor": "True",
        "Hour": 14,
        "Minute": 37
      },
      {
        "Time": "2016-03-22T14:38:28",
        "Lat": 52.2377,
        "Lon": 20.9793,
        "FirstLine": 1,
        "Lines": "1",
        "Brigade": 19,
        "LineBrigade": "1_19",
        "Status": "RUNNING",
        "LowFloor": "True",
        "Hour": 14,
        "Minute": 38
      },
      {
        "Time": "2016-03-22T14:38:59",
        "Lat": 52.238,
        "Lon": 20.9788,
        "FirstLine": 1,
        "Lines": "1",
        "Brigade": 19,
        "LineBrigade": "1_19",
        "Status": "RUNNING",
        "LowFloor": "True",
        "Hour": 14,
        "Minute": 38
      },
      {
        "Time": "2016-03-22T14:39:25",
        "Lat": 52.2394,
        "Lon": 20.9778,
        "FirstLine": 1,
        "Lines": "1",
        "Brigade": 19,
        "LineBrigade": "1_19",
        "Status": "RUNNING",
        "LowFloor": "True",
        "Hour": 14,
        "Minute": 39
      },
      {
        "Time": "2016-03-22T14:39:57",
        "Lat": 52.2408,
        "Lon": 20.9776,
        "FirstLine": 1,
        "Lines": "1",
        "Brigade": 19,
        "LineBrigade": "1_19",
        "Status": "RUNNING",
        "LowFloor": "True",
        "Hour": 14,
        "Minute": 39
      },
      {
        "Time": "2016-03-22T14:40:28",
        "Lat": 52.2419,
        "Lon": 20.978,
        "FirstLine": 1,
        "Lines": "1",
        "Brigade": 19,
        "LineBrigade": "1_19",
        "Status": "RUNNING",
        "LowFloor": "True",
        "Hour": 14,
        "Minute": 40
      },
      {
        "Time": "2016-03-22T14:41:00",
        "Lat": 52.2439,
        "Lon": 20.9774,
        "FirstLine": 1,
        "Lines": "1",
        "Brigade": 19,
        "LineBrigade": "1_19",
        "Status": "RUNNING",
        "LowFloor": "True",
        "Hour": 14,
        "Minute": 41
      },
      {
        "Time": "2016-03-22T14:41:25",
        "Lat": 52.2442,
        "Lon": 20.9773,
        "FirstLine": 1,
        "Lines": "1",
        "Brigade": 19,
        "LineBrigade": "1_19",
        "Status": "RUNNING",
        "LowFloor": "True",
        "Hour": 14,
        "Minute": 41
      },
      {
        "Time": "2016-03-22T14:41:58",
        "Lat": 52.245,
        "Lon": 20.9772,
        "FirstLine": 1,
        "Lines": "1",
        "Brigade": 19,
        "LineBrigade": "1_19",
        "Status": "RUNNING",
        "LowFloor": "True",
        "Hour": 14,
        "Minute": 41
      },
      {
        "Time": "2016-03-22T14:42:30",
        "Lat": 52.2483,
        "Lon": 20.9791,
        "FirstLine": 1,
        "Lines": "1",
        "Brigade": 19,
        "LineBrigade": "1_19",
        "Status": "RUNNING",
        "LowFloor": "True",
        "Hour": 14,
        "Minute": 42
      },
      {
        "Time": "2016-03-22T14:43:00",
        "Lat": 52.2489,
        "Lon": 20.9793,
        "FirstLine": 1,
        "Lines": "1",
        "Brigade": 19,
        "LineBrigade": "1_19",
        "Status": "RUNNING",
        "LowFloor": "True",
        "Hour": 14,
        "Minute": 43
      },
      {
        "Time": "2016-03-22T14:43:27",
        "Lat": 52.2522,
        "Lon": 20.9808,
        "FirstLine": 1,
        "Lines": "1",
        "Brigade": 19,
        "LineBrigade": "1_19",
        "Status": "RUNNING",
        "LowFloor": "True",
        "Hour": 14,
        "Minute": 43
      },
      {
        "Time": "2016-03-22T14:43:58",
        "Lat": 52.253,
        "Lon": 20.9812,
        "FirstLine": 1,
        "Lines": "1",
        "Brigade": 19,
        "LineBrigade": "1_19",
        "Status": "RUNNING",
        "LowFloor": "True",
        "Hour": 14,
        "Minute": 43
      },
      {
        "Time": "2016-03-22T14:44:30",
        "Lat": 52.253,
        "Lon": 20.9812,
        "FirstLine": 1,
        "Lines": "1",
        "Brigade": 19,
        "LineBrigade": "1_19",
        "Status": "RUNNING",
        "LowFloor": "True",
        "Hour": 14,
        "Minute": 44
      },
      {
        "Time": "2016-03-22T14:44:56",
        "Lat": 52.2537,
        "Lon": 20.9816,
        "FirstLine": 1,
        "Lines": "1",
        "Brigade": 19,
        "LineBrigade": "1_19",
        "Status": "RUNNING",
        "LowFloor": "True",
        "Hour": 14,
        "Minute": 44
      },
      {
        "Time": "2016-03-22T14:45:27",
        "Lat": 52.2545,
        "Lon": 20.9821,
        "FirstLine": 1,
        "Lines": "1",
        "Brigade": 19,
        "LineBrigade": "1_19",
        "Status": "RUNNING",
        "LowFloor": "True",
        "Hour": 14,
        "Minute": 45
      },
      {
        "Time": "2016-03-22T14:45:59",
        "Lat": 52.255,
        "Lon": 20.9841,
        "FirstLine": 1,
        "Lines": "1",
        "Brigade": 19,
        "LineBrigade": "1_19",
        "Status": "RUNNING",
        "LowFloor": "True",
        "Hour": 14,
        "Minute": 45
      },
      {
        "Time": "2016-03-22T14:46:30",
        "Lat": 52.2551,
        "Lon": 20.9844,
        "FirstLine": 1,
        "Lines": "1",
        "Brigade": 19,
        "LineBrigade": "1_19",
        "Status": "RUNNING",
        "LowFloor": "True",
        "Hour": 14,
        "Minute": 46
      },
      {
        "Time": "2016-03-22T14:46:59",
        "Lat": 52.2563,
        "Lon": 20.9869,
        "FirstLine": 1,
        "Lines": "1",
        "Brigade": 19,
        "LineBrigade": "1_19",
        "Status": "RUNNING",
        "LowFloor": "True",
        "Hour": 14,
        "Minute": 46
      },
      {
        "Time": "2016-03-22T14:47:28",
        "Lat": 52.2566,
        "Lon": 20.9884,
        "FirstLine": 1,
        "Lines": "1",
        "Brigade": 19,
        "LineBrigade": "1_19",
        "Status": "RUNNING",
        "LowFloor": "True",
        "Hour": 14,
        "Minute": 47
      },
      {
        "Time": "2016-03-22T14:47:59",
        "Lat": 52.2571,
        "Lon": 20.9909,
        "FirstLine": 1,
        "Lines": "1",
        "Brigade": 19,
        "LineBrigade": "1_19",
        "Status": "RUNNING",
        "LowFloor": "True",
        "Hour": 14,
        "Minute": 47
      },
      {
        "Time": "2016-03-22T14:48:31",
        "Lat": 52.258,
        "Lon": 20.9949,
        "FirstLine": 1,
        "Lines": "1",
        "Brigade": 19,
        "LineBrigade": "1_19",
        "Status": "RUNNING",
        "LowFloor": "True",
        "Hour": 14,
        "Minute": 48
      },
      {
        "Time": "2016-03-22T14:48:57",
        "Lat": 52.258,
        "Lon": 20.995,
        "FirstLine": 1,
        "Lines": "1",
        "Brigade": 19,
        "LineBrigade": "1_19",
        "Status": "RUNNING",
        "LowFloor": "True",
        "Hour": 14,
        "Minute": 48
      },
      {
        "Time": "2016-03-22T14:49:28",
        "Lat": 52.2586,
        "Lon": 20.9991,
        "FirstLine": 1,
        "Lines": "1",
        "Brigade": 19,
        "LineBrigade": "1_19",
        "Status": "RUNNING",
        "LowFloor": "True",
        "Hour": 14,
        "Minute": 49
      },
      {
        "Time": "2016-03-22T14:50:00",
        "Lat": 52.2587,
        "Lon": 21.0025,
        "FirstLine": 1,
        "Lines": "1",
        "Brigade": 19,
        "LineBrigade": "1_19",
        "Status": "RUNNING",
        "LowFloor": "True",
        "Hour": 14,
        "Minute": 50
      },
      {
        "Time": "2016-03-22T14:50:26",
        "Lat": 52.2588,
        "Lon": 21.0031,
        "FirstLine": 1,
        "Lines": "1",
        "Brigade": 19,
        "LineBrigade": "1_19",
        "Status": "RUNNING",
        "LowFloor": "True",
        "Hour": 14,
        "Minute": 50
      },
      {
        "Time": "2016-03-22T14:50:59",
        "Lat": 52.2603,
        "Lon": 21.0079,
        "FirstLine": 1,
        "Lines": "1",
        "Brigade": 19,
        "LineBrigade": "1_19",
        "Status": "RUNNING",
        "LowFloor": "True",
        "Hour": 14,
        "Minute": 50
      },
      {
        "Time": "2016-03-22T14:51:21",
        "Lat": 52.2604,
        "Lon": 21.008,
        "FirstLine": 1,
        "Lines": "1",
        "Brigade": 19,
        "LineBrigade": "1_19",
        "Status": "RUNNING",
        "LowFloor": "True",
        "Hour": 14,
        "Minute": 51
      },
      {
        "Time": "2016-03-22T14:52:00",
        "Lat": 52.2617,
        "Lon": 21.0125,
        "FirstLine": 1,
        "Lines": "1",
        "Brigade": 19,
        "LineBrigade": "1_19",
        "Status": "RUNNING",
        "LowFloor": "True",
        "Hour": 14,
        "Minute": 52
      },
      {
        "Time": "2016-03-22T14:52:27",
        "Lat": 52.2618,
        "Lon": 21.0135,
        "FirstLine": 1,
        "Lines": "1",
        "Brigade": 19,
        "LineBrigade": "1_19",
        "Status": "RUNNING",
        "LowFloor": "True",
        "Hour": 14,
        "Minute": 52
      },
      {
        "Time": "2016-03-22T14:53:00",
        "Lat": 52.2631,
        "Lon": 21.0181,
        "FirstLine": 1,
        "Lines": "1",
        "Brigade": 19,
        "LineBrigade": "1_19",
        "Status": "RUNNING",
        "LowFloor": "True",
        "Hour": 14,
        "Minute": 53
      },
      {
        "Time": "2016-03-22T14:53:29",
        "Lat": 52.2635,
        "Lon": 21.0203,
        "FirstLine": 1,
        "Lines": "1",
        "Brigade": 19,
        "LineBrigade": "1_19",
        "Status": "RUNNING",
        "LowFloor": "True",
        "Hour": 14,
        "Minute": 53
      },
      {
        "Time": "2016-03-22T14:53:56",
        "Lat": 52.2636,
        "Lon": 21.0211,
        "FirstLine": 1,
        "Lines": "1",
        "Brigade": 19,
        "LineBrigade": "1_19",
        "Status": "RUNNING",
        "LowFloor": "True",
        "Hour": 14,
        "Minute": 53
      },
      {
        "Time": "2016-03-22T14:54:27",
        "Lat": 52.2643,
        "Lon": 21.0232,
        "FirstLine": 1,
        "Lines": "1",
        "Brigade": 19,
        "LineBrigade": "1_19",
        "Status": "RUNNING",
        "LowFloor": "True",
        "Hour": 14,
        "Minute": 54
      },
      {
        "Time": "2016-03-22T14:54:59",
        "Lat": 52.2653,
        "Lon": 21.0257,
        "FirstLine": 1,
        "Lines": "1",
        "Brigade": 19,
        "LineBrigade": "1_19",
        "Status": "RUNNING",
        "LowFloor": "True",
        "Hour": 14,
        "Minute": 54
      },
      {
        "Time": "2016-03-22T14:55:30",
        "Lat": 52.267,
        "Lon": 21.0313,
        "FirstLine": 1,
        "Lines": "1",
        "Brigade": 19,
        "LineBrigade": "1_19",
        "Status": "RUNNING",
        "LowFloor": "True",
        "Hour": 14,
        "Minute": 55
      },
      {
        "Time": "2016-03-22T14:55:56",
        "Lat": 52.2671,
        "Lon": 21.0317,
        "FirstLine": 1,
        "Lines": "1",
        "Brigade": 19,
        "LineBrigade": "1_19",
        "Status": "RUNNING",
        "LowFloor": "True",
        "Hour": 14,
        "Minute": 55
      },
      {
        "Time": "2016-03-22T14:56:28",
        "Lat": 52.268,
        "Lon": 21.0364,
        "FirstLine": 1,
        "Lines": "1",
        "Brigade": 19,
        "LineBrigade": "1_19",
        "Status": "RUNNING",
        "LowFloor": "True",
        "Hour": 14,
        "Minute": 56
      },
      {
        "Time": "2016-03-22T14:56:59",
        "Lat": 52.2685,
        "Lon": 21.0371,
        "FirstLine": 1,
        "Lines": "1",
        "Brigade": 19,
        "LineBrigade": "1_19",
        "Status": "RUNNING",
        "LowFloor": "True",
        "Hour": 14,
        "Minute": 56
      },
      {
        "Time": "2016-03-22T14:57:25",
        "Lat": 52.2695,
        "Lon": 21.0366,
        "FirstLine": 1,
        "Lines": "1",
        "Brigade": 19,
        "LineBrigade": "1_19",
        "Status": "RUNNING",
        "LowFloor": "True",
        "Hour": 14,
        "Minute": 57
      },
      {
        "Time": "2016-03-22T14:57:57",
        "Lat": 52.2696,
        "Lon": 21.0365,
        "FirstLine": 1,
        "Lines": "1",
        "Brigade": 19,
        "LineBrigade": "1_19",
        "Status": "RUNNING",
        "LowFloor": "True",
        "Hour": 14,
        "Minute": 57
      },
      {
        "Time": "2016-03-22T14:58:28",
        "Lat": 52.272,
        "Lon": 21.0336,
        "FirstLine": 1,
        "Lines": "1",
        "Brigade": 19,
        "LineBrigade": "1_19",
        "Status": "RUNNING",
        "LowFloor": "True",
        "Hour": 14,
        "Minute": 58
      },
      {
        "Time": "2016-03-22T14:59:00",
        "Lat": 52.274,
        "Lon": 21.0315,
        "FirstLine": 1,
        "Lines": "1",
        "Brigade": 19,
        "LineBrigade": "1_19",
        "Status": "RUNNING",
        "LowFloor": "True",
        "Hour": 14,
        "Minute": 59
      },
      {
        "Time": "2016-03-22T14:59:25",
        "Lat": 52.2764,
        "Lon": 21.0292,
        "FirstLine": 1,
        "Lines": "1",
        "Brigade": 19,
        "LineBrigade": "1_19",
        "Status": "RUNNING",
        "LowFloor": "True",
        "Hour": 14,
        "Minute": 59
      },
      {
        "Time": "2016-03-22T14:59:42",
        "Lat": 52.278,
        "Lon": 21.0278,
        "FirstLine": 1,
        "Lines": "1",
        "Brigade": 19,
        "LineBrigade": "1_19",
        "Status": "RUNNING",
        "LowFloor": "True",
        "Hour": 14,
        "Minute": 59
      },
      {
        "Time": "2016-03-22T15:01:27",
        "Lat": 52.2821,
        "Lon": 21.0313,
        "FirstLine": 1,
        "Lines": "1",
        "Brigade": 19,
        "LineBrigade": "1_19",
        "Status": "RUNNING",
        "LowFloor": "True",
        "Hour": 15,
        "Minute": 1
      },
      {
        "Time": "2016-03-22T15:01:58",
        "Lat": 52.2839,
        "Lon": 21.0337,
        "FirstLine": 1,
        "Lines": "1",
        "Brigade": 19,
        "LineBrigade": "1_19",
        "Status": "RUNNING",
        "LowFloor": "True",
        "Hour": 15,
        "Minute": 1
      },
      {
        "Time": "2016-03-22T15:02:30",
        "Lat": 52.285,
        "Lon": 21.0329,
        "FirstLine": 1,
        "Lines": "1",
        "Brigade": 19,
        "LineBrigade": "1_19",
        "Status": "RUNNING",
        "LowFloor": "True",
        "Hour": 15,
        "Minute": 2
      },
      {
        "Time": "2016-03-22T15:02:56",
        "Lat": 52.287,
        "Lon": 21.0315,
        "FirstLine": 1,
        "Lines": "1",
        "Brigade": 19,
        "LineBrigade": "1_19",
        "Status": "RUNNING",
        "LowFloor": "True",
        "Hour": 15,
        "Minute": 2
      },
      {
        "Time": "2016-03-22T15:03:07",
        "Lat": 52.2878,
        "Lon": 21.031,
        "FirstLine": 1,
        "Lines": "1",
        "Brigade": 19,
        "LineBrigade": "1_19",
        "Status": "RUNNING",
        "LowFloor": "True",
        "Hour": 15,
        "Minute": 3
      },
      {
        "Time": "2016-03-22T15:03:59",
        "Lat": 52.2896,
        "Lon": 21.0297,
        "FirstLine": 1,
        "Lines": "1",
        "Brigade": 19,
        "LineBrigade": "1_19",
        "Status": "RUNNING",
        "LowFloor": "True",
        "Hour": 15,
        "Minute": 3
      },
      {
        "Time": "2016-03-22T15:04:30",
        "Lat": 52.2912,
        "Lon": 21.0287,
        "FirstLine": 1,
        "Lines": "1",
        "Brigade": 19,
        "LineBrigade": "1_19",
        "Status": "RUNNING",
        "LowFloor": "True",
        "Hour": 15,
        "Minute": 4
      },
      {
        "Time": "2016-03-22T15:04:56",
        "Lat": 52.2929,
        "Lon": 21.0275,
        "FirstLine": 1,
        "Lines": "1",
        "Brigade": 19,
        "LineBrigade": "1_19",
        "Status": "RUNNING",
        "LowFloor": "True",
        "Hour": 15,
        "Minute": 4
      },
      {
        "Time": "2016-03-22T15:05:28",
        "Lat": 52.2929,
        "Lon": 21.0275,
        "FirstLine": 1,
        "Lines": "1",
        "Brigade": 19,
        "LineBrigade": "1_19",
        "Status": "RUNNING",
        "LowFloor": "True",
        "Hour": 15,
        "Minute": 5
      },
      {
        "Time": "2016-03-22T15:05:59",
        "Lat": 52.2931,
        "Lon": 21.0273,
        "FirstLine": 1,
        "Lines": "1",
        "Brigade": 19,
        "LineBrigade": "1_19",
        "Status": "RUNNING",
        "LowFloor": "True",
        "Hour": 15,
        "Minute": 5
      },
      {
        "Time": "2016-03-22T15:06:25",
        "Lat": 52.296,
        "Lon": 21.0252,
        "FirstLine": 1,
        "Lines": "1",
        "Brigade": 19,
        "LineBrigade": "1_19",
        "Status": "RUNNING",
        "LowFloor": "True",
        "Hour": 15,
        "Minute": 6
      },
      {
        "Time": "2016-03-22T15:06:57",
        "Lat": 52.2967,
        "Lon": 21.0247,
        "FirstLine": 1,
        "Lines": "1",
        "Brigade": 19,
        "LineBrigade": "1_19",
        "Status": "RUNNING",
        "LowFloor": "True",
        "Hour": 15,
        "Minute": 6
      },
      {
        "Time": "2016-03-22T15:07:18",
        "Lat": 52.2983,
        "Lon": 21.0235,
        "FirstLine": 1,
        "Lines": "1",
        "Brigade": 19,
        "LineBrigade": "1_19",
        "Status": "RUNNING",
        "LowFloor": "True",
        "Hour": 15,
        "Minute": 7
      },
      {
        "Time": "2016-03-22T15:08:58",
        "Lat": 52.2984,
        "Lon": 21.0217,
        "FirstLine": 1,
        "Lines": "1",
        "Brigade": 19,
        "LineBrigade": "1_19",
        "Status": "RUNNING",
        "LowFloor": "True",
        "Hour": 15,
        "Minute": 8
      },
      {
        "Time": "2016-03-22T15:09:29",
        "Lat": 52.2984,
        "Lon": 21.0217,
        "FirstLine": 1,
        "Lines": "1",
        "Brigade": 19,
        "LineBrigade": "1_19",
        "Status": "RUNNING",
        "LowFloor": "True",
        "Hour": 15,
        "Minute": 9
      },
      {
        "Time": "2016-03-22T15:09:55",
        "Lat": 52.2984,
        "Lon": 21.0217,
        "FirstLine": 1,
        "Lines": "1",
        "Brigade": 19,
        "LineBrigade": "1_19",
        "Status": "RUNNING",
        "LowFloor": "True",
        "Hour": 15,
        "Minute": 9
      },
      {
        "Time": "2016-03-22T15:10:27",
        "Lat": 52.2984,
        "Lon": 21.0217,
        "FirstLine": 1,
        "Lines": "1",
        "Brigade": 19,
        "LineBrigade": "1_19",
        "Status": "RUNNING",
        "LowFloor": "True",
        "Hour": 15,
        "Minute": 10
      },
      {
        "Time": "2016-03-22T15:10:58",
        "Lat": 52.2984,
        "Lon": 21.0217,
        "FirstLine": 1,
        "Lines": "1",
        "Brigade": 19,
        "LineBrigade": "1_19",
        "Status": "RUNNING",
        "LowFloor": "True",
        "Hour": 15,
        "Minute": 10
      },
      {
        "Time": "2016-03-22T15:11:30",
        "Lat": 52.2984,
        "Lon": 21.0217,
        "FirstLine": 1,
        "Lines": "1",
        "Brigade": 19,
        "LineBrigade": "1_19",
        "Status": "RUNNING",
        "LowFloor": "True",
        "Hour": 15,
        "Minute": 11
      },
      {
        "Time": "2016-03-22T15:11:56",
        "Lat": 52.2984,
        "Lon": 21.0217,
        "FirstLine": 1,
        "Lines": "1",
        "Brigade": 19,
        "LineBrigade": "1_19",
        "Status": "RUNNING",
        "LowFloor": "True",
        "Hour": 15,
        "Minute": 11
      },
      {
        "Time": "2016-03-22T15:12:27",
        "Lat": 52.2984,
        "Lon": 21.0217,
        "FirstLine": 1,
        "Lines": "1",
        "Brigade": 19,
        "LineBrigade": "1_19",
        "Status": "RUNNING",
        "LowFloor": "True",
        "Hour": 15,
        "Minute": 12
      },
      {
        "Time": "2016-03-22T15:12:59",
        "Lat": 52.2984,
        "Lon": 21.0217,
        "FirstLine": 1,
        "Lines": "1",
        "Brigade": 19,
        "LineBrigade": "1_19",
        "Status": "RUNNING",
        "LowFloor": "True",
        "Hour": 15,
        "Minute": 12
      },
      {
        "Time": "2016-03-22T15:13:25",
        "Lat": 52.2984,
        "Lon": 21.0217,
        "FirstLine": 1,
        "Lines": "1",
        "Brigade": 19,
        "LineBrigade": "1_19",
        "Status": "RUNNING",
        "LowFloor": "True",
        "Hour": 15,
        "Minute": 13
      },
      {
        "Time": "2016-03-22T15:13:56",
        "Lat": 52.2984,
        "Lon": 21.0217,
        "FirstLine": 1,
        "Lines": "1",
        "Brigade": 19,
        "LineBrigade": "1_19",
        "Status": "RUNNING",
        "LowFloor": "True",
        "Hour": 15,
        "Minute": 13
      },
      {
        "Time": "2016-03-22T15:14:28",
        "Lat": 52.2984,
        "Lon": 21.0217,
        "FirstLine": 1,
        "Lines": "1",
        "Brigade": 19,
        "LineBrigade": "1_19",
        "Status": "RUNNING",
        "LowFloor": "True",
        "Hour": 15,
        "Minute": 14
      },
      {
        "Time": "2016-03-22T15:14:59",
        "Lat": 52.2984,
        "Lon": 21.0217,
        "FirstLine": 1,
        "Lines": "1",
        "Brigade": 19,
        "LineBrigade": "1_19",
        "Status": "RUNNING",
        "LowFloor": "True",
        "Hour": 15,
        "Minute": 14
      },
      {
        "Time": "2016-03-22T15:15:25",
        "Lat": 52.2982,
        "Lon": 21.022,
        "FirstLine": 1,
        "Lines": "1",
        "Brigade": 19,
        "LineBrigade": "1_19",
        "Status": "RUNNING",
        "LowFloor": "True",
        "Hour": 15,
        "Minute": 15
      },
      {
        "Time": "2016-03-22T15:15:57",
        "Lat": 52.2982,
        "Lon": 21.0235,
        "FirstLine": 1,
        "Lines": "1",
        "Brigade": 19,
        "LineBrigade": "1_19",
        "Status": "RUNNING",
        "LowFloor": "True",
        "Hour": 15,
        "Minute": 15
      },
      {
        "Time": "2016-03-22T15:16:28",
        "Lat": 52.2965,
        "Lon": 21.0248,
        "FirstLine": 1,
        "Lines": "1",
        "Brigade": 19,
        "LineBrigade": "1_19",
        "Status": "RUNNING",
        "LowFloor": "True",
        "Hour": 15,
        "Minute": 16
      },
      {
        "Time": "2016-03-22T15:16:55",
        "Lat": 52.2946,
        "Lon": 21.0262,
        "FirstLine": 1,
        "Lines": "1",
        "Brigade": 19,
        "LineBrigade": "1_19",
        "Status": "RUNNING",
        "LowFloor": "True",
        "Hour": 15,
        "Minute": 16
      },
      {
        "Time": "2016-03-22T15:17:27",
        "Lat": 52.2938,
        "Lon": 21.0268,
        "FirstLine": 1,
        "Lines": "1",
        "Brigade": 19,
        "LineBrigade": "1_19",
        "Status": "RUNNING",
        "LowFloor": "True",
        "Hour": 15,
        "Minute": 17
      },
      {
        "Time": "2016-03-22T15:17:58",
        "Lat": 52.2922,
        "Lon": 21.0279,
        "FirstLine": 1,
        "Lines": "1",
        "Brigade": 19,
        "LineBrigade": "1_19",
        "Status": "RUNNING",
        "LowFloor": "True",
        "Hour": 15,
        "Minute": 17
      },
      {
        "Time": "2016-03-22T15:18:29",
        "Lat": 52.2902,
        "Lon": 21.0292,
        "FirstLine": 1,
        "Lines": "1",
        "Brigade": 19,
        "LineBrigade": "1_19",
        "Status": "RUNNING",
        "LowFloor": "True",
        "Hour": 15,
        "Minute": 18
      },
      {
        "Time": "2016-03-22T15:18:55",
        "Lat": 52.2886,
        "Lon": 21.0303,
        "FirstLine": 1,
        "Lines": "1",
        "Brigade": 19,
        "LineBrigade": "1_19",
        "Status": "RUNNING",
        "LowFloor": "True",
        "Hour": 15,
        "Minute": 18
      },
      {
        "Time": "2016-03-22T15:19:26",
        "Lat": 52.2884,
        "Lon": 21.0305,
        "FirstLine": 1,
        "Lines": "1",
        "Brigade": 19,
        "LineBrigade": "1_19",
        "Status": "RUNNING",
        "LowFloor": "True",
        "Hour": 15,
        "Minute": 19
      },
      {
        "Time": "2016-03-22T15:19:58",
        "Lat": 52.2853,
        "Lon": 21.0326,
        "FirstLine": 1,
        "Lines": "1",
        "Brigade": 19,
        "LineBrigade": "1_19",
        "Status": "RUNNING",
        "LowFloor": "True",
        "Hour": 15,
        "Minute": 19
      },
      {
        "Time": "2016-03-22T15:20:30",
        "Lat": 52.2839,
        "Lon": 21.0336,
        "FirstLine": 1,
        "Lines": "1",
        "Brigade": 19,
        "LineBrigade": "1_19",
        "Status": "RUNNING",
        "LowFloor": "True",
        "Hour": 15,
        "Minute": 20
      },
      {
        "Time": "2016-03-22T15:20:56",
        "Lat": 52.2827,
        "Lon": 21.0334,
        "FirstLine": 1,
        "Lines": "1",
        "Brigade": 19,
        "LineBrigade": "1_19",
        "Status": "RUNNING",
        "LowFloor": "True",
        "Hour": 15,
        "Minute": 20
      },
      {
        "Time": "2016-03-22T15:21:27",
        "Lat": 52.2812,
        "Lon": 21.0274,
        "FirstLine": 1,
        "Lines": "1",
        "Brigade": 19,
        "LineBrigade": "1_19",
        "Status": "RUNNING",
        "LowFloor": "True",
        "Hour": 15,
        "Minute": 21
      },
      {
        "Time": "2016-03-22T15:21:59",
        "Lat": 52.2809,
        "Lon": 21.0263,
        "FirstLine": 1,
        "Lines": "1",
        "Brigade": 19,
        "LineBrigade": "1_19",
        "Status": "RUNNING",
        "LowFloor": "True",
        "Hour": 15,
        "Minute": 21
      },
      {
        "Time": "2016-03-22T15:22:30",
        "Lat": 52.2786,
        "Lon": 21.0273,
        "FirstLine": 1,
        "Lines": "1",
        "Brigade": 19,
        "LineBrigade": "1_19",
        "Status": "RUNNING",
        "LowFloor": "True",
        "Hour": 15,
        "Minute": 22
      },
      {
        "Time": "2016-03-22T15:22:56",
        "Lat": 52.2784,
        "Lon": 21.0275,
        "FirstLine": 1,
        "Lines": "1",
        "Brigade": 19,
        "LineBrigade": "1_19",
        "Status": "RUNNING",
        "LowFloor": "True",
        "Hour": 15,
        "Minute": 22
      },
      {
        "Time": "2016-03-22T15:23:28",
        "Lat": 52.2761,
        "Lon": 21.0293,
        "FirstLine": 1,
        "Lines": "1",
        "Brigade": 19,
        "LineBrigade": "1_19",
        "Status": "RUNNING",
        "LowFloor": "True",
        "Hour": 15,
        "Minute": 23
      },
      {
        "Time": "2016-03-22T15:23:59",
        "Lat": 52.2735,
        "Lon": 21.032,
        "FirstLine": 1,
        "Lines": "1",
        "Brigade": 19,
        "LineBrigade": "1_19",
        "Status": "RUNNING",
        "LowFloor": "True",
        "Hour": 15,
        "Minute": 23
      },
      {
        "Time": "2016-03-22T15:24:26",
        "Lat": 52.2727,
        "Lon": 21.0327,
        "FirstLine": 1,
        "Lines": "1",
        "Brigade": 19,
        "LineBrigade": "1_19",
        "Status": "RUNNING",
        "LowFloor": "True",
        "Hour": 15,
        "Minute": 24
      },
      {
        "Time": "2016-03-22T15:24:58",
        "Lat": 52.2704,
        "Lon": 21.0354,
        "FirstLine": 1,
        "Lines": "1",
        "Brigade": 19,
        "LineBrigade": "1_19",
        "Status": "RUNNING",
        "LowFloor": "True",
        "Hour": 15,
        "Minute": 24
      },
      {
        "Time": "2016-03-22T15:25:28",
        "Lat": 52.2694,
        "Lon": 21.0365,
        "FirstLine": 1,
        "Lines": "1",
        "Brigade": 19,
        "LineBrigade": "1_19",
        "Status": "RUNNING",
        "LowFloor": "True",
        "Hour": 15,
        "Minute": 25
      },
      {
        "Time": "2016-03-22T15:26:00",
        "Lat": 52.269,
        "Lon": 21.037,
        "FirstLine": 1,
        "Lines": "1",
        "Brigade": 19,
        "LineBrigade": "1_19",
        "Status": "RUNNING",
        "LowFloor": "True",
        "Hour": 15,
        "Minute": 26
      },
      {
        "Time": "2016-03-22T15:26:26",
        "Lat": 52.269,
        "Lon": 21.037,
        "FirstLine": 1,
        "Lines": "1",
        "Brigade": 19,
        "LineBrigade": "1_19",
        "Status": "RUNNING",
        "LowFloor": "True",
        "Hour": 15,
        "Minute": 26
      },
      {
        "Time": "2016-03-22T15:26:58",
        "Lat": 52.2679,
        "Lon": 21.0362,
        "FirstLine": 1,
        "Lines": "1",
        "Brigade": 19,
        "LineBrigade": "1_19",
        "Status": "RUNNING",
        "LowFloor": "True",
        "Hour": 15,
        "Minute": 26
      },
      {
        "Time": "2016-03-22T15:27:29",
        "Lat": 52.267,
        "Lon": 21.0312,
        "FirstLine": 1,
        "Lines": "1",
        "Brigade": 19,
        "LineBrigade": "1_19",
        "Status": "RUNNING",
        "LowFloor": "True",
        "Hour": 15,
        "Minute": 27
      },
      {
        "Time": "2016-03-22T15:28:01",
        "Lat": 52.2666,
        "Lon": 21.03,
        "FirstLine": 1,
        "Lines": "1",
        "Brigade": 19,
        "LineBrigade": "1_19",
        "Status": "RUNNING",
        "LowFloor": "True",
        "Hour": 15,
        "Minute": 28
      },
      {
        "Time": "2016-03-22T15:28:27",
        "Lat": 52.265,
        "Lon": 21.0248,
        "FirstLine": 1,
        "Lines": "1",
        "Brigade": 19,
        "LineBrigade": "1_19",
        "Status": "RUNNING",
        "LowFloor": "True",
        "Hour": 15,
        "Minute": 28
      },
      {
        "Time": "2016-03-22T15:28:58",
        "Lat": 52.2641,
        "Lon": 21.0224,
        "FirstLine": 1,
        "Lines": "1",
        "Brigade": 19,
        "LineBrigade": "1_19",
        "Status": "RUNNING",
        "LowFloor": "True",
        "Hour": 15,
        "Minute": 28
      },
      {
        "Time": "2016-03-22T15:29:25",
        "Lat": 52.2636,
        "Lon": 21.0206,
        "FirstLine": 1,
        "Lines": "1",
        "Brigade": 19,
        "LineBrigade": "1_19",
        "Status": "RUNNING",
        "LowFloor": "True",
        "Hour": 15,
        "Minute": 29
      },
      {
        "Time": "2016-03-22T15:29:56",
        "Lat": 52.2635,
        "Lon": 21.0198,
        "FirstLine": 1,
        "Lines": "1",
        "Brigade": 19,
        "LineBrigade": "1_19",
        "Status": "RUNNING",
        "LowFloor": "True",
        "Hour": 15,
        "Minute": 29
      },
      {
        "Time": "2016-03-22T15:30:28",
        "Lat": 52.2629,
        "Lon": 21.0167,
        "FirstLine": 1,
        "Lines": "1",
        "Brigade": 19,
        "LineBrigade": "1_19",
        "Status": "RUNNING",
        "LowFloor": "True",
        "Hour": 15,
        "Minute": 30
      },
      {
        "Time": "2016-03-22T15:30:59",
        "Lat": 52.2619,
        "Lon": 21.0133,
        "FirstLine": 1,
        "Lines": "1",
        "Brigade": 19,
        "LineBrigade": "1_19",
        "Status": "RUNNING",
        "LowFloor": "True",
        "Hour": 15,
        "Minute": 30
      },
      {
        "Time": "2016-03-22T15:31:25",
        "Lat": 52.2613,
        "Lon": 21.0112,
        "FirstLine": 1,
        "Lines": "1",
        "Brigade": 19,
        "LineBrigade": "1_19",
        "Status": "RUNNING",
        "LowFloor": "True",
        "Hour": 15,
        "Minute": 31
      },
      {
        "Time": "2016-03-22T15:31:57",
        "Lat": 52.2604,
        "Lon": 21.0079,
        "FirstLine": 1,
        "Lines": "1",
        "Brigade": 19,
        "LineBrigade": "1_19",
        "Status": "RUNNING",
        "LowFloor": "True",
        "Hour": 15,
        "Minute": 31
      },
      {
        "Time": "2016-03-22T15:32:30",
        "Lat": 52.2598,
        "Lon": 21.0067,
        "FirstLine": 1,
        "Lines": "1",
        "Brigade": 19,
        "LineBrigade": "1_19",
        "Status": "RUNNING",
        "LowFloor": "True",
        "Hour": 15,
        "Minute": 32
      },
      {
        "Time": "2016-03-22T15:32:49",
        "Lat": 52.2589,
        "Lon": 21.0035,
        "FirstLine": 1,
        "Lines": "1",
        "Brigade": 19,
        "LineBrigade": "1_19",
        "Status": "RUNNING",
        "LowFloor": "True",
        "Hour": 15,
        "Minute": 32
      },
      {
        "Time": "2016-03-22T15:33:25",
        "Lat": 52.2587,
        "Lon": 21.0022,
        "FirstLine": 1,
        "Lines": "1",
        "Brigade": 19,
        "LineBrigade": "1_19",
        "Status": "RUNNING",
        "LowFloor": "True",
        "Hour": 15,
        "Minute": 33
      },
      {
        "Time": "2016-03-22T15:33:52",
        "Lat": 52.2587,
        "Lon": 20.9996,
        "FirstLine": 1,
        "Lines": "1",
        "Brigade": 19,
        "LineBrigade": "1_19",
        "Status": "RUNNING",
        "LowFloor": "True",
        "Hour": 15,
        "Minute": 33
      },
      {
        "Time": "2016-03-22T15:34:29",
        "Lat": 52.2579,
        "Lon": 20.9942,
        "FirstLine": 1,
        "Lines": "1",
        "Brigade": 19,
        "LineBrigade": "1_19",
        "Status": "RUNNING",
        "LowFloor": "True",
        "Hour": 15,
        "Minute": 34
      },
      {
        "Time": "2016-03-22T15:35:00",
        "Lat": 52.2576,
        "Lon": 20.9934,
        "FirstLine": 1,
        "Lines": "1",
        "Brigade": 19,
        "LineBrigade": "1_19",
        "Status": "RUNNING",
        "LowFloor": "True",
        "Hour": 15,
        "Minute": 35
      },
      {
        "Time": "2016-03-22T15:35:28",
        "Lat": 52.2567,
        "Lon": 20.9885,
        "FirstLine": 1,
        "Lines": "1",
        "Brigade": 19,
        "LineBrigade": "1_19",
        "Status": "RUNNING",
        "LowFloor": "True",
        "Hour": 15,
        "Minute": 35
      },
      {
        "Time": "2016-03-22T15:35:58",
        "Lat": 52.2566,
        "Lon": 20.988,
        "FirstLine": 1,
        "Lines": "1",
        "Brigade": 19,
        "LineBrigade": "1_19",
        "Status": "RUNNING",
        "LowFloor": "True",
        "Hour": 15,
        "Minute": 35
      },
      {
        "Time": "2016-03-22T15:36:29",
        "Lat": 52.2554,
        "Lon": 20.9849,
        "FirstLine": 1,
        "Lines": "1",
        "Brigade": 19,
        "LineBrigade": "1_19",
        "Status": "RUNNING",
        "LowFloor": "True",
        "Hour": 15,
        "Minute": 36
      },
      {
        "Time": "2016-03-22T15:36:55",
        "Lat": 52.2549,
        "Lon": 20.9836,
        "FirstLine": 1,
        "Lines": "1",
        "Brigade": 19,
        "LineBrigade": "1_19",
        "Status": "RUNNING",
        "LowFloor": "True",
        "Hour": 15,
        "Minute": 36
      },
      {
        "Time": "2016-03-22T15:37:26",
        "Lat": 52.2549,
        "Lon": 20.9836,
        "FirstLine": 1,
        "Lines": "1",
        "Brigade": 19,
        "LineBrigade": "1_19",
        "Status": "RUNNING",
        "LowFloor": "True",
        "Hour": 15,
        "Minute": 37
      },
      {
        "Time": "2016-03-22T15:37:58",
        "Lat": 52.2548,
        "Lon": 20.9831,
        "FirstLine": 1,
        "Lines": "1",
        "Brigade": 19,
        "LineBrigade": "1_19",
        "Status": "RUNNING",
        "LowFloor": "True",
        "Hour": 15,
        "Minute": 37
      },
      {
        "Time": "2016-03-22T15:38:21",
        "Lat": 52.2545,
        "Lon": 20.982,
        "FirstLine": 1,
        "Lines": "1",
        "Brigade": 19,
        "LineBrigade": "1_19",
        "Status": "RUNNING",
        "LowFloor": "True",
        "Hour": 15,
        "Minute": 38
      },
      {
        "Time": "2016-03-22T15:38:56",
        "Lat": 52.2535,
        "Lon": 20.9814,
        "FirstLine": 1,
        "Lines": "1",
        "Brigade": 19,
        "LineBrigade": "1_19",
        "Status": "RUNNING",
        "LowFloor": "True",
        "Hour": 15,
        "Minute": 38
      },
      {
        "Time": "2016-03-22T15:39:27",
        "Lat": 52.2524,
        "Lon": 20.9808,
        "FirstLine": 1,
        "Lines": "1",
        "Brigade": 19,
        "LineBrigade": "1_19",
        "Status": "RUNNING",
        "LowFloor": "True",
        "Hour": 15,
        "Minute": 39
      },
      {
        "Time": "2016-03-22T15:39:54",
        "Lat": 52.2491,
        "Lon": 20.9793,
        "FirstLine": 1,
        "Lines": "1",
        "Brigade": 19,
        "LineBrigade": "1_19",
        "Status": "RUNNING",
        "LowFloor": "True",
        "Hour": 15,
        "Minute": 39
      },
      {
        "Time": "2016-03-22T15:40:30",
        "Lat": 52.2481,
        "Lon": 20.979,
        "FirstLine": 1,
        "Lines": "1",
        "Brigade": 19,
        "LineBrigade": "1_19",
        "Status": "RUNNING",
        "LowFloor": "True",
        "Hour": 15,
        "Minute": 40
      },
      {
        "Time": "2016-03-22T15:40:57",
        "Lat": 52.245,
        "Lon": 20.9771,
        "FirstLine": 1,
        "Lines": "1",
        "Brigade": 19,
        "LineBrigade": "1_19",
        "Status": "RUNNING",
        "LowFloor": "True",
        "Hour": 15,
        "Minute": 40
      },
      {
        "Time": "2016-03-22T15:41:29",
        "Lat": 52.2444,
        "Lon": 20.9772,
        "FirstLine": 1,
        "Lines": "1",
        "Brigade": 19,
        "LineBrigade": "1_19",
        "Status": "RUNNING",
        "LowFloor": "True",
        "Hour": 15,
        "Minute": 41
      },
      {
        "Time": "2016-03-22T15:42:00",
        "Lat": 52.2444,
        "Lon": 20.9772,
        "FirstLine": 1,
        "Lines": "1",
        "Brigade": 19,
        "LineBrigade": "1_19",
        "Status": "RUNNING",
        "LowFloor": "True",
        "Hour": 15,
        "Minute": 42
      },
      {
        "Time": "2016-03-22T15:42:26",
        "Lat": 52.2425,
        "Lon": 20.9779,
        "FirstLine": 1,
        "Lines": "1",
        "Brigade": 19,
        "LineBrigade": "1_19",
        "Status": "RUNNING",
        "LowFloor": "True",
        "Hour": 15,
        "Minute": 42
      },
      {
        "Time": "2016-03-22T15:42:58",
        "Lat": 52.2418,
        "Lon": 20.9779,
        "FirstLine": 1,
        "Lines": "1",
        "Brigade": 19,
        "LineBrigade": "1_19",
        "Status": "RUNNING",
        "LowFloor": "True",
        "Hour": 15,
        "Minute": 42
      },
      {
        "Time": "2016-03-22T15:43:30",
        "Lat": 52.2398,
        "Lon": 20.9776,
        "FirstLine": 1,
        "Lines": "1",
        "Brigade": 19,
        "LineBrigade": "1_19",
        "Status": "RUNNING",
        "LowFloor": "True",
        "Hour": 15,
        "Minute": 43
      },
      {
        "Time": "2016-03-22T15:44:00",
        "Lat": 52.2389,
        "Lon": 20.978,
        "FirstLine": 1,
        "Lines": "1",
        "Brigade": 19,
        "LineBrigade": "1_19",
        "Status": "RUNNING",
        "LowFloor": "True",
        "Hour": 15,
        "Minute": 44
      },
      {
        "Time": "2016-03-22T15:44:26",
        "Lat": 52.2375,
        "Lon": 20.9795,
        "FirstLine": 1,
        "Lines": "1",
        "Brigade": 19,
        "LineBrigade": "1_19",
        "Status": "RUNNING",
        "LowFloor": "True",
        "Hour": 15,
        "Minute": 44
      },
      {
        "Time": "2016-03-22T15:44:58",
        "Lat": 52.2372,
        "Lon": 20.9799,
        "FirstLine": 1,
        "Lines": "1",
        "Brigade": 19,
        "LineBrigade": "1_19",
        "Status": "RUNNING",
        "LowFloor": "True",
        "Hour": 15,
        "Minute": 44
      },
      {
        "Time": "2016-03-22T15:45:29",
        "Lat": 52.2372,
        "Lon": 20.9799,
        "FirstLine": 1,
        "Lines": "1",
        "Brigade": 19,
        "LineBrigade": "1_19",
        "Status": "RUNNING",
        "LowFloor": "True",
        "Hour": 15,
        "Minute": 45
      },
      {
        "Time": "2016-03-22T15:45:55",
        "Lat": 52.2371,
        "Lon": 20.98,
        "FirstLine": 1,
        "Lines": "1",
        "Brigade": 19,
        "LineBrigade": "1_19",
        "Status": "RUNNING",
        "LowFloor": "True",
        "Hour": 15,
        "Minute": 45
      },
      {
        "Time": "2016-03-22T15:46:27",
        "Lat": 52.236,
        "Lon": 20.9805,
        "FirstLine": 1,
        "Lines": "1",
        "Brigade": 19,
        "LineBrigade": "1_19",
        "Status": "RUNNING",
        "LowFloor": "True",
        "Hour": 15,
        "Minute": 46
      },
      {
        "Time": "2016-03-22T15:46:58",
        "Lat": 52.2344,
        "Lon": 20.9814,
        "FirstLine": 1,
        "Lines": "1",
        "Brigade": 19,
        "LineBrigade": "1_19",
        "Status": "RUNNING",
        "LowFloor": "True",
        "Hour": 15,
        "Minute": 46
      },
      {
        "Time": "2016-03-22T15:47:30",
        "Lat": 52.2334,
        "Lon": 20.982,
        "FirstLine": 1,
        "Lines": "1",
        "Brigade": 19,
        "LineBrigade": "1_19",
        "Status": "RUNNING",
        "LowFloor": "True",
        "Hour": 15,
        "Minute": 47
      },
      {
        "Time": "2016-03-22T15:47:56",
        "Lat": 52.231,
        "Lon": 20.9838,
        "FirstLine": 1,
        "Lines": "1",
        "Brigade": 19,
        "LineBrigade": "1_19",
        "Status": "RUNNING",
        "LowFloor": "True",
        "Hour": 15,
        "Minute": 47
      },
      {
        "Time": "2016-03-22T15:48:28",
        "Lat": 52.2308,
        "Lon": 20.984,
        "FirstLine": 1,
        "Lines": "1",
        "Brigade": 19,
        "LineBrigade": "1_19",
        "Status": "RUNNING",
        "LowFloor": "True",
        "Hour": 15,
        "Minute": 48
      },
      {
        "Time": "2016-03-22T15:48:49",
        "Lat": 52.2308,
        "Lon": 20.984,
        "FirstLine": 1,
        "Lines": "1",
        "Brigade": 19,
        "LineBrigade": "1_19",
        "Status": "RUNNING",
        "LowFloor": "True",
        "Hour": 15,
        "Minute": 48
      },
      {
        "Time": "2016-03-22T15:49:31",
        "Lat": 52.2285,
        "Lon": 20.986,
        "FirstLine": 1,
        "Lines": "1",
        "Brigade": 19,
        "LineBrigade": "1_19",
        "Status": "RUNNING",
        "LowFloor": "True",
        "Hour": 15,
        "Minute": 49
      },
      {
        "Time": "2016-03-22T15:49:57",
        "Lat": 52.2257,
        "Lon": 20.9884,
        "FirstLine": 1,
        "Lines": "1",
        "Brigade": 19,
        "LineBrigade": "1_19",
        "Status": "RUNNING",
        "LowFloor": "True",
        "Hour": 15,
        "Minute": 49
      },
      {
        "Time": "2016-03-22T15:50:28",
        "Lat": 52.2255,
        "Lon": 20.9886,
        "FirstLine": 1,
        "Lines": "1",
        "Brigade": 19,
        "LineBrigade": "1_19",
        "Status": "RUNNING",
        "LowFloor": "True",
        "Hour": 15,
        "Minute": 50
      },
      {
        "Time": "2016-03-22T15:50:44",
        "Lat": 52.2248,
        "Lon": 20.9889,
        "FirstLine": 1,
        "Lines": "1",
        "Brigade": 19,
        "LineBrigade": "1_19",
        "Status": "RUNNING",
        "LowFloor": "True",
        "Hour": 15,
        "Minute": 50
      },
      {
        "Time": "2016-03-22T15:51:26",
        "Lat": 52.2243,
        "Lon": 20.9882,
        "FirstLine": 1,
        "Lines": "1",
        "Brigade": 19,
        "LineBrigade": "1_19",
        "Status": "RUNNING",
        "LowFloor": "True",
        "Hour": 15,
        "Minute": 51
      },
      {
        "Time": "2016-03-22T15:51:57",
        "Lat": 52.2227,
        "Lon": 20.9868,
        "FirstLine": 1,
        "Lines": "1",
        "Brigade": 19,
        "LineBrigade": "1_19",
        "Status": "RUNNING",
        "LowFloor": "True",
        "Hour": 15,
        "Minute": 51
      },
      {
        "Time": "2016-03-22T15:52:29",
        "Lat": 52.2216,
        "Lon": 20.9858,
        "FirstLine": 1,
        "Lines": "1",
        "Brigade": 19,
        "LineBrigade": "1_19",
        "Status": "RUNNING",
        "LowFloor": "True",
        "Hour": 15,
        "Minute": 52
      },
      {
        "Time": "2016-03-22T15:53:00",
        "Lat": 52.2213,
        "Lon": 20.9855,
        "FirstLine": 1,
        "Lines": "1",
        "Brigade": 19,
        "LineBrigade": "1_19",
        "Status": "RUNNING",
        "LowFloor": "True",
        "Hour": 15,
        "Minute": 53
      },
      {
        "Time": "2016-03-22T15:53:27",
        "Lat": 52.2199,
        "Lon": 20.9843,
        "FirstLine": 1,
        "Lines": "1",
        "Brigade": 19,
        "LineBrigade": "1_19",
        "Status": "RUNNING",
        "LowFloor": "True",
        "Hour": 15,
        "Minute": 53
      },
      {
        "Time": "2016-03-22T15:53:58",
        "Lat": 52.2189,
        "Lon": 20.9834,
        "FirstLine": 1,
        "Lines": "1",
        "Brigade": 19,
        "LineBrigade": "1_19",
        "Status": "RUNNING",
        "LowFloor": "True",
        "Hour": 15,
        "Minute": 53
      },
      {
        "Time": "2016-03-22T15:54:29",
        "Lat": 52.2174,
        "Lon": 20.982,
        "FirstLine": 1,
        "Lines": "1",
        "Brigade": 19,
        "LineBrigade": "1_19",
        "Status": "RUNNING",
        "LowFloor": "True",
        "Hour": 15,
        "Minute": 54
      },
      {
        "Time": "2016-03-22T15:54:56",
        "Lat": 52.2165,
        "Lon": 20.9813,
        "FirstLine": 1,
        "Lines": "1",
        "Brigade": 19,
        "LineBrigade": "1_19",
        "Status": "RUNNING",
        "LowFloor": "True",
        "Hour": 15,
        "Minute": 54
      },
      {
        "Time": "2016-03-22T15:55:27",
        "Lat": 52.2165,
        "Lon": 20.9813,
        "FirstLine": 1,
        "Lines": "1",
        "Brigade": 19,
        "LineBrigade": "1_19",
        "Status": "RUNNING",
        "LowFloor": "True",
        "Hour": 15,
        "Minute": 55
      },
      {
        "Time": "2016-03-22T15:55:58",
        "Lat": 52.2145,
        "Lon": 20.9795,
        "FirstLine": 1,
        "Lines": "1",
        "Brigade": 19,
        "LineBrigade": "1_19",
        "Status": "RUNNING",
        "LowFloor": "True",
        "Hour": 15,
        "Minute": 55
      },
      {
        "Time": "2016-03-22T15:56:30",
        "Lat": 52.2145,
        "Lon": 20.9795,
        "FirstLine": 1,
        "Lines": "1",
        "Brigade": 19,
        "LineBrigade": "1_19",
        "Status": "RUNNING",
        "LowFloor": "True",
        "Hour": 15,
        "Minute": 56
      },
      {
        "Time": "2016-03-22T15:56:35",
        "Lat": 52.2145,
        "Lon": 20.9795,
        "FirstLine": 1,
        "Lines": "1",
        "Brigade": 19,
        "LineBrigade": "1_19",
        "Status": "RUNNING",
        "LowFloor": "True",
        "Hour": 15,
        "Minute": 56
      }
    ]
  }
]
