[
  {
    "res": [
      {
        "Time": "2016-03-22T05:12:56",
        "Lat": 52.1887,
        "Lon": 21.0004,
        "FirstLine": 10,
        "Lines": "10",
        "Brigade": 4,
        "LineBrigade": "10_4",
        "Status": "RUNNING",
        "LowFloor": "False",
        "Hour": 5,
        "Minute": 12
      },
      {
        "Time": "2016-03-22T05:13:28",
        "Lat": 52.1887,
        "Lon": 21.0007,
        "FirstLine": 10,
        "Lines": "10",
        "Brigade": 4,
        "LineBrigade": "10_4",
        "Status": "RUNNING",
        "LowFloor": "False",
        "Hour": 5,
        "Minute": 13
      },
      {
        "Time": "2016-03-22T05:13:59",
        "Lat": 52.1887,
        "Lon": 21.0007,
        "FirstLine": 10,
        "Lines": "10",
        "Brigade": 4,
        "LineBrigade": "10_4",
        "Status": "RUNNING",
        "LowFloor": "False",
        "Hour": 5,
        "Minute": 13
      },
      {
        "Time": "2016-03-22T05:14:26",
        "Lat": 52.1887,
        "Lon": 21.0008,
        "FirstLine": 10,
        "Lines": "10",
        "Brigade": 4,
        "LineBrigade": "10_4",
        "Status": "RUNNING",
        "LowFloor": "False",
        "Hour": 5,
        "Minute": 14
      },
      {
        "Time": "2016-03-22T05:14:57",
        "Lat": 52.1887,
        "Lon": 21.0012,
        "FirstLine": 10,
        "Lines": "10",
        "Brigade": 4,
        "LineBrigade": "10_4",
        "Status": "RUNNING",
        "LowFloor": "False",
        "Hour": 5,
        "Minute": 14
      },
      {
        "Time": "2016-03-22T05:15:28",
        "Lat": 52.1887,
        "Lon": 21.0012,
        "FirstLine": 10,
        "Lines": "10",
        "Brigade": 4,
        "LineBrigade": "10_4",
        "Status": "RUNNING",
        "LowFloor": "False",
        "Hour": 5,
        "Minute": 15
      },
      {
        "Time": "2016-03-22T05:16:00",
        "Lat": 52.1887,
        "Lon": 21.0012,
        "FirstLine": 10,
        "Lines": "10",
        "Brigade": 4,
        "LineBrigade": "10_4",
        "Status": "RUNNING",
        "LowFloor": "False",
        "Hour": 5,
        "Minute": 16
      },
      {
        "Time": "2016-03-22T05:16:26",
        "Lat": 52.1887,
        "Lon": 21.0012,
        "FirstLine": 10,
        "Lines": "10",
        "Brigade": 4,
        "LineBrigade": "10_4",
        "Status": "RUNNING",
        "LowFloor": "False",
        "Hour": 5,
        "Minute": 16
      },
      {
        "Time": "2016-03-22T05:16:59",
        "Lat": 52.1887,
        "Lon": 21.0028,
        "FirstLine": 10,
        "Lines": "10",
        "Brigade": 4,
        "LineBrigade": "10_4",
        "Status": "RUNNING",
        "LowFloor": "False",
        "Hour": 5,
        "Minute": 16
      },
      {
        "Time": "2016-03-22T05:17:29",
        "Lat": 52.1888,
        "Lon": 21.0043,
        "FirstLine": 10,
        "Lines": "10",
        "Brigade": 4,
        "LineBrigade": "10_4",
        "Status": "RUNNING",
        "LowFloor": "False",
        "Hour": 5,
        "Minute": 17
      },
      {
        "Time": "2016-03-22T05:17:55",
        "Lat": 52.1888,
        "Lon": 21.007,
        "FirstLine": 10,
        "Lines": "10",
        "Brigade": 4,
        "LineBrigade": "10_4",
        "Status": "RUNNING",
        "LowFloor": "False",
        "Hour": 5,
        "Minute": 17
      },
      {
        "Time": "2016-03-22T05:18:27",
        "Lat": 52.1888,
        "Lon": 21.0072,
        "FirstLine": 10,
        "Lines": "10",
        "Brigade": 4,
        "LineBrigade": "10_4",
        "Status": "RUNNING",
        "LowFloor": "False",
        "Hour": 5,
        "Minute": 18
      },
      {
        "Time": "2016-03-22T05:18:58",
        "Lat": 52.1888,
        "Lon": 21.0072,
        "FirstLine": 10,
        "Lines": "10",
        "Brigade": 4,
        "LineBrigade": "10_4",
        "Status": "RUNNING",
        "LowFloor": "False",
        "Hour": 5,
        "Minute": 18
      },
      {
        "Time": "2016-03-22T05:19:30",
        "Lat": 52.1889,
        "Lon": 21.0113,
        "FirstLine": 10,
        "Lines": "10",
        "Brigade": 4,
        "LineBrigade": "10_4",
        "Status": "RUNNING",
        "LowFloor": "False",
        "Hour": 5,
        "Minute": 19
      },
      {
        "Time": "2016-03-22T05:19:56",
        "Lat": 52.1889,
        "Lon": 21.0134,
        "FirstLine": 10,
        "Lines": "10",
        "Brigade": 4,
        "LineBrigade": "10_4",
        "Status": "RUNNING",
        "LowFloor": "False",
        "Hour": 5,
        "Minute": 19
      },
      {
        "Time": "2016-03-22T05:20:27",
        "Lat": 52.189,
        "Lon": 21.0164,
        "FirstLine": 10,
        "Lines": "10",
        "Brigade": 4,
        "LineBrigade": "10_4",
        "Status": "RUNNING",
        "LowFloor": "False",
        "Hour": 5,
        "Minute": 20
      },
      {
        "Time": "2016-03-22T05:20:59",
        "Lat": 52.1895,
        "Lon": 21.0209,
        "FirstLine": 10,
        "Lines": "10",
        "Brigade": 4,
        "LineBrigade": "10_4",
        "Status": "RUNNING",
        "LowFloor": "False",
        "Hour": 5,
        "Minute": 20
      },
      {
        "Time": "2016-03-22T05:21:30",
        "Lat": 52.1898,
        "Lon": 21.0237,
        "FirstLine": 10,
        "Lines": "10",
        "Brigade": 4,
        "LineBrigade": "10_4",
        "Status": "RUNNING",
        "LowFloor": "False",
        "Hour": 5,
        "Minute": 21
      },
      {
        "Time": "2016-03-22T05:21:56",
        "Lat": 52.1898,
        "Lon": 21.0239,
        "FirstLine": 10,
        "Lines": "10",
        "Brigade": 4,
        "LineBrigade": "10_4",
        "Status": "RUNNING",
        "LowFloor": "False",
        "Hour": 5,
        "Minute": 21
      },
      {
        "Time": "2016-03-22T05:22:28",
        "Lat": 52.1898,
        "Lon": 21.0239,
        "FirstLine": 10,
        "Lines": "10",
        "Brigade": 4,
        "LineBrigade": "10_4",
        "Status": "RUNNING",
        "LowFloor": "False",
        "Hour": 5,
        "Minute": 22
      },
      {
        "Time": "2016-03-22T05:22:59",
        "Lat": 52.1896,
        "Lon": 21.0245,
        "FirstLine": 10,
        "Lines": "10",
        "Brigade": 4,
        "LineBrigade": "10_4",
        "Status": "RUNNING",
        "LowFloor": "False",
        "Hour": 5,
        "Minute": 22
      },
      {
        "Time": "2016-03-22T05:23:26",
        "Lat": 52.1876,
        "Lon": 21.0247,
        "FirstLine": 10,
        "Lines": "10",
        "Brigade": 4,
        "LineBrigade": "10_4",
        "Status": "RUNNING",
        "LowFloor": "False",
        "Hour": 5,
        "Minute": 23
      },
      {
        "Time": "2016-03-22T05:23:57",
        "Lat": 52.1865,
        "Lon": 21.0247,
        "FirstLine": 10,
        "Lines": "10",
        "Brigade": 4,
        "LineBrigade": "10_4",
        "Status": "RUNNING",
        "LowFloor": "False",
        "Hour": 5,
        "Minute": 23
      },
      {
        "Time": "2016-03-22T05:24:23",
        "Lat": 52.1851,
        "Lon": 21.0242,
        "FirstLine": 10,
        "Lines": "10",
        "Brigade": 4,
        "LineBrigade": "10_4",
        "Status": "RUNNING",
        "LowFloor": "False",
        "Hour": 5,
        "Minute": 24
      },
      {
        "Time": "2016-03-22T05:25:00",
        "Lat": 52.1816,
        "Lon": 21.0228,
        "FirstLine": 10,
        "Lines": "10",
        "Brigade": 4,
        "LineBrigade": "10_4",
        "Status": "RUNNING",
        "LowFloor": "False",
        "Hour": 5,
        "Minute": 25
      },
      {
        "Time": "2016-03-22T05:25:26",
        "Lat": 52.1812,
        "Lon": 21.0226,
        "FirstLine": 10,
        "Lines": "10",
        "Brigade": 4,
        "LineBrigade": "10_4",
        "Status": "RUNNING",
        "LowFloor": "False",
        "Hour": 5,
        "Minute": 25
      },
      {
        "Time": "2016-03-22T05:25:58",
        "Lat": 52.1798,
        "Lon": 21.0221,
        "FirstLine": 10,
        "Lines": "10",
        "Brigade": 4,
        "LineBrigade": "10_4",
        "Status": "RUNNING",
        "LowFloor": "False",
        "Hour": 5,
        "Minute": 25
      },
      {
        "Time": "2016-03-22T05:26:03",
        "Lat": 52.1798,
        "Lon": 21.0221,
        "FirstLine": 10,
        "Lines": "10",
        "Brigade": 4,
        "LineBrigade": "10_4",
        "Status": "RUNNING",
        "LowFloor": "False",
        "Hour": 5,
        "Minute": 26
      }
    ]
  }
]
