[
  {
    "res": [
      {
        "Time": "2016-03-22T06:14:00",
        "Lat": 52.1888,
        "Lon": 21.0039,
        "FirstLine": 10,
        "Lines": "10",
        "Brigade": 6,
        "LineBrigade": "10_6",
        "Status": "RUNNING",
        "LowFloor": "False",
        "Hour": 6,
        "Minute": 14
      },
      {
        "Time": "2016-03-22T06:14:27",
        "Lat": 52.1898,
        "Lon": 21.0241,
        "FirstLine": 10,
        "Lines": "10",
        "Brigade": 6,
        "LineBrigade": "10_6",
        "Status": "RUNNING",
        "LowFloor": "False",
        "Hour": 6,
        "Minute": 14
      },
      {
        "Time": "2016-03-22T06:14:57",
        "Lat": 52.1907,
        "Lon": 21.0245,
        "FirstLine": 10,
        "Lines": "10",
        "Brigade": 6,
        "LineBrigade": "10_6",
        "Status": "RUNNING",
        "LowFloor": "False",
        "Hour": 6,
        "Minute": 14
      },
      {
        "Time": "2016-03-22T06:15:27",
        "Lat": 52.1929,
        "Lon": 21.0244,
        "FirstLine": 10,
        "Lines": "10",
        "Brigade": 6,
        "LineBrigade": "10_6",
        "Status": "RUNNING",
        "LowFloor": "False",
        "Hour": 6,
        "Minute": 15
      },
      {
        "Time": "2016-03-22T06:15:57",
        "Lat": 52.1944,
        "Lon": 21.0243,
        "FirstLine": 10,
        "Lines": "10",
        "Brigade": 6,
        "LineBrigade": "10_6",
        "Status": "RUNNING",
        "LowFloor": "False",
        "Hour": 6,
        "Minute": 15
      },
      {
        "Time": "2016-03-22T06:16:27",
        "Lat": 52.1951,
        "Lon": 21.0243,
        "FirstLine": 10,
        "Lines": "10",
        "Brigade": 6,
        "LineBrigade": "10_6",
        "Status": "RUNNING",
        "LowFloor": "False",
        "Hour": 6,
        "Minute": 16
      },
      {
        "Time": "2016-03-22T06:16:57",
        "Lat": 52.197,
        "Lon": 21.0242,
        "FirstLine": 10,
        "Lines": "10",
        "Brigade": 6,
        "LineBrigade": "10_6",
        "Status": "RUNNING",
        "LowFloor": "False",
        "Hour": 6,
        "Minute": 16
      },
      {
        "Time": "2016-03-22T06:17:27",
        "Lat": 52.1996,
        "Lon": 21.0239,
        "FirstLine": 10,
        "Lines": "10",
        "Brigade": 6,
        "LineBrigade": "10_6",
        "Status": "RUNNING",
        "LowFloor": "False",
        "Hour": 6,
        "Minute": 17
      },
      {
        "Time": "2016-03-22T06:17:57",
        "Lat": 52.2025,
        "Lon": 21.0234,
        "FirstLine": 10,
        "Lines": "10",
        "Brigade": 6,
        "LineBrigade": "10_6",
        "Status": "RUNNING",
        "LowFloor": "False",
        "Hour": 6,
        "Minute": 17
      },
      {
        "Time": "2016-03-22T06:18:27",
        "Lat": 52.2032,
        "Lon": 21.0232,
        "FirstLine": 10,
        "Lines": "10",
        "Brigade": 6,
        "LineBrigade": "10_6",
        "Status": "RUNNING",
        "LowFloor": "False",
        "Hour": 6,
        "Minute": 18
      },
      {
        "Time": "2016-03-22T06:18:57",
        "Lat": 52.2052,
        "Lon": 21.0229,
        "FirstLine": 10,
        "Lines": "10",
        "Brigade": 6,
        "LineBrigade": "10_6",
        "Status": "RUNNING",
        "LowFloor": "False",
        "Hour": 6,
        "Minute": 18
      },
      {
        "Time": "2016-03-22T06:19:27",
        "Lat": 52.2052,
        "Lon": 21.0229,
        "FirstLine": 10,
        "Lines": "10",
        "Brigade": 6,
        "LineBrigade": "10_6",
        "Status": "RUNNING",
        "LowFloor": "False",
        "Hour": 6,
        "Minute": 19
      },
      {
        "Time": "2016-03-22T06:19:57",
        "Lat": 52.2071,
        "Lon": 21.0222,
        "FirstLine": 10,
        "Lines": "10",
        "Brigade": 6,
        "LineBrigade": "10_6",
        "Status": "RUNNING",
        "LowFloor": "False",
        "Hour": 6,
        "Minute": 19
      },
      {
        "Time": "2016-03-22T06:20:27",
        "Lat": 52.2094,
        "Lon": 21.0214,
        "FirstLine": 10,
        "Lines": "10",
        "Brigade": 6,
        "LineBrigade": "10_6",
        "Status": "RUNNING",
        "LowFloor": "False",
        "Hour": 6,
        "Minute": 20
      },
      {
        "Time": "2016-03-22T06:20:57",
        "Lat": 52.2105,
        "Lon": 21.0208,
        "FirstLine": 10,
        "Lines": "10",
        "Brigade": 6,
        "LineBrigade": "10_6",
        "Status": "RUNNING",
        "LowFloor": "False",
        "Hour": 6,
        "Minute": 20
      },
      {
        "Time": "2016-03-22T06:21:27",
        "Lat": 52.2105,
        "Lon": 21.0207,
        "FirstLine": 10,
        "Lines": "10",
        "Brigade": 6,
        "LineBrigade": "10_6",
        "Status": "RUNNING",
        "LowFloor": "False",
        "Hour": 6,
        "Minute": 21
      },
      {
        "Time": "2016-03-22T06:21:57",
        "Lat": 52.2128,
        "Lon": 21.021,
        "FirstLine": 10,
        "Lines": "10",
        "Brigade": 6,
        "LineBrigade": "10_6",
        "Status": "RUNNING",
        "LowFloor": "False",
        "Hour": 6,
        "Minute": 21
      },
      {
        "Time": "2016-03-22T06:22:27",
        "Lat": 52.2145,
        "Lon": 21.0209,
        "FirstLine": 10,
        "Lines": "10",
        "Brigade": 6,
        "LineBrigade": "10_6",
        "Status": "RUNNING",
        "LowFloor": "False",
        "Hour": 6,
        "Minute": 22
      },
      {
        "Time": "2016-03-22T06:22:57",
        "Lat": 52.2163,
        "Lon": 21.0198,
        "FirstLine": 10,
        "Lines": "10",
        "Brigade": 6,
        "LineBrigade": "10_6",
        "Status": "RUNNING",
        "LowFloor": "False",
        "Hour": 6,
        "Minute": 22
      },
      {
        "Time": "2016-03-22T06:23:27",
        "Lat": 52.2178,
        "Lon": 21.0191,
        "FirstLine": 10,
        "Lines": "10",
        "Brigade": 6,
        "LineBrigade": "10_6",
        "Status": "RUNNING",
        "LowFloor": "False",
        "Hour": 6,
        "Minute": 23
      },
      {
        "Time": "2016-03-22T06:23:57",
        "Lat": 52.2193,
        "Lon": 21.0183,
        "FirstLine": 10,
        "Lines": "10",
        "Brigade": 6,
        "LineBrigade": "10_6",
        "Status": "RUNNING",
        "LowFloor": "False",
        "Hour": 6,
        "Minute": 23
      },
      {
        "Time": "2016-03-22T06:24:27",
        "Lat": 52.2199,
        "Lon": 21.0172,
        "FirstLine": 10,
        "Lines": "10",
        "Brigade": 6,
        "LineBrigade": "10_6",
        "Status": "RUNNING",
        "LowFloor": "False",
        "Hour": 6,
        "Minute": 24
      },
      {
        "Time": "2016-03-22T06:24:57",
        "Lat": 52.2198,
        "Lon": 21.016,
        "FirstLine": 10,
        "Lines": "10",
        "Brigade": 6,
        "LineBrigade": "10_6",
        "Status": "RUNNING",
        "LowFloor": "False",
        "Hour": 6,
        "Minute": 24
      },
      {
        "Time": "2016-03-22T06:25:27",
        "Lat": 52.2198,
        "Lon": 21.0151,
        "FirstLine": 10,
        "Lines": "10",
        "Brigade": 6,
        "LineBrigade": "10_6",
        "Status": "RUNNING",
        "LowFloor": "False",
        "Hour": 6,
        "Minute": 25
      },
      {
        "Time": "2016-03-22T06:26:00",
        "Lat": 52.22,
        "Lon": 21.011,
        "FirstLine": 10,
        "Lines": "10",
        "Brigade": 6,
        "LineBrigade": "10_6",
        "Status": "RUNNING",
        "LowFloor": "False",
        "Hour": 6,
        "Minute": 26
      },
      {
        "Time": "2016-03-22T06:26:27",
        "Lat": 52.22,
        "Lon": 21.0092,
        "FirstLine": 10,
        "Lines": "10",
        "Brigade": 6,
        "LineBrigade": "10_6",
        "Status": "RUNNING",
        "LowFloor": "False",
        "Hour": 6,
        "Minute": 26
      },
      {
        "Time": "2016-03-22T06:26:57",
        "Lat": 52.2202,
        "Lon": 21.0055,
        "FirstLine": 10,
        "Lines": "10",
        "Brigade": 6,
        "LineBrigade": "10_6",
        "Status": "RUNNING",
        "LowFloor": "False",
        "Hour": 6,
        "Minute": 26
      },
      {
        "Time": "2016-03-22T06:27:27",
        "Lat": 52.2202,
        "Lon": 21.0055,
        "FirstLine": 10,
        "Lines": "10",
        "Brigade": 6,
        "LineBrigade": "10_6",
        "Status": "RUNNING",
        "LowFloor": "False",
        "Hour": 6,
        "Minute": 27
      },
      {
        "Time": "2016-03-22T06:27:57",
        "Lat": 52.2203,
        "Lon": 21.0055,
        "FirstLine": 10,
        "Lines": "10",
        "Brigade": 6,
        "LineBrigade": "10_6",
        "Status": "RUNNING",
        "LowFloor": "False",
        "Hour": 6,
        "Minute": 27
      },
      {
        "Time": "2016-03-22T06:28:27",
        "Lat": 52.2203,
        "Lon": 21.0055,
        "FirstLine": 10,
        "Lines": "10",
        "Brigade": 6,
        "LineBrigade": "10_6",
        "Status": "RUNNING",
        "LowFloor": "False",
        "Hour": 6,
        "Minute": 28
      },
      {
        "Time": "2016-03-22T06:28:57",
        "Lat": 52.2211,
        "Lon": 21.0049,
        "FirstLine": 10,
        "Lines": "10",
        "Brigade": 6,
        "LineBrigade": "10_6",
        "Status": "RUNNING",
        "LowFloor": "False",
        "Hour": 6,
        "Minute": 28
      },
      {
        "Time": "2016-03-22T06:29:27",
        "Lat": 52.2227,
        "Lon": 21.0049,
        "FirstLine": 10,
        "Lines": "10",
        "Brigade": 6,
        "LineBrigade": "10_6",
        "Status": "RUNNING",
        "LowFloor": "False",
        "Hour": 6,
        "Minute": 29
      },
      {
        "Time": "2016-03-22T06:29:57",
        "Lat": 52.2247,
        "Lon": 21.0038,
        "FirstLine": 10,
        "Lines": "10",
        "Brigade": 6,
        "LineBrigade": "10_6",
        "Status": "RUNNING",
        "LowFloor": "False",
        "Hour": 6,
        "Minute": 29
      },
      {
        "Time": "2016-03-22T06:30:29",
        "Lat": 52.2272,
        "Lon": 21.0022,
        "FirstLine": 10,
        "Lines": "10",
        "Brigade": 6,
        "LineBrigade": "10_6",
        "Status": "RUNNING",
        "LowFloor": "False",
        "Hour": 6,
        "Minute": 30
      },
      {
        "Time": "2016-03-22T06:30:57",
        "Lat": 52.2279,
        "Lon": 21.0017,
        "FirstLine": 10,
        "Lines": "10",
        "Brigade": 6,
        "LineBrigade": "10_6",
        "Status": "RUNNING",
        "LowFloor": "False",
        "Hour": 6,
        "Minute": 30
      },
      {
        "Time": "2016-03-22T06:31:27",
        "Lat": 52.2288,
        "Lon": 21.0013,
        "FirstLine": 10,
        "Lines": "10",
        "Brigade": 6,
        "LineBrigade": "10_6",
        "Status": "RUNNING",
        "LowFloor": "False",
        "Hour": 6,
        "Minute": 31
      },
      {
        "Time": "2016-03-22T06:31:57",
        "Lat": 52.2318,
        "Lon": 20.9992,
        "FirstLine": 10,
        "Lines": "10",
        "Brigade": 6,
        "LineBrigade": "10_6",
        "Status": "RUNNING",
        "LowFloor": "False",
        "Hour": 6,
        "Minute": 31
      },
      {
        "Time": "2016-03-22T06:32:27",
        "Lat": 52.2325,
        "Lon": 20.9987,
        "FirstLine": 10,
        "Lines": "10",
        "Brigade": 6,
        "LineBrigade": "10_6",
        "Status": "RUNNING",
        "LowFloor": "False",
        "Hour": 6,
        "Minute": 32
      },
      {
        "Time": "2016-03-22T06:32:57",
        "Lat": 52.2327,
        "Lon": 20.9985,
        "FirstLine": 10,
        "Lines": "10",
        "Brigade": 6,
        "LineBrigade": "10_6",
        "Status": "RUNNING",
        "LowFloor": "False",
        "Hour": 6,
        "Minute": 32
      },
      {
        "Time": "2016-03-22T06:33:27",
        "Lat": 52.2328,
        "Lon": 20.9981,
        "FirstLine": 10,
        "Lines": "10",
        "Brigade": 6,
        "LineBrigade": "10_6",
        "Status": "RUNNING",
        "LowFloor": "False",
        "Hour": 6,
        "Minute": 33
      },
      {
        "Time": "2016-03-22T06:33:57",
        "Lat": 52.2328,
        "Lon": 20.9981,
        "FirstLine": 10,
        "Lines": "10",
        "Brigade": 6,
        "LineBrigade": "10_6",
        "Status": "RUNNING",
        "LowFloor": "False",
        "Hour": 6,
        "Minute": 33
      },
      {
        "Time": "2016-03-22T06:34:27",
        "Lat": 52.2328,
        "Lon": 20.998,
        "FirstLine": 10,
        "Lines": "10",
        "Brigade": 6,
        "LineBrigade": "10_6",
        "Status": "RUNNING",
        "LowFloor": "False",
        "Hour": 6,
        "Minute": 34
      },
      {
        "Time": "2016-03-22T06:34:56",
        "Lat": 52.2324,
        "Lon": 20.9976,
        "FirstLine": 10,
        "Lines": "10",
        "Brigade": 6,
        "LineBrigade": "10_6",
        "Status": "RUNNING",
        "LowFloor": "False",
        "Hour": 6,
        "Minute": 34
      },
      {
        "Time": "2016-03-22T06:35:27",
        "Lat": 52.2318,
        "Lon": 20.9948,
        "FirstLine": 10,
        "Lines": "10",
        "Brigade": 6,
        "LineBrigade": "10_6",
        "Status": "RUNNING",
        "LowFloor": "False",
        "Hour": 6,
        "Minute": 35
      },
      {
        "Time": "2016-03-22T06:35:56",
        "Lat": 52.2319,
        "Lon": 20.9934,
        "FirstLine": 10,
        "Lines": "10",
        "Brigade": 6,
        "LineBrigade": "10_6",
        "Status": "RUNNING",
        "LowFloor": "False",
        "Hour": 6,
        "Minute": 35
      },
      {
        "Time": "2016-03-22T06:36:26",
        "Lat": 52.2311,
        "Lon": 20.9884,
        "FirstLine": 10,
        "Lines": "10",
        "Brigade": 6,
        "LineBrigade": "10_6",
        "Status": "RUNNING",
        "LowFloor": "False",
        "Hour": 6,
        "Minute": 36
      },
      {
        "Time": "2016-03-22T06:36:56",
        "Lat": 52.2305,
        "Lon": 20.9853,
        "FirstLine": 10,
        "Lines": "10",
        "Brigade": 6,
        "LineBrigade": "10_6",
        "Status": "RUNNING",
        "LowFloor": "False",
        "Hour": 6,
        "Minute": 36
      },
      {
        "Time": "2016-03-22T06:37:26",
        "Lat": 52.2305,
        "Lon": 20.9853,
        "FirstLine": 10,
        "Lines": "10",
        "Brigade": 6,
        "LineBrigade": "10_6",
        "Status": "RUNNING",
        "LowFloor": "False",
        "Hour": 6,
        "Minute": 37
      },
      {
        "Time": "2016-03-22T06:37:57",
        "Lat": 52.2305,
        "Lon": 20.9852,
        "FirstLine": 10,
        "Lines": "10",
        "Brigade": 6,
        "LineBrigade": "10_6",
        "Status": "RUNNING",
        "LowFloor": "False",
        "Hour": 6,
        "Minute": 37
      },
      {
        "Time": "2016-03-22T06:38:26",
        "Lat": 52.23,
        "Lon": 20.983,
        "FirstLine": 10,
        "Lines": "10",
        "Brigade": 6,
        "LineBrigade": "10_6",
        "Status": "RUNNING",
        "LowFloor": "False",
        "Hour": 6,
        "Minute": 38
      },
      {
        "Time": "2016-03-22T06:38:57",
        "Lat": 52.23,
        "Lon": 20.9827,
        "FirstLine": 10,
        "Lines": "10",
        "Brigade": 6,
        "LineBrigade": "10_6",
        "Status": "RUNNING",
        "LowFloor": "False",
        "Hour": 6,
        "Minute": 38
      },
      {
        "Time": "2016-03-22T06:39:27",
        "Lat": 52.23,
        "Lon": 20.9828,
        "FirstLine": 10,
        "Lines": "10",
        "Brigade": 6,
        "LineBrigade": "10_6",
        "Status": "RUNNING",
        "LowFloor": "False",
        "Hour": 6,
        "Minute": 39
      },
      {
        "Time": "2016-03-22T06:39:56",
        "Lat": 52.2294,
        "Lon": 20.9795,
        "FirstLine": 10,
        "Lines": "10",
        "Brigade": 6,
        "LineBrigade": "10_6",
        "Status": "RUNNING",
        "LowFloor": "False",
        "Hour": 6,
        "Minute": 39
      },
      {
        "Time": "2016-03-22T06:40:26",
        "Lat": 52.2294,
        "Lon": 20.9787,
        "FirstLine": 10,
        "Lines": "10",
        "Brigade": 6,
        "LineBrigade": "10_6",
        "Status": "RUNNING",
        "LowFloor": "False",
        "Hour": 6,
        "Minute": 40
      },
      {
        "Time": "2016-03-22T06:40:56",
        "Lat": 52.2291,
        "Lon": 20.9756,
        "FirstLine": 10,
        "Lines": "10",
        "Brigade": 6,
        "LineBrigade": "10_6",
        "Status": "RUNNING",
        "LowFloor": "False",
        "Hour": 6,
        "Minute": 40
      },
      {
        "Time": "2016-03-22T06:41:26",
        "Lat": 52.2288,
        "Lon": 20.9703,
        "FirstLine": 10,
        "Lines": "10",
        "Brigade": 6,
        "LineBrigade": "10_6",
        "Status": "RUNNING",
        "LowFloor": "False",
        "Hour": 6,
        "Minute": 41
      },
      {
        "Time": "2016-03-22T06:41:57",
        "Lat": 52.2288,
        "Lon": 20.9702,
        "FirstLine": 10,
        "Lines": "10",
        "Brigade": 6,
        "LineBrigade": "10_6",
        "Status": "RUNNING",
        "LowFloor": "False",
        "Hour": 6,
        "Minute": 41
      },
      {
        "Time": "2016-03-22T06:42:26",
        "Lat": 52.2292,
        "Lon": 20.9696,
        "FirstLine": 10,
        "Lines": "10",
        "Brigade": 6,
        "LineBrigade": "10_6",
        "Status": "RUNNING",
        "LowFloor": "False",
        "Hour": 6,
        "Minute": 42
      },
      {
        "Time": "2016-03-22T06:42:56",
        "Lat": 52.2307,
        "Lon": 20.9692,
        "FirstLine": 10,
        "Lines": "10",
        "Brigade": 6,
        "LineBrigade": "10_6",
        "Status": "RUNNING",
        "LowFloor": "False",
        "Hour": 6,
        "Minute": 42
      },
      {
        "Time": "2016-03-22T06:43:27",
        "Lat": 52.2314,
        "Lon": 20.9689,
        "FirstLine": 10,
        "Lines": "10",
        "Brigade": 6,
        "LineBrigade": "10_6",
        "Status": "RUNNING",
        "LowFloor": "False",
        "Hour": 6,
        "Minute": 43
      },
      {
        "Time": "2016-03-22T06:43:56",
        "Lat": 52.2333,
        "Lon": 20.9682,
        "FirstLine": 10,
        "Lines": "10",
        "Brigade": 6,
        "LineBrigade": "10_6",
        "Status": "RUNNING",
        "LowFloor": "False",
        "Hour": 6,
        "Minute": 43
      },
      {
        "Time": "2016-03-22T06:44:26",
        "Lat": 52.2334,
        "Lon": 20.9682,
        "FirstLine": 10,
        "Lines": "10",
        "Brigade": 6,
        "LineBrigade": "10_6",
        "Status": "RUNNING",
        "LowFloor": "False",
        "Hour": 6,
        "Minute": 44
      },
      {
        "Time": "2016-03-22T06:44:57",
        "Lat": 52.2337,
        "Lon": 20.9678,
        "FirstLine": 10,
        "Lines": "10",
        "Brigade": 6,
        "LineBrigade": "10_6",
        "Status": "RUNNING",
        "LowFloor": "False",
        "Hour": 6,
        "Minute": 44
      },
      {
        "Time": "2016-03-22T06:45:26",
        "Lat": 52.2335,
        "Lon": 20.9664,
        "FirstLine": 10,
        "Lines": "10",
        "Brigade": 6,
        "LineBrigade": "10_6",
        "Status": "RUNNING",
        "LowFloor": "False",
        "Hour": 6,
        "Minute": 45
      },
      {
        "Time": "2016-03-22T06:45:56",
        "Lat": 52.2335,
        "Lon": 20.9665,
        "FirstLine": 10,
        "Lines": "10",
        "Brigade": 6,
        "LineBrigade": "10_6",
        "Status": "RUNNING",
        "LowFloor": "False",
        "Hour": 6,
        "Minute": 45
      },
      {
        "Time": "2016-03-22T06:46:28",
        "Lat": 52.2335,
        "Lon": 20.9662,
        "FirstLine": 10,
        "Lines": "10",
        "Brigade": 6,
        "LineBrigade": "10_6",
        "Status": "RUNNING",
        "LowFloor": "False",
        "Hour": 6,
        "Minute": 46
      },
      {
        "Time": "2016-03-22T06:46:56",
        "Lat": 52.2325,
        "Lon": 20.9614,
        "FirstLine": 10,
        "Lines": "10",
        "Brigade": 6,
        "LineBrigade": "10_6",
        "Status": "RUNNING",
        "LowFloor": "False",
        "Hour": 6,
        "Minute": 46
      },
      {
        "Time": "2016-03-22T06:47:26",
        "Lat": 52.2322,
        "Lon": 20.9604,
        "FirstLine": 10,
        "Lines": "10",
        "Brigade": 6,
        "LineBrigade": "10_6",
        "Status": "RUNNING",
        "LowFloor": "False",
        "Hour": 6,
        "Minute": 47
      },
      {
        "Time": "2016-03-22T06:47:57",
        "Lat": 52.2313,
        "Lon": 20.9572,
        "FirstLine": 10,
        "Lines": "10",
        "Brigade": 6,
        "LineBrigade": "10_6",
        "Status": "RUNNING",
        "LowFloor": "False",
        "Hour": 6,
        "Minute": 47
      },
      {
        "Time": "2016-03-22T06:48:26",
        "Lat": 52.2307,
        "Lon": 20.955,
        "FirstLine": 10,
        "Lines": "10",
        "Brigade": 6,
        "LineBrigade": "10_6",
        "Status": "RUNNING",
        "LowFloor": "False",
        "Hour": 6,
        "Minute": 48
      },
      {
        "Time": "2016-03-22T06:48:56",
        "Lat": 52.2301,
        "Lon": 20.953,
        "FirstLine": 10,
        "Lines": "10",
        "Brigade": 6,
        "LineBrigade": "10_6",
        "Status": "RUNNING",
        "LowFloor": "False",
        "Hour": 6,
        "Minute": 48
      },
      {
        "Time": "2016-03-22T06:49:26",
        "Lat": 52.2295,
        "Lon": 20.9512,
        "FirstLine": 10,
        "Lines": "10",
        "Brigade": 6,
        "LineBrigade": "10_6",
        "Status": "RUNNING",
        "LowFloor": "False",
        "Hour": 6,
        "Minute": 49
      },
      {
        "Time": "2016-03-22T06:49:56",
        "Lat": 52.2295,
        "Lon": 20.9512,
        "FirstLine": 10,
        "Lines": "10",
        "Brigade": 6,
        "LineBrigade": "10_6",
        "Status": "RUNNING",
        "LowFloor": "False",
        "Hour": 6,
        "Minute": 49
      },
      {
        "Time": "2016-03-22T06:50:26",
        "Lat": 52.229,
        "Lon": 20.9496,
        "FirstLine": 10,
        "Lines": "10",
        "Brigade": 6,
        "LineBrigade": "10_6",
        "Status": "RUNNING",
        "LowFloor": "False",
        "Hour": 6,
        "Minute": 50
      },
      {
        "Time": "2016-03-22T06:50:58",
        "Lat": 52.2273,
        "Lon": 20.9457,
        "FirstLine": 10,
        "Lines": "10",
        "Brigade": 6,
        "LineBrigade": "10_6",
        "Status": "RUNNING",
        "LowFloor": "False",
        "Hour": 6,
        "Minute": 50
      },
      {
        "Time": "2016-03-22T06:51:26",
        "Lat": 52.2267,
        "Lon": 20.9428,
        "FirstLine": 10,
        "Lines": "10",
        "Brigade": 6,
        "LineBrigade": "10_6",
        "Status": "RUNNING",
        "LowFloor": "False",
        "Hour": 6,
        "Minute": 51
      },
      {
        "Time": "2016-03-22T06:51:56",
        "Lat": 52.2265,
        "Lon": 20.9415,
        "FirstLine": 10,
        "Lines": "10",
        "Brigade": 6,
        "LineBrigade": "10_6",
        "Status": "RUNNING",
        "LowFloor": "False",
        "Hour": 6,
        "Minute": 51
      },
      {
        "Time": "2016-03-22T06:52:26",
        "Lat": 52.2258,
        "Lon": 20.9378,
        "FirstLine": 10,
        "Lines": "10",
        "Brigade": 6,
        "LineBrigade": "10_6",
        "Status": "RUNNING",
        "LowFloor": "False",
        "Hour": 6,
        "Minute": 52
      },
      {
        "Time": "2016-03-22T06:52:56",
        "Lat": 52.2254,
        "Lon": 20.9364,
        "FirstLine": 10,
        "Lines": "10",
        "Brigade": 6,
        "LineBrigade": "10_6",
        "Status": "RUNNING",
        "LowFloor": "False",
        "Hour": 6,
        "Minute": 52
      },
      {
        "Time": "2016-03-22T06:53:26",
        "Lat": 52.2242,
        "Lon": 20.9327,
        "FirstLine": 10,
        "Lines": "10",
        "Brigade": 6,
        "LineBrigade": "10_6",
        "Status": "RUNNING",
        "LowFloor": "False",
        "Hour": 6,
        "Minute": 53
      },
      {
        "Time": "2016-03-22T06:53:58",
        "Lat": 52.2236,
        "Lon": 20.9302,
        "FirstLine": 10,
        "Lines": "10",
        "Brigade": 6,
        "LineBrigade": "10_6",
        "Status": "RUNNING",
        "LowFloor": "False",
        "Hour": 6,
        "Minute": 53
      },
      {
        "Time": "2016-03-22T06:54:26",
        "Lat": 52.2234,
        "Lon": 20.9289,
        "FirstLine": 10,
        "Lines": "10",
        "Brigade": 6,
        "LineBrigade": "10_6",
        "Status": "RUNNING",
        "LowFloor": "False",
        "Hour": 6,
        "Minute": 54
      },
      {
        "Time": "2016-03-22T06:54:56",
        "Lat": 52.2227,
        "Lon": 20.9261,
        "FirstLine": 10,
        "Lines": "10",
        "Brigade": 6,
        "LineBrigade": "10_6",
        "Status": "RUNNING",
        "LowFloor": "False",
        "Hour": 6,
        "Minute": 54
      },
      {
        "Time": "2016-03-22T06:55:26",
        "Lat": 52.222,
        "Lon": 20.923,
        "FirstLine": 10,
        "Lines": "10",
        "Brigade": 6,
        "LineBrigade": "10_6",
        "Status": "RUNNING",
        "LowFloor": "False",
        "Hour": 6,
        "Minute": 55
      },
      {
        "Time": "2016-03-22T06:55:56",
        "Lat": 52.2211,
        "Lon": 20.9191,
        "FirstLine": 10,
        "Lines": "10",
        "Brigade": 6,
        "LineBrigade": "10_6",
        "Status": "RUNNING",
        "LowFloor": "False",
        "Hour": 6,
        "Minute": 55
      },
      {
        "Time": "2016-03-22T06:56:29",
        "Lat": 52.2207,
        "Lon": 20.9176,
        "FirstLine": 10,
        "Lines": "10",
        "Brigade": 6,
        "LineBrigade": "10_6",
        "Status": "RUNNING",
        "LowFloor": "False",
        "Hour": 6,
        "Minute": 56
      },
      {
        "Time": "2016-03-22T06:56:56",
        "Lat": 52.2216,
        "Lon": 20.917,
        "FirstLine": 10,
        "Lines": "10",
        "Brigade": 6,
        "LineBrigade": "10_6",
        "Status": "RUNNING",
        "LowFloor": "False",
        "Hour": 6,
        "Minute": 56
      },
      {
        "Time": "2016-03-22T06:57:26",
        "Lat": 52.225,
        "Lon": 20.9165,
        "FirstLine": 10,
        "Lines": "10",
        "Brigade": 6,
        "LineBrigade": "10_6",
        "Status": "RUNNING",
        "LowFloor": "False",
        "Hour": 6,
        "Minute": 57
      },
      {
        "Time": "2016-03-22T06:57:56",
        "Lat": 52.2259,
        "Lon": 20.9162,
        "FirstLine": 10,
        "Lines": "10",
        "Brigade": 6,
        "LineBrigade": "10_6",
        "Status": "RUNNING",
        "LowFloor": "False",
        "Hour": 6,
        "Minute": 57
      },
      {
        "Time": "2016-03-22T06:58:26",
        "Lat": 52.2282,
        "Lon": 20.9156,
        "FirstLine": 10,
        "Lines": "10",
        "Brigade": 6,
        "LineBrigade": "10_6",
        "Status": "RUNNING",
        "LowFloor": "False",
        "Hour": 6,
        "Minute": 58
      },
      {
        "Time": "2016-03-22T06:58:56",
        "Lat": 52.2288,
        "Lon": 20.9154,
        "FirstLine": 10,
        "Lines": "10",
        "Brigade": 6,
        "LineBrigade": "10_6",
        "Status": "RUNNING",
        "LowFloor": "False",
        "Hour": 6,
        "Minute": 58
      },
      {
        "Time": "2016-03-22T06:59:26",
        "Lat": 52.2287,
        "Lon": 20.9154,
        "FirstLine": 10,
        "Lines": "10",
        "Brigade": 6,
        "LineBrigade": "10_6",
        "Status": "RUNNING",
        "LowFloor": "False",
        "Hour": 6,
        "Minute": 59
      },
      {
        "Time": "2016-03-22T06:59:56",
        "Lat": 52.2298,
        "Lon": 20.915,
        "FirstLine": 10,
        "Lines": "10",
        "Brigade": 6,
        "LineBrigade": "10_6",
        "Status": "RUNNING",
        "LowFloor": "False",
        "Hour": 6,
        "Minute": 59
      },
      {
        "Time": "2016-03-22T07:00:27",
        "Lat": 52.2315,
        "Lon": 20.9149,
        "FirstLine": 10,
        "Lines": "10",
        "Brigade": 6,
        "LineBrigade": "10_6",
        "Status": "RUNNING",
        "LowFloor": "False",
        "Hour": 7,
        "Minute": 0
      },
      {
        "Time": "2016-03-22T07:00:57",
        "Lat": 52.2339,
        "Lon": 20.9147,
        "FirstLine": 10,
        "Lines": "10",
        "Brigade": 6,
        "LineBrigade": "10_6",
        "Status": "RUNNING",
        "LowFloor": "False",
        "Hour": 7,
        "Minute": 0
      },
      {
        "Time": "2016-03-22T07:01:27",
        "Lat": 52.2359,
        "Lon": 20.9142,
        "FirstLine": 10,
        "Lines": "10",
        "Brigade": 6,
        "LineBrigade": "10_6",
        "Status": "RUNNING",
        "LowFloor": "False",
        "Hour": 7,
        "Minute": 1
      },
      {
        "Time": "2016-03-22T07:01:57",
        "Lat": 52.2378,
        "Lon": 20.9135,
        "FirstLine": 10,
        "Lines": "10",
        "Brigade": 6,
        "LineBrigade": "10_6",
        "Status": "RUNNING",
        "LowFloor": "False",
        "Hour": 7,
        "Minute": 1
      },
      {
        "Time": "2016-03-22T07:02:27",
        "Lat": 52.2391,
        "Lon": 20.9127,
        "FirstLine": 10,
        "Lines": "10",
        "Brigade": 6,
        "LineBrigade": "10_6",
        "Status": "RUNNING",
        "LowFloor": "False",
        "Hour": 7,
        "Minute": 2
      },
      {
        "Time": "2016-03-22T07:02:57",
        "Lat": 52.239,
        "Lon": 20.9116,
        "FirstLine": 10,
        "Lines": "10",
        "Brigade": 6,
        "LineBrigade": "10_6",
        "Status": "RUNNING",
        "LowFloor": "False",
        "Hour": 7,
        "Minute": 2
      },
      {
        "Time": "2016-03-22T07:03:27",
        "Lat": 52.2389,
        "Lon": 20.9089,
        "FirstLine": 10,
        "Lines": "10",
        "Brigade": 6,
        "LineBrigade": "10_6",
        "Status": "RUNNING",
        "LowFloor": "False",
        "Hour": 7,
        "Minute": 3
      },
      {
        "Time": "2016-03-22T07:03:57",
        "Lat": 52.2391,
        "Lon": 20.9047,
        "FirstLine": 10,
        "Lines": "10",
        "Brigade": 6,
        "LineBrigade": "10_6",
        "Status": "RUNNING",
        "LowFloor": "False",
        "Hour": 7,
        "Minute": 3
      },
      {
        "Time": "2016-03-22T07:04:27",
        "Lat": 52.2391,
        "Lon": 20.9047,
        "FirstLine": 10,
        "Lines": "10",
        "Brigade": 6,
        "LineBrigade": "10_6",
        "Status": "RUNNING",
        "LowFloor": "False",
        "Hour": 7,
        "Minute": 4
      },
      {
        "Time": "2016-03-22T07:04:57",
        "Lat": 52.2391,
        "Lon": 20.9047,
        "FirstLine": 10,
        "Lines": "10",
        "Brigade": 6,
        "LineBrigade": "10_6",
        "Status": "RUNNING",
        "LowFloor": "False",
        "Hour": 7,
        "Minute": 4
      },
      {
        "Time": "2016-03-22T07:05:27",
        "Lat": 52.2391,
        "Lon": 20.9039,
        "FirstLine": 10,
        "Lines": "10",
        "Brigade": 6,
        "LineBrigade": "10_6",
        "Status": "RUNNING",
        "LowFloor": "False",
        "Hour": 7,
        "Minute": 5
      },
      {
        "Time": "2016-03-22T07:05:57",
        "Lat": 52.2394,
        "Lon": 20.9004,
        "FirstLine": 10,
        "Lines": "10",
        "Brigade": 6,
        "LineBrigade": "10_6",
        "Status": "RUNNING",
        "LowFloor": "False",
        "Hour": 7,
        "Minute": 5
      },
      {
        "Time": "2016-03-22T07:06:27",
        "Lat": 52.2387,
        "Lon": 20.9006,
        "FirstLine": 10,
        "Lines": "10",
        "Brigade": 6,
        "LineBrigade": "10_6",
        "Status": "RUNNING",
        "LowFloor": "False",
        "Hour": 7,
        "Minute": 6
      },
      {
        "Time": "2016-03-22T07:06:57",
        "Lat": 52.2387,
        "Lon": 20.901,
        "FirstLine": 10,
        "Lines": "10",
        "Brigade": 6,
        "LineBrigade": "10_6",
        "Status": "RUNNING",
        "LowFloor": "False",
        "Hour": 7,
        "Minute": 6
      },
      {
        "Time": "2016-03-22T07:07:27",
        "Lat": 52.2387,
        "Lon": 20.901,
        "FirstLine": 10,
        "Lines": "10",
        "Brigade": 6,
        "LineBrigade": "10_6",
        "Status": "RUNNING",
        "LowFloor": "False",
        "Hour": 7,
        "Minute": 7
      },
      {
        "Time": "2016-03-22T07:07:57",
        "Lat": 52.2387,
        "Lon": 20.901,
        "FirstLine": 10,
        "Lines": "10",
        "Brigade": 6,
        "LineBrigade": "10_6",
        "Status": "RUNNING",
        "LowFloor": "False",
        "Hour": 7,
        "Minute": 7
      },
      {
        "Time": "2016-03-22T07:08:27",
        "Lat": 52.2387,
        "Lon": 20.901,
        "FirstLine": 10,
        "Lines": "10",
        "Brigade": 6,
        "LineBrigade": "10_6",
        "Status": "RUNNING",
        "LowFloor": "False",
        "Hour": 7,
        "Minute": 8
      },
      {
        "Time": "2016-03-22T07:08:56",
        "Lat": 52.2387,
        "Lon": 20.901,
        "FirstLine": 10,
        "Lines": "10",
        "Brigade": 6,
        "LineBrigade": "10_6",
        "Status": "RUNNING",
        "LowFloor": "False",
        "Hour": 7,
        "Minute": 8
      },
      {
        "Time": "2016-03-22T07:09:26",
        "Lat": 52.2386,
        "Lon": 20.901,
        "FirstLine": 10,
        "Lines": "10",
        "Brigade": 6,
        "LineBrigade": "10_6",
        "Status": "RUNNING",
        "LowFloor": "False",
        "Hour": 7,
        "Minute": 9
      },
      {
        "Time": "2016-03-22T07:09:56",
        "Lat": 52.2387,
        "Lon": 20.9009,
        "FirstLine": 10,
        "Lines": "10",
        "Brigade": 6,
        "LineBrigade": "10_6",
        "Status": "RUNNING",
        "LowFloor": "False",
        "Hour": 7,
        "Minute": 9
      },
      {
        "Time": "2016-03-22T07:10:26",
        "Lat": 52.2386,
        "Lon": 20.9009,
        "FirstLine": 10,
        "Lines": "10",
        "Brigade": 6,
        "LineBrigade": "10_6",
        "Status": "RUNNING",
        "LowFloor": "False",
        "Hour": 7,
        "Minute": 10
      },
      {
        "Time": "2016-03-22T07:11:01",
        "Lat": 52.2386,
        "Lon": 20.9009,
        "FirstLine": 10,
        "Lines": "10",
        "Brigade": 6,
        "LineBrigade": "10_6",
        "Status": "RUNNING",
        "LowFloor": "False",
        "Hour": 7,
        "Minute": 11
      },
      {
        "Time": "2016-03-22T07:11:26",
        "Lat": 52.2386,
        "Lon": 20.9009,
        "FirstLine": 10,
        "Lines": "10",
        "Brigade": 6,
        "LineBrigade": "10_6",
        "Status": "RUNNING",
        "LowFloor": "False",
        "Hour": 7,
        "Minute": 11
      },
      {
        "Time": "2016-03-22T07:12:01",
        "Lat": 52.2386,
        "Lon": 20.9009,
        "FirstLine": 10,
        "Lines": "10",
        "Brigade": 6,
        "LineBrigade": "10_6",
        "Status": "RUNNING",
        "LowFloor": "False",
        "Hour": 7,
        "Minute": 12
      },
      {
        "Time": "2016-03-22T07:12:31",
        "Lat": 52.2386,
        "Lon": 20.9009,
        "FirstLine": 10,
        "Lines": "10",
        "Brigade": 6,
        "LineBrigade": "10_6",
        "Status": "RUNNING",
        "LowFloor": "False",
        "Hour": 7,
        "Minute": 12
      },
      {
        "Time": "2016-03-22T07:13:01",
        "Lat": 52.2386,
        "Lon": 20.9009,
        "FirstLine": 10,
        "Lines": "10",
        "Brigade": 6,
        "LineBrigade": "10_6",
        "Status": "RUNNING",
        "LowFloor": "False",
        "Hour": 7,
        "Minute": 13
      },
      {
        "Time": "2016-03-22T07:13:26",
        "Lat": 52.2386,
        "Lon": 20.9009,
        "FirstLine": 10,
        "Lines": "10",
        "Brigade": 6,
        "LineBrigade": "10_6",
        "Status": "RUNNING",
        "LowFloor": "False",
        "Hour": 7,
        "Minute": 13
      },
      {
        "Time": "2016-03-22T07:14:01",
        "Lat": 52.2387,
        "Lon": 20.9013,
        "FirstLine": 10,
        "Lines": "10",
        "Brigade": 6,
        "LineBrigade": "10_6",
        "Status": "RUNNING",
        "LowFloor": "False",
        "Hour": 7,
        "Minute": 14
      },
      {
        "Time": "2016-03-22T07:14:26",
        "Lat": 52.2391,
        "Lon": 20.9015,
        "FirstLine": 10,
        "Lines": "10",
        "Brigade": 6,
        "LineBrigade": "10_6",
        "Status": "RUNNING",
        "LowFloor": "False",
        "Hour": 7,
        "Minute": 14
      },
      {
        "Time": "2016-03-22T07:14:56",
        "Lat": 52.2391,
        "Lon": 20.9031,
        "FirstLine": 10,
        "Lines": "10",
        "Brigade": 6,
        "LineBrigade": "10_6",
        "Status": "RUNNING",
        "LowFloor": "False",
        "Hour": 7,
        "Minute": 14
      },
      {
        "Time": "2016-03-22T07:15:26",
        "Lat": 52.2391,
        "Lon": 20.9036,
        "FirstLine": 10,
        "Lines": "10",
        "Brigade": 6,
        "LineBrigade": "10_6",
        "Status": "RUNNING",
        "LowFloor": "False",
        "Hour": 7,
        "Minute": 15
      },
      {
        "Time": "2016-03-22T07:16:01",
        "Lat": 52.2389,
        "Lon": 20.9056,
        "FirstLine": 10,
        "Lines": "10",
        "Brigade": 6,
        "LineBrigade": "10_6",
        "Status": "RUNNING",
        "LowFloor": "False",
        "Hour": 7,
        "Minute": 16
      },
      {
        "Time": "2016-03-22T07:16:26",
        "Lat": 52.2388,
        "Lon": 20.9075,
        "FirstLine": 10,
        "Lines": "10",
        "Brigade": 6,
        "LineBrigade": "10_6",
        "Status": "RUNNING",
        "LowFloor": "False",
        "Hour": 7,
        "Minute": 16
      },
      {
        "Time": "2016-03-22T07:16:56",
        "Lat": 52.239,
        "Lon": 20.9115,
        "FirstLine": 10,
        "Lines": "10",
        "Brigade": 6,
        "LineBrigade": "10_6",
        "Status": "RUNNING",
        "LowFloor": "False",
        "Hour": 7,
        "Minute": 16
      },
      {
        "Time": "2016-03-22T07:17:26",
        "Lat": 52.2391,
        "Lon": 20.9124,
        "FirstLine": 10,
        "Lines": "10",
        "Brigade": 6,
        "LineBrigade": "10_6",
        "Status": "RUNNING",
        "LowFloor": "False",
        "Hour": 7,
        "Minute": 17
      },
      {
        "Time": "2016-03-22T07:17:56",
        "Lat": 52.2391,
        "Lon": 20.9125,
        "FirstLine": 10,
        "Lines": "10",
        "Brigade": 6,
        "LineBrigade": "10_6",
        "Status": "RUNNING",
        "LowFloor": "False",
        "Hour": 7,
        "Minute": 17
      },
      {
        "Time": "2016-03-22T07:18:26",
        "Lat": 52.2388,
        "Lon": 20.9132,
        "FirstLine": 10,
        "Lines": "10",
        "Brigade": 6,
        "LineBrigade": "10_6",
        "Status": "RUNNING",
        "LowFloor": "False",
        "Hour": 7,
        "Minute": 18
      },
      {
        "Time": "2016-03-22T07:18:56",
        "Lat": 52.2382,
        "Lon": 20.9134,
        "FirstLine": 10,
        "Lines": "10",
        "Brigade": 6,
        "LineBrigade": "10_6",
        "Status": "RUNNING",
        "LowFloor": "False",
        "Hour": 7,
        "Minute": 18
      },
      {
        "Time": "2016-03-22T07:19:26",
        "Lat": 52.2357,
        "Lon": 20.9143,
        "FirstLine": 10,
        "Lines": "10",
        "Brigade": 6,
        "LineBrigade": "10_6",
        "Status": "RUNNING",
        "LowFloor": "False",
        "Hour": 7,
        "Minute": 19
      },
      {
        "Time": "2016-03-22T07:19:57",
        "Lat": 52.235,
        "Lon": 20.9145,
        "FirstLine": 10,
        "Lines": "10",
        "Brigade": 6,
        "LineBrigade": "10_6",
        "Status": "RUNNING",
        "LowFloor": "False",
        "Hour": 7,
        "Minute": 19
      },
      {
        "Time": "2016-03-22T07:20:26",
        "Lat": 52.2316,
        "Lon": 20.9149,
        "FirstLine": 10,
        "Lines": "10",
        "Brigade": 6,
        "LineBrigade": "10_6",
        "Status": "RUNNING",
        "LowFloor": "False",
        "Hour": 7,
        "Minute": 20
      },
      {
        "Time": "2016-03-22T07:20:56",
        "Lat": 52.2295,
        "Lon": 20.9152,
        "FirstLine": 10,
        "Lines": "10",
        "Brigade": 6,
        "LineBrigade": "10_6",
        "Status": "RUNNING",
        "LowFloor": "False",
        "Hour": 7,
        "Minute": 20
      },
      {
        "Time": "2016-03-22T07:21:26",
        "Lat": 52.2291,
        "Lon": 20.9154,
        "FirstLine": 10,
        "Lines": "10",
        "Brigade": 6,
        "LineBrigade": "10_6",
        "Status": "RUNNING",
        "LowFloor": "False",
        "Hour": 7,
        "Minute": 21
      },
      {
        "Time": "2016-03-22T07:21:56",
        "Lat": 52.2257,
        "Lon": 20.9164,
        "FirstLine": 10,
        "Lines": "10",
        "Brigade": 6,
        "LineBrigade": "10_6",
        "Status": "RUNNING",
        "LowFloor": "False",
        "Hour": 7,
        "Minute": 21
      },
      {
        "Time": "2016-03-22T07:22:25",
        "Lat": 52.2254,
        "Lon": 20.9164,
        "FirstLine": 10,
        "Lines": "10",
        "Brigade": 6,
        "LineBrigade": "10_6",
        "Status": "RUNNING",
        "LowFloor": "False",
        "Hour": 7,
        "Minute": 22
      },
      {
        "Time": "2016-03-22T07:22:56",
        "Lat": 52.2233,
        "Lon": 20.917,
        "FirstLine": 10,
        "Lines": "10",
        "Brigade": 6,
        "LineBrigade": "10_6",
        "Status": "RUNNING",
        "LowFloor": "False",
        "Hour": 7,
        "Minute": 22
      },
      {
        "Time": "2016-03-22T07:23:26",
        "Lat": 52.221,
        "Lon": 20.9167,
        "FirstLine": 10,
        "Lines": "10",
        "Brigade": 6,
        "LineBrigade": "10_6",
        "Status": "RUNNING",
        "LowFloor": "False",
        "Hour": 7,
        "Minute": 23
      },
      {
        "Time": "2016-03-22T07:23:56",
        "Lat": 52.2209,
        "Lon": 20.918,
        "FirstLine": 10,
        "Lines": "10",
        "Brigade": 6,
        "LineBrigade": "10_6",
        "Status": "RUNNING",
        "LowFloor": "False",
        "Hour": 7,
        "Minute": 23
      },
      {
        "Time": "2016-03-22T07:24:25",
        "Lat": 52.221,
        "Lon": 20.9186,
        "FirstLine": 10,
        "Lines": "10",
        "Brigade": 6,
        "LineBrigade": "10_6",
        "Status": "RUNNING",
        "LowFloor": "False",
        "Hour": 7,
        "Minute": 24
      },
      {
        "Time": "2016-03-22T07:24:55",
        "Lat": 52.2215,
        "Lon": 20.9209,
        "FirstLine": 10,
        "Lines": "10",
        "Brigade": 6,
        "LineBrigade": "10_6",
        "Status": "RUNNING",
        "LowFloor": "False",
        "Hour": 7,
        "Minute": 24
      },
      {
        "Time": "2016-03-22T07:25:25",
        "Lat": 52.2219,
        "Lon": 20.9227,
        "FirstLine": 10,
        "Lines": "10",
        "Brigade": 6,
        "LineBrigade": "10_6",
        "Status": "RUNNING",
        "LowFloor": "False",
        "Hour": 7,
        "Minute": 25
      },
      {
        "Time": "2016-03-22T07:25:56",
        "Lat": 52.2228,
        "Lon": 20.9264,
        "FirstLine": 10,
        "Lines": "10",
        "Brigade": 6,
        "LineBrigade": "10_6",
        "Status": "RUNNING",
        "LowFloor": "False",
        "Hour": 7,
        "Minute": 25
      },
      {
        "Time": "2016-03-22T07:26:25",
        "Lat": 52.2236,
        "Lon": 20.9295,
        "FirstLine": 10,
        "Lines": "10",
        "Brigade": 6,
        "LineBrigade": "10_6",
        "Status": "RUNNING",
        "LowFloor": "False",
        "Hour": 7,
        "Minute": 26
      },
      {
        "Time": "2016-03-22T07:27:00",
        "Lat": 52.2237,
        "Lon": 20.93,
        "FirstLine": 10,
        "Lines": "10",
        "Brigade": 6,
        "LineBrigade": "10_6",
        "Status": "RUNNING",
        "LowFloor": "False",
        "Hour": 7,
        "Minute": 27
      },
      {
        "Time": "2016-03-22T07:27:25",
        "Lat": 52.2244,
        "Lon": 20.9327,
        "FirstLine": 10,
        "Lines": "10",
        "Brigade": 6,
        "LineBrigade": "10_6",
        "Status": "RUNNING",
        "LowFloor": "False",
        "Hour": 7,
        "Minute": 27
      },
      {
        "Time": "2016-03-22T07:27:55",
        "Lat": 52.2255,
        "Lon": 20.9367,
        "FirstLine": 10,
        "Lines": "10",
        "Brigade": 6,
        "LineBrigade": "10_6",
        "Status": "RUNNING",
        "LowFloor": "False",
        "Hour": 7,
        "Minute": 27
      },
      {
        "Time": "2016-03-22T07:28:26",
        "Lat": 52.2257,
        "Lon": 20.9372,
        "FirstLine": 10,
        "Lines": "10",
        "Brigade": 6,
        "LineBrigade": "10_6",
        "Status": "RUNNING",
        "LowFloor": "False",
        "Hour": 7,
        "Minute": 28
      },
      {
        "Time": "2016-03-22T07:29:00",
        "Lat": 52.2265,
        "Lon": 20.9415,
        "FirstLine": 10,
        "Lines": "10",
        "Brigade": 6,
        "LineBrigade": "10_6",
        "Status": "RUNNING",
        "LowFloor": "False",
        "Hour": 7,
        "Minute": 29
      },
      {
        "Time": "2016-03-22T07:29:30",
        "Lat": 52.2266,
        "Lon": 20.9423,
        "FirstLine": 10,
        "Lines": "10",
        "Brigade": 6,
        "LineBrigade": "10_6",
        "Status": "RUNNING",
        "LowFloor": "False",
        "Hour": 7,
        "Minute": 29
      },
      {
        "Time": "2016-03-22T07:30:00",
        "Lat": 52.2271,
        "Lon": 20.9451,
        "FirstLine": 10,
        "Lines": "10",
        "Brigade": 6,
        "LineBrigade": "10_6",
        "Status": "RUNNING",
        "LowFloor": "False",
        "Hour": 7,
        "Minute": 30
      },
      {
        "Time": "2016-03-22T07:30:30",
        "Lat": 52.2289,
        "Lon": 20.9491,
        "FirstLine": 10,
        "Lines": "10",
        "Brigade": 6,
        "LineBrigade": "10_6",
        "Status": "RUNNING",
        "LowFloor": "False",
        "Hour": 7,
        "Minute": 30
      },
      {
        "Time": "2016-03-22T07:31:00",
        "Lat": 52.2289,
        "Lon": 20.9494,
        "FirstLine": 10,
        "Lines": "10",
        "Brigade": 6,
        "LineBrigade": "10_6",
        "Status": "RUNNING",
        "LowFloor": "False",
        "Hour": 7,
        "Minute": 31
      },
      {
        "Time": "2016-03-22T07:31:30",
        "Lat": 52.229,
        "Lon": 20.9495,
        "FirstLine": 10,
        "Lines": "10",
        "Brigade": 6,
        "LineBrigade": "10_6",
        "Status": "RUNNING",
        "LowFloor": "False",
        "Hour": 7,
        "Minute": 31
      },
      {
        "Time": "2016-03-22T07:32:00",
        "Lat": 52.2296,
        "Lon": 20.9515,
        "FirstLine": 10,
        "Lines": "10",
        "Brigade": 6,
        "LineBrigade": "10_6",
        "Status": "RUNNING",
        "LowFloor": "False",
        "Hour": 7,
        "Minute": 32
      },
      {
        "Time": "2016-03-22T07:32:30",
        "Lat": 52.23,
        "Lon": 20.9527,
        "FirstLine": 10,
        "Lines": "10",
        "Brigade": 6,
        "LineBrigade": "10_6",
        "Status": "RUNNING",
        "LowFloor": "False",
        "Hour": 7,
        "Minute": 32
      },
      {
        "Time": "2016-03-22T07:33:00",
        "Lat": 52.2308,
        "Lon": 20.9552,
        "FirstLine": 10,
        "Lines": "10",
        "Brigade": 6,
        "LineBrigade": "10_6",
        "Status": "RUNNING",
        "LowFloor": "False",
        "Hour": 7,
        "Minute": 33
      },
      {
        "Time": "2016-03-22T07:33:30",
        "Lat": 52.2309,
        "Lon": 20.9552,
        "FirstLine": 10,
        "Lines": "10",
        "Brigade": 6,
        "LineBrigade": "10_6",
        "Status": "RUNNING",
        "LowFloor": "False",
        "Hour": 7,
        "Minute": 33
      },
      {
        "Time": "2016-03-22T07:34:00",
        "Lat": 52.231,
        "Lon": 20.9554,
        "FirstLine": 10,
        "Lines": "10",
        "Brigade": 6,
        "LineBrigade": "10_6",
        "Status": "RUNNING",
        "LowFloor": "False",
        "Hour": 7,
        "Minute": 34
      },
      {
        "Time": "2016-03-22T07:34:25",
        "Lat": 52.2318,
        "Lon": 20.9584,
        "FirstLine": 10,
        "Lines": "10",
        "Brigade": 6,
        "LineBrigade": "10_6",
        "Status": "RUNNING",
        "LowFloor": "False",
        "Hour": 7,
        "Minute": 34
      },
      {
        "Time": "2016-03-22T07:35:00",
        "Lat": 52.2322,
        "Lon": 20.9601,
        "FirstLine": 10,
        "Lines": "10",
        "Brigade": 6,
        "LineBrigade": "10_6",
        "Status": "RUNNING",
        "LowFloor": "False",
        "Hour": 7,
        "Minute": 35
      },
      {
        "Time": "2016-03-22T07:35:30",
        "Lat": 52.2323,
        "Lon": 20.9604,
        "FirstLine": 10,
        "Lines": "10",
        "Brigade": 6,
        "LineBrigade": "10_6",
        "Status": "RUNNING",
        "LowFloor": "False",
        "Hour": 7,
        "Minute": 35
      },
      {
        "Time": "2016-03-22T07:36:00",
        "Lat": 52.2326,
        "Lon": 20.9615,
        "FirstLine": 10,
        "Lines": "10",
        "Brigade": 6,
        "LineBrigade": "10_6",
        "Status": "RUNNING",
        "LowFloor": "False",
        "Hour": 7,
        "Minute": 36
      },
      {
        "Time": "2016-03-22T07:36:30",
        "Lat": 52.2335,
        "Lon": 20.9668,
        "FirstLine": 10,
        "Lines": "10",
        "Brigade": 6,
        "LineBrigade": "10_6",
        "Status": "RUNNING",
        "LowFloor": "False",
        "Hour": 7,
        "Minute": 36
      },
      {
        "Time": "2016-03-22T07:37:00",
        "Lat": 52.2335,
        "Lon": 20.967,
        "FirstLine": 10,
        "Lines": "10",
        "Brigade": 6,
        "LineBrigade": "10_6",
        "Status": "RUNNING",
        "LowFloor": "False",
        "Hour": 7,
        "Minute": 37
      },
      {
        "Time": "2016-03-22T07:37:30",
        "Lat": 52.2333,
        "Lon": 20.9682,
        "FirstLine": 10,
        "Lines": "10",
        "Brigade": 6,
        "LineBrigade": "10_6",
        "Status": "RUNNING",
        "LowFloor": "False",
        "Hour": 7,
        "Minute": 37
      },
      {
        "Time": "2016-03-22T07:37:55",
        "Lat": 52.2317,
        "Lon": 20.9688,
        "FirstLine": 10,
        "Lines": "10",
        "Brigade": 6,
        "LineBrigade": "10_6",
        "Status": "RUNNING",
        "LowFloor": "False",
        "Hour": 7,
        "Minute": 37
      },
      {
        "Time": "2016-03-22T07:38:30",
        "Lat": 52.2316,
        "Lon": 20.9688,
        "FirstLine": 10,
        "Lines": "10",
        "Brigade": 6,
        "LineBrigade": "10_6",
        "Status": "RUNNING",
        "LowFloor": "False",
        "Hour": 7,
        "Minute": 38
      },
      {
        "Time": "2016-03-22T07:39:00",
        "Lat": 52.2293,
        "Lon": 20.9697,
        "FirstLine": 10,
        "Lines": "10",
        "Brigade": 6,
        "LineBrigade": "10_6",
        "Status": "RUNNING",
        "LowFloor": "False",
        "Hour": 7,
        "Minute": 39
      },
      {
        "Time": "2016-03-22T07:39:25",
        "Lat": 52.2293,
        "Lon": 20.9697,
        "FirstLine": 10,
        "Lines": "10",
        "Brigade": 6,
        "LineBrigade": "10_6",
        "Status": "RUNNING",
        "LowFloor": "False",
        "Hour": 7,
        "Minute": 39
      },
      {
        "Time": "2016-03-22T07:39:55",
        "Lat": 52.2291,
        "Lon": 20.9696,
        "FirstLine": 10,
        "Lines": "10",
        "Brigade": 6,
        "LineBrigade": "10_6",
        "Status": "RUNNING",
        "LowFloor": "False",
        "Hour": 7,
        "Minute": 39
      },
      {
        "Time": "2016-03-22T07:40:25",
        "Lat": 52.2289,
        "Lon": 20.9697,
        "FirstLine": 10,
        "Lines": "10",
        "Brigade": 6,
        "LineBrigade": "10_6",
        "Status": "RUNNING",
        "LowFloor": "False",
        "Hour": 7,
        "Minute": 40
      },
      {
        "Time": "2016-03-22T07:40:55",
        "Lat": 52.2292,
        "Lon": 20.9752,
        "FirstLine": 10,
        "Lines": "10",
        "Brigade": 6,
        "LineBrigade": "10_6",
        "Status": "RUNNING",
        "LowFloor": "False",
        "Hour": 7,
        "Minute": 40
      },
      {
        "Time": "2016-03-22T07:41:25",
        "Lat": 52.2295,
        "Lon": 20.978,
        "FirstLine": 10,
        "Lines": "10",
        "Brigade": 6,
        "LineBrigade": "10_6",
        "Status": "RUNNING",
        "LowFloor": "False",
        "Hour": 7,
        "Minute": 41
      },
      {
        "Time": "2016-03-22T07:41:35",
        "Lat": 52.2295,
        "Lon": 20.978,
        "FirstLine": 10,
        "Lines": "10",
        "Brigade": 6,
        "LineBrigade": "10_6",
        "Status": "RUNNING",
        "LowFloor": "False",
        "Hour": 7,
        "Minute": 41
      }
    ]
  }
]
