[
  {
    "res": [
      {
        "Time": "2016-03-22T00:00:00",
        "Lat": 52.1819,
        "Lon": 20.9888,
        "FirstLine": 17,
        "Lines": "17",
        "Brigade": 4,
        "LineBrigade": "17_4",
        "Status": "RUNNING",
        "LowFloor": "True",
        "Hour": 0,
        "Minute": 0
      },
      {
        "Time": "2016-03-22T00:00:26",
        "Lat": 52.1819,
        "Lon": 20.9888,
        "FirstLine": 17,
        "Lines": "17",
        "Brigade": 4,
        "LineBrigade": "17_4",
        "Status": "RUNNING",
        "LowFloor": "True",
        "Hour": 0,
        "Minute": 0
      },
      {
        "Time": "2016-03-22T00:00:58",
        "Lat": 52.1819,
        "Lon": 20.9888,
        "FirstLine": 17,
        "Lines": "17",
        "Brigade": 4,
        "LineBrigade": "17_4",
        "Status": "RUNNING",
        "LowFloor": "True",
        "Hour": 0,
        "Minute": 0
      },
      {
        "Time": "2016-03-22T00:01:29",
        "Lat": 52.1819,
        "Lon": 20.9888,
        "FirstLine": 17,
        "Lines": "17",
        "Brigade": 4,
        "LineBrigade": "17_4",
        "Status": "RUNNING",
        "LowFloor": "True",
        "Hour": 0,
        "Minute": 1
      },
      {
        "Time": "2016-03-22T00:02:00",
        "Lat": 52.1819,
        "Lon": 20.9888,
        "FirstLine": 17,
        "Lines": "17",
        "Brigade": 4,
        "LineBrigade": "17_4",
        "Status": "RUNNING",
        "LowFloor": "True",
        "Hour": 0,
        "Minute": 2
      },
      {
        "Time": "2016-03-22T00:02:27",
        "Lat": 52.1819,
        "Lon": 20.9888,
        "FirstLine": 17,
        "Lines": "17",
        "Brigade": 4,
        "LineBrigade": "17_4",
        "Status": "RUNNING",
        "LowFloor": "True",
        "Hour": 0,
        "Minute": 2
      },
      {
        "Time": "2016-03-22T00:02:58",
        "Lat": 52.1819,
        "Lon": 20.9888,
        "FirstLine": 17,
        "Lines": "17",
        "Brigade": 4,
        "LineBrigade": "17_4",
        "Status": "RUNNING",
        "LowFloor": "True",
        "Hour": 0,
        "Minute": 2
      },
      {
        "Time": "2016-03-22T00:03:30",
        "Lat": 52.1817,
        "Lon": 20.9879,
        "FirstLine": 17,
        "Lines": "17",
        "Brigade": 4,
        "LineBrigade": "17_4",
        "Status": "RUNNING",
        "LowFloor": "True",
        "Hour": 0,
        "Minute": 3
      },
      {
        "Time": "2016-03-22T00:03:56",
        "Lat": 52.1813,
        "Lon": 20.989,
        "FirstLine": 17,
        "Lines": "17",
        "Brigade": 4,
        "LineBrigade": "17_4",
        "Status": "RUNNING",
        "LowFloor": "True",
        "Hour": 0,
        "Minute": 3
      },
      {
        "Time": "2016-03-22T00:04:27",
        "Lat": 52.1807,
        "Lon": 20.9913,
        "FirstLine": 17,
        "Lines": "17",
        "Brigade": 4,
        "LineBrigade": "17_4",
        "Status": "RUNNING",
        "LowFloor": "True",
        "Hour": 0,
        "Minute": 4
      },
      {
        "Time": "2016-03-22T00:04:59",
        "Lat": 52.1803,
        "Lon": 20.9928,
        "FirstLine": 17,
        "Lines": "17",
        "Brigade": 4,
        "LineBrigade": "17_4",
        "Status": "RUNNING",
        "LowFloor": "True",
        "Hour": 0,
        "Minute": 4
      },
      {
        "Time": "2016-03-22T00:05:30",
        "Lat": 52.18,
        "Lon": 20.9943,
        "FirstLine": 17,
        "Lines": "17",
        "Brigade": 4,
        "LineBrigade": "17_4",
        "Status": "RUNNING",
        "LowFloor": "True",
        "Hour": 0,
        "Minute": 5
      },
      {
        "Time": "2016-03-22T00:05:56",
        "Lat": 52.1799,
        "Lon": 20.9945,
        "FirstLine": 17,
        "Lines": "17",
        "Brigade": 4,
        "LineBrigade": "17_4",
        "Status": "RUNNING",
        "LowFloor": "True",
        "Hour": 0,
        "Minute": 5
      },
      {
        "Time": "2016-03-22T00:06:28",
        "Lat": 52.1794,
        "Lon": 20.9969,
        "FirstLine": 17,
        "Lines": "17",
        "Brigade": 4,
        "LineBrigade": "17_4",
        "Status": "RUNNING",
        "LowFloor": "True",
        "Hour": 0,
        "Minute": 6
      },
      {
        "Time": "2016-03-22T00:06:59",
        "Lat": 52.1789,
        "Lon": 21.0001,
        "FirstLine": 17,
        "Lines": "17",
        "Brigade": 4,
        "LineBrigade": "17_4",
        "Status": "RUNNING",
        "LowFloor": "True",
        "Hour": 0,
        "Minute": 6
      },
      {
        "Time": "2016-03-22T00:07:26",
        "Lat": 52.1786,
        "Lon": 21.0016,
        "FirstLine": 17,
        "Lines": "17",
        "Brigade": 4,
        "LineBrigade": "17_4",
        "Status": "RUNNING",
        "LowFloor": "True",
        "Hour": 0,
        "Minute": 7
      },
      {
        "Time": "2016-03-22T00:07:57",
        "Lat": 52.1797,
        "Lon": 21.0023,
        "FirstLine": 17,
        "Lines": "17",
        "Brigade": 4,
        "LineBrigade": "17_4",
        "Status": "RUNNING",
        "LowFloor": "True",
        "Hour": 0,
        "Minute": 7
      },
      {
        "Time": "2016-03-22T00:08:28",
        "Lat": 52.1824,
        "Lon": 21.0023,
        "FirstLine": 17,
        "Lines": "17",
        "Brigade": 4,
        "LineBrigade": "17_4",
        "Status": "RUNNING",
        "LowFloor": "True",
        "Hour": 0,
        "Minute": 8
      },
      {
        "Time": "2016-03-22T00:08:55",
        "Lat": 52.183,
        "Lon": 21.0023,
        "FirstLine": 17,
        "Lines": "17",
        "Brigade": 4,
        "LineBrigade": "17_4",
        "Status": "RUNNING",
        "LowFloor": "True",
        "Hour": 0,
        "Minute": 8
      },
      {
        "Time": "2016-03-22T00:09:26",
        "Lat": 52.183,
        "Lon": 21.0023,
        "FirstLine": 17,
        "Lines": "17",
        "Brigade": 4,
        "LineBrigade": "17_4",
        "Status": "RUNNING",
        "LowFloor": "True",
        "Hour": 0,
        "Minute": 9
      },
      {
        "Time": "2016-03-22T00:09:58",
        "Lat": 52.183,
        "Lon": 21.0023,
        "FirstLine": 17,
        "Lines": "17",
        "Brigade": 4,
        "LineBrigade": "17_4",
        "Status": "RUNNING",
        "LowFloor": "True",
        "Hour": 0,
        "Minute": 9
      },
      {
        "Time": "2016-03-22T00:10:29",
        "Lat": 52.1841,
        "Lon": 21.0022,
        "FirstLine": 17,
        "Lines": "17",
        "Brigade": 4,
        "LineBrigade": "17_4",
        "Status": "RUNNING",
        "LowFloor": "True",
        "Hour": 0,
        "Minute": 10
      },
      {
        "Time": "2016-03-22T00:10:55",
        "Lat": 52.186,
        "Lon": 21.0022,
        "FirstLine": 17,
        "Lines": "17",
        "Brigade": 4,
        "LineBrigade": "17_4",
        "Status": "RUNNING",
        "LowFloor": "True",
        "Hour": 0,
        "Minute": 10
      },
      {
        "Time": "2016-03-22T00:11:27",
        "Lat": 52.1872,
        "Lon": 21.0022,
        "FirstLine": 17,
        "Lines": "17",
        "Brigade": 4,
        "LineBrigade": "17_4",
        "Status": "RUNNING",
        "LowFloor": "True",
        "Hour": 0,
        "Minute": 11
      },
      {
        "Time": "2016-03-22T00:11:58",
        "Lat": 52.1884,
        "Lon": 21.0021,
        "FirstLine": 17,
        "Lines": "17",
        "Brigade": 4,
        "LineBrigade": "17_4",
        "Status": "RUNNING",
        "LowFloor": "True",
        "Hour": 0,
        "Minute": 11
      },
      {
        "Time": "2016-03-22T00:12:30",
        "Lat": 52.1888,
        "Lon": 21.0012,
        "FirstLine": 17,
        "Lines": "17",
        "Brigade": 4,
        "LineBrigade": "17_4",
        "Status": "RUNNING",
        "LowFloor": "True",
        "Hour": 0,
        "Minute": 12
      }
    ]
  }
]
