[
  {
    "res": [
      {
        "Time": "2016-03-22T15:28:59",
        "Lat": 52.1887,
        "Lon": 21.0016,
        "FirstLine": 18,
        "Lines": "18",
        "Brigade": 15,
        "LineBrigade": "18_015",
        "Status": "RUNNING",
        "LowFloor": "False",
        "Hour": 15,
        "Minute": 28
      },
      {
        "Time": "2016-03-22T15:29:29",
        "Lat": 52.1878,
        "Lon": 21.002,
        "FirstLine": 18,
        "Lines": "18",
        "Brigade": 15,
        "LineBrigade": "18_015",
        "Status": "RUNNING",
        "LowFloor": "False",
        "Hour": 15,
        "Minute": 29
      },
      {
        "Time": "2016-03-22T15:29:56",
        "Lat": 52.1859,
        "Lon": 21.0021,
        "FirstLine": 18,
        "Lines": "18",
        "Brigade": 15,
        "LineBrigade": "18_015",
        "Status": "RUNNING",
        "LowFloor": "False",
        "Hour": 15,
        "Minute": 29
      },
      {
        "Time": "2016-03-22T15:30:27",
        "Lat": 52.1842,
        "Lon": 21.0021,
        "FirstLine": 18,
        "Lines": "18",
        "Brigade": 15,
        "LineBrigade": "18_015",
        "Status": "RUNNING",
        "LowFloor": "False",
        "Hour": 15,
        "Minute": 30
      },
      {
        "Time": "2016-03-22T15:30:58",
        "Lat": 52.1838,
        "Lon": 21.0021,
        "FirstLine": 18,
        "Lines": "18",
        "Brigade": 15,
        "LineBrigade": "18_015",
        "Status": "RUNNING",
        "LowFloor": "False",
        "Hour": 15,
        "Minute": 30
      },
      {
        "Time": "2016-03-22T15:31:30",
        "Lat": 52.1826,
        "Lon": 21.0022,
        "FirstLine": 18,
        "Lines": "18",
        "Brigade": 15,
        "LineBrigade": "18_015",
        "Status": "RUNNING",
        "LowFloor": "False",
        "Hour": 15,
        "Minute": 31
      },
      {
        "Time": "2016-03-22T15:31:56",
        "Lat": 52.1812,
        "Lon": 21.0022,
        "FirstLine": 18,
        "Lines": "18",
        "Brigade": 15,
        "LineBrigade": "18_015",
        "Status": "RUNNING",
        "LowFloor": "False",
        "Hour": 15,
        "Minute": 31
      },
      {
        "Time": "2016-03-22T15:32:27",
        "Lat": 52.1791,
        "Lon": 21.0023,
        "FirstLine": 18,
        "Lines": "18",
        "Brigade": 15,
        "LineBrigade": "18_015",
        "Status": "RUNNING",
        "LowFloor": "False",
        "Hour": 15,
        "Minute": 32
      },
      {
        "Time": "2016-03-22T15:32:59",
        "Lat": 52.1789,
        "Lon": 21.0023,
        "FirstLine": 18,
        "Lines": "18",
        "Brigade": 15,
        "LineBrigade": "18_015",
        "Status": "RUNNING",
        "LowFloor": "False",
        "Hour": 15,
        "Minute": 32
      },
      {
        "Time": "2016-03-22T15:33:25",
        "Lat": 52.1789,
        "Lon": 21.0023,
        "FirstLine": 18,
        "Lines": "18",
        "Brigade": 15,
        "LineBrigade": "18_015",
        "Status": "RUNNING",
        "LowFloor": "False",
        "Hour": 15,
        "Minute": 33
      },
      {
        "Time": "2016-03-22T15:33:57",
        "Lat": 52.1787,
        "Lon": 21.0011,
        "FirstLine": 18,
        "Lines": "18",
        "Brigade": 15,
        "LineBrigade": "18_015",
        "Status": "RUNNING",
        "LowFloor": "False",
        "Hour": 15,
        "Minute": 33
      },
      {
        "Time": "2016-03-22T15:34:28",
        "Lat": 52.1791,
        "Lon": 20.9987,
        "FirstLine": 18,
        "Lines": "18",
        "Brigade": 15,
        "LineBrigade": "18_015",
        "Status": "RUNNING",
        "LowFloor": "False",
        "Hour": 15,
        "Minute": 34
      },
      {
        "Time": "2016-03-22T15:34:59",
        "Lat": 52.1792,
        "Lon": 20.9981,
        "FirstLine": 18,
        "Lines": "18",
        "Brigade": 15,
        "LineBrigade": "18_015",
        "Status": "RUNNING",
        "LowFloor": "False",
        "Hour": 15,
        "Minute": 34
      },
      {
        "Time": "2016-03-22T15:35:26",
        "Lat": 52.1792,
        "Lon": 20.9981,
        "FirstLine": 18,
        "Lines": "18",
        "Brigade": 15,
        "LineBrigade": "18_015",
        "Status": "RUNNING",
        "LowFloor": "False",
        "Hour": 15,
        "Minute": 35
      },
      {
        "Time": "2016-03-22T15:35:57",
        "Lat": 52.1797,
        "Lon": 20.9956,
        "FirstLine": 18,
        "Lines": "18",
        "Brigade": 15,
        "LineBrigade": "18_015",
        "Status": "RUNNING",
        "LowFloor": "False",
        "Hour": 15,
        "Minute": 35
      },
      {
        "Time": "2016-03-22T15:36:23",
        "Lat": 52.18,
        "Lon": 20.9944,
        "FirstLine": 18,
        "Lines": "18",
        "Brigade": 15,
        "LineBrigade": "18_015",
        "Status": "RUNNING",
        "LowFloor": "False",
        "Hour": 15,
        "Minute": 36
      },
      {
        "Time": "2016-03-22T15:37:00",
        "Lat": 52.1806,
        "Lon": 20.992,
        "FirstLine": 18,
        "Lines": "18",
        "Brigade": 15,
        "LineBrigade": "18_015",
        "Status": "RUNNING",
        "LowFloor": "False",
        "Hour": 15,
        "Minute": 37
      },
      {
        "Time": "2016-03-22T15:37:26",
        "Lat": 52.1811,
        "Lon": 20.9899,
        "FirstLine": 18,
        "Lines": "18",
        "Brigade": 15,
        "LineBrigade": "18_015",
        "Status": "RUNNING",
        "LowFloor": "False",
        "Hour": 15,
        "Minute": 37
      },
      {
        "Time": "2016-03-22T15:37:58",
        "Lat": 52.1817,
        "Lon": 20.989,
        "FirstLine": 18,
        "Lines": "18",
        "Brigade": 15,
        "LineBrigade": "18_015",
        "Status": "RUNNING",
        "LowFloor": "False",
        "Hour": 15,
        "Minute": 37
      },
      {
        "Time": "2016-03-22T15:38:29",
        "Lat": 52.1817,
        "Lon": 20.989,
        "FirstLine": 18,
        "Lines": "18",
        "Brigade": 15,
        "LineBrigade": "18_015",
        "Status": "RUNNING",
        "LowFloor": "False",
        "Hour": 15,
        "Minute": 38
      },
      {
        "Time": "2016-03-22T15:38:55",
        "Lat": 52.1817,
        "Lon": 20.989,
        "FirstLine": 18,
        "Lines": "18",
        "Brigade": 15,
        "LineBrigade": "18_015",
        "Status": "RUNNING",
        "LowFloor": "False",
        "Hour": 15,
        "Minute": 38
      },
      {
        "Time": "2016-03-22T15:39:27",
        "Lat": 52.1817,
        "Lon": 20.989,
        "FirstLine": 18,
        "Lines": "18",
        "Brigade": 15,
        "LineBrigade": "18_015",
        "Status": "RUNNING",
        "LowFloor": "False",
        "Hour": 15,
        "Minute": 39
      },
      {
        "Time": "2016-03-22T15:39:58",
        "Lat": 52.1817,
        "Lon": 20.989,
        "FirstLine": 18,
        "Lines": "18",
        "Brigade": 15,
        "LineBrigade": "18_015",
        "Status": "RUNNING",
        "LowFloor": "False",
        "Hour": 15,
        "Minute": 39
      },
      {
        "Time": "2016-03-22T15:40:30",
        "Lat": 52.1819,
        "Lon": 20.9888,
        "FirstLine": 18,
        "Lines": "18",
        "Brigade": 15,
        "LineBrigade": "18_015",
        "Status": "RUNNING",
        "LowFloor": "False",
        "Hour": 15,
        "Minute": 40
      },
      {
        "Time": "2016-03-22T15:40:56",
        "Lat": 52.1819,
        "Lon": 20.9888,
        "FirstLine": 18,
        "Lines": "18",
        "Brigade": 15,
        "LineBrigade": "18_015",
        "Status": "RUNNING",
        "LowFloor": "False",
        "Hour": 15,
        "Minute": 40
      },
      {
        "Time": "2016-03-22T15:41:27",
        "Lat": 52.1819,
        "Lon": 20.9888,
        "FirstLine": 18,
        "Lines": "18",
        "Brigade": 15,
        "LineBrigade": "18_015",
        "Status": "RUNNING",
        "LowFloor": "False",
        "Hour": 15,
        "Minute": 41
      },
      {
        "Time": "2016-03-22T15:41:59",
        "Lat": 52.1819,
        "Lon": 20.9888,
        "FirstLine": 18,
        "Lines": "18",
        "Brigade": 15,
        "LineBrigade": "18_015",
        "Status": "RUNNING",
        "LowFloor": "False",
        "Hour": 15,
        "Minute": 41
      },
      {
        "Time": "2016-03-22T15:42:30",
        "Lat": 52.1819,
        "Lon": 20.9888,
        "FirstLine": 18,
        "Lines": "18",
        "Brigade": 15,
        "LineBrigade": "18_015",
        "Status": "RUNNING",
        "LowFloor": "False",
        "Hour": 15,
        "Minute": 42
      },
      {
        "Time": "2016-03-22T15:42:56",
        "Lat": 52.1819,
        "Lon": 20.9888,
        "FirstLine": 18,
        "Lines": "18",
        "Brigade": 15,
        "LineBrigade": "18_015",
        "Status": "RUNNING",
        "LowFloor": "False",
        "Hour": 15,
        "Minute": 42
      },
      {
        "Time": "2016-03-22T15:43:28",
        "Lat": 52.1819,
        "Lon": 20.9888,
        "FirstLine": 18,
        "Lines": "18",
        "Brigade": 15,
        "LineBrigade": "18_015",
        "Status": "RUNNING",
        "LowFloor": "False",
        "Hour": 15,
        "Minute": 43
      },
      {
        "Time": "2016-03-22T15:43:59",
        "Lat": 52.1819,
        "Lon": 20.9888,
        "FirstLine": 18,
        "Lines": "18",
        "Brigade": 15,
        "LineBrigade": "18_015",
        "Status": "RUNNING",
        "LowFloor": "False",
        "Hour": 15,
        "Minute": 43
      },
      {
        "Time": "2016-03-22T15:44:26",
        "Lat": 52.1819,
        "Lon": 20.9888,
        "FirstLine": 18,
        "Lines": "18",
        "Brigade": 15,
        "LineBrigade": "18_015",
        "Status": "RUNNING",
        "LowFloor": "False",
        "Hour": 15,
        "Minute": 44
      },
      {
        "Time": "2016-03-22T15:44:57",
        "Lat": 52.1819,
        "Lon": 20.9888,
        "FirstLine": 18,
        "Lines": "18",
        "Brigade": 15,
        "LineBrigade": "18_015",
        "Status": "RUNNING",
        "LowFloor": "False",
        "Hour": 15,
        "Minute": 44
      },
      {
        "Time": "2016-03-22T15:45:28",
        "Lat": 52.1819,
        "Lon": 20.9888,
        "FirstLine": 18,
        "Lines": "18",
        "Brigade": 15,
        "LineBrigade": "18_015",
        "Status": "RUNNING",
        "LowFloor": "False",
        "Hour": 15,
        "Minute": 45
      },
      {
        "Time": "2016-03-22T15:46:00",
        "Lat": 52.1819,
        "Lon": 20.9888,
        "FirstLine": 18,
        "Lines": "18",
        "Brigade": 15,
        "LineBrigade": "18_015",
        "Status": "RUNNING",
        "LowFloor": "False",
        "Hour": 15,
        "Minute": 46
      },
      {
        "Time": "2016-03-22T15:46:26",
        "Lat": 52.1819,
        "Lon": 20.9888,
        "FirstLine": 18,
        "Lines": "18",
        "Brigade": 15,
        "LineBrigade": "18_015",
        "Status": "RUNNING",
        "LowFloor": "False",
        "Hour": 15,
        "Minute": 46
      },
      {
        "Time": "2016-03-22T15:46:58",
        "Lat": 52.1819,
        "Lon": 20.9888,
        "FirstLine": 18,
        "Lines": "18",
        "Brigade": 15,
        "LineBrigade": "18_015",
        "Status": "RUNNING",
        "LowFloor": "False",
        "Hour": 15,
        "Minute": 46
      },
      {
        "Time": "2016-03-22T15:47:29",
        "Lat": 52.1819,
        "Lon": 20.9888,
        "FirstLine": 18,
        "Lines": "18",
        "Brigade": 15,
        "LineBrigade": "18_015",
        "Status": "RUNNING",
        "LowFloor": "False",
        "Hour": 15,
        "Minute": 47
      },
      {
        "Time": "2016-03-22T15:48:01",
        "Lat": 52.1819,
        "Lon": 20.9888,
        "FirstLine": 18,
        "Lines": "18",
        "Brigade": 15,
        "LineBrigade": "18_015",
        "Status": "RUNNING",
        "LowFloor": "False",
        "Hour": 15,
        "Minute": 48
      },
      {
        "Time": "2016-03-22T15:48:27",
        "Lat": 52.1817,
        "Lon": 20.988,
        "FirstLine": 18,
        "Lines": "18",
        "Brigade": 15,
        "LineBrigade": "18_015",
        "Status": "RUNNING",
        "LowFloor": "False",
        "Hour": 15,
        "Minute": 48
      },
      {
        "Time": "2016-03-22T15:48:58",
        "Lat": 52.1813,
        "Lon": 20.989,
        "FirstLine": 18,
        "Lines": "18",
        "Brigade": 15,
        "LineBrigade": "18_015",
        "Status": "RUNNING",
        "LowFloor": "False",
        "Hour": 15,
        "Minute": 48
      },
      {
        "Time": "2016-03-22T15:49:30",
        "Lat": 52.1807,
        "Lon": 20.9914,
        "FirstLine": 18,
        "Lines": "18",
        "Brigade": 15,
        "LineBrigade": "18_015",
        "Status": "RUNNING",
        "LowFloor": "False",
        "Hour": 15,
        "Minute": 49
      },
      {
        "Time": "2016-03-22T15:49:56",
        "Lat": 52.1804,
        "Lon": 20.9925,
        "FirstLine": 18,
        "Lines": "18",
        "Brigade": 15,
        "LineBrigade": "18_015",
        "Status": "RUNNING",
        "LowFloor": "False",
        "Hour": 15,
        "Minute": 49
      },
      {
        "Time": "2016-03-22T15:50:27",
        "Lat": 52.18,
        "Lon": 20.9943,
        "FirstLine": 18,
        "Lines": "18",
        "Brigade": 15,
        "LineBrigade": "18_015",
        "Status": "RUNNING",
        "LowFloor": "False",
        "Hour": 15,
        "Minute": 50
      },
      {
        "Time": "2016-03-22T15:50:59",
        "Lat": 52.18,
        "Lon": 20.9943,
        "FirstLine": 18,
        "Lines": "18",
        "Brigade": 15,
        "LineBrigade": "18_015",
        "Status": "RUNNING",
        "LowFloor": "False",
        "Hour": 15,
        "Minute": 50
      },
      {
        "Time": "2016-03-22T15:51:30",
        "Lat": 52.1794,
        "Lon": 20.9969,
        "FirstLine": 18,
        "Lines": "18",
        "Brigade": 15,
        "LineBrigade": "18_015",
        "Status": "RUNNING",
        "LowFloor": "False",
        "Hour": 15,
        "Minute": 51
      },
      {
        "Time": "2016-03-22T15:51:57",
        "Lat": 52.179,
        "Lon": 20.9988,
        "FirstLine": 18,
        "Lines": "18",
        "Brigade": 15,
        "LineBrigade": "18_015",
        "Status": "RUNNING",
        "LowFloor": "False",
        "Hour": 15,
        "Minute": 51
      },
      {
        "Time": "2016-03-22T15:52:30",
        "Lat": 52.1786,
        "Lon": 21.0015,
        "FirstLine": 18,
        "Lines": "18",
        "Brigade": 15,
        "LineBrigade": "18_015",
        "Status": "RUNNING",
        "LowFloor": "False",
        "Hour": 15,
        "Minute": 52
      },
      {
        "Time": "2016-03-22T15:52:59",
        "Lat": 52.1786,
        "Lon": 21.0015,
        "FirstLine": 18,
        "Lines": "18",
        "Brigade": 15,
        "LineBrigade": "18_015",
        "Status": "RUNNING",
        "LowFloor": "False",
        "Hour": 15,
        "Minute": 52
      },
      {
        "Time": "2016-03-22T15:53:26",
        "Lat": 52.1786,
        "Lon": 21.002,
        "FirstLine": 18,
        "Lines": "18",
        "Brigade": 15,
        "LineBrigade": "18_015",
        "Status": "RUNNING",
        "LowFloor": "False",
        "Hour": 15,
        "Minute": 53
      },
      {
        "Time": "2016-03-22T15:53:57",
        "Lat": 52.1809,
        "Lon": 21.0022,
        "FirstLine": 18,
        "Lines": "18",
        "Brigade": 15,
        "LineBrigade": "18_015",
        "Status": "RUNNING",
        "LowFloor": "False",
        "Hour": 15,
        "Minute": 53
      },
      {
        "Time": "2016-03-22T15:54:29",
        "Lat": 52.1815,
        "Lon": 21.0022,
        "FirstLine": 18,
        "Lines": "18",
        "Brigade": 15,
        "LineBrigade": "18_015",
        "Status": "RUNNING",
        "LowFloor": "False",
        "Hour": 15,
        "Minute": 54
      },
      {
        "Time": "2016-03-22T15:55:00",
        "Lat": 52.183,
        "Lon": 21.0022,
        "FirstLine": 18,
        "Lines": "18",
        "Brigade": 15,
        "LineBrigade": "18_015",
        "Status": "RUNNING",
        "LowFloor": "False",
        "Hour": 15,
        "Minute": 55
      },
      {
        "Time": "2016-03-22T15:55:26",
        "Lat": 52.1845,
        "Lon": 21.0022,
        "FirstLine": 18,
        "Lines": "18",
        "Brigade": 15,
        "LineBrigade": "18_015",
        "Status": "RUNNING",
        "LowFloor": "False",
        "Hour": 15,
        "Minute": 55
      },
      {
        "Time": "2016-03-22T15:55:58",
        "Lat": 52.1863,
        "Lon": 21.0021,
        "FirstLine": 18,
        "Lines": "18",
        "Brigade": 15,
        "LineBrigade": "18_015",
        "Status": "RUNNING",
        "LowFloor": "False",
        "Hour": 15,
        "Minute": 55
      },
      {
        "Time": "2016-03-22T15:56:30",
        "Lat": 52.1874,
        "Lon": 21.0021,
        "FirstLine": 18,
        "Lines": "18",
        "Brigade": 15,
        "LineBrigade": "18_015",
        "Status": "RUNNING",
        "LowFloor": "False",
        "Hour": 15,
        "Minute": 56
      },
      {
        "Time": "2016-03-22T15:56:36",
        "Lat": 52.1877,
        "Lon": 21.0021,
        "FirstLine": 18,
        "Lines": "18",
        "Brigade": 15,
        "LineBrigade": "18_015",
        "Status": "RUNNING",
        "LowFloor": "False",
        "Hour": 15,
        "Minute": 56
      }
    ]
  }
]
