[
  {
    "res": [
      {
        "Time": "2016-03-21T12:57:54",
        "Lat": 52.2472,
        "Lon": 20.9522,
        "FirstLine": 24,
        "Lines": "24,35",
        "Brigade": 22,
        "LineBrigade": "24_22",
        "Status": "RUNNING",
        "LowFloor": "True",
        "Hour": 12,
        "Minute": 57
      },
      {
        "Time": "2016-03-21T12:58:54",
        "Lat": 52.2473,
        "Lon": 20.9568,
        "FirstLine": 24,
        "Lines": "24,35",
        "Brigade": 22,
        "LineBrigade": "24_22",
        "Status": "RUNNING",
        "LowFloor": "True",
        "Hour": 12,
        "Minute": 58
      },
      {
        "Time": "2016-03-21T12:59:55",
        "Lat": 52.2474,
        "Lon": 20.9589,
        "FirstLine": 24,
        "Lines": "24,35",
        "Brigade": 22,
        "LineBrigade": "24_22",
        "Status": "RUNNING",
        "LowFloor": "True",
        "Hour": 12,
        "Minute": 59
      },
      {
        "Time": "2016-03-21T13:00:56",
        "Lat": 52.2462,
        "Lon": 20.9625,
        "FirstLine": 24,
        "Lines": "24,35",
        "Brigade": 22,
        "LineBrigade": "24_22",
        "Status": "RUNNING",
        "LowFloor": "True",
        "Hour": 13,
        "Minute": 0
      },
      {
        "Time": "2016-03-21T13:01:56",
        "Lat": 52.2444,
        "Lon": 20.966,
        "FirstLine": 24,
        "Lines": "24,35",
        "Brigade": 22,
        "LineBrigade": "24_22",
        "Status": "RUNNING",
        "LowFloor": "True",
        "Hour": 13,
        "Minute": 1
      },
      {
        "Time": "2016-03-21T13:02:57",
        "Lat": 52.2427,
        "Lon": 20.9693,
        "FirstLine": 24,
        "Lines": "24,35",
        "Brigade": 22,
        "LineBrigade": "24_22",
        "Status": "RUNNING",
        "LowFloor": "True",
        "Hour": 13,
        "Minute": 2
      },
      {
        "Time": "2016-03-21T13:03:58",
        "Lat": 52.2402,
        "Lon": 20.9708,
        "FirstLine": 24,
        "Lines": "24,35",
        "Brigade": 22,
        "LineBrigade": "24_22",
        "Status": "RUNNING",
        "LowFloor": "True",
        "Hour": 13,
        "Minute": 3
      },
      {
        "Time": "2016-03-21T13:04:58",
        "Lat": 52.2378,
        "Lon": 20.9717,
        "FirstLine": 24,
        "Lines": "24,35",
        "Brigade": 22,
        "LineBrigade": "24_22",
        "Status": "RUNNING",
        "LowFloor": "True",
        "Hour": 13,
        "Minute": 4
      },
      {
        "Time": "2016-03-21T13:05:59",
        "Lat": 52.2356,
        "Lon": 20.9726,
        "FirstLine": 24,
        "Lines": "24,35",
        "Brigade": 22,
        "LineBrigade": "24_22",
        "Status": "RUNNING",
        "LowFloor": "True",
        "Hour": 13,
        "Minute": 5
      },
      {
        "Time": "2016-03-21T13:06:59",
        "Lat": 52.2353,
        "Lon": 20.9744,
        "FirstLine": 24,
        "Lines": "24,35",
        "Brigade": 22,
        "LineBrigade": "24_22",
        "Status": "RUNNING",
        "LowFloor": "True",
        "Hour": 13,
        "Minute": 6
      },
      {
        "Time": "2016-03-21T13:08:00",
        "Lat": 52.2365,
        "Lon": 20.9792,
        "FirstLine": 24,
        "Lines": "24,35",
        "Brigade": 22,
        "LineBrigade": "24_22",
        "Status": "RUNNING",
        "LowFloor": "True",
        "Hour": 13,
        "Minute": 8
      },
      {
        "Time": "2016-03-21T13:09:01",
        "Lat": 52.2368,
        "Lon": 20.9802,
        "FirstLine": 24,
        "Lines": "24,35",
        "Brigade": 22,
        "LineBrigade": "24_22",
        "Status": "RUNNING",
        "LowFloor": "True",
        "Hour": 13,
        "Minute": 9
      },
      {
        "Time": "2016-03-21T13:10:01",
        "Lat": 52.2358,
        "Lon": 20.9806,
        "FirstLine": 24,
        "Lines": "24,35",
        "Brigade": 22,
        "LineBrigade": "24_22",
        "Status": "RUNNING",
        "LowFloor": "True",
        "Hour": 13,
        "Minute": 10
      },
      {
        "Time": "2016-03-21T13:11:03",
        "Lat": 52.2316,
        "Lon": 20.9832,
        "FirstLine": 24,
        "Lines": "24,35",
        "Brigade": 22,
        "LineBrigade": "24_22",
        "Status": "RUNNING",
        "LowFloor": "True",
        "Hour": 13,
        "Minute": 11
      },
      {
        "Time": "2016-03-21T13:12:03",
        "Lat": 52.2307,
        "Lon": 20.984,
        "FirstLine": 24,
        "Lines": "24,35",
        "Brigade": 22,
        "LineBrigade": "24_22",
        "Status": "RUNNING",
        "LowFloor": "True",
        "Hour": 13,
        "Minute": 12
      },
      {
        "Time": "2016-03-21T13:13:03",
        "Lat": 52.2278,
        "Lon": 20.9866,
        "FirstLine": 24,
        "Lines": "24,35",
        "Brigade": 22,
        "LineBrigade": "24_22",
        "Status": "RUNNING",
        "LowFloor": "True",
        "Hour": 13,
        "Minute": 13
      },
      {
        "Time": "2016-03-21T13:14:04",
        "Lat": 52.2252,
        "Lon": 20.9887,
        "FirstLine": 24,
        "Lines": "24,35",
        "Brigade": 22,
        "LineBrigade": "24_22",
        "Status": "RUNNING",
        "LowFloor": "True",
        "Hour": 13,
        "Minute": 14
      },
      {
        "Time": "2016-03-21T13:15:04",
        "Lat": 52.2249,
        "Lon": 20.9894,
        "FirstLine": 24,
        "Lines": "24,35",
        "Brigade": 22,
        "LineBrigade": "24_22",
        "Status": "RUNNING",
        "LowFloor": "True",
        "Hour": 13,
        "Minute": 15
      },
      {
        "Time": "2016-03-21T13:16:05",
        "Lat": 52.2255,
        "Lon": 20.9916,
        "FirstLine": 24,
        "Lines": "24,35",
        "Brigade": 22,
        "LineBrigade": "24_22",
        "Status": "RUNNING",
        "LowFloor": "True",
        "Hour": 13,
        "Minute": 16
      },
      {
        "Time": "2016-03-21T13:17:06",
        "Lat": 52.2265,
        "Lon": 20.9961,
        "FirstLine": 24,
        "Lines": "24,35",
        "Brigade": 22,
        "LineBrigade": "24_22",
        "Status": "RUNNING",
        "LowFloor": "True",
        "Hour": 13,
        "Minute": 17
      },
      {
        "Time": "2016-03-21T13:18:06",
        "Lat": 52.2276,
        "Lon": 21.0014,
        "FirstLine": 24,
        "Lines": "24,35",
        "Brigade": 22,
        "LineBrigade": "24_22",
        "Status": "RUNNING",
        "LowFloor": "True",
        "Hour": 13,
        "Minute": 18
      },
      {
        "Time": "2016-03-21T13:19:07",
        "Lat": 52.2278,
        "Lon": 21.0022,
        "FirstLine": 24,
        "Lines": "24,35",
        "Brigade": 22,
        "LineBrigade": "24_22",
        "Status": "RUNNING",
        "LowFloor": "True",
        "Hour": 13,
        "Minute": 19
      },
      {
        "Time": "2016-03-21T13:20:08",
        "Lat": 52.2284,
        "Lon": 21.0051,
        "FirstLine": 24,
        "Lines": "24,35",
        "Brigade": 22,
        "LineBrigade": "24_22",
        "Status": "RUNNING",
        "LowFloor": "True",
        "Hour": 13,
        "Minute": 20
      },
      {
        "Time": "2016-03-21T13:21:08",
        "Lat": 52.2297,
        "Lon": 21.0112,
        "FirstLine": 24,
        "Lines": "24,35",
        "Brigade": 22,
        "LineBrigade": "24_22",
        "Status": "RUNNING",
        "LowFloor": "True",
        "Hour": 13,
        "Minute": 21
      },
      {
        "Time": "2016-03-21T13:22:09",
        "Lat": 52.2299,
        "Lon": 21.0119,
        "FirstLine": 24,
        "Lines": "24,35",
        "Brigade": 22,
        "LineBrigade": "24_22",
        "Status": "RUNNING",
        "LowFloor": "True",
        "Hour": 13,
        "Minute": 22
      },
      {
        "Time": "2016-03-21T13:23:10",
        "Lat": 52.2313,
        "Lon": 21.0187,
        "FirstLine": 24,
        "Lines": "24,35",
        "Brigade": 22,
        "LineBrigade": "24_22",
        "Status": "RUNNING",
        "LowFloor": "True",
        "Hour": 13,
        "Minute": 23
      },
      {
        "Time": "2016-03-21T13:24:10",
        "Lat": 52.2316,
        "Lon": 21.0202,
        "FirstLine": 24,
        "Lines": "24,35",
        "Brigade": 22,
        "LineBrigade": "24_22",
        "Status": "RUNNING",
        "LowFloor": "True",
        "Hour": 13,
        "Minute": 24
      },
      {
        "Time": "2016-03-21T13:25:11",
        "Lat": 52.2331,
        "Lon": 21.0274,
        "FirstLine": 24,
        "Lines": "24,35",
        "Brigade": 22,
        "LineBrigade": "24_22",
        "Status": "RUNNING",
        "LowFloor": "True",
        "Hour": 13,
        "Minute": 25
      },
      {
        "Time": "2016-03-21T13:26:12",
        "Lat": 52.2352,
        "Lon": 21.0373,
        "FirstLine": 24,
        "Lines": "24,35",
        "Brigade": 22,
        "LineBrigade": "24_22",
        "Status": "RUNNING",
        "LowFloor": "True",
        "Hour": 13,
        "Minute": 26
      },
      {
        "Time": "2016-03-21T13:27:12",
        "Lat": 52.2374,
        "Lon": 21.0481,
        "FirstLine": 24,
        "Lines": "24,35",
        "Brigade": 22,
        "LineBrigade": "24_22",
        "Status": "RUNNING",
        "LowFloor": "True",
        "Hour": 13,
        "Minute": 27
      },
      {
        "Time": "2016-03-21T13:28:13",
        "Lat": 52.2383,
        "Lon": 21.0525,
        "FirstLine": 24,
        "Lines": "24,35",
        "Brigade": 22,
        "LineBrigade": "24_22",
        "Status": "RUNNING",
        "LowFloor": "True",
        "Hour": 13,
        "Minute": 28
      },
      {
        "Time": "2016-03-21T13:29:13",
        "Lat": 52.2397,
        "Lon": 21.0596,
        "FirstLine": 24,
        "Lines": "24,35",
        "Brigade": 22,
        "LineBrigade": "24_22",
        "Status": "RUNNING",
        "LowFloor": "True",
        "Hour": 13,
        "Minute": 29
      },
      {
        "Time": "2016-03-21T13:30:14",
        "Lat": 52.2411,
        "Lon": 21.0668,
        "FirstLine": 24,
        "Lines": "24,35",
        "Brigade": 22,
        "LineBrigade": "24_22",
        "Status": "RUNNING",
        "LowFloor": "True",
        "Hour": 13,
        "Minute": 30
      },
      {
        "Time": "2016-03-21T14:10:39",
        "Lat": 52.2404,
        "Lon": 21.0626,
        "FirstLine": 24,
        "Lines": "24,35",
        "Brigade": 22,
        "LineBrigade": "24_22",
        "Status": "RUNNING",
        "LowFloor": "True",
        "Hour": 14,
        "Minute": 10
      },
      {
        "Time": "2016-03-21T14:11:40",
        "Lat": 52.2389,
        "Lon": 21.0554,
        "FirstLine": 24,
        "Lines": "24,35",
        "Brigade": 22,
        "LineBrigade": "24_22",
        "Status": "RUNNING",
        "LowFloor": "True",
        "Hour": 14,
        "Minute": 11
      },
      {
        "Time": "2016-03-21T14:12:41",
        "Lat": 52.2383,
        "Lon": 21.0524,
        "FirstLine": 24,
        "Lines": "24,35",
        "Brigade": 22,
        "LineBrigade": "24_22",
        "Status": "RUNNING",
        "LowFloor": "True",
        "Hour": 14,
        "Minute": 12
      },
      {
        "Time": "2016-03-21T14:13:41",
        "Lat": 52.2379,
        "Lon": 21.0505,
        "FirstLine": 24,
        "Lines": "24,35",
        "Brigade": 22,
        "LineBrigade": "24_22",
        "Status": "RUNNING",
        "LowFloor": "True",
        "Hour": 14,
        "Minute": 13
      },
      {
        "Time": "2016-03-21T14:14:42",
        "Lat": 52.2365,
        "Lon": 21.0435,
        "FirstLine": 24,
        "Lines": "24,35",
        "Brigade": 22,
        "LineBrigade": "24_22",
        "Status": "RUNNING",
        "LowFloor": "True",
        "Hour": 14,
        "Minute": 14
      },
      {
        "Time": "2016-03-21T14:15:43",
        "Lat": 52.2351,
        "Lon": 21.0368,
        "FirstLine": 24,
        "Lines": "24,35",
        "Brigade": 22,
        "LineBrigade": "24_22",
        "Status": "RUNNING",
        "LowFloor": "True",
        "Hour": 14,
        "Minute": 15
      },
      {
        "Time": "2016-03-21T14:16:43",
        "Lat": 52.2341,
        "Lon": 21.032,
        "FirstLine": 24,
        "Lines": "24,35",
        "Brigade": 22,
        "LineBrigade": "24_22",
        "Status": "RUNNING",
        "LowFloor": "True",
        "Hour": 14,
        "Minute": 16
      },
      {
        "Time": "2016-03-21T14:17:44",
        "Lat": 52.2328,
        "Lon": 21.0258,
        "FirstLine": 24,
        "Lines": "24,35",
        "Brigade": 22,
        "LineBrigade": "24_22",
        "Status": "RUNNING",
        "LowFloor": "True",
        "Hour": 14,
        "Minute": 17
      },
      {
        "Time": "2016-03-21T14:18:44",
        "Lat": 52.2323,
        "Lon": 21.0233,
        "FirstLine": 24,
        "Lines": "24,35",
        "Brigade": 22,
        "LineBrigade": "24_22",
        "Status": "RUNNING",
        "LowFloor": "True",
        "Hour": 14,
        "Minute": 18
      },
      {
        "Time": "2016-03-21T14:19:45",
        "Lat": 52.232,
        "Lon": 21.0219,
        "FirstLine": 24,
        "Lines": "24,35",
        "Brigade": 22,
        "LineBrigade": "24_22",
        "Status": "RUNNING",
        "LowFloor": "True",
        "Hour": 14,
        "Minute": 19
      },
      {
        "Time": "2016-03-21T14:20:46",
        "Lat": 52.2319,
        "Lon": 21.0215,
        "FirstLine": 24,
        "Lines": "24,35",
        "Brigade": 22,
        "LineBrigade": "24_22",
        "Status": "RUNNING",
        "LowFloor": "True",
        "Hour": 14,
        "Minute": 20
      },
      {
        "Time": "2016-03-21T14:21:46",
        "Lat": 52.2309,
        "Lon": 21.0168,
        "FirstLine": 24,
        "Lines": "24,35",
        "Brigade": 22,
        "LineBrigade": "24_22",
        "Status": "RUNNING",
        "LowFloor": "True",
        "Hour": 14,
        "Minute": 21
      },
      {
        "Time": "2016-03-21T14:22:47",
        "Lat": 52.23,
        "Lon": 21.0124,
        "FirstLine": 24,
        "Lines": "24,35",
        "Brigade": 22,
        "LineBrigade": "24_22",
        "Status": "RUNNING",
        "LowFloor": "True",
        "Hour": 14,
        "Minute": 22
      },
      {
        "Time": "2016-03-21T14:23:48",
        "Lat": 52.23,
        "Lon": 21.0123,
        "FirstLine": 24,
        "Lines": "24,35",
        "Brigade": 22,
        "LineBrigade": "24_22",
        "Status": "RUNNING",
        "LowFloor": "True",
        "Hour": 14,
        "Minute": 23
      },
      {
        "Time": "2016-03-21T14:24:48",
        "Lat": 52.229,
        "Lon": 21.008,
        "FirstLine": 24,
        "Lines": "24,35",
        "Brigade": 22,
        "LineBrigade": "24_22",
        "Status": "RUNNING",
        "LowFloor": "True",
        "Hour": 14,
        "Minute": 24
      },
      {
        "Time": "2016-03-21T14:25:49",
        "Lat": 52.2279,
        "Lon": 21.0026,
        "FirstLine": 24,
        "Lines": "24,35",
        "Brigade": 22,
        "LineBrigade": "24_22",
        "Status": "RUNNING",
        "LowFloor": "True",
        "Hour": 14,
        "Minute": 25
      },
      {
        "Time": "2016-03-21T14:26:49",
        "Lat": 52.2279,
        "Lon": 21.0026,
        "FirstLine": 24,
        "Lines": "24,35",
        "Brigade": 22,
        "LineBrigade": "24_22",
        "Status": "RUNNING",
        "LowFloor": "True",
        "Hour": 14,
        "Minute": 26
      },
      {
        "Time": "2016-03-21T14:27:50",
        "Lat": 52.2265,
        "Lon": 20.9963,
        "FirstLine": 24,
        "Lines": "24,35",
        "Brigade": 22,
        "LineBrigade": "24_22",
        "Status": "RUNNING",
        "LowFloor": "True",
        "Hour": 14,
        "Minute": 27
      },
      {
        "Time": "2016-03-21T14:28:51",
        "Lat": 52.2252,
        "Lon": 20.9901,
        "FirstLine": 24,
        "Lines": "24,35",
        "Brigade": 22,
        "LineBrigade": "24_22",
        "Status": "RUNNING",
        "LowFloor": "True",
        "Hour": 14,
        "Minute": 28
      },
      {
        "Time": "2016-03-21T14:29:51",
        "Lat": 52.225,
        "Lon": 20.9897,
        "FirstLine": 24,
        "Lines": "24,35",
        "Brigade": 22,
        "LineBrigade": "24_22",
        "Status": "RUNNING",
        "LowFloor": "True",
        "Hour": 14,
        "Minute": 29
      },
      {
        "Time": "2016-03-21T14:30:52",
        "Lat": 52.225,
        "Lon": 20.9893,
        "FirstLine": 24,
        "Lines": "24,35",
        "Brigade": 22,
        "LineBrigade": "24_22",
        "Status": "RUNNING",
        "LowFloor": "True",
        "Hour": 14,
        "Minute": 30
      },
      {
        "Time": "2016-03-21T14:31:53",
        "Lat": 52.2273,
        "Lon": 20.9871,
        "FirstLine": 24,
        "Lines": "24,35",
        "Brigade": 22,
        "LineBrigade": "24_22",
        "Status": "RUNNING",
        "LowFloor": "True",
        "Hour": 14,
        "Minute": 31
      },
      {
        "Time": "2016-03-21T14:32:53",
        "Lat": 52.2309,
        "Lon": 20.9839,
        "FirstLine": 24,
        "Lines": "24,35",
        "Brigade": 22,
        "LineBrigade": "24_22",
        "Status": "RUNNING",
        "LowFloor": "True",
        "Hour": 14,
        "Minute": 32
      },
      {
        "Time": "2016-03-21T14:33:54",
        "Lat": 52.2331,
        "Lon": 20.9823,
        "FirstLine": 24,
        "Lines": "24,35",
        "Brigade": 22,
        "LineBrigade": "24_22",
        "Status": "RUNNING",
        "LowFloor": "True",
        "Hour": 14,
        "Minute": 33
      },
      {
        "Time": "2016-03-21T14:34:55",
        "Lat": 52.2365,
        "Lon": 20.9804,
        "FirstLine": 24,
        "Lines": "24,35",
        "Brigade": 22,
        "LineBrigade": "24_22",
        "Status": "RUNNING",
        "LowFloor": "True",
        "Hour": 14,
        "Minute": 34
      },
      {
        "Time": "2016-03-21T14:35:55",
        "Lat": 52.2368,
        "Lon": 20.9801,
        "FirstLine": 24,
        "Lines": "24,35",
        "Brigade": 22,
        "LineBrigade": "24_22",
        "Status": "RUNNING",
        "LowFloor": "True",
        "Hour": 14,
        "Minute": 35
      },
      {
        "Time": "2016-03-21T14:36:56",
        "Lat": 52.2357,
        "Lon": 20.976,
        "FirstLine": 24,
        "Lines": "24,35",
        "Brigade": 22,
        "LineBrigade": "24_22",
        "Status": "RUNNING",
        "LowFloor": "True",
        "Hour": 14,
        "Minute": 36
      },
      {
        "Time": "2016-03-21T14:37:56",
        "Lat": 52.2351,
        "Lon": 20.9734,
        "FirstLine": 24,
        "Lines": "24,35",
        "Brigade": 22,
        "LineBrigade": "24_22",
        "Status": "RUNNING",
        "LowFloor": "True",
        "Hour": 14,
        "Minute": 37
      },
      {
        "Time": "2016-03-21T14:38:57",
        "Lat": 52.2367,
        "Lon": 20.9722,
        "FirstLine": 24,
        "Lines": "24,35",
        "Brigade": 22,
        "LineBrigade": "24_22",
        "Status": "RUNNING",
        "LowFloor": "True",
        "Hour": 14,
        "Minute": 38
      },
      {
        "Time": "2016-03-21T14:39:57",
        "Lat": 52.2368,
        "Lon": 20.9721,
        "FirstLine": 24,
        "Lines": "24,35",
        "Brigade": 22,
        "LineBrigade": "24_22",
        "Status": "RUNNING",
        "LowFloor": "True",
        "Hour": 14,
        "Minute": 39
      },
      {
        "Time": "2016-03-21T14:40:58",
        "Lat": 52.2406,
        "Lon": 20.9707,
        "FirstLine": 24,
        "Lines": "24,35",
        "Brigade": 22,
        "LineBrigade": "24_22",
        "Status": "RUNNING",
        "LowFloor": "True",
        "Hour": 14,
        "Minute": 40
      },
      {
        "Time": "2016-03-21T14:41:59",
        "Lat": 52.2446,
        "Lon": 20.9656,
        "FirstLine": 24,
        "Lines": "24,35",
        "Brigade": 22,
        "LineBrigade": "24_22",
        "Status": "RUNNING",
        "LowFloor": "True",
        "Hour": 14,
        "Minute": 41
      },
      {
        "Time": "2016-03-21T14:42:59",
        "Lat": 52.2465,
        "Lon": 20.9621,
        "FirstLine": 24,
        "Lines": "24,35",
        "Brigade": 22,
        "LineBrigade": "24_22",
        "Status": "RUNNING",
        "LowFloor": "True",
        "Hour": 14,
        "Minute": 42
      },
      {
        "Time": "2016-03-21T14:44:00",
        "Lat": 52.2474,
        "Lon": 20.9581,
        "FirstLine": 24,
        "Lines": "24,35",
        "Brigade": 22,
        "LineBrigade": "24_22",
        "Status": "RUNNING",
        "LowFloor": "True",
        "Hour": 14,
        "Minute": 44
      },
      {
        "Time": "2016-03-21T14:45:01",
        "Lat": 52.2474,
        "Lon": 20.956,
        "FirstLine": 24,
        "Lines": "24,35",
        "Brigade": 22,
        "LineBrigade": "24_22",
        "Status": "RUNNING",
        "LowFloor": "True",
        "Hour": 14,
        "Minute": 45
      },
      {
        "Time": "2016-03-21T14:46:01",
        "Lat": 52.2473,
        "Lon": 20.9526,
        "FirstLine": 24,
        "Lines": "24,35",
        "Brigade": 22,
        "LineBrigade": "24_22",
        "Status": "RUNNING",
        "LowFloor": "True",
        "Hour": 14,
        "Minute": 46
      },
      {
        "Time": "2016-03-21T14:47:02",
        "Lat": 52.2471,
        "Lon": 20.9484,
        "FirstLine": 24,
        "Lines": "24,35",
        "Brigade": 22,
        "LineBrigade": "24_22",
        "Status": "RUNNING",
        "LowFloor": "True",
        "Hour": 14,
        "Minute": 47
      },
      {
        "Time": "2016-03-21T14:48:03",
        "Lat": 52.247,
        "Lon": 20.9472,
        "FirstLine": 24,
        "Lines": "24,35",
        "Brigade": 22,
        "LineBrigade": "24_22",
        "Status": "RUNNING",
        "LowFloor": "True",
        "Hour": 14,
        "Minute": 48
      },
      {
        "Time": "2016-03-21T14:49:03",
        "Lat": 52.2467,
        "Lon": 20.94,
        "FirstLine": 24,
        "Lines": "24,35",
        "Brigade": 22,
        "LineBrigade": "24_22",
        "Status": "RUNNING",
        "LowFloor": "True",
        "Hour": 14,
        "Minute": 49
      },
      {
        "Time": "2016-03-21T14:50:04",
        "Lat": 52.2467,
        "Lon": 20.9393,
        "FirstLine": 24,
        "Lines": "24,35",
        "Brigade": 22,
        "LineBrigade": "24_22",
        "Status": "RUNNING",
        "LowFloor": "True",
        "Hour": 14,
        "Minute": 50
      },
      {
        "Time": "2016-03-21T14:51:04",
        "Lat": 52.2468,
        "Lon": 20.9362,
        "FirstLine": 24,
        "Lines": "24,35",
        "Brigade": 22,
        "LineBrigade": "24_22",
        "Status": "RUNNING",
        "LowFloor": "True",
        "Hour": 14,
        "Minute": 51
      },
      {
        "Time": "2016-03-21T14:52:05",
        "Lat": 52.2472,
        "Lon": 20.9258,
        "FirstLine": 24,
        "Lines": "24,35",
        "Brigade": 22,
        "LineBrigade": "24_22",
        "Status": "RUNNING",
        "LowFloor": "True",
        "Hour": 14,
        "Minute": 52
      },
      {
        "Time": "2016-03-21T14:53:06",
        "Lat": 52.2486,
        "Lon": 20.9212,
        "FirstLine": 24,
        "Lines": "24,35",
        "Brigade": 22,
        "LineBrigade": "24_22",
        "Status": "RUNNING",
        "LowFloor": "True",
        "Hour": 14,
        "Minute": 53
      },
      {
        "Time": "2016-03-21T14:54:07",
        "Lat": 52.2504,
        "Lon": 20.9174,
        "FirstLine": 24,
        "Lines": "24,35",
        "Brigade": 22,
        "LineBrigade": "24_22",
        "Status": "RUNNING",
        "LowFloor": "True",
        "Hour": 14,
        "Minute": 54
      },
      {
        "Time": "2016-03-21T14:55:07",
        "Lat": 52.252,
        "Lon": 20.914,
        "FirstLine": 24,
        "Lines": "24,35",
        "Brigade": 22,
        "LineBrigade": "24_22",
        "Status": "RUNNING",
        "LowFloor": "True",
        "Hour": 14,
        "Minute": 55
      },
      {
        "Time": "2016-03-21T14:56:08",
        "Lat": 52.2539,
        "Lon": 20.9161,
        "FirstLine": 24,
        "Lines": "24,35",
        "Brigade": 22,
        "LineBrigade": "24_22",
        "Status": "RUNNING",
        "LowFloor": "True",
        "Hour": 14,
        "Minute": 56
      },
      {
        "Time": "2016-03-21T14:57:08",
        "Lat": 52.2569,
        "Lon": 20.9198,
        "FirstLine": 24,
        "Lines": "24,35",
        "Brigade": 22,
        "LineBrigade": "24_22",
        "Status": "RUNNING",
        "LowFloor": "True",
        "Hour": 14,
        "Minute": 57
      },
      {
        "Time": "2016-03-21T14:58:09",
        "Lat": 52.2572,
        "Lon": 20.9202,
        "FirstLine": 24,
        "Lines": "24,35",
        "Brigade": 22,
        "LineBrigade": "24_22",
        "Status": "RUNNING",
        "LowFloor": "True",
        "Hour": 14,
        "Minute": 58
      },
      {
        "Time": "2016-03-21T14:59:09",
        "Lat": 52.2603,
        "Lon": 20.9239,
        "FirstLine": 24,
        "Lines": "24,35",
        "Brigade": 22,
        "LineBrigade": "24_22",
        "Status": "RUNNING",
        "LowFloor": "True",
        "Hour": 14,
        "Minute": 59
      },
      {
        "Time": "2016-03-21T15:00:10",
        "Lat": 52.2633,
        "Lon": 20.9274,
        "FirstLine": 24,
        "Lines": "24,35",
        "Brigade": 22,
        "LineBrigade": "24_22",
        "Status": "RUNNING",
        "LowFloor": "True",
        "Hour": 15,
        "Minute": 0
      },
      {
        "Time": "2016-03-21T15:01:11",
        "Lat": 52.2633,
        "Lon": 20.9274,
        "FirstLine": 24,
        "Lines": "24,35",
        "Brigade": 22,
        "LineBrigade": "24_22",
        "Status": "RUNNING",
        "LowFloor": "True",
        "Hour": 15,
        "Minute": 1
      },
      {
        "Time": "2016-03-21T15:02:11",
        "Lat": 52.2678,
        "Lon": 20.9322,
        "FirstLine": 24,
        "Lines": "24,35",
        "Brigade": 22,
        "LineBrigade": "24_22",
        "Status": "RUNNING",
        "LowFloor": "True",
        "Hour": 15,
        "Minute": 2
      },
      {
        "Time": "2016-03-21T15:03:12",
        "Lat": 52.271,
        "Lon": 20.9339,
        "FirstLine": 24,
        "Lines": "24,35",
        "Brigade": 22,
        "LineBrigade": "24_22",
        "Status": "RUNNING",
        "LowFloor": "True",
        "Hour": 15,
        "Minute": 3
      },
      {
        "Time": "2016-03-21T15:04:13",
        "Lat": 52.2743,
        "Lon": 20.937,
        "FirstLine": 24,
        "Lines": "24,35",
        "Brigade": 22,
        "LineBrigade": "24_22",
        "Status": "RUNNING",
        "LowFloor": "True",
        "Hour": 15,
        "Minute": 4
      },
      {
        "Time": "2016-03-21T15:05:13",
        "Lat": 52.2746,
        "Lon": 20.9374,
        "FirstLine": 24,
        "Lines": "24,35",
        "Brigade": 22,
        "LineBrigade": "24_22",
        "Status": "RUNNING",
        "LowFloor": "True",
        "Hour": 15,
        "Minute": 5
      },
      {
        "Time": "2016-03-21T15:06:14",
        "Lat": 52.275,
        "Lon": 20.938,
        "FirstLine": 24,
        "Lines": "24,35",
        "Brigade": 22,
        "LineBrigade": "24_22",
        "Status": "RUNNING",
        "LowFloor": "True",
        "Hour": 15,
        "Minute": 6
      },
      {
        "Time": "2016-03-21T15:07:15",
        "Lat": 52.2749,
        "Lon": 20.9389,
        "FirstLine": 24,
        "Lines": "24,35",
        "Brigade": 22,
        "LineBrigade": "24_22",
        "Status": "RUNNING",
        "LowFloor": "True",
        "Hour": 15,
        "Minute": 7
      },
      {
        "Time": "2016-03-21T15:08:15",
        "Lat": 52.2719,
        "Lon": 20.9442,
        "FirstLine": 24,
        "Lines": "24,35",
        "Brigade": 22,
        "LineBrigade": "24_22",
        "Status": "RUNNING",
        "LowFloor": "True",
        "Hour": 15,
        "Minute": 8
      },
      {
        "Time": "2016-03-21T15:09:16",
        "Lat": 52.2714,
        "Lon": 20.9461,
        "FirstLine": 24,
        "Lines": "24,35",
        "Brigade": 22,
        "LineBrigade": "24_22",
        "Status": "RUNNING",
        "LowFloor": "True",
        "Hour": 15,
        "Minute": 9
      },
      {
        "Time": "2016-03-21T15:10:16",
        "Lat": 52.2704,
        "Lon": 20.9495,
        "FirstLine": 24,
        "Lines": "24,35",
        "Brigade": 22,
        "LineBrigade": "24_22",
        "Status": "RUNNING",
        "LowFloor": "True",
        "Hour": 15,
        "Minute": 10
      },
      {
        "Time": "2016-03-21T15:11:17",
        "Lat": 52.2693,
        "Lon": 20.9535,
        "FirstLine": 24,
        "Lines": "24,35",
        "Brigade": 22,
        "LineBrigade": "24_22",
        "Status": "RUNNING",
        "LowFloor": "True",
        "Hour": 15,
        "Minute": 11
      },
      {
        "Time": "2016-03-21T15:12:18",
        "Lat": 52.2679,
        "Lon": 20.9585,
        "FirstLine": 24,
        "Lines": "24,35",
        "Brigade": 22,
        "LineBrigade": "24_22",
        "Status": "RUNNING",
        "LowFloor": "True",
        "Hour": 15,
        "Minute": 12
      },
      {
        "Time": "2016-03-21T15:13:18",
        "Lat": 52.2679,
        "Lon": 20.9586,
        "FirstLine": 24,
        "Lines": "24,35",
        "Brigade": 22,
        "LineBrigade": "24_22",
        "Status": "RUNNING",
        "LowFloor": "True",
        "Hour": 15,
        "Minute": 13
      },
      {
        "Time": "2016-03-21T15:14:19",
        "Lat": 52.2666,
        "Lon": 20.9633,
        "FirstLine": 24,
        "Lines": "24,35",
        "Brigade": 22,
        "LineBrigade": "24_22",
        "Status": "RUNNING",
        "LowFloor": "True",
        "Hour": 15,
        "Minute": 14
      },
      {
        "Time": "2016-03-21T15:15:20",
        "Lat": 52.2643,
        "Lon": 20.9716,
        "FirstLine": 24,
        "Lines": "24,35",
        "Brigade": 22,
        "LineBrigade": "24_22",
        "Status": "RUNNING",
        "LowFloor": "True",
        "Hour": 15,
        "Minute": 15
      },
      {
        "Time": "2016-03-21T15:16:20",
        "Lat": 52.2639,
        "Lon": 20.9731,
        "FirstLine": 24,
        "Lines": "24,35",
        "Brigade": 22,
        "LineBrigade": "24_22",
        "Status": "RUNNING",
        "LowFloor": "True",
        "Hour": 15,
        "Minute": 16
      },
      {
        "Time": "2016-03-21T15:17:21",
        "Lat": 52.2619,
        "Lon": 20.98,
        "FirstLine": 24,
        "Lines": "24,35",
        "Brigade": 22,
        "LineBrigade": "24_22",
        "Status": "RUNNING",
        "LowFloor": "True",
        "Hour": 15,
        "Minute": 17
      },
      {
        "Time": "2016-03-21T15:18:22",
        "Lat": 52.2559,
        "Lon": 20.9819,
        "FirstLine": 24,
        "Lines": "24,35",
        "Brigade": 22,
        "LineBrigade": "24_22",
        "Status": "RUNNING",
        "LowFloor": "True",
        "Hour": 15,
        "Minute": 18
      },
      {
        "Time": "2016-03-21T15:19:22",
        "Lat": 52.2554,
        "Lon": 20.9822,
        "FirstLine": 24,
        "Lines": "24,35",
        "Brigade": 22,
        "LineBrigade": "24_22",
        "Status": "RUNNING",
        "LowFloor": "True",
        "Hour": 15,
        "Minute": 19
      },
      {
        "Time": "2016-03-21T15:20:23",
        "Lat": 52.255,
        "Lon": 20.9823,
        "FirstLine": 24,
        "Lines": "24,35",
        "Brigade": 22,
        "LineBrigade": "24_22",
        "Status": "RUNNING",
        "LowFloor": "True",
        "Hour": 15,
        "Minute": 20
      },
      {
        "Time": "2016-03-21T15:21:23",
        "Lat": 52.2536,
        "Lon": 20.9834,
        "FirstLine": 24,
        "Lines": "24,35",
        "Brigade": 22,
        "LineBrigade": "24_22",
        "Status": "RUNNING",
        "LowFloor": "True",
        "Hour": 15,
        "Minute": 21
      },
      {
        "Time": "2016-03-21T15:22:24",
        "Lat": 52.2512,
        "Lon": 20.9855,
        "FirstLine": 24,
        "Lines": "24,35",
        "Brigade": 22,
        "LineBrigade": "24_22",
        "Status": "RUNNING",
        "LowFloor": "True",
        "Hour": 15,
        "Minute": 22
      },
      {
        "Time": "2016-03-21T15:23:25",
        "Lat": 52.2512,
        "Lon": 20.9855,
        "FirstLine": 24,
        "Lines": "24,35",
        "Brigade": 22,
        "LineBrigade": "24_22",
        "Status": "RUNNING",
        "LowFloor": "True",
        "Hour": 15,
        "Minute": 23
      },
      {
        "Time": "2016-03-21T15:24:25",
        "Lat": 52.2527,
        "Lon": 20.9904,
        "FirstLine": 24,
        "Lines": "24,35",
        "Brigade": 22,
        "LineBrigade": "24_22",
        "Status": "RUNNING",
        "LowFloor": "True",
        "Hour": 15,
        "Minute": 24
      },
      {
        "Time": "2016-03-21T15:25:26",
        "Lat": 52.2537,
        "Lon": 20.995,
        "FirstLine": 24,
        "Lines": "24,35",
        "Brigade": 22,
        "LineBrigade": "24_22",
        "Status": "RUNNING",
        "LowFloor": "True",
        "Hour": 15,
        "Minute": 25
      },
      {
        "Time": "2016-03-21T15:26:27",
        "Lat": 52.2536,
        "Lon": 20.9975,
        "FirstLine": 24,
        "Lines": "24,35",
        "Brigade": 22,
        "LineBrigade": "24_22",
        "Status": "RUNNING",
        "LowFloor": "True",
        "Hour": 15,
        "Minute": 26
      },
      {
        "Time": "2016-03-21T15:27:27",
        "Lat": 52.2509,
        "Lon": 20.9985,
        "FirstLine": 24,
        "Lines": "24,35",
        "Brigade": 22,
        "LineBrigade": "24_22",
        "Status": "RUNNING",
        "LowFloor": "True",
        "Hour": 15,
        "Minute": 27
      },
      {
        "Time": "2016-03-21T15:28:28",
        "Lat": 52.2481,
        "Lon": 20.9991,
        "FirstLine": 24,
        "Lines": "24,35",
        "Brigade": 22,
        "LineBrigade": "24_22",
        "Status": "RUNNING",
        "LowFloor": "True",
        "Hour": 15,
        "Minute": 28
      },
      {
        "Time": "2016-03-21T15:29:28",
        "Lat": 52.2446,
        "Lon": 21.001,
        "FirstLine": 24,
        "Lines": "24,35",
        "Brigade": 22,
        "LineBrigade": "24_22",
        "Status": "RUNNING",
        "LowFloor": "True",
        "Hour": 15,
        "Minute": 29
      },
      {
        "Time": "2016-03-21T15:30:29",
        "Lat": 52.2446,
        "Lon": 21.001,
        "FirstLine": 24,
        "Lines": "24,35",
        "Brigade": 22,
        "LineBrigade": "24_22",
        "Status": "RUNNING",
        "LowFloor": "True",
        "Hour": 15,
        "Minute": 30
      },
      {
        "Time": "2016-03-21T15:31:30",
        "Lat": 52.2431,
        "Lon": 21.0029,
        "FirstLine": 24,
        "Lines": "24,35",
        "Brigade": 22,
        "LineBrigade": "24_22",
        "Status": "RUNNING",
        "LowFloor": "True",
        "Hour": 15,
        "Minute": 31
      },
      {
        "Time": "2016-03-21T15:32:30",
        "Lat": 52.2389,
        "Lon": 21.0058,
        "FirstLine": 24,
        "Lines": "24,35",
        "Brigade": 22,
        "LineBrigade": "24_22",
        "Status": "RUNNING",
        "LowFloor": "True",
        "Hour": 15,
        "Minute": 32
      },
      {
        "Time": "2016-03-21T15:33:31",
        "Lat": 52.2385,
        "Lon": 21.0065,
        "FirstLine": 24,
        "Lines": "24,35",
        "Brigade": 22,
        "LineBrigade": "24_22",
        "Status": "RUNNING",
        "LowFloor": "True",
        "Hour": 15,
        "Minute": 33
      },
      {
        "Time": "2016-03-21T15:34:32",
        "Lat": 52.2385,
        "Lon": 21.0065,
        "FirstLine": 24,
        "Lines": "24,35",
        "Brigade": 22,
        "LineBrigade": "24_22",
        "Status": "RUNNING",
        "LowFloor": "True",
        "Hour": 15,
        "Minute": 34
      },
      {
        "Time": "2016-03-21T15:35:32",
        "Lat": 52.2355,
        "Lon": 21.0083,
        "FirstLine": 24,
        "Lines": "24,35",
        "Brigade": 22,
        "LineBrigade": "24_22",
        "Status": "RUNNING",
        "LowFloor": "True",
        "Hour": 15,
        "Minute": 35
      },
      {
        "Time": "2016-03-21T15:36:33",
        "Lat": 52.2333,
        "Lon": 21.0097,
        "FirstLine": 24,
        "Lines": "24,35",
        "Brigade": 22,
        "LineBrigade": "24_22",
        "Status": "RUNNING",
        "LowFloor": "True",
        "Hour": 15,
        "Minute": 36
      },
      {
        "Time": "2016-03-21T15:37:33",
        "Lat": 52.2301,
        "Lon": 21.0115,
        "FirstLine": 24,
        "Lines": "24,35",
        "Brigade": 22,
        "LineBrigade": "24_22",
        "Status": "RUNNING",
        "LowFloor": "True",
        "Hour": 15,
        "Minute": 37
      },
      {
        "Time": "2016-03-21T15:38:34",
        "Lat": 52.2301,
        "Lon": 21.0115,
        "FirstLine": 24,
        "Lines": "24,35",
        "Brigade": 22,
        "LineBrigade": "24_22",
        "Status": "RUNNING",
        "LowFloor": "True",
        "Hour": 15,
        "Minute": 38
      },
      {
        "Time": "2016-03-21T15:39:35",
        "Lat": 52.2272,
        "Lon": 21.0133,
        "FirstLine": 24,
        "Lines": "24,35",
        "Brigade": 22,
        "LineBrigade": "24_22",
        "Status": "RUNNING",
        "LowFloor": "True",
        "Hour": 15,
        "Minute": 39
      },
      {
        "Time": "2016-03-21T15:40:36",
        "Lat": 52.2235,
        "Lon": 21.0155,
        "FirstLine": 24,
        "Lines": "24,35",
        "Brigade": 22,
        "LineBrigade": "24_22",
        "Status": "RUNNING",
        "LowFloor": "True",
        "Hour": 15,
        "Minute": 40
      },
      {
        "Time": "2016-03-21T15:41:36",
        "Lat": 52.2227,
        "Lon": 21.0162,
        "FirstLine": 24,
        "Lines": "24,35",
        "Brigade": 22,
        "LineBrigade": "24_22",
        "Status": "RUNNING",
        "LowFloor": "True",
        "Hour": 15,
        "Minute": 41
      },
      {
        "Time": "2016-03-21T15:42:38",
        "Lat": 52.2199,
        "Lon": 21.0178,
        "FirstLine": 24,
        "Lines": "24,35",
        "Brigade": 22,
        "LineBrigade": "24_22",
        "Status": "RUNNING",
        "LowFloor": "True",
        "Hour": 15,
        "Minute": 42
      },
      {
        "Time": "2016-03-21T15:43:37",
        "Lat": 52.2174,
        "Lon": 21.0193,
        "FirstLine": 24,
        "Lines": "24,35",
        "Brigade": 22,
        "LineBrigade": "24_22",
        "Status": "RUNNING",
        "LowFloor": "True",
        "Hour": 15,
        "Minute": 43
      },
      {
        "Time": "2016-03-21T15:44:38",
        "Lat": 52.2144,
        "Lon": 21.0211,
        "FirstLine": 24,
        "Lines": "24,35",
        "Brigade": 22,
        "LineBrigade": "24_22",
        "Status": "RUNNING",
        "LowFloor": "True",
        "Hour": 15,
        "Minute": 44
      },
      {
        "Time": "2016-03-21T15:45:39",
        "Lat": 52.2137,
        "Lon": 21.0215,
        "FirstLine": 24,
        "Lines": "24,35",
        "Brigade": 22,
        "LineBrigade": "24_22",
        "Status": "RUNNING",
        "LowFloor": "True",
        "Hour": 15,
        "Minute": 45
      },
      {
        "Time": "2016-03-21T15:46:39",
        "Lat": 52.2119,
        "Lon": 21.0206,
        "FirstLine": 24,
        "Lines": "24,35",
        "Brigade": 22,
        "LineBrigade": "24_22",
        "Status": "RUNNING",
        "LowFloor": "True",
        "Hour": 15,
        "Minute": 46
      },
      {
        "Time": "2016-03-21T15:47:40",
        "Lat": 52.21,
        "Lon": 21.0211,
        "FirstLine": 24,
        "Lines": "24,35",
        "Brigade": 22,
        "LineBrigade": "24_22",
        "Status": "RUNNING",
        "LowFloor": "True",
        "Hour": 15,
        "Minute": 47
      },
      {
        "Time": "2016-03-21T15:48:40",
        "Lat": 52.209,
        "Lon": 21.0215,
        "FirstLine": 24,
        "Lines": "24,35",
        "Brigade": 22,
        "LineBrigade": "24_22",
        "Status": "RUNNING",
        "LowFloor": "True",
        "Hour": 15,
        "Minute": 48
      },
      {
        "Time": "2016-03-21T15:49:41",
        "Lat": 52.2056,
        "Lon": 21.0228,
        "FirstLine": 24,
        "Lines": "24,35",
        "Brigade": 22,
        "LineBrigade": "24_22",
        "Status": "RUNNING",
        "LowFloor": "True",
        "Hour": 15,
        "Minute": 49
      },
      {
        "Time": "2016-03-21T15:50:42",
        "Lat": 52.2048,
        "Lon": 21.023,
        "FirstLine": 24,
        "Lines": "24,35",
        "Brigade": 22,
        "LineBrigade": "24_22",
        "Status": "RUNNING",
        "LowFloor": "True",
        "Hour": 15,
        "Minute": 50
      },
      {
        "Time": "2016-03-21T15:51:42",
        "Lat": 52.2015,
        "Lon": 21.0235,
        "FirstLine": 24,
        "Lines": "24,35",
        "Brigade": 22,
        "LineBrigade": "24_22",
        "Status": "RUNNING",
        "LowFloor": "True",
        "Hour": 15,
        "Minute": 51
      },
      {
        "Time": "2016-03-21T15:52:43",
        "Lat": 52.1965,
        "Lon": 21.0242,
        "FirstLine": 24,
        "Lines": "24,35",
        "Brigade": 22,
        "LineBrigade": "24_22",
        "Status": "RUNNING",
        "LowFloor": "True",
        "Hour": 15,
        "Minute": 52
      },
      {
        "Time": "2016-03-21T15:53:44",
        "Lat": 52.1948,
        "Lon": 21.0243,
        "FirstLine": 24,
        "Lines": "24,35",
        "Brigade": 22,
        "LineBrigade": "24_22",
        "Status": "RUNNING",
        "LowFloor": "True",
        "Hour": 15,
        "Minute": 53
      },
      {
        "Time": "2016-03-21T15:54:44",
        "Lat": 52.1933,
        "Lon": 21.0243,
        "FirstLine": 24,
        "Lines": "24,35",
        "Brigade": 22,
        "LineBrigade": "24_22",
        "Status": "RUNNING",
        "LowFloor": "True",
        "Hour": 15,
        "Minute": 54
      },
      {
        "Time": "2016-03-21T15:55:45",
        "Lat": 52.1904,
        "Lon": 21.0245,
        "FirstLine": 24,
        "Lines": "24,35",
        "Brigade": 22,
        "LineBrigade": "24_22",
        "Status": "RUNNING",
        "LowFloor": "True",
        "Hour": 15,
        "Minute": 55
      },
      {
        "Time": "2016-03-21T15:56:45",
        "Lat": 52.1883,
        "Lon": 21.0246,
        "FirstLine": 24,
        "Lines": "24,35",
        "Brigade": 22,
        "LineBrigade": "24_22",
        "Status": "RUNNING",
        "LowFloor": "True",
        "Hour": 15,
        "Minute": 56
      },
      {
        "Time": "2016-03-21T15:57:47",
        "Lat": 52.1865,
        "Lon": 21.0247,
        "FirstLine": 24,
        "Lines": "24,35",
        "Brigade": 22,
        "LineBrigade": "24_22",
        "Status": "RUNNING",
        "LowFloor": "True",
        "Hour": 15,
        "Minute": 57
      },
      {
        "Time": "2016-03-21T15:58:47",
        "Lat": 52.1854,
        "Lon": 21.0243,
        "FirstLine": 24,
        "Lines": "24,35",
        "Brigade": 22,
        "LineBrigade": "24_22",
        "Status": "RUNNING",
        "LowFloor": "True",
        "Hour": 15,
        "Minute": 58
      },
      {
        "Time": "2016-03-21T15:59:47",
        "Lat": 52.1812,
        "Lon": 21.0226,
        "FirstLine": 24,
        "Lines": "24,35",
        "Brigade": 22,
        "LineBrigade": "24_22",
        "Status": "RUNNING",
        "LowFloor": "True",
        "Hour": 15,
        "Minute": 59
      },
      {
        "Time": "2016-03-21T16:00:48",
        "Lat": 52.1797,
        "Lon": 21.0221,
        "FirstLine": 24,
        "Lines": "24,35",
        "Brigade": 22,
        "LineBrigade": "24_22",
        "Status": "RUNNING",
        "LowFloor": "True",
        "Hour": 16,
        "Minute": 0
      },
      {
        "Time": "2016-03-21T16:01:49",
        "Lat": 52.1784,
        "Lon": 21.0216,
        "FirstLine": 24,
        "Lines": "24,35",
        "Brigade": 22,
        "LineBrigade": "24_22",
        "Status": "RUNNING",
        "LowFloor": "True",
        "Hour": 16,
        "Minute": 1
      },
      {
        "Time": "2016-03-21T16:02:49",
        "Lat": 52.1765,
        "Lon": 21.0209,
        "FirstLine": 24,
        "Lines": "24,35",
        "Brigade": 22,
        "LineBrigade": "24_22",
        "Status": "RUNNING",
        "LowFloor": "True",
        "Hour": 16,
        "Minute": 2
      },
      {
        "Time": "2016-03-21T16:03:50",
        "Lat": 52.1727,
        "Lon": 21.0195,
        "FirstLine": 24,
        "Lines": "24,35",
        "Brigade": 22,
        "LineBrigade": "24_22",
        "Status": "RUNNING",
        "LowFloor": "True",
        "Hour": 16,
        "Minute": 3
      },
      {
        "Time": "2016-03-21T16:04:50",
        "Lat": 52.1701,
        "Lon": 21.0185,
        "FirstLine": 24,
        "Lines": "24,35",
        "Brigade": 22,
        "LineBrigade": "24_22",
        "Status": "RUNNING",
        "LowFloor": "True",
        "Hour": 16,
        "Minute": 4
      },
      {
        "Time": "2016-03-21T16:05:51",
        "Lat": 52.1681,
        "Lon": 21.0169,
        "FirstLine": 24,
        "Lines": "24,35",
        "Brigade": 22,
        "LineBrigade": "24_22",
        "Status": "RUNNING",
        "LowFloor": "True",
        "Hour": 16,
        "Minute": 5
      },
      {
        "Time": "2016-03-21T16:06:52",
        "Lat": 52.1681,
        "Lon": 21.0169,
        "FirstLine": 24,
        "Lines": "24,35",
        "Brigade": 22,
        "LineBrigade": "24_22",
        "Status": "RUNNING",
        "LowFloor": "True",
        "Hour": 16,
        "Minute": 6
      },
      {
        "Time": "2016-03-21T16:07:52",
        "Lat": 52.1681,
        "Lon": 21.0169,
        "FirstLine": 24,
        "Lines": "24,35",
        "Brigade": 22,
        "LineBrigade": "24_22",
        "Status": "RUNNING",
        "LowFloor": "True",
        "Hour": 16,
        "Minute": 7
      },
      {
        "Time": "2016-03-21T16:08:53",
        "Lat": 52.1681,
        "Lon": 21.0164,
        "FirstLine": 24,
        "Lines": "24,35",
        "Brigade": 22,
        "LineBrigade": "24_22",
        "Status": "RUNNING",
        "LowFloor": "True",
        "Hour": 16,
        "Minute": 8
      },
      {
        "Time": "2016-03-21T16:09:54",
        "Lat": 52.1681,
        "Lon": 21.0164,
        "FirstLine": 24,
        "Lines": "24,35",
        "Brigade": 22,
        "LineBrigade": "24_22",
        "Status": "RUNNING",
        "LowFloor": "True",
        "Hour": 16,
        "Minute": 9
      },
      {
        "Time": "2016-03-21T16:10:54",
        "Lat": 52.1681,
        "Lon": 21.0164,
        "FirstLine": 24,
        "Lines": "24,35",
        "Brigade": 22,
        "LineBrigade": "24_22",
        "Status": "RUNNING",
        "LowFloor": "True",
        "Hour": 16,
        "Minute": 10
      },
      {
        "Time": "2016-03-21T16:11:55",
        "Lat": 52.1681,
        "Lon": 21.0164,
        "FirstLine": 24,
        "Lines": "24,35",
        "Brigade": 22,
        "LineBrigade": "24_22",
        "Status": "RUNNING",
        "LowFloor": "True",
        "Hour": 16,
        "Minute": 11
      },
      {
        "Time": "2016-03-21T16:12:55",
        "Lat": 52.1681,
        "Lon": 21.0164,
        "FirstLine": 24,
        "Lines": "24,35",
        "Brigade": 22,
        "LineBrigade": "24_22",
        "Status": "RUNNING",
        "LowFloor": "True",
        "Hour": 16,
        "Minute": 12
      },
      {
        "Time": "2016-03-21T16:13:56",
        "Lat": 52.1681,
        "Lon": 21.0164,
        "FirstLine": 24,
        "Lines": "24,35",
        "Brigade": 22,
        "LineBrigade": "24_22",
        "Status": "RUNNING",
        "LowFloor": "True",
        "Hour": 16,
        "Minute": 13
      },
      {
        "Time": "2016-03-21T16:14:57",
        "Lat": 52.168,
        "Lon": 21.016,
        "FirstLine": 24,
        "Lines": "24,35",
        "Brigade": 22,
        "LineBrigade": "24_22",
        "Status": "RUNNING",
        "LowFloor": "True",
        "Hour": 16,
        "Minute": 14
      },
      {
        "Time": "2016-03-21T16:15:57",
        "Lat": 52.168,
        "Lon": 21.016,
        "FirstLine": 24,
        "Lines": "24,35",
        "Brigade": 22,
        "LineBrigade": "24_22",
        "Status": "RUNNING",
        "LowFloor": "True",
        "Hour": 16,
        "Minute": 15
      },
      {
        "Time": "2016-03-21T16:16:58",
        "Lat": 52.168,
        "Lon": 21.016,
        "FirstLine": 24,
        "Lines": "24,35",
        "Brigade": 22,
        "LineBrigade": "24_22",
        "Status": "RUNNING",
        "LowFloor": "True",
        "Hour": 16,
        "Minute": 16
      },
      {
        "Time": "2016-03-21T16:17:59",
        "Lat": 52.168,
        "Lon": 21.016,
        "FirstLine": 24,
        "Lines": "24,35",
        "Brigade": 22,
        "LineBrigade": "24_22",
        "Status": "RUNNING",
        "LowFloor": "True",
        "Hour": 16,
        "Minute": 17
      },
      {
        "Time": "2016-03-21T16:18:59",
        "Lat": 52.168,
        "Lon": 21.016,
        "FirstLine": 24,
        "Lines": "24,35",
        "Brigade": 22,
        "LineBrigade": "24_22",
        "Status": "RUNNING",
        "LowFloor": "True",
        "Hour": 16,
        "Minute": 18
      },
      {
        "Time": "2016-03-21T16:20:00",
        "Lat": 52.168,
        "Lon": 21.016,
        "FirstLine": 24,
        "Lines": "24,35",
        "Brigade": 22,
        "LineBrigade": "24_22",
        "Status": "RUNNING",
        "LowFloor": "True",
        "Hour": 16,
        "Minute": 20
      },
      {
        "Time": "2016-03-21T16:21:01",
        "Lat": 52.168,
        "Lon": 21.016,
        "FirstLine": 24,
        "Lines": "24,35",
        "Brigade": 22,
        "LineBrigade": "24_22",
        "Status": "RUNNING",
        "LowFloor": "True",
        "Hour": 16,
        "Minute": 21
      },
      {
        "Time": "2016-03-21T16:22:01",
        "Lat": 52.168,
        "Lon": 21.016,
        "FirstLine": 24,
        "Lines": "24,35",
        "Brigade": 22,
        "LineBrigade": "24_22",
        "Status": "RUNNING",
        "LowFloor": "True",
        "Hour": 16,
        "Minute": 22
      },
      {
        "Time": "2016-03-21T16:23:02",
        "Lat": 52.1679,
        "Lon": 21.0156,
        "FirstLine": 24,
        "Lines": "24,35",
        "Brigade": 22,
        "LineBrigade": "24_22",
        "Status": "RUNNING",
        "LowFloor": "True",
        "Hour": 16,
        "Minute": 23
      },
      {
        "Time": "2016-03-21T16:24:03",
        "Lat": 52.1709,
        "Lon": 21.0189,
        "FirstLine": 24,
        "Lines": "24,35",
        "Brigade": 22,
        "LineBrigade": "24_22",
        "Status": "RUNNING",
        "LowFloor": "True",
        "Hour": 16,
        "Minute": 24
      },
      {
        "Time": "2016-03-21T16:25:03",
        "Lat": 52.173,
        "Lon": 21.0197,
        "FirstLine": 24,
        "Lines": "24,35",
        "Brigade": 22,
        "LineBrigade": "24_22",
        "Status": "RUNNING",
        "LowFloor": "True",
        "Hour": 16,
        "Minute": 25
      },
      {
        "Time": "2016-03-21T16:26:04",
        "Lat": 52.1767,
        "Lon": 21.021,
        "FirstLine": 24,
        "Lines": "24,35",
        "Brigade": 22,
        "LineBrigade": "24_22",
        "Status": "RUNNING",
        "LowFloor": "True",
        "Hour": 16,
        "Minute": 26
      },
      {
        "Time": "2016-03-21T16:27:04",
        "Lat": 52.1797,
        "Lon": 21.0221,
        "FirstLine": 24,
        "Lines": "24,35",
        "Brigade": 22,
        "LineBrigade": "24_22",
        "Status": "RUNNING",
        "LowFloor": "True",
        "Hour": 16,
        "Minute": 27
      },
      {
        "Time": "2016-03-21T16:30:06",
        "Lat": 52.1878,
        "Lon": 21.0247,
        "FirstLine": 24,
        "Lines": "24,35",
        "Brigade": 22,
        "LineBrigade": "24_22",
        "Status": "RUNNING",
        "LowFloor": "True",
        "Hour": 16,
        "Minute": 30
      },
      {
        "Time": "2016-03-21T16:31:07",
        "Lat": 52.1886,
        "Lon": 21.0247,
        "FirstLine": 24,
        "Lines": "24,35",
        "Brigade": 22,
        "LineBrigade": "24_22",
        "Status": "RUNNING",
        "LowFloor": "True",
        "Hour": 16,
        "Minute": 31
      },
      {
        "Time": "2016-03-21T16:32:08",
        "Lat": 52.1889,
        "Lon": 21.0247,
        "FirstLine": 24,
        "Lines": "24,35",
        "Brigade": 22,
        "LineBrigade": "24_22",
        "Status": "RUNNING",
        "LowFloor": "True",
        "Hour": 16,
        "Minute": 32
      },
      {
        "Time": "2016-03-21T16:33:08",
        "Lat": 52.191,
        "Lon": 21.0245,
        "FirstLine": 24,
        "Lines": "24,35",
        "Brigade": 22,
        "LineBrigade": "24_22",
        "Status": "RUNNING",
        "LowFloor": "True",
        "Hour": 16,
        "Minute": 33
      },
      {
        "Time": "2016-03-21T16:34:09",
        "Lat": 52.1942,
        "Lon": 21.0243,
        "FirstLine": 24,
        "Lines": "24,35",
        "Brigade": 22,
        "LineBrigade": "24_22",
        "Status": "RUNNING",
        "LowFloor": "True",
        "Hour": 16,
        "Minute": 34
      },
      {
        "Time": "2016-03-21T16:35:09",
        "Lat": 52.1965,
        "Lon": 21.0242,
        "FirstLine": 24,
        "Lines": "24,35",
        "Brigade": 22,
        "LineBrigade": "24_22",
        "Status": "RUNNING",
        "LowFloor": "True",
        "Hour": 16,
        "Minute": 35
      },
      {
        "Time": "2016-03-21T16:36:10",
        "Lat": 52.1966,
        "Lon": 21.0242,
        "FirstLine": 24,
        "Lines": "24,35",
        "Brigade": 22,
        "LineBrigade": "24_22",
        "Status": "RUNNING",
        "LowFloor": "True",
        "Hour": 16,
        "Minute": 36
      },
      {
        "Time": "2016-03-21T16:37:11",
        "Lat": 52.1966,
        "Lon": 21.0242,
        "FirstLine": 24,
        "Lines": "24,35",
        "Brigade": 22,
        "LineBrigade": "24_22",
        "Status": "RUNNING",
        "LowFloor": "True",
        "Hour": 16,
        "Minute": 37
      },
      {
        "Time": "2016-03-21T16:38:11",
        "Lat": 52.1966,
        "Lon": 21.0242,
        "FirstLine": 24,
        "Lines": "24,35",
        "Brigade": 22,
        "LineBrigade": "24_22",
        "Status": "RUNNING",
        "LowFloor": "True",
        "Hour": 16,
        "Minute": 38
      },
      {
        "Time": "2016-03-21T16:41:20",
        "Lat": 52.1971,
        "Lon": 21.0242,
        "FirstLine": 24,
        "Lines": "24,35",
        "Brigade": 22,
        "LineBrigade": "24_22",
        "Status": "RUNNING",
        "LowFloor": "True",
        "Hour": 16,
        "Minute": 41
      },
      {
        "Time": "2016-03-21T16:42:20",
        "Lat": 52.1991,
        "Lon": 21.024,
        "FirstLine": 24,
        "Lines": "24,35",
        "Brigade": 22,
        "LineBrigade": "24_22",
        "Status": "RUNNING",
        "LowFloor": "True",
        "Hour": 16,
        "Minute": 42
      },
      {
        "Time": "2016-03-21T16:43:21",
        "Lat": 52.2027,
        "Lon": 21.0234,
        "FirstLine": 24,
        "Lines": "24,35",
        "Brigade": 22,
        "LineBrigade": "24_22",
        "Status": "RUNNING",
        "LowFloor": "True",
        "Hour": 16,
        "Minute": 43
      },
      {
        "Time": "2016-03-21T16:44:22",
        "Lat": 52.2035,
        "Lon": 21.0233,
        "FirstLine": 24,
        "Lines": "24,35",
        "Brigade": 22,
        "LineBrigade": "24_22",
        "Status": "RUNNING",
        "LowFloor": "True",
        "Hour": 16,
        "Minute": 44
      },
      {
        "Time": "2016-03-21T16:45:22",
        "Lat": 52.2054,
        "Lon": 21.0229,
        "FirstLine": 24,
        "Lines": "24,35",
        "Brigade": 22,
        "LineBrigade": "24_22",
        "Status": "RUNNING",
        "LowFloor": "True",
        "Hour": 16,
        "Minute": 45
      },
      {
        "Time": "2016-03-21T16:46:23",
        "Lat": 52.2097,
        "Lon": 21.0213,
        "FirstLine": 24,
        "Lines": "24,35",
        "Brigade": 22,
        "LineBrigade": "24_22",
        "Status": "RUNNING",
        "LowFloor": "True",
        "Hour": 16,
        "Minute": 46
      },
      {
        "Time": "2016-03-21T16:47:24",
        "Lat": 52.2128,
        "Lon": 21.0211,
        "FirstLine": 24,
        "Lines": "24,35",
        "Brigade": 22,
        "LineBrigade": "24_22",
        "Status": "RUNNING",
        "LowFloor": "True",
        "Hour": 16,
        "Minute": 47
      },
      {
        "Time": "2016-03-21T16:48:24",
        "Lat": 52.2135,
        "Lon": 21.0215,
        "FirstLine": 24,
        "Lines": "24,35",
        "Brigade": 22,
        "LineBrigade": "24_22",
        "Status": "RUNNING",
        "LowFloor": "True",
        "Hour": 16,
        "Minute": 48
      },
      {
        "Time": "2016-03-21T16:49:25",
        "Lat": 52.2155,
        "Lon": 21.0205,
        "FirstLine": 24,
        "Lines": "24,35",
        "Brigade": 22,
        "LineBrigade": "24_22",
        "Status": "RUNNING",
        "LowFloor": "True",
        "Hour": 16,
        "Minute": 49
      },
      {
        "Time": "2016-03-21T16:50:25",
        "Lat": 52.2188,
        "Lon": 21.0186,
        "FirstLine": 24,
        "Lines": "24,35",
        "Brigade": 22,
        "LineBrigade": "24_22",
        "Status": "RUNNING",
        "LowFloor": "True",
        "Hour": 16,
        "Minute": 50
      },
      {
        "Time": "2016-03-21T16:51:26",
        "Lat": 52.2205,
        "Lon": 21.0176,
        "FirstLine": 24,
        "Lines": "24,35",
        "Brigade": 22,
        "LineBrigade": "24_22",
        "Status": "RUNNING",
        "LowFloor": "True",
        "Hour": 16,
        "Minute": 51
      },
      {
        "Time": "2016-03-21T16:52:26",
        "Lat": 52.2228,
        "Lon": 21.0162,
        "FirstLine": 24,
        "Lines": "24,35",
        "Brigade": 22,
        "LineBrigade": "24_22",
        "Status": "RUNNING",
        "LowFloor": "True",
        "Hour": 16,
        "Minute": 52
      },
      {
        "Time": "2016-03-21T16:53:27",
        "Lat": 52.2231,
        "Lon": 21.016,
        "FirstLine": 24,
        "Lines": "24,35",
        "Brigade": 22,
        "LineBrigade": "24_22",
        "Status": "RUNNING",
        "LowFloor": "True",
        "Hour": 16,
        "Minute": 53
      },
      {
        "Time": "2016-03-21T16:54:28",
        "Lat": 52.226,
        "Lon": 21.0141,
        "FirstLine": 24,
        "Lines": "24,35",
        "Brigade": 22,
        "LineBrigade": "24_22",
        "Status": "RUNNING",
        "LowFloor": "True",
        "Hour": 16,
        "Minute": 54
      },
      {
        "Time": "2016-03-21T16:55:29",
        "Lat": 52.2276,
        "Lon": 21.0131,
        "FirstLine": 24,
        "Lines": "24,35",
        "Brigade": 22,
        "LineBrigade": "24_22",
        "Status": "RUNNING",
        "LowFloor": "True",
        "Hour": 16,
        "Minute": 55
      },
      {
        "Time": "2016-03-21T16:56:29",
        "Lat": 52.2295,
        "Lon": 21.012,
        "FirstLine": 24,
        "Lines": "24,35",
        "Brigade": 22,
        "LineBrigade": "24_22",
        "Status": "RUNNING",
        "LowFloor": "True",
        "Hour": 16,
        "Minute": 56
      },
      {
        "Time": "2016-03-21T16:57:29",
        "Lat": 52.2297,
        "Lon": 21.0119,
        "FirstLine": 24,
        "Lines": "24,35",
        "Brigade": 22,
        "LineBrigade": "24_22",
        "Status": "RUNNING",
        "LowFloor": "True",
        "Hour": 16,
        "Minute": 57
      },
      {
        "Time": "2016-03-21T16:58:30",
        "Lat": 52.235,
        "Lon": 21.0087,
        "FirstLine": 24,
        "Lines": "24,35",
        "Brigade": 22,
        "LineBrigade": "24_22",
        "Status": "RUNNING",
        "LowFloor": "True",
        "Hour": 16,
        "Minute": 58
      },
      {
        "Time": "2016-03-21T16:59:31",
        "Lat": 52.238,
        "Lon": 21.0069,
        "FirstLine": 24,
        "Lines": "24,35",
        "Brigade": 22,
        "LineBrigade": "24_22",
        "Status": "RUNNING",
        "LowFloor": "True",
        "Hour": 16,
        "Minute": 59
      },
      {
        "Time": "2016-03-21T17:00:31",
        "Lat": 52.238,
        "Lon": 21.0069,
        "FirstLine": 24,
        "Lines": "24,35",
        "Brigade": 22,
        "LineBrigade": "24_22",
        "Status": "RUNNING",
        "LowFloor": "True",
        "Hour": 17,
        "Minute": 0
      },
      {
        "Time": "2016-03-21T17:01:32",
        "Lat": 52.2392,
        "Lon": 21.0057,
        "FirstLine": 24,
        "Lines": "24,35",
        "Brigade": 22,
        "LineBrigade": "24_22",
        "Status": "RUNNING",
        "LowFloor": "True",
        "Hour": 17,
        "Minute": 1
      },
      {
        "Time": "2016-03-21T17:02:32",
        "Lat": 52.2433,
        "Lon": 21.0027,
        "FirstLine": 24,
        "Lines": "24,35",
        "Brigade": 22,
        "LineBrigade": "24_22",
        "Status": "RUNNING",
        "LowFloor": "True",
        "Hour": 17,
        "Minute": 2
      },
      {
        "Time": "2016-03-21T17:03:33",
        "Lat": 52.2451,
        "Lon": 21.0007,
        "FirstLine": 24,
        "Lines": "24,35",
        "Brigade": 22,
        "LineBrigade": "24_22",
        "Status": "RUNNING",
        "LowFloor": "True",
        "Hour": 17,
        "Minute": 3
      },
      {
        "Time": "2016-03-21T17:04:34",
        "Lat": 52.2491,
        "Lon": 20.999,
        "FirstLine": 24,
        "Lines": "24,35",
        "Brigade": 22,
        "LineBrigade": "24_22",
        "Status": "RUNNING",
        "LowFloor": "True",
        "Hour": 17,
        "Minute": 4
      },
      {
        "Time": "2016-03-21T17:05:35",
        "Lat": 52.2534,
        "Lon": 20.998,
        "FirstLine": 24,
        "Lines": "24,35",
        "Brigade": 22,
        "LineBrigade": "24_22",
        "Status": "RUNNING",
        "LowFloor": "True",
        "Hour": 17,
        "Minute": 5
      },
      {
        "Time": "2016-03-21T17:06:35",
        "Lat": 52.2536,
        "Lon": 20.9979,
        "FirstLine": 24,
        "Lines": "24,35",
        "Brigade": 22,
        "LineBrigade": "24_22",
        "Status": "RUNNING",
        "LowFloor": "True",
        "Hour": 17,
        "Minute": 6
      },
      {
        "Time": "2016-03-21T17:07:36",
        "Lat": 52.253,
        "Lon": 20.9908,
        "FirstLine": 24,
        "Lines": "24,35",
        "Brigade": 22,
        "LineBrigade": "24_22",
        "Status": "RUNNING",
        "LowFloor": "True",
        "Hour": 17,
        "Minute": 7
      },
      {
        "Time": "2016-03-21T17:08:36",
        "Lat": 52.2514,
        "Lon": 20.9867,
        "FirstLine": 24,
        "Lines": "24,35",
        "Brigade": 22,
        "LineBrigade": "24_22",
        "Status": "RUNNING",
        "LowFloor": "True",
        "Hour": 17,
        "Minute": 8
      },
      {
        "Time": "2016-03-21T17:09:37",
        "Lat": 52.2538,
        "Lon": 20.9834,
        "FirstLine": 24,
        "Lines": "24,35",
        "Brigade": 22,
        "LineBrigade": "24_22",
        "Status": "RUNNING",
        "LowFloor": "True",
        "Hour": 17,
        "Minute": 9
      },
      {
        "Time": "2016-03-21T17:10:37",
        "Lat": 52.2548,
        "Lon": 20.9825,
        "FirstLine": 24,
        "Lines": "24,35",
        "Brigade": 22,
        "LineBrigade": "24_22",
        "Status": "RUNNING",
        "LowFloor": "True",
        "Hour": 17,
        "Minute": 10
      },
      {
        "Time": "2016-03-21T17:11:38",
        "Lat": 52.2557,
        "Lon": 20.9821,
        "FirstLine": 24,
        "Lines": "24,35",
        "Brigade": 22,
        "LineBrigade": "24_22",
        "Status": "RUNNING",
        "LowFloor": "True",
        "Hour": 17,
        "Minute": 11
      },
      {
        "Time": "2016-03-21T17:12:39",
        "Lat": 52.2616,
        "Lon": 20.9804,
        "FirstLine": 24,
        "Lines": "24,35",
        "Brigade": 22,
        "LineBrigade": "24_22",
        "Status": "RUNNING",
        "LowFloor": "True",
        "Hour": 17,
        "Minute": 12
      },
      {
        "Time": "2016-03-21T17:13:39",
        "Lat": 52.2627,
        "Lon": 20.9778,
        "FirstLine": 24,
        "Lines": "24,35",
        "Brigade": 22,
        "LineBrigade": "24_22",
        "Status": "RUNNING",
        "LowFloor": "True",
        "Hour": 17,
        "Minute": 13
      },
      {
        "Time": "2016-03-21T17:14:40",
        "Lat": 52.2641,
        "Lon": 20.9726,
        "FirstLine": 24,
        "Lines": "24,35",
        "Brigade": 22,
        "LineBrigade": "24_22",
        "Status": "RUNNING",
        "LowFloor": "True",
        "Hour": 17,
        "Minute": 14
      },
      {
        "Time": "2016-03-21T17:15:40",
        "Lat": 52.2663,
        "Lon": 20.9645,
        "FirstLine": 24,
        "Lines": "24,35",
        "Brigade": 22,
        "LineBrigade": "24_22",
        "Status": "RUNNING",
        "LowFloor": "True",
        "Hour": 17,
        "Minute": 15
      },
      {
        "Time": "2016-03-21T17:16:41",
        "Lat": 52.2668,
        "Lon": 20.963,
        "FirstLine": 24,
        "Lines": "24,35",
        "Brigade": 22,
        "LineBrigade": "24_22",
        "Status": "RUNNING",
        "LowFloor": "True",
        "Hour": 17,
        "Minute": 16
      },
      {
        "Time": "2016-03-21T17:17:42",
        "Lat": 52.2681,
        "Lon": 20.9582,
        "FirstLine": 24,
        "Lines": "24,35",
        "Brigade": 22,
        "LineBrigade": "24_22",
        "Status": "RUNNING",
        "LowFloor": "True",
        "Hour": 17,
        "Minute": 17
      },
      {
        "Time": "2016-03-21T17:18:42",
        "Lat": 52.2692,
        "Lon": 20.9542,
        "FirstLine": 24,
        "Lines": "24,35",
        "Brigade": 22,
        "LineBrigade": "24_22",
        "Status": "RUNNING",
        "LowFloor": "True",
        "Hour": 17,
        "Minute": 18
      },
      {
        "Time": "2016-03-21T17:19:43",
        "Lat": 52.2699,
        "Lon": 20.9517,
        "FirstLine": 24,
        "Lines": "24,35",
        "Brigade": 22,
        "LineBrigade": "24_22",
        "Status": "RUNNING",
        "LowFloor": "True",
        "Hour": 17,
        "Minute": 19
      },
      {
        "Time": "2016-03-21T17:20:43",
        "Lat": 52.2715,
        "Lon": 20.9457,
        "FirstLine": 24,
        "Lines": "24,35",
        "Brigade": 22,
        "LineBrigade": "24_22",
        "Status": "RUNNING",
        "LowFloor": "True",
        "Hour": 17,
        "Minute": 20
      },
      {
        "Time": "2016-03-21T17:21:44",
        "Lat": 52.2715,
        "Lon": 20.9457,
        "FirstLine": 24,
        "Lines": "24,35",
        "Brigade": 22,
        "LineBrigade": "24_22",
        "Status": "RUNNING",
        "LowFloor": "True",
        "Hour": 17,
        "Minute": 21
      },
      {
        "Time": "2016-03-21T17:22:45",
        "Lat": 52.2736,
        "Lon": 20.9407,
        "FirstLine": 24,
        "Lines": "24,35",
        "Brigade": 22,
        "LineBrigade": "24_22",
        "Status": "RUNNING",
        "LowFloor": "True",
        "Hour": 17,
        "Minute": 22
      },
      {
        "Time": "2016-03-21T17:23:45",
        "Lat": 52.2748,
        "Lon": 20.9391,
        "FirstLine": 24,
        "Lines": "24,35",
        "Brigade": 22,
        "LineBrigade": "24_22",
        "Status": "RUNNING",
        "LowFloor": "True",
        "Hour": 17,
        "Minute": 23
      },
      {
        "Time": "2016-03-21T17:24:46",
        "Lat": 52.2751,
        "Lon": 20.9387,
        "FirstLine": 24,
        "Lines": "24,35",
        "Brigade": 22,
        "LineBrigade": "24_22",
        "Status": "RUNNING",
        "LowFloor": "True",
        "Hour": 17,
        "Minute": 24
      },
      {
        "Time": "2016-03-21T17:25:46",
        "Lat": 52.2745,
        "Lon": 20.9371,
        "FirstLine": 24,
        "Lines": "24,35",
        "Brigade": 22,
        "LineBrigade": "24_22",
        "Status": "RUNNING",
        "LowFloor": "True",
        "Hour": 17,
        "Minute": 25
      },
      {
        "Time": "2016-03-21T17:26:47",
        "Lat": 52.2715,
        "Lon": 20.9341,
        "FirstLine": 24,
        "Lines": "24,35",
        "Brigade": 22,
        "LineBrigade": "24_22",
        "Status": "RUNNING",
        "LowFloor": "True",
        "Hour": 17,
        "Minute": 26
      },
      {
        "Time": "2016-03-21T17:27:48",
        "Lat": 52.2688,
        "Lon": 20.9327,
        "FirstLine": 24,
        "Lines": "24,35",
        "Brigade": 22,
        "LineBrigade": "24_22",
        "Status": "RUNNING",
        "LowFloor": "True",
        "Hour": 17,
        "Minute": 27
      },
      {
        "Time": "2016-03-21T17:28:48",
        "Lat": 52.2638,
        "Lon": 20.9281,
        "FirstLine": 24,
        "Lines": "24,35",
        "Brigade": 22,
        "LineBrigade": "24_22",
        "Status": "RUNNING",
        "LowFloor": "True",
        "Hour": 17,
        "Minute": 28
      },
      {
        "Time": "2016-03-21T17:29:49",
        "Lat": 52.2614,
        "Lon": 20.9252,
        "FirstLine": 24,
        "Lines": "24,35",
        "Brigade": 22,
        "LineBrigade": "24_22",
        "Status": "RUNNING",
        "LowFloor": "True",
        "Hour": 17,
        "Minute": 29
      },
      {
        "Time": "2016-03-21T17:30:50",
        "Lat": 52.2596,
        "Lon": 20.923,
        "FirstLine": 24,
        "Lines": "24,35",
        "Brigade": 22,
        "LineBrigade": "24_22",
        "Status": "RUNNING",
        "LowFloor": "True",
        "Hour": 17,
        "Minute": 30
      },
      {
        "Time": "2016-03-21T17:31:50",
        "Lat": 52.2576,
        "Lon": 20.9205,
        "FirstLine": 24,
        "Lines": "24,35",
        "Brigade": 22,
        "LineBrigade": "24_22",
        "Status": "RUNNING",
        "LowFloor": "True",
        "Hour": 17,
        "Minute": 31
      },
      {
        "Time": "2016-03-21T17:32:51",
        "Lat": 52.2542,
        "Lon": 20.9163,
        "FirstLine": 24,
        "Lines": "24,35",
        "Brigade": 22,
        "LineBrigade": "24_22",
        "Status": "RUNNING",
        "LowFloor": "True",
        "Hour": 17,
        "Minute": 32
      },
      {
        "Time": "2016-03-21T17:33:52",
        "Lat": 52.2518,
        "Lon": 20.9143,
        "FirstLine": 24,
        "Lines": "24,35",
        "Brigade": 22,
        "LineBrigade": "24_22",
        "Status": "RUNNING",
        "LowFloor": "True",
        "Hour": 17,
        "Minute": 33
      },
      {
        "Time": "2016-03-21T17:34:52",
        "Lat": 52.2494,
        "Lon": 20.9196,
        "FirstLine": 24,
        "Lines": "24,35",
        "Brigade": 22,
        "LineBrigade": "24_22",
        "Status": "RUNNING",
        "LowFloor": "True",
        "Hour": 17,
        "Minute": 34
      },
      {
        "Time": "2016-03-21T17:35:52",
        "Lat": 52.2489,
        "Lon": 20.9205,
        "FirstLine": 24,
        "Lines": "24,35",
        "Brigade": 22,
        "LineBrigade": "24_22",
        "Status": "RUNNING",
        "LowFloor": "True",
        "Hour": 17,
        "Minute": 35
      },
      {
        "Time": "2016-03-21T17:36:53",
        "Lat": 52.2472,
        "Lon": 20.9264,
        "FirstLine": 24,
        "Lines": "24,35",
        "Brigade": 22,
        "LineBrigade": "24_22",
        "Status": "RUNNING",
        "LowFloor": "True",
        "Hour": 17,
        "Minute": 36
      },
      {
        "Time": "2016-03-21T17:37:54",
        "Lat": 52.2468,
        "Lon": 20.935,
        "FirstLine": 24,
        "Lines": "24,35",
        "Brigade": 22,
        "LineBrigade": "24_22",
        "Status": "RUNNING",
        "LowFloor": "True",
        "Hour": 17,
        "Minute": 37
      },
      {
        "Time": "2016-03-21T17:38:54",
        "Lat": 52.2467,
        "Lon": 20.9384,
        "FirstLine": 24,
        "Lines": "24,35",
        "Brigade": 22,
        "LineBrigade": "24_22",
        "Status": "RUNNING",
        "LowFloor": "True",
        "Hour": 17,
        "Minute": 38
      },
      {
        "Time": "2016-03-21T17:39:55",
        "Lat": 52.2468,
        "Lon": 20.9425,
        "FirstLine": 24,
        "Lines": "24,35",
        "Brigade": 22,
        "LineBrigade": "24_22",
        "Status": "RUNNING",
        "LowFloor": "True",
        "Hour": 17,
        "Minute": 39
      },
      {
        "Time": "2016-03-21T17:40:55",
        "Lat": 52.2469,
        "Lon": 20.9457,
        "FirstLine": 24,
        "Lines": "24,35",
        "Brigade": 22,
        "LineBrigade": "24_22",
        "Status": "RUNNING",
        "LowFloor": "True",
        "Hour": 17,
        "Minute": 40
      },
      {
        "Time": "2016-03-21T17:41:56",
        "Lat": 52.2469,
        "Lon": 20.9457,
        "FirstLine": 24,
        "Lines": "24,35",
        "Brigade": 22,
        "LineBrigade": "24_22",
        "Status": "RUNNING",
        "LowFloor": "True",
        "Hour": 17,
        "Minute": 41
      },
      {
        "Time": "2016-03-21T17:42:57",
        "Lat": 52.247,
        "Lon": 20.9462,
        "FirstLine": 24,
        "Lines": "24,35",
        "Brigade": 22,
        "LineBrigade": "24_22",
        "Status": "RUNNING",
        "LowFloor": "True",
        "Hour": 17,
        "Minute": 42
      },
      {
        "Time": "2016-03-21T17:43:57",
        "Lat": 52.247,
        "Lon": 20.9467,
        "FirstLine": 24,
        "Lines": "24,35",
        "Brigade": 22,
        "LineBrigade": "24_22",
        "Status": "RUNNING",
        "LowFloor": "True",
        "Hour": 17,
        "Minute": 43
      },
      {
        "Time": "2016-03-21T17:44:58",
        "Lat": 52.247,
        "Lon": 20.9467,
        "FirstLine": 24,
        "Lines": "24,35",
        "Brigade": 22,
        "LineBrigade": "24_22",
        "Status": "RUNNING",
        "LowFloor": "True",
        "Hour": 17,
        "Minute": 44
      },
      {
        "Time": "2016-03-21T17:45:59",
        "Lat": 52.2471,
        "Lon": 20.9501,
        "FirstLine": 24,
        "Lines": "24,35",
        "Brigade": 22,
        "LineBrigade": "24_22",
        "Status": "RUNNING",
        "LowFloor": "True",
        "Hour": 17,
        "Minute": 45
      },
      {
        "Time": "2016-03-21T17:47:00",
        "Lat": 52.2473,
        "Lon": 20.9563,
        "FirstLine": 24,
        "Lines": "24,35",
        "Brigade": 22,
        "LineBrigade": "24_22",
        "Status": "RUNNING",
        "LowFloor": "True",
        "Hour": 17,
        "Minute": 47
      },
      {
        "Time": "2016-03-21T17:48:00",
        "Lat": 52.2466,
        "Lon": 20.9618,
        "FirstLine": 24,
        "Lines": "24,35",
        "Brigade": 22,
        "LineBrigade": "24_22",
        "Status": "RUNNING",
        "LowFloor": "True",
        "Hour": 17,
        "Minute": 48
      },
      {
        "Time": "2016-03-21T17:49:01",
        "Lat": 52.2444,
        "Lon": 20.966,
        "FirstLine": 24,
        "Lines": "24,35",
        "Brigade": 22,
        "LineBrigade": "24_22",
        "Status": "RUNNING",
        "LowFloor": "True",
        "Hour": 17,
        "Minute": 49
      },
      {
        "Time": "2016-03-21T17:50:01",
        "Lat": 52.2409,
        "Lon": 20.9706,
        "FirstLine": 24,
        "Lines": "24,35",
        "Brigade": 22,
        "LineBrigade": "24_22",
        "Status": "RUNNING",
        "LowFloor": "True",
        "Hour": 17,
        "Minute": 50
      },
      {
        "Time": "2016-03-21T17:51:02",
        "Lat": 52.2375,
        "Lon": 20.9719,
        "FirstLine": 24,
        "Lines": "24,35",
        "Brigade": 22,
        "LineBrigade": "24_22",
        "Status": "RUNNING",
        "LowFloor": "True",
        "Hour": 17,
        "Minute": 51
      },
      {
        "Time": "2016-03-21T17:52:02",
        "Lat": 52.237,
        "Lon": 20.9721,
        "FirstLine": 24,
        "Lines": "24,35",
        "Brigade": 22,
        "LineBrigade": "24_22",
        "Status": "RUNNING",
        "LowFloor": "True",
        "Hour": 17,
        "Minute": 52
      },
      {
        "Time": "2016-03-21T17:53:03",
        "Lat": 52.2351,
        "Lon": 20.9737,
        "FirstLine": 24,
        "Lines": "24,35",
        "Brigade": 22,
        "LineBrigade": "24_22",
        "Status": "RUNNING",
        "LowFloor": "True",
        "Hour": 17,
        "Minute": 53
      },
      {
        "Time": "2016-03-21T17:54:04",
        "Lat": 52.2362,
        "Lon": 20.9782,
        "FirstLine": 24,
        "Lines": "24,35",
        "Brigade": 22,
        "LineBrigade": "24_22",
        "Status": "RUNNING",
        "LowFloor": "True",
        "Hour": 17,
        "Minute": 54
      },
      {
        "Time": "2016-03-21T17:55:04",
        "Lat": 52.2362,
        "Lon": 20.9804,
        "FirstLine": 24,
        "Lines": "24,35",
        "Brigade": 22,
        "LineBrigade": "24_22",
        "Status": "RUNNING",
        "LowFloor": "True",
        "Hour": 17,
        "Minute": 55
      },
      {
        "Time": "2016-03-21T17:56:05",
        "Lat": 52.2352,
        "Lon": 20.9808,
        "FirstLine": 24,
        "Lines": "24,35",
        "Brigade": 22,
        "LineBrigade": "24_22",
        "Status": "RUNNING",
        "LowFloor": "True",
        "Hour": 17,
        "Minute": 56
      },
      {
        "Time": "2016-03-21T17:57:06",
        "Lat": 52.2308,
        "Lon": 20.984,
        "FirstLine": 24,
        "Lines": "24,35",
        "Brigade": 22,
        "LineBrigade": "24_22",
        "Status": "RUNNING",
        "LowFloor": "True",
        "Hour": 17,
        "Minute": 57
      },
      {
        "Time": "2016-03-21T17:58:06",
        "Lat": 52.2282,
        "Lon": 20.9863,
        "FirstLine": 24,
        "Lines": "24,35",
        "Brigade": 22,
        "LineBrigade": "24_22",
        "Status": "RUNNING",
        "LowFloor": "True",
        "Hour": 17,
        "Minute": 58
      },
      {
        "Time": "2016-03-21T17:59:07",
        "Lat": 52.2255,
        "Lon": 20.9886,
        "FirstLine": 24,
        "Lines": "24,35",
        "Brigade": 22,
        "LineBrigade": "24_22",
        "Status": "RUNNING",
        "LowFloor": "True",
        "Hour": 17,
        "Minute": 59
      },
      {
        "Time": "2016-03-21T18:00:07",
        "Lat": 52.2252,
        "Lon": 20.9888,
        "FirstLine": 24,
        "Lines": "24,35",
        "Brigade": 22,
        "LineBrigade": "24_22",
        "Status": "RUNNING",
        "LowFloor": "True",
        "Hour": 18,
        "Minute": 0
      },
      {
        "Time": "2016-03-21T18:01:08",
        "Lat": 52.2252,
        "Lon": 20.9888,
        "FirstLine": 24,
        "Lines": "24,35",
        "Brigade": 22,
        "LineBrigade": "24_22",
        "Status": "RUNNING",
        "LowFloor": "True",
        "Hour": 18,
        "Minute": 1
      },
      {
        "Time": "2016-03-21T18:02:09",
        "Lat": 52.2253,
        "Lon": 20.9906,
        "FirstLine": 24,
        "Lines": "24,35",
        "Brigade": 22,
        "LineBrigade": "24_22",
        "Status": "RUNNING",
        "LowFloor": "True",
        "Hour": 18,
        "Minute": 2
      },
      {
        "Time": "2016-03-21T18:03:09",
        "Lat": 52.2263,
        "Lon": 20.9954,
        "FirstLine": 24,
        "Lines": "24,35",
        "Brigade": 22,
        "LineBrigade": "24_22",
        "Status": "RUNNING",
        "LowFloor": "True",
        "Hour": 18,
        "Minute": 3
      },
      {
        "Time": "2016-03-21T18:04:10",
        "Lat": 52.2264,
        "Lon": 20.9957,
        "FirstLine": 24,
        "Lines": "24,35",
        "Brigade": 22,
        "LineBrigade": "24_22",
        "Status": "RUNNING",
        "LowFloor": "True",
        "Hour": 18,
        "Minute": 4
      },
      {
        "Time": "2016-03-21T18:05:11",
        "Lat": 52.2276,
        "Lon": 21.0016,
        "FirstLine": 24,
        "Lines": "24,35",
        "Brigade": 22,
        "LineBrigade": "24_22",
        "Status": "RUNNING",
        "LowFloor": "True",
        "Hour": 18,
        "Minute": 5
      },
      {
        "Time": "2016-03-21T18:06:11",
        "Lat": 52.2282,
        "Lon": 21.0041,
        "FirstLine": 24,
        "Lines": "24,35",
        "Brigade": 22,
        "LineBrigade": "24_22",
        "Status": "RUNNING",
        "LowFloor": "True",
        "Hour": 18,
        "Minute": 6
      },
      {
        "Time": "2016-03-21T18:07:12",
        "Lat": 52.2297,
        "Lon": 21.0112,
        "FirstLine": 24,
        "Lines": "24,35",
        "Brigade": 22,
        "LineBrigade": "24_22",
        "Status": "RUNNING",
        "LowFloor": "True",
        "Hour": 18,
        "Minute": 7
      },
      {
        "Time": "2016-03-21T18:08:12",
        "Lat": 52.23,
        "Lon": 21.0124,
        "FirstLine": 24,
        "Lines": "24,35",
        "Brigade": 22,
        "LineBrigade": "24_22",
        "Status": "RUNNING",
        "LowFloor": "True",
        "Hour": 18,
        "Minute": 8
      },
      {
        "Time": "2016-03-21T18:09:13",
        "Lat": 52.2314,
        "Lon": 21.0193,
        "FirstLine": 24,
        "Lines": "24,35",
        "Brigade": 22,
        "LineBrigade": "24_22",
        "Status": "RUNNING",
        "LowFloor": "True",
        "Hour": 18,
        "Minute": 9
      },
      {
        "Time": "2016-03-21T18:10:14",
        "Lat": 52.2316,
        "Lon": 21.0202,
        "FirstLine": 24,
        "Lines": "24,35",
        "Brigade": 22,
        "LineBrigade": "24_22",
        "Status": "RUNNING",
        "LowFloor": "True",
        "Hour": 18,
        "Minute": 10
      },
      {
        "Time": "2016-03-21T18:11:14",
        "Lat": 52.2329,
        "Lon": 21.0266,
        "FirstLine": 24,
        "Lines": "24,35",
        "Brigade": 22,
        "LineBrigade": "24_22",
        "Status": "RUNNING",
        "LowFloor": "True",
        "Hour": 18,
        "Minute": 11
      },
      {
        "Time": "2016-03-21T18:12:15",
        "Lat": 52.2352,
        "Lon": 21.0373,
        "FirstLine": 24,
        "Lines": "24,35",
        "Brigade": 22,
        "LineBrigade": "24_22",
        "Status": "RUNNING",
        "LowFloor": "True",
        "Hour": 18,
        "Minute": 12
      },
      {
        "Time": "2016-03-21T18:13:17",
        "Lat": 52.2371,
        "Lon": 21.0468,
        "FirstLine": 24,
        "Lines": "24,35",
        "Brigade": 22,
        "LineBrigade": "24_22",
        "Status": "RUNNING",
        "LowFloor": "True",
        "Hour": 18,
        "Minute": 13
      },
      {
        "Time": "2016-03-21T18:14:16",
        "Lat": 52.238,
        "Lon": 21.051,
        "FirstLine": 24,
        "Lines": "24,35",
        "Brigade": 22,
        "LineBrigade": "24_22",
        "Status": "RUNNING",
        "LowFloor": "True",
        "Hour": 18,
        "Minute": 14
      },
      {
        "Time": "2016-03-21T18:15:17",
        "Lat": 52.2388,
        "Lon": 21.0552,
        "FirstLine": 24,
        "Lines": "24,35",
        "Brigade": 22,
        "LineBrigade": "24_22",
        "Status": "RUNNING",
        "LowFloor": "True",
        "Hour": 18,
        "Minute": 15
      },
      {
        "Time": "2016-03-21T18:16:17",
        "Lat": 52.2398,
        "Lon": 21.0607,
        "FirstLine": 24,
        "Lines": "24,35",
        "Brigade": 22,
        "LineBrigade": "24_22",
        "Status": "RUNNING",
        "LowFloor": "True",
        "Hour": 18,
        "Minute": 16
      },
      {
        "Time": "2016-03-21T18:17:18",
        "Lat": 52.2415,
        "Lon": 21.0684,
        "FirstLine": 24,
        "Lines": "24,35",
        "Brigade": 22,
        "LineBrigade": "24_22",
        "Status": "RUNNING",
        "LowFloor": "True",
        "Hour": 18,
        "Minute": 17
      },
      {
        "Time": "2016-03-21T18:53:41",
        "Lat": 52.2406,
        "Lon": 21.0631,
        "FirstLine": 24,
        "Lines": "24,35",
        "Brigade": 22,
        "LineBrigade": "24_22",
        "Status": "RUNNING",
        "LowFloor": "True",
        "Hour": 18,
        "Minute": 53
      },
      {
        "Time": "2016-03-21T18:54:41",
        "Lat": 52.2397,
        "Lon": 21.0591,
        "FirstLine": 24,
        "Lines": "24,35",
        "Brigade": 22,
        "LineBrigade": "24_22",
        "Status": "RUNNING",
        "LowFloor": "True",
        "Hour": 18,
        "Minute": 54
      },
      {
        "Time": "2016-03-21T18:55:42",
        "Lat": 52.2386,
        "Lon": 21.0536,
        "FirstLine": 24,
        "Lines": "24,35",
        "Brigade": 22,
        "LineBrigade": "24_22",
        "Status": "RUNNING",
        "LowFloor": "True",
        "Hour": 18,
        "Minute": 55
      },
      {
        "Time": "2016-03-21T18:56:43",
        "Lat": 52.2379,
        "Lon": 21.0504,
        "FirstLine": 24,
        "Lines": "24,35",
        "Brigade": 22,
        "LineBrigade": "24_22",
        "Status": "RUNNING",
        "LowFloor": "True",
        "Hour": 18,
        "Minute": 56
      },
      {
        "Time": "2016-03-21T18:57:43",
        "Lat": 52.2362,
        "Lon": 21.0421,
        "FirstLine": 24,
        "Lines": "24,35",
        "Brigade": 22,
        "LineBrigade": "24_22",
        "Status": "RUNNING",
        "LowFloor": "True",
        "Hour": 18,
        "Minute": 57
      },
      {
        "Time": "2016-03-21T18:58:44",
        "Lat": 52.235,
        "Lon": 21.0362,
        "FirstLine": 24,
        "Lines": "24,35",
        "Brigade": 22,
        "LineBrigade": "24_22",
        "Status": "RUNNING",
        "LowFloor": "True",
        "Hour": 18,
        "Minute": 58
      },
      {
        "Time": "2016-03-21T18:59:44",
        "Lat": 52.234,
        "Lon": 21.0314,
        "FirstLine": 24,
        "Lines": "24,35",
        "Brigade": 22,
        "LineBrigade": "24_22",
        "Status": "RUNNING",
        "LowFloor": "True",
        "Hour": 18,
        "Minute": 59
      },
      {
        "Time": "2016-03-21T19:00:45",
        "Lat": 52.2323,
        "Lon": 21.0234,
        "FirstLine": 24,
        "Lines": "24,35",
        "Brigade": 22,
        "LineBrigade": "24_22",
        "Status": "RUNNING",
        "LowFloor": "True",
        "Hour": 19,
        "Minute": 0
      },
      {
        "Time": "2016-03-21T19:01:46",
        "Lat": 52.232,
        "Lon": 21.0219,
        "FirstLine": 24,
        "Lines": "24,35",
        "Brigade": 22,
        "LineBrigade": "24_22",
        "Status": "RUNNING",
        "LowFloor": "True",
        "Hour": 19,
        "Minute": 1
      },
      {
        "Time": "2016-03-21T19:02:46",
        "Lat": 52.231,
        "Lon": 21.0173,
        "FirstLine": 24,
        "Lines": "24,35",
        "Brigade": 22,
        "LineBrigade": "24_22",
        "Status": "RUNNING",
        "LowFloor": "True",
        "Hour": 19,
        "Minute": 2
      },
      {
        "Time": "2016-03-21T19:03:47",
        "Lat": 52.2309,
        "Lon": 21.0168,
        "FirstLine": 24,
        "Lines": "24,35",
        "Brigade": 22,
        "LineBrigade": "24_22",
        "Status": "RUNNING",
        "LowFloor": "True",
        "Hour": 19,
        "Minute": 3
      },
      {
        "Time": "2016-03-21T19:04:48",
        "Lat": 52.2301,
        "Lon": 21.0132,
        "FirstLine": 24,
        "Lines": "24,35",
        "Brigade": 22,
        "LineBrigade": "24_22",
        "Status": "RUNNING",
        "LowFloor": "True",
        "Hour": 19,
        "Minute": 4
      },
      {
        "Time": "2016-03-21T19:05:48",
        "Lat": 52.23,
        "Lon": 21.0123,
        "FirstLine": 24,
        "Lines": "24,35",
        "Brigade": 22,
        "LineBrigade": "24_22",
        "Status": "RUNNING",
        "LowFloor": "True",
        "Hour": 19,
        "Minute": 5
      },
      {
        "Time": "2016-03-21T19:06:49",
        "Lat": 52.2298,
        "Lon": 21.0115,
        "FirstLine": 24,
        "Lines": "24,35",
        "Brigade": 22,
        "LineBrigade": "24_22",
        "Status": "RUNNING",
        "LowFloor": "True",
        "Hour": 19,
        "Minute": 6
      },
      {
        "Time": "2016-03-21T19:07:50",
        "Lat": 52.2279,
        "Lon": 21.0026,
        "FirstLine": 24,
        "Lines": "24,35",
        "Brigade": 22,
        "LineBrigade": "24_22",
        "Status": "RUNNING",
        "LowFloor": "True",
        "Hour": 19,
        "Minute": 7
      },
      {
        "Time": "2016-03-21T19:08:50",
        "Lat": 52.2279,
        "Lon": 21.0026,
        "FirstLine": 24,
        "Lines": "24,35",
        "Brigade": 22,
        "LineBrigade": "24_22",
        "Status": "RUNNING",
        "LowFloor": "True",
        "Hour": 19,
        "Minute": 8
      },
      {
        "Time": "2016-03-21T19:09:51",
        "Lat": 52.2266,
        "Lon": 20.9964,
        "FirstLine": 24,
        "Lines": "24,35",
        "Brigade": 22,
        "LineBrigade": "24_22",
        "Status": "RUNNING",
        "LowFloor": "True",
        "Hour": 19,
        "Minute": 9
      },
      {
        "Time": "2016-03-21T19:10:51",
        "Lat": 52.2253,
        "Lon": 20.9906,
        "FirstLine": 24,
        "Lines": "24,35",
        "Brigade": 22,
        "LineBrigade": "24_22",
        "Status": "RUNNING",
        "LowFloor": "True",
        "Hour": 19,
        "Minute": 10
      },
      {
        "Time": "2016-03-21T19:11:52",
        "Lat": 52.2251,
        "Lon": 20.9897,
        "FirstLine": 24,
        "Lines": "24,35",
        "Brigade": 22,
        "LineBrigade": "24_22",
        "Status": "RUNNING",
        "LowFloor": "True",
        "Hour": 19,
        "Minute": 11
      },
      {
        "Time": "2016-03-21T19:12:53",
        "Lat": 52.225,
        "Lon": 20.9896,
        "FirstLine": 24,
        "Lines": "24,35",
        "Brigade": 22,
        "LineBrigade": "24_22",
        "Status": "RUNNING",
        "LowFloor": "True",
        "Hour": 19,
        "Minute": 12
      },
      {
        "Time": "2016-03-21T19:13:53",
        "Lat": 52.2268,
        "Lon": 20.9875,
        "FirstLine": 24,
        "Lines": "24,35",
        "Brigade": 22,
        "LineBrigade": "24_22",
        "Status": "RUNNING",
        "LowFloor": "True",
        "Hour": 19,
        "Minute": 13
      },
      {
        "Time": "2016-03-21T19:14:54",
        "Lat": 52.2299,
        "Lon": 20.9848,
        "FirstLine": 24,
        "Lines": "24,35",
        "Brigade": 22,
        "LineBrigade": "24_22",
        "Status": "RUNNING",
        "LowFloor": "True",
        "Hour": 19,
        "Minute": 14
      },
      {
        "Time": "2016-03-21T19:15:55",
        "Lat": 52.2301,
        "Lon": 20.9847,
        "FirstLine": 24,
        "Lines": "24,35",
        "Brigade": 22,
        "LineBrigade": "24_22",
        "Status": "RUNNING",
        "LowFloor": "True",
        "Hour": 19,
        "Minute": 15
      },
      {
        "Time": "2016-03-21T19:16:55",
        "Lat": 52.2341,
        "Lon": 20.9818,
        "FirstLine": 24,
        "Lines": "24,35",
        "Brigade": 22,
        "LineBrigade": "24_22",
        "Status": "RUNNING",
        "LowFloor": "True",
        "Hour": 19,
        "Minute": 16
      },
      {
        "Time": "2016-03-21T19:17:56",
        "Lat": 52.2365,
        "Lon": 20.9804,
        "FirstLine": 24,
        "Lines": "24,35",
        "Brigade": 22,
        "LineBrigade": "24_22",
        "Status": "RUNNING",
        "LowFloor": "True",
        "Hour": 19,
        "Minute": 17
      },
      {
        "Time": "2016-03-21T19:18:57",
        "Lat": 52.2361,
        "Lon": 20.9773,
        "FirstLine": 24,
        "Lines": "24,35",
        "Brigade": 22,
        "LineBrigade": "24_22",
        "Status": "RUNNING",
        "LowFloor": "True",
        "Hour": 19,
        "Minute": 18
      },
      {
        "Time": "2016-03-21T19:19:57",
        "Lat": 52.2351,
        "Lon": 20.9735,
        "FirstLine": 24,
        "Lines": "24,35",
        "Brigade": 22,
        "LineBrigade": "24_22",
        "Status": "RUNNING",
        "LowFloor": "True",
        "Hour": 19,
        "Minute": 19
      },
      {
        "Time": "2016-03-21T19:20:58",
        "Lat": 52.2342,
        "Lon": 20.9696,
        "FirstLine": 24,
        "Lines": "24,35",
        "Brigade": 22,
        "LineBrigade": "24_22",
        "Status": "RUNNING",
        "LowFloor": "True",
        "Hour": 19,
        "Minute": 20
      },
      {
        "Time": "2016-03-21T19:21:58",
        "Lat": 52.234,
        "Lon": 20.9688,
        "FirstLine": 24,
        "Lines": "24,35",
        "Brigade": 22,
        "LineBrigade": "24_22",
        "Status": "RUNNING",
        "LowFloor": "True",
        "Hour": 19,
        "Minute": 21
      },
      {
        "Time": "2016-03-21T19:22:59",
        "Lat": 52.234,
        "Lon": 20.9688,
        "FirstLine": 24,
        "Lines": "24,35",
        "Brigade": 22,
        "LineBrigade": "24_22",
        "Status": "RUNNING",
        "LowFloor": "True",
        "Hour": 19,
        "Minute": 22
      },
      {
        "Time": "2016-03-21T19:24:00",
        "Lat": 52.2317,
        "Lon": 20.9689,
        "FirstLine": 24,
        "Lines": "24,35",
        "Brigade": 22,
        "LineBrigade": "24_22",
        "Status": "RUNNING",
        "LowFloor": "True",
        "Hour": 19,
        "Minute": 24
      },
      {
        "Time": "2016-03-21T19:25:00",
        "Lat": 52.2315,
        "Lon": 20.9699,
        "FirstLine": 24,
        "Lines": "24,35",
        "Brigade": 22,
        "LineBrigade": "24_22",
        "Status": "RUNNING",
        "LowFloor": "True",
        "Hour": 19,
        "Minute": 25
      },
      {
        "Time": "2016-03-21T19:26:01",
        "Lat": 52.2322,
        "Lon": 20.9703,
        "FirstLine": 24,
        "Lines": "24,35",
        "Brigade": 22,
        "LineBrigade": "24_22",
        "Status": "RUNNING",
        "LowFloor": "True",
        "Hour": 19,
        "Minute": 26
      },
      {
        "Time": "2016-03-21T19:27:02",
        "Lat": 52.2325,
        "Lon": 20.9712,
        "FirstLine": 24,
        "Lines": "24,35",
        "Brigade": 22,
        "LineBrigade": "24_22",
        "Status": "RUNNING",
        "LowFloor": "True",
        "Hour": 19,
        "Minute": 27
      }
    ]
  }
]
