[
  {
    "res": [
      {
        "Lat": 52.2168,
        "Lon": 20.8961,
        "Brigade": "027",
        "Time": "2017-05-15 08:02:18",
        "Lines": "105"
      },
      {
        "Lat": 52.2166,
        "Lon": 20.896,
        "Brigade": "027",
        "Time": "2017-05-15 08:02:28",
        "Lines": "105"
      },
      {
        "Lat": 52.2163,
        "Lon": 20.8962,
        "Brigade": "027",
        "Time": "2017-05-15 08:02:38",
        "Lines": "105"
      },
      {
        "Lat": 52.2163,
        "Lon": 20.8963,
        "Brigade": "027",
        "Time": "2017-05-15 08:02:48",
        "Lines": "105"
      },
      {
        "Lat": 52.2163,
        "Lon": 20.8963,
        "Brigade": "027",
        "Time": "2017-05-15 08:03:03",
        "Lines": "105"
      },
      {
        "Lat": 52.2163,
        "Lon": 20.897,
        "Brigade": "027",
        "Time": "2017-05-15 08:03:13",
        "Lines": "105"
      },
      {
        "Lat": 52.2163,
        "Lon": 20.8975,
        "Brigade": "027",
        "Time": "2017-05-15 08:03:23",
        "Lines": "105"
      },
      {
        "Lat": 52.2164,
        "Lon": 20.8977,
        "Brigade": "027",
        "Time": "2017-05-15 08:03:33",
        "Lines": "105"
      },
      {
        "Lat": 52.2166,
        "Lon": 20.8992,
        "Brigade": "027",
        "Time": "2017-05-15 08:03:43",
        "Lines": "105"
      },
      {
        "Lat": 52.2169,
        "Lon": 20.9012,
        "Brigade": "027",
        "Time": "2017-05-15 08:03:58",
        "Lines": "105"
      },
      {
        "Lat": 52.2169,
        "Lon": 20.9012,
        "Brigade": "027",
        "Time": "2017-05-15 08:04:08",
        "Lines": "105"
      },
      {
        "Lat": 52.217,
        "Lon": 20.9021,
        "Brigade": "027",
        "Time": "2017-05-15 08:04:18",
        "Lines": "105"
      },
      {
        "Lat": 52.2172,
        "Lon": 20.9039,
        "Brigade": "027",
        "Time": "2017-05-15 08:04:28",
        "Lines": "105"
      },
      {
        "Lat": 52.2176,
        "Lon": 20.9061,
        "Brigade": "027",
        "Time": "2017-05-15 08:04:38",
        "Lines": "105"
      },
      {
        "Lat": 52.2183,
        "Lon": 20.9091,
        "Brigade": "027",
        "Time": "2017-05-15 08:04:53",
        "Lines": "105"
      },
      {
        "Lat": 52.2183,
        "Lon": 20.9092,
        "Brigade": "027",
        "Time": "2017-05-15 08:05:03",
        "Lines": "105"
      },
      {
        "Lat": 52.2183,
        "Lon": 20.9092,
        "Brigade": "027",
        "Time": "2017-05-15 08:05:13",
        "Lines": "105"
      },
      {
        "Lat": 52.2183,
        "Lon": 20.9092,
        "Brigade": "027",
        "Time": "2017-05-15 08:05:28",
        "Lines": "105"
      },
      {
        "Lat": 52.2183,
        "Lon": 20.9092,
        "Brigade": "027",
        "Time": "2017-05-15 08:05:38",
        "Lines": "105"
      },
      {
        "Lat": 52.2186,
        "Lon": 20.9105,
        "Brigade": "027",
        "Time": "2017-05-15 08:05:53",
        "Lines": "105"
      },
      {
        "Lat": 52.2191,
        "Lon": 20.9124,
        "Brigade": "027",
        "Time": "2017-05-15 08:06:03",
        "Lines": "105"
      },
      {
        "Lat": 52.2197,
        "Lon": 20.915,
        "Brigade": "027",
        "Time": "2017-05-15 08:06:18",
        "Lines": "105"
      },
      {
        "Lat": 52.2199,
        "Lon": 20.9161,
        "Brigade": "027",
        "Time": "2017-05-15 08:06:28",
        "Lines": "105"
      },
      {
        "Lat": 52.2202,
        "Lon": 20.9172,
        "Brigade": "027",
        "Time": "2017-05-15 08:06:38",
        "Lines": "105"
      },
      {
        "Lat": 52.2204,
        "Lon": 20.9181,
        "Brigade": "027",
        "Time": "2017-05-15 08:06:48",
        "Lines": "105"
      },
      {
        "Lat": 52.2204,
        "Lon": 20.9182,
        "Brigade": "027",
        "Time": "2017-05-15 08:07:03",
        "Lines": "105"
      },
      {
        "Lat": 52.2206,
        "Lon": 20.9186,
        "Brigade": "027",
        "Time": "2017-05-15 08:07:13",
        "Lines": "105"
      },
      {
        "Lat": 52.2206,
        "Lon": 20.9186,
        "Brigade": "027",
        "Time": "2017-05-15 08:07:23",
        "Lines": "105"
      },
      {
        "Lat": 52.2206,
        "Lon": 20.9187,
        "Brigade": "027",
        "Time": "2017-05-15 08:07:28",
        "Lines": "105"
      },
      {
        "Lat": 52.2206,
        "Lon": 20.9186,
        "Brigade": "027",
        "Time": "2017-05-15 08:07:43",
        "Lines": "105"
      },
      {
        "Lat": 52.2208,
        "Lon": 20.9195,
        "Brigade": "027",
        "Time": "2017-05-15 08:07:58",
        "Lines": "105"
      },
      {
        "Lat": 52.2212,
        "Lon": 20.9211,
        "Brigade": "027",
        "Time": "2017-05-15 08:08:08",
        "Lines": "105"
      },
      {
        "Lat": 52.2216,
        "Lon": 20.9228,
        "Brigade": "027",
        "Time": "2017-05-15 08:08:18",
        "Lines": "105"
      },
      {
        "Lat": 52.2218,
        "Lon": 20.924,
        "Brigade": "027",
        "Time": "2017-05-15 08:08:29",
        "Lines": "105"
      },
      {
        "Lat": 52.2218,
        "Lon": 20.9241,
        "Brigade": "027",
        "Time": "2017-05-15 08:08:43",
        "Lines": "105"
      },
      {
        "Lat": 52.2221,
        "Lon": 20.9252,
        "Brigade": "027",
        "Time": "2017-05-15 08:08:53",
        "Lines": "105"
      },
      {
        "Lat": 52.2225,
        "Lon": 20.9269,
        "Brigade": "027",
        "Time": "2017-05-15 08:09:03",
        "Lines": "105"
      },
      {
        "Lat": 52.2229,
        "Lon": 20.9287,
        "Brigade": "027",
        "Time": "2017-05-15 08:09:13",
        "Lines": "105"
      },
      {
        "Lat": 52.2234,
        "Lon": 20.9304,
        "Brigade": "027",
        "Time": "2017-05-15 08:09:23",
        "Lines": "105"
      },
      {
        "Lat": 52.2235,
        "Lon": 20.9309,
        "Brigade": "027",
        "Time": "2017-05-15 08:09:38",
        "Lines": "105"
      },
      {
        "Lat": 52.2235,
        "Lon": 20.9309,
        "Brigade": "027",
        "Time": "2017-05-15 08:09:48",
        "Lines": "105"
      },
      {
        "Lat": 52.2238,
        "Lon": 20.9319,
        "Brigade": "027",
        "Time": "2017-05-15 08:09:58",
        "Lines": "105"
      },
      {
        "Lat": 52.2242,
        "Lon": 20.9333,
        "Brigade": "027",
        "Time": "2017-05-15 08:10:08",
        "Lines": "105"
      },
      {
        "Lat": 52.2246,
        "Lon": 20.9345,
        "Brigade": "027",
        "Time": "2017-05-15 08:10:18",
        "Lines": "105"
      },
      {
        "Lat": 52.2248,
        "Lon": 20.9354,
        "Brigade": "027",
        "Time": "2017-05-15 08:10:33",
        "Lines": "105"
      },
      {
        "Lat": 52.2249,
        "Lon": 20.9357,
        "Brigade": "027",
        "Time": "2017-05-15 08:10:43",
        "Lines": "105"
      },
      {
        "Lat": 52.2249,
        "Lon": 20.9357,
        "Brigade": "027",
        "Time": "2017-05-15 08:10:53",
        "Lines": "105"
      },
      {
        "Lat": 52.225,
        "Lon": 20.936,
        "Brigade": "027",
        "Time": "2017-05-15 08:11:03",
        "Lines": "105"
      },
      {
        "Lat": 52.2253,
        "Lon": 20.9372,
        "Brigade": "027",
        "Time": "2017-05-15 08:11:13",
        "Lines": "105"
      },
      {
        "Lat": 52.2255,
        "Lon": 20.9379,
        "Brigade": "027",
        "Time": "2017-05-15 08:11:28",
        "Lines": "105"
      },
      {
        "Lat": 52.2255,
        "Lon": 20.9379,
        "Brigade": "027",
        "Time": "2017-05-15 08:11:38",
        "Lines": "105"
      },
      {
        "Lat": 52.2257,
        "Lon": 20.9389,
        "Brigade": "027",
        "Time": "2017-05-15 08:11:48",
        "Lines": "105"
      },
      {
        "Lat": 52.2258,
        "Lon": 20.9407,
        "Brigade": "027",
        "Time": "2017-05-15 08:11:58",
        "Lines": "105"
      },
      {
        "Lat": 52.226,
        "Lon": 20.9425,
        "Brigade": "027",
        "Time": "2017-05-15 08:12:08",
        "Lines": "105"
      },
      {
        "Lat": 52.2262,
        "Lon": 20.9434,
        "Brigade": "027",
        "Time": "2017-05-15 08:12:33",
        "Lines": "105"
      },
      {
        "Lat": 52.2263,
        "Lon": 20.9443,
        "Brigade": "027",
        "Time": "2017-05-15 08:12:43",
        "Lines": "105"
      },
      {
        "Lat": 52.2267,
        "Lon": 20.9469,
        "Brigade": "027",
        "Time": "2017-05-15 08:12:58",
        "Lines": "105"
      },
      {
        "Lat": 52.227,
        "Lon": 20.9489,
        "Brigade": "027",
        "Time": "2017-05-15 08:13:08",
        "Lines": "105"
      },
      {
        "Lat": 52.2273,
        "Lon": 20.9508,
        "Brigade": "027",
        "Time": "2017-05-15 08:13:18",
        "Lines": "105"
      },
      {
        "Lat": 52.2275,
        "Lon": 20.952,
        "Brigade": "027",
        "Time": "2017-05-15 08:13:28",
        "Lines": "105"
      },
      {
        "Lat": 52.2276,
        "Lon": 20.9523,
        "Brigade": "027",
        "Time": "2017-05-15 08:13:43",
        "Lines": "105"
      },
      {
        "Lat": 52.2276,
        "Lon": 20.9524,
        "Brigade": "027",
        "Time": "2017-05-15 08:13:48",
        "Lines": "105"
      },
      {
        "Lat": 52.2278,
        "Lon": 20.9528,
        "Brigade": "027",
        "Time": "2017-05-15 08:13:57",
        "Lines": "105"
      },
      {
        "Lat": 52.228,
        "Lon": 20.9539,
        "Brigade": "027",
        "Time": "2017-05-15 08:13:58",
        "Lines": "105"
      },
      {
        "Lat": 52.228,
        "Lon": 20.9539,
        "Brigade": "027",
        "Time": "2017-05-15 08:14:33",
        "Lines": "105"
      },
      {
        "Lat": 52.228,
        "Lon": 20.9539,
        "Brigade": "027",
        "Time": "2017-05-15 08:14:58",
        "Lines": "105"
      },
      {
        "Lat": 52.228,
        "Lon": 20.9541,
        "Brigade": "027",
        "Time": "2017-05-15 08:15:08",
        "Lines": "105"
      },
      {
        "Lat": 52.2281,
        "Lon": 20.955,
        "Brigade": "027",
        "Time": "2017-05-15 08:15:18",
        "Lines": "105"
      },
      {
        "Lat": 52.228,
        "Lon": 20.9551,
        "Brigade": "027",
        "Time": "2017-05-15 08:15:28",
        "Lines": "105"
      },
      {
        "Lat": 52.2279,
        "Lon": 20.9566,
        "Brigade": "027",
        "Time": "2017-05-15 08:15:43",
        "Lines": "105"
      },
      {
        "Lat": 52.2279,
        "Lon": 20.9572,
        "Brigade": "027",
        "Time": "2017-05-15 08:15:53",
        "Lines": "105"
      },
      {
        "Lat": 52.228,
        "Lon": 20.958,
        "Brigade": "027",
        "Time": "2017-05-15 08:16:03",
        "Lines": "105"
      },
      {
        "Lat": 52.228,
        "Lon": 20.9582,
        "Brigade": "027",
        "Time": "2017-05-15 08:16:13",
        "Lines": "105"
      },
      {
        "Lat": 52.228,
        "Lon": 20.9584,
        "Brigade": "027",
        "Time": "2017-05-15 08:16:28",
        "Lines": "105"
      },
      {
        "Lat": 52.228,
        "Lon": 20.9589,
        "Brigade": "027",
        "Time": "2017-05-15 08:16:38",
        "Lines": "105"
      },
      {
        "Lat": 52.2281,
        "Lon": 20.9601,
        "Brigade": "027",
        "Time": "2017-05-15 08:16:48",
        "Lines": "105"
      },
      {
        "Lat": 52.2282,
        "Lon": 20.9617,
        "Brigade": "027",
        "Time": "2017-05-15 08:16:58",
        "Lines": "105"
      },
      {
        "Lat": 52.2283,
        "Lon": 20.9636,
        "Brigade": "027",
        "Time": "2017-05-15 08:17:08",
        "Lines": "105"
      },
      {
        "Lat": 52.2284,
        "Lon": 20.9659,
        "Brigade": "027",
        "Time": "2017-05-15 08:17:23",
        "Lines": "105"
      },
      {
        "Lat": 52.2284,
        "Lon": 20.9664,
        "Brigade": "027",
        "Time": "2017-05-15 08:17:33",
        "Lines": "105"
      },
      {
        "Lat": 52.2284,
        "Lon": 20.9665,
        "Brigade": "027",
        "Time": "2017-05-15 08:17:43",
        "Lines": "105"
      },
      {
        "Lat": 52.2285,
        "Lon": 20.9665,
        "Brigade": "027",
        "Time": "2017-05-15 08:17:53",
        "Lines": "105"
      },
      {
        "Lat": 52.2285,
        "Lon": 20.9665,
        "Brigade": "027",
        "Time": "2017-05-15 08:18:03",
        "Lines": "105"
      },
      {
        "Lat": 52.2285,
        "Lon": 20.9668,
        "Brigade": "027",
        "Time": "2017-05-15 08:18:13",
        "Lines": "105"
      },
      {
        "Lat": 52.2287,
        "Lon": 20.9688,
        "Brigade": "027",
        "Time": "2017-05-15 08:18:28",
        "Lines": "105"
      },
      {
        "Lat": 52.2288,
        "Lon": 20.9701,
        "Brigade": "027",
        "Time": "2017-05-15 08:18:38",
        "Lines": "105"
      },
      {
        "Lat": 52.2288,
        "Lon": 20.9704,
        "Brigade": "027",
        "Time": "2017-05-15 08:18:48",
        "Lines": "105"
      },
      {
        "Lat": 52.2288,
        "Lon": 20.9705,
        "Brigade": "027",
        "Time": "2017-05-15 08:19:03",
        "Lines": "105"
      },
      {
        "Lat": 52.2288,
        "Lon": 20.9713,
        "Brigade": "027",
        "Time": "2017-05-15 08:19:13",
        "Lines": "105"
      },
      {
        "Lat": 52.2289,
        "Lon": 20.9727,
        "Brigade": "027",
        "Time": "2017-05-15 08:19:23",
        "Lines": "105"
      },
      {
        "Lat": 52.229,
        "Lon": 20.9745,
        "Brigade": "027",
        "Time": "2017-05-15 08:19:33",
        "Lines": "105"
      },
      {
        "Lat": 52.2291,
        "Lon": 20.9763,
        "Brigade": "027",
        "Time": "2017-05-15 08:19:43",
        "Lines": "105"
      },
      {
        "Lat": 52.2292,
        "Lon": 20.9777,
        "Brigade": "027",
        "Time": "2017-05-15 08:19:58",
        "Lines": "105"
      },
      {
        "Lat": 52.2292,
        "Lon": 20.9777,
        "Brigade": "027",
        "Time": "2017-05-15 08:20:08",
        "Lines": "105"
      },
      {
        "Lat": 52.2292,
        "Lon": 20.9777,
        "Brigade": "027",
        "Time": "2017-05-15 08:20:18",
        "Lines": "105"
      },
      {
        "Lat": 52.2292,
        "Lon": 20.9777,
        "Brigade": "027",
        "Time": "2017-05-15 08:20:28",
        "Lines": "105"
      },
      {
        "Lat": 52.2291,
        "Lon": 20.9778,
        "Brigade": "027",
        "Time": "2017-05-15 08:20:38",
        "Lines": "105"
      },
      {
        "Lat": 52.2292,
        "Lon": 20.9778,
        "Brigade": "027",
        "Time": "2017-05-15 08:20:48",
        "Lines": "105"
      },
      {
        "Lat": 52.2293,
        "Lon": 20.9794,
        "Brigade": "027",
        "Time": "2017-05-15 08:21:03",
        "Lines": "105"
      },
      {
        "Lat": 52.2295,
        "Lon": 20.9803,
        "Brigade": "027",
        "Time": "2017-05-15 08:21:14",
        "Lines": "105"
      },
      {
        "Lat": 52.2295,
        "Lon": 20.9804,
        "Brigade": "027",
        "Time": "2017-05-15 08:21:28",
        "Lines": "105"
      },
      {
        "Lat": 52.2295,
        "Lon": 20.9804,
        "Brigade": "027",
        "Time": "2017-05-15 08:21:38",
        "Lines": "105"
      },
      {
        "Lat": 52.2295,
        "Lon": 20.9804,
        "Brigade": "027",
        "Time": "2017-05-15 08:21:53",
        "Lines": "105"
      },
      {
        "Lat": 52.2295,
        "Lon": 20.9804,
        "Brigade": "027",
        "Time": "2017-05-15 08:22:03",
        "Lines": "105"
      },
      {
        "Lat": 52.2295,
        "Lon": 20.9806,
        "Brigade": "027",
        "Time": "2017-05-15 08:22:13",
        "Lines": "105"
      },
      {
        "Lat": 52.2295,
        "Lon": 20.9807,
        "Brigade": "027",
        "Time": "2017-05-15 08:22:23",
        "Lines": "105"
      },
      {
        "Lat": 52.2295,
        "Lon": 20.9808,
        "Brigade": "027",
        "Time": "2017-05-15 08:22:38",
        "Lines": "105"
      },
      {
        "Lat": 52.2295,
        "Lon": 20.9808,
        "Brigade": "027",
        "Time": "2017-05-15 08:22:48",
        "Lines": "105"
      },
      {
        "Lat": 52.2296,
        "Lon": 20.9809,
        "Brigade": "027",
        "Time": "2017-05-15 08:22:58",
        "Lines": "105"
      },
      {
        "Lat": 52.2297,
        "Lon": 20.981,
        "Brigade": "027",
        "Time": "2017-05-15 08:23:08",
        "Lines": "105"
      },
      {
        "Lat": 52.2297,
        "Lon": 20.981,
        "Brigade": "027",
        "Time": "2017-05-15 08:23:18",
        "Lines": "105"
      },
      {
        "Lat": 52.2298,
        "Lon": 20.9814,
        "Brigade": "027",
        "Time": "2017-05-15 08:23:28",
        "Lines": "105"
      },
      {
        "Lat": 52.2299,
        "Lon": 20.9817,
        "Brigade": "027",
        "Time": "2017-05-15 08:23:38",
        "Lines": "105"
      },
      {
        "Lat": 52.2301,
        "Lon": 20.9825,
        "Brigade": "027",
        "Time": "2017-05-15 08:23:53",
        "Lines": "105"
      },
      {
        "Lat": 52.23,
        "Lon": 20.9827,
        "Brigade": "027",
        "Time": "2017-05-15 08:24:03",
        "Lines": "105"
      },
      {
        "Lat": 52.2299,
        "Lon": 20.983,
        "Brigade": "027",
        "Time": "2017-05-15 08:24:13",
        "Lines": "105"
      },
      {
        "Lat": 52.2299,
        "Lon": 20.9835,
        "Brigade": "027",
        "Time": "2017-05-15 08:24:23",
        "Lines": "105"
      },
      {
        "Lat": 52.2299,
        "Lon": 20.9835,
        "Brigade": "027",
        "Time": "2017-05-15 08:24:38",
        "Lines": "105"
      },
      {
        "Lat": 52.2299,
        "Lon": 20.9835,
        "Brigade": "027",
        "Time": "2017-05-15 08:24:48",
        "Lines": "105"
      },
      {
        "Lat": 52.2299,
        "Lon": 20.9835,
        "Brigade": "027",
        "Time": "2017-05-15 08:24:58",
        "Lines": "105"
      },
      {
        "Lat": 52.2299,
        "Lon": 20.9835,
        "Brigade": "027",
        "Time": "2017-05-15 08:25:08",
        "Lines": "105"
      },
      {
        "Lat": 52.2299,
        "Lon": 20.9835,
        "Brigade": "027",
        "Time": "2017-05-15 08:25:18",
        "Lines": "105"
      },
      {
        "Lat": 52.23,
        "Lon": 20.9839,
        "Brigade": "027",
        "Time": "2017-05-15 08:25:33",
        "Lines": "105"
      },
      {
        "Lat": 52.23,
        "Lon": 20.9841,
        "Brigade": "027",
        "Time": "2017-05-15 08:25:43",
        "Lines": "105"
      },
      {
        "Lat": 52.23,
        "Lon": 20.9842,
        "Brigade": "027",
        "Time": "2017-05-15 08:25:53",
        "Lines": "105"
      },
      {
        "Lat": 52.2299,
        "Lon": 20.9844,
        "Brigade": "027",
        "Time": "2017-05-15 08:26:03",
        "Lines": "105"
      },
      {
        "Lat": 52.2298,
        "Lon": 20.9845,
        "Brigade": "027",
        "Time": "2017-05-15 08:26:18",
        "Lines": "105"
      },
      {
        "Lat": 52.2298,
        "Lon": 20.9846,
        "Brigade": "027",
        "Time": "2017-05-15 08:26:28",
        "Lines": "105"
      },
      {
        "Lat": 52.2298,
        "Lon": 20.9846,
        "Brigade": "027",
        "Time": "2017-05-15 08:26:38",
        "Lines": "105"
      },
      {
        "Lat": 52.2297,
        "Lon": 20.9847,
        "Brigade": "027",
        "Time": "2017-05-15 08:26:48",
        "Lines": "105"
      },
      {
        "Lat": 52.2297,
        "Lon": 20.9847,
        "Brigade": "027",
        "Time": "2017-05-15 08:27:03",
        "Lines": "105"
      },
      {
        "Lat": 52.2297,
        "Lon": 20.9847,
        "Brigade": "027",
        "Time": "2017-05-15 08:27:13",
        "Lines": "105"
      },
      {
        "Lat": 52.2297,
        "Lon": 20.9847,
        "Brigade": "027",
        "Time": "2017-05-15 08:27:23",
        "Lines": "105"
      },
      {
        "Lat": 52.2296,
        "Lon": 20.9848,
        "Brigade": "027",
        "Time": "2017-05-15 08:27:33",
        "Lines": "105"
      },
      {
        "Lat": 52.2296,
        "Lon": 20.9848,
        "Brigade": "027",
        "Time": "2017-05-15 08:27:43",
        "Lines": "105"
      },
      {
        "Lat": 52.2296,
        "Lon": 20.9848,
        "Brigade": "027",
        "Time": "2017-05-15 08:27:53",
        "Lines": "105"
      },
      {
        "Lat": 52.2296,
        "Lon": 20.9848,
        "Brigade": "027",
        "Time": "2017-05-15 08:28:03",
        "Lines": "105"
      },
      {
        "Lat": 52.2296,
        "Lon": 20.9848,
        "Brigade": "027",
        "Time": "2017-05-15 08:28:18",
        "Lines": "105"
      },
      {
        "Lat": 52.2295,
        "Lon": 20.9849,
        "Brigade": "027",
        "Time": "2017-05-15 08:28:28",
        "Lines": "105"
      },
      {
        "Lat": 52.2295,
        "Lon": 20.9849,
        "Brigade": "027",
        "Time": "2017-05-15 08:28:38",
        "Lines": "105"
      },
      {
        "Lat": 52.2295,
        "Lon": 20.9849,
        "Brigade": "027",
        "Time": "2017-05-15 08:28:48",
        "Lines": "105"
      },
      {
        "Lat": 52.2295,
        "Lon": 20.9849,
        "Brigade": "027",
        "Time": "2017-05-15 08:29:03",
        "Lines": "105"
      },
      {
        "Lat": 52.2295,
        "Lon": 20.9849,
        "Brigade": "027",
        "Time": "2017-05-15 08:29:13",
        "Lines": "105"
      },
      {
        "Lat": 52.2294,
        "Lon": 20.9849,
        "Brigade": "027",
        "Time": "2017-05-15 08:29:23",
        "Lines": "105"
      },
      {
        "Lat": 52.2293,
        "Lon": 20.985,
        "Brigade": "027",
        "Time": "2017-05-15 08:29:33",
        "Lines": "105"
      },
      {
        "Lat": 52.2293,
        "Lon": 20.9851,
        "Brigade": "027",
        "Time": "2017-05-15 08:29:48",
        "Lines": "105"
      },
      {
        "Lat": 52.2293,
        "Lon": 20.9851,
        "Brigade": "027",
        "Time": "2017-05-15 08:29:58",
        "Lines": "105"
      },
      {
        "Lat": 52.2293,
        "Lon": 20.9851,
        "Brigade": "027",
        "Time": "2017-05-15 08:30:08",
        "Lines": "105"
      },
      {
        "Lat": 52.2293,
        "Lon": 20.9851,
        "Brigade": "027",
        "Time": "2017-05-15 08:30:18",
        "Lines": "105"
      },
      {
        "Lat": 52.2292,
        "Lon": 20.9851,
        "Brigade": "027",
        "Time": "2017-05-15 08:30:33",
        "Lines": "105"
      },
      {
        "Lat": 52.2292,
        "Lon": 20.9851,
        "Brigade": "027",
        "Time": "2017-05-15 08:30:38",
        "Lines": "105"
      },
      {
        "Lat": 52.2292,
        "Lon": 20.9851,
        "Brigade": "027",
        "Time": "2017-05-15 08:30:53",
        "Lines": "105"
      },
      {
        "Lat": 52.2292,
        "Lon": 20.9851,
        "Brigade": "027",
        "Time": "2017-05-15 08:31:03",
        "Lines": "105"
      },
      {
        "Lat": 52.2292,
        "Lon": 20.9852,
        "Brigade": "027",
        "Time": "2017-05-15 08:31:13",
        "Lines": "105"
      },
      {
        "Lat": 52.229,
        "Lon": 20.9853,
        "Brigade": "027",
        "Time": "2017-05-15 08:31:28",
        "Lines": "105"
      },
      {
        "Lat": 52.2289,
        "Lon": 20.9853,
        "Brigade": "027",
        "Time": "2017-05-15 08:31:38",
        "Lines": "105"
      },
      {
        "Lat": 52.2289,
        "Lon": 20.9854,
        "Brigade": "027",
        "Time": "2017-05-15 08:31:48",
        "Lines": "105"
      },
      {
        "Lat": 52.2289,
        "Lon": 20.9854,
        "Brigade": "027",
        "Time": "2017-05-15 08:31:58",
        "Lines": "105"
      },
      {
        "Lat": 52.2289,
        "Lon": 20.9854,
        "Brigade": "027",
        "Time": "2017-05-15 08:32:08",
        "Lines": "105"
      },
      {
        "Lat": 52.2289,
        "Lon": 20.9855,
        "Brigade": "027",
        "Time": "2017-05-15 08:32:23",
        "Lines": "105"
      },
      {
        "Lat": 52.2288,
        "Lon": 20.9855,
        "Brigade": "027",
        "Time": "2017-05-15 08:32:33",
        "Lines": "105"
      },
      {
        "Lat": 52.2288,
        "Lon": 20.9856,
        "Brigade": "027",
        "Time": "2017-05-15 08:32:43",
        "Lines": "105"
      },
      {
        "Lat": 52.2288,
        "Lon": 20.9855,
        "Brigade": "027",
        "Time": "2017-05-15 08:32:53",
        "Lines": "105"
      },
      {
        "Lat": 52.2287,
        "Lon": 20.9856,
        "Brigade": "027",
        "Time": "2017-05-15 08:33:03",
        "Lines": "105"
      },
      {
        "Lat": 52.2285,
        "Lon": 20.9857,
        "Brigade": "027",
        "Time": "2017-05-15 08:33:18",
        "Lines": "105"
      },
      {
        "Lat": 52.2285,
        "Lon": 20.9858,
        "Brigade": "027",
        "Time": "2017-05-15 08:33:28",
        "Lines": "105"
      },
      {
        "Lat": 52.2285,
        "Lon": 20.9858,
        "Brigade": "027",
        "Time": "2017-05-15 08:33:38",
        "Lines": "105"
      },
      {
        "Lat": 52.2285,
        "Lon": 20.9859,
        "Brigade": "027",
        "Time": "2017-05-15 08:33:48",
        "Lines": "105"
      },
      {
        "Lat": 52.2283,
        "Lon": 20.986,
        "Brigade": "027",
        "Time": "2017-05-15 08:34:03",
        "Lines": "105"
      },
      {
        "Lat": 52.2283,
        "Lon": 20.986,
        "Brigade": "027",
        "Time": "2017-05-15 08:34:13",
        "Lines": "105"
      },
      {
        "Lat": 52.2283,
        "Lon": 20.986,
        "Brigade": "027",
        "Time": "2017-05-15 08:34:23",
        "Lines": "105"
      }
    ]
  }
]
