[
  {
    "res": [
      {
        "Lat": 52.2646,
        "Lon": 21.0468,
        "Brigade": "201",
        "Time": "2017-05-15 21:13:13",
        "Lines": "109"
      },
      {
        "Lat": 52.2646,
        "Lon": 21.0468,
        "Brigade": "201",
        "Time": "2017-05-15 21:13:28",
        "Lines": "109"
      },
      {
        "Lat": 52.2646,
        "Lon": 21.0468,
        "Brigade": "201",
        "Time": "2017-05-15 21:13:38",
        "Lines": "109"
      },
      {
        "Lat": 52.2646,
        "Lon": 21.0468,
        "Brigade": "201",
        "Time": "2017-05-15 21:13:48",
        "Lines": "109"
      },
      {
        "Lat": 52.2647,
        "Lon": 21.0467,
        "Brigade": "201",
        "Time": "2017-05-15 21:13:58",
        "Lines": "109"
      },
      {
        "Lat": 52.2647,
        "Lon": 21.0466,
        "Brigade": "201",
        "Time": "2017-05-15 21:14:13",
        "Lines": "109"
      },
      {
        "Lat": 52.2647,
        "Lon": 21.0465,
        "Brigade": "201",
        "Time": "2017-05-15 21:14:18",
        "Lines": "109"
      },
      {
        "Lat": 52.2647,
        "Lon": 21.0464,
        "Brigade": "201",
        "Time": "2017-05-15 21:14:33",
        "Lines": "109"
      },
      {
        "Lat": 52.2647,
        "Lon": 21.0464,
        "Brigade": "201",
        "Time": "2017-05-15 21:14:43",
        "Lines": "109"
      },
      {
        "Lat": 52.2647,
        "Lon": 21.0464,
        "Brigade": "201",
        "Time": "2017-05-15 21:14:53",
        "Lines": "109"
      },
      {
        "Lat": 52.2647,
        "Lon": 21.0463,
        "Brigade": "201",
        "Time": "2017-05-15 21:15:08",
        "Lines": "109"
      },
      {
        "Lat": 52.2647,
        "Lon": 21.0463,
        "Brigade": "201",
        "Time": "2017-05-15 21:15:18",
        "Lines": "109"
      },
      {
        "Lat": 52.2647,
        "Lon": 21.0465,
        "Brigade": "201",
        "Time": "2017-05-15 21:15:28",
        "Lines": "109"
      },
      {
        "Lat": 52.2647,
        "Lon": 21.0465,
        "Brigade": "201",
        "Time": "2017-05-15 21:15:38",
        "Lines": "109"
      },
      {
        "Lat": 52.2646,
        "Lon": 21.0466,
        "Brigade": "201",
        "Time": "2017-05-15 21:15:48",
        "Lines": "109"
      },
      {
        "Lat": 52.2647,
        "Lon": 21.0465,
        "Brigade": "201",
        "Time": "2017-05-15 21:16:03",
        "Lines": "109"
      },
      {
        "Lat": 52.2647,
        "Lon": 21.0466,
        "Brigade": "201",
        "Time": "2017-05-15 21:16:13",
        "Lines": "109"
      },
      {
        "Lat": 52.2647,
        "Lon": 21.0467,
        "Brigade": "201",
        "Time": "2017-05-15 21:16:18",
        "Lines": "109"
      },
      {
        "Lat": 52.2645,
        "Lon": 21.0475,
        "Brigade": "201",
        "Time": "2017-05-15 21:16:23",
        "Lines": "109"
      },
      {
        "Lat": 52.2642,
        "Lon": 21.0479,
        "Brigade": "201",
        "Time": "2017-05-15 21:16:43",
        "Lines": "109"
      },
      {
        "Lat": 52.2639,
        "Lon": 21.0478,
        "Brigade": "201",
        "Time": "2017-05-15 21:16:58",
        "Lines": "109"
      },
      {
        "Lat": 52.2638,
        "Lon": 21.0478,
        "Brigade": "201",
        "Time": "2017-05-15 21:17:08",
        "Lines": "109"
      },
      {
        "Lat": 52.2638,
        "Lon": 21.0478,
        "Brigade": "201",
        "Time": "2017-05-15 21:17:18",
        "Lines": "109"
      },
      {
        "Lat": 52.2638,
        "Lon": 21.0478,
        "Brigade": "201",
        "Time": "2017-05-15 21:17:28",
        "Lines": "109"
      },
      {
        "Lat": 52.2638,
        "Lon": 21.0478,
        "Brigade": "201",
        "Time": "2017-05-15 21:17:38",
        "Lines": "109"
      },
      {
        "Lat": 52.2638,
        "Lon": 21.0478,
        "Brigade": "201",
        "Time": "2017-05-15 21:17:53",
        "Lines": "109"
      },
      {
        "Lat": 52.2638,
        "Lon": 21.0478,
        "Brigade": "201",
        "Time": "2017-05-15 21:18:03",
        "Lines": "109"
      },
      {
        "Lat": 52.2638,
        "Lon": 21.0478,
        "Brigade": "201",
        "Time": "2017-05-15 21:18:18",
        "Lines": "109"
      },
      {
        "Lat": 52.2638,
        "Lon": 21.0477,
        "Brigade": "201",
        "Time": "2017-05-15 21:18:33",
        "Lines": "109"
      },
      {
        "Lat": 52.2639,
        "Lon": 21.0477,
        "Brigade": "201",
        "Time": "2017-05-15 21:18:48",
        "Lines": "109"
      },
      {
        "Lat": 52.2639,
        "Lon": 21.0477,
        "Brigade": "201",
        "Time": "2017-05-15 21:18:58",
        "Lines": "109"
      },
      {
        "Lat": 52.2639,
        "Lon": 21.0477,
        "Brigade": "201",
        "Time": "2017-05-15 21:19:08",
        "Lines": "109"
      },
      {
        "Lat": 52.2639,
        "Lon": 21.0477,
        "Brigade": "201",
        "Time": "2017-05-15 21:19:18",
        "Lines": "109"
      },
      {
        "Lat": 52.2639,
        "Lon": 21.0478,
        "Brigade": "201",
        "Time": "2017-05-15 21:19:28",
        "Lines": "109"
      },
      {
        "Lat": 52.2639,
        "Lon": 21.0478,
        "Brigade": "201",
        "Time": "2017-05-15 21:19:43",
        "Lines": "109"
      },
      {
        "Lat": 52.2639,
        "Lon": 21.0478,
        "Brigade": "201",
        "Time": "2017-05-15 21:19:53",
        "Lines": "109"
      },
      {
        "Lat": 52.2639,
        "Lon": 21.0478,
        "Brigade": "201",
        "Time": "2017-05-15 21:20:03",
        "Lines": "109"
      },
      {
        "Lat": 52.2638,
        "Lon": 21.0478,
        "Brigade": "201",
        "Time": "2017-05-15 21:20:13",
        "Lines": "109"
      },
      {
        "Lat": 52.2638,
        "Lon": 21.0478,
        "Brigade": "201",
        "Time": "2017-05-15 21:20:23",
        "Lines": "109"
      },
      {
        "Lat": 52.2639,
        "Lon": 21.0478,
        "Brigade": "201",
        "Time": "2017-05-15 21:20:33",
        "Lines": "109"
      },
      {
        "Lat": 52.2638,
        "Lon": 21.0478,
        "Brigade": "201",
        "Time": "2017-05-15 21:20:48",
        "Lines": "109"
      },
      {
        "Lat": 52.2638,
        "Lon": 21.0478,
        "Brigade": "201",
        "Time": "2017-05-15 21:20:58",
        "Lines": "109"
      },
      {
        "Lat": 52.2638,
        "Lon": 21.0478,
        "Brigade": "201",
        "Time": "2017-05-15 21:21:08",
        "Lines": "109"
      },
      {
        "Lat": 52.2639,
        "Lon": 21.0478,
        "Brigade": "201",
        "Time": "2017-05-15 21:21:18",
        "Lines": "109"
      },
      {
        "Lat": 52.2639,
        "Lon": 21.0478,
        "Brigade": "201",
        "Time": "2017-05-15 21:21:33",
        "Lines": "109"
      },
      {
        "Lat": 52.2639,
        "Lon": 21.0477,
        "Brigade": "201",
        "Time": "2017-05-15 21:21:43",
        "Lines": "109"
      },
      {
        "Lat": 52.2639,
        "Lon": 21.0478,
        "Brigade": "201",
        "Time": "2017-05-15 21:21:53",
        "Lines": "109"
      },
      {
        "Lat": 52.2639,
        "Lon": 21.0478,
        "Brigade": "201",
        "Time": "2017-05-15 21:22:03",
        "Lines": "109"
      },
      {
        "Lat": 52.2639,
        "Lon": 21.0478,
        "Brigade": "201",
        "Time": "2017-05-15 21:22:13",
        "Lines": "109"
      },
      {
        "Lat": 52.2639,
        "Lon": 21.0478,
        "Brigade": "201",
        "Time": "2017-05-15 21:22:28",
        "Lines": "109"
      },
      {
        "Lat": 52.2638,
        "Lon": 21.0478,
        "Brigade": "201",
        "Time": "2017-05-15 21:22:38",
        "Lines": "109"
      },
      {
        "Lat": 52.2638,
        "Lon": 21.0478,
        "Brigade": "201",
        "Time": "2017-05-15 21:22:48",
        "Lines": "109"
      },
      {
        "Lat": 52.2638,
        "Lon": 21.0478,
        "Brigade": "201",
        "Time": "2017-05-15 21:22:58",
        "Lines": "109"
      },
      {
        "Lat": 52.2639,
        "Lon": 21.0478,
        "Brigade": "201",
        "Time": "2017-05-15 21:23:13",
        "Lines": "109"
      },
      {
        "Lat": 52.2639,
        "Lon": 21.0477,
        "Brigade": "201",
        "Time": "2017-05-15 21:23:23",
        "Lines": "109"
      },
      {
        "Lat": 52.2639,
        "Lon": 21.0477,
        "Brigade": "201",
        "Time": "2017-05-15 21:23:33",
        "Lines": "109"
      },
      {
        "Lat": 52.2639,
        "Lon": 21.0477,
        "Brigade": "201",
        "Time": "2017-05-15 21:23:43",
        "Lines": "109"
      },
      {
        "Lat": 52.2639,
        "Lon": 21.0477,
        "Brigade": "201",
        "Time": "2017-05-15 21:23:53",
        "Lines": "109"
      },
      {
        "Lat": 52.2639,
        "Lon": 21.0477,
        "Brigade": "201",
        "Time": "2017-05-15 21:24:08",
        "Lines": "109"
      },
      {
        "Lat": 52.2639,
        "Lon": 21.0477,
        "Brigade": "201",
        "Time": "2017-05-15 21:24:18",
        "Lines": "109"
      },
      {
        "Lat": 52.2639,
        "Lon": 21.0478,
        "Brigade": "201",
        "Time": "2017-05-15 21:24:28",
        "Lines": "109"
      },
      {
        "Lat": 52.2639,
        "Lon": 21.0478,
        "Brigade": "201",
        "Time": "2017-05-15 21:24:38",
        "Lines": "109"
      },
      {
        "Lat": 52.2639,
        "Lon": 21.0478,
        "Brigade": "201",
        "Time": "2017-05-15 21:24:48",
        "Lines": "109"
      },
      {
        "Lat": 52.2639,
        "Lon": 21.0478,
        "Brigade": "201",
        "Time": "2017-05-15 21:25:03",
        "Lines": "109"
      },
      {
        "Lat": 52.2639,
        "Lon": 21.0478,
        "Brigade": "201",
        "Time": "2017-05-15 21:25:13",
        "Lines": "109"
      },
      {
        "Lat": 52.2638,
        "Lon": 21.0478,
        "Brigade": "201",
        "Time": "2017-05-15 21:25:23",
        "Lines": "109"
      },
      {
        "Lat": 52.2638,
        "Lon": 21.0478,
        "Brigade": "201",
        "Time": "2017-05-15 21:25:33",
        "Lines": "109"
      },
      {
        "Lat": 52.2638,
        "Lon": 21.0478,
        "Brigade": "201",
        "Time": "2017-05-15 21:25:43",
        "Lines": "109"
      },
      {
        "Lat": 52.2639,
        "Lon": 21.0478,
        "Brigade": "201",
        "Time": "2017-05-15 21:25:58",
        "Lines": "109"
      },
      {
        "Lat": 52.2639,
        "Lon": 21.0478,
        "Brigade": "201",
        "Time": "2017-05-15 21:26:08",
        "Lines": "109"
      },
      {
        "Lat": 52.2639,
        "Lon": 21.0478,
        "Brigade": "201",
        "Time": "2017-05-15 21:26:18",
        "Lines": "109"
      },
      {
        "Lat": 52.2638,
        "Lon": 21.0478,
        "Brigade": "201",
        "Time": "2017-05-15 21:26:28",
        "Lines": "109"
      },
      {
        "Lat": 52.2638,
        "Lon": 21.0478,
        "Brigade": "201",
        "Time": "2017-05-15 21:26:43",
        "Lines": "109"
      },
      {
        "Lat": 52.2638,
        "Lon": 21.0478,
        "Brigade": "201",
        "Time": "2017-05-15 21:26:53",
        "Lines": "109"
      },
      {
        "Lat": 52.2638,
        "Lon": 21.0478,
        "Brigade": "201",
        "Time": "2017-05-15 21:27:03",
        "Lines": "109"
      },
      {
        "Lat": 52.2638,
        "Lon": 21.0478,
        "Brigade": "201",
        "Time": "2017-05-15 21:27:12",
        "Lines": "109"
      },
      {
        "Lat": 52.2638,
        "Lon": 21.0478,
        "Brigade": "201",
        "Time": "2017-05-15 21:27:22",
        "Lines": "109"
      },
      {
        "Lat": 52.2638,
        "Lon": 21.0478,
        "Brigade": "201",
        "Time": "2017-05-15 21:27:32",
        "Lines": "109"
      },
      {
        "Lat": 52.2638,
        "Lon": 21.0478,
        "Brigade": "201",
        "Time": "2017-05-15 21:27:47",
        "Lines": "109"
      },
      {
        "Lat": 52.2638,
        "Lon": 21.0478,
        "Brigade": "201",
        "Time": "2017-05-15 21:27:57",
        "Lines": "109"
      },
      {
        "Lat": 52.2638,
        "Lon": 21.0478,
        "Brigade": "201",
        "Time": "2017-05-15 21:28:07",
        "Lines": "109"
      },
      {
        "Lat": 52.2638,
        "Lon": 21.0478,
        "Brigade": "201",
        "Time": "2017-05-15 21:28:17",
        "Lines": "109"
      },
      {
        "Lat": 52.2638,
        "Lon": 21.0478,
        "Brigade": "201",
        "Time": "2017-05-15 21:28:32",
        "Lines": "109"
      },
      {
        "Lat": 52.2638,
        "Lon": 21.0478,
        "Brigade": "201",
        "Time": "2017-05-15 21:28:42",
        "Lines": "109"
      },
      {
        "Lat": 52.2638,
        "Lon": 21.0478,
        "Brigade": "201",
        "Time": "2017-05-15 21:28:52",
        "Lines": "109"
      },
      {
        "Lat": 52.2638,
        "Lon": 21.0478,
        "Brigade": "201",
        "Time": "2017-05-15 21:29:02",
        "Lines": "109"
      },
      {
        "Lat": 52.2638,
        "Lon": 21.0478,
        "Brigade": "201",
        "Time": "2017-05-15 21:29:12",
        "Lines": "109"
      },
      {
        "Lat": 52.2638,
        "Lon": 21.0478,
        "Brigade": "201",
        "Time": "2017-05-15 21:29:22",
        "Lines": "109"
      },
      {
        "Lat": 52.2638,
        "Lon": 21.0478,
        "Brigade": "201",
        "Time": "2017-05-15 21:29:37",
        "Lines": "109"
      },
      {
        "Lat": 52.2638,
        "Lon": 21.0478,
        "Brigade": "201",
        "Time": "2017-05-15 21:29:47",
        "Lines": "109"
      },
      {
        "Lat": 52.2638,
        "Lon": 21.0478,
        "Brigade": "201",
        "Time": "2017-05-15 21:29:57",
        "Lines": "109"
      },
      {
        "Lat": 52.2638,
        "Lon": 21.0478,
        "Brigade": "201",
        "Time": "2017-05-15 21:30:07",
        "Lines": "109"
      },
      {
        "Lat": 52.2639,
        "Lon": 21.0478,
        "Brigade": "201",
        "Time": "2017-05-15 21:30:22",
        "Lines": "109"
      },
      {
        "Lat": 52.2639,
        "Lon": 21.0478,
        "Brigade": "201",
        "Time": "2017-05-15 21:30:32",
        "Lines": "109"
      },
      {
        "Lat": 52.2639,
        "Lon": 21.0477,
        "Brigade": "201",
        "Time": "2017-05-15 21:30:42",
        "Lines": "109"
      },
      {
        "Lat": 52.2639,
        "Lon": 21.0478,
        "Brigade": "201",
        "Time": "2017-05-15 21:30:52",
        "Lines": "109"
      },
      {
        "Lat": 52.2639,
        "Lon": 21.0478,
        "Brigade": "201",
        "Time": "2017-05-15 21:31:02",
        "Lines": "109"
      },
      {
        "Lat": 52.2638,
        "Lon": 21.0478,
        "Brigade": "201",
        "Time": "2017-05-15 21:31:17",
        "Lines": "109"
      },
      {
        "Lat": 52.2638,
        "Lon": 21.0478,
        "Brigade": "201",
        "Time": "2017-05-15 21:31:27",
        "Lines": "109"
      },
      {
        "Lat": 52.2638,
        "Lon": 21.0478,
        "Brigade": "201",
        "Time": "2017-05-15 21:31:37",
        "Lines": "109"
      },
      {
        "Lat": 52.2638,
        "Lon": 21.0478,
        "Brigade": "201",
        "Time": "2017-05-15 21:31:52",
        "Lines": "109"
      },
      {
        "Lat": 52.2638,
        "Lon": 21.0478,
        "Brigade": "201",
        "Time": "2017-05-15 21:32:02",
        "Lines": "109"
      },
      {
        "Lat": 52.2638,
        "Lon": 21.0478,
        "Brigade": "201",
        "Time": "2017-05-15 21:32:12",
        "Lines": "109"
      },
      {
        "Lat": 52.2638,
        "Lon": 21.0478,
        "Brigade": "201",
        "Time": "2017-05-15 21:32:22",
        "Lines": "109"
      },
      {
        "Lat": 52.2638,
        "Lon": 21.0478,
        "Brigade": "201",
        "Time": "2017-05-15 21:32:32",
        "Lines": "109"
      },
      {
        "Lat": 52.2636,
        "Lon": 21.0476,
        "Brigade": "201",
        "Time": "2017-05-15 21:32:47",
        "Lines": "109"
      },
      {
        "Lat": 52.2636,
        "Lon": 21.0478,
        "Brigade": "201",
        "Time": "2017-05-15 21:32:57",
        "Lines": "109"
      },
      {
        "Lat": 52.2636,
        "Lon": 21.0478,
        "Brigade": "201",
        "Time": "2017-05-15 21:33:07",
        "Lines": "109"
      },
      {
        "Lat": 52.2636,
        "Lon": 21.0478,
        "Brigade": "201",
        "Time": "2017-05-15 21:33:17",
        "Lines": "109"
      },
      {
        "Lat": 52.2636,
        "Lon": 21.0478,
        "Brigade": "201",
        "Time": "2017-05-15 21:33:27",
        "Lines": "109"
      },
      {
        "Lat": 52.2634,
        "Lon": 21.0482,
        "Brigade": "201",
        "Time": "2017-05-15 21:33:42",
        "Lines": "109"
      },
      {
        "Lat": 52.2632,
        "Lon": 21.048,
        "Brigade": "201",
        "Time": "2017-05-15 21:33:52",
        "Lines": "109"
      },
      {
        "Lat": 52.2627,
        "Lon": 21.0469,
        "Brigade": "201",
        "Time": "2017-05-15 21:34:02",
        "Lines": "109"
      },
      {
        "Lat": 52.2622,
        "Lon": 21.0457,
        "Brigade": "201",
        "Time": "2017-05-15 21:34:12",
        "Lines": "109"
      },
      {
        "Lat": 52.2621,
        "Lon": 21.0454,
        "Brigade": "201",
        "Time": "2017-05-15 21:34:27",
        "Lines": "109"
      },
      {
        "Lat": 52.2621,
        "Lon": 21.0454,
        "Brigade": "201",
        "Time": "2017-05-15 21:34:37",
        "Lines": "109"
      },
      {
        "Lat": 52.2621,
        "Lon": 21.0454,
        "Brigade": "201",
        "Time": "2017-05-15 21:34:47",
        "Lines": "109"
      },
      {
        "Lat": 52.2621,
        "Lon": 21.0454,
        "Brigade": "201",
        "Time": "2017-05-15 21:34:52",
        "Lines": "109"
      },
      {
        "Lat": 52.2618,
        "Lon": 21.0454,
        "Brigade": "201",
        "Time": "2017-05-15 21:35:07",
        "Lines": "109"
      },
      {
        "Lat": 52.2614,
        "Lon": 21.0459,
        "Brigade": "201",
        "Time": "2017-05-15 21:35:22",
        "Lines": "109"
      },
      {
        "Lat": 52.2614,
        "Lon": 21.046,
        "Brigade": "201",
        "Time": "2017-05-15 21:35:32",
        "Lines": "109"
      },
      {
        "Lat": 52.2614,
        "Lon": 21.046,
        "Brigade": "201",
        "Time": "2017-05-15 21:35:42",
        "Lines": "109"
      },
      {
        "Lat": 52.2613,
        "Lon": 21.0461,
        "Brigade": "201",
        "Time": "2017-05-15 21:35:52",
        "Lines": "109"
      },
      {
        "Lat": 52.2607,
        "Lon": 21.0467,
        "Brigade": "201",
        "Time": "2017-05-15 21:36:07",
        "Lines": "109"
      },
      {
        "Lat": 52.2607,
        "Lon": 21.0467,
        "Brigade": "201",
        "Time": "2017-05-15 21:36:17",
        "Lines": "109"
      },
      {
        "Lat": 52.2606,
        "Lon": 21.0466,
        "Brigade": "201",
        "Time": "2017-05-15 21:36:27",
        "Lines": "109"
      },
      {
        "Lat": 52.2606,
        "Lon": 21.0466,
        "Brigade": "201",
        "Time": "2017-05-15 21:36:37",
        "Lines": "109"
      },
      {
        "Lat": 52.2606,
        "Lon": 21.0465,
        "Brigade": "201",
        "Time": "2017-05-15 21:36:52",
        "Lines": "109"
      },
      {
        "Lat": 52.2606,
        "Lon": 21.0465,
        "Brigade": "201",
        "Time": "2017-05-15 21:37:02",
        "Lines": "109"
      },
      {
        "Lat": 52.2606,
        "Lon": 21.0465,
        "Brigade": "201",
        "Time": "2017-05-15 21:37:12",
        "Lines": "109"
      },
      {
        "Lat": 52.2606,
        "Lon": 21.0465,
        "Brigade": "201",
        "Time": "2017-05-15 21:37:22",
        "Lines": "109"
      },
      {
        "Lat": 52.2606,
        "Lon": 21.0466,
        "Brigade": "201",
        "Time": "2017-05-15 21:37:32",
        "Lines": "109"
      },
      {
        "Lat": 52.2603,
        "Lon": 21.0469,
        "Brigade": "201",
        "Time": "2017-05-15 21:37:47",
        "Lines": "109"
      },
      {
        "Lat": 52.2599,
        "Lon": 21.0464,
        "Brigade": "201",
        "Time": "2017-05-15 21:37:57",
        "Lines": "109"
      },
      {
        "Lat": 52.2593,
        "Lon": 21.0449,
        "Brigade": "201",
        "Time": "2017-05-15 21:38:07",
        "Lines": "109"
      },
      {
        "Lat": 52.2586,
        "Lon": 21.0433,
        "Brigade": "201",
        "Time": "2017-05-15 21:38:17",
        "Lines": "109"
      },
      {
        "Lat": 52.2579,
        "Lon": 21.0417,
        "Brigade": "201",
        "Time": "2017-05-15 21:38:27",
        "Lines": "109"
      },
      {
        "Lat": 52.2571,
        "Lon": 21.04,
        "Brigade": "201",
        "Time": "2017-05-15 21:38:37",
        "Lines": "109"
      },
      {
        "Lat": 52.2559,
        "Lon": 21.0371,
        "Brigade": "201",
        "Time": "2017-05-15 21:38:52",
        "Lines": "109"
      },
      {
        "Lat": 52.2556,
        "Lon": 21.0363,
        "Brigade": "201",
        "Time": "2017-05-15 21:39:02",
        "Lines": "109"
      },
      {
        "Lat": 52.2556,
        "Lon": 21.0364,
        "Brigade": "201",
        "Time": "2017-05-15 21:39:12",
        "Lines": "109"
      },
      {
        "Lat": 52.2556,
        "Lon": 21.0365,
        "Brigade": "201",
        "Time": "2017-05-15 21:39:22",
        "Lines": "109"
      },
      {
        "Lat": 52.2556,
        "Lon": 21.0366,
        "Brigade": "201",
        "Time": "2017-05-15 21:39:37",
        "Lines": "109"
      },
      {
        "Lat": 52.2556,
        "Lon": 21.0366,
        "Brigade": "201",
        "Time": "2017-05-15 21:39:47",
        "Lines": "109"
      },
      {
        "Lat": 52.2555,
        "Lon": 21.0367,
        "Brigade": "201",
        "Time": "2017-05-15 21:39:57",
        "Lines": "109"
      },
      {
        "Lat": 52.2555,
        "Lon": 21.0367,
        "Brigade": "201",
        "Time": "2017-05-15 21:40:07",
        "Lines": "109"
      },
      {
        "Lat": 52.2555,
        "Lon": 21.0367,
        "Brigade": "201",
        "Time": "2017-05-15 21:40:22",
        "Lines": "109"
      },
      {
        "Lat": 52.2553,
        "Lon": 21.0362,
        "Brigade": "201",
        "Time": "2017-05-15 21:40:32",
        "Lines": "109"
      },
      {
        "Lat": 52.2551,
        "Lon": 21.0356,
        "Brigade": "201",
        "Time": "2017-05-15 21:40:42",
        "Lines": "109"
      },
      {
        "Lat": 52.2551,
        "Lon": 21.0354,
        "Brigade": "201",
        "Time": "2017-05-15 21:40:52",
        "Lines": "109"
      },
      {
        "Lat": 52.2551,
        "Lon": 21.0354,
        "Brigade": "201",
        "Time": "2017-05-15 21:41:02",
        "Lines": "109"
      },
      {
        "Lat": 52.2546,
        "Lon": 21.0341,
        "Brigade": "201",
        "Time": "2017-05-15 21:41:17",
        "Lines": "109"
      },
      {
        "Lat": 52.2541,
        "Lon": 21.0327,
        "Brigade": "201",
        "Time": "2017-05-15 21:41:27",
        "Lines": "109"
      },
      {
        "Lat": 52.2534,
        "Lon": 21.0312,
        "Brigade": "201",
        "Time": "2017-05-15 21:41:37",
        "Lines": "109"
      },
      {
        "Lat": 52.2527,
        "Lon": 21.0295,
        "Brigade": "201",
        "Time": "2017-05-15 21:41:47",
        "Lines": "109"
      },
      {
        "Lat": 52.2519,
        "Lon": 21.0279,
        "Brigade": "201",
        "Time": "2017-05-15 21:41:57",
        "Lines": "109"
      },
      {
        "Lat": 52.2511,
        "Lon": 21.0261,
        "Brigade": "201",
        "Time": "2017-05-15 21:42:07",
        "Lines": "109"
      },
      {
        "Lat": 52.2504,
        "Lon": 21.0244,
        "Brigade": "201",
        "Time": "2017-05-15 21:42:17",
        "Lines": "109"
      },
      {
        "Lat": 52.2494,
        "Lon": 21.0219,
        "Brigade": "201",
        "Time": "2017-05-15 21:42:32",
        "Lines": "109"
      },
      {
        "Lat": 52.2487,
        "Lon": 21.0203,
        "Brigade": "201",
        "Time": "2017-05-15 21:42:42",
        "Lines": "109"
      },
      {
        "Lat": 52.248,
        "Lon": 21.0187,
        "Brigade": "201",
        "Time": "2017-05-15 21:42:52",
        "Lines": "109"
      },
      {
        "Lat": 52.2474,
        "Lon": 21.0172,
        "Brigade": "201",
        "Time": "2017-05-15 21:43:02",
        "Lines": "109"
      },
      {
        "Lat": 52.2469,
        "Lon": 21.0146,
        "Brigade": "201",
        "Time": "2017-05-15 21:43:17",
        "Lines": "109"
      },
      {
        "Lat": 52.2468,
        "Lon": 21.0134,
        "Brigade": "201",
        "Time": "2017-05-15 21:43:27",
        "Lines": "109"
      },
      {
        "Lat": 52.2472,
        "Lon": 21.0117,
        "Brigade": "201",
        "Time": "2017-05-15 21:43:37",
        "Lines": "109"
      },
      {
        "Lat": 52.2466,
        "Lon": 21.0106,
        "Brigade": "201",
        "Time": "2017-05-15 21:43:42",
        "Lines": "109"
      },
      {
        "Lat": 52.2461,
        "Lon": 21.0068,
        "Brigade": "201",
        "Time": "2017-05-15 21:44:02",
        "Lines": "109"
      },
      {
        "Lat": 52.2458,
        "Lon": 21.005,
        "Brigade": "201",
        "Time": "2017-05-15 21:44:12",
        "Lines": "109"
      },
      {
        "Lat": 52.2455,
        "Lon": 21.0037,
        "Brigade": "201",
        "Time": "2017-05-15 21:44:22",
        "Lines": "109"
      },
      {
        "Lat": 52.245,
        "Lon": 21.0022,
        "Brigade": "201",
        "Time": "2017-05-15 21:44:32",
        "Lines": "109"
      },
      {
        "Lat": 52.2444,
        "Lon": 21.0007,
        "Brigade": "201",
        "Time": "2017-05-15 21:44:42",
        "Lines": "109"
      },
      {
        "Lat": 52.2441,
        "Lon": 20.9999,
        "Brigade": "201",
        "Time": "2017-05-15 21:44:47",
        "Lines": "109"
      },
      {
        "Lat": 52.2428,
        "Lon": 20.9963,
        "Brigade": "201",
        "Time": "2017-05-15 21:45:07",
        "Lines": "109"
      },
      {
        "Lat": 52.2425,
        "Lon": 20.9951,
        "Brigade": "201",
        "Time": "2017-05-15 21:45:17",
        "Lines": "109"
      },
      {
        "Lat": 52.2424,
        "Lon": 20.9947,
        "Brigade": "201",
        "Time": "2017-05-15 21:45:27",
        "Lines": "109"
      },
      {
        "Lat": 52.2424,
        "Lon": 20.9947,
        "Brigade": "201",
        "Time": "2017-05-15 21:45:42",
        "Lines": "109"
      },
      {
        "Lat": 52.2424,
        "Lon": 20.9947,
        "Brigade": "201",
        "Time": "2017-05-15 21:45:52",
        "Lines": "109"
      },
      {
        "Lat": 52.2423,
        "Lon": 20.9947,
        "Brigade": "201",
        "Time": "2017-05-15 21:46:02",
        "Lines": "109"
      },
      {
        "Lat": 52.242,
        "Lon": 20.9938,
        "Brigade": "201",
        "Time": "2017-05-15 21:46:12",
        "Lines": "109"
      },
      {
        "Lat": 52.2412,
        "Lon": 20.9941,
        "Brigade": "201",
        "Time": "2017-05-15 21:46:22",
        "Lines": "109"
      },
      {
        "Lat": 52.2409,
        "Lon": 20.9943,
        "Brigade": "201",
        "Time": "2017-05-15 21:46:32",
        "Lines": "109"
      },
      {
        "Lat": 52.2405,
        "Lon": 20.9946,
        "Brigade": "201",
        "Time": "2017-05-15 21:46:47",
        "Lines": "109"
      },
      {
        "Lat": 52.2396,
        "Lon": 20.9954,
        "Brigade": "201",
        "Time": "2017-05-15 21:46:57",
        "Lines": "109"
      },
      {
        "Lat": 52.2386,
        "Lon": 20.9959,
        "Brigade": "201",
        "Time": "2017-05-15 21:47:07",
        "Lines": "109"
      },
      {
        "Lat": 52.2374,
        "Lon": 20.9965,
        "Brigade": "201",
        "Time": "2017-05-15 21:47:17",
        "Lines": "109"
      },
      {
        "Lat": 52.2366,
        "Lon": 20.9968,
        "Brigade": "201",
        "Time": "2017-05-15 21:47:27",
        "Lines": "109"
      },
      {
        "Lat": 52.2363,
        "Lon": 20.997,
        "Brigade": "201",
        "Time": "2017-05-15 21:47:42",
        "Lines": "109"
      },
      {
        "Lat": 52.2363,
        "Lon": 20.9971,
        "Brigade": "201",
        "Time": "2017-05-15 21:47:52",
        "Lines": "109"
      },
      {
        "Lat": 52.2362,
        "Lon": 20.9971,
        "Brigade": "201",
        "Time": "2017-05-15 21:48:02",
        "Lines": "109"
      },
      {
        "Lat": 52.235,
        "Lon": 20.9976,
        "Brigade": "201",
        "Time": "2017-05-15 21:48:17",
        "Lines": "109"
      },
      {
        "Lat": 52.234,
        "Lon": 20.998,
        "Brigade": "201",
        "Time": "2017-05-15 21:48:27",
        "Lines": "109"
      },
      {
        "Lat": 52.2337,
        "Lon": 20.9981,
        "Brigade": "201",
        "Time": "2017-05-15 21:48:32",
        "Lines": "109"
      },
      {
        "Lat": 52.2333,
        "Lon": 20.9981,
        "Brigade": "201",
        "Time": "2017-05-15 21:48:47",
        "Lines": "109"
      },
      {
        "Lat": 52.2333,
        "Lon": 20.998,
        "Brigade": "201",
        "Time": "2017-05-15 21:48:57",
        "Lines": "109"
      },
      {
        "Lat": 52.2331,
        "Lon": 20.9979,
        "Brigade": "201",
        "Time": "2017-05-15 21:49:12",
        "Lines": "109"
      },
      {
        "Lat": 52.2325,
        "Lon": 20.9981,
        "Brigade": "201",
        "Time": "2017-05-15 21:49:22",
        "Lines": "109"
      },
      {
        "Lat": 52.2317,
        "Lon": 20.999,
        "Brigade": "201",
        "Time": "2017-05-15 21:49:32",
        "Lines": "109"
      },
      {
        "Lat": 52.2306,
        "Lon": 20.9998,
        "Brigade": "201",
        "Time": "2017-05-15 21:49:42",
        "Lines": "109"
      },
      {
        "Lat": 52.2298,
        "Lon": 21.0003,
        "Brigade": "201",
        "Time": "2017-05-15 21:49:52",
        "Lines": "109"
      },
      {
        "Lat": 52.2299,
        "Lon": 20.9999,
        "Brigade": "201",
        "Time": "2017-05-15 21:50:07",
        "Lines": "109"
      },
      {
        "Lat": 52.2293,
        "Lon": 21.0018,
        "Brigade": "201",
        "Time": "2017-05-15 21:50:37",
        "Lines": "109"
      },
      {
        "Lat": 52.2291,
        "Lon": 21.0024,
        "Brigade": "201",
        "Time": "2017-05-15 21:51:12",
        "Lines": "109"
      },
      {
        "Lat": 52.2293,
        "Lon": 21.0026,
        "Brigade": "201",
        "Time": "2017-05-15 21:51:17",
        "Lines": "109"
      },
      {
        "Lat": 52.2292,
        "Lon": 21.0028,
        "Brigade": "201",
        "Time": "2017-05-15 21:51:42",
        "Lines": "109"
      },
      {
        "Lat": 52.2291,
        "Lon": 21.0029,
        "Brigade": "201",
        "Time": "2017-05-15 21:51:57",
        "Lines": "109"
      },
      {
        "Lat": 52.2291,
        "Lon": 21.0029,
        "Brigade": "201",
        "Time": "2017-05-15 21:52:07",
        "Lines": "109"
      },
      {
        "Lat": 52.2291,
        "Lon": 21.0029,
        "Brigade": "201",
        "Time": "2017-05-15 21:52:17",
        "Lines": "109"
      },
      {
        "Lat": 52.2291,
        "Lon": 21.0029,
        "Brigade": "201",
        "Time": "2017-05-15 21:52:27",
        "Lines": "109"
      },
      {
        "Lat": 52.2291,
        "Lon": 21.0029,
        "Brigade": "201",
        "Time": "2017-05-15 21:52:37",
        "Lines": "109"
      },
      {
        "Lat": 52.2292,
        "Lon": 21.0029,
        "Brigade": "201",
        "Time": "2017-05-15 21:52:52",
        "Lines": "109"
      },
      {
        "Lat": 52.2292,
        "Lon": 21.0029,
        "Brigade": "201",
        "Time": "2017-05-15 21:53:02",
        "Lines": "109"
      },
      {
        "Lat": 52.2293,
        "Lon": 21.0029,
        "Brigade": "201",
        "Time": "2017-05-15 21:53:12",
        "Lines": "109"
      },
      {
        "Lat": 52.2293,
        "Lon": 21.0029,
        "Brigade": "201",
        "Time": "2017-05-15 21:53:22",
        "Lines": "109"
      },
      {
        "Lat": 52.2294,
        "Lon": 21.003,
        "Brigade": "201",
        "Time": "2017-05-15 21:53:32",
        "Lines": "109"
      },
      {
        "Lat": 52.2294,
        "Lon": 21.003,
        "Brigade": "201",
        "Time": "2017-05-15 21:53:42",
        "Lines": "109"
      },
      {
        "Lat": 52.2294,
        "Lon": 21.003,
        "Brigade": "201",
        "Time": "2017-05-15 21:53:57",
        "Lines": "109"
      },
      {
        "Lat": 52.2294,
        "Lon": 21.003,
        "Brigade": "201",
        "Time": "2017-05-15 21:54:07",
        "Lines": "109"
      },
      {
        "Lat": 52.2296,
        "Lon": 21.0034,
        "Brigade": "201",
        "Time": "2017-05-15 21:54:17",
        "Lines": "109"
      },
      {
        "Lat": 52.2297,
        "Lon": 21.0039,
        "Brigade": "201",
        "Time": "2017-05-15 21:54:27",
        "Lines": "109"
      },
      {
        "Lat": 52.2297,
        "Lon": 21.0039,
        "Brigade": "201",
        "Time": "2017-05-15 21:54:42",
        "Lines": "109"
      },
      {
        "Lat": 52.2297,
        "Lon": 21.0039,
        "Brigade": "201",
        "Time": "2017-05-15 21:54:52",
        "Lines": "109"
      },
      {
        "Lat": 52.2297,
        "Lon": 21.0039,
        "Brigade": "201",
        "Time": "2017-05-15 21:55:02",
        "Lines": "109"
      },
      {
        "Lat": 52.2297,
        "Lon": 21.0039,
        "Brigade": "201",
        "Time": "2017-05-15 21:55:12",
        "Lines": "109"
      },
      {
        "Lat": 52.2297,
        "Lon": 21.0039,
        "Brigade": "201",
        "Time": "2017-05-15 21:55:22",
        "Lines": "109"
      },
      {
        "Lat": 52.2297,
        "Lon": 21.0039,
        "Brigade": "201",
        "Time": "2017-05-15 21:55:32",
        "Lines": "109"
      },
      {
        "Lat": 52.2297,
        "Lon": 21.0039,
        "Brigade": "201",
        "Time": "2017-05-15 21:55:47",
        "Lines": "109"
      },
      {
        "Lat": 52.2297,
        "Lon": 21.0038,
        "Brigade": "201",
        "Time": "2017-05-15 21:55:57",
        "Lines": "109"
      },
      {
        "Lat": 52.2297,
        "Lon": 21.0038,
        "Brigade": "201",
        "Time": "2017-05-15 21:56:07",
        "Lines": "109"
      },
      {
        "Lat": 52.2297,
        "Lon": 21.0038,
        "Brigade": "201",
        "Time": "2017-05-15 21:56:17",
        "Lines": "109"
      },
      {
        "Lat": 52.2297,
        "Lon": 21.0038,
        "Brigade": "201",
        "Time": "2017-05-15 21:56:32",
        "Lines": "109"
      },
      {
        "Lat": 52.2297,
        "Lon": 21.0038,
        "Brigade": "201",
        "Time": "2017-05-15 21:56:42",
        "Lines": "109"
      },
      {
        "Lat": 52.2296,
        "Lon": 21.0038,
        "Brigade": "201",
        "Time": "2017-05-15 21:56:52",
        "Lines": "109"
      },
      {
        "Lat": 52.2296,
        "Lon": 21.0038,
        "Brigade": "201",
        "Time": "2017-05-15 21:57:02",
        "Lines": "109"
      },
      {
        "Lat": 52.2296,
        "Lon": 21.0038,
        "Brigade": "201",
        "Time": "2017-05-15 21:57:12",
        "Lines": "109"
      },
      {
        "Lat": 52.2295,
        "Lon": 21.0041,
        "Brigade": "201",
        "Time": "2017-05-15 21:57:27",
        "Lines": "109"
      },
      {
        "Lat": 52.2295,
        "Lon": 21.0046,
        "Brigade": "201",
        "Time": "2017-05-15 21:57:37",
        "Lines": "109"
      },
      {
        "Lat": 52.2298,
        "Lon": 21.005,
        "Brigade": "201",
        "Time": "2017-05-15 21:57:47",
        "Lines": "109"
      },
      {
        "Lat": 52.2301,
        "Lon": 21.0048,
        "Brigade": "201",
        "Time": "2017-05-15 21:57:57",
        "Lines": "109"
      },
      {
        "Lat": 52.2305,
        "Lon": 21.0046,
        "Brigade": "201",
        "Time": "2017-05-15 21:58:07",
        "Lines": "109"
      },
      {
        "Lat": 52.2305,
        "Lon": 21.0046,
        "Brigade": "201",
        "Time": "2017-05-15 21:58:22",
        "Lines": "109"
      },
      {
        "Lat": 52.2306,
        "Lon": 21.0046,
        "Brigade": "201",
        "Time": "2017-05-15 21:58:32",
        "Lines": "109"
      },
      {
        "Lat": 52.2309,
        "Lon": 21.0043,
        "Brigade": "201",
        "Time": "2017-05-15 21:58:42",
        "Lines": "109"
      },
      {
        "Lat": 52.2315,
        "Lon": 21.004,
        "Brigade": "201",
        "Time": "2017-05-15 21:58:52",
        "Lines": "109"
      },
      {
        "Lat": 52.2324,
        "Lon": 21.0035,
        "Brigade": "201",
        "Time": "2017-05-15 21:59:07",
        "Lines": "109"
      },
      {
        "Lat": 52.2329,
        "Lon": 21.0033,
        "Brigade": "201",
        "Time": "2017-05-15 21:59:17",
        "Lines": "109"
      },
      {
        "Lat": 52.2331,
        "Lon": 21.0032,
        "Brigade": "201",
        "Time": "2017-05-15 21:59:27",
        "Lines": "109"
      },
      {
        "Lat": 52.2331,
        "Lon": 21.0033,
        "Brigade": "201",
        "Time": "2017-05-15 21:59:37",
        "Lines": "109"
      },
      {
        "Lat": 52.2331,
        "Lon": 21.0033,
        "Brigade": "201",
        "Time": "2017-05-15 21:59:47",
        "Lines": "109"
      },
      {
        "Lat": 52.2335,
        "Lon": 21.003,
        "Brigade": "201",
        "Time": "2017-05-15 22:00:02",
        "Lines": "109"
      },
      {
        "Lat": 52.2337,
        "Lon": 21.0027,
        "Brigade": "201",
        "Time": "2017-05-15 22:00:12",
        "Lines": "109"
      },
      {
        "Lat": 52.2338,
        "Lon": 21.0027,
        "Brigade": "201",
        "Time": "2017-05-15 22:00:22",
        "Lines": "109"
      },
      {
        "Lat": 52.2338,
        "Lon": 21.0027,
        "Brigade": "201",
        "Time": "2017-05-15 22:00:32",
        "Lines": "109"
      },
      {
        "Lat": 52.2338,
        "Lon": 21.0027,
        "Brigade": "201",
        "Time": "2017-05-15 22:00:47",
        "Lines": "109"
      },
      {
        "Lat": 52.2339,
        "Lon": 21.0026,
        "Brigade": "201",
        "Time": "2017-05-15 22:00:57",
        "Lines": "109"
      },
      {
        "Lat": 52.234,
        "Lon": 21.0018,
        "Brigade": "201",
        "Time": "2017-05-15 22:01:07",
        "Lines": "109"
      },
      {
        "Lat": 52.2338,
        "Lon": 21.0012,
        "Brigade": "201",
        "Time": "2017-05-15 22:01:12",
        "Lines": "109"
      },
      {
        "Lat": 52.2335,
        "Lon": 20.9993,
        "Brigade": "201",
        "Time": "2017-05-15 22:01:27",
        "Lines": "109"
      },
      {
        "Lat": 52.2336,
        "Lon": 20.9991,
        "Brigade": "201",
        "Time": "2017-05-15 22:01:42",
        "Lines": "109"
      },
      {
        "Lat": 52.2337,
        "Lon": 20.999,
        "Brigade": "201",
        "Time": "2017-05-15 22:01:52",
        "Lines": "109"
      },
      {
        "Lat": 52.2336,
        "Lon": 20.9989,
        "Brigade": "201",
        "Time": "2017-05-15 22:02:02",
        "Lines": "109"
      },
      {
        "Lat": 52.2337,
        "Lon": 20.9982,
        "Brigade": "201",
        "Time": "2017-05-15 22:02:12",
        "Lines": "109"
      },
      {
        "Lat": 52.2332,
        "Lon": 20.9971,
        "Brigade": "201",
        "Time": "2017-05-15 22:02:22",
        "Lines": "109"
      },
      {
        "Lat": 52.2328,
        "Lon": 20.9961,
        "Brigade": "201",
        "Time": "2017-05-15 22:02:32",
        "Lines": "109"
      },
      {
        "Lat": 52.2328,
        "Lon": 20.996,
        "Brigade": "201",
        "Time": "2017-05-15 22:02:47",
        "Lines": "109"
      },
      {
        "Lat": 52.2326,
        "Lon": 20.9954,
        "Brigade": "201",
        "Time": "2017-05-15 22:02:57",
        "Lines": "109"
      },
      {
        "Lat": 52.2323,
        "Lon": 20.9938,
        "Brigade": "201",
        "Time": "2017-05-15 22:03:07",
        "Lines": "109"
      },
      {
        "Lat": 52.2322,
        "Lon": 20.993,
        "Brigade": "201",
        "Time": "2017-05-15 22:03:17",
        "Lines": "109"
      },
      {
        "Lat": 52.2322,
        "Lon": 20.993,
        "Brigade": "201",
        "Time": "2017-05-15 22:03:27",
        "Lines": "109"
      },
      {
        "Lat": 52.2317,
        "Lon": 20.9909,
        "Brigade": "201",
        "Time": "2017-05-15 22:03:37",
        "Lines": "109"
      },
      {
        "Lat": 52.232,
        "Lon": 20.9926,
        "Brigade": "201",
        "Time": "2017-05-15 22:04:00",
        "Lines": "109"
      },
      {
        "Lat": 52.2317,
        "Lon": 20.9911,
        "Brigade": "201",
        "Time": "2017-05-15 22:04:11",
        "Lines": "109"
      },
      {
        "Lat": 52.2315,
        "Lon": 20.9903,
        "Brigade": "201",
        "Time": "2017-05-15 22:04:22",
        "Lines": "109"
      },
      {
        "Lat": 52.2313,
        "Lon": 20.9887,
        "Brigade": "201",
        "Time": "2017-05-15 22:04:47",
        "Lines": "109"
      },
      {
        "Lat": 52.2309,
        "Lon": 20.9869,
        "Brigade": "201",
        "Time": "2017-05-15 22:04:57",
        "Lines": "109"
      },
      {
        "Lat": 52.2307,
        "Lon": 20.9854,
        "Brigade": "201",
        "Time": "2017-05-15 22:05:07",
        "Lines": "109"
      },
      {
        "Lat": 52.2307,
        "Lon": 20.9852,
        "Brigade": "201",
        "Time": "2017-05-15 22:05:22",
        "Lines": "109"
      },
      {
        "Lat": 52.2306,
        "Lon": 20.9845,
        "Brigade": "201",
        "Time": "2017-05-15 22:05:32",
        "Lines": "109"
      },
      {
        "Lat": 52.2303,
        "Lon": 20.9833,
        "Brigade": "201",
        "Time": "2017-05-15 22:05:42",
        "Lines": "109"
      },
      {
        "Lat": 52.2302,
        "Lon": 20.9827,
        "Brigade": "201",
        "Time": "2017-05-15 22:05:52",
        "Lines": "109"
      },
      {
        "Lat": 52.2302,
        "Lon": 20.9827,
        "Brigade": "201",
        "Time": "2017-05-15 22:06:02",
        "Lines": "109"
      },
      {
        "Lat": 52.2301,
        "Lon": 20.9826,
        "Brigade": "201",
        "Time": "2017-05-15 22:06:17",
        "Lines": "109"
      },
      {
        "Lat": 52.23,
        "Lon": 20.982,
        "Brigade": "201",
        "Time": "2017-05-15 22:06:27",
        "Lines": "109"
      },
      {
        "Lat": 52.2297,
        "Lon": 20.9805,
        "Brigade": "201",
        "Time": "2017-05-15 22:06:37",
        "Lines": "109"
      },
      {
        "Lat": 52.2296,
        "Lon": 20.9791,
        "Brigade": "201",
        "Time": "2017-05-15 22:06:47",
        "Lines": "109"
      },
      {
        "Lat": 52.2295,
        "Lon": 20.9789,
        "Brigade": "201",
        "Time": "2017-05-15 22:06:57",
        "Lines": "109"
      },
      {
        "Lat": 52.2296,
        "Lon": 20.9787,
        "Brigade": "201",
        "Time": "2017-05-15 22:07:15",
        "Lines": "109"
      },
      {
        "Lat": 52.2296,
        "Lon": 20.9787,
        "Brigade": "201",
        "Time": "2017-05-15 22:07:25",
        "Lines": "109"
      },
      {
        "Lat": 52.2296,
        "Lon": 20.9786,
        "Brigade": "201",
        "Time": "2017-05-15 22:07:35",
        "Lines": "109"
      },
      {
        "Lat": 52.2294,
        "Lon": 20.9776,
        "Brigade": "201",
        "Time": "2017-05-15 22:07:45",
        "Lines": "109"
      },
      {
        "Lat": 52.2293,
        "Lon": 20.9758,
        "Brigade": "201",
        "Time": "2017-05-15 22:07:55",
        "Lines": "109"
      },
      {
        "Lat": 52.2291,
        "Lon": 20.9726,
        "Brigade": "201",
        "Time": "2017-05-15 22:08:10",
        "Lines": "109"
      },
      {
        "Lat": 52.229,
        "Lon": 20.9712,
        "Brigade": "201",
        "Time": "2017-05-15 22:08:20",
        "Lines": "109"
      },
      {
        "Lat": 52.2289,
        "Lon": 20.9705,
        "Brigade": "201",
        "Time": "2017-05-15 22:08:30",
        "Lines": "109"
      },
      {
        "Lat": 52.2289,
        "Lon": 20.9702,
        "Brigade": "201",
        "Time": "2017-05-15 22:08:40",
        "Lines": "109"
      },
      {
        "Lat": 52.2289,
        "Lon": 20.9701,
        "Brigade": "201",
        "Time": "2017-05-15 22:08:50",
        "Lines": "109"
      },
      {
        "Lat": 52.2289,
        "Lon": 20.9701,
        "Brigade": "201",
        "Time": "2017-05-15 22:09:05",
        "Lines": "109"
      },
      {
        "Lat": 52.2289,
        "Lon": 20.9698,
        "Brigade": "201",
        "Time": "2017-05-15 22:09:15",
        "Lines": "109"
      },
      {
        "Lat": 52.2289,
        "Lon": 20.9686,
        "Brigade": "201",
        "Time": "2017-05-15 22:09:25",
        "Lines": "109"
      },
      {
        "Lat": 52.2289,
        "Lon": 20.9683,
        "Brigade": "201",
        "Time": "2017-05-15 22:09:35",
        "Lines": "109"
      },
      {
        "Lat": 52.2289,
        "Lon": 20.9682,
        "Brigade": "201",
        "Time": "2017-05-15 22:09:50",
        "Lines": "109"
      },
      {
        "Lat": 52.2287,
        "Lon": 20.9668,
        "Brigade": "201",
        "Time": "2017-05-15 22:10:00",
        "Lines": "109"
      },
      {
        "Lat": 52.2286,
        "Lon": 20.965,
        "Brigade": "201",
        "Time": "2017-05-15 22:10:10",
        "Lines": "109"
      },
      {
        "Lat": 52.2285,
        "Lon": 20.9631,
        "Brigade": "201",
        "Time": "2017-05-15 22:10:20",
        "Lines": "109"
      },
      {
        "Lat": 52.2283,
        "Lon": 20.9611,
        "Brigade": "201",
        "Time": "2017-05-15 22:10:30",
        "Lines": "109"
      },
      {
        "Lat": 52.2283,
        "Lon": 20.9584,
        "Brigade": "201",
        "Time": "2017-05-15 22:10:45",
        "Lines": "109"
      },
      {
        "Lat": 52.2282,
        "Lon": 20.9577,
        "Brigade": "201",
        "Time": "2017-05-15 22:10:55",
        "Lines": "109"
      },
      {
        "Lat": 52.2282,
        "Lon": 20.9577,
        "Brigade": "201",
        "Time": "2017-05-15 22:11:05",
        "Lines": "109"
      },
      {
        "Lat": 52.2282,
        "Lon": 20.9577,
        "Brigade": "201",
        "Time": "2017-05-15 22:11:20",
        "Lines": "109"
      },
      {
        "Lat": 52.2283,
        "Lon": 20.9577,
        "Brigade": "201",
        "Time": "2017-05-15 22:11:30",
        "Lines": "109"
      },
      {
        "Lat": 52.2283,
        "Lon": 20.9576,
        "Brigade": "201",
        "Time": "2017-05-15 22:11:40",
        "Lines": "109"
      },
      {
        "Lat": 52.2281,
        "Lon": 20.9567,
        "Brigade": "201",
        "Time": "2017-05-15 22:11:50",
        "Lines": "109"
      },
      {
        "Lat": 52.228,
        "Lon": 20.9558,
        "Brigade": "201",
        "Time": "2017-05-15 22:12:00",
        "Lines": "109"
      },
      {
        "Lat": 52.228,
        "Lon": 20.9557,
        "Brigade": "201",
        "Time": "2017-05-15 22:12:15",
        "Lines": "109"
      },
      {
        "Lat": 52.228,
        "Lon": 20.9548,
        "Brigade": "201",
        "Time": "2017-05-15 22:12:25",
        "Lines": "109"
      },
      {
        "Lat": 52.228,
        "Lon": 20.9543,
        "Brigade": "201",
        "Time": "2017-05-15 22:12:35",
        "Lines": "109"
      },
      {
        "Lat": 52.2279,
        "Lon": 20.9542,
        "Brigade": "201",
        "Time": "2017-05-15 22:12:45",
        "Lines": "109"
      },
      {
        "Lat": 52.2279,
        "Lon": 20.9542,
        "Brigade": "201",
        "Time": "2017-05-15 22:12:55",
        "Lines": "109"
      },
      {
        "Lat": 52.2279,
        "Lon": 20.9542,
        "Brigade": "201",
        "Time": "2017-05-15 22:13:05",
        "Lines": "109"
      },
      {
        "Lat": 52.2278,
        "Lon": 20.9531,
        "Brigade": "201",
        "Time": "2017-05-15 22:13:20",
        "Lines": "109"
      },
      {
        "Lat": 52.2278,
        "Lon": 20.9525,
        "Brigade": "201",
        "Time": "2017-05-15 22:13:30",
        "Lines": "109"
      },
      {
        "Lat": 52.2279,
        "Lon": 20.9524,
        "Brigade": "201",
        "Time": "2017-05-15 22:13:40",
        "Lines": "109"
      },
      {
        "Lat": 52.2278,
        "Lon": 20.9521,
        "Brigade": "201",
        "Time": "2017-05-15 22:13:50",
        "Lines": "109"
      },
      {
        "Lat": 52.2282,
        "Lon": 20.9515,
        "Brigade": "201",
        "Time": "2017-05-15 22:14:05",
        "Lines": "109"
      },
      {
        "Lat": 52.2288,
        "Lon": 20.9512,
        "Brigade": "201",
        "Time": "2017-05-15 22:14:15",
        "Lines": "109"
      },
      {
        "Lat": 52.2289,
        "Lon": 20.9511,
        "Brigade": "201",
        "Time": "2017-05-15 22:14:25",
        "Lines": "109"
      },
      {
        "Lat": 52.2294,
        "Lon": 20.9508,
        "Brigade": "201",
        "Time": "2017-05-15 22:14:35",
        "Lines": "109"
      },
      {
        "Lat": 52.2303,
        "Lon": 20.95,
        "Brigade": "201",
        "Time": "2017-05-15 22:14:40",
        "Lines": "109"
      },
      {
        "Lat": 52.2304,
        "Lon": 20.9499,
        "Brigade": "201",
        "Time": "2017-05-15 22:15:00",
        "Lines": "109"
      },
      {
        "Lat": 52.231,
        "Lon": 20.9493,
        "Brigade": "201",
        "Time": "2017-05-15 22:15:10",
        "Lines": "109"
      },
      {
        "Lat": 52.232,
        "Lon": 20.9489,
        "Brigade": "201",
        "Time": "2017-05-15 22:15:20",
        "Lines": "109"
      },
      {
        "Lat": 52.2331,
        "Lon": 20.9485,
        "Brigade": "201",
        "Time": "2017-05-15 22:15:30",
        "Lines": "109"
      },
      {
        "Lat": 52.236,
        "Lon": 20.9479,
        "Brigade": "201",
        "Time": "2017-05-15 22:15:55",
        "Lines": "109"
      },
      {
        "Lat": 52.2366,
        "Lon": 20.9481,
        "Brigade": "201",
        "Time": "2017-05-15 22:16:05",
        "Lines": "109"
      },
      {
        "Lat": 52.2366,
        "Lon": 20.9482,
        "Brigade": "201",
        "Time": "2017-05-15 22:16:15",
        "Lines": "109"
      },
      {
        "Lat": 52.2373,
        "Lon": 20.9483,
        "Brigade": "201",
        "Time": "2017-05-15 22:16:30",
        "Lines": "109"
      },
      {
        "Lat": 52.2378,
        "Lon": 20.9484,
        "Brigade": "201",
        "Time": "2017-05-15 22:16:35",
        "Lines": "109"
      },
      {
        "Lat": 52.2384,
        "Lon": 20.9485,
        "Brigade": "201",
        "Time": "2017-05-15 22:16:50",
        "Lines": "109"
      },
      {
        "Lat": 52.2384,
        "Lon": 20.9485,
        "Brigade": "201",
        "Time": "2017-05-15 22:17:00",
        "Lines": "109"
      },
      {
        "Lat": 52.2384,
        "Lon": 20.9486,
        "Brigade": "201",
        "Time": "2017-05-15 22:17:10",
        "Lines": "109"
      },
      {
        "Lat": 52.2384,
        "Lon": 20.9486,
        "Brigade": "201",
        "Time": "2017-05-15 22:17:20",
        "Lines": "109"
      },
      {
        "Lat": 52.2384,
        "Lon": 20.9486,
        "Brigade": "201",
        "Time": "2017-05-15 22:17:35",
        "Lines": "109"
      },
      {
        "Lat": 52.2384,
        "Lon": 20.9486,
        "Brigade": "201",
        "Time": "2017-05-15 22:17:45",
        "Lines": "109"
      },
      {
        "Lat": 52.2385,
        "Lon": 20.9487,
        "Brigade": "201",
        "Time": "2017-05-15 22:17:55",
        "Lines": "109"
      },
      {
        "Lat": 52.2388,
        "Lon": 20.948,
        "Brigade": "201",
        "Time": "2017-05-15 22:18:10",
        "Lines": "109"
      },
      {
        "Lat": 52.2388,
        "Lon": 20.947,
        "Brigade": "201",
        "Time": "2017-05-15 22:18:20",
        "Lines": "109"
      },
      {
        "Lat": 52.2388,
        "Lon": 20.9466,
        "Brigade": "201",
        "Time": "2017-05-15 22:18:30",
        "Lines": "109"
      },
      {
        "Lat": 52.2388,
        "Lon": 20.9465,
        "Brigade": "201",
        "Time": "2017-05-15 22:18:40",
        "Lines": "109"
      },
      {
        "Lat": 52.2389,
        "Lon": 20.9454,
        "Brigade": "201",
        "Time": "2017-05-15 22:18:50",
        "Lines": "109"
      },
      {
        "Lat": 52.2391,
        "Lon": 20.9431,
        "Brigade": "201",
        "Time": "2017-05-15 22:19:05",
        "Lines": "109"
      },
      {
        "Lat": 52.2394,
        "Lon": 20.9418,
        "Brigade": "201",
        "Time": "2017-05-15 22:19:15",
        "Lines": "109"
      },
      {
        "Lat": 52.2395,
        "Lon": 20.9411,
        "Brigade": "201",
        "Time": "2017-05-15 22:19:25",
        "Lines": "109"
      },
      {
        "Lat": 52.2395,
        "Lon": 20.9407,
        "Brigade": "201",
        "Time": "2017-05-15 22:19:35",
        "Lines": "109"
      },
      {
        "Lat": 52.2395,
        "Lon": 20.9406,
        "Brigade": "201",
        "Time": "2017-05-15 22:19:45",
        "Lines": "109"
      },
      {
        "Lat": 52.2396,
        "Lon": 20.9394,
        "Brigade": "201",
        "Time": "2017-05-15 22:19:55",
        "Lines": "109"
      },
      {
        "Lat": 52.2399,
        "Lon": 20.9371,
        "Brigade": "201",
        "Time": "2017-05-15 22:20:10",
        "Lines": "109"
      },
      {
        "Lat": 52.24,
        "Lon": 20.936,
        "Brigade": "201",
        "Time": "2017-05-15 22:20:20",
        "Lines": "109"
      },
      {
        "Lat": 52.24,
        "Lon": 20.9358,
        "Brigade": "201",
        "Time": "2017-05-15 22:20:30",
        "Lines": "109"
      },
      {
        "Lat": 52.24,
        "Lon": 20.9358,
        "Brigade": "201",
        "Time": "2017-05-15 22:20:40",
        "Lines": "109"
      },
      {
        "Lat": 52.24,
        "Lon": 20.9358,
        "Brigade": "201",
        "Time": "2017-05-15 22:20:55",
        "Lines": "109"
      },
      {
        "Lat": 52.24,
        "Lon": 20.9358,
        "Brigade": "201",
        "Time": "2017-05-15 22:21:05",
        "Lines": "109"
      },
      {
        "Lat": 52.24,
        "Lon": 20.9353,
        "Brigade": "201",
        "Time": "2017-05-15 22:21:15",
        "Lines": "109"
      },
      {
        "Lat": 52.2401,
        "Lon": 20.9343,
        "Brigade": "201",
        "Time": "2017-05-15 22:21:25",
        "Lines": "109"
      },
      {
        "Lat": 52.2402,
        "Lon": 20.9341,
        "Brigade": "201",
        "Time": "2017-05-15 22:21:35",
        "Lines": "109"
      },
      {
        "Lat": 52.2402,
        "Lon": 20.9341,
        "Brigade": "201",
        "Time": "2017-05-15 22:21:45",
        "Lines": "109"
      },
      {
        "Lat": 52.2403,
        "Lon": 20.9325,
        "Brigade": "201",
        "Time": "2017-05-15 22:22:00",
        "Lines": "109"
      },
      {
        "Lat": 52.2405,
        "Lon": 20.9308,
        "Brigade": "201",
        "Time": "2017-05-15 22:22:10",
        "Lines": "109"
      },
      {
        "Lat": 52.2406,
        "Lon": 20.9296,
        "Brigade": "201",
        "Time": "2017-05-15 22:22:20",
        "Lines": "109"
      },
      {
        "Lat": 52.2406,
        "Lon": 20.9296,
        "Brigade": "201",
        "Time": "2017-05-15 22:22:30",
        "Lines": "109"
      },
      {
        "Lat": 52.2407,
        "Lon": 20.9292,
        "Brigade": "201",
        "Time": "2017-05-15 22:22:40",
        "Lines": "109"
      },
      {
        "Lat": 52.2408,
        "Lon": 20.9268,
        "Brigade": "201",
        "Time": "2017-05-15 22:22:55",
        "Lines": "109"
      },
      {
        "Lat": 52.2407,
        "Lon": 20.9252,
        "Brigade": "201",
        "Time": "2017-05-15 22:23:05",
        "Lines": "109"
      },
      {
        "Lat": 52.2405,
        "Lon": 20.9236,
        "Brigade": "201",
        "Time": "2017-05-15 22:23:15",
        "Lines": "109"
      },
      {
        "Lat": 52.2403,
        "Lon": 20.9218,
        "Brigade": "201",
        "Time": "2017-05-15 22:23:25",
        "Lines": "109"
      },
      {
        "Lat": 52.24,
        "Lon": 20.9196,
        "Brigade": "201",
        "Time": "2017-05-15 22:23:40",
        "Lines": "109"
      },
      {
        "Lat": 52.2399,
        "Lon": 20.9192,
        "Brigade": "201",
        "Time": "2017-05-15 22:23:50",
        "Lines": "109"
      },
      {
        "Lat": 52.2399,
        "Lon": 20.919,
        "Brigade": "201",
        "Time": "2017-05-15 22:24:00",
        "Lines": "109"
      },
      {
        "Lat": 52.2398,
        "Lon": 20.9183,
        "Brigade": "201",
        "Time": "2017-05-15 22:24:10",
        "Lines": "109"
      },
      {
        "Lat": 52.2397,
        "Lon": 20.9173,
        "Brigade": "201",
        "Time": "2017-05-15 22:24:20",
        "Lines": "109"
      },
      {
        "Lat": 52.2397,
        "Lon": 20.9169,
        "Brigade": "201",
        "Time": "2017-05-15 22:24:35",
        "Lines": "109"
      },
      {
        "Lat": 52.2396,
        "Lon": 20.9164,
        "Brigade": "201",
        "Time": "2017-05-15 22:24:45",
        "Lines": "109"
      },
      {
        "Lat": 52.2394,
        "Lon": 20.9149,
        "Brigade": "201",
        "Time": "2017-05-15 22:24:55",
        "Lines": "109"
      },
      {
        "Lat": 52.2394,
        "Lon": 20.9142,
        "Brigade": "201",
        "Time": "2017-05-15 22:25:05",
        "Lines": "109"
      },
      {
        "Lat": 52.2394,
        "Lon": 20.9142,
        "Brigade": "201",
        "Time": "2017-05-15 22:25:15",
        "Lines": "109"
      },
      {
        "Lat": 52.2394,
        "Lon": 20.9142,
        "Brigade": "201",
        "Time": "2017-05-15 22:25:25",
        "Lines": "109"
      },
      {
        "Lat": 52.2393,
        "Lon": 20.9133,
        "Brigade": "201",
        "Time": "2017-05-15 22:25:40",
        "Lines": "109"
      },
      {
        "Lat": 52.2392,
        "Lon": 20.9121,
        "Brigade": "201",
        "Time": "2017-05-15 22:25:50",
        "Lines": "109"
      },
      {
        "Lat": 52.2392,
        "Lon": 20.9117,
        "Brigade": "201",
        "Time": "2017-05-15 22:26:00",
        "Lines": "109"
      },
      {
        "Lat": 52.2392,
        "Lon": 20.9117,
        "Brigade": "201",
        "Time": "2017-05-15 22:26:10",
        "Lines": "109"
      },
      {
        "Lat": 52.2391,
        "Lon": 20.9105,
        "Brigade": "201",
        "Time": "2017-05-15 22:26:20",
        "Lines": "109"
      },
      {
        "Lat": 52.239,
        "Lon": 20.9072,
        "Brigade": "201",
        "Time": "2017-05-15 22:26:35",
        "Lines": "109"
      },
      {
        "Lat": 52.2392,
        "Lon": 20.9058,
        "Brigade": "201",
        "Time": "2017-05-15 22:26:45",
        "Lines": "109"
      },
      {
        "Lat": 52.2392,
        "Lon": 20.9057,
        "Brigade": "201",
        "Time": "2017-05-15 22:26:55",
        "Lines": "109"
      },
      {
        "Lat": 52.2392,
        "Lon": 20.9051,
        "Brigade": "201",
        "Time": "2017-05-15 22:27:10",
        "Lines": "109"
      },
      {
        "Lat": 52.2392,
        "Lon": 20.9048,
        "Brigade": "201",
        "Time": "2017-05-15 22:27:14",
        "Lines": "109"
      },
      {
        "Lat": 52.2392,
        "Lon": 20.9048,
        "Brigade": "201",
        "Time": "2017-05-15 22:27:29",
        "Lines": "109"
      },
      {
        "Lat": 52.2392,
        "Lon": 20.9048,
        "Brigade": "201",
        "Time": "2017-05-15 22:27:39",
        "Lines": "109"
      },
      {
        "Lat": 52.2392,
        "Lon": 20.9048,
        "Brigade": "201",
        "Time": "2017-05-15 22:27:49",
        "Lines": "109"
      },
      {
        "Lat": 52.2392,
        "Lon": 20.9042,
        "Brigade": "201",
        "Time": "2017-05-15 22:28:04",
        "Lines": "109"
      },
      {
        "Lat": 52.2393,
        "Lon": 20.9025,
        "Brigade": "201",
        "Time": "2017-05-15 22:28:14",
        "Lines": "109"
      },
      {
        "Lat": 52.2395,
        "Lon": 20.9006,
        "Brigade": "201",
        "Time": "2017-05-15 22:28:24",
        "Lines": "109"
      },
      {
        "Lat": 52.239,
        "Lon": 20.8995,
        "Brigade": "201",
        "Time": "2017-05-15 22:28:39",
        "Lines": "109"
      },
      {
        "Lat": 52.239,
        "Lon": 20.899,
        "Brigade": "201",
        "Time": "2017-05-15 22:28:49",
        "Lines": "109"
      },
      {
        "Lat": 52.239,
        "Lon": 20.899,
        "Brigade": "201",
        "Time": "2017-05-15 22:28:59",
        "Lines": "109"
      },
      {
        "Lat": 52.239,
        "Lon": 20.899,
        "Brigade": "201",
        "Time": "2017-05-15 22:29:09",
        "Lines": "109"
      },
      {
        "Lat": 52.239,
        "Lon": 20.899,
        "Brigade": "201",
        "Time": "2017-05-15 22:29:19",
        "Lines": "109"
      },
      {
        "Lat": 52.239,
        "Lon": 20.8989,
        "Brigade": "201",
        "Time": "2017-05-15 22:29:34",
        "Lines": "109"
      },
      {
        "Lat": 52.239,
        "Lon": 20.8989,
        "Brigade": "201",
        "Time": "2017-05-15 22:29:44",
        "Lines": "109"
      },
      {
        "Lat": 52.239,
        "Lon": 20.8989,
        "Brigade": "201",
        "Time": "2017-05-15 22:29:54",
        "Lines": "109"
      },
      {
        "Lat": 52.239,
        "Lon": 20.8989,
        "Brigade": "201",
        "Time": "2017-05-15 22:30:04",
        "Lines": "109"
      },
      {
        "Lat": 52.239,
        "Lon": 20.8989,
        "Brigade": "201",
        "Time": "2017-05-15 22:30:14",
        "Lines": "109"
      },
      {
        "Lat": 52.239,
        "Lon": 20.8989,
        "Brigade": "201",
        "Time": "2017-05-15 22:30:29",
        "Lines": "109"
      },
      {
        "Lat": 52.239,
        "Lon": 20.8989,
        "Brigade": "201",
        "Time": "2017-05-15 22:30:39",
        "Lines": "109"
      },
      {
        "Lat": 52.239,
        "Lon": 20.8989,
        "Brigade": "201",
        "Time": "2017-05-15 22:30:49",
        "Lines": "109"
      },
      {
        "Lat": 52.239,
        "Lon": 20.8989,
        "Brigade": "201",
        "Time": "2017-05-15 22:30:59",
        "Lines": "109"
      },
      {
        "Lat": 52.239,
        "Lon": 20.8989,
        "Brigade": "201",
        "Time": "2017-05-15 22:31:14",
        "Lines": "109"
      },
      {
        "Lat": 52.2391,
        "Lon": 20.899,
        "Brigade": "201",
        "Time": "2017-05-15 22:31:24",
        "Lines": "109"
      },
      {
        "Lat": 52.2391,
        "Lon": 20.899,
        "Brigade": "201",
        "Time": "2017-05-15 22:31:34",
        "Lines": "109"
      },
      {
        "Lat": 52.2391,
        "Lon": 20.899,
        "Brigade": "201",
        "Time": "2017-05-15 22:31:44",
        "Lines": "109"
      },
      {
        "Lat": 52.2391,
        "Lon": 20.899,
        "Brigade": "201",
        "Time": "2017-05-15 22:31:54",
        "Lines": "109"
      },
      {
        "Lat": 52.2391,
        "Lon": 20.899,
        "Brigade": "201",
        "Time": "2017-05-15 22:32:04",
        "Lines": "109"
      },
      {
        "Lat": 52.2391,
        "Lon": 20.899,
        "Brigade": "201",
        "Time": "2017-05-15 22:32:19",
        "Lines": "109"
      },
      {
        "Lat": 52.2391,
        "Lon": 20.899,
        "Brigade": "201",
        "Time": "2017-05-15 22:32:29",
        "Lines": "109"
      },
      {
        "Lat": 52.2391,
        "Lon": 20.899,
        "Brigade": "201",
        "Time": "2017-05-15 22:32:39",
        "Lines": "109"
      },
      {
        "Lat": 52.2391,
        "Lon": 20.899,
        "Brigade": "201",
        "Time": "2017-05-15 22:32:54",
        "Lines": "109"
      },
      {
        "Lat": 52.2391,
        "Lon": 20.899,
        "Brigade": "201",
        "Time": "2017-05-15 22:32:59",
        "Lines": "109"
      },
      {
        "Lat": 52.2391,
        "Lon": 20.899,
        "Brigade": "201",
        "Time": "2017-05-15 22:33:14",
        "Lines": "109"
      },
      {
        "Lat": 52.2391,
        "Lon": 20.899,
        "Brigade": "201",
        "Time": "2017-05-15 22:33:24",
        "Lines": "109"
      },
      {
        "Lat": 52.2391,
        "Lon": 20.899,
        "Brigade": "201",
        "Time": "2017-05-15 22:33:34",
        "Lines": "109"
      },
      {
        "Lat": 52.2391,
        "Lon": 20.899,
        "Brigade": "201",
        "Time": "2017-05-15 22:33:49",
        "Lines": "109"
      },
      {
        "Lat": 52.2391,
        "Lon": 20.899,
        "Brigade": "201",
        "Time": "2017-05-15 22:33:59",
        "Lines": "109"
      },
      {
        "Lat": 52.2391,
        "Lon": 20.899,
        "Brigade": "201",
        "Time": "2017-05-15 22:34:09",
        "Lines": "109"
      },
      {
        "Lat": 52.2391,
        "Lon": 20.899,
        "Brigade": "201",
        "Time": "2017-05-15 22:34:19",
        "Lines": "109"
      },
      {
        "Lat": 52.2391,
        "Lon": 20.899,
        "Brigade": "201",
        "Time": "2017-05-15 22:34:29",
        "Lines": "109"
      },
      {
        "Lat": 52.2392,
        "Lon": 20.899,
        "Brigade": "201",
        "Time": "2017-05-15 22:34:39",
        "Lines": "109"
      },
      {
        "Lat": 52.2392,
        "Lon": 20.8991,
        "Brigade": "201",
        "Time": "2017-05-15 22:34:49",
        "Lines": "109"
      },
      {
        "Lat": 52.2391,
        "Lon": 20.899,
        "Brigade": "201",
        "Time": "2017-05-15 22:35:04",
        "Lines": "109"
      },
      {
        "Lat": 52.2391,
        "Lon": 20.899,
        "Brigade": "201",
        "Time": "2017-05-15 22:35:14",
        "Lines": "109"
      },
      {
        "Lat": 52.2391,
        "Lon": 20.899,
        "Brigade": "201",
        "Time": "2017-05-15 22:35:29",
        "Lines": "109"
      },
      {
        "Lat": 52.2391,
        "Lon": 20.899,
        "Brigade": "201",
        "Time": "2017-05-15 22:35:39",
        "Lines": "109"
      },
      {
        "Lat": 52.2391,
        "Lon": 20.899,
        "Brigade": "201",
        "Time": "2017-05-15 22:35:49",
        "Lines": "109"
      },
      {
        "Lat": 52.2391,
        "Lon": 20.899,
        "Brigade": "201",
        "Time": "2017-05-15 22:35:59",
        "Lines": "109"
      },
      {
        "Lat": 52.2391,
        "Lon": 20.899,
        "Brigade": "201",
        "Time": "2017-05-15 22:36:09",
        "Lines": "109"
      },
      {
        "Lat": 52.2391,
        "Lon": 20.899,
        "Brigade": "201",
        "Time": "2017-05-15 22:36:24",
        "Lines": "109"
      },
      {
        "Lat": 52.2391,
        "Lon": 20.899,
        "Brigade": "201",
        "Time": "2017-05-15 22:36:34",
        "Lines": "109"
      },
      {
        "Lat": 52.2391,
        "Lon": 20.899,
        "Brigade": "201",
        "Time": "2017-05-15 22:36:44",
        "Lines": "109"
      },
      {
        "Lat": 52.2391,
        "Lon": 20.899,
        "Brigade": "201",
        "Time": "2017-05-15 22:36:54",
        "Lines": "109"
      },
      {
        "Lat": 52.2391,
        "Lon": 20.899,
        "Brigade": "201",
        "Time": "2017-05-15 22:37:04",
        "Lines": "109"
      },
      {
        "Lat": 52.2391,
        "Lon": 20.899,
        "Brigade": "201",
        "Time": "2017-05-15 22:37:19",
        "Lines": "109"
      },
      {
        "Lat": 52.2391,
        "Lon": 20.899,
        "Brigade": "201",
        "Time": "2017-05-15 22:37:29",
        "Lines": "109"
      },
      {
        "Lat": 52.2391,
        "Lon": 20.899,
        "Brigade": "201",
        "Time": "2017-05-15 22:37:39",
        "Lines": "109"
      },
      {
        "Lat": 52.2391,
        "Lon": 20.899,
        "Brigade": "201",
        "Time": "2017-05-15 22:37:49",
        "Lines": "109"
      },
      {
        "Lat": 52.2391,
        "Lon": 20.899,
        "Brigade": "201",
        "Time": "2017-05-15 22:37:54",
        "Lines": "109"
      },
      {
        "Lat": 52.239,
        "Lon": 20.899,
        "Brigade": "201",
        "Time": "2017-05-15 22:38:14",
        "Lines": "109"
      },
      {
        "Lat": 52.239,
        "Lon": 20.8989,
        "Brigade": "201",
        "Time": "2017-05-15 22:38:24",
        "Lines": "109"
      },
      {
        "Lat": 52.239,
        "Lon": 20.8989,
        "Brigade": "201",
        "Time": "2017-05-15 22:38:34",
        "Lines": "109"
      },
      {
        "Lat": 52.239,
        "Lon": 20.8989,
        "Brigade": "201",
        "Time": "2017-05-15 22:38:39",
        "Lines": "109"
      },
      {
        "Lat": 52.239,
        "Lon": 20.8989,
        "Brigade": "201",
        "Time": "2017-05-15 22:38:59",
        "Lines": "109"
      },
      {
        "Lat": 52.239,
        "Lon": 20.8989,
        "Brigade": "201",
        "Time": "2017-05-15 22:39:09",
        "Lines": "109"
      },
      {
        "Lat": 52.239,
        "Lon": 20.8989,
        "Brigade": "201",
        "Time": "2017-05-15 22:39:19",
        "Lines": "109"
      },
      {
        "Lat": 52.239,
        "Lon": 20.8989,
        "Brigade": "201",
        "Time": "2017-05-15 22:39:34",
        "Lines": "109"
      },
      {
        "Lat": 52.239,
        "Lon": 20.8989,
        "Brigade": "201",
        "Time": "2017-05-15 22:39:44",
        "Lines": "109"
      },
      {
        "Lat": 52.239,
        "Lon": 20.899,
        "Brigade": "201",
        "Time": "2017-05-15 22:39:54",
        "Lines": "109"
      },
      {
        "Lat": 52.239,
        "Lon": 20.8988,
        "Brigade": "201",
        "Time": "2017-05-15 22:39:59",
        "Lines": "109"
      },
      {
        "Lat": 52.2391,
        "Lon": 20.9019,
        "Brigade": "201",
        "Time": "2017-05-15 22:40:19",
        "Lines": "109"
      },
      {
        "Lat": 52.239,
        "Lon": 20.903,
        "Brigade": "201",
        "Time": "2017-05-15 22:40:39",
        "Lines": "109"
      },
      {
        "Lat": 52.239,
        "Lon": 20.9032,
        "Brigade": "201",
        "Time": "2017-05-15 22:40:44",
        "Lines": "109"
      },
      {
        "Lat": 52.2388,
        "Lon": 20.9056,
        "Brigade": "201",
        "Time": "2017-05-15 22:40:59",
        "Lines": "109"
      },
      {
        "Lat": 52.2388,
        "Lon": 20.9058,
        "Brigade": "201",
        "Time": "2017-05-15 22:41:24",
        "Lines": "109"
      },
      {
        "Lat": 52.2388,
        "Lon": 20.9063,
        "Brigade": "201",
        "Time": "2017-05-15 22:41:29",
        "Lines": "109"
      },
      {
        "Lat": 52.2388,
        "Lon": 20.91,
        "Brigade": "201",
        "Time": "2017-05-15 22:41:34",
        "Lines": "109"
      },
      {
        "Lat": 52.2389,
        "Lon": 20.9117,
        "Brigade": "201",
        "Time": "2017-05-15 22:41:59",
        "Lines": "109"
      },
      {
        "Lat": 52.2391,
        "Lon": 20.9137,
        "Brigade": "201",
        "Time": "2017-05-15 22:42:19",
        "Lines": "109"
      },
      {
        "Lat": 52.2391,
        "Lon": 20.9148,
        "Brigade": "201",
        "Time": "2017-05-15 22:42:29",
        "Lines": "109"
      },
      {
        "Lat": 52.2391,
        "Lon": 20.9148,
        "Brigade": "201",
        "Time": "2017-05-15 22:42:39",
        "Lines": "109"
      },
      {
        "Lat": 52.2393,
        "Lon": 20.9164,
        "Brigade": "201",
        "Time": "2017-05-15 22:42:54",
        "Lines": "109"
      },
      {
        "Lat": 52.2395,
        "Lon": 20.9176,
        "Brigade": "201",
        "Time": "2017-05-15 22:43:04",
        "Lines": "109"
      },
      {
        "Lat": 52.2396,
        "Lon": 20.9187,
        "Brigade": "201",
        "Time": "2017-05-15 22:43:14",
        "Lines": "109"
      },
      {
        "Lat": 52.2397,
        "Lon": 20.9194,
        "Brigade": "201",
        "Time": "2017-05-15 22:43:24",
        "Lines": "109"
      },
      {
        "Lat": 52.2397,
        "Lon": 20.9194,
        "Brigade": "201",
        "Time": "2017-05-15 22:43:34",
        "Lines": "109"
      },
      {
        "Lat": 52.2399,
        "Lon": 20.9204,
        "Brigade": "201",
        "Time": "2017-05-15 22:43:49",
        "Lines": "109"
      },
      {
        "Lat": 52.2402,
        "Lon": 20.9222,
        "Brigade": "201",
        "Time": "2017-05-15 22:43:59",
        "Lines": "109"
      },
      {
        "Lat": 52.2404,
        "Lon": 20.9239,
        "Brigade": "201",
        "Time": "2017-05-15 22:44:09",
        "Lines": "109"
      },
      {
        "Lat": 52.2407,
        "Lon": 20.9257,
        "Brigade": "201",
        "Time": "2017-05-15 22:44:19",
        "Lines": "109"
      },
      {
        "Lat": 52.2407,
        "Lon": 20.9276,
        "Brigade": "201",
        "Time": "2017-05-15 22:44:29",
        "Lines": "109"
      },
      {
        "Lat": 52.2405,
        "Lon": 20.93,
        "Brigade": "201",
        "Time": "2017-05-15 22:44:44",
        "Lines": "109"
      },
      {
        "Lat": 52.2405,
        "Lon": 20.9306,
        "Brigade": "201",
        "Time": "2017-05-15 22:44:54",
        "Lines": "109"
      },
      {
        "Lat": 52.2404,
        "Lon": 20.9307,
        "Brigade": "201",
        "Time": "2017-05-15 22:45:04",
        "Lines": "109"
      },
      {
        "Lat": 52.2403,
        "Lon": 20.9316,
        "Brigade": "201",
        "Time": "2017-05-15 22:45:14",
        "Lines": "109"
      },
      {
        "Lat": 52.2403,
        "Lon": 20.9319,
        "Brigade": "201",
        "Time": "2017-05-15 22:45:24",
        "Lines": "109"
      },
      {
        "Lat": 52.2403,
        "Lon": 20.9319,
        "Brigade": "201",
        "Time": "2017-05-15 22:45:39",
        "Lines": "109"
      },
      {
        "Lat": 52.2402,
        "Lon": 20.9327,
        "Brigade": "201",
        "Time": "2017-05-15 22:45:49",
        "Lines": "109"
      },
      {
        "Lat": 52.2401,
        "Lon": 20.9341,
        "Brigade": "201",
        "Time": "2017-05-15 22:45:59",
        "Lines": "109"
      },
      {
        "Lat": 52.24,
        "Lon": 20.9349,
        "Brigade": "201",
        "Time": "2017-05-15 22:46:09",
        "Lines": "109"
      },
      {
        "Lat": 52.24,
        "Lon": 20.935,
        "Brigade": "201",
        "Time": "2017-05-15 22:46:19",
        "Lines": "109"
      },
      {
        "Lat": 52.24,
        "Lon": 20.935,
        "Brigade": "201",
        "Time": "2017-05-15 22:46:34",
        "Lines": "109"
      },
      {
        "Lat": 52.2399,
        "Lon": 20.9358,
        "Brigade": "201",
        "Time": "2017-05-15 22:46:44",
        "Lines": "109"
      },
      {
        "Lat": 52.2399,
        "Lon": 20.9363,
        "Brigade": "201",
        "Time": "2017-05-15 22:46:54",
        "Lines": "109"
      },
      {
        "Lat": 52.2399,
        "Lon": 20.9368,
        "Brigade": "201",
        "Time": "2017-05-15 22:47:04",
        "Lines": "109"
      },
      {
        "Lat": 52.2397,
        "Lon": 20.9378,
        "Brigade": "201",
        "Time": "2017-05-15 22:47:14",
        "Lines": "109"
      },
      {
        "Lat": 52.2396,
        "Lon": 20.9394,
        "Brigade": "201",
        "Time": "2017-05-15 22:47:24",
        "Lines": "109"
      },
      {
        "Lat": 52.2395,
        "Lon": 20.941,
        "Brigade": "201",
        "Time": "2017-05-15 22:47:39",
        "Lines": "109"
      },
      {
        "Lat": 52.2394,
        "Lon": 20.9412,
        "Brigade": "201",
        "Time": "2017-05-15 22:47:49",
        "Lines": "109"
      },
      {
        "Lat": 52.2394,
        "Lon": 20.9417,
        "Brigade": "201",
        "Time": "2017-05-15 22:47:59",
        "Lines": "109"
      },
      {
        "Lat": 52.2394,
        "Lon": 20.9418,
        "Brigade": "201",
        "Time": "2017-05-15 22:48:09",
        "Lines": "109"
      },
      {
        "Lat": 52.2392,
        "Lon": 20.9425,
        "Brigade": "201",
        "Time": "2017-05-15 22:48:24",
        "Lines": "109"
      },
      {
        "Lat": 52.239,
        "Lon": 20.9438,
        "Brigade": "201",
        "Time": "2017-05-15 22:48:34",
        "Lines": "109"
      },
      {
        "Lat": 52.2389,
        "Lon": 20.9453,
        "Brigade": "201",
        "Time": "2017-05-15 22:48:44",
        "Lines": "109"
      },
      {
        "Lat": 52.2387,
        "Lon": 20.9469,
        "Brigade": "201",
        "Time": "2017-05-15 22:48:54",
        "Lines": "109"
      },
      {
        "Lat": 52.2386,
        "Lon": 20.9479,
        "Brigade": "201",
        "Time": "2017-05-15 22:49:04",
        "Lines": "109"
      },
      {
        "Lat": 52.2386,
        "Lon": 20.9481,
        "Brigade": "201",
        "Time": "2017-05-15 22:49:19",
        "Lines": "109"
      },
      {
        "Lat": 52.2386,
        "Lon": 20.9481,
        "Brigade": "201",
        "Time": "2017-05-15 22:49:29",
        "Lines": "109"
      },
      {
        "Lat": 52.2386,
        "Lon": 20.9481,
        "Brigade": "201",
        "Time": "2017-05-15 22:49:39",
        "Lines": "109"
      },
      {
        "Lat": 52.2386,
        "Lon": 20.9481,
        "Brigade": "201",
        "Time": "2017-05-15 22:49:54",
        "Lines": "109"
      },
      {
        "Lat": 52.2386,
        "Lon": 20.9481,
        "Brigade": "201",
        "Time": "2017-05-15 22:50:04",
        "Lines": "109"
      },
      {
        "Lat": 52.2385,
        "Lon": 20.9484,
        "Brigade": "201",
        "Time": "2017-05-15 22:50:14",
        "Lines": "109"
      },
      {
        "Lat": 52.2382,
        "Lon": 20.9483,
        "Brigade": "201",
        "Time": "2017-05-15 22:50:24",
        "Lines": "109"
      },
      {
        "Lat": 52.2373,
        "Lon": 20.9481,
        "Brigade": "201",
        "Time": "2017-05-15 22:50:34",
        "Lines": "109"
      },
      {
        "Lat": 52.237,
        "Lon": 20.9481,
        "Brigade": "201",
        "Time": "2017-05-15 22:50:49",
        "Lines": "109"
      },
      {
        "Lat": 52.2364,
        "Lon": 20.948,
        "Brigade": "201",
        "Time": "2017-05-15 22:50:59",
        "Lines": "109"
      },
      {
        "Lat": 52.2355,
        "Lon": 20.9478,
        "Brigade": "201",
        "Time": "2017-05-15 22:51:09",
        "Lines": "109"
      },
      {
        "Lat": 52.2345,
        "Lon": 20.948,
        "Brigade": "201",
        "Time": "2017-05-15 22:51:19",
        "Lines": "109"
      },
      {
        "Lat": 52.2342,
        "Lon": 20.9481,
        "Brigade": "201",
        "Time": "2017-05-15 22:51:29",
        "Lines": "109"
      },
      {
        "Lat": 52.2333,
        "Lon": 20.9484,
        "Brigade": "201",
        "Time": "2017-05-15 22:51:44",
        "Lines": "109"
      },
      {
        "Lat": 52.2325,
        "Lon": 20.9487,
        "Brigade": "201",
        "Time": "2017-05-15 22:51:54",
        "Lines": "109"
      },
      {
        "Lat": 52.2316,
        "Lon": 20.9489,
        "Brigade": "201",
        "Time": "2017-05-15 22:52:04",
        "Lines": "109"
      },
      {
        "Lat": 52.2306,
        "Lon": 20.9495,
        "Brigade": "201",
        "Time": "2017-05-15 22:52:14",
        "Lines": "109"
      },
      {
        "Lat": 52.2302,
        "Lon": 20.9498,
        "Brigade": "201",
        "Time": "2017-05-15 22:52:29",
        "Lines": "109"
      },
      {
        "Lat": 52.23,
        "Lon": 20.95,
        "Brigade": "201",
        "Time": "2017-05-15 22:52:39",
        "Lines": "109"
      },
      {
        "Lat": 52.2292,
        "Lon": 20.9507,
        "Brigade": "201",
        "Time": "2017-05-15 22:52:49",
        "Lines": "109"
      },
      {
        "Lat": 52.2282,
        "Lon": 20.9515,
        "Brigade": "201",
        "Time": "2017-05-15 22:52:59",
        "Lines": "109"
      },
      {
        "Lat": 52.2279,
        "Lon": 20.9516,
        "Brigade": "201",
        "Time": "2017-05-15 22:53:14",
        "Lines": "109"
      },
      {
        "Lat": 52.2277,
        "Lon": 20.9516,
        "Brigade": "201",
        "Time": "2017-05-15 22:53:24",
        "Lines": "109"
      },
      {
        "Lat": 52.2275,
        "Lon": 20.9526,
        "Brigade": "201",
        "Time": "2017-05-15 22:53:34",
        "Lines": "109"
      },
      {
        "Lat": 52.2275,
        "Lon": 20.9528,
        "Brigade": "201",
        "Time": "2017-05-15 22:53:44",
        "Lines": "109"
      },
      {
        "Lat": 52.2276,
        "Lon": 20.954,
        "Brigade": "201",
        "Time": "2017-05-15 22:53:54",
        "Lines": "109"
      },
      {
        "Lat": 52.2277,
        "Lon": 20.9563,
        "Brigade": "201",
        "Time": "2017-05-15 22:54:09",
        "Lines": "109"
      },
      {
        "Lat": 52.2278,
        "Lon": 20.9564,
        "Brigade": "201",
        "Time": "2017-05-15 22:54:19",
        "Lines": "109"
      },
      {
        "Lat": 52.2278,
        "Lon": 20.9564,
        "Brigade": "201",
        "Time": "2017-05-15 22:54:29",
        "Lines": "109"
      },
      {
        "Lat": 52.2278,
        "Lon": 20.9564,
        "Brigade": "201",
        "Time": "2017-05-15 22:54:39",
        "Lines": "109"
      },
      {
        "Lat": 52.2278,
        "Lon": 20.9564,
        "Brigade": "201",
        "Time": "2017-05-15 22:54:54",
        "Lines": "109"
      },
      {
        "Lat": 52.2277,
        "Lon": 20.9567,
        "Brigade": "201",
        "Time": "2017-05-15 22:55:04",
        "Lines": "109"
      },
      {
        "Lat": 52.2278,
        "Lon": 20.9579,
        "Brigade": "201",
        "Time": "2017-05-15 22:55:14",
        "Lines": "109"
      },
      {
        "Lat": 52.2279,
        "Lon": 20.9582,
        "Brigade": "201",
        "Time": "2017-05-15 22:55:24",
        "Lines": "109"
      },
      {
        "Lat": 52.228,
        "Lon": 20.96,
        "Brigade": "201",
        "Time": "2017-05-15 22:55:39",
        "Lines": "109"
      },
      {
        "Lat": 52.2281,
        "Lon": 20.9621,
        "Brigade": "201",
        "Time": "2017-05-15 22:55:49",
        "Lines": "109"
      },
      {
        "Lat": 52.2283,
        "Lon": 20.9643,
        "Brigade": "201",
        "Time": "2017-05-15 22:55:59",
        "Lines": "109"
      },
      {
        "Lat": 52.2284,
        "Lon": 20.9665,
        "Brigade": "201",
        "Time": "2017-05-15 22:56:09",
        "Lines": "109"
      },
      {
        "Lat": 52.2285,
        "Lon": 20.9686,
        "Brigade": "201",
        "Time": "2017-05-15 22:56:19",
        "Lines": "109"
      },
      {
        "Lat": 52.2286,
        "Lon": 20.9705,
        "Brigade": "201",
        "Time": "2017-05-15 22:56:34",
        "Lines": "109"
      },
      {
        "Lat": 52.2286,
        "Lon": 20.9707,
        "Brigade": "201",
        "Time": "2017-05-15 22:56:44",
        "Lines": "109"
      },
      {
        "Lat": 52.2287,
        "Lon": 20.9712,
        "Brigade": "201",
        "Time": "2017-05-15 22:56:54",
        "Lines": "109"
      },
      {
        "Lat": 52.2288,
        "Lon": 20.9729,
        "Brigade": "201",
        "Time": "2017-05-15 22:57:04",
        "Lines": "109"
      },
      {
        "Lat": 52.2289,
        "Lon": 20.9747,
        "Brigade": "201",
        "Time": "2017-05-15 22:57:14",
        "Lines": "109"
      },
      {
        "Lat": 52.2291,
        "Lon": 20.977,
        "Brigade": "201",
        "Time": "2017-05-15 22:57:29",
        "Lines": "109"
      },
      {
        "Lat": 52.2292,
        "Lon": 20.9788,
        "Brigade": "201",
        "Time": "2017-05-15 22:57:39",
        "Lines": "109"
      },
      {
        "Lat": 52.2294,
        "Lon": 20.9802,
        "Brigade": "201",
        "Time": "2017-05-15 22:57:49",
        "Lines": "109"
      },
      {
        "Lat": 52.2294,
        "Lon": 20.9803,
        "Brigade": "201",
        "Time": "2017-05-15 22:57:59",
        "Lines": "109"
      },
      {
        "Lat": 52.2296,
        "Lon": 20.981,
        "Brigade": "201",
        "Time": "2017-05-15 22:58:09",
        "Lines": "109"
      },
      {
        "Lat": 52.2299,
        "Lon": 20.9832,
        "Brigade": "201",
        "Time": "2017-05-15 22:58:24",
        "Lines": "109"
      },
      {
        "Lat": 52.23,
        "Lon": 20.9837,
        "Brigade": "201",
        "Time": "2017-05-15 22:58:34",
        "Lines": "109"
      },
      {
        "Lat": 52.23,
        "Lon": 20.9837,
        "Brigade": "201",
        "Time": "2017-05-15 22:58:44",
        "Lines": "109"
      },
      {
        "Lat": 52.23,
        "Lon": 20.9837,
        "Brigade": "201",
        "Time": "2017-05-15 22:58:59",
        "Lines": "109"
      },
      {
        "Lat": 52.23,
        "Lon": 20.9838,
        "Brigade": "201",
        "Time": "2017-05-15 22:59:04",
        "Lines": "109"
      },
      {
        "Lat": 52.2304,
        "Lon": 20.9855,
        "Brigade": "201",
        "Time": "2017-05-15 22:59:19",
        "Lines": "109"
      },
      {
        "Lat": 52.2306,
        "Lon": 20.9863,
        "Brigade": "201",
        "Time": "2017-05-15 22:59:29",
        "Lines": "109"
      },
      {
        "Lat": 52.2307,
        "Lon": 20.9868,
        "Brigade": "201",
        "Time": "2017-05-15 22:59:44",
        "Lines": "109"
      },
      {
        "Lat": 52.231,
        "Lon": 20.9884,
        "Brigade": "201",
        "Time": "2017-05-15 22:59:54",
        "Lines": "109"
      },
      {
        "Lat": 52.2314,
        "Lon": 20.9904,
        "Brigade": "201",
        "Time": "2017-05-15 23:00:04",
        "Lines": "109"
      },
      {
        "Lat": 52.2317,
        "Lon": 20.9918,
        "Brigade": "201",
        "Time": "2017-05-15 23:00:14",
        "Lines": "109"
      },
      {
        "Lat": 52.2317,
        "Lon": 20.992,
        "Brigade": "201",
        "Time": "2017-05-15 23:00:24",
        "Lines": "109"
      },
      {
        "Lat": 52.2318,
        "Lon": 20.9924,
        "Brigade": "201",
        "Time": "2017-05-15 23:00:34",
        "Lines": "109"
      },
      {
        "Lat": 52.2321,
        "Lon": 20.9938,
        "Brigade": "201",
        "Time": "2017-05-15 23:00:44",
        "Lines": "109"
      },
      {
        "Lat": 52.2322,
        "Lon": 20.9945,
        "Brigade": "201",
        "Time": "2017-05-15 23:00:59",
        "Lines": "109"
      },
      {
        "Lat": 52.2326,
        "Lon": 20.9964,
        "Brigade": "201",
        "Time": "2017-05-15 23:01:09",
        "Lines": "109"
      },
      {
        "Lat": 52.2328,
        "Lon": 20.9977,
        "Brigade": "201",
        "Time": "2017-05-15 23:01:14",
        "Lines": "109"
      },
      {
        "Lat": 52.2328,
        "Lon": 20.9979,
        "Brigade": "201",
        "Time": "2017-05-15 23:01:29",
        "Lines": "109"
      },
      {
        "Lat": 52.2321,
        "Lon": 20.9989,
        "Brigade": "201",
        "Time": "2017-05-15 23:01:44",
        "Lines": "109"
      },
      {
        "Lat": 52.232,
        "Lon": 20.9989,
        "Brigade": "201",
        "Time": "2017-05-15 23:01:54",
        "Lines": "109"
      },
      {
        "Lat": 52.2319,
        "Lon": 20.999,
        "Brigade": "201",
        "Time": "2017-05-15 23:02:04",
        "Lines": "109"
      },
      {
        "Lat": 52.2313,
        "Lon": 20.9993,
        "Brigade": "201",
        "Time": "2017-05-15 23:02:14",
        "Lines": "109"
      },
      {
        "Lat": 52.2302,
        "Lon": 21,
        "Brigade": "201",
        "Time": "2017-05-15 23:02:24",
        "Lines": "109"
      },
      {
        "Lat": 52.2298,
        "Lon": 21.0001,
        "Brigade": "201",
        "Time": "2017-05-15 23:02:39",
        "Lines": "109"
      },
      {
        "Lat": 52.2299,
        "Lon": 20.9996,
        "Brigade": "201",
        "Time": "2017-05-15 23:02:49",
        "Lines": "109"
      },
      {
        "Lat": 52.2291,
        "Lon": 21.0019,
        "Brigade": "201",
        "Time": "2017-05-15 23:03:19",
        "Lines": "109"
      },
      {
        "Lat": 52.2292,
        "Lon": 21.0023,
        "Brigade": "201",
        "Time": "2017-05-15 23:03:24",
        "Lines": "109"
      },
      {
        "Lat": 52.2295,
        "Lon": 21.0033,
        "Brigade": "201",
        "Time": "2017-05-15 23:03:54",
        "Lines": "109"
      },
      {
        "Lat": 52.2295,
        "Lon": 21.0034,
        "Brigade": "201",
        "Time": "2017-05-15 23:04:14",
        "Lines": "109"
      },
      {
        "Lat": 52.2295,
        "Lon": 21.0033,
        "Brigade": "201",
        "Time": "2017-05-15 23:04:29",
        "Lines": "109"
      },
      {
        "Lat": 52.2295,
        "Lon": 21.0033,
        "Brigade": "201",
        "Time": "2017-05-15 23:04:39",
        "Lines": "109"
      },
      {
        "Lat": 52.2295,
        "Lon": 21.0033,
        "Brigade": "201",
        "Time": "2017-05-15 23:04:49",
        "Lines": "109"
      },
      {
        "Lat": 52.2295,
        "Lon": 21.0032,
        "Brigade": "201",
        "Time": "2017-05-15 23:04:59",
        "Lines": "109"
      },
      {
        "Lat": 52.2295,
        "Lon": 21.0032,
        "Brigade": "201",
        "Time": "2017-05-15 23:05:14",
        "Lines": "109"
      },
      {
        "Lat": 52.2295,
        "Lon": 21.0032,
        "Brigade": "201",
        "Time": "2017-05-15 23:05:24",
        "Lines": "109"
      },
      {
        "Lat": 52.2295,
        "Lon": 21.0032,
        "Brigade": "201",
        "Time": "2017-05-15 23:05:34",
        "Lines": "109"
      },
      {
        "Lat": 52.2296,
        "Lon": 21.0032,
        "Brigade": "201",
        "Time": "2017-05-15 23:05:44",
        "Lines": "109"
      },
      {
        "Lat": 52.2296,
        "Lon": 21.0032,
        "Brigade": "201",
        "Time": "2017-05-15 23:05:54",
        "Lines": "109"
      },
      {
        "Lat": 52.2296,
        "Lon": 21.0033,
        "Brigade": "201",
        "Time": "2017-05-15 23:06:04",
        "Lines": "109"
      },
      {
        "Lat": 52.2296,
        "Lon": 21.0032,
        "Brigade": "201",
        "Time": "2017-05-15 23:06:19",
        "Lines": "109"
      },
      {
        "Lat": 52.2296,
        "Lon": 21.0032,
        "Brigade": "201",
        "Time": "2017-05-15 23:06:29",
        "Lines": "109"
      },
      {
        "Lat": 52.2296,
        "Lon": 21.0032,
        "Brigade": "201",
        "Time": "2017-05-15 23:06:39",
        "Lines": "109"
      },
      {
        "Lat": 52.2296,
        "Lon": 21.0032,
        "Brigade": "201",
        "Time": "2017-05-15 23:06:49",
        "Lines": "109"
      },
      {
        "Lat": 52.2296,
        "Lon": 21.0032,
        "Brigade": "201",
        "Time": "2017-05-15 23:07:04",
        "Lines": "109"
      },
      {
        "Lat": 52.2296,
        "Lon": 21.0032,
        "Brigade": "201",
        "Time": "2017-05-15 23:07:09",
        "Lines": "109"
      },
      {
        "Lat": 52.2296,
        "Lon": 21.0032,
        "Brigade": "201",
        "Time": "2017-05-15 23:07:25",
        "Lines": "109"
      },
      {
        "Lat": 52.2296,
        "Lon": 21.0032,
        "Brigade": "201",
        "Time": "2017-05-15 23:07:35",
        "Lines": "109"
      },
      {
        "Lat": 52.2296,
        "Lon": 21.0032,
        "Brigade": "201",
        "Time": "2017-05-15 23:07:45",
        "Lines": "109"
      },
      {
        "Lat": 52.2296,
        "Lon": 21.0032,
        "Brigade": "201",
        "Time": "2017-05-15 23:08:00",
        "Lines": "109"
      },
      {
        "Lat": 52.2296,
        "Lon": 21.0032,
        "Brigade": "201",
        "Time": "2017-05-15 23:08:10",
        "Lines": "109"
      },
      {
        "Lat": 52.2296,
        "Lon": 21.0032,
        "Brigade": "201",
        "Time": "2017-05-15 23:08:20",
        "Lines": "109"
      },
      {
        "Lat": 52.2296,
        "Lon": 21.0032,
        "Brigade": "201",
        "Time": "2017-05-15 23:08:30",
        "Lines": "109"
      }
    ]
  }
]
