[
  {
    "res": [
      {
        "Lat": 52.1966,
        "Lon": 20.9213,
        "Brigade": "218",
        "Time": "2017-05-15 20:37:06",
        "Lines": "109"
      },
      {
        "Lat": 52.1966,
        "Lon": 20.9213,
        "Brigade": "218",
        "Time": "2017-05-15 20:37:17",
        "Lines": "109"
      },
      {
        "Lat": 52.1966,
        "Lon": 20.9213,
        "Brigade": "218",
        "Time": "2017-05-15 20:37:27",
        "Lines": "109"
      },
      {
        "Lat": 52.1966,
        "Lon": 20.9213,
        "Brigade": "218",
        "Time": "2017-05-15 20:37:37",
        "Lines": "109"
      },
      {
        "Lat": 52.1966,
        "Lon": 20.9213,
        "Brigade": "218",
        "Time": "2017-05-15 20:37:47",
        "Lines": "109"
      },
      {
        "Lat": 52.1966,
        "Lon": 20.9207,
        "Brigade": "218",
        "Time": "2017-05-15 20:38:28",
        "Lines": "109"
      },
      {
        "Lat": 52.1966,
        "Lon": 20.9207,
        "Brigade": "218",
        "Time": "2017-05-15 20:38:48",
        "Lines": "109"
      },
      {
        "Lat": 52.1966,
        "Lon": 20.9207,
        "Brigade": "218",
        "Time": "2017-05-15 20:38:58",
        "Lines": "109"
      },
      {
        "Lat": 52.1966,
        "Lon": 20.9207,
        "Brigade": "218",
        "Time": "2017-05-15 20:39:08",
        "Lines": "109"
      },
      {
        "Lat": 52.1966,
        "Lon": 20.9209,
        "Brigade": "218",
        "Time": "2017-05-15 20:39:18",
        "Lines": "109"
      },
      {
        "Lat": 52.1966,
        "Lon": 20.9209,
        "Brigade": "218",
        "Time": "2017-05-15 20:39:28",
        "Lines": "109"
      },
      {
        "Lat": 52.1966,
        "Lon": 20.9209,
        "Brigade": "218",
        "Time": "2017-05-15 20:39:58",
        "Lines": "109"
      },
      {
        "Lat": 52.1969,
        "Lon": 20.9209,
        "Brigade": "218",
        "Time": "2017-05-15 20:40:08",
        "Lines": "109"
      },
      {
        "Lat": 52.1963,
        "Lon": 20.9216,
        "Brigade": "218",
        "Time": "2017-05-15 20:40:48",
        "Lines": "109"
      },
      {
        "Lat": 52.196,
        "Lon": 20.9221,
        "Brigade": "218",
        "Time": "2017-05-15 20:40:58",
        "Lines": "109"
      },
      {
        "Lat": 52.1962,
        "Lon": 20.9224,
        "Brigade": "218",
        "Time": "2017-05-15 20:41:28",
        "Lines": "109"
      },
      {
        "Lat": 52.1962,
        "Lon": 20.9224,
        "Brigade": "218",
        "Time": "2017-05-15 20:41:38",
        "Lines": "109"
      },
      {
        "Lat": 52.1962,
        "Lon": 20.9224,
        "Brigade": "218",
        "Time": "2017-05-15 20:41:48",
        "Lines": "109"
      },
      {
        "Lat": 52.1962,
        "Lon": 20.9224,
        "Brigade": "218",
        "Time": "2017-05-15 20:42:28",
        "Lines": "109"
      },
      {
        "Lat": 52.1962,
        "Lon": 20.9224,
        "Brigade": "218",
        "Time": "2017-05-15 20:42:58",
        "Lines": "109"
      },
      {
        "Lat": 52.1962,
        "Lon": 20.9224,
        "Brigade": "218",
        "Time": "2017-05-15 20:43:08",
        "Lines": "109"
      },
      {
        "Lat": 52.1962,
        "Lon": 20.9224,
        "Brigade": "218",
        "Time": "2017-05-15 20:43:18",
        "Lines": "109"
      },
      {
        "Lat": 52.1962,
        "Lon": 20.9224,
        "Brigade": "218",
        "Time": "2017-05-15 20:43:28",
        "Lines": "109"
      },
      {
        "Lat": 52.1962,
        "Lon": 20.9224,
        "Brigade": "218",
        "Time": "2017-05-15 20:43:38",
        "Lines": "109"
      },
      {
        "Lat": 52.1962,
        "Lon": 20.9224,
        "Brigade": "218",
        "Time": "2017-05-15 20:44:08",
        "Lines": "109"
      },
      {
        "Lat": 52.1962,
        "Lon": 20.9224,
        "Brigade": "218",
        "Time": "2017-05-15 20:44:18",
        "Lines": "109"
      },
      {
        "Lat": 52.1962,
        "Lon": 20.9224,
        "Brigade": "218",
        "Time": "2017-05-15 20:44:28",
        "Lines": "109"
      },
      {
        "Lat": 52.1962,
        "Lon": 20.9224,
        "Brigade": "218",
        "Time": "2017-05-15 20:44:48",
        "Lines": "109"
      },
      {
        "Lat": 52.1964,
        "Lon": 20.9227,
        "Brigade": "218",
        "Time": "2017-05-15 20:44:58",
        "Lines": "109"
      },
      {
        "Lat": 52.1965,
        "Lon": 20.9229,
        "Brigade": "218",
        "Time": "2017-05-15 20:45:08",
        "Lines": "109"
      },
      {
        "Lat": 52.1965,
        "Lon": 20.9229,
        "Brigade": "218",
        "Time": "2017-05-15 20:45:18",
        "Lines": "109"
      },
      {
        "Lat": 52.1965,
        "Lon": 20.9229,
        "Brigade": "218",
        "Time": "2017-05-15 20:45:28",
        "Lines": "109"
      },
      {
        "Lat": 52.1965,
        "Lon": 20.9229,
        "Brigade": "218",
        "Time": "2017-05-15 20:45:59",
        "Lines": "109"
      },
      {
        "Lat": 52.1966,
        "Lon": 20.9233,
        "Brigade": "218",
        "Time": "2017-05-15 20:46:09",
        "Lines": "109"
      },
      {
        "Lat": 52.1968,
        "Lon": 20.9236,
        "Brigade": "218",
        "Time": "2017-05-15 20:46:19",
        "Lines": "109"
      },
      {
        "Lat": 52.197,
        "Lon": 20.9241,
        "Brigade": "218",
        "Time": "2017-05-15 20:46:29",
        "Lines": "109"
      },
      {
        "Lat": 52.1973,
        "Lon": 20.9234,
        "Brigade": "218",
        "Time": "2017-05-15 20:46:39",
        "Lines": "109"
      },
      {
        "Lat": 52.1977,
        "Lon": 20.9222,
        "Brigade": "218",
        "Time": "2017-05-15 20:46:49",
        "Lines": "109"
      },
      {
        "Lat": 52.1981,
        "Lon": 20.9208,
        "Brigade": "218",
        "Time": "2017-05-15 20:46:59",
        "Lines": "109"
      },
      {
        "Lat": 52.1999,
        "Lon": 20.9144,
        "Brigade": "218",
        "Time": "2017-05-15 20:47:49",
        "Lines": "109"
      },
      {
        "Lat": 52.1991,
        "Lon": 20.9135,
        "Brigade": "218",
        "Time": "2017-05-15 20:48:09",
        "Lines": "109"
      },
      {
        "Lat": 52.1982,
        "Lon": 20.9127,
        "Brigade": "218",
        "Time": "2017-05-15 20:48:19",
        "Lines": "109"
      },
      {
        "Lat": 52.1972,
        "Lon": 20.9119,
        "Brigade": "218",
        "Time": "2017-05-15 20:48:30",
        "Lines": "109"
      },
      {
        "Lat": 52.1962,
        "Lon": 20.9111,
        "Brigade": "218",
        "Time": "2017-05-15 20:48:40",
        "Lines": "109"
      },
      {
        "Lat": 52.1954,
        "Lon": 20.9104,
        "Brigade": "218",
        "Time": "2017-05-15 20:48:50",
        "Lines": "109"
      },
      {
        "Lat": 52.1953,
        "Lon": 20.9103,
        "Brigade": "218",
        "Time": "2017-05-15 20:49:00",
        "Lines": "109"
      },
      {
        "Lat": 52.1968,
        "Lon": 20.9065,
        "Brigade": "218",
        "Time": "2017-05-15 20:49:50",
        "Lines": "109"
      },
      {
        "Lat": 52.1985,
        "Lon": 20.9031,
        "Brigade": "218",
        "Time": "2017-05-15 20:50:10",
        "Lines": "109"
      },
      {
        "Lat": 52.1994,
        "Lon": 20.9017,
        "Brigade": "218",
        "Time": "2017-05-15 20:50:20",
        "Lines": "109"
      },
      {
        "Lat": 52.1995,
        "Lon": 20.9015,
        "Brigade": "218",
        "Time": "2017-05-15 20:50:31",
        "Lines": "109"
      },
      {
        "Lat": 52.1995,
        "Lon": 20.9015,
        "Brigade": "218",
        "Time": "2017-05-15 20:50:41",
        "Lines": "109"
      },
      {
        "Lat": 52.1995,
        "Lon": 20.9014,
        "Brigade": "218",
        "Time": "2017-05-15 20:50:51",
        "Lines": "109"
      },
      {
        "Lat": 52.2025,
        "Lon": 20.8961,
        "Brigade": "218",
        "Time": "2017-05-15 20:52:01",
        "Lines": "109"
      },
      {
        "Lat": 52.2031,
        "Lon": 20.8947,
        "Brigade": "218",
        "Time": "2017-05-15 20:52:11",
        "Lines": "109"
      },
      {
        "Lat": 52.2041,
        "Lon": 20.893,
        "Brigade": "218",
        "Time": "2017-05-15 20:52:22",
        "Lines": "109"
      },
      {
        "Lat": 52.2052,
        "Lon": 20.892,
        "Brigade": "218",
        "Time": "2017-05-15 20:52:32",
        "Lines": "109"
      },
      {
        "Lat": 52.2064,
        "Lon": 20.8917,
        "Brigade": "218",
        "Time": "2017-05-15 20:52:42",
        "Lines": "109"
      },
      {
        "Lat": 52.2098,
        "Lon": 20.8941,
        "Brigade": "218",
        "Time": "2017-05-15 20:53:22",
        "Lines": "109"
      },
      {
        "Lat": 52.214,
        "Lon": 20.8959,
        "Brigade": "218",
        "Time": "2017-05-15 20:54:02",
        "Lines": "109"
      },
      {
        "Lat": 52.2159,
        "Lon": 20.8963,
        "Brigade": "218",
        "Time": "2017-05-15 20:54:23",
        "Lines": "109"
      },
      {
        "Lat": 52.216,
        "Lon": 20.8963,
        "Brigade": "218",
        "Time": "2017-05-15 20:54:33",
        "Lines": "109"
      },
      {
        "Lat": 52.216,
        "Lon": 20.8963,
        "Brigade": "218",
        "Time": "2017-05-15 20:54:43",
        "Lines": "109"
      },
      {
        "Lat": 52.216,
        "Lon": 20.8963,
        "Brigade": "218",
        "Time": "2017-05-15 20:54:53",
        "Lines": "109"
      },
      {
        "Lat": 52.2163,
        "Lon": 20.8964,
        "Brigade": "218",
        "Time": "2017-05-15 20:55:33",
        "Lines": "109"
      },
      {
        "Lat": 52.2183,
        "Lon": 20.8964,
        "Brigade": "218",
        "Time": "2017-05-15 20:55:53",
        "Lines": "109"
      },
      {
        "Lat": 52.2194,
        "Lon": 20.8968,
        "Brigade": "218",
        "Time": "2017-05-15 20:56:03",
        "Lines": "109"
      },
      {
        "Lat": 52.227,
        "Lon": 20.8971,
        "Brigade": "218",
        "Time": "2017-05-15 20:57:34",
        "Lines": "109"
      },
      {
        "Lat": 52.2279,
        "Lon": 20.8971,
        "Brigade": "218",
        "Time": "2017-05-15 20:57:55",
        "Lines": "109"
      },
      {
        "Lat": 52.2289,
        "Lon": 20.897,
        "Brigade": "218",
        "Time": "2017-05-15 20:58:05",
        "Lines": "109"
      },
      {
        "Lat": 52.2308,
        "Lon": 20.8969,
        "Brigade": "218",
        "Time": "2017-05-15 20:58:25",
        "Lines": "109"
      },
      {
        "Lat": 52.2314,
        "Lon": 20.8969,
        "Brigade": "218",
        "Time": "2017-05-15 20:58:35",
        "Lines": "109"
      },
      {
        "Lat": 52.2347,
        "Lon": 20.8967,
        "Brigade": "218",
        "Time": "2017-05-15 20:59:15",
        "Lines": "109"
      },
      {
        "Lat": 52.2359,
        "Lon": 20.8967,
        "Brigade": "218",
        "Time": "2017-05-15 20:59:25",
        "Lines": "109"
      },
      {
        "Lat": 52.2379,
        "Lon": 20.8966,
        "Brigade": "218",
        "Time": "2017-05-15 20:59:45",
        "Lines": "109"
      },
      {
        "Lat": 52.2388,
        "Lon": 20.8967,
        "Brigade": "218",
        "Time": "2017-05-15 20:59:55",
        "Lines": "109"
      },
      {
        "Lat": 52.2394,
        "Lon": 20.8968,
        "Brigade": "218",
        "Time": "2017-05-15 21:00:15",
        "Lines": "109"
      },
      {
        "Lat": 52.2395,
        "Lon": 20.8974,
        "Brigade": "218",
        "Time": "2017-05-15 21:00:26",
        "Lines": "109"
      },
      {
        "Lat": 52.2394,
        "Lon": 20.8992,
        "Brigade": "218",
        "Time": "2017-05-15 21:00:46",
        "Lines": "109"
      },
      {
        "Lat": 52.239,
        "Lon": 20.8993,
        "Brigade": "218",
        "Time": "2017-05-15 21:01:56",
        "Lines": "109"
      },
      {
        "Lat": 52.239,
        "Lon": 20.8993,
        "Brigade": "218",
        "Time": "2017-05-15 21:02:06",
        "Lines": "109"
      },
      {
        "Lat": 52.239,
        "Lon": 20.8993,
        "Brigade": "218",
        "Time": "2017-05-15 21:02:16",
        "Lines": "109"
      },
      {
        "Lat": 52.239,
        "Lon": 20.8993,
        "Brigade": "218",
        "Time": "2017-05-15 21:02:26",
        "Lines": "109"
      },
      {
        "Lat": 52.239,
        "Lon": 20.8993,
        "Brigade": "218",
        "Time": "2017-05-15 21:03:06",
        "Lines": "109"
      },
      {
        "Lat": 52.239,
        "Lon": 20.8993,
        "Brigade": "218",
        "Time": "2017-05-15 21:03:16",
        "Lines": "109"
      },
      {
        "Lat": 52.239,
        "Lon": 20.8993,
        "Brigade": "218",
        "Time": "2017-05-15 21:03:36",
        "Lines": "109"
      },
      {
        "Lat": 52.239,
        "Lon": 20.8993,
        "Brigade": "218",
        "Time": "2017-05-15 21:03:46",
        "Lines": "109"
      },
      {
        "Lat": 52.239,
        "Lon": 20.8993,
        "Brigade": "218",
        "Time": "2017-05-15 21:03:56",
        "Lines": "109"
      },
      {
        "Lat": 52.239,
        "Lon": 20.8993,
        "Brigade": "218",
        "Time": "2017-05-15 21:04:06",
        "Lines": "109"
      },
      {
        "Lat": 52.239,
        "Lon": 20.8993,
        "Brigade": "218",
        "Time": "2017-05-15 21:04:47",
        "Lines": "109"
      },
      {
        "Lat": 52.239,
        "Lon": 20.8993,
        "Brigade": "218",
        "Time": "2017-05-15 21:04:57",
        "Lines": "109"
      },
      {
        "Lat": 52.239,
        "Lon": 20.8993,
        "Brigade": "218",
        "Time": "2017-05-15 21:05:07",
        "Lines": "109"
      },
      {
        "Lat": 52.239,
        "Lon": 20.899,
        "Brigade": "218",
        "Time": "2017-05-15 21:05:37",
        "Lines": "109"
      },
      {
        "Lat": 52.239,
        "Lon": 20.899,
        "Brigade": "218",
        "Time": "2017-05-15 21:05:47",
        "Lines": "109"
      },
      {
        "Lat": 52.239,
        "Lon": 20.899,
        "Brigade": "218",
        "Time": "2017-05-15 21:05:57",
        "Lines": "109"
      },
      {
        "Lat": 52.239,
        "Lon": 20.899,
        "Brigade": "218",
        "Time": "2017-05-15 21:06:27",
        "Lines": "109"
      },
      {
        "Lat": 52.239,
        "Lon": 20.899,
        "Brigade": "218",
        "Time": "2017-05-15 21:06:37",
        "Lines": "109"
      },
      {
        "Lat": 52.239,
        "Lon": 20.899,
        "Brigade": "218",
        "Time": "2017-05-15 21:06:47",
        "Lines": "109"
      },
      {
        "Lat": 52.239,
        "Lon": 20.899,
        "Brigade": "218",
        "Time": "2017-05-15 21:07:17",
        "Lines": "109"
      },
      {
        "Lat": 52.239,
        "Lon": 20.8989,
        "Brigade": "218",
        "Time": "2017-05-15 21:07:37",
        "Lines": "109"
      },
      {
        "Lat": 52.239,
        "Lon": 20.8989,
        "Brigade": "218",
        "Time": "2017-05-15 21:07:47",
        "Lines": "109"
      },
      {
        "Lat": 52.239,
        "Lon": 20.8989,
        "Brigade": "218",
        "Time": "2017-05-15 21:07:58",
        "Lines": "109"
      },
      {
        "Lat": 52.239,
        "Lon": 20.8989,
        "Brigade": "218",
        "Time": "2017-05-15 21:08:18",
        "Lines": "109"
      },
      {
        "Lat": 52.239,
        "Lon": 20.8989,
        "Brigade": "218",
        "Time": "2017-05-15 21:08:28",
        "Lines": "109"
      },
      {
        "Lat": 52.239,
        "Lon": 20.8989,
        "Brigade": "218",
        "Time": "2017-05-15 21:08:38",
        "Lines": "109"
      },
      {
        "Lat": 52.239,
        "Lon": 20.8989,
        "Brigade": "218",
        "Time": "2017-05-15 21:09:28",
        "Lines": "109"
      },
      {
        "Lat": 52.239,
        "Lon": 20.8989,
        "Brigade": "218",
        "Time": "2017-05-15 21:09:48",
        "Lines": "109"
      },
      {
        "Lat": 52.239,
        "Lon": 20.8989,
        "Brigade": "218",
        "Time": "2017-05-15 21:09:58",
        "Lines": "109"
      },
      {
        "Lat": 52.239,
        "Lon": 20.8989,
        "Brigade": "218",
        "Time": "2017-05-15 21:10:08",
        "Lines": "109"
      },
      {
        "Lat": 52.239,
        "Lon": 20.8989,
        "Brigade": "218",
        "Time": "2017-05-15 21:10:18",
        "Lines": "109"
      },
      {
        "Lat": 52.239,
        "Lon": 20.8989,
        "Brigade": "218",
        "Time": "2017-05-15 21:10:28",
        "Lines": "109"
      },
      {
        "Lat": 52.239,
        "Lon": 20.8989,
        "Brigade": "218",
        "Time": "2017-05-15 21:10:48",
        "Lines": "109"
      },
      {
        "Lat": 52.239,
        "Lon": 20.8989,
        "Brigade": "218",
        "Time": "2017-05-15 21:10:58",
        "Lines": "109"
      },
      {
        "Lat": 52.239,
        "Lon": 20.8989,
        "Brigade": "218",
        "Time": "2017-05-15 21:11:18",
        "Lines": "109"
      },
      {
        "Lat": 52.239,
        "Lon": 20.8989,
        "Brigade": "218",
        "Time": "2017-05-15 21:11:28",
        "Lines": "109"
      },
      {
        "Lat": 52.239,
        "Lon": 20.899,
        "Brigade": "218",
        "Time": "2017-05-15 21:11:38",
        "Lines": "109"
      },
      {
        "Lat": 52.239,
        "Lon": 20.899,
        "Brigade": "218",
        "Time": "2017-05-15 21:11:49",
        "Lines": "109"
      },
      {
        "Lat": 52.239,
        "Lon": 20.899,
        "Brigade": "218",
        "Time": "2017-05-15 21:12:09",
        "Lines": "109"
      },
      {
        "Lat": 52.239,
        "Lon": 20.899,
        "Brigade": "218",
        "Time": "2017-05-15 21:12:19",
        "Lines": "109"
      },
      {
        "Lat": 52.239,
        "Lon": 20.899,
        "Brigade": "218",
        "Time": "2017-05-15 21:12:59",
        "Lines": "109"
      },
      {
        "Lat": 52.239,
        "Lon": 20.899,
        "Brigade": "218",
        "Time": "2017-05-15 21:13:09",
        "Lines": "109"
      },
      {
        "Lat": 52.239,
        "Lon": 20.899,
        "Brigade": "218",
        "Time": "2017-05-15 21:13:29",
        "Lines": "109"
      },
      {
        "Lat": 52.239,
        "Lon": 20.899,
        "Brigade": "218",
        "Time": "2017-05-15 21:13:39",
        "Lines": "109"
      },
      {
        "Lat": 52.239,
        "Lon": 20.899,
        "Brigade": "218",
        "Time": "2017-05-15 21:13:49",
        "Lines": "109"
      },
      {
        "Lat": 52.2393,
        "Lon": 20.9004,
        "Brigade": "218",
        "Time": "2017-05-15 21:13:59",
        "Lines": "109"
      },
      {
        "Lat": 52.2389,
        "Lon": 20.9054,
        "Brigade": "218",
        "Time": "2017-05-15 21:14:49",
        "Lines": "109"
      },
      {
        "Lat": 52.2388,
        "Lon": 20.9076,
        "Brigade": "218",
        "Time": "2017-05-15 21:15:10",
        "Lines": "109"
      },
      {
        "Lat": 52.2388,
        "Lon": 20.9094,
        "Brigade": "218",
        "Time": "2017-05-15 21:15:20",
        "Lines": "109"
      },
      {
        "Lat": 52.2389,
        "Lon": 20.9111,
        "Brigade": "218",
        "Time": "2017-05-15 21:15:30",
        "Lines": "109"
      },
      {
        "Lat": 52.239,
        "Lon": 20.9122,
        "Brigade": "218",
        "Time": "2017-05-15 21:15:40",
        "Lines": "109"
      },
      {
        "Lat": 52.239,
        "Lon": 20.913,
        "Brigade": "218",
        "Time": "2017-05-15 21:15:50",
        "Lines": "109"
      },
      {
        "Lat": 52.2391,
        "Lon": 20.9143,
        "Brigade": "218",
        "Time": "2017-05-15 21:16:00",
        "Lines": "109"
      },
      {
        "Lat": 52.2395,
        "Lon": 20.9171,
        "Brigade": "218",
        "Time": "2017-05-15 21:16:40",
        "Lines": "109"
      },
      {
        "Lat": 52.2397,
        "Lon": 20.9186,
        "Brigade": "218",
        "Time": "2017-05-15 21:16:50",
        "Lines": "109"
      },
      {
        "Lat": 52.2397,
        "Lon": 20.9194,
        "Brigade": "218",
        "Time": "2017-05-15 21:17:10",
        "Lines": "109"
      },
      {
        "Lat": 52.2398,
        "Lon": 20.9201,
        "Brigade": "218",
        "Time": "2017-05-15 21:17:20",
        "Lines": "109"
      },
      {
        "Lat": 52.24,
        "Lon": 20.9212,
        "Brigade": "218",
        "Time": "2017-05-15 21:17:30",
        "Lines": "109"
      },
      {
        "Lat": 52.2403,
        "Lon": 20.9224,
        "Brigade": "218",
        "Time": "2017-05-15 21:17:40",
        "Lines": "109"
      },
      {
        "Lat": 52.2405,
        "Lon": 20.9237,
        "Brigade": "218",
        "Time": "2017-05-15 21:17:50",
        "Lines": "109"
      },
      {
        "Lat": 52.2406,
        "Lon": 20.9243,
        "Brigade": "218",
        "Time": "2017-05-15 21:18:00",
        "Lines": "109"
      },
      {
        "Lat": 52.2407,
        "Lon": 20.9291,
        "Brigade": "218",
        "Time": "2017-05-15 21:18:40",
        "Lines": "109"
      },
      {
        "Lat": 52.2405,
        "Lon": 20.9305,
        "Brigade": "218",
        "Time": "2017-05-15 21:18:50",
        "Lines": "109"
      },
      {
        "Lat": 52.2405,
        "Lon": 20.9306,
        "Brigade": "218",
        "Time": "2017-05-15 21:19:11",
        "Lines": "109"
      },
      {
        "Lat": 52.2405,
        "Lon": 20.9307,
        "Brigade": "218",
        "Time": "2017-05-15 21:19:21",
        "Lines": "109"
      },
      {
        "Lat": 52.2404,
        "Lon": 20.9318,
        "Brigade": "218",
        "Time": "2017-05-15 21:19:41",
        "Lines": "109"
      },
      {
        "Lat": 52.2404,
        "Lon": 20.9318,
        "Brigade": "218",
        "Time": "2017-05-15 21:19:51",
        "Lines": "109"
      },
      {
        "Lat": 52.2403,
        "Lon": 20.9325,
        "Brigade": "218",
        "Time": "2017-05-15 21:20:01",
        "Lines": "109"
      },
      {
        "Lat": 52.2402,
        "Lon": 20.9338,
        "Brigade": "218",
        "Time": "2017-05-15 21:20:11",
        "Lines": "109"
      },
      {
        "Lat": 52.2401,
        "Lon": 20.9351,
        "Brigade": "218",
        "Time": "2017-05-15 21:20:21",
        "Lines": "109"
      },
      {
        "Lat": 52.2398,
        "Lon": 20.9376,
        "Brigade": "218",
        "Time": "2017-05-15 21:21:01",
        "Lines": "109"
      },
      {
        "Lat": 52.2397,
        "Lon": 20.9391,
        "Brigade": "218",
        "Time": "2017-05-15 21:21:11",
        "Lines": "109"
      },
      {
        "Lat": 52.2396,
        "Lon": 20.9407,
        "Brigade": "218",
        "Time": "2017-05-15 21:21:21",
        "Lines": "109"
      },
      {
        "Lat": 52.2395,
        "Lon": 20.9417,
        "Brigade": "218",
        "Time": "2017-05-15 21:21:31",
        "Lines": "109"
      },
      {
        "Lat": 52.2395,
        "Lon": 20.9418,
        "Brigade": "218",
        "Time": "2017-05-15 21:21:41",
        "Lines": "109"
      },
      {
        "Lat": 52.2394,
        "Lon": 20.9421,
        "Brigade": "218",
        "Time": "2017-05-15 21:21:51",
        "Lines": "109"
      },
      {
        "Lat": 52.2393,
        "Lon": 20.943,
        "Brigade": "218",
        "Time": "2017-05-15 21:22:01",
        "Lines": "109"
      },
      {
        "Lat": 52.2388,
        "Lon": 20.9481,
        "Brigade": "218",
        "Time": "2017-05-15 21:22:42",
        "Lines": "109"
      },
      {
        "Lat": 52.2388,
        "Lon": 20.9481,
        "Brigade": "218",
        "Time": "2017-05-15 21:22:52",
        "Lines": "109"
      },
      {
        "Lat": 52.2389,
        "Lon": 20.9483,
        "Brigade": "218",
        "Time": "2017-05-15 21:23:02",
        "Lines": "109"
      },
      {
        "Lat": 52.2387,
        "Lon": 20.9486,
        "Brigade": "218",
        "Time": "2017-05-15 21:23:12",
        "Lines": "109"
      },
      {
        "Lat": 52.2382,
        "Lon": 20.9484,
        "Brigade": "218",
        "Time": "2017-05-15 21:23:22",
        "Lines": "109"
      },
      {
        "Lat": 52.2374,
        "Lon": 20.9482,
        "Brigade": "218",
        "Time": "2017-05-15 21:23:32",
        "Lines": "109"
      },
      {
        "Lat": 52.2354,
        "Lon": 20.9478,
        "Brigade": "218",
        "Time": "2017-05-15 21:24:22",
        "Lines": "109"
      },
      {
        "Lat": 52.2343,
        "Lon": 20.9481,
        "Brigade": "218",
        "Time": "2017-05-15 21:24:53",
        "Lines": "109"
      },
      {
        "Lat": 52.2343,
        "Lon": 20.9481,
        "Brigade": "218",
        "Time": "2017-05-15 21:25:03",
        "Lines": "109"
      },
      {
        "Lat": 52.2343,
        "Lon": 20.9481,
        "Brigade": "218",
        "Time": "2017-05-15 21:25:13",
        "Lines": "109"
      },
      {
        "Lat": 52.2338,
        "Lon": 20.9482,
        "Brigade": "218",
        "Time": "2017-05-15 21:25:23",
        "Lines": "109"
      },
      {
        "Lat": 52.2303,
        "Lon": 20.9498,
        "Brigade": "218",
        "Time": "2017-05-15 21:26:23",
        "Lines": "109"
      },
      {
        "Lat": 52.2303,
        "Lon": 20.9498,
        "Brigade": "218",
        "Time": "2017-05-15 21:26:33",
        "Lines": "109"
      },
      {
        "Lat": 52.2303,
        "Lon": 20.9498,
        "Brigade": "218",
        "Time": "2017-05-15 21:26:43",
        "Lines": "109"
      },
      {
        "Lat": 52.23,
        "Lon": 20.9501,
        "Brigade": "218",
        "Time": "2017-05-15 21:27:03",
        "Lines": "109"
      },
      {
        "Lat": 52.2298,
        "Lon": 20.9502,
        "Brigade": "218",
        "Time": "2017-05-15 21:27:13",
        "Lines": "109"
      },
      {
        "Lat": 52.2297,
        "Lon": 20.9503,
        "Brigade": "218",
        "Time": "2017-05-15 21:27:23",
        "Lines": "109"
      },
      {
        "Lat": 52.2297,
        "Lon": 20.9503,
        "Brigade": "218",
        "Time": "2017-05-15 21:27:33",
        "Lines": "109"
      },
      {
        "Lat": 52.2295,
        "Lon": 20.9505,
        "Brigade": "218",
        "Time": "2017-05-15 21:27:43",
        "Lines": "109"
      },
      {
        "Lat": 52.2281,
        "Lon": 20.9515,
        "Brigade": "218",
        "Time": "2017-05-15 21:28:13",
        "Lines": "109"
      },
      {
        "Lat": 52.2276,
        "Lon": 20.9524,
        "Brigade": "218",
        "Time": "2017-05-15 21:28:33",
        "Lines": "109"
      },
      {
        "Lat": 52.2276,
        "Lon": 20.9528,
        "Brigade": "218",
        "Time": "2017-05-15 21:28:54",
        "Lines": "109"
      },
      {
        "Lat": 52.2277,
        "Lon": 20.9534,
        "Brigade": "218",
        "Time": "2017-05-15 21:29:04",
        "Lines": "109"
      },
      {
        "Lat": 52.2277,
        "Lon": 20.954,
        "Brigade": "218",
        "Time": "2017-05-15 21:29:14",
        "Lines": "109"
      },
      {
        "Lat": 52.2279,
        "Lon": 20.9559,
        "Brigade": "218",
        "Time": "2017-05-15 21:30:04",
        "Lines": "109"
      },
      {
        "Lat": 52.2278,
        "Lon": 20.9575,
        "Brigade": "218",
        "Time": "2017-05-15 21:30:14",
        "Lines": "109"
      },
      {
        "Lat": 52.2279,
        "Lon": 20.9581,
        "Brigade": "218",
        "Time": "2017-05-15 21:30:24",
        "Lines": "109"
      },
      {
        "Lat": 52.2279,
        "Lon": 20.9581,
        "Brigade": "218",
        "Time": "2017-05-15 21:30:34",
        "Lines": "109"
      },
      {
        "Lat": 52.2279,
        "Lon": 20.9583,
        "Brigade": "218",
        "Time": "2017-05-15 21:30:44",
        "Lines": "109"
      },
      {
        "Lat": 52.2281,
        "Lon": 20.9595,
        "Brigade": "218",
        "Time": "2017-05-15 21:30:54",
        "Lines": "109"
      },
      {
        "Lat": 52.2284,
        "Lon": 20.966,
        "Brigade": "218",
        "Time": "2017-05-15 21:31:24",
        "Lines": "109"
      },
      {
        "Lat": 52.2285,
        "Lon": 20.9683,
        "Brigade": "218",
        "Time": "2017-05-15 21:31:34",
        "Lines": "109"
      },
      {
        "Lat": 52.2287,
        "Lon": 20.9707,
        "Brigade": "218",
        "Time": "2017-05-15 21:32:05",
        "Lines": "109"
      },
      {
        "Lat": 52.2288,
        "Lon": 20.9718,
        "Brigade": "218",
        "Time": "2017-05-15 21:32:15",
        "Lines": "109"
      },
      {
        "Lat": 52.229,
        "Lon": 20.9736,
        "Brigade": "218",
        "Time": "2017-05-15 21:32:25",
        "Lines": "109"
      },
      {
        "Lat": 52.2297,
        "Lon": 20.9798,
        "Brigade": "218",
        "Time": "2017-05-15 21:33:15",
        "Lines": "109"
      },
      {
        "Lat": 52.2298,
        "Lon": 20.9804,
        "Brigade": "218",
        "Time": "2017-05-15 21:33:45",
        "Lines": "109"
      },
      {
        "Lat": 52.2301,
        "Lon": 20.9817,
        "Brigade": "218",
        "Time": "2017-05-15 21:33:55",
        "Lines": "109"
      },
      {
        "Lat": 52.2303,
        "Lon": 20.9831,
        "Brigade": "218",
        "Time": "2017-05-15 21:34:05",
        "Lines": "109"
      },
      {
        "Lat": 52.2303,
        "Lon": 20.9835,
        "Brigade": "218",
        "Time": "2017-05-15 21:34:15",
        "Lines": "109"
      },
      {
        "Lat": 52.2304,
        "Lon": 20.985,
        "Brigade": "218",
        "Time": "2017-05-15 21:34:55",
        "Lines": "109"
      },
      {
        "Lat": 52.2307,
        "Lon": 20.9861,
        "Brigade": "218",
        "Time": "2017-05-15 21:35:05",
        "Lines": "109"
      },
      {
        "Lat": 52.2308,
        "Lon": 20.9868,
        "Brigade": "218",
        "Time": "2017-05-15 21:35:25",
        "Lines": "109"
      },
      {
        "Lat": 52.231,
        "Lon": 20.9883,
        "Brigade": "218",
        "Time": "2017-05-15 21:35:35",
        "Lines": "109"
      },
      {
        "Lat": 52.2315,
        "Lon": 20.9904,
        "Brigade": "218",
        "Time": "2017-05-15 21:35:45",
        "Lines": "109"
      },
      {
        "Lat": 52.2318,
        "Lon": 20.9918,
        "Brigade": "218",
        "Time": "2017-05-15 21:35:55",
        "Lines": "109"
      },
      {
        "Lat": 52.2319,
        "Lon": 20.9921,
        "Brigade": "218",
        "Time": "2017-05-15 21:36:36",
        "Lines": "109"
      },
      {
        "Lat": 52.2319,
        "Lon": 20.9921,
        "Brigade": "218",
        "Time": "2017-05-15 21:36:46",
        "Lines": "109"
      },
      {
        "Lat": 52.232,
        "Lon": 20.9927,
        "Brigade": "218",
        "Time": "2017-05-15 21:37:16",
        "Lines": "109"
      },
      {
        "Lat": 52.2322,
        "Lon": 20.9937,
        "Brigade": "218",
        "Time": "2017-05-15 21:37:26",
        "Lines": "109"
      },
      {
        "Lat": 52.2322,
        "Lon": 20.9937,
        "Brigade": "218",
        "Time": "2017-05-15 21:37:36",
        "Lines": "109"
      },
      {
        "Lat": 52.2323,
        "Lon": 20.9943,
        "Brigade": "218",
        "Time": "2017-05-15 21:37:46",
        "Lines": "109"
      },
      {
        "Lat": 52.2325,
        "Lon": 20.9954,
        "Brigade": "218",
        "Time": "2017-05-15 21:38:17",
        "Lines": "109"
      },
      {
        "Lat": 52.2325,
        "Lon": 20.9954,
        "Brigade": "218",
        "Time": "2017-05-15 21:38:27",
        "Lines": "109"
      },
      {
        "Lat": 52.2323,
        "Lon": 20.9986,
        "Brigade": "218",
        "Time": "2017-05-15 21:39:17",
        "Lines": "109"
      },
      {
        "Lat": 52.232,
        "Lon": 20.999,
        "Brigade": "218",
        "Time": "2017-05-15 21:39:27",
        "Lines": "109"
      },
      {
        "Lat": 52.2319,
        "Lon": 20.9991,
        "Brigade": "218",
        "Time": "2017-05-15 21:39:37",
        "Lines": "109"
      },
      {
        "Lat": 52.2313,
        "Lon": 20.9996,
        "Brigade": "218",
        "Time": "2017-05-15 21:39:47",
        "Lines": "109"
      },
      {
        "Lat": 52.2304,
        "Lon": 21.0001,
        "Brigade": "218",
        "Time": "2017-05-15 21:39:57",
        "Lines": "109"
      },
      {
        "Lat": 52.2293,
        "Lon": 21.0021,
        "Brigade": "218",
        "Time": "2017-05-15 21:40:47",
        "Lines": "109"
      },
      {
        "Lat": 52.2294,
        "Lon": 21.0031,
        "Brigade": "218",
        "Time": "2017-05-15 21:41:08",
        "Lines": "109"
      },
      {
        "Lat": 52.2295,
        "Lon": 21.0035,
        "Brigade": "218",
        "Time": "2017-05-15 21:41:18",
        "Lines": "109"
      },
      {
        "Lat": 52.2295,
        "Lon": 21.0035,
        "Brigade": "218",
        "Time": "2017-05-15 21:41:28",
        "Lines": "109"
      },
      {
        "Lat": 52.2295,
        "Lon": 21.0035,
        "Brigade": "218",
        "Time": "2017-05-15 21:41:38",
        "Lines": "109"
      },
      {
        "Lat": 52.2295,
        "Lon": 21.0035,
        "Brigade": "218",
        "Time": "2017-05-15 21:41:48",
        "Lines": "109"
      },
      {
        "Lat": 52.2295,
        "Lon": 21.0035,
        "Brigade": "218",
        "Time": "2017-05-15 21:42:39",
        "Lines": "109"
      },
      {
        "Lat": 52.2295,
        "Lon": 21.0035,
        "Brigade": "218",
        "Time": "2017-05-15 21:42:49",
        "Lines": "109"
      },
      {
        "Lat": 52.2295,
        "Lon": 21.0035,
        "Brigade": "218",
        "Time": "2017-05-15 21:43:09",
        "Lines": "109"
      },
      {
        "Lat": 52.2295,
        "Lon": 21.0035,
        "Brigade": "218",
        "Time": "2017-05-15 21:43:19",
        "Lines": "109"
      },
      {
        "Lat": 52.2295,
        "Lon": 21.0035,
        "Brigade": "218",
        "Time": "2017-05-15 21:43:29",
        "Lines": "109"
      },
      {
        "Lat": 52.2296,
        "Lon": 21.0036,
        "Brigade": "218",
        "Time": "2017-05-15 21:43:39",
        "Lines": "109"
      },
      {
        "Lat": 52.2296,
        "Lon": 21.0036,
        "Brigade": "218",
        "Time": "2017-05-15 21:44:20",
        "Lines": "109"
      },
      {
        "Lat": 52.2296,
        "Lon": 21.0036,
        "Brigade": "218",
        "Time": "2017-05-15 21:44:30",
        "Lines": "109"
      },
      {
        "Lat": 52.2296,
        "Lon": 21.0036,
        "Brigade": "218",
        "Time": "2017-05-15 21:45:00",
        "Lines": "109"
      },
      {
        "Lat": 52.2296,
        "Lon": 21.0036,
        "Brigade": "218",
        "Time": "2017-05-15 21:45:10",
        "Lines": "109"
      },
      {
        "Lat": 52.2296,
        "Lon": 21.0036,
        "Brigade": "218",
        "Time": "2017-05-15 21:45:20",
        "Lines": "109"
      },
      {
        "Lat": 52.2296,
        "Lon": 21.0036,
        "Brigade": "218",
        "Time": "2017-05-15 21:45:51",
        "Lines": "109"
      },
      {
        "Lat": 52.2296,
        "Lon": 21.0036,
        "Brigade": "218",
        "Time": "2017-05-15 21:46:01",
        "Lines": "109"
      },
      {
        "Lat": 52.2296,
        "Lon": 21.0036,
        "Brigade": "218",
        "Time": "2017-05-15 21:46:11",
        "Lines": "109"
      },
      {
        "Lat": 52.2296,
        "Lon": 21.0036,
        "Brigade": "218",
        "Time": "2017-05-15 21:46:20",
        "Lines": "109"
      },
      {
        "Lat": 52.2296,
        "Lon": 21.0036,
        "Brigade": "218",
        "Time": "2017-05-15 21:47:02",
        "Lines": "109"
      },
      {
        "Lat": 52.2296,
        "Lon": 21.0036,
        "Brigade": "218",
        "Time": "2017-05-15 21:47:12",
        "Lines": "109"
      },
      {
        "Lat": 52.2296,
        "Lon": 21.0041,
        "Brigade": "218",
        "Time": "2017-05-15 21:47:22",
        "Lines": "109"
      },
      {
        "Lat": 52.2296,
        "Lon": 21.0042,
        "Brigade": "218",
        "Time": "2017-05-15 21:47:32",
        "Lines": "109"
      },
      {
        "Lat": 52.2296,
        "Lon": 21.0042,
        "Brigade": "218",
        "Time": "2017-05-15 21:47:42",
        "Lines": "109"
      },
      {
        "Lat": 52.2296,
        "Lon": 21.0042,
        "Brigade": "218",
        "Time": "2017-05-15 21:47:52",
        "Lines": "109"
      },
      {
        "Lat": 52.2296,
        "Lon": 21.0041,
        "Brigade": "218",
        "Time": "2017-05-15 21:48:02",
        "Lines": "109"
      },
      {
        "Lat": 52.2306,
        "Lon": 21.0044,
        "Brigade": "218",
        "Time": "2017-05-15 21:49:03",
        "Lines": "109"
      },
      {
        "Lat": 52.2307,
        "Lon": 21.0042,
        "Brigade": "218",
        "Time": "2017-05-15 21:49:13",
        "Lines": "109"
      },
      {
        "Lat": 52.2315,
        "Lon": 21.0038,
        "Brigade": "218",
        "Time": "2017-05-15 21:49:23",
        "Lines": "109"
      },
      {
        "Lat": 52.2326,
        "Lon": 21.0032,
        "Brigade": "218",
        "Time": "2017-05-15 21:49:33",
        "Lines": "109"
      },
      {
        "Lat": 52.2331,
        "Lon": 21.0031,
        "Brigade": "218",
        "Time": "2017-05-15 21:49:43",
        "Lines": "109"
      },
      {
        "Lat": 52.2331,
        "Lon": 21.0031,
        "Brigade": "218",
        "Time": "2017-05-15 21:49:53",
        "Lines": "109"
      },
      {
        "Lat": 52.2335,
        "Lon": 21.0028,
        "Brigade": "218",
        "Time": "2017-05-15 21:50:34",
        "Lines": "109"
      },
      {
        "Lat": 52.2335,
        "Lon": 21.0028,
        "Brigade": "218",
        "Time": "2017-05-15 21:50:44",
        "Lines": "109"
      },
      {
        "Lat": 52.2338,
        "Lon": 21.0026,
        "Brigade": "218",
        "Time": "2017-05-15 21:51:04",
        "Lines": "109"
      },
      {
        "Lat": 52.2338,
        "Lon": 21.0018,
        "Brigade": "218",
        "Time": "2017-05-15 21:51:14",
        "Lines": "109"
      },
      {
        "Lat": 52.2335,
        "Lon": 21.0004,
        "Brigade": "218",
        "Time": "2017-05-15 21:51:24",
        "Lines": "109"
      },
      {
        "Lat": 52.2333,
        "Lon": 20.999,
        "Brigade": "218",
        "Time": "2017-05-15 21:52:15",
        "Lines": "109"
      },
      {
        "Lat": 52.2331,
        "Lon": 20.998,
        "Brigade": "218",
        "Time": "2017-05-15 21:52:25",
        "Lines": "109"
      },
      {
        "Lat": 52.2327,
        "Lon": 20.996,
        "Brigade": "218",
        "Time": "2017-05-15 21:52:55",
        "Lines": "109"
      },
      {
        "Lat": 52.2325,
        "Lon": 20.9949,
        "Brigade": "218",
        "Time": "2017-05-15 21:53:05",
        "Lines": "109"
      },
      {
        "Lat": 52.2323,
        "Lon": 20.9939,
        "Brigade": "218",
        "Time": "2017-05-15 21:53:15",
        "Lines": "109"
      },
      {
        "Lat": 52.2316,
        "Lon": 20.9909,
        "Brigade": "218",
        "Time": "2017-05-15 21:53:46",
        "Lines": "109"
      },
      {
        "Lat": 52.2316,
        "Lon": 20.9908,
        "Brigade": "218",
        "Time": "2017-05-15 21:53:56",
        "Lines": "109"
      },
      {
        "Lat": 52.2314,
        "Lon": 20.99,
        "Brigade": "218",
        "Time": "2017-05-15 21:54:06",
        "Lines": "109"
      },
      {
        "Lat": 52.2313,
        "Lon": 20.9895,
        "Brigade": "218",
        "Time": "2017-05-15 21:54:16",
        "Lines": "109"
      },
      {
        "Lat": 52.2303,
        "Lon": 20.9834,
        "Brigade": "218",
        "Time": "2017-05-15 21:55:06",
        "Lines": "109"
      },
      {
        "Lat": 52.2301,
        "Lon": 20.9825,
        "Brigade": "218",
        "Time": "2017-05-15 21:55:26",
        "Lines": "109"
      },
      {
        "Lat": 52.2301,
        "Lon": 20.9825,
        "Brigade": "218",
        "Time": "2017-05-15 21:55:36",
        "Lines": "109"
      },
      {
        "Lat": 52.2299,
        "Lon": 20.9818,
        "Brigade": "218",
        "Time": "2017-05-15 21:55:47",
        "Lines": "109"
      },
      {
        "Lat": 52.2295,
        "Lon": 20.9788,
        "Brigade": "218",
        "Time": "2017-05-15 21:56:27",
        "Lines": "109"
      },
      {
        "Lat": 52.2295,
        "Lon": 20.9782,
        "Brigade": "218",
        "Time": "2017-05-15 21:56:37",
        "Lines": "109"
      },
      {
        "Lat": 52.229,
        "Lon": 20.9722,
        "Brigade": "218",
        "Time": "2017-05-15 21:57:07",
        "Lines": "109"
      },
      {
        "Lat": 52.2289,
        "Lon": 20.9706,
        "Brigade": "218",
        "Time": "2017-05-15 21:57:17",
        "Lines": "109"
      },
      {
        "Lat": 52.2288,
        "Lon": 20.9702,
        "Brigade": "218",
        "Time": "2017-05-15 21:57:27",
        "Lines": "109"
      },
      {
        "Lat": 52.2288,
        "Lon": 20.9691,
        "Brigade": "218",
        "Time": "2017-05-15 21:57:38",
        "Lines": "109"
      },
      {
        "Lat": 52.2287,
        "Lon": 20.9682,
        "Brigade": "218",
        "Time": "2017-05-15 21:57:58",
        "Lines": "109"
      },
      {
        "Lat": 52.2286,
        "Lon": 20.9672,
        "Brigade": "218",
        "Time": "2017-05-15 21:58:08",
        "Lines": "109"
      },
      {
        "Lat": 52.2285,
        "Lon": 20.9652,
        "Brigade": "218",
        "Time": "2017-05-15 21:58:18",
        "Lines": "109"
      },
      {
        "Lat": 52.2284,
        "Lon": 20.9632,
        "Brigade": "218",
        "Time": "2017-05-15 21:58:28",
        "Lines": "109"
      },
      {
        "Lat": 52.2282,
        "Lon": 20.9567,
        "Brigade": "218",
        "Time": "2017-05-15 21:58:58",
        "Lines": "109"
      },
      {
        "Lat": 52.228,
        "Lon": 20.9558,
        "Brigade": "218",
        "Time": "2017-05-15 21:59:08",
        "Lines": "109"
      },
      {
        "Lat": 52.228,
        "Lon": 20.9558,
        "Brigade": "218",
        "Time": "2017-05-15 21:59:18",
        "Lines": "109"
      },
      {
        "Lat": 52.2279,
        "Lon": 20.9546,
        "Brigade": "218",
        "Time": "2017-05-15 21:59:49",
        "Lines": "109"
      },
      {
        "Lat": 52.2279,
        "Lon": 20.9537,
        "Brigade": "218",
        "Time": "2017-05-15 21:59:59",
        "Lines": "109"
      },
      {
        "Lat": 52.2278,
        "Lon": 20.9531,
        "Brigade": "218",
        "Time": "2017-05-15 22:00:09",
        "Lines": "109"
      },
      {
        "Lat": 52.2278,
        "Lon": 20.9531,
        "Brigade": "218",
        "Time": "2017-05-15 22:00:19",
        "Lines": "109"
      },
      {
        "Lat": 52.2279,
        "Lon": 20.9517,
        "Brigade": "218",
        "Time": "2017-05-15 22:00:49",
        "Lines": "109"
      },
      {
        "Lat": 52.2286,
        "Lon": 20.9512,
        "Brigade": "218",
        "Time": "2017-05-15 22:00:59",
        "Lines": "109"
      },
      {
        "Lat": 52.2299,
        "Lon": 20.9501,
        "Brigade": "218",
        "Time": "2017-05-15 22:01:20",
        "Lines": "109"
      },
      {
        "Lat": 52.2301,
        "Lon": 20.95,
        "Brigade": "218",
        "Time": "2017-05-15 22:01:30",
        "Lines": "109"
      },
      {
        "Lat": 52.2302,
        "Lon": 20.9499,
        "Brigade": "218",
        "Time": "2017-05-15 22:01:40",
        "Lines": "109"
      },
      {
        "Lat": 52.2309,
        "Lon": 20.9493,
        "Brigade": "218",
        "Time": "2017-05-15 22:01:50",
        "Lines": "109"
      },
      {
        "Lat": 52.2332,
        "Lon": 20.9484,
        "Brigade": "218",
        "Time": "2017-05-15 22:02:20",
        "Lines": "109"
      },
      {
        "Lat": 52.234,
        "Lon": 20.9481,
        "Brigade": "218",
        "Time": "2017-05-15 22:02:30",
        "Lines": "109"
      },
      {
        "Lat": 52.2363,
        "Lon": 20.9479,
        "Brigade": "218",
        "Time": "2017-05-15 22:03:00",
        "Lines": "109"
      },
      {
        "Lat": 52.2365,
        "Lon": 20.948,
        "Brigade": "218",
        "Time": "2017-05-15 22:03:11",
        "Lines": "109"
      },
      {
        "Lat": 52.2379,
        "Lon": 20.9483,
        "Brigade": "218",
        "Time": "2017-05-15 22:03:41",
        "Lines": "109"
      },
      {
        "Lat": 52.2382,
        "Lon": 20.9484,
        "Brigade": "218",
        "Time": "2017-05-15 22:03:51",
        "Lines": "109"
      },
      {
        "Lat": 52.2385,
        "Lon": 20.9484,
        "Brigade": "218",
        "Time": "2017-05-15 22:04:01",
        "Lines": "109"
      },
      {
        "Lat": 52.2388,
        "Lon": 20.9459,
        "Brigade": "218",
        "Time": "2017-05-15 22:05:01",
        "Lines": "109"
      },
      {
        "Lat": 52.239,
        "Lon": 20.9445,
        "Brigade": "218",
        "Time": "2017-05-15 22:05:11",
        "Lines": "109"
      },
      {
        "Lat": 52.2391,
        "Lon": 20.943,
        "Brigade": "218",
        "Time": "2017-05-15 22:05:22",
        "Lines": "109"
      },
      {
        "Lat": 52.2393,
        "Lon": 20.942,
        "Brigade": "218",
        "Time": "2017-05-15 22:05:32",
        "Lines": "109"
      },
      {
        "Lat": 52.2394,
        "Lon": 20.9414,
        "Brigade": "218",
        "Time": "2017-05-15 22:05:42",
        "Lines": "109"
      },
      {
        "Lat": 52.2394,
        "Lon": 20.9408,
        "Brigade": "218",
        "Time": "2017-05-15 22:05:52",
        "Lines": "109"
      },
      {
        "Lat": 52.2398,
        "Lon": 20.9376,
        "Brigade": "218",
        "Time": "2017-05-15 22:06:32",
        "Lines": "109"
      },
      {
        "Lat": 52.2399,
        "Lon": 20.9359,
        "Brigade": "218",
        "Time": "2017-05-15 22:06:52",
        "Lines": "109"
      },
      {
        "Lat": 52.2399,
        "Lon": 20.9359,
        "Brigade": "218",
        "Time": "2017-05-15 22:07:02",
        "Lines": "109"
      },
      {
        "Lat": 52.2399,
        "Lon": 20.9359,
        "Brigade": "218",
        "Time": "2017-05-15 22:07:23",
        "Lines": "109"
      },
      {
        "Lat": 52.2399,
        "Lon": 20.9358,
        "Brigade": "218",
        "Time": "2017-05-15 22:07:33",
        "Lines": "109"
      },
      {
        "Lat": 52.24,
        "Lon": 20.935,
        "Brigade": "218",
        "Time": "2017-05-15 22:07:43",
        "Lines": "109"
      },
      {
        "Lat": 52.2402,
        "Lon": 20.9325,
        "Brigade": "218",
        "Time": "2017-05-15 22:08:23",
        "Lines": "109"
      },
      {
        "Lat": 52.2404,
        "Lon": 20.931,
        "Brigade": "218",
        "Time": "2017-05-15 22:08:54",
        "Lines": "109"
      },
      {
        "Lat": 52.2404,
        "Lon": 20.9309,
        "Brigade": "218",
        "Time": "2017-05-15 22:09:04",
        "Lines": "109"
      },
      {
        "Lat": 52.2405,
        "Lon": 20.9299,
        "Brigade": "218",
        "Time": "2017-05-15 22:09:14",
        "Lines": "109"
      },
      {
        "Lat": 52.2406,
        "Lon": 20.9296,
        "Brigade": "218",
        "Time": "2017-05-15 22:09:24",
        "Lines": "109"
      },
      {
        "Lat": 52.2406,
        "Lon": 20.9292,
        "Brigade": "218",
        "Time": "2017-05-15 22:09:34",
        "Lines": "109"
      },
      {
        "Lat": 52.2405,
        "Lon": 20.9246,
        "Brigade": "218",
        "Time": "2017-05-15 22:10:04",
        "Lines": "109"
      },
      {
        "Lat": 52.2403,
        "Lon": 20.9229,
        "Brigade": "218",
        "Time": "2017-05-15 22:10:14",
        "Lines": "109"
      },
      {
        "Lat": 52.2402,
        "Lon": 20.9224,
        "Brigade": "218",
        "Time": "2017-05-15 22:10:24",
        "Lines": "109"
      },
      {
        "Lat": 52.24,
        "Lon": 20.9205,
        "Brigade": "218",
        "Time": "2017-05-15 22:10:45",
        "Lines": "109"
      },
      {
        "Lat": 52.2398,
        "Lon": 20.9191,
        "Brigade": "218",
        "Time": "2017-05-15 22:10:55",
        "Lines": "109"
      },
      {
        "Lat": 52.2398,
        "Lon": 20.9186,
        "Brigade": "218",
        "Time": "2017-05-15 22:11:05",
        "Lines": "109"
      },
      {
        "Lat": 52.2398,
        "Lon": 20.9186,
        "Brigade": "218",
        "Time": "2017-05-15 22:11:15",
        "Lines": "109"
      },
      {
        "Lat": 52.2398,
        "Lon": 20.9186,
        "Brigade": "218",
        "Time": "2017-05-15 22:11:25",
        "Lines": "109"
      },
      {
        "Lat": 52.2397,
        "Lon": 20.9183,
        "Brigade": "218",
        "Time": "2017-05-15 22:11:55",
        "Lines": "109"
      },
      {
        "Lat": 52.2395,
        "Lon": 20.9168,
        "Brigade": "218",
        "Time": "2017-05-15 22:12:25",
        "Lines": "109"
      },
      {
        "Lat": 52.2394,
        "Lon": 20.916,
        "Brigade": "218",
        "Time": "2017-05-15 22:12:35",
        "Lines": "109"
      },
      {
        "Lat": 52.2391,
        "Lon": 20.9123,
        "Brigade": "218",
        "Time": "2017-05-15 22:12:56",
        "Lines": "109"
      },
      {
        "Lat": 52.2391,
        "Lon": 20.9121,
        "Brigade": "218",
        "Time": "2017-05-15 22:13:06",
        "Lines": "109"
      },
      {
        "Lat": 52.2391,
        "Lon": 20.912,
        "Brigade": "218",
        "Time": "2017-05-15 22:13:16",
        "Lines": "109"
      },
      {
        "Lat": 52.239,
        "Lon": 20.9107,
        "Brigade": "218",
        "Time": "2017-05-15 22:13:26",
        "Lines": "109"
      },
      {
        "Lat": 52.2391,
        "Lon": 20.905,
        "Brigade": "218",
        "Time": "2017-05-15 22:14:16",
        "Lines": "109"
      },
      {
        "Lat": 52.2391,
        "Lon": 20.9048,
        "Brigade": "218",
        "Time": "2017-05-15 22:14:26",
        "Lines": "109"
      },
      {
        "Lat": 52.2391,
        "Lon": 20.9048,
        "Brigade": "218",
        "Time": "2017-05-15 22:14:36",
        "Lines": "109"
      },
      {
        "Lat": 52.2391,
        "Lon": 20.9048,
        "Brigade": "218",
        "Time": "2017-05-15 22:14:47",
        "Lines": "109"
      },
      {
        "Lat": 52.2391,
        "Lon": 20.9048,
        "Brigade": "218",
        "Time": "2017-05-15 22:14:57",
        "Lines": "109"
      },
      {
        "Lat": 52.2391,
        "Lon": 20.9048,
        "Brigade": "218",
        "Time": "2017-05-15 22:15:07",
        "Lines": "109"
      },
      {
        "Lat": 52.2391,
        "Lon": 20.904,
        "Brigade": "218",
        "Time": "2017-05-15 22:15:17",
        "Lines": "109"
      },
      {
        "Lat": 52.239,
        "Lon": 20.8993,
        "Brigade": "218",
        "Time": "2017-05-15 22:16:17",
        "Lines": "109"
      },
      {
        "Lat": 52.239,
        "Lon": 20.8989,
        "Brigade": "218",
        "Time": "2017-05-15 22:16:27",
        "Lines": "109"
      },
      {
        "Lat": 52.239,
        "Lon": 20.8989,
        "Brigade": "218",
        "Time": "2017-05-15 22:16:38",
        "Lines": "109"
      },
      {
        "Lat": 52.239,
        "Lon": 20.8989,
        "Brigade": "218",
        "Time": "2017-05-15 22:16:48",
        "Lines": "109"
      },
      {
        "Lat": 52.239,
        "Lon": 20.8989,
        "Brigade": "218",
        "Time": "2017-05-15 22:16:58",
        "Lines": "109"
      },
      {
        "Lat": 52.239,
        "Lon": 20.8989,
        "Brigade": "218",
        "Time": "2017-05-15 22:17:08",
        "Lines": "109"
      },
      {
        "Lat": 52.239,
        "Lon": 20.8989,
        "Brigade": "218",
        "Time": "2017-05-15 22:17:58",
        "Lines": "109"
      },
      {
        "Lat": 52.239,
        "Lon": 20.8989,
        "Brigade": "218",
        "Time": "2017-05-15 22:18:19",
        "Lines": "109"
      },
      {
        "Lat": 52.239,
        "Lon": 20.8989,
        "Brigade": "218",
        "Time": "2017-05-15 22:18:29",
        "Lines": "109"
      },
      {
        "Lat": 52.239,
        "Lon": 20.8989,
        "Brigade": "218",
        "Time": "2017-05-15 22:18:39",
        "Lines": "109"
      },
      {
        "Lat": 52.239,
        "Lon": 20.8989,
        "Brigade": "218",
        "Time": "2017-05-15 22:18:49",
        "Lines": "109"
      },
      {
        "Lat": 52.239,
        "Lon": 20.8989,
        "Brigade": "218",
        "Time": "2017-05-15 22:18:59",
        "Lines": "109"
      },
      {
        "Lat": 52.239,
        "Lon": 20.8989,
        "Brigade": "218",
        "Time": "2017-05-15 22:19:39",
        "Lines": "109"
      },
      {
        "Lat": 52.239,
        "Lon": 20.8989,
        "Brigade": "218",
        "Time": "2017-05-15 22:19:50",
        "Lines": "109"
      },
      {
        "Lat": 52.239,
        "Lon": 20.8989,
        "Brigade": "218",
        "Time": "2017-05-15 22:20:10",
        "Lines": "109"
      },
      {
        "Lat": 52.239,
        "Lon": 20.8989,
        "Brigade": "218",
        "Time": "2017-05-15 22:20:20",
        "Lines": "109"
      },
      {
        "Lat": 52.239,
        "Lon": 20.8989,
        "Brigade": "218",
        "Time": "2017-05-15 22:20:30",
        "Lines": "109"
      },
      {
        "Lat": 52.239,
        "Lon": 20.8989,
        "Brigade": "218",
        "Time": "2017-05-15 22:20:40",
        "Lines": "109"
      },
      {
        "Lat": 52.239,
        "Lon": 20.8989,
        "Brigade": "218",
        "Time": "2017-05-15 22:21:21",
        "Lines": "109"
      },
      {
        "Lat": 52.239,
        "Lon": 20.8989,
        "Brigade": "218",
        "Time": "2017-05-15 22:21:31",
        "Lines": "109"
      },
      {
        "Lat": 52.239,
        "Lon": 20.8989,
        "Brigade": "218",
        "Time": "2017-05-15 22:22:11",
        "Lines": "109"
      },
      {
        "Lat": 52.239,
        "Lon": 20.8989,
        "Brigade": "218",
        "Time": "2017-05-15 22:22:21",
        "Lines": "109"
      },
      {
        "Lat": 52.239,
        "Lon": 20.8989,
        "Brigade": "218",
        "Time": "2017-05-15 22:22:41",
        "Lines": "109"
      },
      {
        "Lat": 52.239,
        "Lon": 20.8989,
        "Brigade": "218",
        "Time": "2017-05-15 22:22:51",
        "Lines": "109"
      },
      {
        "Lat": 52.239,
        "Lon": 20.8989,
        "Brigade": "218",
        "Time": "2017-05-15 22:23:01",
        "Lines": "109"
      },
      {
        "Lat": 52.239,
        "Lon": 20.8989,
        "Brigade": "218",
        "Time": "2017-05-15 22:23:11",
        "Lines": "109"
      },
      {
        "Lat": 52.2391,
        "Lon": 20.9029,
        "Brigade": "218",
        "Time": "2017-05-15 22:24:12",
        "Lines": "109"
      },
      {
        "Lat": 52.239,
        "Lon": 20.9031,
        "Brigade": "218",
        "Time": "2017-05-15 22:24:22",
        "Lines": "109"
      },
      {
        "Lat": 52.239,
        "Lon": 20.9031,
        "Brigade": "218",
        "Time": "2017-05-15 22:24:32",
        "Lines": "109"
      },
      {
        "Lat": 52.239,
        "Lon": 20.9031,
        "Brigade": "218",
        "Time": "2017-05-15 22:24:42",
        "Lines": "109"
      },
      {
        "Lat": 52.239,
        "Lon": 20.9039,
        "Brigade": "218",
        "Time": "2017-05-15 22:24:52",
        "Lines": "109"
      },
      {
        "Lat": 52.2389,
        "Lon": 20.9052,
        "Brigade": "218",
        "Time": "2017-05-15 22:25:02",
        "Lines": "109"
      },
      {
        "Lat": 52.2389,
        "Lon": 20.9123,
        "Brigade": "218",
        "Time": "2017-05-15 22:26:13",
        "Lines": "109"
      },
      {
        "Lat": 52.239,
        "Lon": 20.9125,
        "Brigade": "218",
        "Time": "2017-05-15 22:26:23",
        "Lines": "109"
      },
      {
        "Lat": 52.239,
        "Lon": 20.9125,
        "Brigade": "218",
        "Time": "2017-05-15 22:26:33",
        "Lines": "109"
      },
      {
        "Lat": 52.239,
        "Lon": 20.9125,
        "Brigade": "218",
        "Time": "2017-05-15 22:26:43",
        "Lines": "109"
      },
      {
        "Lat": 52.239,
        "Lon": 20.9125,
        "Brigade": "218",
        "Time": "2017-05-15 22:26:52",
        "Lines": "109"
      },
      {
        "Lat": 52.239,
        "Lon": 20.9125,
        "Brigade": "218",
        "Time": "2017-05-15 22:27:04",
        "Lines": "109"
      },
      {
        "Lat": 52.2392,
        "Lon": 20.9149,
        "Brigade": "218",
        "Time": "2017-05-15 22:27:44",
        "Lines": "109"
      },
      {
        "Lat": 52.2397,
        "Lon": 20.9182,
        "Brigade": "218",
        "Time": "2017-05-15 22:28:14",
        "Lines": "109"
      },
      {
        "Lat": 52.2397,
        "Lon": 20.9193,
        "Brigade": "218",
        "Time": "2017-05-15 22:28:24",
        "Lines": "109"
      },
      {
        "Lat": 52.2398,
        "Lon": 20.9194,
        "Brigade": "218",
        "Time": "2017-05-15 22:28:34",
        "Lines": "109"
      },
      {
        "Lat": 52.2407,
        "Lon": 20.9286,
        "Brigade": "218",
        "Time": "2017-05-15 22:29:35",
        "Lines": "109"
      },
      {
        "Lat": 52.2405,
        "Lon": 20.9306,
        "Brigade": "218",
        "Time": "2017-05-15 22:29:45",
        "Lines": "109"
      },
      {
        "Lat": 52.2403,
        "Lon": 20.9318,
        "Brigade": "218",
        "Time": "2017-05-15 22:29:55",
        "Lines": "109"
      },
      {
        "Lat": 52.2403,
        "Lon": 20.9318,
        "Brigade": "218",
        "Time": "2017-05-15 22:30:05",
        "Lines": "109"
      },
      {
        "Lat": 52.2403,
        "Lon": 20.9322,
        "Brigade": "218",
        "Time": "2017-05-15 22:30:15",
        "Lines": "109"
      },
      {
        "Lat": 52.2402,
        "Lon": 20.9335,
        "Brigade": "218",
        "Time": "2017-05-15 22:30:25",
        "Lines": "109"
      },
      {
        "Lat": 52.2396,
        "Lon": 20.9401,
        "Brigade": "218",
        "Time": "2017-05-15 22:31:26",
        "Lines": "109"
      },
      {
        "Lat": 52.2394,
        "Lon": 20.9419,
        "Brigade": "218",
        "Time": "2017-05-15 22:31:46",
        "Lines": "109"
      },
      {
        "Lat": 52.2394,
        "Lon": 20.942,
        "Brigade": "218",
        "Time": "2017-05-15 22:31:56",
        "Lines": "109"
      },
      {
        "Lat": 52.2392,
        "Lon": 20.9429,
        "Brigade": "218",
        "Time": "2017-05-15 22:32:06",
        "Lines": "109"
      },
      {
        "Lat": 52.2391,
        "Lon": 20.9442,
        "Brigade": "218",
        "Time": "2017-05-15 22:32:16",
        "Lines": "109"
      },
      {
        "Lat": 52.2385,
        "Lon": 20.9484,
        "Brigade": "218",
        "Time": "2017-05-15 22:32:56",
        "Lines": "109"
      },
      {
        "Lat": 52.2378,
        "Lon": 20.9483,
        "Brigade": "218",
        "Time": "2017-05-15 22:33:07",
        "Lines": "109"
      },
      {
        "Lat": 52.2363,
        "Lon": 20.9481,
        "Brigade": "218",
        "Time": "2017-05-15 22:33:47",
        "Lines": "109"
      },
      {
        "Lat": 52.2356,
        "Lon": 20.9479,
        "Brigade": "218",
        "Time": "2017-05-15 22:33:57",
        "Lines": "109"
      },
      {
        "Lat": 52.2347,
        "Lon": 20.948,
        "Brigade": "218",
        "Time": "2017-05-15 22:34:07",
        "Lines": "109"
      },
      {
        "Lat": 52.2325,
        "Lon": 20.9486,
        "Brigade": "218",
        "Time": "2017-05-15 22:34:47",
        "Lines": "109"
      },
      {
        "Lat": 52.2315,
        "Lon": 20.949,
        "Brigade": "218",
        "Time": "2017-05-15 22:34:57",
        "Lines": "109"
      },
      {
        "Lat": 52.2308,
        "Lon": 20.9494,
        "Brigade": "218",
        "Time": "2017-05-15 22:35:08",
        "Lines": "109"
      },
      {
        "Lat": 52.2303,
        "Lon": 20.9499,
        "Brigade": "218",
        "Time": "2017-05-15 22:35:28",
        "Lines": "109"
      },
      {
        "Lat": 52.2301,
        "Lon": 20.95,
        "Brigade": "218",
        "Time": "2017-05-15 22:35:38",
        "Lines": "109"
      },
      {
        "Lat": 52.2297,
        "Lon": 20.9503,
        "Brigade": "218",
        "Time": "2017-05-15 22:35:48",
        "Lines": "109"
      },
      {
        "Lat": 52.2295,
        "Lon": 20.9505,
        "Brigade": "218",
        "Time": "2017-05-15 22:35:58",
        "Lines": "109"
      },
      {
        "Lat": 52.2275,
        "Lon": 20.952,
        "Brigade": "218",
        "Time": "2017-05-15 22:36:49",
        "Lines": "109"
      },
      {
        "Lat": 52.2276,
        "Lon": 20.9533,
        "Brigade": "218",
        "Time": "2017-05-15 22:37:09",
        "Lines": "109"
      },
      {
        "Lat": 52.2277,
        "Lon": 20.9549,
        "Brigade": "218",
        "Time": "2017-05-15 22:37:19",
        "Lines": "109"
      },
      {
        "Lat": 52.2278,
        "Lon": 20.9561,
        "Brigade": "218",
        "Time": "2017-05-15 22:37:29",
        "Lines": "109"
      },
      {
        "Lat": 52.2278,
        "Lon": 20.9563,
        "Brigade": "218",
        "Time": "2017-05-15 22:37:39",
        "Lines": "109"
      },
      {
        "Lat": 52.2278,
        "Lon": 20.9563,
        "Brigade": "218",
        "Time": "2017-05-15 22:37:49",
        "Lines": "109"
      },
      {
        "Lat": 52.2279,
        "Lon": 20.9584,
        "Brigade": "218",
        "Time": "2017-05-15 22:39:00",
        "Lines": "109"
      },
      {
        "Lat": 52.228,
        "Lon": 20.9595,
        "Brigade": "218",
        "Time": "2017-05-15 22:39:10",
        "Lines": "109"
      },
      {
        "Lat": 52.2281,
        "Lon": 20.9614,
        "Brigade": "218",
        "Time": "2017-05-15 22:39:20",
        "Lines": "109"
      },
      {
        "Lat": 52.2283,
        "Lon": 20.9639,
        "Brigade": "218",
        "Time": "2017-05-15 22:39:30",
        "Lines": "109"
      },
      {
        "Lat": 52.2289,
        "Lon": 20.9733,
        "Brigade": "218",
        "Time": "2017-05-15 22:40:31",
        "Lines": "109"
      },
      {
        "Lat": 52.2292,
        "Lon": 20.9772,
        "Brigade": "218",
        "Time": "2017-05-15 22:40:51",
        "Lines": "109"
      },
      {
        "Lat": 52.2292,
        "Lon": 20.9779,
        "Brigade": "218",
        "Time": "2017-05-15 22:41:11",
        "Lines": "109"
      },
      {
        "Lat": 52.2292,
        "Lon": 20.9779,
        "Brigade": "218",
        "Time": "2017-05-15 22:41:21",
        "Lines": "109"
      },
      {
        "Lat": 52.2294,
        "Lon": 20.9801,
        "Brigade": "218",
        "Time": "2017-05-15 22:42:12",
        "Lines": "109"
      },
      {
        "Lat": 52.2296,
        "Lon": 20.9806,
        "Brigade": "218",
        "Time": "2017-05-15 22:42:32",
        "Lines": "109"
      },
      {
        "Lat": 52.2299,
        "Lon": 20.982,
        "Brigade": "218",
        "Time": "2017-05-15 22:42:42",
        "Lines": "109"
      },
      {
        "Lat": 52.23,
        "Lon": 20.9833,
        "Brigade": "218",
        "Time": "2017-05-15 22:42:52",
        "Lines": "109"
      },
      {
        "Lat": 52.23,
        "Lon": 20.9836,
        "Brigade": "218",
        "Time": "2017-05-15 22:43:02",
        "Lines": "109"
      },
      {
        "Lat": 52.23,
        "Lon": 20.9836,
        "Brigade": "218",
        "Time": "2017-05-15 22:43:22",
        "Lines": "109"
      },
      {
        "Lat": 52.23,
        "Lon": 20.9836,
        "Brigade": "218",
        "Time": "2017-05-15 22:43:32",
        "Lines": "109"
      },
      {
        "Lat": 52.2308,
        "Lon": 20.9868,
        "Brigade": "218",
        "Time": "2017-05-15 22:44:33",
        "Lines": "109"
      },
      {
        "Lat": 52.2311,
        "Lon": 20.9883,
        "Brigade": "218",
        "Time": "2017-05-15 22:44:43",
        "Lines": "109"
      },
      {
        "Lat": 52.2314,
        "Lon": 20.9898,
        "Brigade": "218",
        "Time": "2017-05-15 22:44:53",
        "Lines": "109"
      },
      {
        "Lat": 52.2317,
        "Lon": 20.9915,
        "Brigade": "218",
        "Time": "2017-05-15 22:45:03",
        "Lines": "109"
      },
      {
        "Lat": 52.232,
        "Lon": 20.9933,
        "Brigade": "218",
        "Time": "2017-05-15 22:45:13",
        "Lines": "109"
      },
      {
        "Lat": 52.2321,
        "Lon": 20.9936,
        "Brigade": "218",
        "Time": "2017-05-15 22:45:23",
        "Lines": "109"
      },
      {
        "Lat": 52.2328,
        "Lon": 20.997,
        "Brigade": "218",
        "Time": "2017-05-15 22:45:54",
        "Lines": "109"
      },
      {
        "Lat": 52.232,
        "Lon": 20.999,
        "Brigade": "218",
        "Time": "2017-05-15 22:46:34",
        "Lines": "109"
      },
      {
        "Lat": 52.2317,
        "Lon": 20.9992,
        "Brigade": "218",
        "Time": "2017-05-15 22:46:44",
        "Lines": "109"
      },
      {
        "Lat": 52.2307,
        "Lon": 20.9998,
        "Brigade": "218",
        "Time": "2017-05-15 22:46:54",
        "Lines": "109"
      },
      {
        "Lat": 52.2298,
        "Lon": 20.9997,
        "Brigade": "218",
        "Time": "2017-05-15 22:47:14",
        "Lines": "109"
      },
      {
        "Lat": 52.23,
        "Lon": 21.0002,
        "Brigade": "218",
        "Time": "2017-05-15 22:47:22",
        "Lines": "109"
      },
      {
        "Lat": 52.2294,
        "Lon": 21.0012,
        "Brigade": "218",
        "Time": "2017-05-15 22:47:34",
        "Lines": "109"
      },
      {
        "Lat": 52.2292,
        "Lon": 21.0022,
        "Brigade": "218",
        "Time": "2017-05-15 22:47:45",
        "Lines": "109"
      },
      {
        "Lat": 52.2298,
        "Lon": 21.0036,
        "Brigade": "218",
        "Time": "2017-05-15 22:48:25",
        "Lines": "109"
      },
      {
        "Lat": 52.2298,
        "Lon": 21.0036,
        "Brigade": "218",
        "Time": "2017-05-15 22:48:35",
        "Lines": "109"
      },
      {
        "Lat": 52.2298,
        "Lon": 21.0036,
        "Brigade": "218",
        "Time": "2017-05-15 22:48:55",
        "Lines": "109"
      },
      {
        "Lat": 52.2298,
        "Lon": 21.0036,
        "Brigade": "218",
        "Time": "2017-05-15 22:49:05",
        "Lines": "109"
      },
      {
        "Lat": 52.2298,
        "Lon": 21.0036,
        "Brigade": "218",
        "Time": "2017-05-15 22:49:16",
        "Lines": "109"
      },
      {
        "Lat": 52.2298,
        "Lon": 21.0036,
        "Brigade": "218",
        "Time": "2017-05-15 22:49:26",
        "Lines": "109"
      },
      {
        "Lat": 52.2298,
        "Lon": 21.0036,
        "Brigade": "218",
        "Time": "2017-05-15 22:50:16",
        "Lines": "109"
      },
      {
        "Lat": 52.2298,
        "Lon": 21.0036,
        "Brigade": "218",
        "Time": "2017-05-15 22:50:26",
        "Lines": "109"
      },
      {
        "Lat": 52.2298,
        "Lon": 21.0036,
        "Brigade": "218",
        "Time": "2017-05-15 22:50:36",
        "Lines": "109"
      },
      {
        "Lat": 52.2298,
        "Lon": 21.0036,
        "Brigade": "218",
        "Time": "2017-05-15 22:50:46",
        "Lines": "109"
      },
      {
        "Lat": 52.2298,
        "Lon": 21.0036,
        "Brigade": "218",
        "Time": "2017-05-15 22:50:57",
        "Lines": "109"
      },
      {
        "Lat": 52.2298,
        "Lon": 21.0036,
        "Brigade": "218",
        "Time": "2017-05-15 22:51:06",
        "Lines": "109"
      },
      {
        "Lat": 52.2298,
        "Lon": 21.0036,
        "Brigade": "218",
        "Time": "2017-05-15 22:52:07",
        "Lines": "109"
      },
      {
        "Lat": 52.2298,
        "Lon": 21.0036,
        "Brigade": "218",
        "Time": "2017-05-15 22:52:17",
        "Lines": "109"
      },
      {
        "Lat": 52.2298,
        "Lon": 21.0036,
        "Brigade": "218",
        "Time": "2017-05-15 22:52:27",
        "Lines": "109"
      },
      {
        "Lat": 52.2298,
        "Lon": 21.0036,
        "Brigade": "218",
        "Time": "2017-05-15 22:52:37",
        "Lines": "109"
      },
      {
        "Lat": 52.2298,
        "Lon": 21.0036,
        "Brigade": "218",
        "Time": "2017-05-15 22:52:47",
        "Lines": "109"
      },
      {
        "Lat": 52.2298,
        "Lon": 21.0036,
        "Brigade": "218",
        "Time": "2017-05-15 22:53:38",
        "Lines": "109"
      },
      {
        "Lat": 52.2298,
        "Lon": 21.0036,
        "Brigade": "218",
        "Time": "2017-05-15 22:54:08",
        "Lines": "109"
      },
      {
        "Lat": 52.2298,
        "Lon": 21.0036,
        "Brigade": "218",
        "Time": "2017-05-15 22:54:18",
        "Lines": "109"
      },
      {
        "Lat": 52.2298,
        "Lon": 21.0036,
        "Brigade": "218",
        "Time": "2017-05-15 22:54:28",
        "Lines": "109"
      },
      {
        "Lat": 52.2298,
        "Lon": 21.0036,
        "Brigade": "218",
        "Time": "2017-05-15 22:54:39",
        "Lines": "109"
      },
      {
        "Lat": 52.2298,
        "Lon": 21.0036,
        "Brigade": "218",
        "Time": "2017-05-15 22:54:59",
        "Lines": "109"
      },
      {
        "Lat": 52.2299,
        "Lon": 21.0043,
        "Brigade": "218",
        "Time": "2017-05-15 22:55:49",
        "Lines": "109"
      },
      {
        "Lat": 52.2301,
        "Lon": 21.0048,
        "Brigade": "218",
        "Time": "2017-05-15 22:55:59",
        "Lines": "109"
      },
      {
        "Lat": 52.2304,
        "Lon": 21.0046,
        "Brigade": "218",
        "Time": "2017-05-15 22:56:09",
        "Lines": "109"
      },
      {
        "Lat": 52.2307,
        "Lon": 21.0045,
        "Brigade": "218",
        "Time": "2017-05-15 22:56:19",
        "Lines": "109"
      },
      {
        "Lat": 52.2307,
        "Lon": 21.0045,
        "Brigade": "218",
        "Time": "2017-05-15 22:56:30",
        "Lines": "109"
      },
      {
        "Lat": 52.2317,
        "Lon": 21.0041,
        "Brigade": "218",
        "Time": "2017-05-15 22:57:10",
        "Lines": "109"
      },
      {
        "Lat": 52.2327,
        "Lon": 21.0034,
        "Brigade": "218",
        "Time": "2017-05-15 22:57:20",
        "Lines": "109"
      },
      {
        "Lat": 52.2331,
        "Lon": 21.0032,
        "Brigade": "218",
        "Time": "2017-05-15 22:57:40",
        "Lines": "109"
      },
      {
        "Lat": 52.2335,
        "Lon": 21.0029,
        "Brigade": "218",
        "Time": "2017-05-15 22:57:50",
        "Lines": "109"
      },
      {
        "Lat": 52.2337,
        "Lon": 21.0027,
        "Brigade": "218",
        "Time": "2017-05-15 22:58:01",
        "Lines": "109"
      },
      {
        "Lat": 52.2337,
        "Lon": 21.0027,
        "Brigade": "218",
        "Time": "2017-05-15 22:58:11",
        "Lines": "109"
      },
      {
        "Lat": 52.2338,
        "Lon": 21.0027,
        "Brigade": "218",
        "Time": "2017-05-15 22:58:51",
        "Lines": "109"
      },
      {
        "Lat": 52.234,
        "Lon": 21.0022,
        "Brigade": "218",
        "Time": "2017-05-15 22:59:01",
        "Lines": "109"
      },
      {
        "Lat": 52.2337,
        "Lon": 21.0011,
        "Brigade": "218",
        "Time": "2017-05-15 22:59:11",
        "Lines": "109"
      },
      {
        "Lat": 52.2333,
        "Lon": 20.9993,
        "Brigade": "218",
        "Time": "2017-05-15 22:59:31",
        "Lines": "109"
      },
      {
        "Lat": 52.2333,
        "Lon": 20.9993,
        "Brigade": "218",
        "Time": "2017-05-15 22:59:42",
        "Lines": "109"
      },
      {
        "Lat": 52.2333,
        "Lon": 20.9993,
        "Brigade": "218",
        "Time": "2017-05-15 22:59:52",
        "Lines": "109"
      },
      {
        "Lat": 52.2333,
        "Lon": 20.9991,
        "Brigade": "218",
        "Time": "2017-05-15 23:00:22",
        "Lines": "109"
      },
      {
        "Lat": 52.2333,
        "Lon": 20.9981,
        "Brigade": "218",
        "Time": "2017-05-15 23:00:32",
        "Lines": "109"
      },
      {
        "Lat": 52.2329,
        "Lon": 20.997,
        "Brigade": "218",
        "Time": "2017-05-15 23:00:42",
        "Lines": "109"
      },
      {
        "Lat": 52.2322,
        "Lon": 20.9935,
        "Brigade": "218",
        "Time": "2017-05-15 23:01:32",
        "Lines": "109"
      },
      {
        "Lat": 52.2322,
        "Lon": 20.9935,
        "Brigade": "218",
        "Time": "2017-05-15 23:01:43",
        "Lines": "109"
      },
      {
        "Lat": 52.2322,
        "Lon": 20.9935,
        "Brigade": "218",
        "Time": "2017-05-15 23:02:13",
        "Lines": "109"
      },
      {
        "Lat": 52.2321,
        "Lon": 20.9931,
        "Brigade": "218",
        "Time": "2017-05-15 23:02:23",
        "Lines": "109"
      },
      {
        "Lat": 52.2316,
        "Lon": 20.9909,
        "Brigade": "218",
        "Time": "2017-05-15 23:02:53",
        "Lines": "109"
      },
      {
        "Lat": 52.2314,
        "Lon": 20.9898,
        "Brigade": "218",
        "Time": "2017-05-15 23:03:03",
        "Lines": "109"
      },
      {
        "Lat": 52.2307,
        "Lon": 20.9854,
        "Brigade": "218",
        "Time": "2017-05-15 23:03:23",
        "Lines": "109"
      },
      {
        "Lat": 52.2304,
        "Lon": 20.9833,
        "Brigade": "218",
        "Time": "2017-05-15 23:03:33",
        "Lines": "109"
      },
      {
        "Lat": 52.2302,
        "Lon": 20.9825,
        "Brigade": "218",
        "Time": "2017-05-15 23:03:44",
        "Lines": "109"
      },
      {
        "Lat": 52.2302,
        "Lon": 20.9825,
        "Brigade": "218",
        "Time": "2017-05-15 23:03:54",
        "Lines": "109"
      },
      {
        "Lat": 52.2297,
        "Lon": 20.9799,
        "Brigade": "218",
        "Time": "2017-05-15 23:04:14",
        "Lines": "109"
      },
      {
        "Lat": 52.2295,
        "Lon": 20.9788,
        "Brigade": "218",
        "Time": "2017-05-15 23:04:24",
        "Lines": "109"
      },
      {
        "Lat": 52.2292,
        "Lon": 20.9749,
        "Brigade": "218",
        "Time": "2017-05-15 23:04:54",
        "Lines": "109"
      },
      {
        "Lat": 52.229,
        "Lon": 20.9725,
        "Brigade": "218",
        "Time": "2017-05-15 23:05:04",
        "Lines": "109"
      },
      {
        "Lat": 52.2289,
        "Lon": 20.9702,
        "Brigade": "218",
        "Time": "2017-05-15 23:05:24",
        "Lines": "109"
      },
      {
        "Lat": 52.2289,
        "Lon": 20.9702,
        "Brigade": "218",
        "Time": "2017-05-15 23:05:35",
        "Lines": "109"
      },
      {
        "Lat": 52.2289,
        "Lon": 20.9702,
        "Brigade": "218",
        "Time": "2017-05-15 23:05:45",
        "Lines": "109"
      },
      {
        "Lat": 52.2289,
        "Lon": 20.9694,
        "Brigade": "218",
        "Time": "2017-05-15 23:05:55",
        "Lines": "109"
      },
      {
        "Lat": 52.2288,
        "Lon": 20.9684,
        "Brigade": "218",
        "Time": "2017-05-15 23:06:25",
        "Lines": "109"
      },
      {
        "Lat": 52.2288,
        "Lon": 20.9679,
        "Brigade": "218",
        "Time": "2017-05-15 23:06:35",
        "Lines": "109"
      },
      {
        "Lat": 52.2288,
        "Lon": 20.9679,
        "Brigade": "218",
        "Time": "2017-05-15 23:06:45",
        "Lines": "109"
      },
      {
        "Lat": 52.2288,
        "Lon": 20.9679,
        "Brigade": "218",
        "Time": "2017-05-15 23:06:55",
        "Lines": "109"
      },
      {
        "Lat": 52.2288,
        "Lon": 20.9677,
        "Brigade": "218",
        "Time": "2017-05-15 23:07:35",
        "Lines": "109"
      },
      {
        "Lat": 52.2286,
        "Lon": 20.9661,
        "Brigade": "218",
        "Time": "2017-05-15 23:07:46",
        "Lines": "109"
      },
      {
        "Lat": 52.2284,
        "Lon": 20.9639,
        "Brigade": "218",
        "Time": "2017-05-15 23:07:56",
        "Lines": "109"
      },
      {
        "Lat": 52.2282,
        "Lon": 20.9592,
        "Brigade": "218",
        "Time": "2017-05-15 23:08:16",
        "Lines": "109"
      },
      {
        "Lat": 52.2282,
        "Lon": 20.9576,
        "Brigade": "218",
        "Time": "2017-05-15 23:08:26",
        "Lines": "109"
      }
    ]
  }
]
