[
  {
    "res": [
      {
        "Lat": 52.2408,
        "Lon": 21.0162,
        "Brigade": "011",
        "Time": "2017-05-15 08:02:13",
        "Lines": "111"
      },
      {
        "Lat": 52.2408,
        "Lon": 21.0158,
        "Brigade": "011",
        "Time": "2017-05-15 08:02:28",
        "Lines": "111"
      },
      {
        "Lat": 52.2406,
        "Lon": 21.014,
        "Brigade": "011",
        "Time": "2017-05-15 08:02:43",
        "Lines": "111"
      },
      {
        "Lat": 52.2412,
        "Lon": 21.0137,
        "Brigade": "011",
        "Time": "2017-05-15 08:02:53",
        "Lines": "111"
      },
      {
        "Lat": 52.2421,
        "Lon": 21.0133,
        "Brigade": "011",
        "Time": "2017-05-15 08:03:03",
        "Lines": "111"
      },
      {
        "Lat": 52.2425,
        "Lon": 21.0132,
        "Brigade": "011",
        "Time": "2017-05-15 08:03:15",
        "Lines": "111"
      },
      {
        "Lat": 52.2426,
        "Lon": 21.0131,
        "Brigade": "011",
        "Time": "2017-05-15 08:03:23",
        "Lines": "111"
      },
      {
        "Lat": 52.2429,
        "Lon": 21.0126,
        "Brigade": "011",
        "Time": "2017-05-15 08:03:33",
        "Lines": "111"
      },
      {
        "Lat": 52.2441,
        "Lon": 21.0113,
        "Brigade": "011",
        "Time": "2017-05-15 08:03:48",
        "Lines": "111"
      },
      {
        "Lat": 52.2448,
        "Lon": 21.0107,
        "Brigade": "011",
        "Time": "2017-05-15 08:03:58",
        "Lines": "111"
      },
      {
        "Lat": 52.2447,
        "Lon": 21.0103,
        "Brigade": "011",
        "Time": "2017-05-15 08:04:08",
        "Lines": "111"
      },
      {
        "Lat": 52.2441,
        "Lon": 21.0091,
        "Brigade": "011",
        "Time": "2017-05-15 08:04:22",
        "Lines": "111"
      },
      {
        "Lat": 52.2441,
        "Lon": 21.009,
        "Brigade": "011",
        "Time": "2017-05-15 08:04:28",
        "Lines": "111"
      },
      {
        "Lat": 52.2441,
        "Lon": 21.0088,
        "Brigade": "011",
        "Time": "2017-05-15 08:04:43",
        "Lines": "111"
      },
      {
        "Lat": 52.2438,
        "Lon": 21.0077,
        "Brigade": "011",
        "Time": "2017-05-15 08:04:53",
        "Lines": "111"
      },
      {
        "Lat": 52.2433,
        "Lon": 21.0063,
        "Brigade": "011",
        "Time": "2017-05-15 08:05:04",
        "Lines": "111"
      },
      {
        "Lat": 52.243,
        "Lon": 21.0052,
        "Brigade": "011",
        "Time": "2017-05-15 08:05:18",
        "Lines": "111"
      },
      {
        "Lat": 52.2427,
        "Lon": 21.004,
        "Brigade": "011",
        "Time": "2017-05-15 08:05:28",
        "Lines": "111"
      },
      {
        "Lat": 52.2426,
        "Lon": 21.0034,
        "Brigade": "011",
        "Time": "2017-05-15 08:05:43",
        "Lines": "111"
      },
      {
        "Lat": 52.2433,
        "Lon": 21.0025,
        "Brigade": "011",
        "Time": "2017-05-15 08:05:53",
        "Lines": "111"
      },
      {
        "Lat": 52.2437,
        "Lon": 21.002,
        "Brigade": "011",
        "Time": "2017-05-15 08:06:03",
        "Lines": "111"
      },
      {
        "Lat": 52.2438,
        "Lon": 21.0019,
        "Brigade": "011",
        "Time": "2017-05-15 08:06:18",
        "Lines": "111"
      },
      {
        "Lat": 52.2438,
        "Lon": 21.0018,
        "Brigade": "011",
        "Time": "2017-05-15 08:06:28",
        "Lines": "111"
      },
      {
        "Lat": 52.2438,
        "Lon": 21.0017,
        "Brigade": "011",
        "Time": "2017-05-15 08:06:43",
        "Lines": "111"
      },
      {
        "Lat": 52.2438,
        "Lon": 21.0017,
        "Brigade": "011",
        "Time": "2017-05-15 08:06:53",
        "Lines": "111"
      },
      {
        "Lat": 52.2439,
        "Lon": 21.0017,
        "Brigade": "011",
        "Time": "2017-05-15 08:07:03",
        "Lines": "111"
      },
      {
        "Lat": 52.2443,
        "Lon": 21.0012,
        "Brigade": "011",
        "Time": "2017-05-15 08:07:13",
        "Lines": "111"
      },
      {
        "Lat": 52.245,
        "Lon": 21.0006,
        "Brigade": "011",
        "Time": "2017-05-15 08:07:23",
        "Lines": "111"
      },
      {
        "Lat": 52.2454,
        "Lon": 21.0003,
        "Brigade": "011",
        "Time": "2017-05-15 08:07:38",
        "Lines": "111"
      },
      {
        "Lat": 52.2455,
        "Lon": 21.0002,
        "Brigade": "011",
        "Time": "2017-05-15 08:07:48",
        "Lines": "111"
      },
      {
        "Lat": 52.2463,
        "Lon": 20.9995,
        "Brigade": "011",
        "Time": "2017-05-15 08:07:58",
        "Lines": "111"
      },
      {
        "Lat": 52.2472,
        "Lon": 20.9992,
        "Brigade": "011",
        "Time": "2017-05-15 08:08:08",
        "Lines": "111"
      },
      {
        "Lat": 52.2473,
        "Lon": 20.9988,
        "Brigade": "011",
        "Time": "2017-05-15 08:08:18",
        "Lines": "111"
      },
      {
        "Lat": 52.2472,
        "Lon": 20.9983,
        "Brigade": "011",
        "Time": "2017-05-15 08:08:33",
        "Lines": "111"
      },
      {
        "Lat": 52.2469,
        "Lon": 20.9977,
        "Brigade": "011",
        "Time": "2017-05-15 08:08:43",
        "Lines": "111"
      },
      {
        "Lat": 52.2469,
        "Lon": 20.9976,
        "Brigade": "011",
        "Time": "2017-05-15 08:08:53",
        "Lines": "111"
      },
      {
        "Lat": 52.2469,
        "Lon": 20.9973,
        "Brigade": "011",
        "Time": "2017-05-15 08:09:03",
        "Lines": "111"
      },
      {
        "Lat": 52.2473,
        "Lon": 20.9967,
        "Brigade": "011",
        "Time": "2017-05-15 08:09:13",
        "Lines": "111"
      },
      {
        "Lat": 52.2477,
        "Lon": 20.9963,
        "Brigade": "011",
        "Time": "2017-05-15 08:09:28",
        "Lines": "111"
      },
      {
        "Lat": 52.2481,
        "Lon": 20.9958,
        "Brigade": "011",
        "Time": "2017-05-15 08:09:38",
        "Lines": "111"
      },
      {
        "Lat": 52.2485,
        "Lon": 20.9955,
        "Brigade": "011",
        "Time": "2017-05-15 08:09:48",
        "Lines": "111"
      },
      {
        "Lat": 52.2487,
        "Lon": 20.9955,
        "Brigade": "011",
        "Time": "2017-05-15 08:09:58",
        "Lines": "111"
      },
      {
        "Lat": 52.2489,
        "Lon": 20.9953,
        "Brigade": "011",
        "Time": "2017-05-15 08:10:13",
        "Lines": "111"
      },
      {
        "Lat": 52.2489,
        "Lon": 20.9951,
        "Brigade": "011",
        "Time": "2017-05-15 08:10:23",
        "Lines": "111"
      },
      {
        "Lat": 52.2488,
        "Lon": 20.9944,
        "Brigade": "011",
        "Time": "2017-05-15 08:10:33",
        "Lines": "111"
      },
      {
        "Lat": 52.2488,
        "Lon": 20.9943,
        "Brigade": "011",
        "Time": "2017-05-15 08:10:43",
        "Lines": "111"
      },
      {
        "Lat": 52.2486,
        "Lon": 20.9934,
        "Brigade": "011",
        "Time": "2017-05-15 08:10:53",
        "Lines": "111"
      },
      {
        "Lat": 52.2482,
        "Lon": 20.9916,
        "Brigade": "011",
        "Time": "2017-05-15 08:11:03",
        "Lines": "111"
      },
      {
        "Lat": 52.2478,
        "Lon": 20.9901,
        "Brigade": "011",
        "Time": "2017-05-15 08:11:13",
        "Lines": "111"
      },
      {
        "Lat": 52.2477,
        "Lon": 20.9896,
        "Brigade": "011",
        "Time": "2017-05-15 08:11:30",
        "Lines": "111"
      },
      {
        "Lat": 52.2476,
        "Lon": 20.9895,
        "Brigade": "011",
        "Time": "2017-05-15 08:11:38",
        "Lines": "111"
      },
      {
        "Lat": 52.2476,
        "Lon": 20.9895,
        "Brigade": "011",
        "Time": "2017-05-15 08:11:48",
        "Lines": "111"
      },
      {
        "Lat": 52.2476,
        "Lon": 20.9895,
        "Brigade": "011",
        "Time": "2017-05-15 08:11:58",
        "Lines": "111"
      },
      {
        "Lat": 52.2476,
        "Lon": 20.9895,
        "Brigade": "011",
        "Time": "2017-05-15 08:12:13",
        "Lines": "111"
      },
      {
        "Lat": 52.2477,
        "Lon": 20.9893,
        "Brigade": "011",
        "Time": "2017-05-15 08:12:33",
        "Lines": "111"
      },
      {
        "Lat": 52.2472,
        "Lon": 20.9883,
        "Brigade": "011",
        "Time": "2017-05-15 08:12:43",
        "Lines": "111"
      },
      {
        "Lat": 52.2465,
        "Lon": 20.986,
        "Brigade": "011",
        "Time": "2017-05-15 08:12:58",
        "Lines": "111"
      },
      {
        "Lat": 52.2464,
        "Lon": 20.9856,
        "Brigade": "011",
        "Time": "2017-05-15 08:13:08",
        "Lines": "111"
      },
      {
        "Lat": 52.2464,
        "Lon": 20.9855,
        "Brigade": "011",
        "Time": "2017-05-15 08:13:18",
        "Lines": "111"
      },
      {
        "Lat": 52.2463,
        "Lon": 20.9854,
        "Brigade": "011",
        "Time": "2017-05-15 08:13:28",
        "Lines": "111"
      },
      {
        "Lat": 52.2463,
        "Lon": 20.9853,
        "Brigade": "011",
        "Time": "2017-05-15 08:13:43",
        "Lines": "111"
      },
      {
        "Lat": 52.2463,
        "Lon": 20.9852,
        "Brigade": "011",
        "Time": "2017-05-15 08:13:53",
        "Lines": "111"
      },
      {
        "Lat": 52.2459,
        "Lon": 20.9839,
        "Brigade": "011",
        "Time": "2017-05-15 08:14:03",
        "Lines": "111"
      },
      {
        "Lat": 52.2453,
        "Lon": 20.982,
        "Brigade": "011",
        "Time": "2017-05-15 08:14:15",
        "Lines": "111"
      },
      {
        "Lat": 52.2448,
        "Lon": 20.9801,
        "Brigade": "011",
        "Time": "2017-05-15 08:14:28",
        "Lines": "111"
      },
      {
        "Lat": 52.2447,
        "Lon": 20.9792,
        "Brigade": "011",
        "Time": "2017-05-15 08:14:39",
        "Lines": "111"
      },
      {
        "Lat": 52.2447,
        "Lon": 20.9792,
        "Brigade": "011",
        "Time": "2017-05-15 08:14:48",
        "Lines": "111"
      },
      {
        "Lat": 52.2447,
        "Lon": 20.9792,
        "Brigade": "011",
        "Time": "2017-05-15 08:14:58",
        "Lines": "111"
      },
      {
        "Lat": 52.2447,
        "Lon": 20.9792,
        "Brigade": "011",
        "Time": "2017-05-15 08:15:08",
        "Lines": "111"
      },
      {
        "Lat": 52.2447,
        "Lon": 20.9792,
        "Brigade": "011",
        "Time": "2017-05-15 08:15:23",
        "Lines": "111"
      },
      {
        "Lat": 52.2447,
        "Lon": 20.9792,
        "Brigade": "011",
        "Time": "2017-05-15 08:15:33",
        "Lines": "111"
      },
      {
        "Lat": 52.2446,
        "Lon": 20.9791,
        "Brigade": "011",
        "Time": "2017-05-15 08:15:43",
        "Lines": "111"
      },
      {
        "Lat": 52.2445,
        "Lon": 20.9783,
        "Brigade": "011",
        "Time": "2017-05-15 08:15:53",
        "Lines": "111"
      },
      {
        "Lat": 52.2444,
        "Lon": 20.978,
        "Brigade": "011",
        "Time": "2017-05-15 08:16:03",
        "Lines": "111"
      },
      {
        "Lat": 52.2445,
        "Lon": 20.978,
        "Brigade": "011",
        "Time": "2017-05-15 08:16:18",
        "Lines": "111"
      },
      {
        "Lat": 52.2445,
        "Lon": 20.9779,
        "Brigade": "011",
        "Time": "2017-05-15 08:16:28",
        "Lines": "111"
      },
      {
        "Lat": 52.2445,
        "Lon": 20.9779,
        "Brigade": "011",
        "Time": "2017-05-15 08:16:38",
        "Lines": "111"
      },
      {
        "Lat": 52.2445,
        "Lon": 20.9779,
        "Brigade": "011",
        "Time": "2017-05-15 08:16:48",
        "Lines": "111"
      },
      {
        "Lat": 52.2445,
        "Lon": 20.9779,
        "Brigade": "011",
        "Time": "2017-05-15 08:16:58",
        "Lines": "111"
      },
      {
        "Lat": 52.2439,
        "Lon": 20.9773,
        "Brigade": "011",
        "Time": "2017-05-15 08:17:13",
        "Lines": "111"
      },
      {
        "Lat": 52.2429,
        "Lon": 20.9777,
        "Brigade": "011",
        "Time": "2017-05-15 08:17:23",
        "Lines": "111"
      },
      {
        "Lat": 52.2421,
        "Lon": 20.9778,
        "Brigade": "011",
        "Time": "2017-05-15 08:17:33",
        "Lines": "111"
      },
      {
        "Lat": 52.242,
        "Lon": 20.9778,
        "Brigade": "011",
        "Time": "2017-05-15 08:17:43",
        "Lines": "111"
      },
      {
        "Lat": 52.2414,
        "Lon": 20.9776,
        "Brigade": "011",
        "Time": "2017-05-15 08:17:58",
        "Lines": "111"
      },
      {
        "Lat": 52.2405,
        "Lon": 20.9775,
        "Brigade": "011",
        "Time": "2017-05-15 08:18:08",
        "Lines": "111"
      },
      {
        "Lat": 52.2404,
        "Lon": 20.9775,
        "Brigade": "011",
        "Time": "2017-05-15 08:18:18",
        "Lines": "111"
      },
      {
        "Lat": 52.2403,
        "Lon": 20.9775,
        "Brigade": "011",
        "Time": "2017-05-15 08:18:28",
        "Lines": "111"
      },
      {
        "Lat": 52.2399,
        "Lon": 20.9775,
        "Brigade": "011",
        "Time": "2017-05-15 08:18:38",
        "Lines": "111"
      },
      {
        "Lat": 52.2398,
        "Lon": 20.9775,
        "Brigade": "011",
        "Time": "2017-05-15 08:18:48",
        "Lines": "111"
      },
      {
        "Lat": 52.2397,
        "Lon": 20.9775,
        "Brigade": "011",
        "Time": "2017-05-15 08:19:03",
        "Lines": "111"
      },
      {
        "Lat": 52.2394,
        "Lon": 20.9776,
        "Brigade": "011",
        "Time": "2017-05-15 08:19:13",
        "Lines": "111"
      },
      {
        "Lat": 52.2391,
        "Lon": 20.9777,
        "Brigade": "011",
        "Time": "2017-05-15 08:19:23",
        "Lines": "111"
      },
      {
        "Lat": 52.239,
        "Lon": 20.9778,
        "Brigade": "011",
        "Time": "2017-05-15 08:19:38",
        "Lines": "111"
      },
      {
        "Lat": 52.239,
        "Lon": 20.9778,
        "Brigade": "011",
        "Time": "2017-05-15 08:19:43",
        "Lines": "111"
      },
      {
        "Lat": 52.2389,
        "Lon": 20.978,
        "Brigade": "011",
        "Time": "2017-05-15 08:19:58",
        "Lines": "111"
      },
      {
        "Lat": 52.2387,
        "Lon": 20.9782,
        "Brigade": "011",
        "Time": "2017-05-15 08:20:08",
        "Lines": "111"
      },
      {
        "Lat": 52.2387,
        "Lon": 20.9782,
        "Brigade": "011",
        "Time": "2017-05-15 08:20:18",
        "Lines": "111"
      },
      {
        "Lat": 52.2386,
        "Lon": 20.9782,
        "Brigade": "011",
        "Time": "2017-05-15 08:20:33",
        "Lines": "111"
      },
      {
        "Lat": 52.2386,
        "Lon": 20.9783,
        "Brigade": "011",
        "Time": "2017-05-15 08:20:43",
        "Lines": "111"
      },
      {
        "Lat": 52.2385,
        "Lon": 20.9783,
        "Brigade": "011",
        "Time": "2017-05-15 08:20:53",
        "Lines": "111"
      },
      {
        "Lat": 52.2382,
        "Lon": 20.9786,
        "Brigade": "011",
        "Time": "2017-05-15 08:21:03",
        "Lines": "111"
      },
      {
        "Lat": 52.2379,
        "Lon": 20.9789,
        "Brigade": "011",
        "Time": "2017-05-15 08:21:13",
        "Lines": "111"
      },
      {
        "Lat": 52.2378,
        "Lon": 20.979,
        "Brigade": "011",
        "Time": "2017-05-15 08:21:33",
        "Lines": "111"
      },
      {
        "Lat": 52.2378,
        "Lon": 20.979,
        "Brigade": "011",
        "Time": "2017-05-15 08:21:43",
        "Lines": "111"
      },
      {
        "Lat": 52.2378,
        "Lon": 20.979,
        "Brigade": "011",
        "Time": "2017-05-15 08:21:53",
        "Lines": "111"
      },
      {
        "Lat": 52.2378,
        "Lon": 20.979,
        "Brigade": "011",
        "Time": "2017-05-15 08:22:03",
        "Lines": "111"
      },
      {
        "Lat": 52.2378,
        "Lon": 20.979,
        "Brigade": "011",
        "Time": "2017-05-15 08:22:13",
        "Lines": "111"
      },
      {
        "Lat": 52.2378,
        "Lon": 20.979,
        "Brigade": "011",
        "Time": "2017-05-15 08:22:28",
        "Lines": "111"
      },
      {
        "Lat": 52.2377,
        "Lon": 20.9791,
        "Brigade": "011",
        "Time": "2017-05-15 08:22:38",
        "Lines": "111"
      },
      {
        "Lat": 52.2371,
        "Lon": 20.9799,
        "Brigade": "011",
        "Time": "2017-05-15 08:22:48",
        "Lines": "111"
      },
      {
        "Lat": 52.2362,
        "Lon": 20.9803,
        "Brigade": "011",
        "Time": "2017-05-15 08:22:58",
        "Lines": "111"
      },
      {
        "Lat": 52.235,
        "Lon": 20.9807,
        "Brigade": "011",
        "Time": "2017-05-15 08:23:08",
        "Lines": "111"
      },
      {
        "Lat": 52.2336,
        "Lon": 20.9818,
        "Brigade": "011",
        "Time": "2017-05-15 08:23:23",
        "Lines": "111"
      },
      {
        "Lat": 52.2335,
        "Lon": 20.9818,
        "Brigade": "011",
        "Time": "2017-05-15 08:23:33",
        "Lines": "111"
      },
      {
        "Lat": 52.2335,
        "Lon": 20.9818,
        "Brigade": "011",
        "Time": "2017-05-15 08:23:43",
        "Lines": "111"
      },
      {
        "Lat": 52.2335,
        "Lon": 20.9818,
        "Brigade": "011",
        "Time": "2017-05-15 08:23:53",
        "Lines": "111"
      },
      {
        "Lat": 52.2332,
        "Lon": 20.9819,
        "Brigade": "011",
        "Time": "2017-05-15 08:24:08",
        "Lines": "111"
      },
      {
        "Lat": 52.2326,
        "Lon": 20.9823,
        "Brigade": "011",
        "Time": "2017-05-15 08:24:18",
        "Lines": "111"
      },
      {
        "Lat": 52.2324,
        "Lon": 20.9825,
        "Brigade": "011",
        "Time": "2017-05-15 08:24:28",
        "Lines": "111"
      },
      {
        "Lat": 52.2322,
        "Lon": 20.9826,
        "Brigade": "011",
        "Time": "2017-05-15 08:24:38",
        "Lines": "111"
      },
      {
        "Lat": 52.2322,
        "Lon": 20.9826,
        "Brigade": "011",
        "Time": "2017-05-15 08:24:48",
        "Lines": "111"
      },
      {
        "Lat": 52.2322,
        "Lon": 20.9826,
        "Brigade": "011",
        "Time": "2017-05-15 08:24:58",
        "Lines": "111"
      },
      {
        "Lat": 52.2321,
        "Lon": 20.9826,
        "Brigade": "011",
        "Time": "2017-05-15 08:25:13",
        "Lines": "111"
      },
      {
        "Lat": 52.2319,
        "Lon": 20.9828,
        "Brigade": "011",
        "Time": "2017-05-15 08:25:23",
        "Lines": "111"
      },
      {
        "Lat": 52.2317,
        "Lon": 20.983,
        "Brigade": "011",
        "Time": "2017-05-15 08:25:33",
        "Lines": "111"
      },
      {
        "Lat": 52.2317,
        "Lon": 20.983,
        "Brigade": "011",
        "Time": "2017-05-15 08:25:43",
        "Lines": "111"
      },
      {
        "Lat": 52.2317,
        "Lon": 20.983,
        "Brigade": "011",
        "Time": "2017-05-15 08:25:53",
        "Lines": "111"
      },
      {
        "Lat": 52.2317,
        "Lon": 20.983,
        "Brigade": "011",
        "Time": "2017-05-15 08:26:08",
        "Lines": "111"
      },
      {
        "Lat": 52.2316,
        "Lon": 20.9831,
        "Brigade": "011",
        "Time": "2017-05-15 08:26:18",
        "Lines": "111"
      },
      {
        "Lat": 52.2315,
        "Lon": 20.9832,
        "Brigade": "011",
        "Time": "2017-05-15 08:26:28",
        "Lines": "111"
      },
      {
        "Lat": 52.231,
        "Lon": 20.9836,
        "Brigade": "011",
        "Time": "2017-05-15 08:26:43",
        "Lines": "111"
      },
      {
        "Lat": 52.231,
        "Lon": 20.9837,
        "Brigade": "011",
        "Time": "2017-05-15 08:26:53",
        "Lines": "111"
      },
      {
        "Lat": 52.231,
        "Lon": 20.9837,
        "Brigade": "011",
        "Time": "2017-05-15 08:27:03",
        "Lines": "111"
      },
      {
        "Lat": 52.231,
        "Lon": 20.9837,
        "Brigade": "011",
        "Time": "2017-05-15 08:27:13",
        "Lines": "111"
      },
      {
        "Lat": 52.231,
        "Lon": 20.9836,
        "Brigade": "011",
        "Time": "2017-05-15 08:27:23",
        "Lines": "111"
      },
      {
        "Lat": 52.231,
        "Lon": 20.9836,
        "Brigade": "011",
        "Time": "2017-05-15 08:27:33",
        "Lines": "111"
      },
      {
        "Lat": 52.2309,
        "Lon": 20.9837,
        "Brigade": "011",
        "Time": "2017-05-15 08:27:43",
        "Lines": "111"
      },
      {
        "Lat": 52.2303,
        "Lon": 20.9841,
        "Brigade": "011",
        "Time": "2017-05-15 08:27:58",
        "Lines": "111"
      },
      {
        "Lat": 52.2301,
        "Lon": 20.9843,
        "Brigade": "011",
        "Time": "2017-05-15 08:28:03",
        "Lines": "111"
      },
      {
        "Lat": 52.2299,
        "Lon": 20.9845,
        "Brigade": "011",
        "Time": "2017-05-15 08:28:18",
        "Lines": "111"
      },
      {
        "Lat": 52.2299,
        "Lon": 20.9845,
        "Brigade": "011",
        "Time": "2017-05-15 08:28:28",
        "Lines": "111"
      },
      {
        "Lat": 52.2299,
        "Lon": 20.9845,
        "Brigade": "011",
        "Time": "2017-05-15 08:28:43",
        "Lines": "111"
      },
      {
        "Lat": 52.2297,
        "Lon": 20.9847,
        "Brigade": "011",
        "Time": "2017-05-15 08:28:53",
        "Lines": "111"
      },
      {
        "Lat": 52.2297,
        "Lon": 20.9847,
        "Brigade": "011",
        "Time": "2017-05-15 08:29:03",
        "Lines": "111"
      },
      {
        "Lat": 52.2297,
        "Lon": 20.9847,
        "Brigade": "011",
        "Time": "2017-05-15 08:29:18",
        "Lines": "111"
      },
      {
        "Lat": 52.2296,
        "Lon": 20.9849,
        "Brigade": "011",
        "Time": "2017-05-15 08:29:28",
        "Lines": "111"
      },
      {
        "Lat": 52.2295,
        "Lon": 20.985,
        "Brigade": "011",
        "Time": "2017-05-15 08:29:38",
        "Lines": "111"
      },
      {
        "Lat": 52.2294,
        "Lon": 20.985,
        "Brigade": "011",
        "Time": "2017-05-15 08:29:48",
        "Lines": "111"
      },
      {
        "Lat": 52.2294,
        "Lon": 20.9851,
        "Brigade": "011",
        "Time": "2017-05-15 08:29:58",
        "Lines": "111"
      },
      {
        "Lat": 52.2294,
        "Lon": 20.9851,
        "Brigade": "011",
        "Time": "2017-05-15 08:30:13",
        "Lines": "111"
      },
      {
        "Lat": 52.2293,
        "Lon": 20.9851,
        "Brigade": "011",
        "Time": "2017-05-15 08:30:23",
        "Lines": "111"
      },
      {
        "Lat": 52.2292,
        "Lon": 20.9852,
        "Brigade": "011",
        "Time": "2017-05-15 08:30:33",
        "Lines": "111"
      },
      {
        "Lat": 52.2292,
        "Lon": 20.9852,
        "Brigade": "011",
        "Time": "2017-05-15 08:30:43",
        "Lines": "111"
      },
      {
        "Lat": 52.2292,
        "Lon": 20.9852,
        "Brigade": "011",
        "Time": "2017-05-15 08:30:53",
        "Lines": "111"
      }
    ]
  }
]
