[
  {
    "res": [
      {
        "Lat": 52.22,
        "Lon": 21.0132,
        "Brigade": "017",
        "Time": "2017-05-15 08:02:20",
        "Lines": "10"
      },
      {
        "Lat": 52.2201,
        "Lon": 21.012,
        "Brigade": "017",
        "Time": "2017-05-15 08:02:31",
        "Lines": "10"
      },
      {
        "Lat": 52.2201,
        "Lon": 21.011,
        "Brigade": "017",
        "Time": "2017-05-15 08:02:41",
        "Lines": "10"
      },
      {
        "Lat": 52.2201,
        "Lon": 21.011,
        "Brigade": "017",
        "Time": "2017-05-15 08:02:53",
        "Lines": "10"
      },
      {
        "Lat": 52.2201,
        "Lon": 21.011,
        "Brigade": "017",
        "Time": "2017-05-15 08:03:02",
        "Lines": "10"
      },
      {
        "Lat": 52.2201,
        "Lon": 21.0101,
        "Brigade": "017",
        "Time": "2017-05-15 08:03:12",
        "Lines": "10"
      },
      {
        "Lat": 52.2202,
        "Lon": 21.008,
        "Brigade": "017",
        "Time": "2017-05-15 08:03:22",
        "Lines": "10"
      },
      {
        "Lat": 52.2202,
        "Lon": 21.0061,
        "Brigade": "017",
        "Time": "2017-05-15 08:03:37",
        "Lines": "10"
      },
      {
        "Lat": 52.2202,
        "Lon": 21.0058,
        "Brigade": "017",
        "Time": "2017-05-15 08:03:48",
        "Lines": "10"
      },
      {
        "Lat": 52.2202,
        "Lon": 21.0055,
        "Brigade": "017",
        "Time": "2017-05-15 08:03:58",
        "Lines": "10"
      },
      {
        "Lat": 52.2202,
        "Lon": 21.0055,
        "Brigade": "017",
        "Time": "2017-05-15 08:04:08",
        "Lines": "10"
      },
      {
        "Lat": 52.2202,
        "Lon": 21.0055,
        "Brigade": "017",
        "Time": "2017-05-15 08:04:19",
        "Lines": "10"
      },
      {
        "Lat": 52.2204,
        "Lon": 21.0049,
        "Brigade": "017",
        "Time": "2017-05-15 08:04:29",
        "Lines": "10"
      },
      {
        "Lat": 52.2207,
        "Lon": 21.0049,
        "Brigade": "017",
        "Time": "2017-05-15 08:04:34",
        "Lines": "10"
      },
      {
        "Lat": 52.2224,
        "Lon": 21.0048,
        "Brigade": "017",
        "Time": "2017-05-15 08:04:55",
        "Lines": "10"
      },
      {
        "Lat": 52.2225,
        "Lon": 21.0048,
        "Brigade": "017",
        "Time": "2017-05-15 08:05:05",
        "Lines": "10"
      },
      {
        "Lat": 52.2225,
        "Lon": 21.0048,
        "Brigade": "017",
        "Time": "2017-05-15 08:05:15",
        "Lines": "10"
      },
      {
        "Lat": 52.223,
        "Lon": 21.0048,
        "Brigade": "017",
        "Time": "2017-05-15 08:05:31",
        "Lines": "10"
      },
      {
        "Lat": 52.2235,
        "Lon": 21.0045,
        "Brigade": "017",
        "Time": "2017-05-15 08:05:41",
        "Lines": "10"
      },
      {
        "Lat": 52.2246,
        "Lon": 21.0038,
        "Brigade": "017",
        "Time": "2017-05-15 08:05:51",
        "Lines": "10"
      },
      {
        "Lat": 52.2264,
        "Lon": 21.0028,
        "Brigade": "017",
        "Time": "2017-05-15 08:06:07",
        "Lines": "10"
      },
      {
        "Lat": 52.227,
        "Lon": 21.0024,
        "Brigade": "017",
        "Time": "2017-05-15 08:06:17",
        "Lines": "10"
      },
      {
        "Lat": 52.2275,
        "Lon": 21.002,
        "Brigade": "017",
        "Time": "2017-05-15 08:06:33",
        "Lines": "10"
      },
      {
        "Lat": 52.228,
        "Lon": 21.0018,
        "Brigade": "017",
        "Time": "2017-05-15 08:06:43",
        "Lines": "10"
      },
      {
        "Lat": 52.2284,
        "Lon": 21.0015,
        "Brigade": "017",
        "Time": "2017-05-15 08:06:53",
        "Lines": "10"
      },
      {
        "Lat": 52.2285,
        "Lon": 21.0014,
        "Brigade": "017",
        "Time": "2017-05-15 08:07:04",
        "Lines": "10"
      },
      {
        "Lat": 52.2285,
        "Lon": 21.0014,
        "Brigade": "017",
        "Time": "2017-05-15 08:07:14",
        "Lines": "10"
      },
      {
        "Lat": 52.2285,
        "Lon": 21.0014,
        "Brigade": "017",
        "Time": "2017-05-15 08:07:24",
        "Lines": "10"
      },
      {
        "Lat": 52.2285,
        "Lon": 21.0014,
        "Brigade": "017",
        "Time": "2017-05-15 08:07:39",
        "Lines": "10"
      },
      {
        "Lat": 52.2285,
        "Lon": 21.0014,
        "Brigade": "017",
        "Time": "2017-05-15 08:07:45",
        "Lines": "10"
      },
      {
        "Lat": 52.2288,
        "Lon": 21.0012,
        "Brigade": "017",
        "Time": "2017-05-15 08:07:55",
        "Lines": "10"
      },
      {
        "Lat": 52.2289,
        "Lon": 21.0012,
        "Brigade": "017",
        "Time": "2017-05-15 08:08:10",
        "Lines": "10"
      },
      {
        "Lat": 52.2295,
        "Lon": 21.0008,
        "Brigade": "017",
        "Time": "2017-05-15 08:08:21",
        "Lines": "10"
      },
      {
        "Lat": 52.2314,
        "Lon": 20.9995,
        "Brigade": "017",
        "Time": "2017-05-15 08:08:41",
        "Lines": "10"
      },
      {
        "Lat": 52.2321,
        "Lon": 20.999,
        "Brigade": "017",
        "Time": "2017-05-15 08:08:51",
        "Lines": "10"
      },
      {
        "Lat": 52.2323,
        "Lon": 20.9989,
        "Brigade": "017",
        "Time": "2017-05-15 08:09:07",
        "Lines": "10"
      },
      {
        "Lat": 52.2323,
        "Lon": 20.9989,
        "Brigade": "017",
        "Time": "2017-05-15 08:09:17",
        "Lines": "10"
      },
      {
        "Lat": 52.2323,
        "Lon": 20.9989,
        "Brigade": "017",
        "Time": "2017-05-15 08:09:28",
        "Lines": "10"
      },
      {
        "Lat": 52.2326,
        "Lon": 20.9987,
        "Brigade": "017",
        "Time": "2017-05-15 08:09:38",
        "Lines": "10"
      },
      {
        "Lat": 52.2326,
        "Lon": 20.9987,
        "Brigade": "017",
        "Time": "2017-05-15 08:09:48",
        "Lines": "10"
      },
      {
        "Lat": 52.2326,
        "Lon": 20.9987,
        "Brigade": "017",
        "Time": "2017-05-15 08:09:58",
        "Lines": "10"
      },
      {
        "Lat": 52.2326,
        "Lon": 20.9987,
        "Brigade": "017",
        "Time": "2017-05-15 08:10:09",
        "Lines": "10"
      },
      {
        "Lat": 52.2326,
        "Lon": 20.9987,
        "Brigade": "017",
        "Time": "2017-05-15 08:10:24",
        "Lines": "10"
      },
      {
        "Lat": 52.2326,
        "Lon": 20.9987,
        "Brigade": "017",
        "Time": "2017-05-15 08:10:34",
        "Lines": "10"
      },
      {
        "Lat": 52.2326,
        "Lon": 20.9987,
        "Brigade": "017",
        "Time": "2017-05-15 08:10:45",
        "Lines": "10"
      },
      {
        "Lat": 52.2326,
        "Lon": 20.9987,
        "Brigade": "017",
        "Time": "2017-05-15 08:10:55",
        "Lines": "10"
      },
      {
        "Lat": 52.2329,
        "Lon": 20.998,
        "Brigade": "017",
        "Time": "2017-05-15 08:11:16",
        "Lines": "10"
      },
      {
        "Lat": 52.2329,
        "Lon": 20.998,
        "Brigade": "017",
        "Time": "2017-05-15 08:11:26",
        "Lines": "10"
      },
      {
        "Lat": 52.2329,
        "Lon": 20.998,
        "Brigade": "017",
        "Time": "2017-05-15 08:11:36",
        "Lines": "10"
      },
      {
        "Lat": 52.2329,
        "Lon": 20.998,
        "Brigade": "017",
        "Time": "2017-05-15 08:11:52",
        "Lines": "10"
      },
      {
        "Lat": 52.2329,
        "Lon": 20.998,
        "Brigade": "017",
        "Time": "2017-05-15 08:12:02",
        "Lines": "10"
      },
      {
        "Lat": 52.2329,
        "Lon": 20.9977,
        "Brigade": "017",
        "Time": "2017-05-15 08:12:12",
        "Lines": "10"
      },
      {
        "Lat": 52.2327,
        "Lon": 20.9967,
        "Brigade": "017",
        "Time": "2017-05-15 08:12:23",
        "Lines": "10"
      },
      {
        "Lat": 52.2327,
        "Lon": 20.9966,
        "Brigade": "017",
        "Time": "2017-05-15 08:12:33",
        "Lines": "10"
      },
      {
        "Lat": 52.2326,
        "Lon": 20.996,
        "Brigade": "017",
        "Time": "2017-05-15 08:12:48",
        "Lines": "10"
      },
      {
        "Lat": 52.2325,
        "Lon": 20.9956,
        "Brigade": "017",
        "Time": "2017-05-15 08:12:59",
        "Lines": "10"
      },
      {
        "Lat": 52.2325,
        "Lon": 20.9956,
        "Brigade": "017",
        "Time": "2017-05-15 08:13:09",
        "Lines": "10"
      },
      {
        "Lat": 52.2325,
        "Lon": 20.9956,
        "Brigade": "017",
        "Time": "2017-05-15 08:13:19",
        "Lines": "10"
      },
      {
        "Lat": 52.2325,
        "Lon": 20.9955,
        "Brigade": "017",
        "Time": "2017-05-15 08:13:29",
        "Lines": "10"
      },
      {
        "Lat": 52.2323,
        "Lon": 20.9943,
        "Brigade": "017",
        "Time": "2017-05-15 08:13:40",
        "Lines": "10"
      },
      {
        "Lat": 52.232,
        "Lon": 20.993,
        "Brigade": "017",
        "Time": "2017-05-15 08:13:50",
        "Lines": "10"
      },
      {
        "Lat": 52.232,
        "Lon": 20.9929,
        "Brigade": "017",
        "Time": "2017-05-15 08:14:06",
        "Lines": "10"
      },
      {
        "Lat": 52.232,
        "Lon": 20.9929,
        "Brigade": "017",
        "Time": "2017-05-15 08:14:16",
        "Lines": "10"
      },
      {
        "Lat": 52.232,
        "Lon": 20.9929,
        "Brigade": "017",
        "Time": "2017-05-15 08:14:26",
        "Lines": "10"
      },
      {
        "Lat": 52.232,
        "Lon": 20.9929,
        "Brigade": "017",
        "Time": "2017-05-15 08:14:36",
        "Lines": "10"
      },
      {
        "Lat": 52.232,
        "Lon": 20.9929,
        "Brigade": "017",
        "Time": "2017-05-15 08:14:47",
        "Lines": "10"
      },
      {
        "Lat": 52.232,
        "Lon": 20.9929,
        "Brigade": "017",
        "Time": "2017-05-15 08:14:57",
        "Lines": "10"
      },
      {
        "Lat": 52.232,
        "Lon": 20.9929,
        "Brigade": "017",
        "Time": "2017-05-15 08:15:12",
        "Lines": "10"
      },
      {
        "Lat": 52.2318,
        "Lon": 20.9917,
        "Brigade": "017",
        "Time": "2017-05-15 08:15:23",
        "Lines": "10"
      },
      {
        "Lat": 52.2314,
        "Lon": 20.9897,
        "Brigade": "017",
        "Time": "2017-05-15 08:15:34",
        "Lines": "10"
      },
      {
        "Lat": 52.2308,
        "Lon": 20.9868,
        "Brigade": "017",
        "Time": "2017-05-15 08:15:51",
        "Lines": "10"
      },
      {
        "Lat": 52.2305,
        "Lon": 20.9855,
        "Brigade": "017",
        "Time": "2017-05-15 08:16:05",
        "Lines": "10"
      },
      {
        "Lat": 52.2303,
        "Lon": 20.9844,
        "Brigade": "017",
        "Time": "2017-05-15 08:16:19",
        "Lines": "10"
      },
      {
        "Lat": 52.2302,
        "Lon": 20.9836,
        "Brigade": "017",
        "Time": "2017-05-15 08:16:30",
        "Lines": "10"
      },
      {
        "Lat": 52.23,
        "Lon": 20.9827,
        "Brigade": "017",
        "Time": "2017-05-15 08:16:40",
        "Lines": "10"
      },
      {
        "Lat": 52.23,
        "Lon": 20.9827,
        "Brigade": "017",
        "Time": "2017-05-15 08:16:50",
        "Lines": "10"
      },
      {
        "Lat": 52.23,
        "Lon": 20.9827,
        "Brigade": "017",
        "Time": "2017-05-15 08:17:01",
        "Lines": "10"
      },
      {
        "Lat": 52.2298,
        "Lon": 20.9816,
        "Brigade": "017",
        "Time": "2017-05-15 08:17:11",
        "Lines": "10"
      },
      {
        "Lat": 52.2295,
        "Lon": 20.9799,
        "Brigade": "017",
        "Time": "2017-05-15 08:17:21",
        "Lines": "10"
      },
      {
        "Lat": 52.2294,
        "Lon": 20.9788,
        "Brigade": "017",
        "Time": "2017-05-15 08:17:32",
        "Lines": "10"
      },
      {
        "Lat": 52.2294,
        "Lon": 20.9787,
        "Brigade": "017",
        "Time": "2017-05-15 08:17:42",
        "Lines": "10"
      },
      {
        "Lat": 52.2294,
        "Lon": 20.9787,
        "Brigade": "017",
        "Time": "2017-05-15 08:17:57",
        "Lines": "10"
      },
      {
        "Lat": 52.2294,
        "Lon": 20.9787,
        "Brigade": "017",
        "Time": "2017-05-15 08:18:08",
        "Lines": "10"
      },
      {
        "Lat": 52.2294,
        "Lon": 20.9787,
        "Brigade": "017",
        "Time": "2017-05-15 08:18:18",
        "Lines": "10"
      },
      {
        "Lat": 52.2294,
        "Lon": 20.9787,
        "Brigade": "017",
        "Time": "2017-05-15 08:18:28",
        "Lines": "10"
      },
      {
        "Lat": 52.2294,
        "Lon": 20.9787,
        "Brigade": "017",
        "Time": "2017-05-15 08:18:38",
        "Lines": "10"
      },
      {
        "Lat": 52.2294,
        "Lon": 20.9787,
        "Brigade": "017",
        "Time": "2017-05-15 08:18:49",
        "Lines": "10"
      },
      {
        "Lat": 52.2294,
        "Lon": 20.9787,
        "Brigade": "017",
        "Time": "2017-05-15 08:18:54",
        "Lines": "10"
      },
      {
        "Lat": 52.2288,
        "Lon": 20.9701,
        "Brigade": "017",
        "Time": "2017-05-15 08:20:16",
        "Lines": "10"
      },
      {
        "Lat": 52.2288,
        "Lon": 20.9701,
        "Brigade": "017",
        "Time": "2017-05-15 08:20:32",
        "Lines": "10"
      },
      {
        "Lat": 52.2288,
        "Lon": 20.9701,
        "Brigade": "017",
        "Time": "2017-05-15 08:20:42",
        "Lines": "10"
      },
      {
        "Lat": 52.2289,
        "Lon": 20.9698,
        "Brigade": "017",
        "Time": "2017-05-15 08:20:52",
        "Lines": "10"
      },
      {
        "Lat": 52.2299,
        "Lon": 20.9695,
        "Brigade": "017",
        "Time": "2017-05-15 08:21:28",
        "Lines": "10"
      },
      {
        "Lat": 52.2309,
        "Lon": 20.9692,
        "Brigade": "017",
        "Time": "2017-05-15 08:21:44",
        "Lines": "10"
      },
      {
        "Lat": 52.2311,
        "Lon": 20.9691,
        "Brigade": "017",
        "Time": "2017-05-15 08:21:54",
        "Lines": "10"
      },
      {
        "Lat": 52.2311,
        "Lon": 20.9691,
        "Brigade": "017",
        "Time": "2017-05-15 08:21:59",
        "Lines": "10"
      },
      {
        "Lat": 52.2314,
        "Lon": 20.969,
        "Brigade": "017",
        "Time": "2017-05-15 08:22:15",
        "Lines": "10"
      },
      {
        "Lat": 52.2316,
        "Lon": 20.9689,
        "Brigade": "017",
        "Time": "2017-05-15 08:22:28",
        "Lines": "10"
      },
      {
        "Lat": 52.2325,
        "Lon": 20.9687,
        "Brigade": "017",
        "Time": "2017-05-15 08:22:35",
        "Lines": "10"
      },
      {
        "Lat": 52.2335,
        "Lon": 20.9684,
        "Brigade": "017",
        "Time": "2017-05-15 08:22:51",
        "Lines": "10"
      },
      {
        "Lat": 52.2335,
        "Lon": 20.9683,
        "Brigade": "017",
        "Time": "2017-05-15 08:23:01",
        "Lines": "10"
      },
      {
        "Lat": 52.2337,
        "Lon": 20.9683,
        "Brigade": "017",
        "Time": "2017-05-15 08:23:11",
        "Lines": "10"
      },
      {
        "Lat": 52.2338,
        "Lon": 20.9678,
        "Brigade": "017",
        "Time": "2017-05-15 08:23:22",
        "Lines": "10"
      },
      {
        "Lat": 52.2336,
        "Lon": 20.9669,
        "Brigade": "017",
        "Time": "2017-05-15 08:23:32",
        "Lines": "10"
      },
      {
        "Lat": 52.2336,
        "Lon": 20.9665,
        "Brigade": "017",
        "Time": "2017-05-15 08:23:42",
        "Lines": "10"
      },
      {
        "Lat": 52.2336,
        "Lon": 20.9665,
        "Brigade": "017",
        "Time": "2017-05-15 08:23:52",
        "Lines": "10"
      },
      {
        "Lat": 52.2336,
        "Lon": 20.9665,
        "Brigade": "017",
        "Time": "2017-05-15 08:24:08",
        "Lines": "10"
      },
      {
        "Lat": 52.2336,
        "Lon": 20.9665,
        "Brigade": "017",
        "Time": "2017-05-15 08:24:18",
        "Lines": "10"
      },
      {
        "Lat": 52.2336,
        "Lon": 20.9665,
        "Brigade": "017",
        "Time": "2017-05-15 08:24:28",
        "Lines": "10"
      },
      {
        "Lat": 52.2336,
        "Lon": 20.9665,
        "Brigade": "017",
        "Time": "2017-05-15 08:24:39",
        "Lines": "10"
      },
      {
        "Lat": 52.2336,
        "Lon": 20.9665,
        "Brigade": "017",
        "Time": "2017-05-15 08:24:49",
        "Lines": "10"
      },
      {
        "Lat": 52.2336,
        "Lon": 20.9665,
        "Brigade": "017",
        "Time": "2017-05-15 08:24:59",
        "Lines": "10"
      },
      {
        "Lat": 52.2335,
        "Lon": 20.966,
        "Brigade": "017",
        "Time": "2017-05-15 08:25:10",
        "Lines": "10"
      },
      {
        "Lat": 52.2332,
        "Lon": 20.9642,
        "Brigade": "017",
        "Time": "2017-05-15 08:25:20",
        "Lines": "10"
      },
      {
        "Lat": 52.2327,
        "Lon": 20.9616,
        "Brigade": "017",
        "Time": "2017-05-15 08:25:35",
        "Lines": "10"
      },
      {
        "Lat": 52.2326,
        "Lon": 20.9613,
        "Brigade": "017",
        "Time": "2017-05-15 08:25:42",
        "Lines": "10"
      },
      {
        "Lat": 52.2325,
        "Lon": 20.9612,
        "Brigade": "017",
        "Time": "2017-05-15 08:25:56",
        "Lines": "10"
      },
      {
        "Lat": 52.2325,
        "Lon": 20.9612,
        "Brigade": "017",
        "Time": "2017-05-15 08:26:06",
        "Lines": "10"
      },
      {
        "Lat": 52.2322,
        "Lon": 20.96,
        "Brigade": "017",
        "Time": "2017-05-15 08:26:17",
        "Lines": "10"
      },
      {
        "Lat": 52.2317,
        "Lon": 20.9583,
        "Brigade": "017",
        "Time": "2017-05-15 08:26:27",
        "Lines": "10"
      },
      {
        "Lat": 52.2314,
        "Lon": 20.9572,
        "Brigade": "017",
        "Time": "2017-05-15 08:26:42",
        "Lines": "10"
      },
      {
        "Lat": 52.2312,
        "Lon": 20.9566,
        "Brigade": "017",
        "Time": "2017-05-15 08:26:53",
        "Lines": "10"
      },
      {
        "Lat": 52.2309,
        "Lon": 20.9557,
        "Brigade": "017",
        "Time": "2017-05-15 08:27:03",
        "Lines": "10"
      },
      {
        "Lat": 52.2307,
        "Lon": 20.9549,
        "Brigade": "017",
        "Time": "2017-05-15 08:27:13",
        "Lines": "10"
      },
      {
        "Lat": 52.2307,
        "Lon": 20.9549,
        "Brigade": "017",
        "Time": "2017-05-15 08:27:23",
        "Lines": "10"
      },
      {
        "Lat": 52.2307,
        "Lon": 20.9549,
        "Brigade": "017",
        "Time": "2017-05-15 08:27:34",
        "Lines": "10"
      },
      {
        "Lat": 52.2303,
        "Lon": 20.9537,
        "Brigade": "017",
        "Time": "2017-05-15 08:27:44",
        "Lines": "10"
      },
      {
        "Lat": 52.2296,
        "Lon": 20.9514,
        "Brigade": "017",
        "Time": "2017-05-15 08:28:00",
        "Lines": "10"
      },
      {
        "Lat": 52.2295,
        "Lon": 20.9512,
        "Brigade": "017",
        "Time": "2017-05-15 08:28:05",
        "Lines": "10"
      },
      {
        "Lat": 52.2295,
        "Lon": 20.9511,
        "Brigade": "017",
        "Time": "2017-05-15 08:28:20",
        "Lines": "10"
      },
      {
        "Lat": 52.2293,
        "Lon": 20.9502,
        "Brigade": "017",
        "Time": "2017-05-15 08:28:31",
        "Lines": "10"
      },
      {
        "Lat": 52.2286,
        "Lon": 20.9486,
        "Brigade": "017",
        "Time": "2017-05-15 08:28:41",
        "Lines": "10"
      },
      {
        "Lat": 52.2279,
        "Lon": 20.9469,
        "Brigade": "017",
        "Time": "2017-05-15 08:28:51",
        "Lines": "10"
      },
      {
        "Lat": 52.2274,
        "Lon": 20.9457,
        "Brigade": "017",
        "Time": "2017-05-15 08:29:06",
        "Lines": "10"
      },
      {
        "Lat": 52.2273,
        "Lon": 20.9456,
        "Brigade": "017",
        "Time": "2017-05-15 08:29:17",
        "Lines": "10"
      },
      {
        "Lat": 52.2271,
        "Lon": 20.945,
        "Brigade": "017",
        "Time": "2017-05-15 08:29:27",
        "Lines": "10"
      },
      {
        "Lat": 52.2267,
        "Lon": 20.9438,
        "Brigade": "017",
        "Time": "2017-05-15 08:29:37",
        "Lines": "10"
      },
      {
        "Lat": 52.2267,
        "Lon": 20.9426,
        "Brigade": "017",
        "Time": "2017-05-15 08:29:48",
        "Lines": "10"
      },
      {
        "Lat": 52.2266,
        "Lon": 20.9417,
        "Brigade": "017",
        "Time": "2017-05-15 08:29:58",
        "Lines": "10"
      },
      {
        "Lat": 52.2265,
        "Lon": 20.9414,
        "Brigade": "017",
        "Time": "2017-05-15 08:30:08",
        "Lines": "10"
      },
      {
        "Lat": 52.2265,
        "Lon": 20.9412,
        "Brigade": "017",
        "Time": "2017-05-15 08:30:24",
        "Lines": "10"
      },
      {
        "Lat": 52.2261,
        "Lon": 20.9397,
        "Brigade": "017",
        "Time": "2017-05-15 08:30:34",
        "Lines": "10"
      },
      {
        "Lat": 52.2258,
        "Lon": 20.9377,
        "Brigade": "017",
        "Time": "2017-05-15 08:30:44",
        "Lines": "10"
      },
      {
        "Lat": 52.2254,
        "Lon": 20.9365,
        "Brigade": "017",
        "Time": "2017-05-15 08:30:55",
        "Lines": "10"
      },
      {
        "Lat": 52.2254,
        "Lon": 20.9364,
        "Brigade": "017",
        "Time": "2017-05-15 08:31:05",
        "Lines": "10"
      },
      {
        "Lat": 52.2254,
        "Lon": 20.9364,
        "Brigade": "017",
        "Time": "2017-05-15 08:31:15",
        "Lines": "10"
      },
      {
        "Lat": 52.2254,
        "Lon": 20.9364,
        "Brigade": "017",
        "Time": "2017-05-15 08:31:26",
        "Lines": "10"
      },
      {
        "Lat": 52.2253,
        "Lon": 20.9361,
        "Brigade": "017",
        "Time": "2017-05-15 08:31:36",
        "Lines": "10"
      },
      {
        "Lat": 52.2248,
        "Lon": 20.9344,
        "Brigade": "017",
        "Time": "2017-05-15 08:31:46",
        "Lines": "10"
      },
      {
        "Lat": 52.2243,
        "Lon": 20.9326,
        "Brigade": "017",
        "Time": "2017-05-15 08:32:02",
        "Lines": "10"
      },
      {
        "Lat": 52.2241,
        "Lon": 20.9319,
        "Brigade": "017",
        "Time": "2017-05-15 08:32:12",
        "Lines": "10"
      },
      {
        "Lat": 52.2238,
        "Lon": 20.9309,
        "Brigade": "017",
        "Time": "2017-05-15 08:32:22",
        "Lines": "10"
      },
      {
        "Lat": 52.2236,
        "Lon": 20.9302,
        "Brigade": "017",
        "Time": "2017-05-15 08:32:32",
        "Lines": "10"
      },
      {
        "Lat": 52.2236,
        "Lon": 20.9302,
        "Brigade": "017",
        "Time": "2017-05-15 08:32:43",
        "Lines": "10"
      },
      {
        "Lat": 52.2236,
        "Lon": 20.93,
        "Brigade": "017",
        "Time": "2017-05-15 08:32:53",
        "Lines": "10"
      },
      {
        "Lat": 52.2234,
        "Lon": 20.9289,
        "Brigade": "017",
        "Time": "2017-05-15 08:33:03",
        "Lines": "10"
      },
      {
        "Lat": 52.2234,
        "Lon": 20.9286,
        "Brigade": "017",
        "Time": "2017-05-15 08:33:19",
        "Lines": "10"
      },
      {
        "Lat": 52.2233,
        "Lon": 20.9282,
        "Brigade": "017",
        "Time": "2017-05-15 08:33:29",
        "Lines": "10"
      },
      {
        "Lat": 52.2228,
        "Lon": 20.9264,
        "Brigade": "017",
        "Time": "2017-05-15 08:33:39",
        "Lines": "10"
      },
      {
        "Lat": 52.2223,
        "Lon": 20.9244,
        "Brigade": "017",
        "Time": "2017-05-15 08:33:50",
        "Lines": "10"
      },
      {
        "Lat": 52.222,
        "Lon": 20.9229,
        "Brigade": "017",
        "Time": "2017-05-15 08:34:05",
        "Lines": "10"
      },
      {
        "Lat": 52.222,
        "Lon": 20.9229,
        "Brigade": "017",
        "Time": "2017-05-15 08:34:15",
        "Lines": "10"
      },
      {
        "Lat": 52.2217,
        "Lon": 20.9219,
        "Brigade": "017",
        "Time": "2017-05-15 08:34:26",
        "Lines": "10"
      },
      {
        "Lat": 52.2213,
        "Lon": 20.92,
        "Brigade": "017",
        "Time": "2017-05-15 08:34:36",
        "Lines": "10"
      },
      {
        "Lat": 52.2209,
        "Lon": 20.9185,
        "Brigade": "017",
        "Time": "2017-05-15 08:34:46",
        "Lines": "10"
      },
      {
        "Lat": 52.2208,
        "Lon": 20.9177,
        "Brigade": "017",
        "Time": "2017-05-15 08:34:57",
        "Lines": "10"
      },
      {
        "Lat": 52.2208,
        "Lon": 20.9177,
        "Brigade": "017",
        "Time": "2017-05-15 08:35:07",
        "Lines": "10"
      },
      {
        "Lat": 52.2207,
        "Lon": 20.9173,
        "Brigade": "017",
        "Time": "2017-05-15 08:35:22",
        "Lines": "10"
      },
      {
        "Lat": 52.2211,
        "Lon": 20.9168,
        "Brigade": "017",
        "Time": "2017-05-15 08:35:33",
        "Lines": "10"
      },
      {
        "Lat": 52.2218,
        "Lon": 20.917,
        "Brigade": "017",
        "Time": "2017-05-15 08:35:43",
        "Lines": "10"
      },
      {
        "Lat": 52.2223,
        "Lon": 20.9172,
        "Brigade": "017",
        "Time": "2017-05-15 08:35:48",
        "Lines": "10"
      },
      {
        "Lat": 52.2239,
        "Lon": 20.9168,
        "Brigade": "017",
        "Time": "2017-05-15 08:36:04",
        "Lines": "10"
      },
      {
        "Lat": 52.2248,
        "Lon": 20.9165,
        "Brigade": "017",
        "Time": "2017-05-15 08:36:14",
        "Lines": "10"
      },
      {
        "Lat": 52.2258,
        "Lon": 20.9163,
        "Brigade": "017",
        "Time": "2017-05-15 08:36:29",
        "Lines": "10"
      },
      {
        "Lat": 52.2259,
        "Lon": 20.9162,
        "Brigade": "017",
        "Time": "2017-05-15 08:36:40",
        "Lines": "10"
      },
      {
        "Lat": 52.2259,
        "Lon": 20.9162,
        "Brigade": "017",
        "Time": "2017-05-15 08:36:50",
        "Lines": "10"
      },
      {
        "Lat": 52.2264,
        "Lon": 20.9161,
        "Brigade": "017",
        "Time": "2017-05-15 08:37:00",
        "Lines": "10"
      },
      {
        "Lat": 52.2276,
        "Lon": 20.9158,
        "Brigade": "017",
        "Time": "2017-05-15 08:37:10",
        "Lines": "10"
      },
      {
        "Lat": 52.2285,
        "Lon": 20.9155,
        "Brigade": "017",
        "Time": "2017-05-15 08:37:21",
        "Lines": "10"
      },
      {
        "Lat": 52.2287,
        "Lon": 20.9154,
        "Brigade": "017",
        "Time": "2017-05-15 08:37:36",
        "Lines": "10"
      },
      {
        "Lat": 52.2287,
        "Lon": 20.9154,
        "Brigade": "017",
        "Time": "2017-05-15 08:37:46",
        "Lines": "10"
      },
      {
        "Lat": 52.2291,
        "Lon": 20.9153,
        "Brigade": "017",
        "Time": "2017-05-15 08:37:57",
        "Lines": "10"
      },
      {
        "Lat": 52.2301,
        "Lon": 20.9151,
        "Brigade": "017",
        "Time": "2017-05-15 08:38:07",
        "Lines": "10"
      },
      {
        "Lat": 52.231,
        "Lon": 20.915,
        "Brigade": "017",
        "Time": "2017-05-15 08:38:17",
        "Lines": "10"
      },
      {
        "Lat": 52.2315,
        "Lon": 20.915,
        "Brigade": "017",
        "Time": "2017-05-15 08:38:28",
        "Lines": "10"
      },
      {
        "Lat": 52.2315,
        "Lon": 20.915,
        "Brigade": "017",
        "Time": "2017-05-15 08:38:43",
        "Lines": "10"
      },
      {
        "Lat": 52.2323,
        "Lon": 20.9149,
        "Brigade": "017",
        "Time": "2017-05-15 08:38:53",
        "Lines": "10"
      },
      {
        "Lat": 52.2335,
        "Lon": 20.9148,
        "Brigade": "017",
        "Time": "2017-05-15 08:39:04",
        "Lines": "10"
      },
      {
        "Lat": 52.2347,
        "Lon": 20.9146,
        "Brigade": "017",
        "Time": "2017-05-15 08:39:14",
        "Lines": "10"
      },
      {
        "Lat": 52.2355,
        "Lon": 20.9144,
        "Brigade": "017",
        "Time": "2017-05-15 08:39:24",
        "Lines": "10"
      },
      {
        "Lat": 52.2358,
        "Lon": 20.9143,
        "Brigade": "017",
        "Time": "2017-05-15 08:39:35",
        "Lines": "10"
      },
      {
        "Lat": 52.2358,
        "Lon": 20.9143,
        "Brigade": "017",
        "Time": "2017-05-15 08:39:45",
        "Lines": "10"
      },
      {
        "Lat": 52.2362,
        "Lon": 20.9141,
        "Brigade": "017",
        "Time": "2017-05-15 08:39:55",
        "Lines": "10"
      },
      {
        "Lat": 52.2369,
        "Lon": 20.9139,
        "Brigade": "017",
        "Time": "2017-05-15 08:40:06",
        "Lines": "10"
      },
      {
        "Lat": 52.2379,
        "Lon": 20.9135,
        "Brigade": "017",
        "Time": "2017-05-15 08:40:21",
        "Lines": "10"
      },
      {
        "Lat": 52.2385,
        "Lon": 20.9133,
        "Brigade": "017",
        "Time": "2017-05-15 08:40:31",
        "Lines": "10"
      },
      {
        "Lat": 52.2387,
        "Lon": 20.9133,
        "Brigade": "017",
        "Time": "2017-05-15 08:40:42",
        "Lines": "10"
      },
      {
        "Lat": 52.2387,
        "Lon": 20.9133,
        "Brigade": "017",
        "Time": "2017-05-15 08:40:52",
        "Lines": "10"
      },
      {
        "Lat": 52.2387,
        "Lon": 20.9133,
        "Brigade": "017",
        "Time": "2017-05-15 08:41:07",
        "Lines": "10"
      },
      {
        "Lat": 52.2387,
        "Lon": 20.9133,
        "Brigade": "017",
        "Time": "2017-05-15 08:41:12",
        "Lines": "10"
      },
      {
        "Lat": 52.2387,
        "Lon": 20.9133,
        "Brigade": "017",
        "Time": "2017-05-15 08:41:28",
        "Lines": "10"
      },
      {
        "Lat": 52.2387,
        "Lon": 20.9133,
        "Brigade": "017",
        "Time": "2017-05-15 08:41:38",
        "Lines": "10"
      },
      {
        "Lat": 52.2387,
        "Lon": 20.9133,
        "Brigade": "017",
        "Time": "2017-05-15 08:41:48",
        "Lines": "10"
      },
      {
        "Lat": 52.2387,
        "Lon": 20.9133,
        "Brigade": "017",
        "Time": "2017-05-15 08:41:59",
        "Lines": "10"
      },
      {
        "Lat": 52.2387,
        "Lon": 20.9133,
        "Brigade": "017",
        "Time": "2017-05-15 08:42:14",
        "Lines": "10"
      },
      {
        "Lat": 52.239,
        "Lon": 20.913,
        "Brigade": "017",
        "Time": "2017-05-15 08:42:24",
        "Lines": "10"
      },
      {
        "Lat": 52.2391,
        "Lon": 20.9122,
        "Brigade": "017",
        "Time": "2017-05-15 08:42:35",
        "Lines": "10"
      },
      {
        "Lat": 52.239,
        "Lon": 20.9116,
        "Brigade": "017",
        "Time": "2017-05-15 08:42:45",
        "Lines": "10"
      },
      {
        "Lat": 52.239,
        "Lon": 20.9116,
        "Brigade": "017",
        "Time": "2017-05-15 08:42:55",
        "Lines": "10"
      },
      {
        "Lat": 52.2389,
        "Lon": 20.9108,
        "Brigade": "017",
        "Time": "2017-05-15 08:43:06",
        "Lines": "10"
      },
      {
        "Lat": 52.2388,
        "Lon": 20.9077,
        "Brigade": "017",
        "Time": "2017-05-15 08:43:21",
        "Lines": "10"
      },
      {
        "Lat": 52.239,
        "Lon": 20.9056,
        "Brigade": "017",
        "Time": "2017-05-15 08:43:31",
        "Lines": "10"
      },
      {
        "Lat": 52.2391,
        "Lon": 20.9047,
        "Brigade": "017",
        "Time": "2017-05-15 08:43:42",
        "Lines": "10"
      },
      {
        "Lat": 52.2391,
        "Lon": 20.9047,
        "Brigade": "017",
        "Time": "2017-05-15 08:43:52",
        "Lines": "10"
      },
      {
        "Lat": 52.2391,
        "Lon": 20.9044,
        "Brigade": "017",
        "Time": "2017-05-15 08:44:07",
        "Lines": "10"
      },
      {
        "Lat": 52.2392,
        "Lon": 20.9031,
        "Brigade": "017",
        "Time": "2017-05-15 08:44:18",
        "Lines": "10"
      },
      {
        "Lat": 52.2393,
        "Lon": 20.9019,
        "Brigade": "017",
        "Time": "2017-05-15 08:44:28",
        "Lines": "10"
      },
      {
        "Lat": 52.2393,
        "Lon": 20.9011,
        "Brigade": "017",
        "Time": "2017-05-15 08:44:38",
        "Lines": "10"
      },
      {
        "Lat": 52.2394,
        "Lon": 20.9002,
        "Brigade": "017",
        "Time": "2017-05-15 08:44:49",
        "Lines": "10"
      },
      {
        "Lat": 52.2394,
        "Lon": 20.9001,
        "Brigade": "017",
        "Time": "2017-05-15 08:44:59",
        "Lines": "10"
      },
      {
        "Lat": 52.2394,
        "Lon": 20.9001,
        "Brigade": "017",
        "Time": "2017-05-15 08:45:14",
        "Lines": "10"
      },
      {
        "Lat": 52.2394,
        "Lon": 20.9001,
        "Brigade": "017",
        "Time": "2017-05-15 08:45:25",
        "Lines": "10"
      },
      {
        "Lat": 52.2394,
        "Lon": 20.9001,
        "Brigade": "017",
        "Time": "2017-05-15 08:45:35",
        "Lines": "10"
      },
      {
        "Lat": 52.2393,
        "Lon": 20.8999,
        "Brigade": "017",
        "Time": "2017-05-15 08:45:45",
        "Lines": "10"
      },
      {
        "Lat": 52.2389,
        "Lon": 20.8998,
        "Brigade": "017",
        "Time": "2017-05-15 08:45:56",
        "Lines": "10"
      },
      {
        "Lat": 52.2387,
        "Lon": 20.9002,
        "Brigade": "017",
        "Time": "2017-05-15 08:46:06",
        "Lines": "10"
      },
      {
        "Lat": 52.2386,
        "Lon": 20.9005,
        "Brigade": "017",
        "Time": "2017-05-15 08:46:16",
        "Lines": "10"
      },
      {
        "Lat": 52.2386,
        "Lon": 20.9005,
        "Brigade": "017",
        "Time": "2017-05-15 08:46:32",
        "Lines": "10"
      },
      {
        "Lat": 52.2386,
        "Lon": 20.9005,
        "Brigade": "017",
        "Time": "2017-05-15 08:46:42",
        "Lines": "10"
      },
      {
        "Lat": 52.2386,
        "Lon": 20.9005,
        "Brigade": "017",
        "Time": "2017-05-15 08:46:52",
        "Lines": "10"
      },
      {
        "Lat": 52.2386,
        "Lon": 20.9005,
        "Brigade": "017",
        "Time": "2017-05-15 08:47:03",
        "Lines": "10"
      },
      {
        "Lat": 52.2386,
        "Lon": 20.9005,
        "Brigade": "017",
        "Time": "2017-05-15 08:47:13",
        "Lines": "10"
      },
      {
        "Lat": 52.2386,
        "Lon": 20.9005,
        "Brigade": "017",
        "Time": "2017-05-15 08:47:23",
        "Lines": "10"
      },
      {
        "Lat": 52.2386,
        "Lon": 20.9005,
        "Brigade": "017",
        "Time": "2017-05-15 08:47:33",
        "Lines": "10"
      },
      {
        "Lat": 52.2386,
        "Lon": 20.9005,
        "Brigade": "017",
        "Time": "2017-05-15 08:47:44",
        "Lines": "10"
      },
      {
        "Lat": 52.2386,
        "Lon": 20.9005,
        "Brigade": "017",
        "Time": "2017-05-15 08:47:59",
        "Lines": "10"
      },
      {
        "Lat": 52.2386,
        "Lon": 20.9005,
        "Brigade": "017",
        "Time": "2017-05-15 08:48:09",
        "Lines": "10"
      },
      {
        "Lat": 52.2386,
        "Lon": 20.9005,
        "Brigade": "017",
        "Time": "2017-05-15 08:48:20",
        "Lines": "10"
      },
      {
        "Lat": 52.2386,
        "Lon": 20.9005,
        "Brigade": "017",
        "Time": "2017-05-15 08:48:30",
        "Lines": "10"
      },
      {
        "Lat": 52.2386,
        "Lon": 20.9005,
        "Brigade": "017",
        "Time": "2017-05-15 08:48:40",
        "Lines": "10"
      },
      {
        "Lat": 52.2386,
        "Lon": 20.9005,
        "Brigade": "017",
        "Time": "2017-05-15 08:48:51",
        "Lines": "10"
      },
      {
        "Lat": 52.2386,
        "Lon": 20.9005,
        "Brigade": "017",
        "Time": "2017-05-15 08:49:01",
        "Lines": "10"
      },
      {
        "Lat": 52.2386,
        "Lon": 20.9005,
        "Brigade": "017",
        "Time": "2017-05-15 08:49:17",
        "Lines": "10"
      },
      {
        "Lat": 52.2386,
        "Lon": 20.9005,
        "Brigade": "017",
        "Time": "2017-05-15 08:49:27",
        "Lines": "10"
      },
      {
        "Lat": 52.2386,
        "Lon": 20.9005,
        "Brigade": "017",
        "Time": "2017-05-15 08:49:37",
        "Lines": "10"
      },
      {
        "Lat": 52.2386,
        "Lon": 20.9005,
        "Brigade": "017",
        "Time": "2017-05-15 08:49:47",
        "Lines": "10"
      },
      {
        "Lat": 52.2386,
        "Lon": 20.9005,
        "Brigade": "017",
        "Time": "2017-05-15 08:49:58",
        "Lines": "10"
      },
      {
        "Lat": 52.2386,
        "Lon": 20.9009,
        "Brigade": "017",
        "Time": "2017-05-15 08:50:08",
        "Lines": "10"
      },
      {
        "Lat": 52.2386,
        "Lon": 20.9009,
        "Brigade": "017",
        "Time": "2017-05-15 08:50:18",
        "Lines": "10"
      },
      {
        "Lat": 52.2386,
        "Lon": 20.9009,
        "Brigade": "017",
        "Time": "2017-05-15 08:50:34",
        "Lines": "10"
      },
      {
        "Lat": 52.2386,
        "Lon": 20.9009,
        "Brigade": "017",
        "Time": "2017-05-15 08:50:44",
        "Lines": "10"
      },
      {
        "Lat": 52.2386,
        "Lon": 20.9009,
        "Brigade": "017",
        "Time": "2017-05-15 08:50:54",
        "Lines": "10"
      },
      {
        "Lat": 52.2386,
        "Lon": 20.9009,
        "Brigade": "017",
        "Time": "2017-05-15 08:51:05",
        "Lines": "10"
      },
      {
        "Lat": 52.2386,
        "Lon": 20.9009,
        "Brigade": "017",
        "Time": "2017-05-15 08:51:15",
        "Lines": "10"
      },
      {
        "Lat": 52.2386,
        "Lon": 20.9009,
        "Brigade": "017",
        "Time": "2017-05-15 08:51:25",
        "Lines": "10"
      },
      {
        "Lat": 52.2386,
        "Lon": 20.9009,
        "Brigade": "017",
        "Time": "2017-05-15 08:51:35",
        "Lines": "10"
      },
      {
        "Lat": 52.2386,
        "Lon": 20.9009,
        "Brigade": "017",
        "Time": "2017-05-15 08:51:46",
        "Lines": "10"
      },
      {
        "Lat": 52.2386,
        "Lon": 20.9009,
        "Brigade": "017",
        "Time": "2017-05-15 08:51:56",
        "Lines": "10"
      },
      {
        "Lat": 52.2386,
        "Lon": 20.9009,
        "Brigade": "017",
        "Time": "2017-05-15 08:52:12",
        "Lines": "10"
      },
      {
        "Lat": 52.2386,
        "Lon": 20.9009,
        "Brigade": "017",
        "Time": "2017-05-15 08:52:22",
        "Lines": "10"
      },
      {
        "Lat": 52.2386,
        "Lon": 20.9009,
        "Brigade": "017",
        "Time": "2017-05-15 08:52:32",
        "Lines": "10"
      },
      {
        "Lat": 52.2386,
        "Lon": 20.9009,
        "Brigade": "017",
        "Time": "2017-05-15 08:52:42",
        "Lines": "10"
      },
      {
        "Lat": 52.2386,
        "Lon": 20.9009,
        "Brigade": "017",
        "Time": "2017-05-15 08:52:53",
        "Lines": "10"
      },
      {
        "Lat": 52.2386,
        "Lon": 20.9009,
        "Brigade": "017",
        "Time": "2017-05-15 08:53:03",
        "Lines": "10"
      },
      {
        "Lat": 52.2386,
        "Lon": 20.9009,
        "Brigade": "017",
        "Time": "2017-05-15 08:53:13",
        "Lines": "10"
      },
      {
        "Lat": 52.2386,
        "Lon": 20.9009,
        "Brigade": "017",
        "Time": "2017-05-15 08:53:24",
        "Lines": "10"
      },
      {
        "Lat": 52.2386,
        "Lon": 20.9009,
        "Brigade": "017",
        "Time": "2017-05-15 08:53:39",
        "Lines": "10"
      },
      {
        "Lat": 52.2386,
        "Lon": 20.9009,
        "Brigade": "017",
        "Time": "2017-05-15 08:53:49",
        "Lines": "10"
      },
      {
        "Lat": 52.2386,
        "Lon": 20.9009,
        "Brigade": "017",
        "Time": "2017-05-15 08:54:00",
        "Lines": "10"
      },
      {
        "Lat": 52.2386,
        "Lon": 20.9009,
        "Brigade": "017",
        "Time": "2017-05-15 08:54:10",
        "Lines": "10"
      },
      {
        "Lat": 52.2386,
        "Lon": 20.9009,
        "Brigade": "017",
        "Time": "2017-05-15 08:54:25",
        "Lines": "10"
      },
      {
        "Lat": 52.2386,
        "Lon": 20.9009,
        "Brigade": "017",
        "Time": "2017-05-15 08:54:36",
        "Lines": "10"
      },
      {
        "Lat": 52.2386,
        "Lon": 20.9009,
        "Brigade": "017",
        "Time": "2017-05-15 08:54:46",
        "Lines": "10"
      },
      {
        "Lat": 52.2386,
        "Lon": 20.9009,
        "Brigade": "017",
        "Time": "2017-05-15 08:54:56",
        "Lines": "10"
      },
      {
        "Lat": 52.2386,
        "Lon": 20.9009,
        "Brigade": "017",
        "Time": "2017-05-15 08:55:06",
        "Lines": "10"
      },
      {
        "Lat": 52.2388,
        "Lon": 20.9014,
        "Brigade": "017",
        "Time": "2017-05-15 08:55:17",
        "Lines": "10"
      },
      {
        "Lat": 52.239,
        "Lon": 20.9014,
        "Brigade": "017",
        "Time": "2017-05-15 08:55:27",
        "Lines": "10"
      },
      {
        "Lat": 52.239,
        "Lon": 20.9014,
        "Brigade": "017",
        "Time": "2017-05-15 08:55:37",
        "Lines": "10"
      },
      {
        "Lat": 52.2392,
        "Lon": 20.9022,
        "Brigade": "017",
        "Time": "2017-05-15 08:55:53",
        "Lines": "10"
      },
      {
        "Lat": 52.2391,
        "Lon": 20.9032,
        "Brigade": "017",
        "Time": "2017-05-15 08:56:03",
        "Lines": "10"
      },
      {
        "Lat": 52.2391,
        "Lon": 20.9032,
        "Brigade": "017",
        "Time": "2017-05-15 08:56:13",
        "Lines": "10"
      },
      {
        "Lat": 52.2391,
        "Lon": 20.9032,
        "Brigade": "017",
        "Time": "2017-05-15 08:56:24",
        "Lines": "10"
      },
      {
        "Lat": 52.2391,
        "Lon": 20.9032,
        "Brigade": "017",
        "Time": "2017-05-15 08:56:34",
        "Lines": "10"
      },
      {
        "Lat": 52.2391,
        "Lon": 20.9032,
        "Brigade": "017",
        "Time": "2017-05-15 08:56:44",
        "Lines": "10"
      },
      {
        "Lat": 52.2391,
        "Lon": 20.904,
        "Brigade": "017",
        "Time": "2017-05-15 08:56:55",
        "Lines": "10"
      },
      {
        "Lat": 52.239,
        "Lon": 20.9056,
        "Brigade": "017",
        "Time": "2017-05-15 08:57:10",
        "Lines": "10"
      },
      {
        "Lat": 52.239,
        "Lon": 20.9056,
        "Brigade": "017",
        "Time": "2017-05-15 08:57:15",
        "Lines": "10"
      },
      {
        "Lat": 52.239,
        "Lon": 20.9056,
        "Brigade": "017",
        "Time": "2017-05-15 08:57:31",
        "Lines": "10"
      },
      {
        "Lat": 52.2389,
        "Lon": 20.9067,
        "Brigade": "017",
        "Time": "2017-05-15 08:57:41",
        "Lines": "10"
      },
      {
        "Lat": 52.2388,
        "Lon": 20.9086,
        "Brigade": "017",
        "Time": "2017-05-15 08:57:51",
        "Lines": "10"
      },
      {
        "Lat": 52.2389,
        "Lon": 20.9105,
        "Brigade": "017",
        "Time": "2017-05-15 08:58:02",
        "Lines": "10"
      },
      {
        "Lat": 52.239,
        "Lon": 20.9114,
        "Brigade": "017",
        "Time": "2017-05-15 08:58:13",
        "Lines": "10"
      },
      {
        "Lat": 52.239,
        "Lon": 20.9125,
        "Brigade": "017",
        "Time": "2017-05-15 08:58:22",
        "Lines": "10"
      },
      {
        "Lat": 52.2389,
        "Lon": 20.9132,
        "Brigade": "017",
        "Time": "2017-05-15 08:58:35",
        "Lines": "10"
      },
      {
        "Lat": 52.2382,
        "Lon": 20.9134,
        "Brigade": "017",
        "Time": "2017-05-15 08:58:48",
        "Lines": "10"
      },
      {
        "Lat": 52.2382,
        "Lon": 20.9134,
        "Brigade": "017",
        "Time": "2017-05-15 08:58:58",
        "Lines": "10"
      },
      {
        "Lat": 52.2381,
        "Lon": 20.9134,
        "Brigade": "017",
        "Time": "2017-05-15 08:59:09",
        "Lines": "10"
      },
      {
        "Lat": 52.237,
        "Lon": 20.9138,
        "Brigade": "017",
        "Time": "2017-05-15 08:59:19",
        "Lines": "10"
      },
      {
        "Lat": 52.2359,
        "Lon": 20.9142,
        "Brigade": "017",
        "Time": "2017-05-15 08:59:29",
        "Lines": "10"
      },
      {
        "Lat": 52.2353,
        "Lon": 20.9144,
        "Brigade": "017",
        "Time": "2017-05-15 08:59:40",
        "Lines": "10"
      },
      {
        "Lat": 52.2353,
        "Lon": 20.9144,
        "Brigade": "017",
        "Time": "2017-05-15 08:59:50",
        "Lines": "10"
      },
      {
        "Lat": 52.2349,
        "Lon": 20.9145,
        "Brigade": "017",
        "Time": "2017-05-15 09:00:05",
        "Lines": "10"
      },
      {
        "Lat": 52.2338,
        "Lon": 20.9147,
        "Brigade": "017",
        "Time": "2017-05-15 09:00:15",
        "Lines": "10"
      },
      {
        "Lat": 52.2325,
        "Lon": 20.9148,
        "Brigade": "017",
        "Time": "2017-05-15 09:00:26",
        "Lines": "10"
      },
      {
        "Lat": 52.2314,
        "Lon": 20.9149,
        "Brigade": "017",
        "Time": "2017-05-15 09:00:36",
        "Lines": "10"
      },
      {
        "Lat": 52.2304,
        "Lon": 20.915,
        "Brigade": "017",
        "Time": "2017-05-15 09:00:46",
        "Lines": "10"
      },
      {
        "Lat": 52.23,
        "Lon": 20.915,
        "Brigade": "017",
        "Time": "2017-05-15 09:00:57",
        "Lines": "10"
      },
      {
        "Lat": 52.2296,
        "Lon": 20.9151,
        "Brigade": "017",
        "Time": "2017-05-15 09:01:07",
        "Lines": "10"
      },
      {
        "Lat": 52.2293,
        "Lon": 20.9152,
        "Brigade": "017",
        "Time": "2017-05-15 09:01:22",
        "Lines": "10"
      },
      {
        "Lat": 52.2293,
        "Lon": 20.9152,
        "Brigade": "017",
        "Time": "2017-05-15 09:01:33",
        "Lines": "10"
      },
      {
        "Lat": 52.2293,
        "Lon": 20.9152,
        "Brigade": "017",
        "Time": "2017-05-15 09:01:43",
        "Lines": "10"
      },
      {
        "Lat": 52.2291,
        "Lon": 20.9153,
        "Brigade": "017",
        "Time": "2017-05-15 09:01:53",
        "Lines": "10"
      },
      {
        "Lat": 52.2278,
        "Lon": 20.9156,
        "Brigade": "017",
        "Time": "2017-05-15 09:02:04",
        "Lines": "10"
      },
      {
        "Lat": 52.2254,
        "Lon": 20.9163,
        "Brigade": "017",
        "Time": "2017-05-15 09:02:25",
        "Lines": "10"
      },
      {
        "Lat": 52.2253,
        "Lon": 20.9163,
        "Brigade": "017",
        "Time": "2017-05-15 09:02:40",
        "Lines": "10"
      },
      {
        "Lat": 52.2252,
        "Lon": 20.9164,
        "Brigade": "017",
        "Time": "2017-05-15 09:02:50",
        "Lines": "10"
      },
      {
        "Lat": 52.224,
        "Lon": 20.9167,
        "Brigade": "017",
        "Time": "2017-05-15 09:03:00",
        "Lines": "10"
      },
      {
        "Lat": 52.2227,
        "Lon": 20.9171,
        "Brigade": "017",
        "Time": "2017-05-15 09:03:10",
        "Lines": "10"
      },
      {
        "Lat": 52.2217,
        "Lon": 20.917,
        "Brigade": "017",
        "Time": "2017-05-15 09:03:21",
        "Lines": "10"
      },
      {
        "Lat": 52.2211,
        "Lon": 20.9167,
        "Brigade": "017",
        "Time": "2017-05-15 09:03:32",
        "Lines": "10"
      },
      {
        "Lat": 52.2207,
        "Lon": 20.917,
        "Brigade": "017",
        "Time": "2017-05-15 09:03:41",
        "Lines": "10"
      },
      {
        "Lat": 52.2209,
        "Lon": 20.9186,
        "Brigade": "017",
        "Time": "2017-05-15 09:04:07",
        "Lines": "10"
      },
      {
        "Lat": 52.2209,
        "Lon": 20.9186,
        "Brigade": "017",
        "Time": "2017-05-15 09:04:17",
        "Lines": "10"
      },
      {
        "Lat": 52.221,
        "Lon": 20.919,
        "Brigade": "017",
        "Time": "2017-05-15 09:04:28",
        "Lines": "10"
      },
      {
        "Lat": 52.2215,
        "Lon": 20.9209,
        "Brigade": "017",
        "Time": "2017-05-15 09:04:38",
        "Lines": "10"
      },
      {
        "Lat": 52.2218,
        "Lon": 20.9224,
        "Brigade": "017",
        "Time": "2017-05-15 09:04:48",
        "Lines": "10"
      },
      {
        "Lat": 52.2219,
        "Lon": 20.9226,
        "Brigade": "017",
        "Time": "2017-05-15 09:04:59",
        "Lines": "10"
      },
      {
        "Lat": 52.2219,
        "Lon": 20.9226,
        "Brigade": "017",
        "Time": "2017-05-15 09:05:09",
        "Lines": "10"
      },
      {
        "Lat": 52.2219,
        "Lon": 20.9226,
        "Brigade": "017",
        "Time": "2017-05-15 09:05:24",
        "Lines": "10"
      },
      {
        "Lat": 52.2219,
        "Lon": 20.9226,
        "Brigade": "017",
        "Time": "2017-05-15 09:05:35",
        "Lines": "10"
      },
      {
        "Lat": 52.2222,
        "Lon": 20.9239,
        "Brigade": "017",
        "Time": "2017-05-15 09:05:45",
        "Lines": "10"
      },
      {
        "Lat": 52.2226,
        "Lon": 20.9255,
        "Brigade": "017",
        "Time": "2017-05-15 09:05:55",
        "Lines": "10"
      },
      {
        "Lat": 52.223,
        "Lon": 20.9274,
        "Brigade": "017",
        "Time": "2017-05-15 09:06:09",
        "Lines": "10"
      },
      {
        "Lat": 52.2234,
        "Lon": 20.9291,
        "Brigade": "017",
        "Time": "2017-05-15 09:06:16",
        "Lines": "10"
      },
      {
        "Lat": 52.2235,
        "Lon": 20.9295,
        "Brigade": "017",
        "Time": "2017-05-15 09:06:26",
        "Lines": "10"
      },
      {
        "Lat": 52.2235,
        "Lon": 20.9295,
        "Brigade": "017",
        "Time": "2017-05-15 09:06:42",
        "Lines": "10"
      },
      {
        "Lat": 52.2237,
        "Lon": 20.9307,
        "Brigade": "017",
        "Time": "2017-05-15 09:06:52",
        "Lines": "10"
      },
      {
        "Lat": 52.2241,
        "Lon": 20.932,
        "Brigade": "017",
        "Time": "2017-05-15 09:07:02",
        "Lines": "10"
      },
      {
        "Lat": 52.2243,
        "Lon": 20.9329,
        "Brigade": "017",
        "Time": "2017-05-15 09:07:13",
        "Lines": "10"
      },
      {
        "Lat": 52.2248,
        "Lon": 20.9344,
        "Brigade": "017",
        "Time": "2017-05-15 09:07:23",
        "Lines": "10"
      },
      {
        "Lat": 52.2251,
        "Lon": 20.9356,
        "Brigade": "017",
        "Time": "2017-05-15 09:07:35",
        "Lines": "10"
      },
      {
        "Lat": 52.2252,
        "Lon": 20.9358,
        "Brigade": "017",
        "Time": "2017-05-15 09:07:43",
        "Lines": "10"
      },
      {
        "Lat": 52.2252,
        "Lon": 20.9358,
        "Brigade": "017",
        "Time": "2017-05-15 09:07:59",
        "Lines": "10"
      },
      {
        "Lat": 52.2252,
        "Lon": 20.9358,
        "Brigade": "017",
        "Time": "2017-05-15 09:08:09",
        "Lines": "10"
      },
      {
        "Lat": 52.2252,
        "Lon": 20.9358,
        "Brigade": "017",
        "Time": "2017-05-15 09:08:19",
        "Lines": "10"
      },
      {
        "Lat": 52.2254,
        "Lon": 20.9365,
        "Brigade": "017",
        "Time": "2017-05-15 09:08:30",
        "Lines": "10"
      },
      {
        "Lat": 52.2256,
        "Lon": 20.9372,
        "Brigade": "017",
        "Time": "2017-05-15 09:08:40",
        "Lines": "10"
      },
      {
        "Lat": 52.2256,
        "Lon": 20.9372,
        "Brigade": "017",
        "Time": "2017-05-15 09:08:53",
        "Lines": "10"
      },
      {
        "Lat": 52.2256,
        "Lon": 20.9372,
        "Brigade": "017",
        "Time": "2017-05-15 09:09:01",
        "Lines": "10"
      },
      {
        "Lat": 52.2258,
        "Lon": 20.938,
        "Brigade": "017",
        "Time": "2017-05-15 09:09:11",
        "Lines": "10"
      },
      {
        "Lat": 52.2262,
        "Lon": 20.9404,
        "Brigade": "017",
        "Time": "2017-05-15 09:09:26",
        "Lines": "10"
      },
      {
        "Lat": 52.2265,
        "Lon": 20.9417,
        "Brigade": "017",
        "Time": "2017-05-15 09:09:37",
        "Lines": "10"
      },
      {
        "Lat": 52.2266,
        "Lon": 20.9422,
        "Brigade": "017",
        "Time": "2017-05-15 09:09:47",
        "Lines": "10"
      },
      {
        "Lat": 52.2266,
        "Lon": 20.9422,
        "Brigade": "017",
        "Time": "2017-05-15 09:09:57",
        "Lines": "10"
      },
      {
        "Lat": 52.2266,
        "Lon": 20.9425,
        "Brigade": "017",
        "Time": "2017-05-15 09:10:08",
        "Lines": "10"
      },
      {
        "Lat": 52.2267,
        "Lon": 20.9436,
        "Brigade": "017",
        "Time": "2017-05-15 09:10:18",
        "Lines": "10"
      },
      {
        "Lat": 52.2269,
        "Lon": 20.9448,
        "Brigade": "017",
        "Time": "2017-05-15 09:10:28",
        "Lines": "10"
      },
      {
        "Lat": 52.2278,
        "Lon": 20.9469,
        "Brigade": "017",
        "Time": "2017-05-15 09:10:44",
        "Lines": "10"
      },
      {
        "Lat": 52.2285,
        "Lon": 20.9486,
        "Brigade": "017",
        "Time": "2017-05-15 09:10:54",
        "Lines": "10"
      },
      {
        "Lat": 52.2289,
        "Lon": 20.9494,
        "Brigade": "017",
        "Time": "2017-05-15 09:11:04",
        "Lines": "10"
      },
      {
        "Lat": 52.229,
        "Lon": 20.9494,
        "Brigade": "017",
        "Time": "2017-05-15 09:11:15",
        "Lines": "10"
      },
      {
        "Lat": 52.229,
        "Lon": 20.9494,
        "Brigade": "017",
        "Time": "2017-05-15 09:11:25",
        "Lines": "10"
      },
      {
        "Lat": 52.229,
        "Lon": 20.9494,
        "Brigade": "017",
        "Time": "2017-05-15 09:11:36",
        "Lines": "10"
      },
      {
        "Lat": 52.2291,
        "Lon": 20.9496,
        "Brigade": "017",
        "Time": "2017-05-15 09:11:41",
        "Lines": "10"
      },
      {
        "Lat": 52.2297,
        "Lon": 20.9518,
        "Brigade": "017",
        "Time": "2017-05-15 09:12:01",
        "Lines": "10"
      },
      {
        "Lat": 52.2297,
        "Lon": 20.9518,
        "Brigade": "017",
        "Time": "2017-05-15 09:12:11",
        "Lines": "10"
      },
      {
        "Lat": 52.2297,
        "Lon": 20.9518,
        "Brigade": "017",
        "Time": "2017-05-15 09:12:21",
        "Lines": "10"
      },
      {
        "Lat": 52.2299,
        "Lon": 20.9526,
        "Brigade": "017",
        "Time": "2017-05-15 09:12:32",
        "Lines": "10"
      },
      {
        "Lat": 52.2305,
        "Lon": 20.9542,
        "Brigade": "017",
        "Time": "2017-05-15 09:12:42",
        "Lines": "10"
      },
      {
        "Lat": 52.2309,
        "Lon": 20.9555,
        "Brigade": "017",
        "Time": "2017-05-15 09:12:52",
        "Lines": "10"
      },
      {
        "Lat": 52.2309,
        "Lon": 20.9557,
        "Brigade": "017",
        "Time": "2017-05-15 09:13:03",
        "Lines": "10"
      },
      {
        "Lat": 52.2309,
        "Lon": 20.9557,
        "Brigade": "017",
        "Time": "2017-05-15 09:13:18",
        "Lines": "10"
      },
      {
        "Lat": 52.2309,
        "Lon": 20.9557,
        "Brigade": "017",
        "Time": "2017-05-15 09:13:28",
        "Lines": "10"
      },
      {
        "Lat": 52.231,
        "Lon": 20.956,
        "Brigade": "017",
        "Time": "2017-05-15 09:13:39",
        "Lines": "10"
      },
      {
        "Lat": 52.2314,
        "Lon": 20.9572,
        "Brigade": "017",
        "Time": "2017-05-15 09:13:49",
        "Lines": "10"
      },
      {
        "Lat": 52.2318,
        "Lon": 20.9589,
        "Brigade": "017",
        "Time": "2017-05-15 09:13:59",
        "Lines": "10"
      },
      {
        "Lat": 52.2322,
        "Lon": 20.9602,
        "Brigade": "017",
        "Time": "2017-05-15 09:14:09",
        "Lines": "10"
      },
      {
        "Lat": 52.2323,
        "Lon": 20.9605,
        "Brigade": "017",
        "Time": "2017-05-15 09:14:25",
        "Lines": "10"
      },
      {
        "Lat": 52.2323,
        "Lon": 20.9605,
        "Brigade": "017",
        "Time": "2017-05-15 09:14:30",
        "Lines": "10"
      },
      {
        "Lat": 52.2323,
        "Lon": 20.9605,
        "Brigade": "017",
        "Time": "2017-05-15 09:14:46",
        "Lines": "10"
      },
      {
        "Lat": 52.2327,
        "Lon": 20.9617,
        "Brigade": "017",
        "Time": "2017-05-15 09:14:56",
        "Lines": "10"
      },
      {
        "Lat": 52.2331,
        "Lon": 20.9636,
        "Brigade": "017",
        "Time": "2017-05-15 09:15:06",
        "Lines": "10"
      },
      {
        "Lat": 52.2335,
        "Lon": 20.9656,
        "Brigade": "017",
        "Time": "2017-05-15 09:15:17",
        "Lines": "10"
      },
      {
        "Lat": 52.2337,
        "Lon": 20.9671,
        "Brigade": "017",
        "Time": "2017-05-15 09:15:27",
        "Lines": "10"
      },
      {
        "Lat": 52.2337,
        "Lon": 20.9673,
        "Brigade": "017",
        "Time": "2017-05-15 09:15:37",
        "Lines": "10"
      },
      {
        "Lat": 52.2337,
        "Lon": 20.9673,
        "Brigade": "017",
        "Time": "2017-05-15 09:15:52",
        "Lines": "10"
      },
      {
        "Lat": 52.2337,
        "Lon": 20.9675,
        "Brigade": "017",
        "Time": "2017-05-15 09:16:03",
        "Lines": "10"
      },
      {
        "Lat": 52.2338,
        "Lon": 20.9676,
        "Brigade": "017",
        "Time": "2017-05-15 09:16:13",
        "Lines": "10"
      },
      {
        "Lat": 52.2338,
        "Lon": 20.9678,
        "Brigade": "017",
        "Time": "2017-05-15 09:16:23",
        "Lines": "10"
      },
      {
        "Lat": 52.2336,
        "Lon": 20.9683,
        "Brigade": "017",
        "Time": "2017-05-15 09:16:34",
        "Lines": "10"
      },
      {
        "Lat": 52.2329,
        "Lon": 20.9684,
        "Brigade": "017",
        "Time": "2017-05-15 09:16:44",
        "Lines": "10"
      },
      {
        "Lat": 52.2319,
        "Lon": 20.9688,
        "Brigade": "017",
        "Time": "2017-05-15 09:16:59",
        "Lines": "10"
      },
      {
        "Lat": 52.2317,
        "Lon": 20.9688,
        "Brigade": "017",
        "Time": "2017-05-15 09:17:10",
        "Lines": "10"
      },
      {
        "Lat": 52.2317,
        "Lon": 20.9688,
        "Brigade": "017",
        "Time": "2017-05-15 09:17:20",
        "Lines": "10"
      },
      {
        "Lat": 52.2317,
        "Lon": 20.9688,
        "Brigade": "017",
        "Time": "2017-05-15 09:17:31",
        "Lines": "10"
      },
      {
        "Lat": 52.2316,
        "Lon": 20.9688,
        "Brigade": "017",
        "Time": "2017-05-15 09:17:38",
        "Lines": "10"
      },
      {
        "Lat": 52.2309,
        "Lon": 20.969,
        "Brigade": "017",
        "Time": "2017-05-15 09:17:51",
        "Lines": "10"
      },
      {
        "Lat": 52.2302,
        "Lon": 20.9693,
        "Brigade": "017",
        "Time": "2017-05-15 09:18:01",
        "Lines": "10"
      },
      {
        "Lat": 52.2292,
        "Lon": 20.9696,
        "Brigade": "017",
        "Time": "2017-05-15 09:18:17",
        "Lines": "10"
      },
      {
        "Lat": 52.2292,
        "Lon": 20.9696,
        "Brigade": "017",
        "Time": "2017-05-15 09:18:27",
        "Lines": "10"
      },
      {
        "Lat": 52.2292,
        "Lon": 20.9696,
        "Brigade": "017",
        "Time": "2017-05-15 09:18:37",
        "Lines": "10"
      },
      {
        "Lat": 52.229,
        "Lon": 20.9697,
        "Brigade": "017",
        "Time": "2017-05-15 09:19:14",
        "Lines": "10"
      },
      {
        "Lat": 52.2288,
        "Lon": 20.9703,
        "Brigade": "017",
        "Time": "2017-05-15 09:19:24",
        "Lines": "10"
      },
      {
        "Lat": 52.2289,
        "Lon": 20.972,
        "Brigade": "017",
        "Time": "2017-05-15 09:19:34",
        "Lines": "10"
      },
      {
        "Lat": 52.229,
        "Lon": 20.9741,
        "Brigade": "017",
        "Time": "2017-05-15 09:19:44",
        "Lines": "10"
      },
      {
        "Lat": 52.2291,
        "Lon": 20.9762,
        "Brigade": "017",
        "Time": "2017-05-15 09:19:55",
        "Lines": "10"
      },
      {
        "Lat": 52.2293,
        "Lon": 20.9778,
        "Brigade": "017",
        "Time": "2017-05-15 09:20:05",
        "Lines": "10"
      },
      {
        "Lat": 52.2293,
        "Lon": 20.9779,
        "Brigade": "017",
        "Time": "2017-05-15 09:20:16",
        "Lines": "10"
      },
      {
        "Lat": 52.2293,
        "Lon": 20.9779,
        "Brigade": "017",
        "Time": "2017-05-15 09:20:20",
        "Lines": "10"
      },
      {
        "Lat": 52.2293,
        "Lon": 20.978,
        "Brigade": "017",
        "Time": "2017-05-15 09:20:41",
        "Lines": "10"
      },
      {
        "Lat": 52.2293,
        "Lon": 20.978,
        "Brigade": "017",
        "Time": "2017-05-15 09:20:51",
        "Lines": "10"
      },
      {
        "Lat": 52.2293,
        "Lon": 20.978,
        "Brigade": "017",
        "Time": "2017-05-15 09:21:02",
        "Lines": "10"
      },
      {
        "Lat": 52.2294,
        "Lon": 20.979,
        "Brigade": "017",
        "Time": "2017-05-15 09:21:12",
        "Lines": "10"
      },
      {
        "Lat": 52.2295,
        "Lon": 20.9796,
        "Brigade": "017",
        "Time": "2017-05-15 09:21:22",
        "Lines": "10"
      },
      {
        "Lat": 52.2295,
        "Lon": 20.9796,
        "Brigade": "017",
        "Time": "2017-05-15 09:21:38",
        "Lines": "10"
      },
      {
        "Lat": 52.2296,
        "Lon": 20.9808,
        "Brigade": "017",
        "Time": "2017-05-15 09:21:48",
        "Lines": "10"
      },
      {
        "Lat": 52.23,
        "Lon": 20.9826,
        "Brigade": "017",
        "Time": "2017-05-15 09:21:58",
        "Lines": "10"
      },
      {
        "Lat": 52.2301,
        "Lon": 20.9836,
        "Brigade": "017",
        "Time": "2017-05-15 09:22:08",
        "Lines": "10"
      },
      {
        "Lat": 52.2302,
        "Lon": 20.9836,
        "Brigade": "017",
        "Time": "2017-05-15 09:22:19",
        "Lines": "10"
      },
      {
        "Lat": 52.2302,
        "Lon": 20.9836,
        "Brigade": "017",
        "Time": "2017-05-15 09:22:29",
        "Lines": "10"
      },
      {
        "Lat": 52.2303,
        "Lon": 20.9845,
        "Brigade": "017",
        "Time": "2017-05-15 09:22:39",
        "Lines": "10"
      },
      {
        "Lat": 52.2305,
        "Lon": 20.9855,
        "Brigade": "017",
        "Time": "2017-05-15 09:22:50",
        "Lines": "10"
      },
      {
        "Lat": 52.2308,
        "Lon": 20.9869,
        "Brigade": "017",
        "Time": "2017-05-15 09:23:05",
        "Lines": "10"
      },
      {
        "Lat": 52.2311,
        "Lon": 20.9884,
        "Brigade": "017",
        "Time": "2017-05-15 09:23:15",
        "Lines": "10"
      },
      {
        "Lat": 52.2314,
        "Lon": 20.99,
        "Brigade": "017",
        "Time": "2017-05-15 09:23:26",
        "Lines": "10"
      },
      {
        "Lat": 52.2317,
        "Lon": 20.9917,
        "Brigade": "017",
        "Time": "2017-05-15 09:23:36",
        "Lines": "10"
      },
      {
        "Lat": 52.232,
        "Lon": 20.9932,
        "Brigade": "017",
        "Time": "2017-05-15 09:23:46",
        "Lines": "10"
      },
      {
        "Lat": 52.2322,
        "Lon": 20.9938,
        "Brigade": "017",
        "Time": "2017-05-15 09:23:57",
        "Lines": "10"
      },
      {
        "Lat": 52.2322,
        "Lon": 20.9938,
        "Brigade": "017",
        "Time": "2017-05-15 09:24:07",
        "Lines": "10"
      },
      {
        "Lat": 52.2324,
        "Lon": 20.9946,
        "Brigade": "017",
        "Time": "2017-05-15 09:24:23",
        "Lines": "10"
      },
      {
        "Lat": 52.2325,
        "Lon": 20.9951,
        "Brigade": "017",
        "Time": "2017-05-15 09:24:28",
        "Lines": "10"
      },
      {
        "Lat": 52.2325,
        "Lon": 20.9953,
        "Brigade": "017",
        "Time": "2017-05-15 09:24:39",
        "Lines": "10"
      },
      {
        "Lat": 52.2329,
        "Lon": 20.9973,
        "Brigade": "017",
        "Time": "2017-05-15 09:25:05",
        "Lines": "10"
      },
      {
        "Lat": 52.233,
        "Lon": 20.9975,
        "Brigade": "017",
        "Time": "2017-05-15 09:25:15",
        "Lines": "10"
      },
      {
        "Lat": 52.233,
        "Lon": 20.9975,
        "Brigade": "017",
        "Time": "2017-05-15 09:25:26",
        "Lines": "10"
      },
      {
        "Lat": 52.233,
        "Lon": 20.9975,
        "Brigade": "017",
        "Time": "2017-05-15 09:25:36",
        "Lines": "10"
      },
      {
        "Lat": 52.233,
        "Lon": 20.9975,
        "Brigade": "017",
        "Time": "2017-05-15 09:25:47",
        "Lines": "10"
      },
      {
        "Lat": 52.233,
        "Lon": 20.9975,
        "Brigade": "017",
        "Time": "2017-05-15 09:26:03",
        "Lines": "10"
      },
      {
        "Lat": 52.233,
        "Lon": 20.9975,
        "Brigade": "017",
        "Time": "2017-05-15 09:26:08",
        "Lines": "10"
      },
      {
        "Lat": 52.2283,
        "Lon": 21.0015,
        "Brigade": "017",
        "Time": "2017-05-15 09:28:21",
        "Lines": "10"
      },
      {
        "Lat": 52.2283,
        "Lon": 21.0015,
        "Brigade": "017",
        "Time": "2017-05-15 09:28:37",
        "Lines": "10"
      },
      {
        "Lat": 52.2283,
        "Lon": 21.0015,
        "Brigade": "017",
        "Time": "2017-05-15 09:28:47",
        "Lines": "10"
      },
      {
        "Lat": 52.2283,
        "Lon": 21.0015,
        "Brigade": "017",
        "Time": "2017-05-15 09:28:57",
        "Lines": "10"
      },
      {
        "Lat": 52.228,
        "Lon": 21.0017,
        "Brigade": "017",
        "Time": "2017-05-15 09:29:13",
        "Lines": "10"
      },
      {
        "Lat": 52.2275,
        "Lon": 21.0021,
        "Brigade": "017",
        "Time": "2017-05-15 09:29:23",
        "Lines": "10"
      },
      {
        "Lat": 52.2266,
        "Lon": 21.0026,
        "Brigade": "017",
        "Time": "2017-05-15 09:29:33",
        "Lines": "10"
      },
      {
        "Lat": 52.225,
        "Lon": 21.0035,
        "Brigade": "017",
        "Time": "2017-05-15 09:29:49",
        "Lines": "10"
      },
      {
        "Lat": 52.224,
        "Lon": 21.0042,
        "Brigade": "017",
        "Time": "2017-05-15 09:29:59",
        "Lines": "10"
      },
      {
        "Lat": 52.2227,
        "Lon": 21.0047,
        "Brigade": "017",
        "Time": "2017-05-15 09:31:16",
        "Lines": "10"
      },
      {
        "Lat": 52.2216,
        "Lon": 21.0048,
        "Brigade": "017",
        "Time": "2017-05-15 09:31:26",
        "Lines": "10"
      },
      {
        "Lat": 52.2209,
        "Lon": 21.0048,
        "Brigade": "017",
        "Time": "2017-05-15 09:31:37",
        "Lines": "10"
      },
      {
        "Lat": 52.2208,
        "Lon": 21.0048,
        "Brigade": "017",
        "Time": "2017-05-15 09:31:47",
        "Lines": "10"
      },
      {
        "Lat": 52.2208,
        "Lon": 21.0048,
        "Brigade": "017",
        "Time": "2017-05-15 09:31:57",
        "Lines": "10"
      },
      {
        "Lat": 52.2208,
        "Lon": 21.0048,
        "Brigade": "017",
        "Time": "2017-05-15 09:32:13",
        "Lines": "10"
      },
      {
        "Lat": 52.2208,
        "Lon": 21.0048,
        "Brigade": "017",
        "Time": "2017-05-15 09:32:23",
        "Lines": "10"
      },
      {
        "Lat": 52.2207,
        "Lon": 21.0048,
        "Brigade": "017",
        "Time": "2017-05-15 09:32:33",
        "Lines": "10"
      },
      {
        "Lat": 52.2206,
        "Lon": 21.0048,
        "Brigade": "017",
        "Time": "2017-05-15 09:32:44",
        "Lines": "10"
      },
      {
        "Lat": 52.2206,
        "Lon": 21.0048,
        "Brigade": "017",
        "Time": "2017-05-15 09:32:54",
        "Lines": "10"
      },
      {
        "Lat": 52.2206,
        "Lon": 21.0048,
        "Brigade": "017",
        "Time": "2017-05-15 09:33:04",
        "Lines": "10"
      },
      {
        "Lat": 52.2206,
        "Lon": 21.0048,
        "Brigade": "017",
        "Time": "2017-05-15 09:33:14",
        "Lines": "10"
      },
      {
        "Lat": 52.2206,
        "Lon": 21.0048,
        "Brigade": "017",
        "Time": "2017-05-15 09:33:30",
        "Lines": "10"
      },
      {
        "Lat": 52.2206,
        "Lon": 21.0048,
        "Brigade": "017",
        "Time": "2017-05-15 09:33:40",
        "Lines": "10"
      },
      {
        "Lat": 52.2206,
        "Lon": 21.0048,
        "Brigade": "017",
        "Time": "2017-05-15 09:33:51",
        "Lines": "10"
      },
      {
        "Lat": 52.2206,
        "Lon": 21.0048,
        "Brigade": "017",
        "Time": "2017-05-15 09:34:01",
        "Lines": "10"
      },
      {
        "Lat": 52.2206,
        "Lon": 21.0048,
        "Brigade": "017",
        "Time": "2017-05-15 09:34:11",
        "Lines": "10"
      },
      {
        "Lat": 52.2204,
        "Lon": 21.0049,
        "Brigade": "017",
        "Time": "2017-05-15 09:34:21",
        "Lines": "10"
      },
      {
        "Lat": 52.2202,
        "Lon": 21.0056,
        "Brigade": "017",
        "Time": "2017-05-15 09:34:32",
        "Lines": "10"
      },
      {
        "Lat": 52.2202,
        "Lon": 21.0081,
        "Brigade": "017",
        "Time": "2017-05-15 09:34:47",
        "Lines": "10"
      },
      {
        "Lat": 52.2201,
        "Lon": 21.01,
        "Brigade": "017",
        "Time": "2017-05-15 09:34:57",
        "Lines": "10"
      },
      {
        "Lat": 52.2201,
        "Lon": 21.0107,
        "Brigade": "017",
        "Time": "2017-05-15 09:35:04",
        "Lines": "10"
      },
      {
        "Lat": 52.2201,
        "Lon": 21.0116,
        "Brigade": "017",
        "Time": "2017-05-15 09:35:18",
        "Lines": "10"
      },
      {
        "Lat": 52.2201,
        "Lon": 21.0116,
        "Brigade": "017",
        "Time": "2017-05-15 09:35:28",
        "Lines": "10"
      },
      {
        "Lat": 52.22,
        "Lon": 21.012,
        "Brigade": "017",
        "Time": "2017-05-15 09:35:38",
        "Lines": "10"
      },
      {
        "Lat": 52.22,
        "Lon": 21.0134,
        "Brigade": "017",
        "Time": "2017-05-15 09:35:49",
        "Lines": "10"
      },
      {
        "Lat": 52.2199,
        "Lon": 21.0154,
        "Brigade": "017",
        "Time": "2017-05-15 09:37:11",
        "Lines": "10"
      },
      {
        "Lat": 52.2198,
        "Lon": 21.0176,
        "Brigade": "017",
        "Time": "2017-05-15 09:37:33",
        "Lines": "10"
      },
      {
        "Lat": 52.2195,
        "Lon": 21.018,
        "Brigade": "017",
        "Time": "2017-05-15 09:37:42",
        "Lines": "10"
      },
      {
        "Lat": 52.2189,
        "Lon": 21.0184,
        "Brigade": "017",
        "Time": "2017-05-15 09:37:52",
        "Lines": "10"
      },
      {
        "Lat": 52.2181,
        "Lon": 21.0189,
        "Brigade": "017",
        "Time": "2017-05-15 09:38:03",
        "Lines": "10"
      },
      {
        "Lat": 52.2182,
        "Lon": 21.0189,
        "Brigade": "017",
        "Time": "2017-05-15 09:38:13",
        "Lines": "10"
      },
      {
        "Lat": 52.2181,
        "Lon": 21.019,
        "Brigade": "017",
        "Time": "2017-05-15 09:38:28",
        "Lines": "10"
      },
      {
        "Lat": 52.2177,
        "Lon": 21.0192,
        "Brigade": "017",
        "Time": "2017-05-15 09:38:39",
        "Lines": "10"
      },
      {
        "Lat": 52.2177,
        "Lon": 21.0192,
        "Brigade": "017",
        "Time": "2017-05-15 09:38:49",
        "Lines": "10"
      },
      {
        "Lat": 52.2174,
        "Lon": 21.0193,
        "Brigade": "017",
        "Time": "2017-05-15 09:38:59",
        "Lines": "10"
      },
      {
        "Lat": 52.2166,
        "Lon": 21.0199,
        "Brigade": "017",
        "Time": "2017-05-15 09:39:09",
        "Lines": "10"
      },
      {
        "Lat": 52.2155,
        "Lon": 21.0205,
        "Brigade": "017",
        "Time": "2017-05-15 09:39:20",
        "Lines": "10"
      },
      {
        "Lat": 52.2147,
        "Lon": 21.0209,
        "Brigade": "017",
        "Time": "2017-05-15 09:39:30",
        "Lines": "10"
      },
      {
        "Lat": 52.2143,
        "Lon": 21.0211,
        "Brigade": "017",
        "Time": "2017-05-15 09:39:45",
        "Lines": "10"
      },
      {
        "Lat": 52.2143,
        "Lon": 21.0211,
        "Brigade": "017",
        "Time": "2017-05-15 09:39:56",
        "Lines": "10"
      },
      {
        "Lat": 52.2143,
        "Lon": 21.0212,
        "Brigade": "017",
        "Time": "2017-05-15 09:40:01",
        "Lines": "10"
      },
      {
        "Lat": 52.2132,
        "Lon": 21.0212,
        "Brigade": "017",
        "Time": "2017-05-15 09:40:16",
        "Lines": "10"
      },
      {
        "Lat": 52.2124,
        "Lon": 21.0208,
        "Brigade": "017",
        "Time": "2017-05-15 09:40:27",
        "Lines": "10"
      },
      {
        "Lat": 52.2122,
        "Lon": 21.0207,
        "Brigade": "017",
        "Time": "2017-05-15 09:40:37",
        "Lines": "10"
      },
      {
        "Lat": 52.2122,
        "Lon": 21.0207,
        "Brigade": "017",
        "Time": "2017-05-15 09:40:47",
        "Lines": "10"
      },
      {
        "Lat": 52.2122,
        "Lon": 21.0207,
        "Brigade": "017",
        "Time": "2017-05-15 09:41:03",
        "Lines": "10"
      },
      {
        "Lat": 52.212,
        "Lon": 21.0206,
        "Brigade": "017",
        "Time": "2017-05-15 09:41:13",
        "Lines": "10"
      },
      {
        "Lat": 52.2112,
        "Lon": 21.0205,
        "Brigade": "017",
        "Time": "2017-05-15 09:41:23",
        "Lines": "10"
      },
      {
        "Lat": 52.2103,
        "Lon": 21.0209,
        "Brigade": "017",
        "Time": "2017-05-15 09:41:34",
        "Lines": "10"
      },
      {
        "Lat": 52.21,
        "Lon": 21.0211,
        "Brigade": "017",
        "Time": "2017-05-15 09:41:44",
        "Lines": "10"
      },
      {
        "Lat": 52.21,
        "Lon": 21.0211,
        "Brigade": "017",
        "Time": "2017-05-15 09:41:54",
        "Lines": "10"
      },
      {
        "Lat": 52.21,
        "Lon": 21.0211,
        "Brigade": "017",
        "Time": "2017-05-15 09:42:04",
        "Lines": "10"
      },
      {
        "Lat": 52.21,
        "Lon": 21.0211,
        "Brigade": "017",
        "Time": "2017-05-15 09:42:20",
        "Lines": "10"
      },
      {
        "Lat": 52.2099,
        "Lon": 21.0211,
        "Brigade": "017",
        "Time": "2017-05-15 09:42:30",
        "Lines": "10"
      },
      {
        "Lat": 52.2093,
        "Lon": 21.0213,
        "Brigade": "017",
        "Time": "2017-05-15 09:42:40",
        "Lines": "10"
      },
      {
        "Lat": 52.2091,
        "Lon": 21.0214,
        "Brigade": "017",
        "Time": "2017-05-15 09:42:51",
        "Lines": "10"
      },
      {
        "Lat": 52.2091,
        "Lon": 21.0214,
        "Brigade": "017",
        "Time": "2017-05-15 09:43:01",
        "Lines": "10"
      },
      {
        "Lat": 52.2088,
        "Lon": 21.0215,
        "Brigade": "017",
        "Time": "2017-05-15 09:43:11",
        "Lines": "10"
      },
      {
        "Lat": 52.2083,
        "Lon": 21.0217,
        "Brigade": "017",
        "Time": "2017-05-15 09:43:17",
        "Lines": "10"
      },
      {
        "Lat": 52.2055,
        "Lon": 21.0228,
        "Brigade": "017",
        "Time": "2017-05-15 09:44:39",
        "Lines": "10"
      },
      {
        "Lat": 52.2049,
        "Lon": 21.0229,
        "Brigade": "017",
        "Time": "2017-05-15 09:44:50",
        "Lines": "10"
      },
      {
        "Lat": 52.2048,
        "Lon": 21.0229,
        "Brigade": "017",
        "Time": "2017-05-15 09:45:05",
        "Lines": "10"
      },
      {
        "Lat": 52.2044,
        "Lon": 21.023,
        "Brigade": "017",
        "Time": "2017-05-15 09:45:15",
        "Lines": "10"
      },
      {
        "Lat": 52.2034,
        "Lon": 21.0232,
        "Brigade": "017",
        "Time": "2017-05-15 09:45:25",
        "Lines": "10"
      },
      {
        "Lat": 52.2027,
        "Lon": 21.0233,
        "Brigade": "017",
        "Time": "2017-05-15 09:45:35",
        "Lines": "10"
      },
      {
        "Lat": 52.2023,
        "Lon": 21.0234,
        "Brigade": "017",
        "Time": "2017-05-15 09:45:46",
        "Lines": "10"
      },
      {
        "Lat": 52.2022,
        "Lon": 21.0234,
        "Brigade": "017",
        "Time": "2017-05-15 09:45:58",
        "Lines": "10"
      },
      {
        "Lat": 52.202,
        "Lon": 21.0235,
        "Brigade": "017",
        "Time": "2017-05-15 09:46:12",
        "Lines": "10"
      },
      {
        "Lat": 52.2016,
        "Lon": 21.0235,
        "Brigade": "017",
        "Time": "2017-05-15 09:46:17",
        "Lines": "10"
      },
      {
        "Lat": 52.2007,
        "Lon": 21.0236,
        "Brigade": "017",
        "Time": "2017-05-15 09:46:32",
        "Lines": "10"
      },
      {
        "Lat": 52.2006,
        "Lon": 21.0237,
        "Brigade": "017",
        "Time": "2017-05-15 09:46:37",
        "Lines": "10"
      },
      {
        "Lat": 52.2001,
        "Lon": 21.0237,
        "Brigade": "017",
        "Time": "2017-05-15 09:46:54",
        "Lines": "10"
      },
      {
        "Lat": 52.1991,
        "Lon": 21.0239,
        "Brigade": "017",
        "Time": "2017-05-15 09:47:03",
        "Lines": "10"
      },
      {
        "Lat": 52.1981,
        "Lon": 21.024,
        "Brigade": "017",
        "Time": "2017-05-15 09:47:13",
        "Lines": "10"
      },
      {
        "Lat": 52.1972,
        "Lon": 21.0241,
        "Brigade": "017",
        "Time": "2017-05-15 09:47:24",
        "Lines": "10"
      },
      {
        "Lat": 52.1968,
        "Lon": 21.0241,
        "Brigade": "017",
        "Time": "2017-05-15 09:47:34",
        "Lines": "10"
      },
      {
        "Lat": 52.1968,
        "Lon": 21.0241,
        "Brigade": "017",
        "Time": "2017-05-15 09:47:44",
        "Lines": "10"
      },
      {
        "Lat": 52.1967,
        "Lon": 21.0241,
        "Brigade": "017",
        "Time": "2017-05-15 09:48:00",
        "Lines": "10"
      },
      {
        "Lat": 52.196,
        "Lon": 21.0242,
        "Brigade": "017",
        "Time": "2017-05-15 09:48:10",
        "Lines": "10"
      },
      {
        "Lat": 52.1951,
        "Lon": 21.0242,
        "Brigade": "017",
        "Time": "2017-05-15 09:48:20",
        "Lines": "10"
      },
      {
        "Lat": 52.1949,
        "Lon": 21.0242,
        "Brigade": "017",
        "Time": "2017-05-15 09:48:30",
        "Lines": "10"
      },
      {
        "Lat": 52.1931,
        "Lon": 21.0243,
        "Brigade": "017",
        "Time": "2017-05-15 09:49:48",
        "Lines": "10"
      },
      {
        "Lat": 52.1921,
        "Lon": 21.0244,
        "Brigade": "017",
        "Time": "2017-05-15 09:49:58",
        "Lines": "10"
      },
      {
        "Lat": 52.191,
        "Lon": 21.0245,
        "Brigade": "017",
        "Time": "2017-05-15 09:50:08",
        "Lines": "10"
      },
      {
        "Lat": 52.1905,
        "Lon": 21.0245,
        "Brigade": "017",
        "Time": "2017-05-15 09:50:24",
        "Lines": "10"
      },
      {
        "Lat": 52.1905,
        "Lon": 21.0245,
        "Brigade": "017",
        "Time": "2017-05-15 09:50:34",
        "Lines": "10"
      },
      {
        "Lat": 52.1904,
        "Lon": 21.0245,
        "Brigade": "017",
        "Time": "2017-05-15 09:50:44",
        "Lines": "10"
      },
      {
        "Lat": 52.1902,
        "Lon": 21.0245,
        "Brigade": "017",
        "Time": "2017-05-15 09:50:56",
        "Lines": "10"
      },
      {
        "Lat": 52.1902,
        "Lon": 21.0245,
        "Brigade": "017",
        "Time": "2017-05-15 09:51:06",
        "Lines": "10"
      },
      {
        "Lat": 52.1902,
        "Lon": 21.0245,
        "Brigade": "017",
        "Time": "2017-05-15 09:51:15",
        "Lines": "10"
      },
      {
        "Lat": 52.1902,
        "Lon": 21.0245,
        "Brigade": "017",
        "Time": "2017-05-15 09:51:31",
        "Lines": "10"
      },
      {
        "Lat": 52.1901,
        "Lon": 21.0245,
        "Brigade": "017",
        "Time": "2017-05-15 09:51:42",
        "Lines": "10"
      },
      {
        "Lat": 52.1899,
        "Lon": 21.0243,
        "Brigade": "017",
        "Time": "2017-05-15 09:51:46",
        "Lines": "10"
      },
      {
        "Lat": 52.1898,
        "Lon": 21.0235,
        "Brigade": "017",
        "Time": "2017-05-15 09:51:56",
        "Lines": "10"
      },
      {
        "Lat": 52.1898,
        "Lon": 21.0235,
        "Brigade": "017",
        "Time": "2017-05-15 09:52:12",
        "Lines": "10"
      },
      {
        "Lat": 52.1898,
        "Lon": 21.0228,
        "Brigade": "017",
        "Time": "2017-05-15 09:52:22",
        "Lines": "10"
      },
      {
        "Lat": 52.1896,
        "Lon": 21.0216,
        "Brigade": "017",
        "Time": "2017-05-15 09:52:32",
        "Lines": "10"
      },
      {
        "Lat": 52.1895,
        "Lon": 21.0207,
        "Brigade": "017",
        "Time": "2017-05-15 09:52:48",
        "Lines": "10"
      },
      {
        "Lat": 52.1894,
        "Lon": 21.0204,
        "Brigade": "017",
        "Time": "2017-05-15 09:52:53",
        "Lines": "10"
      },
      {
        "Lat": 52.1893,
        "Lon": 21.0196,
        "Brigade": "017",
        "Time": "2017-05-15 09:53:10",
        "Lines": "10"
      },
      {
        "Lat": 52.1892,
        "Lon": 21.0191,
        "Brigade": "017",
        "Time": "2017-05-15 09:53:19",
        "Lines": "10"
      },
      {
        "Lat": 52.1891,
        "Lon": 21.0181,
        "Brigade": "017",
        "Time": "2017-05-15 09:53:29",
        "Lines": "10"
      },
      {
        "Lat": 52.1891,
        "Lon": 21.0179,
        "Brigade": "017",
        "Time": "2017-05-15 09:53:39",
        "Lines": "10"
      },
      {
        "Lat": 52.1891,
        "Lon": 21.0179,
        "Brigade": "017",
        "Time": "2017-05-15 09:53:50",
        "Lines": "10"
      },
      {
        "Lat": 52.1891,
        "Lon": 21.0179,
        "Brigade": "017",
        "Time": "2017-05-15 09:54:00",
        "Lines": "10"
      },
      {
        "Lat": 52.189,
        "Lon": 21.017,
        "Brigade": "017",
        "Time": "2017-05-15 09:54:15",
        "Lines": "10"
      },
      {
        "Lat": 52.1889,
        "Lon": 21.0149,
        "Brigade": "017",
        "Time": "2017-05-15 09:54:26",
        "Lines": "10"
      },
      {
        "Lat": 52.1889,
        "Lon": 21.0129,
        "Brigade": "017",
        "Time": "2017-05-15 09:54:36",
        "Lines": "10"
      },
      {
        "Lat": 52.1889,
        "Lon": 21.012,
        "Brigade": "017",
        "Time": "2017-05-15 09:54:47",
        "Lines": "10"
      },
      {
        "Lat": 52.1889,
        "Lon": 21.012,
        "Brigade": "017",
        "Time": "2017-05-15 09:54:57",
        "Lines": "10"
      },
      {
        "Lat": 52.1889,
        "Lon": 21.012,
        "Brigade": "017",
        "Time": "2017-05-15 09:55:07",
        "Lines": "10"
      },
      {
        "Lat": 52.1889,
        "Lon": 21.012,
        "Brigade": "017",
        "Time": "2017-05-15 09:55:22",
        "Lines": "10"
      },
      {
        "Lat": 52.1889,
        "Lon": 21.0116,
        "Brigade": "017",
        "Time": "2017-05-15 09:55:33",
        "Lines": "10"
      },
      {
        "Lat": 52.1889,
        "Lon": 21.0097,
        "Brigade": "017",
        "Time": "2017-05-15 09:55:43",
        "Lines": "10"
      },
      {
        "Lat": 52.1889,
        "Lon": 21.008,
        "Brigade": "017",
        "Time": "2017-05-15 09:55:53",
        "Lines": "10"
      },
      {
        "Lat": 52.1889,
        "Lon": 21.0077,
        "Brigade": "017",
        "Time": "2017-05-15 09:56:03",
        "Lines": "10"
      },
      {
        "Lat": 52.1889,
        "Lon": 21.0077,
        "Brigade": "017",
        "Time": "2017-05-15 09:56:14",
        "Lines": "10"
      },
      {
        "Lat": 52.1889,
        "Lon": 21.0077,
        "Brigade": "017",
        "Time": "2017-05-15 09:56:24",
        "Lines": "10"
      }
    ]
  }
]
