[
  {
    "res": [
      {
        "Lat": 52.2291,
        "Lon": 20.9696,
        "Brigade": "043",
        "Time": "2017-05-15 08:02:17",
        "Lines": "10"
      },
      {
        "Lat": 52.2291,
        "Lon": 20.9696,
        "Brigade": "043",
        "Time": "2017-05-15 08:02:27",
        "Lines": "10"
      },
      {
        "Lat": 52.2288,
        "Lon": 20.9707,
        "Brigade": "043",
        "Time": "2017-05-15 08:02:42",
        "Lines": "10"
      },
      {
        "Lat": 52.2289,
        "Lon": 20.9726,
        "Brigade": "043",
        "Time": "2017-05-15 08:02:52",
        "Lines": "10"
      },
      {
        "Lat": 52.229,
        "Lon": 20.9749,
        "Brigade": "043",
        "Time": "2017-05-15 08:03:02",
        "Lines": "10"
      },
      {
        "Lat": 52.229,
        "Lon": 20.9749,
        "Brigade": "043",
        "Time": "2017-05-15 08:03:02",
        "Lines": "10"
      },
      {
        "Lat": 52.2292,
        "Lon": 20.977,
        "Brigade": "043",
        "Time": "2017-05-15 08:03:12",
        "Lines": "10"
      },
      {
        "Lat": 52.2293,
        "Lon": 20.9784,
        "Brigade": "043",
        "Time": "2017-05-15 08:03:22",
        "Lines": "10"
      },
      {
        "Lat": 52.2295,
        "Lon": 20.9796,
        "Brigade": "043",
        "Time": "2017-05-15 08:03:37",
        "Lines": "10"
      },
      {
        "Lat": 52.2295,
        "Lon": 20.9796,
        "Brigade": "043",
        "Time": "2017-05-15 08:03:47",
        "Lines": "10"
      },
      {
        "Lat": 52.2295,
        "Lon": 20.9801,
        "Brigade": "043",
        "Time": "2017-05-15 08:03:57",
        "Lines": "10"
      },
      {
        "Lat": 52.2297,
        "Lon": 20.9813,
        "Brigade": "043",
        "Time": "2017-05-15 08:04:07",
        "Lines": "10"
      },
      {
        "Lat": 52.2302,
        "Lon": 20.9835,
        "Brigade": "043",
        "Time": "2017-05-15 08:04:22",
        "Lines": "10"
      },
      {
        "Lat": 52.2302,
        "Lon": 20.9836,
        "Brigade": "043",
        "Time": "2017-05-15 08:04:32",
        "Lines": "10"
      },
      {
        "Lat": 52.2301,
        "Lon": 20.9835,
        "Brigade": "043",
        "Time": "2017-05-15 08:04:42",
        "Lines": "10"
      },
      {
        "Lat": 52.2301,
        "Lon": 20.9835,
        "Brigade": "043",
        "Time": "2017-05-15 08:04:52",
        "Lines": "10"
      },
      {
        "Lat": 52.2301,
        "Lon": 20.9835,
        "Brigade": "043",
        "Time": "2017-05-15 08:04:52",
        "Lines": "10"
      },
      {
        "Lat": 52.2301,
        "Lon": 20.9835,
        "Brigade": "043",
        "Time": "2017-05-15 08:05:07",
        "Lines": "10"
      },
      {
        "Lat": 52.2301,
        "Lon": 20.9835,
        "Brigade": "043",
        "Time": "2017-05-15 08:05:17",
        "Lines": "10"
      },
      {
        "Lat": 52.2301,
        "Lon": 20.9835,
        "Brigade": "043",
        "Time": "2017-05-15 08:05:32",
        "Lines": "10"
      },
      {
        "Lat": 52.2302,
        "Lon": 20.9838,
        "Brigade": "043",
        "Time": "2017-05-15 08:05:43",
        "Lines": "10"
      },
      {
        "Lat": 52.2304,
        "Lon": 20.9846,
        "Brigade": "043",
        "Time": "2017-05-15 08:05:53",
        "Lines": "10"
      },
      {
        "Lat": 52.2304,
        "Lon": 20.9846,
        "Brigade": "043",
        "Time": "2017-05-15 08:05:53",
        "Lines": "10"
      },
      {
        "Lat": 52.2306,
        "Lon": 20.9855,
        "Brigade": "043",
        "Time": "2017-05-15 08:06:07",
        "Lines": "10"
      },
      {
        "Lat": 52.2306,
        "Lon": 20.9856,
        "Brigade": "043",
        "Time": "2017-05-15 08:06:17",
        "Lines": "10"
      },
      {
        "Lat": 52.2306,
        "Lon": 20.9856,
        "Brigade": "043",
        "Time": "2017-05-15 08:06:32",
        "Lines": "10"
      },
      {
        "Lat": 52.2306,
        "Lon": 20.9856,
        "Brigade": "043",
        "Time": "2017-05-15 08:06:42",
        "Lines": "10"
      },
      {
        "Lat": 52.2306,
        "Lon": 20.9856,
        "Brigade": "043",
        "Time": "2017-05-15 08:06:52",
        "Lines": "10"
      },
      {
        "Lat": 52.2306,
        "Lon": 20.9856,
        "Brigade": "043",
        "Time": "2017-05-15 08:07:02",
        "Lines": "10"
      },
      {
        "Lat": 52.2306,
        "Lon": 20.9856,
        "Brigade": "043",
        "Time": "2017-05-15 08:07:02",
        "Lines": "10"
      },
      {
        "Lat": 52.2306,
        "Lon": 20.9856,
        "Brigade": "043",
        "Time": "2017-05-15 08:07:17",
        "Lines": "10"
      },
      {
        "Lat": 52.2308,
        "Lon": 20.9864,
        "Brigade": "043",
        "Time": "2017-05-15 08:07:27",
        "Lines": "10"
      },
      {
        "Lat": 52.2311,
        "Lon": 20.9877,
        "Brigade": "043",
        "Time": "2017-05-15 08:07:37",
        "Lines": "10"
      },
      {
        "Lat": 52.2315,
        "Lon": 20.9896,
        "Brigade": "043",
        "Time": "2017-05-15 08:07:47",
        "Lines": "10"
      },
      {
        "Lat": 52.2318,
        "Lon": 20.9916,
        "Brigade": "043",
        "Time": "2017-05-15 08:07:57",
        "Lines": "10"
      },
      {
        "Lat": 52.2319,
        "Lon": 20.9921,
        "Brigade": "043",
        "Time": "2017-05-15 08:08:11",
        "Lines": "10"
      },
      {
        "Lat": 52.2319,
        "Lon": 20.9921,
        "Brigade": "043",
        "Time": "2017-05-15 08:08:21",
        "Lines": "10"
      },
      {
        "Lat": 52.2318,
        "Lon": 20.9921,
        "Brigade": "043",
        "Time": "2017-05-15 08:08:31",
        "Lines": "10"
      },
      {
        "Lat": 52.2318,
        "Lon": 20.9921,
        "Brigade": "043",
        "Time": "2017-05-15 08:08:41",
        "Lines": "10"
      },
      {
        "Lat": 52.2318,
        "Lon": 20.9921,
        "Brigade": "043",
        "Time": "2017-05-15 08:08:41",
        "Lines": "10"
      },
      {
        "Lat": 52.2318,
        "Lon": 20.9921,
        "Brigade": "043",
        "Time": "2017-05-15 08:08:56",
        "Lines": "10"
      },
      {
        "Lat": 52.2318,
        "Lon": 20.9921,
        "Brigade": "043",
        "Time": "2017-05-15 08:09:01",
        "Lines": "10"
      },
      {
        "Lat": 52.2319,
        "Lon": 20.9926,
        "Brigade": "043",
        "Time": "2017-05-15 08:09:18",
        "Lines": "10"
      },
      {
        "Lat": 52.2322,
        "Lon": 20.9937,
        "Brigade": "043",
        "Time": "2017-05-15 08:09:26",
        "Lines": "10"
      },
      {
        "Lat": 52.2322,
        "Lon": 20.9938,
        "Brigade": "043",
        "Time": "2017-05-15 08:09:36",
        "Lines": "10"
      },
      {
        "Lat": 52.2322,
        "Lon": 20.9938,
        "Brigade": "043",
        "Time": "2017-05-15 08:09:46",
        "Lines": "10"
      },
      {
        "Lat": 52.2322,
        "Lon": 20.994,
        "Brigade": "043",
        "Time": "2017-05-15 08:10:01",
        "Lines": "10"
      },
      {
        "Lat": 52.2323,
        "Lon": 20.9943,
        "Brigade": "043",
        "Time": "2017-05-15 08:10:11",
        "Lines": "10"
      },
      {
        "Lat": 52.2329,
        "Lon": 20.9971,
        "Brigade": "043",
        "Time": "2017-05-15 08:10:21",
        "Lines": "10"
      },
      {
        "Lat": 52.233,
        "Lon": 20.9979,
        "Brigade": "043",
        "Time": "2017-05-15 08:10:31",
        "Lines": "10"
      },
      {
        "Lat": 52.233,
        "Lon": 20.9979,
        "Brigade": "043",
        "Time": "2017-05-15 08:10:31",
        "Lines": "10"
      },
      {
        "Lat": 52.2329,
        "Lon": 20.9983,
        "Brigade": "043",
        "Time": "2017-05-15 08:10:46",
        "Lines": "10"
      },
      {
        "Lat": 52.2327,
        "Lon": 20.9987,
        "Brigade": "043",
        "Time": "2017-05-15 08:10:56",
        "Lines": "10"
      },
      {
        "Lat": 52.2324,
        "Lon": 20.9988,
        "Brigade": "043",
        "Time": "2017-05-15 08:11:01",
        "Lines": "10"
      },
      {
        "Lat": 52.2322,
        "Lon": 20.9989,
        "Brigade": "043",
        "Time": "2017-05-15 08:11:17",
        "Lines": "10"
      },
      {
        "Lat": 52.2321,
        "Lon": 20.9989,
        "Brigade": "043",
        "Time": "2017-05-15 08:11:27",
        "Lines": "10"
      },
      {
        "Lat": 52.2321,
        "Lon": 20.9988,
        "Brigade": "043",
        "Time": "2017-05-15 08:11:42",
        "Lines": "10"
      },
      {
        "Lat": 52.2319,
        "Lon": 20.999,
        "Brigade": "043",
        "Time": "2017-05-15 08:11:50",
        "Lines": "10"
      },
      {
        "Lat": 52.2307,
        "Lon": 20.9998,
        "Brigade": "043",
        "Time": "2017-05-15 08:12:02",
        "Lines": "10"
      },
      {
        "Lat": 52.2296,
        "Lon": 21.0007,
        "Brigade": "043",
        "Time": "2017-05-15 08:12:12",
        "Lines": "10"
      },
      {
        "Lat": 52.2288,
        "Lon": 21.0012,
        "Brigade": "043",
        "Time": "2017-05-15 08:12:22",
        "Lines": "10"
      },
      {
        "Lat": 52.2288,
        "Lon": 21.0012,
        "Brigade": "043",
        "Time": "2017-05-15 08:12:22",
        "Lines": "10"
      },
      {
        "Lat": 52.2283,
        "Lon": 21.0015,
        "Brigade": "043",
        "Time": "2017-05-15 08:12:37",
        "Lines": "10"
      },
      {
        "Lat": 52.2284,
        "Lon": 21.0015,
        "Brigade": "043",
        "Time": "2017-05-15 08:12:47",
        "Lines": "10"
      },
      {
        "Lat": 52.2284,
        "Lon": 21.0015,
        "Brigade": "043",
        "Time": "2017-05-15 08:12:57",
        "Lines": "10"
      },
      {
        "Lat": 52.2284,
        "Lon": 21.0015,
        "Brigade": "043",
        "Time": "2017-05-15 08:13:07",
        "Lines": "10"
      },
      {
        "Lat": 52.2284,
        "Lon": 21.0016,
        "Brigade": "043",
        "Time": "2017-05-15 08:13:22",
        "Lines": "10"
      },
      {
        "Lat": 52.2284,
        "Lon": 21.0016,
        "Brigade": "043",
        "Time": "2017-05-15 08:13:32",
        "Lines": "10"
      },
      {
        "Lat": 52.2284,
        "Lon": 21.0016,
        "Brigade": "043",
        "Time": "2017-05-15 08:13:42",
        "Lines": "10"
      },
      {
        "Lat": 52.2284,
        "Lon": 21.0016,
        "Brigade": "043",
        "Time": "2017-05-15 08:13:52",
        "Lines": "10"
      },
      {
        "Lat": 52.2284,
        "Lon": 21.0016,
        "Brigade": "043",
        "Time": "2017-05-15 08:13:52",
        "Lines": "10"
      },
      {
        "Lat": 52.2284,
        "Lon": 21.0016,
        "Brigade": "043",
        "Time": "2017-05-15 08:14:02",
        "Lines": "10"
      },
      {
        "Lat": 52.2277,
        "Lon": 21.002,
        "Brigade": "043",
        "Time": "2017-05-15 08:14:17",
        "Lines": "10"
      },
      {
        "Lat": 52.227,
        "Lon": 21.0024,
        "Brigade": "043",
        "Time": "2017-05-15 08:14:27",
        "Lines": "10"
      },
      {
        "Lat": 52.2258,
        "Lon": 21.0032,
        "Brigade": "043",
        "Time": "2017-05-15 08:14:37",
        "Lines": "10"
      },
      {
        "Lat": 52.2246,
        "Lon": 21.0038,
        "Brigade": "043",
        "Time": "2017-05-15 08:14:47",
        "Lines": "10"
      },
      {
        "Lat": 52.2237,
        "Lon": 21.0044,
        "Brigade": "043",
        "Time": "2017-05-15 08:14:57",
        "Lines": "10"
      },
      {
        "Lat": 52.2236,
        "Lon": 21.0044,
        "Brigade": "043",
        "Time": "2017-05-15 08:15:12",
        "Lines": "10"
      },
      {
        "Lat": 52.2236,
        "Lon": 21.0044,
        "Brigade": "043",
        "Time": "2017-05-15 08:15:22",
        "Lines": "10"
      },
      {
        "Lat": 52.2236,
        "Lon": 21.0044,
        "Brigade": "043",
        "Time": "2017-05-15 08:15:32",
        "Lines": "10"
      },
      {
        "Lat": 52.2236,
        "Lon": 21.0044,
        "Brigade": "043",
        "Time": "2017-05-15 08:15:32",
        "Lines": "10"
      },
      {
        "Lat": 52.2236,
        "Lon": 21.0043,
        "Brigade": "043",
        "Time": "2017-05-15 08:15:42",
        "Lines": "10"
      },
      {
        "Lat": 52.2231,
        "Lon": 21.0046,
        "Brigade": "043",
        "Time": "2017-05-15 08:15:57",
        "Lines": "10"
      },
      {
        "Lat": 52.2223,
        "Lon": 21.0047,
        "Brigade": "043",
        "Time": "2017-05-15 08:16:07",
        "Lines": "10"
      },
      {
        "Lat": 52.2212,
        "Lon": 21.0048,
        "Brigade": "043",
        "Time": "2017-05-15 08:16:17",
        "Lines": "10"
      },
      {
        "Lat": 52.2208,
        "Lon": 21.0048,
        "Brigade": "043",
        "Time": "2017-05-15 08:16:27",
        "Lines": "10"
      },
      {
        "Lat": 52.2205,
        "Lon": 21.0048,
        "Brigade": "043",
        "Time": "2017-05-15 08:16:37",
        "Lines": "10"
      },
      {
        "Lat": 52.2206,
        "Lon": 21.0048,
        "Brigade": "043",
        "Time": "2017-05-15 08:16:47",
        "Lines": "10"
      },
      {
        "Lat": 52.2206,
        "Lon": 21.0048,
        "Brigade": "043",
        "Time": "2017-05-15 08:17:02",
        "Lines": "10"
      },
      {
        "Lat": 52.2206,
        "Lon": 21.0048,
        "Brigade": "043",
        "Time": "2017-05-15 08:17:12",
        "Lines": "10"
      },
      {
        "Lat": 52.2206,
        "Lon": 21.0048,
        "Brigade": "043",
        "Time": "2017-05-15 08:17:22",
        "Lines": "10"
      },
      {
        "Lat": 52.2206,
        "Lon": 21.0048,
        "Brigade": "043",
        "Time": "2017-05-15 08:17:22",
        "Lines": "10"
      },
      {
        "Lat": 52.2206,
        "Lon": 21.0048,
        "Brigade": "043",
        "Time": "2017-05-15 08:17:32",
        "Lines": "10"
      },
      {
        "Lat": 52.2206,
        "Lon": 21.0048,
        "Brigade": "043",
        "Time": "2017-05-15 08:17:42",
        "Lines": "10"
      },
      {
        "Lat": 52.2206,
        "Lon": 21.0048,
        "Brigade": "043",
        "Time": "2017-05-15 08:17:57",
        "Lines": "10"
      },
      {
        "Lat": 52.2206,
        "Lon": 21.0047,
        "Brigade": "043",
        "Time": "2017-05-15 08:18:07",
        "Lines": "10"
      },
      {
        "Lat": 52.2205,
        "Lon": 21.0047,
        "Brigade": "043",
        "Time": "2017-05-15 08:18:17",
        "Lines": "10"
      },
      {
        "Lat": 52.2202,
        "Lon": 21.0056,
        "Brigade": "043",
        "Time": "2017-05-15 08:18:32",
        "Lines": "10"
      },
      {
        "Lat": 52.2202,
        "Lon": 21.007,
        "Brigade": "043",
        "Time": "2017-05-15 08:18:41",
        "Lines": "10"
      },
      {
        "Lat": 52.2201,
        "Lon": 21.0089,
        "Brigade": "043",
        "Time": "2017-05-15 08:18:52",
        "Lines": "10"
      },
      {
        "Lat": 52.2201,
        "Lon": 21.0089,
        "Brigade": "043",
        "Time": "2017-05-15 08:18:52",
        "Lines": "10"
      },
      {
        "Lat": 52.2201,
        "Lon": 21.0089,
        "Brigade": "043",
        "Time": "2017-05-15 08:18:52",
        "Lines": "10"
      },
      {
        "Lat": 52.2201,
        "Lon": 21.0089,
        "Brigade": "043",
        "Time": "2017-05-15 08:18:52",
        "Lines": "10"
      },
      {
        "Lat": 52.2201,
        "Lon": 21.0089,
        "Brigade": "043",
        "Time": "2017-05-15 08:18:52",
        "Lines": "10"
      },
      {
        "Lat": 52.2201,
        "Lon": 21.0089,
        "Brigade": "043",
        "Time": "2017-05-15 08:18:52",
        "Lines": "10"
      },
      {
        "Lat": 52.2201,
        "Lon": 21.0089,
        "Brigade": "043",
        "Time": "2017-05-15 08:18:52",
        "Lines": "10"
      },
      {
        "Lat": 52.2201,
        "Lon": 21.0089,
        "Brigade": "043",
        "Time": "2017-05-15 08:18:52",
        "Lines": "10"
      },
      {
        "Lat": 52.2201,
        "Lon": 21.0089,
        "Brigade": "043",
        "Time": "2017-05-15 08:18:52",
        "Lines": "10"
      },
      {
        "Lat": 52.22,
        "Lon": 21.0152,
        "Brigade": "043",
        "Time": "2017-05-15 08:20:17",
        "Lines": "10"
      },
      {
        "Lat": 52.22,
        "Lon": 21.0152,
        "Brigade": "043",
        "Time": "2017-05-15 08:20:31",
        "Lines": "10"
      },
      {
        "Lat": 52.22,
        "Lon": 21.0152,
        "Brigade": "043",
        "Time": "2017-05-15 08:20:42",
        "Lines": "10"
      },
      {
        "Lat": 52.22,
        "Lon": 21.0152,
        "Brigade": "043",
        "Time": "2017-05-15 08:20:51",
        "Lines": "10"
      },
      {
        "Lat": 52.22,
        "Lon": 21.0152,
        "Brigade": "043",
        "Time": "2017-05-15 08:20:51",
        "Lines": "10"
      },
      {
        "Lat": 52.22,
        "Lon": 21.0152,
        "Brigade": "043",
        "Time": "2017-05-15 08:21:07",
        "Lines": "10"
      },
      {
        "Lat": 52.22,
        "Lon": 21.0152,
        "Brigade": "043",
        "Time": "2017-05-15 08:21:16",
        "Lines": "10"
      },
      {
        "Lat": 52.22,
        "Lon": 21.0152,
        "Brigade": "043",
        "Time": "2017-05-15 08:21:31",
        "Lines": "10"
      },
      {
        "Lat": 52.22,
        "Lon": 21.016,
        "Brigade": "043",
        "Time": "2017-05-15 08:21:41",
        "Lines": "10"
      },
      {
        "Lat": 52.22,
        "Lon": 21.016,
        "Brigade": "043",
        "Time": "2017-05-15 08:21:41",
        "Lines": "10"
      },
      {
        "Lat": 52.2199,
        "Lon": 21.0172,
        "Brigade": "043",
        "Time": "2017-05-15 08:21:53",
        "Lines": "10"
      },
      {
        "Lat": 52.2197,
        "Lon": 21.018,
        "Brigade": "043",
        "Time": "2017-05-15 08:22:01",
        "Lines": "10"
      },
      {
        "Lat": 52.2186,
        "Lon": 21.0187,
        "Brigade": "043",
        "Time": "2017-05-15 08:22:16",
        "Lines": "10"
      },
      {
        "Lat": 52.218,
        "Lon": 21.019,
        "Brigade": "043",
        "Time": "2017-05-15 08:22:26",
        "Lines": "10"
      },
      {
        "Lat": 52.2175,
        "Lon": 21.0193,
        "Brigade": "043",
        "Time": "2017-05-15 08:22:36",
        "Lines": "10"
      },
      {
        "Lat": 52.2175,
        "Lon": 21.0194,
        "Brigade": "043",
        "Time": "2017-05-15 08:22:46",
        "Lines": "10"
      },
      {
        "Lat": 52.2175,
        "Lon": 21.0194,
        "Brigade": "043",
        "Time": "2017-05-15 08:23:01",
        "Lines": "10"
      },
      {
        "Lat": 52.217,
        "Lon": 21.0197,
        "Brigade": "043",
        "Time": "2017-05-15 08:23:11",
        "Lines": "10"
      },
      {
        "Lat": 52.2168,
        "Lon": 21.0199,
        "Brigade": "043",
        "Time": "2017-05-15 08:23:21",
        "Lines": "10"
      },
      {
        "Lat": 52.2168,
        "Lon": 21.0199,
        "Brigade": "043",
        "Time": "2017-05-15 08:23:31",
        "Lines": "10"
      },
      {
        "Lat": 52.2168,
        "Lon": 21.0199,
        "Brigade": "043",
        "Time": "2017-05-15 08:23:31",
        "Lines": "10"
      },
      {
        "Lat": 52.2164,
        "Lon": 21.0201,
        "Brigade": "043",
        "Time": "2017-05-15 08:23:42",
        "Lines": "10"
      },
      {
        "Lat": 52.2149,
        "Lon": 21.0209,
        "Brigade": "043",
        "Time": "2017-05-15 08:23:56",
        "Lines": "10"
      },
      {
        "Lat": 52.2143,
        "Lon": 21.0213,
        "Brigade": "043",
        "Time": "2017-05-15 08:24:06",
        "Lines": "10"
      },
      {
        "Lat": 52.2141,
        "Lon": 21.0213,
        "Brigade": "043",
        "Time": "2017-05-15 08:24:16",
        "Lines": "10"
      },
      {
        "Lat": 52.2141,
        "Lon": 21.0214,
        "Brigade": "043",
        "Time": "2017-05-15 08:24:26",
        "Lines": "10"
      },
      {
        "Lat": 52.214,
        "Lon": 21.0214,
        "Brigade": "043",
        "Time": "2017-05-15 08:24:36",
        "Lines": "10"
      },
      {
        "Lat": 52.214,
        "Lon": 21.0214,
        "Brigade": "043",
        "Time": "2017-05-15 08:24:51",
        "Lines": "10"
      },
      {
        "Lat": 52.214,
        "Lon": 21.0214,
        "Brigade": "043",
        "Time": "2017-05-15 08:25:01",
        "Lines": "10"
      },
      {
        "Lat": 52.2137,
        "Lon": 21.0216,
        "Brigade": "043",
        "Time": "2017-05-15 08:25:12",
        "Lines": "10"
      },
      {
        "Lat": 52.2127,
        "Lon": 21.0212,
        "Brigade": "043",
        "Time": "2017-05-15 08:25:21",
        "Lines": "10"
      },
      {
        "Lat": 52.2127,
        "Lon": 21.0212,
        "Brigade": "043",
        "Time": "2017-05-15 08:25:21",
        "Lines": "10"
      },
      {
        "Lat": 52.2119,
        "Lon": 21.0207,
        "Brigade": "043",
        "Time": "2017-05-15 08:25:36",
        "Lines": "10"
      },
      {
        "Lat": 52.2119,
        "Lon": 21.0207,
        "Brigade": "043",
        "Time": "2017-05-15 08:25:46",
        "Lines": "10"
      },
      {
        "Lat": 52.2119,
        "Lon": 21.0206,
        "Brigade": "043",
        "Time": "2017-05-15 08:25:57",
        "Lines": "10"
      },
      {
        "Lat": 52.212,
        "Lon": 21.0206,
        "Brigade": "043",
        "Time": "2017-05-15 08:26:01",
        "Lines": "10"
      },
      {
        "Lat": 52.2113,
        "Lon": 21.0205,
        "Brigade": "043",
        "Time": "2017-05-15 08:26:16",
        "Lines": "10"
      },
      {
        "Lat": 52.2099,
        "Lon": 21.0212,
        "Brigade": "043",
        "Time": "2017-05-15 08:26:31",
        "Lines": "10"
      },
      {
        "Lat": 52.2094,
        "Lon": 21.0213,
        "Brigade": "043",
        "Time": "2017-05-15 08:26:41",
        "Lines": "10"
      },
      {
        "Lat": 52.2094,
        "Lon": 21.0213,
        "Brigade": "043",
        "Time": "2017-05-15 08:26:51",
        "Lines": "10"
      },
      {
        "Lat": 52.2093,
        "Lon": 21.0214,
        "Brigade": "043",
        "Time": "2017-05-15 08:27:01",
        "Lines": "10"
      },
      {
        "Lat": 52.2093,
        "Lon": 21.0214,
        "Brigade": "043",
        "Time": "2017-05-15 08:27:01",
        "Lines": "10"
      },
      {
        "Lat": 52.2083,
        "Lon": 21.0217,
        "Brigade": "043",
        "Time": "2017-05-15 08:27:16",
        "Lines": "10"
      },
      {
        "Lat": 52.2076,
        "Lon": 21.022,
        "Brigade": "043",
        "Time": "2017-05-15 08:27:26",
        "Lines": "10"
      },
      {
        "Lat": 52.2075,
        "Lon": 21.022,
        "Brigade": "043",
        "Time": "2017-05-15 08:27:36",
        "Lines": "10"
      },
      {
        "Lat": 52.2074,
        "Lon": 21.0221,
        "Brigade": "043",
        "Time": "2017-05-15 08:27:46",
        "Lines": "10"
      },
      {
        "Lat": 52.2064,
        "Lon": 21.0225,
        "Brigade": "043",
        "Time": "2017-05-15 08:27:56",
        "Lines": "10"
      },
      {
        "Lat": 52.2061,
        "Lon": 21.0227,
        "Brigade": "043",
        "Time": "2017-05-15 08:28:01",
        "Lines": "10"
      },
      {
        "Lat": 52.2054,
        "Lon": 21.0229,
        "Brigade": "043",
        "Time": "2017-05-15 08:28:21",
        "Lines": "10"
      },
      {
        "Lat": 52.2051,
        "Lon": 21.0229,
        "Brigade": "043",
        "Time": "2017-05-15 08:28:31",
        "Lines": "10"
      },
      {
        "Lat": 52.2051,
        "Lon": 21.0229,
        "Brigade": "043",
        "Time": "2017-05-15 08:28:41",
        "Lines": "10"
      },
      {
        "Lat": 52.2049,
        "Lon": 21.0229,
        "Brigade": "043",
        "Time": "2017-05-15 08:28:53",
        "Lines": "10"
      },
      {
        "Lat": 52.2049,
        "Lon": 21.0229,
        "Brigade": "043",
        "Time": "2017-05-15 08:28:53",
        "Lines": "10"
      },
      {
        "Lat": 52.2041,
        "Lon": 21.0231,
        "Brigade": "043",
        "Time": "2017-05-15 08:29:01",
        "Lines": "10"
      },
      {
        "Lat": 52.203,
        "Lon": 21.0233,
        "Brigade": "043",
        "Time": "2017-05-15 08:29:18",
        "Lines": "10"
      },
      {
        "Lat": 52.203,
        "Lon": 21.0233,
        "Brigade": "043",
        "Time": "2017-05-15 08:29:26",
        "Lines": "10"
      },
      {
        "Lat": 52.203,
        "Lon": 21.0233,
        "Brigade": "043",
        "Time": "2017-05-15 08:29:36",
        "Lines": "10"
      },
      {
        "Lat": 52.203,
        "Lon": 21.0233,
        "Brigade": "043",
        "Time": "2017-05-15 08:29:46",
        "Lines": "10"
      },
      {
        "Lat": 52.2023,
        "Lon": 21.0234,
        "Brigade": "043",
        "Time": "2017-05-15 08:30:01",
        "Lines": "10"
      },
      {
        "Lat": 52.2022,
        "Lon": 21.0234,
        "Brigade": "043",
        "Time": "2017-05-15 08:30:11",
        "Lines": "10"
      },
      {
        "Lat": 52.2021,
        "Lon": 21.0234,
        "Brigade": "043",
        "Time": "2017-05-15 08:30:21",
        "Lines": "10"
      },
      {
        "Lat": 52.2016,
        "Lon": 21.0234,
        "Brigade": "043",
        "Time": "2017-05-15 08:30:31",
        "Lines": "10"
      },
      {
        "Lat": 52.2016,
        "Lon": 21.0234,
        "Brigade": "043",
        "Time": "2017-05-15 08:30:31",
        "Lines": "10"
      },
      {
        "Lat": 52.2004,
        "Lon": 21.0236,
        "Brigade": "043",
        "Time": "2017-05-15 08:30:41",
        "Lines": "10"
      },
      {
        "Lat": 52.1994,
        "Lon": 21.0238,
        "Brigade": "043",
        "Time": "2017-05-15 08:30:56",
        "Lines": "10"
      },
      {
        "Lat": 52.1994,
        "Lon": 21.0238,
        "Brigade": "043",
        "Time": "2017-05-15 08:31:06",
        "Lines": "10"
      },
      {
        "Lat": 52.1994,
        "Lon": 21.0238,
        "Brigade": "043",
        "Time": "2017-05-15 08:31:16",
        "Lines": "10"
      },
      {
        "Lat": 52.1994,
        "Lon": 21.0238,
        "Brigade": "043",
        "Time": "2017-05-15 08:31:26",
        "Lines": "10"
      },
      {
        "Lat": 52.1994,
        "Lon": 21.0238,
        "Brigade": "043",
        "Time": "2017-05-15 08:31:36",
        "Lines": "10"
      },
      {
        "Lat": 52.1993,
        "Lon": 21.0239,
        "Brigade": "043",
        "Time": "2017-05-15 08:31:51",
        "Lines": "10"
      },
      {
        "Lat": 52.1983,
        "Lon": 21.024,
        "Brigade": "043",
        "Time": "2017-05-15 08:32:01",
        "Lines": "10"
      },
      {
        "Lat": 52.1972,
        "Lon": 21.0241,
        "Brigade": "043",
        "Time": "2017-05-15 08:32:11",
        "Lines": "10"
      },
      {
        "Lat": 52.1965,
        "Lon": 21.0241,
        "Brigade": "043",
        "Time": "2017-05-15 08:32:23",
        "Lines": "10"
      },
      {
        "Lat": 52.1965,
        "Lon": 21.0241,
        "Brigade": "043",
        "Time": "2017-05-15 08:32:23",
        "Lines": "10"
      },
      {
        "Lat": 52.1965,
        "Lon": 21.0241,
        "Brigade": "043",
        "Time": "2017-05-15 08:32:33",
        "Lines": "10"
      },
      {
        "Lat": 52.1963,
        "Lon": 21.0242,
        "Brigade": "043",
        "Time": "2017-05-15 08:32:41",
        "Lines": "10"
      },
      {
        "Lat": 52.1949,
        "Lon": 21.0242,
        "Brigade": "043",
        "Time": "2017-05-15 08:32:56",
        "Lines": "10"
      },
      {
        "Lat": 52.1944,
        "Lon": 21.0243,
        "Brigade": "043",
        "Time": "2017-05-15 08:33:08",
        "Lines": "10"
      },
      {
        "Lat": 52.1939,
        "Lon": 21.0243,
        "Brigade": "043",
        "Time": "2017-05-15 08:33:18",
        "Lines": "10"
      },
      {
        "Lat": 52.1938,
        "Lon": 21.0243,
        "Brigade": "043",
        "Time": "2017-05-15 08:33:31",
        "Lines": "10"
      },
      {
        "Lat": 52.1934,
        "Lon": 21.0243,
        "Brigade": "043",
        "Time": "2017-05-15 08:33:41",
        "Lines": "10"
      },
      {
        "Lat": 52.193,
        "Lon": 21.0243,
        "Brigade": "043",
        "Time": "2017-05-15 08:33:53",
        "Lines": "10"
      },
      {
        "Lat": 52.193,
        "Lon": 21.0243,
        "Brigade": "043",
        "Time": "2017-05-15 08:33:53",
        "Lines": "10"
      },
      {
        "Lat": 52.1923,
        "Lon": 21.0244,
        "Brigade": "043",
        "Time": "2017-05-15 08:34:01",
        "Lines": "10"
      }
    ]
  }
]
