[
  {
    "res": [
      {
        "Lat": 52.2304,
        "Lon": 20.9848,
        "Brigade": "8",
        "Time": "2017-05-15 08:02:18",
        "Lines": "10"
      },
      {
        "Lat": 52.2306,
        "Lon": 20.9857,
        "Brigade": "8",
        "Time": "2017-05-15 08:02:29",
        "Lines": "10"
      },
      {
        "Lat": 52.2308,
        "Lon": 20.9866,
        "Brigade": "8",
        "Time": "2017-05-15 08:02:39",
        "Lines": "10"
      },
      {
        "Lat": 52.231,
        "Lon": 20.9877,
        "Brigade": "8",
        "Time": "2017-05-15 08:02:50",
        "Lines": "10"
      },
      {
        "Lat": 52.2312,
        "Lon": 20.9889,
        "Brigade": "8",
        "Time": "2017-05-15 08:03:00",
        "Lines": "10"
      },
      {
        "Lat": 52.2315,
        "Lon": 20.9907,
        "Brigade": "8",
        "Time": "2017-05-15 08:03:16",
        "Lines": "10"
      },
      {
        "Lat": 52.2316,
        "Lon": 20.9912,
        "Brigade": "8",
        "Time": "2017-05-15 08:03:21",
        "Lines": "10"
      },
      {
        "Lat": 52.232,
        "Lon": 20.9929,
        "Brigade": "8",
        "Time": "2017-05-15 08:03:37",
        "Lines": "10"
      },
      {
        "Lat": 52.2323,
        "Lon": 20.9941,
        "Brigade": "8",
        "Time": "2017-05-15 08:03:47",
        "Lines": "10"
      },
      {
        "Lat": 52.2325,
        "Lon": 20.9954,
        "Brigade": "8",
        "Time": "2017-05-15 08:03:58",
        "Lines": "10"
      },
      {
        "Lat": 52.233,
        "Lon": 20.9976,
        "Brigade": "8",
        "Time": "2017-05-15 08:04:19",
        "Lines": "10"
      },
      {
        "Lat": 52.2329,
        "Lon": 20.9983,
        "Brigade": "8",
        "Time": "2017-05-15 08:04:29",
        "Lines": "10"
      },
      {
        "Lat": 52.2329,
        "Lon": 20.9984,
        "Brigade": "8",
        "Time": "2017-05-15 08:04:40",
        "Lines": "10"
      },
      {
        "Lat": 52.2329,
        "Lon": 20.9984,
        "Brigade": "8",
        "Time": "2017-05-15 08:04:50",
        "Lines": "10"
      },
      {
        "Lat": 52.2329,
        "Lon": 20.9984,
        "Brigade": "8",
        "Time": "2017-05-15 08:04:56",
        "Lines": "10"
      },
      {
        "Lat": 52.2325,
        "Lon": 20.9987,
        "Brigade": "8",
        "Time": "2017-05-15 08:05:06",
        "Lines": "10"
      },
      {
        "Lat": 52.2319,
        "Lon": 20.9991,
        "Brigade": "8",
        "Time": "2017-05-15 08:05:17",
        "Lines": "10"
      },
      {
        "Lat": 52.231,
        "Lon": 20.9998,
        "Brigade": "8",
        "Time": "2017-05-15 08:05:32",
        "Lines": "10"
      },
      {
        "Lat": 52.2303,
        "Lon": 21.0003,
        "Brigade": "8",
        "Time": "2017-05-15 08:05:44",
        "Lines": "10"
      },
      {
        "Lat": 52.2289,
        "Lon": 21.0012,
        "Brigade": "8",
        "Time": "2017-05-15 08:06:04",
        "Lines": "10"
      },
      {
        "Lat": 52.2283,
        "Lon": 21.0015,
        "Brigade": "8",
        "Time": "2017-05-15 08:06:19",
        "Lines": "10"
      },
      {
        "Lat": 52.2282,
        "Lon": 21.0016,
        "Brigade": "8",
        "Time": "2017-05-15 08:06:30",
        "Lines": "10"
      },
      {
        "Lat": 52.2278,
        "Lon": 21.0019,
        "Brigade": "8",
        "Time": "2017-05-15 08:06:41",
        "Lines": "10"
      },
      {
        "Lat": 52.2273,
        "Lon": 21.0022,
        "Brigade": "8",
        "Time": "2017-05-15 08:06:51",
        "Lines": "10"
      },
      {
        "Lat": 52.2266,
        "Lon": 21.0026,
        "Brigade": "8",
        "Time": "2017-05-15 08:07:01",
        "Lines": "10"
      },
      {
        "Lat": 52.2262,
        "Lon": 21.0029,
        "Brigade": "8",
        "Time": "2017-05-15 08:07:07",
        "Lines": "10"
      },
      {
        "Lat": 52.2246,
        "Lon": 21.0038,
        "Brigade": "8",
        "Time": "2017-05-15 08:07:28",
        "Lines": "10"
      },
      {
        "Lat": 52.2239,
        "Lon": 21.0042,
        "Brigade": "8",
        "Time": "2017-05-15 08:07:38",
        "Lines": "10"
      },
      {
        "Lat": 52.2235,
        "Lon": 21.0045,
        "Brigade": "8",
        "Time": "2017-05-15 08:07:43",
        "Lines": "10"
      },
      {
        "Lat": 52.2232,
        "Lon": 21.0047,
        "Brigade": "8",
        "Time": "2017-05-15 08:07:50",
        "Lines": "10"
      },
      {
        "Lat": 52.2223,
        "Lon": 21.0048,
        "Brigade": "8",
        "Time": "2017-05-15 08:08:08",
        "Lines": "10"
      },
      {
        "Lat": 52.2214,
        "Lon": 21.0048,
        "Brigade": "8",
        "Time": "2017-05-15 08:08:20",
        "Lines": "10"
      },
      {
        "Lat": 52.2211,
        "Lon": 21.0048,
        "Brigade": "8",
        "Time": "2017-05-15 08:08:31",
        "Lines": "10"
      },
      {
        "Lat": 52.2207,
        "Lon": 21.0048,
        "Brigade": "8",
        "Time": "2017-05-15 08:08:41",
        "Lines": "10"
      },
      {
        "Lat": 52.2204,
        "Lon": 21.0049,
        "Brigade": "8",
        "Time": "2017-05-15 08:08:52",
        "Lines": "10"
      },
      {
        "Lat": 52.2199,
        "Lon": 21.0049,
        "Brigade": "8",
        "Time": "2017-05-15 08:09:02",
        "Lines": "10"
      },
      {
        "Lat": 52.2189,
        "Lon": 21.0049,
        "Brigade": "8",
        "Time": "2017-05-15 08:09:18",
        "Lines": "10"
      },
      {
        "Lat": 52.2183,
        "Lon": 21.005,
        "Brigade": "8",
        "Time": "2017-05-15 08:09:28",
        "Lines": "10"
      },
      {
        "Lat": 52.2181,
        "Lon": 21.005,
        "Brigade": "8",
        "Time": "2017-05-15 08:09:39",
        "Lines": "10"
      },
      {
        "Lat": 52.2181,
        "Lon": 21.005,
        "Brigade": "8",
        "Time": "2017-05-15 08:09:49",
        "Lines": "10"
      },
      {
        "Lat": 52.2181,
        "Lon": 21.005,
        "Brigade": "8",
        "Time": "2017-05-15 08:10:00",
        "Lines": "10"
      },
      {
        "Lat": 52.2181,
        "Lon": 21.005,
        "Brigade": "8",
        "Time": "2017-05-15 08:10:10",
        "Lines": "10"
      },
      {
        "Lat": 52.2179,
        "Lon": 21.005,
        "Brigade": "8",
        "Time": "2017-05-15 08:10:21",
        "Lines": "10"
      },
      {
        "Lat": 52.2174,
        "Lon": 21.005,
        "Brigade": "8",
        "Time": "2017-05-15 08:10:31",
        "Lines": "10"
      },
      {
        "Lat": 52.2169,
        "Lon": 21.0051,
        "Brigade": "8",
        "Time": "2017-05-15 08:10:42",
        "Lines": "10"
      },
      {
        "Lat": 52.2167,
        "Lon": 21.0051,
        "Brigade": "8",
        "Time": "2017-05-15 08:10:52",
        "Lines": "10"
      },
      {
        "Lat": 52.2166,
        "Lon": 21.0052,
        "Brigade": "8",
        "Time": "2017-05-15 08:11:03",
        "Lines": "10"
      },
      {
        "Lat": 52.2158,
        "Lon": 21.0054,
        "Brigade": "8",
        "Time": "2017-05-15 08:11:18",
        "Lines": "10"
      },
      {
        "Lat": 52.2152,
        "Lon": 21.0056,
        "Brigade": "8",
        "Time": "2017-05-15 08:11:29",
        "Lines": "10"
      },
      {
        "Lat": 52.2145,
        "Lon": 21.0058,
        "Brigade": "8",
        "Time": "2017-05-15 08:11:40",
        "Lines": "10"
      },
      {
        "Lat": 52.2138,
        "Lon": 21.006,
        "Brigade": "8",
        "Time": "2017-05-15 08:11:51",
        "Lines": "10"
      },
      {
        "Lat": 52.2136,
        "Lon": 21.0061,
        "Brigade": "8",
        "Time": "2017-05-15 08:12:03",
        "Lines": "10"
      },
      {
        "Lat": 52.2127,
        "Lon": 21.0064,
        "Brigade": "8",
        "Time": "2017-05-15 08:12:11",
        "Lines": "10"
      },
      {
        "Lat": 52.212,
        "Lon": 21.0066,
        "Brigade": "8",
        "Time": "2017-05-15 08:12:21",
        "Lines": "10"
      },
      {
        "Lat": 52.211,
        "Lon": 21.0069,
        "Brigade": "8",
        "Time": "2017-05-15 08:12:37",
        "Lines": "10"
      },
      {
        "Lat": 52.2108,
        "Lon": 21.0069,
        "Brigade": "8",
        "Time": "2017-05-15 08:12:48",
        "Lines": "10"
      },
      {
        "Lat": 52.2108,
        "Lon": 21.0069,
        "Brigade": "8",
        "Time": "2017-05-15 08:12:58",
        "Lines": "10"
      },
      {
        "Lat": 52.2108,
        "Lon": 21.0069,
        "Brigade": "8",
        "Time": "2017-05-15 08:13:08",
        "Lines": "10"
      },
      {
        "Lat": 52.2108,
        "Lon": 21.0069,
        "Brigade": "8",
        "Time": "2017-05-15 08:13:19",
        "Lines": "10"
      },
      {
        "Lat": 52.2108,
        "Lon": 21.0069,
        "Brigade": "8",
        "Time": "2017-05-15 08:13:29",
        "Lines": "10"
      },
      {
        "Lat": 52.2108,
        "Lon": 21.0069,
        "Brigade": "8",
        "Time": "2017-05-15 08:13:40",
        "Lines": "10"
      },
      {
        "Lat": 52.2108,
        "Lon": 21.0069,
        "Brigade": "8",
        "Time": "2017-05-15 08:13:50",
        "Lines": "10"
      },
      {
        "Lat": 52.2104,
        "Lon": 21.007,
        "Brigade": "8",
        "Time": "2017-05-15 08:14:01",
        "Lines": "10"
      },
      {
        "Lat": 52.2094,
        "Lon": 21.0074,
        "Brigade": "8",
        "Time": "2017-05-15 08:14:17",
        "Lines": "10"
      },
      {
        "Lat": 52.2085,
        "Lon": 21.0078,
        "Brigade": "8",
        "Time": "2017-05-15 08:14:27",
        "Lines": "10"
      },
      {
        "Lat": 52.2078,
        "Lon": 21.008,
        "Brigade": "8",
        "Time": "2017-05-15 08:14:38",
        "Lines": "10"
      },
      {
        "Lat": 52.2074,
        "Lon": 21.0074,
        "Brigade": "8",
        "Time": "2017-05-15 08:14:48",
        "Lines": "10"
      },
      {
        "Lat": 52.2073,
        "Lon": 21.0063,
        "Brigade": "8",
        "Time": "2017-05-15 08:14:59",
        "Lines": "10"
      },
      {
        "Lat": 52.2071,
        "Lon": 21.0052,
        "Brigade": "8",
        "Time": "2017-05-15 08:15:09",
        "Lines": "10"
      },
      {
        "Lat": 52.2069,
        "Lon": 21.0043,
        "Brigade": "8",
        "Time": "2017-05-15 08:15:20",
        "Lines": "10"
      },
      {
        "Lat": 52.2068,
        "Lon": 21.0037,
        "Brigade": "8",
        "Time": "2017-05-15 08:15:30",
        "Lines": "10"
      },
      {
        "Lat": 52.2066,
        "Lon": 21.0025,
        "Brigade": "8",
        "Time": "2017-05-15 08:15:46",
        "Lines": "10"
      },
      {
        "Lat": 52.2065,
        "Lon": 21.0018,
        "Brigade": "8",
        "Time": "2017-05-15 08:15:56",
        "Lines": "10"
      },
      {
        "Lat": 52.2063,
        "Lon": 21.0008,
        "Brigade": "8",
        "Time": "2017-05-15 08:16:07",
        "Lines": "10"
      },
      {
        "Lat": 52.2062,
        "Lon": 21,
        "Brigade": "8",
        "Time": "2017-05-15 08:16:17",
        "Lines": "10"
      },
      {
        "Lat": 52.2061,
        "Lon": 20.9996,
        "Brigade": "8",
        "Time": "2017-05-15 08:16:28",
        "Lines": "10"
      },
      {
        "Lat": 52.2061,
        "Lon": 20.9996,
        "Brigade": "8",
        "Time": "2017-05-15 08:16:38",
        "Lines": "10"
      },
      {
        "Lat": 52.2061,
        "Lon": 20.9996,
        "Brigade": "8",
        "Time": "2017-05-15 08:16:49",
        "Lines": "10"
      },
      {
        "Lat": 52.2059,
        "Lon": 20.9994,
        "Brigade": "8",
        "Time": "2017-05-15 08:16:59",
        "Lines": "10"
      },
      {
        "Lat": 52.2055,
        "Lon": 20.9994,
        "Brigade": "8",
        "Time": "2017-05-15 08:17:10",
        "Lines": "10"
      },
      {
        "Lat": 52.2049,
        "Lon": 20.9995,
        "Brigade": "8",
        "Time": "2017-05-15 08:17:20",
        "Lines": "10"
      },
      {
        "Lat": 52.2043,
        "Lon": 20.9997,
        "Brigade": "8",
        "Time": "2017-05-15 08:17:31",
        "Lines": "10"
      },
      {
        "Lat": 52.2036,
        "Lon": 20.9999,
        "Brigade": "8",
        "Time": "2017-05-15 08:17:41",
        "Lines": "10"
      },
      {
        "Lat": 52.2026,
        "Lon": 21.0001,
        "Brigade": "8",
        "Time": "2017-05-15 08:17:57",
        "Lines": "10"
      },
      {
        "Lat": 52.2021,
        "Lon": 21.0003,
        "Brigade": "8",
        "Time": "2017-05-15 08:18:07",
        "Lines": "10"
      },
      {
        "Lat": 52.2015,
        "Lon": 21.0004,
        "Brigade": "8",
        "Time": "2017-05-15 08:18:18",
        "Lines": "10"
      },
      {
        "Lat": 52.2009,
        "Lon": 21.0006,
        "Brigade": "8",
        "Time": "2017-05-15 08:18:28",
        "Lines": "10"
      },
      {
        "Lat": 52.2003,
        "Lon": 21.0008,
        "Brigade": "8",
        "Time": "2017-05-15 08:18:39",
        "Lines": "10"
      },
      {
        "Lat": 52.1997,
        "Lon": 21.001,
        "Brigade": "8",
        "Time": "2017-05-15 08:18:50",
        "Lines": "10"
      },
      {
        "Lat": 52.1994,
        "Lon": 21.001,
        "Brigade": "8",
        "Time": "2017-05-15 08:18:55",
        "Lines": "10"
      },
      {
        "Lat": 52.196,
        "Lon": 21.0018,
        "Brigade": "8",
        "Time": "2017-05-15 08:20:19",
        "Lines": "10"
      },
      {
        "Lat": 52.196,
        "Lon": 21.0018,
        "Brigade": "8",
        "Time": "2017-05-15 08:20:29",
        "Lines": "10"
      },
      {
        "Lat": 52.196,
        "Lon": 21.0018,
        "Brigade": "8",
        "Time": "2017-05-15 08:20:40",
        "Lines": "10"
      },
      {
        "Lat": 52.196,
        "Lon": 21.0018,
        "Brigade": "8",
        "Time": "2017-05-15 08:20:50",
        "Lines": "10"
      },
      {
        "Lat": 52.1958,
        "Lon": 21.0018,
        "Brigade": "8",
        "Time": "2017-05-15 08:21:06",
        "Lines": "10"
      },
      {
        "Lat": 52.1954,
        "Lon": 21.0018,
        "Brigade": "8",
        "Time": "2017-05-15 08:21:16",
        "Lines": "10"
      },
      {
        "Lat": 52.1942,
        "Lon": 21.0018,
        "Brigade": "8",
        "Time": "2017-05-15 08:21:32",
        "Lines": "10"
      },
      {
        "Lat": 52.1938,
        "Lon": 21.0018,
        "Brigade": "8",
        "Time": "2017-05-15 08:21:37",
        "Lines": "10"
      },
      {
        "Lat": 52.1923,
        "Lon": 21.0018,
        "Brigade": "8",
        "Time": "2017-05-15 08:21:53",
        "Lines": "10"
      },
      {
        "Lat": 52.1913,
        "Lon": 21.0018,
        "Brigade": "8",
        "Time": "2017-05-15 08:22:04",
        "Lines": "10"
      },
      {
        "Lat": 52.1904,
        "Lon": 21.0018,
        "Brigade": "8",
        "Time": "2017-05-15 08:22:14",
        "Lines": "10"
      },
      {
        "Lat": 52.1898,
        "Lon": 21.0019,
        "Brigade": "8",
        "Time": "2017-05-15 08:22:24",
        "Lines": "10"
      },
      {
        "Lat": 52.1893,
        "Lon": 21.002,
        "Brigade": "8",
        "Time": "2017-05-15 08:22:35",
        "Lines": "10"
      },
      {
        "Lat": 52.1893,
        "Lon": 21.002,
        "Brigade": "8",
        "Time": "2017-05-15 08:22:51",
        "Lines": "10"
      },
      {
        "Lat": 52.1893,
        "Lon": 21.002,
        "Brigade": "8",
        "Time": "2017-05-15 08:22:56",
        "Lines": "10"
      },
      {
        "Lat": 52.1893,
        "Lon": 21.002,
        "Brigade": "8",
        "Time": "2017-05-15 08:23:12",
        "Lines": "10"
      },
      {
        "Lat": 52.1892,
        "Lon": 21.002,
        "Brigade": "8",
        "Time": "2017-05-15 08:23:22",
        "Lines": "10"
      },
      {
        "Lat": 52.189,
        "Lon": 21.002,
        "Brigade": "8",
        "Time": "2017-05-15 08:23:33",
        "Lines": "10"
      },
      {
        "Lat": 52.1888,
        "Lon": 21.0024,
        "Brigade": "8",
        "Time": "2017-05-15 08:23:43",
        "Lines": "10"
      },
      {
        "Lat": 52.1888,
        "Lon": 21.0029,
        "Brigade": "8",
        "Time": "2017-05-15 08:23:54",
        "Lines": "10"
      },
      {
        "Lat": 52.1888,
        "Lon": 21.0034,
        "Brigade": "8",
        "Time": "2017-05-15 08:24:04",
        "Lines": "10"
      },
      {
        "Lat": 52.1888,
        "Lon": 21.004,
        "Brigade": "8",
        "Time": "2017-05-15 08:24:15",
        "Lines": "10"
      },
      {
        "Lat": 52.1886,
        "Lon": 21.0044,
        "Brigade": "8",
        "Time": "2017-05-15 08:24:25",
        "Lines": "10"
      },
      {
        "Lat": 52.1883,
        "Lon": 21.004,
        "Brigade": "8",
        "Time": "2017-05-15 08:24:41",
        "Lines": "10"
      },
      {
        "Lat": 52.1884,
        "Lon": 21.0036,
        "Brigade": "8",
        "Time": "2017-05-15 08:24:51",
        "Lines": "10"
      },
      {
        "Lat": 52.1887,
        "Lon": 21.0035,
        "Brigade": "8",
        "Time": "2017-05-15 08:25:02",
        "Lines": "10"
      },
      {
        "Lat": 52.1888,
        "Lon": 21.0032,
        "Brigade": "8",
        "Time": "2017-05-15 08:25:12",
        "Lines": "10"
      },
      {
        "Lat": 52.1888,
        "Lon": 21.0027,
        "Brigade": "8",
        "Time": "2017-05-15 08:25:23",
        "Lines": "10"
      },
      {
        "Lat": 52.1888,
        "Lon": 21.0027,
        "Brigade": "8",
        "Time": "2017-05-15 08:25:34",
        "Lines": "10"
      },
      {
        "Lat": 52.1888,
        "Lon": 21.0027,
        "Brigade": "8",
        "Time": "2017-05-15 08:25:44",
        "Lines": "10"
      },
      {
        "Lat": 52.1888,
        "Lon": 21.0027,
        "Brigade": "8",
        "Time": "2017-05-15 08:25:54",
        "Lines": "10"
      },
      {
        "Lat": 52.1888,
        "Lon": 21.0027,
        "Brigade": "8",
        "Time": "2017-05-15 08:26:05",
        "Lines": "10"
      },
      {
        "Lat": 52.1888,
        "Lon": 21.0027,
        "Brigade": "8",
        "Time": "2017-05-15 08:26:15",
        "Lines": "10"
      },
      {
        "Lat": 52.1888,
        "Lon": 21.0027,
        "Brigade": "8",
        "Time": "2017-05-15 08:26:31",
        "Lines": "10"
      },
      {
        "Lat": 52.1888,
        "Lon": 21.0026,
        "Brigade": "8",
        "Time": "2017-05-15 08:26:41",
        "Lines": "10"
      },
      {
        "Lat": 52.1888,
        "Lon": 21.002,
        "Brigade": "8",
        "Time": "2017-05-15 08:26:52",
        "Lines": "10"
      },
      {
        "Lat": 52.1888,
        "Lon": 21.0015,
        "Brigade": "8",
        "Time": "2017-05-15 08:27:02",
        "Lines": "10"
      },
      {
        "Lat": 52.1888,
        "Lon": 21.001,
        "Brigade": "8",
        "Time": "2017-05-15 08:27:13",
        "Lines": "10"
      },
      {
        "Lat": 52.1888,
        "Lon": 21.0005,
        "Brigade": "8",
        "Time": "2017-05-15 08:27:23",
        "Lines": "10"
      },
      {
        "Lat": 52.1886,
        "Lon": 21.0003,
        "Brigade": "8",
        "Time": "2017-05-15 08:27:34",
        "Lines": "10"
      },
      {
        "Lat": 52.1885,
        "Lon": 21.0003,
        "Brigade": "8",
        "Time": "2017-05-15 08:27:44",
        "Lines": "10"
      },
      {
        "Lat": 52.1885,
        "Lon": 21.0003,
        "Brigade": "8",
        "Time": "2017-05-15 08:28:00",
        "Lines": "10"
      },
      {
        "Lat": 52.1885,
        "Lon": 21.0003,
        "Brigade": "8",
        "Time": "2017-05-15 08:28:05",
        "Lines": "10"
      },
      {
        "Lat": 52.1885,
        "Lon": 21.0003,
        "Brigade": "8",
        "Time": "2017-05-15 08:28:21",
        "Lines": "10"
      },
      {
        "Lat": 52.1885,
        "Lon": 21.0003,
        "Brigade": "8",
        "Time": "2017-05-15 08:28:32",
        "Lines": "10"
      },
      {
        "Lat": 52.1885,
        "Lon": 21.0003,
        "Brigade": "8",
        "Time": "2017-05-15 08:28:42",
        "Lines": "10"
      },
      {
        "Lat": 52.1885,
        "Lon": 21.0003,
        "Brigade": "8",
        "Time": "2017-05-15 08:28:53",
        "Lines": "10"
      },
      {
        "Lat": 52.1885,
        "Lon": 21.0003,
        "Brigade": "8",
        "Time": "2017-05-15 08:29:03",
        "Lines": "10"
      },
      {
        "Lat": 52.1883,
        "Lon": 21.0004,
        "Brigade": "8",
        "Time": "2017-05-15 08:29:14",
        "Lines": "10"
      },
      {
        "Lat": 52.1882,
        "Lon": 21.0005,
        "Brigade": "8",
        "Time": "2017-05-15 08:29:24",
        "Lines": "10"
      },
      {
        "Lat": 52.1881,
        "Lon": 21.0006,
        "Brigade": "8",
        "Time": "2017-05-15 08:29:35",
        "Lines": "10"
      },
      {
        "Lat": 52.1878,
        "Lon": 21.0006,
        "Brigade": "8",
        "Time": "2017-05-15 08:29:50",
        "Lines": "10"
      },
      {
        "Lat": 52.1876,
        "Lon": 21.0006,
        "Brigade": "8",
        "Time": "2017-05-15 08:30:01",
        "Lines": "10"
      },
      {
        "Lat": 52.1875,
        "Lon": 21.0006,
        "Brigade": "8",
        "Time": "2017-05-15 08:30:11",
        "Lines": "10"
      },
      {
        "Lat": 52.1873,
        "Lon": 21.0006,
        "Brigade": "8",
        "Time": "2017-05-15 08:30:22",
        "Lines": "10"
      },
      {
        "Lat": 52.1872,
        "Lon": 21.0006,
        "Brigade": "8",
        "Time": "2017-05-15 08:30:32",
        "Lines": "10"
      },
      {
        "Lat": 52.187,
        "Lon": 21.0006,
        "Brigade": "8",
        "Time": "2017-05-15 08:30:43",
        "Lines": "10"
      },
      {
        "Lat": 52.1868,
        "Lon": 21.0006,
        "Brigade": "8",
        "Time": "2017-05-15 08:30:53",
        "Lines": "10"
      },
      {
        "Lat": 52.1867,
        "Lon": 21.0006,
        "Brigade": "8",
        "Time": "2017-05-15 08:31:04",
        "Lines": "10"
      },
      {
        "Lat": 52.1866,
        "Lon": 21.0006,
        "Brigade": "8",
        "Time": "2017-05-15 08:31:14",
        "Lines": "10"
      },
      {
        "Lat": 52.1863,
        "Lon": 21.0006,
        "Brigade": "8",
        "Time": "2017-05-15 08:31:25",
        "Lines": "10"
      },
      {
        "Lat": 52.1863,
        "Lon": 21.0006,
        "Brigade": "8",
        "Time": "2017-05-15 08:31:36",
        "Lines": "10"
      },
      {
        "Lat": 52.1863,
        "Lon": 21.0006,
        "Brigade": "8",
        "Time": "2017-05-15 08:31:47",
        "Lines": "10"
      },
      {
        "Lat": 52.1863,
        "Lon": 21.0006,
        "Brigade": "8",
        "Time": "2017-05-15 08:31:58",
        "Lines": "10"
      },
      {
        "Lat": 52.1863,
        "Lon": 21.0006,
        "Brigade": "8",
        "Time": "2017-05-15 08:32:09",
        "Lines": "10"
      },
      {
        "Lat": 52.1863,
        "Lon": 21.0006,
        "Brigade": "8",
        "Time": "2017-05-15 08:32:20",
        "Lines": "10"
      },
      {
        "Lat": 52.1863,
        "Lon": 21.0006,
        "Brigade": "8",
        "Time": "2017-05-15 08:32:31",
        "Lines": "10"
      },
      {
        "Lat": 52.1863,
        "Lon": 21.0006,
        "Brigade": "8",
        "Time": "2017-05-15 08:32:42",
        "Lines": "10"
      },
      {
        "Lat": 52.1863,
        "Lon": 21.0006,
        "Brigade": "8",
        "Time": "2017-05-15 08:32:53",
        "Lines": "10"
      },
      {
        "Lat": 52.1863,
        "Lon": 21.0006,
        "Brigade": "8",
        "Time": "2017-05-15 08:33:04",
        "Lines": "10"
      },
      {
        "Lat": 52.1863,
        "Lon": 21.0006,
        "Brigade": "8",
        "Time": "2017-05-15 08:33:09",
        "Lines": "10"
      },
      {
        "Lat": 52.1864,
        "Lon": 21.0007,
        "Brigade": "8",
        "Time": "2017-05-15 08:35:22",
        "Lines": "10"
      },
      {
        "Lat": 52.1864,
        "Lon": 21.0007,
        "Brigade": "8",
        "Time": "2017-05-15 08:35:32",
        "Lines": "10"
      },
      {
        "Lat": 52.1835,
        "Lon": 21.0003,
        "Brigade": "8",
        "Time": "2017-05-15 08:35:42",
        "Lines": "10"
      },
      {
        "Lat": 52.1825,
        "Lon": 20.9997,
        "Brigade": "8",
        "Time": "2017-05-15 08:35:53",
        "Lines": "10"
      },
      {
        "Lat": 52.1863,
        "Lon": 21.0007,
        "Brigade": "8",
        "Time": "2017-05-15 08:36:03",
        "Lines": "10"
      },
      {
        "Lat": 52.1863,
        "Lon": 21.0007,
        "Brigade": "8",
        "Time": "2017-05-15 08:36:14",
        "Lines": "10"
      },
      {
        "Lat": 52.1863,
        "Lon": 21.0007,
        "Brigade": "8",
        "Time": "2017-05-15 08:36:24",
        "Lines": "10"
      },
      {
        "Lat": 52.1863,
        "Lon": 21.0007,
        "Brigade": "8",
        "Time": "2017-05-15 08:36:35",
        "Lines": "10"
      },
      {
        "Lat": 52.1863,
        "Lon": 21.0007,
        "Brigade": "8",
        "Time": "2017-05-15 08:36:51",
        "Lines": "10"
      },
      {
        "Lat": 52.1863,
        "Lon": 21.0007,
        "Brigade": "8",
        "Time": "2017-05-15 08:37:01",
        "Lines": "10"
      },
      {
        "Lat": 52.1863,
        "Lon": 21.0007,
        "Brigade": "8",
        "Time": "2017-05-15 08:37:06",
        "Lines": "10"
      },
      {
        "Lat": 52.1863,
        "Lon": 21.0007,
        "Brigade": "8",
        "Time": "2017-05-15 08:37:17",
        "Lines": "10"
      },
      {
        "Lat": 52.1863,
        "Lon": 21.0007,
        "Brigade": "8",
        "Time": "2017-05-15 08:37:38",
        "Lines": "10"
      },
      {
        "Lat": 52.1863,
        "Lon": 21.0007,
        "Brigade": "8",
        "Time": "2017-05-15 08:37:43",
        "Lines": "10"
      },
      {
        "Lat": 52.1863,
        "Lon": 21.0007,
        "Brigade": "8",
        "Time": "2017-05-15 08:37:59",
        "Lines": "10"
      },
      {
        "Lat": 52.1863,
        "Lon": 21.0007,
        "Brigade": "8",
        "Time": "2017-05-15 08:38:09",
        "Lines": "10"
      },
      {
        "Lat": 52.1863,
        "Lon": 21.0007,
        "Brigade": "8",
        "Time": "2017-05-15 08:38:20",
        "Lines": "10"
      },
      {
        "Lat": 52.1863,
        "Lon": 21.0007,
        "Brigade": "8",
        "Time": "2017-05-15 08:38:30",
        "Lines": "10"
      },
      {
        "Lat": 52.1863,
        "Lon": 21.0007,
        "Brigade": "8",
        "Time": "2017-05-15 08:38:41",
        "Lines": "10"
      },
      {
        "Lat": 52.1863,
        "Lon": 21.0007,
        "Brigade": "8",
        "Time": "2017-05-15 08:38:51",
        "Lines": "10"
      },
      {
        "Lat": 52.1863,
        "Lon": 21.0007,
        "Brigade": "8",
        "Time": "2017-05-15 08:39:02",
        "Lines": "10"
      },
      {
        "Lat": 52.1863,
        "Lon": 21.0007,
        "Brigade": "8",
        "Time": "2017-05-15 08:39:12",
        "Lines": "10"
      },
      {
        "Lat": 52.1863,
        "Lon": 21.0007,
        "Brigade": "8",
        "Time": "2017-05-15 08:39:23",
        "Lines": "10"
      },
      {
        "Lat": 52.1863,
        "Lon": 21.0007,
        "Brigade": "8",
        "Time": "2017-05-15 08:39:33",
        "Lines": "10"
      },
      {
        "Lat": 52.1863,
        "Lon": 21.0007,
        "Brigade": "8",
        "Time": "2017-05-15 08:39:49",
        "Lines": "10"
      },
      {
        "Lat": 52.1863,
        "Lon": 21.0007,
        "Brigade": "8",
        "Time": "2017-05-15 08:39:59",
        "Lines": "10"
      },
      {
        "Lat": 52.1863,
        "Lon": 21.0007,
        "Brigade": "8",
        "Time": "2017-05-15 08:40:10",
        "Lines": "10"
      },
      {
        "Lat": 52.1863,
        "Lon": 21.0007,
        "Brigade": "8",
        "Time": "2017-05-15 08:40:20",
        "Lines": "10"
      },
      {
        "Lat": 52.1863,
        "Lon": 21.0007,
        "Brigade": "8",
        "Time": "2017-05-15 08:40:31",
        "Lines": "10"
      },
      {
        "Lat": 52.1863,
        "Lon": 21.0007,
        "Brigade": "8",
        "Time": "2017-05-15 08:40:41",
        "Lines": "10"
      },
      {
        "Lat": 52.1863,
        "Lon": 21.0007,
        "Brigade": "8",
        "Time": "2017-05-15 08:40:52",
        "Lines": "10"
      },
      {
        "Lat": 52.1863,
        "Lon": 21.0007,
        "Brigade": "8",
        "Time": "2017-05-15 08:41:07",
        "Lines": "10"
      },
      {
        "Lat": 52.1863,
        "Lon": 21.0007,
        "Brigade": "8",
        "Time": "2017-05-15 08:41:13",
        "Lines": "10"
      },
      {
        "Lat": 52.1863,
        "Lon": 21.0007,
        "Brigade": "8",
        "Time": "2017-05-15 08:41:28",
        "Lines": "10"
      },
      {
        "Lat": 52.1863,
        "Lon": 21.0007,
        "Brigade": "8",
        "Time": "2017-05-15 08:41:39",
        "Lines": "10"
      },
      {
        "Lat": 52.1863,
        "Lon": 21.0007,
        "Brigade": "8",
        "Time": "2017-05-15 08:41:49",
        "Lines": "10"
      },
      {
        "Lat": 52.1863,
        "Lon": 21.0007,
        "Brigade": "8",
        "Time": "2017-05-15 08:42:00",
        "Lines": "10"
      },
      {
        "Lat": 52.1863,
        "Lon": 21.0007,
        "Brigade": "8",
        "Time": "2017-05-15 08:42:10",
        "Lines": "10"
      },
      {
        "Lat": 52.1863,
        "Lon": 21.0007,
        "Brigade": "8",
        "Time": "2017-05-15 08:42:21",
        "Lines": "10"
      },
      {
        "Lat": 52.1863,
        "Lon": 21.0007,
        "Brigade": "8",
        "Time": "2017-05-15 08:42:36",
        "Lines": "10"
      },
      {
        "Lat": 52.1863,
        "Lon": 21.0007,
        "Brigade": "8",
        "Time": "2017-05-15 08:42:47",
        "Lines": "10"
      },
      {
        "Lat": 52.1863,
        "Lon": 21.0007,
        "Brigade": "8",
        "Time": "2017-05-15 08:42:57",
        "Lines": "10"
      },
      {
        "Lat": 52.1863,
        "Lon": 21.0007,
        "Brigade": "8",
        "Time": "2017-05-15 08:43:08",
        "Lines": "10"
      },
      {
        "Lat": 52.1863,
        "Lon": 21.0007,
        "Brigade": "8",
        "Time": "2017-05-15 08:43:18",
        "Lines": "10"
      },
      {
        "Lat": 52.1863,
        "Lon": 21.0007,
        "Brigade": "8",
        "Time": "2017-05-15 08:43:29",
        "Lines": "10"
      },
      {
        "Lat": 52.1863,
        "Lon": 21.0007,
        "Brigade": "8",
        "Time": "2017-05-15 08:43:45",
        "Lines": "10"
      },
      {
        "Lat": 52.1863,
        "Lon": 21.0007,
        "Brigade": "8",
        "Time": "2017-05-15 08:43:55",
        "Lines": "10"
      },
      {
        "Lat": 52.1863,
        "Lon": 21.0007,
        "Brigade": "8",
        "Time": "2017-05-15 08:44:06",
        "Lines": "10"
      },
      {
        "Lat": 52.1863,
        "Lon": 21.0007,
        "Brigade": "8",
        "Time": "2017-05-15 08:44:16",
        "Lines": "10"
      },
      {
        "Lat": 52.1863,
        "Lon": 21.0007,
        "Brigade": "8",
        "Time": "2017-05-15 08:44:27",
        "Lines": "10"
      },
      {
        "Lat": 52.1863,
        "Lon": 21.0007,
        "Brigade": "8",
        "Time": "2017-05-15 08:44:38",
        "Lines": "10"
      },
      {
        "Lat": 52.1863,
        "Lon": 21.0007,
        "Brigade": "8",
        "Time": "2017-05-15 08:44:48",
        "Lines": "10"
      },
      {
        "Lat": 52.1863,
        "Lon": 21.0007,
        "Brigade": "8",
        "Time": "2017-05-15 08:45:03",
        "Lines": "10"
      },
      {
        "Lat": 52.1863,
        "Lon": 21.0007,
        "Brigade": "8",
        "Time": "2017-05-15 08:45:14",
        "Lines": "10"
      },
      {
        "Lat": 52.1863,
        "Lon": 21.0007,
        "Brigade": "8",
        "Time": "2017-05-15 08:45:24",
        "Lines": "10"
      },
      {
        "Lat": 52.1863,
        "Lon": 21.0007,
        "Brigade": "8",
        "Time": "2017-05-15 08:45:35",
        "Lines": "10"
      },
      {
        "Lat": 52.1863,
        "Lon": 21.0007,
        "Brigade": "8",
        "Time": "2017-05-15 08:45:45",
        "Lines": "10"
      },
      {
        "Lat": 52.1863,
        "Lon": 21.0007,
        "Brigade": "8",
        "Time": "2017-05-15 08:45:56",
        "Lines": "10"
      },
      {
        "Lat": 52.1863,
        "Lon": 21.0007,
        "Brigade": "8",
        "Time": "2017-05-15 08:46:06",
        "Lines": "10"
      },
      {
        "Lat": 52.1863,
        "Lon": 21.0007,
        "Brigade": "8",
        "Time": "2017-05-15 08:46:17",
        "Lines": "10"
      },
      {
        "Lat": 52.1863,
        "Lon": 21.0007,
        "Brigade": "8",
        "Time": "2017-05-15 08:46:27",
        "Lines": "10"
      },
      {
        "Lat": 52.1863,
        "Lon": 21.0007,
        "Brigade": "8",
        "Time": "2017-05-15 08:46:43",
        "Lines": "10"
      },
      {
        "Lat": 52.1863,
        "Lon": 21.0007,
        "Brigade": "8",
        "Time": "2017-05-15 08:46:53",
        "Lines": "10"
      },
      {
        "Lat": 52.1863,
        "Lon": 21.0007,
        "Brigade": "8",
        "Time": "2017-05-15 08:47:04",
        "Lines": "10"
      },
      {
        "Lat": 52.1863,
        "Lon": 21.0007,
        "Brigade": "8",
        "Time": "2017-05-15 08:47:14",
        "Lines": "10"
      },
      {
        "Lat": 52.1863,
        "Lon": 21.0007,
        "Brigade": "8",
        "Time": "2017-05-15 08:47:25",
        "Lines": "10"
      },
      {
        "Lat": 52.1863,
        "Lon": 21.0007,
        "Brigade": "8",
        "Time": "2017-05-15 08:47:35",
        "Lines": "10"
      },
      {
        "Lat": 52.1863,
        "Lon": 21.0007,
        "Brigade": "8",
        "Time": "2017-05-15 08:47:46",
        "Lines": "10"
      },
      {
        "Lat": 52.1863,
        "Lon": 21.0007,
        "Brigade": "8",
        "Time": "2017-05-15 08:47:56",
        "Lines": "10"
      },
      {
        "Lat": 52.1863,
        "Lon": 21.0007,
        "Brigade": "8",
        "Time": "2017-05-15 08:48:07",
        "Lines": "10"
      },
      {
        "Lat": 52.1863,
        "Lon": 21.0007,
        "Brigade": "8",
        "Time": "2017-05-15 08:48:17",
        "Lines": "10"
      },
      {
        "Lat": 52.1863,
        "Lon": 21.0007,
        "Brigade": "8",
        "Time": "2017-05-15 08:48:28",
        "Lines": "10"
      },
      {
        "Lat": 52.1863,
        "Lon": 21.0007,
        "Brigade": "8",
        "Time": "2017-05-15 08:48:43",
        "Lines": "10"
      },
      {
        "Lat": 52.1863,
        "Lon": 21.0007,
        "Brigade": "8",
        "Time": "2017-05-15 08:48:54",
        "Lines": "10"
      },
      {
        "Lat": 52.1863,
        "Lon": 21.0007,
        "Brigade": "8",
        "Time": "2017-05-15 08:49:04",
        "Lines": "10"
      },
      {
        "Lat": 52.1863,
        "Lon": 21.0007,
        "Brigade": "8",
        "Time": "2017-05-15 08:49:15",
        "Lines": "10"
      },
      {
        "Lat": 52.1863,
        "Lon": 21.0007,
        "Brigade": "8",
        "Time": "2017-05-15 08:49:25",
        "Lines": "10"
      },
      {
        "Lat": 52.1863,
        "Lon": 21.0007,
        "Brigade": "8",
        "Time": "2017-05-15 08:49:36",
        "Lines": "10"
      },
      {
        "Lat": 52.1863,
        "Lon": 21.0007,
        "Brigade": "8",
        "Time": "2017-05-15 08:49:46",
        "Lines": "10"
      },
      {
        "Lat": 52.1863,
        "Lon": 21.0007,
        "Brigade": "8",
        "Time": "2017-05-15 08:49:57",
        "Lines": "10"
      },
      {
        "Lat": 52.1863,
        "Lon": 21.0007,
        "Brigade": "8",
        "Time": "2017-05-15 08:50:07",
        "Lines": "10"
      },
      {
        "Lat": 52.1863,
        "Lon": 21.0007,
        "Brigade": "8",
        "Time": "2017-05-15 08:50:23",
        "Lines": "10"
      },
      {
        "Lat": 52.1863,
        "Lon": 21.0007,
        "Brigade": "8",
        "Time": "2017-05-15 08:50:34",
        "Lines": "10"
      },
      {
        "Lat": 52.1863,
        "Lon": 21.0007,
        "Brigade": "8",
        "Time": "2017-05-15 08:50:44",
        "Lines": "10"
      },
      {
        "Lat": 52.1863,
        "Lon": 21.0007,
        "Brigade": "8",
        "Time": "2017-05-15 08:50:55",
        "Lines": "10"
      },
      {
        "Lat": 52.1863,
        "Lon": 21.0007,
        "Brigade": "8",
        "Time": "2017-05-15 08:51:05",
        "Lines": "10"
      },
      {
        "Lat": 52.1863,
        "Lon": 21.0007,
        "Brigade": "8",
        "Time": "2017-05-15 08:51:16",
        "Lines": "10"
      },
      {
        "Lat": 52.1863,
        "Lon": 21.0007,
        "Brigade": "8",
        "Time": "2017-05-15 08:51:26",
        "Lines": "10"
      },
      {
        "Lat": 52.1863,
        "Lon": 21.0007,
        "Brigade": "8",
        "Time": "2017-05-15 08:51:36",
        "Lines": "10"
      },
      {
        "Lat": 52.1863,
        "Lon": 21.0007,
        "Brigade": "8",
        "Time": "2017-05-15 08:51:47",
        "Lines": "10"
      },
      {
        "Lat": 52.1863,
        "Lon": 21.0007,
        "Brigade": "8",
        "Time": "2017-05-15 08:51:57",
        "Lines": "10"
      },
      {
        "Lat": 52.1863,
        "Lon": 21.0007,
        "Brigade": "8",
        "Time": "2017-05-15 08:52:08",
        "Lines": "10"
      },
      {
        "Lat": 52.1863,
        "Lon": 21.0007,
        "Brigade": "8",
        "Time": "2017-05-15 08:52:19",
        "Lines": "10"
      },
      {
        "Lat": 52.1863,
        "Lon": 21.0007,
        "Brigade": "8",
        "Time": "2017-05-15 08:52:34",
        "Lines": "10"
      },
      {
        "Lat": 52.1863,
        "Lon": 21.0007,
        "Brigade": "8",
        "Time": "2017-05-15 08:52:45",
        "Lines": "10"
      },
      {
        "Lat": 52.1863,
        "Lon": 21.0007,
        "Brigade": "8",
        "Time": "2017-05-15 08:52:55",
        "Lines": "10"
      },
      {
        "Lat": 52.1863,
        "Lon": 21.0007,
        "Brigade": "8",
        "Time": "2017-05-15 08:53:06",
        "Lines": "10"
      },
      {
        "Lat": 52.1863,
        "Lon": 21.0007,
        "Brigade": "8",
        "Time": "2017-05-15 08:53:17",
        "Lines": "10"
      },
      {
        "Lat": 52.1863,
        "Lon": 21.0007,
        "Brigade": "8",
        "Time": "2017-05-15 08:53:27",
        "Lines": "10"
      },
      {
        "Lat": 52.1863,
        "Lon": 21.0007,
        "Brigade": "8",
        "Time": "2017-05-15 08:53:37",
        "Lines": "10"
      },
      {
        "Lat": 52.1863,
        "Lon": 21.0007,
        "Brigade": "8",
        "Time": "2017-05-15 08:53:48",
        "Lines": "10"
      },
      {
        "Lat": 52.1863,
        "Lon": 21.0007,
        "Brigade": "8",
        "Time": "2017-05-15 08:53:58",
        "Lines": "10"
      },
      {
        "Lat": 52.1863,
        "Lon": 21.0007,
        "Brigade": "8",
        "Time": "2017-05-15 08:54:09",
        "Lines": "10"
      },
      {
        "Lat": 52.1863,
        "Lon": 21.0007,
        "Brigade": "8",
        "Time": "2017-05-15 08:54:24",
        "Lines": "10"
      },
      {
        "Lat": 52.1863,
        "Lon": 21.0007,
        "Brigade": "8",
        "Time": "2017-05-15 08:54:35",
        "Lines": "10"
      },
      {
        "Lat": 52.1863,
        "Lon": 21.0007,
        "Brigade": "8",
        "Time": "2017-05-15 08:54:45",
        "Lines": "10"
      },
      {
        "Lat": 52.1863,
        "Lon": 21.0007,
        "Brigade": "8",
        "Time": "2017-05-15 08:54:56",
        "Lines": "10"
      },
      {
        "Lat": 52.1863,
        "Lon": 21.0007,
        "Brigade": "8",
        "Time": "2017-05-15 08:55:06",
        "Lines": "10"
      },
      {
        "Lat": 52.1863,
        "Lon": 21.0007,
        "Brigade": "8",
        "Time": "2017-05-15 08:55:17",
        "Lines": "10"
      },
      {
        "Lat": 52.1863,
        "Lon": 21.0007,
        "Brigade": "8",
        "Time": "2017-05-15 08:55:27",
        "Lines": "10"
      },
      {
        "Lat": 52.1863,
        "Lon": 21.0007,
        "Brigade": "8",
        "Time": "2017-05-15 08:55:38",
        "Lines": "10"
      },
      {
        "Lat": 52.1863,
        "Lon": 21.0007,
        "Brigade": "8",
        "Time": "2017-05-15 08:55:48",
        "Lines": "10"
      },
      {
        "Lat": 52.1863,
        "Lon": 21.0007,
        "Brigade": "8",
        "Time": "2017-05-15 08:55:59",
        "Lines": "10"
      },
      {
        "Lat": 52.1863,
        "Lon": 21.0007,
        "Brigade": "8",
        "Time": "2017-05-15 08:56:09",
        "Lines": "10"
      },
      {
        "Lat": 52.1863,
        "Lon": 21.0007,
        "Brigade": "8",
        "Time": "2017-05-15 08:56:20",
        "Lines": "10"
      },
      {
        "Lat": 52.1863,
        "Lon": 21.0007,
        "Brigade": "8",
        "Time": "2017-05-15 08:56:35",
        "Lines": "10"
      },
      {
        "Lat": 52.1863,
        "Lon": 21.0007,
        "Brigade": "8",
        "Time": "2017-05-15 08:56:46",
        "Lines": "10"
      },
      {
        "Lat": 52.1863,
        "Lon": 21.0007,
        "Brigade": "8",
        "Time": "2017-05-15 08:56:56",
        "Lines": "10"
      },
      {
        "Lat": 52.1863,
        "Lon": 21.0007,
        "Brigade": "8",
        "Time": "2017-05-15 08:57:07",
        "Lines": "10"
      },
      {
        "Lat": 52.1863,
        "Lon": 21.0007,
        "Brigade": "8",
        "Time": "2017-05-15 08:57:17",
        "Lines": "10"
      },
      {
        "Lat": 52.1863,
        "Lon": 21.0007,
        "Brigade": "8",
        "Time": "2017-05-15 08:57:28",
        "Lines": "10"
      },
      {
        "Lat": 52.1863,
        "Lon": 21.0007,
        "Brigade": "8",
        "Time": "2017-05-15 08:57:38",
        "Lines": "10"
      },
      {
        "Lat": 52.1863,
        "Lon": 21.0007,
        "Brigade": "8",
        "Time": "2017-05-15 08:57:49",
        "Lines": "10"
      },
      {
        "Lat": 52.1863,
        "Lon": 21.0007,
        "Brigade": "8",
        "Time": "2017-05-15 08:58:04",
        "Lines": "10"
      },
      {
        "Lat": 52.1863,
        "Lon": 21.0007,
        "Brigade": "8",
        "Time": "2017-05-15 08:58:15",
        "Lines": "10"
      },
      {
        "Lat": 52.1863,
        "Lon": 21.0007,
        "Brigade": "8",
        "Time": "2017-05-15 08:58:25",
        "Lines": "10"
      },
      {
        "Lat": 52.1863,
        "Lon": 21.0007,
        "Brigade": "8",
        "Time": "2017-05-15 08:58:36",
        "Lines": "10"
      },
      {
        "Lat": 52.1863,
        "Lon": 21.0007,
        "Brigade": "8",
        "Time": "2017-05-15 08:58:46",
        "Lines": "10"
      },
      {
        "Lat": 52.1863,
        "Lon": 21.0007,
        "Brigade": "8",
        "Time": "2017-05-15 08:58:57",
        "Lines": "10"
      },
      {
        "Lat": 52.1863,
        "Lon": 21.0007,
        "Brigade": "8",
        "Time": "2017-05-15 08:59:07",
        "Lines": "10"
      },
      {
        "Lat": 52.1863,
        "Lon": 21.0007,
        "Brigade": "8",
        "Time": "2017-05-15 08:59:18",
        "Lines": "10"
      },
      {
        "Lat": 52.1863,
        "Lon": 21.0007,
        "Brigade": "8",
        "Time": "2017-05-15 08:59:28",
        "Lines": "10"
      },
      {
        "Lat": 52.1863,
        "Lon": 21.0007,
        "Brigade": "8",
        "Time": "2017-05-15 08:59:39",
        "Lines": "10"
      },
      {
        "Lat": 52.1863,
        "Lon": 21.0007,
        "Brigade": "8",
        "Time": "2017-05-15 08:59:54",
        "Lines": "10"
      },
      {
        "Lat": 52.1863,
        "Lon": 21.0007,
        "Brigade": "8",
        "Time": "2017-05-15 09:00:05",
        "Lines": "10"
      },
      {
        "Lat": 52.1863,
        "Lon": 21.0007,
        "Brigade": "8",
        "Time": "2017-05-15 09:00:15",
        "Lines": "10"
      },
      {
        "Lat": 52.1863,
        "Lon": 21.0007,
        "Brigade": "8",
        "Time": "2017-05-15 09:00:26",
        "Lines": "10"
      },
      {
        "Lat": 52.1863,
        "Lon": 21.0007,
        "Brigade": "8",
        "Time": "2017-05-15 09:00:36",
        "Lines": "10"
      },
      {
        "Lat": 52.1863,
        "Lon": 21.0007,
        "Brigade": "8",
        "Time": "2017-05-15 09:00:47",
        "Lines": "10"
      },
      {
        "Lat": 52.1863,
        "Lon": 21.0007,
        "Brigade": "8",
        "Time": "2017-05-15 09:00:57",
        "Lines": "10"
      },
      {
        "Lat": 52.1863,
        "Lon": 21.0007,
        "Brigade": "8",
        "Time": "2017-05-15 09:01:08",
        "Lines": "10"
      },
      {
        "Lat": 52.1863,
        "Lon": 21.0007,
        "Brigade": "8",
        "Time": "2017-05-15 09:01:18",
        "Lines": "10"
      },
      {
        "Lat": 52.1863,
        "Lon": 21.0007,
        "Brigade": "8",
        "Time": "2017-05-15 09:01:29",
        "Lines": "10"
      },
      {
        "Lat": 52.1863,
        "Lon": 21.0007,
        "Brigade": "8",
        "Time": "2017-05-15 09:01:45",
        "Lines": "10"
      },
      {
        "Lat": 52.1863,
        "Lon": 21.0007,
        "Brigade": "8",
        "Time": "2017-05-15 09:01:55",
        "Lines": "10"
      },
      {
        "Lat": 52.1863,
        "Lon": 21.0007,
        "Brigade": "8",
        "Time": "2017-05-15 09:02:05",
        "Lines": "10"
      },
      {
        "Lat": 52.1863,
        "Lon": 21.0007,
        "Brigade": "8",
        "Time": "2017-05-15 09:02:16",
        "Lines": "10"
      },
      {
        "Lat": 52.1863,
        "Lon": 21.0007,
        "Brigade": "8",
        "Time": "2017-05-15 09:02:27",
        "Lines": "10"
      },
      {
        "Lat": 52.1863,
        "Lon": 21.0007,
        "Brigade": "8",
        "Time": "2017-05-15 09:02:37",
        "Lines": "10"
      },
      {
        "Lat": 52.1863,
        "Lon": 21.0007,
        "Brigade": "8",
        "Time": "2017-05-15 09:02:48",
        "Lines": "10"
      },
      {
        "Lat": 52.1863,
        "Lon": 21.0007,
        "Brigade": "8",
        "Time": "2017-05-15 09:02:58",
        "Lines": "10"
      },
      {
        "Lat": 52.1863,
        "Lon": 21.0007,
        "Brigade": "8",
        "Time": "2017-05-15 09:03:08",
        "Lines": "10"
      },
      {
        "Lat": 52.1863,
        "Lon": 21.0007,
        "Brigade": "8",
        "Time": "2017-05-15 09:03:19",
        "Lines": "10"
      },
      {
        "Lat": 52.1863,
        "Lon": 21.0007,
        "Brigade": "8",
        "Time": "2017-05-15 09:03:35",
        "Lines": "10"
      },
      {
        "Lat": 52.1863,
        "Lon": 21.0007,
        "Brigade": "8",
        "Time": "2017-05-15 09:03:40",
        "Lines": "10"
      },
      {
        "Lat": 52.1863,
        "Lon": 21.0007,
        "Brigade": "8",
        "Time": "2017-05-15 09:03:56",
        "Lines": "10"
      },
      {
        "Lat": 52.1863,
        "Lon": 21.0007,
        "Brigade": "8",
        "Time": "2017-05-15 09:04:06",
        "Lines": "10"
      },
      {
        "Lat": 52.1863,
        "Lon": 21.0007,
        "Brigade": "8",
        "Time": "2017-05-15 09:04:17",
        "Lines": "10"
      },
      {
        "Lat": 52.1863,
        "Lon": 21.0007,
        "Brigade": "8",
        "Time": "2017-05-15 09:04:27",
        "Lines": "10"
      },
      {
        "Lat": 52.1863,
        "Lon": 21.0007,
        "Brigade": "8",
        "Time": "2017-05-15 09:04:38",
        "Lines": "10"
      },
      {
        "Lat": 52.1863,
        "Lon": 21.0007,
        "Brigade": "8",
        "Time": "2017-05-15 09:04:48",
        "Lines": "10"
      },
      {
        "Lat": 52.1863,
        "Lon": 21.0007,
        "Brigade": "8",
        "Time": "2017-05-15 09:04:59",
        "Lines": "10"
      },
      {
        "Lat": 52.1863,
        "Lon": 21.0007,
        "Brigade": "8",
        "Time": "2017-05-15 09:05:09",
        "Lines": "10"
      },
      {
        "Lat": 52.1863,
        "Lon": 21.0007,
        "Brigade": "8",
        "Time": "2017-05-15 09:05:25",
        "Lines": "10"
      },
      {
        "Lat": 52.1863,
        "Lon": 21.0007,
        "Brigade": "8",
        "Time": "2017-05-15 09:05:35",
        "Lines": "10"
      },
      {
        "Lat": 52.1863,
        "Lon": 21.0007,
        "Brigade": "8",
        "Time": "2017-05-15 09:05:46",
        "Lines": "10"
      },
      {
        "Lat": 52.1863,
        "Lon": 21.0007,
        "Brigade": "8",
        "Time": "2017-05-15 09:05:56",
        "Lines": "10"
      },
      {
        "Lat": 52.1863,
        "Lon": 21.0007,
        "Brigade": "8",
        "Time": "2017-05-15 09:06:07",
        "Lines": "10"
      },
      {
        "Lat": 52.1863,
        "Lon": 21.0007,
        "Brigade": "8",
        "Time": "2017-05-15 09:06:17",
        "Lines": "10"
      },
      {
        "Lat": 52.1863,
        "Lon": 21.0007,
        "Brigade": "8",
        "Time": "2017-05-15 09:06:28",
        "Lines": "10"
      },
      {
        "Lat": 52.1863,
        "Lon": 21.0007,
        "Brigade": "8",
        "Time": "2017-05-15 09:06:38",
        "Lines": "10"
      },
      {
        "Lat": 52.1863,
        "Lon": 21.0007,
        "Brigade": "8",
        "Time": "2017-05-15 09:06:49",
        "Lines": "10"
      },
      {
        "Lat": 52.1863,
        "Lon": 21.0007,
        "Brigade": "8",
        "Time": "2017-05-15 09:06:59",
        "Lines": "10"
      },
      {
        "Lat": 52.1863,
        "Lon": 21.0007,
        "Brigade": "8",
        "Time": "2017-05-15 09:07:10",
        "Lines": "10"
      },
      {
        "Lat": 52.1863,
        "Lon": 21.0007,
        "Brigade": "8",
        "Time": "2017-05-15 09:07:20",
        "Lines": "10"
      },
      {
        "Lat": 52.1863,
        "Lon": 21.0007,
        "Brigade": "8",
        "Time": "2017-05-15 09:07:36",
        "Lines": "10"
      },
      {
        "Lat": 52.1863,
        "Lon": 21.0007,
        "Brigade": "8",
        "Time": "2017-05-15 09:07:46",
        "Lines": "10"
      },
      {
        "Lat": 52.1863,
        "Lon": 21.0007,
        "Brigade": "8",
        "Time": "2017-05-15 09:07:57",
        "Lines": "10"
      },
      {
        "Lat": 52.1863,
        "Lon": 21.0007,
        "Brigade": "8",
        "Time": "2017-05-15 09:08:07",
        "Lines": "10"
      },
      {
        "Lat": 52.1863,
        "Lon": 21.0007,
        "Brigade": "8",
        "Time": "2017-05-15 09:08:18",
        "Lines": "10"
      },
      {
        "Lat": 52.1863,
        "Lon": 21.0007,
        "Brigade": "8",
        "Time": "2017-05-15 09:08:29",
        "Lines": "10"
      },
      {
        "Lat": 52.1863,
        "Lon": 21.0007,
        "Brigade": "8",
        "Time": "2017-05-15 09:08:39",
        "Lines": "10"
      },
      {
        "Lat": 52.1863,
        "Lon": 21.0007,
        "Brigade": "8",
        "Time": "2017-05-15 09:08:49",
        "Lines": "10"
      },
      {
        "Lat": 52.1863,
        "Lon": 21.0007,
        "Brigade": "8",
        "Time": "2017-05-15 09:09:00",
        "Lines": "10"
      },
      {
        "Lat": 52.1863,
        "Lon": 21.0007,
        "Brigade": "8",
        "Time": "2017-05-15 09:09:16",
        "Lines": "10"
      },
      {
        "Lat": 52.1863,
        "Lon": 21.0007,
        "Brigade": "8",
        "Time": "2017-05-15 09:09:26",
        "Lines": "10"
      },
      {
        "Lat": 52.1863,
        "Lon": 21.0007,
        "Brigade": "8",
        "Time": "2017-05-15 09:09:36",
        "Lines": "10"
      },
      {
        "Lat": 52.1863,
        "Lon": 21.0007,
        "Brigade": "8",
        "Time": "2017-05-15 09:09:47",
        "Lines": "10"
      },
      {
        "Lat": 52.1863,
        "Lon": 21.0007,
        "Brigade": "8",
        "Time": "2017-05-15 09:09:57",
        "Lines": "10"
      },
      {
        "Lat": 52.1863,
        "Lon": 21.0007,
        "Brigade": "8",
        "Time": "2017-05-15 09:10:08",
        "Lines": "10"
      },
      {
        "Lat": 52.1863,
        "Lon": 21.0007,
        "Brigade": "8",
        "Time": "2017-05-15 09:10:18",
        "Lines": "10"
      },
      {
        "Lat": 52.1863,
        "Lon": 21.0007,
        "Brigade": "8",
        "Time": "2017-05-15 09:10:29",
        "Lines": "10"
      },
      {
        "Lat": 52.1863,
        "Lon": 21.0007,
        "Brigade": "8",
        "Time": "2017-05-15 09:10:40",
        "Lines": "10"
      },
      {
        "Lat": 52.1863,
        "Lon": 21.0007,
        "Brigade": "8",
        "Time": "2017-05-15 09:10:55",
        "Lines": "10"
      },
      {
        "Lat": 52.1863,
        "Lon": 21.0007,
        "Brigade": "8",
        "Time": "2017-05-15 09:11:06",
        "Lines": "10"
      },
      {
        "Lat": 52.1863,
        "Lon": 21.0007,
        "Brigade": "8",
        "Time": "2017-05-15 09:11:16",
        "Lines": "10"
      },
      {
        "Lat": 52.1863,
        "Lon": 21.0007,
        "Brigade": "8",
        "Time": "2017-05-15 09:11:27",
        "Lines": "10"
      },
      {
        "Lat": 52.1863,
        "Lon": 21.0007,
        "Brigade": "8",
        "Time": "2017-05-15 09:11:37",
        "Lines": "10"
      },
      {
        "Lat": 52.1863,
        "Lon": 21.0007,
        "Brigade": "8",
        "Time": "2017-05-15 09:11:48",
        "Lines": "10"
      },
      {
        "Lat": 52.1863,
        "Lon": 21.0007,
        "Brigade": "8",
        "Time": "2017-05-15 09:11:58",
        "Lines": "10"
      },
      {
        "Lat": 52.1863,
        "Lon": 21.0007,
        "Brigade": "8",
        "Time": "2017-05-15 09:12:09",
        "Lines": "10"
      },
      {
        "Lat": 52.1863,
        "Lon": 21.0007,
        "Brigade": "8",
        "Time": "2017-05-15 09:12:19",
        "Lines": "10"
      },
      {
        "Lat": 52.1863,
        "Lon": 21.0007,
        "Brigade": "8",
        "Time": "2017-05-15 09:12:30",
        "Lines": "10"
      },
      {
        "Lat": 52.1863,
        "Lon": 21.0007,
        "Brigade": "8",
        "Time": "2017-05-15 09:12:40",
        "Lines": "10"
      },
      {
        "Lat": 52.1863,
        "Lon": 21.0007,
        "Brigade": "8",
        "Time": "2017-05-15 09:12:56",
        "Lines": "10"
      },
      {
        "Lat": 52.1863,
        "Lon": 21.0007,
        "Brigade": "8",
        "Time": "2017-05-15 09:13:06",
        "Lines": "10"
      },
      {
        "Lat": 52.1863,
        "Lon": 21.0007,
        "Brigade": "8",
        "Time": "2017-05-15 09:13:17",
        "Lines": "10"
      },
      {
        "Lat": 52.1863,
        "Lon": 21.0007,
        "Brigade": "8",
        "Time": "2017-05-15 09:13:27",
        "Lines": "10"
      },
      {
        "Lat": 52.1863,
        "Lon": 21.0007,
        "Brigade": "8",
        "Time": "2017-05-15 09:13:38",
        "Lines": "10"
      },
      {
        "Lat": 52.1863,
        "Lon": 21.0007,
        "Brigade": "8",
        "Time": "2017-05-15 09:13:48",
        "Lines": "10"
      },
      {
        "Lat": 52.1863,
        "Lon": 21.0007,
        "Brigade": "8",
        "Time": "2017-05-15 09:13:59",
        "Lines": "10"
      },
      {
        "Lat": 52.1863,
        "Lon": 21.0007,
        "Brigade": "8",
        "Time": "2017-05-15 09:14:09",
        "Lines": "10"
      },
      {
        "Lat": 52.1863,
        "Lon": 21.0007,
        "Brigade": "8",
        "Time": "2017-05-15 09:14:25",
        "Lines": "10"
      },
      {
        "Lat": 52.1863,
        "Lon": 21.0007,
        "Brigade": "8",
        "Time": "2017-05-15 09:14:30",
        "Lines": "10"
      },
      {
        "Lat": 52.1863,
        "Lon": 21.0007,
        "Brigade": "8",
        "Time": "2017-05-15 09:14:46",
        "Lines": "10"
      },
      {
        "Lat": 52.1863,
        "Lon": 21.0007,
        "Brigade": "8",
        "Time": "2017-05-15 09:14:56",
        "Lines": "10"
      },
      {
        "Lat": 52.1863,
        "Lon": 21.0007,
        "Brigade": "8",
        "Time": "2017-05-15 09:15:07",
        "Lines": "10"
      },
      {
        "Lat": 52.1863,
        "Lon": 21.0007,
        "Brigade": "8",
        "Time": "2017-05-15 09:15:17",
        "Lines": "10"
      },
      {
        "Lat": 52.1863,
        "Lon": 21.0007,
        "Brigade": "8",
        "Time": "2017-05-15 09:15:28",
        "Lines": "10"
      },
      {
        "Lat": 52.1863,
        "Lon": 21.0007,
        "Brigade": "8",
        "Time": "2017-05-15 09:15:38",
        "Lines": "10"
      },
      {
        "Lat": 52.1863,
        "Lon": 21.0007,
        "Brigade": "8",
        "Time": "2017-05-15 09:15:49",
        "Lines": "10"
      },
      {
        "Lat": 52.1863,
        "Lon": 21.0007,
        "Brigade": "8",
        "Time": "2017-05-15 09:15:59",
        "Lines": "10"
      },
      {
        "Lat": 52.1863,
        "Lon": 21.0007,
        "Brigade": "8",
        "Time": "2017-05-15 09:16:10",
        "Lines": "10"
      },
      {
        "Lat": 52.1863,
        "Lon": 21.0007,
        "Brigade": "8",
        "Time": "2017-05-15 09:16:25",
        "Lines": "10"
      },
      {
        "Lat": 52.1863,
        "Lon": 21.0007,
        "Brigade": "8",
        "Time": "2017-05-15 09:16:36",
        "Lines": "10"
      },
      {
        "Lat": 52.1863,
        "Lon": 21.0007,
        "Brigade": "8",
        "Time": "2017-05-15 09:16:46",
        "Lines": "10"
      },
      {
        "Lat": 52.1863,
        "Lon": 21.0007,
        "Brigade": "8",
        "Time": "2017-05-15 09:16:57",
        "Lines": "10"
      },
      {
        "Lat": 52.1863,
        "Lon": 21.0007,
        "Brigade": "8",
        "Time": "2017-05-15 09:17:07",
        "Lines": "10"
      },
      {
        "Lat": 52.1863,
        "Lon": 21.0007,
        "Brigade": "8",
        "Time": "2017-05-15 09:17:18",
        "Lines": "10"
      },
      {
        "Lat": 52.1863,
        "Lon": 21.0007,
        "Brigade": "8",
        "Time": "2017-05-15 09:17:28",
        "Lines": "10"
      },
      {
        "Lat": 52.1863,
        "Lon": 21.0007,
        "Brigade": "8",
        "Time": "2017-05-15 09:17:44",
        "Lines": "10"
      },
      {
        "Lat": 52.1863,
        "Lon": 21.0007,
        "Brigade": "8",
        "Time": "2017-05-15 09:17:55",
        "Lines": "10"
      },
      {
        "Lat": 52.1863,
        "Lon": 21.0007,
        "Brigade": "8",
        "Time": "2017-05-15 09:18:06",
        "Lines": "10"
      },
      {
        "Lat": 52.1863,
        "Lon": 21.0007,
        "Brigade": "8",
        "Time": "2017-05-15 09:18:16",
        "Lines": "10"
      },
      {
        "Lat": 52.1863,
        "Lon": 21.0007,
        "Brigade": "8",
        "Time": "2017-05-15 09:18:28",
        "Lines": "10"
      },
      {
        "Lat": 52.1863,
        "Lon": 21.0007,
        "Brigade": "8",
        "Time": "2017-05-15 09:18:37",
        "Lines": "10"
      },
      {
        "Lat": 52.1863,
        "Lon": 21.0007,
        "Brigade": "8",
        "Time": "2017-05-15 09:18:47",
        "Lines": "10"
      },
      {
        "Lat": 52.1863,
        "Lon": 21.0007,
        "Brigade": "8",
        "Time": "2017-05-15 09:18:57",
        "Lines": "10"
      },
      {
        "Lat": 52.1863,
        "Lon": 21.0007,
        "Brigade": "8",
        "Time": "2017-05-15 09:19:13",
        "Lines": "10"
      },
      {
        "Lat": 52.1863,
        "Lon": 21.0007,
        "Brigade": "8",
        "Time": "2017-05-15 09:19:24",
        "Lines": "10"
      },
      {
        "Lat": 52.1863,
        "Lon": 21.0007,
        "Brigade": "8",
        "Time": "2017-05-15 09:19:34",
        "Lines": "10"
      },
      {
        "Lat": 52.1863,
        "Lon": 21.0007,
        "Brigade": "8",
        "Time": "2017-05-15 09:19:45",
        "Lines": "10"
      },
      {
        "Lat": 52.1863,
        "Lon": 21.0007,
        "Brigade": "8",
        "Time": "2017-05-15 09:19:55",
        "Lines": "10"
      },
      {
        "Lat": 52.1863,
        "Lon": 21.0007,
        "Brigade": "8",
        "Time": "2017-05-15 09:20:06",
        "Lines": "10"
      },
      {
        "Lat": 52.1863,
        "Lon": 21.0007,
        "Brigade": "8",
        "Time": "2017-05-15 09:20:16",
        "Lines": "10"
      },
      {
        "Lat": 52.1863,
        "Lon": 21.0007,
        "Brigade": "8",
        "Time": "2017-05-15 09:20:27",
        "Lines": "10"
      },
      {
        "Lat": 52.1863,
        "Lon": 21.0007,
        "Brigade": "8",
        "Time": "2017-05-15 09:20:42",
        "Lines": "10"
      },
      {
        "Lat": 52.1863,
        "Lon": 21.0007,
        "Brigade": "8",
        "Time": "2017-05-15 09:21:24",
        "Lines": "10"
      },
      {
        "Lat": 52.1863,
        "Lon": 21.0007,
        "Brigade": "8",
        "Time": "2017-05-15 09:21:35",
        "Lines": "10"
      },
      {
        "Lat": 52.1863,
        "Lon": 21.0007,
        "Brigade": "8",
        "Time": "2017-05-15 09:21:45",
        "Lines": "10"
      },
      {
        "Lat": 52.1863,
        "Lon": 21.0007,
        "Brigade": "8",
        "Time": "2017-05-15 09:21:56",
        "Lines": "10"
      },
      {
        "Lat": 52.1863,
        "Lon": 21.0007,
        "Brigade": "8",
        "Time": "2017-05-15 09:22:06",
        "Lines": "10"
      },
      {
        "Lat": 52.1863,
        "Lon": 21.0007,
        "Brigade": "8",
        "Time": "2017-05-15 09:22:17",
        "Lines": "10"
      },
      {
        "Lat": 52.1863,
        "Lon": 21.0007,
        "Brigade": "8",
        "Time": "2017-05-15 09:22:33",
        "Lines": "10"
      },
      {
        "Lat": 52.1863,
        "Lon": 21.0007,
        "Brigade": "8",
        "Time": "2017-05-15 09:22:43",
        "Lines": "10"
      },
      {
        "Lat": 52.1863,
        "Lon": 21.0007,
        "Brigade": "8",
        "Time": "2017-05-15 09:22:53",
        "Lines": "10"
      },
      {
        "Lat": 52.1858,
        "Lon": 21,
        "Brigade": "8",
        "Time": "2017-05-15 10:14:22",
        "Lines": "10"
      },
      {
        "Lat": 52.1858,
        "Lon": 20.9998,
        "Brigade": "8",
        "Time": "2017-05-15 10:14:32",
        "Lines": "10"
      },
      {
        "Lat": 52.1857,
        "Lon": 20.9996,
        "Brigade": "8",
        "Time": "2017-05-15 10:14:42",
        "Lines": "10"
      },
      {
        "Lat": 52.1857,
        "Lon": 20.9996,
        "Brigade": "8",
        "Time": "2017-05-15 10:14:53",
        "Lines": "10"
      },
      {
        "Lat": 52.1857,
        "Lon": 20.9996,
        "Brigade": "8",
        "Time": "2017-05-15 10:15:07",
        "Lines": "10"
      },
      {
        "Lat": 52.1857,
        "Lon": 20.9998,
        "Brigade": "8",
        "Time": "2017-05-15 10:15:14",
        "Lines": "10"
      },
      {
        "Lat": 52.1857,
        "Lon": 21,
        "Brigade": "8",
        "Time": "2017-05-15 10:15:24",
        "Lines": "10"
      },
      {
        "Lat": 52.1858,
        "Lon": 21.0004,
        "Brigade": "8",
        "Time": "2017-05-15 10:15:40",
        "Lines": "10"
      },
      {
        "Lat": 52.1859,
        "Lon": 21.0005,
        "Brigade": "8",
        "Time": "2017-05-15 10:15:51",
        "Lines": "10"
      },
      {
        "Lat": 52.186,
        "Lon": 21.0006,
        "Brigade": "8",
        "Time": "2017-05-15 10:16:01",
        "Lines": "10"
      },
      {
        "Lat": 52.1861,
        "Lon": 21.0006,
        "Brigade": "8",
        "Time": "2017-05-15 10:16:11",
        "Lines": "10"
      },
      {
        "Lat": 52.1861,
        "Lon": 21.0006,
        "Brigade": "8",
        "Time": "2017-05-15 10:16:22",
        "Lines": "10"
      },
      {
        "Lat": 52.1861,
        "Lon": 21.0006,
        "Brigade": "8",
        "Time": "2017-05-15 10:16:33",
        "Lines": "10"
      },
      {
        "Lat": 52.1861,
        "Lon": 21.0006,
        "Brigade": "8",
        "Time": "2017-05-15 10:16:43",
        "Lines": "10"
      },
      {
        "Lat": 52.1861,
        "Lon": 21.0006,
        "Brigade": "8",
        "Time": "2017-05-15 10:16:58",
        "Lines": "10"
      },
      {
        "Lat": 52.1861,
        "Lon": 21.0006,
        "Brigade": "8",
        "Time": "2017-05-15 10:17:09",
        "Lines": "10"
      },
      {
        "Lat": 52.1861,
        "Lon": 21.0006,
        "Brigade": "8",
        "Time": "2017-05-15 10:17:14",
        "Lines": "10"
      },
      {
        "Lat": 52.1862,
        "Lon": 21.0009,
        "Brigade": "8",
        "Time": "2017-05-15 12:11:33",
        "Lines": "10"
      },
      {
        "Lat": 52.1862,
        "Lon": 21.0009,
        "Brigade": "8",
        "Time": "2017-05-15 12:11:48",
        "Lines": "10"
      },
      {
        "Lat": 52.1862,
        "Lon": 21.0009,
        "Brigade": "8",
        "Time": "2017-05-15 12:11:58",
        "Lines": "10"
      },
      {
        "Lat": 52.1862,
        "Lon": 21.0009,
        "Brigade": "8",
        "Time": "2017-05-15 12:12:09",
        "Lines": "10"
      },
      {
        "Lat": 52.1862,
        "Lon": 21.0009,
        "Brigade": "8",
        "Time": "2017-05-15 12:12:14",
        "Lines": "10"
      },
      {
        "Lat": 52.1862,
        "Lon": 21.0009,
        "Brigade": "8",
        "Time": "2017-05-15 12:12:30",
        "Lines": "10"
      },
      {
        "Lat": 52.1862,
        "Lon": 21.0009,
        "Brigade": "8",
        "Time": "2017-05-15 12:12:40",
        "Lines": "10"
      },
      {
        "Lat": 52.1861,
        "Lon": 21.0009,
        "Brigade": "8",
        "Time": "2017-05-15 12:12:51",
        "Lines": "10"
      },
      {
        "Lat": 52.1857,
        "Lon": 21.0005,
        "Brigade": "8",
        "Time": "2017-05-15 12:13:01",
        "Lines": "10"
      },
      {
        "Lat": 52.1857,
        "Lon": 20.9993,
        "Brigade": "8",
        "Time": "2017-05-15 12:13:17",
        "Lines": "10"
      },
      {
        "Lat": 52.1857,
        "Lon": 20.9992,
        "Brigade": "8",
        "Time": "2017-05-15 12:13:27",
        "Lines": "10"
      },
      {
        "Lat": 52.1857,
        "Lon": 20.9992,
        "Brigade": "8",
        "Time": "2017-05-15 12:13:38",
        "Lines": "10"
      },
      {
        "Lat": 52.1857,
        "Lon": 20.9992,
        "Brigade": "8",
        "Time": "2017-05-15 12:13:49",
        "Lines": "10"
      },
      {
        "Lat": 52.1857,
        "Lon": 20.9992,
        "Brigade": "8",
        "Time": "2017-05-15 12:13:59",
        "Lines": "10"
      },
      {
        "Lat": 52.1857,
        "Lon": 20.9992,
        "Brigade": "8",
        "Time": "2017-05-15 12:14:09",
        "Lines": "10"
      },
      {
        "Lat": 52.1857,
        "Lon": 20.9995,
        "Brigade": "8",
        "Time": "2017-05-15 12:14:20",
        "Lines": "10"
      },
      {
        "Lat": 52.1857,
        "Lon": 20.9998,
        "Brigade": "8",
        "Time": "2017-05-15 12:14:30",
        "Lines": "10"
      },
      {
        "Lat": 52.1857,
        "Lon": 21.0003,
        "Brigade": "8",
        "Time": "2017-05-15 12:14:41",
        "Lines": "10"
      },
      {
        "Lat": 52.1857,
        "Lon": 21.0005,
        "Brigade": "8",
        "Time": "2017-05-15 12:14:46",
        "Lines": "10"
      },
      {
        "Lat": 52.1861,
        "Lon": 21.0011,
        "Brigade": "8",
        "Time": "2017-05-15 12:16:05",
        "Lines": "10"
      },
      {
        "Lat": 52.1861,
        "Lon": 21.0011,
        "Brigade": "8",
        "Time": "2017-05-15 12:16:21",
        "Lines": "10"
      },
      {
        "Lat": 52.1861,
        "Lon": 21.001,
        "Brigade": "8",
        "Time": "2017-05-15 15:38:58",
        "Lines": "10"
      },
      {
        "Lat": 52.1861,
        "Lon": 21.001,
        "Brigade": "8",
        "Time": "2017-05-15 15:39:13",
        "Lines": "10"
      },
      {
        "Lat": 52.1861,
        "Lon": 21.001,
        "Brigade": "8",
        "Time": "2017-05-15 15:39:24",
        "Lines": "10"
      },
      {
        "Lat": 52.1861,
        "Lon": 21.001,
        "Brigade": "8",
        "Time": "2017-05-15 15:39:34",
        "Lines": "10"
      },
      {
        "Lat": 52.1861,
        "Lon": 21.001,
        "Brigade": "8",
        "Time": "2017-05-15 15:39:45",
        "Lines": "10"
      },
      {
        "Lat": 52.1861,
        "Lon": 21.001,
        "Brigade": "8",
        "Time": "2017-05-15 15:39:55",
        "Lines": "10"
      },
      {
        "Lat": 52.1861,
        "Lon": 21.001,
        "Brigade": "8",
        "Time": "2017-05-15 15:40:06",
        "Lines": "10"
      },
      {
        "Lat": 52.1861,
        "Lon": 21.001,
        "Brigade": "8",
        "Time": "2017-05-15 15:40:16",
        "Lines": "10"
      },
      {
        "Lat": 52.1861,
        "Lon": 21.001,
        "Brigade": "8",
        "Time": "2017-05-15 15:40:27",
        "Lines": "10"
      },
      {
        "Lat": 52.1861,
        "Lon": 21.001,
        "Brigade": "8",
        "Time": "2017-05-15 15:40:42",
        "Lines": "10"
      },
      {
        "Lat": 52.1861,
        "Lon": 21.001,
        "Brigade": "8",
        "Time": "2017-05-15 15:40:53",
        "Lines": "10"
      },
      {
        "Lat": 52.1861,
        "Lon": 21.001,
        "Brigade": "8",
        "Time": "2017-05-15 15:41:03",
        "Lines": "10"
      },
      {
        "Lat": 52.1861,
        "Lon": 21.001,
        "Brigade": "8",
        "Time": "2017-05-15 15:41:14",
        "Lines": "10"
      },
      {
        "Lat": 52.1861,
        "Lon": 21.001,
        "Brigade": "8",
        "Time": "2017-05-15 15:41:24",
        "Lines": "10"
      },
      {
        "Lat": 52.1861,
        "Lon": 21.001,
        "Brigade": "8",
        "Time": "2017-05-15 15:41:35",
        "Lines": "10"
      },
      {
        "Lat": 52.1861,
        "Lon": 21.001,
        "Brigade": "8",
        "Time": "2017-05-15 15:41:45",
        "Lines": "10"
      },
      {
        "Lat": 52.1861,
        "Lon": 21.001,
        "Brigade": "8",
        "Time": "2017-05-15 15:41:56",
        "Lines": "10"
      },
      {
        "Lat": 52.1861,
        "Lon": 21.001,
        "Brigade": "8",
        "Time": "2017-05-15 15:42:06",
        "Lines": "10"
      },
      {
        "Lat": 52.1861,
        "Lon": 21.001,
        "Brigade": "8",
        "Time": "2017-05-15 15:42:17",
        "Lines": "10"
      },
      {
        "Lat": 52.1861,
        "Lon": 21.001,
        "Brigade": "8",
        "Time": "2017-05-15 15:42:27",
        "Lines": "10"
      },
      {
        "Lat": 52.1861,
        "Lon": 21.001,
        "Brigade": "8",
        "Time": "2017-05-15 15:42:43",
        "Lines": "10"
      },
      {
        "Lat": 52.1861,
        "Lon": 21.001,
        "Brigade": "8",
        "Time": "2017-05-15 15:42:53",
        "Lines": "10"
      },
      {
        "Lat": 52.1861,
        "Lon": 21.001,
        "Brigade": "8",
        "Time": "2017-05-15 15:43:04",
        "Lines": "10"
      },
      {
        "Lat": 52.1861,
        "Lon": 21.001,
        "Brigade": "8",
        "Time": "2017-05-15 15:43:14",
        "Lines": "10"
      },
      {
        "Lat": 52.1861,
        "Lon": 21.001,
        "Brigade": "8",
        "Time": "2017-05-15 15:43:25",
        "Lines": "10"
      },
      {
        "Lat": 52.1861,
        "Lon": 21.001,
        "Brigade": "8",
        "Time": "2017-05-15 15:43:35",
        "Lines": "10"
      },
      {
        "Lat": 52.1861,
        "Lon": 21.001,
        "Brigade": "8",
        "Time": "2017-05-15 15:43:46",
        "Lines": "10"
      },
      {
        "Lat": 52.1861,
        "Lon": 21.001,
        "Brigade": "8",
        "Time": "2017-05-15 15:43:56",
        "Lines": "10"
      },
      {
        "Lat": 52.1861,
        "Lon": 21.001,
        "Brigade": "8",
        "Time": "2017-05-15 15:44:07",
        "Lines": "10"
      },
      {
        "Lat": 52.1861,
        "Lon": 21.001,
        "Brigade": "8",
        "Time": "2017-05-15 15:44:17",
        "Lines": "10"
      },
      {
        "Lat": 52.1861,
        "Lon": 21.001,
        "Brigade": "8",
        "Time": "2017-05-15 15:44:33",
        "Lines": "10"
      },
      {
        "Lat": 52.1861,
        "Lon": 21.001,
        "Brigade": "8",
        "Time": "2017-05-15 15:44:43",
        "Lines": "10"
      },
      {
        "Lat": 52.1861,
        "Lon": 21.001,
        "Brigade": "8",
        "Time": "2017-05-15 15:44:54",
        "Lines": "10"
      },
      {
        "Lat": 52.1861,
        "Lon": 21.001,
        "Brigade": "8",
        "Time": "2017-05-15 15:45:04",
        "Lines": "10"
      },
      {
        "Lat": 52.1861,
        "Lon": 21.001,
        "Brigade": "8",
        "Time": "2017-05-15 15:45:15",
        "Lines": "10"
      },
      {
        "Lat": 52.1861,
        "Lon": 21.001,
        "Brigade": "8",
        "Time": "2017-05-15 15:45:26",
        "Lines": "10"
      },
      {
        "Lat": 52.1861,
        "Lon": 21.001,
        "Brigade": "8",
        "Time": "2017-05-15 15:45:36",
        "Lines": "10"
      },
      {
        "Lat": 52.1861,
        "Lon": 21.001,
        "Brigade": "8",
        "Time": "2017-05-15 15:45:46",
        "Lines": "10"
      },
      {
        "Lat": 52.1861,
        "Lon": 21.001,
        "Brigade": "8",
        "Time": "2017-05-15 15:45:57",
        "Lines": "10"
      },
      {
        "Lat": 52.1858,
        "Lon": 21.0006,
        "Brigade": "8",
        "Time": "2017-05-15 15:46:12",
        "Lines": "10"
      },
      {
        "Lat": 52.1858,
        "Lon": 21,
        "Brigade": "8",
        "Time": "2017-05-15 15:46:23",
        "Lines": "10"
      },
      {
        "Lat": 52.1858,
        "Lon": 20.9994,
        "Brigade": "8",
        "Time": "2017-05-15 15:46:34",
        "Lines": "10"
      },
      {
        "Lat": 52.1859,
        "Lon": 20.9989,
        "Brigade": "8",
        "Time": "2017-05-15 15:46:44",
        "Lines": "10"
      },
      {
        "Lat": 52.1864,
        "Lon": 20.999,
        "Brigade": "8",
        "Time": "2017-05-15 15:46:54",
        "Lines": "10"
      },
      {
        "Lat": 52.1865,
        "Lon": 20.9992,
        "Brigade": "8",
        "Time": "2017-05-15 15:47:05",
        "Lines": "10"
      },
      {
        "Lat": 52.1865,
        "Lon": 20.9992,
        "Brigade": "8",
        "Time": "2017-05-15 15:47:16",
        "Lines": "10"
      },
      {
        "Lat": 52.1866,
        "Lon": 20.9992,
        "Brigade": "8",
        "Time": "2017-05-15 15:47:26",
        "Lines": "10"
      },
      {
        "Lat": 52.187,
        "Lon": 20.9992,
        "Brigade": "8",
        "Time": "2017-05-15 15:47:36",
        "Lines": "10"
      },
      {
        "Lat": 52.1875,
        "Lon": 20.9992,
        "Brigade": "8",
        "Time": "2017-05-15 15:47:47",
        "Lines": "10"
      },
      {
        "Lat": 52.1877,
        "Lon": 20.9992,
        "Brigade": "8",
        "Time": "2017-05-15 15:48:03",
        "Lines": "10"
      },
      {
        "Lat": 52.1877,
        "Lon": 20.9992,
        "Brigade": "8",
        "Time": "2017-05-15 15:48:13",
        "Lines": "10"
      },
      {
        "Lat": 52.1877,
        "Lon": 20.9992,
        "Brigade": "8",
        "Time": "2017-05-15 15:48:24",
        "Lines": "10"
      }
    ]
  }
]
