[
  {
    "res": [
      {
        "Lat": 52.1888,
        "Lon": 21.0028,
        "Brigade": "026",
        "Time": "2017-05-15 13:37:25",
        "Lines": "17"
      },
      {
        "Lat": 52.1891,
        "Lon": 21.0021,
        "Brigade": "026",
        "Time": "2017-05-15 13:37:45",
        "Lines": "17"
      },
      {
        "Lat": 52.1898,
        "Lon": 21.002,
        "Brigade": "026",
        "Time": "2017-05-15 13:38:06",
        "Lines": "17"
      },
      {
        "Lat": 52.1901,
        "Lon": 21.002,
        "Brigade": "026",
        "Time": "2017-05-15 13:38:27",
        "Lines": "17"
      },
      {
        "Lat": 52.1923,
        "Lon": 21.0019,
        "Brigade": "026",
        "Time": "2017-05-15 13:38:48",
        "Lines": "17"
      },
      {
        "Lat": 52.1948,
        "Lon": 21.0018,
        "Brigade": "026",
        "Time": "2017-05-15 13:39:10",
        "Lines": "17"
      },
      {
        "Lat": 52.1952,
        "Lon": 21.0018,
        "Brigade": "026",
        "Time": "2017-05-15 13:39:32",
        "Lines": "17"
      },
      {
        "Lat": 52.1952,
        "Lon": 21.0018,
        "Brigade": "026",
        "Time": "2017-05-15 13:39:51",
        "Lines": "17"
      },
      {
        "Lat": 52.1952,
        "Lon": 21.0018,
        "Brigade": "026",
        "Time": "2017-05-15 13:40:12",
        "Lines": "17"
      },
      {
        "Lat": 52.1952,
        "Lon": 21.0018,
        "Brigade": "026",
        "Time": "2017-05-15 13:40:33",
        "Lines": "17"
      },
      {
        "Lat": 52.1952,
        "Lon": 21.0018,
        "Brigade": "026",
        "Time": "2017-05-15 13:40:54",
        "Lines": "17"
      },
      {
        "Lat": 52.196,
        "Lon": 21.0019,
        "Brigade": "026",
        "Time": "2017-05-15 13:41:14",
        "Lines": "17"
      },
      {
        "Lat": 52.1985,
        "Lon": 21.0014,
        "Brigade": "026",
        "Time": "2017-05-15 13:41:42",
        "Lines": "17"
      },
      {
        "Lat": 52.1987,
        "Lon": 21.0013,
        "Brigade": "026",
        "Time": "2017-05-15 13:41:56",
        "Lines": "17"
      },
      {
        "Lat": 52.1987,
        "Lon": 21.0013,
        "Brigade": "026",
        "Time": "2017-05-15 13:42:17",
        "Lines": "17"
      },
      {
        "Lat": 52.1992,
        "Lon": 21.0012,
        "Brigade": "026",
        "Time": "2017-05-15 13:42:38",
        "Lines": "17"
      },
      {
        "Lat": 52.2015,
        "Lon": 21.0006,
        "Brigade": "026",
        "Time": "2017-05-15 13:42:59",
        "Lines": "17"
      },
      {
        "Lat": 52.2024,
        "Lon": 21.0003,
        "Brigade": "026",
        "Time": "2017-05-15 13:43:20",
        "Lines": "17"
      },
      {
        "Lat": 52.203,
        "Lon": 21.0001,
        "Brigade": "026",
        "Time": "2017-05-15 13:43:41",
        "Lines": "17"
      },
      {
        "Lat": 52.2055,
        "Lon": 20.9994,
        "Brigade": "026",
        "Time": "2017-05-15 13:44:02",
        "Lines": "17"
      },
      {
        "Lat": 52.2057,
        "Lon": 20.9993,
        "Brigade": "026",
        "Time": "2017-05-15 13:44:23",
        "Lines": "17"
      },
      {
        "Lat": 52.2057,
        "Lon": 20.9993,
        "Brigade": "026",
        "Time": "2017-05-15 13:44:44",
        "Lines": "17"
      },
      {
        "Lat": 52.2066,
        "Lon": 21.0024,
        "Brigade": "026",
        "Time": "2017-05-15 13:45:25",
        "Lines": "17"
      },
      {
        "Lat": 52.2069,
        "Lon": 21.0042,
        "Brigade": "026",
        "Time": "2017-05-15 13:45:46",
        "Lines": "17"
      },
      {
        "Lat": 52.2069,
        "Lon": 21.0043,
        "Brigade": "026",
        "Time": "2017-05-15 13:46:07",
        "Lines": "17"
      },
      {
        "Lat": 52.2074,
        "Lon": 21.0071,
        "Brigade": "026",
        "Time": "2017-05-15 13:46:28",
        "Lines": "17"
      },
      {
        "Lat": 52.2075,
        "Lon": 21.0076,
        "Brigade": "026",
        "Time": "2017-05-15 13:46:49",
        "Lines": "17"
      },
      {
        "Lat": 52.2075,
        "Lon": 21.0076,
        "Brigade": "026",
        "Time": "2017-05-15 13:47:10",
        "Lines": "17"
      },
      {
        "Lat": 52.2075,
        "Lon": 21.0076,
        "Brigade": "026",
        "Time": "2017-05-15 13:47:31",
        "Lines": "17"
      },
      {
        "Lat": 52.2077,
        "Lon": 21.008,
        "Brigade": "026",
        "Time": "2017-05-15 13:47:52",
        "Lines": "17"
      },
      {
        "Lat": 52.2091,
        "Lon": 21.0076,
        "Brigade": "026",
        "Time": "2017-05-15 13:48:13",
        "Lines": "17"
      },
      {
        "Lat": 52.2093,
        "Lon": 21.0076,
        "Brigade": "026",
        "Time": "2017-05-15 13:48:34",
        "Lines": "17"
      },
      {
        "Lat": 52.2107,
        "Lon": 21.0071,
        "Brigade": "026",
        "Time": "2017-05-15 13:48:56",
        "Lines": "17"
      },
      {
        "Lat": 52.2129,
        "Lon": 21.0064,
        "Brigade": "026",
        "Time": "2017-05-15 13:49:16",
        "Lines": "17"
      },
      {
        "Lat": 52.2131,
        "Lon": 21.0063,
        "Brigade": "026",
        "Time": "2017-05-15 13:49:37",
        "Lines": "17"
      },
      {
        "Lat": 52.2148,
        "Lon": 21.0058,
        "Brigade": "026",
        "Time": "2017-05-15 13:49:58",
        "Lines": "17"
      },
      {
        "Lat": 52.2168,
        "Lon": 21.0052,
        "Brigade": "026",
        "Time": "2017-05-15 13:50:18",
        "Lines": "17"
      },
      {
        "Lat": 52.217,
        "Lon": 21.0052,
        "Brigade": "026",
        "Time": "2017-05-15 13:50:39",
        "Lines": "17"
      },
      {
        "Lat": 52.2193,
        "Lon": 21.005,
        "Brigade": "026",
        "Time": "2017-05-15 13:51:00",
        "Lines": "17"
      },
      {
        "Lat": 52.2199,
        "Lon": 21.005,
        "Brigade": "026",
        "Time": "2017-05-15 13:51:21",
        "Lines": "17"
      },
      {
        "Lat": 52.2199,
        "Lon": 21.005,
        "Brigade": "026",
        "Time": "2017-05-15 13:51:42",
        "Lines": "17"
      },
      {
        "Lat": 52.2199,
        "Lon": 21.005,
        "Brigade": "026",
        "Time": "2017-05-15 13:52:03",
        "Lines": "17"
      },
      {
        "Lat": 52.2202,
        "Lon": 21.005,
        "Brigade": "026",
        "Time": "2017-05-15 13:52:24",
        "Lines": "17"
      },
      {
        "Lat": 52.2216,
        "Lon": 21.0049,
        "Brigade": "026",
        "Time": "2017-05-15 13:52:45",
        "Lines": "17"
      },
      {
        "Lat": 52.2228,
        "Lon": 21.0048,
        "Brigade": "026",
        "Time": "2017-05-15 13:53:06",
        "Lines": "17"
      },
      {
        "Lat": 52.2228,
        "Lon": 21.0048,
        "Brigade": "026",
        "Time": "2017-05-15 13:53:27",
        "Lines": "17"
      },
      {
        "Lat": 52.2238,
        "Lon": 21.0044,
        "Brigade": "026",
        "Time": "2017-05-15 13:53:48",
        "Lines": "17"
      },
      {
        "Lat": 52.2263,
        "Lon": 21.0029,
        "Brigade": "026",
        "Time": "2017-05-15 13:54:08",
        "Lines": "17"
      },
      {
        "Lat": 52.2274,
        "Lon": 21.0022,
        "Brigade": "026",
        "Time": "2017-05-15 13:54:29",
        "Lines": "17"
      },
      {
        "Lat": 52.2274,
        "Lon": 21.0022,
        "Brigade": "026",
        "Time": "2017-05-15 13:54:50",
        "Lines": "17"
      },
      {
        "Lat": 52.2275,
        "Lon": 21.0021,
        "Brigade": "026",
        "Time": "2017-05-15 13:55:11",
        "Lines": "17"
      },
      {
        "Lat": 52.2287,
        "Lon": 21.0013,
        "Brigade": "026",
        "Time": "2017-05-15 13:55:32",
        "Lines": "17"
      },
      {
        "Lat": 52.2288,
        "Lon": 21.0013,
        "Brigade": "026",
        "Time": "2017-05-15 13:55:53",
        "Lines": "17"
      },
      {
        "Lat": 52.2294,
        "Lon": 21.0009,
        "Brigade": "026",
        "Time": "2017-05-15 13:56:14",
        "Lines": "17"
      },
      {
        "Lat": 52.2319,
        "Lon": 20.9993,
        "Brigade": "026",
        "Time": "2017-05-15 13:56:35",
        "Lines": "17"
      },
      {
        "Lat": 52.2327,
        "Lon": 20.9987,
        "Brigade": "026",
        "Time": "2017-05-15 13:56:56",
        "Lines": "17"
      },
      {
        "Lat": 52.2327,
        "Lon": 20.9987,
        "Brigade": "026",
        "Time": "2017-05-15 13:57:17",
        "Lines": "17"
      },
      {
        "Lat": 52.2339,
        "Lon": 20.998,
        "Brigade": "026",
        "Time": "2017-05-15 13:57:38",
        "Lines": "17"
      },
      {
        "Lat": 52.234,
        "Lon": 20.9979,
        "Brigade": "026",
        "Time": "2017-05-15 13:57:59",
        "Lines": "17"
      },
      {
        "Lat": 52.2352,
        "Lon": 20.9976,
        "Brigade": "026",
        "Time": "2017-05-15 13:58:19",
        "Lines": "17"
      },
      {
        "Lat": 52.2378,
        "Lon": 20.9964,
        "Brigade": "026",
        "Time": "2017-05-15 13:58:44",
        "Lines": "17"
      },
      {
        "Lat": 52.2386,
        "Lon": 20.9961,
        "Brigade": "026",
        "Time": "2017-05-15 13:59:01",
        "Lines": "17"
      },
      {
        "Lat": 52.2387,
        "Lon": 20.996,
        "Brigade": "026",
        "Time": "2017-05-15 13:59:22",
        "Lines": "17"
      },
      {
        "Lat": 52.2405,
        "Lon": 20.9948,
        "Brigade": "026",
        "Time": "2017-05-15 13:59:43",
        "Lines": "17"
      },
      {
        "Lat": 52.2413,
        "Lon": 20.9942,
        "Brigade": "026",
        "Time": "2017-05-15 14:00:04",
        "Lines": "17"
      },
      {
        "Lat": 52.2413,
        "Lon": 20.9942,
        "Brigade": "026",
        "Time": "2017-05-15 14:00:25",
        "Lines": "17"
      },
      {
        "Lat": 52.2413,
        "Lon": 20.9942,
        "Brigade": "026",
        "Time": "2017-05-15 14:00:46",
        "Lines": "17"
      },
      {
        "Lat": 52.2415,
        "Lon": 20.994,
        "Brigade": "026",
        "Time": "2017-05-15 14:01:07",
        "Lines": "17"
      },
      {
        "Lat": 52.2415,
        "Lon": 20.994,
        "Brigade": "026",
        "Time": "2017-05-15 14:01:28",
        "Lines": "17"
      },
      {
        "Lat": 52.2415,
        "Lon": 20.994,
        "Brigade": "026",
        "Time": "2017-05-15 14:01:49",
        "Lines": "17"
      },
      {
        "Lat": 52.2415,
        "Lon": 20.994,
        "Brigade": "026",
        "Time": "2017-05-15 14:02:10",
        "Lines": "17"
      },
      {
        "Lat": 52.2415,
        "Lon": 20.994,
        "Brigade": "026",
        "Time": "2017-05-15 14:02:30",
        "Lines": "17"
      },
      {
        "Lat": 52.2419,
        "Lon": 20.9936,
        "Brigade": "026",
        "Time": "2017-05-15 14:02:52",
        "Lines": "17"
      },
      {
        "Lat": 52.2433,
        "Lon": 20.9924,
        "Brigade": "026",
        "Time": "2017-05-15 14:03:29",
        "Lines": "17"
      },
      {
        "Lat": 52.2445,
        "Lon": 20.9914,
        "Brigade": "026",
        "Time": "2017-05-15 14:03:33",
        "Lines": "17"
      },
      {
        "Lat": 52.2445,
        "Lon": 20.9913,
        "Brigade": "026",
        "Time": "2017-05-15 14:03:54",
        "Lines": "17"
      },
      {
        "Lat": 52.2466,
        "Lon": 20.9896,
        "Brigade": "026",
        "Time": "2017-05-15 14:04:15",
        "Lines": "17"
      },
      {
        "Lat": 52.2472,
        "Lon": 20.9891,
        "Brigade": "026",
        "Time": "2017-05-15 14:04:36",
        "Lines": "17"
      },
      {
        "Lat": 52.2472,
        "Lon": 20.989,
        "Brigade": "026",
        "Time": "2017-05-15 14:04:57",
        "Lines": "17"
      },
      {
        "Lat": 52.2492,
        "Lon": 20.9873,
        "Brigade": "026",
        "Time": "2017-05-15 14:05:24",
        "Lines": "17"
      },
      {
        "Lat": 52.2507,
        "Lon": 20.986,
        "Brigade": "026",
        "Time": "2017-05-15 14:05:39",
        "Lines": "17"
      },
      {
        "Lat": 52.2507,
        "Lon": 20.986,
        "Brigade": "026",
        "Time": "2017-05-15 14:06:00",
        "Lines": "17"
      },
      {
        "Lat": 52.251,
        "Lon": 20.9857,
        "Brigade": "026",
        "Time": "2017-05-15 14:06:21",
        "Lines": "17"
      },
      {
        "Lat": 52.2527,
        "Lon": 20.9843,
        "Brigade": "026",
        "Time": "2017-05-15 14:06:41",
        "Lines": "17"
      },
      {
        "Lat": 52.2534,
        "Lon": 20.9837,
        "Brigade": "026",
        "Time": "2017-05-15 14:07:02",
        "Lines": "17"
      },
      {
        "Lat": 52.2541,
        "Lon": 20.9831,
        "Brigade": "026",
        "Time": "2017-05-15 14:07:23",
        "Lines": "17"
      },
      {
        "Lat": 52.2544,
        "Lon": 20.9828,
        "Brigade": "026",
        "Time": "2017-05-15 14:07:44",
        "Lines": "17"
      },
      {
        "Lat": 52.255,
        "Lon": 20.9824,
        "Brigade": "026",
        "Time": "2017-05-15 14:08:05",
        "Lines": "17"
      },
      {
        "Lat": 52.2554,
        "Lon": 20.9822,
        "Brigade": "026",
        "Time": "2017-05-15 14:08:26",
        "Lines": "17"
      },
      {
        "Lat": 52.2556,
        "Lon": 20.9821,
        "Brigade": "026",
        "Time": "2017-05-15 14:08:47",
        "Lines": "17"
      },
      {
        "Lat": 52.2558,
        "Lon": 20.9821,
        "Brigade": "026",
        "Time": "2017-05-15 14:09:08",
        "Lines": "17"
      },
      {
        "Lat": 52.258,
        "Lon": 20.9813,
        "Brigade": "026",
        "Time": "2017-05-15 14:09:29",
        "Lines": "17"
      },
      {
        "Lat": 52.2604,
        "Lon": 20.9808,
        "Brigade": "026",
        "Time": "2017-05-15 14:09:50",
        "Lines": "17"
      },
      {
        "Lat": 52.2616,
        "Lon": 20.9804,
        "Brigade": "026",
        "Time": "2017-05-15 14:10:11",
        "Lines": "17"
      },
      {
        "Lat": 52.2618,
        "Lon": 20.9802,
        "Brigade": "026",
        "Time": "2017-05-15 14:10:32",
        "Lines": "17"
      },
      {
        "Lat": 52.2618,
        "Lon": 20.9802,
        "Brigade": "026",
        "Time": "2017-05-15 14:10:53",
        "Lines": "17"
      },
      {
        "Lat": 52.2622,
        "Lon": 20.9799,
        "Brigade": "026",
        "Time": "2017-05-15 14:11:14",
        "Lines": "17"
      },
      {
        "Lat": 52.2632,
        "Lon": 20.9793,
        "Brigade": "026",
        "Time": "2017-05-15 14:11:34",
        "Lines": "17"
      },
      {
        "Lat": 52.2641,
        "Lon": 20.9787,
        "Brigade": "026",
        "Time": "2017-05-15 14:11:55",
        "Lines": "17"
      },
      {
        "Lat": 52.2661,
        "Lon": 20.9774,
        "Brigade": "026",
        "Time": "2017-05-15 14:12:16",
        "Lines": "17"
      },
      {
        "Lat": 52.2661,
        "Lon": 20.9774,
        "Brigade": "026",
        "Time": "2017-05-15 14:12:37",
        "Lines": "17"
      },
      {
        "Lat": 52.2661,
        "Lon": 20.9774,
        "Brigade": "026",
        "Time": "2017-05-15 14:12:58",
        "Lines": "17"
      },
      {
        "Lat": 52.2661,
        "Lon": 20.9774,
        "Brigade": "026",
        "Time": "2017-05-15 14:13:19",
        "Lines": "17"
      },
      {
        "Lat": 52.2673,
        "Lon": 20.9766,
        "Brigade": "026",
        "Time": "2017-05-15 14:13:40",
        "Lines": "17"
      },
      {
        "Lat": 52.2698,
        "Lon": 20.9749,
        "Brigade": "026",
        "Time": "2017-05-15 14:14:01",
        "Lines": "17"
      },
      {
        "Lat": 52.2712,
        "Lon": 20.974,
        "Brigade": "026",
        "Time": "2017-05-15 14:14:22",
        "Lines": "17"
      },
      {
        "Lat": 52.2712,
        "Lon": 20.974,
        "Brigade": "026",
        "Time": "2017-05-15 14:14:43",
        "Lines": "17"
      },
      {
        "Lat": 52.2718,
        "Lon": 20.9736,
        "Brigade": "026",
        "Time": "2017-05-15 14:15:04",
        "Lines": "17"
      },
      {
        "Lat": 52.2721,
        "Lon": 20.9726,
        "Brigade": "026",
        "Time": "2017-05-15 14:15:24",
        "Lines": "17"
      },
      {
        "Lat": 52.2722,
        "Lon": 20.9721,
        "Brigade": "026",
        "Time": "2017-05-15 14:15:45",
        "Lines": "17"
      },
      {
        "Lat": 52.2725,
        "Lon": 20.9703,
        "Brigade": "026",
        "Time": "2017-05-15 14:16:06",
        "Lines": "17"
      },
      {
        "Lat": 52.2737,
        "Lon": 20.9671,
        "Brigade": "026",
        "Time": "2017-05-15 14:16:27",
        "Lines": "17"
      },
      {
        "Lat": 52.2739,
        "Lon": 20.9666,
        "Brigade": "026",
        "Time": "2017-05-15 14:16:48",
        "Lines": "17"
      },
      {
        "Lat": 52.2754,
        "Lon": 20.9643,
        "Brigade": "026",
        "Time": "2017-05-15 14:17:09",
        "Lines": "17"
      },
      {
        "Lat": 52.2755,
        "Lon": 20.9641,
        "Brigade": "026",
        "Time": "2017-05-15 14:17:30",
        "Lines": "17"
      },
      {
        "Lat": 52.2755,
        "Lon": 20.9641,
        "Brigade": "026",
        "Time": "2017-05-15 14:17:58",
        "Lines": "17"
      },
      {
        "Lat": 52.2759,
        "Lon": 20.9637,
        "Brigade": "026",
        "Time": "2017-05-15 14:18:12",
        "Lines": "17"
      },
      {
        "Lat": 52.278,
        "Lon": 20.9616,
        "Brigade": "026",
        "Time": "2017-05-15 14:18:34",
        "Lines": "17"
      },
      {
        "Lat": 52.2801,
        "Lon": 20.9596,
        "Brigade": "026",
        "Time": "2017-05-15 14:18:54",
        "Lines": "17"
      },
      {
        "Lat": 52.2808,
        "Lon": 20.9589,
        "Brigade": "026",
        "Time": "2017-05-15 14:19:15",
        "Lines": "17"
      },
      {
        "Lat": 52.2815,
        "Lon": 20.9583,
        "Brigade": "026",
        "Time": "2017-05-15 14:19:36",
        "Lines": "17"
      },
      {
        "Lat": 52.2837,
        "Lon": 20.9563,
        "Brigade": "026",
        "Time": "2017-05-15 14:19:57",
        "Lines": "17"
      },
      {
        "Lat": 52.2838,
        "Lon": 20.9562,
        "Brigade": "026",
        "Time": "2017-05-15 14:20:17",
        "Lines": "17"
      },
      {
        "Lat": 52.285,
        "Lon": 20.955,
        "Brigade": "026",
        "Time": "2017-05-15 14:20:38",
        "Lines": "17"
      },
      {
        "Lat": 52.286,
        "Lon": 20.9543,
        "Brigade": "026",
        "Time": "2017-05-15 14:20:59",
        "Lines": "17"
      },
      {
        "Lat": 52.2877,
        "Lon": 20.9527,
        "Brigade": "026",
        "Time": "2017-05-15 14:21:20",
        "Lines": "17"
      },
      {
        "Lat": 52.2878,
        "Lon": 20.9526,
        "Brigade": "026",
        "Time": "2017-05-15 14:21:41",
        "Lines": "17"
      },
      {
        "Lat": 52.2893,
        "Lon": 20.9512,
        "Brigade": "026",
        "Time": "2017-05-15 14:22:02",
        "Lines": "17"
      },
      {
        "Lat": 52.2903,
        "Lon": 20.9502,
        "Brigade": "026",
        "Time": "2017-05-15 14:22:23",
        "Lines": "17"
      },
      {
        "Lat": 52.2903,
        "Lon": 20.9501,
        "Brigade": "026",
        "Time": "2017-05-15 14:22:44",
        "Lines": "17"
      },
      {
        "Lat": 52.2924,
        "Lon": 20.9482,
        "Brigade": "026",
        "Time": "2017-05-15 14:23:05",
        "Lines": "17"
      },
      {
        "Lat": 52.2946,
        "Lon": 20.9461,
        "Brigade": "026",
        "Time": "2017-05-15 14:23:26",
        "Lines": "17"
      },
      {
        "Lat": 52.2956,
        "Lon": 20.9452,
        "Brigade": "026",
        "Time": "2017-05-15 14:23:47",
        "Lines": "17"
      },
      {
        "Lat": 52.296,
        "Lon": 20.9447,
        "Brigade": "026",
        "Time": "2017-05-15 14:24:08",
        "Lines": "17"
      },
      {
        "Lat": 52.2978,
        "Lon": 20.943,
        "Brigade": "026",
        "Time": "2017-05-15 14:24:28",
        "Lines": "17"
      },
      {
        "Lat": 52.298,
        "Lon": 20.9429,
        "Brigade": "026",
        "Time": "2017-05-15 14:24:50",
        "Lines": "17"
      },
      {
        "Lat": 52.3001,
        "Lon": 20.9411,
        "Brigade": "026",
        "Time": "2017-05-15 14:25:12",
        "Lines": "17"
      },
      {
        "Lat": 52.3021,
        "Lon": 20.9408,
        "Brigade": "026",
        "Time": "2017-05-15 14:25:33",
        "Lines": "17"
      },
      {
        "Lat": 52.3032,
        "Lon": 20.943,
        "Brigade": "026",
        "Time": "2017-05-15 14:25:52",
        "Lines": "17"
      },
      {
        "Lat": 52.3046,
        "Lon": 20.9466,
        "Brigade": "026",
        "Time": "2017-05-15 14:26:13",
        "Lines": "17"
      },
      {
        "Lat": 52.3063,
        "Lon": 20.9502,
        "Brigade": "026",
        "Time": "2017-05-15 14:26:34",
        "Lines": "17"
      },
      {
        "Lat": 52.308,
        "Lon": 20.9538,
        "Brigade": "026",
        "Time": "2017-05-15 14:26:55",
        "Lines": "17"
      },
      {
        "Lat": 52.3097,
        "Lon": 20.9573,
        "Brigade": "026",
        "Time": "2017-05-15 14:27:16",
        "Lines": "17"
      },
      {
        "Lat": 52.3109,
        "Lon": 20.9599,
        "Brigade": "026",
        "Time": "2017-05-15 14:27:37",
        "Lines": "17"
      },
      {
        "Lat": 52.311,
        "Lon": 20.9601,
        "Brigade": "026",
        "Time": "2017-05-15 14:27:58",
        "Lines": "17"
      },
      {
        "Lat": 52.3122,
        "Lon": 20.9635,
        "Brigade": "026",
        "Time": "2017-05-15 14:28:19",
        "Lines": "17"
      },
      {
        "Lat": 52.3128,
        "Lon": 20.965,
        "Brigade": "026",
        "Time": "2017-05-15 14:28:39",
        "Lines": "17"
      },
      {
        "Lat": 52.3134,
        "Lon": 20.9662,
        "Brigade": "026",
        "Time": "2017-05-15 14:29:00",
        "Lines": "17"
      },
      {
        "Lat": 52.3137,
        "Lon": 20.967,
        "Brigade": "026",
        "Time": "2017-05-15 14:29:21",
        "Lines": "17"
      },
      {
        "Lat": 52.315,
        "Lon": 20.9676,
        "Brigade": "026",
        "Time": "2017-05-15 14:29:42",
        "Lines": "17"
      },
      {
        "Lat": 52.316,
        "Lon": 20.9662,
        "Brigade": "026",
        "Time": "2017-05-15 14:30:03",
        "Lines": "17"
      },
      {
        "Lat": 52.3168,
        "Lon": 20.9651,
        "Brigade": "026",
        "Time": "2017-05-15 14:30:24",
        "Lines": "17"
      },
      {
        "Lat": 52.3177,
        "Lon": 20.963,
        "Brigade": "026",
        "Time": "2017-05-15 14:30:45",
        "Lines": "17"
      },
      {
        "Lat": 52.3171,
        "Lon": 20.9611,
        "Brigade": "026",
        "Time": "2017-05-15 14:31:06",
        "Lines": "17"
      },
      {
        "Lat": 52.3171,
        "Lon": 20.9611,
        "Brigade": "026",
        "Time": "2017-05-15 14:31:27",
        "Lines": "17"
      },
      {
        "Lat": 52.3171,
        "Lon": 20.9611,
        "Brigade": "026",
        "Time": "2017-05-15 14:31:48",
        "Lines": "17"
      },
      {
        "Lat": 52.3169,
        "Lon": 20.9606,
        "Brigade": "026",
        "Time": "2017-05-15 14:32:09",
        "Lines": "17"
      },
      {
        "Lat": 52.3167,
        "Lon": 20.9565,
        "Brigade": "026",
        "Time": "2017-05-15 14:32:30",
        "Lines": "17"
      },
      {
        "Lat": 52.3183,
        "Lon": 20.9533,
        "Brigade": "026",
        "Time": "2017-05-15 14:32:51",
        "Lines": "17"
      },
      {
        "Lat": 52.3185,
        "Lon": 20.9528,
        "Brigade": "026",
        "Time": "2017-05-15 14:33:11",
        "Lines": "17"
      },
      {
        "Lat": 52.3191,
        "Lon": 20.9515,
        "Brigade": "026",
        "Time": "2017-05-15 14:33:32",
        "Lines": "17"
      },
      {
        "Lat": 52.3209,
        "Lon": 20.948,
        "Brigade": "026",
        "Time": "2017-05-15 14:33:53",
        "Lines": "17"
      },
      {
        "Lat": 52.3224,
        "Lon": 20.9448,
        "Brigade": "026",
        "Time": "2017-05-15 14:34:14",
        "Lines": "17"
      },
      {
        "Lat": 52.3225,
        "Lon": 20.9446,
        "Brigade": "026",
        "Time": "2017-05-15 14:34:35",
        "Lines": "17"
      },
      {
        "Lat": 52.3232,
        "Lon": 20.9433,
        "Brigade": "026",
        "Time": "2017-05-15 14:34:56",
        "Lines": "17"
      },
      {
        "Lat": 52.3238,
        "Lon": 20.9433,
        "Brigade": "026",
        "Time": "2017-05-15 14:35:17",
        "Lines": "17"
      },
      {
        "Lat": 52.3245,
        "Lon": 20.9431,
        "Brigade": "026",
        "Time": "2017-05-15 14:35:38",
        "Lines": "17"
      },
      {
        "Lat": 52.3243,
        "Lon": 20.9426,
        "Brigade": "026",
        "Time": "2017-05-15 14:36:00",
        "Lines": "17"
      },
      {
        "Lat": 52.3243,
        "Lon": 20.9426,
        "Brigade": "026",
        "Time": "2017-05-15 14:36:20",
        "Lines": "17"
      },
      {
        "Lat": 52.3243,
        "Lon": 20.9426,
        "Brigade": "026",
        "Time": "2017-05-15 14:36:41",
        "Lines": "17"
      },
      {
        "Lat": 52.3243,
        "Lon": 20.9426,
        "Brigade": "026",
        "Time": "2017-05-15 14:37:02",
        "Lines": "17"
      },
      {
        "Lat": 52.3243,
        "Lon": 20.9426,
        "Brigade": "026",
        "Time": "2017-05-15 14:37:23",
        "Lines": "17"
      },
      {
        "Lat": 52.3243,
        "Lon": 20.9426,
        "Brigade": "026",
        "Time": "2017-05-15 14:37:43",
        "Lines": "17"
      },
      {
        "Lat": 52.3243,
        "Lon": 20.9426,
        "Brigade": "026",
        "Time": "2017-05-15 14:38:04",
        "Lines": "17"
      },
      {
        "Lat": 52.3243,
        "Lon": 20.9426,
        "Brigade": "026",
        "Time": "2017-05-15 14:38:26",
        "Lines": "17"
      },
      {
        "Lat": 52.3243,
        "Lon": 20.9426,
        "Brigade": "026",
        "Time": "2017-05-15 14:38:46",
        "Lines": "17"
      },
      {
        "Lat": 52.3243,
        "Lon": 20.9426,
        "Brigade": "026",
        "Time": "2017-05-15 14:39:07",
        "Lines": "17"
      },
      {
        "Lat": 52.3243,
        "Lon": 20.9426,
        "Brigade": "026",
        "Time": "2017-05-15 14:39:28",
        "Lines": "17"
      },
      {
        "Lat": 52.3243,
        "Lon": 20.9426,
        "Brigade": "026",
        "Time": "2017-05-15 14:39:49",
        "Lines": "17"
      },
      {
        "Lat": 52.3243,
        "Lon": 20.9426,
        "Brigade": "026",
        "Time": "2017-05-15 14:40:10",
        "Lines": "17"
      },
      {
        "Lat": 52.3243,
        "Lon": 20.9426,
        "Brigade": "026",
        "Time": "2017-05-15 14:40:32",
        "Lines": "17"
      },
      {
        "Lat": 52.3243,
        "Lon": 20.9426,
        "Brigade": "026",
        "Time": "2017-05-15 14:40:52",
        "Lines": "17"
      },
      {
        "Lat": 52.3243,
        "Lon": 20.9426,
        "Brigade": "026",
        "Time": "2017-05-15 14:41:13",
        "Lines": "17"
      },
      {
        "Lat": 52.3243,
        "Lon": 20.9426,
        "Brigade": "026",
        "Time": "2017-05-15 14:41:34",
        "Lines": "17"
      },
      {
        "Lat": 52.3243,
        "Lon": 20.9426,
        "Brigade": "026",
        "Time": "2017-05-15 14:41:54",
        "Lines": "17"
      },
      {
        "Lat": 52.3243,
        "Lon": 20.9426,
        "Brigade": "026",
        "Time": "2017-05-15 14:42:15",
        "Lines": "17"
      },
      {
        "Lat": 52.3243,
        "Lon": 20.9426,
        "Brigade": "026",
        "Time": "2017-05-15 14:42:36",
        "Lines": "17"
      },
      {
        "Lat": 52.3243,
        "Lon": 20.9426,
        "Brigade": "026",
        "Time": "2017-05-15 14:42:57",
        "Lines": "17"
      },
      {
        "Lat": 52.3242,
        "Lon": 20.9426,
        "Brigade": "026",
        "Time": "2017-05-15 14:43:18",
        "Lines": "17"
      },
      {
        "Lat": 52.3238,
        "Lon": 20.9428,
        "Brigade": "026",
        "Time": "2017-05-15 14:43:39",
        "Lines": "17"
      },
      {
        "Lat": 52.3231,
        "Lon": 20.9433,
        "Brigade": "026",
        "Time": "2017-05-15 14:44:00",
        "Lines": "17"
      },
      {
        "Lat": 52.3228,
        "Lon": 20.9439,
        "Brigade": "026",
        "Time": "2017-05-15 14:44:21",
        "Lines": "17"
      },
      {
        "Lat": 52.3222,
        "Lon": 20.9453,
        "Brigade": "026",
        "Time": "2017-05-15 14:44:42",
        "Lines": "17"
      },
      {
        "Lat": 52.3205,
        "Lon": 20.9486,
        "Brigade": "026",
        "Time": "2017-05-15 14:45:03",
        "Lines": "17"
      },
      {
        "Lat": 52.319,
        "Lon": 20.9517,
        "Brigade": "026",
        "Time": "2017-05-15 14:45:24",
        "Lines": "17"
      },
      {
        "Lat": 52.3188,
        "Lon": 20.9521,
        "Brigade": "026",
        "Time": "2017-05-15 14:45:45",
        "Lines": "17"
      },
      {
        "Lat": 52.3188,
        "Lon": 20.9521,
        "Brigade": "026",
        "Time": "2017-05-15 14:46:06",
        "Lines": "17"
      },
      {
        "Lat": 52.3187,
        "Lon": 20.9524,
        "Brigade": "026",
        "Time": "2017-05-15 14:46:27",
        "Lines": "17"
      },
      {
        "Lat": 52.3172,
        "Lon": 20.9554,
        "Brigade": "026",
        "Time": "2017-05-15 14:46:47",
        "Lines": "17"
      },
      {
        "Lat": 52.3165,
        "Lon": 20.9593,
        "Brigade": "026",
        "Time": "2017-05-15 14:47:08",
        "Lines": "17"
      },
      {
        "Lat": 52.3168,
        "Lon": 20.9603,
        "Brigade": "026",
        "Time": "2017-05-15 14:47:29",
        "Lines": "17"
      },
      {
        "Lat": 52.3168,
        "Lon": 20.9603,
        "Brigade": "026",
        "Time": "2017-05-15 14:47:50",
        "Lines": "17"
      },
      {
        "Lat": 52.3176,
        "Lon": 20.9626,
        "Brigade": "026",
        "Time": "2017-05-15 14:48:11",
        "Lines": "17"
      },
      {
        "Lat": 52.317,
        "Lon": 20.9647,
        "Brigade": "026",
        "Time": "2017-05-15 14:48:32",
        "Lines": "17"
      },
      {
        "Lat": 52.3159,
        "Lon": 20.9663,
        "Brigade": "026",
        "Time": "2017-05-15 14:48:53",
        "Lines": "17"
      },
      {
        "Lat": 52.3147,
        "Lon": 20.9677,
        "Brigade": "026",
        "Time": "2017-05-15 14:49:14",
        "Lines": "17"
      },
      {
        "Lat": 52.3134,
        "Lon": 20.9661,
        "Brigade": "026",
        "Time": "2017-05-15 14:49:35",
        "Lines": "17"
      },
      {
        "Lat": 52.3131,
        "Lon": 20.9655,
        "Brigade": "026",
        "Time": "2017-05-15 14:49:56",
        "Lines": "17"
      },
      {
        "Lat": 52.3121,
        "Lon": 20.9631,
        "Brigade": "026",
        "Time": "2017-05-15 14:50:17",
        "Lines": "17"
      },
      {
        "Lat": 52.311,
        "Lon": 20.96,
        "Brigade": "026",
        "Time": "2017-05-15 14:50:38",
        "Lines": "17"
      },
      {
        "Lat": 52.3107,
        "Lon": 20.9593,
        "Brigade": "026",
        "Time": "2017-05-15 14:50:58",
        "Lines": "17"
      },
      {
        "Lat": 52.3099,
        "Lon": 20.9576,
        "Brigade": "026",
        "Time": "2017-05-15 14:51:19",
        "Lines": "17"
      },
      {
        "Lat": 52.3084,
        "Lon": 20.9544,
        "Brigade": "026",
        "Time": "2017-05-15 14:51:40",
        "Lines": "17"
      },
      {
        "Lat": 52.3069,
        "Lon": 20.9513,
        "Brigade": "026",
        "Time": "2017-05-15 14:52:01",
        "Lines": "17"
      },
      {
        "Lat": 52.3054,
        "Lon": 20.9481,
        "Brigade": "026",
        "Time": "2017-05-15 14:52:22",
        "Lines": "17"
      },
      {
        "Lat": 52.304,
        "Lon": 20.945,
        "Brigade": "026",
        "Time": "2017-05-15 14:52:43",
        "Lines": "17"
      },
      {
        "Lat": 52.3027,
        "Lon": 20.9417,
        "Brigade": "026",
        "Time": "2017-05-15 14:53:04",
        "Lines": "17"
      },
      {
        "Lat": 52.3017,
        "Lon": 20.9405,
        "Brigade": "026",
        "Time": "2017-05-15 14:53:25",
        "Lines": "17"
      },
      {
        "Lat": 52.3,
        "Lon": 20.9411,
        "Brigade": "026",
        "Time": "2017-05-15 14:53:46",
        "Lines": "17"
      },
      {
        "Lat": 52.298,
        "Lon": 20.9428,
        "Brigade": "026",
        "Time": "2017-05-15 14:54:07",
        "Lines": "17"
      },
      {
        "Lat": 52.2979,
        "Lon": 20.9428,
        "Brigade": "026",
        "Time": "2017-05-15 14:54:28",
        "Lines": "17"
      },
      {
        "Lat": 52.2963,
        "Lon": 20.9444,
        "Brigade": "026",
        "Time": "2017-05-15 14:54:49",
        "Lines": "17"
      },
      {
        "Lat": 52.2947,
        "Lon": 20.946,
        "Brigade": "026",
        "Time": "2017-05-15 14:55:17",
        "Lines": "17"
      },
      {
        "Lat": 52.2945,
        "Lon": 20.9461,
        "Brigade": "026",
        "Time": "2017-05-15 14:55:30",
        "Lines": "17"
      },
      {
        "Lat": 52.2923,
        "Lon": 20.9482,
        "Brigade": "026",
        "Time": "2017-05-15 14:55:51",
        "Lines": "17"
      },
      {
        "Lat": 52.2902,
        "Lon": 20.9502,
        "Brigade": "026",
        "Time": "2017-05-15 14:56:12",
        "Lines": "17"
      },
      {
        "Lat": 52.29,
        "Lon": 20.9503,
        "Brigade": "026",
        "Time": "2017-05-15 14:56:33",
        "Lines": "17"
      },
      {
        "Lat": 52.2897,
        "Lon": 20.9507,
        "Brigade": "026",
        "Time": "2017-05-15 14:56:54",
        "Lines": "17"
      },
      {
        "Lat": 52.2888,
        "Lon": 20.9516,
        "Brigade": "026",
        "Time": "2017-05-15 14:57:15",
        "Lines": "17"
      },
      {
        "Lat": 52.2877,
        "Lon": 20.9526,
        "Brigade": "026",
        "Time": "2017-05-15 14:57:36",
        "Lines": "17"
      },
      {
        "Lat": 52.2873,
        "Lon": 20.9529,
        "Brigade": "026",
        "Time": "2017-05-15 14:57:57",
        "Lines": "17"
      },
      {
        "Lat": 52.286,
        "Lon": 20.9543,
        "Brigade": "026",
        "Time": "2017-05-15 14:58:18",
        "Lines": "17"
      },
      {
        "Lat": 52.2849,
        "Lon": 20.9551,
        "Brigade": "026",
        "Time": "2017-05-15 14:58:39",
        "Lines": "17"
      },
      {
        "Lat": 52.2836,
        "Lon": 20.9562,
        "Brigade": "026",
        "Time": "2017-05-15 14:59:00",
        "Lines": "17"
      },
      {
        "Lat": 52.2833,
        "Lon": 20.9565,
        "Brigade": "026",
        "Time": "2017-05-15 14:59:21",
        "Lines": "17"
      },
      {
        "Lat": 52.2832,
        "Lon": 20.9566,
        "Brigade": "026",
        "Time": "2017-05-15 14:59:41",
        "Lines": "17"
      },
      {
        "Lat": 52.2812,
        "Lon": 20.9585,
        "Brigade": "026",
        "Time": "2017-05-15 15:00:04",
        "Lines": "17"
      },
      {
        "Lat": 52.2803,
        "Lon": 20.9593,
        "Brigade": "026",
        "Time": "2017-05-15 15:00:24",
        "Lines": "17"
      },
      {
        "Lat": 52.2798,
        "Lon": 20.9599,
        "Brigade": "026",
        "Time": "2017-05-15 15:00:44",
        "Lines": "17"
      },
      {
        "Lat": 52.2777,
        "Lon": 20.9618,
        "Brigade": "026",
        "Time": "2017-05-15 15:01:05",
        "Lines": "17"
      },
      {
        "Lat": 52.2757,
        "Lon": 20.9639,
        "Brigade": "026",
        "Time": "2017-05-15 15:01:26",
        "Lines": "17"
      },
      {
        "Lat": 52.2756,
        "Lon": 20.964,
        "Brigade": "026",
        "Time": "2017-05-15 15:01:47",
        "Lines": "17"
      },
      {
        "Lat": 52.2739,
        "Lon": 20.9664,
        "Brigade": "026",
        "Time": "2017-05-15 15:02:09",
        "Lines": "17"
      },
      {
        "Lat": 52.2735,
        "Lon": 20.9673,
        "Brigade": "026",
        "Time": "2017-05-15 15:02:29",
        "Lines": "17"
      },
      {
        "Lat": 52.2728,
        "Lon": 20.9693,
        "Brigade": "026",
        "Time": "2017-05-15 15:02:50",
        "Lines": "17"
      },
      {
        "Lat": 52.2722,
        "Lon": 20.9717,
        "Brigade": "026",
        "Time": "2017-05-15 15:03:11",
        "Lines": "17"
      },
      {
        "Lat": 52.2718,
        "Lon": 20.9733,
        "Brigade": "026",
        "Time": "2017-05-15 15:03:32",
        "Lines": "17"
      },
      {
        "Lat": 52.2718,
        "Lon": 20.9733,
        "Brigade": "026",
        "Time": "2017-05-15 15:03:53",
        "Lines": "17"
      },
      {
        "Lat": 52.2718,
        "Lon": 20.9733,
        "Brigade": "026",
        "Time": "2017-05-15 15:04:14",
        "Lines": "17"
      },
      {
        "Lat": 52.2713,
        "Lon": 20.9739,
        "Brigade": "026",
        "Time": "2017-05-15 15:04:34",
        "Lines": "17"
      },
      {
        "Lat": 52.2689,
        "Lon": 20.9755,
        "Brigade": "026",
        "Time": "2017-05-15 15:04:57",
        "Lines": "17"
      },
      {
        "Lat": 52.2668,
        "Lon": 20.9768,
        "Brigade": "026",
        "Time": "2017-05-15 15:05:16",
        "Lines": "17"
      },
      {
        "Lat": 52.2668,
        "Lon": 20.9769,
        "Brigade": "026",
        "Time": "2017-05-15 15:05:37",
        "Lines": "17"
      },
      {
        "Lat": 52.2668,
        "Lon": 20.9769,
        "Brigade": "026",
        "Time": "2017-05-15 15:05:58",
        "Lines": "17"
      },
      {
        "Lat": 52.2668,
        "Lon": 20.9769,
        "Brigade": "026",
        "Time": "2017-05-15 15:06:19",
        "Lines": "17"
      },
      {
        "Lat": 52.2656,
        "Lon": 20.9777,
        "Brigade": "026",
        "Time": "2017-05-15 15:06:40",
        "Lines": "17"
      },
      {
        "Lat": 52.2632,
        "Lon": 20.9793,
        "Brigade": "026",
        "Time": "2017-05-15 15:07:01",
        "Lines": "17"
      },
      {
        "Lat": 52.2629,
        "Lon": 20.9795,
        "Brigade": "026",
        "Time": "2017-05-15 15:07:22",
        "Lines": "17"
      },
      {
        "Lat": 52.2629,
        "Lon": 20.9795,
        "Brigade": "026",
        "Time": "2017-05-15 15:07:43",
        "Lines": "17"
      },
      {
        "Lat": 52.2629,
        "Lon": 20.9795,
        "Brigade": "026",
        "Time": "2017-05-15 15:08:04",
        "Lines": "17"
      },
      {
        "Lat": 52.2629,
        "Lon": 20.9795,
        "Brigade": "026",
        "Time": "2017-05-15 15:08:25",
        "Lines": "17"
      },
      {
        "Lat": 52.2619,
        "Lon": 20.9801,
        "Brigade": "026",
        "Time": "2017-05-15 15:08:46",
        "Lines": "17"
      },
      {
        "Lat": 52.2598,
        "Lon": 20.9809,
        "Brigade": "026",
        "Time": "2017-05-15 15:09:07",
        "Lines": "17"
      },
      {
        "Lat": 52.2571,
        "Lon": 20.9815,
        "Brigade": "026",
        "Time": "2017-05-15 15:10:51",
        "Lines": "17"
      },
      {
        "Lat": 52.2571,
        "Lon": 20.9815,
        "Brigade": "026",
        "Time": "2017-05-15 15:11:13",
        "Lines": "17"
      },
      {
        "Lat": 52.2571,
        "Lon": 20.9815,
        "Brigade": "026",
        "Time": "2017-05-15 15:11:33",
        "Lines": "17"
      },
      {
        "Lat": 52.2571,
        "Lon": 20.9815,
        "Brigade": "026",
        "Time": "2017-05-15 15:11:54",
        "Lines": "17"
      },
      {
        "Lat": 52.2571,
        "Lon": 20.9815,
        "Brigade": "026",
        "Time": "2017-05-15 15:12:15",
        "Lines": "17"
      },
      {
        "Lat": 52.257,
        "Lon": 20.9815,
        "Brigade": "026",
        "Time": "2017-05-15 15:12:36",
        "Lines": "17"
      },
      {
        "Lat": 52.2565,
        "Lon": 20.9817,
        "Brigade": "026",
        "Time": "2017-05-15 15:12:57",
        "Lines": "17"
      },
      {
        "Lat": 52.2565,
        "Lon": 20.9817,
        "Brigade": "026",
        "Time": "2017-05-15 15:13:18",
        "Lines": "17"
      },
      {
        "Lat": 52.2565,
        "Lon": 20.9817,
        "Brigade": "026",
        "Time": "2017-05-15 15:13:38",
        "Lines": "17"
      },
      {
        "Lat": 52.2564,
        "Lon": 20.9818,
        "Brigade": "026",
        "Time": "2017-05-15 15:13:59",
        "Lines": "17"
      },
      {
        "Lat": 52.2559,
        "Lon": 20.9819,
        "Brigade": "026",
        "Time": "2017-05-15 15:14:20",
        "Lines": "17"
      },
      {
        "Lat": 52.2559,
        "Lon": 20.9819,
        "Brigade": "026",
        "Time": "2017-05-15 15:14:41",
        "Lines": "17"
      },
      {
        "Lat": 52.2557,
        "Lon": 20.982,
        "Brigade": "026",
        "Time": "2017-05-15 15:15:02",
        "Lines": "17"
      },
      {
        "Lat": 52.2557,
        "Lon": 20.982,
        "Brigade": "026",
        "Time": "2017-05-15 15:15:23",
        "Lines": "17"
      },
      {
        "Lat": 52.2557,
        "Lon": 20.982,
        "Brigade": "026",
        "Time": "2017-05-15 15:15:44",
        "Lines": "17"
      },
      {
        "Lat": 52.2557,
        "Lon": 20.982,
        "Brigade": "026",
        "Time": "2017-05-15 15:16:05",
        "Lines": "17"
      },
      {
        "Lat": 52.2554,
        "Lon": 20.9821,
        "Brigade": "026",
        "Time": "2017-05-15 15:16:26",
        "Lines": "17"
      },
      {
        "Lat": 52.2554,
        "Lon": 20.9822,
        "Brigade": "026",
        "Time": "2017-05-15 15:16:47",
        "Lines": "17"
      },
      {
        "Lat": 52.2554,
        "Lon": 20.9822,
        "Brigade": "026",
        "Time": "2017-05-15 15:17:08",
        "Lines": "17"
      },
      {
        "Lat": 52.2554,
        "Lon": 20.9822,
        "Brigade": "026",
        "Time": "2017-05-15 15:17:29",
        "Lines": "17"
      },
      {
        "Lat": 52.2544,
        "Lon": 20.9827,
        "Brigade": "026",
        "Time": "2017-05-15 15:17:49",
        "Lines": "17"
      },
      {
        "Lat": 52.2541,
        "Lon": 20.983,
        "Brigade": "026",
        "Time": "2017-05-15 15:18:10",
        "Lines": "17"
      },
      {
        "Lat": 52.2537,
        "Lon": 20.9833,
        "Brigade": "026",
        "Time": "2017-05-15 15:18:31",
        "Lines": "17"
      },
      {
        "Lat": 52.2533,
        "Lon": 20.9837,
        "Brigade": "026",
        "Time": "2017-05-15 15:18:52",
        "Lines": "17"
      },
      {
        "Lat": 52.2514,
        "Lon": 20.9854,
        "Brigade": "026",
        "Time": "2017-05-15 15:19:13",
        "Lines": "17"
      },
      {
        "Lat": 52.2513,
        "Lon": 20.9854,
        "Brigade": "026",
        "Time": "2017-05-15 15:19:34",
        "Lines": "17"
      },
      {
        "Lat": 52.2509,
        "Lon": 20.9858,
        "Brigade": "026",
        "Time": "2017-05-15 15:19:55",
        "Lines": "17"
      },
      {
        "Lat": 52.2488,
        "Lon": 20.9876,
        "Brigade": "026",
        "Time": "2017-05-15 15:20:16",
        "Lines": "17"
      },
      {
        "Lat": 52.2476,
        "Lon": 20.9887,
        "Brigade": "026",
        "Time": "2017-05-15 15:20:37",
        "Lines": "17"
      },
      {
        "Lat": 52.2476,
        "Lon": 20.9887,
        "Brigade": "026",
        "Time": "2017-05-15 15:20:58",
        "Lines": "17"
      },
      {
        "Lat": 52.2476,
        "Lon": 20.9887,
        "Brigade": "026",
        "Time": "2017-05-15 15:21:19",
        "Lines": "17"
      },
      {
        "Lat": 52.2474,
        "Lon": 20.9889,
        "Brigade": "026",
        "Time": "2017-05-15 15:21:40",
        "Lines": "17"
      },
      {
        "Lat": 52.2454,
        "Lon": 20.9906,
        "Brigade": "026",
        "Time": "2017-05-15 15:22:00",
        "Lines": "17"
      },
      {
        "Lat": 52.2441,
        "Lon": 20.9917,
        "Brigade": "026",
        "Time": "2017-05-15 15:22:21",
        "Lines": "17"
      },
      {
        "Lat": 52.244,
        "Lon": 20.9917,
        "Brigade": "026",
        "Time": "2017-05-15 15:22:42",
        "Lines": "17"
      },
      {
        "Lat": 52.2426,
        "Lon": 20.993,
        "Brigade": "026",
        "Time": "2017-05-15 15:23:03",
        "Lines": "17"
      },
      {
        "Lat": 52.2422,
        "Lon": 20.9933,
        "Brigade": "026",
        "Time": "2017-05-15 15:23:24",
        "Lines": "17"
      },
      {
        "Lat": 52.2422,
        "Lon": 20.9933,
        "Brigade": "026",
        "Time": "2017-05-15 15:23:45",
        "Lines": "17"
      },
      {
        "Lat": 52.2422,
        "Lon": 20.9933,
        "Brigade": "026",
        "Time": "2017-05-15 15:24:06",
        "Lines": "17"
      },
      {
        "Lat": 52.2422,
        "Lon": 20.9933,
        "Brigade": "026",
        "Time": "2017-05-15 15:24:27",
        "Lines": "17"
      },
      {
        "Lat": 52.2419,
        "Lon": 20.9936,
        "Brigade": "026",
        "Time": "2017-05-15 15:24:48",
        "Lines": "17"
      },
      {
        "Lat": 52.2403,
        "Lon": 20.995,
        "Brigade": "026",
        "Time": "2017-05-15 15:25:09",
        "Lines": "17"
      },
      {
        "Lat": 52.2382,
        "Lon": 20.9962,
        "Brigade": "026",
        "Time": "2017-05-15 15:25:30",
        "Lines": "17"
      },
      {
        "Lat": 52.2381,
        "Lon": 20.9962,
        "Brigade": "026",
        "Time": "2017-05-15 15:25:51",
        "Lines": "17"
      },
      {
        "Lat": 52.2367,
        "Lon": 20.9968,
        "Brigade": "026",
        "Time": "2017-05-15 15:26:12",
        "Lines": "17"
      },
      {
        "Lat": 52.2342,
        "Lon": 20.9979,
        "Brigade": "026",
        "Time": "2017-05-15 15:26:32",
        "Lines": "17"
      },
      {
        "Lat": 52.2336,
        "Lon": 20.9981,
        "Brigade": "026",
        "Time": "2017-05-15 15:26:54",
        "Lines": "17"
      },
      {
        "Lat": 52.2326,
        "Lon": 20.9987,
        "Brigade": "026",
        "Time": "2017-05-15 15:27:14",
        "Lines": "17"
      },
      {
        "Lat": 52.2322,
        "Lon": 20.999,
        "Brigade": "026",
        "Time": "2017-05-15 15:27:35",
        "Lines": "17"
      },
      {
        "Lat": 52.2319,
        "Lon": 20.9992,
        "Brigade": "026",
        "Time": "2017-05-15 15:27:56",
        "Lines": "17"
      },
      {
        "Lat": 52.2296,
        "Lon": 21.0008,
        "Brigade": "026",
        "Time": "2017-05-15 15:28:20",
        "Lines": "17"
      },
      {
        "Lat": 52.2284,
        "Lon": 21.0015,
        "Brigade": "026",
        "Time": "2017-05-15 15:28:38",
        "Lines": "17"
      },
      {
        "Lat": 52.2281,
        "Lon": 21.0017,
        "Brigade": "026",
        "Time": "2017-05-15 15:28:59",
        "Lines": "17"
      },
      {
        "Lat": 52.2281,
        "Lon": 21.0017,
        "Brigade": "026",
        "Time": "2017-05-15 15:29:20",
        "Lines": "17"
      },
      {
        "Lat": 52.2281,
        "Lon": 21.0017,
        "Brigade": "026",
        "Time": "2017-05-15 15:29:41",
        "Lines": "17"
      },
      {
        "Lat": 52.2281,
        "Lon": 21.0017,
        "Brigade": "026",
        "Time": "2017-05-15 15:30:02",
        "Lines": "17"
      },
      {
        "Lat": 52.2234,
        "Lon": 21.0046,
        "Brigade": "026",
        "Time": "2017-05-15 15:31:26",
        "Lines": "17"
      },
      {
        "Lat": 52.2223,
        "Lon": 21.0048,
        "Brigade": "026",
        "Time": "2017-05-15 15:31:46",
        "Lines": "17"
      },
      {
        "Lat": 52.2209,
        "Lon": 21.0049,
        "Brigade": "026",
        "Time": "2017-05-15 15:32:07",
        "Lines": "17"
      },
      {
        "Lat": 52.2209,
        "Lon": 21.0049,
        "Brigade": "026",
        "Time": "2017-05-15 15:32:28",
        "Lines": "17"
      },
      {
        "Lat": 52.2209,
        "Lon": 21.0049,
        "Brigade": "026",
        "Time": "2017-05-15 15:32:49",
        "Lines": "17"
      },
      {
        "Lat": 52.2197,
        "Lon": 21.0049,
        "Brigade": "026",
        "Time": "2017-05-15 15:33:10",
        "Lines": "17"
      },
      {
        "Lat": 52.2177,
        "Lon": 21.005,
        "Brigade": "026",
        "Time": "2017-05-15 15:33:31",
        "Lines": "17"
      },
      {
        "Lat": 52.2176,
        "Lon": 21.005,
        "Brigade": "026",
        "Time": "2017-05-15 15:33:52",
        "Lines": "17"
      },
      {
        "Lat": 52.2174,
        "Lon": 21.005,
        "Brigade": "026",
        "Time": "2017-05-15 15:34:13",
        "Lines": "17"
      },
      {
        "Lat": 52.2163,
        "Lon": 21.0053,
        "Brigade": "026",
        "Time": "2017-05-15 15:34:34",
        "Lines": "17"
      },
      {
        "Lat": 52.2158,
        "Lon": 21.0055,
        "Brigade": "026",
        "Time": "2017-05-15 15:34:55",
        "Lines": "17"
      },
      {
        "Lat": 52.2134,
        "Lon": 21.0061,
        "Brigade": "026",
        "Time": "2017-05-15 15:35:16",
        "Lines": "17"
      },
      {
        "Lat": 52.2132,
        "Lon": 21.0062,
        "Brigade": "026",
        "Time": "2017-05-15 15:35:37",
        "Lines": "17"
      },
      {
        "Lat": 52.2115,
        "Lon": 21.0068,
        "Brigade": "026",
        "Time": "2017-05-15 15:35:57",
        "Lines": "17"
      },
      {
        "Lat": 52.2109,
        "Lon": 21.007,
        "Brigade": "026",
        "Time": "2017-05-15 15:36:18",
        "Lines": "17"
      },
      {
        "Lat": 52.2104,
        "Lon": 21.0071,
        "Brigade": "026",
        "Time": "2017-05-15 15:36:39",
        "Lines": "17"
      },
      {
        "Lat": 52.2084,
        "Lon": 21.0079,
        "Brigade": "026",
        "Time": "2017-05-15 15:37:00",
        "Lines": "17"
      },
      {
        "Lat": 52.2084,
        "Lon": 21.0079,
        "Brigade": "026",
        "Time": "2017-05-15 15:37:23",
        "Lines": "17"
      },
      {
        "Lat": 52.2076,
        "Lon": 21.0077,
        "Brigade": "026",
        "Time": "2017-05-15 15:37:42",
        "Lines": "17"
      },
      {
        "Lat": 52.207,
        "Lon": 21.0044,
        "Brigade": "026",
        "Time": "2017-05-15 15:38:03",
        "Lines": "17"
      },
      {
        "Lat": 52.2068,
        "Lon": 21.0037,
        "Brigade": "026",
        "Time": "2017-05-15 15:38:24",
        "Lines": "17"
      },
      {
        "Lat": 52.2068,
        "Lon": 21.0032,
        "Brigade": "026",
        "Time": "2017-05-15 15:38:45",
        "Lines": "17"
      },
      {
        "Lat": 52.2062,
        "Lon": 21,
        "Brigade": "026",
        "Time": "2017-05-15 15:39:06",
        "Lines": "17"
      },
      {
        "Lat": 52.2061,
        "Lon": 20.9996,
        "Brigade": "026",
        "Time": "2017-05-15 15:39:27",
        "Lines": "17"
      },
      {
        "Lat": 52.2056,
        "Lon": 20.9993,
        "Brigade": "026",
        "Time": "2017-05-15 15:39:48",
        "Lines": "17"
      },
      {
        "Lat": 52.2052,
        "Lon": 20.9994,
        "Brigade": "026",
        "Time": "2017-05-15 15:40:08",
        "Lines": "17"
      },
      {
        "Lat": 52.2034,
        "Lon": 20.9999,
        "Brigade": "026",
        "Time": "2017-05-15 15:40:30",
        "Lines": "17"
      },
      {
        "Lat": 52.2019,
        "Lon": 21.0004,
        "Brigade": "026",
        "Time": "2017-05-15 15:40:50",
        "Lines": "17"
      },
      {
        "Lat": 52.2014,
        "Lon": 21.0005,
        "Brigade": "026",
        "Time": "2017-05-15 15:41:11",
        "Lines": "17"
      },
      {
        "Lat": 52.1993,
        "Lon": 21.0011,
        "Brigade": "026",
        "Time": "2017-05-15 15:41:32",
        "Lines": "17"
      },
      {
        "Lat": 52.1992,
        "Lon": 21.0011,
        "Brigade": "026",
        "Time": "2017-05-15 15:41:53",
        "Lines": "17"
      },
      {
        "Lat": 52.1983,
        "Lon": 21.0014,
        "Brigade": "026",
        "Time": "2017-05-15 15:42:14",
        "Lines": "17"
      },
      {
        "Lat": 52.1961,
        "Lon": 21.0018,
        "Brigade": "026",
        "Time": "2017-05-15 15:42:35",
        "Lines": "17"
      },
      {
        "Lat": 52.1961,
        "Lon": 21.0018,
        "Brigade": "026",
        "Time": "2017-05-15 15:42:56",
        "Lines": "17"
      },
      {
        "Lat": 52.1955,
        "Lon": 21.0018,
        "Brigade": "026",
        "Time": "2017-05-15 15:43:17",
        "Lines": "17"
      },
      {
        "Lat": 52.1934,
        "Lon": 21.0018,
        "Brigade": "026",
        "Time": "2017-05-15 15:43:38",
        "Lines": "17"
      },
      {
        "Lat": 52.1912,
        "Lon": 21.0018,
        "Brigade": "026",
        "Time": "2017-05-15 15:43:59",
        "Lines": "17"
      },
      {
        "Lat": 52.1894,
        "Lon": 21.002,
        "Brigade": "026",
        "Time": "2017-05-15 15:44:20",
        "Lines": "17"
      },
      {
        "Lat": 52.1893,
        "Lon": 21.002,
        "Brigade": "026",
        "Time": "2017-05-15 15:44:40",
        "Lines": "17"
      },
      {
        "Lat": 52.1893,
        "Lon": 21.002,
        "Brigade": "026",
        "Time": "2017-05-15 15:45:01",
        "Lines": "17"
      },
      {
        "Lat": 52.1893,
        "Lon": 21.002,
        "Brigade": "026",
        "Time": "2017-05-15 15:45:23",
        "Lines": "17"
      },
      {
        "Lat": 52.1893,
        "Lon": 21.002,
        "Brigade": "026",
        "Time": "2017-05-15 15:45:43",
        "Lines": "17"
      },
      {
        "Lat": 52.1891,
        "Lon": 21.002,
        "Brigade": "026",
        "Time": "2017-05-15 15:46:04",
        "Lines": "17"
      },
      {
        "Lat": 52.1888,
        "Lon": 21.0033,
        "Brigade": "026",
        "Time": "2017-05-15 15:46:26",
        "Lines": "17"
      },
      {
        "Lat": 52.1888,
        "Lon": 21.0035,
        "Brigade": "026",
        "Time": "2017-05-15 15:46:46",
        "Lines": "17"
      },
      {
        "Lat": 52.1888,
        "Lon": 21.0035,
        "Brigade": "026",
        "Time": "2017-05-15 15:47:07",
        "Lines": "17"
      },
      {
        "Lat": 52.1888,
        "Lon": 21.0035,
        "Brigade": "026",
        "Time": "2017-05-15 15:47:28",
        "Lines": "17"
      },
      {
        "Lat": 52.1888,
        "Lon": 21.0035,
        "Brigade": "026",
        "Time": "2017-05-15 15:47:49",
        "Lines": "17"
      },
      {
        "Lat": 52.1888,
        "Lon": 21.0047,
        "Brigade": "026",
        "Time": "2017-05-15 15:48:10",
        "Lines": "17"
      },
      {
        "Lat": 52.1888,
        "Lon": 21.0072,
        "Brigade": "026",
        "Time": "2017-05-15 15:48:31",
        "Lines": "17"
      },
      {
        "Lat": 52.1888,
        "Lon": 21.0072,
        "Brigade": "026",
        "Time": "2017-05-15 15:48:51",
        "Lines": "17"
      },
      {
        "Lat": 52.1888,
        "Lon": 21.0033,
        "Brigade": "026",
        "Time": "2017-05-15 17:57:00",
        "Lines": "17"
      },
      {
        "Lat": 52.1888,
        "Lon": 21.0031,
        "Brigade": "026",
        "Time": "2017-05-15 17:57:21",
        "Lines": "17"
      },
      {
        "Lat": 52.1888,
        "Lon": 21.0031,
        "Brigade": "026",
        "Time": "2017-05-15 17:57:43",
        "Lines": "17"
      },
      {
        "Lat": 52.1888,
        "Lon": 21.0031,
        "Brigade": "026",
        "Time": "2017-05-15 17:58:03",
        "Lines": "17"
      },
      {
        "Lat": 52.1888,
        "Lon": 21.0031,
        "Brigade": "026",
        "Time": "2017-05-15 17:58:24",
        "Lines": "17"
      },
      {
        "Lat": 52.1888,
        "Lon": 21.0031,
        "Brigade": "026",
        "Time": "2017-05-15 17:58:45",
        "Lines": "17"
      },
      {
        "Lat": 52.1888,
        "Lon": 21.0031,
        "Brigade": "026",
        "Time": "2017-05-15 17:59:06",
        "Lines": "17"
      },
      {
        "Lat": 52.1888,
        "Lon": 21.0031,
        "Brigade": "026",
        "Time": "2017-05-15 17:59:27",
        "Lines": "17"
      },
      {
        "Lat": 52.1888,
        "Lon": 21.0027,
        "Brigade": "026",
        "Time": "2017-05-15 18:00:51",
        "Lines": "17"
      },
      {
        "Lat": 52.1888,
        "Lon": 21.0027,
        "Brigade": "026",
        "Time": "2017-05-15 18:01:12",
        "Lines": "17"
      },
      {
        "Lat": 52.1888,
        "Lon": 21.0027,
        "Brigade": "026",
        "Time": "2017-05-15 18:01:32",
        "Lines": "17"
      },
      {
        "Lat": 52.1888,
        "Lon": 21.0017,
        "Brigade": "026",
        "Time": "2017-05-15 18:01:53",
        "Lines": "17"
      },
      {
        "Lat": 52.1888,
        "Lon": 21.0006,
        "Brigade": "026",
        "Time": "2017-05-15 18:02:14",
        "Lines": "17"
      },
      {
        "Lat": 52.1885,
        "Lon": 21.0003,
        "Brigade": "026",
        "Time": "2017-05-15 18:02:35",
        "Lines": "17"
      },
      {
        "Lat": 52.1885,
        "Lon": 21.0003,
        "Brigade": "026",
        "Time": "2017-05-15 18:02:56",
        "Lines": "17"
      },
      {
        "Lat": 52.1885,
        "Lon": 21.0003,
        "Brigade": "026",
        "Time": "2017-05-15 18:03:17",
        "Lines": "17"
      }
    ]
  }
]
