[
  {
    "res": [
      {
        "Lat": 52.3109,
        "Lon": 20.9599,
        "Brigade": "029",
        "Time": "2017-05-15 08:02:17",
        "Lines": "17"
      },
      {
        "Lat": 52.3106,
        "Lon": 20.9591,
        "Brigade": "029",
        "Time": "2017-05-15 08:02:27",
        "Lines": "17"
      },
      {
        "Lat": 52.3106,
        "Lon": 20.9591,
        "Brigade": "029",
        "Time": "2017-05-15 08:02:43",
        "Lines": "17"
      },
      {
        "Lat": 52.3105,
        "Lon": 20.9587,
        "Brigade": "029",
        "Time": "2017-05-15 08:02:53",
        "Lines": "17"
      },
      {
        "Lat": 52.3099,
        "Lon": 20.9575,
        "Brigade": "029",
        "Time": "2017-05-15 08:03:03",
        "Lines": "17"
      },
      {
        "Lat": 52.3094,
        "Lon": 20.9564,
        "Brigade": "029",
        "Time": "2017-05-15 08:03:14",
        "Lines": "17"
      },
      {
        "Lat": 52.3089,
        "Lon": 20.9554,
        "Brigade": "029",
        "Time": "2017-05-15 08:03:24",
        "Lines": "17"
      },
      {
        "Lat": 52.3084,
        "Lon": 20.9545,
        "Brigade": "029",
        "Time": "2017-05-15 08:03:35",
        "Lines": "17"
      },
      {
        "Lat": 52.308,
        "Lon": 20.9535,
        "Brigade": "029",
        "Time": "2017-05-15 08:03:45",
        "Lines": "17"
      },
      {
        "Lat": 52.3072,
        "Lon": 20.9519,
        "Brigade": "029",
        "Time": "2017-05-15 08:04:00",
        "Lines": "17"
      },
      {
        "Lat": 52.3064,
        "Lon": 20.9503,
        "Brigade": "029",
        "Time": "2017-05-15 08:04:10",
        "Lines": "17"
      },
      {
        "Lat": 52.3048,
        "Lon": 20.947,
        "Brigade": "029",
        "Time": "2017-05-15 08:04:31",
        "Lines": "17"
      },
      {
        "Lat": 52.3041,
        "Lon": 20.9452,
        "Brigade": "029",
        "Time": "2017-05-15 08:04:42",
        "Lines": "17"
      },
      {
        "Lat": 52.3034,
        "Lon": 20.9432,
        "Brigade": "029",
        "Time": "2017-05-15 08:04:52",
        "Lines": "17"
      },
      {
        "Lat": 52.303,
        "Lon": 20.9425,
        "Brigade": "029",
        "Time": "2017-05-15 08:04:57",
        "Lines": "17"
      },
      {
        "Lat": 52.3022,
        "Lon": 20.9408,
        "Brigade": "029",
        "Time": "2017-05-15 08:05:17",
        "Lines": "17"
      },
      {
        "Lat": 52.3016,
        "Lon": 20.9404,
        "Brigade": "029",
        "Time": "2017-05-15 08:05:28",
        "Lines": "17"
      },
      {
        "Lat": 52.3005,
        "Lon": 20.9408,
        "Brigade": "029",
        "Time": "2017-05-15 08:05:43",
        "Lines": "17"
      },
      {
        "Lat": 52.2994,
        "Lon": 20.9414,
        "Brigade": "029",
        "Time": "2017-05-15 08:05:53",
        "Lines": "17"
      },
      {
        "Lat": 52.2983,
        "Lon": 20.9424,
        "Brigade": "029",
        "Time": "2017-05-15 08:06:04",
        "Lines": "17"
      },
      {
        "Lat": 52.2979,
        "Lon": 20.9428,
        "Brigade": "029",
        "Time": "2017-05-15 08:06:19",
        "Lines": "17"
      },
      {
        "Lat": 52.2979,
        "Lon": 20.9428,
        "Brigade": "029",
        "Time": "2017-05-15 08:06:30",
        "Lines": "17"
      },
      {
        "Lat": 52.2972,
        "Lon": 20.9435,
        "Brigade": "029",
        "Time": "2017-05-15 08:06:40",
        "Lines": "17"
      },
      {
        "Lat": 52.2967,
        "Lon": 20.944,
        "Brigade": "029",
        "Time": "2017-05-15 08:06:46",
        "Lines": "17"
      },
      {
        "Lat": 52.2945,
        "Lon": 20.946,
        "Brigade": "029",
        "Time": "2017-05-15 08:07:16",
        "Lines": "17"
      },
      {
        "Lat": 52.294,
        "Lon": 20.9465,
        "Brigade": "029",
        "Time": "2017-05-15 08:07:36",
        "Lines": "17"
      },
      {
        "Lat": 52.2931,
        "Lon": 20.9473,
        "Brigade": "029",
        "Time": "2017-05-15 08:07:47",
        "Lines": "17"
      },
      {
        "Lat": 52.292,
        "Lon": 20.9484,
        "Brigade": "029",
        "Time": "2017-05-15 08:07:57",
        "Lines": "17"
      },
      {
        "Lat": 52.2908,
        "Lon": 20.9495,
        "Brigade": "029",
        "Time": "2017-05-15 08:08:07",
        "Lines": "17"
      },
      {
        "Lat": 52.29,
        "Lon": 20.9503,
        "Brigade": "029",
        "Time": "2017-05-15 08:08:23",
        "Lines": "17"
      },
      {
        "Lat": 52.29,
        "Lon": 20.9503,
        "Brigade": "029",
        "Time": "2017-05-15 08:08:33",
        "Lines": "17"
      },
      {
        "Lat": 52.2896,
        "Lon": 20.9507,
        "Brigade": "029",
        "Time": "2017-05-15 08:08:43",
        "Lines": "17"
      },
      {
        "Lat": 52.2886,
        "Lon": 20.9517,
        "Brigade": "029",
        "Time": "2017-05-15 08:08:53",
        "Lines": "17"
      },
      {
        "Lat": 52.2876,
        "Lon": 20.9526,
        "Brigade": "029",
        "Time": "2017-05-15 08:09:04",
        "Lines": "17"
      },
      {
        "Lat": 52.2873,
        "Lon": 20.9529,
        "Brigade": "029",
        "Time": "2017-05-15 08:09:14",
        "Lines": "17"
      },
      {
        "Lat": 52.2873,
        "Lon": 20.9529,
        "Brigade": "029",
        "Time": "2017-05-15 08:09:24",
        "Lines": "17"
      },
      {
        "Lat": 52.2869,
        "Lon": 20.9533,
        "Brigade": "029",
        "Time": "2017-05-15 08:09:40",
        "Lines": "17"
      },
      {
        "Lat": 52.2861,
        "Lon": 20.9541,
        "Brigade": "029",
        "Time": "2017-05-15 08:09:50",
        "Lines": "17"
      },
      {
        "Lat": 52.2855,
        "Lon": 20.9546,
        "Brigade": "029",
        "Time": "2017-05-15 08:10:00",
        "Lines": "17"
      },
      {
        "Lat": 52.285,
        "Lon": 20.9549,
        "Brigade": "029",
        "Time": "2017-05-15 08:10:11",
        "Lines": "17"
      },
      {
        "Lat": 52.2843,
        "Lon": 20.9555,
        "Brigade": "029",
        "Time": "2017-05-15 08:10:21",
        "Lines": "17"
      },
      {
        "Lat": 52.2837,
        "Lon": 20.9561,
        "Brigade": "029",
        "Time": "2017-05-15 08:10:31",
        "Lines": "17"
      },
      {
        "Lat": 52.2833,
        "Lon": 20.9565,
        "Brigade": "029",
        "Time": "2017-05-15 08:10:42",
        "Lines": "17"
      },
      {
        "Lat": 52.2833,
        "Lon": 20.9565,
        "Brigade": "029",
        "Time": "2017-05-15 08:10:47",
        "Lines": "17"
      },
      {
        "Lat": 52.2833,
        "Lon": 20.9565,
        "Brigade": "029",
        "Time": "2017-05-15 08:11:02",
        "Lines": "17"
      },
      {
        "Lat": 52.2822,
        "Lon": 20.9575,
        "Brigade": "029",
        "Time": "2017-05-15 08:11:18",
        "Lines": "17"
      },
      {
        "Lat": 52.2812,
        "Lon": 20.9584,
        "Brigade": "029",
        "Time": "2017-05-15 08:11:28",
        "Lines": "17"
      },
      {
        "Lat": 52.2805,
        "Lon": 20.9591,
        "Brigade": "029",
        "Time": "2017-05-15 08:11:38",
        "Lines": "17"
      },
      {
        "Lat": 52.2803,
        "Lon": 20.9593,
        "Brigade": "029",
        "Time": "2017-05-15 08:11:49",
        "Lines": "17"
      },
      {
        "Lat": 52.2803,
        "Lon": 20.9593,
        "Brigade": "029",
        "Time": "2017-05-15 08:11:59",
        "Lines": "17"
      },
      {
        "Lat": 52.2799,
        "Lon": 20.9597,
        "Brigade": "029",
        "Time": "2017-05-15 08:12:10",
        "Lines": "17"
      },
      {
        "Lat": 52.2788,
        "Lon": 20.9607,
        "Brigade": "029",
        "Time": "2017-05-15 08:12:25",
        "Lines": "17"
      },
      {
        "Lat": 52.278,
        "Lon": 20.9614,
        "Brigade": "029",
        "Time": "2017-05-15 08:12:35",
        "Lines": "17"
      },
      {
        "Lat": 52.2771,
        "Lon": 20.9623,
        "Brigade": "029",
        "Time": "2017-05-15 08:12:45",
        "Lines": "17"
      },
      {
        "Lat": 52.2762,
        "Lon": 20.9632,
        "Brigade": "029",
        "Time": "2017-05-15 08:12:55",
        "Lines": "17"
      },
      {
        "Lat": 52.2756,
        "Lon": 20.9639,
        "Brigade": "029",
        "Time": "2017-05-15 08:13:06",
        "Lines": "17"
      },
      {
        "Lat": 52.2756,
        "Lon": 20.9639,
        "Brigade": "029",
        "Time": "2017-05-15 08:13:21",
        "Lines": "17"
      },
      {
        "Lat": 52.2756,
        "Lon": 20.964,
        "Brigade": "029",
        "Time": "2017-05-15 08:13:32",
        "Lines": "17"
      },
      {
        "Lat": 52.2749,
        "Lon": 20.9647,
        "Brigade": "029",
        "Time": "2017-05-15 08:13:42",
        "Lines": "17"
      },
      {
        "Lat": 52.2742,
        "Lon": 20.9659,
        "Brigade": "029",
        "Time": "2017-05-15 08:13:52",
        "Lines": "17"
      },
      {
        "Lat": 52.2736,
        "Lon": 20.967,
        "Brigade": "029",
        "Time": "2017-05-15 08:14:02",
        "Lines": "17"
      },
      {
        "Lat": 52.2733,
        "Lon": 20.9676,
        "Brigade": "029",
        "Time": "2017-05-15 08:14:28",
        "Lines": "17"
      },
      {
        "Lat": 52.2728,
        "Lon": 20.9692,
        "Brigade": "029",
        "Time": "2017-05-15 08:14:38",
        "Lines": "17"
      },
      {
        "Lat": 52.2722,
        "Lon": 20.9718,
        "Brigade": "029",
        "Time": "2017-05-15 08:14:59",
        "Lines": "17"
      },
      {
        "Lat": 52.272,
        "Lon": 20.9725,
        "Brigade": "029",
        "Time": "2017-05-15 08:15:09",
        "Lines": "17"
      },
      {
        "Lat": 52.2718,
        "Lon": 20.9732,
        "Brigade": "029",
        "Time": "2017-05-15 08:15:20",
        "Lines": "17"
      },
      {
        "Lat": 52.2718,
        "Lon": 20.9732,
        "Brigade": "029",
        "Time": "2017-05-15 08:15:30",
        "Lines": "17"
      },
      {
        "Lat": 52.2718,
        "Lon": 20.9732,
        "Brigade": "029",
        "Time": "2017-05-15 08:15:45",
        "Lines": "17"
      },
      {
        "Lat": 52.2718,
        "Lon": 20.9732,
        "Brigade": "029",
        "Time": "2017-05-15 08:15:56",
        "Lines": "17"
      },
      {
        "Lat": 52.2718,
        "Lon": 20.9732,
        "Brigade": "029",
        "Time": "2017-05-15 08:16:06",
        "Lines": "17"
      },
      {
        "Lat": 52.2718,
        "Lon": 20.9732,
        "Brigade": "029",
        "Time": "2017-05-15 08:16:16",
        "Lines": "17"
      },
      {
        "Lat": 52.2717,
        "Lon": 20.9736,
        "Brigade": "029",
        "Time": "2017-05-15 08:16:27",
        "Lines": "17"
      },
      {
        "Lat": 52.2709,
        "Lon": 20.9741,
        "Brigade": "029",
        "Time": "2017-05-15 08:16:37",
        "Lines": "17"
      },
      {
        "Lat": 52.2698,
        "Lon": 20.9748,
        "Brigade": "029",
        "Time": "2017-05-15 08:16:47",
        "Lines": "17"
      },
      {
        "Lat": 52.2684,
        "Lon": 20.9757,
        "Brigade": "029",
        "Time": "2017-05-15 08:16:57",
        "Lines": "17"
      },
      {
        "Lat": 52.2668,
        "Lon": 20.9768,
        "Brigade": "029",
        "Time": "2017-05-15 08:17:13",
        "Lines": "17"
      },
      {
        "Lat": 52.2667,
        "Lon": 20.9769,
        "Brigade": "029",
        "Time": "2017-05-15 08:17:23",
        "Lines": "17"
      },
      {
        "Lat": 52.2667,
        "Lon": 20.9769,
        "Brigade": "029",
        "Time": "2017-05-15 08:17:33",
        "Lines": "17"
      },
      {
        "Lat": 52.2667,
        "Lon": 20.9769,
        "Brigade": "029",
        "Time": "2017-05-15 08:17:44",
        "Lines": "17"
      },
      {
        "Lat": 52.2667,
        "Lon": 20.9769,
        "Brigade": "029",
        "Time": "2017-05-15 08:17:54",
        "Lines": "17"
      },
      {
        "Lat": 52.2663,
        "Lon": 20.9771,
        "Brigade": "029",
        "Time": "2017-05-15 08:18:09",
        "Lines": "17"
      },
      {
        "Lat": 52.2654,
        "Lon": 20.9778,
        "Brigade": "029",
        "Time": "2017-05-15 08:18:20",
        "Lines": "17"
      },
      {
        "Lat": 52.2645,
        "Lon": 20.9784,
        "Brigade": "029",
        "Time": "2017-05-15 08:18:30",
        "Lines": "17"
      },
      {
        "Lat": 52.2636,
        "Lon": 20.9789,
        "Brigade": "029",
        "Time": "2017-05-15 08:18:41",
        "Lines": "17"
      },
      {
        "Lat": 52.2629,
        "Lon": 20.9794,
        "Brigade": "029",
        "Time": "2017-05-15 08:18:51",
        "Lines": "17"
      },
      {
        "Lat": 52.2628,
        "Lon": 20.9795,
        "Brigade": "029",
        "Time": "2017-05-15 08:18:56",
        "Lines": "17"
      },
      {
        "Lat": 52.2568,
        "Lon": 20.9816,
        "Brigade": "029",
        "Time": "2017-05-15 08:20:18",
        "Lines": "17"
      },
      {
        "Lat": 52.2559,
        "Lon": 20.9819,
        "Brigade": "029",
        "Time": "2017-05-15 08:20:29",
        "Lines": "17"
      },
      {
        "Lat": 52.2555,
        "Lon": 20.9821,
        "Brigade": "029",
        "Time": "2017-05-15 08:20:39",
        "Lines": "17"
      },
      {
        "Lat": 52.2555,
        "Lon": 20.9821,
        "Brigade": "029",
        "Time": "2017-05-15 08:20:49",
        "Lines": "17"
      },
      {
        "Lat": 52.2555,
        "Lon": 20.9821,
        "Brigade": "029",
        "Time": "2017-05-15 08:21:05",
        "Lines": "17"
      },
      {
        "Lat": 52.2555,
        "Lon": 20.9821,
        "Brigade": "029",
        "Time": "2017-05-15 08:21:15",
        "Lines": "17"
      },
      {
        "Lat": 52.2554,
        "Lon": 20.9821,
        "Brigade": "029",
        "Time": "2017-05-15 08:21:30",
        "Lines": "17"
      },
      {
        "Lat": 52.2554,
        "Lon": 20.9821,
        "Brigade": "029",
        "Time": "2017-05-15 08:21:41",
        "Lines": "17"
      },
      {
        "Lat": 52.2554,
        "Lon": 20.9821,
        "Brigade": "029",
        "Time": "2017-05-15 08:21:51",
        "Lines": "17"
      },
      {
        "Lat": 52.255,
        "Lon": 20.9823,
        "Brigade": "029",
        "Time": "2017-05-15 08:22:02",
        "Lines": "17"
      },
      {
        "Lat": 52.2544,
        "Lon": 20.9827,
        "Brigade": "029",
        "Time": "2017-05-15 08:22:17",
        "Lines": "17"
      },
      {
        "Lat": 52.2543,
        "Lon": 20.9828,
        "Brigade": "029",
        "Time": "2017-05-15 08:22:27",
        "Lines": "17"
      },
      {
        "Lat": 52.2538,
        "Lon": 20.9832,
        "Brigade": "029",
        "Time": "2017-05-15 08:22:37",
        "Lines": "17"
      },
      {
        "Lat": 52.2537,
        "Lon": 20.9833,
        "Brigade": "029",
        "Time": "2017-05-15 08:22:48",
        "Lines": "17"
      },
      {
        "Lat": 52.2537,
        "Lon": 20.9833,
        "Brigade": "029",
        "Time": "2017-05-15 08:22:58",
        "Lines": "17"
      },
      {
        "Lat": 52.2537,
        "Lon": 20.9833,
        "Brigade": "029",
        "Time": "2017-05-15 08:23:08",
        "Lines": "17"
      },
      {
        "Lat": 52.2534,
        "Lon": 20.9836,
        "Brigade": "029",
        "Time": "2017-05-15 08:23:24",
        "Lines": "17"
      },
      {
        "Lat": 52.253,
        "Lon": 20.9839,
        "Brigade": "029",
        "Time": "2017-05-15 08:23:34",
        "Lines": "17"
      },
      {
        "Lat": 52.2521,
        "Lon": 20.9847,
        "Brigade": "029",
        "Time": "2017-05-15 08:23:44",
        "Lines": "17"
      },
      {
        "Lat": 52.2513,
        "Lon": 20.9854,
        "Brigade": "029",
        "Time": "2017-05-15 08:23:55",
        "Lines": "17"
      },
      {
        "Lat": 52.2512,
        "Lon": 20.9854,
        "Brigade": "029",
        "Time": "2017-05-15 08:24:05",
        "Lines": "17"
      },
      {
        "Lat": 52.2512,
        "Lon": 20.9854,
        "Brigade": "029",
        "Time": "2017-05-15 08:24:15",
        "Lines": "17"
      },
      {
        "Lat": 52.2512,
        "Lon": 20.9854,
        "Brigade": "029",
        "Time": "2017-05-15 08:24:25",
        "Lines": "17"
      },
      {
        "Lat": 52.2512,
        "Lon": 20.9854,
        "Brigade": "029",
        "Time": "2017-05-15 08:24:31",
        "Lines": "17"
      },
      {
        "Lat": 52.25,
        "Lon": 20.9865,
        "Brigade": "029",
        "Time": "2017-05-15 08:24:51",
        "Lines": "17"
      },
      {
        "Lat": 52.2488,
        "Lon": 20.9875,
        "Brigade": "029",
        "Time": "2017-05-15 08:25:01",
        "Lines": "17"
      },
      {
        "Lat": 52.2478,
        "Lon": 20.9884,
        "Brigade": "029",
        "Time": "2017-05-15 08:25:12",
        "Lines": "17"
      },
      {
        "Lat": 52.2476,
        "Lon": 20.9886,
        "Brigade": "029",
        "Time": "2017-05-15 08:25:22",
        "Lines": "17"
      },
      {
        "Lat": 52.2476,
        "Lon": 20.9886,
        "Brigade": "029",
        "Time": "2017-05-15 08:25:32",
        "Lines": "17"
      },
      {
        "Lat": 52.2476,
        "Lon": 20.9886,
        "Brigade": "029",
        "Time": "2017-05-15 08:25:43",
        "Lines": "17"
      },
      {
        "Lat": 52.2476,
        "Lon": 20.9886,
        "Brigade": "029",
        "Time": "2017-05-15 08:25:53",
        "Lines": "17"
      },
      {
        "Lat": 52.2476,
        "Lon": 20.9886,
        "Brigade": "029",
        "Time": "2017-05-15 08:26:08",
        "Lines": "17"
      },
      {
        "Lat": 52.2476,
        "Lon": 20.9886,
        "Brigade": "029",
        "Time": "2017-05-15 08:26:19",
        "Lines": "17"
      },
      {
        "Lat": 52.2476,
        "Lon": 20.9886,
        "Brigade": "029",
        "Time": "2017-05-15 08:26:29",
        "Lines": "17"
      },
      {
        "Lat": 52.2476,
        "Lon": 20.9886,
        "Brigade": "029",
        "Time": "2017-05-15 08:26:39",
        "Lines": "17"
      },
      {
        "Lat": 52.2472,
        "Lon": 20.9889,
        "Brigade": "029",
        "Time": "2017-05-15 08:26:49",
        "Lines": "17"
      },
      {
        "Lat": 52.2468,
        "Lon": 20.9893,
        "Brigade": "029",
        "Time": "2017-05-15 08:26:55",
        "Lines": "17"
      },
      {
        "Lat": 52.245,
        "Lon": 20.9909,
        "Brigade": "029",
        "Time": "2017-05-15 08:27:15",
        "Lines": "17"
      },
      {
        "Lat": 52.2445,
        "Lon": 20.9913,
        "Brigade": "029",
        "Time": "2017-05-15 08:27:26",
        "Lines": "17"
      },
      {
        "Lat": 52.2439,
        "Lon": 20.9918,
        "Brigade": "029",
        "Time": "2017-05-15 08:27:36",
        "Lines": "17"
      },
      {
        "Lat": 52.2439,
        "Lon": 20.9918,
        "Brigade": "029",
        "Time": "2017-05-15 08:27:46",
        "Lines": "17"
      },
      {
        "Lat": 52.2439,
        "Lon": 20.9918,
        "Brigade": "029",
        "Time": "2017-05-15 08:27:56",
        "Lines": "17"
      },
      {
        "Lat": 52.2438,
        "Lon": 20.9919,
        "Brigade": "029",
        "Time": "2017-05-15 08:28:07",
        "Lines": "17"
      },
      {
        "Lat": 52.2429,
        "Lon": 20.9927,
        "Brigade": "029",
        "Time": "2017-05-15 08:28:17",
        "Lines": "17"
      },
      {
        "Lat": 52.2422,
        "Lon": 20.9933,
        "Brigade": "029",
        "Time": "2017-05-15 08:28:32",
        "Lines": "17"
      },
      {
        "Lat": 52.2422,
        "Lon": 20.9933,
        "Brigade": "029",
        "Time": "2017-05-15 08:28:43",
        "Lines": "17"
      },
      {
        "Lat": 52.2422,
        "Lon": 20.9933,
        "Brigade": "029",
        "Time": "2017-05-15 08:28:53",
        "Lines": "17"
      },
      {
        "Lat": 52.2422,
        "Lon": 20.9933,
        "Brigade": "029",
        "Time": "2017-05-15 08:29:03",
        "Lines": "17"
      },
      {
        "Lat": 52.2422,
        "Lon": 20.9933,
        "Brigade": "029",
        "Time": "2017-05-15 08:29:14",
        "Lines": "17"
      },
      {
        "Lat": 52.2422,
        "Lon": 20.9933,
        "Brigade": "029",
        "Time": "2017-05-15 08:29:24",
        "Lines": "17"
      },
      {
        "Lat": 52.2422,
        "Lon": 20.9933,
        "Brigade": "029",
        "Time": "2017-05-15 08:29:39",
        "Lines": "17"
      },
      {
        "Lat": 52.2422,
        "Lon": 20.9933,
        "Brigade": "029",
        "Time": "2017-05-15 08:29:50",
        "Lines": "17"
      },
      {
        "Lat": 52.2422,
        "Lon": 20.9933,
        "Brigade": "029",
        "Time": "2017-05-15 08:30:00",
        "Lines": "17"
      },
      {
        "Lat": 52.2422,
        "Lon": 20.9933,
        "Brigade": "029",
        "Time": "2017-05-15 08:30:10",
        "Lines": "17"
      },
      {
        "Lat": 52.2422,
        "Lon": 20.9933,
        "Brigade": "029",
        "Time": "2017-05-15 08:30:21",
        "Lines": "17"
      },
      {
        "Lat": 52.2422,
        "Lon": 20.9933,
        "Brigade": "029",
        "Time": "2017-05-15 08:30:31",
        "Lines": "17"
      },
      {
        "Lat": 52.2422,
        "Lon": 20.9933,
        "Brigade": "029",
        "Time": "2017-05-15 08:30:41",
        "Lines": "17"
      },
      {
        "Lat": 52.2419,
        "Lon": 20.9935,
        "Brigade": "029",
        "Time": "2017-05-15 08:30:57",
        "Lines": "17"
      },
      {
        "Lat": 52.2415,
        "Lon": 20.9939,
        "Brigade": "029",
        "Time": "2017-05-15 08:31:07",
        "Lines": "17"
      },
      {
        "Lat": 52.2407,
        "Lon": 20.9946,
        "Brigade": "029",
        "Time": "2017-05-15 08:31:17",
        "Lines": "17"
      },
      {
        "Lat": 52.2396,
        "Lon": 20.9955,
        "Brigade": "029",
        "Time": "2017-05-15 08:31:28",
        "Lines": "17"
      },
      {
        "Lat": 52.2387,
        "Lon": 20.996,
        "Brigade": "029",
        "Time": "2017-05-15 08:31:38",
        "Lines": "17"
      },
      {
        "Lat": 52.2381,
        "Lon": 20.9962,
        "Brigade": "029",
        "Time": "2017-05-15 08:31:48",
        "Lines": "17"
      },
      {
        "Lat": 52.2381,
        "Lon": 20.9962,
        "Brigade": "029",
        "Time": "2017-05-15 08:31:58",
        "Lines": "17"
      },
      {
        "Lat": 52.2381,
        "Lon": 20.9962,
        "Brigade": "029",
        "Time": "2017-05-15 08:32:09",
        "Lines": "17"
      },
      {
        "Lat": 52.2381,
        "Lon": 20.9962,
        "Brigade": "029",
        "Time": "2017-05-15 08:32:14",
        "Lines": "17"
      },
      {
        "Lat": 52.2363,
        "Lon": 20.997,
        "Brigade": "029",
        "Time": "2017-05-15 08:32:34",
        "Lines": "17"
      },
      {
        "Lat": 52.2349,
        "Lon": 20.9976,
        "Brigade": "029",
        "Time": "2017-05-15 08:32:45",
        "Lines": "17"
      },
      {
        "Lat": 52.2337,
        "Lon": 20.998,
        "Brigade": "029",
        "Time": "2017-05-15 08:32:55",
        "Lines": "17"
      },
      {
        "Lat": 52.2333,
        "Lon": 20.998,
        "Brigade": "029",
        "Time": "2017-05-15 08:33:05",
        "Lines": "17"
      },
      {
        "Lat": 52.2328,
        "Lon": 20.9984,
        "Brigade": "029",
        "Time": "2017-05-15 08:33:16",
        "Lines": "17"
      },
      {
        "Lat": 52.2324,
        "Lon": 20.9988,
        "Brigade": "029",
        "Time": "2017-05-15 08:33:31",
        "Lines": "17"
      },
      {
        "Lat": 52.2324,
        "Lon": 20.9988,
        "Brigade": "029",
        "Time": "2017-05-15 08:33:42",
        "Lines": "17"
      },
      {
        "Lat": 52.2324,
        "Lon": 20.9988,
        "Brigade": "029",
        "Time": "2017-05-15 08:33:52",
        "Lines": "17"
      },
      {
        "Lat": 52.2324,
        "Lon": 20.9988,
        "Brigade": "029",
        "Time": "2017-05-15 08:34:02",
        "Lines": "17"
      },
      {
        "Lat": 52.2318,
        "Lon": 20.9992,
        "Brigade": "029",
        "Time": "2017-05-15 08:34:12",
        "Lines": "17"
      },
      {
        "Lat": 52.2312,
        "Lon": 20.9996,
        "Brigade": "029",
        "Time": "2017-05-15 08:34:17",
        "Lines": "17"
      },
      {
        "Lat": 52.2289,
        "Lon": 21.0011,
        "Brigade": "029",
        "Time": "2017-05-15 08:34:39",
        "Lines": "17"
      },
      {
        "Lat": 52.2283,
        "Lon": 21.0015,
        "Brigade": "029",
        "Time": "2017-05-15 08:34:59",
        "Lines": "17"
      },
      {
        "Lat": 52.2283,
        "Lon": 21.0015,
        "Brigade": "029",
        "Time": "2017-05-15 08:35:10",
        "Lines": "17"
      },
      {
        "Lat": 52.2283,
        "Lon": 21.0015,
        "Brigade": "029",
        "Time": "2017-05-15 08:35:19",
        "Lines": "17"
      },
      {
        "Lat": 52.2283,
        "Lon": 21.0015,
        "Brigade": "029",
        "Time": "2017-05-15 08:35:29",
        "Lines": "17"
      },
      {
        "Lat": 52.2283,
        "Lon": 21.0015,
        "Brigade": "029",
        "Time": "2017-05-15 08:35:45",
        "Lines": "17"
      },
      {
        "Lat": 52.2283,
        "Lon": 21.0015,
        "Brigade": "029",
        "Time": "2017-05-15 08:35:55",
        "Lines": "17"
      },
      {
        "Lat": 52.2278,
        "Lon": 21.0019,
        "Brigade": "029",
        "Time": "2017-05-15 08:36:06",
        "Lines": "17"
      },
      {
        "Lat": 52.2272,
        "Lon": 21.0023,
        "Brigade": "029",
        "Time": "2017-05-15 08:36:16",
        "Lines": "17"
      },
      {
        "Lat": 52.2261,
        "Lon": 21.0029,
        "Brigade": "029",
        "Time": "2017-05-15 08:36:26",
        "Lines": "17"
      },
      {
        "Lat": 52.225,
        "Lon": 21.0035,
        "Brigade": "029",
        "Time": "2017-05-15 08:36:36",
        "Lines": "17"
      },
      {
        "Lat": 52.2242,
        "Lon": 21.004,
        "Brigade": "029",
        "Time": "2017-05-15 08:36:47",
        "Lines": "17"
      },
      {
        "Lat": 52.2237,
        "Lon": 21.0043,
        "Brigade": "029",
        "Time": "2017-05-15 08:36:57",
        "Lines": "17"
      },
      {
        "Lat": 52.2235,
        "Lon": 21.0044,
        "Brigade": "029",
        "Time": "2017-05-15 08:37:07",
        "Lines": "17"
      },
      {
        "Lat": 52.2233,
        "Lon": 21.0046,
        "Brigade": "029",
        "Time": "2017-05-15 08:37:18",
        "Lines": "17"
      },
      {
        "Lat": 52.2233,
        "Lon": 21.0046,
        "Brigade": "029",
        "Time": "2017-05-15 08:37:33",
        "Lines": "17"
      },
      {
        "Lat": 52.2216,
        "Lon": 21.0048,
        "Brigade": "029",
        "Time": "2017-05-15 08:37:59",
        "Lines": "17"
      },
      {
        "Lat": 52.2209,
        "Lon": 21.0048,
        "Brigade": "029",
        "Time": "2017-05-15 08:38:10",
        "Lines": "17"
      },
      {
        "Lat": 52.2206,
        "Lon": 21.0048,
        "Brigade": "029",
        "Time": "2017-05-15 08:38:30",
        "Lines": "17"
      },
      {
        "Lat": 52.2205,
        "Lon": 21.0048,
        "Brigade": "029",
        "Time": "2017-05-15 08:38:40",
        "Lines": "17"
      },
      {
        "Lat": 52.2205,
        "Lon": 21.0048,
        "Brigade": "029",
        "Time": "2017-05-15 08:38:50",
        "Lines": "17"
      },
      {
        "Lat": 52.2204,
        "Lon": 21.0048,
        "Brigade": "029",
        "Time": "2017-05-15 08:39:01",
        "Lines": "17"
      },
      {
        "Lat": 52.2196,
        "Lon": 21.0049,
        "Brigade": "029",
        "Time": "2017-05-15 08:39:16",
        "Lines": "17"
      },
      {
        "Lat": 52.2186,
        "Lon": 21.0049,
        "Brigade": "029",
        "Time": "2017-05-15 08:39:26",
        "Lines": "17"
      },
      {
        "Lat": 52.2177,
        "Lon": 21.005,
        "Brigade": "029",
        "Time": "2017-05-15 08:39:38",
        "Lines": "17"
      },
      {
        "Lat": 52.2176,
        "Lon": 21.005,
        "Brigade": "029",
        "Time": "2017-05-15 08:39:47",
        "Lines": "17"
      },
      {
        "Lat": 52.2176,
        "Lon": 21.005,
        "Brigade": "029",
        "Time": "2017-05-15 08:39:57",
        "Lines": "17"
      },
      {
        "Lat": 52.2176,
        "Lon": 21.005,
        "Brigade": "029",
        "Time": "2017-05-15 08:40:08",
        "Lines": "17"
      },
      {
        "Lat": 52.2169,
        "Lon": 21.0051,
        "Brigade": "029",
        "Time": "2017-05-15 08:40:18",
        "Lines": "17"
      },
      {
        "Lat": 52.2162,
        "Lon": 21.0053,
        "Brigade": "029",
        "Time": "2017-05-15 08:40:33",
        "Lines": "17"
      },
      {
        "Lat": 52.2162,
        "Lon": 21.0053,
        "Brigade": "029",
        "Time": "2017-05-15 08:40:43",
        "Lines": "17"
      },
      {
        "Lat": 52.2161,
        "Lon": 21.0053,
        "Brigade": "029",
        "Time": "2017-05-15 08:40:54",
        "Lines": "17"
      },
      {
        "Lat": 52.2151,
        "Lon": 21.0056,
        "Brigade": "029",
        "Time": "2017-05-15 08:41:05",
        "Lines": "17"
      },
      {
        "Lat": 52.2141,
        "Lon": 21.0059,
        "Brigade": "029",
        "Time": "2017-05-15 08:41:15",
        "Lines": "17"
      },
      {
        "Lat": 52.2133,
        "Lon": 21.0062,
        "Brigade": "029",
        "Time": "2017-05-15 08:41:28",
        "Lines": "17"
      },
      {
        "Lat": 52.2131,
        "Lon": 21.0062,
        "Brigade": "029",
        "Time": "2017-05-15 08:41:35",
        "Lines": "17"
      },
      {
        "Lat": 52.2126,
        "Lon": 21.0064,
        "Brigade": "029",
        "Time": "2017-05-15 08:41:50",
        "Lines": "17"
      },
      {
        "Lat": 52.2114,
        "Lon": 21.0068,
        "Brigade": "029",
        "Time": "2017-05-15 08:42:01",
        "Lines": "17"
      },
      {
        "Lat": 52.2109,
        "Lon": 21.0069,
        "Brigade": "029",
        "Time": "2017-05-15 08:42:12",
        "Lines": "17"
      },
      {
        "Lat": 52.2108,
        "Lon": 21.0069,
        "Brigade": "029",
        "Time": "2017-05-15 08:42:21",
        "Lines": "17"
      },
      {
        "Lat": 52.2108,
        "Lon": 21.0069,
        "Brigade": "029",
        "Time": "2017-05-15 08:42:37",
        "Lines": "17"
      },
      {
        "Lat": 52.2108,
        "Lon": 21.0069,
        "Brigade": "029",
        "Time": "2017-05-15 08:42:47",
        "Lines": "17"
      },
      {
        "Lat": 52.2108,
        "Lon": 21.0069,
        "Brigade": "029",
        "Time": "2017-05-15 08:42:58",
        "Lines": "17"
      },
      {
        "Lat": 52.2106,
        "Lon": 21.007,
        "Brigade": "029",
        "Time": "2017-05-15 08:43:08",
        "Lines": "17"
      },
      {
        "Lat": 52.2095,
        "Lon": 21.0074,
        "Brigade": "029",
        "Time": "2017-05-15 08:43:18",
        "Lines": "17"
      },
      {
        "Lat": 52.2083,
        "Lon": 21.0078,
        "Brigade": "029",
        "Time": "2017-05-15 08:43:33",
        "Lines": "17"
      },
      {
        "Lat": 52.2083,
        "Lon": 21.0078,
        "Brigade": "029",
        "Time": "2017-05-15 08:43:44",
        "Lines": "17"
      },
      {
        "Lat": 52.2083,
        "Lon": 21.0078,
        "Brigade": "029",
        "Time": "2017-05-15 08:43:54",
        "Lines": "17"
      },
      {
        "Lat": 52.2083,
        "Lon": 21.0078,
        "Brigade": "029",
        "Time": "2017-05-15 08:44:05",
        "Lines": "17"
      },
      {
        "Lat": 52.2083,
        "Lon": 21.0078,
        "Brigade": "029",
        "Time": "2017-05-15 08:44:15",
        "Lines": "17"
      },
      {
        "Lat": 52.2083,
        "Lon": 21.0078,
        "Brigade": "029",
        "Time": "2017-05-15 08:44:25",
        "Lines": "17"
      },
      {
        "Lat": 52.2083,
        "Lon": 21.0078,
        "Brigade": "029",
        "Time": "2017-05-15 08:44:40",
        "Lines": "17"
      },
      {
        "Lat": 52.2083,
        "Lon": 21.0078,
        "Brigade": "029",
        "Time": "2017-05-15 08:44:51",
        "Lines": "17"
      },
      {
        "Lat": 52.2081,
        "Lon": 21.0079,
        "Brigade": "029",
        "Time": "2017-05-15 08:45:01",
        "Lines": "17"
      },
      {
        "Lat": 52.2079,
        "Lon": 21.008,
        "Brigade": "029",
        "Time": "2017-05-15 08:45:11",
        "Lines": "17"
      },
      {
        "Lat": 52.2076,
        "Lon": 21.0079,
        "Brigade": "029",
        "Time": "2017-05-15 08:45:22",
        "Lines": "17"
      },
      {
        "Lat": 52.2074,
        "Lon": 21.007,
        "Brigade": "029",
        "Time": "2017-05-15 08:45:32",
        "Lines": "17"
      },
      {
        "Lat": 52.2072,
        "Lon": 21.0063,
        "Brigade": "029",
        "Time": "2017-05-15 08:45:37",
        "Lines": "17"
      },
      {
        "Lat": 52.2068,
        "Lon": 21.0039,
        "Brigade": "029",
        "Time": "2017-05-15 08:45:58",
        "Lines": "17"
      },
      {
        "Lat": 52.2068,
        "Lon": 21.0036,
        "Brigade": "029",
        "Time": "2017-05-15 08:46:08",
        "Lines": "17"
      },
      {
        "Lat": 52.2068,
        "Lon": 21.0036,
        "Brigade": "029",
        "Time": "2017-05-15 08:46:18",
        "Lines": "17"
      },
      {
        "Lat": 52.2068,
        "Lon": 21.0036,
        "Brigade": "029",
        "Time": "2017-05-15 08:46:29",
        "Lines": "17"
      },
      {
        "Lat": 52.2067,
        "Lon": 21.0031,
        "Brigade": "029",
        "Time": "2017-05-15 08:46:39",
        "Lines": "17"
      },
      {
        "Lat": 52.2065,
        "Lon": 21.0021,
        "Brigade": "029",
        "Time": "2017-05-15 08:46:49",
        "Lines": "17"
      },
      {
        "Lat": 52.2061,
        "Lon": 21.0001,
        "Brigade": "029",
        "Time": "2017-05-15 08:47:05",
        "Lines": "17"
      },
      {
        "Lat": 52.2061,
        "Lon": 20.9996,
        "Brigade": "029",
        "Time": "2017-05-15 08:47:15",
        "Lines": "17"
      },
      {
        "Lat": 52.2061,
        "Lon": 20.9996,
        "Brigade": "029",
        "Time": "2017-05-15 08:47:25",
        "Lines": "17"
      },
      {
        "Lat": 52.2061,
        "Lon": 20.9996,
        "Brigade": "029",
        "Time": "2017-05-15 08:47:35",
        "Lines": "17"
      },
      {
        "Lat": 52.206,
        "Lon": 20.9995,
        "Brigade": "029",
        "Time": "2017-05-15 08:47:46",
        "Lines": "17"
      },
      {
        "Lat": 52.2056,
        "Lon": 20.9993,
        "Brigade": "029",
        "Time": "2017-05-15 08:47:57",
        "Lines": "17"
      },
      {
        "Lat": 52.2051,
        "Lon": 20.9994,
        "Brigade": "029",
        "Time": "2017-05-15 08:48:06",
        "Lines": "17"
      },
      {
        "Lat": 52.2051,
        "Lon": 20.9994,
        "Brigade": "029",
        "Time": "2017-05-15 08:48:17",
        "Lines": "17"
      },
      {
        "Lat": 52.2049,
        "Lon": 20.9995,
        "Brigade": "029",
        "Time": "2017-05-15 08:48:32",
        "Lines": "17"
      },
      {
        "Lat": 52.2037,
        "Lon": 20.9998,
        "Brigade": "029",
        "Time": "2017-05-15 08:48:42",
        "Lines": "17"
      },
      {
        "Lat": 52.2024,
        "Lon": 21.0002,
        "Brigade": "029",
        "Time": "2017-05-15 08:48:53",
        "Lines": "17"
      },
      {
        "Lat": 52.2018,
        "Lon": 21.0003,
        "Brigade": "029",
        "Time": "2017-05-15 08:49:03",
        "Lines": "17"
      },
      {
        "Lat": 52.2018,
        "Lon": 21.0003,
        "Brigade": "029",
        "Time": "2017-05-15 08:49:13",
        "Lines": "17"
      },
      {
        "Lat": 52.2018,
        "Lon": 21.0003,
        "Brigade": "029",
        "Time": "2017-05-15 08:49:24",
        "Lines": "17"
      },
      {
        "Lat": 52.2018,
        "Lon": 21.0003,
        "Brigade": "029",
        "Time": "2017-05-15 08:49:34",
        "Lines": "17"
      },
      {
        "Lat": 52.2018,
        "Lon": 21.0003,
        "Brigade": "029",
        "Time": "2017-05-15 08:49:49",
        "Lines": "17"
      },
      {
        "Lat": 52.2016,
        "Lon": 21.0004,
        "Brigade": "029",
        "Time": "2017-05-15 08:50:00",
        "Lines": "17"
      },
      {
        "Lat": 52.2005,
        "Lon": 21.0007,
        "Brigade": "029",
        "Time": "2017-05-15 08:50:10",
        "Lines": "17"
      },
      {
        "Lat": 52.1994,
        "Lon": 21.001,
        "Brigade": "029",
        "Time": "2017-05-15 08:50:20",
        "Lines": "17"
      },
      {
        "Lat": 52.1991,
        "Lon": 21.0011,
        "Brigade": "029",
        "Time": "2017-05-15 08:50:31",
        "Lines": "17"
      },
      {
        "Lat": 52.1991,
        "Lon": 21.0011,
        "Brigade": "029",
        "Time": "2017-05-15 08:50:41",
        "Lines": "17"
      },
      {
        "Lat": 52.1991,
        "Lon": 21.0011,
        "Brigade": "029",
        "Time": "2017-05-15 08:50:51",
        "Lines": "17"
      },
      {
        "Lat": 52.1981,
        "Lon": 21.0014,
        "Brigade": "029",
        "Time": "2017-05-15 08:51:07",
        "Lines": "17"
      },
      {
        "Lat": 52.1975,
        "Lon": 21.0016,
        "Brigade": "029",
        "Time": "2017-05-15 08:51:13",
        "Lines": "17"
      },
      {
        "Lat": 52.1961,
        "Lon": 21.0018,
        "Brigade": "029",
        "Time": "2017-05-15 08:51:27",
        "Lines": "17"
      },
      {
        "Lat": 52.196,
        "Lon": 21.0018,
        "Brigade": "029",
        "Time": "2017-05-15 08:51:37",
        "Lines": "17"
      },
      {
        "Lat": 52.196,
        "Lon": 21.0018,
        "Brigade": "029",
        "Time": "2017-05-15 08:51:48",
        "Lines": "17"
      },
      {
        "Lat": 52.196,
        "Lon": 21.0018,
        "Brigade": "029",
        "Time": "2017-05-15 08:51:58",
        "Lines": "17"
      },
      {
        "Lat": 52.196,
        "Lon": 21.0018,
        "Brigade": "029",
        "Time": "2017-05-15 08:52:11",
        "Lines": "17"
      },
      {
        "Lat": 52.196,
        "Lon": 21.0018,
        "Brigade": "029",
        "Time": "2017-05-15 08:52:19",
        "Lines": "17"
      },
      {
        "Lat": 52.196,
        "Lon": 21.0018,
        "Brigade": "029",
        "Time": "2017-05-15 08:52:34",
        "Lines": "17"
      },
      {
        "Lat": 52.196,
        "Lon": 21.0018,
        "Brigade": "029",
        "Time": "2017-05-15 08:52:45",
        "Lines": "17"
      },
      {
        "Lat": 52.196,
        "Lon": 21.0018,
        "Brigade": "029",
        "Time": "2017-05-15 08:52:55",
        "Lines": "17"
      },
      {
        "Lat": 52.1956,
        "Lon": 21.0018,
        "Brigade": "029",
        "Time": "2017-05-15 08:53:05",
        "Lines": "17"
      },
      {
        "Lat": 52.1948,
        "Lon": 21.0018,
        "Brigade": "029",
        "Time": "2017-05-15 08:53:15",
        "Lines": "17"
      },
      {
        "Lat": 52.1935,
        "Lon": 21.0018,
        "Brigade": "029",
        "Time": "2017-05-15 08:53:26",
        "Lines": "17"
      },
      {
        "Lat": 52.1923,
        "Lon": 21.0018,
        "Brigade": "029",
        "Time": "2017-05-15 08:53:36",
        "Lines": "17"
      },
      {
        "Lat": 52.1907,
        "Lon": 21.0018,
        "Brigade": "029",
        "Time": "2017-05-15 08:53:51",
        "Lines": "17"
      },
      {
        "Lat": 52.1901,
        "Lon": 21.0019,
        "Brigade": "029",
        "Time": "2017-05-15 08:54:02",
        "Lines": "17"
      },
      {
        "Lat": 52.1894,
        "Lon": 21.002,
        "Brigade": "029",
        "Time": "2017-05-15 08:54:12",
        "Lines": "17"
      },
      {
        "Lat": 52.1893,
        "Lon": 21.002,
        "Brigade": "029",
        "Time": "2017-05-15 08:54:22",
        "Lines": "17"
      },
      {
        "Lat": 52.1893,
        "Lon": 21.002,
        "Brigade": "029",
        "Time": "2017-05-15 08:54:33",
        "Lines": "17"
      },
      {
        "Lat": 52.1893,
        "Lon": 21.002,
        "Brigade": "029",
        "Time": "2017-05-15 08:54:43",
        "Lines": "17"
      },
      {
        "Lat": 52.1893,
        "Lon": 21.002,
        "Brigade": "029",
        "Time": "2017-05-15 08:54:53",
        "Lines": "17"
      },
      {
        "Lat": 52.1893,
        "Lon": 21.002,
        "Brigade": "029",
        "Time": "2017-05-15 08:55:09",
        "Lines": "17"
      },
      {
        "Lat": 52.1893,
        "Lon": 21.002,
        "Brigade": "029",
        "Time": "2017-05-15 08:55:19",
        "Lines": "17"
      },
      {
        "Lat": 52.1893,
        "Lon": 21.002,
        "Brigade": "029",
        "Time": "2017-05-15 08:55:29",
        "Lines": "17"
      },
      {
        "Lat": 52.1892,
        "Lon": 21.002,
        "Brigade": "029",
        "Time": "2017-05-15 08:55:39",
        "Lines": "17"
      },
      {
        "Lat": 52.1888,
        "Lon": 21.0021,
        "Brigade": "029",
        "Time": "2017-05-15 08:55:50",
        "Lines": "17"
      }
    ]
  }
]
