[
  {
    "res": [
      {
        "Lat": 52.1999,
        "Lon": 21.0009,
        "Brigade": "042",
        "Time": "2017-05-15 08:02:15",
        "Lines": "17"
      },
      {
        "Lat": 52.2011,
        "Lon": 21.0006,
        "Brigade": "042",
        "Time": "2017-05-15 08:02:26",
        "Lines": "17"
      },
      {
        "Lat": 52.2022,
        "Lon": 21.0003,
        "Brigade": "042",
        "Time": "2017-05-15 08:02:42",
        "Lines": "17"
      },
      {
        "Lat": 52.2024,
        "Lon": 21.0002,
        "Brigade": "042",
        "Time": "2017-05-15 08:02:52",
        "Lines": "17"
      },
      {
        "Lat": 52.2024,
        "Lon": 21.0002,
        "Brigade": "042",
        "Time": "2017-05-15 08:03:03",
        "Lines": "17"
      },
      {
        "Lat": 52.2034,
        "Lon": 21,
        "Brigade": "042",
        "Time": "2017-05-15 08:03:13",
        "Lines": "17"
      },
      {
        "Lat": 52.2048,
        "Lon": 20.9995,
        "Brigade": "042",
        "Time": "2017-05-15 08:03:24",
        "Lines": "17"
      },
      {
        "Lat": 52.2057,
        "Lon": 20.9993,
        "Brigade": "042",
        "Time": "2017-05-15 08:03:35",
        "Lines": "17"
      },
      {
        "Lat": 52.2057,
        "Lon": 20.9993,
        "Brigade": "042",
        "Time": "2017-05-15 08:03:45",
        "Lines": "17"
      },
      {
        "Lat": 52.2057,
        "Lon": 20.9993,
        "Brigade": "042",
        "Time": "2017-05-15 08:03:55",
        "Lines": "17"
      },
      {
        "Lat": 52.2061,
        "Lon": 20.9996,
        "Brigade": "042",
        "Time": "2017-05-15 08:04:11",
        "Lines": "17"
      },
      {
        "Lat": 52.2063,
        "Lon": 21.001,
        "Brigade": "042",
        "Time": "2017-05-15 08:04:21",
        "Lines": "17"
      },
      {
        "Lat": 52.2066,
        "Lon": 21.0024,
        "Brigade": "042",
        "Time": "2017-05-15 08:04:32",
        "Lines": "17"
      },
      {
        "Lat": 52.2067,
        "Lon": 21.0032,
        "Brigade": "042",
        "Time": "2017-05-15 08:04:42",
        "Lines": "17"
      },
      {
        "Lat": 52.2068,
        "Lon": 21.004,
        "Brigade": "042",
        "Time": "2017-05-15 08:04:53",
        "Lines": "17"
      },
      {
        "Lat": 52.2068,
        "Lon": 21.0041,
        "Brigade": "042",
        "Time": "2017-05-15 08:05:03",
        "Lines": "17"
      },
      {
        "Lat": 52.2069,
        "Lon": 21.0044,
        "Brigade": "042",
        "Time": "2017-05-15 08:05:19",
        "Lines": "17"
      },
      {
        "Lat": 52.207,
        "Lon": 21.0052,
        "Brigade": "042",
        "Time": "2017-05-15 08:05:30",
        "Lines": "17"
      },
      {
        "Lat": 52.2072,
        "Lon": 21.0062,
        "Brigade": "042",
        "Time": "2017-05-15 08:05:40",
        "Lines": "17"
      },
      {
        "Lat": 52.2075,
        "Lon": 21.0077,
        "Brigade": "042",
        "Time": "2017-05-15 08:05:56",
        "Lines": "17"
      },
      {
        "Lat": 52.2078,
        "Lon": 21.0081,
        "Brigade": "042",
        "Time": "2017-05-15 08:06:06",
        "Lines": "17"
      },
      {
        "Lat": 52.2082,
        "Lon": 21.0079,
        "Brigade": "042",
        "Time": "2017-05-15 08:06:17",
        "Lines": "17"
      },
      {
        "Lat": 52.2093,
        "Lon": 21.0075,
        "Brigade": "042",
        "Time": "2017-05-15 08:06:33",
        "Lines": "17"
      },
      {
        "Lat": 52.2093,
        "Lon": 21.0075,
        "Brigade": "042",
        "Time": "2017-05-15 08:06:43",
        "Lines": "17"
      },
      {
        "Lat": 52.2094,
        "Lon": 21.0074,
        "Brigade": "042",
        "Time": "2017-05-15 08:06:54",
        "Lines": "17"
      },
      {
        "Lat": 52.2103,
        "Lon": 21.0071,
        "Brigade": "042",
        "Time": "2017-05-15 08:07:04",
        "Lines": "17"
      },
      {
        "Lat": 52.2115,
        "Lon": 21.0068,
        "Brigade": "042",
        "Time": "2017-05-15 08:07:15",
        "Lines": "17"
      },
      {
        "Lat": 52.2129,
        "Lon": 21.0063,
        "Brigade": "042",
        "Time": "2017-05-15 08:07:36",
        "Lines": "17"
      },
      {
        "Lat": 52.2133,
        "Lon": 21.0062,
        "Brigade": "042",
        "Time": "2017-05-15 08:07:46",
        "Lines": "17"
      },
      {
        "Lat": 52.2149,
        "Lon": 21.0057,
        "Brigade": "042",
        "Time": "2017-05-15 08:08:06",
        "Lines": "17"
      },
      {
        "Lat": 52.2167,
        "Lon": 21.0052,
        "Brigade": "042",
        "Time": "2017-05-15 08:08:23",
        "Lines": "17"
      },
      {
        "Lat": 52.2167,
        "Lon": 21.0052,
        "Brigade": "042",
        "Time": "2017-05-15 08:08:33",
        "Lines": "17"
      },
      {
        "Lat": 52.2171,
        "Lon": 21.0051,
        "Brigade": "042",
        "Time": "2017-05-15 08:08:44",
        "Lines": "17"
      },
      {
        "Lat": 52.218,
        "Lon": 21.005,
        "Brigade": "042",
        "Time": "2017-05-15 08:08:54",
        "Lines": "17"
      },
      {
        "Lat": 52.2187,
        "Lon": 21.005,
        "Brigade": "042",
        "Time": "2017-05-15 08:09:05",
        "Lines": "17"
      },
      {
        "Lat": 52.2194,
        "Lon": 21.0049,
        "Brigade": "042",
        "Time": "2017-05-15 08:09:15",
        "Lines": "17"
      },
      {
        "Lat": 52.2198,
        "Lon": 21.0049,
        "Brigade": "042",
        "Time": "2017-05-15 08:09:26",
        "Lines": "17"
      },
      {
        "Lat": 52.2198,
        "Lon": 21.0049,
        "Brigade": "042",
        "Time": "2017-05-15 08:09:36",
        "Lines": "17"
      },
      {
        "Lat": 52.2198,
        "Lon": 21.0049,
        "Brigade": "042",
        "Time": "2017-05-15 08:09:47",
        "Lines": "17"
      },
      {
        "Lat": 52.2198,
        "Lon": 21.0049,
        "Brigade": "042",
        "Time": "2017-05-15 08:10:03",
        "Lines": "17"
      },
      {
        "Lat": 52.2198,
        "Lon": 21.0049,
        "Brigade": "042",
        "Time": "2017-05-15 08:10:13",
        "Lines": "17"
      },
      {
        "Lat": 52.22,
        "Lon": 21.0049,
        "Brigade": "042",
        "Time": "2017-05-15 08:10:23",
        "Lines": "17"
      },
      {
        "Lat": 52.2204,
        "Lon": 21.0049,
        "Brigade": "042",
        "Time": "2017-05-15 08:10:34",
        "Lines": "17"
      },
      {
        "Lat": 52.221,
        "Lon": 21.0049,
        "Brigade": "042",
        "Time": "2017-05-15 08:10:44",
        "Lines": "17"
      },
      {
        "Lat": 52.2218,
        "Lon": 21.0048,
        "Brigade": "042",
        "Time": "2017-05-15 08:10:55",
        "Lines": "17"
      },
      {
        "Lat": 52.2225,
        "Lon": 21.0048,
        "Brigade": "042",
        "Time": "2017-05-15 08:11:07",
        "Lines": "17"
      },
      {
        "Lat": 52.2227,
        "Lon": 21.0048,
        "Brigade": "042",
        "Time": "2017-05-15 08:11:16",
        "Lines": "17"
      },
      {
        "Lat": 52.2227,
        "Lon": 21.0048,
        "Brigade": "042",
        "Time": "2017-05-15 08:11:26",
        "Lines": "17"
      },
      {
        "Lat": 52.223,
        "Lon": 21.0047,
        "Brigade": "042",
        "Time": "2017-05-15 08:11:37",
        "Lines": "17"
      },
      {
        "Lat": 52.2234,
        "Lon": 21.0046,
        "Brigade": "042",
        "Time": "2017-05-15 08:11:47",
        "Lines": "17"
      },
      {
        "Lat": 52.2247,
        "Lon": 21.0038,
        "Brigade": "042",
        "Time": "2017-05-15 08:12:03",
        "Lines": "17"
      },
      {
        "Lat": 52.2255,
        "Lon": 21.0033,
        "Brigade": "042",
        "Time": "2017-05-15 08:12:13",
        "Lines": "17"
      },
      {
        "Lat": 52.2265,
        "Lon": 21.0027,
        "Brigade": "042",
        "Time": "2017-05-15 08:12:24",
        "Lines": "17"
      },
      {
        "Lat": 52.2272,
        "Lon": 21.0023,
        "Brigade": "042",
        "Time": "2017-05-15 08:12:34",
        "Lines": "17"
      },
      {
        "Lat": 52.2274,
        "Lon": 21.0021,
        "Brigade": "042",
        "Time": "2017-05-15 08:12:45",
        "Lines": "17"
      },
      {
        "Lat": 52.2274,
        "Lon": 21.0021,
        "Brigade": "042",
        "Time": "2017-05-15 08:12:55",
        "Lines": "17"
      },
      {
        "Lat": 52.2274,
        "Lon": 21.0021,
        "Brigade": "042",
        "Time": "2017-05-15 08:13:07",
        "Lines": "17"
      },
      {
        "Lat": 52.2274,
        "Lon": 21.0021,
        "Brigade": "042",
        "Time": "2017-05-15 08:13:22",
        "Lines": "17"
      },
      {
        "Lat": 52.2274,
        "Lon": 21.0021,
        "Brigade": "042",
        "Time": "2017-05-15 08:13:27",
        "Lines": "17"
      },
      {
        "Lat": 52.2274,
        "Lon": 21.0021,
        "Brigade": "042",
        "Time": "2017-05-15 08:13:43",
        "Lines": "17"
      },
      {
        "Lat": 52.2274,
        "Lon": 21.0021,
        "Brigade": "042",
        "Time": "2017-05-15 08:13:53",
        "Lines": "17"
      },
      {
        "Lat": 52.2277,
        "Lon": 21.002,
        "Brigade": "042",
        "Time": "2017-05-15 08:14:04",
        "Lines": "17"
      },
      {
        "Lat": 52.2281,
        "Lon": 21.0017,
        "Brigade": "042",
        "Time": "2017-05-15 08:14:14",
        "Lines": "17"
      },
      {
        "Lat": 52.2287,
        "Lon": 21.0013,
        "Brigade": "042",
        "Time": "2017-05-15 08:14:25",
        "Lines": "17"
      },
      {
        "Lat": 52.2288,
        "Lon": 21.0012,
        "Brigade": "042",
        "Time": "2017-05-15 08:14:35",
        "Lines": "17"
      },
      {
        "Lat": 52.2288,
        "Lon": 21.0012,
        "Brigade": "042",
        "Time": "2017-05-15 08:14:46",
        "Lines": "17"
      },
      {
        "Lat": 52.2292,
        "Lon": 21.001,
        "Brigade": "042",
        "Time": "2017-05-15 08:15:01",
        "Lines": "17"
      },
      {
        "Lat": 52.2302,
        "Lon": 21.0003,
        "Brigade": "042",
        "Time": "2017-05-15 08:15:12",
        "Lines": "17"
      },
      {
        "Lat": 52.2308,
        "Lon": 20.9999,
        "Brigade": "042",
        "Time": "2017-05-15 08:15:18",
        "Lines": "17"
      },
      {
        "Lat": 52.2323,
        "Lon": 20.9989,
        "Brigade": "042",
        "Time": "2017-05-15 08:15:33",
        "Lines": "17"
      },
      {
        "Lat": 52.2326,
        "Lon": 20.9987,
        "Brigade": "042",
        "Time": "2017-05-15 08:15:43",
        "Lines": "17"
      },
      {
        "Lat": 52.233,
        "Lon": 20.9985,
        "Brigade": "042",
        "Time": "2017-05-15 08:15:54",
        "Lines": "17"
      },
      {
        "Lat": 52.2332,
        "Lon": 20.9985,
        "Brigade": "042",
        "Time": "2017-05-15 08:16:04",
        "Lines": "17"
      },
      {
        "Lat": 52.2332,
        "Lon": 20.9985,
        "Brigade": "042",
        "Time": "2017-05-15 08:16:15",
        "Lines": "17"
      },
      {
        "Lat": 52.2332,
        "Lon": 20.9985,
        "Brigade": "042",
        "Time": "2017-05-15 08:16:25",
        "Lines": "17"
      },
      {
        "Lat": 52.2332,
        "Lon": 20.9985,
        "Brigade": "042",
        "Time": "2017-05-15 08:16:36",
        "Lines": "17"
      },
      {
        "Lat": 52.2332,
        "Lon": 20.9985,
        "Brigade": "042",
        "Time": "2017-05-15 08:16:46",
        "Lines": "17"
      },
      {
        "Lat": 52.2332,
        "Lon": 20.9985,
        "Brigade": "042",
        "Time": "2017-05-15 08:16:57",
        "Lines": "17"
      },
      {
        "Lat": 52.2332,
        "Lon": 20.9985,
        "Brigade": "042",
        "Time": "2017-05-15 08:17:13",
        "Lines": "17"
      },
      {
        "Lat": 52.2337,
        "Lon": 20.9982,
        "Brigade": "042",
        "Time": "2017-05-15 08:17:23",
        "Lines": "17"
      },
      {
        "Lat": 52.234,
        "Lon": 20.9981,
        "Brigade": "042",
        "Time": "2017-05-15 08:17:33",
        "Lines": "17"
      },
      {
        "Lat": 52.234,
        "Lon": 20.9981,
        "Brigade": "042",
        "Time": "2017-05-15 08:17:44",
        "Lines": "17"
      },
      {
        "Lat": 52.2346,
        "Lon": 20.9978,
        "Brigade": "042",
        "Time": "2017-05-15 08:18:00",
        "Lines": "17"
      },
      {
        "Lat": 52.2349,
        "Lon": 20.9977,
        "Brigade": "042",
        "Time": "2017-05-15 08:18:05",
        "Lines": "17"
      },
      {
        "Lat": 52.2366,
        "Lon": 20.9969,
        "Brigade": "042",
        "Time": "2017-05-15 08:18:21",
        "Lines": "17"
      },
      {
        "Lat": 52.238,
        "Lon": 20.9962,
        "Brigade": "042",
        "Time": "2017-05-15 08:18:31",
        "Lines": "17"
      },
      {
        "Lat": 52.2386,
        "Lon": 20.996,
        "Brigade": "042",
        "Time": "2017-05-15 08:18:42",
        "Lines": "17"
      },
      {
        "Lat": 52.2386,
        "Lon": 20.996,
        "Brigade": "042",
        "Time": "2017-05-15 08:18:53",
        "Lines": "17"
      },
      {
        "Lat": 52.2415,
        "Lon": 20.9939,
        "Brigade": "042",
        "Time": "2017-05-15 08:20:11",
        "Lines": "17"
      },
      {
        "Lat": 52.2415,
        "Lon": 20.9939,
        "Brigade": "042",
        "Time": "2017-05-15 08:20:16",
        "Lines": "17"
      },
      {
        "Lat": 52.2415,
        "Lon": 20.9939,
        "Brigade": "042",
        "Time": "2017-05-15 08:20:32",
        "Lines": "17"
      },
      {
        "Lat": 52.2415,
        "Lon": 20.9939,
        "Brigade": "042",
        "Time": "2017-05-15 08:20:42",
        "Lines": "17"
      },
      {
        "Lat": 52.2419,
        "Lon": 20.9936,
        "Brigade": "042",
        "Time": "2017-05-15 08:20:53",
        "Lines": "17"
      },
      {
        "Lat": 52.2423,
        "Lon": 20.9932,
        "Brigade": "042",
        "Time": "2017-05-15 08:21:03",
        "Lines": "17"
      },
      {
        "Lat": 52.2432,
        "Lon": 20.9924,
        "Brigade": "042",
        "Time": "2017-05-15 08:21:14",
        "Lines": "17"
      },
      {
        "Lat": 52.2445,
        "Lon": 20.9913,
        "Brigade": "042",
        "Time": "2017-05-15 08:21:29",
        "Lines": "17"
      },
      {
        "Lat": 52.2445,
        "Lon": 20.9913,
        "Brigade": "042",
        "Time": "2017-05-15 08:21:40",
        "Lines": "17"
      },
      {
        "Lat": 52.2445,
        "Lon": 20.9913,
        "Brigade": "042",
        "Time": "2017-05-15 08:21:50",
        "Lines": "17"
      },
      {
        "Lat": 52.2445,
        "Lon": 20.9913,
        "Brigade": "042",
        "Time": "2017-05-15 08:22:06",
        "Lines": "17"
      },
      {
        "Lat": 52.2447,
        "Lon": 20.9911,
        "Brigade": "042",
        "Time": "2017-05-15 08:22:17",
        "Lines": "17"
      },
      {
        "Lat": 52.2457,
        "Lon": 20.9902,
        "Brigade": "042",
        "Time": "2017-05-15 08:22:27",
        "Lines": "17"
      },
      {
        "Lat": 52.2469,
        "Lon": 20.9893,
        "Brigade": "042",
        "Time": "2017-05-15 08:22:38",
        "Lines": "17"
      },
      {
        "Lat": 52.2472,
        "Lon": 20.989,
        "Brigade": "042",
        "Time": "2017-05-15 08:22:48",
        "Lines": "17"
      },
      {
        "Lat": 52.2472,
        "Lon": 20.989,
        "Brigade": "042",
        "Time": "2017-05-15 08:22:59",
        "Lines": "17"
      },
      {
        "Lat": 52.2472,
        "Lon": 20.989,
        "Brigade": "042",
        "Time": "2017-05-15 08:23:04",
        "Lines": "17"
      },
      {
        "Lat": 52.2475,
        "Lon": 20.9887,
        "Brigade": "042",
        "Time": "2017-05-15 08:23:21",
        "Lines": "17"
      },
      {
        "Lat": 52.248,
        "Lon": 20.9883,
        "Brigade": "042",
        "Time": "2017-05-15 08:23:25",
        "Lines": "17"
      },
      {
        "Lat": 52.2499,
        "Lon": 20.9866,
        "Brigade": "042",
        "Time": "2017-05-15 08:23:41",
        "Lines": "17"
      },
      {
        "Lat": 52.2507,
        "Lon": 20.9859,
        "Brigade": "042",
        "Time": "2017-05-15 08:23:56",
        "Lines": "17"
      },
      {
        "Lat": 52.2507,
        "Lon": 20.9859,
        "Brigade": "042",
        "Time": "2017-05-15 08:24:07",
        "Lines": "17"
      },
      {
        "Lat": 52.2507,
        "Lon": 20.9859,
        "Brigade": "042",
        "Time": "2017-05-15 08:24:17",
        "Lines": "17"
      },
      {
        "Lat": 52.2507,
        "Lon": 20.9859,
        "Brigade": "042",
        "Time": "2017-05-15 08:24:28",
        "Lines": "17"
      },
      {
        "Lat": 52.2511,
        "Lon": 20.9856,
        "Brigade": "042",
        "Time": "2017-05-15 08:24:38",
        "Lines": "17"
      },
      {
        "Lat": 52.2515,
        "Lon": 20.9853,
        "Brigade": "042",
        "Time": "2017-05-15 08:24:49",
        "Lines": "17"
      },
      {
        "Lat": 52.2523,
        "Lon": 20.9845,
        "Brigade": "042",
        "Time": "2017-05-15 08:24:59",
        "Lines": "17"
      },
      {
        "Lat": 52.2531,
        "Lon": 20.9839,
        "Brigade": "042",
        "Time": "2017-05-15 08:25:10",
        "Lines": "17"
      },
      {
        "Lat": 52.2533,
        "Lon": 20.9837,
        "Brigade": "042",
        "Time": "2017-05-15 08:25:20",
        "Lines": "17"
      },
      {
        "Lat": 52.2534,
        "Lon": 20.9836,
        "Brigade": "042",
        "Time": "2017-05-15 08:25:31",
        "Lines": "17"
      },
      {
        "Lat": 52.2541,
        "Lon": 20.983,
        "Brigade": "042",
        "Time": "2017-05-15 08:25:46",
        "Lines": "17"
      },
      {
        "Lat": 52.2541,
        "Lon": 20.983,
        "Brigade": "042",
        "Time": "2017-05-15 08:25:57",
        "Lines": "17"
      },
      {
        "Lat": 52.2541,
        "Lon": 20.983,
        "Brigade": "042",
        "Time": "2017-05-15 08:26:08",
        "Lines": "17"
      },
      {
        "Lat": 52.2541,
        "Lon": 20.983,
        "Brigade": "042",
        "Time": "2017-05-15 08:26:18",
        "Lines": "17"
      },
      {
        "Lat": 52.2542,
        "Lon": 20.9829,
        "Brigade": "042",
        "Time": "2017-05-15 08:26:28",
        "Lines": "17"
      },
      {
        "Lat": 52.2545,
        "Lon": 20.9826,
        "Brigade": "042",
        "Time": "2017-05-15 08:26:39",
        "Lines": "17"
      },
      {
        "Lat": 52.2549,
        "Lon": 20.9824,
        "Brigade": "042",
        "Time": "2017-05-15 08:26:49",
        "Lines": "17"
      },
      {
        "Lat": 52.255,
        "Lon": 20.9823,
        "Brigade": "042",
        "Time": "2017-05-15 08:27:00",
        "Lines": "17"
      },
      {
        "Lat": 52.2552,
        "Lon": 20.9822,
        "Brigade": "042",
        "Time": "2017-05-15 08:27:16",
        "Lines": "17"
      },
      {
        "Lat": 52.2554,
        "Lon": 20.9822,
        "Brigade": "042",
        "Time": "2017-05-15 08:27:21",
        "Lines": "17"
      },
      {
        "Lat": 52.2556,
        "Lon": 20.9821,
        "Brigade": "042",
        "Time": "2017-05-15 08:27:37",
        "Lines": "17"
      },
      {
        "Lat": 52.2556,
        "Lon": 20.9821,
        "Brigade": "042",
        "Time": "2017-05-15 08:27:47",
        "Lines": "17"
      },
      {
        "Lat": 52.2556,
        "Lon": 20.9821,
        "Brigade": "042",
        "Time": "2017-05-15 08:27:58",
        "Lines": "17"
      },
      {
        "Lat": 52.2556,
        "Lon": 20.9821,
        "Brigade": "042",
        "Time": "2017-05-15 08:28:08",
        "Lines": "17"
      },
      {
        "Lat": 52.2558,
        "Lon": 20.982,
        "Brigade": "042",
        "Time": "2017-05-15 08:28:18",
        "Lines": "17"
      },
      {
        "Lat": 52.2564,
        "Lon": 20.9818,
        "Brigade": "042",
        "Time": "2017-05-15 08:28:29",
        "Lines": "17"
      },
      {
        "Lat": 52.2569,
        "Lon": 20.9816,
        "Brigade": "042",
        "Time": "2017-05-15 08:28:36",
        "Lines": "17"
      },
      {
        "Lat": 52.2599,
        "Lon": 20.9809,
        "Brigade": "042",
        "Time": "2017-05-15 08:29:03",
        "Lines": "17"
      },
      {
        "Lat": 52.2615,
        "Lon": 20.9804,
        "Brigade": "042",
        "Time": "2017-05-15 08:29:18",
        "Lines": "17"
      },
      {
        "Lat": 52.2617,
        "Lon": 20.9802,
        "Brigade": "042",
        "Time": "2017-05-15 08:29:23",
        "Lines": "17"
      },
      {
        "Lat": 52.2621,
        "Lon": 20.9799,
        "Brigade": "042",
        "Time": "2017-05-15 08:29:34",
        "Lines": "17"
      },
      {
        "Lat": 52.2624,
        "Lon": 20.9798,
        "Brigade": "042",
        "Time": "2017-05-15 08:29:45",
        "Lines": "17"
      },
      {
        "Lat": 52.2633,
        "Lon": 20.9792,
        "Brigade": "042",
        "Time": "2017-05-15 08:30:02",
        "Lines": "17"
      },
      {
        "Lat": 52.2633,
        "Lon": 20.9791,
        "Brigade": "042",
        "Time": "2017-05-15 08:30:20",
        "Lines": "17"
      },
      {
        "Lat": 52.2635,
        "Lon": 20.979,
        "Brigade": "042",
        "Time": "2017-05-15 08:30:30",
        "Lines": "17"
      },
      {
        "Lat": 52.2645,
        "Lon": 20.9783,
        "Brigade": "042",
        "Time": "2017-05-15 08:30:40",
        "Lines": "17"
      },
      {
        "Lat": 52.2649,
        "Lon": 20.9781,
        "Brigade": "042",
        "Time": "2017-05-15 08:30:52",
        "Lines": "17"
      },
      {
        "Lat": 52.2649,
        "Lon": 20.9781,
        "Brigade": "042",
        "Time": "2017-05-15 08:31:02",
        "Lines": "17"
      },
      {
        "Lat": 52.2649,
        "Lon": 20.9781,
        "Brigade": "042",
        "Time": "2017-05-15 08:31:08",
        "Lines": "17"
      },
      {
        "Lat": 52.2714,
        "Lon": 20.9738,
        "Brigade": "042",
        "Time": "2017-05-15 08:33:16",
        "Lines": "17"
      },
      {
        "Lat": 52.2719,
        "Lon": 20.973,
        "Brigade": "042",
        "Time": "2017-05-15 08:33:31",
        "Lines": "17"
      },
      {
        "Lat": 52.272,
        "Lon": 20.9726,
        "Brigade": "042",
        "Time": "2017-05-15 08:33:42",
        "Lines": "17"
      },
      {
        "Lat": 52.272,
        "Lon": 20.9726,
        "Brigade": "042",
        "Time": "2017-05-15 08:33:52",
        "Lines": "17"
      },
      {
        "Lat": 52.2721,
        "Lon": 20.9724,
        "Brigade": "042",
        "Time": "2017-05-15 08:34:03",
        "Lines": "17"
      },
      {
        "Lat": 52.2724,
        "Lon": 20.9723,
        "Brigade": "042",
        "Time": "2017-05-15 08:34:13",
        "Lines": "17"
      },
      {
        "Lat": 52.2728,
        "Lon": 20.9722,
        "Brigade": "042",
        "Time": "2017-05-15 08:34:24",
        "Lines": "17"
      },
      {
        "Lat": 52.2728,
        "Lon": 20.9718,
        "Brigade": "042",
        "Time": "2017-05-15 08:34:34",
        "Lines": "17"
      },
      {
        "Lat": 52.2728,
        "Lon": 20.9718,
        "Brigade": "042",
        "Time": "2017-05-15 08:34:50",
        "Lines": "17"
      },
      {
        "Lat": 52.2728,
        "Lon": 20.9718,
        "Brigade": "042",
        "Time": "2017-05-15 08:34:55",
        "Lines": "17"
      },
      {
        "Lat": 52.2728,
        "Lon": 20.9718,
        "Brigade": "042",
        "Time": "2017-05-15 08:35:11",
        "Lines": "17"
      },
      {
        "Lat": 52.2728,
        "Lon": 20.9718,
        "Brigade": "042",
        "Time": "2017-05-15 08:35:21",
        "Lines": "17"
      },
      {
        "Lat": 52.2728,
        "Lon": 20.9718,
        "Brigade": "042",
        "Time": "2017-05-15 08:35:32",
        "Lines": "17"
      },
      {
        "Lat": 52.2728,
        "Lon": 20.9718,
        "Brigade": "042",
        "Time": "2017-05-15 08:35:42",
        "Lines": "17"
      },
      {
        "Lat": 52.2728,
        "Lon": 20.9718,
        "Brigade": "042",
        "Time": "2017-05-15 08:35:53",
        "Lines": "17"
      },
      {
        "Lat": 52.2728,
        "Lon": 20.9718,
        "Brigade": "042",
        "Time": "2017-05-15 08:36:03",
        "Lines": "17"
      },
      {
        "Lat": 52.2728,
        "Lon": 20.9718,
        "Brigade": "042",
        "Time": "2017-05-15 08:36:14",
        "Lines": "17"
      },
      {
        "Lat": 52.2728,
        "Lon": 20.9718,
        "Brigade": "042",
        "Time": "2017-05-15 08:36:24",
        "Lines": "17"
      },
      {
        "Lat": 52.2728,
        "Lon": 20.9718,
        "Brigade": "042",
        "Time": "2017-05-15 08:36:35",
        "Lines": "17"
      },
      {
        "Lat": 52.2728,
        "Lon": 20.9718,
        "Brigade": "042",
        "Time": "2017-05-15 08:36:51",
        "Lines": "17"
      },
      {
        "Lat": 52.2728,
        "Lon": 20.9718,
        "Brigade": "042",
        "Time": "2017-05-15 08:37:01",
        "Lines": "17"
      },
      {
        "Lat": 52.2728,
        "Lon": 20.9718,
        "Brigade": "042",
        "Time": "2017-05-15 08:37:11",
        "Lines": "17"
      },
      {
        "Lat": 52.2728,
        "Lon": 20.9718,
        "Brigade": "042",
        "Time": "2017-05-15 08:37:17",
        "Lines": "17"
      },
      {
        "Lat": 52.2728,
        "Lon": 20.9718,
        "Brigade": "042",
        "Time": "2017-05-15 08:37:33",
        "Lines": "17"
      },
      {
        "Lat": 52.2728,
        "Lon": 20.9718,
        "Brigade": "042",
        "Time": "2017-05-15 08:37:43",
        "Lines": "17"
      },
      {
        "Lat": 52.2728,
        "Lon": 20.9718,
        "Brigade": "042",
        "Time": "2017-05-15 08:37:59",
        "Lines": "17"
      },
      {
        "Lat": 52.2728,
        "Lon": 20.9718,
        "Brigade": "042",
        "Time": "2017-05-15 08:38:09",
        "Lines": "17"
      },
      {
        "Lat": 52.2728,
        "Lon": 20.9718,
        "Brigade": "042",
        "Time": "2017-05-15 08:38:20",
        "Lines": "17"
      },
      {
        "Lat": 52.2728,
        "Lon": 20.9718,
        "Brigade": "042",
        "Time": "2017-05-15 08:38:30",
        "Lines": "17"
      },
      {
        "Lat": 52.2728,
        "Lon": 20.9718,
        "Brigade": "042",
        "Time": "2017-05-15 08:38:41",
        "Lines": "17"
      },
      {
        "Lat": 52.2728,
        "Lon": 20.9718,
        "Brigade": "042",
        "Time": "2017-05-15 08:38:51",
        "Lines": "17"
      },
      {
        "Lat": 52.2728,
        "Lon": 20.9718,
        "Brigade": "042",
        "Time": "2017-05-15 08:39:02",
        "Lines": "17"
      },
      {
        "Lat": 52.2728,
        "Lon": 20.9718,
        "Brigade": "042",
        "Time": "2017-05-15 08:39:12",
        "Lines": "17"
      },
      {
        "Lat": 52.2728,
        "Lon": 20.9718,
        "Brigade": "042",
        "Time": "2017-05-15 08:39:23",
        "Lines": "17"
      },
      {
        "Lat": 52.2728,
        "Lon": 20.9718,
        "Brigade": "042",
        "Time": "2017-05-15 08:39:33",
        "Lines": "17"
      },
      {
        "Lat": 52.2728,
        "Lon": 20.9718,
        "Brigade": "042",
        "Time": "2017-05-15 08:39:49",
        "Lines": "17"
      },
      {
        "Lat": 52.2728,
        "Lon": 20.9718,
        "Brigade": "042",
        "Time": "2017-05-15 08:39:59",
        "Lines": "17"
      },
      {
        "Lat": 52.2728,
        "Lon": 20.9718,
        "Brigade": "042",
        "Time": "2017-05-15 08:40:10",
        "Lines": "17"
      },
      {
        "Lat": 52.2728,
        "Lon": 20.9718,
        "Brigade": "042",
        "Time": "2017-05-15 08:40:20",
        "Lines": "17"
      },
      {
        "Lat": 52.2728,
        "Lon": 20.9718,
        "Brigade": "042",
        "Time": "2017-05-15 08:40:31",
        "Lines": "17"
      },
      {
        "Lat": 52.2728,
        "Lon": 20.9718,
        "Brigade": "042",
        "Time": "2017-05-15 08:40:41",
        "Lines": "17"
      },
      {
        "Lat": 52.2728,
        "Lon": 20.9718,
        "Brigade": "042",
        "Time": "2017-05-15 08:40:52",
        "Lines": "17"
      },
      {
        "Lat": 52.2728,
        "Lon": 20.9718,
        "Brigade": "042",
        "Time": "2017-05-15 08:41:07",
        "Lines": "17"
      },
      {
        "Lat": 52.2728,
        "Lon": 20.9718,
        "Brigade": "042",
        "Time": "2017-05-15 08:41:13",
        "Lines": "17"
      },
      {
        "Lat": 52.2728,
        "Lon": 20.9718,
        "Brigade": "042",
        "Time": "2017-05-15 08:41:28",
        "Lines": "17"
      },
      {
        "Lat": 52.2727,
        "Lon": 20.9717,
        "Brigade": "042",
        "Time": "2017-05-15 08:41:39",
        "Lines": "17"
      },
      {
        "Lat": 52.2724,
        "Lon": 20.9715,
        "Brigade": "042",
        "Time": "2017-05-15 08:41:49",
        "Lines": "17"
      },
      {
        "Lat": 52.2722,
        "Lon": 20.9717,
        "Brigade": "042",
        "Time": "2017-05-15 08:42:00",
        "Lines": "17"
      },
      {
        "Lat": 52.2721,
        "Lon": 20.9721,
        "Brigade": "042",
        "Time": "2017-05-15 08:42:10",
        "Lines": "17"
      },
      {
        "Lat": 52.2719,
        "Lon": 20.9728,
        "Brigade": "042",
        "Time": "2017-05-15 08:42:21",
        "Lines": "17"
      },
      {
        "Lat": 52.2718,
        "Lon": 20.9732,
        "Brigade": "042",
        "Time": "2017-05-15 08:42:37",
        "Lines": "17"
      },
      {
        "Lat": 52.2718,
        "Lon": 20.9733,
        "Brigade": "042",
        "Time": "2017-05-15 08:42:47",
        "Lines": "17"
      },
      {
        "Lat": 52.2714,
        "Lon": 20.9737,
        "Brigade": "042",
        "Time": "2017-05-15 08:42:58",
        "Lines": "17"
      },
      {
        "Lat": 52.2706,
        "Lon": 20.9743,
        "Brigade": "042",
        "Time": "2017-05-15 08:43:08",
        "Lines": "17"
      },
      {
        "Lat": 52.2696,
        "Lon": 20.9749,
        "Brigade": "042",
        "Time": "2017-05-15 08:43:19",
        "Lines": "17"
      },
      {
        "Lat": 52.268,
        "Lon": 20.976,
        "Brigade": "042",
        "Time": "2017-05-15 08:43:34",
        "Lines": "17"
      },
      {
        "Lat": 52.2669,
        "Lon": 20.9767,
        "Brigade": "042",
        "Time": "2017-05-15 08:43:45",
        "Lines": "17"
      },
      {
        "Lat": 52.2667,
        "Lon": 20.9768,
        "Brigade": "042",
        "Time": "2017-05-15 08:43:55",
        "Lines": "17"
      },
      {
        "Lat": 52.2667,
        "Lon": 20.9768,
        "Brigade": "042",
        "Time": "2017-05-15 08:44:06",
        "Lines": "17"
      },
      {
        "Lat": 52.2662,
        "Lon": 20.9772,
        "Brigade": "042",
        "Time": "2017-05-15 08:44:16",
        "Lines": "17"
      },
      {
        "Lat": 52.2651,
        "Lon": 20.9779,
        "Brigade": "042",
        "Time": "2017-05-15 08:44:27",
        "Lines": "17"
      },
      {
        "Lat": 52.264,
        "Lon": 20.9786,
        "Brigade": "042",
        "Time": "2017-05-15 08:44:39",
        "Lines": "17"
      },
      {
        "Lat": 52.2631,
        "Lon": 20.9792,
        "Brigade": "042",
        "Time": "2017-05-15 08:44:48",
        "Lines": "17"
      },
      {
        "Lat": 52.2628,
        "Lon": 20.9795,
        "Brigade": "042",
        "Time": "2017-05-15 08:44:58",
        "Lines": "17"
      },
      {
        "Lat": 52.2628,
        "Lon": 20.9795,
        "Brigade": "042",
        "Time": "2017-05-15 08:45:14",
        "Lines": "17"
      },
      {
        "Lat": 52.2628,
        "Lon": 20.9795,
        "Brigade": "042",
        "Time": "2017-05-15 08:45:24",
        "Lines": "17"
      },
      {
        "Lat": 52.2628,
        "Lon": 20.9795,
        "Brigade": "042",
        "Time": "2017-05-15 08:45:35",
        "Lines": "17"
      },
      {
        "Lat": 52.2628,
        "Lon": 20.9795,
        "Brigade": "042",
        "Time": "2017-05-15 08:45:45",
        "Lines": "17"
      },
      {
        "Lat": 52.2626,
        "Lon": 20.9796,
        "Brigade": "042",
        "Time": "2017-05-15 08:45:56",
        "Lines": "17"
      },
      {
        "Lat": 52.2619,
        "Lon": 20.9801,
        "Brigade": "042",
        "Time": "2017-05-15 08:46:06",
        "Lines": "17"
      },
      {
        "Lat": 52.2614,
        "Lon": 20.9804,
        "Brigade": "042",
        "Time": "2017-05-15 08:46:17",
        "Lines": "17"
      },
      {
        "Lat": 52.2605,
        "Lon": 20.9807,
        "Brigade": "042",
        "Time": "2017-05-15 08:46:27",
        "Lines": "17"
      },
      {
        "Lat": 52.2589,
        "Lon": 20.981,
        "Brigade": "042",
        "Time": "2017-05-15 08:46:43",
        "Lines": "17"
      },
      {
        "Lat": 52.2579,
        "Lon": 20.9812,
        "Brigade": "042",
        "Time": "2017-05-15 08:46:54",
        "Lines": "17"
      },
      {
        "Lat": 52.257,
        "Lon": 20.9815,
        "Brigade": "042",
        "Time": "2017-05-15 08:47:04",
        "Lines": "17"
      },
      {
        "Lat": 52.2563,
        "Lon": 20.9817,
        "Brigade": "042",
        "Time": "2017-05-15 08:47:15",
        "Lines": "17"
      },
      {
        "Lat": 52.256,
        "Lon": 20.9819,
        "Brigade": "042",
        "Time": "2017-05-15 08:47:25",
        "Lines": "17"
      },
      {
        "Lat": 52.2557,
        "Lon": 20.982,
        "Brigade": "042",
        "Time": "2017-05-15 08:47:35",
        "Lines": "17"
      },
      {
        "Lat": 52.2557,
        "Lon": 20.982,
        "Brigade": "042",
        "Time": "2017-05-15 08:47:46",
        "Lines": "17"
      },
      {
        "Lat": 52.2557,
        "Lon": 20.982,
        "Brigade": "042",
        "Time": "2017-05-15 08:47:56",
        "Lines": "17"
      },
      {
        "Lat": 52.2557,
        "Lon": 20.982,
        "Brigade": "042",
        "Time": "2017-05-15 08:48:07",
        "Lines": "17"
      },
      {
        "Lat": 52.2557,
        "Lon": 20.982,
        "Brigade": "042",
        "Time": "2017-05-15 08:48:17",
        "Lines": "17"
      },
      {
        "Lat": 52.2557,
        "Lon": 20.982,
        "Brigade": "042",
        "Time": "2017-05-15 08:48:28",
        "Lines": "17"
      },
      {
        "Lat": 52.2554,
        "Lon": 20.9821,
        "Brigade": "042",
        "Time": "2017-05-15 08:48:44",
        "Lines": "17"
      },
      {
        "Lat": 52.2554,
        "Lon": 20.9821,
        "Brigade": "042",
        "Time": "2017-05-15 08:48:54",
        "Lines": "17"
      },
      {
        "Lat": 52.2554,
        "Lon": 20.9821,
        "Brigade": "042",
        "Time": "2017-05-15 08:49:05",
        "Lines": "17"
      },
      {
        "Lat": 52.2554,
        "Lon": 20.9821,
        "Brigade": "042",
        "Time": "2017-05-15 08:49:15",
        "Lines": "17"
      },
      {
        "Lat": 52.2554,
        "Lon": 20.9821,
        "Brigade": "042",
        "Time": "2017-05-15 08:49:26",
        "Lines": "17"
      },
      {
        "Lat": 52.2554,
        "Lon": 20.9821,
        "Brigade": "042",
        "Time": "2017-05-15 08:49:36",
        "Lines": "17"
      },
      {
        "Lat": 52.2554,
        "Lon": 20.9821,
        "Brigade": "042",
        "Time": "2017-05-15 08:49:47",
        "Lines": "17"
      },
      {
        "Lat": 52.2551,
        "Lon": 20.9822,
        "Brigade": "042",
        "Time": "2017-05-15 08:49:57",
        "Lines": "17"
      },
      {
        "Lat": 52.2548,
        "Lon": 20.9824,
        "Brigade": "042",
        "Time": "2017-05-15 08:50:07",
        "Lines": "17"
      },
      {
        "Lat": 52.2544,
        "Lon": 20.9826,
        "Brigade": "042",
        "Time": "2017-05-15 08:50:18",
        "Lines": "17"
      },
      {
        "Lat": 52.2539,
        "Lon": 20.9832,
        "Brigade": "042",
        "Time": "2017-05-15 08:50:34",
        "Lines": "17"
      },
      {
        "Lat": 52.2537,
        "Lon": 20.9833,
        "Brigade": "042",
        "Time": "2017-05-15 08:50:44",
        "Lines": "17"
      },
      {
        "Lat": 52.2537,
        "Lon": 20.9833,
        "Brigade": "042",
        "Time": "2017-05-15 08:50:55",
        "Lines": "17"
      },
      {
        "Lat": 52.2533,
        "Lon": 20.9836,
        "Brigade": "042",
        "Time": "2017-05-15 08:51:05",
        "Lines": "17"
      },
      {
        "Lat": 52.2525,
        "Lon": 20.9844,
        "Brigade": "042",
        "Time": "2017-05-15 08:51:16",
        "Lines": "17"
      },
      {
        "Lat": 52.2516,
        "Lon": 20.9851,
        "Brigade": "042",
        "Time": "2017-05-15 08:51:26",
        "Lines": "17"
      },
      {
        "Lat": 52.2515,
        "Lon": 20.9852,
        "Brigade": "042",
        "Time": "2017-05-15 08:51:37",
        "Lines": "17"
      },
      {
        "Lat": 52.2515,
        "Lon": 20.9852,
        "Brigade": "042",
        "Time": "2017-05-15 08:51:47",
        "Lines": "17"
      },
      {
        "Lat": 52.2512,
        "Lon": 20.9855,
        "Brigade": "042",
        "Time": "2017-05-15 08:51:59",
        "Lines": "17"
      },
      {
        "Lat": 52.2508,
        "Lon": 20.9858,
        "Brigade": "042",
        "Time": "2017-05-15 08:52:09",
        "Lines": "17"
      },
      {
        "Lat": 52.2506,
        "Lon": 20.986,
        "Brigade": "042",
        "Time": "2017-05-15 08:52:14",
        "Lines": "17"
      },
      {
        "Lat": 52.2487,
        "Lon": 20.9876,
        "Brigade": "042",
        "Time": "2017-05-15 08:52:34",
        "Lines": "17"
      },
      {
        "Lat": 52.2482,
        "Lon": 20.988,
        "Brigade": "042",
        "Time": "2017-05-15 08:52:40",
        "Lines": "17"
      },
      {
        "Lat": 52.2478,
        "Lon": 20.9884,
        "Brigade": "042",
        "Time": "2017-05-15 08:52:51",
        "Lines": "17"
      },
      {
        "Lat": 52.2478,
        "Lon": 20.9884,
        "Brigade": "042",
        "Time": "2017-05-15 08:53:06",
        "Lines": "17"
      },
      {
        "Lat": 52.2475,
        "Lon": 20.9886,
        "Brigade": "042",
        "Time": "2017-05-15 08:53:17",
        "Lines": "17"
      },
      {
        "Lat": 52.2475,
        "Lon": 20.9886,
        "Brigade": "042",
        "Time": "2017-05-15 08:53:27",
        "Lines": "17"
      },
      {
        "Lat": 52.2475,
        "Lon": 20.9886,
        "Brigade": "042",
        "Time": "2017-05-15 08:53:37",
        "Lines": "17"
      },
      {
        "Lat": 52.2475,
        "Lon": 20.9886,
        "Brigade": "042",
        "Time": "2017-05-15 08:53:48",
        "Lines": "17"
      },
      {
        "Lat": 52.247,
        "Lon": 20.9891,
        "Brigade": "042",
        "Time": "2017-05-15 08:53:58",
        "Lines": "17"
      },
      {
        "Lat": 52.2458,
        "Lon": 20.9901,
        "Brigade": "042",
        "Time": "2017-05-15 08:54:09",
        "Lines": "17"
      },
      {
        "Lat": 52.2449,
        "Lon": 20.9909,
        "Brigade": "042",
        "Time": "2017-05-15 08:54:24",
        "Lines": "17"
      },
      {
        "Lat": 52.2446,
        "Lon": 20.9911,
        "Brigade": "042",
        "Time": "2017-05-15 08:54:35",
        "Lines": "17"
      },
      {
        "Lat": 52.244,
        "Lon": 20.9917,
        "Brigade": "042",
        "Time": "2017-05-15 08:54:45",
        "Lines": "17"
      },
      {
        "Lat": 52.2439,
        "Lon": 20.9917,
        "Brigade": "042",
        "Time": "2017-05-15 08:54:56",
        "Lines": "17"
      },
      {
        "Lat": 52.2439,
        "Lon": 20.9917,
        "Brigade": "042",
        "Time": "2017-05-15 08:55:06",
        "Lines": "17"
      },
      {
        "Lat": 52.2432,
        "Lon": 20.9924,
        "Brigade": "042",
        "Time": "2017-05-15 08:55:17",
        "Lines": "17"
      },
      {
        "Lat": 52.2425,
        "Lon": 20.993,
        "Brigade": "042",
        "Time": "2017-05-15 08:55:27",
        "Lines": "17"
      },
      {
        "Lat": 52.2424,
        "Lon": 20.9931,
        "Brigade": "042",
        "Time": "2017-05-15 08:55:38",
        "Lines": "17"
      },
      {
        "Lat": 52.2424,
        "Lon": 20.9931,
        "Brigade": "042",
        "Time": "2017-05-15 08:55:48",
        "Lines": "17"
      },
      {
        "Lat": 52.2424,
        "Lon": 20.9931,
        "Brigade": "042",
        "Time": "2017-05-15 08:55:59",
        "Lines": "17"
      },
      {
        "Lat": 52.2424,
        "Lon": 20.9931,
        "Brigade": "042",
        "Time": "2017-05-15 08:56:14",
        "Lines": "17"
      },
      {
        "Lat": 52.2424,
        "Lon": 20.9931,
        "Brigade": "042",
        "Time": "2017-05-15 08:56:20",
        "Lines": "17"
      },
      {
        "Lat": 52.2424,
        "Lon": 20.9931,
        "Brigade": "042",
        "Time": "2017-05-15 08:56:36",
        "Lines": "17"
      },
      {
        "Lat": 52.2424,
        "Lon": 20.9931,
        "Brigade": "042",
        "Time": "2017-05-15 08:56:46",
        "Lines": "17"
      },
      {
        "Lat": 52.2421,
        "Lon": 20.9933,
        "Brigade": "042",
        "Time": "2017-05-15 08:56:56",
        "Lines": "17"
      },
      {
        "Lat": 52.2417,
        "Lon": 20.9937,
        "Brigade": "042",
        "Time": "2017-05-15 08:57:07",
        "Lines": "17"
      },
      {
        "Lat": 52.2412,
        "Lon": 20.9942,
        "Brigade": "042",
        "Time": "2017-05-15 08:57:18",
        "Lines": "17"
      },
      {
        "Lat": 52.2401,
        "Lon": 20.9951,
        "Brigade": "042",
        "Time": "2017-05-15 08:57:28",
        "Lines": "17"
      },
      {
        "Lat": 52.2391,
        "Lon": 20.9958,
        "Brigade": "042",
        "Time": "2017-05-15 08:57:38",
        "Lines": "17"
      },
      {
        "Lat": 52.2385,
        "Lon": 20.996,
        "Brigade": "042",
        "Time": "2017-05-15 08:57:49",
        "Lines": "17"
      },
      {
        "Lat": 52.2384,
        "Lon": 20.9961,
        "Brigade": "042",
        "Time": "2017-05-15 08:58:05",
        "Lines": "17"
      },
      {
        "Lat": 52.2384,
        "Lon": 20.9961,
        "Brigade": "042",
        "Time": "2017-05-15 08:58:15",
        "Lines": "17"
      },
      {
        "Lat": 52.2384,
        "Lon": 20.9961,
        "Brigade": "042",
        "Time": "2017-05-15 08:58:26",
        "Lines": "17"
      },
      {
        "Lat": 52.2384,
        "Lon": 20.9961,
        "Brigade": "042",
        "Time": "2017-05-15 08:58:31",
        "Lines": "17"
      },
      {
        "Lat": 52.237,
        "Lon": 20.9966,
        "Brigade": "042",
        "Time": "2017-05-15 08:58:47",
        "Lines": "17"
      },
      {
        "Lat": 52.2357,
        "Lon": 20.9973,
        "Brigade": "042",
        "Time": "2017-05-15 08:58:57",
        "Lines": "17"
      },
      {
        "Lat": 52.2346,
        "Lon": 20.9979,
        "Brigade": "042",
        "Time": "2017-05-15 08:59:08",
        "Lines": "17"
      },
      {
        "Lat": 52.2333,
        "Lon": 20.9979,
        "Brigade": "042",
        "Time": "2017-05-15 08:59:18",
        "Lines": "17"
      },
      {
        "Lat": 52.2331,
        "Lon": 20.9983,
        "Brigade": "042",
        "Time": "2017-05-15 08:59:28",
        "Lines": "17"
      },
      {
        "Lat": 52.2327,
        "Lon": 20.9986,
        "Brigade": "042",
        "Time": "2017-05-15 08:59:39",
        "Lines": "17"
      },
      {
        "Lat": 52.2318,
        "Lon": 20.9979,
        "Brigade": "042",
        "Time": "2017-05-15 08:59:55",
        "Lines": "17"
      },
      {
        "Lat": 52.2318,
        "Lon": 20.9979,
        "Brigade": "042",
        "Time": "2017-05-15 09:00:05",
        "Lines": "17"
      },
      {
        "Lat": 52.2318,
        "Lon": 20.9979,
        "Brigade": "042",
        "Time": "2017-05-15 09:00:16",
        "Lines": "17"
      },
      {
        "Lat": 52.232,
        "Lon": 20.9991,
        "Brigade": "042",
        "Time": "2017-05-15 09:00:26",
        "Lines": "17"
      },
      {
        "Lat": 52.2307,
        "Lon": 20.9998,
        "Brigade": "042",
        "Time": "2017-05-15 09:00:37",
        "Lines": "17"
      },
      {
        "Lat": 52.2298,
        "Lon": 21.0005,
        "Brigade": "042",
        "Time": "2017-05-15 09:00:47",
        "Lines": "17"
      },
      {
        "Lat": 52.229,
        "Lon": 21.001,
        "Brigade": "042",
        "Time": "2017-05-15 09:00:58",
        "Lines": "17"
      },
      {
        "Lat": 52.2287,
        "Lon": 21.0013,
        "Brigade": "042",
        "Time": "2017-05-15 09:01:08",
        "Lines": "17"
      },
      {
        "Lat": 52.2286,
        "Lon": 21.0013,
        "Brigade": "042",
        "Time": "2017-05-15 09:01:15",
        "Lines": "17"
      },
      {
        "Lat": 52.2286,
        "Lon": 21.0014,
        "Brigade": "042",
        "Time": "2017-05-15 09:01:31",
        "Lines": "17"
      },
      {
        "Lat": 52.2286,
        "Lon": 21.0014,
        "Brigade": "042",
        "Time": "2017-05-15 09:01:45",
        "Lines": "17"
      },
      {
        "Lat": 52.2286,
        "Lon": 21.0014,
        "Brigade": "042",
        "Time": "2017-05-15 09:01:55",
        "Lines": "17"
      },
      {
        "Lat": 52.2286,
        "Lon": 21.0014,
        "Brigade": "042",
        "Time": "2017-05-15 09:02:06",
        "Lines": "17"
      },
      {
        "Lat": 52.2281,
        "Lon": 21.0017,
        "Brigade": "042",
        "Time": "2017-05-15 09:02:16",
        "Lines": "17"
      },
      {
        "Lat": 52.2281,
        "Lon": 21.0018,
        "Brigade": "042",
        "Time": "2017-05-15 09:02:27",
        "Lines": "17"
      },
      {
        "Lat": 52.2281,
        "Lon": 21.0018,
        "Brigade": "042",
        "Time": "2017-05-15 09:02:48",
        "Lines": "17"
      },
      {
        "Lat": 52.2281,
        "Lon": 21.0018,
        "Brigade": "042",
        "Time": "2017-05-15 09:02:58",
        "Lines": "17"
      },
      {
        "Lat": 52.2281,
        "Lon": 21.0018,
        "Brigade": "042",
        "Time": "2017-05-15 09:03:09",
        "Lines": "17"
      },
      {
        "Lat": 52.2281,
        "Lon": 21.0018,
        "Brigade": "042",
        "Time": "2017-05-15 09:03:19",
        "Lines": "17"
      },
      {
        "Lat": 52.2281,
        "Lon": 21.0018,
        "Brigade": "042",
        "Time": "2017-05-15 09:03:24",
        "Lines": "17"
      },
      {
        "Lat": 52.2272,
        "Lon": 21.0024,
        "Brigade": "042",
        "Time": "2017-05-15 09:03:45",
        "Lines": "17"
      },
      {
        "Lat": 52.226,
        "Lon": 21.0031,
        "Brigade": "042",
        "Time": "2017-05-15 09:03:56",
        "Lines": "17"
      },
      {
        "Lat": 52.2245,
        "Lon": 21.0039,
        "Brigade": "042",
        "Time": "2017-05-15 09:04:06",
        "Lines": "17"
      },
      {
        "Lat": 52.2235,
        "Lon": 21.0045,
        "Brigade": "042",
        "Time": "2017-05-15 09:04:17",
        "Lines": "17"
      },
      {
        "Lat": 52.2233,
        "Lon": 21.0046,
        "Brigade": "042",
        "Time": "2017-05-15 09:04:28",
        "Lines": "17"
      },
      {
        "Lat": 52.2233,
        "Lon": 21.0046,
        "Brigade": "042",
        "Time": "2017-05-15 09:04:38",
        "Lines": "17"
      },
      {
        "Lat": 52.2233,
        "Lon": 21.0046,
        "Brigade": "042",
        "Time": "2017-05-15 09:04:48",
        "Lines": "17"
      },
      {
        "Lat": 52.2233,
        "Lon": 21.0046,
        "Brigade": "042",
        "Time": "2017-05-15 09:04:59",
        "Lines": "17"
      },
      {
        "Lat": 52.2233,
        "Lon": 21.0046,
        "Brigade": "042",
        "Time": "2017-05-15 09:05:10",
        "Lines": "17"
      },
      {
        "Lat": 52.2217,
        "Lon": 21.0047,
        "Brigade": "042",
        "Time": "2017-05-15 09:05:25",
        "Lines": "17"
      },
      {
        "Lat": 52.2206,
        "Lon": 21.0048,
        "Brigade": "042",
        "Time": "2017-05-15 09:05:36",
        "Lines": "17"
      },
      {
        "Lat": 52.2205,
        "Lon": 21.0048,
        "Brigade": "042",
        "Time": "2017-05-15 09:05:46",
        "Lines": "17"
      },
      {
        "Lat": 52.2205,
        "Lon": 21.0048,
        "Brigade": "042",
        "Time": "2017-05-15 09:05:57",
        "Lines": "17"
      },
      {
        "Lat": 52.2205,
        "Lon": 21.0048,
        "Brigade": "042",
        "Time": "2017-05-15 09:06:07",
        "Lines": "17"
      },
      {
        "Lat": 52.2205,
        "Lon": 21.0048,
        "Brigade": "042",
        "Time": "2017-05-15 09:06:18",
        "Lines": "17"
      },
      {
        "Lat": 52.2202,
        "Lon": 21.0048,
        "Brigade": "042",
        "Time": "2017-05-15 09:06:28",
        "Lines": "17"
      },
      {
        "Lat": 52.2197,
        "Lon": 21.0049,
        "Brigade": "042",
        "Time": "2017-05-15 09:06:39",
        "Lines": "17"
      },
      {
        "Lat": 52.2186,
        "Lon": 21.0049,
        "Brigade": "042",
        "Time": "2017-05-15 09:06:49",
        "Lines": "17"
      },
      {
        "Lat": 52.2177,
        "Lon": 21.005,
        "Brigade": "042",
        "Time": "2017-05-15 09:06:59",
        "Lines": "17"
      },
      {
        "Lat": 52.2176,
        "Lon": 21.005,
        "Brigade": "042",
        "Time": "2017-05-15 09:07:10",
        "Lines": "17"
      },
      {
        "Lat": 52.2176,
        "Lon": 21.005,
        "Brigade": "042",
        "Time": "2017-05-15 09:07:26",
        "Lines": "17"
      },
      {
        "Lat": 52.2176,
        "Lon": 21.005,
        "Brigade": "042",
        "Time": "2017-05-15 09:07:36",
        "Lines": "17"
      },
      {
        "Lat": 52.2176,
        "Lon": 21.005,
        "Brigade": "042",
        "Time": "2017-05-15 09:07:47",
        "Lines": "17"
      },
      {
        "Lat": 52.2176,
        "Lon": 21.005,
        "Brigade": "042",
        "Time": "2017-05-15 09:07:57",
        "Lines": "17"
      },
      {
        "Lat": 52.2176,
        "Lon": 21.005,
        "Brigade": "042",
        "Time": "2017-05-15 09:08:08",
        "Lines": "17"
      },
      {
        "Lat": 52.2168,
        "Lon": 21.0051,
        "Brigade": "042",
        "Time": "2017-05-15 09:08:18",
        "Lines": "17"
      },
      {
        "Lat": 52.2162,
        "Lon": 21.0053,
        "Brigade": "042",
        "Time": "2017-05-15 09:08:29",
        "Lines": "17"
      },
      {
        "Lat": 52.2162,
        "Lon": 21.0053,
        "Brigade": "042",
        "Time": "2017-05-15 09:08:39",
        "Lines": "17"
      },
      {
        "Lat": 52.216,
        "Lon": 21.0053,
        "Brigade": "042",
        "Time": "2017-05-15 09:08:50",
        "Lines": "17"
      },
      {
        "Lat": 52.2147,
        "Lon": 21.0057,
        "Brigade": "042",
        "Time": "2017-05-15 09:09:00",
        "Lines": "17"
      },
      {
        "Lat": 52.2131,
        "Lon": 21.0062,
        "Brigade": "042",
        "Time": "2017-05-15 09:09:16",
        "Lines": "17"
      },
      {
        "Lat": 52.213,
        "Lon": 21.0063,
        "Brigade": "042",
        "Time": "2017-05-15 09:09:26",
        "Lines": "17"
      },
      {
        "Lat": 52.2118,
        "Lon": 21.0066,
        "Brigade": "042",
        "Time": "2017-05-15 09:09:37",
        "Lines": "17"
      },
      {
        "Lat": 52.2109,
        "Lon": 21.0069,
        "Brigade": "042",
        "Time": "2017-05-15 09:09:47",
        "Lines": "17"
      },
      {
        "Lat": 52.2108,
        "Lon": 21.0069,
        "Brigade": "042",
        "Time": "2017-05-15 09:10:30",
        "Lines": "17"
      },
      {
        "Lat": 52.2099,
        "Lon": 21.0072,
        "Brigade": "042",
        "Time": "2017-05-15 09:10:40",
        "Lines": "17"
      },
      {
        "Lat": 52.2083,
        "Lon": 21.0078,
        "Brigade": "042",
        "Time": "2017-05-15 09:10:55",
        "Lines": "17"
      },
      {
        "Lat": 52.2083,
        "Lon": 21.0078,
        "Brigade": "042",
        "Time": "2017-05-15 09:11:06",
        "Lines": "17"
      },
      {
        "Lat": 52.2082,
        "Lon": 21.0079,
        "Brigade": "042",
        "Time": "2017-05-15 09:11:16",
        "Lines": "17"
      },
      {
        "Lat": 52.2076,
        "Lon": 21.0078,
        "Brigade": "042",
        "Time": "2017-05-15 09:11:27",
        "Lines": "17"
      },
      {
        "Lat": 52.2073,
        "Lon": 21.0066,
        "Brigade": "042",
        "Time": "2017-05-15 09:11:37",
        "Lines": "17"
      },
      {
        "Lat": 52.207,
        "Lon": 21.0047,
        "Brigade": "042",
        "Time": "2017-05-15 09:11:48",
        "Lines": "17"
      },
      {
        "Lat": 52.2068,
        "Lon": 21.0036,
        "Brigade": "042",
        "Time": "2017-05-15 09:11:58",
        "Lines": "17"
      },
      {
        "Lat": 52.2068,
        "Lon": 21.0036,
        "Brigade": "042",
        "Time": "2017-05-15 09:12:09",
        "Lines": "17"
      },
      {
        "Lat": 52.2068,
        "Lon": 21.0035,
        "Brigade": "042",
        "Time": "2017-05-15 09:12:19",
        "Lines": "17"
      },
      {
        "Lat": 52.2066,
        "Lon": 21.0028,
        "Brigade": "042",
        "Time": "2017-05-15 09:12:30",
        "Lines": "17"
      },
      {
        "Lat": 52.2064,
        "Lon": 21.0017,
        "Brigade": "042",
        "Time": "2017-05-15 09:12:40",
        "Lines": "17"
      },
      {
        "Lat": 52.2062,
        "Lon": 21.0002,
        "Brigade": "042",
        "Time": "2017-05-15 09:12:51",
        "Lines": "17"
      },
      {
        "Lat": 52.2061,
        "Lon": 20.9996,
        "Brigade": "042",
        "Time": "2017-05-15 09:13:06",
        "Lines": "17"
      },
      {
        "Lat": 52.206,
        "Lon": 20.9994,
        "Brigade": "042",
        "Time": "2017-05-15 09:13:17",
        "Lines": "17"
      },
      {
        "Lat": 52.2054,
        "Lon": 20.9993,
        "Brigade": "042",
        "Time": "2017-05-15 09:13:27",
        "Lines": "17"
      },
      {
        "Lat": 52.2051,
        "Lon": 20.9994,
        "Brigade": "042",
        "Time": "2017-05-15 09:13:38",
        "Lines": "17"
      },
      {
        "Lat": 52.2051,
        "Lon": 20.9994,
        "Brigade": "042",
        "Time": "2017-05-15 09:13:48",
        "Lines": "17"
      },
      {
        "Lat": 52.2044,
        "Lon": 20.9996,
        "Brigade": "042",
        "Time": "2017-05-15 09:13:59",
        "Lines": "17"
      },
      {
        "Lat": 52.2031,
        "Lon": 21,
        "Brigade": "042",
        "Time": "2017-05-15 09:14:09",
        "Lines": "17"
      },
      {
        "Lat": 52.2018,
        "Lon": 21.0003,
        "Brigade": "042",
        "Time": "2017-05-15 09:14:25",
        "Lines": "17"
      },
      {
        "Lat": 52.2018,
        "Lon": 21.0003,
        "Brigade": "042",
        "Time": "2017-05-15 09:14:30",
        "Lines": "17"
      },
      {
        "Lat": 52.2012,
        "Lon": 21.0005,
        "Brigade": "042",
        "Time": "2017-05-15 09:14:46",
        "Lines": "17"
      },
      {
        "Lat": 52.1991,
        "Lon": 21.0011,
        "Brigade": "042",
        "Time": "2017-05-15 09:15:07",
        "Lines": "17"
      },
      {
        "Lat": 52.1991,
        "Lon": 21.0011,
        "Brigade": "042",
        "Time": "2017-05-15 09:15:17",
        "Lines": "17"
      },
      {
        "Lat": 52.1991,
        "Lon": 21.0011,
        "Brigade": "042",
        "Time": "2017-05-15 09:15:28",
        "Lines": "17"
      },
      {
        "Lat": 52.1986,
        "Lon": 21.0012,
        "Brigade": "042",
        "Time": "2017-05-15 09:15:39",
        "Lines": "17"
      },
      {
        "Lat": 52.1974,
        "Lon": 21.0016,
        "Brigade": "042",
        "Time": "2017-05-15 09:15:49",
        "Lines": "17"
      },
      {
        "Lat": 52.1963,
        "Lon": 21.0018,
        "Brigade": "042",
        "Time": "2017-05-15 09:15:59",
        "Lines": "17"
      },
      {
        "Lat": 52.196,
        "Lon": 21.0018,
        "Brigade": "042",
        "Time": "2017-05-15 09:16:10",
        "Lines": "17"
      },
      {
        "Lat": 52.196,
        "Lon": 21.0018,
        "Brigade": "042",
        "Time": "2017-05-15 09:16:26",
        "Lines": "17"
      },
      {
        "Lat": 52.196,
        "Lon": 21.0018,
        "Brigade": "042",
        "Time": "2017-05-15 09:16:36",
        "Lines": "17"
      },
      {
        "Lat": 52.196,
        "Lon": 21.0018,
        "Brigade": "042",
        "Time": "2017-05-15 09:16:47",
        "Lines": "17"
      },
      {
        "Lat": 52.196,
        "Lon": 21.0018,
        "Brigade": "042",
        "Time": "2017-05-15 09:16:57",
        "Lines": "17"
      },
      {
        "Lat": 52.1954,
        "Lon": 21.0018,
        "Brigade": "042",
        "Time": "2017-05-15 09:17:08",
        "Lines": "17"
      },
      {
        "Lat": 52.1943,
        "Lon": 21.0017,
        "Brigade": "042",
        "Time": "2017-05-15 09:17:18",
        "Lines": "17"
      },
      {
        "Lat": 52.1928,
        "Lon": 21.0018,
        "Brigade": "042",
        "Time": "2017-05-15 09:17:30",
        "Lines": "17"
      },
      {
        "Lat": 52.1907,
        "Lon": 21.0018,
        "Brigade": "042",
        "Time": "2017-05-15 09:17:45",
        "Lines": "17"
      },
      {
        "Lat": 52.1903,
        "Lon": 21.0019,
        "Brigade": "042",
        "Time": "2017-05-15 09:17:50",
        "Lines": "17"
      },
      {
        "Lat": 52.1893,
        "Lon": 21.002,
        "Brigade": "042",
        "Time": "2017-05-15 09:18:05",
        "Lines": "17"
      },
      {
        "Lat": 52.1893,
        "Lon": 21.002,
        "Brigade": "042",
        "Time": "2017-05-15 09:18:16",
        "Lines": "17"
      },
      {
        "Lat": 52.1893,
        "Lon": 21.002,
        "Brigade": "042",
        "Time": "2017-05-15 09:18:29",
        "Lines": "17"
      },
      {
        "Lat": 52.1893,
        "Lon": 21.002,
        "Brigade": "042",
        "Time": "2017-05-15 09:18:37",
        "Lines": "17"
      },
      {
        "Lat": 52.1893,
        "Lon": 21.002,
        "Brigade": "042",
        "Time": "2017-05-15 09:18:48",
        "Lines": "17"
      },
      {
        "Lat": 52.1893,
        "Lon": 21.002,
        "Brigade": "042",
        "Time": "2017-05-15 09:18:58",
        "Lines": "17"
      },
      {
        "Lat": 52.1893,
        "Lon": 21.002,
        "Brigade": "042",
        "Time": "2017-05-15 09:19:14",
        "Lines": "17"
      },
      {
        "Lat": 52.1892,
        "Lon": 21.002,
        "Brigade": "042",
        "Time": "2017-05-15 09:19:24",
        "Lines": "17"
      },
      {
        "Lat": 52.1889,
        "Lon": 21.002,
        "Brigade": "042",
        "Time": "2017-05-15 09:19:29",
        "Lines": "17"
      },
      {
        "Lat": 52.1888,
        "Lon": 21.0032,
        "Brigade": "042",
        "Time": "2017-05-15 09:19:45",
        "Lines": "17"
      },
      {
        "Lat": 52.1888,
        "Lon": 21.0034,
        "Brigade": "042",
        "Time": "2017-05-15 09:19:56",
        "Lines": "17"
      },
      {
        "Lat": 52.1888,
        "Lon": 21.0034,
        "Brigade": "042",
        "Time": "2017-05-15 09:20:06",
        "Lines": "17"
      },
      {
        "Lat": 52.1886,
        "Lon": 21.0043,
        "Brigade": "042",
        "Time": "2017-05-15 09:20:35",
        "Lines": "17"
      },
      {
        "Lat": 52.1887,
        "Lon": 21.0035,
        "Brigade": "042",
        "Time": "2017-05-15 09:20:58",
        "Lines": "17"
      },
      {
        "Lat": 52.1888,
        "Lon": 21.0027,
        "Brigade": "042",
        "Time": "2017-05-15 09:21:14",
        "Lines": "17"
      },
      {
        "Lat": 52.1888,
        "Lon": 21.0027,
        "Brigade": "042",
        "Time": "2017-05-15 09:21:25",
        "Lines": "17"
      },
      {
        "Lat": 52.1888,
        "Lon": 21.0027,
        "Brigade": "042",
        "Time": "2017-05-15 09:21:30",
        "Lines": "17"
      },
      {
        "Lat": 52.1888,
        "Lon": 21.0027,
        "Brigade": "042",
        "Time": "2017-05-15 09:21:46",
        "Lines": "17"
      },
      {
        "Lat": 52.1888,
        "Lon": 21.0027,
        "Brigade": "042",
        "Time": "2017-05-15 09:21:56",
        "Lines": "17"
      },
      {
        "Lat": 52.1888,
        "Lon": 21.0027,
        "Brigade": "042",
        "Time": "2017-05-15 09:22:07",
        "Lines": "17"
      },
      {
        "Lat": 52.1888,
        "Lon": 21.0027,
        "Brigade": "042",
        "Time": "2017-05-15 09:22:17",
        "Lines": "17"
      },
      {
        "Lat": 52.1888,
        "Lon": 21.0027,
        "Brigade": "042",
        "Time": "2017-05-15 09:22:27",
        "Lines": "17"
      },
      {
        "Lat": 52.1888,
        "Lon": 21.0023,
        "Brigade": "042",
        "Time": "2017-05-15 09:22:43",
        "Lines": "17"
      },
      {
        "Lat": 52.1888,
        "Lon": 21.0016,
        "Brigade": "042",
        "Time": "2017-05-15 09:22:54",
        "Lines": "17"
      },
      {
        "Lat": 52.1888,
        "Lon": 21.0009,
        "Brigade": "042",
        "Time": "2017-05-15 09:23:04",
        "Lines": "17"
      },
      {
        "Lat": 52.1888,
        "Lon": 21.0005,
        "Brigade": "042",
        "Time": "2017-05-15 09:23:15",
        "Lines": "17"
      },
      {
        "Lat": 52.1887,
        "Lon": 21.0004,
        "Brigade": "042",
        "Time": "2017-05-15 09:23:25",
        "Lines": "17"
      },
      {
        "Lat": 52.1887,
        "Lon": 21.0004,
        "Brigade": "042",
        "Time": "2017-05-15 09:23:36",
        "Lines": "17"
      },
      {
        "Lat": 52.1885,
        "Lon": 21.0003,
        "Brigade": "042",
        "Time": "2017-05-15 09:23:46",
        "Lines": "17"
      },
      {
        "Lat": 52.1885,
        "Lon": 21.0003,
        "Brigade": "042",
        "Time": "2017-05-15 09:23:57",
        "Lines": "17"
      },
      {
        "Lat": 52.1885,
        "Lon": 21.0003,
        "Brigade": "042",
        "Time": "2017-05-15 09:24:07",
        "Lines": "17"
      },
      {
        "Lat": 52.1885,
        "Lon": 21.0003,
        "Brigade": "042",
        "Time": "2017-05-15 09:24:23",
        "Lines": "17"
      },
      {
        "Lat": 52.1885,
        "Lon": 21.0003,
        "Brigade": "042",
        "Time": "2017-05-15 09:24:33",
        "Lines": "17"
      },
      {
        "Lat": 52.1885,
        "Lon": 21.0003,
        "Brigade": "042",
        "Time": "2017-05-15 09:24:44",
        "Lines": "17"
      },
      {
        "Lat": 52.1883,
        "Lon": 21.0004,
        "Brigade": "042",
        "Time": "2017-05-15 09:24:54",
        "Lines": "17"
      },
      {
        "Lat": 52.1882,
        "Lon": 21.0005,
        "Brigade": "042",
        "Time": "2017-05-15 09:25:05",
        "Lines": "17"
      },
      {
        "Lat": 52.1872,
        "Lon": 21.0005,
        "Brigade": "042",
        "Time": "2017-05-15 09:27:16",
        "Lines": "17"
      },
      {
        "Lat": 52.1872,
        "Lon": 21.0005,
        "Brigade": "042",
        "Time": "2017-05-15 09:27:27",
        "Lines": "17"
      },
      {
        "Lat": 52.1872,
        "Lon": 21.0005,
        "Brigade": "042",
        "Time": "2017-05-15 09:27:37",
        "Lines": "17"
      },
      {
        "Lat": 52.1872,
        "Lon": 21.0005,
        "Brigade": "042",
        "Time": "2017-05-15 09:27:47",
        "Lines": "17"
      },
      {
        "Lat": 52.1872,
        "Lon": 21.0005,
        "Brigade": "042",
        "Time": "2017-05-15 09:28:03",
        "Lines": "17"
      },
      {
        "Lat": 52.1872,
        "Lon": 21.0005,
        "Brigade": "042",
        "Time": "2017-05-15 09:28:14",
        "Lines": "17"
      },
      {
        "Lat": 52.1872,
        "Lon": 21.0005,
        "Brigade": "042",
        "Time": "2017-05-15 09:28:19",
        "Lines": "17"
      },
      {
        "Lat": 52.1872,
        "Lon": 21.0005,
        "Brigade": "042",
        "Time": "2017-05-15 09:28:40",
        "Lines": "17"
      },
      {
        "Lat": 52.1872,
        "Lon": 21.0005,
        "Brigade": "042",
        "Time": "2017-05-15 09:28:50",
        "Lines": "17"
      },
      {
        "Lat": 52.1872,
        "Lon": 21.0005,
        "Brigade": "042",
        "Time": "2017-05-15 09:29:01",
        "Lines": "17"
      },
      {
        "Lat": 52.187,
        "Lon": 21.0005,
        "Brigade": "042",
        "Time": "2017-05-15 09:29:11",
        "Lines": "17"
      },
      {
        "Lat": 52.1868,
        "Lon": 21.0005,
        "Brigade": "042",
        "Time": "2017-05-15 09:29:22",
        "Lines": "17"
      },
      {
        "Lat": 52.1866,
        "Lon": 21.0005,
        "Brigade": "042",
        "Time": "2017-05-15 09:29:37",
        "Lines": "17"
      },
      {
        "Lat": 52.1866,
        "Lon": 21.0005,
        "Brigade": "042",
        "Time": "2017-05-15 09:29:48",
        "Lines": "17"
      },
      {
        "Lat": 52.1867,
        "Lon": 21.0007,
        "Brigade": "042",
        "Time": "2017-05-15 13:47:49",
        "Lines": "17"
      },
      {
        "Lat": 52.1866,
        "Lon": 21.0007,
        "Brigade": "042",
        "Time": "2017-05-15 13:48:02",
        "Lines": "17"
      },
      {
        "Lat": 52.1863,
        "Lon": 21.0006,
        "Brigade": "042",
        "Time": "2017-05-15 13:48:13",
        "Lines": "17"
      },
      {
        "Lat": 52.1863,
        "Lon": 21.0006,
        "Brigade": "042",
        "Time": "2017-05-15 13:48:23",
        "Lines": "17"
      },
      {
        "Lat": 52.1863,
        "Lon": 21.0006,
        "Brigade": "042",
        "Time": "2017-05-15 13:48:41",
        "Lines": "17"
      },
      {
        "Lat": 52.1863,
        "Lon": 21.0006,
        "Brigade": "042",
        "Time": "2017-05-15 13:48:54",
        "Lines": "17"
      },
      {
        "Lat": 52.1863,
        "Lon": 21.0006,
        "Brigade": "042",
        "Time": "2017-05-15 13:49:11",
        "Lines": "17"
      },
      {
        "Lat": 52.1863,
        "Lon": 21.0006,
        "Brigade": "042",
        "Time": "2017-05-15 13:49:16",
        "Lines": "17"
      },
      {
        "Lat": 52.1863,
        "Lon": 21.0006,
        "Brigade": "042",
        "Time": "2017-05-15 13:50:21",
        "Lines": "17"
      },
      {
        "Lat": 52.1863,
        "Lon": 21.0006,
        "Brigade": "042",
        "Time": "2017-05-15 13:50:35",
        "Lines": "17"
      },
      {
        "Lat": 52.1863,
        "Lon": 21.0006,
        "Brigade": "042",
        "Time": "2017-05-15 13:50:52",
        "Lines": "17"
      },
      {
        "Lat": 52.1863,
        "Lon": 21.0006,
        "Brigade": "042",
        "Time": "2017-05-15 13:51:11",
        "Lines": "17"
      },
      {
        "Lat": 52.1863,
        "Lon": 21.0006,
        "Brigade": "042",
        "Time": "2017-05-15 13:51:21",
        "Lines": "17"
      },
      {
        "Lat": 52.1863,
        "Lon": 21.0006,
        "Brigade": "042",
        "Time": "2017-05-15 13:51:42",
        "Lines": "17"
      },
      {
        "Lat": 52.1863,
        "Lon": 21.0006,
        "Brigade": "042",
        "Time": "2017-05-15 13:51:52",
        "Lines": "17"
      },
      {
        "Lat": 52.1863,
        "Lon": 21.0006,
        "Brigade": "042",
        "Time": "2017-05-15 13:51:58",
        "Lines": "17"
      },
      {
        "Lat": 52.1863,
        "Lon": 21.0006,
        "Brigade": "042",
        "Time": "2017-05-15 13:52:13",
        "Lines": "17"
      },
      {
        "Lat": 52.1863,
        "Lon": 21.0006,
        "Brigade": "042",
        "Time": "2017-05-15 13:52:24",
        "Lines": "17"
      },
      {
        "Lat": 52.1863,
        "Lon": 21.0006,
        "Brigade": "042",
        "Time": "2017-05-15 13:52:36",
        "Lines": "17"
      },
      {
        "Lat": 52.1863,
        "Lon": 21.0006,
        "Brigade": "042",
        "Time": "2017-05-15 13:52:47",
        "Lines": "17"
      },
      {
        "Lat": 52.1863,
        "Lon": 21.0006,
        "Brigade": "042",
        "Time": "2017-05-15 13:52:55",
        "Lines": "17"
      },
      {
        "Lat": 52.1863,
        "Lon": 21.0006,
        "Brigade": "042",
        "Time": "2017-05-15 13:53:12",
        "Lines": "17"
      },
      {
        "Lat": 52.1863,
        "Lon": 21.0006,
        "Brigade": "042",
        "Time": "2017-05-15 13:53:22",
        "Lines": "17"
      },
      {
        "Lat": 52.1863,
        "Lon": 21.0006,
        "Brigade": "042",
        "Time": "2017-05-15 13:53:32",
        "Lines": "17"
      },
      {
        "Lat": 52.1863,
        "Lon": 21.0006,
        "Brigade": "042",
        "Time": "2017-05-15 13:53:43",
        "Lines": "17"
      },
      {
        "Lat": 52.1863,
        "Lon": 21.0006,
        "Brigade": "042",
        "Time": "2017-05-15 13:53:53",
        "Lines": "17"
      },
      {
        "Lat": 52.1863,
        "Lon": 21.0006,
        "Brigade": "042",
        "Time": "2017-05-15 13:54:03",
        "Lines": "17"
      },
      {
        "Lat": 52.1863,
        "Lon": 21.0006,
        "Brigade": "042",
        "Time": "2017-05-15 13:54:09",
        "Lines": "17"
      },
      {
        "Lat": 52.1863,
        "Lon": 21.0006,
        "Brigade": "042",
        "Time": "2017-05-15 13:54:25",
        "Lines": "17"
      },
      {
        "Lat": 52.1863,
        "Lon": 21.0006,
        "Brigade": "042",
        "Time": "2017-05-15 13:54:40",
        "Lines": "17"
      },
      {
        "Lat": 52.1863,
        "Lon": 21.0006,
        "Brigade": "042",
        "Time": "2017-05-15 13:54:51",
        "Lines": "17"
      },
      {
        "Lat": 52.1863,
        "Lon": 21.0006,
        "Brigade": "042",
        "Time": "2017-05-15 13:55:01",
        "Lines": "17"
      },
      {
        "Lat": 52.1863,
        "Lon": 21.0006,
        "Brigade": "042",
        "Time": "2017-05-15 13:55:07",
        "Lines": "17"
      },
      {
        "Lat": 52.1863,
        "Lon": 21.0006,
        "Brigade": "042",
        "Time": "2017-05-15 13:55:22",
        "Lines": "17"
      },
      {
        "Lat": 52.1863,
        "Lon": 21.0006,
        "Brigade": "042",
        "Time": "2017-05-15 13:55:33",
        "Lines": "17"
      },
      {
        "Lat": 52.1863,
        "Lon": 21.0006,
        "Brigade": "042",
        "Time": "2017-05-15 13:55:43",
        "Lines": "17"
      },
      {
        "Lat": 52.1863,
        "Lon": 21.0006,
        "Brigade": "042",
        "Time": "2017-05-15 13:55:54",
        "Lines": "17"
      },
      {
        "Lat": 52.1863,
        "Lon": 21.0006,
        "Brigade": "042",
        "Time": "2017-05-15 13:56:09",
        "Lines": "17"
      },
      {
        "Lat": 52.1863,
        "Lon": 21.0006,
        "Brigade": "042",
        "Time": "2017-05-15 13:56:20",
        "Lines": "17"
      },
      {
        "Lat": 52.1863,
        "Lon": 21.0006,
        "Brigade": "042",
        "Time": "2017-05-15 13:56:31",
        "Lines": "17"
      },
      {
        "Lat": 52.1863,
        "Lon": 21.0006,
        "Brigade": "042",
        "Time": "2017-05-15 13:56:41",
        "Lines": "17"
      },
      {
        "Lat": 52.1863,
        "Lon": 21.0006,
        "Brigade": "042",
        "Time": "2017-05-15 13:56:47",
        "Lines": "17"
      },
      {
        "Lat": 52.1863,
        "Lon": 21.0006,
        "Brigade": "042",
        "Time": "2017-05-15 13:57:02",
        "Lines": "17"
      },
      {
        "Lat": 52.1863,
        "Lon": 21.0006,
        "Brigade": "042",
        "Time": "2017-05-15 13:57:12",
        "Lines": "17"
      },
      {
        "Lat": 52.1863,
        "Lon": 21.0006,
        "Brigade": "042",
        "Time": "2017-05-15 13:57:23",
        "Lines": "17"
      },
      {
        "Lat": 52.1863,
        "Lon": 21.0006,
        "Brigade": "042",
        "Time": "2017-05-15 13:57:34",
        "Lines": "17"
      },
      {
        "Lat": 52.1863,
        "Lon": 21.0006,
        "Brigade": "042",
        "Time": "2017-05-15 13:57:49",
        "Lines": "17"
      },
      {
        "Lat": 52.1863,
        "Lon": 21.0006,
        "Brigade": "042",
        "Time": "2017-05-15 13:57:54",
        "Lines": "17"
      },
      {
        "Lat": 52.1863,
        "Lon": 21.0006,
        "Brigade": "042",
        "Time": "2017-05-15 13:58:10",
        "Lines": "17"
      },
      {
        "Lat": 52.1863,
        "Lon": 21.0006,
        "Brigade": "042",
        "Time": "2017-05-15 13:58:20",
        "Lines": "17"
      },
      {
        "Lat": 52.1863,
        "Lon": 21.0006,
        "Brigade": "042",
        "Time": "2017-05-15 13:58:31",
        "Lines": "17"
      },
      {
        "Lat": 52.1863,
        "Lon": 21.0006,
        "Brigade": "042",
        "Time": "2017-05-15 13:58:41",
        "Lines": "17"
      },
      {
        "Lat": 52.1863,
        "Lon": 21.0006,
        "Brigade": "042",
        "Time": "2017-05-15 13:58:52",
        "Lines": "17"
      },
      {
        "Lat": 52.1863,
        "Lon": 21.0006,
        "Brigade": "042",
        "Time": "2017-05-15 13:59:02",
        "Lines": "17"
      },
      {
        "Lat": 52.1863,
        "Lon": 21.0006,
        "Brigade": "042",
        "Time": "2017-05-15 13:59:13",
        "Lines": "17"
      },
      {
        "Lat": 52.1863,
        "Lon": 21.0006,
        "Brigade": "042",
        "Time": "2017-05-15 13:59:23",
        "Lines": "17"
      },
      {
        "Lat": 52.1863,
        "Lon": 21.0006,
        "Brigade": "042",
        "Time": "2017-05-15 13:59:34",
        "Lines": "17"
      },
      {
        "Lat": 52.1863,
        "Lon": 21.0006,
        "Brigade": "042",
        "Time": "2017-05-15 13:59:44",
        "Lines": "17"
      },
      {
        "Lat": 52.1863,
        "Lon": 21.0006,
        "Brigade": "042",
        "Time": "2017-05-15 14:00:00",
        "Lines": "17"
      },
      {
        "Lat": 52.1863,
        "Lon": 21.0006,
        "Brigade": "042",
        "Time": "2017-05-15 14:00:11",
        "Lines": "17"
      },
      {
        "Lat": 52.1863,
        "Lon": 21.0006,
        "Brigade": "042",
        "Time": "2017-05-15 14:00:21",
        "Lines": "17"
      },
      {
        "Lat": 52.1863,
        "Lon": 21.0006,
        "Brigade": "042",
        "Time": "2017-05-15 14:00:27",
        "Lines": "17"
      },
      {
        "Lat": 52.1863,
        "Lon": 21.0006,
        "Brigade": "042",
        "Time": "2017-05-15 14:00:44",
        "Lines": "17"
      },
      {
        "Lat": 52.1863,
        "Lon": 21.0006,
        "Brigade": "042",
        "Time": "2017-05-15 14:00:52",
        "Lines": "17"
      },
      {
        "Lat": 52.1863,
        "Lon": 21.0006,
        "Brigade": "042",
        "Time": "2017-05-15 14:01:03",
        "Lines": "17"
      },
      {
        "Lat": 52.1863,
        "Lon": 21.0006,
        "Brigade": "042",
        "Time": "2017-05-15 14:01:13",
        "Lines": "17"
      },
      {
        "Lat": 52.1863,
        "Lon": 21.0006,
        "Brigade": "042",
        "Time": "2017-05-15 14:01:24",
        "Lines": "17"
      },
      {
        "Lat": 52.1863,
        "Lon": 21.0006,
        "Brigade": "042",
        "Time": "2017-05-15 14:01:35",
        "Lines": "17"
      },
      {
        "Lat": 52.1863,
        "Lon": 21.0006,
        "Brigade": "042",
        "Time": "2017-05-15 14:01:45",
        "Lines": "17"
      },
      {
        "Lat": 52.1863,
        "Lon": 21.0006,
        "Brigade": "042",
        "Time": "2017-05-15 14:02:01",
        "Lines": "17"
      },
      {
        "Lat": 52.1863,
        "Lon": 21.0006,
        "Brigade": "042",
        "Time": "2017-05-15 14:02:12",
        "Lines": "17"
      },
      {
        "Lat": 52.1863,
        "Lon": 21.0006,
        "Brigade": "042",
        "Time": "2017-05-15 14:02:22",
        "Lines": "17"
      },
      {
        "Lat": 52.1863,
        "Lon": 21.0006,
        "Brigade": "042",
        "Time": "2017-05-15 14:02:32",
        "Lines": "17"
      },
      {
        "Lat": 52.1863,
        "Lon": 21.0006,
        "Brigade": "042",
        "Time": "2017-05-15 14:02:43",
        "Lines": "17"
      },
      {
        "Lat": 52.1863,
        "Lon": 21.0006,
        "Brigade": "042",
        "Time": "2017-05-15 14:02:53",
        "Lines": "17"
      },
      {
        "Lat": 52.1863,
        "Lon": 21.0006,
        "Brigade": "042",
        "Time": "2017-05-15 14:03:03",
        "Lines": "17"
      },
      {
        "Lat": 52.1863,
        "Lon": 21.0006,
        "Brigade": "042",
        "Time": "2017-05-15 14:03:14",
        "Lines": "17"
      },
      {
        "Lat": 52.1863,
        "Lon": 21.0006,
        "Brigade": "042",
        "Time": "2017-05-15 14:03:24",
        "Lines": "17"
      },
      {
        "Lat": 52.1863,
        "Lon": 21.0006,
        "Brigade": "042",
        "Time": "2017-05-15 14:03:40",
        "Lines": "17"
      },
      {
        "Lat": 52.1863,
        "Lon": 21.0006,
        "Brigade": "042",
        "Time": "2017-05-15 14:03:51",
        "Lines": "17"
      },
      {
        "Lat": 52.1863,
        "Lon": 21.0006,
        "Brigade": "042",
        "Time": "2017-05-15 14:04:01",
        "Lines": "17"
      },
      {
        "Lat": 52.1863,
        "Lon": 21.0006,
        "Brigade": "042",
        "Time": "2017-05-15 14:04:12",
        "Lines": "17"
      },
      {
        "Lat": 52.1863,
        "Lon": 21.0006,
        "Brigade": "042",
        "Time": "2017-05-15 14:04:22",
        "Lines": "17"
      },
      {
        "Lat": 52.1863,
        "Lon": 21.0006,
        "Brigade": "042",
        "Time": "2017-05-15 14:04:33",
        "Lines": "17"
      },
      {
        "Lat": 52.1863,
        "Lon": 21.0006,
        "Brigade": "042",
        "Time": "2017-05-15 14:04:43",
        "Lines": "17"
      },
      {
        "Lat": 52.1863,
        "Lon": 21.0006,
        "Brigade": "042",
        "Time": "2017-05-15 14:04:54",
        "Lines": "17"
      },
      {
        "Lat": 52.1863,
        "Lon": 21.0006,
        "Brigade": "042",
        "Time": "2017-05-15 14:05:04",
        "Lines": "17"
      },
      {
        "Lat": 52.1863,
        "Lon": 21.0006,
        "Brigade": "042",
        "Time": "2017-05-15 14:05:15",
        "Lines": "17"
      },
      {
        "Lat": 52.1863,
        "Lon": 21.0006,
        "Brigade": "042",
        "Time": "2017-05-15 14:05:25",
        "Lines": "17"
      },
      {
        "Lat": 52.1863,
        "Lon": 21.0006,
        "Brigade": "042",
        "Time": "2017-05-15 14:05:41",
        "Lines": "17"
      },
      {
        "Lat": 52.1863,
        "Lon": 21.0006,
        "Brigade": "042",
        "Time": "2017-05-15 14:05:51",
        "Lines": "17"
      },
      {
        "Lat": 52.1863,
        "Lon": 21.0006,
        "Brigade": "042",
        "Time": "2017-05-15 14:06:02",
        "Lines": "17"
      },
      {
        "Lat": 52.1863,
        "Lon": 21.0006,
        "Brigade": "042",
        "Time": "2017-05-15 14:06:12",
        "Lines": "17"
      },
      {
        "Lat": 52.1863,
        "Lon": 21.0006,
        "Brigade": "042",
        "Time": "2017-05-15 14:06:23",
        "Lines": "17"
      },
      {
        "Lat": 52.1863,
        "Lon": 21.0006,
        "Brigade": "042",
        "Time": "2017-05-15 14:06:33",
        "Lines": "17"
      },
      {
        "Lat": 52.1863,
        "Lon": 21.0006,
        "Brigade": "042",
        "Time": "2017-05-15 14:06:44",
        "Lines": "17"
      },
      {
        "Lat": 52.1863,
        "Lon": 21.0006,
        "Brigade": "042",
        "Time": "2017-05-15 14:06:54",
        "Lines": "17"
      },
      {
        "Lat": 52.1863,
        "Lon": 21.0006,
        "Brigade": "042",
        "Time": "2017-05-15 14:07:10",
        "Lines": "17"
      },
      {
        "Lat": 52.1863,
        "Lon": 21.0006,
        "Brigade": "042",
        "Time": "2017-05-15 14:07:15",
        "Lines": "17"
      },
      {
        "Lat": 52.1863,
        "Lon": 21.0006,
        "Brigade": "042",
        "Time": "2017-05-15 14:07:31",
        "Lines": "17"
      },
      {
        "Lat": 52.1863,
        "Lon": 21.0006,
        "Brigade": "042",
        "Time": "2017-05-15 14:07:42",
        "Lines": "17"
      },
      {
        "Lat": 52.1863,
        "Lon": 21.0006,
        "Brigade": "042",
        "Time": "2017-05-15 14:07:46",
        "Lines": "17"
      },
      {
        "Lat": 52.1863,
        "Lon": 21.0006,
        "Brigade": "042",
        "Time": "2017-05-15 14:08:02",
        "Lines": "17"
      },
      {
        "Lat": 52.1863,
        "Lon": 21.0006,
        "Brigade": "042",
        "Time": "2017-05-15 14:08:13",
        "Lines": "17"
      },
      {
        "Lat": 52.1863,
        "Lon": 21.0006,
        "Brigade": "042",
        "Time": "2017-05-15 14:08:23",
        "Lines": "17"
      },
      {
        "Lat": 52.1863,
        "Lon": 21.0006,
        "Brigade": "042",
        "Time": "2017-05-15 14:08:34",
        "Lines": "17"
      },
      {
        "Lat": 52.1863,
        "Lon": 21.0006,
        "Brigade": "042",
        "Time": "2017-05-15 14:08:44",
        "Lines": "17"
      },
      {
        "Lat": 52.1863,
        "Lon": 21.0006,
        "Brigade": "042",
        "Time": "2017-05-15 14:08:55",
        "Lines": "17"
      },
      {
        "Lat": 52.1863,
        "Lon": 21.0006,
        "Brigade": "042",
        "Time": "2017-05-15 14:09:05",
        "Lines": "17"
      },
      {
        "Lat": 52.1863,
        "Lon": 21.0006,
        "Brigade": "042",
        "Time": "2017-05-15 14:09:21",
        "Lines": "17"
      },
      {
        "Lat": 52.1863,
        "Lon": 21.0006,
        "Brigade": "042",
        "Time": "2017-05-15 14:09:31",
        "Lines": "17"
      },
      {
        "Lat": 52.1863,
        "Lon": 21.0006,
        "Brigade": "042",
        "Time": "2017-05-15 14:09:42",
        "Lines": "17"
      },
      {
        "Lat": 52.1863,
        "Lon": 21.0006,
        "Brigade": "042",
        "Time": "2017-05-15 14:09:52",
        "Lines": "17"
      },
      {
        "Lat": 52.1863,
        "Lon": 21.0006,
        "Brigade": "042",
        "Time": "2017-05-15 14:10:03",
        "Lines": "17"
      },
      {
        "Lat": 52.1863,
        "Lon": 21.0006,
        "Brigade": "042",
        "Time": "2017-05-15 14:10:13",
        "Lines": "17"
      },
      {
        "Lat": 52.1863,
        "Lon": 21.0006,
        "Brigade": "042",
        "Time": "2017-05-15 14:10:24",
        "Lines": "17"
      },
      {
        "Lat": 52.1863,
        "Lon": 21.0006,
        "Brigade": "042",
        "Time": "2017-05-15 14:10:34",
        "Lines": "17"
      },
      {
        "Lat": 52.1863,
        "Lon": 21.0006,
        "Brigade": "042",
        "Time": "2017-05-15 14:10:45",
        "Lines": "17"
      },
      {
        "Lat": 52.1863,
        "Lon": 21.0006,
        "Brigade": "042",
        "Time": "2017-05-15 14:11:00",
        "Lines": "17"
      },
      {
        "Lat": 52.1863,
        "Lon": 21.0006,
        "Brigade": "042",
        "Time": "2017-05-15 14:11:11",
        "Lines": "17"
      },
      {
        "Lat": 52.1863,
        "Lon": 21.0006,
        "Brigade": "042",
        "Time": "2017-05-15 14:11:22",
        "Lines": "17"
      },
      {
        "Lat": 52.1863,
        "Lon": 21.0006,
        "Brigade": "042",
        "Time": "2017-05-15 14:11:32",
        "Lines": "17"
      },
      {
        "Lat": 52.1863,
        "Lon": 21.0006,
        "Brigade": "042",
        "Time": "2017-05-15 14:11:42",
        "Lines": "17"
      },
      {
        "Lat": 52.1863,
        "Lon": 21.0006,
        "Brigade": "042",
        "Time": "2017-05-15 14:11:53",
        "Lines": "17"
      },
      {
        "Lat": 52.1863,
        "Lon": 21.0006,
        "Brigade": "042",
        "Time": "2017-05-15 14:12:04",
        "Lines": "17"
      },
      {
        "Lat": 52.1863,
        "Lon": 21.0006,
        "Brigade": "042",
        "Time": "2017-05-15 14:12:14",
        "Lines": "17"
      },
      {
        "Lat": 52.1863,
        "Lon": 21.0006,
        "Brigade": "042",
        "Time": "2017-05-15 14:12:25",
        "Lines": "17"
      },
      {
        "Lat": 52.1863,
        "Lon": 21.0006,
        "Brigade": "042",
        "Time": "2017-05-15 14:12:35",
        "Lines": "17"
      },
      {
        "Lat": 52.1863,
        "Lon": 21.0006,
        "Brigade": "042",
        "Time": "2017-05-15 14:12:51",
        "Lines": "17"
      },
      {
        "Lat": 52.1863,
        "Lon": 21.0006,
        "Brigade": "042",
        "Time": "2017-05-15 14:13:01",
        "Lines": "17"
      },
      {
        "Lat": 52.1863,
        "Lon": 21.0006,
        "Brigade": "042",
        "Time": "2017-05-15 14:13:12",
        "Lines": "17"
      },
      {
        "Lat": 52.1863,
        "Lon": 21.0006,
        "Brigade": "042",
        "Time": "2017-05-15 14:13:23",
        "Lines": "17"
      },
      {
        "Lat": 52.1863,
        "Lon": 21.0006,
        "Brigade": "042",
        "Time": "2017-05-15 14:13:33",
        "Lines": "17"
      },
      {
        "Lat": 52.1861,
        "Lon": 21.0006,
        "Brigade": "042",
        "Time": "2017-05-15 14:13:43",
        "Lines": "17"
      },
      {
        "Lat": 52.186,
        "Lon": 21.0005,
        "Brigade": "042",
        "Time": "2017-05-15 14:13:54",
        "Lines": "17"
      },
      {
        "Lat": 52.186,
        "Lon": 21.0005,
        "Brigade": "042",
        "Time": "2017-05-15 14:14:04",
        "Lines": "17"
      },
      {
        "Lat": 52.1858,
        "Lon": 20.9998,
        "Brigade": "042",
        "Time": "2017-05-15 14:15:23",
        "Lines": "17"
      },
      {
        "Lat": 52.1876,
        "Lon": 20.9992,
        "Brigade": "042",
        "Time": "2017-05-15 14:18:11",
        "Lines": "17"
      },
      {
        "Lat": 52.1876,
        "Lon": 20.9992,
        "Brigade": "042",
        "Time": "2017-05-15 14:19:24",
        "Lines": "17"
      },
      {
        "Lat": 52.1876,
        "Lon": 20.9992,
        "Brigade": "042",
        "Time": "2017-05-15 14:19:34",
        "Lines": "17"
      },
      {
        "Lat": 52.1876,
        "Lon": 20.9992,
        "Brigade": "042",
        "Time": "2017-05-15 14:19:45",
        "Lines": "17"
      },
      {
        "Lat": 52.1876,
        "Lon": 20.9992,
        "Brigade": "042",
        "Time": "2017-05-15 14:20:01",
        "Lines": "17"
      },
      {
        "Lat": 52.1876,
        "Lon": 20.9992,
        "Brigade": "042",
        "Time": "2017-05-15 14:20:11",
        "Lines": "17"
      },
      {
        "Lat": 52.1876,
        "Lon": 20.9992,
        "Brigade": "042",
        "Time": "2017-05-15 14:20:22",
        "Lines": "17"
      },
      {
        "Lat": 52.1876,
        "Lon": 20.9992,
        "Brigade": "042",
        "Time": "2017-05-15 14:20:32",
        "Lines": "17"
      },
      {
        "Lat": 52.1876,
        "Lon": 20.9992,
        "Brigade": "042",
        "Time": "2017-05-15 14:20:42",
        "Lines": "17"
      },
      {
        "Lat": 52.1876,
        "Lon": 20.9992,
        "Brigade": "042",
        "Time": "2017-05-15 14:20:53",
        "Lines": "17"
      },
      {
        "Lat": 52.1876,
        "Lon": 20.9992,
        "Brigade": "042",
        "Time": "2017-05-15 14:21:04",
        "Lines": "17"
      },
      {
        "Lat": 52.1876,
        "Lon": 20.9992,
        "Brigade": "042",
        "Time": "2017-05-15 14:21:14",
        "Lines": "17"
      },
      {
        "Lat": 52.1876,
        "Lon": 20.9992,
        "Brigade": "042",
        "Time": "2017-05-15 14:21:27",
        "Lines": "17"
      },
      {
        "Lat": 52.1876,
        "Lon": 20.9992,
        "Brigade": "042",
        "Time": "2017-05-15 14:21:30",
        "Lines": "17"
      },
      {
        "Lat": 52.1876,
        "Lon": 20.9992,
        "Brigade": "042",
        "Time": "2017-05-15 14:21:51",
        "Lines": "17"
      },
      {
        "Lat": 52.1876,
        "Lon": 20.9992,
        "Brigade": "042",
        "Time": "2017-05-15 14:22:01",
        "Lines": "17"
      },
      {
        "Lat": 52.1876,
        "Lon": 20.9992,
        "Brigade": "042",
        "Time": "2017-05-15 14:22:12",
        "Lines": "17"
      },
      {
        "Lat": 52.1876,
        "Lon": 20.9992,
        "Brigade": "042",
        "Time": "2017-05-15 14:22:22",
        "Lines": "17"
      },
      {
        "Lat": 52.1876,
        "Lon": 20.9992,
        "Brigade": "042",
        "Time": "2017-05-15 14:22:33",
        "Lines": "17"
      },
      {
        "Lat": 52.1876,
        "Lon": 20.9992,
        "Brigade": "042",
        "Time": "2017-05-15 14:22:43",
        "Lines": "17"
      },
      {
        "Lat": 52.1876,
        "Lon": 20.9992,
        "Brigade": "042",
        "Time": "2017-05-15 14:22:48",
        "Lines": "17"
      },
      {
        "Lat": 52.188,
        "Lon": 20.9994,
        "Brigade": "042",
        "Time": "2017-05-15 14:23:04",
        "Lines": "17"
      },
      {
        "Lat": 52.1883,
        "Lon": 20.9997,
        "Brigade": "042",
        "Time": "2017-05-15 14:23:15",
        "Lines": "17"
      },
      {
        "Lat": 52.1885,
        "Lon": 20.9999,
        "Brigade": "042",
        "Time": "2017-05-15 14:23:26",
        "Lines": "17"
      },
      {
        "Lat": 52.1889,
        "Lon": 21.0099,
        "Brigade": "042",
        "Time": "2017-05-15 14:27:53",
        "Lines": "17"
      },
      {
        "Lat": 52.2074,
        "Lon": 21.0222,
        "Brigade": "042",
        "Time": "2017-05-15 14:39:46",
        "Lines": "17"
      },
      {
        "Lat": 52.2074,
        "Lon": 21.0222,
        "Brigade": "042",
        "Time": "2017-05-15 14:39:56",
        "Lines": "17"
      }
    ]
  }
]
