[
  {
    "res": [
      {
        "Brigade": "11",
        "Time": "2017-05-14 07:29:22",
        "Lines": "116",
        "Lon": 21.1169,
        "Lat": 52.2337
      },
      {
        "Brigade": "11",
        "Time": "2017-05-14 07:29:37",
        "Lines": "116",
        "Lon": 21.1169,
        "Lat": 52.2337
      },
      {
        "Brigade": "11",
        "Time": "2017-05-14 07:29:46",
        "Lines": "116",
        "Lon": 21.1169,
        "Lat": 52.2337
      },
      {
        "Brigade": "11",
        "Time": "2017-05-14 07:29:56",
        "Lines": "116",
        "Lon": 21.1169,
        "Lat": 52.2337
      },
      {
        "Brigade": "11",
        "Time": "2017-05-14 07:30:07",
        "Lines": "116",
        "Lon": 21.1169,
        "Lat": 52.2337
      },
      {
        "Brigade": "11",
        "Time": "2017-05-14 07:30:21",
        "Lines": "116",
        "Lon": 21.1169,
        "Lat": 52.2337
      },
      {
        "Brigade": "11",
        "Time": "2017-05-14 07:30:31",
        "Lines": "116",
        "Lon": 21.1169,
        "Lat": 52.2337
      },
      {
        "Brigade": "11",
        "Time": "2017-05-14 07:30:41",
        "Lines": "116",
        "Lon": 21.1169,
        "Lat": 52.2337
      },
      {
        "Brigade": "11",
        "Time": "2017-05-14 07:30:52",
        "Lines": "116",
        "Lon": 21.1169,
        "Lat": 52.2337
      },
      {
        "Brigade": "11",
        "Time": "2017-05-14 07:31:01",
        "Lines": "116",
        "Lon": 21.1169,
        "Lat": 52.2337
      },
      {
        "Brigade": "11",
        "Time": "2017-05-14 07:31:17",
        "Lines": "116",
        "Lon": 21.1169,
        "Lat": 52.2337
      },
      {
        "Brigade": "11",
        "Time": "2017-05-14 07:31:28",
        "Lines": "116",
        "Lon": 21.1169,
        "Lat": 52.2337
      },
      {
        "Brigade": "11",
        "Time": "2017-05-14 07:31:37",
        "Lines": "116",
        "Lon": 21.1169,
        "Lat": 52.2337
      },
      {
        "Brigade": "11",
        "Time": "2017-05-14 07:31:47",
        "Lines": "116",
        "Lon": 21.1169,
        "Lat": 52.2337
      },
      {
        "Brigade": "11",
        "Time": "2017-05-14 07:31:56",
        "Lines": "116",
        "Lon": 21.1169,
        "Lat": 52.2337
      },
      {
        "Brigade": "11",
        "Time": "2017-05-14 07:32:12",
        "Lines": "116",
        "Lon": 21.1169,
        "Lat": 52.2337
      },
      {
        "Brigade": "11",
        "Time": "2017-05-14 07:32:22",
        "Lines": "116",
        "Lon": 21.1169,
        "Lat": 52.2337
      },
      {
        "Brigade": "11",
        "Time": "2017-05-14 07:32:32",
        "Lines": "116",
        "Lon": 21.1169,
        "Lat": 52.2337
      },
      {
        "Brigade": "11",
        "Time": "2017-05-14 07:32:41",
        "Lines": "116",
        "Lon": 21.1169,
        "Lat": 52.2337
      },
      {
        "Brigade": "11",
        "Time": "2017-05-14 07:32:55",
        "Lines": "116",
        "Lon": 21.1169,
        "Lat": 52.2337
      },
      {
        "Brigade": "11",
        "Time": "2017-05-14 07:33:06",
        "Lines": "116",
        "Lon": 21.1169,
        "Lat": 52.2337
      },
      {
        "Brigade": "11",
        "Time": "2017-05-14 07:33:16",
        "Lines": "116",
        "Lon": 21.1171,
        "Lat": 52.2337
      },
      {
        "Brigade": "11",
        "Time": "2017-05-14 07:33:26",
        "Lines": "116",
        "Lon": 21.1178,
        "Lat": 52.2337
      },
      {
        "Brigade": "11",
        "Time": "2017-05-14 07:33:37",
        "Lines": "116",
        "Lon": 21.1178,
        "Lat": 52.2335
      },
      {
        "Brigade": "11",
        "Time": "2017-05-14 07:33:46",
        "Lines": "116",
        "Lon": 21.1178,
        "Lat": 52.2334
      },
      {
        "Brigade": "11",
        "Time": "2017-05-14 07:34:02",
        "Lines": "116",
        "Lon": 21.1178,
        "Lat": 52.2334
      },
      {
        "Brigade": "11",
        "Time": "2017-05-14 07:34:12",
        "Lines": "116",
        "Lon": 21.1178,
        "Lat": 52.2334
      },
      {
        "Brigade": "11",
        "Time": "2017-05-14 07:34:22",
        "Lines": "116",
        "Lon": 21.1178,
        "Lat": 52.2334
      },
      {
        "Brigade": "11",
        "Time": "2017-05-14 07:34:31",
        "Lines": "116",
        "Lon": 21.1178,
        "Lat": 52.2333
      },
      {
        "Brigade": "11",
        "Time": "2017-05-14 07:34:42",
        "Lines": "116",
        "Lon": 21.1178,
        "Lat": 52.2333
      },
      {
        "Brigade": "11",
        "Time": "2017-05-14 07:34:51",
        "Lines": "116",
        "Lon": 21.1178,
        "Lat": 52.2333
      },
      {
        "Brigade": "11",
        "Time": "2017-05-14 07:35:07",
        "Lines": "116",
        "Lon": 21.1178,
        "Lat": 52.2334
      },
      {
        "Brigade": "11",
        "Time": "2017-05-14 07:35:17",
        "Lines": "116",
        "Lon": 21.1178,
        "Lat": 52.2334
      },
      {
        "Brigade": "11",
        "Time": "2017-05-14 07:35:27",
        "Lines": "116",
        "Lon": 21.1178,
        "Lat": 52.2334
      },
      {
        "Brigade": "11",
        "Time": "2017-05-14 07:35:37",
        "Lines": "116",
        "Lon": 21.1178,
        "Lat": 52.2334
      },
      {
        "Brigade": "11",
        "Time": "2017-05-14 07:35:52",
        "Lines": "116",
        "Lon": 21.1178,
        "Lat": 52.2334
      },
      {
        "Brigade": "11",
        "Time": "2017-05-14 07:36:02",
        "Lines": "116",
        "Lon": 21.1178,
        "Lat": 52.2334
      },
      {
        "Brigade": "11",
        "Time": "2017-05-14 07:36:12",
        "Lines": "116",
        "Lon": 21.1178,
        "Lat": 52.2334
      },
      {
        "Brigade": "11",
        "Time": "2017-05-14 07:36:22",
        "Lines": "116",
        "Lon": 21.1178,
        "Lat": 52.2334
      },
      {
        "Brigade": "11",
        "Time": "2017-05-14 07:36:31",
        "Lines": "116",
        "Lon": 21.1178,
        "Lat": 52.2334
      },
      {
        "Brigade": "11",
        "Time": "2017-05-14 07:36:46",
        "Lines": "116",
        "Lon": 21.1178,
        "Lat": 52.2334
      },
      {
        "Brigade": "11",
        "Time": "2017-05-14 07:36:56",
        "Lines": "116",
        "Lon": 21.1178,
        "Lat": 52.2334
      },
      {
        "Brigade": "11",
        "Time": "2017-05-14 07:37:06",
        "Lines": "116",
        "Lon": 21.1178,
        "Lat": 52.2334
      },
      {
        "Brigade": "11",
        "Time": "2017-05-14 07:37:16",
        "Lines": "116",
        "Lon": 21.1178,
        "Lat": 52.2334
      },
      {
        "Brigade": "11",
        "Time": "2017-05-14 07:37:26",
        "Lines": "116",
        "Lon": 21.1178,
        "Lat": 52.2334
      },
      {
        "Brigade": "11",
        "Time": "2017-05-14 07:37:41",
        "Lines": "116",
        "Lon": 21.1178,
        "Lat": 52.2334
      },
      {
        "Brigade": "11",
        "Time": "2017-05-14 07:37:51",
        "Lines": "116",
        "Lon": 21.1178,
        "Lat": 52.2333
      },
      {
        "Brigade": "11",
        "Time": "2017-05-14 07:38:01",
        "Lines": "116",
        "Lon": 21.1178,
        "Lat": 52.2333
      },
      {
        "Brigade": "11",
        "Time": "2017-05-14 07:38:11",
        "Lines": "116",
        "Lon": 21.1178,
        "Lat": 52.2333
      },
      {
        "Brigade": "11",
        "Time": "2017-05-14 07:38:22",
        "Lines": "116",
        "Lon": 21.1178,
        "Lat": 52.2333
      },
      {
        "Brigade": "11",
        "Time": "2017-05-14 07:38:36",
        "Lines": "116",
        "Lon": 21.1178,
        "Lat": 52.2334
      },
      {
        "Brigade": "11",
        "Time": "2017-05-14 07:38:46",
        "Lines": "116",
        "Lon": 21.1178,
        "Lat": 52.2334
      },
      {
        "Brigade": "11",
        "Time": "2017-05-14 07:38:57",
        "Lines": "116",
        "Lon": 21.1178,
        "Lat": 52.2334
      },
      {
        "Brigade": "11",
        "Time": "2017-05-14 07:39:06",
        "Lines": "116",
        "Lon": 21.1178,
        "Lat": 52.2334
      },
      {
        "Brigade": "11",
        "Time": "2017-05-14 07:39:16",
        "Lines": "116",
        "Lon": 21.1178,
        "Lat": 52.2334
      },
      {
        "Brigade": "11",
        "Time": "2017-05-14 07:39:31",
        "Lines": "116",
        "Lon": 21.1178,
        "Lat": 52.2334
      },
      {
        "Brigade": "11",
        "Time": "2017-05-14 07:39:41",
        "Lines": "116",
        "Lon": 21.1178,
        "Lat": 52.2334
      },
      {
        "Brigade": "11",
        "Time": "2017-05-14 07:39:52",
        "Lines": "116",
        "Lon": 21.1178,
        "Lat": 52.2334
      },
      {
        "Brigade": "11",
        "Time": "2017-05-14 07:39:56",
        "Lines": "116",
        "Lon": 21.1178,
        "Lat": 52.2334
      },
      {
        "Brigade": "11",
        "Time": "2017-05-14 07:40:11",
        "Lines": "116",
        "Lon": 21.1178,
        "Lat": 52.2334
      },
      {
        "Brigade": "11",
        "Time": "2017-05-14 07:40:21",
        "Lines": "116",
        "Lon": 21.1178,
        "Lat": 52.2334
      },
      {
        "Brigade": "11",
        "Time": "2017-05-14 07:40:37",
        "Lines": "116",
        "Lon": 21.1178,
        "Lat": 52.2334
      },
      {
        "Brigade": "11",
        "Time": "2017-05-14 07:40:46",
        "Lines": "116",
        "Lon": 21.1178,
        "Lat": 52.2334
      },
      {
        "Brigade": "11",
        "Time": "2017-05-14 07:40:56",
        "Lines": "116",
        "Lon": 21.1178,
        "Lat": 52.2334
      },
      {
        "Brigade": "11",
        "Time": "2017-05-14 07:41:07",
        "Lines": "116",
        "Lon": 21.1178,
        "Lat": 52.2334
      },
      {
        "Brigade": "11",
        "Time": "2017-05-14 07:41:21",
        "Lines": "116",
        "Lon": 21.1178,
        "Lat": 52.2334
      },
      {
        "Brigade": "11",
        "Time": "2017-05-14 07:41:31",
        "Lines": "116",
        "Lon": 21.1178,
        "Lat": 52.2334
      },
      {
        "Brigade": "11",
        "Time": "2017-05-14 07:41:41",
        "Lines": "116",
        "Lon": 21.1178,
        "Lat": 52.2334
      },
      {
        "Brigade": "11",
        "Time": "2017-05-14 07:41:51",
        "Lines": "116",
        "Lon": 21.1178,
        "Lat": 52.2334
      },
      {
        "Brigade": "11",
        "Time": "2017-05-14 07:42:01",
        "Lines": "116",
        "Lon": 21.1178,
        "Lat": 52.2334
      },
      {
        "Brigade": "11",
        "Time": "2017-05-14 07:42:11",
        "Lines": "116",
        "Lon": 21.1178,
        "Lat": 52.2334
      },
      {
        "Brigade": "11",
        "Time": "2017-05-14 07:42:27",
        "Lines": "116",
        "Lon": 21.1178,
        "Lat": 52.2334
      },
      {
        "Brigade": "11",
        "Time": "2017-05-14 07:42:36",
        "Lines": "116",
        "Lon": 21.1178,
        "Lat": 52.2334
      },
      {
        "Brigade": "11",
        "Time": "2017-05-14 07:42:47",
        "Lines": "116",
        "Lon": 21.1178,
        "Lat": 52.2334
      },
      {
        "Brigade": "11",
        "Time": "2017-05-14 07:42:57",
        "Lines": "116",
        "Lon": 21.1178,
        "Lat": 52.2334
      },
      {
        "Brigade": "11",
        "Time": "2017-05-14 07:43:12",
        "Lines": "116",
        "Lon": 21.1178,
        "Lat": 52.2334
      },
      {
        "Brigade": "11",
        "Time": "2017-05-14 07:43:21",
        "Lines": "116",
        "Lon": 21.1178,
        "Lat": 52.2334
      },
      {
        "Brigade": "11",
        "Time": "2017-05-14 07:43:31",
        "Lines": "116",
        "Lon": 21.1178,
        "Lat": 52.2334
      },
      {
        "Brigade": "11",
        "Time": "2017-05-14 07:43:46",
        "Lines": "116",
        "Lon": 21.1178,
        "Lat": 52.2333
      },
      {
        "Brigade": "11",
        "Time": "2017-05-14 07:43:56",
        "Lines": "116",
        "Lon": 21.1177,
        "Lat": 52.2331
      },
      {
        "Brigade": "11",
        "Time": "2017-05-14 07:44:06",
        "Lines": "116",
        "Lon": 21.1177,
        "Lat": 52.233
      },
      {
        "Brigade": "11",
        "Time": "2017-05-14 07:44:16",
        "Lines": "116",
        "Lon": 21.1177,
        "Lat": 52.233
      },
      {
        "Brigade": "11",
        "Time": "2017-05-14 07:44:27",
        "Lines": "116",
        "Lon": 21.1177,
        "Lat": 52.233
      },
      {
        "Brigade": "11",
        "Time": "2017-05-14 07:44:36",
        "Lines": "116",
        "Lon": 21.1175,
        "Lat": 52.2328
      },
      {
        "Brigade": "11",
        "Time": "2017-05-14 07:44:51",
        "Lines": "116",
        "Lon": 21.1158,
        "Lat": 52.2328
      },
      {
        "Brigade": "11",
        "Time": "2017-05-14 07:44:56",
        "Lines": "116",
        "Lon": 21.115,
        "Lat": 52.2329
      },
      {
        "Brigade": "11",
        "Time": "2017-05-14 07:45:11",
        "Lines": "116",
        "Lon": 21.1119,
        "Lat": 52.2333
      },
      {
        "Brigade": "11",
        "Time": "2017-05-14 07:45:21",
        "Lines": "116",
        "Lon": 21.1096,
        "Lat": 52.2335
      },
      {
        "Brigade": "11",
        "Time": "2017-05-14 07:45:31",
        "Lines": "116",
        "Lon": 21.1074,
        "Lat": 52.2338
      },
      {
        "Brigade": "11",
        "Time": "2017-05-14 07:45:46",
        "Lines": "116",
        "Lon": 21.1041,
        "Lat": 52.2341
      },
      {
        "Brigade": "11",
        "Time": "2017-05-14 07:45:56",
        "Lines": "116",
        "Lon": 21.1019,
        "Lat": 52.2344
      },
      {
        "Brigade": "11",
        "Time": "2017-05-14 07:46:06",
        "Lines": "116",
        "Lon": 21.0998,
        "Lat": 52.2346
      },
      {
        "Brigade": "11",
        "Time": "2017-05-14 07:46:16",
        "Lines": "116",
        "Lon": 21.0984,
        "Lat": 52.2347
      },
      {
        "Brigade": "11",
        "Time": "2017-05-14 07:46:31",
        "Lines": "116",
        "Lon": 21.0983,
        "Lat": 52.2347
      },
      {
        "Brigade": "11",
        "Time": "2017-05-14 07:46:41",
        "Lines": "116",
        "Lon": 21.0981,
        "Lat": 52.2348
      },
      {
        "Brigade": "11",
        "Time": "2017-05-14 07:46:51",
        "Lines": "116",
        "Lon": 21.0974,
        "Lat": 52.2346
      },
      {
        "Brigade": "11",
        "Time": "2017-05-14 07:47:01",
        "Lines": "116",
        "Lon": 21.097,
        "Lat": 52.2338
      },
      {
        "Brigade": "11",
        "Time": "2017-05-14 07:47:11",
        "Lines": "116",
        "Lon": 21.0964,
        "Lat": 52.2328
      },
      {
        "Brigade": "11",
        "Time": "2017-05-14 07:47:21",
        "Lines": "116",
        "Lon": 21.0958,
        "Lat": 52.2315
      },
      {
        "Brigade": "11",
        "Time": "2017-05-14 07:47:36",
        "Lines": "116",
        "Lon": 21.0949,
        "Lat": 52.2298
      },
      {
        "Brigade": "11",
        "Time": "2017-05-14 07:47:46",
        "Lines": "116",
        "Lon": 21.0944,
        "Lat": 52.2288
      },
      {
        "Brigade": "11",
        "Time": "2017-05-14 07:47:57",
        "Lines": "116",
        "Lon": 21.0941,
        "Lat": 52.2282
      },
      {
        "Brigade": "11",
        "Time": "2017-05-14 07:48:06",
        "Lines": "116",
        "Lon": 21.094,
        "Lat": 52.2281
      },
      {
        "Brigade": "11",
        "Time": "2017-05-14 07:48:17",
        "Lines": "116",
        "Lon": 21.0937,
        "Lat": 52.2276
      },
      {
        "Brigade": "11",
        "Time": "2017-05-14 07:48:41",
        "Lines": "116",
        "Lon": 21.0927,
        "Lat": 52.2255
      },
      {
        "Brigade": "11",
        "Time": "2017-05-14 07:48:51",
        "Lines": "116",
        "Lon": 21.0927,
        "Lat": 52.2255
      },
      {
        "Brigade": "11",
        "Time": "2017-05-14 07:49:02",
        "Lines": "116",
        "Lon": 21.0927,
        "Lat": 52.2255
      },
      {
        "Brigade": "11",
        "Time": "2017-05-14 07:49:17",
        "Lines": "116",
        "Lon": 21.0927,
        "Lat": 52.2255
      },
      {
        "Brigade": "11",
        "Time": "2017-05-14 07:49:26",
        "Lines": "116",
        "Lon": 21.0925,
        "Lat": 52.2251
      },
      {
        "Brigade": "11",
        "Time": "2017-05-14 07:49:36",
        "Lines": "116",
        "Lon": 21.092,
        "Lat": 52.2241
      },
      {
        "Brigade": "11",
        "Time": "2017-05-14 07:49:46",
        "Lines": "116",
        "Lon": 21.0913,
        "Lat": 52.2229
      },
      {
        "Brigade": "11",
        "Time": "2017-05-14 07:49:56",
        "Lines": "116",
        "Lon": 21.0906,
        "Lat": 52.2216
      },
      {
        "Brigade": "11",
        "Time": "2017-05-14 07:50:11",
        "Lines": "116",
        "Lon": 21.0892,
        "Lat": 52.2205
      },
      {
        "Brigade": "11",
        "Time": "2017-05-14 07:50:21",
        "Lines": "116",
        "Lon": 21.0892,
        "Lat": 52.2204
      },
      {
        "Brigade": "11",
        "Time": "2017-05-14 07:50:31",
        "Lines": "116",
        "Lon": 21.0892,
        "Lat": 52.2204
      },
      {
        "Brigade": "11",
        "Time": "2017-05-14 07:50:41",
        "Lines": "116",
        "Lon": 21.0892,
        "Lat": 52.2204
      },
      {
        "Brigade": "11",
        "Time": "2017-05-14 07:50:51",
        "Lines": "116",
        "Lon": 21.0892,
        "Lat": 52.2204
      },
      {
        "Brigade": "11",
        "Time": "2017-05-14 07:51:01",
        "Lines": "116",
        "Lon": 21.0892,
        "Lat": 52.2204
      },
      {
        "Brigade": "11",
        "Time": "2017-05-14 07:51:16",
        "Lines": "116",
        "Lon": 21.0891,
        "Lat": 52.2202
      },
      {
        "Brigade": "11",
        "Time": "2017-05-14 07:51:26",
        "Lines": "116",
        "Lon": 21.0896,
        "Lat": 52.2198
      },
      {
        "Brigade": "11",
        "Time": "2017-05-14 07:51:36",
        "Lines": "116",
        "Lon": 21.0913,
        "Lat": 52.2194
      },
      {
        "Brigade": "11",
        "Time": "2017-05-14 07:51:46",
        "Lines": "116",
        "Lon": 21.0934,
        "Lat": 52.219
      },
      {
        "Brigade": "11",
        "Time": "2017-05-14 07:52:01",
        "Lines": "116",
        "Lon": 21.096,
        "Lat": 52.2176
      },
      {
        "Brigade": "11",
        "Time": "2017-05-14 07:52:11",
        "Lines": "116",
        "Lon": 21.096,
        "Lat": 52.2168
      },
      {
        "Brigade": "11",
        "Time": "2017-05-14 07:52:21",
        "Lines": "116",
        "Lon": 21.0948,
        "Lat": 52.216
      },
      {
        "Brigade": "11",
        "Time": "2017-05-14 07:52:36",
        "Lines": "116",
        "Lon": 21.0925,
        "Lat": 52.2145
      },
      {
        "Brigade": "11",
        "Time": "2017-05-14 07:52:46",
        "Lines": "116",
        "Lon": 21.0906,
        "Lat": 52.2133
      },
      {
        "Brigade": "11",
        "Time": "2017-05-14 07:52:56",
        "Lines": "116",
        "Lon": 21.0886,
        "Lat": 52.212
      },
      {
        "Brigade": "11",
        "Time": "2017-05-14 07:53:16",
        "Lines": "116",
        "Lon": 21.0853,
        "Lat": 52.2088
      },
      {
        "Brigade": "11",
        "Time": "2017-05-14 07:53:26",
        "Lines": "116",
        "Lon": 21.0842,
        "Lat": 52.2076
      },
      {
        "Brigade": "11",
        "Time": "2017-05-14 07:53:41",
        "Lines": "116",
        "Lon": 21.0814,
        "Lat": 52.2057
      },
      {
        "Brigade": "11",
        "Time": "2017-05-14 07:53:51",
        "Lines": "116",
        "Lon": 21.079,
        "Lat": 52.2047
      },
      {
        "Brigade": "11",
        "Time": "2017-05-14 07:54:01",
        "Lines": "116",
        "Lon": 21.0764,
        "Lat": 52.2041
      },
      {
        "Brigade": "11",
        "Time": "2017-05-14 07:54:11",
        "Lines": "116",
        "Lon": 21.0736,
        "Lat": 52.2038
      },
      {
        "Brigade": "11",
        "Time": "2017-05-14 07:54:26",
        "Lines": "116",
        "Lon": 21.0695,
        "Lat": 52.2032
      },
      {
        "Brigade": "11",
        "Time": "2017-05-14 07:54:36",
        "Lines": "116",
        "Lon": 21.0667,
        "Lat": 52.2029
      },
      {
        "Brigade": "11",
        "Time": "2017-05-14 07:54:46",
        "Lines": "116",
        "Lon": 21.064,
        "Lat": 52.2025
      },
      {
        "Brigade": "11",
        "Time": "2017-05-14 07:54:56",
        "Lines": "116",
        "Lon": 21.0612,
        "Lat": 52.2021
      },
      {
        "Brigade": "11",
        "Time": "2017-05-14 07:55:06",
        "Lines": "116",
        "Lon": 21.0587,
        "Lat": 52.2014
      },
      {
        "Brigade": "11",
        "Time": "2017-05-14 07:55:21",
        "Lines": "116",
        "Lon": 21.0552,
        "Lat": 52.2001
      },
      {
        "Brigade": "11",
        "Time": "2017-05-14 07:55:31",
        "Lines": "116",
        "Lon": 21.0532,
        "Lat": 52.1989
      },
      {
        "Brigade": "11",
        "Time": "2017-05-14 07:55:41",
        "Lines": "116",
        "Lon": 21.052,
        "Lat": 52.1979
      },
      {
        "Brigade": "11",
        "Time": "2017-05-14 07:55:51",
        "Lines": "116",
        "Lon": 21.0524,
        "Lat": 52.1967
      },
      {
        "Brigade": "11",
        "Time": "2017-05-14 07:56:06",
        "Lines": "116",
        "Lon": 21.0544,
        "Lat": 52.1947
      },
      {
        "Brigade": "11",
        "Time": "2017-05-14 07:56:16",
        "Lines": "116",
        "Lon": 21.0554,
        "Lat": 52.1938
      },
      {
        "Brigade": "11",
        "Time": "2017-05-14 07:56:26",
        "Lines": "116",
        "Lon": 21.0559,
        "Lat": 52.1934
      },
      {
        "Brigade": "11",
        "Time": "2017-05-14 07:56:36",
        "Lines": "116",
        "Lon": 21.0565,
        "Lat": 52.1929
      },
      {
        "Brigade": "11",
        "Time": "2017-05-14 07:56:46",
        "Lines": "116",
        "Lon": 21.0576,
        "Lat": 52.192
      },
      {
        "Brigade": "11",
        "Time": "2017-05-14 07:56:56",
        "Lines": "116",
        "Lon": 21.0589,
        "Lat": 52.1909
      },
      {
        "Brigade": "11",
        "Time": "2017-05-14 07:57:06",
        "Lines": "116",
        "Lon": 21.0604,
        "Lat": 52.1898
      },
      {
        "Brigade": "11",
        "Time": "2017-05-14 07:57:21",
        "Lines": "116",
        "Lon": 21.0623,
        "Lat": 52.1881
      },
      {
        "Brigade": "11",
        "Time": "2017-05-14 07:57:31",
        "Lines": "116",
        "Lon": 21.0632,
        "Lat": 52.1872
      },
      {
        "Brigade": "11",
        "Time": "2017-05-14 07:57:41",
        "Lines": "116",
        "Lon": 21.0635,
        "Lat": 52.187
      },
      {
        "Brigade": "11",
        "Time": "2017-05-14 07:57:51",
        "Lines": "116",
        "Lon": 21.0635,
        "Lat": 52.187
      },
      {
        "Brigade": "11",
        "Time": "2017-05-14 07:58:01",
        "Lines": "116",
        "Lon": 21.0635,
        "Lat": 52.187
      },
      {
        "Brigade": "11",
        "Time": "2017-05-14 07:58:16",
        "Lines": "116",
        "Lon": 21.0645,
        "Lat": 52.1861
      },
      {
        "Brigade": "11",
        "Time": "2017-05-14 07:58:26",
        "Lines": "116",
        "Lon": 21.0656,
        "Lat": 52.185
      },
      {
        "Brigade": "11",
        "Time": "2017-05-14 07:58:36",
        "Lines": "116",
        "Lon": 21.0669,
        "Lat": 52.1839
      },
      {
        "Brigade": "11",
        "Time": "2017-05-14 07:58:46",
        "Lines": "116",
        "Lon": 21.0679,
        "Lat": 52.1829
      },
      {
        "Brigade": "11",
        "Time": "2017-05-14 07:59:01",
        "Lines": "116",
        "Lon": 21.0689,
        "Lat": 52.1819
      },
      {
        "Brigade": "11",
        "Time": "2017-05-14 07:59:11",
        "Lines": "116",
        "Lon": 21.0696,
        "Lat": 52.1813
      },
      {
        "Brigade": "11",
        "Time": "2017-05-14 07:59:21",
        "Lines": "116",
        "Lon": 21.0705,
        "Lat": 52.1805
      },
      {
        "Brigade": "11",
        "Time": "2017-05-14 07:59:31",
        "Lines": "116",
        "Lon": 21.0713,
        "Lat": 52.1797
      },
      {
        "Brigade": "11",
        "Time": "2017-05-14 07:59:41",
        "Lines": "116",
        "Lon": 21.0715,
        "Lat": 52.1795
      },
      {
        "Brigade": "11",
        "Time": "2017-05-14 07:59:56",
        "Lines": "116",
        "Lon": 21.0721,
        "Lat": 52.179
      },
      {
        "Brigade": "11",
        "Time": "2017-05-14 08:00:26",
        "Lines": "116",
        "Lon": 21.0762,
        "Lat": 52.1762
      },
      {
        "Brigade": "11",
        "Time": "2017-05-14 08:00:36",
        "Lines": "116",
        "Lon": 21.0773,
        "Lat": 52.1755
      },
      {
        "Brigade": "11",
        "Time": "2017-05-14 08:00:41",
        "Lines": "116",
        "Lon": 21.0797,
        "Lat": 52.1731
      },
      {
        "Brigade": "11",
        "Time": "2017-05-14 08:00:46",
        "Lines": "116",
        "Lon": 21.0781,
        "Lat": 52.1747
      },
      {
        "Brigade": "11",
        "Time": "2017-05-14 08:00:56",
        "Lines": "116",
        "Lon": 21.0787,
        "Lat": 52.1741
      },
      {
        "Brigade": "11",
        "Time": "2017-05-14 08:01:06",
        "Lines": "116",
        "Lon": 21.0788,
        "Lat": 52.174
      },
      {
        "Brigade": "11",
        "Time": "2017-05-14 08:01:31",
        "Lines": "116",
        "Lon": 21.0806,
        "Lat": 52.1723
      },
      {
        "Brigade": "11",
        "Time": "2017-05-14 08:01:46",
        "Lines": "116",
        "Lon": 21.0816,
        "Lat": 52.1713
      },
      {
        "Brigade": "11",
        "Time": "2017-05-14 08:01:51",
        "Lines": "116",
        "Lon": 21.0821,
        "Lat": 52.1708
      },
      {
        "Brigade": "11",
        "Time": "2017-05-14 08:02:06",
        "Lines": "116",
        "Lon": 21.0833,
        "Lat": 52.1696
      },
      {
        "Brigade": "11",
        "Time": "2017-05-14 08:02:16",
        "Lines": "116",
        "Lon": 21.0839,
        "Lat": 52.169
      },
      {
        "Brigade": "11",
        "Time": "2017-05-14 08:02:31",
        "Lines": "116",
        "Lon": 21.084,
        "Lat": 52.1685
      },
      {
        "Brigade": "11",
        "Time": "2017-05-14 08:02:41",
        "Lines": "116",
        "Lon": 21.0838,
        "Lat": 52.1684
      },
      {
        "Brigade": "11",
        "Time": "2017-05-14 08:02:51",
        "Lines": "116",
        "Lon": 21.0838,
        "Lat": 52.1683
      },
      {
        "Brigade": "11",
        "Time": "2017-05-14 08:03:01",
        "Lines": "116",
        "Lon": 21.0838,
        "Lat": 52.1683
      },
      {
        "Brigade": "11",
        "Time": "2017-05-14 08:03:11",
        "Lines": "116",
        "Lon": 21.0838,
        "Lat": 52.1683
      },
      {
        "Brigade": "11",
        "Time": "2017-05-14 08:03:26",
        "Lines": "116",
        "Lon": 21.0838,
        "Lat": 52.1683
      },
      {
        "Brigade": "11",
        "Time": "2017-05-14 08:03:31",
        "Lines": "116",
        "Lon": 21.0838,
        "Lat": 52.1683
      },
      {
        "Brigade": "11",
        "Time": "2017-05-14 08:03:46",
        "Lines": "116",
        "Lon": 21.0838,
        "Lat": 52.1683
      },
      {
        "Brigade": "11",
        "Time": "2017-05-14 08:03:56",
        "Lines": "116",
        "Lon": 21.0838,
        "Lat": 52.1683
      },
      {
        "Brigade": "11",
        "Time": "2017-05-14 08:04:06",
        "Lines": "116",
        "Lon": 21.0838,
        "Lat": 52.1683
      },
      {
        "Brigade": "11",
        "Time": "2017-05-14 08:04:16",
        "Lines": "116",
        "Lon": 21.0838,
        "Lat": 52.1683
      },
      {
        "Brigade": "11",
        "Time": "2017-05-14 08:04:31",
        "Lines": "116",
        "Lon": 21.0838,
        "Lat": 52.1683
      },
      {
        "Brigade": "11",
        "Time": "2017-05-14 08:04:41",
        "Lines": "116",
        "Lon": 21.0838,
        "Lat": 52.1683
      },
      {
        "Brigade": "11",
        "Time": "2017-05-14 08:04:51",
        "Lines": "116",
        "Lon": 21.0838,
        "Lat": 52.1683
      },
      {
        "Brigade": "11",
        "Time": "2017-05-14 08:05:01",
        "Lines": "116",
        "Lon": 21.0838,
        "Lat": 52.1683
      },
      {
        "Brigade": "11",
        "Time": "2017-05-14 08:05:16",
        "Lines": "116",
        "Lon": 21.0838,
        "Lat": 52.1683
      },
      {
        "Brigade": "11",
        "Time": "2017-05-14 08:05:26",
        "Lines": "116",
        "Lon": 21.0838,
        "Lat": 52.1683
      },
      {
        "Brigade": "11",
        "Time": "2017-05-14 08:05:36",
        "Lines": "116",
        "Lon": 21.0838,
        "Lat": 52.1683
      },
      {
        "Brigade": "11",
        "Time": "2017-05-14 08:05:46",
        "Lines": "116",
        "Lon": 21.0838,
        "Lat": 52.1683
      },
      {
        "Brigade": "11",
        "Time": "2017-05-14 08:05:56",
        "Lines": "116",
        "Lon": 21.0838,
        "Lat": 52.1683
      },
      {
        "Brigade": "11",
        "Time": "2017-05-14 08:06:06",
        "Lines": "116",
        "Lon": 21.0838,
        "Lat": 52.1683
      },
      {
        "Brigade": "11",
        "Time": "2017-05-14 08:06:16",
        "Lines": "116",
        "Lon": 21.0839,
        "Lat": 52.1683
      },
      {
        "Brigade": "11",
        "Time": "2017-05-14 08:06:31",
        "Lines": "116",
        "Lon": 21.0838,
        "Lat": 52.1684
      },
      {
        "Brigade": "11",
        "Time": "2017-05-14 08:06:41",
        "Lines": "116",
        "Lon": 21.0839,
        "Lat": 52.1684
      },
      {
        "Brigade": "11",
        "Time": "2017-05-14 08:06:51",
        "Lines": "116",
        "Lon": 21.0838,
        "Lat": 52.1683
      },
      {
        "Brigade": "11",
        "Time": "2017-05-14 08:07:01",
        "Lines": "116",
        "Lon": 21.0838,
        "Lat": 52.1683
      },
      {
        "Brigade": "11",
        "Time": "2017-05-14 08:07:16",
        "Lines": "116",
        "Lon": 21.0838,
        "Lat": 52.1683
      },
      {
        "Brigade": "11",
        "Time": "2017-05-14 08:07:26",
        "Lines": "116",
        "Lon": 21.0838,
        "Lat": 52.1683
      },
      {
        "Brigade": "11",
        "Time": "2017-05-14 08:07:36",
        "Lines": "116",
        "Lon": 21.0838,
        "Lat": 52.1683
      },
      {
        "Brigade": "11",
        "Time": "2017-05-14 08:07:46",
        "Lines": "116",
        "Lon": 21.0838,
        "Lat": 52.1683
      },
      {
        "Brigade": "11",
        "Time": "2017-05-14 08:07:56",
        "Lines": "116",
        "Lon": 21.0838,
        "Lat": 52.1683
      },
      {
        "Brigade": "11",
        "Time": "2017-05-14 08:08:11",
        "Lines": "116",
        "Lon": 21.0838,
        "Lat": 52.1683
      },
      {
        "Brigade": "11",
        "Time": "2017-05-14 08:08:21",
        "Lines": "116",
        "Lon": 21.0838,
        "Lat": 52.1683
      },
      {
        "Brigade": "11",
        "Time": "2017-05-14 08:08:31",
        "Lines": "116",
        "Lon": 21.0838,
        "Lat": 52.1683
      },
      {
        "Brigade": "11",
        "Time": "2017-05-14 08:08:41",
        "Lines": "116",
        "Lon": 21.0838,
        "Lat": 52.1683
      },
      {
        "Brigade": "11",
        "Time": "2017-05-14 08:08:53",
        "Lines": "116",
        "Lon": 21.0838,
        "Lat": 52.1681
      },
      {
        "Brigade": "11",
        "Time": "2017-05-14 08:09:06",
        "Lines": "116",
        "Lon": 21.0839,
        "Lat": 52.1681
      },
      {
        "Brigade": "11",
        "Time": "2017-05-14 08:09:16",
        "Lines": "116",
        "Lon": 21.0839,
        "Lat": 52.1681
      },
      {
        "Brigade": "11",
        "Time": "2017-05-14 08:09:25",
        "Lines": "116",
        "Lon": 21.0839,
        "Lat": 52.1681
      },
      {
        "Brigade": "11",
        "Time": "2017-05-14 08:09:35",
        "Lines": "116",
        "Lon": 21.0839,
        "Lat": 52.1681
      },
      {
        "Brigade": "11",
        "Time": "2017-05-14 08:09:45",
        "Lines": "116",
        "Lon": 21.0839,
        "Lat": 52.168
      },
      {
        "Brigade": "11",
        "Time": "2017-05-14 08:09:55",
        "Lines": "116",
        "Lon": 21.0839,
        "Lat": 52.1681
      },
      {
        "Brigade": "11",
        "Time": "2017-05-14 08:10:10",
        "Lines": "116",
        "Lon": 21.0839,
        "Lat": 52.1681
      },
      {
        "Brigade": "11",
        "Time": "2017-05-14 08:10:20",
        "Lines": "116",
        "Lon": 21.0839,
        "Lat": 52.1681
      },
      {
        "Brigade": "11",
        "Time": "2017-05-14 08:10:30",
        "Lines": "116",
        "Lon": 21.0839,
        "Lat": 52.1681
      },
      {
        "Brigade": "11",
        "Time": "2017-05-14 08:10:45",
        "Lines": "116",
        "Lon": 21.0839,
        "Lat": 52.1681
      },
      {
        "Brigade": "11",
        "Time": "2017-05-14 08:10:50",
        "Lines": "116",
        "Lon": 21.0839,
        "Lat": 52.1681
      },
      {
        "Brigade": "11",
        "Time": "2017-05-14 08:11:22",
        "Lines": "116",
        "Lon": 21.084,
        "Lat": 52.1681
      },
      {
        "Brigade": "11",
        "Time": "2017-05-14 08:11:32",
        "Lines": "116",
        "Lon": 21.084,
        "Lat": 52.1681
      },
      {
        "Brigade": "11",
        "Time": "2017-05-14 08:11:42",
        "Lines": "116",
        "Lon": 21.084,
        "Lat": 52.1681
      },
      {
        "Brigade": "11",
        "Time": "2017-05-14 08:12:02",
        "Lines": "116",
        "Lon": 21.084,
        "Lat": 52.1681
      },
      {
        "Brigade": "11",
        "Time": "2017-05-14 08:12:12",
        "Lines": "116",
        "Lon": 21.084,
        "Lat": 52.1681
      },
      {
        "Brigade": "11",
        "Time": "2017-05-14 08:12:22",
        "Lines": "116",
        "Lon": 21.084,
        "Lat": 52.1681
      },
      {
        "Brigade": "11",
        "Time": "2017-05-14 08:12:33",
        "Lines": "116",
        "Lon": 21.084,
        "Lat": 52.1681
      },
      {
        "Brigade": "11",
        "Time": "2017-05-14 08:12:43",
        "Lines": "116",
        "Lon": 21.084,
        "Lat": 52.1681
      },
      {
        "Brigade": "11",
        "Time": "2017-05-14 08:12:53",
        "Lines": "116",
        "Lon": 21.084,
        "Lat": 52.1681
      },
      {
        "Brigade": "11",
        "Time": "2017-05-14 08:13:03",
        "Lines": "116",
        "Lon": 21.084,
        "Lat": 52.1681
      },
      {
        "Brigade": "11",
        "Time": "2017-05-14 08:13:13",
        "Lines": "116",
        "Lon": 21.084,
        "Lat": 52.1681
      },
      {
        "Brigade": "11",
        "Time": "2017-05-14 08:13:23",
        "Lines": "116",
        "Lon": 21.084,
        "Lat": 52.1681
      },
      {
        "Brigade": "11",
        "Time": "2017-05-14 08:13:33",
        "Lines": "116",
        "Lon": 21.084,
        "Lat": 52.1681
      },
      {
        "Brigade": "11",
        "Time": "2017-05-14 08:13:43",
        "Lines": "116",
        "Lon": 21.084,
        "Lat": 52.1681
      },
      {
        "Brigade": "11",
        "Time": "2017-05-14 08:14:03",
        "Lines": "116",
        "Lon": 21.084,
        "Lat": 52.1681
      },
      {
        "Brigade": "11",
        "Time": "2017-05-14 08:14:14",
        "Lines": "116",
        "Lon": 21.084,
        "Lat": 52.1681
      },
      {
        "Brigade": "11",
        "Time": "2017-05-14 08:14:24",
        "Lines": "116",
        "Lon": 21.084,
        "Lat": 52.1681
      },
      {
        "Brigade": "11",
        "Time": "2017-05-14 08:14:34",
        "Lines": "116",
        "Lon": 21.084,
        "Lat": 52.1681
      },
      {
        "Brigade": "11",
        "Time": "2017-05-14 08:14:44",
        "Lines": "116",
        "Lon": 21.084,
        "Lat": 52.1681
      },
      {
        "Brigade": "11",
        "Time": "2017-05-14 08:15:06",
        "Lines": "116",
        "Lon": 21.0838,
        "Lat": 52.168
      },
      {
        "Brigade": "11",
        "Time": "2017-05-14 08:15:21",
        "Lines": "116",
        "Lon": 21.0839,
        "Lat": 52.168
      },
      {
        "Brigade": "11",
        "Time": "2017-05-14 08:15:31",
        "Lines": "116",
        "Lon": 21.0839,
        "Lat": 52.168
      },
      {
        "Brigade": "11",
        "Time": "2017-05-14 08:15:41",
        "Lines": "116",
        "Lon": 21.0839,
        "Lat": 52.168
      },
      {
        "Brigade": "11",
        "Time": "2017-05-14 08:15:51",
        "Lines": "116",
        "Lon": 21.0839,
        "Lat": 52.168
      },
      {
        "Brigade": "11",
        "Time": "2017-05-14 08:15:55",
        "Lines": "116",
        "Lon": 21.0839,
        "Lat": 52.168
      },
      {
        "Brigade": "11",
        "Time": "2017-05-14 08:16:25",
        "Lines": "116",
        "Lon": 21.084,
        "Lat": 52.1681
      },
      {
        "Brigade": "11",
        "Time": "2017-05-14 08:16:35",
        "Lines": "116",
        "Lon": 21.084,
        "Lat": 52.1681
      },
      {
        "Brigade": "11",
        "Time": "2017-05-14 08:16:45",
        "Lines": "116",
        "Lon": 21.084,
        "Lat": 52.1681
      },
      {
        "Brigade": "11",
        "Time": "2017-05-14 08:16:55",
        "Lines": "116",
        "Lon": 21.084,
        "Lat": 52.168
      },
      {
        "Brigade": "11",
        "Time": "2017-05-14 08:17:05",
        "Lines": "116",
        "Lon": 21.084,
        "Lat": 52.168
      },
      {
        "Brigade": "11",
        "Time": "2017-05-14 08:17:15",
        "Lines": "116",
        "Lon": 21.084,
        "Lat": 52.168
      },
      {
        "Brigade": "11",
        "Time": "2017-05-14 08:17:25",
        "Lines": "116",
        "Lon": 21.084,
        "Lat": 52.168
      },
      {
        "Brigade": "11",
        "Time": "2017-05-14 08:17:35",
        "Lines": "116",
        "Lon": 21.084,
        "Lat": 52.168
      }
    ]
  }
]
