[
  {
    "res": [
      {
        "Brigade": "1",
        "Time": "2017-05-14 00:47:28",
        "Lines": "121",
        "Lon": 20.9207,
        "Lat": 52.1967
      },
      {
        "Brigade": "1",
        "Time": "2017-05-14 06:45:18",
        "Lines": "121",
        "Lon": 20.9207,
        "Lat": 52.1967
      },
      {
        "Brigade": "1",
        "Time": "2017-05-14 06:45:35",
        "Lines": "121",
        "Lon": 20.9207,
        "Lat": 52.1967
      },
      {
        "Brigade": "1",
        "Time": "2017-05-14 06:45:51",
        "Lines": "121",
        "Lon": 20.9207,
        "Lat": 52.1967
      },
      {
        "Brigade": "1",
        "Time": "2017-05-14 06:46:07",
        "Lines": "121",
        "Lon": 20.9207,
        "Lat": 52.1967
      },
      {
        "Brigade": "1",
        "Time": "2017-05-14 06:46:22",
        "Lines": "121",
        "Lon": 20.9207,
        "Lat": 52.1967
      },
      {
        "Brigade": "1",
        "Time": "2017-05-14 06:46:38",
        "Lines": "121",
        "Lon": 20.9207,
        "Lat": 52.1967
      },
      {
        "Brigade": "1",
        "Time": "2017-05-14 06:47:09",
        "Lines": "121",
        "Lon": 20.9207,
        "Lat": 52.1967
      },
      {
        "Brigade": "1",
        "Time": "2017-05-14 06:47:25",
        "Lines": "121",
        "Lon": 20.9207,
        "Lat": 52.1967
      },
      {
        "Brigade": "1",
        "Time": "2017-05-14 06:47:40",
        "Lines": "121",
        "Lon": 20.9207,
        "Lat": 52.1967
      },
      {
        "Brigade": "1",
        "Time": "2017-05-14 06:47:56",
        "Lines": "121",
        "Lon": 20.9207,
        "Lat": 52.1967
      },
      {
        "Brigade": "1",
        "Time": "2017-05-14 06:48:11",
        "Lines": "121",
        "Lon": 20.9207,
        "Lat": 52.1967
      },
      {
        "Brigade": "1",
        "Time": "2017-05-14 06:48:27",
        "Lines": "121",
        "Lon": 20.9207,
        "Lat": 52.1967
      },
      {
        "Brigade": "1",
        "Time": "2017-05-14 06:48:42",
        "Lines": "121",
        "Lon": 20.9207,
        "Lat": 52.1967
      },
      {
        "Brigade": "1",
        "Time": "2017-05-14 06:48:58",
        "Lines": "121",
        "Lon": 20.9207,
        "Lat": 52.1967
      },
      {
        "Brigade": "1",
        "Time": "2017-05-14 06:49:45",
        "Lines": "121",
        "Lon": 20.9207,
        "Lat": 52.1967
      },
      {
        "Brigade": "1",
        "Time": "2017-05-14 06:49:46",
        "Lines": "121",
        "Lon": 20.9196,
        "Lat": 52.1985
      },
      {
        "Brigade": "1",
        "Time": "2017-05-14 06:50:16",
        "Lines": "121",
        "Lon": 20.9207,
        "Lat": 52.1967
      },
      {
        "Brigade": "1",
        "Time": "2017-05-14 06:50:32",
        "Lines": "121",
        "Lon": 20.9211,
        "Lat": 52.1966
      },
      {
        "Brigade": "1",
        "Time": "2017-05-14 06:50:47",
        "Lines": "121",
        "Lon": 20.9222,
        "Lat": 52.1963
      },
      {
        "Brigade": "1",
        "Time": "2017-05-14 06:51:03",
        "Lines": "121",
        "Lon": 20.9223,
        "Lat": 52.1968
      },
      {
        "Brigade": "1",
        "Time": "2017-05-14 06:51:18",
        "Lines": "121",
        "Lon": 20.9212,
        "Lat": 52.197
      },
      {
        "Brigade": "1",
        "Time": "2017-05-14 06:51:40",
        "Lines": "121",
        "Lon": 20.9205,
        "Lat": 52.1972
      },
      {
        "Brigade": "1",
        "Time": "2017-05-14 06:51:56",
        "Lines": "121",
        "Lon": 20.9205,
        "Lat": 52.1972
      },
      {
        "Brigade": "1",
        "Time": "2017-05-14 06:52:12",
        "Lines": "121",
        "Lon": 20.9205,
        "Lat": 52.1972
      },
      {
        "Brigade": "1",
        "Time": "2017-05-14 06:52:27",
        "Lines": "121",
        "Lon": 20.9205,
        "Lat": 52.1972
      },
      {
        "Brigade": "1",
        "Time": "2017-05-14 06:52:43",
        "Lines": "121",
        "Lon": 20.9205,
        "Lat": 52.1972
      },
      {
        "Brigade": "1",
        "Time": "2017-05-14 06:53:15",
        "Lines": "121",
        "Lon": 20.9205,
        "Lat": 52.1972
      },
      {
        "Brigade": "1",
        "Time": "2017-05-14 06:53:31",
        "Lines": "121",
        "Lon": 20.9205,
        "Lat": 52.1972
      },
      {
        "Brigade": "1",
        "Time": "2017-05-14 06:53:46",
        "Lines": "121",
        "Lon": 20.9205,
        "Lat": 52.1972
      },
      {
        "Brigade": "1",
        "Time": "2017-05-14 06:54:02",
        "Lines": "121",
        "Lon": 20.9205,
        "Lat": 52.1972
      },
      {
        "Brigade": "1",
        "Time": "2017-05-14 06:54:17",
        "Lines": "121",
        "Lon": 20.9205,
        "Lat": 52.1972
      },
      {
        "Brigade": "1",
        "Time": "2017-05-14 06:54:33",
        "Lines": "121",
        "Lon": 20.9205,
        "Lat": 52.1972
      },
      {
        "Brigade": "1",
        "Time": "2017-05-14 06:54:48",
        "Lines": "121",
        "Lon": 20.9205,
        "Lat": 52.1972
      },
      {
        "Brigade": "1",
        "Time": "2017-05-14 06:55:21",
        "Lines": "121",
        "Lon": 20.9205,
        "Lat": 52.1972
      },
      {
        "Brigade": "1",
        "Time": "2017-05-14 06:55:36",
        "Lines": "121",
        "Lon": 20.9205,
        "Lat": 52.1972
      },
      {
        "Brigade": "1",
        "Time": "2017-05-14 06:56:08",
        "Lines": "121",
        "Lon": 20.9205,
        "Lat": 52.1972
      },
      {
        "Brigade": "1",
        "Time": "2017-05-14 06:56:23",
        "Lines": "121",
        "Lon": 20.9205,
        "Lat": 52.1972
      },
      {
        "Brigade": "1",
        "Time": "2017-05-14 06:56:39",
        "Lines": "121",
        "Lon": 20.9204,
        "Lat": 52.1972
      },
      {
        "Brigade": "1",
        "Time": "2017-05-14 06:56:55",
        "Lines": "121",
        "Lon": 20.9203,
        "Lat": 52.1973
      },
      {
        "Brigade": "1",
        "Time": "2017-05-14 06:57:10",
        "Lines": "121",
        "Lon": 20.9203,
        "Lat": 52.1973
      },
      {
        "Brigade": "1",
        "Time": "2017-05-14 06:57:26",
        "Lines": "121",
        "Lon": 20.9203,
        "Lat": 52.1973
      },
      {
        "Brigade": "1",
        "Time": "2017-05-14 06:57:41",
        "Lines": "121",
        "Lon": 20.9203,
        "Lat": 52.1973
      },
      {
        "Brigade": "1",
        "Time": "2017-05-14 06:57:56",
        "Lines": "121",
        "Lon": 20.9203,
        "Lat": 52.1973
      },
      {
        "Brigade": "1",
        "Time": "2017-05-14 06:58:12",
        "Lines": "121",
        "Lon": 20.9203,
        "Lat": 52.1973
      },
      {
        "Brigade": "1",
        "Time": "2017-05-14 06:58:27",
        "Lines": "121",
        "Lon": 20.9203,
        "Lat": 52.1973
      },
      {
        "Brigade": "1",
        "Time": "2017-05-14 06:58:42",
        "Lines": "121",
        "Lon": 20.92,
        "Lat": 52.1973
      },
      {
        "Brigade": "1",
        "Time": "2017-05-14 06:58:58",
        "Lines": "121",
        "Lon": 20.92,
        "Lat": 52.1973
      },
      {
        "Brigade": "1",
        "Time": "2017-05-14 07:00:03",
        "Lines": "121",
        "Lon": 20.92,
        "Lat": 52.1973
      },
      {
        "Brigade": "1",
        "Time": "2017-05-14 07:00:23",
        "Lines": "121",
        "Lon": 20.92,
        "Lat": 52.1973
      },
      {
        "Brigade": "1",
        "Time": "2017-05-14 07:00:38",
        "Lines": "121",
        "Lon": 20.92,
        "Lat": 52.1973
      },
      {
        "Brigade": "1",
        "Time": "2017-05-14 07:00:56",
        "Lines": "121",
        "Lon": 20.92,
        "Lat": 52.1973
      },
      {
        "Brigade": "1",
        "Time": "2017-05-14 07:01:11",
        "Lines": "121",
        "Lon": 20.92,
        "Lat": 52.1973
      },
      {
        "Brigade": "1",
        "Time": "2017-05-14 07:01:27",
        "Lines": "121",
        "Lon": 20.92,
        "Lat": 52.1973
      },
      {
        "Brigade": "1",
        "Time": "2017-05-14 07:01:42",
        "Lines": "121",
        "Lon": 20.9191,
        "Lat": 52.1975
      },
      {
        "Brigade": "1",
        "Time": "2017-05-14 07:01:58",
        "Lines": "121",
        "Lon": 20.9187,
        "Lat": 52.1969
      },
      {
        "Brigade": "1",
        "Time": "2017-05-14 07:02:14",
        "Lines": "121",
        "Lon": 20.9197,
        "Lat": 52.1965
      },
      {
        "Brigade": "1",
        "Time": "2017-05-14 07:02:30",
        "Lines": "121",
        "Lon": 20.9214,
        "Lat": 52.1965
      },
      {
        "Brigade": "1",
        "Time": "2017-05-14 07:02:45",
        "Lines": "121",
        "Lon": 20.9229,
        "Lat": 52.1963
      },
      {
        "Brigade": "1",
        "Time": "2017-05-14 07:03:01",
        "Lines": "121",
        "Lon": 20.923,
        "Lat": 52.1964
      },
      {
        "Brigade": "1",
        "Time": "2017-05-14 07:03:17",
        "Lines": "121",
        "Lon": 20.923,
        "Lat": 52.1964
      },
      {
        "Brigade": "1",
        "Time": "2017-05-14 07:03:33",
        "Lines": "121",
        "Lon": 20.923,
        "Lat": 52.1964
      },
      {
        "Brigade": "1",
        "Time": "2017-05-14 07:03:48",
        "Lines": "121",
        "Lon": 20.9239,
        "Lat": 52.1968
      },
      {
        "Brigade": "1",
        "Time": "2017-05-14 07:04:04",
        "Lines": "121",
        "Lon": 20.9232,
        "Lat": 52.1973
      },
      {
        "Brigade": "1",
        "Time": "2017-05-14 07:04:20",
        "Lines": "121",
        "Lon": 20.921,
        "Lat": 52.198
      },
      {
        "Brigade": "1",
        "Time": "2017-05-14 07:04:35",
        "Lines": "121",
        "Lon": 20.9185,
        "Lat": 52.1986
      },
      {
        "Brigade": "1",
        "Time": "2017-05-14 07:04:51",
        "Lines": "121",
        "Lon": 20.916,
        "Lat": 52.1992
      },
      {
        "Brigade": "1",
        "Time": "2017-05-14 07:05:07",
        "Lines": "121",
        "Lon": 20.9144,
        "Lat": 52.2
      },
      {
        "Brigade": "1",
        "Time": "2017-05-14 07:05:23",
        "Lines": "121",
        "Lon": 20.9148,
        "Lat": 52.2015
      },
      {
        "Brigade": "1",
        "Time": "2017-05-14 07:05:38",
        "Lines": "121",
        "Lon": 20.9152,
        "Lat": 52.2032
      },
      {
        "Brigade": "1",
        "Time": "2017-05-14 07:05:56",
        "Lines": "121",
        "Lon": 20.9157,
        "Lat": 52.2049
      },
      {
        "Brigade": "1",
        "Time": "2017-05-14 07:06:12",
        "Lines": "121",
        "Lon": 20.9163,
        "Lat": 52.2064
      },
      {
        "Brigade": "1",
        "Time": "2017-05-14 07:06:27",
        "Lines": "121",
        "Lon": 20.9148,
        "Lat": 52.208
      },
      {
        "Brigade": "1",
        "Time": "2017-05-14 07:06:43",
        "Lines": "121",
        "Lon": 20.9133,
        "Lat": 52.2095
      },
      {
        "Brigade": "1",
        "Time": "2017-05-14 07:06:58",
        "Lines": "121",
        "Lon": 20.9135,
        "Lat": 52.2112
      },
      {
        "Brigade": "1",
        "Time": "2017-05-14 07:07:14",
        "Lines": "121",
        "Lon": 20.9141,
        "Lat": 52.213
      },
      {
        "Brigade": "1",
        "Time": "2017-05-14 07:07:31",
        "Lines": "121",
        "Lon": 20.9146,
        "Lat": 52.2149
      },
      {
        "Brigade": "1",
        "Time": "2017-05-14 07:07:46",
        "Lines": "121",
        "Lon": 20.9148,
        "Lat": 52.2166
      },
      {
        "Brigade": "1",
        "Time": "2017-05-14 07:08:02",
        "Lines": "121",
        "Lon": 20.9158,
        "Lat": 52.2185
      },
      {
        "Brigade": "1",
        "Time": "2017-05-14 07:08:17",
        "Lines": "121",
        "Lon": 20.9165,
        "Lat": 52.2197
      },
      {
        "Brigade": "1",
        "Time": "2017-05-14 07:08:32",
        "Lines": "121",
        "Lon": 20.9165,
        "Lat": 52.2198
      },
      {
        "Brigade": "1",
        "Time": "2017-05-14 07:08:49",
        "Lines": "121",
        "Lon": 20.9165,
        "Lat": 52.2198
      },
      {
        "Brigade": "1",
        "Time": "2017-05-14 07:09:21",
        "Lines": "121",
        "Lon": 20.9165,
        "Lat": 52.2198
      },
      {
        "Brigade": "1",
        "Time": "2017-05-14 07:09:37",
        "Lines": "121",
        "Lon": 20.9165,
        "Lat": 52.2198
      },
      {
        "Brigade": "1",
        "Time": "2017-05-14 07:09:52",
        "Lines": "121",
        "Lon": 20.9168,
        "Lat": 52.2208
      },
      {
        "Brigade": "1",
        "Time": "2017-05-14 07:10:07",
        "Lines": "121",
        "Lon": 20.9173,
        "Lat": 52.2224
      },
      {
        "Brigade": "1",
        "Time": "2017-05-14 07:10:23",
        "Lines": "121",
        "Lon": 20.9169,
        "Lat": 52.2242
      },
      {
        "Brigade": "1",
        "Time": "2017-05-14 07:10:38",
        "Lines": "121",
        "Lon": 20.9164,
        "Lat": 52.226
      },
      {
        "Brigade": "1",
        "Time": "2017-05-14 07:10:55",
        "Lines": "121",
        "Lon": 20.9159,
        "Lat": 52.2278
      },
      {
        "Brigade": "1",
        "Time": "2017-05-14 07:11:27",
        "Lines": "121",
        "Lon": 20.9156,
        "Lat": 52.2287
      },
      {
        "Brigade": "1",
        "Time": "2017-05-14 07:11:42",
        "Lines": "121",
        "Lon": 20.9154,
        "Lat": 52.2292
      },
      {
        "Brigade": "1",
        "Time": "2017-05-14 07:11:58",
        "Lines": "121",
        "Lon": 20.9151,
        "Lat": 52.2305
      },
      {
        "Brigade": "1",
        "Time": "2017-05-14 07:12:13",
        "Lines": "121",
        "Lon": 20.915,
        "Lat": 52.2324
      },
      {
        "Brigade": "1",
        "Time": "2017-05-14 07:12:30",
        "Lines": "121",
        "Lon": 20.9149,
        "Lat": 52.2342
      },
      {
        "Brigade": "1",
        "Time": "2017-05-14 07:12:46",
        "Lines": "121",
        "Lon": 20.9143,
        "Lat": 52.236
      },
      {
        "Brigade": "1",
        "Time": "2017-05-14 07:13:02",
        "Lines": "121",
        "Lon": 20.9138,
        "Lat": 52.2377
      },
      {
        "Brigade": "1",
        "Time": "2017-05-14 07:13:17",
        "Lines": "121",
        "Lon": 20.9135,
        "Lat": 52.2387
      },
      {
        "Brigade": "1",
        "Time": "2017-05-14 07:13:33",
        "Lines": "121",
        "Lon": 20.9135,
        "Lat": 52.2388
      },
      {
        "Brigade": "1",
        "Time": "2017-05-14 07:13:48",
        "Lines": "121",
        "Lon": 20.9135,
        "Lat": 52.2388
      },
      {
        "Brigade": "1",
        "Time": "2017-05-14 07:14:04",
        "Lines": "121",
        "Lon": 20.9135,
        "Lat": 52.2388
      },
      {
        "Brigade": "1",
        "Time": "2017-05-14 07:14:19",
        "Lines": "121",
        "Lon": 20.9134,
        "Lat": 52.239
      },
      {
        "Brigade": "1",
        "Time": "2017-05-14 07:14:35",
        "Lines": "121",
        "Lon": 20.9131,
        "Lat": 52.2402
      },
      {
        "Brigade": "1",
        "Time": "2017-05-14 07:14:51",
        "Lines": "121",
        "Lon": 20.9128,
        "Lat": 52.2418
      },
      {
        "Brigade": "1",
        "Time": "2017-05-14 07:15:22",
        "Lines": "121",
        "Lon": 20.9121,
        "Lat": 52.2451
      },
      {
        "Brigade": "1",
        "Time": "2017-05-14 07:15:38",
        "Lines": "121",
        "Lon": 20.9117,
        "Lat": 52.2468
      },
      {
        "Brigade": "1",
        "Time": "2017-05-14 07:15:53",
        "Lines": "121",
        "Lon": 20.9111,
        "Lat": 52.2485
      },
      {
        "Brigade": "1",
        "Time": "2017-05-14 07:16:10",
        "Lines": "121",
        "Lon": 20.9115,
        "Lat": 52.2502
      },
      {
        "Brigade": "1",
        "Time": "2017-05-14 07:16:26",
        "Lines": "121",
        "Lon": 20.9128,
        "Lat": 52.2515
      },
      {
        "Brigade": "1",
        "Time": "2017-05-14 07:16:41",
        "Lines": "121",
        "Lon": 20.9133,
        "Lat": 52.2518
      },
      {
        "Brigade": "1",
        "Time": "2017-05-14 07:16:57",
        "Lines": "121",
        "Lon": 20.9133,
        "Lat": 52.2518
      },
      {
        "Brigade": "1",
        "Time": "2017-05-14 07:17:28",
        "Lines": "121",
        "Lon": 20.9134,
        "Lat": 52.2519
      },
      {
        "Brigade": "1",
        "Time": "2017-05-14 07:17:43",
        "Lines": "121",
        "Lon": 20.9147,
        "Lat": 52.253
      },
      {
        "Brigade": "1",
        "Time": "2017-05-14 07:18:00",
        "Lines": "121",
        "Lon": 20.9164,
        "Lat": 52.2545
      },
      {
        "Brigade": "1",
        "Time": "2017-05-14 07:18:16",
        "Lines": "121",
        "Lon": 20.918,
        "Lat": 52.2558
      },
      {
        "Brigade": "1",
        "Time": "2017-05-14 07:18:31",
        "Lines": "121",
        "Lon": 20.9194,
        "Lat": 52.2569
      },
      {
        "Brigade": "1",
        "Time": "2017-05-14 07:18:47",
        "Lines": "121",
        "Lon": 20.9204,
        "Lat": 52.2577
      },
      {
        "Brigade": "1",
        "Time": "2017-05-14 07:19:02",
        "Lines": "121",
        "Lon": 20.9214,
        "Lat": 52.2585
      },
      {
        "Brigade": "1",
        "Time": "2017-05-14 07:19:18",
        "Lines": "121",
        "Lon": 20.923,
        "Lat": 52.2598
      },
      {
        "Brigade": "1",
        "Time": "2017-05-14 07:19:33",
        "Lines": "121",
        "Lon": 20.9243,
        "Lat": 52.2603
      },
      {
        "Brigade": "1",
        "Time": "2017-05-14 07:19:50",
        "Lines": "121",
        "Lon": 20.925,
        "Lat": 52.2608
      },
      {
        "Brigade": "1",
        "Time": "2017-05-14 07:20:05",
        "Lines": "121",
        "Lon": 20.925,
        "Lat": 52.2608
      },
      {
        "Brigade": "1",
        "Time": "2017-05-14 07:20:21",
        "Lines": "121",
        "Lon": 20.925,
        "Lat": 52.2608
      },
      {
        "Brigade": "1",
        "Time": "2017-05-14 07:20:36",
        "Lines": "121",
        "Lon": 20.925,
        "Lat": 52.2608
      },
      {
        "Brigade": "1",
        "Time": "2017-05-14 07:20:53",
        "Lines": "121",
        "Lon": 20.925,
        "Lat": 52.2608
      },
      {
        "Brigade": "1",
        "Time": "2017-05-14 07:21:09",
        "Lines": "121",
        "Lon": 20.925,
        "Lat": 52.2608
      },
      {
        "Brigade": "1",
        "Time": "2017-05-14 07:21:25",
        "Lines": "121",
        "Lon": 20.925,
        "Lat": 52.2608
      },
      {
        "Brigade": "1",
        "Time": "2017-05-14 07:21:40",
        "Lines": "121",
        "Lon": 20.925,
        "Lat": 52.2608
      },
      {
        "Brigade": "1",
        "Time": "2017-05-14 07:21:56",
        "Lines": "121",
        "Lon": 20.925,
        "Lat": 52.2608
      },
      {
        "Brigade": "1",
        "Time": "2017-05-14 07:22:11",
        "Lines": "121",
        "Lon": 20.925,
        "Lat": 52.2608
      },
      {
        "Brigade": "1",
        "Time": "2017-05-14 07:22:27",
        "Lines": "121",
        "Lon": 20.925,
        "Lat": 52.2608
      },
      {
        "Brigade": "1",
        "Time": "2017-05-14 07:22:42",
        "Lines": "121",
        "Lon": 20.925,
        "Lat": 52.2608
      },
      {
        "Brigade": "1",
        "Time": "2017-05-14 07:22:58",
        "Lines": "121",
        "Lon": 20.925,
        "Lat": 52.2608
      },
      {
        "Brigade": "1",
        "Time": "2017-05-14 07:23:30",
        "Lines": "121",
        "Lon": 20.925,
        "Lat": 52.2609
      },
      {
        "Brigade": "1",
        "Time": "2017-05-14 07:23:45",
        "Lines": "121",
        "Lon": 20.925,
        "Lat": 52.2611
      },
      {
        "Brigade": "1",
        "Time": "2017-05-14 07:24:01",
        "Lines": "121",
        "Lon": 20.925,
        "Lat": 52.2611
      },
      {
        "Brigade": "1",
        "Time": "2017-05-14 07:24:16",
        "Lines": "121",
        "Lon": 20.925,
        "Lat": 52.2614
      },
      {
        "Brigade": "1",
        "Time": "2017-05-14 07:24:31",
        "Lines": "121",
        "Lon": 20.9263,
        "Lat": 52.2624
      },
      {
        "Brigade": "1",
        "Time": "2017-05-14 07:24:48",
        "Lines": "121",
        "Lon": 20.9279,
        "Lat": 52.2635
      },
      {
        "Brigade": "1",
        "Time": "2017-05-14 07:25:05",
        "Lines": "121",
        "Lon": 20.9287,
        "Lat": 52.2641
      },
      {
        "Brigade": "1",
        "Time": "2017-05-14 07:25:21",
        "Lines": "121",
        "Lon": 20.9298,
        "Lat": 52.265
      },
      {
        "Brigade": "1",
        "Time": "2017-05-14 07:25:37",
        "Lines": "121",
        "Lon": 20.9314,
        "Lat": 52.2663
      },
      {
        "Brigade": "1",
        "Time": "2017-05-14 07:25:53",
        "Lines": "121",
        "Lon": 20.9323,
        "Lat": 52.2677
      },
      {
        "Brigade": "1",
        "Time": "2017-05-14 07:26:09",
        "Lines": "121",
        "Lon": 20.9325,
        "Lat": 52.2682
      },
      {
        "Brigade": "1",
        "Time": "2017-05-14 07:26:26",
        "Lines": "121",
        "Lon": 20.9325,
        "Lat": 52.2682
      },
      {
        "Brigade": "1",
        "Time": "2017-05-14 07:26:41",
        "Lines": "121",
        "Lon": 20.9331,
        "Lat": 52.2693
      },
      {
        "Brigade": "1",
        "Time": "2017-05-14 07:26:57",
        "Lines": "121",
        "Lon": 20.9337,
        "Lat": 52.2705
      },
      {
        "Brigade": "1",
        "Time": "2017-05-14 07:27:29",
        "Lines": "121",
        "Lon": 20.9332,
        "Lat": 52.2712
      },
      {
        "Brigade": "1",
        "Time": "2017-05-14 07:27:45",
        "Lines": "121",
        "Lon": 20.9329,
        "Lat": 52.2711
      },
      {
        "Brigade": "1",
        "Time": "2017-05-14 07:28:01",
        "Lines": "121",
        "Lon": 20.9316,
        "Lat": 52.2709
      },
      {
        "Brigade": "1",
        "Time": "2017-05-14 07:28:17",
        "Lines": "121",
        "Lon": 20.9295,
        "Lat": 52.2711
      },
      {
        "Brigade": "1",
        "Time": "2017-05-14 07:28:33",
        "Lines": "121",
        "Lon": 20.9271,
        "Lat": 52.2719
      },
      {
        "Brigade": "1",
        "Time": "2017-05-14 07:28:50",
        "Lines": "121",
        "Lon": 20.9249,
        "Lat": 52.2732
      },
      {
        "Brigade": "1",
        "Time": "2017-05-14 07:29:07",
        "Lines": "121",
        "Lon": 20.9243,
        "Lat": 52.2736
      },
      {
        "Brigade": "1",
        "Time": "2017-05-14 07:29:22",
        "Lines": "121",
        "Lon": 20.9233,
        "Lat": 52.2747
      },
      {
        "Brigade": "1",
        "Time": "2017-05-14 07:29:38",
        "Lines": "121",
        "Lon": 20.9233,
        "Lat": 52.2762
      },
      {
        "Brigade": "1",
        "Time": "2017-05-14 07:29:54",
        "Lines": "121",
        "Lon": 20.9233,
        "Lat": 52.2764
      },
      {
        "Brigade": "1",
        "Time": "2017-05-14 07:30:10",
        "Lines": "121",
        "Lon": 20.9232,
        "Lat": 52.2774
      },
      {
        "Brigade": "1",
        "Time": "2017-05-14 07:30:27",
        "Lines": "121",
        "Lon": 20.9231,
        "Lat": 52.2789
      },
      {
        "Brigade": "1",
        "Time": "2017-05-14 07:30:42",
        "Lines": "121",
        "Lon": 20.9235,
        "Lat": 52.2805
      },
      {
        "Brigade": "1",
        "Time": "2017-05-14 07:30:58",
        "Lines": "121",
        "Lon": 20.9238,
        "Lat": 52.2808
      },
      {
        "Brigade": "1",
        "Time": "2017-05-14 07:31:39",
        "Lines": "121",
        "Lon": 20.9249,
        "Lat": 52.2817
      },
      {
        "Brigade": "1",
        "Time": "2017-05-14 07:31:55",
        "Lines": "121",
        "Lon": 20.9265,
        "Lat": 52.283
      },
      {
        "Brigade": "1",
        "Time": "2017-05-14 07:32:11",
        "Lines": "121",
        "Lon": 20.928,
        "Lat": 52.2842
      },
      {
        "Brigade": "1",
        "Time": "2017-05-14 07:32:27",
        "Lines": "121",
        "Lon": 20.9293,
        "Lat": 52.2853
      },
      {
        "Brigade": "1",
        "Time": "2017-05-14 07:32:42",
        "Lines": "121",
        "Lon": 20.9295,
        "Lat": 52.2854
      },
      {
        "Brigade": "1",
        "Time": "2017-05-14 07:32:58",
        "Lines": "121",
        "Lon": 20.9307,
        "Lat": 52.2865
      },
      {
        "Brigade": "1",
        "Time": "2017-05-14 07:33:14",
        "Lines": "121",
        "Lon": 20.9324,
        "Lat": 52.2878
      },
      {
        "Brigade": "1",
        "Time": "2017-05-14 07:33:30",
        "Lines": "121",
        "Lon": 20.9341,
        "Lat": 52.2892
      },
      {
        "Brigade": "1",
        "Time": "2017-05-14 07:33:46",
        "Lines": "121",
        "Lon": 20.9347,
        "Lat": 52.2896
      },
      {
        "Brigade": "1",
        "Time": "2017-05-14 07:34:02",
        "Lines": "121",
        "Lon": 20.9352,
        "Lat": 52.29
      },
      {
        "Brigade": "1",
        "Time": "2017-05-14 07:34:18",
        "Lines": "121",
        "Lon": 20.9366,
        "Lat": 52.2911
      },
      {
        "Brigade": "1",
        "Time": "2017-05-14 07:34:34",
        "Lines": "121",
        "Lon": 20.9382,
        "Lat": 52.2922
      },
      {
        "Brigade": "1",
        "Time": "2017-05-14 07:34:52",
        "Lines": "121",
        "Lon": 20.9386,
        "Lat": 52.2926
      },
      {
        "Brigade": "1",
        "Time": "2017-05-14 07:35:08",
        "Lines": "121",
        "Lon": 20.9406,
        "Lat": 52.2934
      },
      {
        "Brigade": "1",
        "Time": "2017-05-14 07:35:25",
        "Lines": "121",
        "Lon": 20.9428,
        "Lat": 52.2942
      },
      {
        "Brigade": "1",
        "Time": "2017-05-14 07:35:41",
        "Lines": "121",
        "Lon": 20.945,
        "Lat": 52.2949
      },
      {
        "Brigade": "1",
        "Time": "2017-05-14 07:35:56",
        "Lines": "121",
        "Lon": 20.9456,
        "Lat": 52.2944
      },
      {
        "Brigade": "1",
        "Time": "2017-05-14 07:36:12",
        "Lines": "121",
        "Lon": 20.9464,
        "Lat": 52.2935
      },
      {
        "Brigade": "1",
        "Time": "2017-05-14 07:36:28",
        "Lines": "121",
        "Lon": 20.9476,
        "Lat": 52.2923
      },
      {
        "Brigade": "1",
        "Time": "2017-05-14 07:36:44",
        "Lines": "121",
        "Lon": 20.9491,
        "Lat": 52.2907
      },
      {
        "Brigade": "1",
        "Time": "2017-05-14 07:37:00",
        "Lines": "121",
        "Lon": 20.9506,
        "Lat": 52.2892
      },
      {
        "Brigade": "1",
        "Time": "2017-05-14 07:37:17",
        "Lines": "121",
        "Lon": 20.9518,
        "Lat": 52.2879
      },
      {
        "Brigade": "1",
        "Time": "2017-05-14 07:37:32",
        "Lines": "121",
        "Lon": 20.9522,
        "Lat": 52.2873
      },
      {
        "Brigade": "1",
        "Time": "2017-05-14 07:37:48",
        "Lines": "121",
        "Lon": 20.9526,
        "Lat": 52.287
      },
      {
        "Brigade": "1",
        "Time": "2017-05-14 07:38:03",
        "Lines": "121",
        "Lon": 20.9537,
        "Lat": 52.2859
      },
      {
        "Brigade": "1",
        "Time": "2017-05-14 07:38:19",
        "Lines": "121",
        "Lon": 20.9546,
        "Lat": 52.2848
      },
      {
        "Brigade": "1",
        "Time": "2017-05-14 07:38:35",
        "Lines": "121",
        "Lon": 20.955,
        "Lat": 52.2845
      },
      {
        "Brigade": "1",
        "Time": "2017-05-14 07:38:51",
        "Lines": "121",
        "Lon": 20.9559,
        "Lat": 52.2835
      },
      {
        "Brigade": "1",
        "Time": "2017-05-14 07:39:07",
        "Lines": "121",
        "Lon": 20.9563,
        "Lat": 52.2832
      },
      {
        "Brigade": "1",
        "Time": "2017-05-14 07:39:38",
        "Lines": "121",
        "Lon": 20.9582,
        "Lat": 52.2812
      },
      {
        "Brigade": "1",
        "Time": "2017-05-14 07:39:55",
        "Lines": "121",
        "Lon": 20.9582,
        "Lat": 52.2811
      },
      {
        "Brigade": "1",
        "Time": "2017-05-14 07:40:10",
        "Lines": "121",
        "Lon": 20.9582,
        "Lat": 52.2811
      },
      {
        "Brigade": "1",
        "Time": "2017-05-14 07:40:26",
        "Lines": "121",
        "Lon": 20.9582,
        "Lat": 52.2811
      },
      {
        "Brigade": "1",
        "Time": "2017-05-14 07:40:41",
        "Lines": "121",
        "Lon": 20.9587,
        "Lat": 52.281
      },
      {
        "Brigade": "1",
        "Time": "2017-05-14 07:40:56",
        "Lines": "121",
        "Lon": 20.9602,
        "Lat": 52.2815
      },
      {
        "Brigade": "1",
        "Time": "2017-05-14 07:41:12",
        "Lines": "121",
        "Lon": 20.961,
        "Lat": 52.2818
      },
      {
        "Brigade": "1",
        "Time": "2017-05-14 07:41:28",
        "Lines": "121",
        "Lon": 20.9629,
        "Lat": 52.2825
      },
      {
        "Brigade": "1",
        "Time": "2017-05-14 07:41:43",
        "Lines": "121",
        "Lon": 20.9655,
        "Lat": 52.2834
      },
      {
        "Brigade": "1",
        "Time": "2017-05-14 07:41:58",
        "Lines": "121",
        "Lon": 20.9682,
        "Lat": 52.2841
      },
      {
        "Brigade": "1",
        "Time": "2017-05-14 07:42:17",
        "Lines": "121",
        "Lon": 20.9705,
        "Lat": 52.2853
      },
      {
        "Brigade": "1",
        "Time": "2017-05-14 07:42:32",
        "Lines": "121",
        "Lon": 20.9719,
        "Lat": 52.2858
      },
      {
        "Brigade": "1",
        "Time": "2017-05-14 07:42:49",
        "Lines": "121",
        "Lon": 20.9726,
        "Lat": 52.2861
      },
      {
        "Brigade": "1",
        "Time": "2017-05-14 07:43:05",
        "Lines": "121",
        "Lon": 20.9747,
        "Lat": 52.2867
      },
      {
        "Brigade": "1",
        "Time": "2017-05-14 07:43:21",
        "Lines": "121",
        "Lon": 20.9766,
        "Lat": 52.2871
      },
      {
        "Brigade": "1",
        "Time": "2017-05-14 07:43:36",
        "Lines": "121",
        "Lon": 20.9767,
        "Lat": 52.2872
      },
      {
        "Brigade": "1",
        "Time": "2017-05-14 07:43:52",
        "Lines": "121",
        "Lon": 20.9767,
        "Lat": 52.2872
      },
      {
        "Brigade": "1",
        "Time": "2017-05-14 07:44:08",
        "Lines": "121",
        "Lon": 20.9767,
        "Lat": 52.2872
      },
      {
        "Brigade": "1",
        "Time": "2017-05-14 07:44:24",
        "Lines": "121",
        "Lon": 20.9769,
        "Lat": 52.2872
      },
      {
        "Brigade": "1",
        "Time": "2017-05-14 07:44:40",
        "Lines": "121",
        "Lon": 20.9766,
        "Lat": 52.2879
      },
      {
        "Brigade": "1",
        "Time": "2017-05-14 07:44:55",
        "Lines": "121",
        "Lon": 20.9765,
        "Lat": 52.2881
      },
      {
        "Brigade": "1",
        "Time": "2017-05-14 07:45:33",
        "Lines": "121",
        "Lon": 20.9757,
        "Lat": 52.2905
      },
      {
        "Brigade": "1",
        "Time": "2017-05-14 07:45:43",
        "Lines": "121",
        "Lon": 20.9769,
        "Lat": 52.2903
      },
      {
        "Brigade": "1",
        "Time": "2017-05-14 07:45:50",
        "Lines": "121",
        "Lon": 20.9772,
        "Lat": 52.29
      },
      {
        "Brigade": "1",
        "Time": "2017-05-14 07:46:06",
        "Lines": "121",
        "Lon": 20.9758,
        "Lat": 52.2897
      },
      {
        "Brigade": "1",
        "Time": "2017-05-14 07:46:22",
        "Lines": "121",
        "Lon": 20.9755,
        "Lat": 52.289
      },
      {
        "Brigade": "1",
        "Time": "2017-05-14 07:46:38",
        "Lines": "121",
        "Lon": 20.9764,
        "Lat": 52.2879
      },
      {
        "Brigade": "1",
        "Time": "2017-05-14 07:46:53",
        "Lines": "121",
        "Lon": 20.9764,
        "Lat": 52.2872
      },
      {
        "Brigade": "1",
        "Time": "2017-05-14 07:47:08",
        "Lines": "121",
        "Lon": 20.9748,
        "Lat": 52.2867
      },
      {
        "Brigade": "1",
        "Time": "2017-05-14 07:47:27",
        "Lines": "121",
        "Lon": 20.9727,
        "Lat": 52.2861
      },
      {
        "Brigade": "1",
        "Time": "2017-05-14 07:47:58",
        "Lines": "121",
        "Lon": 20.97,
        "Lat": 52.285
      },
      {
        "Brigade": "1",
        "Time": "2017-05-14 07:48:14",
        "Lines": "121",
        "Lon": 20.9684,
        "Lat": 52.2842
      },
      {
        "Brigade": "1",
        "Time": "2017-05-14 07:48:33",
        "Lines": "121",
        "Lon": 20.9667,
        "Lat": 52.2837
      },
      {
        "Brigade": "1",
        "Time": "2017-05-14 07:48:48",
        "Lines": "121",
        "Lon": 20.9662,
        "Lat": 52.2836
      },
      {
        "Brigade": "1",
        "Time": "2017-05-14 07:49:04",
        "Lines": "121",
        "Lon": 20.9646,
        "Lat": 52.2832
      },
      {
        "Brigade": "1",
        "Time": "2017-05-14 07:49:20",
        "Lines": "121",
        "Lon": 20.963,
        "Lat": 52.2826
      },
      {
        "Brigade": "1",
        "Time": "2017-05-14 07:49:36",
        "Lines": "121",
        "Lon": 20.9614,
        "Lat": 52.282
      },
      {
        "Brigade": "1",
        "Time": "2017-05-14 07:49:51",
        "Lines": "121",
        "Lon": 20.9595,
        "Lat": 52.2813
      },
      {
        "Brigade": "1",
        "Time": "2017-05-14 07:50:06",
        "Lines": "121",
        "Lon": 20.959,
        "Lat": 52.2812
      },
      {
        "Brigade": "1",
        "Time": "2017-05-14 07:50:22",
        "Lines": "121",
        "Lon": 20.9582,
        "Lat": 52.2814
      },
      {
        "Brigade": "1",
        "Time": "2017-05-14 07:50:38",
        "Lines": "121",
        "Lon": 20.9572,
        "Lat": 52.2825
      },
      {
        "Brigade": "1",
        "Time": "2017-05-14 07:50:53",
        "Lines": "121",
        "Lon": 20.9562,
        "Lat": 52.2835
      },
      {
        "Brigade": "1",
        "Time": "2017-05-14 07:51:09",
        "Lines": "121",
        "Lon": 20.9561,
        "Lat": 52.2836
      },
      {
        "Brigade": "1",
        "Time": "2017-05-14 07:51:26",
        "Lines": "121",
        "Lon": 20.9552,
        "Lat": 52.2845
      },
      {
        "Brigade": "1",
        "Time": "2017-05-14 07:51:57",
        "Lines": "121",
        "Lon": 20.9531,
        "Lat": 52.2868
      },
      {
        "Brigade": "1",
        "Time": "2017-05-14 07:52:13",
        "Lines": "121",
        "Lon": 20.952,
        "Lat": 52.288
      },
      {
        "Brigade": "1",
        "Time": "2017-05-14 07:52:29",
        "Lines": "121",
        "Lon": 20.9516,
        "Lat": 52.2884
      },
      {
        "Brigade": "1",
        "Time": "2017-05-14 07:52:46",
        "Lines": "121",
        "Lon": 20.9507,
        "Lat": 52.2893
      },
      {
        "Brigade": "1",
        "Time": "2017-05-14 07:53:02",
        "Lines": "121",
        "Lon": 20.9506,
        "Lat": 52.2895
      },
      {
        "Brigade": "1",
        "Time": "2017-05-14 07:53:18",
        "Lines": "121",
        "Lon": 20.9503,
        "Lat": 52.2898
      },
      {
        "Brigade": "1",
        "Time": "2017-05-14 07:53:33",
        "Lines": "121",
        "Lon": 20.9494,
        "Lat": 52.2908
      },
      {
        "Brigade": "1",
        "Time": "2017-05-14 07:53:49",
        "Lines": "121",
        "Lon": 20.9483,
        "Lat": 52.2919
      },
      {
        "Brigade": "1",
        "Time": "2017-05-14 07:54:06",
        "Lines": "121",
        "Lon": 20.947,
        "Lat": 52.2933
      },
      {
        "Brigade": "1",
        "Time": "2017-05-14 07:54:21",
        "Lines": "121",
        "Lon": 20.9457,
        "Lat": 52.2946
      },
      {
        "Brigade": "1",
        "Time": "2017-05-14 07:54:37",
        "Lines": "121",
        "Lon": 20.9454,
        "Lat": 52.2949
      },
      {
        "Brigade": "1",
        "Time": "2017-05-14 07:54:53",
        "Lines": "121",
        "Lon": 20.9454,
        "Lat": 52.2949
      },
      {
        "Brigade": "1",
        "Time": "2017-05-14 07:55:08",
        "Lines": "121",
        "Lon": 20.9454,
        "Lat": 52.2949
      },
      {
        "Brigade": "1",
        "Time": "2017-05-14 07:55:24",
        "Lines": "121",
        "Lon": 20.9454,
        "Lat": 52.2949
      },
      {
        "Brigade": "1",
        "Time": "2017-05-14 07:55:40",
        "Lines": "121",
        "Lon": 20.9443,
        "Lat": 52.2948
      },
      {
        "Brigade": "1",
        "Time": "2017-05-14 07:55:56",
        "Lines": "121",
        "Lon": 20.9436,
        "Lat": 52.2945
      },
      {
        "Brigade": "1",
        "Time": "2017-05-14 07:56:12",
        "Lines": "121",
        "Lon": 20.9434,
        "Lat": 52.2944
      },
      {
        "Brigade": "1",
        "Time": "2017-05-14 07:56:28",
        "Lines": "121",
        "Lon": 20.9419,
        "Lat": 52.2938
      },
      {
        "Brigade": "1",
        "Time": "2017-05-14 07:56:43",
        "Lines": "121",
        "Lon": 20.9401,
        "Lat": 52.2932
      },
      {
        "Brigade": "1",
        "Time": "2017-05-14 07:57:01",
        "Lines": "121",
        "Lon": 20.9383,
        "Lat": 52.2923
      },
      {
        "Brigade": "1",
        "Time": "2017-05-14 07:57:16",
        "Lines": "121",
        "Lon": 20.9377,
        "Lat": 52.2919
      },
      {
        "Brigade": "1",
        "Time": "2017-05-14 07:57:31",
        "Lines": "121",
        "Lon": 20.9376,
        "Lat": 52.2918
      },
      {
        "Brigade": "1",
        "Time": "2017-05-14 07:58:03",
        "Lines": "121",
        "Lon": 20.9353,
        "Lat": 52.2902
      },
      {
        "Brigade": "1",
        "Time": "2017-05-14 07:58:19",
        "Lines": "121",
        "Lon": 20.9342,
        "Lat": 52.2893
      },
      {
        "Brigade": "1",
        "Time": "2017-05-14 07:58:35",
        "Lines": "121",
        "Lon": 20.9341,
        "Lat": 52.2893
      },
      {
        "Brigade": "1",
        "Time": "2017-05-14 07:58:51",
        "Lines": "121",
        "Lon": 20.9339,
        "Lat": 52.2891
      },
      {
        "Brigade": "1",
        "Time": "2017-05-14 07:59:06",
        "Lines": "121",
        "Lon": 20.9329,
        "Lat": 52.2884
      },
      {
        "Brigade": "1",
        "Time": "2017-05-14 07:59:22",
        "Lines": "121",
        "Lon": 20.9328,
        "Lat": 52.2883
      },
      {
        "Brigade": "1",
        "Time": "2017-05-14 07:59:38",
        "Lines": "121",
        "Lon": 20.9322,
        "Lat": 52.2878
      },
      {
        "Brigade": "1",
        "Time": "2017-05-14 07:59:53",
        "Lines": "121",
        "Lon": 20.9311,
        "Lat": 52.2869
      },
      {
        "Brigade": "1",
        "Time": "2017-05-14 08:00:09",
        "Lines": "121",
        "Lon": 20.9296,
        "Lat": 52.2857
      },
      {
        "Brigade": "1",
        "Time": "2017-05-14 08:00:26",
        "Lines": "121",
        "Lon": 20.9281,
        "Lat": 52.2844
      },
      {
        "Brigade": "1",
        "Time": "2017-05-14 08:00:41",
        "Lines": "121",
        "Lon": 20.9267,
        "Lat": 52.2833
      },
      {
        "Brigade": "1",
        "Time": "2017-05-14 08:00:57",
        "Lines": "121",
        "Lon": 20.9252,
        "Lat": 52.2821
      },
      {
        "Brigade": "1",
        "Time": "2017-05-14 08:01:12",
        "Lines": "121",
        "Lon": 20.9245,
        "Lat": 52.2815
      },
      {
        "Brigade": "1",
        "Time": "2017-05-14 08:01:28",
        "Lines": "121",
        "Lon": 20.9238,
        "Lat": 52.281
      },
      {
        "Brigade": "1",
        "Time": "2017-05-14 08:01:43",
        "Lines": "121",
        "Lon": 20.923,
        "Lat": 52.2801
      },
      {
        "Brigade": "1",
        "Time": "2017-05-14 08:01:59",
        "Lines": "121",
        "Lon": 20.923,
        "Lat": 52.28
      },
      {
        "Brigade": "1",
        "Time": "2017-05-14 08:02:15",
        "Lines": "121",
        "Lon": 20.923,
        "Lat": 52.2791
      },
      {
        "Brigade": "1",
        "Time": "2017-05-14 08:02:30",
        "Lines": "121",
        "Lon": 20.9231,
        "Lat": 52.2779
      },
      {
        "Brigade": "1",
        "Time": "2017-05-14 08:02:45",
        "Lines": "121",
        "Lon": 20.9231,
        "Lat": 52.2764
      },
      {
        "Brigade": "1",
        "Time": "2017-05-14 08:03:01",
        "Lines": "121",
        "Lon": 20.9231,
        "Lat": 52.2752
      },
      {
        "Brigade": "1",
        "Time": "2017-05-14 08:03:16",
        "Lines": "121",
        "Lon": 20.9231,
        "Lat": 52.2752
      },
      {
        "Brigade": "1",
        "Time": "2017-05-14 08:03:32",
        "Lines": "121",
        "Lon": 20.9234,
        "Lat": 52.2745
      },
      {
        "Brigade": "1",
        "Time": "2017-05-14 08:03:48",
        "Lines": "121",
        "Lon": 20.9244,
        "Lat": 52.2734
      },
      {
        "Brigade": "1",
        "Time": "2017-05-14 08:04:03",
        "Lines": "121",
        "Lon": 20.9255,
        "Lat": 52.2727
      },
      {
        "Brigade": "1",
        "Time": "2017-05-14 08:04:19",
        "Lines": "121",
        "Lon": 20.9255,
        "Lat": 52.2726
      },
      {
        "Brigade": "1",
        "Time": "2017-05-14 08:04:35",
        "Lines": "121",
        "Lon": 20.9265,
        "Lat": 52.2721
      },
      {
        "Brigade": "1",
        "Time": "2017-05-14 08:04:51",
        "Lines": "121",
        "Lon": 20.928,
        "Lat": 52.2716
      },
      {
        "Brigade": "1",
        "Time": "2017-05-14 08:05:06",
        "Lines": "121",
        "Lon": 20.9282,
        "Lat": 52.2715
      },
      {
        "Brigade": "1",
        "Time": "2017-05-14 08:05:22",
        "Lines": "121",
        "Lon": 20.9291,
        "Lat": 52.2712
      },
      {
        "Brigade": "1",
        "Time": "2017-05-14 08:05:37",
        "Lines": "121",
        "Lon": 20.9311,
        "Lat": 52.2709
      },
      {
        "Brigade": "1",
        "Time": "2017-05-14 08:05:53",
        "Lines": "121",
        "Lon": 20.9332,
        "Lat": 52.271
      },
      {
        "Brigade": "1",
        "Time": "2017-05-14 08:06:10",
        "Lines": "121",
        "Lon": 20.9334,
        "Lat": 52.2711
      },
      {
        "Brigade": "1",
        "Time": "2017-05-14 08:06:26",
        "Lines": "121",
        "Lon": 20.9334,
        "Lat": 52.2711
      },
      {
        "Brigade": "1",
        "Time": "2017-05-14 08:06:47",
        "Lines": "121",
        "Lon": 20.9333,
        "Lat": 52.2705
      },
      {
        "Brigade": "1",
        "Time": "2017-05-14 08:07:02",
        "Lines": "121",
        "Lon": 20.9333,
        "Lat": 52.2705
      },
      {
        "Brigade": "1",
        "Time": "2017-05-14 08:07:18",
        "Lines": "121",
        "Lon": 20.933,
        "Lat": 52.2698
      },
      {
        "Brigade": "1",
        "Time": "2017-05-14 08:07:33",
        "Lines": "121",
        "Lon": 20.9324,
        "Lat": 52.2687
      },
      {
        "Brigade": "1",
        "Time": "2017-05-14 08:07:49",
        "Lines": "121",
        "Lon": 20.9317,
        "Lat": 52.2674
      },
      {
        "Brigade": "1",
        "Time": "2017-05-14 08:08:04",
        "Lines": "121",
        "Lon": 20.9306,
        "Lat": 52.266
      },
      {
        "Brigade": "1",
        "Time": "2017-05-14 08:08:20",
        "Lines": "121",
        "Lon": 20.9292,
        "Lat": 52.2648
      },
      {
        "Brigade": "1",
        "Time": "2017-05-14 08:08:35",
        "Lines": "121",
        "Lon": 20.9275,
        "Lat": 52.2636
      },
      {
        "Brigade": "1",
        "Time": "2017-05-14 08:08:51",
        "Lines": "121",
        "Lon": 20.9265,
        "Lat": 52.2629
      },
      {
        "Brigade": "1",
        "Time": "2017-05-14 08:09:07",
        "Lines": "121",
        "Lon": 20.9265,
        "Lat": 52.2629
      },
      {
        "Brigade": "1",
        "Time": "2017-05-14 08:09:22",
        "Lines": "121",
        "Lon": 20.9259,
        "Lat": 52.2624
      },
      {
        "Brigade": "1",
        "Time": "2017-05-14 08:09:38",
        "Lines": "121",
        "Lon": 20.9248,
        "Lat": 52.2615
      },
      {
        "Brigade": "1",
        "Time": "2017-05-14 08:09:54",
        "Lines": "121",
        "Lon": 20.9238,
        "Lat": 52.2606
      },
      {
        "Brigade": "1",
        "Time": "2017-05-14 08:10:10",
        "Lines": "121",
        "Lon": 20.9237,
        "Lat": 52.2605
      },
      {
        "Brigade": "1",
        "Time": "2017-05-14 08:10:25",
        "Lines": "121",
        "Lon": 20.9237,
        "Lat": 52.2604
      },
      {
        "Brigade": "1",
        "Time": "2017-05-14 08:10:41",
        "Lines": "121",
        "Lon": 20.9245,
        "Lat": 52.2604
      },
      {
        "Brigade": "1",
        "Time": "2017-05-14 08:10:57",
        "Lines": "121",
        "Lon": 20.925,
        "Lat": 52.2608
      },
      {
        "Brigade": "1",
        "Time": "2017-05-14 08:11:12",
        "Lines": "121",
        "Lon": 20.925,
        "Lat": 52.2608
      },
      {
        "Brigade": "1",
        "Time": "2017-05-14 08:11:27",
        "Lines": "121",
        "Lon": 20.925,
        "Lat": 52.2608
      },
      {
        "Brigade": "1",
        "Time": "2017-05-14 08:11:43",
        "Lines": "121",
        "Lon": 20.925,
        "Lat": 52.2608
      },
      {
        "Brigade": "1",
        "Time": "2017-05-14 08:11:58",
        "Lines": "121",
        "Lon": 20.925,
        "Lat": 52.2608
      },
      {
        "Brigade": "1",
        "Time": "2017-05-14 08:12:14",
        "Lines": "121",
        "Lon": 20.925,
        "Lat": 52.2608
      },
      {
        "Brigade": "1",
        "Time": "2017-05-14 08:12:30",
        "Lines": "121",
        "Lon": 20.925,
        "Lat": 52.2608
      },
      {
        "Brigade": "1",
        "Time": "2017-05-14 08:12:45",
        "Lines": "121",
        "Lon": 20.925,
        "Lat": 52.2608
      },
      {
        "Brigade": "1",
        "Time": "2017-05-14 08:13:01",
        "Lines": "121",
        "Lon": 20.925,
        "Lat": 52.2608
      },
      {
        "Brigade": "1",
        "Time": "2017-05-14 08:13:16",
        "Lines": "121",
        "Lon": 20.925,
        "Lat": 52.2608
      },
      {
        "Brigade": "1",
        "Time": "2017-05-14 08:13:31",
        "Lines": "121",
        "Lon": 20.925,
        "Lat": 52.2608
      },
      {
        "Brigade": "1",
        "Time": "2017-05-14 08:13:47",
        "Lines": "121",
        "Lon": 20.925,
        "Lat": 52.2608
      },
      {
        "Brigade": "1",
        "Time": "2017-05-14 08:14:02",
        "Lines": "121",
        "Lon": 20.925,
        "Lat": 52.2608
      },
      {
        "Brigade": "1",
        "Time": "2017-05-14 08:14:18",
        "Lines": "121",
        "Lon": 20.925,
        "Lat": 52.2608
      },
      {
        "Brigade": "1",
        "Time": "2017-05-14 08:14:33",
        "Lines": "121",
        "Lon": 20.925,
        "Lat": 52.2608
      },
      {
        "Brigade": "1",
        "Time": "2017-05-14 08:14:48",
        "Lines": "121",
        "Lon": 20.925,
        "Lat": 52.2608
      },
      {
        "Brigade": "1",
        "Time": "2017-05-14 08:15:04",
        "Lines": "121",
        "Lon": 20.925,
        "Lat": 52.2608
      },
      {
        "Brigade": "1",
        "Time": "2017-05-14 08:15:20",
        "Lines": "121",
        "Lon": 20.925,
        "Lat": 52.2608
      },
      {
        "Brigade": "1",
        "Time": "2017-05-14 08:15:35",
        "Lines": "121",
        "Lon": 20.925,
        "Lat": 52.2608
      },
      {
        "Brigade": "1",
        "Time": "2017-05-14 08:15:50",
        "Lines": "121",
        "Lon": 20.925,
        "Lat": 52.2608
      },
      {
        "Brigade": "1",
        "Time": "2017-05-14 08:16:05",
        "Lines": "121",
        "Lon": 20.925,
        "Lat": 52.2608
      },
      {
        "Brigade": "1",
        "Time": "2017-05-14 08:16:21",
        "Lines": "121",
        "Lon": 20.925,
        "Lat": 52.2608
      },
      {
        "Brigade": "1",
        "Time": "2017-05-14 08:16:36",
        "Lines": "121",
        "Lon": 20.925,
        "Lat": 52.2608
      },
      {
        "Brigade": "1",
        "Time": "2017-05-14 08:16:57",
        "Lines": "121",
        "Lon": 20.925,
        "Lat": 52.2608
      },
      {
        "Brigade": "1",
        "Time": "2017-05-14 08:17:13",
        "Lines": "121",
        "Lon": 20.925,
        "Lat": 52.2608
      },
      {
        "Brigade": "1",
        "Time": "2017-05-14 08:17:28",
        "Lines": "121",
        "Lon": 20.925,
        "Lat": 52.2608
      },
      {
        "Brigade": "1",
        "Time": "2017-05-14 08:17:44",
        "Lines": "121",
        "Lon": 20.925,
        "Lat": 52.2608
      }
    ]
  }
]
