[
  {
    "res": [
      {
        "Brigade": "52",
        "Time": "2017-05-14 06:21:06",
        "Lines": "125",
        "Lon": 21.1155,
        "Lat": 52.2336
      },
      {
        "Brigade": "52",
        "Time": "2017-05-14 06:21:15",
        "Lines": "125",
        "Lon": 21.1155,
        "Lat": 52.2336
      },
      {
        "Brigade": "52",
        "Time": "2017-05-14 06:21:30",
        "Lines": "125",
        "Lon": 21.1163,
        "Lat": 52.2336
      },
      {
        "Brigade": "52",
        "Time": "2017-05-14 06:21:40",
        "Lines": "125",
        "Lon": 21.1169,
        "Lat": 52.2335
      },
      {
        "Brigade": "52",
        "Time": "2017-05-14 06:21:50",
        "Lines": "125",
        "Lon": 21.1173,
        "Lat": 52.2334
      },
      {
        "Brigade": "52",
        "Time": "2017-05-14 06:22:00",
        "Lines": "125",
        "Lon": 21.1175,
        "Lat": 52.2333
      },
      {
        "Brigade": "52",
        "Time": "2017-05-14 06:22:10",
        "Lines": "125",
        "Lon": 21.1176,
        "Lat": 52.2333
      },
      {
        "Brigade": "52",
        "Time": "2017-05-14 06:22:20",
        "Lines": "125",
        "Lon": 21.1176,
        "Lat": 52.2333
      },
      {
        "Brigade": "52",
        "Time": "2017-05-14 06:22:35",
        "Lines": "125",
        "Lon": 21.1177,
        "Lat": 52.2333
      },
      {
        "Brigade": "52",
        "Time": "2017-05-14 06:22:45",
        "Lines": "125",
        "Lon": 21.1177,
        "Lat": 52.2333
      },
      {
        "Brigade": "52",
        "Time": "2017-05-14 06:22:55",
        "Lines": "125",
        "Lon": 21.1177,
        "Lat": 52.2333
      },
      {
        "Brigade": "52",
        "Time": "2017-05-14 06:23:10",
        "Lines": "125",
        "Lon": 21.1176,
        "Lat": 52.2333
      },
      {
        "Brigade": "52",
        "Time": "2017-05-14 06:23:20",
        "Lines": "125",
        "Lon": 21.1177,
        "Lat": 52.2333
      },
      {
        "Brigade": "52",
        "Time": "2017-05-14 06:23:30",
        "Lines": "125",
        "Lon": 21.1179,
        "Lat": 52.2334
      },
      {
        "Brigade": "52",
        "Time": "2017-05-14 06:23:40",
        "Lines": "125",
        "Lon": 21.1182,
        "Lat": 52.2339
      },
      {
        "Brigade": "52",
        "Time": "2017-05-14 06:23:50",
        "Lines": "125",
        "Lon": 21.1178,
        "Lat": 52.2344
      },
      {
        "Brigade": "52",
        "Time": "2017-05-14 06:24:00",
        "Lines": "125",
        "Lon": 21.1178,
        "Lat": 52.2345
      },
      {
        "Brigade": "52",
        "Time": "2017-05-14 06:24:10",
        "Lines": "125",
        "Lon": 21.1177,
        "Lat": 52.2346
      },
      {
        "Brigade": "52",
        "Time": "2017-05-14 06:24:25",
        "Lines": "125",
        "Lon": 21.1172,
        "Lat": 52.2349
      },
      {
        "Brigade": "52",
        "Time": "2017-05-14 06:24:35",
        "Lines": "125",
        "Lon": 21.1171,
        "Lat": 52.2349
      },
      {
        "Brigade": "52",
        "Time": "2017-05-14 06:24:45",
        "Lines": "125",
        "Lon": 21.1172,
        "Lat": 52.2349
      },
      {
        "Brigade": "52",
        "Time": "2017-05-14 06:24:55",
        "Lines": "125",
        "Lon": 21.1172,
        "Lat": 52.2349
      },
      {
        "Brigade": "52",
        "Time": "2017-05-14 06:25:10",
        "Lines": "125",
        "Lon": 21.1169,
        "Lat": 52.2349
      },
      {
        "Brigade": "52",
        "Time": "2017-05-14 06:25:20",
        "Lines": "125",
        "Lon": 21.117,
        "Lat": 52.2349
      },
      {
        "Brigade": "52",
        "Time": "2017-05-14 06:25:30",
        "Lines": "125",
        "Lon": 21.1169,
        "Lat": 52.2349
      },
      {
        "Brigade": "52",
        "Time": "2017-05-14 06:25:40",
        "Lines": "125",
        "Lon": 21.117,
        "Lat": 52.2349
      },
      {
        "Brigade": "52",
        "Time": "2017-05-14 06:25:55",
        "Lines": "125",
        "Lon": 21.117,
        "Lat": 52.2349
      },
      {
        "Brigade": "52",
        "Time": "2017-05-14 06:26:05",
        "Lines": "125",
        "Lon": 21.117,
        "Lat": 52.2349
      },
      {
        "Brigade": "52",
        "Time": "2017-05-14 06:26:15",
        "Lines": "125",
        "Lon": 21.1169,
        "Lat": 52.2349
      },
      {
        "Brigade": "52",
        "Time": "2017-05-14 06:26:25",
        "Lines": "125",
        "Lon": 21.1169,
        "Lat": 52.2349
      },
      {
        "Brigade": "52",
        "Time": "2017-05-14 06:26:40",
        "Lines": "125",
        "Lon": 21.1168,
        "Lat": 52.2349
      },
      {
        "Brigade": "52",
        "Time": "2017-05-14 06:26:50",
        "Lines": "125",
        "Lon": 21.1168,
        "Lat": 52.2349
      },
      {
        "Brigade": "52",
        "Time": "2017-05-14 06:27:00",
        "Lines": "125",
        "Lon": 21.1168,
        "Lat": 52.235
      },
      {
        "Brigade": "52",
        "Time": "2017-05-14 06:27:10",
        "Lines": "125",
        "Lon": 21.1168,
        "Lat": 52.235
      },
      {
        "Brigade": "52",
        "Time": "2017-05-14 06:27:20",
        "Lines": "125",
        "Lon": 21.1168,
        "Lat": 52.235
      },
      {
        "Brigade": "52",
        "Time": "2017-05-14 06:27:35",
        "Lines": "125",
        "Lon": 21.1169,
        "Lat": 52.2349
      },
      {
        "Brigade": "52",
        "Time": "2017-05-14 06:27:45",
        "Lines": "125",
        "Lon": 21.1169,
        "Lat": 52.2349
      },
      {
        "Brigade": "52",
        "Time": "2017-05-14 06:27:55",
        "Lines": "125",
        "Lon": 21.1169,
        "Lat": 52.2349
      },
      {
        "Brigade": "52",
        "Time": "2017-05-14 06:28:05",
        "Lines": "125",
        "Lon": 21.1169,
        "Lat": 52.2349
      },
      {
        "Brigade": "52",
        "Time": "2017-05-14 06:28:17",
        "Lines": "125",
        "Lon": 21.1167,
        "Lat": 52.2349
      },
      {
        "Brigade": "52",
        "Time": "2017-05-14 06:28:25",
        "Lines": "125",
        "Lon": 21.1167,
        "Lat": 52.2352
      },
      {
        "Brigade": "52",
        "Time": "2017-05-14 06:28:40",
        "Lines": "125",
        "Lon": 21.1164,
        "Lat": 52.2351
      },
      {
        "Brigade": "52",
        "Time": "2017-05-14 06:29:20",
        "Lines": "125",
        "Lon": 21.1165,
        "Lat": 52.2351
      },
      {
        "Brigade": "52",
        "Time": "2017-05-14 06:29:45",
        "Lines": "125",
        "Lon": 21.1161,
        "Lat": 52.235
      },
      {
        "Brigade": "52",
        "Time": "2017-05-14 06:30:05",
        "Lines": "125",
        "Lon": 21.1163,
        "Lat": 52.2352
      },
      {
        "Brigade": "52",
        "Time": "2017-05-14 06:30:15",
        "Lines": "125",
        "Lon": 21.1164,
        "Lat": 52.2352
      },
      {
        "Brigade": "52",
        "Time": "2017-05-14 06:30:30",
        "Lines": "125",
        "Lon": 21.1165,
        "Lat": 52.2351
      },
      {
        "Brigade": "52",
        "Time": "2017-05-14 06:30:40",
        "Lines": "125",
        "Lon": 21.1167,
        "Lat": 52.235
      },
      {
        "Brigade": "52",
        "Time": "2017-05-14 06:30:50",
        "Lines": "125",
        "Lon": 21.1167,
        "Lat": 52.2349
      },
      {
        "Brigade": "52",
        "Time": "2017-05-14 06:31:00",
        "Lines": "125",
        "Lon": 21.1167,
        "Lat": 52.2349
      },
      {
        "Brigade": "52",
        "Time": "2017-05-14 06:31:12",
        "Lines": "125",
        "Lon": 21.1166,
        "Lat": 52.2349
      },
      {
        "Brigade": "52",
        "Time": "2017-05-14 06:31:35",
        "Lines": "125",
        "Lon": 21.1163,
        "Lat": 52.2349
      },
      {
        "Brigade": "52",
        "Time": "2017-05-14 06:31:45",
        "Lines": "125",
        "Lon": 21.1162,
        "Lat": 52.235
      },
      {
        "Brigade": "52",
        "Time": "2017-05-14 06:32:00",
        "Lines": "125",
        "Lon": 21.1161,
        "Lat": 52.2348
      },
      {
        "Brigade": "52",
        "Time": "2017-05-14 06:32:10",
        "Lines": "125",
        "Lon": 21.116,
        "Lat": 52.2349
      },
      {
        "Brigade": "52",
        "Time": "2017-05-14 06:32:20",
        "Lines": "125",
        "Lon": 21.116,
        "Lat": 52.2349
      },
      {
        "Brigade": "52",
        "Time": "2017-05-14 06:32:30",
        "Lines": "125",
        "Lon": 21.116,
        "Lat": 52.235
      },
      {
        "Brigade": "52",
        "Time": "2017-05-14 06:32:45",
        "Lines": "125",
        "Lon": 21.1159,
        "Lat": 52.235
      },
      {
        "Brigade": "52",
        "Time": "2017-05-14 06:32:55",
        "Lines": "125",
        "Lon": 21.1158,
        "Lat": 52.235
      },
      {
        "Brigade": "52",
        "Time": "2017-05-14 06:33:05",
        "Lines": "125",
        "Lon": 21.1157,
        "Lat": 52.2351
      },
      {
        "Brigade": "52",
        "Time": "2017-05-14 06:33:15",
        "Lines": "125",
        "Lon": 21.1156,
        "Lat": 52.2351
      },
      {
        "Brigade": "52",
        "Time": "2017-05-14 06:33:25",
        "Lines": "125",
        "Lon": 21.1151,
        "Lat": 52.2352
      },
      {
        "Brigade": "52",
        "Time": "2017-05-14 06:33:40",
        "Lines": "125",
        "Lon": 21.1143,
        "Lat": 52.2352
      },
      {
        "Brigade": "52",
        "Time": "2017-05-14 06:33:50",
        "Lines": "125",
        "Lon": 21.1143,
        "Lat": 52.2352
      },
      {
        "Brigade": "52",
        "Time": "2017-05-14 06:34:00",
        "Lines": "125",
        "Lon": 21.1143,
        "Lat": 52.2353
      },
      {
        "Brigade": "52",
        "Time": "2017-05-14 06:34:10",
        "Lines": "125",
        "Lon": 21.1143,
        "Lat": 52.2353
      },
      {
        "Brigade": "52",
        "Time": "2017-05-14 06:34:25",
        "Lines": "125",
        "Lon": 21.1143,
        "Lat": 52.2353
      },
      {
        "Brigade": "52",
        "Time": "2017-05-14 06:34:35",
        "Lines": "125",
        "Lon": 21.1143,
        "Lat": 52.2353
      },
      {
        "Brigade": "52",
        "Time": "2017-05-14 06:34:45",
        "Lines": "125",
        "Lon": 21.1143,
        "Lat": 52.2353
      },
      {
        "Brigade": "52",
        "Time": "2017-05-14 06:34:55",
        "Lines": "125",
        "Lon": 21.1143,
        "Lat": 52.2353
      },
      {
        "Brigade": "52",
        "Time": "2017-05-14 06:35:05",
        "Lines": "125",
        "Lon": 21.1143,
        "Lat": 52.2352
      },
      {
        "Brigade": "52",
        "Time": "2017-05-14 06:35:15",
        "Lines": "125",
        "Lon": 21.1143,
        "Lat": 52.2352
      },
      {
        "Brigade": "52",
        "Time": "2017-05-14 06:35:25",
        "Lines": "125",
        "Lon": 21.1143,
        "Lat": 52.2352
      },
      {
        "Brigade": "52",
        "Time": "2017-05-14 06:35:40",
        "Lines": "125",
        "Lon": 21.1143,
        "Lat": 52.2352
      },
      {
        "Brigade": "52",
        "Time": "2017-05-14 06:35:50",
        "Lines": "125",
        "Lon": 21.1143,
        "Lat": 52.2352
      },
      {
        "Brigade": "52",
        "Time": "2017-05-14 06:35:59",
        "Lines": "125",
        "Lon": 21.1143,
        "Lat": 52.2352
      },
      {
        "Brigade": "52",
        "Time": "2017-05-14 06:36:14",
        "Lines": "125",
        "Lon": 21.1143,
        "Lat": 52.2352
      },
      {
        "Brigade": "52",
        "Time": "2017-05-14 06:36:24",
        "Lines": "125",
        "Lon": 21.1143,
        "Lat": 52.2352
      },
      {
        "Brigade": "52",
        "Time": "2017-05-14 06:36:34",
        "Lines": "125",
        "Lon": 21.1143,
        "Lat": 52.2352
      },
      {
        "Brigade": "52",
        "Time": "2017-05-14 06:36:44",
        "Lines": "125",
        "Lon": 21.1143,
        "Lat": 52.2352
      },
      {
        "Brigade": "52",
        "Time": "2017-05-14 06:36:54",
        "Lines": "125",
        "Lon": 21.1143,
        "Lat": 52.2352
      },
      {
        "Brigade": "52",
        "Time": "2017-05-14 06:37:09",
        "Lines": "125",
        "Lon": 21.1143,
        "Lat": 52.2352
      },
      {
        "Brigade": "52",
        "Time": "2017-05-14 06:37:19",
        "Lines": "125",
        "Lon": 21.1143,
        "Lat": 52.2352
      },
      {
        "Brigade": "52",
        "Time": "2017-05-14 06:37:29",
        "Lines": "125",
        "Lon": 21.1143,
        "Lat": 52.2352
      },
      {
        "Brigade": "52",
        "Time": "2017-05-14 06:37:34",
        "Lines": "125",
        "Lon": 21.1143,
        "Lat": 52.2352
      },
      {
        "Brigade": "52",
        "Time": "2017-05-14 06:37:49",
        "Lines": "125",
        "Lon": 21.1143,
        "Lat": 52.2352
      },
      {
        "Brigade": "52",
        "Time": "2017-05-14 06:37:59",
        "Lines": "125",
        "Lon": 21.1143,
        "Lat": 52.2352
      },
      {
        "Brigade": "52",
        "Time": "2017-05-14 06:38:14",
        "Lines": "125",
        "Lon": 21.1143,
        "Lat": 52.2352
      },
      {
        "Brigade": "52",
        "Time": "2017-05-14 06:38:24",
        "Lines": "125",
        "Lon": 21.1141,
        "Lat": 52.2352
      },
      {
        "Brigade": "52",
        "Time": "2017-05-14 06:38:34",
        "Lines": "125",
        "Lon": 21.1138,
        "Lat": 52.235
      },
      {
        "Brigade": "52",
        "Time": "2017-05-14 06:38:44",
        "Lines": "125",
        "Lon": 21.1137,
        "Lat": 52.2346
      },
      {
        "Brigade": "52",
        "Time": "2017-05-14 06:38:54",
        "Lines": "125",
        "Lon": 21.1137,
        "Lat": 52.2345
      },
      {
        "Brigade": "52",
        "Time": "2017-05-14 06:39:09",
        "Lines": "125",
        "Lon": 21.1137,
        "Lat": 52.2344
      },
      {
        "Brigade": "52",
        "Time": "2017-05-14 06:39:19",
        "Lines": "125",
        "Lon": 21.1137,
        "Lat": 52.2344
      },
      {
        "Brigade": "52",
        "Time": "2017-05-14 06:39:29",
        "Lines": "125",
        "Lon": 21.1135,
        "Lat": 52.2343
      },
      {
        "Brigade": "52",
        "Time": "2017-05-14 06:39:39",
        "Lines": "125",
        "Lon": 21.1133,
        "Lat": 52.234
      },
      {
        "Brigade": "52",
        "Time": "2017-05-14 06:39:49",
        "Lines": "125",
        "Lon": 21.1133,
        "Lat": 52.2335
      },
      {
        "Brigade": "52",
        "Time": "2017-05-14 06:39:59",
        "Lines": "125",
        "Lon": 21.1133,
        "Lat": 52.233
      },
      {
        "Brigade": "52",
        "Time": "2017-05-14 06:40:14",
        "Lines": "125",
        "Lon": 21.1146,
        "Lat": 52.2327
      },
      {
        "Brigade": "52",
        "Time": "2017-05-14 06:40:19",
        "Lines": "125",
        "Lon": 21.1152,
        "Lat": 52.2327
      },
      {
        "Brigade": "52",
        "Time": "2017-05-14 06:40:34",
        "Lines": "125",
        "Lon": 21.1169,
        "Lat": 52.2325
      },
      {
        "Brigade": "52",
        "Time": "2017-05-14 06:40:49",
        "Lines": "125",
        "Lon": 21.1188,
        "Lat": 52.2325
      },
      {
        "Brigade": "52",
        "Time": "2017-05-14 06:41:09",
        "Lines": "125",
        "Lon": 21.1214,
        "Lat": 52.2325
      },
      {
        "Brigade": "52",
        "Time": "2017-05-14 06:41:14",
        "Lines": "125",
        "Lon": 21.1221,
        "Lat": 52.2324
      },
      {
        "Brigade": "52",
        "Time": "2017-05-14 06:41:29",
        "Lines": "125",
        "Lon": 21.1243,
        "Lat": 52.2324
      },
      {
        "Brigade": "52",
        "Time": "2017-05-14 06:41:44",
        "Lines": "125",
        "Lon": 21.1261,
        "Lat": 52.2327
      },
      {
        "Brigade": "52",
        "Time": "2017-05-14 06:42:04",
        "Lines": "125",
        "Lon": 21.1267,
        "Lat": 52.2332
      },
      {
        "Brigade": "52",
        "Time": "2017-05-14 06:42:14",
        "Lines": "125",
        "Lon": 21.1267,
        "Lat": 52.2333
      },
      {
        "Brigade": "52",
        "Time": "2017-05-14 06:42:24",
        "Lines": "125",
        "Lon": 21.1267,
        "Lat": 52.2333
      },
      {
        "Brigade": "52",
        "Time": "2017-05-14 06:42:34",
        "Lines": "125",
        "Lon": 21.1267,
        "Lat": 52.2333
      },
      {
        "Brigade": "52",
        "Time": "2017-05-14 06:42:44",
        "Lines": "125",
        "Lon": 21.1267,
        "Lat": 52.2333
      },
      {
        "Brigade": "52",
        "Time": "2017-05-14 06:42:59",
        "Lines": "125",
        "Lon": 21.1267,
        "Lat": 52.2333
      },
      {
        "Brigade": "52",
        "Time": "2017-05-14 06:43:09",
        "Lines": "125",
        "Lon": 21.127,
        "Lat": 52.2334
      },
      {
        "Brigade": "52",
        "Time": "2017-05-14 06:43:19",
        "Lines": "125",
        "Lon": 21.1278,
        "Lat": 52.2336
      },
      {
        "Brigade": "52",
        "Time": "2017-05-14 06:43:34",
        "Lines": "125",
        "Lon": 21.1274,
        "Lat": 52.2343
      },
      {
        "Brigade": "52",
        "Time": "2017-05-14 06:43:44",
        "Lines": "125",
        "Lon": 21.1273,
        "Lat": 52.2343
      },
      {
        "Brigade": "52",
        "Time": "2017-05-14 06:43:54",
        "Lines": "125",
        "Lon": 21.1272,
        "Lat": 52.2343
      },
      {
        "Brigade": "52",
        "Time": "2017-05-14 06:44:04",
        "Lines": "125",
        "Lon": 21.1265,
        "Lat": 52.2345
      },
      {
        "Brigade": "52",
        "Time": "2017-05-14 06:44:14",
        "Lines": "125",
        "Lon": 21.126,
        "Lat": 52.2349
      },
      {
        "Brigade": "52",
        "Time": "2017-05-14 06:44:29",
        "Lines": "125",
        "Lon": 21.1259,
        "Lat": 52.2349
      },
      {
        "Brigade": "52",
        "Time": "2017-05-14 06:44:39",
        "Lines": "125",
        "Lon": 21.1249,
        "Lat": 52.2354
      },
      {
        "Brigade": "52",
        "Time": "2017-05-14 06:44:49",
        "Lines": "125",
        "Lon": 21.1234,
        "Lat": 52.236
      },
      {
        "Brigade": "52",
        "Time": "2017-05-14 06:44:59",
        "Lines": "125",
        "Lon": 21.1219,
        "Lat": 52.2367
      },
      {
        "Brigade": "52",
        "Time": "2017-05-14 06:45:09",
        "Lines": "125",
        "Lon": 21.1206,
        "Lat": 52.2373
      },
      {
        "Brigade": "52",
        "Time": "2017-05-14 06:45:24",
        "Lines": "125",
        "Lon": 21.1204,
        "Lat": 52.2373
      },
      {
        "Brigade": "52",
        "Time": "2017-05-14 06:45:29",
        "Lines": "125",
        "Lon": 21.1204,
        "Lat": 52.2373
      },
      {
        "Brigade": "52",
        "Time": "2017-05-14 06:45:44",
        "Lines": "125",
        "Lon": 21.1197,
        "Lat": 52.2377
      },
      {
        "Brigade": "52",
        "Time": "2017-05-14 06:45:51",
        "Lines": "125",
        "Lon": 21.119,
        "Lat": 52.238
      },
      {
        "Brigade": "52",
        "Time": "2017-05-14 06:46:04",
        "Lines": "125",
        "Lon": 21.1189,
        "Lat": 52.238
      },
      {
        "Brigade": "52",
        "Time": "2017-05-14 06:46:14",
        "Lines": "125",
        "Lon": 21.1179,
        "Lat": 52.2384
      },
      {
        "Brigade": "52",
        "Time": "2017-05-14 06:46:29",
        "Lines": "125",
        "Lon": 21.1154,
        "Lat": 52.2396
      },
      {
        "Brigade": "52",
        "Time": "2017-05-14 06:46:39",
        "Lines": "125",
        "Lon": 21.1134,
        "Lat": 52.2401
      },
      {
        "Brigade": "52",
        "Time": "2017-05-14 06:46:49",
        "Lines": "125",
        "Lon": 21.1114,
        "Lat": 52.2406
      },
      {
        "Brigade": "52",
        "Time": "2017-05-14 06:46:59",
        "Lines": "125",
        "Lon": 21.1094,
        "Lat": 52.241
      },
      {
        "Brigade": "52",
        "Time": "2017-05-14 06:47:14",
        "Lines": "125",
        "Lon": 21.1067,
        "Lat": 52.2415
      },
      {
        "Brigade": "52",
        "Time": "2017-05-14 06:47:24",
        "Lines": "125",
        "Lon": 21.1066,
        "Lat": 52.2415
      },
      {
        "Brigade": "52",
        "Time": "2017-05-14 06:47:34",
        "Lines": "125",
        "Lon": 21.1053,
        "Lat": 52.2418
      },
      {
        "Brigade": "52",
        "Time": "2017-05-14 06:47:44",
        "Lines": "125",
        "Lon": 21.1034,
        "Lat": 52.2422
      },
      {
        "Brigade": "52",
        "Time": "2017-05-14 06:47:54",
        "Lines": "125",
        "Lon": 21.1026,
        "Lat": 52.2424
      },
      {
        "Brigade": "52",
        "Time": "2017-05-14 06:48:04",
        "Lines": "125",
        "Lon": 21.1026,
        "Lat": 52.2424
      },
      {
        "Brigade": "52",
        "Time": "2017-05-14 06:48:19",
        "Lines": "125",
        "Lon": 21.1011,
        "Lat": 52.2427
      },
      {
        "Brigade": "52",
        "Time": "2017-05-14 06:48:29",
        "Lines": "125",
        "Lon": 21.1011,
        "Lat": 52.2427
      },
      {
        "Brigade": "52",
        "Time": "2017-05-14 06:48:39",
        "Lines": "125",
        "Lon": 21.1003,
        "Lat": 52.2429
      },
      {
        "Brigade": "52",
        "Time": "2017-05-14 06:48:49",
        "Lines": "125",
        "Lon": 21.0986,
        "Lat": 52.2433
      },
      {
        "Brigade": "52",
        "Time": "2017-05-14 06:48:54",
        "Lines": "125",
        "Lon": 21.0977,
        "Lat": 52.2435
      },
      {
        "Brigade": "52",
        "Time": "2017-05-14 06:49:04",
        "Lines": "125",
        "Lon": 21.096,
        "Lat": 52.2438
      },
      {
        "Brigade": "52",
        "Time": "2017-05-14 06:49:44",
        "Lines": "125",
        "Lon": 21.0921,
        "Lat": 52.2447
      },
      {
        "Brigade": "52",
        "Time": "2017-05-14 06:50:04",
        "Lines": "125",
        "Lon": 21.0883,
        "Lat": 52.2453
      },
      {
        "Brigade": "52",
        "Time": "2017-05-14 06:50:19",
        "Lines": "125",
        "Lon": 21.0854,
        "Lat": 52.2455
      },
      {
        "Brigade": "52",
        "Time": "2017-05-14 06:50:29",
        "Lines": "125",
        "Lon": 21.0849,
        "Lat": 52.2455
      },
      {
        "Brigade": "52",
        "Time": "2017-05-14 06:50:44",
        "Lines": "125",
        "Lon": 21.0843,
        "Lat": 52.2455
      },
      {
        "Brigade": "52",
        "Time": "2017-05-14 06:51:04",
        "Lines": "125",
        "Lon": 21.0843,
        "Lat": 52.2455
      },
      {
        "Brigade": "52",
        "Time": "2017-05-14 06:51:14",
        "Lines": "125",
        "Lon": 21.0842,
        "Lat": 52.2455
      },
      {
        "Brigade": "52",
        "Time": "2017-05-14 06:51:24",
        "Lines": "125",
        "Lon": 21.084,
        "Lat": 52.2455
      },
      {
        "Brigade": "52",
        "Time": "2017-05-14 06:51:34",
        "Lines": "125",
        "Lon": 21.0826,
        "Lat": 52.2456
      },
      {
        "Brigade": "52",
        "Time": "2017-05-14 06:51:49",
        "Lines": "125",
        "Lon": 21.0797,
        "Lat": 52.2458
      },
      {
        "Brigade": "52",
        "Time": "2017-05-14 06:51:59",
        "Lines": "125",
        "Lon": 21.0793,
        "Lat": 52.2458
      },
      {
        "Brigade": "52",
        "Time": "2017-05-14 06:52:09",
        "Lines": "125",
        "Lon": 21.0792,
        "Lat": 52.2459
      },
      {
        "Brigade": "52",
        "Time": "2017-05-14 06:52:19",
        "Lines": "125",
        "Lon": 21.0779,
        "Lat": 52.2459
      },
      {
        "Brigade": "52",
        "Time": "2017-05-14 06:52:29",
        "Lines": "125",
        "Lon": 21.0761,
        "Lat": 52.246
      },
      {
        "Brigade": "52",
        "Time": "2017-05-14 06:52:51",
        "Lines": "125",
        "Lon": 21.0732,
        "Lat": 52.2461
      },
      {
        "Brigade": "52",
        "Time": "2017-05-14 06:53:04",
        "Lines": "125",
        "Lon": 21.0728,
        "Lat": 52.2461
      },
      {
        "Brigade": "52",
        "Time": "2017-05-14 06:53:14",
        "Lines": "125",
        "Lon": 21.0712,
        "Lat": 52.2462
      },
      {
        "Brigade": "52",
        "Time": "2017-05-14 06:53:29",
        "Lines": "125",
        "Lon": 21.0699,
        "Lat": 52.2463
      },
      {
        "Brigade": "52",
        "Time": "2017-05-14 06:53:39",
        "Lines": "125",
        "Lon": 21.0688,
        "Lat": 52.2463
      },
      {
        "Brigade": "52",
        "Time": "2017-05-14 06:53:49",
        "Lines": "125",
        "Lon": 21.0688,
        "Lat": 52.2464
      },
      {
        "Brigade": "52",
        "Time": "2017-05-14 06:53:59",
        "Lines": "125",
        "Lon": 21.0677,
        "Lat": 52.2464
      },
      {
        "Brigade": "52",
        "Time": "2017-05-14 06:54:09",
        "Lines": "125",
        "Lon": 21.0658,
        "Lat": 52.2465
      },
      {
        "Brigade": "52",
        "Time": "2017-05-14 06:54:20",
        "Lines": "125",
        "Lon": 21.0629,
        "Lat": 52.2468
      },
      {
        "Brigade": "52",
        "Time": "2017-05-14 06:54:21",
        "Lines": "125",
        "Lon": 21.0628,
        "Lat": 52.2468
      },
      {
        "Brigade": "52",
        "Time": "2017-05-14 06:54:24",
        "Lines": "125",
        "Lon": 21.0623,
        "Lat": 52.2468
      },
      {
        "Brigade": "52",
        "Time": "2017-05-14 06:54:30",
        "Lines": "125",
        "Lon": 21.0611,
        "Lat": 52.2469
      },
      {
        "Brigade": "52",
        "Time": "2017-05-14 06:54:37",
        "Lines": "125",
        "Lon": 21.0591,
        "Lat": 52.247
      },
      {
        "Brigade": "52",
        "Time": "2017-05-14 06:55:19",
        "Lines": "125",
        "Lon": 21.0575,
        "Lat": 52.2471
      },
      {
        "Brigade": "52",
        "Time": "2017-05-14 06:55:29",
        "Lines": "125",
        "Lon": 21.0574,
        "Lat": 52.2471
      },
      {
        "Brigade": "52",
        "Time": "2017-05-14 06:55:44",
        "Lines": "125",
        "Lon": 21.0555,
        "Lat": 52.2473
      },
      {
        "Brigade": "52",
        "Time": "2017-05-14 06:55:54",
        "Lines": "125",
        "Lon": 21.0534,
        "Lat": 52.2474
      },
      {
        "Brigade": "52",
        "Time": "2017-05-14 06:56:04",
        "Lines": "125",
        "Lon": 21.0516,
        "Lat": 52.2475
      },
      {
        "Brigade": "52",
        "Time": "2017-05-14 06:56:14",
        "Lines": "125",
        "Lon": 21.0507,
        "Lat": 52.2476
      },
      {
        "Brigade": "52",
        "Time": "2017-05-14 06:56:24",
        "Lines": "125",
        "Lon": 21.0493,
        "Lat": 52.2476
      },
      {
        "Brigade": "52",
        "Time": "2017-05-14 06:56:34",
        "Lines": "125",
        "Lon": 21.0485,
        "Lat": 52.2478
      },
      {
        "Brigade": "52",
        "Time": "2017-05-14 06:56:44",
        "Lines": "125",
        "Lon": 21.0481,
        "Lat": 52.2478
      },
      {
        "Brigade": "52",
        "Time": "2017-05-14 06:56:59",
        "Lines": "125",
        "Lon": 21.0465,
        "Lat": 52.2483
      },
      {
        "Brigade": "52",
        "Time": "2017-05-14 06:57:09",
        "Lines": "125",
        "Lon": 21.0464,
        "Lat": 52.2484
      },
      {
        "Brigade": "52",
        "Time": "2017-05-14 06:57:24",
        "Lines": "125",
        "Lon": 21.0459,
        "Lat": 52.2482
      },
      {
        "Brigade": "52",
        "Time": "2017-05-14 06:57:34",
        "Lines": "125",
        "Lon": 21.0454,
        "Lat": 52.2478
      },
      {
        "Brigade": "52",
        "Time": "2017-05-14 06:57:44",
        "Lines": "125",
        "Lon": 21.0443,
        "Lat": 52.2479
      },
      {
        "Brigade": "52",
        "Time": "2017-05-14 06:57:54",
        "Lines": "125",
        "Lon": 21.044,
        "Lat": 52.2478
      },
      {
        "Brigade": "52",
        "Time": "2017-05-14 06:58:04",
        "Lines": "125",
        "Lon": 21.0439,
        "Lat": 52.2478
      },
      {
        "Brigade": "52",
        "Time": "2017-05-14 06:58:19",
        "Lines": "125",
        "Lon": 21.0432,
        "Lat": 52.2475
      },
      {
        "Brigade": "52",
        "Time": "2017-05-14 06:58:29",
        "Lines": "125",
        "Lon": 21.0431,
        "Lat": 52.2472
      },
      {
        "Brigade": "52",
        "Time": "2017-05-14 06:58:39",
        "Lines": "125",
        "Lon": 21.0432,
        "Lat": 52.2469
      },
      {
        "Brigade": "52",
        "Time": "2017-05-14 06:58:49",
        "Lines": "125",
        "Lon": 21.0431,
        "Lat": 52.2458
      },
      {
        "Brigade": "52",
        "Time": "2017-05-14 06:58:59",
        "Lines": "125",
        "Lon": 21.043,
        "Lat": 52.2448
      },
      {
        "Brigade": "52",
        "Time": "2017-05-14 07:00:04",
        "Lines": "125",
        "Lon": 21.0427,
        "Lat": 52.2444
      },
      {
        "Brigade": "52",
        "Time": "2017-05-14 07:00:19",
        "Lines": "125",
        "Lon": 21.0427,
        "Lat": 52.2444
      },
      {
        "Brigade": "52",
        "Time": "2017-05-14 07:00:29",
        "Lines": "125",
        "Lon": 21.0426,
        "Lat": 52.2443
      },
      {
        "Brigade": "52",
        "Time": "2017-05-14 07:00:44",
        "Lines": "125",
        "Lon": 21.043,
        "Lat": 52.2437
      },
      {
        "Brigade": "52",
        "Time": "2017-05-14 07:00:54",
        "Lines": "125",
        "Lon": 21.0426,
        "Lat": 52.2427
      },
      {
        "Brigade": "52",
        "Time": "2017-05-14 07:01:04",
        "Lines": "125",
        "Lon": 21.0418,
        "Lat": 52.2419
      },
      {
        "Brigade": "52",
        "Time": "2017-05-14 07:01:17",
        "Lines": "125",
        "Lon": 21.0414,
        "Lat": 52.2416
      },
      {
        "Brigade": "52",
        "Time": "2017-05-14 07:01:29",
        "Lines": "125",
        "Lon": 21.0414,
        "Lat": 52.2416
      },
      {
        "Brigade": "52",
        "Time": "2017-05-14 07:01:39",
        "Lines": "125",
        "Lon": 21.0414,
        "Lat": 52.2416
      },
      {
        "Brigade": "52",
        "Time": "2017-05-14 07:01:49",
        "Lines": "125",
        "Lon": 21.0414,
        "Lat": 52.2416
      },
      {
        "Brigade": "52",
        "Time": "2017-05-14 07:01:59",
        "Lines": "125",
        "Lon": 21.0414,
        "Lat": 52.2416
      },
      {
        "Brigade": "52",
        "Time": "2017-05-14 07:02:09",
        "Lines": "125",
        "Lon": 21.0414,
        "Lat": 52.2416
      },
      {
        "Brigade": "52",
        "Time": "2017-05-14 07:02:19",
        "Lines": "125",
        "Lon": 21.0414,
        "Lat": 52.2416
      },
      {
        "Brigade": "52",
        "Time": "2017-05-14 07:02:34",
        "Lines": "125",
        "Lon": 21.0414,
        "Lat": 52.2416
      },
      {
        "Brigade": "52",
        "Time": "2017-05-14 07:02:44",
        "Lines": "125",
        "Lon": 21.0414,
        "Lat": 52.2416
      },
      {
        "Brigade": "52",
        "Time": "2017-05-14 07:02:54",
        "Lines": "125",
        "Lon": 21.0414,
        "Lat": 52.2416
      },
      {
        "Brigade": "52",
        "Time": "2017-05-14 07:03:09",
        "Lines": "125",
        "Lon": 21.0414,
        "Lat": 52.2415
      },
      {
        "Brigade": "52",
        "Time": "2017-05-14 07:03:19",
        "Lines": "125",
        "Lon": 21.0414,
        "Lat": 52.2415
      },
      {
        "Brigade": "52",
        "Time": "2017-05-14 07:03:29",
        "Lines": "125",
        "Lon": 21.0414,
        "Lat": 52.2415
      },
      {
        "Brigade": "52",
        "Time": "2017-05-14 07:03:39",
        "Lines": "125",
        "Lon": 21.0414,
        "Lat": 52.2415
      },
      {
        "Brigade": "52",
        "Time": "2017-05-14 07:03:49",
        "Lines": "125",
        "Lon": 21.0414,
        "Lat": 52.2415
      },
      {
        "Brigade": "52",
        "Time": "2017-05-14 07:04:04",
        "Lines": "125",
        "Lon": 21.0414,
        "Lat": 52.2416
      },
      {
        "Brigade": "52",
        "Time": "2017-05-14 07:04:14",
        "Lines": "125",
        "Lon": 21.0414,
        "Lat": 52.2416
      },
      {
        "Brigade": "52",
        "Time": "2017-05-14 07:04:24",
        "Lines": "125",
        "Lon": 21.0414,
        "Lat": 52.2415
      },
      {
        "Brigade": "52",
        "Time": "2017-05-14 07:04:34",
        "Lines": "125",
        "Lon": 21.0414,
        "Lat": 52.2415
      },
      {
        "Brigade": "52",
        "Time": "2017-05-14 07:04:44",
        "Lines": "125",
        "Lon": 21.0414,
        "Lat": 52.2415
      },
      {
        "Brigade": "52",
        "Time": "2017-05-14 07:04:59",
        "Lines": "125",
        "Lon": 21.0413,
        "Lat": 52.2415
      },
      {
        "Brigade": "52",
        "Time": "2017-05-14 07:05:09",
        "Lines": "125",
        "Lon": 21.0413,
        "Lat": 52.2415
      },
      {
        "Brigade": "52",
        "Time": "2017-05-14 07:05:19",
        "Lines": "125",
        "Lon": 21.0413,
        "Lat": 52.2415
      },
      {
        "Brigade": "52",
        "Time": "2017-05-14 07:05:29",
        "Lines": "125",
        "Lon": 21.0413,
        "Lat": 52.2415
      },
      {
        "Brigade": "52",
        "Time": "2017-05-14 07:05:39",
        "Lines": "125",
        "Lon": 21.0413,
        "Lat": 52.2415
      },
      {
        "Brigade": "52",
        "Time": "2017-05-14 07:05:54",
        "Lines": "125",
        "Lon": 21.0413,
        "Lat": 52.2415
      },
      {
        "Brigade": "52",
        "Time": "2017-05-14 07:06:04",
        "Lines": "125",
        "Lon": 21.0413,
        "Lat": 52.2415
      },
      {
        "Brigade": "52",
        "Time": "2017-05-14 07:06:14",
        "Lines": "125",
        "Lon": 21.0414,
        "Lat": 52.2415
      },
      {
        "Brigade": "52",
        "Time": "2017-05-14 07:06:24",
        "Lines": "125",
        "Lon": 21.0414,
        "Lat": 52.2415
      },
      {
        "Brigade": "52",
        "Time": "2017-05-14 07:06:34",
        "Lines": "125",
        "Lon": 21.0414,
        "Lat": 52.2415
      },
      {
        "Brigade": "52",
        "Time": "2017-05-14 07:06:49",
        "Lines": "125",
        "Lon": 21.0414,
        "Lat": 52.2416
      },
      {
        "Brigade": "52",
        "Time": "2017-05-14 07:06:59",
        "Lines": "125",
        "Lon": 21.0414,
        "Lat": 52.2416
      },
      {
        "Brigade": "52",
        "Time": "2017-05-14 07:07:09",
        "Lines": "125",
        "Lon": 21.0413,
        "Lat": 52.2416
      },
      {
        "Brigade": "52",
        "Time": "2017-05-14 07:07:19",
        "Lines": "125",
        "Lon": 21.0413,
        "Lat": 52.2416
      },
      {
        "Brigade": "52",
        "Time": "2017-05-14 07:07:34",
        "Lines": "125",
        "Lon": 21.0413,
        "Lat": 52.2416
      },
      {
        "Brigade": "52",
        "Time": "2017-05-14 07:07:44",
        "Lines": "125",
        "Lon": 21.0414,
        "Lat": 52.2415
      },
      {
        "Brigade": "52",
        "Time": "2017-05-14 07:07:54",
        "Lines": "125",
        "Lon": 21.0413,
        "Lat": 52.2415
      },
      {
        "Brigade": "52",
        "Time": "2017-05-14 07:08:04",
        "Lines": "125",
        "Lon": 21.0413,
        "Lat": 52.2415
      },
      {
        "Brigade": "52",
        "Time": "2017-05-14 07:08:14",
        "Lines": "125",
        "Lon": 21.0413,
        "Lat": 52.2415
      },
      {
        "Brigade": "52",
        "Time": "2017-05-14 07:08:29",
        "Lines": "125",
        "Lon": 21.0412,
        "Lat": 52.2415
      },
      {
        "Brigade": "52",
        "Time": "2017-05-14 07:08:39",
        "Lines": "125",
        "Lon": 21.0412,
        "Lat": 52.2415
      },
      {
        "Brigade": "52",
        "Time": "2017-05-14 07:08:49",
        "Lines": "125",
        "Lon": 21.0412,
        "Lat": 52.2415
      },
      {
        "Brigade": "52",
        "Time": "2017-05-14 07:08:59",
        "Lines": "125",
        "Lon": 21.0412,
        "Lat": 52.2415
      },
      {
        "Brigade": "52",
        "Time": "2017-05-14 07:09:09",
        "Lines": "125",
        "Lon": 21.0412,
        "Lat": 52.2415
      },
      {
        "Brigade": "52",
        "Time": "2017-05-14 07:09:24",
        "Lines": "125",
        "Lon": 21.0413,
        "Lat": 52.2415
      },
      {
        "Brigade": "52",
        "Time": "2017-05-14 07:09:34",
        "Lines": "125",
        "Lon": 21.0413,
        "Lat": 52.2415
      },
      {
        "Brigade": "52",
        "Time": "2017-05-14 07:09:44",
        "Lines": "125",
        "Lon": 21.0413,
        "Lat": 52.2415
      },
      {
        "Brigade": "52",
        "Time": "2017-05-14 07:09:54",
        "Lines": "125",
        "Lon": 21.0413,
        "Lat": 52.2415
      },
      {
        "Brigade": "52",
        "Time": "2017-05-14 07:10:04",
        "Lines": "125",
        "Lon": 21.0414,
        "Lat": 52.2415
      },
      {
        "Brigade": "52",
        "Time": "2017-05-14 07:10:14",
        "Lines": "125",
        "Lon": 21.0415,
        "Lat": 52.2416
      },
      {
        "Brigade": "52",
        "Time": "2017-05-14 07:10:29",
        "Lines": "125",
        "Lon": 21.0415,
        "Lat": 52.2416
      },
      {
        "Brigade": "52",
        "Time": "2017-05-14 07:10:39",
        "Lines": "125",
        "Lon": 21.0415,
        "Lat": 52.2416
      },
      {
        "Brigade": "52",
        "Time": "2017-05-14 07:10:49",
        "Lines": "125",
        "Lon": 21.0415,
        "Lat": 52.2416
      },
      {
        "Brigade": "52",
        "Time": "2017-05-14 07:10:59",
        "Lines": "125",
        "Lon": 21.0415,
        "Lat": 52.2416
      },
      {
        "Brigade": "52",
        "Time": "2017-05-14 07:11:14",
        "Lines": "125",
        "Lon": 21.0415,
        "Lat": 52.2415
      },
      {
        "Brigade": "52",
        "Time": "2017-05-14 07:11:24",
        "Lines": "125",
        "Lon": 21.0414,
        "Lat": 52.2415
      },
      {
        "Brigade": "52",
        "Time": "2017-05-14 07:11:34",
        "Lines": "125",
        "Lon": 21.0414,
        "Lat": 52.2415
      },
      {
        "Brigade": "52",
        "Time": "2017-05-14 07:11:44",
        "Lines": "125",
        "Lon": 21.0414,
        "Lat": 52.2415
      },
      {
        "Brigade": "52",
        "Time": "2017-05-14 07:11:54",
        "Lines": "125",
        "Lon": 21.0415,
        "Lat": 52.2415
      },
      {
        "Brigade": "52",
        "Time": "2017-05-14 07:12:04",
        "Lines": "125",
        "Lon": 21.0414,
        "Lat": 52.2415
      },
      {
        "Brigade": "52",
        "Time": "2017-05-14 07:12:19",
        "Lines": "125",
        "Lon": 21.0414,
        "Lat": 52.2415
      },
      {
        "Brigade": "52",
        "Time": "2017-05-14 07:12:29",
        "Lines": "125",
        "Lon": 21.0415,
        "Lat": 52.2415
      },
      {
        "Brigade": "52",
        "Time": "2017-05-14 07:12:39",
        "Lines": "125",
        "Lon": 21.0415,
        "Lat": 52.2415
      },
      {
        "Brigade": "52",
        "Time": "2017-05-14 07:12:49",
        "Lines": "125",
        "Lon": 21.0415,
        "Lat": 52.2415
      },
      {
        "Brigade": "52",
        "Time": "2017-05-14 07:12:59",
        "Lines": "125",
        "Lon": 21.0415,
        "Lat": 52.2415
      },
      {
        "Brigade": "52",
        "Time": "2017-05-14 07:13:14",
        "Lines": "125",
        "Lon": 21.0415,
        "Lat": 52.2415
      },
      {
        "Brigade": "52",
        "Time": "2017-05-14 07:13:24",
        "Lines": "125",
        "Lon": 21.0415,
        "Lat": 52.2416
      },
      {
        "Brigade": "52",
        "Time": "2017-05-14 07:13:34",
        "Lines": "125",
        "Lon": 21.0415,
        "Lat": 52.2416
      },
      {
        "Brigade": "52",
        "Time": "2017-05-14 07:13:44",
        "Lines": "125",
        "Lon": 21.0415,
        "Lat": 52.2416
      },
      {
        "Brigade": "52",
        "Time": "2017-05-14 07:13:59",
        "Lines": "125",
        "Lon": 21.0415,
        "Lat": 52.2416
      },
      {
        "Brigade": "52",
        "Time": "2017-05-14 07:14:09",
        "Lines": "125",
        "Lon": 21.0415,
        "Lat": 52.2416
      },
      {
        "Brigade": "52",
        "Time": "2017-05-14 07:14:19",
        "Lines": "125",
        "Lon": 21.0414,
        "Lat": 52.2416
      },
      {
        "Brigade": "52",
        "Time": "2017-05-14 07:14:29",
        "Lines": "125",
        "Lon": 21.0411,
        "Lat": 52.2413
      },
      {
        "Brigade": "52",
        "Time": "2017-05-14 07:14:39",
        "Lines": "125",
        "Lon": 21.0406,
        "Lat": 52.2411
      },
      {
        "Brigade": "52",
        "Time": "2017-05-14 07:14:54",
        "Lines": "125",
        "Lon": 21.0405,
        "Lat": 52.241
      },
      {
        "Brigade": "52",
        "Time": "2017-05-14 07:15:04",
        "Lines": "125",
        "Lon": 21.0405,
        "Lat": 52.241
      },
      {
        "Brigade": "52",
        "Time": "2017-05-14 07:15:14",
        "Lines": "125",
        "Lon": 21.0402,
        "Lat": 52.2412
      },
      {
        "Brigade": "52",
        "Time": "2017-05-14 07:15:24",
        "Lines": "125",
        "Lon": 21.0393,
        "Lat": 52.2418
      },
      {
        "Brigade": "52",
        "Time": "2017-05-14 07:15:34",
        "Lines": "125",
        "Lon": 21.039,
        "Lat": 52.2428
      },
      {
        "Brigade": "52",
        "Time": "2017-05-14 07:15:49",
        "Lines": "125",
        "Lon": 21.039,
        "Lat": 52.2436
      },
      {
        "Brigade": "52",
        "Time": "2017-05-14 07:15:54",
        "Lines": "125",
        "Lon": 21.0396,
        "Lat": 52.2437
      },
      {
        "Brigade": "52",
        "Time": "2017-05-14 07:15:59",
        "Lines": "125",
        "Lon": 21.0403,
        "Lat": 52.2437
      },
      {
        "Brigade": "52",
        "Time": "2017-05-14 07:16:32",
        "Lines": "125",
        "Lon": 21.0585,
        "Lat": 52.2468
      },
      {
        "Brigade": "52",
        "Time": "2017-05-14 07:16:37",
        "Lines": "125",
        "Lon": 21.0433,
        "Lat": 52.246
      },
      {
        "Brigade": "52",
        "Time": "2017-05-14 07:16:40",
        "Lines": "125",
        "Lon": 21.0596,
        "Lat": 52.2467
      },
      {
        "Brigade": "52",
        "Time": "2017-05-14 07:16:48",
        "Lines": "125",
        "Lon": 21.0434,
        "Lat": 52.246
      },
      {
        "Brigade": "52",
        "Time": "2017-05-14 07:16:58",
        "Lines": "125",
        "Lon": 21.0434,
        "Lat": 52.2467
      },
      {
        "Brigade": "52",
        "Time": "2017-05-14 07:17:08",
        "Lines": "125",
        "Lon": 21.0435,
        "Lat": 52.2475
      },
      {
        "Brigade": "52",
        "Time": "2017-05-14 07:17:18",
        "Lines": "125",
        "Lon": 21.044,
        "Lat": 52.2478
      },
      {
        "Brigade": "52",
        "Time": "2017-05-14 07:17:29",
        "Lines": "125",
        "Lon": 21.0597,
        "Lat": 52.2467
      },
      {
        "Brigade": "52",
        "Time": "2017-05-14 07:17:38",
        "Lines": "125",
        "Lon": 21.0457,
        "Lat": 52.2479
      },
      {
        "Brigade": "52",
        "Time": "2017-05-14 07:17:48",
        "Lines": "125",
        "Lon": 21.0461,
        "Lat": 52.2481
      },
      {
        "Brigade": "52",
        "Time": "2017-05-14 07:17:58",
        "Lines": "125",
        "Lon": 21.0466,
        "Lat": 52.2479
      },
      {
        "Brigade": "52",
        "Time": "2017-05-14 07:18:08",
        "Lines": "125",
        "Lon": 21.0467,
        "Lat": 52.2479
      },
      {
        "Brigade": "52",
        "Time": "2017-05-14 07:18:18",
        "Lines": "125",
        "Lon": 21.0467,
        "Lat": 52.2479
      },
      {
        "Brigade": "52",
        "Time": "2017-05-14 07:18:28",
        "Lines": "125",
        "Lon": 21.0467,
        "Lat": 52.2479
      },
      {
        "Brigade": "52",
        "Time": "2017-05-14 07:18:34",
        "Lines": "125",
        "Lon": 21.0613,
        "Lat": 52.2466
      },
      {
        "Brigade": "52",
        "Time": "2017-05-14 07:18:39",
        "Lines": "125",
        "Lon": 21.0476,
        "Lat": 52.2476
      },
      {
        "Brigade": "52",
        "Time": "2017-05-14 07:18:49",
        "Lines": "125",
        "Lon": 21.0483,
        "Lat": 52.2474
      },
      {
        "Brigade": "52",
        "Time": "2017-05-14 07:18:59",
        "Lines": "125",
        "Lon": 21.0484,
        "Lat": 52.2474
      },
      {
        "Brigade": "52",
        "Time": "2017-05-14 07:19:09",
        "Lines": "125",
        "Lon": 21.0493,
        "Lat": 52.2475
      },
      {
        "Brigade": "52",
        "Time": "2017-05-14 07:19:09",
        "Lines": "125",
        "Lon": 21.0631,
        "Lat": 52.2467
      },
      {
        "Brigade": "52",
        "Time": "2017-05-14 07:19:19",
        "Lines": "125",
        "Lon": 21.0511,
        "Lat": 52.2474
      },
      {
        "Brigade": "52",
        "Time": "2017-05-14 07:19:39",
        "Lines": "125",
        "Lon": 21.0547,
        "Lat": 52.2471
      },
      {
        "Brigade": "52",
        "Time": "2017-05-14 07:19:49",
        "Lines": "125",
        "Lon": 21.0565,
        "Lat": 52.247
      },
      {
        "Brigade": "52",
        "Time": "2017-05-14 07:19:54",
        "Lines": "125",
        "Lon": 21.0641,
        "Lat": 52.2467
      },
      {
        "Brigade": "52",
        "Time": "2017-05-14 07:20:19",
        "Lines": "125",
        "Lon": 21.0644,
        "Lat": 52.2467
      },
      {
        "Brigade": "52",
        "Time": "2017-05-14 07:21:04",
        "Lines": "125",
        "Lon": 21.0649,
        "Lat": 52.2466
      },
      {
        "Brigade": "52",
        "Time": "2017-05-14 07:21:29",
        "Lines": "125",
        "Lon": 21.0663,
        "Lat": 52.2464
      },
      {
        "Brigade": "52",
        "Time": "2017-05-14 07:21:39",
        "Lines": "125",
        "Lon": 21.068,
        "Lat": 52.2463
      },
      {
        "Brigade": "52",
        "Time": "2017-05-14 07:21:54",
        "Lines": "125",
        "Lon": 21.0692,
        "Lat": 52.2462
      },
      {
        "Brigade": "52",
        "Time": "2017-05-14 07:22:04",
        "Lines": "125",
        "Lon": 21.0693,
        "Lat": 52.2463
      },
      {
        "Brigade": "52",
        "Time": "2017-05-14 07:22:14",
        "Lines": "125",
        "Lon": 21.0697,
        "Lat": 52.2462
      },
      {
        "Brigade": "52",
        "Time": "2017-05-14 07:22:24",
        "Lines": "125",
        "Lon": 21.0702,
        "Lat": 52.2461
      },
      {
        "Brigade": "52",
        "Time": "2017-05-14 07:22:34",
        "Lines": "125",
        "Lon": 21.0705,
        "Lat": 52.2461
      },
      {
        "Brigade": "52",
        "Time": "2017-05-14 07:22:49",
        "Lines": "125",
        "Lon": 21.073,
        "Lat": 52.2459
      },
      {
        "Brigade": "52",
        "Time": "2017-05-14 07:22:59",
        "Lines": "125",
        "Lon": 21.075,
        "Lat": 52.2458
      },
      {
        "Brigade": "52",
        "Time": "2017-05-14 07:23:08",
        "Lines": "125",
        "Lon": 21.0759,
        "Lat": 52.2457
      },
      {
        "Brigade": "52",
        "Time": "2017-05-14 07:23:19",
        "Lines": "125",
        "Lon": 21.0759,
        "Lat": 52.2457
      },
      {
        "Brigade": "52",
        "Time": "2017-05-14 07:23:29",
        "Lines": "125",
        "Lon": 21.077,
        "Lat": 52.2457
      },
      {
        "Brigade": "52",
        "Time": "2017-05-14 07:23:44",
        "Lines": "125",
        "Lon": 21.0796,
        "Lat": 52.2456
      },
      {
        "Brigade": "52",
        "Time": "2017-05-14 07:23:54",
        "Lines": "125",
        "Lon": 21.0814,
        "Lat": 52.2454
      },
      {
        "Brigade": "52",
        "Time": "2017-05-14 07:24:04",
        "Lines": "125",
        "Lon": 21.0831,
        "Lat": 52.2453
      },
      {
        "Brigade": "52",
        "Time": "2017-05-14 07:24:14",
        "Lines": "125",
        "Lon": 21.0833,
        "Lat": 52.2453
      },
      {
        "Brigade": "52",
        "Time": "2017-05-14 07:24:24",
        "Lines": "125",
        "Lon": 21.0836,
        "Lat": 52.2452
      },
      {
        "Brigade": "52",
        "Time": "2017-05-14 07:24:34",
        "Lines": "125",
        "Lon": 21.0843,
        "Lat": 52.2445
      },
      {
        "Brigade": "52",
        "Time": "2017-05-14 07:24:49",
        "Lines": "125",
        "Lon": 21.0858,
        "Lat": 52.2448
      },
      {
        "Brigade": "52",
        "Time": "2017-05-14 07:24:59",
        "Lines": "125",
        "Lon": 21.0867,
        "Lat": 52.245
      },
      {
        "Brigade": "52",
        "Time": "2017-05-14 07:25:05",
        "Lines": "125",
        "Lon": 21.0871,
        "Lat": 52.2449
      },
      {
        "Brigade": "52",
        "Time": "2017-05-14 07:25:24",
        "Lines": "125",
        "Lon": 21.0871,
        "Lat": 52.2449
      },
      {
        "Brigade": "52",
        "Time": "2017-05-14 07:25:34",
        "Lines": "125",
        "Lon": 21.0875,
        "Lat": 52.245
      },
      {
        "Brigade": "52",
        "Time": "2017-05-14 07:25:39",
        "Lines": "125",
        "Lon": 21.0886,
        "Lat": 52.2449
      },
      {
        "Brigade": "52",
        "Time": "2017-05-14 07:25:54",
        "Lines": "125",
        "Lon": 21.0908,
        "Lat": 52.2446
      },
      {
        "Brigade": "52",
        "Time": "2017-05-14 07:26:04",
        "Lines": "125",
        "Lon": 21.0927,
        "Lat": 52.2443
      },
      {
        "Brigade": "52",
        "Time": "2017-05-14 07:26:14",
        "Lines": "125",
        "Lon": 21.0945,
        "Lat": 52.2439
      },
      {
        "Brigade": "52",
        "Time": "2017-05-14 07:26:29",
        "Lines": "125",
        "Lon": 21.0961,
        "Lat": 52.2435
      },
      {
        "Brigade": "52",
        "Time": "2017-05-14 07:26:39",
        "Lines": "125",
        "Lon": 21.0961,
        "Lat": 52.2435
      },
      {
        "Brigade": "52",
        "Time": "2017-05-14 07:26:49",
        "Lines": "125",
        "Lon": 21.0962,
        "Lat": 52.2435
      },
      {
        "Brigade": "52",
        "Time": "2017-05-14 07:26:59",
        "Lines": "125",
        "Lon": 21.0973,
        "Lat": 52.2433
      },
      {
        "Brigade": "52",
        "Time": "2017-05-14 07:27:09",
        "Lines": "125",
        "Lon": 21.0989,
        "Lat": 52.2429
      },
      {
        "Brigade": "52",
        "Time": "2017-05-14 07:27:23",
        "Lines": "125",
        "Lon": 21.1007,
        "Lat": 52.2425
      },
      {
        "Brigade": "52",
        "Time": "2017-05-14 07:27:31",
        "Lines": "125",
        "Lon": 21.1007,
        "Lat": 52.2425
      },
      {
        "Brigade": "52",
        "Time": "2017-05-14 07:27:44",
        "Lines": "125",
        "Lon": 21.1014,
        "Lat": 52.2424
      },
      {
        "Brigade": "52",
        "Time": "2017-05-14 07:27:54",
        "Lines": "125",
        "Lon": 21.1017,
        "Lat": 52.2423
      },
      {
        "Brigade": "52",
        "Time": "2017-05-14 07:28:04",
        "Lines": "125",
        "Lon": 21.1018,
        "Lat": 52.2423
      },
      {
        "Brigade": "52",
        "Time": "2017-05-14 07:28:14",
        "Lines": "125",
        "Lon": 21.1018,
        "Lat": 52.2423
      },
      {
        "Brigade": "52",
        "Time": "2017-05-14 07:28:29",
        "Lines": "125",
        "Lon": 21.1018,
        "Lat": 52.2423
      },
      {
        "Brigade": "52",
        "Time": "2017-05-14 07:28:39",
        "Lines": "125",
        "Lon": 21.102,
        "Lat": 52.2423
      },
      {
        "Brigade": "52",
        "Time": "2017-05-14 07:28:49",
        "Lines": "125",
        "Lon": 21.1033,
        "Lat": 52.242
      },
      {
        "Brigade": "52",
        "Time": "2017-05-14 07:28:59",
        "Lines": "125",
        "Lon": 21.1051,
        "Lat": 52.2417
      },
      {
        "Brigade": "52",
        "Time": "2017-05-14 07:29:14",
        "Lines": "125",
        "Lon": 21.108,
        "Lat": 52.2411
      },
      {
        "Brigade": "52",
        "Time": "2017-05-14 07:29:25",
        "Lines": "125",
        "Lon": 21.1093,
        "Lat": 52.2407
      },
      {
        "Brigade": "52",
        "Time": "2017-05-14 07:29:34",
        "Lines": "125",
        "Lon": 21.1093,
        "Lat": 52.2408
      },
      {
        "Brigade": "52",
        "Time": "2017-05-14 07:29:45",
        "Lines": "125",
        "Lon": 21.1103,
        "Lat": 52.2405
      },
      {
        "Brigade": "52",
        "Time": "2017-05-14 07:29:59",
        "Lines": "125",
        "Lon": 21.1126,
        "Lat": 52.24
      },
      {
        "Brigade": "52",
        "Time": "2017-05-14 07:30:09",
        "Lines": "125",
        "Lon": 21.1145,
        "Lat": 52.2396
      },
      {
        "Brigade": "52",
        "Time": "2017-05-14 07:30:20",
        "Lines": "125",
        "Lon": 21.1166,
        "Lat": 52.2388
      },
      {
        "Brigade": "52",
        "Time": "2017-05-14 07:30:29",
        "Lines": "125",
        "Lon": 21.1179,
        "Lat": 52.2382
      },
      {
        "Brigade": "52",
        "Time": "2017-05-14 07:30:44",
        "Lines": "125",
        "Lon": 21.1203,
        "Lat": 52.2371
      },
      {
        "Brigade": "52",
        "Time": "2017-05-14 07:30:50",
        "Lines": "125",
        "Lon": 21.121,
        "Lat": 52.2367
      },
      {
        "Brigade": "52",
        "Time": "2017-05-14 07:31:05",
        "Lines": "125",
        "Lon": 21.1211,
        "Lat": 52.2367
      },
      {
        "Brigade": "52",
        "Time": "2017-05-14 07:31:14",
        "Lines": "125",
        "Lon": 21.121,
        "Lat": 52.2367
      },
      {
        "Brigade": "52",
        "Time": "2017-05-14 07:31:24",
        "Lines": "125",
        "Lon": 21.1217,
        "Lat": 52.2365
      },
      {
        "Brigade": "52",
        "Time": "2017-05-14 07:31:34",
        "Lines": "125",
        "Lon": 21.1231,
        "Lat": 52.2358
      },
      {
        "Brigade": "52",
        "Time": "2017-05-14 07:31:49",
        "Lines": "125",
        "Lon": 21.1255,
        "Lat": 52.2348
      },
      {
        "Brigade": "52",
        "Time": "2017-05-14 07:31:59",
        "Lines": "125",
        "Lon": 21.1256,
        "Lat": 52.2347
      },
      {
        "Brigade": "52",
        "Time": "2017-05-14 07:32:09",
        "Lines": "125",
        "Lon": 21.126,
        "Lat": 52.2345
      },
      {
        "Brigade": "52",
        "Time": "2017-05-14 07:32:19",
        "Lines": "125",
        "Lon": 21.1264,
        "Lat": 52.2342
      },
      {
        "Brigade": "52",
        "Time": "2017-05-14 07:32:29",
        "Lines": "125",
        "Lon": 21.1264,
        "Lat": 52.2342
      },
      {
        "Brigade": "52",
        "Time": "2017-05-14 07:32:44",
        "Lines": "125",
        "Lon": 21.1265,
        "Lat": 52.2342
      },
      {
        "Brigade": "52",
        "Time": "2017-05-14 07:32:54",
        "Lines": "125",
        "Lon": 21.1265,
        "Lat": 52.2342
      },
      {
        "Brigade": "52",
        "Time": "2017-05-14 07:33:04",
        "Lines": "125",
        "Lon": 21.1265,
        "Lat": 52.2342
      },
      {
        "Brigade": "52",
        "Time": "2017-05-14 07:33:14",
        "Lines": "125",
        "Lon": 21.1265,
        "Lat": 52.2342
      },
      {
        "Brigade": "52",
        "Time": "2017-05-14 07:33:24",
        "Lines": "125",
        "Lon": 21.1266,
        "Lat": 52.2341
      },
      {
        "Brigade": "52",
        "Time": "2017-05-14 07:33:39",
        "Lines": "125",
        "Lon": 21.1272,
        "Lat": 52.2334
      },
      {
        "Brigade": "52",
        "Time": "2017-05-14 07:33:49",
        "Lines": "125",
        "Lon": 21.1283,
        "Lat": 52.2335
      },
      {
        "Brigade": "52",
        "Time": "2017-05-14 07:33:59",
        "Lines": "125",
        "Lon": 21.1292,
        "Lat": 52.2327
      },
      {
        "Brigade": "52",
        "Time": "2017-05-14 07:34:09",
        "Lines": "125",
        "Lon": 21.1306,
        "Lat": 52.2321
      },
      {
        "Brigade": "52",
        "Time": "2017-05-14 07:34:19",
        "Lines": "125",
        "Lon": 21.1323,
        "Lat": 52.2317
      },
      {
        "Brigade": "52",
        "Time": "2017-05-14 07:34:34",
        "Lines": "125",
        "Lon": 21.1349,
        "Lat": 52.2307
      },
      {
        "Brigade": "52",
        "Time": "2017-05-14 07:34:44",
        "Lines": "125",
        "Lon": 21.1365,
        "Lat": 52.23
      },
      {
        "Brigade": "52",
        "Time": "2017-05-14 07:34:54",
        "Lines": "125",
        "Lon": 21.1381,
        "Lat": 52.2293
      },
      {
        "Brigade": "52",
        "Time": "2017-05-14 07:35:04",
        "Lines": "125",
        "Lon": 21.1393,
        "Lat": 52.2288
      },
      {
        "Brigade": "52",
        "Time": "2017-05-14 07:35:14",
        "Lines": "125",
        "Lon": 21.1395,
        "Lat": 52.2287
      },
      {
        "Brigade": "52",
        "Time": "2017-05-14 07:35:29",
        "Lines": "125",
        "Lon": 21.1395,
        "Lat": 52.2287
      },
      {
        "Brigade": "52",
        "Time": "2017-05-14 07:35:38",
        "Lines": "125",
        "Lon": 21.1398,
        "Lat": 52.2285
      },
      {
        "Brigade": "52",
        "Time": "2017-05-14 07:35:50",
        "Lines": "125",
        "Lon": 21.1407,
        "Lat": 52.2282
      },
      {
        "Brigade": "52",
        "Time": "2017-05-14 07:35:59",
        "Lines": "125",
        "Lon": 21.1407,
        "Lat": 52.2282
      },
      {
        "Brigade": "52",
        "Time": "2017-05-14 07:36:09",
        "Lines": "125",
        "Lon": 21.141,
        "Lat": 52.228
      },
      {
        "Brigade": "52",
        "Time": "2017-05-14 07:36:24",
        "Lines": "125",
        "Lon": 21.143,
        "Lat": 52.2272
      },
      {
        "Brigade": "52",
        "Time": "2017-05-14 07:36:34",
        "Lines": "125",
        "Lon": 21.1444,
        "Lat": 52.2266
      },
      {
        "Brigade": "52",
        "Time": "2017-05-14 07:36:44",
        "Lines": "125",
        "Lon": 21.1462,
        "Lat": 52.2264
      },
      {
        "Brigade": "52",
        "Time": "2017-05-14 07:36:54",
        "Lines": "125",
        "Lon": 21.148,
        "Lat": 52.2263
      },
      {
        "Brigade": "52",
        "Time": "2017-05-14 07:37:04",
        "Lines": "125",
        "Lon": 21.15,
        "Lat": 52.2262
      },
      {
        "Brigade": "52",
        "Time": "2017-05-14 07:37:14",
        "Lines": "125",
        "Lon": 21.1518,
        "Lat": 52.2262
      },
      {
        "Brigade": "52",
        "Time": "2017-05-14 07:37:24",
        "Lines": "125",
        "Lon": 21.1535,
        "Lat": 52.2261
      },
      {
        "Brigade": "52",
        "Time": "2017-05-14 07:37:39",
        "Lines": "125",
        "Lon": 21.1549,
        "Lat": 52.226
      },
      {
        "Brigade": "52",
        "Time": "2017-05-14 07:37:49",
        "Lines": "125",
        "Lon": 21.1549,
        "Lat": 52.226
      },
      {
        "Brigade": "52",
        "Time": "2017-05-14 07:37:59",
        "Lines": "125",
        "Lon": 21.155,
        "Lat": 52.226
      },
      {
        "Brigade": "52",
        "Time": "2017-05-14 07:38:09",
        "Lines": "125",
        "Lon": 21.1555,
        "Lat": 52.226
      },
      {
        "Brigade": "52",
        "Time": "2017-05-14 07:38:24",
        "Lines": "125",
        "Lon": 21.1578,
        "Lat": 52.226
      },
      {
        "Brigade": "52",
        "Time": "2017-05-14 07:38:34",
        "Lines": "125",
        "Lon": 21.1596,
        "Lat": 52.2259
      },
      {
        "Brigade": "52",
        "Time": "2017-05-14 07:38:42",
        "Lines": "125",
        "Lon": 21.1606,
        "Lat": 52.2259
      },
      {
        "Brigade": "52",
        "Time": "2017-05-14 07:38:54",
        "Lines": "125",
        "Lon": 21.1606,
        "Lat": 52.2258
      },
      {
        "Brigade": "52",
        "Time": "2017-05-14 07:39:09",
        "Lines": "125",
        "Lon": 21.1615,
        "Lat": 52.2257
      },
      {
        "Brigade": "52",
        "Time": "2017-05-14 07:39:19",
        "Lines": "125",
        "Lon": 21.1617,
        "Lat": 52.225
      },
      {
        "Brigade": "52",
        "Time": "2017-05-14 07:39:29",
        "Lines": "125",
        "Lon": 21.1621,
        "Lat": 52.2237
      },
      {
        "Brigade": "52",
        "Time": "2017-05-14 07:39:41",
        "Lines": "125",
        "Lon": 21.1627,
        "Lat": 52.2221
      },
      {
        "Brigade": "52",
        "Time": "2017-05-14 07:39:49",
        "Lines": "125",
        "Lon": 21.163,
        "Lat": 52.2213
      },
      {
        "Brigade": "52",
        "Time": "2017-05-14 07:40:04",
        "Lines": "125",
        "Lon": 21.163,
        "Lat": 52.221
      },
      {
        "Brigade": "52",
        "Time": "2017-05-14 07:40:14",
        "Lines": "125",
        "Lon": 21.1633,
        "Lat": 52.2205
      },
      {
        "Brigade": "52",
        "Time": "2017-05-14 07:40:24",
        "Lines": "125",
        "Lon": 21.1637,
        "Lat": 52.2193
      },
      {
        "Brigade": "52",
        "Time": "2017-05-14 07:40:34",
        "Lines": "125",
        "Lon": 21.1641,
        "Lat": 52.2182
      },
      {
        "Brigade": "52",
        "Time": "2017-05-14 07:40:44",
        "Lines": "125",
        "Lon": 21.1643,
        "Lat": 52.2178
      },
      {
        "Brigade": "52",
        "Time": "2017-05-14 07:40:54",
        "Lines": "125",
        "Lon": 21.1643,
        "Lat": 52.2177
      },
      {
        "Brigade": "52",
        "Time": "2017-05-14 07:41:09",
        "Lines": "125",
        "Lon": 21.1648,
        "Lat": 52.2164
      },
      {
        "Brigade": "52",
        "Time": "2017-05-14 07:41:19",
        "Lines": "125",
        "Lon": 21.1653,
        "Lat": 52.2152
      },
      {
        "Brigade": "52",
        "Time": "2017-05-14 07:41:29",
        "Lines": "125",
        "Lon": 21.1657,
        "Lat": 52.2141
      },
      {
        "Brigade": "52",
        "Time": "2017-05-14 07:41:42",
        "Lines": "125",
        "Lon": 21.1661,
        "Lat": 52.2128
      },
      {
        "Brigade": "52",
        "Time": "2017-05-14 07:41:49",
        "Lines": "125",
        "Lon": 21.1661,
        "Lat": 52.2127
      },
      {
        "Brigade": "52",
        "Time": "2017-05-14 07:42:04",
        "Lines": "125",
        "Lon": 21.1663,
        "Lat": 52.2124
      },
      {
        "Brigade": "52",
        "Time": "2017-05-14 07:42:14",
        "Lines": "125",
        "Lon": 21.1667,
        "Lat": 52.2114
      },
      {
        "Brigade": "52",
        "Time": "2017-05-14 07:42:24",
        "Lines": "125",
        "Lon": 21.168,
        "Lat": 52.2107
      },
      {
        "Brigade": "52",
        "Time": "2017-05-14 07:42:34",
        "Lines": "125",
        "Lon": 21.1698,
        "Lat": 52.2104
      },
      {
        "Brigade": "52",
        "Time": "2017-05-14 07:42:44",
        "Lines": "125",
        "Lon": 21.1713,
        "Lat": 52.21
      },
      {
        "Brigade": "52",
        "Time": "2017-05-14 07:42:54",
        "Lines": "125",
        "Lon": 21.1715,
        "Lat": 52.2097
      },
      {
        "Brigade": "52",
        "Time": "2017-05-14 07:43:09",
        "Lines": "125",
        "Lon": 21.1719,
        "Lat": 52.2093
      },
      {
        "Brigade": "52",
        "Time": "2017-05-14 07:43:19",
        "Lines": "125",
        "Lon": 21.1727,
        "Lat": 52.2084
      },
      {
        "Brigade": "52",
        "Time": "2017-05-14 07:43:29",
        "Lines": "125",
        "Lon": 21.1735,
        "Lat": 52.2072
      },
      {
        "Brigade": "52",
        "Time": "2017-05-14 07:43:44",
        "Lines": "125",
        "Lon": 21.1745,
        "Lat": 52.2062
      },
      {
        "Brigade": "52",
        "Time": "2017-05-14 07:43:54",
        "Lines": "125",
        "Lon": 21.1745,
        "Lat": 52.2061
      },
      {
        "Brigade": "52",
        "Time": "2017-05-14 07:44:04",
        "Lines": "125",
        "Lon": 21.1749,
        "Lat": 52.206
      },
      {
        "Brigade": "52",
        "Time": "2017-05-14 07:44:16",
        "Lines": "125",
        "Lon": 21.1758,
        "Lat": 52.2061
      },
      {
        "Brigade": "52",
        "Time": "2017-05-14 07:44:27",
        "Lines": "125",
        "Lon": 21.1758,
        "Lat": 52.2061
      },
      {
        "Brigade": "52",
        "Time": "2017-05-14 07:44:39",
        "Lines": "125",
        "Lon": 21.1759,
        "Lat": 52.2061
      },
      {
        "Brigade": "52",
        "Time": "2017-05-14 07:44:49",
        "Lines": "125",
        "Lon": 21.1771,
        "Lat": 52.2063
      },
      {
        "Brigade": "52",
        "Time": "2017-05-14 07:44:59",
        "Lines": "125",
        "Lon": 21.179,
        "Lat": 52.2066
      },
      {
        "Brigade": "52",
        "Time": "2017-05-14 07:45:09",
        "Lines": "125",
        "Lon": 21.1809,
        "Lat": 52.2069
      },
      {
        "Brigade": "52",
        "Time": "2017-05-14 07:45:24",
        "Lines": "125",
        "Lon": 21.1829,
        "Lat": 52.2068
      },
      {
        "Brigade": "52",
        "Time": "2017-05-14 07:45:34",
        "Lines": "125",
        "Lon": 21.1829,
        "Lat": 52.2069
      },
      {
        "Brigade": "52",
        "Time": "2017-05-14 07:45:44",
        "Lines": "125",
        "Lon": 21.1837,
        "Lat": 52.2068
      },
      {
        "Brigade": "52",
        "Time": "2017-05-14 07:45:54",
        "Lines": "125",
        "Lon": 21.1854,
        "Lat": 52.2068
      },
      {
        "Brigade": "52",
        "Time": "2017-05-14 07:46:09",
        "Lines": "125",
        "Lon": 21.1884,
        "Lat": 52.2071
      },
      {
        "Brigade": "52",
        "Time": "2017-05-14 07:46:19",
        "Lines": "125",
        "Lon": 21.1905,
        "Lat": 52.2073
      },
      {
        "Brigade": "52",
        "Time": "2017-05-14 07:46:29",
        "Lines": "125",
        "Lon": 21.1924,
        "Lat": 52.2074
      },
      {
        "Brigade": "52",
        "Time": "2017-05-14 07:46:37",
        "Lines": "125",
        "Lon": 21.1933,
        "Lat": 52.2074
      },
      {
        "Brigade": "52",
        "Time": "2017-05-14 07:46:49",
        "Lines": "125",
        "Lon": 21.1932,
        "Lat": 52.2074
      },
      {
        "Brigade": "52",
        "Time": "2017-05-14 07:46:59",
        "Lines": "125",
        "Lon": 21.194,
        "Lat": 52.2075
      },
      {
        "Brigade": "52",
        "Time": "2017-05-14 07:47:14",
        "Lines": "125",
        "Lon": 21.1965,
        "Lat": 52.2079
      },
      {
        "Brigade": "52",
        "Time": "2017-05-14 07:47:24",
        "Lines": "125",
        "Lon": 21.1974,
        "Lat": 52.2081
      },
      {
        "Brigade": "52",
        "Time": "2017-05-14 07:47:34",
        "Lines": "125",
        "Lon": 21.1972,
        "Lat": 52.2084
      },
      {
        "Brigade": "52",
        "Time": "2017-05-14 07:47:44",
        "Lines": "125",
        "Lon": 21.1967,
        "Lat": 52.2083
      },
      {
        "Brigade": "52",
        "Time": "2017-05-14 07:47:59",
        "Lines": "125",
        "Lon": 21.1967,
        "Lat": 52.2083
      },
      {
        "Brigade": "52",
        "Time": "2017-05-14 07:48:09",
        "Lines": "125",
        "Lon": 21.1967,
        "Lat": 52.2083
      },
      {
        "Brigade": "52",
        "Time": "2017-05-14 07:48:19",
        "Lines": "125",
        "Lon": 21.1967,
        "Lat": 52.2084
      },
      {
        "Brigade": "52",
        "Time": "2017-05-14 07:48:29",
        "Lines": "125",
        "Lon": 21.1967,
        "Lat": 52.2084
      },
      {
        "Brigade": "52",
        "Time": "2017-05-14 07:48:39",
        "Lines": "125",
        "Lon": 21.1967,
        "Lat": 52.2084
      },
      {
        "Brigade": "52",
        "Time": "2017-05-14 07:48:54",
        "Lines": "125",
        "Lon": 21.1967,
        "Lat": 52.2084
      },
      {
        "Brigade": "52",
        "Time": "2017-05-14 07:49:04",
        "Lines": "125",
        "Lon": 21.1967,
        "Lat": 52.2084
      },
      {
        "Brigade": "52",
        "Time": "2017-05-14 07:49:14",
        "Lines": "125",
        "Lon": 21.1967,
        "Lat": 52.2084
      },
      {
        "Brigade": "52",
        "Time": "2017-05-14 07:49:24",
        "Lines": "125",
        "Lon": 21.1967,
        "Lat": 52.2084
      },
      {
        "Brigade": "52",
        "Time": "2017-05-14 07:49:34",
        "Lines": "125",
        "Lon": 21.1967,
        "Lat": 52.2084
      },
      {
        "Brigade": "52",
        "Time": "2017-05-14 07:49:49",
        "Lines": "125",
        "Lon": 21.1967,
        "Lat": 52.2083
      },
      {
        "Brigade": "52",
        "Time": "2017-05-14 07:49:59",
        "Lines": "125",
        "Lon": 21.1967,
        "Lat": 52.2084
      },
      {
        "Brigade": "52",
        "Time": "2017-05-14 07:50:09",
        "Lines": "125",
        "Lon": 21.1967,
        "Lat": 52.2084
      },
      {
        "Brigade": "52",
        "Time": "2017-05-14 07:50:19",
        "Lines": "125",
        "Lon": 21.1966,
        "Lat": 52.2084
      },
      {
        "Brigade": "52",
        "Time": "2017-05-14 07:50:29",
        "Lines": "125",
        "Lon": 21.1966,
        "Lat": 52.2083
      },
      {
        "Brigade": "52",
        "Time": "2017-05-14 07:50:39",
        "Lines": "125",
        "Lon": 21.1966,
        "Lat": 52.2083
      },
      {
        "Brigade": "52",
        "Time": "2017-05-14 07:50:54",
        "Lines": "125",
        "Lon": 21.1966,
        "Lat": 52.2083
      },
      {
        "Brigade": "52",
        "Time": "2017-05-14 07:51:04",
        "Lines": "125",
        "Lon": 21.1966,
        "Lat": 52.2083
      },
      {
        "Brigade": "52",
        "Time": "2017-05-14 07:51:14",
        "Lines": "125",
        "Lon": 21.1966,
        "Lat": 52.2083
      },
      {
        "Brigade": "52",
        "Time": "2017-05-14 07:51:29",
        "Lines": "125",
        "Lon": 21.1965,
        "Lat": 52.2083
      },
      {
        "Brigade": "52",
        "Time": "2017-05-14 07:51:39",
        "Lines": "125",
        "Lon": 21.1965,
        "Lat": 52.2083
      },
      {
        "Brigade": "52",
        "Time": "2017-05-14 07:51:49",
        "Lines": "125",
        "Lon": 21.1965,
        "Lat": 52.2083
      },
      {
        "Brigade": "52",
        "Time": "2017-05-14 07:51:59",
        "Lines": "125",
        "Lon": 21.1965,
        "Lat": 52.2083
      },
      {
        "Brigade": "52",
        "Time": "2017-05-14 07:52:09",
        "Lines": "125",
        "Lon": 21.1965,
        "Lat": 52.2083
      },
      {
        "Brigade": "52",
        "Time": "2017-05-14 07:52:24",
        "Lines": "125",
        "Lon": 21.1966,
        "Lat": 52.2083
      },
      {
        "Brigade": "52",
        "Time": "2017-05-14 07:52:34",
        "Lines": "125",
        "Lon": 21.1966,
        "Lat": 52.2083
      },
      {
        "Brigade": "52",
        "Time": "2017-05-14 07:52:44",
        "Lines": "125",
        "Lon": 21.1966,
        "Lat": 52.2083
      },
      {
        "Brigade": "52",
        "Time": "2017-05-14 07:52:54",
        "Lines": "125",
        "Lon": 21.1966,
        "Lat": 52.2083
      },
      {
        "Brigade": "52",
        "Time": "2017-05-14 07:53:04",
        "Lines": "125",
        "Lon": 21.1966,
        "Lat": 52.2083
      },
      {
        "Brigade": "52",
        "Time": "2017-05-14 07:53:19",
        "Lines": "125",
        "Lon": 21.1967,
        "Lat": 52.2083
      },
      {
        "Brigade": "52",
        "Time": "2017-05-14 07:53:30",
        "Lines": "125",
        "Lon": 21.1967,
        "Lat": 52.2083
      },
      {
        "Brigade": "52",
        "Time": "2017-05-14 07:53:39",
        "Lines": "125",
        "Lon": 21.1967,
        "Lat": 52.2083
      },
      {
        "Brigade": "52",
        "Time": "2017-05-14 07:53:49",
        "Lines": "125",
        "Lon": 21.1966,
        "Lat": 52.2083
      },
      {
        "Brigade": "52",
        "Time": "2017-05-14 07:54:04",
        "Lines": "125",
        "Lon": 21.1966,
        "Lat": 52.2083
      },
      {
        "Brigade": "52",
        "Time": "2017-05-14 07:54:14",
        "Lines": "125",
        "Lon": 21.1966,
        "Lat": 52.2083
      },
      {
        "Brigade": "52",
        "Time": "2017-05-14 07:54:24",
        "Lines": "125",
        "Lon": 21.1966,
        "Lat": 52.2083
      },
      {
        "Brigade": "52",
        "Time": "2017-05-14 07:54:34",
        "Lines": "125",
        "Lon": 21.1966,
        "Lat": 52.2083
      },
      {
        "Brigade": "52",
        "Time": "2017-05-14 07:54:44",
        "Lines": "125",
        "Lon": 21.1966,
        "Lat": 52.2083
      },
      {
        "Brigade": "52",
        "Time": "2017-05-14 07:54:59",
        "Lines": "125",
        "Lon": 21.1966,
        "Lat": 52.2082
      },
      {
        "Brigade": "52",
        "Time": "2017-05-14 07:55:09",
        "Lines": "125",
        "Lon": 21.1966,
        "Lat": 52.2083
      },
      {
        "Brigade": "52",
        "Time": "2017-05-14 07:55:19",
        "Lines": "125",
        "Lon": 21.1966,
        "Lat": 52.2083
      },
      {
        "Brigade": "52",
        "Time": "2017-05-14 07:55:29",
        "Lines": "125",
        "Lon": 21.1966,
        "Lat": 52.2083
      },
      {
        "Brigade": "52",
        "Time": "2017-05-14 07:55:39",
        "Lines": "125",
        "Lon": 21.1966,
        "Lat": 52.2083
      },
      {
        "Brigade": "52",
        "Time": "2017-05-14 07:55:54",
        "Lines": "125",
        "Lon": 21.1966,
        "Lat": 52.2083
      },
      {
        "Brigade": "52",
        "Time": "2017-05-14 07:56:04",
        "Lines": "125",
        "Lon": 21.1966,
        "Lat": 52.2083
      },
      {
        "Brigade": "52",
        "Time": "2017-05-14 07:56:14",
        "Lines": "125",
        "Lon": 21.1966,
        "Lat": 52.2083
      },
      {
        "Brigade": "52",
        "Time": "2017-05-14 07:56:24",
        "Lines": "125",
        "Lon": 21.1966,
        "Lat": 52.2083
      },
      {
        "Brigade": "52",
        "Time": "2017-05-14 07:56:34",
        "Lines": "125",
        "Lon": 21.1966,
        "Lat": 52.2083
      },
      {
        "Brigade": "52",
        "Time": "2017-05-14 07:56:44",
        "Lines": "125",
        "Lon": 21.1966,
        "Lat": 52.2083
      },
      {
        "Brigade": "52",
        "Time": "2017-05-14 07:56:59",
        "Lines": "125",
        "Lon": 21.1966,
        "Lat": 52.2083
      },
      {
        "Brigade": "52",
        "Time": "2017-05-14 07:57:09",
        "Lines": "125",
        "Lon": 21.1966,
        "Lat": 52.2083
      },
      {
        "Brigade": "52",
        "Time": "2017-05-14 07:57:19",
        "Lines": "125",
        "Lon": 21.1966,
        "Lat": 52.2083
      },
      {
        "Brigade": "52",
        "Time": "2017-05-14 07:57:29",
        "Lines": "125",
        "Lon": 21.1966,
        "Lat": 52.2083
      },
      {
        "Brigade": "52",
        "Time": "2017-05-14 07:57:39",
        "Lines": "125",
        "Lon": 21.1966,
        "Lat": 52.2083
      },
      {
        "Brigade": "52",
        "Time": "2017-05-14 07:57:54",
        "Lines": "125",
        "Lon": 21.1966,
        "Lat": 52.2084
      },
      {
        "Brigade": "52",
        "Time": "2017-05-14 07:58:04",
        "Lines": "125",
        "Lon": 21.1966,
        "Lat": 52.2084
      },
      {
        "Brigade": "52",
        "Time": "2017-05-14 07:58:14",
        "Lines": "125",
        "Lon": 21.1966,
        "Lat": 52.2084
      },
      {
        "Brigade": "52",
        "Time": "2017-05-14 07:58:24",
        "Lines": "125",
        "Lon": 21.1966,
        "Lat": 52.2084
      },
      {
        "Brigade": "52",
        "Time": "2017-05-14 07:58:39",
        "Lines": "125",
        "Lon": 21.1966,
        "Lat": 52.2084
      },
      {
        "Brigade": "52",
        "Time": "2017-05-14 07:58:49",
        "Lines": "125",
        "Lon": 21.1966,
        "Lat": 52.2084
      },
      {
        "Brigade": "52",
        "Time": "2017-05-14 07:58:59",
        "Lines": "125",
        "Lon": 21.1966,
        "Lat": 52.2084
      },
      {
        "Brigade": "52",
        "Time": "2017-05-14 07:59:09",
        "Lines": "125",
        "Lon": 21.1966,
        "Lat": 52.2083
      },
      {
        "Brigade": "52",
        "Time": "2017-05-14 07:59:19",
        "Lines": "125",
        "Lon": 21.1966,
        "Lat": 52.2083
      },
      {
        "Brigade": "52",
        "Time": "2017-05-14 07:59:29",
        "Lines": "125",
        "Lon": 21.1964,
        "Lat": 52.2083
      },
      {
        "Brigade": "52",
        "Time": "2017-05-14 07:59:44",
        "Lines": "125",
        "Lon": 21.1961,
        "Lat": 52.2079
      },
      {
        "Brigade": "52",
        "Time": "2017-05-14 07:59:54",
        "Lines": "125",
        "Lon": 21.195,
        "Lat": 52.2077
      },
      {
        "Brigade": "52",
        "Time": "2017-05-14 08:00:04",
        "Lines": "125",
        "Lon": 21.1935,
        "Lat": 52.2075
      },
      {
        "Brigade": "52",
        "Time": "2017-05-14 08:00:14",
        "Lines": "125",
        "Lon": 21.1921,
        "Lat": 52.2075
      },
      {
        "Brigade": "52",
        "Time": "2017-05-14 08:00:24",
        "Lines": "125",
        "Lon": 21.1913,
        "Lat": 52.2075
      }
    ]
  }
]
