[
  {
    "res": [
      {
        "Brigade": "2",
        "Time": "2017-05-14 00:20:15",
        "Lines": "128",
        "Lon": 20.9974,
        "Lat": 52.1873
      },
      {
        "Brigade": "2",
        "Time": "2017-05-14 07:27:44",
        "Lines": "128",
        "Lon": 20.9976,
        "Lat": 52.1872
      },
      {
        "Brigade": "2",
        "Time": "2017-05-14 07:27:55",
        "Lines": "128",
        "Lon": 20.9976,
        "Lat": 52.1872
      },
      {
        "Brigade": "2",
        "Time": "2017-05-14 07:28:05",
        "Lines": "128",
        "Lon": 20.9976,
        "Lat": 52.1872
      },
      {
        "Brigade": "2",
        "Time": "2017-05-14 07:28:15",
        "Lines": "128",
        "Lon": 20.9974,
        "Lat": 52.1873
      },
      {
        "Brigade": "2",
        "Time": "2017-05-14 07:28:33",
        "Lines": "128",
        "Lon": 20.9974,
        "Lat": 52.1873
      },
      {
        "Brigade": "2",
        "Time": "2017-05-14 07:28:50",
        "Lines": "128",
        "Lon": 20.9974,
        "Lat": 52.1873
      },
      {
        "Brigade": "2",
        "Time": "2017-05-14 07:29:06",
        "Lines": "128",
        "Lon": 20.9974,
        "Lat": 52.1873
      },
      {
        "Brigade": "2",
        "Time": "2017-05-14 07:29:23",
        "Lines": "128",
        "Lon": 20.9974,
        "Lat": 52.1873
      },
      {
        "Brigade": "2",
        "Time": "2017-05-14 07:29:39",
        "Lines": "128",
        "Lon": 20.9974,
        "Lat": 52.1873
      },
      {
        "Brigade": "2",
        "Time": "2017-05-14 07:29:57",
        "Lines": "128",
        "Lon": 20.9974,
        "Lat": 52.1873
      },
      {
        "Brigade": "2",
        "Time": "2017-05-14 07:30:12",
        "Lines": "128",
        "Lon": 20.9974,
        "Lat": 52.1873
      },
      {
        "Brigade": "2",
        "Time": "2017-05-14 07:30:29",
        "Lines": "128",
        "Lon": 20.9974,
        "Lat": 52.1873
      },
      {
        "Brigade": "2",
        "Time": "2017-05-14 07:30:44",
        "Lines": "128",
        "Lon": 20.9974,
        "Lat": 52.1873
      },
      {
        "Brigade": "2",
        "Time": "2017-05-14 07:31:00",
        "Lines": "128",
        "Lon": 20.9974,
        "Lat": 52.1873
      },
      {
        "Brigade": "2",
        "Time": "2017-05-14 07:31:16",
        "Lines": "128",
        "Lon": 20.9974,
        "Lat": 52.1873
      },
      {
        "Brigade": "2",
        "Time": "2017-05-14 07:31:32",
        "Lines": "128",
        "Lon": 20.9974,
        "Lat": 52.1873
      },
      {
        "Brigade": "2",
        "Time": "2017-05-14 07:31:47",
        "Lines": "128",
        "Lon": 20.9974,
        "Lat": 52.1873
      },
      {
        "Brigade": "2",
        "Time": "2017-05-14 07:32:03",
        "Lines": "128",
        "Lon": 20.9974,
        "Lat": 52.1873
      },
      {
        "Brigade": "2",
        "Time": "2017-05-14 07:32:19",
        "Lines": "128",
        "Lon": 20.9974,
        "Lat": 52.1873
      },
      {
        "Brigade": "2",
        "Time": "2017-05-14 07:32:35",
        "Lines": "128",
        "Lon": 20.9974,
        "Lat": 52.1873
      },
      {
        "Brigade": "2",
        "Time": "2017-05-14 07:32:52",
        "Lines": "128",
        "Lon": 20.9974,
        "Lat": 52.1873
      },
      {
        "Brigade": "2",
        "Time": "2017-05-14 07:33:07",
        "Lines": "128",
        "Lon": 20.9974,
        "Lat": 52.1873
      },
      {
        "Brigade": "2",
        "Time": "2017-05-14 07:33:23",
        "Lines": "128",
        "Lon": 20.9974,
        "Lat": 52.1873
      },
      {
        "Brigade": "2",
        "Time": "2017-05-14 07:33:39",
        "Lines": "128",
        "Lon": 20.9974,
        "Lat": 52.1873
      },
      {
        "Brigade": "2",
        "Time": "2017-05-14 07:34:11",
        "Lines": "128",
        "Lon": 20.9974,
        "Lat": 52.1873
      },
      {
        "Brigade": "2",
        "Time": "2017-05-14 07:34:27",
        "Lines": "128",
        "Lon": 20.9974,
        "Lat": 52.1873
      },
      {
        "Brigade": "2",
        "Time": "2017-05-14 07:34:42",
        "Lines": "128",
        "Lon": 20.9974,
        "Lat": 52.1873
      },
      {
        "Brigade": "2",
        "Time": "2017-05-14 07:34:58",
        "Lines": "128",
        "Lon": 20.9974,
        "Lat": 52.1873
      },
      {
        "Brigade": "2",
        "Time": "2017-05-14 07:35:14",
        "Lines": "128",
        "Lon": 20.9974,
        "Lat": 52.1873
      },
      {
        "Brigade": "2",
        "Time": "2017-05-14 07:35:30",
        "Lines": "128",
        "Lon": 20.9976,
        "Lat": 52.1872
      },
      {
        "Brigade": "2",
        "Time": "2017-05-14 07:35:46",
        "Lines": "128",
        "Lon": 20.9976,
        "Lat": 52.1872
      },
      {
        "Brigade": "2",
        "Time": "2017-05-14 07:36:02",
        "Lines": "128",
        "Lon": 20.9977,
        "Lat": 52.1872
      },
      {
        "Brigade": "2",
        "Time": "2017-05-14 07:36:17",
        "Lines": "128",
        "Lon": 20.9977,
        "Lat": 52.1876
      },
      {
        "Brigade": "2",
        "Time": "2017-05-14 07:36:33",
        "Lines": "128",
        "Lon": 20.9972,
        "Lat": 52.1879
      },
      {
        "Brigade": "2",
        "Time": "2017-05-14 07:36:49",
        "Lines": "128",
        "Lon": 20.9963,
        "Lat": 52.1881
      },
      {
        "Brigade": "2",
        "Time": "2017-05-14 07:37:05",
        "Lines": "128",
        "Lon": 20.9963,
        "Lat": 52.1885
      },
      {
        "Brigade": "2",
        "Time": "2017-05-14 07:37:21",
        "Lines": "128",
        "Lon": 20.9963,
        "Lat": 52.1885
      },
      {
        "Brigade": "2",
        "Time": "2017-05-14 07:37:36",
        "Lines": "128",
        "Lon": 20.9963,
        "Lat": 52.1885
      },
      {
        "Brigade": "2",
        "Time": "2017-05-14 07:38:09",
        "Lines": "128",
        "Lon": 20.9985,
        "Lat": 52.1889
      },
      {
        "Brigade": "2",
        "Time": "2017-05-14 07:38:25",
        "Lines": "128",
        "Lon": 21.0008,
        "Lat": 52.1889
      },
      {
        "Brigade": "2",
        "Time": "2017-05-14 07:38:41",
        "Lines": "128",
        "Lon": 21.0013,
        "Lat": 52.1889
      },
      {
        "Brigade": "2",
        "Time": "2017-05-14 07:38:57",
        "Lines": "128",
        "Lon": 21.0013,
        "Lat": 52.1889
      },
      {
        "Brigade": "2",
        "Time": "2017-05-14 07:39:12",
        "Lines": "128",
        "Lon": 21.0013,
        "Lat": 52.1889
      },
      {
        "Brigade": "2",
        "Time": "2017-05-14 07:39:28",
        "Lines": "128",
        "Lon": 21.0013,
        "Lat": 52.1889
      },
      {
        "Brigade": "2",
        "Time": "2017-05-14 07:39:44",
        "Lines": "128",
        "Lon": 21.0013,
        "Lat": 52.1889
      },
      {
        "Brigade": "2",
        "Time": "2017-05-14 07:40:17",
        "Lines": "128",
        "Lon": 21.0013,
        "Lat": 52.1889
      },
      {
        "Brigade": "2",
        "Time": "2017-05-14 07:40:33",
        "Lines": "128",
        "Lon": 21.002,
        "Lat": 52.1889
      },
      {
        "Brigade": "2",
        "Time": "2017-05-14 07:40:49",
        "Lines": "128",
        "Lon": 21.0021,
        "Lat": 52.1899
      },
      {
        "Brigade": "2",
        "Time": "2017-05-14 07:41:04",
        "Lines": "128",
        "Lon": 21.002,
        "Lat": 52.1913
      },
      {
        "Brigade": "2",
        "Time": "2017-05-14 07:41:20",
        "Lines": "128",
        "Lon": 21.002,
        "Lat": 52.1931
      },
      {
        "Brigade": "2",
        "Time": "2017-05-14 07:41:36",
        "Lines": "128",
        "Lon": 21.002,
        "Lat": 52.1954
      },
      {
        "Brigade": "2",
        "Time": "2017-05-14 07:41:52",
        "Lines": "128",
        "Lon": 21.0015,
        "Lat": 52.1958
      },
      {
        "Brigade": "2",
        "Time": "2017-05-14 07:42:07",
        "Lines": "128",
        "Lon": 20.9988,
        "Lat": 52.196
      },
      {
        "Brigade": "2",
        "Time": "2017-05-14 07:42:23",
        "Lines": "128",
        "Lon": 20.9951,
        "Lat": 52.1965
      },
      {
        "Brigade": "2",
        "Time": "2017-05-14 07:42:40",
        "Lines": "128",
        "Lon": 20.9933,
        "Lat": 52.1968
      },
      {
        "Brigade": "2",
        "Time": "2017-05-14 07:42:57",
        "Lines": "128",
        "Lon": 20.9933,
        "Lat": 52.1968
      },
      {
        "Brigade": "2",
        "Time": "2017-05-14 07:43:13",
        "Lines": "128",
        "Lon": 20.9928,
        "Lat": 52.1969
      },
      {
        "Brigade": "2",
        "Time": "2017-05-14 07:43:29",
        "Lines": "128",
        "Lon": 20.9901,
        "Lat": 52.1974
      },
      {
        "Brigade": "2",
        "Time": "2017-05-14 07:43:45",
        "Lines": "128",
        "Lon": 20.9882,
        "Lat": 52.1977
      },
      {
        "Brigade": "2",
        "Time": "2017-05-14 07:44:02",
        "Lines": "128",
        "Lon": 20.9853,
        "Lat": 52.1983
      },
      {
        "Brigade": "2",
        "Time": "2017-05-14 07:44:18",
        "Lines": "128",
        "Lon": 20.9846,
        "Lat": 52.1984
      },
      {
        "Brigade": "2",
        "Time": "2017-05-14 07:44:33",
        "Lines": "128",
        "Lon": 20.9846,
        "Lat": 52.1984
      },
      {
        "Brigade": "2",
        "Time": "2017-05-14 07:44:49",
        "Lines": "128",
        "Lon": 20.9846,
        "Lat": 52.1984
      },
      {
        "Brigade": "2",
        "Time": "2017-05-14 07:45:05",
        "Lines": "128",
        "Lon": 20.9846,
        "Lat": 52.1984
      },
      {
        "Brigade": "2",
        "Time": "2017-05-14 07:45:21",
        "Lines": "128",
        "Lon": 20.9833,
        "Lat": 52.1985
      },
      {
        "Brigade": "2",
        "Time": "2017-05-14 07:45:37",
        "Lines": "128",
        "Lon": 20.9803,
        "Lat": 52.1984
      },
      {
        "Brigade": "2",
        "Time": "2017-05-14 07:45:52",
        "Lines": "128",
        "Lon": 20.9783,
        "Lat": 52.1985
      },
      {
        "Brigade": "2",
        "Time": "2017-05-14 07:46:09",
        "Lines": "128",
        "Lon": 20.9792,
        "Lat": 52.1995
      },
      {
        "Brigade": "2",
        "Time": "2017-05-14 07:46:24",
        "Lines": "128",
        "Lon": 20.9788,
        "Lat": 52.2003
      },
      {
        "Brigade": "2",
        "Time": "2017-05-14 07:46:40",
        "Lines": "128",
        "Lon": 20.9758,
        "Lat": 52.201
      },
      {
        "Brigade": "2",
        "Time": "2017-05-14 07:46:56",
        "Lines": "128",
        "Lon": 20.9735,
        "Lat": 52.2012
      },
      {
        "Brigade": "2",
        "Time": "2017-05-14 07:47:12",
        "Lines": "128",
        "Lon": 20.9733,
        "Lat": 52.2014
      },
      {
        "Brigade": "2",
        "Time": "2017-05-14 07:47:27",
        "Lines": "128",
        "Lon": 20.9744,
        "Lat": 52.2027
      },
      {
        "Brigade": "2",
        "Time": "2017-05-14 07:47:43",
        "Lines": "128",
        "Lon": 20.9759,
        "Lat": 52.2044
      },
      {
        "Brigade": "2",
        "Time": "2017-05-14 07:48:16",
        "Lines": "128",
        "Lon": 20.9726,
        "Lat": 52.2056
      },
      {
        "Brigade": "2",
        "Time": "2017-05-14 07:48:31",
        "Lines": "128",
        "Lon": 20.9724,
        "Lat": 52.2057
      },
      {
        "Brigade": "2",
        "Time": "2017-05-14 07:48:47",
        "Lines": "128",
        "Lon": 20.9724,
        "Lat": 52.2057
      },
      {
        "Brigade": "2",
        "Time": "2017-05-14 07:49:02",
        "Lines": "128",
        "Lon": 20.9724,
        "Lat": 52.2057
      },
      {
        "Brigade": "2",
        "Time": "2017-05-14 07:49:19",
        "Lines": "128",
        "Lon": 20.9724,
        "Lat": 52.2057
      },
      {
        "Brigade": "2",
        "Time": "2017-05-14 07:49:34",
        "Lines": "128",
        "Lon": 20.9722,
        "Lat": 52.2057
      },
      {
        "Brigade": "2",
        "Time": "2017-05-14 07:49:50",
        "Lines": "128",
        "Lon": 20.9702,
        "Lat": 52.2064
      },
      {
        "Brigade": "2",
        "Time": "2017-05-14 07:50:06",
        "Lines": "128",
        "Lon": 20.9684,
        "Lat": 52.207
      },
      {
        "Brigade": "2",
        "Time": "2017-05-14 07:50:22",
        "Lines": "128",
        "Lon": 20.9682,
        "Lat": 52.207
      },
      {
        "Brigade": "2",
        "Time": "2017-05-14 07:50:38",
        "Lines": "128",
        "Lon": 20.966,
        "Lat": 52.2078
      },
      {
        "Brigade": "2",
        "Time": "2017-05-14 07:50:55",
        "Lines": "128",
        "Lon": 20.9636,
        "Lat": 52.2085
      },
      {
        "Brigade": "2",
        "Time": "2017-05-14 07:51:11",
        "Lines": "128",
        "Lon": 20.963,
        "Lat": 52.208
      },
      {
        "Brigade": "2",
        "Time": "2017-05-14 07:51:26",
        "Lines": "128",
        "Lon": 20.9637,
        "Lat": 52.2077
      },
      {
        "Brigade": "2",
        "Time": "2017-05-14 07:51:42",
        "Lines": "128",
        "Lon": 20.9637,
        "Lat": 52.2077
      },
      {
        "Brigade": "2",
        "Time": "2017-05-14 07:51:57",
        "Lines": "128",
        "Lon": 20.9637,
        "Lat": 52.2077
      },
      {
        "Brigade": "2",
        "Time": "2017-05-14 07:52:13",
        "Lines": "128",
        "Lon": 20.9637,
        "Lat": 52.2077
      },
      {
        "Brigade": "2",
        "Time": "2017-05-14 07:52:29",
        "Lines": "128",
        "Lon": 20.9637,
        "Lat": 52.2077
      },
      {
        "Brigade": "2",
        "Time": "2017-05-14 07:52:45",
        "Lines": "128",
        "Lon": 20.9637,
        "Lat": 52.2077
      },
      {
        "Brigade": "2",
        "Time": "2017-05-14 07:53:03",
        "Lines": "128",
        "Lon": 20.9637,
        "Lat": 52.2077
      },
      {
        "Brigade": "2",
        "Time": "2017-05-14 07:53:20",
        "Lines": "128",
        "Lon": 20.9637,
        "Lat": 52.2077
      },
      {
        "Brigade": "2",
        "Time": "2017-05-14 07:53:35",
        "Lines": "128",
        "Lon": 20.9637,
        "Lat": 52.2077
      },
      {
        "Brigade": "2",
        "Time": "2017-05-14 07:53:52",
        "Lines": "128",
        "Lon": 20.9637,
        "Lat": 52.2077
      },
      {
        "Brigade": "2",
        "Time": "2017-05-14 07:54:07",
        "Lines": "128",
        "Lon": 20.9637,
        "Lat": 52.2077
      },
      {
        "Brigade": "2",
        "Time": "2017-05-14 07:54:25",
        "Lines": "128",
        "Lon": 20.9637,
        "Lat": 52.2077
      },
      {
        "Brigade": "2",
        "Time": "2017-05-14 07:54:42",
        "Lines": "128",
        "Lon": 20.9637,
        "Lat": 52.2077
      },
      {
        "Brigade": "2",
        "Time": "2017-05-14 07:54:57",
        "Lines": "128",
        "Lon": 20.9646,
        "Lat": 52.2082
      },
      {
        "Brigade": "2",
        "Time": "2017-05-14 07:55:13",
        "Lines": "128",
        "Lon": 20.9664,
        "Lat": 52.2076
      },
      {
        "Brigade": "2",
        "Time": "2017-05-14 07:55:30",
        "Lines": "128",
        "Lon": 20.9678,
        "Lat": 52.2071
      },
      {
        "Brigade": "2",
        "Time": "2017-05-14 07:55:47",
        "Lines": "128",
        "Lon": 20.9703,
        "Lat": 52.2063
      },
      {
        "Brigade": "2",
        "Time": "2017-05-14 07:56:21",
        "Lines": "128",
        "Lon": 20.9715,
        "Lat": 52.2059
      },
      {
        "Brigade": "2",
        "Time": "2017-05-14 07:56:38",
        "Lines": "128",
        "Lon": 20.9715,
        "Lat": 52.2059
      },
      {
        "Brigade": "2",
        "Time": "2017-05-14 07:56:54",
        "Lines": "128",
        "Lon": 20.9715,
        "Lat": 52.2059
      },
      {
        "Brigade": "2",
        "Time": "2017-05-14 07:57:11",
        "Lines": "128",
        "Lon": 20.9715,
        "Lat": 52.2059
      },
      {
        "Brigade": "2",
        "Time": "2017-05-14 07:57:28",
        "Lines": "128",
        "Lon": 20.9715,
        "Lat": 52.2059
      },
      {
        "Brigade": "2",
        "Time": "2017-05-14 07:57:45",
        "Lines": "128",
        "Lon": 20.9727,
        "Lat": 52.2055
      },
      {
        "Brigade": "2",
        "Time": "2017-05-14 07:58:00",
        "Lines": "128",
        "Lon": 20.974,
        "Lat": 52.205
      },
      {
        "Brigade": "2",
        "Time": "2017-05-14 07:58:16",
        "Lines": "128",
        "Lon": 20.974,
        "Lat": 52.205
      },
      {
        "Brigade": "2",
        "Time": "2017-05-14 07:58:33",
        "Lines": "128",
        "Lon": 20.9752,
        "Lat": 52.2047
      },
      {
        "Brigade": "2",
        "Time": "2017-05-14 07:58:51",
        "Lines": "128",
        "Lon": 20.9754,
        "Lat": 52.2039
      },
      {
        "Brigade": "2",
        "Time": "2017-05-14 07:59:08",
        "Lines": "128",
        "Lon": 20.9742,
        "Lat": 52.2025
      },
      {
        "Brigade": "2",
        "Time": "2017-05-14 07:59:23",
        "Lines": "128",
        "Lon": 20.9739,
        "Lat": 52.2022
      },
      {
        "Brigade": "2",
        "Time": "2017-05-14 07:59:38",
        "Lines": "128",
        "Lon": 20.9735,
        "Lat": 52.2017
      },
      {
        "Brigade": "2",
        "Time": "2017-05-14 07:59:56",
        "Lines": "128",
        "Lon": 20.9732,
        "Lat": 52.2014
      },
      {
        "Brigade": "2",
        "Time": "2017-05-14 08:00:11",
        "Lines": "128",
        "Lon": 20.9746,
        "Lat": 52.2011
      },
      {
        "Brigade": "2",
        "Time": "2017-05-14 08:00:26",
        "Lines": "128",
        "Lon": 20.9773,
        "Lat": 52.2006
      },
      {
        "Brigade": "2",
        "Time": "2017-05-14 08:00:44",
        "Lines": "128",
        "Lon": 20.9787,
        "Lat": 52.2002
      },
      {
        "Brigade": "2",
        "Time": "2017-05-14 08:01:01",
        "Lines": "128",
        "Lon": 20.979,
        "Lat": 52.2002
      },
      {
        "Brigade": "2",
        "Time": "2017-05-14 08:01:16",
        "Lines": "128",
        "Lon": 20.9792,
        "Lat": 52.1996
      },
      {
        "Brigade": "2",
        "Time": "2017-05-14 08:01:32",
        "Lines": "128",
        "Lon": 20.9783,
        "Lat": 52.1984
      },
      {
        "Brigade": "2",
        "Time": "2017-05-14 08:01:49",
        "Lines": "128",
        "Lon": 20.9795,
        "Lat": 52.1983
      },
      {
        "Brigade": "2",
        "Time": "2017-05-14 08:02:23",
        "Lines": "128",
        "Lon": 20.982,
        "Lat": 52.1983
      },
      {
        "Brigade": "2",
        "Time": "2017-05-14 08:02:40",
        "Lines": "128",
        "Lon": 20.9833,
        "Lat": 52.1984
      },
      {
        "Brigade": "2",
        "Time": "2017-05-14 08:02:55",
        "Lines": "128",
        "Lon": 20.9833,
        "Lat": 52.1984
      },
      {
        "Brigade": "2",
        "Time": "2017-05-14 08:03:12",
        "Lines": "128",
        "Lon": 20.9833,
        "Lat": 52.1984
      },
      {
        "Brigade": "2",
        "Time": "2017-05-14 08:03:29",
        "Lines": "128",
        "Lon": 20.9833,
        "Lat": 52.1984
      },
      {
        "Brigade": "2",
        "Time": "2017-05-14 08:03:46",
        "Lines": "128",
        "Lon": 20.9843,
        "Lat": 52.1988
      },
      {
        "Brigade": "2",
        "Time": "2017-05-14 08:04:19",
        "Lines": "128",
        "Lon": 20.9845,
        "Lat": 52.1996
      },
      {
        "Brigade": "2",
        "Time": "2017-05-14 08:04:37",
        "Lines": "128",
        "Lon": 20.985,
        "Lat": 52.2011
      },
      {
        "Brigade": "2",
        "Time": "2017-05-14 08:04:52",
        "Lines": "128",
        "Lon": 20.9853,
        "Lat": 52.2017
      },
      {
        "Brigade": "2",
        "Time": "2017-05-14 08:05:10",
        "Lines": "128",
        "Lon": 20.9854,
        "Lat": 52.2022
      },
      {
        "Brigade": "2",
        "Time": "2017-05-14 08:05:27",
        "Lines": "128",
        "Lon": 20.9859,
        "Lat": 52.2038
      },
      {
        "Brigade": "2",
        "Time": "2017-05-14 08:05:44",
        "Lines": "128",
        "Lon": 20.9863,
        "Lat": 52.2048
      },
      {
        "Brigade": "2",
        "Time": "2017-05-14 08:06:19",
        "Lines": "128",
        "Lon": 20.9868,
        "Lat": 52.2062
      },
      {
        "Brigade": "2",
        "Time": "2017-05-14 08:06:34",
        "Lines": "128",
        "Lon": 20.9874,
        "Lat": 52.2082
      },
      {
        "Brigade": "2",
        "Time": "2017-05-14 08:06:52",
        "Lines": "128",
        "Lon": 20.9879,
        "Lat": 52.2094
      },
      {
        "Brigade": "2",
        "Time": "2017-05-14 08:07:08",
        "Lines": "128",
        "Lon": 20.988,
        "Lat": 52.2098
      },
      {
        "Brigade": "2",
        "Time": "2017-05-14 08:07:25",
        "Lines": "128",
        "Lon": 20.9884,
        "Lat": 52.211
      },
      {
        "Brigade": "2",
        "Time": "2017-05-14 08:07:42",
        "Lines": "128",
        "Lon": 20.9884,
        "Lat": 52.2111
      },
      {
        "Brigade": "2",
        "Time": "2017-05-14 08:07:57",
        "Lines": "128",
        "Lon": 20.9888,
        "Lat": 52.2124
      },
      {
        "Brigade": "2",
        "Time": "2017-05-14 08:08:16",
        "Lines": "128",
        "Lon": 20.9887,
        "Lat": 52.2142
      },
      {
        "Brigade": "2",
        "Time": "2017-05-14 08:08:33",
        "Lines": "128",
        "Lon": 20.9899,
        "Lat": 52.2159
      },
      {
        "Brigade": "2",
        "Time": "2017-05-14 08:08:50",
        "Lines": "128",
        "Lon": 20.9901,
        "Lat": 52.2161
      },
      {
        "Brigade": "2",
        "Time": "2017-05-14 08:09:07",
        "Lines": "128",
        "Lon": 20.9901,
        "Lat": 52.2161
      },
      {
        "Brigade": "2",
        "Time": "2017-05-14 08:09:25",
        "Lines": "128",
        "Lon": 20.9901,
        "Lat": 52.2161
      },
      {
        "Brigade": "2",
        "Time": "2017-05-14 08:09:41",
        "Lines": "128",
        "Lon": 20.9903,
        "Lat": 52.2162
      },
      {
        "Brigade": "2",
        "Time": "2017-05-14 08:09:56",
        "Lines": "128",
        "Lon": 20.9903,
        "Lat": 52.217
      },
      {
        "Brigade": "2",
        "Time": "2017-05-14 08:10:12",
        "Lines": "128",
        "Lon": 20.9901,
        "Lat": 52.2176
      },
      {
        "Brigade": "2",
        "Time": "2017-05-14 08:10:30",
        "Lines": "128",
        "Lon": 20.9901,
        "Lat": 52.2191
      },
      {
        "Brigade": "2",
        "Time": "2017-05-14 08:10:47",
        "Lines": "128",
        "Lon": 20.9898,
        "Lat": 52.2198
      },
      {
        "Brigade": "2",
        "Time": "2017-05-14 08:11:04",
        "Lines": "128",
        "Lon": 20.9899,
        "Lat": 52.2206
      },
      {
        "Brigade": "2",
        "Time": "2017-05-14 08:11:21",
        "Lines": "128",
        "Lon": 20.9901,
        "Lat": 52.2226
      },
      {
        "Brigade": "2",
        "Time": "2017-05-14 08:11:36",
        "Lines": "128",
        "Lon": 20.9898,
        "Lat": 52.2242
      },
      {
        "Brigade": "2",
        "Time": "2017-05-14 08:11:53",
        "Lines": "128",
        "Lon": 20.9897,
        "Lat": 52.2244
      },
      {
        "Brigade": "2",
        "Time": "2017-05-14 08:12:25",
        "Lines": "128",
        "Lon": 20.9896,
        "Lat": 52.2247
      },
      {
        "Brigade": "2",
        "Time": "2017-05-14 08:12:43",
        "Lines": "128",
        "Lon": 20.9907,
        "Lat": 52.225
      },
      {
        "Brigade": "2",
        "Time": "2017-05-14 08:12:58",
        "Lines": "128",
        "Lon": 20.9909,
        "Lat": 52.2251
      },
      {
        "Brigade": "2",
        "Time": "2017-05-14 08:13:15",
        "Lines": "128",
        "Lon": 20.9929,
        "Lat": 52.2256
      },
      {
        "Brigade": "2",
        "Time": "2017-05-14 08:13:32",
        "Lines": "128",
        "Lon": 20.9947,
        "Lat": 52.2261
      },
      {
        "Brigade": "2",
        "Time": "2017-05-14 08:13:49",
        "Lines": "128",
        "Lon": 20.9949,
        "Lat": 52.2261
      },
      {
        "Brigade": "2",
        "Time": "2017-05-14 08:14:24",
        "Lines": "128",
        "Lon": 21,
        "Lat": 52.2272
      },
      {
        "Brigade": "2",
        "Time": "2017-05-14 08:14:41",
        "Lines": "128",
        "Lon": 21.0016,
        "Lat": 52.2274
      },
      {
        "Brigade": "2",
        "Time": "2017-05-14 08:14:58",
        "Lines": "128",
        "Lon": 21.0016,
        "Lat": 52.2274
      },
      {
        "Brigade": "2",
        "Time": "2017-05-14 08:15:13",
        "Lines": "128",
        "Lon": 21.0016,
        "Lat": 52.2274
      },
      {
        "Brigade": "2",
        "Time": "2017-05-14 08:15:30",
        "Lines": "128",
        "Lon": 21.0029,
        "Lat": 52.2277
      },
      {
        "Brigade": "2",
        "Time": "2017-05-14 08:15:47",
        "Lines": "128",
        "Lon": 21.0038,
        "Lat": 52.2279
      },
      {
        "Brigade": "2",
        "Time": "2017-05-14 08:16:04",
        "Lines": "128",
        "Lon": 21.004,
        "Lat": 52.228
      },
      {
        "Brigade": "2",
        "Time": "2017-05-14 08:16:19",
        "Lines": "128",
        "Lon": 21.0061,
        "Lat": 52.2286
      },
      {
        "Brigade": "2",
        "Time": "2017-05-14 08:16:35",
        "Lines": "128",
        "Lon": 21.0088,
        "Lat": 52.2292
      },
      {
        "Brigade": "2",
        "Time": "2017-05-14 08:16:52",
        "Lines": "128",
        "Lon": 21.0108,
        "Lat": 52.2296
      },
      {
        "Brigade": "2",
        "Time": "2017-05-14 08:17:08",
        "Lines": "128",
        "Lon": 21.011,
        "Lat": 52.2296
      },
      {
        "Brigade": "2",
        "Time": "2017-05-14 08:17:26",
        "Lines": "128",
        "Lon": 21.0113,
        "Lat": 52.2296
      },
      {
        "Brigade": "2",
        "Time": "2017-05-14 08:17:43",
        "Lines": "128",
        "Lon": 21.0118,
        "Lat": 52.2296
      }
    ]
  }
]
