[
  {
    "res": [
      {
        "Brigade": "8",
        "Time": "2017-05-14 07:22:36",
        "Lines": "131",
        "Lon": 21.1183,
        "Lat": 52.234
      },
      {
        "Brigade": "8",
        "Time": "2017-05-14 07:40:24",
        "Lines": "131",
        "Lon": 21.1183,
        "Lat": 52.2339
      },
      {
        "Brigade": "8",
        "Time": "2017-05-14 07:40:34",
        "Lines": "131",
        "Lon": 21.1183,
        "Lat": 52.2339
      },
      {
        "Brigade": "8",
        "Time": "2017-05-14 07:45:47",
        "Lines": "131",
        "Lon": 21.0952,
        "Lat": 52.2305
      },
      {
        "Brigade": "8",
        "Time": "2017-05-14 07:45:57",
        "Lines": "131",
        "Lon": 21.0947,
        "Lat": 52.2294
      },
      {
        "Brigade": "8",
        "Time": "2017-05-14 07:46:07",
        "Lines": "131",
        "Lon": 21.0941,
        "Lat": 52.2283
      },
      {
        "Brigade": "8",
        "Time": "2017-05-14 07:47:47",
        "Lines": "131",
        "Lon": 21.091,
        "Lat": 52.2223
      },
      {
        "Brigade": "8",
        "Time": "2017-05-14 07:47:57",
        "Lines": "131",
        "Lon": 21.091,
        "Lat": 52.2223
      },
      {
        "Brigade": "8",
        "Time": "2017-05-14 07:49:37",
        "Lines": "131",
        "Lon": 21.0921,
        "Lat": 52.2193
      },
      {
        "Brigade": "8",
        "Time": "2017-05-14 07:49:47",
        "Lines": "131",
        "Lon": 21.0938,
        "Lat": 52.2188
      },
      {
        "Brigade": "8",
        "Time": "2017-05-14 07:51:28",
        "Lines": "131",
        "Lon": 21.0857,
        "Lat": 52.2092
      },
      {
        "Brigade": "8",
        "Time": "2017-05-14 07:51:48",
        "Lines": "131",
        "Lon": 21.0833,
        "Lat": 52.2068
      },
      {
        "Brigade": "8",
        "Time": "2017-05-14 07:52:48",
        "Lines": "131",
        "Lon": 21.0705,
        "Lat": 52.2033
      },
      {
        "Brigade": "8",
        "Time": "2017-05-14 07:53:39",
        "Lines": "131",
        "Lon": 21.059,
        "Lat": 52.2015
      },
      {
        "Brigade": "8",
        "Time": "2017-05-14 07:53:49",
        "Lines": "131",
        "Lon": 21.0569,
        "Lat": 52.2008
      },
      {
        "Brigade": "8",
        "Time": "2017-05-14 07:55:10",
        "Lines": "131",
        "Lon": 21.0569,
        "Lat": 52.1926
      },
      {
        "Brigade": "8",
        "Time": "2017-05-14 07:55:20",
        "Lines": "131",
        "Lon": 21.0581,
        "Lat": 52.1916
      },
      {
        "Brigade": "8",
        "Time": "2017-05-14 07:55:30",
        "Lines": "131",
        "Lon": 21.0593,
        "Lat": 52.1907
      },
      {
        "Brigade": "8",
        "Time": "2017-05-14 07:55:40",
        "Lines": "131",
        "Lon": 21.0604,
        "Lat": 52.1898
      },
      {
        "Brigade": "8",
        "Time": "2017-05-14 07:55:50",
        "Lines": "131",
        "Lon": 21.0614,
        "Lat": 52.189
      },
      {
        "Brigade": "8",
        "Time": "2017-05-14 07:57:21",
        "Lines": "131",
        "Lon": 21.0688,
        "Lat": 52.1819
      },
      {
        "Brigade": "8",
        "Time": "2017-05-14 07:57:31",
        "Lines": "131",
        "Lon": 21.0687,
        "Lat": 52.1817
      },
      {
        "Brigade": "8",
        "Time": "2017-05-14 07:57:41",
        "Lines": "131",
        "Lon": 21.0689,
        "Lat": 52.1815
      },
      {
        "Brigade": "8",
        "Time": "2017-05-14 07:57:51",
        "Lines": "131",
        "Lon": 21.0689,
        "Lat": 52.1815
      },
      {
        "Brigade": "8",
        "Time": "2017-05-14 07:58:01",
        "Lines": "131",
        "Lon": 21.0689,
        "Lat": 52.1815
      },
      {
        "Brigade": "8",
        "Time": "2017-05-14 07:58:11",
        "Lines": "131",
        "Lon": 21.0689,
        "Lat": 52.1815
      },
      {
        "Brigade": "8",
        "Time": "2017-05-14 07:58:22",
        "Lines": "131",
        "Lon": 21.0689,
        "Lat": 52.1815
      },
      {
        "Brigade": "8",
        "Time": "2017-05-14 07:58:32",
        "Lines": "131",
        "Lon": 21.0689,
        "Lat": 52.1815
      },
      {
        "Brigade": "8",
        "Time": "2017-05-14 07:58:42",
        "Lines": "131",
        "Lon": 21.0689,
        "Lat": 52.1815
      },
      {
        "Brigade": "8",
        "Time": "2017-05-14 07:58:52",
        "Lines": "131",
        "Lon": 21.0689,
        "Lat": 52.1815
      },
      {
        "Brigade": "8",
        "Time": "2017-05-14 07:59:02",
        "Lines": "131",
        "Lon": 21.0689,
        "Lat": 52.1815
      },
      {
        "Brigade": "8",
        "Time": "2017-05-14 07:59:22",
        "Lines": "131",
        "Lon": 21.0689,
        "Lat": 52.1815
      },
      {
        "Brigade": "8",
        "Time": "2017-05-14 07:59:32",
        "Lines": "131",
        "Lon": 21.0689,
        "Lat": 52.1815
      },
      {
        "Brigade": "8",
        "Time": "2017-05-14 07:59:42",
        "Lines": "131",
        "Lon": 21.0689,
        "Lat": 52.1815
      },
      {
        "Brigade": "8",
        "Time": "2017-05-14 07:59:52",
        "Lines": "131",
        "Lon": 21.0689,
        "Lat": 52.1815
      },
      {
        "Brigade": "8",
        "Time": "2017-05-14 08:00:02",
        "Lines": "131",
        "Lon": 21.0689,
        "Lat": 52.1815
      },
      {
        "Brigade": "8",
        "Time": "2017-05-14 08:00:12",
        "Lines": "131",
        "Lon": 21.0689,
        "Lat": 52.1815
      },
      {
        "Brigade": "8",
        "Time": "2017-05-14 08:00:22",
        "Lines": "131",
        "Lon": 21.0689,
        "Lat": 52.1815
      },
      {
        "Brigade": "8",
        "Time": "2017-05-14 08:00:33",
        "Lines": "131",
        "Lon": 21.0689,
        "Lat": 52.1815
      },
      {
        "Brigade": "8",
        "Time": "2017-05-14 08:00:43",
        "Lines": "131",
        "Lon": 21.0689,
        "Lat": 52.1815
      },
      {
        "Brigade": "8",
        "Time": "2017-05-14 08:00:53",
        "Lines": "131",
        "Lon": 21.0689,
        "Lat": 52.1815
      },
      {
        "Brigade": "8",
        "Time": "2017-05-14 08:01:03",
        "Lines": "131",
        "Lon": 21.0689,
        "Lat": 52.1815
      },
      {
        "Brigade": "8",
        "Time": "2017-05-14 08:01:23",
        "Lines": "131",
        "Lon": 21.0689,
        "Lat": 52.1815
      },
      {
        "Brigade": "8",
        "Time": "2017-05-14 08:01:33",
        "Lines": "131",
        "Lon": 21.0689,
        "Lat": 52.1815
      },
      {
        "Brigade": "8",
        "Time": "2017-05-14 08:01:43",
        "Lines": "131",
        "Lon": 21.0689,
        "Lat": 52.1815
      },
      {
        "Brigade": "8",
        "Time": "2017-05-14 08:01:53",
        "Lines": "131",
        "Lon": 21.0689,
        "Lat": 52.1815
      },
      {
        "Brigade": "8",
        "Time": "2017-05-14 08:02:03",
        "Lines": "131",
        "Lon": 21.0689,
        "Lat": 52.1815
      },
      {
        "Brigade": "8",
        "Time": "2017-05-14 08:02:13",
        "Lines": "131",
        "Lon": 21.0689,
        "Lat": 52.1815
      },
      {
        "Brigade": "8",
        "Time": "2017-05-14 08:02:24",
        "Lines": "131",
        "Lon": 21.0689,
        "Lat": 52.1815
      },
      {
        "Brigade": "8",
        "Time": "2017-05-14 08:02:34",
        "Lines": "131",
        "Lon": 21.0689,
        "Lat": 52.1815
      },
      {
        "Brigade": "8",
        "Time": "2017-05-14 08:02:44",
        "Lines": "131",
        "Lon": 21.0689,
        "Lat": 52.1815
      },
      {
        "Brigade": "8",
        "Time": "2017-05-14 08:02:54",
        "Lines": "131",
        "Lon": 21.0689,
        "Lat": 52.1815
      },
      {
        "Brigade": "8",
        "Time": "2017-05-14 08:03:04",
        "Lines": "131",
        "Lon": 21.0689,
        "Lat": 52.1815
      },
      {
        "Brigade": "8",
        "Time": "2017-05-14 08:03:24",
        "Lines": "131",
        "Lon": 21.0689,
        "Lat": 52.1815
      },
      {
        "Brigade": "8",
        "Time": "2017-05-14 08:03:44",
        "Lines": "131",
        "Lon": 21.0689,
        "Lat": 52.1815
      },
      {
        "Brigade": "8",
        "Time": "2017-05-14 08:03:54",
        "Lines": "131",
        "Lon": 21.0689,
        "Lat": 52.1815
      },
      {
        "Brigade": "8",
        "Time": "2017-05-14 08:04:05",
        "Lines": "131",
        "Lon": 21.0689,
        "Lat": 52.1815
      },
      {
        "Brigade": "8",
        "Time": "2017-05-14 08:04:15",
        "Lines": "131",
        "Lon": 21.0689,
        "Lat": 52.1815
      },
      {
        "Brigade": "8",
        "Time": "2017-05-14 08:04:25",
        "Lines": "131",
        "Lon": 21.0689,
        "Lat": 52.1815
      },
      {
        "Brigade": "8",
        "Time": "2017-05-14 08:04:35",
        "Lines": "131",
        "Lon": 21.0689,
        "Lat": 52.1815
      },
      {
        "Brigade": "8",
        "Time": "2017-05-14 08:04:45",
        "Lines": "131",
        "Lon": 21.0689,
        "Lat": 52.1815
      },
      {
        "Brigade": "8",
        "Time": "2017-05-14 08:04:55",
        "Lines": "131",
        "Lon": 21.0689,
        "Lat": 52.1815
      },
      {
        "Brigade": "8",
        "Time": "2017-05-14 08:05:15",
        "Lines": "131",
        "Lon": 21.0689,
        "Lat": 52.1815
      },
      {
        "Brigade": "8",
        "Time": "2017-05-14 08:05:25",
        "Lines": "131",
        "Lon": 21.0689,
        "Lat": 52.1815
      },
      {
        "Brigade": "8",
        "Time": "2017-05-14 08:05:35",
        "Lines": "131",
        "Lon": 21.0689,
        "Lat": 52.1815
      },
      {
        "Brigade": "8",
        "Time": "2017-05-14 08:05:45",
        "Lines": "131",
        "Lon": 21.069,
        "Lat": 52.1815
      },
      {
        "Brigade": "8",
        "Time": "2017-05-14 08:05:55",
        "Lines": "131",
        "Lon": 21.069,
        "Lat": 52.1815
      },
      {
        "Brigade": "8",
        "Time": "2017-05-14 08:06:05",
        "Lines": "131",
        "Lon": 21.069,
        "Lat": 52.1814
      },
      {
        "Brigade": "8",
        "Time": "2017-05-14 08:06:16",
        "Lines": "131",
        "Lon": 21.0691,
        "Lat": 52.1813
      },
      {
        "Brigade": "8",
        "Time": "2017-05-14 08:06:26",
        "Lines": "131",
        "Lon": 21.0691,
        "Lat": 52.1813
      },
      {
        "Brigade": "8",
        "Time": "2017-05-14 08:06:36",
        "Lines": "131",
        "Lon": 21.0691,
        "Lat": 52.1813
      },
      {
        "Brigade": "8",
        "Time": "2017-05-14 08:06:46",
        "Lines": "131",
        "Lon": 21.0691,
        "Lat": 52.1813
      },
      {
        "Brigade": "8",
        "Time": "2017-05-14 08:06:56",
        "Lines": "131",
        "Lon": 21.0691,
        "Lat": 52.1813
      },
      {
        "Brigade": "8",
        "Time": "2017-05-14 08:07:06",
        "Lines": "131",
        "Lon": 21.0691,
        "Lat": 52.1813
      },
      {
        "Brigade": "8",
        "Time": "2017-05-14 08:07:26",
        "Lines": "131",
        "Lon": 21.0691,
        "Lat": 52.1813
      },
      {
        "Brigade": "8",
        "Time": "2017-05-14 08:07:36",
        "Lines": "131",
        "Lon": 21.0691,
        "Lat": 52.1813
      },
      {
        "Brigade": "8",
        "Time": "2017-05-14 08:07:47",
        "Lines": "131",
        "Lon": 21.0691,
        "Lat": 52.1813
      },
      {
        "Brigade": "8",
        "Time": "2017-05-14 08:07:57",
        "Lines": "131",
        "Lon": 21.0691,
        "Lat": 52.1813
      },
      {
        "Brigade": "8",
        "Time": "2017-05-14 08:08:07",
        "Lines": "131",
        "Lon": 21.0691,
        "Lat": 52.1813
      },
      {
        "Brigade": "8",
        "Time": "2017-05-14 08:08:17",
        "Lines": "131",
        "Lon": 21.0691,
        "Lat": 52.1813
      },
      {
        "Brigade": "8",
        "Time": "2017-05-14 08:08:27",
        "Lines": "131",
        "Lon": 21.0691,
        "Lat": 52.1813
      },
      {
        "Brigade": "8",
        "Time": "2017-05-14 08:08:37",
        "Lines": "131",
        "Lon": 21.0691,
        "Lat": 52.1813
      },
      {
        "Brigade": "8",
        "Time": "2017-05-14 08:08:47",
        "Lines": "131",
        "Lon": 21.0691,
        "Lat": 52.1813
      },
      {
        "Brigade": "8",
        "Time": "2017-05-14 08:08:57",
        "Lines": "131",
        "Lon": 21.0691,
        "Lat": 52.1813
      },
      {
        "Brigade": "8",
        "Time": "2017-05-14 08:09:07",
        "Lines": "131",
        "Lon": 21.0691,
        "Lat": 52.1813
      },
      {
        "Brigade": "8",
        "Time": "2017-05-14 08:09:27",
        "Lines": "131",
        "Lon": 21.0691,
        "Lat": 52.1813
      },
      {
        "Brigade": "8",
        "Time": "2017-05-14 08:09:38",
        "Lines": "131",
        "Lon": 21.0691,
        "Lat": 52.1813
      },
      {
        "Brigade": "8",
        "Time": "2017-05-14 08:09:48",
        "Lines": "131",
        "Lon": 21.0691,
        "Lat": 52.1813
      },
      {
        "Brigade": "8",
        "Time": "2017-05-14 08:09:58",
        "Lines": "131",
        "Lon": 21.0691,
        "Lat": 52.1813
      },
      {
        "Brigade": "8",
        "Time": "2017-05-14 08:10:08",
        "Lines": "131",
        "Lon": 21.0691,
        "Lat": 52.1813
      },
      {
        "Brigade": "8",
        "Time": "2017-05-14 08:10:18",
        "Lines": "131",
        "Lon": 21.0691,
        "Lat": 52.1813
      },
      {
        "Brigade": "8",
        "Time": "2017-05-14 08:10:28",
        "Lines": "131",
        "Lon": 21.0691,
        "Lat": 52.1813
      },
      {
        "Brigade": "8",
        "Time": "2017-05-14 08:10:38",
        "Lines": "131",
        "Lon": 21.0691,
        "Lat": 52.1813
      },
      {
        "Brigade": "8",
        "Time": "2017-05-14 08:10:48",
        "Lines": "131",
        "Lon": 21.0691,
        "Lat": 52.1813
      },
      {
        "Brigade": "8",
        "Time": "2017-05-14 08:10:58",
        "Lines": "131",
        "Lon": 21.0691,
        "Lat": 52.1813
      },
      {
        "Brigade": "8",
        "Time": "2017-05-14 08:11:08",
        "Lines": "131",
        "Lon": 21.0691,
        "Lat": 52.1813
      },
      {
        "Brigade": "8",
        "Time": "2017-05-14 08:11:29",
        "Lines": "131",
        "Lon": 21.0691,
        "Lat": 52.1813
      },
      {
        "Brigade": "8",
        "Time": "2017-05-14 08:11:39",
        "Lines": "131",
        "Lon": 21.0691,
        "Lat": 52.1813
      },
      {
        "Brigade": "8",
        "Time": "2017-05-14 08:11:49",
        "Lines": "131",
        "Lon": 21.0691,
        "Lat": 52.1813
      },
      {
        "Brigade": "8",
        "Time": "2017-05-14 08:11:59",
        "Lines": "131",
        "Lon": 21.0691,
        "Lat": 52.1813
      },
      {
        "Brigade": "8",
        "Time": "2017-05-14 08:12:09",
        "Lines": "131",
        "Lon": 21.0691,
        "Lat": 52.1813
      },
      {
        "Brigade": "8",
        "Time": "2017-05-14 08:12:19",
        "Lines": "131",
        "Lon": 21.0691,
        "Lat": 52.1813
      },
      {
        "Brigade": "8",
        "Time": "2017-05-14 08:12:29",
        "Lines": "131",
        "Lon": 21.0691,
        "Lat": 52.1813
      },
      {
        "Brigade": "8",
        "Time": "2017-05-14 08:12:39",
        "Lines": "131",
        "Lon": 21.0691,
        "Lat": 52.1813
      },
      {
        "Brigade": "8",
        "Time": "2017-05-14 08:12:50",
        "Lines": "131",
        "Lon": 21.0691,
        "Lat": 52.1813
      },
      {
        "Brigade": "8",
        "Time": "2017-05-14 08:13:00",
        "Lines": "131",
        "Lon": 21.0691,
        "Lat": 52.1813
      },
      {
        "Brigade": "8",
        "Time": "2017-05-14 08:13:10",
        "Lines": "131",
        "Lon": 21.0691,
        "Lat": 52.1813
      },
      {
        "Brigade": "8",
        "Time": "2017-05-14 08:13:20",
        "Lines": "131",
        "Lon": 21.0691,
        "Lat": 52.1813
      },
      {
        "Brigade": "8",
        "Time": "2017-05-14 08:13:40",
        "Lines": "131",
        "Lon": 21.0691,
        "Lat": 52.1813
      },
      {
        "Brigade": "8",
        "Time": "2017-05-14 08:13:50",
        "Lines": "131",
        "Lon": 21.0691,
        "Lat": 52.1813
      },
      {
        "Brigade": "8",
        "Time": "2017-05-14 08:14:00",
        "Lines": "131",
        "Lon": 21.0691,
        "Lat": 52.1813
      },
      {
        "Brigade": "8",
        "Time": "2017-05-14 08:14:10",
        "Lines": "131",
        "Lon": 21.0691,
        "Lat": 52.1813
      },
      {
        "Brigade": "8",
        "Time": "2017-05-14 08:14:20",
        "Lines": "131",
        "Lon": 21.0691,
        "Lat": 52.1813
      },
      {
        "Brigade": "8",
        "Time": "2017-05-14 08:14:30",
        "Lines": "131",
        "Lon": 21.0691,
        "Lat": 52.1813
      },
      {
        "Brigade": "8",
        "Time": "2017-05-14 08:14:40",
        "Lines": "131",
        "Lon": 21.0691,
        "Lat": 52.1813
      },
      {
        "Brigade": "8",
        "Time": "2017-05-14 08:14:51",
        "Lines": "131",
        "Lon": 21.0691,
        "Lat": 52.1813
      },
      {
        "Brigade": "8",
        "Time": "2017-05-14 08:15:01",
        "Lines": "131",
        "Lon": 21.0691,
        "Lat": 52.1813
      },
      {
        "Brigade": "8",
        "Time": "2017-05-14 08:15:11",
        "Lines": "131",
        "Lon": 21.0691,
        "Lat": 52.1813
      },
      {
        "Brigade": "8",
        "Time": "2017-05-14 08:15:31",
        "Lines": "131",
        "Lon": 21.0691,
        "Lat": 52.1813
      },
      {
        "Brigade": "8",
        "Time": "2017-05-14 08:15:41",
        "Lines": "131",
        "Lon": 21.0695,
        "Lat": 52.1814
      },
      {
        "Brigade": "8",
        "Time": "2017-05-14 08:15:51",
        "Lines": "131",
        "Lon": 21.0692,
        "Lat": 52.1818
      },
      {
        "Brigade": "8",
        "Time": "2017-05-14 08:17:32",
        "Lines": "131",
        "Lon": 21.0625,
        "Lat": 52.1881
      },
      {
        "Brigade": "8",
        "Time": "2017-05-14 08:17:42",
        "Lines": "131",
        "Lon": 21.0615,
        "Lat": 52.1891
      }
    ]
  }
]
