[
  {
    "res": [
      {
        "Brigade": "1",
        "Time": "2017-05-14 07:00:08",
        "Lines": "138",
        "Lon": 21.1171,
        "Lat": 52.2349
      },
      {
        "Brigade": "1",
        "Time": "2017-05-14 07:00:20",
        "Lines": "138",
        "Lon": 21.117,
        "Lat": 52.2349
      },
      {
        "Brigade": "1",
        "Time": "2017-05-14 07:00:33",
        "Lines": "138",
        "Lon": 21.1169,
        "Lat": 52.2349
      },
      {
        "Brigade": "1",
        "Time": "2017-05-14 07:00:43",
        "Lines": "138",
        "Lon": 21.1169,
        "Lat": 52.2349
      },
      {
        "Brigade": "1",
        "Time": "2017-05-14 07:00:53",
        "Lines": "138",
        "Lon": 21.1169,
        "Lat": 52.2349
      },
      {
        "Brigade": "1",
        "Time": "2017-05-14 07:01:08",
        "Lines": "138",
        "Lon": 21.1169,
        "Lat": 52.2349
      },
      {
        "Brigade": "1",
        "Time": "2017-05-14 07:01:18",
        "Lines": "138",
        "Lon": 21.1168,
        "Lat": 52.2349
      },
      {
        "Brigade": "1",
        "Time": "2017-05-14 07:01:28",
        "Lines": "138",
        "Lon": 21.1168,
        "Lat": 52.2349
      },
      {
        "Brigade": "1",
        "Time": "2017-05-14 07:01:38",
        "Lines": "138",
        "Lon": 21.1168,
        "Lat": 52.2349
      },
      {
        "Brigade": "1",
        "Time": "2017-05-14 07:01:48",
        "Lines": "138",
        "Lon": 21.1168,
        "Lat": 52.2349
      },
      {
        "Brigade": "1",
        "Time": "2017-05-14 07:01:58",
        "Lines": "138",
        "Lon": 21.1169,
        "Lat": 52.2349
      },
      {
        "Brigade": "1",
        "Time": "2017-05-14 07:02:13",
        "Lines": "138",
        "Lon": 21.1169,
        "Lat": 52.2349
      },
      {
        "Brigade": "1",
        "Time": "2017-05-14 07:02:23",
        "Lines": "138",
        "Lon": 21.1169,
        "Lat": 52.2349
      },
      {
        "Brigade": "1",
        "Time": "2017-05-14 07:02:33",
        "Lines": "138",
        "Lon": 21.1169,
        "Lat": 52.2349
      },
      {
        "Brigade": "1",
        "Time": "2017-05-14 07:02:48",
        "Lines": "138",
        "Lon": 21.1169,
        "Lat": 52.2349
      },
      {
        "Brigade": "1",
        "Time": "2017-05-14 07:02:58",
        "Lines": "138",
        "Lon": 21.1167,
        "Lat": 52.2349
      },
      {
        "Brigade": "1",
        "Time": "2017-05-14 07:03:08",
        "Lines": "138",
        "Lon": 21.1167,
        "Lat": 52.235
      },
      {
        "Brigade": "1",
        "Time": "2017-05-14 07:03:28",
        "Lines": "138",
        "Lon": 21.1165,
        "Lat": 52.235
      },
      {
        "Brigade": "1",
        "Time": "2017-05-14 07:03:43",
        "Lines": "138",
        "Lon": 21.1164,
        "Lat": 52.2351
      },
      {
        "Brigade": "1",
        "Time": "2017-05-14 07:03:53",
        "Lines": "138",
        "Lon": 21.1163,
        "Lat": 52.235
      },
      {
        "Brigade": "1",
        "Time": "2017-05-14 07:04:03",
        "Lines": "138",
        "Lon": 21.1164,
        "Lat": 52.2349
      },
      {
        "Brigade": "1",
        "Time": "2017-05-14 07:04:13",
        "Lines": "138",
        "Lon": 21.1164,
        "Lat": 52.235
      },
      {
        "Brigade": "1",
        "Time": "2017-05-14 07:04:47",
        "Lines": "138",
        "Lon": 21.1164,
        "Lat": 52.2345
      },
      {
        "Brigade": "1",
        "Time": "2017-05-14 07:04:57",
        "Lines": "138",
        "Lon": 21.1165,
        "Lat": 52.2347
      },
      {
        "Brigade": "1",
        "Time": "2017-05-14 07:05:07",
        "Lines": "138",
        "Lon": 21.1165,
        "Lat": 52.2347
      },
      {
        "Brigade": "1",
        "Time": "2017-05-14 07:05:17",
        "Lines": "138",
        "Lon": 21.1165,
        "Lat": 52.2347
      },
      {
        "Brigade": "1",
        "Time": "2017-05-14 07:05:27",
        "Lines": "138",
        "Lon": 21.1165,
        "Lat": 52.2347
      },
      {
        "Brigade": "1",
        "Time": "2017-05-14 07:05:37",
        "Lines": "138",
        "Lon": 21.1165,
        "Lat": 52.2347
      },
      {
        "Brigade": "1",
        "Time": "2017-05-14 07:05:47",
        "Lines": "138",
        "Lon": 21.1165,
        "Lat": 52.2347
      },
      {
        "Brigade": "1",
        "Time": "2017-05-14 07:05:57",
        "Lines": "138",
        "Lon": 21.1164,
        "Lat": 52.2346
      },
      {
        "Brigade": "1",
        "Time": "2017-05-14 07:06:07",
        "Lines": "138",
        "Lon": 21.1164,
        "Lat": 52.2346
      },
      {
        "Brigade": "1",
        "Time": "2017-05-14 07:06:17",
        "Lines": "138",
        "Lon": 21.116,
        "Lat": 52.2348
      },
      {
        "Brigade": "1",
        "Time": "2017-05-14 07:06:37",
        "Lines": "138",
        "Lon": 21.1158,
        "Lat": 52.2349
      },
      {
        "Brigade": "1",
        "Time": "2017-05-14 07:06:48",
        "Lines": "138",
        "Lon": 21.1158,
        "Lat": 52.2349
      },
      {
        "Brigade": "1",
        "Time": "2017-05-14 07:06:58",
        "Lines": "138",
        "Lon": 21.1158,
        "Lat": 52.2349
      },
      {
        "Brigade": "1",
        "Time": "2017-05-14 07:07:08",
        "Lines": "138",
        "Lon": 21.1158,
        "Lat": 52.2349
      },
      {
        "Brigade": "1",
        "Time": "2017-05-14 07:07:18",
        "Lines": "138",
        "Lon": 21.1158,
        "Lat": 52.2349
      },
      {
        "Brigade": "1",
        "Time": "2017-05-14 07:07:28",
        "Lines": "138",
        "Lon": 21.1158,
        "Lat": 52.2349
      },
      {
        "Brigade": "1",
        "Time": "2017-05-14 07:07:38",
        "Lines": "138",
        "Lon": 21.1157,
        "Lat": 52.2353
      },
      {
        "Brigade": "1",
        "Time": "2017-05-14 07:07:48",
        "Lines": "138",
        "Lon": 21.1157,
        "Lat": 52.2355
      },
      {
        "Brigade": "1",
        "Time": "2017-05-14 07:07:58",
        "Lines": "138",
        "Lon": 21.1156,
        "Lat": 52.2357
      },
      {
        "Brigade": "1",
        "Time": "2017-05-14 07:08:08",
        "Lines": "138",
        "Lon": 21.1156,
        "Lat": 52.2359
      },
      {
        "Brigade": "1",
        "Time": "2017-05-14 07:08:26",
        "Lines": "138",
        "Lon": 21.1156,
        "Lat": 52.2361
      },
      {
        "Brigade": "1",
        "Time": "2017-05-14 07:10:29",
        "Lines": "138",
        "Lon": 21.1155,
        "Lat": 52.2347
      },
      {
        "Brigade": "1",
        "Time": "2017-05-14 07:10:40",
        "Lines": "138",
        "Lon": 21.115,
        "Lat": 52.2348
      },
      {
        "Brigade": "1",
        "Time": "2017-05-14 07:10:52",
        "Lines": "138",
        "Lon": 21.1136,
        "Lat": 52.2348
      },
      {
        "Brigade": "1",
        "Time": "2017-05-14 07:11:03",
        "Lines": "138",
        "Lon": 21.1143,
        "Lat": 52.2351
      },
      {
        "Brigade": "1",
        "Time": "2017-05-14 07:11:12",
        "Lines": "138",
        "Lon": 21.1143,
        "Lat": 52.2351
      },
      {
        "Brigade": "1",
        "Time": "2017-05-14 07:11:22",
        "Lines": "138",
        "Lon": 21.1142,
        "Lat": 52.2351
      },
      {
        "Brigade": "1",
        "Time": "2017-05-14 07:11:32",
        "Lines": "138",
        "Lon": 21.1142,
        "Lat": 52.2351
      },
      {
        "Brigade": "1",
        "Time": "2017-05-14 07:11:47",
        "Lines": "138",
        "Lon": 21.1143,
        "Lat": 52.2351
      },
      {
        "Brigade": "1",
        "Time": "2017-05-14 07:11:52",
        "Lines": "138",
        "Lon": 21.1143,
        "Lat": 52.2352
      },
      {
        "Brigade": "1",
        "Time": "2017-05-14 07:12:41",
        "Lines": "138",
        "Lon": 21.1143,
        "Lat": 52.2349
      },
      {
        "Brigade": "1",
        "Time": "2017-05-14 07:12:51",
        "Lines": "138",
        "Lon": 21.1143,
        "Lat": 52.2349
      },
      {
        "Brigade": "1",
        "Time": "2017-05-14 07:13:01",
        "Lines": "138",
        "Lon": 21.1143,
        "Lat": 52.235
      },
      {
        "Brigade": "1",
        "Time": "2017-05-14 07:13:11",
        "Lines": "138",
        "Lon": 21.1143,
        "Lat": 52.235
      },
      {
        "Brigade": "1",
        "Time": "2017-05-14 07:13:21",
        "Lines": "138",
        "Lon": 21.1143,
        "Lat": 52.235
      },
      {
        "Brigade": "1",
        "Time": "2017-05-14 07:13:31",
        "Lines": "138",
        "Lon": 21.1143,
        "Lat": 52.235
      },
      {
        "Brigade": "1",
        "Time": "2017-05-14 07:13:41",
        "Lines": "138",
        "Lon": 21.1143,
        "Lat": 52.235
      },
      {
        "Brigade": "1",
        "Time": "2017-05-14 07:13:51",
        "Lines": "138",
        "Lon": 21.1143,
        "Lat": 52.235
      },
      {
        "Brigade": "1",
        "Time": "2017-05-14 07:14:01",
        "Lines": "138",
        "Lon": 21.1143,
        "Lat": 52.235
      },
      {
        "Brigade": "1",
        "Time": "2017-05-14 07:14:11",
        "Lines": "138",
        "Lon": 21.1143,
        "Lat": 52.235
      },
      {
        "Brigade": "1",
        "Time": "2017-05-14 07:14:32",
        "Lines": "138",
        "Lon": 21.1143,
        "Lat": 52.235
      },
      {
        "Brigade": "1",
        "Time": "2017-05-14 07:14:42",
        "Lines": "138",
        "Lon": 21.1143,
        "Lat": 52.235
      },
      {
        "Brigade": "1",
        "Time": "2017-05-14 07:14:52",
        "Lines": "138",
        "Lon": 21.1143,
        "Lat": 52.235
      },
      {
        "Brigade": "1",
        "Time": "2017-05-14 07:15:02",
        "Lines": "138",
        "Lon": 21.1143,
        "Lat": 52.2351
      },
      {
        "Brigade": "1",
        "Time": "2017-05-14 07:15:12",
        "Lines": "138",
        "Lon": 21.1143,
        "Lat": 52.2351
      },
      {
        "Brigade": "1",
        "Time": "2017-05-14 07:15:22",
        "Lines": "138",
        "Lon": 21.1143,
        "Lat": 52.2351
      },
      {
        "Brigade": "1",
        "Time": "2017-05-14 07:15:32",
        "Lines": "138",
        "Lon": 21.1143,
        "Lat": 52.2351
      },
      {
        "Brigade": "1",
        "Time": "2017-05-14 07:15:42",
        "Lines": "138",
        "Lon": 21.1143,
        "Lat": 52.2351
      },
      {
        "Brigade": "1",
        "Time": "2017-05-14 07:15:52",
        "Lines": "138",
        "Lon": 21.1143,
        "Lat": 52.2351
      },
      {
        "Brigade": "1",
        "Time": "2017-05-14 07:16:02",
        "Lines": "138",
        "Lon": 21.1143,
        "Lat": 52.2351
      },
      {
        "Brigade": "1",
        "Time": "2017-05-14 07:16:13",
        "Lines": "138",
        "Lon": 21.1143,
        "Lat": 52.2351
      },
      {
        "Brigade": "1",
        "Time": "2017-05-14 07:16:23",
        "Lines": "138",
        "Lon": 21.1143,
        "Lat": 52.2351
      },
      {
        "Brigade": "1",
        "Time": "2017-05-14 07:16:43",
        "Lines": "138",
        "Lon": 21.1143,
        "Lat": 52.2351
      },
      {
        "Brigade": "1",
        "Time": "2017-05-14 07:16:53",
        "Lines": "138",
        "Lon": 21.1143,
        "Lat": 52.2351
      },
      {
        "Brigade": "1",
        "Time": "2017-05-14 07:17:03",
        "Lines": "138",
        "Lon": 21.1143,
        "Lat": 52.2352
      },
      {
        "Brigade": "1",
        "Time": "2017-05-14 07:17:13",
        "Lines": "138",
        "Lon": 21.1143,
        "Lat": 52.2352
      },
      {
        "Brigade": "1",
        "Time": "2017-05-14 07:17:23",
        "Lines": "138",
        "Lon": 21.1143,
        "Lat": 52.2352
      },
      {
        "Brigade": "1",
        "Time": "2017-05-14 07:17:33",
        "Lines": "138",
        "Lon": 21.1143,
        "Lat": 52.2352
      },
      {
        "Brigade": "1",
        "Time": "2017-05-14 07:17:43",
        "Lines": "138",
        "Lon": 21.1143,
        "Lat": 52.2352
      },
      {
        "Brigade": "1",
        "Time": "2017-05-14 07:17:53",
        "Lines": "138",
        "Lon": 21.1143,
        "Lat": 52.2352
      },
      {
        "Brigade": "1",
        "Time": "2017-05-14 07:18:04",
        "Lines": "138",
        "Lon": 21.1143,
        "Lat": 52.2352
      },
      {
        "Brigade": "1",
        "Time": "2017-05-14 07:18:14",
        "Lines": "138",
        "Lon": 21.1143,
        "Lat": 52.2352
      },
      {
        "Brigade": "1",
        "Time": "2017-05-14 07:18:24",
        "Lines": "138",
        "Lon": 21.1143,
        "Lat": 52.2352
      },
      {
        "Brigade": "1",
        "Time": "2017-05-14 07:18:44",
        "Lines": "138",
        "Lon": 21.1143,
        "Lat": 52.2352
      },
      {
        "Brigade": "1",
        "Time": "2017-05-14 07:18:54",
        "Lines": "138",
        "Lon": 21.1143,
        "Lat": 52.2352
      },
      {
        "Brigade": "1",
        "Time": "2017-05-14 07:19:04",
        "Lines": "138",
        "Lon": 21.1143,
        "Lat": 52.2352
      },
      {
        "Brigade": "1",
        "Time": "2017-05-14 07:19:24",
        "Lines": "138",
        "Lon": 21.1138,
        "Lat": 52.2348
      },
      {
        "Brigade": "1",
        "Time": "2017-05-14 07:19:50",
        "Lines": "138",
        "Lon": 21.1138,
        "Lat": 52.2344
      },
      {
        "Brigade": "1",
        "Time": "2017-05-14 07:20:00",
        "Lines": "138",
        "Lon": 21.1138,
        "Lat": 52.2344
      },
      {
        "Brigade": "1",
        "Time": "2017-05-14 07:20:14",
        "Lines": "138",
        "Lon": 21.1137,
        "Lat": 52.2344
      },
      {
        "Brigade": "1",
        "Time": "2017-05-14 07:20:20",
        "Lines": "138",
        "Lon": 21.1137,
        "Lat": 52.2344
      },
      {
        "Brigade": "1",
        "Time": "2017-05-14 07:20:35",
        "Lines": "138",
        "Lon": 21.1137,
        "Lat": 52.2344
      },
      {
        "Brigade": "1",
        "Time": "2017-05-14 07:20:45",
        "Lines": "138",
        "Lon": 21.1135,
        "Lat": 52.2343
      },
      {
        "Brigade": "1",
        "Time": "2017-05-14 07:20:55",
        "Lines": "138",
        "Lon": 21.1134,
        "Lat": 52.2342
      },
      {
        "Brigade": "1",
        "Time": "2017-05-14 07:21:10",
        "Lines": "138",
        "Lon": 21.1132,
        "Lat": 52.2336
      },
      {
        "Brigade": "1",
        "Time": "2017-05-14 07:21:20",
        "Lines": "138",
        "Lon": 21.1132,
        "Lat": 52.2332
      },
      {
        "Brigade": "1",
        "Time": "2017-05-14 07:21:30",
        "Lines": "138",
        "Lon": 21.1126,
        "Lat": 52.2332
      },
      {
        "Brigade": "1",
        "Time": "2017-05-14 07:21:40",
        "Lines": "138",
        "Lon": 21.1115,
        "Lat": 52.2334
      },
      {
        "Brigade": "1",
        "Time": "2017-05-14 07:21:50",
        "Lines": "138",
        "Lon": 21.1101,
        "Lat": 52.2335
      },
      {
        "Brigade": "1",
        "Time": "2017-05-14 07:22:05",
        "Lines": "138",
        "Lon": 21.1078,
        "Lat": 52.2338
      },
      {
        "Brigade": "1",
        "Time": "2017-05-14 07:22:15",
        "Lines": "138",
        "Lon": 21.1062,
        "Lat": 52.2339
      },
      {
        "Brigade": "1",
        "Time": "2017-05-14 07:22:26",
        "Lines": "138",
        "Lon": 21.1045,
        "Lat": 52.2341
      },
      {
        "Brigade": "1",
        "Time": "2017-05-14 07:22:36",
        "Lines": "138",
        "Lon": 21.1028,
        "Lat": 52.2343
      },
      {
        "Brigade": "1",
        "Time": "2017-05-14 07:22:45",
        "Lines": "138",
        "Lon": 21.1012,
        "Lat": 52.2345
      },
      {
        "Brigade": "1",
        "Time": "2017-05-14 07:23:00",
        "Lines": "138",
        "Lon": 21.0991,
        "Lat": 52.2347
      },
      {
        "Brigade": "1",
        "Time": "2017-05-14 07:23:10",
        "Lines": "138",
        "Lon": 21.0982,
        "Lat": 52.2349
      },
      {
        "Brigade": "1",
        "Time": "2017-05-14 07:23:20",
        "Lines": "138",
        "Lon": 21.0981,
        "Lat": 52.2349
      },
      {
        "Brigade": "1",
        "Time": "2017-05-14 07:23:30",
        "Lines": "138",
        "Lon": 21.0981,
        "Lat": 52.2349
      },
      {
        "Brigade": "1",
        "Time": "2017-05-14 07:23:40",
        "Lines": "138",
        "Lon": 21.0975,
        "Lat": 52.2349
      },
      {
        "Brigade": "1",
        "Time": "2017-05-14 07:23:56",
        "Lines": "138",
        "Lon": 21.0957,
        "Lat": 52.2351
      },
      {
        "Brigade": "1",
        "Time": "2017-05-14 07:24:06",
        "Lines": "138",
        "Lon": 21.0941,
        "Lat": 52.2353
      },
      {
        "Brigade": "1",
        "Time": "2017-05-14 07:24:16",
        "Lines": "138",
        "Lon": 21.0924,
        "Lat": 52.2355
      },
      {
        "Brigade": "1",
        "Time": "2017-05-14 07:24:25",
        "Lines": "138",
        "Lon": 21.0907,
        "Lat": 52.2357
      },
      {
        "Brigade": "1",
        "Time": "2017-05-14 07:24:35",
        "Lines": "138",
        "Lon": 21.0891,
        "Lat": 52.236
      },
      {
        "Brigade": "1",
        "Time": "2017-05-14 07:24:50",
        "Lines": "138",
        "Lon": 21.0872,
        "Lat": 52.2363
      },
      {
        "Brigade": "1",
        "Time": "2017-05-14 07:25:01",
        "Lines": "138",
        "Lon": 21.0872,
        "Lat": 52.2363
      },
      {
        "Brigade": "1",
        "Time": "2017-05-14 07:25:10",
        "Lines": "138",
        "Lon": 21.0872,
        "Lat": 52.2363
      },
      {
        "Brigade": "1",
        "Time": "2017-05-14 07:25:20",
        "Lines": "138",
        "Lon": 21.0872,
        "Lat": 52.2363
      },
      {
        "Brigade": "1",
        "Time": "2017-05-14 07:25:25",
        "Lines": "138",
        "Lon": 21.087,
        "Lat": 52.2363
      },
      {
        "Brigade": "1",
        "Time": "2017-05-14 07:25:55",
        "Lines": "138",
        "Lon": 21.0829,
        "Lat": 52.2359
      },
      {
        "Brigade": "1",
        "Time": "2017-05-14 07:26:05",
        "Lines": "138",
        "Lon": 21.0811,
        "Lat": 52.2357
      },
      {
        "Brigade": "1",
        "Time": "2017-05-14 07:26:15",
        "Lines": "138",
        "Lon": 21.0793,
        "Lat": 52.2355
      },
      {
        "Brigade": "1",
        "Time": "2017-05-14 07:26:30",
        "Lines": "138",
        "Lon": 21.0773,
        "Lat": 52.2356
      },
      {
        "Brigade": "1",
        "Time": "2017-05-14 07:26:40",
        "Lines": "138",
        "Lon": 21.0766,
        "Lat": 52.2365
      },
      {
        "Brigade": "1",
        "Time": "2017-05-14 07:26:50",
        "Lines": "138",
        "Lon": 21.0759,
        "Lat": 52.2374
      },
      {
        "Brigade": "1",
        "Time": "2017-05-14 07:27:00",
        "Lines": "138",
        "Lon": 21.0752,
        "Lat": 52.2384
      },
      {
        "Brigade": "1",
        "Time": "2017-05-14 07:27:10",
        "Lines": "138",
        "Lon": 21.0744,
        "Lat": 52.2393
      },
      {
        "Brigade": "1",
        "Time": "2017-05-14 07:27:20",
        "Lines": "138",
        "Lon": 21.0735,
        "Lat": 52.2402
      },
      {
        "Brigade": "1",
        "Time": "2017-05-14 07:27:30",
        "Lines": "138",
        "Lon": 21.0725,
        "Lat": 52.2411
      },
      {
        "Brigade": "1",
        "Time": "2017-05-14 07:27:46",
        "Lines": "138",
        "Lon": 21.0714,
        "Lat": 52.2422
      },
      {
        "Brigade": "1",
        "Time": "2017-05-14 07:27:57",
        "Lines": "138",
        "Lon": 21.0705,
        "Lat": 52.242
      },
      {
        "Brigade": "1",
        "Time": "2017-05-14 07:28:05",
        "Lines": "138",
        "Lon": 21.0692,
        "Lat": 52.2417
      },
      {
        "Brigade": "1",
        "Time": "2017-05-14 07:28:15",
        "Lines": "138",
        "Lon": 21.0677,
        "Lat": 52.2415
      },
      {
        "Brigade": "1",
        "Time": "2017-05-14 07:28:30",
        "Lines": "138",
        "Lon": 21.0654,
        "Lat": 52.241
      },
      {
        "Brigade": "1",
        "Time": "2017-05-14 07:28:35",
        "Lines": "138",
        "Lon": 21.0646,
        "Lat": 52.2408
      },
      {
        "Brigade": "1",
        "Time": "2017-05-14 07:28:51",
        "Lines": "138",
        "Lon": 21.0623,
        "Lat": 52.2404
      },
      {
        "Brigade": "1",
        "Time": "2017-05-14 07:29:15",
        "Lines": "138",
        "Lon": 21.0588,
        "Lat": 52.2396
      },
      {
        "Brigade": "1",
        "Time": "2017-05-14 07:29:25",
        "Lines": "138",
        "Lon": 21.0574,
        "Lat": 52.2393
      },
      {
        "Brigade": "1",
        "Time": "2017-05-14 07:29:35",
        "Lines": "138",
        "Lon": 21.056,
        "Lat": 52.239
      },
      {
        "Brigade": "1",
        "Time": "2017-05-14 07:29:45",
        "Lines": "138",
        "Lon": 21.0547,
        "Lat": 52.2388
      },
      {
        "Brigade": "1",
        "Time": "2017-05-14 07:29:55",
        "Lines": "138",
        "Lon": 21.0537,
        "Lat": 52.2386
      },
      {
        "Brigade": "1",
        "Time": "2017-05-14 07:30:05",
        "Lines": "138",
        "Lon": 21.0527,
        "Lat": 52.2385
      },
      {
        "Brigade": "1",
        "Time": "2017-05-14 07:30:20",
        "Lines": "138",
        "Lon": 21.0523,
        "Lat": 52.2385
      },
      {
        "Brigade": "1",
        "Time": "2017-05-14 07:30:30",
        "Lines": "138",
        "Lon": 21.052,
        "Lat": 52.2385
      },
      {
        "Brigade": "1",
        "Time": "2017-05-14 07:30:40",
        "Lines": "138",
        "Lon": 21.0516,
        "Lat": 52.2387
      },
      {
        "Brigade": "1",
        "Time": "2017-05-14 07:30:50",
        "Lines": "138",
        "Lon": 21.0514,
        "Lat": 52.239
      },
      {
        "Brigade": "1",
        "Time": "2017-05-14 07:31:05",
        "Lines": "138",
        "Lon": 21.0513,
        "Lat": 52.2393
      },
      {
        "Brigade": "1",
        "Time": "2017-05-14 07:31:16",
        "Lines": "138",
        "Lon": 21.0512,
        "Lat": 52.2395
      },
      {
        "Brigade": "1",
        "Time": "2017-05-14 07:31:25",
        "Lines": "138",
        "Lon": 21.051,
        "Lat": 52.2398
      },
      {
        "Brigade": "1",
        "Time": "2017-05-14 07:31:35",
        "Lines": "138",
        "Lon": 21.0507,
        "Lat": 52.2404
      },
      {
        "Brigade": "1",
        "Time": "2017-05-14 07:31:48",
        "Lines": "138",
        "Lon": 21.0504,
        "Lat": 52.2412
      },
      {
        "Brigade": "1",
        "Time": "2017-05-14 07:32:00",
        "Lines": "138",
        "Lon": 21.0497,
        "Lat": 52.2424
      },
      {
        "Brigade": "1",
        "Time": "2017-05-14 07:32:10",
        "Lines": "138",
        "Lon": 21.0493,
        "Lat": 52.2433
      },
      {
        "Brigade": "1",
        "Time": "2017-05-14 07:32:20",
        "Lines": "138",
        "Lon": 21.0489,
        "Lat": 52.2442
      },
      {
        "Brigade": "1",
        "Time": "2017-05-14 07:32:30",
        "Lines": "138",
        "Lon": 21.0485,
        "Lat": 52.245
      },
      {
        "Brigade": "1",
        "Time": "2017-05-14 07:32:40",
        "Lines": "138",
        "Lon": 21.0481,
        "Lat": 52.2458
      },
      {
        "Brigade": "1",
        "Time": "2017-05-14 07:32:55",
        "Lines": "138",
        "Lon": 21.0476,
        "Lat": 52.2469
      },
      {
        "Brigade": "1",
        "Time": "2017-05-14 07:33:06",
        "Lines": "138",
        "Lon": 21.0476,
        "Lat": 52.2469
      },
      {
        "Brigade": "1",
        "Time": "2017-05-14 07:33:15",
        "Lines": "138",
        "Lon": 21.0475,
        "Lat": 52.247
      },
      {
        "Brigade": "1",
        "Time": "2017-05-14 07:33:25",
        "Lines": "138",
        "Lon": 21.0475,
        "Lat": 52.2474
      },
      {
        "Brigade": "1",
        "Time": "2017-05-14 07:33:35",
        "Lines": "138",
        "Lon": 21.0475,
        "Lat": 52.2474
      },
      {
        "Brigade": "1",
        "Time": "2017-05-14 07:33:50",
        "Lines": "138",
        "Lon": 21.0475,
        "Lat": 52.2475
      },
      {
        "Brigade": "1",
        "Time": "2017-05-14 07:34:00",
        "Lines": "138",
        "Lon": 21.0475,
        "Lat": 52.2479
      },
      {
        "Brigade": "1",
        "Time": "2017-05-14 07:34:11",
        "Lines": "138",
        "Lon": 21.0469,
        "Lat": 52.2482
      },
      {
        "Brigade": "1",
        "Time": "2017-05-14 07:34:20",
        "Lines": "138",
        "Lon": 21.046,
        "Lat": 52.2486
      },
      {
        "Brigade": "1",
        "Time": "2017-05-14 07:34:30",
        "Lines": "138",
        "Lon": 21.045,
        "Lat": 52.2489
      },
      {
        "Brigade": "1",
        "Time": "2017-05-14 07:34:43",
        "Lines": "138",
        "Lon": 21.0445,
        "Lat": 52.2491
      },
      {
        "Brigade": "1",
        "Time": "2017-05-14 07:34:55",
        "Lines": "138",
        "Lon": 21.0442,
        "Lat": 52.2492
      },
      {
        "Brigade": "1",
        "Time": "2017-05-14 07:35:05",
        "Lines": "138",
        "Lon": 21.0438,
        "Lat": 52.2493
      },
      {
        "Brigade": "1",
        "Time": "2017-05-14 07:35:15",
        "Lines": "138",
        "Lon": 21.0436,
        "Lat": 52.2494
      },
      {
        "Brigade": "1",
        "Time": "2017-05-14 07:35:30",
        "Lines": "138",
        "Lon": 21.0423,
        "Lat": 52.2498
      },
      {
        "Brigade": "1",
        "Time": "2017-05-14 07:35:40",
        "Lines": "138",
        "Lon": 21.0413,
        "Lat": 52.2503
      },
      {
        "Brigade": "1",
        "Time": "2017-05-14 07:35:52",
        "Lines": "138",
        "Lon": 21.0404,
        "Lat": 52.2508
      },
      {
        "Brigade": "1",
        "Time": "2017-05-14 07:36:01",
        "Lines": "138",
        "Lon": 21.0395,
        "Lat": 52.2512
      },
      {
        "Brigade": "1",
        "Time": "2017-05-14 07:36:10",
        "Lines": "138",
        "Lon": 21.0388,
        "Lat": 52.2517
      },
      {
        "Brigade": "1",
        "Time": "2017-05-14 07:36:25",
        "Lines": "138",
        "Lon": 21.0386,
        "Lat": 52.2518
      },
      {
        "Brigade": "1",
        "Time": "2017-05-14 07:36:35",
        "Lines": "138",
        "Lon": 21.0385,
        "Lat": 52.2519
      },
      {
        "Brigade": "1",
        "Time": "2017-05-14 07:36:45",
        "Lines": "138",
        "Lon": 21.0382,
        "Lat": 52.2521
      },
      {
        "Brigade": "1",
        "Time": "2017-05-14 07:36:55",
        "Lines": "138",
        "Lon": 21.0381,
        "Lat": 52.2521
      },
      {
        "Brigade": "1",
        "Time": "2017-05-14 07:37:06",
        "Lines": "138",
        "Lon": 21.0379,
        "Lat": 52.2522
      },
      {
        "Brigade": "1",
        "Time": "2017-05-14 07:37:15",
        "Lines": "138",
        "Lon": 21.0381,
        "Lat": 52.2524
      },
      {
        "Brigade": "1",
        "Time": "2017-05-14 07:37:25",
        "Lines": "138",
        "Lon": 21.0387,
        "Lat": 52.2527
      },
      {
        "Brigade": "1",
        "Time": "2017-05-14 07:37:40",
        "Lines": "138",
        "Lon": 21.0399,
        "Lat": 52.2531
      },
      {
        "Brigade": "1",
        "Time": "2017-05-14 07:37:51",
        "Lines": "138",
        "Lon": 21.0408,
        "Lat": 52.2535
      },
      {
        "Brigade": "1",
        "Time": "2017-05-14 07:37:55",
        "Lines": "138",
        "Lon": 21.0412,
        "Lat": 52.2537
      },
      {
        "Brigade": "1",
        "Time": "2017-05-14 07:38:08",
        "Lines": "138",
        "Lon": 21.0424,
        "Lat": 52.2541
      },
      {
        "Brigade": "1",
        "Time": "2017-05-14 07:38:21",
        "Lines": "138",
        "Lon": 21.0426,
        "Lat": 52.2541
      },
      {
        "Brigade": "1",
        "Time": "2017-05-14 07:38:28",
        "Lines": "138",
        "Lon": 21.0428,
        "Lat": 52.2542
      },
      {
        "Brigade": "1",
        "Time": "2017-05-14 07:38:46",
        "Lines": "138",
        "Lon": 21.0437,
        "Lat": 52.2543
      },
      {
        "Brigade": "1",
        "Time": "2017-05-14 07:38:53",
        "Lines": "138",
        "Lon": 21.047,
        "Lat": 52.2549
      },
      {
        "Brigade": "1",
        "Time": "2017-05-14 07:39:30",
        "Lines": "138",
        "Lon": 21.0478,
        "Lat": 52.255
      },
      {
        "Brigade": "1",
        "Time": "2017-05-14 07:39:40",
        "Lines": "138",
        "Lon": 21.0478,
        "Lat": 52.255
      },
      {
        "Brigade": "1",
        "Time": "2017-05-14 07:39:49",
        "Lines": "138",
        "Lon": 21.0479,
        "Lat": 52.255
      },
      {
        "Brigade": "1",
        "Time": "2017-05-14 07:39:59",
        "Lines": "138",
        "Lon": 21.048,
        "Lat": 52.255
      },
      {
        "Brigade": "1",
        "Time": "2017-05-14 07:40:11",
        "Lines": "138",
        "Lon": 21.0486,
        "Lat": 52.2551
      },
      {
        "Brigade": "1",
        "Time": "2017-05-14 07:40:24",
        "Lines": "138",
        "Lon": 21.0488,
        "Lat": 52.2552
      },
      {
        "Brigade": "1",
        "Time": "2017-05-14 07:40:34",
        "Lines": "138",
        "Lon": 21.0495,
        "Lat": 52.2555
      },
      {
        "Brigade": "1",
        "Time": "2017-05-14 07:40:44",
        "Lines": "138",
        "Lon": 21.0501,
        "Lat": 52.2563
      },
      {
        "Brigade": "1",
        "Time": "2017-05-14 07:40:54",
        "Lines": "138",
        "Lon": 21.0509,
        "Lat": 52.2572
      },
      {
        "Brigade": "1",
        "Time": "2017-05-14 07:40:59",
        "Lines": "138",
        "Lon": 21.0512,
        "Lat": 52.2576
      },
      {
        "Brigade": "1",
        "Time": "2017-05-14 07:41:04",
        "Lines": "138",
        "Lon": 21.0522,
        "Lat": 52.2588
      },
      {
        "Brigade": "1",
        "Time": "2017-05-14 07:41:29",
        "Lines": "138",
        "Lon": 21.0525,
        "Lat": 52.2592
      },
      {
        "Brigade": "1",
        "Time": "2017-05-14 07:41:39",
        "Lines": "138",
        "Lon": 21.0531,
        "Lat": 52.2598
      },
      {
        "Brigade": "1",
        "Time": "2017-05-14 07:41:49",
        "Lines": "138",
        "Lon": 21.0537,
        "Lat": 52.2606
      },
      {
        "Brigade": "1",
        "Time": "2017-05-14 07:42:00",
        "Lines": "138",
        "Lon": 21.0543,
        "Lat": 52.2613
      },
      {
        "Brigade": "1",
        "Time": "2017-05-14 07:42:14",
        "Lines": "138",
        "Lon": 21.0543,
        "Lat": 52.2614
      },
      {
        "Brigade": "1",
        "Time": "2017-05-14 07:42:24",
        "Lines": "138",
        "Lon": 21.0547,
        "Lat": 52.2618
      },
      {
        "Brigade": "1",
        "Time": "2017-05-14 07:42:34",
        "Lines": "138",
        "Lon": 21.055,
        "Lat": 52.2625
      },
      {
        "Brigade": "1",
        "Time": "2017-05-14 07:42:44",
        "Lines": "138",
        "Lon": 21.0551,
        "Lat": 52.2631
      },
      {
        "Brigade": "1",
        "Time": "2017-05-14 07:42:54",
        "Lines": "138",
        "Lon": 21.056,
        "Lat": 52.2636
      },
      {
        "Brigade": "1",
        "Time": "2017-05-14 07:43:07",
        "Lines": "138",
        "Lon": 21.0572,
        "Lat": 52.2633
      },
      {
        "Brigade": "1",
        "Time": "2017-05-14 07:43:09",
        "Lines": "138",
        "Lon": 21.0572,
        "Lat": 52.2633
      },
      {
        "Brigade": "1",
        "Time": "2017-05-14 07:43:19",
        "Lines": "138",
        "Lon": 21.0572,
        "Lat": 52.2633
      },
      {
        "Brigade": "1",
        "Time": "2017-05-14 07:43:29",
        "Lines": "138",
        "Lon": 21.0573,
        "Lat": 52.2633
      },
      {
        "Brigade": "1",
        "Time": "2017-05-14 07:43:44",
        "Lines": "138",
        "Lon": 21.0588,
        "Lat": 52.2629
      },
      {
        "Brigade": "1",
        "Time": "2017-05-14 07:43:54",
        "Lines": "138",
        "Lon": 21.0601,
        "Lat": 52.2626
      },
      {
        "Brigade": "1",
        "Time": "2017-05-14 07:44:04",
        "Lines": "138",
        "Lon": 21.0614,
        "Lat": 52.2622
      },
      {
        "Brigade": "1",
        "Time": "2017-05-14 07:44:09",
        "Lines": "138",
        "Lon": 21.062,
        "Lat": 52.2623
      },
      {
        "Brigade": "1",
        "Time": "2017-05-14 07:44:39",
        "Lines": "138",
        "Lon": 21.0655,
        "Lat": 52.2617
      },
      {
        "Brigade": "1",
        "Time": "2017-05-14 07:44:49",
        "Lines": "138",
        "Lon": 21.0668,
        "Lat": 52.2613
      },
      {
        "Brigade": "1",
        "Time": "2017-05-14 07:44:54",
        "Lines": "138",
        "Lon": 21.0675,
        "Lat": 52.2611
      },
      {
        "Brigade": "1",
        "Time": "2017-05-14 07:45:09",
        "Lines": "138",
        "Lon": 21.0695,
        "Lat": 52.2606
      },
      {
        "Brigade": "1",
        "Time": "2017-05-14 07:45:24",
        "Lines": "138",
        "Lon": 21.0707,
        "Lat": 52.2606
      },
      {
        "Brigade": "1",
        "Time": "2017-05-14 07:45:34",
        "Lines": "138",
        "Lon": 21.0714,
        "Lat": 52.2606
      },
      {
        "Brigade": "1",
        "Time": "2017-05-14 07:45:44",
        "Lines": "138",
        "Lon": 21.0725,
        "Lat": 52.2607
      },
      {
        "Brigade": "1",
        "Time": "2017-05-14 07:45:54",
        "Lines": "138",
        "Lon": 21.0737,
        "Lat": 52.2608
      },
      {
        "Brigade": "1",
        "Time": "2017-05-14 07:46:04",
        "Lines": "138",
        "Lon": 21.075,
        "Lat": 52.2609
      },
      {
        "Brigade": "1",
        "Time": "2017-05-14 07:46:19",
        "Lines": "138",
        "Lon": 21.0767,
        "Lat": 52.2607
      },
      {
        "Brigade": "1",
        "Time": "2017-05-14 07:46:29",
        "Lines": "138",
        "Lon": 21.0772,
        "Lat": 52.2607
      },
      {
        "Brigade": "1",
        "Time": "2017-05-14 07:46:39",
        "Lines": "138",
        "Lon": 21.0776,
        "Lat": 52.2606
      },
      {
        "Brigade": "1",
        "Time": "2017-05-14 07:46:49",
        "Lines": "138",
        "Lon": 21.0782,
        "Lat": 52.2606
      },
      {
        "Brigade": "1",
        "Time": "2017-05-14 07:46:59",
        "Lines": "138",
        "Lon": 21.0795,
        "Lat": 52.2604
      },
      {
        "Brigade": "1",
        "Time": "2017-05-14 07:47:14",
        "Lines": "138",
        "Lon": 21.0817,
        "Lat": 52.2602
      },
      {
        "Brigade": "1",
        "Time": "2017-05-14 07:47:24",
        "Lines": "138",
        "Lon": 21.0832,
        "Lat": 52.2603
      },
      {
        "Brigade": "1",
        "Time": "2017-05-14 07:47:47",
        "Lines": "138",
        "Lon": 21.0857,
        "Lat": 52.2606
      },
      {
        "Brigade": "1",
        "Time": "2017-05-14 07:47:54",
        "Lines": "138",
        "Lon": 21.0857,
        "Lat": 52.2606
      },
      {
        "Brigade": "1",
        "Time": "2017-05-14 07:48:09",
        "Lines": "138",
        "Lon": 21.087,
        "Lat": 52.2607
      },
      {
        "Brigade": "1",
        "Time": "2017-05-14 07:48:19",
        "Lines": "138",
        "Lon": 21.0885,
        "Lat": 52.2607
      },
      {
        "Brigade": "1",
        "Time": "2017-05-14 07:48:29",
        "Lines": "138",
        "Lon": 21.0902,
        "Lat": 52.2606
      },
      {
        "Brigade": "1",
        "Time": "2017-05-14 07:48:39",
        "Lines": "138",
        "Lon": 21.092,
        "Lat": 52.2605
      },
      {
        "Brigade": "1",
        "Time": "2017-05-14 07:48:49",
        "Lines": "138",
        "Lon": 21.0937,
        "Lat": 52.2604
      },
      {
        "Brigade": "1",
        "Time": "2017-05-14 07:48:59",
        "Lines": "138",
        "Lon": 21.0954,
        "Lat": 52.2604
      },
      {
        "Brigade": "1",
        "Time": "2017-05-14 07:49:15",
        "Lines": "138",
        "Lon": 21.0967,
        "Lat": 52.2603
      },
      {
        "Brigade": "1",
        "Time": "2017-05-14 07:49:24",
        "Lines": "138",
        "Lon": 21.0967,
        "Lat": 52.2603
      },
      {
        "Brigade": "1",
        "Time": "2017-05-14 07:49:34",
        "Lines": "138",
        "Lon": 21.0974,
        "Lat": 52.2603
      },
      {
        "Brigade": "1",
        "Time": "2017-05-14 07:49:44",
        "Lines": "138",
        "Lon": 21.0986,
        "Lat": 52.2602
      },
      {
        "Brigade": "1",
        "Time": "2017-05-14 07:49:59",
        "Lines": "138",
        "Lon": 21.1004,
        "Lat": 52.2602
      },
      {
        "Brigade": "1",
        "Time": "2017-05-14 07:50:09",
        "Lines": "138",
        "Lon": 21.1014,
        "Lat": 52.2602
      },
      {
        "Brigade": "1",
        "Time": "2017-05-14 07:50:19",
        "Lines": "138",
        "Lon": 21.1014,
        "Lat": 52.2605
      },
      {
        "Brigade": "1",
        "Time": "2017-05-14 07:50:31",
        "Lines": "138",
        "Lon": 21.1009,
        "Lat": 52.2606
      },
      {
        "Brigade": "1",
        "Time": "2017-05-14 07:50:39",
        "Lines": "138",
        "Lon": 21.1008,
        "Lat": 52.2606
      },
      {
        "Brigade": "1",
        "Time": "2017-05-14 07:50:49",
        "Lines": "138",
        "Lon": 21.1008,
        "Lat": 52.2606
      },
      {
        "Brigade": "1",
        "Time": "2017-05-14 07:51:04",
        "Lines": "138",
        "Lon": 21.1008,
        "Lat": 52.2606
      },
      {
        "Brigade": "1",
        "Time": "2017-05-14 07:51:14",
        "Lines": "138",
        "Lon": 21.1008,
        "Lat": 52.2606
      },
      {
        "Brigade": "1",
        "Time": "2017-05-14 07:51:24",
        "Lines": "138",
        "Lon": 21.1008,
        "Lat": 52.2606
      },
      {
        "Brigade": "1",
        "Time": "2017-05-14 07:51:39",
        "Lines": "138",
        "Lon": 21.1008,
        "Lat": 52.2606
      },
      {
        "Brigade": "1",
        "Time": "2017-05-14 07:51:49",
        "Lines": "138",
        "Lon": 21.1008,
        "Lat": 52.2606
      },
      {
        "Brigade": "1",
        "Time": "2017-05-14 07:51:59",
        "Lines": "138",
        "Lon": 21.1008,
        "Lat": 52.2606
      },
      {
        "Brigade": "1",
        "Time": "2017-05-14 07:52:09",
        "Lines": "138",
        "Lon": 21.1008,
        "Lat": 52.2606
      },
      {
        "Brigade": "1",
        "Time": "2017-05-14 07:52:19",
        "Lines": "138",
        "Lon": 21.1008,
        "Lat": 52.2606
      },
      {
        "Brigade": "1",
        "Time": "2017-05-14 07:52:34",
        "Lines": "138",
        "Lon": 21.1008,
        "Lat": 52.2606
      },
      {
        "Brigade": "1",
        "Time": "2017-05-14 07:52:44",
        "Lines": "138",
        "Lon": 21.1008,
        "Lat": 52.2606
      },
      {
        "Brigade": "1",
        "Time": "2017-05-14 07:52:54",
        "Lines": "138",
        "Lon": 21.1008,
        "Lat": 52.2606
      },
      {
        "Brigade": "1",
        "Time": "2017-05-14 07:53:04",
        "Lines": "138",
        "Lon": 21.1008,
        "Lat": 52.2606
      },
      {
        "Brigade": "1",
        "Time": "2017-05-14 07:53:19",
        "Lines": "138",
        "Lon": 21.1008,
        "Lat": 52.2606
      },
      {
        "Brigade": "1",
        "Time": "2017-05-14 07:53:29",
        "Lines": "138",
        "Lon": 21.1008,
        "Lat": 52.2606
      },
      {
        "Brigade": "1",
        "Time": "2017-05-14 07:53:39",
        "Lines": "138",
        "Lon": 21.1008,
        "Lat": 52.2606
      },
      {
        "Brigade": "1",
        "Time": "2017-05-14 07:53:49",
        "Lines": "138",
        "Lon": 21.1008,
        "Lat": 52.2606
      },
      {
        "Brigade": "1",
        "Time": "2017-05-14 07:54:04",
        "Lines": "138",
        "Lon": 21.1008,
        "Lat": 52.2606
      },
      {
        "Brigade": "1",
        "Time": "2017-05-14 07:54:14",
        "Lines": "138",
        "Lon": 21.1008,
        "Lat": 52.2606
      },
      {
        "Brigade": "1",
        "Time": "2017-05-14 07:54:24",
        "Lines": "138",
        "Lon": 21.1006,
        "Lat": 52.2606
      },
      {
        "Brigade": "1",
        "Time": "2017-05-14 07:54:34",
        "Lines": "138",
        "Lon": 21.1006,
        "Lat": 52.2606
      },
      {
        "Brigade": "1",
        "Time": "2017-05-14 07:54:44",
        "Lines": "138",
        "Lon": 21.1006,
        "Lat": 52.2606
      },
      {
        "Brigade": "1",
        "Time": "2017-05-14 07:54:54",
        "Lines": "138",
        "Lon": 21.1006,
        "Lat": 52.2607
      },
      {
        "Brigade": "1",
        "Time": "2017-05-14 07:55:09",
        "Lines": "138",
        "Lon": 21.1006,
        "Lat": 52.2606
      },
      {
        "Brigade": "1",
        "Time": "2017-05-14 07:55:19",
        "Lines": "138",
        "Lon": 21.1006,
        "Lat": 52.2606
      },
      {
        "Brigade": "1",
        "Time": "2017-05-14 07:55:29",
        "Lines": "138",
        "Lon": 21.1006,
        "Lat": 52.2606
      },
      {
        "Brigade": "1",
        "Time": "2017-05-14 07:55:39",
        "Lines": "138",
        "Lon": 21.1006,
        "Lat": 52.2606
      },
      {
        "Brigade": "1",
        "Time": "2017-05-14 07:55:54",
        "Lines": "138",
        "Lon": 21.1006,
        "Lat": 52.2606
      },
      {
        "Brigade": "1",
        "Time": "2017-05-14 07:56:04",
        "Lines": "138",
        "Lon": 21.1006,
        "Lat": 52.2606
      },
      {
        "Brigade": "1",
        "Time": "2017-05-14 07:56:14",
        "Lines": "138",
        "Lon": 21.1006,
        "Lat": 52.2606
      },
      {
        "Brigade": "1",
        "Time": "2017-05-14 07:56:24",
        "Lines": "138",
        "Lon": 21.1006,
        "Lat": 52.2606
      },
      {
        "Brigade": "1",
        "Time": "2017-05-14 07:56:34",
        "Lines": "138",
        "Lon": 21.1006,
        "Lat": 52.2607
      },
      {
        "Brigade": "1",
        "Time": "2017-05-14 07:56:44",
        "Lines": "138",
        "Lon": 21.1006,
        "Lat": 52.2606
      },
      {
        "Brigade": "1",
        "Time": "2017-05-14 07:56:59",
        "Lines": "138",
        "Lon": 21.1006,
        "Lat": 52.2606
      },
      {
        "Brigade": "1",
        "Time": "2017-05-14 07:57:04",
        "Lines": "138",
        "Lon": 21.1006,
        "Lat": 52.2606
      },
      {
        "Brigade": "1",
        "Time": "2017-05-14 07:57:35",
        "Lines": "138",
        "Lon": 21.1007,
        "Lat": 52.2606
      },
      {
        "Brigade": "1",
        "Time": "2017-05-14 07:57:45",
        "Lines": "138",
        "Lon": 21.1007,
        "Lat": 52.2606
      },
      {
        "Brigade": "1",
        "Time": "2017-05-14 07:57:55",
        "Lines": "138",
        "Lon": 21.1007,
        "Lat": 52.2606
      },
      {
        "Brigade": "1",
        "Time": "2017-05-14 07:58:15",
        "Lines": "138",
        "Lon": 21.1007,
        "Lat": 52.2606
      },
      {
        "Brigade": "1",
        "Time": "2017-05-14 07:58:25",
        "Lines": "138",
        "Lon": 21.1007,
        "Lat": 52.2606
      },
      {
        "Brigade": "1",
        "Time": "2017-05-14 07:58:35",
        "Lines": "138",
        "Lon": 21.1007,
        "Lat": 52.2606
      },
      {
        "Brigade": "1",
        "Time": "2017-05-14 07:58:45",
        "Lines": "138",
        "Lon": 21.1007,
        "Lat": 52.2606
      },
      {
        "Brigade": "1",
        "Time": "2017-05-14 07:58:54",
        "Lines": "138",
        "Lon": 21.1007,
        "Lat": 52.2606
      },
      {
        "Brigade": "1",
        "Time": "2017-05-14 07:59:05",
        "Lines": "138",
        "Lon": 21.1007,
        "Lat": 52.2606
      },
      {
        "Brigade": "1",
        "Time": "2017-05-14 07:59:15",
        "Lines": "138",
        "Lon": 21.1007,
        "Lat": 52.2606
      },
      {
        "Brigade": "1",
        "Time": "2017-05-14 07:59:26",
        "Lines": "138",
        "Lon": 21.1007,
        "Lat": 52.2606
      },
      {
        "Brigade": "1",
        "Time": "2017-05-14 07:59:36",
        "Lines": "138",
        "Lon": 21.1007,
        "Lat": 52.2606
      },
      {
        "Brigade": "1",
        "Time": "2017-05-14 07:59:56",
        "Lines": "138",
        "Lon": 21.1007,
        "Lat": 52.2606
      },
      {
        "Brigade": "1",
        "Time": "2017-05-14 08:00:16",
        "Lines": "138",
        "Lon": 21.1007,
        "Lat": 52.2606
      },
      {
        "Brigade": "1",
        "Time": "2017-05-14 08:00:26",
        "Lines": "138",
        "Lon": 21.1007,
        "Lat": 52.2606
      },
      {
        "Brigade": "1",
        "Time": "2017-05-14 08:00:36",
        "Lines": "138",
        "Lon": 21.1007,
        "Lat": 52.2606
      },
      {
        "Brigade": "1",
        "Time": "2017-05-14 08:00:46",
        "Lines": "138",
        "Lon": 21.1007,
        "Lat": 52.2606
      },
      {
        "Brigade": "1",
        "Time": "2017-05-14 08:00:56",
        "Lines": "138",
        "Lon": 21.1007,
        "Lat": 52.2606
      },
      {
        "Brigade": "1",
        "Time": "2017-05-14 08:01:06",
        "Lines": "138",
        "Lon": 21.1007,
        "Lat": 52.2606
      },
      {
        "Brigade": "1",
        "Time": "2017-05-14 08:01:17",
        "Lines": "138",
        "Lon": 21.1007,
        "Lat": 52.2606
      },
      {
        "Brigade": "1",
        "Time": "2017-05-14 08:01:27",
        "Lines": "138",
        "Lon": 21.1007,
        "Lat": 52.2606
      },
      {
        "Brigade": "1",
        "Time": "2017-05-14 08:01:37",
        "Lines": "138",
        "Lon": 21.1007,
        "Lat": 52.2606
      },
      {
        "Brigade": "1",
        "Time": "2017-05-14 08:01:47",
        "Lines": "138",
        "Lon": 21.1007,
        "Lat": 52.2606
      },
      {
        "Brigade": "1",
        "Time": "2017-05-14 08:02:07",
        "Lines": "138",
        "Lon": 21.1007,
        "Lat": 52.2606
      },
      {
        "Brigade": "1",
        "Time": "2017-05-14 08:02:17",
        "Lines": "138",
        "Lon": 21.1007,
        "Lat": 52.2606
      },
      {
        "Brigade": "1",
        "Time": "2017-05-14 08:02:27",
        "Lines": "138",
        "Lon": 21.1007,
        "Lat": 52.2606
      },
      {
        "Brigade": "1",
        "Time": "2017-05-14 08:02:37",
        "Lines": "138",
        "Lon": 21.1007,
        "Lat": 52.2606
      },
      {
        "Brigade": "1",
        "Time": "2017-05-14 08:02:47",
        "Lines": "138",
        "Lon": 21.1007,
        "Lat": 52.2606
      },
      {
        "Brigade": "1",
        "Time": "2017-05-14 08:02:57",
        "Lines": "138",
        "Lon": 21.1007,
        "Lat": 52.2606
      },
      {
        "Brigade": "1",
        "Time": "2017-05-14 08:03:07",
        "Lines": "138",
        "Lon": 21.1007,
        "Lat": 52.2606
      },
      {
        "Brigade": "1",
        "Time": "2017-05-14 08:03:17",
        "Lines": "138",
        "Lon": 21.1007,
        "Lat": 52.2606
      },
      {
        "Brigade": "1",
        "Time": "2017-05-14 08:03:28",
        "Lines": "138",
        "Lon": 21.1007,
        "Lat": 52.2606
      },
      {
        "Brigade": "1",
        "Time": "2017-05-14 08:03:38",
        "Lines": "138",
        "Lon": 21.1007,
        "Lat": 52.2606
      },
      {
        "Brigade": "1",
        "Time": "2017-05-14 08:03:48",
        "Lines": "138",
        "Lon": 21.1007,
        "Lat": 52.2606
      },
      {
        "Brigade": "1",
        "Time": "2017-05-14 08:04:08",
        "Lines": "138",
        "Lon": 21.1007,
        "Lat": 52.2606
      },
      {
        "Brigade": "1",
        "Time": "2017-05-14 08:04:18",
        "Lines": "138",
        "Lon": 21.1007,
        "Lat": 52.2606
      },
      {
        "Brigade": "1",
        "Time": "2017-05-14 08:04:28",
        "Lines": "138",
        "Lon": 21.1007,
        "Lat": 52.2606
      },
      {
        "Brigade": "1",
        "Time": "2017-05-14 08:04:38",
        "Lines": "138",
        "Lon": 21.1007,
        "Lat": 52.2606
      },
      {
        "Brigade": "1",
        "Time": "2017-05-14 08:04:48",
        "Lines": "138",
        "Lon": 21.1007,
        "Lat": 52.2606
      },
      {
        "Brigade": "1",
        "Time": "2017-05-14 08:04:58",
        "Lines": "138",
        "Lon": 21.1007,
        "Lat": 52.2606
      },
      {
        "Brigade": "1",
        "Time": "2017-05-14 08:05:08",
        "Lines": "138",
        "Lon": 21.1007,
        "Lat": 52.2606
      },
      {
        "Brigade": "1",
        "Time": "2017-05-14 08:05:19",
        "Lines": "138",
        "Lon": 21.1007,
        "Lat": 52.2606
      },
      {
        "Brigade": "1",
        "Time": "2017-05-14 08:05:29",
        "Lines": "138",
        "Lon": 21.1007,
        "Lat": 52.2606
      },
      {
        "Brigade": "1",
        "Time": "2017-05-14 08:05:39",
        "Lines": "138",
        "Lon": 21.1007,
        "Lat": 52.2606
      },
      {
        "Brigade": "1",
        "Time": "2017-05-14 08:05:49",
        "Lines": "138",
        "Lon": 21.1007,
        "Lat": 52.2606
      },
      {
        "Brigade": "1",
        "Time": "2017-05-14 08:06:09",
        "Lines": "138",
        "Lon": 21.1007,
        "Lat": 52.2606
      },
      {
        "Brigade": "1",
        "Time": "2017-05-14 08:06:19",
        "Lines": "138",
        "Lon": 21.1007,
        "Lat": 52.2606
      },
      {
        "Brigade": "1",
        "Time": "2017-05-14 08:06:29",
        "Lines": "138",
        "Lon": 21.1007,
        "Lat": 52.2606
      },
      {
        "Brigade": "1",
        "Time": "2017-05-14 08:06:39",
        "Lines": "138",
        "Lon": 21.1007,
        "Lat": 52.2606
      },
      {
        "Brigade": "1",
        "Time": "2017-05-14 08:06:49",
        "Lines": "138",
        "Lon": 21.1007,
        "Lat": 52.2606
      },
      {
        "Brigade": "1",
        "Time": "2017-05-14 08:06:59",
        "Lines": "138",
        "Lon": 21.1007,
        "Lat": 52.2606
      },
      {
        "Brigade": "1",
        "Time": "2017-05-14 08:07:09",
        "Lines": "138",
        "Lon": 21.1007,
        "Lat": 52.2606
      },
      {
        "Brigade": "1",
        "Time": "2017-05-14 08:07:19",
        "Lines": "138",
        "Lon": 21.1007,
        "Lat": 52.2606
      },
      {
        "Brigade": "1",
        "Time": "2017-05-14 08:07:30",
        "Lines": "138",
        "Lon": 21.1007,
        "Lat": 52.2606
      },
      {
        "Brigade": "1",
        "Time": "2017-05-14 08:07:40",
        "Lines": "138",
        "Lon": 21.1007,
        "Lat": 52.2606
      },
      {
        "Brigade": "1",
        "Time": "2017-05-14 08:07:50",
        "Lines": "138",
        "Lon": 21.1007,
        "Lat": 52.2606
      },
      {
        "Brigade": "1",
        "Time": "2017-05-14 08:08:10",
        "Lines": "138",
        "Lon": 21.1007,
        "Lat": 52.2606
      },
      {
        "Brigade": "1",
        "Time": "2017-05-14 08:08:20",
        "Lines": "138",
        "Lon": 21.1007,
        "Lat": 52.2606
      },
      {
        "Brigade": "1",
        "Time": "2017-05-14 08:08:30",
        "Lines": "138",
        "Lon": 21.1007,
        "Lat": 52.2606
      },
      {
        "Brigade": "1",
        "Time": "2017-05-14 08:08:40",
        "Lines": "138",
        "Lon": 21.1007,
        "Lat": 52.2606
      },
      {
        "Brigade": "1",
        "Time": "2017-05-14 08:08:50",
        "Lines": "138",
        "Lon": 21.1007,
        "Lat": 52.2606
      },
      {
        "Brigade": "1",
        "Time": "2017-05-14 08:09:00",
        "Lines": "138",
        "Lon": 21.1007,
        "Lat": 52.2606
      },
      {
        "Brigade": "1",
        "Time": "2017-05-14 08:09:10",
        "Lines": "138",
        "Lon": 21.1007,
        "Lat": 52.2606
      },
      {
        "Brigade": "1",
        "Time": "2017-05-14 08:09:21",
        "Lines": "138",
        "Lon": 21.1007,
        "Lat": 52.2606
      },
      {
        "Brigade": "1",
        "Time": "2017-05-14 08:13:31",
        "Lines": "138",
        "Lon": 21.1,
        "Lat": 52.2603
      },
      {
        "Brigade": "1",
        "Time": "2017-05-14 08:13:38",
        "Lines": "138",
        "Lon": 21.0998,
        "Lat": 52.2602
      },
      {
        "Brigade": "1",
        "Time": "2017-05-14 08:14:11",
        "Lines": "138",
        "Lon": 21.0959,
        "Lat": 52.2603
      },
      {
        "Brigade": "1",
        "Time": "2017-05-14 08:14:13",
        "Lines": "138",
        "Lon": 21.0946,
        "Lat": 52.2605
      },
      {
        "Brigade": "1",
        "Time": "2017-05-14 08:14:28",
        "Lines": "138",
        "Lon": 21.0945,
        "Lat": 52.2605
      },
      {
        "Brigade": "1",
        "Time": "2017-05-14 08:14:33",
        "Lines": "138",
        "Lon": 21.0944,
        "Lat": 52.2605
      },
      {
        "Brigade": "1",
        "Time": "2017-05-14 08:14:38",
        "Lines": "138",
        "Lon": 21.0904,
        "Lat": 52.2606
      },
      {
        "Brigade": "1",
        "Time": "2017-05-14 08:15:13",
        "Lines": "138",
        "Lon": 21.0885,
        "Lat": 52.2607
      },
      {
        "Brigade": "1",
        "Time": "2017-05-14 08:15:23",
        "Lines": "138",
        "Lon": 21.0876,
        "Lat": 52.2607
      },
      {
        "Brigade": "1",
        "Time": "2017-05-14 08:15:53",
        "Lines": "138",
        "Lon": 21.0854,
        "Lat": 52.2606
      },
      {
        "Brigade": "1",
        "Time": "2017-05-14 08:16:06",
        "Lines": "138",
        "Lon": 21.0841,
        "Lat": 52.2605
      },
      {
        "Brigade": "1",
        "Time": "2017-05-14 08:16:16",
        "Lines": "138",
        "Lon": 21.084,
        "Lat": 52.2604
      },
      {
        "Brigade": "1",
        "Time": "2017-05-14 08:16:21",
        "Lines": "138",
        "Lon": 21.084,
        "Lat": 52.2605
      },
      {
        "Brigade": "1",
        "Time": "2017-05-14 08:16:28",
        "Lines": "138",
        "Lon": 21.0837,
        "Lat": 52.2604
      },
      {
        "Brigade": "1",
        "Time": "2017-05-14 08:16:58",
        "Lines": "138",
        "Lon": 21.0822,
        "Lat": 52.2602
      },
      {
        "Brigade": "1",
        "Time": "2017-05-14 08:17:11",
        "Lines": "138",
        "Lon": 21.0805,
        "Lat": 52.2603
      },
      {
        "Brigade": "1",
        "Time": "2017-05-14 08:17:21",
        "Lines": "138",
        "Lon": 21.0789,
        "Lat": 52.2605
      },
      {
        "Brigade": "1",
        "Time": "2017-05-14 08:17:31",
        "Lines": "138",
        "Lon": 21.0773,
        "Lat": 52.2607
      },
      {
        "Brigade": "1",
        "Time": "2017-05-14 08:17:41",
        "Lines": "138",
        "Lon": 21.077,
        "Lat": 52.2608
      }
    ]
  }
]
