[
  {
    "Brigade": "58",
    "Time": "2017-05-14 07:50:18",
    "Lines": "409",
    "Lon": 21.0423,
    "Lat": 52.2953
  },
  {
    "Brigade": "58",
    "Time": "2017-05-14 07:50:28",
    "Lines": "409",
    "Lon": 21.0422,
    "Lat": 52.2948
  },
  {
    "Brigade": "58",
    "Time": "2017-05-14 07:50:43",
    "Lines": "409",
    "Lon": 21.0419,
    "Lat": 52.2935
  },
  {
    "Brigade": "58",
    "Time": "2017-05-14 07:50:53",
    "Lines": "409",
    "Lon": 21.0419,
    "Lat": 52.2928
  },
  {
    "Brigade": "58",
    "Time": "2017-05-14 07:51:03",
    "Lines": "409",
    "Lon": 21.0418,
    "Lat": 52.2925
  },
  {
    "Brigade": "58",
    "Time": "2017-05-14 07:51:16",
    "Lines": "409",
    "Lon": 21.0427,
    "Lat": 52.2923
  },
  {
    "Brigade": "58",
    "Time": "2017-05-14 07:51:28",
    "Lines": "409",
    "Lon": 21.0427,
    "Lat": 52.2923
  },
  {
    "Brigade": "58",
    "Time": "2017-05-14 07:51:38",
    "Lines": "409",
    "Lon": 21.0434,
    "Lat": 52.2922
  },
  {
    "Brigade": "58",
    "Time": "2017-05-14 07:51:48",
    "Lines": "409",
    "Lon": 21.0448,
    "Lat": 52.2921
  },
  {
    "Brigade": "58",
    "Time": "2017-05-14 07:51:58",
    "Lines": "409",
    "Lon": 21.0464,
    "Lat": 52.292
  },
  {
    "Brigade": "58",
    "Time": "2017-05-14 07:52:13",
    "Lines": "409",
    "Lon": 21.048,
    "Lat": 52.2919
  },
  {
    "Brigade": "58",
    "Time": "2017-05-14 07:52:23",
    "Lines": "409",
    "Lon": 21.0481,
    "Lat": 52.2919
  },
  {
    "Brigade": "58",
    "Time": "2017-05-14 07:52:33",
    "Lines": "409",
    "Lon": 21.0487,
    "Lat": 52.292
  },
  {
    "Brigade": "58",
    "Time": "2017-05-14 07:52:44",
    "Lines": "409",
    "Lon": 21.0496,
    "Lat": 52.292
  },
  {
    "Brigade": "58",
    "Time": "2017-05-14 07:52:53",
    "Lines": "409",
    "Lon": 21.0496,
    "Lat": 52.292
  },
  {
    "Brigade": "58",
    "Time": "2017-05-14 07:53:03",
    "Lines": "409",
    "Lon": 21.05,
    "Lat": 52.292
  },
  {
    "Brigade": "58",
    "Time": "2017-05-14 07:53:18",
    "Lines": "409",
    "Lon": 21.0514,
    "Lat": 52.2921
  },
  {
    "Brigade": "58",
    "Time": "2017-05-14 07:53:28",
    "Lines": "409",
    "Lon": 21.0513,
    "Lat": 52.2917
  },
  {
    "Brigade": "58",
    "Time": "2017-05-14 07:53:38",
    "Lines": "409",
    "Lon": 21.0506,
    "Lat": 52.2911
  },
  {
    "Brigade": "58",
    "Time": "2017-05-14 07:53:48",
    "Lines": "409",
    "Lon": 21.0496,
    "Lat": 52.2904
  },
  {
    "Brigade": "58",
    "Time": "2017-05-14 07:54:03",
    "Lines": "409",
    "Lon": 21.0486,
    "Lat": 52.289
  },
  {
    "Brigade": "58",
    "Time": "2017-05-14 07:54:13",
    "Lines": "409",
    "Lon": 21.0483,
    "Lat": 52.2881
  },
  {
    "Brigade": "58",
    "Time": "2017-05-14 07:54:23",
    "Lines": "409",
    "Lon": 21.0482,
    "Lat": 52.2877
  },
  {
    "Brigade": "58",
    "Time": "2017-05-14 07:54:33",
    "Lines": "409",
    "Lon": 21.0482,
    "Lat": 52.2877
  },
  {
    "Brigade": "58",
    "Time": "2017-05-14 07:54:43",
    "Lines": "409",
    "Lon": 21.0482,
    "Lat": 52.2875
  },
  {
    "Brigade": "58",
    "Time": "2017-05-14 07:54:58",
    "Lines": "409",
    "Lon": 21.0481,
    "Lat": 52.2869
  },
  {
    "Brigade": "58",
    "Time": "2017-05-14 07:55:08",
    "Lines": "409",
    "Lon": 21.048,
    "Lat": 52.2862
  },
  {
    "Brigade": "58",
    "Time": "2017-05-14 07:55:18",
    "Lines": "409",
    "Lon": 21.0477,
    "Lat": 52.2852
  },
  {
    "Brigade": "58",
    "Time": "2017-05-14 07:55:28",
    "Lines": "409",
    "Lon": 21.0473,
    "Lat": 52.2841
  },
  {
    "Brigade": "58",
    "Time": "2017-05-14 07:55:43",
    "Lines": "409",
    "Lon": 21.0467,
    "Lat": 52.2825
  },
  {
    "Brigade": "58",
    "Time": "2017-05-14 07:55:53",
    "Lines": "409",
    "Lon": 21.0464,
    "Lat": 52.2814
  },
  {
    "Brigade": "58",
    "Time": "2017-05-14 07:56:03",
    "Lines": "409",
    "Lon": 21.0458,
    "Lat": 52.2803
  },
  {
    "Brigade": "58",
    "Time": "2017-05-14 07:56:13",
    "Lines": "409",
    "Lon": 21.0452,
    "Lat": 52.2793
  },
  {
    "Brigade": "58",
    "Time": "2017-05-14 07:56:23",
    "Lines": "409",
    "Lon": 21.0445,
    "Lat": 52.2785
  },
  {
    "Brigade": "58",
    "Time": "2017-05-14 07:56:38",
    "Lines": "409",
    "Lon": 21.0441,
    "Lat": 52.2781
  },
  {
    "Brigade": "58",
    "Time": "2017-05-14 07:56:48",
    "Lines": "409",
    "Lon": 21.0441,
    "Lat": 52.2781
  },
  {
    "Brigade": "58",
    "Time": "2017-05-14 07:56:58",
    "Lines": "409",
    "Lon": 21.0438,
    "Lat": 52.2777
  },
  {
    "Brigade": "58",
    "Time": "2017-05-14 07:57:08",
    "Lines": "409",
    "Lon": 21.0433,
    "Lat": 52.277
  },
  {
    "Brigade": "58",
    "Time": "2017-05-14 07:57:18",
    "Lines": "409",
    "Lon": 21.043,
    "Lat": 52.276
  },
  {
    "Brigade": "58",
    "Time": "2017-05-14 07:57:28",
    "Lines": "409",
    "Lon": 21.043,
    "Lat": 52.275
  },
  {
    "Brigade": "58",
    "Time": "2017-05-14 07:57:39",
    "Lines": "409",
    "Lon": 21.0429,
    "Lat": 52.2737
  },
  {
    "Brigade": "58",
    "Time": "2017-05-14 07:57:51",
    "Lines": "409",
    "Lon": 21.0429,
    "Lat": 52.2731
  },
  {
    "Brigade": "58",
    "Time": "2017-05-14 07:58:04",
    "Lines": "409",
    "Lon": 21.043,
    "Lat": 52.2731
  },
  {
    "Brigade": "58",
    "Time": "2017-05-14 07:58:14",
    "Lines": "409",
    "Lon": 21.043,
    "Lat": 52.273
  },
  {
    "Brigade": "58",
    "Time": "2017-05-14 07:58:24",
    "Lines": "409",
    "Lon": 21.0427,
    "Lat": 52.2723
  },
  {
    "Brigade": "58",
    "Time": "2017-05-14 07:58:34",
    "Lines": "409",
    "Lon": 21.0422,
    "Lat": 52.2715
  },
  {
    "Brigade": "58",
    "Time": "2017-05-14 07:58:49",
    "Lines": "409",
    "Lon": 21.0414,
    "Lat": 52.2701
  },
  {
    "Brigade": "58",
    "Time": "2017-05-14 07:58:59",
    "Lines": "409",
    "Lon": 21.04,
    "Lat": 52.2695
  },
  {
    "Brigade": "58",
    "Time": "2017-05-14 07:59:10",
    "Lines": "409",
    "Lon": 21.0387,
    "Lat": 52.2694
  },
  {
    "Brigade": "58",
    "Time": "2017-05-14 07:59:23",
    "Lines": "409",
    "Lon": 21.0385,
    "Lat": 52.2693
  },
  {
    "Brigade": "58",
    "Time": "2017-05-14 07:59:34",
    "Lines": "409",
    "Lon": 21.0383,
    "Lat": 52.2692
  },
  {
    "Brigade": "58",
    "Time": "2017-05-14 07:59:44",
    "Lines": "409",
    "Lon": 21.038,
    "Lat": 52.2691
  },
  {
    "Brigade": "58",
    "Time": "2017-05-14 07:59:54",
    "Lines": "409",
    "Lon": 21.038,
    "Lat": 52.2691
  },
  {
    "Brigade": "58",
    "Time": "2017-05-14 08:00:04",
    "Lines": "409",
    "Lon": 21.038,
    "Lat": 52.2691
  },
  {
    "Brigade": "58",
    "Time": "2017-05-14 08:00:14",
    "Lines": "409",
    "Lon": 21.0379,
    "Lat": 52.2691
  },
  {
    "Brigade": "58",
    "Time": "2017-05-14 08:00:29",
    "Lines": "409",
    "Lon": 21.0369,
    "Lat": 52.2686
  },
  {
    "Brigade": "58",
    "Time": "2017-05-14 08:00:39",
    "Lines": "409",
    "Lon": 21.0359,
    "Lat": 52.268
  },
  {
    "Brigade": "58",
    "Time": "2017-05-14 08:00:49",
    "Lines": "409",
    "Lon": 21.0342,
    "Lat": 52.2678
  },
  {
    "Brigade": "58",
    "Time": "2017-05-14 08:00:59",
    "Lines": "409",
    "Lon": 21.0326,
    "Lat": 52.2675
  },
  {
    "Brigade": "58",
    "Time": "2017-05-14 08:01:09",
    "Lines": "409",
    "Lon": 21.031,
    "Lat": 52.2671
  },
  {
    "Brigade": "58",
    "Time": "2017-05-14 08:01:24",
    "Lines": "409",
    "Lon": 21.0287,
    "Lat": 52.2664
  },
  {
    "Brigade": "58",
    "Time": "2017-05-14 08:01:34",
    "Lines": "409",
    "Lon": 21.0272,
    "Lat": 52.2659
  },
  {
    "Brigade": "58",
    "Time": "2017-05-14 08:01:39",
    "Lines": "409",
    "Lon": 21.0263,
    "Lat": 52.2657
  },
  {
    "Brigade": "58",
    "Time": "2017-05-14 08:01:54",
    "Lines": "409",
    "Lon": 21.024,
    "Lat": 52.2648
  },
  {
    "Brigade": "58",
    "Time": "2017-05-14 08:02:04",
    "Lines": "409",
    "Lon": 21.0225,
    "Lat": 52.2643
  },
  {
    "Brigade": "58",
    "Time": "2017-05-14 08:02:19",
    "Lines": "409",
    "Lon": 21.021,
    "Lat": 52.2639
  },
  {
    "Brigade": "58",
    "Time": "2017-05-14 08:02:29",
    "Lines": "409",
    "Lon": 21.0202,
    "Lat": 52.2636
  },
  {
    "Brigade": "58",
    "Time": "2017-05-14 08:02:39",
    "Lines": "409",
    "Lon": 21.0196,
    "Lat": 52.2636
  },
  {
    "Brigade": "58",
    "Time": "2017-05-14 08:02:49",
    "Lines": "409",
    "Lon": 21.0195,
    "Lat": 52.2636
  },
  {
    "Brigade": "58",
    "Time": "2017-05-14 08:02:59",
    "Lines": "409",
    "Lon": 21.0192,
    "Lat": 52.2635
  },
  {
    "Brigade": "58",
    "Time": "2017-05-14 08:03:14",
    "Lines": "409",
    "Lon": 21.0175,
    "Lat": 52.2632
  },
  {
    "Brigade": "58",
    "Time": "2017-05-14 08:03:24",
    "Lines": "409",
    "Lon": 21.0162,
    "Lat": 52.2629
  },
  {
    "Brigade": "58",
    "Time": "2017-05-14 08:03:29",
    "Lines": "409",
    "Lon": 21.0155,
    "Lat": 52.2627
  },
  {
    "Brigade": "58",
    "Time": "2017-05-14 08:03:44",
    "Lines": "409",
    "Lon": 21.0133,
    "Lat": 52.2619
  },
  {
    "Brigade": "58",
    "Time": "2017-05-14 08:03:54",
    "Lines": "409",
    "Lon": 21.0117,
    "Lat": 52.2614
  },
  {
    "Brigade": "58",
    "Time": "2017-05-14 08:04:09",
    "Lines": "409",
    "Lon": 21.0094,
    "Lat": 52.2607
  },
  {
    "Brigade": "58",
    "Time": "2017-05-14 08:04:19",
    "Lines": "409",
    "Lon": 21.0078,
    "Lat": 52.2602
  },
  {
    "Brigade": "58",
    "Time": "2017-05-14 08:04:29",
    "Lines": "409",
    "Lon": 21.0062,
    "Lat": 52.2599
  },
  {
    "Brigade": "58",
    "Time": "2017-05-14 08:04:39",
    "Lines": "409",
    "Lon": 21.0046,
    "Lat": 52.2594
  },
  {
    "Brigade": "58",
    "Time": "2017-05-14 08:04:54",
    "Lines": "409",
    "Lon": 21.0022,
    "Lat": 52.2588
  },
  {
    "Brigade": "58",
    "Time": "2017-05-14 08:05:04",
    "Lines": "409",
    "Lon": 21.0006,
    "Lat": 52.2587
  },
  {
    "Brigade": "58",
    "Time": "2017-05-14 08:05:14",
    "Lines": "409",
    "Lon": 20.9989,
    "Lat": 52.2587
  },
  {
    "Brigade": "58",
    "Time": "2017-05-14 08:05:29",
    "Lines": "409",
    "Lon": 20.9947,
    "Lat": 52.2581
  },
  {
    "Brigade": "58",
    "Time": "2017-05-14 08:05:54",
    "Lines": "409",
    "Lon": 20.9947,
    "Lat": 52.258
  },
  {
    "Brigade": "58",
    "Time": "2017-05-14 08:06:09",
    "Lines": "409",
    "Lon": 20.9942,
    "Lat": 52.2579
  },
  {
    "Brigade": "58",
    "Time": "2017-05-14 08:06:19",
    "Lines": "409",
    "Lon": 20.9931,
    "Lat": 52.2577
  },
  {
    "Brigade": "58",
    "Time": "2017-05-14 08:06:29",
    "Lines": "409",
    "Lon": 20.9917,
    "Lat": 52.2573
  },
  {
    "Brigade": "58",
    "Time": "2017-05-14 08:06:39",
    "Lines": "409",
    "Lon": 20.9901,
    "Lat": 52.257
  },
  {
    "Brigade": "58",
    "Time": "2017-05-14 08:06:54",
    "Lines": "409",
    "Lon": 20.9877,
    "Lat": 52.2566
  },
  {
    "Brigade": "58",
    "Time": "2017-05-14 08:07:04",
    "Lines": "409",
    "Lon": 20.9864,
    "Lat": 52.2563
  },
  {
    "Brigade": "58",
    "Time": "2017-05-14 08:07:14",
    "Lines": "409",
    "Lon": 20.9863,
    "Lat": 52.2562
  },
  {
    "Brigade": "58",
    "Time": "2017-05-14 08:07:24",
    "Lines": "409",
    "Lon": 20.9857,
    "Lat": 52.2558
  },
  {
    "Brigade": "58",
    "Time": "2017-05-14 08:07:29",
    "Lines": "409",
    "Lon": 20.9852,
    "Lat": 52.2555
  },
  {
    "Brigade": "58",
    "Time": "2017-05-14 08:07:44",
    "Lines": "409",
    "Lon": 20.9834,
    "Lat": 52.2549
  },
  {
    "Brigade": "58",
    "Time": "2017-05-14 08:07:59",
    "Lines": "409",
    "Lon": 20.9818,
    "Lat": 52.2551
  },
  {
    "Brigade": "58",
    "Time": "2017-05-14 08:08:09",
    "Lines": "409",
    "Lon": 20.9817,
    "Lat": 52.2545
  },
  {
    "Brigade": "58",
    "Time": "2017-05-14 08:08:19",
    "Lines": "409",
    "Lon": 20.9817,
    "Lat": 52.2544
  },
  {
    "Brigade": "58",
    "Time": "2017-05-14 08:08:29",
    "Lines": "409",
    "Lon": 20.9814,
    "Lat": 52.2539
  },
  {
    "Brigade": "58",
    "Time": "2017-05-14 08:08:44",
    "Lines": "409",
    "Lon": 20.9813,
    "Lat": 52.2536
  },
  {
    "Brigade": "58",
    "Time": "2017-05-14 08:08:54",
    "Lines": "409",
    "Lon": 20.9809,
    "Lat": 52.2533
  },
  {
    "Brigade": "58",
    "Time": "2017-05-14 08:09:04",
    "Lines": "409",
    "Lon": 20.9799,
    "Lat": 52.2534
  },
  {
    "Brigade": "58",
    "Time": "2017-05-14 08:09:14",
    "Lines": "409",
    "Lon": 20.9795,
    "Lat": 52.2534
  },
  {
    "Brigade": "58",
    "Time": "2017-05-14 08:09:29",
    "Lines": "409",
    "Lon": 20.9794,
    "Lat": 52.2534
  },
  {
    "Brigade": "58",
    "Time": "2017-05-14 08:09:39",
    "Lines": "409",
    "Lon": 20.9785,
    "Lat": 52.2535
  },
  {
    "Brigade": "58",
    "Time": "2017-05-14 08:09:44",
    "Lines": "409",
    "Lon": 20.9778,
    "Lat": 52.2535
  },
  {
    "Brigade": "58",
    "Time": "2017-05-14 08:09:59",
    "Lines": "409",
    "Lon": 20.9755,
    "Lat": 52.2538
  },
  {
    "Brigade": "58",
    "Time": "2017-05-14 08:10:10",
    "Lines": "409",
    "Lon": 20.9743,
    "Lat": 52.2542
  },
  {
    "Brigade": "58",
    "Time": "2017-05-14 08:10:19",
    "Lines": "409",
    "Lon": 20.9743,
    "Lat": 52.2541
  },
  {
    "Brigade": "58",
    "Time": "2017-05-14 08:10:34",
    "Lines": "409",
    "Lon": 20.9737,
    "Lat": 52.2544
  },
  {
    "Brigade": "58",
    "Time": "2017-05-14 08:10:44",
    "Lines": "409",
    "Lon": 20.9725,
    "Lat": 52.2548
  },
  {
    "Brigade": "58",
    "Time": "2017-05-14 08:10:54",
    "Lines": "409",
    "Lon": 20.9712,
    "Lat": 52.2553
  },
  {
    "Brigade": "58",
    "Time": "2017-05-14 08:11:04",
    "Lines": "409",
    "Lon": 20.9704,
    "Lat": 52.2557
  },
  {
    "Brigade": "58",
    "Time": "2017-05-14 08:11:14",
    "Lines": "409",
    "Lon": 20.9704,
    "Lat": 52.2557
  },
  {
    "Brigade": "58",
    "Time": "2017-05-14 08:11:29",
    "Lines": "409",
    "Lon": 20.9692,
    "Lat": 52.2561
  },
  {
    "Brigade": "58",
    "Time": "2017-05-14 08:11:39",
    "Lines": "409",
    "Lon": 20.9678,
    "Lat": 52.2566
  },
  {
    "Brigade": "58",
    "Time": "2017-05-14 08:11:49",
    "Lines": "409",
    "Lon": 20.9665,
    "Lat": 52.2571
  },
  {
    "Brigade": "58",
    "Time": "2017-05-14 08:11:59",
    "Lines": "409",
    "Lon": 20.9651,
    "Lat": 52.2577
  },
  {
    "Brigade": "58",
    "Time": "2017-05-14 08:12:14",
    "Lines": "409",
    "Lon": 20.9628,
    "Lat": 52.2586
  },
  {
    "Brigade": "58",
    "Time": "2017-05-14 08:12:24",
    "Lines": "409",
    "Lon": 20.9614,
    "Lat": 52.2591
  },
  {
    "Brigade": "58",
    "Time": "2017-05-14 08:12:34",
    "Lines": "409",
    "Lon": 20.96,
    "Lat": 52.2596
  },
  {
    "Brigade": "58",
    "Time": "2017-05-14 08:12:44",
    "Lines": "409",
    "Lon": 20.9587,
    "Lat": 52.2602
  },
  {
    "Brigade": "58",
    "Time": "2017-05-14 08:12:54",
    "Lines": "409",
    "Lon": 20.9577,
    "Lat": 52.2606
  },
  {
    "Brigade": "58",
    "Time": "2017-05-14 08:13:04",
    "Lines": "409",
    "Lon": 20.9576,
    "Lat": 52.2606
  },
  {
    "Brigade": "58",
    "Time": "2017-05-14 08:13:19",
    "Lines": "409",
    "Lon": 20.9569,
    "Lat": 52.2609
  },
  {
    "Brigade": "58",
    "Time": "2017-05-14 08:13:29",
    "Lines": "409",
    "Lon": 20.9568,
    "Lat": 52.261
  },
  {
    "Brigade": "58",
    "Time": "2017-05-14 08:13:39",
    "Lines": "409",
    "Lon": 20.9567,
    "Lat": 52.261
  },
  {
    "Brigade": "58",
    "Time": "2017-05-14 08:13:49",
    "Lines": "409",
    "Lon": 20.9559,
    "Lat": 52.2613
  },
  {
    "Brigade": "58",
    "Time": "2017-05-14 08:14:04",
    "Lines": "409",
    "Lon": 20.9544,
    "Lat": 52.262
  },
  {
    "Brigade": "58",
    "Time": "2017-05-14 08:14:14",
    "Lines": "409",
    "Lon": 20.9543,
    "Lat": 52.2621
  },
  {
    "Brigade": "58",
    "Time": "2017-05-14 08:14:24",
    "Lines": "409",
    "Lon": 20.9534,
    "Lat": 52.2626
  },
  {
    "Brigade": "58",
    "Time": "2017-05-14 08:14:34",
    "Lines": "409",
    "Lon": 20.9524,
    "Lat": 52.2629
  },
  {
    "Brigade": "58",
    "Time": "2017-05-14 08:14:49",
    "Lines": "409",
    "Lon": 20.9525,
    "Lat": 52.2629
  },
  {
    "Brigade": "58",
    "Time": "2017-05-14 08:14:59",
    "Lines": "409",
    "Lon": 20.9515,
    "Lat": 52.2632
  },
  {
    "Brigade": "58",
    "Time": "2017-05-14 08:15:09",
    "Lines": "409",
    "Lon": 20.9502,
    "Lat": 52.2637
  },
  {
    "Brigade": "58",
    "Time": "2017-05-14 08:15:19",
    "Lines": "409",
    "Lon": 20.9488,
    "Lat": 52.2642
  },
  {
    "Brigade": "58",
    "Time": "2017-05-14 08:15:29",
    "Lines": "409",
    "Lon": 20.9474,
    "Lat": 52.2647
  },
  {
    "Brigade": "58",
    "Time": "2017-05-14 08:15:44",
    "Lines": "409",
    "Lon": 20.9455,
    "Lat": 52.2655
  },
  {
    "Brigade": "58",
    "Time": "2017-05-14 08:15:54",
    "Lines": "409",
    "Lon": 20.9454,
    "Lat": 52.2655
  },
  {
    "Brigade": "58",
    "Time": "2017-05-14 08:16:04",
    "Lines": "409",
    "Lon": 20.9452,
    "Lat": 52.2656
  },
  {
    "Brigade": "58",
    "Time": "2017-05-14 08:16:14",
    "Lines": "409",
    "Lon": 20.9453,
    "Lat": 52.2659
  },
  {
    "Brigade": "58",
    "Time": "2017-05-14 08:16:24",
    "Lines": "409",
    "Lon": 20.9461,
    "Lat": 52.2666
  },
  {
    "Brigade": "58",
    "Time": "2017-05-14 08:16:34",
    "Lines": "409",
    "Lon": 20.9469,
    "Lat": 52.2674
  },
  {
    "Brigade": "58",
    "Time": "2017-05-14 08:16:49",
    "Lines": "409",
    "Lon": 20.9474,
    "Lat": 52.2679
  },
  {
    "Brigade": "58",
    "Time": "2017-05-14 08:16:59",
    "Lines": "409",
    "Lon": 20.9474,
    "Lat": 52.2679
  },
  {
    "Brigade": "58",
    "Time": "2017-05-14 08:17:09",
    "Lines": "409",
    "Lon": 20.9475,
    "Lat": 52.2681
  },
  {
    "Brigade": "58",
    "Time": "2017-05-14 08:17:19",
    "Lines": "409",
    "Lon": 20.947,
    "Lat": 52.2682
  },
  {
    "Brigade": "58",
    "Time": "2017-05-14 08:17:32",
    "Lines": "409",
    "Lon": 20.9457,
    "Lat": 52.2685
  },
  {
    "Brigade": "58",
    "Time": "2017-05-14 08:17:43",
    "Lines": "409",
    "Lon": 20.9456,
    "Lat": 52.2685
  }
]
