[
  {
    "res": [
      {
        "Brigade": "10",
        "Time": "2017-05-14 07:41:41",
        "Lines": "1",
        "Lon": 20.949,
        "Lat": 52.2913
      },
      {
        "Brigade": "10",
        "Time": "2017-05-14 07:41:51",
        "Lines": "1",
        "Lon": 20.9501,
        "Lat": 52.2903
      },
      {
        "Brigade": "10",
        "Time": "2017-05-14 07:42:02",
        "Lines": "1",
        "Lon": 20.9503,
        "Lat": 52.29
      },
      {
        "Brigade": "10",
        "Time": "2017-05-14 07:42:12",
        "Lines": "1",
        "Lon": 20.9504,
        "Lat": 52.2899
      },
      {
        "Brigade": "10",
        "Time": "2017-05-14 07:42:23",
        "Lines": "1",
        "Lon": 20.951,
        "Lat": 52.2893
      },
      {
        "Brigade": "10",
        "Time": "2017-05-14 07:42:39",
        "Lines": "1",
        "Lon": 20.9522,
        "Lat": 52.2881
      },
      {
        "Brigade": "10",
        "Time": "2017-05-14 07:42:49",
        "Lines": "1",
        "Lon": 20.9528,
        "Lat": 52.2874
      },
      {
        "Brigade": "10",
        "Time": "2017-05-14 07:43:00",
        "Lines": "1",
        "Lon": 20.9529,
        "Lat": 52.2873
      },
      {
        "Brigade": "10",
        "Time": "2017-05-14 07:43:10",
        "Lines": "1",
        "Lon": 20.953,
        "Lat": 52.2871
      },
      {
        "Brigade": "10",
        "Time": "2017-05-14 07:43:10",
        "Lines": "1",
        "Lon": 20.953,
        "Lat": 52.2871
      },
      {
        "Brigade": "10",
        "Time": "2017-05-14 07:43:21",
        "Lines": "1",
        "Lon": 20.9539,
        "Lat": 52.2863
      },
      {
        "Brigade": "10",
        "Time": "2017-05-14 07:43:31",
        "Lines": "1",
        "Lon": 20.9545,
        "Lat": 52.2856
      },
      {
        "Brigade": "10",
        "Time": "2017-05-14 07:43:47",
        "Lines": "1",
        "Lon": 20.955,
        "Lat": 52.2849
      },
      {
        "Brigade": "10",
        "Time": "2017-05-14 07:43:57",
        "Lines": "1",
        "Lon": 20.9554,
        "Lat": 52.2845
      },
      {
        "Brigade": "10",
        "Time": "2017-05-14 07:44:08",
        "Lines": "1",
        "Lon": 20.9559,
        "Lat": 52.2839
      },
      {
        "Brigade": "10",
        "Time": "2017-05-14 07:44:18",
        "Lines": "1",
        "Lon": 20.9564,
        "Lat": 52.2833
      },
      {
        "Brigade": "10",
        "Time": "2017-05-14 07:44:18",
        "Lines": "1",
        "Lon": 20.9564,
        "Lat": 52.2833
      },
      {
        "Brigade": "10",
        "Time": "2017-05-14 07:44:40",
        "Lines": "1",
        "Lon": 20.9567,
        "Lat": 52.2831
      },
      {
        "Brigade": "10",
        "Time": "2017-05-14 07:44:50",
        "Lines": "1",
        "Lon": 20.9574,
        "Lat": 52.2823
      },
      {
        "Brigade": "10",
        "Time": "2017-05-14 07:44:57",
        "Lines": "1",
        "Lon": 20.9579,
        "Lat": 52.2818
      },
      {
        "Brigade": "10",
        "Time": "2017-05-14 07:44:57",
        "Lines": "1",
        "Lon": 20.9579,
        "Lat": 52.2818
      },
      {
        "Brigade": "10",
        "Time": "2017-05-14 07:45:11",
        "Lines": "1",
        "Lon": 20.959,
        "Lat": 52.2806
      },
      {
        "Brigade": "10",
        "Time": "2017-05-14 07:45:21",
        "Lines": "1",
        "Lon": 20.9593,
        "Lat": 52.2803
      },
      {
        "Brigade": "10",
        "Time": "2017-05-14 07:45:32",
        "Lines": "1",
        "Lon": 20.9593,
        "Lat": 52.2803
      },
      {
        "Brigade": "10",
        "Time": "2017-05-14 07:45:47",
        "Lines": "1",
        "Lon": 20.9599,
        "Lat": 52.2797
      },
      {
        "Brigade": "10",
        "Time": "2017-05-14 07:45:58",
        "Lines": "1",
        "Lon": 20.9607,
        "Lat": 52.2789
      },
      {
        "Brigade": "10",
        "Time": "2017-05-14 07:46:08",
        "Lines": "1",
        "Lon": 20.9614,
        "Lat": 52.2781
      },
      {
        "Brigade": "10",
        "Time": "2017-05-14 07:46:19",
        "Lines": "1",
        "Lon": 20.962,
        "Lat": 52.2774
      },
      {
        "Brigade": "10",
        "Time": "2017-05-14 07:46:29",
        "Lines": "1",
        "Lon": 20.9627,
        "Lat": 52.2767
      },
      {
        "Brigade": "10",
        "Time": "2017-05-14 07:46:40",
        "Lines": "1",
        "Lon": 20.9633,
        "Lat": 52.2761
      },
      {
        "Brigade": "10",
        "Time": "2017-05-14 07:46:40",
        "Lines": "1",
        "Lon": 20.9633,
        "Lat": 52.2761
      },
      {
        "Brigade": "10",
        "Time": "2017-05-14 07:46:50",
        "Lines": "1",
        "Lon": 20.9639,
        "Lat": 52.2756
      },
      {
        "Brigade": "10",
        "Time": "2017-05-14 07:47:01",
        "Lines": "1",
        "Lon": 20.9639,
        "Lat": 52.2756
      },
      {
        "Brigade": "10",
        "Time": "2017-05-14 07:47:17",
        "Lines": "1",
        "Lon": 20.9643,
        "Lat": 52.2753
      },
      {
        "Brigade": "10",
        "Time": "2017-05-14 07:47:22",
        "Lines": "1",
        "Lon": 20.9648,
        "Lat": 52.2749
      },
      {
        "Brigade": "10",
        "Time": "2017-05-14 07:47:38",
        "Lines": "1",
        "Lon": 20.966,
        "Lat": 52.2741
      },
      {
        "Brigade": "10",
        "Time": "2017-05-14 07:47:49",
        "Lines": "1",
        "Lon": 20.9669,
        "Lat": 52.2737
      },
      {
        "Brigade": "10",
        "Time": "2017-05-14 07:47:59",
        "Lines": "1",
        "Lon": 20.9673,
        "Lat": 52.2734
      },
      {
        "Brigade": "10",
        "Time": "2017-05-14 07:48:09",
        "Lines": "1",
        "Lon": 20.9673,
        "Lat": 52.2734
      },
      {
        "Brigade": "10",
        "Time": "2017-05-14 07:48:19",
        "Lines": "1",
        "Lon": 20.9677,
        "Lat": 52.2733
      },
      {
        "Brigade": "10",
        "Time": "2017-05-14 07:48:30",
        "Lines": "1",
        "Lon": 20.9686,
        "Lat": 52.2729
      },
      {
        "Brigade": "10",
        "Time": "2017-05-14 07:48:30",
        "Lines": "1",
        "Lon": 20.9686,
        "Lat": 52.2729
      },
      {
        "Brigade": "10",
        "Time": "2017-05-14 07:48:40",
        "Lines": "1",
        "Lon": 20.9697,
        "Lat": 52.2726
      },
      {
        "Brigade": "10",
        "Time": "2017-05-14 07:48:51",
        "Lines": "1",
        "Lon": 20.9708,
        "Lat": 52.2723
      },
      {
        "Brigade": "10",
        "Time": "2017-05-14 07:49:01",
        "Lines": "1",
        "Lon": 20.9716,
        "Lat": 52.2722
      },
      {
        "Brigade": "10",
        "Time": "2017-05-14 07:49:14",
        "Lines": "1",
        "Lon": 20.9721,
        "Lat": 52.2721
      },
      {
        "Brigade": "10",
        "Time": "2017-05-14 07:49:28",
        "Lines": "1",
        "Lon": 20.9732,
        "Lat": 52.2718
      },
      {
        "Brigade": "10",
        "Time": "2017-05-14 07:49:38",
        "Lines": "1",
        "Lon": 20.9733,
        "Lat": 52.2718
      },
      {
        "Brigade": "10",
        "Time": "2017-05-14 07:49:49",
        "Lines": "1",
        "Lon": 20.9733,
        "Lat": 52.2718
      },
      {
        "Brigade": "10",
        "Time": "2017-05-14 07:49:59",
        "Lines": "1",
        "Lon": 20.9737,
        "Lat": 52.2715
      },
      {
        "Brigade": "10",
        "Time": "2017-05-14 07:50:10",
        "Lines": "1",
        "Lon": 20.9741,
        "Lat": 52.2709
      },
      {
        "Brigade": "10",
        "Time": "2017-05-14 07:50:20",
        "Lines": "1",
        "Lon": 20.9748,
        "Lat": 52.2698
      },
      {
        "Brigade": "10",
        "Time": "2017-05-14 07:50:20",
        "Lines": "1",
        "Lon": 20.9748,
        "Lat": 52.2698
      },
      {
        "Brigade": "10",
        "Time": "2017-05-14 07:50:31",
        "Lines": "1",
        "Lon": 20.9755,
        "Lat": 52.2687
      },
      {
        "Brigade": "10",
        "Time": "2017-05-14 07:50:41",
        "Lines": "1",
        "Lon": 20.9762,
        "Lat": 52.2677
      },
      {
        "Brigade": "10",
        "Time": "2017-05-14 07:50:52",
        "Lines": "1",
        "Lon": 20.9767,
        "Lat": 52.2669
      },
      {
        "Brigade": "10",
        "Time": "2017-05-14 07:51:02",
        "Lines": "1",
        "Lon": 20.9768,
        "Lat": 52.2667
      },
      {
        "Brigade": "10",
        "Time": "2017-05-14 07:51:18",
        "Lines": "1",
        "Lon": 20.9768,
        "Lat": 52.2667
      },
      {
        "Brigade": "10",
        "Time": "2017-05-14 07:51:28",
        "Lines": "1",
        "Lon": 20.9768,
        "Lat": 52.2667
      },
      {
        "Brigade": "10",
        "Time": "2017-05-14 07:51:39",
        "Lines": "1",
        "Lon": 20.9768,
        "Lat": 52.2667
      },
      {
        "Brigade": "10",
        "Time": "2017-05-14 07:51:49",
        "Lines": "1",
        "Lon": 20.977,
        "Lat": 52.2665
      },
      {
        "Brigade": "10",
        "Time": "2017-05-14 07:52:01",
        "Lines": "1",
        "Lon": 20.9777,
        "Lat": 52.2655
      },
      {
        "Brigade": "10",
        "Time": "2017-05-14 07:52:01",
        "Lines": "1",
        "Lon": 20.9777,
        "Lat": 52.2655
      },
      {
        "Brigade": "10",
        "Time": "2017-05-14 07:52:10",
        "Lines": "1",
        "Lon": 20.9784,
        "Lat": 52.2644
      },
      {
        "Brigade": "10",
        "Time": "2017-05-14 07:52:21",
        "Lines": "1",
        "Lon": 20.9791,
        "Lat": 52.2633
      },
      {
        "Brigade": "10",
        "Time": "2017-05-14 07:52:37",
        "Lines": "1",
        "Lon": 20.9795,
        "Lat": 52.2628
      },
      {
        "Brigade": "10",
        "Time": "2017-05-14 07:52:47",
        "Lines": "1",
        "Lon": 20.9795,
        "Lat": 52.2628
      },
      {
        "Brigade": "10",
        "Time": "2017-05-14 07:52:58",
        "Lines": "1",
        "Lon": 20.9795,
        "Lat": 52.2628
      },
      {
        "Brigade": "10",
        "Time": "2017-05-14 07:53:08",
        "Lines": "1",
        "Lon": 20.9795,
        "Lat": 52.2628
      },
      {
        "Brigade": "10",
        "Time": "2017-05-14 07:53:19",
        "Lines": "1",
        "Lon": 20.9795,
        "Lat": 52.2628
      },
      {
        "Brigade": "10",
        "Time": "2017-05-14 07:53:29",
        "Lines": "1",
        "Lon": 20.9795,
        "Lat": 52.2628
      },
      {
        "Brigade": "10",
        "Time": "2017-05-14 07:53:39",
        "Lines": "1",
        "Lon": 20.9795,
        "Lat": 52.2628
      },
      {
        "Brigade": "10",
        "Time": "2017-05-14 07:53:39",
        "Lines": "1",
        "Lon": 20.9795,
        "Lat": 52.2628
      },
      {
        "Brigade": "10",
        "Time": "2017-05-14 07:53:50",
        "Lines": "1",
        "Lon": 20.9797,
        "Lat": 52.2624
      },
      {
        "Brigade": "10",
        "Time": "2017-05-14 07:54:06",
        "Lines": "1",
        "Lon": 20.9802,
        "Lat": 52.2616
      },
      {
        "Brigade": "10",
        "Time": "2017-05-14 07:54:16",
        "Lines": "1",
        "Lon": 20.9806,
        "Lat": 52.2609
      },
      {
        "Brigade": "10",
        "Time": "2017-05-14 07:54:27",
        "Lines": "1",
        "Lon": 20.9809,
        "Lat": 52.2597
      },
      {
        "Brigade": "10",
        "Time": "2017-05-14 07:54:37",
        "Lines": "1",
        "Lon": 20.9811,
        "Lat": 52.2587
      },
      {
        "Brigade": "10",
        "Time": "2017-05-14 07:54:48",
        "Lines": "1",
        "Lon": 20.9813,
        "Lat": 52.2577
      },
      {
        "Brigade": "10",
        "Time": "2017-05-14 07:54:58",
        "Lines": "1",
        "Lon": 20.9817,
        "Lat": 52.2565
      },
      {
        "Brigade": "10",
        "Time": "2017-05-14 07:55:09",
        "Lines": "1",
        "Lon": 20.982,
        "Lat": 52.2557
      },
      {
        "Brigade": "10",
        "Time": "2017-05-14 07:55:19",
        "Lines": "1",
        "Lon": 20.9821,
        "Lat": 52.2554
      },
      {
        "Brigade": "10",
        "Time": "2017-05-14 07:55:30",
        "Lines": "1",
        "Lon": 20.9821,
        "Lat": 52.2554
      },
      {
        "Brigade": "10",
        "Time": "2017-05-14 07:55:30",
        "Lines": "1",
        "Lon": 20.9821,
        "Lat": 52.2554
      },
      {
        "Brigade": "10",
        "Time": "2017-05-14 07:55:36",
        "Lines": "1",
        "Lon": 20.9821,
        "Lat": 52.2554
      },
      {
        "Brigade": "10",
        "Time": "2017-05-14 07:55:56",
        "Lines": "1",
        "Lon": 20.9821,
        "Lat": 52.2554
      },
      {
        "Brigade": "10",
        "Time": "2017-05-14 07:56:06",
        "Lines": "1",
        "Lon": 20.9821,
        "Lat": 52.2554
      },
      {
        "Brigade": "10",
        "Time": "2017-05-14 07:56:17",
        "Lines": "1",
        "Lon": 20.9821,
        "Lat": 52.2554
      },
      {
        "Brigade": "10",
        "Time": "2017-05-14 07:56:27",
        "Lines": "1",
        "Lon": 20.9822,
        "Lat": 52.2552
      },
      {
        "Brigade": "10",
        "Time": "2017-05-14 07:56:38",
        "Lines": "1",
        "Lon": 20.9827,
        "Lat": 52.2548
      },
      {
        "Brigade": "10",
        "Time": "2017-05-14 07:56:48",
        "Lines": "1",
        "Lon": 20.9833,
        "Lat": 52.2548
      },
      {
        "Brigade": "10",
        "Time": "2017-05-14 07:56:59",
        "Lines": "1",
        "Lon": 20.9842,
        "Lat": 52.2551
      },
      {
        "Brigade": "10",
        "Time": "2017-05-14 07:57:09",
        "Lines": "1",
        "Lon": 20.9844,
        "Lat": 52.2551
      },
      {
        "Brigade": "10",
        "Time": "2017-05-14 07:57:20",
        "Lines": "1",
        "Lon": 20.9846,
        "Lat": 52.2552
      },
      {
        "Brigade": "10",
        "Time": "2017-05-14 07:57:20",
        "Lines": "1",
        "Lon": 20.9846,
        "Lat": 52.2552
      },
      {
        "Brigade": "10",
        "Time": "2017-05-14 07:57:30",
        "Lines": "1",
        "Lon": 20.986,
        "Lat": 52.2559
      },
      {
        "Brigade": "10",
        "Time": "2017-05-14 07:57:41",
        "Lines": "1",
        "Lon": 20.9876,
        "Lat": 52.2565
      },
      {
        "Brigade": "10",
        "Time": "2017-05-14 07:57:46",
        "Lines": "1",
        "Lon": 20.9882,
        "Lat": 52.2566
      },
      {
        "Brigade": "10",
        "Time": "2017-05-14 07:58:02",
        "Lines": "1",
        "Lon": 20.9883,
        "Lat": 52.2566
      },
      {
        "Brigade": "10",
        "Time": "2017-05-14 07:58:17",
        "Lines": "1",
        "Lon": 20.9895,
        "Lat": 52.2569
      },
      {
        "Brigade": "10",
        "Time": "2017-05-14 07:58:23",
        "Lines": "1",
        "Lon": 20.9903,
        "Lat": 52.257
      },
      {
        "Brigade": "10",
        "Time": "2017-05-14 07:58:38",
        "Lines": "1",
        "Lon": 20.9931,
        "Lat": 52.2576
      },
      {
        "Brigade": "10",
        "Time": "2017-05-14 07:58:49",
        "Lines": "1",
        "Lon": 20.9945,
        "Lat": 52.2579
      },
      {
        "Brigade": "10",
        "Time": "2017-05-14 07:58:59",
        "Lines": "1",
        "Lon": 20.9949,
        "Lat": 52.258
      },
      {
        "Brigade": "10",
        "Time": "2017-05-14 07:59:10",
        "Lines": "1",
        "Lon": 20.9949,
        "Lat": 52.258
      },
      {
        "Brigade": "10",
        "Time": "2017-05-14 07:59:10",
        "Lines": "1",
        "Lon": 20.9949,
        "Lat": 52.258
      },
      {
        "Brigade": "10",
        "Time": "2017-05-14 07:59:20",
        "Lines": "1",
        "Lon": 20.9951,
        "Lat": 52.258
      },
      {
        "Brigade": "10",
        "Time": "2017-05-14 07:59:31",
        "Lines": "1",
        "Lon": 20.996,
        "Lat": 52.2583
      },
      {
        "Brigade": "10",
        "Time": "2017-05-14 07:59:43",
        "Lines": "1",
        "Lon": 20.9973,
        "Lat": 52.2585
      },
      {
        "Brigade": "10",
        "Time": "2017-05-14 07:59:57",
        "Lines": "1",
        "Lon": 20.9993,
        "Lat": 52.2586
      },
      {
        "Brigade": "10",
        "Time": "2017-05-14 08:00:07",
        "Lines": "1",
        "Lon": 21.0006,
        "Lat": 52.2586
      },
      {
        "Brigade": "10",
        "Time": "2017-05-14 08:00:18",
        "Lines": "1",
        "Lon": 21.0017,
        "Lat": 52.2586
      },
      {
        "Brigade": "10",
        "Time": "2017-05-14 08:00:29",
        "Lines": "1",
        "Lon": 21.0024,
        "Lat": 52.2587
      },
      {
        "Brigade": "10",
        "Time": "2017-05-14 08:00:39",
        "Lines": "1",
        "Lon": 21.0029,
        "Lat": 52.2588
      },
      {
        "Brigade": "10",
        "Time": "2017-05-14 08:00:49",
        "Lines": "1",
        "Lon": 21.0029,
        "Lat": 52.2588
      },
      {
        "Brigade": "10",
        "Time": "2017-05-14 08:01:00",
        "Lines": "1",
        "Lon": 21.0033,
        "Lat": 52.2589
      },
      {
        "Brigade": "10",
        "Time": "2017-05-14 08:01:00",
        "Lines": "1",
        "Lon": 21.0033,
        "Lat": 52.2589
      },
      {
        "Brigade": "10",
        "Time": "2017-05-14 08:01:10",
        "Lines": "1",
        "Lon": 21.0044,
        "Lat": 52.2592
      },
      {
        "Brigade": "10",
        "Time": "2017-05-14 08:01:16",
        "Lines": "1",
        "Lon": 21.005,
        "Lat": 52.2594
      },
      {
        "Brigade": "10",
        "Time": "2017-05-14 08:01:37",
        "Lines": "1",
        "Lon": 21.0071,
        "Lat": 52.2602
      },
      {
        "Brigade": "10",
        "Time": "2017-05-14 08:01:47",
        "Lines": "1",
        "Lon": 21.0076,
        "Lat": 52.2603
      },
      {
        "Brigade": "10",
        "Time": "2017-05-14 08:01:58",
        "Lines": "1",
        "Lon": 21.0076,
        "Lat": 52.2603
      },
      {
        "Brigade": "10",
        "Time": "2017-05-14 08:02:08",
        "Lines": "1",
        "Lon": 21.008,
        "Lat": 52.2604
      },
      {
        "Brigade": "10",
        "Time": "2017-05-14 08:02:19",
        "Lines": "1",
        "Lon": 21.0095,
        "Lat": 52.2609
      },
      {
        "Brigade": "10",
        "Time": "2017-05-14 08:02:29",
        "Lines": "1",
        "Lon": 21.0107,
        "Lat": 52.2612
      },
      {
        "Brigade": "10",
        "Time": "2017-05-14 08:02:39",
        "Lines": "1",
        "Lon": 21.0118,
        "Lat": 52.2616
      },
      {
        "Brigade": "10",
        "Time": "2017-05-14 08:02:50",
        "Lines": "1",
        "Lon": 21.0128,
        "Lat": 52.2619
      },
      {
        "Brigade": "10",
        "Time": "2017-05-14 08:02:50",
        "Lines": "1",
        "Lon": 21.0128,
        "Lat": 52.2619
      },
      {
        "Brigade": "10",
        "Time": "2017-05-14 08:03:00",
        "Lines": "1",
        "Lon": 21.0136,
        "Lat": 52.2619
      },
      {
        "Brigade": "10",
        "Time": "2017-05-14 08:03:11",
        "Lines": "1",
        "Lon": 21.0142,
        "Lat": 52.262
      },
      {
        "Brigade": "10",
        "Time": "2017-05-14 08:03:27",
        "Lines": "1",
        "Lon": 21.016,
        "Lat": 52.2626
      },
      {
        "Brigade": "10",
        "Time": "2017-05-14 08:03:37",
        "Lines": "1",
        "Lon": 21.0179,
        "Lat": 52.2631
      },
      {
        "Brigade": "10",
        "Time": "2017-05-14 08:03:48",
        "Lines": "1",
        "Lon": 21.0196,
        "Lat": 52.2634
      },
      {
        "Brigade": "10",
        "Time": "2017-05-14 08:03:58",
        "Lines": "1",
        "Lon": 21.0202,
        "Lat": 52.2635
      },
      {
        "Brigade": "10",
        "Time": "2017-05-14 08:04:09",
        "Lines": "1",
        "Lon": 21.0202,
        "Lat": 52.2635
      },
      {
        "Brigade": "10",
        "Time": "2017-05-14 08:04:19",
        "Lines": "1",
        "Lon": 21.0202,
        "Lat": 52.2635
      },
      {
        "Brigade": "10",
        "Time": "2017-05-14 08:04:30",
        "Lines": "1",
        "Lon": 21.0208,
        "Lat": 52.2636
      },
      {
        "Brigade": "10",
        "Time": "2017-05-14 08:04:40",
        "Lines": "1",
        "Lon": 21.0215,
        "Lat": 52.2638
      },
      {
        "Brigade": "10",
        "Time": "2017-05-14 08:04:40",
        "Lines": "1",
        "Lon": 21.0215,
        "Lat": 52.2638
      },
      {
        "Brigade": "10",
        "Time": "2017-05-14 08:04:51",
        "Lines": "1",
        "Lon": 21.0226,
        "Lat": 52.2641
      },
      {
        "Brigade": "10",
        "Time": "2017-05-14 08:05:01",
        "Lines": "1",
        "Lon": 21.0231,
        "Lat": 52.2643
      },
      {
        "Brigade": "10",
        "Time": "2017-05-14 08:05:17",
        "Lines": "1",
        "Lon": 21.0236,
        "Lat": 52.2645
      },
      {
        "Brigade": "10",
        "Time": "2017-05-14 08:05:22",
        "Lines": "1",
        "Lon": 21.0244,
        "Lat": 52.2648
      },
      {
        "Brigade": "10",
        "Time": "2017-05-14 08:05:32",
        "Lines": "1",
        "Lon": 21.0264,
        "Lat": 52.2656
      },
      {
        "Brigade": "10",
        "Time": "2017-05-14 08:05:48",
        "Lines": "1",
        "Lon": 21.0296,
        "Lat": 52.2665
      },
      {
        "Brigade": "10",
        "Time": "2017-05-14 08:05:59",
        "Lines": "1",
        "Lon": 21.0311,
        "Lat": 52.2669
      },
      {
        "Brigade": "10",
        "Time": "2017-05-14 08:06:09",
        "Lines": "1",
        "Lon": 21.0314,
        "Lat": 52.267
      },
      {
        "Brigade": "10",
        "Time": "2017-05-14 08:06:20",
        "Lines": "1",
        "Lon": 21.0314,
        "Lat": 52.267
      },
      {
        "Brigade": "10",
        "Time": "2017-05-14 08:06:30",
        "Lines": "1",
        "Lon": 21.0322,
        "Lat": 52.2673
      },
      {
        "Brigade": "10",
        "Time": "2017-05-14 08:06:30",
        "Lines": "1",
        "Lon": 21.0322,
        "Lat": 52.2673
      },
      {
        "Brigade": "10",
        "Time": "2017-05-14 08:06:41",
        "Lines": "1",
        "Lon": 21.034,
        "Lat": 52.2676
      },
      {
        "Brigade": "10",
        "Time": "2017-05-14 08:06:52",
        "Lines": "1",
        "Lon": 21.0356,
        "Lat": 52.2677
      },
      {
        "Brigade": "10",
        "Time": "2017-05-14 08:07:02",
        "Lines": "1",
        "Lon": 21.0364,
        "Lat": 52.268
      },
      {
        "Brigade": "10",
        "Time": "2017-05-14 08:07:12",
        "Lines": "1",
        "Lon": 21.0368,
        "Lat": 52.2682
      },
      {
        "Brigade": "10",
        "Time": "2017-05-14 08:07:28",
        "Lines": "1",
        "Lon": 21.037,
        "Lat": 52.2684
      },
      {
        "Brigade": "10",
        "Time": "2017-05-14 08:07:38",
        "Lines": "1",
        "Lon": 21.037,
        "Lat": 52.2684
      },
      {
        "Brigade": "10",
        "Time": "2017-05-14 08:07:49",
        "Lines": "1",
        "Lon": 21.0371,
        "Lat": 52.2684
      },
      {
        "Brigade": "10",
        "Time": "2017-05-14 08:07:59",
        "Lines": "1",
        "Lon": 21.0374,
        "Lat": 52.2687
      },
      {
        "Brigade": "10",
        "Time": "2017-05-14 08:08:10",
        "Lines": "1",
        "Lon": 21.0371,
        "Lat": 52.269
      },
      {
        "Brigade": "10",
        "Time": "2017-05-14 08:08:20",
        "Lines": "1",
        "Lon": 21.0368,
        "Lat": 52.2694
      },
      {
        "Brigade": "10",
        "Time": "2017-05-14 08:08:20",
        "Lines": "1",
        "Lon": 21.0368,
        "Lat": 52.2694
      },
      {
        "Brigade": "10",
        "Time": "2017-05-14 08:08:31",
        "Lines": "1",
        "Lon": 21.0365,
        "Lat": 52.2696
      },
      {
        "Brigade": "10",
        "Time": "2017-05-14 08:08:41",
        "Lines": "1",
        "Lon": 21.0364,
        "Lat": 52.2696
      },
      {
        "Brigade": "10",
        "Time": "2017-05-14 08:08:52",
        "Lines": "1",
        "Lon": 21.0355,
        "Lat": 52.2704
      },
      {
        "Brigade": "10",
        "Time": "2017-05-14 08:09:02",
        "Lines": "1",
        "Lon": 21.0341,
        "Lat": 52.2716
      },
      {
        "Brigade": "10",
        "Time": "2017-05-14 08:09:18",
        "Lines": "1",
        "Lon": 21.0323,
        "Lat": 52.2733
      },
      {
        "Brigade": "10",
        "Time": "2017-05-14 08:09:29",
        "Lines": "1",
        "Lon": 21.0315,
        "Lat": 52.274
      },
      {
        "Brigade": "10",
        "Time": "2017-05-14 08:09:39",
        "Lines": "1",
        "Lon": 21.0315,
        "Lat": 52.274
      },
      {
        "Brigade": "10",
        "Time": "2017-05-14 08:09:50",
        "Lines": "1",
        "Lon": 21.031,
        "Lat": 52.2746
      },
      {
        "Brigade": "10",
        "Time": "2017-05-14 08:10:01",
        "Lines": "1",
        "Lon": 21.0297,
        "Lat": 52.2759
      },
      {
        "Brigade": "10",
        "Time": "2017-05-14 08:10:01",
        "Lines": "1",
        "Lon": 21.0297,
        "Lat": 52.2759
      },
      {
        "Brigade": "10",
        "Time": "2017-05-14 08:10:08",
        "Lines": "1",
        "Lon": 21.0291,
        "Lat": 52.2765
      },
      {
        "Brigade": "10",
        "Time": "2017-05-14 08:10:24",
        "Lines": "1",
        "Lon": 21.0286,
        "Lat": 52.277
      },
      {
        "Brigade": "10",
        "Time": "2017-05-14 08:10:32",
        "Lines": "1",
        "Lon": 21.0277,
        "Lat": 52.2782
      },
      {
        "Brigade": "10",
        "Time": "2017-05-14 08:10:45",
        "Lines": "1",
        "Lon": 21.0271,
        "Lat": 52.2789
      },
      {
        "Brigade": "10",
        "Time": "2017-05-14 08:10:58",
        "Lines": "1",
        "Lon": 21.0261,
        "Lat": 52.2804
      },
      {
        "Brigade": "10",
        "Time": "2017-05-14 08:11:03",
        "Lines": "1",
        "Lon": 21.026,
        "Lat": 52.2806
      },
      {
        "Brigade": "10",
        "Time": "2017-05-14 08:11:19",
        "Lines": "1",
        "Lon": 21.0272,
        "Lat": 52.2811
      },
      {
        "Brigade": "10",
        "Time": "2017-05-14 08:11:29",
        "Lines": "1",
        "Lon": 21.0274,
        "Lat": 52.2812
      },
      {
        "Brigade": "10",
        "Time": "2017-05-14 08:11:29",
        "Lines": "1",
        "Lon": 21.0274,
        "Lat": 52.2812
      },
      {
        "Brigade": "10",
        "Time": "2017-05-14 08:11:45",
        "Lines": "1",
        "Lon": 21.0279,
        "Lat": 52.2813
      },
      {
        "Brigade": "10",
        "Time": "2017-05-14 08:11:45",
        "Lines": "1",
        "Lon": 21.0279,
        "Lat": 52.2813
      },
      {
        "Brigade": "10",
        "Time": "2017-05-14 08:11:45",
        "Lines": "1",
        "Lon": 21.0279,
        "Lat": 52.2813
      },
      {
        "Brigade": "10",
        "Time": "2017-05-14 08:12:06",
        "Lines": "1",
        "Lon": 21.0319,
        "Lat": 52.2823
      },
      {
        "Brigade": "10",
        "Time": "2017-05-14 08:12:22",
        "Lines": "1",
        "Lon": 21.0339,
        "Lat": 52.2829
      },
      {
        "Brigade": "10",
        "Time": "2017-05-14 08:12:32",
        "Lines": "1",
        "Lon": 21.034,
        "Lat": 52.2834
      },
      {
        "Brigade": "10",
        "Time": "2017-05-14 08:12:48",
        "Lines": "1",
        "Lon": 21.0331,
        "Lat": 52.2847
      },
      {
        "Brigade": "10",
        "Time": "2017-05-14 08:12:58",
        "Lines": "1",
        "Lon": 21.0327,
        "Lat": 52.2852
      },
      {
        "Brigade": "10",
        "Time": "2017-05-14 08:13:09",
        "Lines": "1",
        "Lon": 21.0327,
        "Lat": 52.2852
      },
      {
        "Brigade": "10",
        "Time": "2017-05-14 08:13:19",
        "Lines": "1",
        "Lon": 21.0327,
        "Lat": 52.2853
      },
      {
        "Brigade": "10",
        "Time": "2017-05-14 08:13:30",
        "Lines": "1",
        "Lon": 21.032,
        "Lat": 52.2862
      },
      {
        "Brigade": "10",
        "Time": "2017-05-14 08:13:40",
        "Lines": "1",
        "Lon": 21.0312,
        "Lat": 52.2875
      },
      {
        "Brigade": "10",
        "Time": "2017-05-14 08:13:40",
        "Lines": "1",
        "Lon": 21.0312,
        "Lat": 52.2875
      },
      {
        "Brigade": "10",
        "Time": "2017-05-14 08:13:51",
        "Lines": "1",
        "Lon": 21.0308,
        "Lat": 52.2881
      },
      {
        "Brigade": "10",
        "Time": "2017-05-14 08:14:01",
        "Lines": "1",
        "Lon": 21.0308,
        "Lat": 52.2881
      },
      {
        "Brigade": "10",
        "Time": "2017-05-14 08:14:12",
        "Lines": "1",
        "Lon": 21.0306,
        "Lat": 52.2883
      },
      {
        "Brigade": "10",
        "Time": "2017-05-14 08:14:22",
        "Lines": "1",
        "Lon": 21.03,
        "Lat": 52.2893
      },
      {
        "Brigade": "10",
        "Time": "2017-05-14 08:14:38",
        "Lines": "1",
        "Lon": 21.0295,
        "Lat": 52.2899
      },
      {
        "Brigade": "10",
        "Time": "2017-05-14 08:14:48",
        "Lines": "1",
        "Lon": 21.0295,
        "Lat": 52.2899
      },
      {
        "Brigade": "10",
        "Time": "2017-05-14 08:14:59",
        "Lines": "1",
        "Lon": 21.029,
        "Lat": 52.2906
      },
      {
        "Brigade": "10",
        "Time": "2017-05-14 08:14:59",
        "Lines": "1",
        "Lon": 21.029,
        "Lat": 52.2906
      },
      {
        "Brigade": "10",
        "Time": "2017-05-14 08:15:20",
        "Lines": "1",
        "Lon": 21.0275,
        "Lat": 52.2929
      },
      {
        "Brigade": "10",
        "Time": "2017-05-14 08:15:20",
        "Lines": "1",
        "Lon": 21.0275,
        "Lat": 52.2929
      },
      {
        "Brigade": "10",
        "Time": "2017-05-14 08:15:30",
        "Lines": "1",
        "Lon": 21.0273,
        "Lat": 52.2932
      },
      {
        "Brigade": "10",
        "Time": "2017-05-14 08:15:41",
        "Lines": "1",
        "Lon": 21.0273,
        "Lat": 52.2932
      },
      {
        "Brigade": "10",
        "Time": "2017-05-14 08:15:51",
        "Lines": "1",
        "Lon": 21.0273,
        "Lat": 52.2932
      },
      {
        "Brigade": "10",
        "Time": "2017-05-14 08:16:02",
        "Lines": "1",
        "Lon": 21.0273,
        "Lat": 52.2932
      },
      {
        "Brigade": "10",
        "Time": "2017-05-14 08:16:18",
        "Lines": "1",
        "Lon": 21.0273,
        "Lat": 52.2932
      },
      {
        "Brigade": "10",
        "Time": "2017-05-14 08:16:23",
        "Lines": "1",
        "Lon": 21.0273,
        "Lat": 52.2932
      },
      {
        "Brigade": "10",
        "Time": "2017-05-14 08:16:39",
        "Lines": "1",
        "Lon": 21.0273,
        "Lat": 52.2932
      },
      {
        "Brigade": "10",
        "Time": "2017-05-14 08:16:49",
        "Lines": "1",
        "Lon": 21.0268,
        "Lat": 52.2938
      },
      {
        "Brigade": "10",
        "Time": "2017-05-14 08:16:59",
        "Lines": "1",
        "Lon": 21.0259,
        "Lat": 52.2951
      },
      {
        "Brigade": "10",
        "Time": "2017-05-14 08:17:10",
        "Lines": "1",
        "Lon": 21.0249,
        "Lat": 52.2964
      },
      {
        "Brigade": "10",
        "Time": "2017-05-14 08:17:10",
        "Lines": "1",
        "Lon": 21.0249,
        "Lat": 52.2964
      },
      {
        "Brigade": "10",
        "Time": "2017-05-14 08:17:16",
        "Lines": "1",
        "Lon": 21.0246,
        "Lat": 52.2968
      },
      {
        "Brigade": "10",
        "Time": "2017-05-14 08:17:31",
        "Lines": "1",
        "Lon": 21.0245,
        "Lat": 52.2969
      },
      {
        "Brigade": "10",
        "Time": "2017-05-14 08:17:41",
        "Lines": "1",
        "Lon": 21.0241,
        "Lat": 52.2974
      }
    ]
  }
]
