[
  {
    "res": [
      {
        "Brigade": "13",
        "Time": "2017-05-14 08:04:09",
        "Lines": "1",
        "Lon": 20.9556,
        "Lat": 52.2843
      },
      {
        "Brigade": "13",
        "Time": "2017-05-14 08:04:19",
        "Lines": "1",
        "Lon": 20.9562,
        "Lat": 52.2836
      },
      {
        "Brigade": "13",
        "Time": "2017-05-14 08:04:30",
        "Lines": "1",
        "Lon": 20.9565,
        "Lat": 52.2833
      },
      {
        "Brigade": "13",
        "Time": "2017-05-14 08:04:40",
        "Lines": "1",
        "Lon": 20.9565,
        "Lat": 52.2833
      },
      {
        "Brigade": "13",
        "Time": "2017-05-14 08:04:40",
        "Lines": "1",
        "Lon": 20.9565,
        "Lat": 52.2833
      },
      {
        "Brigade": "13",
        "Time": "2017-05-14 08:04:51",
        "Lines": "1",
        "Lon": 20.9567,
        "Lat": 52.2831
      },
      {
        "Brigade": "13",
        "Time": "2017-05-14 08:05:03",
        "Lines": "1",
        "Lon": 20.9575,
        "Lat": 52.2822
      },
      {
        "Brigade": "13",
        "Time": "2017-05-14 08:05:03",
        "Lines": "1",
        "Lon": 20.9575,
        "Lat": 52.2822
      },
      {
        "Brigade": "13",
        "Time": "2017-05-14 08:05:22",
        "Lines": "1",
        "Lon": 20.9584,
        "Lat": 52.2812
      },
      {
        "Brigade": "13",
        "Time": "2017-05-14 08:05:33",
        "Lines": "1",
        "Lon": 20.9586,
        "Lat": 52.281
      },
      {
        "Brigade": "13",
        "Time": "2017-05-14 08:05:49",
        "Lines": "1",
        "Lon": 20.9593,
        "Lat": 52.2803
      },
      {
        "Brigade": "13",
        "Time": "2017-05-14 08:05:59",
        "Lines": "1",
        "Lon": 20.9593,
        "Lat": 52.2803
      },
      {
        "Brigade": "13",
        "Time": "2017-05-14 08:06:10",
        "Lines": "1",
        "Lon": 20.9594,
        "Lat": 52.2802
      },
      {
        "Brigade": "13",
        "Time": "2017-05-14 08:06:20",
        "Lines": "1",
        "Lon": 20.96,
        "Lat": 52.2795
      },
      {
        "Brigade": "13",
        "Time": "2017-05-14 08:06:31",
        "Lines": "1",
        "Lon": 20.9612,
        "Lat": 52.2783
      },
      {
        "Brigade": "13",
        "Time": "2017-05-14 08:06:31",
        "Lines": "1",
        "Lon": 20.9612,
        "Lat": 52.2783
      },
      {
        "Brigade": "13",
        "Time": "2017-05-14 08:06:41",
        "Lines": "1",
        "Lon": 20.9624,
        "Lat": 52.2771
      },
      {
        "Brigade": "13",
        "Time": "2017-05-14 08:06:52",
        "Lines": "1",
        "Lon": 20.9634,
        "Lat": 52.2761
      },
      {
        "Brigade": "13",
        "Time": "2017-05-14 08:07:02",
        "Lines": "1",
        "Lon": 20.9639,
        "Lat": 52.2756
      },
      {
        "Brigade": "13",
        "Time": "2017-05-14 08:07:13",
        "Lines": "1",
        "Lon": 20.9639,
        "Lat": 52.2756
      },
      {
        "Brigade": "13",
        "Time": "2017-05-14 08:07:28",
        "Lines": "1",
        "Lon": 20.9639,
        "Lat": 52.2756
      },
      {
        "Brigade": "13",
        "Time": "2017-05-14 08:07:39",
        "Lines": "1",
        "Lon": 20.9642,
        "Lat": 52.2754
      },
      {
        "Brigade": "13",
        "Time": "2017-05-14 08:07:49",
        "Lines": "1",
        "Lon": 20.965,
        "Lat": 52.2747
      },
      {
        "Brigade": "13",
        "Time": "2017-05-14 08:08:00",
        "Lines": "1",
        "Lon": 20.9664,
        "Lat": 52.2739
      },
      {
        "Brigade": "13",
        "Time": "2017-05-14 08:08:10",
        "Lines": "1",
        "Lon": 20.9673,
        "Lat": 52.2734
      },
      {
        "Brigade": "13",
        "Time": "2017-05-14 08:08:21",
        "Lines": "1",
        "Lon": 20.9673,
        "Lat": 52.2734
      },
      {
        "Brigade": "13",
        "Time": "2017-05-14 08:08:21",
        "Lines": "1",
        "Lon": 20.9673,
        "Lat": 52.2734
      },
      {
        "Brigade": "13",
        "Time": "2017-05-14 08:08:32",
        "Lines": "1",
        "Lon": 20.9674,
        "Lat": 52.2734
      },
      {
        "Brigade": "13",
        "Time": "2017-05-14 08:08:41",
        "Lines": "1",
        "Lon": 20.9684,
        "Lat": 52.273
      },
      {
        "Brigade": "13",
        "Time": "2017-05-14 08:08:52",
        "Lines": "1",
        "Lon": 20.9702,
        "Lat": 52.2725
      },
      {
        "Brigade": "13",
        "Time": "2017-05-14 08:09:02",
        "Lines": "1",
        "Lon": 20.9712,
        "Lat": 52.2723
      },
      {
        "Brigade": "13",
        "Time": "2017-05-14 08:09:13",
        "Lines": "1",
        "Lon": 20.9717,
        "Lat": 52.2722
      },
      {
        "Brigade": "13",
        "Time": "2017-05-14 08:09:28",
        "Lines": "1",
        "Lon": 20.9722,
        "Lat": 52.2721
      },
      {
        "Brigade": "13",
        "Time": "2017-05-14 08:09:34",
        "Lines": "1",
        "Lon": 20.9724,
        "Lat": 52.272
      },
      {
        "Brigade": "13",
        "Time": "2017-05-14 08:09:50",
        "Lines": "1",
        "Lon": 20.9732,
        "Lat": 52.2718
      },
      {
        "Brigade": "13",
        "Time": "2017-05-14 08:10:00",
        "Lines": "1",
        "Lon": 20.9733,
        "Lat": 52.2718
      },
      {
        "Brigade": "13",
        "Time": "2017-05-14 08:10:00",
        "Lines": "1",
        "Lon": 20.9733,
        "Lat": 52.2718
      },
      {
        "Brigade": "13",
        "Time": "2017-05-14 08:10:11",
        "Lines": "1",
        "Lon": 20.9733,
        "Lat": 52.2718
      },
      {
        "Brigade": "13",
        "Time": "2017-05-14 08:10:21",
        "Lines": "1",
        "Lon": 20.9736,
        "Lat": 52.2716
      },
      {
        "Brigade": "13",
        "Time": "2017-05-14 08:10:31",
        "Lines": "1",
        "Lon": 20.9739,
        "Lat": 52.2711
      },
      {
        "Brigade": "13",
        "Time": "2017-05-14 08:10:47",
        "Lines": "1",
        "Lon": 20.975,
        "Lat": 52.2695
      },
      {
        "Brigade": "13",
        "Time": "2017-05-14 08:10:58",
        "Lines": "1",
        "Lon": 20.9759,
        "Lat": 52.2682
      },
      {
        "Brigade": "13",
        "Time": "2017-05-14 08:11:09",
        "Lines": "1",
        "Lon": 20.9766,
        "Lat": 52.2671
      },
      {
        "Brigade": "13",
        "Time": "2017-05-14 08:11:19",
        "Lines": "1",
        "Lon": 20.9769,
        "Lat": 52.2667
      },
      {
        "Brigade": "13",
        "Time": "2017-05-14 08:11:24",
        "Lines": "1",
        "Lon": 20.9769,
        "Lat": 52.2667
      },
      {
        "Brigade": "13",
        "Time": "2017-05-14 08:11:40",
        "Lines": "1",
        "Lon": 20.9771,
        "Lat": 52.2664
      },
      {
        "Brigade": "13",
        "Time": "2017-05-14 08:11:50",
        "Lines": "1",
        "Lon": 20.9777,
        "Lat": 52.2654
      },
      {
        "Brigade": "13",
        "Time": "2017-05-14 08:11:50",
        "Lines": "1",
        "Lon": 20.9777,
        "Lat": 52.2654
      },
      {
        "Brigade": "13",
        "Time": "2017-05-14 08:12:01",
        "Lines": "1",
        "Lon": 20.9786,
        "Lat": 52.2641
      },
      {
        "Brigade": "13",
        "Time": "2017-05-14 08:12:11",
        "Lines": "1",
        "Lon": 20.9793,
        "Lat": 52.263
      },
      {
        "Brigade": "13",
        "Time": "2017-05-14 08:12:22",
        "Lines": "1",
        "Lon": 20.9795,
        "Lat": 52.2628
      },
      {
        "Brigade": "13",
        "Time": "2017-05-14 08:12:32",
        "Lines": "1",
        "Lon": 20.9795,
        "Lat": 52.2627
      },
      {
        "Brigade": "13",
        "Time": "2017-05-14 08:12:48",
        "Lines": "1",
        "Lon": 20.9801,
        "Lat": 52.2619
      },
      {
        "Brigade": "13",
        "Time": "2017-05-14 08:12:58",
        "Lines": "1",
        "Lon": 20.9803,
        "Lat": 52.2616
      },
      {
        "Brigade": "13",
        "Time": "2017-05-14 08:13:09",
        "Lines": "1",
        "Lon": 20.9806,
        "Lat": 52.2609
      },
      {
        "Brigade": "13",
        "Time": "2017-05-14 08:13:19",
        "Lines": "1",
        "Lon": 20.9808,
        "Lat": 52.26
      },
      {
        "Brigade": "13",
        "Time": "2017-05-14 08:13:30",
        "Lines": "1",
        "Lon": 20.9811,
        "Lat": 52.2587
      },
      {
        "Brigade": "13",
        "Time": "2017-05-14 08:13:40",
        "Lines": "1",
        "Lon": 20.9814,
        "Lat": 52.2572
      },
      {
        "Brigade": "13",
        "Time": "2017-05-14 08:13:40",
        "Lines": "1",
        "Lon": 20.9814,
        "Lat": 52.2572
      },
      {
        "Brigade": "13",
        "Time": "2017-05-14 08:13:51",
        "Lines": "1",
        "Lon": 20.9819,
        "Lat": 52.2558
      },
      {
        "Brigade": "13",
        "Time": "2017-05-14 08:14:01",
        "Lines": "1",
        "Lon": 20.9821,
        "Lat": 52.2553
      },
      {
        "Brigade": "13",
        "Time": "2017-05-14 08:14:13",
        "Lines": "1",
        "Lon": 20.9821,
        "Lat": 52.2553
      },
      {
        "Brigade": "13",
        "Time": "2017-05-14 08:14:22",
        "Lines": "1",
        "Lon": 20.9821,
        "Lat": 52.2553
      },
      {
        "Brigade": "13",
        "Time": "2017-05-14 08:14:38",
        "Lines": "1",
        "Lon": 20.9821,
        "Lat": 52.2553
      },
      {
        "Brigade": "13",
        "Time": "2017-05-14 08:14:48",
        "Lines": "1",
        "Lon": 20.9821,
        "Lat": 52.2553
      },
      {
        "Brigade": "13",
        "Time": "2017-05-14 08:14:59",
        "Lines": "1",
        "Lon": 20.9821,
        "Lat": 52.2553
      },
      {
        "Brigade": "13",
        "Time": "2017-05-14 08:15:09",
        "Lines": "1",
        "Lon": 20.9821,
        "Lat": 52.2553
      },
      {
        "Brigade": "13",
        "Time": "2017-05-14 08:15:20",
        "Lines": "1",
        "Lon": 20.9823,
        "Lat": 52.255
      },
      {
        "Brigade": "13",
        "Time": "2017-05-14 08:15:20",
        "Lines": "1",
        "Lon": 20.9823,
        "Lat": 52.255
      },
      {
        "Brigade": "13",
        "Time": "2017-05-14 08:15:30",
        "Lines": "1",
        "Lon": 20.983,
        "Lat": 52.2548
      },
      {
        "Brigade": "13",
        "Time": "2017-05-14 08:15:41",
        "Lines": "1",
        "Lon": 20.9836,
        "Lat": 52.2549
      },
      {
        "Brigade": "13",
        "Time": "2017-05-14 08:15:52",
        "Lines": "1",
        "Lon": 20.9843,
        "Lat": 52.2551
      },
      {
        "Brigade": "13",
        "Time": "2017-05-14 08:16:02",
        "Lines": "1",
        "Lon": 20.9844,
        "Lat": 52.2551
      },
      {
        "Brigade": "13",
        "Time": "2017-05-14 08:16:18",
        "Lines": "1",
        "Lon": 20.9846,
        "Lat": 52.2552
      },
      {
        "Brigade": "13",
        "Time": "2017-05-14 08:16:23",
        "Lines": "1",
        "Lon": 20.985,
        "Lat": 52.2554
      },
      {
        "Brigade": "13",
        "Time": "2017-05-14 08:16:39",
        "Lines": "1",
        "Lon": 20.9867,
        "Lat": 52.2562
      },
      {
        "Brigade": "13",
        "Time": "2017-05-14 08:16:49",
        "Lines": "1",
        "Lon": 20.987,
        "Lat": 52.2563
      },
      {
        "Brigade": "13",
        "Time": "2017-05-14 08:17:00",
        "Lines": "1",
        "Lon": 20.987,
        "Lat": 52.2563
      },
      {
        "Brigade": "13",
        "Time": "2017-05-14 08:17:10",
        "Lines": "1",
        "Lon": 20.9874,
        "Lat": 52.2564
      },
      {
        "Brigade": "13",
        "Time": "2017-05-14 08:17:10",
        "Lines": "1",
        "Lon": 20.9874,
        "Lat": 52.2564
      },
      {
        "Brigade": "13",
        "Time": "2017-05-14 08:17:20",
        "Lines": "1",
        "Lon": 20.9882,
        "Lat": 52.2566
      },
      {
        "Brigade": "13",
        "Time": "2017-05-14 08:17:31",
        "Lines": "1",
        "Lon": 20.9884,
        "Lat": 52.2566
      },
      {
        "Brigade": "13",
        "Time": "2017-05-14 08:17:41",
        "Lines": "1",
        "Lon": 20.9884,
        "Lat": 52.2566
      }
    ]
  }
]
