[
  {
    "res": [
      {
        "Brigade": "4",
        "Time": "2017-05-14 08:06:08",
        "Lines": "1",
        "Lon": 21.0029,
        "Lat": 52.1887
      },
      {
        "Brigade": "4",
        "Time": "2017-05-14 08:06:19",
        "Lines": "1",
        "Lon": 21.0035,
        "Lat": 52.1888
      },
      {
        "Brigade": "4",
        "Time": "2017-05-14 08:06:29",
        "Lines": "1",
        "Lon": 21.004,
        "Lat": 52.1888
      },
      {
        "Brigade": "4",
        "Time": "2017-05-14 08:06:29",
        "Lines": "1",
        "Lon": 21.004,
        "Lat": 52.1888
      },
      {
        "Brigade": "4",
        "Time": "2017-05-14 08:06:40",
        "Lines": "1",
        "Lon": 21.0043,
        "Lat": 52.1885
      },
      {
        "Brigade": "4",
        "Time": "2017-05-14 08:06:50",
        "Lines": "1",
        "Lon": 21.004,
        "Lat": 52.1883
      },
      {
        "Brigade": "4",
        "Time": "2017-05-14 08:07:06",
        "Lines": "1",
        "Lon": 21.0036,
        "Lat": 52.1886
      },
      {
        "Brigade": "4",
        "Time": "2017-05-14 08:07:16",
        "Lines": "1",
        "Lon": 21.0032,
        "Lat": 52.1888
      },
      {
        "Brigade": "4",
        "Time": "2017-05-14 08:07:27",
        "Lines": "1",
        "Lon": 21.0027,
        "Lat": 52.1888
      },
      {
        "Brigade": "4",
        "Time": "2017-05-14 08:07:37",
        "Lines": "1",
        "Lon": 21.0026,
        "Lat": 52.1888
      },
      {
        "Brigade": "4",
        "Time": "2017-05-14 08:07:48",
        "Lines": "1",
        "Lon": 21.0026,
        "Lat": 52.1888
      },
      {
        "Brigade": "4",
        "Time": "2017-05-14 08:07:58",
        "Lines": "1",
        "Lon": 21.0026,
        "Lat": 52.1888
      },
      {
        "Brigade": "4",
        "Time": "2017-05-14 08:08:09",
        "Lines": "1",
        "Lon": 21.0026,
        "Lat": 52.1888
      },
      {
        "Brigade": "4",
        "Time": "2017-05-14 08:08:19",
        "Lines": "1",
        "Lon": 21.0026,
        "Lat": 52.1888
      },
      {
        "Brigade": "4",
        "Time": "2017-05-14 08:08:19",
        "Lines": "1",
        "Lon": 21.0026,
        "Lat": 52.1888
      },
      {
        "Brigade": "4",
        "Time": "2017-05-14 08:08:30",
        "Lines": "1",
        "Lon": 21.0026,
        "Lat": 52.1888
      },
      {
        "Brigade": "4",
        "Time": "2017-05-14 08:08:40",
        "Lines": "1",
        "Lon": 21.0026,
        "Lat": 52.1888
      },
      {
        "Brigade": "4",
        "Time": "2017-05-14 08:08:56",
        "Lines": "1",
        "Lon": 21.0026,
        "Lat": 52.1888
      },
      {
        "Brigade": "4",
        "Time": "2017-05-14 08:09:06",
        "Lines": "1",
        "Lon": 21.0022,
        "Lat": 52.1889
      },
      {
        "Brigade": "4",
        "Time": "2017-05-14 08:09:17",
        "Lines": "1",
        "Lon": 21.002,
        "Lat": 52.1894
      },
      {
        "Brigade": "4",
        "Time": "2017-05-14 08:09:27",
        "Lines": "1",
        "Lon": 21.002,
        "Lat": 52.1898
      },
      {
        "Brigade": "4",
        "Time": "2017-05-14 08:09:27",
        "Lines": "1",
        "Lon": 21.002,
        "Lat": 52.1898
      },
      {
        "Brigade": "4",
        "Time": "2017-05-14 08:09:48",
        "Lines": "1",
        "Lon": 21.0019,
        "Lat": 52.1906
      },
      {
        "Brigade": "4",
        "Time": "2017-05-14 08:09:59",
        "Lines": "1",
        "Lon": 21.0018,
        "Lat": 52.192
      },
      {
        "Brigade": "4",
        "Time": "2017-05-14 08:09:59",
        "Lines": "1",
        "Lon": 21.0018,
        "Lat": 52.192
      },
      {
        "Brigade": "4",
        "Time": "2017-05-14 08:10:10",
        "Lines": "1",
        "Lon": 21.0018,
        "Lat": 52.1933
      },
      {
        "Brigade": "4",
        "Time": "2017-05-14 08:10:21",
        "Lines": "1",
        "Lon": 21.0018,
        "Lat": 52.1946
      },
      {
        "Brigade": "4",
        "Time": "2017-05-14 08:10:25",
        "Lines": "1",
        "Lon": 21.0018,
        "Lat": 52.195
      },
      {
        "Brigade": "4",
        "Time": "2017-05-14 08:10:46",
        "Lines": "1",
        "Lon": 21.0018,
        "Lat": 52.1952
      },
      {
        "Brigade": "4",
        "Time": "2017-05-14 08:10:56",
        "Lines": "1",
        "Lon": 21.0018,
        "Lat": 52.1952
      },
      {
        "Brigade": "4",
        "Time": "2017-05-14 08:11:07",
        "Lines": "1",
        "Lon": 21.0018,
        "Lat": 52.1953
      },
      {
        "Brigade": "4",
        "Time": "2017-05-14 08:11:17",
        "Lines": "1",
        "Lon": 21.0019,
        "Lat": 52.1962
      },
      {
        "Brigade": "4",
        "Time": "2017-05-14 08:11:28",
        "Lines": "1",
        "Lon": 21.0017,
        "Lat": 52.1975
      },
      {
        "Brigade": "4",
        "Time": "2017-05-14 08:11:38",
        "Lines": "1",
        "Lon": 21.0014,
        "Lat": 52.1985
      },
      {
        "Brigade": "4",
        "Time": "2017-05-14 08:11:49",
        "Lines": "1",
        "Lon": 21.0013,
        "Lat": 52.1987
      },
      {
        "Brigade": "4",
        "Time": "2017-05-14 08:11:49",
        "Lines": "1",
        "Lon": 21.0013,
        "Lat": 52.1987
      },
      {
        "Brigade": "4",
        "Time": "2017-05-14 08:11:59",
        "Lines": "1",
        "Lon": 21.0013,
        "Lat": 52.1987
      },
      {
        "Brigade": "4",
        "Time": "2017-05-14 08:12:10",
        "Lines": "1",
        "Lon": 21.0011,
        "Lat": 52.1995
      },
      {
        "Brigade": "4",
        "Time": "2017-05-14 08:12:26",
        "Lines": "1",
        "Lon": 21.0006,
        "Lat": 52.2011
      },
      {
        "Brigade": "4",
        "Time": "2017-05-14 08:12:36",
        "Lines": "1",
        "Lon": 21.0005,
        "Lat": 52.2014
      },
      {
        "Brigade": "4",
        "Time": "2017-05-14 08:12:46",
        "Lines": "1",
        "Lon": 21.0005,
        "Lat": 52.2015
      },
      {
        "Brigade": "4",
        "Time": "2017-05-14 08:12:57",
        "Lines": "1",
        "Lon": 21.0005,
        "Lat": 52.2015
      },
      {
        "Brigade": "4",
        "Time": "2017-05-14 08:13:07",
        "Lines": "1",
        "Lon": 21.0005,
        "Lat": 52.2015
      },
      {
        "Brigade": "4",
        "Time": "2017-05-14 08:13:18",
        "Lines": "1",
        "Lon": 21.0004,
        "Lat": 52.2021
      },
      {
        "Brigade": "4",
        "Time": "2017-05-14 08:13:28",
        "Lines": "1",
        "Lon": 21.0003,
        "Lat": 52.2023
      },
      {
        "Brigade": "4",
        "Time": "2017-05-14 08:13:39",
        "Lines": "1",
        "Lon": 21.0003,
        "Lat": 52.2023
      },
      {
        "Brigade": "4",
        "Time": "2017-05-14 08:13:39",
        "Lines": "1",
        "Lon": 21.0003,
        "Lat": 52.2023
      },
      {
        "Brigade": "4",
        "Time": "2017-05-14 08:13:55",
        "Lines": "1",
        "Lon": 21,
        "Lat": 52.2035
      },
      {
        "Brigade": "4",
        "Time": "2017-05-14 08:14:05",
        "Lines": "1",
        "Lon": 20.9996,
        "Lat": 52.2046
      },
      {
        "Brigade": "4",
        "Time": "2017-05-14 08:14:16",
        "Lines": "1",
        "Lon": 20.9994,
        "Lat": 52.2055
      },
      {
        "Brigade": "4",
        "Time": "2017-05-14 08:14:26",
        "Lines": "1",
        "Lon": 20.9993,
        "Lat": 52.2057
      },
      {
        "Brigade": "4",
        "Time": "2017-05-14 08:14:37",
        "Lines": "1",
        "Lon": 20.9993,
        "Lat": 52.2057
      },
      {
        "Brigade": "4",
        "Time": "2017-05-14 08:14:47",
        "Lines": "1",
        "Lon": 20.9993,
        "Lat": 52.2057
      },
      {
        "Brigade": "4",
        "Time": "2017-05-14 08:14:58",
        "Lines": "1",
        "Lon": 20.9993,
        "Lat": 52.2057
      },
      {
        "Brigade": "4",
        "Time": "2017-05-14 08:15:08",
        "Lines": "1",
        "Lon": 20.9993,
        "Lat": 52.2057
      },
      {
        "Brigade": "4",
        "Time": "2017-05-14 08:15:19",
        "Lines": "1",
        "Lon": 20.9993,
        "Lat": 52.2058
      },
      {
        "Brigade": "4",
        "Time": "2017-05-14 08:15:19",
        "Lines": "1",
        "Lon": 20.9993,
        "Lat": 52.2058
      },
      {
        "Brigade": "4",
        "Time": "2017-05-14 08:15:29",
        "Lines": "1",
        "Lon": 21.0001,
        "Lat": 52.2061
      },
      {
        "Brigade": "4",
        "Time": "2017-05-14 08:15:39",
        "Lines": "1",
        "Lon": 21.0013,
        "Lat": 52.2063
      },
      {
        "Brigade": "4",
        "Time": "2017-05-14 08:15:55",
        "Lines": "1",
        "Lon": 21.003,
        "Lat": 52.2066
      },
      {
        "Brigade": "4",
        "Time": "2017-05-14 08:16:06",
        "Lines": "1",
        "Lon": 21.0035,
        "Lat": 52.2067
      },
      {
        "Brigade": "4",
        "Time": "2017-05-14 08:16:16",
        "Lines": "1",
        "Lon": 21.004,
        "Lat": 52.2068
      },
      {
        "Brigade": "4",
        "Time": "2017-05-14 08:16:27",
        "Lines": "1",
        "Lon": 21.0041,
        "Lat": 52.2068
      },
      {
        "Brigade": "4",
        "Time": "2017-05-14 08:16:37",
        "Lines": "1",
        "Lon": 21.0042,
        "Lat": 52.2068
      },
      {
        "Brigade": "4",
        "Time": "2017-05-14 08:16:48",
        "Lines": "1",
        "Lon": 21.0056,
        "Lat": 52.2071
      },
      {
        "Brigade": "4",
        "Time": "2017-05-14 08:16:59",
        "Lines": "1",
        "Lon": 21.0072,
        "Lat": 52.2074
      },
      {
        "Brigade": "4",
        "Time": "2017-05-14 08:17:03",
        "Lines": "1",
        "Lon": 21.0078,
        "Lat": 52.2075
      },
      {
        "Brigade": "4",
        "Time": "2017-05-14 08:17:03",
        "Lines": "1",
        "Lon": 21.0078,
        "Lat": 52.2075
      },
      {
        "Brigade": "4",
        "Time": "2017-05-14 08:17:20",
        "Lines": "1",
        "Lon": 21.008,
        "Lat": 52.208
      },
      {
        "Brigade": "4",
        "Time": "2017-05-14 08:17:33",
        "Lines": "1",
        "Lon": 21.0077,
        "Lat": 52.2087
      },
      {
        "Brigade": "4",
        "Time": "2017-05-14 08:17:45",
        "Lines": "1",
        "Lon": 21.0075,
        "Lat": 52.2093
      }
    ]
  }
]
