[
  {
    "res": [
      {
        "Brigade": "2",
        "Time": "2017-05-14 08:04:09",
        "Lines": "14",
        "Lon": 20.9885,
        "Lat": 52.2255
      },
      {
        "Brigade": "2",
        "Time": "2017-05-14 08:04:19",
        "Lines": "14",
        "Lon": 20.9885,
        "Lat": 52.2255
      },
      {
        "Brigade": "2",
        "Time": "2017-05-14 08:04:29",
        "Lines": "14",
        "Lon": 20.9887,
        "Lat": 52.2253
      },
      {
        "Brigade": "2",
        "Time": "2017-05-14 08:04:34",
        "Lines": "14",
        "Lon": 20.9887,
        "Lat": 52.2252
      },
      {
        "Brigade": "2",
        "Time": "2017-05-14 08:04:34",
        "Lines": "14",
        "Lon": 20.9887,
        "Lat": 52.2252
      },
      {
        "Brigade": "2",
        "Time": "2017-05-14 08:04:54",
        "Lines": "14",
        "Lon": 20.9887,
        "Lat": 52.2252
      },
      {
        "Brigade": "2",
        "Time": "2017-05-14 08:05:04",
        "Lines": "14",
        "Lon": 20.9887,
        "Lat": 52.2252
      },
      {
        "Brigade": "2",
        "Time": "2017-05-14 08:05:14",
        "Lines": "14",
        "Lon": 20.9889,
        "Lat": 52.2248
      },
      {
        "Brigade": "2",
        "Time": "2017-05-14 08:05:24",
        "Lines": "14",
        "Lon": 20.9889,
        "Lat": 52.2247
      },
      {
        "Brigade": "2",
        "Time": "2017-05-14 08:05:34",
        "Lines": "14",
        "Lon": 20.9889,
        "Lat": 52.2247
      },
      {
        "Brigade": "2",
        "Time": "2017-05-14 08:05:44",
        "Lines": "14",
        "Lon": 20.9889,
        "Lat": 52.2247
      },
      {
        "Brigade": "2",
        "Time": "2017-05-14 08:05:54",
        "Lines": "14",
        "Lon": 20.9881,
        "Lat": 52.2242
      },
      {
        "Brigade": "2",
        "Time": "2017-05-14 08:06:10",
        "Lines": "14",
        "Lon": 20.9872,
        "Lat": 52.2232
      },
      {
        "Brigade": "2",
        "Time": "2017-05-14 08:06:19",
        "Lines": "14",
        "Lon": 20.9868,
        "Lat": 52.2227
      },
      {
        "Brigade": "2",
        "Time": "2017-05-14 08:06:29",
        "Lines": "14",
        "Lon": 20.9868,
        "Lat": 52.2227
      },
      {
        "Brigade": "2",
        "Time": "2017-05-14 08:06:29",
        "Lines": "14",
        "Lon": 20.9868,
        "Lat": 52.2227
      },
      {
        "Brigade": "2",
        "Time": "2017-05-14 08:06:35",
        "Lines": "14",
        "Lon": 20.9866,
        "Lat": 52.2224
      },
      {
        "Brigade": "2",
        "Time": "2017-05-14 08:06:54",
        "Lines": "14",
        "Lon": 20.9856,
        "Lat": 52.2213
      },
      {
        "Brigade": "2",
        "Time": "2017-05-14 08:07:04",
        "Lines": "14",
        "Lon": 20.9857,
        "Lat": 52.2212
      },
      {
        "Brigade": "2",
        "Time": "2017-05-14 08:07:14",
        "Lines": "14",
        "Lon": 20.9857,
        "Lat": 52.2212
      },
      {
        "Brigade": "2",
        "Time": "2017-05-14 08:07:24",
        "Lines": "14",
        "Lon": 20.9858,
        "Lat": 52.2212
      },
      {
        "Brigade": "2",
        "Time": "2017-05-14 08:07:39",
        "Lines": "14",
        "Lon": 20.9857,
        "Lat": 52.2211
      },
      {
        "Brigade": "2",
        "Time": "2017-05-14 08:07:49",
        "Lines": "14",
        "Lon": 20.985,
        "Lat": 52.2204
      },
      {
        "Brigade": "2",
        "Time": "2017-05-14 08:07:59",
        "Lines": "14",
        "Lon": 20.9848,
        "Lat": 52.2202
      },
      {
        "Brigade": "2",
        "Time": "2017-05-14 08:08:09",
        "Lines": "14",
        "Lon": 20.9846,
        "Lat": 52.22
      },
      {
        "Brigade": "2",
        "Time": "2017-05-14 08:08:19",
        "Lines": "14",
        "Lon": 20.9842,
        "Lat": 52.2195
      },
      {
        "Brigade": "2",
        "Time": "2017-05-14 08:08:19",
        "Lines": "14",
        "Lon": 20.9842,
        "Lat": 52.2195
      },
      {
        "Brigade": "2",
        "Time": "2017-05-14 08:08:29",
        "Lines": "14",
        "Lon": 20.9839,
        "Lat": 52.2192
      },
      {
        "Brigade": "2",
        "Time": "2017-05-14 08:08:44",
        "Lines": "14",
        "Lon": 20.9838,
        "Lat": 52.2191
      },
      {
        "Brigade": "2",
        "Time": "2017-05-14 08:08:55",
        "Lines": "14",
        "Lon": 20.9836,
        "Lat": 52.2189
      },
      {
        "Brigade": "2",
        "Time": "2017-05-14 08:09:04",
        "Lines": "14",
        "Lon": 20.9836,
        "Lat": 52.2189
      },
      {
        "Brigade": "2",
        "Time": "2017-05-14 08:09:14",
        "Lines": "14",
        "Lon": 20.9835,
        "Lat": 52.2189
      },
      {
        "Brigade": "2",
        "Time": "2017-05-14 08:09:29",
        "Lines": "14",
        "Lon": 20.9835,
        "Lat": 52.2189
      },
      {
        "Brigade": "2",
        "Time": "2017-05-14 08:09:39",
        "Lines": "14",
        "Lon": 20.9835,
        "Lat": 52.2189
      },
      {
        "Brigade": "2",
        "Time": "2017-05-14 08:09:49",
        "Lines": "14",
        "Lon": 20.9835,
        "Lat": 52.2189
      },
      {
        "Brigade": "2",
        "Time": "2017-05-14 08:09:59",
        "Lines": "14",
        "Lon": 20.983,
        "Lat": 52.2183
      },
      {
        "Brigade": "2",
        "Time": "2017-05-14 08:09:59",
        "Lines": "14",
        "Lon": 20.983,
        "Lat": 52.2183
      },
      {
        "Brigade": "2",
        "Time": "2017-05-14 08:10:09",
        "Lines": "14",
        "Lon": 20.9821,
        "Lat": 52.2173
      },
      {
        "Brigade": "2",
        "Time": "2017-05-14 08:10:24",
        "Lines": "14",
        "Lon": 20.9815,
        "Lat": 52.2166
      },
      {
        "Brigade": "2",
        "Time": "2017-05-14 08:10:29",
        "Lines": "14",
        "Lon": 20.9814,
        "Lat": 52.2166
      },
      {
        "Brigade": "2",
        "Time": "2017-05-14 08:10:44",
        "Lines": "14",
        "Lon": 20.9809,
        "Lat": 52.2159
      },
      {
        "Brigade": "2",
        "Time": "2017-05-14 08:10:54",
        "Lines": "14",
        "Lon": 20.9803,
        "Lat": 52.2152
      },
      {
        "Brigade": "2",
        "Time": "2017-05-14 08:11:09",
        "Lines": "14",
        "Lon": 20.9797,
        "Lat": 52.2145
      },
      {
        "Brigade": "2",
        "Time": "2017-05-14 08:11:19",
        "Lines": "14",
        "Lon": 20.9797,
        "Lat": 52.2145
      },
      {
        "Brigade": "2",
        "Time": "2017-05-14 08:11:29",
        "Lines": "14",
        "Lon": 20.9797,
        "Lat": 52.2145
      },
      {
        "Brigade": "2",
        "Time": "2017-05-14 08:11:39",
        "Lines": "14",
        "Lon": 20.9797,
        "Lat": 52.2145
      },
      {
        "Brigade": "2",
        "Time": "2017-05-14 08:11:49",
        "Lines": "14",
        "Lon": 20.9796,
        "Lat": 52.2145
      },
      {
        "Brigade": "2",
        "Time": "2017-05-14 08:11:49",
        "Lines": "14",
        "Lon": 20.9796,
        "Lat": 52.2145
      },
      {
        "Brigade": "2",
        "Time": "2017-05-14 08:11:59",
        "Lines": "14",
        "Lon": 20.979,
        "Lat": 52.2138
      },
      {
        "Brigade": "2",
        "Time": "2017-05-14 08:12:14",
        "Lines": "14",
        "Lon": 20.9778,
        "Lat": 52.2124
      },
      {
        "Brigade": "2",
        "Time": "2017-05-14 08:12:24",
        "Lines": "14",
        "Lon": 20.9775,
        "Lat": 52.2119
      },
      {
        "Brigade": "2",
        "Time": "2017-05-14 08:12:36",
        "Lines": "14",
        "Lon": 20.977,
        "Lat": 52.2114
      },
      {
        "Brigade": "2",
        "Time": "2017-05-14 08:12:44",
        "Lines": "14",
        "Lon": 20.977,
        "Lat": 52.2113
      },
      {
        "Brigade": "2",
        "Time": "2017-05-14 08:12:54",
        "Lines": "14",
        "Lon": 20.977,
        "Lat": 52.2113
      },
      {
        "Brigade": "2",
        "Time": "2017-05-14 08:13:09",
        "Lines": "14",
        "Lon": 20.977,
        "Lat": 52.2113
      },
      {
        "Brigade": "2",
        "Time": "2017-05-14 08:13:19",
        "Lines": "14",
        "Lon": 20.977,
        "Lat": 52.2113
      },
      {
        "Brigade": "2",
        "Time": "2017-05-14 08:13:29",
        "Lines": "14",
        "Lon": 20.9771,
        "Lat": 52.2113
      },
      {
        "Brigade": "2",
        "Time": "2017-05-14 08:13:39",
        "Lines": "14",
        "Lon": 20.9771,
        "Lat": 52.2113
      },
      {
        "Brigade": "2",
        "Time": "2017-05-14 08:13:39",
        "Lines": "14",
        "Lon": 20.9771,
        "Lat": 52.2113
      },
      {
        "Brigade": "2",
        "Time": "2017-05-14 08:13:54",
        "Lines": "14",
        "Lon": 20.9771,
        "Lat": 52.2113
      },
      {
        "Brigade": "2",
        "Time": "2017-05-14 08:14:04",
        "Lines": "14",
        "Lon": 20.9769,
        "Lat": 52.211
      },
      {
        "Brigade": "2",
        "Time": "2017-05-14 08:14:14",
        "Lines": "14",
        "Lon": 20.9778,
        "Lat": 52.2107
      },
      {
        "Brigade": "2",
        "Time": "2017-05-14 08:14:24",
        "Lines": "14",
        "Lon": 20.978,
        "Lat": 52.2106
      },
      {
        "Brigade": "2",
        "Time": "2017-05-14 08:14:34",
        "Lines": "14",
        "Lon": 20.9781,
        "Lat": 52.2106
      },
      {
        "Brigade": "2",
        "Time": "2017-05-14 08:14:49",
        "Lines": "14",
        "Lon": 20.9781,
        "Lat": 52.2106
      },
      {
        "Brigade": "2",
        "Time": "2017-05-14 08:14:59",
        "Lines": "14",
        "Lon": 20.9781,
        "Lat": 52.2106
      },
      {
        "Brigade": "2",
        "Time": "2017-05-14 08:15:09",
        "Lines": "14",
        "Lon": 20.9781,
        "Lat": 52.2106
      },
      {
        "Brigade": "2",
        "Time": "2017-05-14 08:15:19",
        "Lines": "14",
        "Lon": 20.9781,
        "Lat": 52.2106
      },
      {
        "Brigade": "2",
        "Time": "2017-05-14 08:15:19",
        "Lines": "14",
        "Lon": 20.9781,
        "Lat": 52.2106
      },
      {
        "Brigade": "2",
        "Time": "2017-05-14 08:15:29",
        "Lines": "14",
        "Lon": 20.9781,
        "Lat": 52.2106
      },
      {
        "Brigade": "2",
        "Time": "2017-05-14 08:15:44",
        "Lines": "14",
        "Lon": 20.9782,
        "Lat": 52.2106
      },
      {
        "Brigade": "2",
        "Time": "2017-05-14 08:15:54",
        "Lines": "14",
        "Lon": 20.9804,
        "Lat": 52.2104
      },
      {
        "Brigade": "2",
        "Time": "2017-05-14 08:16:04",
        "Lines": "14",
        "Lon": 20.9809,
        "Lat": 52.2102
      },
      {
        "Brigade": "2",
        "Time": "2017-05-14 08:16:14",
        "Lines": "14",
        "Lon": 20.9812,
        "Lat": 52.2099
      },
      {
        "Brigade": "2",
        "Time": "2017-05-14 08:16:27",
        "Lines": "14",
        "Lon": 20.9821,
        "Lat": 52.2099
      },
      {
        "Brigade": "2",
        "Time": "2017-05-14 08:16:34",
        "Lines": "14",
        "Lon": 20.9821,
        "Lat": 52.2099
      },
      {
        "Brigade": "2",
        "Time": "2017-05-14 08:16:49",
        "Lines": "14",
        "Lon": 20.982,
        "Lat": 52.2099
      },
      {
        "Brigade": "2",
        "Time": "2017-05-14 08:16:59",
        "Lines": "14",
        "Lon": 20.982,
        "Lat": 52.2099
      },
      {
        "Brigade": "2",
        "Time": "2017-05-14 08:17:09",
        "Lines": "14",
        "Lon": 20.982,
        "Lat": 52.2099
      },
      {
        "Brigade": "2",
        "Time": "2017-05-14 08:17:09",
        "Lines": "14",
        "Lon": 20.982,
        "Lat": 52.2099
      },
      {
        "Brigade": "2",
        "Time": "2017-05-14 08:17:19",
        "Lines": "14",
        "Lon": 20.982,
        "Lat": 52.2099
      },
      {
        "Brigade": "2",
        "Time": "2017-05-14 08:17:34",
        "Lines": "14",
        "Lon": 20.982,
        "Lat": 52.2099
      },
      {
        "Brigade": "2",
        "Time": "2017-05-14 08:17:44",
        "Lines": "14",
        "Lon": 20.982,
        "Lat": 52.2099
      }
    ]
  }
]
