[
  {
    "res": [
      {
        "Brigade": "3",
        "Time": "2017-05-14 07:20:36",
        "Lines": "14",
        "Lon": 20.9797,
        "Lat": 52.2368
      },
      {
        "Brigade": "3",
        "Time": "2017-05-14 07:20:46",
        "Lines": "14",
        "Lon": 20.9797,
        "Lat": 52.2368
      },
      {
        "Brigade": "3",
        "Time": "2017-05-14 07:20:56",
        "Lines": "14",
        "Lon": 20.9797,
        "Lat": 52.2368
      },
      {
        "Brigade": "3",
        "Time": "2017-05-14 07:21:06",
        "Lines": "14",
        "Lon": 20.9803,
        "Lat": 52.2367
      },
      {
        "Brigade": "3",
        "Time": "2017-05-14 07:21:22",
        "Lines": "14",
        "Lon": 20.9805,
        "Lat": 52.2361
      },
      {
        "Brigade": "3",
        "Time": "2017-05-14 07:21:26",
        "Lines": "14",
        "Lon": 20.9805,
        "Lat": 52.2361
      },
      {
        "Brigade": "3",
        "Time": "2017-05-14 07:21:26",
        "Lines": "14",
        "Lon": 20.9805,
        "Lat": 52.2361
      },
      {
        "Brigade": "3",
        "Time": "2017-05-14 07:21:44",
        "Lines": "14",
        "Lon": 20.9807,
        "Lat": 52.2355
      },
      {
        "Brigade": "3",
        "Time": "2017-05-14 07:21:51",
        "Lines": "14",
        "Lon": 20.981,
        "Lat": 52.2349
      },
      {
        "Brigade": "3",
        "Time": "2017-05-14 07:22:06",
        "Lines": "14",
        "Lon": 20.9819,
        "Lat": 52.2338
      },
      {
        "Brigade": "3",
        "Time": "2017-05-14 07:22:17",
        "Lines": "14",
        "Lon": 20.9821,
        "Lat": 52.2335
      },
      {
        "Brigade": "3",
        "Time": "2017-05-14 07:22:26",
        "Lines": "14",
        "Lon": 20.9821,
        "Lat": 52.2335
      },
      {
        "Brigade": "3",
        "Time": "2017-05-14 07:22:36",
        "Lines": "14",
        "Lon": 20.9821,
        "Lat": 52.2335
      },
      {
        "Brigade": "3",
        "Time": "2017-05-14 07:22:46",
        "Lines": "14",
        "Lon": 20.9825,
        "Lat": 52.2327
      },
      {
        "Brigade": "3",
        "Time": "2017-05-14 07:22:58",
        "Lines": "14",
        "Lon": 20.9833,
        "Lat": 52.2318
      },
      {
        "Brigade": "3",
        "Time": "2017-05-14 07:23:11",
        "Lines": "14",
        "Lon": 20.9839,
        "Lat": 52.2311
      },
      {
        "Brigade": "3",
        "Time": "2017-05-14 07:23:21",
        "Lines": "14",
        "Lon": 20.9841,
        "Lat": 52.2308
      },
      {
        "Brigade": "3",
        "Time": "2017-05-14 07:23:21",
        "Lines": "14",
        "Lon": 20.9841,
        "Lat": 52.2308
      },
      {
        "Brigade": "3",
        "Time": "2017-05-14 07:23:26",
        "Lines": "14",
        "Lon": 20.9841,
        "Lat": 52.2308
      },
      {
        "Brigade": "3",
        "Time": "2017-05-14 07:23:41",
        "Lines": "14",
        "Lon": 20.9846,
        "Lat": 52.2302
      },
      {
        "Brigade": "3",
        "Time": "2017-05-14 07:23:56",
        "Lines": "14",
        "Lon": 20.9857,
        "Lat": 52.229
      },
      {
        "Brigade": "3",
        "Time": "2017-05-14 07:24:06",
        "Lines": "14",
        "Lon": 20.9864,
        "Lat": 52.2281
      },
      {
        "Brigade": "3",
        "Time": "2017-05-14 07:24:16",
        "Lines": "14",
        "Lon": 20.9872,
        "Lat": 52.2272
      },
      {
        "Brigade": "3",
        "Time": "2017-05-14 07:24:27",
        "Lines": "14",
        "Lon": 20.9879,
        "Lat": 52.2263
      },
      {
        "Brigade": "3",
        "Time": "2017-05-14 07:24:37",
        "Lines": "14",
        "Lon": 20.9881,
        "Lat": 52.2261
      },
      {
        "Brigade": "3",
        "Time": "2017-05-14 07:24:46",
        "Lines": "14",
        "Lon": 20.9884,
        "Lat": 52.2257
      },
      {
        "Brigade": "3",
        "Time": "2017-05-14 07:25:01",
        "Lines": "14",
        "Lon": 20.9886,
        "Lat": 52.2255
      },
      {
        "Brigade": "3",
        "Time": "2017-05-14 07:25:11",
        "Lines": "14",
        "Lon": 20.9886,
        "Lat": 52.2254
      },
      {
        "Brigade": "3",
        "Time": "2017-05-14 07:25:11",
        "Lines": "14",
        "Lon": 20.9886,
        "Lat": 52.2254
      },
      {
        "Brigade": "3",
        "Time": "2017-05-14 07:25:21",
        "Lines": "14",
        "Lon": 20.9886,
        "Lat": 52.2254
      },
      {
        "Brigade": "3",
        "Time": "2017-05-14 07:25:26",
        "Lines": "14",
        "Lon": 20.9886,
        "Lat": 52.2254
      },
      {
        "Brigade": "3",
        "Time": "2017-05-14 07:25:41",
        "Lines": "14",
        "Lon": 20.9888,
        "Lat": 52.2252
      },
      {
        "Brigade": "3",
        "Time": "2017-05-14 07:25:56",
        "Lines": "14",
        "Lon": 20.9888,
        "Lat": 52.2252
      },
      {
        "Brigade": "3",
        "Time": "2017-05-14 07:26:06",
        "Lines": "14",
        "Lon": 20.9888,
        "Lat": 52.2252
      },
      {
        "Brigade": "3",
        "Time": "2017-05-14 07:26:16",
        "Lines": "14",
        "Lon": 20.989,
        "Lat": 52.2249
      },
      {
        "Brigade": "3",
        "Time": "2017-05-14 07:26:27",
        "Lines": "14",
        "Lon": 20.9889,
        "Lat": 52.2247
      },
      {
        "Brigade": "3",
        "Time": "2017-05-14 07:26:41",
        "Lines": "14",
        "Lon": 20.9889,
        "Lat": 52.2247
      },
      {
        "Brigade": "3",
        "Time": "2017-05-14 07:26:51",
        "Lines": "14",
        "Lon": 20.9889,
        "Lat": 52.2247
      },
      {
        "Brigade": "3",
        "Time": "2017-05-14 07:27:01",
        "Lines": "14",
        "Lon": 20.9882,
        "Lat": 52.2242
      },
      {
        "Brigade": "3",
        "Time": "2017-05-14 07:27:01",
        "Lines": "14",
        "Lon": 20.9882,
        "Lat": 52.2242
      },
      {
        "Brigade": "3",
        "Time": "2017-05-14 07:27:11",
        "Lines": "14",
        "Lon": 20.9873,
        "Lat": 52.2233
      },
      {
        "Brigade": "3",
        "Time": "2017-05-14 07:27:24",
        "Lines": "14",
        "Lon": 20.9868,
        "Lat": 52.2227
      },
      {
        "Brigade": "3",
        "Time": "2017-05-14 07:27:36",
        "Lines": "14",
        "Lon": 20.9868,
        "Lat": 52.2227
      },
      {
        "Brigade": "3",
        "Time": "2017-05-14 07:27:46",
        "Lines": "14",
        "Lon": 20.9862,
        "Lat": 52.222
      },
      {
        "Brigade": "3",
        "Time": "2017-05-14 07:27:56",
        "Lines": "14",
        "Lon": 20.9854,
        "Lat": 52.221
      },
      {
        "Brigade": "3",
        "Time": "2017-05-14 07:28:06",
        "Lines": "14",
        "Lon": 20.9847,
        "Lat": 52.2202
      },
      {
        "Brigade": "3",
        "Time": "2017-05-14 07:28:18",
        "Lines": "14",
        "Lon": 20.9844,
        "Lat": 52.2199
      },
      {
        "Brigade": "3",
        "Time": "2017-05-14 07:28:26",
        "Lines": "14",
        "Lon": 20.9844,
        "Lat": 52.2199
      },
      {
        "Brigade": "3",
        "Time": "2017-05-14 07:28:41",
        "Lines": "14",
        "Lon": 20.9844,
        "Lat": 52.2199
      },
      {
        "Brigade": "3",
        "Time": "2017-05-14 07:28:41",
        "Lines": "14",
        "Lon": 20.9844,
        "Lat": 52.2199
      },
      {
        "Brigade": "3",
        "Time": "2017-05-14 07:28:54",
        "Lines": "14",
        "Lon": 20.9842,
        "Lat": 52.2196
      },
      {
        "Brigade": "3",
        "Time": "2017-05-14 07:29:01",
        "Lines": "14",
        "Lon": 20.9841,
        "Lat": 52.2194
      },
      {
        "Brigade": "3",
        "Time": "2017-05-14 07:29:11",
        "Lines": "14",
        "Lon": 20.9837,
        "Lat": 52.219
      },
      {
        "Brigade": "3",
        "Time": "2017-05-14 07:29:26",
        "Lines": "14",
        "Lon": 20.9836,
        "Lat": 52.2189
      },
      {
        "Brigade": "3",
        "Time": "2017-05-14 07:29:36",
        "Lines": "14",
        "Lon": 20.9835,
        "Lat": 52.2188
      },
      {
        "Brigade": "3",
        "Time": "2017-05-14 07:29:46",
        "Lines": "14",
        "Lon": 20.9833,
        "Lat": 52.2184
      },
      {
        "Brigade": "3",
        "Time": "2017-05-14 07:29:56",
        "Lines": "14",
        "Lon": 20.9837,
        "Lat": 52.2183
      },
      {
        "Brigade": "3",
        "Time": "2017-05-14 07:30:06",
        "Lines": "14",
        "Lon": 20.9843,
        "Lat": 52.2185
      },
      {
        "Brigade": "3",
        "Time": "2017-05-14 07:30:21",
        "Lines": "14",
        "Lon": 20.9846,
        "Lat": 52.2189
      },
      {
        "Brigade": "3",
        "Time": "2017-05-14 07:30:31",
        "Lines": "14",
        "Lon": 20.9847,
        "Lat": 52.2189
      },
      {
        "Brigade": "3",
        "Time": "2017-05-14 07:30:31",
        "Lines": "14",
        "Lon": 20.9847,
        "Lat": 52.2189
      },
      {
        "Brigade": "3",
        "Time": "2017-05-14 07:30:41",
        "Lines": "14",
        "Lon": 20.9847,
        "Lat": 52.2189
      },
      {
        "Brigade": "3",
        "Time": "2017-05-14 07:30:51",
        "Lines": "14",
        "Lon": 20.9847,
        "Lat": 52.2189
      },
      {
        "Brigade": "3",
        "Time": "2017-05-14 07:31:01",
        "Lines": "14",
        "Lon": 20.9847,
        "Lat": 52.2189
      },
      {
        "Brigade": "3",
        "Time": "2017-05-14 07:31:16",
        "Lines": "14",
        "Lon": 20.9847,
        "Lat": 52.2189
      },
      {
        "Brigade": "3",
        "Time": "2017-05-14 07:31:26",
        "Lines": "14",
        "Lon": 20.9848,
        "Lat": 52.2191
      },
      {
        "Brigade": "3",
        "Time": "2017-05-14 07:31:36",
        "Lines": "14",
        "Lon": 20.9854,
        "Lat": 52.2194
      },
      {
        "Brigade": "3",
        "Time": "2017-05-14 07:31:46",
        "Lines": "14",
        "Lon": 20.9862,
        "Lat": 52.2194
      },
      {
        "Brigade": "3",
        "Time": "2017-05-14 07:32:02",
        "Lines": "14",
        "Lon": 20.9878,
        "Lat": 52.2194
      },
      {
        "Brigade": "3",
        "Time": "2017-05-14 07:32:11",
        "Lines": "14",
        "Lon": 20.9887,
        "Lat": 52.2193
      },
      {
        "Brigade": "3",
        "Time": "2017-05-14 07:32:21",
        "Lines": "14",
        "Lon": 20.989,
        "Lat": 52.2193
      },
      {
        "Brigade": "3",
        "Time": "2017-05-14 07:32:21",
        "Lines": "14",
        "Lon": 20.989,
        "Lat": 52.2193
      },
      {
        "Brigade": "3",
        "Time": "2017-05-14 07:32:31",
        "Lines": "14",
        "Lon": 20.989,
        "Lat": 52.2193
      },
      {
        "Brigade": "3",
        "Time": "2017-05-14 07:32:41",
        "Lines": "14",
        "Lon": 20.9891,
        "Lat": 52.2193
      },
      {
        "Brigade": "3",
        "Time": "2017-05-14 07:32:56",
        "Lines": "14",
        "Lon": 20.9891,
        "Lat": 52.2193
      },
      {
        "Brigade": "3",
        "Time": "2017-05-14 07:33:06",
        "Lines": "14",
        "Lon": 20.9891,
        "Lat": 52.2193
      },
      {
        "Brigade": "3",
        "Time": "2017-05-14 07:33:16",
        "Lines": "14",
        "Lon": 20.9891,
        "Lat": 52.2193
      },
      {
        "Brigade": "3",
        "Time": "2017-05-14 07:33:26",
        "Lines": "14",
        "Lon": 20.9891,
        "Lat": 52.2193
      },
      {
        "Brigade": "3",
        "Time": "2017-05-14 07:33:36",
        "Lines": "14",
        "Lon": 20.9899,
        "Lat": 52.2192
      },
      {
        "Brigade": "3",
        "Time": "2017-05-14 07:33:46",
        "Lines": "14",
        "Lon": 20.992,
        "Lat": 52.2192
      },
      {
        "Brigade": "3",
        "Time": "2017-05-14 07:34:02",
        "Lines": "14",
        "Lon": 20.9949,
        "Lat": 52.2191
      },
      {
        "Brigade": "3",
        "Time": "2017-05-14 07:34:11",
        "Lines": "14",
        "Lon": 20.9965,
        "Lat": 52.2191
      },
      {
        "Brigade": "3",
        "Time": "2017-05-14 07:34:11",
        "Lines": "14",
        "Lon": 20.9965,
        "Lat": 52.2191
      },
      {
        "Brigade": "3",
        "Time": "2017-05-14 07:34:21",
        "Lines": "14",
        "Lon": 20.9982,
        "Lat": 52.219
      },
      {
        "Brigade": "3",
        "Time": "2017-05-14 07:34:33",
        "Lines": "14",
        "Lon": 20.9992,
        "Lat": 52.219
      },
      {
        "Brigade": "3",
        "Time": "2017-05-14 07:34:41",
        "Lines": "14",
        "Lon": 20.9993,
        "Lat": 52.219
      },
      {
        "Brigade": "3",
        "Time": "2017-05-14 07:34:56",
        "Lines": "14",
        "Lon": 20.9999,
        "Lat": 52.2195
      },
      {
        "Brigade": "3",
        "Time": "2017-05-14 07:35:06",
        "Lines": "14",
        "Lon": 20.9999,
        "Lat": 52.22
      },
      {
        "Brigade": "3",
        "Time": "2017-05-14 07:35:16",
        "Lines": "14",
        "Lon": 21.0004,
        "Lat": 52.2203
      },
      {
        "Brigade": "3",
        "Time": "2017-05-14 07:35:26",
        "Lines": "14",
        "Lon": 21.0014,
        "Lat": 52.2203
      },
      {
        "Brigade": "3",
        "Time": "2017-05-14 07:35:37",
        "Lines": "14",
        "Lon": 21.0027,
        "Lat": 52.2203
      },
      {
        "Brigade": "3",
        "Time": "2017-05-14 07:35:51",
        "Lines": "14",
        "Lon": 21.0042,
        "Lat": 52.2203
      },
      {
        "Brigade": "3",
        "Time": "2017-05-14 07:36:01",
        "Lines": "14",
        "Lon": 21.0043,
        "Lat": 52.2203
      },
      {
        "Brigade": "3",
        "Time": "2017-05-14 07:36:01",
        "Lines": "14",
        "Lon": 21.0043,
        "Lat": 52.2203
      },
      {
        "Brigade": "3",
        "Time": "2017-05-14 07:36:11",
        "Lines": "14",
        "Lon": 21.0043,
        "Lat": 52.2203
      },
      {
        "Brigade": "3",
        "Time": "2017-05-14 07:36:21",
        "Lines": "14",
        "Lon": 21.0043,
        "Lat": 52.2203
      },
      {
        "Brigade": "3",
        "Time": "2017-05-14 07:36:36",
        "Lines": "14",
        "Lon": 21.0043,
        "Lat": 52.2203
      },
      {
        "Brigade": "3",
        "Time": "2017-05-14 07:36:46",
        "Lines": "14",
        "Lon": 21.0043,
        "Lat": 52.2202
      },
      {
        "Brigade": "3",
        "Time": "2017-05-14 07:36:56",
        "Lines": "14",
        "Lon": 21.0043,
        "Lat": 52.2202
      },
      {
        "Brigade": "3",
        "Time": "2017-05-14 07:37:06",
        "Lines": "14",
        "Lon": 21.0043,
        "Lat": 52.2201
      },
      {
        "Brigade": "3",
        "Time": "2017-05-14 07:37:16",
        "Lines": "14",
        "Lon": 21.0043,
        "Lat": 52.2201
      },
      {
        "Brigade": "3",
        "Time": "2017-05-14 07:37:26",
        "Lines": "14",
        "Lon": 21.0043,
        "Lat": 52.2201
      },
      {
        "Brigade": "3",
        "Time": "2017-05-14 07:37:41",
        "Lines": "14",
        "Lon": 21.0048,
        "Lat": 52.2202
      },
      {
        "Brigade": "3",
        "Time": "2017-05-14 07:37:52",
        "Lines": "14",
        "Lon": 21.0057,
        "Lat": 52.2202
      },
      {
        "Brigade": "3",
        "Time": "2017-05-14 07:37:52",
        "Lines": "14",
        "Lon": 21.0057,
        "Lat": 52.2202
      },
      {
        "Brigade": "3",
        "Time": "2017-05-14 07:38:01",
        "Lines": "14",
        "Lon": 21.0073,
        "Lat": 52.2202
      },
      {
        "Brigade": "3",
        "Time": "2017-05-14 07:38:11",
        "Lines": "14",
        "Lon": 21.0093,
        "Lat": 52.2202
      },
      {
        "Brigade": "3",
        "Time": "2017-05-14 07:38:22",
        "Lines": "14",
        "Lon": 21.011,
        "Lat": 52.2201
      },
      {
        "Brigade": "3",
        "Time": "2017-05-14 07:38:36",
        "Lines": "14",
        "Lon": 21.0115,
        "Lat": 52.2201
      },
      {
        "Brigade": "3",
        "Time": "2017-05-14 07:38:46",
        "Lines": "14",
        "Lon": 21.0115,
        "Lat": 52.2201
      },
      {
        "Brigade": "3",
        "Time": "2017-05-14 07:38:56",
        "Lines": "14",
        "Lon": 21.0116,
        "Lat": 52.2201
      },
      {
        "Brigade": "3",
        "Time": "2017-05-14 07:39:06",
        "Lines": "14",
        "Lon": 21.0128,
        "Lat": 52.2201
      },
      {
        "Brigade": "3",
        "Time": "2017-05-14 07:39:21",
        "Lines": "14",
        "Lon": 21.0149,
        "Lat": 52.22
      },
      {
        "Brigade": "3",
        "Time": "2017-05-14 07:39:21",
        "Lines": "14",
        "Lon": 21.0149,
        "Lat": 52.22
      },
      {
        "Brigade": "3",
        "Time": "2017-05-14 07:39:21",
        "Lines": "14",
        "Lon": 21.0149,
        "Lat": 52.22
      },
      {
        "Brigade": "3",
        "Time": "2017-05-14 07:39:21",
        "Lines": "14",
        "Lon": 21.0149,
        "Lat": 52.22
      },
      {
        "Brigade": "3",
        "Time": "2017-05-14 07:39:21",
        "Lines": "14",
        "Lon": 21.0149,
        "Lat": 52.22
      },
      {
        "Brigade": "3",
        "Time": "2017-05-14 07:39:21",
        "Lines": "14",
        "Lon": 21.0149,
        "Lat": 52.22
      },
      {
        "Brigade": "3",
        "Time": "2017-05-14 07:39:21",
        "Lines": "14",
        "Lon": 21.0149,
        "Lat": 52.22
      },
      {
        "Brigade": "3",
        "Time": "2017-05-14 07:39:21",
        "Lines": "14",
        "Lon": 21.0149,
        "Lat": 52.22
      },
      {
        "Brigade": "3",
        "Time": "2017-05-14 07:40:36",
        "Lines": "14",
        "Lon": 21.0179,
        "Lat": 52.2196
      },
      {
        "Brigade": "3",
        "Time": "2017-05-14 07:40:47",
        "Lines": "14",
        "Lon": 21.0189,
        "Lat": 52.218
      },
      {
        "Brigade": "3",
        "Time": "2017-05-14 07:41:00",
        "Lines": "14",
        "Lon": 21.0193,
        "Lat": 52.2174
      },
      {
        "Brigade": "3",
        "Time": "2017-05-14 07:41:07",
        "Lines": "14",
        "Lon": 21.0193,
        "Lat": 52.2174
      },
      {
        "Brigade": "3",
        "Time": "2017-05-14 07:41:22",
        "Lines": "14",
        "Lon": 21.0198,
        "Lat": 52.2166
      },
      {
        "Brigade": "3",
        "Time": "2017-05-14 07:41:26",
        "Lines": "14",
        "Lon": 21.0201,
        "Lat": 52.2161
      },
      {
        "Brigade": "3",
        "Time": "2017-05-14 07:41:26",
        "Lines": "14",
        "Lon": 21.0201,
        "Lat": 52.2161
      },
      {
        "Brigade": "3",
        "Time": "2017-05-14 07:41:41",
        "Lines": "14",
        "Lon": 21.021,
        "Lat": 52.2146
      },
      {
        "Brigade": "3",
        "Time": "2017-05-14 07:41:53",
        "Lines": "14",
        "Lon": 21.0213,
        "Lat": 52.214
      },
      {
        "Brigade": "3",
        "Time": "2017-05-14 07:42:06",
        "Lines": "14",
        "Lon": 21.0213,
        "Lat": 52.214
      },
      {
        "Brigade": "3",
        "Time": "2017-05-14 07:42:16",
        "Lines": "14",
        "Lon": 21.0214,
        "Lat": 52.2139
      },
      {
        "Brigade": "3",
        "Time": "2017-05-14 07:42:26",
        "Lines": "14",
        "Lon": 21.0214,
        "Lat": 52.2131
      },
      {
        "Brigade": "3",
        "Time": "2017-05-14 07:42:36",
        "Lines": "14",
        "Lon": 21.0209,
        "Lat": 52.2122
      },
      {
        "Brigade": "3",
        "Time": "2017-05-14 07:42:46",
        "Lines": "14",
        "Lon": 21.0205,
        "Lat": 52.2113
      },
      {
        "Brigade": "3",
        "Time": "2017-05-14 07:42:56",
        "Lines": "14",
        "Lon": 21.0209,
        "Lat": 52.2102
      },
      {
        "Brigade": "3",
        "Time": "2017-05-14 07:43:11",
        "Lines": "14",
        "Lon": 21.0211,
        "Lat": 52.2099
      },
      {
        "Brigade": "3",
        "Time": "2017-05-14 07:43:11",
        "Lines": "14",
        "Lon": 21.0211,
        "Lat": 52.2099
      },
      {
        "Brigade": "3",
        "Time": "2017-05-14 07:43:21",
        "Lines": "14",
        "Lon": 21.0211,
        "Lat": 52.2099
      },
      {
        "Brigade": "3",
        "Time": "2017-05-14 07:43:31",
        "Lines": "14",
        "Lon": 21.0211,
        "Lat": 52.2099
      },
      {
        "Brigade": "3",
        "Time": "2017-05-14 07:43:46",
        "Lines": "14",
        "Lon": 21.0211,
        "Lat": 52.21
      },
      {
        "Brigade": "3",
        "Time": "2017-05-14 07:43:56",
        "Lines": "14",
        "Lon": 21.0212,
        "Lat": 52.2096
      },
      {
        "Brigade": "3",
        "Time": "2017-05-14 07:44:06",
        "Lines": "14",
        "Lon": 21.0214,
        "Lat": 52.209
      },
      {
        "Brigade": "3",
        "Time": "2017-05-14 07:44:16",
        "Lines": "14",
        "Lon": 21.0215,
        "Lat": 52.209
      },
      {
        "Brigade": "3",
        "Time": "2017-05-14 07:44:26",
        "Lines": "14",
        "Lon": 21.0215,
        "Lat": 52.2089
      },
      {
        "Brigade": "3",
        "Time": "2017-05-14 07:44:41",
        "Lines": "14",
        "Lon": 21.022,
        "Lat": 52.2076
      },
      {
        "Brigade": "3",
        "Time": "2017-05-14 07:44:51",
        "Lines": "14",
        "Lon": 21.0225,
        "Lat": 52.2062
      },
      {
        "Brigade": "3",
        "Time": "2017-05-14 07:45:03",
        "Lines": "14",
        "Lon": 21.0228,
        "Lat": 52.2056
      },
      {
        "Brigade": "3",
        "Time": "2017-05-14 07:45:03",
        "Lines": "14",
        "Lon": 21.0228,
        "Lat": 52.2056
      },
      {
        "Brigade": "3",
        "Time": "2017-05-14 07:45:11",
        "Lines": "14",
        "Lon": 21.0228,
        "Lat": 52.2056
      },
      {
        "Brigade": "3",
        "Time": "2017-05-14 07:45:26",
        "Lines": "14",
        "Lon": 21.0229,
        "Lat": 52.2056
      },
      {
        "Brigade": "3",
        "Time": "2017-05-14 07:45:36",
        "Lines": "14",
        "Lon": 21.0229,
        "Lat": 52.2056
      },
      {
        "Brigade": "3",
        "Time": "2017-05-14 07:45:46",
        "Lines": "14",
        "Lon": 21.0229,
        "Lat": 52.2056
      },
      {
        "Brigade": "3",
        "Time": "2017-05-14 07:45:56",
        "Lines": "14",
        "Lon": 21.0229,
        "Lat": 52.2056
      },
      {
        "Brigade": "3",
        "Time": "2017-05-14 07:46:06",
        "Lines": "14",
        "Lon": 21.0229,
        "Lat": 52.2056
      },
      {
        "Brigade": "3",
        "Time": "2017-05-14 07:46:16",
        "Lines": "14",
        "Lon": 21.023,
        "Lat": 52.2051
      },
      {
        "Brigade": "3",
        "Time": "2017-05-14 07:46:31",
        "Lines": "14",
        "Lon": 21.023,
        "Lat": 52.2048
      },
      {
        "Brigade": "3",
        "Time": "2017-05-14 07:46:41",
        "Lines": "14",
        "Lon": 21.023,
        "Lat": 52.2046
      },
      {
        "Brigade": "3",
        "Time": "2017-05-14 07:46:41",
        "Lines": "14",
        "Lon": 21.023,
        "Lat": 52.2046
      },
      {
        "Brigade": "3",
        "Time": "2017-05-14 07:46:51",
        "Lines": "14",
        "Lon": 21.0232,
        "Lat": 52.2036
      },
      {
        "Brigade": "3",
        "Time": "2017-05-14 07:47:01",
        "Lines": "14",
        "Lon": 21.0234,
        "Lat": 52.2026
      },
      {
        "Brigade": "3",
        "Time": "2017-05-14 07:47:16",
        "Lines": "14",
        "Lon": 21.0235,
        "Lat": 52.2021
      },
      {
        "Brigade": "3",
        "Time": "2017-05-14 07:47:26",
        "Lines": "14",
        "Lon": 21.0235,
        "Lat": 52.2021
      },
      {
        "Brigade": "3",
        "Time": "2017-05-14 07:47:36",
        "Lines": "14",
        "Lon": 21.0236,
        "Lat": 52.2015
      },
      {
        "Brigade": "3",
        "Time": "2017-05-14 07:47:46",
        "Lines": "14",
        "Lon": 21.0237,
        "Lat": 52.2006
      },
      {
        "Brigade": "3",
        "Time": "2017-05-14 07:47:57",
        "Lines": "14",
        "Lon": 21.0238,
        "Lat": 52.2003
      },
      {
        "Brigade": "3",
        "Time": "2017-05-14 07:48:11",
        "Lines": "14",
        "Lon": 21.0238,
        "Lat": 52.2002
      },
      {
        "Brigade": "3",
        "Time": "2017-05-14 07:48:21",
        "Lines": "14",
        "Lon": 21.0239,
        "Lat": 52.1994
      },
      {
        "Brigade": "3",
        "Time": "2017-05-14 07:48:31",
        "Lines": "14",
        "Lon": 21.024,
        "Lat": 52.1985
      },
      {
        "Brigade": "3",
        "Time": "2017-05-14 07:48:31",
        "Lines": "14",
        "Lon": 21.024,
        "Lat": 52.1985
      },
      {
        "Brigade": "3",
        "Time": "2017-05-14 07:48:41",
        "Lines": "14",
        "Lon": 21.0241,
        "Lat": 52.1975
      },
      {
        "Brigade": "3",
        "Time": "2017-05-14 07:48:51",
        "Lines": "14",
        "Lon": 21.0241,
        "Lat": 52.1974
      },
      {
        "Brigade": "3",
        "Time": "2017-05-14 07:49:06",
        "Lines": "14",
        "Lon": 21.0241,
        "Lat": 52.1973
      },
      {
        "Brigade": "3",
        "Time": "2017-05-14 07:49:16",
        "Lines": "14",
        "Lon": 21.0242,
        "Lat": 52.1966
      },
      {
        "Brigade": "3",
        "Time": "2017-05-14 07:49:26",
        "Lines": "14",
        "Lon": 21.0242,
        "Lat": 52.1965
      },
      {
        "Brigade": "3",
        "Time": "2017-05-14 07:49:36",
        "Lines": "14",
        "Lon": 21.0242,
        "Lat": 52.1964
      },
      {
        "Brigade": "3",
        "Time": "2017-05-14 07:49:46",
        "Lines": "14",
        "Lon": 21.0242,
        "Lat": 52.1956
      },
      {
        "Brigade": "3",
        "Time": "2017-05-14 07:50:01",
        "Lines": "14",
        "Lon": 21.0243,
        "Lat": 52.1948
      },
      {
        "Brigade": "3",
        "Time": "2017-05-14 07:50:12",
        "Lines": "14",
        "Lon": 21.0243,
        "Lat": 52.1948
      },
      {
        "Brigade": "3",
        "Time": "2017-05-14 07:50:21",
        "Lines": "14",
        "Lon": 21.0243,
        "Lat": 52.1948
      },
      {
        "Brigade": "3",
        "Time": "2017-05-14 07:50:21",
        "Lines": "14",
        "Lon": 21.0243,
        "Lat": 52.1948
      },
      {
        "Brigade": "3",
        "Time": "2017-05-14 07:50:31",
        "Lines": "14",
        "Lon": 21.0243,
        "Lat": 52.1943
      },
      {
        "Brigade": "3",
        "Time": "2017-05-14 07:50:41",
        "Lines": "14",
        "Lon": 21.0243,
        "Lat": 52.1939
      },
      {
        "Brigade": "3",
        "Time": "2017-05-14 07:50:51",
        "Lines": "14",
        "Lon": 21.0243,
        "Lat": 52.1939
      },
      {
        "Brigade": "3",
        "Time": "2017-05-14 07:51:06",
        "Lines": "14",
        "Lon": 21.0244,
        "Lat": 52.1929
      },
      {
        "Brigade": "3",
        "Time": "2017-05-14 07:51:16",
        "Lines": "14",
        "Lon": 21.0244,
        "Lat": 52.1922
      },
      {
        "Brigade": "3",
        "Time": "2017-05-14 07:51:26",
        "Lines": "14",
        "Lon": 21.0244,
        "Lat": 52.1922
      },
      {
        "Brigade": "3",
        "Time": "2017-05-14 07:51:41",
        "Lines": "14",
        "Lon": 21.0244,
        "Lat": 52.1922
      },
      {
        "Brigade": "3",
        "Time": "2017-05-14 07:51:51",
        "Lines": "14",
        "Lon": 21.0244,
        "Lat": 52.1921
      },
      {
        "Brigade": "3",
        "Time": "2017-05-14 07:52:01",
        "Lines": "14",
        "Lon": 21.0245,
        "Lat": 52.1912
      },
      {
        "Brigade": "3",
        "Time": "2017-05-14 07:52:01",
        "Lines": "14",
        "Lon": 21.0245,
        "Lat": 52.1912
      },
      {
        "Brigade": "3",
        "Time": "2017-05-14 07:52:11",
        "Lines": "14",
        "Lon": 21.0245,
        "Lat": 52.1903
      },
      {
        "Brigade": "3",
        "Time": "2017-05-14 07:52:21",
        "Lines": "14",
        "Lon": 21.0245,
        "Lat": 52.1902
      },
      {
        "Brigade": "3",
        "Time": "2017-05-14 07:52:36",
        "Lines": "14",
        "Lon": 21.0245,
        "Lat": 52.1902
      },
      {
        "Brigade": "3",
        "Time": "2017-05-14 07:52:46",
        "Lines": "14",
        "Lon": 21.0246,
        "Lat": 52.1895
      },
      {
        "Brigade": "3",
        "Time": "2017-05-14 07:52:56",
        "Lines": "14",
        "Lon": 21.0246,
        "Lat": 52.1887
      },
      {
        "Brigade": "3",
        "Time": "2017-05-14 07:53:06",
        "Lines": "14",
        "Lon": 21.0247,
        "Lat": 52.1876
      },
      {
        "Brigade": "3",
        "Time": "2017-05-14 07:53:21",
        "Lines": "14",
        "Lon": 21.0247,
        "Lat": 52.1866
      },
      {
        "Brigade": "3",
        "Time": "2017-05-14 07:53:26",
        "Lines": "14",
        "Lon": 21.0247,
        "Lat": 52.1866
      },
      {
        "Brigade": "3",
        "Time": "2017-05-14 07:53:41",
        "Lines": "14",
        "Lon": 21.0246,
        "Lat": 52.1862
      },
      {
        "Brigade": "3",
        "Time": "2017-05-14 07:53:41",
        "Lines": "14",
        "Lon": 21.0246,
        "Lat": 52.1862
      },
      {
        "Brigade": "3",
        "Time": "2017-05-14 07:53:51",
        "Lines": "14",
        "Lon": 21.0242,
        "Lat": 52.1851
      },
      {
        "Brigade": "3",
        "Time": "2017-05-14 07:54:05",
        "Lines": "14",
        "Lon": 21.0238,
        "Lat": 52.1841
      },
      {
        "Brigade": "3",
        "Time": "2017-05-14 07:54:16",
        "Lines": "14",
        "Lon": 21.0236,
        "Lat": 52.1836
      },
      {
        "Brigade": "3",
        "Time": "2017-05-14 07:54:25",
        "Lines": "14",
        "Lon": 21.0234,
        "Lat": 52.1828
      },
      {
        "Brigade": "3",
        "Time": "2017-05-14 07:54:36",
        "Lines": "14",
        "Lon": 21.0229,
        "Lat": 52.1818
      },
      {
        "Brigade": "3",
        "Time": "2017-05-14 07:54:49",
        "Lines": "14",
        "Lon": 21.0227,
        "Lat": 52.1812
      },
      {
        "Brigade": "3",
        "Time": "2017-05-14 07:54:56",
        "Lines": "14",
        "Lon": 21.0227,
        "Lat": 52.1812
      },
      {
        "Brigade": "3",
        "Time": "2017-05-14 07:55:11",
        "Lines": "14",
        "Lon": 21.0227,
        "Lat": 52.1813
      },
      {
        "Brigade": "3",
        "Time": "2017-05-14 07:55:21",
        "Lines": "14",
        "Lon": 21.0226,
        "Lat": 52.1811
      },
      {
        "Brigade": "3",
        "Time": "2017-05-14 07:55:31",
        "Lines": "14",
        "Lon": 21.0223,
        "Lat": 52.1811
      },
      {
        "Brigade": "3",
        "Time": "2017-05-14 07:55:31",
        "Lines": "14",
        "Lon": 21.0223,
        "Lat": 52.1811
      },
      {
        "Brigade": "3",
        "Time": "2017-05-14 07:55:41",
        "Lines": "14",
        "Lon": 21.0219,
        "Lat": 52.1808
      },
      {
        "Brigade": "3",
        "Time": "2017-05-14 07:55:56",
        "Lines": "14",
        "Lon": 21.0218,
        "Lat": 52.1807
      },
      {
        "Brigade": "3",
        "Time": "2017-05-14 07:56:06",
        "Lines": "14",
        "Lon": 21.0218,
        "Lat": 52.1807
      },
      {
        "Brigade": "3",
        "Time": "2017-05-14 07:56:16",
        "Lines": "14",
        "Lon": 21.0218,
        "Lat": 52.1807
      },
      {
        "Brigade": "3",
        "Time": "2017-05-14 07:56:26",
        "Lines": "14",
        "Lon": 21.0218,
        "Lat": 52.1807
      },
      {
        "Brigade": "3",
        "Time": "2017-05-14 07:56:36",
        "Lines": "14",
        "Lon": 21.0218,
        "Lat": 52.1808
      },
      {
        "Brigade": "3",
        "Time": "2017-05-14 07:56:46",
        "Lines": "14",
        "Lon": 21.0218,
        "Lat": 52.1808
      },
      {
        "Brigade": "3",
        "Time": "2017-05-14 07:57:01",
        "Lines": "14",
        "Lon": 21.0218,
        "Lat": 52.1808
      },
      {
        "Brigade": "3",
        "Time": "2017-05-14 07:57:11",
        "Lines": "14",
        "Lon": 21.0218,
        "Lat": 52.1807
      },
      {
        "Brigade": "3",
        "Time": "2017-05-14 07:57:21",
        "Lines": "14",
        "Lon": 21.0218,
        "Lat": 52.1807
      },
      {
        "Brigade": "3",
        "Time": "2017-05-14 07:57:21",
        "Lines": "14",
        "Lon": 21.0218,
        "Lat": 52.1807
      },
      {
        "Brigade": "3",
        "Time": "2017-05-14 07:57:31",
        "Lines": "14",
        "Lon": 21.0218,
        "Lat": 52.1807
      },
      {
        "Brigade": "3",
        "Time": "2017-05-14 07:57:41",
        "Lines": "14",
        "Lon": 21.0218,
        "Lat": 52.1807
      },
      {
        "Brigade": "3",
        "Time": "2017-05-14 07:57:56",
        "Lines": "14",
        "Lon": 21.0218,
        "Lat": 52.1807
      },
      {
        "Brigade": "3",
        "Time": "2017-05-14 07:58:06",
        "Lines": "14",
        "Lon": 21.0217,
        "Lat": 52.1807
      },
      {
        "Brigade": "3",
        "Time": "2017-05-14 07:58:16",
        "Lines": "14",
        "Lon": 21.0217,
        "Lat": 52.1807
      },
      {
        "Brigade": "3",
        "Time": "2017-05-14 07:58:26",
        "Lines": "14",
        "Lon": 21.0217,
        "Lat": 52.1807
      },
      {
        "Brigade": "3",
        "Time": "2017-05-14 07:58:36",
        "Lines": "14",
        "Lon": 21.0217,
        "Lat": 52.1807
      },
      {
        "Brigade": "3",
        "Time": "2017-05-14 07:58:51",
        "Lines": "14",
        "Lon": 21.0217,
        "Lat": 52.1806
      },
      {
        "Brigade": "3",
        "Time": "2017-05-14 07:59:01",
        "Lines": "14",
        "Lon": 21.0217,
        "Lat": 52.1806
      },
      {
        "Brigade": "3",
        "Time": "2017-05-14 07:59:11",
        "Lines": "14",
        "Lon": 21.0217,
        "Lat": 52.1806
      },
      {
        "Brigade": "3",
        "Time": "2017-05-14 07:59:11",
        "Lines": "14",
        "Lon": 21.0217,
        "Lat": 52.1806
      },
      {
        "Brigade": "3",
        "Time": "2017-05-14 07:59:21",
        "Lines": "14",
        "Lon": 21.0217,
        "Lat": 52.1806
      },
      {
        "Brigade": "3",
        "Time": "2017-05-14 07:59:31",
        "Lines": "14",
        "Lon": 21.0217,
        "Lat": 52.1806
      },
      {
        "Brigade": "3",
        "Time": "2017-05-14 07:59:46",
        "Lines": "14",
        "Lon": 21.0217,
        "Lat": 52.1806
      },
      {
        "Brigade": "3",
        "Time": "2017-05-14 07:59:56",
        "Lines": "14",
        "Lon": 21.0217,
        "Lat": 52.1806
      },
      {
        "Brigade": "3",
        "Time": "2017-05-14 08:00:06",
        "Lines": "14",
        "Lon": 21.0217,
        "Lat": 52.1807
      },
      {
        "Brigade": "3",
        "Time": "2017-05-14 08:00:16",
        "Lines": "14",
        "Lon": 21.0217,
        "Lat": 52.1807
      },
      {
        "Brigade": "3",
        "Time": "2017-05-14 08:00:26",
        "Lines": "14",
        "Lon": 21.0217,
        "Lat": 52.1807
      },
      {
        "Brigade": "3",
        "Time": "2017-05-14 08:00:40",
        "Lines": "14",
        "Lon": 21.0218,
        "Lat": 52.1807
      },
      {
        "Brigade": "3",
        "Time": "2017-05-14 08:00:51",
        "Lines": "14",
        "Lon": 21.0218,
        "Lat": 52.1807
      },
      {
        "Brigade": "3",
        "Time": "2017-05-14 08:01:01",
        "Lines": "14",
        "Lon": 21.0218,
        "Lat": 52.1807
      },
      {
        "Brigade": "3",
        "Time": "2017-05-14 08:01:01",
        "Lines": "14",
        "Lon": 21.0218,
        "Lat": 52.1807
      },
      {
        "Brigade": "3",
        "Time": "2017-05-14 08:01:11",
        "Lines": "14",
        "Lon": 21.0218,
        "Lat": 52.1807
      },
      {
        "Brigade": "3",
        "Time": "2017-05-14 08:01:20",
        "Lines": "14",
        "Lon": 21.0218,
        "Lat": 52.1807
      },
      {
        "Brigade": "3",
        "Time": "2017-05-14 08:01:36",
        "Lines": "14",
        "Lon": 21.0218,
        "Lat": 52.1807
      },
      {
        "Brigade": "3",
        "Time": "2017-05-14 08:01:46",
        "Lines": "14",
        "Lon": 21.0218,
        "Lat": 52.1807
      },
      {
        "Brigade": "3",
        "Time": "2017-05-14 08:01:56",
        "Lines": "14",
        "Lon": 21.0218,
        "Lat": 52.1807
      },
      {
        "Brigade": "3",
        "Time": "2017-05-14 08:02:06",
        "Lines": "14",
        "Lon": 21.0218,
        "Lat": 52.1807
      },
      {
        "Brigade": "3",
        "Time": "2017-05-14 08:02:20",
        "Lines": "14",
        "Lon": 21.0218,
        "Lat": 52.1807
      },
      {
        "Brigade": "3",
        "Time": "2017-05-14 08:02:26",
        "Lines": "14",
        "Lon": 21.0218,
        "Lat": 52.1807
      },
      {
        "Brigade": "3",
        "Time": "2017-05-14 08:02:40",
        "Lines": "14",
        "Lon": 21.0218,
        "Lat": 52.1807
      },
      {
        "Brigade": "3",
        "Time": "2017-05-14 08:02:51",
        "Lines": "14",
        "Lon": 21.0218,
        "Lat": 52.1808
      },
      {
        "Brigade": "3",
        "Time": "2017-05-14 08:02:51",
        "Lines": "14",
        "Lon": 21.0218,
        "Lat": 52.1808
      },
      {
        "Brigade": "3",
        "Time": "2017-05-14 08:03:01",
        "Lines": "14",
        "Lon": 21.0218,
        "Lat": 52.1808
      },
      {
        "Brigade": "3",
        "Time": "2017-05-14 08:03:11",
        "Lines": "14",
        "Lon": 21.0217,
        "Lat": 52.1808
      },
      {
        "Brigade": "3",
        "Time": "2017-05-14 08:03:26",
        "Lines": "14",
        "Lon": 21.0217,
        "Lat": 52.1807
      },
      {
        "Brigade": "3",
        "Time": "2017-05-14 08:03:36",
        "Lines": "14",
        "Lon": 21.0217,
        "Lat": 52.1807
      },
      {
        "Brigade": "3",
        "Time": "2017-05-14 08:03:46",
        "Lines": "14",
        "Lon": 21.0217,
        "Lat": 52.1807
      },
      {
        "Brigade": "3",
        "Time": "2017-05-14 08:03:56",
        "Lines": "14",
        "Lon": 21.0217,
        "Lat": 52.1806
      },
      {
        "Brigade": "3",
        "Time": "2017-05-14 08:04:06",
        "Lines": "14",
        "Lon": 21.0218,
        "Lat": 52.1801
      },
      {
        "Brigade": "3",
        "Time": "2017-05-14 08:04:21",
        "Lines": "14",
        "Lon": 21.0223,
        "Lat": 52.1804
      },
      {
        "Brigade": "3",
        "Time": "2017-05-14 08:04:31",
        "Lines": "14",
        "Lon": 21.0225,
        "Lat": 52.1809
      },
      {
        "Brigade": "3",
        "Time": "2017-05-14 08:04:42",
        "Lines": "14",
        "Lon": 21.0228,
        "Lat": 52.1816
      },
      {
        "Brigade": "3",
        "Time": "2017-05-14 08:04:42",
        "Lines": "14",
        "Lon": 21.0228,
        "Lat": 52.1816
      },
      {
        "Brigade": "3",
        "Time": "2017-05-14 08:04:51",
        "Lines": "14",
        "Lon": 21.0227,
        "Lat": 52.1816
      },
      {
        "Brigade": "3",
        "Time": "2017-05-14 08:05:02",
        "Lines": "14",
        "Lon": 21.0228,
        "Lat": 52.1818
      },
      {
        "Brigade": "3",
        "Time": "2017-05-14 08:05:16",
        "Lines": "14",
        "Lon": 21.0234,
        "Lat": 52.1831
      },
      {
        "Brigade": "3",
        "Time": "2017-05-14 08:05:26",
        "Lines": "14",
        "Lon": 21.0239,
        "Lat": 52.1843
      },
      {
        "Brigade": "3",
        "Time": "2017-05-14 08:05:36",
        "Lines": "14",
        "Lon": 21.0243,
        "Lat": 52.1854
      },
      {
        "Brigade": "3",
        "Time": "2017-05-14 08:05:46",
        "Lines": "14",
        "Lon": 21.0246,
        "Lat": 52.1861
      },
      {
        "Brigade": "3",
        "Time": "2017-05-14 08:05:56",
        "Lines": "14",
        "Lon": 21.0246,
        "Lat": 52.1861
      },
      {
        "Brigade": "3",
        "Time": "2017-05-14 08:06:11",
        "Lines": "14",
        "Lon": 21.0246,
        "Lat": 52.1863
      },
      {
        "Brigade": "3",
        "Time": "2017-05-14 08:06:21",
        "Lines": "14",
        "Lon": 21.0247,
        "Lat": 52.187
      },
      {
        "Brigade": "3",
        "Time": "2017-05-14 08:06:31",
        "Lines": "14",
        "Lon": 21.0247,
        "Lat": 52.1877
      },
      {
        "Brigade": "3",
        "Time": "2017-05-14 08:06:31",
        "Lines": "14",
        "Lon": 21.0247,
        "Lat": 52.1877
      },
      {
        "Brigade": "3",
        "Time": "2017-05-14 08:06:41",
        "Lines": "14",
        "Lon": 21.0246,
        "Lat": 52.1888
      },
      {
        "Brigade": "3",
        "Time": "2017-05-14 08:06:51",
        "Lines": "14",
        "Lon": 21.0246,
        "Lat": 52.1894
      },
      {
        "Brigade": "3",
        "Time": "2017-05-14 08:07:06",
        "Lines": "14",
        "Lon": 21.0246,
        "Lat": 52.1897
      },
      {
        "Brigade": "3",
        "Time": "2017-05-14 08:07:16",
        "Lines": "14",
        "Lon": 21.0245,
        "Lat": 52.1902
      },
      {
        "Brigade": "3",
        "Time": "2017-05-14 08:07:26",
        "Lines": "14",
        "Lon": 21.0245,
        "Lat": 52.1906
      },
      {
        "Brigade": "3",
        "Time": "2017-05-14 08:07:36",
        "Lines": "14",
        "Lon": 21.0245,
        "Lat": 52.1907
      },
      {
        "Brigade": "3",
        "Time": "2017-05-14 08:07:46",
        "Lines": "14",
        "Lon": 21.0245,
        "Lat": 52.1907
      },
      {
        "Brigade": "3",
        "Time": "2017-05-14 08:08:01",
        "Lines": "14",
        "Lon": 21.0245,
        "Lat": 52.1907
      },
      {
        "Brigade": "3",
        "Time": "2017-05-14 08:08:11",
        "Lines": "14",
        "Lon": 21.0245,
        "Lat": 52.1908
      },
      {
        "Brigade": "3",
        "Time": "2017-05-14 08:08:21",
        "Lines": "14",
        "Lon": 21.0245,
        "Lat": 52.1915
      },
      {
        "Brigade": "3",
        "Time": "2017-05-14 08:08:21",
        "Lines": "14",
        "Lon": 21.0245,
        "Lat": 52.1915
      },
      {
        "Brigade": "3",
        "Time": "2017-05-14 08:08:31",
        "Lines": "14",
        "Lon": 21.0244,
        "Lat": 52.1926
      },
      {
        "Brigade": "3",
        "Time": "2017-05-14 08:08:41",
        "Lines": "14",
        "Lon": 21.0243,
        "Lat": 52.1939
      },
      {
        "Brigade": "3",
        "Time": "2017-05-14 08:08:56",
        "Lines": "14",
        "Lon": 21.0243,
        "Lat": 52.1945
      },
      {
        "Brigade": "3",
        "Time": "2017-05-14 08:09:06",
        "Lines": "14",
        "Lon": 21.0243,
        "Lat": 52.1944
      },
      {
        "Brigade": "3",
        "Time": "2017-05-14 08:09:16",
        "Lines": "14",
        "Lon": 21.0243,
        "Lat": 52.1944
      },
      {
        "Brigade": "3",
        "Time": "2017-05-14 08:09:26",
        "Lines": "14",
        "Lon": 21.0243,
        "Lat": 52.1944
      },
      {
        "Brigade": "3",
        "Time": "2017-05-14 08:09:41",
        "Lines": "14",
        "Lon": 21.0243,
        "Lat": 52.1944
      },
      {
        "Brigade": "3",
        "Time": "2017-05-14 08:09:51",
        "Lines": "14",
        "Lon": 21.0242,
        "Lat": 52.1947
      },
      {
        "Brigade": "3",
        "Time": "2017-05-14 08:10:01",
        "Lines": "14",
        "Lon": 21.0242,
        "Lat": 52.1958
      },
      {
        "Brigade": "3",
        "Time": "2017-05-14 08:10:01",
        "Lines": "14",
        "Lon": 21.0242,
        "Lat": 52.1958
      },
      {
        "Brigade": "3",
        "Time": "2017-05-14 08:10:11",
        "Lines": "14",
        "Lon": 21.0241,
        "Lat": 52.1969
      },
      {
        "Brigade": "3",
        "Time": "2017-05-14 08:10:21",
        "Lines": "14",
        "Lon": 21.0241,
        "Lat": 52.1971
      },
      {
        "Brigade": "3",
        "Time": "2017-05-14 08:10:36",
        "Lines": "14",
        "Lon": 21.0241,
        "Lat": 52.1974
      },
      {
        "Brigade": "3",
        "Time": "2017-05-14 08:10:46",
        "Lines": "14",
        "Lon": 21.024,
        "Lat": 52.1985
      },
      {
        "Brigade": "3",
        "Time": "2017-05-14 08:10:56",
        "Lines": "14",
        "Lon": 21.0238,
        "Lat": 52.1996
      },
      {
        "Brigade": "3",
        "Time": "2017-05-14 08:11:06",
        "Lines": "14",
        "Lon": 21.0237,
        "Lat": 52.2008
      },
      {
        "Brigade": "3",
        "Time": "2017-05-14 08:11:16",
        "Lines": "14",
        "Lon": 21.0235,
        "Lat": 52.2019
      },
      {
        "Brigade": "3",
        "Time": "2017-05-14 08:11:26",
        "Lines": "14",
        "Lon": 21.0233,
        "Lat": 52.2026
      },
      {
        "Brigade": "3",
        "Time": "2017-05-14 08:11:41",
        "Lines": "14",
        "Lon": 21.0233,
        "Lat": 52.2026
      },
      {
        "Brigade": "3",
        "Time": "2017-05-14 08:11:51",
        "Lines": "14",
        "Lon": 21.0233,
        "Lat": 52.2026
      },
      {
        "Brigade": "3",
        "Time": "2017-05-14 08:11:51",
        "Lines": "14",
        "Lon": 21.0233,
        "Lat": 52.2026
      },
      {
        "Brigade": "3",
        "Time": "2017-05-14 08:12:01",
        "Lines": "14",
        "Lon": 21.0233,
        "Lat": 52.2026
      },
      {
        "Brigade": "3",
        "Time": "2017-05-14 08:12:11",
        "Lines": "14",
        "Lon": 21.0233,
        "Lat": 52.2026
      },
      {
        "Brigade": "3",
        "Time": "2017-05-14 08:12:26",
        "Lines": "14",
        "Lon": 21.0231,
        "Lat": 52.2035
      },
      {
        "Brigade": "3",
        "Time": "2017-05-14 08:12:36",
        "Lines": "14",
        "Lon": 21.0229,
        "Lat": 52.2047
      },
      {
        "Brigade": "3",
        "Time": "2017-05-14 08:12:47",
        "Lines": "14",
        "Lon": 21.0228,
        "Lat": 52.2053
      },
      {
        "Brigade": "3",
        "Time": "2017-05-14 08:12:56",
        "Lines": "14",
        "Lon": 21.0228,
        "Lat": 52.2053
      },
      {
        "Brigade": "3",
        "Time": "2017-05-14 08:13:06",
        "Lines": "14",
        "Lon": 21.0228,
        "Lat": 52.2053
      },
      {
        "Brigade": "3",
        "Time": "2017-05-14 08:13:21",
        "Lines": "14",
        "Lon": 21.0228,
        "Lat": 52.2057
      },
      {
        "Brigade": "3",
        "Time": "2017-05-14 08:13:31",
        "Lines": "14",
        "Lon": 21.0225,
        "Lat": 52.2065
      },
      {
        "Brigade": "3",
        "Time": "2017-05-14 08:13:43",
        "Lines": "14",
        "Lon": 21.0221,
        "Lat": 52.2074
      },
      {
        "Brigade": "3",
        "Time": "2017-05-14 08:13:43",
        "Lines": "14",
        "Lon": 21.0221,
        "Lat": 52.2074
      },
      {
        "Brigade": "3",
        "Time": "2017-05-14 08:13:51",
        "Lines": "14",
        "Lon": 21.0221,
        "Lat": 52.2074
      },
      {
        "Brigade": "3",
        "Time": "2017-05-14 08:14:01",
        "Lines": "14",
        "Lon": 21.0221,
        "Lat": 52.2074
      },
      {
        "Brigade": "3",
        "Time": "2017-05-14 08:14:12",
        "Lines": "14",
        "Lon": 21.0221,
        "Lat": 52.2074
      },
      {
        "Brigade": "3",
        "Time": "2017-05-14 08:14:27",
        "Lines": "14",
        "Lon": 21.0216,
        "Lat": 52.2085
      },
      {
        "Brigade": "3",
        "Time": "2017-05-14 08:14:35",
        "Lines": "14",
        "Lon": 21.0215,
        "Lat": 52.2087
      },
      {
        "Brigade": "3",
        "Time": "2017-05-14 08:14:45",
        "Lines": "14",
        "Lon": 21.0212,
        "Lat": 52.2096
      },
      {
        "Brigade": "3",
        "Time": "2017-05-14 08:15:00",
        "Lines": "14",
        "Lon": 21.0212,
        "Lat": 52.2096
      },
      {
        "Brigade": "3",
        "Time": "2017-05-14 08:15:10",
        "Lines": "14",
        "Lon": 21.0212,
        "Lat": 52.2096
      },
      {
        "Brigade": "3",
        "Time": "2017-05-14 08:15:20",
        "Lines": "14",
        "Lon": 21.0212,
        "Lat": 52.2096
      },
      {
        "Brigade": "3",
        "Time": "2017-05-14 08:15:20",
        "Lines": "14",
        "Lon": 21.0212,
        "Lat": 52.2096
      },
      {
        "Brigade": "3",
        "Time": "2017-05-14 08:15:25",
        "Lines": "14",
        "Lon": 21.0211,
        "Lat": 52.2096
      },
      {
        "Brigade": "3",
        "Time": "2017-05-14 08:15:40",
        "Lines": "14",
        "Lon": 21.0205,
        "Lat": 52.2111
      },
      {
        "Brigade": "3",
        "Time": "2017-05-14 08:15:55",
        "Lines": "14",
        "Lon": 21.0204,
        "Lat": 52.2114
      },
      {
        "Brigade": "3",
        "Time": "2017-05-14 08:16:05",
        "Lines": "14",
        "Lon": 21.0204,
        "Lat": 52.2113
      },
      {
        "Brigade": "3",
        "Time": "2017-05-14 08:16:15",
        "Lines": "14",
        "Lon": 21.0203,
        "Lat": 52.2113
      },
      {
        "Brigade": "3",
        "Time": "2017-05-14 08:16:25",
        "Lines": "14",
        "Lon": 21.0203,
        "Lat": 52.2113
      },
      {
        "Brigade": "3",
        "Time": "2017-05-14 08:16:35",
        "Lines": "14",
        "Lon": 21.0203,
        "Lat": 52.2113
      },
      {
        "Brigade": "3",
        "Time": "2017-05-14 08:16:45",
        "Lines": "14",
        "Lon": 21.0204,
        "Lat": 52.2113
      },
      {
        "Brigade": "3",
        "Time": "2017-05-14 08:17:00",
        "Lines": "14",
        "Lon": 21.0204,
        "Lat": 52.2114
      },
      {
        "Brigade": "3",
        "Time": "2017-05-14 08:17:10",
        "Lines": "14",
        "Lon": 21.0206,
        "Lat": 52.2122
      },
      {
        "Brigade": "3",
        "Time": "2017-05-14 08:17:10",
        "Lines": "14",
        "Lon": 21.0206,
        "Lat": 52.2122
      },
      {
        "Brigade": "3",
        "Time": "2017-05-14 08:17:20",
        "Lines": "14",
        "Lon": 21.0211,
        "Lat": 52.2129
      },
      {
        "Brigade": "3",
        "Time": "2017-05-14 08:17:31",
        "Lines": "14",
        "Lon": 21.0212,
        "Lat": 52.2131
      },
      {
        "Brigade": "3",
        "Time": "2017-05-14 08:17:46",
        "Lines": "14",
        "Lon": 21.0212,
        "Lat": 52.2131
      }
    ]
  }
]
