[
  {
    "res": [
      {
        "Brigade": "4",
        "Time": "2017-05-14 07:40:55",
        "Lines": "14",
        "Lon": 20.9794,
        "Lat": 52.2367
      },
      {
        "Brigade": "4",
        "Time": "2017-05-14 07:41:05",
        "Lines": "14",
        "Lon": 20.9801,
        "Lat": 52.2368
      },
      {
        "Brigade": "4",
        "Time": "2017-05-14 07:41:20",
        "Lines": "14",
        "Lon": 20.9804,
        "Lat": 52.2363
      },
      {
        "Brigade": "4",
        "Time": "2017-05-14 07:41:30",
        "Lines": "14",
        "Lon": 20.9804,
        "Lat": 52.2362
      },
      {
        "Brigade": "4",
        "Time": "2017-05-14 07:41:30",
        "Lines": "14",
        "Lon": 20.9804,
        "Lat": 52.2362
      },
      {
        "Brigade": "4",
        "Time": "2017-05-14 07:41:43",
        "Lines": "14",
        "Lon": 20.9805,
        "Lat": 52.236
      },
      {
        "Brigade": "4",
        "Time": "2017-05-14 07:41:50",
        "Lines": "14",
        "Lon": 20.9806,
        "Lat": 52.2355
      },
      {
        "Brigade": "4",
        "Time": "2017-05-14 07:42:05",
        "Lines": "14",
        "Lon": 20.9813,
        "Lat": 52.2345
      },
      {
        "Brigade": "4",
        "Time": "2017-05-14 07:42:15",
        "Lines": "14",
        "Lon": 20.9818,
        "Lat": 52.2339
      },
      {
        "Brigade": "4",
        "Time": "2017-05-14 07:42:20",
        "Lines": "14",
        "Lon": 20.9819,
        "Lat": 52.2337
      },
      {
        "Brigade": "4",
        "Time": "2017-05-14 07:42:35",
        "Lines": "14",
        "Lon": 20.9821,
        "Lat": 52.2333
      },
      {
        "Brigade": "4",
        "Time": "2017-05-14 07:42:45",
        "Lines": "14",
        "Lon": 20.9824,
        "Lat": 52.2327
      },
      {
        "Brigade": "4",
        "Time": "2017-05-14 07:42:55",
        "Lines": "14",
        "Lon": 20.9829,
        "Lat": 52.232
      },
      {
        "Brigade": "4",
        "Time": "2017-05-14 07:43:10",
        "Lines": "14",
        "Lon": 20.9836,
        "Lat": 52.2312
      },
      {
        "Brigade": "4",
        "Time": "2017-05-14 07:43:10",
        "Lines": "14",
        "Lon": 20.9836,
        "Lat": 52.2312
      },
      {
        "Brigade": "4",
        "Time": "2017-05-14 07:43:20",
        "Lines": "14",
        "Lon": 20.9839,
        "Lat": 52.2308
      },
      {
        "Brigade": "4",
        "Time": "2017-05-14 07:43:34",
        "Lines": "14",
        "Lon": 20.9841,
        "Lat": 52.2306
      },
      {
        "Brigade": "4",
        "Time": "2017-05-14 07:43:45",
        "Lines": "14",
        "Lon": 20.9845,
        "Lat": 52.2301
      },
      {
        "Brigade": "4",
        "Time": "2017-05-14 07:43:55",
        "Lines": "14",
        "Lon": 20.985,
        "Lat": 52.2295
      },
      {
        "Brigade": "4",
        "Time": "2017-05-14 07:44:05",
        "Lines": "14",
        "Lon": 20.9855,
        "Lat": 52.229
      },
      {
        "Brigade": "4",
        "Time": "2017-05-14 07:44:15",
        "Lines": "14",
        "Lon": 20.9861,
        "Lat": 52.2283
      },
      {
        "Brigade": "4",
        "Time": "2017-05-14 07:44:25",
        "Lines": "14",
        "Lon": 20.9866,
        "Lat": 52.2278
      },
      {
        "Brigade": "4",
        "Time": "2017-05-14 07:44:40",
        "Lines": "14",
        "Lon": 20.9868,
        "Lat": 52.2275
      },
      {
        "Brigade": "4",
        "Time": "2017-05-14 07:44:50",
        "Lines": "14",
        "Lon": 20.9869,
        "Lat": 52.2274
      },
      {
        "Brigade": "4",
        "Time": "2017-05-14 07:45:00",
        "Lines": "14",
        "Lon": 20.9875,
        "Lat": 52.2268
      },
      {
        "Brigade": "4",
        "Time": "2017-05-14 07:45:00",
        "Lines": "14",
        "Lon": 20.9875,
        "Lat": 52.2268
      },
      {
        "Brigade": "4",
        "Time": "2017-05-14 07:45:13",
        "Lines": "14",
        "Lon": 20.988,
        "Lat": 52.2261
      },
      {
        "Brigade": "4",
        "Time": "2017-05-14 07:45:25",
        "Lines": "14",
        "Lon": 20.9885,
        "Lat": 52.2255
      },
      {
        "Brigade": "4",
        "Time": "2017-05-14 07:45:35",
        "Lines": "14",
        "Lon": 20.9885,
        "Lat": 52.2254
      },
      {
        "Brigade": "4",
        "Time": "2017-05-14 07:45:45",
        "Lines": "14",
        "Lon": 20.9885,
        "Lat": 52.2254
      },
      {
        "Brigade": "4",
        "Time": "2017-05-14 07:45:55",
        "Lines": "14",
        "Lon": 20.9885,
        "Lat": 52.2254
      },
      {
        "Brigade": "4",
        "Time": "2017-05-14 07:46:10",
        "Lines": "14",
        "Lon": 20.9887,
        "Lat": 52.2252
      },
      {
        "Brigade": "4",
        "Time": "2017-05-14 07:46:20",
        "Lines": "14",
        "Lon": 20.9887,
        "Lat": 52.2252
      },
      {
        "Brigade": "4",
        "Time": "2017-05-14 07:46:30",
        "Lines": "14",
        "Lon": 20.9887,
        "Lat": 52.2253
      },
      {
        "Brigade": "4",
        "Time": "2017-05-14 07:46:40",
        "Lines": "14",
        "Lon": 20.9887,
        "Lat": 52.2253
      },
      {
        "Brigade": "4",
        "Time": "2017-05-14 07:46:40",
        "Lines": "14",
        "Lon": 20.9887,
        "Lat": 52.2253
      },
      {
        "Brigade": "4",
        "Time": "2017-05-14 07:46:50",
        "Lines": "14",
        "Lon": 20.9887,
        "Lat": 52.2253
      },
      {
        "Brigade": "4",
        "Time": "2017-05-14 07:47:02",
        "Lines": "14",
        "Lon": 20.9889,
        "Lat": 52.225
      },
      {
        "Brigade": "4",
        "Time": "2017-05-14 07:47:15",
        "Lines": "14",
        "Lon": 20.9888,
        "Lat": 52.2247
      },
      {
        "Brigade": "4",
        "Time": "2017-05-14 07:47:25",
        "Lines": "14",
        "Lon": 20.9888,
        "Lat": 52.2247
      },
      {
        "Brigade": "4",
        "Time": "2017-05-14 07:47:35",
        "Lines": "14",
        "Lon": 20.9888,
        "Lat": 52.2247
      },
      {
        "Brigade": "4",
        "Time": "2017-05-14 07:47:48",
        "Lines": "14",
        "Lon": 20.9885,
        "Lat": 52.2245
      },
      {
        "Brigade": "4",
        "Time": "2017-05-14 07:48:00",
        "Lines": "14",
        "Lon": 20.9875,
        "Lat": 52.2236
      },
      {
        "Brigade": "4",
        "Time": "2017-05-14 07:48:10",
        "Lines": "14",
        "Lon": 20.9868,
        "Lat": 52.2228
      },
      {
        "Brigade": "4",
        "Time": "2017-05-14 07:48:22",
        "Lines": "14",
        "Lon": 20.9866,
        "Lat": 52.2226
      },
      {
        "Brigade": "4",
        "Time": "2017-05-14 07:48:30",
        "Lines": "14",
        "Lon": 20.9865,
        "Lat": 52.2224
      },
      {
        "Brigade": "4",
        "Time": "2017-05-14 07:48:30",
        "Lines": "14",
        "Lon": 20.9865,
        "Lat": 52.2224
      },
      {
        "Brigade": "4",
        "Time": "2017-05-14 07:48:40",
        "Lines": "14",
        "Lon": 20.9857,
        "Lat": 52.2214
      },
      {
        "Brigade": "4",
        "Time": "2017-05-14 07:48:50",
        "Lines": "14",
        "Lon": 20.9857,
        "Lat": 52.2213
      },
      {
        "Brigade": "4",
        "Time": "2017-05-14 07:49:05",
        "Lines": "14",
        "Lon": 20.9857,
        "Lat": 52.2213
      },
      {
        "Brigade": "4",
        "Time": "2017-05-14 07:49:15",
        "Lines": "14",
        "Lon": 20.9858,
        "Lat": 52.2213
      },
      {
        "Brigade": "4",
        "Time": "2017-05-14 07:49:22",
        "Lines": "14",
        "Lon": 20.9856,
        "Lat": 52.221
      },
      {
        "Brigade": "4",
        "Time": "2017-05-14 07:49:35",
        "Lines": "14",
        "Lon": 20.9846,
        "Lat": 52.2199
      },
      {
        "Brigade": "4",
        "Time": "2017-05-14 07:49:45",
        "Lines": "14",
        "Lon": 20.9844,
        "Lat": 52.2196
      },
      {
        "Brigade": "4",
        "Time": "2017-05-14 07:50:00",
        "Lines": "14",
        "Lon": 20.9839,
        "Lat": 52.219
      },
      {
        "Brigade": "4",
        "Time": "2017-05-14 07:50:07",
        "Lines": "14",
        "Lon": 20.9837,
        "Lat": 52.2189
      },
      {
        "Brigade": "4",
        "Time": "2017-05-14 07:50:20",
        "Lines": "14",
        "Lon": 20.9834,
        "Lat": 52.2185
      },
      {
        "Brigade": "4",
        "Time": "2017-05-14 07:50:20",
        "Lines": "14",
        "Lon": 20.9834,
        "Lat": 52.2185
      },
      {
        "Brigade": "4",
        "Time": "2017-05-14 07:50:30",
        "Lines": "14",
        "Lon": 20.9837,
        "Lat": 52.2182
      },
      {
        "Brigade": "4",
        "Time": "2017-05-14 07:50:40",
        "Lines": "14",
        "Lon": 20.9842,
        "Lat": 52.2183
      },
      {
        "Brigade": "4",
        "Time": "2017-05-14 07:50:55",
        "Lines": "14",
        "Lon": 20.9846,
        "Lat": 52.2188
      },
      {
        "Brigade": "4",
        "Time": "2017-05-14 07:51:05",
        "Lines": "14",
        "Lon": 20.9846,
        "Lat": 52.2188
      },
      {
        "Brigade": "4",
        "Time": "2017-05-14 07:51:15",
        "Lines": "14",
        "Lon": 20.9846,
        "Lat": 52.2188
      },
      {
        "Brigade": "4",
        "Time": "2017-05-14 07:51:25",
        "Lines": "14",
        "Lon": 20.9847,
        "Lat": 52.2188
      },
      {
        "Brigade": "4",
        "Time": "2017-05-14 07:51:40",
        "Lines": "14",
        "Lon": 20.9847,
        "Lat": 52.2189
      },
      {
        "Brigade": "4",
        "Time": "2017-05-14 07:51:50",
        "Lines": "14",
        "Lon": 20.985,
        "Lat": 52.2192
      },
      {
        "Brigade": "4",
        "Time": "2017-05-14 07:52:00",
        "Lines": "14",
        "Lon": 20.9856,
        "Lat": 52.2194
      },
      {
        "Brigade": "4",
        "Time": "2017-05-14 07:52:00",
        "Lines": "14",
        "Lon": 20.9856,
        "Lat": 52.2194
      },
      {
        "Brigade": "4",
        "Time": "2017-05-14 07:52:10",
        "Lines": "14",
        "Lon": 20.9864,
        "Lat": 52.2193
      },
      {
        "Brigade": "4",
        "Time": "2017-05-14 07:52:20",
        "Lines": "14",
        "Lon": 20.9876,
        "Lat": 52.2193
      },
      {
        "Brigade": "4",
        "Time": "2017-05-14 07:52:37",
        "Lines": "14",
        "Lon": 20.989,
        "Lat": 52.2192
      },
      {
        "Brigade": "4",
        "Time": "2017-05-14 07:52:45",
        "Lines": "14",
        "Lon": 20.989,
        "Lat": 52.2192
      },
      {
        "Brigade": "4",
        "Time": "2017-05-14 07:52:55",
        "Lines": "14",
        "Lon": 20.9891,
        "Lat": 52.2192
      },
      {
        "Brigade": "4",
        "Time": "2017-05-14 07:53:05",
        "Lines": "14",
        "Lon": 20.9901,
        "Lat": 52.2191
      },
      {
        "Brigade": "4",
        "Time": "2017-05-14 07:53:20",
        "Lines": "14",
        "Lon": 20.9926,
        "Lat": 52.2191
      },
      {
        "Brigade": "4",
        "Time": "2017-05-14 07:53:30",
        "Lines": "14",
        "Lon": 20.9941,
        "Lat": 52.2191
      },
      {
        "Brigade": "4",
        "Time": "2017-05-14 07:53:40",
        "Lines": "14",
        "Lon": 20.9956,
        "Lat": 52.2191
      },
      {
        "Brigade": "4",
        "Time": "2017-05-14 07:53:40",
        "Lines": "14",
        "Lon": 20.9956,
        "Lat": 52.2191
      },
      {
        "Brigade": "4",
        "Time": "2017-05-14 07:53:50",
        "Lines": "14",
        "Lon": 20.9971,
        "Lat": 52.219
      },
      {
        "Brigade": "4",
        "Time": "2017-05-14 07:54:05",
        "Lines": "14",
        "Lon": 20.999,
        "Lat": 52.219
      },
      {
        "Brigade": "4",
        "Time": "2017-05-14 07:54:15",
        "Lines": "14",
        "Lon": 20.9992,
        "Lat": 52.219
      },
      {
        "Brigade": "4",
        "Time": "2017-05-14 07:54:25",
        "Lines": "14",
        "Lon": 20.9994,
        "Lat": 52.219
      },
      {
        "Brigade": "4",
        "Time": "2017-05-14 07:54:35",
        "Lines": "14",
        "Lon": 20.9999,
        "Lat": 52.2194
      },
      {
        "Brigade": "4",
        "Time": "2017-05-14 07:54:45",
        "Lines": "14",
        "Lon": 20.9999,
        "Lat": 52.2198
      },
      {
        "Brigade": "4",
        "Time": "2017-05-14 07:55:00",
        "Lines": "14",
        "Lon": 21.0004,
        "Lat": 52.2203
      },
      {
        "Brigade": "4",
        "Time": "2017-05-14 07:55:10",
        "Lines": "14",
        "Lon": 21.0012,
        "Lat": 52.2203
      },
      {
        "Brigade": "4",
        "Time": "2017-05-14 07:55:20",
        "Lines": "14",
        "Lon": 21.002,
        "Lat": 52.2203
      },
      {
        "Brigade": "4",
        "Time": "2017-05-14 07:55:31",
        "Lines": "14",
        "Lon": 21.0028,
        "Lat": 52.2203
      },
      {
        "Brigade": "4",
        "Time": "2017-05-14 07:55:31",
        "Lines": "14",
        "Lon": 21.0028,
        "Lat": 52.2203
      },
      {
        "Brigade": "4",
        "Time": "2017-05-14 07:55:41",
        "Lines": "14",
        "Lon": 21.0036,
        "Lat": 52.2203
      },
      {
        "Brigade": "4",
        "Time": "2017-05-14 07:55:55",
        "Lines": "14",
        "Lon": 21.0042,
        "Lat": 52.2202
      },
      {
        "Brigade": "4",
        "Time": "2017-05-14 07:56:05",
        "Lines": "14",
        "Lon": 21.0043,
        "Lat": 52.2202
      },
      {
        "Brigade": "4",
        "Time": "2017-05-14 07:56:15",
        "Lines": "14",
        "Lon": 21.0043,
        "Lat": 52.2202
      },
      {
        "Brigade": "4",
        "Time": "2017-05-14 07:56:25",
        "Lines": "14",
        "Lon": 21.0043,
        "Lat": 52.2202
      },
      {
        "Brigade": "4",
        "Time": "2017-05-14 07:56:35",
        "Lines": "14",
        "Lon": 21.0043,
        "Lat": 52.2202
      },
      {
        "Brigade": "4",
        "Time": "2017-05-14 07:56:45",
        "Lines": "14",
        "Lon": 21.0043,
        "Lat": 52.2202
      },
      {
        "Brigade": "4",
        "Time": "2017-05-14 07:57:00",
        "Lines": "14",
        "Lon": 21.0043,
        "Lat": 52.2202
      },
      {
        "Brigade": "4",
        "Time": "2017-05-14 07:57:10",
        "Lines": "14",
        "Lon": 21.0043,
        "Lat": 52.2202
      },
      {
        "Brigade": "4",
        "Time": "2017-05-14 07:57:20",
        "Lines": "14",
        "Lon": 21.0043,
        "Lat": 52.2202
      },
      {
        "Brigade": "4",
        "Time": "2017-05-14 07:57:20",
        "Lines": "14",
        "Lon": 21.0043,
        "Lat": 52.2202
      },
      {
        "Brigade": "4",
        "Time": "2017-05-14 07:57:30",
        "Lines": "14",
        "Lon": 21.0043,
        "Lat": 52.2202
      },
      {
        "Brigade": "4",
        "Time": "2017-05-14 07:57:42",
        "Lines": "14",
        "Lon": 21.0048,
        "Lat": 52.2202
      },
      {
        "Brigade": "4",
        "Time": "2017-05-14 07:57:55",
        "Lines": "14",
        "Lon": 21.0056,
        "Lat": 52.2202
      },
      {
        "Brigade": "4",
        "Time": "2017-05-14 07:58:05",
        "Lines": "14",
        "Lon": 21.007,
        "Lat": 52.2202
      },
      {
        "Brigade": "4",
        "Time": "2017-05-14 07:58:16",
        "Lines": "14",
        "Lon": 21.0092,
        "Lat": 52.2201
      },
      {
        "Brigade": "4",
        "Time": "2017-05-14 07:58:26",
        "Lines": "14",
        "Lon": 21.0107,
        "Lat": 52.2201
      },
      {
        "Brigade": "4",
        "Time": "2017-05-14 07:58:40",
        "Lines": "14",
        "Lon": 21.0116,
        "Lat": 52.2201
      },
      {
        "Brigade": "4",
        "Time": "2017-05-14 07:58:50",
        "Lines": "14",
        "Lon": 21.0116,
        "Lat": 52.2201
      },
      {
        "Brigade": "4",
        "Time": "2017-05-14 07:59:00",
        "Lines": "14",
        "Lon": 21.0124,
        "Lat": 52.22
      },
      {
        "Brigade": "4",
        "Time": "2017-05-14 07:59:10",
        "Lines": "14",
        "Lon": 21.0141,
        "Lat": 52.22
      },
      {
        "Brigade": "4",
        "Time": "2017-05-14 07:59:10",
        "Lines": "14",
        "Lon": 21.0141,
        "Lat": 52.22
      },
      {
        "Brigade": "4",
        "Time": "2017-05-14 07:59:23",
        "Lines": "14",
        "Lon": 21.0151,
        "Lat": 52.22
      },
      {
        "Brigade": "4",
        "Time": "2017-05-14 07:59:35",
        "Lines": "14",
        "Lon": 21.0152,
        "Lat": 52.22
      },
      {
        "Brigade": "4",
        "Time": "2017-05-14 07:59:40",
        "Lines": "14",
        "Lon": 21.0153,
        "Lat": 52.22
      },
      {
        "Brigade": "4",
        "Time": "2017-05-14 07:59:55",
        "Lines": "14",
        "Lon": 21.017,
        "Lat": 52.2199
      },
      {
        "Brigade": "4",
        "Time": "2017-05-14 08:00:05",
        "Lines": "14",
        "Lon": 21.0176,
        "Lat": 52.2199
      },
      {
        "Brigade": "4",
        "Time": "2017-05-14 08:00:15",
        "Lines": "14",
        "Lon": 21.018,
        "Lat": 52.2196
      },
      {
        "Brigade": "4",
        "Time": "2017-05-14 08:00:30",
        "Lines": "14",
        "Lon": 21.0185,
        "Lat": 52.2187
      },
      {
        "Brigade": "4",
        "Time": "2017-05-14 08:00:40",
        "Lines": "14",
        "Lon": 21.0191,
        "Lat": 52.2178
      },
      {
        "Brigade": "4",
        "Time": "2017-05-14 08:00:51",
        "Lines": "14",
        "Lon": 21.0193,
        "Lat": 52.2174
      },
      {
        "Brigade": "4",
        "Time": "2017-05-14 08:01:00",
        "Lines": "14",
        "Lon": 21.0194,
        "Lat": 52.2174
      },
      {
        "Brigade": "4",
        "Time": "2017-05-14 08:01:00",
        "Lines": "14",
        "Lon": 21.0194,
        "Lat": 52.2174
      },
      {
        "Brigade": "4",
        "Time": "2017-05-14 08:01:10",
        "Lines": "14",
        "Lon": 21.0194,
        "Lat": 52.2174
      },
      {
        "Brigade": "4",
        "Time": "2017-05-14 08:01:25",
        "Lines": "14",
        "Lon": 21.0196,
        "Lat": 52.2171
      },
      {
        "Brigade": "4",
        "Time": "2017-05-14 08:01:35",
        "Lines": "14",
        "Lon": 21.0203,
        "Lat": 52.2159
      },
      {
        "Brigade": "4",
        "Time": "2017-05-14 08:01:45",
        "Lines": "14",
        "Lon": 21.0208,
        "Lat": 52.215
      },
      {
        "Brigade": "4",
        "Time": "2017-05-14 08:01:55",
        "Lines": "14",
        "Lon": 21.0212,
        "Lat": 52.2142
      },
      {
        "Brigade": "4",
        "Time": "2017-05-14 08:02:05",
        "Lines": "14",
        "Lon": 21.0213,
        "Lat": 52.2141
      },
      {
        "Brigade": "4",
        "Time": "2017-05-14 08:02:20",
        "Lines": "14",
        "Lon": 21.0213,
        "Lat": 52.214
      },
      {
        "Brigade": "4",
        "Time": "2017-05-14 08:02:30",
        "Lines": "14",
        "Lon": 21.0213,
        "Lat": 52.214
      },
      {
        "Brigade": "4",
        "Time": "2017-05-14 08:02:40",
        "Lines": "14",
        "Lon": 21.0213,
        "Lat": 52.214
      },
      {
        "Brigade": "4",
        "Time": "2017-05-14 08:02:50",
        "Lines": "14",
        "Lon": 21.0213,
        "Lat": 52.214
      },
      {
        "Brigade": "4",
        "Time": "2017-05-14 08:02:50",
        "Lines": "14",
        "Lon": 21.0213,
        "Lat": 52.214
      },
      {
        "Brigade": "4",
        "Time": "2017-05-14 08:03:00",
        "Lines": "14",
        "Lon": 21.0213,
        "Lat": 52.214
      },
      {
        "Brigade": "4",
        "Time": "2017-05-14 08:03:14",
        "Lines": "14",
        "Lon": 21.0214,
        "Lat": 52.2138
      },
      {
        "Brigade": "4",
        "Time": "2017-05-14 08:03:25",
        "Lines": "14",
        "Lon": 21.0214,
        "Lat": 52.2132
      },
      {
        "Brigade": "4",
        "Time": "2017-05-14 08:03:35",
        "Lines": "14",
        "Lon": 21.0206,
        "Lat": 52.2119
      },
      {
        "Brigade": "4",
        "Time": "2017-05-14 08:03:45",
        "Lines": "14",
        "Lon": 21.0206,
        "Lat": 52.211
      },
      {
        "Brigade": "4",
        "Time": "2017-05-14 08:03:55",
        "Lines": "14",
        "Lon": 21.0211,
        "Lat": 52.2098
      },
      {
        "Brigade": "4",
        "Time": "2017-05-14 08:04:10",
        "Lines": "14",
        "Lon": 21.0214,
        "Lat": 52.209
      },
      {
        "Brigade": "4",
        "Time": "2017-05-14 08:04:20",
        "Lines": "14",
        "Lon": 21.0214,
        "Lat": 52.209
      },
      {
        "Brigade": "4",
        "Time": "2017-05-14 08:04:30",
        "Lines": "14",
        "Lon": 21.0214,
        "Lat": 52.209
      },
      {
        "Brigade": "4",
        "Time": "2017-05-14 08:04:40",
        "Lines": "14",
        "Lon": 21.0216,
        "Lat": 52.2084
      },
      {
        "Brigade": "4",
        "Time": "2017-05-14 08:04:40",
        "Lines": "14",
        "Lon": 21.0216,
        "Lat": 52.2084
      },
      {
        "Brigade": "4",
        "Time": "2017-05-14 08:04:50",
        "Lines": "14",
        "Lon": 21.0219,
        "Lat": 52.2078
      },
      {
        "Brigade": "4",
        "Time": "2017-05-14 08:05:05",
        "Lines": "14",
        "Lon": 21.022,
        "Lat": 52.2075
      },
      {
        "Brigade": "4",
        "Time": "2017-05-14 08:05:15",
        "Lines": "14",
        "Lon": 21.022,
        "Lat": 52.2076
      },
      {
        "Brigade": "4",
        "Time": "2017-05-14 08:05:25",
        "Lines": "14",
        "Lon": 21.022,
        "Lat": 52.2075
      },
      {
        "Brigade": "4",
        "Time": "2017-05-14 08:05:35",
        "Lines": "14",
        "Lon": 21.0223,
        "Lat": 52.2068
      },
      {
        "Brigade": "4",
        "Time": "2017-05-14 08:05:45",
        "Lines": "14",
        "Lon": 21.0226,
        "Lat": 52.2059
      },
      {
        "Brigade": "4",
        "Time": "2017-05-14 08:05:55",
        "Lines": "14",
        "Lon": 21.0228,
        "Lat": 52.2051
      },
      {
        "Brigade": "4",
        "Time": "2017-05-14 08:06:10",
        "Lines": "14",
        "Lon": 21.0229,
        "Lat": 52.2048
      },
      {
        "Brigade": "4",
        "Time": "2017-05-14 08:06:20",
        "Lines": "14",
        "Lon": 21.0229,
        "Lat": 52.2048
      },
      {
        "Brigade": "4",
        "Time": "2017-05-14 08:06:30",
        "Lines": "14",
        "Lon": 21.023,
        "Lat": 52.2044
      },
      {
        "Brigade": "4",
        "Time": "2017-05-14 08:06:30",
        "Lines": "14",
        "Lon": 21.023,
        "Lat": 52.2044
      },
      {
        "Brigade": "4",
        "Time": "2017-05-14 08:06:40",
        "Lines": "14",
        "Lon": 21.0232,
        "Lat": 52.2035
      },
      {
        "Brigade": "4",
        "Time": "2017-05-14 08:06:55",
        "Lines": "14",
        "Lon": 21.0233,
        "Lat": 52.203
      },
      {
        "Brigade": "4",
        "Time": "2017-05-14 08:07:05",
        "Lines": "14",
        "Lon": 21.0232,
        "Lat": 52.203
      },
      {
        "Brigade": "4",
        "Time": "2017-05-14 08:07:15",
        "Lines": "14",
        "Lon": 21.0232,
        "Lat": 52.203
      },
      {
        "Brigade": "4",
        "Time": "2017-05-14 08:07:25",
        "Lines": "14",
        "Lon": 21.0232,
        "Lat": 52.203
      },
      {
        "Brigade": "4",
        "Time": "2017-05-14 08:07:35",
        "Lines": "14",
        "Lon": 21.0233,
        "Lat": 52.2024
      },
      {
        "Brigade": "4",
        "Time": "2017-05-14 08:07:50",
        "Lines": "14",
        "Lon": 21.0233,
        "Lat": 52.2023
      },
      {
        "Brigade": "4",
        "Time": "2017-05-14 08:08:00",
        "Lines": "14",
        "Lon": 21.0234,
        "Lat": 52.2022
      },
      {
        "Brigade": "4",
        "Time": "2017-05-14 08:08:10",
        "Lines": "14",
        "Lon": 21.0235,
        "Lat": 52.2016
      },
      {
        "Brigade": "4",
        "Time": "2017-05-14 08:08:20",
        "Lines": "14",
        "Lon": 21.0237,
        "Lat": 52.2006
      },
      {
        "Brigade": "4",
        "Time": "2017-05-14 08:08:20",
        "Lines": "14",
        "Lon": 21.0237,
        "Lat": 52.2006
      },
      {
        "Brigade": "4",
        "Time": "2017-05-14 08:08:30",
        "Lines": "14",
        "Lon": 21.0237,
        "Lat": 52.2002
      },
      {
        "Brigade": "4",
        "Time": "2017-05-14 08:08:40",
        "Lines": "14",
        "Lon": 21.0238,
        "Lat": 52.1994
      },
      {
        "Brigade": "4",
        "Time": "2017-05-14 08:08:55",
        "Lines": "14",
        "Lon": 21.0238,
        "Lat": 52.1994
      },
      {
        "Brigade": "4",
        "Time": "2017-05-14 08:09:05",
        "Lines": "14",
        "Lon": 21.0238,
        "Lat": 52.1994
      },
      {
        "Brigade": "4",
        "Time": "2017-05-14 08:09:15",
        "Lines": "14",
        "Lon": 21.0238,
        "Lat": 52.1994
      },
      {
        "Brigade": "4",
        "Time": "2017-05-14 08:09:21",
        "Lines": "14",
        "Lon": 21.0239,
        "Lat": 52.1992
      },
      {
        "Brigade": "4",
        "Time": "2017-05-14 08:09:40",
        "Lines": "14",
        "Lon": 21.024,
        "Lat": 52.1976
      },
      {
        "Brigade": "4",
        "Time": "2017-05-14 08:09:50",
        "Lines": "14",
        "Lon": 21.0241,
        "Lat": 52.1974
      },
      {
        "Brigade": "4",
        "Time": "2017-05-14 08:10:00",
        "Lines": "14",
        "Lon": 21.0241,
        "Lat": 52.1974
      },
      {
        "Brigade": "4",
        "Time": "2017-05-14 08:10:00",
        "Lines": "14",
        "Lon": 21.0241,
        "Lat": 52.1974
      },
      {
        "Brigade": "4",
        "Time": "2017-05-14 08:10:14",
        "Lines": "14",
        "Lon": 21.0241,
        "Lat": 52.1972
      },
      {
        "Brigade": "4",
        "Time": "2017-05-14 08:10:20",
        "Lines": "14",
        "Lon": 21.0241,
        "Lat": 52.1968
      },
      {
        "Brigade": "4",
        "Time": "2017-05-14 08:10:35",
        "Lines": "14",
        "Lon": 21.0241,
        "Lat": 52.1966
      },
      {
        "Brigade": "4",
        "Time": "2017-05-14 08:10:47",
        "Lines": "14",
        "Lon": 21.0241,
        "Lat": 52.1965
      },
      {
        "Brigade": "4",
        "Time": "2017-05-14 08:10:55",
        "Lines": "14",
        "Lon": 21.0241,
        "Lat": 52.196
      },
      {
        "Brigade": "4",
        "Time": "2017-05-14 08:11:05",
        "Lines": "14",
        "Lon": 21.0242,
        "Lat": 52.1955
      },
      {
        "Brigade": "4",
        "Time": "2017-05-14 08:11:15",
        "Lines": "14",
        "Lon": 21.0242,
        "Lat": 52.195
      },
      {
        "Brigade": "4",
        "Time": "2017-05-14 08:11:30",
        "Lines": "14",
        "Lon": 21.0243,
        "Lat": 52.1941
      },
      {
        "Brigade": "4",
        "Time": "2017-05-14 08:11:40",
        "Lines": "14",
        "Lon": 21.0243,
        "Lat": 52.1941
      },
      {
        "Brigade": "4",
        "Time": "2017-05-14 08:11:51",
        "Lines": "14",
        "Lon": 21.0243,
        "Lat": 52.1939
      },
      {
        "Brigade": "4",
        "Time": "2017-05-14 08:11:51",
        "Lines": "14",
        "Lon": 21.0243,
        "Lat": 52.1939
      },
      {
        "Brigade": "4",
        "Time": "2017-05-14 08:12:00",
        "Lines": "14",
        "Lon": 21.0243,
        "Lat": 52.1929
      },
      {
        "Brigade": "4",
        "Time": "2017-05-14 08:12:15",
        "Lines": "14",
        "Lon": 21.0244,
        "Lat": 52.1911
      },
      {
        "Brigade": "4",
        "Time": "2017-05-14 08:12:25",
        "Lines": "14",
        "Lon": 21.0245,
        "Lat": 52.1904
      },
      {
        "Brigade": "4",
        "Time": "2017-05-14 08:12:35",
        "Lines": "14",
        "Lon": 21.0245,
        "Lat": 52.1902
      },
      {
        "Brigade": "4",
        "Time": "2017-05-14 08:12:45",
        "Lines": "14",
        "Lon": 21.0245,
        "Lat": 52.1902
      },
      {
        "Brigade": "4",
        "Time": "2017-05-14 08:12:55",
        "Lines": "14",
        "Lon": 21.0245,
        "Lat": 52.1902
      },
      {
        "Brigade": "4",
        "Time": "2017-05-14 08:13:09",
        "Lines": "14",
        "Lon": 21.0245,
        "Lat": 52.1899
      },
      {
        "Brigade": "4",
        "Time": "2017-05-14 08:13:20",
        "Lines": "14",
        "Lon": 21.0246,
        "Lat": 52.1894
      },
      {
        "Brigade": "4",
        "Time": "2017-05-14 08:13:30",
        "Lines": "14",
        "Lon": 21.0246,
        "Lat": 52.1887
      },
      {
        "Brigade": "4",
        "Time": "2017-05-14 08:13:40",
        "Lines": "14",
        "Lon": 21.0247,
        "Lat": 52.1874
      },
      {
        "Brigade": "4",
        "Time": "2017-05-14 08:13:40",
        "Lines": "14",
        "Lon": 21.0247,
        "Lat": 52.1874
      },
      {
        "Brigade": "4",
        "Time": "2017-05-14 08:13:55",
        "Lines": "14",
        "Lon": 21.0247,
        "Lat": 52.1866
      },
      {
        "Brigade": "4",
        "Time": "2017-05-14 08:14:05",
        "Lines": "14",
        "Lon": 21.0247,
        "Lat": 52.1865
      },
      {
        "Brigade": "4",
        "Time": "2017-05-14 08:14:15",
        "Lines": "14",
        "Lon": 21.0247,
        "Lat": 52.1865
      },
      {
        "Brigade": "4",
        "Time": "2017-05-14 08:14:25",
        "Lines": "14",
        "Lon": 21.0247,
        "Lat": 52.1865
      },
      {
        "Brigade": "4",
        "Time": "2017-05-14 08:14:35",
        "Lines": "14",
        "Lon": 21.0244,
        "Lat": 52.1858
      },
      {
        "Brigade": "4",
        "Time": "2017-05-14 08:14:50",
        "Lines": "14",
        "Lon": 21.0238,
        "Lat": 52.1842
      },
      {
        "Brigade": "4",
        "Time": "2017-05-14 08:15:00",
        "Lines": "14",
        "Lon": 21.0235,
        "Lat": 52.1833
      },
      {
        "Brigade": "4",
        "Time": "2017-05-14 08:15:10",
        "Lines": "14",
        "Lon": 21.0232,
        "Lat": 52.1824
      },
      {
        "Brigade": "4",
        "Time": "2017-05-14 08:15:20",
        "Lines": "14",
        "Lon": 21.0228,
        "Lat": 52.1817
      },
      {
        "Brigade": "4",
        "Time": "2017-05-14 08:15:20",
        "Lines": "14",
        "Lon": 21.0228,
        "Lat": 52.1817
      },
      {
        "Brigade": "4",
        "Time": "2017-05-14 08:15:30",
        "Lines": "14",
        "Lon": 21.0227,
        "Lat": 52.1813
      },
      {
        "Brigade": "4",
        "Time": "2017-05-14 08:15:40",
        "Lines": "14",
        "Lon": 21.0227,
        "Lat": 52.1813
      },
      {
        "Brigade": "4",
        "Time": "2017-05-14 08:15:55",
        "Lines": "14",
        "Lon": 21.0225,
        "Lat": 52.1811
      },
      {
        "Brigade": "4",
        "Time": "2017-05-14 08:16:05",
        "Lines": "14",
        "Lon": 21.022,
        "Lat": 52.181
      },
      {
        "Brigade": "4",
        "Time": "2017-05-14 08:16:15",
        "Lines": "14",
        "Lon": 21.0218,
        "Lat": 52.1807
      },
      {
        "Brigade": "4",
        "Time": "2017-05-14 08:16:25",
        "Lines": "14",
        "Lon": 21.0218,
        "Lat": 52.1806
      },
      {
        "Brigade": "4",
        "Time": "2017-05-14 08:16:35",
        "Lines": "14",
        "Lon": 21.0218,
        "Lat": 52.1806
      },
      {
        "Brigade": "4",
        "Time": "2017-05-14 08:16:50",
        "Lines": "14",
        "Lon": 21.0218,
        "Lat": 52.1806
      },
      {
        "Brigade": "4",
        "Time": "2017-05-14 08:17:00",
        "Lines": "14",
        "Lon": 21.0218,
        "Lat": 52.1806
      },
      {
        "Brigade": "4",
        "Time": "2017-05-14 08:17:10",
        "Lines": "14",
        "Lon": 21.0218,
        "Lat": 52.1806
      },
      {
        "Brigade": "4",
        "Time": "2017-05-14 08:17:10",
        "Lines": "14",
        "Lon": 21.0218,
        "Lat": 52.1806
      },
      {
        "Brigade": "4",
        "Time": "2017-05-14 08:17:20",
        "Lines": "14",
        "Lon": 21.0218,
        "Lat": 52.1806
      },
      {
        "Brigade": "4",
        "Time": "2017-05-14 08:17:30",
        "Lines": "14",
        "Lon": 21.0218,
        "Lat": 52.1806
      },
      {
        "Brigade": "4",
        "Time": "2017-05-14 08:17:45",
        "Lines": "14",
        "Lon": 21.0218,
        "Lat": 52.1806
      }
    ]
  }
]
