[
  {
    "res": [
      {
        "Brigade": "5",
        "Time": "2017-05-14 07:40:50",
        "Lines": "14",
        "Lon": 20.9797,
        "Lat": 52.2368
      },
      {
        "Brigade": "5",
        "Time": "2017-05-14 07:41:00",
        "Lines": "14",
        "Lon": 20.9801,
        "Lat": 52.2368
      },
      {
        "Brigade": "5",
        "Time": "2017-05-14 07:41:10",
        "Lines": "14",
        "Lon": 20.9804,
        "Lat": 52.2363
      },
      {
        "Brigade": "5",
        "Time": "2017-05-14 07:41:20",
        "Lines": "14",
        "Lon": 20.9805,
        "Lat": 52.236
      },
      {
        "Brigade": "5",
        "Time": "2017-05-14 07:41:30",
        "Lines": "14",
        "Lon": 20.9805,
        "Lat": 52.236
      },
      {
        "Brigade": "5",
        "Time": "2017-05-14 07:41:30",
        "Lines": "14",
        "Lon": 20.9805,
        "Lat": 52.236
      },
      {
        "Brigade": "5",
        "Time": "2017-05-14 07:41:40",
        "Lines": "14",
        "Lon": 20.9806,
        "Lat": 52.2356
      },
      {
        "Brigade": "5",
        "Time": "2017-05-14 07:41:55",
        "Lines": "14",
        "Lon": 20.9816,
        "Lat": 52.2342
      },
      {
        "Brigade": "5",
        "Time": "2017-05-14 07:42:00",
        "Lines": "14",
        "Lon": 20.9819,
        "Lat": 52.2338
      },
      {
        "Brigade": "5",
        "Time": "2017-05-14 07:42:14",
        "Lines": "14",
        "Lon": 20.982,
        "Lat": 52.2334
      },
      {
        "Brigade": "5",
        "Time": "2017-05-14 07:42:24",
        "Lines": "14",
        "Lon": 20.9825,
        "Lat": 52.2326
      },
      {
        "Brigade": "5",
        "Time": "2017-05-14 07:42:34",
        "Lines": "14",
        "Lon": 20.9833,
        "Lat": 52.2316
      },
      {
        "Brigade": "5",
        "Time": "2017-05-14 07:42:50",
        "Lines": "14",
        "Lon": 20.9839,
        "Lat": 52.2308
      },
      {
        "Brigade": "5",
        "Time": "2017-05-14 07:42:59",
        "Lines": "14",
        "Lon": 20.9839,
        "Lat": 52.2308
      },
      {
        "Brigade": "5",
        "Time": "2017-05-14 07:43:09",
        "Lines": "14",
        "Lon": 20.9839,
        "Lat": 52.2308
      },
      {
        "Brigade": "5",
        "Time": "2017-05-14 07:43:09",
        "Lines": "14",
        "Lon": 20.9839,
        "Lat": 52.2308
      },
      {
        "Brigade": "5",
        "Time": "2017-05-14 07:43:19",
        "Lines": "14",
        "Lon": 20.9843,
        "Lat": 52.2303
      },
      {
        "Brigade": "5",
        "Time": "2017-05-14 07:43:34",
        "Lines": "14",
        "Lon": 20.9854,
        "Lat": 52.229
      },
      {
        "Brigade": "5",
        "Time": "2017-05-14 07:43:44",
        "Lines": "14",
        "Lon": 20.9863,
        "Lat": 52.228
      },
      {
        "Brigade": "5",
        "Time": "2017-05-14 07:43:54",
        "Lines": "14",
        "Lon": 20.9868,
        "Lat": 52.2275
      },
      {
        "Brigade": "5",
        "Time": "2017-05-14 07:44:00",
        "Lines": "14",
        "Lon": 20.9868,
        "Lat": 52.2275
      },
      {
        "Brigade": "5",
        "Time": "2017-05-14 07:44:19",
        "Lines": "14",
        "Lon": 20.9877,
        "Lat": 52.2265
      },
      {
        "Brigade": "5",
        "Time": "2017-05-14 07:44:24",
        "Lines": "14",
        "Lon": 20.988,
        "Lat": 52.2261
      },
      {
        "Brigade": "5",
        "Time": "2017-05-14 07:44:39",
        "Lines": "14",
        "Lon": 20.9885,
        "Lat": 52.2255
      },
      {
        "Brigade": "5",
        "Time": "2017-05-14 07:44:49",
        "Lines": "14",
        "Lon": 20.9885,
        "Lat": 52.2255
      },
      {
        "Brigade": "5",
        "Time": "2017-05-14 07:44:59",
        "Lines": "14",
        "Lon": 20.9884,
        "Lat": 52.2255
      },
      {
        "Brigade": "5",
        "Time": "2017-05-14 07:44:59",
        "Lines": "14",
        "Lon": 20.9884,
        "Lat": 52.2255
      },
      {
        "Brigade": "5",
        "Time": "2017-05-14 07:45:10",
        "Lines": "14",
        "Lon": 20.9886,
        "Lat": 52.2253
      },
      {
        "Brigade": "5",
        "Time": "2017-05-14 07:45:25",
        "Lines": "14",
        "Lon": 20.9887,
        "Lat": 52.2252
      },
      {
        "Brigade": "5",
        "Time": "2017-05-14 07:45:35",
        "Lines": "14",
        "Lon": 20.9887,
        "Lat": 52.2253
      },
      {
        "Brigade": "5",
        "Time": "2017-05-14 07:45:44",
        "Lines": "14",
        "Lon": 20.9887,
        "Lat": 52.2253
      },
      {
        "Brigade": "5",
        "Time": "2017-05-14 07:45:55",
        "Lines": "14",
        "Lon": 20.9887,
        "Lat": 52.2253
      },
      {
        "Brigade": "5",
        "Time": "2017-05-14 07:46:10",
        "Lines": "14",
        "Lon": 20.9887,
        "Lat": 52.2246
      },
      {
        "Brigade": "5",
        "Time": "2017-05-14 07:46:19",
        "Lines": "14",
        "Lon": 20.988,
        "Lat": 52.2242
      },
      {
        "Brigade": "5",
        "Time": "2017-05-14 07:46:30",
        "Lines": "14",
        "Lon": 20.9872,
        "Lat": 52.2233
      },
      {
        "Brigade": "5",
        "Time": "2017-05-14 07:46:42",
        "Lines": "14",
        "Lon": 20.9868,
        "Lat": 52.2227
      },
      {
        "Brigade": "5",
        "Time": "2017-05-14 07:46:42",
        "Lines": "14",
        "Lon": 20.9868,
        "Lat": 52.2227
      },
      {
        "Brigade": "5",
        "Time": "2017-05-14 07:46:49",
        "Lines": "14",
        "Lon": 20.9868,
        "Lat": 52.2227
      },
      {
        "Brigade": "5",
        "Time": "2017-05-14 07:46:59",
        "Lines": "14",
        "Lon": 20.9868,
        "Lat": 52.2227
      },
      {
        "Brigade": "5",
        "Time": "2017-05-14 07:47:14",
        "Lines": "14",
        "Lon": 20.9868,
        "Lat": 52.2227
      },
      {
        "Brigade": "5",
        "Time": "2017-05-14 07:47:24",
        "Lines": "14",
        "Lon": 20.9868,
        "Lat": 52.2227
      },
      {
        "Brigade": "5",
        "Time": "2017-05-14 07:47:35",
        "Lines": "14",
        "Lon": 20.9868,
        "Lat": 52.2227
      },
      {
        "Brigade": "5",
        "Time": "2017-05-14 07:47:44",
        "Lines": "14",
        "Lon": 20.9863,
        "Lat": 52.2221
      },
      {
        "Brigade": "5",
        "Time": "2017-05-14 07:47:59",
        "Lines": "14",
        "Lon": 20.9849,
        "Lat": 52.2205
      },
      {
        "Brigade": "5",
        "Time": "2017-05-14 07:48:04",
        "Lines": "14",
        "Lon": 20.9847,
        "Lat": 52.2202
      },
      {
        "Brigade": "5",
        "Time": "2017-05-14 07:48:04",
        "Lines": "14",
        "Lon": 20.9847,
        "Lat": 52.2202
      },
      {
        "Brigade": "5",
        "Time": "2017-05-14 07:48:04",
        "Lines": "14",
        "Lon": 20.9847,
        "Lat": 52.2202
      },
      {
        "Brigade": "5",
        "Time": "2017-05-14 07:48:04",
        "Lines": "14",
        "Lon": 20.9847,
        "Lat": 52.2202
      },
      {
        "Brigade": "5",
        "Time": "2017-05-14 07:48:04",
        "Lines": "14",
        "Lon": 20.9847,
        "Lat": 52.2202
      },
      {
        "Brigade": "5",
        "Time": "2017-05-14 07:48:04",
        "Lines": "14",
        "Lon": 20.9847,
        "Lat": 52.2202
      },
      {
        "Brigade": "5",
        "Time": "2017-05-14 07:49:04",
        "Lines": "14",
        "Lon": 20.9835,
        "Lat": 52.2189
      },
      {
        "Brigade": "5",
        "Time": "2017-05-14 07:49:14",
        "Lines": "14",
        "Lon": 20.9835,
        "Lat": 52.2189
      },
      {
        "Brigade": "5",
        "Time": "2017-05-14 07:49:24",
        "Lines": "14",
        "Lon": 20.9835,
        "Lat": 52.2189
      },
      {
        "Brigade": "5",
        "Time": "2017-05-14 07:49:34",
        "Lines": "14",
        "Lon": 20.9835,
        "Lat": 52.2189
      },
      {
        "Brigade": "5",
        "Time": "2017-05-14 07:49:49",
        "Lines": "14",
        "Lon": 20.9828,
        "Lat": 52.2182
      },
      {
        "Brigade": "5",
        "Time": "2017-05-14 07:49:59",
        "Lines": "14",
        "Lon": 20.9818,
        "Lat": 52.2171
      },
      {
        "Brigade": "5",
        "Time": "2017-05-14 07:50:11",
        "Lines": "14",
        "Lon": 20.9814,
        "Lat": 52.2165
      },
      {
        "Brigade": "5",
        "Time": "2017-05-14 07:50:22",
        "Lines": "14",
        "Lon": 20.9812,
        "Lat": 52.2163
      },
      {
        "Brigade": "5",
        "Time": "2017-05-14 07:50:22",
        "Lines": "14",
        "Lon": 20.9812,
        "Lat": 52.2163
      },
      {
        "Brigade": "5",
        "Time": "2017-05-14 07:50:29",
        "Lines": "14",
        "Lon": 20.9806,
        "Lat": 52.2156
      },
      {
        "Brigade": "5",
        "Time": "2017-05-14 07:50:39",
        "Lines": "14",
        "Lon": 20.9798,
        "Lat": 52.2147
      },
      {
        "Brigade": "5",
        "Time": "2017-05-14 07:50:54",
        "Lines": "14",
        "Lon": 20.9797,
        "Lat": 52.2145
      },
      {
        "Brigade": "5",
        "Time": "2017-05-14 07:51:04",
        "Lines": "14",
        "Lon": 20.9797,
        "Lat": 52.2145
      },
      {
        "Brigade": "5",
        "Time": "2017-05-14 07:51:14",
        "Lines": "14",
        "Lon": 20.9797,
        "Lat": 52.2145
      },
      {
        "Brigade": "5",
        "Time": "2017-05-14 07:51:29",
        "Lines": "14",
        "Lon": 20.9797,
        "Lat": 52.2145
      },
      {
        "Brigade": "5",
        "Time": "2017-05-14 07:51:39",
        "Lines": "14",
        "Lon": 20.9797,
        "Lat": 52.2145
      },
      {
        "Brigade": "5",
        "Time": "2017-05-14 07:51:49",
        "Lines": "14",
        "Lon": 20.9792,
        "Lat": 52.2139
      },
      {
        "Brigade": "5",
        "Time": "2017-05-14 07:51:59",
        "Lines": "14",
        "Lon": 20.9782,
        "Lat": 52.2128
      },
      {
        "Brigade": "5",
        "Time": "2017-05-14 07:51:59",
        "Lines": "14",
        "Lon": 20.9782,
        "Lat": 52.2128
      },
      {
        "Brigade": "5",
        "Time": "2017-05-14 07:52:09",
        "Lines": "14",
        "Lon": 20.9777,
        "Lat": 52.2123
      },
      {
        "Brigade": "5",
        "Time": "2017-05-14 07:52:24",
        "Lines": "14",
        "Lon": 20.9771,
        "Lat": 52.2114
      },
      {
        "Brigade": "5",
        "Time": "2017-05-14 07:52:34",
        "Lines": "14",
        "Lon": 20.977,
        "Lat": 52.2113
      },
      {
        "Brigade": "5",
        "Time": "2017-05-14 07:52:44",
        "Lines": "14",
        "Lon": 20.9769,
        "Lat": 52.2113
      },
      {
        "Brigade": "5",
        "Time": "2017-05-14 07:52:54",
        "Lines": "14",
        "Lon": 20.9769,
        "Lat": 52.2113
      },
      {
        "Brigade": "5",
        "Time": "2017-05-14 07:53:09",
        "Lines": "14",
        "Lon": 20.9769,
        "Lat": 52.2113
      },
      {
        "Brigade": "5",
        "Time": "2017-05-14 07:53:19",
        "Lines": "14",
        "Lon": 20.9769,
        "Lat": 52.2113
      },
      {
        "Brigade": "5",
        "Time": "2017-05-14 07:53:29",
        "Lines": "14",
        "Lon": 20.9769,
        "Lat": 52.2113
      },
      {
        "Brigade": "5",
        "Time": "2017-05-14 07:53:39",
        "Lines": "14",
        "Lon": 20.9769,
        "Lat": 52.2113
      },
      {
        "Brigade": "5",
        "Time": "2017-05-14 07:53:39",
        "Lines": "14",
        "Lon": 20.9769,
        "Lat": 52.2113
      },
      {
        "Brigade": "5",
        "Time": "2017-05-14 07:53:49",
        "Lines": "14",
        "Lon": 20.9769,
        "Lat": 52.2113
      },
      {
        "Brigade": "5",
        "Time": "2017-05-14 07:54:04",
        "Lines": "14",
        "Lon": 20.9771,
        "Lat": 52.2109
      },
      {
        "Brigade": "5",
        "Time": "2017-05-14 07:54:15",
        "Lines": "14",
        "Lon": 20.9779,
        "Lat": 52.2107
      },
      {
        "Brigade": "5",
        "Time": "2017-05-14 07:54:24",
        "Lines": "14",
        "Lon": 20.9779,
        "Lat": 52.2107
      },
      {
        "Brigade": "5",
        "Time": "2017-05-14 07:54:34",
        "Lines": "14",
        "Lon": 20.978,
        "Lat": 52.2106
      },
      {
        "Brigade": "5",
        "Time": "2017-05-14 07:54:44",
        "Lines": "14",
        "Lon": 20.9781,
        "Lat": 52.2106
      },
      {
        "Brigade": "5",
        "Time": "2017-05-14 07:54:59",
        "Lines": "14",
        "Lon": 20.9781,
        "Lat": 52.2106
      },
      {
        "Brigade": "5",
        "Time": "2017-05-14 07:55:09",
        "Lines": "14",
        "Lon": 20.9781,
        "Lat": 52.2106
      },
      {
        "Brigade": "5",
        "Time": "2017-05-14 07:55:19",
        "Lines": "14",
        "Lon": 20.9781,
        "Lat": 52.2106
      },
      {
        "Brigade": "5",
        "Time": "2017-05-14 07:55:29",
        "Lines": "14",
        "Lon": 20.9789,
        "Lat": 52.2105
      },
      {
        "Brigade": "5",
        "Time": "2017-05-14 07:55:29",
        "Lines": "14",
        "Lon": 20.9789,
        "Lat": 52.2105
      },
      {
        "Brigade": "5",
        "Time": "2017-05-14 07:55:44",
        "Lines": "14",
        "Lon": 20.9801,
        "Lat": 52.2104
      },
      {
        "Brigade": "5",
        "Time": "2017-05-14 07:55:54",
        "Lines": "14",
        "Lon": 20.9801,
        "Lat": 52.2104
      },
      {
        "Brigade": "5",
        "Time": "2017-05-14 07:55:59",
        "Lines": "14",
        "Lon": 20.9801,
        "Lat": 52.2104
      },
      {
        "Brigade": "5",
        "Time": "2017-05-14 07:56:14",
        "Lines": "14",
        "Lon": 20.9803,
        "Lat": 52.2104
      },
      {
        "Brigade": "5",
        "Time": "2017-05-14 07:56:24",
        "Lines": "14",
        "Lon": 20.9808,
        "Lat": 52.2103
      },
      {
        "Brigade": "5",
        "Time": "2017-05-14 07:56:39",
        "Lines": "14",
        "Lon": 20.9813,
        "Lat": 52.2099
      },
      {
        "Brigade": "5",
        "Time": "2017-05-14 07:56:49",
        "Lines": "14",
        "Lon": 20.982,
        "Lat": 52.2099
      },
      {
        "Brigade": "5",
        "Time": "2017-05-14 07:56:59",
        "Lines": "14",
        "Lon": 20.982,
        "Lat": 52.2099
      },
      {
        "Brigade": "5",
        "Time": "2017-05-14 07:57:09",
        "Lines": "14",
        "Lon": 20.982,
        "Lat": 52.2099
      },
      {
        "Brigade": "5",
        "Time": "2017-05-14 07:57:19",
        "Lines": "14",
        "Lon": 20.982,
        "Lat": 52.2099
      },
      {
        "Brigade": "5",
        "Time": "2017-05-14 07:57:19",
        "Lines": "14",
        "Lon": 20.982,
        "Lat": 52.2099
      },
      {
        "Brigade": "5",
        "Time": "2017-05-14 07:57:34",
        "Lines": "14",
        "Lon": 20.982,
        "Lat": 52.2099
      },
      {
        "Brigade": "5",
        "Time": "2017-05-14 07:57:44",
        "Lines": "14",
        "Lon": 20.982,
        "Lat": 52.2099
      },
      {
        "Brigade": "5",
        "Time": "2017-05-14 07:57:54",
        "Lines": "14",
        "Lon": 20.982,
        "Lat": 52.2099
      },
      {
        "Brigade": "5",
        "Time": "2017-05-14 07:57:59",
        "Lines": "14",
        "Lon": 20.982,
        "Lat": 52.2099
      },
      {
        "Brigade": "5",
        "Time": "2017-05-14 07:58:14",
        "Lines": "14",
        "Lon": 20.982,
        "Lat": 52.2099
      },
      {
        "Brigade": "5",
        "Time": "2017-05-14 07:58:24",
        "Lines": "14",
        "Lon": 20.982,
        "Lat": 52.2099
      },
      {
        "Brigade": "5",
        "Time": "2017-05-14 07:58:39",
        "Lines": "14",
        "Lon": 20.982,
        "Lat": 52.2099
      },
      {
        "Brigade": "5",
        "Time": "2017-05-14 07:58:49",
        "Lines": "14",
        "Lon": 20.982,
        "Lat": 52.2099
      },
      {
        "Brigade": "5",
        "Time": "2017-05-14 07:58:59",
        "Lines": "14",
        "Lon": 20.982,
        "Lat": 52.2099
      },
      {
        "Brigade": "5",
        "Time": "2017-05-14 07:59:09",
        "Lines": "14",
        "Lon": 20.982,
        "Lat": 52.2099
      },
      {
        "Brigade": "5",
        "Time": "2017-05-14 07:59:09",
        "Lines": "14",
        "Lon": 20.982,
        "Lat": 52.2099
      },
      {
        "Brigade": "5",
        "Time": "2017-05-14 07:59:24",
        "Lines": "14",
        "Lon": 20.982,
        "Lat": 52.2099
      },
      {
        "Brigade": "5",
        "Time": "2017-05-14 07:59:34",
        "Lines": "14",
        "Lon": 20.982,
        "Lat": 52.2099
      },
      {
        "Brigade": "5",
        "Time": "2017-05-14 07:59:44",
        "Lines": "14",
        "Lon": 20.982,
        "Lat": 52.2099
      },
      {
        "Brigade": "5",
        "Time": "2017-05-14 07:59:54",
        "Lines": "14",
        "Lon": 20.982,
        "Lat": 52.2099
      },
      {
        "Brigade": "5",
        "Time": "2017-05-14 08:00:04",
        "Lines": "14",
        "Lon": 20.982,
        "Lat": 52.2099
      },
      {
        "Brigade": "5",
        "Time": "2017-05-14 08:00:14",
        "Lines": "14",
        "Lon": 20.982,
        "Lat": 52.2099
      },
      {
        "Brigade": "5",
        "Time": "2017-05-14 08:00:29",
        "Lines": "14",
        "Lon": 20.982,
        "Lat": 52.2099
      },
      {
        "Brigade": "5",
        "Time": "2017-05-14 08:00:39",
        "Lines": "14",
        "Lon": 20.982,
        "Lat": 52.2099
      },
      {
        "Brigade": "5",
        "Time": "2017-05-14 08:00:49",
        "Lines": "14",
        "Lon": 20.982,
        "Lat": 52.2099
      },
      {
        "Brigade": "5",
        "Time": "2017-05-14 08:00:59",
        "Lines": "14",
        "Lon": 20.982,
        "Lat": 52.2099
      },
      {
        "Brigade": "5",
        "Time": "2017-05-14 08:00:59",
        "Lines": "14",
        "Lon": 20.982,
        "Lat": 52.2099
      },
      {
        "Brigade": "5",
        "Time": "2017-05-14 08:01:09",
        "Lines": "14",
        "Lon": 20.982,
        "Lat": 52.2099
      },
      {
        "Brigade": "5",
        "Time": "2017-05-14 08:01:24",
        "Lines": "14",
        "Lon": 20.982,
        "Lat": 52.2099
      },
      {
        "Brigade": "5",
        "Time": "2017-05-14 08:01:34",
        "Lines": "14",
        "Lon": 20.982,
        "Lat": 52.2099
      },
      {
        "Brigade": "5",
        "Time": "2017-05-14 08:01:44",
        "Lines": "14",
        "Lon": 20.982,
        "Lat": 52.2099
      },
      {
        "Brigade": "5",
        "Time": "2017-05-14 08:01:54",
        "Lines": "14",
        "Lon": 20.982,
        "Lat": 52.2099
      },
      {
        "Brigade": "5",
        "Time": "2017-05-14 08:02:09",
        "Lines": "14",
        "Lon": 20.982,
        "Lat": 52.2099
      },
      {
        "Brigade": "5",
        "Time": "2017-05-14 08:02:19",
        "Lines": "14",
        "Lon": 20.982,
        "Lat": 52.2099
      },
      {
        "Brigade": "5",
        "Time": "2017-05-14 08:02:29",
        "Lines": "14",
        "Lon": 20.982,
        "Lat": 52.2099
      },
      {
        "Brigade": "5",
        "Time": "2017-05-14 08:02:39",
        "Lines": "14",
        "Lon": 20.982,
        "Lat": 52.2099
      },
      {
        "Brigade": "5",
        "Time": "2017-05-14 08:02:49",
        "Lines": "14",
        "Lon": 20.982,
        "Lat": 52.2099
      },
      {
        "Brigade": "5",
        "Time": "2017-05-14 08:02:49",
        "Lines": "14",
        "Lon": 20.982,
        "Lat": 52.2099
      },
      {
        "Brigade": "5",
        "Time": "2017-05-14 08:02:59",
        "Lines": "14",
        "Lon": 20.982,
        "Lat": 52.2099
      },
      {
        "Brigade": "5",
        "Time": "2017-05-14 08:03:14",
        "Lines": "14",
        "Lon": 20.982,
        "Lat": 52.2099
      },
      {
        "Brigade": "5",
        "Time": "2017-05-14 08:03:24",
        "Lines": "14",
        "Lon": 20.982,
        "Lat": 52.2099
      },
      {
        "Brigade": "5",
        "Time": "2017-05-14 08:03:34",
        "Lines": "14",
        "Lon": 20.982,
        "Lat": 52.2099
      },
      {
        "Brigade": "5",
        "Time": "2017-05-14 08:03:44",
        "Lines": "14",
        "Lon": 20.982,
        "Lat": 52.2099
      },
      {
        "Brigade": "5",
        "Time": "2017-05-14 08:03:59",
        "Lines": "14",
        "Lon": 20.982,
        "Lat": 52.2099
      },
      {
        "Brigade": "5",
        "Time": "2017-05-14 08:04:09",
        "Lines": "14",
        "Lon": 20.9821,
        "Lat": 52.2099
      },
      {
        "Brigade": "5",
        "Time": "2017-05-14 08:04:19",
        "Lines": "14",
        "Lon": 20.9824,
        "Lat": 52.21
      },
      {
        "Brigade": "5",
        "Time": "2017-05-14 08:04:29",
        "Lines": "14",
        "Lon": 20.9825,
        "Lat": 52.21
      },
      {
        "Brigade": "5",
        "Time": "2017-05-14 08:04:39",
        "Lines": "14",
        "Lon": 20.9825,
        "Lat": 52.2101
      },
      {
        "Brigade": "5",
        "Time": "2017-05-14 08:04:39",
        "Lines": "14",
        "Lon": 20.9825,
        "Lat": 52.2101
      },
      {
        "Brigade": "5",
        "Time": "2017-05-14 08:04:54",
        "Lines": "14",
        "Lon": 20.9825,
        "Lat": 52.2103
      },
      {
        "Brigade": "5",
        "Time": "2017-05-14 08:05:04",
        "Lines": "14",
        "Lon": 20.9825,
        "Lat": 52.2103
      },
      {
        "Brigade": "5",
        "Time": "2017-05-14 08:05:14",
        "Lines": "14",
        "Lon": 20.9819,
        "Lat": 52.2105
      },
      {
        "Brigade": "5",
        "Time": "2017-05-14 08:05:24",
        "Lines": "14",
        "Lon": 20.9812,
        "Lat": 52.2105
      },
      {
        "Brigade": "5",
        "Time": "2017-05-14 08:05:34",
        "Lines": "14",
        "Lon": 20.9812,
        "Lat": 52.2105
      },
      {
        "Brigade": "5",
        "Time": "2017-05-14 08:05:44",
        "Lines": "14",
        "Lon": 20.9812,
        "Lat": 52.2105
      },
      {
        "Brigade": "5",
        "Time": "2017-05-14 08:05:55",
        "Lines": "14",
        "Lon": 20.9807,
        "Lat": 52.2105
      },
      {
        "Brigade": "5",
        "Time": "2017-05-14 08:06:10",
        "Lines": "14",
        "Lon": 20.9798,
        "Lat": 52.2104
      },
      {
        "Brigade": "5",
        "Time": "2017-05-14 08:06:19",
        "Lines": "14",
        "Lon": 20.9798,
        "Lat": 52.2104
      },
      {
        "Brigade": "5",
        "Time": "2017-05-14 08:06:32",
        "Lines": "14",
        "Lon": 20.9793,
        "Lat": 52.2104
      },
      {
        "Brigade": "5",
        "Time": "2017-05-14 08:06:32",
        "Lines": "14",
        "Lon": 20.9793,
        "Lat": 52.2104
      },
      {
        "Brigade": "5",
        "Time": "2017-05-14 08:06:39",
        "Lines": "14",
        "Lon": 20.9782,
        "Lat": 52.2106
      },
      {
        "Brigade": "5",
        "Time": "2017-05-14 08:06:54",
        "Lines": "14",
        "Lon": 20.9767,
        "Lat": 52.2111
      },
      {
        "Brigade": "5",
        "Time": "2017-05-14 08:07:04",
        "Lines": "14",
        "Lon": 20.9769,
        "Lat": 52.2115
      },
      {
        "Brigade": "5",
        "Time": "2017-05-14 08:07:14",
        "Lines": "14",
        "Lon": 20.9772,
        "Lat": 52.2118
      },
      {
        "Brigade": "5",
        "Time": "2017-05-14 08:07:24",
        "Lines": "14",
        "Lon": 20.9772,
        "Lat": 52.2118
      },
      {
        "Brigade": "5",
        "Time": "2017-05-14 08:07:39",
        "Lines": "14",
        "Lon": 20.9775,
        "Lat": 52.212
      },
      {
        "Brigade": "5",
        "Time": "2017-05-14 08:07:49",
        "Lines": "14",
        "Lon": 20.9781,
        "Lat": 52.2127
      },
      {
        "Brigade": "5",
        "Time": "2017-05-14 08:07:59",
        "Lines": "14",
        "Lon": 20.9787,
        "Lat": 52.2135
      },
      {
        "Brigade": "5",
        "Time": "2017-05-14 08:08:09",
        "Lines": "14",
        "Lon": 20.9789,
        "Lat": 52.2137
      },
      {
        "Brigade": "5",
        "Time": "2017-05-14 08:08:19",
        "Lines": "14",
        "Lon": 20.9793,
        "Lat": 52.214
      },
      {
        "Brigade": "5",
        "Time": "2017-05-14 08:08:19",
        "Lines": "14",
        "Lon": 20.9793,
        "Lat": 52.214
      },
      {
        "Brigade": "5",
        "Time": "2017-05-14 08:08:29",
        "Lines": "14",
        "Lon": 20.9793,
        "Lat": 52.2141
      },
      {
        "Brigade": "5",
        "Time": "2017-05-14 08:08:44",
        "Lines": "14",
        "Lon": 20.98,
        "Lat": 52.2149
      },
      {
        "Brigade": "5",
        "Time": "2017-05-14 08:08:54",
        "Lines": "14",
        "Lon": 20.9805,
        "Lat": 52.2155
      },
      {
        "Brigade": "5",
        "Time": "2017-05-14 08:08:59",
        "Lines": "14",
        "Lon": 20.9808,
        "Lat": 52.2157
      },
      {
        "Brigade": "5",
        "Time": "2017-05-14 08:09:14",
        "Lines": "14",
        "Lon": 20.981,
        "Lat": 52.216
      },
      {
        "Brigade": "5",
        "Time": "2017-05-14 08:09:29",
        "Lines": "14",
        "Lon": 20.981,
        "Lat": 52.216
      },
      {
        "Brigade": "5",
        "Time": "2017-05-14 08:09:39",
        "Lines": "14",
        "Lon": 20.9809,
        "Lat": 52.2161
      },
      {
        "Brigade": "5",
        "Time": "2017-05-14 08:09:49",
        "Lines": "14",
        "Lon": 20.9809,
        "Lat": 52.2161
      },
      {
        "Brigade": "5",
        "Time": "2017-05-14 08:09:59",
        "Lines": "14",
        "Lon": 20.9809,
        "Lat": 52.2161
      },
      {
        "Brigade": "5",
        "Time": "2017-05-14 08:09:59",
        "Lines": "14",
        "Lon": 20.9809,
        "Lat": 52.2161
      },
      {
        "Brigade": "5",
        "Time": "2017-05-14 08:10:09",
        "Lines": "14",
        "Lon": 20.9809,
        "Lat": 52.2161
      },
      {
        "Brigade": "5",
        "Time": "2017-05-14 08:10:24",
        "Lines": "14",
        "Lon": 20.9812,
        "Lat": 52.2164
      },
      {
        "Brigade": "5",
        "Time": "2017-05-14 08:10:34",
        "Lines": "14",
        "Lon": 20.9819,
        "Lat": 52.2172
      },
      {
        "Brigade": "5",
        "Time": "2017-05-14 08:10:44",
        "Lines": "14",
        "Lon": 20.9826,
        "Lat": 52.2179
      },
      {
        "Brigade": "5",
        "Time": "2017-05-14 08:10:54",
        "Lines": "14",
        "Lon": 20.983,
        "Lat": 52.2182
      },
      {
        "Brigade": "5",
        "Time": "2017-05-14 08:11:04",
        "Lines": "14",
        "Lon": 20.9836,
        "Lat": 52.2183
      },
      {
        "Brigade": "5",
        "Time": "2017-05-14 08:11:19",
        "Lines": "14",
        "Lon": 20.9846,
        "Lat": 52.2188
      },
      {
        "Brigade": "5",
        "Time": "2017-05-14 08:11:29",
        "Lines": "14",
        "Lon": 20.9847,
        "Lat": 52.2189
      },
      {
        "Brigade": "5",
        "Time": "2017-05-14 08:11:39",
        "Lines": "14",
        "Lon": 20.9847,
        "Lat": 52.2188
      },
      {
        "Brigade": "5",
        "Time": "2017-05-14 08:11:49",
        "Lines": "14",
        "Lon": 20.9848,
        "Lat": 52.219
      },
      {
        "Brigade": "5",
        "Time": "2017-05-14 08:11:49",
        "Lines": "14",
        "Lon": 20.9848,
        "Lat": 52.219
      },
      {
        "Brigade": "5",
        "Time": "2017-05-14 08:12:04",
        "Lines": "14",
        "Lon": 20.9853,
        "Lat": 52.2194
      },
      {
        "Brigade": "5",
        "Time": "2017-05-14 08:12:14",
        "Lines": "14",
        "Lon": 20.9861,
        "Lat": 52.2194
      },
      {
        "Brigade": "5",
        "Time": "2017-05-14 08:12:24",
        "Lines": "14",
        "Lon": 20.9871,
        "Lat": 52.2193
      },
      {
        "Brigade": "5",
        "Time": "2017-05-14 08:12:34",
        "Lines": "14",
        "Lon": 20.9882,
        "Lat": 52.2193
      },
      {
        "Brigade": "5",
        "Time": "2017-05-14 08:12:48",
        "Lines": "14",
        "Lon": 20.989,
        "Lat": 52.2192
      },
      {
        "Brigade": "5",
        "Time": "2017-05-14 08:12:59",
        "Lines": "14",
        "Lon": 20.989,
        "Lat": 52.2192
      },
      {
        "Brigade": "5",
        "Time": "2017-05-14 08:13:09",
        "Lines": "14",
        "Lon": 20.9892,
        "Lat": 52.2192
      },
      {
        "Brigade": "5",
        "Time": "2017-05-14 08:13:19",
        "Lines": "14",
        "Lon": 20.9903,
        "Lat": 52.2192
      },
      {
        "Brigade": "5",
        "Time": "2017-05-14 08:13:29",
        "Lines": "14",
        "Lon": 20.9914,
        "Lat": 52.2192
      },
      {
        "Brigade": "5",
        "Time": "2017-05-14 08:13:39",
        "Lines": "14",
        "Lon": 20.9926,
        "Lat": 52.2191
      },
      {
        "Brigade": "5",
        "Time": "2017-05-14 08:13:39",
        "Lines": "14",
        "Lon": 20.9926,
        "Lat": 52.2191
      },
      {
        "Brigade": "5",
        "Time": "2017-05-14 08:13:55",
        "Lines": "14",
        "Lon": 20.9944,
        "Lat": 52.2191
      },
      {
        "Brigade": "5",
        "Time": "2017-05-14 08:14:04",
        "Lines": "14",
        "Lon": 20.9953,
        "Lat": 52.2191
      },
      {
        "Brigade": "5",
        "Time": "2017-05-14 08:14:14",
        "Lines": "14",
        "Lon": 20.9967,
        "Lat": 52.219
      },
      {
        "Brigade": "5",
        "Time": "2017-05-14 08:14:24",
        "Lines": "14",
        "Lon": 20.9979,
        "Lat": 52.219
      },
      {
        "Brigade": "5",
        "Time": "2017-05-14 08:14:34",
        "Lines": "14",
        "Lon": 20.9989,
        "Lat": 52.219
      },
      {
        "Brigade": "5",
        "Time": "2017-05-14 08:14:49",
        "Lines": "14",
        "Lon": 20.9992,
        "Lat": 52.219
      },
      {
        "Brigade": "5",
        "Time": "2017-05-14 08:14:59",
        "Lines": "14",
        "Lon": 20.9992,
        "Lat": 52.2189
      },
      {
        "Brigade": "5",
        "Time": "2017-05-14 08:15:09",
        "Lines": "14",
        "Lon": 20.9994,
        "Lat": 52.2189
      },
      {
        "Brigade": "5",
        "Time": "2017-05-14 08:15:19",
        "Lines": "14",
        "Lon": 20.9998,
        "Lat": 52.2192
      },
      {
        "Brigade": "5",
        "Time": "2017-05-14 08:15:19",
        "Lines": "14",
        "Lon": 20.9998,
        "Lat": 52.2192
      },
      {
        "Brigade": "5",
        "Time": "2017-05-14 08:15:29",
        "Lines": "14",
        "Lon": 20.9999,
        "Lat": 52.2197
      },
      {
        "Brigade": "5",
        "Time": "2017-05-14 08:15:44",
        "Lines": "14",
        "Lon": 21.0005,
        "Lat": 52.2203
      },
      {
        "Brigade": "5",
        "Time": "2017-05-14 08:15:54",
        "Lines": "14",
        "Lon": 21.0015,
        "Lat": 52.2203
      },
      {
        "Brigade": "5",
        "Time": "2017-05-14 08:16:04",
        "Lines": "14",
        "Lon": 21.0025,
        "Lat": 52.2203
      },
      {
        "Brigade": "5",
        "Time": "2017-05-14 08:16:14",
        "Lines": "14",
        "Lon": 21.004,
        "Lat": 52.2202
      },
      {
        "Brigade": "5",
        "Time": "2017-05-14 08:16:24",
        "Lines": "14",
        "Lon": 21.0042,
        "Lat": 52.2202
      },
      {
        "Brigade": "5",
        "Time": "2017-05-14 08:16:34",
        "Lines": "14",
        "Lon": 21.0043,
        "Lat": 52.2202
      },
      {
        "Brigade": "5",
        "Time": "2017-05-14 08:16:49",
        "Lines": "14",
        "Lon": 21.0043,
        "Lat": 52.2203
      },
      {
        "Brigade": "5",
        "Time": "2017-05-14 08:16:59",
        "Lines": "14",
        "Lon": 21.0043,
        "Lat": 52.2203
      },
      {
        "Brigade": "5",
        "Time": "2017-05-14 08:17:09",
        "Lines": "14",
        "Lon": 21.0043,
        "Lat": 52.2203
      },
      {
        "Brigade": "5",
        "Time": "2017-05-14 08:17:09",
        "Lines": "14",
        "Lon": 21.0043,
        "Lat": 52.2203
      },
      {
        "Brigade": "5",
        "Time": "2017-05-14 08:17:19",
        "Lines": "14",
        "Lon": 21.0043,
        "Lat": 52.2203
      },
      {
        "Brigade": "5",
        "Time": "2017-05-14 08:17:34",
        "Lines": "14",
        "Lon": 21.0043,
        "Lat": 52.2203
      },
      {
        "Brigade": "5",
        "Time": "2017-05-14 08:17:43",
        "Lines": "14",
        "Lon": 21.0049,
        "Lat": 52.2203
      }
    ]
  }
]
