[
  {
    "res": [
      {
        "Brigade": "2",
        "Time": "2017-05-14 06:36:44",
        "Lines": "17",
        "Lon": 21.0018,
        "Lat": 52.1936
      },
      {
        "Brigade": "2",
        "Time": "2017-05-14 06:36:55",
        "Lines": "17",
        "Lon": 21.0018,
        "Lat": 52.1948
      },
      {
        "Brigade": "2",
        "Time": "2017-05-14 06:37:05",
        "Lines": "17",
        "Lon": 21.0018,
        "Lat": 52.1952
      },
      {
        "Brigade": "2",
        "Time": "2017-05-14 06:37:21",
        "Lines": "17",
        "Lon": 21.0018,
        "Lat": 52.1952
      },
      {
        "Brigade": "2",
        "Time": "2017-05-14 06:37:31",
        "Lines": "17",
        "Lon": 21.0018,
        "Lat": 52.1959
      },
      {
        "Brigade": "2",
        "Time": "2017-05-14 06:37:42",
        "Lines": "17",
        "Lon": 21.0018,
        "Lat": 52.197
      },
      {
        "Brigade": "2",
        "Time": "2017-05-14 06:37:42",
        "Lines": "17",
        "Lon": 21.0018,
        "Lat": 52.197
      },
      {
        "Brigade": "2",
        "Time": "2017-05-14 06:37:52",
        "Lines": "17",
        "Lon": 21.0014,
        "Lat": 52.1983
      },
      {
        "Brigade": "2",
        "Time": "2017-05-14 06:38:03",
        "Lines": "17",
        "Lon": 21.0013,
        "Lat": 52.1988
      },
      {
        "Brigade": "2",
        "Time": "2017-05-14 06:38:13",
        "Lines": "17",
        "Lon": 21.0013,
        "Lat": 52.1988
      },
      {
        "Brigade": "2",
        "Time": "2017-05-14 06:38:24",
        "Lines": "17",
        "Lon": 21.0012,
        "Lat": 52.1989
      },
      {
        "Brigade": "2",
        "Time": "2017-05-14 06:38:35",
        "Lines": "17",
        "Lon": 21.0009,
        "Lat": 52.2
      },
      {
        "Brigade": "2",
        "Time": "2017-05-14 06:38:35",
        "Lines": "17",
        "Lon": 21.0009,
        "Lat": 52.2
      },
      {
        "Brigade": "2",
        "Time": "2017-05-14 06:38:55",
        "Lines": "17",
        "Lon": 21.0005,
        "Lat": 52.2015
      },
      {
        "Brigade": "2",
        "Time": "2017-05-14 06:39:11",
        "Lines": "17",
        "Lon": 21.0005,
        "Lat": 52.2015
      },
      {
        "Brigade": "2",
        "Time": "2017-05-14 06:39:21",
        "Lines": "17",
        "Lon": 21.0005,
        "Lat": 52.2015
      },
      {
        "Brigade": "2",
        "Time": "2017-05-14 06:39:32",
        "Lines": "17",
        "Lon": 21.0003,
        "Lat": 52.2022
      },
      {
        "Brigade": "2",
        "Time": "2017-05-14 06:39:32",
        "Lines": "17",
        "Lon": 21.0003,
        "Lat": 52.2022
      },
      {
        "Brigade": "2",
        "Time": "2017-05-14 06:39:42",
        "Lines": "17",
        "Lon": 21.0002,
        "Lat": 52.2025
      },
      {
        "Brigade": "2",
        "Time": "2017-05-14 06:39:53",
        "Lines": "17",
        "Lon": 21.0002,
        "Lat": 52.2025
      },
      {
        "Brigade": "2",
        "Time": "2017-05-14 06:40:03",
        "Lines": "17",
        "Lon": 21.0001,
        "Lat": 52.2028
      },
      {
        "Brigade": "2",
        "Time": "2017-05-14 06:40:14",
        "Lines": "17",
        "Lon": 20.9999,
        "Lat": 52.2036
      },
      {
        "Brigade": "2",
        "Time": "2017-05-14 06:40:24",
        "Lines": "17",
        "Lon": 20.9996,
        "Lat": 52.2047
      },
      {
        "Brigade": "2",
        "Time": "2017-05-14 06:40:35",
        "Lines": "17",
        "Lon": 20.9994,
        "Lat": 52.2055
      },
      {
        "Brigade": "2",
        "Time": "2017-05-14 06:40:51",
        "Lines": "17",
        "Lon": 20.9993,
        "Lat": 52.2057
      },
      {
        "Brigade": "2",
        "Time": "2017-05-14 06:41:01",
        "Lines": "17",
        "Lon": 20.9993,
        "Lat": 52.2057
      },
      {
        "Brigade": "2",
        "Time": "2017-05-14 06:41:11",
        "Lines": "17",
        "Lon": 20.9993,
        "Lat": 52.2057
      },
      {
        "Brigade": "2",
        "Time": "2017-05-14 06:41:22",
        "Lines": "17",
        "Lon": 20.9993,
        "Lat": 52.2057
      },
      {
        "Brigade": "2",
        "Time": "2017-05-14 06:41:22",
        "Lines": "17",
        "Lon": 20.9993,
        "Lat": 52.2057
      },
      {
        "Brigade": "2",
        "Time": "2017-05-14 06:41:32",
        "Lines": "17",
        "Lon": 20.9993,
        "Lat": 52.2058
      },
      {
        "Brigade": "2",
        "Time": "2017-05-14 06:41:43",
        "Lines": "17",
        "Lon": 20.9999,
        "Lat": 52.2062
      },
      {
        "Brigade": "2",
        "Time": "2017-05-14 06:41:53",
        "Lines": "17",
        "Lon": 21.0012,
        "Lat": 52.2064
      },
      {
        "Brigade": "2",
        "Time": "2017-05-14 06:42:04",
        "Lines": "17",
        "Lon": 21.0025,
        "Lat": 52.2066
      },
      {
        "Brigade": "2",
        "Time": "2017-05-14 06:42:14",
        "Lines": "17",
        "Lon": 21.0038,
        "Lat": 52.2069
      },
      {
        "Brigade": "2",
        "Time": "2017-05-14 06:42:25",
        "Lines": "17",
        "Lon": 21.0041,
        "Lat": 52.2069
      },
      {
        "Brigade": "2",
        "Time": "2017-05-14 06:42:41",
        "Lines": "17",
        "Lon": 21.0042,
        "Lat": 52.2069
      },
      {
        "Brigade": "2",
        "Time": "2017-05-14 06:42:46",
        "Lines": "17",
        "Lon": 21.0047,
        "Lat": 52.207
      },
      {
        "Brigade": "2",
        "Time": "2017-05-14 06:43:02",
        "Lines": "17",
        "Lon": 21.0063,
        "Lat": 52.2073
      },
      {
        "Brigade": "2",
        "Time": "2017-05-14 06:43:12",
        "Lines": "17",
        "Lon": 21.0073,
        "Lat": 52.2075
      },
      {
        "Brigade": "2",
        "Time": "2017-05-14 06:43:12",
        "Lines": "17",
        "Lon": 21.0073,
        "Lat": 52.2075
      },
      {
        "Brigade": "2",
        "Time": "2017-05-14 06:43:12",
        "Lines": "17",
        "Lon": 21.0073,
        "Lat": 52.2075
      },
      {
        "Brigade": "2",
        "Time": "2017-05-14 06:43:33",
        "Lines": "17",
        "Lon": 21.0076,
        "Lat": 52.2075
      },
      {
        "Brigade": "2",
        "Time": "2017-05-14 06:43:43",
        "Lines": "17",
        "Lon": 21.0076,
        "Lat": 52.2075
      },
      {
        "Brigade": "2",
        "Time": "2017-05-14 06:43:54",
        "Lines": "17",
        "Lon": 21.008,
        "Lat": 52.2077
      },
      {
        "Brigade": "2",
        "Time": "2017-05-14 06:44:05",
        "Lines": "17",
        "Lon": 21.0079,
        "Lat": 52.2083
      },
      {
        "Brigade": "2",
        "Time": "2017-05-14 06:44:15",
        "Lines": "17",
        "Lon": 21.0076,
        "Lat": 52.2092
      },
      {
        "Brigade": "2",
        "Time": "2017-05-14 06:44:25",
        "Lines": "17",
        "Lon": 21.0075,
        "Lat": 52.2094
      },
      {
        "Brigade": "2",
        "Time": "2017-05-14 06:44:36",
        "Lines": "17",
        "Lon": 21.0075,
        "Lat": 52.2094
      },
      {
        "Brigade": "2",
        "Time": "2017-05-14 06:44:46",
        "Lines": "17",
        "Lon": 21.0073,
        "Lat": 52.2098
      },
      {
        "Brigade": "2",
        "Time": "2017-05-14 06:45:03",
        "Lines": "17",
        "Lon": 21.0069,
        "Lat": 52.211
      },
      {
        "Brigade": "2",
        "Time": "2017-05-14 06:45:03",
        "Lines": "17",
        "Lon": 21.0069,
        "Lat": 52.211
      },
      {
        "Brigade": "2",
        "Time": "2017-05-14 06:45:03",
        "Lines": "17",
        "Lon": 21.0069,
        "Lat": 52.211
      },
      {
        "Brigade": "2",
        "Time": "2017-05-14 06:45:23",
        "Lines": "17",
        "Lon": 21.0063,
        "Lat": 52.213
      },
      {
        "Brigade": "2",
        "Time": "2017-05-14 06:45:34",
        "Lines": "17",
        "Lon": 21.0063,
        "Lat": 52.213
      },
      {
        "Brigade": "2",
        "Time": "2017-05-14 06:45:44",
        "Lines": "17",
        "Lon": 21.0061,
        "Lat": 52.2135
      },
      {
        "Brigade": "2",
        "Time": "2017-05-14 06:45:44",
        "Lines": "17",
        "Lon": 21.0061,
        "Lat": 52.2135
      },
      {
        "Brigade": "2",
        "Time": "2017-05-14 06:46:08",
        "Lines": "17",
        "Lon": 21.0053,
        "Lat": 52.2162
      },
      {
        "Brigade": "2",
        "Time": "2017-05-14 06:46:16",
        "Lines": "17",
        "Lon": 21.0052,
        "Lat": 52.2168
      },
      {
        "Brigade": "2",
        "Time": "2017-05-14 06:46:31",
        "Lines": "17",
        "Lon": 21.0052,
        "Lat": 52.2168
      },
      {
        "Brigade": "2",
        "Time": "2017-05-14 06:46:42",
        "Lines": "17",
        "Lon": 21.0051,
        "Lat": 52.2172
      },
      {
        "Brigade": "2",
        "Time": "2017-05-14 06:46:47",
        "Lines": "17",
        "Lon": 21.005,
        "Lat": 52.2177
      },
      {
        "Brigade": "2",
        "Time": "2017-05-14 06:46:47",
        "Lines": "17",
        "Lon": 21.005,
        "Lat": 52.2177
      },
      {
        "Brigade": "2",
        "Time": "2017-05-14 06:47:03",
        "Lines": "17",
        "Lon": 21.0049,
        "Lat": 52.2196
      },
      {
        "Brigade": "2",
        "Time": "2017-05-14 06:47:13",
        "Lines": "17",
        "Lon": 21.0049,
        "Lat": 52.2199
      },
      {
        "Brigade": "2",
        "Time": "2017-05-14 06:47:24",
        "Lines": "17",
        "Lon": 21.0049,
        "Lat": 52.2199
      },
      {
        "Brigade": "2",
        "Time": "2017-05-14 06:47:34",
        "Lines": "17",
        "Lon": 21.0049,
        "Lat": 52.2199
      },
      {
        "Brigade": "2",
        "Time": "2017-05-14 06:47:45",
        "Lines": "17",
        "Lon": 21.0049,
        "Lat": 52.2199
      },
      {
        "Brigade": "2",
        "Time": "2017-05-14 06:47:55",
        "Lines": "17",
        "Lon": 21.0049,
        "Lat": 52.2199
      },
      {
        "Brigade": "2",
        "Time": "2017-05-14 06:48:06",
        "Lines": "17",
        "Lon": 21.0049,
        "Lat": 52.2199
      },
      {
        "Brigade": "2",
        "Time": "2017-05-14 06:48:16",
        "Lines": "17",
        "Lon": 21.0049,
        "Lat": 52.2199
      },
      {
        "Brigade": "2",
        "Time": "2017-05-14 06:48:32",
        "Lines": "17",
        "Lon": 21.0049,
        "Lat": 52.2204
      },
      {
        "Brigade": "2",
        "Time": "2017-05-14 06:48:42",
        "Lines": "17",
        "Lon": 21.0048,
        "Lat": 52.2213
      },
      {
        "Brigade": "2",
        "Time": "2017-05-14 06:48:42",
        "Lines": "17",
        "Lon": 21.0048,
        "Lat": 52.2213
      },
      {
        "Brigade": "2",
        "Time": "2017-05-14 06:48:53",
        "Lines": "17",
        "Lon": 21.0048,
        "Lat": 52.2225
      },
      {
        "Brigade": "2",
        "Time": "2017-05-14 06:49:03",
        "Lines": "17",
        "Lon": 21.0048,
        "Lat": 52.2228
      },
      {
        "Brigade": "2",
        "Time": "2017-05-14 06:49:14",
        "Lines": "17",
        "Lon": 21.0048,
        "Lat": 52.2228
      },
      {
        "Brigade": "2",
        "Time": "2017-05-14 06:49:24",
        "Lines": "17",
        "Lon": 21.0046,
        "Lat": 52.2234
      },
      {
        "Brigade": "2",
        "Time": "2017-05-14 06:49:36",
        "Lines": "17",
        "Lon": 21.0039,
        "Lat": 52.2245
      },
      {
        "Brigade": "2",
        "Time": "2017-05-14 06:49:45",
        "Lines": "17",
        "Lon": 21.0032,
        "Lat": 52.2258
      },
      {
        "Brigade": "2",
        "Time": "2017-05-14 06:49:56",
        "Lines": "17",
        "Lon": 21.0025,
        "Lat": 52.2269
      },
      {
        "Brigade": "2",
        "Time": "2017-05-14 06:50:06",
        "Lines": "17",
        "Lon": 21.0022,
        "Lat": 52.2274
      },
      {
        "Brigade": "2",
        "Time": "2017-05-14 06:50:17",
        "Lines": "17",
        "Lon": 21.0019,
        "Lat": 52.2277
      },
      {
        "Brigade": "2",
        "Time": "2017-05-14 06:50:33",
        "Lines": "17",
        "Lon": 21.0013,
        "Lat": 52.2287
      },
      {
        "Brigade": "2",
        "Time": "2017-05-14 06:50:33",
        "Lines": "17",
        "Lon": 21.0013,
        "Lat": 52.2287
      },
      {
        "Brigade": "2",
        "Time": "2017-05-14 06:50:43",
        "Lines": "17",
        "Lon": 21.0013,
        "Lat": 52.2288
      },
      {
        "Brigade": "2",
        "Time": "2017-05-14 06:50:54",
        "Lines": "17",
        "Lon": 21.0013,
        "Lat": 52.2288
      },
      {
        "Brigade": "2",
        "Time": "2017-05-14 06:51:04",
        "Lines": "17",
        "Lon": 21.001,
        "Lat": 52.2293
      },
      {
        "Brigade": "2",
        "Time": "2017-05-14 06:51:15",
        "Lines": "17",
        "Lon": 21.0002,
        "Lat": 52.2305
      },
      {
        "Brigade": "2",
        "Time": "2017-05-14 06:51:25",
        "Lines": "17",
        "Lon": 20.9993,
        "Lat": 52.2318
      },
      {
        "Brigade": "2",
        "Time": "2017-05-14 06:51:36",
        "Lines": "17",
        "Lon": 20.9987,
        "Lat": 52.2327
      },
      {
        "Brigade": "2",
        "Time": "2017-05-14 06:51:51",
        "Lines": "17",
        "Lon": 20.9981,
        "Lat": 52.2337
      },
      {
        "Brigade": "2",
        "Time": "2017-05-14 06:52:02",
        "Lines": "17",
        "Lon": 20.998,
        "Lat": 52.2341
      },
      {
        "Brigade": "2",
        "Time": "2017-05-14 06:52:12",
        "Lines": "17",
        "Lon": 20.998,
        "Lat": 52.2341
      },
      {
        "Brigade": "2",
        "Time": "2017-05-14 06:52:12",
        "Lines": "17",
        "Lon": 20.998,
        "Lat": 52.2341
      },
      {
        "Brigade": "2",
        "Time": "2017-05-14 06:52:23",
        "Lines": "17",
        "Lon": 20.9978,
        "Lat": 52.2343
      },
      {
        "Brigade": "2",
        "Time": "2017-05-14 06:52:33",
        "Lines": "17",
        "Lon": 20.9975,
        "Lat": 52.2353
      },
      {
        "Brigade": "2",
        "Time": "2017-05-14 06:52:44",
        "Lines": "17",
        "Lon": 20.9969,
        "Lat": 52.2366
      },
      {
        "Brigade": "2",
        "Time": "2017-05-14 06:52:54",
        "Lines": "17",
        "Lon": 20.9964,
        "Lat": 52.2378
      },
      {
        "Brigade": "2",
        "Time": "2017-05-14 06:53:00",
        "Lines": "17",
        "Lon": 20.9961,
        "Lat": 52.2383
      },
      {
        "Brigade": "2",
        "Time": "2017-05-14 06:53:16",
        "Lines": "17",
        "Lon": 20.996,
        "Lat": 52.2387
      },
      {
        "Brigade": "2",
        "Time": "2017-05-14 06:53:26",
        "Lines": "17",
        "Lon": 20.9959,
        "Lat": 52.2388
      },
      {
        "Brigade": "2",
        "Time": "2017-05-14 06:53:36",
        "Lines": "17",
        "Lon": 20.9955,
        "Lat": 52.2397
      },
      {
        "Brigade": "2",
        "Time": "2017-05-14 06:53:52",
        "Lines": "17",
        "Lon": 20.9942,
        "Lat": 52.2412
      },
      {
        "Brigade": "2",
        "Time": "2017-05-14 06:54:02",
        "Lines": "17",
        "Lon": 20.9939,
        "Lat": 52.2415
      },
      {
        "Brigade": "2",
        "Time": "2017-05-14 06:54:02",
        "Lines": "17",
        "Lon": 20.9939,
        "Lat": 52.2415
      },
      {
        "Brigade": "2",
        "Time": "2017-05-14 06:54:13",
        "Lines": "17",
        "Lon": 20.9939,
        "Lat": 52.2415
      },
      {
        "Brigade": "2",
        "Time": "2017-05-14 06:54:23",
        "Lines": "17",
        "Lon": 20.9939,
        "Lat": 52.2415
      },
      {
        "Brigade": "2",
        "Time": "2017-05-14 06:54:34",
        "Lines": "17",
        "Lon": 20.9939,
        "Lat": 52.2415
      },
      {
        "Brigade": "2",
        "Time": "2017-05-14 06:54:44",
        "Lines": "17",
        "Lon": 20.9937,
        "Lat": 52.2417
      },
      {
        "Brigade": "2",
        "Time": "2017-05-14 06:55:00",
        "Lines": "17",
        "Lon": 20.9932,
        "Lat": 52.2424
      },
      {
        "Brigade": "2",
        "Time": "2017-05-14 06:55:11",
        "Lines": "17",
        "Lon": 20.9925,
        "Lat": 52.2432
      },
      {
        "Brigade": "2",
        "Time": "2017-05-14 06:55:21",
        "Lines": "17",
        "Lon": 20.9916,
        "Lat": 52.2441
      },
      {
        "Brigade": "2",
        "Time": "2017-05-14 06:55:32",
        "Lines": "17",
        "Lon": 20.9913,
        "Lat": 52.2445
      },
      {
        "Brigade": "2",
        "Time": "2017-05-14 06:55:32",
        "Lines": "17",
        "Lon": 20.9913,
        "Lat": 52.2445
      },
      {
        "Brigade": "2",
        "Time": "2017-05-14 06:55:42",
        "Lines": "17",
        "Lon": 20.9913,
        "Lat": 52.2445
      },
      {
        "Brigade": "2",
        "Time": "2017-05-14 06:55:52",
        "Lines": "17",
        "Lon": 20.991,
        "Lat": 52.2448
      },
      {
        "Brigade": "2",
        "Time": "2017-05-14 06:56:08",
        "Lines": "17",
        "Lon": 20.9899,
        "Lat": 52.2461
      },
      {
        "Brigade": "2",
        "Time": "2017-05-14 06:56:19",
        "Lines": "17",
        "Lon": 20.9892,
        "Lat": 52.2469
      },
      {
        "Brigade": "2",
        "Time": "2017-05-14 06:56:29",
        "Lines": "17",
        "Lon": 20.989,
        "Lat": 52.2472
      },
      {
        "Brigade": "2",
        "Time": "2017-05-14 06:56:40",
        "Lines": "17",
        "Lon": 20.989,
        "Lat": 52.2472
      },
      {
        "Brigade": "2",
        "Time": "2017-05-14 06:56:50",
        "Lines": "17",
        "Lon": 20.9888,
        "Lat": 52.2474
      },
      {
        "Brigade": "2",
        "Time": "2017-05-14 06:57:01",
        "Lines": "17",
        "Lon": 20.988,
        "Lat": 52.2483
      },
      {
        "Brigade": "2",
        "Time": "2017-05-14 06:57:01",
        "Lines": "17",
        "Lon": 20.988,
        "Lat": 52.2483
      },
      {
        "Brigade": "2",
        "Time": "2017-05-14 06:57:06",
        "Lines": "17",
        "Lon": 20.9876,
        "Lat": 52.2488
      },
      {
        "Brigade": "2",
        "Time": "2017-05-14 06:57:22",
        "Lines": "17",
        "Lon": 20.9863,
        "Lat": 52.2503
      },
      {
        "Brigade": "2",
        "Time": "2017-05-14 06:57:32",
        "Lines": "17",
        "Lon": 20.9859,
        "Lat": 52.2507
      },
      {
        "Brigade": "2",
        "Time": "2017-05-14 06:57:48",
        "Lines": "17",
        "Lon": 20.9859,
        "Lat": 52.2507
      },
      {
        "Brigade": "2",
        "Time": "2017-05-14 06:57:58",
        "Lines": "17",
        "Lon": 20.9856,
        "Lat": 52.2511
      },
      {
        "Brigade": "2",
        "Time": "2017-05-14 06:58:09",
        "Lines": "17",
        "Lon": 20.9851,
        "Lat": 52.2517
      },
      {
        "Brigade": "2",
        "Time": "2017-05-14 06:58:19",
        "Lines": "17",
        "Lon": 20.9842,
        "Lat": 52.2526
      },
      {
        "Brigade": "2",
        "Time": "2017-05-14 06:58:30",
        "Lines": "17",
        "Lon": 20.9837,
        "Lat": 52.2533
      },
      {
        "Brigade": "2",
        "Time": "2017-05-14 06:58:40",
        "Lines": "17",
        "Lon": 20.9836,
        "Lat": 52.2534
      },
      {
        "Brigade": "2",
        "Time": "2017-05-14 06:58:40",
        "Lines": "17",
        "Lon": 20.9836,
        "Lat": 52.2534
      },
      {
        "Brigade": "2",
        "Time": "2017-05-14 06:58:51",
        "Lines": "17",
        "Lon": 20.9831,
        "Lat": 52.2539
      },
      {
        "Brigade": "2",
        "Time": "2017-05-14 06:59:01",
        "Lines": "17",
        "Lon": 20.983,
        "Lat": 52.2541
      },
      {
        "Brigade": "2",
        "Time": "2017-05-14 06:59:12",
        "Lines": "17",
        "Lon": 20.983,
        "Lat": 52.2541
      },
      {
        "Brigade": "2",
        "Time": "2017-05-14 06:59:22",
        "Lines": "17",
        "Lon": 20.983,
        "Lat": 52.2541
      },
      {
        "Brigade": "2",
        "Time": "2017-05-14 06:59:38",
        "Lines": "17",
        "Lon": 20.983,
        "Lat": 52.2541
      },
      {
        "Brigade": "2",
        "Time": "2017-05-14 06:59:48",
        "Lines": "17",
        "Lon": 20.9829,
        "Lat": 52.2542
      },
      {
        "Brigade": "2",
        "Time": "2017-05-14 06:59:59",
        "Lines": "17",
        "Lon": 20.9825,
        "Lat": 52.2546
      },
      {
        "Brigade": "2",
        "Time": "2017-05-14 07:00:10",
        "Lines": "17",
        "Lon": 20.9823,
        "Lat": 52.2551
      },
      {
        "Brigade": "2",
        "Time": "2017-05-14 07:00:20",
        "Lines": "17",
        "Lon": 20.9823,
        "Lat": 52.2551
      },
      {
        "Brigade": "2",
        "Time": "2017-05-14 07:00:20",
        "Lines": "17",
        "Lon": 20.9823,
        "Lat": 52.2551
      },
      {
        "Brigade": "2",
        "Time": "2017-05-14 07:00:30",
        "Lines": "17",
        "Lon": 20.9822,
        "Lat": 52.2553
      },
      {
        "Brigade": "2",
        "Time": "2017-05-14 07:00:46",
        "Lines": "17",
        "Lon": 20.982,
        "Lat": 52.2559
      },
      {
        "Brigade": "2",
        "Time": "2017-05-14 07:00:57",
        "Lines": "17",
        "Lon": 20.982,
        "Lat": 52.2559
      },
      {
        "Brigade": "2",
        "Time": "2017-05-14 07:01:08",
        "Lines": "17",
        "Lon": 20.9819,
        "Lat": 52.2562
      },
      {
        "Brigade": "2",
        "Time": "2017-05-14 07:01:18",
        "Lines": "17",
        "Lon": 20.9815,
        "Lat": 52.2571
      },
      {
        "Brigade": "2",
        "Time": "2017-05-14 07:01:18",
        "Lines": "17",
        "Lon": 20.9815,
        "Lat": 52.2571
      },
      {
        "Brigade": "2",
        "Time": "2017-05-14 07:01:39",
        "Lines": "17",
        "Lon": 20.981,
        "Lat": 52.2594
      },
      {
        "Brigade": "2",
        "Time": "2017-05-14 07:01:49",
        "Lines": "17",
        "Lon": 20.9808,
        "Lat": 52.2604
      },
      {
        "Brigade": "2",
        "Time": "2017-05-14 07:02:00",
        "Lines": "17",
        "Lon": 20.9804,
        "Lat": 52.2614
      },
      {
        "Brigade": "2",
        "Time": "2017-05-14 07:02:00",
        "Lines": "17",
        "Lon": 20.9804,
        "Lat": 52.2614
      },
      {
        "Brigade": "2",
        "Time": "2017-05-14 07:02:11",
        "Lines": "17",
        "Lon": 20.98,
        "Lat": 52.2621
      },
      {
        "Brigade": "2",
        "Time": "2017-05-14 07:02:21",
        "Lines": "17",
        "Lon": 20.9798,
        "Lat": 52.2624
      },
      {
        "Brigade": "2",
        "Time": "2017-05-14 07:02:37",
        "Lines": "17",
        "Lon": 20.9796,
        "Lat": 52.2626
      },
      {
        "Brigade": "2",
        "Time": "2017-05-14 07:02:47",
        "Lines": "17",
        "Lon": 20.9792,
        "Lat": 52.2632
      },
      {
        "Brigade": "2",
        "Time": "2017-05-14 07:02:57",
        "Lines": "17",
        "Lon": 20.9792,
        "Lat": 52.2634
      },
      {
        "Brigade": "2",
        "Time": "2017-05-14 07:03:08",
        "Lines": "17",
        "Lon": 20.9792,
        "Lat": 52.2634
      },
      {
        "Brigade": "2",
        "Time": "2017-05-14 07:03:18",
        "Lines": "17",
        "Lon": 20.9787,
        "Lat": 52.2641
      },
      {
        "Brigade": "2",
        "Time": "2017-05-14 07:03:29",
        "Lines": "17",
        "Lon": 20.978,
        "Lat": 52.2652
      },
      {
        "Brigade": "2",
        "Time": "2017-05-14 07:03:39",
        "Lines": "17",
        "Lon": 20.9774,
        "Lat": 52.266
      },
      {
        "Brigade": "2",
        "Time": "2017-05-14 07:03:39",
        "Lines": "17",
        "Lon": 20.9774,
        "Lat": 52.266
      },
      {
        "Brigade": "2",
        "Time": "2017-05-14 07:03:50",
        "Lines": "17",
        "Lon": 20.9774,
        "Lat": 52.2661
      },
      {
        "Brigade": "2",
        "Time": "2017-05-14 07:04:06",
        "Lines": "17",
        "Lon": 20.9772,
        "Lat": 52.2663
      },
      {
        "Brigade": "2",
        "Time": "2017-05-14 07:04:16",
        "Lines": "17",
        "Lon": 20.9766,
        "Lat": 52.2673
      },
      {
        "Brigade": "2",
        "Time": "2017-05-14 07:04:27",
        "Lines": "17",
        "Lon": 20.9759,
        "Lat": 52.2684
      },
      {
        "Brigade": "2",
        "Time": "2017-05-14 07:04:37",
        "Lines": "17",
        "Lon": 20.9752,
        "Lat": 52.2694
      },
      {
        "Brigade": "2",
        "Time": "2017-05-14 07:04:48",
        "Lines": "17",
        "Lon": 20.9745,
        "Lat": 52.2705
      },
      {
        "Brigade": "2",
        "Time": "2017-05-14 07:04:58",
        "Lines": "17",
        "Lon": 20.9739,
        "Lat": 52.2713
      },
      {
        "Brigade": "2",
        "Time": "2017-05-14 07:05:09",
        "Lines": "17",
        "Lon": 20.9735,
        "Lat": 52.2719
      },
      {
        "Brigade": "2",
        "Time": "2017-05-14 07:05:14",
        "Lines": "17",
        "Lon": 20.9731,
        "Lat": 52.272
      },
      {
        "Brigade": "2",
        "Time": "2017-05-14 07:05:29",
        "Lines": "17",
        "Lon": 20.9726,
        "Lat": 52.2721
      },
      {
        "Brigade": "2",
        "Time": "2017-05-14 07:05:29",
        "Lines": "17",
        "Lon": 20.9726,
        "Lat": 52.2721
      },
      {
        "Brigade": "2",
        "Time": "2017-05-14 07:05:40",
        "Lines": "17",
        "Lon": 20.9726,
        "Lat": 52.2721
      },
      {
        "Brigade": "2",
        "Time": "2017-05-14 07:05:50",
        "Lines": "17",
        "Lon": 20.9722,
        "Lat": 52.2722
      },
      {
        "Brigade": "2",
        "Time": "2017-05-14 07:06:06",
        "Lines": "17",
        "Lon": 20.9709,
        "Lat": 52.2724
      },
      {
        "Brigade": "2",
        "Time": "2017-05-14 07:06:11",
        "Lines": "17",
        "Lon": 20.9703,
        "Lat": 52.2725
      },
      {
        "Brigade": "2",
        "Time": "2017-05-14 07:06:27",
        "Lines": "17",
        "Lon": 20.9677,
        "Lat": 52.2733
      },
      {
        "Brigade": "2",
        "Time": "2017-05-14 07:06:38",
        "Lines": "17",
        "Lon": 20.9669,
        "Lat": 52.2737
      },
      {
        "Brigade": "2",
        "Time": "2017-05-14 07:06:48",
        "Lines": "17",
        "Lon": 20.9668,
        "Lat": 52.2737
      },
      {
        "Brigade": "2",
        "Time": "2017-05-14 07:06:59",
        "Lines": "17",
        "Lon": 20.9659,
        "Lat": 52.2742
      },
      {
        "Brigade": "2",
        "Time": "2017-05-14 07:07:09",
        "Lines": "17",
        "Lon": 20.9649,
        "Lat": 52.2749
      },
      {
        "Brigade": "2",
        "Time": "2017-05-14 07:07:09",
        "Lines": "17",
        "Lon": 20.9649,
        "Lat": 52.2749
      },
      {
        "Brigade": "2",
        "Time": "2017-05-14 07:07:19",
        "Lines": "17",
        "Lon": 20.9642,
        "Lat": 52.2755
      },
      {
        "Brigade": "2",
        "Time": "2017-05-14 07:07:35",
        "Lines": "17",
        "Lon": 20.9638,
        "Lat": 52.2758
      },
      {
        "Brigade": "2",
        "Time": "2017-05-14 07:07:46",
        "Lines": "17",
        "Lon": 20.963,
        "Lat": 52.2765
      },
      {
        "Brigade": "2",
        "Time": "2017-05-14 07:07:56",
        "Lines": "17",
        "Lon": 20.9623,
        "Lat": 52.2772
      },
      {
        "Brigade": "2",
        "Time": "2017-05-14 07:08:07",
        "Lines": "17",
        "Lon": 20.9615,
        "Lat": 52.278
      },
      {
        "Brigade": "2",
        "Time": "2017-05-14 07:08:17",
        "Lines": "17",
        "Lon": 20.9604,
        "Lat": 52.2793
      },
      {
        "Brigade": "2",
        "Time": "2017-05-14 07:08:28",
        "Lines": "17",
        "Lon": 20.9594,
        "Lat": 52.2803
      },
      {
        "Brigade": "2",
        "Time": "2017-05-14 07:08:38",
        "Lines": "17",
        "Lon": 20.9588,
        "Lat": 52.2809
      },
      {
        "Brigade": "2",
        "Time": "2017-05-14 07:08:49",
        "Lines": "17",
        "Lon": 20.9588,
        "Lat": 52.2809
      },
      {
        "Brigade": "2",
        "Time": "2017-05-14 07:08:59",
        "Lines": "17",
        "Lon": 20.9585,
        "Lat": 52.2812
      },
      {
        "Brigade": "2",
        "Time": "2017-05-14 07:08:59",
        "Lines": "17",
        "Lon": 20.9585,
        "Lat": 52.2812
      },
      {
        "Brigade": "2",
        "Time": "2017-05-14 07:09:13",
        "Lines": "17",
        "Lon": 20.9577,
        "Lat": 52.2821
      },
      {
        "Brigade": "2",
        "Time": "2017-05-14 07:09:25",
        "Lines": "17",
        "Lon": 20.9566,
        "Lat": 52.2833
      },
      {
        "Brigade": "2",
        "Time": "2017-05-14 07:09:36",
        "Lines": "17",
        "Lon": 20.9561,
        "Lat": 52.2838
      },
      {
        "Brigade": "2",
        "Time": "2017-05-14 07:09:46",
        "Lines": "17",
        "Lon": 20.956,
        "Lat": 52.2839
      },
      {
        "Brigade": "2",
        "Time": "2017-05-14 07:09:57",
        "Lines": "17",
        "Lon": 20.9555,
        "Lat": 52.2844
      },
      {
        "Brigade": "2",
        "Time": "2017-05-14 07:10:07",
        "Lines": "17",
        "Lon": 20.9549,
        "Lat": 52.2851
      },
      {
        "Brigade": "2",
        "Time": "2017-05-14 07:10:18",
        "Lines": "17",
        "Lon": 20.9546,
        "Lat": 52.2856
      },
      {
        "Brigade": "2",
        "Time": "2017-05-14 07:10:28",
        "Lines": "17",
        "Lon": 20.9541,
        "Lat": 52.2862
      },
      {
        "Brigade": "2",
        "Time": "2017-05-14 07:10:39",
        "Lines": "17",
        "Lon": 20.9533,
        "Lat": 52.2869
      },
      {
        "Brigade": "2",
        "Time": "2017-05-14 07:10:50",
        "Lines": "17",
        "Lon": 20.9527,
        "Lat": 52.2877
      },
      {
        "Brigade": "2",
        "Time": "2017-05-14 07:10:50",
        "Lines": "17",
        "Lon": 20.9527,
        "Lat": 52.2877
      },
      {
        "Brigade": "2",
        "Time": "2017-05-14 07:11:00",
        "Lines": "17",
        "Lon": 20.9525,
        "Lat": 52.2878
      },
      {
        "Brigade": "2",
        "Time": "2017-05-14 07:11:15",
        "Lines": "17",
        "Lon": 20.9523,
        "Lat": 52.288
      },
      {
        "Brigade": "2",
        "Time": "2017-05-14 07:11:26",
        "Lines": "17",
        "Lon": 20.9516,
        "Lat": 52.2888
      },
      {
        "Brigade": "2",
        "Time": "2017-05-14 07:11:36",
        "Lines": "17",
        "Lon": 20.9509,
        "Lat": 52.2895
      },
      {
        "Brigade": "2",
        "Time": "2017-05-14 07:11:47",
        "Lines": "17",
        "Lon": 20.9503,
        "Lat": 52.2901
      },
      {
        "Brigade": "2",
        "Time": "2017-05-14 07:11:57",
        "Lines": "17",
        "Lon": 20.9499,
        "Lat": 52.2905
      },
      {
        "Brigade": "2",
        "Time": "2017-05-14 07:12:08",
        "Lines": "17",
        "Lon": 20.9499,
        "Lat": 52.2905
      },
      {
        "Brigade": "2",
        "Time": "2017-05-14 07:12:18",
        "Lines": "17",
        "Lon": 20.9497,
        "Lat": 52.2907
      },
      {
        "Brigade": "2",
        "Time": "2017-05-14 07:12:29",
        "Lines": "17",
        "Lon": 20.9488,
        "Lat": 52.2917
      },
      {
        "Brigade": "2",
        "Time": "2017-05-14 07:12:39",
        "Lines": "17",
        "Lon": 20.9479,
        "Lat": 52.2926
      },
      {
        "Brigade": "2",
        "Time": "2017-05-14 07:12:39",
        "Lines": "17",
        "Lon": 20.9479,
        "Lat": 52.2926
      },
      {
        "Brigade": "2",
        "Time": "2017-05-14 07:12:50",
        "Lines": "17",
        "Lon": 20.9471,
        "Lat": 52.2935
      },
      {
        "Brigade": "2",
        "Time": "2017-05-14 07:13:01",
        "Lines": "17",
        "Lon": 20.9462,
        "Lat": 52.2944
      },
      {
        "Brigade": "2",
        "Time": "2017-05-14 07:13:11",
        "Lines": "17",
        "Lon": 20.9453,
        "Lat": 52.2954
      },
      {
        "Brigade": "2",
        "Time": "2017-05-14 07:13:22",
        "Lines": "17",
        "Lon": 20.9449,
        "Lat": 52.2958
      },
      {
        "Brigade": "2",
        "Time": "2017-05-14 07:13:33",
        "Lines": "17",
        "Lon": 20.9449,
        "Lat": 52.2958
      },
      {
        "Brigade": "2",
        "Time": "2017-05-14 07:13:49",
        "Lines": "17",
        "Lon": 20.9441,
        "Lat": 52.2966
      },
      {
        "Brigade": "2",
        "Time": "2017-05-14 07:13:56",
        "Lines": "17",
        "Lon": 20.9437,
        "Lat": 52.2971
      },
      {
        "Brigade": "2",
        "Time": "2017-05-14 07:14:08",
        "Lines": "17",
        "Lon": 20.943,
        "Lat": 52.2978
      },
      {
        "Brigade": "2",
        "Time": "2017-05-14 07:14:22",
        "Lines": "17",
        "Lon": 20.9429,
        "Lat": 52.2979
      },
      {
        "Brigade": "2",
        "Time": "2017-05-14 07:14:33",
        "Lines": "17",
        "Lon": 20.9426,
        "Lat": 52.2982
      },
      {
        "Brigade": "2",
        "Time": "2017-05-14 07:14:33",
        "Lines": "17",
        "Lon": 20.9426,
        "Lat": 52.2982
      },
      {
        "Brigade": "2",
        "Time": "2017-05-14 07:14:44",
        "Lines": "17",
        "Lon": 20.942,
        "Lat": 52.2988
      },
      {
        "Brigade": "2",
        "Time": "2017-05-14 07:14:55",
        "Lines": "17",
        "Lon": 20.9413,
        "Lat": 52.2996
      },
      {
        "Brigade": "2",
        "Time": "2017-05-14 07:15:00",
        "Lines": "17",
        "Lon": 20.9411,
        "Lat": 52.3
      },
      {
        "Brigade": "2",
        "Time": "2017-05-14 07:15:00",
        "Lines": "17",
        "Lon": 20.9411,
        "Lat": 52.3
      },
      {
        "Brigade": "2",
        "Time": "2017-05-14 07:15:00",
        "Lines": "17",
        "Lon": 20.9411,
        "Lat": 52.3
      },
      {
        "Brigade": "2",
        "Time": "2017-05-14 07:15:00",
        "Lines": "17",
        "Lon": 20.9411,
        "Lat": 52.3
      },
      {
        "Brigade": "2",
        "Time": "2017-05-14 07:15:00",
        "Lines": "17",
        "Lon": 20.9411,
        "Lat": 52.3
      },
      {
        "Brigade": "2",
        "Time": "2017-05-14 07:15:00",
        "Lines": "17",
        "Lon": 20.9411,
        "Lat": 52.3
      },
      {
        "Brigade": "2",
        "Time": "2017-05-14 07:15:00",
        "Lines": "17",
        "Lon": 20.9411,
        "Lat": 52.3
      },
      {
        "Brigade": "2",
        "Time": "2017-05-14 07:15:00",
        "Lines": "17",
        "Lon": 20.9411,
        "Lat": 52.3
      },
      {
        "Brigade": "2",
        "Time": "2017-05-14 07:15:00",
        "Lines": "17",
        "Lon": 20.9411,
        "Lat": 52.3
      },
      {
        "Brigade": "2",
        "Time": "2017-05-14 07:15:00",
        "Lines": "17",
        "Lon": 20.9411,
        "Lat": 52.3
      },
      {
        "Brigade": "2",
        "Time": "2017-05-14 07:15:00",
        "Lines": "17",
        "Lon": 20.9411,
        "Lat": 52.3
      },
      {
        "Brigade": "2",
        "Time": "2017-05-14 07:15:00",
        "Lines": "17",
        "Lon": 20.9411,
        "Lat": 52.3
      },
      {
        "Brigade": "2",
        "Time": "2017-05-14 07:15:00",
        "Lines": "17",
        "Lon": 20.9411,
        "Lat": 52.3
      },
      {
        "Brigade": "2",
        "Time": "2017-05-14 07:17:14",
        "Lines": "17",
        "Lon": 20.9576,
        "Lat": 52.31
      },
      {
        "Brigade": "2",
        "Time": "2017-05-14 07:17:25",
        "Lines": "17",
        "Lon": 20.9592,
        "Lat": 52.3106
      },
      {
        "Brigade": "2",
        "Time": "2017-05-14 07:17:35",
        "Lines": "17",
        "Lon": 20.9599,
        "Lat": 52.3109
      },
      {
        "Brigade": "2",
        "Time": "2017-05-14 07:17:51",
        "Lines": "17",
        "Lon": 20.9608,
        "Lat": 52.3112
      },
      {
        "Brigade": "2",
        "Time": "2017-05-14 07:18:01",
        "Lines": "17",
        "Lon": 20.9623,
        "Lat": 52.3118
      },
      {
        "Brigade": "2",
        "Time": "2017-05-14 07:18:12",
        "Lines": "17",
        "Lon": 20.964,
        "Lat": 52.3124
      },
      {
        "Brigade": "2",
        "Time": "2017-05-14 07:18:12",
        "Lines": "17",
        "Lon": 20.964,
        "Lat": 52.3124
      },
      {
        "Brigade": "2",
        "Time": "2017-05-14 07:18:22",
        "Lines": "17",
        "Lon": 20.9653,
        "Lat": 52.3129
      },
      {
        "Brigade": "2",
        "Time": "2017-05-14 07:18:33",
        "Lines": "17",
        "Lon": 20.9662,
        "Lat": 52.3134
      },
      {
        "Brigade": "2",
        "Time": "2017-05-14 07:18:43",
        "Lines": "17",
        "Lon": 20.9663,
        "Lat": 52.3134
      },
      {
        "Brigade": "2",
        "Time": "2017-05-14 07:18:54",
        "Lines": "17",
        "Lon": 20.9671,
        "Lat": 52.3138
      },
      {
        "Brigade": "2",
        "Time": "2017-05-14 07:19:05",
        "Lines": "17",
        "Lon": 20.9677,
        "Lat": 52.3143
      },
      {
        "Brigade": "2",
        "Time": "2017-05-14 07:19:15",
        "Lines": "17",
        "Lon": 20.9676,
        "Lat": 52.315
      },
      {
        "Brigade": "2",
        "Time": "2017-05-14 07:19:30",
        "Lines": "17",
        "Lon": 20.9669,
        "Lat": 52.3155
      },
      {
        "Brigade": "2",
        "Time": "2017-05-14 07:19:37",
        "Lines": "17",
        "Lon": 20.9661,
        "Lat": 52.316
      },
      {
        "Brigade": "2",
        "Time": "2017-05-14 07:19:52",
        "Lines": "17",
        "Lon": 20.9647,
        "Lat": 52.317
      },
      {
        "Brigade": "2",
        "Time": "2017-05-14 07:20:02",
        "Lines": "17",
        "Lon": 20.9637,
        "Lat": 52.3177
      },
      {
        "Brigade": "2",
        "Time": "2017-05-14 07:20:02",
        "Lines": "17",
        "Lon": 20.9637,
        "Lat": 52.3177
      },
      {
        "Brigade": "2",
        "Time": "2017-05-14 07:20:12",
        "Lines": "17",
        "Lon": 20.9629,
        "Lat": 52.3177
      },
      {
        "Brigade": "2",
        "Time": "2017-05-14 07:20:23",
        "Lines": "17",
        "Lon": 20.9617,
        "Lat": 52.3173
      },
      {
        "Brigade": "2",
        "Time": "2017-05-14 07:20:33",
        "Lines": "17",
        "Lon": 20.961,
        "Lat": 52.3171
      },
      {
        "Brigade": "2",
        "Time": "2017-05-14 07:20:49",
        "Lines": "17",
        "Lon": 20.961,
        "Lat": 52.3171
      },
      {
        "Brigade": "2",
        "Time": "2017-05-14 07:21:00",
        "Lines": "17",
        "Lon": 20.9605,
        "Lat": 52.3169
      },
      {
        "Brigade": "2",
        "Time": "2017-05-14 07:21:10",
        "Lines": "17",
        "Lon": 20.959,
        "Lat": 52.3165
      },
      {
        "Brigade": "2",
        "Time": "2017-05-14 07:21:21",
        "Lines": "17",
        "Lon": 20.9577,
        "Lat": 52.3165
      },
      {
        "Brigade": "2",
        "Time": "2017-05-14 07:21:31",
        "Lines": "17",
        "Lon": 20.9559,
        "Lat": 52.317
      },
      {
        "Brigade": "2",
        "Time": "2017-05-14 07:21:31",
        "Lines": "17",
        "Lon": 20.9559,
        "Lat": 52.317
      },
      {
        "Brigade": "2",
        "Time": "2017-05-14 07:21:42",
        "Lines": "17",
        "Lon": 20.9545,
        "Lat": 52.3176
      },
      {
        "Brigade": "2",
        "Time": "2017-05-14 07:21:52",
        "Lines": "17",
        "Lon": 20.9531,
        "Lat": 52.3183
      },
      {
        "Brigade": "2",
        "Time": "2017-05-14 07:22:03",
        "Lines": "17",
        "Lon": 20.9527,
        "Lat": 52.3185
      },
      {
        "Brigade": "2",
        "Time": "2017-05-14 07:22:13",
        "Lines": "17",
        "Lon": 20.9527,
        "Lat": 52.3185
      },
      {
        "Brigade": "2",
        "Time": "2017-05-14 07:22:24",
        "Lines": "17",
        "Lon": 20.952,
        "Lat": 52.3189
      },
      {
        "Brigade": "2",
        "Time": "2017-05-14 07:22:39",
        "Lines": "17",
        "Lon": 20.9499,
        "Lat": 52.3199
      },
      {
        "Brigade": "2",
        "Time": "2017-05-14 07:22:50",
        "Lines": "17",
        "Lon": 20.9481,
        "Lat": 52.3208
      },
      {
        "Brigade": "2",
        "Time": "2017-05-14 07:23:00",
        "Lines": "17",
        "Lon": 20.9465,
        "Lat": 52.3215
      },
      {
        "Brigade": "2",
        "Time": "2017-05-14 07:23:11",
        "Lines": "17",
        "Lon": 20.945,
        "Lat": 52.3223
      },
      {
        "Brigade": "2",
        "Time": "2017-05-14 07:23:16",
        "Lines": "17",
        "Lon": 20.9447,
        "Lat": 52.3225
      },
      {
        "Brigade": "2",
        "Time": "2017-05-14 07:23:16",
        "Lines": "17",
        "Lon": 20.9447,
        "Lat": 52.3225
      },
      {
        "Brigade": "2",
        "Time": "2017-05-14 07:23:32",
        "Lines": "17",
        "Lon": 20.9445,
        "Lat": 52.3225
      },
      {
        "Brigade": "2",
        "Time": "2017-05-14 07:23:42",
        "Lines": "17",
        "Lon": 20.9439,
        "Lat": 52.3229
      },
      {
        "Brigade": "2",
        "Time": "2017-05-14 07:23:53",
        "Lines": "17",
        "Lon": 20.9434,
        "Lat": 52.3231
      },
      {
        "Brigade": "2",
        "Time": "2017-05-14 07:24:03",
        "Lines": "17",
        "Lon": 20.9431,
        "Lat": 52.3234
      },
      {
        "Brigade": "2",
        "Time": "2017-05-14 07:24:14",
        "Lines": "17",
        "Lon": 20.9432,
        "Lat": 52.3238
      },
      {
        "Brigade": "2",
        "Time": "2017-05-14 07:24:24",
        "Lines": "17",
        "Lon": 20.9432,
        "Lat": 52.3238
      },
      {
        "Brigade": "2",
        "Time": "2017-05-14 07:24:40",
        "Lines": "17",
        "Lon": 20.9433,
        "Lat": 52.3244
      },
      {
        "Brigade": "2",
        "Time": "2017-05-14 07:24:50",
        "Lines": "17",
        "Lon": 20.9428,
        "Lat": 52.3245
      },
      {
        "Brigade": "2",
        "Time": "2017-05-14 07:25:01",
        "Lines": "17",
        "Lon": 20.9428,
        "Lat": 52.3245
      },
      {
        "Brigade": "2",
        "Time": "2017-05-14 07:25:11",
        "Lines": "17",
        "Lon": 20.9428,
        "Lat": 52.3245
      },
      {
        "Brigade": "2",
        "Time": "2017-05-14 07:25:11",
        "Lines": "17",
        "Lon": 20.9428,
        "Lat": 52.3245
      },
      {
        "Brigade": "2",
        "Time": "2017-05-14 07:25:22",
        "Lines": "17",
        "Lon": 20.9428,
        "Lat": 52.3245
      },
      {
        "Brigade": "2",
        "Time": "2017-05-14 07:25:32",
        "Lines": "17",
        "Lon": 20.9428,
        "Lat": 52.3245
      },
      {
        "Brigade": "2",
        "Time": "2017-05-14 07:25:43",
        "Lines": "17",
        "Lon": 20.9428,
        "Lat": 52.3245
      },
      {
        "Brigade": "2",
        "Time": "2017-05-14 07:25:53",
        "Lines": "17",
        "Lon": 20.9428,
        "Lat": 52.3245
      },
      {
        "Brigade": "2",
        "Time": "2017-05-14 07:26:04",
        "Lines": "17",
        "Lon": 20.9428,
        "Lat": 52.3245
      },
      {
        "Brigade": "2",
        "Time": "2017-05-14 07:26:14",
        "Lines": "17",
        "Lon": 20.9428,
        "Lat": 52.3245
      },
      {
        "Brigade": "2",
        "Time": "2017-05-14 07:26:30",
        "Lines": "17",
        "Lon": 20.9428,
        "Lat": 52.3245
      },
      {
        "Brigade": "2",
        "Time": "2017-05-14 07:26:40",
        "Lines": "17",
        "Lon": 20.9428,
        "Lat": 52.3245
      },
      {
        "Brigade": "2",
        "Time": "2017-05-14 07:26:51",
        "Lines": "17",
        "Lon": 20.9428,
        "Lat": 52.3245
      },
      {
        "Brigade": "2",
        "Time": "2017-05-14 07:27:01",
        "Lines": "17",
        "Lon": 20.9428,
        "Lat": 52.3245
      },
      {
        "Brigade": "2",
        "Time": "2017-05-14 07:27:01",
        "Lines": "17",
        "Lon": 20.9428,
        "Lat": 52.3245
      },
      {
        "Brigade": "2",
        "Time": "2017-05-14 07:27:12",
        "Lines": "17",
        "Lon": 20.9428,
        "Lat": 52.3245
      },
      {
        "Brigade": "2",
        "Time": "2017-05-14 07:27:22",
        "Lines": "17",
        "Lon": 20.9428,
        "Lat": 52.3245
      },
      {
        "Brigade": "2",
        "Time": "2017-05-14 07:27:33",
        "Lines": "17",
        "Lon": 20.9428,
        "Lat": 52.3245
      },
      {
        "Brigade": "2",
        "Time": "2017-05-14 07:27:43",
        "Lines": "17",
        "Lon": 20.9428,
        "Lat": 52.3245
      },
      {
        "Brigade": "2",
        "Time": "2017-05-14 07:27:54",
        "Lines": "17",
        "Lon": 20.9428,
        "Lat": 52.3245
      },
      {
        "Brigade": "2",
        "Time": "2017-05-14 07:28:04",
        "Lines": "17",
        "Lon": 20.9428,
        "Lat": 52.3245
      },
      {
        "Brigade": "2",
        "Time": "2017-05-14 07:28:20",
        "Lines": "17",
        "Lon": 20.9428,
        "Lat": 52.3245
      },
      {
        "Brigade": "2",
        "Time": "2017-05-14 07:28:30",
        "Lines": "17",
        "Lon": 20.9428,
        "Lat": 52.3245
      },
      {
        "Brigade": "2",
        "Time": "2017-05-14 07:28:41",
        "Lines": "17",
        "Lon": 20.9428,
        "Lat": 52.3245
      },
      {
        "Brigade": "2",
        "Time": "2017-05-14 07:28:41",
        "Lines": "17",
        "Lon": 20.9428,
        "Lat": 52.3245
      },
      {
        "Brigade": "2",
        "Time": "2017-05-14 07:28:51",
        "Lines": "17",
        "Lon": 20.9428,
        "Lat": 52.3245
      },
      {
        "Brigade": "2",
        "Time": "2017-05-14 07:29:02",
        "Lines": "17",
        "Lon": 20.9428,
        "Lat": 52.3245
      },
      {
        "Brigade": "2",
        "Time": "2017-05-14 07:29:12",
        "Lines": "17",
        "Lon": 20.9428,
        "Lat": 52.3245
      },
      {
        "Brigade": "2",
        "Time": "2017-05-14 07:29:23",
        "Lines": "17",
        "Lon": 20.9428,
        "Lat": 52.3245
      },
      {
        "Brigade": "2",
        "Time": "2017-05-14 07:29:33",
        "Lines": "17",
        "Lon": 20.9428,
        "Lat": 52.3245
      },
      {
        "Brigade": "2",
        "Time": "2017-05-14 07:29:44",
        "Lines": "17",
        "Lon": 20.9428,
        "Lat": 52.3245
      },
      {
        "Brigade": "2",
        "Time": "2017-05-14 07:30:00",
        "Lines": "17",
        "Lon": 20.9428,
        "Lat": 52.3245
      },
      {
        "Brigade": "2",
        "Time": "2017-05-14 07:30:10",
        "Lines": "17",
        "Lon": 20.9428,
        "Lat": 52.3245
      },
      {
        "Brigade": "2",
        "Time": "2017-05-14 07:30:20",
        "Lines": "17",
        "Lon": 20.9428,
        "Lat": 52.3245
      },
      {
        "Brigade": "2",
        "Time": "2017-05-14 07:30:31",
        "Lines": "17",
        "Lon": 20.9428,
        "Lat": 52.3245
      },
      {
        "Brigade": "2",
        "Time": "2017-05-14 07:30:31",
        "Lines": "17",
        "Lon": 20.9428,
        "Lat": 52.3245
      },
      {
        "Brigade": "2",
        "Time": "2017-05-14 07:30:41",
        "Lines": "17",
        "Lon": 20.9428,
        "Lat": 52.3245
      },
      {
        "Brigade": "2",
        "Time": "2017-05-14 07:30:52",
        "Lines": "17",
        "Lon": 20.9428,
        "Lat": 52.3245
      },
      {
        "Brigade": "2",
        "Time": "2017-05-14 07:31:02",
        "Lines": "17",
        "Lon": 20.9428,
        "Lat": 52.3245
      },
      {
        "Brigade": "2",
        "Time": "2017-05-14 07:31:13",
        "Lines": "17",
        "Lon": 20.9428,
        "Lat": 52.3245
      },
      {
        "Brigade": "2",
        "Time": "2017-05-14 07:31:29",
        "Lines": "17",
        "Lon": 20.9428,
        "Lat": 52.3245
      },
      {
        "Brigade": "2",
        "Time": "2017-05-14 07:31:39",
        "Lines": "17",
        "Lon": 20.9428,
        "Lat": 52.3245
      },
      {
        "Brigade": "2",
        "Time": "2017-05-14 07:31:50",
        "Lines": "17",
        "Lon": 20.9428,
        "Lat": 52.3245
      },
      {
        "Brigade": "2",
        "Time": "2017-05-14 07:32:00",
        "Lines": "17",
        "Lon": 20.9428,
        "Lat": 52.3245
      },
      {
        "Brigade": "2",
        "Time": "2017-05-14 07:32:11",
        "Lines": "17",
        "Lon": 20.9428,
        "Lat": 52.3245
      },
      {
        "Brigade": "2",
        "Time": "2017-05-14 07:32:21",
        "Lines": "17",
        "Lon": 20.9428,
        "Lat": 52.3245
      },
      {
        "Brigade": "2",
        "Time": "2017-05-14 07:32:21",
        "Lines": "17",
        "Lon": 20.9428,
        "Lat": 52.3245
      },
      {
        "Brigade": "2",
        "Time": "2017-05-14 07:32:32",
        "Lines": "17",
        "Lon": 20.9428,
        "Lat": 52.3245
      },
      {
        "Brigade": "2",
        "Time": "2017-05-14 07:32:42",
        "Lines": "17",
        "Lon": 20.9428,
        "Lat": 52.3245
      },
      {
        "Brigade": "2",
        "Time": "2017-05-14 07:32:53",
        "Lines": "17",
        "Lon": 20.9428,
        "Lat": 52.3245
      },
      {
        "Brigade": "2",
        "Time": "2017-05-14 07:33:03",
        "Lines": "17",
        "Lon": 20.9428,
        "Lat": 52.3245
      },
      {
        "Brigade": "2",
        "Time": "2017-05-14 07:33:14",
        "Lines": "17",
        "Lon": 20.9428,
        "Lat": 52.3245
      },
      {
        "Brigade": "2",
        "Time": "2017-05-14 07:33:24",
        "Lines": "17",
        "Lon": 20.9428,
        "Lat": 52.3245
      },
      {
        "Brigade": "2",
        "Time": "2017-05-14 07:33:40",
        "Lines": "17",
        "Lon": 20.9428,
        "Lat": 52.3245
      },
      {
        "Brigade": "2",
        "Time": "2017-05-14 07:33:50",
        "Lines": "17",
        "Lon": 20.9428,
        "Lat": 52.3245
      },
      {
        "Brigade": "2",
        "Time": "2017-05-14 07:34:01",
        "Lines": "17",
        "Lon": 20.9428,
        "Lat": 52.3245
      },
      {
        "Brigade": "2",
        "Time": "2017-05-14 07:34:11",
        "Lines": "17",
        "Lon": 20.9428,
        "Lat": 52.3245
      },
      {
        "Brigade": "2",
        "Time": "2017-05-14 07:34:11",
        "Lines": "17",
        "Lon": 20.9428,
        "Lat": 52.3245
      },
      {
        "Brigade": "2",
        "Time": "2017-05-14 07:34:22",
        "Lines": "17",
        "Lon": 20.9428,
        "Lat": 52.3245
      },
      {
        "Brigade": "2",
        "Time": "2017-05-14 07:34:32",
        "Lines": "17",
        "Lon": 20.9428,
        "Lat": 52.3245
      },
      {
        "Brigade": "2",
        "Time": "2017-05-14 07:34:43",
        "Lines": "17",
        "Lon": 20.9428,
        "Lat": 52.3245
      },
      {
        "Brigade": "2",
        "Time": "2017-05-14 07:34:53",
        "Lines": "17",
        "Lon": 20.9428,
        "Lat": 52.3245
      },
      {
        "Brigade": "2",
        "Time": "2017-05-14 07:35:09",
        "Lines": "17",
        "Lon": 20.9428,
        "Lat": 52.3245
      },
      {
        "Brigade": "2",
        "Time": "2017-05-14 07:35:14",
        "Lines": "17",
        "Lon": 20.9428,
        "Lat": 52.3245
      },
      {
        "Brigade": "2",
        "Time": "2017-05-14 07:35:30",
        "Lines": "17",
        "Lon": 20.9428,
        "Lat": 52.3245
      },
      {
        "Brigade": "2",
        "Time": "2017-05-14 07:35:40",
        "Lines": "17",
        "Lon": 20.9428,
        "Lat": 52.3245
      },
      {
        "Brigade": "2",
        "Time": "2017-05-14 07:35:51",
        "Lines": "17",
        "Lon": 20.9428,
        "Lat": 52.3245
      },
      {
        "Brigade": "2",
        "Time": "2017-05-14 07:36:01",
        "Lines": "17",
        "Lon": 20.9428,
        "Lat": 52.3245
      },
      {
        "Brigade": "2",
        "Time": "2017-05-14 07:36:01",
        "Lines": "17",
        "Lon": 20.9428,
        "Lat": 52.3245
      },
      {
        "Brigade": "2",
        "Time": "2017-05-14 07:36:12",
        "Lines": "17",
        "Lon": 20.9428,
        "Lat": 52.3245
      },
      {
        "Brigade": "2",
        "Time": "2017-05-14 07:36:22",
        "Lines": "17",
        "Lon": 20.9428,
        "Lat": 52.3245
      },
      {
        "Brigade": "2",
        "Time": "2017-05-14 07:36:33",
        "Lines": "17",
        "Lon": 20.9428,
        "Lat": 52.3245
      },
      {
        "Brigade": "2",
        "Time": "2017-05-14 07:36:43",
        "Lines": "17",
        "Lon": 20.9428,
        "Lat": 52.3245
      },
      {
        "Brigade": "2",
        "Time": "2017-05-14 07:36:54",
        "Lines": "17",
        "Lon": 20.9428,
        "Lat": 52.3245
      },
      {
        "Brigade": "2",
        "Time": "2017-05-14 07:37:04",
        "Lines": "17",
        "Lon": 20.9428,
        "Lat": 52.3245
      },
      {
        "Brigade": "2",
        "Time": "2017-05-14 07:37:20",
        "Lines": "17",
        "Lon": 20.9428,
        "Lat": 52.3245
      },
      {
        "Brigade": "2",
        "Time": "2017-05-14 07:37:30",
        "Lines": "17",
        "Lon": 20.9428,
        "Lat": 52.3245
      },
      {
        "Brigade": "2",
        "Time": "2017-05-14 07:37:41",
        "Lines": "17",
        "Lon": 20.9428,
        "Lat": 52.3245
      },
      {
        "Brigade": "2",
        "Time": "2017-05-14 07:37:51",
        "Lines": "17",
        "Lon": 20.9428,
        "Lat": 52.3245
      },
      {
        "Brigade": "2",
        "Time": "2017-05-14 07:37:51",
        "Lines": "17",
        "Lon": 20.9428,
        "Lat": 52.3245
      },
      {
        "Brigade": "2",
        "Time": "2017-05-14 07:38:02",
        "Lines": "17",
        "Lon": 20.9428,
        "Lat": 52.3245
      },
      {
        "Brigade": "2",
        "Time": "2017-05-14 07:38:12",
        "Lines": "17",
        "Lon": 20.9428,
        "Lat": 52.3245
      },
      {
        "Brigade": "2",
        "Time": "2017-05-14 07:38:23",
        "Lines": "17",
        "Lon": 20.9428,
        "Lat": 52.3245
      },
      {
        "Brigade": "2",
        "Time": "2017-05-14 07:38:33",
        "Lines": "17",
        "Lon": 20.9428,
        "Lat": 52.3245
      },
      {
        "Brigade": "2",
        "Time": "2017-05-14 07:38:44",
        "Lines": "17",
        "Lon": 20.9428,
        "Lat": 52.3245
      },
      {
        "Brigade": "2",
        "Time": "2017-05-14 07:38:54",
        "Lines": "17",
        "Lon": 20.9428,
        "Lat": 52.3245
      },
      {
        "Brigade": "2",
        "Time": "2017-05-14 07:39:10",
        "Lines": "17",
        "Lon": 20.9428,
        "Lat": 52.3245
      },
      {
        "Brigade": "2",
        "Time": "2017-05-14 07:39:20",
        "Lines": "17",
        "Lon": 20.9428,
        "Lat": 52.3245
      },
      {
        "Brigade": "2",
        "Time": "2017-05-14 07:39:20",
        "Lines": "17",
        "Lon": 20.9428,
        "Lat": 52.3245
      },
      {
        "Brigade": "2",
        "Time": "2017-05-14 07:39:20",
        "Lines": "17",
        "Lon": 20.9428,
        "Lat": 52.3245
      },
      {
        "Brigade": "2",
        "Time": "2017-05-14 07:39:20",
        "Lines": "17",
        "Lon": 20.9428,
        "Lat": 52.3245
      },
      {
        "Brigade": "2",
        "Time": "2017-05-14 07:39:20",
        "Lines": "17",
        "Lon": 20.9428,
        "Lat": 52.3245
      },
      {
        "Brigade": "2",
        "Time": "2017-05-14 07:39:20",
        "Lines": "17",
        "Lon": 20.9428,
        "Lat": 52.3245
      },
      {
        "Brigade": "2",
        "Time": "2017-05-14 07:39:20",
        "Lines": "17",
        "Lon": 20.9428,
        "Lat": 52.3245
      },
      {
        "Brigade": "2",
        "Time": "2017-05-14 07:39:20",
        "Lines": "17",
        "Lon": 20.9428,
        "Lat": 52.3245
      },
      {
        "Brigade": "2",
        "Time": "2017-05-14 07:39:20",
        "Lines": "17",
        "Lon": 20.9428,
        "Lat": 52.3245
      },
      {
        "Brigade": "2",
        "Time": "2017-05-14 07:40:50",
        "Lines": "17",
        "Lon": 20.9426,
        "Lat": 52.3242
      },
      {
        "Brigade": "2",
        "Time": "2017-05-14 07:40:55",
        "Lines": "17",
        "Lon": 20.9426,
        "Lat": 52.3242
      },
      {
        "Brigade": "2",
        "Time": "2017-05-14 07:41:05",
        "Lines": "17",
        "Lon": 20.9426,
        "Lat": 52.3242
      },
      {
        "Brigade": "2",
        "Time": "2017-05-14 07:41:21",
        "Lines": "17",
        "Lon": 20.9426,
        "Lat": 52.3242
      },
      {
        "Brigade": "2",
        "Time": "2017-05-14 07:41:32",
        "Lines": "17",
        "Lon": 20.9426,
        "Lat": 52.3242
      },
      {
        "Brigade": "2",
        "Time": "2017-05-14 07:41:32",
        "Lines": "17",
        "Lon": 20.9426,
        "Lat": 52.3242
      },
      {
        "Brigade": "2",
        "Time": "2017-05-14 07:41:42",
        "Lines": "17",
        "Lon": 20.9426,
        "Lat": 52.3242
      },
      {
        "Brigade": "2",
        "Time": "2017-05-14 07:41:53",
        "Lines": "17",
        "Lon": 20.9426,
        "Lat": 52.3242
      },
      {
        "Brigade": "2",
        "Time": "2017-05-14 07:42:03",
        "Lines": "17",
        "Lon": 20.9426,
        "Lat": 52.3242
      },
      {
        "Brigade": "2",
        "Time": "2017-05-14 07:42:14",
        "Lines": "17",
        "Lon": 20.9426,
        "Lat": 52.3242
      },
      {
        "Brigade": "2",
        "Time": "2017-05-14 07:42:24",
        "Lines": "17",
        "Lon": 20.9426,
        "Lat": 52.3242
      },
      {
        "Brigade": "2",
        "Time": "2017-05-14 07:42:35",
        "Lines": "17",
        "Lon": 20.9426,
        "Lat": 52.3242
      },
      {
        "Brigade": "2",
        "Time": "2017-05-14 07:42:45",
        "Lines": "17",
        "Lon": 20.9426,
        "Lat": 52.3242
      },
      {
        "Brigade": "2",
        "Time": "2017-05-14 07:42:56",
        "Lines": "17",
        "Lon": 20.9426,
        "Lat": 52.3242
      },
      {
        "Brigade": "2",
        "Time": "2017-05-14 07:43:11",
        "Lines": "17",
        "Lon": 20.9426,
        "Lat": 52.3242
      },
      {
        "Brigade": "2",
        "Time": "2017-05-14 07:43:11",
        "Lines": "17",
        "Lon": 20.9426,
        "Lat": 52.3242
      },
      {
        "Brigade": "2",
        "Time": "2017-05-14 07:43:22",
        "Lines": "17",
        "Lon": 20.9426,
        "Lat": 52.3242
      },
      {
        "Brigade": "2",
        "Time": "2017-05-14 07:43:32",
        "Lines": "17",
        "Lon": 20.9426,
        "Lat": 52.3242
      },
      {
        "Brigade": "2",
        "Time": "2017-05-14 07:43:43",
        "Lines": "17",
        "Lon": 20.9426,
        "Lat": 52.3242
      },
      {
        "Brigade": "2",
        "Time": "2017-05-14 07:43:53",
        "Lines": "17",
        "Lon": 20.9426,
        "Lat": 52.3242
      },
      {
        "Brigade": "2",
        "Time": "2017-05-14 07:44:04",
        "Lines": "17",
        "Lon": 20.9426,
        "Lat": 52.3242
      },
      {
        "Brigade": "2",
        "Time": "2017-05-14 07:44:19",
        "Lines": "17",
        "Lon": 20.9426,
        "Lat": 52.3242
      },
      {
        "Brigade": "2",
        "Time": "2017-05-14 07:44:30",
        "Lines": "17",
        "Lon": 20.9426,
        "Lat": 52.3242
      },
      {
        "Brigade": "2",
        "Time": "2017-05-14 07:44:40",
        "Lines": "17",
        "Lon": 20.9426,
        "Lat": 52.3242
      },
      {
        "Brigade": "2",
        "Time": "2017-05-14 07:44:51",
        "Lines": "17",
        "Lon": 20.9426,
        "Lat": 52.3242
      },
      {
        "Brigade": "2",
        "Time": "2017-05-14 07:45:01",
        "Lines": "17",
        "Lon": 20.9426,
        "Lat": 52.3242
      },
      {
        "Brigade": "2",
        "Time": "2017-05-14 07:45:01",
        "Lines": "17",
        "Lon": 20.9426,
        "Lat": 52.3242
      },
      {
        "Brigade": "2",
        "Time": "2017-05-14 07:45:12",
        "Lines": "17",
        "Lon": 20.9426,
        "Lat": 52.3242
      },
      {
        "Brigade": "2",
        "Time": "2017-05-14 07:45:22",
        "Lines": "17",
        "Lon": 20.9426,
        "Lat": 52.3242
      },
      {
        "Brigade": "2",
        "Time": "2017-05-14 07:45:33",
        "Lines": "17",
        "Lon": 20.9426,
        "Lat": 52.3242
      },
      {
        "Brigade": "2",
        "Time": "2017-05-14 07:45:49",
        "Lines": "17",
        "Lon": 20.9426,
        "Lat": 52.3242
      },
      {
        "Brigade": "2",
        "Time": "2017-05-14 07:45:54",
        "Lines": "17",
        "Lon": 20.9426,
        "Lat": 52.3242
      },
      {
        "Brigade": "2",
        "Time": "2017-05-14 07:46:10",
        "Lines": "17",
        "Lon": 20.9426,
        "Lat": 52.3242
      },
      {
        "Brigade": "2",
        "Time": "2017-05-14 07:46:20",
        "Lines": "17",
        "Lon": 20.9426,
        "Lat": 52.3242
      },
      {
        "Brigade": "2",
        "Time": "2017-05-14 07:46:30",
        "Lines": "17",
        "Lon": 20.9426,
        "Lat": 52.3242
      },
      {
        "Brigade": "2",
        "Time": "2017-05-14 07:46:41",
        "Lines": "17",
        "Lon": 20.9426,
        "Lat": 52.3242
      },
      {
        "Brigade": "2",
        "Time": "2017-05-14 07:46:41",
        "Lines": "17",
        "Lon": 20.9426,
        "Lat": 52.3242
      },
      {
        "Brigade": "2",
        "Time": "2017-05-14 07:46:51",
        "Lines": "17",
        "Lon": 20.9426,
        "Lat": 52.3242
      },
      {
        "Brigade": "2",
        "Time": "2017-05-14 07:47:02",
        "Lines": "17",
        "Lon": 20.9426,
        "Lat": 52.3242
      },
      {
        "Brigade": "2",
        "Time": "2017-05-14 07:47:13",
        "Lines": "17",
        "Lon": 20.9426,
        "Lat": 52.3242
      },
      {
        "Brigade": "2",
        "Time": "2017-05-14 07:47:23",
        "Lines": "17",
        "Lon": 20.9426,
        "Lat": 52.3242
      },
      {
        "Brigade": "2",
        "Time": "2017-05-14 07:47:33",
        "Lines": "17",
        "Lon": 20.9426,
        "Lat": 52.3242
      },
      {
        "Brigade": "2",
        "Time": "2017-05-14 07:47:49",
        "Lines": "17",
        "Lon": 20.9426,
        "Lat": 52.3242
      },
      {
        "Brigade": "2",
        "Time": "2017-05-14 07:47:54",
        "Lines": "17",
        "Lon": 20.9426,
        "Lat": 52.3242
      },
      {
        "Brigade": "2",
        "Time": "2017-05-14 07:47:54",
        "Lines": "17",
        "Lon": 20.9426,
        "Lat": 52.3242
      },
      {
        "Brigade": "2",
        "Time": "2017-05-14 07:48:21",
        "Lines": "17",
        "Lon": 20.9426,
        "Lat": 52.3242
      },
      {
        "Brigade": "2",
        "Time": "2017-05-14 07:48:32",
        "Lines": "17",
        "Lon": 20.9426,
        "Lat": 52.3242
      },
      {
        "Brigade": "2",
        "Time": "2017-05-14 07:48:32",
        "Lines": "17",
        "Lon": 20.9426,
        "Lat": 52.3242
      },
      {
        "Brigade": "2",
        "Time": "2017-05-14 07:48:42",
        "Lines": "17",
        "Lon": 20.9426,
        "Lat": 52.3242
      },
      {
        "Brigade": "2",
        "Time": "2017-05-14 07:48:52",
        "Lines": "17",
        "Lon": 20.9426,
        "Lat": 52.3242
      },
      {
        "Brigade": "2",
        "Time": "2017-05-14 07:49:03",
        "Lines": "17",
        "Lon": 20.9426,
        "Lat": 52.3242
      },
      {
        "Brigade": "2",
        "Time": "2017-05-14 07:49:13",
        "Lines": "17",
        "Lon": 20.9426,
        "Lat": 52.3242
      },
      {
        "Brigade": "2",
        "Time": "2017-05-14 07:49:24",
        "Lines": "17",
        "Lon": 20.9426,
        "Lat": 52.3242
      },
      {
        "Brigade": "2",
        "Time": "2017-05-14 07:49:34",
        "Lines": "17",
        "Lon": 20.9426,
        "Lat": 52.3242
      },
      {
        "Brigade": "2",
        "Time": "2017-05-14 07:49:50",
        "Lines": "17",
        "Lon": 20.9426,
        "Lat": 52.3242
      },
      {
        "Brigade": "2",
        "Time": "2017-05-14 07:50:00",
        "Lines": "17",
        "Lon": 20.9426,
        "Lat": 52.3242
      },
      {
        "Brigade": "2",
        "Time": "2017-05-14 07:50:11",
        "Lines": "17",
        "Lon": 20.9426,
        "Lat": 52.3242
      },
      {
        "Brigade": "2",
        "Time": "2017-05-14 07:50:21",
        "Lines": "17",
        "Lon": 20.9426,
        "Lat": 52.3242
      },
      {
        "Brigade": "2",
        "Time": "2017-05-14 07:50:21",
        "Lines": "17",
        "Lon": 20.9426,
        "Lat": 52.3242
      },
      {
        "Brigade": "2",
        "Time": "2017-05-14 07:50:32",
        "Lines": "17",
        "Lon": 20.9426,
        "Lat": 52.3242
      },
      {
        "Brigade": "2",
        "Time": "2017-05-14 07:50:42",
        "Lines": "17",
        "Lon": 20.9426,
        "Lat": 52.3242
      },
      {
        "Brigade": "2",
        "Time": "2017-05-14 07:50:53",
        "Lines": "17",
        "Lon": 20.9426,
        "Lat": 52.3242
      },
      {
        "Brigade": "2",
        "Time": "2017-05-14 07:51:03",
        "Lines": "17",
        "Lon": 20.9426,
        "Lat": 52.3242
      },
      {
        "Brigade": "2",
        "Time": "2017-05-14 07:51:14",
        "Lines": "17",
        "Lon": 20.9426,
        "Lat": 52.3242
      },
      {
        "Brigade": "2",
        "Time": "2017-05-14 07:51:30",
        "Lines": "17",
        "Lon": 20.9426,
        "Lat": 52.3242
      },
      {
        "Brigade": "2",
        "Time": "2017-05-14 07:51:40",
        "Lines": "17",
        "Lon": 20.9426,
        "Lat": 52.3242
      },
      {
        "Brigade": "2",
        "Time": "2017-05-14 07:51:50",
        "Lines": "17",
        "Lon": 20.9426,
        "Lat": 52.3242
      },
      {
        "Brigade": "2",
        "Time": "2017-05-14 07:52:01",
        "Lines": "17",
        "Lon": 20.9426,
        "Lat": 52.3242
      },
      {
        "Brigade": "2",
        "Time": "2017-05-14 07:52:01",
        "Lines": "17",
        "Lon": 20.9426,
        "Lat": 52.3242
      },
      {
        "Brigade": "2",
        "Time": "2017-05-14 07:52:12",
        "Lines": "17",
        "Lon": 20.9426,
        "Lat": 52.3242
      },
      {
        "Brigade": "2",
        "Time": "2017-05-14 07:52:22",
        "Lines": "17",
        "Lon": 20.9426,
        "Lat": 52.3242
      },
      {
        "Brigade": "2",
        "Time": "2017-05-14 07:52:38",
        "Lines": "17",
        "Lon": 20.9426,
        "Lat": 52.3242
      },
      {
        "Brigade": "2",
        "Time": "2017-05-14 07:52:43",
        "Lines": "17",
        "Lon": 20.9426,
        "Lat": 52.3242
      },
      {
        "Brigade": "2",
        "Time": "2017-05-14 07:52:53",
        "Lines": "17",
        "Lon": 20.9426,
        "Lat": 52.3242
      },
      {
        "Brigade": "2",
        "Time": "2017-05-14 07:53:09",
        "Lines": "17",
        "Lon": 20.9426,
        "Lat": 52.3242
      },
      {
        "Brigade": "2",
        "Time": "2017-05-14 07:53:20",
        "Lines": "17",
        "Lon": 20.9426,
        "Lat": 52.3242
      },
      {
        "Brigade": "2",
        "Time": "2017-05-14 07:53:30",
        "Lines": "17",
        "Lon": 20.9426,
        "Lat": 52.3242
      },
      {
        "Brigade": "2",
        "Time": "2017-05-14 07:53:41",
        "Lines": "17",
        "Lon": 20.9426,
        "Lat": 52.3242
      },
      {
        "Brigade": "2",
        "Time": "2017-05-14 07:53:41",
        "Lines": "17",
        "Lon": 20.9426,
        "Lat": 52.3242
      },
      {
        "Brigade": "2",
        "Time": "2017-05-14 07:53:51",
        "Lines": "17",
        "Lon": 20.9426,
        "Lat": 52.3242
      },
      {
        "Brigade": "2",
        "Time": "2017-05-14 07:54:01",
        "Lines": "17",
        "Lon": 20.9426,
        "Lat": 52.3242
      },
      {
        "Brigade": "2",
        "Time": "2017-05-14 07:54:12",
        "Lines": "17",
        "Lon": 20.9426,
        "Lat": 52.3242
      },
      {
        "Brigade": "2",
        "Time": "2017-05-14 07:54:23",
        "Lines": "17",
        "Lon": 20.9426,
        "Lat": 52.3242
      },
      {
        "Brigade": "2",
        "Time": "2017-05-14 07:54:38",
        "Lines": "17",
        "Lon": 20.9426,
        "Lat": 52.3242
      },
      {
        "Brigade": "2",
        "Time": "2017-05-14 07:54:49",
        "Lines": "17",
        "Lon": 20.9426,
        "Lat": 52.3242
      },
      {
        "Brigade": "2",
        "Time": "2017-05-14 07:54:59",
        "Lines": "17",
        "Lon": 20.9426,
        "Lat": 52.3242
      },
      {
        "Brigade": "2",
        "Time": "2017-05-14 07:55:10",
        "Lines": "17",
        "Lon": 20.9426,
        "Lat": 52.3242
      },
      {
        "Brigade": "2",
        "Time": "2017-05-14 07:55:20",
        "Lines": "17",
        "Lon": 20.9426,
        "Lat": 52.3242
      },
      {
        "Brigade": "2",
        "Time": "2017-05-14 07:55:31",
        "Lines": "17",
        "Lon": 20.9426,
        "Lat": 52.3242
      },
      {
        "Brigade": "2",
        "Time": "2017-05-14 07:55:31",
        "Lines": "17",
        "Lon": 20.9426,
        "Lat": 52.3242
      },
      {
        "Brigade": "2",
        "Time": "2017-05-14 07:55:41",
        "Lines": "17",
        "Lon": 20.9426,
        "Lat": 52.3242
      },
      {
        "Brigade": "2",
        "Time": "2017-05-14 07:55:52",
        "Lines": "17",
        "Lon": 20.9426,
        "Lat": 52.3242
      },
      {
        "Brigade": "2",
        "Time": "2017-05-14 07:56:02",
        "Lines": "17",
        "Lon": 20.9426,
        "Lat": 52.3242
      },
      {
        "Brigade": "2",
        "Time": "2017-05-14 07:56:13",
        "Lines": "17",
        "Lon": 20.9426,
        "Lat": 52.3242
      },
      {
        "Brigade": "2",
        "Time": "2017-05-14 07:56:29",
        "Lines": "17",
        "Lon": 20.9426,
        "Lat": 52.3242
      },
      {
        "Brigade": "2",
        "Time": "2017-05-14 07:56:39",
        "Lines": "17",
        "Lon": 20.9426,
        "Lat": 52.3242
      },
      {
        "Brigade": "2",
        "Time": "2017-05-14 07:56:49",
        "Lines": "17",
        "Lon": 20.9426,
        "Lat": 52.3242
      },
      {
        "Brigade": "2",
        "Time": "2017-05-14 07:57:00",
        "Lines": "17",
        "Lon": 20.9426,
        "Lat": 52.3242
      },
      {
        "Brigade": "2",
        "Time": "2017-05-14 07:57:10",
        "Lines": "17",
        "Lon": 20.9426,
        "Lat": 52.3242
      },
      {
        "Brigade": "2",
        "Time": "2017-05-14 07:57:21",
        "Lines": "17",
        "Lon": 20.9426,
        "Lat": 52.3242
      },
      {
        "Brigade": "2",
        "Time": "2017-05-14 07:57:21",
        "Lines": "17",
        "Lon": 20.9426,
        "Lat": 52.3242
      },
      {
        "Brigade": "2",
        "Time": "2017-05-14 07:57:31",
        "Lines": "17",
        "Lon": 20.9426,
        "Lat": 52.3242
      },
      {
        "Brigade": "2",
        "Time": "2017-05-14 07:57:42",
        "Lines": "17",
        "Lon": 20.9426,
        "Lat": 52.3242
      },
      {
        "Brigade": "2",
        "Time": "2017-05-14 07:57:52",
        "Lines": "17",
        "Lon": 20.9426,
        "Lat": 52.3242
      },
      {
        "Brigade": "2",
        "Time": "2017-05-14 07:58:03",
        "Lines": "17",
        "Lon": 20.9426,
        "Lat": 52.3242
      },
      {
        "Brigade": "2",
        "Time": "2017-05-14 07:58:13",
        "Lines": "17",
        "Lon": 20.9426,
        "Lat": 52.3242
      },
      {
        "Brigade": "2",
        "Time": "2017-05-14 07:58:29",
        "Lines": "17",
        "Lon": 20.9426,
        "Lat": 52.3242
      },
      {
        "Brigade": "2",
        "Time": "2017-05-14 07:58:39",
        "Lines": "17",
        "Lon": 20.9426,
        "Lat": 52.3242
      },
      {
        "Brigade": "2",
        "Time": "2017-05-14 07:58:50",
        "Lines": "17",
        "Lon": 20.9426,
        "Lat": 52.3242
      },
      {
        "Brigade": "2",
        "Time": "2017-05-14 07:59:01",
        "Lines": "17",
        "Lon": 20.9426,
        "Lat": 52.3242
      },
      {
        "Brigade": "2",
        "Time": "2017-05-14 07:59:11",
        "Lines": "17",
        "Lon": 20.9426,
        "Lat": 52.3242
      },
      {
        "Brigade": "2",
        "Time": "2017-05-14 07:59:11",
        "Lines": "17",
        "Lon": 20.9426,
        "Lat": 52.3242
      },
      {
        "Brigade": "2",
        "Time": "2017-05-14 07:59:21",
        "Lines": "17",
        "Lon": 20.9426,
        "Lat": 52.3242
      },
      {
        "Brigade": "2",
        "Time": "2017-05-14 07:59:32",
        "Lines": "17",
        "Lon": 20.9426,
        "Lat": 52.3242
      },
      {
        "Brigade": "2",
        "Time": "2017-05-14 07:59:42",
        "Lines": "17",
        "Lon": 20.9426,
        "Lat": 52.3242
      },
      {
        "Brigade": "2",
        "Time": "2017-05-14 07:59:53",
        "Lines": "17",
        "Lon": 20.9426,
        "Lat": 52.3242
      },
      {
        "Brigade": "2",
        "Time": "2017-05-14 08:00:03",
        "Lines": "17",
        "Lon": 20.9426,
        "Lat": 52.3241
      },
      {
        "Brigade": "2",
        "Time": "2017-05-14 08:00:14",
        "Lines": "17",
        "Lon": 20.9427,
        "Lat": 52.3238
      },
      {
        "Brigade": "2",
        "Time": "2017-05-14 08:00:29",
        "Lines": "17",
        "Lon": 20.9427,
        "Lat": 52.3238
      },
      {
        "Brigade": "2",
        "Time": "2017-05-14 08:00:40",
        "Lines": "17",
        "Lon": 20.9428,
        "Lat": 52.3235
      },
      {
        "Brigade": "2",
        "Time": "2017-05-14 08:00:50",
        "Lines": "17",
        "Lon": 20.9433,
        "Lat": 52.3231
      },
      {
        "Brigade": "2",
        "Time": "2017-05-14 08:01:01",
        "Lines": "17",
        "Lon": 20.9439,
        "Lat": 52.3228
      },
      {
        "Brigade": "2",
        "Time": "2017-05-14 08:01:01",
        "Lines": "17",
        "Lon": 20.9439,
        "Lat": 52.3228
      },
      {
        "Brigade": "2",
        "Time": "2017-05-14 08:01:11",
        "Lines": "17",
        "Lon": 20.9439,
        "Lat": 52.3228
      },
      {
        "Brigade": "2",
        "Time": "2017-05-14 08:01:22",
        "Lines": "17",
        "Lon": 20.944,
        "Lat": 52.3228
      },
      {
        "Brigade": "2",
        "Time": "2017-05-14 08:01:32",
        "Lines": "17",
        "Lon": 20.9449,
        "Lat": 52.3223
      },
      {
        "Brigade": "2",
        "Time": "2017-05-14 08:01:43",
        "Lines": "17",
        "Lon": 20.9463,
        "Lat": 52.3216
      },
      {
        "Brigade": "2",
        "Time": "2017-05-14 08:01:53",
        "Lines": "17",
        "Lon": 20.9477,
        "Lat": 52.3209
      },
      {
        "Brigade": "2",
        "Time": "2017-05-14 08:02:09",
        "Lines": "17",
        "Lon": 20.9504,
        "Lat": 52.3196
      },
      {
        "Brigade": "2",
        "Time": "2017-05-14 08:02:19",
        "Lines": "17",
        "Lon": 20.9519,
        "Lat": 52.3189
      },
      {
        "Brigade": "2",
        "Time": "2017-05-14 08:02:30",
        "Lines": "17",
        "Lon": 20.9521,
        "Lat": 52.3188
      },
      {
        "Brigade": "2",
        "Time": "2017-05-14 08:02:40",
        "Lines": "17",
        "Lon": 20.9521,
        "Lat": 52.3188
      },
      {
        "Brigade": "2",
        "Time": "2017-05-14 08:02:51",
        "Lines": "17",
        "Lon": 20.9524,
        "Lat": 52.3186
      },
      {
        "Brigade": "2",
        "Time": "2017-05-14 08:02:51",
        "Lines": "17",
        "Lon": 20.9524,
        "Lat": 52.3186
      },
      {
        "Brigade": "2",
        "Time": "2017-05-14 08:03:01",
        "Lines": "17",
        "Lon": 20.9537,
        "Lat": 52.318
      },
      {
        "Brigade": "2",
        "Time": "2017-05-14 08:03:12",
        "Lines": "17",
        "Lon": 20.9553,
        "Lat": 52.3172
      },
      {
        "Brigade": "2",
        "Time": "2017-05-14 08:03:22",
        "Lines": "17",
        "Lon": 20.9569,
        "Lat": 52.3166
      },
      {
        "Brigade": "2",
        "Time": "2017-05-14 08:03:34",
        "Lines": "17",
        "Lon": 20.9589,
        "Lat": 52.3165
      },
      {
        "Brigade": "2",
        "Time": "2017-05-14 08:03:44",
        "Lines": "17",
        "Lon": 20.9602,
        "Lat": 52.3167
      },
      {
        "Brigade": "2",
        "Time": "2017-05-14 08:03:59",
        "Lines": "17",
        "Lon": 20.9603,
        "Lat": 52.3168
      },
      {
        "Brigade": "2",
        "Time": "2017-05-14 08:04:04",
        "Lines": "17",
        "Lon": 20.9603,
        "Lat": 52.3168
      },
      {
        "Brigade": "2",
        "Time": "2017-05-14 08:04:20",
        "Lines": "17",
        "Lon": 20.9603,
        "Lat": 52.3168
      },
      {
        "Brigade": "2",
        "Time": "2017-05-14 08:04:31",
        "Lines": "17",
        "Lon": 20.9603,
        "Lat": 52.3168
      },
      {
        "Brigade": "2",
        "Time": "2017-05-14 08:04:41",
        "Lines": "17",
        "Lon": 20.9603,
        "Lat": 52.3168
      },
      {
        "Brigade": "2",
        "Time": "2017-05-14 08:04:41",
        "Lines": "17",
        "Lon": 20.9603,
        "Lat": 52.3168
      },
      {
        "Brigade": "2",
        "Time": "2017-05-14 08:04:51",
        "Lines": "17",
        "Lon": 20.9615,
        "Lat": 52.3172
      },
      {
        "Brigade": "2",
        "Time": "2017-05-14 08:05:02",
        "Lines": "17",
        "Lon": 20.9628,
        "Lat": 52.3176
      },
      {
        "Brigade": "2",
        "Time": "2017-05-14 08:05:12",
        "Lines": "17",
        "Lon": 20.9638,
        "Lat": 52.3176
      },
      {
        "Brigade": "2",
        "Time": "2017-05-14 08:05:23",
        "Lines": "17",
        "Lon": 20.9649,
        "Lat": 52.3168
      },
      {
        "Brigade": "2",
        "Time": "2017-05-14 08:05:33",
        "Lines": "17",
        "Lon": 20.966,
        "Lat": 52.316
      },
      {
        "Brigade": "2",
        "Time": "2017-05-14 08:05:44",
        "Lines": "17",
        "Lon": 20.9672,
        "Lat": 52.3152
      },
      {
        "Brigade": "2",
        "Time": "2017-05-14 08:05:55",
        "Lines": "17",
        "Lon": 20.9677,
        "Lat": 52.3145
      },
      {
        "Brigade": "2",
        "Time": "2017-05-14 08:06:10",
        "Lines": "17",
        "Lon": 20.9664,
        "Lat": 52.3135
      },
      {
        "Brigade": "2",
        "Time": "2017-05-14 08:06:21",
        "Lines": "17",
        "Lon": 20.9655,
        "Lat": 52.3131
      },
      {
        "Brigade": "2",
        "Time": "2017-05-14 08:06:31",
        "Lines": "17",
        "Lon": 20.9654,
        "Lat": 52.313
      },
      {
        "Brigade": "2",
        "Time": "2017-05-14 08:06:31",
        "Lines": "17",
        "Lon": 20.9654,
        "Lat": 52.313
      },
      {
        "Brigade": "2",
        "Time": "2017-05-14 08:06:42",
        "Lines": "17",
        "Lon": 20.9654,
        "Lat": 52.313
      },
      {
        "Brigade": "2",
        "Time": "2017-05-14 08:06:52",
        "Lines": "17",
        "Lon": 20.9647,
        "Lat": 52.3128
      },
      {
        "Brigade": "2",
        "Time": "2017-05-14 08:07:03",
        "Lines": "17",
        "Lon": 20.9633,
        "Lat": 52.3122
      },
      {
        "Brigade": "2",
        "Time": "2017-05-14 08:07:13",
        "Lines": "17",
        "Lon": 20.9615,
        "Lat": 52.3115
      },
      {
        "Brigade": "2",
        "Time": "2017-05-14 08:07:24",
        "Lines": "17",
        "Lon": 20.9598,
        "Lat": 52.3109
      },
      {
        "Brigade": "2",
        "Time": "2017-05-14 08:07:34",
        "Lines": "17",
        "Lon": 20.9591,
        "Lat": 52.3106
      },
      {
        "Brigade": "2",
        "Time": "2017-05-14 08:07:50",
        "Lines": "17",
        "Lon": 20.959,
        "Lat": 52.3106
      },
      {
        "Brigade": "2",
        "Time": "2017-05-14 08:08:00",
        "Lines": "17",
        "Lon": 20.9581,
        "Lat": 52.3102
      },
      {
        "Brigade": "2",
        "Time": "2017-05-14 08:08:11",
        "Lines": "17",
        "Lon": 20.9568,
        "Lat": 52.3096
      },
      {
        "Brigade": "2",
        "Time": "2017-05-14 08:08:21",
        "Lines": "17",
        "Lon": 20.9551,
        "Lat": 52.3088
      },
      {
        "Brigade": "2",
        "Time": "2017-05-14 08:08:21",
        "Lines": "17",
        "Lon": 20.9551,
        "Lat": 52.3088
      },
      {
        "Brigade": "2",
        "Time": "2017-05-14 08:08:32",
        "Lines": "17",
        "Lon": 20.9534,
        "Lat": 52.3079
      },
      {
        "Brigade": "2",
        "Time": "2017-05-14 08:08:42",
        "Lines": "17",
        "Lon": 20.9519,
        "Lat": 52.3072
      },
      {
        "Brigade": "2",
        "Time": "2017-05-14 08:08:53",
        "Lines": "17",
        "Lon": 20.9502,
        "Lat": 52.3064
      },
      {
        "Brigade": "2",
        "Time": "2017-05-14 08:09:03",
        "Lines": "17",
        "Lon": 20.9487,
        "Lat": 52.3057
      },
      {
        "Brigade": "2",
        "Time": "2017-05-14 08:09:14",
        "Lines": "17",
        "Lon": 20.9472,
        "Lat": 52.305
      },
      {
        "Brigade": "2",
        "Time": "2017-05-14 08:09:29",
        "Lines": "17",
        "Lon": 20.9449,
        "Lat": 52.3039
      },
      {
        "Brigade": "2",
        "Time": "2017-05-14 08:09:40",
        "Lines": "17",
        "Lon": 20.943,
        "Lat": 52.3033
      },
      {
        "Brigade": "2",
        "Time": "2017-05-14 08:09:40",
        "Lines": "17",
        "Lon": 20.943,
        "Lat": 52.3033
      },
      {
        "Brigade": "2",
        "Time": "2017-05-14 08:10:01",
        "Lines": "17",
        "Lon": 20.9408,
        "Lat": 52.3022
      },
      {
        "Brigade": "2",
        "Time": "2017-05-14 08:10:01",
        "Lines": "17",
        "Lon": 20.9408,
        "Lat": 52.3022
      },
      {
        "Brigade": "2",
        "Time": "2017-05-14 08:10:11",
        "Lines": "17",
        "Lon": 20.9404,
        "Lat": 52.3016
      },
      {
        "Brigade": "2",
        "Time": "2017-05-14 08:10:22",
        "Lines": "17",
        "Lon": 20.9407,
        "Lat": 52.3009
      },
      {
        "Brigade": "2",
        "Time": "2017-05-14 08:10:32",
        "Lines": "17",
        "Lon": 20.9411,
        "Lat": 52.2998
      },
      {
        "Brigade": "2",
        "Time": "2017-05-14 08:10:43",
        "Lines": "17",
        "Lon": 20.9422,
        "Lat": 52.2986
      },
      {
        "Brigade": "2",
        "Time": "2017-05-14 08:10:53",
        "Lines": "17",
        "Lon": 20.9428,
        "Lat": 52.2979
      },
      {
        "Brigade": "2",
        "Time": "2017-05-14 08:11:09",
        "Lines": "17",
        "Lon": 20.9428,
        "Lat": 52.2979
      },
      {
        "Brigade": "2",
        "Time": "2017-05-14 08:11:20",
        "Lines": "17",
        "Lon": 20.9432,
        "Lat": 52.2975
      },
      {
        "Brigade": "2",
        "Time": "2017-05-14 08:11:30",
        "Lines": "17",
        "Lon": 20.9441,
        "Lat": 52.2966
      },
      {
        "Brigade": "2",
        "Time": "2017-05-14 08:11:41",
        "Lines": "17",
        "Lon": 20.945,
        "Lat": 52.2956
      },
      {
        "Brigade": "2",
        "Time": "2017-05-14 08:11:52",
        "Lines": "17",
        "Lon": 20.9458,
        "Lat": 52.2948
      },
      {
        "Brigade": "2",
        "Time": "2017-05-14 08:11:52",
        "Lines": "17",
        "Lon": 20.9458,
        "Lat": 52.2948
      },
      {
        "Brigade": "2",
        "Time": "2017-05-14 08:11:52",
        "Lines": "17",
        "Lon": 20.9458,
        "Lat": 52.2948
      },
      {
        "Brigade": "2",
        "Time": "2017-05-14 08:11:52",
        "Lines": "17",
        "Lon": 20.9458,
        "Lat": 52.2948
      },
      {
        "Brigade": "2",
        "Time": "2017-05-14 08:12:26",
        "Lines": "17",
        "Lon": 20.9461,
        "Lat": 52.2945
      },
      {
        "Brigade": "2",
        "Time": "2017-05-14 08:12:33",
        "Lines": "17",
        "Lon": 20.9473,
        "Lat": 52.2932
      },
      {
        "Brigade": "2",
        "Time": "2017-05-14 08:12:43",
        "Lines": "17",
        "Lon": 20.9483,
        "Lat": 52.2921
      },
      {
        "Brigade": "2",
        "Time": "2017-05-14 08:12:54",
        "Lines": "17",
        "Lon": 20.9495,
        "Lat": 52.2909
      },
      {
        "Brigade": "2",
        "Time": "2017-05-14 08:13:10",
        "Lines": "17",
        "Lon": 20.9503,
        "Lat": 52.29
      },
      {
        "Brigade": "2",
        "Time": "2017-05-14 08:13:21",
        "Lines": "17",
        "Lon": 20.9503,
        "Lat": 52.29
      },
      {
        "Brigade": "2",
        "Time": "2017-05-14 08:13:25",
        "Lines": "17",
        "Lon": 20.9505,
        "Lat": 52.2898
      },
      {
        "Brigade": "2",
        "Time": "2017-05-14 08:13:41",
        "Lines": "17",
        "Lon": 20.9518,
        "Lat": 52.2885
      },
      {
        "Brigade": "2",
        "Time": "2017-05-14 08:13:41",
        "Lines": "17",
        "Lon": 20.9518,
        "Lat": 52.2885
      },
      {
        "Brigade": "2",
        "Time": "2017-05-14 08:13:52",
        "Lines": "17",
        "Lon": 20.9527,
        "Lat": 52.2876
      },
      {
        "Brigade": "2",
        "Time": "2017-05-14 08:14:02",
        "Lines": "17",
        "Lon": 20.9529,
        "Lat": 52.2873
      },
      {
        "Brigade": "2",
        "Time": "2017-05-14 08:14:13",
        "Lines": "17",
        "Lon": 20.9529,
        "Lat": 52.2873
      },
      {
        "Brigade": "2",
        "Time": "2017-05-14 08:14:23",
        "Lines": "17",
        "Lon": 20.9529,
        "Lat": 52.2873
      },
      {
        "Brigade": "2",
        "Time": "2017-05-14 08:14:33",
        "Lines": "17",
        "Lon": 20.9535,
        "Lat": 52.2866
      },
      {
        "Brigade": "2",
        "Time": "2017-05-14 08:14:49",
        "Lines": "17",
        "Lon": 20.9545,
        "Lat": 52.2856
      },
      {
        "Brigade": "2",
        "Time": "2017-05-14 08:15:00",
        "Lines": "17",
        "Lon": 20.9549,
        "Lat": 52.285
      },
      {
        "Brigade": "2",
        "Time": "2017-05-14 08:15:10",
        "Lines": "17",
        "Lon": 20.9553,
        "Lat": 52.2846
      },
      {
        "Brigade": "2",
        "Time": "2017-05-14 08:15:21",
        "Lines": "17",
        "Lon": 20.9558,
        "Lat": 52.2841
      },
      {
        "Brigade": "2",
        "Time": "2017-05-14 08:15:21",
        "Lines": "17",
        "Lon": 20.9558,
        "Lat": 52.2841
      },
      {
        "Brigade": "2",
        "Time": "2017-05-14 08:15:31",
        "Lines": "17",
        "Lon": 20.9563,
        "Lat": 52.2835
      },
      {
        "Brigade": "2",
        "Time": "2017-05-14 08:15:43",
        "Lines": "17",
        "Lon": 20.9565,
        "Lat": 52.2833
      },
      {
        "Brigade": "2",
        "Time": "2017-05-14 08:15:52",
        "Lines": "17",
        "Lon": 20.9565,
        "Lat": 52.2833
      },
      {
        "Brigade": "2",
        "Time": "2017-05-14 08:16:03",
        "Lines": "17",
        "Lon": 20.9571,
        "Lat": 52.2827
      },
      {
        "Brigade": "2",
        "Time": "2017-05-14 08:16:14",
        "Lines": "17",
        "Lon": 20.9578,
        "Lat": 52.2819
      },
      {
        "Brigade": "2",
        "Time": "2017-05-14 08:16:27",
        "Lines": "17",
        "Lon": 20.9586,
        "Lat": 52.281
      },
      {
        "Brigade": "2",
        "Time": "2017-05-14 08:16:34",
        "Lines": "17",
        "Lon": 20.9592,
        "Lat": 52.2804
      },
      {
        "Brigade": "2",
        "Time": "2017-05-14 08:16:50",
        "Lines": "17",
        "Lon": 20.9593,
        "Lat": 52.2803
      },
      {
        "Brigade": "2",
        "Time": "2017-05-14 08:17:00",
        "Lines": "17",
        "Lon": 20.9594,
        "Lat": 52.2802
      },
      {
        "Brigade": "2",
        "Time": "2017-05-14 08:17:11",
        "Lines": "17",
        "Lon": 20.96,
        "Lat": 52.2795
      },
      {
        "Brigade": "2",
        "Time": "2017-05-14 08:17:11",
        "Lines": "17",
        "Lon": 20.96,
        "Lat": 52.2795
      },
      {
        "Brigade": "2",
        "Time": "2017-05-14 08:17:22",
        "Lines": "17",
        "Lon": 20.9607,
        "Lat": 52.2788
      },
      {
        "Brigade": "2",
        "Time": "2017-05-14 08:17:32",
        "Lines": "17",
        "Lon": 20.9615,
        "Lat": 52.278
      },
      {
        "Brigade": "2",
        "Time": "2017-05-14 08:17:43",
        "Lines": "17",
        "Lon": 20.9626,
        "Lat": 52.2768
      }
    ]
  }
]
