[
  {
    "res": [
      {
        "Brigade": "5",
        "Time": "2017-05-14 04:31:07",
        "Lines": "17",
        "Lon": 20.9356,
        "Lat": 52.2994
      },
      {
        "Brigade": "5",
        "Time": "2017-05-14 04:31:18",
        "Lines": "17",
        "Lon": 20.9359,
        "Lat": 52.2996
      },
      {
        "Brigade": "5",
        "Time": "2017-05-14 04:31:28",
        "Lines": "17",
        "Lon": 20.9361,
        "Lat": 52.2997
      },
      {
        "Brigade": "5",
        "Time": "2017-05-14 04:31:28",
        "Lines": "17",
        "Lon": 20.9361,
        "Lat": 52.2997
      },
      {
        "Brigade": "5",
        "Time": "2017-05-14 04:31:44",
        "Lines": "17",
        "Lon": 20.9374,
        "Lat": 52.3004
      },
      {
        "Brigade": "5",
        "Time": "2017-05-14 04:31:55",
        "Lines": "17",
        "Lon": 20.9387,
        "Lat": 52.3011
      },
      {
        "Brigade": "5",
        "Time": "2017-05-14 04:32:05",
        "Lines": "17",
        "Lon": 20.9395,
        "Lat": 52.3016
      },
      {
        "Brigade": "5",
        "Time": "2017-05-14 04:32:16",
        "Lines": "17",
        "Lon": 20.9402,
        "Lat": 52.3017
      },
      {
        "Brigade": "5",
        "Time": "2017-05-14 04:32:26",
        "Lines": "17",
        "Lon": 20.9405,
        "Lat": 52.3016
      },
      {
        "Brigade": "5",
        "Time": "2017-05-14 04:32:36",
        "Lines": "17",
        "Lon": 20.9408,
        "Lat": 52.3004
      },
      {
        "Brigade": "5",
        "Time": "2017-05-14 04:32:47",
        "Lines": "17",
        "Lon": 20.9414,
        "Lat": 52.2994
      },
      {
        "Brigade": "5",
        "Time": "2017-05-14 04:33:03",
        "Lines": "17",
        "Lon": 20.9425,
        "Lat": 52.2982
      },
      {
        "Brigade": "5",
        "Time": "2017-05-14 04:33:13",
        "Lines": "17",
        "Lon": 20.9428,
        "Lat": 52.2979
      },
      {
        "Brigade": "5",
        "Time": "2017-05-14 04:33:13",
        "Lines": "17",
        "Lon": 20.9428,
        "Lat": 52.2979
      },
      {
        "Brigade": "5",
        "Time": "2017-05-14 04:33:24",
        "Lines": "17",
        "Lon": 20.9429,
        "Lat": 52.2978
      },
      {
        "Brigade": "5",
        "Time": "2017-05-14 04:33:35",
        "Lines": "17",
        "Lon": 20.9436,
        "Lat": 52.2971
      },
      {
        "Brigade": "5",
        "Time": "2017-05-14 04:33:45",
        "Lines": "17",
        "Lon": 20.9443,
        "Lat": 52.2963
      },
      {
        "Brigade": "5",
        "Time": "2017-05-14 04:33:56",
        "Lines": "17",
        "Lon": 20.945,
        "Lat": 52.2957
      },
      {
        "Brigade": "5",
        "Time": "2017-05-14 04:34:06",
        "Lines": "17",
        "Lon": 20.9457,
        "Lat": 52.2949
      },
      {
        "Brigade": "5",
        "Time": "2017-05-14 04:34:06",
        "Lines": "17",
        "Lon": 20.9457,
        "Lat": 52.2949
      },
      {
        "Brigade": "5",
        "Time": "2017-05-14 04:34:29",
        "Lines": "17",
        "Lon": 20.946,
        "Lat": 52.2945
      },
      {
        "Brigade": "5",
        "Time": "2017-05-14 04:34:32",
        "Lines": "17",
        "Lon": 20.946,
        "Lat": 52.2945
      },
      {
        "Brigade": "5",
        "Time": "2017-05-14 04:34:48",
        "Lines": "17",
        "Lon": 20.9465,
        "Lat": 52.294
      },
      {
        "Brigade": "5",
        "Time": "2017-05-14 04:35:03",
        "Lines": "17",
        "Lon": 20.9481,
        "Lat": 52.2923
      },
      {
        "Brigade": "5",
        "Time": "2017-05-14 04:35:03",
        "Lines": "17",
        "Lon": 20.9481,
        "Lat": 52.2923
      },
      {
        "Brigade": "5",
        "Time": "2017-05-14 04:35:14",
        "Lines": "17",
        "Lon": 20.9492,
        "Lat": 52.2913
      },
      {
        "Brigade": "5",
        "Time": "2017-05-14 04:35:26",
        "Lines": "17",
        "Lon": 20.9501,
        "Lat": 52.2902
      },
      {
        "Brigade": "5",
        "Time": "2017-05-14 04:35:36",
        "Lines": "17",
        "Lon": 20.9503,
        "Lat": 52.29
      },
      {
        "Brigade": "5",
        "Time": "2017-05-14 04:35:45",
        "Lines": "17",
        "Lon": 20.9507,
        "Lat": 52.2896
      },
      {
        "Brigade": "5",
        "Time": "2017-05-14 04:35:56",
        "Lines": "17",
        "Lon": 20.9516,
        "Lat": 52.2887
      },
      {
        "Brigade": "5",
        "Time": "2017-05-14 04:36:06",
        "Lines": "17",
        "Lon": 20.9523,
        "Lat": 52.2879
      },
      {
        "Brigade": "5",
        "Time": "2017-05-14 04:36:17",
        "Lines": "17",
        "Lon": 20.9529,
        "Lat": 52.2873
      },
      {
        "Brigade": "5",
        "Time": "2017-05-14 04:36:27",
        "Lines": "17",
        "Lon": 20.9529,
        "Lat": 52.2873
      },
      {
        "Brigade": "5",
        "Time": "2017-05-14 04:36:43",
        "Lines": "17",
        "Lon": 20.9535,
        "Lat": 52.2867
      },
      {
        "Brigade": "5",
        "Time": "2017-05-14 04:36:43",
        "Lines": "17",
        "Lon": 20.9535,
        "Lat": 52.2867
      },
      {
        "Brigade": "5",
        "Time": "2017-05-14 04:36:54",
        "Lines": "17",
        "Lon": 20.9542,
        "Lat": 52.286
      },
      {
        "Brigade": "5",
        "Time": "2017-05-14 04:37:04",
        "Lines": "17",
        "Lon": 20.9546,
        "Lat": 52.2855
      },
      {
        "Brigade": "5",
        "Time": "2017-05-14 04:37:15",
        "Lines": "17",
        "Lon": 20.9549,
        "Lat": 52.285
      },
      {
        "Brigade": "5",
        "Time": "2017-05-14 04:37:25",
        "Lines": "17",
        "Lon": 20.9553,
        "Lat": 52.2846
      },
      {
        "Brigade": "5",
        "Time": "2017-05-14 04:37:35",
        "Lines": "17",
        "Lon": 20.9558,
        "Lat": 52.2841
      },
      {
        "Brigade": "5",
        "Time": "2017-05-14 04:37:46",
        "Lines": "17",
        "Lon": 20.9562,
        "Lat": 52.2836
      },
      {
        "Brigade": "5",
        "Time": "2017-05-14 04:37:56",
        "Lines": "17",
        "Lon": 20.9565,
        "Lat": 52.2833
      },
      {
        "Brigade": "5",
        "Time": "2017-05-14 04:38:08",
        "Lines": "17",
        "Lon": 20.9565,
        "Lat": 52.2833
      },
      {
        "Brigade": "5",
        "Time": "2017-05-14 04:38:23",
        "Lines": "17",
        "Lon": 20.9573,
        "Lat": 52.2824
      },
      {
        "Brigade": "5",
        "Time": "2017-05-14 04:38:28",
        "Lines": "17",
        "Lon": 20.9578,
        "Lat": 52.2819
      },
      {
        "Brigade": "5",
        "Time": "2017-05-14 04:38:28",
        "Lines": "17",
        "Lon": 20.9578,
        "Lat": 52.2819
      },
      {
        "Brigade": "5",
        "Time": "2017-05-14 04:38:38",
        "Lines": "17",
        "Lon": 20.9586,
        "Lat": 52.2811
      },
      {
        "Brigade": "5",
        "Time": "2017-05-14 04:38:54",
        "Lines": "17",
        "Lon": 20.9593,
        "Lat": 52.2803
      },
      {
        "Brigade": "5",
        "Time": "2017-05-14 04:39:05",
        "Lines": "17",
        "Lon": 20.9593,
        "Lat": 52.2803
      },
      {
        "Brigade": "5",
        "Time": "2017-05-14 04:39:15",
        "Lines": "17",
        "Lon": 20.9598,
        "Lat": 52.2798
      },
      {
        "Brigade": "5",
        "Time": "2017-05-14 04:39:26",
        "Lines": "17",
        "Lon": 20.9608,
        "Lat": 52.2787
      },
      {
        "Brigade": "5",
        "Time": "2017-05-14 04:39:36",
        "Lines": "17",
        "Lon": 20.962,
        "Lat": 52.2774
      },
      {
        "Brigade": "5",
        "Time": "2017-05-14 04:39:47",
        "Lines": "17",
        "Lon": 20.9629,
        "Lat": 52.2764
      },
      {
        "Brigade": "5",
        "Time": "2017-05-14 04:39:57",
        "Lines": "17",
        "Lon": 20.9638,
        "Lat": 52.2757
      },
      {
        "Brigade": "5",
        "Time": "2017-05-14 04:40:08",
        "Lines": "17",
        "Lon": 20.9639,
        "Lat": 52.2756
      },
      {
        "Brigade": "5",
        "Time": "2017-05-14 04:40:23",
        "Lines": "17",
        "Lon": 20.9657,
        "Lat": 52.2743
      },
      {
        "Brigade": "5",
        "Time": "2017-05-14 04:40:23",
        "Lines": "17",
        "Lon": 20.9657,
        "Lat": 52.2743
      },
      {
        "Brigade": "5",
        "Time": "2017-05-14 04:40:29",
        "Lines": "17",
        "Lon": 20.9666,
        "Lat": 52.2738
      },
      {
        "Brigade": "5",
        "Time": "2017-05-14 04:40:29",
        "Lines": "17",
        "Lon": 20.9666,
        "Lat": 52.2738
      },
      {
        "Brigade": "5",
        "Time": "2017-05-14 04:40:55",
        "Lines": "17",
        "Lon": 20.9678,
        "Lat": 52.2732
      },
      {
        "Brigade": "5",
        "Time": "2017-05-14 04:41:05",
        "Lines": "17",
        "Lon": 20.9691,
        "Lat": 52.2728
      },
      {
        "Brigade": "5",
        "Time": "2017-05-14 04:41:16",
        "Lines": "17",
        "Lon": 20.9705,
        "Lat": 52.2724
      },
      {
        "Brigade": "5",
        "Time": "2017-05-14 04:41:26",
        "Lines": "17",
        "Lon": 20.9713,
        "Lat": 52.2723
      },
      {
        "Brigade": "5",
        "Time": "2017-05-14 04:41:37",
        "Lines": "17",
        "Lon": 20.9715,
        "Lat": 52.2723
      },
      {
        "Brigade": "5",
        "Time": "2017-05-14 04:41:48",
        "Lines": "17",
        "Lon": 20.9721,
        "Lat": 52.2721
      },
      {
        "Brigade": "5",
        "Time": "2017-05-14 04:41:58",
        "Lines": "17",
        "Lon": 20.9727,
        "Lat": 52.272
      },
      {
        "Brigade": "5",
        "Time": "2017-05-14 04:42:08",
        "Lines": "17",
        "Lon": 20.9729,
        "Lat": 52.2719
      },
      {
        "Brigade": "5",
        "Time": "2017-05-14 04:42:08",
        "Lines": "17",
        "Lon": 20.9729,
        "Lat": 52.2719
      },
      {
        "Brigade": "5",
        "Time": "2017-05-14 04:42:24",
        "Lines": "17",
        "Lon": 20.9729,
        "Lat": 52.2719
      },
      {
        "Brigade": "5",
        "Time": "2017-05-14 04:42:34",
        "Lines": "17",
        "Lon": 20.9736,
        "Lat": 52.2717
      },
      {
        "Brigade": "5",
        "Time": "2017-05-14 04:42:45",
        "Lines": "17",
        "Lon": 20.974,
        "Lat": 52.2711
      },
      {
        "Brigade": "5",
        "Time": "2017-05-14 04:42:55",
        "Lines": "17",
        "Lon": 20.9747,
        "Lat": 52.2699
      },
      {
        "Brigade": "5",
        "Time": "2017-05-14 04:43:06",
        "Lines": "17",
        "Lon": 20.9755,
        "Lat": 52.2687
      },
      {
        "Brigade": "5",
        "Time": "2017-05-14 04:43:17",
        "Lines": "17",
        "Lon": 20.9762,
        "Lat": 52.2677
      },
      {
        "Brigade": "5",
        "Time": "2017-05-14 04:43:27",
        "Lines": "17",
        "Lon": 20.9766,
        "Lat": 52.2671
      },
      {
        "Brigade": "5",
        "Time": "2017-05-14 04:43:37",
        "Lines": "17",
        "Lon": 20.9767,
        "Lat": 52.267
      },
      {
        "Brigade": "5",
        "Time": "2017-05-14 04:43:48",
        "Lines": "17",
        "Lon": 20.9767,
        "Lat": 52.267
      },
      {
        "Brigade": "5",
        "Time": "2017-05-14 04:43:59",
        "Lines": "17",
        "Lon": 20.9771,
        "Lat": 52.2664
      },
      {
        "Brigade": "5",
        "Time": "2017-05-14 04:43:59",
        "Lines": "17",
        "Lon": 20.9771,
        "Lat": 52.2664
      },
      {
        "Brigade": "5",
        "Time": "2017-05-14 04:44:14",
        "Lines": "17",
        "Lon": 20.9781,
        "Lat": 52.2648
      },
      {
        "Brigade": "5",
        "Time": "2017-05-14 04:44:24",
        "Lines": "17",
        "Lon": 20.9788,
        "Lat": 52.2638
      },
      {
        "Brigade": "5",
        "Time": "2017-05-14 04:44:35",
        "Lines": "17",
        "Lon": 20.9792,
        "Lat": 52.2631
      },
      {
        "Brigade": "5",
        "Time": "2017-05-14 04:44:40",
        "Lines": "17",
        "Lon": 20.9793,
        "Lat": 52.2631
      },
      {
        "Brigade": "5",
        "Time": "2017-05-14 04:44:56",
        "Lines": "17",
        "Lon": 20.9796,
        "Lat": 52.2625
      },
      {
        "Brigade": "5",
        "Time": "2017-05-14 04:45:06",
        "Lines": "17",
        "Lon": 20.98,
        "Lat": 52.262
      },
      {
        "Brigade": "5",
        "Time": "2017-05-14 04:45:17",
        "Lines": "17",
        "Lon": 20.9802,
        "Lat": 52.2616
      },
      {
        "Brigade": "5",
        "Time": "2017-05-14 04:45:28",
        "Lines": "17",
        "Lon": 20.9806,
        "Lat": 52.2608
      },
      {
        "Brigade": "5",
        "Time": "2017-05-14 04:45:43",
        "Lines": "17",
        "Lon": 20.981,
        "Lat": 52.2593
      },
      {
        "Brigade": "5",
        "Time": "2017-05-14 04:45:43",
        "Lines": "17",
        "Lon": 20.981,
        "Lat": 52.2593
      },
      {
        "Brigade": "5",
        "Time": "2017-05-14 04:45:49",
        "Lines": "17",
        "Lon": 20.9811,
        "Lat": 52.2587
      },
      {
        "Brigade": "5",
        "Time": "2017-05-14 04:46:04",
        "Lines": "17",
        "Lon": 20.9815,
        "Lat": 52.2571
      },
      {
        "Brigade": "5",
        "Time": "2017-05-14 04:46:15",
        "Lines": "17",
        "Lon": 20.9818,
        "Lat": 52.2561
      },
      {
        "Brigade": "5",
        "Time": "2017-05-14 04:46:25",
        "Lines": "17",
        "Lon": 20.982,
        "Lat": 52.2557
      },
      {
        "Brigade": "5",
        "Time": "2017-05-14 04:46:36",
        "Lines": "17",
        "Lon": 20.982,
        "Lat": 52.2557
      },
      {
        "Brigade": "5",
        "Time": "2017-05-14 04:46:46",
        "Lines": "17",
        "Lon": 20.982,
        "Lat": 52.2557
      },
      {
        "Brigade": "5",
        "Time": "2017-05-14 04:46:57",
        "Lines": "17",
        "Lon": 20.982,
        "Lat": 52.2557
      },
      {
        "Brigade": "5",
        "Time": "2017-05-14 04:47:07",
        "Lines": "17",
        "Lon": 20.982,
        "Lat": 52.2556
      },
      {
        "Brigade": "5",
        "Time": "2017-05-14 04:47:18",
        "Lines": "17",
        "Lon": 20.9821,
        "Lat": 52.2554
      },
      {
        "Brigade": "5",
        "Time": "2017-05-14 04:47:29",
        "Lines": "17",
        "Lon": 20.9823,
        "Lat": 52.255
      },
      {
        "Brigade": "5",
        "Time": "2017-05-14 04:47:29",
        "Lines": "17",
        "Lon": 20.9823,
        "Lat": 52.255
      },
      {
        "Brigade": "5",
        "Time": "2017-05-14 04:47:44",
        "Lines": "17",
        "Lon": 20.9829,
        "Lat": 52.2541
      },
      {
        "Brigade": "5",
        "Time": "2017-05-14 04:47:54",
        "Lines": "17",
        "Lon": 20.9833,
        "Lat": 52.2537
      },
      {
        "Brigade": "5",
        "Time": "2017-05-14 04:48:05",
        "Lines": "17",
        "Lon": 20.9835,
        "Lat": 52.2535
      },
      {
        "Brigade": "5",
        "Time": "2017-05-14 04:48:15",
        "Lines": "17",
        "Lon": 20.9836,
        "Lat": 52.2534
      },
      {
        "Brigade": "5",
        "Time": "2017-05-14 04:48:26",
        "Lines": "17",
        "Lon": 20.9842,
        "Lat": 52.2527
      },
      {
        "Brigade": "5",
        "Time": "2017-05-14 04:48:36",
        "Lines": "17",
        "Lon": 20.985,
        "Lat": 52.2517
      },
      {
        "Brigade": "5",
        "Time": "2017-05-14 04:48:47",
        "Lines": "17",
        "Lon": 20.9854,
        "Lat": 52.2513
      },
      {
        "Brigade": "5",
        "Time": "2017-05-14 04:48:57",
        "Lines": "17",
        "Lon": 20.9855,
        "Lat": 52.2511
      },
      {
        "Brigade": "5",
        "Time": "2017-05-14 04:49:08",
        "Lines": "17",
        "Lon": 20.986,
        "Lat": 52.2506
      },
      {
        "Brigade": "5",
        "Time": "2017-05-14 04:49:18",
        "Lines": "17",
        "Lon": 20.9868,
        "Lat": 52.2497
      },
      {
        "Brigade": "5",
        "Time": "2017-05-14 04:49:18",
        "Lines": "17",
        "Lon": 20.9868,
        "Lat": 52.2497
      },
      {
        "Brigade": "5",
        "Time": "2017-05-14 04:49:29",
        "Lines": "17",
        "Lon": 20.9878,
        "Lat": 52.2485
      },
      {
        "Brigade": "5",
        "Time": "2017-05-14 04:49:44",
        "Lines": "17",
        "Lon": 20.9886,
        "Lat": 52.2476
      },
      {
        "Brigade": "5",
        "Time": "2017-05-14 04:49:56",
        "Lines": "17",
        "Lon": 20.9886,
        "Lat": 52.2476
      },
      {
        "Brigade": "5",
        "Time": "2017-05-14 04:50:05",
        "Lines": "17",
        "Lon": 20.9886,
        "Lat": 52.2476
      },
      {
        "Brigade": "5",
        "Time": "2017-05-14 04:50:16",
        "Lines": "17",
        "Lon": 20.9886,
        "Lat": 52.2476
      },
      {
        "Brigade": "5",
        "Time": "2017-05-14 04:50:26",
        "Lines": "17",
        "Lon": 20.9886,
        "Lat": 52.2476
      },
      {
        "Brigade": "5",
        "Time": "2017-05-14 04:50:37",
        "Lines": "17",
        "Lon": 20.9891,
        "Lat": 52.247
      },
      {
        "Brigade": "5",
        "Time": "2017-05-14 04:50:53",
        "Lines": "17",
        "Lon": 20.9907,
        "Lat": 52.2451
      },
      {
        "Brigade": "5",
        "Time": "2017-05-14 04:50:53",
        "Lines": "17",
        "Lon": 20.9907,
        "Lat": 52.2451
      },
      {
        "Brigade": "5",
        "Time": "2017-05-14 04:51:03",
        "Lines": "17",
        "Lon": 20.9909,
        "Lat": 52.2449
      },
      {
        "Brigade": "5",
        "Time": "2017-05-14 04:51:13",
        "Lines": "17",
        "Lon": 20.991,
        "Lat": 52.2449
      },
      {
        "Brigade": "5",
        "Time": "2017-05-14 04:51:24",
        "Lines": "17",
        "Lon": 20.9915,
        "Lat": 52.2442
      },
      {
        "Brigade": "5",
        "Time": "2017-05-14 04:51:34",
        "Lines": "17",
        "Lon": 20.9917,
        "Lat": 52.2439
      },
      {
        "Brigade": "5",
        "Time": "2017-05-14 04:51:47",
        "Lines": "17",
        "Lon": 20.992,
        "Lat": 52.2437
      },
      {
        "Brigade": "5",
        "Time": "2017-05-14 04:51:55",
        "Lines": "17",
        "Lon": 20.9929,
        "Lat": 52.2426
      },
      {
        "Brigade": "5",
        "Time": "2017-05-14 04:52:11",
        "Lines": "17",
        "Lon": 20.9933,
        "Lat": 52.2422
      },
      {
        "Brigade": "5",
        "Time": "2017-05-14 04:52:22",
        "Lines": "17",
        "Lon": 20.9937,
        "Lat": 52.2417
      },
      {
        "Brigade": "5",
        "Time": "2017-05-14 04:52:22",
        "Lines": "17",
        "Lon": 20.9937,
        "Lat": 52.2417
      },
      {
        "Brigade": "5",
        "Time": "2017-05-14 04:52:32",
        "Lines": "17",
        "Lon": 20.9941,
        "Lat": 52.2412
      },
      {
        "Brigade": "5",
        "Time": "2017-05-14 04:52:43",
        "Lines": "17",
        "Lon": 20.995,
        "Lat": 52.2402
      },
      {
        "Brigade": "5",
        "Time": "2017-05-14 04:52:53",
        "Lines": "17",
        "Lon": 20.9958,
        "Lat": 52.239
      },
      {
        "Brigade": "5",
        "Time": "2017-05-14 04:53:04",
        "Lines": "17",
        "Lon": 20.9962,
        "Lat": 52.2381
      },
      {
        "Brigade": "5",
        "Time": "2017-05-14 04:53:14",
        "Lines": "17",
        "Lon": 20.9962,
        "Lat": 52.2381
      },
      {
        "Brigade": "5",
        "Time": "2017-05-14 04:53:30",
        "Lines": "17",
        "Lon": 20.9962,
        "Lat": 52.2381
      },
      {
        "Brigade": "5",
        "Time": "2017-05-14 04:53:40",
        "Lines": "17",
        "Lon": 20.9965,
        "Lat": 52.2373
      },
      {
        "Brigade": "5",
        "Time": "2017-05-14 04:53:51",
        "Lines": "17",
        "Lon": 20.997,
        "Lat": 52.2361
      },
      {
        "Brigade": "5",
        "Time": "2017-05-14 04:53:51",
        "Lines": "17",
        "Lon": 20.997,
        "Lat": 52.2361
      },
      {
        "Brigade": "5",
        "Time": "2017-05-14 04:54:01",
        "Lines": "17",
        "Lon": 20.9975,
        "Lat": 52.235
      },
      {
        "Brigade": "5",
        "Time": "2017-05-14 04:54:12",
        "Lines": "17",
        "Lon": 20.998,
        "Lat": 52.2339
      },
      {
        "Brigade": "5",
        "Time": "2017-05-14 04:54:22",
        "Lines": "17",
        "Lon": 20.9981,
        "Lat": 52.2336
      },
      {
        "Brigade": "5",
        "Time": "2017-05-14 04:54:33",
        "Lines": "17",
        "Lon": 20.9982,
        "Lat": 52.2334
      },
      {
        "Brigade": "5",
        "Time": "2017-05-14 04:54:48",
        "Lines": "17",
        "Lon": 20.9986,
        "Lat": 52.2327
      },
      {
        "Brigade": "5",
        "Time": "2017-05-14 04:54:59",
        "Lines": "17",
        "Lon": 20.9989,
        "Lat": 52.2322
      },
      {
        "Brigade": "5",
        "Time": "2017-05-14 04:55:10",
        "Lines": "17",
        "Lon": 20.9989,
        "Lat": 52.2322
      },
      {
        "Brigade": "5",
        "Time": "2017-05-14 04:55:20",
        "Lines": "17",
        "Lon": 20.9993,
        "Lat": 52.2317
      },
      {
        "Brigade": "5",
        "Time": "2017-05-14 04:55:20",
        "Lines": "17",
        "Lon": 20.9993,
        "Lat": 52.2317
      },
      {
        "Brigade": "5",
        "Time": "2017-05-14 04:55:30",
        "Lines": "17",
        "Lon": 20.9999,
        "Lat": 52.2308
      },
      {
        "Brigade": "5",
        "Time": "2017-05-14 04:55:30",
        "Lines": "17",
        "Lon": 20.9999,
        "Lat": 52.2308
      },
      {
        "Brigade": "5",
        "Time": "2017-05-14 04:55:53",
        "Lines": "17",
        "Lon": 21.001,
        "Lat": 52.2292
      },
      {
        "Brigade": "5",
        "Time": "2017-05-14 04:56:07",
        "Lines": "17",
        "Lon": 21.0016,
        "Lat": 52.2282
      },
      {
        "Brigade": "5",
        "Time": "2017-05-14 04:56:18",
        "Lines": "17",
        "Lon": 21.0017,
        "Lat": 52.2281
      },
      {
        "Brigade": "5",
        "Time": "2017-05-14 04:56:28",
        "Lines": "17",
        "Lon": 21.0017,
        "Lat": 52.2281
      },
      {
        "Brigade": "5",
        "Time": "2017-05-14 04:56:39",
        "Lines": "17",
        "Lon": 21.0017,
        "Lat": 52.2281
      },
      {
        "Brigade": "5",
        "Time": "2017-05-14 04:56:50",
        "Lines": "17",
        "Lon": 21.0017,
        "Lat": 52.2281
      },
      {
        "Brigade": "5",
        "Time": "2017-05-14 04:57:00",
        "Lines": "17",
        "Lon": 21.0017,
        "Lat": 52.2281
      },
      {
        "Brigade": "5",
        "Time": "2017-05-14 04:57:10",
        "Lines": "17",
        "Lon": 21.0017,
        "Lat": 52.2281
      },
      {
        "Brigade": "5",
        "Time": "2017-05-14 04:57:10",
        "Lines": "17",
        "Lon": 21.0017,
        "Lat": 52.2281
      },
      {
        "Brigade": "5",
        "Time": "2017-05-14 04:57:21",
        "Lines": "17",
        "Lon": 21.002,
        "Lat": 52.2275
      },
      {
        "Brigade": "5",
        "Time": "2017-05-14 04:57:26",
        "Lines": "17",
        "Lon": 21.0022,
        "Lat": 52.2272
      },
      {
        "Brigade": "5",
        "Time": "2017-05-14 04:57:47",
        "Lines": "17",
        "Lon": 21.0031,
        "Lat": 52.2258
      },
      {
        "Brigade": "5",
        "Time": "2017-05-14 04:57:57",
        "Lines": "17",
        "Lon": 21.0035,
        "Lat": 52.2251
      },
      {
        "Brigade": "5",
        "Time": "2017-05-14 04:58:08",
        "Lines": "17",
        "Lon": 21.0041,
        "Lat": 52.2241
      },
      {
        "Brigade": "5",
        "Time": "2017-05-14 04:58:18",
        "Lines": "17",
        "Lon": 21.0046,
        "Lat": 52.2234
      },
      {
        "Brigade": "5",
        "Time": "2017-05-14 04:58:29",
        "Lines": "17",
        "Lon": 21.0046,
        "Lat": 52.2233
      },
      {
        "Brigade": "5",
        "Time": "2017-05-14 04:58:39",
        "Lines": "17",
        "Lon": 21.0046,
        "Lat": 52.2233
      },
      {
        "Brigade": "5",
        "Time": "2017-05-14 04:58:39",
        "Lines": "17",
        "Lon": 21.0046,
        "Lat": 52.2233
      },
      {
        "Brigade": "5",
        "Time": "2017-05-14 04:58:55",
        "Lines": "17",
        "Lon": 21.0047,
        "Lat": 52.2231
      },
      {
        "Brigade": "5",
        "Time": "2017-05-14 04:59:06",
        "Lines": "17",
        "Lon": 21.0048,
        "Lat": 52.2222
      },
      {
        "Brigade": "5",
        "Time": "2017-05-14 04:59:11",
        "Lines": "17",
        "Lon": 21.0048,
        "Lat": 52.2217
      },
      {
        "Brigade": "5",
        "Time": "2017-05-14 04:59:26",
        "Lines": "17",
        "Lon": 21.0049,
        "Lat": 52.2206
      },
      {
        "Brigade": "5",
        "Time": "2017-05-14 04:59:37",
        "Lines": "17",
        "Lon": 21.0049,
        "Lat": 52.2206
      },
      {
        "Brigade": "5",
        "Time": "2017-05-14 04:59:47",
        "Lines": "17",
        "Lon": 21.0049,
        "Lat": 52.2204
      },
      {
        "Brigade": "5",
        "Time": "2017-05-14 04:59:58",
        "Lines": "17",
        "Lon": 21.0048,
        "Lat": 52.2199
      },
      {
        "Brigade": "5",
        "Time": "2017-05-14 05:00:08",
        "Lines": "17",
        "Lon": 21.0049,
        "Lat": 52.2191
      },
      {
        "Brigade": "5",
        "Time": "2017-05-14 05:00:08",
        "Lines": "17",
        "Lon": 21.0049,
        "Lat": 52.2191
      },
      {
        "Brigade": "5",
        "Time": "2017-05-14 05:00:24",
        "Lines": "17",
        "Lon": 21.005,
        "Lat": 52.2176
      },
      {
        "Brigade": "5",
        "Time": "2017-05-14 05:00:35",
        "Lines": "17",
        "Lon": 21.005,
        "Lat": 52.2176
      },
      {
        "Brigade": "5",
        "Time": "2017-05-14 05:00:45",
        "Lines": "17",
        "Lon": 21.005,
        "Lat": 52.2176
      },
      {
        "Brigade": "5",
        "Time": "2017-05-14 05:00:56",
        "Lines": "17",
        "Lon": 21.005,
        "Lat": 52.2176
      },
      {
        "Brigade": "5",
        "Time": "2017-05-14 05:01:01",
        "Lines": "17",
        "Lon": 21.005,
        "Lat": 52.2176
      },
      {
        "Brigade": "5",
        "Time": "2017-05-14 05:01:16",
        "Lines": "17",
        "Lon": 21.005,
        "Lat": 52.2176
      },
      {
        "Brigade": "5",
        "Time": "2017-05-14 05:01:28",
        "Lines": "17",
        "Lon": 21.005,
        "Lat": 52.2173
      },
      {
        "Brigade": "5",
        "Time": "2017-05-14 05:01:37",
        "Lines": "17",
        "Lon": 21.0052,
        "Lat": 52.2164
      },
      {
        "Brigade": "5",
        "Time": "2017-05-14 05:01:53",
        "Lines": "17",
        "Lon": 21.0053,
        "Lat": 52.2161
      },
      {
        "Brigade": "5",
        "Time": "2017-05-14 05:01:53",
        "Lines": "17",
        "Lon": 21.0053,
        "Lat": 52.2161
      },
      {
        "Brigade": "5",
        "Time": "2017-05-14 05:01:58",
        "Lines": "17",
        "Lon": 21.0053,
        "Lat": 52.2161
      },
      {
        "Brigade": "5",
        "Time": "2017-05-14 05:02:09",
        "Lines": "17",
        "Lon": 21.0055,
        "Lat": 52.2152
      },
      {
        "Brigade": "5",
        "Time": "2017-05-14 05:02:25",
        "Lines": "17",
        "Lon": 21.0061,
        "Lat": 52.2135
      },
      {
        "Brigade": "5",
        "Time": "2017-05-14 05:02:37",
        "Lines": "17",
        "Lon": 21.0062,
        "Lat": 52.2131
      },
      {
        "Brigade": "5",
        "Time": "2017-05-14 05:02:47",
        "Lines": "17",
        "Lon": 21.0062,
        "Lat": 52.2131
      },
      {
        "Brigade": "5",
        "Time": "2017-05-14 05:02:56",
        "Lines": "17",
        "Lon": 21.0063,
        "Lat": 52.2128
      },
      {
        "Brigade": "5",
        "Time": "2017-05-14 05:03:07",
        "Lines": "17",
        "Lon": 21.0066,
        "Lat": 52.2118
      },
      {
        "Brigade": "5",
        "Time": "2017-05-14 05:03:17",
        "Lines": "17",
        "Lon": 21.0069,
        "Lat": 52.211
      },
      {
        "Brigade": "5",
        "Time": "2017-05-14 05:03:28",
        "Lines": "17",
        "Lon": 21.0069,
        "Lat": 52.2108
      },
      {
        "Brigade": "5",
        "Time": "2017-05-14 05:03:43",
        "Lines": "17",
        "Lon": 21.0071,
        "Lat": 52.2102
      },
      {
        "Brigade": "5",
        "Time": "2017-05-14 05:03:43",
        "Lines": "17",
        "Lon": 21.0071,
        "Lat": 52.2102
      },
      {
        "Brigade": "5",
        "Time": "2017-05-14 05:03:54",
        "Lines": "17",
        "Lon": 21.0076,
        "Lat": 52.2089
      },
      {
        "Brigade": "5",
        "Time": "2017-05-14 05:04:04",
        "Lines": "17",
        "Lon": 21.0079,
        "Lat": 52.2083
      },
      {
        "Brigade": "5",
        "Time": "2017-05-14 05:04:15",
        "Lines": "17",
        "Lon": 21.0079,
        "Lat": 52.2083
      },
      {
        "Brigade": "5",
        "Time": "2017-05-14 05:04:25",
        "Lines": "17",
        "Lon": 21.0079,
        "Lat": 52.2083
      },
      {
        "Brigade": "5",
        "Time": "2017-05-14 05:04:36",
        "Lines": "17",
        "Lon": 21.008,
        "Lat": 52.2078
      },
      {
        "Brigade": "5",
        "Time": "2017-05-14 05:04:46",
        "Lines": "17",
        "Lon": 21.0074,
        "Lat": 52.2075
      },
      {
        "Brigade": "5",
        "Time": "2017-05-14 05:04:57",
        "Lines": "17",
        "Lon": 21.0056,
        "Lat": 52.2071
      },
      {
        "Brigade": "5",
        "Time": "2017-05-14 05:05:07",
        "Lines": "17",
        "Lon": 21.0039,
        "Lat": 52.2068
      },
      {
        "Brigade": "5",
        "Time": "2017-05-14 05:05:19",
        "Lines": "17",
        "Lon": 21.0036,
        "Lat": 52.2068
      },
      {
        "Brigade": "5",
        "Time": "2017-05-14 05:05:33",
        "Lines": "17",
        "Lon": 21.0027,
        "Lat": 52.2067
      },
      {
        "Brigade": "5",
        "Time": "2017-05-14 05:05:33",
        "Lines": "17",
        "Lon": 21.0027,
        "Lat": 52.2067
      },
      {
        "Brigade": "5",
        "Time": "2017-05-14 05:05:44",
        "Lines": "17",
        "Lon": 21.0018,
        "Lat": 52.2065
      },
      {
        "Brigade": "5",
        "Time": "2017-05-14 05:05:54",
        "Lines": "17",
        "Lon": 21.0009,
        "Lat": 52.2063
      },
      {
        "Brigade": "5",
        "Time": "2017-05-14 05:06:05",
        "Lines": "17",
        "Lon": 21.0001,
        "Lat": 52.2062
      },
      {
        "Brigade": "5",
        "Time": "2017-05-14 05:06:15",
        "Lines": "17",
        "Lon": 20.9996,
        "Lat": 52.2061
      },
      {
        "Brigade": "5",
        "Time": "2017-05-14 05:06:26",
        "Lines": "17",
        "Lon": 20.9996,
        "Lat": 52.2061
      },
      {
        "Brigade": "5",
        "Time": "2017-05-14 05:06:36",
        "Lines": "17",
        "Lon": 20.9994,
        "Lat": 52.206
      },
      {
        "Brigade": "5",
        "Time": "2017-05-14 05:06:47",
        "Lines": "17",
        "Lon": 20.9993,
        "Lat": 52.2055
      },
      {
        "Brigade": "5",
        "Time": "2017-05-14 05:06:57",
        "Lines": "17",
        "Lon": 20.9994,
        "Lat": 52.2052
      },
      {
        "Brigade": "5",
        "Time": "2017-05-14 05:07:08",
        "Lines": "17",
        "Lon": 20.9994,
        "Lat": 52.2051
      },
      {
        "Brigade": "5",
        "Time": "2017-05-14 05:07:18",
        "Lines": "17",
        "Lon": 20.9996,
        "Lat": 52.2046
      },
      {
        "Brigade": "5",
        "Time": "2017-05-14 05:07:18",
        "Lines": "17",
        "Lon": 20.9996,
        "Lat": 52.2046
      },
      {
        "Brigade": "5",
        "Time": "2017-05-14 05:07:34",
        "Lines": "17",
        "Lon": 20.9999,
        "Lat": 52.2033
      },
      {
        "Brigade": "5",
        "Time": "2017-05-14 05:07:40",
        "Lines": "17",
        "Lon": 21,
        "Lat": 52.2029
      },
      {
        "Brigade": "5",
        "Time": "2017-05-14 05:07:55",
        "Lines": "17",
        "Lon": 21.0004,
        "Lat": 52.2019
      },
      {
        "Brigade": "5",
        "Time": "2017-05-14 05:08:05",
        "Lines": "17",
        "Lon": 21.0004,
        "Lat": 52.2019
      },
      {
        "Brigade": "5",
        "Time": "2017-05-14 05:08:16",
        "Lines": "17",
        "Lon": 21.0005,
        "Lat": 52.2015
      },
      {
        "Brigade": "5",
        "Time": "2017-05-14 05:08:26",
        "Lines": "17",
        "Lon": 21.0007,
        "Lat": 52.2006
      },
      {
        "Brigade": "5",
        "Time": "2017-05-14 05:08:38",
        "Lines": "17",
        "Lon": 21.0009,
        "Lat": 52.1998
      },
      {
        "Brigade": "5",
        "Time": "2017-05-14 05:08:47",
        "Lines": "17",
        "Lon": 21.0011,
        "Lat": 52.1992
      },
      {
        "Brigade": "5",
        "Time": "2017-05-14 05:08:58",
        "Lines": "17",
        "Lon": 21.0011,
        "Lat": 52.1991
      },
      {
        "Brigade": "5",
        "Time": "2017-05-14 05:09:08",
        "Lines": "17",
        "Lon": 21.0011,
        "Lat": 52.1991
      },
      {
        "Brigade": "5",
        "Time": "2017-05-14 05:09:08",
        "Lines": "17",
        "Lon": 21.0011,
        "Lat": 52.1991
      },
      {
        "Brigade": "5",
        "Time": "2017-05-14 05:09:19",
        "Lines": "17",
        "Lon": 21.0011,
        "Lat": 52.1991
      },
      {
        "Brigade": "5",
        "Time": "2017-05-14 05:09:35",
        "Lines": "17",
        "Lon": 21.0014,
        "Lat": 52.1981
      },
      {
        "Brigade": "5",
        "Time": "2017-05-14 05:09:45",
        "Lines": "17",
        "Lon": 21.0016,
        "Lat": 52.1972
      },
      {
        "Brigade": "5",
        "Time": "2017-05-14 05:09:56",
        "Lines": "17",
        "Lon": 21.0018,
        "Lat": 52.1964
      },
      {
        "Brigade": "5",
        "Time": "2017-05-14 05:10:06",
        "Lines": "17",
        "Lon": 21.0018,
        "Lat": 52.196
      },
      {
        "Brigade": "5",
        "Time": "2017-05-14 05:10:17",
        "Lines": "17",
        "Lon": 21.0018,
        "Lat": 52.196
      },
      {
        "Brigade": "5",
        "Time": "2017-05-14 05:10:27",
        "Lines": "17",
        "Lon": 21.0018,
        "Lat": 52.196
      },
      {
        "Brigade": "5",
        "Time": "2017-05-14 05:10:38",
        "Lines": "17",
        "Lon": 21.0018,
        "Lat": 52.1954
      },
      {
        "Brigade": "5",
        "Time": "2017-05-14 05:10:48",
        "Lines": "17",
        "Lon": 21.0017,
        "Lat": 52.1945
      },
      {
        "Brigade": "5",
        "Time": "2017-05-14 05:10:59",
        "Lines": "17",
        "Lon": 21.0018,
        "Lat": 52.1932
      },
      {
        "Brigade": "5",
        "Time": "2017-05-14 05:10:59",
        "Lines": "17",
        "Lon": 21.0018,
        "Lat": 52.1932
      },
      {
        "Brigade": "5",
        "Time": "2017-05-14 05:10:59",
        "Lines": "17",
        "Lon": 21.0018,
        "Lat": 52.1932
      },
      {
        "Brigade": "5",
        "Time": "2017-05-14 05:11:25",
        "Lines": "17",
        "Lon": 21.0018,
        "Lat": 52.1904
      },
      {
        "Brigade": "5",
        "Time": "2017-05-14 05:11:35",
        "Lines": "17",
        "Lon": 21.0019,
        "Lat": 52.1896
      },
      {
        "Brigade": "5",
        "Time": "2017-05-14 05:11:46",
        "Lines": "17",
        "Lon": 21.002,
        "Lat": 52.1893
      },
      {
        "Brigade": "5",
        "Time": "2017-05-14 05:11:56",
        "Lines": "17",
        "Lon": 21.002,
        "Lat": 52.1893
      },
      {
        "Brigade": "5",
        "Time": "2017-05-14 05:12:08",
        "Lines": "17",
        "Lon": 21.002,
        "Lat": 52.1893
      },
      {
        "Brigade": "5",
        "Time": "2017-05-14 05:12:18",
        "Lines": "17",
        "Lon": 21.002,
        "Lat": 52.1893
      },
      {
        "Brigade": "5",
        "Time": "2017-05-14 05:12:28",
        "Lines": "17",
        "Lon": 21.002,
        "Lat": 52.1893
      },
      {
        "Brigade": "5",
        "Time": "2017-05-14 05:12:38",
        "Lines": "17",
        "Lon": 21.002,
        "Lat": 52.1893
      },
      {
        "Brigade": "5",
        "Time": "2017-05-14 05:12:50",
        "Lines": "17",
        "Lon": 21.002,
        "Lat": 52.1893
      },
      {
        "Brigade": "5",
        "Time": "2017-05-14 05:12:50",
        "Lines": "17",
        "Lon": 21.002,
        "Lat": 52.1893
      },
      {
        "Brigade": "5",
        "Time": "2017-05-14 05:13:00",
        "Lines": "17",
        "Lon": 21.002,
        "Lat": 52.1893
      },
      {
        "Brigade": "5",
        "Time": "2017-05-14 05:13:10",
        "Lines": "17",
        "Lon": 21.002,
        "Lat": 52.1893
      },
      {
        "Brigade": "5",
        "Time": "2017-05-14 05:13:26",
        "Lines": "17",
        "Lon": 21.002,
        "Lat": 52.1893
      },
      {
        "Brigade": "5",
        "Time": "2017-05-14 05:13:36",
        "Lines": "17",
        "Lon": 21.002,
        "Lat": 52.1893
      },
      {
        "Brigade": "5",
        "Time": "2017-05-14 05:13:47",
        "Lines": "17",
        "Lon": 21.002,
        "Lat": 52.189
      },
      {
        "Brigade": "5",
        "Time": "2017-05-14 05:13:57",
        "Lines": "17",
        "Lon": 21.0026,
        "Lat": 52.1888
      },
      {
        "Brigade": "5",
        "Time": "2017-05-14 07:16:44",
        "Lines": "17",
        "Lon": 21.0019,
        "Lat": 52.192
      },
      {
        "Brigade": "5",
        "Time": "2017-05-14 07:16:55",
        "Lines": "17",
        "Lon": 21.0019,
        "Lat": 52.192
      },
      {
        "Brigade": "5",
        "Time": "2017-05-14 07:17:05",
        "Lines": "17",
        "Lon": 21.0019,
        "Lat": 52.192
      },
      {
        "Brigade": "5",
        "Time": "2017-05-14 07:17:16",
        "Lines": "17",
        "Lon": 21.0018,
        "Lat": 52.1925
      },
      {
        "Brigade": "5",
        "Time": "2017-05-14 07:17:26",
        "Lines": "17",
        "Lon": 21.0018,
        "Lat": 52.1938
      },
      {
        "Brigade": "5",
        "Time": "2017-05-14 07:17:37",
        "Lines": "17",
        "Lon": 21.0018,
        "Lat": 52.195
      },
      {
        "Brigade": "5",
        "Time": "2017-05-14 07:17:47",
        "Lines": "17",
        "Lon": 21.0018,
        "Lat": 52.1952
      },
      {
        "Brigade": "5",
        "Time": "2017-05-14 07:17:58",
        "Lines": "17",
        "Lon": 21.0018,
        "Lat": 52.1952
      },
      {
        "Brigade": "5",
        "Time": "2017-05-14 07:18:13",
        "Lines": "17",
        "Lon": 21.0018,
        "Lat": 52.1952
      },
      {
        "Brigade": "5",
        "Time": "2017-05-14 07:18:13",
        "Lines": "17",
        "Lon": 21.0018,
        "Lat": 52.1952
      },
      {
        "Brigade": "5",
        "Time": "2017-05-14 07:18:24",
        "Lines": "17",
        "Lon": 21.0018,
        "Lat": 52.1952
      },
      {
        "Brigade": "5",
        "Time": "2017-05-14 07:18:34",
        "Lines": "17",
        "Lon": 21.0018,
        "Lat": 52.1952
      },
      {
        "Brigade": "5",
        "Time": "2017-05-14 07:18:45",
        "Lines": "17",
        "Lon": 21.0018,
        "Lat": 52.1952
      },
      {
        "Brigade": "5",
        "Time": "2017-05-14 07:18:55",
        "Lines": "17",
        "Lon": 21.0018,
        "Lat": 52.1952
      },
      {
        "Brigade": "5",
        "Time": "2017-05-14 07:19:06",
        "Lines": "17",
        "Lon": 21.0018,
        "Lat": 52.1953
      },
      {
        "Brigade": "5",
        "Time": "2017-05-14 07:19:16",
        "Lines": "17",
        "Lon": 21.0018,
        "Lat": 52.1964
      },
      {
        "Brigade": "5",
        "Time": "2017-05-14 07:19:27",
        "Lines": "17",
        "Lon": 21.0016,
        "Lat": 52.1978
      },
      {
        "Brigade": "5",
        "Time": "2017-05-14 07:19:38",
        "Lines": "17",
        "Lon": 21.0013,
        "Lat": 52.1987
      },
      {
        "Brigade": "5",
        "Time": "2017-05-14 07:19:51",
        "Lines": "17",
        "Lon": 21.0013,
        "Lat": 52.1987
      },
      {
        "Brigade": "5",
        "Time": "2017-05-14 07:19:59",
        "Lines": "17",
        "Lon": 21.0013,
        "Lat": 52.199
      },
      {
        "Brigade": "5",
        "Time": "2017-05-14 07:19:59",
        "Lines": "17",
        "Lon": 21.0013,
        "Lat": 52.199
      },
      {
        "Brigade": "5",
        "Time": "2017-05-14 07:20:14",
        "Lines": "17",
        "Lon": 21.0008,
        "Lat": 52.2007
      },
      {
        "Brigade": "5",
        "Time": "2017-05-14 07:20:24",
        "Lines": "17",
        "Lon": 21.0006,
        "Lat": 52.2014
      },
      {
        "Brigade": "5",
        "Time": "2017-05-14 07:20:35",
        "Lines": "17",
        "Lon": 21.0005,
        "Lat": 52.2015
      },
      {
        "Brigade": "5",
        "Time": "2017-05-14 07:20:45",
        "Lines": "17",
        "Lon": 21.0003,
        "Lat": 52.2023
      },
      {
        "Brigade": "5",
        "Time": "2017-05-14 07:20:56",
        "Lines": "17",
        "Lon": 21.0003,
        "Lat": 52.2023
      },
      {
        "Brigade": "5",
        "Time": "2017-05-14 07:21:06",
        "Lines": "17",
        "Lon": 21.0003,
        "Lat": 52.2025
      },
      {
        "Brigade": "5",
        "Time": "2017-05-14 07:21:22",
        "Lines": "17",
        "Lon": 20.9998,
        "Lat": 52.2042
      },
      {
        "Brigade": "5",
        "Time": "2017-05-14 07:21:27",
        "Lines": "17",
        "Lon": 20.9996,
        "Lat": 52.205
      },
      {
        "Brigade": "5",
        "Time": "2017-05-14 07:21:27",
        "Lines": "17",
        "Lon": 20.9996,
        "Lat": 52.205
      },
      {
        "Brigade": "5",
        "Time": "2017-05-14 07:21:43",
        "Lines": "17",
        "Lon": 20.9993,
        "Lat": 52.2057
      },
      {
        "Brigade": "5",
        "Time": "2017-05-14 07:21:54",
        "Lines": "17",
        "Lon": 20.9993,
        "Lat": 52.2057
      },
      {
        "Brigade": "5",
        "Time": "2017-05-14 07:22:04",
        "Lines": "17",
        "Lon": 20.9993,
        "Lat": 52.2057
      },
      {
        "Brigade": "5",
        "Time": "2017-05-14 07:22:15",
        "Lines": "17",
        "Lon": 20.9993,
        "Lat": 52.2057
      },
      {
        "Brigade": "5",
        "Time": "2017-05-14 07:22:25",
        "Lines": "17",
        "Lon": 20.9993,
        "Lat": 52.2057
      },
      {
        "Brigade": "5",
        "Time": "2017-05-14 07:22:35",
        "Lines": "17",
        "Lon": 21,
        "Lat": 52.2061
      },
      {
        "Brigade": "5",
        "Time": "2017-05-14 07:22:46",
        "Lines": "17",
        "Lon": 21.0021,
        "Lat": 52.2065
      },
      {
        "Brigade": "5",
        "Time": "2017-05-14 07:22:56",
        "Lines": "17",
        "Lon": 21.0035,
        "Lat": 52.2068
      },
      {
        "Brigade": "5",
        "Time": "2017-05-14 07:23:12",
        "Lines": "17",
        "Lon": 21.0041,
        "Lat": 52.2069
      },
      {
        "Brigade": "5",
        "Time": "2017-05-14 07:23:23",
        "Lines": "17",
        "Lon": 21.0043,
        "Lat": 52.2069
      },
      {
        "Brigade": "5",
        "Time": "2017-05-14 07:23:23",
        "Lines": "17",
        "Lon": 21.0043,
        "Lat": 52.2069
      },
      {
        "Brigade": "5",
        "Time": "2017-05-14 07:23:33",
        "Lines": "17",
        "Lon": 21.006,
        "Lat": 52.2072
      },
      {
        "Brigade": "5",
        "Time": "2017-05-14 07:23:44",
        "Lines": "17",
        "Lon": 21.0077,
        "Lat": 52.2076
      },
      {
        "Brigade": "5",
        "Time": "2017-05-14 07:23:54",
        "Lines": "17",
        "Lon": 21.0081,
        "Lat": 52.2078
      },
      {
        "Brigade": "5",
        "Time": "2017-05-14 07:24:05",
        "Lines": "17",
        "Lon": 21.0079,
        "Lat": 52.2083
      },
      {
        "Brigade": "5",
        "Time": "2017-05-14 07:24:16",
        "Lines": "17",
        "Lon": 21.0076,
        "Lat": 52.2092
      },
      {
        "Brigade": "5",
        "Time": "2017-05-14 07:24:26",
        "Lines": "17",
        "Lon": 21.0075,
        "Lat": 52.2093
      },
      {
        "Brigade": "5",
        "Time": "2017-05-14 07:24:36",
        "Lines": "17",
        "Lon": 21.0075,
        "Lat": 52.2094
      },
      {
        "Brigade": "5",
        "Time": "2017-05-14 07:24:47",
        "Lines": "17",
        "Lon": 21.0071,
        "Lat": 52.2104
      },
      {
        "Brigade": "5",
        "Time": "2017-05-14 07:24:57",
        "Lines": "17",
        "Lon": 21.0067,
        "Lat": 52.2118
      },
      {
        "Brigade": "5",
        "Time": "2017-05-14 07:25:08",
        "Lines": "17",
        "Lon": 21.0064,
        "Lat": 52.2128
      },
      {
        "Brigade": "5",
        "Time": "2017-05-14 07:25:08",
        "Lines": "17",
        "Lon": 21.0064,
        "Lat": 52.2128
      },
      {
        "Brigade": "5",
        "Time": "2017-05-14 07:25:23",
        "Lines": "17",
        "Lon": 21.0062,
        "Lat": 52.2133
      },
      {
        "Brigade": "5",
        "Time": "2017-05-14 07:25:34",
        "Lines": "17",
        "Lon": 21.0058,
        "Lat": 52.2146
      },
      {
        "Brigade": "5",
        "Time": "2017-05-14 07:25:44",
        "Lines": "17",
        "Lon": 21.0054,
        "Lat": 52.2159
      },
      {
        "Brigade": "5",
        "Time": "2017-05-14 07:25:55",
        "Lines": "17",
        "Lon": 21.0052,
        "Lat": 52.2167
      },
      {
        "Brigade": "5",
        "Time": "2017-05-14 07:26:05",
        "Lines": "17",
        "Lon": 21.0052,
        "Lat": 52.2167
      },
      {
        "Brigade": "5",
        "Time": "2017-05-14 07:26:16",
        "Lines": "17",
        "Lon": 21.0052,
        "Lat": 52.2168
      },
      {
        "Brigade": "5",
        "Time": "2017-05-14 07:26:26",
        "Lines": "17",
        "Lon": 21.005,
        "Lat": 52.2177
      },
      {
        "Brigade": "5",
        "Time": "2017-05-14 07:26:37",
        "Lines": "17",
        "Lon": 21.005,
        "Lat": 52.2191
      },
      {
        "Brigade": "5",
        "Time": "2017-05-14 07:26:48",
        "Lines": "17",
        "Lon": 21.0049,
        "Lat": 52.2198
      },
      {
        "Brigade": "5",
        "Time": "2017-05-14 07:26:52",
        "Lines": "17",
        "Lon": 21.0049,
        "Lat": 52.2198
      },
      {
        "Brigade": "5",
        "Time": "2017-05-14 07:26:52",
        "Lines": "17",
        "Lon": 21.0049,
        "Lat": 52.2198
      },
      {
        "Brigade": "5",
        "Time": "2017-05-14 07:27:13",
        "Lines": "17",
        "Lon": 21.0049,
        "Lat": 52.2206
      },
      {
        "Brigade": "5",
        "Time": "2017-05-14 07:27:24",
        "Lines": "17",
        "Lon": 21.0048,
        "Lat": 52.2216
      },
      {
        "Brigade": "5",
        "Time": "2017-05-14 07:27:29",
        "Lines": "17",
        "Lon": 21.0048,
        "Lat": 52.2222
      },
      {
        "Brigade": "5",
        "Time": "2017-05-14 07:27:45",
        "Lines": "17",
        "Lon": 21.0048,
        "Lat": 52.2227
      },
      {
        "Brigade": "5",
        "Time": "2017-05-14 07:27:58",
        "Lines": "17",
        "Lon": 21.0047,
        "Lat": 52.2231
      },
      {
        "Brigade": "5",
        "Time": "2017-05-14 07:28:06",
        "Lines": "17",
        "Lon": 21.0041,
        "Lat": 52.224
      },
      {
        "Brigade": "5",
        "Time": "2017-05-14 07:28:16",
        "Lines": "17",
        "Lon": 21.0034,
        "Lat": 52.2254
      },
      {
        "Brigade": "5",
        "Time": "2017-05-14 07:28:27",
        "Lines": "17",
        "Lon": 21.0025,
        "Lat": 52.2267
      },
      {
        "Brigade": "5",
        "Time": "2017-05-14 07:28:37",
        "Lines": "17",
        "Lon": 21.0021,
        "Lat": 52.2274
      },
      {
        "Brigade": "5",
        "Time": "2017-05-14 07:28:37",
        "Lines": "17",
        "Lon": 21.0021,
        "Lat": 52.2274
      },
      {
        "Brigade": "5",
        "Time": "2017-05-14 07:28:54",
        "Lines": "17",
        "Lon": 21.0021,
        "Lat": 52.2274
      },
      {
        "Brigade": "5",
        "Time": "2017-05-14 07:29:03",
        "Lines": "17",
        "Lon": 21.0021,
        "Lat": 52.2274
      },
      {
        "Brigade": "5",
        "Time": "2017-05-14 07:29:14",
        "Lines": "17",
        "Lon": 21.0021,
        "Lat": 52.2274
      },
      {
        "Brigade": "5",
        "Time": "2017-05-14 07:29:25",
        "Lines": "17",
        "Lon": 21.0019,
        "Lat": 52.2277
      },
      {
        "Brigade": "5",
        "Time": "2017-05-14 07:29:35",
        "Lines": "17",
        "Lon": 21.0015,
        "Lat": 52.2284
      },
      {
        "Brigade": "5",
        "Time": "2017-05-14 07:29:45",
        "Lines": "17",
        "Lon": 21.0012,
        "Lat": 52.2288
      },
      {
        "Brigade": "5",
        "Time": "2017-05-14 07:29:56",
        "Lines": "17",
        "Lon": 21.0012,
        "Lat": 52.2288
      },
      {
        "Brigade": "5",
        "Time": "2017-05-14 07:30:06",
        "Lines": "17",
        "Lon": 21.0012,
        "Lat": 52.2288
      },
      {
        "Brigade": "5",
        "Time": "2017-05-14 07:30:17",
        "Lines": "17",
        "Lon": 21.0011,
        "Lat": 52.229
      },
      {
        "Brigade": "5",
        "Time": "2017-05-14 07:30:27",
        "Lines": "17",
        "Lon": 21.0004,
        "Lat": 52.23
      },
      {
        "Brigade": "5",
        "Time": "2017-05-14 07:30:27",
        "Lines": "17",
        "Lon": 21.0004,
        "Lat": 52.23
      },
      {
        "Brigade": "5",
        "Time": "2017-05-14 07:30:45",
        "Lines": "17",
        "Lon": 20.999,
        "Lat": 52.232
      },
      {
        "Brigade": "5",
        "Time": "2017-05-14 07:30:54",
        "Lines": "17",
        "Lon": 20.9986,
        "Lat": 52.2326
      },
      {
        "Brigade": "5",
        "Time": "2017-05-14 07:31:04",
        "Lines": "17",
        "Lon": 20.9986,
        "Lat": 52.2326
      },
      {
        "Brigade": "5",
        "Time": "2017-05-14 07:31:14",
        "Lines": "17",
        "Lon": 20.9984,
        "Lat": 52.233
      },
      {
        "Brigade": "5",
        "Time": "2017-05-14 07:31:25",
        "Lines": "17",
        "Lon": 20.998,
        "Lat": 52.2338
      },
      {
        "Brigade": "5",
        "Time": "2017-05-14 07:31:36",
        "Lines": "17",
        "Lon": 20.9979,
        "Lat": 52.2341
      },
      {
        "Brigade": "5",
        "Time": "2017-05-14 07:31:46",
        "Lines": "17",
        "Lon": 20.9979,
        "Lat": 52.2341
      },
      {
        "Brigade": "5",
        "Time": "2017-05-14 07:31:56",
        "Lines": "17",
        "Lon": 20.9976,
        "Lat": 52.2347
      },
      {
        "Brigade": "5",
        "Time": "2017-05-14 07:32:12",
        "Lines": "17",
        "Lon": 20.9972,
        "Lat": 52.2361
      },
      {
        "Brigade": "5",
        "Time": "2017-05-14 07:32:12",
        "Lines": "17",
        "Lon": 20.9972,
        "Lat": 52.2361
      },
      {
        "Brigade": "5",
        "Time": "2017-05-14 07:32:12",
        "Lines": "17",
        "Lon": 20.9972,
        "Lat": 52.2361
      },
      {
        "Brigade": "5",
        "Time": "2017-05-14 07:32:27",
        "Lines": "17",
        "Lon": 20.9966,
        "Lat": 52.2374
      },
      {
        "Brigade": "5",
        "Time": "2017-05-14 07:32:27",
        "Lines": "17",
        "Lon": 20.9966,
        "Lat": 52.2374
      },
      {
        "Brigade": "5",
        "Time": "2017-05-14 07:32:55",
        "Lines": "17",
        "Lon": 20.996,
        "Lat": 52.2387
      },
      {
        "Brigade": "5",
        "Time": "2017-05-14 07:33:05",
        "Lines": "17",
        "Lon": 20.9956,
        "Lat": 52.2395
      },
      {
        "Brigade": "5",
        "Time": "2017-05-14 07:33:15",
        "Lines": "17",
        "Lon": 20.9946,
        "Lat": 52.2407
      },
      {
        "Brigade": "5",
        "Time": "2017-05-14 07:33:26",
        "Lines": "17",
        "Lon": 20.994,
        "Lat": 52.2415
      },
      {
        "Brigade": "5",
        "Time": "2017-05-14 07:33:37",
        "Lines": "17",
        "Lon": 20.9939,
        "Lat": 52.2415
      },
      {
        "Brigade": "5",
        "Time": "2017-05-14 07:33:47",
        "Lines": "17",
        "Lon": 20.9939,
        "Lat": 52.2415
      },
      {
        "Brigade": "5",
        "Time": "2017-05-14 07:33:57",
        "Lines": "17",
        "Lon": 20.9939,
        "Lat": 52.2415
      },
      {
        "Brigade": "5",
        "Time": "2017-05-14 07:34:13",
        "Lines": "17",
        "Lon": 20.9939,
        "Lat": 52.2415
      },
      {
        "Brigade": "5",
        "Time": "2017-05-14 07:34:13",
        "Lines": "17",
        "Lon": 20.9939,
        "Lat": 52.2415
      },
      {
        "Brigade": "5",
        "Time": "2017-05-14 07:34:23",
        "Lines": "17",
        "Lon": 20.9939,
        "Lat": 52.2415
      },
      {
        "Brigade": "5",
        "Time": "2017-05-14 07:34:34",
        "Lines": "17",
        "Lon": 20.9939,
        "Lat": 52.2415
      },
      {
        "Brigade": "5",
        "Time": "2017-05-14 07:34:44",
        "Lines": "17",
        "Lon": 20.9939,
        "Lat": 52.2416
      },
      {
        "Brigade": "5",
        "Time": "2017-05-14 07:34:55",
        "Lines": "17",
        "Lon": 20.9935,
        "Lat": 52.242
      },
      {
        "Brigade": "5",
        "Time": "2017-05-14 07:35:05",
        "Lines": "17",
        "Lon": 20.993,
        "Lat": 52.2425
      },
      {
        "Brigade": "5",
        "Time": "2017-05-14 07:35:16",
        "Lines": "17",
        "Lon": 20.9922,
        "Lat": 52.2435
      },
      {
        "Brigade": "5",
        "Time": "2017-05-14 07:35:26",
        "Lines": "17",
        "Lon": 20.9915,
        "Lat": 52.2443
      },
      {
        "Brigade": "5",
        "Time": "2017-05-14 07:35:37",
        "Lines": "17",
        "Lon": 20.9913,
        "Lat": 52.2445
      },
      {
        "Brigade": "5",
        "Time": "2017-05-14 07:35:47",
        "Lines": "17",
        "Lon": 20.9913,
        "Lat": 52.2445
      },
      {
        "Brigade": "5",
        "Time": "2017-05-14 07:35:58",
        "Lines": "17",
        "Lon": 20.9913,
        "Lat": 52.2445
      },
      {
        "Brigade": "5",
        "Time": "2017-05-14 07:35:58",
        "Lines": "17",
        "Lon": 20.9913,
        "Lat": 52.2445
      },
      {
        "Brigade": "5",
        "Time": "2017-05-14 07:36:13",
        "Lines": "17",
        "Lon": 20.9901,
        "Lat": 52.2459
      },
      {
        "Brigade": "5",
        "Time": "2017-05-14 07:36:24",
        "Lines": "17",
        "Lon": 20.9892,
        "Lat": 52.2469
      },
      {
        "Brigade": "5",
        "Time": "2017-05-14 07:36:34",
        "Lines": "17",
        "Lon": 20.989,
        "Lat": 52.2472
      },
      {
        "Brigade": "5",
        "Time": "2017-05-14 07:36:45",
        "Lines": "17",
        "Lon": 20.989,
        "Lat": 52.2472
      },
      {
        "Brigade": "5",
        "Time": "2017-05-14 07:36:55",
        "Lines": "17",
        "Lon": 20.989,
        "Lat": 52.2472
      },
      {
        "Brigade": "5",
        "Time": "2017-05-14 07:37:06",
        "Lines": "17",
        "Lon": 20.989,
        "Lat": 52.2472
      },
      {
        "Brigade": "5",
        "Time": "2017-05-14 07:37:16",
        "Lines": "17",
        "Lon": 20.989,
        "Lat": 52.2472
      },
      {
        "Brigade": "5",
        "Time": "2017-05-14 07:37:27",
        "Lines": "17",
        "Lon": 20.9889,
        "Lat": 52.2473
      },
      {
        "Brigade": "5",
        "Time": "2017-05-14 07:37:37",
        "Lines": "17",
        "Lon": 20.988,
        "Lat": 52.2483
      },
      {
        "Brigade": "5",
        "Time": "2017-05-14 07:37:48",
        "Lines": "17",
        "Lon": 20.9868,
        "Lat": 52.2497
      },
      {
        "Brigade": "5",
        "Time": "2017-05-14 07:37:48",
        "Lines": "17",
        "Lon": 20.9868,
        "Lat": 52.2497
      },
      {
        "Brigade": "5",
        "Time": "2017-05-14 07:38:03",
        "Lines": "17",
        "Lon": 20.9859,
        "Lat": 52.2507
      },
      {
        "Brigade": "5",
        "Time": "2017-05-14 07:38:14",
        "Lines": "17",
        "Lon": 20.9859,
        "Lat": 52.2507
      },
      {
        "Brigade": "5",
        "Time": "2017-05-14 07:38:24",
        "Lines": "17",
        "Lon": 20.9858,
        "Lat": 52.2508
      },
      {
        "Brigade": "5",
        "Time": "2017-05-14 07:38:35",
        "Lines": "17",
        "Lon": 20.9855,
        "Lat": 52.2512
      },
      {
        "Brigade": "5",
        "Time": "2017-05-14 07:38:46",
        "Lines": "17",
        "Lon": 20.985,
        "Lat": 52.2518
      },
      {
        "Brigade": "5",
        "Time": "2017-05-14 07:38:56",
        "Lines": "17",
        "Lon": 20.9841,
        "Lat": 52.2528
      },
      {
        "Brigade": "5",
        "Time": "2017-05-14 07:39:06",
        "Lines": "17",
        "Lon": 20.9836,
        "Lat": 52.2533
      },
      {
        "Brigade": "5",
        "Time": "2017-05-14 07:39:18",
        "Lines": "17",
        "Lon": 20.9836,
        "Lat": 52.2533
      },
      {
        "Brigade": "5",
        "Time": "2017-05-14 07:39:18",
        "Lines": "17",
        "Lon": 20.9836,
        "Lat": 52.2533
      },
      {
        "Brigade": "5",
        "Time": "2017-05-14 07:39:18",
        "Lines": "17",
        "Lon": 20.9836,
        "Lat": 52.2533
      },
      {
        "Brigade": "5",
        "Time": "2017-05-14 07:39:18",
        "Lines": "17",
        "Lon": 20.9836,
        "Lat": 52.2533
      },
      {
        "Brigade": "5",
        "Time": "2017-05-14 07:39:18",
        "Lines": "17",
        "Lon": 20.9836,
        "Lat": 52.2533
      },
      {
        "Brigade": "5",
        "Time": "2017-05-14 07:39:18",
        "Lines": "17",
        "Lon": 20.9836,
        "Lat": 52.2533
      },
      {
        "Brigade": "5",
        "Time": "2017-05-14 07:39:18",
        "Lines": "17",
        "Lon": 20.9836,
        "Lat": 52.2533
      },
      {
        "Brigade": "5",
        "Time": "2017-05-14 07:39:18",
        "Lines": "17",
        "Lon": 20.9836,
        "Lat": 52.2533
      },
      {
        "Brigade": "5",
        "Time": "2017-05-14 07:40:36",
        "Lines": "17",
        "Lon": 20.982,
        "Lat": 52.2557
      },
      {
        "Brigade": "5",
        "Time": "2017-05-14 07:40:46",
        "Lines": "17",
        "Lon": 20.982,
        "Lat": 52.2559
      },
      {
        "Brigade": "5",
        "Time": "2017-05-14 07:40:57",
        "Lines": "17",
        "Lon": 20.982,
        "Lat": 52.2559
      },
      {
        "Brigade": "5",
        "Time": "2017-05-14 07:41:07",
        "Lines": "17",
        "Lon": 20.9817,
        "Lat": 52.2565
      },
      {
        "Brigade": "5",
        "Time": "2017-05-14 07:41:18",
        "Lines": "17",
        "Lon": 20.9813,
        "Lat": 52.2577
      },
      {
        "Brigade": "5",
        "Time": "2017-05-14 07:41:29",
        "Lines": "17",
        "Lon": 20.981,
        "Lat": 52.2591
      },
      {
        "Brigade": "5",
        "Time": "2017-05-14 07:41:29",
        "Lines": "17",
        "Lon": 20.981,
        "Lat": 52.2591
      },
      {
        "Brigade": "5",
        "Time": "2017-05-14 07:41:39",
        "Lines": "17",
        "Lon": 20.9808,
        "Lat": 52.2604
      },
      {
        "Brigade": "5",
        "Time": "2017-05-14 07:41:54",
        "Lines": "17",
        "Lon": 20.9801,
        "Lat": 52.2619
      },
      {
        "Brigade": "5",
        "Time": "2017-05-14 07:42:05",
        "Lines": "17",
        "Lon": 20.9798,
        "Lat": 52.2623
      },
      {
        "Brigade": "5",
        "Time": "2017-05-14 07:42:11",
        "Lines": "17",
        "Lon": 20.9798,
        "Lat": 52.2624
      },
      {
        "Brigade": "5",
        "Time": "2017-05-14 07:42:26",
        "Lines": "17",
        "Lon": 20.9798,
        "Lat": 52.2624
      },
      {
        "Brigade": "5",
        "Time": "2017-05-14 07:42:37",
        "Lines": "17",
        "Lon": 20.9796,
        "Lat": 52.2626
      },
      {
        "Brigade": "5",
        "Time": "2017-05-14 07:42:47",
        "Lines": "17",
        "Lon": 20.9792,
        "Lat": 52.2633
      },
      {
        "Brigade": "5",
        "Time": "2017-05-14 07:42:59",
        "Lines": "17",
        "Lon": 20.9791,
        "Lat": 52.2634
      },
      {
        "Brigade": "5",
        "Time": "2017-05-14 07:43:08",
        "Lines": "17",
        "Lon": 20.9791,
        "Lat": 52.2634
      },
      {
        "Brigade": "5",
        "Time": "2017-05-14 07:43:13",
        "Lines": "17",
        "Lon": 20.9791,
        "Lat": 52.2635
      },
      {
        "Brigade": "5",
        "Time": "2017-05-14 07:43:24",
        "Lines": "17",
        "Lon": 20.9785,
        "Lat": 52.2643
      },
      {
        "Brigade": "5",
        "Time": "2017-05-14 07:43:34",
        "Lines": "17",
        "Lon": 20.9777,
        "Lat": 52.2655
      },
      {
        "Brigade": "5",
        "Time": "2017-05-14 07:43:45",
        "Lines": "17",
        "Lon": 20.9773,
        "Lat": 52.2661
      },
      {
        "Brigade": "5",
        "Time": "2017-05-14 07:43:55",
        "Lines": "17",
        "Lon": 20.9773,
        "Lat": 52.2661
      },
      {
        "Brigade": "5",
        "Time": "2017-05-14 07:44:05",
        "Lines": "17",
        "Lon": 20.9769,
        "Lat": 52.2666
      },
      {
        "Brigade": "5",
        "Time": "2017-05-14 07:44:16",
        "Lines": "17",
        "Lon": 20.9762,
        "Lat": 52.2677
      },
      {
        "Brigade": "5",
        "Time": "2017-05-14 07:44:26",
        "Lines": "17",
        "Lon": 20.9755,
        "Lat": 52.2689
      },
      {
        "Brigade": "5",
        "Time": "2017-05-14 07:44:37",
        "Lines": "17",
        "Lon": 20.9746,
        "Lat": 52.2702
      },
      {
        "Brigade": "5",
        "Time": "2017-05-14 07:44:53",
        "Lines": "17",
        "Lon": 20.974,
        "Lat": 52.2711
      },
      {
        "Brigade": "5",
        "Time": "2017-05-14 07:45:04",
        "Lines": "17",
        "Lon": 20.9737,
        "Lat": 52.2715
      },
      {
        "Brigade": "5",
        "Time": "2017-05-14 07:45:04",
        "Lines": "17",
        "Lon": 20.9737,
        "Lat": 52.2715
      },
      {
        "Brigade": "5",
        "Time": "2017-05-14 07:45:13",
        "Lines": "17",
        "Lon": 20.9732,
        "Lat": 52.272
      },
      {
        "Brigade": "5",
        "Time": "2017-05-14 07:45:24",
        "Lines": "17",
        "Lon": 20.9725,
        "Lat": 52.2721
      },
      {
        "Brigade": "5",
        "Time": "2017-05-14 07:45:34",
        "Lines": "17",
        "Lon": 20.9725,
        "Lat": 52.2721
      },
      {
        "Brigade": "5",
        "Time": "2017-05-14 07:45:45",
        "Lines": "17",
        "Lon": 20.9722,
        "Lat": 52.2722
      },
      {
        "Brigade": "5",
        "Time": "2017-05-14 07:45:55",
        "Lines": "17",
        "Lon": 20.9713,
        "Lat": 52.2723
      },
      {
        "Brigade": "5",
        "Time": "2017-05-14 07:46:06",
        "Lines": "17",
        "Lon": 20.9705,
        "Lat": 52.2724
      },
      {
        "Brigade": "5",
        "Time": "2017-05-14 07:46:16",
        "Lines": "17",
        "Lon": 20.9693,
        "Lat": 52.2728
      },
      {
        "Brigade": "5",
        "Time": "2017-05-14 07:46:32",
        "Lines": "17",
        "Lon": 20.9672,
        "Lat": 52.2735
      },
      {
        "Brigade": "5",
        "Time": "2017-05-14 07:46:43",
        "Lines": "17",
        "Lon": 20.9666,
        "Lat": 52.2738
      },
      {
        "Brigade": "5",
        "Time": "2017-05-14 07:46:43",
        "Lines": "17",
        "Lon": 20.9666,
        "Lat": 52.2738
      },
      {
        "Brigade": "5",
        "Time": "2017-05-14 07:46:53",
        "Lines": "17",
        "Lon": 20.9666,
        "Lat": 52.2738
      },
      {
        "Brigade": "5",
        "Time": "2017-05-14 07:47:03",
        "Lines": "17",
        "Lon": 20.9659,
        "Lat": 52.2742
      },
      {
        "Brigade": "5",
        "Time": "2017-05-14 07:47:14",
        "Lines": "17",
        "Lon": 20.9649,
        "Lat": 52.2749
      },
      {
        "Brigade": "5",
        "Time": "2017-05-14 07:47:25",
        "Lines": "17",
        "Lon": 20.9641,
        "Lat": 52.2755
      },
      {
        "Brigade": "5",
        "Time": "2017-05-14 07:47:30",
        "Lines": "17",
        "Lon": 20.9641,
        "Lat": 52.2755
      },
      {
        "Brigade": "5",
        "Time": "2017-05-14 07:47:46",
        "Lines": "17",
        "Lon": 20.964,
        "Lat": 52.2756
      },
      {
        "Brigade": "5",
        "Time": "2017-05-14 07:47:56",
        "Lines": "17",
        "Lon": 20.9631,
        "Lat": 52.2764
      },
      {
        "Brigade": "5",
        "Time": "2017-05-14 07:48:07",
        "Lines": "17",
        "Lon": 20.9622,
        "Lat": 52.2773
      },
      {
        "Brigade": "5",
        "Time": "2017-05-14 07:48:22",
        "Lines": "17",
        "Lon": 20.9608,
        "Lat": 52.2788
      },
      {
        "Brigade": "5",
        "Time": "2017-05-14 07:48:29",
        "Lines": "17",
        "Lon": 20.9604,
        "Lat": 52.2793
      },
      {
        "Brigade": "5",
        "Time": "2017-05-14 07:48:29",
        "Lines": "17",
        "Lon": 20.9604,
        "Lat": 52.2793
      },
      {
        "Brigade": "5",
        "Time": "2017-05-14 07:48:44",
        "Lines": "17",
        "Lon": 20.9592,
        "Lat": 52.2805
      },
      {
        "Brigade": "5",
        "Time": "2017-05-14 07:48:54",
        "Lines": "17",
        "Lon": 20.9589,
        "Lat": 52.2809
      },
      {
        "Brigade": "5",
        "Time": "2017-05-14 07:49:05",
        "Lines": "17",
        "Lon": 20.9589,
        "Lat": 52.2809
      },
      {
        "Brigade": "5",
        "Time": "2017-05-14 07:49:15",
        "Lines": "17",
        "Lon": 20.9585,
        "Lat": 52.2813
      },
      {
        "Brigade": "5",
        "Time": "2017-05-14 07:49:25",
        "Lines": "17",
        "Lon": 20.9575,
        "Lat": 52.2823
      },
      {
        "Brigade": "5",
        "Time": "2017-05-14 07:49:36",
        "Lines": "17",
        "Lon": 20.9565,
        "Lat": 52.2834
      },
      {
        "Brigade": "5",
        "Time": "2017-05-14 07:49:41",
        "Lines": "17",
        "Lon": 20.9562,
        "Lat": 52.2837
      },
      {
        "Brigade": "5",
        "Time": "2017-05-14 07:49:57",
        "Lines": "17",
        "Lon": 20.9561,
        "Lat": 52.2838
      },
      {
        "Brigade": "5",
        "Time": "2017-05-14 07:50:07",
        "Lines": "17",
        "Lon": 20.9558,
        "Lat": 52.2841
      },
      {
        "Brigade": "5",
        "Time": "2017-05-14 07:50:23",
        "Lines": "17",
        "Lon": 20.9549,
        "Lat": 52.2851
      },
      {
        "Brigade": "5",
        "Time": "2017-05-14 07:50:23",
        "Lines": "17",
        "Lon": 20.9549,
        "Lat": 52.2851
      },
      {
        "Brigade": "5",
        "Time": "2017-05-14 07:50:33",
        "Lines": "17",
        "Lon": 20.9547,
        "Lat": 52.2855
      },
      {
        "Brigade": "5",
        "Time": "2017-05-14 07:50:44",
        "Lines": "17",
        "Lon": 20.9543,
        "Lat": 52.286
      },
      {
        "Brigade": "5",
        "Time": "2017-05-14 07:50:54",
        "Lines": "17",
        "Lon": 20.9536,
        "Lat": 52.2867
      },
      {
        "Brigade": "5",
        "Time": "2017-05-14 07:51:05",
        "Lines": "17",
        "Lon": 20.9527,
        "Lat": 52.2875
      },
      {
        "Brigade": "5",
        "Time": "2017-05-14 07:51:15",
        "Lines": "17",
        "Lon": 20.9525,
        "Lat": 52.2879
      },
      {
        "Brigade": "5",
        "Time": "2017-05-14 07:51:26",
        "Lines": "17",
        "Lon": 20.9525,
        "Lat": 52.2879
      },
      {
        "Brigade": "5",
        "Time": "2017-05-14 07:51:37",
        "Lines": "17",
        "Lon": 20.9522,
        "Lat": 52.2881
      },
      {
        "Brigade": "5",
        "Time": "2017-05-14 07:51:52",
        "Lines": "17",
        "Lon": 20.9508,
        "Lat": 52.2896
      },
      {
        "Brigade": "5",
        "Time": "2017-05-14 07:52:02",
        "Lines": "17",
        "Lon": 20.95,
        "Lat": 52.2904
      },
      {
        "Brigade": "5",
        "Time": "2017-05-14 07:52:02",
        "Lines": "17",
        "Lon": 20.95,
        "Lat": 52.2904
      },
      {
        "Brigade": "5",
        "Time": "2017-05-14 07:52:13",
        "Lines": "17",
        "Lon": 20.9499,
        "Lat": 52.2905
      },
      {
        "Brigade": "5",
        "Time": "2017-05-14 07:52:23",
        "Lines": "17",
        "Lon": 20.9499,
        "Lat": 52.2905
      },
      {
        "Brigade": "5",
        "Time": "2017-05-14 07:52:34",
        "Lines": "17",
        "Lon": 20.9497,
        "Lat": 52.2907
      },
      {
        "Brigade": "5",
        "Time": "2017-05-14 07:52:44",
        "Lines": "17",
        "Lon": 20.9488,
        "Lat": 52.2916
      },
      {
        "Brigade": "5",
        "Time": "2017-05-14 07:52:55",
        "Lines": "17",
        "Lon": 20.9479,
        "Lat": 52.2926
      },
      {
        "Brigade": "5",
        "Time": "2017-05-14 07:53:05",
        "Lines": "17",
        "Lon": 20.9471,
        "Lat": 52.2935
      },
      {
        "Brigade": "5",
        "Time": "2017-05-14 07:53:16",
        "Lines": "17",
        "Lon": 20.9463,
        "Lat": 52.2943
      },
      {
        "Brigade": "5",
        "Time": "2017-05-14 07:53:32",
        "Lines": "17",
        "Lon": 20.9451,
        "Lat": 52.2957
      },
      {
        "Brigade": "5",
        "Time": "2017-05-14 07:53:42",
        "Lines": "17",
        "Lon": 20.9449,
        "Lat": 52.2958
      },
      {
        "Brigade": "5",
        "Time": "2017-05-14 07:53:42",
        "Lines": "17",
        "Lon": 20.9449,
        "Lat": 52.2958
      },
      {
        "Brigade": "5",
        "Time": "2017-05-14 07:53:53",
        "Lines": "17",
        "Lon": 20.9449,
        "Lat": 52.2958
      },
      {
        "Brigade": "5",
        "Time": "2017-05-14 07:54:05",
        "Lines": "17",
        "Lon": 20.9444,
        "Lat": 52.2963
      },
      {
        "Brigade": "5",
        "Time": "2017-05-14 07:54:14",
        "Lines": "17",
        "Lon": 20.9436,
        "Lat": 52.2972
      },
      {
        "Brigade": "5",
        "Time": "2017-05-14 07:54:19",
        "Lines": "17",
        "Lon": 20.9432,
        "Lat": 52.2976
      },
      {
        "Brigade": "5",
        "Time": "2017-05-14 07:54:35",
        "Lines": "17",
        "Lon": 20.943,
        "Lat": 52.2979
      },
      {
        "Brigade": "5",
        "Time": "2017-05-14 07:54:45",
        "Lines": "17",
        "Lon": 20.9429,
        "Lat": 52.298
      },
      {
        "Brigade": "5",
        "Time": "2017-05-14 07:54:56",
        "Lines": "17",
        "Lon": 20.9421,
        "Lat": 52.2987
      },
      {
        "Brigade": "5",
        "Time": "2017-05-14 07:55:06",
        "Lines": "17",
        "Lon": 20.9413,
        "Lat": 52.2996
      },
      {
        "Brigade": "5",
        "Time": "2017-05-14 07:55:15",
        "Lines": "17",
        "Lon": 20.941,
        "Lat": 52.3001
      },
      {
        "Brigade": "5",
        "Time": "2017-05-14 07:55:32",
        "Lines": "17",
        "Lon": 20.9404,
        "Lat": 52.3017
      },
      {
        "Brigade": "5",
        "Time": "2017-05-14 07:55:32",
        "Lines": "17",
        "Lon": 20.9404,
        "Lat": 52.3017
      },
      {
        "Brigade": "5",
        "Time": "2017-05-14 07:55:44",
        "Lines": "17",
        "Lon": 20.9411,
        "Lat": 52.3023
      },
      {
        "Brigade": "5",
        "Time": "2017-05-14 07:55:53",
        "Lines": "17",
        "Lon": 20.9422,
        "Lat": 52.3029
      },
      {
        "Brigade": "5",
        "Time": "2017-05-14 07:56:04",
        "Lines": "17",
        "Lon": 20.9443,
        "Lat": 52.3038
      },
      {
        "Brigade": "5",
        "Time": "2017-05-14 07:56:14",
        "Lines": "17",
        "Lon": 20.9459,
        "Lat": 52.3042
      },
      {
        "Brigade": "5",
        "Time": "2017-05-14 07:56:25",
        "Lines": "17",
        "Lon": 20.9476,
        "Lat": 52.305
      },
      {
        "Brigade": "5",
        "Time": "2017-05-14 07:56:35",
        "Lines": "17",
        "Lon": 20.9493,
        "Lat": 52.3059
      },
      {
        "Brigade": "5",
        "Time": "2017-05-14 07:56:46",
        "Lines": "17",
        "Lon": 20.951,
        "Lat": 52.3067
      },
      {
        "Brigade": "5",
        "Time": "2017-05-14 07:56:56",
        "Lines": "17",
        "Lon": 20.9528,
        "Lat": 52.3075
      },
      {
        "Brigade": "5",
        "Time": "2017-05-14 07:57:12",
        "Lines": "17",
        "Lon": 20.9555,
        "Lat": 52.3089
      },
      {
        "Brigade": "5",
        "Time": "2017-05-14 07:57:22",
        "Lines": "17",
        "Lon": 20.9574,
        "Lat": 52.3098
      },
      {
        "Brigade": "5",
        "Time": "2017-05-14 07:57:22",
        "Lines": "17",
        "Lon": 20.9574,
        "Lat": 52.3098
      },
      {
        "Brigade": "5",
        "Time": "2017-05-14 07:57:33",
        "Lines": "17",
        "Lon": 20.9589,
        "Lat": 52.3105
      },
      {
        "Brigade": "5",
        "Time": "2017-05-14 07:57:43",
        "Lines": "17",
        "Lon": 20.9599,
        "Lat": 52.3109
      },
      {
        "Brigade": "5",
        "Time": "2017-05-14 07:57:54",
        "Lines": "17",
        "Lon": 20.9601,
        "Lat": 52.3109
      },
      {
        "Brigade": "5",
        "Time": "2017-05-14 07:58:04",
        "Lines": "17",
        "Lon": 20.9612,
        "Lat": 52.3113
      },
      {
        "Brigade": "5",
        "Time": "2017-05-14 07:58:15",
        "Lines": "17",
        "Lon": 20.9627,
        "Lat": 52.3119
      },
      {
        "Brigade": "5",
        "Time": "2017-05-14 07:58:15",
        "Lines": "17",
        "Lon": 20.9627,
        "Lat": 52.3119
      },
      {
        "Brigade": "5",
        "Time": "2017-05-14 07:58:36",
        "Lines": "17",
        "Lon": 20.966,
        "Lat": 52.3132
      },
      {
        "Brigade": "5",
        "Time": "2017-05-14 07:58:46",
        "Lines": "17",
        "Lon": 20.9663,
        "Lat": 52.3134
      },
      {
        "Brigade": "5",
        "Time": "2017-05-14 07:59:02",
        "Lines": "17",
        "Lon": 20.9667,
        "Lat": 52.3135
      },
      {
        "Brigade": "5",
        "Time": "2017-05-14 07:59:12",
        "Lines": "17",
        "Lon": 20.9676,
        "Lat": 52.314
      },
      {
        "Brigade": "5",
        "Time": "2017-05-14 07:59:12",
        "Lines": "17",
        "Lon": 20.9676,
        "Lat": 52.314
      },
      {
        "Brigade": "5",
        "Time": "2017-05-14 07:59:23",
        "Lines": "17",
        "Lon": 20.9677,
        "Lat": 52.3148
      },
      {
        "Brigade": "5",
        "Time": "2017-05-14 07:59:33",
        "Lines": "17",
        "Lon": 20.9669,
        "Lat": 52.3155
      },
      {
        "Brigade": "5",
        "Time": "2017-05-14 07:59:44",
        "Lines": "17",
        "Lon": 20.9658,
        "Lat": 52.3163
      },
      {
        "Brigade": "5",
        "Time": "2017-05-14 07:59:54",
        "Lines": "17",
        "Lon": 20.9648,
        "Lat": 52.317
      },
      {
        "Brigade": "5",
        "Time": "2017-05-14 08:00:05",
        "Lines": "17",
        "Lon": 20.9638,
        "Lat": 52.3176
      },
      {
        "Brigade": "5",
        "Time": "2017-05-14 08:00:15",
        "Lines": "17",
        "Lon": 20.9638,
        "Lat": 52.3177
      },
      {
        "Brigade": "5",
        "Time": "2017-05-14 08:00:26",
        "Lines": "17",
        "Lon": 20.9632,
        "Lat": 52.3177
      },
      {
        "Brigade": "5",
        "Time": "2017-05-14 08:00:36",
        "Lines": "17",
        "Lon": 20.9619,
        "Lat": 52.3174
      },
      {
        "Brigade": "5",
        "Time": "2017-05-14 08:00:47",
        "Lines": "17",
        "Lon": 20.961,
        "Lat": 52.317
      },
      {
        "Brigade": "5",
        "Time": "2017-05-14 08:01:03",
        "Lines": "17",
        "Lon": 20.961,
        "Lat": 52.317
      },
      {
        "Brigade": "5",
        "Time": "2017-05-14 08:01:03",
        "Lines": "17",
        "Lon": 20.961,
        "Lat": 52.317
      },
      {
        "Brigade": "5",
        "Time": "2017-05-14 08:01:13",
        "Lines": "17",
        "Lon": 20.9609,
        "Lat": 52.317
      },
      {
        "Brigade": "5",
        "Time": "2017-05-14 08:01:24",
        "Lines": "17",
        "Lon": 20.9597,
        "Lat": 52.3166
      },
      {
        "Brigade": "5",
        "Time": "2017-05-14 08:01:34",
        "Lines": "17",
        "Lon": 20.9582,
        "Lat": 52.3165
      },
      {
        "Brigade": "5",
        "Time": "2017-05-14 08:01:45",
        "Lines": "17",
        "Lon": 20.9565,
        "Lat": 52.3167
      },
      {
        "Brigade": "5",
        "Time": "2017-05-14 08:01:55",
        "Lines": "17",
        "Lon": 20.955,
        "Lat": 52.3174
      },
      {
        "Brigade": "5",
        "Time": "2017-05-14 08:02:06",
        "Lines": "17",
        "Lon": 20.9536,
        "Lat": 52.3181
      },
      {
        "Brigade": "5",
        "Time": "2017-05-14 08:02:16",
        "Lines": "17",
        "Lon": 20.9527,
        "Lat": 52.3185
      },
      {
        "Brigade": "5",
        "Time": "2017-05-14 08:02:32",
        "Lines": "17",
        "Lon": 20.9527,
        "Lat": 52.3185
      },
      {
        "Brigade": "5",
        "Time": "2017-05-14 08:02:37",
        "Lines": "17",
        "Lon": 20.9527,
        "Lat": 52.3185
      },
      {
        "Brigade": "5",
        "Time": "2017-05-14 08:02:47",
        "Lines": "17",
        "Lon": 20.9517,
        "Lat": 52.319
      },
      {
        "Brigade": "5",
        "Time": "2017-05-14 08:02:47",
        "Lines": "17",
        "Lon": 20.9517,
        "Lat": 52.319
      },
      {
        "Brigade": "5",
        "Time": "2017-05-14 08:02:58",
        "Lines": "17",
        "Lon": 20.9503,
        "Lat": 52.3197
      },
      {
        "Brigade": "5",
        "Time": "2017-05-14 08:03:14",
        "Lines": "17",
        "Lon": 20.9479,
        "Lat": 52.3208
      },
      {
        "Brigade": "5",
        "Time": "2017-05-14 08:03:19",
        "Lines": "17",
        "Lon": 20.947,
        "Lat": 52.3213
      },
      {
        "Brigade": "5",
        "Time": "2017-05-14 08:03:35",
        "Lines": "17",
        "Lon": 20.9447,
        "Lat": 52.3224
      },
      {
        "Brigade": "5",
        "Time": "2017-05-14 08:03:45",
        "Lines": "17",
        "Lon": 20.9446,
        "Lat": 52.3225
      },
      {
        "Brigade": "5",
        "Time": "2017-05-14 08:03:56",
        "Lines": "17",
        "Lon": 20.9438,
        "Lat": 52.3228
      },
      {
        "Brigade": "5",
        "Time": "2017-05-14 08:04:06",
        "Lines": "17",
        "Lon": 20.9431,
        "Lat": 52.3233
      },
      {
        "Brigade": "5",
        "Time": "2017-05-14 08:04:17",
        "Lines": "17",
        "Lon": 20.9432,
        "Lat": 52.3238
      },
      {
        "Brigade": "5",
        "Time": "2017-05-14 08:04:27",
        "Lines": "17",
        "Lon": 20.9434,
        "Lat": 52.3242
      },
      {
        "Brigade": "5",
        "Time": "2017-05-14 08:04:43",
        "Lines": "17",
        "Lon": 20.943,
        "Lat": 52.3245
      },
      {
        "Brigade": "5",
        "Time": "2017-05-14 08:04:43",
        "Lines": "17",
        "Lon": 20.943,
        "Lat": 52.3245
      },
      {
        "Brigade": "5",
        "Time": "2017-05-14 08:04:53",
        "Lines": "17",
        "Lon": 20.943,
        "Lat": 52.3245
      },
      {
        "Brigade": "5",
        "Time": "2017-05-14 08:05:04",
        "Lines": "17",
        "Lon": 20.943,
        "Lat": 52.3245
      },
      {
        "Brigade": "5",
        "Time": "2017-05-14 08:05:14",
        "Lines": "17",
        "Lon": 20.943,
        "Lat": 52.3245
      },
      {
        "Brigade": "5",
        "Time": "2017-05-14 08:05:25",
        "Lines": "17",
        "Lon": 20.943,
        "Lat": 52.3245
      },
      {
        "Brigade": "5",
        "Time": "2017-05-14 08:05:35",
        "Lines": "17",
        "Lon": 20.943,
        "Lat": 52.3245
      },
      {
        "Brigade": "5",
        "Time": "2017-05-14 08:05:46",
        "Lines": "17",
        "Lon": 20.943,
        "Lat": 52.3245
      },
      {
        "Brigade": "5",
        "Time": "2017-05-14 08:05:56",
        "Lines": "17",
        "Lon": 20.943,
        "Lat": 52.3245
      },
      {
        "Brigade": "5",
        "Time": "2017-05-14 08:06:07",
        "Lines": "17",
        "Lon": 20.943,
        "Lat": 52.3245
      },
      {
        "Brigade": "5",
        "Time": "2017-05-14 08:06:17",
        "Lines": "17",
        "Lon": 20.943,
        "Lat": 52.3245
      },
      {
        "Brigade": "5",
        "Time": "2017-05-14 08:06:28",
        "Lines": "17",
        "Lon": 20.943,
        "Lat": 52.3245
      },
      {
        "Brigade": "5",
        "Time": "2017-05-14 08:06:28",
        "Lines": "17",
        "Lon": 20.943,
        "Lat": 52.3245
      },
      {
        "Brigade": "5",
        "Time": "2017-05-14 08:06:43",
        "Lines": "17",
        "Lon": 20.943,
        "Lat": 52.3245
      },
      {
        "Brigade": "5",
        "Time": "2017-05-14 08:06:49",
        "Lines": "17",
        "Lon": 20.943,
        "Lat": 52.3245
      },
      {
        "Brigade": "5",
        "Time": "2017-05-14 08:07:04",
        "Lines": "17",
        "Lon": 20.943,
        "Lat": 52.3245
      },
      {
        "Brigade": "5",
        "Time": "2017-05-14 08:07:15",
        "Lines": "17",
        "Lon": 20.943,
        "Lat": 52.3245
      },
      {
        "Brigade": "5",
        "Time": "2017-05-14 08:07:25",
        "Lines": "17",
        "Lon": 20.943,
        "Lat": 52.3245
      },
      {
        "Brigade": "5",
        "Time": "2017-05-14 08:07:36",
        "Lines": "17",
        "Lon": 20.943,
        "Lat": 52.3245
      },
      {
        "Brigade": "5",
        "Time": "2017-05-14 08:07:46",
        "Lines": "17",
        "Lon": 20.943,
        "Lat": 52.3245
      },
      {
        "Brigade": "5",
        "Time": "2017-05-14 08:07:57",
        "Lines": "17",
        "Lon": 20.943,
        "Lat": 52.3245
      },
      {
        "Brigade": "5",
        "Time": "2017-05-14 08:08:13",
        "Lines": "17",
        "Lon": 20.943,
        "Lat": 52.3245
      },
      {
        "Brigade": "5",
        "Time": "2017-05-14 08:08:23",
        "Lines": "17",
        "Lon": 20.943,
        "Lat": 52.3245
      },
      {
        "Brigade": "5",
        "Time": "2017-05-14 08:08:23",
        "Lines": "17",
        "Lon": 20.943,
        "Lat": 52.3245
      },
      {
        "Brigade": "5",
        "Time": "2017-05-14 08:08:33",
        "Lines": "17",
        "Lon": 20.943,
        "Lat": 52.3245
      },
      {
        "Brigade": "5",
        "Time": "2017-05-14 08:08:44",
        "Lines": "17",
        "Lon": 20.943,
        "Lat": 52.3245
      },
      {
        "Brigade": "5",
        "Time": "2017-05-14 08:08:54",
        "Lines": "17",
        "Lon": 20.943,
        "Lat": 52.3245
      },
      {
        "Brigade": "5",
        "Time": "2017-05-14 08:09:05",
        "Lines": "17",
        "Lon": 20.943,
        "Lat": 52.3245
      },
      {
        "Brigade": "5",
        "Time": "2017-05-14 08:09:15",
        "Lines": "17",
        "Lon": 20.943,
        "Lat": 52.3245
      },
      {
        "Brigade": "5",
        "Time": "2017-05-14 08:09:26",
        "Lines": "17",
        "Lon": 20.943,
        "Lat": 52.3245
      },
      {
        "Brigade": "5",
        "Time": "2017-05-14 08:09:36",
        "Lines": "17",
        "Lon": 20.943,
        "Lat": 52.3245
      },
      {
        "Brigade": "5",
        "Time": "2017-05-14 08:09:47",
        "Lines": "17",
        "Lon": 20.943,
        "Lat": 52.3245
      },
      {
        "Brigade": "5",
        "Time": "2017-05-14 08:09:57",
        "Lines": "17",
        "Lon": 20.943,
        "Lat": 52.3245
      },
      {
        "Brigade": "5",
        "Time": "2017-05-14 08:09:57",
        "Lines": "17",
        "Lon": 20.943,
        "Lat": 52.3245
      },
      {
        "Brigade": "5",
        "Time": "2017-05-14 08:10:13",
        "Lines": "17",
        "Lon": 20.943,
        "Lat": 52.3245
      },
      {
        "Brigade": "5",
        "Time": "2017-05-14 08:10:24",
        "Lines": "17",
        "Lon": 20.943,
        "Lat": 52.3245
      },
      {
        "Brigade": "5",
        "Time": "2017-05-14 08:10:34",
        "Lines": "17",
        "Lon": 20.943,
        "Lat": 52.3245
      },
      {
        "Brigade": "5",
        "Time": "2017-05-14 08:10:45",
        "Lines": "17",
        "Lon": 20.943,
        "Lat": 52.3245
      },
      {
        "Brigade": "5",
        "Time": "2017-05-14 08:10:55",
        "Lines": "17",
        "Lon": 20.943,
        "Lat": 52.3245
      },
      {
        "Brigade": "5",
        "Time": "2017-05-14 08:11:06",
        "Lines": "17",
        "Lon": 20.9429,
        "Lat": 52.3245
      },
      {
        "Brigade": "5",
        "Time": "2017-05-14 08:11:16",
        "Lines": "17",
        "Lon": 20.9426,
        "Lat": 52.3243
      },
      {
        "Brigade": "5",
        "Time": "2017-05-14 08:11:27",
        "Lines": "17",
        "Lon": 20.9426,
        "Lat": 52.3243
      },
      {
        "Brigade": "5",
        "Time": "2017-05-14 08:11:37",
        "Lines": "17",
        "Lon": 20.9426,
        "Lat": 52.3243
      },
      {
        "Brigade": "5",
        "Time": "2017-05-14 08:11:53",
        "Lines": "17",
        "Lon": 20.9426,
        "Lat": 52.3243
      },
      {
        "Brigade": "5",
        "Time": "2017-05-14 08:11:53",
        "Lines": "17",
        "Lon": 20.9426,
        "Lat": 52.3243
      },
      {
        "Brigade": "5",
        "Time": "2017-05-14 08:12:03",
        "Lines": "17",
        "Lon": 20.9426,
        "Lat": 52.3243
      },
      {
        "Brigade": "5",
        "Time": "2017-05-14 08:12:14",
        "Lines": "17",
        "Lon": 20.9426,
        "Lat": 52.3243
      },
      {
        "Brigade": "5",
        "Time": "2017-05-14 08:12:24",
        "Lines": "17",
        "Lon": 20.9426,
        "Lat": 52.3243
      },
      {
        "Brigade": "5",
        "Time": "2017-05-14 08:12:35",
        "Lines": "17",
        "Lon": 20.9426,
        "Lat": 52.3243
      },
      {
        "Brigade": "5",
        "Time": "2017-05-14 08:12:46",
        "Lines": "17",
        "Lon": 20.9426,
        "Lat": 52.3243
      },
      {
        "Brigade": "5",
        "Time": "2017-05-14 08:12:56",
        "Lines": "17",
        "Lon": 20.9426,
        "Lat": 52.3243
      },
      {
        "Brigade": "5",
        "Time": "2017-05-14 08:13:06",
        "Lines": "17",
        "Lon": 20.9426,
        "Lat": 52.3243
      },
      {
        "Brigade": "5",
        "Time": "2017-05-14 08:13:17",
        "Lines": "17",
        "Lon": 20.9426,
        "Lat": 52.3243
      },
      {
        "Brigade": "5",
        "Time": "2017-05-14 08:13:27",
        "Lines": "17",
        "Lon": 20.9426,
        "Lat": 52.3243
      },
      {
        "Brigade": "5",
        "Time": "2017-05-14 08:13:38",
        "Lines": "17",
        "Lon": 20.9426,
        "Lat": 52.3243
      },
      {
        "Brigade": "5",
        "Time": "2017-05-14 08:13:38",
        "Lines": "17",
        "Lon": 20.9426,
        "Lat": 52.3243
      },
      {
        "Brigade": "5",
        "Time": "2017-05-14 08:13:53",
        "Lines": "17",
        "Lon": 20.9426,
        "Lat": 52.3243
      },
      {
        "Brigade": "5",
        "Time": "2017-05-14 08:14:04",
        "Lines": "17",
        "Lon": 20.9426,
        "Lat": 52.3243
      },
      {
        "Brigade": "5",
        "Time": "2017-05-14 08:14:14",
        "Lines": "17",
        "Lon": 20.9426,
        "Lat": 52.3243
      },
      {
        "Brigade": "5",
        "Time": "2017-05-14 08:14:25",
        "Lines": "17",
        "Lon": 20.9426,
        "Lat": 52.3243
      },
      {
        "Brigade": "5",
        "Time": "2017-05-14 08:14:35",
        "Lines": "17",
        "Lon": 20.9426,
        "Lat": 52.3243
      },
      {
        "Brigade": "5",
        "Time": "2017-05-14 08:14:46",
        "Lines": "17",
        "Lon": 20.9426,
        "Lat": 52.3243
      },
      {
        "Brigade": "5",
        "Time": "2017-05-14 08:14:56",
        "Lines": "17",
        "Lon": 20.9426,
        "Lat": 52.3243
      },
      {
        "Brigade": "5",
        "Time": "2017-05-14 08:15:07",
        "Lines": "17",
        "Lon": 20.9426,
        "Lat": 52.3243
      },
      {
        "Brigade": "5",
        "Time": "2017-05-14 08:15:22",
        "Lines": "17",
        "Lon": 20.9426,
        "Lat": 52.3243
      },
      {
        "Brigade": "5",
        "Time": "2017-05-14 08:15:22",
        "Lines": "17",
        "Lon": 20.9426,
        "Lat": 52.3243
      },
      {
        "Brigade": "5",
        "Time": "2017-05-14 08:15:33",
        "Lines": "17",
        "Lon": 20.9426,
        "Lat": 52.3243
      },
      {
        "Brigade": "5",
        "Time": "2017-05-14 08:15:43",
        "Lines": "17",
        "Lon": 20.9426,
        "Lat": 52.3243
      },
      {
        "Brigade": "5",
        "Time": "2017-05-14 08:15:54",
        "Lines": "17",
        "Lon": 20.9426,
        "Lat": 52.3243
      },
      {
        "Brigade": "5",
        "Time": "2017-05-14 08:16:04",
        "Lines": "17",
        "Lon": 20.9426,
        "Lat": 52.3243
      },
      {
        "Brigade": "5",
        "Time": "2017-05-14 08:16:16",
        "Lines": "17",
        "Lon": 20.9426,
        "Lat": 52.3243
      },
      {
        "Brigade": "5",
        "Time": "2017-05-14 08:16:25",
        "Lines": "17",
        "Lon": 20.9426,
        "Lat": 52.3243
      },
      {
        "Brigade": "5",
        "Time": "2017-05-14 08:16:36",
        "Lines": "17",
        "Lon": 20.9426,
        "Lat": 52.3243
      },
      {
        "Brigade": "5",
        "Time": "2017-05-14 08:16:46",
        "Lines": "17",
        "Lon": 20.9426,
        "Lat": 52.3243
      },
      {
        "Brigade": "5",
        "Time": "2017-05-14 08:16:58",
        "Lines": "17",
        "Lon": 20.9426,
        "Lat": 52.3243
      },
      {
        "Brigade": "5",
        "Time": "2017-05-14 08:17:07",
        "Lines": "17",
        "Lon": 20.9426,
        "Lat": 52.3243
      },
      {
        "Brigade": "5",
        "Time": "2017-05-14 08:17:07",
        "Lines": "17",
        "Lon": 20.9426,
        "Lat": 52.3243
      },
      {
        "Brigade": "5",
        "Time": "2017-05-14 08:17:23",
        "Lines": "17",
        "Lon": 20.9426,
        "Lat": 52.3243
      },
      {
        "Brigade": "5",
        "Time": "2017-05-14 08:17:34",
        "Lines": "17",
        "Lon": 20.9426,
        "Lat": 52.3243
      },
      {
        "Brigade": "5",
        "Time": "2017-05-14 08:17:44",
        "Lines": "17",
        "Lon": 20.9426,
        "Lat": 52.3243
      }
    ]
  }
]
