[
  {
    "res": [
      {
        "Brigade": "6",
        "Time": "2017-05-14 04:51:16",
        "Lines": "17",
        "Lon": 20.9439,
        "Lat": 52.2968
      },
      {
        "Brigade": "6",
        "Time": "2017-05-14 04:51:27",
        "Lines": "17",
        "Lon": 20.9447,
        "Lat": 52.2959
      },
      {
        "Brigade": "6",
        "Time": "2017-05-14 04:51:37",
        "Lines": "17",
        "Lon": 20.9456,
        "Lat": 52.295
      },
      {
        "Brigade": "6",
        "Time": "2017-05-14 04:51:50",
        "Lines": "17",
        "Lon": 20.9461,
        "Lat": 52.2945
      },
      {
        "Brigade": "6",
        "Time": "2017-05-14 04:51:58",
        "Lines": "17",
        "Lon": 20.9461,
        "Lat": 52.2945
      },
      {
        "Brigade": "6",
        "Time": "2017-05-14 04:51:58",
        "Lines": "17",
        "Lon": 20.9461,
        "Lat": 52.2945
      },
      {
        "Brigade": "6",
        "Time": "2017-05-14 04:51:58",
        "Lines": "17",
        "Lon": 20.9461,
        "Lat": 52.2945
      },
      {
        "Brigade": "6",
        "Time": "2017-05-14 04:51:58",
        "Lines": "17",
        "Lon": 20.9461,
        "Lat": 52.2945
      },
      {
        "Brigade": "6",
        "Time": "2017-05-14 04:52:29",
        "Lines": "17",
        "Lon": 20.9484,
        "Lat": 52.2921
      },
      {
        "Brigade": "6",
        "Time": "2017-05-14 04:52:39",
        "Lines": "17",
        "Lon": 20.9495,
        "Lat": 52.2908
      },
      {
        "Brigade": "6",
        "Time": "2017-05-14 04:52:55",
        "Lines": "17",
        "Lon": 20.9503,
        "Lat": 52.2899
      },
      {
        "Brigade": "6",
        "Time": "2017-05-14 04:53:06",
        "Lines": "17",
        "Lon": 20.9505,
        "Lat": 52.2898
      },
      {
        "Brigade": "6",
        "Time": "2017-05-14 04:53:16",
        "Lines": "17",
        "Lon": 20.9511,
        "Lat": 52.2893
      },
      {
        "Brigade": "6",
        "Time": "2017-05-14 04:53:27",
        "Lines": "17",
        "Lon": 20.952,
        "Lat": 52.2883
      },
      {
        "Brigade": "6",
        "Time": "2017-05-14 04:53:42",
        "Lines": "17",
        "Lon": 20.9529,
        "Lat": 52.2873
      },
      {
        "Brigade": "6",
        "Time": "2017-05-14 04:53:53",
        "Lines": "17",
        "Lon": 20.953,
        "Lat": 52.2872
      },
      {
        "Brigade": "6",
        "Time": "2017-05-14 04:53:53",
        "Lines": "17",
        "Lon": 20.953,
        "Lat": 52.2872
      },
      {
        "Brigade": "6",
        "Time": "2017-05-14 04:54:04",
        "Lines": "17",
        "Lon": 20.9539,
        "Lat": 52.2863
      },
      {
        "Brigade": "6",
        "Time": "2017-05-14 04:54:14",
        "Lines": "17",
        "Lon": 20.9545,
        "Lat": 52.2857
      },
      {
        "Brigade": "6",
        "Time": "2017-05-14 04:54:26",
        "Lines": "17",
        "Lon": 20.9547,
        "Lat": 52.2853
      },
      {
        "Brigade": "6",
        "Time": "2017-05-14 04:54:35",
        "Lines": "17",
        "Lon": 20.955,
        "Lat": 52.2849
      },
      {
        "Brigade": "6",
        "Time": "2017-05-14 04:54:45",
        "Lines": "17",
        "Lon": 20.9554,
        "Lat": 52.2844
      },
      {
        "Brigade": "6",
        "Time": "2017-05-14 04:54:56",
        "Lines": "17",
        "Lon": 20.9559,
        "Lat": 52.2839
      },
      {
        "Brigade": "6",
        "Time": "2017-05-14 04:55:06",
        "Lines": "17",
        "Lon": 20.9564,
        "Lat": 52.2833
      },
      {
        "Brigade": "6",
        "Time": "2017-05-14 04:55:22",
        "Lines": "17",
        "Lon": 20.9567,
        "Lat": 52.2831
      },
      {
        "Brigade": "6",
        "Time": "2017-05-14 04:55:22",
        "Lines": "17",
        "Lon": 20.9567,
        "Lat": 52.2831
      },
      {
        "Brigade": "6",
        "Time": "2017-05-14 04:55:33",
        "Lines": "17",
        "Lon": 20.9575,
        "Lat": 52.2822
      },
      {
        "Brigade": "6",
        "Time": "2017-05-14 04:55:43",
        "Lines": "17",
        "Lon": 20.9585,
        "Lat": 52.2812
      },
      {
        "Brigade": "6",
        "Time": "2017-05-14 04:55:54",
        "Lines": "17",
        "Lon": 20.9592,
        "Lat": 52.2804
      },
      {
        "Brigade": "6",
        "Time": "2017-05-14 04:56:04",
        "Lines": "17",
        "Lon": 20.9593,
        "Lat": 52.2803
      },
      {
        "Brigade": "6",
        "Time": "2017-05-14 04:56:14",
        "Lines": "17",
        "Lon": 20.9593,
        "Lat": 52.2803
      },
      {
        "Brigade": "6",
        "Time": "2017-05-14 04:56:25",
        "Lines": "17",
        "Lon": 20.9597,
        "Lat": 52.2799
      },
      {
        "Brigade": "6",
        "Time": "2017-05-14 04:56:35",
        "Lines": "17",
        "Lon": 20.9607,
        "Lat": 52.2788
      },
      {
        "Brigade": "6",
        "Time": "2017-05-14 04:56:51",
        "Lines": "17",
        "Lon": 20.9623,
        "Lat": 52.2772
      },
      {
        "Brigade": "6",
        "Time": "2017-05-14 04:57:02",
        "Lines": "17",
        "Lon": 20.9632,
        "Lat": 52.2762
      },
      {
        "Brigade": "6",
        "Time": "2017-05-14 04:57:12",
        "Lines": "17",
        "Lon": 20.9639,
        "Lat": 52.2756
      },
      {
        "Brigade": "6",
        "Time": "2017-05-14 04:57:12",
        "Lines": "17",
        "Lon": 20.9639,
        "Lat": 52.2756
      },
      {
        "Brigade": "6",
        "Time": "2017-05-14 04:57:23",
        "Lines": "17",
        "Lon": 20.964,
        "Lat": 52.2756
      },
      {
        "Brigade": "6",
        "Time": "2017-05-14 04:57:33",
        "Lines": "17",
        "Lon": 20.964,
        "Lat": 52.2755
      },
      {
        "Brigade": "6",
        "Time": "2017-05-14 04:57:44",
        "Lines": "17",
        "Lon": 20.9649,
        "Lat": 52.2748
      },
      {
        "Brigade": "6",
        "Time": "2017-05-14 04:57:54",
        "Lines": "17",
        "Lon": 20.9662,
        "Lat": 52.274
      },
      {
        "Brigade": "6",
        "Time": "2017-05-14 04:58:05",
        "Lines": "17",
        "Lon": 20.9672,
        "Lat": 52.2735
      },
      {
        "Brigade": "6",
        "Time": "2017-05-14 04:58:05",
        "Lines": "17",
        "Lon": 20.9672,
        "Lat": 52.2735
      },
      {
        "Brigade": "6",
        "Time": "2017-05-14 04:58:31",
        "Lines": "17",
        "Lon": 20.9675,
        "Lat": 52.2734
      },
      {
        "Brigade": "6",
        "Time": "2017-05-14 04:58:41",
        "Lines": "17",
        "Lon": 20.9684,
        "Lat": 52.2731
      },
      {
        "Brigade": "6",
        "Time": "2017-05-14 04:58:41",
        "Lines": "17",
        "Lon": 20.9684,
        "Lat": 52.2731
      },
      {
        "Brigade": "6",
        "Time": "2017-05-14 04:58:52",
        "Lines": "17",
        "Lon": 20.9693,
        "Lat": 52.2728
      },
      {
        "Brigade": "6",
        "Time": "2017-05-14 04:59:02",
        "Lines": "17",
        "Lon": 20.9705,
        "Lat": 52.2725
      },
      {
        "Brigade": "6",
        "Time": "2017-05-14 04:59:13",
        "Lines": "17",
        "Lon": 20.9714,
        "Lat": 52.2723
      },
      {
        "Brigade": "6",
        "Time": "2017-05-14 04:59:23",
        "Lines": "17",
        "Lon": 20.9721,
        "Lat": 52.2721
      },
      {
        "Brigade": "6",
        "Time": "2017-05-14 04:59:34",
        "Lines": "17",
        "Lon": 20.9727,
        "Lat": 52.272
      },
      {
        "Brigade": "6",
        "Time": "2017-05-14 04:59:50",
        "Lines": "17",
        "Lon": 20.9733,
        "Lat": 52.2718
      },
      {
        "Brigade": "6",
        "Time": "2017-05-14 05:00:00",
        "Lines": "17",
        "Lon": 20.9733,
        "Lat": 52.2718
      },
      {
        "Brigade": "6",
        "Time": "2017-05-14 05:00:10",
        "Lines": "17",
        "Lon": 20.9735,
        "Lat": 52.2717
      },
      {
        "Brigade": "6",
        "Time": "2017-05-14 05:00:10",
        "Lines": "17",
        "Lon": 20.9735,
        "Lat": 52.2717
      },
      {
        "Brigade": "6",
        "Time": "2017-05-14 05:00:21",
        "Lines": "17",
        "Lon": 20.9739,
        "Lat": 52.2712
      },
      {
        "Brigade": "6",
        "Time": "2017-05-14 05:00:31",
        "Lines": "17",
        "Lon": 20.9745,
        "Lat": 52.2703
      },
      {
        "Brigade": "6",
        "Time": "2017-05-14 05:00:42",
        "Lines": "17",
        "Lon": 20.9753,
        "Lat": 52.2691
      },
      {
        "Brigade": "6",
        "Time": "2017-05-14 05:00:52",
        "Lines": "17",
        "Lon": 20.9761,
        "Lat": 52.2679
      },
      {
        "Brigade": "6",
        "Time": "2017-05-14 05:01:03",
        "Lines": "17",
        "Lon": 20.9767,
        "Lat": 52.267
      },
      {
        "Brigade": "6",
        "Time": "2017-05-14 05:01:19",
        "Lines": "17",
        "Lon": 20.9769,
        "Lat": 52.2668
      },
      {
        "Brigade": "6",
        "Time": "2017-05-14 05:01:29",
        "Lines": "17",
        "Lon": 20.9773,
        "Lat": 52.2661
      },
      {
        "Brigade": "6",
        "Time": "2017-05-14 05:01:41",
        "Lines": "17",
        "Lon": 20.9781,
        "Lat": 52.265
      },
      {
        "Brigade": "6",
        "Time": "2017-05-14 05:01:45",
        "Lines": "17",
        "Lon": 20.9784,
        "Lat": 52.2645
      },
      {
        "Brigade": "6",
        "Time": "2017-05-14 05:01:45",
        "Lines": "17",
        "Lon": 20.9784,
        "Lat": 52.2645
      },
      {
        "Brigade": "6",
        "Time": "2017-05-14 05:02:01",
        "Lines": "17",
        "Lon": 20.9793,
        "Lat": 52.2632
      },
      {
        "Brigade": "6",
        "Time": "2017-05-14 05:02:11",
        "Lines": "17",
        "Lon": 20.9795,
        "Lat": 52.2628
      },
      {
        "Brigade": "6",
        "Time": "2017-05-14 05:02:22",
        "Lines": "17",
        "Lon": 20.9795,
        "Lat": 52.2628
      },
      {
        "Brigade": "6",
        "Time": "2017-05-14 05:02:32",
        "Lines": "17",
        "Lon": 20.9798,
        "Lat": 52.2623
      },
      {
        "Brigade": "6",
        "Time": "2017-05-14 05:02:48",
        "Lines": "17",
        "Lon": 20.9802,
        "Lat": 52.2617
      },
      {
        "Brigade": "6",
        "Time": "2017-05-14 05:02:58",
        "Lines": "17",
        "Lon": 20.9806,
        "Lat": 52.261
      },
      {
        "Brigade": "6",
        "Time": "2017-05-14 05:03:09",
        "Lines": "17",
        "Lon": 20.9808,
        "Lat": 52.2602
      },
      {
        "Brigade": "6",
        "Time": "2017-05-14 05:03:21",
        "Lines": "17",
        "Lon": 20.981,
        "Lat": 52.2591
      },
      {
        "Brigade": "6",
        "Time": "2017-05-14 05:03:30",
        "Lines": "17",
        "Lon": 20.9813,
        "Lat": 52.2579
      },
      {
        "Brigade": "6",
        "Time": "2017-05-14 05:03:40",
        "Lines": "17",
        "Lon": 20.9816,
        "Lat": 52.2567
      },
      {
        "Brigade": "6",
        "Time": "2017-05-14 05:03:40",
        "Lines": "17",
        "Lon": 20.9816,
        "Lat": 52.2567
      },
      {
        "Brigade": "6",
        "Time": "2017-05-14 05:03:51",
        "Lines": "17",
        "Lon": 20.982,
        "Lat": 52.2558
      },
      {
        "Brigade": "6",
        "Time": "2017-05-14 05:03:51",
        "Lines": "17",
        "Lon": 20.982,
        "Lat": 52.2558
      },
      {
        "Brigade": "6",
        "Time": "2017-05-14 05:04:13",
        "Lines": "17",
        "Lon": 20.9822,
        "Lat": 52.2554
      },
      {
        "Brigade": "6",
        "Time": "2017-05-14 05:04:27",
        "Lines": "17",
        "Lon": 20.9822,
        "Lat": 52.2554
      },
      {
        "Brigade": "6",
        "Time": "2017-05-14 05:04:39",
        "Lines": "17",
        "Lon": 20.9823,
        "Lat": 52.255
      },
      {
        "Brigade": "6",
        "Time": "2017-05-14 05:04:48",
        "Lines": "17",
        "Lon": 20.9825,
        "Lat": 52.2547
      },
      {
        "Brigade": "6",
        "Time": "2017-05-14 05:04:59",
        "Lines": "17",
        "Lon": 20.9827,
        "Lat": 52.2544
      },
      {
        "Brigade": "6",
        "Time": "2017-05-14 05:05:09",
        "Lines": "17",
        "Lon": 20.9828,
        "Lat": 52.2543
      },
      {
        "Brigade": "6",
        "Time": "2017-05-14 05:05:20",
        "Lines": "17",
        "Lon": 20.9832,
        "Lat": 52.2539
      },
      {
        "Brigade": "6",
        "Time": "2017-05-14 05:05:30",
        "Lines": "17",
        "Lon": 20.9834,
        "Lat": 52.2537
      },
      {
        "Brigade": "6",
        "Time": "2017-05-14 05:05:30",
        "Lines": "17",
        "Lon": 20.9834,
        "Lat": 52.2537
      },
      {
        "Brigade": "6",
        "Time": "2017-05-14 05:05:41",
        "Lines": "17",
        "Lon": 20.9834,
        "Lat": 52.2537
      },
      {
        "Brigade": "6",
        "Time": "2017-05-14 05:05:51",
        "Lines": "17",
        "Lon": 20.9834,
        "Lat": 52.2537
      },
      {
        "Brigade": "6",
        "Time": "2017-05-14 05:06:02",
        "Lines": "17",
        "Lon": 20.9834,
        "Lat": 52.2537
      },
      {
        "Brigade": "6",
        "Time": "2017-05-14 05:06:12",
        "Lines": "17",
        "Lon": 20.9835,
        "Lat": 52.2536
      },
      {
        "Brigade": "6",
        "Time": "2017-05-14 05:06:23",
        "Lines": "17",
        "Lon": 20.9836,
        "Lat": 52.2534
      },
      {
        "Brigade": "6",
        "Time": "2017-05-14 05:06:39",
        "Lines": "17",
        "Lon": 20.9842,
        "Lat": 52.2527
      },
      {
        "Brigade": "6",
        "Time": "2017-05-14 05:06:49",
        "Lines": "17",
        "Lon": 20.9848,
        "Lat": 52.2521
      },
      {
        "Brigade": "6",
        "Time": "2017-05-14 05:06:59",
        "Lines": "17",
        "Lon": 20.9853,
        "Lat": 52.2515
      },
      {
        "Brigade": "6",
        "Time": "2017-05-14 05:07:10",
        "Lines": "17",
        "Lon": 20.9855,
        "Lat": 52.2512
      },
      {
        "Brigade": "6",
        "Time": "2017-05-14 05:07:15",
        "Lines": "17",
        "Lon": 20.9855,
        "Lat": 52.2512
      },
      {
        "Brigade": "6",
        "Time": "2017-05-14 05:07:15",
        "Lines": "17",
        "Lon": 20.9855,
        "Lat": 52.2512
      },
      {
        "Brigade": "6",
        "Time": "2017-05-14 05:07:31",
        "Lines": "17",
        "Lon": 20.9859,
        "Lat": 52.2508
      },
      {
        "Brigade": "6",
        "Time": "2017-05-14 05:07:42",
        "Lines": "17",
        "Lon": 20.9862,
        "Lat": 52.2504
      },
      {
        "Brigade": "6",
        "Time": "2017-05-14 05:07:52",
        "Lines": "17",
        "Lon": 20.9869,
        "Lat": 52.2497
      },
      {
        "Brigade": "6",
        "Time": "2017-05-14 05:08:03",
        "Lines": "17",
        "Lon": 20.9877,
        "Lat": 52.2487
      },
      {
        "Brigade": "6",
        "Time": "2017-05-14 05:08:14",
        "Lines": "17",
        "Lon": 20.9884,
        "Lat": 52.2479
      },
      {
        "Brigade": "6",
        "Time": "2017-05-14 05:08:29",
        "Lines": "17",
        "Lon": 20.9887,
        "Lat": 52.2476
      },
      {
        "Brigade": "6",
        "Time": "2017-05-14 05:08:39",
        "Lines": "17",
        "Lon": 20.9887,
        "Lat": 52.2476
      },
      {
        "Brigade": "6",
        "Time": "2017-05-14 05:08:50",
        "Lines": "17",
        "Lon": 20.9893,
        "Lat": 52.2468
      },
      {
        "Brigade": "6",
        "Time": "2017-05-14 05:09:00",
        "Lines": "17",
        "Lon": 20.9902,
        "Lat": 52.2458
      },
      {
        "Brigade": "6",
        "Time": "2017-05-14 05:09:11",
        "Lines": "17",
        "Lon": 20.9908,
        "Lat": 52.2451
      },
      {
        "Brigade": "6",
        "Time": "2017-05-14 05:09:11",
        "Lines": "17",
        "Lon": 20.9908,
        "Lat": 52.2451
      },
      {
        "Brigade": "6",
        "Time": "2017-05-14 05:09:21",
        "Lines": "17",
        "Lon": 20.991,
        "Lat": 52.2449
      },
      {
        "Brigade": "6",
        "Time": "2017-05-14 05:09:32",
        "Lines": "17",
        "Lon": 20.991,
        "Lat": 52.2449
      },
      {
        "Brigade": "6",
        "Time": "2017-05-14 05:09:42",
        "Lines": "17",
        "Lon": 20.9916,
        "Lat": 52.2443
      },
      {
        "Brigade": "6",
        "Time": "2017-05-14 05:09:53",
        "Lines": "17",
        "Lon": 20.9918,
        "Lat": 52.244
      },
      {
        "Brigade": "6",
        "Time": "2017-05-14 05:10:03",
        "Lines": "17",
        "Lon": 20.9918,
        "Lat": 52.244
      },
      {
        "Brigade": "6",
        "Time": "2017-05-14 05:10:19",
        "Lines": "17",
        "Lon": 20.9924,
        "Lat": 52.2433
      },
      {
        "Brigade": "6",
        "Time": "2017-05-14 05:10:29",
        "Lines": "17",
        "Lon": 20.993,
        "Lat": 52.2426
      },
      {
        "Brigade": "6",
        "Time": "2017-05-14 05:10:40",
        "Lines": "17",
        "Lon": 20.9933,
        "Lat": 52.2422
      },
      {
        "Brigade": "6",
        "Time": "2017-05-14 05:10:50",
        "Lines": "17",
        "Lon": 20.9933,
        "Lat": 52.2422
      },
      {
        "Brigade": "6",
        "Time": "2017-05-14 05:11:01",
        "Lines": "17",
        "Lon": 20.9933,
        "Lat": 52.2422
      },
      {
        "Brigade": "6",
        "Time": "2017-05-14 05:11:01",
        "Lines": "17",
        "Lon": 20.9933,
        "Lat": 52.2422
      },
      {
        "Brigade": "6",
        "Time": "2017-05-14 05:11:11",
        "Lines": "17",
        "Lon": 20.9933,
        "Lat": 52.2422
      },
      {
        "Brigade": "6",
        "Time": "2017-05-14 05:11:22",
        "Lines": "17",
        "Lon": 20.9933,
        "Lat": 52.2422
      },
      {
        "Brigade": "6",
        "Time": "2017-05-14 05:11:32",
        "Lines": "17",
        "Lon": 20.9933,
        "Lat": 52.2422
      },
      {
        "Brigade": "6",
        "Time": "2017-05-14 05:11:43",
        "Lines": "17",
        "Lon": 20.9935,
        "Lat": 52.242
      },
      {
        "Brigade": "6",
        "Time": "2017-05-14 05:11:53",
        "Lines": "17",
        "Lon": 20.9938,
        "Lat": 52.2417
      },
      {
        "Brigade": "6",
        "Time": "2017-05-14 05:12:09",
        "Lines": "17",
        "Lon": 20.9944,
        "Lat": 52.241
      },
      {
        "Brigade": "6",
        "Time": "2017-05-14 05:12:19",
        "Lines": "17",
        "Lon": 20.9951,
        "Lat": 52.2402
      },
      {
        "Brigade": "6",
        "Time": "2017-05-14 05:12:30",
        "Lines": "17",
        "Lon": 20.9957,
        "Lat": 52.2393
      },
      {
        "Brigade": "6",
        "Time": "2017-05-14 05:12:40",
        "Lines": "17",
        "Lon": 20.996,
        "Lat": 52.2386
      },
      {
        "Brigade": "6",
        "Time": "2017-05-14 05:12:51",
        "Lines": "17",
        "Lon": 20.9962,
        "Lat": 52.2381
      },
      {
        "Brigade": "6",
        "Time": "2017-05-14 05:12:51",
        "Lines": "17",
        "Lon": 20.9962,
        "Lat": 52.2381
      },
      {
        "Brigade": "6",
        "Time": "2017-05-14 05:13:01",
        "Lines": "17",
        "Lon": 20.9962,
        "Lat": 52.2381
      },
      {
        "Brigade": "6",
        "Time": "2017-05-14 05:13:07",
        "Lines": "17",
        "Lon": 20.9962,
        "Lat": 52.2381
      },
      {
        "Brigade": "6",
        "Time": "2017-05-14 05:13:24",
        "Lines": "17",
        "Lon": 20.9968,
        "Lat": 52.2368
      },
      {
        "Brigade": "6",
        "Time": "2017-05-14 05:13:33",
        "Lines": "17",
        "Lon": 20.9972,
        "Lat": 52.2357
      },
      {
        "Brigade": "6",
        "Time": "2017-05-14 05:13:49",
        "Lines": "17",
        "Lon": 20.9979,
        "Lat": 52.2342
      },
      {
        "Brigade": "6",
        "Time": "2017-05-14 05:13:54",
        "Lines": "17",
        "Lon": 20.998,
        "Lat": 52.2339
      },
      {
        "Brigade": "6",
        "Time": "2017-05-14 05:14:10",
        "Lines": "17",
        "Lon": 20.9983,
        "Lat": 52.2333
      },
      {
        "Brigade": "6",
        "Time": "2017-05-14 05:14:20",
        "Lines": "17",
        "Lon": 20.9986,
        "Lat": 52.2329
      },
      {
        "Brigade": "6",
        "Time": "2017-05-14 05:14:31",
        "Lines": "17",
        "Lon": 20.9988,
        "Lat": 52.2325
      },
      {
        "Brigade": "6",
        "Time": "2017-05-14 05:14:41",
        "Lines": "17",
        "Lon": 20.9989,
        "Lat": 52.2322
      },
      {
        "Brigade": "6",
        "Time": "2017-05-14 05:14:41",
        "Lines": "17",
        "Lon": 20.9989,
        "Lat": 52.2322
      },
      {
        "Brigade": "6",
        "Time": "2017-05-14 05:14:51",
        "Lines": "17",
        "Lon": 20.9991,
        "Lat": 52.2321
      },
      {
        "Brigade": "6",
        "Time": "2017-05-14 05:15:02",
        "Lines": "17",
        "Lon": 20.9991,
        "Lat": 52.2321
      },
      {
        "Brigade": "6",
        "Time": "2017-05-14 05:15:12",
        "Lines": "17",
        "Lon": 20.9991,
        "Lat": 52.2321
      },
      {
        "Brigade": "6",
        "Time": "2017-05-14 05:15:23",
        "Lines": "17",
        "Lon": 20.9993,
        "Lat": 52.2318
      },
      {
        "Brigade": "6",
        "Time": "2017-05-14 05:15:33",
        "Lines": "17",
        "Lon": 20.9999,
        "Lat": 52.2309
      },
      {
        "Brigade": "6",
        "Time": "2017-05-14 05:15:49",
        "Lines": "17",
        "Lon": 21.0004,
        "Lat": 52.2301
      },
      {
        "Brigade": "6",
        "Time": "2017-05-14 05:15:49",
        "Lines": "17",
        "Lon": 21.0004,
        "Lat": 52.2301
      },
      {
        "Brigade": "6",
        "Time": "2017-05-14 05:16:10",
        "Lines": "17",
        "Lon": 21.0015,
        "Lat": 52.2285
      },
      {
        "Brigade": "6",
        "Time": "2017-05-14 05:16:21",
        "Lines": "17",
        "Lon": 21.0017,
        "Lat": 52.2281
      },
      {
        "Brigade": "6",
        "Time": "2017-05-14 05:16:21",
        "Lines": "17",
        "Lon": 21.0017,
        "Lat": 52.2281
      },
      {
        "Brigade": "6",
        "Time": "2017-05-14 05:16:31",
        "Lines": "17",
        "Lon": 21.0017,
        "Lat": 52.2281
      },
      {
        "Brigade": "6",
        "Time": "2017-05-14 05:16:42",
        "Lines": "17",
        "Lon": 21.0017,
        "Lat": 52.2281
      },
      {
        "Brigade": "6",
        "Time": "2017-05-14 05:16:52",
        "Lines": "17",
        "Lon": 21.0017,
        "Lat": 52.2281
      },
      {
        "Brigade": "6",
        "Time": "2017-05-14 05:17:03",
        "Lines": "17",
        "Lon": 21.0017,
        "Lat": 52.2281
      },
      {
        "Brigade": "6",
        "Time": "2017-05-14 05:17:13",
        "Lines": "17",
        "Lon": 21.0017,
        "Lat": 52.2281
      },
      {
        "Brigade": "6",
        "Time": "2017-05-14 05:17:29",
        "Lines": "17",
        "Lon": 21.0017,
        "Lat": 52.2281
      },
      {
        "Brigade": "6",
        "Time": "2017-05-14 05:17:39",
        "Lines": "17",
        "Lon": 21.0017,
        "Lat": 52.2281
      },
      {
        "Brigade": "6",
        "Time": "2017-05-14 05:17:50",
        "Lines": "17",
        "Lon": 21.0017,
        "Lat": 52.2281
      },
      {
        "Brigade": "6",
        "Time": "2017-05-14 05:18:00",
        "Lines": "17",
        "Lon": 21.002,
        "Lat": 52.2277
      },
      {
        "Brigade": "6",
        "Time": "2017-05-14 05:18:00",
        "Lines": "17",
        "Lon": 21.002,
        "Lat": 52.2277
      },
      {
        "Brigade": "6",
        "Time": "2017-05-14 05:18:11",
        "Lines": "17",
        "Lon": 21.0022,
        "Lat": 52.2273
      },
      {
        "Brigade": "6",
        "Time": "2017-05-14 05:18:21",
        "Lines": "17",
        "Lon": 21.0028,
        "Lat": 52.2263
      },
      {
        "Brigade": "6",
        "Time": "2017-05-14 05:18:32",
        "Lines": "17",
        "Lon": 21.0035,
        "Lat": 52.2252
      },
      {
        "Brigade": "6",
        "Time": "2017-05-14 05:18:42",
        "Lines": "17",
        "Lon": 21.0041,
        "Lat": 52.2242
      },
      {
        "Brigade": "6",
        "Time": "2017-05-14 05:18:57",
        "Lines": "17",
        "Lon": 21.0046,
        "Lat": 52.2234
      },
      {
        "Brigade": "6",
        "Time": "2017-05-14 05:18:57",
        "Lines": "17",
        "Lon": 21.0046,
        "Lat": 52.2234
      },
      {
        "Brigade": "6",
        "Time": "2017-05-14 05:19:19",
        "Lines": "17",
        "Lon": 21.0048,
        "Lat": 52.2231
      },
      {
        "Brigade": "6",
        "Time": "2017-05-14 05:19:30",
        "Lines": "17",
        "Lon": 21.0048,
        "Lat": 52.2221
      },
      {
        "Brigade": "6",
        "Time": "2017-05-14 05:19:40",
        "Lines": "17",
        "Lon": 21.0049,
        "Lat": 52.2209
      },
      {
        "Brigade": "6",
        "Time": "2017-05-14 05:19:40",
        "Lines": "17",
        "Lon": 21.0049,
        "Lat": 52.2209
      },
      {
        "Brigade": "6",
        "Time": "2017-05-14 05:19:50",
        "Lines": "17",
        "Lon": 21.0049,
        "Lat": 52.2206
      },
      {
        "Brigade": "6",
        "Time": "2017-05-14 05:20:01",
        "Lines": "17",
        "Lon": 21.0049,
        "Lat": 52.2206
      },
      {
        "Brigade": "6",
        "Time": "2017-05-14 05:20:11",
        "Lines": "17",
        "Lon": 21.0049,
        "Lat": 52.2205
      },
      {
        "Brigade": "6",
        "Time": "2017-05-14 05:20:22",
        "Lines": "17",
        "Lon": 21.0049,
        "Lat": 52.2201
      },
      {
        "Brigade": "6",
        "Time": "2017-05-14 05:20:38",
        "Lines": "17",
        "Lon": 21.0049,
        "Lat": 52.2196
      },
      {
        "Brigade": "6",
        "Time": "2017-05-14 05:20:48",
        "Lines": "17",
        "Lon": 21.005,
        "Lat": 52.2188
      },
      {
        "Brigade": "6",
        "Time": "2017-05-14 05:21:00",
        "Lines": "17",
        "Lon": 21.005,
        "Lat": 52.2179
      },
      {
        "Brigade": "6",
        "Time": "2017-05-14 05:21:04",
        "Lines": "17",
        "Lon": 21.005,
        "Lat": 52.2177
      },
      {
        "Brigade": "6",
        "Time": "2017-05-14 05:21:21",
        "Lines": "17",
        "Lon": 21.005,
        "Lat": 52.2176
      },
      {
        "Brigade": "6",
        "Time": "2017-05-14 05:21:21",
        "Lines": "17",
        "Lon": 21.005,
        "Lat": 52.2176
      },
      {
        "Brigade": "6",
        "Time": "2017-05-14 05:21:30",
        "Lines": "17",
        "Lon": 21.005,
        "Lat": 52.2176
      },
      {
        "Brigade": "6",
        "Time": "2017-05-14 05:21:41",
        "Lines": "17",
        "Lon": 21.005,
        "Lat": 52.2176
      },
      {
        "Brigade": "6",
        "Time": "2017-05-14 05:21:51",
        "Lines": "17",
        "Lon": 21.005,
        "Lat": 52.2174
      },
      {
        "Brigade": "6",
        "Time": "2017-05-14 05:22:07",
        "Lines": "17",
        "Lon": 21.0053,
        "Lat": 52.2164
      },
      {
        "Brigade": "6",
        "Time": "2017-05-14 05:22:17",
        "Lines": "17",
        "Lon": 21.0053,
        "Lat": 52.2162
      },
      {
        "Brigade": "6",
        "Time": "2017-05-14 05:22:28",
        "Lines": "17",
        "Lon": 21.0053,
        "Lat": 52.2162
      },
      {
        "Brigade": "6",
        "Time": "2017-05-14 05:22:38",
        "Lines": "17",
        "Lon": 21.0055,
        "Lat": 52.2156
      },
      {
        "Brigade": "6",
        "Time": "2017-05-14 05:22:44",
        "Lines": "17",
        "Lon": 21.0056,
        "Lat": 52.2151
      },
      {
        "Brigade": "6",
        "Time": "2017-05-14 05:22:59",
        "Lines": "17",
        "Lon": 21.0061,
        "Lat": 52.2135
      },
      {
        "Brigade": "6",
        "Time": "2017-05-14 05:22:59",
        "Lines": "17",
        "Lon": 21.0061,
        "Lat": 52.2135
      },
      {
        "Brigade": "6",
        "Time": "2017-05-14 05:23:10",
        "Lines": "17",
        "Lon": 21.0063,
        "Lat": 52.2131
      },
      {
        "Brigade": "6",
        "Time": "2017-05-14 05:23:26",
        "Lines": "17",
        "Lon": 21.0064,
        "Lat": 52.2128
      },
      {
        "Brigade": "6",
        "Time": "2017-05-14 05:23:36",
        "Lines": "17",
        "Lon": 21.0067,
        "Lat": 52.2118
      },
      {
        "Brigade": "6",
        "Time": "2017-05-14 05:23:46",
        "Lines": "17",
        "Lon": 21.0069,
        "Lat": 52.211
      },
      {
        "Brigade": "6",
        "Time": "2017-05-14 05:23:57",
        "Lines": "17",
        "Lon": 21.007,
        "Lat": 52.2108
      },
      {
        "Brigade": "6",
        "Time": "2017-05-14 05:24:08",
        "Lines": "17",
        "Lon": 21.007,
        "Lat": 52.2108
      },
      {
        "Brigade": "6",
        "Time": "2017-05-14 05:24:18",
        "Lines": "17",
        "Lon": 21.007,
        "Lat": 52.2108
      },
      {
        "Brigade": "6",
        "Time": "2017-05-14 05:24:28",
        "Lines": "17",
        "Lon": 21.007,
        "Lat": 52.2108
      },
      {
        "Brigade": "6",
        "Time": "2017-05-14 05:24:39",
        "Lines": "17",
        "Lon": 21.007,
        "Lat": 52.2107
      },
      {
        "Brigade": "6",
        "Time": "2017-05-14 05:24:39",
        "Lines": "17",
        "Lon": 21.007,
        "Lat": 52.2107
      },
      {
        "Brigade": "6",
        "Time": "2017-05-14 05:24:54",
        "Lines": "17",
        "Lon": 21.0075,
        "Lat": 52.2092
      },
      {
        "Brigade": "6",
        "Time": "2017-05-14 05:25:05",
        "Lines": "17",
        "Lon": 21.0078,
        "Lat": 52.2084
      },
      {
        "Brigade": "6",
        "Time": "2017-05-14 05:25:15",
        "Lines": "17",
        "Lon": 21.0079,
        "Lat": 52.2083
      },
      {
        "Brigade": "6",
        "Time": "2017-05-14 05:25:26",
        "Lines": "17",
        "Lon": 21.0079,
        "Lat": 52.2083
      },
      {
        "Brigade": "6",
        "Time": "2017-05-14 05:25:37",
        "Lines": "17",
        "Lon": 21.008,
        "Lat": 52.2079
      },
      {
        "Brigade": "6",
        "Time": "2017-05-14 05:25:47",
        "Lines": "17",
        "Lon": 21.0077,
        "Lat": 52.2075
      },
      {
        "Brigade": "6",
        "Time": "2017-05-14 05:25:58",
        "Lines": "17",
        "Lon": 21.0067,
        "Lat": 52.2074
      },
      {
        "Brigade": "6",
        "Time": "2017-05-14 05:26:08",
        "Lines": "17",
        "Lon": 21.005,
        "Lat": 52.2071
      },
      {
        "Brigade": "6",
        "Time": "2017-05-14 05:26:19",
        "Lines": "17",
        "Lon": 21.0038,
        "Lat": 52.2068
      },
      {
        "Brigade": "6",
        "Time": "2017-05-14 05:26:29",
        "Lines": "17",
        "Lon": 21.0036,
        "Lat": 52.2068
      },
      {
        "Brigade": "6",
        "Time": "2017-05-14 05:26:29",
        "Lines": "17",
        "Lon": 21.0036,
        "Lat": 52.2068
      },
      {
        "Brigade": "6",
        "Time": "2017-05-14 05:26:39",
        "Lines": "17",
        "Lon": 21.0036,
        "Lat": 52.2068
      },
      {
        "Brigade": "6",
        "Time": "2017-05-14 05:26:55",
        "Lines": "17",
        "Lon": 21.0028,
        "Lat": 52.2067
      },
      {
        "Brigade": "6",
        "Time": "2017-05-14 05:27:06",
        "Lines": "17",
        "Lon": 21.002,
        "Lat": 52.2065
      },
      {
        "Brigade": "6",
        "Time": "2017-05-14 05:27:16",
        "Lines": "17",
        "Lon": 21.0008,
        "Lat": 52.2063
      },
      {
        "Brigade": "6",
        "Time": "2017-05-14 05:27:27",
        "Lines": "17",
        "Lon": 20.9998,
        "Lat": 52.2061
      },
      {
        "Brigade": "6",
        "Time": "2017-05-14 05:27:37",
        "Lines": "17",
        "Lon": 20.9996,
        "Lat": 52.2061
      },
      {
        "Brigade": "6",
        "Time": "2017-05-14 05:27:48",
        "Lines": "17",
        "Lon": 20.9996,
        "Lat": 52.2061
      },
      {
        "Brigade": "6",
        "Time": "2017-05-14 05:27:58",
        "Lines": "17",
        "Lon": 20.9993,
        "Lat": 52.2059
      },
      {
        "Brigade": "6",
        "Time": "2017-05-14 05:28:09",
        "Lines": "17",
        "Lon": 20.9993,
        "Lat": 52.2055
      },
      {
        "Brigade": "6",
        "Time": "2017-05-14 05:28:09",
        "Lines": "17",
        "Lon": 20.9993,
        "Lat": 52.2055
      },
      {
        "Brigade": "6",
        "Time": "2017-05-14 05:28:19",
        "Lines": "17",
        "Lon": 20.9994,
        "Lat": 52.2051
      },
      {
        "Brigade": "6",
        "Time": "2017-05-14 05:28:35",
        "Lines": "17",
        "Lon": 20.9995,
        "Lat": 52.2049
      },
      {
        "Brigade": "6",
        "Time": "2017-05-14 05:28:45",
        "Lines": "17",
        "Lon": 20.9998,
        "Lat": 52.2037
      },
      {
        "Brigade": "6",
        "Time": "2017-05-14 05:28:56",
        "Lines": "17",
        "Lon": 21.0001,
        "Lat": 52.2026
      },
      {
        "Brigade": "6",
        "Time": "2017-05-14 05:29:06",
        "Lines": "17",
        "Lon": 21.0004,
        "Lat": 52.2019
      },
      {
        "Brigade": "6",
        "Time": "2017-05-14 05:29:17",
        "Lines": "17",
        "Lon": 21.0004,
        "Lat": 52.2019
      },
      {
        "Brigade": "6",
        "Time": "2017-05-14 05:29:27",
        "Lines": "17",
        "Lon": 21.0004,
        "Lat": 52.2019
      },
      {
        "Brigade": "6",
        "Time": "2017-05-14 05:29:38",
        "Lines": "17",
        "Lon": 21.0004,
        "Lat": 52.2018
      },
      {
        "Brigade": "6",
        "Time": "2017-05-14 05:29:48",
        "Lines": "17",
        "Lon": 21.0006,
        "Lat": 52.2011
      },
      {
        "Brigade": "6",
        "Time": "2017-05-14 05:29:59",
        "Lines": "17",
        "Lon": 21.0009,
        "Lat": 52.1999
      },
      {
        "Brigade": "6",
        "Time": "2017-05-14 05:29:59",
        "Lines": "17",
        "Lon": 21.0009,
        "Lat": 52.1999
      },
      {
        "Brigade": "6",
        "Time": "2017-05-14 05:30:15",
        "Lines": "17",
        "Lon": 21.0011,
        "Lat": 52.1991
      },
      {
        "Brigade": "6",
        "Time": "2017-05-14 05:30:25",
        "Lines": "17",
        "Lon": 21.0011,
        "Lat": 52.1991
      },
      {
        "Brigade": "6",
        "Time": "2017-05-14 05:30:36",
        "Lines": "17",
        "Lon": 21.0011,
        "Lat": 52.1991
      },
      {
        "Brigade": "6",
        "Time": "2017-05-14 05:30:48",
        "Lines": "17",
        "Lon": 21.0011,
        "Lat": 52.1991
      },
      {
        "Brigade": "6",
        "Time": "2017-05-14 05:30:57",
        "Lines": "17",
        "Lon": 21.0013,
        "Lat": 52.1986
      },
      {
        "Brigade": "6",
        "Time": "2017-05-14 05:31:08",
        "Lines": "17",
        "Lon": 21.0016,
        "Lat": 52.1974
      },
      {
        "Brigade": "6",
        "Time": "2017-05-14 05:31:17",
        "Lines": "17",
        "Lon": 21.0018,
        "Lat": 52.1963
      },
      {
        "Brigade": "6",
        "Time": "2017-05-14 05:31:28",
        "Lines": "17",
        "Lon": 21.0018,
        "Lat": 52.196
      },
      {
        "Brigade": "6",
        "Time": "2017-05-14 05:31:28",
        "Lines": "17",
        "Lon": 21.0018,
        "Lat": 52.196
      },
      {
        "Brigade": "6",
        "Time": "2017-05-14 05:31:44",
        "Lines": "17",
        "Lon": 21.0018,
        "Lat": 52.1952
      },
      {
        "Brigade": "6",
        "Time": "2017-05-14 05:31:55",
        "Lines": "17",
        "Lon": 21.0018,
        "Lat": 52.194
      },
      {
        "Brigade": "6",
        "Time": "2017-05-14 05:31:55",
        "Lines": "17",
        "Lon": 21.0018,
        "Lat": 52.194
      },
      {
        "Brigade": "6",
        "Time": "2017-05-14 05:32:16",
        "Lines": "17",
        "Lon": 21.0018,
        "Lat": 52.1916
      },
      {
        "Brigade": "6",
        "Time": "2017-05-14 05:32:26",
        "Lines": "17",
        "Lon": 21.0018,
        "Lat": 52.1907
      },
      {
        "Brigade": "6",
        "Time": "2017-05-14 05:32:36",
        "Lines": "17",
        "Lon": 21.0019,
        "Lat": 52.1902
      },
      {
        "Brigade": "6",
        "Time": "2017-05-14 05:32:47",
        "Lines": "17",
        "Lon": 21.002,
        "Lat": 52.1898
      },
      {
        "Brigade": "6",
        "Time": "2017-05-14 05:32:57",
        "Lines": "17",
        "Lon": 21.002,
        "Lat": 52.1894
      },
      {
        "Brigade": "6",
        "Time": "2017-05-14 05:33:08",
        "Lines": "17",
        "Lon": 21.002,
        "Lat": 52.1893
      },
      {
        "Brigade": "6",
        "Time": "2017-05-14 05:33:18",
        "Lines": "17",
        "Lon": 21.002,
        "Lat": 52.1893
      },
      {
        "Brigade": "6",
        "Time": "2017-05-14 05:33:18",
        "Lines": "17",
        "Lon": 21.002,
        "Lat": 52.1893
      },
      {
        "Brigade": "6",
        "Time": "2017-05-14 05:33:34",
        "Lines": "17",
        "Lon": 21.002,
        "Lat": 52.1893
      },
      {
        "Brigade": "6",
        "Time": "2017-05-14 05:33:44",
        "Lines": "17",
        "Lon": 21.002,
        "Lat": 52.1893
      },
      {
        "Brigade": "6",
        "Time": "2017-05-14 05:33:55",
        "Lines": "17",
        "Lon": 21.002,
        "Lat": 52.1893
      },
      {
        "Brigade": "6",
        "Time": "2017-05-14 05:34:06",
        "Lines": "17",
        "Lon": 21.002,
        "Lat": 52.1893
      },
      {
        "Brigade": "6",
        "Time": "2017-05-14 05:34:16",
        "Lines": "17",
        "Lon": 21.002,
        "Lat": 52.1893
      },
      {
        "Brigade": "6",
        "Time": "2017-05-14 05:34:26",
        "Lines": "17",
        "Lon": 21.002,
        "Lat": 52.1893
      },
      {
        "Brigade": "6",
        "Time": "2017-05-14 05:34:37",
        "Lines": "17",
        "Lon": 21.002,
        "Lat": 52.1893
      },
      {
        "Brigade": "6",
        "Time": "2017-05-14 05:34:47",
        "Lines": "17",
        "Lon": 21.002,
        "Lat": 52.1893
      },
      {
        "Brigade": "6",
        "Time": "2017-05-14 05:34:59",
        "Lines": "17",
        "Lon": 21.002,
        "Lat": 52.1893
      },
      {
        "Brigade": "6",
        "Time": "2017-05-14 05:35:08",
        "Lines": "17",
        "Lon": 21.0021,
        "Lat": 52.189
      },
      {
        "Brigade": "6",
        "Time": "2017-05-14 05:35:08",
        "Lines": "17",
        "Lon": 21.0021,
        "Lat": 52.189
      },
      {
        "Brigade": "6",
        "Time": "2017-05-14 05:35:19",
        "Lines": "17",
        "Lon": 21.0025,
        "Lat": 52.1888
      },
      {
        "Brigade": "6",
        "Time": "2017-05-14 07:36:57",
        "Lines": "17",
        "Lon": 21.0018,
        "Lat": 52.192
      },
      {
        "Brigade": "6",
        "Time": "2017-05-14 07:37:08",
        "Lines": "17",
        "Lon": 21.0018,
        "Lat": 52.1921
      },
      {
        "Brigade": "6",
        "Time": "2017-05-14 07:37:18",
        "Lines": "17",
        "Lon": 21.0018,
        "Lat": 52.1925
      },
      {
        "Brigade": "6",
        "Time": "2017-05-14 07:37:29",
        "Lines": "17",
        "Lon": 21.0018,
        "Lat": 52.1937
      },
      {
        "Brigade": "6",
        "Time": "2017-05-14 07:37:39",
        "Lines": "17",
        "Lon": 21.0018,
        "Lat": 52.1948
      },
      {
        "Brigade": "6",
        "Time": "2017-05-14 07:37:50",
        "Lines": "17",
        "Lon": 21.0018,
        "Lat": 52.1952
      },
      {
        "Brigade": "6",
        "Time": "2017-05-14 07:37:50",
        "Lines": "17",
        "Lon": 21.0018,
        "Lat": 52.1952
      },
      {
        "Brigade": "6",
        "Time": "2017-05-14 07:38:00",
        "Lines": "17",
        "Lon": 21.0018,
        "Lat": 52.1952
      },
      {
        "Brigade": "6",
        "Time": "2017-05-14 07:38:11",
        "Lines": "17",
        "Lon": 21.0018,
        "Lat": 52.1952
      },
      {
        "Brigade": "6",
        "Time": "2017-05-14 07:38:21",
        "Lines": "17",
        "Lon": 21.0018,
        "Lat": 52.1952
      },
      {
        "Brigade": "6",
        "Time": "2017-05-14 07:38:37",
        "Lines": "17",
        "Lon": 21.0018,
        "Lat": 52.1952
      },
      {
        "Brigade": "6",
        "Time": "2017-05-14 07:38:48",
        "Lines": "17",
        "Lon": 21.0018,
        "Lat": 52.1952
      },
      {
        "Brigade": "6",
        "Time": "2017-05-14 07:38:58",
        "Lines": "17",
        "Lon": 21.0018,
        "Lat": 52.1952
      },
      {
        "Brigade": "6",
        "Time": "2017-05-14 07:39:08",
        "Lines": "17",
        "Lon": 21.0018,
        "Lat": 52.1953
      },
      {
        "Brigade": "6",
        "Time": "2017-05-14 07:39:19",
        "Lines": "17",
        "Lon": 21.0018,
        "Lat": 52.1964
      },
      {
        "Brigade": "6",
        "Time": "2017-05-14 07:39:19",
        "Lines": "17",
        "Lon": 21.0018,
        "Lat": 52.1964
      },
      {
        "Brigade": "6",
        "Time": "2017-05-14 07:39:19",
        "Lines": "17",
        "Lon": 21.0018,
        "Lat": 52.1964
      },
      {
        "Brigade": "6",
        "Time": "2017-05-14 07:39:19",
        "Lines": "17",
        "Lon": 21.0018,
        "Lat": 52.1964
      },
      {
        "Brigade": "6",
        "Time": "2017-05-14 07:39:19",
        "Lines": "17",
        "Lon": 21.0018,
        "Lat": 52.1964
      },
      {
        "Brigade": "6",
        "Time": "2017-05-14 07:39:19",
        "Lines": "17",
        "Lon": 21.0018,
        "Lat": 52.1964
      },
      {
        "Brigade": "6",
        "Time": "2017-05-14 07:39:19",
        "Lines": "17",
        "Lon": 21.0018,
        "Lat": 52.1964
      },
      {
        "Brigade": "6",
        "Time": "2017-05-14 07:39:19",
        "Lines": "17",
        "Lon": 21.0018,
        "Lat": 52.1964
      },
      {
        "Brigade": "6",
        "Time": "2017-05-14 07:40:38",
        "Lines": "17",
        "Lon": 21.0006,
        "Lat": 52.2015
      },
      {
        "Brigade": "6",
        "Time": "2017-05-14 07:40:48",
        "Lines": "17",
        "Lon": 21.0006,
        "Lat": 52.2015
      },
      {
        "Brigade": "6",
        "Time": "2017-05-14 07:40:59",
        "Lines": "17",
        "Lon": 21.0005,
        "Lat": 52.2018
      },
      {
        "Brigade": "6",
        "Time": "2017-05-14 07:41:09",
        "Lines": "17",
        "Lon": 21.0003,
        "Lat": 52.2024
      },
      {
        "Brigade": "6",
        "Time": "2017-05-14 07:41:20",
        "Lines": "17",
        "Lon": 21.0003,
        "Lat": 52.2024
      },
      {
        "Brigade": "6",
        "Time": "2017-05-14 07:41:30",
        "Lines": "17",
        "Lon": 21.0002,
        "Lat": 52.2027
      },
      {
        "Brigade": "6",
        "Time": "2017-05-14 07:41:30",
        "Lines": "17",
        "Lon": 21.0002,
        "Lat": 52.2027
      },
      {
        "Brigade": "6",
        "Time": "2017-05-14 07:41:41",
        "Lines": "17",
        "Lon": 20.9998,
        "Lat": 52.2039
      },
      {
        "Brigade": "6",
        "Time": "2017-05-14 07:41:51",
        "Lines": "17",
        "Lon": 20.9995,
        "Lat": 52.2049
      },
      {
        "Brigade": "6",
        "Time": "2017-05-14 07:42:02",
        "Lines": "17",
        "Lon": 20.9993,
        "Lat": 52.2057
      },
      {
        "Brigade": "6",
        "Time": "2017-05-14 07:42:12",
        "Lines": "17",
        "Lon": 20.9993,
        "Lat": 52.2057
      },
      {
        "Brigade": "6",
        "Time": "2017-05-14 07:42:28",
        "Lines": "17",
        "Lon": 20.9993,
        "Lat": 52.2057
      },
      {
        "Brigade": "6",
        "Time": "2017-05-14 07:42:38",
        "Lines": "17",
        "Lon": 20.9995,
        "Lat": 52.206
      },
      {
        "Brigade": "6",
        "Time": "2017-05-14 07:42:49",
        "Lines": "17",
        "Lon": 21.0008,
        "Lat": 52.2063
      },
      {
        "Brigade": "6",
        "Time": "2017-05-14 07:42:59",
        "Lines": "17",
        "Lon": 21.0026,
        "Lat": 52.2066
      },
      {
        "Brigade": "6",
        "Time": "2017-05-14 07:43:10",
        "Lines": "17",
        "Lon": 21.0034,
        "Lat": 52.2068
      },
      {
        "Brigade": "6",
        "Time": "2017-05-14 07:43:10",
        "Lines": "17",
        "Lon": 21.0034,
        "Lat": 52.2068
      },
      {
        "Brigade": "6",
        "Time": "2017-05-14 07:43:20",
        "Lines": "17",
        "Lon": 21.0042,
        "Lat": 52.2069
      },
      {
        "Brigade": "6",
        "Time": "2017-05-14 07:43:31",
        "Lines": "17",
        "Lon": 21.0042,
        "Lat": 52.2069
      },
      {
        "Brigade": "6",
        "Time": "2017-05-14 07:43:47",
        "Lines": "17",
        "Lon": 21.0049,
        "Lat": 52.2071
      },
      {
        "Brigade": "6",
        "Time": "2017-05-14 07:43:57",
        "Lines": "17",
        "Lon": 21.0068,
        "Lat": 52.2075
      },
      {
        "Brigade": "6",
        "Time": "2017-05-14 07:44:02",
        "Lines": "17",
        "Lon": 21.0076,
        "Lat": 52.2076
      },
      {
        "Brigade": "6",
        "Time": "2017-05-14 07:44:02",
        "Lines": "17",
        "Lon": 21.0076,
        "Lat": 52.2076
      },
      {
        "Brigade": "6",
        "Time": "2017-05-14 07:44:02",
        "Lines": "17",
        "Lon": 21.0076,
        "Lat": 52.2076
      },
      {
        "Brigade": "6",
        "Time": "2017-05-14 07:44:02",
        "Lines": "17",
        "Lon": 21.0076,
        "Lat": 52.2076
      },
      {
        "Brigade": "6",
        "Time": "2017-05-14 07:44:02",
        "Lines": "17",
        "Lon": 21.0076,
        "Lat": 52.2076
      },
      {
        "Brigade": "6",
        "Time": "2017-05-14 07:44:57",
        "Lines": "17",
        "Lon": 21.0081,
        "Lat": 52.2078
      },
      {
        "Brigade": "6",
        "Time": "2017-05-14 07:44:57",
        "Lines": "17",
        "Lon": 21.0081,
        "Lat": 52.2078
      },
      {
        "Brigade": "6",
        "Time": "2017-05-14 07:44:57",
        "Lines": "17",
        "Lon": 21.0081,
        "Lat": 52.2078
      },
      {
        "Brigade": "6",
        "Time": "2017-05-14 07:44:57",
        "Lines": "17",
        "Lon": 21.0081,
        "Lat": 52.2078
      },
      {
        "Brigade": "6",
        "Time": "2017-05-14 07:44:57",
        "Lines": "17",
        "Lon": 21.0081,
        "Lat": 52.2078
      },
      {
        "Brigade": "6",
        "Time": "2017-05-14 07:44:57",
        "Lines": "17",
        "Lon": 21.0081,
        "Lat": 52.2078
      },
      {
        "Brigade": "6",
        "Time": "2017-05-14 07:44:57",
        "Lines": "17",
        "Lon": 21.0081,
        "Lat": 52.2078
      },
      {
        "Brigade": "6",
        "Time": "2017-05-14 07:44:57",
        "Lines": "17",
        "Lon": 21.0081,
        "Lat": 52.2078
      },
      {
        "Brigade": "6",
        "Time": "2017-05-14 07:44:57",
        "Lines": "17",
        "Lon": 21.0081,
        "Lat": 52.2078
      },
      {
        "Brigade": "6",
        "Time": "2017-05-14 07:44:57",
        "Lines": "17",
        "Lon": 21.0081,
        "Lat": 52.2078
      },
      {
        "Brigade": "6",
        "Time": "2017-05-14 07:44:57",
        "Lines": "17",
        "Lon": 21.0081,
        "Lat": 52.2078
      },
      {
        "Brigade": "6",
        "Time": "2017-05-14 07:44:57",
        "Lines": "17",
        "Lon": 21.0081,
        "Lat": 52.2078
      },
      {
        "Brigade": "6",
        "Time": "2017-05-14 07:44:57",
        "Lines": "17",
        "Lon": 21.0081,
        "Lat": 52.2078
      },
      {
        "Brigade": "6",
        "Time": "2017-05-14 07:44:57",
        "Lines": "17",
        "Lon": 21.0081,
        "Lat": 52.2078
      },
      {
        "Brigade": "6",
        "Time": "2017-05-14 07:44:57",
        "Lines": "17",
        "Lon": 21.0081,
        "Lat": 52.2078
      },
      {
        "Brigade": "6",
        "Time": "2017-05-14 07:44:57",
        "Lines": "17",
        "Lon": 21.0081,
        "Lat": 52.2078
      },
      {
        "Brigade": "6",
        "Time": "2017-05-14 07:44:57",
        "Lines": "17",
        "Lon": 21.0081,
        "Lat": 52.2078
      },
      {
        "Brigade": "6",
        "Time": "2017-05-14 07:44:57",
        "Lines": "17",
        "Lon": 21.0081,
        "Lat": 52.2078
      },
      {
        "Brigade": "6",
        "Time": "2017-05-14 07:44:57",
        "Lines": "17",
        "Lon": 21.0081,
        "Lat": 52.2078
      },
      {
        "Brigade": "6",
        "Time": "2017-05-14 07:44:57",
        "Lines": "17",
        "Lon": 21.0081,
        "Lat": 52.2078
      },
      {
        "Brigade": "6",
        "Time": "2017-05-14 07:44:57",
        "Lines": "17",
        "Lon": 21.0081,
        "Lat": 52.2078
      },
      {
        "Brigade": "6",
        "Time": "2017-05-14 07:44:57",
        "Lines": "17",
        "Lon": 21.0081,
        "Lat": 52.2078
      },
      {
        "Brigade": "6",
        "Time": "2017-05-14 07:44:57",
        "Lines": "17",
        "Lon": 21.0081,
        "Lat": 52.2078
      },
      {
        "Brigade": "6",
        "Time": "2017-05-14 07:44:57",
        "Lines": "17",
        "Lon": 21.0081,
        "Lat": 52.2078
      },
      {
        "Brigade": "6",
        "Time": "2017-05-14 07:44:57",
        "Lines": "17",
        "Lon": 21.0081,
        "Lat": 52.2078
      },
      {
        "Brigade": "6",
        "Time": "2017-05-14 07:44:57",
        "Lines": "17",
        "Lon": 21.0081,
        "Lat": 52.2078
      },
      {
        "Brigade": "6",
        "Time": "2017-05-14 07:44:57",
        "Lines": "17",
        "Lon": 21.0081,
        "Lat": 52.2078
      },
      {
        "Brigade": "6",
        "Time": "2017-05-14 07:44:57",
        "Lines": "17",
        "Lon": 21.0081,
        "Lat": 52.2078
      },
      {
        "Brigade": "6",
        "Time": "2017-05-14 07:44:57",
        "Lines": "17",
        "Lon": 21.0081,
        "Lat": 52.2078
      },
      {
        "Brigade": "6",
        "Time": "2017-05-14 07:44:57",
        "Lines": "17",
        "Lon": 21.0081,
        "Lat": 52.2078
      },
      {
        "Brigade": "6",
        "Time": "2017-05-14 07:44:57",
        "Lines": "17",
        "Lon": 21.0081,
        "Lat": 52.2078
      },
      {
        "Brigade": "6",
        "Time": "2017-05-14 07:44:57",
        "Lines": "17",
        "Lon": 21.0081,
        "Lat": 52.2078
      },
      {
        "Brigade": "6",
        "Time": "2017-05-14 07:44:57",
        "Lines": "17",
        "Lon": 21.0081,
        "Lat": 52.2078
      },
      {
        "Brigade": "6",
        "Time": "2017-05-14 07:44:57",
        "Lines": "17",
        "Lon": 21.0081,
        "Lat": 52.2078
      },
      {
        "Brigade": "6",
        "Time": "2017-05-14 07:44:57",
        "Lines": "17",
        "Lon": 21.0081,
        "Lat": 52.2078
      },
      {
        "Brigade": "6",
        "Time": "2017-05-14 07:44:57",
        "Lines": "17",
        "Lon": 21.0081,
        "Lat": 52.2078
      },
      {
        "Brigade": "6",
        "Time": "2017-05-14 07:50:52",
        "Lines": "17",
        "Lon": 21.0023,
        "Lat": 52.2272
      },
      {
        "Brigade": "6",
        "Time": "2017-05-14 07:51:02",
        "Lines": "17",
        "Lon": 21.0021,
        "Lat": 52.2273
      },
      {
        "Brigade": "6",
        "Time": "2017-05-14 07:51:18",
        "Lines": "17",
        "Lon": 21.0021,
        "Lat": 52.2273
      },
      {
        "Brigade": "6",
        "Time": "2017-05-14 07:51:28",
        "Lines": "17",
        "Lon": 21.0018,
        "Lat": 52.2278
      },
      {
        "Brigade": "6",
        "Time": "2017-05-14 07:51:38",
        "Lines": "17",
        "Lon": 21.0015,
        "Lat": 52.2283
      },
      {
        "Brigade": "6",
        "Time": "2017-05-14 07:51:49",
        "Lines": "17",
        "Lon": 21.0012,
        "Lat": 52.2287
      },
      {
        "Brigade": "6",
        "Time": "2017-05-14 07:51:59",
        "Lines": "17",
        "Lon": 21.0012,
        "Lat": 52.2287
      },
      {
        "Brigade": "6",
        "Time": "2017-05-14 07:51:59",
        "Lines": "17",
        "Lon": 21.0012,
        "Lat": 52.2287
      },
      {
        "Brigade": "6",
        "Time": "2017-05-14 07:52:10",
        "Lines": "17",
        "Lon": 21.0012,
        "Lat": 52.2287
      },
      {
        "Brigade": "6",
        "Time": "2017-05-14 07:52:20",
        "Lines": "17",
        "Lon": 21.0011,
        "Lat": 52.2289
      },
      {
        "Brigade": "6",
        "Time": "2017-05-14 07:52:36",
        "Lines": "17",
        "Lon": 21,
        "Lat": 52.2305
      },
      {
        "Brigade": "6",
        "Time": "2017-05-14 07:52:43",
        "Lines": "17",
        "Lon": 20.9996,
        "Lat": 52.2311
      },
      {
        "Brigade": "6",
        "Time": "2017-05-14 07:52:53",
        "Lines": "17",
        "Lon": 20.9989,
        "Lat": 52.2322
      },
      {
        "Brigade": "6",
        "Time": "2017-05-14 07:53:08",
        "Lines": "17",
        "Lon": 20.9986,
        "Lat": 52.2326
      },
      {
        "Brigade": "6",
        "Time": "2017-05-14 07:53:18",
        "Lines": "17",
        "Lon": 20.9984,
        "Lat": 52.233
      },
      {
        "Brigade": "6",
        "Time": "2017-05-14 07:53:24",
        "Lines": "17",
        "Lon": 20.9982,
        "Lat": 52.2333
      },
      {
        "Brigade": "6",
        "Time": "2017-05-14 07:53:39",
        "Lines": "17",
        "Lon": 20.9979,
        "Lat": 52.234
      },
      {
        "Brigade": "6",
        "Time": "2017-05-14 07:53:39",
        "Lines": "17",
        "Lon": 20.9979,
        "Lat": 52.234
      },
      {
        "Brigade": "6",
        "Time": "2017-05-14 07:53:50",
        "Lines": "17",
        "Lon": 20.9979,
        "Lat": 52.2341
      },
      {
        "Brigade": "6",
        "Time": "2017-05-14 07:54:05",
        "Lines": "17",
        "Lon": 20.9978,
        "Lat": 52.2342
      },
      {
        "Brigade": "6",
        "Time": "2017-05-14 07:54:16",
        "Lines": "17",
        "Lon": 20.9975,
        "Lat": 52.2351
      },
      {
        "Brigade": "6",
        "Time": "2017-05-14 07:54:26",
        "Lines": "17",
        "Lon": 20.997,
        "Lat": 52.2364
      },
      {
        "Brigade": "6",
        "Time": "2017-05-14 07:54:37",
        "Lines": "17",
        "Lon": 20.9964,
        "Lat": 52.2377
      },
      {
        "Brigade": "6",
        "Time": "2017-05-14 07:54:47",
        "Lines": "17",
        "Lon": 20.996,
        "Lat": 52.2385
      },
      {
        "Brigade": "6",
        "Time": "2017-05-14 07:54:58",
        "Lines": "17",
        "Lon": 20.996,
        "Lat": 52.2386
      },
      {
        "Brigade": "6",
        "Time": "2017-05-14 07:55:08",
        "Lines": "17",
        "Lon": 20.996,
        "Lat": 52.2386
      },
      {
        "Brigade": "6",
        "Time": "2017-05-14 07:55:19",
        "Lines": "17",
        "Lon": 20.9958,
        "Lat": 52.2391
      },
      {
        "Brigade": "6",
        "Time": "2017-05-14 07:55:29",
        "Lines": "17",
        "Lon": 20.9951,
        "Lat": 52.2401
      },
      {
        "Brigade": "6",
        "Time": "2017-05-14 07:55:29",
        "Lines": "17",
        "Lon": 20.9951,
        "Lat": 52.2401
      },
      {
        "Brigade": "6",
        "Time": "2017-05-14 07:55:45",
        "Lines": "17",
        "Lon": 20.994,
        "Lat": 52.2414
      },
      {
        "Brigade": "6",
        "Time": "2017-05-14 07:55:45",
        "Lines": "17",
        "Lon": 20.994,
        "Lat": 52.2414
      },
      {
        "Brigade": "6",
        "Time": "2017-05-14 07:56:06",
        "Lines": "17",
        "Lon": 20.9939,
        "Lat": 52.2415
      },
      {
        "Brigade": "6",
        "Time": "2017-05-14 07:56:16",
        "Lines": "17",
        "Lon": 20.9939,
        "Lat": 52.2415
      },
      {
        "Brigade": "6",
        "Time": "2017-05-14 07:56:27",
        "Lines": "17",
        "Lon": 20.9939,
        "Lat": 52.2415
      },
      {
        "Brigade": "6",
        "Time": "2017-05-14 07:56:37",
        "Lines": "17",
        "Lon": 20.9939,
        "Lat": 52.2415
      },
      {
        "Brigade": "6",
        "Time": "2017-05-14 07:56:48",
        "Lines": "17",
        "Lon": 20.9937,
        "Lat": 52.2417
      },
      {
        "Brigade": "6",
        "Time": "2017-05-14 07:56:58",
        "Lines": "17",
        "Lon": 20.9934,
        "Lat": 52.2421
      },
      {
        "Brigade": "6",
        "Time": "2017-05-14 07:57:09",
        "Lines": "17",
        "Lon": 20.993,
        "Lat": 52.2425
      },
      {
        "Brigade": "6",
        "Time": "2017-05-14 07:57:19",
        "Lines": "17",
        "Lon": 20.9923,
        "Lat": 52.2434
      },
      {
        "Brigade": "6",
        "Time": "2017-05-14 07:57:19",
        "Lines": "17",
        "Lon": 20.9923,
        "Lat": 52.2434
      },
      {
        "Brigade": "6",
        "Time": "2017-05-14 07:57:32",
        "Lines": "17",
        "Lon": 20.9915,
        "Lat": 52.2443
      },
      {
        "Brigade": "6",
        "Time": "2017-05-14 07:57:40",
        "Lines": "17",
        "Lon": 20.9913,
        "Lat": 52.2445
      },
      {
        "Brigade": "6",
        "Time": "2017-05-14 07:57:51",
        "Lines": "17",
        "Lon": 20.9913,
        "Lat": 52.2445
      },
      {
        "Brigade": "6",
        "Time": "2017-05-14 07:58:01",
        "Lines": "17",
        "Lon": 20.9913,
        "Lat": 52.2445
      },
      {
        "Brigade": "6",
        "Time": "2017-05-14 07:58:17",
        "Lines": "17",
        "Lon": 20.9909,
        "Lat": 52.245
      },
      {
        "Brigade": "6",
        "Time": "2017-05-14 07:58:27",
        "Lines": "17",
        "Lon": 20.9899,
        "Lat": 52.2461
      },
      {
        "Brigade": "6",
        "Time": "2017-05-14 07:58:38",
        "Lines": "17",
        "Lon": 20.9892,
        "Lat": 52.247
      },
      {
        "Brigade": "6",
        "Time": "2017-05-14 07:58:48",
        "Lines": "17",
        "Lon": 20.989,
        "Lat": 52.2472
      },
      {
        "Brigade": "6",
        "Time": "2017-05-14 07:58:59",
        "Lines": "17",
        "Lon": 20.989,
        "Lat": 52.2472
      },
      {
        "Brigade": "6",
        "Time": "2017-05-14 07:59:10",
        "Lines": "17",
        "Lon": 20.989,
        "Lat": 52.2472
      },
      {
        "Brigade": "6",
        "Time": "2017-05-14 07:59:10",
        "Lines": "17",
        "Lon": 20.989,
        "Lat": 52.2472
      },
      {
        "Brigade": "6",
        "Time": "2017-05-14 07:59:20",
        "Lines": "17",
        "Lon": 20.989,
        "Lat": 52.2472
      },
      {
        "Brigade": "6",
        "Time": "2017-05-14 07:59:30",
        "Lines": "17",
        "Lon": 20.989,
        "Lat": 52.2472
      },
      {
        "Brigade": "6",
        "Time": "2017-05-14 07:59:46",
        "Lines": "17",
        "Lon": 20.9882,
        "Lat": 52.2481
      },
      {
        "Brigade": "6",
        "Time": "2017-05-14 07:59:57",
        "Lines": "17",
        "Lon": 20.9871,
        "Lat": 52.2493
      },
      {
        "Brigade": "6",
        "Time": "2017-05-14 08:00:02",
        "Lines": "17",
        "Lon": 20.9866,
        "Lat": 52.25
      },
      {
        "Brigade": "6",
        "Time": "2017-05-14 08:00:19",
        "Lines": "17",
        "Lon": 20.986,
        "Lat": 52.2506
      },
      {
        "Brigade": "6",
        "Time": "2017-05-14 08:00:28",
        "Lines": "17",
        "Lon": 20.9859,
        "Lat": 52.2507
      },
      {
        "Brigade": "6",
        "Time": "2017-05-14 08:00:39",
        "Lines": "17",
        "Lon": 20.9859,
        "Lat": 52.2507
      },
      {
        "Brigade": "6",
        "Time": "2017-05-14 08:00:49",
        "Lines": "17",
        "Lon": 20.9856,
        "Lat": 52.2511
      },
      {
        "Brigade": "6",
        "Time": "2017-05-14 08:01:00",
        "Lines": "17",
        "Lon": 20.9852,
        "Lat": 52.2516
      },
      {
        "Brigade": "6",
        "Time": "2017-05-14 08:01:00",
        "Lines": "17",
        "Lon": 20.9852,
        "Lat": 52.2516
      },
      {
        "Brigade": "6",
        "Time": "2017-05-14 08:01:10",
        "Lines": "17",
        "Lon": 20.9845,
        "Lat": 52.2524
      },
      {
        "Brigade": "6",
        "Time": "2017-05-14 08:01:23",
        "Lines": "17",
        "Lon": 20.9838,
        "Lat": 52.2532
      },
      {
        "Brigade": "6",
        "Time": "2017-05-14 08:01:31",
        "Lines": "17",
        "Lon": 20.9837,
        "Lat": 52.2533
      },
      {
        "Brigade": "6",
        "Time": "2017-05-14 08:01:42",
        "Lines": "17",
        "Lon": 20.9835,
        "Lat": 52.2535
      },
      {
        "Brigade": "6",
        "Time": "2017-05-14 08:01:53",
        "Lines": "17",
        "Lon": 20.983,
        "Lat": 52.2541
      },
      {
        "Brigade": "6",
        "Time": "2017-05-14 08:02:08",
        "Lines": "17",
        "Lon": 20.983,
        "Lat": 52.2541
      },
      {
        "Brigade": "6",
        "Time": "2017-05-14 08:02:20",
        "Lines": "17",
        "Lon": 20.983,
        "Lat": 52.2541
      },
      {
        "Brigade": "6",
        "Time": "2017-05-14 08:02:29",
        "Lines": "17",
        "Lon": 20.9828,
        "Lat": 52.2543
      },
      {
        "Brigade": "6",
        "Time": "2017-05-14 08:02:39",
        "Lines": "17",
        "Lon": 20.9825,
        "Lat": 52.2547
      },
      {
        "Brigade": "6",
        "Time": "2017-05-14 08:02:50",
        "Lines": "17",
        "Lon": 20.9824,
        "Lat": 52.255
      },
      {
        "Brigade": "6",
        "Time": "2017-05-14 08:02:50",
        "Lines": "17",
        "Lon": 20.9824,
        "Lat": 52.255
      },
      {
        "Brigade": "6",
        "Time": "2017-05-14 08:03:00",
        "Lines": "17",
        "Lon": 20.9823,
        "Lat": 52.2551
      },
      {
        "Brigade": "6",
        "Time": "2017-05-14 08:03:11",
        "Lines": "17",
        "Lon": 20.9821,
        "Lat": 52.2554
      },
      {
        "Brigade": "6",
        "Time": "2017-05-14 08:03:26",
        "Lines": "17",
        "Lon": 20.982,
        "Lat": 52.2559
      },
      {
        "Brigade": "6",
        "Time": "2017-05-14 08:03:37",
        "Lines": "17",
        "Lon": 20.982,
        "Lat": 52.2559
      },
      {
        "Brigade": "6",
        "Time": "2017-05-14 08:03:47",
        "Lines": "17",
        "Lon": 20.9818,
        "Lat": 52.2563
      },
      {
        "Brigade": "6",
        "Time": "2017-05-14 08:03:53",
        "Lines": "17",
        "Lon": 20.9816,
        "Lat": 52.2567
      },
      {
        "Brigade": "6",
        "Time": "2017-05-14 08:04:08",
        "Lines": "17",
        "Lon": 20.9811,
        "Lat": 52.2587
      },
      {
        "Brigade": "6",
        "Time": "2017-05-14 08:04:19",
        "Lines": "17",
        "Lon": 20.9808,
        "Lat": 52.2599
      },
      {
        "Brigade": "6",
        "Time": "2017-05-14 08:04:30",
        "Lines": "17",
        "Lon": 20.9806,
        "Lat": 52.2611
      },
      {
        "Brigade": "6",
        "Time": "2017-05-14 08:04:40",
        "Lines": "17",
        "Lon": 20.9802,
        "Lat": 52.2618
      },
      {
        "Brigade": "6",
        "Time": "2017-05-14 08:04:40",
        "Lines": "17",
        "Lon": 20.9802,
        "Lat": 52.2618
      },
      {
        "Brigade": "6",
        "Time": "2017-05-14 08:04:51",
        "Lines": "17",
        "Lon": 20.9799,
        "Lat": 52.2622
      },
      {
        "Brigade": "6",
        "Time": "2017-05-14 08:05:01",
        "Lines": "17",
        "Lon": 20.9795,
        "Lat": 52.2628
      },
      {
        "Brigade": "6",
        "Time": "2017-05-14 08:05:17",
        "Lines": "17",
        "Lon": 20.9791,
        "Lat": 52.2633
      },
      {
        "Brigade": "6",
        "Time": "2017-05-14 08:05:27",
        "Lines": "17",
        "Lon": 20.9791,
        "Lat": 52.2633
      },
      {
        "Brigade": "6",
        "Time": "2017-05-14 08:05:38",
        "Lines": "17",
        "Lon": 20.9787,
        "Lat": 52.2639
      },
      {
        "Brigade": "6",
        "Time": "2017-05-14 08:05:48",
        "Lines": "17",
        "Lon": 20.978,
        "Lat": 52.265
      },
      {
        "Brigade": "6",
        "Time": "2017-05-14 08:05:53",
        "Lines": "17",
        "Lon": 20.9776,
        "Lat": 52.2656
      },
      {
        "Brigade": "6",
        "Time": "2017-05-14 08:06:09",
        "Lines": "17",
        "Lon": 20.9774,
        "Lat": 52.266
      },
      {
        "Brigade": "6",
        "Time": "2017-05-14 08:06:20",
        "Lines": "17",
        "Lon": 20.9773,
        "Lat": 52.266
      },
      {
        "Brigade": "6",
        "Time": "2017-05-14 08:06:30",
        "Lines": "17",
        "Lon": 20.9768,
        "Lat": 52.2668
      },
      {
        "Brigade": "6",
        "Time": "2017-05-14 08:06:30",
        "Lines": "17",
        "Lon": 20.9768,
        "Lat": 52.2668
      },
      {
        "Brigade": "6",
        "Time": "2017-05-14 08:06:41",
        "Lines": "17",
        "Lon": 20.9759,
        "Lat": 52.2681
      },
      {
        "Brigade": "6",
        "Time": "2017-05-14 08:06:51",
        "Lines": "17",
        "Lon": 20.9751,
        "Lat": 52.2694
      },
      {
        "Brigade": "6",
        "Time": "2017-05-14 08:07:02",
        "Lines": "17",
        "Lon": 20.9743,
        "Lat": 52.2707
      },
      {
        "Brigade": "6",
        "Time": "2017-05-14 08:07:12",
        "Lines": "17",
        "Lon": 20.974,
        "Lat": 52.2711
      },
      {
        "Brigade": "6",
        "Time": "2017-05-14 08:07:28",
        "Lines": "17",
        "Lon": 20.974,
        "Lat": 52.2711
      },
      {
        "Brigade": "6",
        "Time": "2017-05-14 08:07:38",
        "Lines": "17",
        "Lon": 20.974,
        "Lat": 52.2711
      },
      {
        "Brigade": "6",
        "Time": "2017-05-14 08:07:49",
        "Lines": "17",
        "Lon": 20.9737,
        "Lat": 52.2716
      },
      {
        "Brigade": "6",
        "Time": "2017-05-14 08:08:00",
        "Lines": "17",
        "Lon": 20.9731,
        "Lat": 52.2719
      },
      {
        "Brigade": "6",
        "Time": "2017-05-14 08:08:05",
        "Lines": "17",
        "Lon": 20.9728,
        "Lat": 52.272
      },
      {
        "Brigade": "6",
        "Time": "2017-05-14 08:08:21",
        "Lines": "17",
        "Lon": 20.9726,
        "Lat": 52.272
      },
      {
        "Brigade": "6",
        "Time": "2017-05-14 08:08:21",
        "Lines": "17",
        "Lon": 20.9726,
        "Lat": 52.272
      },
      {
        "Brigade": "6",
        "Time": "2017-05-14 08:08:31",
        "Lines": "17",
        "Lon": 20.9726,
        "Lat": 52.272
      },
      {
        "Brigade": "6",
        "Time": "2017-05-14 08:08:41",
        "Lines": "17",
        "Lon": 20.9721,
        "Lat": 52.2721
      },
      {
        "Brigade": "6",
        "Time": "2017-05-14 08:08:52",
        "Lines": "17",
        "Lon": 20.9715,
        "Lat": 52.2722
      },
      {
        "Brigade": "6",
        "Time": "2017-05-14 08:09:02",
        "Lines": "17",
        "Lon": 20.9708,
        "Lat": 52.2723
      },
      {
        "Brigade": "6",
        "Time": "2017-05-14 08:09:18",
        "Lines": "17",
        "Lon": 20.969,
        "Lat": 52.2729
      },
      {
        "Brigade": "6",
        "Time": "2017-05-14 08:09:28",
        "Lines": "17",
        "Lon": 20.9676,
        "Lat": 52.2734
      },
      {
        "Brigade": "6",
        "Time": "2017-05-14 08:09:39",
        "Lines": "17",
        "Lon": 20.9671,
        "Lat": 52.2736
      },
      {
        "Brigade": "6",
        "Time": "2017-05-14 08:09:49",
        "Lines": "17",
        "Lon": 20.9671,
        "Lat": 52.2736
      },
      {
        "Brigade": "6",
        "Time": "2017-05-14 08:10:00",
        "Lines": "17",
        "Lon": 20.9667,
        "Lat": 52.2738
      },
      {
        "Brigade": "6",
        "Time": "2017-05-14 08:10:00",
        "Lines": "17",
        "Lon": 20.9667,
        "Lat": 52.2738
      },
      {
        "Brigade": "6",
        "Time": "2017-05-14 08:10:10",
        "Lines": "17",
        "Lon": 20.9654,
        "Lat": 52.2746
      },
      {
        "Brigade": "6",
        "Time": "2017-05-14 08:10:21",
        "Lines": "17",
        "Lon": 20.9643,
        "Lat": 52.2754
      },
      {
        "Brigade": "6",
        "Time": "2017-05-14 08:10:36",
        "Lines": "17",
        "Lon": 20.9641,
        "Lat": 52.2755
      },
      {
        "Brigade": "6",
        "Time": "2017-05-14 08:10:47",
        "Lines": "17",
        "Lon": 20.964,
        "Lat": 52.2756
      },
      {
        "Brigade": "6",
        "Time": "2017-05-14 08:10:57",
        "Lines": "17",
        "Lon": 20.963,
        "Lat": 52.2764
      },
      {
        "Brigade": "6",
        "Time": "2017-05-14 08:11:08",
        "Lines": "17",
        "Lon": 20.962,
        "Lat": 52.2774
      },
      {
        "Brigade": "6",
        "Time": "2017-05-14 08:11:18",
        "Lines": "17",
        "Lon": 20.9609,
        "Lat": 52.2786
      },
      {
        "Brigade": "6",
        "Time": "2017-05-14 08:11:29",
        "Lines": "17",
        "Lon": 20.9597,
        "Lat": 52.2798
      },
      {
        "Brigade": "6",
        "Time": "2017-05-14 08:11:39",
        "Lines": "17",
        "Lon": 20.9589,
        "Lat": 52.2807
      },
      {
        "Brigade": "6",
        "Time": "2017-05-14 08:11:39",
        "Lines": "17",
        "Lon": 20.9589,
        "Lat": 52.2807
      },
      {
        "Brigade": "6",
        "Time": "2017-05-14 08:11:39",
        "Lines": "17",
        "Lon": 20.9589,
        "Lat": 52.2807
      },
      {
        "Brigade": "6",
        "Time": "2017-05-14 08:12:01",
        "Lines": "17",
        "Lon": 20.9588,
        "Lat": 52.2808
      },
      {
        "Brigade": "6",
        "Time": "2017-05-14 08:12:11",
        "Lines": "17",
        "Lon": 20.9582,
        "Lat": 52.2814
      },
      {
        "Brigade": "6",
        "Time": "2017-05-14 08:12:21",
        "Lines": "17",
        "Lon": 20.9571,
        "Lat": 52.2826
      },
      {
        "Brigade": "6",
        "Time": "2017-05-14 08:12:37",
        "Lines": "17",
        "Lon": 20.9561,
        "Lat": 52.2837
      },
      {
        "Brigade": "6",
        "Time": "2017-05-14 08:12:48",
        "Lines": "17",
        "Lon": 20.9561,
        "Lat": 52.2837
      },
      {
        "Brigade": "6",
        "Time": "2017-05-14 08:12:58",
        "Lines": "17",
        "Lon": 20.9561,
        "Lat": 52.2837
      },
      {
        "Brigade": "6",
        "Time": "2017-05-14 08:13:09",
        "Lines": "17",
        "Lon": 20.9555,
        "Lat": 52.2842
      },
      {
        "Brigade": "6",
        "Time": "2017-05-14 08:13:19",
        "Lines": "17",
        "Lon": 20.955,
        "Lat": 52.2849
      },
      {
        "Brigade": "6",
        "Time": "2017-05-14 08:13:30",
        "Lines": "17",
        "Lon": 20.9546,
        "Lat": 52.2854
      },
      {
        "Brigade": "6",
        "Time": "2017-05-14 08:13:40",
        "Lines": "17",
        "Lon": 20.9542,
        "Lat": 52.2859
      },
      {
        "Brigade": "6",
        "Time": "2017-05-14 08:13:40",
        "Lines": "17",
        "Lon": 20.9542,
        "Lat": 52.2859
      },
      {
        "Brigade": "6",
        "Time": "2017-05-14 08:13:51",
        "Lines": "17",
        "Lon": 20.9535,
        "Lat": 52.2866
      },
      {
        "Brigade": "6",
        "Time": "2017-05-14 08:14:01",
        "Lines": "17",
        "Lon": 20.9527,
        "Lat": 52.2875
      },
      {
        "Brigade": "6",
        "Time": "2017-05-14 08:14:12",
        "Lines": "17",
        "Lon": 20.9524,
        "Lat": 52.2877
      },
      {
        "Brigade": "6",
        "Time": "2017-05-14 08:14:22",
        "Lines": "17",
        "Lon": 20.9524,
        "Lat": 52.2877
      },
      {
        "Brigade": "6",
        "Time": "2017-05-14 08:14:38",
        "Lines": "17",
        "Lon": 20.9514,
        "Lat": 52.2889
      },
      {
        "Brigade": "6",
        "Time": "2017-05-14 08:14:49",
        "Lines": "17",
        "Lon": 20.9504,
        "Lat": 52.2898
      },
      {
        "Brigade": "6",
        "Time": "2017-05-14 08:14:59",
        "Lines": "17",
        "Lon": 20.9499,
        "Lat": 52.2904
      },
      {
        "Brigade": "6",
        "Time": "2017-05-14 08:15:10",
        "Lines": "17",
        "Lon": 20.9498,
        "Lat": 52.2904
      },
      {
        "Brigade": "6",
        "Time": "2017-05-14 08:15:20",
        "Lines": "17",
        "Lon": 20.9498,
        "Lat": 52.2904
      },
      {
        "Brigade": "6",
        "Time": "2017-05-14 08:15:20",
        "Lines": "17",
        "Lon": 20.9498,
        "Lat": 52.2904
      },
      {
        "Brigade": "6",
        "Time": "2017-05-14 08:15:31",
        "Lines": "17",
        "Lon": 20.9492,
        "Lat": 52.291
      },
      {
        "Brigade": "6",
        "Time": "2017-05-14 08:15:42",
        "Lines": "17",
        "Lon": 20.948,
        "Lat": 52.2923
      },
      {
        "Brigade": "6",
        "Time": "2017-05-14 08:15:42",
        "Lines": "17",
        "Lon": 20.948,
        "Lat": 52.2923
      },
      {
        "Brigade": "6",
        "Time": "2017-05-14 08:16:06",
        "Lines": "17",
        "Lon": 20.9458,
        "Lat": 52.2946
      },
      {
        "Brigade": "6",
        "Time": "2017-05-14 08:16:06",
        "Lines": "17",
        "Lon": 20.9458,
        "Lat": 52.2946
      },
      {
        "Brigade": "6",
        "Time": "2017-05-14 08:16:28",
        "Lines": "17",
        "Lon": 20.9449,
        "Lat": 52.2957
      },
      {
        "Brigade": "6",
        "Time": "2017-05-14 08:16:38",
        "Lines": "17",
        "Lon": 20.9446,
        "Lat": 52.2959
      },
      {
        "Brigade": "6",
        "Time": "2017-05-14 08:16:44",
        "Lines": "17",
        "Lon": 20.9442,
        "Lat": 52.2964
      },
      {
        "Brigade": "6",
        "Time": "2017-05-14 08:16:54",
        "Lines": "17",
        "Lon": 20.9437,
        "Lat": 52.2969
      },
      {
        "Brigade": "6",
        "Time": "2017-05-14 08:17:10",
        "Lines": "17",
        "Lon": 20.9429,
        "Lat": 52.2978
      },
      {
        "Brigade": "6",
        "Time": "2017-05-14 08:17:10",
        "Lines": "17",
        "Lon": 20.9429,
        "Lat": 52.2978
      },
      {
        "Brigade": "6",
        "Time": "2017-05-14 08:17:20",
        "Lines": "17",
        "Lon": 20.9429,
        "Lat": 52.2978
      },
      {
        "Brigade": "6",
        "Time": "2017-05-14 08:17:32",
        "Lines": "17",
        "Lon": 20.9424,
        "Lat": 52.2983
      },
      {
        "Brigade": "6",
        "Time": "2017-05-14 08:17:32",
        "Lines": "17",
        "Lon": 20.9424,
        "Lat": 52.2983
      }
    ]
  }
]
