[
  {
    "res": [
      {
        "Brigade": "17",
        "Time": "2017-05-14 04:38:07",
        "Lines": "18",
        "Lon": 21.0093,
        "Lat": 52.1889
      },
      {
        "Brigade": "17",
        "Time": "2017-05-14 04:38:18",
        "Lines": "18",
        "Lon": 21.0105,
        "Lat": 52.1889
      },
      {
        "Brigade": "17",
        "Time": "2017-05-14 04:38:28",
        "Lines": "18",
        "Lon": 21.0115,
        "Lat": 52.1889
      },
      {
        "Brigade": "17",
        "Time": "2017-05-14 04:38:28",
        "Lines": "18",
        "Lon": 21.0115,
        "Lat": 52.1889
      },
      {
        "Brigade": "17",
        "Time": "2017-05-14 04:38:38",
        "Lines": "18",
        "Lon": 21.0115,
        "Lat": 52.1889
      },
      {
        "Brigade": "17",
        "Time": "2017-05-14 04:38:54",
        "Lines": "18",
        "Lon": 21.0115,
        "Lat": 52.1889
      },
      {
        "Brigade": "17",
        "Time": "2017-05-14 04:39:05",
        "Lines": "18",
        "Lon": 21.0115,
        "Lat": 52.1889
      },
      {
        "Brigade": "17",
        "Time": "2017-05-14 04:39:15",
        "Lines": "18",
        "Lon": 21.0118,
        "Lat": 52.1889
      },
      {
        "Brigade": "17",
        "Time": "2017-05-14 04:39:26",
        "Lines": "18",
        "Lon": 21.0136,
        "Lat": 52.1889
      },
      {
        "Brigade": "17",
        "Time": "2017-05-14 04:39:31",
        "Lines": "18",
        "Lon": 21.0146,
        "Lat": 52.1889
      },
      {
        "Brigade": "17",
        "Time": "2017-05-14 04:39:48",
        "Lines": "18",
        "Lon": 21.0165,
        "Lat": 52.189
      },
      {
        "Brigade": "17",
        "Time": "2017-05-14 04:39:57",
        "Lines": "18",
        "Lon": 21.0165,
        "Lat": 52.189
      },
      {
        "Brigade": "17",
        "Time": "2017-05-14 04:40:07",
        "Lines": "18",
        "Lon": 21.0165,
        "Lat": 52.189
      },
      {
        "Brigade": "17",
        "Time": "2017-05-14 04:40:23",
        "Lines": "18",
        "Lon": 21.0165,
        "Lat": 52.189
      },
      {
        "Brigade": "17",
        "Time": "2017-05-14 04:40:23",
        "Lines": "18",
        "Lon": 21.0165,
        "Lat": 52.189
      },
      {
        "Brigade": "17",
        "Time": "2017-05-14 04:40:34",
        "Lines": "18",
        "Lon": 21.0165,
        "Lat": 52.189
      },
      {
        "Brigade": "17",
        "Time": "2017-05-14 04:40:44",
        "Lines": "18",
        "Lon": 21.0166,
        "Lat": 52.189
      },
      {
        "Brigade": "17",
        "Time": "2017-05-14 04:40:55",
        "Lines": "18",
        "Lon": 21.0179,
        "Lat": 52.1891
      },
      {
        "Brigade": "17",
        "Time": "2017-05-14 04:41:05",
        "Lines": "18",
        "Lon": 21.0192,
        "Lat": 52.1892
      },
      {
        "Brigade": "17",
        "Time": "2017-05-14 04:41:17",
        "Lines": "18",
        "Lon": 21.0205,
        "Lat": 52.1894
      },
      {
        "Brigade": "17",
        "Time": "2017-05-14 04:41:26",
        "Lines": "18",
        "Lon": 21.0216,
        "Lat": 52.1896
      },
      {
        "Brigade": "17",
        "Time": "2017-05-14 04:41:37",
        "Lines": "18",
        "Lon": 21.0226,
        "Lat": 52.1897
      },
      {
        "Brigade": "17",
        "Time": "2017-05-14 04:41:47",
        "Lines": "18",
        "Lon": 21.0234,
        "Lat": 52.1898
      },
      {
        "Brigade": "17",
        "Time": "2017-05-14 04:41:52",
        "Lines": "18",
        "Lon": 21.0234,
        "Lat": 52.1898
      },
      {
        "Brigade": "17",
        "Time": "2017-05-14 04:42:09",
        "Lines": "18",
        "Lon": 21.0234,
        "Lat": 52.1898
      },
      {
        "Brigade": "17",
        "Time": "2017-05-14 04:42:09",
        "Lines": "18",
        "Lon": 21.0234,
        "Lat": 52.1898
      },
      {
        "Brigade": "17",
        "Time": "2017-05-14 04:42:24",
        "Lines": "18",
        "Lon": 21.0234,
        "Lat": 52.1898
      },
      {
        "Brigade": "17",
        "Time": "2017-05-14 04:42:34",
        "Lines": "18",
        "Lon": 21.0237,
        "Lat": 52.1898
      },
      {
        "Brigade": "17",
        "Time": "2017-05-14 04:42:40",
        "Lines": "18",
        "Lon": 21.0239,
        "Lat": 52.1898
      },
      {
        "Brigade": "17",
        "Time": "2017-05-14 04:42:52",
        "Lines": "18",
        "Lon": 21.0239,
        "Lat": 52.1898
      },
      {
        "Brigade": "17",
        "Time": "2017-05-14 04:42:52",
        "Lines": "18",
        "Lon": 21.0239,
        "Lat": 52.1898
      },
      {
        "Brigade": "17",
        "Time": "2017-05-14 04:43:16",
        "Lines": "18",
        "Lon": 21.0239,
        "Lat": 52.1898
      },
      {
        "Brigade": "17",
        "Time": "2017-05-14 04:43:27",
        "Lines": "18",
        "Lon": 21.0239,
        "Lat": 52.1898
      },
      {
        "Brigade": "17",
        "Time": "2017-05-14 04:43:37",
        "Lines": "18",
        "Lon": 21.0239,
        "Lat": 52.1898
      },
      {
        "Brigade": "17",
        "Time": "2017-05-14 04:43:48",
        "Lines": "18",
        "Lon": 21.0239,
        "Lat": 52.1898
      },
      {
        "Brigade": "17",
        "Time": "2017-05-14 04:43:48",
        "Lines": "18",
        "Lon": 21.0239,
        "Lat": 52.1898
      },
      {
        "Brigade": "17",
        "Time": "2017-05-14 04:43:48",
        "Lines": "18",
        "Lon": 21.0239,
        "Lat": 52.1898
      },
      {
        "Brigade": "17",
        "Time": "2017-05-14 04:44:14",
        "Lines": "18",
        "Lon": 21.0245,
        "Lat": 52.1906
      },
      {
        "Brigade": "17",
        "Time": "2017-05-14 04:44:24",
        "Lines": "18",
        "Lon": 21.0245,
        "Lat": 52.1907
      },
      {
        "Brigade": "17",
        "Time": "2017-05-14 04:44:35",
        "Lines": "18",
        "Lon": 21.0245,
        "Lat": 52.1908
      },
      {
        "Brigade": "17",
        "Time": "2017-05-14 04:44:46",
        "Lines": "18",
        "Lon": 21.0245,
        "Lat": 52.1915
      },
      {
        "Brigade": "17",
        "Time": "2017-05-14 04:44:56",
        "Lines": "18",
        "Lon": 21.0244,
        "Lat": 52.1929
      },
      {
        "Brigade": "17",
        "Time": "2017-05-14 04:45:07",
        "Lines": "18",
        "Lon": 21.0243,
        "Lat": 52.1941
      },
      {
        "Brigade": "17",
        "Time": "2017-05-14 04:45:17",
        "Lines": "18",
        "Lon": 21.0243,
        "Lat": 52.1945
      },
      {
        "Brigade": "17",
        "Time": "2017-05-14 04:45:27",
        "Lines": "18",
        "Lon": 21.0243,
        "Lat": 52.1952
      },
      {
        "Brigade": "17",
        "Time": "2017-05-14 04:45:43",
        "Lines": "18",
        "Lon": 21.0242,
        "Lat": 52.1969
      },
      {
        "Brigade": "17",
        "Time": "2017-05-14 04:45:43",
        "Lines": "18",
        "Lon": 21.0242,
        "Lat": 52.1969
      },
      {
        "Brigade": "17",
        "Time": "2017-05-14 04:45:48",
        "Lines": "18",
        "Lon": 21.0242,
        "Lat": 52.1971
      },
      {
        "Brigade": "17",
        "Time": "2017-05-14 04:46:04",
        "Lines": "18",
        "Lon": 21.0241,
        "Lat": 52.1979
      },
      {
        "Brigade": "17",
        "Time": "2017-05-14 04:46:04",
        "Lines": "18",
        "Lon": 21.0241,
        "Lat": 52.1979
      },
      {
        "Brigade": "17",
        "Time": "2017-05-14 04:46:25",
        "Lines": "18",
        "Lon": 21.0238,
        "Lat": 52.2004
      },
      {
        "Brigade": "17",
        "Time": "2017-05-14 04:46:36",
        "Lines": "18",
        "Lon": 21.0236,
        "Lat": 52.2015
      },
      {
        "Brigade": "17",
        "Time": "2017-05-14 04:46:47",
        "Lines": "18",
        "Lon": 21.0235,
        "Lat": 52.2026
      },
      {
        "Brigade": "17",
        "Time": "2017-05-14 04:46:57",
        "Lines": "18",
        "Lon": 21.0235,
        "Lat": 52.2027
      },
      {
        "Brigade": "17",
        "Time": "2017-05-14 04:47:07",
        "Lines": "18",
        "Lon": 21.0234,
        "Lat": 52.2027
      },
      {
        "Brigade": "17",
        "Time": "2017-05-14 04:47:23",
        "Lines": "18",
        "Lon": 21.0231,
        "Lat": 52.2043
      },
      {
        "Brigade": "17",
        "Time": "2017-05-14 04:47:28",
        "Lines": "18",
        "Lon": 21.023,
        "Lat": 52.2049
      },
      {
        "Brigade": "17",
        "Time": "2017-05-14 04:47:28",
        "Lines": "18",
        "Lon": 21.023,
        "Lat": 52.2049
      },
      {
        "Brigade": "17",
        "Time": "2017-05-14 04:47:41",
        "Lines": "18",
        "Lon": 21.0229,
        "Lat": 52.2053
      },
      {
        "Brigade": "17",
        "Time": "2017-05-14 04:47:54",
        "Lines": "18",
        "Lon": 21.0229,
        "Lat": 52.2055
      },
      {
        "Brigade": "17",
        "Time": "2017-05-14 04:48:00",
        "Lines": "18",
        "Lon": 21.0227,
        "Lat": 52.206
      },
      {
        "Brigade": "17",
        "Time": "2017-05-14 04:48:16",
        "Lines": "18",
        "Lon": 21.0222,
        "Lat": 52.2074
      },
      {
        "Brigade": "17",
        "Time": "2017-05-14 04:48:29",
        "Lines": "18",
        "Lon": 21.0218,
        "Lat": 52.2084
      },
      {
        "Brigade": "17",
        "Time": "2017-05-14 04:48:36",
        "Lines": "18",
        "Lon": 21.0215,
        "Lat": 52.2093
      },
      {
        "Brigade": "17",
        "Time": "2017-05-14 04:48:47",
        "Lines": "18",
        "Lon": 21.0213,
        "Lat": 52.2096
      },
      {
        "Brigade": "17",
        "Time": "2017-05-14 04:48:57",
        "Lines": "18",
        "Lon": 21.0213,
        "Lat": 52.2096
      },
      {
        "Brigade": "17",
        "Time": "2017-05-14 04:49:08",
        "Lines": "18",
        "Lon": 21.0213,
        "Lat": 52.2096
      },
      {
        "Brigade": "17",
        "Time": "2017-05-14 04:49:18",
        "Lines": "18",
        "Lon": 21.0213,
        "Lat": 52.2096
      },
      {
        "Brigade": "17",
        "Time": "2017-05-14 04:49:18",
        "Lines": "18",
        "Lon": 21.0213,
        "Lat": 52.2096
      },
      {
        "Brigade": "17",
        "Time": "2017-05-14 04:49:34",
        "Lines": "18",
        "Lon": 21.0213,
        "Lat": 52.2096
      },
      {
        "Brigade": "17",
        "Time": "2017-05-14 04:49:44",
        "Lines": "18",
        "Lon": 21.0213,
        "Lat": 52.2096
      },
      {
        "Brigade": "17",
        "Time": "2017-05-14 04:49:55",
        "Lines": "18",
        "Lon": 21.0211,
        "Lat": 52.2101
      },
      {
        "Brigade": "17",
        "Time": "2017-05-14 04:50:05",
        "Lines": "18",
        "Lon": 21.0208,
        "Lat": 52.2106
      },
      {
        "Brigade": "17",
        "Time": "2017-05-14 04:50:16",
        "Lines": "18",
        "Lon": 21.0208,
        "Lat": 52.2107
      },
      {
        "Brigade": "17",
        "Time": "2017-05-14 04:50:26",
        "Lines": "18",
        "Lon": 21.0208,
        "Lat": 52.2107
      },
      {
        "Brigade": "17",
        "Time": "2017-05-14 04:50:42",
        "Lines": "18",
        "Lon": 21.0205,
        "Lat": 52.2116
      },
      {
        "Brigade": "17",
        "Time": "2017-05-14 04:50:52",
        "Lines": "18",
        "Lon": 21.021,
        "Lat": 52.2126
      },
      {
        "Brigade": "17",
        "Time": "2017-05-14 04:50:52",
        "Lines": "18",
        "Lon": 21.021,
        "Lat": 52.2126
      },
      {
        "Brigade": "17",
        "Time": "2017-05-14 04:51:03",
        "Lines": "18",
        "Lon": 21.0215,
        "Lat": 52.2137
      },
      {
        "Brigade": "17",
        "Time": "2017-05-14 04:51:14",
        "Lines": "18",
        "Lon": 21.0211,
        "Lat": 52.2146
      },
      {
        "Brigade": "17",
        "Time": "2017-05-14 04:51:24",
        "Lines": "18",
        "Lon": 21.021,
        "Lat": 52.2147
      },
      {
        "Brigade": "17",
        "Time": "2017-05-14 04:51:34",
        "Lines": "18",
        "Lon": 21.021,
        "Lat": 52.2148
      },
      {
        "Brigade": "17",
        "Time": "2017-05-14 04:51:45",
        "Lines": "18",
        "Lon": 21.0204,
        "Lat": 52.2157
      },
      {
        "Brigade": "17",
        "Time": "2017-05-14 04:51:55",
        "Lines": "18",
        "Lon": 21.0198,
        "Lat": 52.2168
      },
      {
        "Brigade": "17",
        "Time": "2017-05-14 04:52:01",
        "Lines": "18",
        "Lon": 21.0194,
        "Lat": 52.2173
      },
      {
        "Brigade": "17",
        "Time": "2017-05-14 04:52:22",
        "Lines": "18",
        "Lon": 21.0183,
        "Lat": 52.2193
      },
      {
        "Brigade": "17",
        "Time": "2017-05-14 04:52:22",
        "Lines": "18",
        "Lon": 21.0183,
        "Lat": 52.2193
      },
      {
        "Brigade": "17",
        "Time": "2017-05-14 04:52:32",
        "Lines": "18",
        "Lon": 21.0181,
        "Lat": 52.2195
      },
      {
        "Brigade": "17",
        "Time": "2017-05-14 04:52:43",
        "Lines": "18",
        "Lon": 21.0181,
        "Lat": 52.2195
      },
      {
        "Brigade": "17",
        "Time": "2017-05-14 04:52:53",
        "Lines": "18",
        "Lon": 21.0178,
        "Lat": 52.22
      },
      {
        "Brigade": "17",
        "Time": "2017-05-14 04:53:04",
        "Lines": "18",
        "Lon": 21.0176,
        "Lat": 52.2205
      },
      {
        "Brigade": "17",
        "Time": "2017-05-14 04:53:14",
        "Lines": "18",
        "Lon": 21.0173,
        "Lat": 52.2209
      },
      {
        "Brigade": "17",
        "Time": "2017-05-14 04:53:30",
        "Lines": "18",
        "Lon": 21.017,
        "Lat": 52.2215
      },
      {
        "Brigade": "17",
        "Time": "2017-05-14 04:53:40",
        "Lines": "18",
        "Lon": 21.0169,
        "Lat": 52.2216
      },
      {
        "Brigade": "17",
        "Time": "2017-05-14 04:53:51",
        "Lines": "18",
        "Lon": 21.0169,
        "Lat": 52.2216
      },
      {
        "Brigade": "17",
        "Time": "2017-05-14 04:53:51",
        "Lines": "18",
        "Lon": 21.0169,
        "Lat": 52.2216
      },
      {
        "Brigade": "17",
        "Time": "2017-05-14 04:54:01",
        "Lines": "18",
        "Lon": 21.0169,
        "Lat": 52.2216
      },
      {
        "Brigade": "17",
        "Time": "2017-05-14 04:54:12",
        "Lines": "18",
        "Lon": 21.0167,
        "Lat": 52.2219
      },
      {
        "Brigade": "17",
        "Time": "2017-05-14 04:54:22",
        "Lines": "18",
        "Lon": 21.0162,
        "Lat": 52.2227
      },
      {
        "Brigade": "17",
        "Time": "2017-05-14 04:54:33",
        "Lines": "18",
        "Lon": 21.0161,
        "Lat": 52.223
      },
      {
        "Brigade": "17",
        "Time": "2017-05-14 04:54:48",
        "Lines": "18",
        "Lon": 21.0161,
        "Lat": 52.223
      },
      {
        "Brigade": "17",
        "Time": "2017-05-14 04:54:59",
        "Lines": "18",
        "Lon": 21.0161,
        "Lat": 52.223
      },
      {
        "Brigade": "17",
        "Time": "2017-05-14 04:55:10",
        "Lines": "18",
        "Lon": 21.0156,
        "Lat": 52.2235
      },
      {
        "Brigade": "17",
        "Time": "2017-05-14 04:55:20",
        "Lines": "18",
        "Lon": 21.015,
        "Lat": 52.2244
      },
      {
        "Brigade": "17",
        "Time": "2017-05-14 04:55:20",
        "Lines": "18",
        "Lon": 21.015,
        "Lat": 52.2244
      },
      {
        "Brigade": "17",
        "Time": "2017-05-14 04:55:30",
        "Lines": "18",
        "Lon": 21.0144,
        "Lat": 52.2255
      },
      {
        "Brigade": "17",
        "Time": "2017-05-14 04:55:41",
        "Lines": "18",
        "Lon": 21.0141,
        "Lat": 52.226
      },
      {
        "Brigade": "17",
        "Time": "2017-05-14 04:55:51",
        "Lines": "18",
        "Lon": 21.0141,
        "Lat": 52.226
      },
      {
        "Brigade": "17",
        "Time": "2017-05-14 04:56:02",
        "Lines": "18",
        "Lon": 21.014,
        "Lat": 52.2261
      },
      {
        "Brigade": "17",
        "Time": "2017-05-14 04:56:18",
        "Lines": "18",
        "Lon": 21.0135,
        "Lat": 52.227
      },
      {
        "Brigade": "17",
        "Time": "2017-05-14 04:56:28",
        "Lines": "18",
        "Lon": 21.0135,
        "Lat": 52.227
      },
      {
        "Brigade": "17",
        "Time": "2017-05-14 04:56:39",
        "Lines": "18",
        "Lon": 21.0135,
        "Lat": 52.227
      },
      {
        "Brigade": "17",
        "Time": "2017-05-14 04:56:49",
        "Lines": "18",
        "Lon": 21.0132,
        "Lat": 52.2275
      },
      {
        "Brigade": "17",
        "Time": "2017-05-14 04:57:00",
        "Lines": "18",
        "Lon": 21.013,
        "Lat": 52.2278
      },
      {
        "Brigade": "17",
        "Time": "2017-05-14 04:57:05",
        "Lines": "18",
        "Lon": 21.013,
        "Lat": 52.2279
      },
      {
        "Brigade": "17",
        "Time": "2017-05-14 04:57:05",
        "Lines": "18",
        "Lon": 21.013,
        "Lat": 52.2279
      },
      {
        "Brigade": "17",
        "Time": "2017-05-14 04:57:21",
        "Lines": "18",
        "Lon": 21.0122,
        "Lat": 52.2291
      },
      {
        "Brigade": "17",
        "Time": "2017-05-14 04:57:36",
        "Lines": "18",
        "Lon": 21.0121,
        "Lat": 52.2292
      },
      {
        "Brigade": "17",
        "Time": "2017-05-14 04:57:47",
        "Lines": "18",
        "Lon": 21.0121,
        "Lat": 52.2293
      },
      {
        "Brigade": "17",
        "Time": "2017-05-14 04:57:57",
        "Lines": "18",
        "Lon": 21.0118,
        "Lat": 52.2299
      },
      {
        "Brigade": "17",
        "Time": "2017-05-14 04:58:08",
        "Lines": "18",
        "Lon": 21.0115,
        "Lat": 52.2303
      },
      {
        "Brigade": "17",
        "Time": "2017-05-14 04:58:18",
        "Lines": "18",
        "Lon": 21.011,
        "Lat": 52.2312
      },
      {
        "Brigade": "17",
        "Time": "2017-05-14 04:58:29",
        "Lines": "18",
        "Lon": 21.0105,
        "Lat": 52.232
      },
      {
        "Brigade": "17",
        "Time": "2017-05-14 04:58:39",
        "Lines": "18",
        "Lon": 21.01,
        "Lat": 52.2329
      },
      {
        "Brigade": "17",
        "Time": "2017-05-14 04:58:39",
        "Lines": "18",
        "Lon": 21.01,
        "Lat": 52.2329
      },
      {
        "Brigade": "17",
        "Time": "2017-05-14 04:58:55",
        "Lines": "18",
        "Lon": 21.0093,
        "Lat": 52.234
      },
      {
        "Brigade": "17",
        "Time": "2017-05-14 04:59:05",
        "Lines": "18",
        "Lon": 21.009,
        "Lat": 52.2345
      },
      {
        "Brigade": "17",
        "Time": "2017-05-14 04:59:16",
        "Lines": "18",
        "Lon": 21.0089,
        "Lat": 52.2347
      },
      {
        "Brigade": "17",
        "Time": "2017-05-14 04:59:26",
        "Lines": "18",
        "Lon": 21.0089,
        "Lat": 52.2347
      },
      {
        "Brigade": "17",
        "Time": "2017-05-14 04:59:37",
        "Lines": "18",
        "Lon": 21.0089,
        "Lat": 52.2347
      },
      {
        "Brigade": "17",
        "Time": "2017-05-14 04:59:47",
        "Lines": "18",
        "Lon": 21.0089,
        "Lat": 52.2347
      },
      {
        "Brigade": "17",
        "Time": "2017-05-14 04:59:58",
        "Lines": "18",
        "Lon": 21.0088,
        "Lat": 52.2348
      },
      {
        "Brigade": "17",
        "Time": "2017-05-14 05:00:14",
        "Lines": "18",
        "Lon": 21.0082,
        "Lat": 52.2359
      },
      {
        "Brigade": "17",
        "Time": "2017-05-14 05:00:14",
        "Lines": "18",
        "Lon": 21.0082,
        "Lat": 52.2359
      },
      {
        "Brigade": "17",
        "Time": "2017-05-14 05:00:19",
        "Lines": "18",
        "Lon": 21.008,
        "Lat": 52.2362
      },
      {
        "Brigade": "17",
        "Time": "2017-05-14 05:00:25",
        "Lines": "18",
        "Lon": 21.0078,
        "Lat": 52.2365
      },
      {
        "Brigade": "17",
        "Time": "2017-05-14 05:00:45",
        "Lines": "18",
        "Lon": 21.0074,
        "Lat": 52.2373
      },
      {
        "Brigade": "17",
        "Time": "2017-05-14 05:00:50",
        "Lines": "18",
        "Lon": 21.0073,
        "Lat": 52.2374
      },
      {
        "Brigade": "17",
        "Time": "2017-05-14 05:01:06",
        "Lines": "18",
        "Lon": 21.0071,
        "Lat": 52.2376
      },
      {
        "Brigade": "17",
        "Time": "2017-05-14 05:01:16",
        "Lines": "18",
        "Lon": 21.0071,
        "Lat": 52.2376
      },
      {
        "Brigade": "17",
        "Time": "2017-05-14 05:01:27",
        "Lines": "18",
        "Lon": 21.0071,
        "Lat": 52.2377
      },
      {
        "Brigade": "17",
        "Time": "2017-05-14 05:01:37",
        "Lines": "18",
        "Lon": 21.0069,
        "Lat": 52.238
      },
      {
        "Brigade": "17",
        "Time": "2017-05-14 05:01:48",
        "Lines": "18",
        "Lon": 21.0066,
        "Lat": 52.2385
      },
      {
        "Brigade": "17",
        "Time": "2017-05-14 05:01:48",
        "Lines": "18",
        "Lon": 21.0066,
        "Lat": 52.2385
      },
      {
        "Brigade": "17",
        "Time": "2017-05-14 05:01:58",
        "Lines": "18",
        "Lon": 21.0062,
        "Lat": 52.2388
      },
      {
        "Brigade": "17",
        "Time": "2017-05-14 05:02:04",
        "Lines": "18",
        "Lon": 21.0061,
        "Lat": 52.2389
      },
      {
        "Brigade": "17",
        "Time": "2017-05-14 05:02:25",
        "Lines": "18",
        "Lon": 21.0058,
        "Lat": 52.2391
      },
      {
        "Brigade": "17",
        "Time": "2017-05-14 05:02:35",
        "Lines": "18",
        "Lon": 21.0053,
        "Lat": 52.2396
      },
      {
        "Brigade": "17",
        "Time": "2017-05-14 05:02:47",
        "Lines": "18",
        "Lon": 21.005,
        "Lat": 52.2403
      },
      {
        "Brigade": "17",
        "Time": "2017-05-14 05:02:56",
        "Lines": "18",
        "Lon": 21.0049,
        "Lat": 52.2409
      },
      {
        "Brigade": "17",
        "Time": "2017-05-14 05:03:07",
        "Lines": "18",
        "Lon": 21.0045,
        "Lat": 52.2416
      },
      {
        "Brigade": "17",
        "Time": "2017-05-14 05:03:17",
        "Lines": "18",
        "Lon": 21.004,
        "Lat": 52.2423
      },
      {
        "Brigade": "17",
        "Time": "2017-05-14 05:03:28",
        "Lines": "18",
        "Lon": 21.0034,
        "Lat": 52.2428
      },
      {
        "Brigade": "17",
        "Time": "2017-05-14 05:03:28",
        "Lines": "18",
        "Lon": 21.0034,
        "Lat": 52.2428
      },
      {
        "Brigade": "17",
        "Time": "2017-05-14 05:03:28",
        "Lines": "18",
        "Lon": 21.0034,
        "Lat": 52.2428
      },
      {
        "Brigade": "17",
        "Time": "2017-05-14 05:03:54",
        "Lines": "18",
        "Lon": 21.0027,
        "Lat": 52.2433
      },
      {
        "Brigade": "17",
        "Time": "2017-05-14 05:04:04",
        "Lines": "18",
        "Lon": 21.0027,
        "Lat": 52.2433
      },
      {
        "Brigade": "17",
        "Time": "2017-05-14 05:04:15",
        "Lines": "18",
        "Lon": 21.0027,
        "Lat": 52.2433
      },
      {
        "Brigade": "17",
        "Time": "2017-05-14 05:04:25",
        "Lines": "18",
        "Lon": 21.0026,
        "Lat": 52.2434
      },
      {
        "Brigade": "17",
        "Time": "2017-05-14 05:04:25",
        "Lines": "18",
        "Lon": 21.0026,
        "Lat": 52.2434
      },
      {
        "Brigade": "17",
        "Time": "2017-05-14 05:04:46",
        "Lines": "18",
        "Lon": 21.0017,
        "Lat": 52.244
      },
      {
        "Brigade": "17",
        "Time": "2017-05-14 05:04:57",
        "Lines": "18",
        "Lon": 21.0017,
        "Lat": 52.2441
      },
      {
        "Brigade": "17",
        "Time": "2017-05-14 05:05:07",
        "Lines": "18",
        "Lon": 21.0013,
        "Lat": 52.2444
      },
      {
        "Brigade": "17",
        "Time": "2017-05-14 05:05:18",
        "Lines": "18",
        "Lon": 21.0008,
        "Lat": 52.245
      },
      {
        "Brigade": "17",
        "Time": "2017-05-14 05:05:33",
        "Lines": "18",
        "Lon": 21.0007,
        "Lat": 52.2451
      },
      {
        "Brigade": "17",
        "Time": "2017-05-14 05:05:33",
        "Lines": "18",
        "Lon": 21.0007,
        "Lat": 52.2451
      },
      {
        "Brigade": "17",
        "Time": "2017-05-14 05:05:44",
        "Lines": "18",
        "Lon": 21.0003,
        "Lat": 52.2455
      },
      {
        "Brigade": "17",
        "Time": "2017-05-14 05:05:54",
        "Lines": "18",
        "Lon": 20.9996,
        "Lat": 52.2467
      },
      {
        "Brigade": "17",
        "Time": "2017-05-14 05:06:05",
        "Lines": "18",
        "Lon": 20.9992,
        "Lat": 52.2481
      },
      {
        "Brigade": "17",
        "Time": "2017-05-14 05:06:10",
        "Lines": "18",
        "Lon": 20.999,
        "Lat": 52.2487
      },
      {
        "Brigade": "17",
        "Time": "2017-05-14 05:06:26",
        "Lines": "18",
        "Lon": 20.9989,
        "Lat": 52.2491
      },
      {
        "Brigade": "17",
        "Time": "2017-05-14 05:06:37",
        "Lines": "18",
        "Lon": 20.9989,
        "Lat": 52.2491
      },
      {
        "Brigade": "17",
        "Time": "2017-05-14 05:06:47",
        "Lines": "18",
        "Lon": 20.9989,
        "Lat": 52.2491
      },
      {
        "Brigade": "17",
        "Time": "2017-05-14 05:06:57",
        "Lines": "18",
        "Lon": 20.9989,
        "Lat": 52.2491
      },
      {
        "Brigade": "17",
        "Time": "2017-05-14 05:07:08",
        "Lines": "18",
        "Lon": 20.9989,
        "Lat": 52.2491
      },
      {
        "Brigade": "17",
        "Time": "2017-05-14 05:07:18",
        "Lines": "18",
        "Lon": 20.9987,
        "Lat": 52.25
      },
      {
        "Brigade": "17",
        "Time": "2017-05-14 05:07:18",
        "Lines": "18",
        "Lon": 20.9987,
        "Lat": 52.25
      },
      {
        "Brigade": "17",
        "Time": "2017-05-14 05:07:34",
        "Lines": "18",
        "Lon": 20.9983,
        "Lat": 52.252
      },
      {
        "Brigade": "17",
        "Time": "2017-05-14 05:07:39",
        "Lines": "18",
        "Lon": 20.9982,
        "Lat": 52.2526
      },
      {
        "Brigade": "17",
        "Time": "2017-05-14 05:07:50",
        "Lines": "18",
        "Lon": 20.998,
        "Lat": 52.2533
      },
      {
        "Brigade": "17",
        "Time": "2017-05-14 05:08:06",
        "Lines": "18",
        "Lon": 20.998,
        "Lat": 52.2533
      },
      {
        "Brigade": "17",
        "Time": "2017-05-14 05:08:16",
        "Lines": "18",
        "Lon": 20.998,
        "Lat": 52.2533
      },
      {
        "Brigade": "17",
        "Time": "2017-05-14 05:08:27",
        "Lines": "18",
        "Lon": 20.9979,
        "Lat": 52.2539
      },
      {
        "Brigade": "17",
        "Time": "2017-05-14 05:08:37",
        "Lines": "18",
        "Lon": 20.9977,
        "Lat": 52.2547
      },
      {
        "Brigade": "17",
        "Time": "2017-05-14 05:08:48",
        "Lines": "18",
        "Lon": 20.9976,
        "Lat": 52.2552
      },
      {
        "Brigade": "17",
        "Time": "2017-05-14 05:08:58",
        "Lines": "18",
        "Lon": 20.9983,
        "Lat": 52.2556
      },
      {
        "Brigade": "17",
        "Time": "2017-05-14 05:09:08",
        "Lines": "18",
        "Lon": 20.9989,
        "Lat": 52.2558
      },
      {
        "Brigade": "17",
        "Time": "2017-05-14 05:09:08",
        "Lines": "18",
        "Lon": 20.9989,
        "Lat": 52.2558
      },
      {
        "Brigade": "17",
        "Time": "2017-05-14 05:09:19",
        "Lines": "18",
        "Lon": 20.9989,
        "Lat": 52.2558
      },
      {
        "Brigade": "17",
        "Time": "2017-05-14 05:09:35",
        "Lines": "18",
        "Lon": 21.0001,
        "Lat": 52.2565
      },
      {
        "Brigade": "17",
        "Time": "2017-05-14 05:09:45",
        "Lines": "18",
        "Lon": 21.0011,
        "Lat": 52.2575
      },
      {
        "Brigade": "17",
        "Time": "2017-05-14 05:09:56",
        "Lines": "18",
        "Lon": 21.0017,
        "Lat": 52.2581
      },
      {
        "Brigade": "17",
        "Time": "2017-05-14 05:10:06",
        "Lines": "18",
        "Lon": 21.0017,
        "Lat": 52.2584
      },
      {
        "Brigade": "17",
        "Time": "2017-05-14 05:10:17",
        "Lines": "18",
        "Lon": 21.0024,
        "Lat": 52.2587
      },
      {
        "Brigade": "17",
        "Time": "2017-05-14 05:10:27",
        "Lines": "18",
        "Lon": 21.0029,
        "Lat": 52.2588
      },
      {
        "Brigade": "17",
        "Time": "2017-05-14 05:10:38",
        "Lines": "18",
        "Lon": 21.0029,
        "Lat": 52.2588
      },
      {
        "Brigade": "17",
        "Time": "2017-05-14 05:10:48",
        "Lines": "18",
        "Lon": 21.0039,
        "Lat": 52.2591
      },
      {
        "Brigade": "17",
        "Time": "2017-05-14 05:10:59",
        "Lines": "18",
        "Lon": 21.0053,
        "Lat": 52.2595
      },
      {
        "Brigade": "17",
        "Time": "2017-05-14 05:10:59",
        "Lines": "18",
        "Lon": 21.0053,
        "Lat": 52.2595
      },
      {
        "Brigade": "17",
        "Time": "2017-05-14 05:11:11",
        "Lines": "18",
        "Lon": 21.0068,
        "Lat": 52.2599
      },
      {
        "Brigade": "17",
        "Time": "2017-05-14 05:11:11",
        "Lines": "18",
        "Lon": 21.0068,
        "Lat": 52.2599
      },
      {
        "Brigade": "17",
        "Time": "2017-05-14 05:11:35",
        "Lines": "18",
        "Lon": 21.0076,
        "Lat": 52.2603
      },
      {
        "Brigade": "17",
        "Time": "2017-05-14 05:11:46",
        "Lines": "18",
        "Lon": 21.0083,
        "Lat": 52.2604
      },
      {
        "Brigade": "17",
        "Time": "2017-05-14 05:11:56",
        "Lines": "18",
        "Lon": 21.0095,
        "Lat": 52.2608
      },
      {
        "Brigade": "17",
        "Time": "2017-05-14 05:12:07",
        "Lines": "18",
        "Lon": 21.0106,
        "Lat": 52.2611
      },
      {
        "Brigade": "17",
        "Time": "2017-05-14 05:12:17",
        "Lines": "18",
        "Lon": 21.0118,
        "Lat": 52.2614
      },
      {
        "Brigade": "17",
        "Time": "2017-05-14 05:12:28",
        "Lines": "18",
        "Lon": 21.0128,
        "Lat": 52.2617
      },
      {
        "Brigade": "17",
        "Time": "2017-05-14 05:12:38",
        "Lines": "18",
        "Lon": 21.0133,
        "Lat": 52.2619
      },
      {
        "Brigade": "17",
        "Time": "2017-05-14 05:12:44",
        "Lines": "18",
        "Lon": 21.0134,
        "Lat": 52.2619
      },
      {
        "Brigade": "17",
        "Time": "2017-05-14 05:12:44",
        "Lines": "18",
        "Lon": 21.0134,
        "Lat": 52.2619
      },
      {
        "Brigade": "17",
        "Time": "2017-05-14 05:13:01",
        "Lines": "18",
        "Lon": 21.0148,
        "Lat": 52.2623
      },
      {
        "Brigade": "17",
        "Time": "2017-05-14 05:13:15",
        "Lines": "18",
        "Lon": 21.0171,
        "Lat": 52.263
      },
      {
        "Brigade": "17",
        "Time": "2017-05-14 05:13:25",
        "Lines": "18",
        "Lon": 21.0185,
        "Lat": 52.2632
      },
      {
        "Brigade": "17",
        "Time": "2017-05-14 05:13:36",
        "Lines": "18",
        "Lon": 21.0197,
        "Lat": 52.2634
      },
      {
        "Brigade": "17",
        "Time": "2017-05-14 05:13:46",
        "Lines": "18",
        "Lon": 21.0202,
        "Lat": 52.2635
      },
      {
        "Brigade": "17",
        "Time": "2017-05-14 05:13:57",
        "Lines": "18",
        "Lon": 21.0204,
        "Lat": 52.2635
      },
      {
        "Brigade": "17",
        "Time": "2017-05-14 05:14:07",
        "Lines": "18",
        "Lon": 21.0208,
        "Lat": 52.2638
      },
      {
        "Brigade": "17",
        "Time": "2017-05-14 05:14:18",
        "Lines": "18",
        "Lon": 21.021,
        "Lat": 52.2644
      },
      {
        "Brigade": "17",
        "Time": "2017-05-14 05:14:28",
        "Lines": "18",
        "Lon": 21.0208,
        "Lat": 52.2648
      },
      {
        "Brigade": "17",
        "Time": "2017-05-14 05:14:39",
        "Lines": "18",
        "Lon": 21.0207,
        "Lat": 52.2649
      },
      {
        "Brigade": "17",
        "Time": "2017-05-14 05:14:39",
        "Lines": "18",
        "Lon": 21.0207,
        "Lat": 52.2649
      },
      {
        "Brigade": "17",
        "Time": "2017-05-14 05:14:49",
        "Lines": "18",
        "Lon": 21.0205,
        "Lat": 52.2653
      },
      {
        "Brigade": "17",
        "Time": "2017-05-14 05:15:05",
        "Lines": "18",
        "Lon": 21.02,
        "Lat": 52.2668
      },
      {
        "Brigade": "17",
        "Time": "2017-05-14 05:15:16",
        "Lines": "18",
        "Lon": 21.0199,
        "Lat": 52.2672
      },
      {
        "Brigade": "17",
        "Time": "2017-05-14 05:15:26",
        "Lines": "18",
        "Lon": 21.0198,
        "Lat": 52.2673
      },
      {
        "Brigade": "17",
        "Time": "2017-05-14 05:15:36",
        "Lines": "18",
        "Lon": 21.0193,
        "Lat": 52.2683
      },
      {
        "Brigade": "17",
        "Time": "2017-05-14 05:15:47",
        "Lines": "18",
        "Lon": 21.018,
        "Lat": 52.2695
      },
      {
        "Brigade": "17",
        "Time": "2017-05-14 05:15:57",
        "Lines": "18",
        "Lon": 21.0173,
        "Lat": 52.2701
      },
      {
        "Brigade": "17",
        "Time": "2017-05-14 05:16:08",
        "Lines": "18",
        "Lon": 21.0172,
        "Lat": 52.2702
      },
      {
        "Brigade": "17",
        "Time": "2017-05-14 05:16:18",
        "Lines": "18",
        "Lon": 21.0162,
        "Lat": 52.2711
      },
      {
        "Brigade": "17",
        "Time": "2017-05-14 05:16:18",
        "Lines": "18",
        "Lon": 21.0162,
        "Lat": 52.2711
      },
      {
        "Brigade": "17",
        "Time": "2017-05-14 05:16:29",
        "Lines": "18",
        "Lon": 21.0153,
        "Lat": 52.2723
      },
      {
        "Brigade": "17",
        "Time": "2017-05-14 05:16:45",
        "Lines": "18",
        "Lon": 21.0144,
        "Lat": 52.2738
      },
      {
        "Brigade": "17",
        "Time": "2017-05-14 05:16:56",
        "Lines": "18",
        "Lon": 21.0144,
        "Lat": 52.2739
      },
      {
        "Brigade": "17",
        "Time": "2017-05-14 05:17:06",
        "Lines": "18",
        "Lon": 21.0138,
        "Lat": 52.2748
      },
      {
        "Brigade": "17",
        "Time": "2017-05-14 05:17:06",
        "Lines": "18",
        "Lon": 21.0138,
        "Lat": 52.2748
      },
      {
        "Brigade": "17",
        "Time": "2017-05-14 05:17:27",
        "Lines": "18",
        "Lon": 21.0122,
        "Lat": 52.2775
      },
      {
        "Brigade": "17",
        "Time": "2017-05-14 05:17:37",
        "Lines": "18",
        "Lon": 21.0117,
        "Lat": 52.2783
      },
      {
        "Brigade": "17",
        "Time": "2017-05-14 05:17:48",
        "Lines": "18",
        "Lon": 21.0116,
        "Lat": 52.2784
      },
      {
        "Brigade": "17",
        "Time": "2017-05-14 05:18:03",
        "Lines": "18",
        "Lon": 21.0106,
        "Lat": 52.2801
      },
      {
        "Brigade": "17",
        "Time": "2017-05-14 05:18:03",
        "Lines": "18",
        "Lon": 21.0106,
        "Lat": 52.2801
      },
      {
        "Brigade": "17",
        "Time": "2017-05-14 05:18:09",
        "Lines": "18",
        "Lon": 21.0101,
        "Lat": 52.2809
      },
      {
        "Brigade": "17",
        "Time": "2017-05-14 05:18:24",
        "Lines": "18",
        "Lon": 21.0094,
        "Lat": 52.2822
      },
      {
        "Brigade": "17",
        "Time": "2017-05-14 05:18:35",
        "Lines": "18",
        "Lon": 21.0093,
        "Lat": 52.2822
      },
      {
        "Brigade": "17",
        "Time": "2017-05-14 05:18:45",
        "Lines": "18",
        "Lon": 21.0086,
        "Lat": 52.2834
      },
      {
        "Brigade": "17",
        "Time": "2017-05-14 05:18:56",
        "Lines": "18",
        "Lon": 21.0077,
        "Lat": 52.2847
      },
      {
        "Brigade": "17",
        "Time": "2017-05-14 05:19:01",
        "Lines": "18",
        "Lon": 21.0073,
        "Lat": 52.2855
      },
      {
        "Brigade": "17",
        "Time": "2017-05-14 05:19:17",
        "Lines": "18",
        "Lon": 21.0062,
        "Lat": 52.2868
      },
      {
        "Brigade": "17",
        "Time": "2017-05-14 05:19:27",
        "Lines": "18",
        "Lon": 21.0061,
        "Lat": 52.2869
      },
      {
        "Brigade": "17",
        "Time": "2017-05-14 05:19:43",
        "Lines": "18",
        "Lon": 21.005,
        "Lat": 52.2879
      },
      {
        "Brigade": "17",
        "Time": "2017-05-14 05:19:43",
        "Lines": "18",
        "Lon": 21.005,
        "Lat": 52.2879
      },
      {
        "Brigade": "17",
        "Time": "2017-05-14 05:19:53",
        "Lines": "18",
        "Lon": 21.004,
        "Lat": 52.2889
      },
      {
        "Brigade": "17",
        "Time": "2017-05-14 05:20:04",
        "Lines": "18",
        "Lon": 21.0034,
        "Lat": 52.2894
      },
      {
        "Brigade": "17",
        "Time": "2017-05-14 05:20:14",
        "Lines": "18",
        "Lon": 21.0031,
        "Lat": 52.2897
      },
      {
        "Brigade": "17",
        "Time": "2017-05-14 05:20:25",
        "Lines": "18",
        "Lon": 21.0027,
        "Lat": 52.2901
      },
      {
        "Brigade": "17",
        "Time": "2017-05-14 05:20:36",
        "Lines": "18",
        "Lon": 21.0024,
        "Lat": 52.2904
      },
      {
        "Brigade": "17",
        "Time": "2017-05-14 05:20:47",
        "Lines": "18",
        "Lon": 21.0023,
        "Lat": 52.2905
      },
      {
        "Brigade": "17",
        "Time": "2017-05-14 05:20:57",
        "Lines": "18",
        "Lon": 21.0023,
        "Lat": 52.2905
      },
      {
        "Brigade": "17",
        "Time": "2017-05-14 05:21:12",
        "Lines": "18",
        "Lon": 21.0023,
        "Lat": 52.2905
      },
      {
        "Brigade": "17",
        "Time": "2017-05-14 05:21:23",
        "Lines": "18",
        "Lon": 21.0023,
        "Lat": 52.2905
      },
      {
        "Brigade": "17",
        "Time": "2017-05-14 05:21:23",
        "Lines": "18",
        "Lon": 21.0023,
        "Lat": 52.2905
      },
      {
        "Brigade": "17",
        "Time": "2017-05-14 05:21:33",
        "Lines": "18",
        "Lon": 21.0023,
        "Lat": 52.2905
      },
      {
        "Brigade": "17",
        "Time": "2017-05-14 05:21:44",
        "Lines": "18",
        "Lon": 21.0023,
        "Lat": 52.2905
      },
      {
        "Brigade": "17",
        "Time": "2017-05-14 05:21:54",
        "Lines": "18",
        "Lon": 21.0023,
        "Lat": 52.2905
      },
      {
        "Brigade": "17",
        "Time": "2017-05-14 05:22:05",
        "Lines": "18",
        "Lon": 21.0023,
        "Lat": 52.2905
      },
      {
        "Brigade": "17",
        "Time": "2017-05-14 05:22:15",
        "Lines": "18",
        "Lon": 21.0023,
        "Lat": 52.2905
      },
      {
        "Brigade": "17",
        "Time": "2017-05-14 05:22:31",
        "Lines": "18",
        "Lon": 21.0023,
        "Lat": 52.2905
      },
      {
        "Brigade": "17",
        "Time": "2017-05-14 05:22:36",
        "Lines": "18",
        "Lon": 21.0023,
        "Lat": 52.2905
      },
      {
        "Brigade": "17",
        "Time": "2017-05-14 05:22:52",
        "Lines": "18",
        "Lon": 21.0023,
        "Lat": 52.2905
      },
      {
        "Brigade": "17",
        "Time": "2017-05-14 05:23:02",
        "Lines": "18",
        "Lon": 21.0023,
        "Lat": 52.2905
      },
      {
        "Brigade": "17",
        "Time": "2017-05-14 05:23:02",
        "Lines": "18",
        "Lon": 21.0023,
        "Lat": 52.2905
      },
      {
        "Brigade": "17",
        "Time": "2017-05-14 05:23:13",
        "Lines": "18",
        "Lon": 21.0023,
        "Lat": 52.2905
      },
      {
        "Brigade": "17",
        "Time": "2017-05-14 05:23:23",
        "Lines": "18",
        "Lon": 21.0023,
        "Lat": 52.2905
      },
      {
        "Brigade": "17",
        "Time": "2017-05-14 05:23:34",
        "Lines": "18",
        "Lon": 21.0023,
        "Lat": 52.2905
      },
      {
        "Brigade": "17",
        "Time": "2017-05-14 05:23:39",
        "Lines": "18",
        "Lon": 21.0023,
        "Lat": 52.2905
      },
      {
        "Brigade": "17",
        "Time": "2017-05-14 05:23:55",
        "Lines": "18",
        "Lon": 21.0023,
        "Lat": 52.2905
      },
      {
        "Brigade": "17",
        "Time": "2017-05-14 05:24:05",
        "Lines": "18",
        "Lon": 21.0023,
        "Lat": 52.2905
      },
      {
        "Brigade": "17",
        "Time": "2017-05-14 05:24:16",
        "Lines": "18",
        "Lon": 21.0023,
        "Lat": 52.2905
      },
      {
        "Brigade": "17",
        "Time": "2017-05-14 05:24:31",
        "Lines": "18",
        "Lon": 21.0023,
        "Lat": 52.2905
      },
      {
        "Brigade": "17",
        "Time": "2017-05-14 05:24:42",
        "Lines": "18",
        "Lon": 21.0023,
        "Lat": 52.2905
      },
      {
        "Brigade": "17",
        "Time": "2017-05-14 05:24:42",
        "Lines": "18",
        "Lon": 21.0023,
        "Lat": 52.2905
      },
      {
        "Brigade": "17",
        "Time": "2017-05-14 05:24:47",
        "Lines": "18",
        "Lon": 21.002,
        "Lat": 52.2907
      },
      {
        "Brigade": "17",
        "Time": "2017-05-14 05:25:04",
        "Lines": "18",
        "Lon": 21.0013,
        "Lat": 52.2905
      },
      {
        "Brigade": "17",
        "Time": "2017-05-14 05:25:13",
        "Lines": "18",
        "Lon": 21.002,
        "Lat": 52.2904
      },
      {
        "Brigade": "17",
        "Time": "2017-05-14 05:25:13",
        "Lines": "18",
        "Lon": 21.002,
        "Lat": 52.2904
      },
      {
        "Brigade": "17",
        "Time": "2017-05-14 05:25:34",
        "Lines": "18",
        "Lon": 21.0025,
        "Lat": 52.2901
      },
      {
        "Brigade": "17",
        "Time": "2017-05-14 05:25:45",
        "Lines": "18",
        "Lon": 21.0026,
        "Lat": 52.29
      },
      {
        "Brigade": "17",
        "Time": "2017-05-14 05:26:00",
        "Lines": "18",
        "Lon": 21.0034,
        "Lat": 52.2895
      },
      {
        "Brigade": "17",
        "Time": "2017-05-14 05:26:06",
        "Lines": "18",
        "Lon": 21.0036,
        "Lat": 52.2892
      },
      {
        "Brigade": "17",
        "Time": "2017-05-14 05:26:22",
        "Lines": "18",
        "Lon": 21.0051,
        "Lat": 52.2878
      },
      {
        "Brigade": "17",
        "Time": "2017-05-14 05:26:32",
        "Lines": "18",
        "Lon": 21.0058,
        "Lat": 52.2871
      },
      {
        "Brigade": "17",
        "Time": "2017-05-14 05:26:32",
        "Lines": "18",
        "Lon": 21.0058,
        "Lat": 52.2871
      },
      {
        "Brigade": "17",
        "Time": "2017-05-14 05:26:42",
        "Lines": "18",
        "Lon": 21.0059,
        "Lat": 52.287
      },
      {
        "Brigade": "17",
        "Time": "2017-05-14 05:26:53",
        "Lines": "18",
        "Lon": 21.0063,
        "Lat": 52.2866
      },
      {
        "Brigade": "17",
        "Time": "2017-05-14 05:27:03",
        "Lines": "18",
        "Lon": 21.0074,
        "Lat": 52.2853
      },
      {
        "Brigade": "17",
        "Time": "2017-05-14 05:27:14",
        "Lines": "18",
        "Lon": 21.0082,
        "Lat": 52.2839
      },
      {
        "Brigade": "17",
        "Time": "2017-05-14 05:27:24",
        "Lines": "18",
        "Lon": 21.0089,
        "Lat": 52.2827
      },
      {
        "Brigade": "17",
        "Time": "2017-05-14 05:27:35",
        "Lines": "18",
        "Lon": 21.0095,
        "Lat": 52.2819
      },
      {
        "Brigade": "17",
        "Time": "2017-05-14 05:27:51",
        "Lines": "18",
        "Lon": 21.0097,
        "Lat": 52.2814
      },
      {
        "Brigade": "17",
        "Time": "2017-05-14 05:27:56",
        "Lines": "18",
        "Lon": 21.0101,
        "Lat": 52.2808
      },
      {
        "Brigade": "17",
        "Time": "2017-05-14 05:28:12",
        "Lines": "18",
        "Lon": 21.0113,
        "Lat": 52.2788
      },
      {
        "Brigade": "17",
        "Time": "2017-05-14 05:28:12",
        "Lines": "18",
        "Lon": 21.0113,
        "Lat": 52.2788
      },
      {
        "Brigade": "17",
        "Time": "2017-05-14 05:28:22",
        "Lines": "18",
        "Lon": 21.0118,
        "Lat": 52.278
      },
      {
        "Brigade": "17",
        "Time": "2017-05-14 05:28:33",
        "Lines": "18",
        "Lon": 21.0119,
        "Lat": 52.2779
      },
      {
        "Brigade": "17",
        "Time": "2017-05-14 05:28:43",
        "Lines": "18",
        "Lon": 21.0124,
        "Lat": 52.2771
      },
      {
        "Brigade": "17",
        "Time": "2017-05-14 05:28:55",
        "Lines": "18",
        "Lon": 21.0133,
        "Lat": 52.2757
      },
      {
        "Brigade": "17",
        "Time": "2017-05-14 05:29:05",
        "Lines": "18",
        "Lon": 21.0141,
        "Lat": 52.2744
      },
      {
        "Brigade": "17",
        "Time": "2017-05-14 05:29:14",
        "Lines": "18",
        "Lon": 21.0145,
        "Lat": 52.2736
      },
      {
        "Brigade": "17",
        "Time": "2017-05-14 05:29:25",
        "Lines": "18",
        "Lon": 21.0145,
        "Lat": 52.2736
      },
      {
        "Brigade": "17",
        "Time": "2017-05-14 05:29:35",
        "Lines": "18",
        "Lon": 21.0147,
        "Lat": 52.2733
      },
      {
        "Brigade": "17",
        "Time": "2017-05-14 05:29:51",
        "Lines": "18",
        "Lon": 21.0158,
        "Lat": 52.2715
      },
      {
        "Brigade": "17",
        "Time": "2017-05-14 05:29:56",
        "Lines": "18",
        "Lon": 21.0163,
        "Lat": 52.2709
      },
      {
        "Brigade": "17",
        "Time": "2017-05-14 05:29:56",
        "Lines": "18",
        "Lon": 21.0163,
        "Lat": 52.2709
      },
      {
        "Brigade": "17",
        "Time": "2017-05-14 05:30:12",
        "Lines": "18",
        "Lon": 21.0169,
        "Lat": 52.2704
      },
      {
        "Brigade": "17",
        "Time": "2017-05-14 05:30:23",
        "Lines": "18",
        "Lon": 21.0174,
        "Lat": 52.27
      },
      {
        "Brigade": "17",
        "Time": "2017-05-14 05:30:33",
        "Lines": "18",
        "Lon": 21.0187,
        "Lat": 52.2689
      },
      {
        "Brigade": "17",
        "Time": "2017-05-14 05:30:49",
        "Lines": "18",
        "Lon": 21.0199,
        "Lat": 52.2671
      },
      {
        "Brigade": "17",
        "Time": "2017-05-14 05:30:59",
        "Lines": "18",
        "Lon": 21.02,
        "Lat": 52.2666
      },
      {
        "Brigade": "17",
        "Time": "2017-05-14 05:31:10",
        "Lines": "18",
        "Lon": 21.02,
        "Lat": 52.2666
      },
      {
        "Brigade": "17",
        "Time": "2017-05-14 05:31:20",
        "Lines": "18",
        "Lon": 21.0201,
        "Lat": 52.2665
      },
      {
        "Brigade": "17",
        "Time": "2017-05-14 05:31:31",
        "Lines": "18",
        "Lon": 21.0205,
        "Lat": 52.2654
      },
      {
        "Brigade": "17",
        "Time": "2017-05-14 05:31:31",
        "Lines": "18",
        "Lon": 21.0205,
        "Lat": 52.2654
      },
      {
        "Brigade": "17",
        "Time": "2017-05-14 05:31:41",
        "Lines": "18",
        "Lon": 21.021,
        "Lat": 52.2644
      },
      {
        "Brigade": "17",
        "Time": "2017-05-14 05:31:52",
        "Lines": "18",
        "Lon": 21.0209,
        "Lat": 52.264
      },
      {
        "Brigade": "17",
        "Time": "2017-05-14 05:32:02",
        "Lines": "18",
        "Lon": 21.0207,
        "Lat": 52.2638
      },
      {
        "Brigade": "17",
        "Time": "2017-05-14 05:32:13",
        "Lines": "18",
        "Lon": 21.0205,
        "Lat": 52.2637
      },
      {
        "Brigade": "17",
        "Time": "2017-05-14 05:32:23",
        "Lines": "18",
        "Lon": 21.0202,
        "Lat": 52.2635
      },
      {
        "Brigade": "17",
        "Time": "2017-05-14 05:32:34",
        "Lines": "18",
        "Lon": 21.0199,
        "Lat": 52.2635
      },
      {
        "Brigade": "17",
        "Time": "2017-05-14 05:32:50",
        "Lines": "18",
        "Lon": 21.0193,
        "Lat": 52.2634
      },
      {
        "Brigade": "17",
        "Time": "2017-05-14 05:33:00",
        "Lines": "18",
        "Lon": 21.0193,
        "Lat": 52.2634
      },
      {
        "Brigade": "17",
        "Time": "2017-05-14 05:33:11",
        "Lines": "18",
        "Lon": 21.0192,
        "Lat": 52.2634
      },
      {
        "Brigade": "17",
        "Time": "2017-05-14 05:33:21",
        "Lines": "18",
        "Lon": 21.0178,
        "Lat": 52.2632
      },
      {
        "Brigade": "17",
        "Time": "2017-05-14 05:33:21",
        "Lines": "18",
        "Lon": 21.0178,
        "Lat": 52.2632
      },
      {
        "Brigade": "17",
        "Time": "2017-05-14 05:33:32",
        "Lines": "18",
        "Lon": 21.0166,
        "Lat": 52.2629
      },
      {
        "Brigade": "17",
        "Time": "2017-05-14 05:33:37",
        "Lines": "18",
        "Lon": 21.0159,
        "Lat": 52.2627
      },
      {
        "Brigade": "17",
        "Time": "2017-05-14 05:33:37",
        "Lines": "18",
        "Lon": 21.0159,
        "Lat": 52.2627
      },
      {
        "Brigade": "17",
        "Time": "2017-05-14 05:34:03",
        "Lines": "18",
        "Lon": 21.0134,
        "Lat": 52.262
      },
      {
        "Brigade": "17",
        "Time": "2017-05-14 05:34:13",
        "Lines": "18",
        "Lon": 21.0134,
        "Lat": 52.262
      },
      {
        "Brigade": "17",
        "Time": "2017-05-14 05:34:29",
        "Lines": "18",
        "Lon": 21.0122,
        "Lat": 52.2617
      },
      {
        "Brigade": "17",
        "Time": "2017-05-14 05:34:40",
        "Lines": "18",
        "Lon": 21.0107,
        "Lat": 52.2613
      },
      {
        "Brigade": "17",
        "Time": "2017-05-14 05:34:50",
        "Lines": "18",
        "Lon": 21.0091,
        "Lat": 52.2608
      },
      {
        "Brigade": "17",
        "Time": "2017-05-14 05:35:01",
        "Lines": "18",
        "Lon": 21.0078,
        "Lat": 52.2603
      },
      {
        "Brigade": "17",
        "Time": "2017-05-14 05:35:11",
        "Lines": "18",
        "Lon": 21.0071,
        "Lat": 52.2601
      },
      {
        "Brigade": "17",
        "Time": "2017-05-14 05:35:11",
        "Lines": "18",
        "Lon": 21.0071,
        "Lat": 52.2601
      },
      {
        "Brigade": "17",
        "Time": "2017-05-14 05:35:22",
        "Lines": "18",
        "Lon": 21.0071,
        "Lat": 52.2601
      },
      {
        "Brigade": "17",
        "Time": "2017-05-14 05:35:32",
        "Lines": "18",
        "Lon": 21.0054,
        "Lat": 52.2596
      },
      {
        "Brigade": "17",
        "Time": "2017-05-14 05:35:43",
        "Lines": "18",
        "Lon": 21.0041,
        "Lat": 52.2592
      },
      {
        "Brigade": "17",
        "Time": "2017-05-14 05:35:53",
        "Lines": "18",
        "Lon": 21.003,
        "Lat": 52.2589
      },
      {
        "Brigade": "17",
        "Time": "2017-05-14 05:36:09",
        "Lines": "18",
        "Lon": 21.0023,
        "Lat": 52.2588
      },
      {
        "Brigade": "17",
        "Time": "2017-05-14 05:36:19",
        "Lines": "18",
        "Lon": 21.0023,
        "Lat": 52.2588
      },
      {
        "Brigade": "17",
        "Time": "2017-05-14 05:36:30",
        "Lines": "18",
        "Lon": 21.0023,
        "Lat": 52.2588
      },
      {
        "Brigade": "17",
        "Time": "2017-05-14 05:36:40",
        "Lines": "18",
        "Lon": 21.002,
        "Lat": 52.2587
      },
      {
        "Brigade": "17",
        "Time": "2017-05-14 05:36:51",
        "Lines": "18",
        "Lon": 21.0017,
        "Lat": 52.2584
      },
      {
        "Brigade": "17",
        "Time": "2017-05-14 05:36:51",
        "Lines": "18",
        "Lon": 21.0017,
        "Lat": 52.2584
      },
      {
        "Brigade": "17",
        "Time": "2017-05-14 05:37:01",
        "Lines": "18",
        "Lon": 21.0015,
        "Lat": 52.2579
      },
      {
        "Brigade": "17",
        "Time": "2017-05-14 05:37:12",
        "Lines": "18",
        "Lon": 21.0011,
        "Lat": 52.2575
      },
      {
        "Brigade": "17",
        "Time": "2017-05-14 05:37:22",
        "Lines": "18",
        "Lon": 21.0002,
        "Lat": 52.2568
      },
      {
        "Brigade": "17",
        "Time": "2017-05-14 05:37:36",
        "Lines": "18",
        "Lon": 20.9994,
        "Lat": 52.2561
      },
      {
        "Brigade": "17",
        "Time": "2017-05-14 05:37:43",
        "Lines": "18",
        "Lon": 20.9986,
        "Lat": 52.2558
      },
      {
        "Brigade": "17",
        "Time": "2017-05-14 05:37:54",
        "Lines": "18",
        "Lon": 20.9984,
        "Lat": 52.2557
      },
      {
        "Brigade": "17",
        "Time": "2017-05-14 05:38:09",
        "Lines": "18",
        "Lon": 20.9983,
        "Lat": 52.2557
      },
      {
        "Brigade": "17",
        "Time": "2017-05-14 05:38:20",
        "Lines": "18",
        "Lon": 20.9977,
        "Lat": 52.2554
      },
      {
        "Brigade": "17",
        "Time": "2017-05-14 05:38:30",
        "Lines": "18",
        "Lon": 20.9975,
        "Lat": 52.255
      },
      {
        "Brigade": "17",
        "Time": "2017-05-14 05:38:41",
        "Lines": "18",
        "Lon": 20.9976,
        "Lat": 52.2544
      },
      {
        "Brigade": "17",
        "Time": "2017-05-14 05:38:41",
        "Lines": "18",
        "Lon": 20.9976,
        "Lat": 52.2544
      },
      {
        "Brigade": "17",
        "Time": "2017-05-14 05:38:51",
        "Lines": "18",
        "Lon": 20.9978,
        "Lat": 52.2541
      },
      {
        "Brigade": "17",
        "Time": "2017-05-14 05:39:02",
        "Lines": "18",
        "Lon": 20.9978,
        "Lat": 52.2541
      },
      {
        "Brigade": "17",
        "Time": "2017-05-14 05:39:12",
        "Lines": "18",
        "Lon": 20.9978,
        "Lat": 52.2541
      },
      {
        "Brigade": "17",
        "Time": "2017-05-14 05:39:23",
        "Lines": "18",
        "Lon": 20.9978,
        "Lat": 52.2541
      },
      {
        "Brigade": "17",
        "Time": "2017-05-14 05:39:33",
        "Lines": "18",
        "Lon": 20.9978,
        "Lat": 52.2541
      },
      {
        "Brigade": "17",
        "Time": "2017-05-14 05:39:49",
        "Lines": "18",
        "Lon": 20.9979,
        "Lat": 52.2533
      },
      {
        "Brigade": "17",
        "Time": "2017-05-14 05:39:54",
        "Lines": "18",
        "Lon": 20.998,
        "Lat": 52.2529
      },
      {
        "Brigade": "17",
        "Time": "2017-05-14 05:40:10",
        "Lines": "18",
        "Lon": 20.9985,
        "Lat": 52.251
      },
      {
        "Brigade": "17",
        "Time": "2017-05-14 05:40:23",
        "Lines": "18",
        "Lon": 20.9987,
        "Lat": 52.2499
      },
      {
        "Brigade": "17",
        "Time": "2017-05-14 05:40:31",
        "Lines": "18",
        "Lon": 20.9988,
        "Lat": 52.2495
      },
      {
        "Brigade": "17",
        "Time": "2017-05-14 05:40:31",
        "Lines": "18",
        "Lon": 20.9988,
        "Lat": 52.2495
      },
      {
        "Brigade": "17",
        "Time": "2017-05-14 05:40:42",
        "Lines": "18",
        "Lon": 20.9988,
        "Lat": 52.2495
      },
      {
        "Brigade": "17",
        "Time": "2017-05-14 05:40:52",
        "Lines": "18",
        "Lon": 20.9988,
        "Lat": 52.2495
      },
      {
        "Brigade": "17",
        "Time": "2017-05-14 05:41:03",
        "Lines": "18",
        "Lon": 20.9988,
        "Lat": 52.2495
      },
      {
        "Brigade": "17",
        "Time": "2017-05-14 05:41:13",
        "Lines": "18",
        "Lon": 20.9991,
        "Lat": 52.2485
      },
      {
        "Brigade": "17",
        "Time": "2017-05-14 05:41:29",
        "Lines": "18",
        "Lon": 20.9996,
        "Lat": 52.2465
      },
      {
        "Brigade": "17",
        "Time": "2017-05-14 05:41:39",
        "Lines": "18",
        "Lon": 21.0004,
        "Lat": 52.2455
      },
      {
        "Brigade": "17",
        "Time": "2017-05-14 05:41:50",
        "Lines": "18",
        "Lon": 21.0006,
        "Lat": 52.2452
      },
      {
        "Brigade": "17",
        "Time": "2017-05-14 05:42:00",
        "Lines": "18",
        "Lon": 21.0007,
        "Lat": 52.2451
      },
      {
        "Brigade": "17",
        "Time": "2017-05-14 05:42:11",
        "Lines": "18",
        "Lon": 21.001,
        "Lat": 52.2447
      },
      {
        "Brigade": "17",
        "Time": "2017-05-14 05:42:11",
        "Lines": "18",
        "Lon": 21.001,
        "Lat": 52.2447
      },
      {
        "Brigade": "17",
        "Time": "2017-05-14 05:42:21",
        "Lines": "18",
        "Lon": 21.001,
        "Lat": 52.2447
      },
      {
        "Brigade": "17",
        "Time": "2017-05-14 05:42:32",
        "Lines": "18",
        "Lon": 21.0012,
        "Lat": 52.2444
      },
      {
        "Brigade": "17",
        "Time": "2017-05-14 05:42:42",
        "Lines": "18",
        "Lon": 21.0017,
        "Lat": 52.244
      },
      {
        "Brigade": "17",
        "Time": "2017-05-14 05:42:53",
        "Lines": "18",
        "Lon": 21.0023,
        "Lat": 52.2436
      },
      {
        "Brigade": "17",
        "Time": "2017-05-14 05:43:08",
        "Lines": "18",
        "Lon": 21.0026,
        "Lat": 52.2434
      },
      {
        "Brigade": "17",
        "Time": "2017-05-14 05:43:19",
        "Lines": "18",
        "Lon": 21.0026,
        "Lat": 52.2434
      },
      {
        "Brigade": "17",
        "Time": "2017-05-14 05:43:29",
        "Lines": "18",
        "Lon": 21.0033,
        "Lat": 52.2428
      },
      {
        "Brigade": "17",
        "Time": "2017-05-14 05:43:40",
        "Lines": "18",
        "Lon": 21.004,
        "Lat": 52.2422
      },
      {
        "Brigade": "17",
        "Time": "2017-05-14 05:43:50",
        "Lines": "18",
        "Lon": 21.0045,
        "Lat": 52.2415
      },
      {
        "Brigade": "17",
        "Time": "2017-05-14 05:43:56",
        "Lines": "18",
        "Lon": 21.0048,
        "Lat": 52.2412
      },
      {
        "Brigade": "17",
        "Time": "2017-05-14 05:43:56",
        "Lines": "18",
        "Lon": 21.0048,
        "Lat": 52.2412
      },
      {
        "Brigade": "17",
        "Time": "2017-05-14 05:43:56",
        "Lines": "18",
        "Lon": 21.0048,
        "Lat": 52.2412
      },
      {
        "Brigade": "17",
        "Time": "2017-05-14 05:44:22",
        "Lines": "18",
        "Lon": 21.0057,
        "Lat": 52.2391
      },
      {
        "Brigade": "17",
        "Time": "2017-05-14 05:44:32",
        "Lines": "18",
        "Lon": 21.0063,
        "Lat": 52.2387
      },
      {
        "Brigade": "17",
        "Time": "2017-05-14 05:44:43",
        "Lines": "18",
        "Lon": 21.0065,
        "Lat": 52.2386
      },
      {
        "Brigade": "17",
        "Time": "2017-05-14 05:44:59",
        "Lines": "18",
        "Lon": 21.0065,
        "Lat": 52.2386
      },
      {
        "Brigade": "17",
        "Time": "2017-05-14 05:45:09",
        "Lines": "18",
        "Lon": 21.0065,
        "Lat": 52.2386
      },
      {
        "Brigade": "17",
        "Time": "2017-05-14 05:45:20",
        "Lines": "18",
        "Lon": 21.0065,
        "Lat": 52.2386
      },
      {
        "Brigade": "17",
        "Time": "2017-05-14 05:45:30",
        "Lines": "18",
        "Lon": 21.0065,
        "Lat": 52.2386
      },
      {
        "Brigade": "17",
        "Time": "2017-05-14 05:45:40",
        "Lines": "18",
        "Lon": 21.0065,
        "Lat": 52.2386
      },
      {
        "Brigade": "17",
        "Time": "2017-05-14 05:45:40",
        "Lines": "18",
        "Lon": 21.0065,
        "Lat": 52.2386
      },
      {
        "Brigade": "17",
        "Time": "2017-05-14 05:45:52",
        "Lines": "18",
        "Lon": 21.0069,
        "Lat": 52.2379
      },
      {
        "Brigade": "17",
        "Time": "2017-05-14 05:46:02",
        "Lines": "18",
        "Lon": 21.0076,
        "Lat": 52.2367
      },
      {
        "Brigade": "17",
        "Time": "2017-05-14 05:46:12",
        "Lines": "18",
        "Lon": 21.0082,
        "Lat": 52.2358
      },
      {
        "Brigade": "17",
        "Time": "2017-05-14 05:46:23",
        "Lines": "18",
        "Lon": 21.0083,
        "Lat": 52.2356
      },
      {
        "Brigade": "17",
        "Time": "2017-05-14 05:46:33",
        "Lines": "18",
        "Lon": 21.0083,
        "Lat": 52.2356
      },
      {
        "Brigade": "17",
        "Time": "2017-05-14 05:46:45",
        "Lines": "18",
        "Lon": 21.0087,
        "Lat": 52.2349
      },
      {
        "Brigade": "17",
        "Time": "2017-05-14 05:47:00",
        "Lines": "18",
        "Lon": 21.0093,
        "Lat": 52.2339
      },
      {
        "Brigade": "17",
        "Time": "2017-05-14 05:47:10",
        "Lines": "18",
        "Lon": 21.0103,
        "Lat": 52.2322
      },
      {
        "Brigade": "17",
        "Time": "2017-05-14 05:47:20",
        "Lines": "18",
        "Lon": 21.011,
        "Lat": 52.2312
      },
      {
        "Brigade": "17",
        "Time": "2017-05-14 05:47:31",
        "Lines": "18",
        "Lon": 21.0114,
        "Lat": 52.2304
      },
      {
        "Brigade": "17",
        "Time": "2017-05-14 05:47:31",
        "Lines": "18",
        "Lon": 21.0114,
        "Lat": 52.2304
      },
      {
        "Brigade": "17",
        "Time": "2017-05-14 05:47:41",
        "Lines": "18",
        "Lon": 21.0115,
        "Lat": 52.2302
      },
      {
        "Brigade": "17",
        "Time": "2017-05-14 05:47:52",
        "Lines": "18",
        "Lon": 21.0115,
        "Lat": 52.2302
      },
      {
        "Brigade": "17",
        "Time": "2017-05-14 05:48:02",
        "Lines": "18",
        "Lon": 21.0115,
        "Lat": 52.2302
      },
      {
        "Brigade": "17",
        "Time": "2017-05-14 05:48:13",
        "Lines": "18",
        "Lon": 21.0115,
        "Lat": 52.2302
      },
      {
        "Brigade": "17",
        "Time": "2017-05-14 05:48:23",
        "Lines": "18",
        "Lon": 21.0115,
        "Lat": 52.2302
      },
      {
        "Brigade": "17",
        "Time": "2017-05-14 05:48:39",
        "Lines": "18",
        "Lon": 21.012,
        "Lat": 52.2294
      },
      {
        "Brigade": "17",
        "Time": "2017-05-14 05:48:49",
        "Lines": "18",
        "Lon": 21.0127,
        "Lat": 52.2282
      },
      {
        "Brigade": "17",
        "Time": "2017-05-14 05:49:00",
        "Lines": "18",
        "Lon": 21.0133,
        "Lat": 52.2273
      },
      {
        "Brigade": "17",
        "Time": "2017-05-14 05:49:10",
        "Lines": "18",
        "Lon": 21.0133,
        "Lat": 52.2272
      },
      {
        "Brigade": "17",
        "Time": "2017-05-14 05:49:21",
        "Lines": "18",
        "Lon": 21.0133,
        "Lat": 52.2272
      },
      {
        "Brigade": "17",
        "Time": "2017-05-14 05:49:21",
        "Lines": "18",
        "Lon": 21.0133,
        "Lat": 52.2272
      },
      {
        "Brigade": "17",
        "Time": "2017-05-14 05:49:31",
        "Lines": "18",
        "Lon": 21.0133,
        "Lat": 52.2272
      },
      {
        "Brigade": "17",
        "Time": "2017-05-14 05:49:42",
        "Lines": "18",
        "Lon": 21.0133,
        "Lat": 52.2272
      },
      {
        "Brigade": "17",
        "Time": "2017-05-14 05:49:52",
        "Lines": "18",
        "Lon": 21.0133,
        "Lat": 52.2272
      },
      {
        "Brigade": "17",
        "Time": "2017-05-14 05:50:03",
        "Lines": "18",
        "Lon": 21.0138,
        "Lat": 52.2265
      },
      {
        "Brigade": "17",
        "Time": "2017-05-14 05:50:14",
        "Lines": "18",
        "Lon": 21.0146,
        "Lat": 52.2251
      },
      {
        "Brigade": "17",
        "Time": "2017-05-14 05:50:26",
        "Lines": "18",
        "Lon": 21.0153,
        "Lat": 52.2239
      },
      {
        "Brigade": "17",
        "Time": "2017-05-14 05:50:35",
        "Lines": "18",
        "Lon": 21.0156,
        "Lat": 52.2234
      },
      {
        "Brigade": "17",
        "Time": "2017-05-14 05:50:35",
        "Lines": "18",
        "Lon": 21.0156,
        "Lat": 52.2234
      },
      {
        "Brigade": "17",
        "Time": "2017-05-14 05:51:01",
        "Lines": "18",
        "Lon": 21.0156,
        "Lat": 52.2234
      },
      {
        "Brigade": "17",
        "Time": "2017-05-14 05:51:11",
        "Lines": "18",
        "Lon": 21.0157,
        "Lat": 52.2233
      },
      {
        "Brigade": "17",
        "Time": "2017-05-14 05:51:11",
        "Lines": "18",
        "Lon": 21.0157,
        "Lat": 52.2233
      },
      {
        "Brigade": "17",
        "Time": "2017-05-14 05:51:21",
        "Lines": "18",
        "Lon": 21.0162,
        "Lat": 52.2227
      },
      {
        "Brigade": "17",
        "Time": "2017-05-14 05:51:32",
        "Lines": "18",
        "Lon": 21.0166,
        "Lat": 52.2221
      },
      {
        "Brigade": "17",
        "Time": "2017-05-14 05:51:44",
        "Lines": "18",
        "Lon": 21.017,
        "Lat": 52.2214
      },
      {
        "Brigade": "17",
        "Time": "2017-05-14 05:51:53",
        "Lines": "18",
        "Lon": 21.0173,
        "Lat": 52.2208
      },
      {
        "Brigade": "17",
        "Time": "2017-05-14 05:52:03",
        "Lines": "18",
        "Lon": 21.0175,
        "Lat": 52.2206
      },
      {
        "Brigade": "17",
        "Time": "2017-05-14 05:52:14",
        "Lines": "18",
        "Lon": 21.0175,
        "Lat": 52.2206
      },
      {
        "Brigade": "17",
        "Time": "2017-05-14 05:52:30",
        "Lines": "18",
        "Lon": 21.0175,
        "Lat": 52.2206
      },
      {
        "Brigade": "17",
        "Time": "2017-05-14 05:52:40",
        "Lines": "18",
        "Lon": 21.0175,
        "Lat": 52.2206
      },
      {
        "Brigade": "17",
        "Time": "2017-05-14 05:52:51",
        "Lines": "18",
        "Lon": 21.0175,
        "Lat": 52.2206
      },
      {
        "Brigade": "17",
        "Time": "2017-05-14 05:53:01",
        "Lines": "18",
        "Lon": 21.0175,
        "Lat": 52.2206
      },
      {
        "Brigade": "17",
        "Time": "2017-05-14 05:53:01",
        "Lines": "18",
        "Lon": 21.0175,
        "Lat": 52.2206
      },
      {
        "Brigade": "17",
        "Time": "2017-05-14 05:53:12",
        "Lines": "18",
        "Lon": 21.0176,
        "Lat": 52.2205
      },
      {
        "Brigade": "17",
        "Time": "2017-05-14 05:53:22",
        "Lines": "18",
        "Lon": 21.0178,
        "Lat": 52.22
      },
      {
        "Brigade": "17",
        "Time": "2017-05-14 05:53:33",
        "Lines": "18",
        "Lon": 21.018,
        "Lat": 52.2196
      },
      {
        "Brigade": "17",
        "Time": "2017-05-14 05:53:43",
        "Lines": "18",
        "Lon": 21.0184,
        "Lat": 52.2189
      },
      {
        "Brigade": "17",
        "Time": "2017-05-14 05:53:54",
        "Lines": "18",
        "Lon": 21.0189,
        "Lat": 52.218
      },
      {
        "Brigade": "17",
        "Time": "2017-05-14 05:54:04",
        "Lines": "18",
        "Lon": 21.0192,
        "Lat": 52.2175
      },
      {
        "Brigade": "17",
        "Time": "2017-05-14 05:54:15",
        "Lines": "18",
        "Lon": 21.0193,
        "Lat": 52.2174
      },
      {
        "Brigade": "17",
        "Time": "2017-05-14 05:54:30",
        "Lines": "18",
        "Lon": 21.0193,
        "Lat": 52.2174
      },
      {
        "Brigade": "17",
        "Time": "2017-05-14 05:54:42",
        "Lines": "18",
        "Lon": 21.0193,
        "Lat": 52.2174
      },
      {
        "Brigade": "17",
        "Time": "2017-05-14 05:54:51",
        "Lines": "18",
        "Lon": 21.0197,
        "Lat": 52.2166
      },
      {
        "Brigade": "17",
        "Time": "2017-05-14 05:54:51",
        "Lines": "18",
        "Lon": 21.0197,
        "Lat": 52.2166
      },
      {
        "Brigade": "17",
        "Time": "2017-05-14 05:55:00",
        "Lines": "18",
        "Lon": 21.02,
        "Lat": 52.2162
      },
      {
        "Brigade": "17",
        "Time": "2017-05-14 05:55:09",
        "Lines": "18",
        "Lon": 21.0205,
        "Lat": 52.2155
      },
      {
        "Brigade": "17",
        "Time": "2017-05-14 05:55:23",
        "Lines": "18",
        "Lon": 21.0211,
        "Lat": 52.2144
      },
      {
        "Brigade": "17",
        "Time": "2017-05-14 05:55:33",
        "Lines": "18",
        "Lon": 21.0213,
        "Lat": 52.2141
      },
      {
        "Brigade": "17",
        "Time": "2017-05-14 05:55:44",
        "Lines": "18",
        "Lon": 21.0213,
        "Lat": 52.2141
      },
      {
        "Brigade": "17",
        "Time": "2017-05-14 05:55:54",
        "Lines": "18",
        "Lon": 21.0213,
        "Lat": 52.2141
      },
      {
        "Brigade": "17",
        "Time": "2017-05-14 05:56:10",
        "Lines": "18",
        "Lon": 21.0214,
        "Lat": 52.214
      },
      {
        "Brigade": "17",
        "Time": "2017-05-14 05:56:20",
        "Lines": "18",
        "Lon": 21.0214,
        "Lat": 52.2133
      },
      {
        "Brigade": "17",
        "Time": "2017-05-14 05:56:31",
        "Lines": "18",
        "Lon": 21.0209,
        "Lat": 52.2125
      },
      {
        "Brigade": "17",
        "Time": "2017-05-14 05:56:41",
        "Lines": "18",
        "Lon": 21.0206,
        "Lat": 52.212
      },
      {
        "Brigade": "17",
        "Time": "2017-05-14 05:56:41",
        "Lines": "18",
        "Lon": 21.0206,
        "Lat": 52.212
      },
      {
        "Brigade": "17",
        "Time": "2017-05-14 05:56:52",
        "Lines": "18",
        "Lon": 21.0206,
        "Lat": 52.2119
      },
      {
        "Brigade": "17",
        "Time": "2017-05-14 05:57:02",
        "Lines": "18",
        "Lon": 21.0206,
        "Lat": 52.2119
      },
      {
        "Brigade": "17",
        "Time": "2017-05-14 05:57:13",
        "Lines": "18",
        "Lon": 21.0206,
        "Lat": 52.2119
      },
      {
        "Brigade": "17",
        "Time": "2017-05-14 05:57:23",
        "Lines": "18",
        "Lon": 21.0206,
        "Lat": 52.2119
      },
      {
        "Brigade": "17",
        "Time": "2017-05-14 05:57:34",
        "Lines": "18",
        "Lon": 21.0205,
        "Lat": 52.2117
      },
      {
        "Brigade": "17",
        "Time": "2017-05-14 05:57:50",
        "Lines": "18",
        "Lon": 21.0211,
        "Lat": 52.21
      },
      {
        "Brigade": "17",
        "Time": "2017-05-14 05:58:00",
        "Lines": "18",
        "Lon": 21.0215,
        "Lat": 52.2091
      },
      {
        "Brigade": "17",
        "Time": "2017-05-14 05:58:11",
        "Lines": "18",
        "Lon": 21.0216,
        "Lat": 52.2089
      },
      {
        "Brigade": "17",
        "Time": "2017-05-14 05:58:21",
        "Lines": "18",
        "Lon": 21.0217,
        "Lat": 52.2089
      },
      {
        "Brigade": "17",
        "Time": "2017-05-14 05:58:21",
        "Lines": "18",
        "Lon": 21.0217,
        "Lat": 52.2089
      },
      {
        "Brigade": "17",
        "Time": "2017-05-14 05:58:31",
        "Lines": "18",
        "Lon": 21.0219,
        "Lat": 52.2083
      },
      {
        "Brigade": "17",
        "Time": "2017-05-14 05:58:42",
        "Lines": "18",
        "Lon": 21.022,
        "Lat": 52.2077
      },
      {
        "Brigade": "17",
        "Time": "2017-05-14 05:58:52",
        "Lines": "18",
        "Lon": 21.0221,
        "Lat": 52.2075
      },
      {
        "Brigade": "17",
        "Time": "2017-05-14 05:59:03",
        "Lines": "18",
        "Lon": 21.0221,
        "Lat": 52.2075
      },
      {
        "Brigade": "17",
        "Time": "2017-05-14 05:59:13",
        "Lines": "18",
        "Lon": 21.0221,
        "Lat": 52.2075
      },
      {
        "Brigade": "17",
        "Time": "2017-05-14 05:59:25",
        "Lines": "18",
        "Lon": 21.0222,
        "Lat": 52.2074
      },
      {
        "Brigade": "17",
        "Time": "2017-05-14 05:59:36",
        "Lines": "18",
        "Lon": 21.0225,
        "Lat": 52.2065
      },
      {
        "Brigade": "17",
        "Time": "2017-05-14 05:59:50",
        "Lines": "18",
        "Lon": 21.0229,
        "Lat": 52.2052
      },
      {
        "Brigade": "17",
        "Time": "2017-05-14 06:00:01",
        "Lines": "18",
        "Lon": 21.0229,
        "Lat": 52.2048
      },
      {
        "Brigade": "17",
        "Time": "2017-05-14 06:00:13",
        "Lines": "18",
        "Lon": 21.023,
        "Lat": 52.2047
      },
      {
        "Brigade": "17",
        "Time": "2017-05-14 06:00:13",
        "Lines": "18",
        "Lon": 21.023,
        "Lat": 52.2047
      },
      {
        "Brigade": "17",
        "Time": "2017-05-14 06:00:24",
        "Lines": "18",
        "Lon": 21.0232,
        "Lat": 52.2036
      },
      {
        "Brigade": "17",
        "Time": "2017-05-14 06:00:34",
        "Lines": "18",
        "Lon": 21.0233,
        "Lat": 52.2026
      },
      {
        "Brigade": "17",
        "Time": "2017-05-14 06:00:43",
        "Lines": "18",
        "Lon": 21.0236,
        "Lat": 52.202
      },
      {
        "Brigade": "17",
        "Time": "2017-05-14 06:00:53",
        "Lines": "18",
        "Lon": 21.0237,
        "Lat": 52.2019
      },
      {
        "Brigade": "17",
        "Time": "2017-05-14 06:01:04",
        "Lines": "18",
        "Lon": 21.0237,
        "Lat": 52.2019
      },
      {
        "Brigade": "17",
        "Time": "2017-05-14 06:01:14",
        "Lines": "18",
        "Lon": 21.0237,
        "Lat": 52.2019
      },
      {
        "Brigade": "17",
        "Time": "2017-05-14 06:01:30",
        "Lines": "18",
        "Lon": 21.0237,
        "Lat": 52.2008
      },
      {
        "Brigade": "17",
        "Time": "2017-05-14 06:01:40",
        "Lines": "18",
        "Lon": 21.0239,
        "Lat": 52.1999
      },
      {
        "Brigade": "17",
        "Time": "2017-05-14 06:01:51",
        "Lines": "18",
        "Lon": 21.0239,
        "Lat": 52.1991
      },
      {
        "Brigade": "17",
        "Time": "2017-05-14 06:02:01",
        "Lines": "18",
        "Lon": 21.024,
        "Lat": 52.1982
      },
      {
        "Brigade": "17",
        "Time": "2017-05-14 06:02:01",
        "Lines": "18",
        "Lon": 21.024,
        "Lat": 52.1982
      },
      {
        "Brigade": "17",
        "Time": "2017-05-14 06:02:12",
        "Lines": "18",
        "Lon": 21.0241,
        "Lat": 52.1975
      },
      {
        "Brigade": "17",
        "Time": "2017-05-14 06:02:22",
        "Lines": "18",
        "Lon": 21.0241,
        "Lat": 52.1968
      },
      {
        "Brigade": "17",
        "Time": "2017-05-14 06:02:33",
        "Lines": "18",
        "Lon": 21.0241,
        "Lat": 52.1965
      },
      {
        "Brigade": "17",
        "Time": "2017-05-14 06:02:43",
        "Lines": "18",
        "Lon": 21.0241,
        "Lat": 52.1965
      },
      {
        "Brigade": "17",
        "Time": "2017-05-14 06:02:54",
        "Lines": "18",
        "Lon": 21.0241,
        "Lat": 52.1965
      },
      {
        "Brigade": "17",
        "Time": "2017-05-14 06:03:04",
        "Lines": "18",
        "Lon": 21.0241,
        "Lat": 52.1965
      },
      {
        "Brigade": "17",
        "Time": "2017-05-14 06:03:20",
        "Lines": "18",
        "Lon": 21.0242,
        "Lat": 52.1964
      },
      {
        "Brigade": "17",
        "Time": "2017-05-14 06:03:31",
        "Lines": "18",
        "Lon": 21.0242,
        "Lat": 52.1956
      },
      {
        "Brigade": "17",
        "Time": "2017-05-14 06:03:41",
        "Lines": "18",
        "Lon": 21.0242,
        "Lat": 52.1948
      },
      {
        "Brigade": "17",
        "Time": "2017-05-14 06:03:52",
        "Lines": "18",
        "Lon": 21.0243,
        "Lat": 52.1941
      },
      {
        "Brigade": "17",
        "Time": "2017-05-14 06:03:52",
        "Lines": "18",
        "Lon": 21.0243,
        "Lat": 52.1941
      },
      {
        "Brigade": "17",
        "Time": "2017-05-14 06:04:02",
        "Lines": "18",
        "Lon": 21.0243,
        "Lat": 52.1939
      },
      {
        "Brigade": "17",
        "Time": "2017-05-14 06:04:13",
        "Lines": "18",
        "Lon": 21.0243,
        "Lat": 52.1939
      },
      {
        "Brigade": "17",
        "Time": "2017-05-14 06:04:23",
        "Lines": "18",
        "Lon": 21.0243,
        "Lat": 52.1939
      },
      {
        "Brigade": "17",
        "Time": "2017-05-14 06:04:34",
        "Lines": "18",
        "Lon": 21.0243,
        "Lat": 52.1934
      },
      {
        "Brigade": "17",
        "Time": "2017-05-14 06:04:44",
        "Lines": "18",
        "Lon": 21.0244,
        "Lat": 52.1926
      },
      {
        "Brigade": "17",
        "Time": "2017-05-14 06:04:54",
        "Lines": "18",
        "Lon": 21.0245,
        "Lat": 52.1919
      },
      {
        "Brigade": "17",
        "Time": "2017-05-14 06:05:05",
        "Lines": "18",
        "Lon": 21.0245,
        "Lat": 52.1912
      },
      {
        "Brigade": "17",
        "Time": "2017-05-14 06:05:21",
        "Lines": "18",
        "Lon": 21.0245,
        "Lat": 52.1904
      },
      {
        "Brigade": "17",
        "Time": "2017-05-14 06:05:31",
        "Lines": "18",
        "Lon": 21.0245,
        "Lat": 52.1902
      },
      {
        "Brigade": "17",
        "Time": "2017-05-14 06:05:42",
        "Lines": "18",
        "Lon": 21.0245,
        "Lat": 52.1902
      },
      {
        "Brigade": "17",
        "Time": "2017-05-14 06:05:42",
        "Lines": "18",
        "Lon": 21.0245,
        "Lat": 52.1902
      },
      {
        "Brigade": "17",
        "Time": "2017-05-14 06:05:52",
        "Lines": "18",
        "Lon": 21.0245,
        "Lat": 52.1902
      },
      {
        "Brigade": "17",
        "Time": "2017-05-14 06:06:03",
        "Lines": "18",
        "Lon": 21.0245,
        "Lat": 52.1902
      },
      {
        "Brigade": "17",
        "Time": "2017-05-14 06:06:13",
        "Lines": "18",
        "Lon": 21.0245,
        "Lat": 52.1902
      },
      {
        "Brigade": "17",
        "Time": "2017-05-14 06:06:24",
        "Lines": "18",
        "Lon": 21.0245,
        "Lat": 52.1902
      },
      {
        "Brigade": "17",
        "Time": "2017-05-14 06:06:34",
        "Lines": "18",
        "Lon": 21.0245,
        "Lat": 52.1902
      },
      {
        "Brigade": "17",
        "Time": "2017-05-14 06:06:45",
        "Lines": "18",
        "Lon": 21.0245,
        "Lat": 52.1902
      },
      {
        "Brigade": "17",
        "Time": "2017-05-14 06:06:55",
        "Lines": "18",
        "Lon": 21.0245,
        "Lat": 52.19
      },
      {
        "Brigade": "17",
        "Time": "2017-05-14 06:07:06",
        "Lines": "18",
        "Lon": 21.0236,
        "Lat": 52.1898
      },
      {
        "Brigade": "17",
        "Time": "2017-05-14 06:07:21",
        "Lines": "18",
        "Lon": 21.0231,
        "Lat": 52.1898
      },
      {
        "Brigade": "17",
        "Time": "2017-05-14 06:07:32",
        "Lines": "18",
        "Lon": 21.0217,
        "Lat": 52.1896
      },
      {
        "Brigade": "17",
        "Time": "2017-05-14 06:07:32",
        "Lines": "18",
        "Lon": 21.0217,
        "Lat": 52.1896
      },
      {
        "Brigade": "17",
        "Time": "2017-05-14 06:07:42",
        "Lines": "18",
        "Lon": 21.0208,
        "Lat": 52.1895
      },
      {
        "Brigade": "17",
        "Time": "2017-05-14 06:07:53",
        "Lines": "18",
        "Lon": 21.02,
        "Lat": 52.1894
      },
      {
        "Brigade": "17",
        "Time": "2017-05-14 06:08:03",
        "Lines": "18",
        "Lon": 21.0191,
        "Lat": 52.1893
      },
      {
        "Brigade": "17",
        "Time": "2017-05-14 06:08:14",
        "Lines": "18",
        "Lon": 21.0181,
        "Lat": 52.1891
      },
      {
        "Brigade": "17",
        "Time": "2017-05-14 06:08:19",
        "Lines": "18",
        "Lon": 21.0179,
        "Lat": 52.1891
      },
      {
        "Brigade": "17",
        "Time": "2017-05-14 06:08:19",
        "Lines": "18",
        "Lon": 21.0179,
        "Lat": 52.1891
      },
      {
        "Brigade": "17",
        "Time": "2017-05-14 06:08:42",
        "Lines": "18",
        "Lon": 21.0178,
        "Lat": 52.1891
      },
      {
        "Brigade": "17",
        "Time": "2017-05-14 06:08:56",
        "Lines": "18",
        "Lon": 21.0178,
        "Lat": 52.1891
      },
      {
        "Brigade": "17",
        "Time": "2017-05-14 06:09:06",
        "Lines": "18",
        "Lon": 21.0178,
        "Lat": 52.1891
      },
      {
        "Brigade": "17",
        "Time": "2017-05-14 06:09:22",
        "Lines": "18",
        "Lon": 21.0176,
        "Lat": 52.1891
      },
      {
        "Brigade": "17",
        "Time": "2017-05-14 06:09:22",
        "Lines": "18",
        "Lon": 21.0176,
        "Lat": 52.1891
      },
      {
        "Brigade": "17",
        "Time": "2017-05-14 06:09:33",
        "Lines": "18",
        "Lon": 21.0167,
        "Lat": 52.189
      },
      {
        "Brigade": "17",
        "Time": "2017-05-14 06:09:43",
        "Lines": "18",
        "Lon": 21.0145,
        "Lat": 52.189
      },
      {
        "Brigade": "17",
        "Time": "2017-05-14 06:09:53",
        "Lines": "18",
        "Lon": 21.0128,
        "Lat": 52.1889
      },
      {
        "Brigade": "17",
        "Time": "2017-05-14 06:10:04",
        "Lines": "18",
        "Lon": 21.012,
        "Lat": 52.1889
      },
      {
        "Brigade": "17",
        "Time": "2017-05-14 06:10:15",
        "Lines": "18",
        "Lon": 21.012,
        "Lat": 52.1889
      },
      {
        "Brigade": "17",
        "Time": "2017-05-14 06:10:25",
        "Lines": "18",
        "Lon": 21.012,
        "Lat": 52.1889
      },
      {
        "Brigade": "17",
        "Time": "2017-05-14 06:10:36",
        "Lines": "18",
        "Lon": 21.0109,
        "Lat": 52.1889
      },
      {
        "Brigade": "17",
        "Time": "2017-05-14 06:10:46",
        "Lines": "18",
        "Lon": 21.0093,
        "Lat": 52.1889
      },
      {
        "Brigade": "17",
        "Time": "2017-05-14 06:10:56",
        "Lines": "18",
        "Lon": 21.0081,
        "Lat": 52.1889
      },
      {
        "Brigade": "17",
        "Time": "2017-05-14 06:11:12",
        "Lines": "18",
        "Lon": 21.0077,
        "Lat": 52.1889
      },
      {
        "Brigade": "17",
        "Time": "2017-05-14 06:11:12",
        "Lines": "18",
        "Lon": 21.0077,
        "Lat": 52.1889
      },
      {
        "Brigade": "17",
        "Time": "2017-05-14 06:11:23",
        "Lines": "18",
        "Lon": 21.0077,
        "Lat": 52.1889
      },
      {
        "Brigade": "17",
        "Time": "2017-05-14 06:11:33",
        "Lines": "18",
        "Lon": 21.0077,
        "Lat": 52.1889
      },
      {
        "Brigade": "17",
        "Time": "2017-05-14 06:11:44",
        "Lines": "18",
        "Lon": 21.0077,
        "Lat": 52.1889
      },
      {
        "Brigade": "17",
        "Time": "2017-05-14 06:11:54",
        "Lines": "18",
        "Lon": 21.0063,
        "Lat": 52.1889
      },
      {
        "Brigade": "17",
        "Time": "2017-05-14 06:12:05",
        "Lines": "18",
        "Lon": 21.0048,
        "Lat": 52.1888
      },
      {
        "Brigade": "17",
        "Time": "2017-05-14 06:12:15",
        "Lines": "18",
        "Lon": 21.0039,
        "Lat": 52.1888
      },
      {
        "Brigade": "17",
        "Time": "2017-05-14 06:12:31",
        "Lines": "18",
        "Lon": 21.0026,
        "Lat": 52.1888
      },
      {
        "Brigade": "17",
        "Time": "2017-05-14 06:12:41",
        "Lines": "18",
        "Lon": 21.0026,
        "Lat": 52.1888
      },
      {
        "Brigade": "17",
        "Time": "2017-05-14 06:12:52",
        "Lines": "18",
        "Lon": 21.0026,
        "Lat": 52.1888
      },
      {
        "Brigade": "17",
        "Time": "2017-05-14 06:12:52",
        "Lines": "18",
        "Lon": 21.0026,
        "Lat": 52.1888
      },
      {
        "Brigade": "17",
        "Time": "2017-05-14 06:13:02",
        "Lines": "18",
        "Lon": 21.0026,
        "Lat": 52.1888
      },
      {
        "Brigade": "17",
        "Time": "2017-05-14 06:13:13",
        "Lines": "18",
        "Lon": 21.0026,
        "Lat": 52.1888
      },
      {
        "Brigade": "17",
        "Time": "2017-05-14 06:13:23",
        "Lines": "18",
        "Lon": 21.0026,
        "Lat": 52.1888
      },
      {
        "Brigade": "17",
        "Time": "2017-05-14 06:13:34",
        "Lines": "18",
        "Lon": 21.0026,
        "Lat": 52.1888
      },
      {
        "Brigade": "17",
        "Time": "2017-05-14 06:13:44",
        "Lines": "18",
        "Lon": 21.0023,
        "Lat": 52.1889
      },
      {
        "Brigade": "17",
        "Time": "2017-05-14 06:13:55",
        "Lines": "18",
        "Lon": 21.002,
        "Lat": 52.1894
      },
      {
        "Brigade": "17",
        "Time": "2017-05-14 06:14:05",
        "Lines": "18",
        "Lon": 21.002,
        "Lat": 52.1899
      },
      {
        "Brigade": "17",
        "Time": "2017-05-14 06:14:21",
        "Lines": "18",
        "Lon": 21.002,
        "Lat": 52.19
      },
      {
        "Brigade": "17",
        "Time": "2017-05-14 06:14:32",
        "Lines": "18",
        "Lon": 21.0019,
        "Lat": 52.1911
      }
    ]
  }
]
