[
  {
    "res": [
      {
        "Brigade": "12",
        "Time": "2017-05-14 07:13:57",
        "Lines": "18",
        "Lon": 21.0033,
        "Lat": 52.1888
      },
      {
        "Brigade": "12",
        "Time": "2017-05-14 07:14:08",
        "Lines": "18",
        "Lon": 21.0033,
        "Lat": 52.1888
      },
      {
        "Brigade": "12",
        "Time": "2017-05-14 07:14:18",
        "Lines": "18",
        "Lon": 21.0033,
        "Lat": 52.1888
      },
      {
        "Brigade": "12",
        "Time": "2017-05-14 07:14:33",
        "Lines": "18",
        "Lon": 21.0033,
        "Lat": 52.1888
      },
      {
        "Brigade": "12",
        "Time": "2017-05-14 07:14:33",
        "Lines": "18",
        "Lon": 21.0033,
        "Lat": 52.1888
      },
      {
        "Brigade": "12",
        "Time": "2017-05-14 07:14:44",
        "Lines": "18",
        "Lon": 21.0037,
        "Lat": 52.1888
      },
      {
        "Brigade": "12",
        "Time": "2017-05-14 07:14:54",
        "Lines": "18",
        "Lon": 21.0043,
        "Lat": 52.1888
      },
      {
        "Brigade": "12",
        "Time": "2017-05-14 07:15:05",
        "Lines": "18",
        "Lon": 21.005,
        "Lat": 52.1888
      },
      {
        "Brigade": "12",
        "Time": "2017-05-14 07:15:15",
        "Lines": "18",
        "Lon": 21.0058,
        "Lat": 52.1888
      },
      {
        "Brigade": "12",
        "Time": "2017-05-14 07:15:26",
        "Lines": "18",
        "Lon": 21.0067,
        "Lat": 52.1889
      },
      {
        "Brigade": "12",
        "Time": "2017-05-14 07:15:36",
        "Lines": "18",
        "Lon": 21.0072,
        "Lat": 52.1889
      },
      {
        "Brigade": "12",
        "Time": "2017-05-14 07:15:47",
        "Lines": "18",
        "Lon": 21.0072,
        "Lat": 52.1889
      },
      {
        "Brigade": "12",
        "Time": "2017-05-14 07:15:57",
        "Lines": "18",
        "Lon": 21.0072,
        "Lat": 52.1889
      },
      {
        "Brigade": "12",
        "Time": "2017-05-14 07:16:08",
        "Lines": "18",
        "Lon": 21.0072,
        "Lat": 52.1889
      },
      {
        "Brigade": "12",
        "Time": "2017-05-14 07:16:24",
        "Lines": "18",
        "Lon": 21.0072,
        "Lat": 52.1889
      },
      {
        "Brigade": "12",
        "Time": "2017-05-14 07:16:24",
        "Lines": "18",
        "Lon": 21.0072,
        "Lat": 52.1889
      },
      {
        "Brigade": "12",
        "Time": "2017-05-14 07:16:35",
        "Lines": "18",
        "Lon": 21.0072,
        "Lat": 52.1889
      },
      {
        "Brigade": "12",
        "Time": "2017-05-14 07:16:44",
        "Lines": "18",
        "Lon": 21.0072,
        "Lat": 52.1889
      },
      {
        "Brigade": "12",
        "Time": "2017-05-14 07:16:55",
        "Lines": "18",
        "Lon": 21.0072,
        "Lat": 52.1889
      },
      {
        "Brigade": "12",
        "Time": "2017-05-14 07:17:05",
        "Lines": "18",
        "Lon": 21.0072,
        "Lat": 52.1889
      },
      {
        "Brigade": "12",
        "Time": "2017-05-14 07:17:16",
        "Lines": "18",
        "Lon": 21.0086,
        "Lat": 52.1889
      },
      {
        "Brigade": "12",
        "Time": "2017-05-14 07:17:26",
        "Lines": "18",
        "Lon": 21.0108,
        "Lat": 52.1889
      },
      {
        "Brigade": "12",
        "Time": "2017-05-14 07:17:37",
        "Lines": "18",
        "Lon": 21.0114,
        "Lat": 52.1889
      },
      {
        "Brigade": "12",
        "Time": "2017-05-14 07:17:47",
        "Lines": "18",
        "Lon": 21.0115,
        "Lat": 52.1889
      },
      {
        "Brigade": "12",
        "Time": "2017-05-14 07:17:58",
        "Lines": "18",
        "Lon": 21.0131,
        "Lat": 52.1889
      },
      {
        "Brigade": "12",
        "Time": "2017-05-14 07:18:14",
        "Lines": "18",
        "Lon": 21.0162,
        "Lat": 52.189
      },
      {
        "Brigade": "12",
        "Time": "2017-05-14 07:18:14",
        "Lines": "18",
        "Lon": 21.0162,
        "Lat": 52.189
      },
      {
        "Brigade": "12",
        "Time": "2017-05-14 07:18:24",
        "Lines": "18",
        "Lon": 21.0164,
        "Lat": 52.189
      },
      {
        "Brigade": "12",
        "Time": "2017-05-14 07:18:34",
        "Lines": "18",
        "Lon": 21.0165,
        "Lat": 52.189
      },
      {
        "Brigade": "12",
        "Time": "2017-05-14 07:18:45",
        "Lines": "18",
        "Lon": 21.0178,
        "Lat": 52.1891
      },
      {
        "Brigade": "12",
        "Time": "2017-05-14 07:18:56",
        "Lines": "18",
        "Lon": 21.0188,
        "Lat": 52.1892
      },
      {
        "Brigade": "12",
        "Time": "2017-05-14 07:19:06",
        "Lines": "18",
        "Lon": 21.0195,
        "Lat": 52.1893
      },
      {
        "Brigade": "12",
        "Time": "2017-05-14 07:19:16",
        "Lines": "18",
        "Lon": 21.0202,
        "Lat": 52.1894
      },
      {
        "Brigade": "12",
        "Time": "2017-05-14 07:19:27",
        "Lines": "18",
        "Lon": 21.0208,
        "Lat": 52.1895
      },
      {
        "Brigade": "12",
        "Time": "2017-05-14 07:19:37",
        "Lines": "18",
        "Lon": 21.0213,
        "Lat": 52.1895
      },
      {
        "Brigade": "12",
        "Time": "2017-05-14 07:19:48",
        "Lines": "18",
        "Lon": 21.0216,
        "Lat": 52.1896
      },
      {
        "Brigade": "12",
        "Time": "2017-05-14 07:19:58",
        "Lines": "18",
        "Lon": 21.0232,
        "Lat": 52.1898
      },
      {
        "Brigade": "12",
        "Time": "2017-05-14 07:19:58",
        "Lines": "18",
        "Lon": 21.0232,
        "Lat": 52.1898
      },
      {
        "Brigade": "12",
        "Time": "2017-05-14 07:20:14",
        "Lines": "18",
        "Lon": 21.0239,
        "Lat": 52.1898
      },
      {
        "Brigade": "12",
        "Time": "2017-05-14 07:20:25",
        "Lines": "18",
        "Lon": 21.0243,
        "Lat": 52.1898
      },
      {
        "Brigade": "12",
        "Time": "2017-05-14 07:20:36",
        "Lines": "18",
        "Lon": 21.0245,
        "Lat": 52.1903
      },
      {
        "Brigade": "12",
        "Time": "2017-05-14 07:20:42",
        "Lines": "18",
        "Lon": 21.0245,
        "Lat": 52.1907
      },
      {
        "Brigade": "12",
        "Time": "2017-05-14 07:20:42",
        "Lines": "18",
        "Lon": 21.0245,
        "Lat": 52.1907
      },
      {
        "Brigade": "12",
        "Time": "2017-05-14 07:21:07",
        "Lines": "18",
        "Lon": 21.0245,
        "Lat": 52.1908
      },
      {
        "Brigade": "12",
        "Time": "2017-05-14 07:21:22",
        "Lines": "18",
        "Lon": 21.0245,
        "Lat": 52.192
      },
      {
        "Brigade": "12",
        "Time": "2017-05-14 07:21:28",
        "Lines": "18",
        "Lon": 21.0244,
        "Lat": 52.1927
      },
      {
        "Brigade": "12",
        "Time": "2017-05-14 07:21:28",
        "Lines": "18",
        "Lon": 21.0244,
        "Lat": 52.1927
      },
      {
        "Brigade": "12",
        "Time": "2017-05-14 07:21:43",
        "Lines": "18",
        "Lon": 21.0243,
        "Lat": 52.1944
      },
      {
        "Brigade": "12",
        "Time": "2017-05-14 07:21:54",
        "Lines": "18",
        "Lon": 21.0243,
        "Lat": 52.1945
      },
      {
        "Brigade": "12",
        "Time": "2017-05-14 07:22:04",
        "Lines": "18",
        "Lon": 21.0243,
        "Lat": 52.1945
      },
      {
        "Brigade": "12",
        "Time": "2017-05-14 07:22:15",
        "Lines": "18",
        "Lon": 21.0243,
        "Lat": 52.1949
      },
      {
        "Brigade": "12",
        "Time": "2017-05-14 07:22:25",
        "Lines": "18",
        "Lon": 21.0242,
        "Lat": 52.1959
      },
      {
        "Brigade": "12",
        "Time": "2017-05-14 07:22:36",
        "Lines": "18",
        "Lon": 21.0242,
        "Lat": 52.1968
      },
      {
        "Brigade": "12",
        "Time": "2017-05-14 07:22:46",
        "Lines": "18",
        "Lon": 21.0242,
        "Lat": 52.1971
      },
      {
        "Brigade": "12",
        "Time": "2017-05-14 07:22:57",
        "Lines": "18",
        "Lon": 21.0242,
        "Lat": 52.1971
      },
      {
        "Brigade": "12",
        "Time": "2017-05-14 07:23:12",
        "Lines": "18",
        "Lon": 21.0242,
        "Lat": 52.1971
      },
      {
        "Brigade": "12",
        "Time": "2017-05-14 07:23:23",
        "Lines": "18",
        "Lon": 21.0242,
        "Lat": 52.1971
      },
      {
        "Brigade": "12",
        "Time": "2017-05-14 07:23:23",
        "Lines": "18",
        "Lon": 21.0242,
        "Lat": 52.1971
      },
      {
        "Brigade": "12",
        "Time": "2017-05-14 07:23:33",
        "Lines": "18",
        "Lon": 21.0242,
        "Lat": 52.1971
      },
      {
        "Brigade": "12",
        "Time": "2017-05-14 07:23:44",
        "Lines": "18",
        "Lon": 21.0241,
        "Lat": 52.1976
      },
      {
        "Brigade": "12",
        "Time": "2017-05-14 07:23:55",
        "Lines": "18",
        "Lon": 21.024,
        "Lat": 52.1986
      },
      {
        "Brigade": "12",
        "Time": "2017-05-14 07:24:05",
        "Lines": "18",
        "Lon": 21.0239,
        "Lat": 52.1991
      },
      {
        "Brigade": "12",
        "Time": "2017-05-14 07:24:15",
        "Lines": "18",
        "Lon": 21.0239,
        "Lat": 52.1991
      },
      {
        "Brigade": "12",
        "Time": "2017-05-14 07:24:26",
        "Lines": "18",
        "Lon": 21.0239,
        "Lat": 52.1996
      },
      {
        "Brigade": "12",
        "Time": "2017-05-14 07:24:36",
        "Lines": "18",
        "Lon": 21.0237,
        "Lat": 52.2008
      },
      {
        "Brigade": "12",
        "Time": "2017-05-14 07:24:47",
        "Lines": "18",
        "Lon": 21.0235,
        "Lat": 52.2022
      },
      {
        "Brigade": "12",
        "Time": "2017-05-14 07:24:57",
        "Lines": "18",
        "Lon": 21.0234,
        "Lat": 52.2027
      },
      {
        "Brigade": "12",
        "Time": "2017-05-14 07:25:08",
        "Lines": "18",
        "Lon": 21.0234,
        "Lat": 52.2027
      },
      {
        "Brigade": "12",
        "Time": "2017-05-14 07:25:08",
        "Lines": "18",
        "Lon": 21.0234,
        "Lat": 52.2027
      },
      {
        "Brigade": "12",
        "Time": "2017-05-14 07:25:23",
        "Lines": "18",
        "Lon": 21.0234,
        "Lat": 52.2027
      },
      {
        "Brigade": "12",
        "Time": "2017-05-14 07:25:34",
        "Lines": "18",
        "Lon": 21.0234,
        "Lat": 52.2028
      },
      {
        "Brigade": "12",
        "Time": "2017-05-14 07:25:44",
        "Lines": "18",
        "Lon": 21.0232,
        "Lat": 52.2039
      },
      {
        "Brigade": "12",
        "Time": "2017-05-14 07:25:50",
        "Lines": "18",
        "Lon": 21.023,
        "Lat": 52.2047
      },
      {
        "Brigade": "12",
        "Time": "2017-05-14 07:26:05",
        "Lines": "18",
        "Lon": 21.0229,
        "Lat": 52.2053
      },
      {
        "Brigade": "12",
        "Time": "2017-05-14 07:26:16",
        "Lines": "18",
        "Lon": 21.0229,
        "Lat": 52.2053
      },
      {
        "Brigade": "12",
        "Time": "2017-05-14 07:26:26",
        "Lines": "18",
        "Lon": 21.0229,
        "Lat": 52.2053
      },
      {
        "Brigade": "12",
        "Time": "2017-05-14 07:26:37",
        "Lines": "18",
        "Lon": 21.0229,
        "Lat": 52.2053
      },
      {
        "Brigade": "12",
        "Time": "2017-05-14 07:26:47",
        "Lines": "18",
        "Lon": 21.0228,
        "Lat": 52.2059
      },
      {
        "Brigade": "12",
        "Time": "2017-05-14 07:27:03",
        "Lines": "18",
        "Lon": 21.0219,
        "Lat": 52.2081
      },
      {
        "Brigade": "12",
        "Time": "2017-05-14 07:27:03",
        "Lines": "18",
        "Lon": 21.0219,
        "Lat": 52.2081
      },
      {
        "Brigade": "12",
        "Time": "2017-05-14 07:27:14",
        "Lines": "18",
        "Lon": 21.0214,
        "Lat": 52.2092
      },
      {
        "Brigade": "12",
        "Time": "2017-05-14 07:27:24",
        "Lines": "18",
        "Lon": 21.0213,
        "Lat": 52.2095
      },
      {
        "Brigade": "12",
        "Time": "2017-05-14 07:27:35",
        "Lines": "18",
        "Lon": 21.0213,
        "Lat": 52.2095
      },
      {
        "Brigade": "12",
        "Time": "2017-05-14 07:27:45",
        "Lines": "18",
        "Lon": 21.021,
        "Lat": 52.2102
      },
      {
        "Brigade": "12",
        "Time": "2017-05-14 07:27:56",
        "Lines": "18",
        "Lon": 21.0208,
        "Lat": 52.2106
      },
      {
        "Brigade": "12",
        "Time": "2017-05-14 07:28:06",
        "Lines": "18",
        "Lon": 21.0208,
        "Lat": 52.2106
      },
      {
        "Brigade": "12",
        "Time": "2017-05-14 07:28:17",
        "Lines": "18",
        "Lon": 21.0208,
        "Lat": 52.2106
      },
      {
        "Brigade": "12",
        "Time": "2017-05-14 07:28:27",
        "Lines": "18",
        "Lon": 21.0208,
        "Lat": 52.2106
      },
      {
        "Brigade": "12",
        "Time": "2017-05-14 07:28:37",
        "Lines": "18",
        "Lon": 21.0208,
        "Lat": 52.2106
      },
      {
        "Brigade": "12",
        "Time": "2017-05-14 07:28:37",
        "Lines": "18",
        "Lon": 21.0208,
        "Lat": 52.2106
      },
      {
        "Brigade": "12",
        "Time": "2017-05-14 07:28:53",
        "Lines": "18",
        "Lon": 21.0208,
        "Lat": 52.2106
      },
      {
        "Brigade": "12",
        "Time": "2017-05-14 07:29:04",
        "Lines": "18",
        "Lon": 21.0207,
        "Lat": 52.2109
      },
      {
        "Brigade": "12",
        "Time": "2017-05-14 07:29:14",
        "Lines": "18",
        "Lon": 21.0206,
        "Lat": 52.2119
      },
      {
        "Brigade": "12",
        "Time": "2017-05-14 07:29:25",
        "Lines": "18",
        "Lon": 21.0212,
        "Lat": 52.2129
      },
      {
        "Brigade": "12",
        "Time": "2017-05-14 07:29:35",
        "Lines": "18",
        "Lon": 21.0213,
        "Lat": 52.2131
      },
      {
        "Brigade": "12",
        "Time": "2017-05-14 07:29:46",
        "Lines": "18",
        "Lon": 21.0213,
        "Lat": 52.2131
      },
      {
        "Brigade": "12",
        "Time": "2017-05-14 07:29:56",
        "Lines": "18",
        "Lon": 21.0213,
        "Lat": 52.2131
      },
      {
        "Brigade": "12",
        "Time": "2017-05-14 07:30:07",
        "Lines": "18",
        "Lon": 21.0213,
        "Lat": 52.2132
      },
      {
        "Brigade": "12",
        "Time": "2017-05-14 07:30:17",
        "Lines": "18",
        "Lon": 21.0214,
        "Lat": 52.2134
      },
      {
        "Brigade": "12",
        "Time": "2017-05-14 07:30:33",
        "Lines": "18",
        "Lon": 21.021,
        "Lat": 52.2146
      },
      {
        "Brigade": "12",
        "Time": "2017-05-14 07:30:33",
        "Lines": "18",
        "Lon": 21.021,
        "Lat": 52.2146
      },
      {
        "Brigade": "12",
        "Time": "2017-05-14 07:30:43",
        "Lines": "18",
        "Lon": 21.021,
        "Lat": 52.2146
      },
      {
        "Brigade": "12",
        "Time": "2017-05-14 07:30:54",
        "Lines": "18",
        "Lon": 21.0207,
        "Lat": 52.2151
      },
      {
        "Brigade": "12",
        "Time": "2017-05-14 07:31:04",
        "Lines": "18",
        "Lon": 21.0199,
        "Lat": 52.2164
      },
      {
        "Brigade": "12",
        "Time": "2017-05-14 07:31:15",
        "Lines": "18",
        "Lon": 21.0192,
        "Lat": 52.2175
      },
      {
        "Brigade": "12",
        "Time": "2017-05-14 07:31:25",
        "Lines": "18",
        "Lon": 21.0187,
        "Lat": 52.2185
      },
      {
        "Brigade": "12",
        "Time": "2017-05-14 07:31:36",
        "Lines": "18",
        "Lon": 21.0181,
        "Lat": 52.2194
      },
      {
        "Brigade": "12",
        "Time": "2017-05-14 07:31:49",
        "Lines": "18",
        "Lon": 21.0181,
        "Lat": 52.2194
      },
      {
        "Brigade": "12",
        "Time": "2017-05-14 07:31:57",
        "Lines": "18",
        "Lon": 21.0179,
        "Lat": 52.2197
      },
      {
        "Brigade": "12",
        "Time": "2017-05-14 07:32:13",
        "Lines": "18",
        "Lon": 21.0171,
        "Lat": 52.221
      },
      {
        "Brigade": "12",
        "Time": "2017-05-14 07:32:23",
        "Lines": "18",
        "Lon": 21.0165,
        "Lat": 52.2222
      },
      {
        "Brigade": "12",
        "Time": "2017-05-14 07:32:23",
        "Lines": "18",
        "Lon": 21.0165,
        "Lat": 52.2222
      },
      {
        "Brigade": "12",
        "Time": "2017-05-14 07:32:30",
        "Lines": "18",
        "Lon": 21.0162,
        "Lat": 52.2227
      },
      {
        "Brigade": "12",
        "Time": "2017-05-14 07:32:45",
        "Lines": "18",
        "Lon": 21.0161,
        "Lat": 52.2229
      },
      {
        "Brigade": "12",
        "Time": "2017-05-14 07:32:54",
        "Lines": "18",
        "Lon": 21.0161,
        "Lat": 52.2229
      },
      {
        "Brigade": "12",
        "Time": "2017-05-14 07:33:05",
        "Lines": "18",
        "Lon": 21.0161,
        "Lat": 52.2229
      },
      {
        "Brigade": "12",
        "Time": "2017-05-14 07:33:15",
        "Lines": "18",
        "Lon": 21.016,
        "Lat": 52.223
      },
      {
        "Brigade": "12",
        "Time": "2017-05-14 07:33:26",
        "Lines": "18",
        "Lon": 21.0154,
        "Lat": 52.2236
      },
      {
        "Brigade": "12",
        "Time": "2017-05-14 07:33:40",
        "Lines": "18",
        "Lon": 21.0148,
        "Lat": 52.2247
      },
      {
        "Brigade": "12",
        "Time": "2017-05-14 07:33:47",
        "Lines": "18",
        "Lon": 21.0142,
        "Lat": 52.2257
      },
      {
        "Brigade": "12",
        "Time": "2017-05-14 07:33:57",
        "Lines": "18",
        "Lon": 21.0141,
        "Lat": 52.2259
      },
      {
        "Brigade": "12",
        "Time": "2017-05-14 07:34:13",
        "Lines": "18",
        "Lon": 21.0141,
        "Lat": 52.2259
      },
      {
        "Brigade": "12",
        "Time": "2017-05-14 07:34:13",
        "Lines": "18",
        "Lon": 21.0141,
        "Lat": 52.2259
      },
      {
        "Brigade": "12",
        "Time": "2017-05-14 07:34:24",
        "Lines": "18",
        "Lon": 21.0141,
        "Lat": 52.2259
      },
      {
        "Brigade": "12",
        "Time": "2017-05-14 07:34:34",
        "Lines": "18",
        "Lon": 21.0141,
        "Lat": 52.2259
      },
      {
        "Brigade": "12",
        "Time": "2017-05-14 07:34:45",
        "Lines": "18",
        "Lon": 21.0141,
        "Lat": 52.2259
      },
      {
        "Brigade": "12",
        "Time": "2017-05-14 07:34:55",
        "Lines": "18",
        "Lon": 21.0137,
        "Lat": 52.2266
      },
      {
        "Brigade": "12",
        "Time": "2017-05-14 07:35:06",
        "Lines": "18",
        "Lon": 21.013,
        "Lat": 52.2278
      },
      {
        "Brigade": "12",
        "Time": "2017-05-14 07:35:16",
        "Lines": "18",
        "Lon": 21.0122,
        "Lat": 52.229
      },
      {
        "Brigade": "12",
        "Time": "2017-05-14 07:35:26",
        "Lines": "18",
        "Lon": 21.012,
        "Lat": 52.2295
      },
      {
        "Brigade": "12",
        "Time": "2017-05-14 07:35:37",
        "Lines": "18",
        "Lon": 21.012,
        "Lat": 52.2295
      },
      {
        "Brigade": "12",
        "Time": "2017-05-14 07:35:47",
        "Lines": "18",
        "Lon": 21.012,
        "Lat": 52.2295
      },
      {
        "Brigade": "12",
        "Time": "2017-05-14 07:35:58",
        "Lines": "18",
        "Lon": 21.012,
        "Lat": 52.2295
      },
      {
        "Brigade": "12",
        "Time": "2017-05-14 07:35:58",
        "Lines": "18",
        "Lon": 21.012,
        "Lat": 52.2295
      },
      {
        "Brigade": "12",
        "Time": "2017-05-14 07:36:14",
        "Lines": "18",
        "Lon": 21.012,
        "Lat": 52.2295
      },
      {
        "Brigade": "12",
        "Time": "2017-05-14 07:36:24",
        "Lines": "18",
        "Lon": 21.0117,
        "Lat": 52.2299
      },
      {
        "Brigade": "12",
        "Time": "2017-05-14 07:36:35",
        "Lines": "18",
        "Lon": 21.0113,
        "Lat": 52.2306
      },
      {
        "Brigade": "12",
        "Time": "2017-05-14 07:36:45",
        "Lines": "18",
        "Lon": 21.0107,
        "Lat": 52.2316
      },
      {
        "Brigade": "12",
        "Time": "2017-05-14 07:36:56",
        "Lines": "18",
        "Lon": 21.0101,
        "Lat": 52.2326
      },
      {
        "Brigade": "12",
        "Time": "2017-05-14 07:37:06",
        "Lines": "18",
        "Lon": 21.0096,
        "Lat": 52.2335
      },
      {
        "Brigade": "12",
        "Time": "2017-05-14 07:37:17",
        "Lines": "18",
        "Lon": 21.0091,
        "Lat": 52.2343
      },
      {
        "Brigade": "12",
        "Time": "2017-05-14 07:37:27",
        "Lines": "18",
        "Lon": 21.0087,
        "Lat": 52.2349
      },
      {
        "Brigade": "12",
        "Time": "2017-05-14 07:37:38",
        "Lines": "18",
        "Lon": 21.0087,
        "Lat": 52.2349
      },
      {
        "Brigade": "12",
        "Time": "2017-05-14 07:37:48",
        "Lines": "18",
        "Lon": 21.0087,
        "Lat": 52.2349
      },
      {
        "Brigade": "12",
        "Time": "2017-05-14 07:37:48",
        "Lines": "18",
        "Lon": 21.0087,
        "Lat": 52.2349
      },
      {
        "Brigade": "12",
        "Time": "2017-05-14 07:38:04",
        "Lines": "18",
        "Lon": 21.0087,
        "Lat": 52.2349
      },
      {
        "Brigade": "12",
        "Time": "2017-05-14 07:38:14",
        "Lines": "18",
        "Lon": 21.0085,
        "Lat": 52.2353
      },
      {
        "Brigade": "12",
        "Time": "2017-05-14 07:38:25",
        "Lines": "18",
        "Lon": 21.0081,
        "Lat": 52.236
      },
      {
        "Brigade": "12",
        "Time": "2017-05-14 07:38:32",
        "Lines": "18",
        "Lon": 21.0078,
        "Lat": 52.2364
      },
      {
        "Brigade": "12",
        "Time": "2017-05-14 07:38:46",
        "Lines": "18",
        "Lon": 21.0072,
        "Lat": 52.2375
      },
      {
        "Brigade": "12",
        "Time": "2017-05-14 07:38:56",
        "Lines": "18",
        "Lon": 21.0069,
        "Lat": 52.2379
      },
      {
        "Brigade": "12",
        "Time": "2017-05-14 07:39:07",
        "Lines": "18",
        "Lon": 21.0069,
        "Lat": 52.2379
      },
      {
        "Brigade": "12",
        "Time": "2017-05-14 07:39:17",
        "Lines": "18",
        "Lon": 21.0069,
        "Lat": 52.2379
      },
      {
        "Brigade": "12",
        "Time": "2017-05-14 07:39:17",
        "Lines": "18",
        "Lon": 21.0069,
        "Lat": 52.2379
      },
      {
        "Brigade": "12",
        "Time": "2017-05-14 07:39:17",
        "Lines": "18",
        "Lon": 21.0069,
        "Lat": 52.2379
      },
      {
        "Brigade": "12",
        "Time": "2017-05-14 07:39:17",
        "Lines": "18",
        "Lon": 21.0069,
        "Lat": 52.2379
      },
      {
        "Brigade": "12",
        "Time": "2017-05-14 07:39:17",
        "Lines": "18",
        "Lon": 21.0069,
        "Lat": 52.2379
      },
      {
        "Brigade": "12",
        "Time": "2017-05-14 07:39:17",
        "Lines": "18",
        "Lon": 21.0069,
        "Lat": 52.2379
      },
      {
        "Brigade": "12",
        "Time": "2017-05-14 07:39:17",
        "Lines": "18",
        "Lon": 21.0069,
        "Lat": 52.2379
      },
      {
        "Brigade": "12",
        "Time": "2017-05-14 07:39:17",
        "Lines": "18",
        "Lon": 21.0069,
        "Lat": 52.2379
      },
      {
        "Brigade": "12",
        "Time": "2017-05-14 07:39:17",
        "Lines": "18",
        "Lon": 21.0069,
        "Lat": 52.2379
      },
      {
        "Brigade": "12",
        "Time": "2017-05-14 07:40:46",
        "Lines": "18",
        "Lon": 21.0057,
        "Lat": 52.2391
      },
      {
        "Brigade": "12",
        "Time": "2017-05-14 07:40:57",
        "Lines": "18",
        "Lon": 21.0054,
        "Lat": 52.2394
      },
      {
        "Brigade": "12",
        "Time": "2017-05-14 07:41:07",
        "Lines": "18",
        "Lon": 21.005,
        "Lat": 52.2402
      },
      {
        "Brigade": "12",
        "Time": "2017-05-14 07:41:18",
        "Lines": "18",
        "Lon": 21.0049,
        "Lat": 52.241
      },
      {
        "Brigade": "12",
        "Time": "2017-05-14 07:41:28",
        "Lines": "18",
        "Lon": 21.0044,
        "Lat": 52.2416
      },
      {
        "Brigade": "12",
        "Time": "2017-05-14 07:41:28",
        "Lines": "18",
        "Lon": 21.0044,
        "Lat": 52.2416
      },
      {
        "Brigade": "12",
        "Time": "2017-05-14 07:41:44",
        "Lines": "18",
        "Lon": 21.0035,
        "Lat": 52.2426
      },
      {
        "Brigade": "12",
        "Time": "2017-05-14 07:41:55",
        "Lines": "18",
        "Lon": 21.0028,
        "Lat": 52.2432
      },
      {
        "Brigade": "12",
        "Time": "2017-05-14 07:42:05",
        "Lines": "18",
        "Lon": 21.0027,
        "Lat": 52.2433
      },
      {
        "Brigade": "12",
        "Time": "2017-05-14 07:42:17",
        "Lines": "18",
        "Lon": 21.0027,
        "Lat": 52.2433
      },
      {
        "Brigade": "12",
        "Time": "2017-05-14 07:42:22",
        "Lines": "18",
        "Lon": 21.0025,
        "Lat": 52.2434
      },
      {
        "Brigade": "12",
        "Time": "2017-05-14 07:42:22",
        "Lines": "18",
        "Lon": 21.0025,
        "Lat": 52.2434
      },
      {
        "Brigade": "12",
        "Time": "2017-05-14 07:42:47",
        "Lines": "18",
        "Lon": 21.0017,
        "Lat": 52.244
      },
      {
        "Brigade": "12",
        "Time": "2017-05-14 07:42:57",
        "Lines": "18",
        "Lon": 21.0016,
        "Lat": 52.2441
      },
      {
        "Brigade": "12",
        "Time": "2017-05-14 07:43:08",
        "Lines": "18",
        "Lon": 21.0012,
        "Lat": 52.2445
      },
      {
        "Brigade": "12",
        "Time": "2017-05-14 07:43:13",
        "Lines": "18",
        "Lon": 21.001,
        "Lat": 52.2447
      },
      {
        "Brigade": "12",
        "Time": "2017-05-14 07:43:24",
        "Lines": "18",
        "Lon": 21.0007,
        "Lat": 52.2451
      },
      {
        "Brigade": "12",
        "Time": "2017-05-14 07:43:34",
        "Lines": "18",
        "Lon": 21.0007,
        "Lat": 52.2451
      },
      {
        "Brigade": "12",
        "Time": "2017-05-14 07:43:45",
        "Lines": "18",
        "Lon": 21.0005,
        "Lat": 52.2453
      },
      {
        "Brigade": "12",
        "Time": "2017-05-14 07:43:55",
        "Lines": "18",
        "Lon": 20.9999,
        "Lat": 52.246
      },
      {
        "Brigade": "12",
        "Time": "2017-05-14 07:44:06",
        "Lines": "18",
        "Lon": 20.9995,
        "Lat": 52.2469
      },
      {
        "Brigade": "12",
        "Time": "2017-05-14 07:44:16",
        "Lines": "18",
        "Lon": 20.9992,
        "Lat": 52.2479
      },
      {
        "Brigade": "12",
        "Time": "2017-05-14 07:44:27",
        "Lines": "18",
        "Lon": 20.9989,
        "Lat": 52.2489
      },
      {
        "Brigade": "12",
        "Time": "2017-05-14 07:44:37",
        "Lines": "18",
        "Lon": 20.9989,
        "Lat": 52.2491
      },
      {
        "Brigade": "12",
        "Time": "2017-05-14 07:44:48",
        "Lines": "18",
        "Lon": 20.9989,
        "Lat": 52.2491
      },
      {
        "Brigade": "12",
        "Time": "2017-05-14 07:44:58",
        "Lines": "18",
        "Lon": 20.9989,
        "Lat": 52.2492
      },
      {
        "Brigade": "12",
        "Time": "2017-05-14 07:44:58",
        "Lines": "18",
        "Lon": 20.9989,
        "Lat": 52.2492
      },
      {
        "Brigade": "12",
        "Time": "2017-05-14 07:45:14",
        "Lines": "18",
        "Lon": 20.9986,
        "Lat": 52.2507
      },
      {
        "Brigade": "12",
        "Time": "2017-05-14 07:45:24",
        "Lines": "18",
        "Lon": 20.9983,
        "Lat": 52.2517
      },
      {
        "Brigade": "12",
        "Time": "2017-05-14 07:45:35",
        "Lines": "18",
        "Lon": 20.9981,
        "Lat": 52.2527
      },
      {
        "Brigade": "12",
        "Time": "2017-05-14 07:45:42",
        "Lines": "18",
        "Lon": 20.998,
        "Lat": 52.2532
      },
      {
        "Brigade": "12",
        "Time": "2017-05-14 07:45:42",
        "Lines": "18",
        "Lon": 20.998,
        "Lat": 52.2532
      },
      {
        "Brigade": "12",
        "Time": "2017-05-14 07:45:42",
        "Lines": "18",
        "Lon": 20.998,
        "Lat": 52.2532
      },
      {
        "Brigade": "12",
        "Time": "2017-05-14 07:45:42",
        "Lines": "18",
        "Lon": 20.998,
        "Lat": 52.2532
      },
      {
        "Brigade": "12",
        "Time": "2017-05-14 07:46:30",
        "Lines": "18",
        "Lon": 20.998,
        "Lat": 52.2533
      },
      {
        "Brigade": "12",
        "Time": "2017-05-14 07:46:30",
        "Lines": "18",
        "Lon": 20.998,
        "Lat": 52.2533
      },
      {
        "Brigade": "12",
        "Time": "2017-05-14 07:46:30",
        "Lines": "18",
        "Lon": 20.998,
        "Lat": 52.2533
      },
      {
        "Brigade": "12",
        "Time": "2017-05-14 07:46:30",
        "Lines": "18",
        "Lon": 20.998,
        "Lat": 52.2533
      },
      {
        "Brigade": "12",
        "Time": "2017-05-14 07:46:30",
        "Lines": "18",
        "Lon": 20.998,
        "Lat": 52.2533
      },
      {
        "Brigade": "12",
        "Time": "2017-05-14 07:46:30",
        "Lines": "18",
        "Lon": 20.998,
        "Lat": 52.2533
      },
      {
        "Brigade": "12",
        "Time": "2017-05-14 07:46:30",
        "Lines": "18",
        "Lon": 20.998,
        "Lat": 52.2533
      },
      {
        "Brigade": "12",
        "Time": "2017-05-14 07:46:30",
        "Lines": "18",
        "Lon": 20.998,
        "Lat": 52.2533
      },
      {
        "Brigade": "12",
        "Time": "2017-05-14 07:46:30",
        "Lines": "18",
        "Lon": 20.998,
        "Lat": 52.2533
      },
      {
        "Brigade": "12",
        "Time": "2017-05-14 07:46:30",
        "Lines": "18",
        "Lon": 20.998,
        "Lat": 52.2533
      },
      {
        "Brigade": "12",
        "Time": "2017-05-14 07:46:30",
        "Lines": "18",
        "Lon": 20.998,
        "Lat": 52.2533
      },
      {
        "Brigade": "12",
        "Time": "2017-05-14 07:46:30",
        "Lines": "18",
        "Lon": 20.998,
        "Lat": 52.2533
      },
      {
        "Brigade": "12",
        "Time": "2017-05-14 07:46:30",
        "Lines": "18",
        "Lon": 20.998,
        "Lat": 52.2533
      },
      {
        "Brigade": "12",
        "Time": "2017-05-14 07:46:30",
        "Lines": "18",
        "Lon": 20.998,
        "Lat": 52.2533
      },
      {
        "Brigade": "12",
        "Time": "2017-05-14 07:46:30",
        "Lines": "18",
        "Lon": 20.998,
        "Lat": 52.2533
      },
      {
        "Brigade": "12",
        "Time": "2017-05-14 07:46:30",
        "Lines": "18",
        "Lon": 20.998,
        "Lat": 52.2533
      },
      {
        "Brigade": "12",
        "Time": "2017-05-14 07:46:30",
        "Lines": "18",
        "Lon": 20.998,
        "Lat": 52.2533
      },
      {
        "Brigade": "12",
        "Time": "2017-05-14 07:46:30",
        "Lines": "18",
        "Lon": 20.998,
        "Lat": 52.2533
      },
      {
        "Brigade": "12",
        "Time": "2017-05-14 07:46:30",
        "Lines": "18",
        "Lon": 20.998,
        "Lat": 52.2533
      },
      {
        "Brigade": "12",
        "Time": "2017-05-14 07:46:30",
        "Lines": "18",
        "Lon": 20.998,
        "Lat": 52.2533
      },
      {
        "Brigade": "12",
        "Time": "2017-05-14 07:46:30",
        "Lines": "18",
        "Lon": 20.998,
        "Lat": 52.2533
      },
      {
        "Brigade": "12",
        "Time": "2017-05-14 07:46:30",
        "Lines": "18",
        "Lon": 20.998,
        "Lat": 52.2533
      },
      {
        "Brigade": "12",
        "Time": "2017-05-14 07:46:30",
        "Lines": "18",
        "Lon": 20.998,
        "Lat": 52.2533
      },
      {
        "Brigade": "12",
        "Time": "2017-05-14 07:46:30",
        "Lines": "18",
        "Lon": 20.998,
        "Lat": 52.2533
      },
      {
        "Brigade": "12",
        "Time": "2017-05-14 07:46:30",
        "Lines": "18",
        "Lon": 20.998,
        "Lat": 52.2533
      },
      {
        "Brigade": "12",
        "Time": "2017-05-14 07:46:30",
        "Lines": "18",
        "Lon": 20.998,
        "Lat": 52.2533
      },
      {
        "Brigade": "12",
        "Time": "2017-05-14 07:46:30",
        "Lines": "18",
        "Lon": 20.998,
        "Lat": 52.2533
      },
      {
        "Brigade": "12",
        "Time": "2017-05-14 07:50:55",
        "Lines": "18",
        "Lon": 21.0118,
        "Lat": 52.2615
      },
      {
        "Brigade": "12",
        "Time": "2017-05-14 07:51:05",
        "Lines": "18",
        "Lon": 21.013,
        "Lat": 52.2618
      },
      {
        "Brigade": "12",
        "Time": "2017-05-14 07:51:16",
        "Lines": "18",
        "Lon": 21.0135,
        "Lat": 52.2619
      },
      {
        "Brigade": "12",
        "Time": "2017-05-14 07:51:26",
        "Lines": "18",
        "Lon": 21.0145,
        "Lat": 52.2623
      },
      {
        "Brigade": "12",
        "Time": "2017-05-14 07:51:38",
        "Lines": "18",
        "Lon": 21.0157,
        "Lat": 52.2626
      },
      {
        "Brigade": "12",
        "Time": "2017-05-14 07:51:43",
        "Lines": "18",
        "Lon": 21.0163,
        "Lat": 52.2628
      },
      {
        "Brigade": "12",
        "Time": "2017-05-14 07:52:03",
        "Lines": "18",
        "Lon": 21.019,
        "Lat": 52.2633
      },
      {
        "Brigade": "12",
        "Time": "2017-05-14 07:52:03",
        "Lines": "18",
        "Lon": 21.019,
        "Lat": 52.2633
      },
      {
        "Brigade": "12",
        "Time": "2017-05-14 07:52:13",
        "Lines": "18",
        "Lon": 21.0202,
        "Lat": 52.2635
      },
      {
        "Brigade": "12",
        "Time": "2017-05-14 07:52:24",
        "Lines": "18",
        "Lon": 21.0202,
        "Lat": 52.2635
      },
      {
        "Brigade": "12",
        "Time": "2017-05-14 07:52:34",
        "Lines": "18",
        "Lon": 21.0204,
        "Lat": 52.2635
      },
      {
        "Brigade": "12",
        "Time": "2017-05-14 07:52:45",
        "Lines": "18",
        "Lon": 21.0208,
        "Lat": 52.2638
      },
      {
        "Brigade": "12",
        "Time": "2017-05-14 07:52:55",
        "Lines": "18",
        "Lon": 21.021,
        "Lat": 52.2644
      },
      {
        "Brigade": "12",
        "Time": "2017-05-14 07:53:06",
        "Lines": "18",
        "Lon": 21.0207,
        "Lat": 52.2649
      },
      {
        "Brigade": "12",
        "Time": "2017-05-14 07:53:16",
        "Lines": "18",
        "Lon": 21.0203,
        "Lat": 52.2657
      },
      {
        "Brigade": "12",
        "Time": "2017-05-14 07:53:27",
        "Lines": "18",
        "Lon": 21.0201,
        "Lat": 52.2665
      },
      {
        "Brigade": "12",
        "Time": "2017-05-14 07:53:42",
        "Lines": "18",
        "Lon": 21.0199,
        "Lat": 52.2672
      },
      {
        "Brigade": "12",
        "Time": "2017-05-14 07:53:42",
        "Lines": "18",
        "Lon": 21.0199,
        "Lat": 52.2672
      },
      {
        "Brigade": "12",
        "Time": "2017-05-14 07:53:53",
        "Lines": "18",
        "Lon": 21.0199,
        "Lat": 52.2672
      },
      {
        "Brigade": "12",
        "Time": "2017-05-14 07:54:03",
        "Lines": "18",
        "Lon": 21.0199,
        "Lat": 52.2672
      },
      {
        "Brigade": "12",
        "Time": "2017-05-14 07:54:14",
        "Lines": "18",
        "Lon": 21.0197,
        "Lat": 52.2675
      },
      {
        "Brigade": "12",
        "Time": "2017-05-14 07:54:24",
        "Lines": "18",
        "Lon": 21.0191,
        "Lat": 52.2685
      },
      {
        "Brigade": "12",
        "Time": "2017-05-14 07:54:35",
        "Lines": "18",
        "Lon": 21.0182,
        "Lat": 52.2693
      },
      {
        "Brigade": "12",
        "Time": "2017-05-14 07:54:45",
        "Lines": "18",
        "Lon": 21.0173,
        "Lat": 52.27
      },
      {
        "Brigade": "12",
        "Time": "2017-05-14 07:54:56",
        "Lines": "18",
        "Lon": 21.0172,
        "Lat": 52.2701
      },
      {
        "Brigade": "12",
        "Time": "2017-05-14 07:55:12",
        "Lines": "18",
        "Lon": 21.0172,
        "Lat": 52.2701
      },
      {
        "Brigade": "12",
        "Time": "2017-05-14 07:55:22",
        "Lines": "18",
        "Lon": 21.017,
        "Lat": 52.2703
      },
      {
        "Brigade": "12",
        "Time": "2017-05-14 07:55:33",
        "Lines": "18",
        "Lon": 21.0162,
        "Lat": 52.2711
      },
      {
        "Brigade": "12",
        "Time": "2017-05-14 07:55:33",
        "Lines": "18",
        "Lon": 21.0162,
        "Lat": 52.2711
      },
      {
        "Brigade": "12",
        "Time": "2017-05-14 07:55:43",
        "Lines": "18",
        "Lon": 21.0155,
        "Lat": 52.2721
      },
      {
        "Brigade": "12",
        "Time": "2017-05-14 07:55:54",
        "Lines": "18",
        "Lon": 21.0149,
        "Lat": 52.2731
      },
      {
        "Brigade": "12",
        "Time": "2017-05-14 07:56:04",
        "Lines": "18",
        "Lon": 21.0144,
        "Lat": 52.2739
      },
      {
        "Brigade": "12",
        "Time": "2017-05-14 07:56:15",
        "Lines": "18",
        "Lon": 21.0143,
        "Lat": 52.2739
      },
      {
        "Brigade": "12",
        "Time": "2017-05-14 07:56:25",
        "Lines": "18",
        "Lon": 21.0143,
        "Lat": 52.2739
      },
      {
        "Brigade": "12",
        "Time": "2017-05-14 07:56:36",
        "Lines": "18",
        "Lon": 21.0143,
        "Lat": 52.2739
      },
      {
        "Brigade": "12",
        "Time": "2017-05-14 07:56:46",
        "Lines": "18",
        "Lon": 21.0143,
        "Lat": 52.2739
      },
      {
        "Brigade": "12",
        "Time": "2017-05-14 07:56:57",
        "Lines": "18",
        "Lon": 21.014,
        "Lat": 52.2745
      },
      {
        "Brigade": "12",
        "Time": "2017-05-14 07:57:07",
        "Lines": "18",
        "Lon": 21.0132,
        "Lat": 52.2758
      },
      {
        "Brigade": "12",
        "Time": "2017-05-14 07:57:23",
        "Lines": "18",
        "Lon": 21.012,
        "Lat": 52.2778
      },
      {
        "Brigade": "12",
        "Time": "2017-05-14 07:57:23",
        "Lines": "18",
        "Lon": 21.012,
        "Lat": 52.2778
      },
      {
        "Brigade": "12",
        "Time": "2017-05-14 07:57:33",
        "Lines": "18",
        "Lon": 21.0116,
        "Lat": 52.2783
      },
      {
        "Brigade": "12",
        "Time": "2017-05-14 07:57:44",
        "Lines": "18",
        "Lon": 21.0116,
        "Lat": 52.2783
      },
      {
        "Brigade": "12",
        "Time": "2017-05-14 07:57:54",
        "Lines": "18",
        "Lon": 21.0112,
        "Lat": 52.279
      },
      {
        "Brigade": "12",
        "Time": "2017-05-14 07:58:05",
        "Lines": "18",
        "Lon": 21.0104,
        "Lat": 52.2804
      },
      {
        "Brigade": "12",
        "Time": "2017-05-14 07:58:15",
        "Lines": "18",
        "Lon": 21.0096,
        "Lat": 52.2817
      },
      {
        "Brigade": "12",
        "Time": "2017-05-14 07:58:26",
        "Lines": "18",
        "Lon": 21.0093,
        "Lat": 52.2821
      },
      {
        "Brigade": "12",
        "Time": "2017-05-14 07:58:36",
        "Lines": "18",
        "Lon": 21.009,
        "Lat": 52.2827
      },
      {
        "Brigade": "12",
        "Time": "2017-05-14 07:58:47",
        "Lines": "18",
        "Lon": 21.0082,
        "Lat": 52.284
      },
      {
        "Brigade": "12",
        "Time": "2017-05-14 07:59:02",
        "Lines": "18",
        "Lon": 21.0069,
        "Lat": 52.2859
      },
      {
        "Brigade": "12",
        "Time": "2017-05-14 07:59:08",
        "Lines": "18",
        "Lon": 21.0065,
        "Lat": 52.2865
      },
      {
        "Brigade": "12",
        "Time": "2017-05-14 07:59:08",
        "Lines": "18",
        "Lon": 21.0065,
        "Lat": 52.2865
      },
      {
        "Brigade": "12",
        "Time": "2017-05-14 07:59:24",
        "Lines": "18",
        "Lon": 21.0061,
        "Lat": 52.2868
      },
      {
        "Brigade": "12",
        "Time": "2017-05-14 07:59:34",
        "Lines": "18",
        "Lon": 21.0058,
        "Lat": 52.2871
      },
      {
        "Brigade": "12",
        "Time": "2017-05-14 07:59:44",
        "Lines": "18",
        "Lon": 21.0045,
        "Lat": 52.2883
      },
      {
        "Brigade": "12",
        "Time": "2017-05-14 07:59:56",
        "Lines": "18",
        "Lon": 21.0035,
        "Lat": 52.2893
      },
      {
        "Brigade": "12",
        "Time": "2017-05-14 08:00:05",
        "Lines": "18",
        "Lon": 21.003,
        "Lat": 52.2897
      },
      {
        "Brigade": "12",
        "Time": "2017-05-14 08:00:10",
        "Lines": "18",
        "Lon": 21.0028,
        "Lat": 52.2899
      },
      {
        "Brigade": "12",
        "Time": "2017-05-14 08:00:29",
        "Lines": "18",
        "Lon": 21.0024,
        "Lat": 52.2902
      },
      {
        "Brigade": "12",
        "Time": "2017-05-14 08:00:37",
        "Lines": "18",
        "Lon": 21.0007,
        "Lat": 52.2897
      },
      {
        "Brigade": "12",
        "Time": "2017-05-14 08:00:48",
        "Lines": "18",
        "Lon": 21.0007,
        "Lat": 52.2897
      },
      {
        "Brigade": "12",
        "Time": "2017-05-14 08:01:03",
        "Lines": "18",
        "Lon": 21.0015,
        "Lat": 52.2899
      },
      {
        "Brigade": "12",
        "Time": "2017-05-14 08:01:03",
        "Lines": "18",
        "Lon": 21.0015,
        "Lat": 52.2899
      },
      {
        "Brigade": "12",
        "Time": "2017-05-14 08:01:14",
        "Lines": "18",
        "Lon": 21.0021,
        "Lat": 52.2902
      },
      {
        "Brigade": "12",
        "Time": "2017-05-14 08:01:24",
        "Lines": "18",
        "Lon": 21.0024,
        "Lat": 52.2903
      },
      {
        "Brigade": "12",
        "Time": "2017-05-14 08:01:34",
        "Lines": "18",
        "Lon": 21.0022,
        "Lat": 52.2902
      },
      {
        "Brigade": "12",
        "Time": "2017-05-14 08:01:45",
        "Lines": "18",
        "Lon": 21.0022,
        "Lat": 52.2902
      },
      {
        "Brigade": "12",
        "Time": "2017-05-14 08:01:55",
        "Lines": "18",
        "Lon": 21.0022,
        "Lat": 52.2902
      },
      {
        "Brigade": "12",
        "Time": "2017-05-14 08:02:06",
        "Lines": "18",
        "Lon": 21.0022,
        "Lat": 52.2902
      },
      {
        "Brigade": "12",
        "Time": "2017-05-14 08:02:16",
        "Lines": "18",
        "Lon": 21.0022,
        "Lat": 52.2902
      },
      {
        "Brigade": "12",
        "Time": "2017-05-14 08:02:27",
        "Lines": "18",
        "Lon": 21.0022,
        "Lat": 52.2902
      },
      {
        "Brigade": "12",
        "Time": "2017-05-14 08:02:37",
        "Lines": "18",
        "Lon": 21.0022,
        "Lat": 52.2902
      },
      {
        "Brigade": "12",
        "Time": "2017-05-14 08:02:48",
        "Lines": "18",
        "Lon": 21.0022,
        "Lat": 52.2902
      },
      {
        "Brigade": "12",
        "Time": "2017-05-14 08:02:48",
        "Lines": "18",
        "Lon": 21.0022,
        "Lat": 52.2902
      },
      {
        "Brigade": "12",
        "Time": "2017-05-14 08:02:58",
        "Lines": "18",
        "Lon": 21.0022,
        "Lat": 52.2902
      },
      {
        "Brigade": "12",
        "Time": "2017-05-14 08:03:14",
        "Lines": "18",
        "Lon": 21.0022,
        "Lat": 52.2902
      },
      {
        "Brigade": "12",
        "Time": "2017-05-14 08:03:25",
        "Lines": "18",
        "Lon": 21.0022,
        "Lat": 52.2902
      },
      {
        "Brigade": "12",
        "Time": "2017-05-14 08:03:35",
        "Lines": "18",
        "Lon": 21.0022,
        "Lat": 52.2902
      },
      {
        "Brigade": "12",
        "Time": "2017-05-14 08:03:46",
        "Lines": "18",
        "Lon": 21.0022,
        "Lat": 52.2902
      },
      {
        "Brigade": "12",
        "Time": "2017-05-14 08:03:56",
        "Lines": "18",
        "Lon": 21.0025,
        "Lat": 52.2905
      },
      {
        "Brigade": "12",
        "Time": "2017-05-14 08:04:06",
        "Lines": "18",
        "Lon": 21.0028,
        "Lat": 52.2906
      },
      {
        "Brigade": "12",
        "Time": "2017-05-14 08:04:17",
        "Lines": "18",
        "Lon": 21.0027,
        "Lat": 52.2905
      },
      {
        "Brigade": "12",
        "Time": "2017-05-14 08:04:28",
        "Lines": "18",
        "Lon": 21.0027,
        "Lat": 52.2905
      },
      {
        "Brigade": "12",
        "Time": "2017-05-14 08:04:38",
        "Lines": "18",
        "Lon": 21.0027,
        "Lat": 52.2905
      },
      {
        "Brigade": "12",
        "Time": "2017-05-14 08:04:38",
        "Lines": "18",
        "Lon": 21.0027,
        "Lat": 52.2905
      },
      {
        "Brigade": "12",
        "Time": "2017-05-14 08:04:54",
        "Lines": "18",
        "Lon": 21.0027,
        "Lat": 52.2905
      },
      {
        "Brigade": "12",
        "Time": "2017-05-14 08:05:04",
        "Lines": "18",
        "Lon": 21.0027,
        "Lat": 52.2905
      },
      {
        "Brigade": "12",
        "Time": "2017-05-14 08:05:15",
        "Lines": "18",
        "Lon": 21.0027,
        "Lat": 52.2905
      },
      {
        "Brigade": "12",
        "Time": "2017-05-14 08:05:25",
        "Lines": "18",
        "Lon": 21.0027,
        "Lat": 52.2905
      },
      {
        "Brigade": "12",
        "Time": "2017-05-14 08:05:36",
        "Lines": "18",
        "Lon": 21.0027,
        "Lat": 52.2905
      },
      {
        "Brigade": "12",
        "Time": "2017-05-14 08:05:46",
        "Lines": "18",
        "Lon": 21.0027,
        "Lat": 52.2905
      },
      {
        "Brigade": "12",
        "Time": "2017-05-14 08:05:57",
        "Lines": "18",
        "Lon": 21.0027,
        "Lat": 52.2905
      },
      {
        "Brigade": "12",
        "Time": "2017-05-14 08:06:07",
        "Lines": "18",
        "Lon": 21.0027,
        "Lat": 52.2905
      },
      {
        "Brigade": "12",
        "Time": "2017-05-14 08:06:18",
        "Lines": "18",
        "Lon": 21.0027,
        "Lat": 52.2905
      },
      {
        "Brigade": "12",
        "Time": "2017-05-14 08:06:28",
        "Lines": "18",
        "Lon": 21.0027,
        "Lat": 52.2905
      },
      {
        "Brigade": "12",
        "Time": "2017-05-14 08:06:28",
        "Lines": "18",
        "Lon": 21.0027,
        "Lat": 52.2905
      },
      {
        "Brigade": "12",
        "Time": "2017-05-14 08:06:39",
        "Lines": "18",
        "Lon": 21.0027,
        "Lat": 52.2905
      },
      {
        "Brigade": "12",
        "Time": "2017-05-14 08:06:54",
        "Lines": "18",
        "Lon": 21.0027,
        "Lat": 52.2905
      },
      {
        "Brigade": "12",
        "Time": "2017-05-14 08:07:05",
        "Lines": "18",
        "Lon": 21.0027,
        "Lat": 52.2905
      },
      {
        "Brigade": "12",
        "Time": "2017-05-14 08:07:15",
        "Lines": "18",
        "Lon": 21.0027,
        "Lat": 52.2905
      },
      {
        "Brigade": "12",
        "Time": "2017-05-14 08:07:27",
        "Lines": "18",
        "Lon": 21.0027,
        "Lat": 52.2905
      },
      {
        "Brigade": "12",
        "Time": "2017-05-14 08:07:36",
        "Lines": "18",
        "Lon": 21.0027,
        "Lat": 52.2905
      },
      {
        "Brigade": "12",
        "Time": "2017-05-14 08:07:47",
        "Lines": "18",
        "Lon": 21.0027,
        "Lat": 52.2905
      },
      {
        "Brigade": "12",
        "Time": "2017-05-14 08:07:57",
        "Lines": "18",
        "Lon": 21.0027,
        "Lat": 52.2905
      },
      {
        "Brigade": "12",
        "Time": "2017-05-14 08:08:08",
        "Lines": "18",
        "Lon": 21.0027,
        "Lat": 52.2905
      },
      {
        "Brigade": "12",
        "Time": "2017-05-14 08:08:19",
        "Lines": "18",
        "Lon": 21.0027,
        "Lat": 52.2905
      },
      {
        "Brigade": "12",
        "Time": "2017-05-14 08:08:19",
        "Lines": "18",
        "Lon": 21.0027,
        "Lat": 52.2905
      },
      {
        "Brigade": "12",
        "Time": "2017-05-14 08:08:29",
        "Lines": "18",
        "Lon": 21.0027,
        "Lat": 52.2905
      },
      {
        "Brigade": "12",
        "Time": "2017-05-14 08:08:39",
        "Lines": "18",
        "Lon": 21.0027,
        "Lat": 52.2905
      },
      {
        "Brigade": "12",
        "Time": "2017-05-14 08:08:55",
        "Lines": "18",
        "Lon": 21.0027,
        "Lat": 52.2905
      },
      {
        "Brigade": "12",
        "Time": "2017-05-14 08:09:06",
        "Lines": "18",
        "Lon": 21.0027,
        "Lat": 52.2905
      },
      {
        "Brigade": "12",
        "Time": "2017-05-14 08:09:16",
        "Lines": "18",
        "Lon": 21.0026,
        "Lat": 52.2905
      },
      {
        "Brigade": "12",
        "Time": "2017-05-14 08:09:27",
        "Lines": "18",
        "Lon": 21.0026,
        "Lat": 52.2905
      },
      {
        "Brigade": "12",
        "Time": "2017-05-14 08:09:38",
        "Lines": "18",
        "Lon": 21.0026,
        "Lat": 52.2906
      },
      {
        "Brigade": "12",
        "Time": "2017-05-14 08:09:47",
        "Lines": "18",
        "Lon": 21.0026,
        "Lat": 52.2905
      },
      {
        "Brigade": "12",
        "Time": "2017-05-14 08:09:59",
        "Lines": "18",
        "Lon": 21.0026,
        "Lat": 52.2905
      },
      {
        "Brigade": "12",
        "Time": "2017-05-14 08:09:59",
        "Lines": "18",
        "Lon": 21.0026,
        "Lat": 52.2905
      },
      {
        "Brigade": "12",
        "Time": "2017-05-14 08:10:09",
        "Lines": "18",
        "Lon": 21.0022,
        "Lat": 52.2902
      },
      {
        "Brigade": "12",
        "Time": "2017-05-14 08:10:24",
        "Lines": "18",
        "Lon": 21.0023,
        "Lat": 52.2904
      },
      {
        "Brigade": "12",
        "Time": "2017-05-14 08:10:35",
        "Lines": "18",
        "Lon": 21.0022,
        "Lat": 52.2904
      },
      {
        "Brigade": "12",
        "Time": "2017-05-14 08:10:45",
        "Lines": "18",
        "Lon": 21.0022,
        "Lat": 52.2904
      },
      {
        "Brigade": "12",
        "Time": "2017-05-14 08:10:56",
        "Lines": "18",
        "Lon": 21.0022,
        "Lat": 52.2904
      },
      {
        "Brigade": "12",
        "Time": "2017-05-14 08:11:06",
        "Lines": "18",
        "Lon": 21.0022,
        "Lat": 52.2904
      },
      {
        "Brigade": "12",
        "Time": "2017-05-14 08:11:17",
        "Lines": "18",
        "Lon": 21.0022,
        "Lat": 52.2904
      },
      {
        "Brigade": "12",
        "Time": "2017-05-14 08:11:27",
        "Lines": "18",
        "Lon": 21.0022,
        "Lat": 52.2904
      },
      {
        "Brigade": "12",
        "Time": "2017-05-14 08:11:37",
        "Lines": "18",
        "Lon": 21.0022,
        "Lat": 52.2904
      },
      {
        "Brigade": "12",
        "Time": "2017-05-14 08:11:53",
        "Lines": "18",
        "Lon": 21.0022,
        "Lat": 52.2904
      },
      {
        "Brigade": "12",
        "Time": "2017-05-14 08:11:53",
        "Lines": "18",
        "Lon": 21.0022,
        "Lat": 52.2904
      },
      {
        "Brigade": "12",
        "Time": "2017-05-14 08:12:04",
        "Lines": "18",
        "Lon": 21.0022,
        "Lat": 52.2904
      },
      {
        "Brigade": "12",
        "Time": "2017-05-14 08:12:14",
        "Lines": "18",
        "Lon": 21.0022,
        "Lat": 52.2904
      },
      {
        "Brigade": "12",
        "Time": "2017-05-14 08:12:25",
        "Lines": "18",
        "Lon": 21.0022,
        "Lat": 52.2904
      },
      {
        "Brigade": "12",
        "Time": "2017-05-14 08:12:35",
        "Lines": "18",
        "Lon": 21.0022,
        "Lat": 52.2904
      },
      {
        "Brigade": "12",
        "Time": "2017-05-14 08:12:46",
        "Lines": "18",
        "Lon": 21.0022,
        "Lat": 52.2904
      },
      {
        "Brigade": "12",
        "Time": "2017-05-14 08:12:56",
        "Lines": "18",
        "Lon": 21.0022,
        "Lat": 52.2904
      },
      {
        "Brigade": "12",
        "Time": "2017-05-14 08:13:07",
        "Lines": "18",
        "Lon": 21.0022,
        "Lat": 52.2904
      },
      {
        "Brigade": "12",
        "Time": "2017-05-14 08:13:17",
        "Lines": "18",
        "Lon": 21.0022,
        "Lat": 52.2904
      },
      {
        "Brigade": "12",
        "Time": "2017-05-14 08:13:28",
        "Lines": "18",
        "Lon": 21.0022,
        "Lat": 52.2904
      },
      {
        "Brigade": "12",
        "Time": "2017-05-14 08:13:38",
        "Lines": "18",
        "Lon": 21.0022,
        "Lat": 52.2904
      },
      {
        "Brigade": "12",
        "Time": "2017-05-14 08:13:38",
        "Lines": "18",
        "Lon": 21.0022,
        "Lat": 52.2904
      },
      {
        "Brigade": "12",
        "Time": "2017-05-14 08:13:54",
        "Lines": "18",
        "Lon": 21.0022,
        "Lat": 52.2904
      },
      {
        "Brigade": "12",
        "Time": "2017-05-14 08:14:04",
        "Lines": "18",
        "Lon": 21.0022,
        "Lat": 52.2904
      },
      {
        "Brigade": "12",
        "Time": "2017-05-14 08:14:15",
        "Lines": "18",
        "Lon": 21.0022,
        "Lat": 52.2904
      },
      {
        "Brigade": "12",
        "Time": "2017-05-14 08:14:25",
        "Lines": "18",
        "Lon": 21.0022,
        "Lat": 52.2904
      },
      {
        "Brigade": "12",
        "Time": "2017-05-14 08:14:36",
        "Lines": "18",
        "Lon": 21.0022,
        "Lat": 52.2904
      },
      {
        "Brigade": "12",
        "Time": "2017-05-14 08:14:46",
        "Lines": "18",
        "Lon": 21.0022,
        "Lat": 52.2904
      },
      {
        "Brigade": "12",
        "Time": "2017-05-14 08:14:57",
        "Lines": "18",
        "Lon": 21.0022,
        "Lat": 52.2904
      },
      {
        "Brigade": "12",
        "Time": "2017-05-14 08:15:08",
        "Lines": "18",
        "Lon": 21.0022,
        "Lat": 52.2904
      },
      {
        "Brigade": "12",
        "Time": "2017-05-14 08:15:18",
        "Lines": "18",
        "Lon": 21.0022,
        "Lat": 52.2904
      },
      {
        "Brigade": "12",
        "Time": "2017-05-14 08:15:18",
        "Lines": "18",
        "Lon": 21.0022,
        "Lat": 52.2904
      },
      {
        "Brigade": "12",
        "Time": "2017-05-14 08:15:29",
        "Lines": "18",
        "Lon": 21.0022,
        "Lat": 52.2904
      },
      {
        "Brigade": "12",
        "Time": "2017-05-14 08:15:44",
        "Lines": "18",
        "Lon": 21.0022,
        "Lat": 52.2904
      },
      {
        "Brigade": "12",
        "Time": "2017-05-14 08:15:55",
        "Lines": "18",
        "Lon": 21.0022,
        "Lat": 52.2904
      },
      {
        "Brigade": "12",
        "Time": "2017-05-14 08:16:05",
        "Lines": "18",
        "Lon": 21.0022,
        "Lat": 52.2904
      },
      {
        "Brigade": "12",
        "Time": "2017-05-14 08:16:16",
        "Lines": "18",
        "Lon": 21.0022,
        "Lat": 52.2904
      },
      {
        "Brigade": "12",
        "Time": "2017-05-14 08:16:26",
        "Lines": "18",
        "Lon": 21.0022,
        "Lat": 52.2904
      },
      {
        "Brigade": "12",
        "Time": "2017-05-14 08:16:38",
        "Lines": "18",
        "Lon": 21.0022,
        "Lat": 52.2904
      },
      {
        "Brigade": "12",
        "Time": "2017-05-14 08:16:48",
        "Lines": "18",
        "Lon": 21.0022,
        "Lat": 52.2904
      },
      {
        "Brigade": "12",
        "Time": "2017-05-14 08:16:58",
        "Lines": "18",
        "Lon": 21.0022,
        "Lat": 52.2904
      },
      {
        "Brigade": "12",
        "Time": "2017-05-14 08:17:08",
        "Lines": "18",
        "Lon": 21.0022,
        "Lat": 52.2904
      },
      {
        "Brigade": "12",
        "Time": "2017-05-14 08:17:08",
        "Lines": "18",
        "Lon": 21.0022,
        "Lat": 52.2904
      },
      {
        "Brigade": "12",
        "Time": "2017-05-14 08:17:18",
        "Lines": "18",
        "Lon": 21.0022,
        "Lat": 52.2904
      },
      {
        "Brigade": "12",
        "Time": "2017-05-14 08:17:34",
        "Lines": "18",
        "Lon": 21.0022,
        "Lat": 52.2904
      },
      {
        "Brigade": "12",
        "Time": "2017-05-14 08:17:45",
        "Lines": "18",
        "Lon": 21.0022,
        "Lat": 52.2904
      }
    ]
  }
]
