[
  {
    "res": [
      {
        "Brigade": "2",
        "Time": "2017-05-14 04:59:17",
        "Lines": "18",
        "Lon": 21.0165,
        "Lat": 52.189
      },
      {
        "Brigade": "2",
        "Time": "2017-05-14 04:59:28",
        "Lines": "18",
        "Lon": 21.0165,
        "Lat": 52.189
      },
      {
        "Brigade": "2",
        "Time": "2017-05-14 04:59:38",
        "Lines": "18",
        "Lon": 21.0165,
        "Lat": 52.189
      },
      {
        "Brigade": "2",
        "Time": "2017-05-14 04:59:49",
        "Lines": "18",
        "Lon": 21.0165,
        "Lat": 52.189
      },
      {
        "Brigade": "2",
        "Time": "2017-05-14 04:59:59",
        "Lines": "18",
        "Lon": 21.0165,
        "Lat": 52.189
      },
      {
        "Brigade": "2",
        "Time": "2017-05-14 05:00:10",
        "Lines": "18",
        "Lon": 21.0165,
        "Lat": 52.189
      },
      {
        "Brigade": "2",
        "Time": "2017-05-14 05:00:10",
        "Lines": "18",
        "Lon": 21.0165,
        "Lat": 52.189
      },
      {
        "Brigade": "2",
        "Time": "2017-05-14 05:00:20",
        "Lines": "18",
        "Lon": 21.0168,
        "Lat": 52.189
      },
      {
        "Brigade": "2",
        "Time": "2017-05-14 05:00:30",
        "Lines": "18",
        "Lon": 21.0184,
        "Lat": 52.1891
      },
      {
        "Brigade": "2",
        "Time": "2017-05-14 05:00:46",
        "Lines": "18",
        "Lon": 21.0203,
        "Lat": 52.1894
      },
      {
        "Brigade": "2",
        "Time": "2017-05-14 05:00:57",
        "Lines": "18",
        "Lon": 21.0213,
        "Lat": 52.1895
      },
      {
        "Brigade": "2",
        "Time": "2017-05-14 05:01:07",
        "Lines": "18",
        "Lon": 21.0216,
        "Lat": 52.1896
      },
      {
        "Brigade": "2",
        "Time": "2017-05-14 05:01:18",
        "Lines": "18",
        "Lon": 21.0216,
        "Lat": 52.1896
      },
      {
        "Brigade": "2",
        "Time": "2017-05-14 05:01:28",
        "Lines": "18",
        "Lon": 21.0216,
        "Lat": 52.1896
      },
      {
        "Brigade": "2",
        "Time": "2017-05-14 05:01:39",
        "Lines": "18",
        "Lon": 21.0225,
        "Lat": 52.1897
      },
      {
        "Brigade": "2",
        "Time": "2017-05-14 05:01:49",
        "Lines": "18",
        "Lon": 21.0238,
        "Lat": 52.1898
      },
      {
        "Brigade": "2",
        "Time": "2017-05-14 05:01:49",
        "Lines": "18",
        "Lon": 21.0238,
        "Lat": 52.1898
      },
      {
        "Brigade": "2",
        "Time": "2017-05-14 05:02:00",
        "Lines": "18",
        "Lon": 21.024,
        "Lat": 52.1898
      },
      {
        "Brigade": "2",
        "Time": "2017-05-14 05:02:15",
        "Lines": "18",
        "Lon": 21.024,
        "Lat": 52.1898
      },
      {
        "Brigade": "2",
        "Time": "2017-05-14 05:02:26",
        "Lines": "18",
        "Lon": 21.0245,
        "Lat": 52.19
      },
      {
        "Brigade": "2",
        "Time": "2017-05-14 05:02:31",
        "Lines": "18",
        "Lon": 21.0246,
        "Lat": 52.1902
      },
      {
        "Brigade": "2",
        "Time": "2017-05-14 05:02:48",
        "Lines": "18",
        "Lon": 21.0246,
        "Lat": 52.1905
      },
      {
        "Brigade": "2",
        "Time": "2017-05-14 05:02:57",
        "Lines": "18",
        "Lon": 21.0245,
        "Lat": 52.1913
      },
      {
        "Brigade": "2",
        "Time": "2017-05-14 05:03:08",
        "Lines": "18",
        "Lon": 21.0244,
        "Lat": 52.1926
      },
      {
        "Brigade": "2",
        "Time": "2017-05-14 05:03:18",
        "Lines": "18",
        "Lon": 21.0244,
        "Lat": 52.1938
      },
      {
        "Brigade": "2",
        "Time": "2017-05-14 05:03:29",
        "Lines": "18",
        "Lon": 21.0243,
        "Lat": 52.1945
      },
      {
        "Brigade": "2",
        "Time": "2017-05-14 05:03:39",
        "Lines": "18",
        "Lon": 21.0243,
        "Lat": 52.1945
      },
      {
        "Brigade": "2",
        "Time": "2017-05-14 05:03:39",
        "Lines": "18",
        "Lon": 21.0243,
        "Lat": 52.1945
      },
      {
        "Brigade": "2",
        "Time": "2017-05-14 05:03:50",
        "Lines": "18",
        "Lon": 21.0243,
        "Lat": 52.1945
      },
      {
        "Brigade": "2",
        "Time": "2017-05-14 05:04:00",
        "Lines": "18",
        "Lon": 21.0243,
        "Lat": 52.1949
      },
      {
        "Brigade": "2",
        "Time": "2017-05-14 05:04:16",
        "Lines": "18",
        "Lon": 21.0242,
        "Lat": 52.1967
      },
      {
        "Brigade": "2",
        "Time": "2017-05-14 05:04:27",
        "Lines": "18",
        "Lon": 21.0241,
        "Lat": 52.1971
      },
      {
        "Brigade": "2",
        "Time": "2017-05-14 05:04:37",
        "Lines": "18",
        "Lon": 21.0241,
        "Lat": 52.1974
      },
      {
        "Brigade": "2",
        "Time": "2017-05-14 05:04:47",
        "Lines": "18",
        "Lon": 21.024,
        "Lat": 52.1984
      },
      {
        "Brigade": "2",
        "Time": "2017-05-14 05:04:58",
        "Lines": "18",
        "Lon": 21.0239,
        "Lat": 52.1994
      },
      {
        "Brigade": "2",
        "Time": "2017-05-14 05:05:08",
        "Lines": "18",
        "Lon": 21.0237,
        "Lat": 52.2006
      },
      {
        "Brigade": "2",
        "Time": "2017-05-14 05:05:21",
        "Lines": "18",
        "Lon": 21.0236,
        "Lat": 52.2019
      },
      {
        "Brigade": "2",
        "Time": "2017-05-14 05:05:29",
        "Lines": "18",
        "Lon": 21.0234,
        "Lat": 52.2027
      },
      {
        "Brigade": "2",
        "Time": "2017-05-14 05:05:29",
        "Lines": "18",
        "Lon": 21.0234,
        "Lat": 52.2027
      },
      {
        "Brigade": "2",
        "Time": "2017-05-14 05:05:40",
        "Lines": "18",
        "Lon": 21.0234,
        "Lat": 52.2027
      },
      {
        "Brigade": "2",
        "Time": "2017-05-14 05:05:50",
        "Lines": "18",
        "Lon": 21.0233,
        "Lat": 52.2035
      },
      {
        "Brigade": "2",
        "Time": "2017-05-14 05:06:06",
        "Lines": "18",
        "Lon": 21.023,
        "Lat": 52.205
      },
      {
        "Brigade": "2",
        "Time": "2017-05-14 05:06:11",
        "Lines": "18",
        "Lon": 21.0229,
        "Lat": 52.2053
      },
      {
        "Brigade": "2",
        "Time": "2017-05-14 05:06:27",
        "Lines": "18",
        "Lon": 21.0229,
        "Lat": 52.2053
      },
      {
        "Brigade": "2",
        "Time": "2017-05-14 05:06:37",
        "Lines": "18",
        "Lon": 21.0229,
        "Lat": 52.2053
      },
      {
        "Brigade": "2",
        "Time": "2017-05-14 05:06:49",
        "Lines": "18",
        "Lon": 21.0229,
        "Lat": 52.2053
      },
      {
        "Brigade": "2",
        "Time": "2017-05-14 05:06:59",
        "Lines": "18",
        "Lon": 21.0229,
        "Lat": 52.2053
      },
      {
        "Brigade": "2",
        "Time": "2017-05-14 05:07:09",
        "Lines": "18",
        "Lon": 21.0229,
        "Lat": 52.2053
      },
      {
        "Brigade": "2",
        "Time": "2017-05-14 05:07:20",
        "Lines": "18",
        "Lon": 21.0228,
        "Lat": 52.2058
      },
      {
        "Brigade": "2",
        "Time": "2017-05-14 05:07:20",
        "Lines": "18",
        "Lon": 21.0228,
        "Lat": 52.2058
      },
      {
        "Brigade": "2",
        "Time": "2017-05-14 05:07:30",
        "Lines": "18",
        "Lon": 21.0223,
        "Lat": 52.2069
      },
      {
        "Brigade": "2",
        "Time": "2017-05-14 05:07:40",
        "Lines": "18",
        "Lon": 21.0219,
        "Lat": 52.208
      },
      {
        "Brigade": "2",
        "Time": "2017-05-14 05:07:51",
        "Lines": "18",
        "Lon": 21.0215,
        "Lat": 52.209
      },
      {
        "Brigade": "2",
        "Time": "2017-05-14 05:07:51",
        "Lines": "18",
        "Lon": 21.0215,
        "Lat": 52.209
      },
      {
        "Brigade": "2",
        "Time": "2017-05-14 05:08:17",
        "Lines": "18",
        "Lon": 21.0213,
        "Lat": 52.2096
      },
      {
        "Brigade": "2",
        "Time": "2017-05-14 05:08:28",
        "Lines": "18",
        "Lon": 21.0213,
        "Lat": 52.2096
      },
      {
        "Brigade": "2",
        "Time": "2017-05-14 05:08:38",
        "Lines": "18",
        "Lon": 21.0212,
        "Lat": 52.2099
      },
      {
        "Brigade": "2",
        "Time": "2017-05-14 05:08:49",
        "Lines": "18",
        "Lon": 21.0209,
        "Lat": 52.2106
      },
      {
        "Brigade": "2",
        "Time": "2017-05-14 05:08:59",
        "Lines": "18",
        "Lon": 21.0208,
        "Lat": 52.2107
      },
      {
        "Brigade": "2",
        "Time": "2017-05-14 05:09:10",
        "Lines": "18",
        "Lon": 21.0208,
        "Lat": 52.2107
      },
      {
        "Brigade": "2",
        "Time": "2017-05-14 05:09:10",
        "Lines": "18",
        "Lon": 21.0208,
        "Lat": 52.2107
      },
      {
        "Brigade": "2",
        "Time": "2017-05-14 05:09:20",
        "Lines": "18",
        "Lon": 21.0208,
        "Lat": 52.2107
      },
      {
        "Brigade": "2",
        "Time": "2017-05-14 05:09:31",
        "Lines": "18",
        "Lon": 21.0208,
        "Lat": 52.2108
      },
      {
        "Brigade": "2",
        "Time": "2017-05-14 05:09:41",
        "Lines": "18",
        "Lon": 21.0205,
        "Lat": 52.2115
      },
      {
        "Brigade": "2",
        "Time": "2017-05-14 05:09:57",
        "Lines": "18",
        "Lon": 21.021,
        "Lat": 52.2126
      },
      {
        "Brigade": "2",
        "Time": "2017-05-14 05:10:07",
        "Lines": "18",
        "Lon": 21.0214,
        "Lat": 52.2133
      },
      {
        "Brigade": "2",
        "Time": "2017-05-14 05:10:18",
        "Lines": "18",
        "Lon": 21.0213,
        "Lat": 52.2141
      },
      {
        "Brigade": "2",
        "Time": "2017-05-14 05:10:28",
        "Lines": "18",
        "Lon": 21.021,
        "Lat": 52.2146
      },
      {
        "Brigade": "2",
        "Time": "2017-05-14 05:10:39",
        "Lines": "18",
        "Lon": 21.021,
        "Lat": 52.2146
      },
      {
        "Brigade": "2",
        "Time": "2017-05-14 05:10:49",
        "Lines": "18",
        "Lon": 21.021,
        "Lat": 52.2147
      },
      {
        "Brigade": "2",
        "Time": "2017-05-14 05:11:00",
        "Lines": "18",
        "Lon": 21.0206,
        "Lat": 52.2153
      },
      {
        "Brigade": "2",
        "Time": "2017-05-14 05:11:00",
        "Lines": "18",
        "Lon": 21.0206,
        "Lat": 52.2153
      },
      {
        "Brigade": "2",
        "Time": "2017-05-14 05:11:11",
        "Lines": "18",
        "Lon": 21.0201,
        "Lat": 52.2162
      },
      {
        "Brigade": "2",
        "Time": "2017-05-14 05:11:21",
        "Lines": "18",
        "Lon": 21.0195,
        "Lat": 52.2171
      },
      {
        "Brigade": "2",
        "Time": "2017-05-14 05:11:36",
        "Lines": "18",
        "Lon": 21.0187,
        "Lat": 52.2186
      },
      {
        "Brigade": "2",
        "Time": "2017-05-14 05:11:42",
        "Lines": "18",
        "Lon": 21.0184,
        "Lat": 52.219
      },
      {
        "Brigade": "2",
        "Time": "2017-05-14 05:11:57",
        "Lines": "18",
        "Lon": 21.0181,
        "Lat": 52.2195
      },
      {
        "Brigade": "2",
        "Time": "2017-05-14 05:12:08",
        "Lines": "18",
        "Lon": 21.018,
        "Lat": 52.2196
      },
      {
        "Brigade": "2",
        "Time": "2017-05-14 05:12:18",
        "Lines": "18",
        "Lon": 21.0177,
        "Lat": 52.2201
      },
      {
        "Brigade": "2",
        "Time": "2017-05-14 05:12:29",
        "Lines": "18",
        "Lon": 21.0173,
        "Lat": 52.2209
      },
      {
        "Brigade": "2",
        "Time": "2017-05-14 05:12:39",
        "Lines": "18",
        "Lon": 21.0168,
        "Lat": 52.2217
      },
      {
        "Brigade": "2",
        "Time": "2017-05-14 05:12:50",
        "Lines": "18",
        "Lon": 21.0163,
        "Lat": 52.2226
      },
      {
        "Brigade": "2",
        "Time": "2017-05-14 05:12:50",
        "Lines": "18",
        "Lon": 21.0163,
        "Lat": 52.2226
      },
      {
        "Brigade": "2",
        "Time": "2017-05-14 05:12:50",
        "Lines": "18",
        "Lon": 21.0163,
        "Lat": 52.2226
      },
      {
        "Brigade": "2",
        "Time": "2017-05-14 05:13:11",
        "Lines": "18",
        "Lon": 21.0161,
        "Lat": 52.2229
      },
      {
        "Brigade": "2",
        "Time": "2017-05-14 05:13:21",
        "Lines": "18",
        "Lon": 21.0159,
        "Lat": 52.2231
      },
      {
        "Brigade": "2",
        "Time": "2017-05-14 05:13:37",
        "Lines": "18",
        "Lon": 21.0153,
        "Lat": 52.2239
      },
      {
        "Brigade": "2",
        "Time": "2017-05-14 05:13:43",
        "Lines": "18",
        "Lon": 21.015,
        "Lat": 52.2243
      },
      {
        "Brigade": "2",
        "Time": "2017-05-14 05:13:58",
        "Lines": "18",
        "Lon": 21.0142,
        "Lat": 52.2258
      },
      {
        "Brigade": "2",
        "Time": "2017-05-14 05:14:08",
        "Lines": "18",
        "Lon": 21.0141,
        "Lat": 52.2259
      },
      {
        "Brigade": "2",
        "Time": "2017-05-14 05:14:19",
        "Lines": "18",
        "Lon": 21.0141,
        "Lat": 52.2259
      },
      {
        "Brigade": "2",
        "Time": "2017-05-14 05:14:29",
        "Lines": "18",
        "Lon": 21.014,
        "Lat": 52.2261
      },
      {
        "Brigade": "2",
        "Time": "2017-05-14 05:14:40",
        "Lines": "18",
        "Lon": 21.0135,
        "Lat": 52.2269
      },
      {
        "Brigade": "2",
        "Time": "2017-05-14 05:14:40",
        "Lines": "18",
        "Lon": 21.0135,
        "Lat": 52.2269
      },
      {
        "Brigade": "2",
        "Time": "2017-05-14 05:14:50",
        "Lines": "18",
        "Lon": 21.0134,
        "Lat": 52.227
      },
      {
        "Brigade": "2",
        "Time": "2017-05-14 05:15:01",
        "Lines": "18",
        "Lon": 21.0131,
        "Lat": 52.2276
      },
      {
        "Brigade": "2",
        "Time": "2017-05-14 05:15:12",
        "Lines": "18",
        "Lon": 21.0125,
        "Lat": 52.2286
      },
      {
        "Brigade": "2",
        "Time": "2017-05-14 05:15:27",
        "Lines": "18",
        "Lon": 21.012,
        "Lat": 52.2295
      },
      {
        "Brigade": "2",
        "Time": "2017-05-14 05:15:38",
        "Lines": "18",
        "Lon": 21.012,
        "Lat": 52.2295
      },
      {
        "Brigade": "2",
        "Time": "2017-05-14 05:15:48",
        "Lines": "18",
        "Lon": 21.012,
        "Lat": 52.2295
      },
      {
        "Brigade": "2",
        "Time": "2017-05-14 05:15:59",
        "Lines": "18",
        "Lon": 21.0119,
        "Lat": 52.2296
      },
      {
        "Brigade": "2",
        "Time": "2017-05-14 05:16:09",
        "Lines": "18",
        "Lon": 21.0116,
        "Lat": 52.2301
      },
      {
        "Brigade": "2",
        "Time": "2017-05-14 05:16:20",
        "Lines": "18",
        "Lon": 21.0111,
        "Lat": 52.2309
      },
      {
        "Brigade": "2",
        "Time": "2017-05-14 05:16:20",
        "Lines": "18",
        "Lon": 21.0111,
        "Lat": 52.2309
      },
      {
        "Brigade": "2",
        "Time": "2017-05-14 05:16:31",
        "Lines": "18",
        "Lon": 21.0104,
        "Lat": 52.2321
      },
      {
        "Brigade": "2",
        "Time": "2017-05-14 05:16:41",
        "Lines": "18",
        "Lon": 21.0098,
        "Lat": 52.2331
      },
      {
        "Brigade": "2",
        "Time": "2017-05-14 05:16:55",
        "Lines": "18",
        "Lon": 21.0092,
        "Lat": 52.2342
      },
      {
        "Brigade": "2",
        "Time": "2017-05-14 05:17:07",
        "Lines": "18",
        "Lon": 21.0087,
        "Lat": 52.2349
      },
      {
        "Brigade": "2",
        "Time": "2017-05-14 05:17:17",
        "Lines": "18",
        "Lon": 21.0087,
        "Lat": 52.2349
      },
      {
        "Brigade": "2",
        "Time": "2017-05-14 05:17:28",
        "Lines": "18",
        "Lon": 21.0087,
        "Lat": 52.2349
      },
      {
        "Brigade": "2",
        "Time": "2017-05-14 05:17:38",
        "Lines": "18",
        "Lon": 21.0086,
        "Lat": 52.2352
      },
      {
        "Brigade": "2",
        "Time": "2017-05-14 05:17:49",
        "Lines": "18",
        "Lon": 21.0081,
        "Lat": 52.236
      },
      {
        "Brigade": "2",
        "Time": "2017-05-14 05:17:59",
        "Lines": "18",
        "Lon": 21.0076,
        "Lat": 52.2369
      },
      {
        "Brigade": "2",
        "Time": "2017-05-14 05:17:59",
        "Lines": "18",
        "Lon": 21.0076,
        "Lat": 52.2369
      },
      {
        "Brigade": "2",
        "Time": "2017-05-14 05:18:10",
        "Lines": "18",
        "Lon": 21.0071,
        "Lat": 52.2377
      },
      {
        "Brigade": "2",
        "Time": "2017-05-14 05:18:20",
        "Lines": "18",
        "Lon": 21.0069,
        "Lat": 52.2379
      },
      {
        "Brigade": "2",
        "Time": "2017-05-14 05:18:31",
        "Lines": "18",
        "Lon": 21.0069,
        "Lat": 52.2379
      },
      {
        "Brigade": "2",
        "Time": "2017-05-14 05:18:47",
        "Lines": "18",
        "Lon": 21.0069,
        "Lat": 52.2379
      },
      {
        "Brigade": "2",
        "Time": "2017-05-14 05:18:57",
        "Lines": "18",
        "Lon": 21.0069,
        "Lat": 52.2379
      },
      {
        "Brigade": "2",
        "Time": "2017-05-14 05:19:07",
        "Lines": "18",
        "Lon": 21.0069,
        "Lat": 52.2379
      },
      {
        "Brigade": "2",
        "Time": "2017-05-14 05:19:18",
        "Lines": "18",
        "Lon": 21.0068,
        "Lat": 52.2382
      },
      {
        "Brigade": "2",
        "Time": "2017-05-14 05:19:28",
        "Lines": "18",
        "Lon": 21.0063,
        "Lat": 52.2387
      },
      {
        "Brigade": "2",
        "Time": "2017-05-14 05:19:34",
        "Lines": "18",
        "Lon": 21.0059,
        "Lat": 52.2389
      },
      {
        "Brigade": "2",
        "Time": "2017-05-14 05:19:34",
        "Lines": "18",
        "Lon": 21.0059,
        "Lat": 52.2389
      },
      {
        "Brigade": "2",
        "Time": "2017-05-14 05:19:55",
        "Lines": "18",
        "Lon": 21.0056,
        "Lat": 52.2392
      },
      {
        "Brigade": "2",
        "Time": "2017-05-14 05:20:05",
        "Lines": "18",
        "Lon": 21.0051,
        "Lat": 52.2398
      },
      {
        "Brigade": "2",
        "Time": "2017-05-14 05:20:16",
        "Lines": "18",
        "Lon": 21.0049,
        "Lat": 52.2405
      },
      {
        "Brigade": "2",
        "Time": "2017-05-14 05:20:26",
        "Lines": "18",
        "Lon": 21.0048,
        "Lat": 52.2412
      },
      {
        "Brigade": "2",
        "Time": "2017-05-14 05:20:37",
        "Lines": "18",
        "Lon": 21.0043,
        "Lat": 52.2418
      },
      {
        "Brigade": "2",
        "Time": "2017-05-14 05:20:47",
        "Lines": "18",
        "Lon": 21.0038,
        "Lat": 52.2424
      },
      {
        "Brigade": "2",
        "Time": "2017-05-14 05:20:58",
        "Lines": "18",
        "Lon": 21.0031,
        "Lat": 52.243
      },
      {
        "Brigade": "2",
        "Time": "2017-05-14 05:21:13",
        "Lines": "18",
        "Lon": 21.0027,
        "Lat": 52.2433
      },
      {
        "Brigade": "2",
        "Time": "2017-05-14 05:21:19",
        "Lines": "18",
        "Lon": 21.0027,
        "Lat": 52.2433
      },
      {
        "Brigade": "2",
        "Time": "2017-05-14 05:21:19",
        "Lines": "18",
        "Lon": 21.0027,
        "Lat": 52.2433
      },
      {
        "Brigade": "2",
        "Time": "2017-05-14 05:21:29",
        "Lines": "18",
        "Lon": 21.0027,
        "Lat": 52.2433
      },
      {
        "Brigade": "2",
        "Time": "2017-05-14 05:21:39",
        "Lines": "18",
        "Lon": 21.0024,
        "Lat": 52.2435
      },
      {
        "Brigade": "2",
        "Time": "2017-05-14 05:21:56",
        "Lines": "18",
        "Lon": 21.0017,
        "Lat": 52.2441
      },
      {
        "Brigade": "2",
        "Time": "2017-05-14 05:22:06",
        "Lines": "18",
        "Lon": 21.0017,
        "Lat": 52.2441
      },
      {
        "Brigade": "2",
        "Time": "2017-05-14 05:22:16",
        "Lines": "18",
        "Lon": 21.0017,
        "Lat": 52.2441
      },
      {
        "Brigade": "2",
        "Time": "2017-05-14 05:22:27",
        "Lines": "18",
        "Lon": 21.0017,
        "Lat": 52.2441
      },
      {
        "Brigade": "2",
        "Time": "2017-05-14 05:22:37",
        "Lines": "18",
        "Lon": 21.0017,
        "Lat": 52.2441
      },
      {
        "Brigade": "2",
        "Time": "2017-05-14 05:22:50",
        "Lines": "18",
        "Lon": 21.0015,
        "Lat": 52.2443
      },
      {
        "Brigade": "2",
        "Time": "2017-05-14 05:22:58",
        "Lines": "18",
        "Lon": 21.001,
        "Lat": 52.2447
      },
      {
        "Brigade": "2",
        "Time": "2017-05-14 05:22:58",
        "Lines": "18",
        "Lon": 21.001,
        "Lat": 52.2447
      },
      {
        "Brigade": "2",
        "Time": "2017-05-14 05:23:09",
        "Lines": "18",
        "Lon": 21.0007,
        "Lat": 52.2451
      },
      {
        "Brigade": "2",
        "Time": "2017-05-14 05:23:25",
        "Lines": "18",
        "Lon": 21.0006,
        "Lat": 52.2451
      },
      {
        "Brigade": "2",
        "Time": "2017-05-14 05:23:35",
        "Lines": "18",
        "Lon": 21.0002,
        "Lat": 52.2457
      },
      {
        "Brigade": "2",
        "Time": "2017-05-14 05:23:45",
        "Lines": "18",
        "Lon": 20.9997,
        "Lat": 52.2465
      },
      {
        "Brigade": "2",
        "Time": "2017-05-14 05:23:53",
        "Lines": "18",
        "Lon": 20.9995,
        "Lat": 52.247
      },
      {
        "Brigade": "2",
        "Time": "2017-05-14 05:23:53",
        "Lines": "18",
        "Lon": 20.9995,
        "Lat": 52.247
      },
      {
        "Brigade": "2",
        "Time": "2017-05-14 05:23:53",
        "Lines": "18",
        "Lon": 20.9995,
        "Lat": 52.247
      },
      {
        "Brigade": "2",
        "Time": "2017-05-14 05:24:32",
        "Lines": "18",
        "Lon": 20.9989,
        "Lat": 52.2491
      },
      {
        "Brigade": "2",
        "Time": "2017-05-14 05:24:43",
        "Lines": "18",
        "Lon": 20.9989,
        "Lat": 52.2491
      },
      {
        "Brigade": "2",
        "Time": "2017-05-14 05:24:43",
        "Lines": "18",
        "Lon": 20.9989,
        "Lat": 52.2491
      },
      {
        "Brigade": "2",
        "Time": "2017-05-14 05:24:53",
        "Lines": "18",
        "Lon": 20.9988,
        "Lat": 52.2499
      },
      {
        "Brigade": "2",
        "Time": "2017-05-14 05:25:04",
        "Lines": "18",
        "Lon": 20.9986,
        "Lat": 52.2508
      },
      {
        "Brigade": "2",
        "Time": "2017-05-14 05:25:14",
        "Lines": "18",
        "Lon": 20.9984,
        "Lat": 52.2517
      },
      {
        "Brigade": "2",
        "Time": "2017-05-14 05:25:25",
        "Lines": "18",
        "Lon": 20.9981,
        "Lat": 52.2528
      },
      {
        "Brigade": "2",
        "Time": "2017-05-14 05:25:31",
        "Lines": "18",
        "Lon": 20.9981,
        "Lat": 52.2531
      },
      {
        "Brigade": "2",
        "Time": "2017-05-14 05:25:46",
        "Lines": "18",
        "Lon": 20.998,
        "Lat": 52.2533
      },
      {
        "Brigade": "2",
        "Time": "2017-05-14 05:25:56",
        "Lines": "18",
        "Lon": 20.998,
        "Lat": 52.2533
      },
      {
        "Brigade": "2",
        "Time": "2017-05-14 05:26:07",
        "Lines": "18",
        "Lon": 20.998,
        "Lat": 52.2533
      },
      {
        "Brigade": "2",
        "Time": "2017-05-14 05:26:17",
        "Lines": "18",
        "Lon": 20.998,
        "Lat": 52.2533
      },
      {
        "Brigade": "2",
        "Time": "2017-05-14 05:26:33",
        "Lines": "18",
        "Lon": 20.998,
        "Lat": 52.2534
      },
      {
        "Brigade": "2",
        "Time": "2017-05-14 05:26:33",
        "Lines": "18",
        "Lon": 20.998,
        "Lat": 52.2534
      },
      {
        "Brigade": "2",
        "Time": "2017-05-14 05:26:44",
        "Lines": "18",
        "Lon": 20.9979,
        "Lat": 52.2539
      },
      {
        "Brigade": "2",
        "Time": "2017-05-14 05:26:54",
        "Lines": "18",
        "Lon": 20.9977,
        "Lat": 52.2546
      },
      {
        "Brigade": "2",
        "Time": "2017-05-14 05:27:05",
        "Lines": "18",
        "Lon": 20.9976,
        "Lat": 52.2552
      },
      {
        "Brigade": "2",
        "Time": "2017-05-14 05:27:15",
        "Lines": "18",
        "Lon": 20.9982,
        "Lat": 52.2556
      },
      {
        "Brigade": "2",
        "Time": "2017-05-14 05:27:26",
        "Lines": "18",
        "Lon": 20.9988,
        "Lat": 52.2559
      },
      {
        "Brigade": "2",
        "Time": "2017-05-14 05:27:36",
        "Lines": "18",
        "Lon": 20.999,
        "Lat": 52.2559
      },
      {
        "Brigade": "2",
        "Time": "2017-05-14 05:27:46",
        "Lines": "18",
        "Lon": 20.9998,
        "Lat": 52.2563
      },
      {
        "Brigade": "2",
        "Time": "2017-05-14 05:27:57",
        "Lines": "18",
        "Lon": 21.0005,
        "Lat": 52.257
      },
      {
        "Brigade": "2",
        "Time": "2017-05-14 05:28:13",
        "Lines": "18",
        "Lon": 21.0016,
        "Lat": 52.258
      },
      {
        "Brigade": "2",
        "Time": "2017-05-14 05:28:13",
        "Lines": "18",
        "Lon": 21.0016,
        "Lat": 52.258
      },
      {
        "Brigade": "2",
        "Time": "2017-05-14 05:28:23",
        "Lines": "18",
        "Lon": 21.0017,
        "Lat": 52.2583
      },
      {
        "Brigade": "2",
        "Time": "2017-05-14 05:28:34",
        "Lines": "18",
        "Lon": 21.0019,
        "Lat": 52.2586
      },
      {
        "Brigade": "2",
        "Time": "2017-05-14 05:28:44",
        "Lines": "18",
        "Lon": 21.0026,
        "Lat": 52.2588
      },
      {
        "Brigade": "2",
        "Time": "2017-05-14 05:28:55",
        "Lines": "18",
        "Lon": 21.0029,
        "Lat": 52.2588
      },
      {
        "Brigade": "2",
        "Time": "2017-05-14 05:29:05",
        "Lines": "18",
        "Lon": 21.0032,
        "Lat": 52.2589
      },
      {
        "Brigade": "2",
        "Time": "2017-05-14 05:29:16",
        "Lines": "18",
        "Lon": 21.0043,
        "Lat": 52.2592
      },
      {
        "Brigade": "2",
        "Time": "2017-05-14 05:29:26",
        "Lines": "18",
        "Lon": 21.0055,
        "Lat": 52.2596
      },
      {
        "Brigade": "2",
        "Time": "2017-05-14 05:29:31",
        "Lines": "18",
        "Lon": 21.0063,
        "Lat": 52.2598
      },
      {
        "Brigade": "2",
        "Time": "2017-05-14 05:29:47",
        "Lines": "18",
        "Lon": 21.0077,
        "Lat": 52.2602
      },
      {
        "Brigade": "2",
        "Time": "2017-05-14 05:30:03",
        "Lines": "18",
        "Lon": 21.0078,
        "Lat": 52.2603
      },
      {
        "Brigade": "2",
        "Time": "2017-05-14 05:30:03",
        "Lines": "18",
        "Lon": 21.0078,
        "Lat": 52.2603
      },
      {
        "Brigade": "2",
        "Time": "2017-05-14 05:30:13",
        "Lines": "18",
        "Lon": 21.0079,
        "Lat": 52.2603
      },
      {
        "Brigade": "2",
        "Time": "2017-05-14 05:30:24",
        "Lines": "18",
        "Lon": 21.0086,
        "Lat": 52.2604
      },
      {
        "Brigade": "2",
        "Time": "2017-05-14 05:30:34",
        "Lines": "18",
        "Lon": 21.0097,
        "Lat": 52.2608
      },
      {
        "Brigade": "2",
        "Time": "2017-05-14 05:30:45",
        "Lines": "18",
        "Lon": 21.0106,
        "Lat": 52.2611
      },
      {
        "Brigade": "2",
        "Time": "2017-05-14 05:30:55",
        "Lines": "18",
        "Lon": 21.0116,
        "Lat": 52.2614
      },
      {
        "Brigade": "2",
        "Time": "2017-05-14 05:31:06",
        "Lines": "18",
        "Lon": 21.0126,
        "Lat": 52.2617
      },
      {
        "Brigade": "2",
        "Time": "2017-05-14 05:31:12",
        "Lines": "18",
        "Lon": 21.013,
        "Lat": 52.2617
      },
      {
        "Brigade": "2",
        "Time": "2017-05-14 05:31:32",
        "Lines": "18",
        "Lon": 21.0141,
        "Lat": 52.2621
      },
      {
        "Brigade": "2",
        "Time": "2017-05-14 05:31:32",
        "Lines": "18",
        "Lon": 21.0141,
        "Lat": 52.2621
      },
      {
        "Brigade": "2",
        "Time": "2017-05-14 05:31:38",
        "Lines": "18",
        "Lon": 21.0152,
        "Lat": 52.2625
      },
      {
        "Brigade": "2",
        "Time": "2017-05-14 05:31:53",
        "Lines": "18",
        "Lon": 21.0177,
        "Lat": 52.2631
      },
      {
        "Brigade": "2",
        "Time": "2017-05-14 05:32:03",
        "Lines": "18",
        "Lon": 21.0195,
        "Lat": 52.2634
      },
      {
        "Brigade": "2",
        "Time": "2017-05-14 05:32:14",
        "Lines": "18",
        "Lon": 21.0202,
        "Lat": 52.2635
      },
      {
        "Brigade": "2",
        "Time": "2017-05-14 05:32:19",
        "Lines": "18",
        "Lon": 21.0202,
        "Lat": 52.2635
      },
      {
        "Brigade": "2",
        "Time": "2017-05-14 05:32:35",
        "Lines": "18",
        "Lon": 21.0202,
        "Lat": 52.2635
      },
      {
        "Brigade": "2",
        "Time": "2017-05-14 05:32:45",
        "Lines": "18",
        "Lon": 21.0202,
        "Lat": 52.2635
      },
      {
        "Brigade": "2",
        "Time": "2017-05-14 05:33:01",
        "Lines": "18",
        "Lon": 21.0207,
        "Lat": 52.2637
      },
      {
        "Brigade": "2",
        "Time": "2017-05-14 05:33:12",
        "Lines": "18",
        "Lon": 21.021,
        "Lat": 52.2641
      },
      {
        "Brigade": "2",
        "Time": "2017-05-14 05:33:22",
        "Lines": "18",
        "Lon": 21.0208,
        "Lat": 52.2647
      },
      {
        "Brigade": "2",
        "Time": "2017-05-14 05:33:22",
        "Lines": "18",
        "Lon": 21.0208,
        "Lat": 52.2647
      },
      {
        "Brigade": "2",
        "Time": "2017-05-14 05:33:33",
        "Lines": "18",
        "Lon": 21.0204,
        "Lat": 52.2656
      },
      {
        "Brigade": "2",
        "Time": "2017-05-14 05:33:43",
        "Lines": "18",
        "Lon": 21.0201,
        "Lat": 52.2664
      },
      {
        "Brigade": "2",
        "Time": "2017-05-14 05:33:54",
        "Lines": "18",
        "Lon": 21.0199,
        "Lat": 52.2671
      },
      {
        "Brigade": "2",
        "Time": "2017-05-14 05:34:04",
        "Lines": "18",
        "Lon": 21.0199,
        "Lat": 52.2672
      },
      {
        "Brigade": "2",
        "Time": "2017-05-14 05:34:14",
        "Lines": "18",
        "Lon": 21.0199,
        "Lat": 52.2672
      },
      {
        "Brigade": "2",
        "Time": "2017-05-14 05:34:25",
        "Lines": "18",
        "Lon": 21.0198,
        "Lat": 52.2673
      },
      {
        "Brigade": "2",
        "Time": "2017-05-14 05:34:37",
        "Lines": "18",
        "Lon": 21.0195,
        "Lat": 52.268
      },
      {
        "Brigade": "2",
        "Time": "2017-05-14 05:34:51",
        "Lines": "18",
        "Lon": 21.0182,
        "Lat": 52.2694
      },
      {
        "Brigade": "2",
        "Time": "2017-05-14 05:35:02",
        "Lines": "18",
        "Lon": 21.0173,
        "Lat": 52.27
      },
      {
        "Brigade": "2",
        "Time": "2017-05-14 05:35:12",
        "Lines": "18",
        "Lon": 21.0172,
        "Lat": 52.2701
      },
      {
        "Brigade": "2",
        "Time": "2017-05-14 05:35:12",
        "Lines": "18",
        "Lon": 21.0172,
        "Lat": 52.2701
      },
      {
        "Brigade": "2",
        "Time": "2017-05-14 05:35:23",
        "Lines": "18",
        "Lon": 21.017,
        "Lat": 52.2704
      },
      {
        "Brigade": "2",
        "Time": "2017-05-14 05:35:33",
        "Lines": "18",
        "Lon": 21.0161,
        "Lat": 52.2712
      },
      {
        "Brigade": "2",
        "Time": "2017-05-14 05:35:44",
        "Lines": "18",
        "Lon": 21.0155,
        "Lat": 52.2721
      },
      {
        "Brigade": "2",
        "Time": "2017-05-14 05:35:54",
        "Lines": "18",
        "Lon": 21.0149,
        "Lat": 52.2731
      },
      {
        "Brigade": "2",
        "Time": "2017-05-14 05:36:05",
        "Lines": "18",
        "Lon": 21.0144,
        "Lat": 52.2739
      },
      {
        "Brigade": "2",
        "Time": "2017-05-14 05:36:20",
        "Lines": "18",
        "Lon": 21.0143,
        "Lat": 52.2739
      },
      {
        "Brigade": "2",
        "Time": "2017-05-14 05:36:31",
        "Lines": "18",
        "Lon": 21.0143,
        "Lat": 52.2739
      },
      {
        "Brigade": "2",
        "Time": "2017-05-14 05:36:41",
        "Lines": "18",
        "Lon": 21.0143,
        "Lat": 52.274
      },
      {
        "Brigade": "2",
        "Time": "2017-05-14 05:36:52",
        "Lines": "18",
        "Lon": 21.0139,
        "Lat": 52.2747
      },
      {
        "Brigade": "2",
        "Time": "2017-05-14 05:36:52",
        "Lines": "18",
        "Lon": 21.0139,
        "Lat": 52.2747
      },
      {
        "Brigade": "2",
        "Time": "2017-05-14 05:37:02",
        "Lines": "18",
        "Lon": 21.0132,
        "Lat": 52.2759
      },
      {
        "Brigade": "2",
        "Time": "2017-05-14 05:37:13",
        "Lines": "18",
        "Lon": 21.0125,
        "Lat": 52.277
      },
      {
        "Brigade": "2",
        "Time": "2017-05-14 05:37:23",
        "Lines": "18",
        "Lon": 21.0119,
        "Lat": 52.278
      },
      {
        "Brigade": "2",
        "Time": "2017-05-14 05:37:34",
        "Lines": "18",
        "Lon": 21.0116,
        "Lat": 52.2784
      },
      {
        "Brigade": "2",
        "Time": "2017-05-14 05:37:44",
        "Lines": "18",
        "Lon": 21.0116,
        "Lat": 52.2785
      },
      {
        "Brigade": "2",
        "Time": "2017-05-14 05:37:55",
        "Lines": "18",
        "Lon": 21.0111,
        "Lat": 52.2792
      },
      {
        "Brigade": "2",
        "Time": "2017-05-14 05:38:05",
        "Lines": "18",
        "Lon": 21.0105,
        "Lat": 52.2802
      },
      {
        "Brigade": "2",
        "Time": "2017-05-14 05:38:21",
        "Lines": "18",
        "Lon": 21.0096,
        "Lat": 52.2817
      },
      {
        "Brigade": "2",
        "Time": "2017-05-14 05:38:31",
        "Lines": "18",
        "Lon": 21.0093,
        "Lat": 52.2822
      },
      {
        "Brigade": "2",
        "Time": "2017-05-14 05:38:42",
        "Lines": "18",
        "Lon": 21.0093,
        "Lat": 52.2822
      },
      {
        "Brigade": "2",
        "Time": "2017-05-14 05:38:42",
        "Lines": "18",
        "Lon": 21.0093,
        "Lat": 52.2822
      },
      {
        "Brigade": "2",
        "Time": "2017-05-14 05:38:54",
        "Lines": "18",
        "Lon": 21.0089,
        "Lat": 52.2828
      },
      {
        "Brigade": "2",
        "Time": "2017-05-14 05:39:04",
        "Lines": "18",
        "Lon": 21.0084,
        "Lat": 52.2837
      },
      {
        "Brigade": "2",
        "Time": "2017-05-14 05:39:13",
        "Lines": "18",
        "Lon": 21.0079,
        "Lat": 52.2845
      },
      {
        "Brigade": "2",
        "Time": "2017-05-14 05:39:24",
        "Lines": "18",
        "Lon": 21.0074,
        "Lat": 52.2854
      },
      {
        "Brigade": "2",
        "Time": "2017-05-14 05:39:34",
        "Lines": "18",
        "Lon": 21.0066,
        "Lat": 52.2864
      },
      {
        "Brigade": "2",
        "Time": "2017-05-14 05:39:50",
        "Lines": "18",
        "Lon": 21.0061,
        "Lat": 52.2869
      },
      {
        "Brigade": "2",
        "Time": "2017-05-14 05:39:56",
        "Lines": "18",
        "Lon": 21.006,
        "Lat": 52.287
      },
      {
        "Brigade": "2",
        "Time": "2017-05-14 05:40:08",
        "Lines": "18",
        "Lon": 21.0051,
        "Lat": 52.2878
      },
      {
        "Brigade": "2",
        "Time": "2017-05-14 05:40:22",
        "Lines": "18",
        "Lon": 21.0037,
        "Lat": 52.2892
      },
      {
        "Brigade": "2",
        "Time": "2017-05-14 05:40:32",
        "Lines": "18",
        "Lon": 21.003,
        "Lat": 52.2897
      },
      {
        "Brigade": "2",
        "Time": "2017-05-14 05:40:32",
        "Lines": "18",
        "Lon": 21.003,
        "Lat": 52.2897
      },
      {
        "Brigade": "2",
        "Time": "2017-05-14 05:40:43",
        "Lines": "18",
        "Lon": 21.0026,
        "Lat": 52.2901
      },
      {
        "Brigade": "2",
        "Time": "2017-05-14 05:40:53",
        "Lines": "18",
        "Lon": 21.0023,
        "Lat": 52.2905
      },
      {
        "Brigade": "2",
        "Time": "2017-05-14 05:41:05",
        "Lines": "18",
        "Lon": 21.0023,
        "Lat": 52.2905
      },
      {
        "Brigade": "2",
        "Time": "2017-05-14 05:41:14",
        "Lines": "18",
        "Lon": 21.0023,
        "Lat": 52.2905
      },
      {
        "Brigade": "2",
        "Time": "2017-05-14 05:41:25",
        "Lines": "18",
        "Lon": 21.0023,
        "Lat": 52.2905
      },
      {
        "Brigade": "2",
        "Time": "2017-05-14 05:41:40",
        "Lines": "18",
        "Lon": 21.0024,
        "Lat": 52.2905
      },
      {
        "Brigade": "2",
        "Time": "2017-05-14 05:41:51",
        "Lines": "18",
        "Lon": 21.0024,
        "Lat": 52.2905
      },
      {
        "Brigade": "2",
        "Time": "2017-05-14 05:42:01",
        "Lines": "18",
        "Lon": 21.0024,
        "Lat": 52.2905
      },
      {
        "Brigade": "2",
        "Time": "2017-05-14 05:42:12",
        "Lines": "18",
        "Lon": 21.0021,
        "Lat": 52.2907
      },
      {
        "Brigade": "2",
        "Time": "2017-05-14 05:42:12",
        "Lines": "18",
        "Lon": 21.0021,
        "Lat": 52.2907
      },
      {
        "Brigade": "2",
        "Time": "2017-05-14 05:42:22",
        "Lines": "18",
        "Lon": 21.0021,
        "Lat": 52.2907
      },
      {
        "Brigade": "2",
        "Time": "2017-05-14 05:42:33",
        "Lines": "18",
        "Lon": 21.0021,
        "Lat": 52.2907
      },
      {
        "Brigade": "2",
        "Time": "2017-05-14 05:42:43",
        "Lines": "18",
        "Lon": 21.0018,
        "Lat": 52.2908
      },
      {
        "Brigade": "2",
        "Time": "2017-05-14 05:42:54",
        "Lines": "18",
        "Lon": 21.0017,
        "Lat": 52.2908
      },
      {
        "Brigade": "2",
        "Time": "2017-05-14 05:43:04",
        "Lines": "18",
        "Lon": 21.0017,
        "Lat": 52.2908
      },
      {
        "Brigade": "2",
        "Time": "2017-05-14 05:43:15",
        "Lines": "18",
        "Lon": 21.0017,
        "Lat": 52.2908
      },
      {
        "Brigade": "2",
        "Time": "2017-05-14 05:43:30",
        "Lines": "18",
        "Lon": 21.0017,
        "Lat": 52.2908
      },
      {
        "Brigade": "2",
        "Time": "2017-05-14 05:43:36",
        "Lines": "18",
        "Lon": 21.0023,
        "Lat": 52.2905
      },
      {
        "Brigade": "2",
        "Time": "2017-05-14 05:43:51",
        "Lines": "18",
        "Lon": 21.0023,
        "Lat": 52.2905
      },
      {
        "Brigade": "2",
        "Time": "2017-05-14 05:44:02",
        "Lines": "18",
        "Lon": 21.0023,
        "Lat": 52.2905
      },
      {
        "Brigade": "2",
        "Time": "2017-05-14 05:44:02",
        "Lines": "18",
        "Lon": 21.0023,
        "Lat": 52.2905
      },
      {
        "Brigade": "2",
        "Time": "2017-05-14 05:44:12",
        "Lines": "18",
        "Lon": 21.0023,
        "Lat": 52.2905
      },
      {
        "Brigade": "2",
        "Time": "2017-05-14 05:44:23",
        "Lines": "18",
        "Lon": 21.0022,
        "Lat": 52.2905
      },
      {
        "Brigade": "2",
        "Time": "2017-05-14 05:44:33",
        "Lines": "18",
        "Lon": 21.0018,
        "Lat": 52.2908
      },
      {
        "Brigade": "2",
        "Time": "2017-05-14 05:44:44",
        "Lines": "18",
        "Lon": 21.0015,
        "Lat": 52.2909
      },
      {
        "Brigade": "2",
        "Time": "2017-05-14 05:44:54",
        "Lines": "18",
        "Lon": 21.0015,
        "Lat": 52.2909
      },
      {
        "Brigade": "2",
        "Time": "2017-05-14 05:45:05",
        "Lines": "18",
        "Lon": 21.0015,
        "Lat": 52.2909
      },
      {
        "Brigade": "2",
        "Time": "2017-05-14 05:45:20",
        "Lines": "18",
        "Lon": 21.0013,
        "Lat": 52.2912
      },
      {
        "Brigade": "2",
        "Time": "2017-05-14 05:45:31",
        "Lines": "18",
        "Lon": 21.0007,
        "Lat": 52.2911
      },
      {
        "Brigade": "2",
        "Time": "2017-05-14 05:45:41",
        "Lines": "18",
        "Lon": 21.0009,
        "Lat": 52.2907
      },
      {
        "Brigade": "2",
        "Time": "2017-05-14 05:45:41",
        "Lines": "18",
        "Lon": 21.0009,
        "Lat": 52.2907
      },
      {
        "Brigade": "2",
        "Time": "2017-05-14 05:45:52",
        "Lines": "18",
        "Lon": 21.0015,
        "Lat": 52.2907
      },
      {
        "Brigade": "2",
        "Time": "2017-05-14 05:45:58",
        "Lines": "18",
        "Lon": 21.002,
        "Lat": 52.2905
      },
      {
        "Brigade": "2",
        "Time": "2017-05-14 05:46:13",
        "Lines": "18",
        "Lon": 21.0024,
        "Lat": 52.2902
      },
      {
        "Brigade": "2",
        "Time": "2017-05-14 05:46:23",
        "Lines": "18",
        "Lon": 21.0024,
        "Lat": 52.2902
      },
      {
        "Brigade": "2",
        "Time": "2017-05-14 05:46:34",
        "Lines": "18",
        "Lon": 21.0028,
        "Lat": 52.2899
      },
      {
        "Brigade": "2",
        "Time": "2017-05-14 05:46:50",
        "Lines": "18",
        "Lon": 21.0038,
        "Lat": 52.2891
      },
      {
        "Brigade": "2",
        "Time": "2017-05-14 05:46:55",
        "Lines": "18",
        "Lon": 21.0041,
        "Lat": 52.2887
      },
      {
        "Brigade": "2",
        "Time": "2017-05-14 05:47:05",
        "Lines": "18",
        "Lon": 21.0051,
        "Lat": 52.2878
      },
      {
        "Brigade": "2",
        "Time": "2017-05-14 05:47:16",
        "Lines": "18",
        "Lon": 21.0058,
        "Lat": 52.2871
      },
      {
        "Brigade": "2",
        "Time": "2017-05-14 05:47:32",
        "Lines": "18",
        "Lon": 21.0059,
        "Lat": 52.287
      },
      {
        "Brigade": "2",
        "Time": "2017-05-14 05:47:32",
        "Lines": "18",
        "Lon": 21.0059,
        "Lat": 52.287
      },
      {
        "Brigade": "2",
        "Time": "2017-05-14 05:47:38",
        "Lines": "18",
        "Lon": 21.0062,
        "Lat": 52.2867
      },
      {
        "Brigade": "2",
        "Time": "2017-05-14 05:47:53",
        "Lines": "18",
        "Lon": 21.0073,
        "Lat": 52.2854
      },
      {
        "Brigade": "2",
        "Time": "2017-05-14 05:48:03",
        "Lines": "18",
        "Lon": 21.008,
        "Lat": 52.2843
      },
      {
        "Brigade": "2",
        "Time": "2017-05-14 05:48:14",
        "Lines": "18",
        "Lon": 21.0087,
        "Lat": 52.2831
      },
      {
        "Brigade": "2",
        "Time": "2017-05-14 05:48:25",
        "Lines": "18",
        "Lon": 21.0093,
        "Lat": 52.2821
      },
      {
        "Brigade": "2",
        "Time": "2017-05-14 05:48:34",
        "Lines": "18",
        "Lon": 21.0095,
        "Lat": 52.2819
      },
      {
        "Brigade": "2",
        "Time": "2017-05-14 05:48:45",
        "Lines": "18",
        "Lon": 21.0095,
        "Lat": 52.2818
      },
      {
        "Brigade": "2",
        "Time": "2017-05-14 05:49:01",
        "Lines": "18",
        "Lon": 21.0104,
        "Lat": 52.2804
      },
      {
        "Brigade": "2",
        "Time": "2017-05-14 05:49:11",
        "Lines": "18",
        "Lon": 21.0111,
        "Lat": 52.2792
      },
      {
        "Brigade": "2",
        "Time": "2017-05-14 05:49:22",
        "Lines": "18",
        "Lon": 21.0117,
        "Lat": 52.2782
      },
      {
        "Brigade": "2",
        "Time": "2017-05-14 05:49:22",
        "Lines": "18",
        "Lon": 21.0117,
        "Lat": 52.2782
      },
      {
        "Brigade": "2",
        "Time": "2017-05-14 05:49:32",
        "Lines": "18",
        "Lon": 21.0119,
        "Lat": 52.2779
      },
      {
        "Brigade": "2",
        "Time": "2017-05-14 05:49:43",
        "Lines": "18",
        "Lon": 21.0119,
        "Lat": 52.2779
      },
      {
        "Brigade": "2",
        "Time": "2017-05-14 05:49:53",
        "Lines": "18",
        "Lon": 21.0123,
        "Lat": 52.2772
      },
      {
        "Brigade": "2",
        "Time": "2017-05-14 05:50:04",
        "Lines": "18",
        "Lon": 21.013,
        "Lat": 52.2762
      },
      {
        "Brigade": "2",
        "Time": "2017-05-14 05:50:14",
        "Lines": "18",
        "Lon": 21.0136,
        "Lat": 52.2751
      },
      {
        "Brigade": "2",
        "Time": "2017-05-14 05:50:25",
        "Lines": "18",
        "Lon": 21.0141,
        "Lat": 52.2742
      },
      {
        "Brigade": "2",
        "Time": "2017-05-14 05:50:35",
        "Lines": "18",
        "Lon": 21.0145,
        "Lat": 52.2737
      },
      {
        "Brigade": "2",
        "Time": "2017-05-14 05:50:46",
        "Lines": "18",
        "Lon": 21.0145,
        "Lat": 52.2737
      },
      {
        "Brigade": "2",
        "Time": "2017-05-14 05:50:56",
        "Lines": "18",
        "Lon": 21.0145,
        "Lat": 52.2736
      },
      {
        "Brigade": "2",
        "Time": "2017-05-14 05:51:07",
        "Lines": "18",
        "Lon": 21.0151,
        "Lat": 52.2725
      },
      {
        "Brigade": "2",
        "Time": "2017-05-14 05:51:07",
        "Lines": "18",
        "Lon": 21.0151,
        "Lat": 52.2725
      },
      {
        "Brigade": "2",
        "Time": "2017-05-14 05:51:22",
        "Lines": "18",
        "Lon": 21.0163,
        "Lat": 52.271
      },
      {
        "Brigade": "2",
        "Time": "2017-05-14 05:51:33",
        "Lines": "18",
        "Lon": 21.0168,
        "Lat": 52.2704
      },
      {
        "Brigade": "2",
        "Time": "2017-05-14 05:51:43",
        "Lines": "18",
        "Lon": 21.0168,
        "Lat": 52.2704
      },
      {
        "Brigade": "2",
        "Time": "2017-05-14 05:51:54",
        "Lines": "18",
        "Lon": 21.0174,
        "Lat": 52.27
      },
      {
        "Brigade": "2",
        "Time": "2017-05-14 05:52:04",
        "Lines": "18",
        "Lon": 21.0184,
        "Lat": 52.2691
      },
      {
        "Brigade": "2",
        "Time": "2017-05-14 05:52:15",
        "Lines": "18",
        "Lon": 21.0193,
        "Lat": 52.2682
      },
      {
        "Brigade": "2",
        "Time": "2017-05-14 05:52:26",
        "Lines": "18",
        "Lon": 21.0198,
        "Lat": 52.2672
      },
      {
        "Brigade": "2",
        "Time": "2017-05-14 05:52:26",
        "Lines": "18",
        "Lon": 21.0198,
        "Lat": 52.2672
      },
      {
        "Brigade": "2",
        "Time": "2017-05-14 05:52:52",
        "Lines": "18",
        "Lon": 21.02,
        "Lat": 52.2666
      },
      {
        "Brigade": "2",
        "Time": "2017-05-14 05:53:02",
        "Lines": "18",
        "Lon": 21.0202,
        "Lat": 52.2661
      },
      {
        "Brigade": "2",
        "Time": "2017-05-14 05:53:02",
        "Lines": "18",
        "Lon": 21.0202,
        "Lat": 52.2661
      },
      {
        "Brigade": "2",
        "Time": "2017-05-14 05:53:13",
        "Lines": "18",
        "Lon": 21.0205,
        "Lat": 52.2653
      },
      {
        "Brigade": "2",
        "Time": "2017-05-14 05:53:23",
        "Lines": "18",
        "Lon": 21.0209,
        "Lat": 52.2646
      },
      {
        "Brigade": "2",
        "Time": "2017-05-14 05:53:33",
        "Lines": "18",
        "Lon": 21.0208,
        "Lat": 52.264
      },
      {
        "Brigade": "2",
        "Time": "2017-05-14 05:53:44",
        "Lines": "18",
        "Lon": 21.0205,
        "Lat": 52.2636
      },
      {
        "Brigade": "2",
        "Time": "2017-05-14 05:53:54",
        "Lines": "18",
        "Lon": 21.0198,
        "Lat": 52.2634
      },
      {
        "Brigade": "2",
        "Time": "2017-05-14 05:54:05",
        "Lines": "18",
        "Lon": 21.0195,
        "Lat": 52.2634
      },
      {
        "Brigade": "2",
        "Time": "2017-05-14 05:54:15",
        "Lines": "18",
        "Lon": 21.0195,
        "Lat": 52.2634
      },
      {
        "Brigade": "2",
        "Time": "2017-05-14 05:54:27",
        "Lines": "18",
        "Lon": 21.0188,
        "Lat": 52.2633
      },
      {
        "Brigade": "2",
        "Time": "2017-05-14 05:54:42",
        "Lines": "18",
        "Lon": 21.0166,
        "Lat": 52.2629
      },
      {
        "Brigade": "2",
        "Time": "2017-05-14 05:54:47",
        "Lines": "18",
        "Lon": 21.0158,
        "Lat": 52.2627
      },
      {
        "Brigade": "2",
        "Time": "2017-05-14 05:54:47",
        "Lines": "18",
        "Lon": 21.0158,
        "Lat": 52.2627
      },
      {
        "Brigade": "2",
        "Time": "2017-05-14 05:54:47",
        "Lines": "18",
        "Lon": 21.0158,
        "Lat": 52.2627
      },
      {
        "Brigade": "2",
        "Time": "2017-05-14 05:55:12",
        "Lines": "18",
        "Lon": 21.013,
        "Lat": 52.2619
      },
      {
        "Brigade": "2",
        "Time": "2017-05-14 05:55:24",
        "Lines": "18",
        "Lon": 21.013,
        "Lat": 52.2619
      },
      {
        "Brigade": "2",
        "Time": "2017-05-14 05:55:34",
        "Lines": "18",
        "Lon": 21.0131,
        "Lat": 52.2618
      },
      {
        "Brigade": "2",
        "Time": "2017-05-14 05:55:45",
        "Lines": "18",
        "Lon": 21.0125,
        "Lat": 52.2615
      },
      {
        "Brigade": "2",
        "Time": "2017-05-14 05:55:55",
        "Lines": "18",
        "Lon": 21.0117,
        "Lat": 52.2614
      },
      {
        "Brigade": "2",
        "Time": "2017-05-14 05:56:11",
        "Lines": "18",
        "Lon": 21.0095,
        "Lat": 52.2607
      },
      {
        "Brigade": "2",
        "Time": "2017-05-14 05:56:21",
        "Lines": "18",
        "Lon": 21.0083,
        "Lat": 52.2604
      },
      {
        "Brigade": "2",
        "Time": "2017-05-14 05:56:32",
        "Lines": "18",
        "Lon": 21.0072,
        "Lat": 52.2603
      },
      {
        "Brigade": "2",
        "Time": "2017-05-14 05:56:42",
        "Lines": "18",
        "Lon": 21.0068,
        "Lat": 52.2601
      },
      {
        "Brigade": "2",
        "Time": "2017-05-14 05:56:42",
        "Lines": "18",
        "Lon": 21.0068,
        "Lat": 52.2601
      },
      {
        "Brigade": "2",
        "Time": "2017-05-14 05:56:53",
        "Lines": "18",
        "Lon": 21.0057,
        "Lat": 52.2597
      },
      {
        "Brigade": "2",
        "Time": "2017-05-14 05:57:03",
        "Lines": "18",
        "Lon": 21.0043,
        "Lat": 52.2592
      },
      {
        "Brigade": "2",
        "Time": "2017-05-14 05:57:14",
        "Lines": "18",
        "Lon": 21.0033,
        "Lat": 52.2589
      },
      {
        "Brigade": "2",
        "Time": "2017-05-14 05:57:24",
        "Lines": "18",
        "Lon": 21.0024,
        "Lat": 52.2588
      },
      {
        "Brigade": "2",
        "Time": "2017-05-14 05:57:35",
        "Lines": "18",
        "Lon": 21.0023,
        "Lat": 52.2587
      },
      {
        "Brigade": "2",
        "Time": "2017-05-14 05:57:45",
        "Lines": "18",
        "Lon": 21.0023,
        "Lat": 52.2587
      },
      {
        "Brigade": "2",
        "Time": "2017-05-14 05:58:01",
        "Lines": "18",
        "Lon": 21.0023,
        "Lat": 52.2587
      },
      {
        "Brigade": "2",
        "Time": "2017-05-14 05:58:11",
        "Lines": "18",
        "Lon": 21.002,
        "Lat": 52.2587
      },
      {
        "Brigade": "2",
        "Time": "2017-05-14 05:58:22",
        "Lines": "18",
        "Lon": 21.0017,
        "Lat": 52.2582
      },
      {
        "Brigade": "2",
        "Time": "2017-05-14 05:58:22",
        "Lines": "18",
        "Lon": 21.0017,
        "Lat": 52.2582
      },
      {
        "Brigade": "2",
        "Time": "2017-05-14 05:58:32",
        "Lines": "18",
        "Lon": 21.0013,
        "Lat": 52.2577
      },
      {
        "Brigade": "2",
        "Time": "2017-05-14 05:58:43",
        "Lines": "18",
        "Lon": 21.0005,
        "Lat": 52.257
      },
      {
        "Brigade": "2",
        "Time": "2017-05-14 05:58:53",
        "Lines": "18",
        "Lon": 20.9998,
        "Lat": 52.2563
      },
      {
        "Brigade": "2",
        "Time": "2017-05-14 05:59:04",
        "Lines": "18",
        "Lon": 20.9989,
        "Lat": 52.2559
      },
      {
        "Brigade": "2",
        "Time": "2017-05-14 05:59:14",
        "Lines": "18",
        "Lon": 20.9984,
        "Lat": 52.2557
      },
      {
        "Brigade": "2",
        "Time": "2017-05-14 05:59:25",
        "Lines": "18",
        "Lon": 20.9984,
        "Lat": 52.2557
      },
      {
        "Brigade": "2",
        "Time": "2017-05-14 05:59:35",
        "Lines": "18",
        "Lon": 20.9981,
        "Lat": 52.2556
      },
      {
        "Brigade": "2",
        "Time": "2017-05-14 05:59:51",
        "Lines": "18",
        "Lon": 20.9975,
        "Lat": 52.2552
      },
      {
        "Brigade": "2",
        "Time": "2017-05-14 06:00:01",
        "Lines": "18",
        "Lon": 20.9976,
        "Lat": 52.2546
      },
      {
        "Brigade": "2",
        "Time": "2017-05-14 06:00:12",
        "Lines": "18",
        "Lon": 20.9977,
        "Lat": 52.2541
      },
      {
        "Brigade": "2",
        "Time": "2017-05-14 06:00:12",
        "Lines": "18",
        "Lon": 20.9977,
        "Lat": 52.2541
      },
      {
        "Brigade": "2",
        "Time": "2017-05-14 06:00:22",
        "Lines": "18",
        "Lon": 20.9977,
        "Lat": 52.2541
      },
      {
        "Brigade": "2",
        "Time": "2017-05-14 06:00:33",
        "Lines": "18",
        "Lon": 20.9977,
        "Lat": 52.2541
      },
      {
        "Brigade": "2",
        "Time": "2017-05-14 06:00:43",
        "Lines": "18",
        "Lon": 20.9978,
        "Lat": 52.2537
      },
      {
        "Brigade": "2",
        "Time": "2017-05-14 06:00:54",
        "Lines": "18",
        "Lon": 20.9979,
        "Lat": 52.2531
      },
      {
        "Brigade": "2",
        "Time": "2017-05-14 06:01:04",
        "Lines": "18",
        "Lon": 20.9981,
        "Lat": 52.2521
      },
      {
        "Brigade": "2",
        "Time": "2017-05-14 06:01:15",
        "Lines": "18",
        "Lon": 20.9982,
        "Lat": 52.2513
      },
      {
        "Brigade": "2",
        "Time": "2017-05-14 06:01:25",
        "Lines": "18",
        "Lon": 20.9984,
        "Lat": 52.2509
      },
      {
        "Brigade": "2",
        "Time": "2017-05-14 06:01:41",
        "Lines": "18",
        "Lon": 20.9986,
        "Lat": 52.2499
      },
      {
        "Brigade": "2",
        "Time": "2017-05-14 06:01:52",
        "Lines": "18",
        "Lon": 20.9987,
        "Lat": 52.2495
      },
      {
        "Brigade": "2",
        "Time": "2017-05-14 06:02:02",
        "Lines": "18",
        "Lon": 20.9987,
        "Lat": 52.2495
      },
      {
        "Brigade": "2",
        "Time": "2017-05-14 06:02:02",
        "Lines": "18",
        "Lon": 20.9987,
        "Lat": 52.2495
      },
      {
        "Brigade": "2",
        "Time": "2017-05-14 06:02:13",
        "Lines": "18",
        "Lon": 20.9987,
        "Lat": 52.2494
      },
      {
        "Brigade": "2",
        "Time": "2017-05-14 06:02:23",
        "Lines": "18",
        "Lon": 20.9989,
        "Lat": 52.2484
      },
      {
        "Brigade": "2",
        "Time": "2017-05-14 06:02:33",
        "Lines": "18",
        "Lon": 20.9992,
        "Lat": 52.2473
      },
      {
        "Brigade": "2",
        "Time": "2017-05-14 06:02:46",
        "Lines": "18",
        "Lon": 20.9996,
        "Lat": 52.2463
      },
      {
        "Brigade": "2",
        "Time": "2017-05-14 06:02:46",
        "Lines": "18",
        "Lon": 20.9996,
        "Lat": 52.2463
      },
      {
        "Brigade": "2",
        "Time": "2017-05-14 06:03:05",
        "Lines": "18",
        "Lon": 21.0006,
        "Lat": 52.2452
      },
      {
        "Brigade": "2",
        "Time": "2017-05-14 06:03:15",
        "Lines": "18",
        "Lon": 21.0008,
        "Lat": 52.2448
      },
      {
        "Brigade": "2",
        "Time": "2017-05-14 06:03:31",
        "Lines": "18",
        "Lon": 21.001,
        "Lat": 52.2447
      },
      {
        "Brigade": "2",
        "Time": "2017-05-14 06:03:42",
        "Lines": "18",
        "Lon": 21.001,
        "Lat": 52.2447
      },
      {
        "Brigade": "2",
        "Time": "2017-05-14 06:03:52",
        "Lines": "18",
        "Lon": 21.001,
        "Lat": 52.2447
      },
      {
        "Brigade": "2",
        "Time": "2017-05-14 06:03:52",
        "Lines": "18",
        "Lon": 21.001,
        "Lat": 52.2447
      },
      {
        "Brigade": "2",
        "Time": "2017-05-14 06:04:03",
        "Lines": "18",
        "Lon": 21.001,
        "Lat": 52.2447
      },
      {
        "Brigade": "2",
        "Time": "2017-05-14 06:04:13",
        "Lines": "18",
        "Lon": 21.001,
        "Lat": 52.2447
      },
      {
        "Brigade": "2",
        "Time": "2017-05-14 06:04:24",
        "Lines": "18",
        "Lon": 21.001,
        "Lat": 52.2447
      },
      {
        "Brigade": "2",
        "Time": "2017-05-14 06:04:34",
        "Lines": "18",
        "Lon": 21.001,
        "Lat": 52.2447
      },
      {
        "Brigade": "2",
        "Time": "2017-05-14 06:04:45",
        "Lines": "18",
        "Lon": 21.001,
        "Lat": 52.2446
      },
      {
        "Brigade": "2",
        "Time": "2017-05-14 06:04:55",
        "Lines": "18",
        "Lon": 21.0014,
        "Lat": 52.2443
      },
      {
        "Brigade": "2",
        "Time": "2017-05-14 06:05:06",
        "Lines": "18",
        "Lon": 21.0018,
        "Lat": 52.2439
      },
      {
        "Brigade": "2",
        "Time": "2017-05-14 06:05:16",
        "Lines": "18",
        "Lon": 21.0024,
        "Lat": 52.2435
      },
      {
        "Brigade": "2",
        "Time": "2017-05-14 06:05:27",
        "Lines": "18",
        "Lon": 21.0025,
        "Lat": 52.2434
      },
      {
        "Brigade": "2",
        "Time": "2017-05-14 06:05:42",
        "Lines": "18",
        "Lon": 21.0028,
        "Lat": 52.2432
      },
      {
        "Brigade": "2",
        "Time": "2017-05-14 06:05:42",
        "Lines": "18",
        "Lon": 21.0028,
        "Lat": 52.2432
      },
      {
        "Brigade": "2",
        "Time": "2017-05-14 06:05:53",
        "Lines": "18",
        "Lon": 21.0034,
        "Lat": 52.2427
      },
      {
        "Brigade": "2",
        "Time": "2017-05-14 06:06:03",
        "Lines": "18",
        "Lon": 21.004,
        "Lat": 52.2422
      },
      {
        "Brigade": "2",
        "Time": "2017-05-14 06:06:14",
        "Lines": "18",
        "Lon": 21.0045,
        "Lat": 52.2415
      },
      {
        "Brigade": "2",
        "Time": "2017-05-14 06:06:24",
        "Lines": "18",
        "Lon": 21.0049,
        "Lat": 52.2409
      },
      {
        "Brigade": "2",
        "Time": "2017-05-14 06:06:24",
        "Lines": "18",
        "Lon": 21.0049,
        "Lat": 52.2409
      },
      {
        "Brigade": "2",
        "Time": "2017-05-14 06:06:45",
        "Lines": "18",
        "Lon": 21.0055,
        "Lat": 52.2392
      },
      {
        "Brigade": "2",
        "Time": "2017-05-14 06:06:56",
        "Lines": "18",
        "Lon": 21.0063,
        "Lat": 52.2387
      },
      {
        "Brigade": "2",
        "Time": "2017-05-14 06:07:06",
        "Lines": "18",
        "Lon": 21.0065,
        "Lat": 52.2386
      },
      {
        "Brigade": "2",
        "Time": "2017-05-14 06:07:22",
        "Lines": "18",
        "Lon": 21.0065,
        "Lat": 52.2386
      },
      {
        "Brigade": "2",
        "Time": "2017-05-14 06:07:32",
        "Lines": "18",
        "Lon": 21.0065,
        "Lat": 52.2386
      },
      {
        "Brigade": "2",
        "Time": "2017-05-14 06:07:32",
        "Lines": "18",
        "Lon": 21.0065,
        "Lat": 52.2386
      },
      {
        "Brigade": "2",
        "Time": "2017-05-14 06:07:43",
        "Lines": "18",
        "Lon": 21.0065,
        "Lat": 52.2386
      },
      {
        "Brigade": "2",
        "Time": "2017-05-14 06:07:53",
        "Lines": "18",
        "Lon": 21.0065,
        "Lat": 52.2386
      },
      {
        "Brigade": "2",
        "Time": "2017-05-14 06:08:04",
        "Lines": "18",
        "Lon": 21.0065,
        "Lat": 52.2386
      },
      {
        "Brigade": "2",
        "Time": "2017-05-14 06:08:14",
        "Lines": "18",
        "Lon": 21.0065,
        "Lat": 52.2386
      },
      {
        "Brigade": "2",
        "Time": "2017-05-14 06:08:25",
        "Lines": "18",
        "Lon": 21.0065,
        "Lat": 52.2386
      },
      {
        "Brigade": "2",
        "Time": "2017-05-14 06:08:35",
        "Lines": "18",
        "Lon": 21.0069,
        "Lat": 52.2379
      },
      {
        "Brigade": "2",
        "Time": "2017-05-14 06:08:46",
        "Lines": "18",
        "Lon": 21.0076,
        "Lat": 52.2367
      },
      {
        "Brigade": "2",
        "Time": "2017-05-14 06:08:56",
        "Lines": "18",
        "Lon": 21.0082,
        "Lat": 52.2356
      },
      {
        "Brigade": "2",
        "Time": "2017-05-14 06:09:07",
        "Lines": "18",
        "Lon": 21.0083,
        "Lat": 52.2356
      },
      {
        "Brigade": "2",
        "Time": "2017-05-14 06:09:23",
        "Lines": "18",
        "Lon": 21.0083,
        "Lat": 52.2356
      },
      {
        "Brigade": "2",
        "Time": "2017-05-14 06:09:23",
        "Lines": "18",
        "Lon": 21.0083,
        "Lat": 52.2356
      },
      {
        "Brigade": "2",
        "Time": "2017-05-14 06:09:33",
        "Lines": "18",
        "Lon": 21.0083,
        "Lat": 52.2356
      },
      {
        "Brigade": "2",
        "Time": "2017-05-14 06:09:44",
        "Lines": "18",
        "Lon": 21.0084,
        "Lat": 52.2355
      },
      {
        "Brigade": "2",
        "Time": "2017-05-14 06:09:54",
        "Lines": "18",
        "Lon": 21.0089,
        "Lat": 52.2346
      },
      {
        "Brigade": "2",
        "Time": "2017-05-14 06:09:59",
        "Lines": "18",
        "Lon": 21.0093,
        "Lat": 52.2339
      },
      {
        "Brigade": "2",
        "Time": "2017-05-14 06:10:15",
        "Lines": "18",
        "Lon": 21.0104,
        "Lat": 52.2321
      },
      {
        "Brigade": "2",
        "Time": "2017-05-14 06:10:25",
        "Lines": "18",
        "Lon": 21.0111,
        "Lat": 52.2309
      },
      {
        "Brigade": "2",
        "Time": "2017-05-14 06:10:36",
        "Lines": "18",
        "Lon": 21.0115,
        "Lat": 52.2302
      },
      {
        "Brigade": "2",
        "Time": "2017-05-14 06:10:46",
        "Lines": "18",
        "Lon": 21.0115,
        "Lat": 52.2302
      },
      {
        "Brigade": "2",
        "Time": "2017-05-14 06:11:01",
        "Lines": "18",
        "Lon": 21.0115,
        "Lat": 52.2302
      },
      {
        "Brigade": "2",
        "Time": "2017-05-14 06:11:13",
        "Lines": "18",
        "Lon": 21.0115,
        "Lat": 52.2302
      },
      {
        "Brigade": "2",
        "Time": "2017-05-14 06:11:13",
        "Lines": "18",
        "Lon": 21.0115,
        "Lat": 52.2302
      },
      {
        "Brigade": "2",
        "Time": "2017-05-14 06:11:23",
        "Lines": "18",
        "Lon": 21.0115,
        "Lat": 52.2302
      },
      {
        "Brigade": "2",
        "Time": "2017-05-14 06:11:34",
        "Lines": "18",
        "Lon": 21.0115,
        "Lat": 52.2302
      },
      {
        "Brigade": "2",
        "Time": "2017-05-14 06:11:44",
        "Lines": "18",
        "Lon": 21.0115,
        "Lat": 52.2302
      },
      {
        "Brigade": "2",
        "Time": "2017-05-14 06:11:55",
        "Lines": "18",
        "Lon": 21.0117,
        "Lat": 52.2299
      },
      {
        "Brigade": "2",
        "Time": "2017-05-14 06:12:05",
        "Lines": "18",
        "Lon": 21.0121,
        "Lat": 52.2291
      },
      {
        "Brigade": "2",
        "Time": "2017-05-14 06:12:16",
        "Lines": "18",
        "Lon": 21.0127,
        "Lat": 52.2282
      },
      {
        "Brigade": "2",
        "Time": "2017-05-14 06:12:31",
        "Lines": "18",
        "Lon": 21.0129,
        "Lat": 52.228
      },
      {
        "Brigade": "2",
        "Time": "2017-05-14 06:12:42",
        "Lines": "18",
        "Lon": 21.0132,
        "Lat": 52.2274
      },
      {
        "Brigade": "2",
        "Time": "2017-05-14 06:12:52",
        "Lines": "18",
        "Lon": 21.0132,
        "Lat": 52.2272
      },
      {
        "Brigade": "2",
        "Time": "2017-05-14 06:12:52",
        "Lines": "18",
        "Lon": 21.0132,
        "Lat": 52.2272
      },
      {
        "Brigade": "2",
        "Time": "2017-05-14 06:13:03",
        "Lines": "18",
        "Lon": 21.0132,
        "Lat": 52.2272
      },
      {
        "Brigade": "2",
        "Time": "2017-05-14 06:13:13",
        "Lines": "18",
        "Lon": 21.0132,
        "Lat": 52.2272
      },
      {
        "Brigade": "2",
        "Time": "2017-05-14 06:13:24",
        "Lines": "18",
        "Lon": 21.0132,
        "Lat": 52.2272
      },
      {
        "Brigade": "2",
        "Time": "2017-05-14 06:13:34",
        "Lines": "18",
        "Lon": 21.0132,
        "Lat": 52.2272
      },
      {
        "Brigade": "2",
        "Time": "2017-05-14 06:13:45",
        "Lines": "18",
        "Lon": 21.0132,
        "Lat": 52.2271
      },
      {
        "Brigade": "2",
        "Time": "2017-05-14 06:13:55",
        "Lines": "18",
        "Lon": 21.0137,
        "Lat": 52.2263
      },
      {
        "Brigade": "2",
        "Time": "2017-05-14 06:14:06",
        "Lines": "18",
        "Lon": 21.0144,
        "Lat": 52.2252
      },
      {
        "Brigade": "2",
        "Time": "2017-05-14 06:14:21",
        "Lines": "18",
        "Lon": 21.0154,
        "Lat": 52.2236
      },
      {
        "Brigade": "2",
        "Time": "2017-05-14 06:14:32",
        "Lines": "18",
        "Lon": 21.0155,
        "Lat": 52.2234
      },
      {
        "Brigade": "2",
        "Time": "2017-05-14 06:14:42",
        "Lines": "18",
        "Lon": 21.0155,
        "Lat": 52.2234
      },
      {
        "Brigade": "2",
        "Time": "2017-05-14 06:14:42",
        "Lines": "18",
        "Lon": 21.0155,
        "Lat": 52.2234
      },
      {
        "Brigade": "2",
        "Time": "2017-05-14 06:14:53",
        "Lines": "18",
        "Lon": 21.0157,
        "Lat": 52.2232
      },
      {
        "Brigade": "2",
        "Time": "2017-05-14 06:15:03",
        "Lines": "18",
        "Lon": 21.0163,
        "Lat": 52.2224
      },
      {
        "Brigade": "2",
        "Time": "2017-05-14 06:15:14",
        "Lines": "18",
        "Lon": 21.0166,
        "Lat": 52.2218
      },
      {
        "Brigade": "2",
        "Time": "2017-05-14 06:15:24",
        "Lines": "18",
        "Lon": 21.0169,
        "Lat": 52.2213
      },
      {
        "Brigade": "2",
        "Time": "2017-05-14 06:15:35",
        "Lines": "18",
        "Lon": 21.0172,
        "Lat": 52.2208
      },
      {
        "Brigade": "2",
        "Time": "2017-05-14 06:15:45",
        "Lines": "18",
        "Lon": 21.0172,
        "Lat": 52.2208
      },
      {
        "Brigade": "2",
        "Time": "2017-05-14 06:15:56",
        "Lines": "18",
        "Lon": 21.0172,
        "Lat": 52.2208
      },
      {
        "Brigade": "2",
        "Time": "2017-05-14 06:16:06",
        "Lines": "18",
        "Lon": 21.0175,
        "Lat": 52.2204
      },
      {
        "Brigade": "2",
        "Time": "2017-05-14 06:16:22",
        "Lines": "18",
        "Lon": 21.0181,
        "Lat": 52.2193
      },
      {
        "Brigade": "2",
        "Time": "2017-05-14 06:16:33",
        "Lines": "18",
        "Lon": 21.0187,
        "Lat": 52.2183
      },
      {
        "Brigade": "2",
        "Time": "2017-05-14 06:16:33",
        "Lines": "18",
        "Lon": 21.0187,
        "Lat": 52.2183
      },
      {
        "Brigade": "2",
        "Time": "2017-05-14 06:16:44",
        "Lines": "18",
        "Lon": 21.0192,
        "Lat": 52.2176
      },
      {
        "Brigade": "2",
        "Time": "2017-05-14 06:16:44",
        "Lines": "18",
        "Lon": 21.0192,
        "Lat": 52.2176
      },
      {
        "Brigade": "2",
        "Time": "2017-05-14 06:17:04",
        "Lines": "18",
        "Lon": 21.0192,
        "Lat": 52.2176
      },
      {
        "Brigade": "2",
        "Time": "2017-05-14 06:17:14",
        "Lines": "18",
        "Lon": 21.0194,
        "Lat": 52.2171
      },
      {
        "Brigade": "2",
        "Time": "2017-05-14 06:17:25",
        "Lines": "18",
        "Lon": 21.0203,
        "Lat": 52.2158
      },
      {
        "Brigade": "2",
        "Time": "2017-05-14 06:17:35",
        "Lines": "18",
        "Lon": 21.0208,
        "Lat": 52.2149
      },
      {
        "Brigade": "2",
        "Time": "2017-05-14 06:17:46",
        "Lines": "18",
        "Lon": 21.0212,
        "Lat": 52.2143
      },
      {
        "Brigade": "2",
        "Time": "2017-05-14 06:17:56",
        "Lines": "18",
        "Lon": 21.0211,
        "Lat": 52.2143
      },
      {
        "Brigade": "2",
        "Time": "2017-05-14 06:18:12",
        "Lines": "18",
        "Lon": 21.0211,
        "Lat": 52.2143
      },
      {
        "Brigade": "2",
        "Time": "2017-05-14 06:18:23",
        "Lines": "18",
        "Lon": 21.0211,
        "Lat": 52.2143
      },
      {
        "Brigade": "2",
        "Time": "2017-05-14 06:18:23",
        "Lines": "18",
        "Lon": 21.0211,
        "Lat": 52.2143
      },
      {
        "Brigade": "2",
        "Time": "2017-05-14 06:18:33",
        "Lines": "18",
        "Lon": 21.0212,
        "Lat": 52.2142
      },
      {
        "Brigade": "2",
        "Time": "2017-05-14 06:18:44",
        "Lines": "18",
        "Lon": 21.0213,
        "Lat": 52.2138
      },
      {
        "Brigade": "2",
        "Time": "2017-05-14 06:18:54",
        "Lines": "18",
        "Lon": 21.021,
        "Lat": 52.213
      },
      {
        "Brigade": "2",
        "Time": "2017-05-14 06:19:05",
        "Lines": "18",
        "Lon": 21.0206,
        "Lat": 52.2123
      },
      {
        "Brigade": "2",
        "Time": "2017-05-14 06:19:15",
        "Lines": "18",
        "Lon": 21.0205,
        "Lat": 52.2121
      },
      {
        "Brigade": "2",
        "Time": "2017-05-14 06:19:26",
        "Lines": "18",
        "Lon": 21.0205,
        "Lat": 52.2121
      },
      {
        "Brigade": "2",
        "Time": "2017-05-14 06:19:36",
        "Lines": "18",
        "Lon": 21.0205,
        "Lat": 52.2121
      },
      {
        "Brigade": "2",
        "Time": "2017-05-14 06:19:52",
        "Lines": "18",
        "Lon": 21.0205,
        "Lat": 52.2121
      },
      {
        "Brigade": "2",
        "Time": "2017-05-14 06:19:57",
        "Lines": "18",
        "Lon": 21.0205,
        "Lat": 52.2121
      },
      {
        "Brigade": "2",
        "Time": "2017-05-14 06:20:13",
        "Lines": "18",
        "Lon": 21.0206,
        "Lat": 52.2109
      },
      {
        "Brigade": "2",
        "Time": "2017-05-14 06:20:13",
        "Lines": "18",
        "Lon": 21.0206,
        "Lat": 52.2109
      },
      {
        "Brigade": "2",
        "Time": "2017-05-14 06:20:23",
        "Lines": "18",
        "Lon": 21.0212,
        "Lat": 52.2098
      },
      {
        "Brigade": "2",
        "Time": "2017-05-14 06:20:29",
        "Lines": "18",
        "Lon": 21.0213,
        "Lat": 52.2093
      },
      {
        "Brigade": "2",
        "Time": "2017-05-14 06:20:44",
        "Lines": "18",
        "Lon": 21.0214,
        "Lat": 52.2091
      },
      {
        "Brigade": "2",
        "Time": "2017-05-14 06:20:55",
        "Lines": "18",
        "Lon": 21.0215,
        "Lat": 52.209
      },
      {
        "Brigade": "2",
        "Time": "2017-05-14 06:21:05",
        "Lines": "18",
        "Lon": 21.0217,
        "Lat": 52.2083
      },
      {
        "Brigade": "2",
        "Time": "2017-05-14 06:21:16",
        "Lines": "18",
        "Lon": 21.022,
        "Lat": 52.2076
      },
      {
        "Brigade": "2",
        "Time": "2017-05-14 06:21:26",
        "Lines": "18",
        "Lon": 21.022,
        "Lat": 52.2076
      },
      {
        "Brigade": "2",
        "Time": "2017-05-14 06:21:37",
        "Lines": "18",
        "Lon": 21.022,
        "Lat": 52.2076
      },
      {
        "Brigade": "2",
        "Time": "2017-05-14 06:21:52",
        "Lines": "18",
        "Lon": 21.0224,
        "Lat": 52.2066
      },
      {
        "Brigade": "2",
        "Time": "2017-05-14 06:22:03",
        "Lines": "18",
        "Lon": 21.0227,
        "Lat": 52.2057
      },
      {
        "Brigade": "2",
        "Time": "2017-05-14 06:22:03",
        "Lines": "18",
        "Lon": 21.0227,
        "Lat": 52.2057
      },
      {
        "Brigade": "2",
        "Time": "2017-05-14 06:22:08",
        "Lines": "18",
        "Lon": 21.0228,
        "Lat": 52.2056
      },
      {
        "Brigade": "2",
        "Time": "2017-05-14 06:22:19",
        "Lines": "18",
        "Lon": 21.0229,
        "Lat": 52.2051
      },
      {
        "Brigade": "2",
        "Time": "2017-05-14 06:22:34",
        "Lines": "18",
        "Lon": 21.0229,
        "Lat": 52.2048
      },
      {
        "Brigade": "2",
        "Time": "2017-05-14 06:22:45",
        "Lines": "18",
        "Lon": 21.0231,
        "Lat": 52.2039
      },
      {
        "Brigade": "2",
        "Time": "2017-05-14 06:22:55",
        "Lines": "18",
        "Lon": 21.0233,
        "Lat": 52.2028
      },
      {
        "Brigade": "2",
        "Time": "2017-05-14 06:23:06",
        "Lines": "18",
        "Lon": 21.0234,
        "Lat": 52.2022
      },
      {
        "Brigade": "2",
        "Time": "2017-05-14 06:23:16",
        "Lines": "18",
        "Lon": 21.0234,
        "Lat": 52.2021
      },
      {
        "Brigade": "2",
        "Time": "2017-05-14 06:23:27",
        "Lines": "18",
        "Lon": 21.0235,
        "Lat": 52.2013
      },
      {
        "Brigade": "2",
        "Time": "2017-05-14 06:23:42",
        "Lines": "18",
        "Lon": 21.0237,
        "Lat": 52.2004
      },
      {
        "Brigade": "2",
        "Time": "2017-05-14 06:23:42",
        "Lines": "18",
        "Lon": 21.0237,
        "Lat": 52.2004
      },
      {
        "Brigade": "2",
        "Time": "2017-05-14 06:23:53",
        "Lines": "18",
        "Lon": 21.0237,
        "Lat": 52.2004
      },
      {
        "Brigade": "2",
        "Time": "2017-05-14 06:24:03",
        "Lines": "18",
        "Lon": 21.0237,
        "Lat": 52.2004
      },
      {
        "Brigade": "2",
        "Time": "2017-05-14 06:24:14",
        "Lines": "18",
        "Lon": 21.0238,
        "Lat": 52.1999
      },
      {
        "Brigade": "2",
        "Time": "2017-05-14 06:24:24",
        "Lines": "18",
        "Lon": 21.0239,
        "Lat": 52.1988
      },
      {
        "Brigade": "2",
        "Time": "2017-05-14 06:24:35",
        "Lines": "18",
        "Lon": 21.024,
        "Lat": 52.1977
      },
      {
        "Brigade": "2",
        "Time": "2017-05-14 06:24:45",
        "Lines": "18",
        "Lon": 21.0241,
        "Lat": 52.1975
      },
      {
        "Brigade": "2",
        "Time": "2017-05-14 06:24:56",
        "Lines": "18",
        "Lon": 21.0241,
        "Lat": 52.1975
      },
      {
        "Brigade": "2",
        "Time": "2017-05-14 06:25:06",
        "Lines": "18",
        "Lon": 21.0241,
        "Lat": 52.1972
      },
      {
        "Brigade": "2",
        "Time": "2017-05-14 06:25:17",
        "Lines": "18",
        "Lon": 21.0241,
        "Lat": 52.1966
      },
      {
        "Brigade": "2",
        "Time": "2017-05-14 06:25:27",
        "Lines": "18",
        "Lon": 21.0241,
        "Lat": 52.1966
      },
      {
        "Brigade": "2",
        "Time": "2017-05-14 06:25:27",
        "Lines": "18",
        "Lon": 21.0241,
        "Lat": 52.1966
      },
      {
        "Brigade": "2",
        "Time": "2017-05-14 06:25:43",
        "Lines": "18",
        "Lon": 21.0242,
        "Lat": 52.1961
      },
      {
        "Brigade": "2",
        "Time": "2017-05-14 06:25:54",
        "Lines": "18",
        "Lon": 21.0242,
        "Lat": 52.1954
      },
      {
        "Brigade": "2",
        "Time": "2017-05-14 06:26:04",
        "Lines": "18",
        "Lon": 21.0242,
        "Lat": 52.1949
      },
      {
        "Brigade": "2",
        "Time": "2017-05-14 06:26:15",
        "Lines": "18",
        "Lon": 21.0242,
        "Lat": 52.1949
      },
      {
        "Brigade": "2",
        "Time": "2017-05-14 06:26:25",
        "Lines": "18",
        "Lon": 21.0242,
        "Lat": 52.1948
      },
      {
        "Brigade": "2",
        "Time": "2017-05-14 06:26:41",
        "Lines": "18",
        "Lon": 21.0243,
        "Lat": 52.194
      },
      {
        "Brigade": "2",
        "Time": "2017-05-14 06:26:46",
        "Lines": "18",
        "Lon": 21.0243,
        "Lat": 52.194
      },
      {
        "Brigade": "2",
        "Time": "2017-05-14 06:27:02",
        "Lines": "18",
        "Lon": 21.0243,
        "Lat": 52.1934
      },
      {
        "Brigade": "2",
        "Time": "2017-05-14 06:27:12",
        "Lines": "18",
        "Lon": 21.0244,
        "Lat": 52.1922
      },
      {
        "Brigade": "2",
        "Time": "2017-05-14 06:27:12",
        "Lines": "18",
        "Lon": 21.0244,
        "Lat": 52.1922
      },
      {
        "Brigade": "2",
        "Time": "2017-05-14 06:27:23",
        "Lines": "18",
        "Lon": 21.0245,
        "Lat": 52.1911
      },
      {
        "Brigade": "2",
        "Time": "2017-05-14 06:27:33",
        "Lines": "18",
        "Lon": 21.0245,
        "Lat": 52.1903
      },
      {
        "Brigade": "2",
        "Time": "2017-05-14 06:27:44",
        "Lines": "18",
        "Lon": 21.0245,
        "Lat": 52.1903
      },
      {
        "Brigade": "2",
        "Time": "2017-05-14 06:27:54",
        "Lines": "18",
        "Lon": 21.0245,
        "Lat": 52.1903
      },
      {
        "Brigade": "2",
        "Time": "2017-05-14 06:28:05",
        "Lines": "18",
        "Lon": 21.0245,
        "Lat": 52.1903
      },
      {
        "Brigade": "2",
        "Time": "2017-05-14 06:28:15",
        "Lines": "18",
        "Lon": 21.0245,
        "Lat": 52.1903
      },
      {
        "Brigade": "2",
        "Time": "2017-05-14 06:28:26",
        "Lines": "18",
        "Lon": 21.0245,
        "Lat": 52.1903
      },
      {
        "Brigade": "2",
        "Time": "2017-05-14 06:28:36",
        "Lines": "18",
        "Lon": 21.0245,
        "Lat": 52.1903
      },
      {
        "Brigade": "2",
        "Time": "2017-05-14 06:28:52",
        "Lines": "18",
        "Lon": 21.0245,
        "Lat": 52.1903
      },
      {
        "Brigade": "2",
        "Time": "2017-05-14 06:29:02",
        "Lines": "18",
        "Lon": 21.0245,
        "Lat": 52.1903
      },
      {
        "Brigade": "2",
        "Time": "2017-05-14 06:29:02",
        "Lines": "18",
        "Lon": 21.0245,
        "Lat": 52.1903
      },
      {
        "Brigade": "2",
        "Time": "2017-05-14 06:29:13",
        "Lines": "18",
        "Lon": 21.0245,
        "Lat": 52.1903
      },
      {
        "Brigade": "2",
        "Time": "2017-05-14 06:29:23",
        "Lines": "18",
        "Lon": 21.0245,
        "Lat": 52.1903
      },
      {
        "Brigade": "2",
        "Time": "2017-05-14 06:29:34",
        "Lines": "18",
        "Lon": 21.0244,
        "Lat": 52.19
      },
      {
        "Brigade": "2",
        "Time": "2017-05-14 06:29:34",
        "Lines": "18",
        "Lon": 21.0244,
        "Lat": 52.19
      },
      {
        "Brigade": "2",
        "Time": "2017-05-14 06:29:55",
        "Lines": "18",
        "Lon": 21.023,
        "Lat": 52.1898
      },
      {
        "Brigade": "2",
        "Time": "2017-05-14 06:30:00",
        "Lines": "18",
        "Lon": 21.023,
        "Lat": 52.1898
      },
      {
        "Brigade": "2",
        "Time": "2017-05-14 06:30:00",
        "Lines": "18",
        "Lon": 21.023,
        "Lat": 52.1898
      },
      {
        "Brigade": "2",
        "Time": "2017-05-14 06:30:00",
        "Lines": "18",
        "Lon": 21.023,
        "Lat": 52.1898
      },
      {
        "Brigade": "2",
        "Time": "2017-05-14 06:30:00",
        "Lines": "18",
        "Lon": 21.023,
        "Lat": 52.1898
      },
      {
        "Brigade": "2",
        "Time": "2017-05-14 06:30:00",
        "Lines": "18",
        "Lon": 21.023,
        "Lat": 52.1898
      },
      {
        "Brigade": "2",
        "Time": "2017-05-14 06:30:00",
        "Lines": "18",
        "Lon": 21.023,
        "Lat": 52.1898
      },
      {
        "Brigade": "2",
        "Time": "2017-05-14 06:30:00",
        "Lines": "18",
        "Lon": 21.023,
        "Lat": 52.1898
      },
      {
        "Brigade": "2",
        "Time": "2017-05-14 06:30:00",
        "Lines": "18",
        "Lon": 21.023,
        "Lat": 52.1898
      },
      {
        "Brigade": "2",
        "Time": "2017-05-14 06:31:24",
        "Lines": "18",
        "Lon": 21.0186,
        "Lat": 52.1892
      },
      {
        "Brigade": "2",
        "Time": "2017-05-14 06:31:34",
        "Lines": "18",
        "Lon": 21.0179,
        "Lat": 52.1891
      },
      {
        "Brigade": "2",
        "Time": "2017-05-14 06:31:45",
        "Lines": "18",
        "Lon": 21.0179,
        "Lat": 52.1891
      },
      {
        "Brigade": "2",
        "Time": "2017-05-14 06:31:55",
        "Lines": "18",
        "Lon": 21.0176,
        "Lat": 52.1891
      },
      {
        "Brigade": "2",
        "Time": "2017-05-14 06:32:11",
        "Lines": "18",
        "Lon": 21.0175,
        "Lat": 52.1891
      },
      {
        "Brigade": "2",
        "Time": "2017-05-14 06:32:22",
        "Lines": "18",
        "Lon": 21.0175,
        "Lat": 52.1891
      },
      {
        "Brigade": "2",
        "Time": "2017-05-14 06:32:22",
        "Lines": "18",
        "Lon": 21.0175,
        "Lat": 52.1891
      },
      {
        "Brigade": "2",
        "Time": "2017-05-14 06:32:32",
        "Lines": "18",
        "Lon": 21.0168,
        "Lat": 52.189
      },
      {
        "Brigade": "2",
        "Time": "2017-05-14 06:32:43",
        "Lines": "18",
        "Lon": 21.0151,
        "Lat": 52.189
      },
      {
        "Brigade": "2",
        "Time": "2017-05-14 06:32:53",
        "Lines": "18",
        "Lon": 21.0134,
        "Lat": 52.1889
      },
      {
        "Brigade": "2",
        "Time": "2017-05-14 06:33:04",
        "Lines": "18",
        "Lon": 21.0122,
        "Lat": 52.1889
      },
      {
        "Brigade": "2",
        "Time": "2017-05-14 06:33:14",
        "Lines": "18",
        "Lon": 21.012,
        "Lat": 52.1889
      },
      {
        "Brigade": "2",
        "Time": "2017-05-14 06:33:25",
        "Lines": "18",
        "Lon": 21.0117,
        "Lat": 52.1889
      },
      {
        "Brigade": "2",
        "Time": "2017-05-14 06:33:40",
        "Lines": "18",
        "Lon": 21.0091,
        "Lat": 52.1889
      },
      {
        "Brigade": "2",
        "Time": "2017-05-14 06:33:51",
        "Lines": "18",
        "Lon": 21.0077,
        "Lat": 52.1889
      },
      {
        "Brigade": "2",
        "Time": "2017-05-14 06:34:01",
        "Lines": "18",
        "Lon": 21.0077,
        "Lat": 52.1889
      },
      {
        "Brigade": "2",
        "Time": "2017-05-14 06:34:01",
        "Lines": "18",
        "Lon": 21.0077,
        "Lat": 52.1889
      },
      {
        "Brigade": "2",
        "Time": "2017-05-14 06:34:12",
        "Lines": "18",
        "Lon": 21.0077,
        "Lat": 52.1889
      },
      {
        "Brigade": "2",
        "Time": "2017-05-14 06:34:22",
        "Lines": "18",
        "Lon": 21.0077,
        "Lat": 52.1889
      },
      {
        "Brigade": "2",
        "Time": "2017-05-14 06:34:33",
        "Lines": "18",
        "Lon": 21.0071,
        "Lat": 52.1889
      },
      {
        "Brigade": "2",
        "Time": "2017-05-14 06:34:43",
        "Lines": "18",
        "Lon": 21.0053,
        "Lat": 52.1888
      },
      {
        "Brigade": "2",
        "Time": "2017-05-14 06:34:54",
        "Lines": "18",
        "Lon": 21.0042,
        "Lat": 52.1888
      },
      {
        "Brigade": "2",
        "Time": "2017-05-14 06:35:04",
        "Lines": "18",
        "Lon": 21.003,
        "Lat": 52.1888
      },
      {
        "Brigade": "2",
        "Time": "2017-05-14 06:35:10",
        "Lines": "18",
        "Lon": 21.0027,
        "Lat": 52.1888
      },
      {
        "Brigade": "2",
        "Time": "2017-05-14 06:35:31",
        "Lines": "18",
        "Lon": 21.0024,
        "Lat": 52.1888
      },
      {
        "Brigade": "2",
        "Time": "2017-05-14 06:35:41",
        "Lines": "18",
        "Lon": 21.0021,
        "Lat": 52.1892
      },
      {
        "Brigade": "2",
        "Time": "2017-05-14 06:35:52",
        "Lines": "18",
        "Lon": 21.002,
        "Lat": 52.1898
      },
      {
        "Brigade": "2",
        "Time": "2017-05-14 06:35:52",
        "Lines": "18",
        "Lon": 21.002,
        "Lat": 52.1898
      },
      {
        "Brigade": "2",
        "Time": "2017-05-14 06:36:02",
        "Lines": "18",
        "Lon": 21.002,
        "Lat": 52.1899
      },
      {
        "Brigade": "2",
        "Time": "2017-05-14 06:36:13",
        "Lines": "18",
        "Lon": 21.002,
        "Lat": 52.1899
      },
      {
        "Brigade": "2",
        "Time": "2017-05-14 06:36:23",
        "Lines": "18",
        "Lon": 21.0019,
        "Lat": 52.1908
      },
      {
        "Brigade": "2",
        "Time": "2017-05-14 06:36:34",
        "Lines": "18",
        "Lon": 21.0018,
        "Lat": 52.1922
      }
    ]
  }
]
