[
  {
    "res": [
      {
        "Brigade": "1",
        "Time": "2017-05-14 07:56:13",
        "Lines": "2",
        "Lon": 20.9338,
        "Lat": 52.2993
      },
      {
        "Brigade": "1",
        "Time": "2017-05-14 07:56:28",
        "Lines": "2",
        "Lon": 20.9338,
        "Lat": 52.2993
      },
      {
        "Brigade": "1",
        "Time": "2017-05-14 07:56:38",
        "Lines": "2",
        "Lon": 20.9339,
        "Lat": 52.2993
      },
      {
        "Brigade": "1",
        "Time": "2017-05-14 07:56:48",
        "Lines": "2",
        "Lon": 20.9342,
        "Lat": 52.2992
      },
      {
        "Brigade": "1",
        "Time": "2017-05-14 07:56:58",
        "Lines": "2",
        "Lon": 20.9342,
        "Lat": 52.2992
      },
      {
        "Brigade": "1",
        "Time": "2017-05-14 07:57:08",
        "Lines": "2",
        "Lon": 20.9342,
        "Lat": 52.2992
      },
      {
        "Brigade": "1",
        "Time": "2017-05-14 07:57:23",
        "Lines": "2",
        "Lon": 20.9344,
        "Lat": 52.299
      },
      {
        "Brigade": "1",
        "Time": "2017-05-14 07:57:23",
        "Lines": "2",
        "Lon": 20.9344,
        "Lat": 52.299
      },
      {
        "Brigade": "1",
        "Time": "2017-05-14 07:57:33",
        "Lines": "2",
        "Lon": 20.9348,
        "Lat": 52.299
      },
      {
        "Brigade": "1",
        "Time": "2017-05-14 07:57:43",
        "Lines": "2",
        "Lon": 20.9351,
        "Lat": 52.2991
      },
      {
        "Brigade": "1",
        "Time": "2017-05-14 07:57:53",
        "Lines": "2",
        "Lon": 20.9355,
        "Lat": 52.2993
      },
      {
        "Brigade": "1",
        "Time": "2017-05-14 07:58:03",
        "Lines": "2",
        "Lon": 20.9356,
        "Lat": 52.2994
      },
      {
        "Brigade": "1",
        "Time": "2017-05-14 07:58:18",
        "Lines": "2",
        "Lon": 20.9359,
        "Lat": 52.2996
      },
      {
        "Brigade": "1",
        "Time": "2017-05-14 07:58:28",
        "Lines": "2",
        "Lon": 20.937,
        "Lat": 52.3002
      },
      {
        "Brigade": "1",
        "Time": "2017-05-14 07:58:38",
        "Lines": "2",
        "Lon": 20.9385,
        "Lat": 52.301
      },
      {
        "Brigade": "1",
        "Time": "2017-05-14 07:58:48",
        "Lines": "2",
        "Lon": 20.9394,
        "Lat": 52.3015
      },
      {
        "Brigade": "1",
        "Time": "2017-05-14 07:58:58",
        "Lines": "2",
        "Lon": 20.9397,
        "Lat": 52.3017
      },
      {
        "Brigade": "1",
        "Time": "2017-05-14 07:59:13",
        "Lines": "2",
        "Lon": 20.9409,
        "Lat": 52.3023
      },
      {
        "Brigade": "1",
        "Time": "2017-05-14 07:59:13",
        "Lines": "2",
        "Lon": 20.9409,
        "Lat": 52.3023
      },
      {
        "Brigade": "1",
        "Time": "2017-05-14 07:59:23",
        "Lines": "2",
        "Lon": 20.9415,
        "Lat": 52.3026
      },
      {
        "Brigade": "1",
        "Time": "2017-05-14 07:59:34",
        "Lines": "2",
        "Lon": 20.9442,
        "Lat": 52.3037
      },
      {
        "Brigade": "1",
        "Time": "2017-05-14 07:59:43",
        "Lines": "2",
        "Lon": 20.9461,
        "Lat": 52.3044
      },
      {
        "Brigade": "1",
        "Time": "2017-05-14 07:59:53",
        "Lines": "2",
        "Lon": 20.9477,
        "Lat": 52.3051
      },
      {
        "Brigade": "1",
        "Time": "2017-05-14 08:00:03",
        "Lines": "2",
        "Lon": 20.95,
        "Lat": 52.3062
      },
      {
        "Brigade": "1",
        "Time": "2017-05-14 08:00:18",
        "Lines": "2",
        "Lon": 20.9528,
        "Lat": 52.3076
      },
      {
        "Brigade": "1",
        "Time": "2017-05-14 08:00:28",
        "Lines": "2",
        "Lon": 20.9547,
        "Lat": 52.3085
      },
      {
        "Brigade": "1",
        "Time": "2017-05-14 08:00:38",
        "Lines": "2",
        "Lon": 20.9567,
        "Lat": 52.3094
      },
      {
        "Brigade": "1",
        "Time": "2017-05-14 08:00:48",
        "Lines": "2",
        "Lon": 20.9585,
        "Lat": 52.3103
      },
      {
        "Brigade": "1",
        "Time": "2017-05-14 08:01:03",
        "Lines": "2",
        "Lon": 20.96,
        "Lat": 52.3109
      },
      {
        "Brigade": "1",
        "Time": "2017-05-14 08:01:03",
        "Lines": "2",
        "Lon": 20.96,
        "Lat": 52.3109
      },
      {
        "Brigade": "1",
        "Time": "2017-05-14 08:01:14",
        "Lines": "2",
        "Lon": 20.9605,
        "Lat": 52.3111
      },
      {
        "Brigade": "1",
        "Time": "2017-05-14 08:01:24",
        "Lines": "2",
        "Lon": 20.9621,
        "Lat": 52.3117
      },
      {
        "Brigade": "1",
        "Time": "2017-05-14 08:01:34",
        "Lines": "2",
        "Lon": 20.964,
        "Lat": 52.3124
      },
      {
        "Brigade": "1",
        "Time": "2017-05-14 08:01:44",
        "Lines": "2",
        "Lon": 20.9656,
        "Lat": 52.3131
      },
      {
        "Brigade": "1",
        "Time": "2017-05-14 08:01:58",
        "Lines": "2",
        "Lon": 20.9662,
        "Lat": 52.3133
      },
      {
        "Brigade": "1",
        "Time": "2017-05-14 08:02:08",
        "Lines": "2",
        "Lon": 20.967,
        "Lat": 52.3137
      },
      {
        "Brigade": "1",
        "Time": "2017-05-14 08:02:18",
        "Lines": "2",
        "Lon": 20.9677,
        "Lat": 52.3142
      },
      {
        "Brigade": "1",
        "Time": "2017-05-14 08:02:28",
        "Lines": "2",
        "Lon": 20.9677,
        "Lat": 52.3149
      },
      {
        "Brigade": "1",
        "Time": "2017-05-14 08:02:38",
        "Lines": "2",
        "Lon": 20.967,
        "Lat": 52.3156
      },
      {
        "Brigade": "1",
        "Time": "2017-05-14 08:02:47",
        "Lines": "2",
        "Lon": 20.9656,
        "Lat": 52.3165
      },
      {
        "Brigade": "1",
        "Time": "2017-05-14 08:02:47",
        "Lines": "2",
        "Lon": 20.9656,
        "Lat": 52.3165
      },
      {
        "Brigade": "1",
        "Time": "2017-05-14 08:03:03",
        "Lines": "2",
        "Lon": 20.9638,
        "Lat": 52.3177
      },
      {
        "Brigade": "1",
        "Time": "2017-05-14 08:03:12",
        "Lines": "2",
        "Lon": 20.9627,
        "Lat": 52.3176
      },
      {
        "Brigade": "1",
        "Time": "2017-05-14 08:03:22",
        "Lines": "2",
        "Lon": 20.9613,
        "Lat": 52.3172
      },
      {
        "Brigade": "1",
        "Time": "2017-05-14 08:03:32",
        "Lines": "2",
        "Lon": 20.9611,
        "Lat": 52.3171
      },
      {
        "Brigade": "1",
        "Time": "2017-05-14 08:03:47",
        "Lines": "2",
        "Lon": 20.959,
        "Lat": 52.3165
      },
      {
        "Brigade": "1",
        "Time": "2017-05-14 08:03:58",
        "Lines": "2",
        "Lon": 20.9566,
        "Lat": 52.3167
      },
      {
        "Brigade": "1",
        "Time": "2017-05-14 08:04:08",
        "Lines": "2",
        "Lon": 20.9546,
        "Lat": 52.3176
      },
      {
        "Brigade": "1",
        "Time": "2017-05-14 08:04:18",
        "Lines": "2",
        "Lon": 20.953,
        "Lat": 52.3184
      },
      {
        "Brigade": "1",
        "Time": "2017-05-14 08:04:28",
        "Lines": "2",
        "Lon": 20.9527,
        "Lat": 52.3185
      },
      {
        "Brigade": "1",
        "Time": "2017-05-14 08:04:43",
        "Lines": "2",
        "Lon": 20.9513,
        "Lat": 52.3192
      },
      {
        "Brigade": "1",
        "Time": "2017-05-14 08:04:43",
        "Lines": "2",
        "Lon": 20.9513,
        "Lat": 52.3192
      },
      {
        "Brigade": "1",
        "Time": "2017-05-14 08:04:53",
        "Lines": "2",
        "Lon": 20.9498,
        "Lat": 52.32
      },
      {
        "Brigade": "1",
        "Time": "2017-05-14 08:05:03",
        "Lines": "2",
        "Lon": 20.9475,
        "Lat": 52.3211
      },
      {
        "Brigade": "1",
        "Time": "2017-05-14 08:05:13",
        "Lines": "2",
        "Lon": 20.9457,
        "Lat": 52.322
      },
      {
        "Brigade": "1",
        "Time": "2017-05-14 08:05:27",
        "Lines": "2",
        "Lon": 20.9447,
        "Lat": 52.3225
      },
      {
        "Brigade": "1",
        "Time": "2017-05-14 08:05:38",
        "Lines": "2",
        "Lon": 20.9447,
        "Lat": 52.3225
      },
      {
        "Brigade": "1",
        "Time": "2017-05-14 08:05:48",
        "Lines": "2",
        "Lon": 20.944,
        "Lat": 52.3228
      },
      {
        "Brigade": "1",
        "Time": "2017-05-14 08:05:58",
        "Lines": "2",
        "Lon": 20.9433,
        "Lat": 52.3232
      },
      {
        "Brigade": "1",
        "Time": "2017-05-14 08:06:08",
        "Lines": "2",
        "Lon": 20.9426,
        "Lat": 52.3236
      },
      {
        "Brigade": "1",
        "Time": "2017-05-14 08:06:18",
        "Lines": "2",
        "Lon": 20.9416,
        "Lat": 52.3244
      },
      {
        "Brigade": "1",
        "Time": "2017-05-14 08:06:28",
        "Lines": "2",
        "Lon": 20.9409,
        "Lat": 52.3259
      },
      {
        "Brigade": "1",
        "Time": "2017-05-14 08:06:28",
        "Lines": "2",
        "Lon": 20.9409,
        "Lat": 52.3259
      },
      {
        "Brigade": "1",
        "Time": "2017-05-14 08:06:43",
        "Lines": "2",
        "Lon": 20.941,
        "Lat": 52.3272
      },
      {
        "Brigade": "1",
        "Time": "2017-05-14 08:06:53",
        "Lines": "2",
        "Lon": 20.941,
        "Lat": 52.3273
      },
      {
        "Brigade": "1",
        "Time": "2017-05-14 08:07:03",
        "Lines": "2",
        "Lon": 20.9411,
        "Lat": 52.3285
      },
      {
        "Brigade": "1",
        "Time": "2017-05-14 08:07:13",
        "Lines": "2",
        "Lon": 20.9414,
        "Lat": 52.33
      },
      {
        "Brigade": "1",
        "Time": "2017-05-14 08:07:28",
        "Lines": "2",
        "Lon": 20.9416,
        "Lat": 52.3319
      },
      {
        "Brigade": "1",
        "Time": "2017-05-14 08:07:38",
        "Lines": "2",
        "Lon": 20.9416,
        "Lat": 52.3321
      },
      {
        "Brigade": "1",
        "Time": "2017-05-14 08:07:49",
        "Lines": "2",
        "Lon": 20.9417,
        "Lat": 52.3324
      },
      {
        "Brigade": "1",
        "Time": "2017-05-14 08:07:58",
        "Lines": "2",
        "Lon": 20.9418,
        "Lat": 52.3332
      },
      {
        "Brigade": "1",
        "Time": "2017-05-14 08:08:08",
        "Lines": "2",
        "Lon": 20.9418,
        "Lat": 52.3337
      },
      {
        "Brigade": "1",
        "Time": "2017-05-14 08:08:23",
        "Lines": "2",
        "Lon": 20.9418,
        "Lat": 52.3342
      },
      {
        "Brigade": "1",
        "Time": "2017-05-14 08:08:23",
        "Lines": "2",
        "Lon": 20.9418,
        "Lat": 52.3342
      },
      {
        "Brigade": "1",
        "Time": "2017-05-14 08:08:33",
        "Lines": "2",
        "Lon": 20.9419,
        "Lat": 52.3344
      },
      {
        "Brigade": "1",
        "Time": "2017-05-14 08:08:43",
        "Lines": "2",
        "Lon": 20.9419,
        "Lat": 52.3344
      },
      {
        "Brigade": "1",
        "Time": "2017-05-14 08:08:53",
        "Lines": "2",
        "Lon": 20.9419,
        "Lat": 52.3344
      },
      {
        "Brigade": "1",
        "Time": "2017-05-14 08:09:03",
        "Lines": "2",
        "Lon": 20.9419,
        "Lat": 52.3344
      },
      {
        "Brigade": "1",
        "Time": "2017-05-14 08:09:18",
        "Lines": "2",
        "Lon": 20.9419,
        "Lat": 52.3344
      },
      {
        "Brigade": "1",
        "Time": "2017-05-14 08:09:28",
        "Lines": "2",
        "Lon": 20.9419,
        "Lat": 52.3344
      },
      {
        "Brigade": "1",
        "Time": "2017-05-14 08:09:38",
        "Lines": "2",
        "Lon": 20.9419,
        "Lat": 52.3344
      },
      {
        "Brigade": "1",
        "Time": "2017-05-14 08:09:48",
        "Lines": "2",
        "Lon": 20.9419,
        "Lat": 52.3344
      },
      {
        "Brigade": "1",
        "Time": "2017-05-14 08:09:58",
        "Lines": "2",
        "Lon": 20.9419,
        "Lat": 52.3344
      },
      {
        "Brigade": "1",
        "Time": "2017-05-14 08:09:58",
        "Lines": "2",
        "Lon": 20.9419,
        "Lat": 52.3344
      },
      {
        "Brigade": "1",
        "Time": "2017-05-14 08:10:13",
        "Lines": "2",
        "Lon": 20.9419,
        "Lat": 52.3341
      },
      {
        "Brigade": "1",
        "Time": "2017-05-14 08:10:23",
        "Lines": "2",
        "Lon": 20.9418,
        "Lat": 52.3339
      },
      {
        "Brigade": "1",
        "Time": "2017-05-14 08:10:33",
        "Lines": "2",
        "Lon": 20.9418,
        "Lat": 52.3336
      },
      {
        "Brigade": "1",
        "Time": "2017-05-14 08:10:43",
        "Lines": "2",
        "Lon": 20.9418,
        "Lat": 52.3333
      },
      {
        "Brigade": "1",
        "Time": "2017-05-14 08:10:58",
        "Lines": "2",
        "Lon": 20.9418,
        "Lat": 52.3332
      },
      {
        "Brigade": "1",
        "Time": "2017-05-14 08:11:08",
        "Lines": "2",
        "Lon": 20.9418,
        "Lat": 52.3332
      },
      {
        "Brigade": "1",
        "Time": "2017-05-14 08:11:18",
        "Lines": "2",
        "Lon": 20.9418,
        "Lat": 52.3332
      },
      {
        "Brigade": "1",
        "Time": "2017-05-14 08:11:28",
        "Lines": "2",
        "Lon": 20.9418,
        "Lat": 52.3332
      },
      {
        "Brigade": "1",
        "Time": "2017-05-14 08:11:38",
        "Lines": "2",
        "Lon": 20.9418,
        "Lat": 52.3332
      },
      {
        "Brigade": "1",
        "Time": "2017-05-14 08:11:53",
        "Lines": "2",
        "Lon": 20.9418,
        "Lat": 52.3332
      },
      {
        "Brigade": "1",
        "Time": "2017-05-14 08:11:53",
        "Lines": "2",
        "Lon": 20.9418,
        "Lat": 52.3332
      },
      {
        "Brigade": "1",
        "Time": "2017-05-14 08:12:03",
        "Lines": "2",
        "Lon": 20.9418,
        "Lat": 52.3332
      },
      {
        "Brigade": "1",
        "Time": "2017-05-14 08:12:13",
        "Lines": "2",
        "Lon": 20.9418,
        "Lat": 52.3332
      },
      {
        "Brigade": "1",
        "Time": "2017-05-14 08:12:23",
        "Lines": "2",
        "Lon": 20.9418,
        "Lat": 52.3332
      },
      {
        "Brigade": "1",
        "Time": "2017-05-14 08:12:33",
        "Lines": "2",
        "Lon": 20.9418,
        "Lat": 52.3332
      },
      {
        "Brigade": "1",
        "Time": "2017-05-14 08:12:48",
        "Lines": "2",
        "Lon": 20.9418,
        "Lat": 52.3332
      },
      {
        "Brigade": "1",
        "Time": "2017-05-14 08:12:58",
        "Lines": "2",
        "Lon": 20.9418,
        "Lat": 52.3332
      },
      {
        "Brigade": "1",
        "Time": "2017-05-14 08:13:08",
        "Lines": "2",
        "Lon": 20.9418,
        "Lat": 52.3332
      },
      {
        "Brigade": "1",
        "Time": "2017-05-14 08:13:18",
        "Lines": "2",
        "Lon": 20.9418,
        "Lat": 52.3332
      },
      {
        "Brigade": "1",
        "Time": "2017-05-14 08:13:28",
        "Lines": "2",
        "Lon": 20.9418,
        "Lat": 52.3332
      },
      {
        "Brigade": "1",
        "Time": "2017-05-14 08:13:43",
        "Lines": "2",
        "Lon": 20.9418,
        "Lat": 52.3332
      },
      {
        "Brigade": "1",
        "Time": "2017-05-14 08:13:43",
        "Lines": "2",
        "Lon": 20.9418,
        "Lat": 52.3332
      },
      {
        "Brigade": "1",
        "Time": "2017-05-14 08:13:53",
        "Lines": "2",
        "Lon": 20.9418,
        "Lat": 52.3332
      },
      {
        "Brigade": "1",
        "Time": "2017-05-14 08:14:03",
        "Lines": "2",
        "Lon": 20.9418,
        "Lat": 52.3332
      },
      {
        "Brigade": "1",
        "Time": "2017-05-14 08:14:13",
        "Lines": "2",
        "Lon": 20.9418,
        "Lat": 52.3332
      },
      {
        "Brigade": "1",
        "Time": "2017-05-14 08:14:23",
        "Lines": "2",
        "Lon": 20.9418,
        "Lat": 52.3332
      },
      {
        "Brigade": "1",
        "Time": "2017-05-14 08:14:38",
        "Lines": "2",
        "Lon": 20.9418,
        "Lat": 52.3332
      },
      {
        "Brigade": "1",
        "Time": "2017-05-14 08:14:48",
        "Lines": "2",
        "Lon": 20.9418,
        "Lat": 52.3332
      },
      {
        "Brigade": "1",
        "Time": "2017-05-14 08:14:58",
        "Lines": "2",
        "Lon": 20.9418,
        "Lat": 52.3332
      },
      {
        "Brigade": "1",
        "Time": "2017-05-14 08:15:08",
        "Lines": "2",
        "Lon": 20.9418,
        "Lat": 52.3332
      },
      {
        "Brigade": "1",
        "Time": "2017-05-14 08:15:22",
        "Lines": "2",
        "Lon": 20.9418,
        "Lat": 52.3332
      },
      {
        "Brigade": "1",
        "Time": "2017-05-14 08:15:22",
        "Lines": "2",
        "Lon": 20.9418,
        "Lat": 52.3332
      },
      {
        "Brigade": "1",
        "Time": "2017-05-14 08:15:32",
        "Lines": "2",
        "Lon": 20.9418,
        "Lat": 52.3332
      },
      {
        "Brigade": "1",
        "Time": "2017-05-14 08:15:42",
        "Lines": "2",
        "Lon": 20.9418,
        "Lat": 52.3332
      },
      {
        "Brigade": "1",
        "Time": "2017-05-14 08:15:48",
        "Lines": "2",
        "Lon": 20.9418,
        "Lat": 52.3332
      },
      {
        "Brigade": "1",
        "Time": "2017-05-14 08:16:03",
        "Lines": "2",
        "Lon": 20.9418,
        "Lat": 52.3332
      },
      {
        "Brigade": "1",
        "Time": "2017-05-14 08:16:18",
        "Lines": "2",
        "Lon": 20.9418,
        "Lat": 52.3332
      },
      {
        "Brigade": "1",
        "Time": "2017-05-14 08:16:27",
        "Lines": "2",
        "Lon": 20.9418,
        "Lat": 52.3332
      },
      {
        "Brigade": "1",
        "Time": "2017-05-14 08:16:37",
        "Lines": "2",
        "Lon": 20.9418,
        "Lat": 52.333
      },
      {
        "Brigade": "1",
        "Time": "2017-05-14 08:16:47",
        "Lines": "2",
        "Lon": 20.9418,
        "Lat": 52.3329
      },
      {
        "Brigade": "1",
        "Time": "2017-05-14 08:16:57",
        "Lines": "2",
        "Lon": 20.9418,
        "Lat": 52.3329
      },
      {
        "Brigade": "1",
        "Time": "2017-05-14 08:17:07",
        "Lines": "2",
        "Lon": 20.9417,
        "Lat": 52.3329
      },
      {
        "Brigade": "1",
        "Time": "2017-05-14 08:17:07",
        "Lines": "2",
        "Lon": 20.9417,
        "Lat": 52.3329
      },
      {
        "Brigade": "1",
        "Time": "2017-05-14 08:17:22",
        "Lines": "2",
        "Lon": 20.9417,
        "Lat": 52.3329
      },
      {
        "Brigade": "1",
        "Time": "2017-05-14 08:17:32",
        "Lines": "2",
        "Lon": 20.9417,
        "Lat": 52.3329
      },
      {
        "Brigade": "1",
        "Time": "2017-05-14 08:17:42",
        "Lines": "2",
        "Lon": 20.9417,
        "Lat": 52.3329
      }
    ]
  }
]
