[
  {
    "res": [
      {
        "Brigade": "5",
        "Time": "2017-05-14 07:51:17",
        "Lines": "23",
        "Lon": 21.0434,
        "Lat": 52.2499
      },
      {
        "Brigade": "5",
        "Time": "2017-05-14 07:51:27",
        "Lines": "23",
        "Lon": 21.0431,
        "Lat": 52.2497
      },
      {
        "Brigade": "5",
        "Time": "2017-05-14 07:51:37",
        "Lines": "23",
        "Lon": 21.0431,
        "Lat": 52.2498
      },
      {
        "Brigade": "5",
        "Time": "2017-05-14 07:51:52",
        "Lines": "23",
        "Lon": 21.0431,
        "Lat": 52.2498
      },
      {
        "Brigade": "5",
        "Time": "2017-05-14 07:52:01",
        "Lines": "23",
        "Lon": 21.0431,
        "Lat": 52.2498
      },
      {
        "Brigade": "5",
        "Time": "2017-05-14 07:52:01",
        "Lines": "23",
        "Lon": 21.0431,
        "Lat": 52.2498
      },
      {
        "Brigade": "5",
        "Time": "2017-05-14 07:52:12",
        "Lines": "23",
        "Lon": 21.0427,
        "Lat": 52.2496
      },
      {
        "Brigade": "5",
        "Time": "2017-05-14 07:52:23",
        "Lines": "23",
        "Lon": 21.042,
        "Lat": 52.2498
      },
      {
        "Brigade": "5",
        "Time": "2017-05-14 07:52:37",
        "Lines": "23",
        "Lon": 21.0414,
        "Lat": 52.2501
      },
      {
        "Brigade": "5",
        "Time": "2017-05-14 07:52:47",
        "Lines": "23",
        "Lon": 21.0403,
        "Lat": 52.2506
      },
      {
        "Brigade": "5",
        "Time": "2017-05-14 07:52:57",
        "Lines": "23",
        "Lon": 21.0389,
        "Lat": 52.2514
      },
      {
        "Brigade": "5",
        "Time": "2017-05-14 07:53:08",
        "Lines": "23",
        "Lon": 21.0381,
        "Lat": 52.2518
      },
      {
        "Brigade": "5",
        "Time": "2017-05-14 07:53:17",
        "Lines": "23",
        "Lon": 21.0381,
        "Lat": 52.2518
      },
      {
        "Brigade": "5",
        "Time": "2017-05-14 07:53:32",
        "Lines": "23",
        "Lon": 21.0381,
        "Lat": 52.2518
      },
      {
        "Brigade": "5",
        "Time": "2017-05-14 07:53:41",
        "Lines": "23",
        "Lon": 21.0373,
        "Lat": 52.2523
      },
      {
        "Brigade": "5",
        "Time": "2017-05-14 07:53:41",
        "Lines": "23",
        "Lon": 21.0373,
        "Lat": 52.2523
      },
      {
        "Brigade": "5",
        "Time": "2017-05-14 07:53:51",
        "Lines": "23",
        "Lon": 21.0364,
        "Lat": 52.2531
      },
      {
        "Brigade": "5",
        "Time": "2017-05-14 07:53:57",
        "Lines": "23",
        "Lon": 21.0361,
        "Lat": 52.2533
      },
      {
        "Brigade": "5",
        "Time": "2017-05-14 07:54:12",
        "Lines": "23",
        "Lon": 21.0356,
        "Lat": 52.2539
      },
      {
        "Brigade": "5",
        "Time": "2017-05-14 07:54:27",
        "Lines": "23",
        "Lon": 21.0349,
        "Lat": 52.2545
      },
      {
        "Brigade": "5",
        "Time": "2017-05-14 07:54:37",
        "Lines": "23",
        "Lon": 21.0349,
        "Lat": 52.2545
      },
      {
        "Brigade": "5",
        "Time": "2017-05-14 07:54:47",
        "Lines": "23",
        "Lon": 21.035,
        "Lat": 52.2545
      },
      {
        "Brigade": "5",
        "Time": "2017-05-14 07:54:57",
        "Lines": "23",
        "Lon": 21.035,
        "Lat": 52.2545
      },
      {
        "Brigade": "5",
        "Time": "2017-05-14 07:55:07",
        "Lines": "23",
        "Lon": 21.035,
        "Lat": 52.2545
      },
      {
        "Brigade": "5",
        "Time": "2017-05-14 07:55:17",
        "Lines": "23",
        "Lon": 21.035,
        "Lat": 52.2545
      },
      {
        "Brigade": "5",
        "Time": "2017-05-14 07:55:33",
        "Lines": "23",
        "Lon": 21.035,
        "Lat": 52.2545
      },
      {
        "Brigade": "5",
        "Time": "2017-05-14 07:55:33",
        "Lines": "23",
        "Lon": 21.035,
        "Lat": 52.2545
      },
      {
        "Brigade": "5",
        "Time": "2017-05-14 07:55:42",
        "Lines": "23",
        "Lon": 21.035,
        "Lat": 52.2545
      },
      {
        "Brigade": "5",
        "Time": "2017-05-14 07:55:53",
        "Lines": "23",
        "Lon": 21.035,
        "Lat": 52.2545
      },
      {
        "Brigade": "5",
        "Time": "2017-05-14 07:56:02",
        "Lines": "23",
        "Lon": 21.035,
        "Lat": 52.2545
      },
      {
        "Brigade": "5",
        "Time": "2017-05-14 07:56:17",
        "Lines": "23",
        "Lon": 21.0344,
        "Lat": 52.2551
      },
      {
        "Brigade": "5",
        "Time": "2017-05-14 07:56:28",
        "Lines": "23",
        "Lon": 21.0341,
        "Lat": 52.2554
      },
      {
        "Brigade": "5",
        "Time": "2017-05-14 07:56:37",
        "Lines": "23",
        "Lon": 21.0341,
        "Lat": 52.2554
      },
      {
        "Brigade": "5",
        "Time": "2017-05-14 07:56:47",
        "Lines": "23",
        "Lon": 21.0335,
        "Lat": 52.256
      },
      {
        "Brigade": "5",
        "Time": "2017-05-14 07:56:57",
        "Lines": "23",
        "Lon": 21.033,
        "Lat": 52.2565
      },
      {
        "Brigade": "5",
        "Time": "2017-05-14 07:57:07",
        "Lines": "23",
        "Lon": 21.0334,
        "Lat": 52.257
      },
      {
        "Brigade": "5",
        "Time": "2017-05-14 07:57:22",
        "Lines": "23",
        "Lon": 21.0345,
        "Lat": 52.258
      },
      {
        "Brigade": "5",
        "Time": "2017-05-14 07:57:22",
        "Lines": "23",
        "Lon": 21.0345,
        "Lat": 52.258
      },
      {
        "Brigade": "5",
        "Time": "2017-05-14 07:57:32",
        "Lines": "23",
        "Lon": 21.0346,
        "Lat": 52.2581
      },
      {
        "Brigade": "5",
        "Time": "2017-05-14 07:57:42",
        "Lines": "23",
        "Lon": 21.0347,
        "Lat": 52.2581
      },
      {
        "Brigade": "5",
        "Time": "2017-05-14 07:57:52",
        "Lines": "23",
        "Lon": 21.0347,
        "Lat": 52.258
      },
      {
        "Brigade": "5",
        "Time": "2017-05-14 07:58:02",
        "Lines": "23",
        "Lon": 21.0348,
        "Lat": 52.2581
      },
      {
        "Brigade": "5",
        "Time": "2017-05-14 07:58:12",
        "Lines": "23",
        "Lon": 21.0355,
        "Lat": 52.2583
      },
      {
        "Brigade": "5",
        "Time": "2017-05-14 07:58:27",
        "Lines": "23",
        "Lon": 21.0372,
        "Lat": 52.2588
      },
      {
        "Brigade": "5",
        "Time": "2017-05-14 07:58:38",
        "Lines": "23",
        "Lon": 21.0384,
        "Lat": 52.2592
      },
      {
        "Brigade": "5",
        "Time": "2017-05-14 07:58:47",
        "Lines": "23",
        "Lon": 21.0392,
        "Lat": 52.2595
      },
      {
        "Brigade": "5",
        "Time": "2017-05-14 07:59:02",
        "Lines": "23",
        "Lon": 21.0398,
        "Lat": 52.2598
      },
      {
        "Brigade": "5",
        "Time": "2017-05-14 07:59:12",
        "Lines": "23",
        "Lon": 21.0399,
        "Lat": 52.2598
      },
      {
        "Brigade": "5",
        "Time": "2017-05-14 07:59:12",
        "Lines": "23",
        "Lon": 21.0399,
        "Lat": 52.2598
      },
      {
        "Brigade": "5",
        "Time": "2017-05-14 07:59:22",
        "Lines": "23",
        "Lon": 21.0406,
        "Lat": 52.2602
      },
      {
        "Brigade": "5",
        "Time": "2017-05-14 07:59:32",
        "Lines": "23",
        "Lon": 21.041,
        "Lat": 52.2597
      },
      {
        "Brigade": "5",
        "Time": "2017-05-14 07:59:42",
        "Lines": "23",
        "Lon": 21.0415,
        "Lat": 52.2591
      },
      {
        "Brigade": "5",
        "Time": "2017-05-14 07:59:52",
        "Lines": "23",
        "Lon": 21.0417,
        "Lat": 52.259
      },
      {
        "Brigade": "5",
        "Time": "2017-05-14 08:00:07",
        "Lines": "23",
        "Lon": 21.0417,
        "Lat": 52.259
      },
      {
        "Brigade": "5",
        "Time": "2017-05-14 08:00:17",
        "Lines": "23",
        "Lon": 21.0423,
        "Lat": 52.2591
      },
      {
        "Brigade": "5",
        "Time": "2017-05-14 08:00:27",
        "Lines": "23",
        "Lon": 21.0425,
        "Lat": 52.2592
      },
      {
        "Brigade": "5",
        "Time": "2017-05-14 08:00:38",
        "Lines": "23",
        "Lon": 21.043,
        "Lat": 52.2594
      },
      {
        "Brigade": "5",
        "Time": "2017-05-14 08:00:47",
        "Lines": "23",
        "Lon": 21.0434,
        "Lat": 52.2597
      },
      {
        "Brigade": "5",
        "Time": "2017-05-14 08:01:03",
        "Lines": "23",
        "Lon": 21.0429,
        "Lat": 52.2601
      },
      {
        "Brigade": "5",
        "Time": "2017-05-14 08:01:03",
        "Lines": "23",
        "Lon": 21.0429,
        "Lat": 52.2601
      },
      {
        "Brigade": "5",
        "Time": "2017-05-14 08:01:12",
        "Lines": "23",
        "Lon": 21.0429,
        "Lat": 52.2601
      },
      {
        "Brigade": "5",
        "Time": "2017-05-14 08:01:22",
        "Lines": "23",
        "Lon": 21.0429,
        "Lat": 52.2602
      },
      {
        "Brigade": "5",
        "Time": "2017-05-14 08:01:32",
        "Lines": "23",
        "Lon": 21.0428,
        "Lat": 52.2602
      },
      {
        "Brigade": "5",
        "Time": "2017-05-14 08:01:42",
        "Lines": "23",
        "Lon": 21.0429,
        "Lat": 52.2602
      },
      {
        "Brigade": "5",
        "Time": "2017-05-14 08:01:57",
        "Lines": "23",
        "Lon": 21.0429,
        "Lat": 52.2602
      },
      {
        "Brigade": "5",
        "Time": "2017-05-14 08:02:07",
        "Lines": "23",
        "Lon": 21.0429,
        "Lat": 52.2602
      },
      {
        "Brigade": "5",
        "Time": "2017-05-14 08:02:17",
        "Lines": "23",
        "Lon": 21.0429,
        "Lat": 52.2602
      },
      {
        "Brigade": "5",
        "Time": "2017-05-14 08:02:27",
        "Lines": "23",
        "Lon": 21.0429,
        "Lat": 52.2602
      },
      {
        "Brigade": "5",
        "Time": "2017-05-14 08:02:37",
        "Lines": "23",
        "Lon": 21.0429,
        "Lat": 52.2602
      },
      {
        "Brigade": "5",
        "Time": "2017-05-14 08:02:52",
        "Lines": "23",
        "Lon": 21.0429,
        "Lat": 52.2602
      },
      {
        "Brigade": "5",
        "Time": "2017-05-14 08:02:52",
        "Lines": "23",
        "Lon": 21.0429,
        "Lat": 52.2602
      },
      {
        "Brigade": "5",
        "Time": "2017-05-14 08:03:02",
        "Lines": "23",
        "Lon": 21.0429,
        "Lat": 52.2602
      },
      {
        "Brigade": "5",
        "Time": "2017-05-14 08:03:15",
        "Lines": "23",
        "Lon": 21.0425,
        "Lat": 52.2604
      },
      {
        "Brigade": "5",
        "Time": "2017-05-14 08:03:22",
        "Lines": "23",
        "Lon": 21.0422,
        "Lat": 52.2606
      },
      {
        "Brigade": "5",
        "Time": "2017-05-14 08:03:35",
        "Lines": "23",
        "Lon": 21.0417,
        "Lat": 52.2605
      },
      {
        "Brigade": "5",
        "Time": "2017-05-14 08:03:48",
        "Lines": "23",
        "Lon": 21.0403,
        "Lat": 52.2599
      },
      {
        "Brigade": "5",
        "Time": "2017-05-14 08:03:57",
        "Lines": "23",
        "Lon": 21.0394,
        "Lat": 52.2594
      },
      {
        "Brigade": "5",
        "Time": "2017-05-14 08:04:07",
        "Lines": "23",
        "Lon": 21.0393,
        "Lat": 52.2594
      },
      {
        "Brigade": "5",
        "Time": "2017-05-14 08:04:17",
        "Lines": "23",
        "Lon": 21.0393,
        "Lat": 52.2594
      },
      {
        "Brigade": "5",
        "Time": "2017-05-14 08:04:29",
        "Lines": "23",
        "Lon": 21.039,
        "Lat": 52.2593
      },
      {
        "Brigade": "5",
        "Time": "2017-05-14 08:04:42",
        "Lines": "23",
        "Lon": 21.0372,
        "Lat": 52.2588
      },
      {
        "Brigade": "5",
        "Time": "2017-05-14 08:04:42",
        "Lines": "23",
        "Lon": 21.0372,
        "Lat": 52.2588
      },
      {
        "Brigade": "5",
        "Time": "2017-05-14 08:04:52",
        "Lines": "23",
        "Lon": 21.0361,
        "Lat": 52.2584
      },
      {
        "Brigade": "5",
        "Time": "2017-05-14 08:05:02",
        "Lines": "23",
        "Lon": 21.0356,
        "Lat": 52.2583
      },
      {
        "Brigade": "5",
        "Time": "2017-05-14 08:05:12",
        "Lines": "23",
        "Lon": 21.0356,
        "Lat": 52.2583
      },
      {
        "Brigade": "5",
        "Time": "2017-05-14 08:05:22",
        "Lines": "23",
        "Lon": 21.0356,
        "Lat": 52.2583
      },
      {
        "Brigade": "5",
        "Time": "2017-05-14 08:05:37",
        "Lines": "23",
        "Lon": 21.0347,
        "Lat": 52.258
      },
      {
        "Brigade": "5",
        "Time": "2017-05-14 08:05:47",
        "Lines": "23",
        "Lon": 21.0342,
        "Lat": 52.2576
      },
      {
        "Brigade": "5",
        "Time": "2017-05-14 08:05:57",
        "Lines": "23",
        "Lon": 21.0342,
        "Lat": 52.2576
      },
      {
        "Brigade": "5",
        "Time": "2017-05-14 08:06:09",
        "Lines": "23",
        "Lon": 21.034,
        "Lat": 52.2574
      },
      {
        "Brigade": "5",
        "Time": "2017-05-14 08:06:21",
        "Lines": "23",
        "Lon": 21.0333,
        "Lat": 52.2568
      },
      {
        "Brigade": "5",
        "Time": "2017-05-14 08:06:32",
        "Lines": "23",
        "Lon": 21.0333,
        "Lat": 52.2564
      },
      {
        "Brigade": "5",
        "Time": "2017-05-14 08:06:32",
        "Lines": "23",
        "Lon": 21.0333,
        "Lat": 52.2564
      },
      {
        "Brigade": "5",
        "Time": "2017-05-14 08:06:41",
        "Lines": "23",
        "Lon": 21.0336,
        "Lat": 52.2559
      },
      {
        "Brigade": "5",
        "Time": "2017-05-14 08:06:51",
        "Lines": "23",
        "Lon": 21.0339,
        "Lat": 52.2556
      },
      {
        "Brigade": "5",
        "Time": "2017-05-14 08:07:01",
        "Lines": "23",
        "Lon": 21.0338,
        "Lat": 52.2556
      },
      {
        "Brigade": "5",
        "Time": "2017-05-14 08:07:16",
        "Lines": "23",
        "Lon": 21.0338,
        "Lat": 52.2556
      },
      {
        "Brigade": "5",
        "Time": "2017-05-14 08:07:26",
        "Lines": "23",
        "Lon": 21.0338,
        "Lat": 52.2556
      },
      {
        "Brigade": "5",
        "Time": "2017-05-14 08:07:36",
        "Lines": "23",
        "Lon": 21.0342,
        "Lat": 52.2553
      },
      {
        "Brigade": "5",
        "Time": "2017-05-14 08:07:46",
        "Lines": "23",
        "Lon": 21.0345,
        "Lat": 52.2547
      },
      {
        "Brigade": "5",
        "Time": "2017-05-14 08:07:57",
        "Lines": "23",
        "Lon": 21.0338,
        "Lat": 52.2543
      },
      {
        "Brigade": "5",
        "Time": "2017-05-14 08:08:11",
        "Lines": "23",
        "Lon": 21.0333,
        "Lat": 52.2541
      },
      {
        "Brigade": "5",
        "Time": "2017-05-14 08:08:21",
        "Lines": "23",
        "Lon": 21.0333,
        "Lat": 52.2541
      },
      {
        "Brigade": "5",
        "Time": "2017-05-14 08:08:21",
        "Lines": "23",
        "Lon": 21.0333,
        "Lat": 52.2541
      },
      {
        "Brigade": "5",
        "Time": "2017-05-14 08:08:31",
        "Lines": "23",
        "Lon": 21.0333,
        "Lat": 52.2541
      },
      {
        "Brigade": "5",
        "Time": "2017-05-14 08:08:41",
        "Lines": "23",
        "Lon": 21.0329,
        "Lat": 52.254
      },
      {
        "Brigade": "5",
        "Time": "2017-05-14 08:08:51",
        "Lines": "23",
        "Lon": 21.0315,
        "Lat": 52.2534
      },
      {
        "Brigade": "5",
        "Time": "2017-05-14 08:09:06",
        "Lines": "23",
        "Lon": 21.0297,
        "Lat": 52.2526
      },
      {
        "Brigade": "5",
        "Time": "2017-05-14 08:09:16",
        "Lines": "23",
        "Lon": 21.0296,
        "Lat": 52.2525
      },
      {
        "Brigade": "5",
        "Time": "2017-05-14 08:09:26",
        "Lines": "23",
        "Lon": 21.0296,
        "Lat": 52.2525
      },
      {
        "Brigade": "5",
        "Time": "2017-05-14 08:09:36",
        "Lines": "23",
        "Lon": 21.0296,
        "Lat": 52.2525
      },
      {
        "Brigade": "5",
        "Time": "2017-05-14 08:09:46",
        "Lines": "23",
        "Lon": 21.0289,
        "Lat": 52.2523
      },
      {
        "Brigade": "5",
        "Time": "2017-05-14 08:10:01",
        "Lines": "23",
        "Lon": 21.0267,
        "Lat": 52.2513
      },
      {
        "Brigade": "5",
        "Time": "2017-05-14 08:10:01",
        "Lines": "23",
        "Lon": 21.0267,
        "Lat": 52.2513
      },
      {
        "Brigade": "5",
        "Time": "2017-05-14 08:10:12",
        "Lines": "23",
        "Lon": 21.0245,
        "Lat": 52.2504
      },
      {
        "Brigade": "5",
        "Time": "2017-05-14 08:10:21",
        "Lines": "23",
        "Lon": 21.0228,
        "Lat": 52.2496
      },
      {
        "Brigade": "5",
        "Time": "2017-05-14 08:10:36",
        "Lines": "23",
        "Lon": 21.0203,
        "Lat": 52.2486
      },
      {
        "Brigade": "5",
        "Time": "2017-05-14 08:10:46",
        "Lines": "23",
        "Lon": 21.0188,
        "Lat": 52.248
      },
      {
        "Brigade": "5",
        "Time": "2017-05-14 08:10:56",
        "Lines": "23",
        "Lon": 21.0174,
        "Lat": 52.2473
      },
      {
        "Brigade": "5",
        "Time": "2017-05-14 08:11:06",
        "Lines": "23",
        "Lon": 21.016,
        "Lat": 52.2469
      },
      {
        "Brigade": "5",
        "Time": "2017-05-14 08:11:16",
        "Lines": "23",
        "Lon": 21.0148,
        "Lat": 52.2468
      },
      {
        "Brigade": "5",
        "Time": "2017-05-14 08:11:26",
        "Lines": "23",
        "Lon": 21.0147,
        "Lat": 52.2468
      },
      {
        "Brigade": "5",
        "Time": "2017-05-14 08:11:41",
        "Lines": "23",
        "Lon": 21.0146,
        "Lat": 52.2468
      },
      {
        "Brigade": "5",
        "Time": "2017-05-14 08:11:51",
        "Lines": "23",
        "Lon": 21.014,
        "Lat": 52.2467
      },
      {
        "Brigade": "5",
        "Time": "2017-05-14 08:11:51",
        "Lines": "23",
        "Lon": 21.014,
        "Lat": 52.2467
      },
      {
        "Brigade": "5",
        "Time": "2017-05-14 08:12:02",
        "Lines": "23",
        "Lon": 21.014,
        "Lat": 52.2467
      },
      {
        "Brigade": "5",
        "Time": "2017-05-14 08:12:07",
        "Lines": "23",
        "Lon": 21.014,
        "Lat": 52.2467
      },
      {
        "Brigade": "5",
        "Time": "2017-05-14 08:12:22",
        "Lines": "23",
        "Lon": 21.0079,
        "Lat": 52.2462
      },
      {
        "Brigade": "5",
        "Time": "2017-05-14 08:12:37",
        "Lines": "23",
        "Lon": 21.0053,
        "Lat": 52.2459
      },
      {
        "Brigade": "5",
        "Time": "2017-05-14 08:12:48",
        "Lines": "23",
        "Lon": 21.0042,
        "Lat": 52.2456
      },
      {
        "Brigade": "5",
        "Time": "2017-05-14 08:12:57",
        "Lines": "23",
        "Lon": 21.0031,
        "Lat": 52.2451
      },
      {
        "Brigade": "5",
        "Time": "2017-05-14 08:13:06",
        "Lines": "23",
        "Lon": 21.0021,
        "Lat": 52.2446
      },
      {
        "Brigade": "5",
        "Time": "2017-05-14 08:13:16",
        "Lines": "23",
        "Lon": 21.0018,
        "Lat": 52.2445
      },
      {
        "Brigade": "5",
        "Time": "2017-05-14 08:13:31",
        "Lines": "23",
        "Lon": 21.0018,
        "Lat": 52.2446
      },
      {
        "Brigade": "5",
        "Time": "2017-05-14 08:13:41",
        "Lines": "23",
        "Lon": 21.0018,
        "Lat": 52.2446
      },
      {
        "Brigade": "5",
        "Time": "2017-05-14 08:13:41",
        "Lines": "23",
        "Lon": 21.0018,
        "Lat": 52.2446
      },
      {
        "Brigade": "5",
        "Time": "2017-05-14 08:13:51",
        "Lines": "23",
        "Lon": 21.0018,
        "Lat": 52.2446
      },
      {
        "Brigade": "5",
        "Time": "2017-05-14 08:14:01",
        "Lines": "23",
        "Lon": 21.0016,
        "Lat": 52.2446
      },
      {
        "Brigade": "5",
        "Time": "2017-05-14 08:14:11",
        "Lines": "23",
        "Lon": 21.0014,
        "Lat": 52.2445
      },
      {
        "Brigade": "5",
        "Time": "2017-05-14 08:14:26",
        "Lines": "23",
        "Lon": 21.0004,
        "Lat": 52.2442
      },
      {
        "Brigade": "5",
        "Time": "2017-05-14 08:14:36",
        "Lines": "23",
        "Lon": 20.9989,
        "Lat": 52.2437
      },
      {
        "Brigade": "5",
        "Time": "2017-05-14 08:14:46",
        "Lines": "23",
        "Lon": 20.9971,
        "Lat": 52.2431
      },
      {
        "Brigade": "5",
        "Time": "2017-05-14 08:14:56",
        "Lines": "23",
        "Lon": 20.9954,
        "Lat": 52.2425
      },
      {
        "Brigade": "5",
        "Time": "2017-05-14 08:15:11",
        "Lines": "23",
        "Lon": 20.9942,
        "Lat": 52.2421
      },
      {
        "Brigade": "5",
        "Time": "2017-05-14 08:15:21",
        "Lines": "23",
        "Lon": 20.9942,
        "Lat": 52.2421
      },
      {
        "Brigade": "5",
        "Time": "2017-05-14 08:15:21",
        "Lines": "23",
        "Lon": 20.9942,
        "Lat": 52.2421
      },
      {
        "Brigade": "5",
        "Time": "2017-05-14 08:15:31",
        "Lines": "23",
        "Lon": 20.9942,
        "Lat": 52.2421
      },
      {
        "Brigade": "5",
        "Time": "2017-05-14 08:15:41",
        "Lines": "23",
        "Lon": 20.9942,
        "Lat": 52.2421
      },
      {
        "Brigade": "5",
        "Time": "2017-05-14 08:15:56",
        "Lines": "23",
        "Lon": 20.9933,
        "Lat": 52.2418
      },
      {
        "Brigade": "5",
        "Time": "2017-05-14 08:16:06",
        "Lines": "23",
        "Lon": 20.9931,
        "Lat": 52.2417
      },
      {
        "Brigade": "5",
        "Time": "2017-05-14 08:16:16",
        "Lines": "23",
        "Lon": 20.9905,
        "Lat": 52.2409
      },
      {
        "Brigade": "5",
        "Time": "2017-05-14 08:16:26",
        "Lines": "23",
        "Lon": 20.9888,
        "Lat": 52.2403
      },
      {
        "Brigade": "5",
        "Time": "2017-05-14 08:16:36",
        "Lines": "23",
        "Lon": 20.9876,
        "Lat": 52.2399
      },
      {
        "Brigade": "5",
        "Time": "2017-05-14 08:16:46",
        "Lines": "23",
        "Lon": 20.9876,
        "Lat": 52.2399
      },
      {
        "Brigade": "5",
        "Time": "2017-05-14 08:17:01",
        "Lines": "23",
        "Lon": 20.9876,
        "Lat": 52.2399
      },
      {
        "Brigade": "5",
        "Time": "2017-05-14 08:17:11",
        "Lines": "23",
        "Lon": 20.9876,
        "Lat": 52.2399
      },
      {
        "Brigade": "5",
        "Time": "2017-05-14 08:17:11",
        "Lines": "23",
        "Lon": 20.9876,
        "Lat": 52.2399
      },
      {
        "Brigade": "5",
        "Time": "2017-05-14 08:17:21",
        "Lines": "23",
        "Lon": 20.9876,
        "Lat": 52.2399
      },
      {
        "Brigade": "5",
        "Time": "2017-05-14 08:17:31",
        "Lines": "23",
        "Lon": 20.9876,
        "Lat": 52.2399
      },
      {
        "Brigade": "5",
        "Time": "2017-05-14 08:17:41",
        "Lines": "23",
        "Lon": 20.9876,
        "Lat": 52.2399
      }
    ]
  }
]
