[
  {
    "res": [
      {
        "Brigade": "3",
        "Time": "2017-05-14 06:36:24",
        "Lines": "3",
        "Lon": 21.0532,
        "Lat": 52.2559
      },
      {
        "Brigade": "3",
        "Time": "2017-05-14 06:36:34",
        "Lines": "3",
        "Lon": 21.0531,
        "Lat": 52.2559
      },
      {
        "Brigade": "3",
        "Time": "2017-05-14 06:36:44",
        "Lines": "3",
        "Lon": 21.0531,
        "Lat": 52.2559
      },
      {
        "Brigade": "3",
        "Time": "2017-05-14 06:36:59",
        "Lines": "3",
        "Lon": 21.0531,
        "Lat": 52.2559
      },
      {
        "Brigade": "3",
        "Time": "2017-05-14 06:37:09",
        "Lines": "3",
        "Lon": 21.0531,
        "Lat": 52.2559
      },
      {
        "Brigade": "3",
        "Time": "2017-05-14 06:37:19",
        "Lines": "3",
        "Lon": 21.0531,
        "Lat": 52.2559
      },
      {
        "Brigade": "3",
        "Time": "2017-05-14 06:37:29",
        "Lines": "3",
        "Lon": 21.0531,
        "Lat": 52.2559
      },
      {
        "Brigade": "3",
        "Time": "2017-05-14 06:37:39",
        "Lines": "3",
        "Lon": 21.0531,
        "Lat": 52.2559
      },
      {
        "Brigade": "3",
        "Time": "2017-05-14 06:37:39",
        "Lines": "3",
        "Lon": 21.0531,
        "Lat": 52.2559
      },
      {
        "Brigade": "3",
        "Time": "2017-05-14 06:37:54",
        "Lines": "3",
        "Lon": 21.0531,
        "Lat": 52.256
      },
      {
        "Brigade": "3",
        "Time": "2017-05-14 06:38:04",
        "Lines": "3",
        "Lon": 21.0529,
        "Lat": 52.2563
      },
      {
        "Brigade": "3",
        "Time": "2017-05-14 06:38:14",
        "Lines": "3",
        "Lon": 21.0535,
        "Lat": 52.2565
      },
      {
        "Brigade": "3",
        "Time": "2017-05-14 06:38:24",
        "Lines": "3",
        "Lon": 21.0544,
        "Lat": 52.2568
      },
      {
        "Brigade": "3",
        "Time": "2017-05-14 06:38:34",
        "Lines": "3",
        "Lon": 21.0549,
        "Lat": 52.257
      },
      {
        "Brigade": "3",
        "Time": "2017-05-14 06:38:49",
        "Lines": "3",
        "Lon": 21.0549,
        "Lat": 52.257
      },
      {
        "Brigade": "3",
        "Time": "2017-05-14 06:38:59",
        "Lines": "3",
        "Lon": 21.0553,
        "Lat": 52.2571
      },
      {
        "Brigade": "3",
        "Time": "2017-05-14 06:39:09",
        "Lines": "3",
        "Lon": 21.0558,
        "Lat": 52.2571
      },
      {
        "Brigade": "3",
        "Time": "2017-05-14 06:39:19",
        "Lines": "3",
        "Lon": 21.0559,
        "Lat": 52.2571
      },
      {
        "Brigade": "3",
        "Time": "2017-05-14 06:39:29",
        "Lines": "3",
        "Lon": 21.056,
        "Lat": 52.2569
      },
      {
        "Brigade": "3",
        "Time": "2017-05-14 06:39:29",
        "Lines": "3",
        "Lon": 21.056,
        "Lat": 52.2569
      },
      {
        "Brigade": "3",
        "Time": "2017-05-14 06:39:44",
        "Lines": "3",
        "Lon": 21.0565,
        "Lat": 52.2562
      },
      {
        "Brigade": "3",
        "Time": "2017-05-14 06:39:54",
        "Lines": "3",
        "Lon": 21.0559,
        "Lat": 52.2558
      },
      {
        "Brigade": "3",
        "Time": "2017-05-14 06:40:04",
        "Lines": "3",
        "Lon": 21.0545,
        "Lat": 52.2554
      },
      {
        "Brigade": "3",
        "Time": "2017-05-14 06:40:12",
        "Lines": "3",
        "Lon": 21.054,
        "Lat": 52.2552
      },
      {
        "Brigade": "3",
        "Time": "2017-05-14 06:40:24",
        "Lines": "3",
        "Lon": 21.054,
        "Lat": 52.2552
      },
      {
        "Brigade": "3",
        "Time": "2017-05-14 06:40:39",
        "Lines": "3",
        "Lon": 21.054,
        "Lat": 52.2552
      },
      {
        "Brigade": "3",
        "Time": "2017-05-14 06:40:49",
        "Lines": "3",
        "Lon": 21.0536,
        "Lat": 52.2551
      },
      {
        "Brigade": "3",
        "Time": "2017-05-14 06:40:59",
        "Lines": "3",
        "Lon": 21.0538,
        "Lat": 52.2547
      },
      {
        "Brigade": "3",
        "Time": "2017-05-14 06:41:09",
        "Lines": "3",
        "Lon": 21.054,
        "Lat": 52.2542
      },
      {
        "Brigade": "3",
        "Time": "2017-05-14 06:41:19",
        "Lines": "3",
        "Lon": 21.0534,
        "Lat": 52.2539
      },
      {
        "Brigade": "3",
        "Time": "2017-05-14 06:41:19",
        "Lines": "3",
        "Lon": 21.0534,
        "Lat": 52.2539
      },
      {
        "Brigade": "3",
        "Time": "2017-05-14 06:41:34",
        "Lines": "3",
        "Lon": 21.0514,
        "Lat": 52.2532
      },
      {
        "Brigade": "3",
        "Time": "2017-05-14 06:41:44",
        "Lines": "3",
        "Lon": 21.0503,
        "Lat": 52.2529
      },
      {
        "Brigade": "3",
        "Time": "2017-05-14 06:41:54",
        "Lines": "3",
        "Lon": 21.0499,
        "Lat": 52.2528
      },
      {
        "Brigade": "3",
        "Time": "2017-05-14 06:42:04",
        "Lines": "3",
        "Lon": 21.0499,
        "Lat": 52.2528
      },
      {
        "Brigade": "3",
        "Time": "2017-05-14 06:42:19",
        "Lines": "3",
        "Lon": 21.0493,
        "Lat": 52.2526
      },
      {
        "Brigade": "3",
        "Time": "2017-05-14 06:42:29",
        "Lines": "3",
        "Lon": 21.0474,
        "Lat": 52.2519
      },
      {
        "Brigade": "3",
        "Time": "2017-05-14 06:42:39",
        "Lines": "3",
        "Lon": 21.0456,
        "Lat": 52.2511
      },
      {
        "Brigade": "3",
        "Time": "2017-05-14 06:42:49",
        "Lines": "3",
        "Lon": 21.0443,
        "Lat": 52.2504
      },
      {
        "Brigade": "3",
        "Time": "2017-05-14 06:42:59",
        "Lines": "3",
        "Lon": 21.0434,
        "Lat": 52.25
      },
      {
        "Brigade": "3",
        "Time": "2017-05-14 06:43:09",
        "Lines": "3",
        "Lon": 21.043,
        "Lat": 52.2498
      },
      {
        "Brigade": "3",
        "Time": "2017-05-14 06:43:09",
        "Lines": "3",
        "Lon": 21.043,
        "Lat": 52.2498
      },
      {
        "Brigade": "3",
        "Time": "2017-05-14 06:43:24",
        "Lines": "3",
        "Lon": 21.043,
        "Lat": 52.2498
      },
      {
        "Brigade": "3",
        "Time": "2017-05-14 06:43:34",
        "Lines": "3",
        "Lon": 21.043,
        "Lat": 52.2498
      },
      {
        "Brigade": "3",
        "Time": "2017-05-14 06:43:44",
        "Lines": "3",
        "Lon": 21.0431,
        "Lat": 52.2498
      },
      {
        "Brigade": "3",
        "Time": "2017-05-14 06:43:54",
        "Lines": "3",
        "Lon": 21.0431,
        "Lat": 52.2498
      },
      {
        "Brigade": "3",
        "Time": "2017-05-14 06:44:07",
        "Lines": "3",
        "Lon": 21.0431,
        "Lat": 52.2498
      },
      {
        "Brigade": "3",
        "Time": "2017-05-14 06:44:19",
        "Lines": "3",
        "Lon": 21.0424,
        "Lat": 52.2497
      },
      {
        "Brigade": "3",
        "Time": "2017-05-14 06:44:29",
        "Lines": "3",
        "Lon": 21.0416,
        "Lat": 52.2501
      },
      {
        "Brigade": "3",
        "Time": "2017-05-14 06:44:39",
        "Lines": "3",
        "Lon": 21.0416,
        "Lat": 52.2501
      },
      {
        "Brigade": "3",
        "Time": "2017-05-14 06:44:51",
        "Lines": "3",
        "Lon": 21.0413,
        "Lat": 52.2503
      },
      {
        "Brigade": "3",
        "Time": "2017-05-14 06:44:59",
        "Lines": "3",
        "Lon": 21.0406,
        "Lat": 52.2506
      },
      {
        "Brigade": "3",
        "Time": "2017-05-14 06:44:59",
        "Lines": "3",
        "Lon": 21.0406,
        "Lat": 52.2506
      },
      {
        "Brigade": "3",
        "Time": "2017-05-14 06:45:14",
        "Lines": "3",
        "Lon": 21.0398,
        "Lat": 52.2511
      },
      {
        "Brigade": "3",
        "Time": "2017-05-14 06:45:23",
        "Lines": "3",
        "Lon": 21.0394,
        "Lat": 52.2513
      },
      {
        "Brigade": "3",
        "Time": "2017-05-14 06:45:34",
        "Lines": "3",
        "Lon": 21.0379,
        "Lat": 52.2521
      },
      {
        "Brigade": "3",
        "Time": "2017-05-14 06:45:43",
        "Lines": "3",
        "Lon": 21.0379,
        "Lat": 52.2521
      },
      {
        "Brigade": "3",
        "Time": "2017-05-14 06:45:53",
        "Lines": "3",
        "Lon": 21.0372,
        "Lat": 52.2526
      },
      {
        "Brigade": "3",
        "Time": "2017-05-14 06:46:08",
        "Lines": "3",
        "Lon": 21.0359,
        "Lat": 52.2539
      },
      {
        "Brigade": "3",
        "Time": "2017-05-14 06:46:13",
        "Lines": "3",
        "Lon": 21.0356,
        "Lat": 52.2542
      },
      {
        "Brigade": "3",
        "Time": "2017-05-14 06:46:28",
        "Lines": "3",
        "Lon": 21.0345,
        "Lat": 52.2552
      },
      {
        "Brigade": "3",
        "Time": "2017-05-14 06:46:39",
        "Lines": "3",
        "Lon": 21.0342,
        "Lat": 52.2555
      },
      {
        "Brigade": "3",
        "Time": "2017-05-14 06:46:48",
        "Lines": "3",
        "Lon": 21.0342,
        "Lat": 52.2555
      },
      {
        "Brigade": "3",
        "Time": "2017-05-14 06:46:48",
        "Lines": "3",
        "Lon": 21.0342,
        "Lat": 52.2555
      },
      {
        "Brigade": "3",
        "Time": "2017-05-14 06:47:03",
        "Lines": "3",
        "Lon": 21.0337,
        "Lat": 52.256
      },
      {
        "Brigade": "3",
        "Time": "2017-05-14 06:47:13",
        "Lines": "3",
        "Lon": 21.0332,
        "Lat": 52.2565
      },
      {
        "Brigade": "3",
        "Time": "2017-05-14 06:47:23",
        "Lines": "3",
        "Lon": 21.0331,
        "Lat": 52.2567
      },
      {
        "Brigade": "3",
        "Time": "2017-05-14 06:47:33",
        "Lines": "3",
        "Lon": 21.0343,
        "Lat": 52.2578
      },
      {
        "Brigade": "3",
        "Time": "2017-05-14 06:47:43",
        "Lines": "3",
        "Lon": 21.0345,
        "Lat": 52.2579
      },
      {
        "Brigade": "3",
        "Time": "2017-05-14 06:47:58",
        "Lines": "3",
        "Lon": 21.0345,
        "Lat": 52.2579
      },
      {
        "Brigade": "3",
        "Time": "2017-05-14 06:48:09",
        "Lines": "3",
        "Lon": 21.0345,
        "Lat": 52.2579
      },
      {
        "Brigade": "3",
        "Time": "2017-05-14 06:48:20",
        "Lines": "3",
        "Lon": 21.0346,
        "Lat": 52.258
      },
      {
        "Brigade": "3",
        "Time": "2017-05-14 06:48:30",
        "Lines": "3",
        "Lon": 21.0347,
        "Lat": 52.2581
      },
      {
        "Brigade": "3",
        "Time": "2017-05-14 06:48:40",
        "Lines": "3",
        "Lon": 21.0347,
        "Lat": 52.2581
      },
      {
        "Brigade": "3",
        "Time": "2017-05-14 06:48:40",
        "Lines": "3",
        "Lon": 21.0347,
        "Lat": 52.2581
      },
      {
        "Brigade": "3",
        "Time": "2017-05-14 06:48:50",
        "Lines": "3",
        "Lon": 21.0347,
        "Lat": 52.2581
      },
      {
        "Brigade": "3",
        "Time": "2017-05-14 06:49:05",
        "Lines": "3",
        "Lon": 21.0347,
        "Lat": 52.2581
      },
      {
        "Brigade": "3",
        "Time": "2017-05-14 06:49:15",
        "Lines": "3",
        "Lon": 21.0353,
        "Lat": 52.2586
      },
      {
        "Brigade": "3",
        "Time": "2017-05-14 06:49:25",
        "Lines": "3",
        "Lon": 21.0364,
        "Lat": 52.2596
      },
      {
        "Brigade": "3",
        "Time": "2017-05-14 06:49:34",
        "Lines": "3",
        "Lon": 21.0371,
        "Lat": 52.2604
      },
      {
        "Brigade": "3",
        "Time": "2017-05-14 06:49:44",
        "Lines": "3",
        "Lon": 21.0376,
        "Lat": 52.2616
      },
      {
        "Brigade": "3",
        "Time": "2017-05-14 06:50:00",
        "Lines": "3",
        "Lon": 21.0382,
        "Lat": 52.2635
      },
      {
        "Brigade": "3",
        "Time": "2017-05-14 06:50:10",
        "Lines": "3",
        "Lon": 21.0385,
        "Lat": 52.2643
      },
      {
        "Brigade": "3",
        "Time": "2017-05-14 06:50:19",
        "Lines": "3",
        "Lon": 21.0385,
        "Lat": 52.2643
      },
      {
        "Brigade": "3",
        "Time": "2017-05-14 06:50:29",
        "Lines": "3",
        "Lon": 21.0385,
        "Lat": 52.2644
      },
      {
        "Brigade": "3",
        "Time": "2017-05-14 06:50:29",
        "Lines": "3",
        "Lon": 21.0385,
        "Lat": 52.2644
      },
      {
        "Brigade": "3",
        "Time": "2017-05-14 06:50:40",
        "Lines": "3",
        "Lon": 21.0384,
        "Lat": 52.2651
      },
      {
        "Brigade": "3",
        "Time": "2017-05-14 06:50:46",
        "Lines": "3",
        "Lon": 21.0383,
        "Lat": 52.2657
      },
      {
        "Brigade": "3",
        "Time": "2017-05-14 06:51:04",
        "Lines": "3",
        "Lon": 21.0379,
        "Lat": 52.2669
      },
      {
        "Brigade": "3",
        "Time": "2017-05-14 06:51:15",
        "Lines": "3",
        "Lon": 21.0379,
        "Lat": 52.2672
      },
      {
        "Brigade": "3",
        "Time": "2017-05-14 06:51:25",
        "Lines": "3",
        "Lon": 21.0386,
        "Lat": 52.2681
      },
      {
        "Brigade": "3",
        "Time": "2017-05-14 06:51:39",
        "Lines": "3",
        "Lon": 21.0381,
        "Lat": 52.2687
      },
      {
        "Brigade": "3",
        "Time": "2017-05-14 06:51:49",
        "Lines": "3",
        "Lon": 21.0381,
        "Lat": 52.2687
      },
      {
        "Brigade": "3",
        "Time": "2017-05-14 06:51:59",
        "Lines": "3",
        "Lon": 21.0381,
        "Lat": 52.2687
      },
      {
        "Brigade": "3",
        "Time": "2017-05-14 06:52:09",
        "Lines": "3",
        "Lon": 21.0375,
        "Lat": 52.2689
      },
      {
        "Brigade": "3",
        "Time": "2017-05-14 06:52:09",
        "Lines": "3",
        "Lon": 21.0375,
        "Lat": 52.2689
      },
      {
        "Brigade": "3",
        "Time": "2017-05-14 06:52:20",
        "Lines": "3",
        "Lon": 21.0369,
        "Lat": 52.2693
      },
      {
        "Brigade": "3",
        "Time": "2017-05-14 06:52:34",
        "Lines": "3",
        "Lon": 21.0365,
        "Lat": 52.2696
      },
      {
        "Brigade": "3",
        "Time": "2017-05-14 06:52:45",
        "Lines": "3",
        "Lon": 21.0363,
        "Lat": 52.2698
      },
      {
        "Brigade": "3",
        "Time": "2017-05-14 06:52:55",
        "Lines": "3",
        "Lon": 21.0352,
        "Lat": 52.2707
      },
      {
        "Brigade": "3",
        "Time": "2017-05-14 06:53:04",
        "Lines": "3",
        "Lon": 21.0339,
        "Lat": 52.2718
      },
      {
        "Brigade": "3",
        "Time": "2017-05-14 06:53:14",
        "Lines": "3",
        "Lon": 21.0327,
        "Lat": 52.2729
      },
      {
        "Brigade": "3",
        "Time": "2017-05-14 06:53:29",
        "Lines": "3",
        "Lon": 21.0316,
        "Lat": 52.274
      },
      {
        "Brigade": "3",
        "Time": "2017-05-14 06:53:42",
        "Lines": "3",
        "Lon": 21.0314,
        "Lat": 52.2742
      },
      {
        "Brigade": "3",
        "Time": "2017-05-14 06:53:49",
        "Lines": "3",
        "Lon": 21.0306,
        "Lat": 52.275
      },
      {
        "Brigade": "3",
        "Time": "2017-05-14 06:54:00",
        "Lines": "3",
        "Lon": 21.0294,
        "Lat": 52.2762
      },
      {
        "Brigade": "3",
        "Time": "2017-05-14 06:54:00",
        "Lines": "3",
        "Lon": 21.0294,
        "Lat": 52.2762
      },
      {
        "Brigade": "3",
        "Time": "2017-05-14 06:54:14",
        "Lines": "3",
        "Lon": 21.028,
        "Lat": 52.2778
      },
      {
        "Brigade": "3",
        "Time": "2017-05-14 06:54:27",
        "Lines": "3",
        "Lon": 21.0278,
        "Lat": 52.2782
      },
      {
        "Brigade": "3",
        "Time": "2017-05-14 06:54:34",
        "Lines": "3",
        "Lon": 21.0278,
        "Lat": 52.2782
      },
      {
        "Brigade": "3",
        "Time": "2017-05-14 06:54:44",
        "Lines": "3",
        "Lon": 21.0273,
        "Lat": 52.2788
      },
      {
        "Brigade": "3",
        "Time": "2017-05-14 06:54:59",
        "Lines": "3",
        "Lon": 21.0261,
        "Lat": 52.2804
      },
      {
        "Brigade": "3",
        "Time": "2017-05-14 06:55:09",
        "Lines": "3",
        "Lon": 21.0263,
        "Lat": 52.2809
      },
      {
        "Brigade": "3",
        "Time": "2017-05-14 06:55:20",
        "Lines": "3",
        "Lon": 21.0273,
        "Lat": 52.2812
      },
      {
        "Brigade": "3",
        "Time": "2017-05-14 06:55:29",
        "Lines": "3",
        "Lon": 21.0274,
        "Lat": 52.2812
      },
      {
        "Brigade": "3",
        "Time": "2017-05-14 06:55:34",
        "Lines": "3",
        "Lon": 21.0274,
        "Lat": 52.2812
      },
      {
        "Brigade": "3",
        "Time": "2017-05-14 06:55:44",
        "Lines": "3",
        "Lon": 21.0285,
        "Lat": 52.2815
      },
      {
        "Brigade": "3",
        "Time": "2017-05-14 06:55:54",
        "Lines": "3",
        "Lon": 21.0306,
        "Lat": 52.282
      },
      {
        "Brigade": "3",
        "Time": "2017-05-14 06:56:06",
        "Lines": "3",
        "Lon": 21.0326,
        "Lat": 52.2825
      },
      {
        "Brigade": "3",
        "Time": "2017-05-14 06:56:14",
        "Lines": "3",
        "Lon": 21.0338,
        "Lat": 52.2829
      },
      {
        "Brigade": "3",
        "Time": "2017-05-14 06:56:28",
        "Lines": "3",
        "Lon": 21.0338,
        "Lat": 52.2838
      },
      {
        "Brigade": "3",
        "Time": "2017-05-14 06:56:38",
        "Lines": "3",
        "Lon": 21.0331,
        "Lat": 52.2849
      },
      {
        "Brigade": "3",
        "Time": "2017-05-14 06:56:48",
        "Lines": "3",
        "Lon": 21.0328,
        "Lat": 52.2853
      },
      {
        "Brigade": "3",
        "Time": "2017-05-14 06:57:03",
        "Lines": "3",
        "Lon": 21.0328,
        "Lat": 52.2853
      },
      {
        "Brigade": "3",
        "Time": "2017-05-14 06:57:03",
        "Lines": "3",
        "Lon": 21.0328,
        "Lat": 52.2853
      },
      {
        "Brigade": "3",
        "Time": "2017-05-14 06:57:13",
        "Lines": "3",
        "Lon": 21.0322,
        "Lat": 52.2862
      },
      {
        "Brigade": "3",
        "Time": "2017-05-14 06:57:23",
        "Lines": "3",
        "Lon": 21.0319,
        "Lat": 52.2866
      },
      {
        "Brigade": "3",
        "Time": "2017-05-14 06:57:35",
        "Lines": "3",
        "Lon": 21.0308,
        "Lat": 52.2881
      },
      {
        "Brigade": "3",
        "Time": "2017-05-14 06:57:43",
        "Lines": "3",
        "Lon": 21.0308,
        "Lat": 52.2881
      },
      {
        "Brigade": "3",
        "Time": "2017-05-14 06:57:58",
        "Lines": "3",
        "Lon": 21.0305,
        "Lat": 52.2886
      },
      {
        "Brigade": "3",
        "Time": "2017-05-14 06:58:08",
        "Lines": "3",
        "Lon": 21.0297,
        "Lat": 52.2897
      },
      {
        "Brigade": "3",
        "Time": "2017-05-14 06:58:13",
        "Lines": "3",
        "Lon": 21.0295,
        "Lat": 52.2899
      },
      {
        "Brigade": "3",
        "Time": "2017-05-14 06:58:28",
        "Lines": "3",
        "Lon": 21.0291,
        "Lat": 52.2905
      },
      {
        "Brigade": "3",
        "Time": "2017-05-14 06:58:43",
        "Lines": "3",
        "Lon": 21.0279,
        "Lat": 52.2924
      },
      {
        "Brigade": "3",
        "Time": "2017-05-14 06:58:43",
        "Lines": "3",
        "Lon": 21.0279,
        "Lat": 52.2924
      },
      {
        "Brigade": "3",
        "Time": "2017-05-14 06:58:53",
        "Lines": "3",
        "Lon": 21.0273,
        "Lat": 52.2932
      },
      {
        "Brigade": "3",
        "Time": "2017-05-14 06:59:03",
        "Lines": "3",
        "Lon": 21.0273,
        "Lat": 52.2932
      },
      {
        "Brigade": "3",
        "Time": "2017-05-14 06:59:13",
        "Lines": "3",
        "Lon": 21.0272,
        "Lat": 52.2933
      },
      {
        "Brigade": "3",
        "Time": "2017-05-14 06:59:23",
        "Lines": "3",
        "Lon": 21.0271,
        "Lat": 52.2935
      },
      {
        "Brigade": "3",
        "Time": "2017-05-14 06:59:38",
        "Lines": "3",
        "Lon": 21.0252,
        "Lat": 52.2961
      },
      {
        "Brigade": "3",
        "Time": "2017-05-14 06:59:48",
        "Lines": "3",
        "Lon": 21.0245,
        "Lat": 52.297
      },
      {
        "Brigade": "3",
        "Time": "2017-05-14 07:00:00",
        "Lines": "3",
        "Lon": 21.0243,
        "Lat": 52.2972
      },
      {
        "Brigade": "3",
        "Time": "2017-05-14 07:00:08",
        "Lines": "3",
        "Lon": 21.0237,
        "Lat": 52.298
      },
      {
        "Brigade": "3",
        "Time": "2017-05-14 07:00:23",
        "Lines": "3",
        "Lon": 21.0232,
        "Lat": 52.2988
      },
      {
        "Brigade": "3",
        "Time": "2017-05-14 07:00:23",
        "Lines": "3",
        "Lon": 21.0232,
        "Lat": 52.2988
      },
      {
        "Brigade": "3",
        "Time": "2017-05-14 07:00:33",
        "Lines": "3",
        "Lon": 21.0224,
        "Lat": 52.2995
      },
      {
        "Brigade": "3",
        "Time": "2017-05-14 07:00:43",
        "Lines": "3",
        "Lon": 21.0219,
        "Lat": 52.2993
      },
      {
        "Brigade": "3",
        "Time": "2017-05-14 07:00:53",
        "Lines": "3",
        "Lon": 21.0214,
        "Lat": 52.2991
      },
      {
        "Brigade": "3",
        "Time": "2017-05-14 07:01:08",
        "Lines": "3",
        "Lon": 21.0216,
        "Lat": 52.2987
      },
      {
        "Brigade": "3",
        "Time": "2017-05-14 07:01:13",
        "Lines": "3",
        "Lon": 21.0216,
        "Lat": 52.2987
      },
      {
        "Brigade": "3",
        "Time": "2017-05-14 07:01:28",
        "Lines": "3",
        "Lon": 21.0216,
        "Lat": 52.2987
      },
      {
        "Brigade": "3",
        "Time": "2017-05-14 07:01:38",
        "Lines": "3",
        "Lon": 21.0216,
        "Lat": 52.2987
      },
      {
        "Brigade": "3",
        "Time": "2017-05-14 07:01:48",
        "Lines": "3",
        "Lon": 21.0216,
        "Lat": 52.2987
      },
      {
        "Brigade": "3",
        "Time": "2017-05-14 07:01:58",
        "Lines": "3",
        "Lon": 21.0216,
        "Lat": 52.2987
      },
      {
        "Brigade": "3",
        "Time": "2017-05-14 07:01:58",
        "Lines": "3",
        "Lon": 21.0216,
        "Lat": 52.2987
      },
      {
        "Brigade": "3",
        "Time": "2017-05-14 07:02:13",
        "Lines": "3",
        "Lon": 21.0216,
        "Lat": 52.2987
      },
      {
        "Brigade": "3",
        "Time": "2017-05-14 07:02:23",
        "Lines": "3",
        "Lon": 21.0216,
        "Lat": 52.2987
      },
      {
        "Brigade": "3",
        "Time": "2017-05-14 07:02:33",
        "Lines": "3",
        "Lon": 21.0216,
        "Lat": 52.2987
      },
      {
        "Brigade": "3",
        "Time": "2017-05-14 07:02:48",
        "Lines": "3",
        "Lon": 21.0216,
        "Lat": 52.2987
      },
      {
        "Brigade": "3",
        "Time": "2017-05-14 07:02:58",
        "Lines": "3",
        "Lon": 21.0216,
        "Lat": 52.2987
      },
      {
        "Brigade": "3",
        "Time": "2017-05-14 07:03:08",
        "Lines": "3",
        "Lon": 21.0216,
        "Lat": 52.2987
      },
      {
        "Brigade": "3",
        "Time": "2017-05-14 07:03:18",
        "Lines": "3",
        "Lon": 21.0216,
        "Lat": 52.2987
      },
      {
        "Brigade": "3",
        "Time": "2017-05-14 07:03:28",
        "Lines": "3",
        "Lon": 21.0218,
        "Lat": 52.2984
      },
      {
        "Brigade": "3",
        "Time": "2017-05-14 07:03:38",
        "Lines": "3",
        "Lon": 21.0218,
        "Lat": 52.2984
      },
      {
        "Brigade": "3",
        "Time": "2017-05-14 07:03:38",
        "Lines": "3",
        "Lon": 21.0218,
        "Lat": 52.2984
      },
      {
        "Brigade": "3",
        "Time": "2017-05-14 07:03:53",
        "Lines": "3",
        "Lon": 21.0218,
        "Lat": 52.2984
      },
      {
        "Brigade": "3",
        "Time": "2017-05-14 07:04:03",
        "Lines": "3",
        "Lon": 21.0218,
        "Lat": 52.2984
      },
      {
        "Brigade": "3",
        "Time": "2017-05-14 07:04:13",
        "Lines": "3",
        "Lon": 21.0218,
        "Lat": 52.2984
      },
      {
        "Brigade": "3",
        "Time": "2017-05-14 07:04:23",
        "Lines": "3",
        "Lon": 21.0218,
        "Lat": 52.2984
      },
      {
        "Brigade": "3",
        "Time": "2017-05-14 07:04:38",
        "Lines": "3",
        "Lon": 21.0218,
        "Lat": 52.2984
      },
      {
        "Brigade": "3",
        "Time": "2017-05-14 07:04:48",
        "Lines": "3",
        "Lon": 21.0218,
        "Lat": 52.2984
      },
      {
        "Brigade": "3",
        "Time": "2017-05-14 07:04:58",
        "Lines": "3",
        "Lon": 21.0218,
        "Lat": 52.2984
      },
      {
        "Brigade": "3",
        "Time": "2017-05-14 07:05:08",
        "Lines": "3",
        "Lon": 21.0218,
        "Lat": 52.2984
      },
      {
        "Brigade": "3",
        "Time": "2017-05-14 07:05:18",
        "Lines": "3",
        "Lon": 21.0218,
        "Lat": 52.2984
      },
      {
        "Brigade": "3",
        "Time": "2017-05-14 07:05:29",
        "Lines": "3",
        "Lon": 21.0218,
        "Lat": 52.2984
      },
      {
        "Brigade": "3",
        "Time": "2017-05-14 07:05:29",
        "Lines": "3",
        "Lon": 21.0218,
        "Lat": 52.2984
      },
      {
        "Brigade": "3",
        "Time": "2017-05-14 07:05:43",
        "Lines": "3",
        "Lon": 21.0218,
        "Lat": 52.2984
      },
      {
        "Brigade": "3",
        "Time": "2017-05-14 07:05:53",
        "Lines": "3",
        "Lon": 21.0218,
        "Lat": 52.2984
      },
      {
        "Brigade": "3",
        "Time": "2017-05-14 07:06:03",
        "Lines": "3",
        "Lon": 21.0218,
        "Lat": 52.2984
      },
      {
        "Brigade": "3",
        "Time": "2017-05-14 07:06:13",
        "Lines": "3",
        "Lon": 21.0218,
        "Lat": 52.2984
      },
      {
        "Brigade": "3",
        "Time": "2017-05-14 07:06:28",
        "Lines": "3",
        "Lon": 21.0218,
        "Lat": 52.2984
      },
      {
        "Brigade": "3",
        "Time": "2017-05-14 07:06:38",
        "Lines": "3",
        "Lon": 21.0218,
        "Lat": 52.2984
      },
      {
        "Brigade": "3",
        "Time": "2017-05-14 07:06:48",
        "Lines": "3",
        "Lon": 21.0218,
        "Lat": 52.2984
      },
      {
        "Brigade": "3",
        "Time": "2017-05-14 07:06:58",
        "Lines": "3",
        "Lon": 21.0218,
        "Lat": 52.2984
      },
      {
        "Brigade": "3",
        "Time": "2017-05-14 07:07:13",
        "Lines": "3",
        "Lon": 21.0218,
        "Lat": 52.2984
      },
      {
        "Brigade": "3",
        "Time": "2017-05-14 07:07:13",
        "Lines": "3",
        "Lon": 21.0218,
        "Lat": 52.2984
      },
      {
        "Brigade": "3",
        "Time": "2017-05-14 07:07:23",
        "Lines": "3",
        "Lon": 21.0218,
        "Lat": 52.2984
      },
      {
        "Brigade": "3",
        "Time": "2017-05-14 07:07:33",
        "Lines": "3",
        "Lon": 21.0219,
        "Lat": 52.2984
      },
      {
        "Brigade": "3",
        "Time": "2017-05-14 07:07:43",
        "Lines": "3",
        "Lon": 21.0219,
        "Lat": 52.2984
      },
      {
        "Brigade": "3",
        "Time": "2017-05-14 07:07:53",
        "Lines": "3",
        "Lon": 21.0219,
        "Lat": 52.2984
      },
      {
        "Brigade": "3",
        "Time": "2017-05-14 07:08:03",
        "Lines": "3",
        "Lon": 21.0219,
        "Lat": 52.2984
      },
      {
        "Brigade": "3",
        "Time": "2017-05-14 07:08:18",
        "Lines": "3",
        "Lon": 21.0219,
        "Lat": 52.2984
      },
      {
        "Brigade": "3",
        "Time": "2017-05-14 07:08:28",
        "Lines": "3",
        "Lon": 21.0219,
        "Lat": 52.2984
      },
      {
        "Brigade": "3",
        "Time": "2017-05-14 07:08:38",
        "Lines": "3",
        "Lon": 21.0219,
        "Lat": 52.2984
      },
      {
        "Brigade": "3",
        "Time": "2017-05-14 07:08:48",
        "Lines": "3",
        "Lon": 21.0219,
        "Lat": 52.2984
      },
      {
        "Brigade": "3",
        "Time": "2017-05-14 07:09:03",
        "Lines": "3",
        "Lon": 21.0219,
        "Lat": 52.2984
      },
      {
        "Brigade": "3",
        "Time": "2017-05-14 07:09:03",
        "Lines": "3",
        "Lon": 21.0219,
        "Lat": 52.2984
      },
      {
        "Brigade": "3",
        "Time": "2017-05-14 07:09:13",
        "Lines": "3",
        "Lon": 21.0219,
        "Lat": 52.2984
      },
      {
        "Brigade": "3",
        "Time": "2017-05-14 07:09:23",
        "Lines": "3",
        "Lon": 21.0219,
        "Lat": 52.2984
      },
      {
        "Brigade": "3",
        "Time": "2017-05-14 07:09:33",
        "Lines": "3",
        "Lon": 21.0219,
        "Lat": 52.2984
      },
      {
        "Brigade": "3",
        "Time": "2017-05-14 07:09:43",
        "Lines": "3",
        "Lon": 21.0219,
        "Lat": 52.2984
      },
      {
        "Brigade": "3",
        "Time": "2017-05-14 07:09:58",
        "Lines": "3",
        "Lon": 21.0219,
        "Lat": 52.2984
      },
      {
        "Brigade": "3",
        "Time": "2017-05-14 07:10:08",
        "Lines": "3",
        "Lon": 21.0219,
        "Lat": 52.2984
      },
      {
        "Brigade": "3",
        "Time": "2017-05-14 07:10:13",
        "Lines": "3",
        "Lon": 21.0219,
        "Lat": 52.2984
      },
      {
        "Brigade": "3",
        "Time": "2017-05-14 07:10:28",
        "Lines": "3",
        "Lon": 21.0219,
        "Lat": 52.2984
      },
      {
        "Brigade": "3",
        "Time": "2017-05-14 07:10:38",
        "Lines": "3",
        "Lon": 21.0219,
        "Lat": 52.2984
      },
      {
        "Brigade": "3",
        "Time": "2017-05-14 07:10:48",
        "Lines": "3",
        "Lon": 21.0219,
        "Lat": 52.2984
      },
      {
        "Brigade": "3",
        "Time": "2017-05-14 07:10:48",
        "Lines": "3",
        "Lon": 21.0219,
        "Lat": 52.2984
      },
      {
        "Brigade": "3",
        "Time": "2017-05-14 07:11:03",
        "Lines": "3",
        "Lon": 21.0219,
        "Lat": 52.2984
      },
      {
        "Brigade": "3",
        "Time": "2017-05-14 07:11:13",
        "Lines": "3",
        "Lon": 21.0219,
        "Lat": 52.2984
      },
      {
        "Brigade": "3",
        "Time": "2017-05-14 07:11:23",
        "Lines": "3",
        "Lon": 21.0219,
        "Lat": 52.2984
      },
      {
        "Brigade": "3",
        "Time": "2017-05-14 07:11:33",
        "Lines": "3",
        "Lon": 21.0219,
        "Lat": 52.2984
      },
      {
        "Brigade": "3",
        "Time": "2017-05-14 07:11:48",
        "Lines": "3",
        "Lon": 21.0219,
        "Lat": 52.2984
      },
      {
        "Brigade": "3",
        "Time": "2017-05-14 07:11:58",
        "Lines": "3",
        "Lon": 21.0219,
        "Lat": 52.2985
      },
      {
        "Brigade": "3",
        "Time": "2017-05-14 07:12:08",
        "Lines": "3",
        "Lon": 21.0219,
        "Lat": 52.2985
      },
      {
        "Brigade": "3",
        "Time": "2017-05-14 07:12:18",
        "Lines": "3",
        "Lon": 21.0219,
        "Lat": 52.2985
      },
      {
        "Brigade": "3",
        "Time": "2017-05-14 07:12:28",
        "Lines": "3",
        "Lon": 21.0219,
        "Lat": 52.2985
      },
      {
        "Brigade": "3",
        "Time": "2017-05-14 07:12:43",
        "Lines": "3",
        "Lon": 21.0219,
        "Lat": 52.2985
      },
      {
        "Brigade": "3",
        "Time": "2017-05-14 07:12:43",
        "Lines": "3",
        "Lon": 21.0219,
        "Lat": 52.2985
      },
      {
        "Brigade": "3",
        "Time": "2017-05-14 07:12:53",
        "Lines": "3",
        "Lon": 21.0219,
        "Lat": 52.2985
      },
      {
        "Brigade": "3",
        "Time": "2017-05-14 07:13:03",
        "Lines": "3",
        "Lon": 21.0219,
        "Lat": 52.2985
      },
      {
        "Brigade": "3",
        "Time": "2017-05-14 07:13:13",
        "Lines": "3",
        "Lon": 21.0219,
        "Lat": 52.2985
      },
      {
        "Brigade": "3",
        "Time": "2017-05-14 07:13:23",
        "Lines": "3",
        "Lon": 21.0219,
        "Lat": 52.2985
      },
      {
        "Brigade": "3",
        "Time": "2017-05-14 07:13:38",
        "Lines": "3",
        "Lon": 21.0219,
        "Lat": 52.2985
      },
      {
        "Brigade": "3",
        "Time": "2017-05-14 07:13:48",
        "Lines": "3",
        "Lon": 21.0219,
        "Lat": 52.2985
      },
      {
        "Brigade": "3",
        "Time": "2017-05-14 07:13:58",
        "Lines": "3",
        "Lon": 21.0219,
        "Lat": 52.2985
      },
      {
        "Brigade": "3",
        "Time": "2017-05-14 07:14:08",
        "Lines": "3",
        "Lon": 21.0219,
        "Lat": 52.2985
      },
      {
        "Brigade": "3",
        "Time": "2017-05-14 07:14:18",
        "Lines": "3",
        "Lon": 21.0219,
        "Lat": 52.2985
      },
      {
        "Brigade": "3",
        "Time": "2017-05-14 07:14:33",
        "Lines": "3",
        "Lon": 21.0219,
        "Lat": 52.2985
      },
      {
        "Brigade": "3",
        "Time": "2017-05-14 07:14:33",
        "Lines": "3",
        "Lon": 21.0219,
        "Lat": 52.2985
      },
      {
        "Brigade": "3",
        "Time": "2017-05-14 07:14:43",
        "Lines": "3",
        "Lon": 21.0219,
        "Lat": 52.2985
      },
      {
        "Brigade": "3",
        "Time": "2017-05-14 07:14:53",
        "Lines": "3",
        "Lon": 21.0219,
        "Lat": 52.2985
      },
      {
        "Brigade": "3",
        "Time": "2017-05-14 07:15:03",
        "Lines": "3",
        "Lon": 21.0219,
        "Lat": 52.2985
      },
      {
        "Brigade": "3",
        "Time": "2017-05-14 07:15:13",
        "Lines": "3",
        "Lon": 21.0219,
        "Lat": 52.2985
      },
      {
        "Brigade": "3",
        "Time": "2017-05-14 07:15:23",
        "Lines": "3",
        "Lon": 21.0219,
        "Lat": 52.2985
      },
      {
        "Brigade": "3",
        "Time": "2017-05-14 07:15:38",
        "Lines": "3",
        "Lon": 21.0219,
        "Lat": 52.2985
      },
      {
        "Brigade": "3",
        "Time": "2017-05-14 07:15:48",
        "Lines": "3",
        "Lon": 21.0219,
        "Lat": 52.2985
      },
      {
        "Brigade": "3",
        "Time": "2017-05-14 07:15:58",
        "Lines": "3",
        "Lon": 21.0219,
        "Lat": 52.2985
      },
      {
        "Brigade": "3",
        "Time": "2017-05-14 07:16:08",
        "Lines": "3",
        "Lon": 21.0219,
        "Lat": 52.2985
      },
      {
        "Brigade": "3",
        "Time": "2017-05-14 07:16:23",
        "Lines": "3",
        "Lon": 21.0219,
        "Lat": 52.2985
      },
      {
        "Brigade": "3",
        "Time": "2017-05-14 07:16:23",
        "Lines": "3",
        "Lon": 21.0219,
        "Lat": 52.2985
      },
      {
        "Brigade": "3",
        "Time": "2017-05-14 07:16:33",
        "Lines": "3",
        "Lon": 21.0219,
        "Lat": 52.2985
      },
      {
        "Brigade": "3",
        "Time": "2017-05-14 07:16:43",
        "Lines": "3",
        "Lon": 21.0219,
        "Lat": 52.2985
      },
      {
        "Brigade": "3",
        "Time": "2017-05-14 07:16:53",
        "Lines": "3",
        "Lon": 21.0219,
        "Lat": 52.2985
      },
      {
        "Brigade": "3",
        "Time": "2017-05-14 07:17:08",
        "Lines": "3",
        "Lon": 21.0219,
        "Lat": 52.2985
      },
      {
        "Brigade": "3",
        "Time": "2017-05-14 07:17:13",
        "Lines": "3",
        "Lon": 21.0219,
        "Lat": 52.2985
      },
      {
        "Brigade": "3",
        "Time": "2017-05-14 07:17:28",
        "Lines": "3",
        "Lon": 21.0219,
        "Lat": 52.2985
      },
      {
        "Brigade": "3",
        "Time": "2017-05-14 07:17:38",
        "Lines": "3",
        "Lon": 21.0219,
        "Lat": 52.2985
      },
      {
        "Brigade": "3",
        "Time": "2017-05-14 07:17:48",
        "Lines": "3",
        "Lon": 21.0219,
        "Lat": 52.2985
      },
      {
        "Brigade": "3",
        "Time": "2017-05-14 07:17:58",
        "Lines": "3",
        "Lon": 21.0219,
        "Lat": 52.2985
      },
      {
        "Brigade": "3",
        "Time": "2017-05-14 07:18:13",
        "Lines": "3",
        "Lon": 21.0219,
        "Lat": 52.2985
      },
      {
        "Brigade": "3",
        "Time": "2017-05-14 07:18:13",
        "Lines": "3",
        "Lon": 21.0219,
        "Lat": 52.2985
      },
      {
        "Brigade": "3",
        "Time": "2017-05-14 07:18:23",
        "Lines": "3",
        "Lon": 21.0219,
        "Lat": 52.2985
      },
      {
        "Brigade": "3",
        "Time": "2017-05-14 07:18:33",
        "Lines": "3",
        "Lon": 21.0219,
        "Lat": 52.2985
      },
      {
        "Brigade": "3",
        "Time": "2017-05-14 07:18:43",
        "Lines": "3",
        "Lon": 21.0219,
        "Lat": 52.2985
      },
      {
        "Brigade": "3",
        "Time": "2017-05-14 07:18:53",
        "Lines": "3",
        "Lon": 21.0219,
        "Lat": 52.2985
      },
      {
        "Brigade": "3",
        "Time": "2017-05-14 07:19:03",
        "Lines": "3",
        "Lon": 21.0219,
        "Lat": 52.2985
      },
      {
        "Brigade": "3",
        "Time": "2017-05-14 07:19:18",
        "Lines": "3",
        "Lon": 21.0219,
        "Lat": 52.2985
      },
      {
        "Brigade": "3",
        "Time": "2017-05-14 07:19:28",
        "Lines": "3",
        "Lon": 21.0224,
        "Lat": 52.2984
      },
      {
        "Brigade": "3",
        "Time": "2017-05-14 07:19:38",
        "Lines": "3",
        "Lon": 21.0229,
        "Lat": 52.2985
      },
      {
        "Brigade": "3",
        "Time": "2017-05-14 07:19:48",
        "Lines": "3",
        "Lon": 21.0235,
        "Lat": 52.2983
      },
      {
        "Brigade": "3",
        "Time": "2017-05-14 07:19:58",
        "Lines": "3",
        "Lon": 21.0241,
        "Lat": 52.2975
      },
      {
        "Brigade": "3",
        "Time": "2017-05-14 07:19:58",
        "Lines": "3",
        "Lon": 21.0241,
        "Lat": 52.2975
      },
      {
        "Brigade": "3",
        "Time": "2017-05-14 07:20:13",
        "Lines": "3",
        "Lon": 21.0246,
        "Lat": 52.2968
      },
      {
        "Brigade": "3",
        "Time": "2017-05-14 07:20:23",
        "Lines": "3",
        "Lon": 21.0246,
        "Lat": 52.2968
      },
      {
        "Brigade": "3",
        "Time": "2017-05-14 07:20:33",
        "Lines": "3",
        "Lon": 21.0248,
        "Lat": 52.2965
      },
      {
        "Brigade": "3",
        "Time": "2017-05-14 07:20:48",
        "Lines": "3",
        "Lon": 21.0249,
        "Lat": 52.2964
      },
      {
        "Brigade": "3",
        "Time": "2017-05-14 07:20:58",
        "Lines": "3",
        "Lon": 21.0255,
        "Lat": 52.2956
      },
      {
        "Brigade": "3",
        "Time": "2017-05-14 07:21:08",
        "Lines": "3",
        "Lon": 21.0263,
        "Lat": 52.2945
      },
      {
        "Brigade": "3",
        "Time": "2017-05-14 07:21:20",
        "Lines": "3",
        "Lon": 21.0266,
        "Lat": 52.2941
      },
      {
        "Brigade": "3",
        "Time": "2017-05-14 07:21:28",
        "Lines": "3",
        "Lon": 21.0266,
        "Lat": 52.2941
      },
      {
        "Brigade": "3",
        "Time": "2017-05-14 07:21:28",
        "Lines": "3",
        "Lon": 21.0266,
        "Lat": 52.2941
      },
      {
        "Brigade": "3",
        "Time": "2017-05-14 07:21:43",
        "Lines": "3",
        "Lon": 21.0268,
        "Lat": 52.2939
      },
      {
        "Brigade": "3",
        "Time": "2017-05-14 07:21:53",
        "Lines": "3",
        "Lon": 21.0268,
        "Lat": 52.2938
      },
      {
        "Brigade": "3",
        "Time": "2017-05-14 07:22:03",
        "Lines": "3",
        "Lon": 21.0268,
        "Lat": 52.2938
      },
      {
        "Brigade": "3",
        "Time": "2017-05-14 07:22:13",
        "Lines": "3",
        "Lon": 21.0268,
        "Lat": 52.2938
      },
      {
        "Brigade": "3",
        "Time": "2017-05-14 07:22:28",
        "Lines": "3",
        "Lon": 21.0269,
        "Lat": 52.2936
      },
      {
        "Brigade": "3",
        "Time": "2017-05-14 07:22:38",
        "Lines": "3",
        "Lon": 21.0276,
        "Lat": 52.2927
      },
      {
        "Brigade": "3",
        "Time": "2017-05-14 07:22:48",
        "Lines": "3",
        "Lon": 21.0285,
        "Lat": 52.2914
      },
      {
        "Brigade": "3",
        "Time": "2017-05-14 07:22:58",
        "Lines": "3",
        "Lon": 21.0292,
        "Lat": 52.2904
      },
      {
        "Brigade": "3",
        "Time": "2017-05-14 07:23:13",
        "Lines": "3",
        "Lon": 21.0293,
        "Lat": 52.2902
      },
      {
        "Brigade": "3",
        "Time": "2017-05-14 07:23:23",
        "Lines": "3",
        "Lon": 21.0295,
        "Lat": 52.2899
      },
      {
        "Brigade": "3",
        "Time": "2017-05-14 07:23:23",
        "Lines": "3",
        "Lon": 21.0295,
        "Lat": 52.2899
      },
      {
        "Brigade": "3",
        "Time": "2017-05-14 07:23:33",
        "Lines": "3",
        "Lon": 21.0302,
        "Lat": 52.2888
      },
      {
        "Brigade": "3",
        "Time": "2017-05-14 07:23:43",
        "Lines": "3",
        "Lon": 21.0305,
        "Lat": 52.2884
      },
      {
        "Brigade": "3",
        "Time": "2017-05-14 07:23:53",
        "Lines": "3",
        "Lon": 21.0305,
        "Lat": 52.2884
      },
      {
        "Brigade": "3",
        "Time": "2017-05-14 07:24:03",
        "Lines": "3",
        "Lon": 21.0307,
        "Lat": 52.2881
      },
      {
        "Brigade": "3",
        "Time": "2017-05-14 07:24:13",
        "Lines": "3",
        "Lon": 21.0315,
        "Lat": 52.2869
      },
      {
        "Brigade": "3",
        "Time": "2017-05-14 07:24:28",
        "Lines": "3",
        "Lon": 21.0328,
        "Lat": 52.2851
      },
      {
        "Brigade": "3",
        "Time": "2017-05-14 07:24:38",
        "Lines": "3",
        "Lon": 21.0334,
        "Lat": 52.2842
      },
      {
        "Brigade": "3",
        "Time": "2017-05-14 07:24:48",
        "Lines": "3",
        "Lon": 21.0336,
        "Lat": 52.2839
      },
      {
        "Brigade": "3",
        "Time": "2017-05-14 07:24:58",
        "Lines": "3",
        "Lon": 21.0336,
        "Lat": 52.2838
      },
      {
        "Brigade": "3",
        "Time": "2017-05-14 07:25:13",
        "Lines": "3",
        "Lon": 21.034,
        "Lat": 52.2833
      },
      {
        "Brigade": "3",
        "Time": "2017-05-14 07:25:13",
        "Lines": "3",
        "Lon": 21.034,
        "Lat": 52.2833
      },
      {
        "Brigade": "3",
        "Time": "2017-05-14 07:25:24",
        "Lines": "3",
        "Lon": 21.034,
        "Lat": 52.2832
      },
      {
        "Brigade": "3",
        "Time": "2017-05-14 07:25:33",
        "Lines": "3",
        "Lon": 21.034,
        "Lat": 52.2832
      },
      {
        "Brigade": "3",
        "Time": "2017-05-14 07:25:43",
        "Lines": "3",
        "Lon": 21.0338,
        "Lat": 52.2828
      },
      {
        "Brigade": "3",
        "Time": "2017-05-14 07:25:53",
        "Lines": "3",
        "Lon": 21.0322,
        "Lat": 52.2824
      },
      {
        "Brigade": "3",
        "Time": "2017-05-14 07:26:08",
        "Lines": "3",
        "Lon": 21.0291,
        "Lat": 52.2816
      },
      {
        "Brigade": "3",
        "Time": "2017-05-14 07:26:19",
        "Lines": "3",
        "Lon": 21.0276,
        "Lat": 52.2813
      },
      {
        "Brigade": "3",
        "Time": "2017-05-14 07:26:28",
        "Lines": "3",
        "Lon": 21.0268,
        "Lat": 52.2811
      },
      {
        "Brigade": "3",
        "Time": "2017-05-14 07:26:38",
        "Lines": "3",
        "Lon": 21.0268,
        "Lat": 52.281
      },
      {
        "Brigade": "3",
        "Time": "2017-05-14 07:26:48",
        "Lines": "3",
        "Lon": 21.0261,
        "Lat": 52.2808
      },
      {
        "Brigade": "3",
        "Time": "2017-05-14 07:27:03",
        "Lines": "3",
        "Lon": 21.0265,
        "Lat": 52.2797
      },
      {
        "Brigade": "3",
        "Time": "2017-05-14 07:27:03",
        "Lines": "3",
        "Lon": 21.0265,
        "Lat": 52.2797
      },
      {
        "Brigade": "3",
        "Time": "2017-05-14 07:27:13",
        "Lines": "3",
        "Lon": 21.0272,
        "Lat": 52.2789
      },
      {
        "Brigade": "3",
        "Time": "2017-05-14 07:27:23",
        "Lines": "3",
        "Lon": 21.0273,
        "Lat": 52.2787
      },
      {
        "Brigade": "3",
        "Time": "2017-05-14 07:27:33",
        "Lines": "3",
        "Lon": 21.0275,
        "Lat": 52.2784
      },
      {
        "Brigade": "3",
        "Time": "2017-05-14 07:27:43",
        "Lines": "3",
        "Lon": 21.0282,
        "Lat": 52.2775
      },
      {
        "Brigade": "3",
        "Time": "2017-05-14 07:27:53",
        "Lines": "3",
        "Lon": 21.0292,
        "Lat": 52.2763
      },
      {
        "Brigade": "3",
        "Time": "2017-05-14 07:28:08",
        "Lines": "3",
        "Lon": 21.0308,
        "Lat": 52.2747
      },
      {
        "Brigade": "3",
        "Time": "2017-05-14 07:28:18",
        "Lines": "3",
        "Lon": 21.0315,
        "Lat": 52.274
      },
      {
        "Brigade": "3",
        "Time": "2017-05-14 07:28:28",
        "Lines": "3",
        "Lon": 21.0318,
        "Lat": 52.2737
      },
      {
        "Brigade": "3",
        "Time": "2017-05-14 07:28:38",
        "Lines": "3",
        "Lon": 21.0321,
        "Lat": 52.2734
      },
      {
        "Brigade": "3",
        "Time": "2017-05-14 07:28:38",
        "Lines": "3",
        "Lon": 21.0321,
        "Lat": 52.2734
      },
      {
        "Brigade": "3",
        "Time": "2017-05-14 07:28:53",
        "Lines": "3",
        "Lon": 21.0336,
        "Lat": 52.272
      },
      {
        "Brigade": "3",
        "Time": "2017-05-14 07:29:03",
        "Lines": "3",
        "Lon": 21.0348,
        "Lat": 52.271
      },
      {
        "Brigade": "3",
        "Time": "2017-05-14 07:29:13",
        "Lines": "3",
        "Lon": 21.0355,
        "Lat": 52.2704
      },
      {
        "Brigade": "3",
        "Time": "2017-05-14 07:29:23",
        "Lines": "3",
        "Lon": 21.0358,
        "Lat": 52.2701
      },
      {
        "Brigade": "3",
        "Time": "2017-05-14 07:29:38",
        "Lines": "3",
        "Lon": 21.0368,
        "Lat": 52.2693
      },
      {
        "Brigade": "3",
        "Time": "2017-05-14 07:29:48",
        "Lines": "3",
        "Lon": 21.0371,
        "Lat": 52.2691
      },
      {
        "Brigade": "3",
        "Time": "2017-05-14 07:29:58",
        "Lines": "3",
        "Lon": 21.0371,
        "Lat": 52.2691
      },
      {
        "Brigade": "3",
        "Time": "2017-05-14 07:30:08",
        "Lines": "3",
        "Lon": 21.0371,
        "Lat": 52.2691
      },
      {
        "Brigade": "3",
        "Time": "2017-05-14 07:30:20",
        "Lines": "3",
        "Lon": 21.0375,
        "Lat": 52.2688
      },
      {
        "Brigade": "3",
        "Time": "2017-05-14 07:30:33",
        "Lines": "3",
        "Lon": 21.0385,
        "Lat": 52.2684
      },
      {
        "Brigade": "3",
        "Time": "2017-05-14 07:30:33",
        "Lines": "3",
        "Lon": 21.0385,
        "Lat": 52.2684
      },
      {
        "Brigade": "3",
        "Time": "2017-05-14 07:30:43",
        "Lines": "3",
        "Lon": 21.0383,
        "Lat": 52.2678
      },
      {
        "Brigade": "3",
        "Time": "2017-05-14 07:30:53",
        "Lines": "3",
        "Lon": 21.0379,
        "Lat": 52.267
      },
      {
        "Brigade": "3",
        "Time": "2017-05-14 07:31:03",
        "Lines": "3",
        "Lon": 21.0381,
        "Lat": 52.266
      },
      {
        "Brigade": "3",
        "Time": "2017-05-14 07:31:13",
        "Lines": "3",
        "Lon": 21.0384,
        "Lat": 52.265
      },
      {
        "Brigade": "3",
        "Time": "2017-05-14 07:31:28",
        "Lines": "3",
        "Lon": 21.0385,
        "Lat": 52.2646
      },
      {
        "Brigade": "3",
        "Time": "2017-05-14 07:31:33",
        "Lines": "3",
        "Lon": 21.0385,
        "Lat": 52.2643
      },
      {
        "Brigade": "3",
        "Time": "2017-05-14 07:31:48",
        "Lines": "3",
        "Lon": 21.0383,
        "Lat": 52.2637
      },
      {
        "Brigade": "3",
        "Time": "2017-05-14 07:31:58",
        "Lines": "3",
        "Lon": 21.0383,
        "Lat": 52.2637
      },
      {
        "Brigade": "3",
        "Time": "2017-05-14 07:32:08",
        "Lines": "3",
        "Lon": 21.038,
        "Lat": 52.263
      },
      {
        "Brigade": "3",
        "Time": "2017-05-14 07:32:23",
        "Lines": "3",
        "Lon": 21.0373,
        "Lat": 52.2612
      },
      {
        "Brigade": "3",
        "Time": "2017-05-14 07:32:23",
        "Lines": "3",
        "Lon": 21.0373,
        "Lat": 52.2612
      },
      {
        "Brigade": "3",
        "Time": "2017-05-14 07:32:33",
        "Lines": "3",
        "Lon": 21.0369,
        "Lat": 52.2601
      },
      {
        "Brigade": "3",
        "Time": "2017-05-14 07:32:43",
        "Lines": "3",
        "Lon": 21.0362,
        "Lat": 52.2593
      },
      {
        "Brigade": "3",
        "Time": "2017-05-14 07:32:53",
        "Lines": "3",
        "Lon": 21.0353,
        "Lat": 52.2586
      },
      {
        "Brigade": "3",
        "Time": "2017-05-14 07:33:03",
        "Lines": "3",
        "Lon": 21.0351,
        "Lat": 52.2585
      },
      {
        "Brigade": "3",
        "Time": "2017-05-14 07:33:18",
        "Lines": "3",
        "Lon": 21.0344,
        "Lat": 52.2578
      },
      {
        "Brigade": "3",
        "Time": "2017-05-14 07:33:28",
        "Lines": "3",
        "Lon": 21.0341,
        "Lat": 52.2576
      },
      {
        "Brigade": "3",
        "Time": "2017-05-14 07:33:38",
        "Lines": "3",
        "Lon": 21.0341,
        "Lat": 52.2576
      },
      {
        "Brigade": "3",
        "Time": "2017-05-14 07:33:48",
        "Lines": "3",
        "Lon": 21.0334,
        "Lat": 52.257
      },
      {
        "Brigade": "3",
        "Time": "2017-05-14 07:33:58",
        "Lines": "3",
        "Lon": 21.033,
        "Lat": 52.2567
      },
      {
        "Brigade": "3",
        "Time": "2017-05-14 07:34:13",
        "Lines": "3",
        "Lon": 21.0338,
        "Lat": 52.2558
      },
      {
        "Brigade": "3",
        "Time": "2017-05-14 07:34:13",
        "Lines": "3",
        "Lon": 21.0338,
        "Lat": 52.2558
      },
      {
        "Brigade": "3",
        "Time": "2017-05-14 07:34:23",
        "Lines": "3",
        "Lon": 21.0348,
        "Lat": 52.2548
      },
      {
        "Brigade": "3",
        "Time": "2017-05-14 07:34:33",
        "Lines": "3",
        "Lon": 21.0355,
        "Lat": 52.254
      },
      {
        "Brigade": "3",
        "Time": "2017-05-14 07:34:43",
        "Lines": "3",
        "Lon": 21.0357,
        "Lat": 52.2538
      },
      {
        "Brigade": "3",
        "Time": "2017-05-14 07:34:53",
        "Lines": "3",
        "Lon": 21.0357,
        "Lat": 52.2538
      },
      {
        "Brigade": "3",
        "Time": "2017-05-14 07:35:08",
        "Lines": "3",
        "Lon": 21.036,
        "Lat": 52.2534
      },
      {
        "Brigade": "3",
        "Time": "2017-05-14 07:35:13",
        "Lines": "3",
        "Lon": 21.0363,
        "Lat": 52.2531
      },
      {
        "Brigade": "3",
        "Time": "2017-05-14 07:35:28",
        "Lines": "3",
        "Lon": 21.0379,
        "Lat": 52.2519
      },
      {
        "Brigade": "3",
        "Time": "2017-05-14 07:35:37",
        "Lines": "3",
        "Lon": 21.0385,
        "Lat": 52.2515
      },
      {
        "Brigade": "3",
        "Time": "2017-05-14 07:35:47",
        "Lines": "3",
        "Lon": 21.0385,
        "Lat": 52.2515
      },
      {
        "Brigade": "3",
        "Time": "2017-05-14 07:36:03",
        "Lines": "3",
        "Lon": 21.039,
        "Lat": 52.2513
      },
      {
        "Brigade": "3",
        "Time": "2017-05-14 07:36:03",
        "Lines": "3",
        "Lon": 21.039,
        "Lat": 52.2513
      },
      {
        "Brigade": "3",
        "Time": "2017-05-14 07:36:12",
        "Lines": "3",
        "Lon": 21.0403,
        "Lat": 52.2506
      },
      {
        "Brigade": "3",
        "Time": "2017-05-14 07:36:23",
        "Lines": "3",
        "Lon": 21.0407,
        "Lat": 52.2504
      },
      {
        "Brigade": "3",
        "Time": "2017-05-14 07:36:33",
        "Lines": "3",
        "Lon": 21.0419,
        "Lat": 52.2497
      },
      {
        "Brigade": "3",
        "Time": "2017-05-14 07:36:43",
        "Lines": "3",
        "Lon": 21.0423,
        "Lat": 52.2496
      },
      {
        "Brigade": "3",
        "Time": "2017-05-14 07:36:58",
        "Lines": "3",
        "Lon": 21.0423,
        "Lat": 52.2496
      },
      {
        "Brigade": "3",
        "Time": "2017-05-14 07:37:08",
        "Lines": "3",
        "Lon": 21.0423,
        "Lat": 52.2496
      },
      {
        "Brigade": "3",
        "Time": "2017-05-14 07:37:20",
        "Lines": "3",
        "Lon": 21.0425,
        "Lat": 52.2495
      },
      {
        "Brigade": "3",
        "Time": "2017-05-14 07:37:28",
        "Lines": "3",
        "Lon": 21.044,
        "Lat": 52.249
      },
      {
        "Brigade": "3",
        "Time": "2017-05-14 07:37:38",
        "Lines": "3",
        "Lon": 21.0442,
        "Lat": 52.2489
      },
      {
        "Brigade": "3",
        "Time": "2017-05-14 07:37:53",
        "Lines": "3",
        "Lon": 21.0443,
        "Lat": 52.2489
      },
      {
        "Brigade": "3",
        "Time": "2017-05-14 07:37:53",
        "Lines": "3",
        "Lon": 21.0443,
        "Lat": 52.2489
      },
      {
        "Brigade": "3",
        "Time": "2017-05-14 07:38:03",
        "Lines": "3",
        "Lon": 21.045,
        "Lat": 52.2486
      },
      {
        "Brigade": "3",
        "Time": "2017-05-14 07:38:13",
        "Lines": "3",
        "Lon": 21.0457,
        "Lat": 52.2484
      },
      {
        "Brigade": "3",
        "Time": "2017-05-14 07:38:23",
        "Lines": "3",
        "Lon": 21.0464,
        "Lat": 52.2482
      },
      {
        "Brigade": "3",
        "Time": "2017-05-14 07:38:38",
        "Lines": "3",
        "Lon": 21.0476,
        "Lat": 52.2477
      },
      {
        "Brigade": "3",
        "Time": "2017-05-14 07:38:48",
        "Lines": "3",
        "Lon": 21.0485,
        "Lat": 52.2475
      },
      {
        "Brigade": "3",
        "Time": "2017-05-14 07:38:58",
        "Lines": "3",
        "Lon": 21.0485,
        "Lat": 52.2475
      },
      {
        "Brigade": "3",
        "Time": "2017-05-14 07:39:08",
        "Lines": "3",
        "Lon": 21.049,
        "Lat": 52.2475
      },
      {
        "Brigade": "3",
        "Time": "2017-05-14 07:39:19",
        "Lines": "3",
        "Lon": 21.0504,
        "Lat": 52.2474
      },
      {
        "Brigade": "3",
        "Time": "2017-05-14 07:39:19",
        "Lines": "3",
        "Lon": 21.0504,
        "Lat": 52.2474
      },
      {
        "Brigade": "3",
        "Time": "2017-05-14 07:39:19",
        "Lines": "3",
        "Lon": 21.0504,
        "Lat": 52.2474
      },
      {
        "Brigade": "3",
        "Time": "2017-05-14 07:39:19",
        "Lines": "3",
        "Lon": 21.0504,
        "Lat": 52.2474
      },
      {
        "Brigade": "3",
        "Time": "2017-05-14 07:39:19",
        "Lines": "3",
        "Lon": 21.0504,
        "Lat": 52.2474
      },
      {
        "Brigade": "3",
        "Time": "2017-05-14 07:39:19",
        "Lines": "3",
        "Lon": 21.0504,
        "Lat": 52.2474
      },
      {
        "Brigade": "3",
        "Time": "2017-05-14 07:39:19",
        "Lines": "3",
        "Lon": 21.0504,
        "Lat": 52.2474
      },
      {
        "Brigade": "3",
        "Time": "2017-05-14 07:39:19",
        "Lines": "3",
        "Lon": 21.0504,
        "Lat": 52.2474
      },
      {
        "Brigade": "3",
        "Time": "2017-05-14 07:40:38",
        "Lines": "3",
        "Lon": 21.0553,
        "Lat": 52.2471
      },
      {
        "Brigade": "3",
        "Time": "2017-05-14 07:40:48",
        "Lines": "3",
        "Lon": 21.0576,
        "Lat": 52.247
      },
      {
        "Brigade": "3",
        "Time": "2017-05-14 07:40:54",
        "Lines": "3",
        "Lon": 21.0583,
        "Lat": 52.2469
      },
      {
        "Brigade": "3",
        "Time": "2017-05-14 07:41:08",
        "Lines": "3",
        "Lon": 21.0585,
        "Lat": 52.2469
      },
      {
        "Brigade": "3",
        "Time": "2017-05-14 07:41:18",
        "Lines": "3",
        "Lon": 21.0585,
        "Lat": 52.2469
      },
      {
        "Brigade": "3",
        "Time": "2017-05-14 07:41:33",
        "Lines": "3",
        "Lon": 21.0593,
        "Lat": 52.2469
      },
      {
        "Brigade": "3",
        "Time": "2017-05-14 07:41:33",
        "Lines": "3",
        "Lon": 21.0593,
        "Lat": 52.2469
      },
      {
        "Brigade": "3",
        "Time": "2017-05-14 07:41:43",
        "Lines": "3",
        "Lon": 21.0615,
        "Lat": 52.2467
      },
      {
        "Brigade": "3",
        "Time": "2017-05-14 07:41:53",
        "Lines": "3",
        "Lon": 21.0631,
        "Lat": 52.2466
      },
      {
        "Brigade": "3",
        "Time": "2017-05-14 07:42:03",
        "Lines": "3",
        "Lon": 21.0633,
        "Lat": 52.2466
      },
      {
        "Brigade": "3",
        "Time": "2017-05-14 07:42:13",
        "Lines": "3",
        "Lon": 21.0633,
        "Lat": 52.2465
      },
      {
        "Brigade": "3",
        "Time": "2017-05-14 07:42:23",
        "Lines": "3",
        "Lon": 21.0633,
        "Lat": 52.2465
      },
      {
        "Brigade": "3",
        "Time": "2017-05-14 07:42:38",
        "Lines": "3",
        "Lon": 21.0646,
        "Lat": 52.2464
      },
      {
        "Brigade": "3",
        "Time": "2017-05-14 07:42:48",
        "Lines": "3",
        "Lon": 21.0647,
        "Lat": 52.2464
      },
      {
        "Brigade": "3",
        "Time": "2017-05-14 07:42:58",
        "Lines": "3",
        "Lon": 21.0653,
        "Lat": 52.2464
      },
      {
        "Brigade": "3",
        "Time": "2017-05-14 07:43:08",
        "Lines": "3",
        "Lon": 21.0675,
        "Lat": 52.2463
      },
      {
        "Brigade": "3",
        "Time": "2017-05-14 07:43:13",
        "Lines": "3",
        "Lon": 21.0685,
        "Lat": 52.2462
      }
    ]
  }
]
