[
  {
    "res": [
      {
        "Brigade": "3",
        "Time": "2017-05-14 07:56:04",
        "Lines": "31",
        "Lon": 21.0068,
        "Lat": 52.1889
      },
      {
        "Brigade": "3",
        "Time": "2017-05-14 07:56:14",
        "Lines": "31",
        "Lon": 21.0072,
        "Lat": 52.1889
      },
      {
        "Brigade": "3",
        "Time": "2017-05-14 07:56:28",
        "Lines": "31",
        "Lon": 21.0072,
        "Lat": 52.1889
      },
      {
        "Brigade": "3",
        "Time": "2017-05-14 07:56:38",
        "Lines": "31",
        "Lon": 21.0072,
        "Lat": 52.1889
      },
      {
        "Brigade": "3",
        "Time": "2017-05-14 07:56:48",
        "Lines": "31",
        "Lon": 21.0072,
        "Lat": 52.1889
      },
      {
        "Brigade": "3",
        "Time": "2017-05-14 07:56:58",
        "Lines": "31",
        "Lon": 21.0072,
        "Lat": 52.1889
      },
      {
        "Brigade": "3",
        "Time": "2017-05-14 07:57:08",
        "Lines": "31",
        "Lon": 21.0072,
        "Lat": 52.1889
      },
      {
        "Brigade": "3",
        "Time": "2017-05-14 07:57:23",
        "Lines": "31",
        "Lon": 21.0076,
        "Lat": 52.1889
      },
      {
        "Brigade": "3",
        "Time": "2017-05-14 07:57:23",
        "Lines": "31",
        "Lon": 21.0076,
        "Lat": 52.1889
      },
      {
        "Brigade": "3",
        "Time": "2017-05-14 07:57:33",
        "Lines": "31",
        "Lon": 21.0096,
        "Lat": 52.1889
      },
      {
        "Brigade": "3",
        "Time": "2017-05-14 07:57:44",
        "Lines": "31",
        "Lon": 21.0112,
        "Lat": 52.1889
      },
      {
        "Brigade": "3",
        "Time": "2017-05-14 07:57:53",
        "Lines": "31",
        "Lon": 21.0115,
        "Lat": 52.1889
      },
      {
        "Brigade": "3",
        "Time": "2017-05-14 07:58:03",
        "Lines": "31",
        "Lon": 21.0115,
        "Lat": 52.1889
      },
      {
        "Brigade": "3",
        "Time": "2017-05-14 07:58:13",
        "Lines": "31",
        "Lon": 21.0115,
        "Lat": 52.1889
      },
      {
        "Brigade": "3",
        "Time": "2017-05-14 07:58:28",
        "Lines": "31",
        "Lon": 21.0118,
        "Lat": 52.1889
      },
      {
        "Brigade": "3",
        "Time": "2017-05-14 07:58:33",
        "Lines": "31",
        "Lon": 21.0122,
        "Lat": 52.1889
      },
      {
        "Brigade": "3",
        "Time": "2017-05-14 07:58:48",
        "Lines": "31",
        "Lon": 21.0135,
        "Lat": 52.1889
      },
      {
        "Brigade": "3",
        "Time": "2017-05-14 07:58:58",
        "Lines": "31",
        "Lon": 21.0144,
        "Lat": 52.1889
      },
      {
        "Brigade": "3",
        "Time": "2017-05-14 07:59:13",
        "Lines": "31",
        "Lon": 21.0155,
        "Lat": 52.1889
      },
      {
        "Brigade": "3",
        "Time": "2017-05-14 07:59:13",
        "Lines": "31",
        "Lon": 21.0155,
        "Lat": 52.1889
      },
      {
        "Brigade": "3",
        "Time": "2017-05-14 07:59:23",
        "Lines": "31",
        "Lon": 21.0164,
        "Lat": 52.189
      },
      {
        "Brigade": "3",
        "Time": "2017-05-14 07:59:33",
        "Lines": "31",
        "Lon": 21.0165,
        "Lat": 52.189
      },
      {
        "Brigade": "3",
        "Time": "2017-05-14 07:59:43",
        "Lines": "31",
        "Lon": 21.0165,
        "Lat": 52.189
      },
      {
        "Brigade": "3",
        "Time": "2017-05-14 07:59:53",
        "Lines": "31",
        "Lon": 21.0165,
        "Lat": 52.189
      },
      {
        "Brigade": "3",
        "Time": "2017-05-14 08:00:03",
        "Lines": "31",
        "Lon": 21.0171,
        "Lat": 52.189
      },
      {
        "Brigade": "3",
        "Time": "2017-05-14 08:00:18",
        "Lines": "31",
        "Lon": 21.0185,
        "Lat": 52.1891
      },
      {
        "Brigade": "3",
        "Time": "2017-05-14 08:00:28",
        "Lines": "31",
        "Lon": 21.0193,
        "Lat": 52.1893
      },
      {
        "Brigade": "3",
        "Time": "2017-05-14 08:00:33",
        "Lines": "31",
        "Lon": 21.0196,
        "Lat": 52.1893
      },
      {
        "Brigade": "3",
        "Time": "2017-05-14 08:00:48",
        "Lines": "31",
        "Lon": 21.02,
        "Lat": 52.1894
      },
      {
        "Brigade": "3",
        "Time": "2017-05-14 08:01:03",
        "Lines": "31",
        "Lon": 21.02,
        "Lat": 52.1894
      },
      {
        "Brigade": "3",
        "Time": "2017-05-14 08:01:03",
        "Lines": "31",
        "Lon": 21.02,
        "Lat": 52.1894
      },
      {
        "Brigade": "3",
        "Time": "2017-05-14 08:01:13",
        "Lines": "31",
        "Lon": 21.02,
        "Lat": 52.1894
      },
      {
        "Brigade": "3",
        "Time": "2017-05-14 08:01:23",
        "Lines": "31",
        "Lon": 21.02,
        "Lat": 52.1894
      },
      {
        "Brigade": "3",
        "Time": "2017-05-14 08:01:33",
        "Lines": "31",
        "Lon": 21.02,
        "Lat": 52.1894
      },
      {
        "Brigade": "3",
        "Time": "2017-05-14 08:01:43",
        "Lines": "31",
        "Lon": 21.02,
        "Lat": 52.1894
      },
      {
        "Brigade": "3",
        "Time": "2017-05-14 08:01:53",
        "Lines": "31",
        "Lon": 21.02,
        "Lat": 52.1894
      },
      {
        "Brigade": "3",
        "Time": "2017-05-14 08:02:08",
        "Lines": "31",
        "Lon": 21.02,
        "Lat": 52.1894
      },
      {
        "Brigade": "3",
        "Time": "2017-05-14 08:02:18",
        "Lines": "31",
        "Lon": 21.02,
        "Lat": 52.1894
      },
      {
        "Brigade": "3",
        "Time": "2017-05-14 08:02:28",
        "Lines": "31",
        "Lon": 21.02,
        "Lat": 52.1894
      },
      {
        "Brigade": "3",
        "Time": "2017-05-14 08:02:33",
        "Lines": "31",
        "Lon": 21.02,
        "Lat": 52.1894
      },
      {
        "Brigade": "3",
        "Time": "2017-05-14 08:02:48",
        "Lines": "31",
        "Lon": 21.02,
        "Lat": 52.1894
      },
      {
        "Brigade": "3",
        "Time": "2017-05-14 08:02:48",
        "Lines": "31",
        "Lon": 21.02,
        "Lat": 52.1894
      },
      {
        "Brigade": "3",
        "Time": "2017-05-14 08:02:58",
        "Lines": "31",
        "Lon": 21.02,
        "Lat": 52.1894
      },
      {
        "Brigade": "3",
        "Time": "2017-05-14 08:03:13",
        "Lines": "31",
        "Lon": 21.02,
        "Lat": 52.1894
      },
      {
        "Brigade": "3",
        "Time": "2017-05-14 08:03:23",
        "Lines": "31",
        "Lon": 21.02,
        "Lat": 52.1894
      },
      {
        "Brigade": "3",
        "Time": "2017-05-14 08:03:33",
        "Lines": "31",
        "Lon": 21.02,
        "Lat": 52.1894
      },
      {
        "Brigade": "3",
        "Time": "2017-05-14 08:03:33",
        "Lines": "31",
        "Lon": 21.02,
        "Lat": 52.1894
      },
      {
        "Brigade": "3",
        "Time": "2017-05-14 08:03:33",
        "Lines": "31",
        "Lon": 21.02,
        "Lat": 52.1894
      },
      {
        "Brigade": "3",
        "Time": "2017-05-14 08:03:33",
        "Lines": "31",
        "Lon": 21.02,
        "Lat": 52.1894
      },
      {
        "Brigade": "3",
        "Time": "2017-05-14 08:03:33",
        "Lines": "31",
        "Lon": 21.02,
        "Lat": 52.1894
      },
      {
        "Brigade": "3",
        "Time": "2017-05-14 08:03:33",
        "Lines": "31",
        "Lon": 21.02,
        "Lat": 52.1894
      },
      {
        "Brigade": "3",
        "Time": "2017-05-14 08:03:33",
        "Lines": "31",
        "Lon": 21.02,
        "Lat": 52.1894
      },
      {
        "Brigade": "3",
        "Time": "2017-05-14 08:03:33",
        "Lines": "31",
        "Lon": 21.02,
        "Lat": 52.1894
      },
      {
        "Brigade": "3",
        "Time": "2017-05-14 08:03:33",
        "Lines": "31",
        "Lon": 21.02,
        "Lat": 52.1894
      },
      {
        "Brigade": "3",
        "Time": "2017-05-14 08:03:33",
        "Lines": "31",
        "Lon": 21.02,
        "Lat": 52.1894
      },
      {
        "Brigade": "3",
        "Time": "2017-05-14 08:05:16",
        "Lines": "31",
        "Lon": 21.0199,
        "Lat": 52.1894
      },
      {
        "Brigade": "3",
        "Time": "2017-05-14 08:05:23",
        "Lines": "31",
        "Lon": 21.0199,
        "Lat": 52.1894
      },
      {
        "Brigade": "3",
        "Time": "2017-05-14 08:05:33",
        "Lines": "31",
        "Lon": 21.0199,
        "Lat": 52.1894
      },
      {
        "Brigade": "3",
        "Time": "2017-05-14 08:05:48",
        "Lines": "31",
        "Lon": 21.0199,
        "Lat": 52.1894
      },
      {
        "Brigade": "3",
        "Time": "2017-05-14 08:05:55",
        "Lines": "31",
        "Lon": 21.0199,
        "Lat": 52.1894
      },
      {
        "Brigade": "3",
        "Time": "2017-05-14 08:06:11",
        "Lines": "31",
        "Lon": 21.0199,
        "Lat": 52.1894
      },
      {
        "Brigade": "3",
        "Time": "2017-05-14 08:06:21",
        "Lines": "31",
        "Lon": 21.0199,
        "Lat": 52.1894
      },
      {
        "Brigade": "3",
        "Time": "2017-05-14 08:06:31",
        "Lines": "31",
        "Lon": 21.0199,
        "Lat": 52.1894
      },
      {
        "Brigade": "3",
        "Time": "2017-05-14 08:06:31",
        "Lines": "31",
        "Lon": 21.0199,
        "Lat": 52.1894
      },
      {
        "Brigade": "3",
        "Time": "2017-05-14 08:06:41",
        "Lines": "31",
        "Lon": 21.0199,
        "Lat": 52.1894
      },
      {
        "Brigade": "3",
        "Time": "2017-05-14 08:06:51",
        "Lines": "31",
        "Lon": 21.0199,
        "Lat": 52.1894
      },
      {
        "Brigade": "3",
        "Time": "2017-05-14 08:07:06",
        "Lines": "31",
        "Lon": 21.0199,
        "Lat": 52.1894
      },
      {
        "Brigade": "3",
        "Time": "2017-05-14 08:07:16",
        "Lines": "31",
        "Lon": 21.0199,
        "Lat": 52.1894
      },
      {
        "Brigade": "3",
        "Time": "2017-05-14 08:07:26",
        "Lines": "31",
        "Lon": 21.0199,
        "Lat": 52.1894
      },
      {
        "Brigade": "3",
        "Time": "2017-05-14 08:07:36",
        "Lines": "31",
        "Lon": 21.0199,
        "Lat": 52.1894
      },
      {
        "Brigade": "3",
        "Time": "2017-05-14 08:07:46",
        "Lines": "31",
        "Lon": 21.0199,
        "Lat": 52.1894
      },
      {
        "Brigade": "3",
        "Time": "2017-05-14 08:08:01",
        "Lines": "31",
        "Lon": 21.0199,
        "Lat": 52.1894
      },
      {
        "Brigade": "3",
        "Time": "2017-05-14 08:08:11",
        "Lines": "31",
        "Lon": 21.0199,
        "Lat": 52.1894
      },
      {
        "Brigade": "3",
        "Time": "2017-05-14 08:08:21",
        "Lines": "31",
        "Lon": 21.02,
        "Lat": 52.1894
      },
      {
        "Brigade": "3",
        "Time": "2017-05-14 08:08:21",
        "Lines": "31",
        "Lon": 21.02,
        "Lat": 52.1894
      },
      {
        "Brigade": "3",
        "Time": "2017-05-14 08:08:31",
        "Lines": "31",
        "Lon": 21.02,
        "Lat": 52.1894
      },
      {
        "Brigade": "3",
        "Time": "2017-05-14 08:08:41",
        "Lines": "31",
        "Lon": 21.02,
        "Lat": 52.1894
      },
      {
        "Brigade": "3",
        "Time": "2017-05-14 08:08:56",
        "Lines": "31",
        "Lon": 21.02,
        "Lat": 52.1894
      },
      {
        "Brigade": "3",
        "Time": "2017-05-14 08:09:06",
        "Lines": "31",
        "Lon": 21.02,
        "Lat": 52.1894
      },
      {
        "Brigade": "3",
        "Time": "2017-05-14 08:09:16",
        "Lines": "31",
        "Lon": 21.02,
        "Lat": 52.1894
      },
      {
        "Brigade": "3",
        "Time": "2017-05-14 08:09:26",
        "Lines": "31",
        "Lon": 21.0199,
        "Lat": 52.1894
      },
      {
        "Brigade": "3",
        "Time": "2017-05-14 08:09:41",
        "Lines": "31",
        "Lon": 21.0199,
        "Lat": 52.1894
      },
      {
        "Brigade": "3",
        "Time": "2017-05-14 08:09:51",
        "Lines": "31",
        "Lon": 21.0197,
        "Lat": 52.1893
      },
      {
        "Brigade": "3",
        "Time": "2017-05-14 08:10:01",
        "Lines": "31",
        "Lon": 21.019,
        "Lat": 52.1892
      },
      {
        "Brigade": "3",
        "Time": "2017-05-14 08:10:01",
        "Lines": "31",
        "Lon": 21.019,
        "Lat": 52.1892
      },
      {
        "Brigade": "3",
        "Time": "2017-05-14 08:10:14",
        "Lines": "31",
        "Lon": 21.0182,
        "Lat": 52.1891
      },
      {
        "Brigade": "3",
        "Time": "2017-05-14 08:10:21",
        "Lines": "31",
        "Lon": 21.0182,
        "Lat": 52.1891
      },
      {
        "Brigade": "3",
        "Time": "2017-05-14 08:10:36",
        "Lines": "31",
        "Lon": 21.0182,
        "Lat": 52.1891
      },
      {
        "Brigade": "3",
        "Time": "2017-05-14 08:10:46",
        "Lines": "31",
        "Lon": 21.0182,
        "Lat": 52.1891
      },
      {
        "Brigade": "3",
        "Time": "2017-05-14 08:10:51",
        "Lines": "31",
        "Lon": 21.0181,
        "Lat": 52.1891
      },
      {
        "Brigade": "3",
        "Time": "2017-05-14 08:11:09",
        "Lines": "31",
        "Lon": 21.0157,
        "Lat": 52.189
      },
      {
        "Brigade": "3",
        "Time": "2017-05-14 08:11:19",
        "Lines": "31",
        "Lon": 21.0142,
        "Lat": 52.1889
      },
      {
        "Brigade": "3",
        "Time": "2017-05-14 08:11:29",
        "Lines": "31",
        "Lon": 21.0127,
        "Lat": 52.1889
      },
      {
        "Brigade": "3",
        "Time": "2017-05-14 08:11:39",
        "Lines": "31",
        "Lon": 21.0123,
        "Lat": 52.1889
      },
      {
        "Brigade": "3",
        "Time": "2017-05-14 08:11:49",
        "Lines": "31",
        "Lon": 21.0123,
        "Lat": 52.1889
      },
      {
        "Brigade": "3",
        "Time": "2017-05-14 08:11:49",
        "Lines": "31",
        "Lon": 21.0123,
        "Lat": 52.1889
      },
      {
        "Brigade": "3",
        "Time": "2017-05-14 08:11:59",
        "Lines": "31",
        "Lon": 21.0123,
        "Lat": 52.1889
      },
      {
        "Brigade": "3",
        "Time": "2017-05-14 08:12:15",
        "Lines": "31",
        "Lon": 21.0117,
        "Lat": 52.1889
      },
      {
        "Brigade": "3",
        "Time": "2017-05-14 08:12:22",
        "Lines": "31",
        "Lon": 21.0105,
        "Lat": 52.1889
      },
      {
        "Brigade": "3",
        "Time": "2017-05-14 08:12:37",
        "Lines": "31",
        "Lon": 21.0085,
        "Lat": 52.1889
      },
      {
        "Brigade": "3",
        "Time": "2017-05-14 08:12:47",
        "Lines": "31",
        "Lon": 21.008,
        "Lat": 52.1889
      },
      {
        "Brigade": "3",
        "Time": "2017-05-14 08:12:47",
        "Lines": "31",
        "Lon": 21.008,
        "Lat": 52.1889
      },
      {
        "Brigade": "3",
        "Time": "2017-05-14 08:13:09",
        "Lines": "31",
        "Lon": 21.0079,
        "Lat": 52.1889
      },
      {
        "Brigade": "3",
        "Time": "2017-05-14 08:13:19",
        "Lines": "31",
        "Lon": 21.007,
        "Lat": 52.1889
      },
      {
        "Brigade": "3",
        "Time": "2017-05-14 08:13:29",
        "Lines": "31",
        "Lon": 21.0057,
        "Lat": 52.1889
      },
      {
        "Brigade": "3",
        "Time": "2017-05-14 08:13:39",
        "Lines": "31",
        "Lon": 21.0046,
        "Lat": 52.1888
      },
      {
        "Brigade": "3",
        "Time": "2017-05-14 08:13:39",
        "Lines": "31",
        "Lon": 21.0046,
        "Lat": 52.1888
      },
      {
        "Brigade": "3",
        "Time": "2017-05-14 08:13:49",
        "Lines": "31",
        "Lon": 21.0038,
        "Lat": 52.1888
      },
      {
        "Brigade": "3",
        "Time": "2017-05-14 08:14:04",
        "Lines": "31",
        "Lon": 21.0029,
        "Lat": 52.1888
      },
      {
        "Brigade": "3",
        "Time": "2017-05-14 08:14:14",
        "Lines": "31",
        "Lon": 21.0029,
        "Lat": 52.1888
      },
      {
        "Brigade": "3",
        "Time": "2017-05-14 08:14:24",
        "Lines": "31",
        "Lon": 21.0029,
        "Lat": 52.1888
      },
      {
        "Brigade": "3",
        "Time": "2017-05-14 08:14:35",
        "Lines": "31",
        "Lon": 21.0024,
        "Lat": 52.1888
      },
      {
        "Brigade": "3",
        "Time": "2017-05-14 08:14:49",
        "Lines": "31",
        "Lon": 21.0019,
        "Lat": 52.1883
      },
      {
        "Brigade": "3",
        "Time": "2017-05-14 08:14:59",
        "Lines": "31",
        "Lon": 21.0019,
        "Lat": 52.1882
      },
      {
        "Brigade": "3",
        "Time": "2017-05-14 08:15:09",
        "Lines": "31",
        "Lon": 21.002,
        "Lat": 52.188
      },
      {
        "Brigade": "3",
        "Time": "2017-05-14 08:15:19",
        "Lines": "31",
        "Lon": 21.002,
        "Lat": 52.1874
      },
      {
        "Brigade": "3",
        "Time": "2017-05-14 08:15:19",
        "Lines": "31",
        "Lon": 21.002,
        "Lat": 52.1874
      },
      {
        "Brigade": "3",
        "Time": "2017-05-14 08:15:29",
        "Lines": "31",
        "Lon": 21.002,
        "Lat": 52.1867
      },
      {
        "Brigade": "3",
        "Time": "2017-05-14 08:15:44",
        "Lines": "31",
        "Lon": 21.002,
        "Lat": 52.1861
      },
      {
        "Brigade": "3",
        "Time": "2017-05-14 08:15:49",
        "Lines": "31",
        "Lon": 21.002,
        "Lat": 52.1861
      },
      {
        "Brigade": "3",
        "Time": "2017-05-14 08:16:04",
        "Lines": "31",
        "Lon": 21.002,
        "Lat": 52.1861
      },
      {
        "Brigade": "3",
        "Time": "2017-05-14 08:16:14",
        "Lines": "31",
        "Lon": 21.002,
        "Lat": 52.1857
      },
      {
        "Brigade": "3",
        "Time": "2017-05-14 08:16:24",
        "Lines": "31",
        "Lon": 21.0021,
        "Lat": 52.1851
      },
      {
        "Brigade": "3",
        "Time": "2017-05-14 08:16:34",
        "Lines": "31",
        "Lon": 21.0021,
        "Lat": 52.1844
      },
      {
        "Brigade": "3",
        "Time": "2017-05-14 08:16:49",
        "Lines": "31",
        "Lon": 21.0021,
        "Lat": 52.1839
      },
      {
        "Brigade": "3",
        "Time": "2017-05-14 08:16:59",
        "Lines": "31",
        "Lon": 21.0021,
        "Lat": 52.1839
      },
      {
        "Brigade": "3",
        "Time": "2017-05-14 08:17:09",
        "Lines": "31",
        "Lon": 21.0021,
        "Lat": 52.1839
      },
      {
        "Brigade": "3",
        "Time": "2017-05-14 08:17:09",
        "Lines": "31",
        "Lon": 21.0021,
        "Lat": 52.1839
      },
      {
        "Brigade": "3",
        "Time": "2017-05-14 08:17:19",
        "Lines": "31",
        "Lon": 21.0021,
        "Lat": 52.184
      },
      {
        "Brigade": "3",
        "Time": "2017-05-14 08:17:34",
        "Lines": "31",
        "Lon": 21.0021,
        "Lat": 52.184
      },
      {
        "Brigade": "3",
        "Time": "2017-05-14 08:17:44",
        "Lines": "31",
        "Lon": 21.0021,
        "Lat": 52.184
      }
    ]
  }
]
