[
  {
    "res": [
      {
        "Brigade": "9",
        "Time": "2017-05-14 06:54:37",
        "Lines": "4",
        "Lon": 21.0072,
        "Lat": 52.1888
      },
      {
        "Brigade": "9",
        "Time": "2017-05-14 06:54:47",
        "Lines": "4",
        "Lon": 21.0072,
        "Lat": 52.1888
      },
      {
        "Brigade": "9",
        "Time": "2017-05-14 06:54:58",
        "Lines": "4",
        "Lon": 21.0072,
        "Lat": 52.1888
      },
      {
        "Brigade": "9",
        "Time": "2017-05-14 06:55:08",
        "Lines": "4",
        "Lon": 21.0072,
        "Lat": 52.1888
      },
      {
        "Brigade": "9",
        "Time": "2017-05-14 06:55:19",
        "Lines": "4",
        "Lon": 21.0072,
        "Lat": 52.1888
      },
      {
        "Brigade": "9",
        "Time": "2017-05-14 06:55:29",
        "Lines": "4",
        "Lon": 21.0072,
        "Lat": 52.1888
      },
      {
        "Brigade": "9",
        "Time": "2017-05-14 06:55:29",
        "Lines": "4",
        "Lon": 21.0072,
        "Lat": 52.1888
      },
      {
        "Brigade": "9",
        "Time": "2017-05-14 06:55:45",
        "Lines": "4",
        "Lon": 21.0072,
        "Lat": 52.1888
      },
      {
        "Brigade": "9",
        "Time": "2017-05-14 06:55:56",
        "Lines": "4",
        "Lon": 21.0082,
        "Lat": 52.1888
      },
      {
        "Brigade": "9",
        "Time": "2017-05-14 06:56:06",
        "Lines": "4",
        "Lon": 21.0103,
        "Lat": 52.1889
      },
      {
        "Brigade": "9",
        "Time": "2017-05-14 06:56:17",
        "Lines": "4",
        "Lon": 21.0115,
        "Lat": 52.1889
      },
      {
        "Brigade": "9",
        "Time": "2017-05-14 06:56:27",
        "Lines": "4",
        "Lon": 21.0115,
        "Lat": 52.1889
      },
      {
        "Brigade": "9",
        "Time": "2017-05-14 06:56:37",
        "Lines": "4",
        "Lon": 21.0115,
        "Lat": 52.1889
      },
      {
        "Brigade": "9",
        "Time": "2017-05-14 06:56:48",
        "Lines": "4",
        "Lon": 21.0115,
        "Lat": 52.1889
      },
      {
        "Brigade": "9",
        "Time": "2017-05-14 06:56:58",
        "Lines": "4",
        "Lon": 21.0115,
        "Lat": 52.1889
      },
      {
        "Brigade": "9",
        "Time": "2017-05-14 06:56:58",
        "Lines": "4",
        "Lon": 21.0115,
        "Lat": 52.1889
      },
      {
        "Brigade": "9",
        "Time": "2017-05-14 06:57:14",
        "Lines": "4",
        "Lon": 21.0125,
        "Lat": 52.1889
      },
      {
        "Brigade": "9",
        "Time": "2017-05-14 06:57:21",
        "Lines": "4",
        "Lon": 21.0135,
        "Lat": 52.1889
      },
      {
        "Brigade": "9",
        "Time": "2017-05-14 06:57:36",
        "Lines": "4",
        "Lon": 21.0163,
        "Lat": 52.189
      },
      {
        "Brigade": "9",
        "Time": "2017-05-14 06:57:46",
        "Lines": "4",
        "Lon": 21.0165,
        "Lat": 52.189
      },
      {
        "Brigade": "9",
        "Time": "2017-05-14 06:57:56",
        "Lines": "4",
        "Lon": 21.0165,
        "Lat": 52.189
      },
      {
        "Brigade": "9",
        "Time": "2017-05-14 06:58:07",
        "Lines": "4",
        "Lon": 21.0165,
        "Lat": 52.189
      },
      {
        "Brigade": "9",
        "Time": "2017-05-14 06:58:17",
        "Lines": "4",
        "Lon": 21.0165,
        "Lat": 52.189
      },
      {
        "Brigade": "9",
        "Time": "2017-05-14 06:58:27",
        "Lines": "4",
        "Lon": 21.0165,
        "Lat": 52.189
      },
      {
        "Brigade": "9",
        "Time": "2017-05-14 06:58:38",
        "Lines": "4",
        "Lon": 21.0165,
        "Lat": 52.189
      },
      {
        "Brigade": "9",
        "Time": "2017-05-14 06:58:38",
        "Lines": "4",
        "Lon": 21.0165,
        "Lat": 52.189
      },
      {
        "Brigade": "9",
        "Time": "2017-05-14 06:58:54",
        "Lines": "4",
        "Lon": 21.0165,
        "Lat": 52.189
      },
      {
        "Brigade": "9",
        "Time": "2017-05-14 06:59:04",
        "Lines": "4",
        "Lon": 21.0165,
        "Lat": 52.189
      },
      {
        "Brigade": "9",
        "Time": "2017-05-14 06:59:15",
        "Lines": "4",
        "Lon": 21.0166,
        "Lat": 52.189
      },
      {
        "Brigade": "9",
        "Time": "2017-05-14 06:59:25",
        "Lines": "4",
        "Lon": 21.0181,
        "Lat": 52.1891
      },
      {
        "Brigade": "9",
        "Time": "2017-05-14 06:59:36",
        "Lines": "4",
        "Lon": 21.0191,
        "Lat": 52.1892
      },
      {
        "Brigade": "9",
        "Time": "2017-05-14 06:59:46",
        "Lines": "4",
        "Lon": 21.0198,
        "Lat": 52.1893
      },
      {
        "Brigade": "9",
        "Time": "2017-05-14 06:59:57",
        "Lines": "4",
        "Lon": 21.0206,
        "Lat": 52.1894
      },
      {
        "Brigade": "9",
        "Time": "2017-05-14 07:00:12",
        "Lines": "4",
        "Lon": 21.0215,
        "Lat": 52.1896
      },
      {
        "Brigade": "9",
        "Time": "2017-05-14 07:00:23",
        "Lines": "4",
        "Lon": 21.0215,
        "Lat": 52.1896
      },
      {
        "Brigade": "9",
        "Time": "2017-05-14 07:00:23",
        "Lines": "4",
        "Lon": 21.0215,
        "Lat": 52.1896
      },
      {
        "Brigade": "9",
        "Time": "2017-05-14 07:00:33",
        "Lines": "4",
        "Lon": 21.0215,
        "Lat": 52.1896
      },
      {
        "Brigade": "9",
        "Time": "2017-05-14 07:00:44",
        "Lines": "4",
        "Lon": 21.0221,
        "Lat": 52.1896
      },
      {
        "Brigade": "9",
        "Time": "2017-05-14 07:00:55",
        "Lines": "4",
        "Lon": 21.0236,
        "Lat": 52.1898
      },
      {
        "Brigade": "9",
        "Time": "2017-05-14 07:01:00",
        "Lines": "4",
        "Lon": 21.0239,
        "Lat": 52.1898
      },
      {
        "Brigade": "9",
        "Time": "2017-05-14 07:01:00",
        "Lines": "4",
        "Lon": 21.0239,
        "Lat": 52.1898
      },
      {
        "Brigade": "9",
        "Time": "2017-05-14 07:01:26",
        "Lines": "4",
        "Lon": 21.0239,
        "Lat": 52.1898
      },
      {
        "Brigade": "9",
        "Time": "2017-05-14 07:01:41",
        "Lines": "4",
        "Lon": 21.0239,
        "Lat": 52.1898
      },
      {
        "Brigade": "9",
        "Time": "2017-05-14 07:01:52",
        "Lines": "4",
        "Lon": 21.0239,
        "Lat": 52.1898
      },
      {
        "Brigade": "9",
        "Time": "2017-05-14 07:02:02",
        "Lines": "4",
        "Lon": 21.0239,
        "Lat": 52.1898
      },
      {
        "Brigade": "9",
        "Time": "2017-05-14 07:02:02",
        "Lines": "4",
        "Lon": 21.0239,
        "Lat": 52.1898
      },
      {
        "Brigade": "9",
        "Time": "2017-05-14 07:02:13",
        "Lines": "4",
        "Lon": 21.0239,
        "Lat": 52.1898
      },
      {
        "Brigade": "9",
        "Time": "2017-05-14 07:02:23",
        "Lines": "4",
        "Lon": 21.0239,
        "Lat": 52.1898
      },
      {
        "Brigade": "9",
        "Time": "2017-05-14 07:02:34",
        "Lines": "4",
        "Lon": 21.0239,
        "Lat": 52.1898
      },
      {
        "Brigade": "9",
        "Time": "2017-05-14 07:02:44",
        "Lines": "4",
        "Lon": 21.0244,
        "Lat": 52.1899
      },
      {
        "Brigade": "9",
        "Time": "2017-05-14 07:02:55",
        "Lines": "4",
        "Lon": 21.0245,
        "Lat": 52.1904
      },
      {
        "Brigade": "9",
        "Time": "2017-05-14 07:03:05",
        "Lines": "4",
        "Lon": 21.0245,
        "Lat": 52.1908
      },
      {
        "Brigade": "9",
        "Time": "2017-05-14 07:03:16",
        "Lines": "4",
        "Lon": 21.0245,
        "Lat": 52.1909
      },
      {
        "Brigade": "9",
        "Time": "2017-05-14 07:03:32",
        "Lines": "4",
        "Lon": 21.0244,
        "Lat": 52.1929
      },
      {
        "Brigade": "9",
        "Time": "2017-05-14 07:03:42",
        "Lines": "4",
        "Lon": 21.0243,
        "Lat": 52.1941
      },
      {
        "Brigade": "9",
        "Time": "2017-05-14 07:03:42",
        "Lines": "4",
        "Lon": 21.0243,
        "Lat": 52.1941
      },
      {
        "Brigade": "9",
        "Time": "2017-05-14 07:03:52",
        "Lines": "4",
        "Lon": 21.0243,
        "Lat": 52.1945
      },
      {
        "Brigade": "9",
        "Time": "2017-05-14 07:04:03",
        "Lines": "4",
        "Lon": 21.0243,
        "Lat": 52.1945
      },
      {
        "Brigade": "9",
        "Time": "2017-05-14 07:04:14",
        "Lines": "4",
        "Lon": 21.0243,
        "Lat": 52.1951
      },
      {
        "Brigade": "9",
        "Time": "2017-05-14 07:04:24",
        "Lines": "4",
        "Lon": 21.0242,
        "Lat": 52.1964
      },
      {
        "Brigade": "9",
        "Time": "2017-05-14 07:04:34",
        "Lines": "4",
        "Lon": 21.0242,
        "Lat": 52.1971
      },
      {
        "Brigade": "9",
        "Time": "2017-05-14 07:04:45",
        "Lines": "4",
        "Lon": 21.0242,
        "Lat": 52.1971
      },
      {
        "Brigade": "9",
        "Time": "2017-05-14 07:04:56",
        "Lines": "4",
        "Lon": 21.0241,
        "Lat": 52.1976
      },
      {
        "Brigade": "9",
        "Time": "2017-05-14 07:05:07",
        "Lines": "4",
        "Lon": 21.024,
        "Lat": 52.199
      },
      {
        "Brigade": "9",
        "Time": "2017-05-14 07:05:22",
        "Lines": "4",
        "Lon": 21.0236,
        "Lat": 52.2012
      },
      {
        "Brigade": "9",
        "Time": "2017-05-14 07:05:33",
        "Lines": "4",
        "Lon": 21.0234,
        "Lat": 52.2023
      },
      {
        "Brigade": "9",
        "Time": "2017-05-14 07:05:33",
        "Lines": "4",
        "Lon": 21.0234,
        "Lat": 52.2023
      },
      {
        "Brigade": "9",
        "Time": "2017-05-14 07:05:43",
        "Lines": "4",
        "Lon": 21.0234,
        "Lat": 52.2026
      },
      {
        "Brigade": "9",
        "Time": "2017-05-14 07:05:54",
        "Lines": "4",
        "Lon": 21.0234,
        "Lat": 52.2026
      },
      {
        "Brigade": "9",
        "Time": "2017-05-14 07:06:04",
        "Lines": "4",
        "Lon": 21.0233,
        "Lat": 52.2032
      },
      {
        "Brigade": "9",
        "Time": "2017-05-14 07:06:16",
        "Lines": "4",
        "Lon": 21.023,
        "Lat": 52.2045
      },
      {
        "Brigade": "9",
        "Time": "2017-05-14 07:06:20",
        "Lines": "4",
        "Lon": 21.023,
        "Lat": 52.2049
      },
      {
        "Brigade": "9",
        "Time": "2017-05-14 07:06:35",
        "Lines": "4",
        "Lon": 21.0229,
        "Lat": 52.2053
      },
      {
        "Brigade": "9",
        "Time": "2017-05-14 07:06:46",
        "Lines": "4",
        "Lon": 21.0229,
        "Lat": 52.2053
      },
      {
        "Brigade": "9",
        "Time": "2017-05-14 07:07:01",
        "Lines": "4",
        "Lon": 21.0229,
        "Lat": 52.2053
      },
      {
        "Brigade": "9",
        "Time": "2017-05-14 07:07:12",
        "Lines": "4",
        "Lon": 21.0229,
        "Lat": 52.2054
      },
      {
        "Brigade": "9",
        "Time": "2017-05-14 07:07:12",
        "Lines": "4",
        "Lon": 21.0229,
        "Lat": 52.2054
      },
      {
        "Brigade": "9",
        "Time": "2017-05-14 07:07:22",
        "Lines": "4",
        "Lon": 21.0225,
        "Lat": 52.2064
      },
      {
        "Brigade": "9",
        "Time": "2017-05-14 07:07:33",
        "Lines": "4",
        "Lon": 21.0219,
        "Lat": 52.2079
      },
      {
        "Brigade": "9",
        "Time": "2017-05-14 07:07:44",
        "Lines": "4",
        "Lon": 21.0215,
        "Lat": 52.209
      },
      {
        "Brigade": "9",
        "Time": "2017-05-14 07:07:54",
        "Lines": "4",
        "Lon": 21.0213,
        "Lat": 52.2095
      },
      {
        "Brigade": "9",
        "Time": "2017-05-14 07:08:04",
        "Lines": "4",
        "Lon": 21.0213,
        "Lat": 52.2096
      },
      {
        "Brigade": "9",
        "Time": "2017-05-14 07:08:11",
        "Lines": "4",
        "Lon": 21.0213,
        "Lat": 52.2096
      },
      {
        "Brigade": "9",
        "Time": "2017-05-14 07:08:30",
        "Lines": "4",
        "Lon": 21.0209,
        "Lat": 52.2103
      },
      {
        "Brigade": "9",
        "Time": "2017-05-14 07:08:41",
        "Lines": "4",
        "Lon": 21.0208,
        "Lat": 52.2106
      },
      {
        "Brigade": "9",
        "Time": "2017-05-14 07:08:51",
        "Lines": "4",
        "Lon": 21.0208,
        "Lat": 52.2106
      },
      {
        "Brigade": "9",
        "Time": "2017-05-14 07:09:02",
        "Lines": "4",
        "Lon": 21.0208,
        "Lat": 52.2106
      },
      {
        "Brigade": "9",
        "Time": "2017-05-14 07:09:02",
        "Lines": "4",
        "Lon": 21.0208,
        "Lat": 52.2106
      },
      {
        "Brigade": "9",
        "Time": "2017-05-14 07:09:12",
        "Lines": "4",
        "Lon": 21.0208,
        "Lat": 52.2106
      },
      {
        "Brigade": "9",
        "Time": "2017-05-14 07:09:23",
        "Lines": "4",
        "Lon": 21.0208,
        "Lat": 52.2106
      },
      {
        "Brigade": "9",
        "Time": "2017-05-14 07:09:33",
        "Lines": "4",
        "Lon": 21.0207,
        "Lat": 52.2108
      },
      {
        "Brigade": "9",
        "Time": "2017-05-14 07:09:44",
        "Lines": "4",
        "Lon": 21.0206,
        "Lat": 52.2119
      },
      {
        "Brigade": "9",
        "Time": "2017-05-14 07:09:54",
        "Lines": "4",
        "Lon": 21.0212,
        "Lat": 52.2128
      },
      {
        "Brigade": "9",
        "Time": "2017-05-14 07:10:05",
        "Lines": "4",
        "Lon": 21.0213,
        "Lat": 52.2131
      },
      {
        "Brigade": "9",
        "Time": "2017-05-14 07:10:15",
        "Lines": "4",
        "Lon": 21.0213,
        "Lat": 52.2131
      },
      {
        "Brigade": "9",
        "Time": "2017-05-14 07:10:31",
        "Lines": "4",
        "Lon": 21.0213,
        "Lat": 52.2131
      },
      {
        "Brigade": "9",
        "Time": "2017-05-14 07:10:41",
        "Lines": "4",
        "Lon": 21.0213,
        "Lat": 52.2131
      },
      {
        "Brigade": "9",
        "Time": "2017-05-14 07:10:53",
        "Lines": "4",
        "Lon": 21.0214,
        "Lat": 52.2132
      },
      {
        "Brigade": "9",
        "Time": "2017-05-14 07:10:53",
        "Lines": "4",
        "Lon": 21.0214,
        "Lat": 52.2132
      },
      {
        "Brigade": "9",
        "Time": "2017-05-14 07:11:02",
        "Lines": "4",
        "Lon": 21.0213,
        "Lat": 52.214
      },
      {
        "Brigade": "9",
        "Time": "2017-05-14 07:11:13",
        "Lines": "4",
        "Lon": 21.021,
        "Lat": 52.2145
      },
      {
        "Brigade": "9",
        "Time": "2017-05-14 07:11:24",
        "Lines": "4",
        "Lon": 21.021,
        "Lat": 52.2145
      },
      {
        "Brigade": "9",
        "Time": "2017-05-14 07:11:34",
        "Lines": "4",
        "Lon": 21.0209,
        "Lat": 52.2147
      },
      {
        "Brigade": "9",
        "Time": "2017-05-14 07:11:44",
        "Lines": "4",
        "Lon": 21.0204,
        "Lat": 52.2156
      },
      {
        "Brigade": "9",
        "Time": "2017-05-14 07:11:55",
        "Lines": "4",
        "Lon": 21.0196,
        "Lat": 52.217
      },
      {
        "Brigade": "9",
        "Time": "2017-05-14 07:12:08",
        "Lines": "4",
        "Lon": 21.0189,
        "Lat": 52.2181
      },
      {
        "Brigade": "9",
        "Time": "2017-05-14 07:12:16",
        "Lines": "4",
        "Lon": 21.0183,
        "Lat": 52.2191
      },
      {
        "Brigade": "9",
        "Time": "2017-05-14 07:12:21",
        "Lines": "4",
        "Lon": 21.0181,
        "Lat": 52.2194
      },
      {
        "Brigade": "9",
        "Time": "2017-05-14 07:12:42",
        "Lines": "4",
        "Lon": 21.0181,
        "Lat": 52.2195
      },
      {
        "Brigade": "9",
        "Time": "2017-05-14 07:12:42",
        "Lines": "4",
        "Lon": 21.0181,
        "Lat": 52.2195
      },
      {
        "Brigade": "9",
        "Time": "2017-05-14 07:12:53",
        "Lines": "4",
        "Lon": 21.0179,
        "Lat": 52.2198
      },
      {
        "Brigade": "9",
        "Time": "2017-05-14 07:13:03",
        "Lines": "4",
        "Lon": 21.0176,
        "Lat": 52.2203
      },
      {
        "Brigade": "9",
        "Time": "2017-05-14 07:13:14",
        "Lines": "4",
        "Lon": 21.0172,
        "Lat": 52.221
      },
      {
        "Brigade": "9",
        "Time": "2017-05-14 07:13:24",
        "Lines": "4",
        "Lon": 21.0169,
        "Lat": 52.2215
      },
      {
        "Brigade": "9",
        "Time": "2017-05-14 07:13:35",
        "Lines": "4",
        "Lon": 21.0169,
        "Lat": 52.2215
      },
      {
        "Brigade": "9",
        "Time": "2017-05-14 07:13:45",
        "Lines": "4",
        "Lon": 21.0169,
        "Lat": 52.2215
      },
      {
        "Brigade": "9",
        "Time": "2017-05-14 07:13:56",
        "Lines": "4",
        "Lon": 21.0169,
        "Lat": 52.2215
      },
      {
        "Brigade": "9",
        "Time": "2017-05-14 07:14:11",
        "Lines": "4",
        "Lon": 21.0166,
        "Lat": 52.222
      },
      {
        "Brigade": "9",
        "Time": "2017-05-14 07:14:16",
        "Lines": "4",
        "Lon": 21.0163,
        "Lat": 52.2224
      },
      {
        "Brigade": "9",
        "Time": "2017-05-14 07:14:32",
        "Lines": "4",
        "Lon": 21.0161,
        "Lat": 52.2229
      },
      {
        "Brigade": "9",
        "Time": "2017-05-14 07:14:32",
        "Lines": "4",
        "Lon": 21.0161,
        "Lat": 52.2229
      },
      {
        "Brigade": "9",
        "Time": "2017-05-14 07:14:43",
        "Lines": "4",
        "Lon": 21.0161,
        "Lat": 52.2229
      },
      {
        "Brigade": "9",
        "Time": "2017-05-14 07:14:53",
        "Lines": "4",
        "Lon": 21.0161,
        "Lat": 52.2229
      },
      {
        "Brigade": "9",
        "Time": "2017-05-14 07:14:59",
        "Lines": "4",
        "Lon": 21.0161,
        "Lat": 52.2229
      },
      {
        "Brigade": "9",
        "Time": "2017-05-14 07:15:14",
        "Lines": "4",
        "Lon": 21.0153,
        "Lat": 52.2238
      },
      {
        "Brigade": "9",
        "Time": "2017-05-14 07:15:25",
        "Lines": "4",
        "Lon": 21.0147,
        "Lat": 52.2249
      },
      {
        "Brigade": "9",
        "Time": "2017-05-14 07:15:35",
        "Lines": "4",
        "Lon": 21.0141,
        "Lat": 52.2258
      },
      {
        "Brigade": "9",
        "Time": "2017-05-14 07:15:51",
        "Lines": "4",
        "Lon": 21.0141,
        "Lat": 52.2259
      },
      {
        "Brigade": "9",
        "Time": "2017-05-14 07:15:56",
        "Lines": "4",
        "Lon": 21.0141,
        "Lat": 52.2259
      },
      {
        "Brigade": "9",
        "Time": "2017-05-14 07:16:12",
        "Lines": "4",
        "Lon": 21.0136,
        "Lat": 52.2267
      },
      {
        "Brigade": "9",
        "Time": "2017-05-14 07:16:22",
        "Lines": "4",
        "Lon": 21.0135,
        "Lat": 52.2269
      },
      {
        "Brigade": "9",
        "Time": "2017-05-14 07:16:22",
        "Lines": "4",
        "Lon": 21.0135,
        "Lat": 52.2269
      },
      {
        "Brigade": "9",
        "Time": "2017-05-14 07:16:33",
        "Lines": "4",
        "Lon": 21.0135,
        "Lat": 52.2269
      },
      {
        "Brigade": "9",
        "Time": "2017-05-14 07:16:43",
        "Lines": "4",
        "Lon": 21.0134,
        "Lat": 52.2271
      },
      {
        "Brigade": "9",
        "Time": "2017-05-14 07:16:55",
        "Lines": "4",
        "Lon": 21.0129,
        "Lat": 52.2279
      },
      {
        "Brigade": "9",
        "Time": "2017-05-14 07:17:04",
        "Lines": "4",
        "Lon": 21.0122,
        "Lat": 52.2291
      },
      {
        "Brigade": "9",
        "Time": "2017-05-14 07:17:15",
        "Lines": "4",
        "Lon": 21.0119,
        "Lat": 52.2295
      },
      {
        "Brigade": "9",
        "Time": "2017-05-14 07:17:25",
        "Lines": "4",
        "Lon": 21.0119,
        "Lat": 52.2295
      },
      {
        "Brigade": "9",
        "Time": "2017-05-14 07:17:36",
        "Lines": "4",
        "Lon": 21.0119,
        "Lat": 52.2295
      },
      {
        "Brigade": "9",
        "Time": "2017-05-14 07:17:52",
        "Lines": "4",
        "Lon": 21.0119,
        "Lat": 52.2295
      },
      {
        "Brigade": "9",
        "Time": "2017-05-14 07:17:57",
        "Lines": "4",
        "Lon": 21.0119,
        "Lat": 52.2295
      },
      {
        "Brigade": "9",
        "Time": "2017-05-14 07:18:13",
        "Lines": "4",
        "Lon": 21.0117,
        "Lat": 52.2299
      },
      {
        "Brigade": "9",
        "Time": "2017-05-14 07:18:13",
        "Lines": "4",
        "Lon": 21.0117,
        "Lat": 52.2299
      },
      {
        "Brigade": "9",
        "Time": "2017-05-14 07:18:23",
        "Lines": "4",
        "Lon": 21.0113,
        "Lat": 52.2306
      },
      {
        "Brigade": "9",
        "Time": "2017-05-14 07:18:33",
        "Lines": "4",
        "Lon": 21.0105,
        "Lat": 52.232
      },
      {
        "Brigade": "9",
        "Time": "2017-05-14 07:18:45",
        "Lines": "4",
        "Lon": 21.0096,
        "Lat": 52.2333
      },
      {
        "Brigade": "9",
        "Time": "2017-05-14 07:18:55",
        "Lines": "4",
        "Lon": 21.009,
        "Lat": 52.2344
      },
      {
        "Brigade": "9",
        "Time": "2017-05-14 07:19:06",
        "Lines": "4",
        "Lon": 21.0087,
        "Lat": 52.2349
      },
      {
        "Brigade": "9",
        "Time": "2017-05-14 07:19:17",
        "Lines": "4",
        "Lon": 21.0087,
        "Lat": 52.2349
      },
      {
        "Brigade": "9",
        "Time": "2017-05-14 07:19:26",
        "Lines": "4",
        "Lon": 21.0086,
        "Lat": 52.235
      },
      {
        "Brigade": "9",
        "Time": "2017-05-14 07:19:37",
        "Lines": "4",
        "Lon": 21.0081,
        "Lat": 52.236
      },
      {
        "Brigade": "9",
        "Time": "2017-05-14 07:19:48",
        "Lines": "4",
        "Lon": 21.0075,
        "Lat": 52.237
      },
      {
        "Brigade": "9",
        "Time": "2017-05-14 07:20:03",
        "Lines": "4",
        "Lon": 21.007,
        "Lat": 52.2378
      },
      {
        "Brigade": "9",
        "Time": "2017-05-14 07:20:03",
        "Lines": "4",
        "Lon": 21.007,
        "Lat": 52.2378
      },
      {
        "Brigade": "9",
        "Time": "2017-05-14 07:20:13",
        "Lines": "4",
        "Lon": 21.0069,
        "Lat": 52.238
      },
      {
        "Brigade": "9",
        "Time": "2017-05-14 07:20:24",
        "Lines": "4",
        "Lon": 21.0067,
        "Lat": 52.2383
      },
      {
        "Brigade": "9",
        "Time": "2017-05-14 07:20:34",
        "Lines": "4",
        "Lon": 21.0061,
        "Lat": 52.2388
      },
      {
        "Brigade": "9",
        "Time": "2017-05-14 07:20:39",
        "Lines": "4",
        "Lon": 21.0059,
        "Lat": 52.239
      },
      {
        "Brigade": "9",
        "Time": "2017-05-14 07:20:56",
        "Lines": "4",
        "Lon": 21.0057,
        "Lat": 52.2391
      },
      {
        "Brigade": "9",
        "Time": "2017-05-14 07:21:08",
        "Lines": "4",
        "Lon": 21.0055,
        "Lat": 52.2393
      },
      {
        "Brigade": "9",
        "Time": "2017-05-14 07:21:22",
        "Lines": "4",
        "Lon": 21.005,
        "Lat": 52.2401
      },
      {
        "Brigade": "9",
        "Time": "2017-05-14 07:21:22",
        "Lines": "4",
        "Lon": 21.005,
        "Lat": 52.2401
      },
      {
        "Brigade": "9",
        "Time": "2017-05-14 07:21:22",
        "Lines": "4",
        "Lon": 21.005,
        "Lat": 52.2401
      },
      {
        "Brigade": "9",
        "Time": "2017-05-14 07:21:42",
        "Lines": "4",
        "Lon": 21.004,
        "Lat": 52.2422
      },
      {
        "Brigade": "9",
        "Time": "2017-05-14 07:21:53",
        "Lines": "4",
        "Lon": 21.0031,
        "Lat": 52.243
      },
      {
        "Brigade": "9",
        "Time": "2017-05-14 07:22:03",
        "Lines": "4",
        "Lon": 21.0027,
        "Lat": 52.2433
      },
      {
        "Brigade": "9",
        "Time": "2017-05-14 07:22:14",
        "Lines": "4",
        "Lon": 21.0027,
        "Lat": 52.2433
      },
      {
        "Brigade": "9",
        "Time": "2017-05-14 07:22:24",
        "Lines": "4",
        "Lon": 21.0026,
        "Lat": 52.2433
      },
      {
        "Brigade": "9",
        "Time": "2017-05-14 07:22:35",
        "Lines": "4",
        "Lon": 21.002,
        "Lat": 52.2438
      },
      {
        "Brigade": "9",
        "Time": "2017-05-14 07:22:45",
        "Lines": "4",
        "Lon": 21.0017,
        "Lat": 52.244
      },
      {
        "Brigade": "9",
        "Time": "2017-05-14 07:23:01",
        "Lines": "4",
        "Lon": 21.0017,
        "Lat": 52.2441
      },
      {
        "Brigade": "9",
        "Time": "2017-05-14 07:23:11",
        "Lines": "4",
        "Lon": 21.0017,
        "Lat": 52.2441
      },
      {
        "Brigade": "9",
        "Time": "2017-05-14 07:23:22",
        "Lines": "4",
        "Lon": 21.0017,
        "Lat": 52.2441
      },
      {
        "Brigade": "9",
        "Time": "2017-05-14 07:23:22",
        "Lines": "4",
        "Lon": 21.0017,
        "Lat": 52.2441
      },
      {
        "Brigade": "9",
        "Time": "2017-05-14 07:23:32",
        "Lines": "4",
        "Lon": 21.0017,
        "Lat": 52.2441
      },
      {
        "Brigade": "9",
        "Time": "2017-05-14 07:23:43",
        "Lines": "4",
        "Lon": 21.0017,
        "Lat": 52.2441
      },
      {
        "Brigade": "9",
        "Time": "2017-05-14 07:23:53",
        "Lines": "4",
        "Lon": 21.0016,
        "Lat": 52.2441
      },
      {
        "Brigade": "9",
        "Time": "2017-05-14 07:24:01",
        "Lines": "4",
        "Lon": 21.0015,
        "Lat": 52.2443
      },
      {
        "Brigade": "9",
        "Time": "2017-05-14 07:24:16",
        "Lines": "4",
        "Lon": 21.0024,
        "Lat": 52.2446
      },
      {
        "Brigade": "9",
        "Time": "2017-05-14 07:24:25",
        "Lines": "4",
        "Lon": 21.0027,
        "Lat": 52.2447
      },
      {
        "Brigade": "9",
        "Time": "2017-05-14 07:24:35",
        "Lines": "4",
        "Lon": 21.0027,
        "Lat": 52.2447
      },
      {
        "Brigade": "9",
        "Time": "2017-05-14 07:24:51",
        "Lines": "4",
        "Lon": 21.0041,
        "Lat": 52.2451
      },
      {
        "Brigade": "9",
        "Time": "2017-05-14 07:24:51",
        "Lines": "4",
        "Lon": 21.0041,
        "Lat": 52.2451
      },
      {
        "Brigade": "9",
        "Time": "2017-05-14 07:24:51",
        "Lines": "4",
        "Lon": 21.0041,
        "Lat": 52.2451
      },
      {
        "Brigade": "9",
        "Time": "2017-05-14 07:24:51",
        "Lines": "4",
        "Lon": 21.0041,
        "Lat": 52.2451
      },
      {
        "Brigade": "9",
        "Time": "2017-05-14 07:25:22",
        "Lines": "4",
        "Lon": 21.0103,
        "Lat": 52.2464
      },
      {
        "Brigade": "9",
        "Time": "2017-05-14 07:25:33",
        "Lines": "4",
        "Lon": 21.0124,
        "Lat": 52.2466
      },
      {
        "Brigade": "9",
        "Time": "2017-05-14 07:25:43",
        "Lines": "4",
        "Lon": 21.0143,
        "Lat": 52.2467
      },
      {
        "Brigade": "9",
        "Time": "2017-05-14 07:25:54",
        "Lines": "4",
        "Lon": 21.0155,
        "Lat": 52.2468
      },
      {
        "Brigade": "9",
        "Time": "2017-05-14 07:26:04",
        "Lines": "4",
        "Lon": 21.0156,
        "Lat": 52.2468
      },
      {
        "Brigade": "9",
        "Time": "2017-05-14 07:26:15",
        "Lines": "4",
        "Lon": 21.0156,
        "Lat": 52.2468
      },
      {
        "Brigade": "9",
        "Time": "2017-05-14 07:26:31",
        "Lines": "4",
        "Lon": 21.0179,
        "Lat": 52.2475
      },
      {
        "Brigade": "9",
        "Time": "2017-05-14 07:26:41",
        "Lines": "4",
        "Lon": 21.0199,
        "Lat": 52.2483
      },
      {
        "Brigade": "9",
        "Time": "2017-05-14 07:26:52",
        "Lines": "4",
        "Lon": 21.0217,
        "Lat": 52.2491
      },
      {
        "Brigade": "9",
        "Time": "2017-05-14 07:27:02",
        "Lines": "4",
        "Lon": 21.0237,
        "Lat": 52.25
      },
      {
        "Brigade": "9",
        "Time": "2017-05-14 07:27:02",
        "Lines": "4",
        "Lon": 21.0237,
        "Lat": 52.25
      },
      {
        "Brigade": "9",
        "Time": "2017-05-14 07:27:12",
        "Lines": "4",
        "Lon": 21.0257,
        "Lat": 52.2508
      },
      {
        "Brigade": "9",
        "Time": "2017-05-14 07:27:23",
        "Lines": "4",
        "Lon": 21.0275,
        "Lat": 52.2516
      },
      {
        "Brigade": "9",
        "Time": "2017-05-14 07:27:33",
        "Lines": "4",
        "Lon": 21.0291,
        "Lat": 52.2523
      },
      {
        "Brigade": "9",
        "Time": "2017-05-14 07:27:44",
        "Lines": "4",
        "Lon": 21.0302,
        "Lat": 52.2528
      },
      {
        "Brigade": "9",
        "Time": "2017-05-14 07:27:54",
        "Lines": "4",
        "Lon": 21.0303,
        "Lat": 52.2528
      },
      {
        "Brigade": "9",
        "Time": "2017-05-14 07:28:05",
        "Lines": "4",
        "Lon": 21.0303,
        "Lat": 52.2528
      },
      {
        "Brigade": "9",
        "Time": "2017-05-14 07:28:15",
        "Lines": "4",
        "Lon": 21.0313,
        "Lat": 52.2533
      },
      {
        "Brigade": "9",
        "Time": "2017-05-14 07:28:31",
        "Lines": "4",
        "Lon": 21.0327,
        "Lat": 52.2538
      },
      {
        "Brigade": "9",
        "Time": "2017-05-14 07:28:42",
        "Lines": "4",
        "Lon": 21.0334,
        "Lat": 52.2542
      },
      {
        "Brigade": "9",
        "Time": "2017-05-14 07:28:42",
        "Lines": "4",
        "Lon": 21.0334,
        "Lat": 52.2542
      },
      {
        "Brigade": "9",
        "Time": "2017-05-14 07:28:52",
        "Lines": "4",
        "Lon": 21.0341,
        "Lat": 52.2545
      },
      {
        "Brigade": "9",
        "Time": "2017-05-14 07:28:52",
        "Lines": "4",
        "Lon": 21.0341,
        "Lat": 52.2545
      },
      {
        "Brigade": "9",
        "Time": "2017-05-14 07:29:13",
        "Lines": "4",
        "Lon": 21.0343,
        "Lat": 52.2545
      },
      {
        "Brigade": "9",
        "Time": "2017-05-14 07:29:24",
        "Lines": "4",
        "Lon": 21.0343,
        "Lat": 52.2545
      },
      {
        "Brigade": "9",
        "Time": "2017-05-14 07:29:34",
        "Lines": "4",
        "Lon": 21.0343,
        "Lat": 52.2545
      },
      {
        "Brigade": "9",
        "Time": "2017-05-14 07:29:45",
        "Lines": "4",
        "Lon": 21.0347,
        "Lat": 52.2548
      },
      {
        "Brigade": "9",
        "Time": "2017-05-14 07:29:55",
        "Lines": "4",
        "Lon": 21.0343,
        "Lat": 52.2552
      },
      {
        "Brigade": "9",
        "Time": "2017-05-14 07:30:05",
        "Lines": "4",
        "Lon": 21.0341,
        "Lat": 52.2554
      },
      {
        "Brigade": "9",
        "Time": "2017-05-14 07:30:21",
        "Lines": "4",
        "Lon": 21.0341,
        "Lat": 52.2554
      },
      {
        "Brigade": "9",
        "Time": "2017-05-14 07:30:32",
        "Lines": "4",
        "Lon": 21.0338,
        "Lat": 52.2558
      },
      {
        "Brigade": "9",
        "Time": "2017-05-14 07:30:32",
        "Lines": "4",
        "Lon": 21.0338,
        "Lat": 52.2558
      },
      {
        "Brigade": "9",
        "Time": "2017-05-14 07:30:42",
        "Lines": "4",
        "Lon": 21.0333,
        "Lat": 52.2563
      },
      {
        "Brigade": "9",
        "Time": "2017-05-14 07:30:53",
        "Lines": "4",
        "Lon": 21.0331,
        "Lat": 52.2566
      },
      {
        "Brigade": "9",
        "Time": "2017-05-14 07:31:03",
        "Lines": "4",
        "Lon": 21.0335,
        "Lat": 52.257
      },
      {
        "Brigade": "9",
        "Time": "2017-05-14 07:31:14",
        "Lines": "4",
        "Lon": 21.0342,
        "Lat": 52.2576
      },
      {
        "Brigade": "9",
        "Time": "2017-05-14 07:31:24",
        "Lines": "4",
        "Lon": 21.0347,
        "Lat": 52.2581
      },
      {
        "Brigade": "9",
        "Time": "2017-05-14 07:31:35",
        "Lines": "4",
        "Lon": 21.0347,
        "Lat": 52.2581
      },
      {
        "Brigade": "9",
        "Time": "2017-05-14 07:31:40",
        "Lines": "4",
        "Lon": 21.0347,
        "Lat": 52.2581
      },
      {
        "Brigade": "9",
        "Time": "2017-05-14 07:32:01",
        "Lines": "4",
        "Lon": 21.036,
        "Lat": 52.2592
      },
      {
        "Brigade": "9",
        "Time": "2017-05-14 07:32:11",
        "Lines": "4",
        "Lon": 21.0369,
        "Lat": 52.26
      },
      {
        "Brigade": "9",
        "Time": "2017-05-14 07:32:11",
        "Lines": "4",
        "Lon": 21.0369,
        "Lat": 52.26
      },
      {
        "Brigade": "9",
        "Time": "2017-05-14 07:32:11",
        "Lines": "4",
        "Lon": 21.0369,
        "Lat": 52.26
      },
      {
        "Brigade": "9",
        "Time": "2017-05-14 07:32:32",
        "Lines": "4",
        "Lon": 21.0377,
        "Lat": 52.2619
      },
      {
        "Brigade": "9",
        "Time": "2017-05-14 07:32:43",
        "Lines": "4",
        "Lon": 21.0382,
        "Lat": 52.2632
      },
      {
        "Brigade": "9",
        "Time": "2017-05-14 07:32:54",
        "Lines": "4",
        "Lon": 21.0384,
        "Lat": 52.2639
      },
      {
        "Brigade": "9",
        "Time": "2017-05-14 07:33:04",
        "Lines": "4",
        "Lon": 21.0385,
        "Lat": 52.2643
      },
      {
        "Brigade": "9",
        "Time": "2017-05-14 07:33:14",
        "Lines": "4",
        "Lon": 21.0385,
        "Lat": 52.2643
      },
      {
        "Brigade": "9",
        "Time": "2017-05-14 07:33:25",
        "Lines": "4",
        "Lon": 21.0385,
        "Lat": 52.2647
      },
      {
        "Brigade": "9",
        "Time": "2017-05-14 07:33:35",
        "Lines": "4",
        "Lon": 21.0382,
        "Lat": 52.2657
      },
      {
        "Brigade": "9",
        "Time": "2017-05-14 07:33:40",
        "Lines": "4",
        "Lon": 21.038,
        "Lat": 52.2663
      },
      {
        "Brigade": "9",
        "Time": "2017-05-14 07:34:02",
        "Lines": "4",
        "Lon": 21.0381,
        "Lat": 52.2674
      },
      {
        "Brigade": "9",
        "Time": "2017-05-14 07:34:12",
        "Lines": "4",
        "Lon": 21.0385,
        "Lat": 52.2681
      },
      {
        "Brigade": "9",
        "Time": "2017-05-14 07:34:12",
        "Lines": "4",
        "Lon": 21.0385,
        "Lat": 52.2681
      },
      {
        "Brigade": "9",
        "Time": "2017-05-14 07:34:22",
        "Lines": "4",
        "Lon": 21.0384,
        "Lat": 52.2685
      },
      {
        "Brigade": "9",
        "Time": "2017-05-14 07:34:33",
        "Lines": "4",
        "Lon": 21.0381,
        "Lat": 52.2686
      },
      {
        "Brigade": "9",
        "Time": "2017-05-14 07:34:43",
        "Lines": "4",
        "Lon": 21.0379,
        "Lat": 52.2687
      },
      {
        "Brigade": "9",
        "Time": "2017-05-14 07:34:55",
        "Lines": "4",
        "Lon": 21.0373,
        "Lat": 52.269
      },
      {
        "Brigade": "9",
        "Time": "2017-05-14 07:35:04",
        "Lines": "4",
        "Lon": 21.0368,
        "Lat": 52.2693
      },
      {
        "Brigade": "9",
        "Time": "2017-05-14 07:35:15",
        "Lines": "4",
        "Lon": 21.0365,
        "Lat": 52.2695
      },
      {
        "Brigade": "9",
        "Time": "2017-05-14 07:35:31",
        "Lines": "4",
        "Lon": 21.0365,
        "Lat": 52.2695
      },
      {
        "Brigade": "9",
        "Time": "2017-05-14 07:35:41",
        "Lines": "4",
        "Lon": 21.0358,
        "Lat": 52.2701
      },
      {
        "Brigade": "9",
        "Time": "2017-05-14 07:35:52",
        "Lines": "4",
        "Lon": 21.0346,
        "Lat": 52.2712
      },
      {
        "Brigade": "9",
        "Time": "2017-05-14 07:36:02",
        "Lines": "4",
        "Lon": 21.0332,
        "Lat": 52.2723
      },
      {
        "Brigade": "9",
        "Time": "2017-05-14 07:36:02",
        "Lines": "4",
        "Lon": 21.0332,
        "Lat": 52.2723
      },
      {
        "Brigade": "9",
        "Time": "2017-05-14 07:36:13",
        "Lines": "4",
        "Lon": 21.0322,
        "Lat": 52.2733
      },
      {
        "Brigade": "9",
        "Time": "2017-05-14 07:36:23",
        "Lines": "4",
        "Lon": 21.0316,
        "Lat": 52.2739
      },
      {
        "Brigade": "9",
        "Time": "2017-05-14 07:36:33",
        "Lines": "4",
        "Lon": 21.0315,
        "Lat": 52.274
      },
      {
        "Brigade": "9",
        "Time": "2017-05-14 07:36:44",
        "Lines": "4",
        "Lon": 21.0315,
        "Lat": 52.274
      },
      {
        "Brigade": "9",
        "Time": "2017-05-14 07:36:55",
        "Lines": "4",
        "Lon": 21.0315,
        "Lat": 52.274
      },
      {
        "Brigade": "9",
        "Time": "2017-05-14 07:37:05",
        "Lines": "4",
        "Lon": 21.0315,
        "Lat": 52.274
      },
      {
        "Brigade": "9",
        "Time": "2017-05-14 07:37:15",
        "Lines": "4",
        "Lon": 21.0315,
        "Lat": 52.274
      },
      {
        "Brigade": "9",
        "Time": "2017-05-14 07:37:26",
        "Lines": "4",
        "Lon": 21.0315,
        "Lat": 52.274
      },
      {
        "Brigade": "9",
        "Time": "2017-05-14 07:37:36",
        "Lines": "4",
        "Lon": 21.0315,
        "Lat": 52.274
      },
      {
        "Brigade": "9",
        "Time": "2017-05-14 07:37:52",
        "Lines": "4",
        "Lon": 21.0315,
        "Lat": 52.274
      },
      {
        "Brigade": "9",
        "Time": "2017-05-14 07:37:52",
        "Lines": "4",
        "Lon": 21.0315,
        "Lat": 52.274
      },
      {
        "Brigade": "9",
        "Time": "2017-05-14 07:38:03",
        "Lines": "4",
        "Lon": 21.0315,
        "Lat": 52.274
      },
      {
        "Brigade": "9",
        "Time": "2017-05-14 07:38:14",
        "Lines": "4",
        "Lon": 21.0314,
        "Lat": 52.2741
      },
      {
        "Brigade": "9",
        "Time": "2017-05-14 07:38:20",
        "Lines": "4",
        "Lon": 21.0311,
        "Lat": 52.2744
      },
      {
        "Brigade": "9",
        "Time": "2017-05-14 07:38:34",
        "Lines": "4",
        "Lon": 21.0293,
        "Lat": 52.2762
      },
      {
        "Brigade": "9",
        "Time": "2017-05-14 07:38:45",
        "Lines": "4",
        "Lon": 21.0283,
        "Lat": 52.2773
      },
      {
        "Brigade": "9",
        "Time": "2017-05-14 07:38:55",
        "Lines": "4",
        "Lon": 21.0278,
        "Lat": 52.278
      },
      {
        "Brigade": "9",
        "Time": "2017-05-14 07:39:11",
        "Lines": "4",
        "Lon": 21.0278,
        "Lat": 52.2781
      },
      {
        "Brigade": "9",
        "Time": "2017-05-14 07:39:21",
        "Lines": "4",
        "Lon": 21.0276,
        "Lat": 52.2783
      },
      {
        "Brigade": "9",
        "Time": "2017-05-14 07:39:21",
        "Lines": "4",
        "Lon": 21.0276,
        "Lat": 52.2783
      },
      {
        "Brigade": "9",
        "Time": "2017-05-14 07:39:21",
        "Lines": "4",
        "Lon": 21.0276,
        "Lat": 52.2783
      },
      {
        "Brigade": "9",
        "Time": "2017-05-14 07:39:21",
        "Lines": "4",
        "Lon": 21.0276,
        "Lat": 52.2783
      },
      {
        "Brigade": "9",
        "Time": "2017-05-14 07:39:21",
        "Lines": "4",
        "Lon": 21.0276,
        "Lat": 52.2783
      },
      {
        "Brigade": "9",
        "Time": "2017-05-14 07:39:21",
        "Lines": "4",
        "Lon": 21.0276,
        "Lat": 52.2783
      },
      {
        "Brigade": "9",
        "Time": "2017-05-14 07:39:21",
        "Lines": "4",
        "Lon": 21.0276,
        "Lat": 52.2783
      },
      {
        "Brigade": "9",
        "Time": "2017-05-14 07:39:21",
        "Lines": "4",
        "Lon": 21.0276,
        "Lat": 52.2783
      },
      {
        "Brigade": "9",
        "Time": "2017-05-14 07:40:35",
        "Lines": "4",
        "Lon": 21.0278,
        "Lat": 52.2813
      },
      {
        "Brigade": "9",
        "Time": "2017-05-14 07:40:46",
        "Lines": "4",
        "Lon": 21.0296,
        "Lat": 52.2817
      },
      {
        "Brigade": "9",
        "Time": "2017-05-14 07:40:56",
        "Lines": "4",
        "Lon": 21.0318,
        "Lat": 52.2823
      },
      {
        "Brigade": "9",
        "Time": "2017-05-14 07:41:06",
        "Lines": "4",
        "Lon": 21.0333,
        "Lat": 52.2827
      },
      {
        "Brigade": "9",
        "Time": "2017-05-14 07:41:22",
        "Lines": "4",
        "Lon": 21.0341,
        "Lat": 52.2832
      },
      {
        "Brigade": "9",
        "Time": "2017-05-14 07:41:32",
        "Lines": "4",
        "Lon": 21.0336,
        "Lat": 52.2839
      },
      {
        "Brigade": "9",
        "Time": "2017-05-14 07:41:32",
        "Lines": "4",
        "Lon": 21.0336,
        "Lat": 52.2839
      },
      {
        "Brigade": "9",
        "Time": "2017-05-14 07:41:43",
        "Lines": "4",
        "Lon": 21.0331,
        "Lat": 52.2847
      },
      {
        "Brigade": "9",
        "Time": "2017-05-14 07:41:53",
        "Lines": "4",
        "Lon": 21.0328,
        "Lat": 52.2852
      },
      {
        "Brigade": "9",
        "Time": "2017-05-14 07:42:04",
        "Lines": "4",
        "Lon": 21.0327,
        "Lat": 52.2852
      },
      {
        "Brigade": "9",
        "Time": "2017-05-14 07:42:14",
        "Lines": "4",
        "Lon": 21.0327,
        "Lat": 52.2852
      },
      {
        "Brigade": "9",
        "Time": "2017-05-14 07:42:25",
        "Lines": "4",
        "Lon": 21.0322,
        "Lat": 52.286
      },
      {
        "Brigade": "9",
        "Time": "2017-05-14 07:42:35",
        "Lines": "4",
        "Lon": 21.0313,
        "Lat": 52.2873
      },
      {
        "Brigade": "9",
        "Time": "2017-05-14 07:42:46",
        "Lines": "4",
        "Lon": 21.0308,
        "Lat": 52.288
      },
      {
        "Brigade": "9",
        "Time": "2017-05-14 07:42:56",
        "Lines": "4",
        "Lon": 21.0308,
        "Lat": 52.2881
      },
      {
        "Brigade": "9",
        "Time": "2017-05-14 07:43:12",
        "Lines": "4",
        "Lon": 21.0308,
        "Lat": 52.2881
      },
      {
        "Brigade": "9",
        "Time": "2017-05-14 07:43:12",
        "Lines": "4",
        "Lon": 21.0308,
        "Lat": 52.2881
      },
      {
        "Brigade": "9",
        "Time": "2017-05-14 07:43:22",
        "Lines": "4",
        "Lon": 21.0305,
        "Lat": 52.2885
      },
      {
        "Brigade": "9",
        "Time": "2017-05-14 07:43:33",
        "Lines": "4",
        "Lon": 21.0298,
        "Lat": 52.2895
      },
      {
        "Brigade": "9",
        "Time": "2017-05-14 07:43:44",
        "Lines": "4",
        "Lon": 21.0295,
        "Lat": 52.2899
      },
      {
        "Brigade": "9",
        "Time": "2017-05-14 07:43:54",
        "Lines": "4",
        "Lon": 21.0295,
        "Lat": 52.2899
      },
      {
        "Brigade": "9",
        "Time": "2017-05-14 07:44:04",
        "Lines": "4",
        "Lon": 21.0295,
        "Lat": 52.29
      },
      {
        "Brigade": "9",
        "Time": "2017-05-14 07:44:15",
        "Lines": "4",
        "Lon": 21.0288,
        "Lat": 52.291
      },
      {
        "Brigade": "9",
        "Time": "2017-05-14 07:44:25",
        "Lines": "4",
        "Lon": 21.0279,
        "Lat": 52.2922
      },
      {
        "Brigade": "9",
        "Time": "2017-05-14 07:44:41",
        "Lines": "4",
        "Lon": 21.0273,
        "Lat": 52.2932
      },
      {
        "Brigade": "9",
        "Time": "2017-05-14 07:44:52",
        "Lines": "4",
        "Lon": 21.0273,
        "Lat": 52.2932
      },
      {
        "Brigade": "9",
        "Time": "2017-05-14 07:45:02",
        "Lines": "4",
        "Lon": 21.0273,
        "Lat": 52.2932
      },
      {
        "Brigade": "9",
        "Time": "2017-05-14 07:45:02",
        "Lines": "4",
        "Lon": 21.0273,
        "Lat": 52.2932
      },
      {
        "Brigade": "9",
        "Time": "2017-05-14 07:45:13",
        "Lines": "4",
        "Lon": 21.0273,
        "Lat": 52.2932
      },
      {
        "Brigade": "9",
        "Time": "2017-05-14 07:45:23",
        "Lines": "4",
        "Lon": 21.0273,
        "Lat": 52.2932
      },
      {
        "Brigade": "9",
        "Time": "2017-05-14 07:45:34",
        "Lines": "4",
        "Lon": 21.0273,
        "Lat": 52.2932
      },
      {
        "Brigade": "9",
        "Time": "2017-05-14 07:45:44",
        "Lines": "4",
        "Lon": 21.0273,
        "Lat": 52.2932
      },
      {
        "Brigade": "9",
        "Time": "2017-05-14 07:45:55",
        "Lines": "4",
        "Lon": 21.0273,
        "Lat": 52.2932
      },
      {
        "Brigade": "9",
        "Time": "2017-05-14 07:46:05",
        "Lines": "4",
        "Lon": 21.0269,
        "Lat": 52.2937
      },
      {
        "Brigade": "9",
        "Time": "2017-05-14 07:46:16",
        "Lines": "4",
        "Lon": 21.0265,
        "Lat": 52.2942
      },
      {
        "Brigade": "9",
        "Time": "2017-05-14 07:46:31",
        "Lines": "4",
        "Lon": 21.0253,
        "Lat": 52.2958
      },
      {
        "Brigade": "9",
        "Time": "2017-05-14 07:46:37",
        "Lines": "4",
        "Lon": 21.0249,
        "Lat": 52.2964
      },
      {
        "Brigade": "9",
        "Time": "2017-05-14 07:46:37",
        "Lines": "4",
        "Lon": 21.0249,
        "Lat": 52.2964
      },
      {
        "Brigade": "9",
        "Time": "2017-05-14 07:46:52",
        "Lines": "4",
        "Lon": 21.0245,
        "Lat": 52.297
      },
      {
        "Brigade": "9",
        "Time": "2017-05-14 07:47:03",
        "Lines": "4",
        "Lon": 21.0244,
        "Lat": 52.297
      },
      {
        "Brigade": "9",
        "Time": "2017-05-14 07:47:09",
        "Lines": "4",
        "Lon": 21.0242,
        "Lat": 52.2973
      },
      {
        "Brigade": "9",
        "Time": "2017-05-14 07:47:24",
        "Lines": "4",
        "Lon": 21.0232,
        "Lat": 52.2987
      },
      {
        "Brigade": "9",
        "Time": "2017-05-14 07:47:34",
        "Lines": "4",
        "Lon": 21.0228,
        "Lat": 52.2992
      },
      {
        "Brigade": "9",
        "Time": "2017-05-14 07:47:45",
        "Lines": "4",
        "Lon": 21.0224,
        "Lat": 52.2997
      },
      {
        "Brigade": "9",
        "Time": "2017-05-14 07:47:55",
        "Lines": "4",
        "Lon": 21.0218,
        "Lat": 52.3006
      },
      {
        "Brigade": "9",
        "Time": "2017-05-14 07:48:11",
        "Lines": "4",
        "Lon": 21.0214,
        "Lat": 52.301
      },
      {
        "Brigade": "9",
        "Time": "2017-05-14 07:48:21",
        "Lines": "4",
        "Lon": 21.0214,
        "Lat": 52.301
      },
      {
        "Brigade": "9",
        "Time": "2017-05-14 07:48:32",
        "Lines": "4",
        "Lon": 21.0208,
        "Lat": 52.3019
      },
      {
        "Brigade": "9",
        "Time": "2017-05-14 07:48:32",
        "Lines": "4",
        "Lon": 21.0208,
        "Lat": 52.3019
      },
      {
        "Brigade": "9",
        "Time": "2017-05-14 07:48:42",
        "Lines": "4",
        "Lon": 21.0197,
        "Lat": 52.3032
      },
      {
        "Brigade": "9",
        "Time": "2017-05-14 07:48:54",
        "Lines": "4",
        "Lon": 21.0188,
        "Lat": 52.3045
      },
      {
        "Brigade": "9",
        "Time": "2017-05-14 07:49:03",
        "Lines": "4",
        "Lon": 21.0181,
        "Lat": 52.3054
      },
      {
        "Brigade": "9",
        "Time": "2017-05-14 07:49:14",
        "Lines": "4",
        "Lon": 21.018,
        "Lat": 52.3056
      },
      {
        "Brigade": "9",
        "Time": "2017-05-14 07:49:24",
        "Lines": "4",
        "Lon": 21.0177,
        "Lat": 52.306
      },
      {
        "Brigade": "9",
        "Time": "2017-05-14 07:49:35",
        "Lines": "4",
        "Lon": 21.0167,
        "Lat": 52.3072
      },
      {
        "Brigade": "9",
        "Time": "2017-05-14 07:49:45",
        "Lines": "4",
        "Lon": 21.0158,
        "Lat": 52.3085
      },
      {
        "Brigade": "9",
        "Time": "2017-05-14 07:49:56",
        "Lines": "4",
        "Lon": 21.0152,
        "Lat": 52.3093
      },
      {
        "Brigade": "9",
        "Time": "2017-05-14 07:50:12",
        "Lines": "4",
        "Lon": 21.015,
        "Lat": 52.3095
      },
      {
        "Brigade": "9",
        "Time": "2017-05-14 07:50:22",
        "Lines": "4",
        "Lon": 21.0143,
        "Lat": 52.3104
      },
      {
        "Brigade": "9",
        "Time": "2017-05-14 07:50:22",
        "Lines": "4",
        "Lon": 21.0143,
        "Lat": 52.3104
      },
      {
        "Brigade": "9",
        "Time": "2017-05-14 07:50:33",
        "Lines": "4",
        "Lon": 21.0138,
        "Lat": 52.3111
      },
      {
        "Brigade": "9",
        "Time": "2017-05-14 07:50:43",
        "Lines": "4",
        "Lon": 21.0131,
        "Lat": 52.3113
      },
      {
        "Brigade": "9",
        "Time": "2017-05-14 07:50:54",
        "Lines": "4",
        "Lon": 21.0121,
        "Lat": 52.3113
      },
      {
        "Brigade": "9",
        "Time": "2017-05-14 07:51:04",
        "Lines": "4",
        "Lon": 21.0114,
        "Lat": 52.3113
      },
      {
        "Brigade": "9",
        "Time": "2017-05-14 07:51:14",
        "Lines": "4",
        "Lon": 21.0115,
        "Lat": 52.3109
      },
      {
        "Brigade": "9",
        "Time": "2017-05-14 07:51:25",
        "Lines": "4",
        "Lon": 21.0121,
        "Lat": 52.3109
      },
      {
        "Brigade": "9",
        "Time": "2017-05-14 07:51:41",
        "Lines": "4",
        "Lon": 21.0125,
        "Lat": 52.311
      },
      {
        "Brigade": "9",
        "Time": "2017-05-14 07:51:51",
        "Lines": "4",
        "Lon": 21.0125,
        "Lat": 52.311
      },
      {
        "Brigade": "9",
        "Time": "2017-05-14 07:52:02",
        "Lines": "4",
        "Lon": 21.0125,
        "Lat": 52.311
      },
      {
        "Brigade": "9",
        "Time": "2017-05-14 07:52:02",
        "Lines": "4",
        "Lon": 21.0125,
        "Lat": 52.311
      },
      {
        "Brigade": "9",
        "Time": "2017-05-14 07:52:12",
        "Lines": "4",
        "Lon": 21.0125,
        "Lat": 52.311
      },
      {
        "Brigade": "9",
        "Time": "2017-05-14 07:52:23",
        "Lines": "4",
        "Lon": 21.0125,
        "Lat": 52.311
      },
      {
        "Brigade": "9",
        "Time": "2017-05-14 07:52:33",
        "Lines": "4",
        "Lon": 21.0125,
        "Lat": 52.311
      },
      {
        "Brigade": "9",
        "Time": "2017-05-14 07:52:44",
        "Lines": "4",
        "Lon": 21.0125,
        "Lat": 52.311
      },
      {
        "Brigade": "9",
        "Time": "2017-05-14 07:52:54",
        "Lines": "4",
        "Lon": 21.0125,
        "Lat": 52.311
      },
      {
        "Brigade": "9",
        "Time": "2017-05-14 07:53:05",
        "Lines": "4",
        "Lon": 21.0125,
        "Lat": 52.311
      },
      {
        "Brigade": "9",
        "Time": "2017-05-14 07:53:20",
        "Lines": "4",
        "Lon": 21.0125,
        "Lat": 52.311
      },
      {
        "Brigade": "9",
        "Time": "2017-05-14 07:53:31",
        "Lines": "4",
        "Lon": 21.0125,
        "Lat": 52.311
      },
      {
        "Brigade": "9",
        "Time": "2017-05-14 07:53:41",
        "Lines": "4",
        "Lon": 21.0125,
        "Lat": 52.311
      },
      {
        "Brigade": "9",
        "Time": "2017-05-14 07:53:41",
        "Lines": "4",
        "Lon": 21.0125,
        "Lat": 52.311
      },
      {
        "Brigade": "9",
        "Time": "2017-05-14 07:53:52",
        "Lines": "4",
        "Lon": 21.0125,
        "Lat": 52.311
      },
      {
        "Brigade": "9",
        "Time": "2017-05-14 07:54:02",
        "Lines": "4",
        "Lon": 21.0125,
        "Lat": 52.311
      },
      {
        "Brigade": "9",
        "Time": "2017-05-14 07:54:13",
        "Lines": "4",
        "Lon": 21.0125,
        "Lat": 52.311
      },
      {
        "Brigade": "9",
        "Time": "2017-05-14 07:54:23",
        "Lines": "4",
        "Lon": 21.0125,
        "Lat": 52.311
      },
      {
        "Brigade": "9",
        "Time": "2017-05-14 07:54:34",
        "Lines": "4",
        "Lon": 21.0125,
        "Lat": 52.311
      },
      {
        "Brigade": "9",
        "Time": "2017-05-14 07:54:49",
        "Lines": "4",
        "Lon": 21.0125,
        "Lat": 52.311
      },
      {
        "Brigade": "9",
        "Time": "2017-05-14 07:55:00",
        "Lines": "4",
        "Lon": 21.0127,
        "Lat": 52.311
      },
      {
        "Brigade": "9",
        "Time": "2017-05-14 07:55:10",
        "Lines": "4",
        "Lon": 21.0129,
        "Lat": 52.3111
      },
      {
        "Brigade": "9",
        "Time": "2017-05-14 07:55:21",
        "Lines": "4",
        "Lon": 21.0129,
        "Lat": 52.3111
      },
      {
        "Brigade": "9",
        "Time": "2017-05-14 07:55:31",
        "Lines": "4",
        "Lon": 21.0129,
        "Lat": 52.3111
      },
      {
        "Brigade": "9",
        "Time": "2017-05-14 07:55:31",
        "Lines": "4",
        "Lon": 21.0129,
        "Lat": 52.3111
      },
      {
        "Brigade": "9",
        "Time": "2017-05-14 07:55:37",
        "Lines": "4",
        "Lon": 21.0129,
        "Lat": 52.3111
      },
      {
        "Brigade": "9",
        "Time": "2017-05-14 07:55:52",
        "Lines": "4",
        "Lon": 21.0129,
        "Lat": 52.3111
      },
      {
        "Brigade": "9",
        "Time": "2017-05-14 07:56:03",
        "Lines": "4",
        "Lon": 21.0129,
        "Lat": 52.3111
      },
      {
        "Brigade": "9",
        "Time": "2017-05-14 07:56:15",
        "Lines": "4",
        "Lon": 21.0129,
        "Lat": 52.3111
      },
      {
        "Brigade": "9",
        "Time": "2017-05-14 07:56:24",
        "Lines": "4",
        "Lon": 21.0129,
        "Lat": 52.3111
      },
      {
        "Brigade": "9",
        "Time": "2017-05-14 07:56:40",
        "Lines": "4",
        "Lon": 21.0129,
        "Lat": 52.3111
      },
      {
        "Brigade": "9",
        "Time": "2017-05-14 07:56:45",
        "Lines": "4",
        "Lon": 21.0129,
        "Lat": 52.3111
      },
      {
        "Brigade": "9",
        "Time": "2017-05-14 07:57:01",
        "Lines": "4",
        "Lon": 21.0129,
        "Lat": 52.3111
      },
      {
        "Brigade": "9",
        "Time": "2017-05-14 07:57:11",
        "Lines": "4",
        "Lon": 21.0129,
        "Lat": 52.3111
      },
      {
        "Brigade": "9",
        "Time": "2017-05-14 07:57:22",
        "Lines": "4",
        "Lon": 21.0129,
        "Lat": 52.3111
      },
      {
        "Brigade": "9",
        "Time": "2017-05-14 07:57:22",
        "Lines": "4",
        "Lon": 21.0129,
        "Lat": 52.3111
      },
      {
        "Brigade": "9",
        "Time": "2017-05-14 07:57:32",
        "Lines": "4",
        "Lon": 21.0129,
        "Lat": 52.3111
      },
      {
        "Brigade": "9",
        "Time": "2017-05-14 07:57:42",
        "Lines": "4",
        "Lon": 21.0129,
        "Lat": 52.3111
      },
      {
        "Brigade": "9",
        "Time": "2017-05-14 07:57:53",
        "Lines": "4",
        "Lon": 21.0129,
        "Lat": 52.3111
      },
      {
        "Brigade": "9",
        "Time": "2017-05-14 07:58:03",
        "Lines": "4",
        "Lon": 21.0129,
        "Lat": 52.3111
      },
      {
        "Brigade": "9",
        "Time": "2017-05-14 07:58:14",
        "Lines": "4",
        "Lon": 21.0129,
        "Lat": 52.3111
      },
      {
        "Brigade": "9",
        "Time": "2017-05-14 07:58:24",
        "Lines": "4",
        "Lon": 21.0129,
        "Lat": 52.3111
      },
      {
        "Brigade": "9",
        "Time": "2017-05-14 07:58:35",
        "Lines": "4",
        "Lon": 21.0129,
        "Lat": 52.3111
      },
      {
        "Brigade": "9",
        "Time": "2017-05-14 07:58:51",
        "Lines": "4",
        "Lon": 21.0129,
        "Lat": 52.3111
      },
      {
        "Brigade": "9",
        "Time": "2017-05-14 07:59:01",
        "Lines": "4",
        "Lon": 21.0129,
        "Lat": 52.3111
      },
      {
        "Brigade": "9",
        "Time": "2017-05-14 07:59:12",
        "Lines": "4",
        "Lon": 21.0129,
        "Lat": 52.3111
      },
      {
        "Brigade": "9",
        "Time": "2017-05-14 07:59:12",
        "Lines": "4",
        "Lon": 21.0129,
        "Lat": 52.3111
      },
      {
        "Brigade": "9",
        "Time": "2017-05-14 07:59:22",
        "Lines": "4",
        "Lon": 21.0129,
        "Lat": 52.3111
      },
      {
        "Brigade": "9",
        "Time": "2017-05-14 07:59:33",
        "Lines": "4",
        "Lon": 21.0129,
        "Lat": 52.3111
      },
      {
        "Brigade": "9",
        "Time": "2017-05-14 07:59:43",
        "Lines": "4",
        "Lon": 21.0129,
        "Lat": 52.3111
      },
      {
        "Brigade": "9",
        "Time": "2017-05-14 07:59:54",
        "Lines": "4",
        "Lon": 21.0129,
        "Lat": 52.3111
      },
      {
        "Brigade": "9",
        "Time": "2017-05-14 08:00:04",
        "Lines": "4",
        "Lon": 21.0129,
        "Lat": 52.3111
      },
      {
        "Brigade": "9",
        "Time": "2017-05-14 08:00:15",
        "Lines": "4",
        "Lon": 21.0129,
        "Lat": 52.3111
      },
      {
        "Brigade": "9",
        "Time": "2017-05-14 08:00:25",
        "Lines": "4",
        "Lon": 21.0129,
        "Lat": 52.3111
      },
      {
        "Brigade": "9",
        "Time": "2017-05-14 08:00:41",
        "Lines": "4",
        "Lon": 21.0129,
        "Lat": 52.3111
      },
      {
        "Brigade": "9",
        "Time": "2017-05-14 08:00:51",
        "Lines": "4",
        "Lon": 21.0129,
        "Lat": 52.3111
      },
      {
        "Brigade": "9",
        "Time": "2017-05-14 08:01:02",
        "Lines": "4",
        "Lon": 21.0129,
        "Lat": 52.3111
      },
      {
        "Brigade": "9",
        "Time": "2017-05-14 08:01:02",
        "Lines": "4",
        "Lon": 21.0129,
        "Lat": 52.3111
      },
      {
        "Brigade": "9",
        "Time": "2017-05-14 08:01:12",
        "Lines": "4",
        "Lon": 21.0129,
        "Lat": 52.3111
      },
      {
        "Brigade": "9",
        "Time": "2017-05-14 08:01:23",
        "Lines": "4",
        "Lon": 21.0129,
        "Lat": 52.3111
      },
      {
        "Brigade": "9",
        "Time": "2017-05-14 08:01:33",
        "Lines": "4",
        "Lon": 21.0129,
        "Lat": 52.3111
      },
      {
        "Brigade": "9",
        "Time": "2017-05-14 08:01:44",
        "Lines": "4",
        "Lon": 21.0129,
        "Lat": 52.3111
      },
      {
        "Brigade": "9",
        "Time": "2017-05-14 08:01:54",
        "Lines": "4",
        "Lon": 21.0129,
        "Lat": 52.3111
      },
      {
        "Brigade": "9",
        "Time": "2017-05-14 08:02:05",
        "Lines": "4",
        "Lon": 21.0129,
        "Lat": 52.3111
      },
      {
        "Brigade": "9",
        "Time": "2017-05-14 08:02:15",
        "Lines": "4",
        "Lon": 21.0129,
        "Lat": 52.3111
      },
      {
        "Brigade": "9",
        "Time": "2017-05-14 08:02:31",
        "Lines": "4",
        "Lon": 21.0129,
        "Lat": 52.3111
      },
      {
        "Brigade": "9",
        "Time": "2017-05-14 08:02:41",
        "Lines": "4",
        "Lon": 21.0129,
        "Lat": 52.3111
      },
      {
        "Brigade": "9",
        "Time": "2017-05-14 08:02:52",
        "Lines": "4",
        "Lon": 21.0129,
        "Lat": 52.3111
      },
      {
        "Brigade": "9",
        "Time": "2017-05-14 08:02:52",
        "Lines": "4",
        "Lon": 21.0129,
        "Lat": 52.3111
      },
      {
        "Brigade": "9",
        "Time": "2017-05-14 08:03:02",
        "Lines": "4",
        "Lon": 21.0129,
        "Lat": 52.3111
      },
      {
        "Brigade": "9",
        "Time": "2017-05-14 08:03:13",
        "Lines": "4",
        "Lon": 21.0129,
        "Lat": 52.3111
      },
      {
        "Brigade": "9",
        "Time": "2017-05-14 08:03:23",
        "Lines": "4",
        "Lon": 21.0129,
        "Lat": 52.3111
      },
      {
        "Brigade": "9",
        "Time": "2017-05-14 08:03:34",
        "Lines": "4",
        "Lon": 21.0129,
        "Lat": 52.3111
      },
      {
        "Brigade": "9",
        "Time": "2017-05-14 08:03:44",
        "Lines": "4",
        "Lon": 21.0129,
        "Lat": 52.3111
      },
      {
        "Brigade": "9",
        "Time": "2017-05-14 08:03:55",
        "Lines": "4",
        "Lon": 21.0129,
        "Lat": 52.3111
      },
      {
        "Brigade": "9",
        "Time": "2017-05-14 08:04:05",
        "Lines": "4",
        "Lon": 21.0129,
        "Lat": 52.3111
      },
      {
        "Brigade": "9",
        "Time": "2017-05-14 08:04:16",
        "Lines": "4",
        "Lon": 21.0129,
        "Lat": 52.3111
      },
      {
        "Brigade": "9",
        "Time": "2017-05-14 08:04:32",
        "Lines": "4",
        "Lon": 21.0129,
        "Lat": 52.3111
      },
      {
        "Brigade": "9",
        "Time": "2017-05-14 08:04:42",
        "Lines": "4",
        "Lon": 21.0129,
        "Lat": 52.3111
      },
      {
        "Brigade": "9",
        "Time": "2017-05-14 08:04:42",
        "Lines": "4",
        "Lon": 21.0129,
        "Lat": 52.3111
      },
      {
        "Brigade": "9",
        "Time": "2017-05-14 08:04:53",
        "Lines": "4",
        "Lon": 21.0129,
        "Lat": 52.3111
      },
      {
        "Brigade": "9",
        "Time": "2017-05-14 08:05:03",
        "Lines": "4",
        "Lon": 21.0129,
        "Lat": 52.3111
      },
      {
        "Brigade": "9",
        "Time": "2017-05-14 08:05:14",
        "Lines": "4",
        "Lon": 21.0129,
        "Lat": 52.3111
      },
      {
        "Brigade": "9",
        "Time": "2017-05-14 08:05:24",
        "Lines": "4",
        "Lon": 21.0129,
        "Lat": 52.3111
      },
      {
        "Brigade": "9",
        "Time": "2017-05-14 08:05:35",
        "Lines": "4",
        "Lon": 21.0129,
        "Lat": 52.3111
      },
      {
        "Brigade": "9",
        "Time": "2017-05-14 08:05:45",
        "Lines": "4",
        "Lon": 21.0129,
        "Lat": 52.3111
      },
      {
        "Brigade": "9",
        "Time": "2017-05-14 08:05:55",
        "Lines": "4",
        "Lon": 21.0129,
        "Lat": 52.3111
      },
      {
        "Brigade": "9",
        "Time": "2017-05-14 08:06:06",
        "Lines": "4",
        "Lon": 21.0129,
        "Lat": 52.3111
      },
      {
        "Brigade": "9",
        "Time": "2017-05-14 08:06:22",
        "Lines": "4",
        "Lon": 21.0129,
        "Lat": 52.3111
      },
      {
        "Brigade": "9",
        "Time": "2017-05-14 08:06:27",
        "Lines": "4",
        "Lon": 21.0129,
        "Lat": 52.3111
      },
      {
        "Brigade": "9",
        "Time": "2017-05-14 08:06:27",
        "Lines": "4",
        "Lon": 21.0129,
        "Lat": 52.3111
      },
      {
        "Brigade": "9",
        "Time": "2017-05-14 08:06:43",
        "Lines": "4",
        "Lon": 21.0129,
        "Lat": 52.3111
      },
      {
        "Brigade": "9",
        "Time": "2017-05-14 08:06:54",
        "Lines": "4",
        "Lon": 21.0129,
        "Lat": 52.3111
      },
      {
        "Brigade": "9",
        "Time": "2017-05-14 08:07:04",
        "Lines": "4",
        "Lon": 21.0129,
        "Lat": 52.3111
      },
      {
        "Brigade": "9",
        "Time": "2017-05-14 08:07:14",
        "Lines": "4",
        "Lon": 21.0129,
        "Lat": 52.3111
      },
      {
        "Brigade": "9",
        "Time": "2017-05-14 08:07:25",
        "Lines": "4",
        "Lon": 21.0129,
        "Lat": 52.3111
      },
      {
        "Brigade": "9",
        "Time": "2017-05-14 08:07:35",
        "Lines": "4",
        "Lon": 21.0129,
        "Lat": 52.3111
      },
      {
        "Brigade": "9",
        "Time": "2017-05-14 08:07:46",
        "Lines": "4",
        "Lon": 21.0129,
        "Lat": 52.3111
      },
      {
        "Brigade": "9",
        "Time": "2017-05-14 08:07:56",
        "Lines": "4",
        "Lon": 21.0129,
        "Lat": 52.3111
      },
      {
        "Brigade": "9",
        "Time": "2017-05-14 08:08:12",
        "Lines": "4",
        "Lon": 21.0129,
        "Lat": 52.3111
      },
      {
        "Brigade": "9",
        "Time": "2017-05-14 08:08:22",
        "Lines": "4",
        "Lon": 21.0129,
        "Lat": 52.3111
      },
      {
        "Brigade": "9",
        "Time": "2017-05-14 08:08:22",
        "Lines": "4",
        "Lon": 21.0129,
        "Lat": 52.3111
      },
      {
        "Brigade": "9",
        "Time": "2017-05-14 08:08:33",
        "Lines": "4",
        "Lon": 21.0133,
        "Lat": 52.3112
      },
      {
        "Brigade": "9",
        "Time": "2017-05-14 08:08:43",
        "Lines": "4",
        "Lon": 21.0139,
        "Lat": 52.3109
      },
      {
        "Brigade": "9",
        "Time": "2017-05-14 08:08:54",
        "Lines": "4",
        "Lon": 21.0148,
        "Lat": 52.3097
      },
      {
        "Brigade": "9",
        "Time": "2017-05-14 08:09:04",
        "Lines": "4",
        "Lon": 21.0156,
        "Lat": 52.3086
      },
      {
        "Brigade": "9",
        "Time": "2017-05-14 08:09:15",
        "Lines": "4",
        "Lon": 21.0159,
        "Lat": 52.3083
      },
      {
        "Brigade": "9",
        "Time": "2017-05-14 08:09:25",
        "Lines": "4",
        "Lon": 21.0159,
        "Lat": 52.3083
      },
      {
        "Brigade": "9",
        "Time": "2017-05-14 08:09:36",
        "Lines": "4",
        "Lon": 21.0164,
        "Lat": 52.3075
      },
      {
        "Brigade": "9",
        "Time": "2017-05-14 08:09:46",
        "Lines": "4",
        "Lon": 21.0174,
        "Lat": 52.3063
      },
      {
        "Brigade": "9",
        "Time": "2017-05-14 08:09:57",
        "Lines": "4",
        "Lon": 21.0181,
        "Lat": 52.3053
      },
      {
        "Brigade": "9",
        "Time": "2017-05-14 08:09:57",
        "Lines": "4",
        "Lon": 21.0181,
        "Lat": 52.3053
      },
      {
        "Brigade": "9",
        "Time": "2017-05-14 08:10:12",
        "Lines": "4",
        "Lon": 21.0183,
        "Lat": 52.3051
      },
      {
        "Brigade": "9",
        "Time": "2017-05-14 08:10:23",
        "Lines": "4",
        "Lon": 21.0189,
        "Lat": 52.3042
      },
      {
        "Brigade": "9",
        "Time": "2017-05-14 08:10:33",
        "Lines": "4",
        "Lon": 21.0199,
        "Lat": 52.3029
      },
      {
        "Brigade": "9",
        "Time": "2017-05-14 08:10:44",
        "Lines": "4",
        "Lon": 21.0207,
        "Lat": 52.3019
      },
      {
        "Brigade": "9",
        "Time": "2017-05-14 08:10:55",
        "Lines": "4",
        "Lon": 21.021,
        "Lat": 52.3014
      },
      {
        "Brigade": "9",
        "Time": "2017-05-14 08:11:08",
        "Lines": "4",
        "Lon": 21.0211,
        "Lat": 52.3013
      },
      {
        "Brigade": "9",
        "Time": "2017-05-14 08:11:16",
        "Lines": "4",
        "Lon": 21.0218,
        "Lat": 52.3003
      },
      {
        "Brigade": "9",
        "Time": "2017-05-14 08:11:26",
        "Lines": "4",
        "Lon": 21.0225,
        "Lat": 52.2994
      },
      {
        "Brigade": "9",
        "Time": "2017-05-14 08:11:42",
        "Lines": "4",
        "Lon": 21.0231,
        "Lat": 52.2987
      },
      {
        "Brigade": "9",
        "Time": "2017-05-14 08:11:52",
        "Lines": "4",
        "Lon": 21.0234,
        "Lat": 52.2982
      },
      {
        "Brigade": "9",
        "Time": "2017-05-14 08:11:52",
        "Lines": "4",
        "Lon": 21.0234,
        "Lat": 52.2982
      },
      {
        "Brigade": "9",
        "Time": "2017-05-14 08:12:03",
        "Lines": "4",
        "Lon": 21.024,
        "Lat": 52.2974
      },
      {
        "Brigade": "9",
        "Time": "2017-05-14 08:12:13",
        "Lines": "4",
        "Lon": 21.0247,
        "Lat": 52.2966
      },
      {
        "Brigade": "9",
        "Time": "2017-05-14 08:12:24",
        "Lines": "4",
        "Lon": 21.0247,
        "Lat": 52.2965
      },
      {
        "Brigade": "9",
        "Time": "2017-05-14 08:12:34",
        "Lines": "4",
        "Lon": 21.0247,
        "Lat": 52.2965
      },
      {
        "Brigade": "9",
        "Time": "2017-05-14 08:12:45",
        "Lines": "4",
        "Lon": 21.0248,
        "Lat": 52.2965
      },
      {
        "Brigade": "9",
        "Time": "2017-05-14 08:12:55",
        "Lines": "4",
        "Lon": 21.0254,
        "Lat": 52.2956
      },
      {
        "Brigade": "9",
        "Time": "2017-05-14 08:13:06",
        "Lines": "4",
        "Lon": 21.0264,
        "Lat": 52.2944
      },
      {
        "Brigade": "9",
        "Time": "2017-05-14 08:13:16",
        "Lines": "4",
        "Lon": 21.0267,
        "Lat": 52.2939
      },
      {
        "Brigade": "9",
        "Time": "2017-05-14 08:13:27",
        "Lines": "4",
        "Lon": 21.0267,
        "Lat": 52.2939
      },
      {
        "Brigade": "9",
        "Time": "2017-05-14 08:13:42",
        "Lines": "4",
        "Lon": 21.0267,
        "Lat": 52.2939
      },
      {
        "Brigade": "9",
        "Time": "2017-05-14 08:13:42",
        "Lines": "4",
        "Lon": 21.0267,
        "Lat": 52.2939
      },
      {
        "Brigade": "9",
        "Time": "2017-05-14 08:13:53",
        "Lines": "4",
        "Lon": 21.0271,
        "Lat": 52.2933
      },
      {
        "Brigade": "9",
        "Time": "2017-05-14 08:14:03",
        "Lines": "4",
        "Lon": 21.028,
        "Lat": 52.292
      },
      {
        "Brigade": "9",
        "Time": "2017-05-14 08:14:08",
        "Lines": "4",
        "Lon": 21.0284,
        "Lat": 52.2915
      },
      {
        "Brigade": "9",
        "Time": "2017-05-14 08:14:24",
        "Lines": "4",
        "Lon": 21.0292,
        "Lat": 52.2903
      },
      {
        "Brigade": "9",
        "Time": "2017-05-14 08:14:35",
        "Lines": "4",
        "Lon": 21.0292,
        "Lat": 52.2903
      },
      {
        "Brigade": "9",
        "Time": "2017-05-14 08:14:45",
        "Lines": "4",
        "Lon": 21.0292,
        "Lat": 52.2902
      },
      {
        "Brigade": "9",
        "Time": "2017-05-14 08:14:56",
        "Lines": "4",
        "Lon": 21.0299,
        "Lat": 52.2893
      },
      {
        "Brigade": "9",
        "Time": "2017-05-14 08:15:06",
        "Lines": "4",
        "Lon": 21.0304,
        "Lat": 52.2885
      },
      {
        "Brigade": "9",
        "Time": "2017-05-14 08:15:22",
        "Lines": "4",
        "Lon": 21.0304,
        "Lat": 52.2885
      },
      {
        "Brigade": "9",
        "Time": "2017-05-14 08:15:22",
        "Lines": "4",
        "Lon": 21.0304,
        "Lat": 52.2885
      },
      {
        "Brigade": "9",
        "Time": "2017-05-14 08:15:32",
        "Lines": "4",
        "Lon": 21.0305,
        "Lat": 52.2884
      },
      {
        "Brigade": "9",
        "Time": "2017-05-14 08:15:43",
        "Lines": "4",
        "Lon": 21.031,
        "Lat": 52.2876
      },
      {
        "Brigade": "9",
        "Time": "2017-05-14 08:15:53",
        "Lines": "4",
        "Lon": 21.0319,
        "Lat": 52.2864
      },
      {
        "Brigade": "9",
        "Time": "2017-05-14 08:16:04",
        "Lines": "4",
        "Lon": 21.0326,
        "Lat": 52.2853
      },
      {
        "Brigade": "9",
        "Time": "2017-05-14 08:16:14",
        "Lines": "4",
        "Lon": 21.0332,
        "Lat": 52.2844
      },
      {
        "Brigade": "9",
        "Time": "2017-05-14 08:16:25",
        "Lines": "4",
        "Lon": 21.0335,
        "Lat": 52.284
      },
      {
        "Brigade": "9",
        "Time": "2017-05-14 08:16:35",
        "Lines": "4",
        "Lon": 21.0335,
        "Lat": 52.2839
      },
      {
        "Brigade": "9",
        "Time": "2017-05-14 08:16:46",
        "Lines": "4",
        "Lon": 21.0336,
        "Lat": 52.2839
      },
      {
        "Brigade": "9",
        "Time": "2017-05-14 08:16:56",
        "Lines": "4",
        "Lon": 21.0339,
        "Lat": 52.2834
      },
      {
        "Brigade": "9",
        "Time": "2017-05-14 08:17:12",
        "Lines": "4",
        "Lon": 21.0333,
        "Lat": 52.2827
      },
      {
        "Brigade": "9",
        "Time": "2017-05-14 08:17:12",
        "Lines": "4",
        "Lon": 21.0333,
        "Lat": 52.2827
      },
      {
        "Brigade": "9",
        "Time": "2017-05-14 08:17:23",
        "Lines": "4",
        "Lon": 21.0318,
        "Lat": 52.2823
      },
      {
        "Brigade": "9",
        "Time": "2017-05-14 08:17:33",
        "Lines": "4",
        "Lon": 21.0296,
        "Lat": 52.2818
      },
      {
        "Brigade": "9",
        "Time": "2017-05-14 08:17:44",
        "Lines": "4",
        "Lon": 21.0277,
        "Lat": 52.2813
      }
    ]
  }
]
