[
  {
    "res": [
      {
        "Brigade": "31",
        "Time": "2017-05-14 07:26:51",
        "Lines": "9",
        "Lon": 21.0026,
        "Lat": 52.1888
      },
      {
        "Brigade": "31",
        "Time": "2017-05-14 07:27:01",
        "Lines": "9",
        "Lon": 21.0026,
        "Lat": 52.1888
      },
      {
        "Brigade": "31",
        "Time": "2017-05-14 07:27:01",
        "Lines": "9",
        "Lon": 21.0026,
        "Lat": 52.1888
      },
      {
        "Brigade": "31",
        "Time": "2017-05-14 07:27:11",
        "Lines": "9",
        "Lon": 21.0026,
        "Lat": 52.1888
      },
      {
        "Brigade": "31",
        "Time": "2017-05-14 07:27:21",
        "Lines": "9",
        "Lon": 21.0026,
        "Lat": 52.1888
      },
      {
        "Brigade": "31",
        "Time": "2017-05-14 07:27:31",
        "Lines": "9",
        "Lon": 21.0026,
        "Lat": 52.1888
      },
      {
        "Brigade": "31",
        "Time": "2017-05-14 07:27:47",
        "Lines": "9",
        "Lon": 21.0026,
        "Lat": 52.1888
      },
      {
        "Brigade": "31",
        "Time": "2017-05-14 07:27:57",
        "Lines": "9",
        "Lon": 21.0026,
        "Lat": 52.1888
      },
      {
        "Brigade": "31",
        "Time": "2017-05-14 07:28:06",
        "Lines": "9",
        "Lon": 21.0026,
        "Lat": 52.1888
      },
      {
        "Brigade": "31",
        "Time": "2017-05-14 07:28:16",
        "Lines": "9",
        "Lon": 21.0026,
        "Lat": 52.1888
      },
      {
        "Brigade": "31",
        "Time": "2017-05-14 07:28:27",
        "Lines": "9",
        "Lon": 21.0022,
        "Lat": 52.1889
      },
      {
        "Brigade": "31",
        "Time": "2017-05-14 07:28:41",
        "Lines": "9",
        "Lon": 21.002,
        "Lat": 52.1897
      },
      {
        "Brigade": "31",
        "Time": "2017-05-14 07:28:41",
        "Lines": "9",
        "Lon": 21.002,
        "Lat": 52.1897
      },
      {
        "Brigade": "31",
        "Time": "2017-05-14 07:28:48",
        "Lines": "9",
        "Lon": 21.002,
        "Lat": 52.1899
      },
      {
        "Brigade": "31",
        "Time": "2017-05-14 07:29:01",
        "Lines": "9",
        "Lon": 21.002,
        "Lat": 52.1899
      },
      {
        "Brigade": "31",
        "Time": "2017-05-14 07:29:11",
        "Lines": "9",
        "Lon": 21.002,
        "Lat": 52.1903
      },
      {
        "Brigade": "31",
        "Time": "2017-05-14 07:29:26",
        "Lines": "9",
        "Lon": 21.0019,
        "Lat": 52.1922
      },
      {
        "Brigade": "31",
        "Time": "2017-05-14 07:29:36",
        "Lines": "9",
        "Lon": 21.0018,
        "Lat": 52.1935
      },
      {
        "Brigade": "31",
        "Time": "2017-05-14 07:29:46",
        "Lines": "9",
        "Lon": 21.0018,
        "Lat": 52.1948
      },
      {
        "Brigade": "31",
        "Time": "2017-05-14 07:29:58",
        "Lines": "9",
        "Lon": 21.0019,
        "Lat": 52.1952
      },
      {
        "Brigade": "31",
        "Time": "2017-05-14 07:30:06",
        "Lines": "9",
        "Lon": 21.0019,
        "Lat": 52.1952
      },
      {
        "Brigade": "31",
        "Time": "2017-05-14 07:30:21",
        "Lines": "9",
        "Lon": 21.0019,
        "Lat": 52.1952
      },
      {
        "Brigade": "31",
        "Time": "2017-05-14 07:30:31",
        "Lines": "9",
        "Lon": 21.0019,
        "Lat": 52.1952
      },
      {
        "Brigade": "31",
        "Time": "2017-05-14 07:30:31",
        "Lines": "9",
        "Lon": 21.0019,
        "Lat": 52.1952
      },
      {
        "Brigade": "31",
        "Time": "2017-05-14 07:30:41",
        "Lines": "9",
        "Lon": 21.0019,
        "Lat": 52.1952
      },
      {
        "Brigade": "31",
        "Time": "2017-05-14 07:30:46",
        "Lines": "9",
        "Lon": 21.0019,
        "Lat": 52.1952
      },
      {
        "Brigade": "31",
        "Time": "2017-05-14 07:31:06",
        "Lines": "9",
        "Lon": 21.0019,
        "Lat": 52.1953
      },
      {
        "Brigade": "31",
        "Time": "2017-05-14 07:31:16",
        "Lines": "9",
        "Lon": 21.0019,
        "Lat": 52.1962
      },
      {
        "Brigade": "31",
        "Time": "2017-05-14 07:31:26",
        "Lines": "9",
        "Lon": 21.0017,
        "Lat": 52.1974
      },
      {
        "Brigade": "31",
        "Time": "2017-05-14 07:31:37",
        "Lines": "9",
        "Lon": 21.0014,
        "Lat": 52.1985
      },
      {
        "Brigade": "31",
        "Time": "2017-05-14 07:31:46",
        "Lines": "9",
        "Lon": 21.0013,
        "Lat": 52.1988
      },
      {
        "Brigade": "31",
        "Time": "2017-05-14 07:32:01",
        "Lines": "9",
        "Lon": 21.0013,
        "Lat": 52.1988
      },
      {
        "Brigade": "31",
        "Time": "2017-05-14 07:32:11",
        "Lines": "9",
        "Lon": 21.0011,
        "Lat": 52.1995
      },
      {
        "Brigade": "31",
        "Time": "2017-05-14 07:32:21",
        "Lines": "9",
        "Lon": 21.0008,
        "Lat": 52.2007
      },
      {
        "Brigade": "31",
        "Time": "2017-05-14 07:32:21",
        "Lines": "9",
        "Lon": 21.0008,
        "Lat": 52.2007
      },
      {
        "Brigade": "31",
        "Time": "2017-05-14 07:32:32",
        "Lines": "9",
        "Lon": 21.0005,
        "Lat": 52.2015
      },
      {
        "Brigade": "31",
        "Time": "2017-05-14 07:32:41",
        "Lines": "9",
        "Lon": 21.0005,
        "Lat": 52.2015
      },
      {
        "Brigade": "31",
        "Time": "2017-05-14 07:32:56",
        "Lines": "9",
        "Lon": 21.0004,
        "Lat": 52.2017
      },
      {
        "Brigade": "31",
        "Time": "2017-05-14 07:33:06",
        "Lines": "9",
        "Lon": 21.0002,
        "Lat": 52.2024
      },
      {
        "Brigade": "31",
        "Time": "2017-05-14 07:33:16",
        "Lines": "9",
        "Lon": 21.0002,
        "Lat": 52.2024
      },
      {
        "Brigade": "31",
        "Time": "2017-05-14 07:33:26",
        "Lines": "9",
        "Lon": 21.0002,
        "Lat": 52.2025
      },
      {
        "Brigade": "31",
        "Time": "2017-05-14 07:33:36",
        "Lines": "9",
        "Lon": 21,
        "Lat": 52.2033
      },
      {
        "Brigade": "31",
        "Time": "2017-05-14 07:33:46",
        "Lines": "9",
        "Lon": 20.9996,
        "Lat": 52.2046
      },
      {
        "Brigade": "31",
        "Time": "2017-05-14 07:34:01",
        "Lines": "9",
        "Lon": 20.9993,
        "Lat": 52.2057
      },
      {
        "Brigade": "31",
        "Time": "2017-05-14 07:34:11",
        "Lines": "9",
        "Lon": 20.9993,
        "Lat": 52.2057
      },
      {
        "Brigade": "31",
        "Time": "2017-05-14 07:34:11",
        "Lines": "9",
        "Lon": 20.9993,
        "Lat": 52.2057
      },
      {
        "Brigade": "31",
        "Time": "2017-05-14 07:34:21",
        "Lines": "9",
        "Lon": 20.9993,
        "Lat": 52.2057
      },
      {
        "Brigade": "31",
        "Time": "2017-05-14 07:34:31",
        "Lines": "9",
        "Lon": 20.9993,
        "Lat": 52.2057
      },
      {
        "Brigade": "31",
        "Time": "2017-05-14 07:34:41",
        "Lines": "9",
        "Lon": 20.9993,
        "Lat": 52.2057
      },
      {
        "Brigade": "31",
        "Time": "2017-05-14 07:34:56",
        "Lines": "9",
        "Lon": 21.0002,
        "Lat": 52.2062
      },
      {
        "Brigade": "31",
        "Time": "2017-05-14 07:35:07",
        "Lines": "9",
        "Lon": 21.0017,
        "Lat": 52.2064
      },
      {
        "Brigade": "31",
        "Time": "2017-05-14 07:35:16",
        "Lines": "9",
        "Lon": 21.0028,
        "Lat": 52.2066
      },
      {
        "Brigade": "31",
        "Time": "2017-05-14 07:35:26",
        "Lines": "9",
        "Lon": 21.0035,
        "Lat": 52.2067
      },
      {
        "Brigade": "31",
        "Time": "2017-05-14 07:35:39",
        "Lines": "9",
        "Lon": 21.0042,
        "Lat": 52.2069
      },
      {
        "Brigade": "31",
        "Time": "2017-05-14 07:35:51",
        "Lines": "9",
        "Lon": 21.0042,
        "Lat": 52.2068
      },
      {
        "Brigade": "31",
        "Time": "2017-05-14 07:36:01",
        "Lines": "9",
        "Lon": 21.005,
        "Lat": 52.207
      },
      {
        "Brigade": "31",
        "Time": "2017-05-14 07:36:01",
        "Lines": "9",
        "Lon": 21.005,
        "Lat": 52.207
      },
      {
        "Brigade": "31",
        "Time": "2017-05-14 07:36:12",
        "Lines": "9",
        "Lon": 21.0064,
        "Lat": 52.2073
      },
      {
        "Brigade": "31",
        "Time": "2017-05-14 07:36:21",
        "Lines": "9",
        "Lon": 21.0074,
        "Lat": 52.2075
      },
      {
        "Brigade": "31",
        "Time": "2017-05-14 07:36:36",
        "Lines": "9",
        "Lon": 21.0076,
        "Lat": 52.2076
      },
      {
        "Brigade": "31",
        "Time": "2017-05-14 07:36:46",
        "Lines": "9",
        "Lon": 21.0076,
        "Lat": 52.2076
      },
      {
        "Brigade": "31",
        "Time": "2017-05-14 07:36:56",
        "Lines": "9",
        "Lon": 21.0077,
        "Lat": 52.2076
      },
      {
        "Brigade": "31",
        "Time": "2017-05-14 07:37:06",
        "Lines": "9",
        "Lon": 21.0081,
        "Lat": 52.2077
      },
      {
        "Brigade": "31",
        "Time": "2017-05-14 07:37:16",
        "Lines": "9",
        "Lon": 21.0082,
        "Lat": 52.208
      },
      {
        "Brigade": "31",
        "Time": "2017-05-14 07:37:26",
        "Lines": "9",
        "Lon": 21.0079,
        "Lat": 52.2085
      },
      {
        "Brigade": "31",
        "Time": "2017-05-14 07:37:41",
        "Lines": "9",
        "Lon": 21.0076,
        "Lat": 52.2094
      },
      {
        "Brigade": "31",
        "Time": "2017-05-14 07:37:51",
        "Lines": "9",
        "Lon": 21.0076,
        "Lat": 52.2094
      },
      {
        "Brigade": "31",
        "Time": "2017-05-14 07:37:51",
        "Lines": "9",
        "Lon": 21.0076,
        "Lat": 52.2094
      },
      {
        "Brigade": "31",
        "Time": "2017-05-14 07:38:01",
        "Lines": "9",
        "Lon": 21.0075,
        "Lat": 52.2095
      },
      {
        "Brigade": "31",
        "Time": "2017-05-14 07:38:11",
        "Lines": "9",
        "Lon": 21.0072,
        "Lat": 52.2102
      },
      {
        "Brigade": "31",
        "Time": "2017-05-14 07:38:26",
        "Lines": "9",
        "Lon": 21.0067,
        "Lat": 52.212
      },
      {
        "Brigade": "31",
        "Time": "2017-05-14 07:38:36",
        "Lines": "9",
        "Lon": 21.0064,
        "Lat": 52.2129
      },
      {
        "Brigade": "31",
        "Time": "2017-05-14 07:38:46",
        "Lines": "9",
        "Lon": 21.0063,
        "Lat": 52.213
      },
      {
        "Brigade": "31",
        "Time": "2017-05-14 07:38:56",
        "Lines": "9",
        "Lon": 21.0062,
        "Lat": 52.2134
      },
      {
        "Brigade": "31",
        "Time": "2017-05-14 07:39:06",
        "Lines": "9",
        "Lon": 21.0059,
        "Lat": 52.2145
      },
      {
        "Brigade": "31",
        "Time": "2017-05-14 07:39:21",
        "Lines": "9",
        "Lon": 21.0053,
        "Lat": 52.2164
      },
      {
        "Brigade": "31",
        "Time": "2017-05-14 07:39:21",
        "Lines": "9",
        "Lon": 21.0053,
        "Lat": 52.2164
      },
      {
        "Brigade": "31",
        "Time": "2017-05-14 07:39:21",
        "Lines": "9",
        "Lon": 21.0053,
        "Lat": 52.2164
      },
      {
        "Brigade": "31",
        "Time": "2017-05-14 07:39:21",
        "Lines": "9",
        "Lon": 21.0053,
        "Lat": 52.2164
      },
      {
        "Brigade": "31",
        "Time": "2017-05-14 07:39:21",
        "Lines": "9",
        "Lon": 21.0053,
        "Lat": 52.2164
      },
      {
        "Brigade": "31",
        "Time": "2017-05-14 07:39:21",
        "Lines": "9",
        "Lon": 21.0053,
        "Lat": 52.2164
      },
      {
        "Brigade": "31",
        "Time": "2017-05-14 07:39:21",
        "Lines": "9",
        "Lon": 21.0053,
        "Lat": 52.2164
      },
      {
        "Brigade": "31",
        "Time": "2017-05-14 07:39:21",
        "Lines": "9",
        "Lon": 21.0053,
        "Lat": 52.2164
      },
      {
        "Brigade": "31",
        "Time": "2017-05-14 07:40:36",
        "Lines": "9",
        "Lon": 21.0049,
        "Lat": 52.2198
      },
      {
        "Brigade": "31",
        "Time": "2017-05-14 07:40:46",
        "Lines": "9",
        "Lon": 21.0049,
        "Lat": 52.2198
      },
      {
        "Brigade": "31",
        "Time": "2017-05-14 07:40:56",
        "Lines": "9",
        "Lon": 21.0049,
        "Lat": 52.2199
      },
      {
        "Brigade": "31",
        "Time": "2017-05-14 07:41:06",
        "Lines": "9",
        "Lon": 21.0046,
        "Lat": 52.2202
      },
      {
        "Brigade": "31",
        "Time": "2017-05-14 07:41:21",
        "Lines": "9",
        "Lon": 21.0036,
        "Lat": 52.2202
      },
      {
        "Brigade": "31",
        "Time": "2017-05-14 07:41:31",
        "Lines": "9",
        "Lon": 21.0018,
        "Lat": 52.2203
      },
      {
        "Brigade": "31",
        "Time": "2017-05-14 07:41:31",
        "Lines": "9",
        "Lon": 21.0018,
        "Lat": 52.2203
      },
      {
        "Brigade": "31",
        "Time": "2017-05-14 07:41:41",
        "Lines": "9",
        "Lon": 21.0005,
        "Lat": 52.2203
      },
      {
        "Brigade": "31",
        "Time": "2017-05-14 07:41:51",
        "Lines": "9",
        "Lon": 21,
        "Lat": 52.2201
      },
      {
        "Brigade": "31",
        "Time": "2017-05-14 07:42:01",
        "Lines": "9",
        "Lon": 20.9998,
        "Lat": 52.2195
      },
      {
        "Brigade": "31",
        "Time": "2017-05-14 07:42:16",
        "Lines": "9",
        "Lon": 20.9992,
        "Lat": 52.219
      },
      {
        "Brigade": "31",
        "Time": "2017-05-14 07:42:26",
        "Lines": "9",
        "Lon": 20.9987,
        "Lat": 52.219
      },
      {
        "Brigade": "31",
        "Time": "2017-05-14 07:42:37",
        "Lines": "9",
        "Lon": 20.9987,
        "Lat": 52.219
      },
      {
        "Brigade": "31",
        "Time": "2017-05-14 07:42:46",
        "Lines": "9",
        "Lon": 20.9985,
        "Lat": 52.219
      },
      {
        "Brigade": "31",
        "Time": "2017-05-14 07:42:56",
        "Lines": "9",
        "Lon": 20.9969,
        "Lat": 52.219
      },
      {
        "Brigade": "31",
        "Time": "2017-05-14 07:43:11",
        "Lines": "9",
        "Lon": 20.9936,
        "Lat": 52.2191
      },
      {
        "Brigade": "31",
        "Time": "2017-05-14 07:43:11",
        "Lines": "9",
        "Lon": 20.9936,
        "Lat": 52.2191
      },
      {
        "Brigade": "31",
        "Time": "2017-05-14 07:43:21",
        "Lines": "9",
        "Lon": 20.9914,
        "Lat": 52.2192
      },
      {
        "Brigade": "31",
        "Time": "2017-05-14 07:43:34",
        "Lines": "9",
        "Lon": 20.9904,
        "Lat": 52.2192
      },
      {
        "Brigade": "31",
        "Time": "2017-05-14 07:43:46",
        "Lines": "9",
        "Lon": 20.9904,
        "Lat": 52.2192
      },
      {
        "Brigade": "31",
        "Time": "2017-05-14 07:43:56",
        "Lines": "9",
        "Lon": 20.9894,
        "Lat": 52.2192
      },
      {
        "Brigade": "31",
        "Time": "2017-05-14 07:44:06",
        "Lines": "9",
        "Lon": 20.9884,
        "Lat": 52.2193
      },
      {
        "Brigade": "31",
        "Time": "2017-05-14 07:44:18",
        "Lines": "9",
        "Lon": 20.9875,
        "Lat": 52.2193
      },
      {
        "Brigade": "31",
        "Time": "2017-05-14 07:44:26",
        "Lines": "9",
        "Lon": 20.9867,
        "Lat": 52.2193
      },
      {
        "Brigade": "31",
        "Time": "2017-05-14 07:44:41",
        "Lines": "9",
        "Lon": 20.9854,
        "Lat": 52.2194
      },
      {
        "Brigade": "31",
        "Time": "2017-05-14 07:44:46",
        "Lines": "9",
        "Lon": 20.985,
        "Lat": 52.2194
      },
      {
        "Brigade": "31",
        "Time": "2017-05-14 07:45:01",
        "Lines": "9",
        "Lon": 20.9841,
        "Lat": 52.2195
      },
      {
        "Brigade": "31",
        "Time": "2017-05-14 07:45:01",
        "Lines": "9",
        "Lon": 20.9841,
        "Lat": 52.2195
      },
      {
        "Brigade": "31",
        "Time": "2017-05-14 07:45:11",
        "Lines": "9",
        "Lon": 20.9837,
        "Lat": 52.2192
      },
      {
        "Brigade": "31",
        "Time": "2017-05-14 07:45:26",
        "Lines": "9",
        "Lon": 20.9834,
        "Lat": 52.2189
      },
      {
        "Brigade": "31",
        "Time": "2017-05-14 07:45:36",
        "Lines": "9",
        "Lon": 20.9834,
        "Lat": 52.2189
      },
      {
        "Brigade": "31",
        "Time": "2017-05-14 07:45:46",
        "Lines": "9",
        "Lon": 20.9834,
        "Lat": 52.2189
      },
      {
        "Brigade": "31",
        "Time": "2017-05-14 07:45:56",
        "Lines": "9",
        "Lon": 20.9834,
        "Lat": 52.2189
      },
      {
        "Brigade": "31",
        "Time": "2017-05-14 07:46:11",
        "Lines": "9",
        "Lon": 20.9827,
        "Lat": 52.2181
      },
      {
        "Brigade": "31",
        "Time": "2017-05-14 07:46:21",
        "Lines": "9",
        "Lon": 20.9817,
        "Lat": 52.217
      },
      {
        "Brigade": "31",
        "Time": "2017-05-14 07:46:32",
        "Lines": "9",
        "Lon": 20.9813,
        "Lat": 52.2166
      },
      {
        "Brigade": "31",
        "Time": "2017-05-14 07:46:41",
        "Lines": "9",
        "Lon": 20.9813,
        "Lat": 52.2165
      },
      {
        "Brigade": "31",
        "Time": "2017-05-14 07:46:41",
        "Lines": "9",
        "Lon": 20.9813,
        "Lat": 52.2165
      },
      {
        "Brigade": "31",
        "Time": "2017-05-14 07:46:51",
        "Lines": "9",
        "Lon": 20.9808,
        "Lat": 52.2159
      },
      {
        "Brigade": "31",
        "Time": "2017-05-14 07:47:01",
        "Lines": "9",
        "Lon": 20.9798,
        "Lat": 52.2147
      },
      {
        "Brigade": "31",
        "Time": "2017-05-14 07:47:16",
        "Lines": "9",
        "Lon": 20.9797,
        "Lat": 52.2145
      },
      {
        "Brigade": "31",
        "Time": "2017-05-14 07:47:26",
        "Lines": "9",
        "Lon": 20.9797,
        "Lat": 52.2145
      },
      {
        "Brigade": "31",
        "Time": "2017-05-14 07:47:36",
        "Lines": "9",
        "Lon": 20.9798,
        "Lat": 52.2145
      },
      {
        "Brigade": "31",
        "Time": "2017-05-14 07:47:46",
        "Lines": "9",
        "Lon": 20.9797,
        "Lat": 52.2145
      },
      {
        "Brigade": "31",
        "Time": "2017-05-14 07:47:56",
        "Lines": "9",
        "Lon": 20.9797,
        "Lat": 52.2145
      },
      {
        "Brigade": "31",
        "Time": "2017-05-14 07:48:11",
        "Lines": "9",
        "Lon": 20.9792,
        "Lat": 52.2138
      },
      {
        "Brigade": "31",
        "Time": "2017-05-14 07:48:21",
        "Lines": "9",
        "Lon": 20.9782,
        "Lat": 52.2128
      },
      {
        "Brigade": "31",
        "Time": "2017-05-14 07:48:31",
        "Lines": "9",
        "Lon": 20.9777,
        "Lat": 52.2122
      },
      {
        "Brigade": "31",
        "Time": "2017-05-14 07:48:31",
        "Lines": "9",
        "Lon": 20.9777,
        "Lat": 52.2122
      },
      {
        "Brigade": "31",
        "Time": "2017-05-14 07:48:41",
        "Lines": "9",
        "Lon": 20.9774,
        "Lat": 52.2118
      },
      {
        "Brigade": "31",
        "Time": "2017-05-14 07:48:51",
        "Lines": "9",
        "Lon": 20.977,
        "Lat": 52.2114
      },
      {
        "Brigade": "31",
        "Time": "2017-05-14 07:49:06",
        "Lines": "9",
        "Lon": 20.9769,
        "Lat": 52.2113
      },
      {
        "Brigade": "31",
        "Time": "2017-05-14 07:49:16",
        "Lines": "9",
        "Lon": 20.9768,
        "Lat": 52.2113
      },
      {
        "Brigade": "31",
        "Time": "2017-05-14 07:49:26",
        "Lines": "9",
        "Lon": 20.9767,
        "Lat": 52.2112
      },
      {
        "Brigade": "31",
        "Time": "2017-05-14 07:49:36",
        "Lines": "9",
        "Lon": 20.976,
        "Lat": 52.2104
      },
      {
        "Brigade": "31",
        "Time": "2017-05-14 07:49:46",
        "Lines": "9",
        "Lon": 20.9752,
        "Lat": 52.2094
      },
      {
        "Brigade": "31",
        "Time": "2017-05-14 07:50:00",
        "Lines": "9",
        "Lon": 20.9746,
        "Lat": 52.2088
      },
      {
        "Brigade": "31",
        "Time": "2017-05-14 07:50:11",
        "Lines": "9",
        "Lon": 20.9746,
        "Lat": 52.2088
      },
      {
        "Brigade": "31",
        "Time": "2017-05-14 07:50:21",
        "Lines": "9",
        "Lon": 20.9743,
        "Lat": 52.2084
      },
      {
        "Brigade": "31",
        "Time": "2017-05-14 07:50:21",
        "Lines": "9",
        "Lon": 20.9743,
        "Lat": 52.2084
      },
      {
        "Brigade": "31",
        "Time": "2017-05-14 07:50:31",
        "Lines": "9",
        "Lon": 20.9733,
        "Lat": 52.2073
      },
      {
        "Brigade": "31",
        "Time": "2017-05-14 07:50:41",
        "Lines": "9",
        "Lon": 20.9723,
        "Lat": 52.2062
      },
      {
        "Brigade": "31",
        "Time": "2017-05-14 07:50:56",
        "Lines": "9",
        "Lon": 20.9721,
        "Lat": 52.2059
      },
      {
        "Brigade": "31",
        "Time": "2017-05-14 07:51:06",
        "Lines": "9",
        "Lon": 20.972,
        "Lat": 52.2058
      },
      {
        "Brigade": "31",
        "Time": "2017-05-14 07:51:16",
        "Lines": "9",
        "Lon": 20.9714,
        "Lat": 52.2051
      },
      {
        "Brigade": "31",
        "Time": "2017-05-14 07:51:26",
        "Lines": "9",
        "Lon": 20.9704,
        "Lat": 52.204
      },
      {
        "Brigade": "31",
        "Time": "2017-05-14 07:51:41",
        "Lines": "9",
        "Lon": 20.9693,
        "Lat": 52.2028
      },
      {
        "Brigade": "31",
        "Time": "2017-05-14 07:51:46",
        "Lines": "9",
        "Lon": 20.9693,
        "Lat": 52.2027
      },
      {
        "Brigade": "31",
        "Time": "2017-05-14 07:52:01",
        "Lines": "9",
        "Lon": 20.9693,
        "Lat": 52.2027
      },
      {
        "Brigade": "31",
        "Time": "2017-05-14 07:52:01",
        "Lines": "9",
        "Lon": 20.9693,
        "Lat": 52.2027
      },
      {
        "Brigade": "31",
        "Time": "2017-05-14 07:52:11",
        "Lines": "9",
        "Lon": 20.9693,
        "Lat": 52.2027
      },
      {
        "Brigade": "31",
        "Time": "2017-05-14 07:52:26",
        "Lines": "9",
        "Lon": 20.9693,
        "Lat": 52.2027
      },
      {
        "Brigade": "31",
        "Time": "2017-05-14 07:52:36",
        "Lines": "9",
        "Lon": 20.9693,
        "Lat": 52.2027
      },
      {
        "Brigade": "31",
        "Time": "2017-05-14 07:52:46",
        "Lines": "9",
        "Lon": 20.9693,
        "Lat": 52.2027
      },
      {
        "Brigade": "31",
        "Time": "2017-05-14 07:52:56",
        "Lines": "9",
        "Lon": 20.9693,
        "Lat": 52.2027
      },
      {
        "Brigade": "31",
        "Time": "2017-05-14 07:53:06",
        "Lines": "9",
        "Lon": 20.9684,
        "Lat": 52.2017
      },
      {
        "Brigade": "31",
        "Time": "2017-05-14 07:53:21",
        "Lines": "9",
        "Lon": 20.9668,
        "Lat": 52.2
      },
      {
        "Brigade": "31",
        "Time": "2017-05-14 07:53:31",
        "Lines": "9",
        "Lon": 20.9663,
        "Lat": 52.1994
      },
      {
        "Brigade": "31",
        "Time": "2017-05-14 07:53:41",
        "Lines": "9",
        "Lon": 20.9659,
        "Lat": 52.1989
      },
      {
        "Brigade": "31",
        "Time": "2017-05-14 07:53:41",
        "Lines": "9",
        "Lon": 20.9659,
        "Lat": 52.1989
      },
      {
        "Brigade": "31",
        "Time": "2017-05-14 07:53:46",
        "Lines": "9",
        "Lon": 20.9657,
        "Lat": 52.1987
      },
      {
        "Brigade": "31",
        "Time": "2017-05-14 07:54:01",
        "Lines": "9",
        "Lon": 20.9645,
        "Lat": 52.1973
      },
      {
        "Brigade": "31",
        "Time": "2017-05-14 07:54:16",
        "Lines": "9",
        "Lon": 20.9642,
        "Lat": 52.197
      },
      {
        "Brigade": "31",
        "Time": "2017-05-14 07:54:26",
        "Lines": "9",
        "Lon": 20.9642,
        "Lat": 52.197
      },
      {
        "Brigade": "31",
        "Time": "2017-05-14 07:54:36",
        "Lines": "9",
        "Lon": 20.9642,
        "Lat": 52.197
      },
      {
        "Brigade": "31",
        "Time": "2017-05-14 07:54:47",
        "Lines": "9",
        "Lon": 20.964,
        "Lat": 52.1968
      },
      {
        "Brigade": "31",
        "Time": "2017-05-14 07:54:56",
        "Lines": "9",
        "Lon": 20.9635,
        "Lat": 52.1962
      },
      {
        "Brigade": "31",
        "Time": "2017-05-14 07:55:11",
        "Lines": "9",
        "Lon": 20.9625,
        "Lat": 52.1951
      },
      {
        "Brigade": "31",
        "Time": "2017-05-14 07:55:21",
        "Lines": "9",
        "Lon": 20.9615,
        "Lat": 52.194
      },
      {
        "Brigade": "31",
        "Time": "2017-05-14 07:55:31",
        "Lines": "9",
        "Lon": 20.9609,
        "Lat": 52.1934
      },
      {
        "Brigade": "31",
        "Time": "2017-05-14 07:55:31",
        "Lines": "9",
        "Lon": 20.9609,
        "Lat": 52.1934
      },
      {
        "Brigade": "31",
        "Time": "2017-05-14 07:55:41",
        "Lines": "9",
        "Lon": 20.9609,
        "Lat": 52.1934
      },
      {
        "Brigade": "31",
        "Time": "2017-05-14 07:55:51",
        "Lines": "9",
        "Lon": 20.9609,
        "Lat": 52.1934
      },
      {
        "Brigade": "31",
        "Time": "2017-05-14 07:56:06",
        "Lines": "9",
        "Lon": 20.9597,
        "Lat": 52.192
      },
      {
        "Brigade": "31",
        "Time": "2017-05-14 07:56:16",
        "Lines": "9",
        "Lon": 20.9588,
        "Lat": 52.191
      },
      {
        "Brigade": "31",
        "Time": "2017-05-14 07:56:28",
        "Lines": "9",
        "Lon": 20.9585,
        "Lat": 52.1905
      },
      {
        "Brigade": "31",
        "Time": "2017-05-14 07:56:37",
        "Lines": "9",
        "Lon": 20.9585,
        "Lat": 52.1905
      },
      {
        "Brigade": "31",
        "Time": "2017-05-14 07:56:46",
        "Lines": "9",
        "Lon": 20.9585,
        "Lat": 52.1905
      },
      {
        "Brigade": "31",
        "Time": "2017-05-14 07:57:01",
        "Lines": "9",
        "Lon": 20.9585,
        "Lat": 52.1905
      },
      {
        "Brigade": "31",
        "Time": "2017-05-14 07:57:11",
        "Lines": "9",
        "Lon": 20.9582,
        "Lat": 52.1902
      },
      {
        "Brigade": "31",
        "Time": "2017-05-14 07:57:21",
        "Lines": "9",
        "Lon": 20.9573,
        "Lat": 52.1893
      },
      {
        "Brigade": "31",
        "Time": "2017-05-14 07:57:21",
        "Lines": "9",
        "Lon": 20.9573,
        "Lat": 52.1893
      },
      {
        "Brigade": "31",
        "Time": "2017-05-14 07:57:31",
        "Lines": "9",
        "Lon": 20.9563,
        "Lat": 52.1881
      },
      {
        "Brigade": "31",
        "Time": "2017-05-14 07:57:41",
        "Lines": "9",
        "Lon": 20.9552,
        "Lat": 52.1869
      },
      {
        "Brigade": "31",
        "Time": "2017-05-14 07:57:56",
        "Lines": "9",
        "Lon": 20.9545,
        "Lat": 52.1861
      },
      {
        "Brigade": "31",
        "Time": "2017-05-14 07:58:06",
        "Lines": "9",
        "Lon": 20.9545,
        "Lat": 52.1861
      },
      {
        "Brigade": "31",
        "Time": "2017-05-14 07:58:16",
        "Lines": "9",
        "Lon": 20.9545,
        "Lat": 52.1861
      },
      {
        "Brigade": "31",
        "Time": "2017-05-14 07:58:26",
        "Lines": "9",
        "Lon": 20.9545,
        "Lat": 52.1861
      },
      {
        "Brigade": "31",
        "Time": "2017-05-14 07:58:37",
        "Lines": "9",
        "Lon": 20.9542,
        "Lat": 52.1858
      },
      {
        "Brigade": "31",
        "Time": "2017-05-14 07:58:46",
        "Lines": "9",
        "Lon": 20.9533,
        "Lat": 52.1849
      },
      {
        "Brigade": "31",
        "Time": "2017-05-14 07:59:01",
        "Lines": "9",
        "Lon": 20.9518,
        "Lat": 52.1835
      },
      {
        "Brigade": "31",
        "Time": "2017-05-14 07:59:11",
        "Lines": "9",
        "Lon": 20.9517,
        "Lat": 52.1834
      },
      {
        "Brigade": "31",
        "Time": "2017-05-14 07:59:11",
        "Lines": "9",
        "Lon": 20.9517,
        "Lat": 52.1834
      },
      {
        "Brigade": "31",
        "Time": "2017-05-14 07:59:21",
        "Lines": "9",
        "Lon": 20.9513,
        "Lat": 52.183
      },
      {
        "Brigade": "31",
        "Time": "2017-05-14 07:59:31",
        "Lines": "9",
        "Lon": 20.9502,
        "Lat": 52.182
      },
      {
        "Brigade": "31",
        "Time": "2017-05-14 07:59:46",
        "Lines": "9",
        "Lon": 20.9485,
        "Lat": 52.1804
      },
      {
        "Brigade": "31",
        "Time": "2017-05-14 07:59:56",
        "Lines": "9",
        "Lon": 20.9476,
        "Lat": 52.1796
      },
      {
        "Brigade": "31",
        "Time": "2017-05-14 08:00:06",
        "Lines": "9",
        "Lon": 20.9475,
        "Lat": 52.1795
      },
      {
        "Brigade": "31",
        "Time": "2017-05-14 08:00:16",
        "Lines": "9",
        "Lon": 20.947,
        "Lat": 52.1791
      },
      {
        "Brigade": "31",
        "Time": "2017-05-14 08:00:26",
        "Lines": "9",
        "Lon": 20.946,
        "Lat": 52.1782
      },
      {
        "Brigade": "31",
        "Time": "2017-05-14 08:00:41",
        "Lines": "9",
        "Lon": 20.9449,
        "Lat": 52.1771
      },
      {
        "Brigade": "31",
        "Time": "2017-05-14 08:00:51",
        "Lines": "9",
        "Lon": 20.9448,
        "Lat": 52.1769
      },
      {
        "Brigade": "31",
        "Time": "2017-05-14 08:01:01",
        "Lines": "9",
        "Lon": 20.9447,
        "Lat": 52.1768
      },
      {
        "Brigade": "31",
        "Time": "2017-05-14 08:01:01",
        "Lines": "9",
        "Lon": 20.9447,
        "Lat": 52.1768
      },
      {
        "Brigade": "31",
        "Time": "2017-05-14 08:01:11",
        "Lines": "9",
        "Lon": 20.9443,
        "Lat": 52.1765
      },
      {
        "Brigade": "31",
        "Time": "2017-05-14 08:01:25",
        "Lines": "9",
        "Lon": 20.944,
        "Lat": 52.1763
      },
      {
        "Brigade": "31",
        "Time": "2017-05-14 08:01:36",
        "Lines": "9",
        "Lon": 20.944,
        "Lat": 52.1763
      },
      {
        "Brigade": "31",
        "Time": "2017-05-14 08:01:46",
        "Lines": "9",
        "Lon": 20.944,
        "Lat": 52.1763
      },
      {
        "Brigade": "31",
        "Time": "2017-05-14 08:01:56",
        "Lines": "9",
        "Lon": 20.944,
        "Lat": 52.1763
      },
      {
        "Brigade": "31",
        "Time": "2017-05-14 08:02:06",
        "Lines": "9",
        "Lon": 20.944,
        "Lat": 52.1763
      },
      {
        "Brigade": "31",
        "Time": "2017-05-14 08:02:16",
        "Lines": "9",
        "Lon": 20.944,
        "Lat": 52.1763
      },
      {
        "Brigade": "31",
        "Time": "2017-05-14 08:02:31",
        "Lines": "9",
        "Lon": 20.944,
        "Lat": 52.1763
      },
      {
        "Brigade": "31",
        "Time": "2017-05-14 08:02:41",
        "Lines": "9",
        "Lon": 20.944,
        "Lat": 52.1763
      },
      {
        "Brigade": "31",
        "Time": "2017-05-14 08:02:51",
        "Lines": "9",
        "Lon": 20.944,
        "Lat": 52.1763
      },
      {
        "Brigade": "31",
        "Time": "2017-05-14 08:02:51",
        "Lines": "9",
        "Lon": 20.944,
        "Lat": 52.1763
      },
      {
        "Brigade": "31",
        "Time": "2017-05-14 08:03:01",
        "Lines": "9",
        "Lon": 20.944,
        "Lat": 52.1763
      },
      {
        "Brigade": "31",
        "Time": "2017-05-14 08:03:11",
        "Lines": "9",
        "Lon": 20.944,
        "Lat": 52.1763
      },
      {
        "Brigade": "31",
        "Time": "2017-05-14 08:03:26",
        "Lines": "9",
        "Lon": 20.944,
        "Lat": 52.1763
      },
      {
        "Brigade": "31",
        "Time": "2017-05-14 08:03:36",
        "Lines": "9",
        "Lon": 20.944,
        "Lat": 52.1763
      },
      {
        "Brigade": "31",
        "Time": "2017-05-14 08:03:46",
        "Lines": "9",
        "Lon": 20.944,
        "Lat": 52.1763
      },
      {
        "Brigade": "31",
        "Time": "2017-05-14 08:03:56",
        "Lines": "9",
        "Lon": 20.944,
        "Lat": 52.1763
      },
      {
        "Brigade": "31",
        "Time": "2017-05-14 08:04:06",
        "Lines": "9",
        "Lon": 20.944,
        "Lat": 52.1763
      },
      {
        "Brigade": "31",
        "Time": "2017-05-14 08:04:21",
        "Lines": "9",
        "Lon": 20.944,
        "Lat": 52.1763
      },
      {
        "Brigade": "31",
        "Time": "2017-05-14 08:04:31",
        "Lines": "9",
        "Lon": 20.944,
        "Lat": 52.1763
      },
      {
        "Brigade": "31",
        "Time": "2017-05-14 08:04:41",
        "Lines": "9",
        "Lon": 20.944,
        "Lat": 52.1763
      },
      {
        "Brigade": "31",
        "Time": "2017-05-14 08:04:41",
        "Lines": "9",
        "Lon": 20.944,
        "Lat": 52.1763
      },
      {
        "Brigade": "31",
        "Time": "2017-05-14 08:04:51",
        "Lines": "9",
        "Lon": 20.944,
        "Lat": 52.1763
      },
      {
        "Brigade": "31",
        "Time": "2017-05-14 08:05:01",
        "Lines": "9",
        "Lon": 20.944,
        "Lat": 52.1763
      },
      {
        "Brigade": "31",
        "Time": "2017-05-14 08:05:16",
        "Lines": "9",
        "Lon": 20.944,
        "Lat": 52.1763
      },
      {
        "Brigade": "31",
        "Time": "2017-05-14 08:05:26",
        "Lines": "9",
        "Lon": 20.944,
        "Lat": 52.1763
      },
      {
        "Brigade": "31",
        "Time": "2017-05-14 08:05:36",
        "Lines": "9",
        "Lon": 20.944,
        "Lat": 52.1763
      },
      {
        "Brigade": "31",
        "Time": "2017-05-14 08:05:46",
        "Lines": "9",
        "Lon": 20.944,
        "Lat": 52.1763
      },
      {
        "Brigade": "31",
        "Time": "2017-05-14 08:05:56",
        "Lines": "9",
        "Lon": 20.944,
        "Lat": 52.1763
      },
      {
        "Brigade": "31",
        "Time": "2017-05-14 08:06:11",
        "Lines": "9",
        "Lon": 20.944,
        "Lat": 52.1763
      },
      {
        "Brigade": "31",
        "Time": "2017-05-14 08:06:21",
        "Lines": "9",
        "Lon": 20.944,
        "Lat": 52.1763
      },
      {
        "Brigade": "31",
        "Time": "2017-05-14 08:06:31",
        "Lines": "9",
        "Lon": 20.944,
        "Lat": 52.1763
      },
      {
        "Brigade": "31",
        "Time": "2017-05-14 08:06:31",
        "Lines": "9",
        "Lon": 20.944,
        "Lat": 52.1763
      },
      {
        "Brigade": "31",
        "Time": "2017-05-14 08:06:41",
        "Lines": "9",
        "Lon": 20.944,
        "Lat": 52.1763
      },
      {
        "Brigade": "31",
        "Time": "2017-05-14 08:06:51",
        "Lines": "9",
        "Lon": 20.944,
        "Lat": 52.1763
      },
      {
        "Brigade": "31",
        "Time": "2017-05-14 08:07:06",
        "Lines": "9",
        "Lon": 20.944,
        "Lat": 52.1763
      },
      {
        "Brigade": "31",
        "Time": "2017-05-14 08:07:16",
        "Lines": "9",
        "Lon": 20.944,
        "Lat": 52.1763
      },
      {
        "Brigade": "31",
        "Time": "2017-05-14 08:07:26",
        "Lines": "9",
        "Lon": 20.944,
        "Lat": 52.1763
      },
      {
        "Brigade": "31",
        "Time": "2017-05-14 08:07:36",
        "Lines": "9",
        "Lon": 20.944,
        "Lat": 52.1763
      },
      {
        "Brigade": "31",
        "Time": "2017-05-14 08:07:46",
        "Lines": "9",
        "Lon": 20.944,
        "Lat": 52.1763
      },
      {
        "Brigade": "31",
        "Time": "2017-05-14 08:07:56",
        "Lines": "9",
        "Lon": 20.944,
        "Lat": 52.1763
      },
      {
        "Brigade": "31",
        "Time": "2017-05-14 08:08:11",
        "Lines": "9",
        "Lon": 20.944,
        "Lat": 52.1763
      },
      {
        "Brigade": "31",
        "Time": "2017-05-14 08:08:21",
        "Lines": "9",
        "Lon": 20.944,
        "Lat": 52.1763
      },
      {
        "Brigade": "31",
        "Time": "2017-05-14 08:08:21",
        "Lines": "9",
        "Lon": 20.944,
        "Lat": 52.1763
      },
      {
        "Brigade": "31",
        "Time": "2017-05-14 08:08:31",
        "Lines": "9",
        "Lon": 20.944,
        "Lat": 52.1763
      },
      {
        "Brigade": "31",
        "Time": "2017-05-14 08:08:41",
        "Lines": "9",
        "Lon": 20.944,
        "Lat": 52.1763
      },
      {
        "Brigade": "31",
        "Time": "2017-05-14 08:08:56",
        "Lines": "9",
        "Lon": 20.944,
        "Lat": 52.1763
      },
      {
        "Brigade": "31",
        "Time": "2017-05-14 08:09:06",
        "Lines": "9",
        "Lon": 20.9438,
        "Lat": 52.1761
      },
      {
        "Brigade": "31",
        "Time": "2017-05-14 08:09:16",
        "Lines": "9",
        "Lon": 20.9438,
        "Lat": 52.1761
      },
      {
        "Brigade": "31",
        "Time": "2017-05-14 08:09:26",
        "Lines": "9",
        "Lon": 20.9438,
        "Lat": 52.1761
      },
      {
        "Brigade": "31",
        "Time": "2017-05-14 08:09:41",
        "Lines": "9",
        "Lon": 20.9438,
        "Lat": 52.1761
      },
      {
        "Brigade": "31",
        "Time": "2017-05-14 08:09:51",
        "Lines": "9",
        "Lon": 20.9438,
        "Lat": 52.1761
      },
      {
        "Brigade": "31",
        "Time": "2017-05-14 08:10:01",
        "Lines": "9",
        "Lon": 20.9438,
        "Lat": 52.1761
      },
      {
        "Brigade": "31",
        "Time": "2017-05-14 08:10:01",
        "Lines": "9",
        "Lon": 20.9438,
        "Lat": 52.1761
      },
      {
        "Brigade": "31",
        "Time": "2017-05-14 08:10:12",
        "Lines": "9",
        "Lon": 20.9438,
        "Lat": 52.1761
      },
      {
        "Brigade": "31",
        "Time": "2017-05-14 08:10:22",
        "Lines": "9",
        "Lon": 20.9438,
        "Lat": 52.1761
      },
      {
        "Brigade": "31",
        "Time": "2017-05-14 08:10:32",
        "Lines": "9",
        "Lon": 20.9438,
        "Lat": 52.1761
      },
      {
        "Brigade": "31",
        "Time": "2017-05-14 08:10:47",
        "Lines": "9",
        "Lon": 20.9438,
        "Lat": 52.1761
      },
      {
        "Brigade": "31",
        "Time": "2017-05-14 08:10:55",
        "Lines": "9",
        "Lon": 20.9438,
        "Lat": 52.1761
      },
      {
        "Brigade": "31",
        "Time": "2017-05-14 08:11:05",
        "Lines": "9",
        "Lon": 20.9438,
        "Lat": 52.1761
      },
      {
        "Brigade": "31",
        "Time": "2017-05-14 08:11:15",
        "Lines": "9",
        "Lon": 20.9438,
        "Lat": 52.1761
      },
      {
        "Brigade": "31",
        "Time": "2017-05-14 08:11:30",
        "Lines": "9",
        "Lon": 20.9438,
        "Lat": 52.1761
      },
      {
        "Brigade": "31",
        "Time": "2017-05-14 08:11:40",
        "Lines": "9",
        "Lon": 20.9438,
        "Lat": 52.1761
      },
      {
        "Brigade": "31",
        "Time": "2017-05-14 08:11:45",
        "Lines": "9",
        "Lon": 20.9438,
        "Lat": 52.1761
      },
      {
        "Brigade": "31",
        "Time": "2017-05-14 08:11:45",
        "Lines": "9",
        "Lon": 20.9438,
        "Lat": 52.1761
      },
      {
        "Brigade": "31",
        "Time": "2017-05-14 08:12:00",
        "Lines": "9",
        "Lon": 20.9438,
        "Lat": 52.1761
      },
      {
        "Brigade": "31",
        "Time": "2017-05-14 08:12:10",
        "Lines": "9",
        "Lon": 20.9438,
        "Lat": 52.1761
      },
      {
        "Brigade": "31",
        "Time": "2017-05-14 08:12:25",
        "Lines": "9",
        "Lon": 20.9438,
        "Lat": 52.1761
      },
      {
        "Brigade": "31",
        "Time": "2017-05-14 08:12:35",
        "Lines": "9",
        "Lon": 20.9438,
        "Lat": 52.1761
      },
      {
        "Brigade": "31",
        "Time": "2017-05-14 08:12:45",
        "Lines": "9",
        "Lon": 20.9438,
        "Lat": 52.1761
      },
      {
        "Brigade": "31",
        "Time": "2017-05-14 08:12:55",
        "Lines": "9",
        "Lon": 20.9438,
        "Lat": 52.1761
      },
      {
        "Brigade": "31",
        "Time": "2017-05-14 08:13:05",
        "Lines": "9",
        "Lon": 20.9438,
        "Lat": 52.1761
      },
      {
        "Brigade": "31",
        "Time": "2017-05-14 08:13:20",
        "Lines": "9",
        "Lon": 20.9438,
        "Lat": 52.1761
      },
      {
        "Brigade": "31",
        "Time": "2017-05-14 08:13:30",
        "Lines": "9",
        "Lon": 20.9438,
        "Lat": 52.1761
      },
      {
        "Brigade": "31",
        "Time": "2017-05-14 08:13:40",
        "Lines": "9",
        "Lon": 20.9438,
        "Lat": 52.1761
      },
      {
        "Brigade": "31",
        "Time": "2017-05-14 08:13:40",
        "Lines": "9",
        "Lon": 20.9438,
        "Lat": 52.1761
      },
      {
        "Brigade": "31",
        "Time": "2017-05-14 08:13:45",
        "Lines": "9",
        "Lon": 20.9438,
        "Lat": 52.1761
      },
      {
        "Brigade": "31",
        "Time": "2017-05-14 08:14:05",
        "Lines": "9",
        "Lon": 20.9438,
        "Lat": 52.1761
      },
      {
        "Brigade": "31",
        "Time": "2017-05-14 08:14:15",
        "Lines": "9",
        "Lon": 20.9438,
        "Lat": 52.1761
      },
      {
        "Brigade": "31",
        "Time": "2017-05-14 08:14:25",
        "Lines": "9",
        "Lon": 20.9438,
        "Lat": 52.1761
      },
      {
        "Brigade": "31",
        "Time": "2017-05-14 08:14:35",
        "Lines": "9",
        "Lon": 20.9438,
        "Lat": 52.1761
      },
      {
        "Brigade": "31",
        "Time": "2017-05-14 08:14:45",
        "Lines": "9",
        "Lon": 20.9438,
        "Lat": 52.1761
      },
      {
        "Brigade": "31",
        "Time": "2017-05-14 08:14:56",
        "Lines": "9",
        "Lon": 20.9438,
        "Lat": 52.1761
      },
      {
        "Brigade": "31",
        "Time": "2017-05-14 08:15:11",
        "Lines": "9",
        "Lon": 20.9438,
        "Lat": 52.1761
      },
      {
        "Brigade": "31",
        "Time": "2017-05-14 08:15:21",
        "Lines": "9",
        "Lon": 20.9438,
        "Lat": 52.1761
      },
      {
        "Brigade": "31",
        "Time": "2017-05-14 08:15:21",
        "Lines": "9",
        "Lon": 20.9438,
        "Lat": 52.1761
      },
      {
        "Brigade": "31",
        "Time": "2017-05-14 08:15:31",
        "Lines": "9",
        "Lon": 20.9438,
        "Lat": 52.1761
      },
      {
        "Brigade": "31",
        "Time": "2017-05-14 08:15:41",
        "Lines": "9",
        "Lon": 20.9438,
        "Lat": 52.1761
      },
      {
        "Brigade": "31",
        "Time": "2017-05-14 08:15:56",
        "Lines": "9",
        "Lon": 20.9438,
        "Lat": 52.1761
      },
      {
        "Brigade": "31",
        "Time": "2017-05-14 08:16:06",
        "Lines": "9",
        "Lon": 20.9438,
        "Lat": 52.1761
      },
      {
        "Brigade": "31",
        "Time": "2017-05-14 08:16:16",
        "Lines": "9",
        "Lon": 20.9438,
        "Lat": 52.1761
      },
      {
        "Brigade": "31",
        "Time": "2017-05-14 08:16:26",
        "Lines": "9",
        "Lon": 20.9438,
        "Lat": 52.1761
      },
      {
        "Brigade": "31",
        "Time": "2017-05-14 08:16:36",
        "Lines": "9",
        "Lon": 20.9438,
        "Lat": 52.1761
      },
      {
        "Brigade": "31",
        "Time": "2017-05-14 08:16:46",
        "Lines": "9",
        "Lon": 20.9438,
        "Lat": 52.1761
      },
      {
        "Brigade": "31",
        "Time": "2017-05-14 08:17:01",
        "Lines": "9",
        "Lon": 20.9438,
        "Lat": 52.1761
      },
      {
        "Brigade": "31",
        "Time": "2017-05-14 08:17:11",
        "Lines": "9",
        "Lon": 20.9438,
        "Lat": 52.1761
      },
      {
        "Brigade": "31",
        "Time": "2017-05-14 08:17:11",
        "Lines": "9",
        "Lon": 20.9438,
        "Lat": 52.1761
      },
      {
        "Brigade": "31",
        "Time": "2017-05-14 08:17:21",
        "Lines": "9",
        "Lon": 20.9438,
        "Lat": 52.1761
      },
      {
        "Brigade": "31",
        "Time": "2017-05-14 08:17:31",
        "Lines": "9",
        "Lon": 20.9438,
        "Lat": 52.1761
      },
      {
        "Brigade": "31",
        "Time": "2017-05-14 08:17:46",
        "Lines": "9",
        "Lon": 20.9438,
        "Lat": 52.1761
      }
    ]
  }
]
