[
  {
    "res": [
      {
        "Brigade": "33",
        "Time": "2017-05-14 07:40:57",
        "Lines": "9",
        "Lon": 21.0556,
        "Lat": 52.2557
      },
      {
        "Brigade": "33",
        "Time": "2017-05-14 07:41:07",
        "Lines": "9",
        "Lon": 21.0543,
        "Lat": 52.2553
      },
      {
        "Brigade": "33",
        "Time": "2017-05-14 07:41:17",
        "Lines": "9",
        "Lon": 21.0541,
        "Lat": 52.2552
      },
      {
        "Brigade": "33",
        "Time": "2017-05-14 07:41:31",
        "Lines": "9",
        "Lon": 21.054,
        "Lat": 52.2552
      },
      {
        "Brigade": "33",
        "Time": "2017-05-14 07:41:31",
        "Lines": "9",
        "Lon": 21.054,
        "Lat": 52.2552
      },
      {
        "Brigade": "33",
        "Time": "2017-05-14 07:41:41",
        "Lines": "9",
        "Lon": 21.0536,
        "Lat": 52.255
      },
      {
        "Brigade": "33",
        "Time": "2017-05-14 07:41:51",
        "Lines": "9",
        "Lon": 21.0538,
        "Lat": 52.2547
      },
      {
        "Brigade": "33",
        "Time": "2017-05-14 07:42:01",
        "Lines": "9",
        "Lon": 21.054,
        "Lat": 52.2542
      },
      {
        "Brigade": "33",
        "Time": "2017-05-14 07:42:16",
        "Lines": "9",
        "Lon": 21.0531,
        "Lat": 52.2538
      },
      {
        "Brigade": "33",
        "Time": "2017-05-14 07:42:26",
        "Lines": "9",
        "Lon": 21.0527,
        "Lat": 52.2536
      },
      {
        "Brigade": "33",
        "Time": "2017-05-14 07:42:36",
        "Lines": "9",
        "Lon": 21.0508,
        "Lat": 52.253
      },
      {
        "Brigade": "33",
        "Time": "2017-05-14 07:42:46",
        "Lines": "9",
        "Lon": 21.0499,
        "Lat": 52.2528
      },
      {
        "Brigade": "33",
        "Time": "2017-05-14 07:42:56",
        "Lines": "9",
        "Lon": 21.0499,
        "Lat": 52.2527
      },
      {
        "Brigade": "33",
        "Time": "2017-05-14 07:43:11",
        "Lines": "9",
        "Lon": 21.049,
        "Lat": 52.2525
      },
      {
        "Brigade": "33",
        "Time": "2017-05-14 07:43:11",
        "Lines": "9",
        "Lon": 21.049,
        "Lat": 52.2525
      },
      {
        "Brigade": "33",
        "Time": "2017-05-14 07:43:22",
        "Lines": "9",
        "Lon": 21.0483,
        "Lat": 52.2523
      },
      {
        "Brigade": "33",
        "Time": "2017-05-14 07:43:32",
        "Lines": "9",
        "Lon": 21.0468,
        "Lat": 52.2517
      },
      {
        "Brigade": "33",
        "Time": "2017-05-14 07:43:47",
        "Lines": "9",
        "Lon": 21.045,
        "Lat": 52.2508
      },
      {
        "Brigade": "33",
        "Time": "2017-05-14 07:43:57",
        "Lines": "9",
        "Lon": 21.0442,
        "Lat": 52.2503
      },
      {
        "Brigade": "33",
        "Time": "2017-05-14 07:44:07",
        "Lines": "9",
        "Lon": 21.0437,
        "Lat": 52.2501
      },
      {
        "Brigade": "33",
        "Time": "2017-05-14 07:44:17",
        "Lines": "9",
        "Lon": 21.0434,
        "Lat": 52.2499
      },
      {
        "Brigade": "33",
        "Time": "2017-05-14 07:44:27",
        "Lines": "9",
        "Lon": 21.0431,
        "Lat": 52.2497
      },
      {
        "Brigade": "33",
        "Time": "2017-05-14 07:44:37",
        "Lines": "9",
        "Lon": 21.0431,
        "Lat": 52.2497
      },
      {
        "Brigade": "33",
        "Time": "2017-05-14 07:44:52",
        "Lines": "9",
        "Lon": 21.0429,
        "Lat": 52.2495
      },
      {
        "Brigade": "33",
        "Time": "2017-05-14 07:45:03",
        "Lines": "9",
        "Lon": 21.0436,
        "Lat": 52.2491
      },
      {
        "Brigade": "33",
        "Time": "2017-05-14 07:45:03",
        "Lines": "9",
        "Lon": 21.0436,
        "Lat": 52.2491
      },
      {
        "Brigade": "33",
        "Time": "2017-05-14 07:45:13",
        "Lines": "9",
        "Lon": 21.0442,
        "Lat": 52.2489
      },
      {
        "Brigade": "33",
        "Time": "2017-05-14 07:45:23",
        "Lines": "9",
        "Lon": 21.0442,
        "Lat": 52.2489
      },
      {
        "Brigade": "33",
        "Time": "2017-05-14 07:45:35",
        "Lines": "9",
        "Lon": 21.0445,
        "Lat": 52.2488
      },
      {
        "Brigade": "33",
        "Time": "2017-05-14 07:45:48",
        "Lines": "9",
        "Lon": 21.0455,
        "Lat": 52.2485
      },
      {
        "Brigade": "33",
        "Time": "2017-05-14 07:45:58",
        "Lines": "9",
        "Lon": 21.0457,
        "Lat": 52.2484
      },
      {
        "Brigade": "33",
        "Time": "2017-05-14 07:46:11",
        "Lines": "9",
        "Lon": 21.0459,
        "Lat": 52.2483
      },
      {
        "Brigade": "33",
        "Time": "2017-05-14 07:46:18",
        "Lines": "9",
        "Lon": 21.0464,
        "Lat": 52.2481
      },
      {
        "Brigade": "33",
        "Time": "2017-05-14 07:46:33",
        "Lines": "9",
        "Lon": 21.047,
        "Lat": 52.2479
      },
      {
        "Brigade": "33",
        "Time": "2017-05-14 07:46:42",
        "Lines": "9",
        "Lon": 21.047,
        "Lat": 52.2479
      },
      {
        "Brigade": "33",
        "Time": "2017-05-14 07:46:42",
        "Lines": "9",
        "Lon": 21.047,
        "Lat": 52.2479
      },
      {
        "Brigade": "33",
        "Time": "2017-05-14 07:46:53",
        "Lines": "9",
        "Lon": 21.047,
        "Lat": 52.2479
      },
      {
        "Brigade": "33",
        "Time": "2017-05-14 07:47:02",
        "Lines": "9",
        "Lon": 21.047,
        "Lat": 52.2479
      },
      {
        "Brigade": "33",
        "Time": "2017-05-14 07:47:12",
        "Lines": "9",
        "Lon": 21.047,
        "Lat": 52.2479
      },
      {
        "Brigade": "33",
        "Time": "2017-05-14 07:47:22",
        "Lines": "9",
        "Lon": 21.047,
        "Lat": 52.2479
      },
      {
        "Brigade": "33",
        "Time": "2017-05-14 07:47:38",
        "Lines": "9",
        "Lon": 21.047,
        "Lat": 52.2479
      },
      {
        "Brigade": "33",
        "Time": "2017-05-14 07:47:48",
        "Lines": "9",
        "Lon": 21.047,
        "Lat": 52.2479
      },
      {
        "Brigade": "33",
        "Time": "2017-05-14 07:48:00",
        "Lines": "9",
        "Lon": 21.0471,
        "Lat": 52.2476
      },
      {
        "Brigade": "33",
        "Time": "2017-05-14 07:48:07",
        "Lines": "9",
        "Lon": 21.047,
        "Lat": 52.2473
      },
      {
        "Brigade": "33",
        "Time": "2017-05-14 07:48:18",
        "Lines": "9",
        "Lon": 21.0472,
        "Lat": 52.247
      },
      {
        "Brigade": "33",
        "Time": "2017-05-14 07:48:32",
        "Lines": "9",
        "Lon": 21.0473,
        "Lat": 52.2467
      },
      {
        "Brigade": "33",
        "Time": "2017-05-14 07:48:32",
        "Lines": "9",
        "Lon": 21.0473,
        "Lat": 52.2467
      },
      {
        "Brigade": "33",
        "Time": "2017-05-14 07:48:42",
        "Lines": "9",
        "Lon": 21.0473,
        "Lat": 52.2467
      },
      {
        "Brigade": "33",
        "Time": "2017-05-14 07:48:52",
        "Lines": "9",
        "Lon": 21.0473,
        "Lat": 52.2467
      },
      {
        "Brigade": "33",
        "Time": "2017-05-14 07:49:02",
        "Lines": "9",
        "Lon": 21.0475,
        "Lat": 52.2464
      },
      {
        "Brigade": "33",
        "Time": "2017-05-14 07:49:12",
        "Lines": "9",
        "Lon": 21.0477,
        "Lat": 52.2458
      },
      {
        "Brigade": "33",
        "Time": "2017-05-14 07:49:27",
        "Lines": "9",
        "Lon": 21.0482,
        "Lat": 52.2449
      },
      {
        "Brigade": "33",
        "Time": "2017-05-14 07:49:38",
        "Lines": "9",
        "Lon": 21.0485,
        "Lat": 52.2443
      },
      {
        "Brigade": "33",
        "Time": "2017-05-14 07:49:47",
        "Lines": "9",
        "Lon": 21.0488,
        "Lat": 52.2437
      },
      {
        "Brigade": "33",
        "Time": "2017-05-14 07:49:57",
        "Lines": "9",
        "Lon": 21.049,
        "Lat": 52.2432
      },
      {
        "Brigade": "33",
        "Time": "2017-05-14 07:50:08",
        "Lines": "9",
        "Lon": 21.0496,
        "Lat": 52.242
      },
      {
        "Brigade": "33",
        "Time": "2017-05-14 07:50:22",
        "Lines": "9",
        "Lon": 21.0505,
        "Lat": 52.2401
      },
      {
        "Brigade": "33",
        "Time": "2017-05-14 07:50:22",
        "Lines": "9",
        "Lon": 21.0505,
        "Lat": 52.2401
      },
      {
        "Brigade": "33",
        "Time": "2017-05-14 07:50:27",
        "Lines": "9",
        "Lon": 21.0508,
        "Lat": 52.2395
      },
      {
        "Brigade": "33",
        "Time": "2017-05-14 07:50:42",
        "Lines": "9",
        "Lon": 21.0511,
        "Lat": 52.2389
      },
      {
        "Brigade": "33",
        "Time": "2017-05-14 07:50:52",
        "Lines": "9",
        "Lon": 21.0511,
        "Lat": 52.2389
      },
      {
        "Brigade": "33",
        "Time": "2017-05-14 07:51:02",
        "Lines": "9",
        "Lon": 21.0511,
        "Lat": 52.2389
      },
      {
        "Brigade": "33",
        "Time": "2017-05-14 07:51:17",
        "Lines": "9",
        "Lon": 21.0511,
        "Lat": 52.2389
      },
      {
        "Brigade": "33",
        "Time": "2017-05-14 07:51:26",
        "Lines": "9",
        "Lon": 21.0511,
        "Lat": 52.2389
      },
      {
        "Brigade": "33",
        "Time": "2017-05-14 07:51:41",
        "Lines": "9",
        "Lon": 21.0509,
        "Lat": 52.238
      },
      {
        "Brigade": "33",
        "Time": "2017-05-14 07:51:51",
        "Lines": "9",
        "Lon": 21.0502,
        "Lat": 52.2379
      },
      {
        "Brigade": "33",
        "Time": "2017-05-14 07:52:01",
        "Lines": "9",
        "Lon": 21.05,
        "Lat": 52.2379
      },
      {
        "Brigade": "33",
        "Time": "2017-05-14 07:52:01",
        "Lines": "9",
        "Lon": 21.05,
        "Lat": 52.2379
      },
      {
        "Brigade": "33",
        "Time": "2017-05-14 07:52:11",
        "Lines": "9",
        "Lon": 21.05,
        "Lat": 52.2379
      },
      {
        "Brigade": "33",
        "Time": "2017-05-14 07:52:16",
        "Lines": "9",
        "Lon": 21.05,
        "Lat": 52.2378
      },
      {
        "Brigade": "33",
        "Time": "2017-05-14 07:52:36",
        "Lines": "9",
        "Lon": 21.0471,
        "Lat": 52.2372
      },
      {
        "Brigade": "33",
        "Time": "2017-05-14 07:52:46",
        "Lines": "9",
        "Lon": 21.0451,
        "Lat": 52.2368
      },
      {
        "Brigade": "33",
        "Time": "2017-05-14 07:52:56",
        "Lines": "9",
        "Lon": 21.0434,
        "Lat": 52.2364
      },
      {
        "Brigade": "33",
        "Time": "2017-05-14 07:53:06",
        "Lines": "9",
        "Lon": 21.0415,
        "Lat": 52.2361
      },
      {
        "Brigade": "33",
        "Time": "2017-05-14 07:53:16",
        "Lines": "9",
        "Lon": 21.0398,
        "Lat": 52.2357
      },
      {
        "Brigade": "33",
        "Time": "2017-05-14 07:53:27",
        "Lines": "9",
        "Lon": 21.0381,
        "Lat": 52.2353
      },
      {
        "Brigade": "33",
        "Time": "2017-05-14 07:53:43",
        "Lines": "9",
        "Lon": 21.0364,
        "Lat": 52.235
      },
      {
        "Brigade": "33",
        "Time": "2017-05-14 07:53:43",
        "Lines": "9",
        "Lon": 21.0364,
        "Lat": 52.235
      },
      {
        "Brigade": "33",
        "Time": "2017-05-14 07:53:51",
        "Lines": "9",
        "Lon": 21.0364,
        "Lat": 52.235
      },
      {
        "Brigade": "33",
        "Time": "2017-05-14 07:54:01",
        "Lines": "9",
        "Lon": 21.0364,
        "Lat": 52.235
      },
      {
        "Brigade": "33",
        "Time": "2017-05-14 07:54:12",
        "Lines": "9",
        "Lon": 21.0353,
        "Lat": 52.2348
      },
      {
        "Brigade": "33",
        "Time": "2017-05-14 07:54:27",
        "Lines": "9",
        "Lon": 21.0321,
        "Lat": 52.2341
      },
      {
        "Brigade": "33",
        "Time": "2017-05-14 07:54:32",
        "Lines": "9",
        "Lon": 21.0312,
        "Lat": 52.2339
      },
      {
        "Brigade": "33",
        "Time": "2017-05-14 07:54:47",
        "Lines": "9",
        "Lon": 21.0286,
        "Lat": 52.2334
      },
      {
        "Brigade": "33",
        "Time": "2017-05-14 07:54:57",
        "Lines": "9",
        "Lon": 21.0267,
        "Lat": 52.233
      },
      {
        "Brigade": "33",
        "Time": "2017-05-14 07:55:07",
        "Lines": "9",
        "Lon": 21.0247,
        "Lat": 52.2326
      },
      {
        "Brigade": "33",
        "Time": "2017-05-14 07:55:22",
        "Lines": "9",
        "Lon": 21.0223,
        "Lat": 52.2321
      },
      {
        "Brigade": "33",
        "Time": "2017-05-14 07:55:32",
        "Lines": "9",
        "Lon": 21.0219,
        "Lat": 52.232
      },
      {
        "Brigade": "33",
        "Time": "2017-05-14 07:55:32",
        "Lines": "9",
        "Lon": 21.0219,
        "Lat": 52.232
      },
      {
        "Brigade": "33",
        "Time": "2017-05-14 07:55:42",
        "Lines": "9",
        "Lon": 21.0219,
        "Lat": 52.232
      },
      {
        "Brigade": "33",
        "Time": "2017-05-14 07:55:52",
        "Lines": "9",
        "Lon": 21.022,
        "Lat": 52.232
      },
      {
        "Brigade": "33",
        "Time": "2017-05-14 07:56:02",
        "Lines": "9",
        "Lon": 21.0212,
        "Lat": 52.2319
      },
      {
        "Brigade": "33",
        "Time": "2017-05-14 07:56:12",
        "Lines": "9",
        "Lon": 21.0203,
        "Lat": 52.2317
      },
      {
        "Brigade": "33",
        "Time": "2017-05-14 07:56:27",
        "Lines": "9",
        "Lon": 21.0185,
        "Lat": 52.2313
      },
      {
        "Brigade": "33",
        "Time": "2017-05-14 07:56:38",
        "Lines": "9",
        "Lon": 21.0174,
        "Lat": 52.2311
      },
      {
        "Brigade": "33",
        "Time": "2017-05-14 07:56:47",
        "Lines": "9",
        "Lon": 21.0173,
        "Lat": 52.231
      },
      {
        "Brigade": "33",
        "Time": "2017-05-14 07:56:57",
        "Lines": "9",
        "Lon": 21.0173,
        "Lat": 52.231
      },
      {
        "Brigade": "33",
        "Time": "2017-05-14 07:57:08",
        "Lines": "9",
        "Lon": 21.0169,
        "Lat": 52.2309
      },
      {
        "Brigade": "33",
        "Time": "2017-05-14 07:57:22",
        "Lines": "9",
        "Lon": 21.0156,
        "Lat": 52.2307
      },
      {
        "Brigade": "33",
        "Time": "2017-05-14 07:57:22",
        "Lines": "9",
        "Lon": 21.0156,
        "Lat": 52.2307
      },
      {
        "Brigade": "33",
        "Time": "2017-05-14 07:57:32",
        "Lines": "9",
        "Lon": 21.0146,
        "Lat": 52.2305
      },
      {
        "Brigade": "33",
        "Time": "2017-05-14 07:57:42",
        "Lines": "9",
        "Lon": 21.0133,
        "Lat": 52.2302
      },
      {
        "Brigade": "33",
        "Time": "2017-05-14 07:57:52",
        "Lines": "9",
        "Lon": 21.0127,
        "Lat": 52.2301
      },
      {
        "Brigade": "33",
        "Time": "2017-05-14 07:58:02",
        "Lines": "9",
        "Lon": 21.0127,
        "Lat": 52.2301
      },
      {
        "Brigade": "33",
        "Time": "2017-05-14 07:58:17",
        "Lines": "9",
        "Lon": 21.0127,
        "Lat": 52.2301
      },
      {
        "Brigade": "33",
        "Time": "2017-05-14 07:58:27",
        "Lines": "9",
        "Lon": 21.0127,
        "Lat": 52.2301
      },
      {
        "Brigade": "33",
        "Time": "2017-05-14 07:58:37",
        "Lines": "9",
        "Lon": 21.0127,
        "Lat": 52.23
      },
      {
        "Brigade": "33",
        "Time": "2017-05-14 07:58:47",
        "Lines": "9",
        "Lon": 21.0127,
        "Lat": 52.23
      },
      {
        "Brigade": "33",
        "Time": "2017-05-14 07:59:02",
        "Lines": "9",
        "Lon": 21.0127,
        "Lat": 52.23
      },
      {
        "Brigade": "33",
        "Time": "2017-05-14 07:59:12",
        "Lines": "9",
        "Lon": 21.0124,
        "Lat": 52.23
      },
      {
        "Brigade": "33",
        "Time": "2017-05-14 07:59:12",
        "Lines": "9",
        "Lon": 21.0124,
        "Lat": 52.23
      },
      {
        "Brigade": "33",
        "Time": "2017-05-14 07:59:22",
        "Lines": "9",
        "Lon": 21.0115,
        "Lat": 52.2298
      },
      {
        "Brigade": "33",
        "Time": "2017-05-14 07:59:32",
        "Lines": "9",
        "Lon": 21.01,
        "Lat": 52.2295
      },
      {
        "Brigade": "33",
        "Time": "2017-05-14 07:59:42",
        "Lines": "9",
        "Lon": 21.0081,
        "Lat": 52.2291
      },
      {
        "Brigade": "33",
        "Time": "2017-05-14 07:59:53",
        "Lines": "9",
        "Lon": 21.0069,
        "Lat": 52.2288
      },
      {
        "Brigade": "33",
        "Time": "2017-05-14 08:00:07",
        "Lines": "9",
        "Lon": 21.0065,
        "Lat": 52.2288
      },
      {
        "Brigade": "33",
        "Time": "2017-05-14 08:00:17",
        "Lines": "9",
        "Lon": 21.0065,
        "Lat": 52.2288
      },
      {
        "Brigade": "33",
        "Time": "2017-05-14 08:00:27",
        "Lines": "9",
        "Lon": 21.0065,
        "Lat": 52.2288
      },
      {
        "Brigade": "33",
        "Time": "2017-05-14 08:00:37",
        "Lines": "9",
        "Lon": 21.0065,
        "Lat": 52.2288
      },
      {
        "Brigade": "33",
        "Time": "2017-05-14 08:00:48",
        "Lines": "9",
        "Lon": 21.0062,
        "Lat": 52.2287
      },
      {
        "Brigade": "33",
        "Time": "2017-05-14 08:01:03",
        "Lines": "9",
        "Lon": 21.0038,
        "Lat": 52.2282
      },
      {
        "Brigade": "33",
        "Time": "2017-05-14 08:01:03",
        "Lines": "9",
        "Lon": 21.0038,
        "Lat": 52.2282
      },
      {
        "Brigade": "33",
        "Time": "2017-05-14 08:01:13",
        "Lines": "9",
        "Lon": 21.0031,
        "Lat": 52.228
      },
      {
        "Brigade": "33",
        "Time": "2017-05-14 08:01:23",
        "Lines": "9",
        "Lon": 21.003,
        "Lat": 52.228
      },
      {
        "Brigade": "33",
        "Time": "2017-05-14 08:01:33",
        "Lines": "9",
        "Lon": 21.003,
        "Lat": 52.228
      },
      {
        "Brigade": "33",
        "Time": "2017-05-14 08:01:43",
        "Lines": "9",
        "Lon": 21.003,
        "Lat": 52.228
      },
      {
        "Brigade": "33",
        "Time": "2017-05-14 08:01:53",
        "Lines": "9",
        "Lon": 21.003,
        "Lat": 52.228
      },
      {
        "Brigade": "33",
        "Time": "2017-05-14 08:02:08",
        "Lines": "9",
        "Lon": 21.0029,
        "Lat": 52.228
      },
      {
        "Brigade": "33",
        "Time": "2017-05-14 08:02:18",
        "Lines": "9",
        "Lon": 21.0029,
        "Lat": 52.228
      },
      {
        "Brigade": "33",
        "Time": "2017-05-14 08:02:28",
        "Lines": "9",
        "Lon": 21.0022,
        "Lat": 52.2278
      },
      {
        "Brigade": "33",
        "Time": "2017-05-14 08:02:38",
        "Lines": "9",
        "Lon": 21.0011,
        "Lat": 52.2276
      },
      {
        "Brigade": "33",
        "Time": "2017-05-14 08:02:48",
        "Lines": "9",
        "Lon": 20.9993,
        "Lat": 52.2272
      },
      {
        "Brigade": "33",
        "Time": "2017-05-14 08:02:48",
        "Lines": "9",
        "Lon": 20.9993,
        "Lat": 52.2272
      },
      {
        "Brigade": "33",
        "Time": "2017-05-14 08:02:59",
        "Lines": "9",
        "Lon": 20.9975,
        "Lat": 52.2268
      },
      {
        "Brigade": "33",
        "Time": "2017-05-14 08:03:13",
        "Lines": "9",
        "Lon": 20.9967,
        "Lat": 52.2266
      },
      {
        "Brigade": "33",
        "Time": "2017-05-14 08:03:26",
        "Lines": "9",
        "Lon": 20.9967,
        "Lat": 52.2266
      },
      {
        "Brigade": "33",
        "Time": "2017-05-14 08:03:36",
        "Lines": "9",
        "Lon": 20.996,
        "Lat": 52.2265
      },
      {
        "Brigade": "33",
        "Time": "2017-05-14 08:03:46",
        "Lines": "9",
        "Lon": 20.9953,
        "Lat": 52.2264
      },
      {
        "Brigade": "33",
        "Time": "2017-05-14 08:03:56",
        "Lines": "9",
        "Lon": 20.9941,
        "Lat": 52.2261
      },
      {
        "Brigade": "33",
        "Time": "2017-05-14 08:04:06",
        "Lines": "9",
        "Lon": 20.992,
        "Lat": 52.2256
      },
      {
        "Brigade": "33",
        "Time": "2017-05-14 08:04:16",
        "Lines": "9",
        "Lon": 20.9906,
        "Lat": 52.2253
      },
      {
        "Brigade": "33",
        "Time": "2017-05-14 08:04:31",
        "Lines": "9",
        "Lon": 20.9897,
        "Lat": 52.225
      },
      {
        "Brigade": "33",
        "Time": "2017-05-14 08:04:41",
        "Lines": "9",
        "Lon": 20.9897,
        "Lat": 52.225
      },
      {
        "Brigade": "33",
        "Time": "2017-05-14 08:04:41",
        "Lines": "9",
        "Lon": 20.9897,
        "Lat": 52.225
      },
      {
        "Brigade": "33",
        "Time": "2017-05-14 08:04:51",
        "Lines": "9",
        "Lon": 20.9888,
        "Lat": 52.2246
      },
      {
        "Brigade": "33",
        "Time": "2017-05-14 08:05:01",
        "Lines": "9",
        "Lon": 20.988,
        "Lat": 52.2241
      },
      {
        "Brigade": "33",
        "Time": "2017-05-14 08:05:16",
        "Lines": "9",
        "Lon": 20.9871,
        "Lat": 52.2231
      },
      {
        "Brigade": "33",
        "Time": "2017-05-14 08:05:26",
        "Lines": "9",
        "Lon": 20.987,
        "Lat": 52.223
      },
      {
        "Brigade": "33",
        "Time": "2017-05-14 08:05:36",
        "Lines": "9",
        "Lon": 20.987,
        "Lat": 52.223
      },
      {
        "Brigade": "33",
        "Time": "2017-05-14 08:05:46",
        "Lines": "9",
        "Lon": 20.987,
        "Lat": 52.223
      },
      {
        "Brigade": "33",
        "Time": "2017-05-14 08:05:56",
        "Lines": "9",
        "Lon": 20.987,
        "Lat": 52.223
      },
      {
        "Brigade": "33",
        "Time": "2017-05-14 08:06:08",
        "Lines": "9",
        "Lon": 20.9868,
        "Lat": 52.2228
      },
      {
        "Brigade": "33",
        "Time": "2017-05-14 08:06:21",
        "Lines": "9",
        "Lon": 20.986,
        "Lat": 52.2221
      },
      {
        "Brigade": "33",
        "Time": "2017-05-14 08:06:31",
        "Lines": "9",
        "Lon": 20.9852,
        "Lat": 52.221
      },
      {
        "Brigade": "33",
        "Time": "2017-05-14 08:06:31",
        "Lines": "9",
        "Lon": 20.9852,
        "Lat": 52.221
      },
      {
        "Brigade": "33",
        "Time": "2017-05-14 08:06:41",
        "Lines": "9",
        "Lon": 20.9846,
        "Lat": 52.2202
      },
      {
        "Brigade": "33",
        "Time": "2017-05-14 08:06:51",
        "Lines": "9",
        "Lon": 20.9843,
        "Lat": 52.22
      },
      {
        "Brigade": "33",
        "Time": "2017-05-14 08:07:06",
        "Lines": "9",
        "Lon": 20.9844,
        "Lat": 52.22
      },
      {
        "Brigade": "33",
        "Time": "2017-05-14 08:07:16",
        "Lines": "9",
        "Lon": 20.9844,
        "Lat": 52.22
      },
      {
        "Brigade": "33",
        "Time": "2017-05-14 08:07:26",
        "Lines": "9",
        "Lon": 20.9844,
        "Lat": 52.22
      },
      {
        "Brigade": "33",
        "Time": "2017-05-14 08:07:36",
        "Lines": "9",
        "Lon": 20.9843,
        "Lat": 52.22
      },
      {
        "Brigade": "33",
        "Time": "2017-05-14 08:07:46",
        "Lines": "9",
        "Lon": 20.9844,
        "Lat": 52.22
      },
      {
        "Brigade": "33",
        "Time": "2017-05-14 08:07:56",
        "Lines": "9",
        "Lon": 20.9843,
        "Lat": 52.22
      },
      {
        "Brigade": "33",
        "Time": "2017-05-14 08:08:11",
        "Lines": "9",
        "Lon": 20.9838,
        "Lat": 52.2194
      },
      {
        "Brigade": "33",
        "Time": "2017-05-14 08:08:16",
        "Lines": "9",
        "Lon": 20.9836,
        "Lat": 52.2192
      },
      {
        "Brigade": "33",
        "Time": "2017-05-14 08:08:16",
        "Lines": "9",
        "Lon": 20.9836,
        "Lat": 52.2192
      },
      {
        "Brigade": "33",
        "Time": "2017-05-14 08:08:31",
        "Lines": "9",
        "Lon": 20.9834,
        "Lat": 52.2189
      },
      {
        "Brigade": "33",
        "Time": "2017-05-14 08:08:41",
        "Lines": "9",
        "Lon": 20.9834,
        "Lat": 52.2189
      },
      {
        "Brigade": "33",
        "Time": "2017-05-14 08:08:50",
        "Lines": "9",
        "Lon": 20.9832,
        "Lat": 52.2187
      },
      {
        "Brigade": "33",
        "Time": "2017-05-14 08:09:01",
        "Lines": "9",
        "Lon": 20.9822,
        "Lat": 52.2176
      },
      {
        "Brigade": "33",
        "Time": "2017-05-14 08:09:16",
        "Lines": "9",
        "Lon": 20.9813,
        "Lat": 52.2166
      },
      {
        "Brigade": "33",
        "Time": "2017-05-14 08:09:28",
        "Lines": "9",
        "Lon": 20.9813,
        "Lat": 52.2166
      },
      {
        "Brigade": "33",
        "Time": "2017-05-14 08:09:36",
        "Lines": "9",
        "Lon": 20.9813,
        "Lat": 52.2166
      },
      {
        "Brigade": "33",
        "Time": "2017-05-14 08:09:46",
        "Lines": "9",
        "Lon": 20.9813,
        "Lat": 52.2166
      },
      {
        "Brigade": "33",
        "Time": "2017-05-14 08:10:01",
        "Lines": "9",
        "Lon": 20.9813,
        "Lat": 52.2166
      },
      {
        "Brigade": "33",
        "Time": "2017-05-14 08:10:01",
        "Lines": "9",
        "Lon": 20.9813,
        "Lat": 52.2166
      },
      {
        "Brigade": "33",
        "Time": "2017-05-14 08:10:11",
        "Lines": "9",
        "Lon": 20.9813,
        "Lat": 52.2166
      },
      {
        "Brigade": "33",
        "Time": "2017-05-14 08:10:23",
        "Lines": "9",
        "Lon": 20.9809,
        "Lat": 52.2161
      },
      {
        "Brigade": "33",
        "Time": "2017-05-14 08:10:36",
        "Lines": "9",
        "Lon": 20.9797,
        "Lat": 52.2148
      },
      {
        "Brigade": "33",
        "Time": "2017-05-14 08:10:46",
        "Lines": "9",
        "Lon": 20.9796,
        "Lat": 52.2146
      },
      {
        "Brigade": "33",
        "Time": "2017-05-14 08:10:57",
        "Lines": "9",
        "Lon": 20.9795,
        "Lat": 52.2145
      },
      {
        "Brigade": "33",
        "Time": "2017-05-14 08:11:06",
        "Lines": "9",
        "Lon": 20.9787,
        "Lat": 52.2136
      },
      {
        "Brigade": "33",
        "Time": "2017-05-14 08:11:16",
        "Lines": "9",
        "Lon": 20.9778,
        "Lat": 52.2126
      },
      {
        "Brigade": "33",
        "Time": "2017-05-14 08:11:26",
        "Lines": "9",
        "Lon": 20.9771,
        "Lat": 52.2118
      },
      {
        "Brigade": "33",
        "Time": "2017-05-14 08:11:41",
        "Lines": "9",
        "Lon": 20.9768,
        "Lat": 52.2115
      },
      {
        "Brigade": "33",
        "Time": "2017-05-14 08:11:51",
        "Lines": "9",
        "Lon": 20.9766,
        "Lat": 52.2112
      },
      {
        "Brigade": "33",
        "Time": "2017-05-14 08:11:51",
        "Lines": "9",
        "Lon": 20.9766,
        "Lat": 52.2112
      },
      {
        "Brigade": "33",
        "Time": "2017-05-14 08:12:01",
        "Lines": "9",
        "Lon": 20.9756,
        "Lat": 52.2101
      },
      {
        "Brigade": "33",
        "Time": "2017-05-14 08:12:11",
        "Lines": "9",
        "Lon": 20.9748,
        "Lat": 52.209
      },
      {
        "Brigade": "33",
        "Time": "2017-05-14 08:12:25",
        "Lines": "9",
        "Lon": 20.9746,
        "Lat": 52.2088
      },
      {
        "Brigade": "33",
        "Time": "2017-05-14 08:12:36",
        "Lines": "9",
        "Lon": 20.9743,
        "Lat": 52.2085
      },
      {
        "Brigade": "33",
        "Time": "2017-05-14 08:12:45",
        "Lines": "9",
        "Lon": 20.9734,
        "Lat": 52.2074
      },
      {
        "Brigade": "33",
        "Time": "2017-05-14 08:12:55",
        "Lines": "9",
        "Lon": 20.9723,
        "Lat": 52.2062
      },
      {
        "Brigade": "33",
        "Time": "2017-05-14 08:13:06",
        "Lines": "9",
        "Lon": 20.9721,
        "Lat": 52.2059
      },
      {
        "Brigade": "33",
        "Time": "2017-05-14 08:13:15",
        "Lines": "9",
        "Lon": 20.9721,
        "Lat": 52.2059
      },
      {
        "Brigade": "33",
        "Time": "2017-05-14 08:13:30",
        "Lines": "9",
        "Lon": 20.9709,
        "Lat": 52.2047
      },
      {
        "Brigade": "33",
        "Time": "2017-05-14 08:13:41",
        "Lines": "9",
        "Lon": 20.9699,
        "Lat": 52.2035
      },
      {
        "Brigade": "33",
        "Time": "2017-05-14 08:13:41",
        "Lines": "9",
        "Lon": 20.9699,
        "Lat": 52.2035
      },
      {
        "Brigade": "33",
        "Time": "2017-05-14 08:13:50",
        "Lines": "9",
        "Lon": 20.9693,
        "Lat": 52.2028
      },
      {
        "Brigade": "33",
        "Time": "2017-05-14 08:14:05",
        "Lines": "9",
        "Lon": 20.9693,
        "Lat": 52.2027
      },
      {
        "Brigade": "33",
        "Time": "2017-05-14 08:14:15",
        "Lines": "9",
        "Lon": 20.9693,
        "Lat": 52.2027
      },
      {
        "Brigade": "33",
        "Time": "2017-05-14 08:14:26",
        "Lines": "9",
        "Lon": 20.9693,
        "Lat": 52.2027
      },
      {
        "Brigade": "33",
        "Time": "2017-05-14 08:14:36",
        "Lines": "9",
        "Lon": 20.9693,
        "Lat": 52.2027
      },
      {
        "Brigade": "33",
        "Time": "2017-05-14 08:14:46",
        "Lines": "9",
        "Lon": 20.9693,
        "Lat": 52.2027
      },
      {
        "Brigade": "33",
        "Time": "2017-05-14 08:14:56",
        "Lines": "9",
        "Lon": 20.969,
        "Lat": 52.2024
      },
      {
        "Brigade": "33",
        "Time": "2017-05-14 08:15:11",
        "Lines": "9",
        "Lon": 20.9675,
        "Lat": 52.2007
      },
      {
        "Brigade": "33",
        "Time": "2017-05-14 08:15:21",
        "Lines": "9",
        "Lon": 20.9666,
        "Lat": 52.1998
      },
      {
        "Brigade": "33",
        "Time": "2017-05-14 08:15:21",
        "Lines": "9",
        "Lon": 20.9666,
        "Lat": 52.1998
      },
      {
        "Brigade": "33",
        "Time": "2017-05-14 08:15:31",
        "Lines": "9",
        "Lon": 20.9654,
        "Lat": 52.1984
      },
      {
        "Brigade": "33",
        "Time": "2017-05-14 08:15:41",
        "Lines": "9",
        "Lon": 20.9646,
        "Lat": 52.1975
      },
      {
        "Brigade": "33",
        "Time": "2017-05-14 08:15:53",
        "Lines": "9",
        "Lon": 20.9642,
        "Lat": 52.197
      },
      {
        "Brigade": "33",
        "Time": "2017-05-14 08:16:06",
        "Lines": "9",
        "Lon": 20.9642,
        "Lat": 52.197
      },
      {
        "Brigade": "33",
        "Time": "2017-05-14 08:16:16",
        "Lines": "9",
        "Lon": 20.9639,
        "Lat": 52.1967
      },
      {
        "Brigade": "33",
        "Time": "2017-05-14 08:16:26",
        "Lines": "9",
        "Lon": 20.9629,
        "Lat": 52.1956
      },
      {
        "Brigade": "33",
        "Time": "2017-05-14 08:16:36",
        "Lines": "9",
        "Lon": 20.9618,
        "Lat": 52.1944
      },
      {
        "Brigade": "33",
        "Time": "2017-05-14 08:16:46",
        "Lines": "9",
        "Lon": 20.961,
        "Lat": 52.1935
      },
      {
        "Brigade": "33",
        "Time": "2017-05-14 08:17:01",
        "Lines": "9",
        "Lon": 20.961,
        "Lat": 52.1934
      },
      {
        "Brigade": "33",
        "Time": "2017-05-14 08:17:11",
        "Lines": "9",
        "Lon": 20.9609,
        "Lat": 52.1934
      },
      {
        "Brigade": "33",
        "Time": "2017-05-14 08:17:11",
        "Lines": "9",
        "Lon": 20.9609,
        "Lat": 52.1934
      },
      {
        "Brigade": "33",
        "Time": "2017-05-14 08:17:21",
        "Lines": "9",
        "Lon": 20.9605,
        "Lat": 52.1928
      },
      {
        "Brigade": "33",
        "Time": "2017-05-14 08:17:31",
        "Lines": "9",
        "Lon": 20.9592,
        "Lat": 52.1914
      },
      {
        "Brigade": "33",
        "Time": "2017-05-14 08:17:41",
        "Lines": "9",
        "Lon": 20.9586,
        "Lat": 52.1906
      }
    ]
  }
]
