[
  {
    "res": [
      {
        "Brigade": "35",
        "Time": "2017-05-14 07:35:51",
        "Lines": "9",
        "Lon": 21.0539,
        "Lat": 52.2545
      },
      {
        "Brigade": "35",
        "Time": "2017-05-14 07:36:01",
        "Lines": "9",
        "Lon": 21.0538,
        "Lat": 52.254
      },
      {
        "Brigade": "35",
        "Time": "2017-05-14 07:36:01",
        "Lines": "9",
        "Lon": 21.0538,
        "Lat": 52.254
      },
      {
        "Brigade": "35",
        "Time": "2017-05-14 07:36:12",
        "Lines": "9",
        "Lon": 21.0527,
        "Lat": 52.2536
      },
      {
        "Brigade": "35",
        "Time": "2017-05-14 07:36:22",
        "Lines": "9",
        "Lon": 21.0515,
        "Lat": 52.2533
      },
      {
        "Brigade": "35",
        "Time": "2017-05-14 07:36:33",
        "Lines": "9",
        "Lon": 21.0514,
        "Lat": 52.2533
      },
      {
        "Brigade": "35",
        "Time": "2017-05-14 07:36:43",
        "Lines": "9",
        "Lon": 21.0514,
        "Lat": 52.2533
      },
      {
        "Brigade": "35",
        "Time": "2017-05-14 07:36:54",
        "Lines": "9",
        "Lon": 21.0514,
        "Lat": 52.2532
      },
      {
        "Brigade": "35",
        "Time": "2017-05-14 07:37:04",
        "Lines": "9",
        "Lon": 21.0509,
        "Lat": 52.2531
      },
      {
        "Brigade": "35",
        "Time": "2017-05-14 07:37:20",
        "Lines": "9",
        "Lon": 21.0499,
        "Lat": 52.2528
      },
      {
        "Brigade": "35",
        "Time": "2017-05-14 07:37:30",
        "Lines": "9",
        "Lon": 21.0499,
        "Lat": 52.2528
      },
      {
        "Brigade": "35",
        "Time": "2017-05-14 07:37:41",
        "Lines": "9",
        "Lon": 21.0499,
        "Lat": 52.2528
      },
      {
        "Brigade": "35",
        "Time": "2017-05-14 07:37:51",
        "Lines": "9",
        "Lon": 21.0494,
        "Lat": 52.2526
      },
      {
        "Brigade": "35",
        "Time": "2017-05-14 07:37:51",
        "Lines": "9",
        "Lon": 21.0494,
        "Lat": 52.2526
      },
      {
        "Brigade": "35",
        "Time": "2017-05-14 07:38:02",
        "Lines": "9",
        "Lon": 21.0481,
        "Lat": 52.2522
      },
      {
        "Brigade": "35",
        "Time": "2017-05-14 07:38:12",
        "Lines": "9",
        "Lon": 21.0466,
        "Lat": 52.2516
      },
      {
        "Brigade": "35",
        "Time": "2017-05-14 07:38:23",
        "Lines": "9",
        "Lon": 21.0452,
        "Lat": 52.2509
      },
      {
        "Brigade": "35",
        "Time": "2017-05-14 07:38:33",
        "Lines": "9",
        "Lon": 21.0442,
        "Lat": 52.2503
      },
      {
        "Brigade": "35",
        "Time": "2017-05-14 07:38:44",
        "Lines": "9",
        "Lon": 21.0431,
        "Lat": 52.2498
      },
      {
        "Brigade": "35",
        "Time": "2017-05-14 07:38:55",
        "Lines": "9",
        "Lon": 21.043,
        "Lat": 52.2493
      },
      {
        "Brigade": "35",
        "Time": "2017-05-14 07:39:10",
        "Lines": "9",
        "Lon": 21.0442,
        "Lat": 52.2489
      },
      {
        "Brigade": "35",
        "Time": "2017-05-14 07:39:20",
        "Lines": "9",
        "Lon": 21.0442,
        "Lat": 52.2489
      },
      {
        "Brigade": "35",
        "Time": "2017-05-14 07:39:20",
        "Lines": "9",
        "Lon": 21.0442,
        "Lat": 52.2489
      },
      {
        "Brigade": "35",
        "Time": "2017-05-14 07:39:20",
        "Lines": "9",
        "Lon": 21.0442,
        "Lat": 52.2489
      },
      {
        "Brigade": "35",
        "Time": "2017-05-14 07:39:20",
        "Lines": "9",
        "Lon": 21.0442,
        "Lat": 52.2489
      },
      {
        "Brigade": "35",
        "Time": "2017-05-14 07:39:20",
        "Lines": "9",
        "Lon": 21.0442,
        "Lat": 52.2489
      },
      {
        "Brigade": "35",
        "Time": "2017-05-14 07:39:20",
        "Lines": "9",
        "Lon": 21.0442,
        "Lat": 52.2489
      },
      {
        "Brigade": "35",
        "Time": "2017-05-14 07:39:20",
        "Lines": "9",
        "Lon": 21.0442,
        "Lat": 52.2489
      },
      {
        "Brigade": "35",
        "Time": "2017-05-14 07:39:20",
        "Lines": "9",
        "Lon": 21.0442,
        "Lat": 52.2489
      },
      {
        "Brigade": "35",
        "Time": "2017-05-14 07:39:20",
        "Lines": "9",
        "Lon": 21.0442,
        "Lat": 52.2489
      },
      {
        "Brigade": "35",
        "Time": "2017-05-14 07:40:50",
        "Lines": "9",
        "Lon": 21.0474,
        "Lat": 52.2464
      },
      {
        "Brigade": "35",
        "Time": "2017-05-14 07:40:55",
        "Lines": "9",
        "Lon": 21.0475,
        "Lat": 52.2462
      },
      {
        "Brigade": "35",
        "Time": "2017-05-14 07:41:05",
        "Lines": "9",
        "Lon": 21.0478,
        "Lat": 52.2456
      },
      {
        "Brigade": "35",
        "Time": "2017-05-14 07:41:21",
        "Lines": "9",
        "Lon": 21.0486,
        "Lat": 52.2439
      },
      {
        "Brigade": "35",
        "Time": "2017-05-14 07:41:32",
        "Lines": "9",
        "Lon": 21.0493,
        "Lat": 52.2425
      },
      {
        "Brigade": "35",
        "Time": "2017-05-14 07:41:32",
        "Lines": "9",
        "Lon": 21.0493,
        "Lat": 52.2425
      },
      {
        "Brigade": "35",
        "Time": "2017-05-14 07:41:42",
        "Lines": "9",
        "Lon": 21.0499,
        "Lat": 52.2412
      },
      {
        "Brigade": "35",
        "Time": "2017-05-14 07:41:53",
        "Lines": "9",
        "Lon": 21.0506,
        "Lat": 52.2399
      },
      {
        "Brigade": "35",
        "Time": "2017-05-14 07:42:03",
        "Lines": "9",
        "Lon": 21.051,
        "Lat": 52.239
      },
      {
        "Brigade": "35",
        "Time": "2017-05-14 07:42:13",
        "Lines": "9",
        "Lon": 21.051,
        "Lat": 52.2389
      },
      {
        "Brigade": "35",
        "Time": "2017-05-14 07:42:24",
        "Lines": "9",
        "Lon": 21.051,
        "Lat": 52.2389
      },
      {
        "Brigade": "35",
        "Time": "2017-05-14 07:42:34",
        "Lines": "9",
        "Lon": 21.051,
        "Lat": 52.2389
      },
      {
        "Brigade": "35",
        "Time": "2017-05-14 07:42:45",
        "Lines": "9",
        "Lon": 21.051,
        "Lat": 52.2389
      },
      {
        "Brigade": "35",
        "Time": "2017-05-14 07:42:55",
        "Lines": "9",
        "Lon": 21.051,
        "Lat": 52.2389
      },
      {
        "Brigade": "35",
        "Time": "2017-05-14 07:43:11",
        "Lines": "9",
        "Lon": 21.0513,
        "Lat": 52.2384
      },
      {
        "Brigade": "35",
        "Time": "2017-05-14 07:43:11",
        "Lines": "9",
        "Lon": 21.0513,
        "Lat": 52.2384
      },
      {
        "Brigade": "35",
        "Time": "2017-05-14 07:43:22",
        "Lines": "9",
        "Lon": 21.052,
        "Lat": 52.2382
      },
      {
        "Brigade": "35",
        "Time": "2017-05-14 07:43:22",
        "Lines": "9",
        "Lon": 21.052,
        "Lat": 52.2382
      },
      {
        "Brigade": "35",
        "Time": "2017-05-14 07:43:43",
        "Lines": "9",
        "Lon": 21.0522,
        "Lat": 52.2383
      },
      {
        "Brigade": "35",
        "Time": "2017-05-14 07:43:53",
        "Lines": "9",
        "Lon": 21.0538,
        "Lat": 52.2385
      },
      {
        "Brigade": "35",
        "Time": "2017-05-14 07:44:04",
        "Lines": "9",
        "Lon": 21.0556,
        "Lat": 52.2389
      },
      {
        "Brigade": "35",
        "Time": "2017-05-14 07:44:19",
        "Lines": "9",
        "Lon": 21.0562,
        "Lat": 52.239
      },
      {
        "Brigade": "35",
        "Time": "2017-05-14 07:44:30",
        "Lines": "9",
        "Lon": 21.0564,
        "Lat": 52.239
      },
      {
        "Brigade": "35",
        "Time": "2017-05-14 07:44:40",
        "Lines": "9",
        "Lon": 21.0582,
        "Lat": 52.2394
      },
      {
        "Brigade": "35",
        "Time": "2017-05-14 07:44:51",
        "Lines": "9",
        "Lon": 21.0603,
        "Lat": 52.2399
      },
      {
        "Brigade": "35",
        "Time": "2017-05-14 07:45:01",
        "Lines": "9",
        "Lon": 21.0619,
        "Lat": 52.2402
      },
      {
        "Brigade": "35",
        "Time": "2017-05-14 07:45:01",
        "Lines": "9",
        "Lon": 21.0619,
        "Lat": 52.2402
      },
      {
        "Brigade": "35",
        "Time": "2017-05-14 07:45:14",
        "Lines": "9",
        "Lon": 21.0621,
        "Lat": 52.2402
      },
      {
        "Brigade": "35",
        "Time": "2017-05-14 07:45:22",
        "Lines": "9",
        "Lon": 21.0622,
        "Lat": 52.2402
      },
      {
        "Brigade": "35",
        "Time": "2017-05-14 07:45:33",
        "Lines": "9",
        "Lon": 21.0628,
        "Lat": 52.2403
      },
      {
        "Brigade": "35",
        "Time": "2017-05-14 07:45:48",
        "Lines": "9",
        "Lon": 21.0631,
        "Lat": 52.2404
      },
      {
        "Brigade": "35",
        "Time": "2017-05-14 07:45:54",
        "Lines": "9",
        "Lon": 21.0631,
        "Lat": 52.2404
      },
      {
        "Brigade": "35",
        "Time": "2017-05-14 07:46:09",
        "Lines": "9",
        "Lon": 21.0656,
        "Lat": 52.2409
      },
      {
        "Brigade": "35",
        "Time": "2017-05-14 07:46:20",
        "Lines": "9",
        "Lon": 21.0679,
        "Lat": 52.2414
      },
      {
        "Brigade": "35",
        "Time": "2017-05-14 08:04:52",
        "Lines": "9",
        "Lon": 21.0679,
        "Lat": 52.2415
      },
      {
        "Brigade": "35",
        "Time": "2017-05-14 08:05:02",
        "Lines": "9",
        "Lon": 21.0659,
        "Lat": 52.2411
      },
      {
        "Brigade": "35",
        "Time": "2017-05-14 08:05:12",
        "Lines": "9",
        "Lon": 21.0643,
        "Lat": 52.2408
      },
      {
        "Brigade": "35",
        "Time": "2017-05-14 08:05:23",
        "Lines": "9",
        "Lon": 21.0629,
        "Lat": 52.2405
      },
      {
        "Brigade": "35",
        "Time": "2017-05-14 08:05:28",
        "Lines": "9",
        "Lon": 21.0627,
        "Lat": 52.2405
      },
      {
        "Brigade": "35",
        "Time": "2017-05-14 08:05:44",
        "Lines": "9",
        "Lon": 21.0622,
        "Lat": 52.2404
      },
      {
        "Brigade": "35",
        "Time": "2017-05-14 08:05:54",
        "Lines": "9",
        "Lon": 21.0606,
        "Lat": 52.24
      },
      {
        "Brigade": "35",
        "Time": "2017-05-14 08:06:10",
        "Lines": "9",
        "Lon": 21.0583,
        "Lat": 52.2396
      },
      {
        "Brigade": "35",
        "Time": "2017-05-14 08:06:21",
        "Lines": "9",
        "Lon": 21.0566,
        "Lat": 52.2392
      },
      {
        "Brigade": "35",
        "Time": "2017-05-14 08:06:31",
        "Lines": "9",
        "Lon": 21.0558,
        "Lat": 52.239
      },
      {
        "Brigade": "35",
        "Time": "2017-05-14 08:06:31",
        "Lines": "9",
        "Lon": 21.0558,
        "Lat": 52.239
      },
      {
        "Brigade": "35",
        "Time": "2017-05-14 08:06:42",
        "Lines": "9",
        "Lon": 21.0558,
        "Lat": 52.239
      },
      {
        "Brigade": "35",
        "Time": "2017-05-14 08:06:52",
        "Lines": "9",
        "Lon": 21.0558,
        "Lat": 52.239
      },
      {
        "Brigade": "35",
        "Time": "2017-05-14 08:07:03",
        "Lines": "9",
        "Lon": 21.0558,
        "Lat": 52.239
      },
      {
        "Brigade": "35",
        "Time": "2017-05-14 08:07:13",
        "Lines": "9",
        "Lon": 21.0552,
        "Lat": 52.2389
      },
      {
        "Brigade": "35",
        "Time": "2017-05-14 08:07:24",
        "Lines": "9",
        "Lon": 21.0552,
        "Lat": 52.2389
      },
      {
        "Brigade": "35",
        "Time": "2017-05-14 08:07:39",
        "Lines": "9",
        "Lon": 21.054,
        "Lat": 52.2387
      },
      {
        "Brigade": "35",
        "Time": "2017-05-14 08:07:50",
        "Lines": "9",
        "Lon": 21.053,
        "Lat": 52.2385
      },
      {
        "Brigade": "35",
        "Time": "2017-05-14 08:07:55",
        "Lines": "9",
        "Lon": 21.0526,
        "Lat": 52.2384
      },
      {
        "Brigade": "35",
        "Time": "2017-05-14 08:08:11",
        "Lines": "9",
        "Lon": 21.0517,
        "Lat": 52.2382
      },
      {
        "Brigade": "35",
        "Time": "2017-05-14 08:08:21",
        "Lines": "9",
        "Lon": 21.0508,
        "Lat": 52.238
      },
      {
        "Brigade": "35",
        "Time": "2017-05-14 08:08:21",
        "Lines": "9",
        "Lon": 21.0508,
        "Lat": 52.238
      },
      {
        "Brigade": "35",
        "Time": "2017-05-14 08:08:32",
        "Lines": "9",
        "Lon": 21.05,
        "Lat": 52.2378
      },
      {
        "Brigade": "35",
        "Time": "2017-05-14 08:08:42",
        "Lines": "9",
        "Lon": 21.05,
        "Lat": 52.2378
      },
      {
        "Brigade": "35",
        "Time": "2017-05-14 08:08:53",
        "Lines": "9",
        "Lon": 21.05,
        "Lat": 52.2378
      },
      {
        "Brigade": "35",
        "Time": "2017-05-14 08:09:03",
        "Lines": "9",
        "Lon": 21.0494,
        "Lat": 52.2377
      },
      {
        "Brigade": "35",
        "Time": "2017-05-14 08:09:14",
        "Lines": "9",
        "Lon": 21.048,
        "Lat": 52.2374
      },
      {
        "Brigade": "35",
        "Time": "2017-05-14 08:09:29",
        "Lines": "9",
        "Lon": 21.0454,
        "Lat": 52.2369
      },
      {
        "Brigade": "35",
        "Time": "2017-05-14 08:09:40",
        "Lines": "9",
        "Lon": 21.0439,
        "Lat": 52.2365
      },
      {
        "Brigade": "35",
        "Time": "2017-05-14 08:09:45",
        "Lines": "9",
        "Lon": 21.0432,
        "Lat": 52.2364
      },
      {
        "Brigade": "35",
        "Time": "2017-05-14 08:10:01",
        "Lines": "9",
        "Lon": 21.0406,
        "Lat": 52.2359
      },
      {
        "Brigade": "35",
        "Time": "2017-05-14 08:10:01",
        "Lines": "9",
        "Lon": 21.0406,
        "Lat": 52.2359
      },
      {
        "Brigade": "35",
        "Time": "2017-05-14 08:10:12",
        "Lines": "9",
        "Lon": 21.0386,
        "Lat": 52.2354
      },
      {
        "Brigade": "35",
        "Time": "2017-05-14 08:10:22",
        "Lines": "9",
        "Lon": 21.0369,
        "Lat": 52.2351
      },
      {
        "Brigade": "35",
        "Time": "2017-05-14 08:10:32",
        "Lines": "9",
        "Lon": 21.0364,
        "Lat": 52.235
      },
      {
        "Brigade": "35",
        "Time": "2017-05-14 08:10:43",
        "Lines": "9",
        "Lon": 21.0364,
        "Lat": 52.235
      },
      {
        "Brigade": "35",
        "Time": "2017-05-14 08:10:53",
        "Lines": "9",
        "Lon": 21.0356,
        "Lat": 52.2348
      },
      {
        "Brigade": "35",
        "Time": "2017-05-14 08:11:09",
        "Lines": "9",
        "Lon": 21.034,
        "Lat": 52.2345
      },
      {
        "Brigade": "35",
        "Time": "2017-05-14 08:11:20",
        "Lines": "9",
        "Lon": 21.0331,
        "Lat": 52.2343
      },
      {
        "Brigade": "35",
        "Time": "2017-05-14 08:11:30",
        "Lines": "9",
        "Lon": 21.032,
        "Lat": 52.2341
      },
      {
        "Brigade": "35",
        "Time": "2017-05-14 08:11:40",
        "Lines": "9",
        "Lon": 21.031,
        "Lat": 52.2339
      },
      {
        "Brigade": "35",
        "Time": "2017-05-14 08:11:51",
        "Lines": "9",
        "Lon": 21.0299,
        "Lat": 52.2337
      },
      {
        "Brigade": "35",
        "Time": "2017-05-14 08:11:51",
        "Lines": "9",
        "Lon": 21.0299,
        "Lat": 52.2337
      },
      {
        "Brigade": "35",
        "Time": "2017-05-14 08:12:01",
        "Lines": "9",
        "Lon": 21.0284,
        "Lat": 52.2334
      },
      {
        "Brigade": "35",
        "Time": "2017-05-14 08:12:12",
        "Lines": "9",
        "Lon": 21.0266,
        "Lat": 52.233
      },
      {
        "Brigade": "35",
        "Time": "2017-05-14 08:12:22",
        "Lines": "9",
        "Lon": 21.025,
        "Lat": 52.2327
      },
      {
        "Brigade": "35",
        "Time": "2017-05-14 08:12:22",
        "Lines": "9",
        "Lon": 21.025,
        "Lat": 52.2327
      },
      {
        "Brigade": "35",
        "Time": "2017-05-14 08:12:43",
        "Lines": "9",
        "Lon": 21.0229,
        "Lat": 52.2322
      },
      {
        "Brigade": "35",
        "Time": "2017-05-14 08:12:49",
        "Lines": "9",
        "Lon": 21.0224,
        "Lat": 52.2321
      },
      {
        "Brigade": "35",
        "Time": "2017-05-14 08:13:10",
        "Lines": "9",
        "Lon": 21.0215,
        "Lat": 52.2319
      },
      {
        "Brigade": "35",
        "Time": "2017-05-14 08:13:20",
        "Lines": "9",
        "Lon": 21.0215,
        "Lat": 52.2319
      },
      {
        "Brigade": "35",
        "Time": "2017-05-14 08:13:31",
        "Lines": "9",
        "Lon": 21.0215,
        "Lat": 52.2319
      },
      {
        "Brigade": "35",
        "Time": "2017-05-14 08:13:41",
        "Lines": "9",
        "Lon": 21.0215,
        "Lat": 52.2319
      },
      {
        "Brigade": "35",
        "Time": "2017-05-14 08:13:41",
        "Lines": "9",
        "Lon": 21.0215,
        "Lat": 52.2319
      },
      {
        "Brigade": "35",
        "Time": "2017-05-14 08:13:52",
        "Lines": "9",
        "Lon": 21.0215,
        "Lat": 52.2319
      },
      {
        "Brigade": "35",
        "Time": "2017-05-14 08:14:02",
        "Lines": "9",
        "Lon": 21.0213,
        "Lat": 52.2319
      },
      {
        "Brigade": "35",
        "Time": "2017-05-14 08:14:13",
        "Lines": "9",
        "Lon": 21.0196,
        "Lat": 52.2315
      },
      {
        "Brigade": "35",
        "Time": "2017-05-14 08:14:24",
        "Lines": "9",
        "Lon": 21.0176,
        "Lat": 52.2311
      },
      {
        "Brigade": "35",
        "Time": "2017-05-14 08:14:29",
        "Lines": "9",
        "Lon": 21.0169,
        "Lat": 52.2309
      },
      {
        "Brigade": "35",
        "Time": "2017-05-14 08:14:49",
        "Lines": "9",
        "Lon": 21.0168,
        "Lat": 52.2309
      },
      {
        "Brigade": "35",
        "Time": "2017-05-14 08:15:00",
        "Lines": "9",
        "Lon": 21.0166,
        "Lat": 52.2309
      },
      {
        "Brigade": "35",
        "Time": "2017-05-14 08:15:10",
        "Lines": "9",
        "Lon": 21.0148,
        "Lat": 52.2305
      },
      {
        "Brigade": "35",
        "Time": "2017-05-14 08:15:21",
        "Lines": "9",
        "Lon": 21.0128,
        "Lat": 52.2301
      },
      {
        "Brigade": "35",
        "Time": "2017-05-14 08:15:21",
        "Lines": "9",
        "Lon": 21.0128,
        "Lat": 52.2301
      },
      {
        "Brigade": "35",
        "Time": "2017-05-14 08:15:31",
        "Lines": "9",
        "Lon": 21.0123,
        "Lat": 52.23
      },
      {
        "Brigade": "35",
        "Time": "2017-05-14 08:15:43",
        "Lines": "9",
        "Lon": 21.0123,
        "Lat": 52.23
      },
      {
        "Brigade": "35",
        "Time": "2017-05-14 08:15:52",
        "Lines": "9",
        "Lon": 21.0123,
        "Lat": 52.23
      },
      {
        "Brigade": "35",
        "Time": "2017-05-14 08:16:03",
        "Lines": "9",
        "Lon": 21.0117,
        "Lat": 52.2298
      },
      {
        "Brigade": "35",
        "Time": "2017-05-14 08:16:14",
        "Lines": "9",
        "Lon": 21.0105,
        "Lat": 52.2296
      },
      {
        "Brigade": "35",
        "Time": "2017-05-14 08:16:28",
        "Lines": "9",
        "Lon": 21.0087,
        "Lat": 52.2292
      },
      {
        "Brigade": "35",
        "Time": "2017-05-14 08:16:34",
        "Lines": "9",
        "Lon": 21.007,
        "Lat": 52.2288
      },
      {
        "Brigade": "35",
        "Time": "2017-05-14 08:16:50",
        "Lines": "9",
        "Lon": 21.0059,
        "Lat": 52.2286
      },
      {
        "Brigade": "35",
        "Time": "2017-05-14 08:17:00",
        "Lines": "9",
        "Lon": 21.0059,
        "Lat": 52.2286
      },
      {
        "Brigade": "35",
        "Time": "2017-05-14 08:17:11",
        "Lines": "9",
        "Lon": 21.0059,
        "Lat": 52.2286
      },
      {
        "Brigade": "35",
        "Time": "2017-05-14 08:17:11",
        "Lines": "9",
        "Lon": 21.0059,
        "Lat": 52.2286
      },
      {
        "Brigade": "35",
        "Time": "2017-05-14 08:17:21",
        "Lines": "9",
        "Lon": 21.0059,
        "Lat": 52.2286
      },
      {
        "Brigade": "35",
        "Time": "2017-05-14 08:17:32",
        "Lines": "9",
        "Lon": 21.0056,
        "Lat": 52.2285
      },
      {
        "Brigade": "35",
        "Time": "2017-05-14 08:17:42",
        "Lines": "9",
        "Lon": 21.0044,
        "Lat": 52.2283
      }
    ]
  }
]
