[
  {
    "res": [
      {
        "Brigade": "6",
        "Time": "2017-05-14 06:20:09",
        "Lines": "9",
        "Lon": 20.9449,
        "Lat": 52.177
      },
      {
        "Brigade": "6",
        "Time": "2017-05-14 06:20:09",
        "Lines": "9",
        "Lon": 20.9449,
        "Lat": 52.177
      },
      {
        "Brigade": "6",
        "Time": "2017-05-14 06:20:25",
        "Lines": "9",
        "Lon": 20.9464,
        "Lat": 52.1786
      },
      {
        "Brigade": "6",
        "Time": "2017-05-14 06:20:30",
        "Lines": "9",
        "Lon": 20.9469,
        "Lat": 52.179
      },
      {
        "Brigade": "6",
        "Time": "2017-05-14 06:20:46",
        "Lines": "9",
        "Lon": 20.9471,
        "Lat": 52.1792
      },
      {
        "Brigade": "6",
        "Time": "2017-05-14 06:20:56",
        "Lines": "9",
        "Lon": 20.9471,
        "Lat": 52.1792
      },
      {
        "Brigade": "6",
        "Time": "2017-05-14 06:21:07",
        "Lines": "9",
        "Lon": 20.9471,
        "Lat": 52.1792
      },
      {
        "Brigade": "6",
        "Time": "2017-05-14 06:21:17",
        "Lines": "9",
        "Lon": 20.9471,
        "Lat": 52.1792
      },
      {
        "Brigade": "6",
        "Time": "2017-05-14 06:21:28",
        "Lines": "9",
        "Lon": 20.9471,
        "Lat": 52.1792
      },
      {
        "Brigade": "6",
        "Time": "2017-05-14 06:21:38",
        "Lines": "9",
        "Lon": 20.9471,
        "Lat": 52.1792
      },
      {
        "Brigade": "6",
        "Time": "2017-05-14 06:21:49",
        "Lines": "9",
        "Lon": 20.9474,
        "Lat": 52.1794
      },
      {
        "Brigade": "6",
        "Time": "2017-05-14 06:21:59",
        "Lines": "9",
        "Lon": 20.9484,
        "Lat": 52.1803
      },
      {
        "Brigade": "6",
        "Time": "2017-05-14 06:21:59",
        "Lines": "9",
        "Lon": 20.9484,
        "Lat": 52.1803
      },
      {
        "Brigade": "6",
        "Time": "2017-05-14 06:22:10",
        "Lines": "9",
        "Lon": 20.9496,
        "Lat": 52.1815
      },
      {
        "Brigade": "6",
        "Time": "2017-05-14 06:22:20",
        "Lines": "9",
        "Lon": 20.9508,
        "Lat": 52.1826
      },
      {
        "Brigade": "6",
        "Time": "2017-05-14 06:22:30",
        "Lines": "9",
        "Lon": 20.9516,
        "Lat": 52.1833
      },
      {
        "Brigade": "6",
        "Time": "2017-05-14 06:22:46",
        "Lines": "9",
        "Lon": 20.9516,
        "Lat": 52.1834
      },
      {
        "Brigade": "6",
        "Time": "2017-05-14 06:22:57",
        "Lines": "9",
        "Lon": 20.9522,
        "Lat": 52.1839
      },
      {
        "Brigade": "6",
        "Time": "2017-05-14 06:23:07",
        "Lines": "9",
        "Lon": 20.9532,
        "Lat": 52.1849
      },
      {
        "Brigade": "6",
        "Time": "2017-05-14 06:23:18",
        "Lines": "9",
        "Lon": 20.9539,
        "Lat": 52.1855
      },
      {
        "Brigade": "6",
        "Time": "2017-05-14 06:23:28",
        "Lines": "9",
        "Lon": 20.9541,
        "Lat": 52.1857
      },
      {
        "Brigade": "6",
        "Time": "2017-05-14 06:23:39",
        "Lines": "9",
        "Lon": 20.9541,
        "Lat": 52.1857
      },
      {
        "Brigade": "6",
        "Time": "2017-05-14 06:23:39",
        "Lines": "9",
        "Lon": 20.9541,
        "Lat": 52.1857
      },
      {
        "Brigade": "6",
        "Time": "2017-05-14 06:23:49",
        "Lines": "9",
        "Lon": 20.9541,
        "Lat": 52.1857
      },
      {
        "Brigade": "6",
        "Time": "2017-05-14 06:24:00",
        "Lines": "9",
        "Lon": 20.9542,
        "Lat": 52.1858
      },
      {
        "Brigade": "6",
        "Time": "2017-05-14 06:24:10",
        "Lines": "9",
        "Lon": 20.9548,
        "Lat": 52.1865
      },
      {
        "Brigade": "6",
        "Time": "2017-05-14 06:24:10",
        "Lines": "9",
        "Lon": 20.9548,
        "Lat": 52.1865
      },
      {
        "Brigade": "6",
        "Time": "2017-05-14 06:24:36",
        "Lines": "9",
        "Lon": 20.9551,
        "Lat": 52.1868
      },
      {
        "Brigade": "6",
        "Time": "2017-05-14 06:24:47",
        "Lines": "9",
        "Lon": 20.956,
        "Lat": 52.1878
      },
      {
        "Brigade": "6",
        "Time": "2017-05-14 06:24:57",
        "Lines": "9",
        "Lon": 20.957,
        "Lat": 52.189
      },
      {
        "Brigade": "6",
        "Time": "2017-05-14 06:25:08",
        "Lines": "9",
        "Lon": 20.9579,
        "Lat": 52.1899
      },
      {
        "Brigade": "6",
        "Time": "2017-05-14 06:25:19",
        "Lines": "9",
        "Lon": 20.9579,
        "Lat": 52.1899
      },
      {
        "Brigade": "6",
        "Time": "2017-05-14 06:25:29",
        "Lines": "9",
        "Lon": 20.9579,
        "Lat": 52.1899
      },
      {
        "Brigade": "6",
        "Time": "2017-05-14 06:25:29",
        "Lines": "9",
        "Lon": 20.9579,
        "Lat": 52.1899
      },
      {
        "Brigade": "6",
        "Time": "2017-05-14 06:25:40",
        "Lines": "9",
        "Lon": 20.9579,
        "Lat": 52.1899
      },
      {
        "Brigade": "6",
        "Time": "2017-05-14 06:25:51",
        "Lines": "9",
        "Lon": 20.9579,
        "Lat": 52.1899
      },
      {
        "Brigade": "6",
        "Time": "2017-05-14 06:26:02",
        "Lines": "9",
        "Lon": 20.9579,
        "Lat": 52.1899
      },
      {
        "Brigade": "6",
        "Time": "2017-05-14 06:26:13",
        "Lines": "9",
        "Lon": 20.9579,
        "Lat": 52.1899
      },
      {
        "Brigade": "6",
        "Time": "2017-05-14 06:26:24",
        "Lines": "9",
        "Lon": 20.9579,
        "Lat": 52.1899
      },
      {
        "Brigade": "6",
        "Time": "2017-05-14 06:26:40",
        "Lines": "9",
        "Lon": 20.9581,
        "Lat": 52.1901
      },
      {
        "Brigade": "6",
        "Time": "2017-05-14 06:26:51",
        "Lines": "9",
        "Lon": 20.9589,
        "Lat": 52.1911
      },
      {
        "Brigade": "6",
        "Time": "2017-05-14 06:26:57",
        "Lines": "9",
        "Lon": 20.9595,
        "Lat": 52.1917
      },
      {
        "Brigade": "6",
        "Time": "2017-05-14 06:27:13",
        "Lines": "9",
        "Lon": 20.9606,
        "Lat": 52.193
      },
      {
        "Brigade": "6",
        "Time": "2017-05-14 06:27:13",
        "Lines": "9",
        "Lon": 20.9606,
        "Lat": 52.193
      },
      {
        "Brigade": "6",
        "Time": "2017-05-14 06:27:19",
        "Lines": "9",
        "Lon": 20.9606,
        "Lat": 52.193
      },
      {
        "Brigade": "6",
        "Time": "2017-05-14 06:27:30",
        "Lines": "9",
        "Lon": 20.9606,
        "Lat": 52.193
      },
      {
        "Brigade": "6",
        "Time": "2017-05-14 06:27:30",
        "Lines": "9",
        "Lon": 20.9606,
        "Lat": 52.193
      },
      {
        "Brigade": "6",
        "Time": "2017-05-14 06:27:30",
        "Lines": "9",
        "Lon": 20.9606,
        "Lat": 52.193
      },
      {
        "Brigade": "6",
        "Time": "2017-05-14 06:27:30",
        "Lines": "9",
        "Lon": 20.9606,
        "Lat": 52.193
      },
      {
        "Brigade": "6",
        "Time": "2017-05-14 06:27:30",
        "Lines": "9",
        "Lon": 20.9606,
        "Lat": 52.193
      },
      {
        "Brigade": "6",
        "Time": "2017-05-14 06:27:30",
        "Lines": "9",
        "Lon": 20.9606,
        "Lat": 52.193
      },
      {
        "Brigade": "6",
        "Time": "2017-05-14 06:27:30",
        "Lines": "9",
        "Lon": 20.9606,
        "Lat": 52.193
      },
      {
        "Brigade": "6",
        "Time": "2017-05-14 06:27:30",
        "Lines": "9",
        "Lon": 20.9606,
        "Lat": 52.193
      },
      {
        "Brigade": "6",
        "Time": "2017-05-14 06:27:30",
        "Lines": "9",
        "Lon": 20.9606,
        "Lat": 52.193
      },
      {
        "Brigade": "6",
        "Time": "2017-05-14 06:27:30",
        "Lines": "9",
        "Lon": 20.9606,
        "Lat": 52.193
      },
      {
        "Brigade": "6",
        "Time": "2017-05-14 06:27:30",
        "Lines": "9",
        "Lon": 20.9606,
        "Lat": 52.193
      },
      {
        "Brigade": "6",
        "Time": "2017-05-14 06:27:30",
        "Lines": "9",
        "Lon": 20.9606,
        "Lat": 52.193
      },
      {
        "Brigade": "6",
        "Time": "2017-05-14 06:27:30",
        "Lines": "9",
        "Lon": 20.9606,
        "Lat": 52.193
      },
      {
        "Brigade": "6",
        "Time": "2017-05-14 06:27:30",
        "Lines": "9",
        "Lon": 20.9606,
        "Lat": 52.193
      },
      {
        "Brigade": "6",
        "Time": "2017-05-14 06:27:30",
        "Lines": "9",
        "Lon": 20.9606,
        "Lat": 52.193
      },
      {
        "Brigade": "6",
        "Time": "2017-05-14 06:27:30",
        "Lines": "9",
        "Lon": 20.9606,
        "Lat": 52.193
      },
      {
        "Brigade": "6",
        "Time": "2017-05-14 06:27:30",
        "Lines": "9",
        "Lon": 20.9606,
        "Lat": 52.193
      },
      {
        "Brigade": "6",
        "Time": "2017-05-14 06:27:30",
        "Lines": "9",
        "Lon": 20.9606,
        "Lat": 52.193
      },
      {
        "Brigade": "6",
        "Time": "2017-05-14 06:27:30",
        "Lines": "9",
        "Lon": 20.9606,
        "Lat": 52.193
      },
      {
        "Brigade": "6",
        "Time": "2017-05-14 06:27:30",
        "Lines": "9",
        "Lon": 20.9606,
        "Lat": 52.193
      },
      {
        "Brigade": "6",
        "Time": "2017-05-14 06:27:30",
        "Lines": "9",
        "Lon": 20.9606,
        "Lat": 52.193
      },
      {
        "Brigade": "6",
        "Time": "2017-05-14 06:27:30",
        "Lines": "9",
        "Lon": 20.9606,
        "Lat": 52.193
      },
      {
        "Brigade": "6",
        "Time": "2017-05-14 06:27:30",
        "Lines": "9",
        "Lon": 20.9606,
        "Lat": 52.193
      },
      {
        "Brigade": "6",
        "Time": "2017-05-14 06:27:30",
        "Lines": "9",
        "Lon": 20.9606,
        "Lat": 52.193
      },
      {
        "Brigade": "6",
        "Time": "2017-05-14 06:27:30",
        "Lines": "9",
        "Lon": 20.9606,
        "Lat": 52.193
      },
      {
        "Brigade": "6",
        "Time": "2017-05-14 06:27:30",
        "Lines": "9",
        "Lon": 20.9606,
        "Lat": 52.193
      },
      {
        "Brigade": "6",
        "Time": "2017-05-14 06:32:00",
        "Lines": "9",
        "Lon": 20.9718,
        "Lat": 52.2057
      },
      {
        "Brigade": "6",
        "Time": "2017-05-14 06:32:10",
        "Lines": "9",
        "Lon": 20.9718,
        "Lat": 52.2057
      },
      {
        "Brigade": "6",
        "Time": "2017-05-14 06:32:20",
        "Lines": "9",
        "Lon": 20.9723,
        "Lat": 52.2062
      },
      {
        "Brigade": "6",
        "Time": "2017-05-14 06:32:20",
        "Lines": "9",
        "Lon": 20.9723,
        "Lat": 52.2062
      },
      {
        "Brigade": "6",
        "Time": "2017-05-14 06:32:31",
        "Lines": "9",
        "Lon": 20.9733,
        "Lat": 52.2074
      },
      {
        "Brigade": "6",
        "Time": "2017-05-14 06:32:41",
        "Lines": "9",
        "Lon": 20.9742,
        "Lat": 52.2084
      },
      {
        "Brigade": "6",
        "Time": "2017-05-14 06:32:52",
        "Lines": "9",
        "Lon": 20.9745,
        "Lat": 52.2087
      },
      {
        "Brigade": "6",
        "Time": "2017-05-14 06:33:08",
        "Lines": "9",
        "Lon": 20.9746,
        "Lat": 52.2088
      },
      {
        "Brigade": "6",
        "Time": "2017-05-14 06:33:18",
        "Lines": "9",
        "Lon": 20.9753,
        "Lat": 52.2097
      },
      {
        "Brigade": "6",
        "Time": "2017-05-14 06:33:29",
        "Lines": "9",
        "Lon": 20.9759,
        "Lat": 52.2105
      },
      {
        "Brigade": "6",
        "Time": "2017-05-14 06:33:40",
        "Lines": "9",
        "Lon": 20.9762,
        "Lat": 52.2108
      },
      {
        "Brigade": "6",
        "Time": "2017-05-14 06:33:50",
        "Lines": "9",
        "Lon": 20.9762,
        "Lat": 52.2108
      },
      {
        "Brigade": "6",
        "Time": "2017-05-14 06:34:00",
        "Lines": "9",
        "Lon": 20.9762,
        "Lat": 52.2108
      },
      {
        "Brigade": "6",
        "Time": "2017-05-14 06:34:00",
        "Lines": "9",
        "Lon": 20.9762,
        "Lat": 52.2108
      },
      {
        "Brigade": "6",
        "Time": "2017-05-14 06:34:11",
        "Lines": "9",
        "Lon": 20.9762,
        "Lat": 52.2108
      },
      {
        "Brigade": "6",
        "Time": "2017-05-14 06:34:21",
        "Lines": "9",
        "Lon": 20.9765,
        "Lat": 52.2111
      },
      {
        "Brigade": "6",
        "Time": "2017-05-14 06:34:31",
        "Lines": "9",
        "Lon": 20.977,
        "Lat": 52.2116
      },
      {
        "Brigade": "6",
        "Time": "2017-05-14 06:34:47",
        "Lines": "9",
        "Lon": 20.9774,
        "Lat": 52.2121
      },
      {
        "Brigade": "6",
        "Time": "2017-05-14 06:34:52",
        "Lines": "9",
        "Lon": 20.9774,
        "Lat": 52.2121
      },
      {
        "Brigade": "6",
        "Time": "2017-05-14 06:35:08",
        "Lines": "9",
        "Lon": 20.9775,
        "Lat": 52.2122
      },
      {
        "Brigade": "6",
        "Time": "2017-05-14 06:35:19",
        "Lines": "9",
        "Lon": 20.9782,
        "Lat": 52.2131
      },
      {
        "Brigade": "6",
        "Time": "2017-05-14 06:35:29",
        "Lines": "9",
        "Lon": 20.9792,
        "Lat": 52.2141
      },
      {
        "Brigade": "6",
        "Time": "2017-05-14 06:35:40",
        "Lines": "9",
        "Lon": 20.9794,
        "Lat": 52.2144
      },
      {
        "Brigade": "6",
        "Time": "2017-05-14 06:35:50",
        "Lines": "9",
        "Lon": 20.9794,
        "Lat": 52.2144
      },
      {
        "Brigade": "6",
        "Time": "2017-05-14 06:35:50",
        "Lines": "9",
        "Lon": 20.9794,
        "Lat": 52.2144
      },
      {
        "Brigade": "6",
        "Time": "2017-05-14 06:36:01",
        "Lines": "9",
        "Lon": 20.9794,
        "Lat": 52.2144
      },
      {
        "Brigade": "6",
        "Time": "2017-05-14 06:36:11",
        "Lines": "9",
        "Lon": 20.9794,
        "Lat": 52.2144
      },
      {
        "Brigade": "6",
        "Time": "2017-05-14 06:36:27",
        "Lines": "9",
        "Lon": 20.9794,
        "Lat": 52.2144
      },
      {
        "Brigade": "6",
        "Time": "2017-05-14 06:36:33",
        "Lines": "9",
        "Lon": 20.9795,
        "Lat": 52.2144
      },
      {
        "Brigade": "6",
        "Time": "2017-05-14 06:36:44",
        "Lines": "9",
        "Lon": 20.9802,
        "Lat": 52.2152
      },
      {
        "Brigade": "6",
        "Time": "2017-05-14 06:36:44",
        "Lines": "9",
        "Lon": 20.9802,
        "Lat": 52.2152
      },
      {
        "Brigade": "6",
        "Time": "2017-05-14 06:37:09",
        "Lines": "9",
        "Lon": 20.9809,
        "Lat": 52.2161
      },
      {
        "Brigade": "6",
        "Time": "2017-05-14 06:37:19",
        "Lines": "9",
        "Lon": 20.9813,
        "Lat": 52.2165
      },
      {
        "Brigade": "6",
        "Time": "2017-05-14 06:37:30",
        "Lines": "9",
        "Lon": 20.9822,
        "Lat": 52.2176
      },
      {
        "Brigade": "6",
        "Time": "2017-05-14 06:37:40",
        "Lines": "9",
        "Lon": 20.9827,
        "Lat": 52.2182
      },
      {
        "Brigade": "6",
        "Time": "2017-05-14 06:37:40",
        "Lines": "9",
        "Lon": 20.9827,
        "Lat": 52.2182
      },
      {
        "Brigade": "6",
        "Time": "2017-05-14 06:37:51",
        "Lines": "9",
        "Lon": 20.9833,
        "Lat": 52.2188
      },
      {
        "Brigade": "6",
        "Time": "2017-05-14 06:38:01",
        "Lines": "9",
        "Lon": 20.9833,
        "Lat": 52.2188
      },
      {
        "Brigade": "6",
        "Time": "2017-05-14 06:38:12",
        "Lines": "9",
        "Lon": 20.9833,
        "Lat": 52.2188
      },
      {
        "Brigade": "6",
        "Time": "2017-05-14 06:38:22",
        "Lines": "9",
        "Lon": 20.9836,
        "Lat": 52.2192
      },
      {
        "Brigade": "6",
        "Time": "2017-05-14 06:38:38",
        "Lines": "9",
        "Lon": 20.9842,
        "Lat": 52.2198
      },
      {
        "Brigade": "6",
        "Time": "2017-05-14 06:38:48",
        "Lines": "9",
        "Lon": 20.9846,
        "Lat": 52.2202
      },
      {
        "Brigade": "6",
        "Time": "2017-05-14 06:38:59",
        "Lines": "9",
        "Lon": 20.985,
        "Lat": 52.2207
      },
      {
        "Brigade": "6",
        "Time": "2017-05-14 06:39:09",
        "Lines": "9",
        "Lon": 20.9852,
        "Lat": 52.2209
      },
      {
        "Brigade": "6",
        "Time": "2017-05-14 06:39:20",
        "Lines": "9",
        "Lon": 20.9852,
        "Lat": 52.2209
      },
      {
        "Brigade": "6",
        "Time": "2017-05-14 06:39:32",
        "Lines": "9",
        "Lon": 20.9852,
        "Lat": 52.2209
      },
      {
        "Brigade": "6",
        "Time": "2017-05-14 06:39:32",
        "Lines": "9",
        "Lon": 20.9852,
        "Lat": 52.2209
      },
      {
        "Brigade": "6",
        "Time": "2017-05-14 06:39:41",
        "Lines": "9",
        "Lon": 20.9853,
        "Lat": 52.2211
      },
      {
        "Brigade": "6",
        "Time": "2017-05-14 06:39:51",
        "Lines": "9",
        "Lon": 20.9861,
        "Lat": 52.222
      },
      {
        "Brigade": "6",
        "Time": "2017-05-14 06:40:02",
        "Lines": "9",
        "Lon": 20.9867,
        "Lat": 52.2226
      },
      {
        "Brigade": "6",
        "Time": "2017-05-14 06:40:12",
        "Lines": "9",
        "Lon": 20.9867,
        "Lat": 52.2227
      },
      {
        "Brigade": "6",
        "Time": "2017-05-14 06:40:29",
        "Lines": "9",
        "Lon": 20.9869,
        "Lat": 52.2229
      },
      {
        "Brigade": "6",
        "Time": "2017-05-14 06:40:29",
        "Lines": "9",
        "Lon": 20.9869,
        "Lat": 52.2229
      },
      {
        "Brigade": "6",
        "Time": "2017-05-14 06:40:49",
        "Lines": "9",
        "Lon": 20.9885,
        "Lat": 52.2245
      },
      {
        "Brigade": "6",
        "Time": "2017-05-14 06:40:59",
        "Lines": "9",
        "Lon": 20.9886,
        "Lat": 52.2245
      },
      {
        "Brigade": "6",
        "Time": "2017-05-14 06:41:10",
        "Lines": "9",
        "Lon": 20.9886,
        "Lat": 52.2245
      },
      {
        "Brigade": "6",
        "Time": "2017-05-14 06:41:20",
        "Lines": "9",
        "Lon": 20.9886,
        "Lat": 52.2245
      },
      {
        "Brigade": "6",
        "Time": "2017-05-14 06:41:20",
        "Lines": "9",
        "Lon": 20.9886,
        "Lat": 52.2245
      },
      {
        "Brigade": "6",
        "Time": "2017-05-14 06:41:31",
        "Lines": "9",
        "Lon": 20.9886,
        "Lat": 52.2245
      },
      {
        "Brigade": "6",
        "Time": "2017-05-14 06:41:41",
        "Lines": "9",
        "Lon": 20.9888,
        "Lat": 52.2246
      },
      {
        "Brigade": "6",
        "Time": "2017-05-14 06:41:52",
        "Lines": "9",
        "Lon": 20.9895,
        "Lat": 52.2249
      },
      {
        "Brigade": "6",
        "Time": "2017-05-14 06:42:08",
        "Lines": "9",
        "Lon": 20.9905,
        "Lat": 52.2253
      },
      {
        "Brigade": "6",
        "Time": "2017-05-14 06:42:18",
        "Lines": "9",
        "Lon": 20.9905,
        "Lat": 52.2253
      },
      {
        "Brigade": "6",
        "Time": "2017-05-14 06:42:29",
        "Lines": "9",
        "Lon": 20.9905,
        "Lat": 52.2253
      },
      {
        "Brigade": "6",
        "Time": "2017-05-14 06:42:39",
        "Lines": "9",
        "Lon": 20.9915,
        "Lat": 52.2255
      },
      {
        "Brigade": "6",
        "Time": "2017-05-14 06:42:44",
        "Lines": "9",
        "Lon": 20.9924,
        "Lat": 52.2257
      },
      {
        "Brigade": "6",
        "Time": "2017-05-14 06:43:01",
        "Lines": "9",
        "Lon": 20.995,
        "Lat": 52.2263
      },
      {
        "Brigade": "6",
        "Time": "2017-05-14 06:43:11",
        "Lines": "9",
        "Lon": 20.9953,
        "Lat": 52.2263
      },
      {
        "Brigade": "6",
        "Time": "2017-05-14 06:43:11",
        "Lines": "9",
        "Lon": 20.9953,
        "Lat": 52.2263
      },
      {
        "Brigade": "6",
        "Time": "2017-05-14 06:43:21",
        "Lines": "9",
        "Lon": 20.9953,
        "Lat": 52.2263
      },
      {
        "Brigade": "6",
        "Time": "2017-05-14 06:43:32",
        "Lines": "9",
        "Lon": 20.9953,
        "Lat": 52.2263
      },
      {
        "Brigade": "6",
        "Time": "2017-05-14 06:43:42",
        "Lines": "9",
        "Lon": 20.9953,
        "Lat": 52.2263
      },
      {
        "Brigade": "6",
        "Time": "2017-05-14 06:43:52",
        "Lines": "9",
        "Lon": 20.9953,
        "Lat": 52.2263
      },
      {
        "Brigade": "6",
        "Time": "2017-05-14 06:44:08",
        "Lines": "9",
        "Lon": 20.9958,
        "Lat": 52.2264
      },
      {
        "Brigade": "6",
        "Time": "2017-05-14 06:44:19",
        "Lines": "9",
        "Lon": 20.9967,
        "Lat": 52.2266
      },
      {
        "Brigade": "6",
        "Time": "2017-05-14 06:44:29",
        "Lines": "9",
        "Lon": 20.9986,
        "Lat": 52.2271
      },
      {
        "Brigade": "6",
        "Time": "2017-05-14 06:44:40",
        "Lines": "9",
        "Lon": 21.0005,
        "Lat": 52.2274
      },
      {
        "Brigade": "6",
        "Time": "2017-05-14 06:44:50",
        "Lines": "9",
        "Lon": 21.0014,
        "Lat": 52.2276
      },
      {
        "Brigade": "6",
        "Time": "2017-05-14 06:45:01",
        "Lines": "9",
        "Lon": 21.0014,
        "Lat": 52.2277
      },
      {
        "Brigade": "6",
        "Time": "2017-05-14 06:45:01",
        "Lines": "9",
        "Lon": 21.0014,
        "Lat": 52.2277
      },
      {
        "Brigade": "6",
        "Time": "2017-05-14 06:45:11",
        "Lines": "9",
        "Lon": 21.0014,
        "Lat": 52.2277
      },
      {
        "Brigade": "6",
        "Time": "2017-05-14 06:45:22",
        "Lines": "9",
        "Lon": 21.0014,
        "Lat": 52.2277
      },
      {
        "Brigade": "6",
        "Time": "2017-05-14 06:45:32",
        "Lines": "9",
        "Lon": 21.0015,
        "Lat": 52.2277
      },
      {
        "Brigade": "6",
        "Time": "2017-05-14 06:45:48",
        "Lines": "9",
        "Lon": 21.0029,
        "Lat": 52.228
      },
      {
        "Brigade": "6",
        "Time": "2017-05-14 06:45:53",
        "Lines": "9",
        "Lon": 21.0036,
        "Lat": 52.2281
      },
      {
        "Brigade": "6",
        "Time": "2017-05-14 06:45:58",
        "Lines": "9",
        "Lon": 21.0039,
        "Lat": 52.2282
      },
      {
        "Brigade": "6",
        "Time": "2017-05-14 06:46:19",
        "Lines": "9",
        "Lon": 21.0039,
        "Lat": 52.2282
      },
      {
        "Brigade": "6",
        "Time": "2017-05-14 06:46:30",
        "Lines": "9",
        "Lon": 21.0045,
        "Lat": 52.2283
      },
      {
        "Brigade": "6",
        "Time": "2017-05-14 06:46:40",
        "Lines": "9",
        "Lon": 21.0061,
        "Lat": 52.2286
      },
      {
        "Brigade": "6",
        "Time": "2017-05-14 06:46:51",
        "Lines": "9",
        "Lon": 21.0084,
        "Lat": 52.2291
      },
      {
        "Brigade": "6",
        "Time": "2017-05-14 06:46:51",
        "Lines": "9",
        "Lon": 21.0084,
        "Lat": 52.2291
      },
      {
        "Brigade": "6",
        "Time": "2017-05-14 06:47:01",
        "Lines": "9",
        "Lon": 21.0104,
        "Lat": 52.2296
      },
      {
        "Brigade": "6",
        "Time": "2017-05-14 06:47:12",
        "Lines": "9",
        "Lon": 21.0111,
        "Lat": 52.2297
      },
      {
        "Brigade": "6",
        "Time": "2017-05-14 06:47:22",
        "Lines": "9",
        "Lon": 21.0111,
        "Lat": 52.2297
      },
      {
        "Brigade": "6",
        "Time": "2017-05-14 06:47:33",
        "Lines": "9",
        "Lon": 21.0111,
        "Lat": 52.2297
      },
      {
        "Brigade": "6",
        "Time": "2017-05-14 06:47:43",
        "Lines": "9",
        "Lon": 21.0115,
        "Lat": 52.2298
      },
      {
        "Brigade": "6",
        "Time": "2017-05-14 06:47:54",
        "Lines": "9",
        "Lon": 21.0124,
        "Lat": 52.23
      },
      {
        "Brigade": "6",
        "Time": "2017-05-14 06:48:09",
        "Lines": "9",
        "Lon": 21.0152,
        "Lat": 52.2306
      },
      {
        "Brigade": "6",
        "Time": "2017-05-14 06:48:20",
        "Lines": "9",
        "Lon": 21.0159,
        "Lat": 52.2307
      },
      {
        "Brigade": "6",
        "Time": "2017-05-14 06:48:30",
        "Lines": "9",
        "Lon": 21.0159,
        "Lat": 52.2307
      },
      {
        "Brigade": "6",
        "Time": "2017-05-14 06:48:41",
        "Lines": "9",
        "Lon": 21.0159,
        "Lat": 52.2307
      },
      {
        "Brigade": "6",
        "Time": "2017-05-14 06:48:41",
        "Lines": "9",
        "Lon": 21.0159,
        "Lat": 52.2307
      },
      {
        "Brigade": "6",
        "Time": "2017-05-14 06:48:51",
        "Lines": "9",
        "Lon": 21.0161,
        "Lat": 52.2308
      },
      {
        "Brigade": "6",
        "Time": "2017-05-14 06:49:02",
        "Lines": "9",
        "Lon": 21.0178,
        "Lat": 52.2312
      },
      {
        "Brigade": "6",
        "Time": "2017-05-14 06:49:12",
        "Lines": "9",
        "Lon": 21.0197,
        "Lat": 52.2315
      },
      {
        "Brigade": "6",
        "Time": "2017-05-14 06:49:23",
        "Lines": "9",
        "Lon": 21.0201,
        "Lat": 52.2316
      },
      {
        "Brigade": "6",
        "Time": "2017-05-14 06:49:33",
        "Lines": "9",
        "Lon": 21.0201,
        "Lat": 52.2316
      },
      {
        "Brigade": "6",
        "Time": "2017-05-14 06:49:44",
        "Lines": "9",
        "Lon": 21.0202,
        "Lat": 52.2316
      },
      {
        "Brigade": "6",
        "Time": "2017-05-14 06:50:00",
        "Lines": "9",
        "Lon": 21.0226,
        "Lat": 52.2321
      },
      {
        "Brigade": "6",
        "Time": "2017-05-14 06:50:05",
        "Lines": "9",
        "Lon": 21.0237,
        "Lat": 52.2324
      },
      {
        "Brigade": "6",
        "Time": "2017-05-14 06:50:12",
        "Lines": "9",
        "Lon": 21.0248,
        "Lat": 52.2326
      },
      {
        "Brigade": "6",
        "Time": "2017-05-14 06:50:31",
        "Lines": "9",
        "Lon": 21.0293,
        "Lat": 52.2335
      },
      {
        "Brigade": "6",
        "Time": "2017-05-14 06:50:31",
        "Lines": "9",
        "Lon": 21.0293,
        "Lat": 52.2335
      },
      {
        "Brigade": "6",
        "Time": "2017-05-14 06:50:41",
        "Lines": "9",
        "Lon": 21.0315,
        "Lat": 52.234
      },
      {
        "Brigade": "6",
        "Time": "2017-05-14 06:50:52",
        "Lines": "9",
        "Lon": 21.0328,
        "Lat": 52.2342
      },
      {
        "Brigade": "6",
        "Time": "2017-05-14 06:51:02",
        "Lines": "9",
        "Lon": 21.0341,
        "Lat": 52.2345
      },
      {
        "Brigade": "6",
        "Time": "2017-05-14 06:51:13",
        "Lines": "9",
        "Lon": 21.0355,
        "Lat": 52.2348
      },
      {
        "Brigade": "6",
        "Time": "2017-05-14 06:51:29",
        "Lines": "9",
        "Lon": 21.0372,
        "Lat": 52.2351
      },
      {
        "Brigade": "6",
        "Time": "2017-05-14 06:51:39",
        "Lines": "9",
        "Lon": 21.0373,
        "Lat": 52.2352
      },
      {
        "Brigade": "6",
        "Time": "2017-05-14 06:51:50",
        "Lines": "9",
        "Lon": 21.0373,
        "Lat": 52.2352
      },
      {
        "Brigade": "6",
        "Time": "2017-05-14 06:52:00",
        "Lines": "9",
        "Lon": 21.0384,
        "Lat": 52.2354
      },
      {
        "Brigade": "6",
        "Time": "2017-05-14 06:52:07",
        "Lines": "9",
        "Lon": 21.0394,
        "Lat": 52.2356
      },
      {
        "Brigade": "6",
        "Time": "2017-05-14 06:52:07",
        "Lines": "9",
        "Lon": 21.0394,
        "Lat": 52.2356
      },
      {
        "Brigade": "6",
        "Time": "2017-05-14 06:52:21",
        "Lines": "9",
        "Lon": 21.0426,
        "Lat": 52.2362
      },
      {
        "Brigade": "6",
        "Time": "2017-05-14 06:52:32",
        "Lines": "9",
        "Lon": 21.0449,
        "Lat": 52.2367
      },
      {
        "Brigade": "6",
        "Time": "2017-05-14 06:52:42",
        "Lines": "9",
        "Lon": 21.0472,
        "Lat": 52.2372
      },
      {
        "Brigade": "6",
        "Time": "2017-05-14 06:52:52",
        "Lines": "9",
        "Lon": 21.049,
        "Lat": 52.2376
      },
      {
        "Brigade": "6",
        "Time": "2017-05-14 06:53:08",
        "Lines": "9",
        "Lon": 21.0504,
        "Lat": 52.2379
      },
      {
        "Brigade": "6",
        "Time": "2017-05-14 06:53:19",
        "Lines": "9",
        "Lon": 21.051,
        "Lat": 52.238
      },
      {
        "Brigade": "6",
        "Time": "2017-05-14 06:53:29",
        "Lines": "9",
        "Lon": 21.051,
        "Lat": 52.238
      },
      {
        "Brigade": "6",
        "Time": "2017-05-14 06:53:40",
        "Lines": "9",
        "Lon": 21.051,
        "Lat": 52.238
      },
      {
        "Brigade": "6",
        "Time": "2017-05-14 06:53:50",
        "Lines": "9",
        "Lon": 21.0519,
        "Lat": 52.2382
      },
      {
        "Brigade": "6",
        "Time": "2017-05-14 06:54:01",
        "Lines": "9",
        "Lon": 21.053,
        "Lat": 52.2384
      },
      {
        "Brigade": "6",
        "Time": "2017-05-14 06:54:01",
        "Lines": "9",
        "Lon": 21.053,
        "Lat": 52.2384
      },
      {
        "Brigade": "6",
        "Time": "2017-05-14 06:54:11",
        "Lines": "9",
        "Lon": 21.0542,
        "Lat": 52.2386
      },
      {
        "Brigade": "6",
        "Time": "2017-05-14 06:54:27",
        "Lines": "9",
        "Lon": 21.0562,
        "Lat": 52.239
      },
      {
        "Brigade": "6",
        "Time": "2017-05-14 06:54:38",
        "Lines": "9",
        "Lon": 21.0563,
        "Lat": 52.239
      },
      {
        "Brigade": "6",
        "Time": "2017-05-14 06:54:48",
        "Lines": "9",
        "Lon": 21.0565,
        "Lat": 52.2391
      },
      {
        "Brigade": "6",
        "Time": "2017-05-14 06:54:58",
        "Lines": "9",
        "Lon": 21.0581,
        "Lat": 52.2394
      },
      {
        "Brigade": "6",
        "Time": "2017-05-14 06:55:09",
        "Lines": "9",
        "Lon": 21.0602,
        "Lat": 52.2398
      },
      {
        "Brigade": "6",
        "Time": "2017-05-14 06:55:20",
        "Lines": "9",
        "Lon": 21.0622,
        "Lat": 52.2402
      },
      {
        "Brigade": "6",
        "Time": "2017-05-14 06:55:30",
        "Lines": "9",
        "Lon": 21.0631,
        "Lat": 52.2404
      },
      {
        "Brigade": "6",
        "Time": "2017-05-14 06:55:30",
        "Lines": "9",
        "Lon": 21.0631,
        "Lat": 52.2404
      },
      {
        "Brigade": "6",
        "Time": "2017-05-14 06:55:46",
        "Lines": "9",
        "Lon": 21.0631,
        "Lat": 52.2404
      },
      {
        "Brigade": "6",
        "Time": "2017-05-14 06:55:56",
        "Lines": "9",
        "Lon": 21.0637,
        "Lat": 52.2405
      },
      {
        "Brigade": "6",
        "Time": "2017-05-14 06:55:56",
        "Lines": "9",
        "Lon": 21.0637,
        "Lat": 52.2405
      },
      {
        "Brigade": "6",
        "Time": "2017-05-14 06:55:56",
        "Lines": "9",
        "Lon": 21.0637,
        "Lat": 52.2405
      },
      {
        "Brigade": "6",
        "Time": "2017-05-14 07:36:45",
        "Lines": "9",
        "Lon": 21.0687,
        "Lat": 52.2417
      },
      {
        "Brigade": "6",
        "Time": "2017-05-14 07:36:55",
        "Lines": "9",
        "Lon": 21.0665,
        "Lat": 52.2412
      },
      {
        "Brigade": "6",
        "Time": "2017-05-14 07:37:06",
        "Lines": "9",
        "Lon": 21.0643,
        "Lat": 52.2407
      },
      {
        "Brigade": "6",
        "Time": "2017-05-14 07:37:16",
        "Lines": "9",
        "Lon": 21.0627,
        "Lat": 52.2404
      },
      {
        "Brigade": "6",
        "Time": "2017-05-14 07:37:27",
        "Lines": "9",
        "Lon": 21.0626,
        "Lat": 52.2404
      },
      {
        "Brigade": "6",
        "Time": "2017-05-14 07:37:37",
        "Lines": "9",
        "Lon": 21.0626,
        "Lat": 52.2404
      },
      {
        "Brigade": "6",
        "Time": "2017-05-14 07:37:53",
        "Lines": "9",
        "Lon": 21.0623,
        "Lat": 52.2403
      },
      {
        "Brigade": "6",
        "Time": "2017-05-14 07:37:53",
        "Lines": "9",
        "Lon": 21.0623,
        "Lat": 52.2403
      },
      {
        "Brigade": "6",
        "Time": "2017-05-14 07:38:03",
        "Lines": "9",
        "Lon": 21.0605,
        "Lat": 52.24
      },
      {
        "Brigade": "6",
        "Time": "2017-05-14 07:38:14",
        "Lines": "9",
        "Lon": 21.0584,
        "Lat": 52.2395
      },
      {
        "Brigade": "6",
        "Time": "2017-05-14 07:38:24",
        "Lines": "9",
        "Lon": 21.0563,
        "Lat": 52.2391
      },
      {
        "Brigade": "6",
        "Time": "2017-05-14 07:38:35",
        "Lines": "9",
        "Lon": 21.0551,
        "Lat": 52.2388
      },
      {
        "Brigade": "6",
        "Time": "2017-05-14 07:38:45",
        "Lines": "9",
        "Lon": 21.0551,
        "Lat": 52.2388
      },
      {
        "Brigade": "6",
        "Time": "2017-05-14 07:38:56",
        "Lines": "9",
        "Lon": 21.0548,
        "Lat": 52.2388
      },
      {
        "Brigade": "6",
        "Time": "2017-05-14 07:39:06",
        "Lines": "9",
        "Lon": 21.0537,
        "Lat": 52.2385
      },
      {
        "Brigade": "6",
        "Time": "2017-05-14 07:39:17",
        "Lines": "9",
        "Lon": 21.0525,
        "Lat": 52.2383
      },
      {
        "Brigade": "6",
        "Time": "2017-05-14 07:39:17",
        "Lines": "9",
        "Lon": 21.0525,
        "Lat": 52.2383
      },
      {
        "Brigade": "6",
        "Time": "2017-05-14 07:39:17",
        "Lines": "9",
        "Lon": 21.0525,
        "Lat": 52.2383
      },
      {
        "Brigade": "6",
        "Time": "2017-05-14 07:39:17",
        "Lines": "9",
        "Lon": 21.0525,
        "Lat": 52.2383
      },
      {
        "Brigade": "6",
        "Time": "2017-05-14 07:39:17",
        "Lines": "9",
        "Lon": 21.0525,
        "Lat": 52.2383
      },
      {
        "Brigade": "6",
        "Time": "2017-05-14 07:39:17",
        "Lines": "9",
        "Lon": 21.0525,
        "Lat": 52.2383
      },
      {
        "Brigade": "6",
        "Time": "2017-05-14 07:39:17",
        "Lines": "9",
        "Lon": 21.0525,
        "Lat": 52.2383
      },
      {
        "Brigade": "6",
        "Time": "2017-05-14 07:39:17",
        "Lines": "9",
        "Lon": 21.0525,
        "Lat": 52.2383
      },
      {
        "Brigade": "6",
        "Time": "2017-05-14 07:40:35",
        "Lines": "9",
        "Lon": 21.0499,
        "Lat": 52.2378
      },
      {
        "Brigade": "6",
        "Time": "2017-05-14 07:40:46",
        "Lines": "9",
        "Lon": 21.0484,
        "Lat": 52.2375
      },
      {
        "Brigade": "6",
        "Time": "2017-05-14 07:40:59",
        "Lines": "9",
        "Lon": 21.0465,
        "Lat": 52.2371
      },
      {
        "Brigade": "6",
        "Time": "2017-05-14 07:41:07",
        "Lines": "9",
        "Lon": 21.0444,
        "Lat": 52.2366
      },
      {
        "Brigade": "6",
        "Time": "2017-05-14 07:41:17",
        "Lines": "9",
        "Lon": 21.0422,
        "Lat": 52.2362
      },
      {
        "Brigade": "6",
        "Time": "2017-05-14 07:41:33",
        "Lines": "9",
        "Lon": 21.0389,
        "Lat": 52.2355
      },
      {
        "Brigade": "6",
        "Time": "2017-05-14 07:41:33",
        "Lines": "9",
        "Lon": 21.0389,
        "Lat": 52.2355
      },
      {
        "Brigade": "6",
        "Time": "2017-05-14 07:41:44",
        "Lines": "9",
        "Lon": 21.0371,
        "Lat": 52.2351
      },
      {
        "Brigade": "6",
        "Time": "2017-05-14 07:41:54",
        "Lines": "9",
        "Lon": 21.0363,
        "Lat": 52.235
      },
      {
        "Brigade": "6",
        "Time": "2017-05-14 07:42:05",
        "Lines": "9",
        "Lon": 21.0363,
        "Lat": 52.235
      },
      {
        "Brigade": "6",
        "Time": "2017-05-14 07:42:10",
        "Lines": "9",
        "Lon": 21.0363,
        "Lat": 52.235
      },
      {
        "Brigade": "6",
        "Time": "2017-05-14 07:42:26",
        "Lines": "9",
        "Lon": 21.0354,
        "Lat": 52.2348
      },
      {
        "Brigade": "6",
        "Time": "2017-05-14 07:42:26",
        "Lines": "9",
        "Lon": 21.0354,
        "Lat": 52.2348
      },
      {
        "Brigade": "6",
        "Time": "2017-05-14 07:42:46",
        "Lines": "9",
        "Lon": 21.0329,
        "Lat": 52.2343
      },
      {
        "Brigade": "6",
        "Time": "2017-05-14 07:42:57",
        "Lines": "9",
        "Lon": 21.0314,
        "Lat": 52.234
      },
      {
        "Brigade": "6",
        "Time": "2017-05-14 07:43:07",
        "Lines": "9",
        "Lon": 21.0299,
        "Lat": 52.2336
      },
      {
        "Brigade": "6",
        "Time": "2017-05-14 07:43:13",
        "Lines": "9",
        "Lon": 21.029,
        "Lat": 52.2335
      },
      {
        "Brigade": "6",
        "Time": "2017-05-14 07:43:23",
        "Lines": "9",
        "Lon": 21.0268,
        "Lat": 52.233
      },
      {
        "Brigade": "6",
        "Time": "2017-05-14 07:43:34",
        "Lines": "9",
        "Lon": 21.0248,
        "Lat": 52.2326
      },
      {
        "Brigade": "6",
        "Time": "2017-05-14 07:43:44",
        "Lines": "9",
        "Lon": 21.0225,
        "Lat": 52.2321
      },
      {
        "Brigade": "6",
        "Time": "2017-05-14 07:43:55",
        "Lines": "9",
        "Lon": 21.0215,
        "Lat": 52.2319
      },
      {
        "Brigade": "6",
        "Time": "2017-05-14 07:44:05",
        "Lines": "9",
        "Lon": 21.0215,
        "Lat": 52.2319
      },
      {
        "Brigade": "6",
        "Time": "2017-05-14 07:44:16",
        "Lines": "9",
        "Lon": 21.0215,
        "Lat": 52.2319
      },
      {
        "Brigade": "6",
        "Time": "2017-05-14 07:44:26",
        "Lines": "9",
        "Lon": 21.0207,
        "Lat": 52.2317
      },
      {
        "Brigade": "6",
        "Time": "2017-05-14 07:44:37",
        "Lines": "9",
        "Lon": 21.0187,
        "Lat": 52.2314
      },
      {
        "Brigade": "6",
        "Time": "2017-05-14 07:44:52",
        "Lines": "9",
        "Lon": 21.0168,
        "Lat": 52.231
      },
      {
        "Brigade": "6",
        "Time": "2017-05-14 07:45:03",
        "Lines": "9",
        "Lon": 21.0168,
        "Lat": 52.231
      },
      {
        "Brigade": "6",
        "Time": "2017-05-14 07:45:03",
        "Lines": "9",
        "Lon": 21.0168,
        "Lat": 52.231
      },
      {
        "Brigade": "6",
        "Time": "2017-05-14 07:45:13",
        "Lines": "9",
        "Lon": 21.0165,
        "Lat": 52.2309
      },
      {
        "Brigade": "6",
        "Time": "2017-05-14 07:45:24",
        "Lines": "9",
        "Lon": 21.0147,
        "Lat": 52.2305
      },
      {
        "Brigade": "6",
        "Time": "2017-05-14 07:45:34",
        "Lines": "9",
        "Lon": 21.0128,
        "Lat": 52.2301
      },
      {
        "Brigade": "6",
        "Time": "2017-05-14 07:45:45",
        "Lines": "9",
        "Lon": 21.0123,
        "Lat": 52.23
      },
      {
        "Brigade": "6",
        "Time": "2017-05-14 07:45:55",
        "Lines": "9",
        "Lon": 21.0123,
        "Lat": 52.23
      },
      {
        "Brigade": "6",
        "Time": "2017-05-14 07:46:06",
        "Lines": "9",
        "Lon": 21.0123,
        "Lat": 52.23
      },
      {
        "Brigade": "6",
        "Time": "2017-05-14 07:46:16",
        "Lines": "9",
        "Lon": 21.0117,
        "Lat": 52.2299
      },
      {
        "Brigade": "6",
        "Time": "2017-05-14 07:46:32",
        "Lines": "9",
        "Lon": 21.0096,
        "Lat": 52.2294
      },
      {
        "Brigade": "6",
        "Time": "2017-05-14 07:46:37",
        "Lines": "9",
        "Lon": 21.0087,
        "Lat": 52.2292
      },
      {
        "Brigade": "6",
        "Time": "2017-05-14 07:46:37",
        "Lines": "9",
        "Lon": 21.0087,
        "Lat": 52.2292
      },
      {
        "Brigade": "6",
        "Time": "2017-05-14 07:46:53",
        "Lines": "9",
        "Lon": 21.0062,
        "Lat": 52.2286
      },
      {
        "Brigade": "6",
        "Time": "2017-05-14 07:47:03",
        "Lines": "9",
        "Lon": 21.006,
        "Lat": 52.2286
      },
      {
        "Brigade": "6",
        "Time": "2017-05-14 07:47:14",
        "Lines": "9",
        "Lon": 21.006,
        "Lat": 52.2286
      },
      {
        "Brigade": "6",
        "Time": "2017-05-14 07:47:24",
        "Lines": "9",
        "Lon": 21.006,
        "Lat": 52.2286
      },
      {
        "Brigade": "6",
        "Time": "2017-05-14 07:47:24",
        "Lines": "9",
        "Lon": 21.006,
        "Lat": 52.2286
      },
      {
        "Brigade": "6",
        "Time": "2017-05-14 07:47:46",
        "Lines": "9",
        "Lon": 21.0057,
        "Lat": 52.2285
      },
      {
        "Brigade": "6",
        "Time": "2017-05-14 07:47:46",
        "Lines": "9",
        "Lon": 21.0057,
        "Lat": 52.2285
      },
      {
        "Brigade": "6",
        "Time": "2017-05-14 07:48:06",
        "Lines": "9",
        "Lon": 21.0026,
        "Lat": 52.2279
      },
      {
        "Brigade": "6",
        "Time": "2017-05-14 07:48:22",
        "Lines": "9",
        "Lon": 21.0026,
        "Lat": 52.2279
      },
      {
        "Brigade": "6",
        "Time": "2017-05-14 07:48:33",
        "Lines": "9",
        "Lon": 21.0026,
        "Lat": 52.2279
      },
      {
        "Brigade": "6",
        "Time": "2017-05-14 07:48:33",
        "Lines": "9",
        "Lon": 21.0026,
        "Lat": 52.2279
      },
      {
        "Brigade": "6",
        "Time": "2017-05-14 07:48:43",
        "Lines": "9",
        "Lon": 21.0026,
        "Lat": 52.2279
      },
      {
        "Brigade": "6",
        "Time": "2017-05-14 07:48:53",
        "Lines": "9",
        "Lon": 21.0026,
        "Lat": 52.2279
      },
      {
        "Brigade": "6",
        "Time": "2017-05-14 07:49:04",
        "Lines": "9",
        "Lon": 21.0026,
        "Lat": 52.2279
      },
      {
        "Brigade": "6",
        "Time": "2017-05-14 07:49:15",
        "Lines": "9",
        "Lon": 21.0023,
        "Lat": 52.2278
      },
      {
        "Brigade": "6",
        "Time": "2017-05-14 07:49:25",
        "Lines": "9",
        "Lon": 21.0015,
        "Lat": 52.2277
      },
      {
        "Brigade": "6",
        "Time": "2017-05-14 07:49:35",
        "Lines": "9",
        "Lon": 20.9999,
        "Lat": 52.2273
      },
      {
        "Brigade": "6",
        "Time": "2017-05-14 07:49:46",
        "Lines": "9",
        "Lon": 20.9978,
        "Lat": 52.2269
      },
      {
        "Brigade": "6",
        "Time": "2017-05-14 07:49:56",
        "Lines": "9",
        "Lon": 20.9963,
        "Lat": 52.2266
      },
      {
        "Brigade": "6",
        "Time": "2017-05-14 07:50:12",
        "Lines": "9",
        "Lon": 20.9963,
        "Lat": 52.2265
      },
      {
        "Brigade": "6",
        "Time": "2017-05-14 07:50:23",
        "Lines": "9",
        "Lon": 20.9959,
        "Lat": 52.2265
      },
      {
        "Brigade": "6",
        "Time": "2017-05-14 07:50:23",
        "Lines": "9",
        "Lon": 20.9959,
        "Lat": 52.2265
      },
      {
        "Brigade": "6",
        "Time": "2017-05-14 07:50:33",
        "Lines": "9",
        "Lon": 20.9952,
        "Lat": 52.2263
      },
      {
        "Brigade": "6",
        "Time": "2017-05-14 07:50:44",
        "Lines": "9",
        "Lon": 20.9937,
        "Lat": 52.226
      },
      {
        "Brigade": "6",
        "Time": "2017-05-14 07:50:54",
        "Lines": "9",
        "Lon": 20.9916,
        "Lat": 52.2255
      },
      {
        "Brigade": "6",
        "Time": "2017-05-14 07:51:05",
        "Lines": "9",
        "Lon": 20.9906,
        "Lat": 52.2253
      },
      {
        "Brigade": "6",
        "Time": "2017-05-14 07:51:15",
        "Lines": "9",
        "Lon": 20.9898,
        "Lat": 52.225
      },
      {
        "Brigade": "6",
        "Time": "2017-05-14 07:51:26",
        "Lines": "9",
        "Lon": 20.9897,
        "Lat": 52.225
      },
      {
        "Brigade": "6",
        "Time": "2017-05-14 07:51:36",
        "Lines": "9",
        "Lon": 20.9897,
        "Lat": 52.225
      },
      {
        "Brigade": "6",
        "Time": "2017-05-14 07:51:52",
        "Lines": "9",
        "Lon": 20.9889,
        "Lat": 52.2247
      },
      {
        "Brigade": "6",
        "Time": "2017-05-14 07:52:02",
        "Lines": "9",
        "Lon": 20.9881,
        "Lat": 52.2242
      },
      {
        "Brigade": "6",
        "Time": "2017-05-14 07:52:02",
        "Lines": "9",
        "Lon": 20.9881,
        "Lat": 52.2242
      },
      {
        "Brigade": "6",
        "Time": "2017-05-14 07:52:08",
        "Lines": "9",
        "Lon": 20.9877,
        "Lat": 52.2238
      },
      {
        "Brigade": "6",
        "Time": "2017-05-14 07:52:23",
        "Lines": "9",
        "Lon": 20.9868,
        "Lat": 52.2227
      },
      {
        "Brigade": "6",
        "Time": "2017-05-14 07:52:35",
        "Lines": "9",
        "Lon": 20.9868,
        "Lat": 52.2227
      },
      {
        "Brigade": "6",
        "Time": "2017-05-14 07:52:44",
        "Lines": "9",
        "Lon": 20.9868,
        "Lat": 52.2227
      },
      {
        "Brigade": "6",
        "Time": "2017-05-14 07:52:55",
        "Lines": "9",
        "Lon": 20.9868,
        "Lat": 52.2227
      },
      {
        "Brigade": "6",
        "Time": "2017-05-14 07:53:05",
        "Lines": "9",
        "Lon": 20.9867,
        "Lat": 52.2227
      },
      {
        "Brigade": "6",
        "Time": "2017-05-14 07:53:21",
        "Lines": "9",
        "Lon": 20.9855,
        "Lat": 52.2213
      },
      {
        "Brigade": "6",
        "Time": "2017-05-14 07:53:31",
        "Lines": "9",
        "Lon": 20.9845,
        "Lat": 52.2202
      },
      {
        "Brigade": "6",
        "Time": "2017-05-14 07:53:37",
        "Lines": "9",
        "Lon": 20.9843,
        "Lat": 52.22
      },
      {
        "Brigade": "6",
        "Time": "2017-05-14 07:53:37",
        "Lines": "9",
        "Lon": 20.9843,
        "Lat": 52.22
      },
      {
        "Brigade": "6",
        "Time": "2017-05-14 07:53:48",
        "Lines": "9",
        "Lon": 20.9839,
        "Lat": 52.2196
      },
      {
        "Brigade": "6",
        "Time": "2017-05-14 07:54:03",
        "Lines": "9",
        "Lon": 20.9834,
        "Lat": 52.2189
      },
      {
        "Brigade": "6",
        "Time": "2017-05-14 07:54:13",
        "Lines": "9",
        "Lon": 20.9834,
        "Lat": 52.2189
      },
      {
        "Brigade": "6",
        "Time": "2017-05-14 07:54:24",
        "Lines": "9",
        "Lon": 20.9834,
        "Lat": 52.2189
      },
      {
        "Brigade": "6",
        "Time": "2017-05-14 07:54:34",
        "Lines": "9",
        "Lon": 20.9834,
        "Lat": 52.2189
      },
      {
        "Brigade": "6",
        "Time": "2017-05-14 07:54:45",
        "Lines": "9",
        "Lon": 20.9834,
        "Lat": 52.2189
      },
      {
        "Brigade": "6",
        "Time": "2017-05-14 07:54:55",
        "Lines": "9",
        "Lon": 20.9834,
        "Lat": 52.2189
      },
      {
        "Brigade": "6",
        "Time": "2017-05-14 07:55:11",
        "Lines": "9",
        "Lon": 20.9833,
        "Lat": 52.2189
      },
      {
        "Brigade": "6",
        "Time": "2017-05-14 07:55:16",
        "Lines": "9",
        "Lon": 20.983,
        "Lat": 52.2185
      },
      {
        "Brigade": "6",
        "Time": "2017-05-14 07:55:32",
        "Lines": "9",
        "Lon": 20.9816,
        "Lat": 52.2169
      },
      {
        "Brigade": "6",
        "Time": "2017-05-14 07:55:32",
        "Lines": "9",
        "Lon": 20.9816,
        "Lat": 52.2169
      },
      {
        "Brigade": "6",
        "Time": "2017-05-14 07:55:43",
        "Lines": "9",
        "Lon": 20.9813,
        "Lat": 52.2166
      },
      {
        "Brigade": "6",
        "Time": "2017-05-14 07:55:53",
        "Lines": "9",
        "Lon": 20.9813,
        "Lat": 52.2166
      },
      {
        "Brigade": "6",
        "Time": "2017-05-14 07:56:03",
        "Lines": "9",
        "Lon": 20.9812,
        "Lat": 52.2164
      },
      {
        "Brigade": "6",
        "Time": "2017-05-14 07:56:14",
        "Lines": "9",
        "Lon": 20.9804,
        "Lat": 52.2155
      },
      {
        "Brigade": "6",
        "Time": "2017-05-14 07:56:24",
        "Lines": "9",
        "Lon": 20.9796,
        "Lat": 52.2147
      },
      {
        "Brigade": "6",
        "Time": "2017-05-14 07:56:35",
        "Lines": "9",
        "Lon": 20.9795,
        "Lat": 52.2146
      },
      {
        "Brigade": "6",
        "Time": "2017-05-14 07:56:45",
        "Lines": "9",
        "Lon": 20.9795,
        "Lat": 52.2146
      },
      {
        "Brigade": "6",
        "Time": "2017-05-14 07:56:56",
        "Lines": "9",
        "Lon": 20.9795,
        "Lat": 52.2146
      },
      {
        "Brigade": "6",
        "Time": "2017-05-14 07:57:12",
        "Lines": "9",
        "Lon": 20.9795,
        "Lat": 52.2145
      },
      {
        "Brigade": "6",
        "Time": "2017-05-14 07:57:22",
        "Lines": "9",
        "Lon": 20.9788,
        "Lat": 52.2138
      },
      {
        "Brigade": "6",
        "Time": "2017-05-14 07:57:22",
        "Lines": "9",
        "Lon": 20.9788,
        "Lat": 52.2138
      },
      {
        "Brigade": "6",
        "Time": "2017-05-14 07:57:33",
        "Lines": "9",
        "Lon": 20.9778,
        "Lat": 52.2126
      },
      {
        "Brigade": "6",
        "Time": "2017-05-14 07:57:43",
        "Lines": "9",
        "Lon": 20.9774,
        "Lat": 52.2121
      },
      {
        "Brigade": "6",
        "Time": "2017-05-14 07:57:54",
        "Lines": "9",
        "Lon": 20.9769,
        "Lat": 52.2115
      },
      {
        "Brigade": "6",
        "Time": "2017-05-14 07:57:59",
        "Lines": "9",
        "Lon": 20.9767,
        "Lat": 52.2114
      },
      {
        "Brigade": "6",
        "Time": "2017-05-14 07:58:17",
        "Lines": "9",
        "Lon": 20.9767,
        "Lat": 52.2114
      },
      {
        "Brigade": "6",
        "Time": "2017-05-14 07:58:25",
        "Lines": "9",
        "Lon": 20.9767,
        "Lat": 52.2114
      },
      {
        "Brigade": "6",
        "Time": "2017-05-14 07:58:36",
        "Lines": "9",
        "Lon": 20.9767,
        "Lat": 52.2113
      },
      {
        "Brigade": "6",
        "Time": "2017-05-14 07:58:46",
        "Lines": "9",
        "Lon": 20.976,
        "Lat": 52.2106
      },
      {
        "Brigade": "6",
        "Time": "2017-05-14 07:59:02",
        "Lines": "9",
        "Lon": 20.9748,
        "Lat": 52.209
      },
      {
        "Brigade": "6",
        "Time": "2017-05-14 07:59:12",
        "Lines": "9",
        "Lon": 20.9745,
        "Lat": 52.2088
      },
      {
        "Brigade": "6",
        "Time": "2017-05-14 07:59:12",
        "Lines": "9",
        "Lon": 20.9745,
        "Lat": 52.2088
      },
      {
        "Brigade": "6",
        "Time": "2017-05-14 07:59:23",
        "Lines": "9",
        "Lon": 20.9746,
        "Lat": 52.2088
      },
      {
        "Brigade": "6",
        "Time": "2017-05-14 07:59:33",
        "Lines": "9",
        "Lon": 20.9742,
        "Lat": 52.2084
      },
      {
        "Brigade": "6",
        "Time": "2017-05-14 07:59:44",
        "Lines": "9",
        "Lon": 20.9732,
        "Lat": 52.2073
      },
      {
        "Brigade": "6",
        "Time": "2017-05-14 07:59:54",
        "Lines": "9",
        "Lon": 20.9723,
        "Lat": 52.2062
      },
      {
        "Brigade": "6",
        "Time": "2017-05-14 08:00:05",
        "Lines": "9",
        "Lon": 20.9721,
        "Lat": 52.2059
      },
      {
        "Brigade": "6",
        "Time": "2017-05-14 08:00:15",
        "Lines": "9",
        "Lon": 20.9721,
        "Lat": 52.2059
      },
      {
        "Brigade": "6",
        "Time": "2017-05-14 08:00:26",
        "Lines": "9",
        "Lon": 20.9721,
        "Lat": 52.2059
      },
      {
        "Brigade": "6",
        "Time": "2017-05-14 08:00:37",
        "Lines": "9",
        "Lon": 20.9719,
        "Lat": 52.2057
      },
      {
        "Brigade": "6",
        "Time": "2017-05-14 08:00:52",
        "Lines": "9",
        "Lon": 20.9705,
        "Lat": 52.2042
      },
      {
        "Brigade": "6",
        "Time": "2017-05-14 08:01:02",
        "Lines": "9",
        "Lon": 20.9695,
        "Lat": 52.2031
      },
      {
        "Brigade": "6",
        "Time": "2017-05-14 08:01:02",
        "Lines": "9",
        "Lon": 20.9695,
        "Lat": 52.2031
      },
      {
        "Brigade": "6",
        "Time": "2017-05-14 08:01:13",
        "Lines": "9",
        "Lon": 20.9692,
        "Lat": 52.2028
      },
      {
        "Brigade": "6",
        "Time": "2017-05-14 08:01:23",
        "Lines": "9",
        "Lon": 20.9692,
        "Lat": 52.2028
      },
      {
        "Brigade": "6",
        "Time": "2017-05-14 08:01:34",
        "Lines": "9",
        "Lon": 20.9692,
        "Lat": 52.2027
      },
      {
        "Brigade": "6",
        "Time": "2017-05-14 08:01:44",
        "Lines": "9",
        "Lon": 20.9685,
        "Lat": 52.2019
      },
      {
        "Brigade": "6",
        "Time": "2017-05-14 08:01:51",
        "Lines": "9",
        "Lon": 20.968,
        "Lat": 52.2013
      },
      {
        "Brigade": "6",
        "Time": "2017-05-14 08:01:51",
        "Lines": "9",
        "Lon": 20.968,
        "Lat": 52.2013
      },
      {
        "Brigade": "6",
        "Time": "2017-05-14 08:02:16",
        "Lines": "9",
        "Lon": 20.9661,
        "Lat": 52.1992
      },
      {
        "Brigade": "6",
        "Time": "2017-05-14 08:02:32",
        "Lines": "9",
        "Lon": 20.9652,
        "Lat": 52.1982
      },
      {
        "Brigade": "6",
        "Time": "2017-05-14 08:02:42",
        "Lines": "9",
        "Lon": 20.9644,
        "Lat": 52.1973
      },
      {
        "Brigade": "6",
        "Time": "2017-05-14 08:02:52",
        "Lines": "9",
        "Lon": 20.9642,
        "Lat": 52.197
      },
      {
        "Brigade": "6",
        "Time": "2017-05-14 08:02:52",
        "Lines": "9",
        "Lon": 20.9642,
        "Lat": 52.197
      },
      {
        "Brigade": "6",
        "Time": "2017-05-14 08:02:58",
        "Lines": "9",
        "Lon": 20.9642,
        "Lat": 52.197
      },
      {
        "Brigade": "6",
        "Time": "2017-05-14 08:03:14",
        "Lines": "9",
        "Lon": 20.9642,
        "Lat": 52.197
      },
      {
        "Brigade": "6",
        "Time": "2017-05-14 08:03:24",
        "Lines": "9",
        "Lon": 20.9636,
        "Lat": 52.1964
      },
      {
        "Brigade": "6",
        "Time": "2017-05-14 08:03:34",
        "Lines": "9",
        "Lon": 20.9626,
        "Lat": 52.1953
      },
      {
        "Brigade": "6",
        "Time": "2017-05-14 08:03:45",
        "Lines": "9",
        "Lon": 20.9617,
        "Lat": 52.1943
      },
      {
        "Brigade": "6",
        "Time": "2017-05-14 08:03:55",
        "Lines": "9",
        "Lon": 20.961,
        "Lat": 52.1935
      },
      {
        "Brigade": "6",
        "Time": "2017-05-14 08:04:06",
        "Lines": "9",
        "Lon": 20.9609,
        "Lat": 52.1934
      },
      {
        "Brigade": "6",
        "Time": "2017-05-14 08:04:16",
        "Lines": "9",
        "Lon": 20.9609,
        "Lat": 52.1934
      },
      {
        "Brigade": "6",
        "Time": "2017-05-14 08:04:27",
        "Lines": "9",
        "Lon": 20.9609,
        "Lat": 52.1934
      },
      {
        "Brigade": "6",
        "Time": "2017-05-14 08:04:43",
        "Lines": "9",
        "Lon": 20.9607,
        "Lat": 52.1931
      },
      {
        "Brigade": "6",
        "Time": "2017-05-14 08:04:43",
        "Lines": "9",
        "Lon": 20.9607,
        "Lat": 52.1931
      },
      {
        "Brigade": "6",
        "Time": "2017-05-14 08:04:53",
        "Lines": "9",
        "Lon": 20.9601,
        "Lat": 52.1924
      },
      {
        "Brigade": "6",
        "Time": "2017-05-14 08:05:04",
        "Lines": "9",
        "Lon": 20.9591,
        "Lat": 52.1913
      },
      {
        "Brigade": "6",
        "Time": "2017-05-14 08:05:14",
        "Lines": "9",
        "Lon": 20.9585,
        "Lat": 52.1906
      },
      {
        "Brigade": "6",
        "Time": "2017-05-14 08:05:25",
        "Lines": "9",
        "Lon": 20.9585,
        "Lat": 52.1905
      },
      {
        "Brigade": "6",
        "Time": "2017-05-14 08:05:35",
        "Lines": "9",
        "Lon": 20.9585,
        "Lat": 52.1905
      },
      {
        "Brigade": "6",
        "Time": "2017-05-14 08:05:46",
        "Lines": "9",
        "Lon": 20.9585,
        "Lat": 52.1905
      },
      {
        "Brigade": "6",
        "Time": "2017-05-14 08:05:56",
        "Lines": "9",
        "Lon": 20.9585,
        "Lat": 52.1905
      },
      {
        "Brigade": "6",
        "Time": "2017-05-14 08:06:07",
        "Lines": "9",
        "Lon": 20.9585,
        "Lat": 52.1905
      },
      {
        "Brigade": "6",
        "Time": "2017-05-14 08:06:17",
        "Lines": "9",
        "Lon": 20.9585,
        "Lat": 52.1905
      },
      {
        "Brigade": "6",
        "Time": "2017-05-14 08:06:28",
        "Lines": "9",
        "Lon": 20.9579,
        "Lat": 52.1899
      },
      {
        "Brigade": "6",
        "Time": "2017-05-14 08:06:28",
        "Lines": "9",
        "Lon": 20.9579,
        "Lat": 52.1899
      },
      {
        "Brigade": "6",
        "Time": "2017-05-14 08:06:43",
        "Lines": "9",
        "Lon": 20.9562,
        "Lat": 52.1881
      },
      {
        "Brigade": "6",
        "Time": "2017-05-14 08:06:54",
        "Lines": "9",
        "Lon": 20.9552,
        "Lat": 52.1869
      },
      {
        "Brigade": "6",
        "Time": "2017-05-14 08:07:04",
        "Lines": "9",
        "Lon": 20.9545,
        "Lat": 52.1861
      },
      {
        "Brigade": "6",
        "Time": "2017-05-14 08:07:16",
        "Lines": "9",
        "Lon": 20.9545,
        "Lat": 52.1861
      },
      {
        "Brigade": "6",
        "Time": "2017-05-14 08:07:25",
        "Lines": "9",
        "Lon": 20.9544,
        "Lat": 52.186
      },
      {
        "Brigade": "6",
        "Time": "2017-05-14 08:07:36",
        "Lines": "9",
        "Lon": 20.9538,
        "Lat": 52.1854
      },
      {
        "Brigade": "6",
        "Time": "2017-05-14 08:07:43",
        "Lines": "9",
        "Lon": 20.9533,
        "Lat": 52.1849
      },
      {
        "Brigade": "6",
        "Time": "2017-05-14 08:07:59",
        "Lines": "9",
        "Lon": 20.952,
        "Lat": 52.1837
      },
      {
        "Brigade": "6",
        "Time": "2017-05-14 08:07:59",
        "Lines": "9",
        "Lon": 20.952,
        "Lat": 52.1837
      },
      {
        "Brigade": "6",
        "Time": "2017-05-14 08:07:59",
        "Lines": "9",
        "Lon": 20.952,
        "Lat": 52.1837
      },
      {
        "Brigade": "6",
        "Time": "2017-05-14 08:07:59",
        "Lines": "9",
        "Lon": 20.952,
        "Lat": 52.1837
      },
      {
        "Brigade": "6",
        "Time": "2017-05-14 08:08:33",
        "Lines": "9",
        "Lon": 20.9507,
        "Lat": 52.1825
      },
      {
        "Brigade": "6",
        "Time": "2017-05-14 08:08:44",
        "Lines": "9",
        "Lon": 20.9495,
        "Lat": 52.1814
      },
      {
        "Brigade": "6",
        "Time": "2017-05-14 08:08:54",
        "Lines": "9",
        "Lon": 20.9483,
        "Lat": 52.1803
      },
      {
        "Brigade": "6",
        "Time": "2017-05-14 08:09:05",
        "Lines": "9",
        "Lon": 20.9475,
        "Lat": 52.1796
      },
      {
        "Brigade": "6",
        "Time": "2017-05-14 08:09:15",
        "Lines": "9",
        "Lon": 20.9474,
        "Lat": 52.1795
      },
      {
        "Brigade": "6",
        "Time": "2017-05-14 08:09:26",
        "Lines": "9",
        "Lon": 20.9474,
        "Lat": 52.1794
      },
      {
        "Brigade": "6",
        "Time": "2017-05-14 08:09:36",
        "Lines": "9",
        "Lon": 20.9466,
        "Lat": 52.1787
      },
      {
        "Brigade": "6",
        "Time": "2017-05-14 08:09:47",
        "Lines": "9",
        "Lon": 20.9456,
        "Lat": 52.1778
      },
      {
        "Brigade": "6",
        "Time": "2017-05-14 08:09:57",
        "Lines": "9",
        "Lon": 20.9449,
        "Lat": 52.177
      },
      {
        "Brigade": "6",
        "Time": "2017-05-14 08:09:57",
        "Lines": "9",
        "Lon": 20.9449,
        "Lat": 52.177
      },
      {
        "Brigade": "6",
        "Time": "2017-05-14 08:10:13",
        "Lines": "9",
        "Lon": 20.9447,
        "Lat": 52.1768
      },
      {
        "Brigade": "6",
        "Time": "2017-05-14 08:10:19",
        "Lines": "9",
        "Lon": 20.9445,
        "Lat": 52.1766
      },
      {
        "Brigade": "6",
        "Time": "2017-05-14 08:10:26",
        "Lines": "9",
        "Lon": 20.9443,
        "Lat": 52.1765
      },
      {
        "Brigade": "6",
        "Time": "2017-05-14 08:10:45",
        "Lines": "9",
        "Lon": 20.944,
        "Lat": 52.1763
      },
      {
        "Brigade": "6",
        "Time": "2017-05-14 08:10:55",
        "Lines": "9",
        "Lon": 20.944,
        "Lat": 52.1763
      },
      {
        "Brigade": "6",
        "Time": "2017-05-14 08:11:06",
        "Lines": "9",
        "Lon": 20.944,
        "Lat": 52.1763
      },
      {
        "Brigade": "6",
        "Time": "2017-05-14 08:11:16",
        "Lines": "9",
        "Lon": 20.944,
        "Lat": 52.1763
      },
      {
        "Brigade": "6",
        "Time": "2017-05-14 08:11:27",
        "Lines": "9",
        "Lon": 20.944,
        "Lat": 52.1763
      },
      {
        "Brigade": "6",
        "Time": "2017-05-14 08:11:42",
        "Lines": "9",
        "Lon": 20.944,
        "Lat": 52.1763
      },
      {
        "Brigade": "6",
        "Time": "2017-05-14 08:11:53",
        "Lines": "9",
        "Lon": 20.944,
        "Lat": 52.1763
      },
      {
        "Brigade": "6",
        "Time": "2017-05-14 08:11:53",
        "Lines": "9",
        "Lon": 20.944,
        "Lat": 52.1763
      },
      {
        "Brigade": "6",
        "Time": "2017-05-14 08:12:03",
        "Lines": "9",
        "Lon": 20.944,
        "Lat": 52.1763
      },
      {
        "Brigade": "6",
        "Time": "2017-05-14 08:12:14",
        "Lines": "9",
        "Lon": 20.944,
        "Lat": 52.1763
      },
      {
        "Brigade": "6",
        "Time": "2017-05-14 08:12:24",
        "Lines": "9",
        "Lon": 20.944,
        "Lat": 52.1763
      },
      {
        "Brigade": "6",
        "Time": "2017-05-14 08:12:35",
        "Lines": "9",
        "Lon": 20.944,
        "Lat": 52.1763
      },
      {
        "Brigade": "6",
        "Time": "2017-05-14 08:12:45",
        "Lines": "9",
        "Lon": 20.944,
        "Lat": 52.1763
      },
      {
        "Brigade": "6",
        "Time": "2017-05-14 08:12:56",
        "Lines": "9",
        "Lon": 20.944,
        "Lat": 52.1763
      },
      {
        "Brigade": "6",
        "Time": "2017-05-14 08:13:06",
        "Lines": "9",
        "Lon": 20.944,
        "Lat": 52.1763
      },
      {
        "Brigade": "6",
        "Time": "2017-05-14 08:13:17",
        "Lines": "9",
        "Lon": 20.944,
        "Lat": 52.1763
      },
      {
        "Brigade": "6",
        "Time": "2017-05-14 08:13:27",
        "Lines": "9",
        "Lon": 20.944,
        "Lat": 52.1763
      },
      {
        "Brigade": "6",
        "Time": "2017-05-14 08:13:43",
        "Lines": "9",
        "Lon": 20.944,
        "Lat": 52.1763
      },
      {
        "Brigade": "6",
        "Time": "2017-05-14 08:13:43",
        "Lines": "9",
        "Lon": 20.944,
        "Lat": 52.1763
      },
      {
        "Brigade": "6",
        "Time": "2017-05-14 08:13:53",
        "Lines": "9",
        "Lon": 20.944,
        "Lat": 52.1763
      },
      {
        "Brigade": "6",
        "Time": "2017-05-14 08:14:04",
        "Lines": "9",
        "Lon": 20.944,
        "Lat": 52.1763
      },
      {
        "Brigade": "6",
        "Time": "2017-05-14 08:14:14",
        "Lines": "9",
        "Lon": 20.944,
        "Lat": 52.1763
      },
      {
        "Brigade": "6",
        "Time": "2017-05-14 08:14:25",
        "Lines": "9",
        "Lon": 20.944,
        "Lat": 52.1763
      },
      {
        "Brigade": "6",
        "Time": "2017-05-14 08:14:35",
        "Lines": "9",
        "Lon": 20.944,
        "Lat": 52.1763
      },
      {
        "Brigade": "6",
        "Time": "2017-05-14 08:14:46",
        "Lines": "9",
        "Lon": 20.944,
        "Lat": 52.1763
      },
      {
        "Brigade": "6",
        "Time": "2017-05-14 08:14:56",
        "Lines": "9",
        "Lon": 20.944,
        "Lat": 52.1763
      },
      {
        "Brigade": "6",
        "Time": "2017-05-14 08:15:07",
        "Lines": "9",
        "Lon": 20.944,
        "Lat": 52.1763
      },
      {
        "Brigade": "6",
        "Time": "2017-05-14 08:15:22",
        "Lines": "9",
        "Lon": 20.944,
        "Lat": 52.1763
      },
      {
        "Brigade": "6",
        "Time": "2017-05-14 08:15:22",
        "Lines": "9",
        "Lon": 20.944,
        "Lat": 52.1763
      },
      {
        "Brigade": "6",
        "Time": "2017-05-14 08:15:33",
        "Lines": "9",
        "Lon": 20.944,
        "Lat": 52.1763
      },
      {
        "Brigade": "6",
        "Time": "2017-05-14 08:15:43",
        "Lines": "9",
        "Lon": 20.944,
        "Lat": 52.1763
      },
      {
        "Brigade": "6",
        "Time": "2017-05-14 08:15:54",
        "Lines": "9",
        "Lon": 20.944,
        "Lat": 52.1763
      },
      {
        "Brigade": "6",
        "Time": "2017-05-14 08:16:04",
        "Lines": "9",
        "Lon": 20.944,
        "Lat": 52.1763
      },
      {
        "Brigade": "6",
        "Time": "2017-05-14 08:16:15",
        "Lines": "9",
        "Lon": 20.944,
        "Lat": 52.1763
      },
      {
        "Brigade": "6",
        "Time": "2017-05-14 08:16:25",
        "Lines": "9",
        "Lon": 20.944,
        "Lat": 52.1763
      },
      {
        "Brigade": "6",
        "Time": "2017-05-14 08:16:36",
        "Lines": "9",
        "Lon": 20.944,
        "Lat": 52.1763
      },
      {
        "Brigade": "6",
        "Time": "2017-05-14 08:16:46",
        "Lines": "9",
        "Lon": 20.944,
        "Lat": 52.1763
      },
      {
        "Brigade": "6",
        "Time": "2017-05-14 08:16:57",
        "Lines": "9",
        "Lon": 20.944,
        "Lat": 52.1763
      },
      {
        "Brigade": "6",
        "Time": "2017-05-14 08:17:07",
        "Lines": "9",
        "Lon": 20.944,
        "Lat": 52.1763
      },
      {
        "Brigade": "6",
        "Time": "2017-05-14 08:17:07",
        "Lines": "9",
        "Lon": 20.944,
        "Lat": 52.1763
      },
      {
        "Brigade": "6",
        "Time": "2017-05-14 08:17:23",
        "Lines": "9",
        "Lon": 20.944,
        "Lat": 52.1763
      },
      {
        "Brigade": "6",
        "Time": "2017-05-14 08:17:34",
        "Lines": "9",
        "Lon": 20.944,
        "Lat": 52.1763
      },
      {
        "Brigade": "6",
        "Time": "2017-05-14 08:17:44",
        "Lines": "9",
        "Lon": 20.944,
        "Lat": 52.1763
      }
    ]
  }
]
