[
  {
    "res": [
      {
        "Lines": "13",
        "Lon": 21.0598,
        "Time": "2017-05-14 17:07:46",
        "Brigade": "1",
        "Lat": 52.2581
      },
      {
        "Lines": "13",
        "Lon": 21.0598,
        "Time": "2017-05-14 17:07:56",
        "Brigade": "1",
        "Lat": 52.2581
      },
      {
        "Lines": "13",
        "Lon": 21.0598,
        "Time": "2017-05-14 17:08:11",
        "Brigade": "1",
        "Lat": 52.2581
      },
      {
        "Lines": "13",
        "Lon": 21.0598,
        "Time": "2017-05-14 17:08:21",
        "Brigade": "1",
        "Lat": 52.2581
      },
      {
        "Lines": "13",
        "Lon": 21.0598,
        "Time": "2017-05-14 17:08:31",
        "Brigade": "1",
        "Lat": 52.2581
      },
      {
        "Lines": "13",
        "Lon": 21.0598,
        "Time": "2017-05-14 17:08:41",
        "Brigade": "1",
        "Lat": 52.2581
      },
      {
        "Lines": "13",
        "Lon": 21.0598,
        "Time": "2017-05-14 17:08:51",
        "Brigade": "1",
        "Lat": 52.2581
      },
      {
        "Lines": "13",
        "Lon": 21.0598,
        "Time": "2017-05-14 17:09:01",
        "Brigade": "1",
        "Lat": 52.2581
      },
      {
        "Lines": "13",
        "Lon": 21.0598,
        "Time": "2017-05-14 17:09:16",
        "Brigade": "1",
        "Lat": 52.2581
      },
      {
        "Lines": "13",
        "Lon": 21.0598,
        "Time": "2017-05-14 17:09:26",
        "Brigade": "1",
        "Lat": 52.2581
      },
      {
        "Lines": "13",
        "Lon": 21.0598,
        "Time": "2017-05-14 17:09:36",
        "Brigade": "1",
        "Lat": 52.2581
      },
      {
        "Lines": "13",
        "Lon": 21.0598,
        "Time": "2017-05-14 17:09:51",
        "Brigade": "1",
        "Lat": 52.2581
      },
      {
        "Lines": "13",
        "Lon": 21.0598,
        "Time": "2017-05-14 17:10:01",
        "Brigade": "1",
        "Lat": 52.2581
      },
      {
        "Lines": "13",
        "Lon": 21.0598,
        "Time": "2017-05-14 17:10:11",
        "Brigade": "1",
        "Lat": 52.2581
      },
      {
        "Lines": "13",
        "Lon": 21.0597,
        "Time": "2017-05-14 17:10:21",
        "Brigade": "1",
        "Lat": 52.2581
      },
      {
        "Lines": "13",
        "Lon": 21.0597,
        "Time": "2017-05-14 17:10:31",
        "Brigade": "1",
        "Lat": 52.2581
      },
      {
        "Lines": "13",
        "Lon": 21.0597,
        "Time": "2017-05-14 17:10:46",
        "Brigade": "1",
        "Lat": 52.2581
      },
      {
        "Lines": "13",
        "Lon": 21.0597,
        "Time": "2017-05-14 17:10:56",
        "Brigade": "1",
        "Lat": 52.2582
      },
      {
        "Lines": "13",
        "Lon": 21.0597,
        "Time": "2017-05-14 17:11:06",
        "Brigade": "1",
        "Lat": 52.2582
      },
      {
        "Lines": "13",
        "Lon": 21.0597,
        "Time": "2017-05-14 17:11:16",
        "Brigade": "1",
        "Lat": 52.2582
      },
      {
        "Lines": "13",
        "Lon": 21.0597,
        "Time": "2017-05-14 17:11:26",
        "Brigade": "1",
        "Lat": 52.2582
      },
      {
        "Lines": "13",
        "Lon": 21.0597,
        "Time": "2017-05-14 17:11:41",
        "Brigade": "1",
        "Lat": 52.2582
      },
      {
        "Lines": "13",
        "Lon": 21.0597,
        "Time": "2017-05-14 17:11:51",
        "Brigade": "1",
        "Lat": 52.2582
      },
      {
        "Lines": "13",
        "Lon": 21.0597,
        "Time": "2017-05-14 17:12:01",
        "Brigade": "1",
        "Lat": 52.2582
      },
      {
        "Lines": "13",
        "Lon": 21.0597,
        "Time": "2017-05-14 17:12:11",
        "Brigade": "1",
        "Lat": 52.2582
      },
      {
        "Lines": "13",
        "Lon": 21.0603,
        "Time": "2017-05-14 17:12:21",
        "Brigade": "1",
        "Lat": 52.2583
      },
      {
        "Lines": "13",
        "Lon": 21.06,
        "Time": "2017-05-14 17:12:34",
        "Brigade": "1",
        "Lat": 52.2585
      },
      {
        "Lines": "13",
        "Lon": 21.0593,
        "Time": "2017-05-14 17:12:46",
        "Brigade": "1",
        "Lat": 52.2583
      },
      {
        "Lines": "13",
        "Lon": 21.0592,
        "Time": "2017-05-14 17:12:56",
        "Brigade": "1",
        "Lat": 52.2583
      },
      {
        "Lines": "13",
        "Lon": 21.0592,
        "Time": "2017-05-14 17:13:06",
        "Brigade": "1",
        "Lat": 52.2583
      },
      {
        "Lines": "13",
        "Lon": 21.0588,
        "Time": "2017-05-14 17:13:16",
        "Brigade": "1",
        "Lat": 52.2582
      },
      {
        "Lines": "13",
        "Lon": 21.0575,
        "Time": "2017-05-14 17:13:26",
        "Brigade": "1",
        "Lat": 52.2578
      },
      {
        "Lines": "13",
        "Lon": 21.0563,
        "Time": "2017-05-14 17:13:41",
        "Brigade": "1",
        "Lat": 52.2574
      },
      {
        "Lines": "13",
        "Lon": 21.0563,
        "Time": "2017-05-14 17:13:51",
        "Brigade": "1",
        "Lat": 52.2574
      },
      {
        "Lines": "13",
        "Lon": 21.0561,
        "Time": "2017-05-14 17:14:01",
        "Brigade": "1",
        "Lat": 52.2573
      },
      {
        "Lines": "13",
        "Lon": 21.0555,
        "Time": "2017-05-14 17:14:12",
        "Brigade": "1",
        "Lat": 52.2572
      },
      {
        "Lines": "13",
        "Lon": 21.054,
        "Time": "2017-05-14 17:14:26",
        "Brigade": "1",
        "Lat": 52.2567
      },
      {
        "Lines": "13",
        "Lon": 21.0532,
        "Time": "2017-05-14 17:14:36",
        "Brigade": "1",
        "Lat": 52.2565
      },
      {
        "Lines": "13",
        "Lon": 21.0531,
        "Time": "2017-05-14 17:14:46",
        "Brigade": "1",
        "Lat": 52.2565
      },
      {
        "Lines": "13",
        "Lon": 21.0532,
        "Time": "2017-05-14 17:14:56",
        "Brigade": "1",
        "Lat": 52.2565
      },
      {
        "Lines": "13",
        "Lon": 21.0532,
        "Time": "2017-05-14 17:15:06",
        "Brigade": "1",
        "Lat": 52.2565
      },
      {
        "Lines": "13",
        "Lon": 21.0527,
        "Time": "2017-05-14 17:15:17",
        "Brigade": "1",
        "Lat": 52.2562
      },
      {
        "Lines": "13",
        "Lon": 21.0533,
        "Time": "2017-05-14 17:15:31",
        "Brigade": "1",
        "Lat": 52.2553
      },
      {
        "Lines": "13",
        "Lon": 21.0539,
        "Time": "2017-05-14 17:15:43",
        "Brigade": "1",
        "Lat": 52.2546
      },
      {
        "Lines": "13",
        "Lon": 21.054,
        "Time": "2017-05-14 17:15:51",
        "Brigade": "1",
        "Lat": 52.2541
      },
      {
        "Lines": "13",
        "Lon": 21.0533,
        "Time": "2017-05-14 17:16:01",
        "Brigade": "1",
        "Lat": 52.2538
      },
      {
        "Lines": "13",
        "Lon": 21.0523,
        "Time": "2017-05-14 17:16:11",
        "Brigade": "1",
        "Lat": 52.2535
      },
      {
        "Lines": "13",
        "Lon": 21.0513,
        "Time": "2017-05-14 17:16:26",
        "Brigade": "1",
        "Lat": 52.2532
      },
      {
        "Lines": "13",
        "Lon": 21.0504,
        "Time": "2017-05-14 17:16:36",
        "Brigade": "1",
        "Lat": 52.2529
      },
      {
        "Lines": "13",
        "Lon": 21.0499,
        "Time": "2017-05-14 17:16:46",
        "Brigade": "1",
        "Lat": 52.2528
      },
      {
        "Lines": "13",
        "Lon": 21.0499,
        "Time": "2017-05-14 17:16:56",
        "Brigade": "1",
        "Lat": 52.2528
      },
      {
        "Lines": "13",
        "Lon": 21.0499,
        "Time": "2017-05-14 17:17:11",
        "Brigade": "1",
        "Lat": 52.2527
      },
      {
        "Lines": "13",
        "Lon": 21.0491,
        "Time": "2017-05-14 17:17:21",
        "Brigade": "1",
        "Lat": 52.2525
      },
      {
        "Lines": "13",
        "Lon": 21.0477,
        "Time": "2017-05-14 17:17:31",
        "Brigade": "1",
        "Lat": 52.2521
      },
      {
        "Lines": "13",
        "Lon": 21.0461,
        "Time": "2017-05-14 17:17:42",
        "Brigade": "1",
        "Lat": 52.2513
      },
      {
        "Lines": "13",
        "Lon": 21.0447,
        "Time": "2017-05-14 17:17:51",
        "Brigade": "1",
        "Lat": 52.2506
      },
      {
        "Lines": "13",
        "Lon": 21.0437,
        "Time": "2017-05-14 17:18:06",
        "Brigade": "1",
        "Lat": 52.2501
      },
      {
        "Lines": "13",
        "Lon": 21.0427,
        "Time": "2017-05-14 17:18:16",
        "Brigade": "1",
        "Lat": 52.2496
      },
      {
        "Lines": "13",
        "Lon": 21.042,
        "Time": "2017-05-14 17:18:26",
        "Brigade": "1",
        "Lat": 52.2497
      },
      {
        "Lines": "13",
        "Lon": 21.0415,
        "Time": "2017-05-14 17:18:38",
        "Brigade": "1",
        "Lat": 52.25
      },
      {
        "Lines": "13",
        "Lon": 21.0414,
        "Time": "2017-05-14 17:18:46",
        "Brigade": "1",
        "Lat": 52.25
      },
      {
        "Lines": "13",
        "Lon": 21.0414,
        "Time": "2017-05-14 17:18:56",
        "Brigade": "1",
        "Lat": 52.2499
      },
      {
        "Lines": "13",
        "Lon": 21.0411,
        "Time": "2017-05-14 17:19:11",
        "Brigade": "1",
        "Lat": 52.2501
      },
      {
        "Lines": "13",
        "Lon": 21.0404,
        "Time": "2017-05-14 17:19:21",
        "Brigade": "1",
        "Lat": 52.2505
      },
      {
        "Lines": "13",
        "Lon": 21.0398,
        "Time": "2017-05-14 17:19:31",
        "Brigade": "1",
        "Lat": 52.2508
      },
      {
        "Lines": "13",
        "Lon": 21.0386,
        "Time": "2017-05-14 17:19:41",
        "Brigade": "1",
        "Lat": 52.2514
      },
      {
        "Lines": "13",
        "Lon": 21.0378,
        "Time": "2017-05-14 17:19:56",
        "Brigade": "1",
        "Lat": 52.2519
      },
      {
        "Lines": "13",
        "Lon": 21.0378,
        "Time": "2017-05-14 17:20:01",
        "Brigade": "1",
        "Lat": 52.2519
      },
      {
        "Lines": "13",
        "Lon": 21.0373,
        "Time": "2017-05-14 17:20:16",
        "Brigade": "1",
        "Lat": 52.2522
      },
      {
        "Lines": "13",
        "Lon": 21.0361,
        "Time": "2017-05-14 17:20:26",
        "Brigade": "1",
        "Lat": 52.2532
      },
      {
        "Lines": "13",
        "Lon": 21.0353,
        "Time": "2017-05-14 17:20:41",
        "Brigade": "1",
        "Lat": 52.2541
      },
      {
        "Lines": "13",
        "Lon": 21.0348,
        "Time": "2017-05-14 17:20:51",
        "Brigade": "1",
        "Lat": 52.2545
      },
      {
        "Lines": "13",
        "Lon": 21.0342,
        "Time": "2017-05-14 17:21:01",
        "Brigade": "1",
        "Lat": 52.2545
      },
      {
        "Lines": "13",
        "Lon": 21.034,
        "Time": "2017-05-14 17:21:11",
        "Brigade": "1",
        "Lat": 52.2544
      },
      {
        "Lines": "13",
        "Lon": 21.0332,
        "Time": "2017-05-14 17:21:21",
        "Brigade": "1",
        "Lat": 52.2541
      },
      {
        "Lines": "13",
        "Lon": 21.0332,
        "Time": "2017-05-14 17:21:36",
        "Brigade": "1",
        "Lat": 52.2541
      },
      {
        "Lines": "13",
        "Lon": 21.0332,
        "Time": "2017-05-14 17:21:46",
        "Brigade": "1",
        "Lat": 52.2541
      },
      {
        "Lines": "13",
        "Lon": 21.0332,
        "Time": "2017-05-14 17:21:56",
        "Brigade": "1",
        "Lat": 52.2541
      },
      {
        "Lines": "13",
        "Lon": 21.0332,
        "Time": "2017-05-14 17:22:06",
        "Brigade": "1",
        "Lat": 52.2541
      },
      {
        "Lines": "13",
        "Lon": 21.0321,
        "Time": "2017-05-14 17:22:16",
        "Brigade": "1",
        "Lat": 52.2536
      },
      {
        "Lines": "13",
        "Lon": 21.0301,
        "Time": "2017-05-14 17:22:31",
        "Brigade": "1",
        "Lat": 52.2528
      },
      {
        "Lines": "13",
        "Lon": 21.0295,
        "Time": "2017-05-14 17:22:42",
        "Brigade": "1",
        "Lat": 52.2525
      },
      {
        "Lines": "13",
        "Lon": 21.0295,
        "Time": "2017-05-14 17:22:51",
        "Brigade": "1",
        "Lat": 52.2525
      },
      {
        "Lines": "13",
        "Lon": 21.0295,
        "Time": "2017-05-14 17:23:01",
        "Brigade": "1",
        "Lat": 52.2525
      },
      {
        "Lines": "13",
        "Lon": 21.0295,
        "Time": "2017-05-14 17:23:11",
        "Brigade": "1",
        "Lat": 52.2525
      },
      {
        "Lines": "13",
        "Lon": 21.0295,
        "Time": "2017-05-14 17:23:21",
        "Brigade": "1",
        "Lat": 52.2525
      },
      {
        "Lines": "13",
        "Lon": 21.0282,
        "Time": "2017-05-14 17:23:36",
        "Brigade": "1",
        "Lat": 52.2519
      },
      {
        "Lines": "13",
        "Lon": 21.0265,
        "Time": "2017-05-14 17:23:46",
        "Brigade": "1",
        "Lat": 52.2512
      },
      {
        "Lines": "13",
        "Lon": 21.0249,
        "Time": "2017-05-14 17:23:57",
        "Brigade": "1",
        "Lat": 52.2506
      },
      {
        "Lines": "13",
        "Lon": 21.0236,
        "Time": "2017-05-14 17:24:06",
        "Brigade": "1",
        "Lat": 52.25
      },
      {
        "Lines": "13",
        "Lon": 21.0209,
        "Time": "2017-05-14 17:24:21",
        "Brigade": "1",
        "Lat": 52.2488
      },
      {
        "Lines": "13",
        "Lon": 21.0192,
        "Time": "2017-05-14 17:24:31",
        "Brigade": "1",
        "Lat": 52.2481
      },
      {
        "Lines": "13",
        "Lon": 21.0175,
        "Time": "2017-05-14 17:24:42",
        "Brigade": "1",
        "Lat": 52.2474
      },
      {
        "Lines": "13",
        "Lon": 21.016,
        "Time": "2017-05-14 17:24:52",
        "Brigade": "1",
        "Lat": 52.2469
      },
      {
        "Lines": "13",
        "Lon": 21.0148,
        "Time": "2017-05-14 17:25:01",
        "Brigade": "1",
        "Lat": 52.2468
      },
      {
        "Lines": "13",
        "Lon": 21.0147,
        "Time": "2017-05-14 17:25:16",
        "Brigade": "1",
        "Lat": 52.2468
      },
      {
        "Lines": "13",
        "Lon": 21.0147,
        "Time": "2017-05-14 17:25:26",
        "Brigade": "1",
        "Lat": 52.2468
      },
      {
        "Lines": "13",
        "Lon": 21.0138,
        "Time": "2017-05-14 17:25:37",
        "Brigade": "1",
        "Lat": 52.2467
      },
      {
        "Lines": "13",
        "Lon": 21.0138,
        "Time": "2017-05-14 17:25:46",
        "Brigade": "1",
        "Lat": 52.2467
      },
      {
        "Lines": "13",
        "Lon": 21.0094,
        "Time": "2017-05-14 17:25:56",
        "Brigade": "1",
        "Lat": 52.2464
      },
      {
        "Lines": "13",
        "Lon": 21.0064,
        "Time": "2017-05-14 17:26:11",
        "Brigade": "1",
        "Lat": 52.246
      },
      {
        "Lines": "13",
        "Lon": 21.0048,
        "Time": "2017-05-14 17:26:21",
        "Brigade": "1",
        "Lat": 52.2458
      },
      {
        "Lines": "13",
        "Lon": 21.0036,
        "Time": "2017-05-14 17:26:31",
        "Brigade": "1",
        "Lat": 52.2454
      },
      {
        "Lines": "13",
        "Lon": 21.0025,
        "Time": "2017-05-14 17:26:41",
        "Brigade": "1",
        "Lat": 52.2449
      },
      {
        "Lines": "13",
        "Lon": 21.0018,
        "Time": "2017-05-14 17:26:54",
        "Brigade": "1",
        "Lat": 52.2446
      },
      {
        "Lines": "13",
        "Lon": 21.0018,
        "Time": "2017-05-14 17:27:06",
        "Brigade": "1",
        "Lat": 52.2446
      },
      {
        "Lines": "13",
        "Lon": 21.0018,
        "Time": "2017-05-14 17:27:16",
        "Brigade": "1",
        "Lat": 52.2446
      },
      {
        "Lines": "13",
        "Lon": 21.0017,
        "Time": "2017-05-14 17:27:26",
        "Brigade": "1",
        "Lat": 52.2445
      },
      {
        "Lines": "13",
        "Lon": 21.0014,
        "Time": "2017-05-14 17:27:36",
        "Brigade": "1",
        "Lat": 52.2444
      },
      {
        "Lines": "13",
        "Lon": 21.0014,
        "Time": "2017-05-14 17:27:46",
        "Brigade": "1",
        "Lat": 52.2444
      },
      {
        "Lines": "13",
        "Lon": 21.0014,
        "Time": "2017-05-14 17:28:01",
        "Brigade": "1",
        "Lat": 52.2444
      },
      {
        "Lines": "13",
        "Lon": 21.0014,
        "Time": "2017-05-14 17:28:11",
        "Brigade": "1",
        "Lat": 52.2444
      },
      {
        "Lines": "13",
        "Lon": 21.0012,
        "Time": "2017-05-14 17:28:21",
        "Brigade": "1",
        "Lat": 52.2444
      },
      {
        "Lines": "13",
        "Lon": 21.0004,
        "Time": "2017-05-14 17:28:31",
        "Brigade": "1",
        "Lat": 52.2441
      },
      {
        "Lines": "13",
        "Lon": 20.9988,
        "Time": "2017-05-14 17:28:42",
        "Brigade": "1",
        "Lat": 52.2436
      },
      {
        "Lines": "13",
        "Lon": 20.997,
        "Time": "2017-05-14 17:28:51",
        "Brigade": "1",
        "Lat": 52.243
      },
      {
        "Lines": "13",
        "Lon": 20.9947,
        "Time": "2017-05-14 17:29:06",
        "Brigade": "1",
        "Lat": 52.2423
      },
      {
        "Lines": "13",
        "Lon": 20.9942,
        "Time": "2017-05-14 17:29:16",
        "Brigade": "1",
        "Lat": 52.2421
      },
      {
        "Lines": "13",
        "Lon": 20.9942,
        "Time": "2017-05-14 17:29:26",
        "Brigade": "1",
        "Lat": 52.2421
      },
      {
        "Lines": "13",
        "Lon": 20.9941,
        "Time": "2017-05-14 17:29:36",
        "Brigade": "1",
        "Lat": 52.2421
      },
      {
        "Lines": "13",
        "Lon": 20.9934,
        "Time": "2017-05-14 17:29:46",
        "Brigade": "1",
        "Lat": 52.2419
      },
      {
        "Lines": "13",
        "Lon": 20.9918,
        "Time": "2017-05-14 17:30:01",
        "Brigade": "1",
        "Lat": 52.2414
      },
      {
        "Lines": "13",
        "Lon": 20.9903,
        "Time": "2017-05-14 17:30:11",
        "Brigade": "1",
        "Lat": 52.2409
      },
      {
        "Lines": "13",
        "Lon": 20.9886,
        "Time": "2017-05-14 17:30:21",
        "Brigade": "1",
        "Lat": 52.2403
      },
      {
        "Lines": "13",
        "Lon": 20.9875,
        "Time": "2017-05-14 17:30:35",
        "Brigade": "1",
        "Lat": 52.2399
      },
      {
        "Lines": "13",
        "Lon": 20.9875,
        "Time": "2017-05-14 17:30:46",
        "Brigade": "1",
        "Lat": 52.2399
      },
      {
        "Lines": "13",
        "Lon": 20.9875,
        "Time": "2017-05-14 17:30:56",
        "Brigade": "1",
        "Lat": 52.2399
      },
      {
        "Lines": "13",
        "Lon": 20.9875,
        "Time": "2017-05-14 17:31:01",
        "Brigade": "1",
        "Lat": 52.2399
      },
      {
        "Lines": "13",
        "Lon": 20.9875,
        "Time": "2017-05-14 17:31:16",
        "Brigade": "1",
        "Lat": 52.2399
      },
      {
        "Lines": "13",
        "Lon": 20.9875,
        "Time": "2017-05-14 17:31:26",
        "Brigade": "1",
        "Lat": 52.2399
      },
      {
        "Lines": "13",
        "Lon": 20.9868,
        "Time": "2017-05-14 17:31:41",
        "Brigade": "1",
        "Lat": 52.2397
      },
      {
        "Lines": "13",
        "Lon": 20.9857,
        "Time": "2017-05-14 17:31:51",
        "Brigade": "1",
        "Lat": 52.2393
      },
      {
        "Lines": "13",
        "Lon": 20.9846,
        "Time": "2017-05-14 17:32:01",
        "Brigade": "1",
        "Lat": 52.2389
      },
      {
        "Lines": "13",
        "Lon": 20.9841,
        "Time": "2017-05-14 17:32:12",
        "Brigade": "1",
        "Lat": 52.2387
      },
      {
        "Lines": "13",
        "Lon": 20.9816,
        "Time": "2017-05-14 17:32:26",
        "Brigade": "1",
        "Lat": 52.2377
      },
      {
        "Lines": "13",
        "Lon": 20.9808,
        "Time": "2017-05-14 17:32:36",
        "Brigade": "1",
        "Lat": 52.2373
      },
      {
        "Lines": "13",
        "Lon": 20.9806,
        "Time": "2017-05-14 17:32:46",
        "Brigade": "1",
        "Lat": 52.2372
      },
      {
        "Lines": "13",
        "Lon": 20.9806,
        "Time": "2017-05-14 17:32:56",
        "Brigade": "1",
        "Lat": 52.2372
      },
      {
        "Lines": "13",
        "Lon": 20.9803,
        "Time": "2017-05-14 17:33:01",
        "Brigade": "1",
        "Lat": 52.2371
      },
      {
        "Lines": "13",
        "Lon": 20.9792,
        "Time": "2017-05-14 17:33:16",
        "Brigade": "1",
        "Lat": 52.2366
      },
      {
        "Lines": "13",
        "Lon": 20.9789,
        "Time": "2017-05-14 17:33:31",
        "Brigade": "1",
        "Lat": 52.2365
      },
      {
        "Lines": "13",
        "Lon": 20.9789,
        "Time": "2017-05-14 17:33:42",
        "Brigade": "1",
        "Lat": 52.2365
      },
      {
        "Lines": "13",
        "Lon": 20.9789,
        "Time": "2017-05-14 17:33:51",
        "Brigade": "1",
        "Lat": 52.2365
      },
      {
        "Lines": "13",
        "Lon": 20.9789,
        "Time": "2017-05-14 17:34:01",
        "Brigade": "1",
        "Lat": 52.2365
      },
      {
        "Lines": "13",
        "Lon": 20.9789,
        "Time": "2017-05-14 17:34:11",
        "Brigade": "1",
        "Lat": 52.2365
      },
      {
        "Lines": "13",
        "Lon": 20.9771,
        "Time": "2017-05-14 17:34:26",
        "Brigade": "1",
        "Lat": 52.236
      },
      {
        "Lines": "13",
        "Lon": 20.9756,
        "Time": "2017-05-14 17:34:36",
        "Brigade": "1",
        "Lat": 52.2356
      },
      {
        "Lines": "13",
        "Lon": 20.9749,
        "Time": "2017-05-14 17:34:46",
        "Brigade": "1",
        "Lat": 52.2354
      },
      {
        "Lines": "13",
        "Lon": 20.974,
        "Time": "2017-05-14 17:34:56",
        "Brigade": "1",
        "Lat": 52.2352
      },
      {
        "Lines": "13",
        "Lon": 20.9735,
        "Time": "2017-05-14 17:35:11",
        "Brigade": "1",
        "Lat": 52.2351
      },
      {
        "Lines": "13",
        "Lon": 20.9735,
        "Time": "2017-05-14 17:35:21",
        "Brigade": "1",
        "Lat": 52.2351
      },
      {
        "Lines": "13",
        "Lon": 20.9735,
        "Time": "2017-05-14 17:35:31",
        "Brigade": "1",
        "Lat": 52.2351
      },
      {
        "Lines": "13",
        "Lon": 20.9735,
        "Time": "2017-05-14 17:35:41",
        "Brigade": "1",
        "Lat": 52.2351
      },
      {
        "Lines": "13",
        "Lon": 20.9735,
        "Time": "2017-05-14 17:35:51",
        "Brigade": "1",
        "Lat": 52.2351
      },
      {
        "Lines": "13",
        "Lon": 20.9735,
        "Time": "2017-05-14 17:36:01",
        "Brigade": "1",
        "Lat": 52.2351
      },
      {
        "Lines": "13",
        "Lon": 20.9735,
        "Time": "2017-05-14 17:36:16",
        "Brigade": "1",
        "Lat": 52.2351
      },
      {
        "Lines": "13",
        "Lon": 20.9735,
        "Time": "2017-05-14 17:36:26",
        "Brigade": "1",
        "Lat": 52.2351
      },
      {
        "Lines": "13",
        "Lon": 20.973,
        "Time": "2017-05-14 17:36:36",
        "Brigade": "1",
        "Lat": 52.235
      },
      {
        "Lines": "13",
        "Lon": 20.9724,
        "Time": "2017-05-14 17:36:46",
        "Brigade": "1",
        "Lat": 52.2348
      },
      {
        "Lines": "13",
        "Lon": 20.9713,
        "Time": "2017-05-14 17:36:56",
        "Brigade": "1",
        "Lat": 52.2345
      },
      {
        "Lines": "13",
        "Lon": 20.9689,
        "Time": "2017-05-14 17:37:11",
        "Brigade": "1",
        "Lat": 52.234
      },
      {
        "Lines": "13",
        "Lon": 20.9681,
        "Time": "2017-05-14 17:37:21",
        "Brigade": "1",
        "Lat": 52.2339
      },
      {
        "Lines": "13",
        "Lon": 20.9673,
        "Time": "2017-05-14 17:37:31",
        "Brigade": "1",
        "Lat": 52.2337
      },
      {
        "Lines": "13",
        "Lon": 20.9665,
        "Time": "2017-05-14 17:37:42",
        "Brigade": "1",
        "Lat": 52.2336
      },
      {
        "Lines": "13",
        "Lon": 20.9664,
        "Time": "2017-05-14 17:37:51",
        "Brigade": "1",
        "Lat": 52.2336
      },
      {
        "Lines": "13",
        "Lon": 20.9664,
        "Time": "2017-05-14 17:38:06",
        "Brigade": "1",
        "Lat": 52.2336
      },
      {
        "Lines": "13",
        "Lon": 20.9664,
        "Time": "2017-05-14 17:38:16",
        "Brigade": "1",
        "Lat": 52.2337
      },
      {
        "Lines": "13",
        "Lon": 20.9664,
        "Time": "2017-05-14 17:38:26",
        "Brigade": "1",
        "Lat": 52.2337
      },
      {
        "Lines": "13",
        "Lon": 20.9658,
        "Time": "2017-05-14 17:38:38",
        "Brigade": "1",
        "Lat": 52.2336
      },
      {
        "Lines": "13",
        "Lon": 20.9645,
        "Time": "2017-05-14 17:38:46",
        "Brigade": "1",
        "Lat": 52.2333
      },
      {
        "Lines": "13",
        "Lon": 20.9624,
        "Time": "2017-05-14 17:38:56",
        "Brigade": "1",
        "Lat": 52.233
      },
      {
        "Lines": "13",
        "Lon": 20.9612,
        "Time": "2017-05-14 17:39:11",
        "Brigade": "1",
        "Lat": 52.2326
      },
      {
        "Lines": "13",
        "Lon": 20.9612,
        "Time": "2017-05-14 17:39:21",
        "Brigade": "1",
        "Lat": 52.2326
      },
      {
        "Lines": "13",
        "Lon": 20.9611,
        "Time": "2017-05-14 17:39:31",
        "Brigade": "1",
        "Lat": 52.2325
      },
      {
        "Lines": "13",
        "Lon": 20.9598,
        "Time": "2017-05-14 17:39:41",
        "Brigade": "1",
        "Lat": 52.2322
      },
      {
        "Lines": "13",
        "Lon": 20.9585,
        "Time": "2017-05-14 17:39:51",
        "Brigade": "1",
        "Lat": 52.2317
      },
      {
        "Lines": "13",
        "Lon": 20.9571,
        "Time": "2017-05-14 17:40:06",
        "Brigade": "1",
        "Lat": 52.2314
      },
      {
        "Lines": "13",
        "Lon": 20.9559,
        "Time": "2017-05-14 17:40:16",
        "Brigade": "1",
        "Lat": 52.231
      },
      {
        "Lines": "13",
        "Lon": 20.9549,
        "Time": "2017-05-14 17:40:30",
        "Brigade": "1",
        "Lat": 52.2307
      },
      {
        "Lines": "13",
        "Lon": 20.9549,
        "Time": "2017-05-14 17:40:36",
        "Brigade": "1",
        "Lat": 52.2307
      },
      {
        "Lines": "13",
        "Lon": 20.9544,
        "Time": "2017-05-14 17:40:51",
        "Brigade": "1",
        "Lat": 52.2305
      },
      {
        "Lines": "13",
        "Lon": 20.9528,
        "Time": "2017-05-14 17:41:01",
        "Brigade": "1",
        "Lat": 52.23
      },
      {
        "Lines": "13",
        "Lon": 20.9513,
        "Time": "2017-05-14 17:41:11",
        "Brigade": "1",
        "Lat": 52.2295
      },
      {
        "Lines": "13",
        "Lon": 20.9511,
        "Time": "2017-05-14 17:41:21",
        "Brigade": "1",
        "Lat": 52.2295
      },
      {
        "Lines": "13",
        "Lon": 20.9511,
        "Time": "2017-05-14 17:41:31",
        "Brigade": "1",
        "Lat": 52.2295
      },
      {
        "Lines": "13",
        "Lon": 20.9505,
        "Time": "2017-05-14 17:41:44",
        "Brigade": "1",
        "Lat": 52.2293
      },
      {
        "Lines": "13",
        "Lon": 20.9485,
        "Time": "2017-05-14 17:41:56",
        "Brigade": "1",
        "Lat": 52.2286
      },
      {
        "Lines": "13",
        "Lon": 20.9473,
        "Time": "2017-05-14 17:42:06",
        "Brigade": "1",
        "Lat": 52.228
      },
      {
        "Lines": "13",
        "Lon": 20.9455,
        "Time": "2017-05-14 17:42:16",
        "Brigade": "1",
        "Lat": 52.2273
      },
      {
        "Lines": "13",
        "Lon": 20.9455,
        "Time": "2017-05-14 17:42:26",
        "Brigade": "1",
        "Lat": 52.2273
      },
      {
        "Lines": "13",
        "Lon": 20.9449,
        "Time": "2017-05-14 17:42:41",
        "Brigade": "1",
        "Lat": 52.227
      },
      {
        "Lines": "13",
        "Lon": 20.9438,
        "Time": "2017-05-14 17:42:51",
        "Brigade": "1",
        "Lat": 52.2267
      },
      {
        "Lines": "13",
        "Lon": 20.9424,
        "Time": "2017-05-14 17:43:01",
        "Brigade": "1",
        "Lat": 52.2267
      },
      {
        "Lines": "13",
        "Lon": 20.9414,
        "Time": "2017-05-14 17:43:11",
        "Brigade": "1",
        "Lat": 52.2265
      },
      {
        "Lines": "13",
        "Lon": 20.9414,
        "Time": "2017-05-14 17:43:21",
        "Brigade": "1",
        "Lat": 52.2265
      },
      {
        "Lines": "13",
        "Lon": 20.9414,
        "Time": "2017-05-14 17:43:36",
        "Brigade": "1",
        "Lat": 52.2265
      },
      {
        "Lines": "13",
        "Lon": 20.9403,
        "Time": "2017-05-14 17:43:46",
        "Brigade": "1",
        "Lat": 52.2262
      },
      {
        "Lines": "13",
        "Lon": 20.9384,
        "Time": "2017-05-14 17:43:57",
        "Brigade": "1",
        "Lat": 52.2259
      },
      {
        "Lines": "13",
        "Lon": 20.9375,
        "Time": "2017-05-14 17:44:01",
        "Brigade": "1",
        "Lat": 52.2257
      },
      {
        "Lines": "13",
        "Lon": 20.9364,
        "Time": "2017-05-14 17:44:16",
        "Brigade": "1",
        "Lat": 52.2254
      },
      {
        "Lines": "13",
        "Lon": 20.9364,
        "Time": "2017-05-14 17:44:26",
        "Brigade": "1",
        "Lat": 52.2254
      },
      {
        "Lines": "13",
        "Lon": 20.9364,
        "Time": "2017-05-14 17:44:41",
        "Brigade": "1",
        "Lat": 52.2254
      },
      {
        "Lines": "13",
        "Lon": 20.9364,
        "Time": "2017-05-14 17:44:51",
        "Brigade": "1",
        "Lat": 52.2254
      },
      {
        "Lines": "13",
        "Lon": 20.9364,
        "Time": "2017-05-14 17:45:01",
        "Brigade": "1",
        "Lat": 52.2254
      },
      {
        "Lines": "13",
        "Lon": 20.9356,
        "Time": "2017-05-14 17:45:16",
        "Brigade": "1",
        "Lat": 52.2252
      },
      {
        "Lines": "13",
        "Lon": 20.9338,
        "Time": "2017-05-14 17:45:26",
        "Brigade": "1",
        "Lat": 52.2247
      },
      {
        "Lines": "13",
        "Lon": 20.9326,
        "Time": "2017-05-14 17:45:36",
        "Brigade": "1",
        "Lat": 52.2243
      },
      {
        "Lines": "13",
        "Lon": 20.932,
        "Time": "2017-05-14 17:45:48",
        "Brigade": "1",
        "Lat": 52.2243
      },
      {
        "Lines": "13",
        "Lon": 20.932,
        "Time": "2017-05-14 17:45:55",
        "Brigade": "1",
        "Lat": 52.2242
      },
      {
        "Lines": "13",
        "Lon": 20.932,
        "Time": "2017-05-14 17:46:01",
        "Brigade": "1",
        "Lat": 52.2242
      },
      {
        "Lines": "13",
        "Lon": 20.9319,
        "Time": "2017-05-14 17:46:21",
        "Brigade": "1",
        "Lat": 52.2243
      },
      {
        "Lines": "13",
        "Lon": 20.9315,
        "Time": "2017-05-14 17:46:31",
        "Brigade": "1",
        "Lat": 52.2245
      },
      {
        "Lines": "13",
        "Lon": 20.9312,
        "Time": "2017-05-14 17:46:41",
        "Brigade": "1",
        "Lat": 52.2247
      },
      {
        "Lines": "13",
        "Lon": 20.9312,
        "Time": "2017-05-14 17:46:51",
        "Brigade": "1",
        "Lat": 52.2247
      },
      {
        "Lines": "13",
        "Lon": 20.9312,
        "Time": "2017-05-14 17:47:01",
        "Brigade": "1",
        "Lat": 52.2247
      },
      {
        "Lines": "13",
        "Lon": 20.9312,
        "Time": "2017-05-14 17:47:15",
        "Brigade": "1",
        "Lat": 52.2247
      },
      {
        "Lines": "13",
        "Lon": 20.9312,
        "Time": "2017-05-14 17:47:25",
        "Brigade": "1",
        "Lat": 52.2247
      },
      {
        "Lines": "13",
        "Lon": 20.9312,
        "Time": "2017-05-14 17:47:35",
        "Brigade": "1",
        "Lat": 52.2247
      },
      {
        "Lines": "13",
        "Lon": 20.9312,
        "Time": "2017-05-14 17:47:45",
        "Brigade": "1",
        "Lat": 52.2247
      },
      {
        "Lines": "13",
        "Lon": 20.9312,
        "Time": "2017-05-14 17:47:56",
        "Brigade": "1",
        "Lat": 52.2247
      },
      {
        "Lines": "13",
        "Lon": 20.9312,
        "Time": "2017-05-14 17:48:11",
        "Brigade": "1",
        "Lat": 52.2247
      },
      {
        "Lines": "13",
        "Lon": 20.9312,
        "Time": "2017-05-14 17:48:21",
        "Brigade": "1",
        "Lat": 52.2247
      },
      {
        "Lines": "13",
        "Lon": 20.9312,
        "Time": "2017-05-14 17:48:31",
        "Brigade": "1",
        "Lat": 52.2247
      },
      {
        "Lines": "13",
        "Lon": 20.9312,
        "Time": "2017-05-14 17:48:41",
        "Brigade": "1",
        "Lat": 52.2247
      },
      {
        "Lines": "13",
        "Lon": 20.9312,
        "Time": "2017-05-14 17:48:51",
        "Brigade": "1",
        "Lat": 52.2247
      },
      {
        "Lines": "13",
        "Lon": 20.9312,
        "Time": "2017-05-14 17:49:06",
        "Brigade": "1",
        "Lat": 52.2247
      },
      {
        "Lines": "13",
        "Lon": 20.9312,
        "Time": "2017-05-14 17:49:16",
        "Brigade": "1",
        "Lat": 52.2247
      },
      {
        "Lines": "13",
        "Lon": 20.9312,
        "Time": "2017-05-14 17:49:26",
        "Brigade": "1",
        "Lat": 52.2247
      },
      {
        "Lines": "13",
        "Lon": 20.9312,
        "Time": "2017-05-14 17:49:36",
        "Brigade": "1",
        "Lat": 52.2247
      },
      {
        "Lines": "13",
        "Lon": 20.9312,
        "Time": "2017-05-14 17:49:51",
        "Brigade": "1",
        "Lat": 52.2247
      },
      {
        "Lines": "13",
        "Lon": 20.9312,
        "Time": "2017-05-14 17:50:01",
        "Brigade": "1",
        "Lat": 52.2247
      },
      {
        "Lines": "13",
        "Lon": 20.9312,
        "Time": "2017-05-14 17:50:11",
        "Brigade": "1",
        "Lat": 52.2247
      },
      {
        "Lines": "13",
        "Lon": 20.931,
        "Time": "2017-05-14 17:50:18",
        "Brigade": "1",
        "Lat": 52.2248
      },
      {
        "Lines": "13",
        "Lon": 20.931,
        "Time": "2017-05-14 17:50:31",
        "Brigade": "1",
        "Lat": 52.2248
      },
      {
        "Lines": "13",
        "Lon": 20.931,
        "Time": "2017-05-14 17:50:41",
        "Brigade": "1",
        "Lat": 52.2248
      },
      {
        "Lines": "13",
        "Lon": 20.931,
        "Time": "2017-05-14 17:50:56",
        "Brigade": "1",
        "Lat": 52.2248
      },
      {
        "Lines": "13",
        "Lon": 20.931,
        "Time": "2017-05-14 17:51:06",
        "Brigade": "1",
        "Lat": 52.2248
      },
      {
        "Lines": "13",
        "Lon": 20.931,
        "Time": "2017-05-14 17:51:16",
        "Brigade": "1",
        "Lat": 52.2248
      },
      {
        "Lines": "13",
        "Lon": 20.931,
        "Time": "2017-05-14 17:51:26",
        "Brigade": "1",
        "Lat": 52.2248
      },
      {
        "Lines": "13",
        "Lon": 20.931,
        "Time": "2017-05-14 17:51:41",
        "Brigade": "1",
        "Lat": 52.2248
      },
      {
        "Lines": "13",
        "Lon": 20.931,
        "Time": "2017-05-14 17:51:51",
        "Brigade": "1",
        "Lat": 52.2248
      },
      {
        "Lines": "13",
        "Lon": 20.931,
        "Time": "2017-05-14 17:52:01",
        "Brigade": "1",
        "Lat": 52.2247
      },
      {
        "Lines": "13",
        "Lon": 20.931,
        "Time": "2017-05-14 17:52:11",
        "Brigade": "1",
        "Lat": 52.2247
      },
      {
        "Lines": "13",
        "Lon": 20.931,
        "Time": "2017-05-14 17:52:21",
        "Brigade": "1",
        "Lat": 52.2247
      },
      {
        "Lines": "13",
        "Lon": 20.931,
        "Time": "2017-05-14 17:52:31",
        "Brigade": "1",
        "Lat": 52.2247
      },
      {
        "Lines": "13",
        "Lon": 20.931,
        "Time": "2017-05-14 17:52:46",
        "Brigade": "1",
        "Lat": 52.2248
      },
      {
        "Lines": "13",
        "Lon": 20.931,
        "Time": "2017-05-14 17:52:56",
        "Brigade": "1",
        "Lat": 52.2248
      },
      {
        "Lines": "13",
        "Lon": 20.931,
        "Time": "2017-05-14 17:53:06",
        "Brigade": "1",
        "Lat": 52.2248
      },
      {
        "Lines": "13",
        "Lon": 20.931,
        "Time": "2017-05-14 17:53:16",
        "Brigade": "1",
        "Lat": 52.2248
      },
      {
        "Lines": "13",
        "Lon": 20.931,
        "Time": "2017-05-14 17:53:26",
        "Brigade": "1",
        "Lat": 52.2248
      },
      {
        "Lines": "13",
        "Lon": 20.931,
        "Time": "2017-05-14 17:53:41",
        "Brigade": "1",
        "Lat": 52.2248
      },
      {
        "Lines": "13",
        "Lon": 20.931,
        "Time": "2017-05-14 17:53:51",
        "Brigade": "1",
        "Lat": 52.2248
      },
      {
        "Lines": "13",
        "Lon": 20.931,
        "Time": "2017-05-14 17:54:01",
        "Brigade": "1",
        "Lat": 52.2248
      },
      {
        "Lines": "13",
        "Lon": 20.931,
        "Time": "2017-05-14 17:54:11",
        "Brigade": "1",
        "Lat": 52.2248
      },
      {
        "Lines": "13",
        "Lon": 20.931,
        "Time": "2017-05-14 17:54:21",
        "Brigade": "1",
        "Lat": 52.2248
      },
      {
        "Lines": "13",
        "Lon": 20.931,
        "Time": "2017-05-14 17:54:31",
        "Brigade": "1",
        "Lat": 52.2248
      },
      {
        "Lines": "13",
        "Lon": 20.931,
        "Time": "2017-05-14 17:54:46",
        "Brigade": "1",
        "Lat": 52.2248
      },
      {
        "Lines": "13",
        "Lon": 20.931,
        "Time": "2017-05-14 17:54:56",
        "Brigade": "1",
        "Lat": 52.2248
      },
      {
        "Lines": "13",
        "Lon": 20.931,
        "Time": "2017-05-14 17:55:01",
        "Brigade": "1",
        "Lat": 52.2248
      },
      {
        "Lines": "13",
        "Lon": 20.931,
        "Time": "2017-05-14 17:55:15",
        "Brigade": "1",
        "Lat": 52.2248
      },
      {
        "Lines": "13",
        "Lon": 20.9309,
        "Time": "2017-05-14 17:55:30",
        "Brigade": "1",
        "Lat": 52.2247
      },
      {
        "Lines": "13",
        "Lon": 20.931,
        "Time": "2017-05-14 17:55:40",
        "Brigade": "1",
        "Lat": 52.2247
      },
      {
        "Lines": "13",
        "Lon": 20.931,
        "Time": "2017-05-14 17:55:50",
        "Brigade": "1",
        "Lat": 52.2248
      },
      {
        "Lines": "13",
        "Lon": 20.931,
        "Time": "2017-05-14 17:56:00",
        "Brigade": "1",
        "Lat": 52.2248
      },
      {
        "Lines": "13",
        "Lon": 20.931,
        "Time": "2017-05-14 17:56:15",
        "Brigade": "1",
        "Lat": 52.2248
      },
      {
        "Lines": "13",
        "Lon": 20.931,
        "Time": "2017-05-14 17:56:25",
        "Brigade": "1",
        "Lat": 52.2248
      },
      {
        "Lines": "13",
        "Lon": 20.931,
        "Time": "2017-05-14 17:56:35",
        "Brigade": "1",
        "Lat": 52.2248
      },
      {
        "Lines": "13",
        "Lon": 20.931,
        "Time": "2017-05-14 17:56:45",
        "Brigade": "1",
        "Lat": 52.2248
      },
      {
        "Lines": "13",
        "Lon": 20.931,
        "Time": "2017-05-14 17:56:56",
        "Brigade": "1",
        "Lat": 52.2248
      },
      {
        "Lines": "13",
        "Lon": 20.931,
        "Time": "2017-05-14 17:57:10",
        "Brigade": "1",
        "Lat": 52.2247
      },
      {
        "Lines": "13",
        "Lon": 20.931,
        "Time": "2017-05-14 17:57:20",
        "Brigade": "1",
        "Lat": 52.2247
      },
      {
        "Lines": "13",
        "Lon": 20.931,
        "Time": "2017-05-14 17:57:30",
        "Brigade": "1",
        "Lat": 52.2247
      },
      {
        "Lines": "13",
        "Lon": 20.931,
        "Time": "2017-05-14 17:57:40",
        "Brigade": "1",
        "Lat": 52.2247
      },
      {
        "Lines": "13",
        "Lon": 20.931,
        "Time": "2017-05-14 17:57:55",
        "Brigade": "1",
        "Lat": 52.2247
      },
      {
        "Lines": "13",
        "Lon": 20.931,
        "Time": "2017-05-14 17:58:00",
        "Brigade": "1",
        "Lat": 52.2247
      },
      {
        "Lines": "13",
        "Lon": 20.931,
        "Time": "2017-05-14 17:58:15",
        "Brigade": "1",
        "Lat": 52.2247
      },
      {
        "Lines": "13",
        "Lon": 20.931,
        "Time": "2017-05-14 17:58:25",
        "Brigade": "1",
        "Lat": 52.2247
      },
      {
        "Lines": "13",
        "Lon": 20.9309,
        "Time": "2017-05-14 17:58:35",
        "Brigade": "1",
        "Lat": 52.2247
      },
      {
        "Lines": "13",
        "Lon": 20.9309,
        "Time": "2017-05-14 17:58:45",
        "Brigade": "1",
        "Lat": 52.2247
      },
      {
        "Lines": "13",
        "Lon": 20.9309,
        "Time": "2017-05-14 17:59:00",
        "Brigade": "1",
        "Lat": 52.2247
      },
      {
        "Lines": "13",
        "Lon": 20.9309,
        "Time": "2017-05-14 17:59:10",
        "Brigade": "1",
        "Lat": 52.2247
      },
      {
        "Lines": "13",
        "Lon": 20.9309,
        "Time": "2017-05-14 17:59:20",
        "Brigade": "1",
        "Lat": 52.2247
      },
      {
        "Lines": "13",
        "Lon": 20.9309,
        "Time": "2017-05-14 17:59:30",
        "Brigade": "1",
        "Lat": 52.2247
      },
      {
        "Lines": "13",
        "Lon": 20.9309,
        "Time": "2017-05-14 17:59:40",
        "Brigade": "1",
        "Lat": 52.2247
      },
      {
        "Lines": "13",
        "Lon": 20.9309,
        "Time": "2017-05-14 17:59:55",
        "Brigade": "1",
        "Lat": 52.2247
      },
      {
        "Lines": "13",
        "Lon": 20.9309,
        "Time": "2017-05-14 18:00:06",
        "Brigade": "1",
        "Lat": 52.2247
      },
      {
        "Lines": "13",
        "Lon": 20.9309,
        "Time": "2017-05-14 18:00:16",
        "Brigade": "1",
        "Lat": 52.2247
      },
      {
        "Lines": "13",
        "Lon": 20.931,
        "Time": "2017-05-14 18:00:26",
        "Brigade": "1",
        "Lat": 52.2247
      },
      {
        "Lines": "13",
        "Lon": 20.931,
        "Time": "2017-05-14 18:00:36",
        "Brigade": "1",
        "Lat": 52.2247
      },
      {
        "Lines": "13",
        "Lon": 20.931,
        "Time": "2017-05-14 18:00:51",
        "Brigade": "1",
        "Lat": 52.2248
      },
      {
        "Lines": "13",
        "Lon": 20.931,
        "Time": "2017-05-14 18:01:01",
        "Brigade": "1",
        "Lat": 52.2248
      },
      {
        "Lines": "13",
        "Lon": 20.931,
        "Time": "2017-05-14 18:01:10",
        "Brigade": "1",
        "Lat": 52.2248
      },
      {
        "Lines": "13",
        "Lon": 20.931,
        "Time": "2017-05-14 18:01:21",
        "Brigade": "1",
        "Lat": 52.2248
      },
      {
        "Lines": "13",
        "Lon": 20.931,
        "Time": "2017-05-14 18:01:35",
        "Brigade": "1",
        "Lat": 52.2248
      },
      {
        "Lines": "13",
        "Lon": 20.931,
        "Time": "2017-05-14 18:01:46",
        "Brigade": "1",
        "Lat": 52.2248
      },
      {
        "Lines": "13",
        "Lon": 20.931,
        "Time": "2017-05-14 18:01:56",
        "Brigade": "1",
        "Lat": 52.2248
      },
      {
        "Lines": "13",
        "Lon": 20.931,
        "Time": "2017-05-14 18:02:06",
        "Brigade": "1",
        "Lat": 52.2248
      },
      {
        "Lines": "13",
        "Lon": 20.931,
        "Time": "2017-05-14 18:02:16",
        "Brigade": "1",
        "Lat": 52.2248
      },
      {
        "Lines": "13",
        "Lon": 20.931,
        "Time": "2017-05-14 18:02:26",
        "Brigade": "1",
        "Lat": 52.2248
      },
      {
        "Lines": "13",
        "Lon": 20.931,
        "Time": "2017-05-14 18:02:41",
        "Brigade": "1",
        "Lat": 52.2248
      },
      {
        "Lines": "13",
        "Lon": 20.931,
        "Time": "2017-05-14 18:02:51",
        "Brigade": "1",
        "Lat": 52.2248
      },
      {
        "Lines": "13",
        "Lon": 20.931,
        "Time": "2017-05-14 18:03:01",
        "Brigade": "1",
        "Lat": 52.2248
      },
      {
        "Lines": "13",
        "Lon": 20.931,
        "Time": "2017-05-14 18:03:11",
        "Brigade": "1",
        "Lat": 52.2248
      },
      {
        "Lines": "13",
        "Lon": 20.931,
        "Time": "2017-05-14 18:03:21",
        "Brigade": "1",
        "Lat": 52.2248
      },
      {
        "Lines": "13",
        "Lon": 20.931,
        "Time": "2017-05-14 18:03:35",
        "Brigade": "1",
        "Lat": 52.2248
      },
      {
        "Lines": "13",
        "Lon": 20.931,
        "Time": "2017-05-14 18:03:46",
        "Brigade": "1",
        "Lat": 52.2248
      },
      {
        "Lines": "13",
        "Lon": 20.931,
        "Time": "2017-05-14 18:03:55",
        "Brigade": "1",
        "Lat": 52.2248
      },
      {
        "Lines": "13",
        "Lon": 20.931,
        "Time": "2017-05-14 18:04:06",
        "Brigade": "1",
        "Lat": 52.2248
      },
      {
        "Lines": "13",
        "Lon": 20.9305,
        "Time": "2017-05-14 18:04:17",
        "Brigade": "1",
        "Lat": 52.2248
      },
      {
        "Lines": "13",
        "Lon": 20.9306,
        "Time": "2017-05-14 18:04:31",
        "Brigade": "1",
        "Lat": 52.2244
      },
      {
        "Lines": "13",
        "Lon": 20.9317,
        "Time": "2017-05-14 18:04:41",
        "Brigade": "1",
        "Lat": 52.2244
      },
      {
        "Lines": "13",
        "Lon": 20.9321,
        "Time": "2017-05-14 18:04:50",
        "Brigade": "1",
        "Lat": 52.2242
      },
      {
        "Lines": "13",
        "Lon": 20.9328,
        "Time": "2017-05-14 18:05:00",
        "Brigade": "1",
        "Lat": 52.2243
      },
      {
        "Lines": "13",
        "Lon": 20.9341,
        "Time": "2017-05-14 18:05:10",
        "Brigade": "1",
        "Lat": 52.2247
      },
      {
        "Lines": "13",
        "Lon": 20.9357,
        "Time": "2017-05-14 18:05:25",
        "Brigade": "1",
        "Lat": 52.2252
      },
      {
        "Lines": "13",
        "Lon": 20.9358,
        "Time": "2017-05-14 18:05:36",
        "Brigade": "1",
        "Lat": 52.2252
      },
      {
        "Lines": "13",
        "Lon": 20.9358,
        "Time": "2017-05-14 18:05:45",
        "Brigade": "1",
        "Lat": 52.2252
      },
      {
        "Lines": "13",
        "Lon": 20.9359,
        "Time": "2017-05-14 18:05:55",
        "Brigade": "1",
        "Lat": 52.2252
      },
      {
        "Lines": "13",
        "Lon": 20.9365,
        "Time": "2017-05-14 18:06:05",
        "Brigade": "1",
        "Lat": 52.2254
      },
      {
        "Lines": "13",
        "Lon": 20.9373,
        "Time": "2017-05-14 18:06:21",
        "Brigade": "1",
        "Lat": 52.2256
      },
      {
        "Lines": "13",
        "Lon": 20.9372,
        "Time": "2017-05-14 18:06:30",
        "Brigade": "1",
        "Lat": 52.2256
      },
      {
        "Lines": "13",
        "Lon": 20.9376,
        "Time": "2017-05-14 18:06:43",
        "Brigade": "1",
        "Lat": 52.2257
      },
      {
        "Lines": "13",
        "Lon": 20.9399,
        "Time": "2017-05-14 18:06:55",
        "Brigade": "1",
        "Lat": 52.2262
      },
      {
        "Lines": "13",
        "Lon": 20.9413,
        "Time": "2017-05-14 18:07:05",
        "Brigade": "1",
        "Lat": 52.2265
      },
      {
        "Lines": "13",
        "Lon": 20.9423,
        "Time": "2017-05-14 18:07:15",
        "Brigade": "1",
        "Lat": 52.2266
      },
      {
        "Lines": "13",
        "Lon": 20.9423,
        "Time": "2017-05-14 18:07:25",
        "Brigade": "1",
        "Lat": 52.2266
      },
      {
        "Lines": "13",
        "Lon": 20.9428,
        "Time": "2017-05-14 18:07:37",
        "Brigade": "1",
        "Lat": 52.2267
      },
      {
        "Lines": "13",
        "Lon": 20.9439,
        "Time": "2017-05-14 18:07:45",
        "Brigade": "1",
        "Lat": 52.2267
      },
      {
        "Lines": "13",
        "Lon": 20.9456,
        "Time": "2017-05-14 18:08:00",
        "Brigade": "1",
        "Lat": 52.2273
      },
      {
        "Lines": "13",
        "Lon": 20.9474,
        "Time": "2017-05-14 18:08:10",
        "Brigade": "1",
        "Lat": 52.228
      },
      {
        "Lines": "13",
        "Lon": 20.949,
        "Time": "2017-05-14 18:08:20",
        "Brigade": "1",
        "Lat": 52.2288
      },
      {
        "Lines": "13",
        "Lon": 20.9504,
        "Time": "2017-05-14 18:08:30",
        "Brigade": "1",
        "Lat": 52.2293
      },
      {
        "Lines": "13",
        "Lon": 20.9518,
        "Time": "2017-05-14 18:08:45",
        "Brigade": "1",
        "Lat": 52.2297
      },
      {
        "Lines": "13",
        "Lon": 20.9518,
        "Time": "2017-05-14 18:08:55",
        "Brigade": "1",
        "Lat": 52.2297
      },
      {
        "Lines": "13",
        "Lon": 20.9518,
        "Time": "2017-05-14 18:09:05",
        "Brigade": "1",
        "Lat": 52.2297
      },
      {
        "Lines": "13",
        "Lon": 20.9522,
        "Time": "2017-05-14 18:09:17",
        "Brigade": "1",
        "Lat": 52.2299
      },
      {
        "Lines": "13",
        "Lon": 20.9537,
        "Time": "2017-05-14 18:09:25",
        "Brigade": "1",
        "Lat": 52.2304
      },
      {
        "Lines": "13",
        "Lon": 20.9556,
        "Time": "2017-05-14 18:09:40",
        "Brigade": "1",
        "Lat": 52.231
      },
      {
        "Lines": "13",
        "Lon": 20.9557,
        "Time": "2017-05-14 18:09:50",
        "Brigade": "1",
        "Lat": 52.231
      },
      {
        "Lines": "13",
        "Lon": 20.9557,
        "Time": "2017-05-14 18:10:00",
        "Brigade": "1",
        "Lat": 52.231
      },
      {
        "Lines": "13",
        "Lon": 20.9557,
        "Time": "2017-05-14 18:10:10",
        "Brigade": "1",
        "Lat": 52.231
      },
      {
        "Lines": "13",
        "Lon": 20.9569,
        "Time": "2017-05-14 18:10:20",
        "Brigade": "1",
        "Lat": 52.2313
      },
      {
        "Lines": "13",
        "Lon": 20.959,
        "Time": "2017-05-14 18:10:35",
        "Brigade": "1",
        "Lat": 52.2319
      },
      {
        "Lines": "13",
        "Lon": 20.9604,
        "Time": "2017-05-14 18:10:45",
        "Brigade": "1",
        "Lat": 52.2323
      },
      {
        "Lines": "13",
        "Lon": 20.9605,
        "Time": "2017-05-14 18:10:55",
        "Brigade": "1",
        "Lat": 52.2324
      },
      {
        "Lines": "13",
        "Lon": 20.9605,
        "Time": "2017-05-14 18:11:00",
        "Brigade": "1",
        "Lat": 52.2325
      },
      {
        "Lines": "13",
        "Lon": 20.9612,
        "Time": "2017-05-14 18:11:15",
        "Brigade": "1",
        "Lat": 52.2327
      },
      {
        "Lines": "13",
        "Lon": 20.9631,
        "Time": "2017-05-14 18:11:25",
        "Brigade": "1",
        "Lat": 52.2332
      },
      {
        "Lines": "13",
        "Lon": 20.9654,
        "Time": "2017-05-14 18:11:40",
        "Brigade": "1",
        "Lat": 52.2335
      },
      {
        "Lines": "13",
        "Lon": 20.9658,
        "Time": "2017-05-14 18:11:50",
        "Brigade": "1",
        "Lat": 52.2336
      },
      {
        "Lines": "13",
        "Lon": 20.9668,
        "Time": "2017-05-14 18:12:00",
        "Brigade": "1",
        "Lat": 52.2337
      },
      {
        "Lines": "13",
        "Lon": 20.9674,
        "Time": "2017-05-14 18:12:13",
        "Brigade": "1",
        "Lat": 52.2338
      },
      {
        "Lines": "13",
        "Lon": 20.9673,
        "Time": "2017-05-14 18:12:20",
        "Brigade": "1",
        "Lat": 52.2338
      },
      {
        "Lines": "13",
        "Lon": 20.9678,
        "Time": "2017-05-14 18:12:35",
        "Brigade": "1",
        "Lat": 52.2338
      },
      {
        "Lines": "13",
        "Lon": 20.9684,
        "Time": "2017-05-14 18:12:45",
        "Brigade": "1",
        "Lat": 52.2339
      },
      {
        "Lines": "13",
        "Lon": 20.9694,
        "Time": "2017-05-14 18:12:55",
        "Brigade": "1",
        "Lat": 52.2341
      },
      {
        "Lines": "13",
        "Lon": 20.97,
        "Time": "2017-05-14 18:13:00",
        "Brigade": "1",
        "Lat": 52.2342
      },
      {
        "Lines": "13",
        "Lon": 20.9719,
        "Time": "2017-05-14 18:13:20",
        "Brigade": "1",
        "Lat": 52.2347
      },
      {
        "Lines": "13",
        "Lon": 20.9723,
        "Time": "2017-05-14 18:13:30",
        "Brigade": "1",
        "Lat": 52.2348
      },
      {
        "Lines": "13",
        "Lon": 20.973,
        "Time": "2017-05-14 18:13:40",
        "Brigade": "1",
        "Lat": 52.235
      },
      {
        "Lines": "13",
        "Lon": 20.9736,
        "Time": "2017-05-14 18:13:50",
        "Brigade": "1",
        "Lat": 52.2351
      },
      {
        "Lines": "13",
        "Lon": 20.9743,
        "Time": "2017-05-14 18:14:01",
        "Brigade": "1",
        "Lat": 52.2353
      },
      {
        "Lines": "13",
        "Lon": 20.9744,
        "Time": "2017-05-14 18:14:13",
        "Brigade": "1",
        "Lat": 52.2353
      },
      {
        "Lines": "13",
        "Lon": 20.9744,
        "Time": "2017-05-14 18:14:25",
        "Brigade": "1",
        "Lat": 52.2353
      },
      {
        "Lines": "13",
        "Lon": 20.9751,
        "Time": "2017-05-14 18:14:35",
        "Brigade": "1",
        "Lat": 52.2355
      },
      {
        "Lines": "13",
        "Lon": 20.9764,
        "Time": "2017-05-14 18:14:45",
        "Brigade": "1",
        "Lat": 52.2358
      },
      {
        "Lines": "13",
        "Lon": 20.9776,
        "Time": "2017-05-14 18:14:55",
        "Brigade": "1",
        "Lat": 52.2361
      },
      {
        "Lines": "13",
        "Lon": 20.9782,
        "Time": "2017-05-14 18:15:00",
        "Brigade": "1",
        "Lat": 52.2363
      },
      {
        "Lines": "13",
        "Lon": 20.9794,
        "Time": "2017-05-14 18:15:20",
        "Brigade": "1",
        "Lat": 52.2367
      },
      {
        "Lines": "13",
        "Lon": 20.9797,
        "Time": "2017-05-14 18:15:31",
        "Brigade": "1",
        "Lat": 52.2368
      },
      {
        "Lines": "13",
        "Lon": 20.9797,
        "Time": "2017-05-14 18:15:40",
        "Brigade": "1",
        "Lat": 52.2368
      },
      {
        "Lines": "13",
        "Lon": 20.9796,
        "Time": "2017-05-14 18:15:50",
        "Brigade": "1",
        "Lat": 52.2368
      },
      {
        "Lines": "13",
        "Lon": 20.9796,
        "Time": "2017-05-14 18:16:00",
        "Brigade": "1",
        "Lat": 52.2368
      },
      {
        "Lines": "13",
        "Lon": 20.9797,
        "Time": "2017-05-14 18:16:15",
        "Brigade": "1",
        "Lat": 52.2368
      },
      {
        "Lines": "13",
        "Lon": 20.9796,
        "Time": "2017-05-14 18:16:25",
        "Brigade": "1",
        "Lat": 52.2368
      },
      {
        "Lines": "13",
        "Lon": 20.9797,
        "Time": "2017-05-14 18:16:35",
        "Brigade": "1",
        "Lat": 52.2368
      },
      {
        "Lines": "13",
        "Lon": 20.9796,
        "Time": "2017-05-14 18:16:45",
        "Brigade": "1",
        "Lat": 52.2368
      },
      {
        "Lines": "13",
        "Lon": 20.9797,
        "Time": "2017-05-14 18:16:55",
        "Brigade": "1",
        "Lat": 52.2368
      },
      {
        "Lines": "13",
        "Lon": 20.9805,
        "Time": "2017-05-14 18:17:10",
        "Brigade": "1",
        "Lat": 52.2372
      },
      {
        "Lines": "13",
        "Lon": 20.9811,
        "Time": "2017-05-14 18:17:20",
        "Brigade": "1",
        "Lat": 52.2374
      },
      {
        "Lines": "13",
        "Lon": 20.9814,
        "Time": "2017-05-14 18:17:30",
        "Brigade": "1",
        "Lat": 52.2376
      },
      {
        "Lines": "13",
        "Lon": 20.9814,
        "Time": "2017-05-14 18:17:40",
        "Brigade": "1",
        "Lat": 52.2376
      },
      {
        "Lines": "13",
        "Lon": 20.9815,
        "Time": "2017-05-14 18:17:50",
        "Brigade": "1",
        "Lat": 52.2376
      },
      {
        "Lines": "13",
        "Lon": 20.9828,
        "Time": "2017-05-14 18:18:05",
        "Brigade": "1",
        "Lat": 52.2381
      },
      {
        "Lines": "13",
        "Lon": 20.9849,
        "Time": "2017-05-14 18:18:15",
        "Brigade": "1",
        "Lat": 52.239
      },
      {
        "Lines": "13",
        "Lon": 20.9864,
        "Time": "2017-05-14 18:18:25",
        "Brigade": "1",
        "Lat": 52.2396
      },
      {
        "Lines": "13",
        "Lon": 20.9867,
        "Time": "2017-05-14 18:18:36",
        "Brigade": "1",
        "Lat": 52.2397
      },
      {
        "Lines": "13",
        "Lon": 20.9867,
        "Time": "2017-05-14 18:18:50",
        "Brigade": "1",
        "Lat": 52.2396
      },
      {
        "Lines": "13",
        "Lon": 20.9867,
        "Time": "2017-05-14 18:19:00",
        "Brigade": "1",
        "Lat": 52.2396
      },
      {
        "Lines": "13",
        "Lon": 20.9868,
        "Time": "2017-05-14 18:19:10",
        "Brigade": "1",
        "Lat": 52.2397
      },
      {
        "Lines": "13",
        "Lon": 20.9879,
        "Time": "2017-05-14 18:19:20",
        "Brigade": "1",
        "Lat": 52.24
      },
      {
        "Lines": "13",
        "Lon": 20.9899,
        "Time": "2017-05-14 18:19:30",
        "Brigade": "1",
        "Lat": 52.2407
      },
      {
        "Lines": "13",
        "Lon": 20.9916,
        "Time": "2017-05-14 18:19:40",
        "Brigade": "1",
        "Lat": 52.2413
      },
      {
        "Lines": "13",
        "Lon": 20.993,
        "Time": "2017-05-14 18:19:55",
        "Brigade": "1",
        "Lat": 52.2417
      },
      {
        "Lines": "13",
        "Lon": 20.993,
        "Time": "2017-05-14 18:20:05",
        "Brigade": "1",
        "Lat": 52.2418
      },
      {
        "Lines": "13",
        "Lon": 20.993,
        "Time": "2017-05-14 18:20:15",
        "Brigade": "1",
        "Lat": 52.2418
      },
      {
        "Lines": "13",
        "Lon": 20.993,
        "Time": "2017-05-14 18:20:25",
        "Brigade": "1",
        "Lat": 52.2418
      },
      {
        "Lines": "13",
        "Lon": 20.993,
        "Time": "2017-05-14 18:20:40",
        "Brigade": "1",
        "Lat": 52.2418
      },
      {
        "Lines": "13",
        "Lon": 20.9931,
        "Time": "2017-05-14 18:20:50",
        "Brigade": "1",
        "Lat": 52.2418
      },
      {
        "Lines": "13",
        "Lon": 20.9931,
        "Time": "2017-05-14 18:21:00",
        "Brigade": "1",
        "Lat": 52.2419
      },
      {
        "Lines": "13",
        "Lon": 20.9931,
        "Time": "2017-05-14 18:21:10",
        "Brigade": "1",
        "Lat": 52.2419
      },
      {
        "Lines": "13",
        "Lon": 20.9931,
        "Time": "2017-05-14 18:21:20",
        "Brigade": "1",
        "Lat": 52.242
      },
      {
        "Lines": "13",
        "Lon": 20.9932,
        "Time": "2017-05-14 18:21:30",
        "Brigade": "1",
        "Lat": 52.242
      },
      {
        "Lines": "13",
        "Lon": 20.9939,
        "Time": "2017-05-14 18:21:45",
        "Brigade": "1",
        "Lat": 52.2421
      },
      {
        "Lines": "13",
        "Lon": 20.9947,
        "Time": "2017-05-14 18:21:55",
        "Brigade": "1",
        "Lat": 52.2424
      },
      {
        "Lines": "13",
        "Lon": 20.9958,
        "Time": "2017-05-14 18:22:06",
        "Brigade": "1",
        "Lat": 52.2428
      },
      {
        "Lines": "13",
        "Lon": 20.9975,
        "Time": "2017-05-14 18:22:15",
        "Brigade": "1",
        "Lat": 52.2433
      },
      {
        "Lines": "13",
        "Lon": 20.9989,
        "Time": "2017-05-14 18:22:25",
        "Brigade": "1",
        "Lat": 52.2437
      },
      {
        "Lines": "13",
        "Lon": 21.0009,
        "Time": "2017-05-14 18:22:40",
        "Brigade": "1",
        "Lat": 52.2444
      },
      {
        "Lines": "13",
        "Lon": 21.0017,
        "Time": "2017-05-14 18:22:50",
        "Brigade": "1",
        "Lat": 52.2445
      },
      {
        "Lines": "13",
        "Lon": 21.0024,
        "Time": "2017-05-14 18:23:00",
        "Brigade": "1",
        "Lat": 52.2447
      },
      {
        "Lines": "13",
        "Lon": 21.0025,
        "Time": "2017-05-14 18:23:10",
        "Brigade": "1",
        "Lat": 52.2447
      },
      {
        "Lines": "13",
        "Lon": 21.0025,
        "Time": "2017-05-14 18:23:25",
        "Brigade": "1",
        "Lat": 52.2447
      },
      {
        "Lines": "13",
        "Lon": 21.0029,
        "Time": "2017-05-14 18:23:35",
        "Brigade": "1",
        "Lat": 52.2448
      },
      {
        "Lines": "13",
        "Lon": 21.0042,
        "Time": "2017-05-14 18:23:45",
        "Brigade": "1",
        "Lat": 52.2452
      },
      {
        "Lines": "13",
        "Lon": 21.0055,
        "Time": "2017-05-14 18:23:55",
        "Brigade": "1",
        "Lat": 52.2458
      },
      {
        "Lines": "13",
        "Lon": 21.0069,
        "Time": "2017-05-14 18:24:05",
        "Brigade": "1",
        "Lat": 52.2461
      },
      {
        "Lines": "13",
        "Lon": 21.0106,
        "Time": "2017-05-14 18:24:20",
        "Brigade": "1",
        "Lat": 52.2465
      },
      {
        "Lines": "13",
        "Lon": 21.0119,
        "Time": "2017-05-14 18:24:30",
        "Brigade": "1",
        "Lat": 52.2467
      },
      {
        "Lines": "13",
        "Lon": 21.0146,
        "Time": "2017-05-14 18:24:40",
        "Brigade": "1",
        "Lat": 52.2469
      },
      {
        "Lines": "13",
        "Lon": 21.0154,
        "Time": "2017-05-14 18:24:53",
        "Brigade": "1",
        "Lat": 52.2469
      },
      {
        "Lines": "13",
        "Lon": 21.0154,
        "Time": "2017-05-14 18:25:00",
        "Brigade": "1",
        "Lat": 52.2469
      },
      {
        "Lines": "13",
        "Lon": 21.0154,
        "Time": "2017-05-14 18:25:10",
        "Brigade": "1",
        "Lat": 52.2469
      },
      {
        "Lines": "13",
        "Lon": 21.0159,
        "Time": "2017-05-14 18:25:24",
        "Brigade": "1",
        "Lat": 52.247
      },
      {
        "Lines": "13",
        "Lon": 21.0176,
        "Time": "2017-05-14 18:25:35",
        "Brigade": "1",
        "Lat": 52.2474
      },
      {
        "Lines": "13",
        "Lon": 21.0193,
        "Time": "2017-05-14 18:25:45",
        "Brigade": "1",
        "Lat": 52.2482
      },
      {
        "Lines": "13",
        "Lon": 21.021,
        "Time": "2017-05-14 18:25:57",
        "Brigade": "1",
        "Lat": 52.2489
      },
      {
        "Lines": "13",
        "Lon": 21.0219,
        "Time": "2017-05-14 18:26:00",
        "Brigade": "1",
        "Lat": 52.2492
      },
      {
        "Lines": "13",
        "Lon": 21.0253,
        "Time": "2017-05-14 18:26:20",
        "Brigade": "1",
        "Lat": 52.2507
      },
      {
        "Lines": "13",
        "Lon": 21.0271,
        "Time": "2017-05-14 18:26:30",
        "Brigade": "1",
        "Lat": 52.2515
      },
      {
        "Lines": "13",
        "Lon": 21.0287,
        "Time": "2017-05-14 18:26:40",
        "Brigade": "1",
        "Lat": 52.2522
      },
      {
        "Lines": "13",
        "Lon": 21.0297,
        "Time": "2017-05-14 18:26:50",
        "Brigade": "1",
        "Lat": 52.2526
      },
      {
        "Lines": "13",
        "Lon": 21.0302,
        "Time": "2017-05-14 18:27:05",
        "Brigade": "1",
        "Lat": 52.2528
      },
      {
        "Lines": "13",
        "Lon": 21.0301,
        "Time": "2017-05-14 18:27:15",
        "Brigade": "1",
        "Lat": 52.2528
      },
      {
        "Lines": "13",
        "Lon": 21.0303,
        "Time": "2017-05-14 18:27:25",
        "Brigade": "1",
        "Lat": 52.2529
      },
      {
        "Lines": "13",
        "Lon": 21.0315,
        "Time": "2017-05-14 18:27:35",
        "Brigade": "1",
        "Lat": 52.2534
      },
      {
        "Lines": "13",
        "Lon": 21.0326,
        "Time": "2017-05-14 18:27:45",
        "Brigade": "1",
        "Lat": 52.2538
      },
      {
        "Lines": "13",
        "Lon": 21.0333,
        "Time": "2017-05-14 18:27:55",
        "Brigade": "1",
        "Lat": 52.2541
      },
      {
        "Lines": "13",
        "Lon": 21.0343,
        "Time": "2017-05-14 18:28:10",
        "Brigade": "1",
        "Lat": 52.2545
      },
      {
        "Lines": "13",
        "Lon": 21.0343,
        "Time": "2017-05-14 18:28:20",
        "Brigade": "1",
        "Lat": 52.2546
      },
      {
        "Lines": "13",
        "Lon": 21.0343,
        "Time": "2017-05-14 18:28:30",
        "Brigade": "1",
        "Lat": 52.2546
      },
      {
        "Lines": "13",
        "Lon": 21.0343,
        "Time": "2017-05-14 18:28:40",
        "Brigade": "1",
        "Lat": 52.2546
      },
      {
        "Lines": "13",
        "Lon": 21.0344,
        "Time": "2017-05-14 18:28:50",
        "Brigade": "1",
        "Lat": 52.2546
      },
      {
        "Lines": "13",
        "Lon": 21.0354,
        "Time": "2017-05-14 18:29:05",
        "Brigade": "1",
        "Lat": 52.2543
      },
      {
        "Lines": "13",
        "Lon": 21.0358,
        "Time": "2017-05-14 18:29:15",
        "Brigade": "1",
        "Lat": 52.254
      },
      {
        "Lines": "13",
        "Lon": 21.0358,
        "Time": "2017-05-14 18:29:25",
        "Brigade": "1",
        "Lat": 52.2539
      },
      {
        "Lines": "13",
        "Lon": 21.0358,
        "Time": "2017-05-14 18:29:35",
        "Brigade": "1",
        "Lat": 52.2539
      },
      {
        "Lines": "13",
        "Lon": 21.0366,
        "Time": "2017-05-14 18:29:50",
        "Brigade": "1",
        "Lat": 52.2531
      },
      {
        "Lines": "13",
        "Lon": 21.0377,
        "Time": "2017-05-14 18:30:00",
        "Brigade": "1",
        "Lat": 52.2522
      },
      {
        "Lines": "13",
        "Lon": 21.0418,
        "Time": "2017-05-14 18:31:15",
        "Brigade": "1",
        "Lat": 52.25
      },
      {
        "Lines": "13",
        "Lon": 21.0423,
        "Time": "2017-05-14 18:31:25",
        "Brigade": "1",
        "Lat": 52.2498
      },
      {
        "Lines": "13",
        "Lon": 21.0424,
        "Time": "2017-05-14 18:31:40",
        "Brigade": "1",
        "Lat": 52.2497
      },
      {
        "Lines": "13",
        "Lon": 21.0424,
        "Time": "2017-05-14 18:31:50",
        "Brigade": "1",
        "Lat": 52.2497
      },
      {
        "Lines": "13",
        "Lon": 21.0424,
        "Time": "2017-05-14 18:32:00",
        "Brigade": "1",
        "Lat": 52.2497
      },
      {
        "Lines": "13",
        "Lon": 21.043,
        "Time": "2017-05-14 18:32:12",
        "Brigade": "1",
        "Lat": 52.2496
      },
      {
        "Lines": "13",
        "Lon": 21.0435,
        "Time": "2017-05-14 18:32:20",
        "Brigade": "1",
        "Lat": 52.2499
      },
      {
        "Lines": "13",
        "Lon": 21.044,
        "Time": "2017-05-14 18:32:34",
        "Brigade": "1",
        "Lat": 52.2502
      },
      {
        "Lines": "13",
        "Lon": 21.044,
        "Time": "2017-05-14 18:32:45",
        "Brigade": "1",
        "Lat": 52.2502
      },
      {
        "Lines": "13",
        "Lon": 21.0445,
        "Time": "2017-05-14 18:32:55",
        "Brigade": "1",
        "Lat": 52.2505
      },
      {
        "Lines": "13",
        "Lon": 21.0456,
        "Time": "2017-05-14 18:33:05",
        "Brigade": "1",
        "Lat": 52.251
      },
      {
        "Lines": "13",
        "Lon": 21.0474,
        "Time": "2017-05-14 18:33:15",
        "Brigade": "1",
        "Lat": 52.2519
      },
      {
        "Lines": "13",
        "Lon": 21.0492,
        "Time": "2017-05-14 18:33:25",
        "Brigade": "1",
        "Lat": 52.2526
      },
      {
        "Lines": "13",
        "Lon": 21.0509,
        "Time": "2017-05-14 18:33:40",
        "Brigade": "1",
        "Lat": 52.2531
      },
      {
        "Lines": "13",
        "Lon": 21.0509,
        "Time": "2017-05-14 18:33:50",
        "Brigade": "1",
        "Lat": 52.2531
      },
      {
        "Lines": "13",
        "Lon": 21.0509,
        "Time": "2017-05-14 18:34:00",
        "Brigade": "1",
        "Lat": 52.2531
      },
      {
        "Lines": "13",
        "Lon": 21.0515,
        "Time": "2017-05-14 18:34:10",
        "Brigade": "1",
        "Lat": 52.2532
      },
      {
        "Lines": "13",
        "Lon": 21.0531,
        "Time": "2017-05-14 18:34:25",
        "Brigade": "1",
        "Lat": 52.2537
      },
      {
        "Lines": "13",
        "Lon": 21.0538,
        "Time": "2017-05-14 18:34:35",
        "Brigade": "1",
        "Lat": 52.254
      },
      {
        "Lines": "13",
        "Lon": 21.0542,
        "Time": "2017-05-14 18:34:45",
        "Brigade": "1",
        "Lat": 52.2544
      },
      {
        "Lines": "13",
        "Lon": 21.0538,
        "Time": "2017-05-14 18:34:55",
        "Brigade": "1",
        "Lat": 52.255
      },
      {
        "Lines": "13",
        "Lon": 21.0535,
        "Time": "2017-05-14 18:35:05",
        "Brigade": "1",
        "Lat": 52.2553
      },
      {
        "Lines": "13",
        "Lon": 21.0529,
        "Time": "2017-05-14 18:35:20",
        "Brigade": "1",
        "Lat": 52.256
      },
      {
        "Lines": "13",
        "Lon": 21.0528,
        "Time": "2017-05-14 18:35:30",
        "Brigade": "1",
        "Lat": 52.2561
      },
      {
        "Lines": "13",
        "Lon": 21.0528,
        "Time": "2017-05-14 18:35:40",
        "Brigade": "1",
        "Lat": 52.2562
      },
      {
        "Lines": "13",
        "Lon": 21.0531,
        "Time": "2017-05-14 18:35:53",
        "Brigade": "1",
        "Lat": 52.2564
      },
      {
        "Lines": "13",
        "Lon": 21.0536,
        "Time": "2017-05-14 18:36:00",
        "Brigade": "1",
        "Lat": 52.2566
      },
      {
        "Lines": "13",
        "Lon": 21.0552,
        "Time": "2017-05-14 18:36:15",
        "Brigade": "1",
        "Lat": 52.2571
      },
      {
        "Lines": "13",
        "Lon": 21.0553,
        "Time": "2017-05-14 18:36:25",
        "Brigade": "1",
        "Lat": 52.2571
      },
      {
        "Lines": "13",
        "Lon": 21.0553,
        "Time": "2017-05-14 18:36:35",
        "Brigade": "1",
        "Lat": 52.2572
      },
      {
        "Lines": "13",
        "Lon": 21.0556,
        "Time": "2017-05-14 18:36:45",
        "Brigade": "1",
        "Lat": 52.2572
      },
      {
        "Lines": "13",
        "Lon": 21.0562,
        "Time": "2017-05-14 18:36:55",
        "Brigade": "1",
        "Lat": 52.2574
      },
      {
        "Lines": "13",
        "Lon": 21.0568,
        "Time": "2017-05-14 18:37:10",
        "Brigade": "1",
        "Lat": 52.2576
      },
      {
        "Lines": "13",
        "Lon": 21.0585,
        "Time": "2017-05-14 18:37:20",
        "Brigade": "1",
        "Lat": 52.2581
      },
      {
        "Lines": "13",
        "Lon": 21.0591,
        "Time": "2017-05-14 18:37:30",
        "Brigade": "1",
        "Lat": 52.2582
      },
      {
        "Lines": "13",
        "Lon": 21.0597,
        "Time": "2017-05-14 18:37:40",
        "Brigade": "1",
        "Lat": 52.2582
      },
      {
        "Lines": "13",
        "Lon": 21.0598,
        "Time": "2017-05-14 18:37:50",
        "Brigade": "1",
        "Lat": 52.2581
      },
      {
        "Lines": "13",
        "Lon": 21.0598,
        "Time": "2017-05-14 18:38:00",
        "Brigade": "1",
        "Lat": 52.2582
      },
      {
        "Lines": "13",
        "Lon": 21.0598,
        "Time": "2017-05-14 18:38:15",
        "Brigade": "1",
        "Lat": 52.2582
      },
      {
        "Lines": "13",
        "Lon": 21.0598,
        "Time": "2017-05-14 18:38:25",
        "Brigade": "1",
        "Lat": 52.2582
      },
      {
        "Lines": "13",
        "Lon": 21.0598,
        "Time": "2017-05-14 18:38:35",
        "Brigade": "1",
        "Lat": 52.2582
      },
      {
        "Lines": "13",
        "Lon": 21.0598,
        "Time": "2017-05-14 18:38:50",
        "Brigade": "1",
        "Lat": 52.2582
      },
      {
        "Lines": "13",
        "Lon": 21.0598,
        "Time": "2017-05-14 18:39:00",
        "Brigade": "1",
        "Lat": 52.2582
      },
      {
        "Lines": "13",
        "Lon": 21.0598,
        "Time": "2017-05-14 18:39:10",
        "Brigade": "1",
        "Lat": 52.2582
      },
      {
        "Lines": "13",
        "Lon": 21.0598,
        "Time": "2017-05-14 18:39:20",
        "Brigade": "1",
        "Lat": 52.2582
      },
      {
        "Lines": "13",
        "Lon": 21.0598,
        "Time": "2017-05-14 18:39:30",
        "Brigade": "1",
        "Lat": 52.2581
      },
      {
        "Lines": "13",
        "Lon": 21.0598,
        "Time": "2017-05-14 18:39:40",
        "Brigade": "1",
        "Lat": 52.2582
      },
      {
        "Lines": "13",
        "Lon": 21.0598,
        "Time": "2017-05-14 18:39:55",
        "Brigade": "1",
        "Lat": 52.2582
      },
      {
        "Lines": "13",
        "Lon": 21.0598,
        "Time": "2017-05-14 18:40:05",
        "Brigade": "1",
        "Lat": 52.2582
      },
      {
        "Lines": "13",
        "Lon": 21.0598,
        "Time": "2017-05-14 18:40:15",
        "Brigade": "1",
        "Lat": 52.2582
      },
      {
        "Lines": "13",
        "Lon": 21.0598,
        "Time": "2017-05-14 18:40:25",
        "Brigade": "1",
        "Lat": 52.2582
      },
      {
        "Lines": "13",
        "Lon": 21.0598,
        "Time": "2017-05-14 18:40:35",
        "Brigade": "1",
        "Lat": 52.2582
      },
      {
        "Lines": "13",
        "Lon": 21.0598,
        "Time": "2017-05-14 18:40:50",
        "Brigade": "1",
        "Lat": 52.2582
      },
      {
        "Lines": "13",
        "Lon": 21.0598,
        "Time": "2017-05-14 18:41:00",
        "Brigade": "1",
        "Lat": 52.2582
      },
      {
        "Lines": "13",
        "Lon": 21.0598,
        "Time": "2017-05-14 18:41:10",
        "Brigade": "1",
        "Lat": 52.2582
      },
      {
        "Lines": "13",
        "Lon": 21.0598,
        "Time": "2017-05-14 18:41:20",
        "Brigade": "1",
        "Lat": 52.2582
      },
      {
        "Lines": "13",
        "Lon": 21.0598,
        "Time": "2017-05-14 18:41:30",
        "Brigade": "1",
        "Lat": 52.2582
      },
      {
        "Lines": "13",
        "Lon": 21.0598,
        "Time": "2017-05-14 18:41:45",
        "Brigade": "1",
        "Lat": 52.2582
      },
      {
        "Lines": "13",
        "Lon": 21.0598,
        "Time": "2017-05-14 18:41:55",
        "Brigade": "1",
        "Lat": 52.2582
      },
      {
        "Lines": "13",
        "Lon": 21.0598,
        "Time": "2017-05-14 18:42:05",
        "Brigade": "1",
        "Lat": 52.2582
      },
      {
        "Lines": "13",
        "Lon": 21.0598,
        "Time": "2017-05-14 18:42:15",
        "Brigade": "1",
        "Lat": 52.2582
      },
      {
        "Lines": "13",
        "Lon": 21.0598,
        "Time": "2017-05-14 18:42:25",
        "Brigade": "1",
        "Lat": 52.2582
      },
      {
        "Lines": "13",
        "Lon": 21.0598,
        "Time": "2017-05-14 18:42:40",
        "Brigade": "1",
        "Lat": 52.2582
      },
      {
        "Lines": "13",
        "Lon": 21.0598,
        "Time": "2017-05-14 18:42:50",
        "Brigade": "1",
        "Lat": 52.2582
      },
      {
        "Lines": "13",
        "Lon": 21.0598,
        "Time": "2017-05-14 18:43:00",
        "Brigade": "1",
        "Lat": 52.2582
      },
      {
        "Lines": "13",
        "Lon": 21.06,
        "Time": "2017-05-14 18:43:10",
        "Brigade": "1",
        "Lat": 52.2582
      },
      {
        "Lines": "13",
        "Lon": 21.0604,
        "Time": "2017-05-14 18:43:20",
        "Brigade": "1",
        "Lat": 52.2584
      },
      {
        "Lines": "13",
        "Lon": 21.0594,
        "Time": "2017-05-14 18:43:35",
        "Brigade": "1",
        "Lat": 52.2583
      },
      {
        "Lines": "13",
        "Lon": 21.0593,
        "Time": "2017-05-14 18:43:45",
        "Brigade": "1",
        "Lat": 52.2583
      },
      {
        "Lines": "13",
        "Lon": 21.0593,
        "Time": "2017-05-14 18:43:55",
        "Brigade": "1",
        "Lat": 52.2583
      },
      {
        "Lines": "13",
        "Lon": 21.0586,
        "Time": "2017-05-14 18:44:08",
        "Brigade": "1",
        "Lat": 52.2581
      },
      {
        "Lines": "13",
        "Lon": 21.0578,
        "Time": "2017-05-14 18:44:15",
        "Brigade": "1",
        "Lat": 52.2579
      },
      {
        "Lines": "13",
        "Lon": 21.0564,
        "Time": "2017-05-14 18:44:30",
        "Brigade": "1",
        "Lat": 52.2575
      },
      {
        "Lines": "13",
        "Lon": 21.0564,
        "Time": "2017-05-14 18:44:40",
        "Brigade": "1",
        "Lat": 52.2574
      },
      {
        "Lines": "13",
        "Lon": 21.0562,
        "Time": "2017-05-14 18:44:50",
        "Brigade": "1",
        "Lat": 52.2574
      },
      {
        "Lines": "13",
        "Lon": 21.0555,
        "Time": "2017-05-14 18:45:00",
        "Brigade": "1",
        "Lat": 52.2572
      },
      {
        "Lines": "13",
        "Lon": 21.0546,
        "Time": "2017-05-14 18:45:10",
        "Brigade": "1",
        "Lat": 52.2569
      },
      {
        "Lines": "13",
        "Lon": 21.0533,
        "Time": "2017-05-14 18:45:25",
        "Brigade": "1",
        "Lat": 52.2566
      },
      {
        "Lines": "13",
        "Lon": 21.0532,
        "Time": "2017-05-14 18:45:35",
        "Brigade": "1",
        "Lat": 52.2566
      },
      {
        "Lines": "13",
        "Lon": 21.053,
        "Time": "2017-05-14 18:45:45",
        "Brigade": "1",
        "Lat": 52.2566
      },
      {
        "Lines": "13",
        "Lon": 21.0528,
        "Time": "2017-05-14 18:45:56",
        "Brigade": "1",
        "Lat": 52.2562
      },
      {
        "Lines": "13",
        "Lon": 21.0531,
        "Time": "2017-05-14 18:46:05",
        "Brigade": "1",
        "Lat": 52.2558
      },
      {
        "Lines": "13",
        "Lon": 21.0539,
        "Time": "2017-05-14 18:46:20",
        "Brigade": "1",
        "Lat": 52.2548
      },
      {
        "Lines": "13",
        "Lon": 21.0541,
        "Time": "2017-05-14 18:46:30",
        "Brigade": "1",
        "Lat": 52.2543
      },
      {
        "Lines": "13",
        "Lon": 21.0536,
        "Time": "2017-05-14 18:46:40",
        "Brigade": "1",
        "Lat": 52.2539
      },
      {
        "Lines": "13",
        "Lon": 21.0522,
        "Time": "2017-05-14 18:46:50",
        "Brigade": "1",
        "Lat": 52.2535
      },
      {
        "Lines": "13",
        "Lon": 21.0516,
        "Time": "2017-05-14 18:47:00",
        "Brigade": "1",
        "Lat": 52.2533
      },
      {
        "Lines": "13",
        "Lon": 21.0504,
        "Time": "2017-05-14 18:47:15",
        "Brigade": "1",
        "Lat": 52.2529
      },
      {
        "Lines": "13",
        "Lon": 21.05,
        "Time": "2017-05-14 18:47:25",
        "Brigade": "1",
        "Lat": 52.2528
      },
      {
        "Lines": "13",
        "Lon": 21.05,
        "Time": "2017-05-14 18:47:35",
        "Brigade": "1",
        "Lat": 52.2528
      },
      {
        "Lines": "13",
        "Lon": 21.0499,
        "Time": "2017-05-14 18:47:45",
        "Brigade": "1",
        "Lat": 52.2528
      },
      {
        "Lines": "13",
        "Lon": 21.0493,
        "Time": "2017-05-14 18:47:55",
        "Brigade": "1",
        "Lat": 52.2526
      },
      {
        "Lines": "13",
        "Lon": 21.0486,
        "Time": "2017-05-14 18:48:10",
        "Brigade": "1",
        "Lat": 52.2523
      },
      {
        "Lines": "13",
        "Lon": 21.0459,
        "Time": "2017-05-14 18:48:20",
        "Brigade": "1",
        "Lat": 52.2512
      },
      {
        "Lines": "13",
        "Lon": 21.0446,
        "Time": "2017-05-14 18:48:30",
        "Brigade": "1",
        "Lat": 52.2505
      },
      {
        "Lines": "13",
        "Lon": 21.0439,
        "Time": "2017-05-14 18:48:40",
        "Brigade": "1",
        "Lat": 52.2502
      },
      {
        "Lines": "13",
        "Lon": 21.0433,
        "Time": "2017-05-14 18:48:50",
        "Brigade": "1",
        "Lat": 52.2499
      },
      {
        "Lines": "13",
        "Lon": 21.0431,
        "Time": "2017-05-14 18:49:00",
        "Brigade": "1",
        "Lat": 52.2498
      },
      {
        "Lines": "13",
        "Lon": 21.0431,
        "Time": "2017-05-14 18:49:15",
        "Brigade": "1",
        "Lat": 52.2498
      },
      {
        "Lines": "13",
        "Lon": 21.0431,
        "Time": "2017-05-14 18:49:24",
        "Brigade": "1",
        "Lat": 52.2498
      },
      {
        "Lines": "13",
        "Lon": 21.0431,
        "Time": "2017-05-14 18:49:35",
        "Brigade": "1",
        "Lat": 52.2498
      },
      {
        "Lines": "13",
        "Lon": 21.0431,
        "Time": "2017-05-14 18:49:44",
        "Brigade": "1",
        "Lat": 52.2498
      },
      {
        "Lines": "13",
        "Lon": 21.0431,
        "Time": "2017-05-14 18:49:54",
        "Brigade": "1",
        "Lat": 52.2498
      },
      {
        "Lines": "13",
        "Lon": 21.0431,
        "Time": "2017-05-14 18:50:10",
        "Brigade": "1",
        "Lat": 52.2498
      },
      {
        "Lines": "13",
        "Lon": 21.0421,
        "Time": "2017-05-14 18:50:20",
        "Brigade": "1",
        "Lat": 52.2498
      },
      {
        "Lines": "13",
        "Lon": 21.0416,
        "Time": "2017-05-14 18:50:31",
        "Brigade": "1",
        "Lat": 52.25
      },
      {
        "Lines": "13",
        "Lon": 21.0416,
        "Time": "2017-05-14 18:50:40",
        "Brigade": "1",
        "Lat": 52.25
      },
      {
        "Lines": "13",
        "Lon": 21.0412,
        "Time": "2017-05-14 18:50:52",
        "Brigade": "1",
        "Lat": 52.2502
      },
      {
        "Lines": "13",
        "Lon": 21.0406,
        "Time": "2017-05-14 18:51:00",
        "Brigade": "1",
        "Lat": 52.2505
      },
      {
        "Lines": "13",
        "Lon": 21.0397,
        "Time": "2017-05-14 18:51:15",
        "Brigade": "1",
        "Lat": 52.251
      },
      {
        "Lines": "13",
        "Lon": 21.0382,
        "Time": "2017-05-14 18:51:25",
        "Brigade": "1",
        "Lat": 52.2517
      },
      {
        "Lines": "13",
        "Lon": 21.0379,
        "Time": "2017-05-14 18:51:40",
        "Brigade": "1",
        "Lat": 52.2519
      },
      {
        "Lines": "13",
        "Lon": 21.0378,
        "Time": "2017-05-14 18:51:50",
        "Brigade": "1",
        "Lat": 52.2519
      },
      {
        "Lines": "13",
        "Lon": 21.0369,
        "Time": "2017-05-14 18:52:00",
        "Brigade": "1",
        "Lat": 52.2526
      },
      {
        "Lines": "13",
        "Lon": 21.036,
        "Time": "2017-05-14 18:52:10",
        "Brigade": "1",
        "Lat": 52.2534
      },
      {
        "Lines": "13",
        "Lon": 21.0356,
        "Time": "2017-05-14 18:52:20",
        "Brigade": "1",
        "Lat": 52.2539
      },
      {
        "Lines": "13",
        "Lon": 21.0352,
        "Time": "2017-05-14 18:52:30",
        "Brigade": "1",
        "Lat": 52.2542
      },
      {
        "Lines": "13",
        "Lon": 21.035,
        "Time": "2017-05-14 18:52:45",
        "Brigade": "1",
        "Lat": 52.2545
      },
      {
        "Lines": "13",
        "Lon": 21.0347,
        "Time": "2017-05-14 18:52:55",
        "Brigade": "1",
        "Lat": 52.2546
      },
      {
        "Lines": "13",
        "Lon": 21.0341,
        "Time": "2017-05-14 18:53:05",
        "Brigade": "1",
        "Lat": 52.2545
      },
      {
        "Lines": "13",
        "Lon": 21.0332,
        "Time": "2017-05-14 18:53:17",
        "Brigade": "1",
        "Lat": 52.2541
      },
      {
        "Lines": "13",
        "Lon": 21.0332,
        "Time": "2017-05-14 18:53:25",
        "Brigade": "1",
        "Lat": 52.2541
      },
      {
        "Lines": "13",
        "Lon": 21.0331,
        "Time": "2017-05-14 18:53:40",
        "Brigade": "1",
        "Lat": 52.2541
      },
      {
        "Lines": "13",
        "Lon": 21.0318,
        "Time": "2017-05-14 18:53:50",
        "Brigade": "1",
        "Lat": 52.2535
      },
      {
        "Lines": "13",
        "Lon": 21.0304,
        "Time": "2017-05-14 18:54:00",
        "Brigade": "1",
        "Lat": 52.2529
      },
      {
        "Lines": "13",
        "Lon": 21.0295,
        "Time": "2017-05-14 18:54:13",
        "Brigade": "1",
        "Lat": 52.2525
      },
      {
        "Lines": "13",
        "Lon": 21.0295,
        "Time": "2017-05-14 18:54:20",
        "Brigade": "1",
        "Lat": 52.2525
      },
      {
        "Lines": "13",
        "Lon": 21.0295,
        "Time": "2017-05-14 18:54:35",
        "Brigade": "1",
        "Lat": 52.2525
      },
      {
        "Lines": "13",
        "Lon": 21.029,
        "Time": "2017-05-14 18:54:45",
        "Brigade": "1",
        "Lat": 52.2523
      },
      {
        "Lines": "13",
        "Lon": 21.0274,
        "Time": "2017-05-14 18:54:55",
        "Brigade": "1",
        "Lat": 52.2516
      },
      {
        "Lines": "13",
        "Lon": 21.026,
        "Time": "2017-05-14 18:55:05",
        "Brigade": "1",
        "Lat": 52.251
      },
      {
        "Lines": "13",
        "Lon": 21.0239,
        "Time": "2017-05-14 18:55:15",
        "Brigade": "1",
        "Lat": 52.2501
      },
      {
        "Lines": "13",
        "Lon": 21.0212,
        "Time": "2017-05-14 18:55:31",
        "Brigade": "1",
        "Lat": 52.249
      },
      {
        "Lines": "13",
        "Lon": 21.0196,
        "Time": "2017-05-14 18:55:40",
        "Brigade": "1",
        "Lat": 52.2483
      },
      {
        "Lines": "13",
        "Lon": 21.0178,
        "Time": "2017-05-14 18:55:51",
        "Brigade": "1",
        "Lat": 52.2475
      },
      {
        "Lines": "13",
        "Lon": 21.0161,
        "Time": "2017-05-14 18:56:00",
        "Brigade": "1",
        "Lat": 52.2469
      },
      {
        "Lines": "13",
        "Lon": 21.0148,
        "Time": "2017-05-14 18:56:10",
        "Brigade": "1",
        "Lat": 52.2468
      },
      {
        "Lines": "13",
        "Lon": 21.0147,
        "Time": "2017-05-14 18:56:25",
        "Brigade": "1",
        "Lat": 52.2468
      },
      {
        "Lines": "13",
        "Lon": 21.0147,
        "Time": "2017-05-14 18:56:35",
        "Brigade": "1",
        "Lat": 52.2467
      },
      {
        "Lines": "13",
        "Lon": 21.0147,
        "Time": "2017-05-14 18:56:45",
        "Brigade": "1",
        "Lat": 52.2467
      },
      {
        "Lines": "13",
        "Lon": 21.014,
        "Time": "2017-05-14 18:56:55",
        "Brigade": "1",
        "Lat": 52.2467
      },
      {
        "Lines": "13",
        "Lon": 21.014,
        "Time": "2017-05-14 18:57:05",
        "Brigade": "1",
        "Lat": 52.2467
      },
      {
        "Lines": "13",
        "Lon": 21.0084,
        "Time": "2017-05-14 18:57:20",
        "Brigade": "1",
        "Lat": 52.2462
      },
      {
        "Lines": "13",
        "Lon": 21.0074,
        "Time": "2017-05-14 18:57:27",
        "Brigade": "1",
        "Lat": 52.2461
      },
      {
        "Lines": "13",
        "Lon": 21.0047,
        "Time": "2017-05-14 18:57:40",
        "Brigade": "1",
        "Lat": 52.2458
      },
      {
        "Lines": "13",
        "Lon": 21.0038,
        "Time": "2017-05-14 18:57:50",
        "Brigade": "1",
        "Lat": 52.2455
      },
      {
        "Lines": "13",
        "Lon": 21.0035,
        "Time": "2017-05-14 18:58:00",
        "Brigade": "1",
        "Lat": 52.2453
      },
      {
        "Lines": "13",
        "Lon": 21.0031,
        "Time": "2017-05-14 18:58:15",
        "Brigade": "1",
        "Lat": 52.2451
      },
      {
        "Lines": "13",
        "Lon": 21.0028,
        "Time": "2017-05-14 18:58:25",
        "Brigade": "1",
        "Lat": 52.2449
      },
      {
        "Lines": "13",
        "Lon": 21.0022,
        "Time": "2017-05-14 18:58:35",
        "Brigade": "1",
        "Lat": 52.2447
      },
      {
        "Lines": "13",
        "Lon": 21.0022,
        "Time": "2017-05-14 18:58:45",
        "Brigade": "1",
        "Lat": 52.2447
      },
      {
        "Lines": "13",
        "Lon": 21.0022,
        "Time": "2017-05-14 18:58:55",
        "Brigade": "1",
        "Lat": 52.2447
      },
      {
        "Lines": "13",
        "Lon": 21.0022,
        "Time": "2017-05-14 18:59:10",
        "Brigade": "1",
        "Lat": 52.2447
      },
      {
        "Lines": "13",
        "Lon": 21.0022,
        "Time": "2017-05-14 18:59:20",
        "Brigade": "1",
        "Lat": 52.2447
      },
      {
        "Lines": "13",
        "Lon": 21.0022,
        "Time": "2017-05-14 18:59:30",
        "Brigade": "1",
        "Lat": 52.2447
      },
      {
        "Lines": "13",
        "Lon": 21.0021,
        "Time": "2017-05-14 18:59:40",
        "Brigade": "1",
        "Lat": 52.2446
      }
    ]
  }
]
