[
  {
    "res": [
      {
        "Lines": "17",
        "Lon": 20.9802,
        "Time": "2017-05-14 08:34:13",
        "Brigade": "3",
        "Lat": 52.2616
      },
      {
        "Lines": "17",
        "Lon": 20.9809,
        "Time": "2017-05-14 08:34:34",
        "Brigade": "3",
        "Lat": 52.2594
      },
      {
        "Lines": "17",
        "Lon": 20.9816,
        "Time": "2017-05-14 08:34:55",
        "Brigade": "3",
        "Lat": 52.2567
      },
      {
        "Lines": "17",
        "Lon": 20.9821,
        "Time": "2017-05-14 08:35:16",
        "Brigade": "3",
        "Lat": 52.2554
      },
      {
        "Lines": "17",
        "Lon": 20.9821,
        "Time": "2017-05-14 08:35:37",
        "Brigade": "3",
        "Lat": 52.2554
      },
      {
        "Lines": "17",
        "Lon": 20.9821,
        "Time": "2017-05-14 08:35:58",
        "Brigade": "3",
        "Lat": 52.2554
      },
      {
        "Lines": "17",
        "Lon": 20.9821,
        "Time": "2017-05-14 08:36:19",
        "Brigade": "3",
        "Lat": 52.2554
      },
      {
        "Lines": "17",
        "Lon": 20.9823,
        "Time": "2017-05-14 08:36:40",
        "Brigade": "3",
        "Lat": 52.2548
      },
      {
        "Lines": "17",
        "Lon": 20.9827,
        "Time": "2017-05-14 08:37:00",
        "Brigade": "3",
        "Lat": 52.2543
      },
      {
        "Lines": "17",
        "Lon": 20.9833,
        "Time": "2017-05-14 08:37:21",
        "Brigade": "3",
        "Lat": 52.2536
      },
      {
        "Lines": "17",
        "Lon": 20.9835,
        "Time": "2017-05-14 08:37:42",
        "Brigade": "3",
        "Lat": 52.2534
      },
      {
        "Lines": "17",
        "Lon": 20.9842,
        "Time": "2017-05-14 08:38:03",
        "Brigade": "3",
        "Lat": 52.2527
      },
      {
        "Lines": "17",
        "Lon": 20.9854,
        "Time": "2017-05-14 08:38:24",
        "Brigade": "3",
        "Lat": 52.2513
      },
      {
        "Lines": "17",
        "Lon": 20.9854,
        "Time": "2017-05-14 08:38:45",
        "Brigade": "3",
        "Lat": 52.2512
      },
      {
        "Lines": "17",
        "Lon": 20.9854,
        "Time": "2017-05-14 08:39:06",
        "Brigade": "3",
        "Lat": 52.2512
      },
      {
        "Lines": "17",
        "Lon": 20.9859,
        "Time": "2017-05-14 08:39:27",
        "Brigade": "3",
        "Lat": 52.2507
      },
      {
        "Lines": "17",
        "Lon": 20.9872,
        "Time": "2017-05-14 08:39:48",
        "Brigade": "3",
        "Lat": 52.2492
      },
      {
        "Lines": "17",
        "Lon": 20.9886,
        "Time": "2017-05-14 08:40:09",
        "Brigade": "3",
        "Lat": 52.2475
      },
      {
        "Lines": "17",
        "Lon": 20.9888,
        "Time": "2017-05-14 08:40:30",
        "Brigade": "3",
        "Lat": 52.2473
      },
      {
        "Lines": "17",
        "Lon": 20.9907,
        "Time": "2017-05-14 08:40:51",
        "Brigade": "3",
        "Lat": 52.2451
      },
      {
        "Lines": "17",
        "Lon": 20.9917,
        "Time": "2017-05-14 08:41:11",
        "Brigade": "3",
        "Lat": 52.2439
      },
      {
        "Lines": "17",
        "Lon": 20.9918,
        "Time": "2017-05-14 08:41:33",
        "Brigade": "3",
        "Lat": 52.2438
      },
      {
        "Lines": "17",
        "Lon": 20.9932,
        "Time": "2017-05-14 08:41:53",
        "Brigade": "3",
        "Lat": 52.2422
      },
      {
        "Lines": "17",
        "Lon": 20.9932,
        "Time": "2017-05-14 08:42:14",
        "Brigade": "3",
        "Lat": 52.2421
      },
      {
        "Lines": "17",
        "Lon": 20.9932,
        "Time": "2017-05-14 08:42:35",
        "Brigade": "3",
        "Lat": 52.2421
      },
      {
        "Lines": "17",
        "Lon": 20.9936,
        "Time": "2017-05-14 08:42:56",
        "Brigade": "3",
        "Lat": 52.2418
      },
      {
        "Lines": "17",
        "Lon": 20.9947,
        "Time": "2017-05-14 08:43:18",
        "Brigade": "3",
        "Lat": 52.2405
      },
      {
        "Lines": "17",
        "Lon": 20.9962,
        "Time": "2017-05-14 08:43:59",
        "Brigade": "3",
        "Lat": 52.2381
      },
      {
        "Lines": "17",
        "Lon": 20.9966,
        "Time": "2017-05-14 08:44:20",
        "Brigade": "3",
        "Lat": 52.237
      },
      {
        "Lines": "17",
        "Lon": 20.9977,
        "Time": "2017-05-14 08:44:41",
        "Brigade": "3",
        "Lat": 52.2345
      },
      {
        "Lines": "17",
        "Lon": 20.998,
        "Time": "2017-05-14 08:45:02",
        "Brigade": "3",
        "Lat": 52.2335
      },
      {
        "Lines": "17",
        "Lon": 20.9986,
        "Time": "2017-05-14 08:45:23",
        "Brigade": "3",
        "Lat": 52.2327
      },
      {
        "Lines": "17",
        "Lon": 20.9989,
        "Time": "2017-05-14 08:45:44",
        "Brigade": "3",
        "Lat": 52.2321
      },
      {
        "Lines": "17",
        "Lon": 20.9989,
        "Time": "2017-05-14 08:46:04",
        "Brigade": "3",
        "Lat": 52.2321
      },
      {
        "Lines": "17",
        "Lon": 20.9998,
        "Time": "2017-05-14 08:46:25",
        "Brigade": "3",
        "Lat": 52.2307
      },
      {
        "Lines": "17",
        "Lon": 21.001,
        "Time": "2017-05-14 08:46:46",
        "Brigade": "3",
        "Lat": 52.229
      },
      {
        "Lines": "17",
        "Lon": 21.0015,
        "Time": "2017-05-14 08:47:07",
        "Brigade": "3",
        "Lat": 52.2282
      },
      {
        "Lines": "17",
        "Lon": 21.0015,
        "Time": "2017-05-14 08:47:29",
        "Brigade": "3",
        "Lat": 52.2282
      },
      {
        "Lines": "17",
        "Lon": 21.0017,
        "Time": "2017-05-14 08:47:49",
        "Brigade": "3",
        "Lat": 52.228
      },
      {
        "Lines": "17",
        "Lon": 21.0017,
        "Time": "2017-05-14 08:48:10",
        "Brigade": "3",
        "Lat": 52.228
      },
      {
        "Lines": "17",
        "Lon": 21.0017,
        "Time": "2017-05-14 08:48:31",
        "Brigade": "3",
        "Lat": 52.228
      },
      {
        "Lines": "17",
        "Lon": 21.0024,
        "Time": "2017-05-14 08:48:52",
        "Brigade": "3",
        "Lat": 52.2268
      },
      {
        "Lines": "17",
        "Lon": 21.0039,
        "Time": "2017-05-14 08:49:13",
        "Brigade": "3",
        "Lat": 52.2244
      },
      {
        "Lines": "17",
        "Lon": 21.0046,
        "Time": "2017-05-14 08:49:34",
        "Brigade": "3",
        "Lat": 52.2232
      },
      {
        "Lines": "17",
        "Lon": 21.0047,
        "Time": "2017-05-14 08:49:55",
        "Brigade": "3",
        "Lat": 52.2226
      },
      {
        "Lines": "17",
        "Lon": 21.0048,
        "Time": "2017-05-14 08:50:15",
        "Brigade": "3",
        "Lat": 52.2211
      },
      {
        "Lines": "17",
        "Lon": 21.0048,
        "Time": "2017-05-14 08:50:36",
        "Brigade": "3",
        "Lat": 52.2207
      },
      {
        "Lines": "17",
        "Lon": 21.0048,
        "Time": "2017-05-14 08:50:57",
        "Brigade": "3",
        "Lat": 52.2205
      },
      {
        "Lines": "17",
        "Lon": 21.0048,
        "Time": "2017-05-14 08:51:18",
        "Brigade": "3",
        "Lat": 52.22
      },
      {
        "Lines": "17",
        "Lon": 21.0049,
        "Time": "2017-05-14 08:51:39",
        "Brigade": "3",
        "Lat": 52.2186
      },
      {
        "Lines": "17",
        "Lon": 21.0049,
        "Time": "2017-05-14 08:52:00",
        "Brigade": "3",
        "Lat": 52.2175
      },
      {
        "Lines": "17",
        "Lon": 21.0051,
        "Time": "2017-05-14 08:52:21",
        "Brigade": "3",
        "Lat": 52.2165
      },
      {
        "Lines": "17",
        "Lon": 21.0053,
        "Time": "2017-05-14 08:52:42",
        "Brigade": "3",
        "Lat": 52.2161
      },
      {
        "Lines": "17",
        "Lon": 21.0053,
        "Time": "2017-05-14 08:53:03",
        "Brigade": "3",
        "Lat": 52.2161
      },
      {
        "Lines": "17",
        "Lon": 21.0057,
        "Time": "2017-05-14 08:53:24",
        "Brigade": "3",
        "Lat": 52.2146
      },
      {
        "Lines": "17",
        "Lon": 21.0062,
        "Time": "2017-05-14 08:53:45",
        "Brigade": "3",
        "Lat": 52.2131
      },
      {
        "Lines": "17",
        "Lon": 21.0062,
        "Time": "2017-05-14 08:54:06",
        "Brigade": "3",
        "Lat": 52.2131
      },
      {
        "Lines": "17",
        "Lon": 21.0068,
        "Time": "2017-05-14 08:54:26",
        "Brigade": "3",
        "Lat": 52.2113
      },
      {
        "Lines": "17",
        "Lon": 21.0069,
        "Time": "2017-05-14 08:54:47",
        "Brigade": "3",
        "Lat": 52.2107
      },
      {
        "Lines": "17",
        "Lon": 21.0069,
        "Time": "2017-05-14 08:55:08",
        "Brigade": "3",
        "Lat": 52.2107
      },
      {
        "Lines": "17",
        "Lon": 21.0071,
        "Time": "2017-05-14 08:55:29",
        "Brigade": "3",
        "Lat": 52.2103
      },
      {
        "Lines": "17",
        "Lon": 21.0078,
        "Time": "2017-05-14 08:55:50",
        "Brigade": "3",
        "Lat": 52.2083
      },
      {
        "Lines": "17",
        "Lon": 21.0079,
        "Time": "2017-05-14 08:56:11",
        "Brigade": "3",
        "Lat": 52.2082
      },
      {
        "Lines": "17",
        "Lon": 21.0073,
        "Time": "2017-05-14 08:56:33",
        "Brigade": "3",
        "Lat": 52.2074
      },
      {
        "Lines": "17",
        "Lon": 21.0042,
        "Time": "2017-05-14 08:56:53",
        "Brigade": "3",
        "Lat": 52.2069
      },
      {
        "Lines": "17",
        "Lon": 21.0036,
        "Time": "2017-05-14 08:57:14",
        "Brigade": "3",
        "Lat": 52.2068
      },
      {
        "Lines": "17",
        "Lon": 21.0028,
        "Time": "2017-05-14 08:57:35",
        "Brigade": "3",
        "Lat": 52.2066
      },
      {
        "Lines": "17",
        "Lon": 21.0007,
        "Time": "2017-05-14 08:57:56",
        "Brigade": "3",
        "Lat": 52.2063
      },
      {
        "Lines": "17",
        "Lon": 20.9996,
        "Time": "2017-05-14 08:58:18",
        "Brigade": "3",
        "Lat": 52.2061
      },
      {
        "Lines": "17",
        "Lon": 20.9996,
        "Time": "2017-05-14 08:58:38",
        "Brigade": "3",
        "Lat": 52.2061
      },
      {
        "Lines": "17",
        "Lon": 20.9994,
        "Time": "2017-05-14 08:58:58",
        "Brigade": "3",
        "Lat": 52.2052
      },
      {
        "Lines": "17",
        "Lon": 20.9994,
        "Time": "2017-05-14 08:59:20",
        "Brigade": "3",
        "Lat": 52.2051
      },
      {
        "Lines": "17",
        "Lon": 21,
        "Time": "2017-05-14 08:59:40",
        "Brigade": "3",
        "Lat": 52.2029
      },
      {
        "Lines": "17",
        "Lon": 21.0003,
        "Time": "2017-05-14 09:00:01",
        "Brigade": "3",
        "Lat": 52.2018
      },
      {
        "Lines": "17",
        "Lon": 21.0003,
        "Time": "2017-05-14 09:00:22",
        "Brigade": "3",
        "Lat": 52.2018
      },
      {
        "Lines": "17",
        "Lon": 21.0007,
        "Time": "2017-05-14 09:00:43",
        "Brigade": "3",
        "Lat": 52.2007
      },
      {
        "Lines": "17",
        "Lon": 21.0011,
        "Time": "2017-05-14 09:01:06",
        "Brigade": "3",
        "Lat": 52.1991
      },
      {
        "Lines": "17",
        "Lon": 21.0011,
        "Time": "2017-05-14 09:01:25",
        "Brigade": "3",
        "Lat": 52.199
      },
      {
        "Lines": "17",
        "Lon": 21.0018,
        "Time": "2017-05-14 09:01:46",
        "Brigade": "3",
        "Lat": 52.1965
      },
      {
        "Lines": "17",
        "Lon": 21.0018,
        "Time": "2017-05-14 09:02:07",
        "Brigade": "3",
        "Lat": 52.196
      },
      {
        "Lines": "17",
        "Lon": 21.0018,
        "Time": "2017-05-14 09:02:28",
        "Brigade": "3",
        "Lat": 52.196
      },
      {
        "Lines": "17",
        "Lon": 21.0018,
        "Time": "2017-05-14 09:02:49",
        "Brigade": "3",
        "Lat": 52.196
      },
      {
        "Lines": "17",
        "Lon": 21.0018,
        "Time": "2017-05-14 09:03:10",
        "Brigade": "3",
        "Lat": 52.1951
      },
      {
        "Lines": "17",
        "Lon": 21.0018,
        "Time": "2017-05-14 09:03:30",
        "Brigade": "3",
        "Lat": 52.1923
      },
      {
        "Lines": "17",
        "Lon": 21.0018,
        "Time": "2017-05-14 09:03:52",
        "Brigade": "3",
        "Lat": 52.1903
      },
      {
        "Lines": "17",
        "Lon": 21.002,
        "Time": "2017-05-14 09:04:19",
        "Brigade": "3",
        "Lat": 52.1892
      },
      {
        "Lines": "17",
        "Lon": 21.002,
        "Time": "2017-05-14 09:04:33",
        "Brigade": "3",
        "Lat": 52.1892
      },
      {
        "Lines": "17",
        "Lon": 21.002,
        "Time": "2017-05-14 09:04:54",
        "Brigade": "3",
        "Lat": 52.1892
      },
      {
        "Lines": "17",
        "Lon": 21.0023,
        "Time": "2017-05-14 09:05:15",
        "Brigade": "3",
        "Lat": 52.1887
      },
      {
        "Lines": "17",
        "Lon": 21.002,
        "Time": "2017-05-14 11:19:09",
        "Brigade": "3",
        "Lat": 52.1898
      },
      {
        "Lines": "17",
        "Lon": 21.0019,
        "Time": "2017-05-14 11:19:30",
        "Brigade": "3",
        "Lat": 52.1916
      },
      {
        "Lines": "17",
        "Lon": 21.0018,
        "Time": "2017-05-14 11:19:51",
        "Brigade": "3",
        "Lat": 52.1945
      },
      {
        "Lines": "17",
        "Lon": 21.0019,
        "Time": "2017-05-14 11:20:12",
        "Brigade": "3",
        "Lat": 52.1952
      },
      {
        "Lines": "17",
        "Lon": 21.0019,
        "Time": "2017-05-14 11:20:32",
        "Brigade": "3",
        "Lat": 52.1952
      },
      {
        "Lines": "17",
        "Lon": 21.0019,
        "Time": "2017-05-14 11:20:53",
        "Brigade": "3",
        "Lat": 52.1952
      },
      {
        "Lines": "17",
        "Lon": 21.0019,
        "Time": "2017-05-14 11:21:14",
        "Brigade": "3",
        "Lat": 52.196
      },
      {
        "Lines": "17",
        "Lon": 21.0014,
        "Time": "2017-05-14 11:21:36",
        "Brigade": "3",
        "Lat": 52.1984
      },
      {
        "Lines": "17",
        "Lon": 21.0013,
        "Time": "2017-05-14 11:21:58",
        "Brigade": "3",
        "Lat": 52.1987
      },
      {
        "Lines": "17",
        "Lon": 21.0011,
        "Time": "2017-05-14 11:22:17",
        "Brigade": "3",
        "Lat": 52.1997
      },
      {
        "Lines": "17",
        "Lon": 21.0005,
        "Time": "2017-05-14 11:22:38",
        "Brigade": "3",
        "Lat": 52.2015
      },
      {
        "Lines": "17",
        "Lon": 21.0005,
        "Time": "2017-05-14 11:22:59",
        "Brigade": "3",
        "Lat": 52.2015
      },
      {
        "Lines": "17",
        "Lon": 21.0003,
        "Time": "2017-05-14 11:23:20",
        "Brigade": "3",
        "Lat": 52.2022
      },
      {
        "Lines": "17",
        "Lon": 21.0003,
        "Time": "2017-05-14 11:23:42",
        "Brigade": "3",
        "Lat": 52.2024
      },
      {
        "Lines": "17",
        "Lon": 20.9997,
        "Time": "2017-05-14 11:24:02",
        "Brigade": "3",
        "Lat": 52.2045
      },
      {
        "Lines": "17",
        "Lon": 20.9993,
        "Time": "2017-05-14 11:24:23",
        "Brigade": "3",
        "Lat": 52.2057
      },
      {
        "Lines": "17",
        "Lon": 20.9993,
        "Time": "2017-05-14 11:24:44",
        "Brigade": "3",
        "Lat": 52.2057
      },
      {
        "Lines": "17",
        "Lon": 21.0017,
        "Time": "2017-05-14 11:25:06",
        "Brigade": "3",
        "Lat": 52.2064
      },
      {
        "Lines": "17",
        "Lon": 21.0036,
        "Time": "2017-05-14 11:25:25",
        "Brigade": "3",
        "Lat": 52.2067
      },
      {
        "Lines": "17",
        "Lon": 21.0042,
        "Time": "2017-05-14 11:25:46",
        "Brigade": "3",
        "Lat": 52.2068
      },
      {
        "Lines": "17",
        "Lon": 21.0058,
        "Time": "2017-05-14 11:26:07",
        "Brigade": "3",
        "Lat": 52.2071
      },
      {
        "Lines": "17",
        "Lon": 21.0076,
        "Time": "2017-05-14 11:26:28",
        "Brigade": "3",
        "Lat": 52.2075
      },
      {
        "Lines": "17",
        "Lon": 21.0081,
        "Time": "2017-05-14 11:26:49",
        "Brigade": "3",
        "Lat": 52.2076
      },
      {
        "Lines": "17",
        "Lon": 21.0078,
        "Time": "2017-05-14 11:27:10",
        "Brigade": "3",
        "Lat": 52.2086
      },
      {
        "Lines": "17",
        "Lon": 21.0075,
        "Time": "2017-05-14 11:27:31",
        "Brigade": "3",
        "Lat": 52.2093
      },
      {
        "Lines": "17",
        "Lon": 21.0074,
        "Time": "2017-05-14 11:27:52",
        "Brigade": "3",
        "Lat": 52.2097
      },
      {
        "Lines": "17",
        "Lon": 21.0072,
        "Time": "2017-05-14 11:28:13",
        "Brigade": "3",
        "Lat": 52.2102
      },
      {
        "Lines": "17",
        "Lon": 21.0072,
        "Time": "2017-05-14 11:28:34",
        "Brigade": "3",
        "Lat": 52.2102
      },
      {
        "Lines": "17",
        "Lon": 21.0072,
        "Time": "2017-05-14 11:28:55",
        "Brigade": "3",
        "Lat": 52.2102
      },
      {
        "Lines": "17",
        "Lon": 21.0069,
        "Time": "2017-05-14 11:29:22",
        "Brigade": "3",
        "Lat": 52.2114
      },
      {
        "Lines": "17",
        "Lon": 21.0064,
        "Time": "2017-05-14 11:29:38",
        "Brigade": "3",
        "Lat": 52.213
      },
      {
        "Lines": "17",
        "Lon": 21.0061,
        "Time": "2017-05-14 11:29:58",
        "Brigade": "3",
        "Lat": 52.2137
      },
      {
        "Lines": "17",
        "Lon": 21.0053,
        "Time": "2017-05-14 11:30:24",
        "Brigade": "3",
        "Lat": 52.2165
      },
      {
        "Lines": "17",
        "Lon": 21.0052,
        "Time": "2017-05-14 11:30:39",
        "Brigade": "3",
        "Lat": 52.2168
      },
      {
        "Lines": "17",
        "Lon": 21.005,
        "Time": "2017-05-14 11:31:00",
        "Brigade": "3",
        "Lat": 52.2188
      },
      {
        "Lines": "17",
        "Lon": 21.005,
        "Time": "2017-05-14 11:31:21",
        "Brigade": "3",
        "Lat": 52.2199
      },
      {
        "Lines": "17",
        "Lon": 21.005,
        "Time": "2017-05-14 11:31:42",
        "Brigade": "3",
        "Lat": 52.2199
      },
      {
        "Lines": "17",
        "Lon": 21.005,
        "Time": "2017-05-14 11:32:04",
        "Brigade": "3",
        "Lat": 52.2199
      },
      {
        "Lines": "17",
        "Lon": 21.0049,
        "Time": "2017-05-14 11:32:24",
        "Brigade": "3",
        "Lat": 52.2202
      },
      {
        "Lines": "17",
        "Lon": 21.0049,
        "Time": "2017-05-14 11:32:45",
        "Brigade": "3",
        "Lat": 52.2215
      },
      {
        "Lines": "17",
        "Lon": 21.0048,
        "Time": "2017-05-14 11:33:06",
        "Brigade": "3",
        "Lat": 52.2228
      },
      {
        "Lines": "17",
        "Lon": 21.0048,
        "Time": "2017-05-14 11:33:27",
        "Brigade": "3",
        "Lat": 52.2231
      },
      {
        "Lines": "17",
        "Lon": 21.0037,
        "Time": "2017-05-14 11:33:49",
        "Brigade": "3",
        "Lat": 52.2249
      },
      {
        "Lines": "17",
        "Lon": 21.0022,
        "Time": "2017-05-14 11:34:08",
        "Brigade": "3",
        "Lat": 52.2273
      },
      {
        "Lines": "17",
        "Lon": 21.0022,
        "Time": "2017-05-14 11:34:29",
        "Brigade": "3",
        "Lat": 52.2274
      },
      {
        "Lines": "17",
        "Lon": 21.0022,
        "Time": "2017-05-14 11:34:50",
        "Brigade": "3",
        "Lat": 52.2274
      },
      {
        "Lines": "17",
        "Lon": 21.0017,
        "Time": "2017-05-14 11:35:11",
        "Brigade": "3",
        "Lat": 52.2281
      },
      {
        "Lines": "17",
        "Lon": 21.0013,
        "Time": "2017-05-14 11:35:32",
        "Brigade": "3",
        "Lat": 52.2288
      },
      {
        "Lines": "17",
        "Lon": 21.0013,
        "Time": "2017-05-14 11:35:53",
        "Brigade": "3",
        "Lat": 52.2288
      },
      {
        "Lines": "17",
        "Lon": 21.0001,
        "Time": "2017-05-14 11:36:14",
        "Brigade": "3",
        "Lat": 52.2305
      },
      {
        "Lines": "17",
        "Lon": 20.9988,
        "Time": "2017-05-14 11:36:35",
        "Brigade": "3",
        "Lat": 52.2324
      },
      {
        "Lines": "17",
        "Lon": 20.9987,
        "Time": "2017-05-14 11:36:56",
        "Brigade": "3",
        "Lat": 52.2326
      },
      {
        "Lines": "17",
        "Lon": 20.9985,
        "Time": "2017-05-14 11:37:17",
        "Brigade": "3",
        "Lat": 52.233
      },
      {
        "Lines": "17",
        "Lon": 20.998,
        "Time": "2017-05-14 11:37:38",
        "Brigade": "3",
        "Lat": 52.234
      },
      {
        "Lines": "17",
        "Lon": 20.9979,
        "Time": "2017-05-14 11:37:59",
        "Brigade": "3",
        "Lat": 52.2341
      },
      {
        "Lines": "17",
        "Lon": 20.9972,
        "Time": "2017-05-14 11:38:19",
        "Brigade": "3",
        "Lat": 52.236
      },
      {
        "Lines": "17",
        "Lon": 20.9962,
        "Time": "2017-05-14 11:38:40",
        "Brigade": "3",
        "Lat": 52.2383
      },
      {
        "Lines": "17",
        "Lon": 20.9961,
        "Time": "2017-05-14 11:39:01",
        "Brigade": "3",
        "Lat": 52.2386
      },
      {
        "Lines": "17",
        "Lon": 20.9953,
        "Time": "2017-05-14 11:39:24",
        "Brigade": "3",
        "Lat": 52.24
      },
      {
        "Lines": "17",
        "Lon": 20.994,
        "Time": "2017-05-14 11:39:43",
        "Brigade": "3",
        "Lat": 52.2415
      },
      {
        "Lines": "17",
        "Lon": 20.994,
        "Time": "2017-05-14 11:40:04",
        "Brigade": "3",
        "Lat": 52.2415
      },
      {
        "Lines": "17",
        "Lon": 20.994,
        "Time": "2017-05-14 11:40:25",
        "Brigade": "3",
        "Lat": 52.2415
      },
      {
        "Lines": "17",
        "Lon": 20.9939,
        "Time": "2017-05-14 11:40:46",
        "Brigade": "3",
        "Lat": 52.2415
      },
      {
        "Lines": "17",
        "Lon": 20.993,
        "Time": "2017-05-14 11:41:07",
        "Brigade": "3",
        "Lat": 52.2426
      },
      {
        "Lines": "17",
        "Lon": 20.9914,
        "Time": "2017-05-14 11:41:28",
        "Brigade": "3",
        "Lat": 52.2445
      },
      {
        "Lines": "17",
        "Lon": 20.9914,
        "Time": "2017-05-14 11:41:49",
        "Brigade": "3",
        "Lat": 52.2445
      },
      {
        "Lines": "17",
        "Lon": 20.9914,
        "Time": "2017-05-14 11:42:10",
        "Brigade": "3",
        "Lat": 52.2445
      },
      {
        "Lines": "17",
        "Lon": 20.9913,
        "Time": "2017-05-14 11:42:31",
        "Brigade": "3",
        "Lat": 52.2446
      },
      {
        "Lines": "17",
        "Lon": 20.9894,
        "Time": "2017-05-14 11:42:52",
        "Brigade": "3",
        "Lat": 52.2468
      },
      {
        "Lines": "17",
        "Lon": 20.989,
        "Time": "2017-05-14 11:43:13",
        "Brigade": "3",
        "Lat": 52.2472
      },
      {
        "Lines": "17",
        "Lon": 20.9881,
        "Time": "2017-05-14 11:43:34",
        "Brigade": "3",
        "Lat": 52.2483
      },
      {
        "Lines": "17",
        "Lon": 20.9861,
        "Time": "2017-05-14 11:43:55",
        "Brigade": "3",
        "Lat": 52.2506
      },
      {
        "Lines": "17",
        "Lon": 20.986,
        "Time": "2017-05-14 11:44:15",
        "Brigade": "3",
        "Lat": 52.2507
      },
      {
        "Lines": "17",
        "Lon": 20.9857,
        "Time": "2017-05-14 11:44:36",
        "Brigade": "3",
        "Lat": 52.251
      },
      {
        "Lines": "17",
        "Lon": 20.9844,
        "Time": "2017-05-14 11:44:57",
        "Brigade": "3",
        "Lat": 52.2525
      },
      {
        "Lines": "17",
        "Lon": 20.9837,
        "Time": "2017-05-14 11:45:18",
        "Brigade": "3",
        "Lat": 52.2533
      },
      {
        "Lines": "17",
        "Lon": 20.9831,
        "Time": "2017-05-14 11:45:39",
        "Brigade": "3",
        "Lat": 52.2541
      },
      {
        "Lines": "17",
        "Lon": 20.9831,
        "Time": "2017-05-14 11:46:00",
        "Brigade": "3",
        "Lat": 52.2541
      },
      {
        "Lines": "17",
        "Lon": 20.9829,
        "Time": "2017-05-14 11:46:21",
        "Brigade": "3",
        "Lat": 52.2542
      },
      {
        "Lines": "17",
        "Lon": 20.9824,
        "Time": "2017-05-14 11:46:42",
        "Brigade": "3",
        "Lat": 52.255
      },
      {
        "Lines": "17",
        "Lon": 20.9823,
        "Time": "2017-05-14 11:47:03",
        "Brigade": "3",
        "Lat": 52.2553
      },
      {
        "Lines": "17",
        "Lon": 20.9821,
        "Time": "2017-05-14 11:47:23",
        "Brigade": "3",
        "Lat": 52.2559
      },
      {
        "Lines": "17",
        "Lon": 20.9821,
        "Time": "2017-05-14 11:47:44",
        "Brigade": "3",
        "Lat": 52.2559
      },
      {
        "Lines": "17",
        "Lon": 20.9814,
        "Time": "2017-05-14 11:48:05",
        "Brigade": "3",
        "Lat": 52.2578
      },
      {
        "Lines": "17",
        "Lon": 20.9808,
        "Time": "2017-05-14 11:48:27",
        "Brigade": "3",
        "Lat": 52.2605
      },
      {
        "Lines": "17",
        "Lon": 20.9803,
        "Time": "2017-05-14 11:48:48",
        "Brigade": "3",
        "Lat": 52.2617
      },
      {
        "Lines": "17",
        "Lon": 20.9798,
        "Time": "2017-05-14 11:49:08",
        "Brigade": "3",
        "Lat": 52.2624
      },
      {
        "Lines": "17",
        "Lon": 20.9798,
        "Time": "2017-05-14 11:49:30",
        "Brigade": "3",
        "Lat": 52.2624
      },
      {
        "Lines": "17",
        "Lon": 20.9797,
        "Time": "2017-05-14 11:49:50",
        "Brigade": "3",
        "Lat": 52.2626
      },
      {
        "Lines": "17",
        "Lon": 20.9792,
        "Time": "2017-05-14 11:50:11",
        "Brigade": "3",
        "Lat": 52.2633
      },
      {
        "Lines": "17",
        "Lon": 20.979,
        "Time": "2017-05-14 11:50:32",
        "Brigade": "3",
        "Lat": 52.2636
      },
      {
        "Lines": "17",
        "Lon": 20.9775,
        "Time": "2017-05-14 11:50:54",
        "Brigade": "3",
        "Lat": 52.2659
      },
      {
        "Lines": "17",
        "Lon": 20.9774,
        "Time": "2017-05-14 11:51:14",
        "Brigade": "3",
        "Lat": 52.266
      },
      {
        "Lines": "17",
        "Lon": 20.9763,
        "Time": "2017-05-14 11:51:35",
        "Brigade": "3",
        "Lat": 52.2677
      },
      {
        "Lines": "17",
        "Lon": 20.9746,
        "Time": "2017-05-14 11:51:56",
        "Brigade": "3",
        "Lat": 52.2703
      },
      {
        "Lines": "17",
        "Lon": 20.974,
        "Time": "2017-05-14 11:52:16",
        "Brigade": "3",
        "Lat": 52.2711
      },
      {
        "Lines": "17",
        "Lon": 20.974,
        "Time": "2017-05-14 11:52:37",
        "Brigade": "3",
        "Lat": 52.2711
      },
      {
        "Lines": "17",
        "Lon": 20.9736,
        "Time": "2017-05-14 11:52:58",
        "Brigade": "3",
        "Lat": 52.2718
      },
      {
        "Lines": "17",
        "Lon": 20.9726,
        "Time": "2017-05-14 11:53:19",
        "Brigade": "3",
        "Lat": 52.2721
      },
      {
        "Lines": "17",
        "Lon": 20.9725,
        "Time": "2017-05-14 11:53:40",
        "Brigade": "3",
        "Lat": 52.2721
      },
      {
        "Lines": "17",
        "Lon": 20.9709,
        "Time": "2017-05-14 11:54:01",
        "Brigade": "3",
        "Lat": 52.2723
      },
      {
        "Lines": "17",
        "Lon": 20.9691,
        "Time": "2017-05-14 11:54:22",
        "Brigade": "3",
        "Lat": 52.2729
      },
      {
        "Lines": "17",
        "Lon": 20.9673,
        "Time": "2017-05-14 11:54:43",
        "Brigade": "3",
        "Lat": 52.2735
      },
      {
        "Lines": "17",
        "Lon": 20.9671,
        "Time": "2017-05-14 11:55:04",
        "Brigade": "3",
        "Lat": 52.2736
      },
      {
        "Lines": "17",
        "Lon": 20.9654,
        "Time": "2017-05-14 11:55:25",
        "Brigade": "3",
        "Lat": 52.2745
      },
      {
        "Lines": "17",
        "Lon": 20.9641,
        "Time": "2017-05-14 11:55:46",
        "Brigade": "3",
        "Lat": 52.2755
      },
      {
        "Lines": "17",
        "Lon": 20.9641,
        "Time": "2017-05-14 11:56:06",
        "Brigade": "3",
        "Lat": 52.2755
      },
      {
        "Lines": "17",
        "Lon": 20.9625,
        "Time": "2017-05-14 11:56:28",
        "Brigade": "3",
        "Lat": 52.2771
      },
      {
        "Lines": "17",
        "Lon": 20.9609,
        "Time": "2017-05-14 11:56:49",
        "Brigade": "3",
        "Lat": 52.2787
      },
      {
        "Lines": "17",
        "Lon": 20.9591,
        "Time": "2017-05-14 11:57:09",
        "Brigade": "3",
        "Lat": 52.2807
      },
      {
        "Lines": "17",
        "Lon": 20.9589,
        "Time": "2017-05-14 11:57:31",
        "Brigade": "3",
        "Lat": 52.2809
      },
      {
        "Lines": "17",
        "Lon": 20.9572,
        "Time": "2017-05-14 11:57:51",
        "Brigade": "3",
        "Lat": 52.2826
      },
      {
        "Lines": "17",
        "Lon": 20.9561,
        "Time": "2017-05-14 11:58:12",
        "Brigade": "3",
        "Lat": 52.2838
      },
      {
        "Lines": "17",
        "Lon": 20.9557,
        "Time": "2017-05-14 11:58:33",
        "Brigade": "3",
        "Lat": 52.2842
      },
      {
        "Lines": "17",
        "Lon": 20.9548,
        "Time": "2017-05-14 11:58:54",
        "Brigade": "3",
        "Lat": 52.2853
      },
      {
        "Lines": "17",
        "Lon": 20.9537,
        "Time": "2017-05-14 11:59:16",
        "Brigade": "3",
        "Lat": 52.2865
      },
      {
        "Lines": "17",
        "Lon": 20.9525,
        "Time": "2017-05-14 11:59:36",
        "Brigade": "3",
        "Lat": 52.2878
      },
      {
        "Lines": "17",
        "Lon": 20.9522,
        "Time": "2017-05-14 11:59:57",
        "Brigade": "3",
        "Lat": 52.2881
      },
      {
        "Lines": "17",
        "Lon": 20.9507,
        "Time": "2017-05-14 12:00:18",
        "Brigade": "3",
        "Lat": 52.2897
      },
      {
        "Lines": "17",
        "Lon": 20.9499,
        "Time": "2017-05-14 12:00:39",
        "Brigade": "3",
        "Lat": 52.2905
      },
      {
        "Lines": "17",
        "Lon": 20.9493,
        "Time": "2017-05-14 12:01:00",
        "Brigade": "3",
        "Lat": 52.2912
      },
      {
        "Lines": "17",
        "Lon": 20.9469,
        "Time": "2017-05-14 12:01:21",
        "Brigade": "3",
        "Lat": 52.2936
      },
      {
        "Lines": "17",
        "Lon": 20.945,
        "Time": "2017-05-14 12:01:41",
        "Brigade": "3",
        "Lat": 52.2957
      },
      {
        "Lines": "17",
        "Lon": 20.9449,
        "Time": "2017-05-14 12:02:03",
        "Brigade": "3",
        "Lat": 52.2958
      },
      {
        "Lines": "17",
        "Lon": 20.9435,
        "Time": "2017-05-14 12:02:25",
        "Brigade": "3",
        "Lat": 52.2973
      },
      {
        "Lines": "17",
        "Lon": 20.943,
        "Time": "2017-05-14 12:02:51",
        "Brigade": "3",
        "Lat": 52.2978
      },
      {
        "Lines": "17",
        "Lon": 20.9421,
        "Time": "2017-05-14 12:03:05",
        "Brigade": "3",
        "Lat": 52.2988
      },
      {
        "Lines": "17",
        "Lon": 20.9408,
        "Time": "2017-05-14 12:03:26",
        "Brigade": "3",
        "Lat": 52.3009
      },
      {
        "Lines": "17",
        "Lon": 20.9407,
        "Time": "2017-05-14 12:04:06",
        "Brigade": "3",
        "Lat": 52.302
      },
      {
        "Lines": "17",
        "Lon": 20.9434,
        "Time": "2017-05-14 12:04:21",
        "Brigade": "3",
        "Lat": 52.3034
      },
      {
        "Lines": "17",
        "Lon": 20.9471,
        "Time": "2017-05-14 12:04:29",
        "Brigade": "3",
        "Lat": 52.3048
      },
      {
        "Lines": "17",
        "Lon": 20.9507,
        "Time": "2017-05-14 12:04:50",
        "Brigade": "3",
        "Lat": 52.3066
      },
      {
        "Lines": "17",
        "Lon": 20.9545,
        "Time": "2017-05-14 12:05:11",
        "Brigade": "3",
        "Lat": 52.3084
      },
      {
        "Lines": "17",
        "Lon": 20.958,
        "Time": "2017-05-14 12:05:32",
        "Brigade": "3",
        "Lat": 52.3101
      },
      {
        "Lines": "17",
        "Lon": 20.96,
        "Time": "2017-05-14 12:05:52",
        "Brigade": "3",
        "Lat": 52.3109
      },
      {
        "Lines": "17",
        "Lon": 20.9628,
        "Time": "2017-05-14 12:06:13",
        "Brigade": "3",
        "Lat": 52.3119
      },
      {
        "Lines": "17",
        "Lon": 20.9651,
        "Time": "2017-05-14 12:06:34",
        "Brigade": "3",
        "Lat": 52.3129
      },
      {
        "Lines": "17",
        "Lon": 20.9663,
        "Time": "2017-05-14 12:06:55",
        "Brigade": "3",
        "Lat": 52.3134
      },
      {
        "Lines": "17",
        "Lon": 20.9672,
        "Time": "2017-05-14 12:07:16",
        "Brigade": "3",
        "Lat": 52.3138
      },
      {
        "Lines": "17",
        "Lon": 20.9676,
        "Time": "2017-05-14 12:07:37",
        "Brigade": "3",
        "Lat": 52.315
      },
      {
        "Lines": "17",
        "Lon": 20.9658,
        "Time": "2017-05-14 12:07:58",
        "Brigade": "3",
        "Lat": 52.3163
      },
      {
        "Lines": "17",
        "Lon": 20.9638,
        "Time": "2017-05-14 12:08:19",
        "Brigade": "3",
        "Lat": 52.3176
      },
      {
        "Lines": "17",
        "Lon": 20.9614,
        "Time": "2017-05-14 12:08:40",
        "Brigade": "3",
        "Lat": 52.3172
      },
      {
        "Lines": "17",
        "Lon": 20.9611,
        "Time": "2017-05-14 12:09:01",
        "Brigade": "3",
        "Lat": 52.317
      },
      {
        "Lines": "17",
        "Lon": 20.9609,
        "Time": "2017-05-14 12:09:22",
        "Brigade": "3",
        "Lat": 52.317
      },
      {
        "Lines": "17",
        "Lon": 20.957,
        "Time": "2017-05-14 12:09:43",
        "Brigade": "3",
        "Lat": 52.3166
      },
      {
        "Lines": "17",
        "Lon": 20.9536,
        "Time": "2017-05-14 12:10:04",
        "Brigade": "3",
        "Lat": 52.3181
      },
      {
        "Lines": "17",
        "Lon": 20.9528,
        "Time": "2017-05-14 12:10:25",
        "Brigade": "3",
        "Lat": 52.3185
      },
      {
        "Lines": "17",
        "Lon": 20.9515,
        "Time": "2017-05-14 12:10:45",
        "Brigade": "3",
        "Lat": 52.3192
      },
      {
        "Lines": "17",
        "Lon": 20.9482,
        "Time": "2017-05-14 12:11:07",
        "Brigade": "3",
        "Lat": 52.3208
      },
      {
        "Lines": "17",
        "Lon": 20.9452,
        "Time": "2017-05-14 12:11:27",
        "Brigade": "3",
        "Lat": 52.3222
      },
      {
        "Lines": "17",
        "Lon": 20.9447,
        "Time": "2017-05-14 12:11:48",
        "Brigade": "3",
        "Lat": 52.3225
      },
      {
        "Lines": "17",
        "Lon": 20.9438,
        "Time": "2017-05-14 12:12:09",
        "Brigade": "3",
        "Lat": 52.323
      },
      {
        "Lines": "17",
        "Lon": 20.9433,
        "Time": "2017-05-14 12:12:30",
        "Brigade": "3",
        "Lat": 52.3237
      },
      {
        "Lines": "17",
        "Lon": 20.9434,
        "Time": "2017-05-14 12:12:52",
        "Brigade": "3",
        "Lat": 52.3242
      },
      {
        "Lines": "17",
        "Lon": 20.9429,
        "Time": "2017-05-14 12:13:12",
        "Brigade": "3",
        "Lat": 52.3245
      },
      {
        "Lines": "17",
        "Lon": 20.9429,
        "Time": "2017-05-14 12:13:33",
        "Brigade": "3",
        "Lat": 52.3245
      },
      {
        "Lines": "17",
        "Lon": 20.9429,
        "Time": "2017-05-14 12:13:54",
        "Brigade": "3",
        "Lat": 52.3245
      },
      {
        "Lines": "17",
        "Lon": 20.9429,
        "Time": "2017-05-14 12:14:15",
        "Brigade": "3",
        "Lat": 52.3245
      },
      {
        "Lines": "17",
        "Lon": 20.9429,
        "Time": "2017-05-14 12:14:35",
        "Brigade": "3",
        "Lat": 52.3245
      },
      {
        "Lines": "17",
        "Lon": 20.9429,
        "Time": "2017-05-14 12:14:56",
        "Brigade": "3",
        "Lat": 52.3245
      },
      {
        "Lines": "17",
        "Lon": 20.9429,
        "Time": "2017-05-14 12:15:17",
        "Brigade": "3",
        "Lat": 52.3245
      },
      {
        "Lines": "17",
        "Lon": 20.9429,
        "Time": "2017-05-14 12:15:38",
        "Brigade": "3",
        "Lat": 52.3245
      },
      {
        "Lines": "17",
        "Lon": 20.9429,
        "Time": "2017-05-14 12:15:59",
        "Brigade": "3",
        "Lat": 52.3245
      },
      {
        "Lines": "17",
        "Lon": 20.9429,
        "Time": "2017-05-14 12:16:20",
        "Brigade": "3",
        "Lat": 52.3245
      },
      {
        "Lines": "17",
        "Lon": 20.9429,
        "Time": "2017-05-14 12:16:41",
        "Brigade": "3",
        "Lat": 52.3245
      },
      {
        "Lines": "17",
        "Lon": 20.9429,
        "Time": "2017-05-14 12:17:02",
        "Brigade": "3",
        "Lat": 52.3245
      },
      {
        "Lines": "17",
        "Lon": 20.9429,
        "Time": "2017-05-14 12:17:23",
        "Brigade": "3",
        "Lat": 52.3245
      },
      {
        "Lines": "17",
        "Lon": 20.9429,
        "Time": "2017-05-14 12:17:44",
        "Brigade": "3",
        "Lat": 52.3245
      },
      {
        "Lines": "17",
        "Lon": 20.9426,
        "Time": "2017-05-14 12:18:05",
        "Brigade": "3",
        "Lat": 52.3242
      },
      {
        "Lines": "17",
        "Lon": 20.9426,
        "Time": "2017-05-14 12:18:26",
        "Brigade": "3",
        "Lat": 52.3242
      },
      {
        "Lines": "17",
        "Lon": 20.9426,
        "Time": "2017-05-14 12:18:47",
        "Brigade": "3",
        "Lat": 52.3242
      },
      {
        "Lines": "17",
        "Lon": 20.9426,
        "Time": "2017-05-14 12:19:08",
        "Brigade": "3",
        "Lat": 52.3242
      },
      {
        "Lines": "17",
        "Lon": 20.9426,
        "Time": "2017-05-14 12:19:28",
        "Brigade": "3",
        "Lat": 52.3242
      },
      {
        "Lines": "17",
        "Lon": 20.9426,
        "Time": "2017-05-14 12:19:49",
        "Brigade": "3",
        "Lat": 52.3242
      },
      {
        "Lines": "17",
        "Lon": 20.9426,
        "Time": "2017-05-14 12:20:10",
        "Brigade": "3",
        "Lat": 52.3242
      },
      {
        "Lines": "17",
        "Lon": 20.9426,
        "Time": "2017-05-14 12:20:31",
        "Brigade": "3",
        "Lat": 52.3242
      },
      {
        "Lines": "17",
        "Lon": 20.9426,
        "Time": "2017-05-14 12:20:52",
        "Brigade": "3",
        "Lat": 52.3242
      },
      {
        "Lines": "17",
        "Lon": 20.9426,
        "Time": "2017-05-14 12:21:13",
        "Brigade": "3",
        "Lat": 52.3242
      },
      {
        "Lines": "17",
        "Lon": 20.9426,
        "Time": "2017-05-14 12:21:34",
        "Brigade": "3",
        "Lat": 52.3242
      },
      {
        "Lines": "17",
        "Lon": 20.9426,
        "Time": "2017-05-14 12:21:55",
        "Brigade": "3",
        "Lat": 52.3242
      },
      {
        "Lines": "17",
        "Lon": 20.9426,
        "Time": "2017-05-14 12:22:16",
        "Brigade": "3",
        "Lat": 52.3242
      },
      {
        "Lines": "17",
        "Lon": 20.9426,
        "Time": "2017-05-14 12:22:37",
        "Brigade": "3",
        "Lat": 52.3242
      },
      {
        "Lines": "17",
        "Lon": 20.9426,
        "Time": "2017-05-14 12:22:58",
        "Brigade": "3",
        "Lat": 52.3242
      },
      {
        "Lines": "17",
        "Lon": 20.9426,
        "Time": "2017-05-14 12:23:19",
        "Brigade": "3",
        "Lat": 52.3242
      },
      {
        "Lines": "17",
        "Lon": 20.9426,
        "Time": "2017-05-14 12:23:39",
        "Brigade": "3",
        "Lat": 52.3242
      },
      {
        "Lines": "17",
        "Lon": 20.9426,
        "Time": "2017-05-14 12:24:01",
        "Brigade": "3",
        "Lat": 52.3242
      },
      {
        "Lines": "17",
        "Lon": 20.9426,
        "Time": "2017-05-14 12:24:21",
        "Brigade": "3",
        "Lat": 52.3242
      },
      {
        "Lines": "17",
        "Lon": 20.9426,
        "Time": "2017-05-14 12:24:43",
        "Brigade": "3",
        "Lat": 52.3242
      },
      {
        "Lines": "17",
        "Lon": 20.9426,
        "Time": "2017-05-14 12:25:03",
        "Brigade": "3",
        "Lat": 52.3242
      },
      {
        "Lines": "17",
        "Lon": 20.9426,
        "Time": "2017-05-14 12:25:24",
        "Brigade": "3",
        "Lat": 52.3242
      },
      {
        "Lines": "17",
        "Lon": 20.9426,
        "Time": "2017-05-14 12:25:45",
        "Brigade": "3",
        "Lat": 52.3242
      },
      {
        "Lines": "17",
        "Lon": 20.9426,
        "Time": "2017-05-14 12:26:06",
        "Brigade": "3",
        "Lat": 52.3242
      },
      {
        "Lines": "17",
        "Lon": 20.9426,
        "Time": "2017-05-14 12:26:28",
        "Brigade": "3",
        "Lat": 52.3242
      },
      {
        "Lines": "17",
        "Lon": 20.9426,
        "Time": "2017-05-14 12:26:48",
        "Brigade": "3",
        "Lat": 52.3242
      },
      {
        "Lines": "17",
        "Lon": 20.9426,
        "Time": "2017-05-14 12:27:09",
        "Brigade": "3",
        "Lat": 52.3242
      },
      {
        "Lines": "17",
        "Lon": 20.9426,
        "Time": "2017-05-14 12:27:30",
        "Brigade": "3",
        "Lat": 52.3242
      },
      {
        "Lines": "17",
        "Lon": 20.9426,
        "Time": "2017-05-14 12:27:50",
        "Brigade": "3",
        "Lat": 52.3242
      },
      {
        "Lines": "17",
        "Lon": 20.9426,
        "Time": "2017-05-14 12:28:11",
        "Brigade": "3",
        "Lat": 52.3242
      },
      {
        "Lines": "17",
        "Lon": 20.9426,
        "Time": "2017-05-14 12:28:32",
        "Brigade": "3",
        "Lat": 52.3242
      },
      {
        "Lines": "17",
        "Lon": 20.9426,
        "Time": "2017-05-14 12:28:53",
        "Brigade": "3",
        "Lat": 52.3242
      },
      {
        "Lines": "17",
        "Lon": 20.9426,
        "Time": "2017-05-14 12:29:14",
        "Brigade": "3",
        "Lat": 52.3242
      },
      {
        "Lines": "17",
        "Lon": 20.9426,
        "Time": "2017-05-14 12:29:35",
        "Brigade": "3",
        "Lat": 52.3242
      },
      {
        "Lines": "17",
        "Lon": 20.9426,
        "Time": "2017-05-14 12:29:56",
        "Brigade": "3",
        "Lat": 52.3242
      },
      {
        "Lines": "17",
        "Lon": 20.9426,
        "Time": "2017-05-14 12:31:20",
        "Brigade": "3",
        "Lat": 52.3242
      },
      {
        "Lines": "17",
        "Lon": 20.9426,
        "Time": "2017-05-14 12:31:41",
        "Brigade": "3",
        "Lat": 52.3242
      },
      {
        "Lines": "17",
        "Lon": 20.9426,
        "Time": "2017-05-14 12:32:02",
        "Brigade": "3",
        "Lat": 52.3242
      },
      {
        "Lines": "17",
        "Lon": 20.9426,
        "Time": "2017-05-14 12:32:23",
        "Brigade": "3",
        "Lat": 52.3242
      },
      {
        "Lines": "17",
        "Lon": 20.9427,
        "Time": "2017-05-14 12:32:43",
        "Brigade": "3",
        "Lat": 52.3238
      },
      {
        "Lines": "17",
        "Lon": 20.9428,
        "Time": "2017-05-14 12:33:04",
        "Brigade": "3",
        "Lat": 52.3236
      },
      {
        "Lines": "17",
        "Lon": 20.9432,
        "Time": "2017-05-14 12:33:25",
        "Brigade": "3",
        "Lat": 52.3231
      },
      {
        "Lines": "17",
        "Lon": 20.944,
        "Time": "2017-05-14 12:33:46",
        "Brigade": "3",
        "Lat": 52.3228
      },
      {
        "Lines": "17",
        "Lon": 20.9451,
        "Time": "2017-05-14 12:34:07",
        "Brigade": "3",
        "Lat": 52.3222
      },
      {
        "Lines": "17",
        "Lon": 20.9484,
        "Time": "2017-05-14 12:34:28",
        "Brigade": "3",
        "Lat": 52.3206
      },
      {
        "Lines": "17",
        "Lon": 20.9514,
        "Time": "2017-05-14 12:34:49",
        "Brigade": "3",
        "Lat": 52.3191
      },
      {
        "Lines": "17",
        "Lon": 20.9521,
        "Time": "2017-05-14 12:35:10",
        "Brigade": "3",
        "Lat": 52.3188
      },
      {
        "Lines": "17",
        "Lon": 20.9521,
        "Time": "2017-05-14 12:35:31",
        "Brigade": "3",
        "Lat": 52.3188
      },
      {
        "Lines": "17",
        "Lon": 20.9547,
        "Time": "2017-05-14 12:35:52",
        "Brigade": "3",
        "Lat": 52.3175
      },
      {
        "Lines": "17",
        "Lon": 20.9583,
        "Time": "2017-05-14 12:36:13",
        "Brigade": "3",
        "Lat": 52.3164
      },
      {
        "Lines": "17",
        "Lon": 20.9604,
        "Time": "2017-05-14 12:36:34",
        "Brigade": "3",
        "Lat": 52.3168
      },
      {
        "Lines": "17",
        "Lon": 20.9604,
        "Time": "2017-05-14 12:36:55",
        "Brigade": "3",
        "Lat": 52.3168
      },
      {
        "Lines": "17",
        "Lon": 20.9605,
        "Time": "2017-05-14 12:37:15",
        "Brigade": "3",
        "Lat": 52.3168
      },
      {
        "Lines": "17",
        "Lon": 20.9631,
        "Time": "2017-05-14 12:37:37",
        "Brigade": "3",
        "Lat": 52.3177
      },
      {
        "Lines": "17",
        "Lon": 20.9653,
        "Time": "2017-05-14 12:37:57",
        "Brigade": "3",
        "Lat": 52.3165
      },
      {
        "Lines": "17",
        "Lon": 20.9661,
        "Time": "2017-05-14 12:38:19",
        "Brigade": "3",
        "Lat": 52.316
      },
      {
        "Lines": "17",
        "Lon": 20.9673,
        "Time": "2017-05-14 12:38:39",
        "Brigade": "3",
        "Lat": 52.3152
      },
      {
        "Lines": "17",
        "Lon": 20.9667,
        "Time": "2017-05-14 12:39:00",
        "Brigade": "3",
        "Lat": 52.3136
      },
      {
        "Lines": "17",
        "Lon": 20.9655,
        "Time": "2017-05-14 12:39:21",
        "Brigade": "3",
        "Lat": 52.3131
      },
      {
        "Lines": "17",
        "Lon": 20.963,
        "Time": "2017-05-14 12:39:42",
        "Brigade": "3",
        "Lat": 52.3121
      },
      {
        "Lines": "17",
        "Lon": 20.9595,
        "Time": "2017-05-14 12:40:04",
        "Brigade": "3",
        "Lat": 52.3108
      },
      {
        "Lines": "17",
        "Lon": 20.9591,
        "Time": "2017-05-14 12:40:24",
        "Brigade": "3",
        "Lat": 52.3107
      },
      {
        "Lines": "17",
        "Lon": 20.956,
        "Time": "2017-05-14 12:40:45",
        "Brigade": "3",
        "Lat": 52.3091
      },
      {
        "Lines": "17",
        "Lon": 20.9524,
        "Time": "2017-05-14 12:41:06",
        "Brigade": "3",
        "Lat": 52.3074
      },
      {
        "Lines": "17",
        "Lon": 20.9489,
        "Time": "2017-05-14 12:41:27",
        "Brigade": "3",
        "Lat": 52.3057
      },
      {
        "Lines": "17",
        "Lon": 20.9452,
        "Time": "2017-05-14 12:41:50",
        "Brigade": "3",
        "Lat": 52.3041
      },
      {
        "Lines": "17",
        "Lon": 20.9419,
        "Time": "2017-05-14 12:42:08",
        "Brigade": "3",
        "Lat": 52.3028
      },
      {
        "Lines": "17",
        "Lon": 20.9406,
        "Time": "2017-05-14 12:42:29",
        "Brigade": "3",
        "Lat": 52.302
      },
      {
        "Lines": "17",
        "Lon": 20.942,
        "Time": "2017-05-14 12:43:13",
        "Brigade": "3",
        "Lat": 52.2988
      },
      {
        "Lines": "17",
        "Lon": 20.946,
        "Time": "2017-05-14 12:44:49",
        "Brigade": "3",
        "Lat": 52.2946
      },
      {
        "Lines": "17",
        "Lon": 20.9477,
        "Time": "2017-05-14 12:44:56",
        "Brigade": "3",
        "Lat": 52.2928
      },
      {
        "Lines": "17",
        "Lon": 20.95,
        "Time": "2017-05-14 12:45:17",
        "Brigade": "3",
        "Lat": 52.2903
      },
      {
        "Lines": "17",
        "Lon": 20.9504,
        "Time": "2017-05-14 12:45:38",
        "Brigade": "3",
        "Lat": 52.29
      },
      {
        "Lines": "17",
        "Lon": 20.9508,
        "Time": "2017-05-14 12:45:58",
        "Brigade": "3",
        "Lat": 52.2896
      },
      {
        "Lines": "17",
        "Lon": 20.9528,
        "Time": "2017-05-14 12:46:19",
        "Brigade": "3",
        "Lat": 52.2874
      },
      {
        "Lines": "17",
        "Lon": 20.9529,
        "Time": "2017-05-14 12:46:40",
        "Brigade": "3",
        "Lat": 52.2873
      },
      {
        "Lines": "17",
        "Lon": 20.9539,
        "Time": "2017-05-14 12:47:01",
        "Brigade": "3",
        "Lat": 52.2863
      },
      {
        "Lines": "17",
        "Lon": 20.9548,
        "Time": "2017-05-14 12:47:22",
        "Brigade": "3",
        "Lat": 52.2851
      },
      {
        "Lines": "17",
        "Lon": 20.9559,
        "Time": "2017-05-14 12:47:43",
        "Brigade": "3",
        "Lat": 52.284
      },
      {
        "Lines": "17",
        "Lon": 20.9565,
        "Time": "2017-05-14 12:48:04",
        "Brigade": "3",
        "Lat": 52.2833
      },
      {
        "Lines": "17",
        "Lon": 20.9576,
        "Time": "2017-05-14 12:48:25",
        "Brigade": "3",
        "Lat": 52.2821
      },
      {
        "Lines": "17",
        "Lon": 20.9591,
        "Time": "2017-05-14 12:48:46",
        "Brigade": "3",
        "Lat": 52.2805
      },
      {
        "Lines": "17",
        "Lon": 20.9593,
        "Time": "2017-05-14 12:49:07",
        "Brigade": "3",
        "Lat": 52.2804
      },
      {
        "Lines": "17",
        "Lon": 20.961,
        "Time": "2017-05-14 12:49:28",
        "Brigade": "3",
        "Lat": 52.2785
      },
      {
        "Lines": "17",
        "Lon": 20.9628,
        "Time": "2017-05-14 12:49:50",
        "Brigade": "3",
        "Lat": 52.2767
      },
      {
        "Lines": "17",
        "Lon": 20.964,
        "Time": "2017-05-14 12:50:10",
        "Brigade": "3",
        "Lat": 52.2756
      },
      {
        "Lines": "17",
        "Lon": 20.9645,
        "Time": "2017-05-14 12:50:31",
        "Brigade": "3",
        "Lat": 52.2751
      },
      {
        "Lines": "17",
        "Lon": 20.9665,
        "Time": "2017-05-14 12:50:51",
        "Brigade": "3",
        "Lat": 52.2739
      },
      {
        "Lines": "17",
        "Lon": 20.9674,
        "Time": "2017-05-14 12:51:13",
        "Brigade": "3",
        "Lat": 52.2734
      },
      {
        "Lines": "17",
        "Lon": 20.9682,
        "Time": "2017-05-14 12:51:33",
        "Brigade": "3",
        "Lat": 52.2731
      },
      {
        "Lines": "17",
        "Lon": 20.9706,
        "Time": "2017-05-14 12:51:55",
        "Brigade": "3",
        "Lat": 52.2724
      },
      {
        "Lines": "17",
        "Lon": 20.9721,
        "Time": "2017-05-14 12:52:15",
        "Brigade": "3",
        "Lat": 52.2721
      },
      {
        "Lines": "17",
        "Lon": 20.9733,
        "Time": "2017-05-14 12:52:36",
        "Brigade": "3",
        "Lat": 52.2718
      },
      {
        "Lines": "17",
        "Lon": 20.9733,
        "Time": "2017-05-14 12:52:57",
        "Brigade": "3",
        "Lat": 52.2718
      },
      {
        "Lines": "17",
        "Lon": 20.9733,
        "Time": "2017-05-14 12:53:18",
        "Brigade": "3",
        "Lat": 52.2718
      },
      {
        "Lines": "17",
        "Lon": 20.9738,
        "Time": "2017-05-14 12:53:39",
        "Brigade": "3",
        "Lat": 52.2713
      },
      {
        "Lines": "17",
        "Lon": 20.9753,
        "Time": "2017-05-14 12:54:00",
        "Brigade": "3",
        "Lat": 52.2691
      },
      {
        "Lines": "17",
        "Lon": 20.9767,
        "Time": "2017-05-14 12:54:21",
        "Brigade": "3",
        "Lat": 52.267
      },
      {
        "Lines": "17",
        "Lon": 20.9769,
        "Time": "2017-05-14 12:54:42",
        "Brigade": "3",
        "Lat": 52.2667
      },
      {
        "Lines": "17",
        "Lon": 20.9769,
        "Time": "2017-05-14 12:55:03",
        "Brigade": "3",
        "Lat": 52.2667
      },
      {
        "Lines": "17",
        "Lon": 20.977,
        "Time": "2017-05-14 12:55:23",
        "Brigade": "3",
        "Lat": 52.2665
      },
      {
        "Lines": "17",
        "Lon": 20.9784,
        "Time": "2017-05-14 12:55:44",
        "Brigade": "3",
        "Lat": 52.2644
      },
      {
        "Lines": "17",
        "Lon": 20.9795,
        "Time": "2017-05-14 12:56:05",
        "Brigade": "3",
        "Lat": 52.2628
      },
      {
        "Lines": "17",
        "Lon": 20.9795,
        "Time": "2017-05-14 12:56:26",
        "Brigade": "3",
        "Lat": 52.2628
      },
      {
        "Lines": "17",
        "Lon": 20.9802,
        "Time": "2017-05-14 12:56:47",
        "Brigade": "3",
        "Lat": 52.2618
      },
      {
        "Lines": "17",
        "Lon": 20.9809,
        "Time": "2017-05-14 12:57:08",
        "Brigade": "3",
        "Lat": 52.2599
      },
      {
        "Lines": "17",
        "Lon": 20.9815,
        "Time": "2017-05-14 12:57:29",
        "Brigade": "3",
        "Lat": 52.2572
      },
      {
        "Lines": "17",
        "Lon": 20.9822,
        "Time": "2017-05-14 12:57:50",
        "Brigade": "3",
        "Lat": 52.2554
      },
      {
        "Lines": "17",
        "Lon": 20.9822,
        "Time": "2017-05-14 12:58:11",
        "Brigade": "3",
        "Lat": 52.2554
      },
      {
        "Lines": "17",
        "Lon": 20.9822,
        "Time": "2017-05-14 12:58:32",
        "Brigade": "3",
        "Lat": 52.2554
      },
      {
        "Lines": "17",
        "Lon": 20.9822,
        "Time": "2017-05-14 12:58:53",
        "Brigade": "3",
        "Lat": 52.2554
      },
      {
        "Lines": "17",
        "Lon": 20.9824,
        "Time": "2017-05-14 12:59:13",
        "Brigade": "3",
        "Lat": 52.2549
      },
      {
        "Lines": "17",
        "Lon": 20.9827,
        "Time": "2017-05-14 12:59:35",
        "Brigade": "3",
        "Lat": 52.2544
      },
      {
        "Lines": "17",
        "Lon": 20.9834,
        "Time": "2017-05-14 12:59:55",
        "Brigade": "3",
        "Lat": 52.2536
      },
      {
        "Lines": "17",
        "Lon": 20.9835,
        "Time": "2017-05-14 13:00:16",
        "Brigade": "3",
        "Lat": 52.2535
      },
      {
        "Lines": "17",
        "Lon": 20.984,
        "Time": "2017-05-14 13:00:37",
        "Brigade": "3",
        "Lat": 52.2529
      },
      {
        "Lines": "17",
        "Lon": 20.9854,
        "Time": "2017-05-14 13:00:58",
        "Brigade": "3",
        "Lat": 52.2513
      },
      {
        "Lines": "17",
        "Lon": 20.9854,
        "Time": "2017-05-14 13:01:19",
        "Brigade": "3",
        "Lat": 52.2512
      },
      {
        "Lines": "17",
        "Lon": 20.986,
        "Time": "2017-05-14 13:01:40",
        "Brigade": "3",
        "Lat": 52.2506
      },
      {
        "Lines": "17",
        "Lon": 20.9875,
        "Time": "2017-05-14 13:02:01",
        "Brigade": "3",
        "Lat": 52.2489
      },
      {
        "Lines": "17",
        "Lon": 20.9886,
        "Time": "2017-05-14 13:02:22",
        "Brigade": "3",
        "Lat": 52.2476
      },
      {
        "Lines": "17",
        "Lon": 20.9886,
        "Time": "2017-05-14 13:02:43",
        "Brigade": "3",
        "Lat": 52.2476
      },
      {
        "Lines": "17",
        "Lon": 20.9886,
        "Time": "2017-05-14 13:03:04",
        "Brigade": "3",
        "Lat": 52.2476
      },
      {
        "Lines": "17",
        "Lon": 20.9891,
        "Time": "2017-05-14 13:03:25",
        "Brigade": "3",
        "Lat": 52.247
      },
      {
        "Lines": "17",
        "Lon": 20.9908,
        "Time": "2017-05-14 13:03:46",
        "Brigade": "3",
        "Lat": 52.245
      },
      {
        "Lines": "17",
        "Lon": 20.9918,
        "Time": "2017-05-14 13:04:07",
        "Brigade": "3",
        "Lat": 52.244
      },
      {
        "Lines": "17",
        "Lon": 20.9918,
        "Time": "2017-05-14 13:04:27",
        "Brigade": "3",
        "Lat": 52.2439
      },
      {
        "Lines": "17",
        "Lon": 20.9927,
        "Time": "2017-05-14 13:04:49",
        "Brigade": "3",
        "Lat": 52.2429
      },
      {
        "Lines": "17",
        "Lon": 20.9933,
        "Time": "2017-05-14 13:05:09",
        "Brigade": "3",
        "Lat": 52.2421
      },
      {
        "Lines": "17",
        "Lon": 20.9933,
        "Time": "2017-05-14 13:05:31",
        "Brigade": "3",
        "Lat": 52.2421
      },
      {
        "Lines": "17",
        "Lon": 20.9933,
        "Time": "2017-05-14 13:05:51",
        "Brigade": "3",
        "Lat": 52.2421
      },
      {
        "Lines": "17",
        "Lon": 20.9933,
        "Time": "2017-05-14 13:06:12",
        "Brigade": "3",
        "Lat": 52.2421
      },
      {
        "Lines": "17",
        "Lon": 20.9933,
        "Time": "2017-05-14 13:06:33",
        "Brigade": "3",
        "Lat": 52.2421
      },
      {
        "Lines": "17",
        "Lon": 20.9936,
        "Time": "2017-05-14 13:06:54",
        "Brigade": "3",
        "Lat": 52.2418
      },
      {
        "Lines": "17",
        "Lon": 20.9945,
        "Time": "2017-05-14 13:07:15",
        "Brigade": "3",
        "Lat": 52.2408
      },
      {
        "Lines": "17",
        "Lon": 20.9959,
        "Time": "2017-05-14 13:07:36",
        "Brigade": "3",
        "Lat": 52.2388
      },
      {
        "Lines": "17",
        "Lon": 20.996,
        "Time": "2017-05-14 13:07:57",
        "Brigade": "3",
        "Lat": 52.2386
      },
      {
        "Lines": "17",
        "Lon": 20.996,
        "Time": "2017-05-14 13:08:18",
        "Brigade": "3",
        "Lat": 52.2386
      },
      {
        "Lines": "17",
        "Lon": 20.996,
        "Time": "2017-05-14 13:08:38",
        "Brigade": "3",
        "Lat": 52.2386
      },
      {
        "Lines": "17",
        "Lon": 20.996,
        "Time": "2017-05-14 13:08:59",
        "Brigade": "3",
        "Lat": 52.2386
      },
      {
        "Lines": "17",
        "Lon": 20.996,
        "Time": "2017-05-14 13:09:20",
        "Brigade": "3",
        "Lat": 52.2386
      },
      {
        "Lines": "17",
        "Lon": 20.996,
        "Time": "2017-05-14 13:09:41",
        "Brigade": "3",
        "Lat": 52.2386
      },
      {
        "Lines": "17",
        "Lon": 20.9962,
        "Time": "2017-05-14 13:11:54",
        "Brigade": "3",
        "Lat": 52.2382
      },
      {
        "Lines": "17",
        "Lon": 20.9962,
        "Time": "2017-05-14 13:12:15",
        "Brigade": "3",
        "Lat": 52.2381
      },
      {
        "Lines": "17",
        "Lon": 20.9962,
        "Time": "2017-05-14 13:12:36",
        "Brigade": "3",
        "Lat": 52.2381
      },
      {
        "Lines": "17",
        "Lon": 20.9962,
        "Time": "2017-05-14 13:12:57",
        "Brigade": "3",
        "Lat": 52.2381
      },
      {
        "Lines": "17",
        "Lon": 20.9968,
        "Time": "2017-05-14 13:13:18",
        "Brigade": "3",
        "Lat": 52.2366
      },
      {
        "Lines": "17",
        "Lon": 20.9968,
        "Time": "2017-05-14 13:13:39",
        "Brigade": "3",
        "Lat": 52.2365
      },
      {
        "Lines": "17",
        "Lon": 20.9968,
        "Time": "2017-05-14 13:14:00",
        "Brigade": "3",
        "Lat": 52.2365
      },
      {
        "Lines": "17",
        "Lon": 20.9974,
        "Time": "2017-05-14 13:14:20",
        "Brigade": "3",
        "Lat": 52.2351
      },
      {
        "Lines": "17",
        "Lon": 20.9978,
        "Time": "2017-05-14 13:14:41",
        "Brigade": "3",
        "Lat": 52.2337
      },
      {
        "Lines": "17",
        "Lon": 20.9978,
        "Time": "2017-05-14 13:15:02",
        "Brigade": "3",
        "Lat": 52.2337
      },
      {
        "Lines": "17",
        "Lon": 20.9982,
        "Time": "2017-05-14 13:15:23",
        "Brigade": "3",
        "Lat": 52.233
      },
      {
        "Lines": "17",
        "Lon": 20.9986,
        "Time": "2017-05-14 13:15:44",
        "Brigade": "3",
        "Lat": 52.2322
      },
      {
        "Lines": "17",
        "Lon": 20.9986,
        "Time": "2017-05-14 13:16:05",
        "Brigade": "3",
        "Lat": 52.2322
      },
      {
        "Lines": "17",
        "Lon": 20.9987,
        "Time": "2017-05-14 13:16:26",
        "Brigade": "3",
        "Lat": 52.2322
      },
      {
        "Lines": "17",
        "Lon": 21.0002,
        "Time": "2017-05-14 13:16:54",
        "Brigade": "3",
        "Lat": 52.2302
      },
      {
        "Lines": "17",
        "Lon": 21.0015,
        "Time": "2017-05-14 13:17:09",
        "Brigade": "3",
        "Lat": 52.2282
      },
      {
        "Lines": "17",
        "Lon": 21.0016,
        "Time": "2017-05-14 13:17:28",
        "Brigade": "3",
        "Lat": 52.2281
      },
      {
        "Lines": "17",
        "Lon": 21.0016,
        "Time": "2017-05-14 13:17:49",
        "Brigade": "3",
        "Lat": 52.2281
      },
      {
        "Lines": "17",
        "Lon": 21.0016,
        "Time": "2017-05-14 13:18:11",
        "Brigade": "3",
        "Lat": 52.2281
      },
      {
        "Lines": "17",
        "Lon": 21.0016,
        "Time": "2017-05-14 13:18:31",
        "Brigade": "3",
        "Lat": 52.2281
      },
      {
        "Lines": "17",
        "Lon": 21.0016,
        "Time": "2017-05-14 13:18:52",
        "Brigade": "3",
        "Lat": 52.2281
      },
      {
        "Lines": "17",
        "Lon": 21.0016,
        "Time": "2017-05-14 13:19:13",
        "Brigade": "3",
        "Lat": 52.2281
      },
      {
        "Lines": "17",
        "Lon": 21.0016,
        "Time": "2017-05-14 13:19:34",
        "Brigade": "3",
        "Lat": 52.2281
      },
      {
        "Lines": "17",
        "Lon": 21.0016,
        "Time": "2017-05-14 13:19:55",
        "Brigade": "3",
        "Lat": 52.2281
      },
      {
        "Lines": "17",
        "Lon": 21.0016,
        "Time": "2017-05-14 13:20:16",
        "Brigade": "3",
        "Lat": 52.2281
      },
      {
        "Lines": "17",
        "Lon": 21.0016,
        "Time": "2017-05-14 13:20:37",
        "Brigade": "3",
        "Lat": 52.2281
      },
      {
        "Lines": "17",
        "Lon": 21.0016,
        "Time": "2017-05-14 13:20:58",
        "Brigade": "3",
        "Lat": 52.2281
      },
      {
        "Lines": "17",
        "Lon": 21.0016,
        "Time": "2017-05-14 13:21:18",
        "Brigade": "3",
        "Lat": 52.2281
      },
      {
        "Lines": "17",
        "Lon": 21.0016,
        "Time": "2017-05-14 13:21:39",
        "Brigade": "3",
        "Lat": 52.2281
      },
      {
        "Lines": "17",
        "Lon": 21.0016,
        "Time": "2017-05-14 13:22:00",
        "Brigade": "3",
        "Lat": 52.2281
      },
      {
        "Lines": "17",
        "Lon": 21.0016,
        "Time": "2017-05-14 13:22:21",
        "Brigade": "3",
        "Lat": 52.2281
      },
      {
        "Lines": "17",
        "Lon": 21.0016,
        "Time": "2017-05-14 13:22:42",
        "Brigade": "3",
        "Lat": 52.2281
      },
      {
        "Lines": "17",
        "Lon": 21.0016,
        "Time": "2017-05-14 13:23:03",
        "Brigade": "3",
        "Lat": 52.2281
      },
      {
        "Lines": "17",
        "Lon": 21.0016,
        "Time": "2017-05-14 13:23:24",
        "Brigade": "3",
        "Lat": 52.2281
      },
      {
        "Lines": "17",
        "Lon": 21.0016,
        "Time": "2017-05-14 13:23:45",
        "Brigade": "3",
        "Lat": 52.2281
      },
      {
        "Lines": "17",
        "Lon": 21.0023,
        "Time": "2017-05-14 13:24:06",
        "Brigade": "3",
        "Lat": 52.2271
      },
      {
        "Lines": "17",
        "Lon": 21.0037,
        "Time": "2017-05-14 13:24:27",
        "Brigade": "3",
        "Lat": 52.2247
      },
      {
        "Lines": "17",
        "Lon": 21.0044,
        "Time": "2017-05-14 13:24:48",
        "Brigade": "3",
        "Lat": 52.2236
      },
      {
        "Lines": "17",
        "Lon": 21.0047,
        "Time": "2017-05-14 13:25:09",
        "Brigade": "3",
        "Lat": 52.2226
      },
      {
        "Lines": "17",
        "Lon": 21.0048,
        "Time": "2017-05-14 13:25:30",
        "Brigade": "3",
        "Lat": 52.2208
      },
      {
        "Lines": "17",
        "Lon": 21.0048,
        "Time": "2017-05-14 13:25:50",
        "Brigade": "3",
        "Lat": 52.2206
      },
      {
        "Lines": "17",
        "Lon": 21.0048,
        "Time": "2017-05-14 13:26:11",
        "Brigade": "3",
        "Lat": 52.2206
      },
      {
        "Lines": "17",
        "Lon": 21.0049,
        "Time": "2017-05-14 13:26:32",
        "Brigade": "3",
        "Lat": 52.2203
      },
      {
        "Lines": "17",
        "Lon": 21.005,
        "Time": "2017-05-14 13:26:53",
        "Brigade": "3",
        "Lat": 52.2194
      },
      {
        "Lines": "17",
        "Lon": 21.005,
        "Time": "2017-05-14 13:27:15",
        "Brigade": "3",
        "Lat": 52.2178
      },
      {
        "Lines": "17",
        "Lon": 21.005,
        "Time": "2017-05-14 13:27:35",
        "Brigade": "3",
        "Lat": 52.2176
      },
      {
        "Lines": "17",
        "Lon": 21.005,
        "Time": "2017-05-14 13:27:56",
        "Brigade": "3",
        "Lat": 52.2176
      },
      {
        "Lines": "17",
        "Lon": 21.0051,
        "Time": "2017-05-14 13:28:17",
        "Brigade": "3",
        "Lat": 52.2171
      },
      {
        "Lines": "17",
        "Lon": 21.0053,
        "Time": "2017-05-14 13:28:38",
        "Brigade": "3",
        "Lat": 52.2162
      },
      {
        "Lines": "17",
        "Lon": 21.0055,
        "Time": "2017-05-14 13:28:58",
        "Brigade": "3",
        "Lat": 52.2155
      },
      {
        "Lines": "17",
        "Lon": 21.0063,
        "Time": "2017-05-14 13:29:23",
        "Brigade": "3",
        "Lat": 52.2131
      },
      {
        "Lines": "17",
        "Lon": 21.0069,
        "Time": "2017-05-14 13:29:41",
        "Brigade": "3",
        "Lat": 52.211
      },
      {
        "Lines": "17",
        "Lon": 21.007,
        "Time": "2017-05-14 13:30:01",
        "Brigade": "3",
        "Lat": 52.2108
      },
      {
        "Lines": "17",
        "Lon": 21.007,
        "Time": "2017-05-14 13:30:22",
        "Brigade": "3",
        "Lat": 52.2108
      },
      {
        "Lines": "17",
        "Lon": 21.0076,
        "Time": "2017-05-14 13:30:43",
        "Brigade": "3",
        "Lat": 52.2091
      },
      {
        "Lines": "17",
        "Lon": 21.008,
        "Time": "2017-05-14 13:31:04",
        "Brigade": "3",
        "Lat": 52.208
      },
      {
        "Lines": "17",
        "Lon": 21.008,
        "Time": "2017-05-14 13:31:25",
        "Brigade": "3",
        "Lat": 52.208
      },
      {
        "Lines": "17",
        "Lon": 21.0069,
        "Time": "2017-05-14 13:31:46",
        "Brigade": "3",
        "Lat": 52.2074
      },
      {
        "Lines": "17",
        "Lon": 21.004,
        "Time": "2017-05-14 13:32:07",
        "Brigade": "3",
        "Lat": 52.2069
      },
      {
        "Lines": "17",
        "Lon": 21.0027,
        "Time": "2017-05-14 13:32:35",
        "Brigade": "3",
        "Lat": 52.2066
      },
      {
        "Lines": "17",
        "Lon": 21.0009,
        "Time": "2017-05-14 13:32:48",
        "Brigade": "3",
        "Lat": 52.2064
      },
      {
        "Lines": "17",
        "Lon": 20.9996,
        "Time": "2017-05-14 13:33:09",
        "Brigade": "3",
        "Lat": 52.2061
      },
      {
        "Lines": "17",
        "Lon": 20.9996,
        "Time": "2017-05-14 13:33:30",
        "Brigade": "3",
        "Lat": 52.2061
      },
      {
        "Lines": "17",
        "Lon": 20.9993,
        "Time": "2017-05-14 13:33:52",
        "Brigade": "3",
        "Lat": 52.2059
      },
      {
        "Lines": "17",
        "Lon": 20.9995,
        "Time": "2017-05-14 13:34:12",
        "Brigade": "3",
        "Lat": 52.2047
      },
      {
        "Lines": "17",
        "Lon": 21.0002,
        "Time": "2017-05-14 13:34:33",
        "Brigade": "3",
        "Lat": 52.2025
      },
      {
        "Lines": "17",
        "Lon": 21.0004,
        "Time": "2017-05-14 13:34:54",
        "Brigade": "3",
        "Lat": 52.2019
      },
      {
        "Lines": "17",
        "Lon": 21.0005,
        "Time": "2017-05-14 13:35:15",
        "Brigade": "3",
        "Lat": 52.2015
      },
      {
        "Lines": "17",
        "Lon": 21.001,
        "Time": "2017-05-14 13:35:36",
        "Brigade": "3",
        "Lat": 52.1996
      },
      {
        "Lines": "17",
        "Lon": 21.0014,
        "Time": "2017-05-14 13:35:57",
        "Brigade": "3",
        "Lat": 52.1982
      },
      {
        "Lines": "17",
        "Lon": 21.0018,
        "Time": "2017-05-14 13:36:18",
        "Brigade": "3",
        "Lat": 52.1963
      },
      {
        "Lines": "17",
        "Lon": 21.0018,
        "Time": "2017-05-14 13:36:39",
        "Brigade": "3",
        "Lat": 52.196
      },
      {
        "Lines": "17",
        "Lon": 21.0018,
        "Time": "2017-05-14 13:36:59",
        "Brigade": "3",
        "Lat": 52.196
      },
      {
        "Lines": "17",
        "Lon": 21.0018,
        "Time": "2017-05-14 13:37:20",
        "Brigade": "3",
        "Lat": 52.1945
      },
      {
        "Lines": "17",
        "Lon": 21.0018,
        "Time": "2017-05-14 13:37:41",
        "Brigade": "3",
        "Lat": 52.1922
      },
      {
        "Lines": "17",
        "Lon": 21.0019,
        "Time": "2017-05-14 13:38:02",
        "Brigade": "3",
        "Lat": 52.1905
      },
      {
        "Lines": "17",
        "Lon": 21.002,
        "Time": "2017-05-14 13:38:24",
        "Brigade": "3",
        "Lat": 52.1893
      },
      {
        "Lines": "17",
        "Lon": 21.002,
        "Time": "2017-05-14 13:38:44",
        "Brigade": "3",
        "Lat": 52.1893
      },
      {
        "Lines": "17",
        "Lon": 21.0024,
        "Time": "2017-05-14 13:39:07",
        "Brigade": "3",
        "Lat": 52.1888
      }
    ]
  }
]
